iso,unix,lat,lon,alt_msl,rel_alt,roll,pitch,yaw,heading,vx,vy,vz,vbatt,batt_pct,mode,armed,in_air
2026-08-12T03:07:52,1786478873,13.822494,100.512277,15.9,-0.05,0.3,0.1,88.6,88.6,0.0,0.0,0.0,16.2,100,AUTO.LOITER,0,0
2026-08-12T03:07:53,1786478874,13.822494,100.512277,15.9,-0.04,0.3,0.1,88.6,88.6,0.0,0.0,-0.01,16.2,100,AUTO.LOITER,0,0
2026-08-12T03:07:54,1786478875,13.822494,100.512277,15.9,-0.04,0.3,0.1,88.6,88.6,0.0,0.0,-0.01,16.2,100,AUTO.LOITER,0,0
2026-08-12T03:07:55,1786478876,13.822494,100.512277,15.9,-0.04,0.3,0.1,88.6,88.6,0.0,0.0,-0.01,16.2,100,AUTO.LOITER,0,0
2026-08-12T03:07:56,1786478877,13.822494,100.512277,15.9,-0.04,0.3,0.1,88.6,88.6,0.0,0.0,-0.01,16.2,100,AUTO.LOITER,0,0
2026-08-12T03:07:57,1786478878,13.822494,100.512277,15.9,-0.04,0.3,0.1,88.6,88.6,0.0,0.0,-0.01,16.2,100,AUTO.LOITER,0,0
2026-08-12T03:07:58,1786478879,13.822494,100.512277,15.9,-0.04,0.3,0.1,88.6,88.6,0.0,0.0,-0.01,16.2,100,AUTO.LOITER,0,0
2026-08-12T03:07:59,1786478880,13.822494,100.512277,15.9,-0.02,0.3,0.1,88.6,88.6,-0.01,0.0,-0.03,16.2,100,AUTO.LOITER,0,0
2026-08-12T03:08:00,1786478881,13.822494,100.512277,15.9,-0.02,0.3,0.1,88.6,88.6,-0.01,0.0,-0.03,16.2,100,AUTO.LOITER,0,0
2026-08-12T03:08:01,1786478882,13.822494,100.512277,15.9,-0.02,0.3,0.1,88.6,88.6,0.0,0.01,-0.03,16.2,100,AUTO.LOITER,0,0
2026-08-12T03:08:02,1786478883,13.822494,100.512277,15.7,-0.02,0.3,0.1,88.6,88.6,0.0,0.01,-0.03,16.2,100,AUTO.LOITER,0,0
2026-08-12T03:08:03,1786478884,13.822494,100.512277,15.9,-0.02,0.3,0.2,88.5,88.5,0.0,0.01,-0.03,16.2,100,AUTO.LOITER,0,0
2026-08-12T03:08:04,1786478885,13.822494,100.512277,15.9,-0.03,0.3,0.2,88.6,88.6,0.01,0.0,-0.02,16.2,100,AUTO.LOITER,0,0
2026-08-12T03:08:05,1786478886,13.822494,100.512277,15.9,-0.03,0.3,0.2,88.5,88.5,0.01,0.0,-0.02,16.2,100,AUTO.LOITER,0,0
2026-08-12T03:08:06,1786478887,13.822494,100.512277,15.9,-0.03,0.3,0.2,88.6,88.6,0.01,0.0,-0.02,16.2,100,AUTO.LOITER,0,0
2026-08-12T03:08:07,1786478888,13.822494,100.512277,15.9,-0.04,0.3,0.2,88.6,88.6,0.0,0.0,0.0,16.2,100,AUTO.LOITER,0,0
2026-08-12T03:08:08,1786478889,13.822494,100.512277,15.9,-0.05,0.3,0.2,88.5,88.5,0.01,0.0,0.0,16.2,100,AUTO.LOITER,0,0
2026-08-12T03:08:09,1786478890,13.822494,100.512277,15.9,-0.05,0.3,0.2,88.5,88.5,0.01,0.0,0.0,16.2,100,AUTO.LOITER,0,0
2026-08-12T03:08:10,1786478891,13.822494,100.512277,15.8,-0.06,0.3,0.2,88.5,88.5,0.02,0.0,0.01,16.2,100,AUTO.LOITER,0,0
2026-08-12T03:08:11,1786478892,13.822494,100.512277,15.8,-0.06,0.3,0.2,88.5,88.5,0.01,0.01,0.01,16.2,100,AUTO.LOITER,0,0
2026-08-12T03:08:12,1786478893,13.822494,100.512277,15.8,-0.06,0.4,0.3,88.6,88.6,0.01,0.0,0.0,16.2,100,AUTO.LOITER,0,0
2026-08-12T03:08:13,1786478894,13.822494,100.512277,15.8,-0.06,0.4,0.3,88.6,88.6,0.01,0.0,0.0,16.2,100,AUTO.LOITER,0,0
2026-08-12T03:08:14,1786478895,13.822494,100.512277,15.9,-0.06,0.4,0.3,88.6,88.6,0.01,0.0,0.0,16.2,100,AUTO.LOITER,0,0
2026-08-12T03:08:15,1786478896,13.822494,100.512277,15.9,-0.05,0.4,0.3,88.6,88.6,0.0,0.0,0.0,16.2,100,AUTO.LOITER,0,0
2026-08-12T03:08:16,1786478897,13.822494,100.512277,15.7,-0.05,0.4,0.3,88.6,88.6,0.0,0.0,0.0,16.2,100,AUTO.LOITER,0,0
2026-08-12T03:08:17,1786478898,13.822494,100.512277,15.9,-0.05,0.4,0.3,88.6,88.6,0.0,0.01,0.0,16.2,100,AUTO.LOITER,0,0
2026-08-12T03:08:18,1786478899,13.822494,100.512277,15.7,-0.05,0.4,0.4,88.6,88.6,0.0,0.01,0.0,16.2,100,AUTO.LOITER,0,0
2026-08-12T03:08:19,1786478900,13.822494,100.512277,15.9,-0.06,0.4,0.4,88.6,88.6,-0.01,0.01,0.0,16.2,100,AUTO.LOITER,0,0
2026-08-12T03:08:20,1786478901,13.822494,100.512277,15.9,-0.06,0.4,0.4,88.6,88.6,-0.01,0.01,0.0,16.2,100,0,0,0
2026-08-12T03:08:21,1786478902,13.822494,100.512277,15.9,-0.06,0.4,0.4,88.7,88.7,-0.01,0.0,0.01,16.2,100,0,0,0
2026-08-12T03:08:22,1786478903,13.822494,100.512277,15.9,-0.06,0.4,0.5,88.7,88.7,0.0,-0.02,0.0,16.2,100,AUTO.LOITER,0,0
2026-08-12T03:08:23,1786478904,13.822494,100.512277,15.9,-0.06,0.4,0.5,88.7,88.7,0.0,-0.02,0.0,16.2,100,0,0,0
2026-08-12T03:08:24,1786478905,13.822494,100.512277,15.9,0.0,0.4,0.4,88.7,88.7,0.0,-0.03,0.01,16.2,100,AUTO.LOITER,1,0
2026-08-12T03:08:25,1786478906,13.822494,100.512277,15.8,-0.0,0.4,0.4,88.7,88.7,0.0,-0.04,0.01,16.2,100,AUTO.TAKEOFF,1,0
2026-08-12T03:08:26,1786478907,13.822494,100.512277,15.8,-0.0,0.4,0.4,88.7,88.7,0.0,-0.04,0.01,16.2,100,0,0,0
2026-08-12T03:08:27,1786478908,13.822494,100.512277,15.9,0.1,0.4,0.4,88.8,88.8,-0.01,-0.05,0.0,16.2,100,AUTO.TAKEOFF,1,1
2026-08-12T03:08:28,1786478909,13.822494,100.512277,16.1,0.28,0.4,0.3,88.8,88.8,0.0,-0.04,-0.03,16.2,100,AUTO.TAKEOFF,1,1
2026-08-12T03:08:29,1786478910,13.822494,100.512278,16.3,0.48,-0.3,-1.7,88.8,88.8,0.06,0.18,-0.55,16.2,100,AUTO.TAKEOFF,1,1
2026-08-12T03:08:30,1786478911,13.822494,100.512278,16.5,0.48,0.7,2.3,90.8,90.8,0.06,0.18,-0.55,16.2,100,AUTO.TAKEOFF,1,1
2026-08-12T03:08:31,1786478912,13.822494,100.512278,17.1,1.25,0.4,0.5,88.3,88.3,-0.04,-0.16,-0.76,16.2,100,0,0,1
2026-08-12T03:08:32,1786478913,13.822494,100.512277,17.8,1.96,0.6,0.7,88.1,88.1,0.0,-0.03,-0.65,16.2,100,AUTO.TAKEOFF,1,1
2026-08-12T03:08:33,1786478914,13.822494,100.512277,18.1,2.25,0.4,1.1,88.2,88.2,-0.01,0.0,0.2,16.19,100,AUTO.LOITER,1,1
2026-08-12T03:08:34,1786478915,13.822495,100.512273,18.1,2.29,-2.1,10.7,86.7,86.7,0.22,-1.23,-0.13,16.19,100,AUTO.LOITER,1,1
2026-08-12T03:08:35,1786478916,13.822495,100.512273,18.1,2.29,-5.1,0.3,50.7,50.7,0.22,-1.23,-0.13,16.19,100,AUTO.LOITER,1,1
2026-08-12T03:08:36,1786478917,13.822495,100.512273,18.1,2.29,-5.1,0.3,50.7,50.7,0.22,-1.23,-0.13,16.19,100,0,0,1
2026-08-12T03:08:37,1786478918,13.822495,100.512273,18.1,2.29,1.1,3.1,10.5,10.5,0.22,-1.23,-0.13,16.19,100,0,0,1
2026-08-12T03:08:38,1786478919,13.822504,100.512215,18.9,3.08,-3.9,-8.7,-11.4,348.6,0.13,-1.19,-0.13,16.19,100,AUTO.LOITER,1,1
2026-08-12T03:08:39,1786478920,13.822509,100.512203,19.1,3.2,-10.1,-9.3,-25.2,334.8,1.08,-1.67,-0.12,16.19,100,AUTO.LOITER,1,1
2026-08-12T03:08:40,1786478921,13.822522,100.512179,19.1,3.29,1.3,1.2,-51.2,308.8,1.51,-2.65,-0.05,16.19,100,AUTO.LOITER,1,1
2026-08-12T03:08:41,1786478922,13.822534,100.512157,19.2,3.39,-0.5,1.2,-66.2,293.8,1.49,-2.58,-0.02,16.19,100,0,0,1
2026-08-12T03:08:42,1786478923,13.822545,100.512139,19.3,3.46,-1.2,5.6,-65.0,295.0,0.92,-1.61,0.02,16.19,100,0,0,1
2026-08-12T03:08:43,1786478924,13.822545,100.512139,19.3,3.46,-1.1,2.4,-58.8,301.2,0.92,-1.61,0.02,16.19,100,0,0,1
2026-08-12T03:08:44,1786478925,13.822545,100.512139,19.3,3.46,2.5,3.5,-59.4,300.6,0.92,-1.61,0.02,16.19,100,0,0,1
2026-08-12T03:08:45,1786478926,13.822556,100.512125,19.1,3.46,2.5,3.5,-59.4,300.6,0.92,-1.61,0.02,16.19,100,AUTO.LOITER,1,1
2026-08-12T03:08:46,1786478927,13.822573,100.512132,19.1,3.46,8.0,-11.1,-39.2,320.8,0.92,-1.61,0.02,16.19,100,AUTO.LOITER,1,1
2026-08-12T03:08:47,1786478928,13.822598,100.512139,19.1,3.46,-0.0,-2.5,9.8,9.8,0.92,-1.61,0.02,16.19,100,0,0,1
2026-08-12T03:08:48,1786478929,13.822626,100.512148,19.4,3.54,-2.3,5.8,18.2,18.2,2.04,0.64,0.05,16.18,100,0,0,1
2026-08-12T03:08:49,1786478930,13.822626,100.512148,19.4,3.54,-0.6,4.8,20.3,20.3,2.04,0.64,0.05,16.18,100,0,0,1
2026-08-12T03:08:50,1786478931,13.82264,100.512152,19.4,3.55,-9.8,11.3,12.9,12.9,1.13,0.36,0.05,16.18,100,0,0,1
2026-08-12T03:08:51,1786478932,13.822645,100.512151,19.4,3.59,-8.3,9.0,8.9,8.9,-0.14,-0.95,0.05,16.18,100,0,0,1
2026-08-12T03:08:52,1786478933,13.82264,100.512134,19.5,3.66,-11.2,-5.5,-16.5,343.5,-0.71,-2.6,0.0,16.18,100,0,0,1
2026-08-12T03:08:53,1786478934,13.822636,100.512107,19.6,3.72,-1.0,-0.3,-34.6,325.4,-0.55,-2.93,0.0,16.18,100,0,0,1
2026-08-12T03:08:54,1786478935,13.822633,100.512089,19.4,3.72,-2.4,-4.7,-59.6,300.4,-0.55,-2.93,0.0,16.18,99,0,0,1
2026-08-12T03:08:55,1786478936,13.822631,100.512081,19.7,3.81,-0.3,-3.1,-80.4,279.6,-0.57,-3.07,0.0,16.18,99,0,0,1
2026-08-12T03:08:56,1786478937,13.822627,100.512054,19.7,3.89,0.3,-2.5,-92.9,267.1,-0.49,-3.01,0.0,16.18,99,0,0,1
2026-08-12T03:08:57,1786478938,13.822622,100.51203,19.8,3.94,0.7,3.3,-106.4,253.6,-0.32,-2.05,0.02,16.18,99,0,0,1
2026-08-12T03:08:58,1786478939,13.82262,100.512016,19.8,3.98,2.1,2.2,-95.5,264.5,-0.11,-1.21,0.04,16.18,99,0,0,1
2026-08-12T03:08:59,1786478940,13.822621,100.512012,19.9,4.02,5.2,11.5,-89.7,270.3,0.5,0.6,0.07,16.18,99,0,0,1
2026-08-12T03:09:00,1786478941,13.822621,100.512012,19.9,4.02,11.5,4.8,-72.8,287.2,0.5,0.6,0.07,16.18,99,0,0,1
2026-08-12T03:09:01,1786478942,13.822631,100.512027,19.9,4.03,-4.1,-0.7,-41.9,318.1,1.75,2.31,0.07,16.18,99,0,0,1
2026-08-12T03:09:02,1786478943,13.822648,100.512048,19.9,4.01,1.4,0.6,-28.1,331.9,1.75,2.29,0.06,16.18,99,0,0,1
2026-08-12T03:09:03,1786478944,13.822663,100.51207,19.9,4.01,-1.3,-2.1,-5.9,354.1,1.76,2.52,0.05,16.18,99,0,0,1
2026-08-12T03:09:04,1786478945,13.82268,100.512092,19.9,4.02,-1.4,-0.8,5.4,5.4,1.78,2.41,0.05,16.18,99,0,0,1
2026-08-12T03:09:05,1786478946,13.822693,100.512109,19.7,4.02,-1.5,-0.2,31.2,31.2,1.78,2.41,0.05,16.17,99,0,0,1
2026-08-12T03:09:06,1786478947,13.822696,100.512115,19.9,4.03,-1.6,0.8,54.8,54.8,1.73,2.37,0.05,16.17,99,0,0,1
2026-08-12T03:09:07,1786478948,13.822713,100.512137,19.9,4.04,-1.4,0.7,59.3,59.3,1.74,2.31,0.04,16.17,99,0,0,1
2026-08-12T03:09:08,1786478949,13.822729,100.512159,19.9,4.05,-1.7,-0.1,51.9,51.9,1.76,2.31,0.06,16.17,99,AUTO.LOITER,1,1
2026-08-12T03:09:09,1786478950,13.822745,100.512181,19.9,4.06,-1.8,-0.2,49.2,49.2,1.82,2.32,0.06,16.17,99,0,0,1
2026-08-12T03:09:10,1786478951,13.822757,100.512198,19.7,4.06,-1.4,-0.3,51.5,51.5,1.82,2.32,0.06,16.17,99,0,0,1
2026-08-12T03:09:11,1786478952,13.822761,100.512203,19.9,4.07,-0.8,7.4,53.9,53.9,1.8,2.28,0.07,16.17,99,0,0,1
2026-08-12T03:09:12,1786478953,13.822773,100.51222,19.9,4.06,-0.6,4.6,53.5,53.5,1.06,1.37,0.07,16.17,99,0,0,1
2026-08-12T03:09:13,1786478954,13.822781,100.51223,19.9,4.05,-5.9,5.5,51.0,51.0,0.68,0.82,0.03,16.17,99,AUTO.LOITER,1,1
2026-08-12T03:09:14,1786478955,13.822781,100.51223,19.9,4.05,-5.9,5.5,51.0,51.0,0.68,0.82,0.03,16.17,99,AUTO.LOITER,1,1
2026-08-12T03:09:15,1786478956,13.822781,100.51223,19.9,4.05,-5.3,-8.6,21.5,21.5,0.68,0.82,0.03,16.17,99,AUTO.LOITER,1,1
2026-08-12T03:09:16,1786478957,13.822781,100.51223,19.9,4.05,2.6,3.8,3.9,3.9,0.68,0.82,0.03,16.17,99,AUTO.LOITER,1,1
2026-08-12T03:09:17,1786478958,13.822781,100.51223,19.9,4.05,-5.1,2.8,-31.5,328.5,0.68,0.82,0.03,16.17,99,0,0,1
2026-08-12T03:09:18,1786478959,13.822816,100.512206,19.9,4.04,-9.6,-2.8,-42.5,317.5,-0.71,-1.11,0.01,16.17,99,0,0,1
2026-08-12T03:09:19,1786478960,13.822804,100.512187,19.9,4.06,0.8,-0.8,-70.0,290.0,-1.8,-2.65,0.09,16.17,99,0,0,1
2026-08-12T03:09:20,1786478961,13.822789,100.512164,19.9,4.04,-1.9,-4.7,-94.5,265.5,-1.62,-2.29,0.04,16.16,99,0,0,1
2026-08-12T03:09:21,1786478962,13.822773,100.512142,19.9,4.04,0.3,-4.0,-106.5,253.5,-1.74,-2.54,0.04,16.16,99,0,0,1
2026-08-12T03:09:22,1786478963,13.822773,100.512142,19.9,4.04,1.1,-1.4,-127.8,232.2,-1.74,-2.54,0.04,16.16,99,0,0,1
2026-08-12T03:09:23,1786478964,13.822758,100.512119,19.9,4.06,1.1,-2.3,-127.6,232.4,-1.65,-2.43,0.03,16.16,99,0,0,1
2026-08-12T03:09:24,1786478965,13.822743,100.512096,19.9,4.06,1.0,-1.8,-122.9,237.1,-1.67,-2.48,0.06,16.16,99,0,0,1
2026-08-12T03:09:25,1786478966,13.822727,100.512073,19.9,4.05,1.0,-2.2,-121.8,238.2,-1.64,-2.47,0.04,16.16,98,0,0,1
2026-08-12T03:09:26,1786478967,13.822712,100.51205,19.9,4.04,0.9,-2.0,-125.7,234.3,-1.66,-2.45,0.04,16.16,98,0,0,1
2026-08-12T03:09:27,1786478968,13.822697,100.512027,19.9,4.04,1.0,-2.5,-125.7,234.3,-1.68,-2.49,0.03,16.16,98,0,0,1
2026-08-12T03:09:28,1786478969,13.822697,100.512027,19.9,4.04,1.0,-1.4,-123.9,236.1,-1.68,-2.49,0.03,16.16,98,0,0,1
2026-08-12T03:09:29,1786478970,13.822681,100.512005,19.9,4.01,0.8,6.1,-123.6,236.4,-1.53,-2.28,0.0,16.16,98,0,0,1
2026-08-12T03:09:30,1786478971,13.822681,100.512005,19.9,4.01,1.2,2.9,-124.0,236.0,-1.53,-2.28,0.0,16.16,98,0,0,1
2026-08-12T03:09:31,1786478972,13.822665,100.51198,19.8,3.98,0.5,2.2,-124.1,235.9,-0.36,-0.83,-0.05,16.16,98,0,0,1
2026-08-12T03:09:32,1786478973,13.82267,100.511972,19.8,3.97,8.2,-9.0,-107.6,252.4,1.26,-1.0,-0.09,16.16,98,0,0,1
2026-08-12T03:09:33,1786478974,13.822684,100.511955,19.8,3.94,0.6,-5.0,-89.4,270.6,1.37,-1.81,-0.05,16.16,98,0,0,1
2026-08-12T03:09:34,1786478975,13.822684,100.511955,19.8,3.94,2.4,10.3,-58.8,301.2,1.37,-1.81,-0.05,16.16,98,0,0,1
2026-08-12T03:09:35,1786478976,13.822691,100.511949,19.8,3.92,5.9,1.0,-38.7,321.3,0.6,0.22,-0.08,16.16,98,0,0,1
2026-08-12T03:09:36,1786478977,13.8227,100.511959,19.8,3.92,14.6,-3.3,-27.7,332.3,1.26,1.71,-0.14,16.16,98,0,0,1
2026-08-12T03:09:37,1786478978,13.822717,100.51198,19.7,3.9,-1.3,2.2,-0.3,359.7,1.83,2.36,-0.09,16.16,98,0,0,1
2026-08-12T03:09:38,1786478979,13.822733,100.512,19.7,3.88,2.7,-1.7,12.9,12.9,1.67,2.47,-0.1,16.15,98,AUTO.LOITER,1,1
2026-08-12T03:09:39,1786478980,13.82275,100.512023,19.7,3.87,-0.9,-0.7,36.9,36.9,1.76,2.39,-0.12,16.15,98,0,0,1
2026-08-12T03:09:40,1786478981,13.82275,100.512023,19.7,3.87,-0.5,-0.6,56.3,56.3,1.76,2.39,-0.12,16.15,98,0,0,1
2026-08-12T03:09:41,1786478982,13.822767,100.512045,19.7,3.88,-0.7,-0.2,53.5,53.5,1.76,2.34,-0.14,16.15,98,0,0,1
2026-08-12T03:09:42,1786478983,13.822783,100.512067,19.7,3.87,-0.6,-0.5,49.3,49.3,1.75,2.28,-0.12,16.15,98,0,0,1
2026-08-12T03:09:43,1786478984,13.8228,100.512089,19.7,3.88,-0.7,-1.1,49.5,49.5,1.78,2.27,-0.12,16.15,98,0,0,1
2026-08-12T03:09:44,1786478985,13.822817,100.512111,19.7,3.87,-0.7,-1.0,53.0,53.0,1.77,2.29,-0.12,16.15,98,0,0,1
2026-08-12T03:09:45,1786478986,13.82283,100.512128,19.1,3.87,-0.6,-1.2,52.7,52.7,1.77,2.29,-0.12,16.15,98,0,0,1
2026-08-12T03:09:46,1786478987,13.82283,100.512128,19.1,3.87,-1.3,5.4,51.1,51.1,1.77,2.29,-0.12,16.15,98,0,0,1
2026-08-12T03:09:47,1786478988,13.82283,100.512128,19.1,3.87,0.2,3.7,52.0,52.0,1.77,2.29,-0.12,16.15,98,0,0,1
2026-08-12T03:09:48,1786478989,13.822858,100.512165,19.7,3.89,0.2,3.7,52.0,52.0,0.77,1.07,-0.1,16.15,98,0,0,1
2026-08-12T03:09:49,1786478990,13.822865,100.51217,19.8,3.91,-9.0,5.6,51.6,51.6,0.96,-0.25,-0.11,16.15,98,0,0,1
2026-08-12T03:09:50,1786478991,13.822879,100.512162,19.8,3.93,-10.9,-6.5,34.5,34.5,2.23,-1.15,-0.06,16.15,98,0,0,1
2026-08-12T03:09:51,1786478992,13.822895,100.512157,19.2,3.93,1.0,7.7,-0.2,359.8,2.23,-1.15,-0.06,16.15,98,0,0,1
2026-08-12T03:09:52,1786478993,13.822898,100.512156,19.8,3.91,-7.6,5.3,-23.9,336.1,1.28,-0.57,-0.1,16.15,98,0,0,1
2026-08-12T03:09:53,1786478994,13.822899,100.512148,19.7,3.88,-3.1,1.9,-34.0,326.0,-0.51,-1.02,-0.1,16.15,98,0,0,1
2026-08-12T03:09:54,1786478995,13.822889,100.512134,19.7,3.89,-10.3,-4.6,-59.2,300.8,-1.54,-2.24,-0.1,16.14,98,0,0,1
2026-08-12T03:09:55,1786478996,13.822874,100.51211,19.7,3.83,-1.6,-2.0,-85.6,274.4,-1.57,-2.28,-0.15,16.14,97,0,0,1
2026-08-12T03:09:56,1786478997,13.822859,100.512088,19.7,3.82,-1.4,-4.7,-97.6,262.4,-1.72,-2.46,-0.17,16.14,97,0,0,1
2026-08-12T03:09:57,1786478998,13.822859,100.512088,19.7,3.82,1.2,-1.5,-121.3,238.7,-1.72,-2.46,-0.17,16.14,97,0,0,1
2026-08-12T03:09:58,1786478999,13.822843,100.512065,19.7,3.82,1.5,-2.8,-130.3,229.7,-1.58,-2.42,-0.18,16.14,97,0,0,1
2026-08-12T03:09:59,1786479000,13.822827,100.512042,19.7,3.83,1.4,-2.3,-126.1,233.9,-1.57,-2.46,-0.16,16.14,97,0,0,1
2026-08-12T03:10:00,1786479001,13.822812,100.512019,19.7,3.82,0.8,-2.9,-120.5,239.5,-1.53,-2.45,-0.18,16.14,97,0,0,1
2026-08-12T03:10:01,1786479002,13.822797,100.511996,19.7,3.82,0.7,-3.1,-124.4,235.6,-1.56,-2.47,-0.17,16.14,97,AUTO.LOITER,1,1
2026-08-12T03:10:02,1786479003,13.822782,100.511973,19.7,3.82,0.7,-3.1,-124.4,235.6,-1.63,-2.47,-0.18,16.14,97,AUTO.LOITER,1,1
2026-08-12T03:10:03,1786479004,13.822782,100.511973,19.7,3.82,0.6,-3.1,-124.4,235.6,-1.63,-2.47,-0.18,16.14,97,0,0,1
2026-08-12T03:10:04,1786479005,13.822767,100.511951,19.7,3.82,0.9,4.8,-123.8,236.2,-1.64,-2.44,-0.18,16.14,97,0,0,1
2026-08-12T03:10:05,1786479006,13.822754,100.511933,19.7,3.82,-0.1,3.9,-124.2,235.8,-1.03,-1.52,-0.17,16.14,97,0,0,1
2026-08-12T03:10:06,1786479007,13.822748,100.511927,19.7,3.86,-4.5,8.7,-135.8,224.2,-0.49,0.38,-0.15,16.14,97,0,0,1
2026-08-12T03:10:07,1786479008,13.822745,100.51194,19.7,3.88,-10.7,-1.0,-167.7,192.3,-0.3,2.31,-0.12,16.14,97,0,0,1
2026-08-12T03:10:08,1786479009,13.822741,100.511967,19.7,3.88,-1.1,-1.7,176.8,176.8,-0.51,3.01,-0.12,16.14,97,0,0,1
2026-08-12T03:10:09,1786479010,13.822741,100.511967,19.7,3.88,-1.2,-1.1,154.7,154.7,-0.51,3.01,-0.12,16.14,97,0,0,1
2026-08-12T03:10:10,1786479011,13.822737,100.511993,19.7,3.88,1.8,-0.3,131.8,131.8,-0.39,3.05,-0.11,16.14,97,0,0,1
2026-08-12T03:10:11,1786479012,13.822734,100.512021,19.7,3.89,1.2,-0.1,118.5,118.5,-0.5,2.99,-0.1,16.14,97,0,0,1
2026-08-12T03:10:12,1786479013,13.82273,100.512049,19.7,3.88,1.4,0.9,95.2,95.2,-0.53,2.95,-0.12,16.13,97,0,0,1
2026-08-12T03:10:13,1786479014,13.822726,100.512076,19.7,3.9,0.8,0.5,91.8,91.8,-0.54,2.9,-0.11,16.13,97,0,0,1
2026-08-12T03:10:14,1786479015,13.822724,100.512097,19.1,3.9,1.1,0.7,100.5,100.5,-0.54,2.9,-0.11,16.13,97,0,0,1
2026-08-12T03:10:15,1786479016,13.822722,100.512104,19.8,3.91,1.4,6.9,102.3,102.3,-0.5,2.74,-0.1,16.13,97,0,0,1
2026-08-12T03:10:16,1786479017,13.822719,100.512124,19.8,3.92,0.7,4.9,99.7,99.7,-0.34,1.59,-0.07,16.13,97,0,0,1
2026-08-12T03:10:17,1786479018,13.822719,100.512124,19.8,3.92,0.0,5.4,97.6,97.6,-0.34,1.59,-0.07,16.13,97,0,0,1
2026-08-12T03:10:18,1786479019,13.822714,100.51214,19.7,3.9,-0.8,5.2,105.4,105.4,-0.25,0.19,0.21,16.13,97,AUTO.LOITER,1,1
2026-08-12T03:10:19,1786479020,13.822713,100.512142,19.0,3.9,-2.0,3.0,107.0,107.0,-0.25,0.19,0.21,16.13,97,0,0,1
2026-08-12T03:10:20,1786479021,13.822713,100.512142,19.0,3.9,-0.3,1.7,103.2,103.2,-0.25,0.19,0.21,16.13,97,0,0,1
2026-08-12T03:10:21,1786479022,13.822712,100.512141,19.0,3.15,-0.4,1.5,102.4,102.4,0.05,-0.07,0.35,16.13,97,AUTO.LAND,1,1
2026-08-12T03:10:22,1786479023,13.822712,100.512141,18.6,2.76,0.2,1.0,103.5,103.5,0.11,-0.04,0.34,16.13,97,0,0,1
2026-08-12T03:10:23,1786479024,13.822713,100.51214,18.2,2.37,0.3,0.9,104.2,104.2,0.07,0.02,0.34,16.13,97,0,0,1
2026-08-12T03:10:24,1786479025,13.822713,100.51214,17.8,2.0,0.3,0.7,103.4,103.4,0.06,0.05,0.36,16.13,96,0,0,1
2026-08-12T03:10:25,1786479026,13.822713,100.51214,17.5,1.69,0.5,0.8,103.3,103.3,0.04,0.07,0.28,16.13,96,0,0,1
2026-08-12T03:10:26,1786479027,13.822713,100.51214,16.9,1.69,0.6,0.9,103.6,103.6,0.04,0.07,0.28,16.12,96,AUTO.LAND,1,1
2026-08-12T03:10:27,1786479028,13.822713,100.51214,17.3,1.41,0.2,0.9,103.7,103.7,0.02,0.04,0.29,16.12,96,0,0,1
2026-08-12T03:10:28,1786479029,13.822713,100.51214,17.0,1.12,0.5,1.2,103.5,103.5,0.03,0.06,0.3,16.12,96,0,0,1
2026-08-12T03:10:29,1786479030,13.822713,100.51214,16.7,0.83,0.3,0.8,103.5,103.5,0.03,0.02,0.3,16.12,96,0,0,1
2026-08-12T03:10:30,1786479031,13.822713,100.51214,16.8,0.91,0.2,0.7,103.6,103.6,0.03,0.02,-0.78,16.12,96,0,0,1
2026-08-12T03:10:31,1786479032,13.822713,100.51214,17.7,1.83,0.4,0.9,103.6,103.6,0.02,0.03,-0.87,16.12,96,0,0,1
2026-08-12T03:10:32,1786479033,13.822713,100.51214,17.7,1.83,0.0,1.0,103.6,103.6,0.02,0.03,-0.87,16.12,96,0,0,1
2026-08-12T03:10:33,1786479034,13.822713,100.51214,18.5,2.68,0.1,0.6,103.5,103.5,0.05,0.01,-0.74,16.12,96,0,0,1
2026-08-12T03:10:34,1786479035,13.822713,100.51214,18.5,2.68,0.1,0.6,103.5,103.5,0.05,0.01,-0.74,16.12,96,0,0,1
2026-08-12T03:10:35,1786479036,13.822713,100.51214,18.5,2.68,0.1,0.6,103.5,103.5,0.05,0.01,-0.74,16.12,96,0,0,1
2026-08-12T03:10:36,1786479037,13.822704,100.512123,19.1,3.28,9.8,10.0,114.6,114.6,-1.2,-2.53,-0.07,16.12,96,0,0,1
2026-08-12T03:10:37,1786479038,13.822693,100.512105,18.8,3.28,-1.7,-0.7,145.5,145.5,-1.2,-2.53,-0.07,16.12,96,AUTO.LOITER,1,1
2026-08-12T03:10:38,1786479039,13.82269,100.5121,19.2,3.37,4.3,-0.6,174.3,174.3,-1.43,-2.43,-0.11,16.12,96,0,0,1
2026-08-12T03:10:39,1786479040,13.822677,100.512076,19.3,3.5,1.5,-1.4,-175.5,184.5,-1.35,-2.73,-0.14,16.12,96,0,0,1
2026-08-12T03:10:40,1786479041,13.822664,100.512052,19.5,3.64,1.6,-1.3,-153.3,206.7,-1.38,-2.65,-0.14,16.12,96,0,0,1
2026-08-12T03:10:41,1786479042,13.822651,100.512028,19.6,3.74,0.7,-0.6,-140.1,219.9,-1.23,-2.32,-0.12,16.12,96,0,0,1
2026-08-12T03:10:42,1786479043,13.822651,100.512028,19.6,3.74,-1.4,6.4,-126.8,233.2,-1.23,-2.32,-0.12,16.12,96,0,0,1
2026-08-12T03:10:43,1786479044,13.822642,100.512012,19.7,3.81,1.4,2.8,-111.0,249.0,-0.61,-1.31,-0.1,16.12,96,0,0,1
2026-08-12T03:10:44,1786479045,13.822637,100.512001,19.7,3.88,1.0,-0.1,-118.5,241.5,-0.35,-0.83,-0.06,16.11,96,0,0,1
2026-08-12T03:10:45,1786479046,13.822634,100.511995,19.7,3.9,-0.3,1.9,-117.0,243.0,-0.15,-0.29,-0.04,16.11,96,0,0,1
2026-08-12T03:10:46,1786479047,13.822634,100.511993,19.4,3.58,-0.8,4.4,-114.1,245.9,0.03,0.21,0.29,16.11,96,0,0,1
2026-08-12T03:10:47,1786479048,13.822634,100.511993,18.6,3.58,-0.2,-0.4,-113.7,246.3,0.03,0.21,0.29,16.11,96,AUTO.LAND,1,1
2026-08-12T03:10:48,1786479049,13.822634,100.511994,19.1,3.22,0.1,-0.4,-115.6,244.4,0.0,0.1,0.32,16.11,96,0,0,1
2026-08-12T03:10:49,1786479050,13.822634,100.511994,18.7,2.82,0.2,-0.8,-115.4,244.6,0.0,0.09,0.33,16.11,96,0,0,1
2026-08-12T03:10:50,1786479051,13.822634,100.511994,18.7,2.82,-0.6,-1.1,-114.4,245.6,0.0,0.09,0.33,16.11,96,0,0,1
2026-08-12T03:10:51,1786479052,13.822634,100.511994,18.7,2.82,0.3,-0.9,-114.5,245.5,0.0,0.09,0.33,16.11,96,0,0,1
2026-08-12T03:10:52,1786479053,13.822634,100.511995,17.5,1.68,0.5,-1.3,-114.8,245.2,-0.01,-0.04,0.23,16.11,96,0,0,1
2026-08-12T03:10:53,1786479054,13.822634,100.511995,17.5,1.68,0.1,-0.9,-114.7,245.3,-0.01,-0.04,0.23,16.11,96,0,0,1
2026-08-12T03:10:54,1786479055,13.822634,100.511995,17.2,1.37,0.1,-1.0,-114.5,245.5,0.0,-0.03,0.24,16.11,96,0,0,1
2026-08-12T03:10:55,1786479056,13.822634,100.511995,16.9,1.08,0.2,-0.8,-114.6,245.4,0.0,-0.04,0.25,16.11,95,0,0,1
2026-08-12T03:10:56,1786479057,13.822634,100.511995,16.6,0.8,-0.3,-0.9,-114.6,245.4,0.0,-0.03,0.25,16.11,95,0,0,1
2026-08-12T03:10:57,1786479058,13.822634,100.511995,16.7,0.89,0.1,-1.1,-114.6,245.4,-0.01,-0.03,-0.85,16.11,95,0,0,1
2026-08-12T03:10:58,1786479059,13.822634,100.511995,16.7,0.89,0.3,-0.8,-114.6,245.4,-0.01,-0.03,-0.85,16.11,95,0,0,1
2026-08-12T03:10:59,1786479060,13.822634,100.511995,17.7,1.8,0.3,-0.8,-114.6,245.4,0.02,0.0,-0.93,16.11,95,0,0,1
2026-08-12T03:11:00,1786479061,13.822634,100.511995,18.5,2.65,0.3,-1.4,-114.6,245.4,0.0,-0.02,-0.78,16.11,95,0,0,1
2026-08-12T03:11:01,1786479062,13.822634,100.511995,19.1,3.24,-0.2,-0.8,-114.6,245.4,0.02,-0.03,-0.26,16.11,95,0,0,1
2026-08-12T03:11:02,1786479063,13.822634,100.511995,19.0,3.19,0.8,0.8,-114.5,245.5,0.39,0.26,-0.05,16.1,95,0,0,1
2026-08-12T03:11:03,1786479064,13.822634,100.511995,19.0,3.19,11.3,5.2,-104.7,255.3,0.39,0.26,-0.05,16.1,95,0,0,1
2026-08-12T03:11:04,1786479065,13.822649,100.512002,19.1,3.23,-1.2,-0.2,-72.3,287.7,2.49,0.89,-0.06,16.1,95,0,0,1
2026-08-12T03:11:05,1786479066,13.822674,100.512011,19.1,3.29,0.4,-0.9,-56.6,303.4,2.69,1.07,-0.08,16.1,95,0,0,1
2026-08-12T03:11:06,1786479067,13.822698,100.512021,19.2,3.38,0.1,-1.8,-34.7,325.3,2.82,1.18,-0.11,16.1,95,0,0,1
2026-08-12T03:11:07,1786479068,13.822724,100.512032,19.3,3.46,-0.4,-0.4,-12.1,347.9,2.74,1.16,-0.13,16.1,95,0,0,1
2026-08-12T03:11:08,1786479069,13.822744,100.512039,18.8,3.46,-0.2,-0.6,1.4,1.4,2.74,1.16,-0.13,16.1,95,AUTO.LOITER,1,1
2026-08-12T03:11:09,1786479070,13.822749,100.512042,19.4,3.53,-1.6,-0.5,25.3,25.3,2.65,1.2,-0.17,16.1,95,0,0,1
2026-08-12T03:11:10,1786479071,13.822774,100.512053,19.5,3.64,-1.6,-0.1,29.1,29.1,2.66,1.14,-0.18,16.1,95,0,0,1
2026-08-12T03:11:11,1786479072,13.822799,100.512063,19.6,3.72,-1.7,0.2,20.7,20.7,2.62,1.1,-0.14,16.1,95,0,0,1
2026-08-12T03:11:12,1786479073,13.822821,100.512073,19.6,3.8,-1.7,0.2,20.7,20.7,1.77,0.75,-0.12,16.1,95,0,0,1
2026-08-12T03:11:13,1786479074,13.822832,100.512077,19.1,3.8,-1.7,0.2,20.7,20.7,1.77,0.75,-0.12,16.1,95,AUTO.LOITER,1,1
2026-08-12T03:11:14,1786479075,13.822833,100.512078,19.7,3.85,1.6,-4.6,25.0,25.0,1.03,0.42,-0.09,16.1,95,0,0,1
2026-08-12T03:11:15,1786479076,13.822843,100.512083,19.7,3.89,-2.2,4.5,29.1,29.1,1.04,0.74,-0.08,16.1,95,0,0,1
2026-08-12T03:11:16,1786479077,13.822849,100.512086,19.8,3.92,-0.7,2.4,34.4,34.4,0.27,0.14,0.0,16.1,95,0,0,1
2026-08-12T03:11:17,1786479078,13.822849,100.512087,19.4,3.57,-1.4,4.2,32.5,32.5,-0.07,0.01,0.31,16.09,95,0,0,1
2026-08-12T03:11:18,1786479079,13.822849,100.512087,19.4,3.57,-2.4,0.6,29.2,29.2,-0.07,0.01,0.31,16.09,95,0,0,1
2026-08-12T03:11:19,1786479080,13.822849,100.512087,19.1,3.23,-1.8,0.5,31.0,31.0,-0.02,-0.01,0.37,16.09,95,0,0,1
2026-08-12T03:11:20,1786479081,13.822849,100.512087,18.7,2.83,-1.8,0.3,31.8,31.8,-0.02,-0.01,0.37,16.09,95,0,0,1
2026-08-12T03:11:21,1786479082,13.822849,100.512087,18.3,2.42,-2.1,0.3,31.2,31.2,0.0,0.0,0.36,16.09,95,0,0,1
2026-08-12T03:11:22,1786479083,13.822849,100.512087,17.9,2.01,-2.1,0.5,30.7,30.7,0.01,0.0,0.35,16.09,95,0,0,1
2026-08-12T03:11:23,1786479084,13.822849,100.512087,17.1,2.01,-2.3,0.3,31.0,31.0,0.01,0.0,0.35,16.09,95,0,0,1
2026-08-12T03:11:24,1786479085,13.822849,100.512087,17.5,1.68,-1.7,-0.1,31.2,31.2,0.03,-0.02,0.26,16.09,95,0,0,1
2026-08-12T03:11:25,1786479086,13.822849,100.512087,17.2,1.38,-2.2,0.6,31.0,31.0,0.05,0.03,0.26,16.09,95,0,0,1
2026-08-12T03:11:26,1786479087,13.822849,100.512087,16.9,1.07,-2.2,0.7,31.0,31.0,0.04,0.02,0.26,16.09,94,0,0,1
2026-08-12T03:11:27,1786479088,13.822849,100.512087,16.6,0.77,-1.8,0.0,31.1,31.1,0.0,0.0,0.25,16.09,94,0,0,1
2026-08-12T03:11:28,1786479089,13.822849,100.512087,16.7,0.85,-2.0,0.0,31.1,31.1,0.04,0.02,-0.87,16.09,94,0,0,1
2026-08-12T03:11:29,1786479090,13.822849,100.512087,16.7,0.85,-2.2,0.4,31.1,31.1,0.04,0.02,-0.87,16.09,94,0,0,1
2026-08-12T03:11:30,1786479091,13.822849,100.512087,17.6,1.72,-2.2,0.4,31.1,31.1,0.02,-0.01,-1.03,16.09,94,0,0,1
2026-08-12T03:11:31,1786479092,13.822849,100.512087,18.5,2.64,-2.1,0.7,31.1,31.1,0.02,-0.02,-0.77,16.09,94,0,0,1
2026-08-12T03:11:32,1786479093,13.822849,100.512087,19.1,3.22,-2.0,0.1,31.1,31.1,-0.01,-0.01,-0.28,16.09,94,0,0,1
2026-08-12T03:11:33,1786479094,13.822849,100.512087,18.4,3.22,-2.3,1.7,31.0,31.0,-0.01,-0.01,-0.28,16.09,94,0,0,1
2026-08-12T03:11:34,1786479095,13.822848,100.512086,19.0,3.15,-11.3,9.9,22.2,22.2,-0.3,-0.33,-0.11,16.09,94,0,0,1
2026-08-12T03:11:35,1786479096,13.82284,100.512072,19.1,3.21,-7.8,5.2,8.6,8.6,-1.32,-2.39,-0.13,16.09,94,0,0,1
2026-08-12T03:11:36,1786479097,13.822826,100.512048,19.2,3.31,-3.8,-1.9,-25.9,334.1,-1.45,-2.45,-0.15,16.08,94,0,0,1
2026-08-12T03:11:37,1786479098,13.822813,100.512025,19.2,3.4,-1.8,-2.2,-48.5,311.5,-1.47,-2.67,-0.19,16.08,94,0,0,1
2026-08-12T03:11:38,1786479099,13.822802,100.512006,18.5,3.4,-1.7,-2.2,-58.5,301.5,-1.47,-2.67,-0.19,16.08,94,0,0,1
2026-08-12T03:11:39,1786479100,13.822799,100.512001,19.3,3.49,0.3,-2.9,-83.5,276.5,-1.48,-2.57,-0.26,16.08,94,0,0,1
2026-08-12T03:11:40,1786479101,13.822799,100.512001,19.3,3.49,2.3,1.1,-97.2,262.8,-1.48,-2.57,-0.26,16.08,94,AUTO.LOITER,1,1
2026-08-12T03:11:41,1786479102,13.822774,100.511957,19.5,3.63,2.3,1.1,-97.2,262.8,-0.76,-1.52,-0.26,16.08,94,AUTO.LOITER,1,1
2026-08-12T03:11:42,1786479103,13.822768,100.511946,19.5,3.69,0.7,2.0,-123.6,236.4,-0.39,-0.92,-0.25,16.08,94,AUTO.LOITER,1,1
2026-08-12T03:11:43,1786479104,13.822768,100.511946,19.5,3.69,1.9,1.4,-117.2,242.8,-0.39,-0.92,-0.25,16.08,94,0,0,1
2026-08-12T03:11:44,1786479105,13.822764,100.51194,19.6,3.71,1.0,4.1,-111.2,248.8,-0.11,-0.46,-0.24,16.08,94,0,0,1
2026-08-12T03:11:45,1786479106,13.822763,100.511937,19.3,3.41,0.7,-0.7,-114.2,245.8,0.15,0.11,0.13,16.08,94,0,0,1
2026-08-12T03:11:46,1786479107,13.822763,100.511938,18.9,3.06,1.0,-0.9,-118.4,241.6,0.09,0.04,0.09,16.08,94,0,0,1
2026-08-12T03:11:47,1786479108,13.822764,100.511938,18.5,2.68,0.3,-1.6,-117.5,242.5,0.04,0.05,0.17,16.08,94,0,0,1
2026-08-12T03:11:48,1786479109,13.822764,100.511937,17.5,2.68,0.7,-1.4,-115.3,244.7,0.04,0.05,0.17,16.08,94,0,0,1
2026-08-12T03:11:49,1786479110,13.822764,100.511938,18.2,2.32,0.1,-1.6,-116.2,243.8,0.02,0.06,0.2,16.08,94,0,0,1
2026-08-12T03:11:50,1786479111,13.822764,100.511938,18.2,2.32,0.1,-1.6,-116.2,243.8,0.02,0.06,0.2,16.08,94,0,0,1
2026-08-12T03:11:51,1786479112,13.822764,100.511938,18.2,2.32,0.7,-1.7,-116.7,243.3,0.02,0.06,0.2,16.08,94,0,0,1
2026-08-12T03:11:52,1786479113,13.822764,100.511938,17.3,1.41,0.7,-1.7,-116.7,243.3,-0.06,0.01,0.18,16.07,94,0,0,1
2026-08-12T03:11:53,1786479114,13.822764,100.511938,17.0,1.12,0.9,-1.7,-116.3,243.7,-0.02,-0.03,0.19,16.07,94,0,0,1
2026-08-12T03:11:54,1786479115,13.822764,100.511938,17.0,1.12,-0.0,-1.3,-116.4,243.6,-0.02,-0.03,0.19,16.07,94,0,0,1
2026-08-12T03:11:55,1786479116,13.822764,100.511938,16.7,0.83,0.6,-1.2,-116.4,243.6,-0.06,0.0,0.18,16.07,94,0,0,1
2026-08-12T03:11:56,1786479117,13.822764,100.511938,16.8,0.91,0.8,-1.0,-116.3,243.7,-0.04,-0.01,-0.9,16.07,93,0,0,1
2026-08-12T03:11:57,1786479118,13.822764,100.511938,17.6,1.77,-0.1,-1.1,-116.4,243.6,0.0,0.0,-0.7,16.07,93,0,0,1
2026-08-12T03:11:58,1786479119,13.822764,100.511938,17.3,1.77,0.3,-1.0,-116.4,243.6,0.0,0.0,-0.7,16.07,93,0,0,1
2026-08-12T03:11:59,1786479120,13.822764,100.511938,18.1,2.25,-4.7,0.5,-116.8,243.2,-0.02,0.03,-0.09,16.07,93,0,0,1
2026-08-12T03:12:00,1786479121,13.822763,100.511939,17.3,2.25,-4.7,0.5,-116.8,243.2,-0.02,0.03,-0.09,16.07,93,0,0,1
2026-08-12T03:12:01,1786479122,13.822755,100.511958,18.1,2.27,-5.3,-3.1,-145.0,215.0,-1.2,2.63,-0.15,16.07,93,0,0,1
2026-08-12T03:12:02,1786479123,13.822742,100.511981,18.2,2.4,-3.1,-0.4,-178.3,181.7,-1.36,2.49,-0.15,16.07,93,AUTO.LOITER,1,1
2026-08-12T03:12:03,1786479124,13.822734,100.512,17.4,2.4,-3.1,-0.4,-178.3,181.7,-1.36,2.49,-0.15,16.07,93,AUTO.LOITER,1,1
2026-08-12T03:12:04,1786479125,13.82273,100.512006,18.4,2.51,0.4,-0.8,149.8,149.8,-1.38,2.76,-0.19,16.07,93,0,0,1
2026-08-12T03:12:05,1786479126,13.822718,100.512031,18.5,2.64,0.5,-0.4,124.2,124.2,-1.39,2.61,-0.22,16.07,93,0,0,1
2026-08-12T03:12:06,1786479127,13.822705,100.512056,18.6,2.79,0.5,0.1,113.6,113.6,-1.36,2.58,-0.24,16.07,93,0,0,1
2026-08-12T03:12:07,1786479128,13.822693,100.512081,18.8,2.93,0.6,-0.9,113.8,113.8,-1.33,2.49,-0.25,16.07,93,0,0,1
2026-08-12T03:12:08,1786479129,13.822681,100.512105,18.9,3.05,0.9,-1.4,119.4,119.4,-1.39,2.53,-0.24,16.07,93,0,0,1
2026-08-12T03:12:09,1786479130,13.822681,100.512105,18.9,3.05,1.5,6.2,121.5,121.5,-1.39,2.53,-0.24,16.07,93,0,0,1
2026-08-12T03:12:10,1786479131,13.822669,100.512128,19.0,3.16,0.1,6.3,118.6,118.6,-1.08,1.83,-0.19,16.07,93,0,0,1
2026-08-12T03:12:11,1786479132,13.822662,100.512141,19.1,3.23,-0.0,3.7,115.6,115.6,-0.57,1.08,-0.18,16.06,93,0,0,1
2026-08-12T03:12:12,1786479133,13.822656,100.512147,19.1,3.3,9.1,4.6,123.0,123.0,-0.91,-0.29,-0.13,16.06,93,0,0,1
2026-08-12T03:12:13,1786479134,13.822641,100.51214,19.2,3.35,12.6,-5.7,134.2,134.2,-2.58,-1.05,-0.09,16.06,93,0,0,1
2026-08-12T03:12:14,1786479135,13.822641,100.51214,19.2,3.35,0.0,2.5,168.8,168.8,-2.58,-1.05,-0.09,16.06,93,0,0,1
2026-08-12T03:12:15,1786479136,13.822614,100.512133,19.2,3.34,0.0,0.8,-167.5,192.5,-2.68,-0.78,-0.11,16.06,93,0,0,1
2026-08-12T03:12:16,1786479137,13.82259,100.512124,19.2,3.37,-0.9,5.5,-160.4,199.6,-2.27,-0.74,-0.1,16.06,93,0,0,1
2026-08-12T03:12:17,1786479138,13.822574,100.51212,19.2,3.4,0.6,3.4,-161.3,198.7,-1.28,-0.28,-0.09,16.06,93,0,0,1
2026-08-12T03:12:18,1786479139,13.822566,100.512119,19.3,3.44,-5.7,4.6,-168.4,191.6,-0.57,0.74,-0.06,16.06,93,0,0,1
2026-08-12T03:12:19,1786479140,13.822566,100.512119,19.3,3.44,-7.5,-9.9,171.9,171.9,-0.57,0.74,-0.06,16.06,93,0,0,1
2026-08-12T03:12:20,1786479141,13.822557,100.512133,19.3,3.46,-1.2,-10.4,156.0,156.0,-1.56,2.36,-0.03,16.06,93,0,0,1
2026-08-12T03:12:21,1786479142,13.822539,100.512154,19.3,3.44,-1.2,-1.9,128.8,128.8,-1.69,2.31,-0.04,16.06,93,0,0,1
2026-08-12T03:12:22,1786479143,13.822526,100.512174,19.3,3.44,0.9,5.2,121.3,121.3,-1.34,1.78,-0.06,16.06,93,0,0,1
2026-08-12T03:12:23,1786479144,13.822519,100.512183,18.4,3.44,0.9,5.2,121.3,121.3,-1.34,1.78,-0.06,16.06,93,AUTO.LOITER,1,1
2026-08-12T03:12:24,1786479145,13.822519,100.512183,18.4,3.44,-4.0,2.8,135.2,135.2,-1.34,1.78,-0.06,16.06,93,0,0,1
2026-08-12T03:12:25,1786479146,13.822512,100.512195,19.3,3.45,-1.2,-11.4,118.9,118.9,-0.2,1.23,-0.11,16.06,93,0,0,1
2026-08-12T03:12:26,1786479147,13.822508,100.512219,19.3,3.45,3.4,1.8,103.6,103.6,-0.76,3.03,-0.01,16.05,93,0,0,1
2026-08-12T03:12:27,1786479148,13.822502,100.512243,19.3,3.44,-0.3,4.4,94.5,94.5,-0.52,2.08,-0.06,16.05,92,0,0,1
2026-08-12T03:12:28,1786479149,13.822499,100.512259,19.3,3.43,1.2,4.7,108.8,108.8,-0.41,1.39,-0.06,16.05,92,0,0,1
2026-08-12T03:12:29,1786479150,13.822497,100.512267,18.2,3.43,0.9,6.0,111.1,111.1,-0.41,1.39,-0.06,16.05,92,0,0,1
2026-08-12T03:12:30,1786479151,13.822496,100.512269,18.9,3.04,0.9,2.2,107.2,107.2,-0.15,0.57,0.85,16.05,92,0,0,1
2026-08-12T03:12:31,1786479152,13.822495,100.51227,18.2,2.37,-1.2,-0.2,105.3,105.3,-0.09,0.0,0.27,16.05,92,0,0,1
2026-08-12T03:12:32,1786479153,13.822495,100.512272,17.9,2.04,1.0,2.6,106.5,106.5,0.05,0.0,0.27,16.05,92,0,0,1
2026-08-12T03:12:33,1786479154,13.822495,100.512272,17.6,1.73,0.6,0.6,107.8,107.8,0.03,-0.07,0.25,16.05,92,0,0,1
2026-08-12T03:12:34,1786479155,13.822495,100.512271,17.3,1.43,0.7,0.7,107.4,107.4,0.02,0.0,0.24,16.05,92,0,0,1
2026-08-12T03:12:35,1786479156,13.822495,100.512271,17.3,1.43,0.7,0.6,106.6,106.6,0.02,0.0,0.24,16.05,92,0,0,1
2026-08-12T03:12:36,1786479157,13.822495,100.512271,17.0,1.14,0.9,0.8,106.7,106.7,0.02,0.03,0.25,16.05,92,0,0,1
2026-08-12T03:12:37,1786479158,13.822495,100.512271,16.7,0.86,0.6,0.7,107.1,107.1,0.03,0.02,0.26,16.05,92,0,0,1
2026-08-12T03:12:38,1786479159,13.822494,100.512271,16.4,0.56,0.2,1.0,107.0,107.0,0.03,0.05,0.26,16.05,92,0,0,1
2026-08-12T03:12:39,1786479160,13.822495,100.512271,15.4,0.56,0.7,0.7,106.9,106.9,0.03,0.05,0.26,16.05,92,0,0,1
2026-08-12T03:12:40,1786479161,13.822495,100.512271,16.1,0.28,-0.1,-0.9,108.7,108.7,0.05,0.08,0.2,16.05,92,0,0,1
2026-08-12T03:12:41,1786479162,13.822495,100.512272,16.0,0.12,-0.1,-0.9,108.7,108.7,0.04,0.07,0.19,16.05,92,0,0,1
2026-08-12T03:12:42,1786479163,13.822495,100.512272,16.0,0.12,-0.1,-0.8,108.6,108.6,0.02,0.06,0.1,16.05,92,0,0,1
2026-08-12T03:12:43,1786479164,13.822494,100.512272,16.1,0.22,-0.0,-0.8,108.6,108.6,0.0,0.05,0.01,16.05,92,0,0,1
2026-08-12T03:12:44,1786479165,13.822494,100.512272,16.1,0.22,-0.0,-0.8,108.6,108.6,0.0,0.05,0.01,16.05,92,0,0,1
2026-08-12T03:12:45,1786479166,13.822494,100.512272,16.1,0.22,-0.0,-0.8,108.6,108.6,0.0,0.05,0.01,16.05,92,0,0,1
2026-08-12T03:12:46,1786479167,13.822494,100.512272,16.1,0.22,-0.0,-0.8,108.6,108.6,0.0,0.05,0.01,16.05,92,0,0,1
2026-08-12T03:12:47,1786479168,13.822494,100.512271,15.4,0.22,-0.0,-0.8,108.6,108.6,0.0,0.05,0.01,16.2,100,AUTO.LOITER,0,0
2026-08-12T03:12:48,1786479169,13.822494,100.512271,15.4,0.22,-0.0,-0.8,108.5,108.5,0.0,0.05,0.01,16.2,100,AUTO.LOITER,0,0
2026-08-12T03:12:49,1786479170,13.822495,100.512271,16.1,0.28,-0.0,-0.8,108.5,108.5,0.0,-0.02,0.02,16.2,100,AUTO.LOITER,0,0
2026-08-12T03:12:50,1786479171,13.822494,100.512271,16.1,0.27,-0.0,-0.8,108.5,108.5,0.0,0.0,0.02,16.2,100,AUTO.LOITER,0,0
2026-08-12T03:12:51,1786479172,13.822494,100.512271,16.1,0.27,0.0,-0.8,108.5,108.5,0.0,0.02,0.02,16.2,100,AUTO.LOITER,0,0
2026-08-12T03:12:52,1786479173,13.822495,100.512271,15.4,0.27,0.0,-0.9,108.5,108.5,0.0,0.02,0.02,16.2,100,AUTO.LOITER,0,0
2026-08-12T03:12:53,1786479174,13.822494,100.512271,16.1,0.26,0.0,-0.9,108.4,108.4,-0.01,0.02,0.02,16.2,100,AUTO.LOITER,0,0
2026-08-12T03:12:54,1786479175,13.822494,100.512271,16.1,0.26,0.0,-0.9,108.4,108.4,-0.02,0.01,0.02,16.2,100,AUTO.LOITER,0,0
2026-08-12T03:12:55,1786479176,13.822494,100.512271,16.1,0.26,0.0,-0.8,108.4,108.4,-0.02,0.01,0.03,16.2,100,AUTO.LOITER,0,0
2026-08-12T03:12:56,1786479177,13.822494,100.512271,15.4,0.26,0.0,-0.9,108.4,108.4,-0.02,0.01,0.03,16.2,100,AUTO.LOITER,0,0
2026-08-12T03:12:57,1786479178,13.822494,100.512271,15.4,0.26,0.0,-0.9,108.4,108.4,-0.02,0.01,0.03,16.2,100,AUTO.LOITER,0,0
2026-08-12T03:12:58,1786479179,13.822494,100.512271,16.1,0.25,0.0,-0.8,108.4,108.4,-0.01,0.01,0.04,16.2,100,AUTO.LOITER,0,0
2026-08-12T03:12:59,1786479180,13.822494,100.512271,16.1,0.25,0.0,-0.9,108.3,108.3,-0.01,0.01,0.03,16.2,100,AUTO.LOITER,0,0
2026-08-12T03:13:00,1786479181,13.822494,100.512271,16.1,0.25,0.0,-0.9,108.3,108.3,-0.01,0.01,0.02,16.2,100,AUTO.LOITER,0,0
2026-08-12T03:13:01,1786479182,13.822494,100.512271,16.1,0.25,0.0,-0.9,108.3,108.3,-0.01,0.01,0.02,16.2,100,AUTO.LOITER,0,0
2026-08-12T03:13:02,1786479183,13.822494,100.512271,16.1,0.26,0.0,-0.9,108.3,108.3,0.0,0.0,0.02,16.2,100,AUTO.LOITER,0,0
2026-08-12T03:13:03,1786479184,13.822494,100.512271,16.1,0.26,0.0,-0.9,108.3,108.3,0.0,0.0,0.01,16.2,100,AUTO.LOITER,0,0
2026-08-12T03:13:04,1786479185,13.822494,100.512271,16.1,0.25,0.0,-0.9,108.3,108.3,0.01,0.01,0.03,16.2,100,AUTO.LOITER,0,0
2026-08-12T03:13:05,1786479186,13.822494,100.512271,15.4,0.25,0.0,-0.9,108.3,108.3,0.01,0.01,0.03,16.2,100,AUTO.LOITER,0,0
2026-08-12T03:13:06,1786479187,13.822495,100.512271,16.1,0.24,0.1,-0.9,108.3,108.3,0.02,0.03,0.04,16.2,100,AUTO.LOITER,0,0
2026-08-12T03:13:07,1786479188,13.822495,100.512271,16.1,0.24,0.1,-0.9,108.3,108.3,0.02,0.02,0.04,16.2,100,AUTO.LOITER,0,0
2026-08-12T03:13:08,1786479189,13.822495,100.512271,16.1,0.24,0.1,-0.9,108.2,108.2,0.02,0.02,0.04,16.2,100,AUTO.LOITER,0,0
2026-08-12T03:13:09,1786479190,13.822494,100.512271,15.5,0.24,0.2,-0.9,108.2,108.2,0.02,0.02,0.04,16.2,100,AUTO.LOITER,0,0
2026-08-12T03:13:10,1786479191,13.822494,100.512271,16.1,0.24,0.2,-0.9,108.2,108.2,0.0,0.02,0.03,16.2,100,AUTO.LOITER,0,0
2026-08-12T03:13:11,1786479192,13.822494,100.512271,16.1,0.25,0.2,-0.9,108.2,108.2,0.0,0.01,0.02,16.2,100,AUTO.LOITER,0,0
2026-08-12T03:13:12,1786479193,13.822494,100.512271,16.1,0.25,0.2,-0.9,108.2,108.2,-0.02,0.01,0.02,16.2,100,AUTO.LOITER,0,0
2026-08-12T03:13:13,1786479194,13.822494,100.512271,16.1,0.25,0.2,-0.9,108.2,108.2,-0.03,0.02,0.03,16.2,100,AUTO.LOITER,0,0
2026-08-12T03:13:14,1786479195,13.822494,100.512271,15.4,0.25,0.2,-0.9,108.2,108.2,-0.03,0.02,0.03,16.2,100,AUTO.LOITER,0,0
2026-08-12T03:13:15,1786479196,13.822494,100.512271,16.1,0.24,0.2,-0.9,108.2,108.2,-0.03,0.02,0.03,16.2,100,AUTO.LOITER,0,0
2026-08-12T03:13:16,1786479197,13.822494,100.512271,16.1,0.24,0.2,-0.9,108.1,108.1,-0.02,0.02,0.02,16.2,100,AUTO.LOITER,0,0
2026-08-12T03:13:17,1786479198,13.822494,100.512271,16.1,0.25,0.2,-0.8,108.1,108.1,-0.02,0.02,0.02,16.2,100,AUTO.LOITER,0,0
2026-08-12T03:13:18,1786479199,13.822495,100.512271,15.4,0.25,0.2,-0.8,108.1,108.1,-0.02,0.02,0.02,16.2,100,AUTO.LOITER,0,0
2026-08-12T03:13:19,1786479200,13.822495,100.512271,15.4,0.25,0.2,-0.8,108.1,108.1,-0.02,0.02,0.02,16.2,100,AUTO.LOITER,0,0
2026-08-12T03:13:20,1786479201,13.822494,100.512271,16.1,0.26,0.2,-0.8,108.1,108.1,-0.01,0.01,0.01,16.2,100,AUTO.LOITER,0,0
2026-08-12T03:13:21,1786479202,13.822494,100.512271,16.1,0.26,0.2,-0.8,108.1,108.1,-0.01,0.01,0.01,16.2,100,AUTO.LOITER,0,0
2026-08-12T03:13:22,1786479203,13.822494,100.512271,16.1,0.26,0.2,-0.8,108.1,108.1,-0.02,0.02,0.01,16.2,100,AUTO.LOITER,0,0
2026-08-12T03:13:23,1786479204,13.822494,100.512271,15.4,0.26,0.2,-0.8,108.1,108.1,-0.02,0.02,0.01,16.2,100,AUTO.LOITER,0,0
2026-08-12T03:13:24,1786479205,13.822494,100.512271,16.1,0.26,0.2,-0.7,108.1,108.1,-0.01,0.01,0.0,16.2,100,AUTO.LOITER,0,0
2026-08-12T03:13:25,1786479206,13.822494,100.512271,16.1,0.27,0.2,-0.7,108.1,108.1,-0.01,0.0,0.0,16.2,100,AUTO.LOITER,0,0
2026-08-12T03:13:26,1786479207,13.822494,100.512271,15.4,0.27,0.2,-0.7,108.1,108.1,-0.01,0.0,0.0,16.2,100,AUTO.LOITER,0,0
2026-08-12T03:13:27,1786479208,13.822494,100.512271,15.4,0.27,0.2,-0.7,108.1,108.1,-0.01,0.0,0.0,16.2,100,AUTO.LOITER,0,0
2026-08-12T03:13:28,1786479209,13.822494,100.512271,16.1,0.26,0.2,-0.7,108.0,108.0,0.0,0.0,0.01,16.2,100,AUTO.LOITER,0,0
2026-08-12T03:13:29,1786479210,13.822494,100.512271,16.1,0.25,0.2,-0.7,108.0,108.0,0.0,0.0,0.02,16.2,100,AUTO.LOITER,0,0
2026-08-12T03:13:30,1786479211,13.822494,100.512271,16.1,0.25,0.3,-0.7,108.0,108.0,0.0,0.0,0.02,16.2,100,AUTO.LOITER,0,0
2026-08-12T03:13:31,1786479212,13.822494,100.512271,16.1,0.25,0.3,-0.7,108.0,108.0,0.0,0.0,0.02,16.2,100,AUTO.LOITER,0,0
2026-08-12T03:13:32,1786479213,13.822494,100.512271,16.1,0.24,0.3,-0.8,108.0,108.0,-0.01,0.0,0.02,16.2,100,AUTO.LOITER,0,0
2026-08-12T03:13:33,1786479214,13.822494,100.512271,16.1,0.25,0.3,-0.8,108.0,108.0,-0.02,0.0,0.01,16.2,100,AUTO.LOITER,0,0
2026-08-12T03:13:34,1786479215,13.822494,100.512271,16.1,0.25,0.3,-0.8,108.0,108.0,-0.02,0.0,0.01,16.2,100,AUTO.LOITER,0,0
2026-08-12T03:13:35,1786479216,13.822495,100.512271,15.5,0.25,0.3,-0.8,108.0,108.0,-0.02,0.0,0.01,16.2,100,AUTO.LOITER,0,0
2026-08-12T03:13:36,1786479217,13.822494,100.512271,16.1,0.26,0.3,-0.7,108.0,108.0,-0.01,0.02,0.0,16.2,100,AUTO.LOITER,0,0
2026-08-12T03:13:37,1786479218,13.822494,100.512271,16.1,0.27,0.3,-0.7,108.0,108.0,0.0,0.01,0.0,16.2,100,AUTO.LOITER,0,0
2026-08-12T03:13:38,1786479219,13.822494,100.512271,16.1,0.27,0.3,-0.7,108.0,108.0,-0.01,0.0,0.0,16.2,100,AUTO.LOITER,0,0
2026-08-12T03:13:39,1786479220,13.822494,100.512271,16.1,0.27,0.3,-0.7,108.0,108.0,-0.02,-0.01,0.0,16.2,100,AUTO.LOITER,0,0
2026-08-12T03:13:40,1786479221,13.822495,100.512271,15.4,0.27,0.3,-0.7,108.0,108.0,-0.02,-0.01,0.0,16.2,100,AUTO.LOITER,0,0
2026-08-12T03:13:41,1786479222,13.822494,100.512271,16.1,0.28,0.3,-0.7,108.0,108.0,-0.02,0.01,-0.01,16.2,100,AUTO.LOITER,0,0
2026-08-12T03:13:42,1786479223,13.822494,100.512271,16.1,0.28,0.3,-0.7,108.0,108.0,-0.02,0.0,-0.01,16.2,100,AUTO.LOITER,0,0
2026-08-12T03:13:43,1786479224,13.822494,100.512271,16.1,0.28,0.3,-0.7,108.0,108.0,-0.02,0.0,-0.01,16.2,100,AUTO.LOITER,0,0
2026-08-12T03:13:44,1786479225,13.822494,100.512271,16.1,0.27,0.3,-0.7,108.0,108.0,-0.02,0.0,0.0,16.2,100,AUTO.LOITER,0,0
2026-08-12T03:13:45,1786479226,13.822494,100.512271,16.1,0.27,0.3,-0.6,108.0,108.0,-0.02,0.0,0.0,16.2,100,AUTO.LOITER,0,0
2026-08-12T03:13:46,1786479227,13.822494,100.512271,16.1,0.27,0.3,-0.6,108.0,108.0,-0.02,0.0,0.0,16.2,100,AUTO.LOITER,0,0
2026-08-12T03:13:47,1786479228,13.822494,100.512271,16.1,0.26,0.3,-0.6,108.0,108.0,-0.01,0.0,0.0,16.2,100,AUTO.LOITER,0,0
2026-08-12T03:13:48,1786479229,13.822495,100.512271,16.1,0.26,0.3,-0.6,108.1,108.1,0.0,0.0,0.0,16.2,100,AUTO.LOITER,0,0
2026-08-12T03:13:49,1786479230,13.822495,100.512271,16.1,0.26,0.3,-0.6,108.1,108.1,0.0,0.0,0.0,16.2,100,AUTO.LOITER,0,0
2026-08-12T03:13:50,1786479231,13.822495,100.512271,16.1,0.26,0.3,-0.6,108.1,108.1,0.0,0.0,0.0,16.2,100,AUTO.LOITER,0,0
2026-08-12T03:13:51,1786479232,13.822495,100.512271,16.1,0.26,0.3,-0.6,108.1,108.1,0.0,0.0,0.01,16.2,100,AUTO.LOITER,0,0
2026-08-12T03:13:52,1786479233,13.822495,100.512271,16.1,0.25,0.3,-0.6,108.1,108.1,0.01,0.0,0.02,16.2,100,AUTO.LOITER,0,0
2026-08-12T03:13:53,1786479234,13.822494,100.512271,15.4,0.25,0.3,-0.6,108.1,108.1,0.01,0.0,0.02,16.2,100,AUTO.LOITER,0,0
2026-08-12T03:13:54,1786479235,13.822495,100.512271,16.1,0.23,0.3,-0.6,108.1,108.1,0.0,-0.01,0.04,16.2,100,AUTO.LOITER,0,0
2026-08-12T03:13:55,1786479236,13.822494,100.512271,16.1,0.23,0.3,-0.6,108.1,108.1,-0.01,-0.01,0.04,16.2,100,AUTO.LOITER,0,0
2026-08-12T03:13:56,1786479237,13.822494,100.512271,16.1,0.23,0.3,-0.6,108.1,108.1,-0.01,-0.02,0.04,16.2,100,AUTO.LOITER,0,0
2026-08-12T03:13:57,1786479238,13.822494,100.512271,16.1,0.23,0.3,-0.6,108.1,108.1,-0.02,-0.02,0.03,16.2,100,AUTO.LOITER,0,0
2026-08-12T03:13:58,1786479239,13.822494,100.512271,16.1,0.23,0.3,-0.7,108.1,108.1,-0.02,-0.02,0.03,16.2,100,AUTO.LOITER,0,0
2026-08-12T03:13:59,1786479240,13.822494,100.512271,16.1,0.24,0.3,-0.7,108.1,108.1,-0.02,-0.02,0.02,16.2,100,AUTO.LOITER,0,0
2026-08-12T03:14:00,1786479241,13.822494,100.512271,16.1,0.24,0.3,-0.7,108.1,108.1,-0.03,-0.01,0.02,16.2,100,AUTO.LOITER,0,0
2026-08-12T03:14:01,1786479242,13.822494,100.512271,16.1,0.24,0.3,-0.7,108.1,108.1,-0.03,-0.01,0.02,16.2,100,AUTO.LOITER,0,0
2026-08-12T03:14:02,1786479243,13.822494,100.512271,16.1,0.24,0.2,-0.7,108.1,108.1,-0.03,-0.01,0.02,16.2,100,AUTO.LOITER,0,0
2026-08-12T03:14:03,1786479244,13.822494,100.512271,15.4,0.24,0.3,-0.7,108.1,108.1,-0.03,-0.01,0.02,16.2,100,AUTO.LOITER,0,0
2026-08-12T03:14:04,1786479245,13.822494,100.512271,16.1,0.23,0.2,-0.7,108.1,108.1,-0.02,0.0,0.03,16.2,100,AUTO.LOITER,0,0
2026-08-12T03:14:05,1786479246,13.822494,100.512271,16.1,0.23,0.2,-0.7,108.1,108.1,-0.02,0.0,0.03,16.2,100,AUTO.LOITER,0,0
2026-08-12T03:14:06,1786479247,13.822494,100.512271,16.1,0.24,0.2,-0.7,108.1,108.1,0.0,0.0,0.02,16.2,100,AUTO.LOITER,0,0
2026-08-12T03:14:07,1786479248,13.822494,100.512271,16.1,0.24,0.2,-0.8,108.1,108.1,0.0,0.0,0.02,16.2,100,AUTO.LOITER,0,0
2026-08-12T03:14:08,1786479249,13.822494,100.512271,15.4,0.24,0.2,-0.8,108.1,108.1,0.0,0.0,0.02,16.2,100,AUTO.LOITER,0,0
2026-08-12T03:14:09,1786479250,13.822494,100.512271,16.1,0.24,0.2,-0.8,108.1,108.1,0.0,0.02,0.02,16.2,100,AUTO.LOITER,0,0
2026-08-12T03:14:10,1786479251,13.822494,100.512271,16.1,0.24,0.2,-0.8,108.1,108.1,0.0,0.02,0.03,16.2,100,AUTO.LOITER,0,0
2026-08-12T03:14:11,1786479252,13.822494,100.512271,16.1,0.23,0.3,-0.7,108.1,108.1,0.0,0.02,0.04,16.2,100,AUTO.LOITER,0,0
2026-08-12T03:14:12,1786479253,13.822495,100.512271,15.4,0.23,0.3,-0.7,108.1,108.1,0.0,0.02,0.04,16.2,100,AUTO.LOITER,0,0
2026-08-12T03:14:13,1786479254,13.822495,100.512271,15.4,0.23,0.3,-0.7,108.1,108.1,0.0,0.02,0.04,16.2,100,AUTO.LOITER,0,0
2026-08-12T03:14:14,1786479255,13.822494,100.512271,16.1,0.21,0.3,-0.7,108.1,108.1,0.0,0.01,0.06,16.2,100,AUTO.LOITER,0,0
2026-08-12T03:14:15,1786479256,13.822494,100.512271,15.4,0.21,0.3,-0.7,108.1,108.1,0.0,0.01,0.06,16.2,100,AUTO.LOITER,0,0
2026-08-12T03:14:16,1786479257,13.822494,100.512271,16.1,0.21,0.3,-0.7,108.1,108.1,-0.01,0.0,0.06,16.2,100,AUTO.LOITER,0,0
2026-08-12T03:14:17,1786479258,13.822494,100.512271,16.1,0.21,0.3,-0.7,108.1,108.1,-0.01,-0.01,0.06,16.2,100,AUTO.LOITER,0,0
2026-08-12T03:14:18,1786479259,13.822494,100.512271,16.1,0.21,0.3,-0.7,108.1,108.1,-0.01,-0.01,0.05,16.2,100,AUTO.LOITER,0,0
2026-08-12T03:14:19,1786479260,13.822495,100.512271,15.4,0.21,0.3,-0.7,108.1,108.1,-0.01,-0.01,0.05,16.2,100,AUTO.LOITER,0,0
2026-08-12T03:14:20,1786479261,13.822494,100.512271,16.1,0.21,0.3,-0.7,108.1,108.1,0.0,0.0,0.05,16.2,100,AUTO.LOITER,0,0
2026-08-12T03:14:21,1786479262,13.822494,100.512271,16.1,0.21,0.3,-0.7,108.1,108.1,0.0,0.0,0.05,16.2,100,AUTO.LOITER,0,0
2026-08-12T03:14:22,1786479263,13.822494,100.512271,16.1,0.22,0.2,-0.7,108.1,108.1,0.0,0.0,0.04,16.2,100,AUTO.LOITER,0,0
2026-08-12T03:14:23,1786479264,13.822495,100.512271,15.4,0.22,0.2,-0.7,108.1,108.1,0.0,0.0,0.04,16.2,100,AUTO.LOITER,0,0
2026-08-12T03:14:24,1786479265,13.822495,100.512271,16.1,0.22,0.2,-0.7,108.1,108.1,0.0,0.01,0.04,16.2,100,AUTO.LOITER,0,0
2026-08-12T03:14:25,1786479266,13.822494,100.512271,16.1,0.22,0.2,-0.7,108.1,108.1,0.0,0.01,0.04,16.2,100,AUTO.LOITER,0,0
2026-08-12T03:14:26,1786479267,13.822494,100.512271,16.1,0.23,0.2,-0.7,108.1,108.1,0.01,0.0,0.03,16.2,100,AUTO.LOITER,0,0
2026-08-12T03:14:27,1786479268,13.822494,100.512271,16.1,0.23,0.2,-0.7,108.1,108.1,0.01,0.0,0.03,16.2,100,AUTO.LOITER,0,0
2026-08-12T03:14:28,1786479269,13.822494,100.512271,16.1,0.23,0.3,-0.7,108.1,108.1,0.01,0.0,0.03,16.2,100,AUTO.LOITER,0,0
2026-08-12T03:14:29,1786479270,13.822494,100.512271,16.1,0.23,0.3,-0.7,108.1,108.1,0.01,0.0,0.03,16.2,100,AUTO.LOITER,0,0
2026-08-12T03:14:30,1786479271,13.822494,100.512271,16.1,0.23,0.3,-0.7,108.1,108.1,0.0,0.0,0.03,16.2,100,AUTO.LOITER,0,0
2026-08-12T03:14:31,1786479272,13.822494,100.512271,16.1,0.23,0.3,-0.8,108.1,108.1,0.0,0.0,0.03,16.2,100,AUTO.LOITER,0,0
2026-08-12T03:14:32,1786479273,13.822494,100.512271,15.4,0.23,0.3,-0.8,108.1,108.1,0.0,0.0,0.03,16.2,100,AUTO.LOITER,0,0
2026-08-12T03:14:33,1786479274,13.822494,100.512271,16.1,0.23,0.3,-0.8,108.1,108.1,0.0,0.0,0.03,16.2,100,AUTO.LOITER,0,0
2026-08-12T03:14:34,1786479275,13.822494,100.512271,16.1,0.23,0.3,-0.8,108.1,108.1,0.0,0.0,0.02,16.2,100,AUTO.LOITER,0,0
2026-08-12T03:14:35,1786479276,13.822494,100.512271,16.1,0.23,0.3,-0.8,108.1,108.1,0.0,0.0,0.02,16.2,100,AUTO.LOITER,0,0
2026-08-12T03:14:36,1786479277,13.822494,100.512271,16.1,0.23,0.3,-0.8,108.1,108.1,0.0,0.0,0.02,16.2,100,AUTO.LOITER,0,0
2026-08-12T03:14:37,1786479278,13.822494,100.512272,16.1,0.23,0.3,-0.8,108.1,108.1,0.0,0.03,0.02,16.2,100,AUTO.LOITER,0,0
2026-08-12T03:14:38,1786479279,13.822494,100.512272,16.1,0.23,0.3,-0.8,108.1,108.1,0.0,0.03,0.02,16.2,100,AUTO.LOITER,0,0
2026-08-12T03:15:07,1786479308,13.822494,100.512277,15.7,0.23,0.2,-0.1,0.0,0.0,0.0,0.03,0.02,16.2,99,AUTO.LOITER,0,0
2026-08-12T03:15:08,1786479309,13.822494,100.512277,15.9,0.22,0.3,-0.1,88.7,88.7,-0.01,0.0,0.0,16.2,99,AUTO.LOITER,0,0
2026-08-12T03:15:09,1786479310,13.822494,100.512277,15.9,-0.01,0.2,-0.2,88.7,88.7,-0.01,0.0,0.01,16.2,100,AUTO.LOITER,0,0
2026-08-12T03:15:10,1786479311,13.822494,100.512277,15.9,-0.04,0.2,-0.2,88.7,88.7,0.0,0.01,0.01,16.2,100,AUTO.LOITER,0,0
2026-08-12T03:15:11,1786479312,13.822494,100.512277,15.7,-0.04,0.2,-0.2,88.7,88.7,0.0,0.0,0.01,16.2,100,AUTO.LOITER,0,0
2026-08-12T03:15:12,1786479313,13.822494,100.512277,15.9,-0.04,0.2,-0.2,88.7,88.7,0.0,0.01,0.0,16.2,100,AUTO.LOITER,0,0
2026-08-12T03:15:13,1786479314,13.822494,100.512277,15.9,-0.05,0.2,-0.2,88.7,88.7,0.0,0.01,0.0,16.2,100,AUTO.LOITER,0,0
2026-08-12T03:15:14,1786479315,13.822494,100.512277,15.9,-0.05,0.2,-0.2,88.7,88.7,0.0,0.01,0.0,16.2,100,AUTO.LOITER,0,0
2026-08-12T03:15:15,1786479316,13.822494,100.512277,15.9,-0.05,0.2,-0.2,88.7,88.7,0.01,0.02,0.0,16.2,100,AUTO.LOITER,0,0
2026-08-12T03:15:16,1786479317,13.822494,100.512277,15.9,-0.05,0.2,-0.2,88.7,88.7,0.0,0.02,0.0,16.2,100,AUTO.LOITER,0,0
2026-08-12T03:15:17,1786479318,13.822494,100.512277,15.9,-0.05,0.2,-0.2,88.7,88.7,0.0,0.01,0.0,16.2,100,AUTO.LOITER,0,0
2026-08-12T03:15:18,1786479319,13.822494,100.512277,15.9,-0.04,0.2,-0.1,88.7,88.7,0.0,0.0,0.0,16.2,100,AUTO.LOITER,0,0
2026-08-12T03:15:19,1786479320,13.822494,100.512277,15.9,-0.05,0.2,-0.1,88.7,88.7,0.0,0.0,0.0,16.2,100,AUTO.LOITER,0,0
2026-08-12T03:15:20,1786479321,13.822494,100.512277,15.9,-0.06,0.2,-0.1,88.7,88.7,0.0,0.0,0.01,16.2,100,AUTO.LOITER,0,0
2026-08-12T03:15:21,1786479322,13.822494,100.512277,15.9,-0.06,0.2,-0.0,88.7,88.7,-0.01,-0.01,0.01,16.2,100,AUTO.LOITER,0,0
2026-08-12T03:15:22,1786479323,13.822494,100.512277,15.9,-0.05,0.2,-0.0,88.7,88.7,-0.01,-0.02,0.0,16.2,100,AUTO.LOITER,0,0
2026-08-12T03:15:23,1786479324,13.822494,100.512277,15.9,-0.04,0.1,-0.1,88.8,88.8,0.0,-0.02,0.0,16.2,100,AUTO.LOITER,0,0
2026-08-12T03:15:24,1786479325,13.822494,100.512277,15.9,-0.04,0.1,-0.1,88.8,88.8,0.0,-0.03,-0.01,16.2,100,AUTO.LOITER,0,0
2026-08-12T03:15:25,1786479326,13.822494,100.512277,15.7,-0.03,0.1,-0.1,88.8,88.8,0.01,-0.03,-0.02,16.2,100,AUTO.LOITER,0,0
2026-08-12T03:15:26,1786479327,13.822494,100.512277,15.9,-0.03,0.1,-0.1,88.8,88.8,0.01,-0.02,-0.02,16.2,100,AUTO.LOITER,0,0
2026-08-12T03:15:27,1786479328,13.822494,100.512277,15.9,-0.03,0.1,-0.1,88.8,88.8,0.01,0.0,-0.02,16.2,100,AUTO.LOITER,0,0
2026-08-12T03:15:28,1786479329,13.822494,100.512277,15.9,-0.03,0.1,-0.1,88.8,88.8,0.0,-0.01,-0.02,16.2,100,AUTO.LOITER,0,0
2026-08-12T03:15:29,1786479330,13.822494,100.512277,15.7,-0.03,0.1,-0.2,88.8,88.8,0.01,0.0,-0.01,16.2,100,AUTO.LOITER,0,0
2026-08-12T03:15:30,1786479331,13.822494,100.512277,15.9,-0.04,0.1,-0.2,88.9,88.9,0.0,0.0,0.0,16.2,100,AUTO.LOITER,0,0
2026-08-12T03:15:31,1786479332,13.822494,100.512277,15.9,-0.05,0.1,-0.2,88.9,88.9,0.0,-0.01,0.0,16.2,100,AUTO.LOITER,0,0
2026-08-12T03:15:32,1786479333,13.822494,100.512277,15.9,-0.05,0.1,-0.2,88.9,88.9,0.0,-0.02,0.0,16.2,100,AUTO.LOITER,0,0
2026-08-12T03:15:33,1786479334,13.822494,100.512277,15.9,-0.05,0.1,-0.2,88.9,88.9,0.0,-0.02,0.0,16.2,100,0,0,0
2026-08-12T03:15:34,1786479335,13.822494,100.512277,15.9,-0.05,0.1,-0.2,88.9,88.9,0.0,-0.02,0.0,16.2,100,AUTO.LOITER,0,0
2026-08-12T03:15:35,1786479336,13.822494,100.512277,15.9,-0.04,0.1,-0.3,88.9,88.9,0.0,0.0,0.0,16.2,100,0,0,0
2026-08-12T03:15:36,1786479337,13.822494,100.512277,15.9,0.0,0.1,-0.3,88.9,88.9,0.0,0.0,0.0,16.2,100,AUTO.LOITER,0,0
2026-08-12T03:15:37,1786479338,13.822494,100.512277,15.9,-0.0,0.1,-0.3,88.9,88.9,0.01,0.0,0.0,16.2,100,AUTO.LOITER,1,0
2026-08-12T03:15:38,1786479339,13.822494,100.512277,15.9,-0.01,0.1,-0.3,88.9,88.9,0.0,0.0,0.01,16.2,100,AUTO.LOITER,1,0
2026-08-12T03:15:39,1786479340,13.822494,100.512277,15.9,-0.02,0.1,-0.3,88.9,88.9,-0.01,0.0,0.02,16.2,100,0,0,0
2026-08-12T03:15:40,1786479341,13.822494,100.512277,15.8,0.0,0.1,-0.3,88.9,88.9,-0.01,0.0,0.02,16.2,100,AUTO.TAKEOFF,1,0
2026-08-12T03:15:41,1786479342,13.822494,100.512277,16.1,0.2,0.1,-0.3,88.9,88.9,-0.02,0.01,-0.02,16.2,100,AUTO.TAKEOFF,1,1
2026-08-12T03:15:42,1786479343,13.822494,100.512277,16.1,0.3,-0.8,-0.3,88.9,88.9,0.02,0.01,-0.03,16.2,100,AUTO.TAKEOFF,1,1
2026-08-12T03:15:43,1786479344,13.822495,100.512277,16.5,0.61,2.5,-0.3,88.4,88.4,0.01,-0.03,-0.72,16.2,100,AUTO.TAKEOFF,1,1
2026-08-12T03:15:44,1786479345,13.822494,100.512277,17.1,1.29,-0.5,0.8,88.6,88.6,-0.11,0.05,-0.77,16.2,100,AUTO.TAKEOFF,1,1
2026-08-12T03:15:45,1786479346,13.822494,100.512277,17.4,1.93,0.2,0.7,88.1,88.1,0.0,0.0,-0.66,16.19,100,0,0,1
2026-08-12T03:15:46,1786479347,13.822494,100.512277,18.1,2.28,0.2,0.5,88.3,88.3,-0.01,0.01,0.17,16.19,100,0,0,1
2026-08-12T03:15:47,1786479348,13.822494,100.512276,18.1,2.24,-2.0,12.6,85.6,85.6,0.15,-0.58,-0.11,16.19,100,0,0,1
2026-08-12T03:15:48,1786479349,13.822497,100.512261,18.3,2.45,-3.4,10.2,70.7,70.7,0.24,-2.49,-0.26,16.19,100,AUTO.LOITER,1,1
2026-08-12T03:15:49,1786479350,13.822499,100.512238,18.6,2.72,1.5,-3.9,36.3,36.3,0.55,-2.89,-0.29,16.19,100,AUTO.LOITER,1,1
2026-08-12T03:15:50,1786479351,13.822503,100.512221,18.8,2.96,3.5,2.1,14.5,14.5,0.35,-1.5,-0.22,16.19,100,AUTO.LOITER,1,1
2026-08-12T03:15:51,1786479352,13.822504,100.512215,18.9,3.07,2.0,-1.8,1.5,1.5,0.12,-1.21,-0.15,16.19,100,AUTO.LOITER,1,1
2026-08-12T03:15:52,1786479353,13.822509,100.512203,19.0,3.18,-9.9,-8.7,-24.2,335.8,1.13,-1.64,-0.14,16.19,100,AUTO.LOITER,1,1
2026-08-12T03:15:53,1786479354,13.822522,100.512179,19.1,3.27,-2.1,-4.2,-37.8,322.2,1.47,-2.57,-0.09,16.19,100,AUTO.LOITER,1,1
2026-08-12T03:15:54,1786479355,13.822522,100.512179,19.1,3.27,-1.4,-4.2,-60.3,299.7,1.47,-2.57,-0.09,16.19,100,0,0,1
2026-08-12T03:15:55,1786479356,13.822535,100.512157,19.2,3.35,-1.1,5.8,-65.8,294.2,1.44,-2.54,-0.08,16.19,100,AUTO.LOITER,1,1
2026-08-12T03:15:56,1786479357,13.822545,100.512138,19.3,3.42,-0.3,3.2,-58.8,301.2,0.88,-1.57,-0.03,16.19,100,AUTO.LOITER,1,1
2026-08-12T03:15:57,1786479358,13.822551,100.512127,19.3,3.44,3.6,3.7,-58.2,301.8,0.49,-0.91,-0.02,16.19,100,AUTO.LOITER,1,1
2026-08-12T03:15:58,1786479359,13.822558,100.512126,19.3,3.45,9.7,-3.3,-50.2,309.8,1.17,0.71,-0.07,16.19,100,AUTO.LOITER,1,1
2026-08-12T03:15:59,1786479360,13.822579,100.512135,19.3,3.48,-2.0,-2.3,-16.7,343.3,3.02,0.84,0.02,16.18,100,AUTO.LOITER,1,1
2026-08-12T03:16:00,1786479361,13.822605,100.512141,19.3,3.48,0.2,-2.3,12.0,12.0,2.69,0.88,-0.01,16.18,100,0,0,1
2026-08-12T03:16:01,1786479362,13.822622,100.512147,19.0,3.48,-1.3,5.5,19.7,19.7,2.69,0.88,-0.01,16.18,100,AUTO.LOITER,1,1
2026-08-12T03:16:02,1786479363,13.82264,100.512152,19.4,3.52,-0.0,4.5,19.4,19.4,1.14,0.35,0.01,16.18,100,AUTO.LOITER,1,1
2026-08-12T03:16:03,1786479364,13.82264,100.512152,19.4,3.52,-9.7,11.8,11.9,11.9,1.14,0.35,0.01,16.18,100,0,0,1
2026-08-12T03:16:04,1786479365,13.822645,100.51215,19.4,3.57,-12.2,1.4,-3.0,357.0,-0.22,-1.03,0.01,16.18,100,AUTO.LOITER,1,1
2026-08-12T03:16:05,1786479366,13.82264,100.512133,19.5,3.63,-0.7,1.0,-37.0,323.0,-0.67,-2.7,-0.02,16.18,100,AUTO.LOITER,1,1
2026-08-12T03:16:06,1786479367,13.822637,100.512106,19.5,3.67,-3.4,-1.4,-50.7,309.3,-0.62,-2.91,-0.06,16.18,99,AUTO.LOITER,1,1
2026-08-12T03:16:07,1786479368,13.822631,100.51208,19.6,3.76,0.1,-3.2,-71.4,288.6,-0.58,-3.06,-0.07,16.18,99,AUTO.LOITER,1,1
2026-08-12T03:16:08,1786479369,13.822626,100.512052,19.7,3.82,0.3,-1.0,-94.9,265.1,-0.48,-2.98,-0.07,16.18,99,AUTO.LOITER,1,1
2026-08-12T03:16:09,1786479370,13.822622,100.512029,19.7,3.86,0.5,5.6,-104.1,255.9,-0.27,-1.94,-0.09,16.18,99,AUTO.LOITER,1,1
2026-08-12T03:16:10,1786479371,13.82262,100.512018,19.3,3.86,1.4,2.1,-100.8,259.2,-0.27,-1.94,-0.09,16.18,99,AUTO.LOITER,1,1
2026-08-12T03:16:11,1786479372,13.82262,100.512015,19.7,3.9,4.7,12.3,-88.6,271.4,-0.06,-1.16,-0.06,16.18,99,0,0,1
2026-08-12T03:16:12,1786479373,13.822621,100.512011,19.8,3.92,11.8,4.9,-72.5,287.5,0.49,0.69,-0.03,16.18,99,AUTO.LOITER,1,1
2026-08-12T03:16:13,1786479374,13.82263,100.512026,19.8,3.94,7.9,-0.7,-57.6,302.4,1.75,2.36,-0.02,16.18,99,AUTO.LOITER,1,1
2026-08-12T03:16:14,1786479375,13.82263,100.512026,19.8,3.94,-3.3,-0.3,-41.2,318.8,1.75,2.36,-0.02,16.18,99,0,0,1
2026-08-12T03:16:15,1786479376,13.822663,100.51207,19.7,3.89,-3.3,-0.3,-41.2,318.8,1.79,2.5,-0.07,16.18,99,0,0,1
2026-08-12T03:16:16,1786479377,13.82268,100.512092,19.7,3.89,-0.6,-0.4,18.6,18.6,1.75,2.41,-0.09,16.17,99,AUTO.LOITER,1,1
2026-08-12T03:16:17,1786479378,13.822696,100.512114,19.7,3.9,-1.5,-0.5,31.9,31.9,1.76,2.37,-0.09,16.17,99,AUTO.LOITER,1,1
2026-08-12T03:16:18,1786479379,13.822696,100.512114,19.7,3.9,-0.9,0.9,55.3,55.3,1.76,2.37,-0.09,16.17,99,0,0,1
2026-08-12T03:16:19,1786479380,13.822712,100.512137,19.8,3.92,-1.5,-0.1,56.7,56.7,1.72,2.3,-0.09,16.17,99,0,0,1
2026-08-12T03:16:20,1786479381,13.822728,100.512159,19.8,3.92,-1.6,-0.0,48.8,48.8,1.77,2.31,-0.07,16.17,99,AUTO.LOITER,1,1
2026-08-12T03:16:21,1786479382,13.822745,100.512181,19.8,3.92,-1.5,-0.4,49.5,49.5,1.79,2.3,-0.08,16.17,99,AUTO.LOITER,1,1
2026-08-12T03:16:22,1786479383,13.822758,100.5122,19.3,3.92,-1.9,5.7,53.4,53.4,1.79,2.3,-0.08,16.17,99,AUTO.LOITER,1,1
2026-08-12T03:16:23,1786479384,13.822758,100.5122,19.3,3.92,-1.9,5.7,53.4,53.4,1.79,2.3,-0.08,16.17,99,0,0,1
2026-08-12T03:16:24,1786479385,13.822781,100.51223,19.8,3.94,-1.3,4.0,53.0,53.0,0.67,0.78,-0.11,16.17,99,AUTO.LOITER,1,1
2026-08-12T03:16:25,1786479386,13.822788,100.51223,19.4,3.94,-10.9,6.8,46.7,46.7,0.67,0.78,-0.11,16.17,99,AUTO.LOITER,1,1
2026-08-12T03:16:26,1786479387,13.82279,100.512228,19.8,3.98,-1.8,-6.0,18.7,18.7,1.34,-0.91,-0.09,16.17,99,0,0,1
2026-08-12T03:16:27,1786479388,13.822809,100.512219,19.8,3.98,-6.4,11.5,-12.7,347.3,2.28,-0.81,-0.01,16.17,99,AUTO.LOITER,1,1
2026-08-12T03:16:28,1786479389,13.82282,100.512214,19.8,3.97,-4.2,1.5,-32.6,327.4,0.21,-0.84,-0.02,16.17,99,AUTO.LOITER,1,1
2026-08-12T03:16:29,1786479390,13.822814,100.512203,19.8,3.97,-13.8,-4.0,-43.8,316.2,-0.91,-1.32,-0.1,16.17,99,AUTO.LOITER,1,1
2026-08-12T03:16:30,1786479391,13.822803,100.512186,19.4,3.97,-10.6,-5.2,-57.7,302.3,-0.91,-1.32,-0.1,16.16,99,0,0,1
2026-08-12T03:16:31,1786479392,13.822786,100.51216,19.8,3.98,-1.7,-2.4,-84.0,276.0,-1.72,-2.35,-0.04,16.16,99,AUTO.LOITER,1,1
2026-08-12T03:16:32,1786479393,13.82277,100.512137,19.8,3.99,1.7,-2.0,-120.0,240.0,-1.69,-2.52,-0.02,16.16,99,AUTO.LOITER,1,1
2026-08-12T03:16:33,1786479394,13.822755,100.512114,19.8,3.99,1.4,-2.3,-128.6,231.4,-1.65,-2.44,-0.04,16.16,99,AUTO.LOITER,1,1
2026-08-12T03:16:34,1786479395,13.822755,100.512114,19.8,3.99,2.0,-2.3,-126.9,233.1,-1.65,-2.44,-0.04,16.16,99,0,0,1
2026-08-12T03:16:35,1786479396,13.82274,100.512091,19.8,3.98,1.2,-2.8,-120.7,239.3,-1.59,-2.44,-0.02,16.16,98,AUTO.LOITER,1,1
2026-08-12T03:16:36,1786479397,13.822724,100.512068,19.8,3.98,1.4,-2.3,-124.5,235.5,-1.63,-2.44,-0.03,16.16,98,AUTO.LOITER,1,1
2026-08-12T03:16:37,1786479398,13.822709,100.512046,19.9,4.0,1.9,-3.0,-125.8,234.2,-1.62,-2.41,-0.01,16.16,98,AUTO.LOITER,1,1
2026-08-12T03:16:38,1786479399,13.822694,100.512023,19.9,4.01,1.2,-2.8,-124.4,235.6,-1.63,-2.47,0.0,16.16,98,AUTO.LOITER,1,1
2026-08-12T03:16:39,1786479400,13.822679,100.512001,19.8,4.0,1.6,5.9,-123.7,236.3,-1.39,-2.06,-0.01,16.16,98,AUTO.LOITER,1,1
2026-08-12T03:16:40,1786479401,13.822669,100.511987,19.8,3.99,1.5,1.3,-124.1,235.9,-0.75,-1.2,-0.01,16.16,98,AUTO.LOITER,1,1
2026-08-12T03:16:41,1786479402,13.822665,100.511978,19.9,4.01,4.4,2.2,-124.1,235.9,0.14,-0.89,-0.06,16.16,98,AUTO.LOITER,1,1
2026-08-12T03:16:42,1786479403,13.822674,100.51197,19.5,4.01,7.6,-3.5,-114.3,245.7,0.14,-0.89,-0.06,16.16,98,AUTO.LOITER,1,1
2026-08-12T03:16:43,1786479404,13.822675,100.511968,19.9,4.05,-5.5,4.0,-81.0,279.0,1.52,-1.51,-0.02,16.16,98,0,0,1
2026-08-12T03:16:44,1786479405,13.822686,100.511954,19.5,4.05,8.9,6.0,-53.4,306.6,1.52,-1.51,-0.02,16.16,98,AUTO.LOITER,1,1
2026-08-12T03:16:45,1786479406,13.822693,100.511951,19.9,4.01,8.9,6.0,-53.4,306.6,0.75,0.79,0.01,16.16,98,AUTO.LOITER,1,1
2026-08-12T03:16:46,1786479407,13.822705,100.511965,19.9,4.04,6.8,-4.0,-21.0,339.0,1.75,2.28,0.03,16.16,98,AUTO.LOITER,1,1
2026-08-12T03:16:47,1786479408,13.822723,100.511987,19.9,4.02,1.3,-0.4,6.4,6.4,1.67,2.2,0.01,16.15,98,AUTO.LOITER,1,1
2026-08-12T03:16:48,1786479409,13.822739,100.512009,19.9,4.03,-1.3,-1.0,31.0,31.0,1.76,2.46,0.01,16.15,98,AUTO.LOITER,1,1
2026-08-12T03:16:49,1786479410,13.822756,100.512031,19.9,4.04,-0.4,0.3,52.9,52.9,1.79,2.29,0.01,16.15,98,AUTO.LOITER,1,1
2026-08-12T03:16:50,1786479411,13.822772,100.512053,19.9,4.05,-0.2,-0.7,57.8,57.8,1.75,2.32,0.02,16.15,98,AUTO.LOITER,1,1
2026-08-12T03:16:51,1786479412,13.822772,100.512053,19.9,4.05,-1.2,-0.4,51.2,51.2,1.75,2.32,0.02,16.15,98,0,0,1
2026-08-12T03:16:52,1786479413,13.822789,100.512075,19.9,4.05,-0.5,-0.7,48.5,48.5,1.8,2.28,0.03,16.15,98,0,0,1
2026-08-12T03:16:53,1786479414,13.822805,100.512096,19.9,4.06,-1.1,-1.1,52.5,52.5,1.81,2.32,0.04,16.15,98,AUTO.LOITER,1,1
2026-08-12T03:16:54,1786479415,13.822822,100.512118,19.9,4.04,-0.7,-1.1,52.8,52.8,1.87,2.31,0.02,16.15,98,AUTO.LOITER,1,1
2026-08-12T03:16:55,1786479416,13.822839,100.51214,19.9,4.05,-0.4,2.0,51.3,51.3,1.85,2.33,0.02,16.15,98,AUTO.LOITER,1,1
2026-08-12T03:16:56,1786479417,13.822852,100.512157,19.9,4.05,0.2,4.7,51.8,51.8,1.14,1.45,0.04,16.15,98,AUTO.LOITER,1,1
2026-08-12T03:16:57,1786479418,13.822861,100.512168,19.9,4.06,-1.8,4.0,53.5,53.5,0.66,0.92,0.03,16.15,98,AUTO.LOITER,1,1
2026-08-12T03:16:58,1786479419,13.822868,100.51217,19.9,4.08,-8.5,0.2,44.4,44.4,1.02,-0.73,0.04,16.15,98,AUTO.LOITER,1,1
2026-08-12T03:16:59,1786479420,13.822885,100.51216,19.9,4.1,-8.2,-8.7,30.2,30.2,2.39,-1.04,0.1,16.15,98,AUTO.LOITER,1,1
2026-08-12T03:17:00,1786479421,13.822885,100.51216,19.9,4.1,-0.7,11.3,-4.3,355.7,2.39,-1.04,0.1,16.15,98,0,0,1
2026-08-12T03:17:01,1786479422,13.8229,100.512155,19.9,4.07,-4.7,4.9,-26.3,333.7,0.69,-0.67,0.05,16.15,98,0,0,1
2026-08-12T03:17:02,1786479423,13.822897,100.512146,19.9,4.04,-15.9,-4.4,-48.6,311.4,-0.68,-1.05,0.02,16.14,98,AUTO.LOITER,1,1
2026-08-12T03:17:03,1786479424,13.822886,100.512128,19.9,4.04,-2.0,-1.6,-62.9,297.1,-1.82,-2.59,0.06,16.14,97,AUTO.LOITER,1,1
2026-08-12T03:17:04,1786479425,13.822871,100.512105,19.9,4.0,-2.6,-3.3,-88.5,271.5,-1.65,-2.27,0.0,16.14,97,0,0,1
2026-08-12T03:17:05,1786479426,13.822855,100.512083,19.8,3.98,0.7,-1.4,-112.7,247.3,-1.77,-2.47,-0.02,16.14,97,AUTO.LOITER,1,1
2026-08-12T03:17:06,1786479427,13.822855,100.512083,19.8,3.98,1.1,-1.6,-123.8,236.2,-1.77,-2.47,-0.02,16.14,97,0,0,1
2026-08-12T03:17:07,1786479428,13.822827,100.51204,19.4,3.98,0.8,-1.8,-129.7,230.3,-1.77,-2.47,-0.02,16.14,97,AUTO.LOITER,1,1
2026-08-12T03:17:08,1786479429,13.822827,100.51204,19.4,3.98,0.8,-1.8,-121.3,238.7,-1.77,-2.47,-0.02,16.14,97,0,0,1
2026-08-12T03:17:09,1786479430,13.822809,100.512014,19.8,3.95,0.6,-2.2,-122.9,237.1,-1.62,-2.43,-0.06,16.14,97,AUTO.LOITER,1,1
2026-08-12T03:17:10,1786479431,13.822794,100.511991,19.8,3.94,0.8,-2.1,-125.8,234.2,-1.64,-2.44,-0.07,16.14,97,AUTO.LOITER,1,1
2026-08-12T03:17:11,1786479432,13.822778,100.511968,19.8,3.94,0.9,-2.3,-125.2,234.8,-1.64,-2.44,-0.08,16.14,97,AUTO.LOITER,1,1
2026-08-12T03:17:12,1786479433,13.822763,100.511946,19.8,3.92,0.1,5.0,-123.6,236.4,-1.57,-2.35,-0.09,16.14,97,AUTO.LOITER,1,1
2026-08-12T03:17:13,1786479434,13.822752,100.51193,19.8,3.92,1.4,2.5,-124.0,236.0,-0.9,-1.37,-0.09,16.14,97,AUTO.LOITER,1,1
2026-08-12T03:17:14,1786479435,13.822747,100.511921,19.2,3.92,0.4,1.6,-124.1,235.9,-0.9,-1.37,-0.09,16.14,97,0,0,1
2026-08-12T03:17:15,1786479436,13.822749,100.511913,18.9,3.92,0.4,1.6,-124.1,235.9,-0.9,-1.37,-0.09,16.14,97,0,0,1
2026-08-12T03:17:16,1786479437,13.822749,100.511913,18.9,3.92,-6.9,1.0,-95.1,264.9,-0.9,-1.37,-0.09,16.14,97,0,0,1
2026-08-12T03:17:17,1786479438,13.822758,100.511903,19.2,3.36,3.4,7.8,-65.3,294.7,0.45,-0.46,0.06,16.14,97,AUTO.LOITER,1,1
2026-08-12T03:17:18,1786479439,13.822759,100.511911,19.1,3.25,8.6,9.1,-43.5,316.5,0.09,1.47,-0.15,16.14,97,AUTO.LOITER,1,1
2026-08-12T03:17:19,1786479440,13.82276,100.511932,19.2,3.31,1.3,1.4,-33.1,326.9,0.05,3.12,-0.14,16.13,97,AUTO.LOITER,1,1
2026-08-12T03:17:20,1786479441,13.822761,100.51196,19.2,3.36,1.3,1.4,-6.5,353.5,0.0,2.98,-0.19,16.13,97,AUTO.LOITER,1,1
2026-08-12T03:17:21,1786479442,13.822762,100.511987,19.3,3.42,-0.3,0.3,19.3,19.3,-0.08,3.05,-0.2,16.13,97,AUTO.LOITER,1,1
2026-08-12T03:17:22,1786479443,13.822763,100.512011,18.6,3.42,-0.0,0.7,43.3,43.3,-0.08,3.05,-0.2,16.13,97,0,0,1
2026-08-12T03:17:23,1786479444,13.822763,100.512011,18.6,3.42,0.0,0.4,55.7,55.7,-0.08,3.05,-0.2,16.13,97,0,0,1
2026-08-12T03:17:24,1786479445,13.822763,100.512011,18.6,3.42,-0.0,0.9,80.9,80.9,-0.08,3.05,-0.2,16.13,97,0,0,1
2026-08-12T03:17:25,1786479446,13.822763,100.512011,18.6,3.42,-0.0,0.9,80.9,80.9,-0.08,3.05,-0.2,16.13,97,AUTO.LOITER,1,1
2026-08-12T03:17:26,1786479447,13.822762,100.512099,19.5,3.67,-0.6,0.4,88.4,88.4,-0.03,2.9,-0.24,16.13,97,0,0,1
2026-08-12T03:17:27,1786479448,13.822762,100.512127,19.6,3.73,-0.5,5.5,85.2,85.2,0.05,2.85,-0.22,16.13,97,AUTO.LOITER,1,1
2026-08-12T03:17:28,1786479449,13.822763,100.512148,19.6,3.76,0.1,5.3,88.1,88.1,0.05,1.7,-0.2,16.13,97,AUTO.LOITER,1,1
2026-08-12T03:17:29,1786479450,13.822763,100.51216,19.6,3.78,-1.9,5.7,90.8,90.8,0.0,1.01,-0.21,16.13,97,AUTO.LOITER,1,1
2026-08-12T03:17:30,1786479451,13.822765,100.512169,19.7,3.81,1.6,2.3,78.4,78.4,0.27,1.04,-0.19,16.13,96,AUTO.LOITER,1,1
2026-08-12T03:17:31,1786479452,13.822766,100.512175,19.7,3.85,-4.0,11.2,69.5,69.5,0.12,0.0,-0.14,16.13,96,AUTO.LOITER,1,1
2026-08-12T03:17:32,1786479453,13.822766,100.512175,18.7,3.85,0.0,3.3,71.5,71.5,0.12,0.0,-0.14,16.13,96,AUTO.LOITER,1,1
2026-08-12T03:17:33,1786479454,13.822766,100.512175,19.4,3.56,-0.4,0.2,75.8,75.8,0.02,0.0,0.2,16.13,96,AUTO.LOITER,1,1
2026-08-12T03:17:34,1786479455,13.822766,100.512175,19.1,3.22,-0.5,1.0,74.6,74.6,0.05,0.0,0.21,16.13,96,AUTO.LAND,1,1
2026-08-12T03:17:35,1786479456,13.822765,100.512175,18.1,3.22,-0.4,1.7,73.4,73.4,0.05,0.0,0.21,16.12,96,AUTO.LAND,1,1
2026-08-12T03:17:36,1786479457,13.822766,100.512175,18.3,2.44,-0.5,1.5,74.3,74.3,0.05,0.05,0.25,16.12,96,AUTO.LAND,1,1
2026-08-12T03:17:37,1786479458,13.822766,100.512175,17.9,2.07,-0.3,1.5,75.1,75.1,0.04,0.05,0.27,16.12,96,AUTO.LAND,1,1
2026-08-12T03:17:38,1786479459,13.822766,100.512175,17.6,1.76,-0.3,1.4,74.4,74.4,0.04,0.04,0.2,16.12,96,AUTO.LAND,1,1
2026-08-12T03:17:39,1786479460,13.822766,100.512175,17.3,1.48,-0.3,1.3,74.4,74.4,0.04,0.06,0.21,16.12,96,AUTO.LAND,1,1
2026-08-12T03:17:40,1786479461,13.822766,100.512175,17.1,1.21,0.1,1.8,74.7,74.7,0.03,0.02,0.23,16.12,96,AUTO.LAND,1,1
2026-08-12T03:17:41,1786479462,13.822766,100.512175,16.8,0.93,0.1,1.0,74.6,74.6,0.0,0.05,0.24,16.12,96,AUTO.LAND,1,1
2026-08-12T03:17:42,1786479463,13.822766,100.512175,16.8,0.93,-0.3,2.1,74.5,74.5,0.0,0.05,0.24,16.12,96,0,0,1
2026-08-12T03:17:43,1786479464,13.822766,100.512175,16.4,0.6,-0.5,0.9,74.5,74.5,0.01,0.0,0.21,16.12,96,0,0,1
2026-08-12T03:17:44,1786479465,13.822766,100.512175,16.5,0.68,-0.5,0.9,74.5,74.5,0.05,0.03,-0.73,16.12,96,0,0,1
2026-08-12T03:17:45,1786479466,13.822766,100.512175,16.5,0.68,0.0,1.5,74.5,74.5,0.05,0.03,-0.73,16.12,96,0,0,1
2026-08-12T03:17:46,1786479467,13.822766,100.512175,18.2,2.36,-0.1,0.9,74.5,74.5,0.01,0.0,-0.84,16.12,96,AUTO.TAKEOFF,1,1
2026-08-12T03:17:47,1786479468,13.822766,100.512175,18.9,3.05,-0.1,1.3,74.5,74.5,0.0,0.04,-0.59,16.12,96,AUTO.LOITER,1,1
2026-08-12T03:17:48,1786479469,13.822766,100.512175,19.0,3.18,-0.3,1.6,74.5,74.5,0.01,0.0,0.03,16.11,96,AUTO.LOITER,1,1
2026-08-12T03:17:49,1786479470,13.822766,100.512175,19.0,3.18,-3.3,12.9,72.0,72.0,0.01,0.0,0.03,16.11,96,0,0,1
2026-08-12T03:17:50,1786479471,13.822766,100.51217,19.2,3.32,-6.8,8.0,50.1,50.1,-0.04,-1.52,-0.05,16.11,96,AUTO.LOITER,1,1
2026-08-12T03:17:51,1786479472,13.822765,100.512146,19.3,3.44,-1.6,0.5,32.9,32.9,0.0,-3.07,-0.17,16.11,96,AUTO.LOITER,1,1
2026-08-12T03:17:52,1786479473,13.822766,100.512121,19.4,3.57,2.0,-0.1,4.5,4.5,0.01,-2.23,-0.16,16.11,96,AUTO.LOITER,1,1
2026-08-12T03:17:53,1786479474,13.822766,100.512105,19.6,3.7,2.5,0.8,-16.1,343.9,0.04,-1.49,-0.14,16.11,96,AUTO.LOITER,1,1
2026-08-12T03:17:54,1786479475,13.822765,100.512093,19.7,3.81,-2.4,0.4,-28.1,331.9,-0.1,-1.38,-0.12,16.11,96,AUTO.LOITER,1,1
2026-08-12T03:17:55,1786479476,13.822764,100.512082,19.3,3.81,5.9,6.4,-54.7,305.3,-0.1,-1.38,-0.12,16.11,96,AUTO.LOITER,1,1
2026-08-12T03:17:56,1786479477,13.822765,100.512081,19.7,3.88,3.4,1.4,-75.6,284.4,0.0,-0.51,-0.04,16.11,96,0,0,1
2026-08-12T03:17:57,1786479478,13.822765,100.512079,19.6,3.73,-1.7,0.6,-76.6,283.4,0.15,0.17,0.42,16.11,96,AUTO.LOITER,1,1
2026-08-12T03:17:58,1786479479,13.822765,100.512079,19.2,3.36,-0.7,0.0,-67.6,292.4,0.07,0.07,0.35,16.11,96,AUTO.LOITER,1,1
2026-08-12T03:17:59,1786479480,13.822765,100.512079,18.8,2.98,-0.5,-0.8,-68.1,291.9,0.02,0.08,0.37,16.11,95,AUTO.LAND,1,1
2026-08-12T03:18:00,1786479481,13.822766,100.51208,18.4,2.59,-0.8,-1.3,-71.8,288.2,0.01,0.04,0.39,16.11,95,AUTO.LAND,1,1
2026-08-12T03:18:01,1786479482,13.822766,100.51208,18.0,2.19,-0.9,-0.8,-71.4,288.6,-0.02,0.01,0.38,16.11,95,AUTO.LAND,1,1
2026-08-12T03:18:02,1786479483,13.822766,100.51208,17.3,2.19,-1.1,-1.2,-69.7,290.3,-0.02,0.01,0.38,16.11,95,AUTO.LAND,1,1
2026-08-12T03:18:03,1786479484,13.822766,100.51208,17.7,1.8,-0.1,-0.8,-70.3,289.7,-0.05,-0.02,0.34,16.11,95,0,0,1
2026-08-12T03:18:04,1786479485,13.822766,100.51208,17.0,1.8,-0.5,-0.8,-70.7,289.3,-0.05,-0.02,0.34,16.11,95,AUTO.LAND,1,1
2026-08-12T03:18:05,1786479486,13.822765,100.51208,16.7,1.8,-0.5,-0.8,-70.7,289.3,-0.05,-0.02,0.34,16.11,95,AUTO.LAND,1,1
2026-08-12T03:18:06,1786479487,13.822765,100.51208,16.7,1.8,-0.5,-1.1,-70.3,289.7,-0.05,-0.02,0.34,16.11,95,AUTO.LAND,1,1
2026-08-12T03:18:07,1786479488,13.822766,100.512081,16.2,1.8,-0.6,-1.0,-70.4,289.6,-0.05,-0.02,0.34,16.1,95,AUTO.LAND,1,1
2026-08-12T03:18:08,1786479489,13.822765,100.51208,16.5,0.67,-0.1,-0.9,-70.5,289.5,-0.01,-0.04,-0.71,16.1,95,AUTO.TAKEOFF,1,1
2026-08-12T03:18:09,1786479490,13.822766,100.51208,17.0,0.67,-0.5,-0.7,-70.5,289.5,-0.01,-0.04,-0.71,16.1,95,AUTO.TAKEOFF,1,1
2026-08-12T03:18:10,1786479491,13.822766,100.51208,17.4,1.59,-0.3,-0.6,-70.5,289.5,0.01,-0.04,-0.86,16.1,95,0,0,1
2026-08-12T03:18:11,1786479492,13.822766,100.51208,18.3,2.46,-0.8,-0.6,-70.5,289.5,0.01,-0.01,-0.73,16.1,95,AUTO.TAKEOFF,1,1
2026-08-12T03:18:12,1786479493,13.822766,100.51208,19.0,3.1,-0.4,-0.4,-70.5,289.5,0.0,-0.03,-0.55,16.1,95,AUTO.LOITER,1,1
2026-08-12T03:18:13,1786479494,13.822765,100.51208,19.1,3.22,-4.2,-2.2,-70.7,289.3,0.0,-0.03,0.06,16.1,95,AUTO.LOITER,1,1
2026-08-12T03:18:14,1786479495,13.822759,100.512077,19.1,3.27,-12.5,-1.5,-83.5,276.5,-1.75,-0.59,0.01,16.1,95,AUTO.LOITER,1,1
2026-08-12T03:18:15,1786479496,13.822735,100.512068,19.2,3.32,2.0,-0.5,-116.0,244.0,-2.87,-1.11,-0.07,16.1,95,AUTO.LOITER,1,1
2026-08-12T03:18:16,1786479497,13.822711,100.512058,19.3,3.43,-2.2,-1.7,-130.9,229.1,-2.78,-0.99,-0.09,16.1,95,AUTO.LOITER,1,1
2026-08-12T03:18:17,1786479498,13.822711,100.512058,19.3,3.43,1.5,-1.8,-152.6,207.4,-2.78,-0.99,-0.09,16.1,95,0,0,1
2026-08-12T03:18:18,1786479499,13.822685,100.512049,19.4,3.57,0.3,-1.8,-164.4,195.6,-2.83,-1.12,-0.1,16.1,95,0,0,1
2026-08-12T03:18:19,1786479500,13.82266,100.512039,19.6,3.73,0.9,-1.6,-158.5,201.5,-2.79,-1.07,-0.08,16.1,95,AUTO.LOITER,1,1
2026-08-12T03:18:20,1786479501,13.822635,100.51203,19.7,3.85,1.8,6.4,-155.9,204.1,-2.58,-1.02,-0.03,16.09,95,AUTO.LOITER,1,1
2026-08-12T03:18:21,1786479502,13.822618,100.512023,19.8,3.93,0.5,3.4,-158.4,201.6,-1.45,-0.61,0.0,16.09,95,AUTO.LOITER,1,1
2026-08-12T03:18:22,1786479503,13.822608,100.512019,19.8,3.99,3.5,-1.1,-159.3,200.7,-0.9,-0.42,0.01,16.09,95,AUTO.LOITER,1,1
2026-08-12T03:18:23,1786479504,13.822601,100.512015,19.9,4.05,-0.7,4.3,-154.0,206.0,-0.43,-0.2,0.07,16.09,95,0,0,1
2026-08-12T03:18:24,1786479505,13.822601,100.512015,19.9,4.05,1.6,3.8,-148.8,211.2,-0.43,-0.2,0.07,16.09,95,0,0,1
2026-08-12T03:18:25,1786479506,13.822598,100.512014,19.6,3.79,0.6,-0.7,-153.5,206.5,0.1,0.01,0.46,16.09,95,0,0,1
2026-08-12T03:18:26,1786479507,13.822599,100.512014,19.3,3.42,1.1,-0.3,-153.6,206.4,0.06,0.03,0.47,16.09,95,AUTO.LAND,1,1
2026-08-12T03:18:27,1786479508,13.822599,100.512014,19.3,3.42,1.1,-0.3,-153.6,206.4,0.06,0.03,0.47,16.09,95,0,0,1
2026-08-12T03:18:28,1786479509,13.8226,100.512013,18.4,3.42,1.1,-0.3,-153.6,206.4,0.06,0.03,0.47,16.09,94,0,0,1
2026-08-12T03:18:29,1786479510,13.822599,100.512014,18.1,2.23,1.2,-0.3,-152.8,207.2,-0.01,0.05,0.47,16.09,94,0,0,1
2026-08-12T03:18:30,1786479511,13.8226,100.512014,17.7,1.83,1.1,-0.9,-152.6,207.4,0.0,0.02,0.47,16.09,94,AUTO.LAND,1,1
2026-08-12T03:18:31,1786479512,13.8226,100.512014,17.3,1.47,1.1,-0.6,-152.3,207.7,-0.02,0.02,0.37,16.09,94,AUTO.LAND,1,1
2026-08-12T03:18:32,1786479513,13.8226,100.512014,17.0,1.14,1.0,-0.5,-152.4,207.6,-0.02,0.04,0.34,16.09,94,0,0,1
2026-08-12T03:18:33,1786479514,13.8226,100.512014,16.5,1.14,1.6,-1.1,-152.6,207.4,-0.02,0.04,0.34,16.09,94,0,0,1
2026-08-12T03:18:34,1786479515,13.8226,100.512014,16.7,0.81,1.7,-0.5,-152.5,207.5,-0.05,0.0,0.32,16.09,94,0,0,1
2026-08-12T03:18:35,1786479516,13.8226,100.512014,16.4,0.52,1.6,-0.5,-152.5,207.5,-0.02,0.0,0.3,16.09,94,0,0,1
2026-08-12T03:18:36,1786479517,13.8226,100.512014,16.4,0.51,1.3,-0.6,-152.5,207.5,0.0,-0.01,-0.7,16.09,94,AUTO.TAKEOFF,1,1
2026-08-12T03:18:37,1786479518,13.822599,100.512014,17.3,1.43,1.9,-0.4,-152.5,207.5,0.01,0.0,-0.88,16.08,94,0,0,1
2026-08-12T03:18:38,1786479519,13.8226,100.512014,18.1,2.3,1.7,-0.9,-152.5,207.5,0.02,0.0,-0.76,16.08,94,0,0,1
2026-08-12T03:18:39,1786479520,13.822599,100.512014,18.6,2.3,1.8,-0.7,-152.5,207.5,0.02,0.0,-0.76,16.08,94,0,0,1
2026-08-12T03:18:40,1786479521,13.822599,100.512014,18.8,2.96,1.8,-0.5,-152.5,207.5,0.0,0.0,-0.55,16.08,94,0,0,1
2026-08-12T03:18:41,1786479522,13.822599,100.512014,19.0,3.17,12.4,3.2,-151.1,208.9,0.02,0.02,0.11,16.08,94,0,0,1
2026-08-12T03:18:42,1786479523,13.822603,100.512011,19.1,3.22,14.3,6.9,-144.9,215.1,1.15,-0.81,-0.03,16.08,94,0,0,1
2026-08-12T03:18:43,1786479524,13.822622,100.511999,19.1,3.28,0.7,-4.2,-116.7,243.3,2.63,-1.75,-0.07,16.08,94,0,0,1
2026-08-12T03:18:44,1786479525,13.822643,100.511984,19.2,3.37,3.9,-3.6,-85.8,274.2,2.41,-1.68,-0.09,16.08,94,0,0,1
2026-08-12T03:18:45,1786479526,13.822666,100.511968,19.3,3.49,-0.4,-2.9,-65.2,294.8,2.57,-1.74,-0.09,16.08,94,AUTO.LOITER,1,1
2026-08-12T03:18:46,1786479527,13.822666,100.511968,19.3,3.49,-0.2,-3.0,-54.0,306.0,2.57,-1.74,-0.09,16.08,94,0,0,1
2026-08-12T03:18:47,1786479528,13.822688,100.511953,19.5,3.61,-1.8,-2.4,-30.8,329.2,2.53,-1.7,-0.09,16.08,94,0,0,1
2026-08-12T03:18:48,1786479529,13.82271,100.511937,19.6,3.74,-1.8,-2.4,-30.8,329.2,2.5,-1.68,-0.1,16.08,94,0,0,1
2026-08-12T03:18:49,1786479530,13.822728,100.511924,19.6,3.74,-1.8,5.8,-35.2,324.8,2.5,-1.68,-0.1,16.08,94,0,0,1
2026-08-12T03:18:50,1786479531,13.822747,100.511911,19.7,3.87,-0.5,1.5,-35.8,324.2,1.3,-0.82,-0.04,16.08,94,0,0,1
2026-08-12T03:18:51,1786479532,13.822757,100.511905,19.8,3.92,-1.8,2.0,-31.6,328.4,0.81,-0.49,-0.03,16.08,94,0,0,1
2026-08-12T03:18:52,1786479533,13.822762,100.511901,19.8,3.95,-1.0,1.7,-32.2,327.8,0.36,-0.21,0.02,16.07,94,0,0,1
2026-08-12T03:18:54,1786479534,13.822762,100.511901,19.8,3.95,-1.5,3.5,-34.1,325.9,0.36,-0.21,0.02,16.07,94,0,0,1
2026-08-12T03:18:55,1786479535,13.822764,100.5119,19.4,3.6,-1.7,-0.8,-33.4,326.6,-0.05,0.07,0.33,16.07,94,0,0,1
2026-08-12T03:18:56,1786479536,13.822764,100.5119,19.1,3.23,-1.3,-1.0,-32.9,327.1,-0.06,0.03,0.39,16.07,94,0,0,1
2026-08-12T03:18:57,1786479537,13.822763,100.5119,18.6,3.23,-1.3,-1.0,-32.9,327.1,-0.06,0.03,0.39,16.07,93,0,0,1
2026-08-12T03:18:58,1786479538,13.822763,100.5119,18.2,3.23,-1.3,-1.0,-32.9,327.1,-0.06,0.03,0.39,16.07,93,0,0,1
2026-08-12T03:18:59,1786479539,13.822763,100.5119,18.2,3.23,-1.2,-1.1,-33.3,326.7,-0.06,0.03,0.39,16.07,93,0,0,1
2026-08-12T03:19:00,1786479540,13.822763,100.511901,17.5,1.63,-1.2,-1.1,-33.3,326.7,-0.01,-0.03,0.38,16.07,93,0,0,1
2026-08-12T03:19:01,1786479541,13.822763,100.511901,17.2,1.31,-1.0,-1.2,-33.2,326.8,0.0,-0.03,0.29,16.07,93,0,0,1
2026-08-12T03:19:02,1786479542,13.822763,100.511901,17.2,1.31,-1.0,-1.1,-33.2,326.8,0.0,-0.03,0.29,16.07,93,0,0,1
2026-08-12T03:19:03,1786479543,13.822763,100.511901,16.9,1.01,-1.2,-0.7,-33.2,326.8,0.02,-0.03,0.29,16.07,93,0,0,1
2026-08-12T03:19:04,1786479544,13.822763,100.511901,16.6,0.73,-0.7,-1.0,-33.2,326.8,-0.01,-0.04,0.29,16.07,93,0,0,1
2026-08-12T03:19:05,1786479545,13.822763,100.511901,16.5,0.67,-1.1,-0.7,-33.2,326.8,0.02,-0.02,-0.76,16.07,93,0,0,1
2026-08-12T03:19:06,1786479546,13.822763,100.511901,17.5,1.62,-1.0,-1.0,-33.2,326.8,0.0,-0.03,-0.64,16.07,93,0,0,1
2026-08-12T03:19:07,1786479547,13.822763,100.511901,17.5,1.62,-0.5,-0.8,-33.2,326.8,0.0,-0.03,-0.64,16.07,93,0,0,1
2026-08-12T03:19:08,1786479548,13.822763,100.511901,17.5,1.62,-0.9,0.1,-33.2,326.8,0.0,-0.03,-0.64,16.07,93,0,0,1
2026-08-12T03:19:09,1786479549,13.822763,100.511901,18.0,2.19,-0.9,0.1,-33.2,326.8,-0.19,0.17,-0.02,16.07,93,0,0,1
2026-08-12T03:19:10,1786479550,13.822757,100.511913,18.1,2.25,-0.9,0.1,-33.2,326.8,-0.93,2.26,-0.03,16.07,93,0,0,1
2026-08-12T03:19:11,1786479551,13.822747,100.511938,18.2,2.32,-0.0,0.4,21.6,21.6,-1.09,2.68,-0.1,16.06,93,0,0,1
2026-08-12T03:19:12,1786479552,13.822737,100.511962,18.3,2.43,1.3,-0.4,44.5,44.5,-1.22,2.85,-0.14,16.06,93,0,0,1
2026-08-12T03:19:13,1786479553,13.822726,100.511988,18.4,2.56,1.3,0.2,66.5,66.5,-1.21,2.82,-0.16,16.06,93,0,0,1
2026-08-12T03:19:14,1786479554,13.822715,100.512013,18.5,2.69,0.6,-0.2,79.7,79.7,-1.24,2.79,-0.17,16.06,93,0,0,1
2026-08-12T03:19:15,1786479555,13.822715,100.512013,18.5,2.69,0.2,-0.4,106.2,106.2,-1.24,2.79,-0.17,16.06,93,0,0,1
2026-08-12T03:19:16,1786479556,13.822705,100.512038,18.7,2.83,0.1,-0.7,120.0,120.0,-1.22,2.79,-0.17,16.06,93,0,0,1
2026-08-12T03:19:17,1786479557,13.822694,100.512064,18.8,2.99,0.2,-0.5,117.3,117.3,-1.24,2.79,-0.16,16.06,93,0,0,1
2026-08-12T03:19:18,1786479558,13.822683,100.512089,19.0,3.13,0.3,-0.5,109.8,109.8,-1.25,2.77,-0.14,16.06,93,0,0,1
2026-08-12T03:19:19,1786479559,13.822672,100.512115,19.1,3.25,0.6,6.1,113.0,113.0,-1.21,2.68,-0.11,16.06,93,0,0,1
2026-08-12T03:19:20,1786479560,13.822664,100.512134,19.2,3.35,0.2,4.6,114.9,114.9,-0.74,1.57,-0.06,16.06,93,0,0,1
2026-08-12T03:19:21,1786479561,13.82266,100.512145,19.3,3.42,-0.3,4.3,114.0,114.0,-0.47,0.87,-0.06,16.06,93,0,0,1
2026-08-12T03:19:22,1786479562,13.82266,100.512145,19.3,3.42,9.3,7.7,118.2,118.2,-0.47,0.87,-0.06,16.06,93,0,0,1
2026-08-12T03:19:23,1786479563,13.822651,100.512144,19.3,3.47,12.1,-2.9,128.5,128.5,-1.41,-0.84,-0.04,16.06,93,AUTO.LOITER,1,1
2026-08-12T03:19:24,1786479564,13.822651,100.512144,19.3,3.47,3.5,0.9,178.5,178.5,-1.41,-0.84,-0.04,16.06,93,0,0,1
2026-08-12T03:19:25,1786479565,13.822603,100.51213,19.3,3.46,1.3,0.7,-170.7,189.3,-2.66,-0.97,-0.01,16.05,93,0,0,1
2026-08-12T03:19:26,1786479566,13.822582,100.512123,19.3,3.48,1.1,4.8,-158.3,201.7,-1.82,-0.62,-0.01,16.05,92,0,0,1
2026-08-12T03:19:27,1786479567,13.82257,100.512119,19.3,3.48,-0.9,4.2,-162.7,197.3,-0.99,-0.34,-0.01,16.05,92,0,0,1
2026-08-12T03:19:28,1786479568,13.822563,100.512123,19.3,3.5,-11.9,-5.0,-172.4,187.6,-0.59,1.17,-0.05,16.05,92,0,0,1
2026-08-12T03:19:29,1786479569,13.822552,100.512139,19.3,3.5,-6.1,-11.3,174.4,174.4,-0.59,1.17,-0.05,16.05,92,0,0,1
2026-08-12T03:19:30,1786479570,13.822549,100.512143,19.4,3.52,-2.4,-0.0,141.4,141.4,-2.07,2.46,0.02,16.05,92,0,0,1
2026-08-12T03:19:31,1786479571,13.822533,100.512163,19.4,3.51,0.4,5.6,122.2,122.2,-1.61,2.28,0.0,16.05,92,0,0,1
2026-08-12T03:19:32,1786479572,13.822533,100.512163,19.4,3.51,0.4,5.6,122.2,122.2,-1.61,2.28,0.0,16.05,92,AUTO.LOITER,1,1
2026-08-12T03:19:33,1786479573,13.822533,100.512163,19.4,3.51,0.0,3.5,125.8,125.8,-1.61,2.28,0.0,16.05,92,AUTO.LOITER,1,1
2026-08-12T03:19:34,1786479574,13.822533,100.512163,19.4,3.51,-3.1,-12.7,120.4,120.4,-1.61,2.28,0.0,16.05,92,AUTO.LOITER,1,1
2026-08-12T03:19:35,1786479575,13.822506,100.512227,19.4,3.57,2.6,-2.6,104.9,104.9,-0.83,2.95,0.04,16.05,92,0,0,1
2026-08-12T03:19:36,1786479576,13.822502,100.512243,19.5,3.57,-1.6,6.1,94.4,94.4,-0.83,2.95,0.04,16.05,92,AUTO.LOITER,1,1
2026-08-12T03:19:37,1786479577,13.822501,100.512248,19.4,3.57,0.5,4.4,107.2,107.2,-0.46,1.94,0.08,16.05,92,0,0,1
2026-08-12T03:19:38,1786479578,13.822497,100.512261,19.4,3.57,0.2,6.4,107.2,107.2,-0.33,1.26,0.08,16.05,92,0,0,1
2026-08-12T03:19:39,1786479579,13.822496,100.512269,18.7,2.82,1.2,6.5,105.0,105.0,-0.11,0.5,1.46,16.05,92,0,0,1
2026-08-12T03:19:40,1786479580,13.822495,100.512271,17.5,1.66,-0.7,1.6,103.9,103.9,-0.05,0.1,0.71,16.05,92,0,0,1
2026-08-12T03:19:41,1786479581,13.822494,100.512272,17.1,1.27,0.3,2.4,105.5,105.5,0.05,0.01,0.48,16.05,92,0,0,1
2026-08-12T03:19:42,1786479582,13.822494,100.512272,16.8,0.93,0.4,1.9,105.6,105.6,0.02,-0.02,0.44,16.04,92,0,0,1
2026-08-12T03:19:43,1786479583,13.822494,100.512272,16.6,0.93,0.1,2.0,104.8,104.8,0.02,-0.02,0.44,16.04,92,AUTO.LAND,1,1
2026-08-12T03:19:44,1786479584,13.822494,100.512272,16.4,0.6,0.3,1.3,104.8,104.8,0.02,-0.05,0.4,16.04,92,0,0,1
2026-08-12T03:19:45,1786479585,13.822494,100.512272,16.1,0.28,-0.1,2.0,105.1,105.1,-0.01,0.0,0.38,16.04,92,0,0,1
2026-08-12T03:19:46,1786479586,13.822494,100.512272,15.8,-0.04,0.1,2.0,105.1,105.1,0.02,0.0,0.35,16.04,92,0,0,1
2026-08-12T03:19:47,1786479587,13.822494,100.512272,15.5,-0.35,0.1,1.9,104.9,104.9,0.0,0.02,0.34,16.04,92,0,0,1
2026-08-12T03:19:48,1786479588,13.822494,100.512273,15.3,-0.52,-0.4,0.2,104.7,104.7,-0.11,0.07,0.08,16.04,92,0,0,1
2026-08-12T03:19:49,1786479589,13.822494,100.512273,15.3,-0.57,-0.5,0.2,104.7,104.7,-0.02,0.02,0.08,16.04,92,0,0,1
2026-08-12T03:19:50,1786479590,13.822494,100.512273,15.3,-0.57,-0.5,0.3,104.6,104.6,-0.02,0.02,0.08,16.04,92,0,0,1
2026-08-12T03:19:51,1786479591,13.822494,100.512272,15.3,-0.55,-0.5,0.3,104.6,104.6,0.03,-0.01,0.04,16.04,92,0,0,1
2026-08-12T03:19:52,1786479592,13.822494,100.512272,15.3,-0.5,-0.4,0.3,104.6,104.6,0.04,-0.03,0.0,16.2,96,0,0,0
2026-08-12T03:19:53,1786479593,13.822495,100.512272,15.4,-0.48,-0.4,0.2,104.6,104.6,0.03,-0.01,-0.01,16.2,96,0,0,0
2026-08-12T03:19:54,1786479594,13.822495,100.512272,15.4,-0.48,-0.4,0.2,104.5,104.5,0.03,-0.01,-0.01,16.2,96,0,0,0
2026-08-12T03:19:55,1786479595,13.822495,100.512272,15.4,-0.48,-0.4,0.2,104.5,104.5,0.03,-0.01,-0.01,16.2,96,0,0,0
2026-08-12T03:19:56,1786479596,13.822495,100.512272,15.4,-0.48,-0.3,0.2,104.5,104.5,0.03,-0.01,-0.01,16.2,96,0,0,0
2026-08-12T03:19:57,1786479597,13.822494,100.512273,15.4,-0.48,-0.3,0.2,104.4,104.4,0.01,0.03,0.0,16.2,96,0,0,0
2026-08-12T03:19:58,1786479598,13.822494,100.512273,15.4,-0.48,-0.3,0.2,104.4,104.4,0.0,0.02,0.0,16.2,100,AUTO.LOITER,0,0
2026-08-12T03:19:59,1786479599,13.822494,100.512272,15.4,-0.48,-0.2,0.2,104.4,104.4,0.0,0.02,0.0,16.2,100,AUTO.LOITER,0,0
2026-08-12T03:20:00,1786479600,13.822494,100.512272,15.4,-0.48,-0.2,0.3,104.3,104.3,0.0,0.0,0.0,16.2,100,AUTO.LOITER,0,0
2026-08-12T03:20:01,1786479601,13.822494,100.512272,15.4,-0.48,-0.2,0.3,104.3,104.3,-0.01,0.0,0.0,16.2,100,AUTO.LOITER,0,0
2026-08-12T03:20:02,1786479602,13.822494,100.512273,15.4,-0.48,-0.2,0.3,104.3,104.3,-0.01,0.0,0.0,16.2,100,AUTO.LOITER,0,0
2026-08-12T03:20:03,1786479603,13.822494,100.512272,15.4,-0.49,-0.2,0.3,104.3,104.3,-0.03,-0.01,0.01,16.2,100,AUTO.LOITER,0,0
2026-08-12T03:20:04,1786479604,13.822494,100.512272,15.3,-0.5,-0.3,0.3,104.2,104.2,-0.03,-0.02,0.01,16.2,100,AUTO.LOITER,0,0
2026-08-12T03:20:05,1786479605,13.822494,100.512272,15.3,-0.5,-0.3,0.3,104.2,104.2,-0.02,-0.02,0.01,16.2,100,AUTO.LOITER,0,0
2026-08-12T03:20:06,1786479606,13.822494,100.512272,15.3,-0.5,-0.3,0.3,104.2,104.2,-0.01,-0.02,0.01,16.2,100,AUTO.LOITER,0,0
2026-08-12T03:20:07,1786479607,13.822494,100.512272,15.4,-0.5,-0.3,0.3,104.2,104.2,0.0,-0.02,0.0,16.2,100,AUTO.LOITER,0,0
2026-08-12T03:20:08,1786479608,13.822495,100.512272,15.4,-0.49,-0.3,0.3,104.2,104.2,0.02,0.0,0.0,16.2,100,AUTO.LOITER,0,0
2026-08-12T03:20:09,1786479609,13.822495,100.512272,15.4,-0.49,-0.3,0.3,104.2,104.2,0.02,0.0,0.0,16.2,100,AUTO.LOITER,0,0
2026-08-12T03:20:10,1786479610,13.822495,100.512272,15.4,-0.49,-0.3,0.2,104.2,104.2,0.02,0.0,0.0,16.2,100,AUTO.LOITER,0,0
2026-08-12T03:20:11,1786479611,13.822495,100.512272,15.4,-0.48,-0.3,0.2,104.2,104.2,0.01,0.0,-0.01,16.2,100,AUTO.LOITER,0,0
2026-08-12T03:20:12,1786479612,13.822495,100.512272,15.4,-0.48,-0.3,0.2,104.1,104.1,0.01,0.0,-0.01,16.2,100,AUTO.LOITER,0,0
2026-08-12T03:20:13,1786479613,13.822495,100.512272,15.4,-0.47,-0.3,0.2,104.1,104.1,0.01,0.0,-0.01,16.2,100,AUTO.LOITER,0,0
2026-08-12T03:20:14,1786479614,13.822495,100.512272,15.4,-0.47,-0.2,0.2,104.1,104.1,0.0,0.0,0.0,16.2,100,AUTO.LOITER,0,0
2026-08-12T03:20:15,1786479615,13.822494,100.512272,15.4,-0.48,-0.2,0.2,104.1,104.1,0.0,0.0,0.0,16.2,100,AUTO.LOITER,0,0
2026-08-12T03:20:16,1786479616,13.822495,100.512272,15.4,-0.48,-0.2,0.2,104.1,104.1,0.0,0.0,0.0,16.2,100,AUTO.LOITER,0,0
2026-08-12T03:20:17,1786479617,13.822494,100.512272,15.4,-0.48,-0.2,0.2,104.1,104.1,0.0,0.0,0.0,16.2,100,AUTO.LOITER,0,0
2026-08-12T03:20:18,1786479618,13.822494,100.512272,15.4,-0.49,-0.2,0.2,104.1,104.1,0.0,0.0,0.0,16.2,100,AUTO.LOITER,0,0
2026-08-12T03:20:19,1786479619,13.822494,100.512272,15.4,-0.49,-0.2,0.2,104.1,104.1,0.0,0.0,0.0,16.2,100,AUTO.LOITER,0,0
2026-08-12T03:20:20,1786479620,13.822495,100.512272,15.4,-0.48,-0.2,0.2,104.0,104.0,0.0,-0.01,-0.01,16.2,100,AUTO.LOITER,0,0
2026-08-12T03:20:21,1786479621,13.822494,100.512272,15.4,-0.47,-0.2,0.2,104.0,104.0,-0.01,-0.02,-0.01,16.2,100,AUTO.LOITER,0,0
2026-08-12T03:20:22,1786479622,13.822494,100.512272,15.4,-0.47,-0.2,0.2,104.0,104.0,-0.02,0.0,-0.01,16.2,100,AUTO.LOITER,0,0
2026-08-12T03:20:23,1786479623,13.822494,100.512272,15.4,-0.47,-0.2,0.2,104.0,104.0,-0.02,-0.01,-0.01,16.2,100,AUTO.LOITER,0,0
2026-08-12T03:20:24,1786479624,13.822494,100.512272,15.4,-0.47,-0.3,0.2,104.0,104.0,-0.01,0.0,-0.01,16.2,100,AUTO.LOITER,0,0
2026-08-12T03:20:25,1786479625,13.822495,100.512273,15.4,-0.47,-0.3,0.2,104.0,104.0,-0.01,0.0,-0.01,16.2,100,AUTO.LOITER,0,0
2026-08-12T03:20:26,1786479626,13.822494,100.512272,15.4,-0.47,-0.3,0.2,104.0,104.0,-0.01,0.0,-0.01,16.2,100,AUTO.LOITER,0,0
2026-08-12T03:20:27,1786479627,13.822494,100.512272,15.4,-0.47,-0.3,0.2,104.0,104.0,-0.02,0.0,-0.01,16.2,100,AUTO.LOITER,0,0
2026-08-12T03:20:28,1786479628,13.822494,100.512272,15.4,-0.47,-0.3,0.2,104.0,104.0,-0.03,0.0,-0.03,16.2,100,AUTO.LOITER,0,0
2026-08-12T03:20:29,1786479629,13.822494,100.512272,15.4,-0.45,-0.4,0.2,104.0,104.0,-0.01,0.0,-0.04,16.2,100,AUTO.LOITER,0,0
2026-08-12T03:20:30,1786479630,13.822494,100.512272,15.4,-0.45,-0.4,0.2,104.0,104.0,0.0,0.0,-0.04,16.2,100,AUTO.LOITER,0,0
2026-08-12T03:20:31,1786479631,13.822494,100.512272,15.4,-0.45,-0.4,0.2,104.0,104.0,0.0,0.0,-0.03,16.2,100,AUTO.LOITER,0,0
2026-08-12T03:20:32,1786479632,13.822494,100.512273,15.4,-0.45,-0.4,0.2,104.0,104.0,0.0,0.0,-0.03,16.2,100,AUTO.LOITER,0,0
2026-08-12T03:20:33,1786479633,13.822494,100.512273,15.4,-0.45,-0.4,0.2,104.0,104.0,0.0,0.0,-0.03,16.2,100,AUTO.LOITER,0,0
2026-08-12T03:20:34,1786479634,13.822494,100.512273,15.4,-0.46,-0.4,0.2,104.0,104.0,0.02,0.0,-0.02,16.2,100,AUTO.LOITER,0,0
2026-08-12T03:20:35,1786479635,13.822495,100.512272,15.4,-0.47,-0.3,0.2,104.0,104.0,0.03,0.0,-0.01,16.2,100,AUTO.LOITER,0,0
2026-08-12T03:20:36,1786479636,13.822494,100.512272,15.4,-0.48,-0.3,0.2,104.0,104.0,0.01,0.0,0.0,16.2,100,AUTO.LOITER,0,0
2026-08-12T03:20:37,1786479637,13.822494,100.512272,15.4,-0.49,-0.3,0.1,104.0,104.0,0.0,0.0,0.0,16.2,100,AUTO.LOITER,0,0
2026-08-12T03:20:38,1786479638,13.822494,100.512272,15.4,-0.49,-0.3,0.1,104.0,104.0,0.0,0.01,0.0,16.2,100,AUTO.LOITER,0,0
2026-08-12T03:20:39,1786479639,13.822495,100.512272,15.4,-0.49,-0.3,0.1,104.0,104.0,0.0,0.01,0.0,16.2,100,AUTO.LOITER,0,0
2026-08-12T03:20:40,1786479640,13.822494,100.512272,15.4,-0.49,-0.3,0.1,104.0,104.0,-0.01,0.02,0.0,16.2,100,AUTO.LOITER,0,0
2026-08-12T03:20:41,1786479641,13.822494,100.512272,15.4,-0.49,-0.3,0.1,104.0,104.0,-0.01,0.02,0.0,16.2,100,AUTO.LOITER,0,0
2026-08-12T03:20:42,1786479642,13.822494,100.512272,15.4,-0.49,-0.3,0.1,104.0,104.0,-0.01,0.02,0.0,16.2,100,AUTO.LOITER,0,0
2026-08-12T03:20:43,1786479643,13.822495,100.512272,15.4,-0.49,-0.3,0.1,104.0,104.0,-0.01,0.02,0.0,16.2,100,AUTO.LOITER,0,0
2026-08-12T03:20:44,1786479644,13.822494,100.512272,15.3,-0.5,-0.3,0.2,104.0,104.0,0.0,0.01,0.02,16.2,100,AUTO.LOITER,0,0
2026-08-12T03:20:45,1786479645,13.822495,100.512272,15.3,-0.51,-0.3,0.2,104.0,104.0,0.01,0.0,0.02,16.2,100,AUTO.LOITER,0,0
2026-08-12T03:20:46,1786479646,13.822495,100.512272,15.3,-0.5,-0.3,0.2,104.0,104.0,0.0,0.0,0.01,16.2,100,AUTO.LOITER,0,0
2026-08-12T03:20:47,1786479647,13.822494,100.512272,15.4,-0.49,-0.3,0.1,104.0,104.0,-0.01,0.0,0.01,16.2,100,AUTO.LOITER,0,0
2026-08-12T03:20:48,1786479648,13.822494,100.512272,15.4,-0.49,-0.3,0.1,104.0,104.0,-0.02,0.0,0.01,16.2,100,AUTO.LOITER,0,0
2026-08-12T03:20:49,1786479649,13.822494,100.512272,15.4,-0.49,-0.3,0.1,104.0,104.0,-0.02,0.0,0.01,16.2,100,AUTO.LOITER,0,0
2026-08-12T03:20:50,1786479650,13.822494,100.512272,15.4,-0.49,-0.3,0.2,104.1,104.1,-0.02,0.0,0.01,16.2,100,AUTO.LOITER,0,0
2026-08-12T03:20:51,1786479651,13.822494,100.512272,15.3,-0.5,-0.3,0.2,104.1,104.1,-0.03,0.01,0.01,16.2,100,AUTO.LOITER,0,0
2026-08-12T03:20:52,1786479652,13.822494,100.512272,15.3,-0.5,-0.3,0.2,104.1,104.1,-0.01,0.02,0.01,16.2,100,AUTO.LOITER,0,0
2026-08-12T03:20:53,1786479653,13.822494,100.512272,15.3,-0.5,-0.3,0.2,104.1,104.1,-0.01,0.02,0.01,16.2,100,AUTO.LOITER,0,0
2026-08-12T03:20:54,1786479654,13.822494,100.512272,15.3,-0.5,-0.3,0.3,104.1,104.1,-0.01,0.02,0.01,16.2,100,AUTO.LOITER,0,0
2026-08-12T03:20:55,1786479655,13.822494,100.512273,15.3,-0.5,-0.3,0.3,104.1,104.1,-0.01,0.03,0.02,16.2,100,AUTO.LOITER,0,0
2026-08-12T03:20:56,1786479656,13.822494,100.512273,15.3,-0.51,-0.3,0.3,104.1,104.1,0.0,0.02,0.02,16.2,100,AUTO.LOITER,0,0
2026-08-12T03:20:57,1786479657,13.822494,100.512273,15.3,-0.51,-0.3,0.3,104.1,104.1,0.0,0.02,0.02,16.2,100,AUTO.LOITER,0,0
2026-08-12T03:20:58,1786479658,13.822494,100.512272,15.3,-0.51,-0.3,0.4,104.1,104.1,0.0,0.0,0.02,16.2,100,AUTO.LOITER,0,0
2026-08-12T03:20:59,1786479659,13.822494,100.512272,15.3,-0.5,-0.3,0.3,104.1,104.1,0.0,0.0,0.02,16.2,100,AUTO.LOITER,0,0
2026-08-12T03:21:00,1786479660,13.822494,100.512272,15.3,-0.5,-0.3,0.3,104.1,104.1,-0.01,-0.01,0.02,16.2,100,AUTO.LOITER,0,0
2026-08-12T03:21:01,1786479661,13.822494,100.512272,15.3,-0.5,-0.3,0.3,104.1,104.1,-0.01,-0.01,0.02,16.2,100,AUTO.LOITER,0,0
2026-08-12T03:21:02,1786479662,13.822494,100.512272,15.3,-0.5,-0.3,0.3,104.1,104.1,-0.01,-0.01,0.02,16.2,100,AUTO.LOITER,0,0
2026-08-12T03:21:03,1786479663,13.822494,100.512272,15.3,-0.51,-0.3,0.3,104.1,104.1,0.0,0.0,0.02,16.2,100,AUTO.LOITER,0,0
2026-08-12T03:21:04,1786479664,13.822494,100.512272,15.3,-0.51,-0.3,0.3,104.1,104.1,0.0,0.0,0.02,16.2,100,AUTO.LOITER,0,0
2026-08-12T03:21:05,1786479665,13.822494,100.512272,15.3,-0.51,-0.3,0.3,104.1,104.1,0.0,0.0,0.02,16.2,100,AUTO.LOITER,0,0
2026-08-12T03:21:06,1786479666,13.822494,100.512272,15.3,-0.51,-0.3,0.3,104.1,104.1,0.01,0.0,0.02,16.2,100,AUTO.LOITER,0,0
2026-08-12T03:21:07,1786479667,13.822494,100.512272,15.3,-0.51,-0.3,0.3,104.1,104.1,0.01,0.0,0.02,16.2,100,AUTO.LOITER,0,0
2026-08-12T03:21:08,1786479668,13.822494,100.512272,15.3,-0.51,-0.3,0.3,104.1,104.1,0.0,-0.01,0.02,16.2,100,AUTO.LOITER,0,0
2026-08-12T03:21:09,1786479669,13.822494,100.512272,15.3,-0.5,-0.3,0.3,104.1,104.1,0.0,-0.01,0.01,16.2,100,AUTO.LOITER,0,0
2026-08-12T03:21:10,1786479670,13.822494,100.512272,15.3,-0.5,-0.3,0.3,104.1,104.1,0.0,-0.01,0.01,16.2,100,AUTO.LOITER,0,0
2026-08-12T03:21:11,1786479671,13.822494,100.512272,15.3,-0.5,-0.2,0.3,104.1,104.1,0.0,0.0,0.01,16.2,100,AUTO.LOITER,0,0
2026-08-12T03:21:12,1786479672,13.822494,100.512272,15.4,-0.49,-0.2,0.3,104.0,104.0,0.0,0.0,0.0,16.2,100,AUTO.LOITER,0,0
2026-08-12T03:21:13,1786479673,13.822494,100.512272,15.4,-0.49,-0.2,0.3,104.0,104.0,0.0,0.0,0.0,16.2,100,AUTO.LOITER,0,0
2026-08-12T03:21:14,1786479674,13.822494,100.512272,15.4,-0.48,-0.2,0.3,104.0,104.0,0.01,0.0,0.0,16.2,100,AUTO.LOITER,0,0
2026-08-12T03:21:15,1786479675,13.822494,100.512272,15.4,-0.48,-0.2,0.2,104.0,104.0,0.01,0.0,0.0,16.2,100,AUTO.LOITER,0,0
2026-08-12T03:21:16,1786479676,13.822494,100.512272,15.4,-0.49,-0.2,0.2,104.0,104.0,0.01,0.0,0.0,16.2,100,AUTO.LOITER,0,0
2026-08-12T03:21:17,1786479677,13.822494,100.512272,15.3,-0.5,-0.2,0.2,104.0,104.0,0.01,0.0,0.02,16.2,100,AUTO.LOITER,0,0
2026-08-12T03:21:18,1786479678,13.822494,100.512272,15.3,-0.52,-0.2,0.2,104.0,104.0,0.0,0.0,0.03,16.2,100,AUTO.LOITER,0,0
2026-08-12T03:21:19,1786479679,13.822494,100.512272,15.3,-0.53,-0.2,0.2,104.0,104.0,0.0,0.0,0.04,16.2,100,AUTO.LOITER,0,0
2026-08-12T03:21:20,1786479680,13.822494,100.512272,15.3,-0.53,-0.2,0.2,104.0,104.0,0.0,0.0,0.04,16.2,100,AUTO.LOITER,0,0
2026-08-12T03:21:21,1786479681,13.822494,100.512273,15.4,-0.53,-0.2,0.2,104.0,104.0,0.0,0.0,0.04,16.2,100,AUTO.LOITER,0,0
2026-08-12T03:21:22,1786479682,13.822494,100.512272,15.3,-0.52,-0.1,0.2,104.0,104.0,0.01,0.0,0.02,16.2,100,AUTO.LOITER,0,0
2026-08-12T03:21:23,1786479683,13.822494,100.512272,15.3,-0.5,-0.1,0.2,104.0,104.0,0.0,0.0,0.01,16.2,100,AUTO.LOITER,0,0
2026-08-12T03:21:24,1786479684,13.822494,100.512272,15.4,-0.49,-0.1,0.2,104.0,104.0,-0.02,0.0,0.0,16.2,100,AUTO.LOITER,0,0
2026-08-12T03:21:25,1786479685,13.822495,100.512272,15.4,-0.49,-0.1,0.2,104.0,104.0,-0.02,0.0,0.0,16.2,100,AUTO.LOITER,0,0
2026-08-12T03:21:26,1786479686,13.822495,100.512272,15.4,-0.49,-0.1,0.2,104.0,104.0,-0.02,0.0,0.0,16.2,100,AUTO.LOITER,0,0
2026-08-12T03:21:27,1786479687,13.822494,100.512272,15.4,-0.48,-0.1,0.2,104.0,104.0,-0.01,0.0,-0.01,16.2,100,AUTO.LOITER,0,0
2026-08-12T03:21:28,1786479688,13.822494,100.512272,15.4,-0.47,-0.2,0.2,104.0,104.0,0.0,0.0,-0.02,16.2,100,AUTO.LOITER,0,0
2026-08-12T03:21:29,1786479689,13.822494,100.512273,15.3,-0.47,-0.2,0.2,104.0,104.0,0.0,0.0,-0.02,16.2,100,AUTO.LOITER,0,0
2026-08-12T03:21:30,1786479690,13.822494,100.512272,15.4,-0.47,-0.2,0.2,104.0,104.0,0.0,0.0,-0.02,16.2,100,AUTO.LOITER,0,0
2026-08-12T03:21:31,1786479691,13.822494,100.512272,15.4,-0.47,-0.2,0.2,104.0,104.0,0.0,-0.02,-0.01,16.2,100,AUTO.LOITER,0,0
2026-08-12T03:21:32,1786479692,13.822494,100.512272,15.4,-0.48,-0.2,0.1,104.0,104.0,0.0,-0.02,0.0,16.2,100,AUTO.LOITER,0,0
2026-08-12T03:21:33,1786479693,13.822494,100.512272,15.4,-0.49,-0.2,0.1,104.0,104.0,0.0,-0.03,0.0,16.2,100,AUTO.LOITER,0,0
2026-08-12T03:21:34,1786479694,13.822494,100.512272,15.3,-0.5,-0.2,0.1,104.0,104.0,0.0,-0.03,0.01,16.2,100,AUTO.LOITER,0,0
2026-08-12T03:21:35,1786479695,13.822494,100.512272,15.3,-0.5,-0.2,0.1,104.0,104.0,0.0,-0.04,0.01,16.2,100,AUTO.LOITER,0,0
2026-08-12T03:21:36,1786479696,13.822494,100.512272,15.3,-0.5,-0.2,0.0,104.0,104.0,-0.01,-0.03,0.0,16.2,100,AUTO.LOITER,0,0
2026-08-12T03:21:37,1786479697,13.822494,100.512272,15.3,-0.5,-0.2,0.0,103.9,103.9,-0.01,-0.03,0.0,16.2,100,AUTO.LOITER,0,0
2026-08-12T03:21:38,1786479698,13.822494,100.512272,15.4,-0.49,-0.2,-0.0,103.9,103.9,-0.02,-0.01,0.0,16.2,100,AUTO.LOITER,0,0
2026-08-12T03:21:39,1786479699,13.822494,100.512272,15.4,-0.49,-0.3,-0.0,103.9,103.9,-0.01,0.0,0.0,16.2,100,AUTO.LOITER,0,0
2026-08-12T03:21:40,1786479700,13.822494,100.512272,15.4,-0.5,-0.3,-0.0,103.9,103.9,-0.02,0.0,0.01,16.2,100,AUTO.LOITER,0,0
2026-08-12T03:21:41,1786479701,13.822494,100.512272,15.3,-0.5,-0.3,0.0,103.9,103.9,-0.02,0.0,0.01,16.2,100,AUTO.LOITER,0,0
2026-08-12T03:21:42,1786479702,13.822494,100.512272,15.3,-0.51,-0.3,0.0,103.9,103.9,-0.01,0.0,0.03,16.2,100,AUTO.LOITER,0,0
2026-08-12T03:21:43,1786479703,13.822494,100.512272,15.3,-0.52,-0.3,0.0,103.9,103.9,0.0,0.0,0.04,16.2,100,AUTO.LOITER,0,0
2026-08-12T03:21:44,1786479704,13.822494,100.512272,15.3,-0.52,-0.3,0.0,103.9,103.9,0.0,0.0,0.04,16.2,100,AUTO.LOITER,0,0
2026-08-12T03:21:45,1786479705,13.822494,100.512272,15.3,-0.53,-0.3,0.0,103.9,103.9,0.0,0.0,0.04,16.2,100,AUTO.LOITER,0,0
2026-08-12T03:21:46,1786479706,13.822494,100.512272,15.3,-0.53,-0.3,0.0,103.9,103.9,0.0,0.02,0.05,16.2,100,AUTO.LOITER,0,0
2026-08-12T03:21:47,1786479707,13.822494,100.512272,15.3,-0.53,-0.3,0.0,103.9,103.9,0.01,0.02,0.03,16.2,100,AUTO.LOITER,0,0
2026-08-12T03:21:48,1786479708,13.822494,100.512272,15.3,-0.52,-0.3,0.0,103.9,103.9,0.0,0.0,0.02,16.2,100,AUTO.LOITER,0,0
2026-08-12T03:21:49,1786479709,13.822494,100.512272,15.3,-0.51,-0.3,0.0,103.9,103.9,0.0,0.0,0.01,16.2,100,AUTO.LOITER,0,0
2026-08-12T03:21:50,1786479710,13.822494,100.512272,15.3,-0.5,-0.3,0.0,103.9,103.9,0.0,0.0,0.0,16.2,100,AUTO.LOITER,0,0
2026-08-12T03:21:51,1786479711,13.822494,100.512272,15.3,-0.5,-0.3,0.1,103.9,103.9,0.0,0.0,0.0,16.2,100,AUTO.LOITER,0,0
2026-08-12T03:21:52,1786479712,13.822494,100.512272,15.4,-0.49,-0.3,0.0,103.9,103.9,0.0,0.0,0.0,16.2,100,AUTO.LOITER,0,0
2026-08-12T03:21:53,1786479713,13.822494,100.512272,15.4,-0.49,-0.3,0.0,103.9,103.9,0.0,0.0,0.0,16.2,100,AUTO.LOITER,0,0
2026-08-12T03:21:54,1786479714,13.822494,100.512272,15.4,-0.49,-0.3,0.0,103.9,103.9,0.0,0.0,0.0,16.2,100,AUTO.LOITER,0,0
2026-08-12T03:21:55,1786479715,13.822494,100.512272,15.4,-0.49,-0.2,0.0,103.9,103.9,0.01,0.0,0.0,16.2,100,AUTO.LOITER,0,0
2026-08-12T03:21:56,1786479716,13.822494,100.512272,15.3,-0.5,-0.2,0.0,103.9,103.9,0.0,-0.01,0.0,16.2,100,AUTO.LOITER,0,0
2026-08-12T03:21:57,1786479717,13.822494,100.512272,15.3,-0.5,-0.2,0.0,103.9,103.9,0.0,-0.01,0.0,16.2,100,AUTO.LOITER,0,0
2026-08-12T03:21:58,1786479718,13.822495,100.512272,15.4,-0.5,-0.2,0.0,103.9,103.9,0.0,-0.01,0.0,16.2,100,AUTO.LOITER,0,0
2026-08-12T03:21:59,1786479719,13.822494,100.512272,15.3,-0.51,-0.2,-0.0,103.9,103.9,0.01,0.0,0.01,16.2,100,AUTO.LOITER,0,0
2026-08-12T03:22:00,1786479720,13.822495,100.512273,15.4,-0.51,-0.2,-0.0,103.9,103.9,0.01,0.0,0.01,16.2,100,AUTO.LOITER,0,0
2026-08-12T03:22:01,1786479721,13.822495,100.512272,15.3,-0.51,-0.2,-0.0,103.9,103.9,0.0,0.0,0.02,16.2,100,AUTO.LOITER,0,0
2026-08-12T03:22:02,1786479722,13.822494,100.512272,15.3,-0.51,-0.1,-0.0,103.9,103.9,0.0,0.01,0.02,16.2,100,AUTO.LOITER,0,0
2026-08-12T03:22:03,1786479723,13.822494,100.512272,15.3,-0.51,-0.1,-0.0,104.0,104.0,0.0,0.0,0.03,16.2,100,AUTO.LOITER,0,0
2026-08-12T03:22:04,1786479724,13.822495,100.512272,15.4,-0.51,-0.1,-0.0,104.0,104.0,0.0,0.0,0.03,16.2,100,AUTO.LOITER,0,0
2026-08-12T03:22:05,1786479725,13.822495,100.512273,15.3,-0.52,-0.1,0.0,104.0,104.0,0.01,0.02,0.04,16.2,100,AUTO.LOITER,0,0
2026-08-12T03:22:06,1786479726,13.822495,100.512272,15.3,-0.53,-0.1,0.0,104.0,104.0,0.01,0.0,0.04,16.2,100,AUTO.LOITER,0,0
2026-08-12T03:22:07,1786479727,13.822494,100.512273,15.4,-0.53,-0.1,0.0,104.0,104.0,0.01,0.0,0.04,16.2,100,AUTO.LOITER,0,0
2026-08-12T03:22:08,1786479728,13.822494,100.512272,15.3,-0.52,-0.1,0.0,104.0,104.0,-0.01,-0.01,0.04,16.2,100,AUTO.LOITER,0,0
2026-08-12T03:22:09,1786479729,13.822494,100.512272,15.3,-0.53,-0.1,0.0,104.0,104.0,-0.02,0.0,0.04,16.2,100,AUTO.LOITER,0,0
2026-08-12T03:22:10,1786479730,13.822494,100.512272,15.3,-0.53,-0.1,0.0,104.0,104.0,-0.02,0.0,0.05,16.2,100,AUTO.LOITER,0,0
2026-08-12T03:22:11,1786479731,13.822494,100.512272,15.3,-0.53,-0.1,0.0,104.0,104.0,-0.02,0.0,0.05,16.2,100,AUTO.LOITER,0,0
2026-08-12T03:22:12,1786479732,13.822494,100.512272,15.3,-0.54,-0.1,0.1,104.0,104.0,-0.01,0.0,0.06,16.2,100,AUTO.LOITER,0,0
2026-08-12T03:22:13,1786479733,13.822494,100.512272,15.3,-0.54,-0.1,0.1,104.0,104.0,0.0,0.01,0.05,16.2,100,AUTO.LOITER,0,0
2026-08-12T03:22:14,1786479734,13.822494,100.512272,15.3,-0.54,-0.1,0.1,104.0,104.0,0.0,0.01,0.05,16.2,100,AUTO.LOITER,0,0
2026-08-12T03:22:15,1786479735,13.822494,100.512272,15.3,-0.53,-0.1,0.1,104.0,104.0,0.0,0.0,0.04,16.2,100,AUTO.LOITER,0,0
2026-08-12T03:22:16,1786479736,13.822494,100.512272,15.4,-0.53,-0.1,0.1,104.0,104.0,0.0,0.0,0.04,16.2,100,AUTO.LOITER,0,0
2026-08-12T03:22:17,1786479737,13.822494,100.512272,15.3,-0.52,-0.1,0.1,104.0,104.0,0.0,-0.01,0.03,16.2,100,AUTO.LOITER,0,0
2026-08-12T03:22:18,1786479738,13.822494,100.512272,15.3,-0.52,-0.1,0.1,104.0,104.0,0.02,0.0,0.03,16.2,100,AUTO.LOITER,0,0
2026-08-12T03:22:19,1786479739,13.822494,100.512272,15.3,-0.52,-0.1,0.1,104.0,104.0,0.02,0.0,0.03,16.2,100,AUTO.LOITER,0,0
2026-08-12T03:22:20,1786479740,13.822495,100.512272,15.3,-0.53,-0.1,0.1,104.0,104.0,0.03,0.0,0.04,16.2,100,AUTO.LOITER,0,0
2026-08-12T03:22:21,1786479741,13.822495,100.512272,15.3,-0.53,-0.0,0.1,104.0,104.0,0.04,0.0,0.05,16.2,100,AUTO.LOITER,0,0
2026-08-12T03:22:22,1786479742,13.822495,100.512272,15.3,-0.54,0.0,0.1,104.0,104.0,0.04,0.0,0.06,16.2,100,AUTO.LOITER,0,0
2026-08-12T03:22:23,1786479743,13.822495,100.512272,15.3,-0.55,0.1,0.1,104.0,104.0,0.04,0.0,0.06,16.2,100,AUTO.LOITER,0,0
2026-08-12T03:22:24,1786479744,13.822495,100.512272,15.3,-0.55,0.1,0.0,104.0,104.0,0.02,0.01,0.06,16.2,100,AUTO.LOITER,0,0
2026-08-12T03:22:25,1786479745,13.822494,100.512272,15.3,-0.54,0.1,0.1,104.0,104.0,0.01,0.0,0.05,16.2,100,AUTO.LOITER,0,0
2026-08-12T03:22:26,1786479746,13.822495,100.512272,15.5,-0.54,0.2,0.1,104.0,104.0,0.01,0.0,0.05,16.2,100,AUTO.LOITER,0,0
2026-08-12T03:22:27,1786479747,13.822494,100.512272,15.3,-0.54,0.2,0.1,103.9,103.9,0.01,0.0,0.05,16.2,100,AUTO.LOITER,0,0
2026-08-12T03:22:28,1786479748,13.822494,100.512272,15.3,-0.54,0.2,0.0,103.9,103.9,0.0,0.0,0.05,16.2,100,AUTO.LOITER,0,0
2026-08-12T03:22:29,1786479749,13.822494,100.512272,15.3,-0.54,0.2,0.0,103.9,103.9,-0.01,0.0,0.06,16.2,100,AUTO.LOITER,0,0
2026-08-12T03:22:30,1786479750,13.822494,100.512272,15.3,-0.55,0.2,0.0,103.9,103.9,0.0,0.0,0.06,16.2,100,AUTO.LOITER,0,0
2026-08-12T03:22:31,1786479751,13.822494,100.512272,15.3,-0.55,0.2,0.1,103.9,103.9,0.0,0.0,0.06,16.2,100,AUTO.LOITER,0,0
2026-08-12T03:22:32,1786479752,13.822494,100.512272,15.3,-0.55,0.2,0.1,103.9,103.9,0.0,0.01,0.06,16.2,100,AUTO.LOITER,0,0
2026-08-12T03:22:33,1786479753,13.822494,100.512272,15.4,-0.55,0.3,0.1,103.9,103.9,0.0,0.01,0.06,16.2,100,AUTO.LOITER,0,0
2026-08-12T03:22:34,1786479754,13.822495,100.512272,15.3,-0.55,0.3,0.1,103.9,103.9,0.0,0.0,0.06,16.2,100,AUTO.LOITER,0,0
2026-08-12T03:22:35,1786479755,13.822494,100.512272,15.3,-0.55,0.3,0.1,103.9,103.9,0.0,0.0,0.06,16.2,100,AUTO.LOITER,0,0
2026-08-12T03:22:36,1786479756,13.822494,100.512272,15.3,-0.55,0.3,0.1,103.8,103.8,-0.01,0.0,0.06,16.2,100,AUTO.LOITER,0,0
2026-08-12T03:22:37,1786479757,13.822494,100.512272,15.3,-0.54,0.3,0.2,103.8,103.8,0.0,0.0,0.04,16.2,100,AUTO.LOITER,0,0
2026-08-12T03:22:38,1786479758,13.822494,100.512272,15.3,-0.54,0.3,0.2,103.8,103.8,0.0,0.0,0.04,16.2,100,AUTO.LOITER,0,0
2026-08-12T03:22:39,1786479759,13.822494,100.512272,15.3,-0.54,0.3,0.2,103.8,103.8,0.0,-0.01,0.05,16.2,100,AUTO.LOITER,0,0
2026-08-12T03:22:40,1786479760,13.822494,100.512272,15.3,-0.55,0.3,0.2,103.8,103.8,-0.01,0.0,0.06,16.2,100,AUTO.LOITER,0,0
2026-08-12T03:22:41,1786479761,13.822494,100.512272,15.3,-0.55,0.3,0.2,103.8,103.8,-0.01,0.0,0.06,16.2,100,AUTO.LOITER,0,0
2026-08-12T03:22:42,1786479762,13.822494,100.512272,15.3,-0.56,0.3,0.2,103.8,103.8,-0.01,0.0,0.06,16.2,100,AUTO.LOITER,0,0
2026-08-12T03:22:43,1786479763,13.822494,100.512272,15.3,-0.56,0.3,0.2,103.8,103.8,0.0,0.0,0.07,16.2,100,AUTO.LOITER,0,0
2026-08-12T03:22:44,1786479764,13.822494,100.512272,15.3,-0.56,0.3,0.2,103.8,103.8,0.0,0.0,0.07,16.2,100,AUTO.LOITER,0,0
2026-08-12T03:22:45,1786479765,13.822494,100.512272,15.3,-0.57,0.3,0.2,103.8,103.8,0.0,0.0,0.08,16.2,100,AUTO.LOITER,0,0
2026-08-12T03:22:46,1786479766,13.822494,100.512272,15.3,-0.56,0.3,0.2,103.8,103.8,0.0,0.0,0.07,16.2,100,AUTO.LOITER,0,0
2026-08-12T03:22:47,1786479767,13.822494,100.512272,15.3,-0.55,0.2,0.2,103.8,103.8,0.0,-0.01,0.05,16.2,100,AUTO.LOITER,0,0
2026-08-12T03:22:48,1786479768,13.822494,100.512272,15.3,-0.55,0.2,0.2,103.8,103.8,0.0,-0.01,0.05,16.2,100,AUTO.LOITER,0,0
2026-08-12T03:22:49,1786479769,13.822494,100.512272,15.3,-0.55,0.2,0.3,103.8,103.8,0.0,0.0,0.05,16.2,100,AUTO.LOITER,0,0
2026-08-12T03:22:50,1786479770,13.822494,100.512272,15.3,-0.54,0.2,0.2,103.8,103.8,0.0,0.0,0.04,16.2,100,AUTO.LOITER,0,0
2026-08-12T03:22:51,1786479771,13.822494,100.512272,15.3,-0.54,0.2,0.2,103.8,103.8,0.0,0.02,0.04,16.2,100,AUTO.LOITER,0,0
2026-08-12T03:22:52,1786479772,13.822494,100.512273,15.3,-0.54,0.2,0.3,103.8,103.8,0.0,0.03,0.04,16.2,100,AUTO.LOITER,0,0
2026-08-12T03:22:53,1786479773,13.822494,100.512272,15.3,-0.53,0.2,0.3,103.8,103.8,0.0,0.01,0.03,16.2,100,AUTO.LOITER,0,0
2026-08-12T03:22:54,1786479774,13.822495,100.512272,15.3,-0.53,0.2,0.4,103.8,103.8,0.01,0.0,0.03,16.2,100,AUTO.LOITER,0,0
2026-08-12T03:22:55,1786479775,13.822495,100.512272,15.3,-0.53,0.2,0.4,103.8,103.8,0.01,0.0,0.03,16.2,100,AUTO.LOITER,0,0
2026-08-12T03:22:56,1786479776,13.822494,100.512272,15.3,-0.53,0.2,0.4,103.8,103.8,0.0,0.0,0.03,16.2,100,AUTO.LOITER,0,0
2026-08-12T03:22:57,1786479777,13.822494,100.512273,15.3,-0.52,0.3,0.4,103.8,103.8,-0.01,0.0,0.02,16.2,100,AUTO.LOITER,0,0
2026-08-12T03:22:58,1786479778,13.822494,100.512272,15.3,-0.52,0.2,0.4,103.8,103.8,-0.01,0.0,0.02,16.2,100,AUTO.LOITER,0,0
2026-08-12T03:22:59,1786479779,13.822494,100.512272,15.3,-0.52,0.2,0.4,103.8,103.8,0.0,0.0,0.02,16.2,100,AUTO.LOITER,0,0
2026-08-12T03:23:00,1786479780,13.822494,100.512272,15.3,-0.52,0.2,0.4,103.8,103.8,0.02,-0.01,0.01,16.2,100,AUTO.LOITER,0,0
2026-08-12T03:23:01,1786479781,13.822494,100.512272,15.3,-0.51,0.2,0.4,103.8,103.8,0.01,-0.01,0.01,16.2,100,AUTO.LOITER,0,0
2026-08-12T03:23:02,1786479782,13.822494,100.512272,15.3,-0.51,0.2,0.4,103.8,103.8,0.02,-0.02,0.0,16.2,100,AUTO.LOITER,0,0
2026-08-12T03:23:03,1786479783,13.822494,100.512272,15.3,-0.51,0.2,0.4,103.8,103.8,0.02,-0.02,0.0,16.2,100,AUTO.LOITER,0,0
2026-08-12T03:23:04,1786479784,13.822494,100.512272,15.3,-0.5,0.3,0.4,103.8,103.8,0.03,-0.02,0.0,16.2,100,AUTO.LOITER,0,0
2026-08-12T03:23:05,1786479785,13.822495,100.512272,15.3,-0.5,0.3,0.4,103.8,103.8,0.04,-0.02,0.0,16.2,100,AUTO.LOITER,0,0
2026-08-12T03:23:06,1786479786,13.822495,100.512272,15.3,-0.5,0.3,0.4,103.8,103.8,0.04,-0.02,0.0,16.2,100,AUTO.LOITER,0,0
2026-08-12T03:23:07,1786479787,13.822495,100.512272,15.3,-0.51,0.3,0.3,103.8,103.8,0.03,0.0,0.01,16.2,100,AUTO.LOITER,0,0
2026-08-12T03:23:08,1786479788,13.822495,100.512272,15.3,-0.51,0.4,0.3,103.8,103.8,0.02,0.0,0.0,16.2,100,AUTO.LOITER,0,0
2026-08-12T03:23:09,1786479789,13.822495,100.512272,15.3,-0.51,0.4,0.3,103.8,103.8,0.02,0.0,0.0,16.2,100,AUTO.LOITER,0,0
2026-08-12T03:23:10,1786479790,13.822495,100.512272,15.3,-0.51,0.4,0.3,103.8,103.8,0.02,0.0,0.0,16.2,100,AUTO.LOITER,0,0
2026-08-12T03:23:11,1786479791,13.822495,100.512272,15.3,-0.5,0.4,0.3,103.8,103.8,0.02,0.0,-0.01,16.2,100,AUTO.LOITER,0,0
2026-08-12T03:23:12,1786479792,13.822495,100.512272,15.4,-0.48,0.5,0.3,103.8,103.8,0.02,0.0,-0.03,16.2,100,AUTO.LOITER,0,0
2026-08-12T03:23:13,1786479793,13.822495,100.512272,15.4,-0.47,0.5,0.3,103.8,103.8,0.01,0.0,-0.03,16.2,100,AUTO.LOITER,0,0
2026-08-12T03:23:14,1786479794,13.822495,100.512272,15.4,-0.47,0.5,0.3,103.8,103.8,0.01,0.0,-0.04,16.2,100,AUTO.LOITER,0,0
2026-08-12T03:23:15,1786479795,13.822495,100.512272,15.4,-0.47,0.5,0.3,103.8,103.8,0.02,0.0,-0.04,16.2,100,AUTO.LOITER,0,0
2026-08-12T03:23:16,1786479796,13.822495,100.512272,15.4,-0.47,0.5,0.3,103.8,103.8,0.02,0.0,-0.03,16.2,100,AUTO.LOITER,0,0
2026-08-12T03:23:17,1786479797,13.822495,100.512272,15.4,-0.47,0.6,0.3,103.8,103.8,0.02,0.0,-0.03,16.2,100,AUTO.LOITER,0,0
2026-08-12T03:23:18,1786479798,13.822495,100.512272,15.4,-0.48,0.6,0.3,103.8,103.8,0.01,0.0,-0.02,16.2,100,AUTO.LOITER,0,0
2026-08-12T03:23:19,1786479799,13.822495,100.512272,15.4,-0.48,0.6,0.3,103.8,103.8,0.02,0.0,-0.02,16.2,100,AUTO.LOITER,0,0
2026-08-12T03:23:20,1786479800,13.822494,100.512272,15.4,-0.48,0.6,0.3,103.8,103.8,0.02,0.0,-0.02,16.2,100,AUTO.LOITER,0,0
2026-08-12T03:23:21,1786479801,13.822494,100.512272,15.4,-0.49,0.7,0.3,103.8,103.8,0.02,0.0,-0.01,16.2,100,AUTO.LOITER,0,0
2026-08-12T03:23:22,1786479802,13.822494,100.512272,15.4,-0.49,0.7,0.3,103.8,103.8,0.01,0.0,0.0,16.2,100,AUTO.LOITER,0,0
2026-08-12T03:23:23,1786479803,13.822494,100.512272,15.4,-0.49,0.8,0.3,103.8,103.8,0.01,0.0,0.0,16.2,100,AUTO.LOITER,0,0
2026-08-12T03:23:24,1786479804,13.822494,100.512272,15.3,-0.51,0.8,0.3,103.8,103.8,0.0,0.0,0.0,16.2,100,AUTO.LOITER,0,0
2026-08-12T03:23:25,1786479805,13.822494,100.512272,15.3,-0.51,0.8,0.3,103.8,103.8,0.0,0.0,0.0,16.2,100,AUTO.LOITER,0,0
2026-08-12T03:23:26,1786479806,13.822494,100.512272,15.3,-0.51,0.8,0.2,103.8,103.8,0.0,0.0,0.0,16.2,100,AUTO.LOITER,0,0
2026-08-12T03:23:27,1786479807,13.822494,100.512272,15.3,-0.51,0.8,0.2,103.8,103.8,-0.01,0.0,0.0,16.2,100,AUTO.LOITER,0,0
2026-08-12T03:23:28,1786479808,13.822494,100.512272,15.3,-0.5,0.8,0.2,103.8,103.8,-0.02,0.0,0.0,16.2,100,AUTO.LOITER,0,0
2026-08-12T03:23:29,1786479809,13.822494,100.512272,15.3,-0.5,0.8,0.2,103.8,103.8,-0.02,0.0,0.0,16.2,100,AUTO.LOITER,0,0
2026-08-12T03:23:30,1786479810,13.822494,100.512272,15.4,-0.5,0.8,0.2,103.8,103.8,-0.03,0.01,0.0,16.2,100,AUTO.LOITER,0,0
2026-08-12T03:23:31,1786479811,13.822494,100.512272,15.3,-0.5,0.8,0.2,103.8,103.8,-0.05,0.0,0.0,16.2,100,AUTO.LOITER,0,0
2026-08-12T03:23:32,1786479812,13.822494,100.512272,15.3,-0.5,0.8,0.2,103.8,103.8,-0.03,0.01,0.0,16.2,100,AUTO.LOITER,0,0
2026-08-12T03:23:33,1786479813,13.822494,100.512272,15.3,-0.5,0.7,0.2,103.8,103.8,-0.03,0.01,0.0,16.2,100,AUTO.LOITER,0,0
2026-08-12T03:23:34,1786479814,13.822494,100.512272,15.3,-0.5,0.7,0.2,103.8,103.8,-0.02,0.0,0.0,16.2,100,AUTO.LOITER,0,0
2026-08-12T03:23:35,1786479815,13.822494,100.512273,15.3,-0.51,0.7,0.1,103.8,103.8,0.0,0.02,0.0,16.2,100,AUTO.LOITER,0,0
2026-08-12T03:23:36,1786479816,13.822494,100.512273,15.3,-0.51,0.7,0.2,103.8,103.8,0.0,0.03,0.0,16.2,100,AUTO.LOITER,0,0
2026-08-12T03:23:37,1786479817,13.822494,100.512273,15.3,-0.5,0.7,0.2,103.8,103.8,-0.02,0.02,-0.01,16.2,100,AUTO.LOITER,0,0
2026-08-12T03:23:38,1786479818,13.822494,100.512272,15.4,-0.48,0.7,0.2,103.8,103.8,-0.04,0.01,-0.02,16.2,100,AUTO.LOITER,0,0
2026-08-12T03:23:39,1786479819,13.822494,100.512273,15.4,-0.48,0.6,0.2,103.8,103.8,-0.04,0.02,-0.02,16.2,100,AUTO.LOITER,0,0
2026-08-12T03:23:40,1786479820,13.822494,100.512272,15.4,-0.48,0.6,0.2,103.8,103.8,-0.02,0.0,-0.02,16.2,100,AUTO.LOITER,0,0
2026-08-12T03:23:41,1786479821,13.822494,100.512272,15.4,-0.48,0.6,0.2,103.8,103.8,-0.02,0.0,-0.02,16.2,100,AUTO.LOITER,0,0
2026-08-12T03:23:42,1786479822,13.822494,100.512272,15.4,-0.48,0.6,0.2,103.8,103.8,-0.01,0.0,-0.02,16.2,100,AUTO.LOITER,0,0
2026-08-12T03:23:43,1786479823,13.822494,100.512272,15.4,-0.48,0.6,0.2,103.8,103.8,-0.01,0.01,-0.02,16.2,100,AUTO.LOITER,0,0
2026-08-12T03:23:44,1786479824,13.822494,100.512272,15.4,-0.48,0.6,0.2,103.8,103.8,-0.01,0.01,-0.02,16.2,100,AUTO.LOITER,0,0
2026-08-12T03:23:45,1786479825,13.822494,100.512272,15.4,-0.48,0.6,0.2,103.8,103.8,-0.01,0.01,-0.02,16.2,100,AUTO.LOITER,0,0
2026-08-12T03:23:46,1786479826,13.822494,100.512272,15.4,-0.48,0.6,0.2,103.8,103.8,-0.01,0.0,-0.02,16.2,100,AUTO.LOITER,0,0
2026-08-12T03:23:47,1786479827,13.822494,100.512272,15.4,-0.48,0.6,0.2,103.8,103.8,-0.01,0.0,-0.03,16.2,100,AUTO.LOITER,0,0
2026-08-12T03:23:48,1786479828,13.822494,100.512272,15.5,-0.48,0.5,0.2,103.8,103.8,-0.01,0.0,-0.03,16.2,100,AUTO.LOITER,0,0
2026-08-12T03:23:49,1786479829,13.822494,100.512272,15.4,-0.46,0.6,0.2,103.8,103.8,-0.01,0.0,-0.05,16.2,100,AUTO.LOITER,0,0
2026-08-12T03:23:50,1786479830,13.822494,100.512272,15.4,-0.45,0.6,0.2,103.8,103.8,-0.01,0.0,-0.05,16.2,100,AUTO.LOITER,0,0
2026-08-12T03:23:51,1786479831,13.822494,100.512272,15.4,-0.46,0.5,0.1,103.8,103.8,-0.01,0.01,-0.05,16.2,100,AUTO.LOITER,0,0
2026-08-12T03:23:52,1786479832,13.822494,100.512273,15.4,-0.46,0.5,0.2,103.8,103.8,0.0,0.01,-0.05,16.2,100,AUTO.LOITER,0,0
2026-08-12T03:23:53,1786479833,13.822494,100.512272,15.4,-0.46,0.4,0.2,103.8,103.8,0.0,0.0,-0.04,16.2,100,AUTO.LOITER,0,0
2026-08-12T03:23:54,1786479834,13.822494,100.512272,15.4,-0.47,0.4,0.2,103.8,103.8,0.0,0.0,-0.04,16.2,100,AUTO.LOITER,0,0
2026-08-12T03:23:55,1786479835,13.822495,100.512273,15.3,-0.47,0.4,0.2,103.8,103.8,0.0,0.0,-0.04,16.2,100,AUTO.LOITER,0,0
2026-08-12T03:23:56,1786479836,13.822494,100.512272,15.4,-0.46,0.4,0.2,103.8,103.8,0.0,-0.01,-0.04,16.2,100,AUTO.LOITER,0,0
2026-08-12T03:23:57,1786479837,13.822494,100.512272,15.4,-0.46,0.4,0.1,103.8,103.8,0.0,-0.01,-0.05,16.2,100,AUTO.LOITER,0,0
2026-08-12T03:23:58,1786479838,13.822494,100.512272,15.4,-0.46,0.4,0.1,103.8,103.8,-0.03,0.0,-0.05,16.2,100,AUTO.LOITER,0,0
2026-08-12T03:23:59,1786479839,13.822494,100.512272,15.4,-0.46,0.4,0.1,103.8,103.8,-0.05,0.0,-0.05,16.2,100,AUTO.LOITER,0,0
2026-08-12T03:24:00,1786479840,13.822494,100.512272,15.4,-0.46,0.3,0.1,103.8,103.8,-0.06,0.0,-0.05,16.2,100,AUTO.LOITER,0,0
2026-08-12T03:24:01,1786479841,13.822494,100.512272,15.4,-0.46,0.3,0.1,103.8,103.8,-0.05,0.01,-0.04,16.2,100,AUTO.LOITER,0,0
2026-08-12T03:24:02,1786479842,13.822494,100.512272,15.4,-0.46,0.3,0.1,103.8,103.8,-0.04,0.03,-0.04,16.2,100,AUTO.LOITER,0,0
2026-08-12T03:24:03,1786479843,13.822494,100.512272,15.4,-0.46,0.2,0.2,103.8,103.8,-0.04,0.03,-0.04,16.2,100,AUTO.LOITER,0,0
2026-08-12T03:24:04,1786479844,13.822494,100.512273,15.4,-0.46,0.2,0.2,103.8,103.8,-0.02,0.05,-0.05,16.2,100,AUTO.LOITER,0,0
2026-08-12T03:24:05,1786479845,13.822494,100.512273,15.4,-0.45,0.2,0.2,103.8,103.8,-0.02,0.04,-0.06,16.2,100,AUTO.LOITER,0,0
2026-08-12T03:24:06,1786479846,13.822494,100.512273,15.4,-0.45,0.1,0.3,103.8,103.8,-0.01,0.03,-0.06,16.2,100,AUTO.LOITER,0,0
2026-08-12T03:24:07,1786479847,13.822494,100.512273,15.4,-0.45,0.1,0.3,103.8,103.8,0.0,0.02,-0.06,16.2,100,AUTO.LOITER,0,0
2026-08-12T03:24:08,1786479848,13.822494,100.512273,15.4,-0.44,0.1,0.3,103.8,103.8,0.01,0.02,-0.06,16.2,100,AUTO.LOITER,0,0
2026-08-12T03:24:09,1786479849,13.822495,100.512272,15.4,-0.44,0.1,0.3,103.8,103.8,0.01,0.02,-0.06,16.2,100,AUTO.LOITER,0,0
2026-08-12T03:24:10,1786479850,13.822495,100.512273,15.4,-0.44,0.1,0.4,103.8,103.8,0.01,0.02,-0.07,16.2,100,AUTO.LOITER,0,0
2026-08-12T03:24:11,1786479851,13.822494,100.512273,15.4,-0.44,0.1,0.4,103.8,103.8,0.0,0.03,-0.07,16.2,100,AUTO.LOITER,0,0
2026-08-12T03:24:12,1786479852,13.822494,100.512273,15.4,-0.43,0.2,0.4,103.8,103.8,-0.01,0.02,-0.07,16.2,100,AUTO.LOITER,0,0
2026-08-12T03:24:13,1786479853,13.822494,100.512272,15.4,-0.44,0.1,0.5,103.8,103.8,0.0,0.0,-0.06,16.2,100,AUTO.LOITER,0,0
2026-08-12T03:24:14,1786479854,13.822494,100.512272,15.4,-0.45,0.1,0.5,103.8,103.8,0.0,0.0,-0.05,16.2,100,AUTO.LOITER,0,0
2026-08-12T03:24:15,1786479855,13.822494,100.512272,15.4,-0.45,0.1,0.5,103.8,103.8,0.01,0.0,-0.05,16.2,100,AUTO.LOITER,0,0
2026-08-12T03:24:16,1786479856,13.822494,100.512272,15.4,-0.45,0.1,0.5,103.8,103.8,0.01,0.0,-0.05,16.2,100,AUTO.LOITER,0,0
2026-08-12T03:24:17,1786479857,13.822494,100.512272,15.4,-0.45,0.1,0.5,103.8,103.8,0.01,0.0,-0.05,16.2,100,AUTO.LOITER,0,0
2026-08-12T03:24:18,1786479858,13.822494,100.512272,15.4,-0.44,0.1,0.5,103.8,103.8,0.01,-0.02,-0.07,16.2,100,AUTO.LOITER,0,0
2026-08-12T03:24:19,1786479859,13.822494,100.512272,15.4,-0.43,0.1,0.5,103.8,103.8,0.02,-0.01,-0.09,16.2,100,AUTO.LOITER,0,0
2026-08-12T03:24:20,1786479860,13.822495,100.512272,15.4,-0.42,0.1,0.5,103.8,103.8,0.03,0.0,-0.1,16.2,100,AUTO.LOITER,0,0
2026-08-12T03:24:21,1786479861,13.822495,100.512272,15.4,-0.41,0.1,0.5,103.8,103.8,0.04,0.01,-0.11,16.2,100,AUTO.LOITER,0,0
2026-08-12T03:24:22,1786479862,13.822495,100.512272,15.4,-0.4,0.2,0.5,103.8,103.8,0.03,0.01,-0.12,16.2,100,AUTO.LOITER,0,0
2026-08-12T03:24:23,1786479863,13.822495,100.512272,15.5,-0.39,0.2,0.5,103.8,103.8,0.03,0.0,-0.13,16.2,100,AUTO.LOITER,0,0
2026-08-12T03:24:24,1786479864,13.822495,100.512272,15.5,-0.39,0.2,0.5,103.8,103.8,0.03,0.0,-0.13,16.2,100,AUTO.LOITER,0,0
2026-08-12T03:24:25,1786479865,13.822495,100.512272,15.5,-0.39,0.3,0.5,103.8,103.8,0.01,0.0,-0.13,16.2,100,AUTO.LOITER,0,0
2026-08-12T03:24:26,1786479866,13.822495,100.512272,15.5,-0.38,0.3,0.5,103.8,103.8,0.01,0.0,-0.13,16.2,100,AUTO.LOITER,0,0
2026-08-12T03:24:27,1786479867,13.822494,100.512272,15.5,-0.38,0.3,0.5,103.8,103.8,0.0,0.01,-0.13,16.2,100,AUTO.LOITER,0,0
2026-08-12T03:24:28,1786479868,13.822494,100.512272,15.5,-0.38,0.3,0.5,103.8,103.8,0.0,0.0,-0.14,16.2,100,AUTO.LOITER,0,0
2026-08-12T03:24:29,1786479869,13.822494,100.512272,15.5,-0.38,0.3,0.5,103.8,103.8,0.0,0.0,-0.14,16.2,100,AUTO.LOITER,0,0
2026-08-12T03:24:30,1786479870,13.822495,100.512272,15.5,-0.38,0.3,0.5,103.8,103.8,0.01,-0.01,-0.14,16.2,100,AUTO.LOITER,0,0
2026-08-12T03:24:31,1786479871,13.822495,100.512272,15.5,-0.38,0.3,0.5,103.8,103.8,0.01,-0.01,-0.14,16.2,100,AUTO.LOITER,0,0
2026-08-12T03:24:32,1786479872,13.822495,100.512272,15.5,-0.38,0.3,0.5,103.8,103.8,0.01,-0.01,-0.14,16.2,100,AUTO.LOITER,0,0
2026-08-12T03:24:33,1786479873,13.822494,100.512272,15.5,-0.38,0.3,0.5,103.8,103.8,0.0,0.0,-0.13,16.2,100,AUTO.LOITER,0,0
2026-08-12T03:24:34,1786479874,13.822494,100.512272,15.5,-0.39,0.3,0.5,103.8,103.8,0.0,0.0,-0.12,16.2,100,AUTO.LOITER,0,0
2026-08-12T03:24:35,1786479875,13.822494,100.512272,15.5,-0.39,0.3,0.5,103.8,103.8,0.0,0.0,-0.12,16.2,100,AUTO.LOITER,0,0
2026-08-12T03:24:36,1786479876,13.822494,100.512272,15.5,-0.39,0.3,0.5,103.8,103.8,0.0,0.0,-0.12,16.2,100,AUTO.LOITER,0,0
2026-08-12T03:24:37,1786479877,13.822494,100.512272,15.5,-0.38,0.3,0.5,103.8,103.8,0.01,-0.01,-0.14,16.2,100,AUTO.LOITER,0,0
2026-08-12T03:24:38,1786479878,13.822494,100.512272,15.5,-0.38,0.3,0.5,103.7,103.7,0.02,-0.02,-0.14,16.2,100,AUTO.LOITER,0,0
2026-08-12T03:24:39,1786479879,13.822495,100.512272,15.5,-0.38,0.3,0.4,103.7,103.7,0.02,-0.02,-0.14,16.2,100,AUTO.LOITER,0,0
2026-08-12T03:24:40,1786479880,13.822495,100.512272,15.5,-0.37,0.4,0.4,103.7,103.7,0.01,-0.02,-0.15,16.2,100,AUTO.LOITER,0,0
2026-08-12T03:24:41,1786479881,13.822495,100.512272,15.5,-0.37,0.4,0.3,103.7,103.7,0.01,-0.02,-0.15,16.2,100,AUTO.LOITER,0,0
2026-08-12T03:24:42,1786479882,13.822494,100.512272,15.5,-0.36,0.4,0.3,103.7,103.7,0.0,0.0,-0.16,16.2,100,AUTO.LOITER,0,0
2026-08-12T03:24:43,1786479883,13.822494,100.512272,15.5,-0.35,0.4,0.3,103.7,103.7,0.0,0.0,-0.17,16.2,100,AUTO.LOITER,0,0
2026-08-12T03:24:44,1786479884,13.822495,100.512272,15.5,-0.34,0.4,0.3,103.7,103.7,0.0,0.0,-0.19,16.2,100,AUTO.LOITER,0,0
2026-08-12T03:24:45,1786479885,13.822494,100.512272,15.5,-0.33,0.4,0.3,103.7,103.7,0.0,0.01,-0.19,16.2,100,AUTO.LOITER,0,0
2026-08-12T03:24:46,1786479886,13.822494,100.512272,15.5,-0.33,0.4,0.3,103.7,103.7,0.0,0.0,-0.19,16.2,100,AUTO.LOITER,0,0
2026-08-12T03:24:47,1786479887,13.822494,100.512272,15.4,-0.33,0.4,0.3,103.7,103.7,0.0,0.0,-0.19,16.2,100,AUTO.LOITER,0,0
2026-08-12T03:24:48,1786479888,13.822494,100.512272,15.5,-0.34,0.4,0.3,103.7,103.7,0.0,0.0,-0.19,16.2,100,AUTO.LOITER,0,0
2026-08-12T03:24:49,1786479889,13.822494,100.512272,15.5,-0.33,0.4,0.3,103.7,103.7,0.0,0.0,-0.19,16.2,100,AUTO.LOITER,0,0
2026-08-12T03:24:50,1786479890,13.822494,100.512272,15.5,-0.33,0.4,0.2,103.7,103.7,0.0,0.0,-0.19,16.2,100,AUTO.LOITER,0,0
2026-08-12T03:24:51,1786479891,13.822494,100.512272,15.5,-0.33,0.4,0.2,103.7,103.7,-0.02,0.0,-0.18,16.2,100,AUTO.LOITER,0,0
2026-08-12T03:24:52,1786479892,13.822494,100.512272,15.5,-0.35,0.3,0.2,103.7,103.7,-0.01,0.0,-0.17,16.2,100,AUTO.LOITER,0,0
2026-08-12T03:24:53,1786479893,13.822494,100.512272,15.5,-0.36,0.3,0.2,103.6,103.6,0.0,0.02,-0.15,16.2,100,AUTO.LOITER,0,0
2026-08-12T03:24:54,1786479894,13.822494,100.512272,15.5,-0.36,0.3,0.2,103.6,103.6,0.0,0.02,-0.15,16.2,100,AUTO.LOITER,0,0
2026-08-12T03:24:55,1786479895,13.822495,100.512273,15.5,-0.37,0.3,0.2,103.6,103.6,0.01,0.04,-0.14,16.2,100,AUTO.LOITER,0,0
2026-08-12T03:24:56,1786479896,13.822495,100.512273,15.5,-0.37,0.3,0.3,103.6,103.6,0.0,0.05,-0.14,16.2,100,AUTO.LOITER,0,0
2026-08-12T03:24:57,1786479897,13.822494,100.512273,15.5,-0.36,0.3,0.3,103.6,103.6,0.0,0.05,-0.15,16.2,100,AUTO.LOITER,0,0
2026-08-12T03:24:58,1786479898,13.822494,100.512273,15.5,-0.36,0.3,0.3,103.6,103.6,0.01,0.04,-0.16,16.2,100,AUTO.LOITER,0,0
2026-08-12T03:24:59,1786479899,13.822494,100.512273,15.5,-0.35,0.4,0.4,103.6,103.6,0.01,0.02,-0.16,16.2,100,AUTO.LOITER,0,0
2026-08-12T03:25:00,1786479900,13.822494,100.512272,15.5,-0.35,0.4,0.4,103.6,103.6,0.0,0.0,-0.17,16.2,100,AUTO.LOITER,0,0
2026-08-12T03:25:01,1786479901,13.822495,100.512272,15.5,-0.34,0.4,0.4,103.6,103.6,0.01,0.0,-0.17,16.2,100,AUTO.LOITER,0,0
2026-08-12T03:25:02,1786479902,13.822495,100.512272,15.5,-0.34,0.4,0.4,103.6,103.6,0.01,0.0,-0.17,16.2,100,AUTO.LOITER,0,0
2026-08-12T03:25:03,1786479903,13.822494,100.512272,15.5,-0.35,0.4,0.4,103.6,103.6,0.01,0.0,-0.16,16.2,100,AUTO.LOITER,0,0
2026-08-12T03:25:04,1786479904,13.822494,100.512272,15.5,-0.36,0.4,0.4,103.6,103.6,0.0,-0.01,-0.15,16.2,100,AUTO.LOITER,0,0
2026-08-12T03:25:05,1786479905,13.822494,100.512272,15.5,-0.36,0.4,0.4,103.6,103.6,0.0,-0.01,-0.14,16.2,100,AUTO.LOITER,0,0
2026-08-12T03:25:06,1786479906,13.822494,100.512272,15.5,-0.36,0.4,0.4,103.6,103.6,0.0,-0.01,-0.15,16.2,100,AUTO.LOITER,0,0
2026-08-12T03:25:07,1786479907,13.822494,100.512272,15.5,-0.36,0.4,0.4,103.6,103.6,0.0,-0.01,-0.15,16.2,100,AUTO.LOITER,0,0
2026-08-12T03:25:08,1786479908,13.822494,100.512272,15.5,-0.36,0.4,0.4,103.6,103.6,0.0,-0.02,-0.16,16.2,100,AUTO.LOITER,0,0
2026-08-12T03:25:09,1786479909,13.822494,100.512272,15.5,-0.35,0.5,0.4,103.6,103.6,0.01,-0.03,-0.16,16.2,100,AUTO.LOITER,0,0
2026-08-12T03:25:10,1786479910,13.822494,100.512272,15.5,-0.35,0.5,0.4,103.7,103.7,0.01,-0.01,-0.16,16.2,100,AUTO.LOITER,0,0
2026-08-12T03:25:11,1786479911,13.822494,100.512272,15.5,-0.35,0.5,0.4,103.7,103.7,0.01,0.0,-0.16,16.2,100,AUTO.LOITER,0,0
2026-08-12T03:25:12,1786479912,13.822494,100.512272,15.5,-0.35,0.5,0.4,103.7,103.7,0.0,0.02,-0.15,16.2,100,AUTO.LOITER,0,0
2026-08-12T03:25:13,1786479913,13.822494,100.512272,15.5,-0.36,0.5,0.4,103.7,103.7,0.0,0.02,-0.14,16.2,100,AUTO.LOITER,0,0
2026-08-12T03:25:14,1786479914,13.822494,100.512272,15.5,-0.36,0.5,0.4,103.7,103.7,0.0,0.02,-0.14,16.2,100,AUTO.LOITER,0,0
2026-08-12T03:25:15,1786479915,13.822494,100.512273,15.5,-0.37,0.5,0.4,103.7,103.7,0.0,0.03,-0.13,16.2,100,AUTO.LOITER,0,0
2026-08-12T03:25:16,1786479916,13.822494,100.512273,15.5,-0.37,0.5,0.5,103.7,103.7,0.0,0.03,-0.13,16.2,100,AUTO.LOITER,0,0
2026-08-12T03:25:17,1786479917,13.822494,100.512273,15.5,-0.38,0.5,0.5,103.7,103.7,0.0,0.02,-0.12,16.2,100,AUTO.LOITER,0,0
2026-08-12T03:25:18,1786479918,13.822494,100.512272,15.5,-0.38,0.5,0.5,103.7,103.7,0.0,0.02,-0.11,16.2,100,AUTO.LOITER,0,0
2026-08-12T03:25:19,1786479919,13.822494,100.512272,15.5,-0.38,0.4,0.5,103.7,103.7,0.02,0.01,-0.11,16.2,100,AUTO.LOITER,0,0
2026-08-12T03:25:20,1786479920,13.822494,100.512272,15.5,-0.38,0.5,0.6,103.7,103.7,0.02,0.0,-0.12,16.2,100,AUTO.LOITER,0,0
2026-08-12T03:25:21,1786479921,13.822494,100.512272,15.5,-0.38,0.5,0.6,103.7,103.7,0.02,0.0,-0.12,16.2,100,AUTO.LOITER,0,0
2026-08-12T03:25:22,1786479922,13.822494,100.512272,15.5,-0.37,0.5,0.6,103.7,103.7,0.02,0.0,-0.13,16.2,100,AUTO.LOITER,0,0
2026-08-12T03:25:23,1786479923,13.822494,100.512272,15.5,-0.37,0.5,0.6,103.7,103.7,0.02,-0.01,-0.12,16.2,100,AUTO.LOITER,0,0
2026-08-12T03:25:24,1786479924,13.822494,100.512273,15.4,-0.37,0.5,0.6,103.7,103.7,0.02,-0.01,-0.12,16.2,100,AUTO.LOITER,0,0
2026-08-12T03:25:25,1786479925,13.822495,100.512272,15.5,-0.38,0.5,0.5,103.7,103.7,0.04,0.0,-0.11,16.2,100,AUTO.LOITER,0,0
2026-08-12T03:25:26,1786479926,13.822495,100.512272,15.5,-0.38,0.5,0.5,103.7,103.7,0.04,0.0,-0.11,16.2,100,AUTO.LOITER,0,0
2026-08-12T03:25:27,1786479927,13.822494,100.512273,15.4,-0.38,0.6,0.5,103.7,103.7,0.04,0.0,-0.11,16.2,100,AUTO.LOITER,0,0
2026-08-12T03:25:28,1786479928,13.822495,100.512272,15.5,-0.39,0.6,0.5,103.7,103.7,0.04,-0.01,-0.11,16.2,100,AUTO.LOITER,0,0
2026-08-12T03:25:29,1786479929,13.822495,100.512272,15.5,-0.38,0.6,0.4,103.7,103.7,0.03,-0.01,-0.12,16.2,100,AUTO.LOITER,0,0
2026-08-12T03:25:30,1786479930,13.822495,100.512272,15.5,-0.38,0.7,0.4,103.7,103.7,0.01,-0.01,-0.11,16.2,100,AUTO.LOITER,0,0
2026-08-12T03:25:31,1786479931,13.822495,100.512272,15.5,-0.38,0.7,0.4,103.7,103.7,0.01,-0.01,-0.11,16.2,100,AUTO.LOITER,0,0
2026-08-12T03:25:32,1786479932,13.822495,100.512272,15.5,-0.38,0.7,0.4,103.7,103.7,0.01,-0.01,-0.11,16.2,100,AUTO.LOITER,0,0
2026-08-12T03:25:33,1786479933,13.822494,100.512272,15.5,-0.39,0.7,0.3,103.7,103.7,0.0,0.0,-0.1,16.2,100,AUTO.LOITER,0,0
2026-08-12T03:25:34,1786479934,13.822494,100.512273,15.4,-0.4,0.7,0.3,103.7,103.7,0.0,0.02,-0.08,16.2,100,AUTO.LOITER,0,0
2026-08-12T03:25:35,1786479935,13.822494,100.512272,15.5,-0.4,0.7,0.4,103.7,103.7,0.0,0.02,-0.08,16.2,100,AUTO.LOITER,0,0
2026-08-12T03:25:36,1786479936,13.822494,100.512272,15.4,-0.42,0.7,0.4,103.7,103.7,-0.02,0.01,-0.06,16.2,100,AUTO.LOITER,0,0
2026-08-12T03:25:37,1786479937,13.822494,100.512272,15.4,-0.42,0.7,0.4,103.7,103.7,-0.02,0.01,-0.06,16.2,100,AUTO.LOITER,0,0
2026-08-12T03:25:38,1786479938,13.822494,100.512272,15.4,-0.42,0.6,0.4,103.7,103.7,-0.02,0.01,-0.06,16.2,100,AUTO.LOITER,0,0
2026-08-12T03:25:39,1786479939,13.822494,100.512272,15.4,-0.42,0.6,0.4,103.7,103.7,0.0,0.01,-0.06,16.2,100,AUTO.LOITER,0,0
2026-08-12T03:25:40,1786479940,13.822494,100.512272,15.4,-0.42,0.6,0.4,103.7,103.7,0.0,0.02,-0.06,16.2,100,AUTO.LOITER,0,0
2026-08-12T03:25:41,1786479941,13.822494,100.512272,15.4,-0.43,0.6,0.4,103.7,103.7,0.0,0.0,-0.05,16.2,100,AUTO.LOITER,0,0
2026-08-12T03:25:42,1786479942,13.822494,100.512272,15.4,-0.44,0.6,0.4,103.7,103.7,0.01,0.0,-0.04,16.2,100,AUTO.LOITER,0,0
2026-08-12T03:25:43,1786479943,13.822494,100.512272,15.4,-0.44,0.6,0.4,103.7,103.7,0.01,0.0,-0.04,16.2,100,AUTO.LOITER,0,0
2026-08-12T03:25:44,1786479944,13.822495,100.512272,15.4,-0.44,0.6,0.4,103.8,103.8,0.01,0.0,-0.04,16.2,100,AUTO.LOITER,0,0
2026-08-12T03:25:45,1786479945,13.822495,100.512272,15.4,-0.44,0.6,0.3,103.8,103.8,0.02,-0.01,-0.03,16.2,100,AUTO.LOITER,0,0
2026-08-12T03:25:46,1786479946,13.822495,100.512272,15.4,-0.44,0.6,0.3,103.8,103.8,0.02,-0.01,-0.03,16.2,100,AUTO.LOITER,0,0
2026-08-12T03:25:47,1786479947,13.822494,100.512272,15.4,-0.45,0.6,0.3,103.8,103.8,0.01,0.0,-0.02,16.2,100,AUTO.LOITER,0,0
2026-08-12T03:25:48,1786479948,13.822494,100.512272,15.4,-0.46,0.6,0.2,103.8,103.8,0.0,0.0,-0.01,16.2,100,AUTO.LOITER,0,0
2026-08-12T03:25:49,1786479949,13.822494,100.512272,15.4,-0.46,0.5,0.2,103.8,103.8,0.0,-0.01,-0.01,16.2,100,AUTO.LOITER,0,0
2026-08-12T03:25:50,1786479950,13.822494,100.512272,15.4,-0.46,0.5,0.2,103.8,103.8,0.0,0.0,-0.02,16.2,100,AUTO.LOITER,0,0
2026-08-12T03:25:51,1786479951,13.822494,100.512272,15.4,-0.45,0.5,0.2,103.8,103.8,-0.01,0.0,-0.03,16.2,100,AUTO.LOITER,0,0
2026-08-12T03:25:52,1786479952,13.822494,100.512272,15.4,-0.45,0.5,0.2,103.8,103.8,-0.01,0.0,-0.03,16.2,100,AUTO.LOITER,0,0
2026-08-12T03:25:53,1786479953,13.822494,100.512272,15.4,-0.45,0.5,0.2,103.8,103.8,-0.01,0.0,-0.03,16.2,100,AUTO.LOITER,0,0
2026-08-12T03:25:54,1786479954,13.822494,100.512272,15.4,-0.44,0.4,0.2,103.8,103.8,0.0,0.0,-0.03,16.2,100,AUTO.LOITER,0,0
2026-08-12T03:25:55,1786479955,13.822494,100.512272,15.4,-0.44,0.4,0.1,103.8,103.8,0.0,0.02,-0.03,16.2,100,AUTO.LOITER,0,0
2026-08-12T03:25:56,1786479956,13.822494,100.512272,15.4,-0.44,0.4,0.2,103.8,103.8,0.0,0.03,-0.03,16.2,100,AUTO.LOITER,0,0
2026-08-12T03:25:57,1786479957,13.822494,100.512272,15.4,-0.45,0.4,0.2,103.8,103.8,0.0,0.02,-0.03,16.2,100,AUTO.LOITER,0,0
2026-08-12T03:25:58,1786479958,13.822494,100.512272,15.4,-0.45,0.4,0.2,103.8,103.8,0.0,0.01,-0.03,16.2,100,AUTO.LOITER,0,0
2026-08-12T03:25:59,1786479959,13.822495,100.512272,15.4,-0.45,0.4,0.2,103.8,103.8,0.02,0.01,-0.04,16.2,100,AUTO.LOITER,0,0
2026-08-12T03:26:00,1786479960,13.822495,100.512272,15.4,-0.43,0.4,0.2,103.8,103.8,0.02,0.01,-0.05,16.2,100,AUTO.LOITER,0,0
2026-08-12T03:26:01,1786479961,13.822495,100.512272,15.4,-0.43,0.4,0.2,103.8,103.8,0.02,0.01,-0.05,16.2,100,AUTO.LOITER,0,0
2026-08-12T03:26:02,1786479962,13.822494,100.512272,15.4,-0.43,0.4,0.2,103.8,103.8,0.01,0.01,-0.06,16.2,100,AUTO.LOITER,0,0
2026-08-12T03:26:03,1786479963,13.822495,100.512272,15.4,-0.42,0.4,0.2,103.8,103.8,0.01,0.0,-0.06,16.2,100,AUTO.LOITER,0,0
2026-08-12T03:26:04,1786479964,13.822495,100.512272,15.4,-0.42,0.4,0.2,103.8,103.8,0.02,0.0,-0.06,16.2,100,AUTO.LOITER,0,0
2026-08-12T03:26:05,1786479965,13.822495,100.512272,15.4,-0.42,0.4,0.2,103.8,103.8,0.02,0.0,-0.05,16.2,100,AUTO.LOITER,0,0
2026-08-12T03:26:06,1786479966,13.822495,100.512272,15.4,-0.42,0.4,0.2,103.8,103.8,0.02,0.0,-0.05,16.2,100,AUTO.LOITER,0,0
2026-08-12T03:26:07,1786479967,13.822495,100.512272,15.4,-0.43,0.4,0.2,103.8,103.8,0.01,0.0,-0.04,16.2,100,AUTO.LOITER,0,0
2026-08-12T03:26:08,1786479968,13.822494,100.512272,15.4,-0.43,0.4,0.2,103.8,103.8,0.01,0.0,-0.04,16.2,100,AUTO.LOITER,0,0
2026-08-12T03:26:09,1786479969,13.822494,100.512272,15.4,-0.44,0.4,0.1,103.8,103.8,0.0,0.0,-0.03,16.2,100,AUTO.LOITER,0,0
2026-08-12T03:26:10,1786479970,13.822494,100.512272,15.4,-0.45,0.4,0.1,103.8,103.8,0.01,0.01,-0.02,16.2,100,AUTO.LOITER,0,0
2026-08-12T03:26:11,1786479971,13.822494,100.512272,15.4,-0.45,0.5,0.1,103.8,103.8,0.01,0.0,-0.03,16.2,100,AUTO.LOITER,0,0
2026-08-12T03:26:12,1786479972,13.822494,100.512272,15.4,-0.45,0.5,0.1,103.8,103.8,0.01,0.01,-0.02,16.2,100,AUTO.LOITER,0,0
2026-08-12T03:26:13,1786479973,13.822494,100.512272,15.4,-0.45,0.5,0.1,103.8,103.8,0.01,0.01,-0.02,16.2,100,AUTO.LOITER,0,0
2026-08-12T03:26:14,1786479974,13.822494,100.512272,15.4,-0.45,0.5,0.1,103.8,103.8,0.01,0.01,-0.02,16.2,100,AUTO.LOITER,0,0
2026-08-12T03:26:51,1786480011,13.822494,100.512277,15.9,0.22,0.1,-0.1,88.7,88.7,0.0,0.0,0.0,16.2,99,0,0,0
2026-08-12T03:26:52,1786480012,13.822494,100.512277,15.9,0.22,0.1,-0.2,88.7,88.7,0.0,0.0,0.0,16.2,100,AUTO.LOITER,0,0
2026-08-12T03:26:53,1786480013,13.822494,100.512277,15.9,-0.01,0.1,-0.1,88.7,88.7,0.01,-0.01,0.0,16.2,100,AUTO.LOITER,0,0
2026-08-12T03:26:54,1786480014,13.822494,100.512277,15.7,-0.01,0.1,-0.1,88.7,88.7,0.01,-0.01,0.0,16.2,100,AUTO.LOITER,0,0
2026-08-12T03:26:55,1786480015,13.822494,100.512277,15.9,-0.03,0.2,-0.1,88.7,88.7,-0.01,0.0,0.0,16.2,100,AUTO.LOITER,0,0
2026-08-12T03:26:56,1786480016,13.822494,100.512277,15.9,-0.04,0.1,-0.1,88.7,88.7,-0.01,0.0,0.0,16.2,100,AUTO.LOITER,0,0
2026-08-12T03:26:57,1786480017,13.822494,100.512277,15.7,-0.04,0.1,-0.1,88.7,88.7,-0.01,0.0,0.0,16.2,100,AUTO.LOITER,0,0
2026-08-12T03:26:58,1786480018,13.822494,100.512277,15.9,-0.05,0.1,-0.1,88.7,88.7,0.0,0.0,0.0,16.2,100,AUTO.LOITER,0,0
2026-08-12T03:26:59,1786480019,13.822494,100.512277,15.9,-0.05,0.1,-0.1,88.7,88.7,0.0,0.0,0.0,16.2,100,AUTO.LOITER,0,0
2026-08-12T03:27:00,1786480020,13.822494,100.512277,15.9,-0.05,0.1,-0.1,88.7,88.7,0.0,0.0,0.0,16.2,100,AUTO.LOITER,0,0
2026-08-12T03:27:01,1786480021,13.822494,100.512277,15.9,-0.06,0.2,-0.1,88.7,88.7,-0.01,0.0,0.0,16.2,100,AUTO.LOITER,0,0
2026-08-12T03:27:02,1786480022,13.822494,100.512277,15.9,-0.06,0.2,-0.1,88.7,88.7,-0.01,0.0,0.0,16.2,100,AUTO.LOITER,0,0
2026-08-12T03:27:03,1786480023,13.822494,100.512277,15.9,-0.06,0.2,-0.1,88.7,88.7,-0.01,0.0,0.0,16.2,100,AUTO.LOITER,0,0
2026-08-12T03:27:04,1786480024,13.822494,100.512277,15.8,-0.07,0.1,-0.0,88.7,88.7,0.0,0.0,0.02,16.2,100,AUTO.LOITER,0,0
2026-08-12T03:27:05,1786480025,13.822494,100.512277,15.8,-0.07,0.1,-0.0,88.7,88.7,0.0,0.0,0.01,16.2,100,AUTO.LOITER,0,0
2026-08-12T03:27:06,1786480026,13.822494,100.512277,15.7,-0.07,0.1,-0.0,88.7,88.7,0.0,0.0,0.01,16.2,100,AUTO.LOITER,0,0
2026-08-12T03:27:07,1786480027,13.822494,100.512277,15.7,-0.07,0.1,0.0,88.7,88.7,0.0,0.0,0.01,16.2,100,AUTO.LOITER,0,0
2026-08-12T03:27:08,1786480028,13.822494,100.512277,15.8,-0.07,0.2,0.0,88.7,88.7,0.0,0.0,0.0,16.2,100,AUTO.LOITER,0,0
2026-08-12T03:27:09,1786480029,13.822494,100.512277,15.9,-0.06,0.2,0.1,88.6,88.6,0.0,0.01,0.0,16.2,100,AUTO.LOITER,0,0
2026-08-12T03:27:10,1786480030,13.822494,100.512277,15.9,-0.06,0.1,0.1,88.6,88.6,0.01,0.02,0.0,16.2,100,AUTO.LOITER,0,0
2026-08-12T03:27:11,1786480031,13.822494,100.512277,15.6,-0.06,0.2,0.1,88.6,88.6,0.01,0.02,0.0,16.2,100,AUTO.LOITER,0,0
2026-08-12T03:27:12,1786480032,13.822494,100.512277,15.6,-0.06,0.2,0.2,88.6,88.6,0.01,0.02,0.0,16.2,100,AUTO.LOITER,0,0
2026-08-12T03:27:13,1786480033,13.822494,100.512277,15.9,-0.05,0.1,0.2,88.6,88.6,-0.01,0.01,0.0,16.2,100,0,0,0
2026-08-12T03:27:14,1786480034,13.822494,100.512277,15.9,-0.06,0.1,0.2,88.6,88.6,-0.01,0.01,0.0,16.2,100,AUTO.LOITER,0,0
2026-08-12T03:27:15,1786480035,13.822494,100.512277,15.9,-0.06,0.1,0.3,88.6,88.6,0.0,0.0,0.0,16.2,100,AUTO.LOITER,0,0
2026-08-12T03:27:16,1786480036,13.822494,100.512277,15.9,0.0,0.1,0.3,88.6,88.6,0.0,0.0,0.0,16.2,100,0,0,0
2026-08-12T03:27:17,1786480037,13.822494,100.512277,15.7,0.0,0.1,0.3,88.6,88.6,0.0,0.0,0.0,16.2,100,AUTO.LOITER,1,0
2026-08-12T03:27:18,1786480038,13.822494,100.512277,15.9,0.01,0.1,0.3,88.6,88.6,0.0,-0.01,-0.01,16.2,100,AUTO.TAKEOFF,1,0
2026-08-12T03:27:19,1786480039,13.822494,100.512277,15.9,0.0,0.1,0.3,88.6,88.6,0.01,-0.01,-0.02,16.2,100,AUTO.TAKEOFF,1,0
2026-08-12T03:27:20,1786480040,13.822494,100.512277,15.9,0.0,0.1,0.3,88.5,88.5,0.01,-0.01,-0.02,16.2,100,AUTO.TAKEOFF,1,1
2026-08-12T03:27:21,1786480041,13.822494,100.512277,16.2,0.37,0.0,0.2,88.7,88.7,0.04,0.14,-0.23,16.2,100,AUTO.TAKEOFF,1,1
2026-08-12T03:27:22,1786480042,13.822494,100.512278,16.8,0.93,0.7,2.0,90.6,90.6,0.0,-0.11,-0.86,16.2,100,0,0,1
2026-08-12T03:27:23,1786480043,13.822494,100.512277,16.8,0.93,0.4,0.3,90.8,90.8,0.0,-0.11,-0.86,16.2,100,0,0,1
2026-08-12T03:27:24,1786480044,13.822494,100.512277,17.5,1.61,0.1,1.5,88.5,88.5,-0.01,-0.03,-0.74,16.2,100,AUTO.TAKEOFF,1,1
2026-08-12T03:27:25,1786480045,13.822494,100.512277,17.5,2.2,0.3,0.8,88.4,88.4,0.01,-0.02,-0.45,16.19,100,AUTO.LOITER,1,1
2026-08-12T03:27:26,1786480046,13.822494,100.512277,18.0,2.13,-1.8,15.0,84.7,84.7,0.06,-0.08,-0.04,16.19,100,AUTO.LOITER,1,1
2026-08-12T03:27:27,1786480047,13.822496,100.512267,18.2,2.31,-1.8,11.6,75.9,75.9,0.3,-2.09,-0.27,16.19,100,AUTO.LOITER,1,1
2026-08-12T03:27:28,1786480048,13.822498,100.512241,18.5,2.64,0.8,-4.3,35.6,35.6,0.5,-3.03,-0.31,16.19,100,AUTO.LOITER,1,1
2026-08-12T03:27:29,1786480049,13.822503,100.512222,18.8,2.9,1.9,3.0,13.2,13.2,0.42,-1.51,-0.24,16.19,100,AUTO.LOITER,1,1
2026-08-12T03:27:30,1786480050,13.822504,100.512211,18.9,3.04,1.0,-6.1,-8.5,351.5,0.19,-1.06,-0.16,16.19,100,0,0,1
2026-08-12T03:27:31,1786480051,13.822512,100.512198,19.0,3.15,-7.0,-8.8,-22.2,337.8,1.24,-2.15,-0.16,16.19,100,0,0,1
2026-08-12T03:27:32,1786480052,13.822521,100.512181,18.5,3.15,1.2,1.1,-48.5,311.5,1.24,-2.15,-0.16,16.19,100,AUTO.LOITER,1,1
2026-08-12T03:27:33,1786480053,13.822533,100.512159,18.6,3.22,-1.2,-4.1,-65.3,294.7,1.48,-2.44,-0.14,16.19,100,AUTO.LOITER,1,1
2026-08-12T03:27:34,1786480054,13.822538,100.512151,19.2,3.29,-1.2,4.9,-62.0,298.0,1.39,-2.41,-0.13,16.19,100,AUTO.LOITER,1,1
2026-08-12T03:27:35,1786480055,13.822547,100.512135,19.2,3.32,-0.8,3.3,-58.9,301.1,0.73,-1.41,-0.1,16.19,100,AUTO.LOITER,1,1
2026-08-12T03:27:36,1786480056,13.822552,100.512125,19.2,3.36,11.9,7.6,-56.4,303.6,0.69,-0.46,-0.14,16.19,100,AUTO.LOITER,1,1
2026-08-12T03:27:37,1786480057,13.822564,100.51213,19.2,3.38,9.5,-10.1,-37.7,322.3,1.9,0.97,-0.13,16.19,100,AUTO.LOITER,1,1
2026-08-12T03:27:38,1786480058,13.822589,100.512137,19.2,3.35,1.1,2.9,-1.9,358.1,2.95,0.73,-0.08,16.19,100,0,0,1
2026-08-12T03:27:39,1786480059,13.822614,100.512145,19.2,3.35,1.1,-2.3,11.0,11.0,2.64,0.91,-0.11,16.18,100,0,0,1
2026-08-12T03:27:40,1786480060,13.822627,100.512149,18.5,3.35,-0.4,5.8,22.2,22.2,2.64,0.91,-0.11,16.18,100,0,0,1
2026-08-12T03:27:41,1786480061,13.822633,100.512151,19.2,3.35,-0.4,5.8,22.2,22.2,1.6,0.48,-0.12,16.18,100,0,0,1
2026-08-12T03:27:42,1786480062,13.822633,100.512151,19.2,3.35,-8.1,9.0,5.7,5.7,1.6,0.48,-0.12,16.18,100,0,0,1
2026-08-12T03:27:43,1786480063,13.822643,100.512144,19.3,3.41,-8.1,9.0,5.7,5.7,-0.67,-1.69,-0.18,16.18,100,0,0,1
2026-08-12T03:27:44,1786480064,13.822638,100.51212,19.3,3.48,-0.5,1.0,-37.9,322.1,-0.51,-3.13,-0.15,16.18,100,AUTO.LOITER,1,1
2026-08-12T03:27:45,1786480065,13.822634,100.512094,19.4,3.54,-1.7,-4.1,-62.6,297.4,-0.68,-2.94,-0.2,16.18,99,AUTO.LOITER,1,1
2026-08-12T03:27:46,1786480066,13.822629,100.512067,19.5,3.6,0.2,-2.4,-83.9,276.1,-0.48,-3.05,-0.23,16.18,99,AUTO.LOITER,1,1
2026-08-12T03:27:47,1786480067,13.822624,100.51204,19.5,3.67,-0.2,6.0,-104.3,255.7,-0.4,-2.7,-0.22,16.18,99,0,0,1
2026-08-12T03:27:48,1786480068,13.822621,100.512022,19.6,3.73,-0.0,3.8,-105.4,254.6,-0.22,-1.53,-0.19,16.18,99,0,0,1
2026-08-12T03:27:49,1786480069,13.822621,100.512022,19.6,3.73,2.0,3.8,-94.9,265.1,-0.22,-1.53,-0.19,16.18,99,AUTO.LOITER,1,1
2026-08-12T03:27:50,1786480070,13.822623,100.512014,18.9,3.75,5.8,9.3,-84.2,275.8,0.15,-0.46,-0.21,16.18,99,AUTO.LOITER,1,1
2026-08-12T03:27:51,1786480071,13.822624,100.512018,19.6,3.77,7.1,-0.5,-57.1,302.9,1.04,1.64,-0.19,16.18,99,0,0,1
2026-08-12T03:27:52,1786480072,13.82264,100.512038,19.6,3.76,2.2,0.6,-27.3,332.7,1.97,2.45,-0.16,16.18,99,AUTO.LOITER,1,1
2026-08-12T03:27:53,1786480073,13.822656,100.512059,19.6,3.77,1.3,-1.3,-16.1,343.9,1.74,2.48,-0.16,16.18,99,AUTO.LOITER,1,1
2026-08-12T03:27:54,1786480074,13.822672,100.512082,19.6,3.78,-0.9,-0.4,5.8,5.8,1.8,2.43,-0.17,16.18,99,AUTO.LOITER,1,1
2026-08-12T03:27:55,1786480075,13.822689,100.512104,19.7,3.78,-0.8,-0.1,31.9,31.9,1.72,2.36,-0.16,16.17,99,AUTO.LOITER,1,1
2026-08-12T03:27:56,1786480076,13.822705,100.512127,19.7,3.79,-0.7,0.3,55.1,55.1,1.72,2.28,-0.17,16.17,99,AUTO.LOITER,1,1
2026-08-12T03:27:57,1786480077,13.822721,100.512149,19.7,3.8,-1.1,-0.1,59.3,59.3,1.73,2.29,-0.17,16.17,99,0,0,1
2026-08-12T03:27:58,1786480078,13.822732,100.512164,18.9,3.8,-1.5,0.0,51.5,51.5,1.73,2.29,-0.17,16.17,99,AUTO.LOITER,1,1
2026-08-12T03:27:59,1786480079,13.822737,100.512171,19.7,3.81,-1.1,-0.5,49.4,49.4,1.78,2.26,-0.16,16.17,99,AUTO.LOITER,1,1
2026-08-12T03:28:00,1786480080,13.822753,100.512193,19.7,3.83,-1.4,5.9,53.6,53.6,1.8,2.32,-0.14,16.17,99,AUTO.LOITER,1,1
2026-08-12T03:28:01,1786480081,13.822768,100.512213,19.7,3.83,-0.6,7.0,53.9,53.9,1.42,1.79,-0.15,16.17,99,AUTO.LOITER,1,1
2026-08-12T03:28:02,1786480082,13.822778,100.512225,19.7,3.83,-1.2,4.2,52.5,52.5,0.82,1.11,-0.14,16.17,99,AUTO.LOITER,1,1
2026-08-12T03:28:03,1786480083,13.822784,100.512232,19.7,3.86,-11.9,8.8,49.0,49.0,0.72,0.13,-0.18,16.17,99,AUTO.LOITER,1,1
2026-08-12T03:28:04,1786480084,13.822795,100.512226,19.8,3.9,-7.8,-8.4,27.7,27.7,1.84,-1.15,-0.12,16.17,99,0,0,1
2026-08-12T03:28:05,1786480085,13.822815,100.512218,19.8,3.88,2.0,2.0,9.4,9.4,1.82,-0.68,-0.1,16.17,99,0,0,1
2026-08-12T03:28:06,1786480086,13.822819,100.512214,19.0,3.88,-7.8,7.5,-18.5,341.5,1.82,-0.68,-0.1,16.17,99,AUTO.LOITER,1,1
2026-08-12T03:28:07,1786480087,13.822815,100.512204,19.1,3.87,-8.1,-1.5,-38.4,321.6,-0.16,-0.87,-0.08,16.17,99,AUTO.LOITER,1,1
2026-08-12T03:28:08,1786480088,13.822813,100.512201,19.8,3.9,-2.8,-2.5,-65.2,294.8,-1.13,-1.7,-0.15,16.17,99,AUTO.LOITER,1,1
2026-08-12T03:28:09,1786480089,13.822798,100.512177,19.7,3.88,1.7,0.1,-78.2,281.8,-1.71,-2.43,-0.08,16.16,99,AUTO.LOITER,1,1
2026-08-12T03:28:10,1786480090,13.822783,100.512156,19.8,3.89,0.4,-4.9,-102.5,257.5,-1.75,-2.42,-0.09,16.16,99,AUTO.LOITER,1,1
2026-08-12T03:28:11,1786480091,13.822767,100.512133,19.8,3.9,1.7,-2.2,-114.6,245.4,-1.65,-2.49,-0.08,16.16,99,AUTO.LOITER,1,1
2026-08-12T03:28:12,1786480092,13.822752,100.51211,19.8,3.9,2.1,-3.0,-129.0,231.0,-1.6,-2.46,-0.09,16.16,99,AUTO.LOITER,1,1
2026-08-12T03:28:13,1786480093,13.822737,100.512087,19.8,3.89,1.6,-3.0,-124.2,235.8,-1.64,-2.52,-0.08,16.16,99,0,0,1
2026-08-12T03:28:14,1786480094,13.822726,100.512072,19.1,3.89,1.4,-2.2,-121.1,238.9,-1.64,-2.52,-0.08,16.16,98,AUTO.LOITER,1,1
2026-08-12T03:28:15,1786480095,13.822721,100.512064,19.8,3.89,1.7,-3.0,-125.3,234.7,-1.64,-2.46,-0.09,16.16,98,AUTO.LOITER,1,1
2026-08-12T03:28:16,1786480096,13.822706,100.512041,19.8,3.89,1.3,-3.1,-125.7,234.3,-1.64,-2.5,-0.08,16.16,98,AUTO.LOITER,1,1
2026-08-12T03:28:17,1786480097,13.822691,100.512018,19.8,3.9,1.3,-2.2,-124.2,235.8,-1.7,-2.48,-0.08,16.16,98,AUTO.LOITER,1,1
2026-08-12T03:28:18,1786480098,13.822691,100.512018,19.8,3.9,1.8,4.3,-124.2,235.8,-1.7,-2.48,-0.08,16.16,98,0,0,1
2026-08-12T03:28:19,1786480099,13.822671,100.511989,19.1,3.9,0.9,1.5,-124.8,235.2,-1.7,-2.48,-0.08,16.16,98,AUTO.LOITER,1,1
2026-08-12T03:28:20,1786480100,13.822665,100.511977,19.8,3.93,6.7,3.1,-124.9,235.1,0.29,-0.85,-0.09,16.16,98,0,0,1
2026-08-12T03:28:21,1786480101,13.822676,100.511967,19.8,3.96,8.9,-6.0,-112.9,247.1,1.58,-1.66,-0.04,16.16,98,AUTO.LOITER,1,1
2026-08-12T03:28:22,1786480102,13.822685,100.511955,19.2,3.96,-5.2,6.5,-78.4,281.6,1.58,-1.66,-0.04,16.16,98,AUTO.LOITER,1,1
2026-08-12T03:28:23,1786480103,13.822692,100.51195,19.1,3.93,9.3,4.9,-52.3,307.7,0.85,-1.09,-0.03,16.16,98,AUTO.LOITER,1,1
2026-08-12T03:28:24,1786480104,13.822693,100.511951,19.8,3.91,13.4,-1.5,-31.8,328.2,0.83,0.84,-0.03,16.16,98,AUTO.LOITER,1,1
2026-08-12T03:28:25,1786480105,13.822705,100.511966,19.8,3.93,-3.3,2.1,-5.2,354.8,1.83,2.32,-0.03,16.16,98,AUTO.LOITER,1,1
2026-08-12T03:28:26,1786480106,13.822723,100.511987,19.8,3.93,1.8,-1.0,8.2,8.2,1.76,2.25,-0.04,16.15,98,AUTO.LOITER,1,1
2026-08-12T03:28:27,1786480107,13.822739,100.512009,19.8,3.94,-1.3,-0.6,32.5,32.5,1.85,2.44,-0.03,16.15,98,AUTO.LOITER,1,1
2026-08-12T03:28:28,1786480108,13.822756,100.512031,19.8,3.94,-0.6,-0.5,54.0,54.0,1.82,2.37,-0.04,16.15,98,AUTO.LOITER,1,1
2026-08-12T03:28:29,1786480109,13.822772,100.512053,19.8,3.95,-0.9,-0.0,55.3,55.3,1.82,2.36,-0.03,16.15,98,AUTO.LOITER,1,1
2026-08-12T03:28:30,1786480110,13.822789,100.512074,19.8,3.95,-0.7,-0.8,48.0,48.0,1.83,2.34,-0.03,16.15,98,0,0,1
2026-08-12T03:28:31,1786480111,13.822805,100.512096,19.8,3.96,-1.0,-0.6,48.7,48.7,1.86,2.34,-0.01,16.15,98,0,0,1
2026-08-12T03:28:32,1786480112,13.822817,100.512111,19.3,3.96,-0.6,-0.4,52.7,52.7,1.86,2.34,-0.01,16.15,98,AUTO.LOITER,1,1
2026-08-12T03:28:33,1786480113,13.822833,100.512133,19.3,3.97,-0.9,-1.0,52.1,52.1,1.84,2.34,-0.01,16.15,98,AUTO.LOITER,1,1
2026-08-12T03:28:34,1786480114,13.822839,100.51214,19.8,3.98,-0.6,7.9,50.8,50.8,1.87,2.33,0.0,16.15,98,AUTO.LOITER,1,1
2026-08-12T03:28:35,1786480115,13.822852,100.512158,19.8,3.97,-0.2,3.3,52.3,52.3,1.16,1.43,0.0,16.15,98,AUTO.LOITER,1,1
2026-08-12T03:28:36,1786480116,13.82286,100.512168,19.8,3.96,-2.1,4.2,52.5,52.5,0.7,0.9,-0.03,16.15,98,AUTO.LOITER,1,1
2026-08-12T03:28:37,1786480117,13.822868,100.51217,19.8,3.97,-7.9,0.3,42.1,42.1,1.04,-0.73,-0.02,16.15,98,AUTO.LOITER,1,1
2026-08-12T03:28:38,1786480118,13.822885,100.51216,19.8,3.98,3.3,0.9,9.2,9.2,2.38,-1.09,0.01,16.15,98,AUTO.LOITER,1,1
2026-08-12T03:28:39,1786480119,13.8229,100.512155,19.8,3.98,-8.3,8.8,-18.1,341.9,0.73,-0.68,0.0,16.15,98,AUTO.LOITER,1,1
2026-08-12T03:28:40,1786480120,13.822897,100.512146,19.8,3.97,-7.0,0.1,-38.7,321.3,-0.66,-1.11,-0.01,16.15,98,0,0,1
2026-08-12T03:28:41,1786480121,13.822886,100.512129,19.8,3.98,-16.0,-4.9,-50.7,309.3,-1.84,-2.65,0.03,16.14,98,0,0,1
2026-08-12T03:28:42,1786480122,13.822877,100.512113,19.3,3.98,0.8,1.7,-78.0,282.0,-1.84,-2.65,0.03,16.14,97,AUTO.LOITER,1,1
2026-08-12T03:28:43,1786480123,13.822862,100.512092,19.3,3.95,-0.1,-3.0,-102.5,257.5,-1.72,-2.33,-0.02,16.14,97,AUTO.LOITER,1,1
2026-08-12T03:28:44,1786480124,13.822846,100.512068,19.3,3.94,0.5,-1.4,-125.3,234.7,-1.83,-2.5,-0.03,16.14,97,AUTO.LOITER,1,1
2026-08-12T03:28:45,1786480125,13.822841,100.512061,19.8,3.94,0.9,-1.0,-129.2,230.8,-1.74,-2.45,-0.05,16.14,97,AUTO.LOITER,1,1
2026-08-12T03:28:46,1786480126,13.822826,100.512038,19.8,3.94,0.6,10.4,-125.7,234.3,-1.53,-2.21,-0.07,16.14,97,AUTO.LOITER,1,1
2026-08-12T03:28:47,1786480127,13.822818,100.512028,19.8,3.95,-4.6,9.5,-141.5,218.5,-0.43,-0.04,-0.03,16.14,97,AUTO.LOITER,1,1
2026-08-12T03:28:48,1786480128,13.822818,100.512037,19.8,3.95,-11.2,6.7,-178.8,181.2,0.44,1.78,-0.03,16.14,97,AUTO.LOITER,1,1
2026-08-12T03:28:49,1786480129,13.822826,100.51206,19.8,3.94,2.0,-0.6,156.3,156.3,1.22,2.97,-0.02,16.14,97,AUTO.LOITER,1,1
2026-08-12T03:28:50,1786480130,13.822832,100.512076,19.2,3.94,-1.9,-0.0,135.8,135.8,1.22,2.97,-0.02,16.14,97,AUTO.LOITER,1,1
2026-08-12T03:28:51,1786480131,13.822845,100.512109,19.8,3.95,1.8,1.3,122.8,122.8,1.01,2.48,-0.03,16.14,97,AUTO.LOITER,1,1
2026-08-12T03:28:52,1786480132,13.82285,100.512121,19.3,3.95,2.0,4.5,95.6,95.6,1.01,2.48,-0.03,16.14,97,AUTO.LOITER,1,1
2026-08-12T03:28:53,1786480133,13.822854,100.512133,19.2,3.95,-0.3,4.7,71.5,71.5,0.61,1.46,-0.03,16.14,97,AUTO.LOITER,1,1
2026-08-12T03:28:54,1786480134,13.822855,100.512136,19.8,3.94,-0.1,3.5,60.6,60.6,0.35,0.76,-0.04,16.14,97,AUTO.LOITER,1,1
2026-08-12T03:28:55,1786480135,13.822858,100.512141,19.8,3.89,0.8,5.2,63.3,63.3,0.14,0.32,0.26,16.14,97,AUTO.LOITER,1,1
2026-08-12T03:28:56,1786480136,13.822857,100.512142,19.3,3.48,-0.4,1.3,69.3,69.3,-0.05,-0.1,0.3,16.14,97,AUTO.LOITER,1,1
2026-08-12T03:28:57,1786480137,13.822857,100.512142,19.0,3.1,-0.7,1.3,66.4,66.4,0.03,-0.07,0.33,16.13,97,AUTO.LAND,1,1
2026-08-12T03:28:58,1786480138,13.822856,100.512142,18.1,3.1,-0.1,0.6,65.0,65.0,0.03,-0.07,0.33,16.13,97,0,0,1
2026-08-12T03:28:59,1786480139,13.822857,100.512142,18.1,2.28,-0.1,1.3,66.4,66.4,0.05,-0.01,0.32,16.13,97,0,0,1
2026-08-12T03:29:00,1786480140,13.822857,100.512141,17.8,1.88,0.1,0.8,66.5,66.5,0.02,0.01,0.28,16.13,97,0,0,1
2026-08-12T03:29:01,1786480141,13.822856,100.512141,17.0,1.88,-0.4,0.8,65.8,65.8,0.02,0.01,0.28,16.13,97,AUTO.LAND,1,1
2026-08-12T03:29:02,1786480142,13.822857,100.512142,16.7,1.58,-0.3,1.4,65.7,65.7,0.06,0.05,0.23,16.13,97,AUTO.LAND,1,1
2026-08-12T03:29:03,1786480143,13.822857,100.512141,17.1,1.27,0.1,0.9,66.0,66.0,0.06,0.03,0.22,16.13,97,AUTO.LAND,1,1
2026-08-12T03:29:04,1786480144,13.822857,100.512141,16.8,0.97,0.1,1.4,65.9,65.9,0.04,0.06,0.22,16.13,97,AUTO.LAND,1,1
2026-08-12T03:29:05,1786480145,13.822857,100.512141,16.6,0.69,-0.0,1.0,65.8,65.8,0.02,0.04,0.22,16.13,97,AUTO.LAND,1,1
2026-08-12T03:29:06,1786480146,13.822857,100.512141,16.6,0.69,-0.3,1.6,65.8,65.8,0.02,0.04,0.22,16.13,97,AUTO.TAKEOFF,1,1
2026-08-12T03:29:07,1786480147,13.822857,100.512141,17.2,1.33,0.3,1.3,65.9,65.9,0.03,0.02,-0.93,16.13,97,AUTO.TAKEOFF,1,1
2026-08-12T03:29:08,1786480148,13.822857,100.512142,18.0,2.17,-0.1,1.9,65.8,65.8,0.0,0.02,-0.92,16.13,97,0,0,1
2026-08-12T03:29:09,1786480149,13.822857,100.512141,18.3,2.17,0.2,1.7,65.8,65.8,0.0,0.02,-0.92,16.13,96,AUTO.TAKEOFF,1,1
2026-08-12T03:29:10,1786480150,13.822857,100.512141,18.8,2.92,-0.2,1.3,65.8,65.8,-0.02,0.0,-0.65,16.13,96,AUTO.LOITER,1,1
2026-08-12T03:29:11,1786480151,13.822857,100.512141,19.1,3.23,5.3,7.0,66.7,66.7,0.0,0.04,0.13,16.12,96,AUTO.LOITER,1,1
2026-08-12T03:29:12,1786480152,13.822855,100.51214,19.2,3.29,12.9,8.3,71.8,71.8,-0.94,-0.3,-0.03,16.12,96,AUTO.LOITER,1,1
2026-08-12T03:29:13,1786480153,13.822835,100.512136,19.2,3.36,5.5,2.8,100.1,100.1,-2.84,-0.59,-0.13,16.12,96,AUTO.LOITER,1,1
2026-08-12T03:29:14,1786480154,13.822809,100.512129,19.3,3.48,0.4,1.5,130.5,130.5,-2.77,-0.67,-0.17,16.12,96,AUTO.LOITER,1,1
2026-08-12T03:29:15,1786480155,13.822789,100.512124,19.4,3.58,-1.1,3.4,151.1,151.1,-1.86,-0.39,-0.2,16.12,96,AUTO.LOITER,1,1
2026-08-12T03:29:16,1786480156,13.822776,100.51212,19.5,3.66,-0.6,3.1,162.6,162.6,-1.07,-0.14,-0.19,16.12,96,0,0,1
2026-08-12T03:29:17,1786480157,13.822771,100.512119,18.8,3.66,-3.2,1.8,-172.4,187.6,-1.07,-0.14,-0.19,16.12,96,AUTO.LOITER,1,1
2026-08-12T03:29:18,1786480158,13.822767,100.512121,18.9,3.72,0.0,3.2,-166.9,193.1,-0.61,0.34,-0.19,16.12,96,AUTO.LOITER,1,1
2026-08-12T03:29:19,1786480159,13.822767,100.512123,19.5,3.65,5.9,0.3,-172.2,187.8,-0.01,0.34,0.28,16.12,96,AUTO.LOITER,1,1
2026-08-12T03:29:20,1786480160,13.822767,100.512123,19.1,3.27,1.9,-0.5,-176.1,183.9,-0.03,0.08,0.23,16.12,96,AUTO.LOITER,1,1
2026-08-12T03:29:21,1786480161,13.822767,100.512124,18.8,2.91,2.6,-0.8,-171.7,188.3,-0.02,0.08,0.28,16.12,96,AUTO.LAND,1,1
2026-08-12T03:29:22,1786480162,13.822767,100.512124,18.4,2.52,1.7,-0.9,-171.7,188.3,-0.01,0.0,0.3,16.12,96,AUTO.LAND,1,1
2026-08-12T03:29:23,1786480163,13.822767,100.512124,18.0,2.12,1.9,-1.1,-172.7,187.3,-0.05,0.01,0.3,16.12,96,0,0,1
2026-08-12T03:29:24,1786480164,13.822767,100.512124,17.2,2.12,2.2,-0.6,-172.9,187.1,-0.05,0.01,0.3,16.12,96,AUTO.LAND,1,1
2026-08-12T03:29:25,1786480165,13.822767,100.512124,16.9,1.77,2.4,-0.8,-172.1,187.9,-0.01,-0.01,0.2,16.12,96,AUTO.LAND,1,1
2026-08-12T03:29:26,1786480166,13.822767,100.512124,17.4,1.5,1.8,-0.6,-172.3,187.7,-0.01,-0.04,0.24,16.12,96,AUTO.LAND,1,1
2026-08-12T03:29:27,1786480167,13.822767,100.512124,17.1,1.21,1.5,-0.3,-172.5,187.5,0.0,-0.03,0.25,16.11,96,AUTO.LAND,1,1
2026-08-12T03:29:28,1786480168,13.822767,100.512124,16.8,0.91,1.8,-0.8,-172.4,187.6,0.03,0.0,0.24,16.11,96,AUTO.LAND,1,1
2026-08-12T03:29:29,1786480169,13.822767,100.512124,16.6,0.72,1.7,-0.4,-172.2,187.8,0.0,-0.02,-0.26,16.11,96,AUTO.TAKEOFF,1,1
2026-08-12T03:29:30,1786480170,13.822767,100.512124,17.4,1.54,1.9,-1.0,-172.4,187.6,0.01,0.0,-0.91,16.11,96,0,0,1
2026-08-12T03:29:31,1786480171,13.822767,100.512124,18.3,2.43,1.7,-0.8,-172.4,187.6,0.0,-0.03,-0.85,16.11,96,0,0,1
2026-08-12T03:29:32,1786480172,13.822766,100.512124,18.4,2.43,1.5,-0.5,-172.3,187.7,0.0,-0.03,-0.85,16.11,96,AUTO.TAKEOFF,1,1
2026-08-12T03:29:33,1786480173,13.822766,100.512124,19.0,3.15,1.9,-0.4,-172.3,187.7,0.0,-0.01,-0.56,16.11,96,AUTO.LOITER,1,1
2026-08-12T03:29:34,1786480174,13.822766,100.512124,19.1,3.19,4.3,-7.4,-172.0,188.0,-0.02,-0.1,0.0,16.11,96,AUTO.LOITER,1,1
2026-08-12T03:29:35,1786480175,13.822757,100.512119,19.1,3.25,-1.0,-12.0,-159.1,200.9,-1.99,-0.72,-0.05,16.11,96,AUTO.LOITER,1,1
2026-08-12T03:29:36,1786480176,13.822733,100.512111,19.2,3.37,1.8,0.3,-154.8,205.2,-2.8,-1.09,-0.15,16.11,96,AUTO.LOITER,1,1
2026-08-12T03:29:37,1786480177,13.822709,100.512101,19.4,3.52,1.0,-3.7,-161.9,198.1,-2.82,-1.07,-0.17,16.11,96,0,0,1
2026-08-12T03:29:38,1786480178,13.822691,100.512095,18.9,3.52,1.4,-1.4,-162.1,197.9,-2.82,-1.07,-0.17,16.11,95,0,0,1
2026-08-12T03:29:39,1786480179,13.822671,100.512087,19.1,3.65,0.7,4.7,-158.6,201.4,-2.66,-1.04,-0.15,16.11,95,AUTO.LOITER,1,1
2026-08-12T03:29:40,1786480180,13.822666,100.512085,19.6,3.75,0.2,3.1,-160.0,200.0,-1.53,-0.62,-0.11,16.11,95,AUTO.LOITER,1,1
2026-08-12T03:29:41,1786480181,13.822655,100.512081,19.7,3.81,5.4,7.6,-160.1,199.9,-0.74,-0.3,-0.11,16.11,95,AUTO.LOITER,1,1
2026-08-12T03:29:42,1786480182,13.822653,100.512075,19.7,3.88,5.4,7.6,-160.1,199.9,-0.48,-0.78,-0.09,16.11,95,AUTO.LOITER,1,1
2026-08-12T03:29:43,1786480183,13.822646,100.512071,19.8,3.91,2.9,0.1,-130.6,229.4,-0.16,-0.39,-0.05,16.11,95,AUTO.LOITER,1,1
2026-08-12T03:29:44,1786480184,13.822645,100.512068,19.1,3.91,-2.7,0.3,-134.9,225.1,-0.16,-0.39,-0.05,16.11,95,AUTO.LOITER,1,1
2026-08-12T03:29:45,1786480185,13.822644,100.512068,18.7,3.69,0.9,-1.0,-142.7,217.3,-0.12,-0.04,0.42,16.1,95,AUTO.LOITER,1,1
2026-08-12T03:29:46,1786480186,13.822644,100.512068,19.2,3.32,0.1,-0.6,-138.9,221.1,0.0,0.04,0.35,16.1,95,AUTO.LOITER,1,1
2026-08-12T03:29:47,1786480187,13.822644,100.512069,18.8,2.93,0.2,-0.6,-137.3,222.7,-0.03,0.06,0.36,16.1,95,AUTO.LOITER,1,1
2026-08-12T03:29:48,1786480188,13.822644,100.512069,18.4,2.56,0.5,-1.0,-138.5,221.5,-0.05,0.02,0.39,16.1,95,AUTO.LOITER,1,1
2026-08-12T03:29:49,1786480189,13.822644,100.512069,18.1,2.18,0.1,-0.1,-139.3,220.7,-0.04,0.03,0.4,16.1,95,0,0,1
2026-08-12T03:29:50,1786480190,13.822644,100.512069,18.1,2.18,0.5,-0.5,-139.1,220.9,-0.04,0.03,0.4,16.1,95,0,0,1
2026-08-12T03:29:51,1786480191,13.822644,100.51207,17.1,2.18,0.5,-0.5,-139.1,220.9,-0.04,0.03,0.4,16.1,95,AUTO.LAND,1,1
2026-08-12T03:29:52,1786480192,13.822644,100.512069,17.4,1.51,0.5,-0.5,-138.8,221.2,-0.02,-0.01,0.32,16.1,95,AUTO.LAND,1,1
2026-08-12T03:29:53,1786480193,13.822643,100.512069,17.1,1.21,0.6,-0.3,-138.9,221.1,0.0,-0.01,0.32,16.1,95,AUTO.LAND,1,1
2026-08-12T03:29:54,1786480194,13.822643,100.512069,16.8,0.91,0.5,-0.1,-138.8,221.2,0.01,0.0,0.3,16.1,95,AUTO.LAND,1,1
2026-08-12T03:29:55,1786480195,13.822644,100.512069,16.5,0.61,0.3,-1.0,-138.7,221.3,0.0,-0.01,0.31,16.1,95,AUTO.LAND,1,1
2026-08-12T03:29:56,1786480196,13.822644,100.512069,16.3,0.41,0.4,-0.3,-138.8,221.2,-0.03,0.0,-0.18,16.1,95,0,0,1
2026-08-12T03:29:57,1786480197,13.822644,100.512069,17.1,1.22,0.5,-0.4,-138.8,221.2,-0.01,0.01,-0.86,16.1,95,0,0,1
2026-08-12T03:29:58,1786480198,13.822644,100.512069,17.4,1.22,0.6,-0.6,-138.7,221.3,-0.01,0.01,-0.86,16.1,95,AUTO.TAKEOFF,1,1
2026-08-12T03:29:59,1786480199,13.822644,100.512069,18.0,2.12,0.5,-0.6,-138.7,221.3,0.0,0.0,-0.81,16.09,95,AUTO.TAKEOFF,1,1
2026-08-12T03:30:00,1786480200,13.822644,100.512069,18.7,2.84,0.5,-0.7,-138.7,221.3,0.0,0.02,-0.6,16.09,95,AUTO.TAKEOFF,1,1
2026-08-12T03:30:01,1786480201,13.822644,100.512069,19.1,3.21,0.3,-0.9,-138.7,221.3,0.0,0.02,0.12,16.09,95,AUTO.LOITER,1,1
2026-08-12T03:30:02,1786480202,13.822645,100.512068,19.1,3.23,15.6,4.6,-133.9,226.1,0.64,-0.52,-0.04,16.09,95,AUTO.LOITER,1,1
2026-08-12T03:30:03,1786480203,13.822662,100.512058,19.2,3.31,12.5,1.8,-124.8,235.2,2.61,-1.46,-0.07,16.09,95,0,0,1
2026-08-12T03:30:04,1786480204,13.822678,100.512049,19.0,3.31,-1.4,-0.4,-91.9,268.1,2.61,-1.46,-0.07,16.09,95,AUTO.LOITER,1,1
2026-08-12T03:30:05,1786480205,13.8227,100.512034,19.2,3.43,1.4,-3.8,-65.3,294.7,2.37,-1.57,-0.1,16.09,95,AUTO.LOITER,1,1
2026-08-12T03:30:06,1786480206,13.822707,100.512029,19.5,3.61,-0.4,-1.8,-44.7,315.3,2.63,-1.65,-0.08,16.09,95,AUTO.LOITER,1,1
2026-08-12T03:30:07,1786480207,13.82273,100.512014,19.6,3.76,-1.6,3.5,-33.7,326.3,2.49,-1.6,-0.04,16.09,94,AUTO.LOITER,1,1
2026-08-12T03:30:08,1786480208,13.822748,100.512003,19.7,3.88,-0.3,3.4,-26.6,333.4,1.47,-0.99,0.0,16.09,94,AUTO.LOITER,1,1
2026-08-12T03:30:09,1786480209,13.822758,100.511996,19.8,3.95,-4.0,2.5,-36.2,323.8,0.88,-0.6,0.04,16.09,94,0,0,1
2026-08-12T03:30:10,1786480210,13.822762,100.511992,19.6,3.95,-6.0,2.3,-40.2,319.8,0.88,-0.6,0.04,16.09,94,0,0,1
2026-08-12T03:30:11,1786480211,13.822763,100.511987,19.7,4.01,-1.3,0.9,-51.4,308.6,0.02,-0.67,0.07,16.09,94,AUTO.LOITER,1,1
2026-08-12T03:30:12,1786480212,13.822762,100.511986,19.9,3.98,-1.8,-1.6,-49.2,310.8,-0.08,-0.14,0.4,16.09,94,AUTO.LOITER,1,1
2026-08-12T03:30:13,1786480213,13.822762,100.511986,19.5,3.59,-1.2,-0.6,-46.2,313.8,-0.04,-0.01,0.46,16.09,94,AUTO.LAND,1,1
2026-08-12T03:30:14,1786480214,13.822762,100.511986,19.1,3.21,-0.7,-1.1,-46.2,313.8,-0.09,0.05,0.49,16.09,94,AUTO.LAND,1,1
2026-08-12T03:30:15,1786480215,13.822762,100.511986,18.7,2.82,-0.5,-1.7,-47.7,312.3,-0.03,0.03,0.51,16.09,94,0,0,1
2026-08-12T03:30:16,1786480216,13.822762,100.511986,18.3,2.42,-0.4,-1.3,-48.2,311.8,0.0,0.02,0.51,16.09,94,0,0,1
2026-08-12T03:30:17,1786480217,13.822761,100.511986,17.8,2.42,-0.4,-1.5,-47.5,312.5,0.0,0.02,0.51,16.08,94,AUTO.LAND,1,1
2026-08-12T03:30:18,1786480218,13.822762,100.511986,17.9,2.04,-0.8,-1.4,-47.3,312.7,0.05,0.0,0.52,16.08,94,AUTO.LAND,1,1
2026-08-12T03:30:19,1786480219,13.822762,100.511986,17.5,1.66,-0.6,-1.9,-47.7,312.3,0.04,0.0,0.46,16.08,94,AUTO.LAND,1,1
2026-08-12T03:30:20,1786480220,13.822762,100.511986,17.2,1.34,-0.9,-1.1,-47.6,312.4,0.06,-0.02,0.41,16.08,94,AUTO.LAND,1,1
2026-08-12T03:30:21,1786480221,13.822762,100.511986,16.9,1.02,-1.0,-1.8,-47.4,312.6,0.01,0.0,0.39,16.08,94,AUTO.LAND,1,1
2026-08-12T03:30:22,1786480222,13.822762,100.511986,16.6,0.73,-0.7,-1.3,-47.5,312.5,0.04,-0.04,0.37,16.08,94,AUTO.LAND,1,1
2026-08-12T03:30:23,1786480223,13.822762,100.511986,16.4,0.54,-1.0,-1.3,-47.5,312.5,0.0,-0.02,-0.17,16.08,94,0,0,1
2026-08-12T03:30:24,1786480224,13.822762,100.511986,16.8,0.54,-0.3,-1.7,-47.5,312.5,0.0,-0.02,-0.17,16.08,94,AUTO.TAKEOFF,1,1
2026-08-12T03:30:25,1786480225,13.822762,100.511986,17.2,1.35,-0.7,-1.3,-47.5,312.5,0.04,0.0,-0.71,16.08,94,AUTO.TAKEOFF,1,1
2026-08-12T03:30:26,1786480226,13.822762,100.511986,17.9,2.01,-0.8,-1.4,-47.5,312.5,0.03,0.0,-0.52,16.08,94,AUTO.LOITER,1,1
2026-08-12T03:30:27,1786480227,13.822762,100.511986,18.1,2.2,-1.1,-0.4,-47.4,312.6,0.03,0.0,0.13,16.08,94,AUTO.LOITER,1,1
2026-08-12T03:30:28,1786480228,13.822758,100.511991,18.1,2.28,5.5,11.5,-38.3,321.7,-0.96,1.34,0.0,16.08,94,AUTO.LOITER,1,1
2026-08-12T03:30:29,1786480229,13.822745,100.512012,18.2,2.36,3.1,5.2,-24.3,335.7,-1.59,2.63,-0.12,16.08,94,0,0,1
2026-08-12T03:30:30,1786480230,13.822736,100.512026,18.3,2.36,0.4,1.8,9.1,9.1,-1.59,2.63,-0.12,16.08,94,AUTO.LOITER,1,1
2026-08-12T03:30:31,1786480231,13.822722,100.512049,18.5,2.54,-0.5,-0.1,31.5,31.5,-1.6,2.49,-0.13,16.08,94,AUTO.LOITER,1,1
2026-08-12T03:30:32,1786480232,13.822717,100.512057,18.6,2.74,1.0,0.7,54.0,54.0,-1.59,2.61,-0.12,16.07,94,AUTO.LOITER,1,1
2026-08-12T03:30:33,1786480233,13.822702,100.51208,18.8,2.94,0.2,0.5,67.3,67.3,-1.63,2.59,-0.11,16.07,94,AUTO.LOITER,1,1
2026-08-12T03:30:34,1786480234,13.822687,100.512104,19.0,3.13,0.6,0.7,93.6,93.6,-1.56,2.54,-0.07,16.07,94,AUTO.LOITER,1,1
2026-08-12T03:30:35,1786480235,13.822674,100.512126,19.1,3.27,-0.3,8.0,117.5,117.5,-1.29,2.1,-0.04,16.07,94,0,0,1
2026-08-12T03:30:36,1786480236,13.822665,100.51214,19.2,3.38,1.2,6.0,126.1,126.1,-0.73,1.23,0.0,16.07,93,0,0,1
2026-08-12T03:30:37,1786480237,13.82266,100.512145,19.3,3.38,5.6,5.7,125.4,125.4,-0.73,1.23,0.0,16.07,93,AUTO.LOITER,1,1
2026-08-12T03:30:38,1786480238,13.822659,100.512147,19.3,3.46,12.5,-1.3,129.9,129.9,-0.84,0.14,0.03,16.07,93,AUTO.LOITER,1,1
2026-08-12T03:30:39,1786480239,13.822645,100.512141,19.4,3.49,0.3,0.2,163.7,163.7,-2.27,-0.99,0.06,16.07,93,AUTO.LOITER,1,1
2026-08-12T03:30:40,1786480240,13.822619,100.512134,19.3,3.48,4.5,1.7,-177.2,182.8,-2.82,-0.68,0.06,16.07,93,AUTO.LOITER,1,1
2026-08-12T03:30:41,1786480241,13.822595,100.512126,19.4,3.5,1.5,5.6,-156.5,203.5,-2.55,-0.85,0.04,16.07,93,AUTO.LOITER,1,1
2026-08-12T03:30:42,1786480242,13.822578,100.512121,19.4,3.53,1.6,3.3,-163.4,196.6,-1.5,-0.44,0.07,16.07,93,AUTO.LOITER,1,1
2026-08-12T03:30:43,1786480243,13.822567,100.512118,19.4,3.56,-9.0,5.8,-171.0,189.0,-0.86,0.03,0.06,16.07,93,0,0,1
2026-08-12T03:30:44,1786480244,13.822563,100.512124,19.5,3.56,-9.4,-2.3,-174.1,185.9,-0.86,0.03,0.06,16.07,93,AUTO.LOITER,1,1
2026-08-12T03:30:45,1786480245,13.822549,100.512143,19.6,3.6,2.1,0.3,157.7,157.7,-1.19,1.94,0.05,16.07,93,AUTO.LOITER,1,1
2026-08-12T03:30:46,1786480246,13.822543,100.51215,19.5,3.6,0.2,1.1,127.1,127.1,-1.88,2.24,0.13,16.07,93,AUTO.LOITER,1,1
2026-08-12T03:30:47,1786480247,13.822528,100.512169,19.5,3.6,0.2,6.5,120.5,120.5,-1.47,2.03,0.11,16.07,93,AUTO.LOITER,1,1
2026-08-12T03:30:48,1786480248,13.822518,100.512183,19.5,3.6,0.4,4.6,126.2,126.2,-0.86,1.24,0.12,16.07,93,0,0,1
2026-08-12T03:30:49,1786480249,13.822518,100.512183,19.5,3.6,-7.4,-4.2,128.7,128.7,-0.86,1.24,0.12,16.06,93,AUTO.LOITER,1,1
2026-08-12T03:30:50,1786480250,13.822509,100.512212,19.5,3.6,2.8,-2.5,103.0,103.0,-0.56,2.97,0.15,16.06,93,AUTO.LOITER,1,1
2026-08-12T03:30:51,1786480251,13.822502,100.512238,19.5,3.61,2.8,-2.5,103.0,103.0,-0.55,2.41,0.1,16.06,93,AUTO.LOITER,1,1
2026-08-12T03:30:52,1786480252,13.822499,100.512255,19.5,3.58,2.8,-2.5,103.0,103.0,-0.34,1.59,0.12,16.06,93,0,0,1
2026-08-12T03:30:53,1786480253,13.822497,100.512263,19.5,3.58,0.1,5.0,107.2,107.2,-0.34,1.59,0.12,16.06,93,AUTO.LOITER,1,1
2026-08-12T03:30:54,1786480254,13.822496,100.512267,19.4,3.51,1.1,6.3,100.6,100.6,-0.14,0.88,0.49,16.06,93,AUTO.LAND,1,1
2026-08-12T03:30:55,1786480255,13.822496,100.512271,18.2,2.3,1.5,4.5,99.4,99.4,-0.06,0.09,1.47,16.06,93,AUTO.LAND,1,1
2026-08-12T03:30:56,1786480256,13.822495,100.512272,17.4,1.5,-0.5,1.8,102.1,102.1,-0.04,0.07,0.53,16.06,93,AUTO.LAND,1,1
2026-08-12T03:30:57,1786480257,13.822495,100.512272,17.0,1.12,0.5,1.1,102.6,102.6,0.01,-0.07,0.48,16.06,93,AUTO.LAND,1,1
2026-08-12T03:30:58,1786480258,13.822495,100.512272,16.7,0.8,0.3,0.6,101.8,101.8,0.0,-0.03,0.43,16.06,93,0,0,1
2026-08-12T03:30:59,1786480259,13.822495,100.512272,16.5,0.8,-0.0,0.8,101.3,101.3,0.0,-0.03,0.43,16.06,93,AUTO.LAND,1,1
2026-08-12T03:31:00,1786480260,13.822495,100.512272,16.1,0.48,0.1,0.7,101.9,101.9,0.0,-0.01,0.4,16.06,93,AUTO.LAND,1,1
2026-08-12T03:31:01,1786480261,13.822495,100.512272,16.0,0.16,0.2,0.5,101.9,101.9,0.02,0.01,0.38,16.06,93,AUTO.LAND,1,1
2026-08-12T03:31:02,1786480262,13.822495,100.512272,15.7,-0.15,0.4,0.4,101.7,101.7,0.0,0.02,0.36,16.06,93,AUTO.LAND,1,1
2026-08-12T03:31:03,1786480263,13.822495,100.512272,15.4,-0.45,0.2,0.5,101.7,101.7,-0.03,0.03,0.35,16.05,93,AUTO.LAND,1,1
2026-08-12T03:31:04,1786480264,13.822496,100.512271,15.4,-0.43,0.3,-0.1,102.1,102.1,0.14,-0.08,-0.04,16.05,92,AUTO.LAND,1,1
2026-08-12T03:31:05,1786480265,13.822496,100.512272,15.4,-0.43,0.4,-0.2,102.1,102.1,0.01,0.02,-0.01,16.05,92,0,0,1
2026-08-12T03:31:06,1786480266,13.822495,100.512272,15.4,-0.46,0.4,-0.2,102.1,102.1,-0.04,0.07,0.0,16.05,92,AUTO.LAND,1,0
2026-08-12T03:31:07,1786480267,13.822496,100.512272,15.4,-0.46,0.4,-0.1,102.1,102.1,-0.04,0.07,0.0,16.2,96,AUTO.LOITER,0,0
2026-08-12T03:31:08,1786480268,13.822495,100.512272,15.4,-0.47,0.4,-0.2,102.1,102.1,-0.01,-0.02,0.0,16.2,99,AUTO.LOITER,0,0
2026-08-12T03:31:09,1786480269,13.822495,100.512272,15.4,-0.47,0.4,-0.2,102.1,102.1,-0.03,-0.01,0.0,16.2,100,AUTO.LOITER,0,0
2026-08-12T03:31:10,1786480270,13.822495,100.512272,15.4,-0.46,0.5,-0.2,102.1,102.1,-0.01,-0.01,-0.01,16.2,100,AUTO.LOITER,0,0
2026-08-12T03:31:11,1786480271,13.822495,100.512272,15.4,-0.45,0.5,-0.2,102.0,102.0,0.0,0.0,-0.01,16.2,100,AUTO.LOITER,0,0
2026-08-12T03:31:12,1786480272,13.822496,100.512272,15.4,-0.46,0.5,-0.2,102.0,102.0,0.0,0.0,0.0,16.2,100,AUTO.LOITER,0,0
2026-08-12T03:31:13,1786480273,13.822496,100.512272,15.4,-0.46,0.5,-0.2,102.0,102.0,0.0,0.0,0.0,16.2,100,AUTO.LOITER,0,0
2026-08-12T03:31:14,1786480274,13.822496,100.512272,15.4,-0.46,0.5,-0.3,102.0,102.0,0.0,0.0,0.0,16.2,100,AUTO.LOITER,0,0
2026-08-12T03:31:15,1786480275,13.822496,100.512272,15.4,-0.47,0.5,-0.3,102.0,102.0,-0.01,0.0,0.0,16.2,100,AUTO.LOITER,0,0
2026-08-12T03:31:16,1786480276,13.822496,100.512272,15.4,-0.47,0.5,-0.3,102.0,102.0,0.0,0.0,0.0,16.2,100,AUTO.LOITER,0,0
2026-08-12T03:31:17,1786480277,13.822496,100.512272,15.4,-0.46,0.5,-0.4,102.0,102.0,-0.02,0.0,0.0,16.2,100,AUTO.LOITER,0,0
2026-08-12T03:31:18,1786480278,13.822495,100.512272,15.4,-0.45,0.5,-0.4,102.0,102.0,-0.04,0.0,-0.01,16.2,100,AUTO.LOITER,0,0
2026-08-12T03:31:19,1786480279,13.822495,100.512272,15.4,-0.45,0.5,-0.4,102.0,102.0,-0.03,0.01,-0.01,16.2,100,AUTO.LOITER,0,0
2026-08-12T03:31:20,1786480280,13.822495,100.512272,15.4,-0.45,0.5,-0.4,101.9,101.9,-0.03,0.0,-0.01,16.2,100,AUTO.LOITER,0,0
2026-08-12T03:31:21,1786480281,13.822495,100.512272,15.4,-0.46,0.5,-0.4,101.9,101.9,-0.03,0.0,-0.01,16.2,100,AUTO.LOITER,0,0
2026-08-12T03:31:22,1786480282,13.822495,100.512272,15.4,-0.46,0.5,-0.4,101.9,101.9,-0.03,0.0,-0.01,16.2,100,AUTO.LOITER,0,0
2026-08-12T03:31:23,1786480283,13.822496,100.512272,15.4,-0.45,0.4,-0.4,101.9,101.9,-0.03,-0.01,-0.01,16.2,100,AUTO.LOITER,0,0
2026-08-12T03:31:24,1786480284,13.822495,100.512272,15.4,-0.45,0.4,-0.4,101.9,101.9,-0.03,-0.01,-0.01,16.2,100,AUTO.LOITER,0,0
2026-08-12T03:31:25,1786480285,13.822495,100.512272,15.4,-0.46,0.3,-0.4,101.9,101.9,-0.01,-0.01,0.0,16.2,100,AUTO.LOITER,0,0
2026-08-12T03:31:26,1786480286,13.822496,100.512272,15.4,-0.46,0.3,-0.4,101.9,101.9,0.0,0.0,0.0,16.2,100,AUTO.LOITER,0,0
2026-08-12T03:31:27,1786480287,13.822496,100.512272,15.4,-0.46,0.4,-0.4,101.9,101.9,0.0,0.01,0.0,16.2,100,AUTO.LOITER,0,0
2026-08-12T03:31:28,1786480288,13.822496,100.512272,15.4,-0.46,0.4,-0.4,101.8,101.8,0.0,0.02,0.0,16.2,100,AUTO.LOITER,0,0
2026-08-12T03:31:29,1786480289,13.822496,100.512272,15.4,-0.46,0.4,-0.4,101.8,101.8,0.01,0.02,0.0,16.2,100,AUTO.LOITER,0,0
2026-08-12T03:31:30,1786480290,13.822496,100.512272,15.4,-0.46,0.4,-0.3,101.8,101.8,0.01,0.03,0.0,16.2,100,AUTO.LOITER,0,0
2026-08-12T03:31:31,1786480291,13.822495,100.512272,15.4,-0.46,0.5,-0.3,101.8,101.8,0.01,0.03,0.0,16.2,100,AUTO.LOITER,0,0
2026-08-12T03:31:32,1786480292,13.822496,100.512272,15.4,-0.46,0.5,-0.3,101.8,101.8,0.0,0.02,0.0,16.2,100,AUTO.LOITER,0,0
2026-08-12T03:31:33,1786480293,13.822496,100.512272,15.4,-0.46,0.5,-0.3,101.8,101.8,0.0,0.02,0.0,16.2,100,AUTO.LOITER,0,0
2026-08-12T03:31:34,1786480294,13.822495,100.512272,15.4,-0.47,0.5,-0.2,101.8,101.8,-0.01,0.02,0.01,16.2,100,AUTO.LOITER,0,0
2026-08-12T03:31:35,1786480295,13.822495,100.512272,15.4,-0.48,0.5,-0.2,101.8,101.8,-0.01,0.0,0.02,16.2,100,AUTO.LOITER,0,0
2026-08-12T03:31:36,1786480296,13.822495,100.512272,15.4,-0.48,0.5,-0.2,101.8,101.8,-0.01,0.0,0.01,16.2,100,AUTO.LOITER,0,0
2026-08-12T03:31:37,1786480297,13.822496,100.512272,15.4,-0.48,0.6,-0.2,101.8,101.8,0.0,0.0,0.01,16.2,100,AUTO.LOITER,0,0
2026-08-12T03:31:38,1786480298,13.822496,100.512272,15.4,-0.47,0.6,-0.2,101.8,101.8,0.0,0.0,0.0,16.2,100,AUTO.LOITER,0,0
2026-08-12T03:31:39,1786480299,13.822496,100.512272,15.4,-0.47,0.6,-0.2,101.8,101.8,0.0,0.0,0.0,16.2,100,AUTO.LOITER,0,0
2026-08-12T03:31:40,1786480300,13.822496,100.512272,15.4,-0.47,0.6,-0.2,101.8,101.8,0.0,-0.01,0.0,16.2,100,AUTO.LOITER,0,0
2026-08-12T03:31:41,1786480301,13.822496,100.512272,15.4,-0.47,0.6,-0.2,101.8,101.8,0.0,-0.01,0.0,16.2,100,AUTO.LOITER,0,0
2026-08-12T03:31:42,1786480302,13.822496,100.512272,15.4,-0.47,0.6,-0.2,101.8,101.8,0.0,-0.01,0.0,16.2,100,AUTO.LOITER,0,0
2026-08-12T03:31:43,1786480303,13.822496,100.512272,15.4,-0.46,0.6,-0.2,101.8,101.8,-0.01,0.0,-0.01,16.2,100,AUTO.LOITER,0,0
2026-08-12T03:31:44,1786480304,13.822496,100.512272,15.4,-0.45,0.6,-0.2,101.8,101.8,-0.01,0.0,-0.02,16.2,100,AUTO.LOITER,0,0
2026-08-12T03:31:45,1786480305,13.822495,100.512272,15.4,-0.44,0.6,-0.2,101.8,101.8,-0.02,-0.01,-0.03,16.2,100,AUTO.LOITER,0,0
2026-08-12T03:31:46,1786480306,13.822496,100.512272,15.4,-0.43,0.6,-0.2,101.8,101.8,-0.01,-0.02,-0.04,16.2,100,AUTO.LOITER,0,0
2026-08-12T03:31:47,1786480307,13.822495,100.512272,15.4,-0.42,0.6,-0.3,101.8,101.8,-0.02,-0.02,-0.04,16.2,100,AUTO.LOITER,0,0
2026-08-12T03:31:48,1786480308,13.822495,100.512272,15.4,-0.42,0.6,-0.3,101.8,101.8,-0.02,-0.02,-0.04,16.2,100,AUTO.LOITER,0,0
2026-08-12T03:31:49,1786480309,13.822496,100.512272,15.4,-0.42,0.6,-0.3,101.8,101.8,0.0,0.0,-0.04,16.2,100,AUTO.LOITER,0,0
2026-08-12T03:31:50,1786480310,13.822495,100.512272,15.4,-0.42,0.6,-0.3,101.8,101.8,-0.01,0.01,-0.04,16.2,100,AUTO.LOITER,0,0
2026-08-12T03:31:51,1786480311,13.822496,100.512272,15.4,-0.43,0.6,-0.3,101.8,101.8,0.0,0.01,-0.03,16.2,100,AUTO.LOITER,0,0
2026-08-12T03:31:52,1786480312,13.822496,100.512272,15.4,-0.43,0.6,-0.3,101.8,101.8,0.0,0.01,-0.03,16.2,100,AUTO.LOITER,0,0
2026-08-12T03:31:53,1786480313,13.822496,100.512272,15.4,-0.43,0.6,-0.3,101.8,101.8,0.0,0.0,-0.04,16.2,100,AUTO.LOITER,0,0
2026-08-12T03:31:54,1786480314,13.822495,100.512272,15.4,-0.43,0.6,-0.3,101.8,101.8,-0.01,0.0,-0.04,16.2,100,AUTO.LOITER,0,0
2026-08-12T03:31:55,1786480315,13.822495,100.512272,15.4,-0.42,0.6,-0.4,101.8,101.8,-0.01,0.0,-0.04,16.2,100,AUTO.LOITER,0,0
2026-08-12T03:31:56,1786480316,13.822495,100.512272,15.4,-0.42,0.6,-0.4,101.8,101.8,-0.01,0.0,-0.05,16.2,100,AUTO.LOITER,0,0
2026-08-12T03:31:57,1786480317,13.822495,100.512272,15.4,-0.42,0.6,-0.4,101.8,101.8,-0.01,0.0,-0.05,16.2,100,AUTO.LOITER,0,0
2026-08-12T03:31:58,1786480318,13.822496,100.512272,15.4,-0.41,0.6,-0.4,101.8,101.8,0.0,0.01,-0.05,16.2,100,AUTO.LOITER,0,0
2026-08-12T03:31:59,1786480319,13.822496,100.512272,15.5,-0.41,0.6,-0.4,101.8,101.8,0.01,0.01,-0.05,16.2,100,AUTO.LOITER,0,0
2026-08-12T03:32:00,1786480320,13.822496,100.512272,15.5,-0.41,0.6,-0.4,101.8,101.8,0.01,0.0,-0.06,16.2,100,AUTO.LOITER,0,0
2026-08-12T03:32:01,1786480321,13.822496,100.512272,15.5,-0.41,0.6,-0.4,101.8,101.8,0.0,0.01,-0.06,16.2,100,AUTO.LOITER,0,0
2026-08-12T03:32:02,1786480322,13.822495,100.512272,15.5,-0.41,0.6,-0.4,101.9,101.9,0.0,0.01,-0.05,16.2,100,AUTO.LOITER,0,0
2026-08-12T03:32:03,1786480323,13.822495,100.512272,15.5,-0.41,0.6,-0.4,101.9,101.9,0.0,0.01,-0.04,16.2,100,AUTO.LOITER,0,0
2026-08-12T03:32:04,1786480324,13.822495,100.512272,15.4,-0.42,0.6,-0.4,101.9,101.9,-0.02,0.01,-0.04,16.2,100,AUTO.LOITER,0,0
2026-08-12T03:32:05,1786480325,13.822495,100.512272,15.5,-0.41,0.7,-0.4,101.9,101.9,-0.04,0.02,-0.05,16.2,100,AUTO.LOITER,0,0
2026-08-12T03:32:06,1786480326,13.822495,100.512272,15.5,-0.41,0.6,-0.4,101.9,101.9,-0.03,0.03,-0.06,16.2,100,AUTO.LOITER,0,0
2026-08-12T03:32:07,1786480327,13.822496,100.512272,15.4,-0.41,0.6,-0.4,101.9,101.9,-0.03,0.03,-0.06,16.2,100,AUTO.LOITER,0,0
2026-08-12T03:32:08,1786480328,13.822496,100.512272,15.4,-0.4,0.6,-0.4,101.9,101.9,0.0,0.03,-0.06,16.2,100,AUTO.LOITER,0,0
2026-08-12T03:32:09,1786480329,13.822495,100.512272,15.5,-0.39,0.6,-0.4,101.9,101.9,0.0,0.02,-0.06,16.2,100,AUTO.LOITER,0,0
2026-08-12T03:32:10,1786480330,13.822496,100.512272,15.5,-0.39,0.6,-0.4,101.9,101.9,0.0,0.02,-0.06,16.2,100,AUTO.LOITER,0,0
2026-08-12T03:32:11,1786480331,13.822496,100.512272,15.5,-0.4,0.6,-0.4,101.9,101.9,0.0,0.0,-0.05,16.2,100,AUTO.LOITER,0,0
2026-08-12T03:32:12,1786480332,13.822495,100.512272,15.5,-0.41,0.6,-0.4,101.9,101.9,0.0,0.0,-0.05,16.2,100,AUTO.LOITER,0,0
2026-08-12T03:32:13,1786480333,13.822495,100.512272,15.5,-0.41,0.6,-0.4,101.9,101.9,0.0,-0.01,-0.05,16.2,100,AUTO.LOITER,0,0
2026-08-12T03:32:14,1786480334,13.822495,100.512272,15.5,-0.41,0.6,-0.4,101.9,101.9,0.0,0.0,-0.04,16.2,100,AUTO.LOITER,0,0
2026-08-12T03:32:15,1786480335,13.822495,100.512272,15.5,-0.41,0.6,-0.4,101.9,101.9,-0.01,-0.01,-0.04,16.2,100,AUTO.LOITER,0,0
2026-08-12T03:32:16,1786480336,13.822496,100.512272,15.4,-0.41,0.6,-0.4,101.9,101.9,-0.01,-0.01,-0.04,16.2,100,AUTO.LOITER,0,0
2026-08-12T03:32:17,1786480337,13.822496,100.512272,15.4,-0.42,0.6,-0.4,101.9,101.9,0.0,-0.01,-0.03,16.2,100,AUTO.LOITER,0,0
2026-08-12T03:32:18,1786480338,13.822495,100.512272,15.4,-0.42,0.6,-0.5,101.9,101.9,0.0,-0.02,-0.03,16.2,100,AUTO.LOITER,0,0
2026-08-12T03:32:19,1786480339,13.822495,100.512272,15.4,-0.42,0.6,-0.5,101.9,101.9,-0.01,-0.03,-0.03,16.2,100,AUTO.LOITER,0,0
2026-08-12T03:32:20,1786480340,13.822495,100.512272,15.5,-0.41,0.6,-0.5,101.9,101.9,-0.02,-0.02,-0.03,16.2,100,AUTO.LOITER,0,0
2026-08-12T03:32:21,1786480341,13.822495,100.512272,15.5,-0.41,0.6,-0.6,101.9,101.9,-0.02,0.0,-0.04,16.2,100,AUTO.LOITER,0,0
2026-08-12T03:32:22,1786480342,13.822495,100.512272,15.5,-0.41,0.6,-0.6,102.0,102.0,-0.01,0.0,-0.04,16.2,100,AUTO.LOITER,0,0
2026-08-12T03:32:23,1786480343,13.822495,100.512272,15.5,-0.41,0.6,-0.6,102.0,102.0,0.0,0.0,-0.04,16.2,100,AUTO.LOITER,0,0
2026-08-12T03:32:24,1786480344,13.822495,100.512272,15.5,-0.41,0.6,-0.6,102.0,102.0,-0.01,0.0,-0.03,16.2,100,AUTO.LOITER,0,0
2026-08-12T03:32:25,1786480345,13.822495,100.512272,15.4,-0.41,0.6,-0.6,102.0,102.0,-0.01,0.0,-0.03,16.2,100,AUTO.LOITER,0,0
2026-08-12T03:32:26,1786480346,13.822496,100.512272,15.4,-0.41,0.6,-0.7,102.0,102.0,-0.01,-0.01,-0.03,16.2,100,AUTO.LOITER,0,0
2026-08-12T03:32:27,1786480347,13.822495,100.512272,15.4,-0.42,0.5,-0.7,102.0,102.0,-0.03,-0.01,-0.03,16.2,100,AUTO.LOITER,0,0
2026-08-12T03:32:28,1786480348,13.822495,100.512272,15.4,-0.42,0.5,-0.7,102.0,102.0,-0.02,-0.01,-0.03,16.2,100,AUTO.LOITER,0,0
2026-08-12T03:32:29,1786480349,13.822495,100.512272,15.4,-0.42,0.5,-0.7,102.0,102.0,-0.01,0.0,-0.03,16.2,100,AUTO.LOITER,0,0
2026-08-12T03:32:30,1786480350,13.822495,100.512272,15.4,-0.42,0.5,-0.7,102.0,102.0,-0.01,0.0,-0.03,16.2,100,AUTO.LOITER,0,0
2026-08-12T03:32:31,1786480351,13.822495,100.512272,15.4,-0.42,0.5,-0.7,102.0,102.0,-0.01,0.0,-0.03,16.2,100,AUTO.LOITER,0,0
2026-08-12T03:32:32,1786480352,13.822495,100.512272,15.4,-0.42,0.5,-0.8,102.0,102.0,0.01,0.0,-0.02,16.2,100,AUTO.LOITER,0,0
2026-08-12T03:32:33,1786480353,13.822496,100.512272,15.4,-0.42,0.5,-0.8,102.0,102.0,0.01,0.02,-0.02,16.2,100,AUTO.LOITER,0,0
2026-08-12T03:32:34,1786480354,13.822495,100.512272,15.4,-0.42,0.5,-0.8,102.0,102.0,0.0,0.01,-0.02,16.2,100,AUTO.LOITER,0,0
2026-08-12T03:32:35,1786480355,13.822496,100.512272,15.4,-0.42,0.5,-0.8,102.0,102.0,0.0,0.01,-0.02,16.2,100,AUTO.LOITER,0,0
2026-08-12T03:32:36,1786480356,13.822496,100.512272,15.4,-0.41,0.5,-0.8,101.9,101.9,0.0,0.0,-0.03,16.2,100,AUTO.LOITER,0,0
2026-08-12T03:32:37,1786480357,13.822496,100.512272,15.5,-0.41,0.5,-0.8,101.9,101.9,0.0,-0.01,-0.04,16.2,100,AUTO.LOITER,0,0
2026-08-12T03:32:38,1786480358,13.822496,100.512272,15.5,-0.41,0.5,-0.8,101.9,101.9,0.0,-0.01,-0.04,16.2,100,AUTO.LOITER,0,0
2026-08-12T03:32:39,1786480359,13.822496,100.512272,15.5,-0.41,0.5,-0.8,101.9,101.9,0.0,-0.01,-0.04,16.2,100,AUTO.LOITER,0,0
2026-08-12T03:32:40,1786480360,13.822495,100.512272,15.5,-0.4,0.5,-0.9,101.9,101.9,0.0,0.0,-0.04,16.2,100,AUTO.LOITER,0,0
2026-08-12T03:32:41,1786480361,13.822495,100.512272,15.5,-0.41,0.5,-0.9,101.9,101.9,-0.01,0.0,-0.04,16.2,100,AUTO.LOITER,0,0
2026-08-12T03:32:42,1786480362,13.822495,100.512272,15.5,-0.4,0.5,-0.9,101.9,101.9,-0.01,0.0,-0.04,16.2,100,AUTO.LOITER,0,0
2026-08-12T03:32:43,1786480363,13.822496,100.512272,15.5,-0.4,0.5,-0.9,101.9,101.9,-0.01,0.0,-0.04,16.2,100,AUTO.LOITER,0,0
2026-08-12T03:32:44,1786480364,13.822495,100.512272,15.4,-0.4,0.5,-0.9,101.9,101.9,-0.01,0.0,-0.04,16.2,100,AUTO.LOITER,0,0
2026-08-12T03:32:45,1786480365,13.822495,100.512272,15.5,-0.4,0.5,-0.9,101.9,101.9,-0.02,0.0,-0.04,16.2,100,AUTO.LOITER,0,0
2026-08-12T03:32:46,1786480366,13.822495,100.512272,15.5,-0.4,0.5,-0.9,101.9,101.9,-0.02,0.0,-0.04,16.2,100,AUTO.LOITER,0,0
2026-08-12T03:32:47,1786480367,13.822495,100.512272,15.4,-0.4,0.4,-0.9,101.9,101.9,-0.02,0.0,-0.04,16.2,100,AUTO.LOITER,0,0
2026-08-12T03:32:48,1786480368,13.822495,100.512272,15.5,-0.4,0.4,-0.9,101.9,101.9,-0.05,0.01,-0.03,16.2,100,AUTO.LOITER,0,0
2026-08-12T03:32:49,1786480369,13.822495,100.512272,15.5,-0.41,0.3,-0.9,101.9,101.9,-0.02,0.0,-0.03,16.2,100,AUTO.LOITER,0,0
2026-08-12T03:32:50,1786480370,13.822495,100.512272,15.5,-0.41,0.3,-0.9,101.9,101.9,0.0,0.0,-0.03,16.2,100,AUTO.LOITER,0,0
2026-08-12T03:32:51,1786480371,13.822496,100.512272,15.5,-0.41,0.3,-0.9,101.9,101.9,0.01,0.0,-0.03,16.2,100,AUTO.LOITER,0,0
2026-08-12T03:32:52,1786480372,13.822495,100.512272,15.5,-0.4,0.3,-0.9,101.9,101.9,0.0,0.0,-0.04,16.2,100,AUTO.LOITER,0,0
2026-08-12T03:32:53,1786480373,13.822496,100.512272,15.4,-0.4,0.3,-0.9,101.9,101.9,0.0,0.0,-0.04,16.2,100,AUTO.LOITER,0,0
2026-08-12T03:32:54,1786480374,13.822495,100.512272,15.5,-0.4,0.3,-0.9,101.9,101.9,0.0,0.0,-0.05,16.2,100,AUTO.LOITER,0,0
2026-08-12T03:32:55,1786480375,13.822495,100.512272,15.5,-0.4,0.3,-0.9,101.9,101.9,0.0,0.0,-0.05,16.2,100,AUTO.LOITER,0,0
2026-08-12T03:32:56,1786480376,13.822495,100.512272,15.4,-0.4,0.3,-0.9,101.9,101.9,0.0,0.0,-0.05,16.2,100,AUTO.LOITER,0,0
2026-08-12T03:32:57,1786480377,13.822495,100.512272,15.5,-0.39,0.3,-0.9,101.9,101.9,0.0,0.0,-0.05,16.2,100,AUTO.LOITER,0,0
2026-08-12T03:32:58,1786480378,13.822495,100.512272,15.5,-0.39,0.3,-1.0,101.9,101.9,-0.01,0.0,-0.06,16.2,100,AUTO.LOITER,0,0
2026-08-12T03:32:59,1786480379,13.822495,100.512272,15.5,-0.37,0.2,-1.0,101.9,101.9,-0.01,0.0,-0.08,16.2,100,AUTO.LOITER,0,0
2026-08-12T03:33:00,1786480380,13.822495,100.512272,15.5,-0.36,0.2,-1.0,101.8,101.8,0.0,0.0,-0.09,16.2,100,AUTO.LOITER,0,0
2026-08-12T03:33:01,1786480381,13.822495,100.512272,15.5,-0.36,0.2,-1.0,101.8,101.8,0.0,-0.01,-0.08,16.2,100,AUTO.LOITER,0,0
2026-08-12T03:33:02,1786480382,13.822496,100.512272,15.4,-0.36,0.2,-1.1,101.8,101.8,0.0,-0.01,-0.08,16.2,100,AUTO.LOITER,0,0
2026-08-12T03:33:03,1786480383,13.822495,100.512272,15.4,-0.37,0.2,-1.1,101.8,101.8,0.0,-0.01,-0.07,16.2,100,AUTO.LOITER,0,0
2026-08-12T03:33:04,1786480384,13.822495,100.512272,15.5,-0.38,0.2,-1.1,101.8,101.8,0.0,0.0,-0.05,16.2,100,AUTO.LOITER,0,0
2026-08-12T03:33:05,1786480385,13.822495,100.512272,15.5,-0.38,0.2,-1.1,101.8,101.8,0.0,0.0,-0.05,16.2,100,AUTO.LOITER,0,0
2026-08-12T03:33:06,1786480386,13.822496,100.512272,15.4,-0.38,0.2,-1.1,101.8,101.8,0.0,0.0,-0.05,16.2,100,AUTO.LOITER,0,0
2026-08-12T03:33:07,1786480387,13.822496,100.512272,15.4,-0.38,0.2,-1.2,101.8,101.8,0.0,0.0,-0.05,16.2,100,AUTO.LOITER,0,0
2026-08-12T03:33:08,1786480388,13.822496,100.512272,15.5,-0.4,0.2,-1.2,101.8,101.8,0.02,0.05,-0.03,16.2,100,AUTO.LOITER,0,0
2026-08-12T03:33:09,1786480389,13.822496,100.512272,15.5,-0.41,0.2,-1.2,101.8,101.8,0.01,0.04,-0.03,16.2,100,AUTO.LOITER,0,0
2026-08-12T03:33:10,1786480390,13.822496,100.512272,15.5,-0.41,0.2,-1.2,101.8,101.8,0.01,0.04,-0.03,16.2,100,AUTO.LOITER,0,0
2026-08-12T03:33:11,1786480391,13.822496,100.512272,15.5,-0.41,0.2,-1.2,101.8,101.8,0.01,0.03,-0.03,16.2,100,AUTO.LOITER,0,0
2026-08-12T03:33:12,1786480392,13.822496,100.512272,15.3,-0.41,0.3,-1.1,101.8,101.8,0.01,0.03,-0.03,16.2,100,AUTO.LOITER,0,0
2026-08-12T03:33:13,1786480393,13.822496,100.512272,15.5,-0.41,0.3,-1.1,101.8,101.8,0.02,0.01,-0.03,16.2,100,AUTO.LOITER,0,0
2026-08-12T03:33:14,1786480394,13.822496,100.512272,15.5,-0.4,0.3,-1.1,101.8,101.8,0.01,0.0,-0.03,16.2,100,AUTO.LOITER,0,0
2026-08-12T03:33:15,1786480395,13.822496,100.512272,15.4,-0.4,0.3,-1.1,101.8,101.8,0.01,0.0,-0.03,16.2,100,AUTO.LOITER,0,0
2026-08-12T03:33:16,1786480396,13.822496,100.512272,15.4,-0.4,0.3,-1.1,101.8,101.8,0.01,0.0,-0.03,16.2,100,AUTO.LOITER,0,0
2026-08-12T03:33:17,1786480397,13.822495,100.512272,15.5,-0.41,0.4,-1.1,101.8,101.8,-0.02,0.0,-0.02,16.2,100,AUTO.LOITER,0,0
2026-08-12T03:33:18,1786480398,13.822495,100.512272,15.5,-0.41,0.3,-1.1,101.8,101.8,-0.02,0.01,-0.03,16.2,100,AUTO.LOITER,0,0
2026-08-12T03:33:19,1786480399,13.822496,100.512272,15.5,-0.4,0.3,-1.1,101.8,101.8,-0.01,0.01,-0.03,16.2,100,AUTO.LOITER,0,0
2026-08-12T03:33:20,1786480400,13.822495,100.512272,15.5,-0.4,0.3,-1.1,101.8,101.8,-0.02,0.01,-0.04,16.2,100,AUTO.LOITER,0,0
2026-08-12T03:33:21,1786480401,13.822495,100.512272,15.5,-0.4,0.3,-1.1,101.8,101.8,-0.02,0.03,-0.03,16.2,100,AUTO.LOITER,0,0
2026-08-12T03:33:22,1786480402,13.822496,100.512272,15.4,-0.4,0.3,-1.0,101.8,101.8,-0.02,0.03,-0.03,16.2,100,AUTO.LOITER,0,0
2026-08-12T03:33:23,1786480403,13.822496,100.512272,15.4,-0.41,0.2,-1.0,101.8,101.8,-0.01,0.03,-0.02,16.2,100,AUTO.LOITER,0,0
2026-08-12T03:33:24,1786480404,13.822496,100.512272,15.5,-0.41,0.2,-1.0,101.8,101.8,-0.01,0.02,-0.02,16.2,100,AUTO.LOITER,0,0
2026-08-12T03:33:25,1786480405,13.822495,100.512272,15.5,-0.41,0.2,-0.9,101.8,101.8,-0.02,0.0,-0.02,16.2,100,AUTO.LOITER,0,0
2026-08-12T03:33:26,1786480406,13.822495,100.512272,15.5,-0.41,0.2,-0.9,101.8,101.8,-0.01,0.0,-0.02,16.2,100,AUTO.LOITER,0,0
2026-08-12T03:33:27,1786480407,13.822496,100.512272,15.5,-0.41,0.1,-0.9,101.8,101.8,0.0,0.0,-0.02,16.2,100,AUTO.LOITER,0,0
2026-08-12T03:33:28,1786480408,13.822496,100.512272,15.5,-0.41,0.1,-0.9,101.8,101.8,0.0,0.0,-0.02,16.2,100,AUTO.LOITER,0,0
2026-08-12T03:33:29,1786480409,13.822496,100.512272,15.5,-0.41,0.1,-0.9,101.8,101.8,0.0,0.0,-0.02,16.2,100,AUTO.LOITER,0,0
2026-08-12T03:33:30,1786480410,13.822496,100.512272,15.5,-0.41,0.1,-0.9,101.8,101.8,0.0,0.0,-0.02,16.2,100,AUTO.LOITER,0,0
2026-08-12T03:33:31,1786480411,13.822496,100.512272,15.4,-0.41,0.1,-0.9,101.8,101.8,0.0,0.0,-0.02,16.2,100,AUTO.LOITER,0,0
2026-08-12T03:33:32,1786480412,13.822496,100.512271,15.4,-0.41,0.1,-0.9,101.8,101.8,0.01,0.0,-0.02,16.2,100,AUTO.LOITER,0,0
2026-08-12T03:33:33,1786480413,13.822496,100.512272,15.5,-0.41,0.1,-0.9,101.8,101.8,0.02,0.0,-0.02,16.2,100,AUTO.LOITER,0,0
2026-08-12T03:33:34,1786480414,13.822496,100.512272,15.5,-0.41,0.1,-0.8,101.8,101.8,0.02,0.0,-0.02,16.2,100,AUTO.LOITER,0,0
2026-08-12T03:33:35,1786480415,13.822496,100.512272,15.5,-0.41,0.1,-0.8,101.8,101.8,0.02,0.0,-0.02,16.2,100,AUTO.LOITER,0,0
2026-08-12T03:33:36,1786480416,13.822496,100.512272,15.5,-0.41,0.2,-0.8,101.8,101.8,0.01,-0.02,-0.03,16.2,100,AUTO.LOITER,0,0
2026-08-12T03:33:37,1786480417,13.822496,100.512272,15.5,-0.4,0.2,-0.9,101.8,101.8,0.01,-0.01,-0.03,16.2,100,AUTO.LOITER,0,0
2026-08-12T03:33:38,1786480418,13.822496,100.512272,15.5,-0.4,0.2,-0.9,101.8,101.8,0.01,-0.01,-0.03,16.2,100,AUTO.LOITER,0,0
2026-08-12T03:33:39,1786480419,13.822496,100.512272,15.5,-0.4,0.2,-0.9,101.8,101.8,0.0,0.0,-0.03,16.2,100,AUTO.LOITER,0,0
2026-08-12T03:33:40,1786480420,13.822495,100.512272,15.4,-0.4,0.2,-0.9,101.8,101.8,0.0,0.0,-0.03,16.2,100,AUTO.LOITER,0,0
2026-08-12T03:33:41,1786480421,13.822495,100.512272,15.4,-0.39,0.2,-0.9,101.8,101.8,0.0,0.0,-0.04,16.2,100,AUTO.LOITER,0,0
2026-08-12T03:33:42,1786480422,13.822495,100.512272,15.5,-0.39,0.2,-0.9,101.8,101.8,-0.01,0.0,-0.05,16.2,100,AUTO.LOITER,0,0
2026-08-12T03:33:43,1786480423,13.822495,100.512272,15.5,-0.39,0.2,-0.9,101.8,101.8,0.0,-0.01,-0.04,16.2,100,AUTO.LOITER,0,0
2026-08-12T03:33:44,1786480424,13.822496,100.512271,15.5,-0.39,0.2,-0.9,101.8,101.8,0.0,-0.02,-0.04,16.2,100,AUTO.LOITER,0,0
2026-08-12T03:33:45,1786480425,13.822496,100.512271,15.5,-0.39,0.2,-1.0,101.8,101.8,0.0,-0.01,-0.05,16.2,100,AUTO.LOITER,0,0
2026-08-12T03:33:46,1786480426,13.822496,100.512272,15.5,-0.38,0.2,-1.0,101.8,101.8,0.0,-0.01,-0.06,16.2,100,AUTO.LOITER,0,0
2026-08-12T03:33:47,1786480427,13.822495,100.512272,15.5,-0.38,0.2,-1.0,101.8,101.8,-0.01,0.0,-0.06,16.2,100,AUTO.LOITER,0,0
2026-08-12T03:33:48,1786480428,13.822495,100.512272,15.5,-0.38,0.2,-1.0,101.8,101.8,-0.01,0.01,-0.05,16.2,100,AUTO.LOITER,0,0
2026-08-12T03:33:49,1786480429,13.822495,100.512272,15.4,-0.38,0.2,-1.0,101.8,101.8,-0.01,0.01,-0.05,16.2,100,AUTO.LOITER,0,0
2026-08-12T03:33:50,1786480430,13.822495,100.512272,15.5,-0.38,0.2,-1.0,101.8,101.8,0.0,0.01,-0.05,16.2,100,AUTO.LOITER,0,0
2026-08-12T03:33:51,1786480431,13.822495,100.512272,15.5,-0.38,0.2,-1.0,101.8,101.8,0.0,0.01,-0.05,16.2,100,AUTO.LOITER,0,0
2026-08-12T03:33:52,1786480432,13.822496,100.512272,15.3,-0.38,0.2,-1.0,101.8,101.8,0.0,0.01,-0.05,16.2,100,AUTO.LOITER,0,0
2026-08-12T03:33:53,1786480433,13.822496,100.512272,15.5,-0.39,0.2,-1.0,101.9,101.9,0.01,0.01,-0.04,16.2,100,AUTO.LOITER,0,0
2026-08-12T03:33:54,1786480434,13.822496,100.512272,15.5,-0.39,0.3,-1.0,101.9,101.9,0.01,0.01,-0.04,16.2,100,AUTO.LOITER,0,0
2026-08-12T03:33:55,1786480435,13.822496,100.512272,15.5,-0.39,0.3,-0.9,101.9,101.9,0.01,0.01,-0.04,16.2,100,AUTO.LOITER,0,0
2026-08-12T03:33:56,1786480436,13.822496,100.512272,15.5,-0.39,0.3,-0.9,101.9,101.9,0.01,0.0,-0.05,16.2,100,AUTO.LOITER,0,0
2026-08-12T03:33:57,1786480437,13.822496,100.512272,15.5,-0.39,0.3,-0.9,101.9,101.9,0.0,0.0,-0.03,16.2,100,AUTO.LOITER,0,0
2026-08-12T03:33:58,1786480438,13.822495,100.512272,15.4,-0.39,0.4,-0.9,101.9,101.9,0.0,0.0,-0.03,16.2,100,AUTO.LOITER,0,0
2026-08-12T03:33:59,1786480439,13.822496,100.512272,15.5,-0.4,0.4,-0.9,101.9,101.9,0.0,-0.01,-0.02,16.2,100,AUTO.LOITER,0,0
2026-08-12T03:34:00,1786480440,13.822496,100.512272,15.5,-0.4,0.4,-0.9,101.9,101.9,-0.01,-0.02,-0.02,16.2,100,AUTO.LOITER,0,0
2026-08-12T03:34:01,1786480441,13.822495,100.512272,15.4,-0.4,0.4,-0.9,101.9,101.9,-0.01,-0.02,-0.02,16.2,100,AUTO.LOITER,0,0
2026-08-12T03:34:02,1786480442,13.822495,100.512272,15.4,-0.4,0.4,-0.9,101.9,101.9,-0.01,-0.02,-0.02,16.2,100,AUTO.LOITER,0,0
2026-08-12T03:34:03,1786480443,13.822495,100.512272,15.4,-0.4,0.4,-0.9,101.9,101.9,-0.01,-0.02,-0.02,16.2,100,AUTO.LOITER,0,0
2026-08-12T03:34:04,1786480444,13.822495,100.512272,15.4,-0.42,0.4,-0.9,101.9,101.9,0.0,0.0,-0.01,16.2,100,AUTO.LOITER,0,0
2026-08-12T03:34:05,1786480445,13.822496,100.512272,15.4,-0.42,0.3,-1.0,101.9,101.9,0.0,0.0,-0.01,16.2,100,AUTO.LOITER,0,0
2026-08-12T03:34:06,1786480446,13.822496,100.512272,15.5,-0.4,0.3,-1.0,101.9,101.9,0.01,0.01,-0.03,16.2,100,AUTO.LOITER,0,0
2026-08-12T03:34:07,1786480447,13.822496,100.512272,15.4,-0.4,0.3,-1.0,102.0,102.0,0.01,0.01,-0.03,16.2,100,AUTO.LOITER,0,0
2026-08-12T03:34:08,1786480448,13.822495,100.512272,15.4,-0.39,0.4,-1.0,102.0,102.0,0.01,0.01,-0.04,16.2,100,AUTO.LOITER,0,0
2026-08-12T03:34:09,1786480449,13.822495,100.512272,15.5,-0.38,0.4,-0.9,102.0,102.0,0.01,0.0,-0.04,16.2,100,AUTO.LOITER,0,0
2026-08-12T03:34:10,1786480450,13.822495,100.512272,15.5,-0.39,0.4,-1.0,102.0,102.0,0.0,0.0,-0.04,16.2,100,AUTO.LOITER,0,0
2026-08-12T03:34:11,1786480451,13.822495,100.512272,15.5,-0.38,0.4,-1.0,102.0,102.0,0.0,0.0,-0.05,16.2,100,AUTO.LOITER,0,0
2026-08-12T03:34:12,1786480452,13.822495,100.512272,15.5,-0.38,0.4,-1.0,102.0,102.0,0.0,0.0,-0.05,16.2,100,AUTO.LOITER,0,0
2026-08-12T03:34:13,1786480453,13.822495,100.512272,15.5,-0.38,0.4,-1.0,102.0,102.0,0.0,0.01,-0.04,16.2,100,AUTO.LOITER,0,0
2026-08-12T03:34:14,1786480454,13.822495,100.512272,15.5,-0.39,0.4,-0.9,102.0,102.0,-0.03,0.01,-0.03,16.2,100,AUTO.LOITER,0,0
2026-08-12T03:34:15,1786480455,13.822495,100.512272,15.5,-0.39,0.4,-0.9,102.0,102.0,-0.03,0.0,-0.03,16.2,100,AUTO.LOITER,0,0
2026-08-12T03:34:16,1786480456,13.822495,100.512272,15.5,-0.39,0.4,-0.9,102.0,102.0,-0.02,0.0,-0.03,16.2,100,AUTO.LOITER,0,0
2026-08-12T03:34:17,1786480457,13.822495,100.512272,15.4,-0.39,0.3,-0.9,102.0,102.0,-0.02,0.0,-0.03,16.2,100,AUTO.LOITER,0,0
2026-08-12T03:34:18,1786480458,13.822495,100.512272,15.4,-0.39,0.3,-0.9,102.0,102.0,-0.01,0.0,-0.04,16.2,100,AUTO.LOITER,0,0
2026-08-12T03:34:19,1786480459,13.822495,100.512272,15.5,-0.39,0.3,-0.9,102.0,102.0,0.0,0.0,-0.04,16.2,100,AUTO.LOITER,0,0
2026-08-12T03:34:20,1786480460,13.822495,100.512272,15.4,-0.39,0.3,-0.8,102.0,102.0,0.0,0.0,-0.04,16.2,100,AUTO.LOITER,0,0
2026-08-12T03:34:21,1786480461,13.822495,100.512272,15.5,-0.38,0.3,-0.8,102.0,102.0,0.0,-0.01,-0.05,16.2,100,AUTO.LOITER,0,0
2026-08-12T03:34:22,1786480462,13.822495,100.512272,15.5,-0.37,0.3,-0.9,102.0,102.0,0.0,0.0,-0.06,16.2,100,AUTO.LOITER,0,0
2026-08-12T03:34:23,1786480463,13.822495,100.512272,15.5,-0.37,0.3,-0.9,102.0,102.0,0.01,0.0,-0.05,16.2,100,AUTO.LOITER,0,0
2026-08-12T03:34:24,1786480464,13.822495,100.512272,15.5,-0.38,0.3,-0.9,102.0,102.0,0.01,0.0,-0.05,16.2,100,AUTO.LOITER,0,0
2026-08-12T03:34:25,1786480465,13.822495,100.512272,15.5,-0.38,0.3,-0.9,102.0,102.0,0.0,-0.02,-0.04,16.2,100,AUTO.LOITER,0,0
2026-08-12T03:34:26,1786480466,13.822495,100.512272,15.5,-0.39,0.3,-0.9,102.0,102.0,0.0,-0.02,-0.04,16.2,100,AUTO.LOITER,0,0
2026-08-12T03:34:27,1786480467,13.822495,100.512272,15.3,-0.39,0.3,-0.9,102.0,102.0,0.0,-0.02,-0.04,16.2,100,AUTO.LOITER,0,0
2026-08-12T03:34:28,1786480468,13.822496,100.512272,15.3,-0.39,0.2,-0.9,102.0,102.0,0.0,-0.03,-0.03,16.2,100,AUTO.LOITER,0,0
2026-08-12T03:34:29,1786480469,13.822496,100.512272,15.5,-0.4,0.2,-1.0,102.0,102.0,0.01,-0.01,-0.02,16.2,100,AUTO.LOITER,0,0
2026-08-12T03:34:30,1786480470,13.822496,100.512272,15.5,-0.4,0.2,-1.0,102.0,102.0,0.02,-0.01,-0.03,16.2,100,AUTO.LOITER,0,0
2026-08-12T03:34:31,1786480471,13.822496,100.512272,15.5,-0.4,0.2,-1.0,102.0,102.0,0.02,-0.01,-0.03,16.2,100,AUTO.LOITER,0,0
2026-08-12T03:34:32,1786480472,13.822495,100.512272,15.5,-0.4,0.3,-1.0,102.0,102.0,0.01,-0.01,-0.02,16.2,100,AUTO.LOITER,0,0
2026-08-12T03:34:33,1786480473,13.822495,100.512272,15.5,-0.4,0.3,-1.0,102.0,102.0,0.01,0.0,-0.02,16.2,100,AUTO.LOITER,0,0
2026-08-12T03:34:34,1786480474,13.822495,100.512272,15.5,-0.4,0.3,-1.1,102.0,102.0,0.02,0.0,-0.02,16.2,100,AUTO.LOITER,0,0
2026-08-12T03:34:35,1786480475,13.822496,100.512272,15.5,-0.4,0.3,-1.1,102.0,102.0,0.02,-0.01,-0.02,16.2,100,AUTO.LOITER,0,0
2026-08-12T03:34:36,1786480476,13.822495,100.512272,15.4,-0.4,0.3,-1.1,102.0,102.0,0.02,-0.01,-0.02,16.2,100,AUTO.LOITER,0,0
2026-08-12T03:34:37,1786480477,13.822495,100.512272,15.4,-0.4,0.3,-1.1,102.0,102.0,0.02,-0.01,-0.02,16.2,100,AUTO.LOITER,0,0
2026-08-12T03:34:38,1786480478,13.822496,100.512272,15.5,-0.4,0.3,-1.1,102.0,102.0,0.01,0.0,-0.02,16.2,100,AUTO.LOITER,0,0
2026-08-12T03:34:39,1786480479,13.822496,100.512272,15.5,-0.4,0.3,-1.1,102.0,102.0,0.0,0.0,-0.02,16.2,100,AUTO.LOITER,0,0
2026-08-12T03:34:40,1786480480,13.822495,100.512272,15.5,-0.4,0.3,-1.2,102.0,102.0,0.0,0.0,-0.01,16.2,100,AUTO.LOITER,0,0
2026-08-12T03:34:41,1786480481,13.822495,100.512272,15.4,-0.42,0.3,-1.2,102.0,102.0,0.0,0.02,0.0,16.2,100,AUTO.LOITER,0,0
2026-08-12T03:34:42,1786480482,13.822495,100.512272,15.4,-0.42,0.3,-1.2,102.0,102.0,0.0,0.0,0.0,16.2,100,AUTO.LOITER,0,0
2026-08-12T03:34:43,1786480483,13.822496,100.512272,15.4,-0.42,0.3,-1.2,102.0,102.0,0.0,-0.01,0.0,16.2,100,AUTO.LOITER,0,0
2026-08-12T03:34:44,1786480484,13.822496,100.512272,15.4,-0.42,0.3,-1.2,102.0,102.0,0.01,-0.02,0.0,16.2,100,AUTO.LOITER,0,0
2026-08-12T03:34:45,1786480485,13.822496,100.512272,15.4,-0.42,0.3,-1.2,102.0,102.0,0.01,-0.02,0.0,16.2,100,AUTO.LOITER,0,0
2026-08-12T03:34:46,1786480486,13.822495,100.512272,15.4,-0.42,0.3,-1.2,102.0,102.0,0.01,-0.02,0.0,16.2,100,AUTO.LOITER,0,0
2026-08-12T03:34:47,1786480487,13.822496,100.512272,15.4,-0.42,0.4,-1.2,102.0,102.0,0.02,-0.02,0.0,16.2,100,AUTO.LOITER,0,0
2026-08-12T03:34:48,1786480488,13.822496,100.512272,15.5,-0.41,0.4,-1.2,102.0,102.0,0.02,0.0,0.0,16.2,100,AUTO.LOITER,0,0
2026-08-12T03:34:49,1786480489,13.822495,100.512272,15.4,-0.42,0.4,-1.3,102.0,102.0,0.0,0.0,0.0,16.2,100,AUTO.LOITER,0,0
2026-08-12T03:34:50,1786480490,13.822495,100.512272,15.4,-0.42,0.4,-1.3,102.0,102.0,0.0,0.0,0.0,16.2,100,AUTO.LOITER,0,0
2026-08-12T03:34:51,1786480491,13.822495,100.512272,15.4,-0.42,0.5,-1.3,102.0,102.0,0.0,0.0,0.0,16.2,100,AUTO.LOITER,0,0
2026-08-12T03:34:52,1786480492,13.822495,100.512272,15.4,-0.42,0.5,-1.3,102.0,102.0,0.0,0.0,0.0,16.2,100,AUTO.LOITER,0,0
2026-08-12T03:34:53,1786480493,13.822496,100.512272,15.4,-0.42,0.5,-1.3,102.0,102.0,0.0,0.0,0.0,16.2,100,AUTO.LOITER,0,0
2026-08-12T03:34:54,1786480494,13.822495,100.512272,15.5,-0.42,0.5,-1.3,102.0,102.0,0.0,0.0,0.0,16.2,100,AUTO.LOITER,0,0
2026-08-12T03:34:55,1786480495,13.822495,100.512272,15.4,-0.44,0.5,-1.3,102.0,102.0,-0.01,0.0,0.02,16.2,100,AUTO.LOITER,0,0
2026-08-12T03:34:56,1786480496,13.822496,100.512272,15.4,-0.43,0.4,-1.3,102.0,102.0,-0.01,0.0,0.01,16.2,100,AUTO.LOITER,0,0
2026-08-12T03:34:57,1786480497,13.822495,100.512272,15.4,-0.43,0.5,-1.3,102.0,102.0,0.0,0.0,0.0,16.2,100,AUTO.LOITER,0,0
2026-08-12T03:34:58,1786480498,13.822495,100.512272,15.4,-0.42,0.5,-1.3,102.0,102.0,-0.01,0.0,0.0,16.2,100,AUTO.LOITER,0,0
2026-08-12T03:34:59,1786480499,13.822495,100.512272,15.5,-0.41,0.4,-1.3,102.0,102.0,-0.01,0.01,-0.01,16.2,100,AUTO.LOITER,0,0
2026-08-12T03:35:00,1786480500,13.822495,100.512272,15.5,-0.41,0.4,-1.3,102.0,102.0,-0.02,0.02,-0.01,16.2,100,AUTO.LOITER,0,0
2026-08-12T03:35:01,1786480501,13.822495,100.512272,15.5,-0.41,0.4,-1.3,102.0,102.0,-0.02,0.02,-0.01,16.2,100,AUTO.LOITER,0,0
2026-08-12T03:35:02,1786480502,13.822495,100.512272,15.5,-0.41,0.4,-1.3,102.0,102.0,-0.01,0.0,0.0,16.2,100,AUTO.LOITER,0,0
2026-08-12T03:35:03,1786480503,13.822495,100.512272,15.4,-0.42,0.4,-1.3,102.0,102.0,-0.01,0.0,0.0,16.2,100,AUTO.LOITER,0,0
2026-08-12T03:35:04,1786480504,13.822495,100.512272,15.4,-0.42,0.4,-1.2,102.1,102.1,-0.01,0.0,0.0,16.2,100,AUTO.LOITER,0,0
2026-08-12T03:35:05,1786480505,13.822495,100.512272,15.4,-0.43,0.4,-1.2,102.1,102.1,0.0,0.0,0.01,16.2,100,AUTO.LOITER,0,0
2026-08-12T03:35:06,1786480506,13.822495,100.512272,15.4,-0.43,0.4,-1.3,102.1,102.1,0.0,0.0,0.01,16.2,100,AUTO.LOITER,0,0
2026-08-12T03:35:07,1786480507,13.822495,100.512272,15.4,-0.43,0.4,-1.3,102.1,102.1,0.0,0.0,0.01,16.2,100,AUTO.LOITER,0,0
2026-08-12T03:35:08,1786480508,13.822495,100.512272,15.4,-0.44,0.4,-1.2,102.1,102.1,0.0,0.0,0.03,16.2,100,AUTO.LOITER,0,0
2026-08-12T03:35:09,1786480509,13.822495,100.512272,15.4,-0.44,0.4,-1.2,102.1,102.1,0.0,0.0,0.03,16.2,100,AUTO.LOITER,0,0
2026-08-12T03:35:10,1786480510,13.822495,100.512272,15.4,-0.45,0.4,-1.2,102.0,102.0,0.0,0.01,0.03,16.2,100,AUTO.LOITER,0,0
2026-08-12T03:35:11,1786480511,13.822495,100.512272,15.4,-0.44,0.4,-1.2,102.0,102.0,0.0,0.01,0.02,16.2,100,AUTO.LOITER,0,0
2026-08-12T03:35:12,1786480512,13.822495,100.512272,15.4,-0.44,0.4,-1.2,102.0,102.0,0.0,-0.01,0.01,16.2,100,AUTO.LOITER,0,0
2026-08-12T03:35:13,1786480513,13.822496,100.512272,15.4,-0.44,0.4,-1.2,102.0,102.0,0.0,-0.01,0.01,16.2,100,AUTO.LOITER,0,0
2026-08-12T03:35:14,1786480514,13.822496,100.512272,15.4,-0.43,0.3,-1.2,102.0,102.0,0.0,0.0,0.01,16.2,100,AUTO.LOITER,0,0
2026-08-12T03:35:15,1786480515,13.822496,100.512272,15.4,-0.43,0.4,-1.3,102.0,102.0,0.01,0.0,0.0,16.2,100,AUTO.LOITER,0,0
2026-08-12T03:35:16,1786480516,13.822496,100.512272,15.4,-0.43,0.4,-1.3,102.0,102.0,0.01,0.0,0.0,16.2,100,AUTO.LOITER,0,0
2026-08-12T03:35:17,1786480517,13.822496,100.512272,15.4,-0.43,0.4,-1.3,102.0,102.0,0.02,0.0,0.0,16.2,100,AUTO.LOITER,0,0
2026-08-12T03:35:18,1786480518,13.822496,100.512272,15.4,-0.43,0.4,-1.3,102.0,102.0,0.02,0.0,0.01,16.2,100,AUTO.LOITER,0,0
2026-08-12T03:35:19,1786480519,13.822496,100.512272,15.4,-0.43,0.4,-1.3,102.0,102.0,0.02,0.0,0.01,16.2,100,AUTO.LOITER,0,0
2026-08-12T03:35:20,1786480520,13.822495,100.512272,15.4,-0.44,0.5,-1.3,102.0,102.0,0.01,0.0,0.02,16.2,100,AUTO.LOITER,0,0
2026-08-12T03:35:21,1786480521,13.822496,100.512272,15.4,-0.44,0.5,-1.3,102.0,102.0,0.04,0.0,0.01,16.2,100,AUTO.LOITER,0,0
2026-08-12T03:35:22,1786480522,13.822496,100.512272,15.4,-0.44,0.5,-1.3,101.9,101.9,0.04,0.0,0.01,16.2,100,AUTO.LOITER,0,0
2026-08-12T03:35:23,1786480523,13.822496,100.512272,15.4,-0.44,0.6,-1.3,101.9,101.9,0.03,0.0,0.02,16.2,100,AUTO.LOITER,0,0
2026-08-12T03:35:24,1786480524,13.822496,100.512272,15.4,-0.44,0.6,-1.3,101.9,101.9,0.01,0.0,0.02,16.2,100,AUTO.LOITER,0,0
2026-08-12T03:35:25,1786480525,13.822496,100.512272,15.4,-0.45,0.6,-1.3,101.9,101.9,0.0,-0.01,0.03,16.2,100,AUTO.LOITER,0,0
2026-08-12T03:35:26,1786480526,13.822496,100.512272,15.4,-0.44,0.6,-1.3,101.9,101.9,0.0,-0.01,0.03,16.2,100,AUTO.LOITER,0,0
2026-08-12T03:35:27,1786480527,13.822495,100.512272,15.4,-0.45,0.7,-1.3,101.9,101.9,0.0,0.0,0.03,16.2,100,AUTO.LOITER,0,0
2026-08-12T03:35:28,1786480528,13.822495,100.512272,15.4,-0.45,0.7,-1.4,101.9,101.9,0.0,0.01,0.04,16.2,100,AUTO.LOITER,0,0
2026-08-12T03:35:29,1786480529,13.822495,100.512272,15.4,-0.46,0.7,-1.3,101.9,101.9,-0.01,0.0,0.05,16.2,100,AUTO.LOITER,0,0
2026-08-12T03:35:30,1786480530,13.822495,100.512272,15.4,-0.47,0.7,-1.3,101.9,101.9,-0.01,0.0,0.05,16.2,100,AUTO.LOITER,0,0
2026-08-12T03:35:31,1786480531,13.822495,100.512272,15.4,-0.47,0.7,-1.3,101.9,101.9,-0.02,0.02,0.05,16.2,100,AUTO.LOITER,0,0
2026-08-12T03:35:32,1786480532,13.822495,100.512272,15.4,-0.47,0.7,-1.3,101.9,101.9,-0.02,0.02,0.05,16.2,100,AUTO.LOITER,0,0
2026-08-12T03:35:33,1786480533,13.822495,100.512272,15.4,-0.46,0.7,-1.2,101.9,101.9,-0.02,0.01,0.05,16.2,100,AUTO.LOITER,0,0
2026-08-12T03:35:34,1786480534,13.822495,100.512272,15.4,-0.46,0.7,-1.2,101.8,101.8,-0.01,0.01,0.04,16.2,100,AUTO.LOITER,0,0
2026-08-12T03:35:35,1786480535,13.822495,100.512272,15.4,-0.46,0.7,-1.2,101.8,101.8,0.0,0.0,0.04,16.2,100,AUTO.LOITER,0,0
2026-08-12T03:35:36,1786480536,13.822496,100.512272,15.4,-0.45,0.7,-1.2,101.8,101.8,0.0,0.0,0.02,16.2,100,AUTO.LOITER,0,0
2026-08-12T03:35:37,1786480537,13.822496,100.512272,15.4,-0.43,0.7,-1.2,101.8,101.8,0.01,0.01,0.01,16.2,100,AUTO.LOITER,0,0
2026-08-12T03:35:38,1786480538,13.822496,100.512272,15.4,-0.43,0.7,-1.1,101.8,101.8,0.0,0.0,0.0,16.2,100,AUTO.LOITER,0,0
2026-08-12T03:35:39,1786480539,13.822496,100.512272,15.4,-0.43,0.7,-1.1,101.8,101.8,0.0,-0.01,0.0,16.2,100,AUTO.LOITER,0,0
2026-08-12T03:35:40,1786480540,13.822496,100.512272,15.4,-0.43,0.7,-1.1,101.8,101.8,0.01,-0.02,0.0,16.2,100,AUTO.LOITER,0,0
2026-08-12T03:35:41,1786480541,13.822496,100.512272,15.4,-0.43,0.7,-1.1,101.8,101.8,0.01,-0.02,0.0,16.2,100,AUTO.LOITER,0,0
2026-08-12T03:35:42,1786480542,13.822496,100.512272,15.3,-0.43,0.7,-1.1,101.8,101.8,0.01,-0.02,0.0,16.2,100,AUTO.LOITER,0,0
2026-08-12T03:35:43,1786480543,13.822496,100.512272,15.4,-0.42,0.8,-1.1,101.8,101.8,0.0,0.0,-0.01,16.2,100,AUTO.LOITER,0,0
2026-08-12T03:35:44,1786480544,13.822496,100.512272,15.5,-0.41,0.8,-1.1,101.7,101.7,0.01,-0.02,-0.02,16.2,100,AUTO.LOITER,0,0
2026-08-12T03:35:45,1786480545,13.822496,100.512272,15.5,-0.4,0.8,-1.1,101.7,101.7,0.01,-0.03,-0.02,16.2,100,AUTO.LOITER,0,0
2026-08-12T03:35:46,1786480546,13.822496,100.512272,15.5,-0.4,0.8,-1.1,101.7,101.7,0.01,-0.02,-0.01,16.2,100,AUTO.LOITER,0,0
2026-08-12T03:35:47,1786480547,13.822496,100.512272,15.5,-0.41,0.8,-1.1,101.7,101.7,0.03,-0.04,-0.01,16.2,100,AUTO.LOITER,0,0
2026-08-12T03:35:48,1786480548,13.822496,100.512271,15.4,-0.42,0.8,-1.1,101.7,101.7,0.02,-0.05,0.0,16.2,100,AUTO.LOITER,0,0
2026-08-12T03:35:49,1786480549,13.822496,100.512272,15.5,-0.42,0.9,-1.2,101.7,101.7,0.02,-0.05,0.0,16.2,100,AUTO.LOITER,0,0
2026-08-12T03:35:50,1786480550,13.822496,100.512271,15.4,-0.43,0.9,-1.2,101.7,101.7,0.0,-0.02,0.0,16.2,100,AUTO.LOITER,0,0
2026-08-12T03:35:51,1786480551,13.822496,100.512272,15.4,-0.43,0.9,-1.2,101.7,101.7,0.0,0.0,0.01,16.2,100,AUTO.LOITER,0,0
2026-08-12T03:35:52,1786480552,13.822495,100.512272,15.4,-0.43,1.0,-1.3,101.7,101.7,0.0,0.0,0.01,16.2,100,AUTO.LOITER,0,0
2026-08-12T03:35:53,1786480553,13.822495,100.512272,15.4,-0.44,1.0,-1.3,101.7,101.7,0.0,0.0,0.01,16.2,100,AUTO.LOITER,0,0
2026-08-12T03:35:54,1786480554,13.822496,100.512272,15.4,-0.44,1.0,-1.3,101.7,101.7,0.0,0.0,0.01,16.2,100,AUTO.LOITER,0,0
2026-08-12T03:35:55,1786480555,13.822495,100.512272,15.4,-0.44,1.0,-1.2,101.7,101.7,-0.01,0.0,0.01,16.2,100,AUTO.LOITER,0,0
2026-08-12T03:35:56,1786480556,13.822495,100.512272,15.4,-0.43,1.0,-1.2,101.7,101.7,-0.01,0.0,0.0,16.2,100,AUTO.LOITER,0,0
2026-08-12T03:35:57,1786480557,13.822495,100.512272,15.4,-0.43,1.0,-1.2,101.7,101.7,-0.01,0.0,0.0,16.2,100,AUTO.LOITER,0,0
2026-08-12T03:35:58,1786480558,13.822495,100.512272,15.4,-0.42,1.0,-1.2,101.8,101.8,-0.02,0.0,0.0,16.2,100,AUTO.LOITER,0,0
2026-08-12T03:35:59,1786480559,13.822495,100.512272,15.5,-0.41,1.0,-1.2,101.8,101.8,-0.02,-0.01,-0.01,16.2,100,AUTO.LOITER,0,0
2026-08-12T03:36:00,1786480560,13.822495,100.512272,15.5,-0.41,1.0,-1.2,101.8,101.8,-0.01,-0.02,-0.01,16.2,100,AUTO.LOITER,0,0
2026-08-12T03:36:01,1786480561,13.822496,100.512272,15.4,-0.41,1.0,-1.2,101.8,101.8,-0.01,-0.02,-0.01,16.2,100,AUTO.LOITER,0,0
2026-08-12T03:36:02,1786480562,13.822495,100.512272,15.5,-0.41,1.0,-1.3,101.8,101.8,0.0,-0.03,-0.01,16.2,100,AUTO.LOITER,0,0
2026-08-12T03:36:03,1786480563,13.822495,100.512272,15.5,-0.41,1.0,-1.3,101.8,101.8,0.0,-0.03,-0.01,16.2,100,AUTO.LOITER,0,0
2026-08-12T03:36:04,1786480564,13.822495,100.512272,15.4,-0.41,0.9,-1.3,101.8,101.8,0.0,-0.03,-0.01,16.2,100,AUTO.LOITER,0,0
2026-08-12T03:36:05,1786480565,13.822495,100.512272,15.5,-0.4,0.9,-1.3,101.8,101.8,-0.02,-0.01,-0.02,16.2,100,AUTO.LOITER,0,0
2026-08-12T03:36:06,1786480566,13.822495,100.512272,15.5,-0.4,0.9,-1.3,101.8,101.8,-0.01,-0.01,-0.03,16.2,100,AUTO.LOITER,0,0
2026-08-12T03:36:07,1786480567,13.822495,100.512272,15.5,-0.4,0.9,-1.3,101.8,101.8,0.0,0.0,-0.03,16.2,100,AUTO.LOITER,0,0
2026-08-12T03:36:08,1786480568,13.822495,100.512272,15.5,-0.39,0.9,-1.3,101.8,101.8,0.0,-0.01,-0.03,16.2,100,AUTO.LOITER,0,0
2026-08-12T03:36:09,1786480569,13.822496,100.512272,15.5,-0.4,0.9,-1.3,101.8,101.8,0.01,-0.01,-0.02,16.2,100,AUTO.LOITER,0,0
2026-08-12T03:36:10,1786480570,13.822496,100.512272,15.5,-0.4,0.9,-1.3,101.8,101.8,0.01,-0.01,-0.02,16.2,100,AUTO.LOITER,0,0
2026-08-12T03:36:11,1786480571,13.822495,100.512272,15.4,-0.4,0.9,-1.3,101.8,101.8,0.01,-0.01,-0.02,16.2,100,AUTO.LOITER,0,0
2026-08-12T03:36:12,1786480572,13.822495,100.512272,15.4,-0.4,0.9,-1.3,101.8,101.8,0.0,-0.01,-0.02,16.2,100,AUTO.LOITER,0,0
2026-08-12T03:36:13,1786480573,13.822495,100.512272,15.5,-0.4,0.9,-1.3,101.8,101.8,0.0,-0.02,-0.02,16.2,100,AUTO.LOITER,0,0
2026-08-12T03:36:14,1786480574,13.822495,100.512272,15.5,-0.4,0.8,-1.3,101.8,101.8,-0.01,-0.02,-0.02,16.2,100,AUTO.LOITER,0,0
2026-08-12T03:36:15,1786480575,13.822496,100.512272,15.5,-0.4,0.8,-1.4,101.8,101.8,0.0,0.01,-0.02,16.2,100,AUTO.LOITER,0,0
2026-08-12T03:36:16,1786480576,13.822496,100.512272,15.5,-0.4,0.8,-1.3,101.8,101.8,0.0,0.02,-0.02,16.2,100,AUTO.LOITER,0,0
2026-08-12T03:36:17,1786480577,13.822496,100.512272,15.5,-0.4,0.8,-1.3,101.8,101.8,0.0,0.02,-0.03,16.2,100,AUTO.LOITER,0,0
2026-08-12T03:36:18,1786480578,13.822495,100.512272,15.4,-0.4,0.8,-1.3,101.8,101.8,0.0,0.02,-0.03,16.2,100,AUTO.LOITER,0,0
2026-08-12T03:36:19,1786480579,13.822496,100.512272,15.5,-0.38,0.8,-1.3,101.8,101.8,0.02,0.03,-0.05,16.2,100,AUTO.LOITER,0,0
2026-08-12T03:36:20,1786480580,13.822495,100.512272,15.4,-0.38,0.8,-1.3,101.9,101.9,0.02,0.03,-0.05,16.2,100,AUTO.LOITER,0,0
2026-08-12T03:36:21,1786480581,13.822495,100.512272,15.4,-0.37,0.9,-1.2,101.9,101.9,0.02,0.01,-0.05,16.2,100,AUTO.LOITER,0,0
2026-08-12T03:36:22,1786480582,13.822496,100.512272,15.5,-0.38,0.9,-1.2,101.9,101.9,0.01,0.0,-0.05,16.2,100,AUTO.LOITER,0,0
2026-08-12T03:36:23,1786480583,13.822496,100.512272,15.5,-0.38,0.9,-1.2,101.9,101.9,0.02,-0.01,-0.05,16.2,100,AUTO.LOITER,0,0
2026-08-12T03:36:24,1786480584,13.822496,100.512272,15.5,-0.37,0.9,-1.2,101.9,101.9,0.01,-0.01,-0.06,16.2,100,AUTO.LOITER,0,0
2026-08-12T03:36:25,1786480585,13.822496,100.512272,15.5,-0.36,0.9,-1.2,101.9,101.9,0.0,-0.01,-0.07,16.2,100,AUTO.LOITER,0,0
2026-08-12T03:36:26,1786480586,13.822496,100.512272,15.5,-0.36,0.9,-1.3,101.9,101.9,0.0,-0.01,-0.07,16.2,100,AUTO.LOITER,0,0
2026-08-12T03:36:27,1786480587,13.822496,100.512272,15.5,-0.36,0.9,-1.2,101.9,101.9,0.0,0.02,-0.07,16.2,100,AUTO.LOITER,0,0
2026-08-12T03:36:28,1786480588,13.822496,100.512272,15.5,-0.36,0.9,-1.2,101.9,101.9,-0.01,0.03,-0.07,16.2,100,AUTO.LOITER,0,0
2026-08-12T03:36:29,1786480589,13.822495,100.512272,15.4,-0.36,0.9,-1.2,101.9,101.9,-0.01,0.03,-0.07,16.2,100,AUTO.LOITER,0,0
2026-08-12T03:36:30,1786480590,13.822495,100.512272,15.4,-0.36,0.9,-1.1,101.9,101.9,-0.01,0.03,-0.07,16.2,100,AUTO.LOITER,0,0
2026-08-12T03:36:31,1786480591,13.822496,100.512272,15.4,-0.36,0.9,-1.1,101.9,101.9,-0.02,0.02,-0.07,16.2,100,AUTO.LOITER,0,0
2026-08-12T03:36:32,1786480592,13.822495,100.512272,15.5,-0.36,0.9,-1.0,101.9,101.9,-0.02,0.0,-0.07,16.2,100,AUTO.LOITER,0,0
2026-08-12T03:36:33,1786480593,13.822495,100.512272,15.5,-0.36,0.9,-1.0,101.9,101.9,-0.03,-0.01,-0.06,16.2,100,AUTO.LOITER,0,0
2026-08-12T03:36:34,1786480594,13.822496,100.512272,15.4,-0.36,0.9,-1.0,101.9,101.9,-0.03,-0.01,-0.06,16.2,100,AUTO.LOITER,0,0
2026-08-12T03:36:35,1786480595,13.822496,100.512272,15.4,-0.36,0.9,-1.0,101.9,101.9,-0.03,-0.01,-0.06,16.2,100,AUTO.LOITER,0,0
2026-08-12T03:36:36,1786480596,13.822496,100.512272,15.4,-0.36,0.9,-1.0,101.9,101.9,-0.03,-0.01,-0.06,16.2,100,AUTO.LOITER,0,0
2026-08-12T03:36:37,1786480597,13.822496,100.512272,15.4,-0.36,0.9,-1.0,101.9,101.9,-0.03,-0.01,-0.06,16.2,100,AUTO.LOITER,0,0
2026-08-12T03:36:38,1786480598,13.822496,100.512272,15.4,-0.36,0.8,-1.0,101.9,101.9,-0.03,-0.01,-0.06,16.2,100,AUTO.LOITER,0,0
2026-08-12T03:36:39,1786480599,13.822496,100.512272,15.4,-0.4,0.8,-1.0,101.9,101.9,-0.02,0.0,-0.02,16.2,100,AUTO.LOITER,0,0
2026-08-12T03:36:40,1786480600,13.822495,100.512272,15.4,-0.4,0.8,-1.0,101.9,101.9,-0.02,0.01,-0.02,16.2,100,AUTO.LOITER,0,0
2026-08-12T03:36:41,1786480601,13.822495,100.512272,15.5,-0.4,0.8,-0.9,101.9,101.9,-0.02,0.01,-0.02,16.2,100,AUTO.LOITER,0,0
2026-08-12T03:36:42,1786480602,13.822495,100.512272,15.5,-0.39,0.8,-0.9,101.9,101.9,-0.03,0.0,-0.03,16.2,100,AUTO.LOITER,0,0
2026-08-12T03:36:43,1786480603,13.822495,100.512272,15.5,-0.39,0.7,-0.9,101.9,101.9,-0.01,0.0,-0.03,16.2,100,AUTO.LOITER,0,0
2026-08-12T03:36:44,1786480604,13.822495,100.512272,15.5,-0.4,0.7,-0.8,101.9,101.9,0.0,0.0,-0.02,16.2,100,AUTO.LOITER,0,0
2026-08-12T03:36:45,1786480605,13.822495,100.512272,15.5,-0.4,0.7,-0.8,101.9,101.9,0.01,0.0,-0.02,16.2,100,AUTO.LOITER,0,0
2026-08-12T03:36:46,1786480606,13.822496,100.512272,15.5,-0.4,0.7,-0.8,101.9,101.9,0.02,0.01,-0.02,16.2,100,AUTO.LOITER,0,0
2026-08-12T03:36:47,1786480607,13.822495,100.512272,15.5,-0.4,0.7,-0.8,101.9,101.9,0.02,0.0,-0.01,16.2,100,AUTO.LOITER,0,0
2026-08-12T03:36:48,1786480608,13.822496,100.512272,15.4,-0.4,0.7,-0.8,101.8,101.8,0.02,0.0,-0.01,16.2,100,AUTO.LOITER,0,0
2026-08-12T03:36:49,1786480609,13.822496,100.512272,15.4,-0.41,0.8,-0.8,101.8,101.8,0.02,0.0,-0.01,16.2,100,AUTO.LOITER,0,0
2026-08-12T03:36:50,1786480610,13.822496,100.512272,15.4,-0.41,0.8,-0.8,101.8,101.8,0.02,0.0,-0.01,16.2,100,AUTO.LOITER,0,0
2026-08-12T03:36:51,1786480611,13.822495,100.512272,15.4,-0.41,0.8,-0.8,101.8,101.8,0.02,0.0,-0.01,16.2,100,AUTO.LOITER,0,0
2026-08-12T03:36:52,1786480612,13.822496,100.512272,15.5,-0.4,0.8,-0.7,101.8,101.8,0.04,0.0,-0.02,16.2,100,AUTO.LOITER,0,0
2026-08-12T03:36:53,1786480613,13.822496,100.512272,15.5,-0.4,0.8,-0.7,101.8,101.8,0.04,0.0,-0.02,16.2,100,AUTO.LOITER,0,0
2026-08-12T03:36:54,1786480614,13.822496,100.512272,15.5,-0.4,0.8,-0.7,101.8,101.8,0.03,-0.02,-0.02,16.2,100,AUTO.LOITER,0,0
2026-08-12T03:36:55,1786480615,13.822496,100.512272,15.5,-0.4,0.9,-0.8,101.9,101.9,0.01,-0.01,-0.02,16.2,100,AUTO.LOITER,0,0
2026-08-12T03:36:56,1786480616,13.822496,100.512272,15.5,-0.4,0.9,-0.8,101.9,101.9,0.0,0.0,-0.02,16.2,100,AUTO.LOITER,0,0
2026-08-12T03:36:57,1786480617,13.822496,100.512272,15.5,-0.4,0.9,-0.8,101.9,101.9,0.0,0.0,-0.01,16.2,100,AUTO.LOITER,0,0
2026-08-12T03:36:58,1786480618,13.822496,100.512272,15.4,-0.4,0.9,-0.8,101.9,101.9,0.0,0.0,-0.01,16.2,100,AUTO.LOITER,0,0
2026-08-12T03:36:59,1786480619,13.822496,100.512272,15.5,-0.4,0.9,-0.8,101.9,101.9,0.0,0.01,-0.01,16.2,100,AUTO.LOITER,0,0
2026-08-12T03:37:00,1786480620,13.822496,100.512272,15.5,-0.41,0.9,-0.8,101.9,101.9,0.0,0.0,-0.01,16.2,100,AUTO.LOITER,0,0
2026-08-12T03:37:01,1786480621,13.822496,100.512272,15.5,-0.41,0.9,-0.8,101.9,101.9,0.01,0.0,-0.01,16.2,100,AUTO.LOITER,0,0
2026-08-12T03:37:02,1786480622,13.822495,100.512272,15.5,-0.4,0.9,-0.8,101.9,101.9,0.0,0.0,-0.02,16.2,100,AUTO.LOITER,0,0
2026-08-12T03:37:03,1786480623,13.822496,100.512272,15.5,-0.4,0.9,-0.7,101.9,101.9,0.0,0.0,-0.01,16.2,100,AUTO.LOITER,0,0
2026-08-12T03:37:04,1786480624,13.822496,100.512272,15.5,-0.41,1.0,-0.7,101.9,101.9,0.0,0.01,0.0,16.2,100,AUTO.LOITER,0,0
2026-08-12T03:37:05,1786480625,13.822495,100.512272,15.4,-0.42,1.0,-0.7,101.9,101.9,-0.02,0.0,0.0,16.2,100,AUTO.LOITER,0,0
2026-08-12T03:37:06,1786480626,13.822495,100.512272,15.4,-0.42,1.0,-0.7,101.9,101.9,-0.01,0.0,0.01,16.2,100,AUTO.LOITER,0,0
2026-08-12T03:37:07,1786480627,13.822496,100.512272,15.4,-0.42,1.0,-0.7,101.9,101.9,-0.01,0.0,0.01,16.2,100,AUTO.LOITER,0,0
2026-08-12T03:37:08,1786480628,13.822496,100.512271,15.4,-0.43,1.0,-0.7,101.9,101.9,0.0,-0.02,0.0,16.2,100,AUTO.LOITER,0,0
2026-08-12T03:37:09,1786480629,13.822495,100.512272,15.4,-0.42,1.0,-0.7,101.9,101.9,0.0,0.0,0.0,16.2,100,AUTO.LOITER,0,0
2026-08-12T03:37:10,1786480630,13.822496,100.512272,15.5,-0.41,1.0,-0.7,101.9,101.9,0.01,-0.01,-0.01,16.2,100,AUTO.LOITER,0,0
2026-08-12T03:37:11,1786480631,13.822496,100.512272,15.5,-0.4,0.9,-0.7,101.9,101.9,0.02,0.0,-0.02,16.2,100,AUTO.LOITER,0,0
2026-08-12T03:37:12,1786480632,13.822496,100.512272,15.4,-0.4,1.0,-0.7,101.9,101.9,0.02,0.0,-0.02,16.2,100,AUTO.LOITER,0,0
2026-08-12T03:37:13,1786480633,13.822495,100.512272,15.4,-0.4,1.0,-0.7,101.9,101.9,0.02,0.0,-0.02,16.2,100,AUTO.LOITER,0,0
2026-08-12T03:37:14,1786480634,13.822496,100.512272,15.5,-0.39,1.0,-0.7,101.9,101.9,0.0,0.0,-0.03,16.2,100,AUTO.LOITER,0,0
2026-08-12T03:37:15,1786480635,13.822495,100.512272,15.5,-0.4,1.0,-0.7,101.9,101.9,0.0,-0.01,-0.01,16.2,100,AUTO.LOITER,0,0
2026-08-12T03:37:16,1786480636,13.822495,100.512272,15.5,-0.41,1.0,-0.7,101.9,101.9,-0.02,0.0,0.0,16.2,100,AUTO.LOITER,0,0
2026-08-12T03:37:17,1786480637,13.822495,100.512272,15.4,-0.41,1.0,-0.7,101.9,101.9,-0.02,0.0,0.0,16.2,100,AUTO.LOITER,0,0
2026-08-12T03:37:18,1786480638,13.822495,100.512272,15.5,-0.41,1.0,-0.7,101.9,101.9,-0.01,0.0,0.0,16.2,100,AUTO.LOITER,0,0
2026-08-12T03:37:19,1786480639,13.822495,100.512272,15.5,-0.41,1.0,-0.7,101.9,101.9,0.0,0.0,0.0,16.2,100,AUTO.LOITER,0,0
2026-08-12T03:37:20,1786480640,13.822495,100.512272,15.4,-0.41,1.0,-0.7,101.9,101.9,0.0,0.0,0.0,16.2,100,AUTO.LOITER,0,0
2026-08-12T03:37:21,1786480641,13.822495,100.512272,15.4,-0.41,1.0,-0.7,101.9,101.9,0.0,0.0,0.0,16.2,100,AUTO.LOITER,0,0
2026-08-12T03:37:22,1786480642,13.822496,100.512272,15.5,-0.41,1.0,-0.7,101.9,101.9,0.01,-0.01,-0.01,16.2,100,AUTO.LOITER,0,0
2026-08-12T03:37:23,1786480643,13.822496,100.512272,15.4,-0.41,1.0,-0.7,101.8,101.8,0.01,-0.01,-0.01,16.2,100,AUTO.LOITER,0,0
2026-08-12T03:37:24,1786480644,13.822495,100.512272,15.4,-0.41,1.0,-0.7,101.8,101.8,0.01,-0.01,-0.01,16.2,100,AUTO.LOITER,0,0
2026-08-12T03:37:25,1786480645,13.822495,100.512272,15.4,-0.41,1.0,-0.7,101.8,101.8,0.01,-0.01,-0.01,16.2,100,AUTO.LOITER,0,0
2026-08-12T03:37:26,1786480646,13.822496,100.512272,15.4,-0.41,1.0,-0.7,101.8,101.8,-0.01,-0.01,-0.01,16.2,100,AUTO.LOITER,0,0
2026-08-12T03:37:27,1786480647,13.822495,100.512272,15.5,-0.41,1.0,-0.7,101.8,101.8,-0.01,0.0,0.0,16.2,100,AUTO.LOITER,0,0
2026-08-12T03:37:28,1786480648,13.822495,100.512272,15.5,-0.41,1.0,-0.6,101.8,101.8,-0.01,0.01,0.0,16.2,100,AUTO.LOITER,0,0
2026-08-12T03:37:29,1786480649,13.822495,100.512272,15.5,-0.41,1.0,-0.6,101.8,101.8,-0.03,0.01,0.0,16.2,100,AUTO.LOITER,0,0
2026-08-12T03:37:30,1786480650,13.822495,100.512272,15.5,-0.41,1.0,-0.6,101.8,101.8,-0.03,0.0,0.0,16.2,100,AUTO.LOITER,0,0
2026-08-12T03:37:31,1786480651,13.822495,100.512272,15.4,-0.42,1.0,-0.6,101.8,101.8,-0.03,0.0,0.0,16.2,100,AUTO.LOITER,0,0
2026-08-12T03:37:32,1786480652,13.822495,100.512272,15.4,-0.42,1.0,-0.6,101.8,101.8,-0.03,0.0,0.0,16.2,100,AUTO.LOITER,0,0
2026-08-12T03:37:33,1786480653,13.822495,100.512272,15.4,-0.42,1.0,-0.5,101.8,101.8,-0.02,0.01,0.0,16.2,100,AUTO.LOITER,0,0
2026-08-12T03:37:34,1786480654,13.822495,100.512272,15.4,-0.42,1.0,-0.5,101.8,101.8,-0.01,0.0,0.0,16.2,100,AUTO.LOITER,0,0
2026-08-12T03:37:35,1786480655,13.822495,100.512272,15.4,-0.42,0.9,-0.5,101.8,101.8,-0.01,0.0,0.0,16.2,100,AUTO.LOITER,0,0
2026-08-12T03:37:36,1786480656,13.822495,100.512272,15.4,-0.42,1.0,-0.5,101.8,101.8,0.0,0.0,0.0,16.2,100,AUTO.LOITER,0,0
2026-08-12T03:37:37,1786480657,13.822495,100.512272,15.5,-0.41,0.9,-0.5,101.8,101.8,-0.01,0.0,0.0,16.2,100,AUTO.LOITER,0,0
2026-08-12T03:37:38,1786480658,13.822495,100.512272,15.5,-0.41,0.9,-0.4,101.8,101.8,0.0,0.0,0.0,16.2,100,AUTO.LOITER,0,0
2026-08-12T03:37:39,1786480659,13.822496,100.512272,15.4,-0.42,0.9,-0.4,101.8,101.8,0.0,0.0,0.0,16.2,100,AUTO.LOITER,0,0
2026-08-12T03:37:40,1786480660,13.822495,100.512272,15.4,-0.43,1.0,-0.4,101.8,101.8,0.01,0.0,0.01,16.2,100,AUTO.LOITER,0,0
2026-08-12T03:37:41,1786480661,13.822495,100.512272,15.4,-0.43,1.0,-0.4,101.8,101.8,0.01,0.0,0.01,16.2,100,AUTO.LOITER,0,0
2026-08-12T03:37:42,1786480662,13.822496,100.512272,15.4,-0.43,1.0,-0.4,101.8,101.8,0.02,-0.01,0.02,16.2,100,AUTO.LOITER,0,0
2026-08-12T03:37:43,1786480663,13.822496,100.512272,15.4,-0.43,1.0,-0.4,101.8,101.8,0.02,-0.01,0.02,16.2,100,AUTO.LOITER,0,0
2026-08-12T03:37:44,1786480664,13.822496,100.512272,15.4,-0.45,1.1,-0.4,101.8,101.8,0.01,-0.02,0.04,16.2,100,AUTO.LOITER,0,0
2026-08-12T03:37:45,1786480665,13.822495,100.512272,15.4,-0.46,1.1,-0.4,101.8,101.8,0.0,-0.01,0.05,16.2,100,AUTO.LOITER,0,0
2026-08-12T03:37:46,1786480666,13.822495,100.512272,15.4,-0.46,1.1,-0.4,101.8,101.8,-0.01,0.0,0.06,16.2,100,AUTO.LOITER,0,0
2026-08-12T03:37:47,1786480667,13.822495,100.512272,15.4,-0.47,1.1,-0.4,101.8,101.8,-0.01,0.0,0.06,16.2,100,AUTO.LOITER,0,0
2026-08-12T03:37:48,1786480668,13.822495,100.512272,15.4,-0.47,1.0,-0.4,101.8,101.8,-0.01,0.0,0.05,16.2,100,AUTO.LOITER,0,0
2026-08-12T03:37:49,1786480669,13.822495,100.512272,15.4,-0.46,1.0,-0.4,101.8,101.8,-0.01,0.0,0.04,16.2,100,AUTO.LOITER,0,0
2026-08-12T03:37:50,1786480670,13.822495,100.512272,15.4,-0.45,1.0,-0.4,101.8,101.8,-0.01,0.01,0.03,16.2,100,AUTO.LOITER,0,0
2026-08-12T03:37:51,1786480671,13.822496,100.512272,15.4,-0.44,1.0,-0.4,101.8,101.8,0.0,0.0,0.02,16.2,100,AUTO.LOITER,0,0
2026-08-12T03:37:52,1786480672,13.822495,100.512272,15.4,-0.44,1.0,-0.4,101.8,101.8,0.0,0.0,0.02,16.2,100,AUTO.LOITER,0,0
2026-08-12T03:37:53,1786480673,13.822496,100.512272,15.5,-0.43,1.0,-0.4,101.8,101.8,-0.01,0.0,0.01,16.2,100,AUTO.LOITER,0,0
2026-08-12T03:37:54,1786480674,13.822496,100.512272,15.4,-0.43,0.9,-0.4,101.8,101.8,0.0,-0.02,0.02,16.2,100,AUTO.LOITER,0,0
2026-08-12T03:37:55,1786480675,13.822496,100.512272,15.4,-0.43,0.9,-0.4,101.8,101.8,0.0,-0.01,0.02,16.2,100,AUTO.LOITER,0,0
2026-08-12T03:37:56,1786480676,13.822495,100.512272,15.4,-0.44,0.9,-0.4,101.8,101.8,0.0,-0.02,0.02,16.2,100,AUTO.LOITER,0,0
2026-08-12T03:37:57,1786480677,13.822495,100.512272,15.4,-0.44,0.9,-0.5,101.8,101.8,0.0,-0.01,0.02,16.2,100,AUTO.LOITER,0,0
2026-08-12T03:37:58,1786480678,13.822495,100.512272,15.4,-0.44,0.9,-0.5,101.8,101.8,0.01,-0.01,0.03,16.2,100,AUTO.LOITER,0,0
2026-08-12T03:37:59,1786480679,13.822496,100.512272,15.4,-0.45,0.9,-0.5,101.8,101.8,0.01,0.0,0.03,16.2,100,AUTO.LOITER,0,0
2026-08-12T03:38:00,1786480680,13.822496,100.512272,15.4,-0.45,0.9,-0.6,101.8,101.8,0.01,0.0,0.03,16.2,100,AUTO.LOITER,0,0
2026-08-12T03:38:01,1786480681,13.822496,100.512272,15.4,-0.45,0.9,-0.6,101.8,101.8,0.01,0.0,0.04,16.2,100,AUTO.LOITER,0,0
2026-08-12T03:38:02,1786480682,13.822496,100.512272,15.4,-0.45,0.9,-0.6,101.8,101.8,0.01,0.0,0.04,16.2,100,AUTO.LOITER,0,0
2026-08-12T03:38:03,1786480683,13.822496,100.512272,15.4,-0.45,1.0,-0.6,101.8,101.8,0.03,0.0,0.03,16.2,100,AUTO.LOITER,0,0
2026-08-12T03:38:04,1786480684,13.822496,100.512272,15.4,-0.45,1.0,-0.6,101.8,101.8,0.02,0.0,0.04,16.2,100,AUTO.LOITER,0,0
2026-08-12T03:38:05,1786480685,13.822496,100.512272,15.4,-0.45,1.0,-0.6,101.8,101.8,0.01,0.0,0.04,16.2,100,AUTO.LOITER,0,0
2026-08-12T03:38:06,1786480686,13.822496,100.512272,15.4,-0.46,1.1,-0.6,101.8,101.8,0.0,0.0,0.05,16.2,100,AUTO.LOITER,0,0
2026-08-12T03:38:07,1786480687,13.822496,100.512272,15.4,-0.47,1.1,-0.6,101.8,101.8,0.01,0.0,0.05,16.2,100,AUTO.LOITER,0,0
2026-08-12T03:38:08,1786480688,13.822496,100.512272,15.4,-0.46,1.1,-0.6,101.8,101.8,0.01,0.0,0.05,16.2,100,AUTO.LOITER,0,0
2026-08-12T03:38:09,1786480689,13.822496,100.512272,15.4,-0.46,1.1,-0.6,101.8,101.8,0.01,0.0,0.05,16.2,100,AUTO.LOITER,0,0
2026-08-12T03:38:10,1786480690,13.822496,100.512272,15.4,-0.46,1.1,-0.7,101.8,101.8,0.01,0.0,0.05,16.2,100,AUTO.LOITER,0,0
2026-08-12T03:38:11,1786480691,13.822496,100.512272,15.3,-0.46,1.1,-0.7,101.8,101.8,0.01,0.0,0.05,16.2,100,AUTO.LOITER,0,0
2026-08-12T03:38:12,1786480692,13.822496,100.512272,15.4,-0.46,1.1,-0.7,101.8,101.8,0.0,0.0,0.04,16.2,100,AUTO.LOITER,0,0
2026-08-12T03:38:13,1786480693,13.822496,100.512272,15.4,-0.45,1.1,-0.7,101.8,101.8,-0.01,0.0,0.04,16.2,100,AUTO.LOITER,0,0
2026-08-12T03:38:14,1786480694,13.822495,100.512272,15.4,-0.46,1.1,-0.7,101.8,101.8,-0.02,0.0,0.06,16.2,100,AUTO.LOITER,0,0
2026-08-12T03:38:15,1786480695,13.822495,100.512272,15.4,-0.47,1.1,-0.7,101.8,101.8,-0.01,0.0,0.07,16.2,100,AUTO.LOITER,0,0
2026-08-12T03:38:16,1786480696,13.822495,100.512272,15.4,-0.48,1.1,-0.7,101.8,101.8,0.0,0.0,0.07,16.2,100,AUTO.LOITER,0,0
2026-08-12T03:38:17,1786480697,13.822495,100.512272,15.4,-0.48,1.1,-0.8,101.8,101.8,0.0,0.0,0.07,16.2,100,AUTO.LOITER,0,0
2026-08-12T03:38:18,1786480698,13.822496,100.512272,15.4,-0.48,1.1,-0.8,101.8,101.8,0.0,0.0,0.07,16.2,100,AUTO.LOITER,0,0
2026-08-12T03:38:19,1786480699,13.822496,100.512272,15.4,-0.48,1.1,-0.8,101.8,101.8,0.0,0.01,0.08,16.2,100,AUTO.LOITER,0,0
2026-08-12T03:38:20,1786480700,13.822496,100.512272,15.4,-0.49,1.1,-0.8,101.8,101.8,0.0,0.01,0.09,16.2,100,AUTO.LOITER,0,0
2026-08-12T03:38:21,1786480701,13.822496,100.512272,15.4,-0.5,1.1,-0.8,101.8,101.8,0.0,0.0,0.09,16.2,100,AUTO.LOITER,0,0
2026-08-12T03:38:22,1786480702,13.822495,100.512272,15.4,-0.5,1.1,-0.8,101.8,101.8,0.0,0.01,0.1,16.2,100,AUTO.LOITER,0,0
2026-08-12T03:38:23,1786480703,13.822496,100.512272,15.4,-0.51,1.1,-0.8,101.8,101.8,0.01,0.0,0.11,16.2,100,AUTO.LOITER,0,0
2026-08-12T03:38:24,1786480704,13.822496,100.512272,15.4,-0.51,1.1,-0.8,101.8,101.8,0.01,0.0,0.11,16.2,100,AUTO.LOITER,0,0
2026-08-12T03:38:25,1786480705,13.822496,100.512272,15.4,-0.51,1.1,-0.8,101.8,101.8,0.01,0.0,0.11,16.2,100,AUTO.LOITER,0,0
2026-08-12T03:38:26,1786480706,13.822496,100.512272,15.4,-0.51,1.2,-0.8,101.8,101.8,0.01,0.0,0.1,16.2,100,AUTO.LOITER,0,0
2026-08-12T03:38:27,1786480707,13.822495,100.512272,15.4,-0.5,1.2,-0.8,101.8,101.8,0.0,0.0,0.09,16.2,100,AUTO.LOITER,0,0
2026-08-12T03:38:28,1786480708,13.822495,100.512272,15.4,-0.5,1.2,-0.8,101.8,101.8,0.0,0.0,0.1,16.2,100,AUTO.LOITER,0,0
2026-08-12T03:38:29,1786480709,13.822495,100.512272,15.4,-0.5,1.2,-0.8,101.8,101.8,-0.01,0.0,0.09,16.2,100,AUTO.LOITER,0,0
2026-08-12T03:38:30,1786480710,13.822495,100.512272,15.4,-0.49,1.2,-0.8,101.8,101.8,-0.01,-0.02,0.08,16.2,100,AUTO.LOITER,0,0
2026-08-12T03:38:31,1786480711,13.822495,100.512272,15.4,-0.49,1.2,-0.9,101.8,101.8,0.0,-0.01,0.08,16.2,100,AUTO.LOITER,0,0
2026-08-12T03:38:32,1786480712,13.822495,100.512272,15.4,-0.49,1.2,-0.9,101.8,101.8,0.0,0.0,0.08,16.2,100,AUTO.LOITER,0,0
2026-08-12T03:38:33,1786480713,13.822495,100.512272,15.4,-0.49,1.2,-0.9,101.8,101.8,0.0,0.0,0.08,16.2,100,AUTO.LOITER,0,0
2026-08-12T03:38:34,1786480714,13.822495,100.512272,15.4,-0.49,1.2,-0.9,101.8,101.8,0.0,0.0,0.08,16.2,100,AUTO.LOITER,0,0
2026-08-12T03:38:35,1786480715,13.822496,100.512272,15.4,-0.49,1.2,-1.0,101.8,101.8,0.0,-0.01,0.08,16.2,100,AUTO.LOITER,0,0
2026-08-12T03:38:36,1786480716,13.822495,100.512272,15.4,-0.49,1.2,-1.0,101.8,101.8,-0.01,0.0,0.08,16.2,100,AUTO.LOITER,0,0
2026-08-12T03:38:37,1786480717,13.822495,100.512272,15.4,-0.49,1.2,-1.0,101.8,101.8,-0.01,0.0,0.08,16.2,100,AUTO.LOITER,0,0
2026-08-12T03:38:38,1786480718,13.822495,100.512272,15.4,-0.49,1.2,-1.0,101.8,101.8,-0.01,0.01,0.08,16.2,100,AUTO.LOITER,0,0
2026-08-12T03:38:39,1786480719,13.822495,100.512272,15.4,-0.49,1.2,-1.0,101.8,101.8,-0.01,0.01,0.08,16.2,100,AUTO.LOITER,0,0
2026-08-12T03:38:40,1786480720,13.822495,100.512272,15.4,-0.49,1.2,-1.0,101.8,101.8,-0.01,0.01,0.08,16.2,100,AUTO.LOITER,0,0
2026-08-12T03:38:41,1786480721,13.822495,100.512272,15.4,-0.5,1.2,-1.0,101.8,101.8,0.0,0.03,0.09,16.2,100,AUTO.LOITER,0,0
2026-08-12T03:38:42,1786480722,13.822495,100.512272,15.4,-0.5,1.2,-1.0,101.8,101.8,0.0,0.03,0.09,16.2,100,AUTO.LOITER,0,0
2026-08-12T03:38:43,1786480723,13.822495,100.512272,15.4,-0.51,1.2,-1.0,101.8,101.8,0.0,0.02,0.1,16.2,100,AUTO.LOITER,0,0
2026-08-12T03:38:44,1786480724,13.822495,100.512272,15.4,-0.52,1.2,-1.0,101.8,101.8,0.01,0.01,0.12,16.2,100,AUTO.LOITER,0,0
2026-08-12T03:38:45,1786480725,13.822495,100.512272,15.3,-0.52,1.2,-1.0,101.8,101.8,0.0,0.0,0.12,16.2,100,AUTO.LOITER,0,0
2026-08-12T03:38:46,1786480726,13.822496,100.512272,15.3,-0.53,1.2,-1.0,101.8,101.8,0.01,-0.01,0.13,16.2,100,AUTO.LOITER,0,0
2026-08-12T03:38:47,1786480727,13.822496,100.512272,15.3,-0.54,1.2,-1.1,101.8,101.8,0.0,0.0,0.14,16.2,100,AUTO.LOITER,0,0
2026-08-12T03:38:48,1786480728,13.822496,100.512272,15.3,-0.54,1.2,-1.1,101.8,101.8,0.0,0.0,0.14,16.2,100,AUTO.LOITER,0,0
2026-08-12T03:38:49,1786480729,13.822496,100.512272,15.3,-0.54,1.2,-1.1,101.8,101.8,0.0,0.0,0.14,16.2,100,AUTO.LOITER,0,0
2026-08-12T03:38:50,1786480730,13.822496,100.512272,15.4,-0.55,1.2,-1.1,101.8,101.8,0.0,0.0,0.15,16.2,100,AUTO.LOITER,0,0
2026-08-12T03:38:51,1786480731,13.822496,100.512272,15.3,-0.55,1.2,-1.1,101.8,101.8,0.0,0.0,0.16,16.2,100,AUTO.LOITER,0,0
2026-08-12T03:38:52,1786480732,13.822496,100.512272,15.3,-0.56,1.2,-1.1,101.7,101.7,-0.01,0.0,0.16,16.2,100,AUTO.LOITER,0,0
2026-08-12T03:38:53,1786480733,13.822495,100.512272,15.3,-0.56,1.2,-1.1,101.7,101.7,-0.02,0.01,0.16,16.2,100,AUTO.LOITER,0,0
2026-08-12T03:38:54,1786480734,13.822495,100.512272,15.3,-0.55,1.2,-1.1,101.7,101.7,-0.03,0.01,0.15,16.2,100,AUTO.LOITER,0,0
2026-08-12T03:38:55,1786480735,13.822495,100.512272,15.3,-0.55,1.2,-1.1,101.7,101.7,-0.01,0.01,0.15,16.2,100,AUTO.LOITER,0,0
2026-08-12T03:38:56,1786480736,13.822495,100.512272,15.3,-0.55,1.2,-1.1,101.7,101.7,-0.03,0.01,0.15,16.2,100,AUTO.LOITER,0,0
2026-08-12T03:38:57,1786480737,13.822495,100.512272,15.4,-0.55,1.2,-1.1,101.7,101.7,-0.03,0.01,0.15,16.2,100,AUTO.LOITER,0,0
2026-08-12T03:38:58,1786480738,13.822495,100.512272,15.3,-0.55,1.2,-1.1,101.7,101.7,-0.03,0.01,0.16,16.2,100,AUTO.LOITER,0,0
2026-08-12T03:38:59,1786480739,13.822495,100.512272,15.3,-0.55,1.2,-1.1,101.7,101.7,-0.02,0.01,0.15,16.2,100,AUTO.LOITER,0,0
2026-08-12T03:39:00,1786480740,13.822495,100.512272,15.3,-0.54,1.2,-1.1,101.7,101.7,-0.02,0.01,0.13,16.2,100,AUTO.LOITER,0,0
2026-08-12T03:39:01,1786480741,13.822495,100.512272,15.3,-0.53,1.2,-1.1,101.7,101.7,-0.01,0.01,0.13,16.2,100,AUTO.LOITER,0,0
2026-08-12T03:39:02,1786480742,13.822496,100.512272,15.4,-0.53,1.2,-1.1,101.7,101.7,-0.01,0.01,0.13,16.2,100,AUTO.LOITER,0,0
2026-08-12T03:39:03,1786480743,13.822495,100.512272,15.3,-0.54,1.2,-1.1,101.7,101.7,0.0,0.02,0.14,16.2,100,AUTO.LOITER,0,0
2026-08-12T03:39:04,1786480744,13.822495,100.512272,15.4,-0.54,1.2,-1.1,101.7,101.7,0.0,0.02,0.14,16.2,100,AUTO.LOITER,0,0
2026-08-12T03:39:05,1786480745,13.822496,100.512272,15.3,-0.54,1.1,-1.0,101.7,101.7,0.01,0.01,0.14,16.2,100,AUTO.LOITER,0,0
2026-08-12T03:39:06,1786480746,13.822496,100.512272,15.3,-0.54,1.1,-1.0,101.7,101.7,0.01,0.01,0.14,16.2,100,AUTO.LOITER,0,0
2026-08-12T03:39:07,1786480747,13.822496,100.512272,15.3,-0.53,1.1,-1.0,101.7,101.7,0.01,0.0,0.13,16.2,100,AUTO.LOITER,0,0
2026-08-12T03:39:08,1786480748,13.822496,100.512272,15.3,-0.53,1.2,-1.0,101.7,101.7,0.0,0.0,0.13,16.2,100,AUTO.LOITER,0,0
2026-08-12T03:39:09,1786480749,13.822495,100.512272,15.3,-0.54,1.2,-1.0,101.7,101.7,0.0,0.0,0.14,16.2,100,AUTO.LOITER,0,0
2026-08-12T03:39:10,1786480750,13.822495,100.512272,15.3,-0.54,1.2,-1.0,101.7,101.7,0.0,0.0,0.14,16.2,100,AUTO.LOITER,0,0
2026-08-12T03:39:11,1786480751,13.822496,100.512272,15.4,-0.54,1.2,-1.0,101.6,101.6,0.0,0.0,0.14,16.2,100,AUTO.LOITER,0,0
2026-08-12T03:39:12,1786480752,13.822495,100.512272,15.3,-0.54,1.2,-1.0,101.6,101.6,0.0,0.0,0.13,16.2,100,AUTO.LOITER,0,0
2026-08-12T03:39:13,1786480753,13.822496,100.512272,15.3,-0.53,1.2,-1.0,101.6,101.6,0.0,0.0,0.12,16.2,100,AUTO.LOITER,0,0
2026-08-12T03:39:14,1786480754,13.822495,100.512272,15.4,-0.53,1.2,-1.0,101.6,101.6,0.0,0.0,0.12,16.2,100,AUTO.LOITER,0,0
2026-08-12T03:39:15,1786480755,13.822495,100.512272,15.4,-0.53,1.2,-1.0,101.6,101.6,0.0,0.0,0.12,16.2,100,AUTO.LOITER,0,0
2026-08-12T03:39:16,1786480756,13.822495,100.512272,15.5,-0.53,1.2,-1.0,101.6,101.6,0.0,0.0,0.12,16.2,100,AUTO.LOITER,0,0
2026-08-12T03:39:17,1786480757,13.822495,100.512272,15.3,-0.53,1.2,-1.0,101.6,101.6,-0.01,0.0,0.13,16.2,100,AUTO.LOITER,0,0
2026-08-12T03:39:18,1786480758,13.822495,100.512272,15.3,-0.54,1.2,-0.9,101.6,101.6,-0.02,0.0,0.13,16.2,100,AUTO.LOITER,0,0
2026-08-12T03:39:19,1786480759,13.822495,100.512272,15.3,-0.54,1.2,-0.9,101.6,101.6,-0.01,0.0,0.14,16.2,100,AUTO.LOITER,0,0
2026-08-12T03:39:20,1786480760,13.822495,100.512272,15.3,-0.55,1.1,-0.9,101.6,101.6,0.0,0.0,0.15,16.2,100,AUTO.LOITER,0,0
2026-08-12T03:39:21,1786480761,13.822496,100.512272,15.3,-0.55,1.1,-0.9,101.6,101.6,0.0,0.0,0.14,16.2,100,AUTO.LOITER,0,0
2026-08-12T03:39:22,1786480762,13.822496,100.512272,15.3,-0.55,1.1,-0.9,101.6,101.6,0.0,0.0,0.14,16.2,100,AUTO.LOITER,0,0
2026-08-12T03:39:23,1786480763,13.822495,100.512272,15.3,-0.54,1.1,-0.9,101.6,101.6,-0.01,-0.01,0.13,16.2,100,AUTO.LOITER,0,0
2026-08-12T03:39:24,1786480764,13.822495,100.512272,15.4,-0.54,1.1,-0.9,101.6,101.6,-0.01,-0.01,0.13,16.2,100,AUTO.LOITER,0,0
2026-08-12T03:39:25,1786480765,13.822495,100.512272,15.3,-0.53,1.1,-0.9,101.6,101.6,0.0,-0.02,0.12,16.2,100,AUTO.LOITER,0,0
2026-08-12T03:39:26,1786480766,13.822496,100.512272,15.3,-0.53,1.1,-0.9,101.6,101.6,0.0,-0.02,0.13,16.2,100,AUTO.LOITER,0,0
2026-08-12T03:39:27,1786480767,13.822495,100.512272,15.3,-0.54,1.1,-1.0,101.6,101.6,-0.01,0.0,0.13,16.2,100,AUTO.LOITER,0,0
2026-08-12T03:39:28,1786480768,13.822495,100.512272,15.4,-0.54,1.1,-1.0,101.7,101.7,-0.01,0.0,0.13,16.2,100,AUTO.LOITER,0,0
2026-08-12T03:39:29,1786480769,13.822495,100.512272,15.3,-0.53,1.0,-1.0,101.7,101.7,-0.01,-0.01,0.12,16.2,100,AUTO.LOITER,0,0
2026-08-12T03:39:30,1786480770,13.822495,100.512272,15.3,-0.53,1.0,-1.0,101.7,101.7,0.0,-0.01,0.11,16.2,100,AUTO.LOITER,0,0
2026-08-12T03:39:31,1786480771,13.822496,100.512272,15.3,-0.53,1.0,-1.0,101.7,101.7,0.01,-0.02,0.11,16.2,100,AUTO.LOITER,0,0
2026-08-12T03:39:32,1786480772,13.822496,100.512272,15.4,-0.53,1.0,-1.0,101.7,101.7,0.01,-0.02,0.11,16.2,100,AUTO.LOITER,0,0
2026-08-12T03:39:33,1786480773,13.822496,100.512272,15.4,-0.53,1.0,-1.0,101.7,101.7,0.01,-0.02,0.11,16.2,100,AUTO.LOITER,0,0
2026-08-12T03:39:34,1786480774,13.822496,100.512272,15.3,-0.53,1.0,-1.0,101.7,101.7,0.0,-0.01,0.12,16.2,100,AUTO.LOITER,0,0
2026-08-12T03:39:35,1786480775,13.822495,100.512272,15.4,-0.53,0.9,-1.1,101.7,101.7,0.0,-0.01,0.12,16.2,100,AUTO.LOITER,0,0
2026-08-12T03:39:36,1786480776,13.822495,100.512272,15.4,-0.53,0.9,-1.1,101.7,101.7,0.0,-0.01,0.12,16.2,100,AUTO.LOITER,0,0
2026-08-12T03:39:37,1786480777,13.822496,100.512272,15.3,-0.52,0.9,-1.1,101.7,101.7,0.02,0.0,0.1,16.2,100,AUTO.LOITER,0,0
2026-08-12T03:39:38,1786480778,13.822496,100.512272,15.3,-0.52,0.9,-1.1,101.7,101.7,0.03,0.0,0.1,16.2,100,AUTO.LOITER,0,0
2026-08-12T03:39:39,1786480779,13.822496,100.512272,15.4,-0.51,0.9,-1.1,101.7,101.7,0.02,0.0,0.09,16.2,100,AUTO.LOITER,0,0
2026-08-12T03:39:40,1786480780,13.822496,100.512272,15.4,-0.51,0.9,-1.1,101.7,101.7,0.01,-0.01,0.09,16.2,100,AUTO.LOITER,0,0
2026-08-12T03:39:41,1786480781,13.822495,100.512272,15.4,-0.51,0.9,-1.1,101.7,101.7,0.01,-0.01,0.09,16.2,100,AUTO.LOITER,0,0
2026-08-12T03:39:42,1786480782,13.822495,100.512272,15.4,-0.51,1.0,-1.1,101.7,101.7,0.01,0.0,0.09,16.2,100,AUTO.LOITER,0,0
2026-08-12T03:39:43,1786480783,13.822496,100.512272,15.4,-0.51,1.0,-1.1,101.7,101.7,0.01,0.0,0.09,16.2,100,AUTO.LOITER,0,0
2026-08-12T03:39:44,1786480784,13.822496,100.512272,15.4,-0.51,1.0,-1.1,101.7,101.7,0.01,0.0,0.1,16.2,100,AUTO.LOITER,0,0
2026-08-12T03:39:45,1786480785,13.822495,100.512272,15.4,-0.51,1.0,-1.1,101.7,101.7,0.0,-0.01,0.1,16.2,100,AUTO.LOITER,0,0
2026-08-12T03:39:46,1786480786,13.822496,100.512272,15.3,-0.52,1.0,-1.1,101.7,101.7,0.0,-0.02,0.11,16.2,100,AUTO.LOITER,0,0
2026-08-12T03:39:47,1786480787,13.822496,100.512272,15.3,-0.53,1.0,-1.1,101.7,101.7,0.0,-0.02,0.12,16.2,100,AUTO.LOITER,0,0
2026-08-12T03:39:48,1786480788,13.822496,100.512272,15.4,-0.53,1.0,-1.2,101.7,101.7,0.0,-0.02,0.12,16.2,100,AUTO.LOITER,0,0
2026-08-12T03:39:49,1786480789,13.822495,100.512272,15.3,-0.53,1.0,-1.2,101.7,101.7,-0.01,-0.01,0.12,16.2,100,AUTO.LOITER,0,0
2026-08-12T03:39:50,1786480790,13.822495,100.512272,15.3,-0.53,1.0,-1.2,101.7,101.7,-0.01,0.0,0.11,16.2,100,AUTO.LOITER,0,0
2026-08-12T03:39:51,1786480791,13.822495,100.512272,15.3,-0.52,1.0,-1.2,101.7,101.7,0.0,0.0,0.1,16.2,100,AUTO.LOITER,0,0
2026-08-12T03:39:52,1786480792,13.822495,100.512272,15.4,-0.52,1.0,-1.2,101.7,101.7,0.0,0.0,0.09,16.2,100,AUTO.LOITER,0,0
2026-08-12T03:39:53,1786480793,13.822495,100.512272,15.4,-0.52,1.0,-1.2,101.7,101.7,0.0,0.0,0.09,16.2,100,AUTO.LOITER,0,0
2026-08-12T03:39:54,1786480794,13.822495,100.512272,15.4,-0.51,1.0,-1.2,101.7,101.7,0.0,0.0,0.08,16.2,100,AUTO.LOITER,0,0
2026-08-12T03:39:55,1786480795,13.822495,100.512272,15.4,-0.5,1.0,-1.2,101.7,101.7,0.0,0.0,0.07,16.2,100,AUTO.LOITER,0,0
2026-08-12T03:39:56,1786480796,13.822495,100.512272,15.4,-0.49,1.0,-1.2,101.7,101.7,0.0,0.0,0.06,16.2,100,AUTO.LOITER,0,0
2026-08-12T03:39:57,1786480797,13.822495,100.512272,15.4,-0.48,1.0,-1.2,101.7,101.7,0.0,-0.01,0.05,16.2,100,AUTO.LOITER,0,0
2026-08-12T03:39:58,1786480798,13.822495,100.512272,15.4,-0.48,1.0,-1.2,101.7,101.7,0.0,-0.02,0.06,16.2,100,AUTO.LOITER,0,0
2026-08-12T03:39:59,1786480799,13.822495,100.512272,15.4,-0.48,0.9,-1.2,101.7,101.7,0.0,-0.02,0.06,16.2,100,AUTO.LOITER,0,0
2026-08-12T03:40:00,1786480800,13.822496,100.512272,15.4,-0.49,0.9,-1.2,101.7,101.7,0.0,-0.02,0.07,16.2,100,AUTO.LOITER,0,0
2026-08-12T03:40:01,1786480801,13.822496,100.512272,15.4,-0.49,0.9,-1.3,101.7,101.7,0.01,-0.03,0.07,16.2,100,AUTO.LOITER,0,0
2026-08-12T03:40:02,1786480802,13.822496,100.512272,15.4,-0.5,0.9,-1.3,101.7,101.7,0.01,-0.01,0.08,16.2,100,AUTO.LOITER,0,0
2026-08-12T03:40:03,1786480803,13.822496,100.512272,15.4,-0.51,0.9,-1.3,101.7,101.7,0.01,-0.01,0.09,16.2,100,AUTO.LOITER,0,0
2026-08-12T03:40:04,1786480804,13.822496,100.512272,15.4,-0.51,0.9,-1.3,101.7,101.7,0.01,0.0,0.08,16.2,100,AUTO.LOITER,0,0
2026-08-12T03:40:05,1786480805,13.822496,100.512272,15.4,-0.51,0.9,-1.3,101.7,101.7,0.01,-0.01,0.08,16.2,100,AUTO.LOITER,0,0
2026-08-12T03:40:06,1786480806,13.822496,100.512272,15.4,-0.51,0.9,-1.4,101.7,101.7,0.01,-0.01,0.08,16.2,100,AUTO.LOITER,0,0
2026-08-12T03:40:07,1786480807,13.822496,100.512272,15.4,-0.49,0.9,-1.4,101.7,101.7,0.0,0.0,0.06,16.2,100,AUTO.LOITER,0,0
2026-08-12T03:40:08,1786480808,13.822496,100.512272,15.4,-0.48,0.9,-1.4,101.7,101.7,0.0,0.0,0.05,16.2,100,AUTO.LOITER,0,0
2026-08-12T03:40:09,1786480809,13.822495,100.512272,15.4,-0.47,0.9,-1.4,101.7,101.7,-0.01,0.0,0.04,16.2,100,AUTO.LOITER,0,0
2026-08-12T03:40:10,1786480810,13.822496,100.512272,15.4,-0.46,0.9,-1.4,101.7,101.7,0.0,0.0,0.03,16.2,100,AUTO.LOITER,0,0
2026-08-12T03:40:11,1786480811,13.822496,100.512272,15.4,-0.46,0.9,-1.4,101.7,101.7,0.0,0.0,0.02,16.2,100,AUTO.LOITER,0,0
2026-08-12T03:40:12,1786480812,13.822496,100.512272,15.4,-0.45,0.9,-1.4,101.7,101.7,0.0,0.0,0.02,16.2,100,AUTO.LOITER,0,0
2026-08-12T03:40:13,1786480813,13.822496,100.512272,15.4,-0.45,0.9,-1.4,101.7,101.7,0.0,0.0,0.02,16.2,100,AUTO.LOITER,0,0
2026-08-12T03:40:14,1786480814,13.822496,100.512272,15.4,-0.46,0.9,-1.4,101.7,101.7,0.0,0.01,0.03,16.2,100,AUTO.LOITER,0,0
2026-08-12T03:40:15,1786480815,13.822496,100.512272,15.4,-0.47,0.9,-1.4,101.7,101.7,0.01,0.0,0.04,16.2,100,AUTO.LOITER,0,0
2026-08-12T03:40:16,1786480816,13.822495,100.512272,15.4,-0.47,0.9,-1.4,101.7,101.7,0.0,0.01,0.04,16.2,100,AUTO.LOITER,0,0
2026-08-12T03:40:17,1786480817,13.822495,100.512272,15.4,-0.48,0.9,-1.4,101.7,101.7,-0.01,0.01,0.05,16.2,100,AUTO.LOITER,0,0
2026-08-12T03:40:18,1786480818,13.822495,100.512272,15.4,-0.48,0.9,-1.4,101.7,101.7,0.0,0.0,0.05,16.2,100,AUTO.LOITER,0,0
2026-08-12T03:40:19,1786480819,13.822496,100.512272,15.4,-0.48,0.9,-1.4,101.7,101.7,0.0,0.0,0.05,16.2,100,AUTO.LOITER,0,0
2026-08-12T03:40:20,1786480820,13.822496,100.512272,15.4,-0.48,0.9,-1.4,101.7,101.7,0.0,0.01,0.04,16.2,100,AUTO.LOITER,0,0
2026-08-12T03:40:21,1786480821,13.822495,100.512272,15.4,-0.47,0.9,-1.4,101.7,101.7,0.0,0.02,0.03,16.2,100,AUTO.LOITER,0,0
2026-08-12T03:40:22,1786480822,13.822495,100.512272,15.4,-0.46,0.9,-1.4,101.7,101.7,0.0,0.0,0.02,16.2,100,AUTO.LOITER,0,0
2026-08-12T03:40:23,1786480823,13.822495,100.512272,15.4,-0.46,0.9,-1.3,101.7,101.7,0.0,-0.01,0.02,16.2,100,AUTO.LOITER,0,0
2026-08-12T03:40:24,1786480824,13.822495,100.512272,15.4,-0.45,0.8,-1.4,101.7,101.7,-0.01,-0.02,0.02,16.2,100,AUTO.LOITER,0,0
2026-08-12T03:40:25,1786480825,13.822496,100.512272,15.4,-0.45,0.8,-1.4,101.7,101.7,-0.01,-0.02,0.02,16.2,100,AUTO.LOITER,0,0
2026-08-12T03:40:26,1786480826,13.822495,100.512272,15.4,-0.46,0.8,-1.4,101.7,101.7,-0.03,-0.01,0.02,16.2,100,AUTO.LOITER,0,0
2026-08-12T03:40:27,1786480827,13.822495,100.512272,15.4,-0.45,0.7,-1.4,101.8,101.8,-0.03,-0.02,0.02,16.2,100,AUTO.LOITER,0,0
2026-08-12T03:40:28,1786480828,13.822495,100.512272,15.4,-0.45,0.7,-1.4,101.8,101.8,0.0,-0.01,0.01,16.2,100,AUTO.LOITER,0,0
2026-08-12T03:40:29,1786480829,13.822495,100.512272,15.4,-0.44,0.7,-1.5,101.8,101.8,0.0,-0.01,0.0,16.2,100,AUTO.LOITER,0,0
2026-08-12T03:40:30,1786480830,13.822496,100.512272,15.4,-0.44,0.7,-1.5,101.8,101.8,0.02,0.0,0.0,16.2,100,AUTO.LOITER,0,0
2026-08-12T03:40:31,1786480831,13.822496,100.512272,15.4,-0.43,0.7,-1.6,101.8,101.8,0.03,0.0,0.0,16.2,100,AUTO.LOITER,0,0
2026-08-12T03:40:32,1786480832,13.822496,100.512272,15.4,-0.43,0.7,-1.6,101.8,101.8,0.03,0.0,0.0,16.2,100,AUTO.LOITER,0,0
2026-08-12T03:40:33,1786480833,13.822496,100.512272,15.4,-0.43,0.7,-1.6,101.8,101.8,0.03,0.0,0.0,16.2,100,AUTO.LOITER,0,0
2026-08-12T03:40:34,1786480834,13.822496,100.512272,15.4,-0.43,0.7,-1.6,101.8,101.8,0.04,0.0,0.0,16.2,100,AUTO.LOITER,0,0
2026-08-12T03:40:35,1786480835,13.822496,100.512272,15.4,-0.43,0.7,-1.6,101.8,101.8,0.03,0.0,0.0,16.2,100,AUTO.LOITER,0,0
2026-08-12T03:40:36,1786480836,13.822496,100.512272,15.4,-0.44,0.8,-1.6,101.8,101.8,0.03,0.01,0.01,16.2,100,AUTO.LOITER,0,0
2026-08-12T03:40:37,1786480837,13.822496,100.512272,15.4,-0.45,0.8,-1.6,101.8,101.8,0.02,0.02,0.02,16.2,100,AUTO.LOITER,0,0
2026-08-12T03:40:38,1786480838,13.822495,100.512272,15.4,-0.45,0.8,-1.6,101.8,101.8,0.02,0.02,0.02,16.2,100,AUTO.LOITER,0,0
2026-08-12T03:40:39,1786480839,13.822495,100.512272,15.4,-0.45,0.8,-1.6,101.8,101.8,0.02,0.02,0.02,16.2,100,AUTO.LOITER,0,0
2026-08-12T03:40:40,1786480840,13.822496,100.512272,15.4,-0.45,0.8,-1.6,101.8,101.8,0.02,0.02,0.02,16.2,100,AUTO.LOITER,0,0
2026-08-12T03:40:41,1786480841,13.822496,100.512272,15.4,-0.45,0.8,-1.6,101.8,101.8,0.01,0.0,0.0,16.2,100,AUTO.LOITER,0,0
2026-08-12T03:40:42,1786480842,13.822496,100.512272,15.4,-0.44,0.9,-1.6,101.8,101.8,0.01,0.0,0.0,16.2,100,AUTO.LOITER,0,0
2026-08-12T03:40:43,1786480843,13.822496,100.512272,15.4,-0.44,0.9,-1.6,101.8,101.8,0.0,0.0,0.0,16.2,100,AUTO.LOITER,0,0
2026-08-12T03:40:44,1786480844,13.822496,100.512272,15.4,-0.44,0.9,-1.6,101.8,101.8,0.0,0.0,0.0,16.2,100,AUTO.LOITER,0,0
2026-08-12T03:40:45,1786480845,13.822496,100.512272,15.4,-0.44,0.9,-1.6,101.8,101.8,0.0,-0.02,0.0,16.2,100,AUTO.LOITER,0,0
2026-08-12T03:40:46,1786480846,13.822496,100.512271,15.4,-0.44,0.9,-1.6,101.8,101.8,0.0,-0.02,0.0,16.2,100,AUTO.LOITER,0,0
2026-08-12T03:40:47,1786480847,13.822495,100.512271,15.4,-0.43,0.9,-1.6,101.8,101.8,0.0,0.0,0.0,16.2,100,AUTO.LOITER,0,0
2026-08-12T03:40:48,1786480848,13.822495,100.512271,15.4,-0.43,0.9,-1.6,101.7,101.7,0.0,0.0,0.0,16.2,100,AUTO.LOITER,0,0
2026-08-12T03:40:49,1786480849,13.822495,100.512272,15.4,-0.43,0.8,-1.6,101.7,101.7,-0.01,0.01,0.0,16.2,100,AUTO.LOITER,0,0
2026-08-12T03:40:50,1786480850,13.822496,100.512272,15.4,-0.43,0.8,-1.6,101.7,101.7,-0.01,0.01,0.0,16.2,100,AUTO.LOITER,0,0
2026-08-12T03:40:51,1786480851,13.822495,100.512272,15.4,-0.43,0.8,-1.6,101.7,101.7,0.0,0.01,0.0,16.2,100,AUTO.LOITER,0,0
2026-08-12T03:40:52,1786480852,13.822495,100.512272,15.4,-0.43,0.8,-1.6,101.7,101.7,0.0,0.02,0.0,16.2,100,AUTO.LOITER,0,0
2026-08-12T03:40:53,1786480853,13.822495,100.512272,15.4,-0.43,0.8,-1.6,101.7,101.7,-0.01,0.03,0.0,16.2,100,AUTO.LOITER,0,0
2026-08-12T03:40:54,1786480854,13.822495,100.512272,15.4,-0.42,0.8,-1.6,101.7,101.7,0.0,0.05,-0.01,16.2,100,AUTO.LOITER,0,0
2026-08-12T03:40:55,1786480855,13.822495,100.512272,15.4,-0.42,0.8,-1.5,101.7,101.7,0.0,0.04,-0.01,16.2,100,AUTO.LOITER,0,0
2026-08-12T03:40:56,1786480856,13.822496,100.512272,15.4,-0.42,0.8,-1.5,101.7,101.7,0.0,0.04,-0.01,16.2,100,AUTO.LOITER,0,0
2026-08-12T03:40:57,1786480857,13.822496,100.512272,15.4,-0.42,0.8,-1.5,101.7,101.7,0.0,0.02,-0.02,16.2,100,AUTO.LOITER,0,0
2026-08-12T03:40:58,1786480858,13.822496,100.512272,15.4,-0.42,0.8,-1.5,101.7,101.7,0.01,0.01,-0.02,16.2,100,AUTO.LOITER,0,0
2026-08-12T03:40:59,1786480859,13.822496,100.512272,15.4,-0.42,0.8,-1.4,101.7,101.7,0.01,0.0,-0.01,16.2,100,AUTO.LOITER,0,0
2026-08-12T03:41:00,1786480860,13.822496,100.512272,15.4,-0.42,0.8,-1.4,101.7,101.7,0.02,0.0,-0.01,16.2,100,AUTO.LOITER,0,0
2026-08-12T03:41:01,1786480861,13.822496,100.512272,15.4,-0.43,0.8,-1.4,101.7,101.7,0.0,-0.01,-0.01,16.2,100,AUTO.LOITER,0,0
2026-08-12T03:41:02,1786480862,13.822496,100.512272,15.4,-0.43,0.8,-1.4,101.7,101.7,0.01,0.0,0.0,16.2,100,AUTO.LOITER,0,0
2026-08-12T03:41:03,1786480863,13.822496,100.512272,15.3,-0.43,0.8,-1.4,101.7,101.7,0.01,0.0,0.0,16.2,100,AUTO.LOITER,0,0
2026-08-12T03:41:04,1786480864,13.822496,100.512272,15.4,-0.43,0.8,-1.5,101.7,101.7,0.01,-0.01,0.0,16.2,100,AUTO.LOITER,0,0
2026-08-12T03:41:05,1786480865,13.822496,100.512272,15.4,-0.43,0.8,-1.5,101.7,101.7,0.01,0.0,0.0,16.2,100,AUTO.LOITER,0,0
2026-08-12T03:41:06,1786480866,13.822496,100.512272,15.4,-0.44,0.8,-1.5,101.7,101.7,0.02,0.02,0.0,16.2,100,AUTO.LOITER,0,0
2026-08-12T03:41:07,1786480867,13.822496,100.512272,15.4,-0.44,0.8,-1.5,101.7,101.7,0.01,0.02,0.0,16.2,100,AUTO.LOITER,0,0
2026-08-12T03:41:08,1786480868,13.822495,100.512272,15.4,-0.44,0.8,-1.5,101.7,101.7,0.0,0.01,0.0,16.2,100,AUTO.LOITER,0,0
2026-08-12T03:41:09,1786480869,13.822496,100.512272,15.4,-0.44,0.9,-1.5,101.7,101.7,0.0,0.01,0.0,16.2,100,AUTO.LOITER,0,0
2026-08-12T03:41:10,1786480870,13.822495,100.512272,15.4,-0.44,0.9,-1.4,101.7,101.7,-0.01,0.01,0.0,16.2,100,AUTO.LOITER,0,0
2026-08-12T03:41:11,1786480871,13.822495,100.512272,15.4,-0.43,0.8,-1.4,101.7,101.7,0.0,0.01,-0.01,16.2,100,AUTO.LOITER,0,0
2026-08-12T03:41:12,1786480872,13.822496,100.512272,15.4,-0.42,0.8,-1.4,101.7,101.7,0.0,0.0,-0.02,16.2,100,AUTO.LOITER,0,0
2026-08-12T03:41:13,1786480873,13.822496,100.512272,15.4,-0.42,0.8,-1.4,101.7,101.7,0.0,0.0,-0.01,16.2,100,AUTO.LOITER,0,0
2026-08-12T03:41:14,1786480874,13.822496,100.512272,15.4,-0.42,0.8,-1.4,101.7,101.7,0.0,0.0,-0.01,16.2,100,AUTO.LOITER,0,0
2026-08-12T03:41:15,1786480875,13.822495,100.512272,15.4,-0.42,0.8,-1.4,101.7,101.7,0.0,0.0,-0.01,16.2,100,AUTO.LOITER,0,0
2026-08-12T03:41:16,1786480876,13.822496,100.512272,15.4,-0.42,0.8,-1.4,101.7,101.7,0.0,0.0,-0.01,16.2,100,AUTO.LOITER,0,0
2026-08-12T03:41:17,1786480877,13.822496,100.512272,15.4,-0.42,0.8,-1.4,101.7,101.7,0.01,0.0,-0.02,16.2,100,AUTO.LOITER,0,0
2026-08-12T03:41:18,1786480878,13.822496,100.512272,15.5,-0.41,0.8,-1.4,101.7,101.7,0.01,0.0,-0.03,16.2,100,AUTO.LOITER,0,0
2026-08-12T03:41:19,1786480879,13.822495,100.512272,15.5,-0.41,0.8,-1.4,101.7,101.7,0.0,-0.01,-0.04,16.2,100,AUTO.LOITER,0,0
2026-08-12T03:41:20,1786480880,13.822495,100.512272,15.5,-0.4,0.8,-1.4,101.7,101.7,0.0,0.0,-0.04,16.2,100,AUTO.LOITER,0,0
2026-08-12T03:41:21,1786480881,13.822495,100.512272,15.5,-0.4,0.8,-1.4,101.7,101.7,0.01,0.0,-0.03,16.2,100,AUTO.LOITER,0,0
2026-08-12T03:41:22,1786480882,13.822495,100.512272,15.4,-0.4,0.8,-1.4,101.7,101.7,0.01,0.0,-0.03,16.2,100,AUTO.LOITER,0,0
2026-08-12T03:41:23,1786480883,13.822495,100.512272,15.5,-0.41,0.8,-1.4,101.7,101.7,0.0,0.0,-0.03,16.2,100,AUTO.LOITER,0,0
2026-08-12T03:41:24,1786480884,13.822495,100.512272,15.5,-0.41,0.8,-1.4,101.7,101.7,0.0,0.0,-0.03,16.2,100,AUTO.LOITER,0,0
2026-08-12T03:41:25,1786480885,13.822496,100.512272,15.5,-0.41,0.8,-1.4,101.7,101.7,0.01,0.0,-0.03,16.2,100,AUTO.LOITER,0,0
2026-08-12T03:41:26,1786480886,13.822496,100.512272,15.5,-0.41,0.8,-1.4,101.7,101.7,0.02,0.0,-0.02,16.2,100,AUTO.LOITER,0,0
2026-08-12T03:41:27,1786480887,13.822496,100.512272,15.5,-0.41,0.8,-1.4,101.6,101.6,0.03,0.0,-0.02,16.2,100,AUTO.LOITER,0,0
2026-08-12T03:41:28,1786480888,13.822496,100.512272,15.4,-0.41,0.9,-1.4,101.6,101.6,0.03,0.0,-0.02,16.2,100,AUTO.LOITER,0,0
2026-08-12T03:41:29,1786480889,13.822496,100.512272,15.4,-0.42,0.9,-1.4,101.6,101.6,0.0,0.0,-0.02,16.2,100,AUTO.LOITER,0,0
2026-08-12T03:41:30,1786480890,13.822495,100.512272,15.4,-0.42,0.9,-1.4,101.6,101.6,0.0,0.0,-0.01,16.2,100,AUTO.LOITER,0,0
2026-08-12T03:41:31,1786480891,13.822496,100.512272,15.4,-0.42,0.9,-1.4,101.6,101.6,0.0,-0.01,-0.01,16.2,100,AUTO.LOITER,0,0
2026-08-12T03:41:32,1786480892,13.822496,100.512272,15.4,-0.43,0.9,-1.4,101.6,101.6,0.0,-0.01,0.0,16.2,100,AUTO.LOITER,0,0
2026-08-12T03:41:33,1786480893,13.822496,100.512272,15.4,-0.43,0.9,-1.4,101.6,101.6,0.02,-0.01,0.0,16.2,100,AUTO.LOITER,0,0
2026-08-12T03:41:34,1786480894,13.822496,100.512272,15.4,-0.44,0.9,-1.4,101.6,101.6,0.03,-0.01,0.0,16.2,100,AUTO.LOITER,0,0
2026-08-12T03:41:35,1786480895,13.822495,100.512272,15.4,-0.44,1.0,-1.4,101.7,101.7,0.03,-0.01,0.0,16.2,100,AUTO.LOITER,0,0
2026-08-12T03:41:36,1786480896,13.822496,100.512272,15.4,-0.44,1.0,-1.4,101.7,101.7,0.02,-0.01,0.01,16.2,100,AUTO.LOITER,0,0
2026-08-12T03:41:37,1786480897,13.822496,100.512272,15.4,-0.45,1.0,-1.4,101.7,101.7,0.03,-0.01,0.02,16.2,100,AUTO.LOITER,0,0
2026-08-12T03:41:38,1786480898,13.822496,100.512272,15.4,-0.46,1.1,-1.4,101.7,101.7,0.02,-0.02,0.03,16.2,100,AUTO.LOITER,0,0
2026-08-12T03:41:39,1786480899,13.822496,100.512272,15.4,-0.47,1.1,-1.4,101.7,101.7,0.02,-0.01,0.04,16.2,100,AUTO.LOITER,0,0
2026-08-12T03:41:40,1786480900,13.822496,100.512272,15.4,-0.47,1.1,-1.4,101.7,101.7,0.0,0.0,0.04,16.2,100,AUTO.LOITER,0,0
2026-08-12T03:41:41,1786480901,13.822496,100.512272,15.4,-0.47,1.1,-1.4,101.7,101.7,0.0,0.0,0.04,16.2,100,AUTO.LOITER,0,0
2026-08-12T03:41:42,1786480902,13.822495,100.512272,15.4,-0.48,1.1,-1.5,101.7,101.7,0.0,0.0,0.05,16.2,100,AUTO.LOITER,0,0
2026-08-12T03:41:43,1786480903,13.822496,100.512272,15.4,-0.48,1.1,-1.5,101.7,101.7,0.0,-0.01,0.05,16.2,100,AUTO.LOITER,0,0
2026-08-12T03:41:44,1786480904,13.822496,100.512272,15.4,-0.47,1.1,-1.5,101.7,101.7,0.01,0.0,0.04,16.2,100,AUTO.LOITER,0,0
2026-08-12T03:41:45,1786480905,13.822495,100.512272,15.4,-0.47,1.2,-1.5,101.7,101.7,0.0,0.0,0.03,16.2,100,AUTO.LOITER,0,0
2026-08-12T03:41:46,1786480906,13.822495,100.512272,15.4,-0.46,1.2,-1.5,101.7,101.7,0.0,0.0,0.03,16.2,100,AUTO.LOITER,0,0
2026-08-12T03:41:47,1786480907,13.822495,100.512272,15.4,-0.46,1.2,-1.6,101.7,101.7,0.0,0.0,0.02,16.2,100,AUTO.LOITER,0,0
2026-08-12T03:41:48,1786480908,13.822495,100.512272,15.4,-0.45,1.2,-1.6,101.7,101.7,0.0,0.0,0.01,16.2,100,AUTO.LOITER,0,0
2026-08-12T03:41:49,1786480909,13.822496,100.512272,15.4,-0.45,1.2,-1.6,101.7,101.7,0.0,0.0,0.01,16.2,100,AUTO.LOITER,0,0
2026-08-12T03:41:50,1786480910,13.822495,100.512272,15.4,-0.44,1.2,-1.6,101.7,101.7,0.0,0.0,0.01,16.2,100,AUTO.LOITER,0,0
2026-08-12T03:41:51,1786480911,13.822496,100.512272,15.4,-0.44,1.2,-1.6,101.7,101.7,0.0,0.0,0.0,16.2,100,AUTO.LOITER,0,0
2026-08-12T03:41:52,1786480912,13.822495,100.512272,15.4,-0.44,1.2,-1.6,101.7,101.7,-0.01,0.0,0.01,16.2,100,AUTO.LOITER,0,0
2026-08-12T03:41:53,1786480913,13.822495,100.512272,15.4,-0.45,1.2,-1.6,101.7,101.7,-0.01,0.0,0.01,16.2,100,AUTO.LOITER,0,0
2026-08-12T03:41:54,1786480914,13.822496,100.512272,15.4,-0.45,1.2,-1.6,101.7,101.7,0.0,0.0,0.01,16.2,100,AUTO.LOITER,0,0
2026-08-12T03:41:55,1786480915,13.822495,100.512272,15.4,-0.45,1.2,-1.6,101.7,101.7,0.0,0.0,0.01,16.2,100,AUTO.LOITER,0,0
2026-08-12T03:41:56,1786480916,13.822495,100.512272,15.4,-0.45,1.1,-1.7,101.7,101.7,-0.01,0.0,0.01,16.2,100,AUTO.LOITER,0,0
2026-08-12T03:41:57,1786480917,13.822495,100.512272,15.4,-0.45,1.1,-1.7,101.8,101.8,-0.01,0.02,0.01,16.2,100,AUTO.LOITER,0,0
2026-08-12T03:41:58,1786480918,13.822495,100.512272,15.4,-0.45,1.1,-1.7,101.8,101.8,0.0,0.03,0.0,16.2,100,AUTO.LOITER,0,0
2026-08-12T03:41:59,1786480919,13.822495,100.512272,15.4,-0.44,1.1,-1.6,101.8,101.8,0.0,0.02,0.01,16.2,100,AUTO.LOITER,0,0
2026-08-12T03:42:00,1786480920,13.822495,100.512272,15.4,-0.45,1.1,-1.6,101.8,101.8,-0.01,0.0,0.02,16.2,100,AUTO.LOITER,0,0
2026-08-12T03:42:01,1786480921,13.822496,100.512272,15.3,-0.45,1.1,-1.6,101.7,101.7,-0.01,0.0,0.02,16.2,100,AUTO.LOITER,0,0
2026-08-12T03:42:02,1786480922,13.822495,100.512272,15.4,-0.46,1.1,-1.6,101.7,101.7,0.0,0.01,0.03,16.2,100,AUTO.LOITER,0,0
2026-08-12T03:42:03,1786480923,13.822495,100.512272,15.4,-0.46,1.1,-1.6,101.7,101.7,0.0,0.0,0.03,16.2,100,AUTO.LOITER,0,0
2026-08-12T03:42:04,1786480924,13.822496,100.512272,15.4,-0.46,1.0,-1.6,101.7,101.7,0.0,-0.01,0.03,16.2,100,AUTO.LOITER,0,0
2026-08-12T03:42:05,1786480925,13.822496,100.512272,15.4,-0.46,1.0,-1.6,101.7,101.7,0.0,-0.01,0.02,16.2,100,AUTO.LOITER,0,0
2026-08-12T03:42:06,1786480926,13.822495,100.512272,15.4,-0.46,1.0,-1.6,101.7,101.7,0.0,-0.01,0.02,16.2,100,AUTO.LOITER,0,0
2026-08-12T03:42:07,1786480927,13.822496,100.512272,15.4,-0.46,1.0,-1.6,101.7,101.7,0.0,-0.01,0.02,16.2,100,AUTO.LOITER,0,0
2026-08-12T03:42:08,1786480928,13.822496,100.512272,15.4,-0.44,1.0,-1.6,101.7,101.7,0.0,0.01,0.01,16.2,100,AUTO.LOITER,0,0
2026-08-12T03:42:09,1786480929,13.822496,100.512272,15.5,-0.44,1.0,-1.6,101.7,101.7,0.0,0.01,0.01,16.2,100,AUTO.LOITER,0,0
2026-08-12T03:42:10,1786480930,13.822496,100.512272,15.4,-0.45,1.0,-1.5,101.7,101.7,0.01,0.0,0.02,16.2,100,AUTO.LOITER,0,0
2026-08-12T03:42:11,1786480931,13.822496,100.512272,15.4,-0.46,1.0,-1.5,101.7,101.7,0.01,0.0,0.02,16.2,100,AUTO.LOITER,0,0
2026-08-12T03:42:12,1786480932,13.822496,100.512272,15.4,-0.46,1.0,-1.6,101.7,101.7,0.0,0.0,0.02,16.2,100,AUTO.LOITER,0,0
2026-08-12T03:42:13,1786480933,13.822495,100.512272,15.4,-0.45,1.0,-1.6,101.7,101.7,0.0,0.0,0.01,16.2,100,AUTO.LOITER,0,0
2026-08-12T03:42:14,1786480934,13.822495,100.512272,15.4,-0.44,1.0,-1.6,101.7,101.7,0.0,0.0,0.0,16.2,100,AUTO.LOITER,0,0
2026-08-12T03:42:15,1786480935,13.822496,100.512272,15.4,-0.44,1.1,-1.6,101.7,101.7,0.0,0.0,0.0,16.2,100,AUTO.LOITER,0,0
2026-08-12T03:42:16,1786480936,13.822495,100.512272,15.4,-0.44,1.1,-1.6,101.7,101.7,-0.01,0.0,0.0,16.2,100,AUTO.LOITER,0,0
2026-08-12T03:42:17,1786480937,13.822495,100.512272,15.4,-0.44,1.0,-1.6,101.7,101.7,-0.01,0.0,0.0,16.2,100,AUTO.LOITER,0,0
2026-08-12T03:42:18,1786480938,13.822496,100.512272,15.4,-0.44,1.0,-1.6,101.7,101.7,0.0,0.0,0.0,16.2,100,AUTO.LOITER,0,0
2026-08-12T03:42:19,1786480939,13.822495,100.512272,15.4,-0.44,1.1,-1.6,101.7,101.7,0.0,0.0,0.0,16.2,100,AUTO.LOITER,0,0
2026-08-12T03:42:20,1786480940,13.822495,100.512272,15.4,-0.44,1.1,-1.5,101.7,101.7,-0.01,0.0,0.0,16.2,100,AUTO.LOITER,0,0
2026-08-12T03:42:21,1786480941,13.822495,100.512272,15.4,-0.44,1.1,-1.5,101.8,101.8,-0.01,0.01,0.0,16.2,100,AUTO.LOITER,0,0
2026-08-12T03:42:22,1786480942,13.822496,100.512272,15.3,-0.44,1.1,-1.5,101.8,101.8,-0.01,0.01,0.0,16.2,100,AUTO.LOITER,0,0
2026-08-12T03:42:23,1786480943,13.822496,100.512272,15.3,-0.44,1.0,-1.5,101.8,101.8,-0.01,0.01,0.0,16.2,100,AUTO.LOITER,0,0
2026-08-12T03:42:24,1786480944,13.822495,100.512272,15.4,-0.44,1.0,-1.5,101.8,101.8,0.0,0.0,0.0,16.2,100,AUTO.LOITER,0,0
2026-08-12T03:42:25,1786480945,13.822496,100.512272,15.4,-0.44,1.0,-1.5,101.8,101.8,0.0,0.0,0.0,16.2,100,AUTO.LOITER,0,0
2026-08-12T03:42:26,1786480946,13.822495,100.512272,15.4,-0.43,1.0,-1.5,101.8,101.8,0.0,-0.01,0.0,16.2,100,AUTO.LOITER,0,0
2026-08-12T03:42:27,1786480947,13.822496,100.512272,15.4,-0.43,1.0,-1.5,101.8,101.8,0.0,0.0,-0.01,16.2,100,AUTO.LOITER,0,0
2026-08-12T03:42:28,1786480948,13.822496,100.512272,15.4,-0.42,1.0,-1.5,101.8,101.8,0.01,0.01,-0.02,16.2,100,AUTO.LOITER,0,0
2026-08-12T03:42:29,1786480949,13.822496,100.512272,15.5,-0.41,1.0,-1.5,101.8,101.8,0.01,0.02,-0.03,16.2,100,AUTO.LOITER,0,0
2026-08-12T03:42:30,1786480950,13.822496,100.512272,15.5,-0.41,1.1,-1.5,101.8,101.8,0.0,0.02,-0.02,16.2,100,AUTO.LOITER,0,0
2026-08-12T03:42:31,1786480951,13.822495,100.512272,15.4,-0.42,1.1,-1.5,101.8,101.8,-0.02,0.03,-0.02,16.2,100,AUTO.LOITER,0,0
2026-08-12T03:42:32,1786480952,13.822496,100.512272,15.3,-0.42,1.1,-1.5,101.8,101.8,-0.02,0.03,-0.02,16.2,100,AUTO.LOITER,0,0
2026-08-12T03:42:33,1786480953,13.822496,100.512272,15.4,-0.42,1.1,-1.4,101.7,101.7,-0.02,0.03,-0.02,16.2,100,AUTO.LOITER,0,0
2026-08-12T03:42:34,1786480954,13.822496,100.512272,15.4,-0.42,1.1,-1.4,101.7,101.7,-0.01,0.0,-0.02,16.2,100,AUTO.LOITER,0,0
2026-08-12T03:42:35,1786480955,13.822496,100.512272,15.4,-0.42,1.1,-1.4,101.7,101.7,-0.01,0.0,-0.02,16.2,100,AUTO.LOITER,0,0
2026-08-12T03:42:36,1786480956,13.822496,100.512272,15.5,-0.41,1.1,-1.4,101.7,101.7,0.0,0.0,-0.02,16.2,100,AUTO.LOITER,0,0
2026-08-12T03:42:37,1786480957,13.822495,100.512272,15.5,-0.41,1.1,-1.4,101.7,101.7,0.0,0.0,-0.03,16.2,100,AUTO.LOITER,0,0
2026-08-12T03:42:38,1786480958,13.822495,100.512272,15.5,-0.41,1.1,-1.4,101.7,101.7,-0.02,0.01,-0.03,16.2,100,AUTO.LOITER,0,0
2026-08-12T03:42:39,1786480959,13.822495,100.512272,15.5,-0.41,1.1,-1.4,101.7,101.7,-0.02,0.01,-0.03,16.2,100,AUTO.LOITER,0,0
2026-08-12T03:42:40,1786480960,13.822495,100.512272,15.5,-0.4,1.1,-1.4,101.7,101.7,-0.03,0.0,-0.03,16.2,100,AUTO.LOITER,0,0
2026-08-12T03:42:41,1786480961,13.822496,100.512272,15.4,-0.4,1.1,-1.3,101.7,101.7,-0.03,0.0,-0.03,16.2,100,AUTO.LOITER,0,0
2026-08-12T03:42:42,1786480962,13.822496,100.512272,15.4,-0.4,1.0,-1.3,101.7,101.7,-0.03,0.0,-0.03,16.2,100,AUTO.LOITER,0,0
2026-08-12T03:42:43,1786480963,13.822495,100.512272,15.4,-0.42,1.0,-1.3,101.7,101.7,-0.01,0.0,-0.02,16.2,100,AUTO.LOITER,0,0
2026-08-12T03:42:44,1786480964,13.822495,100.512272,15.4,-0.42,1.0,-1.3,101.7,101.7,-0.02,-0.02,-0.02,16.2,100,AUTO.LOITER,0,0
2026-08-12T03:42:45,1786480965,13.822495,100.512272,15.5,-0.41,1.0,-1.3,101.7,101.7,-0.01,-0.02,-0.02,16.2,100,AUTO.LOITER,0,0
