iso,unix,lat,lon,alt_msl,rel_alt,roll,pitch,yaw,heading,vx,vy,vz,vbatt,batt_pct,mode,armed,in_air
2026-08-19T18:12:37,1787137957,13.821909,100.51336,-39.7,,-2.2,-3.4,113.7,113.7,,,,20.84,0,POSCTL,0,0
2026-08-19T18:12:38,1787137958,13.821909,100.51336,-39.7,,-2.2,-3.4,113.7,113.7,,,,20.84,0,POSCTL,0,0
2026-08-19T18:12:39,1787137959,13.821909,100.51336,-39.7,,-2.2,-3.4,113.7,113.7,,,,20.84,0,POSCTL,0,0
2026-08-19T18:12:40,1787137960,13.821909,100.51336,-39.7,,-2.2,-3.4,113.7,113.7,,,,20.84,0,POSCTL,0,0
2026-08-19T18:12:41,1787137961,13.821909,100.51336,-39.7,,-2.2,-3.4,113.7,113.7,,,,20.84,0,POSCTL,0,0
2026-08-19T18:12:42,1787137962,13.821909,100.51336,-39.7,,-2.2,-3.4,113.7,113.7,,,,20.84,0,POSCTL,0,0
2026-08-19T18:12:43,1787137963,13.821909,100.51336,-39.7,,-2.2,-3.4,113.7,113.7,,,,20.84,0,POSCTL,0,0
2026-08-19T18:12:44,1787137964,13.821909,100.51336,-39.7,,-2.2,-3.4,113.7,113.7,,,,20.84,0,POSCTL,0,0
2026-08-19T18:12:45,1787137965,13.821897,100.513442,-29.5,,-2.2,-3.4,113.7,113.7,,,,20.84,0,POSCTL,0,0
2026-08-19T18:12:46,1787137966,13.821897,100.513442,-29.5,,-2.2,-3.4,113.7,113.7,,,,20.84,0,POSCTL,0,0
2026-08-19T18:12:47,1787137967,13.821897,100.513442,-29.5,,-2.2,-3.4,113.7,113.7,,,,20.84,0,POSCTL,0,0
2026-08-19T18:12:48,1787137968,13.821897,100.513442,-29.5,,-2.2,-3.4,113.7,113.7,,,,20.84,0,POSCTL,0,0
2026-08-19T18:12:49,1787137969,13.8219,100.513469,-24.9,,-2.2,-3.4,113.7,113.7,,,,20.84,0,POSCTL,0,0
2026-08-19T18:12:50,1787137970,13.8219,100.513469,-24.9,,-2.2,-3.4,113.7,113.7,,,,20.84,0,POSCTL,0,0
2026-08-19T18:12:51,1787137971,13.8219,100.513469,-24.9,,-2.2,-3.4,113.7,113.7,,,,20.84,0,POSCTL,0,0
2026-08-19T18:12:52,1787137972,13.821915,100.513505,-19.4,,-2.2,-3.4,113.7,113.7,,,,20.84,0,POSCTL,0,0
2026-08-19T18:12:53,1787137973,13.821915,100.513505,-19.4,,-2.2,-3.4,113.7,113.7,,,,20.84,0,POSCTL,0,0
2026-08-19T18:12:54,1787137974,13.821915,100.513505,-19.4,,-2.2,-3.4,113.7,113.7,,,,20.84,0,POSCTL,0,0
2026-08-19T18:12:55,1787137975,13.821915,100.513505,-19.4,,-2.2,-3.4,113.7,113.7,,,,20.84,0,POSCTL,0,0
2026-08-19T18:12:56,1787137976,13.821915,100.513505,-19.4,,-2.2,-3.4,113.7,113.7,,,,20.84,0,POSCTL,0,0
2026-08-19T18:12:57,1787137977,13.821915,100.513505,-19.4,,-2.2,-3.4,113.7,113.7,,,,20.84,0,POSCTL,0,0
2026-08-19T18:12:58,1787137978,13.821915,100.513505,-19.4,,-2.2,-3.4,113.7,113.7,,,,20.84,0,POSCTL,0,0
2026-08-19T18:12:59,1787137979,13.821915,100.513505,-19.4,,-2.2,-3.4,113.7,113.7,,,,20.84,0,POSCTL,0,0
2026-08-19T18:13:00,1787137980,13.821939,100.513529,-12.5,,-2.2,-3.4,113.7,113.7,,,,20.84,0,POSCTL,0,0
2026-08-19T18:13:01,1787137981,13.821939,100.513529,-12.5,,-2.2,-3.4,113.7,113.7,,,,20.84,0,POSCTL,0,0
2026-08-19T18:13:02,1787137982,13.821939,100.513529,-12.5,,-2.2,-3.4,113.7,113.7,,,,20.84,0,POSCTL,0,0
2026-08-19T18:13:03,1787137983,13.821939,100.513529,-12.5,,-2.2,-3.4,113.7,113.7,,,,20.84,0,POSCTL,0,0
2026-08-19T18:13:04,1787137984,13.821939,100.513529,-12.5,,-2.2,-3.4,113.7,113.7,,,,20.84,0,POSCTL,0,0
2026-08-19T18:13:05,1787137985,13.821939,100.513529,-12.5,,-2.2,-3.4,113.7,113.7,,,,20.84,0,POSCTL,0,0
2026-08-19T18:13:06,1787137986,13.821939,100.513529,-12.5,,-2.2,-3.4,113.7,113.7,,,,20.84,0,POSCTL,0,0
2026-08-19T18:13:08,1787137988,13.821939,100.513529,-12.5,,-2.2,-3.4,113.7,113.7,,,,20.84,0,POSCTL,0,0
2026-08-19T18:13:09,1787137989,13.821939,100.513529,-12.5,,-2.2,-3.4,113.7,113.7,,,,20.84,0,POSCTL,0,0
2026-08-19T18:13:10,1787137990,13.821939,100.513529,-12.5,,-2.2,-3.4,113.7,113.7,,,,20.84,0,POSCTL,0,0
2026-08-19T18:13:11,1787137991,13.821966,100.513522,-12.5,,-2.2,-3.4,113.7,113.7,,,,20.84,0,POSCTL,0,0
2026-08-19T18:13:12,1787137992,13.821966,100.513522,-12.5,,-2.2,-3.4,113.7,113.7,,,,20.84,0,POSCTL,0,0
2026-08-19T18:13:13,1787137993,13.821966,100.513522,-12.5,,-2.2,-3.4,113.7,113.7,,,,20.84,0,POSCTL,0,0
2026-08-19T18:13:14,1787137994,13.821966,100.513522,-12.5,,-2.2,-3.4,113.7,113.7,,,,20.84,0,POSCTL,0,0
2026-08-19T18:13:15,1787137995,13.821966,100.513522,-12.5,,-2.2,-3.4,113.7,113.7,,,,20.84,0,POSCTL,0,0
2026-08-19T18:13:16,1787137996,13.821966,100.513522,-12.5,,-2.2,-3.4,113.7,113.7,,,,20.84,0,POSCTL,0,0
2026-08-19T18:13:17,1787137997,13.821966,100.513522,-12.5,,-2.2,-3.4,113.7,113.7,,,,20.84,0,POSCTL,0,0
2026-08-19T18:13:18,1787137998,13.821966,100.513522,-12.5,,-2.2,-3.4,113.7,113.7,,,,20.84,0,POSCTL,0,0
2026-08-19T18:13:19,1787137999,13.821966,100.513522,-11.6,,-2.2,-3.4,113.7,113.7,,,,20.84,0,POSCTL,0,0
2026-08-19T18:13:20,1787138000,13.821966,100.513522,-11.6,,-2.2,-3.4,113.7,113.7,,,,20.84,0,POSCTL,0,0
2026-08-19T18:13:21,1787138001,13.821966,100.513522,-11.6,,-2.2,-3.4,113.7,113.7,,,,20.84,0,POSCTL,0,0
2026-08-19T18:13:22,1787138002,13.821988,100.513594,-4.7,,-2.2,-3.4,113.7,113.7,,,,20.84,0,POSCTL,0,0
2026-08-19T18:13:23,1787138003,13.821988,100.513594,-4.7,,-2.2,-3.4,113.7,113.7,,,,20.84,0,POSCTL,0,0
2026-08-19T18:13:24,1787138004,13.821988,100.513594,-4.7,,-2.2,-3.4,113.7,113.7,,,,20.84,0,POSCTL,0,0
2026-08-19T18:13:25,1787138005,13.821988,100.513594,-4.7,,-2.2,-3.4,113.7,113.7,,,,20.84,0,POSCTL,0,0
2026-08-19T18:13:26,1787138006,13.821988,100.513594,-4.7,,-2.2,-3.4,113.7,113.7,,,,20.84,0,POSCTL,0,0
2026-08-19T18:13:27,1787138007,13.821988,100.513594,-4.7,,-2.2,-3.4,113.7,113.7,,,,20.84,0,POSCTL,0,0
2026-08-19T18:13:28,1787138008,13.821988,100.513594,-4.7,,-2.2,-3.4,113.7,113.7,,,,20.84,0,POSCTL,0,0
2026-08-19T18:13:29,1787138009,13.821988,100.513594,-4.7,,-2.2,-3.4,113.7,113.7,,,,20.84,0,POSCTL,0,0
2026-08-19T18:13:30,1787138010,13.822002,100.513704,9.7,,-2.2,-3.4,113.7,113.7,,,,20.84,0,POSCTL,0,0
2026-08-19T18:13:31,1787138011,13.822002,100.513704,9.7,,-2.2,-3.4,113.7,113.7,,,,20.84,0,POSCTL,0,0
2026-08-19T18:13:32,1787138012,13.822002,100.513704,9.7,,-2.2,-3.4,113.7,113.7,,,,20.84,0,POSCTL,0,0
2026-08-19T18:13:33,1787138013,13.822002,100.513704,9.7,,-2.2,-3.4,113.7,113.7,,,,20.84,0,POSCTL,0,0
2026-08-19T18:13:34,1787138014,13.822002,100.513704,9.7,,-2.2,-3.4,113.7,113.7,,,,20.84,0,POSCTL,0,0
2026-08-19T18:13:35,1787138015,13.822002,100.513704,9.7,,-2.2,-3.4,113.7,113.7,,,,20.84,0,POSCTL,0,0
2026-08-19T18:13:36,1787138016,13.822002,100.513704,9.7,,-2.2,-3.4,113.7,113.7,,,,20.84,0,POSCTL,0,0
2026-08-19T18:13:37,1787138017,13.822002,100.513704,9.7,,-2.2,-3.4,113.7,113.7,,,,20.84,0,POSCTL,0,0
2026-08-19T18:13:38,1787138018,13.822002,100.513704,9.7,,-2.2,-3.4,113.7,113.7,,,,20.84,0,POSCTL,0,0
2026-08-19T18:13:39,1787138019,13.822006,100.513801,24.9,,-2.2,-3.4,113.7,113.7,,,,20.84,0,POSCTL,0,0
2026-08-19T18:13:40,1787138020,13.822006,100.513801,24.9,,-2.2,-3.4,113.7,113.7,,,,20.84,0,POSCTL,0,0
2026-08-19T18:13:41,1787138021,13.822006,100.513801,24.9,,-2.2,-3.4,113.7,113.7,,,,20.84,0,POSCTL,0,0
2026-08-19T18:13:42,1787138022,13.822006,100.513801,24.9,,-2.2,-3.4,113.7,113.7,,,,20.84,0,POSCTL,0,0
2026-08-19T18:13:43,1787138023,13.822006,100.513801,24.9,,-2.2,-3.4,113.7,113.7,,,,20.84,0,POSCTL,0,0
2026-08-19T18:13:44,1787138024,13.822006,100.513801,24.9,,-2.2,-3.4,113.7,113.7,,,,20.84,0,POSCTL,0,0
2026-08-19T18:13:45,1787138025,13.822006,100.513801,24.9,,-2.2,-3.4,113.7,113.7,,,,20.84,0,POSCTL,0,0
2026-08-19T18:13:46,1787138026,13.822006,100.513801,24.9,,-2.2,-3.4,113.7,113.7,,,,20.84,0,POSCTL,0,0
2026-08-19T18:13:47,1787138027,13.822033,100.513902,39.0,,-2.2,-3.4,113.7,113.7,,,,20.84,0,POSCTL,0,0
2026-08-19T18:13:48,1787138028,13.822033,100.513902,39.0,,-2.2,-3.4,113.7,113.7,,,,20.84,0,POSCTL,0,0
2026-08-19T18:13:49,1787138029,13.822033,100.513902,39.0,,-2.2,-3.4,113.7,113.7,,,,20.84,0,POSCTL,0,0
2026-08-19T18:13:50,1787138030,13.822033,100.513902,39.0,,-2.2,-3.4,113.7,113.7,,,,20.84,0,POSCTL,0,0
2026-08-19T18:13:51,1787138031,13.822033,100.513902,39.0,,-2.2,-3.4,113.7,113.7,,,,20.84,0,POSCTL,0,0
2026-08-19T18:13:54,1787138034,13.822033,100.513902,39.0,,-2.2,-3.4,113.7,113.7,,,,20.84,0,POSCTL,0,0
2026-08-19T18:13:55,1787138035,13.822033,100.513902,39.0,,-2.2,-3.4,113.7,113.7,,,,20.84,0,POSCTL,0,0
2026-08-19T18:13:56,1787138036,13.822033,100.513902,39.0,,-2.2,-3.4,113.7,113.7,,,,20.84,0,POSCTL,0,0
2026-08-19T18:13:57,1787138037,13.822033,100.513902,39.0,,-2.2,-3.4,113.7,113.7,,,,20.84,0,POSCTL,0,0
2026-08-19T18:13:58,1787138038,13.822057,100.513989,54.0,,-2.2,-3.4,113.7,113.7,,,,20.84,0,POSCTL,0,0
2026-08-19T18:13:59,1787138039,13.822057,100.513989,54.0,,-2.2,-3.4,113.7,113.7,,,,20.84,0,POSCTL,0,0
2026-08-19T18:14:00,1787138040,13.822057,100.513989,54.0,,-2.2,-3.4,113.7,113.7,,,,20.84,0,POSCTL,0,0
2026-08-19T18:14:01,1787138041,13.822057,100.513989,54.0,,-2.2,-3.4,113.7,113.7,,,,20.84,0,POSCTL,0,0
2026-08-19T18:14:02,1787138042,13.822057,100.513989,54.0,,-2.2,-3.4,113.7,113.7,,,,20.84,0,POSCTL,0,0
2026-08-19T18:14:03,1787138043,13.822057,100.513989,54.0,,-2.2,-3.4,113.7,113.7,,,,20.84,0,POSCTL,0,0
2026-08-19T18:14:04,1787138044,13.822057,100.513989,54.0,,-2.2,-3.4,113.7,113.7,,,,20.84,0,POSCTL,0,0
2026-08-19T18:14:07,1787138047,13.822057,100.513989,54.0,,-2.2,-3.4,113.7,113.7,,,,20.84,0,POSCTL,0,0
2026-08-19T18:14:08,1787138048,13.822057,100.513989,54.0,,-2.2,-3.4,113.7,113.7,,,,20.84,0,POSCTL,0,0
2026-08-19T18:14:09,1787138049,13.822057,100.513989,54.0,,-2.2,-3.4,113.7,113.7,,,,20.83,0,POSCTL,0,0
2026-08-19T18:14:10,1787138050,13.822202,100.514003,59.9,,-2.2,-3.4,113.7,113.7,,,,20.83,0,POSCTL,0,0
2026-08-19T18:14:11,1787138051,13.822202,100.514003,59.9,,-2.2,-3.4,113.7,113.7,,,,20.83,0,POSCTL,0,0
2026-08-19T18:14:12,1787138052,13.822202,100.514003,59.9,,-2.2,-3.4,113.7,113.7,,,,20.83,0,POSCTL,0,0
2026-08-19T18:14:13,1787138053,13.822202,100.514003,59.9,,-2.2,-3.4,113.7,113.7,,,,20.83,0,POSCTL,0,0
2026-08-19T18:14:14,1787138054,13.822202,100.514003,59.9,,-2.2,-3.4,113.7,113.7,,,,20.83,0,POSCTL,0,0
2026-08-19T18:14:15,1787138055,13.822202,100.514003,59.9,,-2.2,-3.4,113.7,113.7,,,,20.83,0,POSCTL,0,0
2026-08-19T18:14:16,1787138056,13.822202,100.514003,59.9,,-2.2,-3.4,113.7,113.7,,,,20.83,0,POSCTL,0,0
2026-08-19T18:14:17,1787138057,13.822202,100.514003,59.9,,-2.2,-3.4,113.7,113.7,,,,20.83,0,POSCTL,0,0
2026-08-19T18:14:18,1787138058,13.822159,100.513857,43.5,,-2.2,-3.4,113.7,113.7,,,,20.83,0,POSCTL,0,0
2026-08-19T18:14:19,1787138059,13.822159,100.513857,43.5,,-2.2,-3.4,113.7,113.7,,,,20.83,0,POSCTL,0,0
2026-08-19T18:14:20,1787138060,13.822159,100.513857,43.5,,-2.2,-3.4,113.7,113.7,,,,20.83,0,POSCTL,0,0
2026-08-19T18:14:21,1787138061,13.822159,100.513857,43.5,,-2.2,-3.4,113.7,113.7,,,,20.83,0,POSCTL,0,0
2026-08-19T18:14:22,1787138062,13.822139,100.513791,40.6,,-2.2,-3.4,113.7,113.7,,,,20.83,0,POSCTL,0,0
2026-08-19T18:14:23,1787138063,13.822139,100.513791,40.6,,-2.2,-3.4,113.7,113.7,,,,20.83,0,POSCTL,0,0
2026-08-19T18:14:24,1787138064,13.822139,100.513791,40.6,,-2.2,-3.4,113.7,113.7,,,,20.83,0,POSCTL,0,0
2026-08-19T18:14:25,1787138065,13.822139,100.513791,40.6,,-2.2,-3.4,113.7,113.7,,,,20.83,0,POSCTL,0,0
2026-08-19T18:14:26,1787138066,13.822139,100.513791,40.6,,-2.2,-3.4,113.7,113.7,,,,20.83,0,POSCTL,0,0
2026-08-19T18:14:27,1787138067,13.822139,100.513791,40.6,,-2.2,-3.4,113.7,113.7,,,,20.83,0,POSCTL,0,0
2026-08-19T18:14:28,1787138068,13.822139,100.513791,40.6,,-2.2,-3.4,113.7,113.7,,,,20.83,0,POSCTL,0,0
2026-08-19T18:14:29,1787138069,13.822139,100.513791,40.6,,-2.2,-3.4,113.7,113.7,,,,20.83,0,POSCTL,0,0
2026-08-19T18:14:30,1787138070,13.822114,100.513745,34.2,,-2.2,-3.4,113.7,113.7,,,,20.83,0,POSCTL,0,0
2026-08-19T18:14:31,1787138071,13.822114,100.513745,34.2,,-2.2,-3.4,113.6,113.6,,,,20.83,0,POSCTL,0,0
2026-08-19T18:14:32,1787138072,13.822114,100.513745,34.2,,-2.2,-3.4,113.6,113.6,,,,20.83,0,POSCTL,0,0
2026-08-19T18:14:33,1787138073,13.822114,100.513745,34.2,,-2.2,-3.4,113.6,113.6,,,,20.83,0,POSCTL,0,0
2026-08-19T18:14:34,1787138074,13.822114,100.513745,34.2,,-2.2,-3.4,113.6,113.6,,,,20.83,0,POSCTL,0,0
2026-08-19T18:14:35,1787138075,13.822114,100.513745,34.2,,-2.2,-3.4,113.6,113.6,,,,20.83,0,POSCTL,0,0
2026-08-19T18:14:36,1787138076,13.822114,100.513745,34.2,,-2.2,-3.4,113.6,113.6,,,,20.83,0,POSCTL,0,0
2026-08-19T18:14:37,1787138077,13.822114,100.513745,34.2,,-2.2,-3.4,113.6,113.6,,,,20.83,0,POSCTL,0,0
2026-08-19T18:14:38,1787138078,13.822094,100.513853,47.2,,-2.2,-3.4,113.6,113.6,,,,20.83,0,POSCTL,0,0
2026-08-19T18:14:39,1787138079,13.822094,100.513853,47.2,,-2.2,-3.4,113.7,113.7,,,,20.83,0,POSCTL,0,0
2026-08-19T18:14:40,1787138080,13.822094,100.513853,47.2,,-2.2,-3.4,113.7,113.7,,,,20.83,0,POSCTL,0,0
2026-08-19T18:14:41,1787138081,13.822094,100.513853,47.2,,-2.2,-3.4,113.7,113.7,,,,20.83,0,POSCTL,0,0
2026-08-19T18:14:42,1787138082,13.822075,100.513969,63.1,,-2.2,-3.4,113.7,113.7,,,,20.83,0,POSCTL,0,0
2026-08-19T18:14:43,1787138083,13.822075,100.513969,63.1,,-2.2,-3.4,113.7,113.7,,,,20.83,0,POSCTL,0,0
2026-08-19T18:14:44,1787138084,13.822075,100.513969,63.1,,-2.2,-3.4,113.7,113.7,,,,20.83,0,POSCTL,0,0
2026-08-19T18:14:45,1787138085,13.822075,100.513969,63.1,,-2.2,-3.4,113.7,113.7,,,,20.83,0,POSCTL,0,0
2026-08-19T18:14:46,1787138086,13.822055,100.513987,63.5,,-2.2,-3.4,113.7,113.7,,,,20.83,0,POSCTL,0,0
2026-08-19T18:14:47,1787138087,13.822055,100.513987,63.5,,-2.2,-3.4,113.7,113.7,,,,20.83,0,POSCTL,0,0
2026-08-19T18:14:48,1787138088,13.822055,100.513987,63.5,,-2.2,-3.4,113.7,113.7,,,,20.83,0,POSCTL,0,0
2026-08-19T18:14:49,1787138089,13.822055,100.513987,63.5,,-2.2,-3.4,113.7,113.7,,,,20.83,0,POSCTL,0,0
2026-08-19T18:14:50,1787138090,13.822025,100.513905,48.1,,-2.2,-3.4,113.7,113.7,,,,20.83,0,POSCTL,0,0
2026-08-19T18:14:51,1787138091,13.822025,100.513905,48.1,,-2.2,-3.4,113.7,113.7,,,,20.83,0,POSCTL,0,0
2026-08-19T18:14:52,1787138092,13.822025,100.513905,48.1,,-2.2,-3.4,113.7,113.7,,,,20.83,0,POSCTL,0,0
2026-08-19T18:14:53,1787138093,13.822025,100.513905,48.1,,-2.2,-3.4,113.7,113.7,,,,20.83,0,POSCTL,0,0
2026-08-19T18:14:54,1787138094,13.822025,100.513905,48.1,,-2.2,-3.4,113.7,113.7,,,,20.83,0,POSCTL,0,0
2026-08-19T18:14:55,1787138095,13.822025,100.513905,48.1,,-2.2,-3.4,113.7,113.7,,,,20.83,0,POSCTL,0,0
2026-08-19T18:14:56,1787138096,13.822025,100.513905,48.1,,-2.2,-3.4,113.7,113.7,,,,20.83,0,POSCTL,0,0
2026-08-19T18:14:57,1787138097,13.822025,100.513905,48.1,,-2.2,-3.4,113.7,113.7,,,,20.83,0,POSCTL,0,0
2026-08-19T18:14:58,1787138098,13.822005,100.513694,7.5,,-2.2,-3.4,113.7,113.7,,,,20.83,0,POSCTL,0,0
2026-08-19T18:14:59,1787138099,13.822005,100.513694,7.5,,-2.2,-3.4,113.7,113.7,,,,20.83,0,POSCTL,0,0
2026-08-19T18:15:00,1787138100,13.822005,100.513694,7.5,,-2.2,-3.4,113.7,113.7,,,,20.83,0,POSCTL,0,0
2026-08-19T18:15:01,1787138101,13.822005,100.513694,7.5,,-2.2,-3.4,113.7,113.7,,,,20.83,0,POSCTL,0,0
2026-08-19T18:15:02,1787138102,13.822005,100.513694,7.5,,-2.2,-3.4,113.7,113.7,,,,20.83,0,POSCTL,0,0
2026-08-19T18:15:03,1787138103,13.822005,100.513694,7.5,,-2.2,-3.4,113.7,113.7,,,,20.83,0,POSCTL,0,0
2026-08-19T18:15:04,1787138104,13.822005,100.513694,7.5,,-2.2,-3.4,113.7,113.7,,,,20.83,0,POSCTL,0,0
2026-08-19T18:15:05,1787138105,13.821984,100.51359,-4.6,,-2.2,-3.4,113.7,113.7,,,,20.83,0,POSCTL,0,0
2026-08-19T18:15:06,1787138106,13.821984,100.51359,-4.6,,-2.2,-3.4,113.7,113.7,,,,20.83,0,POSCTL,0,0
2026-08-19T18:15:07,1787138107,13.821984,100.51359,-4.6,,-2.2,-3.4,113.7,113.7,,,,20.83,0,POSCTL,0,0
2026-08-19T18:15:08,1787138108,13.821984,100.51359,-4.6,,-2.2,-3.4,113.7,113.7,,,,20.83,0,POSCTL,0,0
2026-08-19T18:15:09,1787138109,13.821984,100.51359,-4.6,,-2.2,-3.4,113.7,113.7,,,,20.83,0,POSCTL,0,0
2026-08-19T18:15:10,1787138110,13.821984,100.51359,-4.6,,-2.2,-3.4,113.7,113.7,,,,20.83,0,POSCTL,0,0
2026-08-19T18:15:12,1787138112,13.821984,100.51359,-4.6,,-2.2,-3.4,113.7,113.7,,,,20.83,0,POSCTL,0,0
2026-08-19T18:15:13,1787138113,13.821984,100.51359,-4.6,,-2.2,-3.4,113.7,113.7,,,,20.83,0,POSCTL,0,0
2026-08-19T18:15:14,1787138114,13.822014,100.513564,-1.6,,-2.2,-3.4,113.7,113.7,,,,20.83,0,POSCTL,0,0
2026-08-19T18:15:15,1787138115,13.822014,100.513564,-1.6,,-2.2,-3.4,113.7,113.7,,,,20.83,0,POSCTL,0,0
2026-08-19T18:15:16,1787138116,13.822014,100.513564,-1.6,,-2.2,-3.4,113.7,113.7,,,,20.83,0,POSCTL,0,0
2026-08-19T18:15:17,1787138117,13.822019,100.513553,-3.5,,-2.2,-3.4,113.7,113.7,,,,20.83,0,POSCTL,0,0
2026-08-19T18:15:18,1787138118,13.822019,100.513553,-3.5,,-2.2,-3.4,113.7,113.7,,,,20.83,0,POSCTL,0,0
2026-08-19T18:15:19,1787138119,13.822019,100.513553,-3.5,,-2.2,-3.4,113.7,113.7,,,,20.83,0,POSCTL,0,0
2026-08-19T18:15:20,1787138120,13.822019,100.513553,-3.5,,-2.2,-3.4,113.7,113.7,,,,20.83,0,POSCTL,0,0
2026-08-19T18:15:21,1787138121,13.822019,100.513553,-3.5,,-2.2,-3.4,113.7,113.7,,,,20.83,0,POSCTL,0,0
2026-08-19T18:15:22,1787138122,13.822022,100.513608,4.8,,-2.2,-3.4,113.7,113.7,,,,20.83,0,POSCTL,0,0
2026-08-19T18:15:23,1787138123,13.822022,100.513608,4.8,,-2.2,-3.4,113.7,113.7,,,,20.83,0,POSCTL,0,0
2026-08-19T18:15:24,1787138124,13.822022,100.513608,4.8,,-2.2,-3.4,113.7,113.7,,,,20.83,0,POSCTL,0,0
2026-08-19T18:15:25,1787138125,13.822013,100.513672,11.5,,-2.2,-3.4,113.7,113.7,,,,20.83,0,POSCTL,0,0
2026-08-19T18:15:26,1787138126,13.822013,100.513672,11.5,,-2.2,-3.4,113.7,113.7,,,,20.83,0,POSCTL,0,0
2026-08-19T18:15:27,1787138127,13.822013,100.513672,11.5,,-2.2,-3.4,113.7,113.7,,,,20.83,0,POSCTL,0,0
2026-08-19T18:15:28,1787138128,13.822013,100.513672,11.5,,-2.2,-3.4,113.7,113.7,,,,20.83,0,POSCTL,0,0
2026-08-19T18:15:29,1787138129,13.821992,100.513666,10.3,,-2.2,-3.4,113.7,113.7,,,,20.83,0,POSCTL,0,0
2026-08-19T18:15:30,1787138130,13.821992,100.513666,10.3,,-2.2,-3.4,113.7,113.7,,,,20.83,0,POSCTL,0,0
2026-08-19T18:15:31,1787138131,13.821992,100.513666,10.3,,-2.2,-3.4,113.7,113.7,,,,20.83,0,POSCTL,0,0
2026-08-19T18:15:32,1787138132,13.821992,100.513666,10.3,,-2.2,-3.4,113.7,113.7,,,,20.83,0,POSCTL,0,0
2026-08-19T18:15:33,1787138133,13.821994,100.513669,9.7,,-2.2,-3.4,113.6,113.6,,,,20.83,0,POSCTL,0,0
2026-08-19T18:15:34,1787138134,13.821994,100.513669,9.7,,-2.2,-3.4,113.6,113.6,,,,20.83,0,POSCTL,0,0
2026-08-19T18:15:35,1787138135,13.821994,100.513669,9.7,,-2.2,-3.4,113.6,113.6,,,,20.83,0,POSCTL,0,0
2026-08-19T18:15:36,1787138136,13.821994,100.513669,9.7,,-2.2,-3.4,113.6,113.6,,,,20.83,0,POSCTL,0,0
2026-08-19T18:15:37,1787138137,13.821994,100.513669,9.7,,-2.2,-3.4,113.6,113.6,,,,20.83,0,POSCTL,0,0
2026-08-19T18:15:38,1787138138,13.821994,100.513669,9.7,,-2.2,-3.4,113.6,113.6,,,,20.83,0,POSCTL,0,0
2026-08-19T18:15:39,1787138139,13.821994,100.513669,9.7,,-2.2,-3.4,113.6,113.6,,,,20.83,0,POSCTL,0,0
2026-08-19T18:15:40,1787138140,13.821994,100.513669,9.7,,-2.2,-3.4,113.6,113.6,,,,20.83,0,POSCTL,0,0
2026-08-19T18:15:41,1787138141,13.821994,100.513669,9.7,,-2.2,-3.4,113.6,113.6,,,,20.83,0,POSCTL,0,0
2026-08-19T18:15:42,1787138142,13.821994,100.513669,9.7,,-2.2,-3.4,113.6,113.6,,,,20.83,0,POSCTL,0,0
2026-08-19T18:15:43,1787138143,13.821994,100.513669,9.7,,-2.2,-3.4,113.6,113.6,,,,20.83,0,POSCTL,0,0
2026-08-19T18:15:44,1787138144,13.821994,100.513669,9.7,,-2.2,-3.4,113.6,113.6,,,,20.83,0,POSCTL,0,0
2026-08-19T18:15:45,1787138145,13.821977,100.513692,18.5,,-2.2,-3.4,113.6,113.6,,,,20.83,0,POSCTL,0,0
2026-08-19T18:15:46,1787138146,13.821977,100.513692,18.5,,-2.2,-3.4,113.7,113.7,,,,20.83,0,POSCTL,0,0
2026-08-19T18:15:47,1787138147,13.821977,100.513692,18.5,,-2.2,-3.4,113.7,113.7,,,,20.83,0,POSCTL,0,0
2026-08-19T18:15:48,1787138148,13.821977,100.513692,18.5,,-2.2,-3.4,113.7,113.7,,,,20.83,0,POSCTL,0,0
2026-08-19T18:15:49,1787138149,13.821969,100.513683,17.6,,-2.2,-3.4,113.7,113.7,,,,20.83,0,POSCTL,0,0
2026-08-19T18:15:50,1787138150,13.821969,100.513683,17.6,,-2.2,-3.4,113.7,113.7,,,,20.83,0,POSCTL,0,0
2026-08-19T18:15:51,1787138151,13.821969,100.513683,17.6,,-2.2,-3.4,113.7,113.7,,,,20.83,0,POSCTL,0,0
2026-08-19T18:15:52,1787138152,13.821969,100.513683,17.6,,-2.2,-3.4,113.7,113.7,,,,20.83,0,POSCTL,0,0
2026-08-19T18:15:53,1787138153,13.821969,100.513683,17.6,,-2.2,-3.4,113.7,113.7,,,,20.83,0,POSCTL,0,0
2026-08-19T18:15:54,1787138154,13.821969,100.513683,17.6,,-2.2,-3.4,113.7,113.7,,,,20.83,0,POSCTL,0,0
2026-08-19T18:15:55,1787138155,13.821969,100.513683,17.6,,-2.2,-3.4,113.7,113.7,,,,20.83,0,POSCTL,0,0
2026-08-19T18:15:56,1787138156,13.821962,100.51365,14.2,,-2.2,-3.4,113.7,113.7,,,,20.83,0,POSCTL,0,0
2026-08-19T18:15:57,1787138157,13.821962,100.51365,14.2,,-2.2,-3.4,113.7,113.7,,,,20.83,0,POSCTL,0,0
2026-08-19T18:15:58,1787138158,13.821962,100.51365,14.2,,-2.2,-3.4,113.7,113.7,,,,20.83,0,POSCTL,0,0
2026-08-19T18:15:59,1787138159,13.821962,100.51365,14.2,,-2.2,-3.4,113.7,113.7,,,,20.83,0,POSCTL,0,0
2026-08-19T18:16:00,1787138160,13.821962,100.51365,14.2,,-2.2,-3.4,113.7,113.7,,,,20.83,0,POSCTL,0,0
2026-08-19T18:16:01,1787138161,13.821962,100.51365,14.2,,-2.2,-3.4,113.7,113.7,,,,20.83,0,POSCTL,0,0
2026-08-19T18:16:02,1787138162,13.821962,100.51365,14.2,,-2.2,-3.4,113.7,113.7,,,,20.83,0,POSCTL,0,0
2026-08-19T18:16:03,1787138163,13.821962,100.51365,14.2,,-2.2,-3.4,113.7,113.7,,,,20.83,0,POSCTL,0,0
2026-08-19T18:16:04,1787138164,13.821959,100.513636,13.7,,-2.2,-3.4,113.7,113.7,,,,20.83,0,POSCTL,0,0
2026-08-19T18:16:05,1787138165,13.821959,100.513636,13.7,,-2.2,-3.4,113.7,113.7,,,,20.83,0,POSCTL,0,0
2026-08-19T18:16:06,1787138166,13.821959,100.513636,13.7,,-2.2,-3.4,113.7,113.7,,,,20.83,0,POSCTL,0,0
2026-08-19T18:16:07,1787138167,13.821959,100.513636,13.7,,-2.2,-3.4,113.7,113.7,,,,20.83,0,POSCTL,0,0
2026-08-19T18:16:08,1787138168,13.821958,100.513599,8.9,,-2.2,-3.4,113.7,113.7,,,,20.83,0,POSCTL,0,0
2026-08-19T18:16:09,1787138169,13.821958,100.513599,8.9,,-2.2,-3.4,113.7,113.7,,,,20.83,0,POSCTL,0,0
2026-08-19T18:16:10,1787138170,13.821958,100.513599,8.9,,-2.2,-3.4,113.7,113.7,,,,20.83,0,POSCTL,0,0
2026-08-19T18:16:11,1787138171,13.821958,100.513599,8.9,,-2.2,-3.4,113.7,113.7,,,,20.83,0,POSCTL,0,0
2026-08-19T18:16:12,1787138172,13.821963,100.51363,13.2,,-2.2,-3.4,113.7,113.7,,,,20.83,0,POSCTL,0,0
2026-08-19T18:16:13,1787138173,13.821963,100.51363,13.2,,-2.2,-3.4,113.7,113.7,,,,20.83,0,POSCTL,0,0
2026-08-19T18:16:14,1787138174,13.821963,100.51363,13.2,,-2.2,-3.4,113.7,113.7,,,,20.83,0,POSCTL,0,0
2026-08-19T18:16:15,1787138175,13.821963,100.51363,13.2,,-2.2,-3.4,113.7,113.7,,,,20.83,0,POSCTL,0,0
2026-08-19T18:16:16,1787138176,13.821974,100.513642,17.3,,-2.2,-3.4,113.7,113.7,,,,20.83,0,POSCTL,0,0
2026-08-19T18:16:17,1787138177,13.821974,100.513642,17.3,,-2.2,-3.4,113.7,113.7,,,,20.83,0,POSCTL,0,0
2026-08-19T18:16:18,1787138178,13.821974,100.513642,17.3,,-2.2,-3.4,113.7,113.7,,,,20.83,0,POSCTL,0,0
2026-08-19T18:16:19,1787138179,13.821974,100.513642,17.3,,-2.2,-3.4,113.7,113.7,,,,20.83,0,POSCTL,0,0
2026-08-19T18:16:20,1787138180,13.821974,100.513642,17.3,,-2.2,-3.4,113.7,113.7,,,,20.83,0,POSCTL,0,0
2026-08-19T18:16:21,1787138181,13.821974,100.513642,17.3,,-2.2,-3.4,113.7,113.7,,,,20.83,0,POSCTL,0,0
2026-08-19T18:16:22,1787138182,13.821974,100.513642,17.3,,-2.2,-3.4,113.7,113.7,,,,20.83,0,POSCTL,0,0
2026-08-19T18:16:23,1787138183,13.821974,100.513642,17.3,,-2.2,-3.4,113.7,113.7,,,,20.83,0,POSCTL,0,0
2026-08-19T18:16:24,1787138184,13.821971,100.513609,9.1,,-2.2,-3.4,113.7,113.7,,,,20.83,0,POSCTL,0,0
2026-08-19T18:16:25,1787138185,13.821971,100.513609,9.1,,-2.2,-3.4,113.7,113.7,,,,20.83,0,POSCTL,0,0
2026-08-19T18:16:26,1787138186,13.821971,100.513609,9.1,,-2.2,-3.4,113.7,113.7,,,,20.83,0,POSCTL,0,0
2026-08-19T18:16:27,1787138187,13.821971,100.513609,9.1,,-2.2,-3.4,113.7,113.7,,,,20.83,0,POSCTL,0,0
2026-08-19T18:16:28,1787138188,13.821971,100.513609,9.1,,-2.2,-3.4,113.7,113.7,,,,20.83,0,POSCTL,0,0
2026-08-19T18:16:29,1787138189,13.821971,100.513609,9.1,,-2.2,-3.4,113.7,113.7,,,,20.83,0,POSCTL,0,0
2026-08-19T18:16:30,1787138190,13.821971,100.513609,9.1,,-2.2,-3.4,113.7,113.7,,,,20.83,0,POSCTL,0,0
2026-08-19T18:16:31,1787138191,13.821971,100.513609,9.1,,-2.2,-3.4,113.7,113.7,,,,20.83,0,POSCTL,0,0
2026-08-19T18:16:32,1787138192,13.82195,100.513566,-5.7,,-2.2,-3.4,113.7,113.7,,,,20.83,0,POSCTL,0,0
2026-08-19T18:16:33,1787138193,13.82195,100.513566,-5.7,,-2.2,-3.4,113.7,113.7,,,,20.83,0,POSCTL,0,0
2026-08-19T18:16:34,1787138194,13.82195,100.513566,-5.7,,-2.2,-3.4,113.7,113.7,,,,20.83,0,POSCTL,0,0
2026-08-19T18:16:35,1787138195,13.821949,100.513571,-7.6,,-2.2,-3.4,113.7,113.7,,,,20.83,0,POSCTL,0,0
2026-08-19T18:16:36,1787138196,13.821949,100.513571,-7.6,,-2.2,-3.4,113.7,113.7,,,,20.83,0,POSCTL,0,0
2026-08-19T18:16:37,1787138197,13.821949,100.513571,-7.6,,-2.2,-3.4,113.7,113.7,,,,20.83,0,POSCTL,0,0
2026-08-19T18:16:38,1787138198,13.821949,100.513571,-7.6,,-2.2,-3.4,113.7,113.7,,,,20.83,0,POSCTL,0,0
2026-08-19T18:16:39,1787138199,13.821949,100.513571,-7.6,,-2.2,-3.4,113.7,113.7,,,,20.83,0,POSCTL,0,0
2026-08-19T18:16:40,1787138200,13.821936,100.513564,-12.7,,-2.2,-3.4,113.7,113.7,,,,20.83,0,POSCTL,0,0
2026-08-19T18:16:41,1787138201,13.821936,100.513564,-12.7,,-2.2,-3.4,113.7,113.7,,,,20.83,0,POSCTL,0,0
2026-08-19T18:16:42,1787138202,13.821936,100.513564,-12.7,,-2.2,-3.4,113.7,113.7,,,,20.83,0,POSCTL,0,0
2026-08-19T18:16:43,1787138203,13.821936,100.513564,-12.7,,-2.2,-3.4,113.7,113.7,,,,20.83,0,POSCTL,0,0
2026-08-19T18:16:44,1787138204,13.821942,100.513593,-7.4,,-2.2,-3.4,113.7,113.7,,,,20.83,0,POSCTL,0,0
2026-08-19T18:16:45,1787138205,13.821942,100.513593,-7.4,,-2.2,-3.4,113.7,113.7,,,,20.83,0,POSCTL,0,0
2026-08-19T18:16:46,1787138206,13.821942,100.513593,-7.4,,-2.2,-3.4,113.7,113.7,,,,20.83,0,POSCTL,0,0
2026-08-19T18:16:47,1787138207,13.821942,100.513593,-7.4,,-2.2,-3.4,113.7,113.7,,,,20.83,0,POSCTL,0,0
2026-08-19T18:16:48,1787138208,13.821942,100.513593,-7.4,,-2.2,-3.4,113.7,113.7,,,,20.83,0,POSCTL,0,0
2026-08-19T18:16:49,1787138209,13.821942,100.513593,-7.4,,-2.2,-3.4,113.7,113.7,,,,20.83,0,POSCTL,0,0
2026-08-19T18:16:50,1787138210,13.821942,100.513593,-7.4,,-2.2,-3.4,113.7,113.7,,,,20.83,0,POSCTL,0,0
2026-08-19T18:16:51,1787138211,13.821942,100.513593,-7.4,,-2.2,-3.4,113.7,113.7,,,,20.83,0,POSCTL,0,0
2026-08-19T18:16:52,1787138212,13.821963,100.513609,-2.0,,-2.2,-3.4,113.7,113.7,,,,20.83,0,POSCTL,0,0
2026-08-19T18:16:53,1787138213,13.821963,100.513609,-2.0,,-2.2,-3.4,113.7,113.7,,,,20.83,0,POSCTL,0,0
2026-08-19T18:16:54,1787138214,13.821963,100.513609,-2.0,,-2.2,-3.4,113.7,113.7,,,,20.83,0,POSCTL,0,0
2026-08-19T18:16:55,1787138215,13.82196,100.513579,-5.6,,-2.2,-3.4,113.7,113.7,,,,20.83,0,POSCTL,0,0
2026-08-19T18:16:56,1787138216,13.82196,100.513579,-5.6,,-2.2,-3.4,113.7,113.7,,,,20.83,0,POSCTL,0,0
2026-08-19T18:16:57,1787138217,13.82196,100.513579,-5.6,,-2.2,-3.4,113.7,113.7,,,,20.83,0,POSCTL,0,0
2026-08-19T18:16:58,1787138218,13.82196,100.513579,-5.6,,-2.2,-3.4,113.7,113.7,,,,20.83,0,POSCTL,0,0
2026-08-19T18:16:59,1787138219,13.82196,100.513579,-5.6,,-2.2,-3.4,113.7,113.7,,,,20.83,0,POSCTL,0,0
2026-08-19T18:17:00,1787138220,13.82196,100.513579,-5.6,,-2.2,-3.4,113.7,113.7,,,,20.83,0,POSCTL,0,0
2026-08-19T18:17:01,1787138221,13.82196,100.513579,-5.6,,-2.2,-3.4,113.7,113.7,,,,20.83,0,POSCTL,0,0
2026-08-19T18:17:02,1787138222,13.82196,100.513579,-5.6,,-2.2,-3.4,113.7,113.7,,,,20.83,0,POSCTL,0,0
2026-08-19T18:17:03,1787138223,13.82197,100.513539,-12.8,,-2.2,-3.4,113.7,113.7,,,,20.83,0,POSCTL,0,0
2026-08-19T18:17:04,1787138224,13.82197,100.513539,-12.8,,-2.2,-3.4,113.7,113.7,,,,20.83,0,POSCTL,0,0
2026-08-19T18:17:05,1787138225,13.82197,100.513539,-12.8,,-2.2,-3.4,113.7,113.7,,,,20.83,0,POSCTL,0,0
2026-08-19T18:17:06,1787138226,13.82197,100.513539,-12.8,,-2.2,-3.4,113.7,113.7,,,,20.83,0,POSCTL,0,0
2026-08-19T18:17:07,1787138227,13.82197,100.513539,-12.8,,-2.2,-3.4,113.7,113.7,,,,20.83,0,POSCTL,0,0
2026-08-19T18:17:08,1787138228,13.82197,100.513539,-12.8,,-2.2,-3.4,113.7,113.7,,,,20.83,0,POSCTL,0,0
2026-08-19T18:17:09,1787138229,13.82197,100.513539,-12.8,,-2.2,-3.4,113.7,113.7,,,,20.83,0,POSCTL,0,0
2026-08-19T18:17:10,1787138230,13.82197,100.513539,-12.8,,-2.2,-3.4,113.7,113.7,,,,20.83,0,POSCTL,0,0
2026-08-19T18:17:11,1787138231,13.821962,100.513449,-23.9,,-2.2,-3.4,113.7,113.7,,,,20.83,0,POSCTL,0,0
2026-08-19T18:17:12,1787138232,13.821962,100.513449,-23.9,,-2.2,-3.4,113.7,113.7,,,,20.83,0,POSCTL,0,0
2026-08-19T18:17:13,1787138233,13.821962,100.513449,-23.9,,-2.2,-3.4,113.7,113.7,,,,20.83,0,POSCTL,0,0
2026-08-19T18:17:14,1787138234,13.821952,100.513403,-28.9,,-2.2,-3.4,113.7,113.7,,,,20.83,0,POSCTL,0,0
2026-08-19T18:17:15,1787138235,13.821952,100.513403,-28.9,,-2.2,-3.4,113.7,113.7,,,,20.83,0,POSCTL,0,0
2026-08-19T18:17:16,1787138236,13.821952,100.513403,-28.9,,-2.2,-3.4,113.7,113.7,,,,20.83,0,POSCTL,0,0
2026-08-19T18:17:17,1787138237,13.821952,100.513403,-28.9,,-2.2,-3.4,113.7,113.7,,,,20.83,0,POSCTL,0,0
2026-08-19T18:17:18,1787138238,13.821948,100.513403,-22.9,,-2.2,-3.4,113.7,113.7,,,,20.83,0,POSCTL,0,0
2026-08-19T18:17:19,1787138239,13.821948,100.513403,-22.9,,-2.2,-3.4,113.7,113.7,,,,20.83,0,POSCTL,0,0
2026-08-19T18:17:20,1787138240,13.821948,100.513403,-22.9,,-2.2,-3.4,113.7,113.7,,,,20.83,0,POSCTL,0,0
2026-08-19T18:17:21,1787138241,13.821948,100.513403,-22.9,,-2.2,-3.4,113.7,113.7,,,,20.83,0,POSCTL,0,0
2026-08-19T18:17:22,1787138242,13.821952,100.513401,-16.8,,-2.2,-3.4,113.7,113.7,,,,20.83,0,POSCTL,0,0
2026-08-19T18:17:23,1787138243,13.821952,100.513401,-16.8,,-2.2,-3.4,113.7,113.7,,,,20.83,0,POSCTL,0,0
2026-08-19T18:17:24,1787138244,13.821952,100.513401,-16.8,,-2.2,-3.4,113.7,113.7,,,,20.83,0,POSCTL,0,0
2026-08-19T18:17:25,1787138245,13.821952,100.513401,-16.8,,-2.2,-3.4,113.7,113.7,,,,20.83,0,POSCTL,0,0
2026-08-19T18:17:26,1787138246,13.821952,100.513401,-16.8,,-2.2,-3.4,113.7,113.7,,,,20.83,0,POSCTL,0,0
2026-08-19T18:17:28,1787138248,13.821952,100.513401,-16.8,,-2.2,-3.4,113.7,113.7,,,,20.83,0,POSCTL,0,0
2026-08-19T18:17:29,1787138249,13.821941,100.513397,-14.1,,-2.2,-3.4,113.7,113.7,,,,20.83,0,POSCTL,0,0
2026-08-19T18:17:30,1787138250,13.821941,100.513397,-14.1,,-2.2,-3.4,113.7,113.7,,,,20.83,0,POSCTL,0,0
2026-08-19T18:17:31,1787138251,13.821941,100.513397,-14.1,,-2.2,-3.4,113.7,113.7,,,,20.83,0,POSCTL,0,0
2026-08-19T18:17:32,1787138252,13.821867,100.513144,-55.3,,-2.2,-3.4,113.7,113.7,,,,20.83,0,POSCTL,0,0
2026-08-19T18:17:33,1787138253,13.821867,100.513144,-55.3,,-2.2,-3.4,113.7,113.7,,,,20.83,0,POSCTL,0,0
2026-08-19T18:17:34,1787138254,13.821867,100.513144,-55.3,,-2.2,-3.4,113.7,113.7,,,,20.83,0,POSCTL,0,0
2026-08-19T18:17:35,1787138255,13.821867,100.513144,-55.3,,-2.2,-3.4,113.7,113.7,,,,20.83,0,POSCTL,0,0
2026-08-19T18:17:36,1787138256,13.821867,100.513144,-55.3,,-2.2,-3.4,113.7,113.7,,,,20.83,0,POSCTL,0,0
2026-08-19T18:17:37,1787138257,13.821867,100.513144,-55.3,,-2.2,-3.4,113.7,113.7,,,,20.83,0,POSCTL,0,0
2026-08-19T18:17:38,1787138258,13.821867,100.513144,-55.3,,-2.2,-3.4,113.7,113.7,,,,20.83,0,POSCTL,0,0
2026-08-19T18:17:39,1787138259,13.821867,100.513144,-55.3,,-2.2,-3.4,113.7,113.7,,,,20.83,0,POSCTL,0,0
2026-08-19T18:17:40,1787138260,13.821867,100.513144,-55.3,,-2.2,-3.4,113.7,113.7,,,,20.82,0,POSCTL,0,0
2026-08-19T18:17:41,1787138261,13.821862,100.51318,-57.0,,-2.2,-3.4,113.7,113.7,,,,20.82,0,POSCTL,0,0
2026-08-19T18:17:42,1787138262,13.821862,100.51318,-57.0,,-2.2,-3.4,113.7,113.7,,,,20.82,0,POSCTL,0,0
2026-08-19T18:17:43,1787138263,13.821862,100.51318,-57.0,,-2.2,-3.4,113.7,113.7,,,,20.82,0,POSCTL,0,0
2026-08-19T18:17:44,1787138264,13.821862,100.51318,-57.0,,-2.2,-3.4,113.7,113.7,,,,20.82,0,POSCTL,0,0
2026-08-19T18:17:45,1787138265,13.821862,100.51318,-57.0,,-2.2,-3.4,113.7,113.7,,,,20.82,0,POSCTL,0,0
2026-08-19T18:17:46,1787138266,13.821862,100.51318,-57.0,,-2.2,-3.4,113.7,113.7,,,,20.82,0,POSCTL,0,0
2026-08-19T18:17:47,1787138267,13.821862,100.51318,-57.0,,-2.2,-3.4,113.7,113.7,,,,20.82,0,POSCTL,0,0
2026-08-19T18:17:48,1787138268,13.821862,100.51318,-57.0,,-2.2,-3.4,113.7,113.7,,,,20.82,0,POSCTL,0,0
2026-08-19T18:17:49,1787138269,13.821862,100.51318,-57.0,,-2.2,-3.4,113.7,113.7,,,,20.82,0,POSCTL,0,0
2026-08-19T18:17:50,1787138270,13.821862,100.51318,-57.0,,-2.2,-3.4,113.7,113.7,,,,20.82,0,POSCTL,0,0
2026-08-19T18:17:51,1787138271,13.821832,100.513234,-58.7,,-2.2,-3.4,113.7,113.7,,,,20.82,0,POSCTL,0,0
2026-08-19T18:17:52,1787138272,13.821832,100.513234,-58.7,,-2.2,-3.4,113.7,113.7,,,,20.82,0,POSCTL,0,0
2026-08-19T18:17:53,1787138273,13.821832,100.513234,-58.7,,-2.2,-3.4,113.7,113.7,,,,20.82,0,POSCTL,0,0
2026-08-19T18:17:54,1787138274,13.821832,100.513234,-58.7,,-2.2,-3.4,113.7,113.7,,,,20.82,0,POSCTL,0,0
2026-08-19T18:17:55,1787138275,13.821832,100.513234,-58.7,,-2.2,-3.4,113.7,113.7,,,,20.82,0,POSCTL,0,0
2026-08-19T18:17:56,1787138276,13.821832,100.513234,-58.7,,-2.2,-3.4,113.7,113.7,,,,20.82,0,POSCTL,0,0
2026-08-19T18:17:57,1787138277,13.821833,100.513255,-59.0,,-2.2,-3.4,113.7,113.7,,,,20.82,0,POSCTL,0,0
2026-08-19T18:17:58,1787138278,13.821833,100.513255,-59.0,,-2.2,-3.4,113.7,113.7,,,,20.82,0,POSCTL,0,0
2026-08-19T18:17:59,1787138279,13.821833,100.513255,-59.0,,-2.2,-3.4,113.7,113.7,,,,20.82,0,POSCTL,0,0
2026-08-19T18:18:00,1787138280,13.821833,100.513255,-59.0,,-2.2,-3.4,113.7,113.7,,,,20.82,0,POSCTL,0,0
2026-08-19T18:18:01,1787138281,13.821861,100.513287,-54.0,,-2.2,-3.4,113.7,113.7,,,,20.82,0,POSCTL,0,0
2026-08-19T18:18:02,1787138282,13.821861,100.513287,-54.0,,-2.2,-3.4,113.7,113.7,,,,20.82,0,POSCTL,0,0
2026-08-19T18:18:03,1787138283,13.821861,100.513287,-54.0,,-2.2,-3.4,113.7,113.7,,,,20.82,0,POSCTL,0,0
2026-08-19T18:18:04,1787138284,13.821878,100.513307,-49.6,,-2.2,-3.4,113.7,113.7,,,,20.82,0,POSCTL,0,0
2026-08-19T18:18:05,1787138285,13.821878,100.513307,-49.6,,-2.2,-3.4,113.7,113.7,,,,20.82,0,POSCTL,0,0
2026-08-19T18:18:06,1787138286,13.821878,100.513307,-49.6,,-2.2,-3.4,113.7,113.7,,,,20.82,0,POSCTL,0,0
2026-08-19T18:18:07,1787138287,13.821878,100.513307,-49.6,,-2.2,-3.4,113.7,113.7,,,,20.82,0,POSCTL,0,0
2026-08-19T18:18:08,1787138288,13.821964,100.513425,-30.2,,-2.2,-3.4,113.7,113.7,,,,20.82,0,POSCTL,0,0
2026-08-19T18:18:09,1787138289,13.821964,100.513425,-30.2,,-2.2,-3.4,113.7,113.7,,,,20.82,0,POSCTL,0,0
2026-08-19T18:18:10,1787138290,13.821964,100.513425,-30.2,,-2.2,-3.4,113.7,113.7,,,,20.82,0,POSCTL,0,0
2026-08-19T18:18:11,1787138291,13.821964,100.513425,-30.2,,-2.2,-3.4,113.7,113.7,,,,20.82,0,POSCTL,0,0
2026-08-19T18:18:12,1787138292,13.821964,100.513425,-30.2,,-2.2,-3.4,113.7,113.7,,,,20.82,0,POSCTL,0,0
2026-08-19T18:18:13,1787138293,13.821964,100.513425,-30.2,,-2.2,-3.4,113.7,113.7,,,,20.82,0,POSCTL,0,0
2026-08-19T18:18:14,1787138294,13.821964,100.513425,-30.2,,-2.2,-3.4,113.7,113.7,,,,20.82,0,POSCTL,0,0
2026-08-19T18:18:15,1787138295,13.821964,100.513425,-30.2,,-2.2,-3.4,113.7,113.7,,,,20.82,0,POSCTL,0,0
2026-08-19T18:18:16,1787138296,13.822018,100.513554,-10.7,,-2.2,-3.4,113.7,113.7,,,,20.82,0,POSCTL,0,0
2026-08-19T18:18:17,1787138297,13.822018,100.513554,-10.7,,-2.2,-3.4,113.7,113.7,,,,20.82,0,POSCTL,0,0
2026-08-19T18:18:18,1787138298,13.822018,100.513554,-10.7,,-2.2,-3.4,113.7,113.7,,,,20.82,0,POSCTL,0,0
2026-08-19T18:18:19,1787138299,13.822018,100.513554,-10.7,,-2.2,-3.4,113.7,113.7,,,,20.82,0,POSCTL,0,0
2026-08-19T18:18:20,1787138300,13.822018,100.513554,-10.7,,-2.2,-3.4,113.7,113.7,,,,20.82,0,POSCTL,0,0
2026-08-19T18:18:21,1787138301,13.822076,100.513639,5.4,,-2.2,-3.4,113.7,113.7,,,,20.82,0,POSCTL,0,0
2026-08-19T18:18:22,1787138302,13.822076,100.513639,5.4,,-2.2,-3.4,113.7,113.7,,,,20.82,0,POSCTL,0,0
2026-08-19T18:18:23,1787138303,13.822076,100.513639,5.4,,-2.2,-3.4,113.7,113.7,,,,20.82,0,POSCTL,0,0
2026-08-19T18:18:24,1787138304,13.822076,100.513639,5.4,,-2.2,-3.4,113.7,113.7,,,,20.82,0,POSCTL,0,0
2026-08-19T18:18:25,1787138305,13.822076,100.513639,5.4,,-2.2,-3.4,113.7,113.7,,,,20.82,0,POSCTL,0,0
2026-08-19T18:18:26,1787138306,13.822076,100.513639,5.4,,-2.2,-3.4,113.7,113.7,,,,20.82,0,POSCTL,0,0
2026-08-19T18:18:27,1787138307,13.822076,100.513639,5.4,,-2.2,-3.4,113.7,113.7,,,,20.82,0,POSCTL,0,0
2026-08-19T18:18:28,1787138308,13.822061,100.513633,5.7,,-2.2,-3.4,113.7,113.7,,,,20.82,0,POSCTL,0,0
2026-08-19T18:18:29,1787138309,13.822061,100.513633,5.7,,-2.2,-3.4,113.7,113.7,,,,20.82,0,POSCTL,0,0
2026-08-19T18:18:30,1787138310,13.822061,100.513633,5.7,,-2.2,-3.4,113.7,113.7,,,,20.82,0,POSCTL,0,0
2026-08-19T18:18:31,1787138311,13.822038,100.513608,2.8,,-2.2,-3.4,113.7,113.7,,,,20.82,0,POSCTL,0,0
2026-08-19T18:18:32,1787138312,13.822038,100.513608,2.8,,-2.2,-3.4,113.7,113.7,,,,20.82,0,POSCTL,0,0
2026-08-19T18:18:33,1787138313,13.822038,100.513608,2.8,,-2.2,-3.4,113.7,113.7,,,,20.82,0,POSCTL,0,0
2026-08-19T18:18:34,1787138314,13.822038,100.513608,2.8,,-2.2,-3.4,113.7,113.7,,,,20.82,0,POSCTL,0,0
2026-08-19T18:18:35,1787138315,13.822038,100.513608,2.8,,-2.2,-3.4,113.7,113.7,,,,20.82,0,POSCTL,0,0
2026-08-19T18:18:36,1787138316,13.822038,100.513608,2.8,,-2.2,-3.4,113.7,113.7,,,,20.82,0,POSCTL,0,0
2026-08-19T18:18:37,1787138317,13.822038,100.513608,2.8,,-2.2,-3.4,113.7,113.7,,,,20.82,0,POSCTL,0,0
2026-08-19T18:18:38,1787138318,13.822038,100.513608,2.8,,-2.2,-3.4,113.7,113.7,,,,20.82,0,POSCTL,0,0
2026-08-19T18:18:39,1787138319,13.822038,100.513608,2.8,,-2.2,-3.4,113.7,113.7,,,,20.82,0,POSCTL,0,0
2026-08-19T18:18:40,1787138320,13.821981,100.513549,-5.7,,-2.2,-3.4,113.7,113.7,,,,20.82,0,POSCTL,0,0
2026-08-19T18:18:41,1787138321,13.821981,100.513549,-5.7,,-2.2,-3.4,113.7,113.7,,,,20.82,0,POSCTL,0,0
2026-08-19T18:18:42,1787138322,13.821981,100.513549,-5.7,,-2.2,-3.4,113.7,113.7,,,,20.82,0,POSCTL,0,0
2026-08-19T18:18:43,1787138323,13.821981,100.513549,-5.7,,-2.2,-3.4,113.7,113.7,,,,20.82,0,POSCTL,0,0
2026-08-19T18:18:44,1787138324,13.821981,100.513549,-5.7,,-2.2,-3.4,113.7,113.7,,,,20.82,0,POSCTL,0,0
2026-08-19T18:18:45,1787138325,13.821981,100.513549,-5.7,,-2.2,-3.4,113.7,113.7,,,,20.82,0,POSCTL,0,0
2026-08-19T18:18:46,1787138326,13.821981,100.513549,-5.7,,-2.2,-3.4,113.7,113.7,,,,20.82,0,POSCTL,0,0
2026-08-19T18:18:47,1787138327,13.822053,100.513623,6.7,,-2.2,-3.4,113.7,113.7,,,,20.82,0,POSCTL,0,0
2026-08-19T18:18:48,1787138328,13.822053,100.513623,6.7,,-2.2,-3.4,113.7,113.7,,,,20.82,0,POSCTL,0,0
2026-08-19T18:18:49,1787138329,13.822053,100.513623,6.7,,-2.2,-3.4,113.7,113.7,,,,20.82,0,POSCTL,0,0
2026-08-19T18:18:50,1787138330,13.822085,100.51367,14.6,,-2.2,-3.4,113.6,113.6,,,,20.82,0,POSCTL,0,0
2026-08-19T18:18:51,1787138331,13.822085,100.51367,14.6,,-2.2,-3.4,113.6,113.6,,,,20.82,0,POSCTL,0,0
2026-08-19T18:18:52,1787138332,13.822085,100.51367,14.6,,-2.2,-3.4,113.6,113.6,,,,20.82,0,POSCTL,0,0
2026-08-19T18:18:53,1787138333,13.822085,100.51367,14.6,,-2.2,-3.4,113.6,113.6,,,,20.82,0,POSCTL,0,0
2026-08-19T18:18:54,1787138334,13.822085,100.51367,14.6,,-2.2,-3.4,113.6,113.6,,,,20.82,0,POSCTL,0,0
2026-08-19T18:18:55,1787138335,13.822085,100.51367,14.6,,-2.2,-3.4,113.6,113.6,,,,20.82,0,POSCTL,0,0
2026-08-19T18:18:56,1787138336,13.822085,100.51367,14.6,,-2.2,-3.4,113.6,113.6,,,,20.82,0,POSCTL,0,0
2026-08-19T18:18:57,1787138337,13.822085,100.51367,14.6,,-2.2,-3.4,113.6,113.6,,,,20.82,0,POSCTL,0,0
2026-08-19T18:18:58,1787138338,13.822085,100.51367,14.6,,-2.2,-3.4,113.7,113.7,,,,20.82,0,POSCTL,0,0
2026-08-19T18:18:59,1787138339,13.821923,100.513554,-13.5,,-2.2,-3.4,113.7,113.7,,,,20.82,0,POSCTL,0,0
2026-08-19T18:19:00,1787138340,13.821923,100.513554,-13.5,,-2.2,-3.4,113.7,113.7,,,,20.82,0,POSCTL,0,0
2026-08-19T18:19:01,1787138341,13.821923,100.513554,-13.5,,-2.2,-3.4,113.7,113.7,,,,20.82,0,POSCTL,0,0
2026-08-19T18:19:02,1787138342,13.821875,100.513549,-18.8,,-2.2,-3.4,113.7,113.7,,,,20.82,0,POSCTL,0,0
2026-08-19T18:19:03,1787138343,13.821875,100.513549,-18.8,,-2.2,-3.4,113.7,113.7,,,,20.82,0,POSCTL,0,0
2026-08-19T18:19:04,1787138344,13.821875,100.513549,-18.8,,-2.2,-3.4,113.7,113.7,,,,20.82,0,POSCTL,0,0
2026-08-19T18:19:05,1787138345,13.821875,100.513549,-18.8,,-2.2,-3.4,113.7,113.7,,,,20.82,0,POSCTL,0,0
2026-08-19T18:19:06,1787138346,13.821875,100.513549,-18.8,,-2.2,-3.4,113.7,113.7,,,,20.82,0,POSCTL,0,0
2026-08-19T18:19:08,1787138348,13.821875,100.513549,-18.8,,-2.2,-3.4,113.7,113.7,,,,20.82,0,POSCTL,0,0
2026-08-19T18:19:09,1787138349,13.821875,100.513549,-18.8,,-2.2,-3.4,113.7,113.7,,,,20.82,0,POSCTL,0,0
2026-08-19T18:19:10,1787138350,13.821841,100.513583,-21.2,,-2.2,-3.4,113.7,113.7,,,,20.82,0,POSCTL,0,0
2026-08-19T18:19:11,1787138351,13.821841,100.513583,-21.2,,-2.2,-3.4,113.7,113.7,,,,20.82,0,POSCTL,0,0
2026-08-19T18:19:12,1787138352,13.821841,100.513583,-21.2,,-2.2,-3.4,113.7,113.7,,,,20.82,0,POSCTL,0,0
2026-08-19T18:19:13,1787138353,13.821841,100.513583,-21.2,,-2.2,-3.4,113.7,113.7,,,,20.82,0,POSCTL,0,0
2026-08-19T18:19:14,1787138354,13.821841,100.513583,-21.2,,-2.2,-3.4,113.7,113.7,,,,20.82,0,POSCTL,0,0
2026-08-19T18:19:15,1787138355,13.821841,100.513583,-21.2,,-2.2,-3.4,113.7,113.7,,,,20.82,0,POSCTL,0,0
2026-08-19T18:19:16,1787138356,13.821841,100.513583,-21.2,,-2.2,-3.4,113.7,113.7,,,,20.82,0,POSCTL,0,0
2026-08-19T18:19:17,1787138357,13.821841,100.513583,-21.2,,-2.2,-3.4,113.7,113.7,,,,20.82,0,POSCTL,0,0
2026-08-19T18:19:18,1787138358,13.821783,100.513626,-19.6,,-2.2,-3.4,113.7,113.7,,,,20.82,0,POSCTL,0,0
2026-08-19T18:19:19,1787138359,13.821783,100.513626,-19.6,,-2.2,-3.4,113.7,113.7,,,,20.82,0,POSCTL,0,0
2026-08-19T18:19:20,1787138360,13.821783,100.513626,-19.6,,-2.2,-3.4,113.7,113.7,,,,20.82,0,POSCTL,0,0
2026-08-19T18:19:21,1787138361,13.821783,100.513626,-19.6,,-2.2,-3.4,113.7,113.7,,,,20.82,0,POSCTL,0,0
2026-08-19T18:19:22,1787138362,13.821748,100.513658,-16.0,,-2.2,-3.4,113.7,113.7,,,,20.82,0,POSCTL,0,0
2026-08-19T18:19:23,1787138363,13.821748,100.513658,-16.0,,-2.2,-3.4,113.7,113.7,,,,20.82,0,POSCTL,0,0
2026-08-19T18:19:24,1787138364,13.821748,100.513658,-16.0,,-2.2,-3.4,113.7,113.7,,,,20.82,0,POSCTL,0,0
2026-08-19T18:19:25,1787138365,13.821748,100.513658,-16.0,,-2.2,-3.4,113.7,113.7,,,,20.82,0,POSCTL,0,0
2026-08-19T18:19:29,1787138369,13.821796,100.513658,-9.6,,-2.2,-3.4,113.7,113.7,,,,20.82,0,POSCTL,0,0
2026-08-19T18:19:30,1787138370,13.821796,100.513658,-9.6,,-2.2,-3.4,113.7,113.7,,,,20.82,0,POSCTL,0,0
2026-08-19T18:19:31,1787138371,13.821796,100.513658,-9.6,,-2.2,-3.4,113.7,113.7,,,,20.82,0,POSCTL,0,0
2026-08-19T18:19:32,1787138372,13.821796,100.513658,-9.6,,-2.2,-3.4,113.7,113.7,,,,20.82,0,POSCTL,0,0
2026-08-19T18:19:33,1787138373,13.821796,100.513658,-9.6,,-2.2,-3.4,113.7,113.7,,,,20.82,0,POSCTL,0,0
2026-08-19T18:19:34,1787138374,13.82184,100.513607,-10.4,,-2.2,-3.4,113.7,113.7,,,,20.82,0,POSCTL,0,0
2026-08-19T18:19:35,1787138375,13.82184,100.513607,-10.4,,-2.2,-3.4,113.7,113.7,,,,20.82,0,POSCTL,0,0
2026-08-19T18:19:36,1787138376,13.82184,100.513607,-10.4,,-2.2,-3.4,113.7,113.7,,,,20.82,0,POSCTL,0,0
2026-08-19T18:19:37,1787138377,13.82184,100.513607,-10.4,,-2.2,-3.4,113.7,113.7,,,,20.82,0,POSCTL,0,0
2026-08-19T18:19:38,1787138378,13.82184,100.513607,-10.4,,-2.2,-3.4,113.7,113.7,,,,20.82,0,POSCTL,0,0
2026-08-19T18:19:39,1787138379,13.82184,100.513607,-10.4,,-2.2,-3.4,113.7,113.7,,,,20.82,0,POSCTL,0,0
2026-08-19T18:19:40,1787138380,13.821902,100.513574,-7.3,,-2.2,-3.4,113.7,113.7,,,,20.82,0,POSCTL,0,0
2026-08-19T18:19:41,1787138381,13.821902,100.513574,-7.3,,-2.2,-3.4,113.7,113.7,,,,20.82,0,POSCTL,0,0
2026-08-19T18:19:42,1787138382,13.821902,100.513574,-7.3,,-2.2,-3.4,113.7,113.7,,,,20.82,0,POSCTL,0,0
2026-08-19T18:19:43,1787138383,13.821902,100.513574,-7.3,,-2.2,-3.4,113.7,113.7,,,,20.82,0,POSCTL,0,0
2026-08-19T18:19:44,1787138384,13.821902,100.513574,-7.3,,-2.2,-3.4,113.7,113.7,,,,20.82,0,POSCTL,0,0
2026-08-19T18:19:45,1787138385,13.821902,100.513574,-7.3,,-2.2,-3.4,113.7,113.7,,,,20.82,0,POSCTL,0,0
2026-08-19T18:19:48,1787138388,13.821933,100.51352,-12.0,,-2.2,-3.4,113.7,113.7,,,,20.82,0,POSCTL,0,0
2026-08-19T18:19:49,1787138389,13.821933,100.51352,-12.0,,-2.2,-3.4,113.7,113.7,,,,20.82,0,POSCTL,0,0
2026-08-19T18:19:50,1787138390,13.821933,100.51352,-12.0,,-2.2,-3.4,113.7,113.7,,,,20.82,0,POSCTL,0,0
2026-08-19T18:19:51,1787138391,13.821933,100.51352,-12.0,,-2.2,-3.4,113.7,113.7,,,,20.82,0,POSCTL,0,0
2026-08-19T18:19:52,1787138392,13.821938,100.513514,-7.8,,-2.2,-3.4,113.7,113.7,,,,20.82,0,POSCTL,0,0
2026-08-19T18:19:53,1787138393,13.821938,100.513514,-7.8,,-2.2,-3.4,113.7,113.7,,,,20.82,0,POSCTL,0,0
2026-08-19T18:19:54,1787138394,13.821938,100.513514,-7.8,,-2.2,-3.4,113.7,113.7,,,,20.82,0,POSCTL,0,0
2026-08-19T18:19:55,1787138395,13.821938,100.513514,-7.8,,-2.2,-3.4,113.7,113.7,,,,20.82,0,POSCTL,0,0
2026-08-19T18:19:56,1787138396,13.821938,100.513514,-7.8,,-2.2,-3.4,113.7,113.7,,,,20.82,0,POSCTL,0,0
2026-08-19T18:19:57,1787138397,13.821938,100.513514,-7.8,,-2.2,-3.4,113.7,113.7,,,,20.82,0,POSCTL,0,0
2026-08-19T18:19:58,1787138398,13.821938,100.513514,-7.8,,-2.2,-3.4,113.7,113.7,,,,20.82,0,POSCTL,0,0
2026-08-19T18:19:59,1787138399,13.821964,100.513485,-5.8,,-2.2,-3.4,113.7,113.7,,,,20.82,0,POSCTL,0,0
2026-08-19T18:20:00,1787138400,13.821964,100.513485,-5.8,,-2.2,-3.4,113.7,113.7,,,,20.82,0,POSCTL,0,0
2026-08-19T18:20:01,1787138401,13.821964,100.513485,-5.8,,-2.2,-3.4,113.7,113.7,,,,20.82,0,POSCTL,0,0
2026-08-19T18:20:02,1787138402,13.821964,100.513485,-5.8,,-2.2,-3.4,113.7,113.7,,,,20.82,0,POSCTL,0,0
2026-08-19T18:20:03,1787138403,13.821979,100.513462,-2.2,,-2.2,-3.4,113.7,113.7,,,,20.82,0,POSCTL,0,0
2026-08-19T18:20:04,1787138404,13.821979,100.513462,-2.2,,-2.2,-3.4,113.7,113.7,,,,20.82,0,POSCTL,0,0
2026-08-19T18:20:05,1787138405,13.821979,100.513462,-2.2,,-2.2,-3.4,113.7,113.7,,,,20.82,0,POSCTL,0,0
2026-08-19T18:20:06,1787138406,13.821979,100.513462,-2.2,,-2.2,-3.4,113.7,113.7,,,,20.82,0,POSCTL,0,0
2026-08-19T18:20:07,1787138407,13.821986,100.513451,-1.8,,-2.2,-3.4,113.7,113.7,,,,20.82,0,POSCTL,0,0
2026-08-19T18:20:08,1787138408,13.821986,100.513451,-1.8,,-2.2,-3.4,113.7,113.7,,,,20.82,0,POSCTL,0,0
2026-08-19T18:20:09,1787138409,13.821986,100.513451,-1.8,,-2.2,-3.4,113.7,113.7,,,,20.82,0,POSCTL,0,0
2026-08-19T18:20:10,1787138410,13.821986,100.513451,-1.8,,-2.2,-3.4,113.7,113.7,,,,20.82,0,POSCTL,0,0
2026-08-19T18:20:11,1787138411,13.821986,100.513451,-1.8,,-2.2,-3.4,113.7,113.7,,,,20.82,0,POSCTL,0,0
2026-08-19T18:20:12,1787138412,13.821998,100.513438,1.7,,-2.2,-3.4,113.7,113.7,,,,20.82,0,POSCTL,0,0
2026-08-19T18:20:13,1787138413,13.821998,100.513438,1.7,,-2.2,-3.4,113.7,113.7,,,,20.82,0,POSCTL,0,0
2026-08-19T18:20:14,1787138414,13.821998,100.513438,1.7,,-2.2,-3.4,113.7,113.7,,,,20.82,0,POSCTL,0,0
2026-08-19T18:20:15,1787138415,13.821998,100.513438,1.7,,-2.2,-3.4,113.7,113.7,,,,20.82,0,POSCTL,0,0
2026-08-19T18:20:16,1787138416,13.821998,100.513438,1.7,,-2.2,-3.4,113.7,113.7,,,,20.82,0,POSCTL,0,0
2026-08-19T18:20:17,1787138417,13.821998,100.513438,1.7,,-2.2,-3.4,113.7,113.7,,,,20.82,0,POSCTL,0,0
2026-08-19T18:20:18,1787138418,13.821998,100.513438,1.7,,-2.2,-3.4,113.7,113.7,,,,20.82,0,POSCTL,0,0
2026-08-19T18:20:19,1787138419,13.821998,100.513438,1.7,,-2.2,-3.4,113.7,113.7,,,,20.82,0,POSCTL,0,0
2026-08-19T18:20:20,1787138420,13.821971,100.513469,-0.7,,-2.2,-3.4,113.7,113.7,,,,20.82,0,POSCTL,0,0
2026-08-19T18:20:21,1787138421,13.821971,100.513469,-0.7,,-2.2,-3.4,113.7,113.7,,,,20.82,0,POSCTL,0,0
2026-08-19T18:20:22,1787138422,13.821971,100.513469,-0.7,,-2.2,-3.4,113.7,113.7,,,,20.82,0,POSCTL,0,0
2026-08-19T18:20:23,1787138423,13.821974,100.513508,1.6,,-2.2,-3.4,113.7,113.7,,,,20.82,0,POSCTL,0,0
2026-08-19T18:20:24,1787138424,13.821974,100.513508,1.6,,-2.2,-3.4,113.7,113.7,,,,20.82,0,POSCTL,0,0
2026-08-19T18:20:25,1787138425,13.821974,100.513508,1.6,,-2.2,-3.4,113.7,113.7,,,,20.82,0,POSCTL,0,0
2026-08-19T18:20:26,1787138426,13.821974,100.513508,1.6,,-2.2,-3.4,113.7,113.7,,,,20.82,0,POSCTL,0,0
2026-08-19T18:20:27,1787138427,13.821974,100.513508,1.6,,-2.2,-3.4,113.7,113.7,,,,20.82,0,POSCTL,0,0
2026-08-19T18:20:29,1787138429,13.821974,100.513508,1.6,,-2.2,-3.4,113.7,113.7,,,,20.82,0,POSCTL,0,0
2026-08-19T18:20:30,1787138430,13.821974,100.513508,1.6,,-2.2,-3.4,113.7,113.7,,,,20.82,0,POSCTL,0,0
2026-08-19T18:20:31,1787138431,13.821976,100.513541,1.4,,-2.2,-3.4,113.7,113.7,,,,20.82,0,POSCTL,0,0
2026-08-19T18:20:32,1787138432,13.821976,100.513541,1.4,,-2.2,-3.4,113.7,113.7,,,,20.82,0,POSCTL,0,0
2026-08-19T18:20:33,1787138433,13.821976,100.513541,1.4,,-2.2,-3.4,113.7,113.7,,,,20.82,0,POSCTL,0,0
2026-08-19T18:20:34,1787138434,13.821976,100.513541,1.4,,-2.2,-3.4,113.7,113.7,,,,20.82,0,POSCTL,0,0
2026-08-19T18:20:35,1787138435,13.821979,100.513539,0.6,,-2.2,-3.4,113.7,113.7,,,,20.82,0,POSCTL,0,0
2026-08-19T18:20:36,1787138436,13.821979,100.513539,0.6,,-2.2,-3.4,113.7,113.7,,,,20.82,0,POSCTL,0,0
2026-08-19T18:20:37,1787138437,13.821979,100.513539,0.6,,-2.2,-3.4,113.7,113.7,,,,20.82,0,POSCTL,0,0
2026-08-19T18:20:39,1787138439,13.821979,100.513539,0.6,,-2.2,-3.4,113.7,113.7,,,,20.82,0,POSCTL,0,0
2026-08-19T18:20:40,1787138440,13.821979,100.513535,1.5,,-2.2,-3.4,113.7,113.7,,,,20.82,0,POSCTL,0,0
2026-08-19T18:20:41,1787138441,13.821979,100.513535,1.5,,-2.2,-3.4,113.7,113.7,,,,20.82,0,POSCTL,0,0
2026-08-19T18:20:42,1787138442,13.821979,100.513535,1.5,,-2.2,-3.4,113.7,113.7,,,,20.82,0,POSCTL,0,0
2026-08-19T18:20:43,1787138443,13.821979,100.513535,1.5,,-2.2,-3.4,113.7,113.7,,,,20.82,0,POSCTL,0,0
2026-08-19T18:20:44,1787138444,13.821953,100.513598,6.5,,-2.2,-3.4,113.7,113.7,,,,20.82,0,POSCTL,0,0
2026-08-19T18:20:45,1787138445,13.821953,100.513598,6.5,,-2.2,-3.4,113.7,113.7,,,,20.82,0,POSCTL,0,0
2026-08-19T18:20:46,1787138446,13.821953,100.513598,6.5,,-2.2,-3.4,113.7,113.7,,,,20.82,0,POSCTL,0,0
2026-08-19T18:20:49,1787138449,13.82195,100.513587,5.7,,-2.2,-3.4,113.7,113.7,,,,20.82,0,POSCTL,0,0
2026-08-19T18:20:50,1787138450,13.82195,100.513587,5.7,,-2.2,-3.4,113.7,113.7,,,,20.82,0,POSCTL,0,0
2026-08-19T18:20:51,1787138451,13.821947,100.513569,4.2,,-2.2,-3.4,113.7,113.7,,,,20.82,0,POSCTL,0,0
2026-08-19T18:20:52,1787138452,13.821947,100.513569,4.2,,-2.2,-3.4,113.7,113.7,,,,20.82,0,POSCTL,0,0
2026-08-19T18:20:53,1787138453,13.821947,100.513569,4.2,,-2.2,-3.4,113.7,113.7,,,,20.82,0,POSCTL,0,0
2026-08-19T18:20:54,1787138454,13.821947,100.513569,4.2,,-2.2,-3.4,113.7,113.7,,,,20.82,0,POSCTL,0,0
2026-08-19T18:20:55,1787138455,13.821942,100.513582,6.0,,-2.2,-3.4,113.7,113.7,,,,20.82,0,POSCTL,0,0
2026-08-19T18:20:56,1787138456,13.821942,100.513582,6.0,,-2.2,-3.4,113.7,113.7,,,,20.82,0,POSCTL,0,0
2026-08-19T18:20:57,1787138457,13.821942,100.513582,6.0,,-2.2,-3.4,113.7,113.7,,,,20.82,0,POSCTL,0,0
2026-08-19T18:20:58,1787138458,13.821942,100.513582,6.0,,-2.2,-3.4,113.7,113.7,,,,20.82,0,POSCTL,0,0
2026-08-19T18:20:59,1787138459,13.821938,100.513602,8.1,,-2.2,-3.4,113.7,113.7,,,,20.82,0,POSCTL,0,0
2026-08-19T18:21:00,1787138460,13.821938,100.513602,8.1,,-2.2,-3.4,113.7,113.7,,,,20.82,0,POSCTL,0,0
2026-08-19T18:21:01,1787138461,13.821938,100.513602,8.1,,-2.2,-3.4,113.7,113.7,,,,20.82,0,POSCTL,0,0
2026-08-19T18:21:02,1787138462,13.821934,100.513618,9.6,,-2.2,-3.4,113.7,113.7,,,,20.82,0,POSCTL,0,0
2026-08-19T18:21:03,1787138463,13.821934,100.513618,9.6,,-2.2,-3.4,113.7,113.7,,,,20.82,0,POSCTL,0,0
2026-08-19T18:21:04,1787138464,13.821934,100.513618,9.6,,-2.2,-3.4,113.7,113.7,,,,20.82,0,POSCTL,0,0
2026-08-19T18:21:08,1787138468,13.821927,100.513648,10.4,,-2.2,-3.4,113.7,113.7,,,,20.82,0,POSCTL,0,0
2026-08-19T18:21:09,1787138469,13.821927,100.513648,10.4,,-2.2,-3.4,113.7,113.7,,,,20.82,0,POSCTL,0,0
2026-08-19T18:21:10,1787138470,13.821927,100.513648,10.4,,-2.2,-3.4,113.7,113.7,,,,20.82,0,POSCTL,0,0
2026-08-19T18:21:11,1787138471,13.821921,100.513677,9.5,,-2.2,-3.4,113.7,113.7,,,,20.82,0,POSCTL,0,0
2026-08-19T18:21:12,1787138472,13.821921,100.513677,9.5,,-2.2,-3.4,113.7,113.7,,,,20.82,0,POSCTL,0,0
2026-08-19T18:21:13,1787138473,13.821921,100.513677,9.5,,-2.2,-3.4,113.7,113.7,,,,20.82,0,POSCTL,0,0
2026-08-19T18:21:14,1787138474,13.821921,100.513677,9.5,,-2.2,-3.4,113.7,113.7,,,,20.82,0,POSCTL,0,0
2026-08-19T18:21:17,1787138477,13.821921,100.513677,9.5,,-2.2,-3.4,113.7,113.7,,,,20.82,0,POSCTL,0,0
2026-08-19T18:21:18,1787138478,13.821921,100.513677,9.5,,-2.2,-3.4,113.7,113.7,,,,20.82,0,POSCTL,0,0
2026-08-19T18:21:19,1787138479,13.821915,100.513679,10.8,,-2.2,-3.4,113.7,113.7,,,,20.82,0,POSCTL,0,0
2026-08-19T18:21:20,1787138480,13.821915,100.513679,10.8,,-2.2,-3.4,113.7,113.7,,,,20.82,0,POSCTL,0,0
2026-08-19T18:21:21,1787138481,13.821915,100.513679,10.8,,-2.2,-3.4,113.7,113.7,,,,20.81,0,POSCTL,0,0
2026-08-19T18:21:22,1787138482,13.821915,100.513679,10.8,,-2.2,-3.4,113.7,113.7,,,,20.81,0,POSCTL,0,0
2026-08-19T18:21:23,1787138483,13.821915,100.513663,12.4,,-2.2,-3.4,113.7,113.7,,,,20.81,0,POSCTL,0,0
2026-08-19T18:21:24,1787138484,13.821915,100.513663,12.4,,-2.2,-3.4,113.7,113.7,,,,20.81,0,POSCTL,0,0
2026-08-19T18:21:25,1787138485,13.821915,100.513663,12.4,,-2.2,-3.4,113.7,113.7,,,,20.81,0,POSCTL,0,0
2026-08-19T18:21:26,1787138486,13.821915,100.513663,12.4,,-2.2,-3.4,113.7,113.7,,,,20.81,0,POSCTL,0,0
2026-08-19T18:21:27,1787138487,13.821915,100.513663,12.4,,-2.2,-3.4,113.7,113.7,,,,20.81,0,POSCTL,0,0
2026-08-19T18:21:28,1787138488,13.821915,100.513663,12.4,,-2.2,-3.4,113.7,113.7,,,,20.81,0,POSCTL,0,0
2026-08-19T18:21:29,1787138489,13.821915,100.513663,12.4,,-2.2,-3.4,113.7,113.7,,,,20.81,0,POSCTL,0,0
2026-08-19T18:21:30,1787138490,13.821915,100.513663,12.4,,-2.2,-3.4,113.7,113.7,,,,20.81,0,POSCTL,0,0
2026-08-19T18:21:31,1787138491,13.821924,100.513643,14.5,,-2.2,-3.4,113.7,113.7,,,,20.81,0,POSCTL,0,0
2026-08-19T18:21:32,1787138492,13.821924,100.513643,14.5,,-2.2,-3.4,113.7,113.7,,,,20.81,0,POSCTL,0,0
2026-08-19T18:21:33,1787138493,13.821924,100.513643,14.5,,-2.2,-3.4,113.7,113.7,,,,20.81,0,POSCTL,0,0
2026-08-19T18:21:34,1787138494,13.821924,100.513643,14.5,,-2.2,-3.4,113.7,113.7,,,,20.81,0,POSCTL,0,0
2026-08-19T18:21:35,1787138495,13.821924,100.513643,14.5,,-2.2,-3.4,113.7,113.7,,,,20.81,0,POSCTL,0,0
2026-08-19T18:21:36,1787138496,13.821924,100.513643,14.5,,-2.2,-3.4,113.7,113.7,,,,20.81,0,POSCTL,0,0
2026-08-19T18:21:37,1787138497,13.821924,100.513643,14.5,,-2.2,-3.4,113.7,113.7,,,,20.81,0,POSCTL,0,0
2026-08-19T18:21:38,1787138498,13.821926,100.513604,14.3,,-2.2,-3.4,113.7,113.7,,,,20.81,0,POSCTL,0,0
2026-08-19T18:21:39,1787138499,13.821926,100.513604,14.3,,-2.2,-3.4,113.7,113.7,,,,20.81,0,POSCTL,0,0
2026-08-19T18:21:40,1787138500,13.821926,100.513604,14.3,,-2.2,-3.4,113.7,113.7,,,,20.81,0,POSCTL,0,0
2026-08-19T18:21:41,1787138501,13.821926,100.513604,14.3,,-2.2,-3.4,113.7,113.7,,,,20.81,0,POSCTL,0,0
2026-08-19T18:21:42,1787138502,13.821926,100.513604,14.3,,-2.2,-3.4,113.7,113.7,,,,20.81,0,POSCTL,0,0
2026-08-19T18:21:43,1787138503,13.821929,100.513603,11.4,,-2.2,-3.4,113.7,113.7,,,,20.81,0,POSCTL,0,0
2026-08-19T18:21:44,1787138504,13.821929,100.513603,11.4,,-2.2,-3.4,113.7,113.7,,,,20.81,0,POSCTL,0,0
2026-08-19T18:21:45,1787138505,13.821929,100.513603,11.4,,-2.2,-3.4,113.7,113.7,,,,20.81,0,POSCTL,0,0
2026-08-19T18:21:46,1787138506,13.821922,100.513613,8.8,,-2.2,-3.4,113.7,113.7,,,,20.81,0,POSCTL,0,0
2026-08-19T18:21:47,1787138507,13.821922,100.513613,8.8,,-2.2,-3.4,113.7,113.7,,,,20.81,0,POSCTL,0,0
2026-08-19T18:21:48,1787138508,13.821922,100.513613,8.8,,-2.2,-3.4,113.7,113.7,,,,20.81,0,POSCTL,0,0
2026-08-19T18:21:49,1787138509,13.821922,100.513613,8.8,,-2.2,-3.4,113.7,113.7,,,,20.81,0,POSCTL,0,0
2026-08-19T18:21:50,1787138510,13.821919,100.513648,8.0,,-2.2,-3.4,113.7,113.7,,,,20.81,0,POSCTL,0,0
2026-08-19T18:21:51,1787138511,13.821919,100.513648,8.0,,-2.2,-3.4,113.7,113.7,,,,20.81,0,POSCTL,0,0
2026-08-19T18:21:52,1787138512,13.821919,100.513648,8.0,,-2.2,-3.4,113.7,113.7,,,,20.81,0,POSCTL,0,0
2026-08-19T18:21:53,1787138513,13.821919,100.513648,8.0,,-2.2,-3.4,113.7,113.7,,,,20.81,0,POSCTL,0,0
2026-08-19T18:21:57,1787138517,13.821919,100.513648,8.0,,-2.2,-3.4,113.7,113.7,,,,20.81,0,POSCTL,0,0
2026-08-19T18:21:58,1787138518,13.82191,100.513683,2.3,,-2.2,-3.4,113.7,113.7,,,,20.81,0,POSCTL,0,0
2026-08-19T18:21:59,1787138519,13.82191,100.513683,2.3,,-2.2,-3.4,113.7,113.7,,,,20.81,0,POSCTL,0,0
2026-08-19T18:22:00,1787138520,13.82191,100.513683,2.3,,-2.2,-3.4,113.7,113.7,,,,20.81,0,POSCTL,0,0
2026-08-19T18:22:01,1787138521,13.821907,100.513684,-1.4,,-2.2,-3.4,113.7,113.7,,,,20.81,0,POSCTL,0,0
2026-08-19T18:22:02,1787138522,13.821907,100.513684,-1.4,,-2.2,-3.4,113.7,113.7,,,,20.81,0,POSCTL,0,0
2026-08-19T18:22:03,1787138523,13.821907,100.513684,-1.4,,-2.2,-3.4,113.7,113.7,,,,20.81,0,POSCTL,0,0
2026-08-19T18:22:04,1787138524,13.821907,100.513684,-1.4,,-2.2,-3.4,113.7,113.7,,,,20.81,0,POSCTL,0,0
2026-08-19T18:22:05,1787138525,13.821907,100.513684,-1.4,,-2.2,-3.4,113.7,113.7,,,,20.81,0,POSCTL,0,0
2026-08-19T18:22:06,1787138526,13.821907,100.513684,-1.4,,-2.2,-3.4,113.7,113.7,,,,20.81,0,POSCTL,0,0
2026-08-19T18:22:09,1787138529,13.821915,100.513645,-5.6,,-2.2,-3.4,113.7,113.7,,,,20.81,0,POSCTL,0,0
2026-08-19T18:22:10,1787138530,13.821915,100.513645,-5.6,,-2.2,-3.4,113.7,113.7,,,,20.81,0,POSCTL,0,0
2026-08-19T18:22:11,1787138531,13.821915,100.513645,-5.6,,-2.2,-3.4,113.7,113.7,,,,20.81,0,POSCTL,0,0
2026-08-19T18:22:12,1787138532,13.821915,100.513645,-5.6,,-2.2,-3.4,113.7,113.7,,,,20.81,0,POSCTL,0,0
2026-08-19T18:22:13,1787138533,13.821919,100.513613,-9.4,,-2.2,-3.4,113.7,113.7,,,,20.81,0,POSCTL,0,0
2026-08-19T18:22:14,1787138535,13.821919,100.513613,-9.4,,-2.2,-3.4,113.7,113.7,,,,20.81,0,POSCTL,0,0
2026-08-19T18:22:15,1787138536,13.821919,100.513613,-9.4,,-2.2,-3.4,113.7,113.7,,,,20.81,0,POSCTL,0,0
2026-08-19T18:22:16,1787138537,13.821919,100.513613,-9.4,,-2.2,-3.4,113.7,113.7,,,,20.81,0,POSCTL,0,0
2026-08-19T18:22:17,1787138538,13.82192,100.513631,-7.4,,-2.2,-3.4,113.7,113.7,,,,20.81,0,POSCTL,0,0
2026-08-19T18:22:18,1787138539,13.82192,100.513631,-7.4,,-2.2,-3.4,113.7,113.7,,,,20.81,0,POSCTL,0,0
2026-08-19T18:22:19,1787138540,13.82192,100.513631,-7.4,,-2.2,-3.4,113.7,113.7,,,,20.81,0,POSCTL,0,0
2026-08-19T18:22:20,1787138541,13.82192,100.513631,-7.4,,-2.2,-3.4,113.7,113.7,,,,20.81,0,POSCTL,0,0
2026-08-19T18:22:21,1787138542,13.821922,100.513676,0.0,,-2.2,-3.4,113.7,113.7,,,,20.81,0,POSCTL,0,0
2026-08-19T18:22:22,1787138543,13.821922,100.513676,0.0,,-2.2,-3.4,113.7,113.7,,,,20.81,0,POSCTL,0,0
2026-08-19T18:22:23,1787138544,13.821922,100.513676,0.0,,-2.2,-3.4,113.7,113.7,,,,20.81,0,POSCTL,0,0
2026-08-19T18:22:24,1787138545,13.821922,100.513676,0.0,,-2.2,-3.4,113.7,113.7,,,,20.81,0,POSCTL,0,0
2026-08-19T18:22:25,1787138546,13.821922,100.513676,0.0,,-2.2,-3.4,113.7,113.7,,,,20.81,0,POSCTL,0,0
2026-08-19T18:22:26,1787138547,13.821922,100.513676,0.0,,-2.2,-3.4,113.7,113.7,,,,20.81,0,POSCTL,0,0
2026-08-19T18:22:27,1787138548,13.821922,100.513676,0.0,,-2.2,-3.4,113.7,113.7,,,,20.81,0,POSCTL,0,0
2026-08-19T18:22:28,1787138549,13.821922,100.513676,0.0,,-2.2,-3.4,113.7,113.7,,,,20.81,0,POSCTL,0,0
2026-08-19T18:22:29,1787138550,13.821916,100.513706,1.8,,-2.2,-3.4,113.7,113.7,,,,20.81,0,POSCTL,0,0
2026-08-19T18:22:30,1787138551,13.821916,100.513706,1.8,,-2.2,-3.4,113.7,113.7,,,,20.81,0,POSCTL,0,0
2026-08-19T18:22:31,1787138552,13.821916,100.513706,1.8,,-2.2,-3.4,113.7,113.7,,,,20.81,0,POSCTL,0,0
2026-08-19T18:22:32,1787138553,13.821907,100.513706,1.8,,-2.2,-3.4,113.7,113.7,,,,20.81,0,POSCTL,0,0
2026-08-19T18:22:33,1787138554,13.821907,100.513706,1.8,,-2.2,-3.4,113.7,113.7,,,,20.81,0,POSCTL,0,0
2026-08-19T18:22:34,1787138555,13.821907,100.513706,1.8,,-2.2,-3.4,113.7,113.7,,,,20.81,0,POSCTL,0,0
2026-08-19T18:22:35,1787138556,13.821907,100.513706,1.8,,-2.2,-3.4,113.7,113.7,,,,20.81,0,POSCTL,0,0
2026-08-19T18:22:36,1787138557,13.821907,100.513706,1.8,,-2.2,-3.4,113.7,113.7,,,,20.81,0,POSCTL,0,0
2026-08-19T18:22:37,1787138558,13.821909,100.513709,3.3,,-2.2,-3.4,113.7,113.7,,,,20.81,0,POSCTL,0,0
2026-08-19T18:22:38,1787138559,13.821909,100.513709,3.3,,-2.2,-3.4,113.7,113.7,,,,20.81,0,POSCTL,0,0
2026-08-19T18:22:39,1787138560,13.821909,100.513709,3.3,,-2.2,-3.4,113.7,113.7,,,,20.81,0,POSCTL,0,0
2026-08-19T18:22:40,1787138561,13.821909,100.513709,3.3,,-2.2,-3.4,113.7,113.7,,,,20.81,0,POSCTL,0,0
2026-08-19T18:22:41,1787138562,13.821909,100.513709,3.3,,-2.2,-3.4,113.7,113.7,,,,20.81,0,POSCTL,0,0
2026-08-19T18:22:42,1787138563,13.821909,100.513709,3.3,,-2.2,-3.4,113.7,113.7,,,,20.81,0,POSCTL,0,0
2026-08-19T18:22:43,1787138564,13.821909,100.513709,3.3,,-2.2,-3.4,113.7,113.7,,,,20.81,0,POSCTL,0,0
2026-08-19T18:22:44,1787138565,13.821909,100.513709,3.3,,-2.2,-3.4,113.7,113.7,,,,20.81,0,POSCTL,0,0
2026-08-19T18:22:45,1787138566,13.821912,100.513915,41.6,,-2.2,-3.4,113.7,113.7,,,,20.81,0,POSCTL,0,0
2026-08-19T18:22:46,1787138567,13.821912,100.513915,41.6,,-2.2,-3.4,113.7,113.7,,,,20.81,0,POSCTL,0,0
2026-08-19T18:22:47,1787138568,13.821912,100.513915,41.6,,-2.2,-3.4,113.7,113.7,,,,20.81,0,POSCTL,0,0
2026-08-19T18:22:48,1787138569,13.821905,100.51392,41.8,,-2.2,-3.4,113.7,113.7,,,,20.81,0,POSCTL,0,0
2026-08-19T18:22:49,1787138570,13.821905,100.51392,41.8,,-2.2,-3.4,113.7,113.7,,,,20.81,0,POSCTL,0,0
2026-08-19T18:22:50,1787138571,13.821905,100.51392,41.8,,-2.2,-3.4,113.7,113.7,,,,20.81,0,POSCTL,0,0
2026-08-19T18:22:51,1787138572,13.821905,100.51392,41.8,,-2.2,-3.4,113.7,113.7,,,,20.81,0,POSCTL,0,0
2026-08-19T18:22:52,1787138573,13.821905,100.51392,41.8,,-2.2,-3.4,113.7,113.7,,,,20.81,0,POSCTL,0,0
2026-08-19T18:22:53,1787138574,13.821905,100.51392,41.8,,-2.2,-3.4,113.7,113.7,,,,20.81,0,POSCTL,0,0
2026-08-19T18:22:54,1787138575,13.821905,100.51392,41.8,,-2.2,-3.4,113.7,113.7,,,,20.81,0,POSCTL,0,0
2026-08-19T18:22:55,1787138576,13.821905,100.51392,41.8,,-2.2,-3.4,113.7,113.7,,,,20.81,0,POSCTL,0,0
2026-08-19T18:22:56,1787138577,13.821905,100.51392,41.8,,-2.2,-3.4,113.7,113.7,,,,20.81,0,POSCTL,0,0
2026-08-19T18:22:57,1787138578,13.821905,100.51392,41.8,,-2.2,-3.4,113.7,113.7,,,,20.81,0,POSCTL,0,0
2026-08-19T18:22:58,1787138579,13.821905,100.51392,41.8,,-2.2,-3.4,113.7,113.7,,,,20.81,0,POSCTL,0,0
2026-08-19T18:22:59,1787138580,13.821883,100.513925,39.5,,-2.2,-3.4,113.7,113.7,,,,20.81,0,POSCTL,0,0
2026-08-19T18:23:00,1787138581,13.821883,100.513925,39.5,,-2.2,-3.4,113.7,113.7,,,,20.81,0,POSCTL,0,0
2026-08-19T18:23:01,1787138582,13.821883,100.513925,39.5,,-2.2,-3.4,113.7,113.7,,,,20.81,0,POSCTL,0,0
2026-08-19T18:23:02,1787138583,13.821883,100.513925,39.5,,-2.2,-3.4,113.7,113.7,,,,20.81,0,POSCTL,0,0
2026-08-19T18:23:03,1787138584,13.821883,100.513925,39.5,,-2.2,-3.4,113.7,113.7,,,,20.81,0,POSCTL,0,0
2026-08-19T18:23:05,1787138586,13.821883,100.513925,39.5,,-2.2,-3.4,113.6,113.6,,,,20.81,0,POSCTL,0,0
2026-08-19T18:23:06,1787138587,13.821891,100.513884,35.9,,-2.2,-3.4,113.6,113.6,,,,20.81,0,POSCTL,0,0
2026-08-19T18:23:07,1787138588,13.821891,100.513884,35.9,,-2.2,-3.4,113.7,113.7,,,,20.81,0,POSCTL,0,0
2026-08-19T18:23:08,1787138589,13.821891,100.513884,35.9,,-2.2,-3.4,113.7,113.7,,,,20.81,0,POSCTL,0,0
2026-08-19T18:23:09,1787138590,13.821896,100.513806,23.6,,-2.2,-3.4,113.7,113.7,,,,20.81,0,POSCTL,0,0
2026-08-19T18:23:10,1787138591,13.821896,100.513806,23.6,,-2.2,-3.4,113.7,113.7,,,,20.81,0,POSCTL,0,0
2026-08-19T18:23:11,1787138592,13.821896,100.513806,23.6,,-2.2,-3.4,113.7,113.7,,,,20.81,0,POSCTL,0,0
2026-08-19T18:23:12,1787138593,13.821896,100.513806,23.6,,-2.2,-3.4,113.7,113.7,,,,20.81,0,POSCTL,0,0
2026-08-19T18:23:13,1787138594,13.821896,100.513806,23.6,,-2.2,-3.4,113.7,113.7,,,,20.81,0,POSCTL,0,0
2026-08-19T18:23:14,1787138595,13.821896,100.513806,23.6,,-2.2,-3.4,113.7,113.7,,,,20.81,0,POSCTL,0,0
2026-08-19T18:23:15,1787138596,13.821896,100.513806,23.6,,-2.2,-3.4,113.7,113.7,,,,20.81,0,POSCTL,0,0
2026-08-19T18:23:16,1787138597,13.821896,100.513806,23.6,,-2.2,-3.4,113.7,113.7,,,,20.81,0,POSCTL,0,0
2026-08-19T18:23:17,1787138598,13.821896,100.513806,23.6,,-2.2,-3.4,113.7,113.7,,,,20.81,0,POSCTL,0,0
2026-08-19T18:23:18,1787138599,13.821918,100.513665,9.3,,-2.2,-3.4,113.7,113.7,,,,20.81,0,POSCTL,0,0
2026-08-19T18:23:19,1787138600,13.821918,100.513665,9.3,,-2.2,-3.4,113.7,113.7,,,,20.81,0,POSCTL,0,0
2026-08-19T18:23:20,1787138601,13.821918,100.513665,9.3,,-2.2,-3.3,113.6,113.6,,,,20.81,0,POSCTL,0,0
2026-08-19T18:23:21,1787138602,13.821931,100.513657,9.8,,-2.2,-3.3,113.6,113.6,,,,20.81,0,POSCTL,0,0
2026-08-19T18:23:22,1787138603,13.821931,100.513657,9.8,,-2.2,-3.3,113.6,113.6,,,,20.81,0,POSCTL,0,0
2026-08-19T18:23:23,1787138604,13.821931,100.513657,9.8,,-2.2,-3.3,113.6,113.6,,,,20.81,0,POSCTL,0,0
2026-08-19T18:23:24,1787138605,13.821931,100.513657,9.8,,-2.2,-3.3,113.6,113.6,,,,20.81,0,POSCTL,0,0
2026-08-19T18:23:25,1787138606,13.821931,100.513657,9.8,,-2.2,-3.3,113.6,113.6,,,,20.81,0,POSCTL,0,0
2026-08-19T18:23:26,1787138607,13.821931,100.513657,9.8,,-2.2,-3.3,113.6,113.6,,,,20.81,0,POSCTL,0,0
2026-08-19T18:23:27,1787138608,13.821931,100.513657,9.8,,-2.2,-3.4,113.7,113.7,,,,20.81,0,POSCTL,0,0
2026-08-19T18:23:28,1787138609,13.82194,100.513582,-1.5,,-2.2,-3.4,113.7,113.7,,,,20.81,0,POSCTL,0,0
2026-08-19T18:23:29,1787138610,13.82194,100.513582,-1.5,,-2.2,-3.4,113.7,113.7,,,,20.81,0,POSCTL,0,0
2026-08-19T18:23:30,1787138611,13.82194,100.513582,-1.5,,-2.2,-3.4,113.7,113.7,,,,20.81,0,POSCTL,0,0
2026-08-19T18:23:31,1787138612,13.82194,100.513582,-1.5,,-2.2,-3.4,113.7,113.7,,,,20.81,0,POSCTL,0,0
2026-08-19T18:23:32,1787138613,13.82193,100.513574,-6.7,,-2.2,-3.4,113.7,113.7,,,,20.81,0,POSCTL,0,0
2026-08-19T18:23:33,1787138614,13.82193,100.513574,-6.7,,-2.2,-3.4,113.7,113.7,,,,20.81,0,POSCTL,0,0
2026-08-19T18:23:34,1787138615,13.82193,100.513574,-6.7,,-2.2,-3.4,113.7,113.7,,,,20.81,0,POSCTL,0,0
2026-08-19T18:23:35,1787138616,13.82193,100.513574,-6.7,,-2.2,-3.4,113.7,113.7,,,,20.81,0,POSCTL,0,0
2026-08-19T18:23:36,1787138617,13.82193,100.513574,-6.7,,-2.2,-3.4,113.7,113.7,,,,20.81,0,POSCTL,0,0
2026-08-19T18:23:37,1787138618,13.82192,100.513649,-6.3,,-2.2,-3.4,113.7,113.7,,,,20.81,0,POSCTL,0,0
2026-08-19T18:23:38,1787138619,13.82192,100.513649,-6.3,,-2.2,-3.4,113.7,113.7,,,,20.81,0,POSCTL,0,0
2026-08-19T18:23:39,1787138620,13.82192,100.513649,-6.3,,-2.2,-3.4,113.7,113.7,,,,20.81,0,POSCTL,0,0
2026-08-19T18:23:40,1787138621,13.82192,100.513649,-6.3,,-2.2,-3.4,113.7,113.7,,,,20.81,0,POSCTL,0,0
2026-08-19T18:23:41,1787138622,13.82192,100.513649,-6.3,,-2.2,-3.4,113.7,113.7,,,,20.81,0,POSCTL,0,0
2026-08-19T18:23:42,1787138623,13.82192,100.513649,-6.3,,-2.2,-3.4,113.7,113.7,,,,20.81,0,POSCTL,0,0
2026-08-19T18:23:46,1787138627,13.821912,100.513733,-1.3,,-2.2,-3.4,113.7,113.7,,,,20.81,0,POSCTL,0,0
2026-08-19T18:23:47,1787138628,13.821912,100.513733,-1.3,,-2.2,-3.4,113.7,113.7,,,,20.81,0,POSCTL,0,0
2026-08-19T18:23:48,1787138629,13.821912,100.513733,-1.3,,-2.2,-3.4,113.7,113.7,,,,20.81,0,POSCTL,0,0
2026-08-19T18:23:49,1787138630,13.82189,100.51378,-1.9,,-2.2,-3.4,113.7,113.7,,,,20.81,0,POSCTL,0,0
2026-08-19T18:23:50,1787138631,13.82189,100.51378,-1.9,,-2.2,-3.4,113.7,113.7,,,,20.81,0,POSCTL,0,0
2026-08-19T18:23:51,1787138632,13.82189,100.51378,-1.9,,-2.2,-3.4,113.7,113.7,,,,20.81,0,POSCTL,0,0
2026-08-19T18:23:52,1787138633,13.82189,100.51378,-1.9,,-2.2,-3.4,113.7,113.7,,,,20.81,0,POSCTL,0,0
2026-08-19T18:23:53,1787138634,13.82189,100.51378,-1.9,,-2.2,-3.4,113.7,113.7,,,,20.81,0,POSCTL,0,0
2026-08-19T18:23:54,1787138635,13.82189,100.51378,-1.9,,-2.2,-3.4,113.7,113.7,,,,20.81,0,POSCTL,0,0
2026-08-19T18:23:55,1787138636,13.82189,100.51378,-1.9,,-2.2,-3.4,113.7,113.7,,,,20.81,0,POSCTL,0,0
2026-08-19T18:23:56,1787138637,13.82189,100.51378,-1.9,,-2.2,-3.4,113.7,113.7,,,,20.81,0,POSCTL,0,0
2026-08-19T18:23:57,1787138638,13.82184,100.513669,-34.2,,-2.2,-3.4,113.7,113.7,,,,20.81,0,POSCTL,0,0
2026-08-19T18:23:58,1787138639,13.82184,100.513669,-34.2,,-2.2,-3.4,113.7,113.7,,,,20.81,0,POSCTL,0,0
2026-08-19T18:23:59,1787138640,13.82184,100.513669,-34.2,,-2.2,-3.4,113.7,113.7,,,,20.81,0,POSCTL,0,0
2026-08-19T18:24:00,1787138641,13.82184,100.513669,-34.2,,-2.2,-3.4,113.7,113.7,,,,20.81,0,POSCTL,0,0
2026-08-19T18:24:01,1787138642,13.821853,100.51364,-33.6,,-2.2,-3.4,113.7,113.7,,,,20.81,0,POSCTL,0,0
2026-08-19T18:24:02,1787138643,13.821853,100.51364,-33.6,,-2.2,-3.4,113.7,113.7,,,,20.81,0,POSCTL,0,0
2026-08-19T18:24:03,1787138644,13.821853,100.51364,-33.6,,-2.2,-3.4,113.7,113.7,,,,20.81,0,POSCTL,0,0
2026-08-19T18:24:04,1787138645,13.821853,100.51364,-33.6,,-2.2,-3.4,113.7,113.7,,,,20.81,0,POSCTL,0,0
2026-08-19T18:24:05,1787138646,13.821863,100.513621,-30.4,,-2.2,-3.4,113.7,113.7,,,,20.81,0,POSCTL,0,0
2026-08-19T18:24:06,1787138647,13.821863,100.513621,-30.4,,-2.2,-3.4,113.7,113.7,,,,20.81,0,POSCTL,0,0
2026-08-19T18:24:07,1787138648,13.821863,100.513621,-30.4,,-2.2,-3.4,113.7,113.7,,,,20.81,0,POSCTL,0,0
2026-08-19T18:24:08,1787138649,13.821863,100.513621,-30.4,,-2.2,-3.4,113.7,113.7,,,,20.81,0,POSCTL,0,0
2026-08-19T18:24:09,1787138650,13.82187,100.513564,-34.5,,-2.2,-3.4,113.7,113.7,,,,20.81,0,POSCTL,0,0
2026-08-19T18:24:10,1787138651,13.82187,100.513564,-34.5,,-2.2,-3.4,113.7,113.7,,,,20.81,0,POSCTL,0,0
2026-08-19T18:24:11,1787138652,13.82187,100.513564,-34.5,,-2.2,-3.4,113.7,113.7,,,,20.81,0,POSCTL,0,0
2026-08-19T18:24:12,1787138653,13.82187,100.513564,-34.5,,-2.2,-3.4,113.7,113.7,,,,20.81,0,POSCTL,0,0
2026-08-19T18:24:13,1787138654,13.821827,100.51345,-53.7,,-2.2,-3.4,113.7,113.7,,,,20.81,0,POSCTL,0,0
2026-08-19T18:24:14,1787138655,13.821827,100.51345,-53.7,,-2.2,-3.4,113.7,113.7,,,,20.81,0,POSCTL,0,0
2026-08-19T18:24:15,1787138656,13.821827,100.51345,-53.7,,-2.2,-3.4,113.7,113.7,,,,20.81,0,POSCTL,0,0
2026-08-19T18:24:16,1787138657,13.821827,100.51345,-53.7,,-2.2,-3.4,113.7,113.7,,,,20.81,0,POSCTL,0,0
2026-08-19T18:24:17,1787138658,13.821804,100.513305,-76.7,,-2.2,-3.4,113.7,113.7,,,,20.81,0,POSCTL,0,0
2026-08-19T18:24:18,1787138659,13.821804,100.513305,-76.7,,-2.2,-3.4,113.7,113.7,,,,20.81,0,POSCTL,0,0
2026-08-19T18:24:19,1787138660,13.821804,100.513305,-76.7,,-2.2,-3.4,113.7,113.7,,,,20.81,0,POSCTL,0,0
2026-08-19T18:24:20,1787138661,13.821804,100.513305,-76.7,,-2.2,-3.4,113.7,113.7,,,,20.81,0,POSCTL,0,0
2026-08-19T18:24:21,1787138662,13.821733,100.513052,-119.4,,-2.2,-3.4,113.7,113.7,,,,20.81,0,POSCTL,0,0
2026-08-19T18:24:22,1787138663,13.821733,100.513052,-119.4,,-2.2,-3.4,113.7,113.7,,,,20.81,0,POSCTL,0,0
2026-08-19T18:24:23,1787138664,13.821733,100.513052,-119.4,,-2.2,-3.4,113.7,113.7,,,,20.81,0,POSCTL,0,0
2026-08-19T18:24:24,1787138665,13.821733,100.513052,-119.4,,-2.2,-3.4,113.7,113.7,,,,20.81,0,POSCTL,0,0
2026-08-19T18:24:25,1787138666,13.821775,100.513128,-104.2,,-2.2,-3.4,113.7,113.7,,,,20.81,0,POSCTL,0,0
2026-08-19T18:24:26,1787138667,13.821775,100.513128,-104.2,,-2.2,-3.4,113.7,113.7,,,,20.81,0,POSCTL,0,0
2026-08-19T18:24:27,1787138668,13.821775,100.513128,-104.2,,-2.2,-3.4,113.7,113.7,,,,20.81,0,POSCTL,0,0
2026-08-19T18:24:28,1787138669,13.821775,100.513128,-104.2,,-2.2,-3.4,113.7,113.7,,,,20.81,0,POSCTL,0,0
2026-08-19T18:24:29,1787138670,13.821775,100.513128,-104.2,,-2.2,-3.4,113.7,113.7,,,,20.81,0,POSCTL,0,0
2026-08-19T18:24:30,1787138671,13.821775,100.513128,-104.2,,-2.2,-3.4,113.7,113.7,,,,20.81,0,POSCTL,0,0
2026-08-19T18:24:31,1787138672,13.821775,100.513128,-104.2,,-2.2,-3.4,113.7,113.7,,,,20.81,0,POSCTL,0,0
2026-08-19T18:24:32,1787138673,13.821775,100.513128,-104.2,,-2.2,-3.4,113.7,113.7,,,,20.81,0,POSCTL,0,0
2026-08-19T18:24:33,1787138674,13.821802,100.513199,-87.0,,-2.2,-3.4,113.7,113.7,,,,20.81,0,POSCTL,0,0
2026-08-19T18:24:34,1787138675,13.821802,100.513199,-87.0,,-2.2,-3.4,113.7,113.7,,,,20.81,0,POSCTL,0,0
2026-08-19T18:24:35,1787138676,13.821802,100.513199,-87.0,,-2.2,-3.4,113.7,113.7,,,,20.81,0,POSCTL,0,0
2026-08-19T18:24:36,1787138677,13.821802,100.513199,-87.0,,-2.2,-3.4,113.7,113.7,,,,20.81,0,POSCTL,0,0
2026-08-19T18:24:37,1787138678,13.821802,100.513199,-87.0,,-2.2,-3.4,113.7,113.7,,,,20.81,0,POSCTL,0,0
2026-08-19T18:24:38,1787138679,13.821802,100.513199,-87.0,,-2.2,-3.4,113.7,113.7,,,,20.81,0,POSCTL,0,0
2026-08-19T18:24:39,1787138680,13.821802,100.513199,-87.0,,-2.2,-3.4,113.7,113.7,,,,20.81,0,POSCTL,0,0
2026-08-19T18:24:40,1787138681,13.821802,100.513199,-87.0,,-2.2,-3.4,113.7,113.7,,,,20.81,0,POSCTL,0,0
2026-08-19T18:24:41,1787138682,13.821802,100.513199,-87.0,,-2.2,-3.4,113.7,113.7,,,,20.81,0,POSCTL,0,0
2026-08-19T18:24:42,1787138683,13.821948,100.513488,-30.3,,-2.2,-3.4,113.7,113.7,,,,20.81,0,POSCTL,0,0
2026-08-19T18:24:43,1787138684,13.821948,100.513488,-30.3,,-2.2,-3.4,113.7,113.7,,,,20.81,0,POSCTL,0,0
2026-08-19T18:24:44,1787138685,13.821948,100.513488,-30.3,,-2.2,-3.4,113.7,113.7,,,,20.81,0,POSCTL,0,0
2026-08-19T18:24:45,1787138686,13.821962,100.513534,-23.8,,-2.2,-3.4,113.7,113.7,,,,20.81,0,POSCTL,0,0
2026-08-19T18:24:46,1787138687,13.821962,100.513534,-23.8,,-2.2,-3.4,113.7,113.7,,,,20.81,0,POSCTL,0,0
2026-08-19T18:24:47,1787138688,13.821962,100.513534,-23.8,,-2.2,-3.4,113.7,113.7,,,,20.81,0,POSCTL,0,0
2026-08-19T18:24:48,1787138689,13.821962,100.513534,-23.8,,-2.2,-3.4,113.7,113.7,,,,20.81,0,POSCTL,0,0
2026-08-19T18:24:49,1787138690,13.821962,100.513534,-23.8,,-2.2,-3.4,113.7,113.7,,,,20.81,0,POSCTL,0,0
2026-08-19T18:24:50,1787138691,13.821951,100.513484,-32.3,,-2.2,-3.4,113.7,113.7,,,,20.81,0,POSCTL,0,0
2026-08-19T18:24:51,1787138692,13.821951,100.513484,-32.3,,-2.2,-3.4,113.7,113.7,,,,20.81,0,POSCTL,0,0
2026-08-19T18:24:52,1787138693,13.821951,100.513484,-32.3,,-2.2,-3.4,113.7,113.7,,,,20.8,0,POSCTL,0,0
2026-08-19T18:24:53,1787138694,13.822003,100.513516,-28.6,,-2.2,-3.4,113.7,113.7,,,,20.8,0,POSCTL,0,0
2026-08-19T18:24:54,1787138695,13.822003,100.513516,-28.6,,-2.2,-3.4,113.7,113.7,,,,20.8,0,POSCTL,0,0
2026-08-19T18:24:55,1787138696,13.822003,100.513516,-28.6,,-2.2,-3.4,113.7,113.7,,,,20.8,0,POSCTL,0,0
2026-08-19T18:24:56,1787138697,13.822003,100.513516,-28.6,,-2.2,-3.4,113.7,113.7,,,,20.8,0,POSCTL,0,0
2026-08-19T18:24:57,1787138698,13.822003,100.513516,-28.6,,-2.2,-3.4,113.7,113.7,,,,20.8,0,POSCTL,0,0
2026-08-19T18:24:59,1787138700,13.822003,100.513516,-28.6,,-2.2,-3.4,113.7,113.7,,,,20.8,0,POSCTL,0,0
2026-08-19T18:25:00,1787138701,13.822003,100.513516,-28.6,,-2.2,-3.4,113.7,113.7,,,,20.8,0,POSCTL,0,0
2026-08-19T18:25:01,1787138702,13.821978,100.513544,-23.5,,-2.2,-3.4,113.7,113.7,,,,20.8,0,POSCTL,0,0
2026-08-19T18:25:02,1787138703,13.821978,100.513544,-23.5,,-2.2,-3.4,113.7,113.7,,,,20.8,0,POSCTL,0,0
2026-08-19T18:25:03,1787138704,13.821978,100.513544,-23.5,,-2.2,-3.4,113.7,113.7,,,,20.8,0,POSCTL,0,0
2026-08-19T18:25:04,1787138705,13.821973,100.513549,-23.3,,-2.2,-3.4,113.7,113.7,,,,20.8,0,POSCTL,0,0
2026-08-19T18:25:05,1787138706,13.821973,100.513549,-23.3,,-2.2,-3.4,113.7,113.7,,,,20.8,0,POSCTL,0,0
2026-08-19T18:25:06,1787138707,13.821973,100.513549,-23.3,,-2.2,-3.4,113.7,113.7,,,,20.8,0,POSCTL,0,0
2026-08-19T18:25:07,1787138708,13.821973,100.513549,-23.3,,-2.2,-3.4,113.7,113.7,,,,20.8,0,POSCTL,0,0
2026-08-19T18:25:08,1787138709,13.821973,100.513549,-23.3,,-2.2,-3.4,113.7,113.7,,,,20.8,0,POSCTL,0,0
2026-08-19T18:25:09,1787138710,13.821965,100.513572,-17.6,,-2.2,-3.4,113.7,113.7,,,,20.8,0,POSCTL,0,0
2026-08-19T18:25:10,1787138711,13.821965,100.513572,-17.6,,-2.2,-3.4,113.7,113.7,,,,20.8,0,POSCTL,0,0
2026-08-19T18:25:11,1787138712,13.821965,100.513572,-17.6,,-2.2,-3.4,113.7,113.7,,,,20.8,0,POSCTL,0,0
2026-08-19T18:25:12,1787138713,13.821959,100.513605,-9.2,,-2.2,-3.4,113.7,113.7,,,,20.8,0,POSCTL,0,0
2026-08-19T18:25:13,1787138714,13.821959,100.513605,-9.2,,-2.2,-3.4,113.7,113.7,,,,20.8,0,POSCTL,0,0
2026-08-19T18:25:14,1787138715,13.821959,100.513605,-9.2,,-2.2,-3.4,113.7,113.7,,,,20.8,0,POSCTL,0,0
2026-08-19T18:25:15,1787138716,13.821959,100.513605,-9.2,,-2.2,-3.4,113.7,113.7,,,,20.8,0,POSCTL,0,0
2026-08-19T18:25:16,1787138717,13.821959,100.513605,-9.2,,-2.2,-3.4,113.7,113.7,,,,20.8,0,POSCTL,0,0
2026-08-19T18:25:17,1787138718,13.821959,100.513605,-9.2,,-2.2,-3.4,113.7,113.7,,,,20.8,0,POSCTL,0,0
2026-08-19T18:25:18,1787138719,13.821959,100.513605,-9.2,,-2.2,-3.4,113.7,113.7,,,,20.8,0,POSCTL,0,0
2026-08-19T18:25:19,1787138720,13.821959,100.513605,-9.2,,-2.2,-3.4,113.7,113.7,,,,20.8,0,POSCTL,0,0
2026-08-19T18:25:20,1787138721,13.821965,100.51369,7.1,,-2.2,-3.4,113.7,113.7,,,,20.8,0,POSCTL,0,0
2026-08-19T18:25:21,1787138722,13.821965,100.51369,7.1,,-2.2,-3.4,113.7,113.7,,,,20.8,0,POSCTL,0,0
2026-08-19T18:25:22,1787138723,13.821965,100.51369,7.1,,-2.2,-3.4,113.7,113.7,,,,20.8,0,POSCTL,0,0
2026-08-19T18:25:23,1787138724,13.821965,100.51369,7.1,,-2.2,-3.4,113.7,113.7,,,,20.8,0,POSCTL,0,0
2026-08-19T18:25:24,1787138725,13.821965,100.51369,7.1,,-2.2,-3.4,113.7,113.7,,,,20.8,0,POSCTL,0,0
2026-08-19T18:25:25,1787138726,13.821965,100.51369,7.1,,-2.2,-3.4,113.7,113.7,,,,20.8,0,POSCTL,0,0
2026-08-19T18:25:26,1787138727,13.821965,100.51369,7.1,,-2.2,-3.4,113.7,113.7,,,,20.8,0,POSCTL,0,0
2026-08-19T18:25:27,1787138728,13.821965,100.51369,7.1,,-2.2,-3.4,113.7,113.7,,,,20.8,0,POSCTL,0,0
2026-08-19T18:25:28,1787138729,13.821966,100.513712,19.8,,-2.2,-3.4,113.7,113.7,,,,20.8,0,POSCTL,0,0
2026-08-19T18:25:29,1787138730,13.821966,100.513712,19.8,,-2.2,-3.4,113.7,113.7,,,,20.8,0,POSCTL,0,0
2026-08-19T18:25:30,1787138731,13.821966,100.513712,19.8,,-2.2,-3.4,113.7,113.7,,,,20.8,0,POSCTL,0,0
2026-08-19T18:25:31,1787138732,13.821966,100.513712,19.8,,-2.2,-3.4,113.7,113.7,,,,20.8,0,POSCTL,0,0
2026-08-19T18:25:32,1787138733,13.821966,100.513712,19.8,,-2.2,-3.4,113.7,113.7,,,,20.8,0,POSCTL,0,0
2026-08-19T18:25:33,1787138734,13.821966,100.513712,19.8,,-2.2,-3.4,113.7,113.7,,,,20.8,0,POSCTL,0,0
2026-08-19T18:25:34,1787138735,13.821966,100.513712,19.8,,-2.2,-3.4,113.7,113.7,,,,20.8,0,POSCTL,0,0
2026-08-19T18:25:35,1787138736,13.821966,100.513712,19.8,,-2.2,-3.4,113.7,113.7,,,,20.8,0,POSCTL,0,0
2026-08-19T18:25:36,1787138737,13.821966,100.513712,19.8,,-2.2,-3.4,113.7,113.7,,,,20.8,0,POSCTL,0,0
2026-08-19T18:25:37,1787138738,13.822032,100.514163,87.4,,-2.2,-3.4,113.7,113.7,,,,20.8,0,POSCTL,0,0
2026-08-19T18:25:38,1787138739,13.822032,100.514163,87.4,,-2.2,-3.4,113.7,113.7,,,,20.8,0,POSCTL,0,0
2026-08-19T18:25:39,1787138740,13.822032,100.514163,87.4,,-2.2,-3.4,113.7,113.7,,,,20.8,0,POSCTL,0,0
2026-08-19T18:25:40,1787138741,13.822032,100.514163,87.4,,-2.2,-3.4,113.7,113.7,,,,20.8,0,POSCTL,0,0
2026-08-19T18:25:41,1787138742,13.822045,100.51437,118.6,,-2.2,-3.4,113.7,113.7,,,,20.8,0,POSCTL,0,0
2026-08-19T18:25:42,1787138743,13.822045,100.51437,118.6,,-2.2,-3.4,113.7,113.7,,,,20.8,0,POSCTL,0,0
2026-08-19T18:25:43,1787138744,13.822045,100.51437,118.6,,-2.2,-3.4,113.7,113.7,,,,20.8,0,POSCTL,0,0
2026-08-19T18:25:44,1787138745,13.822045,100.51437,118.6,,-2.2,-3.4,113.7,113.7,,,,20.8,0,POSCTL,0,0
2026-08-19T18:25:45,1787138746,13.822047,100.514447,135.0,,-2.2,-3.4,113.7,113.7,,,,20.8,0,POSCTL,0,0
2026-08-19T18:25:46,1787138747,13.822047,100.514447,135.0,,-2.2,-3.4,113.7,113.7,,,,20.8,0,POSCTL,0,0
2026-08-19T18:25:47,1787138748,13.822047,100.514447,135.0,,-2.2,-3.4,113.7,113.7,,,,20.8,0,POSCTL,0,0
2026-08-19T18:25:48,1787138749,13.822047,100.514447,135.0,,-2.2,-3.4,113.7,113.7,,,,20.8,0,POSCTL,0,0
2026-08-19T18:25:49,1787138750,13.822036,100.514502,143.9,,-2.2,-3.4,113.7,113.7,,,,20.8,0,POSCTL,0,0
2026-08-19T18:25:50,1787138751,13.822036,100.514502,143.9,,-2.2,-3.4,113.7,113.7,,,,20.8,0,POSCTL,0,0
2026-08-19T18:25:51,1787138752,13.822036,100.514502,143.9,,-2.2,-3.4,113.7,113.7,,,,20.8,0,POSCTL,0,0
2026-08-19T18:25:52,1787138753,13.822036,100.514502,143.9,,-2.2,-3.4,113.7,113.7,,,,20.8,0,POSCTL,0,0
2026-08-19T18:25:53,1787138754,13.822036,100.514502,143.9,,-2.2,-3.4,113.7,113.7,,,,20.8,0,POSCTL,0,0
2026-08-19T18:25:54,1787138755,13.822036,100.514502,143.9,,-2.2,-3.4,113.7,113.7,,,,20.8,0,POSCTL,0,0
2026-08-19T18:25:55,1787138756,13.822036,100.514502,143.9,,-2.2,-3.4,113.7,113.7,,,,20.8,0,POSCTL,0,0
2026-08-19T18:25:56,1787138757,13.822036,100.514502,143.9,,-2.2,-3.4,113.7,113.7,,,,20.8,0,POSCTL,0,0
2026-08-19T18:25:57,1787138758,13.82192,100.514229,101.3,,-2.2,-3.4,113.7,113.7,,,,20.8,0,POSCTL,0,0
2026-08-19T18:25:58,1787138759,13.82192,100.514229,101.3,,-2.2,-3.4,113.7,113.7,,,,20.8,0,POSCTL,0,0
2026-08-19T18:25:59,1787138760,13.82192,100.514229,101.3,,-2.2,-3.4,113.7,113.7,,,,20.8,0,POSCTL,0,0
2026-08-19T18:26:00,1787138761,13.821911,100.514244,108.6,,-2.2,-3.4,113.7,113.7,,,,20.8,0,POSCTL,0,0
2026-08-19T18:26:01,1787138762,13.821911,100.514244,108.6,,-2.2,-3.4,113.7,113.7,,,,20.8,0,POSCTL,0,0
2026-08-19T18:26:02,1787138763,13.821911,100.514244,108.6,,-2.2,-3.4,113.7,113.7,,,,20.8,0,POSCTL,0,0
2026-08-19T18:26:03,1787138764,13.821911,100.514244,108.6,,-2.2,-3.4,113.7,113.7,,,,20.8,0,POSCTL,0,0
2026-08-19T18:26:04,1787138765,13.821911,100.514244,108.6,,-2.2,-3.4,113.7,113.7,,,,20.8,0,POSCTL,0,0
2026-08-19T18:26:05,1787138766,13.821911,100.514244,108.6,,-2.2,-3.4,113.7,113.7,,,,20.8,0,POSCTL,0,0
2026-08-19T18:26:06,1787138767,13.821911,100.514244,108.6,,-2.2,-3.4,113.7,113.7,,,,20.8,0,POSCTL,0,0
2026-08-19T18:26:07,1787138768,13.821911,100.514244,108.6,,-2.2,-3.4,113.7,113.7,,,,20.8,0,POSCTL,0,0
2026-08-19T18:26:08,1787138769,13.821909,100.514384,147.8,,-2.2,-3.4,113.7,113.7,,,,20.8,0,POSCTL,0,0
2026-08-19T18:26:09,1787138770,13.821909,100.514384,147.8,,-2.2,-3.4,113.7,113.7,,,,20.8,0,POSCTL,0,0
2026-08-19T18:26:10,1787138771,13.821909,100.514384,147.8,,-2.2,-3.4,113.7,113.7,,,,20.8,0,POSCTL,0,0
2026-08-19T18:26:11,1787138772,13.821909,100.514384,147.8,,-2.2,-3.4,113.7,113.7,,,,20.8,0,POSCTL,0,0
2026-08-19T18:26:12,1787138773,13.821909,100.514384,147.8,,-2.2,-3.4,113.7,113.7,,,,20.8,0,POSCTL,0,0
2026-08-19T18:26:13,1787138774,13.821909,100.514384,147.8,,-2.2,-3.4,113.7,113.7,,,,20.8,0,POSCTL,0,0
2026-08-19T18:26:14,1787138775,13.821909,100.514384,147.8,,-2.2,-3.4,113.7,113.7,,,,20.8,0,POSCTL,0,0
2026-08-19T18:26:15,1787138776,13.821909,100.514384,147.8,,-2.2,-3.4,113.7,113.7,,,,20.8,0,POSCTL,0,0
2026-08-19T18:26:16,1787138777,13.821908,100.514481,173.3,,-2.2,-3.4,113.7,113.7,,,,20.8,0,POSCTL,0,0
2026-08-19T18:26:17,1787138778,13.821908,100.514481,173.3,,-2.2,-3.4,113.7,113.7,,,,20.8,0,POSCTL,0,0
2026-08-19T18:26:18,1787138779,13.821908,100.514481,173.3,,-2.2,-3.4,113.7,113.7,,,,20.8,0,POSCTL,0,0
2026-08-19T18:26:19,1787138780,13.821908,100.514481,173.3,,-2.2,-3.4,113.7,113.7,,,,20.8,0,POSCTL,0,0
2026-08-19T18:26:20,1787138781,13.821904,100.514456,172.6,,-2.2,-3.4,113.7,113.7,,,,20.8,0,POSCTL,0,0
2026-08-19T18:26:21,1787138782,13.821904,100.514456,172.6,,-2.2,-3.4,113.7,113.7,,,,20.8,0,POSCTL,0,0
2026-08-19T18:26:22,1787138783,13.821904,100.514456,172.6,,-2.2,-3.4,113.7,113.7,,,,20.8,0,POSCTL,0,0
2026-08-19T18:26:23,1787138784,13.821904,100.514456,172.6,,-2.2,-3.4,113.7,113.7,,,,20.8,0,POSCTL,0,0
2026-08-19T18:26:24,1787138785,13.82193,100.514396,166.7,,-2.2,-3.4,113.7,113.7,,,,20.8,0,POSCTL,0,0
2026-08-19T18:26:25,1787138786,13.82193,100.514396,166.7,,-2.2,-3.4,113.7,113.7,,,,20.8,0,POSCTL,0,0
2026-08-19T18:26:26,1787138787,13.82193,100.514396,166.7,,-2.2,-3.4,113.7,113.7,,,,20.8,0,POSCTL,0,0
2026-08-19T18:26:27,1787138788,13.82193,100.514396,166.7,,-2.2,-3.4,113.7,113.7,,,,20.8,0,POSCTL,0,0
2026-08-19T18:26:28,1787138789,13.821958,100.51442,175.0,,-2.2,-3.4,113.7,113.7,,,,20.8,0,POSCTL,0,0
2026-08-19T18:26:29,1787138790,13.821958,100.51442,175.0,,-2.2,-3.4,113.7,113.7,,,,20.8,0,POSCTL,0,0
2026-08-19T18:26:30,1787138791,13.821958,100.51442,175.0,,-2.2,-3.4,113.7,113.7,,,,20.8,0,POSCTL,0,0
2026-08-19T18:26:31,1787138792,13.821958,100.51442,175.0,,-2.2,-3.4,113.7,113.7,,,,20.8,0,POSCTL,0,0
2026-08-19T18:26:32,1787138793,13.821958,100.51442,175.0,,-2.2,-3.4,113.7,113.7,,,,20.8,0,POSCTL,0,0
2026-08-19T18:26:33,1787138794,13.821958,100.51442,175.0,,-2.2,-3.4,113.7,113.7,,,,20.8,0,POSCTL,0,0
2026-08-19T18:26:34,1787138795,13.821958,100.51442,175.0,,-2.2,-3.4,113.7,113.7,,,,20.8,0,POSCTL,0,0
2026-08-19T18:26:35,1787138796,13.821958,100.51442,175.0,,-2.2,-3.4,113.7,113.7,,,,20.8,0,POSCTL,0,0
2026-08-19T18:26:36,1787138797,13.82195,100.514586,203.1,,-2.2,-3.4,113.7,113.7,,,,20.8,0,POSCTL,0,0
2026-08-19T18:26:37,1787138798,13.82195,100.514586,203.1,,-2.2,-3.4,113.7,113.7,,,,20.8,0,POSCTL,0,0
2026-08-19T18:26:38,1787138799,13.82195,100.514586,203.1,,-2.2,-3.4,113.7,113.7,,,,20.8,0,POSCTL,0,0
2026-08-19T18:26:39,1787138800,13.82195,100.514586,203.1,,-2.2,-3.4,113.7,113.7,,,,20.8,0,POSCTL,0,0
2026-08-19T18:26:40,1787138801,13.82195,100.514586,203.1,,-2.2,-3.4,113.7,113.7,,,,20.8,0,POSCTL,0,0
2026-08-19T18:26:41,1787138802,13.82195,100.514586,203.1,,-2.2,-3.4,113.7,113.7,,,,20.8,0,POSCTL,0,0
2026-08-19T18:26:42,1787138803,13.82195,100.514586,203.1,,-2.2,-3.4,113.7,113.7,,,,20.8,0,POSCTL,0,0
2026-08-19T18:26:43,1787138804,13.82195,100.514586,203.1,,-2.2,-3.4,113.7,113.7,,,,20.8,0,POSCTL,0,0
2026-08-19T18:26:44,1787138805,13.82195,100.514586,203.1,,-2.2,-3.4,113.7,113.7,,,,20.8,0,POSCTL,0,0
2026-08-19T18:26:45,1787138806,13.82195,100.514586,203.1,,-2.2,-3.4,113.7,113.7,,,,20.8,0,POSCTL,0,0
2026-08-19T18:26:46,1787138807,13.82195,100.514586,203.1,,-2.2,-3.4,113.7,113.7,,,,20.8,0,POSCTL,0,0
2026-08-19T18:26:47,1787138808,13.82195,100.514586,203.1,,-2.2,-3.4,113.7,113.7,,,,20.8,0,POSCTL,0,0
2026-08-19T18:26:48,1787138809,13.821955,100.514264,126.0,,-2.2,-3.4,113.7,113.7,,,,20.8,0,POSCTL,0,0
2026-08-19T18:26:49,1787138810,13.821955,100.514264,126.0,,-2.2,-3.4,113.7,113.7,,,,20.8,0,POSCTL,0,0
2026-08-19T18:26:50,1787138811,13.821955,100.514264,126.0,,-2.2,-3.4,113.7,113.7,,,,20.8,0,POSCTL,0,0
2026-08-19T18:26:51,1787138812,13.821955,100.514264,126.0,,-2.2,-3.4,113.7,113.7,,,,20.8,0,POSCTL,0,0
2026-08-19T18:26:52,1787138813,13.821938,100.514167,107.3,,-2.2,-3.4,113.7,113.7,,,,20.8,0,POSCTL,0,0
2026-08-19T18:26:53,1787138814,13.821938,100.514167,107.3,,-2.2,-3.4,113.7,113.7,,,,20.8,0,POSCTL,0,0
2026-08-19T18:26:54,1787138815,13.821938,100.514167,107.3,,-2.2,-3.4,113.7,113.7,,,,20.8,0,POSCTL,0,0
2026-08-19T18:26:55,1787138816,13.821938,100.514167,107.3,,-2.2,-3.4,113.7,113.7,,,,20.8,0,POSCTL,0,0
2026-08-19T18:26:56,1787138817,13.821896,100.514086,88.5,,-2.2,-3.4,113.7,113.7,,,,20.8,0,POSCTL,0,0
2026-08-19T18:26:57,1787138818,13.821896,100.514086,88.5,,-2.2,-3.4,113.7,113.7,,,,20.8,0,POSCTL,0,0
2026-08-19T18:26:58,1787138819,13.821896,100.514086,88.5,,-2.2,-3.4,113.7,113.7,,,,20.8,0,POSCTL,0,0
2026-08-19T18:26:59,1787138820,13.821896,100.514086,88.5,,-2.2,-3.4,113.7,113.7,,,,20.8,0,POSCTL,0,0
2026-08-19T18:27:00,1787138821,13.821896,100.514086,88.5,,-2.2,-3.4,113.7,113.7,,,,20.8,0,POSCTL,0,0
2026-08-19T18:27:01,1787138822,13.821896,100.514086,88.5,,-2.2,-3.4,113.7,113.7,,,,20.8,0,POSCTL,0,0
2026-08-19T18:27:02,1787138823,13.821896,100.514086,88.5,,-2.2,-3.4,113.7,113.7,,,,20.8,0,POSCTL,0,0
2026-08-19T18:27:05,1787138826,13.821934,100.513707,20.9,,-2.2,-3.4,113.7,113.7,,,,20.8,0,POSCTL,0,0
2026-08-19T18:27:06,1787138827,13.821934,100.513707,20.9,,-2.2,-3.4,113.7,113.7,,,,20.8,0,POSCTL,0,0
2026-08-19T18:27:07,1787138828,13.821934,100.513707,20.9,,-2.2,-3.4,113.7,113.7,,,,20.8,0,POSCTL,0,0
2026-08-19T18:27:08,1787138829,13.821934,100.513707,20.9,,-2.2,-3.4,113.7,113.7,,,,20.8,0,POSCTL,0,0
2026-08-19T18:27:09,1787138830,13.821976,100.513584,5.0,,-2.2,-3.4,113.7,113.7,,,,20.8,0,POSCTL,0,0
2026-08-19T18:27:10,1787138831,13.821976,100.513584,5.0,,-2.2,-3.4,113.7,113.7,,,,20.8,0,POSCTL,0,0
2026-08-19T18:27:11,1787138832,13.821976,100.513584,5.0,,-2.2,-3.4,113.7,113.7,,,,20.8,0,POSCTL,0,0
2026-08-19T18:27:12,1787138833,13.821976,100.513584,5.0,,-2.2,-3.4,113.7,113.7,,,,20.8,0,POSCTL,0,0
2026-08-19T18:27:13,1787138834,13.821976,100.513584,5.0,,-2.2,-3.4,113.7,113.7,,,,20.8,0,POSCTL,0,0
2026-08-19T18:27:14,1787138835,13.821976,100.513584,5.0,,-2.2,-3.4,113.7,113.7,,,,20.8,0,POSCTL,0,0
2026-08-19T18:27:15,1787138836,13.821976,100.513584,5.0,,-2.2,-3.4,113.7,113.7,,,,20.8,0,POSCTL,0,0
2026-08-19T18:27:16,1787138837,13.821976,100.513584,5.0,,-2.2,-3.4,113.7,113.7,,,,20.8,0,POSCTL,0,0
2026-08-19T18:27:17,1787138838,13.821999,100.513393,-21.4,,-2.2,-3.4,113.7,113.7,,,,20.8,0,POSCTL,0,0
2026-08-19T18:27:18,1787138839,13.821999,100.513393,-21.4,,-2.2,-3.4,113.7,113.7,,,,20.8,0,POSCTL,0,0
2026-08-19T18:27:19,1787138840,13.821999,100.513393,-21.4,,-2.2,-3.3,113.7,113.7,,,,20.8,0,POSCTL,0,0
2026-08-19T18:27:20,1787138841,13.821999,100.513393,-21.4,,-2.2,-3.3,113.7,113.7,,,,20.8,0,POSCTL,0,0
2026-08-19T18:27:21,1787138842,13.821999,100.513393,-21.4,,-2.2,-3.4,113.8,113.8,,,,20.8,0,POSCTL,0,0
2026-08-19T18:27:22,1787138843,13.821999,100.513393,-21.4,,-2.2,-3.4,113.8,113.8,,,,20.8,0,POSCTL,0,0
2026-08-19T18:27:23,1787138844,13.821999,100.513393,-21.4,,-2.2,-3.4,113.7,113.7,,,,20.8,0,POSCTL,0,0
2026-08-19T18:27:24,1787138845,13.82204,100.513266,-32.8,,-2.2,-3.4,113.7,113.7,,,,20.8,0,POSCTL,0,0
2026-08-19T18:27:25,1787138846,13.82204,100.513266,-32.8,,-2.2,-3.3,113.7,113.7,,,,20.8,0,POSCTL,0,0
2026-08-19T18:27:26,1787138847,13.82204,100.513266,-32.8,,-2.2,-3.3,113.7,113.7,,,,20.8,0,POSCTL,0,0
2026-08-19T18:27:27,1787138848,13.82204,100.513266,-32.8,,-2.2,-3.4,113.8,113.8,,,,20.8,0,POSCTL,0,0
2026-08-19T18:27:28,1787138849,13.822061,100.513243,-34.6,,-2.2,-3.4,113.8,113.8,,,,20.8,0,POSCTL,0,0
2026-08-19T18:27:29,1787138850,13.822061,100.513243,-34.6,,-2.2,-3.4,113.7,113.7,,,,20.8,0,POSCTL,0,0
2026-08-19T18:27:30,1787138851,13.822061,100.513243,-34.6,,-2.2,-3.4,113.7,113.7,,,,20.8,0,POSCTL,0,0
2026-08-19T18:27:31,1787138852,13.822061,100.513243,-34.6,,-2.3,-3.3,113.7,113.7,,,,20.8,0,POSCTL,0,0
2026-08-19T18:27:32,1787138853,13.822074,100.513207,-37.9,,-2.3,-3.3,113.7,113.7,,,,20.8,0,POSCTL,0,0
2026-08-19T18:27:33,1787138854,13.822074,100.513207,-37.9,,-2.3,-3.3,113.7,113.7,,,,20.8,0,POSCTL,0,0
2026-08-19T18:27:34,1787138855,13.822074,100.513207,-37.9,,-2.3,-3.3,113.7,113.7,,,,20.8,0,POSCTL,0,0
2026-08-19T18:27:35,1787138856,13.822074,100.513207,-37.9,,-2.4,-3.3,113.6,113.6,,,,20.8,0,POSCTL,0,0
2026-08-19T18:27:36,1787138857,13.822052,100.513185,-38.4,,-2.4,-3.3,113.6,113.6,,,,20.8,0,POSCTL,0,0
2026-08-19T18:27:37,1787138858,13.822052,100.513185,-38.4,,-2.4,-3.3,113.6,113.6,,,,20.8,0,POSCTL,0,0
2026-08-19T18:27:38,1787138859,13.822052,100.513185,-38.4,,-2.4,-3.3,113.6,113.6,,,,20.8,0,POSCTL,0,0
2026-08-19T18:27:39,1787138860,13.822052,100.513185,-38.4,,-2.4,-3.3,113.6,113.6,,,,20.8,0,POSCTL,0,0
2026-08-19T18:27:40,1787138861,13.822052,100.513185,-38.4,,-2.4,-3.3,113.6,113.6,,,,20.8,0,POSCTL,0,0
2026-08-19T18:27:41,1787138862,13.822052,100.513185,-38.4,,-2.4,-3.3,113.6,113.6,,,,20.8,0,POSCTL,0,0
2026-08-19T18:27:42,1787138863,13.822052,100.513185,-38.4,,-2.4,-3.3,113.6,113.6,,,,20.8,0,POSCTL,0,0
2026-08-19T18:27:43,1787138864,13.822004,100.51326,-37.2,,-2.4,-3.3,113.6,113.6,,,,20.8,0,POSCTL,0,0
2026-08-19T18:27:44,1787138865,13.822004,100.51326,-37.2,,-2.4,-3.3,113.7,113.7,,,,20.8,0,POSCTL,0,0
2026-08-19T18:27:45,1787138866,13.822004,100.51326,-37.2,,-2.4,-3.3,113.7,113.7,,,,20.8,0,POSCTL,0,0
2026-08-19T18:27:46,1787138867,13.822004,100.51326,-37.2,,-2.4,-3.3,113.7,113.7,,,,20.8,0,POSCTL,0,0
2026-08-19T18:27:47,1787138868,13.821998,100.513317,-27.0,,-2.4,-3.3,113.7,113.7,,,,20.8,0,POSCTL,0,0
2026-08-19T18:27:48,1787138869,13.821998,100.513317,-27.0,,-2.4,-3.3,113.7,113.7,,,,20.8,0,POSCTL,0,0
2026-08-19T18:27:49,1787138870,13.821998,100.513317,-27.0,,-2.4,-3.3,113.7,113.7,,,,20.8,0,POSCTL,0,0
2026-08-19T18:27:50,1787138871,13.821998,100.513317,-27.0,,-2.4,-3.3,113.7,113.7,,,,20.8,0,POSCTL,0,0
2026-08-19T18:27:51,1787138872,13.821998,100.513317,-27.0,,-2.4,-3.3,113.7,113.7,,,,20.8,0,POSCTL,0,0
2026-08-19T18:27:52,1787138873,13.821998,100.513317,-27.0,,-2.4,-3.3,113.7,113.7,,,,20.8,0,POSCTL,0,0
2026-08-19T18:27:53,1787138874,13.821998,100.513317,-27.0,,-2.4,-3.3,113.7,113.7,,,,20.8,0,POSCTL,0,0
2026-08-19T18:27:54,1787138875,13.821408,100.512779,-166.5,,-2.4,-3.3,113.7,113.7,,,,20.8,0,POSCTL,0,0
2026-08-19T18:27:55,1787138876,13.821408,100.512779,-166.5,,-2.4,-3.3,113.7,113.7,,,,20.8,0,POSCTL,0,0
2026-08-19T18:27:56,1787138877,13.821408,100.512779,-166.5,,-2.4,-3.3,113.7,113.7,,,,20.8,0,POSCTL,0,0
2026-08-19T18:27:57,1787138878,13.821408,100.512779,-166.5,,-2.4,-3.3,113.7,113.7,,,,20.8,0,POSCTL,0,0
2026-08-19T18:27:58,1787138879,13.821408,100.512779,-166.5,,-2.4,-3.3,113.7,113.7,,,,20.8,0,POSCTL,0,0
2026-08-19T18:27:59,1787138880,13.821408,100.512779,-166.5,,-2.4,-3.3,113.7,113.7,,,,20.8,0,POSCTL,0,0
2026-08-19T18:28:00,1787138881,13.821408,100.512779,-166.5,,-2.4,-3.3,113.7,113.7,,,,20.8,0,POSCTL,0,0
2026-08-19T18:28:01,1787138882,13.821408,100.512779,-166.5,,-2.4,-3.3,113.7,113.7,,,,20.8,0,POSCTL,0,0
2026-08-19T18:28:02,1787138883,13.821424,100.512673,-174.8,,-2.4,-3.3,113.7,113.7,,,,20.8,0,POSCTL,0,0
2026-08-19T18:28:03,1787138884,13.821424,100.512673,-174.8,,-2.4,-3.3,113.7,113.7,,,,20.8,0,POSCTL,0,0
2026-08-19T18:28:04,1787138885,13.821424,100.512673,-174.8,,-2.4,-3.3,113.7,113.7,,,,20.8,0,POSCTL,0,0
2026-08-19T18:28:05,1787138886,13.821424,100.512673,-174.8,,-2.4,-3.3,113.7,113.7,,,,20.8,0,POSCTL,0,0
2026-08-19T18:28:06,1787138887,13.821424,100.512673,-174.8,,-2.4,-3.3,113.7,113.7,,,,20.8,0,POSCTL,0,0
2026-08-19T18:28:07,1787138888,13.821424,100.512673,-174.8,,-2.4,-3.3,113.7,113.7,,,,20.8,0,POSCTL,0,0
2026-08-19T18:28:08,1787138889,13.821424,100.512673,-174.8,,-2.4,-3.3,113.7,113.7,,,,20.8,0,POSCTL,0,0
2026-08-19T18:28:09,1787138890,13.821424,100.512673,-174.8,,-2.4,-3.3,113.7,113.7,,,,20.8,0,POSCTL,0,0
2026-08-19T18:28:10,1787138891,13.821424,100.512673,-174.8,,-2.4,-3.3,113.7,113.7,,,,20.8,0,POSCTL,0,0
2026-08-19T18:28:13,1787138894,13.821424,100.512673,-174.8,,-2.4,-3.3,113.7,113.7,,,,20.79,0,POSCTL,0,0
2026-08-19T18:28:14,1787138895,13.821684,100.513151,-98.3,,-2.4,-3.3,113.7,113.7,,,,20.79,0,POSCTL,0,0
2026-08-19T18:28:15,1787138896,13.821684,100.513151,-98.3,,-2.4,-3.3,113.7,113.7,,,,20.79,0,POSCTL,0,0
2026-08-19T18:28:16,1787138897,13.821684,100.513151,-98.3,,-2.4,-3.3,113.7,113.7,,,,20.79,0,POSCTL,0,0
2026-08-19T18:28:17,1787138898,13.821684,100.513151,-98.3,,-2.4,-3.3,113.7,113.7,,,,20.79,0,POSCTL,0,0
2026-08-19T18:28:18,1787138899,13.821684,100.513151,-98.3,,-2.4,-3.3,113.7,113.7,,,,20.79,0,POSCTL,0,0
2026-08-19T18:28:19,1787138900,13.821684,100.513151,-98.3,,-2.4,-3.3,113.7,113.7,,,,20.79,0,POSCTL,0,0
2026-08-19T18:28:20,1787138901,13.821684,100.513151,-98.3,,-2.4,-3.3,113.7,113.7,,,,20.79,0,POSCTL,0,0
2026-08-19T18:28:21,1787138902,13.821684,100.513151,-98.3,,-2.4,-3.3,113.7,113.7,,,,20.79,0,POSCTL,0,0
2026-08-19T18:28:22,1787138903,13.821684,100.513151,-98.3,,-2.4,-3.3,113.7,113.7,,,,20.79,0,POSCTL,0,0
2026-08-19T18:28:23,1787138904,13.821684,100.513151,-98.3,,-2.4,-3.3,113.7,113.7,,,,20.79,0,POSCTL,0,0
2026-08-19T18:28:24,1787138905,13.821684,100.513151,-98.3,,-2.4,-3.3,113.7,113.7,,,,20.79,0,POSCTL,0,0
2026-08-19T18:28:25,1787138906,13.821684,100.513151,-98.3,,-2.4,-3.3,113.7,113.7,,,,20.79,0,POSCTL,0,0
2026-08-19T18:28:26,1787138907,13.821753,100.513184,-59.3,,-2.4,-3.3,113.7,113.7,,,,20.79,0,POSCTL,0,0
2026-08-19T18:28:27,1787138908,13.821753,100.513184,-59.3,,-2.4,-3.3,113.7,113.7,,,,20.79,0,POSCTL,0,0
2026-08-19T18:28:28,1787138909,13.821753,100.513184,-59.3,,-2.4,-3.3,113.7,113.7,,,,20.79,0,POSCTL,0,0
2026-08-19T18:28:29,1787138910,13.821753,100.513184,-59.3,,-2.4,-3.3,113.7,113.7,,,,20.79,0,POSCTL,0,0
2026-08-19T18:28:30,1787138911,13.821776,100.513229,-45.2,,-2.4,-3.3,113.7,113.7,,,,20.79,0,POSCTL,0,0
2026-08-19T18:28:31,1787138912,13.821776,100.513229,-45.2,,-2.4,-3.3,113.7,113.7,,,,20.79,0,POSCTL,0,0
2026-08-19T18:28:32,1787138913,13.821776,100.513229,-45.2,,-2.4,-3.3,113.7,113.7,,,,20.79,0,POSCTL,0,0
2026-08-19T18:28:33,1787138914,13.82178,100.513281,-35.5,,-2.4,-3.3,113.7,113.7,,,,20.79,0,POSCTL,0,0
2026-08-19T18:28:34,1787138915,13.82178,100.513281,-35.5,,-2.4,-3.3,113.7,113.7,,,,20.79,0,POSCTL,0,0
2026-08-19T18:28:35,1787138916,13.82178,100.513281,-35.5,,-2.4,-3.3,113.7,113.7,,,,20.79,0,POSCTL,0,0
2026-08-19T18:28:36,1787138917,13.82178,100.513281,-35.5,,-2.4,-3.3,113.7,113.7,,,,20.79,0,POSCTL,0,0
2026-08-19T18:28:37,1787138918,13.82178,100.513281,-35.5,,-2.4,-3.3,113.7,113.7,,,,20.79,0,POSCTL,0,0
2026-08-19T18:28:38,1787138919,13.821826,100.513383,-16.4,,-2.4,-3.3,113.7,113.7,,,,20.79,0,POSCTL,0,0
2026-08-19T18:28:39,1787138920,13.821826,100.513383,-16.4,,-2.4,-3.3,113.7,113.7,,,,20.79,0,POSCTL,0,0
2026-08-19T18:28:40,1787138921,13.821826,100.513383,-16.4,,-2.4,-3.3,113.7,113.7,,,,20.79,0,POSCTL,0,0
2026-08-19T18:28:41,1787138922,13.821826,100.513383,-16.4,,-2.4,-3.3,113.7,113.7,,,,20.79,0,POSCTL,0,0
2026-08-19T18:28:45,1787138926,13.821826,100.513383,-16.4,,-2.4,-3.3,113.7,113.7,,,,20.79,0,POSCTL,0,0
2026-08-19T18:28:46,1787138927,13.821929,100.513436,21.1,,-2.4,-3.3,113.7,113.7,,,,20.79,0,POSCTL,0,0
2026-08-19T18:28:47,1787138928,13.821929,100.513436,21.1,,-2.4,-3.3,113.7,113.7,,,,20.79,0,POSCTL,0,0
2026-08-19T18:28:48,1787138929,13.821929,100.513436,21.1,,-2.4,-3.3,113.6,113.6,,,,20.79,0,POSCTL,0,0
2026-08-19T18:28:49,1787138930,13.821977,100.51353,40.6,,-2.4,-3.3,113.6,113.6,,,,20.79,0,POSCTL,0,0
2026-08-19T18:28:50,1787138931,13.821977,100.51353,40.6,,-2.4,-3.3,113.6,113.6,,,,20.79,0,POSCTL,0,0
2026-08-19T18:28:51,1787138932,13.821977,100.51353,40.6,,-2.4,-3.3,113.6,113.6,,,,20.79,0,POSCTL,0,0
2026-08-19T18:28:52,1787138933,13.821977,100.51353,40.6,,-2.4,-3.3,113.6,113.6,,,,20.79,0,POSCTL,0,0
2026-08-19T18:28:53,1787138934,13.821977,100.51353,40.6,,-2.4,-3.3,113.6,113.6,,,,20.79,0,POSCTL,0,0
2026-08-19T18:28:54,1787138935,13.821977,100.51353,40.6,,-2.4,-3.3,113.6,113.6,,,,20.79,0,POSCTL,0,0
2026-08-19T18:28:55,1787138936,13.821977,100.51353,40.6,,-2.4,-3.3,113.6,113.6,,,,20.79,0,POSCTL,0,0
2026-08-19T18:28:56,1787138937,13.821977,100.51353,40.6,,-2.4,-3.3,113.6,113.6,,,,20.79,0,POSCTL,0,0
2026-08-19T18:28:57,1787138938,13.822008,100.513627,53.3,,-2.4,-3.3,113.6,113.6,,,,20.79,0,POSCTL,0,0
2026-08-19T18:28:58,1787138939,13.822008,100.513627,53.3,,-2.4,-3.3,113.6,113.6,,,,20.79,0,POSCTL,0,0
2026-08-19T18:28:59,1787138940,13.822008,100.513627,53.3,,-2.4,-3.3,113.6,113.6,,,,20.79,0,POSCTL,0,0
2026-08-19T18:29:00,1787138941,13.822008,100.513627,53.3,,-2.4,-3.3,113.7,113.7,,,,20.79,0,POSCTL,0,0
2026-08-19T18:29:01,1787138942,13.822008,100.513627,53.3,,-2.4,-3.3,113.7,113.7,,,,20.79,0,POSCTL,0,0
2026-08-19T18:29:02,1787138943,13.822008,100.513627,53.3,,-2.4,-3.3,113.7,113.7,,,,20.79,0,POSCTL,0,0
2026-08-19T18:29:03,1787138944,13.822008,100.513627,53.3,,-2.4,-3.3,113.7,113.7,,,,20.79,0,POSCTL,0,0
2026-08-19T18:29:04,1787138945,13.822008,100.513627,53.3,,-2.4,-3.3,113.7,113.7,,,,20.79,0,POSCTL,0,0
2026-08-19T18:29:05,1787138946,13.822087,100.513744,87.6,,-2.4,-3.3,113.7,113.7,,,,20.79,0,POSCTL,0,0
2026-08-19T18:29:06,1787138947,13.822087,100.513744,87.6,,-2.4,-3.3,113.7,113.7,,,,20.79,0,POSCTL,0,0
2026-08-19T18:29:07,1787138948,13.822087,100.513744,87.6,,-2.4,-3.3,113.7,113.7,,,,20.79,0,POSCTL,0,0
2026-08-19T18:29:08,1787138949,13.822087,100.513744,87.6,,-2.4,-3.3,113.7,113.7,,,,20.79,0,POSCTL,0,0
2026-08-19T18:29:09,1787138950,13.822375,100.514311,204.3,,-2.4,-3.3,113.7,113.7,,,,20.79,0,POSCTL,0,0
2026-08-19T18:29:10,1787138951,13.822375,100.514311,204.3,,-2.4,-3.3,113.7,113.7,,,,20.79,0,POSCTL,0,0
2026-08-19T18:29:11,1787138952,13.822375,100.514311,204.3,,-2.4,-3.3,113.7,113.7,,,,20.79,0,POSCTL,0,0
2026-08-19T18:29:12,1787138953,13.822375,100.514311,204.3,,-2.4,-3.3,113.7,113.7,,,,20.79,0,POSCTL,0,0
2026-08-19T18:29:13,1787138954,13.822375,100.514311,204.3,,-2.4,-3.3,113.7,113.7,,,,20.79,0,POSCTL,0,0
2026-08-19T18:29:14,1787138955,13.822375,100.514311,204.3,,-2.4,-3.3,113.7,113.7,,,,20.79,0,POSCTL,0,0
2026-08-19T18:29:15,1787138956,13.822375,100.514311,204.3,,-2.4,-3.3,113.7,113.7,,,,20.79,0,POSCTL,0,0
2026-08-19T18:29:16,1787138957,13.822375,100.514311,204.3,,-2.4,-3.3,113.7,113.7,,,,20.79,0,POSCTL,0,0
2026-08-19T18:29:17,1787138958,13.823565,100.516337,698.1,,-2.4,-3.3,113.7,113.7,,,,20.79,0,POSCTL,0,0
2026-08-19T18:29:18,1787138959,13.823565,100.516337,698.1,,-2.4,-3.3,113.7,113.7,,,,20.79,0,POSCTL,0,0
2026-08-19T18:29:19,1787138960,13.823565,100.516337,698.1,,-2.4,-3.3,113.7,113.7,,,,20.79,0,POSCTL,0,0
2026-08-19T18:29:20,1787138961,13.823565,100.516337,698.1,,-2.4,-3.3,113.7,113.7,,,,20.79,0,POSCTL,0,0
2026-08-19T18:29:21,1787138962,13.823407,100.515868,632.6,,-2.4,-3.3,113.7,113.7,,,,20.79,0,POSCTL,0,0
2026-08-19T18:29:22,1787138963,13.823407,100.515868,632.6,,-2.4,-3.3,113.7,113.7,,,,20.79,0,POSCTL,0,0
2026-08-19T18:29:23,1787138964,13.823407,100.515868,632.6,,-2.4,-3.3,113.7,113.7,,,,20.79,0,POSCTL,0,0
2026-08-19T18:29:24,1787138965,13.823407,100.515868,632.6,,-2.4,-3.3,113.7,113.7,,,,20.79,0,POSCTL,0,0
2026-08-19T18:29:25,1787138966,13.823407,100.515868,632.6,,-2.4,-3.3,113.7,113.7,,,,20.79,0,POSCTL,0,0
2026-08-19T18:29:26,1787138967,13.823407,100.515868,632.6,,-2.4,-3.3,113.7,113.7,,,,20.79,0,POSCTL,0,0
2026-08-19T18:29:27,1787138968,13.823407,100.515868,632.6,,-2.4,-3.3,113.7,113.7,,,,20.79,0,POSCTL,0,0
2026-08-19T18:29:28,1787138969,13.823407,100.515868,632.6,,-2.4,-3.3,113.7,113.7,,,,20.79,0,POSCTL,0,0
2026-08-19T18:29:29,1787138970,13.822932,100.515482,447.1,,-2.4,-3.3,113.7,113.7,,,,20.79,0,POSCTL,0,0
2026-08-19T18:29:30,1787138971,13.822932,100.515482,447.1,,-2.4,-3.3,113.7,113.7,,,,20.79,0,POSCTL,0,0
2026-08-19T18:29:31,1787138972,13.822932,100.515482,447.1,,-2.4,-3.3,113.7,113.7,,,,20.79,0,POSCTL,0,0
2026-08-19T18:29:32,1787138973,13.822932,100.515482,447.1,,-2.4,-3.3,113.7,113.7,,,,20.79,0,POSCTL,0,0
2026-08-19T18:29:33,1787138974,13.822932,100.515482,447.1,,-2.4,-3.3,113.7,113.7,,,,20.79,0,POSCTL,0,0
2026-08-19T18:29:34,1787138975,13.822932,100.515482,447.1,,-2.4,-3.3,113.7,113.7,,,,20.79,0,POSCTL,0,0
2026-08-19T18:29:35,1787138976,13.822932,100.515482,447.1,,-2.4,-3.3,113.7,113.7,,,,20.79,0,POSCTL,0,0
2026-08-19T18:29:36,1787138977,13.822932,100.515482,447.1,,-2.4,-3.3,113.7,113.7,,,,20.79,0,POSCTL,0,0
2026-08-19T18:29:37,1787138978,13.822511,100.514564,260.6,,-2.4,-3.3,113.7,113.7,,,,20.79,0,POSCTL,0,0
2026-08-19T18:29:38,1787138979,13.822511,100.514564,260.6,,-2.4,-3.3,113.7,113.7,,,,20.79,0,POSCTL,0,0
2026-08-19T18:29:39,1787138980,13.822511,100.514564,260.6,,-2.4,-3.3,113.7,113.7,,,,20.79,0,POSCTL,0,0
2026-08-19T18:29:40,1787138981,13.822511,100.514564,260.6,,-2.4,-3.3,113.7,113.7,,,,20.79,0,POSCTL,0,0
2026-08-19T18:29:41,1787138982,13.82236,100.514259,202.6,,-2.4,-3.3,113.7,113.7,,,,20.79,0,POSCTL,0,0
2026-08-19T18:29:42,1787138983,13.82236,100.514259,202.6,,-2.4,-3.3,113.7,113.7,,,,20.79,0,POSCTL,0,0
2026-08-19T18:29:43,1787138984,13.82236,100.514259,202.6,,-2.4,-3.3,113.7,113.7,,,,20.79,0,POSCTL,0,0
2026-08-19T18:29:44,1787138985,13.82236,100.514259,202.6,,-2.4,-3.3,113.7,113.7,,,,20.79,0,POSCTL,0,0
2026-08-19T18:29:45,1787138986,13.82226,100.514037,159.6,,-2.4,-3.3,113.7,113.7,,,,20.79,0,POSCTL,0,0
2026-08-19T18:29:46,1787138987,13.82226,100.514037,159.6,,-2.4,-3.3,113.7,113.7,,,,20.79,0,POSCTL,0,0
2026-08-19T18:29:47,1787138988,13.82226,100.514037,159.6,,-2.4,-3.3,113.7,113.7,,,,20.79,0,POSCTL,0,0
2026-08-19T18:29:48,1787138989,13.82226,100.514037,159.6,,-2.4,-3.3,113.7,113.7,,,,20.79,0,POSCTL,0,0
2026-08-19T18:29:49,1787138990,13.82226,100.514037,159.6,,-2.4,-3.3,113.7,113.7,,,,20.79,0,POSCTL,0,0
2026-08-19T18:29:50,1787138991,13.82226,100.514037,159.6,,-2.4,-3.3,113.7,113.7,,,,20.79,0,POSCTL,0,0
2026-08-19T18:29:51,1787138992,13.82226,100.514037,159.6,,-2.4,-3.3,113.7,113.7,,,,20.79,0,POSCTL,0,0
2026-08-19T18:29:52,1787138993,13.82226,100.514037,159.6,,-2.4,-3.3,113.7,113.7,,,,20.79,0,POSCTL,0,0
2026-08-19T18:29:53,1787138994,13.822129,100.513636,102.3,,-2.4,-3.3,113.7,113.7,,,,20.79,0,POSCTL,0,0
2026-08-19T18:29:54,1787138995,13.822129,100.513636,102.3,,-2.4,-3.3,113.7,113.7,,,,20.79,0,POSCTL,0,0
2026-08-19T18:29:55,1787138996,13.822129,100.513636,102.3,,-2.4,-3.3,113.7,113.7,,,,20.79,0,POSCTL,0,0
2026-08-19T18:29:56,1787138997,13.822129,100.513636,102.3,,-2.4,-3.3,113.7,113.7,,,,20.79,0,POSCTL,0,0
2026-08-19T18:29:57,1787138998,13.821762,100.513366,5.9,,-2.4,-3.3,113.7,113.7,,,,20.79,0,POSCTL,0,0
2026-08-19T18:29:58,1787138999,13.821762,100.513366,5.9,,-2.4,-3.3,113.7,113.7,,,,20.79,0,POSCTL,0,0
2026-08-19T18:29:59,1787139000,13.821762,100.513366,5.9,,-2.4,-3.3,113.7,113.7,,,,20.79,0,POSCTL,0,0
2026-08-19T18:30:00,1787139001,13.821762,100.513366,5.9,,-2.4,-3.3,113.7,113.7,,,,20.79,0,POSCTL,0,0
2026-08-19T18:30:01,1787139002,13.821762,100.513366,5.9,,-2.4,-3.3,113.7,113.7,,,,20.79,0,POSCTL,0,0
2026-08-19T18:30:02,1787139003,13.821762,100.513366,5.9,,-2.4,-3.3,113.7,113.7,,,,20.79,0,POSCTL,0,0
2026-08-19T18:30:03,1787139004,13.821762,100.513366,5.9,,-2.4,-3.3,113.7,113.7,,,,20.79,0,POSCTL,0,0
2026-08-19T18:30:04,1787139005,13.821762,100.513366,5.9,,-2.4,-3.3,113.7,113.7,,,,20.79,0,POSCTL,0,0
2026-08-19T18:30:05,1787139006,13.821449,100.512925,-87.8,,-2.4,-3.3,113.7,113.7,,,,20.79,0,POSCTL,0,0
2026-08-19T18:30:06,1787139007,13.821449,100.512925,-87.8,,-2.4,-3.3,113.7,113.7,,,,20.79,0,POSCTL,0,0
2026-08-19T18:30:07,1787139008,13.821449,100.512925,-87.8,,-2.4,-3.3,113.7,113.7,,,,20.79,0,POSCTL,0,0
2026-08-19T18:30:08,1787139009,13.821449,100.512925,-87.8,,-2.4,-3.3,113.7,113.7,,,,20.79,0,POSCTL,0,0
2026-08-19T18:30:09,1787139010,13.821449,100.512925,-87.8,,-2.4,-3.3,113.7,113.7,,,,20.79,0,POSCTL,0,0
2026-08-19T18:30:10,1787139011,13.821449,100.512925,-87.8,,-2.4,-3.3,113.7,113.7,,,,20.79,0,POSCTL,0,0
2026-08-19T18:30:11,1787139012,13.821449,100.512925,-87.8,,-2.4,-3.3,113.7,113.7,,,,20.79,0,POSCTL,0,0
2026-08-19T18:30:12,1787139013,13.821449,100.512925,-87.8,,-2.4,-3.3,113.7,113.7,,,,20.79,0,POSCTL,0,0
2026-08-19T18:30:13,1787139014,13.820576,100.511395,-268.7,,-2.4,-3.3,113.7,113.7,,,,20.79,0,POSCTL,0,0
2026-08-19T18:30:14,1787139015,13.820576,100.511395,-268.7,,-2.4,-3.3,113.7,113.7,,,,20.79,0,POSCTL,0,0
2026-08-19T18:30:15,1787139016,13.820576,100.511395,-268.7,,-2.4,-3.3,113.7,113.7,,,,20.79,0,POSCTL,0,0
2026-08-19T18:30:16,1787139017,13.820576,100.511395,-268.7,,-2.4,-3.3,113.7,113.7,,,,20.79,0,POSCTL,0,0
2026-08-19T18:30:17,1787139018,13.820232,100.510971,-309.8,,-2.4,-3.3,113.7,113.7,,,,20.79,0,POSCTL,0,0
2026-08-19T18:30:18,1787139019,13.820232,100.510971,-309.8,,-2.4,-3.3,113.7,113.7,,,,20.79,0,POSCTL,0,0
2026-08-19T18:30:19,1787139020,13.820232,100.510971,-309.8,,-2.4,-3.3,113.7,113.7,,,,20.79,0,POSCTL,0,0
2026-08-19T18:30:20,1787139021,13.820232,100.510971,-309.8,,-2.4,-3.3,113.7,113.7,,,,20.79,0,POSCTL,0,0
2026-08-19T18:30:21,1787139022,13.820232,100.510971,-309.8,,-2.4,-3.3,113.7,113.7,,,,20.79,0,POSCTL,0,0
2026-08-19T18:30:22,1787139023,13.820232,100.510971,-309.8,,-2.4,-3.3,113.7,113.7,,,,20.79,0,POSCTL,0,0
2026-08-19T18:30:23,1787139024,13.820232,100.510971,-309.8,,-2.4,-3.3,113.7,113.7,,,,20.79,0,POSCTL,0,0
2026-08-19T18:30:24,1787139025,13.820232,100.510971,-309.8,,-2.4,-3.3,113.7,113.7,,,,20.79,0,POSCTL,0,0
2026-08-19T18:30:25,1787139026,13.820232,100.510971,-309.8,,-2.4,-3.3,113.7,113.7,,,,20.79,0,POSCTL,0,0
2026-08-19T18:31:09,1787139070,13.821071,100.511444,-410.7,,-2.4,-3.3,113.6,113.6,,,,20.78,0,POSCTL,0,0
2026-08-19T18:31:10,1787139071,13.821071,100.511444,-410.7,,-2.4,-3.3,113.6,113.6,,,,20.78,0,POSCTL,0,0
2026-08-19T18:31:11,1787139072,13.821071,100.511444,-410.7,,-2.4,-3.3,113.6,113.6,,,,20.78,0,POSCTL,0,0
2026-08-19T18:31:12,1787139073,13.821398,100.512408,-227.1,,-2.4,-3.3,113.6,113.6,,,,20.78,0,POSCTL,0,0
2026-08-19T18:31:13,1787139074,13.821398,100.512408,-227.1,,-2.4,-3.3,113.6,113.6,,,,20.78,0,POSCTL,0,0
2026-08-19T18:31:14,1787139075,13.821398,100.512408,-227.1,,-2.4,-3.3,113.6,113.6,,,,20.78,0,POSCTL,0,0
2026-08-19T18:31:15,1787139076,13.821398,100.512408,-227.1,,-2.4,-3.3,113.7,113.7,,,,20.78,0,POSCTL,0,0
2026-08-19T18:31:16,1787139077,13.82193,100.513559,-6.0,,-2.4,-3.3,113.7,113.7,,,,20.78,0,POSCTL,0,0
2026-08-19T18:31:17,1787139078,13.82193,100.513559,-6.0,,-2.4,-3.3,113.7,113.7,,,,20.78,0,POSCTL,0,0
2026-08-19T18:31:18,1787139079,13.82193,100.513559,-6.0,,-2.4,-3.3,113.7,113.7,,,,20.78,0,POSCTL,0,0
2026-08-19T18:31:19,1787139080,13.82193,100.513559,-6.0,,-2.4,-3.3,113.7,113.7,,,,20.78,0,POSCTL,0,0
2026-08-19T18:31:20,1787139081,13.82205,100.513907,65.1,,-2.4,-3.3,113.7,113.7,,,,20.78,0,POSCTL,0,0
2026-08-19T18:31:21,1787139082,13.82205,100.513907,65.1,,-2.4,-3.3,113.7,113.7,,,,20.78,0,POSCTL,0,0
2026-08-19T18:31:22,1787139083,13.82205,100.513907,65.1,,-2.4,-3.3,113.7,113.7,,,,20.78,0,POSCTL,0,0
2026-08-19T18:31:23,1787139084,13.822119,100.514312,132.8,,-2.4,-3.3,113.7,113.7,,,,20.78,0,POSCTL,0,0
2026-08-19T18:31:24,1787139085,13.822119,100.514312,132.8,,-2.4,-3.3,113.7,113.7,,,,20.78,0,POSCTL,0,0
2026-08-19T18:31:25,1787139086,13.822119,100.514312,132.8,,-2.4,-3.3,113.7,113.7,,,,20.78,0,POSCTL,0,0
2026-08-19T18:31:26,1787139087,13.822119,100.514312,132.8,,-2.4,-3.3,113.7,113.7,,,,20.78,0,POSCTL,0,0
2026-08-19T18:31:27,1787139088,13.822288,100.51479,219.0,,-2.4,-3.3,113.7,113.7,,,,20.78,0,POSCTL,0,0
2026-08-19T18:31:28,1787139089,13.822288,100.51479,219.0,,-2.4,-3.3,113.7,113.7,,,,20.78,0,POSCTL,0,0
2026-08-19T18:31:29,1787139090,13.822288,100.51479,219.0,,-2.4,-3.3,113.7,113.7,,,,20.78,0,POSCTL,0,0
2026-08-19T18:31:30,1787139091,13.822423,100.515137,274.9,,-2.4,-3.3,113.7,113.7,,,,20.78,0,POSCTL,0,0
2026-08-19T18:31:31,1787139092,13.822423,100.515137,274.9,,-2.4,-3.3,113.7,113.7,,,,20.78,0,POSCTL,0,0
2026-08-19T18:31:32,1787139093,13.822423,100.515137,274.9,,-2.4,-3.3,113.7,113.7,,,,20.78,0,POSCTL,0,0
2026-08-19T18:31:33,1787139094,13.822423,100.515137,274.9,,-2.4,-3.3,113.7,113.7,,,,20.78,0,POSCTL,0,0
2026-08-19T18:31:34,1787139095,13.822423,100.515137,274.9,,-2.4,-3.3,113.7,113.7,,,,20.78,0,POSCTL,0,0
2026-08-19T18:31:35,1787139096,13.822793,100.515247,322.2,,-2.4,-3.3,113.7,113.7,,,,20.78,0,POSCTL,0,0
2026-08-19T18:31:36,1787139097,13.822793,100.515247,322.2,,-2.4,-3.3,113.7,113.7,,,,20.78,0,POSCTL,0,0
2026-08-19T18:31:37,1787139098,13.822793,100.515247,322.2,,-2.4,-3.3,113.7,113.7,,,,20.78,0,POSCTL,0,0
2026-08-19T18:31:38,1787139099,13.823216,100.51521,353.8,,-2.4,-3.3,113.7,113.7,,,,20.78,0,POSCTL,0,0
2026-08-19T18:31:39,1787139100,13.823216,100.51521,353.8,,-2.4,-3.3,113.7,113.7,,,,20.78,0,POSCTL,0,0
2026-08-19T18:31:40,1787139101,13.823216,100.51521,353.8,,-2.4,-3.3,113.7,113.7,,,,20.78,0,POSCTL,0,0
2026-08-19T18:31:41,1787139102,13.823216,100.51521,353.8,,-2.4,-3.3,113.7,113.7,,,,20.78,0,POSCTL,0,0
2026-08-19T18:31:42,1787139103,13.823216,100.51521,353.8,,-2.4,-3.3,113.7,113.7,,,,20.78,0,POSCTL,0,0
2026-08-19T18:31:43,1787139104,13.822718,100.515074,297.6,,-2.4,-3.3,113.7,113.7,,,,20.78,0,POSCTL,0,0
2026-08-19T18:31:44,1787139105,13.822718,100.515074,297.6,,-2.4,-3.3,113.7,113.7,,,,20.78,0,POSCTL,0,0
2026-08-19T18:31:45,1787139106,13.822718,100.515074,297.6,,-2.4,-3.3,113.7,113.7,,,,20.78,0,POSCTL,0,0
2026-08-19T18:31:46,1787139107,13.822295,100.514944,243.7,,-2.4,-3.3,113.7,113.7,,,,20.78,0,POSCTL,0,0
2026-08-19T18:31:47,1787139108,13.822295,100.514944,243.7,,-2.4,-3.3,113.7,113.7,,,,20.78,0,POSCTL,0,0
2026-08-19T18:31:48,1787139109,13.822295,100.514944,243.7,,-2.4,-3.3,113.7,113.7,,,,20.78,0,POSCTL,0,0
2026-08-19T18:31:49,1787139110,13.822295,100.514944,243.7,,-2.4,-3.3,113.7,113.7,,,,20.78,0,POSCTL,0,0
2026-08-19T18:31:50,1787139111,13.822681,100.51566,382.0,,-2.4,-3.3,113.7,113.7,,,,20.78,0,POSCTL,0,0
2026-08-19T18:31:51,1787139112,13.822681,100.51566,382.0,,-2.4,-3.3,113.7,113.7,,,,20.78,0,POSCTL,0,0
2026-08-19T18:31:52,1787139113,13.822681,100.51566,382.0,,-2.4,-3.3,113.7,113.7,,,,20.78,0,POSCTL,0,0
2026-08-19T18:31:53,1787139114,13.822681,100.51566,382.0,,-2.4,-3.3,113.7,113.7,,,,20.78,0,POSCTL,0,0
2026-08-19T18:31:54,1787139115,13.822681,100.51566,382.0,,-2.4,-3.3,113.7,113.7,,,,20.78,0,POSCTL,0,0
2026-08-19T18:31:55,1787139116,13.822681,100.51566,382.0,,-2.4,-3.3,113.7,113.7,,,,20.78,0,POSCTL,0,0
2026-08-19T18:31:56,1787139117,13.822681,100.51566,382.0,,-2.4,-3.3,113.7,113.7,,,,20.78,0,POSCTL,0,0
2026-08-19T18:31:59,1787139120,13.822681,100.51566,382.0,,-2.4,-3.3,113.7,113.7,,,,20.78,0,POSCTL,0,0
2026-08-19T18:32:00,1787139121,13.822681,100.51566,382.0,,-2.4,-3.3,113.7,113.7,,,,20.78,0,POSCTL,0,0
2026-08-19T18:32:01,1787139122,13.822681,100.51566,382.0,,-2.4,-3.3,113.7,113.7,,,,20.78,0,POSCTL,0,0
2026-08-19T18:32:02,1787139123,13.822946,100.517067,725.2,,-2.4,-3.3,113.7,113.7,,,,20.78,0,POSCTL,0,0
2026-08-19T18:32:03,1787139124,13.822946,100.517067,725.2,,-2.4,-3.3,113.7,113.7,,,,20.78,0,POSCTL,0,0
2026-08-19T18:32:04,1787139125,13.822946,100.517067,725.2,,-2.4,-3.3,113.7,113.7,,,,20.78,0,POSCTL,0,0
2026-08-19T18:32:05,1787139126,13.822946,100.517067,725.2,,-2.4,-3.3,113.7,113.7,,,,20.78,0,POSCTL,0,0
2026-08-19T18:32:06,1787139127,13.822573,100.515968,526.2,,-2.4,-3.3,113.7,113.7,,,,20.78,0,POSCTL,0,0
2026-08-19T18:32:07,1787139128,13.822573,100.515968,526.2,,-2.4,-3.3,113.7,113.7,,,,20.78,0,POSCTL,0,0
2026-08-19T18:32:08,1787139129,13.822573,100.515968,526.2,,-2.4,-3.3,113.7,113.7,,,,20.78,0,POSCTL,0,0
2026-08-19T18:32:09,1787139130,13.822573,100.515968,526.2,,-2.4,-3.3,113.7,113.7,,,,20.78,0,POSCTL,0,0
2026-08-19T18:32:10,1787139131,13.822224,100.514874,319.1,,-2.4,-3.3,113.7,113.7,,,,20.78,0,POSCTL,0,0
2026-08-19T18:32:11,1787139132,13.822224,100.514874,319.1,,-2.4,-3.3,113.7,113.7,,,,20.78,0,POSCTL,0,0
2026-08-19T18:32:12,1787139133,13.822224,100.514874,319.1,,-2.4,-3.3,113.7,113.7,,,,20.78,0,POSCTL,0,0
2026-08-19T18:32:13,1787139134,13.822224,100.514874,319.1,,-2.4,-3.3,113.7,113.7,,,,20.78,0,POSCTL,0,0
2026-08-19T18:32:14,1787139135,13.822224,100.514874,319.1,,-2.4,-3.3,113.7,113.7,,,,20.78,0,POSCTL,0,0
2026-08-19T18:32:15,1787139136,13.822224,100.514874,319.1,,-2.4,-3.3,113.7,113.7,,,,20.78,0,POSCTL,0,0
2026-08-19T18:32:16,1787139137,13.822224,100.514874,319.1,,-2.4,-3.3,113.7,113.7,,,,20.78,0,POSCTL,0,0
2026-08-19T18:32:17,1787139138,13.822224,100.514874,319.1,,-2.4,-3.3,113.7,113.7,,,,20.78,0,POSCTL,0,0
2026-08-19T18:32:18,1787139139,13.822224,100.514874,319.1,,-2.4,-3.3,113.7,113.7,,,,20.78,0,POSCTL,0,0
2026-08-19T18:32:19,1787139140,13.822224,100.514874,319.1,,-2.4,-3.3,113.7,113.7,,,,20.78,0,POSCTL,0,0
2026-08-19T18:32:20,1787139141,13.820696,100.511721,-512.1,,-2.4,-3.3,113.7,113.7,,,,20.78,0,POSCTL,0,0
2026-08-19T18:32:21,1787139142,13.820696,100.511721,-512.1,,-2.4,-3.3,113.7,113.7,,,,20.78,0,POSCTL,0,0
2026-08-19T18:32:22,1787139143,13.820696,100.511721,-512.1,,-2.4,-3.3,113.7,113.7,,,,20.78,0,POSCTL,0,0
2026-08-19T18:32:23,1787139144,13.820696,100.511721,-512.1,,-2.4,-3.3,113.7,113.7,,,,20.78,0,POSCTL,0,0
2026-08-19T18:32:24,1787139145,13.820206,100.510014,-807.0,,-2.4,-3.3,113.7,113.7,,,,20.78,0,POSCTL,0,0
2026-08-19T18:32:25,1787139146,13.820206,100.510014,-807.0,,-2.4,-3.3,113.7,113.7,,,,20.78,0,POSCTL,0,0
2026-08-19T18:32:26,1787139147,13.820206,100.510014,-807.0,,-2.4,-3.3,113.7,113.7,,,,20.78,0,POSCTL,0,0
2026-08-19T18:32:27,1787139148,13.820206,100.510014,-807.0,,-2.4,-3.3,113.7,113.7,,,,20.78,0,POSCTL,0,0
2026-08-19T18:32:28,1787139149,13.820206,100.510014,-807.0,,-2.4,-3.3,113.7,113.7,,,,20.78,0,POSCTL,0,0
2026-08-19T18:32:29,1787139150,13.820206,100.510014,-807.0,,-2.4,-3.3,113.7,113.7,,,,20.78,0,POSCTL,0,0
2026-08-19T18:32:34,1787139155,13.821614,100.511122,-262.4,,-2.4,-3.3,113.7,113.7,,,,20.78,0,POSCTL,0,0
2026-08-19T18:32:35,1787139156,13.821614,100.511122,-262.4,,-2.4,-3.3,113.7,113.7,,,,20.78,0,POSCTL,0,0
2026-08-19T18:32:36,1787139157,13.821614,100.511122,-262.4,,-2.4,-3.3,113.7,113.7,,,,20.78,0,POSCTL,0,0
2026-08-19T18:32:37,1787139158,13.821614,100.511122,-262.4,,-2.4,-3.3,113.7,113.7,,,,20.78,0,POSCTL,0,0
2026-08-19T18:32:40,1787139161,13.821614,100.511122,-262.4,,-2.4,-3.3,113.7,113.7,,,,20.78,0,POSCTL,0,0
2026-08-19T18:32:41,1787139162,13.821614,100.511122,-262.4,,-2.4,-3.3,113.7,113.7,,,,20.78,0,POSCTL,0,0
2026-08-19T18:32:42,1787139163,13.821604,100.511297,-244.7,,-2.4,-3.3,113.7,113.7,,,,20.78,0,POSCTL,0,0
2026-08-19T18:32:43,1787139164,13.821604,100.511297,-244.7,,-2.4,-3.3,113.7,113.7,,,,20.78,0,POSCTL,0,0
2026-08-19T18:32:44,1787139165,13.821604,100.511297,-244.7,,-2.4,-3.3,113.7,113.7,,,,20.78,0,POSCTL,0,0
2026-08-19T18:32:45,1787139166,13.821604,100.511297,-244.7,,-2.4,-3.3,113.7,113.7,,,,20.78,0,POSCTL,0,0
2026-08-19T18:32:46,1787139167,13.821604,100.511297,-244.7,,-2.4,-3.3,113.7,113.7,,,,20.78,0,POSCTL,0,0
2026-08-19T18:32:47,1787139168,13.821604,100.511297,-244.7,,-2.4,-3.3,113.7,113.7,,,,20.78,0,POSCTL,0,0
2026-08-19T18:32:48,1787139169,13.821604,100.511297,-244.7,,-2.4,-3.3,113.7,113.7,,,,20.78,0,POSCTL,0,0
2026-08-19T18:32:49,1787139170,13.821604,100.511297,-244.7,,-2.4,-3.3,113.7,113.7,,,,20.78,0,POSCTL,0,0
2026-08-19T18:32:50,1787139171,13.821604,100.511297,-244.7,,-2.4,-3.3,113.7,113.7,,,,20.78,0,POSCTL,0,0
2026-08-19T18:32:51,1787139172,13.821536,100.511051,-311.2,,-2.4,-3.3,113.7,113.7,,,,20.78,0,POSCTL,0,0
2026-08-19T18:32:52,1787139173,13.821536,100.511051,-311.2,,-2.4,-3.3,113.7,113.7,,,,20.78,0,POSCTL,0,0
2026-08-19T18:32:53,1787139174,13.821536,100.511051,-311.2,,-2.4,-3.3,113.7,113.7,,,,20.78,0,POSCTL,0,0
2026-08-19T18:32:54,1787139175,13.821536,100.511051,-311.2,,-2.4,-3.3,113.7,113.7,,,,20.78,0,POSCTL,0,0
2026-08-19T18:32:55,1787139176,13.821488,100.511022,-310.2,,-2.4,-3.3,113.7,113.7,,,,20.78,0,POSCTL,0,0
2026-08-19T18:32:56,1787139177,13.821488,100.511022,-310.2,,-2.4,-3.3,113.7,113.7,,,,20.78,0,POSCTL,0,0
2026-08-19T18:32:57,1787139178,13.821488,100.511022,-310.2,,-2.4,-3.3,113.7,113.7,,,,20.78,0,POSCTL,0,0
2026-08-19T18:32:58,1787139179,13.821488,100.511022,-310.2,,-2.4,-3.3,113.7,113.7,,,,20.78,0,POSCTL,0,0
2026-08-19T18:32:59,1787139180,13.821575,100.511838,-196.1,,-2.4,-3.3,113.7,113.7,,,,20.78,0,POSCTL,0,0
2026-08-19T18:33:00,1787139181,13.821575,100.511838,-196.1,,-2.4,-3.3,113.7,113.7,,,,20.78,0,POSCTL,0,0
2026-08-19T18:33:01,1787139182,13.821575,100.511838,-196.1,,-2.4,-3.3,113.7,113.7,,,,20.78,0,POSCTL,0,0
2026-08-19T18:33:02,1787139183,13.821575,100.511838,-196.1,,-2.4,-3.3,113.7,113.7,,,,20.78,0,POSCTL,0,0
2026-08-19T18:33:03,1787139184,13.82164,100.512182,-153.2,,-2.4,-3.3,113.7,113.7,,,,20.78,0,POSCTL,0,0
2026-08-19T18:33:04,1787139185,13.82164,100.512182,-153.2,,-2.4,-3.3,113.7,113.7,,,,20.78,0,POSCTL,0,0
2026-08-19T18:33:05,1787139186,13.82164,100.512182,-153.2,,-2.4,-3.3,113.7,113.7,,,,20.78,0,POSCTL,0,0
2026-08-19T18:33:06,1787139187,13.82164,100.512182,-153.2,,-2.4,-3.3,113.7,113.7,,,,20.78,0,POSCTL,0,0
2026-08-19T18:33:07,1787139188,13.82164,100.512182,-153.2,,-2.4,-3.3,113.7,113.7,,,,20.78,0,POSCTL,0,0
2026-08-19T18:33:08,1787139189,13.82164,100.512182,-153.2,,-2.4,-3.3,113.7,113.7,,,,20.78,0,POSCTL,0,0
2026-08-19T18:33:09,1787139190,13.82164,100.512182,-153.2,,-2.4,-3.3,113.7,113.7,,,,20.78,0,POSCTL,0,0
2026-08-19T18:33:10,1787139191,13.82164,100.512182,-153.2,,-2.4,-3.3,113.7,113.7,,,,20.78,0,POSCTL,0,0
2026-08-19T18:33:11,1787139192,13.82164,100.512182,-153.2,,-2.4,-3.3,113.7,113.7,,,,20.78,0,POSCTL,0,0
2026-08-19T18:33:12,1787139193,13.821711,100.512677,-92.7,,-2.4,-3.3,113.7,113.7,,,,20.78,0,POSCTL,0,0
2026-08-19T18:33:13,1787139194,13.821711,100.512677,-92.7,,-2.4,-3.3,113.7,113.7,,,,20.78,0,POSCTL,0,0
2026-08-19T18:33:14,1787139195,13.821711,100.512677,-92.7,,-2.4,-3.3,113.7,113.7,,,,20.78,0,POSCTL,0,0
2026-08-19T18:33:15,1787139196,13.821711,100.512677,-92.7,,-2.4,-3.3,113.7,113.7,,,,20.78,0,POSCTL,0,0
2026-08-19T18:33:16,1787139197,13.821711,100.512677,-92.7,,-2.4,-3.3,113.7,113.7,,,,20.78,0,POSCTL,0,0
2026-08-19T18:33:17,1787139198,13.821711,100.512677,-92.7,,-2.4,-3.3,113.7,113.7,,,,20.78,0,POSCTL,0,0
2026-08-19T18:33:18,1787139199,13.821711,100.512677,-92.7,,-2.4,-3.3,113.7,113.7,,,,20.78,0,POSCTL,0,0
2026-08-19T18:33:19,1787139200,13.821711,100.512677,-92.7,,-2.4,-3.3,113.7,113.7,,,,20.78,0,POSCTL,0,0
2026-08-19T18:33:20,1787139201,13.821711,100.512677,-92.7,,-2.4,-3.3,113.7,113.7,,,,20.78,0,POSCTL,0,0
2026-08-19T18:33:21,1787139202,13.821711,100.512677,-92.7,,-2.4,-3.3,113.7,113.7,,,,20.78,0,POSCTL,0,0
2026-08-19T18:33:22,1787139203,13.821711,100.512677,-92.7,,-2.4,-3.3,113.7,113.7,,,,20.77,0,POSCTL,0,0
2026-08-19T18:33:23,1787139204,13.821527,100.51207,-156.6,,-2.4,-3.3,113.7,113.7,,,,20.77,0,POSCTL,0,0
2026-08-19T18:33:24,1787139205,13.821527,100.51207,-156.6,,-2.4,-3.3,113.7,113.7,,,,20.77,0,POSCTL,0,0
2026-08-19T18:33:25,1787139206,13.821527,100.51207,-156.6,,-2.4,-3.3,113.7,113.7,,,,20.77,0,POSCTL,0,0
2026-08-19T18:33:26,1787139207,13.821527,100.51207,-156.6,,-2.4,-3.3,113.7,113.7,,,,20.77,0,POSCTL,0,0
2026-08-19T18:33:27,1787139208,13.821527,100.51207,-156.6,,-2.4,-3.3,113.7,113.7,,,,20.77,0,POSCTL,0,0
2026-08-19T18:33:28,1787139209,13.821527,100.51207,-156.6,,-2.4,-3.3,113.7,113.7,,,,20.77,0,POSCTL,0,0
2026-08-19T18:33:29,1787139210,13.821527,100.51207,-156.6,,-2.4,-3.3,113.7,113.7,,,,20.77,0,POSCTL,0,0
2026-08-19T18:33:30,1787139211,13.821527,100.51207,-156.6,,-2.4,-3.3,113.7,113.7,,,,20.77,0,POSCTL,0,0
2026-08-19T18:33:31,1787139212,13.821527,100.51207,-156.6,,-2.4,-3.3,113.7,113.7,,,,20.77,0,POSCTL,0,0
2026-08-19T18:33:33,1787139214,13.821527,100.51207,-156.6,,-2.4,-3.3,113.7,113.7,,,,20.77,0,POSCTL,0,0
2026-08-19T18:33:34,1787139215,13.821527,100.51207,-156.6,,-2.4,-3.3,113.7,113.7,,,,20.77,0,POSCTL,0,0
2026-08-19T18:33:35,1787139216,13.821527,100.51207,-156.6,,-2.4,-3.3,113.7,113.7,,,,20.77,0,POSCTL,0,0
2026-08-19T18:33:36,1787139217,13.82175,100.512709,-58.5,,-2.4,-3.3,113.7,113.7,,,,20.77,0,POSCTL,0,0
2026-08-19T18:33:37,1787139218,13.82175,100.512709,-58.5,,-2.4,-3.3,113.7,113.7,,,,20.77,0,POSCTL,0,0
2026-08-19T18:33:38,1787139219,13.82175,100.512709,-58.5,,-2.4,-3.3,113.7,113.7,,,,20.77,0,POSCTL,0,0
2026-08-19T18:33:39,1787139220,13.82175,100.512709,-58.5,,-2.4,-3.3,113.7,113.7,,,,20.77,0,POSCTL,0,0
2026-08-19T18:33:40,1787139221,13.82175,100.512709,-58.5,,-2.4,-3.3,113.7,113.7,,,,20.77,0,POSCTL,0,0
2026-08-19T18:33:41,1787139222,13.82175,100.512709,-58.5,,-2.4,-3.3,113.7,113.7,,,,20.77,0,POSCTL,0,0
2026-08-19T18:33:42,1787139223,13.82175,100.512709,-58.5,,-2.4,-3.3,113.6,113.6,,,,20.77,0,POSCTL,0,0
2026-08-19T18:33:43,1787139224,13.821935,100.512995,-13.4,,-2.4,-3.3,113.6,113.6,,,,20.77,0,POSCTL,0,0
2026-08-19T18:33:44,1787139225,13.821935,100.512995,-13.4,,-2.4,-3.3,113.6,113.6,,,,20.77,0,POSCTL,0,0
2026-08-19T18:33:45,1787139226,13.821935,100.512995,-13.4,,-2.4,-3.3,113.6,113.6,,,,20.77,0,POSCTL,0,0
2026-08-19T18:33:46,1787139227,13.821935,100.512995,-13.4,,-2.4,-3.3,113.6,113.6,,,,20.77,0,POSCTL,0,0
2026-08-19T18:33:47,1787139228,13.821935,100.512995,-13.4,,-2.4,-3.3,113.7,113.7,,,,20.77,0,POSCTL,0,0
2026-08-19T18:33:48,1787139229,13.822088,100.512868,6.0,,-2.4,-3.3,113.7,113.7,,,,20.77,0,POSCTL,0,0
2026-08-19T18:33:49,1787139230,13.822088,100.512868,6.0,,-2.4,-3.3,113.7,113.7,,,,20.77,0,POSCTL,0,0
2026-08-19T18:33:50,1787139231,13.822088,100.512868,6.0,,-2.4,-3.3,113.7,113.7,,,,20.77,0,POSCTL,0,0
2026-08-19T18:33:51,1787139232,13.822088,100.512868,6.0,,-2.4,-3.3,113.7,113.7,,,,20.77,0,POSCTL,0,0
2026-08-19T18:33:52,1787139233,13.822088,100.512868,6.0,,-2.4,-3.3,113.7,113.7,,,,20.77,0,POSCTL,0,0
2026-08-19T18:33:53,1787139234,13.822096,100.513073,3.5,,-2.4,-3.3,113.7,113.7,,,,20.77,0,POSCTL,0,0
2026-08-19T18:33:54,1787139235,13.822096,100.513073,3.5,,-2.4,-3.3,113.7,113.7,,,,20.77,0,POSCTL,0,0
2026-08-19T18:33:55,1787139236,13.822096,100.513073,3.5,,-2.4,-3.3,113.7,113.7,,,,20.77,0,POSCTL,0,0
2026-08-19T18:33:56,1787139237,13.822096,100.513073,3.5,,-2.4,-3.3,113.7,113.7,,,,20.77,0,POSCTL,0,0
2026-08-19T18:33:57,1787139238,13.822096,100.513073,3.5,,-2.4,-3.3,113.7,113.7,,,,20.77,0,POSCTL,0,0
2026-08-19T18:33:58,1787139239,13.822096,100.513073,3.5,,-2.4,-3.3,113.7,113.7,,,,20.77,0,POSCTL,0,0
2026-08-19T18:33:59,1787139240,13.822096,100.513073,3.5,,-2.4,-3.3,113.7,113.7,,,,20.77,0,POSCTL,0,0
2026-08-19T18:34:00,1787139241,13.822096,100.513073,3.5,,-2.4,-3.3,113.7,113.7,,,,20.77,0,POSCTL,0,0
2026-08-19T18:34:01,1787139242,13.822096,100.513073,3.5,,-2.4,-3.3,113.7,113.7,,,,20.77,0,POSCTL,0,0
2026-08-19T18:34:03,1787139244,13.822096,100.513073,3.5,,-2.4,-3.3,113.7,113.7,,,,20.77,0,POSCTL,0,0
2026-08-19T18:34:04,1787139245,13.822096,100.513073,3.5,,-2.4,-3.3,113.7,113.7,,,,20.77,0,POSCTL,0,0
2026-08-19T18:34:05,1787139246,13.822261,100.51304,-1.6,,-2.4,-3.3,113.7,113.7,,,,20.77,0,POSCTL,0,0
2026-08-19T18:34:06,1787139247,13.822261,100.51304,-1.6,,-2.4,-3.3,113.7,113.7,,,,20.77,0,POSCTL,0,0
2026-08-19T18:34:07,1787139248,13.822261,100.51304,-1.6,,-2.4,-3.3,113.7,113.7,,,,20.77,0,POSCTL,0,0
2026-08-19T18:34:08,1787139249,13.822264,100.513071,-7.6,,-2.4,-3.3,113.7,113.7,,,,20.77,0,POSCTL,0,0
2026-08-19T18:34:09,1787139250,13.822264,100.513071,-7.6,,-2.4,-3.3,113.7,113.7,,,,20.77,0,POSCTL,0,0
2026-08-19T18:34:10,1787139251,13.822264,100.513071,-7.6,,-2.4,-3.3,113.7,113.7,,,,20.77,0,POSCTL,0,0
2026-08-19T18:34:11,1787139252,13.822264,100.513071,-7.6,,-2.4,-3.3,113.7,113.7,,,,20.77,0,POSCTL,0,0
2026-08-19T18:34:12,1787139253,13.822264,100.513071,-7.6,,-2.4,-3.3,113.7,113.7,,,,20.77,0,POSCTL,0,0
2026-08-19T18:34:13,1787139254,13.822264,100.513071,-7.6,,-2.4,-3.3,113.7,113.7,,,,20.77,0,POSCTL,0,0
2026-08-19T18:34:14,1787139255,13.822264,100.513071,-7.6,,-2.4,-3.3,113.7,113.7,,,,20.77,0,POSCTL,0,0
2026-08-19T18:34:15,1787139256,13.822264,100.513071,-7.6,,-2.4,-3.3,113.7,113.7,,,,20.77,0,POSCTL,0,0
2026-08-19T18:34:16,1787139257,13.822264,100.513071,-7.6,,-2.4,-3.3,113.7,113.7,,,,20.77,0,POSCTL,0,0
2026-08-19T18:34:17,1787139258,13.822222,100.513274,-10.1,,-2.4,-3.3,113.7,113.7,,,,20.77,0,POSCTL,0,0
2026-08-19T18:34:18,1787139259,13.822222,100.513274,-10.1,,-2.4,-3.3,113.7,113.7,,,,20.77,0,POSCTL,0,0
2026-08-19T18:34:19,1787139260,13.822222,100.513274,-10.1,,-2.4,-3.3,113.7,113.7,,,,20.77,0,POSCTL,0,0
2026-08-19T18:34:20,1787139261,13.822222,100.513274,-10.1,,-2.4,-3.3,113.7,113.7,,,,20.77,0,POSCTL,0,0
2026-08-19T18:34:21,1787139262,13.822222,100.513274,-10.1,,-2.4,-3.3,113.7,113.7,,,,20.77,0,POSCTL,0,0
2026-08-19T18:34:22,1787139263,13.822222,100.513274,-10.1,,-2.4,-3.3,113.7,113.7,,,,20.77,0,POSCTL,0,0
2026-08-19T18:34:23,1787139264,13.822222,100.513274,-10.1,,-2.4,-3.3,113.7,113.7,,,,20.77,0,POSCTL,0,0
2026-08-19T18:34:24,1787139265,13.822222,100.513274,-10.1,,-2.4,-3.3,113.7,113.7,,,,20.77,0,POSCTL,0,0
2026-08-19T18:34:25,1787139266,13.822222,100.513274,-10.1,,-2.4,-3.3,113.7,113.7,,,,20.77,0,POSCTL,0,0
2026-08-19T18:34:26,1787139267,13.822222,100.513274,-10.1,,-2.4,-3.3,113.7,113.7,,,,20.77,0,POSCTL,0,0
2026-08-19T18:34:27,1787139268,13.822227,100.513259,-0.6,,-2.4,-3.3,113.7,113.7,,,,20.77,0,POSCTL,0,0
2026-08-19T18:34:28,1787139269,13.822227,100.513259,-0.6,,-2.4,-3.3,113.7,113.7,,,,20.77,0,POSCTL,0,0
2026-08-19T18:34:29,1787139270,13.822227,100.513259,-0.6,,-2.4,-3.3,113.7,113.7,,,,20.77,0,POSCTL,0,0
2026-08-19T18:34:30,1787139271,13.822227,100.513259,-0.6,,-2.4,-3.3,113.7,113.7,,,,20.77,0,POSCTL,0,0
2026-08-19T18:34:31,1787139272,13.822227,100.513259,-0.6,,-2.4,-3.3,113.7,113.7,,,,20.77,0,POSCTL,0,0
2026-08-19T18:34:32,1787139273,13.822227,100.513259,-0.6,,-2.4,-3.3,113.7,113.7,,,,20.77,0,POSCTL,0,0
2026-08-19T18:34:33,1787139274,13.822227,100.513259,-0.6,,-2.4,-3.3,113.7,113.7,,,,20.77,0,POSCTL,0,0
2026-08-19T18:34:34,1787139275,13.822227,100.513259,-0.6,,-2.4,-3.3,113.7,113.7,,,,20.77,0,POSCTL,0,0
2026-08-19T18:34:35,1787139276,13.822178,100.513329,6.2,,-2.4,-3.3,113.7,113.7,,,,20.77,0,POSCTL,0,0
2026-08-19T18:34:36,1787139277,13.822178,100.513329,6.2,,-2.4,-3.3,113.7,113.7,,,,20.77,0,POSCTL,0,0
2026-08-19T18:34:37,1787139278,13.822178,100.513329,6.2,,-2.4,-3.3,113.7,113.7,,,,20.77,0,POSCTL,0,0
2026-08-19T18:34:38,1787139279,13.822178,100.513329,6.2,,-2.4,-3.3,113.7,113.7,,,,20.77,0,POSCTL,0,0
2026-08-19T18:34:39,1787139280,13.822178,100.513329,6.2,,-2.4,-3.3,113.7,113.7,,,,20.77,0,POSCTL,0,0
2026-08-19T18:34:40,1787139281,13.822178,100.513329,6.2,,-2.4,-3.3,113.7,113.7,,,,20.77,0,POSCTL,0,0
2026-08-19T18:34:41,1787139282,13.822178,100.513329,6.2,,-2.4,-3.3,113.7,113.7,,,,20.77,0,POSCTL,0,0
2026-08-19T18:34:42,1787139283,13.822178,100.513329,6.2,,-2.4,-3.3,113.7,113.7,,,,20.77,0,POSCTL,0,0
2026-08-19T18:34:43,1787139284,13.822178,100.513329,6.2,,-2.4,-3.3,113.7,113.7,,,,20.77,0,POSCTL,0,0
2026-08-19T18:34:44,1787139285,13.822114,100.513368,-2.6,,-2.4,-3.3,113.7,113.7,,,,20.77,0,POSCTL,0,0
2026-08-19T18:34:45,1787139286,13.822114,100.513368,-2.6,,-2.4,-3.3,113.7,113.7,,,,20.77,0,POSCTL,0,0
2026-08-19T18:34:46,1787139287,13.822119,100.513338,-3.4,,-2.4,-3.3,113.7,113.7,,,,20.77,0,POSCTL,0,0
2026-08-19T18:34:47,1787139288,13.822119,100.513338,-3.4,,-2.4,-3.3,113.7,113.7,,,,20.77,0,POSCTL,0,0
2026-08-19T18:34:48,1787139289,13.822119,100.513338,-3.4,,-2.4,-3.3,113.7,113.7,,,,20.77,0,POSCTL,0,0
2026-08-19T18:34:49,1787139290,13.822119,100.513338,-3.4,,-2.4,-3.3,113.7,113.7,,,,20.77,0,POSCTL,0,0
2026-08-19T18:34:50,1787139291,13.822119,100.513338,-3.4,,-2.4,-3.3,113.7,113.7,,,,20.77,0,POSCTL,0,0
2026-08-19T18:34:51,1787139292,13.822119,100.513338,-3.4,,-2.4,-3.3,113.7,113.7,,,,20.77,0,POSCTL,0,0
2026-08-19T18:34:52,1787139293,13.822119,100.513338,-3.4,,-2.4,-3.3,113.7,113.7,,,,20.77,0,POSCTL,0,0
2026-08-19T18:34:53,1787139294,13.822087,100.513361,-3.9,,-2.4,-3.3,113.7,113.7,,,,20.77,0,POSCTL,0,0
2026-08-19T18:34:54,1787139295,13.822087,100.513361,-3.9,,-2.4,-3.3,113.7,113.7,,,,20.77,0,POSCTL,0,0
2026-08-19T18:34:55,1787139296,13.822087,100.513361,-3.9,,-2.4,-3.3,113.7,113.7,,,,20.77,0,POSCTL,0,0
2026-08-19T18:34:56,1787139297,13.822087,100.513361,-3.9,,-2.4,-3.3,113.7,113.7,,,,20.77,0,POSCTL,0,0
2026-08-19T18:34:57,1787139298,13.822087,100.513361,-3.9,,-2.4,-3.3,113.7,113.7,,,,20.77,0,POSCTL,0,0
2026-08-19T18:34:58,1787139299,13.822087,100.513361,-3.9,,-2.4,-3.3,113.7,113.7,,,,20.77,0,POSCTL,0,0
2026-08-19T18:34:59,1787139300,13.822087,100.513361,-3.9,,-2.4,-3.3,113.7,113.7,,,,20.77,0,POSCTL,0,0
2026-08-19T18:35:00,1787139301,13.822135,100.513309,1.1,,-2.4,-3.3,113.7,113.7,,,,20.77,0,POSCTL,0,0
2026-08-19T18:35:01,1787139302,13.822135,100.513309,1.1,,-2.4,-3.3,113.7,113.7,,,,20.77,0,POSCTL,0,0
2026-08-19T18:35:02,1787139303,13.822135,100.513309,1.1,,-2.4,-3.3,113.7,113.7,,,,20.77,0,POSCTL,0,0
2026-08-19T18:35:03,1787139304,13.822135,100.513309,1.1,,-2.4,-3.3,113.7,113.7,,,,20.77,0,POSCTL,0,0
2026-08-19T18:35:04,1787139305,13.822135,100.513309,1.1,,-2.4,-3.3,113.7,113.7,,,,20.77,0,POSCTL,0,0
2026-08-19T18:35:05,1787139306,13.822104,100.513351,-2.1,,-2.4,-3.3,113.7,113.7,,,,20.77,0,POSCTL,0,0
2026-08-19T18:35:06,1787139307,13.822104,100.513351,-2.1,,-2.4,-3.3,113.7,113.7,,,,20.77,0,POSCTL,0,0
2026-08-19T18:35:07,1787139308,13.822104,100.513351,-2.1,,-2.4,-3.3,113.7,113.7,,,,20.77,0,POSCTL,0,0
2026-08-19T18:35:08,1787139309,13.822071,100.51338,-3.0,,-2.4,-3.3,113.7,113.7,,,,20.77,0,POSCTL,0,0
2026-08-19T18:35:09,1787139310,13.822071,100.51338,-3.0,,-2.4,-3.3,113.7,113.7,,,,20.77,0,POSCTL,0,0
2026-08-19T18:35:10,1787139311,13.822071,100.51338,-3.0,,-2.4,-3.3,113.7,113.7,,,,20.77,0,POSCTL,0,0
2026-08-19T18:35:11,1787139312,13.822071,100.51338,-3.0,,-2.4,-3.3,113.7,113.7,,,,20.77,0,POSCTL,0,0
2026-08-19T18:35:12,1787139313,13.822041,100.513421,-1.5,,-2.4,-3.3,113.7,113.7,,,,20.77,0,POSCTL,0,0
2026-08-19T18:35:13,1787139314,13.822041,100.513421,-1.5,,-2.4,-3.3,113.7,113.7,,,,20.77,0,POSCTL,0,0
2026-08-19T18:35:14,1787139315,13.822041,100.513421,-1.5,,-2.4,-3.3,113.7,113.7,,,,20.77,0,POSCTL,0,0
2026-08-19T18:35:15,1787139316,13.822041,100.513421,-1.5,,-2.4,-3.3,113.7,113.7,,,,20.77,0,POSCTL,0,0
2026-08-19T18:35:16,1787139317,13.822041,100.513421,-1.5,,-2.4,-3.3,113.7,113.7,,,,20.77,0,POSCTL,0,0
2026-08-19T18:35:17,1787139318,13.822041,100.513421,-1.5,,-2.4,-3.3,113.7,113.7,,,,20.77,0,POSCTL,0,0
2026-08-19T18:35:18,1787139319,13.822041,100.513421,-1.5,,-2.4,-3.3,113.7,113.7,,,,20.77,0,POSCTL,0,0
2026-08-19T18:35:19,1787139320,13.822041,100.513421,-1.5,,-2.4,-3.3,113.7,113.7,,,,20.77,0,POSCTL,0,0
2026-08-19T18:35:20,1787139321,13.822041,100.513421,-1.5,,-2.4,-3.3,113.7,113.7,,,,20.77,0,POSCTL,0,0
2026-08-19T18:35:21,1787139322,13.822041,100.513421,-1.5,,-2.4,-3.3,113.7,113.7,,,,20.77,0,POSCTL,0,0
2026-08-19T18:35:22,1787139323,13.822041,100.513421,-1.5,,-2.4,-3.3,113.7,113.7,,,,20.77,0,POSCTL,0,0
2026-08-19T18:35:23,1787139324,13.822041,100.513421,-1.5,,-2.4,-3.3,113.7,113.7,,,,20.77,0,POSCTL,0,0
2026-08-19T18:35:24,1787139325,13.822041,100.513421,-1.5,,-2.4,-3.3,113.7,113.7,,,,20.77,0,POSCTL,0,0
2026-08-19T18:35:25,1787139326,13.822041,100.513421,-1.5,,-2.4,-3.3,113.7,113.7,,,,20.77,0,POSCTL,0,0
2026-08-19T18:35:26,1787139327,13.822041,100.513421,-1.5,,-2.4,-3.3,113.7,113.7,,,,20.77,0,POSCTL,0,0
2026-08-19T18:35:27,1787139328,13.822041,100.513421,-1.5,,-2.4,-3.3,113.7,113.7,,,,20.77,0,POSCTL,0,0
2026-08-19T18:35:28,1787139329,13.821977,100.51343,-12.0,,-2.4,-3.3,113.7,113.7,,,,20.77,0,POSCTL,0,0
2026-08-19T18:35:29,1787139330,13.821977,100.51343,-12.0,,-2.4,-3.3,113.7,113.7,,,,20.77,0,POSCTL,0,0
2026-08-19T18:35:30,1787139331,13.821977,100.51343,-12.0,,-2.4,-3.3,113.7,113.7,,,,20.77,0,POSCTL,0,0
2026-08-19T18:35:31,1787139332,13.821977,100.51343,-12.0,,-2.4,-3.3,113.7,113.7,,,,20.77,0,POSCTL,0,0
2026-08-19T18:35:32,1787139333,13.821977,100.51343,-12.0,,-2.4,-3.3,113.7,113.7,,,,20.77,0,POSCTL,0,0
2026-08-19T18:35:33,1787139334,13.821977,100.51343,-12.0,,-2.4,-3.3,113.7,113.7,,,,20.77,0,POSCTL,0,0
2026-08-19T18:35:34,1787139335,13.821977,100.51343,-12.0,,-2.4,-3.3,113.7,113.7,,,,20.77,0,POSCTL,0,0
2026-08-19T18:35:35,1787139336,13.821977,100.51343,-12.0,,-2.4,-3.3,113.7,113.7,,,,20.77,0,POSCTL,0,0
2026-08-19T18:35:36,1787139337,13.821963,100.513432,-11.5,,-2.4,-3.3,113.7,113.7,,,,20.77,0,POSCTL,0,0
2026-08-19T18:35:37,1787139338,13.821963,100.513432,-11.5,,-2.4,-3.3,113.7,113.7,,,,20.77,0,POSCTL,0,0
2026-08-19T18:35:38,1787139339,13.821963,100.513432,-11.5,,-2.4,-3.3,113.7,113.7,,,,20.77,0,POSCTL,0,0
2026-08-19T18:35:39,1787139340,13.821963,100.513432,-11.5,,-2.4,-3.3,113.7,113.7,,,,20.77,0,POSCTL,0,0
2026-08-19T18:35:40,1787139341,13.821963,100.513432,-11.5,,-2.4,-3.3,113.7,113.7,,,,20.77,0,POSCTL,0,0
2026-08-19T18:35:41,1787139342,13.821965,100.513444,-9.1,,-2.4,-3.3,113.7,113.7,,,,20.77,0,POSCTL,0,0
2026-08-19T18:35:42,1787139343,13.821965,100.513444,-9.1,,-2.4,-3.3,113.7,113.7,,,,20.77,0,POSCTL,0,0
2026-08-19T18:35:43,1787139344,13.821965,100.513444,-9.1,,-2.4,-3.3,113.7,113.7,,,,20.77,0,POSCTL,0,0
2026-08-19T18:35:44,1787139345,13.821965,100.513444,-9.1,,-2.4,-3.3,113.7,113.7,,,,20.77,0,POSCTL,0,0
2026-08-19T18:35:45,1787139346,13.821965,100.513444,-9.1,,-2.4,-3.3,113.7,113.7,,,,20.77,0,POSCTL,0,0
2026-08-19T18:35:46,1787139347,13.821965,100.513444,-9.1,,-2.4,-3.3,113.7,113.7,,,,20.77,0,POSCTL,0,0
2026-08-19T18:35:47,1787139348,13.821965,100.513444,-9.1,,-2.4,-3.3,113.7,113.7,,,,20.77,0,POSCTL,0,0
2026-08-19T18:35:48,1787139349,13.821965,100.513444,-9.1,,-2.4,-3.3,113.7,113.7,,,,20.77,0,POSCTL,0,0
2026-08-19T18:35:49,1787139350,13.821965,100.513444,-9.1,,-2.4,-3.3,113.7,113.7,,,,20.77,0,POSCTL,0,0
2026-08-19T18:35:50,1787139351,13.821965,100.513444,-9.1,,-2.4,-3.3,113.7,113.7,,,,20.77,0,POSCTL,0,0
2026-08-19T18:35:51,1787139352,13.821965,100.513444,-9.1,,-2.4,-3.3,113.7,113.7,,,,20.77,0,POSCTL,0,0
2026-08-19T18:35:52,1787139353,13.821968,100.513514,-6.5,,-2.4,-3.3,113.7,113.7,,,,20.77,0,POSCTL,0,0
2026-08-19T18:35:53,1787139354,13.821968,100.513514,-6.5,,-2.4,-3.3,113.7,113.7,,,,20.77,0,POSCTL,0,0
2026-08-19T18:35:54,1787139355,13.821968,100.513514,-6.5,,-2.4,-3.3,113.7,113.7,,,,20.77,0,POSCTL,0,0
2026-08-19T18:35:55,1787139356,13.821968,100.513514,-6.5,,-2.4,-3.3,113.7,113.7,,,,20.77,0,POSCTL,0,0
2026-08-19T18:35:56,1787139357,13.821968,100.513514,-6.5,,-2.4,-3.3,113.7,113.7,,,,20.76,0,POSCTL,0,0
2026-08-19T18:35:57,1787139358,13.821968,100.513514,-6.5,,-2.4,-3.3,113.7,113.7,,,,20.76,0,POSCTL,0,0
2026-08-19T18:35:59,1787139360,13.821958,100.513493,-9.5,,-2.4,-3.3,113.7,113.7,,,,20.76,0,POSCTL,0,0
2026-08-19T18:36:00,1787139361,13.821958,100.513493,-9.5,,-2.4,-3.3,113.7,113.7,,,,20.77,0,POSCTL,0,0
2026-08-19T18:36:01,1787139362,13.821958,100.513493,-9.5,,-2.4,-3.3,113.7,113.7,,,,20.77,0,POSCTL,0,0
2026-08-19T18:36:02,1787139363,13.821958,100.513493,-9.5,,-2.4,-3.3,113.7,113.7,,,,20.77,0,POSCTL,0,0
2026-08-19T18:36:03,1787139364,13.821972,100.513447,-16.0,,-2.4,-3.3,113.7,113.7,,,,20.77,0,POSCTL,0,0
2026-08-19T18:36:04,1787139365,13.821972,100.513447,-16.0,,-2.4,-3.3,113.7,113.7,,,,20.76,0,POSCTL,0,0
2026-08-19T18:36:05,1787139366,13.821972,100.513447,-16.0,,-2.4,-3.3,113.7,113.7,,,,20.76,0,POSCTL,0,0
2026-08-19T18:36:06,1787139367,13.821972,100.513447,-16.0,,-2.4,-3.3,113.7,113.7,,,,20.76,0,POSCTL,0,0
2026-08-19T18:36:07,1787139368,13.821972,100.513447,-16.0,,-2.4,-3.3,113.7,113.7,,,,20.76,0,POSCTL,0,0
2026-08-19T18:36:08,1787139369,13.821972,100.513447,-16.0,,-2.4,-3.3,113.7,113.7,,,,20.76,0,POSCTL,0,0
2026-08-19T18:36:09,1787139370,13.821996,100.513372,-24.1,,-2.4,-3.3,113.7,113.7,,,,20.76,0,POSCTL,0,0
2026-08-19T18:36:10,1787139371,13.821996,100.513372,-24.1,,-2.4,-3.3,113.7,113.7,,,,20.76,0,POSCTL,0,0
2026-08-19T18:36:11,1787139372,13.821996,100.513372,-24.1,,-2.4,-3.3,113.7,113.7,,,,20.76,0,POSCTL,0,0
2026-08-19T18:36:12,1787139373,13.821996,100.513372,-24.1,,-2.4,-3.3,113.6,113.6,,,,20.76,0,POSCTL,0,0
2026-08-19T18:36:13,1787139374,13.821987,100.513356,-27.0,,-2.4,-3.3,113.6,113.6,,,,20.76,0,POSCTL,0,0
2026-08-19T18:36:14,1787139375,13.821987,100.513356,-27.0,,-2.4,-3.3,113.6,113.6,,,,20.76,0,POSCTL,0,0
2026-08-19T18:36:15,1787139376,13.821987,100.513356,-27.0,,-2.4,-3.3,113.6,113.6,,,,20.76,0,POSCTL,0,0
2026-08-19T18:36:16,1787139377,13.821987,100.513356,-27.0,,-2.4,-3.3,113.6,113.6,,,,20.76,0,POSCTL,0,0
2026-08-19T18:36:17,1787139378,13.821987,100.513356,-27.0,,-2.4,-3.3,113.6,113.6,,,,20.76,0,POSCTL,0,0
2026-08-19T18:36:18,1787139379,13.821987,100.513356,-27.0,,-2.4,-3.3,113.6,113.6,,,,20.76,0,POSCTL,0,0
2026-08-19T18:36:19,1787139380,13.821982,100.513366,-27.2,,-2.4,-3.3,113.6,113.6,,,,20.76,0,POSCTL,0,0
2026-08-19T18:36:20,1787139381,13.821982,100.513366,-27.2,,-2.4,-3.3,113.6,113.6,,,,20.76,0,POSCTL,0,0
2026-08-19T18:36:21,1787139382,13.821982,100.513366,-27.2,,-2.4,-3.3,113.6,113.6,,,,20.76,0,POSCTL,0,0
2026-08-19T18:36:22,1787139383,13.821982,100.513366,-27.2,,-2.4,-3.3,113.7,113.7,,,,20.76,0,POSCTL,0,0
2026-08-19T18:36:23,1787139384,13.821977,100.513367,-27.1,,-2.4,-3.3,113.7,113.7,,,,20.76,0,POSCTL,0,0
2026-08-19T18:36:24,1787139385,13.821977,100.513367,-27.1,,-2.4,-3.3,113.7,113.7,,,,20.76,0,POSCTL,0,0
2026-08-19T18:36:25,1787139386,13.821977,100.513367,-27.1,,-2.4,-3.3,113.7,113.7,,,,20.76,0,POSCTL,0,0
2026-08-19T18:36:26,1787139387,13.821977,100.513367,-27.1,,-2.4,-3.3,113.7,113.7,,,,20.76,0,POSCTL,0,0
2026-08-19T18:36:27,1787139388,13.821977,100.513367,-27.1,,-2.4,-3.3,113.7,113.7,,,,20.76,0,POSCTL,0,0
2026-08-19T18:36:28,1787139389,13.821977,100.513367,-27.1,,-2.4,-3.3,113.7,113.7,,,,20.76,0,POSCTL,0,0
2026-08-19T18:36:29,1787139390,13.821978,100.513255,-62.2,,-2.4,-3.3,113.7,113.7,,,,20.76,0,POSCTL,0,0
2026-08-19T18:36:30,1787139391,13.821978,100.513255,-62.2,,-2.4,-3.3,113.7,113.7,,,,20.76,0,POSCTL,0,0
2026-08-19T18:36:31,1787139392,13.821978,100.513255,-62.2,,-2.4,-3.3,113.7,113.7,,,,20.76,0,POSCTL,0,0
2026-08-19T18:36:32,1787139393,13.821978,100.513255,-62.2,,-2.4,-3.3,113.7,113.7,,,,20.76,0,POSCTL,0,0
2026-08-19T18:36:33,1787139394,13.821978,100.513255,-62.2,,-2.4,-3.3,113.7,113.7,,,,20.76,0,POSCTL,0,0
2026-08-19T18:36:34,1787139395,13.821978,100.513255,-62.2,,-2.4,-3.3,113.7,113.7,,,,20.76,0,POSCTL,0,0
2026-08-19T18:36:35,1787139396,13.821978,100.513255,-62.2,,-2.4,-3.3,113.7,113.7,,,,20.76,0,POSCTL,0,0
2026-08-19T18:36:37,1787139398,13.822013,100.513148,-77.1,,-2.4,-3.3,113.7,113.7,,,,20.76,0,POSCTL,0,0
2026-08-19T18:36:38,1787139399,13.822013,100.513148,-77.1,,-2.4,-3.3,113.7,113.7,,,,20.76,0,POSCTL,0,0
2026-08-19T18:36:39,1787139400,13.822013,100.513148,-77.1,,-2.4,-3.3,113.7,113.7,,,,20.76,0,POSCTL,0,0
2026-08-19T18:36:40,1787139401,13.822013,100.513148,-77.1,,-2.4,-3.3,113.7,113.7,,,,20.76,0,POSCTL,0,0
2026-08-19T18:36:41,1787139402,13.822013,100.513148,-77.1,,-2.4,-3.3,113.7,113.7,,,,20.76,0,POSCTL,0,0
2026-08-19T18:36:42,1787139403,13.821919,100.513382,-34.5,,-2.4,-3.3,113.7,113.7,,,,20.76,0,POSCTL,0,0
2026-08-19T18:36:43,1787139404,13.821919,100.513382,-34.5,,-2.4,-3.3,113.7,113.7,,,,20.76,0,POSCTL,0,0
2026-08-19T18:36:44,1787139405,13.821919,100.513382,-34.5,,-2.4,-3.3,113.7,113.7,,,,20.76,0,POSCTL,0,0
2026-08-19T18:36:45,1787139406,13.821919,100.513382,-34.5,,-2.4,-3.3,113.7,113.7,,,,20.76,0,POSCTL,0,0
2026-08-19T18:36:46,1787139407,13.821919,100.513382,-34.5,,-2.4,-3.3,113.7,113.7,,,,20.76,0,POSCTL,0,0
2026-08-19T18:36:47,1787139408,13.821988,100.513419,-35.9,,-2.4,-3.3,113.7,113.7,,,,20.76,0,POSCTL,0,0
2026-08-19T18:36:48,1787139409,13.821988,100.513419,-35.9,,-2.4,-3.3,113.7,113.7,,,,20.76,0,POSCTL,0,0
2026-08-19T18:36:49,1787139410,13.821988,100.513419,-35.9,,-2.4,-3.3,113.7,113.7,,,,20.76,0,POSCTL,0,0
2026-08-19T18:36:50,1787139411,13.821988,100.513419,-35.9,,-2.4,-3.3,113.7,113.7,,,,20.76,0,POSCTL,0,0
2026-08-19T18:36:51,1787139412,13.821881,100.513486,-27.4,,-2.4,-3.3,113.7,113.7,,,,20.76,0,POSCTL,0,0
2026-08-19T18:36:52,1787139413,13.821881,100.513486,-27.4,,-2.4,-3.3,113.7,113.7,,,,20.76,0,POSCTL,0,0
2026-08-19T18:36:53,1787139414,13.821881,100.513486,-27.4,,-2.4,-3.3,113.7,113.7,,,,20.76,0,POSCTL,0,0
2026-08-19T18:36:54,1787139415,13.821881,100.513486,-27.4,,-2.4,-3.3,113.7,113.7,,,,20.76,0,POSCTL,0,0
2026-08-19T18:36:55,1787139416,13.821881,100.513486,-27.4,,-2.4,-3.3,113.7,113.7,,,,20.76,0,POSCTL,0,0
2026-08-19T18:36:56,1787139417,13.821773,100.513615,-7.1,,-2.4,-3.3,113.7,113.7,,,,20.76,0,POSCTL,0,0
2026-08-19T18:36:57,1787139418,13.821773,100.513615,-7.1,,-2.4,-3.3,113.7,113.7,,,,20.76,0,POSCTL,0,0
2026-08-19T18:36:58,1787139419,13.821773,100.513615,-7.1,,-2.4,-3.3,113.7,113.7,,,,20.76,0,POSCTL,0,0
2026-08-19T18:36:59,1787139420,13.821773,100.513615,-7.1,,-2.4,-3.3,113.7,113.7,,,,20.76,0,POSCTL,0,0
2026-08-19T18:37:00,1787139421,13.821773,100.513615,-7.1,,-2.4,-3.3,113.7,113.7,,,,20.76,0,POSCTL,0,0
2026-08-19T18:37:01,1787139422,13.821773,100.513615,-7.1,,-2.4,-3.3,113.7,113.7,,,,20.76,0,POSCTL,0,0
2026-08-19T18:37:02,1787139423,13.821773,100.513615,-7.1,,-2.4,-3.3,113.7,113.7,,,,20.76,0,POSCTL,0,0
2026-08-19T18:37:03,1787139424,13.821773,100.513615,-7.1,,-2.4,-3.3,113.7,113.7,,,,20.76,0,POSCTL,0,0
2026-08-19T18:37:04,1787139425,13.821773,100.513615,-7.1,,-2.4,-3.3,113.7,113.7,,,,20.76,0,POSCTL,0,0
2026-08-19T18:37:05,1787139426,13.821748,100.513641,-17.4,,-2.4,-3.3,113.7,113.7,,,,20.76,0,POSCTL,0,0
2026-08-19T18:37:06,1787139427,13.821748,100.513641,-17.4,,-2.4,-3.3,113.7,113.7,,,,20.76,0,POSCTL,0,0
2026-08-19T18:37:07,1787139428,13.821748,100.513641,-17.4,,-2.4,-3.3,113.7,113.7,,,,20.76,0,POSCTL,0,0
2026-08-19T18:37:08,1787139429,13.821731,100.513662,-20.0,,-2.4,-3.3,113.7,113.7,,,,20.76,0,POSCTL,0,0
2026-08-19T18:37:09,1787139430,13.821731,100.513662,-20.0,,-2.4,-3.3,113.7,113.7,,,,20.76,0,POSCTL,0,0
2026-08-19T18:37:10,1787139431,13.821731,100.513662,-20.0,,-2.4,-3.3,113.7,113.7,,,,20.76,0,POSCTL,0,0
2026-08-19T18:37:11,1787139432,13.821731,100.513662,-20.0,,-2.4,-3.3,113.7,113.7,,,,20.76,0,POSCTL,0,0
2026-08-19T18:37:12,1787139433,13.821731,100.513662,-20.0,,-2.4,-3.3,113.7,113.7,,,,20.76,0,POSCTL,0,0
2026-08-19T18:37:13,1787139434,13.821731,100.513662,-20.0,,-2.4,-3.3,113.7,113.7,,,,20.76,0,POSCTL,0,0
2026-08-19T18:37:14,1787139435,13.821731,100.513662,-20.0,,-2.4,-3.3,113.7,113.7,,,,20.76,0,POSCTL,0,0
2026-08-19T18:37:15,1787139436,13.821731,100.513662,-20.0,,-2.4,-3.3,113.7,113.7,,,,20.76,0,POSCTL,0,0
2026-08-19T18:37:16,1787139437,13.821755,100.513629,-29.6,,-2.4,-3.3,113.7,113.7,,,,20.76,0,POSCTL,0,0
2026-08-19T18:37:17,1787139438,13.821755,100.513629,-29.6,,-2.4,-3.3,113.7,113.7,,,,20.76,0,POSCTL,0,0
2026-08-19T18:37:18,1787139439,13.821744,100.513653,-25.3,,-2.4,-3.3,113.7,113.7,,,,20.76,0,POSCTL,0,0
2026-08-19T18:37:19,1787139440,13.821744,100.513653,-25.3,,-2.4,-3.3,113.7,113.7,,,,20.76,0,POSCTL,0,0
2026-08-19T18:37:20,1787139441,13.821744,100.513653,-25.3,,-2.4,-3.3,113.7,113.7,,,,20.76,0,POSCTL,0,0
2026-08-19T18:37:21,1787139442,13.821744,100.513653,-25.3,,-2.4,-3.3,113.7,113.7,,,,20.76,0,POSCTL,0,0
2026-08-19T18:37:22,1787139443,13.821744,100.513653,-25.3,,-2.4,-3.3,113.7,113.7,,,,20.76,0,POSCTL,0,0
2026-08-19T18:37:23,1787139444,13.821744,100.513653,-25.3,,-2.4,-3.3,113.7,113.7,,,,20.76,0,POSCTL,0,0
2026-08-19T18:37:24,1787139445,13.821744,100.513653,-25.3,,-2.4,-3.3,113.7,113.7,,,,20.76,0,POSCTL,0,0
2026-08-19T18:37:25,1787139446,13.821847,100.513553,-14.9,,-2.4,-3.3,113.7,113.7,,,,20.76,0,POSCTL,0,0
2026-08-19T18:37:26,1787139447,13.821847,100.513553,-14.9,,-2.4,-3.3,113.7,113.7,,,,20.76,0,POSCTL,0,0
2026-08-19T18:37:27,1787139448,13.821847,100.513553,-14.9,,-2.4,-3.3,113.7,113.7,,,,20.76,0,POSCTL,0,0
2026-08-19T18:37:28,1787139449,13.821847,100.513553,-14.9,,-2.4,-3.3,113.7,113.7,,,,20.76,0,POSCTL,0,0
2026-08-19T18:37:29,1787139450,13.821815,100.513654,-9.1,,-2.4,-3.3,113.7,113.7,,,,20.76,0,POSCTL,0,0
2026-08-19T18:37:30,1787139451,13.821815,100.513654,-9.1,,-2.4,-3.3,113.7,113.7,,,,20.76,0,POSCTL,0,0
2026-08-19T18:37:31,1787139452,13.821815,100.513654,-9.1,,-2.4,-3.3,113.7,113.7,,,,20.76,0,POSCTL,0,0
2026-08-19T18:37:32,1787139453,13.821815,100.513654,-9.1,,-2.4,-3.3,113.7,113.7,,,,20.76,0,POSCTL,0,0
2026-08-19T18:37:33,1787139454,13.821815,100.513654,-9.1,,-2.4,-3.3,113.7,113.7,,,,20.76,0,POSCTL,0,0
2026-08-19T18:37:34,1787139455,13.821815,100.513654,-9.1,,-2.4,-3.3,113.7,113.7,,,,20.76,0,POSCTL,0,0
2026-08-19T18:37:35,1787139456,13.821815,100.513654,-9.1,,-2.4,-3.3,113.7,113.7,,,,20.76,0,POSCTL,0,0
2026-08-19T18:37:36,1787139457,13.821815,100.513654,-9.1,,-2.4,-3.3,113.7,113.7,,,,20.76,0,POSCTL,0,0
2026-08-19T18:37:37,1787139458,13.821768,100.51379,-1.4,,-2.4,-3.3,113.7,113.7,,,,20.76,0,POSCTL,0,0
2026-08-19T18:37:38,1787139459,13.821768,100.51379,-1.4,,-2.4,-3.3,113.7,113.7,,,,20.76,0,POSCTL,0,0
2026-08-19T18:37:39,1787139460,13.821768,100.51379,-1.4,,-2.4,-3.3,113.7,113.7,,,,20.76,0,POSCTL,0,0
2026-08-19T18:37:40,1787139461,13.821751,100.51382,-0.7,,-2.4,-3.3,113.7,113.7,,,,20.76,0,POSCTL,0,0
2026-08-19T18:37:41,1787139462,13.821751,100.51382,-0.7,,-2.4,-3.3,113.7,113.7,,,,20.76,0,POSCTL,0,0
2026-08-19T18:37:42,1787139463,13.821751,100.51382,-0.7,,-2.4,-3.3,113.7,113.7,,,,20.76,0,POSCTL,0,0
2026-08-19T18:37:43,1787139464,13.821751,100.51382,-0.7,,-2.4,-3.3,113.7,113.7,,,,20.76,0,POSCTL,0,0
2026-08-19T18:37:44,1787139465,13.821751,100.51382,-0.7,,-2.4,-3.3,113.7,113.7,,,,20.76,0,POSCTL,0,0
2026-08-19T18:37:45,1787139466,13.821751,100.51382,-0.7,,-2.4,-3.3,113.7,113.7,,,,20.76,0,POSCTL,0,0
2026-08-19T18:37:46,1787139467,13.821751,100.51382,-0.7,,-2.4,-3.3,113.7,113.7,,,,20.76,0,POSCTL,0,0
2026-08-19T18:37:47,1787139468,13.821905,100.513544,-18.7,,-2.4,-3.3,113.7,113.7,,,,20.76,0,POSCTL,0,0
2026-08-19T18:37:48,1787139469,13.821905,100.513544,-18.7,,-2.4,-3.3,113.7,113.7,,,,20.76,0,POSCTL,0,0
2026-08-19T18:37:49,1787139470,13.821905,100.513544,-18.7,,-2.4,-3.3,113.7,113.7,,,,20.76,0,POSCTL,0,0
2026-08-19T18:37:50,1787139471,13.821905,100.513544,-18.7,,-2.4,-3.3,113.7,113.7,,,,20.76,0,POSCTL,0,0
2026-08-19T18:37:51,1787139472,13.821905,100.513544,-18.7,,-2.4,-3.3,113.7,113.7,,,,20.76,0,POSCTL,0,0
2026-08-19T18:37:52,1787139473,13.821905,100.513544,-18.7,,-2.4,-3.3,113.7,113.7,,,,20.76,0,POSCTL,0,0
2026-08-19T18:37:53,1787139474,13.821905,100.513544,-18.7,,-2.4,-3.3,113.7,113.7,,,,20.76,0,POSCTL,0,0
2026-08-19T18:37:54,1787139475,13.821905,100.513544,-18.7,,-2.4,-3.3,113.7,113.7,,,,20.76,0,POSCTL,0,0
2026-08-19T18:37:55,1787139476,13.821975,100.513308,-49.4,,-2.4,-3.3,113.7,113.7,,,,20.76,0,POSCTL,0,0
2026-08-19T18:37:56,1787139477,13.821975,100.513308,-49.4,,-2.4,-3.3,113.7,113.7,,,,20.76,0,POSCTL,0,0
2026-08-19T18:37:57,1787139478,13.821975,100.513308,-49.4,,-2.4,-3.3,113.7,113.7,,,,20.76,0,POSCTL,0,0
2026-08-19T18:37:58,1787139479,13.821975,100.513308,-49.4,,-2.4,-3.3,113.7,113.7,,,,20.76,0,POSCTL,0,0
2026-08-19T18:37:59,1787139480,13.821959,100.513319,-52.2,,-2.4,-3.3,113.7,113.7,,,,20.76,0,POSCTL,0,0
2026-08-19T18:38:00,1787139481,13.821959,100.513319,-52.2,,-2.4,-3.3,113.7,113.7,,,,20.76,0,POSCTL,0,0
2026-08-19T18:38:01,1787139482,13.821959,100.513319,-52.2,,-2.4,-3.3,113.7,113.7,,,,20.76,0,POSCTL,0,0
2026-08-19T18:38:02,1787139483,13.821959,100.513319,-52.2,,-2.4,-3.3,113.7,113.7,,,,20.76,0,POSCTL,0,0
2026-08-19T18:38:03,1787139484,13.821959,100.5133,-60.7,,-2.4,-3.3,113.7,113.7,,,,20.76,0,POSCTL,0,0
2026-08-19T18:38:04,1787139485,13.821959,100.5133,-60.7,,-2.4,-3.3,113.7,113.7,,,,20.76,0,POSCTL,0,0
2026-08-19T18:38:05,1787139486,13.821959,100.5133,-60.7,,-2.4,-3.3,113.7,113.7,,,,20.76,0,POSCTL,0,0
2026-08-19T18:38:06,1787139487,13.821959,100.5133,-60.7,,-2.4,-3.3,113.7,113.7,,,,20.76,0,POSCTL,0,0
2026-08-19T18:38:07,1787139488,13.821967,100.513295,-61.8,,-2.4,-3.3,113.7,113.7,,,,20.76,0,POSCTL,0,0
2026-08-19T18:38:08,1787139489,13.821967,100.513295,-61.8,,-2.4,-3.3,113.7,113.7,,,,20.76,0,POSCTL,0,0
2026-08-19T18:38:09,1787139490,13.821967,100.513295,-61.8,,-2.4,-3.3,113.7,113.7,,,,20.76,0,POSCTL,0,0
2026-08-19T18:38:10,1787139491,13.821967,100.513295,-61.8,,-2.4,-3.3,113.7,113.7,,,,20.76,0,POSCTL,0,0
2026-08-19T18:38:11,1787139492,13.821974,100.513283,-64.7,,-2.4,-3.3,113.7,113.7,,,,20.76,0,POSCTL,0,0
2026-08-19T18:38:12,1787139493,13.821974,100.513283,-64.7,,-2.4,-3.3,113.7,113.7,,,,20.75,0,POSCTL,0,0
2026-08-19T18:38:13,1787139494,13.821974,100.513283,-64.7,,-2.4,-3.3,113.7,113.7,,,,20.75,0,POSCTL,0,0
2026-08-19T18:38:14,1787139495,13.821974,100.513283,-64.7,,-2.4,-3.3,113.7,113.7,,,,20.75,0,POSCTL,0,0
2026-08-19T18:38:15,1787139496,13.821958,100.51331,-67.3,,-2.4,-3.3,113.7,113.7,,,,20.75,0,POSCTL,0,0
2026-08-19T18:38:16,1787139497,13.821958,100.51331,-67.3,,-2.4,-3.3,113.7,113.7,,,,20.75,0,POSCTL,0,0
2026-08-19T18:38:17,1787139498,13.821958,100.51331,-67.3,,-2.4,-3.3,113.7,113.7,,,,20.75,0,POSCTL,0,0
2026-08-19T18:38:18,1787139499,13.821958,100.51331,-67.3,,-2.4,-3.3,113.7,113.7,,,,20.75,0,POSCTL,0,0
2026-08-19T18:38:19,1787139500,13.821975,100.513293,-67.9,,-2.4,-3.3,113.7,113.7,,,,20.75,0,POSCTL,0,0
2026-08-19T18:38:20,1787139501,13.821975,100.513293,-67.9,,-2.4,-3.3,113.7,113.7,,,,20.75,0,POSCTL,0,0
2026-08-19T18:38:21,1787139502,13.821975,100.513293,-67.9,,-2.4,-3.3,113.7,113.7,,,,20.75,0,POSCTL,0,0
2026-08-19T18:38:22,1787139503,13.821975,100.513293,-67.9,,-2.4,-3.3,113.7,113.7,,,,20.75,0,POSCTL,0,0
2026-08-19T18:38:23,1787139504,13.821985,100.51328,-67.1,,-2.4,-3.3,113.7,113.7,,,,20.75,0,POSCTL,0,0
2026-08-19T18:38:24,1787139505,13.821985,100.51328,-67.1,,-2.4,-3.3,113.7,113.7,,,,20.75,0,POSCTL,0,0
2026-08-19T18:38:25,1787139506,13.821985,100.51328,-67.1,,-2.4,-3.3,113.7,113.7,,,,20.75,0,POSCTL,0,0
2026-08-19T18:38:26,1787139507,13.821985,100.51328,-67.1,,-2.4,-3.3,113.7,113.7,,,,20.75,0,POSCTL,0,0
2026-08-19T18:38:27,1787139508,13.821999,100.513255,-69.0,,-2.4,-3.3,113.7,113.7,,,,20.75,0,POSCTL,0,0
2026-08-19T18:38:28,1787139509,13.821999,100.513255,-69.0,,-2.4,-3.3,113.7,113.7,,,,20.75,0,POSCTL,0,0
2026-08-19T18:38:29,1787139510,13.821999,100.513255,-69.0,,-2.4,-3.3,113.7,113.7,,,,20.75,0,POSCTL,0,0
2026-08-19T18:38:30,1787139511,13.821999,100.513255,-69.0,,-2.4,-3.3,113.7,113.7,,,,20.75,0,POSCTL,0,0
2026-08-19T18:38:31,1787139512,13.821978,100.513225,-84.0,,-2.4,-3.3,113.7,113.7,,,,20.75,0,POSCTL,0,0
2026-08-19T18:38:32,1787139513,13.821978,100.513225,-84.0,,-2.4,-3.3,113.7,113.7,,,,20.75,0,POSCTL,0,0
2026-08-19T18:38:33,1787139514,13.821978,100.513225,-84.0,,-2.4,-3.3,113.7,113.7,,,,20.75,0,POSCTL,0,0
2026-08-19T18:38:34,1787139515,13.821978,100.513225,-84.0,,-2.4,-3.3,113.7,113.7,,,,20.75,0,POSCTL,0,0
2026-08-19T18:38:35,1787139516,13.821978,100.513225,-84.0,,-2.4,-3.3,113.7,113.7,,,,20.75,0,POSCTL,0,0
2026-08-19T18:38:36,1787139517,13.821978,100.513225,-84.0,,-2.4,-3.3,113.7,113.7,,,,20.75,0,POSCTL,0,0
2026-08-19T18:38:37,1787139518,13.821978,100.513225,-84.0,,-2.4,-3.3,113.7,113.7,,,,20.75,0,POSCTL,0,0
2026-08-19T18:38:38,1787139519,13.821978,100.513225,-84.0,,-2.4,-3.3,113.7,113.7,,,,20.75,0,POSCTL,0,0
2026-08-19T18:38:39,1787139520,13.821887,100.513147,-146.6,,-2.4,-3.3,113.7,113.7,,,,20.75,0,POSCTL,0,0
2026-08-19T18:38:40,1787139521,13.821887,100.513147,-146.6,,-2.4,-3.3,113.7,113.7,,,,20.75,0,POSCTL,0,0
2026-08-19T18:38:41,1787139522,13.821887,100.513147,-146.6,,-2.4,-3.3,113.7,113.7,,,,20.75,0,POSCTL,0,0
2026-08-19T18:38:42,1787139523,13.821912,100.51316,-128.7,,-2.4,-3.3,113.7,113.7,,,,20.75,0,POSCTL,0,0
2026-08-19T18:38:43,1787139524,13.821912,100.51316,-128.7,,-2.4,-3.3,113.7,113.7,,,,20.75,0,POSCTL,0,0
2026-08-19T18:38:44,1787139525,13.821912,100.51316,-128.7,,-2.4,-3.3,113.7,113.7,,,,20.75,0,POSCTL,0,0
2026-08-19T18:38:45,1787139526,13.821912,100.51316,-128.7,,-2.4,-3.3,113.7,113.7,,,,20.75,0,POSCTL,0,0
2026-08-19T18:38:46,1787139527,13.821912,100.51316,-128.7,,-2.4,-3.3,113.7,113.7,,,,20.75,0,POSCTL,0,0
2026-08-19T18:38:47,1787139528,13.821912,100.51316,-128.7,,-2.4,-3.3,113.7,113.7,,,,20.75,0,POSCTL,0,0
2026-08-19T18:38:48,1787139529,13.821912,100.51316,-128.7,,-2.4,-3.3,113.7,113.7,,,,20.75,0,POSCTL,0,0
2026-08-19T18:38:49,1787139530,13.821912,100.51316,-128.7,,-2.4,-3.3,113.7,113.7,,,,20.75,0,POSCTL,0,0
2026-08-19T18:38:50,1787139531,13.822034,100.512527,-273.8,,-2.4,-3.3,113.7,113.7,,,,20.75,0,POSCTL,0,0
2026-08-19T18:38:51,1787139532,13.822034,100.512527,-273.8,,-2.4,-3.3,113.7,113.7,,,,20.75,0,POSCTL,0,0
2026-08-19T18:38:52,1787139533,13.822034,100.512527,-273.8,,-2.4,-3.3,113.7,113.7,,,,20.75,0,POSCTL,0,0
2026-08-19T18:38:53,1787139534,13.822034,100.512527,-273.8,,-2.4,-3.3,113.7,113.7,,,,20.75,0,POSCTL,0,0
2026-08-19T18:38:54,1787139535,13.821918,100.512558,-279.5,,-2.4,-3.3,113.7,113.7,,,,20.75,0,POSCTL,0,0
2026-08-19T18:38:56,1787139536,13.821918,100.512558,-279.5,,-2.4,-3.3,113.7,113.7,,,,20.75,0,POSCTL,0,0
2026-08-19T18:38:57,1787139537,13.821918,100.512558,-279.5,,-2.4,-3.3,113.7,113.7,,,,20.75,0,POSCTL,0,0
2026-08-19T18:38:58,1787139538,13.821918,100.512558,-279.5,,-2.4,-3.3,113.7,113.7,,,,20.75,0,POSCTL,0,0
2026-08-19T18:38:59,1787139539,13.821918,100.512558,-279.5,,-2.4,-3.3,113.7,113.7,,,,20.75,0,POSCTL,0,0
2026-08-19T18:39:01,1787139541,13.821918,100.512558,-279.5,,-2.4,-3.3,113.7,113.7,,,,20.75,0,POSCTL,0,0
2026-08-19T18:39:02,1787139542,13.821918,100.512558,-279.5,,-2.4,-3.3,113.7,113.7,,,,20.75,0,POSCTL,0,0
2026-08-19T18:39:03,1787139543,13.821918,100.512558,-279.5,,-2.4,-3.3,113.7,113.7,,,,20.75,0,POSCTL,0,0
2026-08-19T18:39:04,1787139544,13.821918,100.512558,-279.5,,-2.4,-3.3,113.7,113.7,,,,20.75,0,POSCTL,0,0
2026-08-19T18:39:05,1787139545,13.821765,100.513099,-130.3,,-2.4,-3.3,113.7,113.7,,,,20.75,0,POSCTL,0,0
2026-08-19T18:39:06,1787139546,13.821765,100.513099,-130.3,,-2.4,-3.3,113.7,113.7,,,,20.75,0,POSCTL,0,0
2026-08-19T18:39:07,1787139547,13.821765,100.513099,-130.3,,-2.4,-3.3,113.6,113.6,,,,20.75,0,POSCTL,0,0
2026-08-19T18:39:08,1787139548,13.821765,100.513099,-130.3,,-2.4,-3.3,113.6,113.6,,,,20.75,0,POSCTL,0,0
2026-08-19T18:39:09,1787139549,13.821765,100.513099,-130.3,,-2.4,-3.3,113.6,113.6,,,,20.75,0,POSCTL,0,0
2026-08-19T18:39:10,1787139550,13.821765,100.513099,-130.3,,-2.4,-3.3,113.6,113.6,,,,20.75,0,POSCTL,0,0
2026-08-19T18:39:11,1787139551,13.821765,100.513099,-130.3,,-2.4,-3.3,113.6,113.6,,,,20.75,0,POSCTL,0,0
2026-08-19T18:39:12,1787139552,13.821765,100.513099,-130.3,,-2.4,-3.3,113.6,113.6,,,,20.75,0,POSCTL,0,0
2026-08-19T18:39:13,1787139553,13.821765,100.513099,-130.3,,-2.4,-3.3,113.6,113.6,,,,20.75,0,POSCTL,0,0
2026-08-19T18:39:14,1787139554,13.821765,100.513099,-130.3,,-2.4,-3.3,113.6,113.6,,,,20.75,0,POSCTL,0,0
2026-08-19T18:39:15,1787139555,13.821599,100.513374,-44.3,,-2.4,-3.3,113.7,113.7,,,,20.75,0,POSCTL,0,0
2026-08-19T18:39:16,1787139556,13.821599,100.513374,-44.3,,-2.4,-3.3,113.7,113.7,,,,20.75,0,POSCTL,0,0
2026-08-19T18:39:17,1787139557,13.821599,100.513374,-44.3,,-2.4,-3.3,113.7,113.7,,,,20.75,0,POSCTL,0,0
2026-08-19T18:39:18,1787139558,13.821599,100.513374,-44.3,,-2.4,-3.3,113.7,113.7,,,,20.75,0,POSCTL,0,0
2026-08-19T18:39:19,1787139559,13.821599,100.513374,-44.3,,-2.4,-3.3,113.6,113.6,,,,20.75,0,POSCTL,0,0
2026-08-19T18:39:20,1787139560,13.821599,100.513374,-44.3,,-2.4,-3.3,113.6,113.6,,,,20.75,0,POSCTL,0,0
2026-08-19T18:39:21,1787139561,13.821599,100.513374,-44.3,,-2.4,-3.3,113.6,113.6,,,,20.75,0,POSCTL,0,0
2026-08-19T18:39:22,1787139562,13.821716,100.51348,-18.4,,-2.4,-3.3,113.6,113.6,,,,20.75,0,POSCTL,0,0
2026-08-19T18:39:23,1787139563,13.821716,100.51348,-18.4,,-2.4,-3.3,113.6,113.6,,,,20.75,0,POSCTL,0,0
2026-08-19T18:39:24,1787139564,13.821716,100.51348,-18.4,,-2.4,-3.3,113.6,113.6,,,,20.75,0,POSCTL,0,0
2026-08-19T18:39:25,1787139565,13.821716,100.51348,-18.4,,-2.4,-3.3,113.7,113.7,,,,20.75,0,POSCTL,0,0
2026-08-19T18:39:26,1787139566,13.82175,100.51351,-24.2,,-2.4,-3.3,113.7,113.7,,,,20.75,0,POSCTL,0,0
2026-08-19T18:39:27,1787139567,13.82175,100.51351,-24.2,,-2.4,-3.3,113.7,113.7,,,,20.75,0,POSCTL,0,0
2026-08-19T18:39:28,1787139568,13.82175,100.51351,-24.2,,-2.4,-3.3,113.7,113.7,,,,20.75,0,POSCTL,0,0
2026-08-19T18:39:29,1787139569,13.82175,100.51351,-24.2,,-2.4,-3.3,113.7,113.7,,,,20.75,0,POSCTL,0,0
2026-08-19T18:39:30,1787139570,13.82175,100.51351,-24.2,,-2.4,-3.3,113.7,113.7,,,,20.75,0,POSCTL,0,0
2026-08-19T18:39:31,1787139571,13.82175,100.51351,-24.2,,-2.4,-3.3,113.7,113.7,,,,20.75,0,POSCTL,0,0
2026-08-19T18:39:32,1787139572,13.82175,100.51351,-24.2,,-2.4,-3.3,113.7,113.7,,,,20.75,0,POSCTL,0,0
2026-08-19T18:39:33,1787139573,13.82175,100.51351,-24.2,,-2.4,-3.3,113.7,113.7,,,,20.75,0,POSCTL,0,0
2026-08-19T18:39:34,1787139574,13.82175,100.51351,-24.2,,-2.4,-3.3,113.7,113.7,,,,20.75,0,POSCTL,0,0
2026-08-19T18:39:35,1787139575,13.821816,100.513619,-13.7,,-2.4,-3.3,113.7,113.7,,,,20.75,0,POSCTL,0,0
2026-08-19T18:39:36,1787139576,13.821816,100.513619,-13.7,,-2.4,-3.3,113.7,113.7,,,,20.75,0,POSCTL,0,0
2026-08-19T18:39:37,1787139577,13.821816,100.513619,-13.7,,-2.4,-3.3,113.7,113.7,,,,20.75,0,POSCTL,0,0
2026-08-19T18:39:38,1787139578,13.821816,100.513619,-13.7,,-2.4,-3.3,113.7,113.7,,,,20.75,0,POSCTL,0,0
2026-08-19T18:39:39,1787139579,13.821816,100.513619,-13.7,,-2.4,-3.3,113.7,113.7,,,,20.75,0,POSCTL,0,0
2026-08-19T18:39:40,1787139580,13.821816,100.513619,-13.7,,-2.4,-3.3,113.7,113.7,,,,20.75,0,POSCTL,0,0
2026-08-19T18:39:41,1787139581,13.821816,100.513619,-13.7,,-2.4,-3.3,113.7,113.7,,,,20.75,0,POSCTL,0,0
2026-08-19T18:39:42,1787139582,13.821816,100.513619,-13.7,,-2.4,-3.3,113.7,113.7,,,,20.75,0,POSCTL,0,0
2026-08-19T18:39:43,1787139583,13.821864,100.513662,2.6,,-2.4,-3.3,113.7,113.7,,,,20.75,0,POSCTL,0,0
2026-08-19T18:39:44,1787139584,13.821864,100.513662,2.6,,-2.4,-3.3,113.7,113.7,,,,20.75,0,POSCTL,0,0
2026-08-19T18:39:45,1787139585,13.821864,100.513662,2.6,,-2.4,-3.3,113.7,113.7,,,,20.75,0,POSCTL,0,0
2026-08-19T18:39:46,1787139586,13.821864,100.513662,2.6,,-2.4,-3.3,113.7,113.7,,,,20.75,0,POSCTL,0,0
2026-08-19T18:39:47,1787139587,13.821864,100.513662,2.6,,-2.4,-3.3,113.7,113.7,,,,20.75,0,POSCTL,0,0
2026-08-19T18:39:48,1787139588,13.821864,100.513662,2.6,,-2.4,-3.3,113.7,113.7,,,,20.75,0,POSCTL,0,0
2026-08-19T18:39:50,1787139590,13.821864,100.513662,2.6,,-2.4,-3.3,113.7,113.7,,,,20.75,0,POSCTL,0,0
2026-08-19T18:39:51,1787139591,13.821859,100.513723,19.1,,-2.4,-3.3,113.7,113.7,,,,20.75,0,POSCTL,0,0
2026-08-19T18:39:52,1787139592,13.821859,100.513723,19.1,,-2.4,-3.3,113.7,113.7,,,,20.75,0,POSCTL,0,0
2026-08-19T18:39:53,1787139593,13.821859,100.513723,19.1,,-2.4,-3.3,113.7,113.7,,,,20.75,0,POSCTL,0,0
2026-08-19T18:39:54,1787139594,13.821859,100.513723,19.1,,-2.4,-3.3,113.7,113.7,,,,20.75,0,POSCTL,0,0
2026-08-19T18:39:55,1787139595,13.821842,100.513737,21.3,,-2.4,-3.3,113.7,113.7,,,,20.75,0,POSCTL,0,0
2026-08-19T18:39:56,1787139596,13.821842,100.513737,21.3,,-2.4,-3.3,113.7,113.7,,,,20.75,0,POSCTL,0,0
2026-08-19T18:39:57,1787139597,13.821842,100.513737,21.3,,-2.4,-3.3,113.7,113.7,,,,20.75,0,POSCTL,0,0
2026-08-19T18:39:58,1787139598,13.821847,100.513753,28.1,,-2.4,-3.3,113.7,113.7,,,,20.75,0,POSCTL,0,0
2026-08-19T18:39:59,1787139599,13.821847,100.513753,28.1,,-2.4,-3.3,113.7,113.7,,,,20.75,0,POSCTL,0,0
2026-08-19T18:40:00,1787139600,13.821847,100.513753,28.1,,-2.4,-3.3,113.7,113.7,,,,20.75,0,POSCTL,0,0
2026-08-19T18:40:01,1787139601,13.821847,100.513753,28.1,,-2.4,-3.3,113.7,113.7,,,,20.75,0,POSCTL,0,0
2026-08-19T18:40:02,1787139602,13.821847,100.513753,28.1,,-2.4,-3.3,113.6,113.6,,,,20.75,0,POSCTL,0,0
2026-08-19T18:40:03,1787139603,13.821847,100.513772,30.2,,-2.4,-3.3,113.6,113.6,,,,20.75,0,POSCTL,0,0
2026-08-19T18:40:04,1787139604,13.821847,100.513772,30.2,,-2.4,-3.3,113.6,113.6,,,,20.75,0,POSCTL,0,0
2026-08-19T18:40:05,1787139605,13.821847,100.513772,30.2,,-2.4,-3.3,113.6,113.6,,,,20.75,0,POSCTL,0,0
2026-08-19T18:40:06,1787139606,13.821847,100.513772,30.2,,-2.4,-3.3,113.6,113.6,,,,20.75,0,POSCTL,0,0
2026-08-19T18:40:07,1787139607,13.821847,100.513772,30.2,,-2.4,-3.3,113.6,113.6,,,,20.75,0,POSCTL,0,0
2026-08-19T18:40:08,1787139608,13.821847,100.513772,30.2,,-2.4,-3.3,113.6,113.6,,,,20.75,0,POSCTL,0,0
2026-08-19T18:40:09,1787139609,13.821847,100.513772,30.2,,-2.4,-3.3,113.6,113.6,,,,20.75,0,POSCTL,0,0
2026-08-19T18:40:10,1787139610,13.821847,100.513772,30.2,,-2.4,-3.3,113.6,113.6,,,,20.75,0,POSCTL,0,0
2026-08-19T18:40:11,1787139611,13.821847,100.513772,30.2,,-2.4,-3.3,113.7,113.7,,,,20.75,0,POSCTL,0,0
2026-08-19T18:40:12,1787139612,13.821847,100.513772,30.2,,-2.4,-3.3,113.7,113.7,,,,20.75,0,POSCTL,0,0
2026-08-19T18:40:13,1787139613,13.821847,100.513772,30.2,,-2.4,-3.3,113.7,113.7,,,,20.75,0,POSCTL,0,0
2026-08-19T18:40:14,1787139614,13.821906,100.513636,44.1,,-2.4,-3.3,113.7,113.7,,,,20.75,0,POSCTL,0,0
2026-08-19T18:40:15,1787139615,13.821906,100.513636,44.1,,-2.4,-3.3,113.7,113.7,,,,20.75,0,POSCTL,0,0
2026-08-19T18:40:16,1787139616,13.821906,100.513636,44.1,,-2.4,-3.3,113.7,113.7,,,,20.75,0,POSCTL,0,0
2026-08-19T18:40:17,1787139617,13.821921,100.51362,50.7,,-2.4,-3.3,113.7,113.7,,,,20.75,0,POSCTL,0,0
2026-08-19T18:40:18,1787139618,13.821921,100.51362,50.7,,-2.4,-3.3,113.7,113.7,,,,20.75,0,POSCTL,0,0
2026-08-19T18:40:19,1787139619,13.821921,100.51362,50.7,,-2.4,-3.3,113.7,113.7,,,,20.75,0,POSCTL,0,0
2026-08-19T18:40:20,1787139620,13.821915,100.513619,47.3,,-2.4,-3.3,113.7,113.7,,,,20.75,0,POSCTL,0,0
2026-08-19T18:40:21,1787139621,13.821915,100.513619,47.3,,-2.4,-3.3,113.7,113.7,,,,20.75,0,POSCTL,0,0
2026-08-19T18:40:22,1787139622,13.821915,100.513619,47.3,,-2.4,-3.3,113.7,113.7,,,,20.75,0,POSCTL,0,0
2026-08-19T18:40:23,1787139623,13.821915,100.513619,47.3,,-2.4,-3.3,113.7,113.7,,,,20.75,0,POSCTL,0,0
2026-08-19T18:40:24,1787139624,13.821915,100.513619,47.3,,-2.4,-3.3,113.7,113.7,,,,20.75,0,POSCTL,0,0
2026-08-19T18:40:25,1787139625,13.821915,100.513619,47.3,,-2.4,-3.3,113.7,113.7,,,,20.75,0,POSCTL,0,0
2026-08-19T18:40:26,1787139626,13.821915,100.513619,47.3,,-2.4,-3.3,113.7,113.7,,,,20.75,0,POSCTL,0,0
2026-08-19T18:40:27,1787139627,13.82192,100.513588,39.6,,-2.4,-3.3,113.7,113.7,,,,20.75,0,POSCTL,0,0
2026-08-19T18:40:28,1787139628,13.82192,100.513588,39.6,,-2.4,-3.3,113.7,113.7,,,,20.75,0,POSCTL,0,0
2026-08-19T18:40:29,1787139629,13.82192,100.513588,39.6,,-2.4,-3.3,113.7,113.7,,,,20.75,0,POSCTL,0,0
2026-08-19T18:40:30,1787139630,13.82192,100.513588,39.6,,-2.4,-3.3,113.7,113.7,,,,20.75,0,POSCTL,0,0
2026-08-19T18:40:31,1787139631,13.82192,100.513588,39.6,,-2.4,-3.3,113.7,113.7,,,,20.75,0,POSCTL,0,0
2026-08-19T18:40:32,1787139632,13.82192,100.513588,39.6,,-2.4,-3.3,113.7,113.7,,,,20.75,0,POSCTL,0,0
2026-08-19T18:40:33,1787139633,13.82192,100.513588,39.6,,-2.4,-3.3,113.7,113.7,,,,20.75,0,POSCTL,0,0
2026-08-19T18:40:34,1787139634,13.82192,100.513588,39.6,,-2.4,-3.3,113.7,113.7,,,,20.75,0,POSCTL,0,0
2026-08-19T18:40:35,1787139635,13.82192,100.513588,39.6,,-2.4,-3.3,113.7,113.7,,,,20.75,0,POSCTL,0,0
2026-08-19T18:40:36,1787139636,13.82192,100.513588,39.6,,-2.4,-3.3,113.7,113.7,,,,20.75,0,POSCTL,0,0
2026-08-19T18:40:37,1787139637,13.82192,100.513588,39.6,,-2.4,-3.3,113.7,113.7,,,,20.75,0,POSCTL,0,0
2026-08-19T18:40:38,1787139638,13.82192,100.513588,39.6,,-2.4,-3.3,113.6,113.6,,,,20.75,0,POSCTL,0,0
2026-08-19T18:40:39,1787139639,13.821899,100.513681,44.8,,-2.4,-3.3,113.6,113.6,,,,20.75,0,POSCTL,0,0
2026-08-19T18:40:40,1787139640,13.821899,100.513681,44.8,,-2.4,-3.3,113.6,113.6,,,,20.74,0,POSCTL,0,0
2026-08-19T18:40:41,1787139641,13.821899,100.513681,44.8,,-2.4,-3.3,113.6,113.6,,,,20.74,0,POSCTL,0,0
2026-08-19T18:40:42,1787139642,13.821899,100.513681,44.8,,-2.4,-3.3,113.6,113.6,,,,20.74,0,POSCTL,0,0
2026-08-19T18:40:45,1787139645,13.821899,100.513681,44.8,,-2.4,-3.3,113.6,113.6,,,,20.74,0,POSCTL,0,0
2026-08-19T18:40:46,1787139646,13.82201,100.513812,74.4,,-2.4,-3.3,113.7,113.7,,,,20.74,0,POSCTL,0,0
2026-08-19T18:40:47,1787139647,13.82201,100.513812,74.4,,-2.4,-3.3,113.7,113.7,,,,20.74,0,POSCTL,0,0
2026-08-19T18:40:48,1787139648,13.82201,100.513812,74.4,,-2.4,-3.3,113.7,113.7,,,,20.74,0,POSCTL,0,0
2026-08-19T18:40:49,1787139649,13.821991,100.513796,76.0,,-2.4,-3.3,113.7,113.7,,,,20.74,0,POSCTL,0,0
2026-08-19T18:40:50,1787139650,13.821991,100.513796,76.0,,-2.4,-3.3,113.7,113.7,,,,20.74,0,POSCTL,0,0
2026-08-19T18:40:51,1787139651,13.821991,100.513796,76.0,,-2.4,-3.3,113.7,113.7,,,,20.74,0,POSCTL,0,0
2026-08-19T18:40:52,1787139652,13.821991,100.513796,76.0,,-2.4,-3.3,113.7,113.7,,,,20.74,0,POSCTL,0,0
2026-08-19T18:40:53,1787139653,13.821991,100.513796,76.0,,-2.4,-3.3,113.7,113.7,,,,20.74,0,POSCTL,0,0
2026-08-19T18:40:54,1787139654,13.821991,100.513796,76.0,,-2.4,-3.3,113.7,113.7,,,,20.74,0,POSCTL,0,0
2026-08-19T18:40:55,1787139655,13.821991,100.513796,76.0,,-2.4,-3.3,113.7,113.7,,,,20.74,0,POSCTL,0,0
2026-08-19T18:40:56,1787139656,13.821964,100.513767,87.3,,-2.4,-3.3,113.7,113.7,,,,20.74,0,POSCTL,0,0
2026-08-19T18:40:57,1787139657,13.821964,100.513767,87.3,,-2.4,-3.3,113.7,113.7,,,,20.74,0,POSCTL,0,0
2026-08-19T18:40:58,1787139658,13.821964,100.513767,87.3,,-2.4,-3.3,113.7,113.7,,,,20.74,0,POSCTL,0,0
2026-08-19T18:40:59,1787139659,13.821848,100.513629,70.8,,-2.4,-3.3,113.7,113.7,,,,20.74,0,POSCTL,0,0
2026-08-19T18:41:00,1787139660,13.821848,100.513629,70.8,,-2.4,-3.3,113.7,113.7,,,,20.74,0,POSCTL,0,0
2026-08-19T18:41:01,1787139661,13.821848,100.513629,70.8,,-2.4,-3.3,113.7,113.7,,,,20.74,0,POSCTL,0,0
2026-08-19T18:41:02,1787139662,13.821727,100.513497,40.1,,-2.4,-3.3,113.7,113.7,,,,20.74,0,POSCTL,0,0
2026-08-19T18:41:03,1787139663,13.821727,100.513497,40.1,,-2.4,-3.3,113.7,113.7,,,,20.74,0,POSCTL,0,0
2026-08-19T18:41:04,1787139664,13.821727,100.513497,40.1,,-2.4,-3.3,113.7,113.7,,,,20.74,0,POSCTL,0,0
2026-08-19T18:41:05,1787139665,13.821674,100.513441,13.8,,-2.4,-3.3,113.7,113.7,,,,20.74,0,POSCTL,0,0
2026-08-19T18:41:06,1787139666,13.821674,100.513441,13.8,,-2.4,-3.3,113.7,113.7,,,,20.74,0,POSCTL,0,0
2026-08-19T18:41:07,1787139667,13.821674,100.513441,13.8,,-2.4,-3.3,113.7,113.7,,,,20.74,0,POSCTL,0,0
2026-08-19T18:41:08,1787139668,13.821674,100.513441,13.8,,-2.4,-3.3,113.7,113.7,,,,20.74,0,POSCTL,0,0
2026-08-19T18:41:09,1787139669,13.821674,100.513441,13.8,,-2.4,-3.3,113.7,113.7,,,,20.74,0,POSCTL,0,0
2026-08-19T18:41:10,1787139670,13.821674,100.513441,13.8,,-2.4,-3.3,113.7,113.7,,,,20.74,0,POSCTL,0,0
2026-08-19T18:41:11,1787139671,13.821369,100.513124,-93.1,,-2.4,-3.3,113.7,113.7,,,,20.74,0,POSCTL,0,0
2026-08-19T18:41:12,1787139672,13.821369,100.513124,-93.1,,-2.4,-3.3,113.7,113.7,,,,20.74,0,POSCTL,0,0
2026-08-19T18:41:13,1787139673,13.821369,100.513124,-93.1,,-2.4,-3.3,113.7,113.7,,,,20.74,0,POSCTL,0,0
2026-08-19T18:41:14,1787139674,13.821433,100.51329,-72.6,,-2.4,-3.3,113.7,113.7,,,,20.74,0,POSCTL,0,0
2026-08-19T18:41:15,1787139675,13.821433,100.51329,-72.6,,-2.4,-3.3,113.7,113.7,,,,20.74,0,POSCTL,0,0
2026-08-19T18:41:16,1787139676,13.821433,100.51329,-72.6,,-2.4,-3.3,113.7,113.7,,,,20.74,0,POSCTL,0,0
2026-08-19T18:41:17,1787139677,13.821433,100.51329,-72.6,,-2.4,-3.3,113.7,113.7,,,,20.74,0,POSCTL,0,0
2026-08-19T18:41:18,1787139678,13.821433,100.51329,-72.6,,-2.4,-3.3,113.7,113.7,,,,20.74,0,POSCTL,0,0
2026-08-19T18:41:20,1787139680,13.821569,100.513566,-34.1,,-2.4,-3.3,113.7,113.7,,,,20.74,0,POSCTL,0,0
2026-08-19T18:41:21,1787139681,13.821569,100.513566,-34.1,,-2.4,-3.3,113.7,113.7,,,,20.74,0,POSCTL,0,0
2026-08-19T18:41:22,1787139682,13.821569,100.513566,-34.1,,-2.4,-3.3,113.7,113.7,,,,20.74,0,POSCTL,0,0
2026-08-19T18:41:23,1787139683,13.821569,100.513566,-34.1,,-2.4,-3.3,113.7,113.7,,,,20.74,0,POSCTL,0,0
2026-08-19T18:41:24,1787139684,13.821587,100.513657,-18.3,,-2.4,-3.3,113.7,113.7,,,,20.74,0,POSCTL,0,0
2026-08-19T18:41:25,1787139685,13.821587,100.513657,-18.3,,-2.4,-3.3,113.7,113.7,,,,20.74,0,POSCTL,0,0
2026-08-19T18:41:26,1787139686,13.821587,100.513657,-18.3,,-2.4,-3.3,113.7,113.7,,,,20.74,0,POSCTL,0,0
2026-08-19T18:41:27,1787139687,13.821587,100.513657,-18.3,,-2.4,-3.3,113.7,113.7,,,,20.74,0,POSCTL,0,0
2026-08-19T18:41:28,1787139688,13.821587,100.513657,-18.3,,-2.4,-3.3,113.7,113.7,,,,20.74,0,POSCTL,0,0
2026-08-19T18:41:29,1787139689,13.821587,100.513657,-18.3,,-2.4,-3.3,113.7,113.7,,,,20.74,0,POSCTL,0,0
2026-08-19T18:41:30,1787139690,13.821587,100.513657,-18.3,,-2.4,-3.3,113.7,113.7,,,,20.74,0,POSCTL,0,0
2026-08-19T18:41:31,1787139691,13.821587,100.513657,-18.3,,-2.4,-3.3,113.7,113.7,,,,20.74,0,POSCTL,0,0
2026-08-19T18:41:32,1787139692,13.821587,100.513657,-18.3,,-2.4,-3.3,113.7,113.7,,,,20.74,0,POSCTL,0,0
2026-08-19T18:41:33,1787139693,13.821587,100.513657,-18.3,,-2.4,-3.3,113.7,113.7,,,,20.74,0,POSCTL,0,0
2026-08-19T18:41:34,1787139694,13.821587,100.513657,-18.3,,-2.4,-3.3,113.7,113.7,,,,20.74,0,POSCTL,0,0
2026-08-19T18:41:35,1787139695,13.821664,100.513814,29.7,,-2.4,-3.3,113.7,113.7,,,,20.74,0,POSCTL,0,0
2026-08-19T18:41:36,1787139696,13.821664,100.513814,29.7,,-2.4,-3.3,113.7,113.7,,,,20.74,0,POSCTL,0,0
2026-08-19T18:41:37,1787139697,13.821664,100.513814,29.7,,-2.4,-3.3,113.7,113.7,,,,20.74,0,POSCTL,0,0
2026-08-19T18:41:38,1787139698,13.821717,100.513756,35.0,,-2.4,-3.3,113.7,113.7,,,,20.74,0,POSCTL,0,0
2026-08-19T18:41:39,1787139699,13.821717,100.513756,35.0,,-2.4,-3.3,113.7,113.7,,,,20.74,0,POSCTL,0,0
2026-08-19T18:41:40,1787139700,13.821717,100.513756,35.0,,-2.4,-3.3,113.7,113.7,,,,20.74,0,POSCTL,0,0
2026-08-19T18:41:41,1787139701,13.821717,100.513756,35.0,,-2.4,-3.3,113.7,113.7,,,,20.74,0,POSCTL,0,0
2026-08-19T18:41:42,1787139702,13.821717,100.513756,35.0,,-2.4,-3.3,113.7,113.7,,,,20.74,0,POSCTL,0,0
2026-08-19T18:41:43,1787139703,13.821717,100.513756,35.0,,-2.4,-3.3,113.7,113.7,,,,20.74,0,POSCTL,0,0
2026-08-19T18:41:44,1787139704,13.821717,100.513756,35.0,,-2.4,-3.3,113.7,113.7,,,,20.74,0,POSCTL,0,0
2026-08-19T18:41:45,1787139705,13.821717,100.513756,35.0,,-2.4,-3.3,113.7,113.7,,,,20.74,0,POSCTL,0,0
2026-08-19T18:41:46,1787139706,13.821717,100.513756,35.0,,-2.4,-3.3,113.7,113.7,,,,20.74,0,POSCTL,0,0
2026-08-19T18:41:47,1787139707,13.821725,100.513886,77.8,,-2.4,-3.3,113.7,113.7,,,,20.74,0,POSCTL,0,0
2026-08-19T18:41:48,1787139708,13.821725,100.513886,77.8,,-2.4,-3.3,113.7,113.7,,,,20.74,0,POSCTL,0,0
2026-08-19T18:41:49,1787139709,13.821725,100.513886,77.8,,-2.4,-3.3,113.7,113.7,,,,20.74,0,POSCTL,0,0
2026-08-19T18:41:50,1787139710,13.821739,100.513887,84.1,,-2.4,-3.3,113.7,113.7,,,,20.74,0,POSCTL,0,0
2026-08-19T18:41:51,1787139711,13.821739,100.513887,84.1,,-2.4,-3.3,113.7,113.7,,,,20.74,0,POSCTL,0,0
2026-08-19T18:41:52,1787139712,13.821739,100.513887,84.1,,-2.4,-3.3,113.7,113.7,,,,20.74,0,POSCTL,0,0
2026-08-19T18:41:53,1787139713,13.821739,100.513887,84.1,,-2.4,-3.3,113.7,113.7,,,,20.74,0,POSCTL,0,0
2026-08-19T18:41:54,1787139714,13.821739,100.513887,84.1,,-2.4,-3.3,113.7,113.7,,,,20.74,0,POSCTL,0,0
2026-08-19T18:41:55,1787139715,13.821739,100.513887,84.1,,-2.4,-3.3,113.7,113.7,,,,20.74,0,POSCTL,0,0
2026-08-19T18:41:56,1787139716,13.821739,100.513887,84.1,,-2.4,-3.3,113.7,113.7,,,,20.74,0,POSCTL,0,0
2026-08-19T18:41:57,1787139717,13.821762,100.513902,101.4,,-2.4,-3.3,113.7,113.7,,,,20.74,0,POSCTL,0,0
2026-08-19T18:41:58,1787139718,13.821762,100.513902,101.4,,-2.4,-3.3,113.7,113.7,,,,20.74,0,POSCTL,0,0
2026-08-19T18:41:59,1787139719,13.821762,100.513902,101.4,,-2.4,-3.3,113.7,113.7,,,,20.74,0,POSCTL,0,0
2026-08-19T18:42:00,1787139720,13.821762,100.513902,101.4,,-2.4,-3.3,113.7,113.7,,,,20.74,0,POSCTL,0,0
2026-08-19T18:42:01,1787139721,13.821777,100.513872,97.7,,-2.4,-3.3,113.7,113.7,,,,20.74,0,POSCTL,0,0
2026-08-19T18:42:02,1787139722,13.821777,100.513872,97.7,,-2.4,-3.3,113.7,113.7,,,,20.74,0,POSCTL,0,0
2026-08-19T18:42:03,1787139723,13.821777,100.513872,97.7,,-2.4,-3.3,113.7,113.7,,,,20.74,0,POSCTL,0,0
2026-08-19T18:42:04,1787139724,13.821777,100.513872,97.7,,-2.4,-3.3,113.7,113.7,,,,20.74,0,POSCTL,0,0
2026-08-19T18:42:05,1787139725,13.821777,100.513872,97.7,,-2.4,-3.3,113.7,113.7,,,,20.74,0,POSCTL,0,0
2026-08-19T18:42:06,1787139726,13.821777,100.513872,97.7,,-2.4,-3.3,113.7,113.7,,,,20.74,0,POSCTL,0,0
2026-08-19T18:42:07,1787139727,13.821777,100.513872,97.7,,-2.4,-3.3,113.7,113.7,,,,20.74,0,POSCTL,0,0
2026-08-19T18:42:08,1787139728,13.821777,100.5139,105.2,,-2.4,-3.3,113.7,113.7,,,,20.74,0,POSCTL,0,0
2026-08-19T18:42:09,1787139729,13.821777,100.5139,105.2,,-2.4,-3.3,113.7,113.7,,,,20.74,0,POSCTL,0,0
2026-08-19T18:42:10,1787139730,13.821777,100.5139,105.2,,-2.4,-3.3,113.7,113.7,,,,20.74,0,POSCTL,0,0
2026-08-19T18:42:11,1787139731,13.821777,100.5139,105.2,,-2.4,-3.3,113.7,113.7,,,,20.74,0,POSCTL,0,0
2026-08-19T18:42:12,1787139732,13.821777,100.5139,105.2,,-2.4,-3.3,113.7,113.7,,,,20.74,0,POSCTL,0,0
2026-08-19T18:42:13,1787139733,13.821777,100.5139,105.2,,-2.4,-3.3,113.7,113.7,,,,20.74,0,POSCTL,0,0
2026-08-19T18:42:14,1787139734,13.821777,100.5139,105.2,,-2.4,-3.3,113.7,113.7,,,,20.74,0,POSCTL,0,0
2026-08-19T18:42:15,1787139735,13.821809,100.513837,106.4,,-2.4,-3.3,113.7,113.7,,,,20.74,0,POSCTL,0,0
2026-08-19T18:42:16,1787139736,13.821809,100.513837,106.4,,-2.4,-3.3,113.7,113.7,,,,20.74,0,POSCTL,0,0
2026-08-19T18:42:17,1787139737,13.821809,100.513837,106.4,,-2.4,-3.3,113.7,113.7,,,,20.74,0,POSCTL,0,0
2026-08-19T18:42:18,1787139738,13.821809,100.513837,106.4,,-2.4,-3.3,113.7,113.7,,,,20.74,0,POSCTL,0,0
2026-08-19T18:42:19,1787139739,13.821824,100.513802,105.6,,-2.4,-3.3,113.7,113.7,,,,20.74,0,POSCTL,0,0
2026-08-19T18:42:20,1787139740,13.821824,100.513802,105.6,,-2.4,-3.3,113.7,113.7,,,,20.74,0,POSCTL,0,0
2026-08-19T18:42:21,1787139741,13.821824,100.513802,105.6,,-2.4,-3.3,113.7,113.7,,,,20.74,0,POSCTL,0,0
2026-08-19T18:42:22,1787139742,13.821824,100.513802,105.6,,-2.4,-3.3,113.7,113.7,,,,20.74,0,POSCTL,0,0
2026-08-19T18:42:23,1787139743,13.821824,100.513802,105.6,,-2.4,-3.3,113.7,113.7,,,,20.74,0,POSCTL,0,0
2026-08-19T18:42:24,1787139744,13.821824,100.513802,105.6,,-2.4,-3.3,113.7,113.7,,,,20.74,0,POSCTL,0,0
2026-08-19T18:42:25,1787139745,13.821824,100.513802,105.6,,-2.4,-3.3,113.7,113.7,,,,20.74,0,POSCTL,0,0
2026-08-19T18:42:26,1787139746,13.821881,100.513659,89.4,,-2.4,-3.3,113.7,113.7,,,,20.74,0,POSCTL,0,0
2026-08-19T18:42:27,1787139747,13.821881,100.513659,89.4,,-2.4,-3.3,113.7,113.7,,,,20.74,0,POSCTL,0,0
2026-08-19T18:42:28,1787139748,13.821881,100.513659,89.4,,-2.4,-3.3,113.7,113.7,,,,20.74,0,POSCTL,0,0
2026-08-19T18:42:29,1787139749,13.821881,100.513659,89.4,,-2.4,-3.3,113.7,113.7,,,,20.74,0,POSCTL,0,0
2026-08-19T18:42:30,1787139750,13.821881,100.513659,89.4,,-2.4,-3.3,113.7,113.7,,,,20.74,0,POSCTL,0,0
2026-08-19T18:42:31,1787139751,13.821881,100.513659,89.4,,-2.4,-3.3,113.7,113.7,,,,20.74,0,POSCTL,0,0
2026-08-19T18:42:32,1787139752,13.821881,100.513659,89.4,,-2.4,-3.3,113.7,113.7,,,,20.74,0,POSCTL,0,0
2026-08-19T18:42:33,1787139753,13.821881,100.513659,89.4,,-2.4,-3.3,113.7,113.7,,,,20.74,0,POSCTL,0,0
2026-08-19T18:42:34,1787139754,13.821945,100.513488,58.0,,-2.4,-3.3,113.7,113.7,,,,20.74,0,POSCTL,0,0
2026-08-19T18:42:35,1787139755,13.821945,100.513488,58.0,,-2.4,-3.3,113.7,113.7,,,,20.74,0,POSCTL,0,0
2026-08-19T18:42:36,1787139756,13.821945,100.513488,58.0,,-2.4,-3.3,113.7,113.7,,,,20.74,0,POSCTL,0,0
2026-08-19T18:42:37,1787139757,13.821945,100.513488,58.0,,-2.4,-3.3,113.7,113.7,,,,20.74,0,POSCTL,0,0
2026-08-19T18:42:38,1787139758,13.821966,100.51342,42.5,,-2.4,-3.3,113.7,113.7,,,,20.74,0,POSCTL,0,0
2026-08-19T18:42:39,1787139759,13.821966,100.51342,42.5,,-2.4,-3.3,113.7,113.7,,,,20.74,0,POSCTL,0,0
2026-08-19T18:42:40,1787139760,13.821966,100.51342,42.5,,-2.4,-3.3,113.7,113.7,,,,20.73,0,POSCTL,0,0
2026-08-19T18:42:41,1787139761,13.821966,100.51342,42.5,,-2.4,-3.3,113.7,113.7,,,,20.73,0,POSCTL,0,0
2026-08-19T18:42:42,1787139762,13.821966,100.51342,42.5,,-2.4,-3.3,113.7,113.7,,,,20.73,0,POSCTL,0,0
2026-08-19T18:42:43,1787139763,13.821966,100.51342,42.5,,-2.4,-3.3,113.7,113.7,,,,20.73,0,POSCTL,0,0
2026-08-19T18:42:44,1787139764,13.821966,100.51342,42.5,,-2.4,-3.3,113.7,113.7,,,,20.73,0,POSCTL,0,0
2026-08-19T18:42:45,1787139765,13.821966,100.51342,42.5,,-2.4,-3.3,113.7,113.7,,,,20.73,0,POSCTL,0,0
2026-08-19T18:42:46,1787139766,13.821957,100.513424,43.2,,-2.4,-3.3,113.7,113.7,,,,20.73,0,POSCTL,0,0
2026-08-19T18:42:47,1787139767,13.821957,100.513424,43.2,,-2.4,-3.3,113.7,113.7,,,,20.73,0,POSCTL,0,0
2026-08-19T18:42:48,1787139768,13.821957,100.513424,43.2,,-2.4,-3.3,113.7,113.7,,,,20.73,0,POSCTL,0,0
2026-08-19T18:42:49,1787139769,13.821952,100.513406,44.4,,-2.4,-3.3,113.7,113.7,,,,20.73,0,POSCTL,0,0
2026-08-19T18:42:50,1787139770,13.821952,100.513406,44.4,,-2.4,-3.3,113.7,113.7,,,,20.73,0,POSCTL,0,0
2026-08-19T18:42:51,1787139771,13.821952,100.513406,44.4,,-2.4,-3.3,113.6,113.6,,,,20.73,0,POSCTL,0,0
2026-08-19T18:42:52,1787139772,13.821952,100.513406,44.4,,-2.4,-3.3,113.6,113.6,,,,20.73,0,POSCTL,0,0
2026-08-19T18:42:53,1787139773,13.821952,100.513406,44.4,,-2.4,-3.3,113.6,113.6,,,,20.73,0,POSCTL,0,0
2026-08-19T18:42:54,1787139774,13.821932,100.513423,52.6,,-2.4,-3.3,113.6,113.6,,,,20.73,0,POSCTL,0,0
2026-08-19T18:42:55,1787139775,13.821932,100.513423,52.6,,-2.4,-3.3,113.7,113.7,,,,20.73,0,POSCTL,0,0
2026-08-19T18:42:56,1787139776,13.821932,100.513423,52.6,,-2.4,-3.3,113.7,113.7,,,,20.73,0,POSCTL,0,0
2026-08-19T18:42:57,1787139777,13.821932,100.513423,52.6,,-2.4,-3.3,113.7,113.7,,,,20.73,0,POSCTL,0,0
2026-08-19T18:42:58,1787139778,13.821932,100.513423,52.6,,-2.4,-3.3,113.7,113.7,,,,20.73,0,POSCTL,0,0
2026-08-19T18:42:59,1787139779,13.821932,100.513423,52.6,,-2.4,-3.3,113.7,113.7,,,,20.73,0,POSCTL,0,0
2026-08-19T18:43:00,1787139780,13.821932,100.513423,52.6,,-2.4,-3.3,113.7,113.7,,,,20.73,0,POSCTL,0,0
2026-08-19T18:43:01,1787139781,13.821932,100.513423,52.6,,-2.4,-3.3,113.7,113.7,,,,20.73,0,POSCTL,0,0
2026-08-19T18:43:02,1787139782,13.821932,100.513423,52.6,,-2.4,-3.3,113.7,113.7,,,,20.73,0,POSCTL,0,0
2026-08-19T18:43:03,1787139783,13.821973,100.513301,58.1,,-2.4,-3.3,113.7,113.7,,,,20.73,0,POSCTL,0,0
2026-08-19T18:43:04,1787139784,13.821973,100.513301,58.1,,-2.4,-3.3,113.7,113.7,,,,20.73,0,POSCTL,0,0
2026-08-19T18:43:05,1787139785,13.821973,100.513301,58.1,,-2.4,-3.3,113.7,113.7,,,,20.73,0,POSCTL,0,0
2026-08-19T18:43:06,1787139786,13.821973,100.513301,58.1,,-2.4,-3.3,113.7,113.7,,,,20.73,0,POSCTL,0,0
2026-08-19T18:43:07,1787139787,13.821973,100.513301,58.1,,-2.4,-3.3,113.7,113.7,,,,20.73,0,POSCTL,0,0
2026-08-19T18:43:08,1787139788,13.821973,100.513301,58.1,,-2.4,-3.3,113.7,113.7,,,,20.73,0,POSCTL,0,0
2026-08-19T18:43:09,1787139789,13.821973,100.513301,58.1,,-2.4,-3.3,113.7,113.7,,,,20.73,0,POSCTL,0,0
2026-08-19T18:43:10,1787139790,13.82192,100.513491,95.0,,-2.4,-3.3,113.7,113.7,,,,20.73,0,POSCTL,0,0
2026-08-19T18:43:11,1787139791,13.82192,100.513491,95.0,,-2.4,-3.3,113.7,113.7,,,,20.73,0,POSCTL,0,0
2026-08-19T18:43:12,1787139792,13.82192,100.513491,95.0,,-2.4,-3.3,113.7,113.7,,,,20.73,0,POSCTL,0,0
2026-08-19T18:43:13,1787139793,13.82192,100.513491,95.0,,-2.4,-3.3,113.7,113.7,,,,20.73,0,POSCTL,0,0
2026-08-19T18:43:21,1787139801,13.822151,100.513056,33.9,,-2.4,-3.3,113.7,113.7,,,,20.73,0,POSCTL,0,0
2026-08-19T18:43:22,1787139802,13.822151,100.513056,33.9,,-2.4,-3.3,113.7,113.7,,,,20.73,0,POSCTL,0,0
2026-08-19T18:43:23,1787139803,13.822151,100.513056,33.9,,-2.4,-3.3,113.7,113.7,,,,20.73,0,POSCTL,0,0
2026-08-19T18:43:24,1787139804,13.822154,100.512847,-27.0,,-2.4,-3.3,113.7,113.7,,,,20.73,0,POSCTL,0,0
2026-08-19T18:43:25,1787139805,13.822154,100.512847,-27.0,,-2.4,-3.3,113.6,113.6,,,,20.73,0,POSCTL,0,0
2026-08-19T18:43:26,1787139806,13.822154,100.512847,-27.0,,-2.4,-3.3,113.6,113.6,,,,20.73,0,POSCTL,0,0
2026-08-19T18:43:27,1787139807,13.822154,100.512847,-27.0,,-2.4,-3.3,113.6,113.6,,,,20.73,0,POSCTL,0,0
2026-08-19T18:43:28,1787139808,13.822154,100.512847,-27.0,,-2.4,-3.3,113.6,113.6,,,,20.73,0,POSCTL,0,0
2026-08-19T18:43:29,1787139809,13.822154,100.512847,-27.0,,-2.4,-3.3,113.6,113.6,,,,20.73,0,POSCTL,0,0
2026-08-19T18:43:30,1787139810,13.822154,100.512847,-27.0,,-2.4,-3.3,113.7,113.7,,,,20.73,0,POSCTL,0,0
2026-08-19T18:43:31,1787139811,13.822116,100.51279,-49.5,,-2.4,-3.3,113.7,113.7,,,,20.73,0,POSCTL,0,0
2026-08-19T18:43:32,1787139812,13.822116,100.51279,-49.5,,-2.4,-3.3,113.7,113.7,,,,20.73,0,POSCTL,0,0
2026-08-19T18:43:33,1787139813,13.822116,100.51279,-49.5,,-2.4,-3.3,113.7,113.7,,,,20.73,0,POSCTL,0,0
2026-08-19T18:43:34,1787139814,13.822116,100.51279,-49.5,,-2.4,-3.3,113.7,113.7,,,,20.73,0,POSCTL,0,0
2026-08-19T18:43:35,1787139815,13.822095,100.51288,-44.7,,-2.4,-3.3,113.7,113.7,,,,20.73,0,POSCTL,0,0
2026-08-19T18:43:36,1787139816,13.822095,100.51288,-44.7,,-2.4,-3.3,113.7,113.7,,,,20.73,0,POSCTL,0,0
2026-08-19T18:43:37,1787139817,13.822095,100.51288,-44.7,,-2.4,-3.3,113.7,113.7,,,,20.73,0,POSCTL,0,0
2026-08-19T18:43:38,1787139818,13.822095,100.51288,-44.7,,-2.4,-3.3,113.7,113.7,,,,20.73,0,POSCTL,0,0
2026-08-19T18:43:39,1787139819,13.822095,100.51288,-44.7,,-2.4,-3.3,113.7,113.7,,,,20.73,0,POSCTL,0,0
2026-08-19T18:43:40,1787139820,13.822095,100.51288,-44.7,,-2.4,-3.3,113.7,113.7,,,,20.73,0,POSCTL,0,0
2026-08-19T18:43:41,1787139821,13.822095,100.51288,-44.7,,-2.4,-3.3,113.7,113.7,,,,20.73,0,POSCTL,0,0
2026-08-19T18:43:42,1787139822,13.822095,100.51288,-44.7,,-2.4,-3.3,113.7,113.7,,,,20.73,0,POSCTL,0,0
2026-08-19T18:43:43,1787139823,13.822095,100.51288,-44.7,,-2.4,-3.3,113.7,113.7,,,,20.73,0,POSCTL,0,0
2026-08-19T18:43:44,1787139824,13.822017,100.512989,-45.9,,-2.4,-3.3,113.7,113.7,,,,20.73,0,POSCTL,0,0
2026-08-19T18:43:45,1787139825,13.822017,100.512989,-45.9,,-2.4,-3.3,113.7,113.7,,,,20.73,0,POSCTL,0,0
2026-08-19T18:43:46,1787139826,13.822017,100.512989,-45.9,,-2.4,-3.3,113.7,113.7,,,,20.73,0,POSCTL,0,0
2026-08-19T18:43:47,1787139827,13.822017,100.512989,-45.9,,-2.4,-3.3,113.7,113.7,,,,20.73,0,POSCTL,0,0
2026-08-19T18:43:53,1787139833,13.822008,100.513016,-43.5,,-2.4,-3.3,113.7,113.7,,,,20.73,0,POSCTL,0,0
2026-08-19T18:43:54,1787139834,13.822008,100.513016,-43.5,,-2.4,-3.3,113.7,113.7,,,,20.73,0,POSCTL,0,0
2026-08-19T18:43:55,1787139835,13.821954,100.513122,-38.2,,-2.4,-3.3,113.7,113.7,,,,20.73,0,POSCTL,0,0
2026-08-19T18:43:56,1787139836,13.821954,100.513122,-38.2,,-2.4,-3.3,113.7,113.7,,,,20.73,0,POSCTL,0,0
2026-08-19T18:43:57,1787139837,13.821954,100.513122,-38.2,,-2.4,-3.3,113.7,113.7,,,,20.73,0,POSCTL,0,0
2026-08-19T18:43:58,1787139838,13.821954,100.513122,-38.2,,-2.4,-3.3,113.7,113.7,,,,20.73,0,POSCTL,0,0
2026-08-19T18:43:59,1787139839,13.821954,100.513122,-38.2,,-2.4,-3.3,113.7,113.7,,,,20.73,0,POSCTL,0,0
2026-08-19T18:44:00,1787139840,13.821954,100.513122,-38.2,,-2.4,-3.3,113.7,113.7,,,,20.73,0,POSCTL,0,0
2026-08-19T18:44:01,1787139841,13.821954,100.513122,-38.2,,-2.4,-3.3,113.7,113.7,,,,20.73,0,POSCTL,0,0
2026-08-19T18:44:02,1787139842,13.821954,100.513122,-38.2,,-2.4,-3.3,113.7,113.7,,,,20.73,0,POSCTL,0,0
2026-08-19T18:44:03,1787139843,13.821941,100.513208,-31.0,,-2.4,-3.3,113.7,113.7,,,,20.73,0,POSCTL,0,0
2026-08-19T18:44:04,1787139844,13.821941,100.513208,-31.0,,-2.4,-3.3,113.7,113.7,,,,20.73,0,POSCTL,0,0
2026-08-19T18:44:05,1787139845,13.821941,100.513208,-31.0,,-2.4,-3.3,113.7,113.7,,,,20.73,0,POSCTL,0,0
2026-08-19T18:44:06,1787139846,13.821929,100.513249,-29.3,,-2.4,-3.3,113.7,113.7,,,,20.73,0,POSCTL,0,0
2026-08-19T18:44:07,1787139847,13.821929,100.513249,-29.3,,-2.4,-3.3,113.7,113.7,,,,20.73,0,POSCTL,0,0
2026-08-19T18:44:08,1787139848,13.821929,100.513249,-29.3,,-2.4,-3.3,113.7,113.7,,,,20.73,0,POSCTL,0,0
2026-08-19T18:44:09,1787139849,13.821929,100.513249,-29.3,,-2.4,-3.3,113.7,113.7,,,,20.73,0,POSCTL,0,0
2026-08-19T18:44:10,1787139850,13.821929,100.513249,-29.3,,-2.4,-3.3,113.7,113.7,,,,20.73,0,POSCTL,0,0
2026-08-19T18:44:11,1787139851,13.821929,100.513249,-29.3,,-2.4,-3.3,113.7,113.7,,,,20.73,0,POSCTL,0,0
2026-08-19T18:44:12,1787139852,13.821929,100.513249,-29.3,,-2.4,-3.3,113.7,113.7,,,,20.73,0,POSCTL,0,0
2026-08-19T18:44:13,1787139853,13.821929,100.513249,-29.3,,-2.4,-3.3,113.7,113.7,,,,20.73,0,POSCTL,0,0
2026-08-19T18:44:14,1787139854,13.821929,100.513249,-29.3,,-2.4,-3.3,113.7,113.7,,,,20.73,0,POSCTL,0,0
2026-08-19T18:44:15,1787139855,13.821929,100.513249,-29.3,,-2.4,-3.3,113.7,113.7,,,,20.73,0,POSCTL,0,0
2026-08-19T18:44:16,1787139856,13.821929,100.513249,-29.3,,-2.4,-3.3,113.7,113.7,,,,20.73,0,POSCTL,0,0
2026-08-19T18:44:17,1787139857,13.821894,100.513334,7.0,,-2.4,-3.3,113.7,113.7,,,,20.73,0,POSCTL,0,0
2026-08-19T18:44:18,1787139858,13.821894,100.513334,7.0,,-2.4,-3.3,113.7,113.7,,,,20.73,0,POSCTL,0,0
2026-08-19T18:44:19,1787139859,13.821894,100.513334,7.0,,-2.4,-3.3,113.7,113.7,,,,20.73,0,POSCTL,0,0
2026-08-19T18:44:20,1787139860,13.821894,100.513334,7.0,,-2.4,-3.3,113.7,113.7,,,,20.73,0,POSCTL,0,0
2026-08-19T18:44:21,1787139861,13.821894,100.513334,7.0,,-2.4,-3.3,113.7,113.7,,,,20.73,0,POSCTL,0,0
2026-08-19T18:44:22,1787139862,13.821888,100.513383,22.9,,-2.4,-3.3,113.7,113.7,,,,20.73,0,POSCTL,0,0
2026-08-19T18:44:23,1787139863,13.821888,100.513383,22.9,,-2.4,-3.3,113.7,113.7,,,,20.73,0,POSCTL,0,0
2026-08-19T18:44:24,1787139864,13.821888,100.513383,22.9,,-2.4,-3.3,113.7,113.7,,,,20.73,0,POSCTL,0,0
2026-08-19T18:44:25,1787139865,13.821888,100.513404,28.0,,-2.4,-3.3,113.7,113.7,,,,20.73,0,POSCTL,0,0
2026-08-19T18:44:26,1787139866,13.821888,100.513404,28.0,,-2.4,-3.3,113.7,113.7,,,,20.73,0,POSCTL,0,0
2026-08-19T18:44:27,1787139867,13.821888,100.513404,28.0,,-2.4,-3.3,113.7,113.7,,,,20.73,0,POSCTL,0,0
2026-08-19T18:44:28,1787139868,13.821888,100.513404,28.0,,-2.4,-3.3,113.7,113.7,,,,20.73,0,POSCTL,0,0
2026-08-19T18:44:29,1787139869,13.821888,100.513404,28.0,,-2.4,-3.3,113.7,113.7,,,,20.73,0,POSCTL,0,0
2026-08-19T18:44:30,1787139870,13.821888,100.513404,28.0,,-2.4,-3.3,113.7,113.7,,,,20.73,0,POSCTL,0,0
2026-08-19T18:44:31,1787139871,13.821888,100.513404,28.0,,-2.4,-3.3,113.7,113.7,,,,20.73,0,POSCTL,0,0
2026-08-19T18:44:32,1787139872,13.821888,100.513404,28.0,,-2.4,-3.3,113.7,113.7,,,,20.73,0,POSCTL,0,0
2026-08-19T18:44:33,1787139873,13.821816,100.513421,30.6,,-2.4,-3.3,113.7,113.7,,,,20.73,0,POSCTL,0,0
2026-08-19T18:44:34,1787139874,13.821816,100.513421,30.6,,-2.4,-3.3,113.7,113.7,,,,20.73,0,POSCTL,0,0
2026-08-19T18:44:35,1787139875,13.821816,100.513421,30.6,,-2.4,-3.3,113.7,113.7,,,,20.73,0,POSCTL,0,0
2026-08-19T18:44:36,1787139876,13.821816,100.513421,30.6,,-2.4,-3.3,113.7,113.7,,,,20.73,0,POSCTL,0,0
2026-08-19T18:44:37,1787139877,13.821816,100.513421,30.6,,-2.4,-3.3,113.7,113.7,,,,20.73,0,POSCTL,0,0
2026-08-19T18:44:38,1787139878,13.821816,100.513421,30.6,,-2.4,-3.3,113.7,113.7,,,,20.73,0,POSCTL,0,0
2026-08-19T18:44:39,1787139879,13.821816,100.513421,30.6,,-2.4,-3.3,113.7,113.7,,,,20.73,0,POSCTL,0,0
2026-08-19T18:44:40,1787139880,13.821825,100.513456,34.3,,-2.4,-3.3,113.7,113.7,,,,20.73,0,POSCTL,0,0
2026-08-19T18:44:41,1787139881,13.821825,100.513456,34.3,,-2.4,-3.3,113.7,113.7,,,,20.73,0,POSCTL,0,0
2026-08-19T18:44:42,1787139882,13.821825,100.513456,34.3,,-2.4,-3.3,113.7,113.7,,,,20.73,0,POSCTL,0,0
2026-08-19T18:44:43,1787139883,13.821825,100.513456,34.3,,-2.4,-3.3,113.7,113.7,,,,20.73,0,POSCTL,0,0
2026-08-19T18:44:44,1787139884,13.821825,100.513456,34.3,,-2.4,-3.3,113.7,113.7,,,,20.73,0,POSCTL,0,0
2026-08-19T18:44:45,1787139885,13.821825,100.513456,34.3,,-2.4,-3.3,113.7,113.7,,,,20.73,0,POSCTL,0,0
2026-08-19T18:44:46,1787139886,13.821825,100.513456,34.3,,-2.4,-3.3,113.7,113.7,,,,20.73,0,POSCTL,0,0
2026-08-19T18:44:47,1787139887,13.821825,100.513456,34.3,,-2.4,-3.3,113.7,113.7,,,,20.73,0,POSCTL,0,0
2026-08-19T18:44:48,1787139888,13.821825,100.513456,34.3,,-2.4,-3.3,113.7,113.7,,,,20.73,0,POSCTL,0,0
2026-08-19T18:44:49,1787139889,13.821825,100.513456,34.3,,-2.4,-3.3,113.7,113.7,,,,20.73,0,POSCTL,0,0
2026-08-19T18:44:50,1787139890,13.821825,100.513456,34.3,,-2.4,-3.3,113.7,113.7,,,,20.73,0,POSCTL,0,0
2026-08-19T18:44:51,1787139891,13.821825,100.513456,34.3,,-2.4,-3.3,113.7,113.7,,,,20.73,0,POSCTL,0,0
2026-08-19T18:44:52,1787139892,13.821873,100.513277,26.6,,-2.4,-3.3,113.7,113.7,,,,20.73,0,POSCTL,0,0
2026-08-19T18:44:53,1787139893,13.821873,100.513277,26.6,,-2.4,-3.3,113.7,113.7,,,,20.73,0,POSCTL,0,0
2026-08-19T18:44:54,1787139894,13.821873,100.513277,26.6,,-2.4,-3.3,113.7,113.7,,,,20.73,0,POSCTL,0,0
2026-08-19T18:44:55,1787139895,13.821873,100.513277,26.6,,-2.4,-3.3,113.7,113.7,,,,20.73,0,POSCTL,0,0
2026-08-19T18:44:56,1787139896,13.821873,100.513277,26.6,,-2.4,-3.3,113.7,113.7,,,,20.73,0,POSCTL,0,0
2026-08-19T18:44:57,1787139897,13.821873,100.513277,26.6,,-2.4,-3.3,113.7,113.7,,,,20.73,0,POSCTL,0,0
2026-08-19T18:44:58,1787139898,13.821873,100.513277,26.6,,-2.4,-3.3,113.7,113.7,,,,20.73,0,POSCTL,0,0
2026-08-19T18:44:59,1787139899,13.821926,100.513133,11.0,,-2.4,-3.3,113.7,113.7,,,,20.73,0,POSCTL,0,0
2026-08-19T18:45:00,1787139900,13.821926,100.513133,11.0,,-2.4,-3.3,113.7,113.7,,,,20.73,0,POSCTL,0,0
2026-08-19T18:45:01,1787139901,13.821926,100.513133,11.0,,-2.4,-3.3,113.7,113.7,,,,20.73,0,POSCTL,0,0
2026-08-19T18:45:02,1787139902,13.821935,100.513097,-3.6,,-2.4,-3.3,113.7,113.7,,,,20.73,0,POSCTL,0,0
2026-08-19T18:45:03,1787139903,13.821935,100.513097,-3.6,,-2.4,-3.3,113.7,113.7,,,,20.73,0,POSCTL,0,0
2026-08-19T18:45:04,1787139904,13.821935,100.513097,-3.6,,-2.4,-3.3,113.7,113.7,,,,20.73,0,POSCTL,0,0
2026-08-19T18:45:05,1787139905,13.821935,100.513097,-3.6,,-2.4,-3.3,113.7,113.7,,,,20.73,0,POSCTL,0,0
2026-08-19T18:45:06,1787139906,13.821943,100.513101,-9.7,,-2.4,-3.3,113.7,113.7,,,,20.73,0,POSCTL,0,0
2026-08-19T18:45:07,1787139907,13.821943,100.513101,-9.7,,-2.4,-3.3,113.7,113.7,,,,20.73,0,POSCTL,0,0
2026-08-19T18:45:08,1787139908,13.821943,100.513101,-9.7,,-2.4,-3.3,113.7,113.7,,,,20.73,0,POSCTL,0,0
2026-08-19T18:45:09,1787139909,13.82199,100.51301,-29.8,,-2.4,-3.3,113.7,113.7,,,,20.73,0,POSCTL,0,0
2026-08-19T18:45:10,1787139910,13.82199,100.51301,-29.8,,-2.4,-3.3,113.7,113.7,,,,20.72,0,POSCTL,0,0
2026-08-19T18:45:11,1787139911,13.82199,100.51301,-29.8,,-2.4,-3.3,113.7,113.7,,,,20.72,0,POSCTL,0,0
2026-08-19T18:45:12,1787139912,13.82199,100.51301,-29.8,,-2.4,-3.3,113.7,113.7,,,,20.72,0,POSCTL,0,0
2026-08-19T18:45:13,1787139913,13.822031,100.51294,-54.7,,-2.4,-3.3,113.7,113.7,,,,20.72,0,POSCTL,0,0
2026-08-19T18:45:14,1787139914,13.822031,100.51294,-54.7,,-2.4,-3.3,113.7,113.7,,,,20.72,0,POSCTL,0,0
2026-08-19T18:45:15,1787139915,13.822031,100.51294,-54.7,,-2.4,-3.3,113.7,113.7,,,,20.72,0,POSCTL,0,0
2026-08-19T18:45:16,1787139916,13.822031,100.51294,-54.7,,-2.4,-3.3,113.7,113.7,,,,20.72,0,POSCTL,0,0
2026-08-19T18:45:17,1787139917,13.822031,100.51294,-54.7,,-2.4,-3.3,113.7,113.7,,,,20.72,0,POSCTL,0,0
2026-08-19T18:45:18,1787139918,13.822031,100.51294,-54.7,,-2.4,-3.3,113.7,113.7,,,,20.72,0,POSCTL,0,0
2026-08-19T18:45:19,1787139919,13.822031,100.51294,-54.7,,-2.4,-3.3,113.7,113.7,,,,20.72,0,POSCTL,0,0
2026-08-19T18:45:20,1787139920,13.822031,100.51294,-54.7,,-2.4,-3.3,113.7,113.7,,,,20.72,0,POSCTL,0,0
2026-08-19T18:45:21,1787139921,13.822052,100.512857,-91.4,,-2.4,-3.3,113.7,113.7,,,,20.72,0,POSCTL,0,0
2026-08-19T18:45:22,1787139922,13.822052,100.512857,-91.4,,-2.4,-3.3,113.7,113.7,,,,20.72,0,POSCTL,0,0
2026-08-19T18:45:23,1787139923,13.822052,100.512857,-91.4,,-2.4,-3.3,113.7,113.7,,,,20.72,0,POSCTL,0,0
2026-08-19T18:45:24,1787139924,13.822052,100.512857,-91.4,,-2.4,-3.3,113.7,113.7,,,,20.72,0,POSCTL,0,0
2026-08-19T18:45:25,1787139925,13.822052,100.512857,-91.4,,-2.4,-3.3,113.7,113.7,,,,20.72,0,POSCTL,0,0
2026-08-19T18:45:26,1787139926,13.822052,100.512857,-91.4,,-2.4,-3.3,113.7,113.7,,,,20.72,0,POSCTL,0,0
2026-08-19T18:45:27,1787139927,13.822052,100.512857,-91.4,,-2.4,-3.3,113.7,113.7,,,,20.72,0,POSCTL,0,0
2026-08-19T18:45:28,1787139928,13.822052,100.512857,-91.4,,-2.4,-3.3,113.7,113.7,,,,20.72,0,POSCTL,0,0
2026-08-19T18:45:29,1787139929,13.821924,100.513235,-43.0,,-2.4,-3.3,113.7,113.7,,,,20.72,0,POSCTL,0,0
2026-08-19T18:45:30,1787139930,13.821924,100.513235,-43.0,,-2.4,-3.3,113.7,113.7,,,,20.72,0,POSCTL,0,0
2026-08-19T18:45:31,1787139931,13.821924,100.513235,-43.0,,-2.4,-3.3,113.7,113.7,,,,20.72,0,POSCTL,0,0
2026-08-19T18:45:32,1787139932,13.821924,100.513235,-43.0,,-2.4,-3.3,113.7,113.7,,,,20.72,0,POSCTL,0,0
2026-08-19T18:45:33,1787139933,13.821911,100.513299,-41.1,,-2.4,-3.3,113.7,113.7,,,,20.72,0,POSCTL,0,0
2026-08-19T18:45:34,1787139934,13.821911,100.513299,-41.1,,-2.4,-3.3,113.7,113.7,,,,20.72,0,POSCTL,0,0
2026-08-19T18:45:35,1787139935,13.821911,100.513299,-41.1,,-2.4,-3.3,113.7,113.7,,,,20.72,0,POSCTL,0,0
2026-08-19T18:45:36,1787139936,13.821905,100.513339,-44.9,,-2.4,-3.3,113.7,113.7,,,,20.72,0,POSCTL,0,0
2026-08-19T18:45:37,1787139937,13.821905,100.513339,-44.9,,-2.4,-3.3,113.7,113.7,,,,20.72,0,POSCTL,0,0
2026-08-19T18:45:38,1787139938,13.821905,100.513339,-44.9,,-2.4,-3.3,113.7,113.7,,,,20.72,0,POSCTL,0,0
2026-08-19T18:45:39,1787139939,13.821905,100.513339,-44.9,,-2.4,-3.3,113.7,113.7,,,,20.72,0,POSCTL,0,0
2026-08-19T18:45:40,1787139940,13.821898,100.513353,-50.5,,-2.4,-3.3,113.7,113.7,,,,20.72,0,POSCTL,0,0
2026-08-19T18:45:41,1787139941,13.821898,100.513353,-50.5,,-2.4,-3.3,113.7,113.7,,,,20.72,0,POSCTL,0,0
2026-08-19T18:45:42,1787139942,13.821898,100.513353,-50.5,,-2.4,-3.3,113.7,113.7,,,,20.72,0,POSCTL,0,0
2026-08-19T18:45:43,1787139943,13.821898,100.513353,-50.5,,-2.4,-3.3,113.7,113.7,,,,20.72,0,POSCTL,0,0
2026-08-19T18:45:44,1787139944,13.821898,100.513353,-50.5,,-2.4,-3.3,113.7,113.7,,,,20.72,0,POSCTL,0,0
2026-08-19T18:45:45,1787139945,13.821898,100.513353,-50.5,,-2.4,-3.3,113.7,113.7,,,,20.72,0,POSCTL,0,0
2026-08-19T18:45:46,1787139946,13.821898,100.513353,-50.5,,-2.4,-3.3,113.7,113.7,,,,20.72,0,POSCTL,0,0
2026-08-19T18:45:47,1787139947,13.821898,100.513353,-50.5,,-2.4,-3.3,113.7,113.7,,,,20.72,0,POSCTL,0,0
2026-08-19T18:45:48,1787139948,13.821935,100.513387,-47.8,,-2.4,-3.3,113.7,113.7,,,,20.72,0,POSCTL,0,0
2026-08-19T18:45:49,1787139949,13.821935,100.513387,-47.8,,-2.4,-3.3,113.7,113.7,,,,20.72,0,POSCTL,0,0
2026-08-19T18:45:50,1787139950,13.821935,100.513387,-47.8,,-2.4,-3.3,113.7,113.7,,,,20.72,0,POSCTL,0,0
2026-08-19T18:45:51,1787139951,13.821935,100.513387,-47.8,,-2.4,-3.3,113.7,113.7,,,,20.72,0,POSCTL,0,0
2026-08-19T18:45:52,1787139952,13.821907,100.513485,-28.1,,-2.4,-3.3,113.7,113.7,,,,20.72,0,POSCTL,0,0
2026-08-19T18:45:53,1787139953,13.821907,100.513485,-28.1,,-2.4,-3.3,113.7,113.7,,,,20.72,0,POSCTL,0,0
2026-08-19T18:45:54,1787139954,13.821907,100.513485,-28.1,,-2.4,-3.3,113.7,113.7,,,,20.72,0,POSCTL,0,0
2026-08-19T18:45:55,1787139955,13.821907,100.513485,-28.1,,-2.4,-3.3,113.7,113.7,,,,20.72,0,POSCTL,0,0
2026-08-19T18:45:56,1787139956,13.821907,100.513485,-28.1,,-2.4,-3.3,113.6,113.6,,,,20.72,0,POSCTL,0,0
2026-08-19T18:45:57,1787139957,13.821907,100.513485,-28.1,,-2.4,-3.3,113.6,113.6,,,,20.72,0,POSCTL,0,0
2026-08-19T18:45:58,1787139958,13.821907,100.513485,-28.1,,-2.4,-3.3,113.6,113.6,,,,20.72,0,POSCTL,0,0
2026-08-19T18:45:59,1787139959,13.821907,100.513485,-28.1,,-2.4,-3.3,113.7,113.7,,,,20.72,0,POSCTL,0,0
2026-08-19T18:46:00,1787139960,13.821894,100.513533,10.0,,-2.4,-3.3,113.7,113.7,,,,20.72,0,POSCTL,0,0
2026-08-19T18:46:01,1787139961,13.821894,100.513533,10.0,,-2.4,-3.3,113.6,113.6,,,,20.72,0,POSCTL,0,0
2026-08-19T18:46:02,1787139962,13.821894,100.513533,10.0,,-2.4,-3.3,113.6,113.6,,,,20.72,0,POSCTL,0,0
2026-08-19T18:46:03,1787139963,13.821894,100.513533,10.0,,-2.4,-3.3,113.6,113.6,,,,20.72,0,POSCTL,0,0
2026-08-19T18:46:04,1787139964,13.821894,100.513533,10.0,,-2.4,-3.3,113.6,113.6,,,,20.72,0,POSCTL,0,0
2026-08-19T18:46:05,1787139965,13.821894,100.513533,10.0,,-2.4,-3.3,113.6,113.6,,,,20.72,0,POSCTL,0,0
2026-08-19T18:46:06,1787139966,13.821894,100.513533,10.0,,-2.4,-3.3,113.6,113.6,,,,20.72,0,POSCTL,0,0
2026-08-19T18:46:07,1787139967,13.821854,100.513581,30.9,,-2.4,-3.3,113.6,113.6,,,,20.72,0,POSCTL,0,0
2026-08-19T18:46:08,1787139968,13.821854,100.513581,30.9,,-2.4,-3.3,113.6,113.6,,,,20.72,0,POSCTL,0,0
2026-08-19T18:46:09,1787139969,13.821854,100.513581,30.9,,-2.4,-3.3,113.6,113.6,,,,20.72,0,POSCTL,0,0
2026-08-19T18:46:10,1787139970,13.821839,100.513578,37.7,,-2.4,-3.3,113.6,113.6,,,,20.72,0,POSCTL,0,0
2026-08-19T18:46:11,1787139971,13.821839,100.513578,37.7,,-2.4,-3.3,113.6,113.6,,,,20.72,0,POSCTL,0,0
2026-08-19T18:46:12,1787139972,13.821839,100.513578,37.7,,-2.4,-3.3,113.6,113.6,,,,20.72,0,POSCTL,0,0
2026-08-19T18:46:13,1787139973,13.821839,100.513578,37.7,,-2.4,-3.3,113.6,113.6,,,,20.72,0,POSCTL,0,0
2026-08-19T18:46:14,1787139974,13.821839,100.513578,37.7,,-2.4,-3.3,113.6,113.6,,,,20.72,0,POSCTL,0,0
2026-08-19T18:46:15,1787139975,13.821839,100.513578,37.7,,-2.4,-3.3,113.6,113.6,,,,20.72,0,POSCTL,0,0
2026-08-19T18:46:16,1787139976,13.821839,100.513578,37.7,,-2.4,-3.3,113.6,113.6,,,,20.72,0,POSCTL,0,0
2026-08-19T18:46:17,1787139977,13.821839,100.513578,37.7,,-2.4,-3.3,113.7,113.7,,,,20.72,0,POSCTL,0,0
2026-08-19T18:46:18,1787139978,13.821839,100.513578,37.7,,-2.4,-3.3,113.7,113.7,,,,20.72,0,POSCTL,0,0
2026-08-19T18:46:19,1787139979,13.821839,100.513578,37.7,,-2.4,-3.3,113.7,113.7,,,,20.72,0,POSCTL,0,0
2026-08-19T18:46:20,1787139980,13.821839,100.513578,37.7,,-2.4,-3.3,113.7,113.7,,,,20.72,0,POSCTL,0,0
2026-08-19T18:46:21,1787139981,13.821803,100.513561,35.2,,-2.4,-3.3,113.7,113.7,,,,20.72,0,POSCTL,0,0
2026-08-19T18:46:22,1787139982,13.821803,100.513561,35.2,,-2.4,-3.3,113.7,113.7,,,,20.72,0,POSCTL,0,0
2026-08-19T18:46:23,1787139983,13.821812,100.513516,28.9,,-2.4,-3.3,113.7,113.7,,,,20.72,0,POSCTL,0,0
2026-08-19T18:46:24,1787139984,13.821812,100.513516,28.9,,-2.4,-3.3,113.7,113.7,,,,20.72,0,POSCTL,0,0
2026-08-19T18:46:25,1787139985,13.821812,100.513516,28.9,,-2.4,-3.3,113.7,113.7,,,,20.72,0,POSCTL,0,0
2026-08-19T18:46:26,1787139986,13.821812,100.513516,28.9,,-2.4,-3.3,113.7,113.7,,,,20.72,0,POSCTL,0,0
2026-08-19T18:46:27,1787139987,13.821812,100.513516,28.9,,-2.4,-3.3,113.7,113.7,,,,20.72,0,POSCTL,0,0
2026-08-19T18:46:28,1787139988,13.821812,100.513516,28.9,,-2.4,-3.3,113.7,113.7,,,,20.72,0,POSCTL,0,0
2026-08-19T18:46:29,1787139989,13.821796,100.513509,30.1,,-2.4,-3.3,113.7,113.7,,,,20.72,0,POSCTL,0,0
2026-08-19T18:46:30,1787139990,13.821796,100.513509,30.1,,-2.4,-3.3,113.7,113.7,,,,20.72,0,POSCTL,0,0
2026-08-19T18:46:31,1787139991,13.821796,100.513509,30.1,,-2.4,-3.3,113.7,113.7,,,,20.72,0,POSCTL,0,0
2026-08-19T18:46:32,1787139992,13.821799,100.51353,44.9,,-2.4,-3.3,113.7,113.7,,,,20.72,0,POSCTL,0,0
2026-08-19T18:46:33,1787139993,13.821799,100.51353,44.9,,-2.4,-3.3,113.7,113.7,,,,20.72,0,POSCTL,0,0
2026-08-19T18:46:34,1787139994,13.821799,100.51353,44.9,,-2.4,-3.3,113.7,113.7,,,,20.72,0,POSCTL,0,0
2026-08-19T18:46:35,1787139995,13.821799,100.51353,44.9,,-2.4,-3.3,113.7,113.7,,,,20.72,0,POSCTL,0,0
2026-08-19T18:46:36,1787139996,13.821799,100.51353,44.9,,-2.4,-3.3,113.7,113.7,,,,20.72,0,POSCTL,0,0
2026-08-19T18:46:40,1787140000,13.822018,100.513147,40.3,,-2.4,-3.3,113.7,113.7,,,,20.72,0,POSCTL,0,0
2026-08-19T18:46:41,1787140001,13.822018,100.513147,40.3,,-2.4,-3.3,113.7,113.7,,,,20.72,0,POSCTL,0,0
2026-08-19T18:46:42,1787140002,13.822018,100.513147,40.3,,-2.4,-3.3,113.7,113.7,,,,20.72,0,POSCTL,0,0
2026-08-19T18:46:43,1787140003,13.822018,100.513147,40.3,,-2.4,-3.3,113.7,113.7,,,,20.72,0,POSCTL,0,0
2026-08-19T18:46:44,1787140004,13.822018,100.513147,40.3,,-2.4,-3.3,113.7,113.7,,,,20.72,0,POSCTL,0,0
2026-08-19T18:46:45,1787140005,13.822018,100.513147,40.3,,-2.4,-3.3,113.7,113.7,,,,20.72,0,POSCTL,0,0
2026-08-19T18:46:46,1787140006,13.822018,100.513147,40.3,,-2.4,-3.3,113.7,113.7,,,,20.72,0,POSCTL,0,0
2026-08-19T18:46:47,1787140007,13.822018,100.513147,40.3,,-2.4,-3.3,113.7,113.7,,,,20.72,0,POSCTL,0,0
2026-08-19T18:46:48,1787140008,13.822018,100.513147,40.3,,-2.4,-3.3,113.7,113.7,,,,20.72,0,POSCTL,0,0
2026-08-19T18:46:50,1787140010,13.821912,100.513335,21.1,,-2.4,-3.3,113.7,113.7,,,,20.72,0,POSCTL,0,0
2026-08-19T18:46:51,1787140011,13.82189,100.513386,14.0,,-2.4,-3.3,113.7,113.7,,,,20.72,0,POSCTL,0,0
2026-08-19T18:46:52,1787140012,13.82189,100.513386,14.0,,-2.4,-3.3,113.7,113.7,,,,20.72,0,POSCTL,0,0
2026-08-19T18:46:53,1787140013,13.82189,100.513386,14.0,,-2.4,-3.3,113.7,113.7,,,,20.72,0,POSCTL,0,0
2026-08-19T18:46:54,1787140014,13.82189,100.513386,14.0,,-2.4,-3.3,113.7,113.7,,,,20.72,0,POSCTL,0,0
2026-08-19T18:46:55,1787140015,13.82189,100.513386,14.0,,-2.4,-3.3,113.7,113.7,,,,20.72,0,POSCTL,0,0
2026-08-19T18:46:56,1787140016,13.82189,100.513386,14.0,,-2.4,-3.3,113.7,113.7,,,,20.72,0,POSCTL,0,0
2026-08-19T18:46:57,1787140017,13.82189,100.513386,14.0,,-2.4,-3.3,113.7,113.7,,,,20.71,0,POSCTL,0,0
2026-08-19T18:46:58,1787140018,13.82189,100.513386,14.0,,-2.4,-3.3,113.7,113.7,,,,20.71,0,POSCTL,0,0
2026-08-19T18:46:59,1787140019,13.82189,100.513386,14.0,,-2.4,-3.3,113.7,113.7,,,,20.71,0,POSCTL,0,0
2026-08-19T18:47:00,1787140020,13.82189,100.513386,14.0,,-2.4,-3.3,113.7,113.7,,,,20.71,0,POSCTL,0,0
2026-08-19T18:47:01,1787140021,13.82189,100.513386,14.0,,-2.4,-3.3,113.7,113.7,,,,20.71,0,POSCTL,0,0
2026-08-19T18:47:02,1787140022,13.82187,100.513464,-4.5,,-2.4,-3.3,113.7,113.7,,,,20.71,0,POSCTL,0,0
2026-08-19T18:47:03,1787140023,13.82187,100.513464,-4.5,,-2.4,-3.3,113.7,113.7,,,,20.71,0,POSCTL,0,0
2026-08-19T18:47:04,1787140024,13.82187,100.513464,-4.5,,-2.4,-3.3,113.7,113.7,,,,20.71,0,POSCTL,0,0
2026-08-19T18:47:05,1787140025,13.82187,100.513464,-4.5,,-2.4,-3.3,113.7,113.7,,,,20.71,0,POSCTL,0,0
2026-08-19T18:47:06,1787140026,13.82187,100.513464,-4.5,,-2.4,-3.3,113.7,113.7,,,,20.71,0,POSCTL,0,0
2026-08-19T18:47:07,1787140027,13.82187,100.513464,-4.5,,-2.4,-3.3,113.7,113.7,,,,20.71,0,POSCTL,0,0
2026-08-19T18:47:08,1787140028,13.82187,100.513464,-4.5,,-2.4,-3.3,113.7,113.7,,,,20.71,0,POSCTL,0,0
2026-08-19T18:47:09,1787140029,13.82187,100.513464,-4.5,,-2.4,-3.3,113.7,113.7,,,,20.71,0,POSCTL,0,0
2026-08-19T18:47:10,1787140030,13.82187,100.513464,-4.5,,-2.4,-3.3,113.7,113.7,,,,20.71,0,POSCTL,0,0
2026-08-19T18:47:11,1787140031,13.821848,100.513566,-25.0,,-2.4,-3.3,113.7,113.7,,,,20.71,0,POSCTL,0,0
2026-08-19T18:47:12,1787140032,13.821848,100.513566,-25.0,,-2.4,-3.3,113.7,113.7,,,,20.71,0,POSCTL,0,0
2026-08-19T18:47:13,1787140033,13.821848,100.513566,-25.0,,-2.4,-3.3,113.7,113.7,,,,20.71,0,POSCTL,0,0
2026-08-19T18:47:14,1787140034,13.821815,100.513606,-20.3,,-2.4,-3.3,113.7,113.7,,,,20.71,0,POSCTL,0,0
2026-08-19T18:47:15,1787140035,13.821815,100.513606,-20.3,,-2.4,-3.3,113.7,113.7,,,,20.71,0,POSCTL,0,0
2026-08-19T18:47:16,1787140036,13.821815,100.513606,-20.3,,-2.4,-3.3,113.7,113.7,,,,20.71,0,POSCTL,0,0
2026-08-19T18:47:17,1787140037,13.821841,100.513536,-26.0,,-2.4,-3.3,113.7,113.7,,,,20.71,0,POSCTL,0,0
2026-08-19T18:47:18,1787140038,13.821841,100.513536,-26.0,,-2.4,-3.3,113.7,113.7,,,,20.71,0,POSCTL,0,0
2026-08-19T18:47:19,1787140039,13.821841,100.513536,-26.0,,-2.4,-3.3,113.7,113.7,,,,20.71,0,POSCTL,0,0
2026-08-19T18:47:20,1787140040,13.821841,100.513536,-26.0,,-2.4,-3.3,113.7,113.7,,,,20.71,0,POSCTL,0,0
2026-08-19T18:47:21,1787140041,13.821841,100.513536,-26.0,,-2.4,-3.3,113.7,113.7,,,,20.71,0,POSCTL,0,0
2026-08-19T18:47:22,1787140042,13.821841,100.513536,-26.0,,-2.4,-3.3,113.7,113.7,,,,20.71,0,POSCTL,0,0
2026-08-19T18:47:23,1787140043,13.821871,100.513463,-25.3,,-2.4,-3.3,113.7,113.7,,,,20.71,0,POSCTL,0,0
2026-08-19T18:47:24,1787140044,13.821871,100.513463,-25.3,,-2.4,-3.3,113.7,113.7,,,,20.71,0,POSCTL,0,0
2026-08-19T18:47:25,1787140045,13.821871,100.513463,-25.3,,-2.4,-3.3,113.7,113.7,,,,20.71,0,POSCTL,0,0
2026-08-19T18:47:26,1787140046,13.821873,100.513448,-22.1,,-2.4,-3.3,113.7,113.7,,,,20.71,0,POSCTL,0,0
2026-08-19T18:47:27,1787140047,13.821873,100.513448,-22.1,,-2.4,-3.3,113.7,113.7,,,,20.71,0,POSCTL,0,0
2026-08-19T18:47:28,1787140048,13.821873,100.513448,-22.1,,-2.4,-3.3,113.7,113.7,,,,20.71,0,POSCTL,0,0
2026-08-19T18:47:29,1787140049,13.821873,100.513448,-22.1,,-2.4,-3.3,113.7,113.7,,,,20.71,0,POSCTL,0,0
2026-08-19T18:47:30,1787140050,13.82187,100.513461,-8.9,,-2.4,-3.3,113.7,113.7,,,,20.71,0,POSCTL,0,0
2026-08-19T18:47:31,1787140051,13.82187,100.513461,-8.9,,-2.4,-3.3,113.7,113.7,,,,20.71,0,POSCTL,0,0
2026-08-19T18:47:32,1787140052,13.82187,100.513461,-8.9,,-2.4,-3.3,113.7,113.7,,,,20.71,0,POSCTL,0,0
2026-08-19T18:47:33,1787140053,13.82187,100.513461,-8.9,,-2.4,-3.3,113.7,113.7,,,,20.71,0,POSCTL,0,0
2026-08-19T18:47:34,1787140054,13.821865,100.513473,-6.7,,-2.4,-3.3,113.7,113.7,,,,20.71,0,POSCTL,0,0
2026-08-19T18:47:35,1787140055,13.821865,100.513473,-6.7,,-2.4,-3.3,113.7,113.7,,,,20.71,0,POSCTL,0,0
2026-08-19T18:47:36,1787140056,13.821865,100.513473,-6.7,,-2.4,-3.3,113.7,113.7,,,,20.71,0,POSCTL,0,0
2026-08-19T18:47:37,1787140057,13.821865,100.513473,-6.7,,-2.4,-3.3,113.7,113.7,,,,20.71,0,POSCTL,0,0
2026-08-19T18:47:38,1787140058,13.821865,100.513473,-6.7,,-2.4,-3.3,113.7,113.7,,,,20.71,0,POSCTL,0,0
2026-08-19T18:47:39,1787140059,13.821865,100.513473,-6.7,,-2.4,-3.3,113.7,113.7,,,,20.71,0,POSCTL,0,0
2026-08-19T18:47:40,1787140060,13.821821,100.513572,3.6,,-2.4,-3.3,113.7,113.7,,,,20.71,0,POSCTL,0,0
2026-08-19T18:47:41,1787140061,13.821821,100.513572,3.6,,-2.4,-3.3,113.7,113.7,,,,20.71,0,POSCTL,0,0
2026-08-19T18:47:42,1787140062,13.821821,100.513572,3.6,,-2.4,-3.3,113.7,113.7,,,,20.71,0,POSCTL,0,0
2026-08-19T18:47:43,1787140063,13.821794,100.513642,9.1,,-2.4,-3.3,113.7,113.7,,,,20.71,0,POSCTL,0,0
2026-08-19T18:47:44,1787140064,13.821794,100.513642,9.1,,-2.4,-3.3,113.7,113.7,,,,20.71,0,POSCTL,0,0
2026-08-19T18:47:45,1787140065,13.821794,100.513642,9.1,,-2.4,-3.3,113.7,113.7,,,,20.71,0,POSCTL,0,0
2026-08-19T18:47:46,1787140066,13.821794,100.513642,9.1,,-2.4,-3.3,113.7,113.7,,,,20.71,0,POSCTL,0,0
2026-08-19T18:47:47,1787140067,13.821794,100.513642,9.1,,-2.4,-3.3,113.7,113.7,,,,20.71,0,POSCTL,0,0
2026-08-19T18:47:48,1787140068,13.821794,100.513642,9.1,,-2.4,-3.3,113.7,113.7,,,,20.71,0,POSCTL,0,0
2026-08-19T18:47:49,1787140069,13.82178,100.513688,11.6,,-2.4,-3.3,113.7,113.7,,,,20.71,0,POSCTL,0,0
2026-08-19T18:47:50,1787140070,13.82178,100.513688,11.6,,-2.4,-3.3,113.7,113.7,,,,20.71,0,POSCTL,0,0
2026-08-19T18:47:51,1787140071,13.82178,100.513688,11.6,,-2.4,-3.3,113.7,113.7,,,,20.71,0,POSCTL,0,0
2026-08-19T18:47:52,1787140072,13.82178,100.513688,11.6,,-2.4,-3.3,113.7,113.7,,,,20.71,0,POSCTL,0,0
2026-08-19T18:47:53,1787140073,13.82178,100.513688,11.6,,-2.4,-3.3,113.7,113.7,,,,20.71,0,POSCTL,0,0
2026-08-19T18:47:54,1787140074,13.821753,100.513741,15.0,,-2.4,-3.3,113.7,113.7,,,,20.71,0,POSCTL,0,0
2026-08-19T18:47:55,1787140075,13.821753,100.513741,15.0,,-2.4,-3.3,113.7,113.7,,,,20.71,0,POSCTL,0,0
2026-08-19T18:47:56,1787140076,13.821753,100.513741,15.0,,-2.4,-3.3,113.7,113.7,,,,20.71,0,POSCTL,0,0
2026-08-19T18:47:57,1787140077,13.821753,100.513741,15.0,,-2.4,-3.3,113.7,113.7,,,,20.71,0,POSCTL,0,0
2026-08-19T18:47:58,1787140078,13.821753,100.513741,15.0,,-2.4,-3.3,113.7,113.7,,,,20.71,0,POSCTL,0,0
2026-08-19T18:47:59,1787140079,13.821753,100.513741,15.0,,-2.4,-3.3,113.7,113.7,,,,20.71,0,POSCTL,0,0
2026-08-19T18:48:00,1787140080,13.821676,100.513868,23.2,,-2.4,-3.3,113.7,113.7,,,,20.71,0,POSCTL,0,0
2026-08-19T18:48:01,1787140081,13.821676,100.513868,23.2,,-2.4,-3.3,113.7,113.7,,,,20.71,0,POSCTL,0,0
2026-08-19T18:48:02,1787140082,13.821676,100.513868,23.2,,-2.4,-3.3,113.7,113.7,,,,20.71,0,POSCTL,0,0
2026-08-19T18:48:03,1787140083,13.821676,100.513868,23.2,,-2.4,-3.3,113.7,113.7,,,,20.71,0,POSCTL,0,0
2026-08-19T18:48:04,1787140084,13.821676,100.513868,23.2,,-2.4,-3.3,113.7,113.7,,,,20.71,0,POSCTL,0,0
2026-08-19T18:48:05,1787140085,13.821649,100.513891,21.8,,-2.4,-3.3,113.7,113.7,,,,20.71,0,POSCTL,0,0
2026-08-19T18:48:06,1787140086,13.821649,100.513891,21.8,,-2.4,-3.3,113.7,113.7,,,,20.71,0,POSCTL,0,0
2026-08-19T18:48:07,1787140087,13.821649,100.513891,21.8,,-2.4,-3.3,113.7,113.7,,,,20.71,0,POSCTL,0,0
2026-08-19T18:48:08,1787140088,13.821649,100.513891,21.8,,-2.4,-3.3,113.7,113.7,,,,20.71,0,POSCTL,0,0
2026-08-19T18:48:09,1787140089,13.821649,100.513891,21.8,,-2.4,-3.3,113.7,113.7,,,,20.71,0,POSCTL,0,0
2026-08-19T18:48:10,1787140090,13.821541,100.51405,23.6,,-2.4,-3.3,113.7,113.7,,,,20.71,0,POSCTL,0,0
2026-08-19T18:48:11,1787140091,13.821541,100.51405,23.6,,-2.4,-3.3,113.7,113.7,,,,20.71,0,POSCTL,0,0
2026-08-19T18:48:12,1787140092,13.821541,100.51405,23.6,,-2.4,-3.3,113.7,113.7,,,,20.71,0,POSCTL,0,0
2026-08-19T18:48:13,1787140093,13.821541,100.51405,23.6,,-2.4,-3.3,113.7,113.7,,,,20.71,0,POSCTL,0,0
2026-08-19T18:48:14,1787140094,13.821541,100.51405,23.6,,-2.4,-3.3,113.7,113.7,,,,20.71,0,POSCTL,0,0
2026-08-19T18:48:15,1787140095,13.821541,100.51405,23.6,,-2.4,-3.3,113.7,113.7,,,,20.71,0,POSCTL,0,0
2026-08-19T18:48:16,1787140096,13.821415,100.514286,19.6,,-2.4,-3.3,113.7,113.7,,,,20.71,0,POSCTL,0,0
2026-08-19T18:48:17,1787140097,13.821415,100.514286,19.6,,-2.4,-3.3,113.7,113.7,,,,20.71,0,POSCTL,0,0
2026-08-19T18:48:18,1787140098,13.821415,100.514286,19.6,,-2.4,-3.3,113.7,113.7,,,,20.71,0,POSCTL,0,0
2026-08-19T18:48:19,1787140099,13.821415,100.514286,19.6,,-2.4,-3.3,113.7,113.7,,,,20.71,0,POSCTL,0,0
2026-08-19T18:48:20,1787140100,13.821352,100.514435,20.4,,-2.4,-3.3,113.7,113.7,,,,20.71,0,POSCTL,0,0
2026-08-19T18:48:21,1787140101,13.821352,100.514435,20.4,,-2.4,-3.3,113.7,113.7,,,,20.71,0,POSCTL,0,0
2026-08-19T18:48:22,1787140102,13.821352,100.514435,20.4,,-2.4,-3.3,113.7,113.7,,,,20.71,0,POSCTL,0,0
2026-08-19T18:48:23,1787140103,13.821352,100.514435,20.4,,-2.4,-3.3,113.7,113.7,,,,20.71,0,POSCTL,0,0
2026-08-19T18:48:24,1787140104,13.821382,100.514387,26.5,,-2.4,-3.3,113.7,113.7,,,,20.71,0,POSCTL,0,0
2026-08-19T18:48:25,1787140105,13.821382,100.514387,26.5,,-2.4,-3.3,113.7,113.7,,,,20.71,0,POSCTL,0,0
2026-08-19T18:48:26,1787140106,13.821382,100.514387,26.5,,-2.4,-3.3,113.7,113.7,,,,20.71,0,POSCTL,0,0
2026-08-19T18:48:27,1787140107,13.821383,100.514423,41.0,,-2.4,-3.3,113.7,113.7,,,,20.71,0,POSCTL,0,0
2026-08-19T18:48:28,1787140108,13.821383,100.514423,41.0,,-2.4,-3.3,113.7,113.7,,,,20.71,0,POSCTL,0,0
2026-08-19T18:48:29,1787140109,13.821383,100.514423,41.0,,-2.4,-3.3,113.7,113.7,,,,20.71,0,POSCTL,0,0
2026-08-19T18:48:30,1787140110,13.821412,100.514387,46.2,,-2.4,-3.3,113.7,113.7,,,,20.71,0,POSCTL,0,0
2026-08-19T18:48:31,1787140111,13.821412,100.514387,46.2,,-2.4,-3.3,113.7,113.7,,,,20.71,0,POSCTL,0,0
2026-08-19T18:48:32,1787140112,13.821412,100.514387,46.2,,-2.4,-3.3,113.7,113.7,,,,20.71,0,POSCTL,0,0
2026-08-19T18:48:33,1787140113,13.821412,100.514387,46.2,,-2.4,-3.3,113.7,113.7,,,,20.71,0,POSCTL,0,0
2026-08-19T18:48:34,1787140114,13.821412,100.514387,46.2,,-2.4,-3.3,113.7,113.7,,,,20.71,0,POSCTL,0,0
2026-08-19T18:48:35,1787140115,13.821374,100.51448,53.8,,-2.4,-3.3,113.7,113.7,,,,20.71,0,POSCTL,0,0
2026-08-19T18:48:36,1787140116,13.821374,100.51448,53.8,,-2.4,-3.3,113.7,113.7,,,,20.71,0,POSCTL,0,0
2026-08-19T18:48:37,1787140117,13.821374,100.51448,53.8,,-2.4,-3.3,113.7,113.7,,,,20.71,0,POSCTL,0,0
2026-08-19T18:48:38,1787140118,13.821347,100.514574,63.8,,-2.4,-3.3,113.7,113.7,,,,20.71,0,POSCTL,0,0
2026-08-19T18:48:39,1787140119,13.821347,100.514574,63.8,,-2.4,-3.3,113.7,113.7,,,,20.71,0,POSCTL,0,0
2026-08-19T18:48:40,1787140120,13.821347,100.514574,63.8,,-2.4,-3.3,113.7,113.7,,,,20.71,0,POSCTL,0,0
2026-08-19T18:48:41,1787140121,13.821347,100.514574,63.8,,-2.4,-3.3,113.7,113.7,,,,20.71,0,POSCTL,0,0
2026-08-19T18:48:42,1787140122,13.821131,100.515056,99.2,,-2.4,-3.3,113.7,113.7,,,,20.71,0,POSCTL,0,0
2026-08-19T18:48:43,1787140123,13.821131,100.515056,99.2,,-2.4,-3.3,113.7,113.7,,,,20.71,0,POSCTL,0,0
2026-08-19T18:48:44,1787140124,13.821131,100.515056,99.2,,-2.4,-3.3,113.7,113.7,,,,20.71,0,POSCTL,0,0
2026-08-19T18:48:45,1787140125,13.821131,100.515056,99.2,,-2.4,-3.3,113.7,113.7,,,,20.71,0,POSCTL,0,0
2026-08-19T18:48:46,1787140126,13.821131,100.515056,99.2,,-2.4,-3.3,113.7,113.7,,,,20.71,0,POSCTL,0,0
2026-08-19T18:48:47,1787140127,13.821131,100.515056,99.2,,-2.4,-3.3,113.7,113.7,,,,20.71,0,POSCTL,0,0
2026-08-19T18:48:48,1787140128,13.821131,100.515056,99.2,,-2.4,-3.3,113.7,113.7,,,,20.71,0,POSCTL,0,0
2026-08-19T18:48:49,1787140129,13.821131,100.515056,99.2,,-2.4,-3.3,113.7,113.7,,,,20.71,0,POSCTL,0,0
2026-08-19T18:48:50,1787140130,13.821309,100.514657,75.2,,-2.4,-3.3,113.6,113.6,,,,20.71,0,POSCTL,0,0
2026-08-19T18:48:51,1787140131,13.821309,100.514657,75.2,,-2.4,-3.3,113.6,113.6,,,,20.71,0,POSCTL,0,0
2026-08-19T18:48:52,1787140132,13.821309,100.514657,75.2,,-2.4,-3.3,113.7,113.7,,,,20.71,0,POSCTL,0,0
2026-08-19T18:48:53,1787140133,13.821309,100.514657,75.2,,-2.4,-3.3,113.7,113.7,,,,20.71,0,POSCTL,0,0
2026-08-19T18:48:54,1787140134,13.821309,100.514657,75.2,,-2.4,-3.3,113.7,113.7,,,,20.71,0,POSCTL,0,0
2026-08-19T18:48:55,1787140135,13.821309,100.514657,75.2,,-2.4,-3.3,113.7,113.7,,,,20.71,0,POSCTL,0,0
2026-08-19T18:48:56,1787140136,13.821309,100.514657,75.2,,-2.4,-3.3,113.7,113.7,,,,20.71,0,POSCTL,0,0
2026-08-19T18:48:57,1787140137,13.821309,100.514657,75.2,,-2.4,-3.3,113.7,113.7,,,,20.71,0,POSCTL,0,0
2026-08-19T18:48:58,1787140138,13.821309,100.514657,75.2,,-2.4,-3.3,113.7,113.7,,,,20.71,0,POSCTL,0,0
2026-08-19T18:48:59,1787140139,13.821309,100.514657,75.2,,-2.4,-3.3,113.7,113.7,,,,20.71,0,POSCTL,0,0
2026-08-19T18:49:00,1787140140,13.821604,100.513956,26.2,,-2.4,-3.3,113.7,113.7,,,,20.71,0,POSCTL,0,0
2026-08-19T18:49:01,1787140141,13.821604,100.513956,26.2,,-2.4,-3.3,113.7,113.7,,,,20.71,0,POSCTL,0,0
2026-08-19T18:49:02,1787140142,13.821604,100.513956,26.2,,-2.4,-3.3,113.7,113.7,,,,20.71,0,POSCTL,0,0
2026-08-19T18:49:03,1787140143,13.821604,100.513956,26.2,,-2.4,-3.3,113.7,113.7,,,,20.71,0,POSCTL,0,0
2026-08-19T18:49:04,1787140144,13.821604,100.513956,26.2,,-2.4,-3.3,113.7,113.7,,,,20.7,0,POSCTL,0,0
2026-08-19T18:49:05,1787140145,13.821604,100.513956,26.2,,-2.4,-3.3,113.7,113.7,,,,20.7,0,POSCTL,0,0
2026-08-19T18:49:06,1787140146,13.821604,100.513956,26.2,,-2.4,-3.3,113.7,113.7,,,,20.7,0,POSCTL,0,0
2026-08-19T18:49:07,1787140147,13.821604,100.513956,26.2,,-2.4,-3.3,113.7,113.7,,,,20.7,0,POSCTL,0,0
2026-08-19T18:49:08,1787140148,13.821604,100.513956,26.2,,-2.4,-3.3,113.7,113.7,,,,20.7,0,POSCTL,0,0
2026-08-19T18:49:09,1787140149,13.821604,100.513956,26.2,,-2.4,-3.3,113.7,113.7,,,,20.7,0,POSCTL,0,0
2026-08-19T18:49:10,1787140150,13.82171,100.513739,12.0,,-2.4,-3.3,113.7,113.7,,,,20.7,0,POSCTL,0,0
2026-08-19T18:49:11,1787140151,13.82171,100.513739,12.0,,-2.4,-3.3,113.7,113.7,,,,20.7,0,POSCTL,0,0
2026-08-19T18:49:12,1787140152,13.82171,100.513739,12.0,,-2.4,-3.3,113.7,113.7,,,,20.7,0,POSCTL,0,0
2026-08-19T18:49:13,1787140153,13.82173,100.513697,9.6,,-2.4,-3.3,113.7,113.7,,,,20.7,0,POSCTL,0,0
2026-08-19T18:49:14,1787140154,13.82173,100.513697,9.6,,-2.4,-3.3,113.7,113.7,,,,20.7,0,POSCTL,0,0
2026-08-19T18:49:15,1787140155,13.82173,100.513697,9.6,,-2.4,-3.3,113.7,113.7,,,,20.7,0,POSCTL,0,0
2026-08-19T18:49:16,1787140156,13.82173,100.513697,9.6,,-2.4,-3.3,113.7,113.7,,,,20.7,0,POSCTL,0,0
2026-08-19T18:49:17,1787140157,13.82173,100.513697,9.6,,-2.4,-3.3,113.7,113.7,,,,20.7,0,POSCTL,0,0
2026-08-19T18:49:18,1787140158,13.82173,100.513697,9.6,,-2.4,-3.3,113.7,113.7,,,,20.7,0,POSCTL,0,0
2026-08-19T18:49:19,1787140159,13.82173,100.513697,9.6,,-2.4,-3.3,113.7,113.7,,,,20.7,0,POSCTL,0,0
2026-08-19T18:49:20,1787140160,13.822089,100.513705,104.5,,-2.4,-3.3,113.7,113.7,,,,20.7,0,POSCTL,0,0
2026-08-19T18:49:21,1787140161,13.822089,100.513705,104.5,,-2.4,-3.3,113.7,113.7,,,,20.7,0,POSCTL,0,0
2026-08-19T18:49:22,1787140162,13.822089,100.513705,104.5,,-2.4,-3.3,113.7,113.7,,,,20.7,0,POSCTL,0,0
2026-08-19T18:49:23,1787140163,13.822089,100.513705,104.5,,-2.4,-3.3,113.7,113.7,,,,20.7,0,POSCTL,0,0
2026-08-19T18:49:24,1787140164,13.822348,100.513917,200.9,,-2.4,-3.3,113.7,113.7,,,,20.7,0,POSCTL,0,0
2026-08-19T18:49:25,1787140165,13.822348,100.513917,200.9,,-2.4,-3.3,113.7,113.7,,,,20.7,0,POSCTL,0,0
2026-08-19T18:49:26,1787140166,13.822348,100.513917,200.9,,-2.4,-3.3,113.7,113.7,,,,20.7,0,POSCTL,0,0
2026-08-19T18:49:27,1787140167,13.822348,100.513917,200.9,,-2.4,-3.3,113.7,113.7,,,,20.7,0,POSCTL,0,0
2026-08-19T18:49:28,1787140168,13.822317,100.513756,157.3,,-2.4,-3.3,113.7,113.7,,,,20.7,0,POSCTL,0,0
2026-08-19T18:49:29,1787140169,13.822317,100.513756,157.3,,-2.4,-3.3,113.7,113.7,,,,20.7,0,POSCTL,0,0
2026-08-19T18:49:30,1787140170,13.822317,100.513756,157.3,,-2.4,-3.3,113.7,113.7,,,,20.7,0,POSCTL,0,0
2026-08-19T18:49:31,1787140171,13.822317,100.513756,157.3,,-2.4,-3.3,113.7,113.7,,,,20.7,0,POSCTL,0,0
2026-08-19T18:49:32,1787140172,13.82222,100.513556,104.2,,-2.1,-3.0,113.6,113.6,,,,20.7,0,POSCTL,0,0
2026-08-19T18:49:33,1787140173,13.82222,100.513556,104.2,,-2.1,-3.0,113.6,113.6,,,,20.7,0,POSCTL,0,0
2026-08-19T18:49:34,1787140174,13.82222,100.513556,104.2,,-2.4,-3.3,113.7,113.7,,,,20.7,0,POSCTL,0,0
2026-08-19T18:49:35,1787140175,13.82222,100.513556,104.2,,-2.4,-3.3,113.7,113.7,,,,20.7,0,POSCTL,0,0
2026-08-19T18:49:36,1787140176,13.822172,100.513443,72.7,,-2.4,-3.3,113.7,113.7,,,,20.7,0,POSCTL,0,0
2026-08-19T18:49:37,1787140177,13.822172,100.513443,72.7,,-2.4,-3.3,113.7,113.7,,,,20.7,0,POSCTL,0,0
2026-08-19T18:49:38,1787140178,13.822172,100.513443,72.7,,-2.4,-3.3,113.7,113.7,,,,20.7,0,POSCTL,0,0
2026-08-19T18:49:39,1787140179,13.822172,100.513443,72.7,,-2.4,-3.3,113.7,113.7,,,,20.7,0,POSCTL,0,0
2026-08-19T18:49:40,1787140180,13.822172,100.513443,72.7,,-2.4,-3.3,113.7,113.7,,,,20.7,0,POSCTL,0,0
2026-08-19T18:49:41,1787140181,13.822172,100.513443,72.7,,-2.4,-3.3,113.7,113.7,,,,20.7,0,POSCTL,0,0
2026-08-19T18:49:42,1787140182,13.822172,100.513443,72.7,,-2.4,-3.3,113.7,113.7,,,,20.7,0,POSCTL,0,0
2026-08-19T18:49:45,1787140185,13.822137,100.513326,30.7,,-2.4,-3.3,113.7,113.7,,,,20.7,0,POSCTL,0,0
2026-08-19T18:49:46,1787140186,13.822137,100.513326,30.7,,-2.4,-3.3,113.7,113.7,,,,20.7,0,POSCTL,0,0
2026-08-19T18:49:47,1787140187,13.822137,100.513326,30.7,,-2.4,-3.3,113.7,113.7,,,,20.7,0,POSCTL,0,0
2026-08-19T18:49:48,1787140188,13.822257,100.513043,5.5,,-2.4,-3.3,113.7,113.7,,,,20.7,0,POSCTL,0,0
2026-08-19T18:49:49,1787140189,13.822257,100.513043,5.5,,-2.4,-3.3,113.7,113.7,,,,20.7,0,POSCTL,0,0
2026-08-19T18:49:50,1787140190,13.822257,100.513043,5.5,,-2.4,-3.3,113.7,113.7,,,,20.7,0,POSCTL,0,0
2026-08-19T18:49:51,1787140191,13.822257,100.513043,5.5,,-2.4,-3.3,113.7,113.7,,,,20.7,0,POSCTL,0,0
2026-08-19T18:49:52,1787140192,13.822244,100.513019,-1.1,,-2.4,-3.3,113.7,113.7,,,,20.7,0,POSCTL,0,0
2026-08-19T18:49:53,1787140193,13.822244,100.513019,-1.1,,-2.4,-3.3,113.7,113.7,,,,20.7,0,POSCTL,0,0
2026-08-19T18:49:54,1787140194,13.822244,100.513019,-1.1,,-2.4,-3.3,113.7,113.7,,,,20.7,0,POSCTL,0,0
2026-08-19T18:49:55,1787140195,13.822244,100.513019,-1.1,,-2.4,-3.3,113.7,113.7,,,,20.7,0,POSCTL,0,0
2026-08-19T18:49:56,1787140196,13.822244,100.513019,-1.1,,-2.4,-3.3,113.7,113.7,,,,20.7,0,POSCTL,0,0
2026-08-19T18:49:57,1787140197,13.822281,100.512984,6.6,,-2.4,-3.3,113.7,113.7,,,,20.7,0,POSCTL,0,0
2026-08-19T18:49:58,1787140198,13.822281,100.512984,6.6,,-2.4,-3.3,113.7,113.7,,,,20.7,0,POSCTL,0,0
2026-08-19T18:49:59,1787140199,13.822281,100.512984,6.6,,-2.4,-3.3,113.7,113.7,,,,20.7,0,POSCTL,0,0
2026-08-19T18:50:00,1787140200,13.822281,100.512984,6.6,,-2.4,-3.3,113.7,113.7,,,,20.7,0,POSCTL,0,0
2026-08-19T18:50:01,1787140201,13.822281,100.512984,6.6,,-2.4,-3.3,113.7,113.7,,,,20.7,0,POSCTL,0,0
2026-08-19T18:50:02,1787140202,13.822281,100.512984,6.6,,-2.4,-3.3,113.7,113.7,,,,20.7,0,POSCTL,0,0
2026-08-19T18:50:03,1787140203,13.822281,100.512984,6.6,,-2.4,-3.3,113.7,113.7,,,,20.7,0,POSCTL,0,0
2026-08-19T18:50:04,1787140204,13.822116,100.513323,28.3,,-2.4,-3.3,113.7,113.7,,,,20.7,0,POSCTL,0,0
2026-08-19T18:50:05,1787140205,13.822116,100.513323,28.3,,-2.4,-3.3,113.7,113.7,,,,20.7,0,POSCTL,0,0
2026-08-19T18:50:06,1787140206,13.822116,100.513323,28.3,,-2.4,-3.3,113.7,113.7,,,,20.7,0,POSCTL,0,0
2026-08-19T18:50:07,1787140207,13.822116,100.513323,28.3,,-2.4,-3.3,113.7,113.7,,,,20.7,0,POSCTL,0,0
2026-08-19T18:50:08,1787140208,13.822083,100.513384,26.6,,-2.4,-3.3,113.7,113.7,,,,20.7,0,POSCTL,0,0
2026-08-19T18:50:09,1787140209,13.822083,100.513384,26.6,,-2.4,-3.3,113.7,113.7,,,,20.7,0,POSCTL,0,0
2026-08-19T18:50:10,1787140210,13.822083,100.513384,26.6,,-2.4,-3.3,113.7,113.7,,,,20.7,0,POSCTL,0,0
2026-08-19T18:50:11,1787140211,13.822083,100.513384,26.6,,-2.4,-3.3,113.7,113.7,,,,20.7,0,POSCTL,0,0
2026-08-19T18:50:12,1787140212,13.822083,100.513384,26.6,,-2.4,-3.3,113.7,113.7,,,,20.7,0,POSCTL,0,0
2026-08-19T18:50:13,1787140213,13.822083,100.513384,26.6,,-2.4,-3.3,113.7,113.7,,,,20.7,0,POSCTL,0,0
2026-08-19T18:50:14,1787140214,13.822083,100.513384,26.6,,-2.4,-3.3,113.7,113.7,,,,20.7,0,POSCTL,0,0
2026-08-19T18:50:15,1787140215,13.822083,100.513384,26.6,,-2.4,-3.3,113.7,113.7,,,,20.7,0,POSCTL,0,0
2026-08-19T18:50:16,1787140216,13.822031,100.513549,12.9,,-2.4,-3.3,113.7,113.7,,,,20.7,0,POSCTL,0,0
2026-08-19T18:50:17,1787140217,13.822031,100.513549,12.9,,-2.4,-3.3,113.7,113.7,,,,20.7,0,POSCTL,0,0
2026-08-19T18:50:18,1787140218,13.822031,100.513549,12.9,,-2.4,-3.3,113.6,113.6,,,,20.7,0,POSCTL,0,0
2026-08-19T18:50:19,1787140219,13.822031,100.513549,12.9,,-2.4,-3.3,113.6,113.6,,,,20.7,0,POSCTL,0,0
2026-08-19T18:50:20,1787140220,13.821988,100.513597,8.1,,-2.4,-3.3,113.7,113.7,,,,20.7,0,POSCTL,0,0
2026-08-19T18:50:21,1787140221,13.821988,100.513597,8.1,,-2.4,-3.3,113.7,113.7,,,,20.7,0,POSCTL,0,0
2026-08-19T18:50:22,1787140222,13.821988,100.513597,8.1,,-2.4,-3.3,113.6,113.6,,,,20.7,0,POSCTL,0,0
2026-08-19T18:50:23,1787140223,13.821988,100.513597,8.1,,-2.4,-3.3,113.6,113.6,,,,20.7,0,POSCTL,0,0
2026-08-19T18:50:24,1787140224,13.821975,100.51363,4.8,,-2.4,-3.3,113.6,113.6,,,,20.7,0,POSCTL,0,0
2026-08-19T18:50:25,1787140225,13.821975,100.51363,4.8,,-2.4,-3.3,113.6,113.6,,,,20.7,0,POSCTL,0,0
2026-08-19T18:50:26,1787140226,13.821975,100.51363,4.8,,-2.4,-3.3,113.6,113.6,,,,20.7,0,POSCTL,0,0
2026-08-19T18:50:27,1787140227,13.821975,100.51363,4.8,,-2.4,-3.3,113.6,113.6,,,,20.7,0,POSCTL,0,0
2026-08-19T18:50:28,1787140228,13.82197,100.513728,7.9,,-2.4,-3.3,113.7,113.7,,,,20.7,0,POSCTL,0,0
2026-08-19T18:50:29,1787140229,13.82197,100.513728,7.9,,-2.4,-3.3,113.7,113.7,,,,20.7,0,POSCTL,0,0
2026-08-19T18:50:30,1787140230,13.82197,100.513728,7.9,,-2.4,-3.3,113.7,113.7,,,,20.7,0,POSCTL,0,0
2026-08-19T18:50:31,1787140231,13.82197,100.513728,7.9,,-2.4,-3.3,113.7,113.7,,,,20.7,0,POSCTL,0,0
2026-08-19T18:50:34,1787140234,13.82197,100.513728,7.9,,-2.4,-3.3,113.7,113.7,,,,20.7,0,POSCTL,0,0
2026-08-19T18:50:35,1787140235,13.82197,100.513728,7.9,,-2.4,-3.3,113.7,113.7,,,,20.7,0,POSCTL,0,0
2026-08-19T18:50:36,1787140236,13.821946,100.513773,8.7,,-2.4,-3.3,113.7,113.7,,,,20.7,0,POSCTL,0,0
2026-08-19T18:50:37,1787140237,13.821946,100.513773,8.7,,-2.4,-3.3,113.7,113.7,,,,20.7,0,POSCTL,0,0
2026-08-19T18:50:38,1787140238,13.821946,100.513773,8.7,,-2.4,-3.3,113.7,113.7,,,,20.7,0,POSCTL,0,0
2026-08-19T18:50:39,1787140239,13.821946,100.513773,8.7,,-2.4,-3.3,113.7,113.7,,,,20.7,0,POSCTL,0,0
2026-08-19T18:50:40,1787140240,13.821946,100.513773,8.7,,-2.4,-3.3,113.7,113.7,,,,20.7,0,POSCTL,0,0
2026-08-19T18:50:41,1787140241,13.821946,100.513773,8.7,,-2.4,-3.3,113.7,113.7,,,,20.7,0,POSCTL,0,0
2026-08-19T18:50:42,1787140242,13.821946,100.513773,8.7,,-2.4,-3.3,113.7,113.7,,,,20.7,0,POSCTL,0,0
2026-08-19T18:50:43,1787140243,13.821946,100.513773,8.7,,-2.4,-3.3,113.7,113.7,,,,20.7,0,POSCTL,0,0
2026-08-19T18:50:44,1787140244,13.821946,100.513773,8.7,,-2.4,-3.3,113.7,113.7,,,,20.7,0,POSCTL,0,0
2026-08-19T18:50:45,1787140245,13.821946,100.513773,8.7,,-2.4,-3.3,113.7,113.7,,,,20.7,0,POSCTL,0,0
2026-08-19T18:50:46,1787140246,13.821946,100.513773,8.7,,-2.4,-3.3,113.7,113.7,,,,20.7,0,POSCTL,0,0
2026-08-19T18:50:47,1787140247,13.821946,100.513773,8.7,,-2.4,-3.3,113.7,113.7,,,,20.7,0,POSCTL,0,0
2026-08-19T18:50:48,1787140248,13.821921,100.513797,7.6,,-2.4,-3.3,113.7,113.7,,,,20.7,0,POSCTL,0,0
2026-08-19T18:50:49,1787140249,13.821921,100.513797,7.6,,-2.4,-3.3,113.7,113.7,,,,20.7,0,POSCTL,0,0
2026-08-19T18:50:50,1787140250,13.821921,100.513797,7.6,,-2.4,-3.3,113.7,113.7,,,,20.7,0,POSCTL,0,0
2026-08-19T18:50:51,1787140251,13.821921,100.513797,7.6,,-2.4,-3.3,113.7,113.7,,,,20.7,0,POSCTL,0,0
2026-08-19T18:50:52,1787140252,13.821923,100.513817,9.7,,-2.4,-3.3,113.7,113.7,,,,20.7,0,POSCTL,0,0
2026-08-19T18:50:53,1787140253,13.821923,100.513817,9.7,,-2.4,-3.3,113.7,113.7,,,,20.7,0,POSCTL,0,0
2026-08-19T18:50:54,1787140254,13.821923,100.513817,9.7,,-2.4,-3.3,113.7,113.7,,,,20.7,0,POSCTL,0,0
2026-08-19T18:50:55,1787140255,13.821923,100.513817,9.7,,-2.4,-3.3,113.7,113.7,,,,20.7,0,POSCTL,0,0
2026-08-19T18:50:56,1787140256,13.821923,100.513817,9.7,,-2.4,-3.3,113.7,113.7,,,,20.7,0,POSCTL,0,0
2026-08-19T18:50:59,1787140259,13.821923,100.513817,9.7,,-2.4,-3.3,113.6,113.6,,,,20.7,0,POSCTL,0,0
2026-08-19T18:51:00,1787140260,13.821923,100.513817,9.7,,-2.4,-3.3,113.6,113.6,,,,20.7,0,POSCTL,0,0
2026-08-19T18:51:01,1787140261,13.821923,100.513817,9.7,,-2.4,-3.3,113.6,113.6,,,,20.7,0,POSCTL,0,0
2026-08-19T18:51:02,1787140262,13.821901,100.513742,1.4,,-2.4,-3.3,113.6,113.6,,,,20.7,0,POSCTL,0,0
2026-08-19T18:51:03,1787140263,13.821901,100.513742,1.4,,-2.4,-3.3,113.6,113.6,,,,20.7,0,POSCTL,0,0
2026-08-19T18:51:04,1787140264,13.821901,100.513742,1.4,,-2.4,-3.3,113.6,113.6,,,,20.7,0,POSCTL,0,0
2026-08-19T18:51:05,1787140265,13.821892,100.513727,2.1,,-2.4,-3.3,113.6,113.6,,,,20.7,0,POSCTL,0,0
2026-08-19T18:51:06,1787140266,13.821892,100.513727,2.1,,-2.4,-3.3,113.6,113.6,,,,20.7,0,POSCTL,0,0
2026-08-19T18:51:07,1787140267,13.821892,100.513727,2.1,,-2.4,-3.3,113.6,113.6,,,,20.7,0,POSCTL,0,0
2026-08-19T18:51:08,1787140268,13.821892,100.513727,2.1,,-2.4,-3.3,113.6,113.6,,,,20.7,0,POSCTL,0,0
2026-08-19T18:51:09,1787140269,13.821895,100.513733,2.7,,-2.4,-3.3,113.6,113.6,,,,20.7,0,POSCTL,0,0
2026-08-19T18:51:10,1787140270,13.821895,100.513733,2.7,,-2.4,-3.3,113.6,113.6,,,,20.7,0,POSCTL,0,0
2026-08-19T18:51:11,1787140271,13.821895,100.513733,2.7,,-2.4,-3.3,113.6,113.6,,,,20.7,0,POSCTL,0,0
2026-08-19T18:51:12,1787140272,13.821904,100.513744,6.3,,-2.4,-3.3,113.6,113.6,,,,20.7,0,POSCTL,0,0
2026-08-19T18:51:13,1787140273,13.821904,100.513744,6.3,,-2.4,-3.3,113.6,113.6,,,,20.7,0,POSCTL,0,0
2026-08-19T18:51:14,1787140274,13.821904,100.513744,6.3,,-2.4,-3.3,113.6,113.6,,,,20.69,0,POSCTL,0,0
2026-08-19T18:51:15,1787140275,13.821904,100.513744,6.3,,-2.4,-3.3,113.6,113.6,,,,20.69,0,POSCTL,0,0
2026-08-19T18:51:16,1787140276,13.821969,100.513875,38.5,,-2.4,-3.3,113.6,113.6,,,,20.69,0,POSCTL,0,0
2026-08-19T18:51:17,1787140277,13.821969,100.513875,38.5,,-2.4,-3.3,113.6,113.6,,,,20.69,0,POSCTL,0,0
2026-08-19T18:51:19,1787140279,13.821969,100.513875,38.5,,-2.4,-3.3,113.6,113.6,,,,20.69,0,POSCTL,0,0
2026-08-19T18:51:20,1787140280,13.821969,100.513875,38.5,,-2.4,-3.3,113.6,113.6,,,,20.69,0,POSCTL,0,0
2026-08-19T18:51:21,1787140281,13.821969,100.513875,38.5,,-2.4,-3.3,113.6,113.6,,,,20.69,0,POSCTL,0,0
2026-08-19T18:51:22,1787140282,13.821969,100.513875,38.5,,-2.4,-3.3,113.6,113.6,,,,20.69,0,POSCTL,0,0
2026-08-19T18:51:23,1787140283,13.821969,100.513875,38.5,,-2.4,-3.3,113.6,113.6,,,,20.69,0,POSCTL,0,0
2026-08-19T18:51:24,1787140284,13.821968,100.513773,40.1,,-2.4,-3.3,113.6,113.6,,,,20.69,0,POSCTL,0,0
2026-08-19T18:51:25,1787140285,13.821968,100.513773,40.1,,-2.4,-3.3,113.7,113.7,,,,20.69,0,POSCTL,0,0
2026-08-19T18:51:26,1787140286,13.821968,100.513773,40.1,,-2.4,-3.3,113.7,113.7,,,,20.69,0,POSCTL,0,0
2026-08-19T18:51:27,1787140287,13.821968,100.513773,40.1,,-2.4,-3.3,113.7,113.7,,,,20.69,0,POSCTL,0,0
2026-08-19T18:51:28,1787140288,13.821968,100.513773,40.1,,-2.4,-3.3,113.7,113.7,,,,20.69,0,POSCTL,0,0
2026-08-19T18:51:29,1787140289,13.821968,100.513773,40.1,,-2.4,-3.3,113.7,113.7,,,,20.69,0,POSCTL,0,0
2026-08-19T18:51:30,1787140290,13.821968,100.513773,40.1,,-2.4,-3.3,113.7,113.7,,,,20.69,0,POSCTL,0,0
2026-08-19T18:51:31,1787140291,13.821968,100.513773,40.1,,-2.4,-3.3,113.7,113.7,,,,20.69,0,POSCTL,0,0
2026-08-19T18:51:32,1787140292,13.821965,100.513815,50.7,,-2.4,-3.3,113.7,113.7,,,,20.69,0,POSCTL,0,0
2026-08-19T18:51:33,1787140293,13.821965,100.513815,50.7,,-2.4,-3.3,113.7,113.7,,,,20.69,0,POSCTL,0,0
2026-08-19T18:51:34,1787140294,13.821965,100.513815,50.7,,-2.4,-3.3,113.7,113.7,,,,20.69,0,POSCTL,0,0
2026-08-19T18:51:35,1787140295,13.821965,100.513815,50.7,,-2.4,-3.3,113.7,113.7,,,,20.69,0,POSCTL,0,0
2026-08-19T18:51:36,1787140296,13.821882,100.513679,17.1,,-2.4,-3.3,113.7,113.7,,,,20.69,0,POSCTL,0,0
2026-08-19T18:51:37,1787140297,13.821882,100.513679,17.1,,-2.4,-3.3,113.7,113.7,,,,20.69,0,POSCTL,0,0
2026-08-19T18:51:38,1787140298,13.821882,100.513679,17.1,,-2.4,-3.3,113.7,113.7,,,,20.69,0,POSCTL,0,0
2026-08-19T18:51:39,1787140299,13.821882,100.513679,17.1,,-2.4,-3.3,113.7,113.7,,,,20.69,0,POSCTL,0,0
2026-08-19T18:51:41,1787140301,13.821882,100.513679,17.1,,-2.4,-3.3,113.7,113.7,,,,20.69,0,POSCTL,0,0
2026-08-19T18:51:42,1787140302,13.821882,100.513679,17.1,,-2.4,-3.3,113.7,113.7,,,,20.69,0,POSCTL,0,0
2026-08-19T18:51:43,1787140303,13.821882,100.513679,17.1,,-2.4,-3.3,113.7,113.7,,,,20.69,0,POSCTL,0,0
2026-08-19T18:51:44,1787140304,13.821882,100.513679,17.1,,-2.4,-3.3,113.7,113.7,,,,20.69,0,POSCTL,0,0
2026-08-19T18:51:45,1787140305,13.821744,100.513421,-47.8,,-2.4,-3.3,113.7,113.7,,,,20.69,0,POSCTL,0,0
2026-08-19T18:51:46,1787140306,13.821744,100.513421,-47.8,,-2.4,-3.3,113.7,113.7,,,,20.69,0,POSCTL,0,0
2026-08-19T18:51:47,1787140307,13.821744,100.513421,-47.8,,-2.4,-3.3,113.7,113.7,,,,20.69,0,POSCTL,0,0
2026-08-19T18:51:48,1787140308,13.821744,100.513421,-47.8,,-2.4,-3.3,113.7,113.7,,,,20.69,0,POSCTL,0,0
2026-08-19T18:51:49,1787140309,13.821744,100.513421,-47.8,,-2.4,-3.3,113.7,113.7,,,,20.69,0,POSCTL,0,0
2026-08-19T18:51:50,1787140310,13.821744,100.513421,-47.8,,-2.4,-3.3,113.7,113.7,,,,20.69,0,POSCTL,0,0
2026-08-19T18:51:52,1787140312,13.821744,100.513421,-47.8,,-2.4,-3.3,113.7,113.7,,,,20.69,0,POSCTL,0,0
2026-08-19T18:51:53,1787140313,13.821744,100.513421,-47.8,,-2.4,-3.3,113.7,113.7,,,,20.69,0,POSCTL,0,0
2026-08-19T18:51:54,1787140314,13.821744,100.513421,-47.8,,-2.4,-3.3,113.7,113.7,,,,20.69,0,POSCTL,0,0
2026-08-19T18:51:55,1787140315,13.821744,100.513421,-47.8,,-2.4,-3.3,113.7,113.7,,,,20.69,0,POSCTL,0,0
2026-08-19T18:51:56,1787140316,13.821769,100.513475,-27.0,,-2.4,-3.3,113.7,113.7,,,,20.69,0,POSCTL,0,0
2026-08-19T18:51:57,1787140317,13.821769,100.513475,-27.0,,-2.4,-3.3,113.7,113.7,,,,20.69,0,POSCTL,0,0
2026-08-19T18:51:58,1787140318,13.821769,100.513475,-27.0,,-2.4,-3.3,113.7,113.7,,,,20.69,0,POSCTL,0,0
2026-08-19T18:51:59,1787140319,13.821769,100.513475,-27.0,,-2.4,-3.3,113.7,113.7,,,,20.69,0,POSCTL,0,0
2026-08-19T18:52:00,1787140320,13.821769,100.513475,-27.0,,-2.4,-3.3,113.7,113.7,,,,20.69,0,POSCTL,0,0
2026-08-19T18:52:01,1787140321,13.821769,100.513475,-27.0,,-2.4,-3.3,113.7,113.7,,,,20.69,0,POSCTL,0,0
2026-08-19T18:52:02,1787140322,13.821769,100.513475,-27.0,,-2.4,-3.3,113.7,113.7,,,,20.69,0,POSCTL,0,0
2026-08-19T18:52:03,1787140323,13.821769,100.513475,-27.0,,-2.4,-3.3,113.7,113.7,,,,20.69,0,POSCTL,0,0
2026-08-19T18:52:04,1787140324,13.821807,100.513485,-13.0,,-2.4,-3.3,113.7,113.7,,,,20.69,0,POSCTL,0,0
2026-08-19T18:52:05,1787140325,13.821807,100.513485,-13.0,,-2.4,-3.3,113.7,113.7,,,,20.69,0,POSCTL,0,0
2026-08-19T18:52:06,1787140326,13.821807,100.513485,-13.0,,-2.4,-3.3,113.7,113.7,,,,20.69,0,POSCTL,0,0
2026-08-19T18:52:07,1787140327,13.821842,100.51354,0.5,,-2.4,-3.3,113.7,113.7,,,,20.69,0,POSCTL,0,0
2026-08-19T18:52:08,1787140328,13.821842,100.51354,0.5,,-2.4,-3.3,113.7,113.7,,,,20.69,0,POSCTL,0,0
2026-08-19T18:52:09,1787140329,13.821842,100.51354,0.5,,-2.4,-3.3,113.7,113.7,,,,20.69,0,POSCTL,0,0
2026-08-19T18:52:10,1787140330,13.821842,100.51354,0.5,,-2.4,-3.3,113.7,113.7,,,,20.69,0,POSCTL,0,0
2026-08-19T18:52:11,1787140331,13.821842,100.51354,0.5,,-2.4,-3.3,113.7,113.7,,,,20.69,0,POSCTL,0,0
2026-08-19T18:52:12,1787140332,13.821842,100.51354,0.5,,-2.4,-3.3,113.7,113.7,,,,20.69,0,POSCTL,0,0
2026-08-19T18:52:13,1787140333,13.821842,100.51354,0.5,,-2.4,-3.3,113.7,113.7,,,,20.69,0,POSCTL,0,0
2026-08-19T18:52:14,1787140334,13.821842,100.51354,0.5,,-2.4,-3.3,113.7,113.7,,,,20.69,0,POSCTL,0,0
2026-08-19T18:52:15,1787140335,13.821864,100.513735,35.0,,-2.4,-3.3,113.7,113.7,,,,20.69,0,POSCTL,0,0
2026-08-19T18:52:16,1787140336,13.821864,100.513735,35.0,,-2.4,-3.3,113.7,113.7,,,,20.69,0,POSCTL,0,0
2026-08-19T18:52:17,1787140337,13.821864,100.513735,35.0,,-2.4,-3.3,113.7,113.7,,,,20.69,0,POSCTL,0,0
2026-08-19T18:52:18,1787140338,13.821864,100.513735,35.0,,-2.4,-3.3,113.7,113.7,,,,20.69,0,POSCTL,0,0
2026-08-19T18:52:19,1787140339,13.821864,100.513735,35.0,,-2.4,-3.3,113.7,113.7,,,,20.69,0,POSCTL,0,0
2026-08-19T18:52:20,1787140340,13.821864,100.513735,35.0,,-2.4,-3.3,113.7,113.7,,,,20.69,0,POSCTL,0,0
2026-08-19T18:52:21,1787140341,13.821864,100.513735,35.0,,-2.4,-3.3,113.7,113.7,,,,20.69,0,POSCTL,0,0
2026-08-19T18:52:22,1787140342,13.821864,100.513735,35.0,,-2.4,-3.3,113.7,113.7,,,,20.69,0,POSCTL,0,0
2026-08-19T18:52:23,1787140343,13.82187,100.513891,65.4,,-2.4,-3.3,113.6,113.6,,,,20.69,0,POSCTL,0,0
2026-08-19T18:52:24,1787140344,13.82187,100.513891,65.4,,-2.4,-3.3,113.6,113.6,,,,20.69,0,POSCTL,0,0
2026-08-19T18:52:25,1787140345,13.82187,100.513891,65.4,,-2.4,-3.3,113.6,113.6,,,,20.69,0,POSCTL,0,0
2026-08-19T18:52:26,1787140346,13.82187,100.513891,65.4,,-2.4,-3.3,113.7,113.7,,,,20.69,0,POSCTL,0,0
2026-08-19T18:52:27,1787140347,13.821882,100.513916,67.2,,-2.4,-3.3,113.7,113.7,,,,20.69,0,POSCTL,0,0
2026-08-19T18:52:28,1787140348,13.821882,100.513916,67.2,,-2.4,-3.3,113.7,113.7,,,,20.69,0,POSCTL,0,0
2026-08-19T18:52:29,1787140349,13.821882,100.513916,67.2,,-2.4,-3.3,113.7,113.7,,,,20.69,0,POSCTL,0,0
2026-08-19T18:52:30,1787140350,13.821882,100.513916,67.2,,-2.4,-3.3,113.7,113.7,,,,20.69,0,POSCTL,0,0
2026-08-19T18:52:31,1787140351,13.821882,100.513916,67.2,,-2.4,-3.3,113.7,113.7,,,,20.69,0,POSCTL,0,0
2026-08-19T18:52:32,1787140352,13.821882,100.513916,67.2,,-2.4,-3.3,113.7,113.7,,,,20.69,0,POSCTL,0,0
2026-08-19T18:52:33,1787140353,13.821882,100.513916,67.2,,-2.4,-3.3,113.7,113.7,,,,20.69,0,POSCTL,0,0
2026-08-19T18:52:34,1787140354,13.821882,100.513916,67.2,,-2.4,-3.3,113.7,113.7,,,,20.69,0,POSCTL,0,0
2026-08-19T18:52:35,1787140355,13.821913,100.513908,56.3,,-2.4,-3.3,113.7,113.7,,,,20.69,0,POSCTL,0,0
2026-08-19T18:52:36,1787140356,13.821913,100.513908,56.3,,-2.4,-3.3,113.7,113.7,,,,20.69,0,POSCTL,0,0
2026-08-19T18:52:37,1787140357,13.821913,100.513908,56.3,,-2.4,-3.3,113.7,113.7,,,,20.69,0,POSCTL,0,0
2026-08-19T18:52:38,1787140358,13.821913,100.513908,56.3,,-2.4,-3.3,113.7,113.7,,,,20.69,0,POSCTL,0,0
2026-08-19T18:52:39,1787140359,13.821913,100.513908,56.3,,-2.4,-3.3,113.7,113.7,,,,20.69,0,POSCTL,0,0
2026-08-19T18:52:40,1787140360,13.821913,100.513908,56.3,,-2.4,-3.3,113.7,113.7,,,,20.69,0,POSCTL,0,0
2026-08-19T18:52:41,1787140361,13.821913,100.513908,56.3,,-2.4,-3.3,113.7,113.7,,,,20.69,0,POSCTL,0,0
2026-08-19T18:52:42,1787140362,13.821915,100.513816,40.4,,-2.4,-3.3,113.7,113.7,,,,20.69,0,POSCTL,0,0
2026-08-19T18:52:43,1787140363,13.821915,100.513816,40.4,,-2.4,-3.3,113.7,113.7,,,,20.69,0,POSCTL,0,0
2026-08-19T18:52:44,1787140364,13.821915,100.513816,40.4,,-2.4,-3.3,113.7,113.7,,,,20.69,0,POSCTL,0,0
2026-08-19T18:52:45,1787140365,13.821915,100.513816,40.4,,-2.4,-3.3,113.7,113.7,,,,20.69,0,POSCTL,0,0
2026-08-19T18:52:46,1787140366,13.821915,100.513816,40.4,,-2.4,-3.3,113.7,113.7,,,,20.69,0,POSCTL,0,0
2026-08-19T18:52:47,1787140367,13.821915,100.513816,40.4,,-2.4,-3.3,113.7,113.7,,,,20.69,0,POSCTL,0,0
2026-08-19T18:52:48,1787140368,13.821915,100.513816,40.4,,-2.4,-3.3,113.7,113.7,,,,20.69,0,POSCTL,0,0
2026-08-19T18:52:49,1787140369,13.821915,100.513816,40.4,,-2.4,-3.3,113.7,113.7,,,,20.69,0,POSCTL,0,0
2026-08-19T18:52:50,1787140370,13.821915,100.513816,40.4,,-2.4,-3.3,113.7,113.7,,,,20.69,0,POSCTL,0,0
2026-08-19T18:52:51,1787140371,13.821924,100.513732,29.1,,-2.4,-3.3,113.7,113.7,,,,20.69,0,POSCTL,0,0
2026-08-19T18:52:52,1787140372,13.821924,100.513732,29.1,,-2.4,-3.3,113.7,113.7,,,,20.68,0,POSCTL,0,0
2026-08-19T18:52:53,1787140373,13.821924,100.513732,29.1,,-2.4,-3.3,113.7,113.7,,,,20.68,0,POSCTL,0,0
2026-08-19T18:52:54,1787140374,13.821922,100.513726,26.0,,-2.4,-3.3,113.7,113.7,,,,20.68,0,POSCTL,0,0
2026-08-19T18:52:55,1787140375,13.821922,100.513726,26.0,,-2.4,-3.3,113.7,113.7,,,,20.68,0,POSCTL,0,0
2026-08-19T18:52:56,1787140376,13.821922,100.513726,26.0,,-2.4,-3.3,113.7,113.7,,,,20.68,0,POSCTL,0,0
2026-08-19T18:52:57,1787140377,13.821922,100.513726,26.0,,-2.4,-3.3,113.7,113.7,,,,20.68,0,POSCTL,0,0
2026-08-19T18:52:58,1787140378,13.821922,100.513726,26.0,,-2.4,-3.3,113.7,113.7,,,,20.68,0,POSCTL,0,0
2026-08-19T18:52:59,1787140379,13.821922,100.513726,26.0,,-2.4,-3.3,113.7,113.7,,,,20.68,0,POSCTL,0,0
2026-08-19T18:53:00,1787140380,13.821922,100.513726,26.0,,-2.4,-3.3,113.7,113.7,,,,20.68,0,POSCTL,0,0
2026-08-19T18:53:01,1787140381,13.821923,100.513719,25.8,,-2.4,-3.3,113.7,113.7,,,,20.68,0,POSCTL,0,0
2026-08-19T18:53:02,1787140382,13.821923,100.513719,25.8,,-2.4,-3.3,113.7,113.7,,,,20.68,0,POSCTL,0,0
2026-08-19T18:53:03,1787140383,13.821923,100.513719,25.8,,-2.4,-3.3,113.6,113.6,,,,20.68,0,POSCTL,0,0
2026-08-19T18:53:04,1787140384,13.821927,100.513707,19.2,,-2.4,-3.3,113.6,113.6,,,,20.68,0,POSCTL,0,0
2026-08-19T18:53:05,1787140385,13.821927,100.513707,19.2,,-2.4,-3.3,113.7,113.7,,,,20.68,0,POSCTL,0,0
2026-08-19T18:53:06,1787140386,13.821927,100.513707,19.2,,-2.4,-3.3,113.7,113.7,,,,20.68,0,POSCTL,0,0
2026-08-19T18:53:07,1787140387,13.821927,100.513707,19.2,,-2.4,-3.3,113.6,113.6,,,,20.68,0,POSCTL,0,0
2026-08-19T18:53:08,1787140388,13.821927,100.513707,19.2,,-2.4,-3.3,113.6,113.6,,,,20.68,0,POSCTL,0,0
2026-08-19T18:53:10,1787140390,13.821927,100.513707,19.2,,-2.4,-3.3,113.6,113.6,,,,20.68,0,POSCTL,0,0
2026-08-19T18:53:11,1787140391,13.821927,100.513707,19.2,,-2.4,-3.3,113.7,113.7,,,,20.68,0,POSCTL,0,0
2026-08-19T18:53:12,1787140392,13.821939,100.513674,16.4,,-2.4,-3.3,113.7,113.7,,,,20.68,0,POSCTL,0,0
2026-08-19T18:53:13,1787140393,13.821939,100.513674,16.4,,-2.4,-3.3,113.7,113.7,,,,20.68,0,POSCTL,0,0
2026-08-19T18:53:14,1787140394,13.821939,100.513674,16.4,,-2.4,-3.3,113.7,113.7,,,,20.68,0,POSCTL,0,0
2026-08-19T18:53:15,1787140395,13.821939,100.513674,16.4,,-2.4,-3.3,113.7,113.7,,,,20.68,0,POSCTL,0,0
2026-08-19T18:53:16,1787140396,13.821959,100.513625,20.5,,-2.4,-3.3,113.7,113.7,,,,20.68,0,POSCTL,0,0
2026-08-19T18:53:17,1787140397,13.821959,100.513625,20.5,,-2.4,-3.3,113.7,113.7,,,,20.68,0,POSCTL,0,0
2026-08-19T18:53:18,1787140398,13.821959,100.513625,20.5,,-2.4,-3.3,113.7,113.7,,,,20.68,0,POSCTL,0,0
2026-08-19T18:53:19,1787140399,13.821959,100.513625,20.5,,-2.4,-3.3,113.7,113.7,,,,20.68,0,POSCTL,0,0
2026-08-19T18:53:20,1787140400,13.821975,100.513577,18.1,,-2.4,-3.3,113.7,113.7,,,,20.68,0,POSCTL,0,0
2026-08-19T18:53:21,1787140401,13.821975,100.513577,18.1,,-2.4,-3.3,113.7,113.7,,,,20.68,0,POSCTL,0,0
2026-08-19T18:53:22,1787140402,13.821975,100.513577,18.1,,-2.4,-3.3,113.7,113.7,,,,20.68,0,POSCTL,0,0
2026-08-19T18:53:23,1787140403,13.821975,100.513577,18.1,,-2.4,-3.3,113.7,113.7,,,,20.68,0,POSCTL,0,0
2026-08-19T18:53:24,1787140404,13.821993,100.513536,22.8,,-2.4,-3.3,113.7,113.7,,,,20.68,0,POSCTL,0,0
2026-08-19T18:53:25,1787140405,13.821993,100.513536,22.8,,-2.4,-3.3,113.7,113.7,,,,20.68,0,POSCTL,0,0
2026-08-19T18:53:26,1787140406,13.821993,100.513536,22.8,,-2.4,-3.3,113.7,113.7,,,,20.68,0,POSCTL,0,0
2026-08-19T18:53:27,1787140407,13.821993,100.513536,22.8,,-2.4,-3.3,113.7,113.7,,,,20.68,0,POSCTL,0,0
2026-08-19T18:53:28,1787140408,13.821993,100.513536,22.8,,-2.4,-3.3,113.7,113.7,,,,20.68,0,POSCTL,0,0
2026-08-19T18:53:30,1787140410,13.821993,100.513536,22.8,,-2.4,-3.3,113.7,113.7,,,,20.68,0,POSCTL,0,0
2026-08-19T18:53:31,1787140411,13.821993,100.513536,22.8,,-2.4,-3.3,113.7,113.7,,,,20.68,0,POSCTL,0,0
2026-08-19T18:53:32,1787140412,13.821993,100.513536,22.8,,-2.4,-3.3,113.7,113.7,,,,20.68,0,POSCTL,0,0
2026-08-19T18:53:33,1787140413,13.821993,100.513536,22.8,,-2.4,-3.3,113.6,113.6,,,,20.68,0,POSCTL,0,0
2026-08-19T18:53:34,1787140414,13.821993,100.513536,22.8,,-2.4,-3.3,113.6,113.6,,,,20.68,0,POSCTL,0,0
2026-08-19T18:53:35,1787140415,13.821993,100.513536,22.8,,-2.4,-3.3,113.7,113.7,,,,20.68,0,POSCTL,0,0
2026-08-19T18:53:36,1787140416,13.822021,100.51347,35.9,,-2.4,-3.3,113.7,113.7,,,,20.68,0,POSCTL,0,0
2026-08-19T18:53:37,1787140417,13.822021,100.51347,35.9,,-2.4,-3.3,113.7,113.7,,,,20.68,0,POSCTL,0,0
2026-08-19T18:53:38,1787140418,13.822021,100.51347,35.9,,-2.4,-3.3,113.7,113.7,,,,20.68,0,POSCTL,0,0
2026-08-19T18:53:39,1787140419,13.822021,100.51347,35.9,,-2.4,-3.3,113.7,113.7,,,,20.68,0,POSCTL,0,0
2026-08-19T18:53:40,1787140420,13.822021,100.51347,35.9,,-2.4,-3.3,113.7,113.7,,,,20.68,0,POSCTL,0,0
2026-08-19T18:53:41,1787140421,13.822021,100.51347,35.9,,-2.4,-3.3,113.7,113.7,,,,20.68,0,POSCTL,0,0
2026-08-19T18:53:42,1787140422,13.822021,100.51347,35.9,,-2.4,-3.3,113.7,113.7,,,,20.68,0,POSCTL,0,0
2026-08-19T18:53:43,1787140423,13.822021,100.51347,35.9,,-2.4,-3.3,113.7,113.7,,,,20.68,0,POSCTL,0,0
2026-08-19T18:53:44,1787140424,13.822021,100.51347,35.9,,-2.4,-3.3,113.7,113.7,,,,20.68,0,POSCTL,0,0
2026-08-19T18:53:45,1787140425,13.822021,100.51347,35.9,,-2.4,-3.3,113.7,113.7,,,,20.68,0,POSCTL,0,0
2026-08-19T18:53:46,1787140426,13.822021,100.51347,35.9,,-2.4,-3.3,113.7,113.7,,,,20.68,0,POSCTL,0,0
2026-08-19T18:53:47,1787140427,13.822021,100.51347,35.9,,-2.4,-3.3,113.7,113.7,,,,20.68,0,POSCTL,0,0
2026-08-19T18:53:48,1787140428,13.822021,100.51347,35.9,,-2.4,-3.3,113.6,113.6,,,,20.68,0,POSCTL,0,0
2026-08-19T18:53:49,1787140429,13.821999,100.513511,20.6,,-2.4,-3.3,113.6,113.6,,,,20.68,0,POSCTL,0,0
2026-08-19T18:53:50,1787140430,13.821999,100.513511,20.6,,-2.4,-3.3,113.6,113.6,,,,20.68,0,POSCTL,0,0
2026-08-19T18:53:51,1787140431,13.821999,100.513511,20.6,,-2.4,-3.3,113.6,113.6,,,,20.68,0,POSCTL,0,0
2026-08-19T18:53:52,1787140432,13.821999,100.513511,20.6,,-2.4,-3.3,113.6,113.6,,,,20.68,0,POSCTL,0,0
2026-08-19T18:53:53,1787140433,13.821999,100.513511,20.6,,-2.4,-3.3,113.7,113.7,,,,20.68,0,POSCTL,0,0
2026-08-19T18:53:54,1787140434,13.821999,100.513511,20.6,,-2.4,-3.3,113.7,113.7,,,,20.68,0,POSCTL,0,0
2026-08-19T18:53:55,1787140435,13.821999,100.513511,20.6,,-2.4,-3.3,113.7,113.7,,,,20.68,0,POSCTL,0,0
2026-08-19T18:53:56,1787140436,13.821999,100.513511,20.6,,-2.4,-3.3,113.7,113.7,,,,20.68,0,POSCTL,0,0
2026-08-19T18:53:57,1787140437,13.821975,100.513546,10.3,,-2.4,-3.3,113.7,113.7,,,,20.68,0,POSCTL,0,0
2026-08-19T18:53:58,1787140438,13.821975,100.513546,10.3,,-2.4,-3.3,113.7,113.7,,,,20.68,0,POSCTL,0,0
2026-08-19T18:53:59,1787140439,13.821975,100.513546,10.3,,-2.4,-3.3,113.7,113.7,,,,20.68,0,POSCTL,0,0
2026-08-19T18:54:00,1787140440,13.821962,100.51356,6.3,,-2.4,-3.3,113.7,113.7,,,,20.68,0,POSCTL,0,0
2026-08-19T18:54:01,1787140441,13.821962,100.51356,6.3,,-2.4,-3.3,113.7,113.7,,,,20.68,0,POSCTL,0,0
2026-08-19T18:54:02,1787140442,13.821962,100.51356,6.3,,-2.4,-3.3,113.7,113.7,,,,20.68,0,POSCTL,0,0
2026-08-19T18:54:03,1787140443,13.821962,100.51356,6.3,,-2.4,-3.3,113.7,113.7,,,,20.68,0,POSCTL,0,0
2026-08-19T18:54:04,1787140444,13.821962,100.51356,6.3,,-2.4,-3.3,113.7,113.7,,,,20.68,0,POSCTL,0,0
2026-08-19T18:54:05,1787140445,13.821962,100.51356,6.3,,-2.4,-3.3,113.7,113.7,,,,20.68,0,POSCTL,0,0
2026-08-19T18:54:06,1787140446,13.82194,100.513579,-3.1,,-2.4,-3.3,113.7,113.7,,,,20.68,0,POSCTL,0,0
2026-08-19T18:54:07,1787140447,13.82194,100.513579,-3.1,,-2.4,-3.3,113.7,113.7,,,,20.68,0,POSCTL,0,0
2026-08-19T18:54:08,1787140448,13.82194,100.513579,-3.1,,-2.4,-3.3,113.7,113.7,,,,20.68,0,POSCTL,0,0
2026-08-19T18:54:09,1787140449,13.82194,100.513579,-3.1,,-2.4,-3.3,113.7,113.7,,,,20.68,0,POSCTL,0,0
2026-08-19T18:54:10,1787140450,13.82193,100.513604,0.5,,-2.4,-3.3,113.7,113.7,,,,20.68,0,POSCTL,0,0
2026-08-19T18:54:11,1787140451,13.82193,100.513604,0.5,,-2.4,-3.3,113.7,113.7,,,,20.68,0,POSCTL,0,0
2026-08-19T18:54:12,1787140452,13.82193,100.513604,0.5,,-2.4,-3.3,113.7,113.7,,,,20.68,0,POSCTL,0,0
2026-08-19T18:54:13,1787140453,13.821922,100.513622,2.7,,-2.4,-3.3,113.7,113.7,,,,20.68,0,POSCTL,0,0
2026-08-19T18:54:14,1787140454,13.821922,100.513622,2.7,,-2.4,-3.3,113.7,113.7,,,,20.68,0,POSCTL,0,0
2026-08-19T18:54:15,1787140455,13.821922,100.513622,2.7,,-2.4,-3.3,113.7,113.7,,,,20.68,0,POSCTL,0,0
2026-08-19T18:54:16,1787140456,13.821922,100.513622,2.7,,-2.4,-3.3,113.7,113.7,,,,20.68,0,POSCTL,0,0
2026-08-19T18:54:17,1787140457,13.82191,100.513656,8.5,,-2.4,-3.3,113.7,113.7,,,,20.68,0,POSCTL,0,0
2026-08-19T18:54:18,1787140458,13.82191,100.513656,8.5,,-2.4,-3.3,113.7,113.7,,,,20.68,0,POSCTL,0,0
2026-08-19T18:54:19,1787140459,13.82191,100.513656,8.5,,-2.4,-3.3,113.7,113.7,,,,20.68,0,POSCTL,0,0
2026-08-19T18:54:20,1787140460,13.82191,100.513656,8.5,,-2.4,-3.3,113.7,113.7,,,,20.68,0,POSCTL,0,0
2026-08-19T18:54:21,1787140461,13.821902,100.513676,10.5,,-2.4,-3.3,113.7,113.7,,,,20.68,0,POSCTL,0,0
2026-08-19T18:54:22,1787140462,13.821902,100.513676,10.5,,-2.4,-3.3,113.7,113.7,,,,20.68,0,POSCTL,0,0
2026-08-19T18:54:23,1787140463,13.821902,100.513676,10.5,,-2.4,-3.3,113.7,113.7,,,,20.68,0,POSCTL,0,0
2026-08-19T18:54:24,1787140464,13.821902,100.513676,10.5,,-2.4,-3.3,113.7,113.7,,,,20.68,0,POSCTL,0,0
2026-08-19T18:54:25,1787140465,13.8219,100.51368,9.9,,-2.4,-3.3,113.7,113.7,,,,20.68,0,POSCTL,0,0
2026-08-19T18:54:26,1787140466,13.8219,100.51368,9.9,,-2.4,-3.3,113.7,113.7,,,,20.68,0,POSCTL,0,0
2026-08-19T18:54:27,1787140467,13.8219,100.51368,9.9,,-2.4,-3.3,113.7,113.7,,,,20.68,0,POSCTL,0,0
2026-08-19T18:54:28,1787140468,13.8219,100.51368,9.9,,-2.4,-3.3,113.7,113.7,,,,20.68,0,POSCTL,0,0
2026-08-19T18:54:29,1787140469,13.821896,100.51367,9.6,,-2.4,-3.3,113.6,113.6,,,,20.68,0,POSCTL,0,0
2026-08-19T18:54:30,1787140470,13.821896,100.51367,9.6,,-2.4,-3.3,113.6,113.6,,,,20.68,0,POSCTL,0,0
2026-08-19T18:54:31,1787140471,13.821896,100.51367,9.6,,-2.4,-3.3,113.6,113.6,,,,20.68,0,POSCTL,0,0
2026-08-19T18:54:32,1787140472,13.821896,100.51367,9.6,,-2.4,-3.3,113.6,113.6,,,,20.68,0,POSCTL,0,0
2026-08-19T18:54:33,1787140473,13.821896,100.51367,9.6,,-2.4,-3.3,113.6,113.6,,,,20.68,0,POSCTL,0,0
2026-08-19T18:54:34,1787140474,13.821896,100.51367,9.6,,-2.4,-3.3,113.6,113.6,,,,20.68,0,POSCTL,0,0
2026-08-19T18:54:35,1787140475,13.821896,100.51367,9.6,,-2.4,-3.3,113.6,113.6,,,,20.68,0,POSCTL,0,0
2026-08-19T18:54:36,1787140476,13.821895,100.513644,7.8,,-2.4,-3.3,113.7,113.7,,,,20.68,0,POSCTL,0,0
2026-08-19T18:54:37,1787140477,13.821895,100.513644,7.8,,-2.4,-3.3,113.7,113.7,,,,20.68,0,POSCTL,0,0
2026-08-19T18:54:38,1787140478,13.821895,100.513644,7.8,,-2.4,-3.3,113.7,113.7,,,,20.68,0,POSCTL,0,0
2026-08-19T18:54:39,1787140479,13.821895,100.513644,7.8,,-2.4,-3.3,113.7,113.7,,,,20.68,0,POSCTL,0,0
2026-08-19T18:54:40,1787140480,13.821895,100.513644,7.8,,-2.4,-3.3,113.7,113.7,,,,20.68,0,POSCTL,0,0
2026-08-19T18:54:41,1787140481,13.821889,100.513661,14.3,,-2.4,-3.3,113.7,113.7,,,,20.68,0,POSCTL,0,0
2026-08-19T18:54:42,1787140482,13.821889,100.513661,14.3,,-2.4,-3.3,113.7,113.7,,,,20.68,0,POSCTL,0,0
2026-08-19T18:54:43,1787140483,13.821889,100.513661,14.3,,-2.4,-3.3,113.7,113.7,,,,20.68,0,POSCTL,0,0
2026-08-19T18:54:44,1787140484,13.821889,100.513661,14.3,,-2.4,-3.3,113.7,113.7,,,,20.68,0,POSCTL,0,0
2026-08-19T18:54:45,1787140485,13.821889,100.513661,14.3,,-2.4,-3.3,113.7,113.7,,,,20.68,0,POSCTL,0,0
2026-08-19T18:54:46,1787140486,13.821889,100.513661,14.3,,-2.4,-3.3,113.7,113.7,,,,20.68,0,POSCTL,0,0
2026-08-19T18:54:47,1787140487,13.821889,100.513661,14.3,,-2.4,-3.3,113.7,113.7,,,,20.68,0,POSCTL,0,0
2026-08-19T18:54:48,1787140488,13.821889,100.513661,14.3,,-2.4,-3.3,113.7,113.7,,,,20.68,0,POSCTL,0,0
2026-08-19T18:54:49,1787140489,13.821872,100.513664,15.6,,-2.4,-3.3,113.7,113.7,,,,20.68,0,POSCTL,0,0
2026-08-19T18:54:50,1787140490,13.821872,100.513664,15.6,,-2.4,-3.3,113.7,113.7,,,,20.68,0,POSCTL,0,0
2026-08-19T18:54:51,1787140491,13.821872,100.513664,15.6,,-2.4,-3.3,113.7,113.7,,,,20.68,0,POSCTL,0,0
2026-08-19T18:54:52,1787140492,13.821868,100.513671,16.4,,-2.4,-3.3,113.7,113.7,,,,20.68,0,POSCTL,0,0
2026-08-19T18:54:53,1787140493,13.821868,100.513671,16.4,,-2.4,-3.3,113.6,113.6,,,,20.68,0,POSCTL,0,0
2026-08-19T18:54:54,1787140494,13.821868,100.513671,16.4,,-2.4,-3.3,113.6,113.6,,,,20.68,0,POSCTL,0,0
2026-08-19T18:54:55,1787140495,13.821868,100.513671,16.4,,-2.4,-3.3,113.6,113.6,,,,20.68,0,POSCTL,0,0
2026-08-19T18:54:56,1787140496,13.821867,100.513665,19.4,,-2.4,-3.3,113.6,113.6,,,,20.68,0,POSCTL,0,0
2026-08-19T18:54:57,1787140497,13.821867,100.513665,19.4,,-2.4,-3.3,113.6,113.6,,,,20.68,0,POSCTL,0,0
2026-08-19T18:54:58,1787140498,13.821867,100.513665,19.4,,-2.4,-3.3,113.6,113.6,,,,20.68,0,POSCTL,0,0
2026-08-19T18:54:59,1787140499,13.821867,100.513665,19.4,,-2.4,-3.3,113.6,113.6,,,,20.68,0,POSCTL,0,0
2026-08-19T18:55:00,1787140500,13.821854,100.513695,29.6,,-2.4,-3.3,113.6,113.6,,,,20.68,0,POSCTL,0,0
2026-08-19T18:55:01,1787140501,13.821854,100.513695,29.6,,-2.4,-3.3,113.6,113.6,,,,20.68,0,POSCTL,0,0
2026-08-19T18:55:02,1787140502,13.821854,100.513695,29.6,,-2.4,-3.3,113.6,113.6,,,,20.68,0,POSCTL,0,0
2026-08-19T18:55:03,1787140503,13.821854,100.513695,29.6,,-2.4,-3.3,113.7,113.7,,,,20.67,0,POSCTL,0,0
2026-08-19T18:55:04,1787140504,13.821835,100.513738,37.9,,-2.4,-3.3,113.7,113.7,,,,20.67,0,POSCTL,0,0
2026-08-19T18:55:05,1787140505,13.821835,100.513738,37.9,,-2.4,-3.3,113.6,113.6,,,,20.67,0,POSCTL,0,0
2026-08-19T18:55:06,1787140506,13.821835,100.513738,37.9,,-2.4,-3.3,113.6,113.6,,,,20.67,0,POSCTL,0,0
2026-08-19T18:55:07,1787140507,13.821835,100.513738,37.9,,-2.4,-3.3,113.6,113.6,,,,20.67,0,POSCTL,0,0
2026-08-19T18:55:08,1787140508,13.821838,100.513785,39.6,,-2.4,-3.3,113.6,113.6,,,,20.67,0,POSCTL,0,0
2026-08-19T18:55:09,1787140509,13.821838,100.513785,39.6,,-2.4,-3.3,113.6,113.6,,,,20.67,0,POSCTL,0,0
2026-08-19T18:55:10,1787140510,13.821838,100.513785,39.6,,-2.4,-3.3,113.6,113.6,,,,20.67,0,POSCTL,0,0
2026-08-19T18:55:11,1787140511,13.821838,100.513785,39.6,,-2.4,-3.3,113.6,113.6,,,,20.67,0,POSCTL,0,0
2026-08-19T18:55:12,1787140512,13.821841,100.513836,42.3,,-2.4,-3.3,113.6,113.6,,,,20.67,0,POSCTL,0,0
2026-08-19T18:55:13,1787140513,13.821841,100.513836,42.3,,-2.4,-3.3,113.7,113.7,,,,20.67,0,POSCTL,0,0
2026-08-19T18:55:14,1787140514,13.821841,100.513836,42.3,,-2.4,-3.3,113.7,113.7,,,,20.67,0,POSCTL,0,0
2026-08-19T18:55:15,1787140515,13.821841,100.513836,42.3,,-2.4,-3.3,113.7,113.7,,,,20.67,0,POSCTL,0,0
2026-08-19T18:55:16,1787140516,13.821841,100.513836,42.3,,-2.4,-3.3,113.7,113.7,,,,20.67,0,POSCTL,0,0
2026-08-19T18:55:17,1787140517,13.821841,100.513836,42.3,,-2.4,-3.3,113.7,113.7,,,,20.67,0,POSCTL,0,0
2026-08-19T18:55:18,1787140518,13.821841,100.513836,42.3,,-2.4,-3.3,113.7,113.7,,,,20.67,0,POSCTL,0,0
2026-08-19T18:55:19,1787140519,13.821841,100.513836,42.3,,-2.4,-3.3,113.7,113.7,,,,20.67,0,POSCTL,0,0
2026-08-19T18:55:20,1787140520,13.821881,100.513865,36.7,,-2.4,-3.3,113.7,113.7,,,,20.67,0,POSCTL,0,0
2026-08-19T18:55:21,1787140521,13.821881,100.513865,36.7,,-2.4,-3.3,113.7,113.7,,,,20.67,0,POSCTL,0,0
2026-08-19T18:55:22,1787140522,13.821881,100.513865,36.7,,-2.4,-3.3,113.7,113.7,,,,20.67,0,POSCTL,0,0
2026-08-19T18:55:23,1787140523,13.821881,100.513865,36.7,,-2.4,-3.3,113.7,113.7,,,,20.67,0,POSCTL,0,0
2026-08-19T18:55:24,1787140524,13.821881,100.513865,36.7,,-2.4,-3.3,113.7,113.7,,,,20.67,0,POSCTL,0,0
2026-08-19T18:55:25,1787140525,13.821881,100.513865,36.7,,-2.4,-3.3,113.7,113.7,,,,20.67,0,POSCTL,0,0
