iso,unix,lat,lon,alt_msl,rel_alt,roll,pitch,yaw,heading,vx,vy,vz,vbatt,batt_pct,mode,armed,in_air
2026-08-17T16:44:02,1786959842,13.822803,100.511627,15.6,-0.13,-2.0,-2.1,86.1,86.1,0.02,0.0,0.04,24.9,107,AUTO.LOITER,0,0
2026-08-17T16:44:03,1786959843,13.822803,100.511627,15.6,-0.13,-1.9,-2.1,86.2,86.2,0.01,0.0,0.04,24.9,107,AUTO.LOITER,0,0
2026-08-17T16:44:04,1786959844,13.822803,100.511627,15.6,-0.13,-1.9,-2.1,86.2,86.2,0.0,0.0,0.03,24.9,107,AUTO.LOITER,0,0
2026-08-17T16:44:05,1786959845,13.822803,100.511627,15.6,-0.12,-1.9,-2.1,86.2,86.2,0.01,0.0,0.02,24.9,107,AUTO.LOITER,0,0
2026-08-17T16:44:06,1786959846,13.822803,100.511627,15.6,-0.12,-1.9,-2.1,86.2,86.2,0.0,0.0,0.02,24.9,107,AUTO.LOITER,0,0
2026-08-17T16:44:07,1786959847,13.822803,100.511627,15.6,-0.11,-1.9,-2.1,86.2,86.2,0.0,0.0,0.01,24.9,107,AUTO.LOITER,0,0
2026-08-17T16:44:08,1786959848,13.822803,100.511627,15.6,-0.1,-1.8,-2.1,86.2,86.2,0.01,-0.02,0.0,24.9,107,AUTO.LOITER,0,0
2026-08-17T16:44:09,1786959849,13.822803,100.511626,15.6,-0.09,-1.8,-2.1,86.2,86.2,0.0,-0.02,0.0,24.9,107,AUTO.LOITER,0,0
2026-08-17T16:44:10,1786959850,13.822803,100.511626,15.6,-0.09,-1.8,-2.1,86.2,86.2,-0.01,-0.02,0.0,24.9,107,AUTO.LOITER,0,0
2026-08-17T16:44:11,1786959851,13.822803,100.511626,15.6,-0.09,-1.8,-2.1,86.2,86.2,-0.02,0.0,0.0,24.9,107,AUTO.LOITER,0,0
2026-08-17T16:44:12,1786959852,13.822803,100.511627,15.4,-0.09,-1.8,-2.1,86.1,86.1,-0.02,0.0,0.0,24.9,107,AUTO.LOITER,0,0
2026-08-17T16:44:13,1786959853,13.822803,100.511627,15.4,-0.1,-1.8,-2.1,86.1,86.1,-0.03,0.01,0.0,24.9,107,AUTO.LOITER,0,0
2026-08-17T16:44:14,1786959854,13.822803,100.511627,15.6,-0.1,-1.9,-2.1,86.1,86.1,-0.03,0.02,0.0,24.9,107,AUTO.LOITER,0,0
2026-08-17T16:44:15,1786959855,13.822803,100.511627,15.6,-0.1,-1.9,-2.1,86.1,86.1,-0.03,0.01,0.0,24.9,107,AUTO.LOITER,0,0
2026-08-17T16:44:16,1786959856,13.822803,100.511627,15.6,-0.1,-1.9,-2.0,86.1,86.1,-0.03,0.01,0.0,24.9,107,AUTO.LOITER,0,0
2026-08-17T16:44:17,1786959857,13.822803,100.511626,15.6,-0.1,-2.0,-2.0,86.1,86.1,-0.02,0.0,0.01,24.9,107,AUTO.LOITER,0,0
2026-08-17T16:44:18,1786959858,13.822803,100.511627,15.6,-0.11,-2.0,-2.0,86.1,86.1,-0.02,0.01,0.02,24.9,107,AUTO.LOITER,0,0
2026-08-17T16:44:19,1786959859,13.822803,100.511627,15.6,-0.12,-2.0,-2.0,86.1,86.1,-0.01,0.01,0.04,24.9,107,AUTO.LOITER,0,0
2026-08-17T16:44:20,1786959860,13.822803,100.511627,15.6,-0.12,-2.1,-2.0,86.1,86.1,0.0,0.0,0.03,24.9,107,AUTO.LOITER,0,0
2026-08-17T16:44:21,1786959861,13.822803,100.511627,15.6,-0.12,-2.0,-1.9,86.1,86.1,0.0,0.0,0.03,24.9,107,AUTO.LOITER,0,0
2026-08-17T16:44:22,1786959862,13.822803,100.511627,15.6,-0.12,-2.1,-1.9,86.1,86.1,-0.01,0.0,0.03,24.9,107,AUTO.LOITER,0,0
2026-08-17T16:44:23,1786959863,13.822803,100.511627,15.6,-0.12,-2.0,-1.9,86.1,86.1,-0.01,0.0,0.03,24.9,107,AUTO.LOITER,0,0
2026-08-17T16:44:24,1786959864,13.822803,100.511627,15.6,-0.12,-2.1,-1.9,86.1,86.1,-0.01,0.0,0.03,24.9,107,AUTO.LOITER,0,0
2026-08-17T16:44:25,1786959865,13.822803,100.511627,15.6,-0.14,-2.1,-1.9,86.1,86.1,0.0,-0.01,0.05,24.9,107,AUTO.LOITER,0,0
2026-08-17T16:44:26,1786959866,13.822803,100.511626,15.6,-0.14,-2.1,-1.9,86.1,86.1,-0.01,-0.01,0.06,24.9,107,AUTO.LOITER,0,0
2026-08-17T16:44:27,1786959867,13.822803,100.511626,15.6,-0.15,-2.1,-1.9,86.0,86.0,-0.02,-0.01,0.07,24.9,107,AUTO.LOITER,0,0
2026-08-17T16:44:28,1786959868,13.822803,100.511626,15.5,-0.15,-2.1,-1.9,86.1,86.1,0.0,-0.01,0.08,24.9,107,AUTO.LOITER,0,0
2026-08-17T16:44:29,1786959869,13.822803,100.511627,15.5,-0.16,-2.1,-1.9,86.1,86.1,0.01,0.0,0.08,24.9,107,AUTO.LOITER,0,0
2026-08-17T16:44:30,1786959870,13.822803,100.511627,15.4,-0.16,-2.1,-1.9,86.1,86.1,0.01,0.0,0.08,24.9,107,AUTO.LOITER,0,0
2026-08-17T16:44:31,1786959871,13.822803,100.511627,15.4,-0.16,-2.1,-1.9,86.0,86.0,0.01,0.0,0.08,24.9,107,AUTO.LOITER,0,0
2026-08-17T16:44:32,1786959872,13.822803,100.511627,15.3,-0.16,-2.1,-1.9,86.1,86.1,0.01,0.0,0.08,24.9,107,AUTO.LOITER,0,0
2026-08-17T16:44:33,1786959873,13.822803,100.511627,15.6,-0.14,-2.1,-1.8,86.0,86.0,0.0,0.0,0.06,24.9,107,AUTO.LOITER,0,0
2026-08-17T16:44:34,1786959874,13.822803,100.511627,15.6,-0.14,-2.1,-1.8,86.1,86.1,0.0,0.0,0.06,24.9,107,AUTO.LOITER,0,0
2026-08-17T16:44:35,1786959875,13.822803,100.511627,15.6,-0.15,-2.1,-1.8,86.1,86.1,0.0,0.0,0.07,24.9,107,AUTO.LOITER,0,0
2026-08-17T16:44:36,1786959876,13.822803,100.511627,15.6,-0.15,-2.2,-1.8,86.1,86.1,0.01,-0.01,0.06,24.9,107,AUTO.LOITER,0,0
2026-08-17T16:44:37,1786959877,13.822803,100.511626,15.6,-0.14,-2.2,-1.8,86.1,86.1,0.02,-0.02,0.05,24.9,107,AUTO.LOITER,0,0
2026-08-17T16:44:38,1786959878,13.822803,100.511626,15.6,-0.14,-2.1,-1.8,86.1,86.1,0.01,-0.02,0.05,24.9,107,AUTO.LOITER,0,0
2026-08-17T16:44:39,1786959879,13.822803,100.511627,15.6,-0.13,-2.1,-1.8,86.1,86.1,0.01,0.0,0.04,24.9,107,AUTO.LOITER,0,0
2026-08-17T16:44:40,1786959880,13.822803,100.511627,15.6,-0.12,-2.1,-1.8,86.1,86.1,0.01,0.0,0.03,24.9,107,AUTO.LOITER,0,0
2026-08-17T16:44:41,1786959881,13.822803,100.511627,15.6,-0.12,-2.1,-1.8,86.1,86.1,0.02,0.0,0.03,24.9,107,AUTO.LOITER,0,0
2026-08-17T16:44:42,1786959882,13.822803,100.511627,15.6,-0.12,-2.1,-1.8,86.1,86.1,0.04,0.0,0.02,24.9,107,AUTO.LOITER,0,0
2026-08-17T16:44:43,1786959883,13.822804,100.511627,15.6,-0.11,-2.0,-1.8,86.1,86.1,0.05,-0.01,0.02,24.9,107,AUTO.LOITER,0,0
2026-08-17T16:44:44,1786959884,13.822804,100.511627,15.6,-0.11,-2.0,-1.8,86.1,86.1,0.05,-0.01,0.02,24.9,107,AUTO.LOITER,0,0
2026-08-17T16:44:45,1786959885,13.822804,100.511627,15.6,-0.11,-2.0,-1.8,86.1,86.1,0.05,-0.01,0.02,24.9,107,AUTO.LOITER,0,0
2026-08-17T16:44:54,1786959894,13.822803,100.511627,15.6,-0.07,-1.8,-1.9,86.1,86.1,0.0,0.0,-0.02,24.9,107,AUTO.LOITER,0,0
2026-08-17T16:44:55,1786959895,13.822803,100.511627,15.6,-0.07,-1.8,-1.9,86.1,86.1,0.0,0.0,-0.02,24.9,107,AUTO.LOITER,0,0
2026-08-17T16:44:56,1786959896,13.822803,100.511627,15.6,-0.07,-1.8,-1.9,86.1,86.1,0.0,0.0,-0.02,24.9,107,AUTO.LOITER,0,0
2026-08-17T16:44:57,1786959897,13.822803,100.511627,15.4,-0.07,-1.8,-1.9,86.1,86.1,0.0,0.0,-0.02,24.9,107,AUTO.LOITER,0,0
2026-08-17T16:44:58,1786959898,13.822803,100.511627,15.4,-0.07,-1.8,-1.9,86.1,86.1,0.0,0.0,-0.02,24.9,107,AUTO.LOITER,0,0
2026-08-17T16:44:59,1786959899,13.822803,100.511627,15.6,-0.07,-1.8,-1.9,86.0,86.0,0.0,0.02,-0.02,24.9,107,AUTO.LOITER,0,0
2026-08-17T16:45:00,1786959900,13.822803,100.511627,15.6,-0.07,-1.7,-1.8,86.0,86.0,0.01,0.02,-0.02,24.9,107,AUTO.LOITER,0,0
2026-08-17T16:45:01,1786959901,13.822803,100.511627,15.6,-0.07,-1.7,-1.8,86.0,86.0,0.01,0.02,-0.02,24.9,107,AUTO.LOITER,0,0
2026-08-17T16:45:02,1786959902,13.822803,100.511627,15.6,-0.07,-1.7,-1.8,86.0,86.0,0.01,0.0,-0.03,24.9,107,AUTO.LOITER,0,0
2026-08-17T16:45:03,1786959903,13.822803,100.511627,15.6,-0.06,-1.7,-1.8,86.0,86.0,0.0,0.0,-0.03,24.9,107,AUTO.LOITER,0,0
2026-08-17T16:45:04,1786959904,13.822803,100.511627,15.6,-0.06,-1.7,-1.8,86.0,86.0,0.0,0.0,-0.03,24.9,107,AUTO.LOITER,0,0
2026-08-17T16:45:05,1786959905,13.822803,100.511627,15.6,-0.06,-1.7,-1.8,86.0,86.0,0.0,0.0,-0.03,24.9,107,AUTO.LOITER,0,0
2026-08-17T16:45:06,1786959906,13.822803,100.511627,15.6,-0.07,-1.7,-1.8,86.0,86.0,0.0,0.0,-0.02,24.9,107,AUTO.LOITER,0,0
2026-08-17T16:45:07,1786959907,13.822803,100.511627,15.6,-0.08,-1.7,-1.8,86.0,86.0,0.01,0.0,-0.01,24.9,107,AUTO.LOITER,0,0
2026-08-17T16:45:08,1786959908,13.822803,100.511627,15.6,-0.09,-1.6,-1.7,86.0,86.0,0.0,0.0,-0.01,24.9,107,AUTO.LOITER,0,0
2026-08-17T16:45:09,1786959909,13.822803,100.511626,15.6,-0.08,-1.6,-1.8,86.0,86.0,0.0,-0.02,-0.02,24.9,107,AUTO.LOITER,0,0
2026-08-17T16:45:10,1786959910,13.822803,100.511627,15.6,-0.08,-1.6,-1.8,86.0,86.0,0.0,-0.01,-0.01,24.9,107,AUTO.LOITER,0,0
2026-08-17T16:45:11,1786959911,13.822803,100.511627,15.6,-0.09,-1.6,-1.8,86.0,86.0,0.0,0.0,0.0,24.9,107,AUTO.LOITER,0,0
2026-08-17T16:45:12,1786959912,13.822803,100.511627,15.6,-0.09,-1.6,-1.8,86.0,86.0,0.02,0.0,0.0,24.9,107,AUTO.LOITER,0,0
2026-08-17T16:45:13,1786959913,13.822803,100.511627,15.6,-0.09,-1.6,-1.8,86.0,86.0,0.02,0.0,0.0,24.9,107,AUTO.LOITER,0,0
2026-08-17T16:45:14,1786959914,13.822803,100.511627,15.6,-0.09,-1.6,-1.8,86.0,86.0,0.01,0.0,0.0,24.9,107,AUTO.LOITER,0,0
2026-08-17T16:45:15,1786959915,13.822803,100.511627,15.6,-0.09,-1.6,-1.8,86.0,86.0,0.0,-0.01,0.0,24.9,107,AUTO.LOITER,0,0
2026-08-17T16:45:16,1786959916,13.822803,100.511627,15.6,-0.1,-1.6,-1.8,86.0,86.0,0.0,0.0,0.0,24.9,107,AUTO.LOITER,0,0
2026-08-17T16:45:17,1786959917,13.822803,100.511627,15.6,-0.1,-1.6,-1.8,86.0,86.0,0.0,0.0,0.0,24.9,107,AUTO.LOITER,0,0
2026-08-17T16:45:18,1786959918,13.822803,100.511626,15.6,-0.1,-1.6,-1.8,86.0,86.0,0.0,-0.01,0.0,24.9,107,AUTO.LOITER,0,0
2026-08-17T16:45:19,1786959919,13.822803,100.511626,15.6,-0.09,-1.6,-1.8,86.0,86.0,0.01,-0.01,0.0,24.9,107,AUTO.LOITER,0,0
2026-08-17T16:45:20,1786959920,13.822803,100.511626,15.6,-0.09,-1.6,-1.8,86.0,86.0,0.01,-0.01,0.0,24.9,107,AUTO.LOITER,0,0
2026-08-17T16:45:21,1786959921,13.822803,100.511627,15.6,-0.08,-1.5,-1.8,86.0,86.0,0.0,0.01,-0.02,24.9,107,AUTO.LOITER,0,0
2026-08-17T16:45:22,1786959922,13.822803,100.511627,15.6,-0.08,-1.5,-1.8,86.0,86.0,0.0,0.01,-0.02,24.9,107,AUTO.LOITER,0,0
2026-08-17T16:45:23,1786959923,13.822803,100.511627,15.4,-0.08,-1.5,-1.8,85.9,85.9,0.0,0.01,-0.02,24.9,107,AUTO.LOITER,0,0
2026-08-17T16:45:24,1786959924,13.822803,100.511627,15.4,-0.08,-1.5,-1.8,86.0,86.0,0.0,0.01,-0.02,24.9,107,AUTO.LOITER,0,0
2026-08-17T16:45:25,1786959925,13.822803,100.511627,15.6,-0.08,-1.5,-1.8,86.0,86.0,0.0,0.0,-0.01,24.9,107,AUTO.LOITER,0,0
2026-08-17T16:45:26,1786959926,13.822803,100.511627,15.6,-0.08,-1.6,-1.8,86.0,86.0,0.0,0.0,0.0,24.9,107,AUTO.LOITER,0,0
2026-08-17T16:45:27,1786959927,13.822803,100.511627,15.6,-0.09,-1.6,-1.8,86.0,86.0,-0.01,0.0,0.0,24.9,107,AUTO.LOITER,0,0
2026-08-17T16:45:28,1786959928,13.822803,100.511627,15.6,-0.09,-1.6,-1.8,86.0,86.0,-0.01,0.0,-0.01,24.9,107,AUTO.LOITER,0,0
2026-08-17T16:45:29,1786959929,13.822803,100.511627,15.6,-0.08,-1.6,-1.8,86.0,86.0,-0.01,0.0,-0.01,24.9,107,AUTO.LOITER,0,0
2026-08-17T16:45:30,1786959930,13.822803,100.511627,15.6,-0.07,-1.6,-1.8,86.0,86.0,-0.02,0.0,-0.03,24.9,107,AUTO.LOITER,0,0
2026-08-17T16:45:31,1786959931,13.822803,100.511627,15.6,-0.06,-1.6,-1.8,86.0,86.0,-0.01,-0.01,-0.03,24.9,107,AUTO.LOITER,0,0
2026-08-17T16:45:32,1786959932,13.822803,100.511627,15.6,-0.06,-1.6,-1.8,86.0,86.0,-0.02,0.0,-0.03,24.9,107,AUTO.LOITER,0,0
2026-08-17T16:45:33,1786959933,13.822803,100.511627,15.6,-0.06,-1.7,-1.8,86.0,86.0,-0.03,0.0,-0.04,24.9,107,AUTO.LOITER,0,0
2026-08-17T16:45:34,1786959934,13.822803,100.511627,15.6,-0.06,-1.7,-1.8,86.0,86.0,-0.03,0.0,-0.04,24.9,107,AUTO.LOITER,0,0
2026-08-17T16:45:35,1786959935,13.822803,100.511627,15.7,-0.05,-1.7,-1.8,86.0,86.0,-0.01,0.0,-0.05,24.9,107,AUTO.LOITER,0,0
2026-08-17T16:45:36,1786959936,13.822803,100.511627,15.7,-0.05,-1.8,-1.8,86.0,86.0,0.0,-0.01,-0.05,24.9,107,AUTO.LOITER,0,0
2026-08-17T16:45:37,1786959937,13.822803,100.511627,15.7,-0.05,-1.8,-1.8,86.0,86.0,0.0,-0.01,-0.05,24.9,107,AUTO.LOITER,0,0
2026-08-17T16:45:38,1786959938,13.822803,100.511627,15.6,-0.06,-1.7,-1.9,86.0,86.0,0.0,0.0,-0.04,24.9,107,AUTO.LOITER,0,0
2026-08-17T16:45:39,1786959939,13.822803,100.511627,15.6,-0.06,-1.7,-1.9,86.0,86.0,0.0,0.0,-0.03,24.9,107,AUTO.LOITER,0,0
2026-08-17T16:45:40,1786959940,13.822803,100.511627,15.4,-0.06,-1.7,-1.9,86.1,86.1,0.0,0.0,-0.03,24.9,107,AUTO.LOITER,0,0
2026-08-17T16:45:41,1786959941,13.822803,100.511627,15.4,-0.07,-1.7,-1.9,86.1,86.1,0.0,0.0,-0.02,24.9,107,AUTO.LOITER,0,0
2026-08-17T16:45:42,1786959942,13.822803,100.511627,15.3,-0.08,-1.7,-1.9,86.1,86.1,-0.01,0.0,-0.01,24.9,107,AUTO.LOITER,0,0
2026-08-17T16:45:43,1786959943,13.822803,100.511627,15.3,-0.08,-1.8,-2.0,86.1,86.1,-0.01,0.0,-0.01,24.9,107,AUTO.LOITER,0,0
2026-08-17T16:45:44,1786959944,13.822803,100.511627,15.3,-0.08,-1.8,-2.0,86.1,86.1,-0.01,0.0,-0.01,24.9,107,AUTO.LOITER,0,0
2026-08-17T16:45:45,1786959945,13.822803,100.511627,15.6,-0.07,-1.7,-2.0,86.1,86.1,0.0,0.0,-0.02,24.9,107,AUTO.LOITER,0,0
2026-08-17T16:45:46,1786959946,13.822803,100.511627,15.6,-0.07,-1.7,-2.0,86.1,86.1,0.0,0.0,-0.03,24.9,107,AUTO.LOITER,0,0
2026-08-17T16:45:47,1786959947,13.822803,100.511627,15.6,-0.06,-1.7,-2.0,86.1,86.1,0.0,0.01,-0.03,24.9,107,AUTO.LOITER,0,0
2026-08-17T16:45:48,1786959948,13.822803,100.511627,15.6,-0.07,-1.7,-2.0,86.1,86.1,0.01,0.0,-0.02,24.9,107,AUTO.LOITER,0,0
2026-08-17T16:45:49,1786959949,13.822803,100.511627,15.6,-0.07,-1.7,-2.0,86.1,86.1,0.02,0.0,-0.02,24.9,107,AUTO.LOITER,0,0
2026-08-17T16:45:50,1786959950,13.822803,100.511627,15.6,-0.08,-1.6,-2.0,86.1,86.1,0.02,0.0,-0.01,24.9,107,AUTO.LOITER,0,0
2026-08-17T16:45:51,1786959951,13.822803,100.511627,15.6,-0.09,-1.6,-2.0,86.1,86.1,0.01,0.01,0.0,24.9,107,AUTO.LOITER,0,0
2026-08-17T16:45:52,1786959952,13.822803,100.511627,15.6,-0.1,-1.6,-2.0,86.1,86.1,0.0,0.02,0.0,24.9,107,AUTO.LOITER,0,0
2026-08-17T16:45:53,1786959953,13.822803,100.511627,15.6,-0.1,-1.5,-1.9,86.1,86.1,0.0,0.01,0.0,24.9,107,AUTO.LOITER,0,0
2026-08-17T16:45:54,1786959954,13.822803,100.511627,15.6,-0.1,-1.5,-1.9,86.1,86.1,0.0,0.01,0.0,24.9,107,AUTO.LOITER,0,0
2026-08-17T16:45:55,1786959955,13.822803,100.511627,15.6,-0.1,-1.5,-1.9,86.1,86.1,0.0,0.0,0.0,24.9,107,AUTO.LOITER,0,0
2026-08-17T16:45:56,1786959956,13.822803,100.511627,15.6,-0.1,-1.5,-1.9,86.1,86.1,-0.01,0.0,0.0,24.9,107,AUTO.LOITER,0,0
2026-08-17T16:45:57,1786959957,13.822803,100.511627,15.3,-0.1,-1.6,-1.9,86.1,86.1,-0.01,0.0,0.0,24.9,107,AUTO.LOITER,0,0
2026-08-17T16:45:58,1786959958,13.822803,100.511627,15.4,-0.1,-1.5,-1.9,86.1,86.1,0.0,-0.01,0.0,24.9,107,AUTO.LOITER,0,0
2026-08-17T16:45:59,1786959959,13.822803,100.511627,15.4,-0.1,-1.5,-1.9,86.1,86.1,0.0,-0.01,0.0,24.9,107,AUTO.LOITER,0,0
2026-08-17T16:46:00,1786959960,13.822803,100.511626,15.4,-0.1,-1.5,-1.9,86.1,86.1,0.0,-0.01,0.0,24.9,107,AUTO.LOITER,0,0
2026-08-17T16:46:01,1786959961,13.822803,100.511626,15.6,-0.09,-1.5,-1.9,86.1,86.1,0.01,0.0,0.0,24.9,107,AUTO.LOITER,0,0
2026-08-17T16:46:02,1786959962,13.822803,100.511627,15.6,-0.09,-1.5,-1.9,86.1,86.1,0.01,0.02,-0.01,24.9,107,AUTO.LOITER,0,0
2026-08-17T16:46:03,1786959963,13.822803,100.511627,15.6,-0.08,-1.5,-1.9,86.1,86.1,0.02,0.02,0.0,24.9,107,AUTO.LOITER,0,0
2026-08-17T16:46:04,1786959964,13.822803,100.511627,15.6,-0.09,-1.5,-1.9,86.1,86.1,0.02,0.01,0.0,24.9,107,AUTO.LOITER,0,0
2026-08-17T16:46:05,1786959965,13.822803,100.511627,15.6,-0.1,-1.5,-1.8,86.1,86.1,0.0,0.01,0.01,24.9,107,AUTO.LOITER,0,0
2026-08-17T16:46:06,1786959966,13.822803,100.511627,15.6,-0.11,-1.4,-1.8,86.1,86.1,0.0,0.02,0.01,24.9,107,AUTO.LOITER,0,0
2026-08-17T16:46:07,1786959967,13.822803,100.511627,15.6,-0.11,-1.4,-1.8,86.1,86.1,0.0,0.02,0.01,24.9,107,AUTO.LOITER,0,0
2026-08-17T16:46:08,1786959968,13.822803,100.511627,15.4,-0.11,-1.4,-1.8,86.1,86.1,0.0,0.02,0.01,24.9,107,AUTO.LOITER,0,0
2026-08-17T16:46:09,1786959969,13.822803,100.511627,15.6,-0.09,-1.4,-1.7,86.1,86.1,-0.02,0.0,0.0,24.9,107,AUTO.LOITER,0,0
2026-08-17T16:46:10,1786959970,13.822803,100.511627,15.6,-0.09,-1.4,-1.7,86.1,86.1,-0.02,0.0,0.0,24.9,107,AUTO.LOITER,0,0
2026-08-17T16:46:11,1786959971,13.822803,100.511627,15.6,-0.1,-1.4,-1.7,86.1,86.1,-0.02,0.01,0.01,24.9,107,AUTO.LOITER,0,0
2026-08-17T16:46:12,1786959972,13.822803,100.511627,15.6,-0.1,-1.4,-1.7,86.1,86.1,-0.02,0.01,0.01,24.9,107,AUTO.LOITER,0,0
2026-08-17T16:46:13,1786959973,13.822803,100.511627,15.6,-0.1,-1.4,-1.7,86.1,86.1,-0.02,0.02,0.0,24.9,107,AUTO.LOITER,0,0
2026-08-17T16:46:14,1786959974,13.822803,100.511627,15.6,-0.09,-1.5,-1.7,86.1,86.1,-0.01,0.01,0.0,24.9,107,AUTO.LOITER,0,0
2026-08-17T16:46:15,1786959975,13.822803,100.511627,15.4,-0.09,-1.5,-1.7,86.1,86.1,-0.01,0.01,0.0,24.9,107,AUTO.LOITER,0,0
2026-08-17T16:46:16,1786959976,13.822803,100.511627,15.4,-0.09,-1.5,-1.7,86.1,86.1,-0.02,0.0,0.0,24.9,107,AUTO.LOITER,0,0
2026-08-17T16:46:17,1786959977,13.822803,100.511627,15.4,-0.08,-1.5,-1.6,86.1,86.1,-0.01,0.0,0.0,24.9,107,AUTO.LOITER,0,0
2026-08-17T16:46:18,1786959978,13.822803,100.511627,15.6,-0.08,-1.6,-1.6,86.1,86.1,0.0,-0.01,0.0,24.9,107,AUTO.LOITER,0,0
2026-08-17T16:46:19,1786959979,13.822803,100.511627,15.6,-0.09,-1.6,-1.6,86.1,86.1,-0.01,-0.02,0.0,24.9,107,AUTO.LOITER,0,0
2026-08-17T16:46:20,1786959980,13.822803,100.511626,15.6,-0.09,-1.6,-1.6,86.1,86.1,-0.01,-0.02,0.0,24.9,107,AUTO.LOITER,0,0
2026-08-17T16:46:21,1786959981,13.822803,100.511626,15.6,-0.09,-1.6,-1.6,86.1,86.1,0.0,-0.02,0.0,24.9,107,AUTO.LOITER,0,0
2026-08-17T16:46:22,1786959982,13.822803,100.511626,15.6,-0.08,-1.6,-1.6,86.1,86.1,0.0,-0.02,-0.01,24.9,107,AUTO.LOITER,0,0
2026-08-17T16:46:23,1786959983,13.822803,100.511626,15.6,-0.08,-1.6,-1.7,86.2,86.2,0.0,-0.01,-0.01,24.9,107,AUTO.LOITER,0,0
2026-08-17T16:46:24,1786959984,13.822803,100.511626,15.6,-0.08,-1.6,-1.7,86.2,86.2,0.01,-0.01,0.0,24.9,107,AUTO.LOITER,0,0
2026-08-17T16:46:25,1786959985,13.822803,100.511627,15.6,-0.09,-1.6,-1.7,86.2,86.2,0.0,0.0,0.0,24.9,107,AUTO.LOITER,0,0
2026-08-17T16:46:26,1786959986,13.822803,100.511627,15.6,-0.09,-1.6,-1.7,86.2,86.2,0.0,0.0,0.0,24.9,107,AUTO.LOITER,0,0
2026-08-17T16:46:27,1786959987,13.822803,100.511627,15.6,-0.1,-1.6,-1.7,86.2,86.2,0.0,0.0,0.0,24.9,107,AUTO.LOITER,0,0
2026-08-17T16:46:28,1786959988,13.822803,100.511627,15.6,-0.1,-1.6,-1.7,86.2,86.2,0.01,0.0,0.01,24.9,107,AUTO.LOITER,0,0
2026-08-17T16:46:29,1786959989,13.822803,100.511627,15.6,-0.11,-1.6,-1.7,86.2,86.2,0.01,0.0,0.03,24.9,107,AUTO.LOITER,0,0
2026-08-17T16:46:30,1786959990,13.822803,100.511627,15.6,-0.12,-1.6,-1.7,86.2,86.2,0.01,0.0,0.03,24.9,107,AUTO.LOITER,0,0
2026-08-17T16:46:31,1786959991,13.822803,100.511627,15.6,-0.12,-1.6,-1.7,86.2,86.2,0.02,0.01,0.03,24.9,107,AUTO.LOITER,0,0
2026-08-17T16:46:32,1786959992,13.822803,100.511627,15.6,-0.12,-1.6,-1.7,86.2,86.2,0.02,0.02,0.03,24.9,107,AUTO.LOITER,0,0
2026-08-17T16:46:33,1786959993,13.822803,100.511627,15.6,-0.11,-1.6,-1.7,86.2,86.2,0.02,0.02,0.02,24.9,107,AUTO.LOITER,0,0
2026-08-17T16:46:34,1786959994,13.822803,100.511627,15.6,-0.1,-1.6,-1.6,86.2,86.2,0.01,0.0,0.01,24.9,107,AUTO.LOITER,0,0
2026-08-17T16:46:35,1786959995,13.822804,100.511627,15.4,-0.1,-1.5,-1.6,86.2,86.2,0.01,0.0,0.01,24.9,107,AUTO.LOITER,0,0
2026-08-17T16:46:36,1786959996,13.822803,100.511627,15.4,-0.1,-1.5,-1.6,86.2,86.2,0.0,-0.01,0.0,24.9,107,AUTO.LOITER,0,0
2026-08-17T16:46:37,1786959997,13.822803,100.511627,15.6,-0.1,-1.5,-1.6,86.2,86.2,0.01,-0.01,0.0,24.9,107,AUTO.LOITER,0,0
2026-08-17T16:46:38,1786959998,13.822803,100.511627,15.6,-0.1,-1.5,-1.6,86.2,86.2,0.0,0.0,0.01,24.9,107,AUTO.LOITER,0,0
2026-08-17T16:46:39,1786959999,13.822803,100.511627,15.6,-0.1,-1.5,-1.6,86.2,86.2,-0.01,0.0,0.01,24.9,107,AUTO.LOITER,0,0
2026-08-17T16:46:40,1786960000,13.822803,100.511627,15.6,-0.1,-1.5,-1.5,86.2,86.2,-0.02,0.0,0.01,24.9,107,AUTO.LOITER,0,0
2026-08-17T16:46:41,1786960001,13.822803,100.511627,15.6,-0.1,-1.5,-1.5,86.2,86.2,-0.03,0.0,0.01,24.9,107,AUTO.LOITER,0,0
2026-08-17T16:46:42,1786960002,13.822803,100.511626,15.6,-0.11,-1.6,-1.5,86.2,86.2,-0.02,0.0,0.02,24.9,107,AUTO.LOITER,0,0
2026-08-17T16:46:43,1786960003,13.822803,100.511626,15.6,-0.11,-1.6,-1.5,86.2,86.2,-0.02,0.0,0.02,24.9,107,AUTO.LOITER,0,0
2026-08-17T16:46:44,1786960004,13.822803,100.511626,15.6,-0.11,-1.6,-1.4,86.2,86.2,0.0,-0.02,0.02,24.9,107,AUTO.LOITER,0,0
2026-08-17T16:46:45,1786960005,13.822803,100.511626,15.6,-0.11,-1.6,-1.4,86.2,86.2,0.0,-0.01,0.02,24.9,107,AUTO.LOITER,0,0
2026-08-17T16:46:46,1786960006,13.822803,100.511626,15.6,-0.12,-1.6,-1.5,86.2,86.2,0.0,0.0,0.03,24.9,107,AUTO.LOITER,0,0
2026-08-17T16:46:47,1786960007,13.822803,100.511627,15.6,-0.13,-1.6,-1.5,86.2,86.2,0.0,0.0,0.04,24.9,107,AUTO.LOITER,0,0
2026-08-17T16:46:48,1786960008,13.822803,100.511627,15.6,-0.14,-1.6,-1.5,86.2,86.2,0.0,0.0,0.05,24.9,107,AUTO.LOITER,0,0
2026-08-17T16:46:49,1786960009,13.822803,100.511627,15.6,-0.14,-1.7,-1.5,86.2,86.2,0.0,0.0,0.05,24.9,107,AUTO.LOITER,0,0
2026-08-17T16:46:50,1786960010,13.822803,100.511627,15.6,-0.14,-1.7,-1.4,86.2,86.2,0.01,0.0,0.06,24.9,107,AUTO.LOITER,0,0
2026-08-17T16:46:51,1786960011,13.822803,100.511627,15.4,-0.14,-1.7,-1.4,86.2,86.2,0.01,0.0,0.06,24.9,107,AUTO.LOITER,0,0
2026-08-17T16:46:52,1786960012,13.822803,100.511627,15.4,-0.14,-1.7,-1.4,86.2,86.2,0.02,0.0,0.05,24.9,107,AUTO.LOITER,0,0
2026-08-17T16:46:53,1786960013,13.822803,100.511627,15.4,-0.13,-1.7,-1.4,86.2,86.2,0.02,0.01,0.04,24.9,107,AUTO.LOITER,0,0
2026-08-17T16:46:54,1786960014,13.822803,100.511627,15.6,-0.12,-1.7,-1.4,86.2,86.2,0.01,0.02,0.03,24.9,107,AUTO.LOITER,0,0
2026-08-17T16:46:55,1786960015,13.822803,100.511627,15.6,-0.12,-1.7,-1.4,86.2,86.2,0.01,0.02,0.02,24.9,107,AUTO.LOITER,0,0
2026-08-17T16:46:56,1786960016,13.822803,100.511627,15.6,-0.1,-1.7,-1.3,86.2,86.2,0.01,0.02,0.0,24.9,107,AUTO.LOITER,0,0
2026-08-17T16:46:57,1786960017,13.822803,100.511627,15.6,-0.09,-1.7,-1.3,86.2,86.2,0.01,0.01,0.0,24.9,107,AUTO.LOITER,0,0
2026-08-17T16:46:58,1786960018,13.822803,100.511627,15.6,-0.1,-1.7,-1.3,86.2,86.2,0.0,0.0,0.0,24.9,107,AUTO.LOITER,0,0
2026-08-17T16:46:59,1786960019,13.822803,100.511627,15.6,-0.1,-1.7,-1.3,86.2,86.2,0.0,0.0,0.0,24.9,107,AUTO.LOITER,0,0
2026-08-17T16:47:00,1786960020,13.822803,100.511627,15.6,-0.1,-1.7,-1.2,86.2,86.2,0.0,0.0,0.0,24.9,107,AUTO.LOITER,0,0
2026-08-17T16:47:01,1786960021,13.822803,100.511627,15.6,-0.09,-1.7,-1.2,86.2,86.2,0.0,-0.01,0.0,24.9,107,AUTO.LOITER,0,0
2026-08-17T16:47:02,1786960022,13.822803,100.511627,15.6,-0.09,-1.7,-1.2,86.2,86.2,0.02,-0.01,-0.01,24.9,107,AUTO.LOITER,0,0
2026-08-17T16:47:03,1786960023,13.822803,100.511626,15.6,-0.08,-1.7,-1.2,86.2,86.2,0.03,-0.01,-0.02,24.9,107,AUTO.LOITER,0,0
2026-08-17T16:47:04,1786960024,13.822803,100.511627,15.6,-0.06,-1.7,-1.2,86.2,86.2,0.03,0.0,-0.04,24.9,107,AUTO.LOITER,0,0
2026-08-17T16:47:05,1786960025,13.822803,100.511627,15.6,-0.05,-1.7,-1.2,86.2,86.2,0.02,0.01,-0.04,24.9,107,AUTO.LOITER,0,0
2026-08-17T16:47:06,1786960026,13.822804,100.511627,15.6,-0.06,-1.7,-1.2,86.2,86.2,0.02,0.02,-0.03,24.9,107,AUTO.LOITER,0,0
2026-08-17T16:47:07,1786960027,13.822804,100.511627,15.6,-0.07,-1.7,-1.2,86.2,86.2,0.01,0.02,-0.02,24.9,107,AUTO.LOITER,0,0
2026-08-17T16:47:08,1786960028,13.822803,100.511627,15.4,-0.07,-1.6,-1.2,86.2,86.2,0.01,0.02,-0.02,24.9,107,AUTO.LOITER,0,0
2026-08-17T16:47:09,1786960029,13.822803,100.511627,15.4,-0.07,-1.6,-1.2,86.2,86.2,0.0,0.01,-0.01,24.9,107,AUTO.LOITER,0,0
2026-08-17T16:47:10,1786960030,13.822803,100.511627,15.4,-0.08,-1.6,-1.2,86.2,86.2,-0.01,0.0,-0.01,24.9,107,AUTO.LOITER,0,0
2026-08-17T16:47:11,1786960031,13.822803,100.511627,15.6,-0.08,-1.7,-1.1,86.2,86.2,0.0,0.0,-0.01,24.9,107,AUTO.LOITER,0,0
2026-08-17T16:47:12,1786960032,13.822803,100.511627,15.6,-0.07,-1.7,-1.1,86.2,86.2,0.0,-0.01,-0.02,24.9,107,AUTO.LOITER,0,0
2026-08-17T16:47:13,1786960033,13.822803,100.511627,15.6,-0.07,-1.7,-1.2,86.2,86.2,-0.01,-0.02,-0.02,24.9,107,AUTO.LOITER,0,0
2026-08-17T16:47:14,1786960034,13.822803,100.511626,15.6,-0.07,-1.7,-1.2,86.2,86.2,-0.01,-0.03,-0.02,24.9,107,AUTO.LOITER,0,0
2026-08-17T16:47:15,1786960035,13.822803,100.511627,15.6,-0.08,-1.7,-1.2,86.2,86.2,-0.01,-0.01,-0.01,24.9,107,AUTO.LOITER,0,0
2026-08-17T16:47:16,1786960036,13.822803,100.511627,15.6,-0.08,-1.7,-1.2,86.2,86.2,0.0,-0.01,-0.01,24.9,107,AUTO.LOITER,0,0
2026-08-17T16:47:17,1786960037,13.822803,100.511627,15.6,-0.09,-1.7,-1.2,86.2,86.2,0.0,-0.01,0.0,24.9,107,AUTO.LOITER,0,0
2026-08-17T16:47:18,1786960038,13.822803,100.511626,15.6,-0.09,-1.7,-1.2,86.2,86.2,0.0,0.0,0.0,24.9,107,AUTO.LOITER,0,0
2026-08-17T16:47:19,1786960039,13.822803,100.511626,15.6,-0.1,-1.7,-1.3,86.2,86.2,0.0,0.0,0.01,24.9,107,AUTO.LOITER,0,0
2026-08-17T16:47:20,1786960040,13.822803,100.511627,15.6,-0.1,-1.7,-1.3,86.2,86.2,0.0,0.0,0.01,24.9,107,AUTO.LOITER,0,0
2026-08-17T16:47:21,1786960041,13.822803,100.511627,15.6,-0.1,-1.7,-1.3,86.2,86.2,0.0,0.0,0.0,24.9,107,AUTO.LOITER,0,0
2026-08-17T16:47:22,1786960042,13.822803,100.511627,15.6,-0.1,-1.7,-1.3,86.2,86.2,0.0,0.0,0.0,24.9,107,AUTO.LOITER,0,0
2026-08-17T16:47:23,1786960043,13.822803,100.511627,15.6,-0.1,-1.7,-1.3,86.2,86.2,0.0,0.01,0.0,24.9,107,AUTO.LOITER,0,0
2026-08-17T16:47:24,1786960044,13.822803,100.511627,15.4,-0.1,-1.7,-1.3,86.2,86.2,0.0,0.01,0.0,24.9,107,AUTO.LOITER,0,0
2026-08-17T16:47:25,1786960045,13.822803,100.511627,15.6,-0.09,-1.7,-1.3,86.2,86.2,-0.01,0.03,0.0,24.9,107,AUTO.LOITER,0,0
2026-08-17T16:47:26,1786960046,13.822803,100.511627,15.6,-0.09,-1.7,-1.2,86.2,86.2,-0.01,0.01,0.0,24.9,107,AUTO.LOITER,0,0
2026-08-17T16:47:27,1786960047,13.822803,100.511627,15.6,-0.1,-1.7,-1.2,86.2,86.2,-0.01,0.0,0.01,24.9,107,AUTO.LOITER,0,0
2026-08-17T16:47:28,1786960048,13.822803,100.511627,15.4,-0.1,-1.7,-1.2,86.2,86.2,-0.01,0.0,0.01,24.9,107,AUTO.LOITER,0,0
2026-08-17T16:47:29,1786960049,13.822803,100.511627,15.4,-0.1,-1.7,-1.2,86.2,86.2,0.0,0.0,0.0,24.9,107,AUTO.LOITER,0,0
2026-08-17T16:47:30,1786960050,13.822803,100.511627,15.4,-0.1,-1.8,-1.2,86.2,86.2,-0.01,-0.01,0.0,24.9,107,AUTO.LOITER,0,0
2026-08-17T16:47:31,1786960051,13.822803,100.511627,15.6,-0.09,-1.8,-1.2,86.2,86.2,-0.01,0.0,0.0,24.9,107,AUTO.LOITER,0,0
2026-08-17T16:47:32,1786960052,13.822803,100.511627,15.6,-0.09,-1.8,-1.3,86.2,86.2,-0.02,0.0,0.0,24.9,107,AUTO.LOITER,0,0
2026-08-17T16:47:33,1786960053,13.822803,100.511627,15.6,-0.1,-1.8,-1.3,86.2,86.2,-0.02,0.0,0.0,24.9,107,AUTO.LOITER,0,0
2026-08-17T16:47:34,1786960054,13.822803,100.511627,15.6,-0.09,-1.8,-1.3,86.2,86.2,-0.03,0.01,0.0,24.9,107,AUTO.LOITER,0,0
2026-08-17T16:47:35,1786960055,13.822803,100.511627,15.6,-0.08,-1.8,-1.3,86.2,86.2,-0.01,0.02,-0.01,24.9,107,AUTO.LOITER,0,0
2026-08-17T16:47:36,1786960056,13.822803,100.511627,15.6,-0.07,-1.9,-1.3,86.2,86.2,0.0,0.04,-0.02,24.9,107,AUTO.LOITER,0,0
2026-08-17T16:47:37,1786960057,13.822803,100.511627,15.6,-0.07,-1.9,-1.2,86.2,86.2,-0.01,0.02,-0.03,24.9,107,AUTO.LOITER,0,0
2026-08-17T16:47:38,1786960058,13.822803,100.511627,15.6,-0.07,-1.9,-1.2,86.1,86.1,-0.03,0.02,-0.02,24.9,107,AUTO.LOITER,0,0
2026-08-17T16:47:39,1786960059,13.822803,100.511627,15.6,-0.07,-1.9,-1.2,86.1,86.1,-0.02,0.01,-0.03,24.9,107,AUTO.LOITER,0,0
2026-08-17T16:47:40,1786960060,13.822803,100.511627,15.6,-0.07,-2.0,-1.2,86.1,86.1,-0.02,0.0,-0.03,24.9,107,AUTO.LOITER,0,0
2026-08-17T16:47:41,1786960061,13.822803,100.511626,15.6,-0.07,-2.0,-1.2,86.1,86.1,-0.02,-0.01,-0.02,24.9,107,AUTO.LOITER,0,0
2026-08-17T16:47:42,1786960062,13.822803,100.511627,15.6,-0.07,-2.0,-1.3,86.1,86.1,-0.03,0.0,-0.02,24.9,107,AUTO.LOITER,0,0
2026-08-17T16:47:43,1786960063,13.822803,100.511627,15.6,-0.07,-2.0,-1.3,86.2,86.2,-0.02,0.01,-0.02,24.9,107,AUTO.LOITER,0,0
2026-08-17T16:47:44,1786960064,13.822803,100.511627,15.6,-0.07,-2.1,-1.3,86.2,86.2,0.0,0.0,-0.02,24.9,107,AUTO.LOITER,0,0
2026-08-17T16:47:45,1786960065,13.822803,100.511627,15.6,-0.07,-2.1,-1.3,86.1,86.1,0.01,0.0,-0.02,24.9,107,AUTO.LOITER,0,0
2026-08-17T16:47:46,1786960066,13.822803,100.511627,15.6,-0.07,-2.1,-1.3,86.1,86.1,0.02,0.0,-0.02,24.9,107,AUTO.LOITER,0,0
2026-08-17T16:47:47,1786960067,13.822803,100.511627,15.6,-0.07,-2.1,-1.3,86.1,86.1,0.01,0.0,-0.02,24.9,107,AUTO.LOITER,0,0
2026-08-17T16:47:48,1786960068,13.822803,100.511627,15.6,-0.07,-2.1,-1.3,86.1,86.1,0.01,0.0,-0.02,24.9,107,AUTO.LOITER,0,0
2026-08-17T16:47:49,1786960069,13.822803,100.511627,15.4,-0.07,-2.0,-1.3,86.1,86.1,0.01,0.0,-0.02,24.9,107,AUTO.LOITER,0,0
2026-08-17T16:47:50,1786960070,13.822803,100.511626,15.4,-0.07,-2.0,-1.3,86.0,86.0,0.01,0.0,-0.02,24.9,107,AUTO.LOITER,0,0
2026-08-17T16:47:51,1786960071,13.822803,100.511627,15.4,-0.07,-2.0,-1.3,86.0,86.0,0.01,0.0,-0.02,24.9,107,AUTO.LOITER,0,0
2026-08-17T16:47:52,1786960072,13.822803,100.511626,15.6,-0.07,-2.0,-1.3,86.0,86.0,0.01,0.0,-0.02,24.9,107,AUTO.LOITER,0,0
2026-08-17T16:47:53,1786960073,13.822803,100.511626,15.6,-0.07,-2.0,-1.2,86.0,86.0,0.0,0.0,-0.02,24.9,107,AUTO.LOITER,0,0
2026-08-17T16:47:54,1786960074,13.822803,100.511626,15.6,-0.07,-2.0,-1.2,86.0,86.0,0.0,0.0,-0.01,24.9,107,AUTO.LOITER,0,0
2026-08-17T16:47:55,1786960075,13.822803,100.511626,15.6,-0.07,-1.9,-1.2,86.0,86.0,0.01,0.0,-0.02,24.9,107,AUTO.LOITER,0,0
2026-08-17T16:47:56,1786960076,13.822803,100.511626,15.6,-0.07,-1.9,-1.2,86.0,86.0,0.01,0.0,-0.02,24.9,107,AUTO.LOITER,0,0
2026-08-17T16:47:57,1786960077,13.822803,100.511626,15.6,-0.07,-1.9,-1.2,86.0,86.0,0.02,0.0,-0.02,24.9,107,AUTO.LOITER,0,0
2026-08-17T16:47:58,1786960078,13.822803,100.511627,15.6,-0.08,-1.8,-1.2,86.0,86.0,0.01,0.01,-0.01,24.9,107,AUTO.LOITER,0,0
2026-08-17T16:47:59,1786960079,13.822803,100.511627,15.4,-0.08,-1.8,-1.2,86.0,86.0,0.01,0.01,-0.01,24.9,107,AUTO.LOITER,0,0
2026-08-17T16:48:00,1786960080,13.822803,100.511627,15.4,-0.08,-1.8,-1.2,86.0,86.0,0.01,0.01,-0.01,24.9,107,AUTO.LOITER,0,0
2026-08-17T16:48:01,1786960081,13.822803,100.511627,15.6,-0.1,-1.8,-1.2,86.0,86.0,0.0,0.0,0.0,24.9,107,AUTO.LOITER,0,0
2026-08-17T16:48:02,1786960082,13.822803,100.511627,15.6,-0.1,-1.8,-1.2,86.0,86.0,0.0,0.0,0.0,24.9,107,AUTO.LOITER,0,0
2026-08-17T16:48:03,1786960083,13.822803,100.511626,15.6,-0.09,-1.8,-1.2,86.0,86.0,-0.01,0.0,0.0,24.9,107,AUTO.LOITER,0,0
2026-08-17T16:48:04,1786960084,13.822803,100.511626,15.6,-0.09,-1.8,-1.2,86.0,86.0,-0.02,0.0,-0.01,24.9,107,AUTO.LOITER,0,0
2026-08-17T16:48:05,1786960085,13.822803,100.511626,15.6,-0.08,-1.8,-1.2,86.0,86.0,-0.01,0.0,-0.01,24.9,107,AUTO.LOITER,0,0
2026-08-17T16:48:06,1786960086,13.822803,100.511627,15.6,-0.08,-1.8,-1.2,85.9,85.9,0.0,0.0,0.0,24.9,107,AUTO.LOITER,0,0
2026-08-17T16:48:07,1786960087,13.822803,100.511627,15.6,-0.08,-1.8,-1.2,85.9,85.9,0.0,0.0,0.0,24.9,107,AUTO.LOITER,0,0
2026-08-17T16:48:08,1786960088,13.822803,100.511627,15.6,-0.1,-1.8,-1.2,85.9,85.9,0.01,0.0,0.02,24.9,107,AUTO.LOITER,0,0
2026-08-17T16:48:09,1786960089,13.822803,100.511627,15.6,-0.12,-1.8,-1.2,85.9,85.9,0.0,0.0,0.03,24.9,107,AUTO.LOITER,0,0
2026-08-17T16:48:10,1786960090,13.822804,100.511627,15.4,-0.12,-1.8,-1.1,85.9,85.9,0.0,0.0,0.03,24.9,107,AUTO.LOITER,0,0
2026-08-17T16:48:11,1786960091,13.822803,100.511627,15.4,-0.12,-1.7,-1.2,86.0,86.0,-0.01,-0.01,0.03,24.9,107,AUTO.LOITER,0,0
2026-08-17T16:48:12,1786960092,13.822803,100.511627,15.4,-0.12,-1.7,-1.2,86.0,86.0,0.0,0.0,0.03,24.9,107,AUTO.LOITER,0,0
2026-08-17T16:48:13,1786960093,13.822803,100.511627,15.6,-0.12,-1.7,-1.2,86.0,86.0,-0.01,0.01,0.03,24.9,107,AUTO.LOITER,0,0
2026-08-17T16:48:14,1786960094,13.822803,100.511627,15.6,-0.12,-1.8,-1.1,86.0,86.0,0.0,0.04,0.03,24.9,107,AUTO.LOITER,0,0
2026-08-17T16:48:15,1786960095,13.822803,100.511627,15.4,-0.12,-1.7,-1.1,86.0,86.0,0.0,0.04,0.03,24.9,107,AUTO.LOITER,0,0
2026-08-17T16:48:16,1786960096,13.822803,100.511627,15.6,-0.12,-1.7,-1.1,86.0,86.0,0.0,0.01,0.03,24.9,107,AUTO.LOITER,0,0
2026-08-17T16:48:17,1786960097,13.822803,100.511627,15.6,-0.12,-1.7,-1.1,86.0,86.0,0.0,0.0,0.02,24.9,107,AUTO.LOITER,0,0
2026-08-17T16:48:18,1786960098,13.822803,100.511627,15.3,-0.12,-1.7,-1.0,86.0,86.0,0.0,0.0,0.02,24.9,107,AUTO.LOITER,0,0
2026-08-17T16:48:19,1786960099,13.822803,100.511627,15.6,-0.1,-1.7,-1.0,86.0,86.0,0.0,0.0,0.01,24.9,107,AUTO.LOITER,0,0
2026-08-17T16:48:20,1786960100,13.822803,100.511627,15.6,-0.1,-1.7,-1.0,86.0,86.0,0.0,0.0,0.0,24.9,107,AUTO.LOITER,0,0
2026-08-17T16:48:21,1786960101,13.822803,100.511626,15.6,-0.09,-1.7,-1.0,86.0,86.0,0.0,-0.01,0.0,24.9,107,AUTO.LOITER,0,0
2026-08-17T16:48:22,1786960102,13.822803,100.511626,15.6,-0.09,-1.7,-1.0,86.0,86.0,0.0,-0.01,0.0,24.9,107,AUTO.LOITER,0,0
2026-08-17T16:48:23,1786960103,13.822803,100.511627,15.6,-0.09,-1.7,-1.0,86.0,86.0,0.0,-0.02,0.0,24.9,107,AUTO.LOITER,0,0
2026-08-17T16:48:24,1786960104,13.822803,100.511627,15.6,-0.09,-1.7,-1.0,86.0,86.0,0.01,-0.02,0.0,24.9,107,AUTO.LOITER,0,0
2026-08-17T16:48:25,1786960105,13.822803,100.511626,15.6,-0.09,-1.7,-1.0,86.0,86.0,0.02,-0.04,0.0,24.9,107,AUTO.LOITER,0,0
2026-08-17T16:48:26,1786960106,13.822804,100.511626,15.6,-0.09,-1.6,-1.1,86.0,86.0,0.02,-0.01,0.0,24.9,107,AUTO.LOITER,0,0
2026-08-17T16:48:27,1786960107,13.822803,100.511627,15.6,-0.1,-1.6,-1.1,86.1,86.1,0.02,0.0,0.01,24.9,107,AUTO.LOITER,0,0
2026-08-17T16:48:28,1786960108,13.822803,100.511627,15.6,-0.11,-1.6,-1.1,86.1,86.1,0.0,0.0,0.02,24.9,107,AUTO.LOITER,0,0
2026-08-17T16:48:29,1786960109,13.822803,100.511627,15.6,-0.12,-1.6,-1.1,86.1,86.1,-0.03,0.0,0.03,24.9,107,AUTO.LOITER,0,0
2026-08-17T16:48:30,1786960110,13.822803,100.511627,15.4,-0.12,-1.5,-1.1,86.1,86.1,-0.03,0.0,0.03,24.9,107,AUTO.LOITER,0,0
2026-08-17T16:48:31,1786960111,13.822803,100.511627,15.4,-0.12,-1.6,-1.1,86.1,86.1,-0.05,-0.01,0.03,24.9,107,AUTO.LOITER,0,0
2026-08-17T16:48:32,1786960112,13.822803,100.511627,15.4,-0.12,-1.6,-1.1,86.1,86.1,-0.04,0.0,0.03,24.9,107,AUTO.LOITER,0,0
2026-08-17T16:48:33,1786960113,13.822803,100.511627,15.6,-0.12,-1.7,-1.1,86.1,86.1,-0.02,0.01,0.03,24.9,107,AUTO.LOITER,0,0
2026-08-17T16:48:34,1786960114,13.822803,100.511627,15.6,-0.12,-1.7,-1.1,86.1,86.1,-0.01,0.02,0.02,24.9,107,AUTO.LOITER,0,0
2026-08-17T16:48:35,1786960115,13.822803,100.511627,15.6,-0.12,-1.7,-1.1,86.1,86.1,-0.01,0.01,0.02,24.9,107,AUTO.LOITER,0,0
2026-08-17T16:48:36,1786960116,13.822803,100.511627,15.6,-0.11,-1.7,-1.1,86.1,86.1,-0.01,0.0,0.02,24.9,107,AUTO.LOITER,0,0
2026-08-17T16:48:37,1786960117,13.822803,100.511627,15.6,-0.11,-1.7,-1.1,86.1,86.1,0.0,0.0,0.02,24.9,107,AUTO.LOITER,0,0
2026-08-17T16:48:38,1786960118,13.822803,100.511627,15.6,-0.11,-1.7,-1.1,86.2,86.2,-0.01,0.0,0.02,24.9,107,AUTO.LOITER,0,0
2026-08-17T16:48:39,1786960119,13.822803,100.511627,15.6,-0.11,-1.7,-1.1,86.2,86.2,0.0,0.0,0.01,24.9,107,AUTO.LOITER,0,0
2026-08-17T16:48:40,1786960120,13.822803,100.511627,15.6,-0.1,-1.8,-1.1,86.2,86.2,0.0,0.0,0.0,24.9,107,AUTO.LOITER,0,0
2026-08-17T16:48:41,1786960121,13.822803,100.511627,15.6,-0.09,-1.8,-1.1,86.2,86.2,0.0,0.01,0.0,24.9,107,AUTO.LOITER,0,0
2026-08-17T16:48:42,1786960122,13.822803,100.511627,15.6,-0.09,-1.8,-1.1,86.2,86.2,0.0,0.01,0.0,24.9,107,AUTO.LOITER,0,0
2026-08-17T16:48:43,1786960123,13.822803,100.511627,15.6,-0.09,-1.8,-1.1,86.2,86.2,0.0,0.02,0.0,24.9,107,AUTO.LOITER,0,0
2026-08-17T16:48:44,1786960124,13.822803,100.511627,15.6,-0.09,-1.8,-1.1,86.2,86.2,0.0,0.01,0.0,24.9,107,AUTO.LOITER,0,0
2026-08-17T16:48:45,1786960125,13.822803,100.511627,15.6,-0.09,-1.8,-1.1,86.2,86.2,-0.01,0.02,0.0,24.9,107,AUTO.LOITER,0,0
2026-08-17T16:48:46,1786960126,13.822803,100.511627,15.6,-0.1,-1.8,-1.1,86.2,86.2,0.0,0.02,0.01,24.9,107,AUTO.LOITER,0,0
2026-08-17T16:48:47,1786960127,13.822803,100.511627,15.6,-0.1,-1.8,-1.0,86.2,86.2,0.0,0.01,0.01,24.9,107,AUTO.LOITER,0,0
2026-08-17T16:48:48,1786960128,13.822803,100.511627,15.3,-0.1,-1.8,-1.0,86.2,86.2,0.0,0.01,0.01,24.9,107,AUTO.LOITER,0,0
2026-08-17T16:48:49,1786960129,13.822803,100.511627,15.4,-0.11,-1.8,-1.0,86.2,86.2,0.02,0.0,0.02,24.9,107,AUTO.LOITER,0,0
2026-08-17T16:48:50,1786960130,13.822803,100.511627,15.4,-0.12,-1.7,-1.0,86.2,86.2,0.03,0.0,0.03,24.9,107,AUTO.LOITER,0,0
2026-08-17T16:48:51,1786960131,13.822803,100.511627,15.4,-0.12,-1.7,-0.9,86.2,86.2,0.03,0.0,0.03,24.9,107,AUTO.LOITER,0,0
2026-08-17T16:48:52,1786960132,13.822803,100.511626,15.4,-0.12,-1.7,-0.9,86.2,86.2,0.03,0.0,0.03,24.9,107,AUTO.LOITER,0,0
2026-08-17T16:48:53,1786960133,13.822803,100.511627,15.4,-0.12,-1.7,-0.9,86.2,86.2,0.03,0.0,0.03,24.9,107,AUTO.LOITER,0,0
2026-08-17T16:48:54,1786960134,13.822803,100.511627,15.6,-0.13,-1.7,-0.9,86.2,86.2,0.0,0.01,0.04,24.9,107,AUTO.LOITER,0,0
2026-08-17T16:48:55,1786960135,13.822803,100.511627,15.6,-0.13,-1.7,-0.9,86.2,86.2,0.0,0.01,0.04,24.9,107,AUTO.LOITER,0,0
2026-08-17T16:48:56,1786960136,13.822803,100.511627,15.6,-0.12,-1.8,-0.9,86.2,86.2,0.0,0.0,0.03,24.9,107,AUTO.LOITER,0,0
2026-08-17T16:48:57,1786960137,13.822803,100.511627,15.6,-0.12,-1.8,-0.9,86.2,86.2,-0.01,0.0,0.03,24.9,107,AUTO.LOITER,0,0
2026-08-17T16:48:58,1786960138,13.822803,100.511627,15.6,-0.12,-1.8,-0.9,86.2,86.2,-0.02,-0.01,0.03,24.9,107,AUTO.LOITER,0,0
2026-08-17T16:48:59,1786960139,13.822803,100.511627,15.6,-0.12,-1.8,-0.9,86.2,86.2,-0.03,-0.03,0.03,24.9,107,AUTO.LOITER,0,0
2026-08-17T16:49:00,1786960140,13.822803,100.511627,15.6,-0.12,-1.9,-0.9,86.2,86.2,0.0,-0.02,0.03,24.9,107,AUTO.LOITER,0,0
2026-08-17T16:49:01,1786960141,13.822803,100.511627,15.6,-0.12,-1.9,-0.9,86.2,86.2,0.0,-0.02,0.03,24.9,107,AUTO.LOITER,0,0
2026-08-17T16:49:02,1786960142,13.822803,100.511626,15.6,-0.11,-1.9,-0.9,86.2,86.2,0.0,-0.01,0.02,24.9,107,AUTO.LOITER,0,0
2026-08-17T16:49:03,1786960143,13.822803,100.511627,15.3,-0.11,-1.9,-0.9,86.2,86.2,0.0,-0.01,0.02,24.9,107,AUTO.LOITER,0,0
2026-08-17T16:49:04,1786960144,13.822803,100.511627,15.4,-0.11,-2.0,-1.0,86.2,86.2,0.0,-0.01,0.02,24.9,107,AUTO.LOITER,0,0
2026-08-17T16:49:05,1786960145,13.822803,100.511627,15.6,-0.12,-2.0,-0.9,86.2,86.2,0.01,0.0,0.03,24.9,107,AUTO.LOITER,0,0
2026-08-17T16:49:06,1786960146,13.822803,100.511627,15.4,-0.12,-2.0,-0.9,86.2,86.2,0.01,0.0,0.03,24.9,107,AUTO.LOITER,0,0
2026-08-17T16:49:07,1786960147,13.822803,100.511627,15.4,-0.12,-2.0,-0.9,86.2,86.2,0.01,0.0,0.03,24.9,107,AUTO.LOITER,0,0
2026-08-17T16:49:08,1786960148,13.822803,100.511627,15.4,-0.12,-2.0,-0.9,86.2,86.2,0.02,-0.01,0.03,24.9,107,AUTO.LOITER,0,0
2026-08-17T16:49:09,1786960149,13.822803,100.511626,15.6,-0.12,-2.0,-0.9,86.2,86.2,0.02,0.0,0.03,24.9,107,AUTO.LOITER,0,0
2026-08-17T16:49:10,1786960150,13.822803,100.511626,15.6,-0.12,-2.0,-0.9,86.2,86.2,0.02,0.0,0.03,24.9,107,AUTO.LOITER,0,0
2026-08-17T16:49:11,1786960151,13.822803,100.511627,15.6,-0.12,-2.0,-0.9,86.2,86.2,0.01,0.02,0.04,24.9,107,AUTO.LOITER,0,0
2026-08-17T16:49:12,1786960152,13.822803,100.511627,15.6,-0.12,-2.0,-0.9,86.2,86.2,0.0,0.02,0.03,24.9,107,AUTO.LOITER,0,0
2026-08-17T16:49:13,1786960153,13.822803,100.511627,15.6,-0.11,-2.0,-0.9,86.2,86.2,0.0,0.03,0.02,24.9,107,AUTO.LOITER,0,0
2026-08-17T16:49:14,1786960154,13.822803,100.511627,15.6,-0.11,-2.0,-0.8,86.2,86.2,0.0,0.02,0.01,24.9,107,AUTO.LOITER,0,0
2026-08-17T16:49:15,1786960155,13.822803,100.511627,15.6,-0.11,-2.0,-0.8,86.2,86.2,0.0,0.03,0.02,24.9,107,AUTO.LOITER,0,0
2026-08-17T16:49:16,1786960156,13.822803,100.511627,15.6,-0.11,-2.0,-0.8,86.2,86.2,0.0,0.03,0.02,24.9,107,AUTO.LOITER,0,0
2026-08-17T16:49:17,1786960157,13.822803,100.511627,15.6,-0.11,-2.0,-0.7,86.3,86.3,-0.02,0.03,0.01,24.9,107,AUTO.LOITER,0,0
2026-08-17T16:49:18,1786960158,13.822803,100.511627,15.6,-0.1,-2.0,-0.7,86.3,86.3,-0.03,0.02,0.0,24.9,107,AUTO.LOITER,0,0
2026-08-17T16:49:19,1786960159,13.822803,100.511627,15.6,-0.09,-2.0,-0.6,86.3,86.3,-0.02,0.0,0.0,24.9,107,AUTO.LOITER,0,0
2026-08-17T16:49:20,1786960160,13.822803,100.511627,15.6,-0.09,-2.0,-0.6,86.3,86.3,-0.01,0.0,0.0,24.9,107,AUTO.LOITER,0,0
2026-08-17T16:49:21,1786960161,13.822803,100.511627,15.6,-0.1,-2.1,-0.6,86.2,86.2,0.0,0.0,0.0,24.9,107,AUTO.LOITER,0,0
2026-08-17T16:49:22,1786960162,13.822803,100.511627,15.6,-0.1,-2.1,-0.6,86.2,86.2,0.0,0.0,0.01,24.9,107,AUTO.LOITER,0,0
2026-08-17T16:49:23,1786960163,13.822803,100.511627,15.6,-0.1,-2.1,-0.6,86.2,86.2,0.0,0.0,0.0,24.9,107,AUTO.LOITER,0,0
2026-08-17T16:49:24,1786960164,13.822803,100.511627,15.6,-0.1,-2.1,-0.6,86.2,86.2,0.02,0.0,0.01,24.9,107,AUTO.LOITER,0,0
2026-08-17T16:49:25,1786960165,13.822803,100.511627,15.6,-0.11,-2.1,-0.6,86.2,86.2,0.01,0.0,0.02,24.9,107,AUTO.LOITER,0,0
2026-08-17T16:49:26,1786960166,13.822803,100.511626,15.4,-0.11,-2.1,-0.6,86.2,86.2,0.01,0.0,0.02,24.9,107,AUTO.LOITER,0,0
2026-08-17T16:49:27,1786960167,13.822803,100.511626,15.5,-0.12,-2.1,-0.5,86.2,86.2,0.02,-0.01,0.03,24.9,107,AUTO.LOITER,0,0
2026-08-17T16:49:28,1786960168,13.822804,100.511626,15.6,-0.12,-2.0,-0.5,86.1,86.1,0.02,-0.01,0.03,24.9,107,AUTO.LOITER,0,0
2026-08-17T16:49:29,1786960169,13.822803,100.511626,15.4,-0.12,-2.0,-0.5,86.1,86.1,0.02,-0.01,0.03,24.9,107,AUTO.LOITER,0,0
2026-08-17T16:49:30,1786960170,13.822803,100.511627,15.6,-0.11,-2.0,-0.5,86.1,86.1,0.02,0.0,0.02,24.9,107,AUTO.LOITER,0,0
2026-08-17T16:49:31,1786960171,13.822803,100.511627,15.6,-0.11,-2.0,-0.5,86.1,86.1,0.01,0.0,0.01,24.9,107,AUTO.LOITER,0,0
2026-08-17T16:49:32,1786960172,13.822803,100.511627,15.6,-0.1,-1.9,-0.5,86.1,86.1,0.0,-0.01,0.01,24.9,107,AUTO.LOITER,0,0
2026-08-17T16:49:33,1786960173,13.822803,100.511627,15.6,-0.11,-1.9,-0.5,86.1,86.1,0.01,-0.01,0.02,24.9,107,AUTO.LOITER,0,0
2026-08-17T16:49:34,1786960174,13.822803,100.511627,15.6,-0.11,-1.9,-0.5,86.1,86.1,0.02,-0.03,0.02,24.9,107,AUTO.LOITER,0,0
2026-08-17T16:49:35,1786960175,13.822803,100.511627,15.6,-0.11,-1.9,-0.5,86.1,86.1,0.02,-0.03,0.02,24.9,107,AUTO.LOITER,0,0
2026-08-17T16:49:36,1786960176,13.822803,100.511626,15.6,-0.12,-1.8,-0.5,86.0,86.0,0.0,-0.03,0.02,24.9,107,AUTO.LOITER,0,0
2026-08-17T16:49:37,1786960177,13.822803,100.511626,15.6,-0.11,-1.8,-0.6,86.0,86.0,0.0,-0.03,0.02,24.9,107,AUTO.LOITER,0,0
2026-08-17T16:49:38,1786960178,13.822803,100.511626,15.6,-0.11,-1.8,-0.6,86.0,86.0,-0.01,-0.03,0.01,24.9,107,AUTO.LOITER,0,0
2026-08-17T16:49:39,1786960179,13.822803,100.511627,15.6,-0.1,-1.8,-0.7,86.0,86.0,0.0,-0.02,0.01,24.9,107,AUTO.LOITER,0,0
2026-08-17T16:49:40,1786960180,13.822803,100.511627,15.6,-0.11,-1.8,-0.7,86.0,86.0,0.0,-0.01,0.02,24.9,107,AUTO.LOITER,0,0
2026-08-17T16:49:41,1786960181,13.822803,100.511626,15.6,-0.11,-1.8,-0.7,86.0,86.0,0.0,-0.02,0.02,24.9,107,AUTO.LOITER,0,0
2026-08-17T16:49:42,1786960182,13.822803,100.511626,15.6,-0.12,-1.8,-0.7,86.0,86.0,0.01,-0.02,0.03,24.9,107,AUTO.LOITER,0,0
2026-08-17T16:49:43,1786960183,13.822803,100.511626,15.6,-0.13,-1.8,-0.7,86.0,86.0,0.01,-0.02,0.04,24.9,107,AUTO.LOITER,0,0
2026-08-17T16:49:44,1786960184,13.822803,100.511626,15.6,-0.13,-1.8,-0.8,86.0,86.0,0.01,0.0,0.04,24.9,107,AUTO.LOITER,0,0
2026-08-17T16:49:45,1786960185,13.822803,100.511627,15.4,-0.13,-1.8,-0.8,86.0,86.0,0.01,0.0,0.04,24.9,107,AUTO.LOITER,0,0
2026-08-17T16:49:46,1786960186,13.822803,100.511626,15.4,-0.13,-1.8,-0.8,86.0,86.0,0.01,0.0,0.04,24.9,107,AUTO.LOITER,0,0
2026-08-17T16:49:47,1786960187,13.822803,100.511627,15.4,-0.12,-1.8,-0.8,86.1,86.1,0.01,-0.01,0.03,24.9,107,AUTO.LOITER,0,0
2026-08-17T16:49:48,1786960188,13.822803,100.511626,15.6,-0.12,-1.8,-0.8,86.1,86.1,0.0,-0.02,0.03,24.9,107,AUTO.LOITER,0,0
2026-08-17T16:49:49,1786960189,13.822803,100.511626,15.4,-0.12,-1.7,-0.9,86.1,86.1,0.0,-0.02,0.03,24.9,107,AUTO.LOITER,0,0
2026-08-17T16:49:50,1786960190,13.822803,100.511627,15.6,-0.12,-1.7,-0.9,86.1,86.1,0.0,0.01,0.02,24.9,107,AUTO.LOITER,0,0
2026-08-17T16:49:51,1786960191,13.822803,100.511627,15.6,-0.12,-1.7,-0.9,86.1,86.1,0.0,0.01,0.02,24.9,107,AUTO.LOITER,0,0
2026-08-17T16:49:52,1786960192,13.822803,100.511627,15.6,-0.1,-1.7,-0.9,86.1,86.1,0.01,0.02,0.02,24.9,107,AUTO.LOITER,0,0
2026-08-17T16:49:53,1786960193,13.822803,100.511627,15.6,-0.11,-1.7,-0.8,86.1,86.1,0.0,0.02,0.02,24.9,107,AUTO.LOITER,0,0
2026-08-17T16:49:54,1786960194,13.822803,100.511627,15.6,-0.11,-1.7,-0.8,86.1,86.1,0.0,0.03,0.02,24.9,107,AUTO.LOITER,0,0
2026-08-17T16:49:55,1786960195,13.822803,100.511627,15.6,-0.11,-1.7,-0.8,86.1,86.1,0.0,0.02,0.02,24.9,107,AUTO.LOITER,0,0
2026-08-17T16:49:56,1786960196,13.822803,100.511627,15.6,-0.11,-1.7,-0.7,86.1,86.1,0.0,0.01,0.02,24.9,107,AUTO.LOITER,0,0
2026-08-17T16:49:57,1786960197,13.822803,100.511627,15.6,-0.1,-1.7,-0.7,86.1,86.1,0.0,0.01,0.01,24.9,107,AUTO.LOITER,0,0
2026-08-17T16:49:58,1786960198,13.822803,100.511627,15.6,-0.1,-1.7,-0.7,86.1,86.1,0.0,0.02,0.0,24.9,107,AUTO.LOITER,0,0
2026-08-17T16:49:59,1786960199,13.822803,100.511627,15.6,-0.1,-1.7,-0.7,86.1,86.1,0.01,0.01,0.01,24.9,107,AUTO.LOITER,0,0
2026-08-17T16:50:00,1786960200,13.822803,100.511627,15.6,-0.11,-1.7,-0.6,86.1,86.1,0.0,0.0,0.02,24.9,107,AUTO.LOITER,0,0
2026-08-17T16:50:01,1786960201,13.822803,100.511627,15.6,-0.11,-1.7,-0.7,86.1,86.1,0.0,0.0,0.02,24.9,107,AUTO.LOITER,0,0
2026-08-17T16:50:02,1786960202,13.822803,100.511627,15.6,-0.12,-1.7,-0.7,86.1,86.1,0.0,0.0,0.03,24.9,107,AUTO.LOITER,0,0
2026-08-17T16:50:03,1786960203,13.822803,100.511627,15.6,-0.12,-1.7,-0.7,86.1,86.1,0.0,-0.01,0.04,24.9,107,AUTO.LOITER,0,0
2026-08-17T16:50:04,1786960204,13.822803,100.511627,15.4,-0.12,-1.6,-0.6,86.1,86.1,0.0,-0.01,0.04,24.9,107,AUTO.LOITER,0,0
2026-08-17T16:50:05,1786960205,13.822804,100.511627,15.5,-0.14,-1.6,-0.6,86.1,86.1,-0.01,-0.01,0.05,24.9,107,AUTO.LOITER,0,0
2026-08-17T16:50:06,1786960206,13.822803,100.511627,15.6,-0.14,-1.6,-0.6,86.2,86.2,0.0,-0.01,0.05,24.9,107,AUTO.LOITER,0,0
2026-08-17T16:50:07,1786960207,13.822803,100.511627,15.6,-0.14,-1.6,-0.6,86.2,86.2,-0.01,-0.02,0.06,24.9,107,AUTO.LOITER,0,0
2026-08-17T16:50:08,1786960208,13.822803,100.511626,15.5,-0.15,-1.6,-0.6,86.2,86.2,-0.01,-0.02,0.07,24.9,107,AUTO.LOITER,0,0
2026-08-17T16:50:09,1786960209,13.822803,100.511626,15.5,-0.16,-1.6,-0.7,86.2,86.2,-0.02,0.0,0.07,24.9,108,AUTO.LOITER,0,0
2026-08-17T16:50:10,1786960210,13.822803,100.511627,15.6,-0.15,-1.6,-0.7,86.2,86.2,-0.02,0.0,0.06,24.9,108,AUTO.LOITER,0,0
2026-08-17T16:50:11,1786960211,13.822803,100.511627,15.6,-0.14,-1.6,-0.7,86.2,86.2,-0.01,0.0,0.05,24.9,108,AUTO.LOITER,0,0
2026-08-17T16:50:12,1786960212,13.822803,100.511627,15.6,-0.14,-1.7,-0.7,86.2,86.2,-0.01,0.0,0.05,24.9,108,AUTO.LOITER,0,0
2026-08-17T16:50:13,1786960213,13.822803,100.511626,15.6,-0.14,-1.7,-0.7,86.2,86.2,0.0,-0.01,0.05,24.9,108,AUTO.LOITER,0,0
2026-08-17T16:50:14,1786960214,13.822803,100.511626,15.6,-0.14,-1.7,-0.7,86.2,86.2,0.0,-0.01,0.05,24.9,108,AUTO.LOITER,0,0
2026-08-17T16:50:15,1786960215,13.822803,100.511626,15.6,-0.14,-1.7,-0.7,86.2,86.2,0.0,-0.02,0.05,24.9,108,AUTO.LOITER,0,0
2026-08-17T16:50:16,1786960216,13.822803,100.511626,15.6,-0.14,-1.7,-0.8,86.2,86.2,0.0,-0.01,0.06,24.9,108,AUTO.LOITER,0,0
2026-08-17T16:50:17,1786960217,13.822803,100.511626,15.6,-0.14,-1.6,-0.8,86.2,86.2,0.0,-0.01,0.05,24.9,108,AUTO.LOITER,0,0
2026-08-17T16:50:18,1786960218,13.822803,100.511627,15.6,-0.14,-1.6,-0.8,86.3,86.3,0.0,-0.01,0.05,24.9,108,AUTO.LOITER,0,0
2026-08-17T16:50:19,1786960219,13.822803,100.511627,15.6,-0.14,-1.6,-0.9,86.3,86.3,0.0,-0.01,0.05,24.9,108,AUTO.LOITER,0,0
2026-08-17T16:50:20,1786960220,13.822803,100.511627,15.6,-0.14,-1.6,-0.9,86.3,86.3,0.0,-0.01,0.05,24.9,108,AUTO.LOITER,0,0
2026-08-17T16:50:21,1786960221,13.822803,100.511627,15.6,-0.14,-1.6,-0.9,86.3,86.3,0.0,0.0,0.05,24.9,108,AUTO.LOITER,0,0
2026-08-17T16:50:22,1786960222,13.822803,100.511626,15.6,-0.14,-1.6,-0.9,86.3,86.3,0.01,-0.01,0.06,24.9,108,AUTO.LOITER,0,0
2026-08-17T16:50:23,1786960223,13.822803,100.511627,15.4,-0.14,-1.6,-0.9,86.3,86.3,0.01,-0.01,0.06,24.9,108,AUTO.LOITER,0,0
2026-08-17T16:50:24,1786960224,13.822803,100.511627,15.4,-0.15,-1.6,-1.0,86.3,86.3,0.01,-0.01,0.06,24.9,108,AUTO.LOITER,0,0
2026-08-17T16:50:25,1786960225,13.822803,100.511627,15.4,-0.15,-1.6,-1.0,86.3,86.3,0.01,0.0,0.05,24.9,108,AUTO.LOITER,0,0
2026-08-17T16:50:26,1786960226,13.822803,100.511627,15.6,-0.14,-1.6,-1.0,86.3,86.3,0.0,0.0,0.04,24.9,108,AUTO.LOITER,0,0
2026-08-17T16:50:27,1786960227,13.822803,100.511627,15.6,-0.13,-1.5,-1.0,86.3,86.3,0.0,0.02,0.04,24.9,108,AUTO.LOITER,0,0
2026-08-17T16:50:28,1786960228,13.822803,100.511627,15.6,-0.13,-1.6,-1.0,86.3,86.3,-0.01,0.03,0.04,24.9,108,AUTO.LOITER,0,0
2026-08-17T16:50:29,1786960229,13.822803,100.511627,15.6,-0.13,-1.6,-1.0,86.4,86.4,-0.01,0.03,0.03,24.9,108,AUTO.LOITER,0,0
2026-08-17T16:50:30,1786960230,13.822803,100.511627,15.6,-0.12,-1.6,-1.0,86.4,86.4,0.0,0.01,0.03,24.9,108,AUTO.LOITER,0,0
2026-08-17T16:50:31,1786960231,13.822803,100.511627,15.6,-0.13,-1.6,-1.0,86.4,86.4,0.0,0.01,0.04,24.9,108,AUTO.LOITER,0,0
2026-08-17T16:50:32,1786960232,13.822803,100.511627,15.6,-0.14,-1.6,-1.0,86.4,86.4,0.01,0.01,0.05,24.9,108,AUTO.LOITER,0,0
2026-08-17T16:50:33,1786960233,13.822803,100.511627,15.6,-0.14,-1.6,-1.0,86.3,86.3,0.02,0.0,0.05,24.9,108,AUTO.LOITER,0,0
2026-08-17T16:50:34,1786960234,13.822803,100.511627,15.6,-0.14,-1.5,-1.0,86.3,86.3,0.02,0.0,0.05,24.9,108,AUTO.LOITER,0,0
2026-08-17T16:50:35,1786960235,13.822803,100.511627,15.6,-0.14,-1.5,-1.0,86.3,86.3,0.02,0.0,0.05,24.9,108,AUTO.LOITER,0,0
2026-08-17T16:50:36,1786960236,13.822803,100.511627,15.6,-0.14,-1.5,-1.1,86.3,86.3,0.0,-0.01,0.05,24.9,108,AUTO.LOITER,0,0
2026-08-17T16:50:37,1786960237,13.822803,100.511627,15.6,-0.14,-1.4,-1.1,86.3,86.3,0.0,-0.02,0.05,24.9,108,AUTO.LOITER,0,0
2026-08-17T16:50:38,1786960238,13.822803,100.511627,15.6,-0.13,-1.4,-1.1,86.3,86.3,0.0,-0.03,0.04,24.9,108,AUTO.LOITER,0,0
2026-08-17T16:50:39,1786960239,13.822803,100.511627,15.6,-0.12,-1.4,-1.2,86.3,86.3,-0.01,-0.03,0.03,24.9,108,AUTO.LOITER,0,0
2026-08-17T16:50:40,1786960240,13.822803,100.511627,15.4,-0.12,-1.5,-1.2,86.3,86.3,-0.01,-0.03,0.03,24.9,108,AUTO.LOITER,0,0
2026-08-17T16:50:41,1786960241,13.822803,100.511627,15.4,-0.12,-1.5,-1.2,86.3,86.3,-0.01,-0.03,0.03,24.9,108,AUTO.LOITER,0,0
2026-08-17T16:50:42,1786960242,13.822803,100.511626,15.6,-0.11,-1.5,-1.3,86.3,86.3,-0.03,-0.01,0.02,24.9,108,AUTO.LOITER,0,0
2026-08-17T16:50:43,1786960243,13.822803,100.511627,15.4,-0.11,-1.6,-1.3,86.2,86.2,-0.03,-0.01,0.02,24.9,108,AUTO.LOITER,0,0
2026-08-17T16:50:44,1786960244,13.822803,100.511627,15.4,-0.12,-1.6,-1.4,86.2,86.2,-0.02,0.0,0.04,24.9,108,AUTO.LOITER,0,0
2026-08-17T16:50:45,1786960245,13.822803,100.511627,15.4,-0.13,-1.6,-1.4,86.2,86.2,-0.01,0.0,0.05,24.9,108,AUTO.LOITER,0,0
2026-08-17T16:50:46,1786960246,13.822803,100.511627,15.6,-0.14,-1.6,-1.4,86.2,86.2,0.0,0.01,0.06,24.9,108,AUTO.LOITER,0,0
2026-08-17T16:50:47,1786960247,13.822803,100.511627,15.6,-0.15,-1.7,-1.4,86.2,86.2,0.0,0.02,0.06,24.9,108,AUTO.LOITER,0,0
2026-08-17T16:50:48,1786960248,13.822803,100.511627,15.5,-0.15,-1.6,-1.4,86.2,86.2,0.0,0.02,0.07,24.9,108,AUTO.LOITER,0,0
2026-08-17T16:50:49,1786960249,13.822803,100.511627,15.5,-0.15,-1.6,-1.4,86.2,86.2,0.0,0.02,0.07,24.9,108,AUTO.LOITER,0,0
2026-08-17T16:50:50,1786960250,13.822803,100.511627,15.5,-0.17,-1.7,-1.4,86.2,86.2,0.01,0.02,0.09,24.9,108,AUTO.LOITER,0,0
2026-08-17T16:50:51,1786960251,13.822803,100.511627,15.5,-0.17,-1.6,-1.4,86.2,86.2,0.01,0.01,0.09,24.9,108,AUTO.LOITER,0,0
2026-08-17T16:50:52,1786960252,13.822803,100.511627,15.5,-0.17,-1.6,-1.4,86.2,86.2,0.0,0.01,0.09,24.9,108,AUTO.LOITER,0,0
2026-08-17T16:50:53,1786960253,13.822803,100.511627,15.5,-0.17,-1.6,-1.4,86.2,86.2,0.0,0.0,0.09,24.9,108,AUTO.LOITER,0,0
2026-08-17T16:50:54,1786960254,13.822803,100.511627,15.5,-0.17,-1.6,-1.4,86.2,86.2,0.0,0.0,0.09,24.9,108,AUTO.LOITER,0,0
2026-08-17T16:50:55,1786960255,13.822803,100.511627,15.5,-0.17,-1.6,-1.4,86.2,86.2,0.0,0.01,0.08,24.9,108,AUTO.LOITER,0,0
2026-08-17T16:50:56,1786960256,13.822803,100.511627,15.5,-0.17,-1.6,-1.4,86.2,86.2,0.0,0.0,0.09,24.9,108,AUTO.LOITER,0,0
2026-08-17T16:50:57,1786960257,13.822803,100.511627,15.5,-0.17,-1.6,-1.4,86.2,86.2,-0.01,0.0,0.1,24.9,108,AUTO.LOITER,0,0
2026-08-17T16:50:58,1786960258,13.822803,100.511627,15.5,-0.18,-1.6,-1.4,86.2,86.2,-0.02,0.0,0.11,24.9,108,AUTO.LOITER,0,0
2026-08-17T16:50:59,1786960259,13.822803,100.511626,15.5,-0.19,-1.6,-1.4,86.2,86.2,-0.01,-0.01,0.12,24.9,108,AUTO.LOITER,0,0
2026-08-17T16:51:00,1786960260,13.822803,100.511627,15.4,-0.19,-1.6,-1.4,86.2,86.2,-0.01,-0.01,0.12,24.9,108,AUTO.LOITER,0,0
2026-08-17T16:51:01,1786960261,13.822803,100.511626,15.5,-0.19,-1.7,-1.4,86.2,86.2,-0.01,-0.01,0.11,24.9,108,AUTO.LOITER,0,0
2026-08-17T16:51:02,1786960262,13.822803,100.511627,15.5,-0.19,-1.7,-1.4,86.2,86.2,0.0,0.0,0.11,24.9,108,AUTO.LOITER,0,0
2026-08-17T16:51:03,1786960263,13.822803,100.511627,15.5,-0.19,-1.7,-1.4,86.2,86.2,0.01,0.0,0.11,24.9,108,AUTO.LOITER,0,0
2026-08-17T16:51:04,1786960264,13.822803,100.511627,15.5,-0.19,-1.7,-1.4,86.3,86.3,0.0,0.01,0.11,24.9,108,AUTO.LOITER,0,0
2026-08-17T16:51:05,1786960265,13.822803,100.511627,15.4,-0.19,-1.7,-1.4,86.3,86.3,0.0,0.01,0.11,24.9,108,AUTO.LOITER,0,0
2026-08-17T16:51:06,1786960266,13.822803,100.511627,15.4,-0.19,-1.7,-1.4,86.3,86.3,0.0,0.01,0.11,24.9,108,AUTO.LOITER,0,0
2026-08-17T16:51:07,1786960267,13.822803,100.511627,15.5,-0.2,-1.7,-1.4,86.3,86.3,-0.02,0.0,0.12,24.9,108,AUTO.LOITER,0,0
2026-08-17T16:51:08,1786960268,13.822803,100.511627,15.5,-0.2,-1.7,-1.4,86.3,86.3,-0.03,-0.01,0.13,24.9,108,AUTO.LOITER,0,0
2026-08-17T16:51:09,1786960269,13.822803,100.511627,15.5,-0.2,-1.8,-1.4,86.3,86.3,-0.01,0.0,0.13,24.9,108,AUTO.LOITER,0,0
2026-08-17T16:51:10,1786960270,13.822803,100.511627,15.5,-0.2,-1.8,-1.4,86.3,86.3,0.0,0.0,0.13,24.9,108,AUTO.LOITER,0,0
2026-08-17T16:51:11,1786960271,13.822803,100.511627,15.5,-0.21,-1.8,-1.4,86.3,86.3,0.0,-0.01,0.14,24.9,108,AUTO.LOITER,0,0
2026-08-17T16:51:12,1786960272,13.822803,100.511626,15.5,-0.21,-1.8,-1.4,86.3,86.3,0.0,-0.01,0.14,24.9,108,AUTO.LOITER,0,0
2026-08-17T16:51:13,1786960273,13.822803,100.511627,15.5,-0.21,-1.8,-1.4,86.3,86.3,0.01,0.0,0.14,24.9,108,AUTO.LOITER,0,0
2026-08-17T16:51:14,1786960274,13.822803,100.511627,15.5,-0.21,-1.8,-1.4,86.3,86.3,0.02,0.0,0.15,24.9,108,AUTO.LOITER,0,0
2026-08-17T16:51:15,1786960275,13.822803,100.511627,15.5,-0.22,-1.8,-1.4,86.3,86.3,0.01,-0.01,0.15,24.9,108,AUTO.LOITER,0,0
2026-08-17T16:51:16,1786960276,13.822803,100.511627,15.5,-0.22,-1.7,-1.4,86.3,86.3,0.0,-0.01,0.15,24.9,108,AUTO.LOITER,0,0
2026-08-17T16:51:17,1786960277,13.822803,100.511627,15.4,-0.22,-1.8,-1.4,86.3,86.3,0.0,-0.01,0.15,24.9,108,AUTO.LOITER,0,0
2026-08-17T16:51:18,1786960278,13.822803,100.511627,15.5,-0.22,-1.7,-1.5,86.3,86.3,0.0,-0.01,0.16,24.9,108,AUTO.LOITER,0,0
2026-08-17T16:51:19,1786960279,13.822803,100.511627,15.5,-0.22,-1.7,-1.5,86.3,86.3,0.0,-0.01,0.16,24.9,108,AUTO.LOITER,0,0
2026-08-17T16:51:20,1786960280,13.822803,100.511626,15.5,-0.23,-1.7,-1.5,86.3,86.3,0.0,-0.02,0.16,24.9,108,AUTO.LOITER,0,0
2026-08-17T16:51:21,1786960281,13.822803,100.511626,15.5,-0.23,-1.7,-1.5,86.3,86.3,0.0,-0.01,0.15,24.9,108,AUTO.LOITER,0,0
2026-08-17T16:51:22,1786960282,13.822803,100.511627,15.5,-0.22,-1.7,-1.6,86.3,86.3,-0.01,0.01,0.15,24.9,108,AUTO.LOITER,0,0
2026-08-17T16:51:23,1786960283,13.822803,100.511627,15.5,-0.21,-1.7,-1.6,86.3,86.3,-0.01,0.01,0.13,24.9,108,AUTO.LOITER,0,0
2026-08-17T16:51:24,1786960284,13.822803,100.511627,15.5,-0.2,-1.7,-1.6,86.3,86.3,0.0,0.0,0.12,24.9,108,AUTO.LOITER,0,0
2026-08-17T16:51:25,1786960285,13.822803,100.511627,15.5,-0.19,-1.7,-1.6,86.3,86.3,0.0,0.0,0.11,24.9,108,AUTO.LOITER,0,0
2026-08-17T16:51:26,1786960286,13.822803,100.511627,15.5,-0.19,-1.7,-1.6,86.3,86.3,0.0,0.0,0.11,24.9,108,AUTO.LOITER,0,0
2026-08-17T16:51:27,1786960287,13.822803,100.511627,15.5,-0.19,-1.7,-1.6,86.3,86.3,0.0,0.01,0.11,24.9,108,AUTO.LOITER,0,0
2026-08-17T16:51:28,1786960288,13.822803,100.511627,15.5,-0.19,-1.7,-1.6,86.3,86.3,0.0,0.01,0.11,24.9,108,AUTO.LOITER,0,0
2026-08-17T16:51:29,1786960289,13.822803,100.511627,15.5,-0.18,-1.7,-1.6,86.3,86.3,0.01,0.01,0.11,24.9,108,AUTO.LOITER,0,0
2026-08-17T16:51:30,1786960290,13.822803,100.511627,15.5,-0.18,-1.7,-1.6,86.3,86.3,0.01,0.0,0.11,24.9,108,AUTO.LOITER,0,0
2026-08-17T16:51:31,1786960291,13.822804,100.511627,15.4,-0.18,-1.7,-1.6,86.3,86.3,0.01,0.0,0.11,24.9,108,AUTO.LOITER,0,0
2026-08-17T16:51:32,1786960292,13.822803,100.511627,15.4,-0.19,-1.6,-1.6,86.3,86.3,0.0,0.0,0.11,24.9,108,AUTO.LOITER,0,0
2026-08-17T16:51:33,1786960293,13.822803,100.511627,15.5,-0.19,-1.6,-1.6,86.3,86.3,-0.01,0.0,0.12,24.9,108,AUTO.LOITER,0,0
2026-08-17T16:51:34,1786960294,13.822803,100.511627,15.5,-0.2,-1.7,-1.6,86.3,86.3,-0.01,0.0,0.13,24.9,108,AUTO.LOITER,0,0
2026-08-17T16:51:35,1786960295,13.822803,100.511627,15.5,-0.2,-1.7,-1.7,86.3,86.3,0.0,0.0,0.12,24.9,108,AUTO.LOITER,0,0
2026-08-17T16:51:36,1786960296,13.822803,100.511627,15.5,-0.19,-1.7,-1.7,86.3,86.3,0.0,0.0,0.11,24.9,108,AUTO.LOITER,0,0
2026-08-17T16:51:37,1786960297,13.822803,100.511627,15.5,-0.19,-1.7,-1.7,86.3,86.3,0.01,0.0,0.11,24.9,108,AUTO.LOITER,0,0
2026-08-17T16:51:38,1786960298,13.822803,100.511627,15.5,-0.19,-1.7,-1.7,86.3,86.3,0.02,0.0,0.11,24.9,108,AUTO.LOITER,0,0
2026-08-17T16:51:39,1786960299,13.822803,100.511627,15.5,-0.19,-1.6,-1.7,86.3,86.3,0.0,-0.01,0.11,24.9,108,AUTO.LOITER,0,0
2026-08-17T16:51:40,1786960300,13.822803,100.511627,15.5,-0.18,-1.6,-1.7,86.3,86.3,-0.01,-0.02,0.11,24.9,108,AUTO.LOITER,0,0
2026-08-17T16:51:41,1786960301,13.822803,100.511626,15.5,-0.19,-1.6,-1.8,86.3,86.3,0.0,-0.04,0.11,24.9,108,AUTO.LOITER,0,0
2026-08-17T16:51:42,1786960302,13.822803,100.511626,15.5,-0.19,-1.6,-1.9,86.3,86.3,0.0,-0.02,0.12,24.9,108,AUTO.LOITER,0,0
2026-08-17T16:51:43,1786960303,13.822803,100.511627,15.5,-0.2,-1.6,-1.9,86.3,86.3,0.01,-0.01,0.12,24.9,108,AUTO.LOITER,0,0
2026-08-17T16:51:44,1786960304,13.822804,100.511627,15.5,-0.2,-1.6,-1.9,86.3,86.3,0.03,0.0,0.12,24.9,108,AUTO.LOITER,0,0
2026-08-17T16:51:45,1786960305,13.822803,100.511627,15.5,-0.19,-1.5,-1.9,86.3,86.3,0.02,0.01,0.11,24.9,108,AUTO.LOITER,0,0
2026-08-17T16:51:46,1786960306,13.822803,100.511627,15.5,-0.18,-1.5,-1.9,86.3,86.3,0.0,0.0,0.09,24.9,108,AUTO.LOITER,0,0
2026-08-17T16:51:47,1786960307,13.822803,100.511627,15.5,-0.17,-1.5,-1.9,86.3,86.3,0.0,0.0,0.08,24.9,108,AUTO.LOITER,0,0
2026-08-17T16:51:48,1786960308,13.822803,100.511627,15.5,-0.16,-1.5,-1.9,86.3,86.3,0.0,0.0,0.08,24.9,108,AUTO.LOITER,0,0
2026-08-17T16:51:49,1786960309,13.822803,100.511627,15.4,-0.16,-1.5,-1.9,86.3,86.3,0.0,0.0,0.08,24.9,108,AUTO.LOITER,0,0
2026-08-17T16:51:50,1786960310,13.822803,100.511627,15.5,-0.16,-1.5,-2.0,86.3,86.3,0.0,0.0,0.08,24.9,108,AUTO.LOITER,0,0
2026-08-17T16:51:51,1786960311,13.822803,100.511627,15.5,-0.17,-1.5,-2.0,86.3,86.3,0.0,0.0,0.09,24.9,108,AUTO.LOITER,0,0
2026-08-17T16:51:52,1786960312,13.822803,100.511627,15.5,-0.18,-1.5,-2.0,86.3,86.3,0.0,0.0,0.1,24.9,108,AUTO.LOITER,0,0
2026-08-17T16:51:53,1786960313,13.822803,100.511627,15.5,-0.18,-1.4,-2.0,86.3,86.3,0.0,0.0,0.09,24.9,108,AUTO.LOITER,0,0
2026-08-17T16:51:54,1786960314,13.822803,100.511627,15.5,-0.17,-1.4,-2.0,86.3,86.3,0.0,0.0,0.08,24.9,108,AUTO.LOITER,0,0
2026-08-17T16:51:55,1786960315,13.822803,100.511627,15.5,-0.17,-1.4,-2.0,86.3,86.3,0.0,0.0,0.08,24.9,108,AUTO.LOITER,0,0
2026-08-17T16:51:56,1786960316,13.822803,100.511627,15.5,-0.15,-1.4,-2.0,86.3,86.3,0.0,-0.01,0.07,24.9,108,AUTO.LOITER,0,0
2026-08-17T16:51:57,1786960317,13.822803,100.511627,15.5,-0.16,-1.4,-2.1,86.3,86.3,-0.01,-0.01,0.08,24.9,108,AUTO.LOITER,0,0
2026-08-17T16:51:58,1786960318,13.822803,100.511627,15.5,-0.17,-1.4,-2.1,86.3,86.3,0.0,-0.01,0.09,24.9,108,AUTO.LOITER,0,0
2026-08-17T16:51:59,1786960319,13.822803,100.511627,15.5,-0.17,-1.4,-2.2,86.3,86.3,0.0,-0.01,0.1,24.9,108,AUTO.LOITER,0,0
2026-08-17T16:52:00,1786960320,13.822803,100.511627,15.5,-0.18,-1.4,-2.2,86.2,86.2,-0.01,-0.01,0.1,24.9,108,AUTO.LOITER,0,0
2026-08-17T16:52:01,1786960321,13.822803,100.511627,15.5,-0.18,-1.4,-2.2,86.2,86.2,-0.01,-0.01,0.1,24.9,108,AUTO.LOITER,0,0
2026-08-17T16:52:02,1786960322,13.822803,100.511627,15.5,-0.17,-1.4,-2.3,86.2,86.2,-0.02,0.0,0.09,24.9,108,AUTO.LOITER,0,0
2026-08-17T16:52:03,1786960323,13.822803,100.511627,15.5,-0.17,-1.5,-2.3,86.2,86.2,-0.02,0.0,0.09,24.9,108,AUTO.LOITER,0,0
2026-08-17T16:52:04,1786960324,13.822803,100.511627,15.4,-0.17,-1.5,-2.3,86.2,86.2,-0.02,0.0,0.09,24.9,108,AUTO.LOITER,0,0
2026-08-17T16:52:05,1786960325,13.822803,100.511627,15.4,-0.17,-1.5,-2.3,86.2,86.2,-0.02,0.0,0.09,24.9,108,AUTO.LOITER,0,0
2026-08-17T16:52:06,1786960326,13.822803,100.511627,15.4,-0.17,-1.5,-2.4,86.2,86.2,-0.02,0.0,0.09,24.9,108,AUTO.LOITER,0,0
2026-08-17T16:52:07,1786960327,13.822804,100.511627,15.4,-0.17,-1.5,-2.4,86.2,86.2,-0.01,0.0,0.09,24.9,108,AUTO.LOITER,0,0
2026-08-17T16:52:08,1786960328,13.822803,100.511627,15.5,-0.18,-1.6,-2.4,86.2,86.2,0.0,0.0,0.1,24.9,108,AUTO.LOITER,0,0
2026-08-17T16:52:09,1786960329,13.822803,100.511627,15.5,-0.18,-1.6,-2.5,86.2,86.2,0.0,0.01,0.1,24.9,108,AUTO.LOITER,0,0
2026-08-17T16:52:10,1786960330,13.822803,100.511627,15.5,-0.18,-1.6,-2.5,86.2,86.2,0.02,0.02,0.1,24.9,108,AUTO.LOITER,0,0
2026-08-17T16:52:11,1786960331,13.822803,100.511627,15.5,-0.19,-1.5,-2.5,86.2,86.2,0.02,0.01,0.12,24.9,108,AUTO.LOITER,0,0
2026-08-17T16:52:12,1786960332,13.822803,100.511627,15.5,-0.2,-1.5,-2.5,86.2,86.2,0.02,0.0,0.13,24.9,108,AUTO.LOITER,0,0
2026-08-17T16:52:13,1786960333,13.822803,100.511627,15.5,-0.2,-1.5,-2.5,86.2,86.2,0.01,0.0,0.13,24.9,108,AUTO.LOITER,0,0
2026-08-17T16:52:14,1786960334,13.822803,100.511627,15.5,-0.2,-1.5,-2.5,86.2,86.2,0.01,0.0,0.13,24.9,108,AUTO.LOITER,0,0
2026-08-17T16:52:15,1786960335,13.822803,100.511627,15.5,-0.21,-1.5,-2.5,86.2,86.2,0.0,-0.01,0.13,24.9,108,AUTO.LOITER,0,0
2026-08-17T16:52:16,1786960336,13.822803,100.511627,15.5,-0.2,-1.5,-2.6,86.2,86.2,0.0,-0.01,0.13,24.9,108,AUTO.LOITER,0,0
2026-08-17T16:52:17,1786960337,13.822803,100.511627,15.5,-0.2,-1.4,-2.6,86.2,86.2,-0.01,-0.02,0.12,24.9,108,AUTO.LOITER,0,0
2026-08-17T16:52:18,1786960338,13.822803,100.511627,15.5,-0.19,-1.4,-2.6,86.2,86.2,-0.01,-0.02,0.11,24.9,108,AUTO.LOITER,0,0
2026-08-17T16:52:19,1786960339,13.822804,100.511627,15.4,-0.19,-1.4,-2.7,86.2,86.2,-0.01,-0.02,0.11,24.9,108,AUTO.LOITER,0,0
2026-08-17T16:52:20,1786960340,13.822803,100.511627,15.5,-0.19,-1.4,-2.7,86.2,86.2,0.0,0.0,0.11,24.9,108,AUTO.LOITER,0,0
2026-08-17T16:52:21,1786960341,13.822803,100.511627,15.5,-0.19,-1.4,-2.7,86.2,86.2,0.01,0.01,0.1,24.9,108,AUTO.LOITER,0,0
2026-08-17T16:52:22,1786960342,13.822803,100.511627,15.3,-0.19,-1.4,-2.8,86.2,86.2,0.01,0.01,0.1,24.9,108,AUTO.LOITER,0,0
2026-08-17T16:52:23,1786960343,13.822803,100.511627,15.4,-0.18,-1.4,-2.8,86.2,86.2,0.02,0.01,0.1,24.9,108,AUTO.LOITER,0,0
2026-08-17T16:52:24,1786960344,13.822803,100.511626,15.5,-0.18,-1.4,-2.8,86.2,86.2,0.02,0.02,0.1,24.9,108,AUTO.LOITER,0,0
2026-08-17T16:52:25,1786960345,13.822803,100.511627,15.5,-0.18,-1.4,-2.7,86.2,86.2,0.02,0.01,0.09,24.9,108,AUTO.LOITER,0,0
2026-08-17T16:52:26,1786960346,13.822803,100.511627,15.5,-0.17,-1.4,-2.7,86.1,86.1,0.0,0.0,0.09,24.9,108,AUTO.LOITER,0,0
2026-08-17T16:52:27,1786960347,13.822803,100.511627,15.5,-0.17,-1.4,-2.7,86.1,86.1,0.0,0.0,0.08,24.9,108,AUTO.LOITER,0,0
2026-08-17T16:52:28,1786960348,13.822803,100.511627,15.5,-0.17,-1.4,-2.8,86.1,86.1,0.0,0.01,0.08,24.9,108,AUTO.LOITER,0,0
2026-08-17T16:52:29,1786960349,13.822803,100.511627,15.5,-0.16,-1.4,-2.7,86.1,86.1,0.0,0.02,0.08,24.9,108,AUTO.LOITER,0,0
2026-08-17T16:52:30,1786960350,13.822803,100.511627,15.5,-0.16,-1.4,-2.7,86.1,86.1,0.0,0.01,0.07,24.9,108,AUTO.LOITER,0,0
2026-08-17T16:52:31,1786960351,13.822803,100.511627,15.5,-0.16,-1.4,-2.7,86.1,86.1,0.0,0.01,0.07,24.9,108,AUTO.LOITER,0,0
2026-08-17T16:52:32,1786960352,13.822803,100.511627,15.5,-0.15,-1.4,-2.7,86.1,86.1,0.01,0.02,0.07,24.9,108,AUTO.LOITER,0,0
2026-08-17T16:52:33,1786960353,13.822803,100.511627,15.5,-0.15,-1.3,-2.6,86.1,86.1,0.0,0.02,0.07,24.9,108,AUTO.LOITER,0,0
2026-08-17T16:52:34,1786960354,13.822803,100.511627,15.5,-0.15,-1.3,-2.6,86.1,86.1,0.0,0.01,0.07,24.9,108,AUTO.LOITER,0,0
2026-08-17T16:52:35,1786960355,13.822803,100.511627,15.5,-0.16,-1.3,-2.6,86.1,86.1,0.0,0.01,0.08,24.9,108,AUTO.LOITER,0,0
2026-08-17T16:52:36,1786960356,13.822803,100.511627,15.5,-0.16,-1.3,-2.6,86.1,86.1,-0.02,0.01,0.08,24.9,108,AUTO.LOITER,0,0
2026-08-17T16:52:37,1786960357,13.822803,100.511627,15.5,-0.17,-1.3,-2.6,86.1,86.1,-0.02,0.0,0.08,24.9,108,AUTO.LOITER,0,0
2026-08-17T16:52:38,1786960358,13.822803,100.511627,15.5,-0.17,-1.3,-2.6,86.1,86.1,-0.01,0.0,0.08,24.9,108,AUTO.LOITER,0,0
2026-08-17T16:52:39,1786960359,13.822803,100.511627,15.5,-0.16,-1.3,-2.6,86.1,86.1,0.0,0.0,0.07,24.9,108,AUTO.LOITER,0,0
2026-08-17T16:52:40,1786960360,13.822803,100.511627,15.5,-0.16,-1.3,-2.6,86.1,86.1,0.0,0.0,0.07,24.9,108,AUTO.LOITER,0,0
2026-08-17T16:52:41,1786960361,13.822803,100.511627,15.4,-0.16,-1.3,-2.6,86.1,86.1,0.0,-0.01,0.07,24.9,108,AUTO.LOITER,0,0
2026-08-17T16:52:42,1786960362,13.822803,100.511627,15.4,-0.16,-1.3,-2.6,86.1,86.1,0.0,-0.01,0.07,24.9,108,AUTO.LOITER,0,0
2026-08-17T16:52:43,1786960363,13.822803,100.511627,15.5,-0.16,-1.3,-2.6,86.1,86.1,0.01,0.0,0.07,24.9,108,AUTO.LOITER,0,0
2026-08-17T16:52:44,1786960364,13.822803,100.511627,15.5,-0.16,-1.3,-2.6,86.1,86.1,0.0,0.01,0.08,24.9,108,AUTO.LOITER,0,0
2026-08-17T16:52:45,1786960365,13.822803,100.511626,15.5,-0.16,-1.3,-2.6,86.1,86.1,0.0,0.01,0.08,24.9,108,AUTO.LOITER,0,0
2026-08-17T16:52:46,1786960366,13.822803,100.511626,15.4,-0.16,-1.3,-2.6,86.0,86.0,0.0,0.01,0.08,24.9,108,AUTO.LOITER,0,0
2026-08-17T16:52:47,1786960367,13.822803,100.511626,15.5,-0.18,-1.3,-2.6,86.0,86.0,0.0,-0.02,0.1,24.9,108,AUTO.LOITER,0,0
2026-08-17T16:52:48,1786960368,13.822803,100.511626,15.5,-0.18,-1.2,-2.6,86.0,86.0,0.0,-0.02,0.1,24.9,108,AUTO.LOITER,0,0
2026-08-17T16:52:49,1786960369,13.822803,100.511627,15.5,-0.17,-1.2,-2.6,86.0,86.0,-0.02,0.0,0.08,24.9,108,AUTO.LOITER,0,0
2026-08-17T16:52:50,1786960370,13.822803,100.511627,15.5,-0.17,-1.2,-2.7,86.0,86.0,-0.02,0.0,0.08,24.9,108,AUTO.LOITER,0,0
2026-08-17T16:52:51,1786960371,13.822803,100.511627,15.5,-0.16,-1.2,-2.7,86.0,86.0,-0.02,-0.01,0.08,24.9,108,AUTO.LOITER,0,0
2026-08-17T16:52:52,1786960372,13.822803,100.511627,15.5,-0.17,-1.2,-2.7,86.0,86.0,-0.02,-0.02,0.09,24.9,108,AUTO.LOITER,0,0
2026-08-17T16:52:53,1786960373,13.822803,100.511626,15.5,-0.17,-1.2,-2.7,86.0,86.0,-0.02,-0.01,0.09,24.9,108,AUTO.LOITER,0,0
2026-08-17T16:52:54,1786960374,13.822803,100.511627,15.5,-0.18,-1.3,-2.7,86.1,86.1,0.0,0.0,0.1,24.9,108,AUTO.LOITER,0,0
2026-08-17T16:52:55,1786960375,13.822803,100.511627,15.5,-0.18,-1.3,-2.7,86.0,86.0,0.0,0.0,0.1,24.9,108,AUTO.LOITER,0,0
2026-08-17T16:52:56,1786960376,13.822803,100.511627,15.5,-0.18,-1.3,-2.7,86.0,86.0,0.01,0.0,0.1,24.9,108,AUTO.LOITER,0,0
2026-08-17T16:52:57,1786960377,13.822803,100.511627,15.4,-0.18,-1.3,-2.7,86.0,86.0,0.01,0.0,0.1,24.9,108,AUTO.LOITER,0,0
2026-08-17T16:52:58,1786960378,13.822803,100.511627,15.4,-0.18,-1.2,-2.7,86.1,86.1,0.0,0.01,0.09,24.9,108,AUTO.LOITER,0,0
2026-08-17T16:52:59,1786960379,13.822803,100.511627,15.5,-0.18,-1.2,-2.7,86.1,86.1,0.0,0.01,0.1,24.9,108,AUTO.LOITER,0,0
2026-08-17T16:53:00,1786960380,13.822803,100.511627,15.5,-0.18,-1.2,-2.7,86.1,86.1,0.0,0.0,0.11,24.9,108,AUTO.LOITER,0,0
2026-08-17T16:53:01,1786960381,13.822803,100.511627,15.5,-0.19,-1.2,-2.7,86.1,86.1,0.0,-0.01,0.11,24.9,108,AUTO.LOITER,0,0
2026-08-17T16:53:02,1786960382,13.822803,100.511627,15.5,-0.19,-1.2,-2.7,86.1,86.1,-0.01,-0.02,0.11,24.9,108,AUTO.LOITER,0,0
2026-08-17T16:53:03,1786960383,13.822803,100.511627,15.5,-0.19,-1.2,-2.8,86.1,86.1,-0.02,-0.02,0.11,24.9,108,AUTO.LOITER,0,0
2026-08-17T16:53:04,1786960384,13.822803,100.511626,15.5,-0.19,-1.2,-2.8,86.1,86.1,-0.02,-0.02,0.11,24.9,108,AUTO.LOITER,0,0
2026-08-17T16:53:05,1786960385,13.822803,100.511626,15.5,-0.19,-1.3,-2.8,86.1,86.1,0.0,-0.01,0.12,24.9,108,AUTO.LOITER,0,0
2026-08-17T16:53:06,1786960386,13.822803,100.511627,15.5,-0.2,-1.3,-2.8,86.1,86.1,0.0,0.0,0.12,24.9,108,AUTO.LOITER,0,0
2026-08-17T16:53:07,1786960387,13.822803,100.511627,15.5,-0.2,-1.3,-2.8,86.1,86.1,0.0,0.01,0.12,24.9,108,AUTO.LOITER,0,0
2026-08-17T16:53:08,1786960388,13.822803,100.511627,15.5,-0.19,-1.2,-2.8,86.1,86.1,0.0,0.0,0.11,24.9,108,AUTO.LOITER,0,0
2026-08-17T16:53:09,1786960389,13.822803,100.511627,15.4,-0.19,-1.2,-2.8,86.1,86.1,0.0,0.0,0.11,24.9,108,AUTO.LOITER,0,0
2026-08-17T16:53:10,1786960390,13.822803,100.511627,15.4,-0.19,-1.2,-2.9,86.2,86.2,0.0,0.0,0.11,24.9,108,AUTO.LOITER,0,0
2026-08-17T16:53:11,1786960391,13.822803,100.511627,15.5,-0.18,-1.2,-2.8,86.2,86.2,0.0,0.02,0.1,24.9,108,AUTO.LOITER,0,0
2026-08-17T16:53:12,1786960392,13.822803,100.511627,15.5,-0.18,-1.2,-2.8,86.2,86.2,0.0,0.03,0.11,24.9,108,AUTO.LOITER,0,0
2026-08-17T16:53:13,1786960393,13.822803,100.511627,15.5,-0.19,-1.2,-2.8,86.2,86.2,0.0,0.01,0.12,24.9,108,AUTO.LOITER,0,0
2026-08-17T16:53:14,1786960394,13.822803,100.511627,15.4,-0.19,-1.2,-2.8,86.2,86.2,0.0,0.01,0.12,24.9,108,AUTO.LOITER,0,0
2026-08-17T16:53:15,1786960395,13.822803,100.511627,15.4,-0.2,-1.2,-2.8,86.2,86.2,0.0,0.01,0.13,24.9,108,AUTO.LOITER,0,0
2026-08-17T16:53:16,1786960396,13.822803,100.511627,15.3,-0.21,-1.2,-2.8,86.2,86.2,0.0,0.0,0.13,24.9,108,AUTO.LOITER,0,0
2026-08-17T16:53:17,1786960397,13.822803,100.511627,15.5,-0.21,-1.2,-2.8,86.2,86.2,0.0,-0.01,0.13,24.9,108,AUTO.LOITER,0,0
2026-08-17T16:53:18,1786960398,13.822803,100.511627,15.5,-0.2,-1.2,-2.8,86.2,86.2,0.0,-0.01,0.12,24.9,108,AUTO.LOITER,0,0
2026-08-17T16:53:19,1786960399,13.822803,100.511627,15.5,-0.2,-1.2,-2.8,86.2,86.2,0.0,-0.01,0.12,24.9,108,AUTO.LOITER,0,0
2026-08-17T16:53:20,1786960400,13.822803,100.511627,15.5,-0.2,-1.1,-2.8,86.2,86.2,0.0,0.0,0.12,24.9,108,AUTO.LOITER,0,0
2026-08-17T16:53:21,1786960401,13.822803,100.511627,15.5,-0.2,-1.1,-2.8,86.2,86.2,0.0,0.0,0.13,24.9,108,AUTO.LOITER,0,0
2026-08-17T16:53:22,1786960402,13.822803,100.511627,15.5,-0.2,-1.1,-2.9,86.2,86.2,0.0,0.02,0.13,24.9,108,AUTO.LOITER,0,0
2026-08-17T16:53:23,1786960403,13.822803,100.511627,15.5,-0.21,-1.1,-2.8,86.2,86.2,0.02,0.0,0.13,24.9,108,AUTO.LOITER,0,0
2026-08-17T16:53:24,1786960404,13.822803,100.511627,15.5,-0.21,-1.1,-2.8,86.2,86.2,0.02,0.0,0.14,24.9,108,AUTO.LOITER,0,0
2026-08-17T16:53:25,1786960405,13.822803,100.511627,15.5,-0.21,-1.0,-2.8,86.2,86.2,0.01,-0.01,0.14,24.9,108,AUTO.LOITER,0,0
2026-08-17T16:53:26,1786960406,13.822803,100.511627,15.5,-0.21,-1.0,-2.9,86.2,86.2,0.0,0.0,0.14,24.9,108,AUTO.LOITER,0,0
2026-08-17T16:53:27,1786960407,13.822803,100.511627,15.5,-0.21,-1.0,-2.9,86.2,86.2,0.0,0.01,0.14,24.9,108,AUTO.LOITER,0,0
2026-08-17T16:53:28,1786960408,13.822803,100.511627,15.5,-0.21,-1.0,-2.9,86.2,86.2,0.0,0.0,0.14,24.9,108,AUTO.LOITER,0,0
2026-08-17T16:53:29,1786960409,13.822803,100.511627,15.5,-0.21,-1.0,-2.9,86.2,86.2,-0.01,-0.01,0.14,24.9,108,AUTO.LOITER,0,0
2026-08-17T16:53:30,1786960410,13.822803,100.511627,15.5,-0.21,-0.9,-2.9,86.2,86.2,-0.02,0.0,0.13,24.9,108,AUTO.LOITER,0,0
2026-08-17T16:53:31,1786960411,13.822803,100.511627,15.4,-0.21,-0.9,-2.9,86.2,86.2,-0.02,0.0,0.13,24.9,108,AUTO.LOITER,0,0
2026-08-17T16:53:32,1786960412,13.822803,100.511627,15.5,-0.21,-1.0,-2.9,86.3,86.3,-0.01,0.0,0.13,24.9,108,AUTO.LOITER,0,0
2026-08-17T16:53:33,1786960413,13.822803,100.511627,15.5,-0.2,-1.0,-2.9,86.3,86.3,-0.01,0.02,0.12,24.9,108,AUTO.LOITER,0,0
2026-08-17T16:53:34,1786960414,13.822803,100.511627,15.5,-0.2,-1.0,-2.9,86.3,86.3,-0.02,0.01,0.12,24.9,108,AUTO.LOITER,0,0
2026-08-17T16:53:35,1786960415,13.822803,100.511627,15.5,-0.2,-1.0,-2.9,86.3,86.3,-0.02,0.0,0.12,24.9,108,AUTO.LOITER,0,0
2026-08-17T16:53:36,1786960416,13.822803,100.511627,15.5,-0.2,-1.0,-2.9,86.3,86.3,-0.02,0.0,0.12,24.9,108,AUTO.LOITER,0,0
2026-08-17T16:53:37,1786960417,13.822803,100.511627,15.5,-0.21,-1.0,-2.9,86.3,86.3,-0.01,-0.02,0.13,24.9,108,AUTO.LOITER,0,0
2026-08-17T16:53:38,1786960418,13.822803,100.511627,15.5,-0.21,-1.0,-2.9,86.3,86.3,0.0,-0.02,0.14,24.9,108,AUTO.LOITER,0,0
2026-08-17T16:53:39,1786960419,13.822803,100.511627,15.5,-0.22,-1.0,-2.9,86.4,86.4,0.0,-0.01,0.14,24.9,108,AUTO.LOITER,0,0
2026-08-17T16:53:40,1786960420,13.822803,100.511627,15.5,-0.22,-1.0,-2.9,86.4,86.4,0.01,0.0,0.14,24.9,108,AUTO.LOITER,0,0
2026-08-17T16:53:41,1786960421,13.822803,100.511627,15.5,-0.22,-1.0,-2.9,86.4,86.4,0.01,0.0,0.14,24.9,108,AUTO.LOITER,0,0
2026-08-17T16:53:42,1786960422,13.822803,100.511627,15.5,-0.21,-0.9,-3.0,86.4,86.4,0.0,0.0,0.13,24.9,108,AUTO.LOITER,0,0
2026-08-17T16:53:43,1786960423,13.822803,100.511627,15.5,-0.2,-0.9,-3.0,86.4,86.4,0.0,-0.01,0.12,24.9,108,AUTO.LOITER,0,0
2026-08-17T16:53:44,1786960424,13.822803,100.511627,15.5,-0.2,-0.9,-3.0,86.4,86.4,0.0,0.0,0.12,24.9,108,AUTO.LOITER,0,0
2026-08-17T16:53:45,1786960425,13.822803,100.511627,15.5,-0.2,-0.9,-3.0,86.4,86.4,0.0,0.0,0.12,24.9,108,AUTO.LOITER,0,0
2026-08-17T16:53:46,1786960426,13.822803,100.511627,15.5,-0.2,-0.9,-3.0,86.4,86.4,0.0,-0.01,0.12,24.9,108,AUTO.LOITER,0,0
2026-08-17T16:53:47,1786960427,13.822803,100.511627,15.5,-0.19,-0.9,-3.1,86.4,86.4,0.01,0.0,0.11,24.9,108,AUTO.LOITER,0,0
2026-08-17T16:53:48,1786960428,13.822803,100.511627,15.4,-0.19,-0.9,-3.1,86.5,86.5,0.01,0.0,0.11,24.9,108,AUTO.LOITER,0,0
2026-08-17T16:53:49,1786960429,13.822803,100.511627,15.4,-0.2,-0.9,-3.1,86.5,86.5,0.01,0.01,0.12,24.9,108,AUTO.LOITER,0,0
2026-08-17T16:53:50,1786960430,13.822803,100.511627,15.5,-0.2,-0.8,-3.1,86.5,86.5,0.02,0.0,0.12,24.9,108,AUTO.LOITER,0,0
2026-08-17T16:53:51,1786960431,13.822803,100.511627,15.5,-0.2,-0.8,-3.1,86.5,86.5,0.01,0.0,0.12,24.9,108,AUTO.LOITER,0,0
2026-08-17T16:53:52,1786960432,13.822803,100.511627,15.5,-0.2,-0.8,-3.1,86.5,86.5,0.0,0.0,0.11,24.9,108,AUTO.LOITER,0,0
2026-08-17T16:53:53,1786960433,13.822803,100.511627,15.5,-0.2,-0.8,-3.1,86.5,86.5,0.0,-0.01,0.12,24.9,108,AUTO.LOITER,0,0
2026-08-17T16:53:54,1786960434,13.822803,100.511627,15.5,-0.19,-0.8,-3.2,86.5,86.5,0.01,-0.02,0.11,24.9,108,AUTO.LOITER,0,0
2026-08-17T16:53:55,1786960435,13.822803,100.511627,15.4,-0.19,-0.7,-3.2,86.5,86.5,0.01,-0.02,0.11,24.9,108,AUTO.LOITER,0,0
2026-08-17T16:53:56,1786960436,13.822803,100.511627,15.5,-0.17,-0.8,-3.2,86.5,86.5,0.0,0.0,0.08,24.9,108,AUTO.LOITER,0,0
2026-08-17T16:53:57,1786960437,13.822803,100.511627,15.4,-0.17,-0.8,-3.2,86.5,86.5,0.0,0.0,0.08,24.9,108,AUTO.LOITER,0,0
2026-08-17T16:53:58,1786960438,13.822803,100.511626,15.4,-0.17,-0.8,-3.2,86.5,86.5,0.0,0.0,0.08,24.9,108,AUTO.LOITER,0,0
2026-08-17T16:53:59,1786960439,13.822803,100.511627,15.5,-0.17,-0.8,-3.2,86.6,86.6,-0.03,0.02,0.09,24.9,108,AUTO.LOITER,0,0
2026-08-17T16:54:00,1786960440,13.822803,100.511627,15.5,-0.17,-0.8,-3.2,86.6,86.6,-0.03,0.02,0.09,24.9,108,AUTO.LOITER,0,0
2026-08-17T16:54:01,1786960441,13.822803,100.511627,15.5,-0.17,-0.8,-3.1,86.6,86.6,-0.03,0.02,0.09,24.9,108,AUTO.LOITER,0,0
2026-08-17T16:54:02,1786960442,13.822803,100.511627,15.5,-0.17,-0.8,-3.1,86.6,86.6,0.01,0.02,0.09,24.9,108,AUTO.LOITER,0,0
2026-08-17T16:54:03,1786960443,13.822803,100.511627,15.5,-0.17,-0.8,-3.1,86.6,86.6,0.03,0.0,0.08,24.9,108,AUTO.LOITER,0,0
2026-08-17T16:54:04,1786960444,13.822803,100.511627,15.5,-0.17,-0.8,-3.0,86.5,86.5,0.03,0.0,0.08,24.9,108,AUTO.LOITER,0,0
2026-08-17T16:54:05,1786960445,13.822803,100.511627,15.5,-0.17,-0.8,-3.1,86.5,86.5,0.04,0.0,0.08,24.9,108,AUTO.LOITER,0,0
2026-08-17T16:54:06,1786960446,13.822803,100.511627,15.4,-0.17,-0.7,-3.1,86.5,86.5,0.04,0.0,0.08,24.9,108,AUTO.LOITER,0,0
2026-08-17T16:54:07,1786960447,13.822803,100.511627,15.5,-0.17,-0.7,-3.1,86.5,86.5,0.03,0.0,0.08,24.9,108,AUTO.LOITER,0,0
2026-08-17T16:54:08,1786960448,13.822803,100.511627,15.4,-0.17,-0.7,-3.0,86.5,86.5,0.01,-0.01,0.09,24.9,108,AUTO.LOITER,0,0
2026-08-17T16:54:09,1786960449,13.822803,100.511627,15.5,-0.18,-0.7,-3.1,86.5,86.5,0.01,-0.01,0.1,24.9,108,AUTO.LOITER,0,0
2026-08-17T16:54:10,1786960450,13.822803,100.511627,15.5,-0.19,-0.6,-3.1,86.5,86.5,0.0,0.0,0.1,24.9,108,AUTO.LOITER,0,0
2026-08-17T16:54:11,1786960451,13.822803,100.511627,15.5,-0.19,-0.6,-3.1,86.5,86.5,-0.01,0.0,0.11,24.9,108,AUTO.LOITER,0,0
2026-08-17T16:54:12,1786960452,13.822803,100.511627,15.5,-0.19,-0.6,-3.0,86.5,86.5,-0.01,0.0,0.1,24.9,108,AUTO.LOITER,0,0
2026-08-17T16:54:13,1786960453,13.822803,100.511627,15.5,-0.18,-0.6,-3.0,86.5,86.5,-0.01,0.0,0.09,24.9,108,AUTO.LOITER,0,0
2026-08-17T16:54:14,1786960454,13.822803,100.511627,15.5,-0.17,-0.6,-3.0,86.5,86.5,-0.01,0.0,0.08,24.9,108,AUTO.LOITER,0,0
2026-08-17T16:54:15,1786960455,13.822803,100.511627,15.5,-0.16,-0.6,-3.0,86.6,86.6,-0.01,0.0,0.07,24.9,108,AUTO.LOITER,0,0
2026-08-17T16:54:16,1786960456,13.822803,100.511627,15.5,-0.16,-0.6,-3.0,86.6,86.6,-0.01,0.0,0.06,24.9,108,AUTO.LOITER,0,0
2026-08-17T16:54:17,1786960457,13.822803,100.511626,15.6,-0.15,-0.7,-3.0,86.6,86.6,-0.01,-0.01,0.05,24.9,108,AUTO.LOITER,0,0
2026-08-17T16:54:18,1786960458,13.822803,100.511627,15.6,-0.14,-0.7,-3.0,86.6,86.6,0.0,-0.01,0.04,24.9,108,AUTO.LOITER,0,0
2026-08-17T16:54:19,1786960459,13.822803,100.511627,15.6,-0.13,-0.7,-3.0,86.6,86.6,0.0,-0.01,0.03,24.9,108,AUTO.LOITER,0,0
2026-08-17T16:54:20,1786960460,13.822803,100.511627,15.6,-0.13,-0.7,-3.0,86.6,86.6,0.01,-0.01,0.03,24.9,108,AUTO.LOITER,0,0
2026-08-17T16:54:21,1786960461,13.822803,100.511627,15.6,-0.13,-0.6,-3.0,86.6,86.6,0.0,-0.01,0.04,24.9,108,AUTO.LOITER,0,0
2026-08-17T16:54:22,1786960462,13.822803,100.511627,15.6,-0.14,-0.6,-3.0,86.6,86.6,0.01,0.0,0.05,24.9,108,AUTO.LOITER,0,0
2026-08-17T16:54:23,1786960463,13.822803,100.511627,15.3,-0.14,-0.6,-3.1,86.6,86.6,0.01,0.0,0.05,24.9,108,AUTO.LOITER,0,0
2026-08-17T16:54:24,1786960464,13.822803,100.511626,15.4,-0.14,-0.6,-3.1,86.6,86.6,0.02,0.0,0.05,24.9,108,AUTO.LOITER,0,0
2026-08-17T16:54:25,1786960465,13.822803,100.511627,15.6,-0.14,-0.6,-3.1,86.6,86.6,0.01,0.0,0.05,24.9,108,AUTO.LOITER,0,0
2026-08-17T16:54:26,1786960466,13.822803,100.511627,15.6,-0.14,-0.5,-3.0,86.6,86.6,0.01,0.0,0.05,24.9,108,AUTO.LOITER,0,0
2026-08-17T16:54:27,1786960467,13.822803,100.511627,15.6,-0.14,-0.5,-3.0,86.6,86.6,0.01,0.0,0.04,24.9,108,AUTO.LOITER,0,0
2026-08-17T16:54:28,1786960468,13.822803,100.511627,15.6,-0.13,-0.5,-3.0,86.6,86.6,0.0,0.0,0.03,24.9,108,AUTO.LOITER,0,0
2026-08-17T16:54:29,1786960469,13.822803,100.511627,15.6,-0.12,-0.4,-3.0,86.6,86.6,0.0,0.0,0.03,24.9,108,AUTO.LOITER,0,0
2026-08-17T16:54:30,1786960470,13.822803,100.511627,15.6,-0.12,-0.4,-3.0,86.6,86.6,0.0,0.0,0.03,24.9,108,AUTO.LOITER,0,0
2026-08-17T16:54:31,1786960471,13.822803,100.511627,15.6,-0.12,-0.4,-3.0,86.6,86.6,-0.01,0.0,0.02,24.9,108,AUTO.LOITER,0,0
2026-08-17T16:54:32,1786960472,13.822803,100.511627,15.6,-0.12,-0.4,-3.0,86.6,86.6,-0.01,-0.01,0.01,24.9,108,AUTO.LOITER,0,0
2026-08-17T16:54:33,1786960473,13.822803,100.511627,15.6,-0.12,-0.4,-3.0,86.6,86.6,-0.01,-0.01,0.01,24.9,108,AUTO.LOITER,0,0
2026-08-17T16:54:34,1786960474,13.822803,100.511627,15.6,-0.12,-0.4,-3.1,86.6,86.6,0.0,0.0,0.03,24.9,108,AUTO.LOITER,0,0
2026-08-17T16:54:35,1786960475,13.822803,100.511627,15.6,-0.12,-0.4,-3.1,86.6,86.6,0.0,0.0,0.02,24.9,108,AUTO.LOITER,0,0
2026-08-17T16:54:36,1786960476,13.822803,100.511627,15.6,-0.12,-0.5,-3.0,86.6,86.6,0.0,0.0,0.02,24.9,108,AUTO.LOITER,0,0
2026-08-17T16:54:37,1786960477,13.822803,100.511627,15.6,-0.12,-0.5,-3.1,86.6,86.6,0.0,0.01,0.02,24.9,108,AUTO.LOITER,0,0
2026-08-17T16:54:38,1786960478,13.822803,100.511627,15.6,-0.12,-0.5,-3.1,86.6,86.6,0.0,0.03,0.01,24.9,108,AUTO.LOITER,0,0
2026-08-17T16:54:39,1786960479,13.822803,100.511627,15.6,-0.11,-0.5,-3.0,86.6,86.6,0.0,0.03,0.01,24.9,108,AUTO.LOITER,0,0
2026-08-17T16:54:40,1786960480,13.822803,100.511627,15.6,-0.11,-0.5,-3.0,86.6,86.6,0.0,0.03,0.01,24.9,108,AUTO.LOITER,0,0
2026-08-17T16:54:41,1786960481,13.822803,100.511627,15.6,-0.11,-0.5,-2.9,86.6,86.6,0.0,0.03,0.01,24.9,108,AUTO.LOITER,0,0
2026-08-17T16:54:42,1786960482,13.822803,100.511627,15.6,-0.11,-0.5,-2.9,86.6,86.6,0.0,0.03,0.0,24.9,108,AUTO.LOITER,0,0
2026-08-17T16:54:43,1786960483,13.822803,100.511627,15.6,-0.11,-0.5,-2.8,86.6,86.6,0.0,0.0,0.0,24.9,108,AUTO.LOITER,0,0
2026-08-17T16:54:44,1786960484,13.822803,100.511627,15.6,-0.1,-0.5,-2.8,86.6,86.6,0.0,0.0,0.0,24.9,108,AUTO.LOITER,0,0
2026-08-17T16:54:45,1786960485,13.822803,100.511627,15.6,-0.1,-0.5,-2.8,86.5,86.5,-0.01,0.0,0.0,24.9,108,AUTO.LOITER,0,0
2026-08-17T16:54:46,1786960486,13.822803,100.511627,15.4,-0.1,-0.5,-2.8,86.5,86.5,-0.01,0.0,0.0,24.9,108,AUTO.LOITER,0,0
2026-08-17T16:54:47,1786960487,13.822803,100.511627,15.6,-0.1,-0.6,-2.8,86.6,86.6,-0.01,0.0,0.01,24.9,108,AUTO.LOITER,0,0
2026-08-17T16:54:48,1786960488,13.822803,100.511627,15.6,-0.11,-0.6,-2.8,86.6,86.6,0.0,0.0,0.02,24.9,108,AUTO.LOITER,0,0
2026-08-17T16:54:49,1786960489,13.822803,100.511627,15.6,-0.12,-0.6,-2.8,86.6,86.6,0.0,-0.01,0.02,24.9,108,AUTO.LOITER,0,0
2026-08-17T16:54:50,1786960490,13.822803,100.511627,15.6,-0.12,-0.6,-2.8,86.6,86.6,0.0,-0.01,0.02,24.9,108,AUTO.LOITER,0,0
2026-08-17T16:54:51,1786960491,13.822803,100.511627,15.6,-0.12,-0.6,-2.8,86.6,86.6,-0.01,-0.02,0.03,24.9,108,AUTO.LOITER,0,0
2026-08-17T16:54:52,1786960492,13.822803,100.511626,15.6,-0.13,-0.7,-2.8,86.6,86.6,-0.02,-0.04,0.03,24.9,108,AUTO.LOITER,0,0
2026-08-17T16:54:53,1786960493,13.822803,100.511626,15.6,-0.13,-0.7,-2.8,86.7,86.7,-0.02,-0.04,0.03,24.9,108,AUTO.LOITER,0,0
2026-08-17T16:54:54,1786960494,13.822803,100.511627,15.4,-0.13,-0.7,-2.8,86.7,86.7,-0.02,-0.04,0.03,24.9,108,AUTO.LOITER,0,0
2026-08-17T16:54:55,1786960495,13.822803,100.511627,15.6,-0.15,-0.7,-2.8,86.7,86.7,0.0,-0.02,0.05,24.9,108,AUTO.LOITER,0,0
2026-08-17T16:54:56,1786960496,13.822803,100.511627,15.6,-0.15,-0.7,-2.9,86.7,86.7,0.0,-0.01,0.05,24.9,108,AUTO.LOITER,0,0
2026-08-17T16:54:57,1786960497,13.822803,100.511627,15.6,-0.14,-0.7,-2.9,86.8,86.8,-0.02,-0.01,0.04,24.9,108,AUTO.LOITER,0,0
2026-08-17T16:54:58,1786960498,13.822803,100.511626,15.4,-0.14,-0.8,-2.9,86.8,86.8,-0.02,-0.01,0.04,24.9,108,AUTO.LOITER,0,0
2026-08-17T16:54:59,1786960499,13.822803,100.511627,15.6,-0.14,-0.8,-2.9,86.8,86.8,-0.02,-0.01,0.04,24.9,108,AUTO.LOITER,0,0
2026-08-17T16:55:00,1786960500,13.822803,100.511626,15.6,-0.14,-0.8,-2.9,86.8,86.8,-0.01,0.0,0.05,24.9,108,AUTO.LOITER,0,0
2026-08-17T16:55:01,1786960501,13.822803,100.511627,15.6,-0.14,-0.9,-2.9,86.8,86.8,0.0,0.0,0.05,24.9,108,AUTO.LOITER,0,0
2026-08-17T16:55:02,1786960502,13.822803,100.511627,15.6,-0.14,-0.9,-2.9,86.9,86.9,0.0,-0.01,0.04,24.9,108,AUTO.LOITER,0,0
2026-08-17T16:55:03,1786960503,13.822803,100.511626,15.6,-0.13,-0.9,-2.9,86.9,86.9,0.0,-0.02,0.03,24.9,108,AUTO.LOITER,0,0
2026-08-17T16:55:04,1786960504,13.822803,100.511626,15.6,-0.13,-0.9,-2.9,86.9,86.9,0.0,-0.02,0.03,24.9,108,AUTO.LOITER,0,0
2026-08-17T16:55:05,1786960505,13.822803,100.511626,15.6,-0.12,-0.9,-3.0,86.9,86.9,0.0,-0.02,0.03,24.9,108,AUTO.LOITER,0,0
2026-08-17T16:55:06,1786960506,13.822803,100.511626,15.6,-0.12,-0.9,-3.0,87.0,87.0,0.0,-0.03,0.03,24.9,108,AUTO.LOITER,0,0
2026-08-17T16:55:07,1786960507,13.822803,100.511626,15.6,-0.12,-0.9,-3.0,87.0,87.0,0.0,-0.03,0.03,24.9,108,AUTO.LOITER,0,0
2026-08-17T16:55:08,1786960508,13.822803,100.511626,15.6,-0.12,-1.0,-3.0,87.0,87.0,0.0,-0.03,0.03,24.9,108,AUTO.LOITER,0,0
2026-08-17T16:55:09,1786960509,13.822803,100.511627,15.6,-0.11,-1.0,-3.0,87.1,87.1,0.0,0.0,0.01,24.9,108,AUTO.LOITER,0,0
2026-08-17T16:55:10,1786960510,13.822803,100.511627,15.3,-0.11,-1.0,-3.0,87.1,87.1,0.0,0.0,0.01,24.9,108,AUTO.LOITER,0,0
2026-08-17T16:55:11,1786960511,13.822803,100.511627,15.6,-0.11,-1.0,-3.0,87.1,87.1,0.03,0.0,0.01,24.9,108,AUTO.LOITER,0,0
2026-08-17T16:55:12,1786960512,13.822803,100.511627,15.6,-0.11,-1.0,-2.9,87.1,87.1,0.04,0.0,0.0,24.9,108,AUTO.LOITER,0,0
2026-08-17T16:55:13,1786960513,13.822803,100.511627,15.6,-0.11,-0.9,-2.9,87.2,87.2,0.05,0.01,0.01,24.9,108,AUTO.LOITER,0,0
2026-08-17T16:55:14,1786960514,13.822803,100.511627,15.6,-0.11,-0.9,-2.9,87.2,87.2,0.04,0.01,0.01,24.9,108,AUTO.LOITER,0,0
2026-08-17T16:55:15,1786960515,13.822803,100.511627,15.6,-0.12,-0.9,-2.9,87.2,87.2,0.03,0.01,0.02,24.9,108,AUTO.LOITER,0,0
2026-08-17T16:55:16,1786960516,13.822803,100.511627,15.4,-0.12,-0.8,-2.9,87.2,87.2,0.03,0.01,0.02,24.9,108,AUTO.LOITER,0,0
2026-08-17T16:55:17,1786960517,13.822803,100.511627,15.4,-0.12,-0.8,-2.9,87.2,87.2,0.02,0.0,0.02,24.9,108,AUTO.LOITER,0,0
2026-08-17T16:55:18,1786960518,13.822803,100.511627,15.4,-0.12,-0.8,-2.8,87.2,87.2,0.02,0.0,0.02,24.9,108,AUTO.LOITER,0,0
2026-08-17T16:55:19,1786960519,13.822803,100.511627,15.4,-0.13,-0.8,-2.9,87.1,87.1,0.01,-0.03,0.03,24.9,108,AUTO.LOITER,0,0
2026-08-17T16:55:20,1786960520,13.822803,100.511626,15.6,-0.14,-0.7,-2.9,87.1,87.1,0.0,-0.03,0.04,24.9,108,AUTO.LOITER,0,0
2026-08-17T16:55:21,1786960521,13.822803,100.511627,15.6,-0.13,-0.7,-2.9,87.1,87.1,0.0,-0.02,0.03,24.9,108,AUTO.LOITER,0,0
2026-08-17T16:55:22,1786960522,13.822803,100.511627,15.6,-0.12,-0.7,-2.9,87.1,87.1,0.01,0.0,0.01,24.9,108,AUTO.LOITER,0,0
2026-08-17T16:55:23,1786960523,13.822803,100.511627,15.6,-0.11,-0.7,-2.9,87.1,87.1,0.02,0.0,0.01,24.9,108,AUTO.LOITER,0,0
2026-08-17T16:55:24,1786960524,13.822803,100.511627,15.6,-0.11,-0.7,-3.0,87.1,87.1,0.02,0.0,0.01,24.9,108,AUTO.LOITER,0,0
2026-08-17T16:55:25,1786960525,13.822803,100.511627,15.6,-0.11,-0.7,-3.0,87.1,87.1,0.01,0.0,0.01,24.9,108,AUTO.LOITER,0,0
2026-08-17T16:55:26,1786960526,13.822803,100.511627,15.6,-0.11,-0.7,-3.0,87.1,87.1,0.0,0.0,0.01,24.9,108,AUTO.LOITER,0,0
2026-08-17T16:55:27,1786960527,13.822803,100.511627,15.6,-0.11,-0.7,-3.0,87.1,87.1,0.01,0.01,0.0,24.9,108,AUTO.LOITER,0,0
2026-08-17T16:55:28,1786960528,13.822803,100.511627,15.6,-0.1,-0.7,-3.0,87.1,87.1,0.02,0.01,0.0,24.9,108,AUTO.LOITER,0,0
2026-08-17T16:55:29,1786960529,13.822803,100.511627,15.6,-0.1,-0.6,-3.0,87.1,87.1,0.02,0.0,0.0,24.9,108,AUTO.LOITER,0,0
2026-08-17T16:55:30,1786960530,13.822803,100.511627,15.6,-0.09,-0.6,-3.0,87.1,87.1,0.02,0.0,-0.01,24.9,108,AUTO.LOITER,0,0
2026-08-17T16:55:31,1786960531,13.822803,100.511627,15.6,-0.08,-0.6,-3.0,87.1,87.1,0.03,0.0,-0.02,24.9,108,AUTO.LOITER,0,0
2026-08-17T16:55:32,1786960532,13.822803,100.511627,15.6,-0.08,-0.6,-3.0,87.1,87.1,0.02,0.0,-0.02,24.9,108,AUTO.LOITER,0,0
2026-08-17T16:55:33,1786960533,13.822803,100.511627,15.6,-0.08,-0.5,-3.0,87.1,87.1,0.0,0.0,-0.02,24.9,108,AUTO.LOITER,0,0
2026-08-17T16:55:34,1786960534,13.822803,100.511627,15.6,-0.08,-0.5,-3.0,87.1,87.1,0.0,0.01,-0.02,24.9,108,AUTO.LOITER,0,0
2026-08-17T16:55:35,1786960535,13.822803,100.511627,15.4,-0.08,-0.5,-3.0,87.1,87.1,0.0,0.01,-0.02,24.9,108,AUTO.LOITER,0,0
2026-08-17T16:55:36,1786960536,13.822803,100.511627,15.6,-0.08,-0.5,-3.0,87.1,87.1,0.0,0.01,-0.02,24.9,108,AUTO.LOITER,0,0
2026-08-17T16:55:37,1786960537,13.822803,100.511627,15.6,-0.08,-0.5,-3.0,87.1,87.1,0.0,0.01,-0.02,24.9,108,AUTO.LOITER,0,0
2026-08-17T16:55:38,1786960538,13.822803,100.511627,15.6,-0.08,-0.5,-3.0,87.1,87.1,0.01,0.0,-0.02,24.9,108,AUTO.LOITER,0,0
2026-08-17T16:55:39,1786960539,13.822803,100.511627,15.6,-0.08,-0.5,-3.0,87.1,87.1,0.01,0.01,-0.02,24.9,108,AUTO.LOITER,0,0
2026-08-17T16:55:40,1786960540,13.822803,100.511627,15.6,-0.08,-0.5,-3.0,87.1,87.1,0.0,0.01,-0.01,24.9,108,AUTO.LOITER,0,0
2026-08-17T16:55:41,1786960541,13.822803,100.511627,15.6,-0.09,-0.5,-2.9,87.1,87.1,0.0,0.01,0.0,24.9,108,AUTO.LOITER,0,0
2026-08-17T16:55:42,1786960542,13.822803,100.511627,15.6,-0.11,-0.5,-2.9,87.1,87.1,-0.01,0.0,0.01,24.9,108,AUTO.LOITER,0,0
2026-08-17T16:55:43,1786960543,13.822803,100.511627,15.6,-0.11,-0.5,-2.9,87.1,87.1,-0.02,0.0,0.01,24.9,108,AUTO.LOITER,0,0
2026-08-17T16:55:44,1786960544,13.822803,100.511627,15.6,-0.11,-0.5,-2.9,87.1,87.1,-0.02,0.0,0.01,24.9,108,AUTO.LOITER,0,0
2026-08-17T16:55:45,1786960545,13.822803,100.511627,15.6,-0.12,-0.5,-2.9,87.1,87.1,-0.01,-0.01,0.01,24.9,108,AUTO.LOITER,0,0
2026-08-17T16:55:46,1786960546,13.822803,100.511627,15.6,-0.12,-0.5,-2.9,87.1,87.1,0.0,-0.01,0.01,24.9,108,AUTO.LOITER,0,0
2026-08-17T16:55:47,1786960547,13.822803,100.511627,15.6,-0.12,-0.5,-2.9,87.2,87.2,0.0,-0.03,0.02,24.9,108,AUTO.LOITER,0,0
2026-08-17T16:55:48,1786960548,13.822803,100.511627,15.6,-0.12,-0.5,-2.9,87.2,87.2,0.0,-0.02,0.02,24.9,108,AUTO.LOITER,0,0
2026-08-17T16:55:49,1786960549,13.822803,100.511627,15.6,-0.12,-0.5,-3.0,87.2,87.2,0.0,-0.01,0.03,24.9,108,AUTO.LOITER,0,0
2026-08-17T16:55:50,1786960550,13.822803,100.511627,15.6,-0.13,-0.5,-3.0,87.2,87.2,-0.01,0.0,0.03,24.9,108,AUTO.LOITER,0,0
2026-08-17T16:55:51,1786960551,13.822803,100.511627,15.6,-0.14,-0.5,-3.0,87.2,87.2,-0.01,0.0,0.04,24.9,108,AUTO.LOITER,0,0
2026-08-17T16:55:52,1786960552,13.822803,100.511626,15.4,-0.14,-0.5,-3.0,87.2,87.2,-0.01,0.0,0.04,24.9,108,AUTO.LOITER,0,0
2026-08-17T16:55:53,1786960553,13.822803,100.511627,15.4,-0.14,-0.5,-3.0,87.2,87.2,-0.01,-0.01,0.04,24.9,108,AUTO.LOITER,0,0
2026-08-17T16:55:54,1786960554,13.822803,100.511627,15.4,-0.14,-0.5,-3.1,87.2,87.2,-0.01,-0.01,0.04,24.9,108,AUTO.LOITER,0,0
2026-08-17T16:55:55,1786960555,13.822803,100.511627,15.6,-0.14,-0.5,-3.1,87.2,87.2,-0.03,0.0,0.03,24.9,108,AUTO.LOITER,0,0
2026-08-17T16:55:56,1786960556,13.822803,100.511627,15.6,-0.13,-0.5,-3.1,87.3,87.3,-0.02,0.0,0.03,24.9,108,AUTO.LOITER,0,0
2026-08-17T16:55:57,1786960557,13.822803,100.511627,15.6,-0.12,-0.5,-3.1,87.3,87.3,-0.01,0.0,0.02,24.9,108,AUTO.LOITER,0,0
2026-08-17T16:55:58,1786960558,13.822803,100.511627,15.6,-0.11,-0.5,-3.1,87.3,87.3,-0.01,0.0,0.01,24.9,108,AUTO.LOITER,0,0
2026-08-17T16:55:59,1786960559,13.822803,100.511627,15.6,-0.11,-0.6,-3.1,87.3,87.3,-0.02,0.01,0.01,24.9,108,AUTO.LOITER,0,0
2026-08-17T16:56:00,1786960560,13.822803,100.511627,15.6,-0.11,-0.6,-3.2,87.3,87.3,-0.01,0.0,0.01,24.9,108,AUTO.LOITER,0,0
2026-08-17T16:56:01,1786960561,13.822803,100.511627,15.6,-0.12,-0.6,-3.2,87.3,87.3,0.0,0.0,0.03,24.9,108,AUTO.LOITER,0,0
2026-08-17T16:56:02,1786960562,13.822803,100.511627,15.6,-0.13,-0.6,-3.2,87.3,87.3,0.0,0.0,0.04,24.9,108,AUTO.LOITER,0,0
2026-08-17T16:56:03,1786960563,13.822803,100.511627,15.6,-0.14,-0.6,-3.2,87.3,87.3,0.0,0.0,0.06,24.9,108,AUTO.LOITER,0,0
2026-08-17T16:56:04,1786960564,13.822803,100.511626,15.4,-0.14,-0.6,-3.2,87.3,87.3,0.0,0.0,0.06,24.9,108,AUTO.LOITER,0,0
2026-08-17T16:56:05,1786960565,13.822803,100.511626,15.5,-0.16,-0.6,-3.2,87.4,87.4,0.0,0.0,0.07,24.9,108,AUTO.LOITER,0,0
2026-08-17T16:56:06,1786960566,13.822803,100.511627,15.5,-0.16,-0.6,-3.2,87.4,87.4,0.0,0.0,0.07,24.9,108,AUTO.LOITER,0,0
2026-08-17T16:56:07,1786960567,13.822803,100.511627,15.5,-0.16,-0.7,-3.2,87.4,87.4,-0.01,0.02,0.07,24.9,108,AUTO.LOITER,0,0
2026-08-17T16:56:08,1786960568,13.822803,100.511627,15.5,-0.16,-0.7,-3.2,87.4,87.4,0.0,0.01,0.08,24.9,108,AUTO.LOITER,0,0
2026-08-17T16:56:09,1786960569,13.822803,100.511627,15.5,-0.17,-0.7,-3.2,87.4,87.4,0.0,0.0,0.08,24.9,108,AUTO.LOITER,0,0
2026-08-17T16:56:10,1786960570,13.822803,100.511627,15.5,-0.17,-0.7,-3.3,87.4,87.4,0.0,0.0,0.08,24.9,108,AUTO.LOITER,0,0
2026-08-17T16:56:11,1786960571,13.822803,100.511627,15.5,-0.17,-0.7,-3.3,87.5,87.5,0.0,0.0,0.07,24.9,108,AUTO.LOITER,0,0
2026-08-17T16:56:12,1786960572,13.822803,100.511627,15.4,-0.17,-0.7,-3.3,87.5,87.5,0.0,0.0,0.07,24.9,108,AUTO.LOITER,0,0
2026-08-17T16:56:13,1786960573,13.822803,100.511627,15.4,-0.17,-0.7,-3.3,87.5,87.5,0.0,0.0,0.08,24.9,108,AUTO.LOITER,0,0
2026-08-17T16:56:14,1786960574,13.822803,100.511627,15.4,-0.17,-0.7,-3.3,87.5,87.5,0.0,0.0,0.08,24.9,108,AUTO.LOITER,0,0
2026-08-17T16:56:15,1786960575,13.822803,100.511627,15.5,-0.17,-0.7,-3.3,87.5,87.5,0.01,0.0,0.08,24.9,108,AUTO.LOITER,0,0
2026-08-17T16:56:16,1786960576,13.822803,100.511627,15.5,-0.17,-0.7,-3.3,87.5,87.5,0.0,0.01,0.08,24.9,108,AUTO.LOITER,0,0
2026-08-17T16:56:17,1786960577,13.822803,100.511627,15.5,-0.17,-0.7,-3.3,87.5,87.5,0.01,0.01,0.08,24.9,108,AUTO.LOITER,0,0
2026-08-17T16:56:18,1786960578,13.822803,100.511627,15.5,-0.17,-0.6,-3.3,87.5,87.5,0.01,0.0,0.08,24.9,108,AUTO.LOITER,0,0
2026-08-17T16:56:19,1786960579,13.822803,100.511627,15.5,-0.17,-0.6,-3.3,87.5,87.5,0.0,0.0,0.08,24.9,108,AUTO.LOITER,0,0
2026-08-17T16:56:20,1786960580,13.822803,100.511627,15.5,-0.17,-0.6,-3.3,87.6,87.6,0.01,0.0,0.08,24.9,108,AUTO.LOITER,0,0
2026-08-17T16:56:21,1786960581,13.822803,100.511627,15.5,-0.17,-0.6,-3.3,87.6,87.6,0.02,0.03,0.07,24.9,108,AUTO.LOITER,0,0
2026-08-17T16:56:22,1786960582,13.822803,100.511627,15.5,-0.15,-0.6,-3.3,87.6,87.6,0.02,0.04,0.06,24.9,108,AUTO.LOITER,0,0
2026-08-17T16:56:23,1786960583,13.822803,100.511627,15.6,-0.15,-0.6,-3.2,87.6,87.6,0.03,0.04,0.05,24.9,108,AUTO.LOITER,0,0
2026-08-17T16:56:24,1786960584,13.822803,100.511627,15.6,-0.15,-0.5,-3.2,87.6,87.6,0.02,0.04,0.06,24.9,108,AUTO.LOITER,0,0
2026-08-17T16:56:25,1786960585,13.822803,100.511627,15.5,-0.15,-0.5,-3.1,87.6,87.6,0.02,0.02,0.07,24.9,108,AUTO.LOITER,0,0
2026-08-17T16:56:26,1786960586,13.822803,100.511627,15.5,-0.16,-0.5,-3.1,87.6,87.6,0.01,0.0,0.08,24.9,108,AUTO.LOITER,0,0
2026-08-17T16:56:27,1786960587,13.822803,100.511627,15.5,-0.17,-0.4,-3.1,87.6,87.6,0.0,0.01,0.08,24.9,108,AUTO.LOITER,0,0
2026-08-17T16:56:28,1786960588,13.822803,100.511626,15.5,-0.17,-0.4,-3.1,87.6,87.6,0.0,0.0,0.08,24.9,108,AUTO.LOITER,0,0
2026-08-17T16:56:29,1786960589,13.822803,100.511627,15.5,-0.17,-0.4,-3.1,87.6,87.6,0.0,0.01,0.07,24.9,108,AUTO.LOITER,0,0
2026-08-17T16:56:30,1786960590,13.822803,100.511627,15.5,-0.16,-0.4,-3.0,87.6,87.6,0.0,0.02,0.06,24.9,108,AUTO.LOITER,0,0
2026-08-17T16:56:31,1786960591,13.822803,100.511627,15.6,-0.15,-0.4,-3.0,87.6,87.6,0.0,0.02,0.05,24.9,108,AUTO.LOITER,0,0
2026-08-17T16:56:32,1786960592,13.822803,100.511627,15.4,-0.15,-0.4,-3.0,87.6,87.6,0.0,0.02,0.05,24.9,108,AUTO.LOITER,0,0
2026-08-17T16:56:33,1786960593,13.822803,100.511627,15.4,-0.15,-0.4,-3.0,87.6,87.6,0.0,0.0,0.06,24.9,108,AUTO.LOITER,0,0
2026-08-17T16:56:34,1786960594,13.822803,100.511627,15.4,-0.14,-0.3,-3.0,87.5,87.5,0.0,0.0,0.05,24.9,108,AUTO.LOITER,0,0
2026-08-17T16:56:35,1786960595,13.822803,100.511627,15.6,-0.14,-0.3,-3.0,87.5,87.5,0.0,0.0,0.04,24.9,108,AUTO.LOITER,0,0
2026-08-17T16:56:36,1786960596,13.822803,100.511627,15.6,-0.14,-0.3,-3.0,87.5,87.5,0.0,0.0,0.04,24.9,108,AUTO.LOITER,0,0
2026-08-17T16:56:37,1786960597,13.822803,100.511627,15.6,-0.14,-0.3,-3.0,87.5,87.5,0.01,-0.01,0.05,24.9,108,AUTO.LOITER,0,0
2026-08-17T16:56:38,1786960598,13.822803,100.511627,15.6,-0.15,-0.3,-3.0,87.5,87.5,0.01,0.0,0.06,24.9,108,AUTO.LOITER,0,0
2026-08-17T16:56:39,1786960599,13.822803,100.511627,15.6,-0.15,-0.2,-3.0,87.5,87.5,0.02,0.0,0.06,24.9,108,AUTO.LOITER,0,0
2026-08-17T16:56:40,1786960600,13.822803,100.511627,15.6,-0.15,-0.2,-3.0,87.5,87.5,0.01,-0.01,0.06,24.9,108,AUTO.LOITER,0,0
2026-08-17T16:56:41,1786960601,13.822803,100.511627,15.5,-0.15,-0.1,-3.0,87.4,87.4,0.0,0.0,0.06,24.9,108,AUTO.LOITER,0,0
2026-08-17T16:56:42,1786960602,13.822803,100.511627,15.5,-0.16,-0.1,-3.0,87.4,87.4,0.0,0.0,0.06,24.9,108,AUTO.LOITER,0,0
2026-08-17T16:56:43,1786960603,13.822803,100.511627,15.6,-0.15,-0.1,-3.0,87.4,87.4,0.0,0.0,0.05,24.9,108,AUTO.LOITER,0,0
2026-08-17T16:56:44,1786960604,13.822803,100.511627,15.6,-0.15,-0.1,-2.9,87.4,87.4,0.01,-0.01,0.05,24.9,108,AUTO.LOITER,0,0
2026-08-17T16:56:45,1786960605,13.822803,100.511627,15.6,-0.15,-0.1,-3.0,87.4,87.4,0.01,0.0,0.06,24.9,108,AUTO.LOITER,0,0
2026-08-17T16:56:46,1786960606,13.822803,100.511627,15.5,-0.15,-0.0,-3.0,87.4,87.4,0.0,0.01,0.06,24.9,108,AUTO.LOITER,0,0
2026-08-17T16:56:47,1786960607,13.822803,100.511627,15.5,-0.15,-0.0,-3.0,87.4,87.4,0.0,0.01,0.06,24.9,108,AUTO.LOITER,0,0
2026-08-17T16:56:48,1786960608,13.822803,100.511627,15.5,-0.16,0.0,-2.9,87.4,87.4,0.0,0.01,0.06,24.9,108,AUTO.LOITER,0,0
2026-08-17T16:56:49,1786960609,13.822803,100.511627,15.5,-0.15,0.1,-2.9,87.4,87.4,-0.01,0.01,0.06,24.9,108,AUTO.LOITER,0,0
2026-08-17T16:56:50,1786960610,13.822803,100.511627,15.6,-0.15,0.1,-2.9,87.3,87.3,-0.02,0.01,0.05,24.9,108,AUTO.LOITER,0,0
2026-08-17T16:56:51,1786960611,13.822803,100.511627,15.6,-0.14,0.1,-2.9,87.3,87.3,-0.01,0.0,0.04,24.9,108,AUTO.LOITER,0,0
2026-08-17T16:56:52,1786960612,13.822803,100.511627,15.6,-0.13,0.1,-2.9,87.3,87.3,0.0,0.0,0.02,24.9,108,AUTO.LOITER,0,0
2026-08-17T16:56:53,1786960613,13.822803,100.511627,15.4,-0.13,0.1,-2.9,87.3,87.3,0.0,0.0,0.02,24.9,108,AUTO.LOITER,0,0
2026-08-17T16:56:54,1786960614,13.822803,100.511627,15.4,-0.13,0.1,-2.9,87.3,87.3,0.0,0.0,0.02,24.9,108,AUTO.LOITER,0,0
2026-08-17T16:56:55,1786960615,13.822803,100.511627,15.4,-0.13,0.1,-2.9,87.3,87.3,0.0,0.0,0.02,24.9,108,AUTO.LOITER,0,0
2026-08-17T16:56:56,1786960616,13.822803,100.511627,15.4,-0.13,0.1,-2.9,87.3,87.3,-0.01,0.0,0.04,24.9,108,AUTO.LOITER,0,0
2026-08-17T16:56:57,1786960617,13.822803,100.511627,15.6,-0.14,0.1,-3.0,87.3,87.3,-0.03,0.0,0.04,24.9,108,AUTO.LOITER,0,0
2026-08-17T16:56:58,1786960618,13.822803,100.511627,15.6,-0.14,0.1,-3.0,87.3,87.3,-0.04,0.0,0.04,24.9,108,AUTO.LOITER,0,0
2026-08-17T16:56:59,1786960619,13.822803,100.511627,15.6,-0.14,0.1,-3.0,87.3,87.3,-0.03,-0.01,0.04,24.9,108,AUTO.LOITER,0,0
2026-08-17T16:57:00,1786960620,13.822803,100.511627,15.6,-0.14,0.0,-3.0,87.3,87.3,-0.03,-0.02,0.04,24.9,108,AUTO.LOITER,0,0
2026-08-17T16:57:01,1786960621,13.822803,100.511626,15.6,-0.14,0.0,-3.0,87.3,87.3,-0.01,-0.01,0.04,24.9,108,AUTO.LOITER,0,0
2026-08-17T16:57:02,1786960622,13.822803,100.511627,15.6,-0.14,0.0,-3.1,87.3,87.3,0.0,-0.01,0.05,24.9,108,AUTO.LOITER,0,0
2026-08-17T16:57:03,1786960623,13.822803,100.511627,15.4,-0.14,0.0,-3.1,87.3,87.3,0.0,-0.01,0.05,24.9,108,AUTO.LOITER,0,0
2026-08-17T16:57:04,1786960624,13.822803,100.511627,15.4,-0.14,0.0,-3.1,87.3,87.3,0.0,-0.01,0.05,24.9,108,AUTO.LOITER,0,0
2026-08-17T16:57:05,1786960625,13.822803,100.511626,15.5,-0.18,0.0,-3.1,87.3,87.3,-0.03,0.0,0.09,24.9,108,AUTO.LOITER,0,0
2026-08-17T16:57:06,1786960626,13.822803,100.511626,15.5,-0.18,0.0,-3.1,87.3,87.3,-0.02,-0.01,0.09,24.9,108,AUTO.LOITER,0,0
2026-08-17T16:57:07,1786960627,13.822803,100.511626,15.5,-0.18,-0.0,-3.1,87.3,87.3,-0.02,0.0,0.08,24.9,108,AUTO.LOITER,0,0
2026-08-17T16:57:08,1786960628,13.822803,100.511627,15.5,-0.17,-0.0,-3.2,87.3,87.3,-0.01,0.0,0.08,24.9,108,AUTO.LOITER,0,0
2026-08-17T16:57:09,1786960629,13.822803,100.511627,15.5,-0.16,-0.1,-3.2,87.3,87.3,0.0,0.01,0.07,24.9,108,AUTO.LOITER,0,0
2026-08-17T16:57:10,1786960630,13.822803,100.511627,15.5,-0.16,-0.1,-3.2,87.3,87.3,0.0,0.01,0.06,24.9,108,AUTO.LOITER,0,0
2026-08-17T16:57:11,1786960631,13.822803,100.511627,15.5,-0.16,-0.1,-3.2,87.3,87.3,-0.01,0.02,0.06,24.9,108,AUTO.LOITER,0,0
2026-08-17T16:57:12,1786960632,13.822803,100.511627,15.5,-0.16,-0.1,-3.1,87.2,87.2,-0.01,0.02,0.06,24.9,108,AUTO.LOITER,0,0
2026-08-17T16:57:13,1786960633,13.822803,100.511627,15.5,-0.15,-0.1,-3.1,87.2,87.2,-0.01,0.01,0.06,24.9,108,AUTO.LOITER,0,0
2026-08-17T16:57:14,1786960634,13.822803,100.511627,15.4,-0.15,-0.1,-3.1,87.2,87.2,-0.01,0.01,0.06,24.9,108,AUTO.LOITER,0,0
2026-08-17T16:57:15,1786960635,13.822803,100.511627,15.6,-0.15,-0.2,-3.1,87.3,87.3,-0.03,0.0,0.05,24.9,108,AUTO.LOITER,0,0
2026-08-17T16:57:16,1786960636,13.822803,100.511627,15.6,-0.15,-0.2,-3.1,87.3,87.3,-0.01,0.0,0.05,24.9,108,AUTO.LOITER,0,0
2026-08-17T16:57:17,1786960637,13.822803,100.511627,15.6,-0.15,-0.2,-3.1,87.3,87.3,-0.01,0.0,0.06,24.9,108,AUTO.LOITER,0,0
2026-08-17T16:57:18,1786960638,13.822803,100.511627,15.6,-0.15,-0.2,-3.1,87.3,87.3,-0.01,0.0,0.05,24.9,108,AUTO.LOITER,0,0
2026-08-17T16:57:19,1786960639,13.822803,100.511627,15.6,-0.15,-0.3,-3.1,87.3,87.3,0.0,0.0,0.06,24.9,108,AUTO.LOITER,0,0
2026-08-17T16:57:20,1786960640,13.822803,100.511627,15.5,-0.16,-0.3,-3.1,87.3,87.3,0.0,0.0,0.07,24.9,108,AUTO.LOITER,0,0
2026-08-17T16:57:21,1786960641,13.822803,100.511626,15.5,-0.17,-0.3,-3.1,87.3,87.3,-0.01,0.0,0.08,24.9,108,AUTO.LOITER,0,0
2026-08-17T16:57:22,1786960642,13.822803,100.511626,15.5,-0.17,-0.3,-3.1,87.3,87.3,0.0,0.0,0.09,24.9,108,AUTO.LOITER,0,0
2026-08-17T16:57:23,1786960643,13.822803,100.511627,15.5,-0.17,-0.3,-3.1,87.3,87.3,0.0,0.0,0.08,24.9,108,AUTO.LOITER,0,0
2026-08-17T16:57:24,1786960644,13.822803,100.511627,15.5,-0.17,-0.3,-3.0,87.3,87.3,0.0,0.0,0.08,24.9,108,AUTO.LOITER,0,0
2026-08-17T16:57:25,1786960645,13.822803,100.511627,15.5,-0.17,-0.3,-3.0,87.3,87.3,0.0,0.0,0.08,24.9,108,AUTO.LOITER,0,0
2026-08-17T16:57:26,1786960646,13.822804,100.511627,15.4,-0.17,-0.3,-3.0,87.3,87.3,0.0,0.0,0.08,24.9,108,AUTO.LOITER,0,0
2026-08-17T16:57:27,1786960647,13.822803,100.511627,15.5,-0.17,-0.3,-3.0,87.3,87.3,0.01,0.01,0.08,24.9,108,AUTO.LOITER,0,0
2026-08-17T16:57:28,1786960648,13.822803,100.511627,15.5,-0.17,-0.3,-3.0,87.3,87.3,0.0,0.01,0.08,24.9,108,AUTO.LOITER,0,0
2026-08-17T16:57:29,1786960649,13.822803,100.511627,15.5,-0.17,-0.3,-2.9,87.3,87.3,0.0,0.01,0.09,24.9,108,AUTO.LOITER,0,0
2026-08-17T16:57:30,1786960650,13.822803,100.511627,15.5,-0.17,-0.2,-2.9,87.3,87.3,0.0,0.01,0.08,24.9,108,AUTO.LOITER,0,0
2026-08-17T16:57:31,1786960651,13.822803,100.511627,15.5,-0.17,-0.2,-2.9,87.3,87.3,-0.01,0.0,0.09,24.9,108,AUTO.LOITER,0,0
2026-08-17T16:57:32,1786960652,13.822803,100.511627,15.5,-0.17,-0.2,-2.9,87.3,87.3,-0.01,-0.02,0.09,24.9,109,AUTO.LOITER,0,0
2026-08-17T16:57:33,1786960653,13.822803,100.511627,15.5,-0.17,-0.2,-2.9,87.3,87.3,0.0,-0.02,0.09,24.9,109,AUTO.LOITER,0,0
2026-08-17T16:57:34,1786960654,13.822803,100.511627,15.5,-0.17,-0.2,-2.8,87.3,87.3,0.0,-0.04,0.09,24.9,109,AUTO.LOITER,0,0
2026-08-17T16:57:35,1786960655,13.822803,100.511627,15.4,-0.17,-0.2,-2.9,87.3,87.3,0.0,-0.04,0.09,24.9,109,AUTO.LOITER,0,0
2026-08-17T16:57:36,1786960656,13.822804,100.511627,15.4,-0.18,-0.2,-2.9,87.3,87.3,0.0,-0.03,0.09,24.9,109,AUTO.LOITER,0,0
2026-08-17T16:57:37,1786960657,13.822803,100.511627,15.4,-0.18,-0.2,-2.9,87.3,87.3,0.0,-0.03,0.09,24.9,109,AUTO.LOITER,0,0
2026-08-17T16:57:38,1786960658,13.822803,100.511627,15.5,-0.18,-0.1,-3.0,87.3,87.3,0.01,-0.03,0.09,24.9,109,AUTO.LOITER,0,0
2026-08-17T16:57:39,1786960659,13.822803,100.511627,15.5,-0.18,-0.1,-3.0,87.3,87.3,0.0,-0.01,0.09,24.9,109,AUTO.LOITER,0,0
2026-08-17T16:57:40,1786960660,13.822803,100.511626,15.4,-0.18,-0.1,-3.0,87.3,87.3,0.0,-0.01,0.09,24.9,109,AUTO.LOITER,0,0
2026-08-17T16:57:41,1786960661,13.822803,100.511626,15.5,-0.16,-0.1,-3.0,87.3,87.3,-0.02,-0.02,0.07,24.9,109,AUTO.LOITER,0,0
2026-08-17T16:57:42,1786960662,13.822803,100.511627,15.5,-0.16,-0.1,-3.0,87.2,87.2,-0.02,-0.01,0.08,24.9,109,AUTO.LOITER,0,0
2026-08-17T16:57:43,1786960663,13.822803,100.511627,15.5,-0.17,-0.1,-3.0,87.2,87.2,-0.03,-0.01,0.09,24.9,109,AUTO.LOITER,0,0
2026-08-17T16:57:44,1786960664,13.822803,100.511627,15.5,-0.18,-0.2,-3.0,87.2,87.2,-0.03,-0.02,0.09,24.9,109,AUTO.LOITER,0,0
2026-08-17T16:57:45,1786960665,13.822803,100.511627,15.5,-0.18,-0.2,-3.1,87.2,87.2,-0.02,-0.01,0.09,24.9,109,AUTO.LOITER,0,0
2026-08-17T16:57:46,1786960666,13.822803,100.511627,15.5,-0.17,-0.2,-3.1,87.2,87.2,0.0,-0.01,0.09,24.9,109,AUTO.LOITER,0,0
2026-08-17T16:57:47,1786960667,13.822803,100.511627,15.5,-0.17,-0.2,-3.1,87.2,87.2,0.0,0.0,0.08,24.9,109,AUTO.LOITER,0,0
2026-08-17T16:57:48,1786960668,13.822803,100.511627,15.5,-0.17,-0.2,-3.1,87.2,87.2,0.0,0.0,0.08,24.9,109,AUTO.LOITER,0,0
2026-08-17T16:57:49,1786960669,13.822803,100.511627,15.5,-0.17,-0.2,-3.1,87.3,87.3,0.0,0.0,0.08,24.9,109,AUTO.LOITER,0,0
2026-08-17T16:57:50,1786960670,13.822803,100.511627,15.5,-0.16,-0.2,-3.1,87.3,87.3,0.0,0.0,0.07,24.9,109,AUTO.LOITER,0,0
2026-08-17T16:57:51,1786960671,13.822803,100.511627,15.5,-0.16,-0.2,-3.1,87.3,87.3,-0.01,0.0,0.07,24.9,109,AUTO.LOITER,0,0
2026-08-17T16:57:52,1786960672,13.822803,100.511627,15.5,-0.17,-0.2,-3.1,87.3,87.3,-0.01,0.0,0.07,24.9,109,AUTO.LOITER,0,0
2026-08-17T16:57:53,1786960673,13.822803,100.511626,15.4,-0.17,-0.2,-3.1,87.3,87.3,-0.01,0.0,0.07,24.9,109,AUTO.LOITER,0,0
2026-08-17T16:57:54,1786960674,13.822803,100.511627,15.5,-0.15,-0.3,-3.1,87.3,87.3,-0.01,-0.01,0.06,24.9,109,AUTO.LOITER,0,0
2026-08-17T16:57:55,1786960675,13.822803,100.511627,15.4,-0.15,-0.2,-3.1,87.3,87.3,-0.01,-0.01,0.06,24.9,109,AUTO.LOITER,0,0
2026-08-17T16:57:56,1786960676,13.822803,100.511627,15.4,-0.15,-0.2,-3.1,87.3,87.3,-0.01,-0.01,0.06,24.9,109,AUTO.LOITER,0,0
2026-08-17T16:57:57,1786960677,13.822803,100.511627,15.4,-0.15,-0.3,-3.2,87.3,87.3,-0.01,-0.01,0.06,24.9,109,AUTO.LOITER,0,0
2026-08-17T16:57:58,1786960678,13.822803,100.511627,15.6,-0.14,-0.3,-3.2,87.3,87.3,-0.01,0.0,0.04,24.9,109,AUTO.LOITER,0,0
2026-08-17T16:57:59,1786960679,13.822803,100.511627,15.6,-0.14,-0.3,-3.2,87.4,87.4,0.0,0.0,0.04,24.9,109,AUTO.LOITER,0,0
2026-08-17T16:58:00,1786960680,13.822803,100.511627,15.6,-0.14,-0.3,-3.3,87.4,87.4,0.01,0.0,0.04,24.9,109,AUTO.LOITER,0,0
2026-08-17T16:58:01,1786960681,13.822803,100.511627,15.6,-0.13,-0.3,-3.3,87.4,87.4,0.01,0.01,0.03,24.9,109,AUTO.LOITER,0,0
2026-08-17T16:58:02,1786960682,13.822803,100.511627,15.6,-0.13,-0.3,-3.3,87.4,87.4,0.0,0.0,0.03,24.9,109,AUTO.LOITER,0,0
2026-08-17T16:58:03,1786960683,13.822803,100.511627,15.6,-0.13,-0.3,-3.3,87.4,87.4,0.02,0.01,0.03,24.9,109,AUTO.LOITER,0,0
2026-08-17T16:58:04,1786960684,13.822803,100.511627,15.6,-0.13,-0.3,-3.3,87.4,87.4,0.03,0.01,0.03,24.9,109,AUTO.LOITER,0,0
2026-08-17T16:58:05,1786960685,13.822803,100.511627,15.6,-0.12,-0.3,-3.2,87.4,87.4,0.03,0.0,0.02,24.9,109,AUTO.LOITER,0,0
2026-08-17T16:58:06,1786960686,13.822803,100.511627,15.6,-0.12,-0.3,-3.2,87.4,87.4,0.03,0.0,0.01,24.9,109,AUTO.LOITER,0,0
2026-08-17T16:58:07,1786960687,13.822803,100.511627,15.6,-0.11,-0.2,-3.2,87.4,87.4,0.02,0.0,0.01,24.9,109,AUTO.LOITER,0,0
2026-08-17T16:58:08,1786960688,13.822803,100.511627,15.6,-0.11,-0.2,-3.2,87.4,87.4,0.02,0.0,0.0,24.9,109,AUTO.LOITER,0,0
2026-08-17T16:58:09,1786960689,13.822803,100.511627,15.6,-0.11,-0.2,-3.2,87.4,87.4,0.02,0.0,0.0,24.9,109,AUTO.LOITER,0,0
2026-08-17T16:58:10,1786960690,13.822803,100.511627,15.4,-0.11,-0.2,-3.2,87.4,87.4,0.02,0.0,0.0,24.9,109,AUTO.LOITER,0,0
2026-08-17T16:58:11,1786960691,13.822803,100.511627,15.6,-0.11,-0.1,-3.2,87.4,87.4,0.02,-0.01,0.0,24.9,109,AUTO.LOITER,0,0
2026-08-17T16:58:12,1786960692,13.822803,100.511627,15.6,-0.11,-0.1,-3.2,87.4,87.4,0.02,-0.01,0.0,24.9,109,AUTO.LOITER,0,0
2026-08-17T16:58:13,1786960693,13.822803,100.511627,15.6,-0.11,-0.0,-3.3,87.4,87.4,0.02,0.0,0.01,24.9,109,AUTO.LOITER,0,0
2026-08-17T16:58:14,1786960694,13.822803,100.511627,15.6,-0.12,-0.0,-3.3,87.4,87.4,0.03,0.0,0.02,24.9,109,AUTO.LOITER,0,0
2026-08-17T16:58:15,1786960695,13.822803,100.511627,15.6,-0.12,0.0,-3.2,87.4,87.4,0.01,0.01,0.02,24.9,109,AUTO.LOITER,0,0
2026-08-17T16:58:16,1786960696,13.822803,100.511627,15.6,-0.12,0.1,-3.2,87.4,87.4,0.0,0.0,0.01,24.9,109,AUTO.LOITER,0,0
2026-08-17T16:58:17,1786960697,13.822803,100.511627,15.6,-0.12,0.1,-3.2,87.4,87.4,0.0,0.0,0.01,24.9,109,AUTO.LOITER,0,0
2026-08-17T16:58:18,1786960698,13.822803,100.511627,15.4,-0.12,0.1,-3.2,87.4,87.4,0.0,0.0,0.01,24.9,109,AUTO.LOITER,0,0
2026-08-17T16:58:19,1786960699,13.822803,100.511627,15.4,-0.12,0.1,-3.2,87.4,87.4,0.0,0.0,0.01,24.9,109,AUTO.LOITER,0,0
2026-08-17T16:58:20,1786960700,13.822803,100.511627,15.6,-0.12,0.1,-3.2,87.4,87.4,-0.01,0.0,0.03,24.9,109,AUTO.LOITER,0,0
2026-08-17T16:58:21,1786960701,13.822803,100.511627,15.6,-0.13,0.1,-3.2,87.4,87.4,0.0,0.01,0.04,24.9,109,AUTO.LOITER,0,0
2026-08-17T16:58:22,1786960702,13.822803,100.511627,15.6,-0.14,0.1,-3.2,87.4,87.4,0.0,0.01,0.04,24.9,109,AUTO.LOITER,0,0
2026-08-17T16:58:23,1786960703,13.822803,100.511627,15.6,-0.14,0.1,-3.2,87.4,87.4,-0.01,0.0,0.04,24.9,109,AUTO.LOITER,0,0
2026-08-17T16:58:24,1786960704,13.822803,100.511627,15.6,-0.14,0.1,-3.1,87.4,87.4,0.0,0.0,0.04,24.9,109,AUTO.LOITER,0,0
2026-08-17T16:58:25,1786960705,13.822803,100.511626,15.4,-0.14,0.1,-3.1,87.4,87.4,0.0,0.0,0.04,24.9,109,AUTO.LOITER,0,0
2026-08-17T16:58:26,1786960706,13.822803,100.511627,15.4,-0.14,0.1,-3.1,87.4,87.4,0.0,0.0,0.04,24.9,109,AUTO.LOITER,0,0
2026-08-17T16:58:27,1786960707,13.822803,100.511627,15.6,-0.12,0.2,-3.1,87.4,87.4,0.01,-0.01,0.01,24.9,109,AUTO.LOITER,0,0
2026-08-17T16:58:28,1786960708,13.822803,100.511627,15.6,-0.11,0.2,-3.1,87.4,87.4,0.02,-0.02,0.0,24.9,109,AUTO.LOITER,0,0
2026-08-17T16:58:29,1786960709,13.822803,100.511626,15.6,-0.1,0.2,-3.2,87.4,87.4,0.03,-0.02,0.0,24.9,109,AUTO.LOITER,0,0
2026-08-17T16:58:30,1786960710,13.822803,100.511627,15.6,-0.1,0.3,-3.2,87.4,87.4,0.01,-0.01,0.0,24.9,109,AUTO.LOITER,0,0
2026-08-17T16:58:31,1786960711,13.822803,100.511627,15.6,-0.11,0.3,-3.2,87.5,87.5,0.0,-0.01,0.01,24.9,109,AUTO.LOITER,0,0
2026-08-17T16:58:32,1786960712,13.822803,100.511626,15.6,-0.12,0.3,-3.2,87.5,87.5,0.0,-0.02,0.02,24.9,109,AUTO.LOITER,0,0
2026-08-17T16:58:33,1786960713,13.822803,100.511626,15.6,-0.13,0.3,-3.2,87.5,87.5,0.0,-0.01,0.03,24.9,109,AUTO.LOITER,0,0
2026-08-17T16:58:34,1786960714,13.822803,100.511627,15.6,-0.14,0.2,-3.3,87.5,87.5,0.01,0.0,0.04,24.9,109,AUTO.LOITER,0,0
2026-08-17T16:58:35,1786960715,13.822803,100.511627,15.6,-0.14,0.3,-3.3,87.5,87.5,0.01,0.01,0.03,24.9,109,AUTO.LOITER,0,0
2026-08-17T16:58:36,1786960716,13.822803,100.511627,15.6,-0.14,0.3,-3.3,87.5,87.5,0.01,0.0,0.03,24.9,109,AUTO.LOITER,0,0
2026-08-17T16:58:37,1786960717,13.822803,100.511627,15.6,-0.13,0.3,-3.3,87.5,87.5,0.0,0.0,0.03,24.9,109,AUTO.LOITER,0,0
2026-08-17T16:58:38,1786960718,13.822803,100.511627,15.4,-0.13,0.3,-3.2,87.5,87.5,0.0,0.0,0.03,24.9,109,AUTO.LOITER,0,0
2026-08-17T16:58:39,1786960719,13.822803,100.511626,15.6,-0.13,0.4,-3.3,87.5,87.5,0.0,-0.01,0.03,24.9,109,AUTO.LOITER,0,0
2026-08-17T16:58:40,1786960720,13.822803,100.511626,15.6,-0.13,0.4,-3.3,87.5,87.5,-0.01,-0.01,0.03,24.9,109,AUTO.LOITER,0,0
2026-08-17T16:58:41,1786960721,13.822803,100.511626,15.6,-0.13,0.4,-3.3,87.5,87.5,-0.01,-0.01,0.03,24.9,109,AUTO.LOITER,0,0
2026-08-17T16:58:42,1786960722,13.822803,100.511627,15.6,-0.12,0.3,-3.3,87.5,87.5,-0.01,0.0,0.02,24.9,109,AUTO.LOITER,0,0
2026-08-17T16:58:43,1786960723,13.822803,100.511627,15.6,-0.12,0.3,-3.3,87.5,87.5,0.0,0.0,0.01,24.9,109,AUTO.LOITER,0,0
2026-08-17T16:58:44,1786960724,13.822803,100.511627,15.6,-0.11,0.3,-3.3,87.5,87.5,0.0,0.02,0.01,24.9,109,AUTO.LOITER,0,0
2026-08-17T16:58:45,1786960725,13.822803,100.511627,15.6,-0.12,0.4,-3.3,87.5,87.5,0.01,0.02,0.02,24.9,109,AUTO.LOITER,0,0
2026-08-17T16:58:46,1786960726,13.822803,100.511627,15.4,-0.12,0.4,-3.2,87.5,87.5,0.01,0.02,0.02,24.9,109,AUTO.LOITER,0,0
2026-08-17T16:58:47,1786960727,13.822803,100.511627,15.6,-0.12,0.4,-3.2,87.5,87.5,0.01,0.0,0.02,24.9,109,AUTO.LOITER,0,0
2026-08-17T16:58:48,1786960728,13.822803,100.511627,15.6,-0.12,0.4,-3.2,87.5,87.5,0.01,0.0,0.02,24.9,109,AUTO.LOITER,0,0
2026-08-17T16:58:49,1786960729,13.822803,100.511627,15.6,-0.12,0.5,-3.2,87.5,87.5,0.0,-0.03,0.02,24.9,109,AUTO.LOITER,0,0
2026-08-17T16:58:50,1786960730,13.822803,100.511626,15.6,-0.13,0.5,-3.2,87.5,87.5,0.01,-0.04,0.03,24.9,109,AUTO.LOITER,0,0
2026-08-17T16:58:51,1786960731,13.822803,100.511626,15.6,-0.12,0.5,-3.2,87.5,87.5,0.0,-0.02,0.02,24.9,109,AUTO.LOITER,0,0
2026-08-17T16:58:52,1786960732,13.822803,100.511627,15.4,-0.12,0.5,-3.2,87.5,87.5,0.0,-0.02,0.02,24.9,109,AUTO.LOITER,0,0
2026-08-17T16:58:53,1786960733,13.822803,100.511627,15.4,-0.12,0.5,-3.3,87.5,87.5,0.0,-0.02,0.02,24.9,109,AUTO.LOITER,0,0
2026-08-17T16:58:54,1786960734,13.822803,100.511627,15.4,-0.12,0.5,-3.3,87.5,87.5,0.0,0.0,0.02,24.9,109,AUTO.LOITER,0,0
2026-08-17T16:58:55,1786960735,13.822803,100.511627,15.6,-0.12,0.6,-3.3,87.5,87.5,0.0,0.0,0.03,24.9,109,AUTO.LOITER,0,0
2026-08-17T16:58:56,1786960736,13.822803,100.511627,15.6,-0.13,0.6,-3.3,87.4,87.4,0.0,0.01,0.03,24.9,109,AUTO.LOITER,0,0
2026-08-17T16:58:57,1786960737,13.822803,100.511627,15.6,-0.13,0.6,-3.3,87.4,87.4,0.0,0.02,0.03,24.9,109,AUTO.LOITER,0,0
2026-08-17T16:58:58,1786960738,13.822803,100.511627,15.6,-0.14,0.6,-3.2,87.4,87.4,0.0,0.01,0.04,24.9,109,AUTO.LOITER,0,0
2026-08-17T16:58:59,1786960739,13.822803,100.511627,15.6,-0.14,0.6,-3.2,87.4,87.4,0.0,0.01,0.04,24.9,109,AUTO.LOITER,0,0
2026-08-17T16:59:00,1786960740,13.822803,100.511627,15.6,-0.14,0.6,-3.2,87.4,87.4,0.01,0.01,0.04,24.9,109,AUTO.LOITER,0,0
2026-08-17T16:59:01,1786960741,13.822803,100.511627,15.6,-0.13,0.6,-3.2,87.4,87.4,0.0,0.0,0.03,24.9,109,AUTO.LOITER,0,0
2026-08-17T16:59:02,1786960742,13.822803,100.511627,15.6,-0.13,0.6,-3.2,87.4,87.4,0.0,0.0,0.04,24.9,109,AUTO.LOITER,0,0
2026-08-17T16:59:03,1786960743,13.822803,100.511627,15.6,-0.14,0.6,-3.2,87.4,87.4,-0.01,0.01,0.04,24.9,109,AUTO.LOITER,0,0
2026-08-17T16:59:04,1786960744,13.822803,100.511627,15.6,-0.14,0.6,-3.2,87.4,87.4,0.0,0.01,0.05,24.9,109,AUTO.LOITER,0,0
2026-08-17T16:59:05,1786960745,13.822803,100.511627,15.6,-0.15,0.6,-3.2,87.4,87.4,-0.01,0.01,0.05,24.9,109,AUTO.LOITER,0,0
2026-08-17T16:59:06,1786960746,13.822803,100.511627,15.6,-0.14,0.6,-3.1,87.4,87.4,0.0,0.0,0.05,24.9,109,AUTO.LOITER,0,0
2026-08-17T16:59:07,1786960747,13.822803,100.511627,15.6,-0.14,0.6,-3.1,87.4,87.4,0.0,0.0,0.05,24.9,109,AUTO.LOITER,0,0
2026-08-17T16:59:08,1786960748,13.822803,100.511627,15.6,-0.14,0.5,-3.1,87.4,87.4,0.0,0.0,0.04,24.9,109,AUTO.LOITER,0,0
2026-08-17T16:59:09,1786960749,13.822803,100.511627,15.6,-0.13,0.5,-3.1,87.4,87.4,0.0,0.0,0.02,24.9,109,AUTO.LOITER,0,0
2026-08-17T16:59:10,1786960750,13.822803,100.511627,15.6,-0.12,0.5,-3.1,87.4,87.4,0.0,0.0,0.01,24.9,109,AUTO.LOITER,0,0
2026-08-17T16:59:11,1786960751,13.822803,100.511627,15.6,-0.11,0.5,-3.1,87.4,87.4,0.0,0.0,0.01,24.9,109,AUTO.LOITER,0,0
2026-08-17T16:59:12,1786960752,13.822803,100.511627,15.6,-0.11,0.5,-3.1,87.4,87.4,0.01,0.0,0.01,24.9,109,AUTO.LOITER,0,0
2026-08-17T16:59:13,1786960753,13.822803,100.511627,15.4,-0.11,0.5,-3.1,87.4,87.4,0.01,0.0,0.01,24.9,109,AUTO.LOITER,0,0
2026-08-17T16:59:14,1786960754,13.822803,100.511627,15.4,-0.11,0.5,-3.1,87.4,87.4,0.02,0.0,0.01,24.9,109,AUTO.LOITER,0,0
2026-08-17T16:59:15,1786960755,13.822803,100.511627,15.6,-0.12,0.5,-3.1,87.4,87.4,0.02,0.0,0.02,24.9,109,AUTO.LOITER,0,0
2026-08-17T16:59:16,1786960756,13.822803,100.511627,15.6,-0.12,0.5,-3.1,87.4,87.4,0.02,0.0,0.02,24.9,109,AUTO.LOITER,0,0
2026-08-17T16:59:17,1786960757,13.822803,100.511627,15.6,-0.12,0.6,-3.2,87.4,87.4,0.02,0.0,0.02,24.9,109,AUTO.LOITER,0,0
2026-08-17T16:59:18,1786960758,13.822803,100.511627,15.6,-0.12,0.6,-3.2,87.4,87.4,0.02,0.0,0.02,24.9,109,AUTO.LOITER,0,0
2026-08-17T16:59:19,1786960759,13.822803,100.511627,15.6,-0.12,0.6,-3.2,87.4,87.4,0.02,0.0,0.02,24.9,109,AUTO.LOITER,0,0
2026-08-17T16:59:20,1786960760,13.822803,100.511627,15.6,-0.13,0.6,-3.2,87.4,87.4,0.01,0.0,0.04,24.9,109,AUTO.LOITER,0,0
2026-08-17T16:59:21,1786960761,13.822803,100.511627,15.6,-0.14,0.6,-3.2,87.4,87.4,0.0,0.01,0.04,24.9,109,AUTO.LOITER,0,0
2026-08-17T16:59:22,1786960762,13.822803,100.511627,15.6,-0.14,0.6,-3.2,87.4,87.4,0.0,0.01,0.04,24.9,109,AUTO.LOITER,0,0
2026-08-17T16:59:23,1786960763,13.822803,100.511627,15.6,-0.14,0.6,-3.2,87.4,87.4,0.0,0.02,0.04,24.9,109,AUTO.LOITER,0,0
2026-08-17T16:59:24,1786960764,13.822803,100.511627,15.6,-0.15,0.6,-3.1,87.4,87.4,0.01,0.03,0.05,24.9,109,AUTO.LOITER,0,0
2026-08-17T16:59:25,1786960765,13.822803,100.511627,15.6,-0.15,0.6,-3.1,87.4,87.4,0.01,0.03,0.05,24.9,109,AUTO.LOITER,0,0
2026-08-17T16:59:26,1786960766,13.822803,100.511627,15.6,-0.15,0.6,-3.1,87.4,87.4,0.02,0.01,0.06,24.9,109,AUTO.LOITER,0,0
2026-08-17T16:59:27,1786960767,13.822803,100.511627,15.5,-0.16,0.6,-3.1,87.3,87.3,0.01,0.0,0.07,24.9,109,AUTO.LOITER,0,0
2026-08-17T16:59:28,1786960768,13.822803,100.511627,15.5,-0.17,0.6,-3.1,87.3,87.3,0.01,0.0,0.08,24.9,109,AUTO.LOITER,0,0
2026-08-17T16:59:29,1786960769,13.822803,100.511627,15.5,-0.17,0.7,-3.1,87.3,87.3,-0.01,0.0,0.07,24.9,109,AUTO.LOITER,0,0
2026-08-17T16:59:30,1786960770,13.822803,100.511627,15.5,-0.16,0.7,-3.1,87.3,87.3,-0.02,0.01,0.07,24.9,109,AUTO.LOITER,0,0
2026-08-17T16:59:31,1786960771,13.822803,100.511627,15.5,-0.16,0.7,-3.1,87.3,87.3,0.0,0.01,0.07,24.9,109,AUTO.LOITER,0,0
2026-08-17T16:59:32,1786960772,13.822803,100.511627,15.4,-0.16,0.7,-3.1,87.3,87.3,0.0,0.01,0.07,24.9,109,AUTO.LOITER,0,0
2026-08-17T16:59:33,1786960773,13.822803,100.511627,15.6,-0.15,0.6,-3.1,87.3,87.3,0.0,0.0,0.05,24.9,109,AUTO.LOITER,0,0
2026-08-17T16:59:34,1786960774,13.822803,100.511627,15.4,-0.15,0.6,-3.1,87.3,87.3,0.0,0.0,0.05,24.9,109,AUTO.LOITER,0,0
2026-08-17T16:59:35,1786960775,13.822803,100.511627,15.3,-0.15,0.6,-3.1,87.3,87.3,0.0,0.0,0.06,24.9,109,AUTO.LOITER,0,0
2026-08-17T16:59:36,1786960776,13.822803,100.511626,15.4,-0.15,0.6,-3.1,87.3,87.3,0.0,0.0,0.06,24.9,109,AUTO.LOITER,0,0
2026-08-17T16:59:37,1786960777,13.822803,100.511627,15.5,-0.16,0.6,-3.1,87.3,87.3,0.0,0.0,0.07,24.9,109,AUTO.LOITER,0,0
2026-08-17T16:59:38,1786960778,13.822803,100.511627,15.5,-0.17,0.6,-3.1,87.3,87.3,0.0,-0.01,0.07,24.9,109,AUTO.LOITER,0,0
2026-08-17T16:59:39,1786960779,13.822803,100.511627,15.5,-0.17,0.6,-3.2,87.3,87.3,-0.01,-0.01,0.08,24.9,109,AUTO.LOITER,0,0
2026-08-17T16:59:40,1786960780,13.822803,100.511627,15.5,-0.17,0.6,-3.2,87.3,87.3,-0.02,0.0,0.07,24.9,109,AUTO.LOITER,0,0
2026-08-17T16:59:41,1786960781,13.822803,100.511627,15.5,-0.16,0.6,-3.2,87.3,87.3,-0.01,0.0,0.06,24.9,109,AUTO.LOITER,0,0
2026-08-17T16:59:42,1786960782,13.822803,100.511627,15.6,-0.15,0.6,-3.2,87.3,87.3,-0.01,0.01,0.05,24.9,109,AUTO.LOITER,0,0
2026-08-17T16:59:43,1786960783,13.822803,100.511627,15.6,-0.14,0.6,-3.2,87.3,87.3,0.0,0.0,0.05,24.9,109,AUTO.LOITER,0,0
2026-08-17T16:59:44,1786960784,13.822803,100.511627,15.6,-0.14,0.6,-3.2,87.3,87.3,0.01,0.0,0.05,24.9,109,AUTO.LOITER,0,0
2026-08-17T16:59:45,1786960785,13.822803,100.511627,15.6,-0.14,0.6,-3.2,87.3,87.3,0.01,0.0,0.05,24.9,109,AUTO.LOITER,0,0
2026-08-17T16:59:46,1786960786,13.822803,100.511627,15.6,-0.14,0.6,-3.3,87.3,87.3,0.01,0.0,0.04,24.9,109,AUTO.LOITER,0,0
2026-08-17T16:59:47,1786960787,13.822803,100.511627,15.6,-0.14,0.6,-3.3,87.3,87.3,0.01,0.02,0.04,24.9,109,AUTO.LOITER,0,0
2026-08-17T16:59:48,1786960788,13.822803,100.511627,15.6,-0.14,0.6,-3.3,87.3,87.3,0.01,0.01,0.04,24.9,109,AUTO.LOITER,0,0
2026-08-17T16:59:49,1786960789,13.822803,100.511627,15.6,-0.14,0.6,-3.3,87.3,87.3,0.01,0.02,0.04,24.9,109,AUTO.LOITER,0,0
2026-08-17T16:59:50,1786960790,13.822803,100.511627,15.6,-0.14,0.6,-3.3,87.3,87.3,0.0,0.01,0.04,24.9,109,AUTO.LOITER,0,0
2026-08-17T16:59:51,1786960791,13.822803,100.511627,15.6,-0.14,0.6,-3.2,87.3,87.3,0.0,0.01,0.05,24.9,109,AUTO.LOITER,0,0
2026-08-17T16:59:52,1786960792,13.822803,100.511627,15.6,-0.14,0.6,-3.2,87.3,87.3,0.02,0.01,0.04,24.9,109,AUTO.LOITER,0,0
2026-08-17T16:59:53,1786960793,13.822803,100.511627,15.6,-0.14,0.7,-3.2,87.3,87.3,0.01,0.05,0.05,24.9,109,AUTO.LOITER,0,0
2026-08-17T16:59:54,1786960794,13.822803,100.511626,15.3,-0.14,0.7,-3.2,87.3,87.3,0.01,0.05,0.05,24.9,109,AUTO.LOITER,0,0
2026-08-17T16:59:55,1786960795,13.822803,100.511627,15.4,-0.15,0.7,-3.2,87.3,87.3,0.0,0.03,0.05,24.9,109,AUTO.LOITER,0,0
2026-08-17T16:59:56,1786960796,13.822803,100.511627,15.6,-0.15,0.7,-3.1,87.3,87.3,0.0,0.02,0.05,24.9,109,AUTO.LOITER,0,0
2026-08-17T16:59:57,1786960797,13.822803,100.511627,15.6,-0.15,0.8,-3.1,87.3,87.3,0.0,0.01,0.05,24.9,109,AUTO.LOITER,0,0
2026-08-17T16:59:58,1786960798,13.822803,100.511627,15.6,-0.14,0.8,-3.1,87.3,87.3,0.0,0.0,0.05,24.9,109,AUTO.LOITER,0,0
2026-08-17T16:59:59,1786960799,13.822803,100.511627,15.6,-0.14,0.8,-3.1,87.2,87.2,0.01,0.0,0.05,24.9,109,AUTO.LOITER,0,0
2026-08-17T17:00:00,1786960800,13.822803,100.511627,15.6,-0.14,0.8,-3.1,87.2,87.2,0.01,0.0,0.05,24.9,109,AUTO.LOITER,0,0
2026-08-17T17:00:01,1786960801,13.822803,100.511627,15.6,-0.15,0.8,-3.1,87.2,87.2,0.02,0.0,0.05,24.9,109,AUTO.LOITER,0,0
2026-08-17T17:00:02,1786960802,13.822803,100.511627,15.6,-0.15,0.8,-3.1,87.2,87.2,0.0,-0.01,0.05,24.9,109,AUTO.LOITER,0,0
2026-08-17T17:00:03,1786960803,13.822803,100.511627,15.6,-0.15,0.9,-3.2,87.2,87.2,0.0,0.0,0.05,24.9,109,AUTO.LOITER,0,0
2026-08-17T17:00:04,1786960804,13.822803,100.511627,15.6,-0.14,0.9,-3.2,87.2,87.2,0.0,0.0,0.04,24.9,109,AUTO.LOITER,0,0
2026-08-17T17:00:05,1786960805,13.822803,100.511627,15.6,-0.14,0.9,-3.2,87.2,87.2,0.0,0.0,0.05,24.9,109,AUTO.LOITER,0,0
2026-08-17T17:00:06,1786960806,13.822803,100.511627,15.6,-0.14,0.9,-3.2,87.1,87.1,0.01,0.0,0.04,24.9,109,AUTO.LOITER,0,0
2026-08-17T17:00:07,1786960807,13.822803,100.511626,15.4,-0.14,0.9,-3.2,87.1,87.1,0.01,0.0,0.04,24.9,109,AUTO.LOITER,0,0
2026-08-17T17:00:08,1786960808,13.822803,100.511627,15.4,-0.14,1.0,-3.2,87.1,87.1,0.01,0.0,0.04,24.9,109,AUTO.LOITER,0,0
2026-08-17T17:00:09,1786960809,13.822803,100.511627,15.6,-0.12,1.0,-3.2,87.1,87.1,0.01,0.0,0.02,24.9,109,AUTO.LOITER,0,0
2026-08-17T17:00:10,1786960810,13.822803,100.511627,15.6,-0.12,1.0,-3.2,87.1,87.1,0.0,0.0,0.02,24.9,109,AUTO.LOITER,0,0
2026-08-17T17:00:11,1786960811,13.822803,100.511626,15.6,-0.12,1.1,-3.2,87.1,87.1,-0.03,0.0,0.02,24.9,109,AUTO.LOITER,0,0
2026-08-17T17:00:12,1786960812,13.822803,100.511626,15.6,-0.13,1.1,-3.2,87.1,87.1,-0.03,0.0,0.03,24.9,109,AUTO.LOITER,0,0
2026-08-17T17:00:13,1786960813,13.822803,100.511627,15.4,-0.13,1.1,-3.3,87.1,87.1,-0.03,0.0,0.03,24.9,109,AUTO.LOITER,0,0
2026-08-17T17:00:14,1786960814,13.822803,100.511627,15.4,-0.14,1.0,-3.3,87.0,87.0,-0.03,0.0,0.04,24.9,109,AUTO.LOITER,0,0
2026-08-17T17:00:15,1786960815,13.822803,100.511627,15.6,-0.14,1.0,-3.3,87.0,87.0,-0.02,0.0,0.04,24.9,109,AUTO.LOITER,0,0
2026-08-17T17:00:16,1786960816,13.822803,100.511627,15.6,-0.14,1.0,-3.3,87.0,87.0,-0.01,0.0,0.05,24.9,109,AUTO.LOITER,0,0
2026-08-17T17:00:17,1786960817,13.822803,100.511627,15.6,-0.15,1.0,-3.3,87.0,87.0,0.0,0.0,0.05,24.9,109,AUTO.LOITER,0,0
2026-08-17T17:00:18,1786960818,13.822803,100.511627,15.6,-0.15,1.0,-3.4,87.0,87.0,0.02,0.0,0.05,24.9,109,AUTO.LOITER,0,0
2026-08-17T17:00:19,1786960819,13.822803,100.511627,15.6,-0.15,1.0,-3.4,87.1,87.1,0.02,0.0,0.05,24.9,109,AUTO.LOITER,0,0
2026-08-17T17:00:20,1786960820,13.822803,100.511627,15.6,-0.15,1.0,-3.4,87.0,87.0,0.02,0.0,0.05,24.9,109,AUTO.LOITER,0,0
2026-08-17T17:00:21,1786960821,13.822803,100.511627,15.6,-0.15,1.1,-3.5,87.0,87.0,0.01,0.0,0.05,24.9,109,AUTO.LOITER,0,0
2026-08-17T17:00:22,1786960822,13.822803,100.511627,15.6,-0.15,1.1,-3.5,87.0,87.0,0.0,0.0,0.04,24.9,109,AUTO.LOITER,0,0
2026-08-17T17:00:23,1786960823,13.822803,100.511627,15.6,-0.14,1.1,-3.5,87.0,87.0,-0.01,0.0,0.04,24.9,109,AUTO.LOITER,0,0
2026-08-17T17:00:24,1786960824,13.822803,100.511627,15.6,-0.14,1.1,-3.5,87.0,87.0,-0.01,0.0,0.04,24.9,109,AUTO.LOITER,0,0
2026-08-17T17:00:25,1786960825,13.822803,100.511627,15.6,-0.14,1.1,-3.5,87.0,87.0,0.0,0.01,0.03,24.9,109,AUTO.LOITER,0,0
2026-08-17T17:00:26,1786960826,13.822803,100.511626,15.6,-0.14,1.1,-3.5,87.0,87.0,0.0,0.02,0.04,24.9,109,AUTO.LOITER,0,0
2026-08-17T17:00:27,1786960827,13.822803,100.511627,15.6,-0.14,1.1,-3.5,87.1,87.1,-0.02,0.06,0.05,24.9,109,AUTO.LOITER,0,0
2026-08-17T17:00:28,1786960828,13.822803,100.511627,15.5,-0.15,1.1,-3.4,87.1,87.1,-0.01,0.06,0.06,24.9,109,AUTO.LOITER,0,0
2026-08-17T17:00:29,1786960829,13.822803,100.511627,15.5,-0.16,1.1,-3.4,87.1,87.1,0.0,0.05,0.07,24.9,109,AUTO.LOITER,0,0
2026-08-17T17:00:30,1786960830,13.822803,100.511627,15.5,-0.16,1.1,-3.4,87.1,87.1,0.0,0.05,0.07,24.9,109,AUTO.LOITER,0,0
2026-08-17T17:00:31,1786960831,13.822803,100.511627,15.5,-0.15,1.1,-3.3,87.0,87.0,0.0,0.02,0.05,24.9,109,AUTO.LOITER,0,0
2026-08-17T17:00:32,1786960832,13.822803,100.511627,15.6,-0.14,1.2,-3.3,87.0,87.0,-0.02,0.01,0.04,24.9,109,AUTO.LOITER,0,0
2026-08-17T17:00:33,1786960833,13.822803,100.511627,15.4,-0.14,1.2,-3.3,87.0,87.0,-0.02,0.01,0.04,24.9,109,AUTO.LOITER,0,0
2026-08-17T17:00:34,1786960834,13.822803,100.511627,15.4,-0.14,1.1,-3.2,87.1,87.1,-0.01,0.0,0.03,24.9,109,AUTO.LOITER,0,0
2026-08-17T17:00:35,1786960835,13.822803,100.511627,15.4,-0.13,1.1,-3.3,87.1,87.1,-0.01,0.0,0.03,24.9,109,AUTO.LOITER,0,0
2026-08-17T17:00:36,1786960836,13.822803,100.511627,15.6,-0.13,1.1,-3.3,87.1,87.1,0.0,0.0,0.04,24.9,109,AUTO.LOITER,0,0
2026-08-17T17:00:37,1786960837,13.822803,100.511627,15.6,-0.14,1.1,-3.3,87.1,87.1,0.0,-0.01,0.04,24.9,109,AUTO.LOITER,0,0
2026-08-17T17:00:38,1786960838,13.822803,100.511627,15.6,-0.14,1.1,-3.3,87.1,87.1,-0.01,-0.01,0.04,24.9,109,AUTO.LOITER,0,0
2026-08-17T17:00:39,1786960839,13.822803,100.511627,15.6,-0.14,1.1,-3.3,87.1,87.1,-0.01,0.0,0.04,24.9,109,AUTO.LOITER,0,0
2026-08-17T17:00:40,1786960840,13.822803,100.511627,15.6,-0.14,1.1,-3.3,87.1,87.1,0.0,0.0,0.04,24.9,109,AUTO.LOITER,0,0
2026-08-17T17:00:41,1786960841,13.822803,100.511627,15.6,-0.14,1.1,-3.3,87.1,87.1,0.0,0.0,0.03,24.9,109,AUTO.LOITER,0,0
2026-08-17T17:00:42,1786960842,13.822803,100.511627,15.6,-0.13,1.1,-3.3,87.1,87.1,0.01,0.0,0.02,24.9,109,AUTO.LOITER,0,0
2026-08-17T17:00:43,1786960843,13.822803,100.511627,15.6,-0.12,1.1,-3.3,87.1,87.1,0.01,0.0,0.02,24.9,109,AUTO.LOITER,0,0
2026-08-17T17:00:44,1786960844,13.822803,100.511627,15.6,-0.13,1.1,-3.3,87.1,87.1,0.01,0.0,0.03,24.9,109,AUTO.LOITER,0,0
2026-08-17T17:00:45,1786960845,13.822803,100.511627,15.6,-0.13,1.1,-3.3,87.1,87.1,0.01,0.0,0.03,24.9,109,AUTO.LOITER,0,0
2026-08-17T17:00:46,1786960846,13.822803,100.511627,15.6,-0.13,1.1,-3.3,87.1,87.1,0.0,0.0,0.02,24.9,109,AUTO.LOITER,0,0
2026-08-17T17:00:47,1786960847,13.822803,100.511627,15.6,-0.12,1.1,-3.3,87.1,87.1,0.0,0.0,0.02,24.9,109,AUTO.LOITER,0,0
2026-08-17T17:00:48,1786960848,13.822803,100.511627,15.6,-0.11,1.1,-3.3,87.1,87.1,-0.01,0.01,0.0,24.9,109,AUTO.LOITER,0,0
2026-08-17T17:00:49,1786960849,13.822803,100.511627,15.6,-0.1,1.1,-3.3,87.1,87.1,-0.01,0.02,0.0,24.9,109,AUTO.LOITER,0,0
2026-08-17T17:00:50,1786960850,13.822803,100.511627,15.5,-0.1,1.1,-3.3,87.1,87.1,-0.01,0.02,0.0,24.9,109,AUTO.LOITER,0,0
2026-08-17T17:00:51,1786960851,13.822803,100.511627,15.4,-0.11,1.1,-3.2,87.1,87.1,-0.02,0.01,0.02,24.9,109,AUTO.LOITER,0,0
2026-08-17T17:00:52,1786960852,13.822803,100.511627,15.6,-0.13,1.1,-3.2,87.1,87.1,-0.01,0.01,0.04,24.9,109,AUTO.LOITER,0,0
2026-08-17T17:00:53,1786960853,13.822803,100.511627,15.6,-0.14,1.1,-3.1,87.1,87.1,-0.01,0.0,0.05,24.9,109,AUTO.LOITER,0,0
2026-08-17T17:00:54,1786960854,13.822803,100.511626,15.6,-0.15,1.1,-3.1,87.1,87.1,-0.01,-0.01,0.06,24.9,109,AUTO.LOITER,0,0
2026-08-17T17:00:55,1786960855,13.822803,100.511627,15.5,-0.16,1.1,-3.1,87.1,87.1,-0.01,0.0,0.07,24.9,109,AUTO.LOITER,0,0
2026-08-17T17:00:56,1786960856,13.822803,100.511627,15.5,-0.17,1.1,-3.1,87.1,87.1,-0.01,0.0,0.08,24.9,109,AUTO.LOITER,0,0
2026-08-17T17:00:57,1786960857,13.822803,100.511627,15.4,-0.17,1.1,-3.1,87.1,87.1,-0.01,0.0,0.08,24.9,109,AUTO.LOITER,0,0
2026-08-17T17:00:58,1786960858,13.822803,100.511626,15.4,-0.17,1.1,-3.1,87.1,87.1,-0.01,0.0,0.08,24.9,109,AUTO.LOITER,0,0
2026-08-17T17:00:59,1786960859,13.822803,100.511626,15.5,-0.19,1.1,-3.0,87.1,87.1,0.0,-0.03,0.09,24.9,109,AUTO.LOITER,0,0
2026-08-17T17:01:00,1786960860,13.822803,100.511626,15.5,-0.18,1.1,-3.1,87.1,87.1,0.0,-0.01,0.08,24.9,109,AUTO.LOITER,0,0
2026-08-17T17:01:01,1786960861,13.822803,100.511627,15.5,-0.16,1.1,-3.1,87.1,87.1,-0.01,0.0,0.07,24.9,109,AUTO.LOITER,0,0
2026-08-17T17:01:02,1786960862,13.822803,100.511627,15.5,-0.16,1.1,-3.1,87.1,87.1,-0.01,-0.01,0.07,24.9,109,AUTO.LOITER,0,0
2026-08-17T17:01:03,1786960863,13.822803,100.511627,15.5,-0.16,1.1,-3.1,87.1,87.1,-0.01,-0.01,0.07,24.9,109,AUTO.LOITER,0,0
2026-08-17T17:01:04,1786960864,13.822803,100.511627,15.5,-0.15,1.1,-3.1,87.1,87.1,-0.02,0.0,0.05,24.9,109,AUTO.LOITER,0,0
2026-08-17T17:01:05,1786960865,13.822803,100.511627,15.6,-0.14,1.1,-3.1,87.1,87.1,-0.03,0.0,0.04,24.9,109,AUTO.LOITER,0,0
2026-08-17T17:01:06,1786960866,13.822803,100.511627,15.6,-0.14,1.1,-3.1,87.1,87.1,-0.01,-0.01,0.04,24.9,109,AUTO.LOITER,0,0
2026-08-17T17:01:07,1786960867,13.822803,100.511627,15.6,-0.14,1.1,-3.1,87.1,87.1,-0.01,-0.01,0.04,24.9,109,AUTO.LOITER,0,0
2026-08-17T17:01:08,1786960868,13.822803,100.511627,15.4,-0.14,1.1,-3.1,87.1,87.1,-0.01,-0.01,0.04,24.9,109,AUTO.LOITER,0,0
2026-08-17T17:01:09,1786960869,13.822803,100.511627,15.5,-0.14,1.1,-3.2,87.1,87.1,-0.01,-0.01,0.04,24.9,109,AUTO.LOITER,0,0
2026-08-17T17:01:10,1786960870,13.822803,100.511627,15.6,-0.15,1.1,-3.2,87.1,87.1,-0.01,0.0,0.06,24.9,109,AUTO.LOITER,0,0
2026-08-17T17:01:11,1786960871,13.822803,100.511627,15.6,-0.15,1.1,-3.2,87.1,87.1,-0.01,0.0,0.05,24.9,109,AUTO.LOITER,0,0
2026-08-17T17:01:12,1786960872,13.822803,100.511627,15.6,-0.14,1.1,-3.2,87.1,87.1,0.0,0.01,0.04,24.9,109,AUTO.LOITER,0,0
2026-08-17T17:01:13,1786960873,13.822803,100.511627,15.6,-0.13,1.1,-3.2,87.1,87.1,-0.01,0.0,0.03,24.9,109,AUTO.LOITER,0,0
2026-08-17T17:01:14,1786960874,13.822803,100.511627,15.6,-0.13,1.1,-3.2,87.0,87.0,-0.01,0.0,0.03,24.9,109,AUTO.LOITER,0,0
2026-08-17T17:01:15,1786960875,13.822803,100.511627,15.6,-0.13,1.1,-3.2,87.0,87.0,-0.01,0.0,0.03,24.9,109,AUTO.LOITER,0,0
2026-08-17T17:01:16,1786960876,13.822803,100.511627,15.6,-0.13,1.1,-3.2,87.0,87.0,0.0,0.02,0.02,24.9,109,AUTO.LOITER,0,0
2026-08-17T17:01:17,1786960877,13.822803,100.511626,15.4,-0.13,1.1,-3.2,87.0,87.0,0.0,0.02,0.02,24.9,109,AUTO.LOITER,0,0
2026-08-17T17:01:18,1786960878,13.822803,100.511626,15.4,-0.13,1.1,-3.2,87.0,87.0,0.0,0.02,0.02,24.9,109,AUTO.LOITER,0,0
2026-08-17T17:01:19,1786960879,13.822803,100.511627,15.6,-0.1,1.1,-3.1,87.0,87.0,-0.02,0.0,0.0,24.9,109,AUTO.LOITER,0,0
2026-08-17T17:01:20,1786960880,13.822803,100.511627,15.6,-0.1,1.0,-3.1,87.0,87.0,-0.02,0.0,0.0,24.9,109,AUTO.LOITER,0,0
2026-08-17T17:01:21,1786960881,13.822803,100.511627,15.6,-0.1,1.0,-3.1,87.0,87.0,-0.01,0.0,0.0,24.9,109,AUTO.LOITER,0,0
2026-08-17T17:01:22,1786960882,13.822803,100.511627,15.6,-0.11,1.0,-3.1,87.0,87.0,0.01,0.02,0.01,24.9,109,AUTO.LOITER,0,0
2026-08-17T17:01:23,1786960883,13.822803,100.511627,15.4,-0.11,1.0,-3.1,87.0,87.0,0.01,0.02,0.01,24.9,109,AUTO.LOITER,0,0
2026-08-17T17:01:24,1786960884,13.822803,100.511627,15.4,-0.12,1.0,-3.1,87.0,87.0,0.02,0.03,0.02,24.9,109,AUTO.LOITER,0,0
2026-08-17T17:01:25,1786960885,13.822803,100.511626,15.4,-0.13,1.0,-3.0,87.0,87.0,0.01,0.03,0.03,24.9,109,AUTO.LOITER,0,0
2026-08-17T17:01:26,1786960886,13.822803,100.511627,15.6,-0.13,1.0,-2.9,87.0,87.0,0.02,0.02,0.03,24.9,109,AUTO.LOITER,0,0
2026-08-17T17:01:27,1786960887,13.822803,100.511627,15.6,-0.14,1.1,-2.9,87.0,87.0,0.01,0.0,0.04,24.9,109,AUTO.LOITER,0,0
2026-08-17T17:01:28,1786960888,13.822803,100.511626,15.6,-0.14,1.1,-2.9,87.0,87.0,0.01,-0.01,0.03,24.9,109,AUTO.LOITER,0,0
2026-08-17T17:01:29,1786960889,13.822803,100.511626,15.6,-0.13,1.1,-2.9,86.9,86.9,0.01,0.0,0.03,24.9,109,AUTO.LOITER,0,0
2026-08-17T17:01:30,1786960890,13.822803,100.511627,15.6,-0.13,1.1,-2.9,86.9,86.9,0.01,0.0,0.02,24.9,109,AUTO.LOITER,0,0
2026-08-17T17:01:31,1786960891,13.822803,100.511627,15.6,-0.12,1.1,-2.8,86.9,86.9,0.01,0.0,0.02,24.9,109,AUTO.LOITER,0,0
2026-08-17T17:01:32,1786960892,13.822803,100.511627,15.6,-0.13,1.2,-2.8,86.9,86.9,0.0,0.0,0.02,24.9,109,AUTO.LOITER,0,0
2026-08-17T17:01:33,1786960893,13.822803,100.511627,15.6,-0.13,1.2,-2.8,86.9,86.9,0.01,0.0,0.02,24.9,109,AUTO.LOITER,0,0
2026-08-17T17:01:34,1786960894,13.822803,100.511627,15.6,-0.12,1.2,-2.8,86.9,86.9,0.01,0.0,0.02,24.9,109,AUTO.LOITER,0,0
2026-08-17T17:01:35,1786960895,13.822803,100.511627,15.6,-0.12,1.2,-2.7,86.9,86.9,0.0,0.0,0.02,24.9,109,AUTO.LOITER,0,0
2026-08-17T17:01:36,1786960896,13.822803,100.511627,15.6,-0.12,1.2,-2.7,86.9,86.9,0.0,-0.02,0.02,24.9,109,AUTO.LOITER,0,0
2026-08-17T17:01:37,1786960897,13.822803,100.511627,15.6,-0.12,1.2,-2.7,86.9,86.9,0.01,-0.02,0.01,24.9,109,AUTO.LOITER,0,0
2026-08-17T17:01:38,1786960898,13.822803,100.511626,15.6,-0.11,1.3,-2.7,86.9,86.9,0.0,-0.01,0.0,24.9,109,AUTO.LOITER,0,0
2026-08-17T17:01:39,1786960899,13.822803,100.511626,15.6,-0.1,1.3,-2.7,86.9,86.9,0.01,0.0,0.0,24.9,109,AUTO.LOITER,0,0
2026-08-17T17:01:40,1786960900,13.822803,100.511627,15.6,-0.09,1.3,-2.7,86.9,86.9,0.0,0.0,-0.01,24.9,109,AUTO.LOITER,0,0
2026-08-17T17:01:41,1786960901,13.822803,100.511627,15.6,-0.08,1.3,-2.7,86.9,86.9,0.0,0.0,-0.03,24.9,109,AUTO.LOITER,0,0
2026-08-17T17:01:42,1786960902,13.822803,100.511626,15.4,-0.08,1.3,-2.7,86.9,86.9,0.0,0.0,-0.03,24.9,109,AUTO.LOITER,0,0
2026-08-17T17:01:43,1786960903,13.822803,100.511627,15.4,-0.08,1.3,-2.6,86.9,86.9,0.0,0.0,-0.03,24.9,109,AUTO.LOITER,0,0
2026-08-17T17:01:44,1786960904,13.822803,100.511627,15.6,-0.07,1.3,-2.6,86.8,86.8,-0.02,0.0,-0.03,24.9,109,AUTO.LOITER,0,0
2026-08-17T17:01:45,1786960905,13.822803,100.511627,15.6,-0.08,1.2,-2.6,86.8,86.8,-0.01,0.0,-0.02,24.9,109,AUTO.LOITER,0,0
2026-08-17T17:01:46,1786960906,13.822803,100.511627,15.6,-0.08,1.2,-2.6,86.8,86.8,-0.03,0.0,-0.03,24.9,109,AUTO.LOITER,0,0
2026-08-17T17:01:47,1786960907,13.822803,100.511627,15.6,-0.08,1.2,-2.6,86.8,86.8,-0.03,0.0,-0.03,24.9,109,AUTO.LOITER,0,0
2026-08-17T17:01:48,1786960908,13.822803,100.511627,15.6,-0.07,1.2,-2.6,86.8,86.8,-0.02,0.0,-0.04,24.9,109,AUTO.LOITER,0,0
2026-08-17T17:01:49,1786960909,13.822803,100.511627,15.6,-0.07,1.2,-2.6,86.8,86.8,0.0,0.0,-0.04,24.9,109,AUTO.LOITER,0,0
2026-08-17T17:01:50,1786960910,13.822803,100.511627,15.6,-0.07,1.1,-2.6,86.8,86.8,0.01,0.01,-0.02,24.9,109,AUTO.LOITER,0,0
2026-08-17T17:01:51,1786960911,13.822803,100.511627,15.6,-0.09,1.1,-2.5,86.8,86.8,0.0,0.0,-0.01,24.9,109,AUTO.LOITER,0,0
2026-08-17T17:01:52,1786960912,13.822803,100.511627,15.6,-0.09,1.1,-2.5,86.8,86.8,0.0,-0.01,-0.01,24.9,109,AUTO.LOITER,0,0
2026-08-17T17:01:53,1786960913,13.822803,100.511627,15.6,-0.09,1.1,-2.5,86.8,86.8,0.01,-0.01,-0.01,24.9,109,AUTO.LOITER,0,0
2026-08-17T17:01:54,1786960914,13.822803,100.511627,15.6,-0.09,1.1,-2.5,86.8,86.8,0.01,-0.01,-0.01,24.9,109,AUTO.LOITER,0,0
2026-08-17T17:01:55,1786960915,13.822803,100.511627,15.6,-0.09,1.1,-2.5,86.8,86.8,0.0,0.0,-0.01,24.9,109,AUTO.LOITER,0,0
2026-08-17T17:01:56,1786960916,13.822803,100.511627,15.6,-0.09,1.1,-2.5,86.8,86.8,-0.01,0.0,-0.01,24.9,109,AUTO.LOITER,0,0
2026-08-17T17:01:57,1786960917,13.822803,100.511627,15.6,-0.08,1.1,-2.4,86.8,86.8,-0.01,-0.01,-0.02,24.9,109,AUTO.LOITER,0,0
2026-08-17T17:01:58,1786960918,13.822803,100.511627,15.6,-0.08,1.1,-2.4,86.8,86.8,-0.01,-0.01,-0.02,24.9,109,AUTO.LOITER,0,0
2026-08-17T17:01:59,1786960919,13.822803,100.511627,15.6,-0.08,1.1,-2.4,86.8,86.8,-0.02,-0.01,-0.02,24.9,109,AUTO.LOITER,0,0
2026-08-17T17:02:00,1786960920,13.822803,100.511627,15.4,-0.08,1.1,-2.4,86.8,86.8,-0.02,-0.01,-0.02,24.9,109,AUTO.LOITER,0,0
2026-08-17T17:02:01,1786960921,13.822803,100.511626,15.6,-0.07,1.0,-2.4,86.8,86.8,-0.01,-0.01,-0.03,24.9,109,AUTO.LOITER,0,0
2026-08-17T17:02:02,1786960922,13.822803,100.511626,15.6,-0.07,1.0,-2.4,86.8,86.8,0.0,-0.01,-0.03,24.9,109,AUTO.LOITER,0,0
2026-08-17T17:02:03,1786960923,13.822803,100.511626,15.6,-0.07,1.0,-2.4,86.8,86.8,0.0,-0.01,-0.03,24.9,109,AUTO.LOITER,0,0
2026-08-17T17:02:04,1786960924,13.822803,100.511626,15.6,-0.07,1.0,-2.4,86.8,86.8,0.0,-0.01,-0.03,24.9,109,AUTO.LOITER,0,0
2026-08-17T17:02:05,1786960925,13.822803,100.511627,15.6,-0.08,1.0,-2.4,86.8,86.8,0.01,0.0,-0.02,24.9,109,AUTO.LOITER,0,0
2026-08-17T17:02:06,1786960926,13.822803,100.511627,15.6,-0.09,1.0,-2.4,86.8,86.8,0.0,0.0,-0.01,24.9,109,AUTO.LOITER,0,0
2026-08-17T17:02:07,1786960927,13.822803,100.511627,15.6,-0.1,1.0,-2.4,86.8,86.8,0.0,0.0,0.0,24.9,109,AUTO.LOITER,0,0
2026-08-17T17:02:08,1786960928,13.822803,100.511627,15.6,-0.1,1.0,-2.3,86.8,86.8,0.0,0.0,0.0,24.9,109,AUTO.LOITER,0,0
2026-08-17T17:02:09,1786960929,13.822803,100.511627,15.6,-0.1,0.9,-2.3,86.8,86.8,0.0,-0.01,0.0,24.9,109,AUTO.LOITER,0,0
2026-08-17T17:02:10,1786960930,13.822803,100.511627,15.6,-0.1,0.9,-2.3,86.8,86.8,0.0,0.0,0.0,24.9,109,AUTO.LOITER,0,0
2026-08-17T17:02:11,1786960931,13.822803,100.511627,15.6,-0.1,0.9,-2.3,86.8,86.8,0.0,0.0,0.0,24.9,109,AUTO.LOITER,0,0
2026-08-17T17:02:12,1786960932,13.822803,100.511627,15.6,-0.11,0.9,-2.3,86.8,86.8,0.0,0.0,0.0,24.9,109,AUTO.LOITER,0,0
2026-08-17T17:02:13,1786960933,13.822803,100.511627,15.6,-0.11,0.9,-2.3,86.8,86.8,0.0,0.0,0.01,24.9,109,AUTO.LOITER,0,0
2026-08-17T17:02:14,1786960934,13.822803,100.511627,15.6,-0.12,0.9,-2.3,86.8,86.8,0.0,0.0,0.01,24.9,109,AUTO.LOITER,0,0
2026-08-17T17:02:15,1786960935,13.822803,100.511627,15.4,-0.12,0.8,-2.3,86.8,86.8,0.0,0.0,0.01,24.9,109,AUTO.LOITER,0,0
2026-08-17T17:02:16,1786960936,13.822803,100.511627,15.4,-0.11,0.8,-2.2,86.8,86.8,0.01,0.01,0.0,24.9,109,AUTO.LOITER,0,0
2026-08-17T17:02:17,1786960937,13.822803,100.511627,15.4,-0.1,0.8,-2.2,86.8,86.8,0.01,0.0,0.0,24.9,109,AUTO.LOITER,0,0
2026-08-17T17:02:18,1786960938,13.822803,100.511627,15.6,-0.11,0.8,-2.2,86.7,86.7,0.02,0.0,0.01,24.9,109,AUTO.LOITER,0,0
2026-08-17T17:02:19,1786960939,13.822803,100.511627,15.6,-0.11,0.8,-2.2,86.7,86.7,0.02,0.0,0.01,24.9,109,AUTO.LOITER,0,0
2026-08-17T17:02:20,1786960940,13.822803,100.511627,15.6,-0.11,0.8,-2.2,86.7,86.7,0.0,0.0,0.0,24.9,109,AUTO.LOITER,0,0
2026-08-17T17:02:21,1786960941,13.822803,100.511627,15.6,-0.1,0.8,-2.1,86.7,86.7,0.0,0.0,0.0,24.9,109,AUTO.LOITER,0,0
2026-08-17T17:02:22,1786960942,13.822803,100.511627,15.6,-0.1,0.8,-2.1,86.7,86.7,0.0,-0.01,-0.01,24.9,109,AUTO.LOITER,0,0
2026-08-17T17:02:23,1786960943,13.822803,100.511627,15.6,-0.09,0.8,-2.1,86.7,86.7,0.01,-0.01,-0.02,24.9,109,AUTO.LOITER,0,0
2026-08-17T17:02:24,1786960944,13.822803,100.511627,15.6,-0.08,0.8,-2.1,86.7,86.7,0.01,-0.01,-0.03,24.9,109,AUTO.LOITER,0,0
2026-08-17T17:02:25,1786960945,13.822803,100.511627,15.6,-0.08,0.8,-2.1,86.7,86.7,0.0,-0.01,-0.02,24.9,109,AUTO.LOITER,0,0
2026-08-17T17:02:26,1786960946,13.822803,100.511627,15.6,-0.08,0.8,-2.1,86.7,86.7,0.0,-0.01,-0.02,24.9,109,AUTO.LOITER,0,0
2026-08-17T17:02:27,1786960947,13.822803,100.511627,15.6,-0.09,0.7,-2.1,86.7,86.7,0.0,-0.01,-0.01,24.9,109,AUTO.LOITER,0,0
2026-08-17T17:02:28,1786960948,13.822803,100.511627,15.6,-0.08,0.7,-2.1,86.7,86.7,0.02,-0.01,-0.02,24.9,109,AUTO.LOITER,0,0
2026-08-17T17:02:29,1786960949,13.822804,100.511626,15.6,-0.08,0.7,-2.1,86.7,86.7,0.03,-0.03,-0.02,24.9,109,AUTO.LOITER,0,0
2026-08-17T17:02:30,1786960950,13.822803,100.511626,15.6,-0.08,0.7,-2.1,86.7,86.7,0.02,-0.04,-0.01,24.9,109,AUTO.LOITER,0,0
2026-08-17T17:02:31,1786960951,13.822803,100.511626,15.6,-0.1,0.8,-2.2,86.7,86.7,0.02,-0.03,0.0,24.9,109,AUTO.LOITER,0,0
2026-08-17T17:02:32,1786960952,13.822803,100.511626,15.4,-0.1,0.8,-2.2,86.6,86.6,0.02,-0.03,0.0,24.9,109,AUTO.LOITER,0,0
2026-08-17T17:02:33,1786960953,13.822803,100.511627,15.4,-0.11,0.8,-2.2,86.6,86.6,0.02,-0.03,0.01,24.9,109,AUTO.LOITER,0,0
2026-08-17T17:02:34,1786960954,13.822803,100.511627,15.5,-0.12,0.8,-2.2,86.6,86.6,0.03,-0.02,0.01,24.9,109,AUTO.LOITER,0,0
2026-08-17T17:02:35,1786960955,13.822803,100.511626,15.6,-0.11,0.8,-2.3,86.6,86.6,0.02,0.0,0.0,24.9,109,AUTO.LOITER,0,0
2026-08-17T17:02:36,1786960956,13.822803,100.511626,15.6,-0.1,0.9,-2.2,86.6,86.6,0.02,0.0,-0.01,24.9,109,AUTO.LOITER,0,0
2026-08-17T17:02:37,1786960957,13.822803,100.511626,15.6,-0.09,0.9,-2.2,86.6,86.6,0.01,0.0,-0.02,24.9,109,AUTO.LOITER,0,0
2026-08-17T17:02:38,1786960958,13.822803,100.511626,15.6,-0.08,0.9,-2.2,86.6,86.6,0.01,0.0,-0.02,24.9,109,AUTO.LOITER,0,0
2026-08-17T17:02:39,1786960959,13.822803,100.511626,15.6,-0.09,0.9,-2.2,86.6,86.6,0.0,-0.01,-0.01,24.9,109,AUTO.LOITER,0,0
2026-08-17T17:02:40,1786960960,13.822803,100.511626,15.6,-0.1,0.9,-2.2,86.6,86.6,-0.02,0.0,0.0,24.9,109,AUTO.LOITER,0,0
2026-08-17T17:02:41,1786960961,13.822803,100.511626,15.6,-0.1,0.9,-2.2,86.6,86.6,-0.02,0.0,0.0,24.9,109,AUTO.LOITER,0,0
2026-08-17T17:02:42,1786960962,13.822803,100.511626,15.6,-0.11,0.9,-2.2,86.6,86.6,0.0,0.0,0.0,24.9,109,AUTO.LOITER,0,0
2026-08-17T17:02:43,1786960963,13.822803,100.511626,15.6,-0.11,0.9,-2.3,86.6,86.6,0.0,0.0,0.0,24.9,109,AUTO.LOITER,0,0
2026-08-17T17:02:44,1786960964,13.822803,100.511626,15.6,-0.11,0.9,-2.3,86.6,86.6,0.0,0.0,0.0,24.9,109,AUTO.LOITER,0,0
2026-08-17T17:02:45,1786960965,13.822803,100.511626,15.6,-0.1,0.9,-2.3,86.6,86.6,0.0,0.0,0.0,24.9,109,AUTO.LOITER,0,0
2026-08-17T17:02:46,1786960966,13.822803,100.511627,15.6,-0.1,0.9,-2.3,86.6,86.6,0.01,0.0,0.0,24.9,109,AUTO.LOITER,0,0
2026-08-17T17:02:47,1786960967,13.822803,100.511627,15.6,-0.11,0.9,-2.3,86.6,86.6,0.01,0.01,0.0,24.9,109,AUTO.LOITER,0,0
2026-08-17T17:02:48,1786960968,13.822803,100.511627,15.6,-0.1,0.9,-2.3,86.6,86.6,0.01,0.01,0.0,24.9,109,AUTO.LOITER,0,0
2026-08-17T17:02:49,1786960969,13.822803,100.511627,15.6,-0.1,0.9,-2.3,86.6,86.6,0.0,0.0,0.0,24.9,109,AUTO.LOITER,0,0
2026-08-17T17:02:50,1786960970,13.822803,100.511627,15.6,-0.1,0.9,-2.3,86.6,86.6,0.0,0.0,0.0,24.9,109,AUTO.LOITER,0,0
2026-08-17T17:02:51,1786960971,13.822803,100.511627,15.6,-0.1,0.9,-2.3,86.6,86.6,0.0,-0.01,0.0,24.9,109,AUTO.LOITER,0,0
2026-08-17T17:02:52,1786960972,13.822803,100.511627,15.6,-0.11,0.9,-2.3,86.6,86.6,0.0,0.0,0.01,24.9,109,AUTO.LOITER,0,0
2026-08-17T17:02:53,1786960973,13.822803,100.511627,15.4,-0.11,1.0,-2.3,86.6,86.6,0.0,0.0,0.01,24.9,109,AUTO.LOITER,0,0
2026-08-17T17:02:54,1786960974,13.822803,100.511627,15.5,-0.12,0.9,-2.3,86.5,86.5,0.0,0.0,0.01,24.9,109,AUTO.LOITER,0,0
2026-08-17T17:02:55,1786960975,13.822803,100.511627,15.4,-0.11,1.0,-2.3,86.5,86.5,0.0,0.0,0.0,24.9,109,AUTO.LOITER,0,0
2026-08-17T17:02:56,1786960976,13.822803,100.511627,15.6,-0.11,0.9,-2.3,86.5,86.5,0.0,0.01,0.0,24.9,109,AUTO.LOITER,0,0
2026-08-17T17:02:57,1786960977,13.822803,100.511627,15.6,-0.1,0.9,-2.3,86.5,86.5,0.0,0.0,-0.01,24.9,109,AUTO.LOITER,0,0
2026-08-17T17:02:58,1786960978,13.822803,100.511627,15.6,-0.09,0.9,-2.3,86.5,86.5,-0.01,0.0,-0.01,24.9,109,AUTO.LOITER,0,0
2026-08-17T17:02:59,1786960979,13.822803,100.511627,15.6,-0.09,0.9,-2.3,86.5,86.5,0.0,0.0,-0.01,24.9,109,AUTO.LOITER,0,0
2026-08-17T17:03:00,1786960980,13.822803,100.511627,15.6,-0.1,0.9,-2.3,86.5,86.5,-0.01,0.0,0.0,24.9,109,AUTO.LOITER,0,0
2026-08-17T17:03:01,1786960981,13.822803,100.511627,15.6,-0.1,0.9,-2.3,86.5,86.5,-0.02,-0.01,0.0,24.9,109,AUTO.LOITER,0,0
2026-08-17T17:03:02,1786960982,13.822803,100.511627,15.6,-0.12,0.8,-2.3,86.5,86.5,-0.01,-0.03,0.01,24.9,109,AUTO.LOITER,0,0
2026-08-17T17:03:03,1786960983,13.822803,100.511627,15.6,-0.12,0.8,-2.4,86.6,86.6,0.0,-0.01,0.02,24.9,109,AUTO.LOITER,0,0
2026-08-17T17:03:04,1786960984,13.822803,100.511627,15.6,-0.12,0.8,-2.4,86.6,86.6,0.0,-0.01,0.01,24.9,109,AUTO.LOITER,0,0
2026-08-17T17:03:05,1786960985,13.822803,100.511627,15.6,-0.11,0.8,-2.4,86.6,86.6,0.0,0.0,0.0,24.9,109,AUTO.LOITER,0,0
2026-08-17T17:03:06,1786960986,13.822803,100.511627,15.6,-0.1,0.8,-2.4,86.6,86.6,0.01,0.0,0.0,24.9,109,AUTO.LOITER,0,0
2026-08-17T17:03:07,1786960987,13.822803,100.511627,15.6,-0.09,0.8,-2.4,86.6,86.6,0.01,0.0,0.0,24.9,109,AUTO.LOITER,0,0
2026-08-17T17:03:08,1786960988,13.822803,100.511627,15.6,-0.09,0.8,-2.4,86.6,86.6,0.01,0.0,-0.01,24.9,109,AUTO.LOITER,0,0
2026-08-17T17:03:09,1786960989,13.822803,100.511627,15.6,-0.09,0.8,-2.4,86.6,86.6,0.0,0.01,0.0,24.9,109,AUTO.LOITER,0,0
2026-08-17T17:03:10,1786960990,13.822803,100.511627,15.6,-0.1,0.8,-2.4,86.6,86.6,-0.01,0.01,0.0,24.9,109,AUTO.LOITER,0,0
2026-08-17T17:03:11,1786960991,13.822803,100.511627,15.6,-0.1,0.8,-2.4,86.6,86.6,-0.01,0.02,0.0,24.9,109,AUTO.LOITER,0,0
2026-08-17T17:03:12,1786960992,13.822803,100.511627,15.6,-0.1,0.8,-2.4,86.6,86.6,-0.01,0.01,0.0,24.9,109,AUTO.LOITER,0,0
2026-08-17T17:03:13,1786960993,13.822803,100.511627,15.6,-0.12,0.8,-2.4,86.6,86.6,-0.01,0.0,0.01,24.9,109,AUTO.LOITER,0,0
2026-08-17T17:03:14,1786960994,13.822803,100.511626,15.3,-0.12,0.8,-2.4,86.6,86.6,-0.01,0.0,0.01,24.9,109,AUTO.LOITER,0,0
2026-08-17T17:03:15,1786960995,13.822803,100.511627,15.5,-0.12,0.8,-2.4,86.6,86.6,-0.01,-0.01,0.02,24.9,109,AUTO.LOITER,0,0
2026-08-17T17:03:16,1786960996,13.822803,100.511627,15.4,-0.12,0.7,-2.4,86.6,86.6,0.0,-0.01,0.01,24.9,109,AUTO.LOITER,0,0
2026-08-17T17:03:17,1786960997,13.822803,100.511627,15.6,-0.11,0.7,-2.5,86.6,86.6,0.01,0.0,0.0,24.9,109,AUTO.LOITER,0,0
2026-08-17T17:03:18,1786960998,13.822803,100.511627,15.6,-0.1,0.7,-2.5,86.6,86.6,0.02,0.0,-0.01,24.9,109,AUTO.LOITER,0,0
2026-08-17T17:03:19,1786960999,13.822803,100.511627,15.6,-0.09,0.7,-2.5,86.6,86.6,0.03,0.0,-0.02,24.9,109,AUTO.LOITER,0,0
2026-08-17T17:03:20,1786961000,13.822803,100.511627,15.6,-0.08,0.7,-2.5,86.6,86.6,0.02,0.0,-0.02,24.9,109,AUTO.LOITER,0,0
2026-08-17T17:03:21,1786961001,13.822804,100.511626,15.4,-0.08,0.8,-2.5,86.6,86.6,0.02,0.0,-0.02,24.9,109,AUTO.LOITER,0,0
2026-08-17T17:03:22,1786961002,13.822804,100.511626,15.4,-0.08,0.8,-2.5,86.6,86.6,0.02,0.0,-0.02,24.9,109,AUTO.LOITER,0,0
2026-08-17T17:03:23,1786961003,13.822803,100.511627,15.6,-0.1,0.9,-2.6,86.6,86.6,0.0,-0.01,0.0,24.9,109,AUTO.LOITER,0,0
2026-08-17T17:03:24,1786961004,13.822803,100.511626,15.6,-0.1,0.9,-2.6,86.7,86.7,0.01,-0.03,0.0,24.9,109,AUTO.LOITER,0,0
2026-08-17T17:03:25,1786961005,13.822803,100.511626,15.6,-0.1,0.9,-2.7,86.7,86.7,0.01,-0.03,0.0,24.9,109,AUTO.LOITER,0,0
2026-08-17T17:03:26,1786961006,13.822803,100.511626,15.6,-0.09,0.9,-2.7,86.7,86.7,0.0,-0.03,-0.01,24.9,109,AUTO.LOITER,0,0
2026-08-17T17:03:27,1786961007,13.822803,100.511626,15.6,-0.09,1.0,-2.7,86.7,86.7,0.0,-0.02,0.0,24.9,109,AUTO.LOITER,0,0
2026-08-17T17:03:28,1786961008,13.822803,100.511626,15.6,-0.11,1.0,-2.8,86.7,86.7,0.0,-0.02,0.0,24.9,109,AUTO.LOITER,0,0
2026-08-17T17:03:29,1786961009,13.822803,100.511626,15.6,-0.11,1.0,-2.8,86.7,86.7,0.0,-0.02,0.0,24.9,109,AUTO.LOITER,0,0
2026-08-17T17:03:30,1786961010,13.822803,100.511627,15.6,-0.11,1.0,-2.9,86.7,86.7,0.0,0.01,0.0,24.9,109,AUTO.LOITER,0,0
2026-08-17T17:03:31,1786961011,13.822803,100.511627,15.6,-0.11,1.0,-2.9,86.7,86.7,0.01,0.02,0.01,24.9,109,AUTO.LOITER,0,0
2026-08-17T17:03:32,1786961012,13.822803,100.511627,15.6,-0.12,1.0,-2.9,86.7,86.7,0.0,0.02,0.01,24.9,109,AUTO.LOITER,0,0
2026-08-17T17:03:33,1786961013,13.822803,100.511627,15.6,-0.12,1.0,-2.8,86.7,86.7,0.01,0.01,0.01,24.9,109,AUTO.LOITER,0,0
2026-08-17T17:03:34,1786961014,13.822803,100.511627,15.4,-0.12,1.0,-2.8,86.7,86.7,0.01,0.01,0.01,24.9,109,AUTO.LOITER,0,0
2026-08-17T17:03:35,1786961015,13.822803,100.511627,15.4,-0.12,1.0,-2.8,86.7,86.7,0.0,0.0,0.01,24.9,109,AUTO.LOITER,0,0
2026-08-17T17:03:36,1786961016,13.822803,100.511627,15.4,-0.12,1.0,-2.8,86.7,86.7,0.0,0.0,0.01,24.9,109,AUTO.LOITER,0,0
2026-08-17T17:03:37,1786961017,13.822803,100.511627,15.6,-0.12,1.0,-2.8,86.8,86.8,0.0,0.0,0.02,24.9,109,AUTO.LOITER,0,0
2026-08-17T17:03:38,1786961018,13.822803,100.511627,15.6,-0.13,1.0,-2.8,86.8,86.8,0.01,0.01,0.03,24.9,109,AUTO.LOITER,0,0
2026-08-17T17:03:39,1786961019,13.822803,100.511627,15.6,-0.14,1.0,-2.8,86.8,86.8,0.0,0.01,0.03,24.9,109,AUTO.LOITER,0,0
2026-08-17T17:03:40,1786961020,13.822803,100.511627,15.6,-0.13,1.0,-2.8,86.8,86.8,0.0,0.01,0.02,24.9,109,AUTO.LOITER,0,0
2026-08-17T17:03:41,1786961021,13.822803,100.511627,15.6,-0.12,1.0,-2.8,86.8,86.8,0.0,0.0,0.01,24.9,109,AUTO.LOITER,0,0
2026-08-17T17:03:42,1786961022,13.822803,100.511627,15.6,-0.11,1.0,-2.8,86.8,86.8,0.0,-0.01,0.0,24.9,109,AUTO.LOITER,0,0
2026-08-17T17:03:43,1786961023,13.822803,100.511627,15.6,-0.11,1.0,-2.8,86.8,86.8,-0.01,-0.01,0.0,24.9,109,AUTO.LOITER,0,0
2026-08-17T17:03:44,1786961024,13.822803,100.511627,15.6,-0.11,1.0,-2.8,86.8,86.8,0.0,-0.01,0.01,24.9,109,AUTO.LOITER,0,0
2026-08-17T17:03:45,1786961025,13.822803,100.511627,15.6,-0.11,1.0,-2.9,86.8,86.8,0.0,-0.01,0.01,24.9,109,AUTO.LOITER,0,0
2026-08-17T17:03:46,1786961026,13.822803,100.511627,15.6,-0.11,1.0,-2.9,86.8,86.8,0.0,-0.01,0.01,24.9,109,AUTO.LOITER,0,0
2026-08-17T17:03:47,1786961027,13.822803,100.511627,15.6,-0.12,1.0,-2.9,86.8,86.8,0.0,-0.01,0.01,24.9,109,AUTO.LOITER,0,0
2026-08-17T17:03:48,1786961028,13.822803,100.511627,15.6,-0.11,1.0,-2.9,86.8,86.8,0.01,0.0,0.0,24.9,109,AUTO.LOITER,0,0
2026-08-17T17:03:49,1786961029,13.822803,100.511627,15.6,-0.11,1.0,-2.9,86.8,86.8,0.02,0.01,0.0,24.9,109,AUTO.LOITER,0,0
2026-08-17T17:03:50,1786961030,13.822803,100.511627,15.6,-0.1,1.1,-2.9,86.8,86.8,0.02,0.0,0.0,24.9,109,AUTO.LOITER,0,0
2026-08-17T17:03:51,1786961031,13.822803,100.511627,15.6,-0.11,1.1,-2.9,86.9,86.9,0.0,0.0,0.0,24.9,109,AUTO.LOITER,0,0
2026-08-17T17:03:52,1786961032,13.822803,100.511627,15.6,-0.11,1.1,-2.9,86.9,86.9,0.0,0.0,0.01,24.9,109,AUTO.LOITER,0,0
2026-08-17T17:03:53,1786961033,13.822803,100.511627,15.6,-0.11,1.1,-2.9,86.9,86.9,-0.01,0.0,0.0,24.9,109,AUTO.LOITER,0,0
2026-08-17T17:03:54,1786961034,13.822803,100.511627,15.6,-0.11,1.1,-2.9,86.9,86.9,0.0,0.0,0.0,24.9,109,AUTO.LOITER,0,0
2026-08-17T17:03:55,1786961035,13.822803,100.511627,15.4,-0.11,1.0,-2.9,86.9,86.9,0.0,0.0,0.0,24.9,109,AUTO.LOITER,0,0
2026-08-17T17:03:56,1786961036,13.822803,100.511627,15.4,-0.11,1.0,-2.9,86.9,86.9,0.0,0.02,0.0,24.9,109,AUTO.LOITER,0,0
2026-08-17T17:03:57,1786961037,13.822803,100.511627,15.4,-0.1,1.0,-2.8,86.9,86.9,0.0,0.03,0.0,24.9,109,AUTO.LOITER,0,0
2026-08-17T17:03:58,1786961038,13.822803,100.511627,15.6,-0.09,1.0,-2.8,86.9,86.9,0.0,0.02,-0.02,24.9,109,AUTO.LOITER,0,0
2026-08-17T17:03:59,1786961039,13.822803,100.511627,15.6,-0.08,1.0,-2.8,86.9,86.9,0.0,0.02,-0.03,24.9,109,AUTO.LOITER,0,0
2026-08-17T17:04:00,1786961040,13.822803,100.511627,15.6,-0.07,1.0,-2.8,86.9,86.9,0.0,0.01,-0.03,24.9,109,AUTO.LOITER,0,0
2026-08-17T17:04:01,1786961041,13.822803,100.511627,15.6,-0.08,1.0,-2.8,86.9,86.9,0.0,0.0,-0.02,24.9,109,AUTO.LOITER,0,0
2026-08-17T17:04:02,1786961042,13.822803,100.511627,15.6,-0.08,1.0,-2.8,86.9,86.9,0.0,0.0,-0.03,24.9,109,AUTO.LOITER,0,0
2026-08-17T17:04:03,1786961043,13.822803,100.511627,15.6,-0.08,1.0,-2.8,86.9,86.9,0.0,0.0,-0.03,24.9,109,AUTO.LOITER,0,0
2026-08-17T17:04:04,1786961044,13.822803,100.511627,15.6,-0.07,1.0,-2.8,86.8,86.8,0.0,-0.01,-0.03,24.9,109,AUTO.LOITER,0,0
2026-08-17T17:04:05,1786961045,13.822803,100.511627,15.6,-0.07,1.0,-2.8,86.8,86.8,0.0,0.0,-0.04,24.9,109,AUTO.LOITER,0,0
2026-08-17T17:04:06,1786961046,13.822803,100.511627,15.6,-0.06,1.0,-2.8,86.8,86.8,0.0,0.0,-0.05,24.9,109,AUTO.LOITER,0,0
2026-08-17T17:04:07,1786961047,13.822803,100.511627,15.6,-0.05,1.0,-2.8,86.8,86.8,0.0,-0.01,-0.06,24.9,109,AUTO.LOITER,0,0
2026-08-17T17:04:08,1786961048,13.822803,100.511627,15.6,-0.05,0.9,-2.8,86.8,86.8,0.0,-0.02,-0.05,24.9,109,AUTO.LOITER,0,0
2026-08-17T17:04:09,1786961049,13.822803,100.511627,15.6,-0.06,0.9,-2.8,86.8,86.8,0.0,0.0,-0.05,24.9,109,AUTO.LOITER,0,0
2026-08-17T17:04:10,1786961050,13.822803,100.511627,15.6,-0.06,1.0,-2.8,86.8,86.8,0.0,0.0,-0.05,24.9,109,AUTO.LOITER,0,0
2026-08-17T17:04:11,1786961051,13.822803,100.511627,15.6,-0.06,1.0,-2.9,86.9,86.9,0.0,0.0,-0.05,24.9,109,AUTO.LOITER,0,0
2026-08-17T17:04:12,1786961052,13.822803,100.511627,15.6,-0.06,1.0,-2.9,86.9,86.9,0.0,0.0,-0.04,24.9,109,AUTO.LOITER,0,0
2026-08-17T17:04:13,1786961053,13.822803,100.511627,15.4,-0.06,1.0,-2.9,86.9,86.9,0.0,0.0,-0.04,24.9,109,AUTO.LOITER,0,0
2026-08-17T17:04:14,1786961054,13.822803,100.511627,15.4,-0.06,1.0,-2.9,86.9,86.9,0.0,0.0,-0.04,24.9,109,AUTO.LOITER,0,0
2026-08-17T17:04:15,1786961055,13.822803,100.511627,15.4,-0.07,1.0,-2.9,86.9,86.9,0.02,0.01,-0.05,24.9,109,AUTO.LOITER,0,0
2026-08-17T17:04:16,1786961056,13.822803,100.511627,15.6,-0.06,1.0,-2.8,86.9,86.9,0.02,0.02,-0.06,24.9,109,AUTO.LOITER,0,0
2026-08-17T17:04:17,1786961057,13.822803,100.511627,15.7,-0.05,1.0,-2.8,86.9,86.9,0.01,0.01,-0.07,24.9,109,AUTO.LOITER,0,0
2026-08-17T17:04:18,1786961058,13.822803,100.511627,15.7,-0.04,1.0,-2.8,86.9,86.9,0.0,0.0,-0.08,24.9,109,AUTO.LOITER,0,0
2026-08-17T17:04:19,1786961059,13.822803,100.511627,15.7,-0.04,1.0,-2.8,86.9,86.9,-0.01,0.0,-0.08,24.9,109,AUTO.LOITER,0,0
2026-08-17T17:04:20,1786961060,13.822803,100.511627,15.7,-0.04,1.0,-2.8,86.8,86.8,-0.02,-0.01,-0.08,24.9,109,AUTO.LOITER,0,0
2026-08-17T17:04:21,1786961061,13.822803,100.511627,15.7,-0.03,1.0,-2.9,86.8,86.8,-0.01,-0.01,-0.08,24.9,109,AUTO.LOITER,0,0
2026-08-17T17:04:22,1786961062,13.822803,100.511627,15.7,-0.03,1.0,-2.9,86.8,86.8,-0.01,0.0,-0.1,24.9,109,AUTO.LOITER,0,0
2026-08-17T17:04:23,1786961063,13.822803,100.511627,15.7,-0.01,1.0,-2.9,86.8,86.8,-0.01,0.0,-0.11,24.9,109,AUTO.LOITER,0,0
2026-08-17T17:04:24,1786961064,13.822803,100.511627,15.7,-0.01,0.9,-2.9,86.8,86.8,0.0,0.0,-0.12,24.9,109,AUTO.LOITER,0,0
2026-08-17T17:04:25,1786961065,13.822803,100.511627,15.7,-0.0,0.9,-2.9,86.8,86.8,0.0,0.0,-0.12,24.9,109,AUTO.LOITER,0,0
2026-08-17T17:04:26,1786961066,13.822803,100.511627,15.7,-0.0,0.9,-2.9,86.8,86.8,0.0,0.01,-0.12,24.9,109,AUTO.LOITER,0,0
2026-08-17T17:04:27,1786961067,13.822803,100.511627,15.7,-0.0,0.9,-2.9,86.8,86.8,0.0,0.01,-0.12,24.9,109,AUTO.LOITER,0,0
2026-08-17T17:04:28,1786961068,13.822803,100.511627,15.4,-0.0,0.9,-2.9,86.8,86.8,0.0,0.01,-0.12,24.9,109,AUTO.LOITER,0,0
2026-08-17T17:04:29,1786961069,13.822803,100.511627,15.7,-0.02,0.9,-2.9,86.8,86.8,0.0,0.01,-0.09,24.9,109,AUTO.LOITER,0,0
2026-08-17T17:04:30,1786961070,13.822803,100.511627,15.7,-0.03,0.9,-2.9,86.8,86.8,0.0,0.01,-0.08,24.9,109,AUTO.LOITER,0,0
2026-08-17T17:04:31,1786961071,13.822803,100.511627,15.4,-0.03,0.9,-2.9,86.8,86.8,0.0,0.01,-0.08,24.9,109,AUTO.LOITER,0,0
2026-08-17T17:04:32,1786961072,13.822803,100.511627,15.4,-0.03,0.9,-2.9,86.8,86.8,0.0,0.01,-0.08,24.9,109,AUTO.LOITER,0,0
2026-08-17T17:04:33,1786961073,13.822803,100.511627,15.4,-0.03,0.9,-2.9,86.8,86.8,0.0,0.01,-0.09,24.9,109,AUTO.LOITER,0,0
2026-08-17T17:04:34,1786961074,13.822803,100.511627,15.7,-0.02,0.9,-2.8,86.7,86.7,0.0,0.02,-0.1,24.9,109,AUTO.LOITER,0,0
2026-08-17T17:04:35,1786961075,13.822803,100.511627,15.7,-0.02,0.9,-2.8,86.7,86.7,0.0,0.01,-0.1,24.9,109,AUTO.LOITER,0,0
2026-08-17T17:04:36,1786961076,13.822803,100.511627,15.7,-0.02,0.9,-2.8,86.7,86.7,0.01,0.01,-0.1,24.9,109,AUTO.LOITER,0,0
2026-08-17T17:04:37,1786961077,13.822803,100.511627,15.7,-0.02,1.0,-2.8,86.7,86.7,0.01,0.0,-0.1,24.9,109,AUTO.LOITER,0,0
2026-08-17T17:04:38,1786961078,13.822803,100.511627,15.7,-0.02,1.0,-2.8,86.7,86.7,0.0,0.0,-0.1,24.9,109,AUTO.LOITER,0,0
2026-08-17T17:04:39,1786961079,13.822803,100.511627,15.7,-0.01,1.0,-2.8,86.7,86.7,-0.01,0.0,-0.11,24.9,109,AUTO.LOITER,0,0
2026-08-17T17:04:40,1786961080,13.822803,100.511627,15.7,-0.01,1.0,-2.8,86.7,86.7,-0.01,0.0,-0.11,24.9,109,AUTO.LOITER,0,0
2026-08-17T17:04:41,1786961081,13.822803,100.511627,15.7,-0.01,1.0,-2.8,86.7,86.7,-0.01,0.0,-0.11,24.9,109,AUTO.LOITER,0,0
2026-08-17T17:04:42,1786961082,13.822803,100.511627,15.7,-0.01,1.0,-2.8,86.7,86.7,0.0,-0.01,-0.1,24.9,109,AUTO.LOITER,0,0
2026-08-17T17:04:43,1786961083,13.822803,100.511627,15.7,-0.02,1.0,-2.8,86.7,86.7,0.0,-0.02,-0.1,24.9,109,AUTO.LOITER,0,0
2026-08-17T17:04:44,1786961084,13.822803,100.511626,15.7,-0.02,0.9,-2.8,86.7,86.7,0.01,-0.03,-0.09,24.9,109,AUTO.LOITER,0,0
2026-08-17T17:04:45,1786961085,13.822803,100.511626,15.7,-0.03,1.0,-2.9,86.7,86.7,0.0,-0.01,-0.09,24.9,109,AUTO.LOITER,0,0
2026-08-17T17:04:46,1786961086,13.822803,100.511627,15.7,-0.03,1.0,-2.9,86.7,86.7,-0.01,0.0,-0.09,24.9,109,AUTO.LOITER,0,0
2026-08-17T17:04:47,1786961087,13.822803,100.511627,15.7,-0.02,1.0,-2.9,86.6,86.6,0.0,0.0,-0.1,24.9,109,AUTO.LOITER,0,0
2026-08-17T17:04:48,1786961088,13.822803,100.511627,15.4,-0.02,1.0,-2.9,86.6,86.6,0.0,0.0,-0.1,24.9,109,AUTO.LOITER,0,0
2026-08-17T17:04:49,1786961089,13.822803,100.511627,15.7,-0.02,1.0,-2.9,86.6,86.6,0.0,0.01,-0.1,24.9,109,AUTO.LOITER,0,0
2026-08-17T17:04:50,1786961090,13.822803,100.511626,15.4,-0.02,1.0,-2.9,86.6,86.6,0.0,0.01,-0.1,24.9,109,AUTO.LOITER,0,0
2026-08-17T17:04:51,1786961091,13.822803,100.511627,15.7,-0.02,1.0,-2.9,86.6,86.6,0.0,0.01,-0.1,24.9,109,AUTO.LOITER,0,0
2026-08-17T17:04:52,1786961092,13.822803,100.511627,15.4,-0.02,1.1,-2.9,86.6,86.6,0.0,0.01,-0.1,24.9,109,AUTO.LOITER,0,0
2026-08-17T17:04:53,1786961093,13.822803,100.511626,15.4,-0.02,1.1,-2.9,86.6,86.6,0.0,0.01,-0.1,24.9,109,AUTO.LOITER,0,0
2026-08-17T17:04:54,1786961094,13.822803,100.511627,15.7,-0.03,1.1,-2.9,86.6,86.6,0.0,0.0,-0.08,24.9,109,AUTO.LOITER,0,0
2026-08-17T17:04:55,1786961095,13.822803,100.511627,15.7,-0.04,1.1,-2.9,86.6,86.6,-0.01,0.01,-0.07,24.9,110,AUTO.LOITER,0,0
2026-08-17T17:04:56,1786961096,13.822803,100.511627,15.7,-0.04,1.1,-2.8,86.6,86.6,-0.01,0.01,-0.07,24.9,110,AUTO.LOITER,0,0
2026-08-17T17:04:57,1786961097,13.822803,100.511627,15.7,-0.04,1.1,-2.8,86.6,86.6,-0.01,0.0,-0.08,24.9,110,AUTO.LOITER,0,0
2026-08-17T17:04:58,1786961098,13.822803,100.511627,15.7,-0.03,1.0,-2.8,86.6,86.6,-0.02,0.0,-0.09,24.9,110,AUTO.LOITER,0,0
2026-08-17T17:04:59,1786961099,13.822803,100.511627,15.7,-0.03,1.0,-2.9,86.6,86.6,-0.03,0.0,-0.08,24.9,110,AUTO.LOITER,0,0
2026-08-17T17:05:00,1786961100,13.822803,100.511627,15.7,-0.04,1.0,-2.9,86.6,86.6,-0.03,0.0,-0.07,24.9,110,AUTO.LOITER,0,0
2026-08-17T17:05:01,1786961101,13.822803,100.511627,15.7,-0.04,1.0,-2.9,86.6,86.6,-0.03,0.0,-0.07,24.9,110,AUTO.LOITER,0,0
2026-08-17T17:05:02,1786961102,13.822803,100.511627,15.7,-0.05,1.0,-2.9,86.6,86.6,-0.03,0.0,-0.06,24.9,110,AUTO.LOITER,0,0
2026-08-17T17:05:03,1786961103,13.822803,100.511627,15.6,-0.06,0.9,-2.9,86.6,86.6,-0.04,-0.01,-0.05,24.9,110,AUTO.LOITER,0,0
2026-08-17T17:05:04,1786961104,13.822803,100.511627,15.7,-0.05,0.9,-2.9,86.6,86.6,-0.02,0.0,-0.06,24.9,110,AUTO.LOITER,0,0
2026-08-17T17:05:05,1786961105,13.822803,100.511627,15.4,-0.05,0.9,-2.9,86.6,86.6,-0.02,0.0,-0.06,24.9,110,AUTO.LOITER,0,0
2026-08-17T17:05:06,1786961106,13.822803,100.511627,15.7,-0.05,0.8,-2.9,86.6,86.6,-0.01,0.0,-0.06,24.9,110,AUTO.LOITER,0,0
2026-08-17T17:05:07,1786961107,13.822803,100.511627,15.7,-0.05,0.8,-2.9,86.6,86.6,-0.01,0.01,-0.06,24.9,110,AUTO.LOITER,0,0
2026-08-17T17:05:08,1786961108,13.822803,100.511627,15.7,-0.04,0.8,-2.9,86.6,86.6,-0.01,0.0,-0.07,24.9,110,AUTO.LOITER,0,0
2026-08-17T17:05:09,1786961109,13.822803,100.511627,15.7,-0.04,0.8,-2.9,86.6,86.6,0.0,0.01,-0.07,24.9,110,AUTO.LOITER,0,0
2026-08-17T17:05:10,1786961110,13.822803,100.511627,15.7,-0.04,0.8,-2.9,86.6,86.6,0.0,0.02,-0.07,24.9,110,AUTO.LOITER,0,0
2026-08-17T17:05:11,1786961111,13.822803,100.511627,15.7,-0.04,0.8,-2.9,86.6,86.6,0.0,0.03,-0.08,24.9,110,AUTO.LOITER,0,0
2026-08-17T17:05:12,1786961112,13.822803,100.511627,15.7,-0.03,0.7,-2.9,86.6,86.6,0.01,0.02,-0.09,24.9,110,AUTO.LOITER,0,0
2026-08-17T17:05:13,1786961113,13.822803,100.511627,15.7,-0.02,0.7,-2.9,86.6,86.6,0.02,0.02,-0.1,24.9,110,AUTO.LOITER,0,0
2026-08-17T17:05:14,1786961114,13.822803,100.511627,15.7,-0.02,0.7,-2.9,86.6,86.6,0.02,0.01,-0.1,24.9,110,AUTO.LOITER,0,0
2026-08-17T17:05:15,1786961115,13.822803,100.511627,15.7,-0.02,0.7,-2.9,86.6,86.6,0.01,0.0,-0.09,24.9,110,AUTO.LOITER,0,0
2026-08-17T17:05:16,1786961116,13.822803,100.511627,15.7,-0.02,0.7,-2.9,86.6,86.6,0.02,0.0,-0.09,24.9,110,AUTO.LOITER,0,0
2026-08-17T17:05:17,1786961117,13.822803,100.511627,15.7,-0.02,0.8,-2.9,86.6,86.6,0.02,0.0,-0.09,24.9,110,AUTO.LOITER,0,0
2026-08-17T17:05:18,1786961118,13.822803,100.511627,15.7,-0.02,0.8,-2.8,86.6,86.6,0.03,0.0,-0.09,24.9,110,AUTO.LOITER,0,0
2026-08-17T17:05:19,1786961119,13.822804,100.511627,15.7,-0.03,0.8,-2.8,86.6,86.6,0.05,0.01,-0.09,24.9,110,AUTO.LOITER,0,0
2026-08-17T17:05:20,1786961120,13.822803,100.511627,15.4,-0.03,0.8,-2.8,86.6,86.6,0.05,0.01,-0.09,24.9,110,AUTO.LOITER,0,0
2026-08-17T17:05:21,1786961121,13.822802,100.511627,15.4,-0.03,0.9,-2.8,86.7,86.7,0.04,0.01,-0.09,24.9,110,AUTO.LOITER,0,0
2026-08-17T17:05:22,1786961122,13.822803,100.511627,15.4,-0.02,0.9,-2.8,86.7,86.7,0.02,0.01,-0.1,24.9,110,AUTO.LOITER,0,0
2026-08-17T17:05:23,1786961123,13.822803,100.511627,15.7,-0.01,0.9,-2.8,86.7,86.7,0.02,0.01,-0.11,24.9,110,AUTO.LOITER,0,0
2026-08-17T17:05:24,1786961124,13.822803,100.511627,15.7,-0.01,0.9,-2.8,86.7,86.7,0.02,0.01,-0.11,24.9,110,AUTO.LOITER,0,0
2026-08-17T17:05:25,1786961125,13.822803,100.511627,15.7,0.0,1.0,-2.7,86.7,86.7,0.01,0.01,-0.12,24.9,110,AUTO.LOITER,0,0
2026-08-17T17:05:26,1786961126,13.822803,100.511627,15.7,0.0,1.0,-2.7,86.7,86.7,0.0,0.0,-0.13,24.9,110,AUTO.LOITER,0,0
2026-08-17T17:05:27,1786961127,13.822803,100.511627,15.7,0.0,1.0,-2.7,86.7,86.7,0.01,-0.01,-0.13,24.9,110,AUTO.LOITER,0,0
2026-08-17T17:05:28,1786961128,13.822803,100.511627,15.7,0.0,1.0,-2.7,86.7,86.7,0.0,-0.02,-0.13,24.9,110,AUTO.LOITER,0,0
2026-08-17T17:05:29,1786961129,13.822803,100.511626,15.7,0.0,1.0,-2.7,86.7,86.7,0.0,-0.02,-0.12,24.9,110,AUTO.LOITER,0,0
2026-08-17T17:05:30,1786961130,13.822803,100.511626,15.7,-0.0,1.0,-2.8,86.7,86.7,0.0,-0.01,-0.12,24.9,110,AUTO.LOITER,0,0
2026-08-17T17:05:31,1786961131,13.822803,100.511627,15.7,0.0,1.1,-2.8,86.7,86.7,0.0,0.0,-0.13,24.9,110,AUTO.LOITER,0,0
2026-08-17T17:05:32,1786961132,13.822803,100.511627,15.7,0.01,1.1,-2.8,86.7,86.7,0.0,0.0,-0.14,24.9,110,AUTO.LOITER,0,0
2026-08-17T17:05:33,1786961133,13.822803,100.511627,15.7,0.01,1.1,-2.8,86.7,86.7,0.0,0.0,-0.14,24.9,110,AUTO.LOITER,0,0
2026-08-17T17:05:34,1786961134,13.822803,100.511627,15.7,0.01,1.1,-2.8,86.7,86.7,-0.01,0.01,-0.14,24.9,110,AUTO.LOITER,0,0
2026-08-17T17:05:35,1786961135,13.822803,100.511627,15.7,0.02,1.1,-2.8,86.7,86.7,0.01,0.01,-0.15,24.9,110,AUTO.LOITER,0,0
2026-08-17T17:05:36,1786961136,13.822803,100.511627,15.7,0.02,1.1,-2.8,86.7,86.7,0.0,0.0,-0.15,24.9,110,AUTO.LOITER,0,0
2026-08-17T17:05:37,1786961137,13.822803,100.511627,15.4,0.02,1.1,-2.8,86.7,86.7,0.0,0.0,-0.15,24.9,110,AUTO.LOITER,0,0
2026-08-17T17:05:38,1786961138,13.822803,100.511627,15.4,0.02,1.1,-2.8,86.7,86.7,0.0,0.0,-0.15,24.9,110,AUTO.LOITER,0,0
2026-08-17T17:05:39,1786961139,13.822803,100.511627,15.4,0.02,1.1,-2.8,86.7,86.7,0.0,0.01,-0.15,24.9,110,AUTO.LOITER,0,0
2026-08-17T17:05:40,1786961140,13.822803,100.511627,15.7,0.02,1.1,-2.8,86.7,86.7,0.01,0.0,-0.15,24.9,110,AUTO.LOITER,0,0
2026-08-17T17:05:41,1786961141,13.822803,100.511627,15.7,0.02,1.1,-2.8,86.7,86.7,0.0,0.0,-0.15,24.9,110,AUTO.LOITER,0,0
2026-08-17T17:05:42,1786961142,13.822803,100.511627,15.7,0.01,1.1,-2.8,86.7,86.7,0.0,0.01,-0.14,24.9,110,AUTO.LOITER,0,0
2026-08-17T17:05:43,1786961143,13.822803,100.511627,15.7,0.01,1.1,-2.8,86.7,86.7,-0.02,0.02,-0.13,24.9,110,AUTO.LOITER,0,0
2026-08-17T17:05:44,1786961144,13.822803,100.511627,15.4,0.01,1.1,-2.8,86.7,86.7,-0.02,0.02,-0.13,24.9,110,AUTO.LOITER,0,0
2026-08-17T17:05:45,1786961145,13.822803,100.511627,15.7,0.01,1.1,-2.7,86.7,86.7,-0.02,0.0,-0.14,24.9,110,AUTO.LOITER,0,0
2026-08-17T17:05:46,1786961146,13.822803,100.511627,15.7,0.02,1.0,-2.7,86.7,86.7,-0.01,0.0,-0.14,24.9,110,AUTO.LOITER,0,0
2026-08-17T17:05:47,1786961147,13.822803,100.511627,15.7,0.01,1.0,-2.7,86.7,86.7,-0.02,0.0,-0.14,24.9,110,AUTO.LOITER,0,0
2026-08-17T17:05:48,1786961148,13.822803,100.511627,15.7,0.01,1.0,-2.7,86.8,86.8,-0.01,0.0,-0.13,24.9,110,AUTO.LOITER,0,0
2026-08-17T17:05:49,1786961149,13.822803,100.511627,15.7,0.0,1.0,-2.7,86.8,86.8,-0.01,0.01,-0.12,24.9,110,AUTO.LOITER,0,0
2026-08-17T17:05:50,1786961150,13.822803,100.511627,15.7,-0.01,1.0,-2.7,86.8,86.8,-0.01,0.0,-0.11,24.9,110,AUTO.LOITER,0,0
2026-08-17T17:05:51,1786961151,13.822803,100.511627,15.7,-0.01,1.0,-2.7,86.8,86.8,-0.01,0.0,-0.1,24.9,110,AUTO.LOITER,0,0
2026-08-17T17:05:52,1786961152,13.822803,100.511627,15.7,-0.01,1.0,-2.7,86.8,86.8,0.0,-0.03,-0.11,24.9,110,AUTO.LOITER,0,0
2026-08-17T17:05:53,1786961153,13.822803,100.511627,15.7,-0.01,0.9,-2.7,86.8,86.8,0.02,-0.01,-0.12,24.9,110,AUTO.LOITER,0,0
2026-08-17T17:05:54,1786961154,13.822803,100.511627,15.4,-0.01,0.9,-2.8,86.8,86.8,0.02,-0.01,-0.12,24.9,110,AUTO.LOITER,0,0
2026-08-17T17:05:55,1786961155,13.822803,100.511627,15.4,-0.0,1.0,-2.8,86.9,86.9,0.03,-0.01,-0.12,24.9,110,AUTO.LOITER,0,0
2026-08-17T17:05:56,1786961156,13.822803,100.511627,15.4,0.0,1.0,-2.8,86.9,86.9,0.02,0.0,-0.13,24.9,110,AUTO.LOITER,0,0
2026-08-17T17:05:57,1786961157,13.822803,100.511627,15.7,0.0,1.0,-2.8,86.9,86.9,0.01,0.01,-0.13,24.9,110,AUTO.LOITER,0,0
2026-08-17T17:05:58,1786961158,13.822803,100.511627,15.7,0.01,1.0,-2.8,86.9,86.9,0.01,0.01,-0.13,24.9,110,AUTO.LOITER,0,0
2026-08-17T17:05:59,1786961159,13.822803,100.511627,15.7,0.01,1.0,-2.7,86.9,86.9,0.0,0.03,-0.13,24.9,110,AUTO.LOITER,0,0
2026-08-17T17:06:00,1786961160,13.822803,100.511627,15.7,0.01,1.1,-2.7,86.9,86.9,0.0,0.03,-0.14,24.9,110,AUTO.LOITER,0,0
2026-08-17T17:06:01,1786961161,13.822803,100.511627,15.7,0.01,1.1,-2.7,86.9,86.9,0.0,0.02,-0.14,24.9,110,AUTO.LOITER,0,0
2026-08-17T17:06:02,1786961162,13.822803,100.511627,15.7,0.01,1.1,-2.7,86.9,86.9,0.01,0.02,-0.14,24.9,110,AUTO.LOITER,0,0
2026-08-17T17:06:03,1786961163,13.822803,100.511627,15.4,0.01,1.1,-2.7,86.9,86.9,0.01,0.02,-0.14,24.9,110,AUTO.LOITER,0,0
2026-08-17T17:06:04,1786961164,13.822803,100.511627,15.7,0.01,1.1,-2.7,86.9,86.9,0.0,0.01,-0.14,24.9,110,AUTO.LOITER,0,0
2026-08-17T17:06:05,1786961165,13.822803,100.511627,15.7,0.02,1.2,-2.6,86.9,86.9,0.0,0.0,-0.14,24.9,110,AUTO.LOITER,0,0
2026-08-17T17:06:06,1786961166,13.822803,100.511627,15.7,0.02,1.2,-2.6,86.9,86.9,-0.01,-0.01,-0.15,24.9,110,AUTO.LOITER,0,0
2026-08-17T17:06:07,1786961167,13.822803,100.511627,15.7,0.02,1.2,-2.7,86.9,86.9,-0.02,-0.01,-0.14,24.9,110,AUTO.LOITER,0,0
2026-08-17T17:06:08,1786961168,13.822803,100.511627,15.7,0.01,1.2,-2.7,86.9,86.9,-0.03,0.0,-0.13,24.9,110,AUTO.LOITER,0,0
2026-08-17T17:06:09,1786961169,13.822803,100.511627,15.7,0.0,1.2,-2.7,86.9,86.9,-0.03,0.01,-0.12,24.9,110,AUTO.LOITER,0,0
2026-08-17T17:06:10,1786961170,13.822803,100.511627,15.7,-0.0,1.1,-2.7,86.9,86.9,0.0,0.01,-0.12,24.9,110,AUTO.LOITER,0,0
2026-08-17T17:06:11,1786961171,13.822803,100.511627,15.7,0.0,1.1,-2.7,86.9,86.9,0.0,0.01,-0.12,24.9,110,AUTO.LOITER,0,0
2026-08-17T17:06:12,1786961172,13.822803,100.511627,15.4,0.0,1.1,-2.7,86.9,86.9,0.0,0.01,-0.12,24.9,110,AUTO.LOITER,0,0
2026-08-17T17:06:13,1786961173,13.822803,100.511627,15.7,-0.01,1.1,-2.7,86.9,86.9,0.0,0.01,-0.11,24.9,110,AUTO.LOITER,0,0
2026-08-17T17:06:14,1786961174,13.822803,100.511627,15.7,-0.01,1.1,-2.7,86.9,86.9,0.0,0.01,-0.1,24.9,110,AUTO.LOITER,0,0
2026-08-17T17:06:15,1786961175,13.822803,100.511627,15.7,-0.03,1.1,-2.7,86.9,86.9,-0.01,0.0,-0.09,24.9,110,AUTO.LOITER,0,0
2026-08-17T17:06:16,1786961176,13.822803,100.511627,15.7,-0.03,1.1,-2.7,86.9,86.9,-0.01,0.0,-0.09,24.9,110,AUTO.LOITER,0,0
2026-08-17T17:06:17,1786961177,13.822803,100.511627,15.7,-0.03,1.1,-2.7,86.9,86.9,0.0,0.0,-0.09,24.9,110,AUTO.LOITER,0,0
2026-08-17T17:06:18,1786961178,13.822803,100.511627,15.7,-0.02,1.1,-2.7,86.9,86.9,-0.01,0.0,-0.09,24.9,110,AUTO.LOITER,0,0
2026-08-17T17:06:19,1786961179,13.822803,100.511627,15.4,-0.02,1.1,-2.6,86.9,86.9,-0.01,0.0,-0.09,24.9,110,AUTO.LOITER,0,0
2026-08-17T17:06:20,1786961180,13.822803,100.511627,15.7,-0.03,1.1,-2.6,86.9,86.9,0.01,0.0,-0.08,24.9,110,AUTO.LOITER,0,0
2026-08-17T17:06:21,1786961181,13.822803,100.511627,15.7,-0.03,1.1,-2.6,86.9,86.9,0.01,0.01,-0.09,24.9,110,AUTO.LOITER,0,0
2026-08-17T17:06:22,1786961182,13.822803,100.511627,15.7,-0.02,1.1,-2.6,86.9,86.9,0.0,0.0,-0.1,24.9,110,AUTO.LOITER,0,0
2026-08-17T17:06:23,1786961183,13.822803,100.511627,15.7,-0.01,1.1,-2.6,86.9,86.9,-0.01,0.0,-0.1,24.9,110,AUTO.LOITER,0,0
2026-08-17T17:06:24,1786961184,13.822803,100.511627,15.7,-0.02,1.1,-2.6,86.9,86.9,-0.02,-0.01,-0.1,24.9,110,AUTO.LOITER,0,0
2026-08-17T17:06:25,1786961185,13.822803,100.511627,15.7,-0.02,1.1,-2.6,86.9,86.9,-0.01,0.0,-0.1,24.9,110,AUTO.LOITER,0,0
2026-08-17T17:06:26,1786961186,13.822803,100.511627,15.7,-0.02,1.1,-2.6,86.9,86.9,0.0,0.01,-0.1,24.9,110,AUTO.LOITER,0,0
2026-08-17T17:06:27,1786961187,13.822803,100.511627,15.7,-0.02,1.1,-2.6,86.9,86.9,-0.01,0.02,-0.09,24.9,110,AUTO.LOITER,0,0
2026-08-17T17:06:28,1786961188,13.822803,100.511627,15.7,-0.02,1.1,-2.6,86.9,86.9,-0.03,0.01,-0.09,24.9,110,AUTO.LOITER,0,0
2026-08-17T17:06:29,1786961189,13.822803,100.511627,15.4,-0.02,1.1,-2.6,86.9,86.9,-0.03,0.01,-0.09,24.9,110,AUTO.LOITER,0,0
2026-08-17T17:06:30,1786961190,13.822803,100.511627,15.7,-0.03,1.1,-2.6,86.9,86.9,-0.01,0.0,-0.07,24.9,110,AUTO.LOITER,0,0
2026-08-17T17:06:31,1786961191,13.822803,100.511627,15.7,-0.04,1.1,-2.6,86.9,86.9,-0.01,0.0,-0.07,24.9,110,AUTO.LOITER,0,0
2026-08-17T17:06:32,1786961192,13.822803,100.511627,15.7,-0.04,1.0,-2.5,86.9,86.9,0.0,-0.01,-0.07,24.9,110,AUTO.LOITER,0,0
2026-08-17T17:06:33,1786961193,13.822803,100.511626,15.7,-0.04,1.0,-2.6,87.0,87.0,0.0,-0.04,-0.08,24.9,110,AUTO.LOITER,0,0
2026-08-17T17:06:34,1786961194,13.822803,100.511626,15.7,-0.03,1.0,-2.6,87.0,87.0,0.01,-0.03,-0.08,24.9,110,AUTO.LOITER,0,0
2026-08-17T17:06:35,1786961195,13.822803,100.511626,15.7,-0.03,1.1,-2.6,87.0,87.0,0.01,-0.03,-0.09,24.9,110,AUTO.LOITER,0,0
2026-08-17T17:06:36,1786961196,13.822803,100.511626,15.7,-0.02,1.1,-2.7,87.0,87.0,0.0,-0.03,-0.09,24.9,110,AUTO.LOITER,0,0
2026-08-17T17:06:37,1786961197,13.822803,100.511626,15.7,-0.02,1.1,-2.7,87.0,87.0,0.0,-0.03,-0.09,24.9,110,AUTO.LOITER,0,0
2026-08-17T17:06:38,1786961198,13.822803,100.511627,15.4,-0.02,1.1,-2.7,87.0,87.0,0.0,-0.03,-0.09,24.9,110,AUTO.LOITER,0,0
2026-08-17T17:06:39,1786961199,13.822803,100.511627,15.7,-0.02,1.1,-2.8,87.0,87.0,-0.01,0.0,-0.1,24.9,110,AUTO.LOITER,0,0
2026-08-17T17:06:40,1786961200,13.822803,100.511627,15.7,-0.01,1.1,-2.8,87.0,87.0,0.0,0.0,-0.1,24.9,110,AUTO.LOITER,0,0
2026-08-17T17:06:41,1786961201,13.822803,100.511627,15.7,-0.01,1.1,-2.8,87.0,87.0,0.0,0.0,-0.1,24.9,110,AUTO.LOITER,0,0
2026-08-17T17:06:42,1786961202,13.822803,100.511627,15.7,-0.01,1.1,-2.8,87.0,87.0,-0.01,0.0,-0.1,24.9,110,AUTO.LOITER,0,0
2026-08-17T17:06:43,1786961203,13.822803,100.511627,15.7,-0.02,1.1,-2.8,87.0,87.0,-0.01,0.0,-0.09,24.9,110,AUTO.LOITER,0,0
2026-08-17T17:06:44,1786961204,13.822803,100.511627,15.7,-0.02,1.1,-2.8,87.0,87.0,-0.02,0.0,-0.1,24.9,110,AUTO.LOITER,0,0
2026-08-17T17:06:45,1786961205,13.822803,100.511627,15.7,-0.02,1.1,-2.8,87.0,87.0,-0.02,0.0,-0.1,24.9,110,AUTO.LOITER,0,0
2026-08-17T17:06:46,1786961206,13.822803,100.511627,15.7,-0.01,1.1,-2.8,87.0,87.0,-0.02,0.0,-0.11,24.9,110,AUTO.LOITER,0,0
2026-08-17T17:06:47,1786961207,13.822803,100.511627,15.7,-0.01,1.0,-2.8,87.0,87.0,-0.02,0.0,-0.11,24.9,110,AUTO.LOITER,0,0
2026-08-17T17:06:48,1786961208,13.822803,100.511627,15.7,0.01,1.1,-2.8,87.0,87.0,0.0,0.0,-0.13,24.9,110,AUTO.LOITER,0,0
2026-08-17T17:06:49,1786961209,13.822803,100.511627,15.7,0.01,1.1,-2.8,87.0,87.0,-0.01,0.01,-0.13,24.9,110,AUTO.LOITER,0,0
2026-08-17T17:06:50,1786961210,13.822803,100.511627,15.7,0.0,1.0,-2.8,87.0,87.0,-0.02,0.02,-0.12,24.9,110,AUTO.LOITER,0,0
2026-08-17T17:06:51,1786961211,13.822803,100.511627,15.7,-0.01,1.0,-2.8,87.0,87.0,-0.02,0.02,-0.1,24.9,110,AUTO.LOITER,0,0
2026-08-17T17:06:52,1786961212,13.822803,100.511627,15.7,-0.02,1.0,-2.8,87.0,87.0,-0.01,0.04,-0.1,24.9,110,AUTO.LOITER,0,0
2026-08-17T17:06:53,1786961213,13.822803,100.511627,15.7,-0.02,1.0,-2.7,87.0,87.0,-0.01,0.04,-0.1,24.9,110,AUTO.LOITER,0,0
2026-08-17T17:06:54,1786961214,13.822803,100.511627,15.7,-0.02,1.0,-2.7,86.9,86.9,-0.01,0.03,-0.1,24.9,110,AUTO.LOITER,0,0
2026-08-17T17:06:55,1786961215,13.822803,100.511627,15.7,-0.02,1.0,-2.7,86.9,86.9,-0.01,0.01,-0.1,24.9,110,AUTO.LOITER,0,0
2026-08-17T17:06:56,1786961216,13.822803,100.511627,15.7,-0.02,1.0,-2.6,86.9,86.9,-0.01,0.0,-0.09,24.9,110,AUTO.LOITER,0,0
2026-08-17T17:06:57,1786961217,13.822803,100.511626,15.7,-0.03,1.0,-2.6,86.9,86.9,0.0,-0.01,-0.08,24.9,110,AUTO.LOITER,0,0
2026-08-17T17:06:58,1786961218,13.822803,100.511626,15.7,-0.03,1.0,-2.6,86.9,86.9,0.0,-0.01,-0.08,24.9,110,AUTO.LOITER,0,0
2026-08-17T17:06:59,1786961219,13.822803,100.511626,15.7,-0.03,1.0,-2.6,86.9,86.9,0.0,0.0,-0.08,24.9,110,AUTO.LOITER,0,0
2026-08-17T17:07:00,1786961220,13.822803,100.511627,15.7,-0.03,1.0,-2.6,86.9,86.9,0.01,0.0,-0.08,24.9,110,AUTO.LOITER,0,0
2026-08-17T17:07:01,1786961221,13.822803,100.511627,15.7,-0.04,1.0,-2.6,86.9,86.9,0.0,0.0,-0.07,24.9,110,AUTO.LOITER,0,0
2026-08-17T17:07:02,1786961222,13.822803,100.511627,15.4,-0.04,1.0,-2.6,86.9,86.9,0.0,0.0,-0.07,24.9,110,AUTO.LOITER,0,0
2026-08-17T17:07:03,1786961223,13.822803,100.511627,15.4,-0.04,1.0,-2.6,86.8,86.8,0.01,0.01,-0.06,24.9,110,AUTO.LOITER,0,0
2026-08-17T17:07:04,1786961224,13.822803,100.511627,15.4,-0.04,1.0,-2.5,86.8,86.8,0.02,0.0,-0.06,24.9,110,AUTO.LOITER,0,0
2026-08-17T17:07:05,1786961225,13.822803,100.511627,15.7,-0.05,1.0,-2.6,86.8,86.8,0.01,0.0,-0.06,24.9,110,AUTO.LOITER,0,0
2026-08-17T17:07:06,1786961226,13.822803,100.511627,15.6,-0.06,1.0,-2.6,86.8,86.8,0.01,-0.01,-0.06,24.9,110,AUTO.LOITER,0,0
2026-08-17T17:07:07,1786961227,13.822803,100.511627,15.7,-0.05,1.1,-2.6,86.8,86.8,0.01,0.0,-0.07,24.9,110,AUTO.LOITER,0,0
2026-08-17T17:07:08,1786961228,13.822803,100.511627,15.7,-0.04,1.1,-2.6,86.8,86.8,0.0,0.0,-0.07,24.9,110,AUTO.LOITER,0,0
2026-08-17T17:07:09,1786961229,13.822803,100.511627,15.7,-0.04,1.1,-2.6,86.8,86.8,0.0,0.0,-0.07,24.9,110,AUTO.LOITER,0,0
2026-08-17T17:07:10,1786961230,13.822803,100.511627,15.7,-0.04,1.2,-2.6,86.8,86.8,-0.01,-0.01,-0.07,24.9,110,AUTO.LOITER,0,0
2026-08-17T17:07:11,1786961231,13.822803,100.511627,15.7,-0.04,1.2,-2.6,86.8,86.8,-0.01,-0.01,-0.06,24.9,110,AUTO.LOITER,0,0
2026-08-17T17:07:12,1786961232,13.822803,100.511627,15.7,-0.04,1.2,-2.6,86.7,86.7,-0.01,0.0,-0.06,24.9,110,AUTO.LOITER,0,0
2026-08-17T17:07:13,1786961233,13.822803,100.511627,15.7,-0.05,1.2,-2.6,86.7,86.7,-0.01,0.0,-0.06,24.9,110,AUTO.LOITER,0,0
2026-08-17T17:07:14,1786961234,13.822803,100.511627,15.7,-0.05,1.2,-2.6,86.7,86.7,-0.03,-0.01,-0.06,24.9,110,AUTO.LOITER,0,0
2026-08-17T17:07:15,1786961235,13.822803,100.511627,15.7,-0.05,1.1,-2.6,86.7,86.7,-0.03,-0.01,-0.05,24.9,110,AUTO.LOITER,0,0
2026-08-17T17:07:16,1786961236,13.822803,100.511627,15.7,-0.05,1.1,-2.6,86.7,86.7,-0.01,0.0,-0.06,24.9,110,AUTO.LOITER,0,0
2026-08-17T17:07:17,1786961237,13.822803,100.511627,15.7,-0.05,1.1,-2.6,86.7,86.7,-0.01,0.01,-0.06,24.9,110,AUTO.LOITER,0,0
2026-08-17T17:07:18,1786961238,13.822803,100.511627,15.7,-0.05,1.1,-2.6,86.7,86.7,0.0,0.0,-0.06,24.9,110,AUTO.LOITER,0,0
2026-08-17T17:07:19,1786961239,13.822803,100.511627,15.7,-0.05,1.1,-2.6,86.7,86.7,0.0,0.0,-0.06,24.9,110,AUTO.LOITER,0,0
2026-08-17T17:07:20,1786961240,13.822803,100.511627,15.4,-0.05,1.1,-2.6,86.7,86.7,0.0,0.0,-0.06,24.9,110,AUTO.LOITER,0,0
2026-08-17T17:07:21,1786961241,13.822803,100.511627,15.4,-0.05,1.1,-2.6,86.7,86.7,0.01,0.02,-0.05,24.9,110,AUTO.LOITER,0,0
2026-08-17T17:07:22,1786961242,13.822803,100.511627,15.4,-0.05,1.2,-2.6,86.7,86.7,0.01,0.02,-0.05,24.9,110,AUTO.LOITER,0,0
2026-08-17T17:07:23,1786961243,13.822803,100.511627,15.6,-0.07,1.2,-2.6,86.7,86.7,0.0,0.0,-0.03,24.9,110,AUTO.LOITER,0,0
2026-08-17T17:07:24,1786961244,13.822803,100.511627,15.6,-0.07,1.2,-2.6,86.7,86.7,-0.01,0.0,-0.03,24.9,110,AUTO.LOITER,0,0
2026-08-17T17:07:25,1786961245,13.822803,100.511627,15.6,-0.07,1.2,-2.6,86.7,86.7,0.0,-0.01,-0.04,24.9,110,AUTO.LOITER,0,0
2026-08-17T17:07:26,1786961246,13.822803,100.511627,15.6,-0.06,1.2,-2.6,86.7,86.7,0.0,-0.01,-0.05,24.9,110,AUTO.LOITER,0,0
2026-08-17T17:07:27,1786961247,13.822803,100.511627,15.7,-0.05,1.2,-2.6,86.7,86.7,0.0,0.0,-0.05,24.9,110,AUTO.LOITER,0,0
2026-08-17T17:07:28,1786961248,13.822803,100.511626,15.6,-0.05,1.2,-2.6,86.7,86.7,0.0,-0.01,-0.05,24.9,110,AUTO.LOITER,0,0
2026-08-17T17:07:29,1786961249,13.822803,100.511626,15.6,-0.05,1.2,-2.6,86.7,86.7,0.0,-0.01,-0.05,24.9,110,AUTO.LOITER,0,0
2026-08-17T17:07:30,1786961250,13.822803,100.511626,15.6,-0.05,1.2,-2.6,86.7,86.7,0.0,-0.01,-0.05,24.9,110,AUTO.LOITER,0,0
2026-08-17T17:07:31,1786961251,13.822803,100.511626,15.6,-0.08,1.2,-2.7,86.7,86.7,-0.02,-0.02,-0.02,24.9,110,AUTO.LOITER,0,0
2026-08-17T17:07:32,1786961252,13.822803,100.511626,15.6,-0.07,1.2,-2.7,86.7,86.7,-0.01,-0.01,-0.04,24.9,110,AUTO.LOITER,0,0
2026-08-17T17:07:33,1786961253,13.822803,100.511626,15.6,-0.07,1.2,-2.7,86.7,86.7,0.0,0.0,-0.04,24.9,110,AUTO.LOITER,0,0
2026-08-17T17:07:34,1786961254,13.822803,100.511627,15.6,-0.06,1.2,-2.7,86.7,86.7,0.0,0.0,-0.04,24.9,110,AUTO.LOITER,0,0
2026-08-17T17:07:35,1786961255,13.822803,100.511627,15.6,-0.06,1.2,-2.7,86.7,86.7,0.0,0.0,-0.04,24.9,110,AUTO.LOITER,0,0
2026-08-17T17:07:36,1786961256,13.822803,100.511627,15.4,-0.06,1.2,-2.7,86.7,86.7,0.0,0.0,-0.04,24.9,110,AUTO.LOITER,0,0
2026-08-17T17:07:37,1786961257,13.822803,100.511627,15.4,-0.06,1.2,-2.7,86.7,86.7,-0.02,0.0,-0.04,24.9,110,AUTO.LOITER,0,0
2026-08-17T17:07:38,1786961258,13.822803,100.511627,15.4,-0.07,1.2,-2.7,86.7,86.7,-0.02,0.0,-0.03,24.9,110,AUTO.LOITER,0,0
2026-08-17T17:07:39,1786961259,13.822803,100.511627,15.6,-0.07,1.2,-2.7,86.7,86.7,-0.02,0.01,-0.04,24.9,110,AUTO.LOITER,0,0
2026-08-17T17:07:40,1786961260,13.822803,100.511627,15.6,-0.06,1.2,-2.7,86.7,86.7,-0.02,0.01,-0.05,24.9,110,AUTO.LOITER,0,0
2026-08-17T17:07:41,1786961261,13.822803,100.511627,15.6,-0.05,1.2,-2.7,86.7,86.7,-0.02,0.0,-0.05,24.9,110,AUTO.LOITER,0,0
2026-08-17T17:07:42,1786961262,13.822803,100.511626,15.7,-0.05,1.2,-2.7,86.7,86.7,-0.02,-0.01,-0.06,24.9,110,AUTO.LOITER,0,0
2026-08-17T17:07:43,1786961263,13.822803,100.511626,15.7,-0.04,1.2,-2.7,86.7,86.7,-0.01,-0.01,-0.07,24.9,110,AUTO.LOITER,0,0
2026-08-17T17:07:44,1786961264,13.822803,100.511626,15.7,-0.04,1.2,-2.7,86.7,86.7,0.0,-0.02,-0.08,24.9,110,AUTO.LOITER,0,0
2026-08-17T17:07:45,1786961265,13.822803,100.511626,15.7,-0.03,1.2,-2.7,86.7,86.7,-0.01,-0.02,-0.08,24.9,110,AUTO.LOITER,0,0
2026-08-17T17:07:46,1786961266,13.822803,100.511626,15.7,-0.03,1.2,-2.8,86.8,86.8,0.0,-0.02,-0.08,24.9,110,AUTO.LOITER,0,0
2026-08-17T17:07:47,1786961267,13.822803,100.511626,15.7,-0.03,1.1,-2.8,86.8,86.8,0.0,-0.01,-0.08,24.9,110,AUTO.LOITER,0,0
2026-08-17T17:07:48,1786961268,13.822803,100.511627,15.7,-0.03,1.1,-2.8,86.8,86.8,0.01,0.0,-0.08,24.9,110,AUTO.LOITER,0,0
2026-08-17T17:07:49,1786961269,13.822803,100.511627,15.7,-0.03,1.2,-2.8,86.8,86.8,0.0,0.01,-0.08,24.9,110,AUTO.LOITER,0,0
2026-08-17T17:07:50,1786961270,13.822803,100.511627,15.7,-0.03,1.2,-2.8,86.8,86.8,0.0,0.01,-0.08,24.9,110,AUTO.LOITER,0,0
2026-08-17T17:07:51,1786961271,13.822803,100.511626,15.4,-0.03,1.2,-2.8,86.8,86.8,0.0,0.01,-0.08,24.9,110,AUTO.LOITER,0,0
2026-08-17T17:07:52,1786961272,13.822803,100.511626,15.4,-0.03,1.2,-2.8,86.8,86.8,0.0,0.01,-0.08,24.9,110,AUTO.LOITER,0,0
2026-08-17T17:07:53,1786961273,13.822803,100.511627,15.4,-0.03,1.2,-2.9,86.8,86.8,0.0,0.01,-0.08,24.9,110,AUTO.LOITER,0,0
2026-08-17T17:07:54,1786961274,13.822803,100.511627,15.4,-0.03,1.2,-2.8,86.8,86.8,-0.01,0.02,-0.08,24.9,110,AUTO.LOITER,0,0
2026-08-17T17:07:55,1786961275,13.822803,100.511627,15.7,-0.03,1.1,-2.9,86.8,86.8,-0.01,0.01,-0.08,24.9,110,AUTO.LOITER,0,0
2026-08-17T17:07:56,1786961276,13.822803,100.511627,15.7,-0.03,1.1,-2.8,86.8,86.8,-0.01,0.02,-0.08,24.9,110,AUTO.LOITER,0,0
2026-08-17T17:07:57,1786961277,13.822803,100.511627,15.7,-0.04,1.1,-2.8,86.8,86.8,0.0,0.01,-0.07,24.9,110,AUTO.LOITER,0,0
2026-08-17T17:07:58,1786961278,13.822803,100.511627,15.7,-0.04,1.1,-2.8,86.8,86.8,0.0,0.02,-0.07,24.9,110,AUTO.LOITER,0,0
2026-08-17T17:07:59,1786961279,13.822803,100.511627,15.7,-0.04,1.1,-2.8,86.8,86.8,-0.01,0.01,-0.07,24.9,110,AUTO.LOITER,0,0
2026-08-17T17:08:00,1786961280,13.822803,100.511627,15.7,-0.04,1.1,-2.8,86.8,86.8,-0.01,0.01,-0.07,24.9,110,AUTO.LOITER,0,0
2026-08-17T17:08:01,1786961281,13.822803,100.511627,15.7,-0.04,1.1,-2.8,86.8,86.8,-0.01,0.01,-0.07,24.9,110,AUTO.LOITER,0,0
2026-08-17T17:08:02,1786961282,13.822803,100.511627,15.7,-0.04,1.1,-2.8,86.8,86.8,0.0,0.0,-0.06,24.9,110,AUTO.LOITER,0,0
2026-08-17T17:08:03,1786961283,13.822803,100.511627,15.7,-0.04,1.1,-2.8,86.8,86.8,0.0,0.0,-0.07,24.9,110,AUTO.LOITER,0,0
2026-08-17T17:08:04,1786961284,13.822803,100.511627,15.7,-0.04,1.1,-2.8,86.8,86.8,0.0,0.0,-0.07,24.9,110,AUTO.LOITER,0,0
2026-08-17T17:08:05,1786961285,13.822803,100.511627,15.7,-0.04,1.1,-2.7,86.9,86.9,-0.01,0.0,-0.07,24.9,110,AUTO.LOITER,0,0
2026-08-17T17:08:06,1786961286,13.822803,100.511627,15.7,-0.03,1.1,-2.7,86.9,86.9,-0.02,0.0,-0.09,24.9,110,AUTO.LOITER,0,0
2026-08-17T17:08:07,1786961287,13.822803,100.511627,15.7,-0.02,1.1,-2.7,86.9,86.9,-0.02,0.01,-0.1,24.9,110,AUTO.LOITER,0,0
2026-08-17T17:08:08,1786961288,13.822803,100.511627,15.7,-0.01,1.1,-2.7,86.9,86.9,-0.01,0.01,-0.11,24.9,110,AUTO.LOITER,0,0
2026-08-17T17:08:09,1786961289,13.822803,100.511627,15.7,-0.0,1.1,-2.7,86.9,86.9,0.0,0.01,-0.12,24.9,110,AUTO.LOITER,0,0
2026-08-17T17:08:10,1786961290,13.822803,100.511627,15.4,-0.0,1.0,-2.7,86.9,86.9,0.0,0.01,-0.12,24.9,110,AUTO.LOITER,0,0
2026-08-17T17:08:11,1786961291,13.822803,100.511627,15.4,0.0,1.0,-2.6,86.9,86.9,0.0,0.0,-0.12,24.9,110,AUTO.LOITER,0,0
2026-08-17T17:08:12,1786961292,13.822803,100.511627,15.7,0.0,1.0,-2.6,86.9,86.9,0.01,0.0,-0.11,24.9,110,AUTO.LOITER,0,0
2026-08-17T17:08:13,1786961293,13.822803,100.511627,15.7,-0.01,1.1,-2.6,86.9,86.9,0.02,0.01,-0.1,24.9,110,AUTO.LOITER,0,0
2026-08-17T17:08:14,1786961294,13.822803,100.511627,15.7,-0.02,1.1,-2.6,86.9,86.9,0.01,0.02,-0.09,24.9,110,AUTO.LOITER,0,0
2026-08-17T17:08:15,1786961295,13.822803,100.511627,15.4,-0.02,1.1,-2.6,86.9,86.9,0.01,0.02,-0.09,24.9,110,AUTO.LOITER,0,0
2026-08-17T17:08:16,1786961296,13.822803,100.511627,15.4,-0.02,1.1,-2.6,86.9,86.9,0.01,0.02,-0.09,24.9,110,AUTO.LOITER,0,0
2026-08-17T17:08:17,1786961297,13.822803,100.511627,15.4,-0.02,1.1,-2.5,86.9,86.9,0.01,0.02,-0.09,24.9,110,AUTO.LOITER,0,0
2026-08-17T17:08:18,1786961298,13.822803,100.511627,15.4,-0.02,1.1,-2.5,86.9,86.9,0.01,0.02,-0.09,24.9,110,AUTO.LOITER,0,0
2026-08-17T17:08:19,1786961299,13.822803,100.511627,15.7,-0.03,1.1,-2.5,86.9,86.9,0.0,0.0,-0.08,24.9,110,AUTO.LOITER,0,0
2026-08-17T17:08:20,1786961300,13.822803,100.511627,15.7,-0.03,1.1,-2.5,86.9,86.9,-0.01,0.0,-0.09,24.9,110,AUTO.LOITER,0,0
2026-08-17T17:08:21,1786961301,13.822803,100.511627,15.7,-0.02,1.0,-2.5,86.9,86.9,-0.01,0.0,-0.09,24.9,110,AUTO.LOITER,0,0
2026-08-17T17:08:22,1786961302,13.822803,100.511627,15.7,-0.02,1.0,-2.5,86.9,86.9,0.0,0.0,-0.09,24.9,110,AUTO.LOITER,0,0
2026-08-17T17:08:23,1786961303,13.822803,100.511627,15.7,-0.02,1.0,-2.5,86.9,86.9,0.0,0.0,-0.08,24.9,110,AUTO.LOITER,0,0
2026-08-17T17:08:24,1786961304,13.822803,100.511627,15.7,-0.03,1.0,-2.5,86.9,86.9,0.0,-0.02,-0.07,24.9,110,AUTO.LOITER,0,0
2026-08-17T17:08:25,1786961305,13.822803,100.511627,15.7,-0.03,1.0,-2.5,86.9,86.9,0.0,-0.02,-0.07,24.9,110,AUTO.LOITER,0,0
2026-08-17T17:08:26,1786961306,13.822803,100.511627,15.7,-0.03,1.0,-2.5,86.9,86.9,0.0,-0.02,-0.07,24.9,110,AUTO.LOITER,0,0
2026-08-17T17:08:27,1786961307,13.822803,100.511627,15.7,-0.03,1.0,-2.6,86.9,86.9,0.0,-0.02,-0.07,24.9,110,AUTO.LOITER,0,0
2026-08-17T17:08:28,1786961308,13.822803,100.511627,15.4,-0.02,1.0,-2.6,86.9,86.9,0.01,-0.04,-0.09,24.9,110,AUTO.LOITER,0,0
2026-08-17T17:08:29,1786961309,13.822803,100.511626,15.7,-0.02,1.0,-2.6,86.9,86.9,0.01,-0.04,-0.09,24.9,110,AUTO.LOITER,0,0
2026-08-17T17:08:30,1786961310,13.822803,100.511627,15.4,-0.02,1.0,-2.7,86.9,86.9,0.01,-0.04,-0.09,24.9,110,AUTO.LOITER,0,0
2026-08-17T17:08:31,1786961311,13.822803,100.511627,15.7,-0.02,1.0,-2.7,86.9,86.9,0.02,0.0,-0.09,24.9,110,AUTO.LOITER,0,0
2026-08-17T17:08:32,1786961312,13.822803,100.511627,15.7,-0.02,1.0,-2.7,87.0,87.0,0.03,0.0,-0.09,24.9,110,AUTO.LOITER,0,0
2026-08-17T17:08:33,1786961313,13.822803,100.511627,15.7,-0.02,1.1,-2.7,87.0,87.0,0.03,0.0,-0.09,24.9,110,AUTO.LOITER,0,0
2026-08-17T17:08:34,1786961314,13.822804,100.511627,15.7,-0.02,1.1,-2.6,87.0,87.0,0.03,0.0,-0.09,24.9,110,AUTO.LOITER,0,0
2026-08-17T17:08:35,1786961315,13.822804,100.511627,15.7,-0.02,1.1,-2.6,87.0,87.0,0.02,0.0,-0.09,24.9,110,AUTO.LOITER,0,0
2026-08-17T17:08:36,1786961316,13.822804,100.511627,15.7,-0.02,1.1,-2.6,87.0,87.0,0.01,0.0,-0.09,24.9,110,AUTO.LOITER,0,0
2026-08-17T17:08:37,1786961317,13.822803,100.511627,15.7,-0.02,1.1,-2.6,87.0,87.0,0.0,0.0,-0.09,24.9,110,AUTO.LOITER,0,0
2026-08-17T17:08:38,1786961318,13.822803,100.511627,15.7,-0.03,1.1,-2.6,87.0,87.0,0.0,0.0,-0.08,24.9,110,AUTO.LOITER,0,0
2026-08-17T17:08:39,1786961319,13.822803,100.511627,15.7,-0.03,1.0,-2.6,87.0,87.0,0.0,0.0,-0.07,24.9,110,AUTO.LOITER,0,0
2026-08-17T17:08:40,1786961320,13.822803,100.511627,15.7,-0.04,1.1,-2.6,86.9,86.9,0.0,0.01,-0.07,24.9,110,AUTO.LOITER,0,0
2026-08-17T17:08:41,1786961321,13.822803,100.511627,15.7,-0.04,1.1,-2.6,86.9,86.9,0.0,0.0,-0.06,24.9,110,AUTO.LOITER,0,0
2026-08-17T17:08:42,1786961322,13.822803,100.511627,15.7,-0.05,1.1,-2.6,86.9,86.9,0.0,0.0,-0.06,24.9,110,AUTO.LOITER,0,0
2026-08-17T17:08:43,1786961323,13.822803,100.511627,15.4,-0.05,1.1,-2.6,86.9,86.9,0.0,0.0,-0.06,24.9,110,AUTO.LOITER,0,0
2026-08-17T17:08:44,1786961324,13.822803,100.511627,15.7,-0.04,1.1,-2.6,86.9,86.9,0.01,0.0,-0.07,24.9,110,AUTO.LOITER,0,0
2026-08-17T17:08:45,1786961325,13.822803,100.511627,15.4,-0.03,1.0,-2.6,86.9,86.9,0.02,0.0,-0.08,24.9,110,AUTO.LOITER,0,0
2026-08-17T17:08:46,1786961326,13.822803,100.511627,15.7,-0.03,1.0,-2.6,86.9,86.9,0.01,0.0,-0.08,24.9,110,AUTO.LOITER,0,0
2026-08-17T17:08:47,1786961327,13.822803,100.511627,15.7,-0.03,1.0,-2.6,86.9,86.9,0.02,0.0,-0.08,24.9,110,AUTO.LOITER,0,0
2026-08-17T17:08:48,1786961328,13.822803,100.511627,15.7,-0.03,1.1,-2.7,86.9,86.9,0.02,0.0,-0.08,24.9,110,AUTO.LOITER,0,0
2026-08-17T17:08:49,1786961329,13.822803,100.511627,15.7,-0.04,1.1,-2.7,86.9,86.9,0.03,0.0,-0.07,24.9,110,AUTO.LOITER,0,0
2026-08-17T17:08:50,1786961330,13.822803,100.511627,15.7,-0.04,1.1,-2.7,86.9,86.9,0.02,0.0,-0.07,24.9,110,AUTO.LOITER,0,0
2026-08-17T17:08:51,1786961331,13.822803,100.511627,15.7,-0.03,1.1,-2.7,86.9,86.9,0.01,-0.02,-0.08,24.9,110,AUTO.LOITER,0,0
2026-08-17T17:08:52,1786961332,13.822803,100.511627,15.7,-0.03,1.1,-2.7,86.9,86.9,0.0,-0.03,-0.08,24.9,110,AUTO.LOITER,0,0
2026-08-17T17:08:53,1786961333,13.822803,100.511627,15.7,-0.03,1.1,-2.7,86.9,86.9,0.01,-0.02,-0.08,24.9,110,AUTO.LOITER,0,0
2026-08-17T17:08:54,1786961334,13.822803,100.511627,15.7,-0.03,1.1,-2.8,86.9,86.9,0.01,-0.01,-0.09,24.9,110,AUTO.LOITER,0,0
2026-08-17T17:08:55,1786961335,13.822803,100.511627,15.7,-0.02,1.1,-2.8,86.9,86.9,0.01,0.0,-0.1,24.9,110,AUTO.LOITER,0,0
2026-08-17T17:08:56,1786961336,13.822803,100.511627,15.7,-0.01,1.2,-2.8,86.9,86.9,0.01,0.01,-0.1,24.9,110,AUTO.LOITER,0,0
2026-08-17T17:08:57,1786961337,13.822803,100.511627,15.7,-0.02,1.2,-2.8,86.9,86.9,0.0,0.0,-0.09,24.9,110,AUTO.LOITER,0,0
2026-08-17T17:08:58,1786961338,13.822803,100.511627,15.7,-0.02,1.2,-2.8,86.9,86.9,-0.01,0.0,-0.09,24.9,110,AUTO.LOITER,0,0
2026-08-17T17:08:59,1786961339,13.822803,100.511627,15.7,-0.02,1.2,-2.8,86.9,86.9,0.0,0.0,-0.08,24.9,110,AUTO.LOITER,0,0
2026-08-17T17:09:00,1786961340,13.822803,100.511627,15.5,-0.02,1.2,-2.8,86.9,86.9,0.0,0.0,-0.08,24.9,110,AUTO.LOITER,0,0
2026-08-17T17:09:01,1786961341,13.822803,100.511626,15.3,-0.03,1.2,-2.8,86.9,86.9,0.0,0.0,-0.07,24.9,110,AUTO.LOITER,0,0
2026-08-17T17:09:02,1786961342,13.822803,100.511626,15.7,-0.04,1.2,-2.8,86.9,86.9,-0.01,0.0,-0.07,24.9,110,AUTO.LOITER,0,0
2026-08-17T17:09:03,1786961343,13.822803,100.511626,15.7,-0.04,1.2,-2.8,86.9,86.9,-0.03,0.0,-0.06,24.9,110,AUTO.LOITER,0,0
2026-08-17T17:09:04,1786961344,13.822803,100.511626,15.4,-0.04,1.2,-2.8,86.9,86.9,-0.03,0.0,-0.06,24.9,110,AUTO.LOITER,0,0
2026-08-17T17:09:05,1786961345,13.822803,100.511627,15.6,-0.07,1.1,-2.8,86.9,86.9,-0.02,0.0,-0.03,24.9,110,AUTO.LOITER,0,0
2026-08-17T17:09:06,1786961346,13.822803,100.511627,15.6,-0.07,1.1,-2.9,86.9,86.9,0.0,0.0,-0.02,24.9,110,AUTO.LOITER,0,0
2026-08-17T17:09:07,1786961347,13.822803,100.511627,15.6,-0.09,1.1,-2.9,86.9,86.9,-0.01,0.01,-0.01,24.9,110,AUTO.LOITER,0,0
2026-08-17T17:09:08,1786961348,13.822803,100.511627,15.6,-0.09,1.0,-2.8,86.9,86.9,-0.01,0.01,-0.01,24.9,110,AUTO.LOITER,0,0
2026-08-17T17:09:09,1786961349,13.822803,100.511627,15.6,-0.08,1.0,-2.8,86.8,86.8,-0.02,0.01,-0.02,24.9,110,AUTO.LOITER,0,0
2026-08-17T17:09:10,1786961350,13.822803,100.511627,15.6,-0.08,1.0,-2.8,86.8,86.8,0.0,0.0,-0.01,24.9,110,AUTO.LOITER,0,0
2026-08-17T17:09:11,1786961351,13.822803,100.511626,15.6,-0.08,1.0,-2.8,86.8,86.8,0.0,0.0,-0.01,24.9,110,AUTO.LOITER,0,0
2026-08-17T17:09:12,1786961352,13.822803,100.511626,15.6,-0.08,1.0,-2.8,86.8,86.8,0.0,0.0,-0.02,24.9,110,AUTO.LOITER,0,0
2026-08-17T17:09:13,1786961353,13.822803,100.511626,15.6,-0.08,1.0,-2.8,86.8,86.8,0.0,-0.02,-0.03,24.9,110,AUTO.LOITER,0,0
2026-08-17T17:09:14,1786961354,13.822803,100.511626,15.6,-0.07,1.0,-2.8,86.8,86.8,0.0,-0.02,-0.04,24.9,110,AUTO.LOITER,0,0
2026-08-17T17:09:15,1786961355,13.822803,100.511626,15.6,-0.06,1.0,-2.8,86.8,86.8,0.0,-0.01,-0.05,24.9,110,AUTO.LOITER,0,0
2026-08-17T17:09:16,1786961356,13.822803,100.511626,15.4,-0.06,1.0,-2.8,86.8,86.8,0.0,-0.01,-0.05,24.9,110,AUTO.LOITER,0,0
2026-08-17T17:09:17,1786961357,13.822803,100.511626,15.6,-0.06,1.0,-2.9,86.8,86.8,0.0,0.0,-0.04,24.9,110,AUTO.LOITER,0,0
2026-08-17T17:09:18,1786961358,13.822803,100.511626,15.6,-0.06,1.0,-2.9,86.8,86.8,0.0,0.0,-0.04,24.9,110,AUTO.LOITER,0,0
2026-08-17T17:09:19,1786961359,13.822803,100.511626,15.6,-0.06,0.9,-2.9,86.8,86.8,0.0,0.0,-0.04,24.9,110,AUTO.LOITER,0,0
2026-08-17T17:09:20,1786961360,13.822803,100.511626,15.6,-0.07,0.9,-2.9,86.9,86.9,0.0,0.0,-0.04,24.9,110,AUTO.LOITER,0,0
2026-08-17T17:09:21,1786961361,13.822803,100.511627,15.6,-0.07,0.9,-2.9,86.9,86.9,0.01,0.0,-0.04,24.9,110,AUTO.LOITER,0,0
2026-08-17T17:09:22,1786961362,13.822803,100.511627,15.6,-0.07,0.9,-3.0,86.9,86.9,0.01,0.0,-0.04,24.9,110,AUTO.LOITER,0,0
2026-08-17T17:09:23,1786961363,13.822803,100.511627,15.6,-0.07,0.9,-3.0,86.9,86.9,0.01,0.01,-0.03,24.9,110,AUTO.LOITER,0,0
2026-08-17T17:09:24,1786961364,13.822803,100.511627,15.6,-0.06,0.9,-2.9,86.9,86.9,0.02,0.0,-0.04,24.9,110,AUTO.LOITER,0,0
2026-08-17T17:09:25,1786961365,13.822803,100.511627,15.6,-0.07,1.0,-2.9,86.9,86.9,0.01,-0.01,-0.03,24.9,110,AUTO.LOITER,0,0
2026-08-17T17:09:26,1786961366,13.822803,100.511627,15.6,-0.07,1.0,-3.0,86.9,86.9,0.02,0.0,-0.03,24.9,110,AUTO.LOITER,0,0
2026-08-17T17:09:27,1786961367,13.822803,100.511626,15.4,-0.07,1.0,-3.0,86.9,86.9,0.02,0.0,-0.03,24.9,110,AUTO.LOITER,0,0
2026-08-17T17:09:28,1786961368,13.822803,100.511627,15.4,-0.07,1.0,-3.0,86.9,86.9,0.02,0.0,-0.03,24.9,110,AUTO.LOITER,0,0
2026-08-17T17:09:29,1786961369,13.822803,100.511627,15.6,-0.06,1.0,-2.9,86.9,86.9,0.01,-0.02,-0.04,24.9,110,AUTO.LOITER,0,0
2026-08-17T17:09:30,1786961370,13.822803,100.511626,15.6,-0.06,1.0,-3.0,86.9,86.9,0.0,-0.02,-0.04,24.9,110,AUTO.LOITER,0,0
2026-08-17T17:09:31,1786961371,13.822803,100.511626,15.6,-0.06,1.0,-3.0,86.9,86.9,0.0,-0.01,-0.04,24.9,110,AUTO.LOITER,0,0
2026-08-17T17:09:32,1786961372,13.822803,100.511627,15.4,-0.06,1.0,-3.0,86.9,86.9,0.0,-0.01,-0.04,24.9,110,AUTO.LOITER,0,0
2026-08-17T17:09:33,1786961373,13.822803,100.511627,15.3,-0.07,1.0,-3.0,86.9,86.9,0.0,0.0,-0.04,24.9,110,AUTO.LOITER,0,0
2026-08-17T17:09:34,1786961374,13.822803,100.511627,15.4,-0.07,1.0,-3.0,86.9,86.9,0.0,0.0,-0.03,24.9,110,AUTO.LOITER,0,0
2026-08-17T17:09:35,1786961375,13.822803,100.511627,15.6,-0.07,1.0,-3.0,86.9,86.9,0.0,0.0,-0.03,24.9,110,AUTO.LOITER,0,0
2026-08-17T17:09:36,1786961376,13.822803,100.511627,15.4,-0.07,1.0,-3.0,86.9,86.9,0.0,0.0,-0.03,24.9,110,AUTO.LOITER,0,0
2026-08-17T17:09:37,1786961377,13.822803,100.511627,15.6,-0.06,1.0,-3.0,86.9,86.9,0.0,0.0,-0.05,24.9,110,AUTO.LOITER,0,0
2026-08-17T17:09:38,1786961378,13.822803,100.511627,15.7,-0.05,1.0,-3.0,87.0,87.0,0.0,0.0,-0.06,24.9,110,AUTO.LOITER,0,0
2026-08-17T17:09:39,1786961379,13.822803,100.511627,15.7,-0.05,1.0,-2.9,87.0,87.0,0.0,0.0,-0.06,24.9,110,AUTO.LOITER,0,0
2026-08-17T17:09:40,1786961380,13.822803,100.511627,15.7,-0.05,1.0,-3.0,87.0,87.0,0.0,0.0,-0.06,24.9,110,AUTO.LOITER,0,0
2026-08-17T17:09:41,1786961381,13.822803,100.511627,15.6,-0.05,0.9,-3.0,87.0,87.0,0.0,0.01,-0.04,24.9,110,AUTO.LOITER,0,0
2026-08-17T17:09:42,1786961382,13.822803,100.511627,15.6,-0.07,1.0,-2.9,87.0,87.0,0.0,0.0,-0.02,24.9,110,AUTO.LOITER,0,0
2026-08-17T17:09:43,1786961383,13.822803,100.511627,15.6,-0.07,1.0,-2.9,87.0,87.0,0.0,0.0,-0.02,24.9,110,AUTO.LOITER,0,0
2026-08-17T17:09:44,1786961384,13.822803,100.511627,15.6,-0.07,1.0,-2.9,87.0,87.0,0.01,0.0,-0.03,24.9,110,AUTO.LOITER,0,0
2026-08-17T17:09:45,1786961385,13.822803,100.511627,15.6,-0.08,1.0,-2.9,87.0,87.0,0.01,-0.02,-0.02,24.9,110,AUTO.LOITER,0,0
2026-08-17T17:09:46,1786961386,13.822803,100.511627,15.6,-0.09,1.0,-2.9,87.0,87.0,0.02,-0.02,0.0,24.9,110,AUTO.LOITER,0,0
2026-08-17T17:09:47,1786961387,13.822803,100.511627,15.6,-0.09,1.0,-2.9,87.0,87.0,0.02,-0.02,0.0,24.9,110,AUTO.LOITER,0,0
2026-08-17T17:09:48,1786961388,13.822803,100.511627,15.6,-0.09,1.0,-2.9,87.0,87.0,0.02,-0.02,0.0,24.9,110,AUTO.LOITER,0,0
2026-08-17T17:09:49,1786961389,13.822803,100.511627,15.4,-0.09,1.1,-2.9,87.0,87.0,0.01,-0.01,-0.01,24.9,110,AUTO.LOITER,0,0
2026-08-17T17:09:50,1786961390,13.822803,100.511626,15.6,-0.09,1.1,-2.9,87.0,87.0,0.01,0.0,-0.02,24.9,110,AUTO.LOITER,0,0
2026-08-17T17:09:51,1786961391,13.822803,100.511626,15.6,-0.08,1.1,-2.9,87.0,87.0,0.0,-0.01,-0.02,24.9,110,AUTO.LOITER,0,0
2026-08-17T17:09:52,1786961392,13.822803,100.511626,15.6,-0.08,1.1,-2.9,87.0,87.0,0.02,-0.02,-0.02,24.9,110,AUTO.LOITER,0,0
2026-08-17T17:09:53,1786961393,13.822803,100.511626,15.6,-0.08,1.1,-2.9,87.0,87.0,0.02,-0.01,-0.02,24.9,110,AUTO.LOITER,0,0
2026-08-17T17:09:54,1786961394,13.822803,100.511626,15.6,-0.08,1.1,-2.9,87.0,87.0,0.01,0.0,-0.02,24.9,110,AUTO.LOITER,0,0
2026-08-17T17:09:55,1786961395,13.822803,100.511627,15.6,-0.07,1.1,-2.9,87.0,87.0,0.0,0.0,-0.03,24.9,110,AUTO.LOITER,0,0
2026-08-17T17:09:56,1786961396,13.822803,100.511626,15.6,-0.07,1.1,-2.9,87.0,87.0,0.0,-0.01,-0.02,24.9,110,AUTO.LOITER,0,0
2026-08-17T17:09:57,1786961397,13.822803,100.511626,15.6,-0.08,1.1,-2.9,87.0,87.0,-0.01,-0.02,-0.01,24.9,110,AUTO.LOITER,0,0
2026-08-17T17:09:58,1786961398,13.822803,100.511626,15.6,-0.09,1.1,-2.9,87.0,87.0,-0.01,-0.01,-0.01,24.9,110,AUTO.LOITER,0,0
2026-08-17T17:09:59,1786961399,13.822803,100.511626,15.6,-0.09,1.1,-2.9,87.0,87.0,0.0,-0.02,0.0,24.9,110,AUTO.LOITER,0,0
2026-08-17T17:10:00,1786961400,13.822803,100.511626,15.6,-0.09,1.1,-3.0,87.0,87.0,0.0,-0.02,0.0,24.9,110,AUTO.LOITER,0,0
2026-08-17T17:10:01,1786961401,13.822803,100.511627,15.6,-0.1,1.1,-3.0,87.0,87.0,0.01,0.0,0.0,24.9,110,AUTO.LOITER,0,0
2026-08-17T17:10:02,1786961402,13.822803,100.511627,15.6,-0.1,1.1,-3.0,87.0,87.0,0.02,0.0,0.0,24.9,110,AUTO.LOITER,0,0
2026-08-17T17:10:03,1786961403,13.822803,100.511627,15.4,-0.1,1.2,-3.0,87.0,87.0,0.02,0.0,0.0,24.9,110,AUTO.LOITER,0,0
2026-08-17T17:10:04,1786961404,13.822803,100.511627,15.6,-0.1,1.2,-3.0,87.0,87.0,0.02,-0.01,0.0,24.9,110,AUTO.LOITER,0,0
2026-08-17T17:10:05,1786961405,13.822803,100.511627,15.6,-0.09,1.2,-3.0,87.0,87.0,0.02,-0.01,0.0,24.9,110,AUTO.LOITER,0,0
2026-08-17T17:10:06,1786961406,13.822803,100.511627,15.6,-0.1,1.2,-3.0,87.0,87.0,0.01,0.0,0.0,24.9,110,AUTO.LOITER,0,0
2026-08-17T17:10:07,1786961407,13.822803,100.511627,15.6,-0.1,1.2,-3.0,87.0,87.0,0.01,0.0,0.0,24.9,110,AUTO.LOITER,0,0
2026-08-17T17:10:08,1786961408,13.822803,100.511626,15.6,-0.1,1.2,-3.0,87.0,87.0,0.01,0.0,0.0,24.9,110,AUTO.LOITER,0,0
2026-08-17T17:10:09,1786961409,13.822803,100.511626,15.6,-0.1,1.2,-3.0,87.0,87.0,0.0,-0.01,0.0,24.9,110,AUTO.LOITER,0,0
2026-08-17T17:10:10,1786961410,13.822803,100.511626,15.6,-0.11,1.3,-3.0,87.0,87.0,0.0,0.0,0.02,24.9,110,AUTO.LOITER,0,0
2026-08-17T17:10:11,1786961411,13.822803,100.511627,15.6,-0.12,1.3,-3.0,87.0,87.0,0.0,0.0,0.03,24.9,110,AUTO.LOITER,0,0
2026-08-17T17:10:12,1786961412,13.822803,100.511626,15.6,-0.13,1.3,-3.0,87.0,87.0,-0.01,-0.01,0.03,24.9,110,AUTO.LOITER,0,0
2026-08-17T17:10:13,1786961413,13.822803,100.511626,15.6,-0.13,1.3,-3.0,87.0,87.0,-0.01,-0.01,0.04,24.9,110,AUTO.LOITER,0,0
2026-08-17T17:10:14,1786961414,13.822803,100.511627,15.6,-0.14,1.3,-3.0,87.0,87.0,-0.01,0.0,0.04,24.9,110,AUTO.LOITER,0,0
2026-08-17T17:10:15,1786961415,13.822803,100.511627,15.6,-0.14,1.3,-3.1,86.9,86.9,0.0,0.0,0.06,24.9,110,AUTO.LOITER,0,0
2026-08-17T17:10:16,1786961416,13.822803,100.511627,15.6,-0.14,1.3,-3.1,86.9,86.9,0.0,0.0,0.06,24.9,110,AUTO.LOITER,0,0
2026-08-17T17:10:17,1786961417,13.822803,100.511627,15.5,-0.15,1.3,-3.1,86.9,86.9,-0.01,-0.01,0.06,24.9,110,AUTO.LOITER,0,0
2026-08-17T17:10:18,1786961418,13.822803,100.511627,15.4,-0.15,1.3,-3.1,86.9,86.9,-0.01,-0.01,0.06,24.9,110,AUTO.LOITER,0,0
2026-08-17T17:10:19,1786961419,13.822803,100.511627,15.5,-0.15,1.3,-3.1,86.9,86.9,0.0,0.0,0.06,24.9,110,AUTO.LOITER,0,0
2026-08-17T17:10:20,1786961420,13.822803,100.511627,15.4,-0.16,1.3,-3.1,86.9,86.9,0.0,0.0,0.07,24.9,110,AUTO.LOITER,0,0
2026-08-17T17:10:21,1786961421,13.822803,100.511627,15.5,-0.16,1.3,-3.1,86.9,86.9,0.0,-0.01,0.08,24.9,110,AUTO.LOITER,0,0
2026-08-17T17:10:22,1786961422,13.822803,100.511626,15.5,-0.17,1.3,-3.2,86.9,86.9,-0.02,-0.01,0.09,24.9,110,AUTO.LOITER,0,0
2026-08-17T17:10:23,1786961423,13.822803,100.511626,15.5,-0.18,1.3,-3.2,86.9,86.9,-0.03,0.0,0.1,24.9,110,AUTO.LOITER,0,0
2026-08-17T17:10:24,1786961424,13.822803,100.511627,15.5,-0.18,1.3,-3.2,86.9,86.9,-0.02,0.0,0.1,24.9,110,AUTO.LOITER,0,0
2026-08-17T17:10:25,1786961425,13.822803,100.511627,15.5,-0.18,1.3,-3.2,86.9,86.9,-0.01,0.0,0.1,24.9,110,AUTO.LOITER,0,0
2026-08-17T17:10:26,1786961426,13.822803,100.511627,15.5,-0.19,1.3,-3.2,86.9,86.9,0.0,0.01,0.11,24.9,110,AUTO.LOITER,0,0
2026-08-17T17:10:27,1786961427,13.822803,100.511627,15.5,-0.19,1.3,-3.2,86.9,86.9,0.0,0.01,0.11,24.9,110,AUTO.LOITER,0,0
2026-08-17T17:10:28,1786961428,13.822803,100.511627,15.5,-0.19,1.3,-3.2,86.9,86.9,0.0,0.01,0.11,24.9,110,AUTO.LOITER,0,0
2026-08-17T17:10:29,1786961429,13.822803,100.511627,15.5,-0.18,1.4,-3.2,86.9,86.9,0.0,0.01,0.09,24.9,110,AUTO.LOITER,0,0
2026-08-17T17:10:30,1786961430,13.822803,100.511627,15.5,-0.18,1.4,-3.2,86.9,86.9,0.0,0.01,0.09,24.9,110,AUTO.LOITER,0,0
2026-08-17T17:10:31,1786961431,13.822803,100.511627,15.5,-0.17,1.4,-3.2,86.9,86.9,-0.03,0.0,0.08,24.9,110,AUTO.LOITER,0,0
2026-08-17T17:10:32,1786961432,13.822803,100.511627,15.5,-0.16,1.4,-3.2,86.9,86.9,-0.02,0.0,0.06,24.9,110,AUTO.LOITER,0,0
2026-08-17T17:10:33,1786961433,13.822803,100.511627,15.6,-0.14,1.4,-3.2,86.9,86.9,0.0,0.0,0.05,24.9,110,AUTO.LOITER,0,0
2026-08-17T17:10:34,1786961434,13.822803,100.511627,15.6,-0.14,1.3,-3.2,86.9,86.9,0.0,-0.01,0.05,24.9,110,AUTO.LOITER,0,0
2026-08-17T17:10:35,1786961435,13.822803,100.511627,15.4,-0.14,1.3,-3.3,86.9,86.9,0.0,-0.01,0.05,24.9,110,AUTO.LOITER,0,0
2026-08-17T17:10:36,1786961436,13.822803,100.511627,15.4,-0.14,1.3,-3.3,86.9,86.9,0.0,-0.01,0.05,24.9,110,AUTO.LOITER,0,0
2026-08-17T17:10:37,1786961437,13.822803,100.511627,15.4,-0.15,1.3,-3.3,86.9,86.9,0.0,-0.01,0.06,24.9,110,AUTO.LOITER,0,0
2026-08-17T17:10:38,1786961438,13.822804,100.511626,15.5,-0.16,1.3,-3.3,86.9,86.9,0.0,-0.01,0.08,24.9,110,AUTO.LOITER,0,0
2026-08-17T17:10:39,1786961439,13.822803,100.511627,15.5,-0.17,1.3,-3.4,86.9,86.9,0.0,0.0,0.08,24.9,110,AUTO.LOITER,0,0
2026-08-17T17:10:40,1786961440,13.822803,100.511627,15.5,-0.17,1.3,-3.4,86.9,86.9,0.0,0.0,0.08,24.9,110,AUTO.LOITER,0,0
2026-08-17T17:10:41,1786961441,13.822803,100.511627,15.5,-0.17,1.3,-3.4,86.9,86.9,0.0,0.0,0.08,24.9,110,AUTO.LOITER,0,0
2026-08-17T17:10:42,1786961442,13.822803,100.511627,15.5,-0.16,1.3,-3.4,86.9,86.9,-0.02,0.0,0.07,24.9,110,AUTO.LOITER,0,0
2026-08-17T17:10:43,1786961443,13.822803,100.511627,15.5,-0.16,1.3,-3.4,86.9,86.9,-0.02,0.0,0.07,24.9,110,AUTO.LOITER,0,0
2026-08-17T17:10:44,1786961444,13.822803,100.511627,15.5,-0.15,1.2,-3.4,86.9,86.9,0.0,0.01,0.06,24.9,110,AUTO.LOITER,0,0
2026-08-17T17:10:45,1786961445,13.822803,100.511627,15.6,-0.15,1.2,-3.4,86.9,86.9,0.0,0.02,0.05,24.9,110,AUTO.LOITER,0,0
2026-08-17T17:10:46,1786961446,13.822803,100.511627,15.6,-0.14,1.2,-3.4,86.9,86.9,0.01,0.02,0.05,24.9,110,AUTO.LOITER,0,0
2026-08-17T17:10:47,1786961447,13.822803,100.511627,15.6,-0.14,1.2,-3.4,86.9,86.9,0.01,0.01,0.05,24.9,110,AUTO.LOITER,0,0
2026-08-17T17:10:48,1786961448,13.822803,100.511627,15.6,-0.14,1.2,-3.3,86.9,86.9,0.0,0.0,0.05,24.9,110,AUTO.LOITER,0,0
2026-08-17T17:10:49,1786961449,13.822803,100.511626,15.6,-0.14,1.2,-3.3,86.8,86.8,0.0,-0.02,0.05,24.9,110,AUTO.LOITER,0,0
2026-08-17T17:10:50,1786961450,13.822803,100.511626,15.6,-0.15,1.2,-3.3,86.8,86.8,-0.01,-0.02,0.06,24.9,110,AUTO.LOITER,0,0
2026-08-17T17:10:51,1786961451,13.822803,100.511626,15.6,-0.15,1.3,-3.3,86.9,86.9,-0.02,-0.01,0.06,24.9,110,AUTO.LOITER,0,0
2026-08-17T17:10:52,1786961452,13.822803,100.511627,15.5,-0.15,1.3,-3.4,86.9,86.9,-0.02,-0.01,0.06,24.9,110,AUTO.LOITER,0,0
2026-08-17T17:10:53,1786961453,13.822803,100.511627,15.6,-0.15,1.2,-3.4,86.9,86.9,0.0,0.0,0.06,24.9,110,AUTO.LOITER,0,0
2026-08-17T17:10:54,1786961454,13.822803,100.511627,15.6,-0.15,1.2,-3.4,86.9,86.9,0.01,0.0,0.06,24.9,110,AUTO.LOITER,0,0
2026-08-17T17:10:55,1786961455,13.822803,100.511627,15.4,-0.15,1.3,-3.5,86.8,86.8,0.01,0.0,0.06,24.9,110,AUTO.LOITER,0,0
2026-08-17T17:10:56,1786961456,13.822803,100.511627,15.6,-0.15,1.3,-3.5,86.8,86.8,0.0,-0.01,0.06,24.9,110,AUTO.LOITER,0,0
2026-08-17T17:10:57,1786961457,13.822803,100.511627,15.6,-0.15,1.3,-3.5,86.8,86.8,0.01,0.0,0.06,24.9,110,AUTO.LOITER,0,0
2026-08-17T17:10:58,1786961458,13.822803,100.511627,15.6,-0.15,1.3,-3.5,86.8,86.8,0.0,0.0,0.06,24.9,110,AUTO.LOITER,0,0
2026-08-17T17:10:59,1786961459,13.822803,100.511627,15.6,-0.15,1.3,-3.5,86.8,86.8,0.0,0.01,0.06,24.9,110,AUTO.LOITER,0,0
2026-08-17T17:11:00,1786961460,13.822803,100.511627,15.6,-0.15,1.3,-3.6,86.8,86.8,0.0,0.02,0.05,24.9,110,AUTO.LOITER,0,0
2026-08-17T17:11:01,1786961461,13.822803,100.511627,15.6,-0.15,1.3,-3.5,86.8,86.8,0.0,0.02,0.05,24.9,110,AUTO.LOITER,0,0
2026-08-17T17:11:02,1786961462,13.822803,100.511627,15.6,-0.14,1.3,-3.5,86.8,86.8,0.0,0.03,0.05,24.9,110,AUTO.LOITER,0,0
2026-08-17T17:11:03,1786961463,13.822803,100.511627,15.6,-0.14,1.3,-3.5,86.8,86.8,-0.01,0.03,0.05,24.9,110,AUTO.LOITER,0,0
2026-08-17T17:11:04,1786961464,13.822803,100.511627,15.6,-0.14,1.3,-3.5,86.8,86.8,-0.02,0.02,0.05,24.9,110,AUTO.LOITER,0,0
2026-08-17T17:11:05,1786961465,13.822803,100.511627,15.6,-0.14,1.3,-3.5,86.8,86.8,-0.02,0.02,0.05,24.9,110,AUTO.LOITER,0,0
2026-08-17T17:11:06,1786961466,13.822803,100.511627,15.6,-0.14,1.3,-3.4,86.8,86.8,-0.01,0.01,0.04,24.9,110,AUTO.LOITER,0,0
2026-08-17T17:11:07,1786961467,13.822803,100.511627,15.4,-0.14,1.3,-3.4,86.9,86.9,-0.01,0.01,0.04,24.9,110,AUTO.LOITER,0,0
2026-08-17T17:11:08,1786961468,13.822803,100.511627,15.4,-0.14,1.3,-3.4,86.9,86.9,-0.01,0.0,0.04,24.9,110,AUTO.LOITER,0,0
2026-08-17T17:11:09,1786961469,13.822803,100.511627,15.4,-0.13,1.2,-3.4,86.9,86.9,0.0,0.0,0.03,24.9,110,AUTO.LOITER,0,0
2026-08-17T17:11:10,1786961470,13.822803,100.511626,15.6,-0.12,1.2,-3.4,86.9,86.9,0.0,-0.01,0.02,24.9,110,AUTO.LOITER,0,0
2026-08-17T17:11:11,1786961471,13.822803,100.511626,15.6,-0.11,1.2,-3.4,86.9,86.9,0.0,-0.02,0.01,24.9,110,AUTO.LOITER,0,0
2026-08-17T17:11:12,1786961472,13.822803,100.511626,15.6,-0.1,1.2,-3.4,86.9,86.9,0.01,-0.02,0.0,24.9,110,AUTO.LOITER,0,0
2026-08-17T17:11:13,1786961473,13.822803,100.511626,15.6,-0.09,1.3,-3.5,86.9,86.9,0.0,-0.01,0.0,24.9,110,AUTO.LOITER,0,0
2026-08-17T17:11:14,1786961474,13.822803,100.511627,15.6,-0.1,1.3,-3.5,86.9,86.9,0.0,-0.01,0.0,24.9,110,AUTO.LOITER,0,0
2026-08-17T17:11:15,1786961475,13.822803,100.511626,15.6,-0.1,1.2,-3.5,86.9,86.9,0.0,-0.02,0.0,24.9,110,AUTO.LOITER,0,0
2026-08-17T17:11:16,1786961476,13.822803,100.511627,15.6,-0.1,1.2,-3.5,86.9,86.9,-0.01,-0.01,0.01,24.9,110,AUTO.LOITER,0,0
2026-08-17T17:11:17,1786961477,13.822803,100.511627,15.6,-0.12,1.2,-3.5,86.9,86.9,-0.01,0.0,0.02,24.9,110,AUTO.LOITER,0,0
2026-08-17T17:11:18,1786961478,13.822803,100.511627,15.6,-0.12,1.2,-3.6,86.9,86.9,-0.01,0.0,0.02,24.9,110,AUTO.LOITER,0,0
2026-08-17T17:11:19,1786961479,13.822803,100.511627,15.6,-0.12,1.2,-3.6,86.8,86.8,-0.01,0.01,0.02,24.9,110,AUTO.LOITER,0,0
2026-08-17T17:11:20,1786961480,13.822803,100.511627,15.6,-0.11,1.2,-3.6,86.8,86.8,0.0,0.01,0.01,24.9,110,AUTO.LOITER,0,0
2026-08-17T17:11:21,1786961481,13.822803,100.511627,15.6,-0.11,1.2,-3.6,86.8,86.8,0.0,0.02,0.01,24.9,110,AUTO.LOITER,0,0
2026-08-17T17:11:22,1786961482,13.822804,100.511627,15.6,-0.11,1.2,-3.6,86.8,86.8,0.01,0.02,0.02,24.9,110,AUTO.LOITER,0,0
2026-08-17T17:11:23,1786961483,13.822803,100.511627,15.6,-0.12,1.2,-3.6,86.8,86.8,-0.01,0.01,0.02,24.9,110,AUTO.LOITER,0,0
2026-08-17T17:11:24,1786961484,13.822803,100.511627,15.4,-0.12,1.2,-3.5,86.8,86.8,-0.01,0.01,0.02,24.9,110,AUTO.LOITER,0,0
2026-08-17T17:11:25,1786961485,13.822803,100.511627,15.6,-0.12,1.2,-3.5,86.8,86.8,-0.01,0.0,0.03,24.9,110,AUTO.LOITER,0,0
2026-08-17T17:11:26,1786961486,13.822803,100.511627,15.6,-0.12,1.2,-3.5,86.8,86.8,-0.01,0.0,0.02,24.9,110,AUTO.LOITER,0,0
2026-08-17T17:11:27,1786961487,13.822803,100.511627,15.6,-0.12,1.2,-3.5,86.8,86.8,-0.01,0.0,0.02,24.9,110,AUTO.LOITER,0,0
2026-08-17T17:11:28,1786961488,13.822803,100.511627,15.6,-0.12,1.3,-3.5,86.8,86.8,-0.01,0.0,0.02,24.9,110,AUTO.LOITER,0,0
2026-08-17T17:11:29,1786961489,13.822803,100.511627,15.6,-0.12,1.3,-3.5,86.8,86.8,-0.02,0.0,0.01,24.9,110,AUTO.LOITER,0,0
2026-08-17T17:11:30,1786961490,13.822803,100.511627,15.6,-0.11,1.2,-3.5,86.8,86.8,-0.02,0.0,0.01,24.9,110,AUTO.LOITER,0,0
2026-08-17T17:11:31,1786961491,13.822803,100.511627,15.6,-0.11,1.2,-3.5,86.8,86.8,-0.02,0.0,0.01,24.9,110,AUTO.LOITER,0,0
2026-08-17T17:11:32,1786961492,13.822803,100.511627,15.6,-0.11,1.2,-3.5,86.8,86.8,-0.02,0.0,0.01,24.9,110,AUTO.LOITER,0,0
2026-08-17T17:11:33,1786961493,13.822803,100.511627,15.6,-0.11,1.2,-3.5,86.8,86.8,-0.02,0.0,0.01,24.9,110,AUTO.LOITER,0,0
2026-08-17T17:11:34,1786961494,13.822803,100.511626,15.6,-0.11,1.2,-3.5,86.9,86.9,-0.01,0.0,0.0,24.9,110,AUTO.LOITER,0,0
2026-08-17T17:11:35,1786961495,13.822803,100.511626,15.6,-0.1,1.2,-3.5,86.9,86.9,0.0,0.0,0.0,24.9,110,AUTO.LOITER,0,0
2026-08-17T17:11:36,1786961496,13.822803,100.511627,15.6,-0.1,1.2,-3.5,86.9,86.9,0.0,0.0,0.0,24.9,110,AUTO.LOITER,0,0
2026-08-17T17:11:37,1786961497,13.822803,100.511627,15.5,-0.1,1.2,-3.5,86.9,86.9,0.0,0.0,0.0,24.9,110,AUTO.LOITER,0,0
2026-08-17T17:11:38,1786961498,13.822803,100.511627,15.6,-0.09,1.2,-3.5,86.9,86.9,-0.01,0.0,0.0,24.9,110,AUTO.LOITER,0,0
2026-08-17T17:11:39,1786961499,13.822803,100.511627,15.6,-0.09,1.2,-3.5,86.9,86.9,-0.01,0.0,0.0,24.9,110,AUTO.LOITER,0,0
2026-08-17T17:11:40,1786961500,13.822803,100.511627,15.6,-0.1,1.2,-3.5,86.9,86.9,-0.01,0.0,0.0,24.9,110,AUTO.LOITER,0,0
2026-08-17T17:11:41,1786961501,13.822803,100.511627,15.6,-0.1,1.2,-3.5,86.9,86.9,-0.01,0.0,0.0,24.9,110,AUTO.LOITER,0,0
2026-08-17T17:11:42,1786961502,13.822803,100.511627,15.4,-0.1,1.2,-3.5,86.9,86.9,-0.01,0.0,0.0,24.9,110,AUTO.LOITER,0,0
2026-08-17T17:11:43,1786961503,13.822803,100.511627,15.6,-0.1,1.2,-3.5,86.9,86.9,-0.01,0.0,0.0,24.9,110,AUTO.LOITER,0,0
2026-08-17T17:11:44,1786961504,13.822803,100.511627,15.6,-0.1,1.2,-3.5,86.9,86.9,-0.02,-0.01,0.0,24.9,110,AUTO.LOITER,0,0
2026-08-17T17:11:45,1786961505,13.822803,100.511626,15.6,-0.09,1.1,-3.5,86.9,86.9,-0.03,-0.02,-0.01,24.9,110,AUTO.LOITER,0,0
2026-08-17T17:11:46,1786961506,13.822803,100.511626,15.6,-0.08,1.1,-3.6,87.0,87.0,-0.03,-0.02,-0.02,24.9,110,AUTO.LOITER,0,0
2026-08-17T17:11:47,1786961507,13.822803,100.511627,15.6,-0.07,1.1,-3.6,87.0,87.0,-0.02,0.0,-0.04,24.9,110,AUTO.LOITER,0,0
2026-08-17T17:11:48,1786961508,13.822803,100.511627,15.6,-0.07,1.1,-3.6,87.0,87.0,-0.01,0.0,-0.03,24.9,110,AUTO.LOITER,0,0
2026-08-17T17:11:49,1786961509,13.822803,100.511627,15.6,-0.07,1.1,-3.6,87.0,87.0,0.0,0.0,-0.03,24.9,110,AUTO.LOITER,0,0
2026-08-17T17:11:50,1786961510,13.822803,100.511627,15.6,-0.07,1.1,-3.6,86.9,86.9,-0.01,0.01,-0.02,24.9,110,AUTO.LOITER,0,0
2026-08-17T17:11:51,1786961511,13.822803,100.511627,15.6,-0.07,1.1,-3.6,86.9,86.9,-0.01,0.0,-0.03,24.9,110,AUTO.LOITER,0,0
2026-08-17T17:11:52,1786961512,13.822803,100.511627,15.6,-0.07,1.0,-3.6,86.9,86.9,0.0,0.0,-0.03,24.9,110,AUTO.LOITER,0,0
2026-08-17T17:11:53,1786961513,13.822803,100.511627,15.6,-0.07,1.0,-3.6,86.9,86.9,0.0,0.0,-0.03,24.9,110,AUTO.LOITER,0,0
2026-08-17T17:11:54,1786961514,13.822803,100.511627,15.6,-0.07,1.0,-3.6,87.0,87.0,0.0,0.01,-0.03,24.9,110,AUTO.LOITER,0,0
2026-08-17T17:11:55,1786961515,13.822803,100.511627,15.6,-0.07,1.0,-3.6,87.0,87.0,0.0,0.01,-0.03,24.9,110,AUTO.LOITER,0,0
2026-08-17T17:11:56,1786961516,13.822803,100.511627,15.6,-0.07,1.0,-3.6,87.0,87.0,0.0,0.01,-0.03,24.9,110,AUTO.LOITER,0,0
2026-08-17T17:11:57,1786961517,13.822803,100.511627,15.6,-0.07,1.0,-3.6,87.0,87.0,0.0,0.0,-0.03,24.9,110,AUTO.LOITER,0,0
2026-08-17T17:11:58,1786961518,13.822803,100.511627,15.6,-0.07,1.0,-3.6,87.0,87.0,0.01,0.0,-0.03,24.9,110,AUTO.LOITER,0,0
2026-08-17T17:11:59,1786961519,13.822803,100.511627,15.4,-0.07,1.0,-3.6,87.0,87.0,0.01,0.0,-0.03,24.9,110,AUTO.LOITER,0,0
2026-08-17T17:12:00,1786961520,13.822803,100.511627,15.3,-0.07,1.0,-3.6,87.0,87.0,0.01,-0.01,-0.02,24.9,110,AUTO.LOITER,0,0
2026-08-17T17:12:01,1786961521,13.822803,100.511627,15.4,-0.08,1.0,-3.6,87.0,87.0,0.0,0.0,-0.02,24.9,110,AUTO.LOITER,0,0
2026-08-17T17:12:02,1786961522,13.822803,100.511627,15.4,-0.08,1.0,-3.5,87.0,87.0,0.01,0.0,-0.01,24.9,110,AUTO.LOITER,0,0
2026-08-17T17:12:03,1786961523,13.822803,100.511627,15.6,-0.09,1.0,-3.5,87.0,87.0,0.0,0.0,-0.01,24.9,110,AUTO.LOITER,0,0
2026-08-17T17:12:04,1786961524,13.822803,100.511627,15.6,-0.09,1.0,-3.5,87.0,87.0,-0.01,0.0,-0.01,24.9,110,AUTO.LOITER,0,0
2026-08-17T17:12:05,1786961525,13.822803,100.511627,15.6,-0.08,1.0,-3.5,87.0,87.0,-0.01,0.01,-0.02,24.9,110,AUTO.LOITER,0,0
2026-08-17T17:12:06,1786961526,13.822803,100.511627,15.6,-0.08,1.0,-3.5,87.0,87.0,0.0,0.01,-0.03,24.9,110,AUTO.LOITER,0,0
2026-08-17T17:12:07,1786961527,13.822803,100.511627,15.6,-0.07,1.0,-3.5,87.0,87.0,0.0,0.01,-0.03,24.9,110,AUTO.LOITER,0,0
2026-08-17T17:12:08,1786961528,13.822803,100.511627,15.6,-0.07,1.0,-3.5,87.0,87.0,0.0,0.0,-0.03,24.9,110,AUTO.LOITER,0,0
2026-08-17T17:12:09,1786961529,13.822803,100.511627,15.6,-0.08,1.0,-3.5,87.0,87.0,0.02,0.0,-0.02,24.9,110,AUTO.LOITER,0,0
2026-08-17T17:12:10,1786961530,13.822803,100.511627,15.6,-0.08,1.0,-3.5,87.0,87.0,0.02,0.0,-0.02,24.9,110,AUTO.LOITER,0,0
2026-08-17T17:12:11,1786961531,13.822803,100.511627,15.6,-0.09,1.0,-3.5,86.9,86.9,0.03,0.0,-0.01,24.9,110,AUTO.LOITER,0,0
2026-08-17T17:12:12,1786961532,13.822803,100.511627,15.6,-0.09,1.1,-3.5,86.9,86.9,0.02,-0.01,0.0,24.9,110,AUTO.LOITER,0,0
2026-08-17T17:12:13,1786961533,13.822803,100.511627,15.6,-0.09,1.1,-3.5,86.9,86.9,0.01,-0.01,-0.01,24.9,110,AUTO.LOITER,0,0
2026-08-17T17:12:14,1786961534,13.822803,100.511627,15.6,-0.09,1.1,-3.5,86.9,86.9,0.0,0.0,-0.01,24.9,110,AUTO.LOITER,0,0
2026-08-17T17:12:15,1786961535,13.822803,100.511627,15.6,-0.08,1.1,-3.5,86.9,86.9,0.0,0.0,-0.02,24.9,110,AUTO.LOITER,0,0
2026-08-17T17:12:16,1786961536,13.822803,100.511627,15.6,-0.08,1.1,-3.5,86.9,86.9,0.0,0.0,-0.01,24.9,110,AUTO.LOITER,0,0
2026-08-17T17:12:17,1786961537,13.822803,100.511626,15.4,-0.08,1.1,-3.5,86.9,86.9,0.0,0.0,-0.01,24.9,110,AUTO.LOITER,0,0
2026-08-17T17:12:18,1786961538,13.822803,100.511627,15.4,-0.09,1.1,-3.5,86.9,86.9,0.0,-0.01,-0.01,24.9,110,AUTO.LOITER,0,0
2026-08-17T17:12:19,1786961539,13.822803,100.511627,15.6,-0.09,1.1,-3.5,86.9,86.9,0.0,0.0,-0.01,24.9,110,AUTO.LOITER,0,0
2026-08-17T17:12:20,1786961540,13.822803,100.511627,15.6,-0.09,1.1,-3.5,86.9,86.9,0.0,0.0,-0.01,24.9,110,AUTO.LOITER,0,0
2026-08-17T17:12:21,1786961541,13.822803,100.511627,15.6,-0.09,1.1,-3.5,86.9,86.9,0.0,0.0,-0.01,24.9,110,AUTO.LOITER,0,0
2026-08-17T17:12:22,1786961542,13.822803,100.511627,15.6,-0.08,1.1,-3.5,86.9,86.9,0.0,0.0,-0.02,24.9,111,AUTO.LOITER,0,0
2026-08-17T17:12:23,1786961543,13.822803,100.511627,15.6,-0.08,1.1,-3.5,86.9,86.9,0.0,0.0,-0.02,24.9,111,AUTO.LOITER,0,0
2026-08-17T17:12:24,1786961544,13.822803,100.511627,15.6,-0.08,1.1,-3.5,86.9,86.9,0.0,0.0,-0.02,24.9,111,AUTO.LOITER,0,0
2026-08-17T17:12:25,1786961545,13.822803,100.511627,15.6,-0.07,1.1,-3.5,86.9,86.9,0.0,0.0,-0.03,24.9,111,AUTO.LOITER,0,0
2026-08-17T17:12:26,1786961546,13.822803,100.511626,15.6,-0.07,1.1,-3.5,86.9,86.9,0.0,-0.01,-0.03,24.9,111,AUTO.LOITER,0,0
2026-08-17T17:12:27,1786961547,13.822803,100.511626,15.6,-0.07,1.1,-3.5,86.9,86.9,0.0,-0.02,-0.02,24.9,111,AUTO.LOITER,0,0
2026-08-17T17:12:28,1786961548,13.822803,100.511627,15.6,-0.07,1.1,-3.5,86.9,86.9,0.0,-0.01,-0.03,24.9,111,AUTO.LOITER,0,0
2026-08-17T17:12:29,1786961549,13.822803,100.511627,15.6,-0.07,1.1,-3.5,86.9,86.9,0.0,-0.01,-0.03,24.9,111,AUTO.LOITER,0,0
2026-08-17T17:12:30,1786961550,13.822803,100.511627,15.6,-0.07,1.1,-3.6,86.9,86.9,0.0,-0.01,-0.02,24.9,111,AUTO.LOITER,0,0
2026-08-17T17:12:31,1786961551,13.822803,100.511627,15.6,-0.08,1.1,-3.6,86.9,86.9,0.0,-0.02,-0.02,24.9,111,AUTO.LOITER,0,0
2026-08-17T17:12:32,1786961552,13.822803,100.511626,15.6,-0.07,1.1,-3.6,86.9,86.9,0.0,-0.03,-0.03,24.9,111,AUTO.LOITER,0,0
2026-08-17T17:12:33,1786961553,13.822803,100.511626,15.6,-0.07,1.1,-3.6,86.9,86.9,0.0,-0.01,-0.04,24.9,111,AUTO.LOITER,0,0
2026-08-17T17:12:34,1786961554,13.822803,100.511627,15.6,-0.06,1.2,-3.7,86.9,86.9,0.01,0.0,-0.05,24.9,111,AUTO.LOITER,0,0
2026-08-17T17:12:35,1786961555,13.822803,100.511627,15.4,-0.06,1.2,-3.7,86.9,86.9,0.01,0.0,-0.05,24.9,111,AUTO.LOITER,0,0
2026-08-17T17:12:36,1786961556,13.822803,100.511627,15.4,-0.05,1.2,-3.7,86.9,86.9,0.01,0.0,-0.06,24.9,111,AUTO.LOITER,0,0
2026-08-17T17:12:37,1786961557,13.822803,100.511627,15.4,-0.05,1.2,-3.7,86.9,86.9,0.01,0.0,-0.06,24.9,111,AUTO.LOITER,0,0
2026-08-17T17:12:38,1786961558,13.822803,100.511627,15.7,-0.04,1.3,-3.7,86.9,86.9,0.01,0.0,-0.06,24.9,111,AUTO.LOITER,0,0
2026-08-17T17:12:39,1786961559,13.822803,100.511627,15.7,-0.05,1.3,-3.6,86.9,86.9,0.0,0.0,-0.06,24.9,111,AUTO.LOITER,0,0
2026-08-17T17:12:40,1786961560,13.822803,100.511627,15.7,-0.05,1.3,-3.6,86.9,86.9,-0.01,0.01,-0.06,24.9,111,AUTO.LOITER,0,0
2026-08-17T17:12:41,1786961561,13.822803,100.511627,15.7,-0.05,1.3,-3.6,86.9,86.9,0.0,0.0,-0.05,24.9,111,AUTO.LOITER,0,0
2026-08-17T17:12:42,1786961562,13.822803,100.511627,15.6,-0.06,1.3,-3.6,86.9,86.9,-0.01,0.0,-0.04,24.9,111,AUTO.LOITER,0,0
2026-08-17T17:12:43,1786961563,13.822803,100.511627,15.6,-0.06,1.3,-3.6,86.9,86.9,-0.03,0.0,-0.04,24.9,111,AUTO.LOITER,0,0
2026-08-17T17:12:44,1786961564,13.822803,100.511627,15.6,-0.07,1.3,-3.6,86.9,86.9,-0.03,0.0,-0.03,24.9,111,AUTO.LOITER,0,0
2026-08-17T17:12:45,1786961565,13.822803,100.511627,15.6,-0.08,1.2,-3.6,86.9,86.9,-0.02,-0.01,-0.01,24.9,111,AUTO.LOITER,0,0
2026-08-17T17:12:46,1786961566,13.822803,100.511627,15.6,-0.1,1.2,-3.6,86.9,86.9,-0.01,-0.01,0.0,24.9,111,AUTO.LOITER,0,0
2026-08-17T17:12:47,1786961567,13.822803,100.511627,15.6,-0.1,1.2,-3.7,86.9,86.9,-0.02,-0.01,0.0,24.9,111,AUTO.LOITER,0,0
2026-08-17T17:12:48,1786961568,13.822803,100.511627,15.6,-0.1,1.2,-3.7,86.9,86.9,-0.01,0.0,0.0,24.9,111,AUTO.LOITER,0,0
2026-08-17T17:12:49,1786961569,13.822803,100.511627,15.6,-0.1,1.2,-3.7,86.9,86.9,-0.01,0.02,0.0,24.9,111,AUTO.LOITER,0,0
2026-08-17T17:12:50,1786961570,13.822803,100.511627,15.6,-0.1,1.2,-3.7,86.9,86.9,-0.01,0.01,0.0,24.9,111,AUTO.LOITER,0,0
2026-08-17T17:12:51,1786961571,13.822803,100.511627,15.6,-0.1,1.2,-3.7,86.9,86.9,-0.01,0.0,0.0,24.9,111,AUTO.LOITER,0,0
2026-08-17T17:12:52,1786961572,13.822803,100.511627,15.6,-0.09,1.1,-3.7,86.9,86.9,-0.01,0.0,0.0,24.9,111,AUTO.LOITER,0,0
2026-08-17T17:12:53,1786961573,13.822803,100.511627,15.6,-0.1,1.1,-3.7,86.9,86.9,-0.01,-0.02,0.0,24.9,111,AUTO.LOITER,0,0
2026-08-17T17:12:54,1786961574,13.822803,100.511627,15.6,-0.1,1.1,-3.7,86.9,86.9,-0.01,-0.02,0.0,24.9,111,AUTO.LOITER,0,0
2026-08-17T17:12:55,1786961575,13.822803,100.511627,15.6,-0.1,1.1,-3.7,86.9,86.9,0.0,-0.02,0.0,24.9,111,AUTO.LOITER,0,0
2026-08-17T17:12:56,1786961577,13.822803,100.511627,15.3,-0.1,1.1,-3.7,86.9,86.9,0.0,-0.02,0.0,24.9,111,AUTO.LOITER,0,0
2026-08-17T17:12:57,1786961578,13.822803,100.511627,15.3,-0.09,1.1,-3.8,86.9,86.9,0.0,-0.02,-0.01,24.9,111,AUTO.LOITER,0,0
2026-08-17T17:12:58,1786961579,13.822803,100.511627,15.6,-0.08,1.1,-3.8,86.9,86.9,0.01,-0.01,-0.02,24.9,111,AUTO.LOITER,0,0
2026-08-17T17:12:59,1786961580,13.822803,100.511627,15.6,-0.07,1.1,-3.8,87.0,87.0,0.02,0.0,-0.03,24.9,111,AUTO.LOITER,0,0
2026-08-17T17:13:00,1786961581,13.822803,100.511627,15.6,-0.06,1.1,-3.8,87.0,87.0,0.02,0.0,-0.04,24.9,111,AUTO.LOITER,0,0
2026-08-17T17:13:01,1786961582,13.822803,100.511627,15.6,-0.05,1.2,-3.8,87.0,87.0,0.01,0.0,-0.05,24.9,111,AUTO.LOITER,0,0
2026-08-17T17:13:02,1786961583,13.822803,100.511627,15.7,-0.05,1.2,-3.8,87.0,87.0,0.0,0.0,-0.05,24.9,111,AUTO.LOITER,0,0
2026-08-17T17:13:03,1786961584,13.822803,100.511627,15.7,-0.05,1.2,-3.8,87.0,87.0,0.0,0.01,-0.05,24.9,111,AUTO.LOITER,0,0
2026-08-17T17:13:04,1786961585,13.822803,100.511627,15.7,-0.05,1.2,-3.8,87.0,87.0,0.0,0.02,-0.06,24.9,111,AUTO.LOITER,0,0
2026-08-17T17:13:05,1786961586,13.822803,100.511627,15.7,-0.04,1.2,-3.8,87.0,87.0,0.0,0.03,-0.07,24.9,111,AUTO.LOITER,0,0
2026-08-17T17:13:06,1786961587,13.822803,100.511627,15.7,-0.04,1.2,-3.8,87.0,87.0,-0.02,0.03,-0.07,24.9,111,AUTO.LOITER,0,0
2026-08-17T17:13:07,1786961588,13.822803,100.511627,15.4,-0.04,1.2,-3.8,87.0,87.0,-0.02,0.03,-0.07,24.9,111,AUTO.LOITER,0,0
2026-08-17T17:13:08,1786961589,13.822803,100.511627,15.7,-0.04,1.2,-3.8,87.0,87.0,-0.01,0.01,-0.06,24.9,111,AUTO.LOITER,0,0
2026-08-17T17:13:09,1786961590,13.822803,100.511627,15.7,-0.05,1.2,-3.8,87.0,87.0,0.0,0.02,-0.06,24.9,111,AUTO.LOITER,0,0
2026-08-17T17:13:10,1786961591,13.822803,100.511627,15.7,-0.05,1.1,-3.8,87.0,87.0,0.0,0.03,-0.06,24.9,111,AUTO.LOITER,0,0
2026-08-17T17:13:11,1786961592,13.822803,100.511627,15.7,-0.05,1.1,-3.7,87.0,87.0,0.0,0.03,-0.06,24.9,111,AUTO.LOITER,0,0
2026-08-17T17:13:12,1786961593,13.822803,100.511627,15.7,-0.04,1.1,-3.7,87.0,87.0,0.0,0.03,-0.06,24.9,111,AUTO.LOITER,0,0
2026-08-17T17:13:13,1786961594,13.822803,100.511627,15.7,-0.05,1.1,-3.7,87.0,87.0,-0.01,0.03,-0.05,24.9,111,AUTO.LOITER,0,0
2026-08-17T17:13:14,1786961595,13.822803,100.511627,15.6,-0.05,1.1,-3.6,87.0,87.0,-0.02,0.01,-0.05,24.9,111,AUTO.LOITER,0,0
2026-08-17T17:13:15,1786961596,13.822803,100.511627,15.6,-0.06,1.1,-3.6,87.0,87.0,-0.01,0.0,-0.04,24.9,111,AUTO.LOITER,0,0
2026-08-17T17:13:16,1786961597,13.822803,100.511627,15.6,-0.07,1.1,-3.6,87.0,87.0,0.0,0.01,-0.04,24.9,111,AUTO.LOITER,0,0
2026-08-17T17:13:17,1786961598,13.822803,100.511627,15.6,-0.07,1.1,-3.6,87.0,87.0,0.01,0.01,-0.04,24.9,111,AUTO.LOITER,0,0
2026-08-17T17:13:18,1786961599,13.822803,100.511627,15.6,-0.06,1.1,-3.6,87.0,87.0,0.0,0.03,-0.04,24.9,111,AUTO.LOITER,0,0
2026-08-17T17:13:19,1786961600,13.822803,100.511627,15.6,-0.06,1.1,-3.6,87.0,87.0,0.0,0.03,-0.04,24.9,111,AUTO.LOITER,0,0
2026-08-17T17:13:20,1786961601,13.822803,100.511627,15.6,-0.06,1.1,-3.6,87.0,87.0,0.0,0.03,-0.04,24.9,111,AUTO.LOITER,0,0
2026-08-17T17:13:21,1786961602,13.822803,100.511627,15.6,-0.06,1.1,-3.5,87.0,87.0,-0.01,0.02,-0.04,24.9,111,AUTO.LOITER,0,0
2026-08-17T17:13:22,1786961603,13.822803,100.511627,15.6,-0.06,1.0,-3.5,87.0,87.0,-0.01,0.02,-0.04,24.9,111,AUTO.LOITER,0,0
2026-08-17T17:13:23,1786961604,13.822803,100.511627,15.4,-0.06,1.0,-3.5,87.0,87.0,-0.01,0.02,-0.04,24.9,111,AUTO.LOITER,0,0
2026-08-17T17:13:24,1786961605,13.822803,100.511627,15.6,-0.07,1.0,-3.4,87.0,87.0,0.0,0.02,-0.02,24.9,111,AUTO.LOITER,0,0
2026-08-17T17:13:25,1786961606,13.822803,100.511627,15.6,-0.08,1.0,-3.4,87.0,87.0,-0.01,0.01,-0.02,24.9,111,AUTO.LOITER,0,0
2026-08-17T17:13:26,1786961607,13.822803,100.511627,15.6,-0.08,1.0,-3.4,87.0,87.0,-0.02,0.0,-0.02,24.9,111,AUTO.LOITER,0,0
2026-08-17T17:13:27,1786961608,13.822803,100.511627,15.6,-0.08,1.0,-3.4,87.0,87.0,-0.02,-0.01,-0.02,24.9,111,AUTO.LOITER,0,0
2026-08-17T17:13:28,1786961609,13.822803,100.511627,15.6,-0.08,0.9,-3.4,87.1,87.1,0.0,-0.01,-0.02,24.9,111,AUTO.LOITER,0,0
2026-08-17T17:13:29,1786961610,13.822803,100.511627,15.6,-0.08,0.9,-3.4,87.1,87.1,0.0,-0.01,-0.01,24.9,111,AUTO.LOITER,0,0
2026-08-17T17:13:30,1786961611,13.822803,100.511627,15.6,-0.08,1.0,-3.4,87.1,87.1,0.0,0.0,-0.02,24.9,111,AUTO.LOITER,0,0
2026-08-17T17:13:31,1786961612,13.822803,100.511627,15.6,-0.08,1.0,-3.4,87.1,87.1,0.0,0.0,-0.02,24.9,111,AUTO.LOITER,0,0
2026-08-17T17:13:32,1786961613,13.822803,100.511627,15.4,-0.08,0.9,-3.4,87.1,87.1,0.0,0.0,-0.02,24.9,111,AUTO.LOITER,0,0
2026-08-17T17:13:33,1786961614,13.822803,100.511627,15.4,-0.08,0.9,-3.3,87.1,87.1,0.0,0.0,-0.02,24.9,111,AUTO.LOITER,0,0
2026-08-17T17:13:34,1786961615,13.822803,100.511627,15.6,-0.08,0.9,-3.3,87.1,87.1,0.01,0.01,-0.01,24.9,111,AUTO.LOITER,0,0
2026-08-17T17:13:35,1786961616,13.822803,100.511627,15.6,-0.08,0.9,-3.3,87.1,87.1,0.0,0.0,-0.02,24.9,111,AUTO.LOITER,0,0
2026-08-17T17:13:36,1786961617,13.822803,100.511627,15.6,-0.07,0.9,-3.3,87.1,87.1,0.0,0.0,-0.03,24.9,111,AUTO.LOITER,0,0
2026-08-17T17:13:37,1786961618,13.822803,100.511627,15.6,-0.07,0.9,-3.3,87.1,87.1,0.01,0.0,-0.02,24.9,111,AUTO.LOITER,0,0
2026-08-17T17:13:38,1786961619,13.822803,100.511627,15.6,-0.08,0.9,-3.3,87.1,87.1,0.0,-0.01,-0.01,24.9,111,AUTO.LOITER,0,0
2026-08-17T17:13:39,1786961620,13.822803,100.511626,15.6,-0.09,0.9,-3.3,87.0,87.0,0.0,-0.01,-0.01,24.9,111,AUTO.LOITER,0,0
2026-08-17T17:13:40,1786961621,13.822803,100.511627,15.4,-0.09,0.9,-3.3,87.0,87.0,0.0,-0.01,-0.01,24.9,111,AUTO.LOITER,0,0
2026-08-17T17:13:41,1786961622,13.822803,100.511627,15.4,-0.09,0.9,-3.4,87.0,87.0,0.0,-0.01,-0.01,24.9,111,AUTO.LOITER,0,0
2026-08-17T17:13:42,1786961623,13.822803,100.511626,15.4,-0.1,0.9,-3.4,87.0,87.0,-0.02,0.0,0.01,24.9,111,AUTO.LOITER,0,0
2026-08-17T17:13:43,1786961624,13.822803,100.511627,15.4,-0.11,0.8,-3.4,87.0,87.0,-0.01,0.01,0.01,24.9,111,AUTO.LOITER,0,0
2026-08-17T17:13:44,1786961625,13.822803,100.511627,15.6,-0.11,0.8,-3.3,87.0,87.0,-0.01,0.02,0.02,24.9,111,AUTO.LOITER,0,0
2026-08-17T17:13:45,1786961626,13.822803,100.511627,15.6,-0.12,0.8,-3.3,87.0,87.0,-0.01,0.05,0.02,24.9,111,AUTO.LOITER,0,0
2026-08-17T17:13:46,1786961627,13.822803,100.511627,15.6,-0.11,0.7,-3.2,87.0,87.0,-0.01,0.04,0.01,24.9,111,AUTO.LOITER,0,0
2026-08-17T17:13:47,1786961628,13.822803,100.511627,15.6,-0.11,0.7,-3.2,86.9,86.9,-0.01,0.03,0.0,24.9,111,AUTO.LOITER,0,0
2026-08-17T17:13:48,1786961629,13.822803,100.511627,15.6,-0.1,0.7,-3.2,86.9,86.9,-0.01,0.02,0.0,24.9,111,AUTO.LOITER,0,0
2026-08-17T17:13:49,1786961630,13.822803,100.511627,15.6,-0.1,0.7,-3.2,86.9,86.9,0.0,0.01,0.01,24.9,111,AUTO.LOITER,0,0
2026-08-17T17:13:50,1786961631,13.822803,100.511627,15.6,-0.11,0.7,-3.2,86.9,86.9,0.0,0.01,0.02,24.9,111,AUTO.LOITER,0,0
2026-08-17T17:13:51,1786961632,13.822803,100.511627,15.6,-0.12,0.6,-3.1,86.9,86.9,0.0,0.01,0.03,24.9,111,AUTO.LOITER,0,0
2026-08-17T17:13:52,1786961633,13.822803,100.511627,15.6,-0.12,0.6,-3.1,86.8,86.8,0.0,0.0,0.03,24.9,111,AUTO.LOITER,0,0
2026-08-17T17:13:53,1786961634,13.822803,100.511627,15.6,-0.12,0.6,-3.1,86.8,86.8,0.0,0.0,0.03,24.9,111,AUTO.LOITER,0,0
2026-08-17T17:13:54,1786961635,13.822803,100.511627,15.6,-0.13,0.7,-3.1,86.8,86.8,0.01,0.0,0.03,24.9,111,AUTO.LOITER,0,0
2026-08-17T17:13:55,1786961636,13.822803,100.511627,15.6,-0.13,0.7,-3.1,86.8,86.8,0.02,-0.01,0.03,24.9,111,AUTO.LOITER,0,0
2026-08-17T17:13:56,1786961637,13.822803,100.511627,15.6,-0.13,0.7,-3.1,86.7,86.7,0.02,-0.03,0.03,24.9,111,AUTO.LOITER,0,0
2026-08-17T17:13:57,1786961638,13.822803,100.511627,15.6,-0.13,0.7,-3.1,86.7,86.7,0.01,-0.03,0.04,24.9,111,AUTO.LOITER,0,0
2026-08-17T17:13:58,1786961639,13.822803,100.511626,15.6,-0.13,0.7,-3.1,86.7,86.7,0.0,-0.04,0.04,24.9,111,AUTO.LOITER,0,0
2026-08-17T17:13:59,1786961640,13.822803,100.511627,15.6,-0.13,0.7,-3.2,86.7,86.7,-0.01,-0.03,0.04,24.9,111,AUTO.LOITER,0,0
2026-08-17T17:14:00,1786961641,13.822803,100.511627,15.6,-0.13,0.6,-3.2,86.7,86.7,-0.01,-0.03,0.04,24.9,111,AUTO.LOITER,0,0
2026-08-17T17:14:01,1786961642,13.822803,100.511626,15.6,-0.14,0.6,-3.2,86.7,86.7,-0.01,-0.03,0.04,24.9,111,AUTO.LOITER,0,0
2026-08-17T17:14:02,1786961643,13.822803,100.511626,15.6,-0.14,0.6,-3.3,86.7,86.7,0.0,-0.02,0.05,24.9,111,AUTO.LOITER,0,0
2026-08-17T17:14:03,1786961644,13.822803,100.511627,15.6,-0.14,0.6,-3.3,86.7,86.7,0.0,-0.01,0.05,24.9,111,AUTO.LOITER,0,0
2026-08-17T17:14:04,1786961645,13.822804,100.511627,15.4,-0.14,0.5,-3.4,86.7,86.7,0.0,-0.01,0.05,24.9,111,AUTO.LOITER,0,0
2026-08-17T17:14:05,1786961646,13.822803,100.511627,15.4,-0.14,0.5,-3.4,86.7,86.7,0.0,0.0,0.05,24.9,111,AUTO.LOITER,0,0
2026-08-17T17:14:06,1786961647,13.822803,100.511627,15.6,-0.14,0.5,-3.4,86.8,86.8,0.0,0.0,0.05,24.9,111,AUTO.LOITER,0,0
2026-08-17T17:14:07,1786961648,13.822803,100.511627,15.6,-0.14,0.5,-3.4,86.8,86.8,0.0,0.02,0.05,24.9,111,AUTO.LOITER,0,0
2026-08-17T17:14:08,1786961649,13.822803,100.511627,15.6,-0.15,0.5,-3.4,86.8,86.8,0.01,0.02,0.06,24.9,111,AUTO.LOITER,0,0
2026-08-17T17:14:09,1786961650,13.822803,100.511627,15.5,-0.16,0.5,-3.4,86.8,86.8,0.01,0.03,0.07,24.9,111,AUTO.LOITER,0,0
2026-08-17T17:14:10,1786961651,13.822803,100.511627,15.5,-0.16,0.5,-3.3,86.8,86.8,0.01,0.03,0.07,24.9,111,AUTO.LOITER,0,0
2026-08-17T17:14:11,1786961652,13.822803,100.511627,15.5,-0.15,0.5,-3.3,86.8,86.8,0.01,0.02,0.06,24.9,111,AUTO.LOITER,0,0
2026-08-17T17:14:12,1786961653,13.822803,100.511627,15.6,-0.14,0.5,-3.3,86.8,86.8,0.01,0.0,0.05,24.9,111,AUTO.LOITER,0,0
2026-08-17T17:14:13,1786961654,13.822803,100.511627,15.6,-0.14,0.5,-3.3,86.8,86.8,0.0,0.0,0.04,24.9,111,AUTO.LOITER,0,0
2026-08-17T17:14:14,1786961655,13.822803,100.511627,15.6,-0.14,0.5,-3.3,86.8,86.8,-0.01,0.0,0.05,24.9,111,AUTO.LOITER,0,0
2026-08-17T17:14:15,1786961656,13.822803,100.511627,15.6,-0.14,0.5,-3.3,86.7,86.7,0.0,0.0,0.05,24.9,111,AUTO.LOITER,0,0
2026-08-17T17:14:16,1786961657,13.822803,100.511627,15.6,-0.15,0.4,-3.3,86.8,86.8,0.01,0.0,0.06,24.9,111,AUTO.LOITER,0,0
2026-08-17T17:14:17,1786961658,13.822803,100.511627,15.5,-0.16,0.4,-3.3,86.7,86.7,0.02,0.0,0.07,24.9,111,AUTO.LOITER,0,0
2026-08-17T17:14:18,1786961659,13.822803,100.511627,15.4,-0.16,0.4,-3.3,86.7,86.7,0.02,0.0,0.07,24.9,111,AUTO.LOITER,0,0
2026-08-17T17:14:19,1786961660,13.822803,100.511627,15.5,-0.16,0.5,-3.3,86.7,86.7,0.02,0.0,0.07,24.9,111,AUTO.LOITER,0,0
2026-08-17T17:14:20,1786961661,13.822803,100.511627,15.5,-0.16,0.5,-3.3,86.7,86.7,0.0,0.0,0.07,24.9,111,AUTO.LOITER,0,0
2026-08-17T17:14:21,1786961662,13.822803,100.511627,15.5,-0.16,0.5,-3.3,86.7,86.7,0.0,0.0,0.07,24.9,111,AUTO.LOITER,0,0
2026-08-17T17:14:22,1786961663,13.822803,100.511627,15.5,-0.16,0.5,-3.3,86.7,86.7,0.01,0.0,0.07,24.9,111,AUTO.LOITER,0,0
2026-08-17T17:14:23,1786961664,13.822803,100.511627,15.5,-0.15,0.5,-3.3,86.7,86.7,0.01,0.0,0.06,24.9,111,AUTO.LOITER,0,0
2026-08-17T17:14:24,1786961665,13.822803,100.511627,15.5,-0.15,0.5,-3.3,86.7,86.7,0.01,0.0,0.07,24.9,111,AUTO.LOITER,0,0
2026-08-17T17:14:25,1786961666,13.822803,100.511627,15.5,-0.15,0.5,-3.3,86.7,86.7,0.01,0.0,0.07,24.9,111,AUTO.LOITER,0,0
2026-08-17T17:14:26,1786961667,13.822803,100.511627,15.5,-0.15,0.5,-3.3,86.7,86.7,0.01,0.0,0.07,24.9,111,AUTO.LOITER,0,0
2026-08-17T17:14:27,1786961668,13.822803,100.511627,15.4,-0.17,0.5,-3.3,86.7,86.7,0.0,0.02,0.08,24.9,111,AUTO.LOITER,0,0
2026-08-17T17:14:28,1786961669,13.822803,100.511627,15.5,-0.17,0.5,-3.3,86.7,86.7,0.0,0.02,0.08,24.9,111,AUTO.LOITER,0,0
2026-08-17T17:14:29,1786961670,13.822803,100.511627,15.5,-0.17,0.5,-3.3,86.7,86.7,0.0,0.0,0.08,24.9,111,AUTO.LOITER,0,0
2026-08-17T17:14:30,1786961671,13.822803,100.511627,15.5,-0.17,0.5,-3.3,86.7,86.7,0.0,0.01,0.08,24.9,111,AUTO.LOITER,0,0
2026-08-17T17:14:31,1786961672,13.822803,100.511627,15.5,-0.17,0.5,-3.2,86.7,86.7,0.0,0.01,0.08,24.9,111,AUTO.LOITER,0,0
2026-08-17T17:14:32,1786961673,13.822803,100.511627,15.5,-0.18,0.5,-3.2,86.7,86.7,0.0,0.01,0.1,24.9,111,AUTO.LOITER,0,0
2026-08-17T17:14:33,1786961674,13.822803,100.511627,15.5,-0.18,0.5,-3.2,86.7,86.7,0.0,0.0,0.1,24.9,111,AUTO.LOITER,0,0
2026-08-17T17:14:34,1786961675,13.822803,100.511627,15.5,-0.18,0.5,-3.2,86.7,86.7,0.0,0.0,0.1,24.9,111,AUTO.LOITER,0,0
2026-08-17T17:14:35,1786961676,13.822803,100.511627,15.5,-0.18,0.5,-3.2,86.7,86.7,0.0,0.0,0.09,24.9,111,AUTO.LOITER,0,0
2026-08-17T17:14:36,1786961677,13.822803,100.511627,15.5,-0.17,0.4,-3.2,86.7,86.7,0.0,0.01,0.08,24.9,111,AUTO.LOITER,0,0
2026-08-17T17:14:37,1786961678,13.822803,100.511627,15.5,-0.17,0.4,-3.1,86.7,86.7,0.0,0.0,0.08,24.9,111,AUTO.LOITER,0,0
2026-08-17T17:14:38,1786961679,13.822803,100.511627,15.5,-0.16,0.4,-3.1,86.7,86.7,-0.01,0.0,0.08,24.9,111,AUTO.LOITER,0,0
2026-08-17T17:14:39,1786961680,13.822803,100.511627,15.5,-0.16,0.4,-3.1,86.6,86.6,-0.01,0.0,0.08,24.9,111,AUTO.LOITER,0,0
2026-08-17T17:14:40,1786961681,13.822803,100.511627,15.5,-0.17,0.3,-3.1,86.6,86.6,0.0,0.01,0.08,24.9,111,AUTO.LOITER,0,0
2026-08-17T17:14:41,1786961682,13.822803,100.511627,15.5,-0.17,0.3,-3.0,86.6,86.6,-0.01,0.0,0.08,24.9,111,AUTO.LOITER,0,0
2026-08-17T17:14:42,1786961683,13.822803,100.511626,15.5,-0.17,0.3,-3.0,86.6,86.6,-0.02,0.0,0.08,24.9,111,AUTO.LOITER,0,0
2026-08-17T17:14:43,1786961684,13.822803,100.511627,15.5,-0.17,0.3,-3.0,86.6,86.6,-0.01,0.0,0.08,24.9,111,AUTO.LOITER,0,0
2026-08-17T17:14:44,1786961685,13.822803,100.511627,15.5,-0.18,0.2,-3.0,86.6,86.6,-0.01,0.0,0.1,24.9,111,AUTO.LOITER,0,0
2026-08-17T17:14:45,1786961686,13.822803,100.511627,15.5,-0.19,0.2,-3.0,86.6,86.6,-0.01,-0.01,0.11,24.9,111,AUTO.LOITER,0,0
2026-08-17T17:14:46,1786961687,13.822803,100.511627,15.4,-0.19,0.2,-2.9,86.6,86.6,-0.01,-0.01,0.11,24.9,111,AUTO.LOITER,0,0
2026-08-17T17:14:47,1786961688,13.822803,100.511627,15.4,-0.2,0.1,-2.9,86.6,86.6,0.0,-0.01,0.12,24.9,111,AUTO.LOITER,0,0
2026-08-17T17:14:48,1786961689,13.822803,100.511627,15.4,-0.21,0.1,-2.9,86.6,86.6,0.0,-0.01,0.13,24.9,111,AUTO.LOITER,0,0
2026-08-17T17:14:49,1786961690,13.822803,100.511626,15.5,-0.22,0.1,-2.9,86.6,86.6,0.0,-0.02,0.14,24.9,111,AUTO.LOITER,0,0
2026-08-17T17:14:50,1786961691,13.822803,100.511626,15.5,-0.23,0.1,-2.9,86.6,86.6,0.0,-0.03,0.15,24.9,111,AUTO.LOITER,0,0
2026-08-17T17:14:51,1786961692,13.822803,100.511627,15.5,-0.23,0.1,-2.9,86.6,86.6,0.01,-0.03,0.15,24.9,111,AUTO.LOITER,0,0
2026-08-17T17:14:52,1786961693,13.822803,100.511626,15.5,-0.23,0.1,-2.9,86.6,86.6,0.0,-0.04,0.14,24.9,111,AUTO.LOITER,0,0
2026-08-17T17:14:53,1786961694,13.822803,100.511626,15.5,-0.23,0.0,-3.0,86.6,86.6,0.0,-0.04,0.14,24.9,111,AUTO.LOITER,0,0
2026-08-17T17:14:54,1786961695,13.822804,100.511626,15.4,-0.23,0.0,-3.0,86.6,86.6,0.0,-0.04,0.14,24.9,111,AUTO.LOITER,0,0
2026-08-17T17:14:55,1786961696,13.822803,100.511627,15.5,-0.19,0.0,-3.0,86.6,86.6,0.0,-0.01,0.11,24.9,111,AUTO.LOITER,0,0
2026-08-17T17:14:56,1786961697,13.822803,100.511627,15.5,-0.19,0.0,-3.0,86.6,86.6,0.0,-0.01,0.11,24.9,111,AUTO.LOITER,0,0
2026-08-17T17:14:57,1786961698,13.822803,100.511627,15.5,-0.2,0.0,-3.1,86.6,86.6,-0.01,0.0,0.12,24.9,111,AUTO.LOITER,0,0
2026-08-17T17:14:58,1786961699,13.822803,100.511627,15.5,-0.2,0.0,-3.0,86.6,86.6,-0.01,-0.01,0.12,24.9,111,AUTO.LOITER,0,0
2026-08-17T17:14:59,1786961700,13.822803,100.511627,15.5,-0.2,-0.0,-3.0,86.6,86.6,0.0,-0.01,0.12,24.9,111,AUTO.LOITER,0,0
2026-08-17T17:15:00,1786961701,13.822803,100.511626,15.5,-0.2,-0.1,-3.0,86.6,86.6,0.0,-0.02,0.13,24.9,111,AUTO.LOITER,0,0
2026-08-17T17:15:01,1786961702,13.822803,100.511627,15.5,-0.21,-0.1,-3.0,86.6,86.6,0.0,-0.02,0.13,24.9,111,AUTO.LOITER,0,0
2026-08-17T17:15:02,1786961703,13.822803,100.511627,15.5,-0.21,-0.1,-3.0,86.6,86.6,0.0,-0.02,0.13,24.9,111,AUTO.LOITER,0,0
2026-08-17T17:15:03,1786961704,13.822803,100.511627,15.5,-0.21,-0.1,-3.0,86.6,86.6,0.0,-0.01,0.13,24.9,111,AUTO.LOITER,0,0
2026-08-17T17:15:04,1786961705,13.822803,100.511626,15.5,-0.2,-0.1,-3.0,86.6,86.6,0.02,-0.01,0.12,24.9,111,AUTO.LOITER,0,0
2026-08-17T17:15:05,1786961706,13.822803,100.511626,15.5,-0.21,-0.1,-3.0,86.6,86.6,0.02,0.0,0.13,24.9,111,AUTO.LOITER,0,0
2026-08-17T17:15:06,1786961707,13.822803,100.511627,15.5,-0.21,-0.1,-3.0,86.6,86.6,0.0,0.0,0.14,24.9,111,AUTO.LOITER,0,0
2026-08-17T17:15:07,1786961708,13.822803,100.511627,15.4,-0.21,-0.1,-3.0,86.6,86.6,0.0,0.0,0.14,24.9,111,AUTO.LOITER,0,0
2026-08-17T17:15:08,1786961709,13.822803,100.511627,15.5,-0.21,-0.1,-3.0,86.6,86.6,0.0,0.0,0.13,24.9,111,AUTO.LOITER,0,0
2026-08-17T17:15:09,1786961710,13.822803,100.511627,15.5,-0.21,-0.2,-2.9,86.6,86.6,0.0,0.0,0.13,24.9,111,AUTO.LOITER,0,0
2026-08-17T17:15:10,1786961711,13.822803,100.511627,15.5,-0.21,-0.2,-2.9,86.6,86.6,0.0,0.0,0.14,24.9,111,AUTO.LOITER,0,0
2026-08-17T17:15:11,1786961712,13.822803,100.511626,15.5,-0.22,-0.2,-2.9,86.6,86.6,0.0,-0.01,0.15,24.9,111,AUTO.LOITER,0,0
2026-08-17T17:15:12,1786961713,13.822803,100.511627,15.5,-0.22,-0.2,-2.9,86.6,86.6,0.01,0.0,0.15,24.9,111,AUTO.LOITER,0,0
2026-08-17T17:15:13,1786961714,13.822803,100.511627,15.5,-0.23,-0.2,-2.9,86.6,86.6,0.02,0.0,0.16,24.9,111,AUTO.LOITER,0,0
2026-08-17T17:15:14,1786961715,13.822803,100.511627,15.5,-0.23,-0.2,-2.9,86.6,86.6,0.01,0.0,0.17,24.9,111,AUTO.LOITER,0,0
2026-08-17T17:15:15,1786961716,13.822803,100.511627,15.5,-0.24,-0.2,-2.9,86.6,86.6,0.0,0.0,0.16,24.9,111,AUTO.LOITER,0,0
2026-08-17T17:15:16,1786961717,13.822803,100.511627,15.4,-0.24,-0.2,-2.9,86.6,86.6,0.0,0.0,0.16,24.9,111,AUTO.LOITER,0,0
2026-08-17T17:15:17,1786961718,13.822803,100.511627,15.5,-0.23,-0.2,-2.9,86.6,86.6,0.0,0.0,0.15,24.9,111,AUTO.LOITER,0,0
2026-08-17T17:15:18,1786961719,13.822803,100.511627,15.5,-0.22,-0.2,-2.8,86.6,86.6,0.0,0.02,0.15,24.9,111,AUTO.LOITER,0,0
2026-08-17T17:15:19,1786961720,13.822803,100.511627,15.5,-0.22,-0.2,-2.8,86.6,86.6,0.0,0.01,0.14,24.9,111,AUTO.LOITER,0,0
2026-08-17T17:15:20,1786961721,13.822803,100.511627,15.5,-0.22,-0.3,-2.8,86.6,86.6,-0.01,0.0,0.14,24.9,111,AUTO.LOITER,0,0
2026-08-17T17:15:21,1786961722,13.822803,100.511627,15.5,-0.22,-0.3,-2.8,86.6,86.6,-0.01,0.01,0.14,24.9,111,AUTO.LOITER,0,0
2026-08-17T17:15:22,1786961723,13.822803,100.511627,15.5,-0.21,-0.4,-2.8,86.6,86.6,0.0,0.01,0.13,24.9,111,AUTO.LOITER,0,0
2026-08-17T17:15:23,1786961724,13.822803,100.511627,15.5,-0.2,-0.4,-2.7,86.6,86.6,0.0,0.0,0.11,24.9,111,AUTO.LOITER,0,0
2026-08-17T17:15:24,1786961725,13.822803,100.511627,15.5,-0.19,-0.4,-2.7,86.6,86.6,0.0,0.0,0.11,24.9,111,AUTO.LOITER,0,0
2026-08-17T17:15:25,1786961726,13.822803,100.511627,15.5,-0.18,-0.4,-2.8,86.6,86.6,0.0,-0.01,0.1,24.9,111,AUTO.LOITER,0,0
2026-08-17T17:15:26,1786961727,13.822803,100.511627,15.5,-0.19,-0.4,-2.8,86.6,86.6,0.0,0.0,0.11,24.9,111,AUTO.LOITER,0,0
2026-08-17T17:15:27,1786961728,13.822803,100.511627,15.5,-0.19,-0.4,-2.8,86.6,86.6,0.01,0.0,0.1,24.9,111,AUTO.LOITER,0,0
2026-08-17T17:15:28,1786961729,13.822803,100.511627,15.5,-0.19,-0.5,-2.7,86.6,86.6,0.01,0.0,0.1,24.9,111,AUTO.LOITER,0,0
2026-08-17T17:15:29,1786961730,13.822803,100.511627,15.5,-0.18,-0.5,-2.7,86.6,86.6,0.01,0.0,0.1,24.9,111,AUTO.LOITER,0,0
2026-08-17T17:15:30,1786961731,13.822803,100.511627,15.5,-0.17,-0.5,-2.7,86.6,86.6,0.0,0.0,0.08,24.9,111,AUTO.LOITER,0,0
2026-08-17T17:15:31,1786961732,13.822803,100.511627,15.4,-0.17,-0.5,-2.7,86.5,86.5,0.0,0.0,0.08,24.9,111,AUTO.LOITER,0,0
2026-08-17T17:15:32,1786961733,13.822803,100.511627,15.3,-0.17,-0.6,-2.7,86.5,86.5,0.01,-0.01,0.08,24.9,111,AUTO.LOITER,0,0
2026-08-17T17:15:33,1786961734,13.822803,100.511627,15.4,-0.16,-0.6,-2.6,86.5,86.5,0.02,0.0,0.07,24.9,111,AUTO.LOITER,0,0
2026-08-17T17:15:34,1786961735,13.822803,100.511627,15.4,-0.15,-0.6,-2.6,86.5,86.5,0.03,0.0,0.07,24.9,111,AUTO.LOITER,0,0
2026-08-17T17:15:35,1786961736,13.822803,100.511627,15.5,-0.15,-0.5,-2.6,86.5,86.5,0.04,0.0,0.07,24.9,111,AUTO.LOITER,0,0
2026-08-17T17:15:36,1786961737,13.822803,100.511627,15.5,-0.15,-0.5,-2.6,86.5,86.5,0.02,0.0,0.07,24.9,111,AUTO.LOITER,0,0
2026-08-17T17:15:37,1786961738,13.822803,100.511627,15.5,-0.16,-0.5,-2.6,86.5,86.5,0.01,-0.01,0.07,24.9,111,AUTO.LOITER,0,0
2026-08-17T17:15:38,1786961739,13.822803,100.511627,15.5,-0.16,-0.5,-2.6,86.5,86.5,0.0,0.0,0.07,24.9,111,AUTO.LOITER,0,0
2026-08-17T17:15:39,1786961740,13.822803,100.511627,15.5,-0.15,-0.5,-2.6,86.5,86.5,0.0,0.0,0.06,24.9,111,AUTO.LOITER,0,0
2026-08-17T17:15:40,1786961741,13.822803,100.511627,15.6,-0.15,-0.4,-2.6,86.5,86.5,0.0,0.0,0.05,24.9,111,AUTO.LOITER,0,0
2026-08-17T17:15:41,1786961742,13.822803,100.511627,15.6,-0.14,-0.4,-2.6,86.5,86.5,0.0,0.0,0.03,24.9,111,AUTO.LOITER,0,0
2026-08-17T17:15:42,1786961743,13.822803,100.511627,15.6,-0.12,-0.4,-2.6,86.5,86.5,-0.01,-0.01,0.02,24.9,111,AUTO.LOITER,0,0
2026-08-17T17:15:43,1786961744,13.822803,100.511627,15.6,-0.11,-0.4,-2.6,86.5,86.5,0.0,-0.02,0.01,24.9,111,AUTO.LOITER,0,0
2026-08-17T17:15:44,1786961745,13.822803,100.511627,15.6,-0.1,-0.4,-2.6,86.4,86.4,0.0,-0.02,0.0,24.9,111,AUTO.LOITER,0,0
2026-08-17T17:15:45,1786961746,13.822803,100.511627,15.6,-0.1,-0.4,-2.7,86.4,86.4,0.01,0.0,0.0,24.9,111,AUTO.LOITER,0,0
2026-08-17T17:15:46,1786961747,13.822803,100.511626,15.6,-0.09,-0.4,-2.6,86.4,86.4,0.0,-0.01,0.0,24.9,111,AUTO.LOITER,0,0
2026-08-17T17:15:47,1786961748,13.822803,100.511626,15.6,-0.09,-0.4,-2.7,86.4,86.4,0.0,-0.01,0.0,24.9,111,AUTO.LOITER,0,0
2026-08-17T17:15:48,1786961749,13.822803,100.511626,15.6,-0.1,-0.4,-2.7,86.4,86.4,0.0,0.0,0.0,24.9,111,AUTO.LOITER,0,0
2026-08-17T17:15:49,1786961750,13.822803,100.511627,15.6,-0.11,-0.4,-2.7,86.4,86.4,-0.01,0.0,0.01,24.9,111,AUTO.LOITER,0,0
2026-08-17T17:15:50,1786961751,13.822803,100.511627,15.4,-0.11,-0.4,-2.7,86.4,86.4,-0.01,0.0,0.01,24.9,111,AUTO.LOITER,0,0
2026-08-17T17:15:51,1786961752,13.822803,100.511627,15.6,-0.12,-0.5,-2.7,86.4,86.4,0.0,0.0,0.01,24.9,111,AUTO.LOITER,0,0
2026-08-17T17:15:52,1786961753,13.822803,100.511627,15.6,-0.11,-0.5,-2.7,86.4,86.4,0.0,0.0,0.01,24.9,111,AUTO.LOITER,0,0
2026-08-17T17:15:53,1786961754,13.822803,100.511627,15.6,-0.11,-0.5,-2.7,86.4,86.4,0.0,0.0,0.01,24.9,111,AUTO.LOITER,0,0
2026-08-17T17:15:54,1786961755,13.822803,100.511627,15.6,-0.1,-0.5,-2.7,86.4,86.4,-0.01,0.02,0.0,24.9,111,AUTO.LOITER,0,0
2026-08-17T17:15:55,1786961756,13.822803,100.511627,15.4,-0.1,-0.5,-2.7,86.4,86.4,-0.01,0.02,0.0,24.9,111,AUTO.LOITER,0,0
2026-08-17T17:15:56,1786961757,13.822803,100.511627,15.4,-0.1,-0.5,-2.6,86.4,86.4,-0.01,0.03,0.0,24.9,111,AUTO.LOITER,0,0
2026-08-17T17:15:57,1786961758,13.822803,100.511627,15.4,-0.1,-0.6,-2.6,86.4,86.4,0.0,0.01,0.0,24.9,111,AUTO.LOITER,0,0
2026-08-17T17:15:58,1786961759,13.822803,100.511627,15.4,-0.1,-0.6,-2.6,86.4,86.4,0.0,0.01,0.0,24.9,111,AUTO.LOITER,0,0
2026-08-17T17:15:59,1786961760,13.822803,100.511627,15.6,-0.1,-0.6,-2.6,86.4,86.4,0.0,0.0,0.0,24.9,111,AUTO.LOITER,0,0
2026-08-17T17:16:00,1786961761,13.822803,100.511627,15.4,-0.1,-0.6,-2.6,86.4,86.4,0.0,0.0,0.0,24.9,111,AUTO.LOITER,0,0
2026-08-17T17:16:01,1786961762,13.822803,100.511627,15.4,-0.1,-0.6,-2.6,86.4,86.4,0.0,0.0,0.0,24.9,111,AUTO.LOITER,0,0
2026-08-17T17:16:02,1786961763,13.822803,100.511626,15.6,-0.1,-0.6,-2.6,86.4,86.4,0.02,-0.02,0.0,24.9,111,AUTO.LOITER,0,0
2026-08-17T17:16:03,1786961764,13.822803,100.511626,15.6,-0.11,-0.6,-2.6,86.4,86.4,0.03,-0.01,0.01,24.9,111,AUTO.LOITER,0,0
2026-08-17T17:16:04,1786961765,13.822803,100.511627,15.6,-0.11,-0.5,-2.6,86.4,86.4,0.03,0.0,0.01,24.9,111,AUTO.LOITER,0,0
2026-08-17T17:16:05,1786961766,13.822803,100.511627,15.6,-0.12,-0.5,-2.6,86.4,86.4,0.01,0.01,0.02,24.9,111,AUTO.LOITER,0,0
2026-08-17T17:16:06,1786961767,13.822803,100.511627,15.6,-0.12,-0.5,-2.6,86.4,86.4,0.0,0.01,0.03,24.9,111,AUTO.LOITER,0,0
2026-08-17T17:16:07,1786961768,13.822803,100.511627,15.6,-0.13,-0.5,-2.5,86.4,86.4,0.0,0.01,0.04,24.9,111,AUTO.LOITER,0,0
2026-08-17T17:16:08,1786961769,13.822803,100.511627,15.6,-0.13,-0.5,-2.5,86.4,86.4,0.0,0.01,0.03,24.9,111,AUTO.LOITER,0,0
2026-08-17T17:16:09,1786961770,13.822803,100.511627,15.6,-0.13,-0.5,-2.5,86.4,86.4,-0.02,0.01,0.04,24.9,111,AUTO.LOITER,0,0
2026-08-17T17:16:10,1786961771,13.822803,100.511627,15.6,-0.13,-0.5,-2.5,86.4,86.4,-0.02,0.01,0.04,24.9,111,AUTO.LOITER,0,0
2026-08-17T17:16:11,1786961772,13.822803,100.511627,15.6,-0.14,-0.5,-2.5,86.4,86.4,-0.03,0.01,0.04,24.9,111,AUTO.LOITER,0,0
2026-08-17T17:16:12,1786961773,13.822803,100.511627,15.6,-0.13,-0.6,-2.5,86.4,86.4,-0.02,0.01,0.03,24.9,111,AUTO.LOITER,0,0
2026-08-17T17:16:13,1786961774,13.822803,100.511627,15.4,-0.13,-0.6,-2.4,86.4,86.4,-0.02,0.01,0.03,24.9,111,AUTO.LOITER,0,0
2026-08-17T17:16:14,1786961775,13.822803,100.511627,15.4,-0.13,-0.6,-2.4,86.4,86.4,-0.02,0.01,0.03,24.9,111,AUTO.LOITER,0,0
2026-08-17T17:16:15,1786961776,13.822803,100.511627,15.6,-0.11,-0.6,-2.4,86.4,86.4,-0.01,0.0,0.01,24.9,111,AUTO.LOITER,0,0
2026-08-17T17:16:16,1786961777,13.822803,100.511627,15.4,-0.11,-0.7,-2.4,86.4,86.4,-0.01,0.0,0.01,24.9,111,AUTO.LOITER,0,0
2026-08-17T17:16:17,1786961778,13.822803,100.511627,15.4,-0.11,-0.7,-2.4,86.4,86.4,0.0,-0.01,0.0,24.9,111,AUTO.LOITER,0,0
2026-08-17T17:16:18,1786961779,13.822803,100.511626,15.3,-0.1,-0.7,-2.5,86.4,86.4,0.0,-0.02,0.0,24.9,111,AUTO.LOITER,0,0
2026-08-17T17:16:19,1786961780,13.822803,100.511627,15.4,-0.09,-0.7,-2.5,86.4,86.4,0.0,-0.04,-0.01,24.9,111,AUTO.LOITER,0,0
2026-08-17T17:16:20,1786961781,13.822803,100.511626,15.6,-0.09,-0.7,-2.5,86.4,86.4,0.0,-0.03,0.0,24.9,111,AUTO.LOITER,0,0
2026-08-17T17:16:21,1786961782,13.822803,100.511627,15.6,-0.09,-0.7,-2.6,86.4,86.4,0.0,-0.03,0.0,24.9,111,AUTO.LOITER,0,0
2026-08-17T17:16:22,1786961783,13.822803,100.511627,15.6,-0.1,-0.7,-2.6,86.5,86.5,0.0,-0.01,0.0,24.9,111,AUTO.LOITER,0,0
2026-08-17T17:16:23,1786961784,13.822803,100.511627,15.6,-0.11,-0.7,-2.6,86.4,86.4,-0.01,-0.01,0.02,24.9,111,AUTO.LOITER,0,0
2026-08-17T17:16:24,1786961785,13.822803,100.511627,15.6,-0.12,-0.7,-2.6,86.4,86.4,-0.01,0.0,0.02,24.9,111,AUTO.LOITER,0,0
2026-08-17T17:16:25,1786961786,13.822803,100.511627,15.6,-0.13,-0.7,-2.6,86.4,86.4,-0.01,0.01,0.03,24.9,111,AUTO.LOITER,0,0
2026-08-17T17:16:26,1786961787,13.822803,100.511627,15.6,-0.14,-0.7,-2.6,86.4,86.4,-0.01,0.02,0.05,24.9,111,AUTO.LOITER,0,0
2026-08-17T17:16:27,1786961788,13.822803,100.511627,15.6,-0.14,-0.7,-2.6,86.4,86.4,0.0,0.01,0.05,24.9,111,AUTO.LOITER,0,0
2026-08-17T17:16:28,1786961789,13.822803,100.511627,15.6,-0.14,-0.7,-2.6,86.4,86.4,0.0,0.01,0.05,24.9,111,AUTO.LOITER,0,0
2026-08-17T17:16:29,1786961790,13.822803,100.511626,15.6,-0.14,-0.7,-2.6,86.4,86.4,0.0,0.0,0.04,24.9,111,AUTO.LOITER,0,0
2026-08-17T17:16:30,1786961791,13.822803,100.511627,15.6,-0.13,-0.8,-2.5,86.4,86.4,0.0,0.02,0.02,24.9,111,AUTO.LOITER,0,0
2026-08-17T17:16:31,1786961792,13.822803,100.511627,15.6,-0.12,-0.8,-2.5,86.4,86.4,0.0,0.02,0.01,24.9,111,AUTO.LOITER,0,0
2026-08-17T17:16:32,1786961793,13.822803,100.511627,15.6,-0.11,-0.8,-2.5,86.4,86.4,0.0,0.02,0.01,24.9,111,AUTO.LOITER,0,0
2026-08-17T17:16:33,1786961794,13.822803,100.511627,15.6,-0.1,-0.8,-2.4,86.4,86.4,0.0,0.01,0.0,24.9,111,AUTO.LOITER,0,0
2026-08-17T17:16:34,1786961795,13.822803,100.511627,15.6,-0.11,-0.8,-2.4,86.4,86.4,0.0,0.0,0.01,24.9,111,AUTO.LOITER,0,0
2026-08-17T17:16:35,1786961796,13.822803,100.511627,15.6,-0.11,-0.8,-2.4,86.4,86.4,0.0,0.0,0.01,24.9,111,AUTO.LOITER,0,0
2026-08-17T17:16:36,1786961797,13.822803,100.511627,15.6,-0.11,-0.8,-2.4,86.4,86.4,0.0,0.0,0.01,24.9,111,AUTO.LOITER,0,0
2026-08-17T17:16:37,1786961798,13.822803,100.511627,15.4,-0.11,-0.9,-2.3,86.3,86.3,0.0,0.0,0.01,24.9,111,AUTO.LOITER,0,0
2026-08-17T17:16:38,1786961799,13.822803,100.511627,15.4,-0.11,-0.9,-2.3,86.3,86.3,0.0,0.0,0.01,24.9,111,AUTO.LOITER,0,0
2026-08-17T17:16:39,1786961800,13.822803,100.511627,15.4,-0.11,-0.9,-2.3,86.3,86.3,0.0,0.0,0.01,24.9,111,AUTO.LOITER,0,0
2026-08-17T17:16:40,1786961801,13.822803,100.511627,15.6,-0.1,-0.9,-2.3,86.3,86.3,0.0,0.0,0.0,24.9,111,AUTO.LOITER,0,0
2026-08-17T17:16:41,1786961802,13.822803,100.511627,15.6,-0.1,-0.9,-2.3,86.3,86.3,0.0,0.0,0.0,24.9,111,AUTO.LOITER,0,0
2026-08-17T17:16:42,1786961803,13.822803,100.511627,15.6,-0.11,-0.9,-2.3,86.3,86.3,0.01,0.0,0.0,24.9,111,AUTO.LOITER,0,0
2026-08-17T17:16:43,1786961804,13.822803,100.511627,15.6,-0.1,-0.9,-2.3,86.3,86.3,0.0,0.0,0.0,24.9,111,AUTO.LOITER,0,0
2026-08-17T17:16:44,1786961805,13.822803,100.511627,15.6,-0.1,-0.9,-2.3,86.3,86.3,0.01,0.0,0.0,24.9,111,AUTO.LOITER,0,0
2026-08-17T17:16:45,1786961806,13.822803,100.511627,15.6,-0.1,-0.9,-2.3,86.3,86.3,0.01,0.0,0.0,24.9,111,AUTO.LOITER,0,0
2026-08-17T17:16:46,1786961807,13.822803,100.511627,15.6,-0.1,-0.9,-2.3,86.3,86.3,0.0,0.0,0.0,24.9,111,AUTO.LOITER,0,0
2026-08-17T17:16:47,1786961808,13.822803,100.511627,15.6,-0.1,-0.9,-2.3,86.3,86.3,0.0,0.0,0.0,24.9,111,AUTO.LOITER,0,0
2026-08-17T17:16:48,1786961809,13.822803,100.511627,15.6,-0.09,-0.9,-2.3,86.2,86.2,0.01,0.0,-0.01,24.9,111,AUTO.LOITER,0,0
2026-08-17T17:16:49,1786961810,13.822803,100.511627,15.6,-0.09,-0.9,-2.3,86.2,86.2,0.01,-0.01,-0.01,24.9,111,AUTO.LOITER,0,0
2026-08-17T17:16:50,1786961811,13.822803,100.511627,15.6,-0.08,-0.9,-2.3,86.2,86.2,0.01,-0.01,-0.02,24.9,111,AUTO.LOITER,0,0
2026-08-17T17:16:51,1786961812,13.822803,100.511627,15.6,-0.08,-0.8,-2.3,86.2,86.2,0.02,0.0,-0.03,24.9,111,AUTO.LOITER,0,0
2026-08-17T17:16:52,1786961813,13.822803,100.511626,15.6,-0.07,-0.8,-2.4,86.2,86.2,0.02,0.0,-0.02,24.9,111,AUTO.LOITER,0,0
2026-08-17T17:16:53,1786961814,13.822803,100.511626,15.6,-0.08,-0.8,-2.4,86.2,86.2,0.01,0.0,-0.01,24.9,111,AUTO.LOITER,0,0
2026-08-17T17:16:54,1786961815,13.822803,100.511627,15.6,-0.09,-0.8,-2.4,86.2,86.2,0.0,0.0,0.0,24.9,111,AUTO.LOITER,0,0
2026-08-17T17:16:55,1786961816,13.822803,100.511627,15.6,-0.11,-0.8,-2.4,86.2,86.2,0.0,0.0,0.0,24.9,111,AUTO.LOITER,0,0
2026-08-17T17:16:56,1786961817,13.822803,100.511627,15.6,-0.11,-0.8,-2.4,86.2,86.2,0.0,0.0,0.01,24.9,111,AUTO.LOITER,0,0
2026-08-17T17:16:57,1786961818,13.822803,100.511627,15.6,-0.11,-0.8,-2.4,86.2,86.2,0.0,0.0,0.0,24.9,111,AUTO.LOITER,0,0
2026-08-17T17:16:58,1786961819,13.822803,100.511627,15.4,-0.11,-0.8,-2.4,86.2,86.2,0.0,0.0,0.0,24.9,111,AUTO.LOITER,0,0
2026-08-17T17:16:59,1786961820,13.822803,100.511627,15.4,-0.11,-0.8,-2.4,86.2,86.2,0.0,0.0,0.0,24.9,111,AUTO.LOITER,0,0
2026-08-17T17:17:00,1786961821,13.822803,100.511627,15.3,-0.11,-0.8,-2.4,86.2,86.2,0.0,0.0,0.0,24.9,111,AUTO.LOITER,0,0
2026-08-17T17:17:01,1786961822,13.822803,100.511627,15.6,-0.1,-0.8,-2.4,86.1,86.1,0.01,0.0,0.0,24.9,111,AUTO.LOITER,0,0
2026-08-17T17:17:02,1786961823,13.822803,100.511626,15.4,-0.1,-0.7,-2.4,86.1,86.1,0.01,0.0,0.0,24.9,111,AUTO.LOITER,0,0
2026-08-17T17:17:03,1786961824,13.822803,100.511627,15.4,-0.11,-0.7,-2.4,86.1,86.1,0.0,0.0,0.02,24.9,111,AUTO.LOITER,0,0
2026-08-17T17:17:04,1786961825,13.822803,100.511627,15.4,-0.12,-0.7,-2.4,86.1,86.1,0.01,0.0,0.02,24.9,111,AUTO.LOITER,0,0
2026-08-17T17:17:05,1786961826,13.822803,100.511627,15.4,-0.12,-0.7,-2.4,86.1,86.1,0.0,0.0,0.01,24.9,111,AUTO.LOITER,0,0
2026-08-17T17:17:06,1786961827,13.822803,100.511627,15.5,-0.12,-0.7,-2.4,86.1,86.1,0.01,0.0,0.02,24.9,111,AUTO.LOITER,0,0
2026-08-17T17:17:07,1786961828,13.822803,100.511627,15.6,-0.12,-0.7,-2.4,86.1,86.1,0.0,-0.01,0.02,24.9,111,AUTO.LOITER,0,0
2026-08-17T17:17:08,1786961829,13.822803,100.511627,15.6,-0.12,-0.7,-2.4,86.1,86.1,-0.01,-0.02,0.03,24.9,111,AUTO.LOITER,0,0
2026-08-17T17:17:09,1786961830,13.822803,100.511627,15.6,-0.14,-0.7,-2.4,86.1,86.1,-0.01,0.0,0.04,24.9,111,AUTO.LOITER,0,0
2026-08-17T17:17:10,1786961831,13.822803,100.511627,15.6,-0.14,-0.7,-2.4,86.1,86.1,-0.01,0.0,0.05,24.9,111,AUTO.LOITER,0,0
2026-08-17T17:17:11,1786961832,13.822803,100.511627,15.6,-0.14,-0.7,-2.4,86.1,86.1,0.0,0.01,0.04,24.9,111,AUTO.LOITER,0,0
2026-08-17T17:17:12,1786961833,13.822803,100.511627,15.6,-0.14,-0.7,-2.4,86.1,86.1,0.0,0.01,0.05,24.9,111,AUTO.LOITER,0,0
2026-08-17T17:17:13,1786961834,13.822803,100.511627,15.6,-0.14,-0.8,-2.4,86.1,86.1,0.0,0.0,0.05,24.9,111,AUTO.LOITER,0,0
2026-08-17T17:17:14,1786961835,13.822803,100.511627,15.4,-0.14,-0.7,-2.4,86.1,86.1,0.0,0.0,0.05,24.9,111,AUTO.LOITER,0,0
2026-08-17T17:17:15,1786961836,13.822803,100.511627,15.4,-0.14,-0.7,-2.4,86.1,86.1,0.0,0.0,0.05,24.9,111,AUTO.LOITER,0,0
2026-08-17T17:17:16,1786961837,13.822803,100.511627,15.6,-0.13,-0.7,-2.4,86.1,86.1,-0.01,0.0,0.04,24.9,111,AUTO.LOITER,0,0
2026-08-17T17:17:17,1786961838,13.822803,100.511627,15.6,-0.14,-0.8,-2.3,86.1,86.1,-0.01,0.0,0.04,24.9,111,AUTO.LOITER,0,0
2026-08-17T17:17:18,1786961839,13.822803,100.511627,15.6,-0.14,-0.8,-2.3,86.1,86.1,0.01,0.0,0.04,24.9,111,AUTO.LOITER,0,0
2026-08-17T17:17:19,1786961840,13.822803,100.511627,15.6,-0.14,-0.8,-2.3,86.1,86.1,0.02,0.0,0.05,24.9,111,AUTO.LOITER,0,0
2026-08-17T17:17:20,1786961841,13.822803,100.511627,15.6,-0.14,-0.8,-2.3,86.1,86.1,0.02,0.0,0.04,24.9,111,AUTO.LOITER,0,0
2026-08-17T17:17:21,1786961842,13.822803,100.511627,15.6,-0.13,-0.7,-2.3,86.1,86.1,0.02,0.0,0.03,24.9,111,AUTO.LOITER,0,0
2026-08-17T17:17:22,1786961843,13.822803,100.511626,15.6,-0.13,-0.7,-2.2,86.1,86.1,0.01,0.0,0.03,24.9,111,AUTO.LOITER,0,0
2026-08-17T17:17:23,1786961844,13.822803,100.511626,15.6,-0.12,-0.7,-2.2,86.1,86.1,0.0,0.0,0.03,24.9,111,AUTO.LOITER,0,0
2026-08-17T17:17:24,1786961845,13.822803,100.511626,15.5,-0.12,-0.7,-2.2,86.1,86.1,0.0,0.0,0.03,24.9,111,AUTO.LOITER,0,0
2026-08-17T17:17:25,1786961846,13.822803,100.511626,15.4,-0.13,-0.7,-2.2,86.1,86.1,0.01,0.0,0.03,24.9,111,AUTO.LOITER,0,0
2026-08-17T17:17:26,1786961847,13.822803,100.511627,15.4,-0.12,-0.7,-2.2,86.1,86.1,0.0,-0.01,0.02,24.9,111,AUTO.LOITER,0,0
2026-08-17T17:17:27,1786961848,13.822803,100.511627,15.4,-0.12,-0.7,-2.2,86.1,86.1,0.0,-0.01,0.01,24.9,111,AUTO.LOITER,0,0
2026-08-17T17:17:28,1786961849,13.822803,100.511627,15.4,-0.12,-0.7,-2.2,86.1,86.1,0.0,-0.01,0.01,24.9,111,AUTO.LOITER,0,0
2026-08-17T17:17:29,1786961850,13.822803,100.511627,15.6,-0.1,-0.7,-2.2,86.1,86.1,0.0,-0.01,0.0,24.9,111,AUTO.LOITER,0,0
2026-08-17T17:17:30,1786961851,13.822803,100.511626,15.6,-0.1,-0.8,-2.2,86.1,86.1,0.0,-0.03,0.0,24.9,111,AUTO.LOITER,0,0
2026-08-17T17:17:31,1786961852,13.822803,100.511626,15.6,-0.09,-0.8,-2.2,86.1,86.1,0.0,-0.02,-0.01,24.9,111,AUTO.LOITER,0,0
2026-08-17T17:17:32,1786961853,13.822803,100.511626,15.6,-0.09,-0.8,-2.2,86.1,86.1,0.0,-0.01,-0.01,24.9,111,AUTO.LOITER,0,0
2026-08-17T17:17:33,1786961854,13.822803,100.511627,15.6,-0.08,-0.7,-2.2,86.2,86.2,0.02,0.0,-0.01,24.9,111,AUTO.LOITER,0,0
2026-08-17T17:17:34,1786961855,13.822803,100.511627,15.6,-0.09,-0.7,-2.2,86.2,86.2,0.01,0.01,-0.01,24.9,111,AUTO.LOITER,0,0
2026-08-17T17:17:35,1786961856,13.822803,100.511627,15.6,-0.09,-0.7,-2.2,86.2,86.2,0.01,0.01,-0.01,24.9,111,AUTO.LOITER,0,0
2026-08-17T17:17:36,1786961857,13.822803,100.511627,15.6,-0.09,-0.7,-2.2,86.2,86.2,0.01,0.01,0.0,24.9,111,AUTO.LOITER,0,0
2026-08-17T17:17:37,1786961858,13.822803,100.511627,15.6,-0.09,-0.6,-2.2,86.2,86.2,0.01,0.01,-0.01,24.9,111,AUTO.LOITER,0,0
2026-08-17T17:17:38,1786961859,13.822803,100.511627,15.6,-0.09,-0.6,-2.2,86.2,86.2,0.02,-0.01,0.0,24.9,111,AUTO.LOITER,0,0
2026-08-17T17:17:39,1786961860,13.822803,100.511626,15.6,-0.09,-0.6,-2.2,86.2,86.2,0.01,-0.03,-0.01,24.9,111,AUTO.LOITER,0,0
2026-08-17T17:17:40,1786961861,13.822803,100.511626,15.6,-0.09,-0.6,-2.2,86.2,86.2,0.0,-0.02,-0.01,24.9,111,AUTO.LOITER,0,0
2026-08-17T17:17:41,1786961862,13.822803,100.511627,15.6,-0.09,-0.6,-2.2,86.2,86.2,0.0,-0.01,-0.02,24.9,111,AUTO.LOITER,0,0
2026-08-17T17:17:42,1786961863,13.822803,100.511626,15.6,-0.08,-0.6,-2.2,86.2,86.2,-0.01,-0.01,-0.03,24.9,111,AUTO.LOITER,0,0
2026-08-17T17:17:43,1786961864,13.822803,100.511626,15.6,-0.07,-0.6,-2.2,86.2,86.2,-0.01,-0.01,-0.04,24.9,111,AUTO.LOITER,0,0
2026-08-17T17:17:44,1786961865,13.822803,100.511626,15.6,-0.06,-0.6,-2.3,86.2,86.2,0.0,-0.01,-0.05,24.9,111,AUTO.LOITER,0,0
2026-08-17T17:17:45,1786961866,13.822803,100.511626,15.7,-0.05,-0.5,-2.3,86.2,86.2,0.0,-0.01,-0.05,24.9,111,AUTO.LOITER,0,0
2026-08-17T17:17:46,1786961867,13.822803,100.511626,15.6,-0.06,-0.5,-2.3,86.2,86.2,0.0,-0.01,-0.04,24.9,111,AUTO.LOITER,0,0
2026-08-17T17:17:47,1786961868,13.822803,100.511627,15.6,-0.06,-0.5,-2.3,86.2,86.2,0.01,-0.01,-0.04,24.9,111,AUTO.LOITER,0,0
2026-08-17T17:17:48,1786961869,13.822803,100.511627,15.6,-0.07,-0.5,-2.3,86.2,86.2,0.0,-0.01,-0.04,24.9,111,AUTO.LOITER,0,0
2026-08-17T17:17:49,1786961870,13.822803,100.511627,15.6,-0.07,-0.5,-2.3,86.2,86.2,0.0,-0.01,-0.04,24.9,111,AUTO.LOITER,0,0
2026-08-17T17:17:50,1786961871,13.822804,100.511627,15.4,-0.07,-0.5,-2.4,86.2,86.2,0.0,-0.01,-0.04,24.9,111,AUTO.LOITER,0,0
2026-08-17T17:17:51,1786961872,13.822803,100.511627,15.4,-0.07,-0.6,-2.4,86.2,86.2,0.0,-0.01,-0.03,24.9,111,AUTO.LOITER,0,0
2026-08-17T17:17:52,1786961873,13.822803,100.511627,15.4,-0.07,-0.6,-2.4,86.2,86.2,0.0,0.0,-0.03,24.9,111,AUTO.LOITER,0,0
2026-08-17T17:17:53,1786961874,13.822803,100.511627,15.6,-0.07,-0.6,-2.4,86.3,86.3,0.0,0.0,-0.02,24.9,111,AUTO.LOITER,0,0
2026-08-17T17:17:54,1786961875,13.822803,100.511627,15.6,-0.08,-0.6,-2.4,86.3,86.3,0.02,0.0,-0.01,24.9,111,AUTO.LOITER,0,0
2026-08-17T17:17:55,1786961876,13.822803,100.511627,15.6,-0.09,-0.6,-2.4,86.3,86.3,0.0,-0.01,-0.01,24.9,111,AUTO.LOITER,0,0
2026-08-17T17:17:56,1786961877,13.822803,100.511627,15.6,-0.09,-0.6,-2.4,86.3,86.3,0.0,0.0,-0.01,24.9,111,AUTO.LOITER,0,0
2026-08-17T17:17:57,1786961878,13.822803,100.511627,15.6,-0.09,-0.6,-2.4,86.3,86.3,0.0,0.0,-0.01,24.9,111,AUTO.LOITER,0,0
2026-08-17T17:17:58,1786961879,13.822803,100.511627,15.6,-0.09,-0.6,-2.4,86.3,86.3,0.0,0.0,-0.01,24.9,111,AUTO.LOITER,0,0
2026-08-17T17:17:59,1786961880,13.822803,100.511627,15.6,-0.09,-0.6,-2.4,86.3,86.3,0.0,0.0,-0.01,24.9,111,AUTO.LOITER,0,0
2026-08-17T17:18:00,1786961881,13.822804,100.511627,15.6,-0.07,-0.6,-2.4,86.4,86.4,0.03,0.01,-0.03,24.9,111,AUTO.LOITER,0,0
2026-08-17T17:18:01,1786961882,13.822803,100.511627,15.6,-0.06,-0.6,-2.4,86.4,86.4,0.02,0.0,-0.04,24.9,111,AUTO.LOITER,0,0
2026-08-17T17:18:02,1786961883,13.822803,100.511627,15.6,-0.06,-0.6,-2.4,86.4,86.4,0.01,0.01,-0.05,24.9,111,AUTO.LOITER,0,0
2026-08-17T17:18:03,1786961884,13.822803,100.511627,15.6,-0.06,-0.6,-2.3,86.4,86.4,0.0,0.01,-0.04,24.9,111,AUTO.LOITER,0,0
2026-08-17T17:18:04,1786961885,13.822803,100.511627,15.6,-0.06,-0.5,-2.3,86.4,86.4,0.0,0.01,-0.04,24.9,111,AUTO.LOITER,0,0
2026-08-17T17:18:05,1786961886,13.822803,100.511627,15.6,-0.06,-0.6,-2.3,86.4,86.4,0.0,0.0,-0.05,24.9,111,AUTO.LOITER,0,0
2026-08-17T17:18:06,1786961887,13.822803,100.511627,15.6,-0.06,-0.6,-2.3,86.4,86.4,0.0,0.01,-0.05,24.9,111,AUTO.LOITER,0,0
2026-08-17T17:18:07,1786961888,13.822803,100.511627,15.6,-0.05,-0.6,-2.3,86.4,86.4,0.01,0.0,-0.06,24.9,111,AUTO.LOITER,0,0
2026-08-17T17:18:08,1786961889,13.822803,100.511627,15.7,-0.04,-0.6,-2.3,86.5,86.5,0.02,0.0,-0.07,24.9,111,AUTO.LOITER,0,0
2026-08-17T17:18:09,1786961890,13.822804,100.511627,15.7,-0.04,-0.6,-2.3,86.5,86.5,0.02,0.01,-0.06,24.9,111,AUTO.LOITER,0,0
2026-08-17T17:18:10,1786961891,13.822804,100.511627,15.7,-0.04,-0.6,-2.3,86.5,86.5,0.01,0.0,-0.06,24.9,111,AUTO.LOITER,0,0
2026-08-17T17:18:11,1786961892,13.822803,100.511627,15.7,-0.05,-0.6,-2.3,86.5,86.5,0.0,-0.01,-0.06,24.9,111,AUTO.LOITER,0,0
2026-08-17T17:18:12,1786961893,13.822803,100.511627,15.6,-0.05,-0.6,-2.3,86.5,86.5,-0.01,-0.02,-0.05,24.9,111,AUTO.LOITER,0,0
2026-08-17T17:18:13,1786961894,13.822803,100.511627,15.4,-0.05,-0.6,-2.3,86.5,86.5,-0.01,-0.02,-0.05,24.9,111,AUTO.LOITER,0,0
2026-08-17T17:18:14,1786961895,13.822803,100.511627,15.3,-0.05,-0.6,-2.3,86.5,86.5,-0.01,-0.02,-0.05,24.9,111,AUTO.LOITER,0,0
2026-08-17T17:18:15,1786961896,13.822803,100.511627,15.3,-0.07,-0.6,-2.4,86.5,86.5,0.0,-0.04,-0.04,24.9,111,AUTO.LOITER,0,0
2026-08-17T17:18:16,1786961897,13.822803,100.511627,15.3,-0.07,-0.6,-2.4,86.5,86.5,0.0,-0.04,-0.04,24.9,111,AUTO.LOITER,0,0
2026-08-17T17:18:17,1786961898,13.822803,100.511627,15.4,-0.08,-0.6,-2.4,86.5,86.5,0.0,0.0,-0.02,24.9,111,AUTO.LOITER,0,0
2026-08-17T17:18:18,1786961899,13.822803,100.511627,15.4,-0.09,-0.6,-2.4,86.5,86.5,0.01,0.0,-0.01,24.9,111,AUTO.LOITER,0,0
2026-08-17T17:18:19,1786961900,13.822803,100.511627,15.6,-0.09,-0.6,-2.4,86.5,86.5,0.0,0.01,-0.01,24.9,111,AUTO.LOITER,0,0
2026-08-17T17:18:20,1786961901,13.822803,100.511627,15.6,-0.09,-0.6,-2.4,86.5,86.5,0.0,0.02,-0.01,24.9,111,AUTO.LOITER,0,0
2026-08-17T17:18:21,1786961902,13.822803,100.511627,15.6,-0.09,-0.6,-2.4,86.5,86.5,0.0,0.01,-0.02,24.9,111,AUTO.LOITER,0,0
2026-08-17T17:18:22,1786961903,13.822803,100.511627,15.6,-0.08,-0.6,-2.4,86.4,86.4,0.0,0.0,-0.02,24.9,111,AUTO.LOITER,0,0
2026-08-17T17:18:23,1786961904,13.822803,100.511627,15.6,-0.08,-0.6,-2.3,86.4,86.4,0.01,0.0,-0.02,24.9,111,AUTO.LOITER,0,0
2026-08-17T17:18:24,1786961905,13.822803,100.511627,15.6,-0.08,-0.6,-2.3,86.4,86.4,0.0,0.0,-0.02,24.9,111,AUTO.LOITER,0,0
2026-08-17T17:18:25,1786961906,13.822803,100.511627,15.6,-0.08,-0.6,-2.3,86.4,86.4,0.0,0.0,-0.02,24.9,111,AUTO.LOITER,0,0
2026-08-17T17:18:26,1786961907,13.822803,100.511627,15.6,-0.08,-0.6,-2.3,86.4,86.4,0.0,-0.01,-0.03,24.9,111,AUTO.LOITER,0,0
2026-08-17T17:18:27,1786961908,13.822803,100.511626,15.6,-0.07,-0.6,-2.3,86.4,86.4,0.0,-0.02,-0.02,24.9,111,AUTO.LOITER,0,0
2026-08-17T17:18:28,1786961909,13.822803,100.511627,15.6,-0.08,-0.6,-2.4,86.4,86.4,0.0,-0.02,-0.01,24.9,111,AUTO.LOITER,0,0
2026-08-17T17:18:29,1786961910,13.822803,100.511627,15.6,-0.09,-0.6,-2.4,86.4,86.4,0.01,-0.02,-0.01,24.9,111,AUTO.LOITER,0,0
2026-08-17T17:18:30,1786961911,13.822803,100.511627,15.6,-0.08,-0.6,-2.4,86.4,86.4,0.01,-0.02,-0.02,24.9,111,AUTO.LOITER,0,0
2026-08-17T17:18:31,1786961912,13.822803,100.511627,15.6,-0.07,-0.6,-2.4,86.4,86.4,0.01,-0.03,-0.04,24.9,111,AUTO.LOITER,0,0
2026-08-17T17:18:32,1786961913,13.822803,100.511627,15.6,-0.05,-0.6,-2.4,86.4,86.4,0.0,-0.02,-0.06,24.9,111,AUTO.LOITER,0,0
2026-08-17T17:18:33,1786961914,13.822803,100.511626,15.7,-0.04,-0.6,-2.4,86.4,86.4,0.0,-0.02,-0.06,24.9,111,AUTO.LOITER,0,0
2026-08-17T17:18:34,1786961915,13.822803,100.511626,15.7,-0.04,-0.7,-2.5,86.4,86.4,0.0,-0.01,-0.06,24.9,111,AUTO.LOITER,0,0
2026-08-17T17:18:35,1786961916,13.822803,100.511626,15.7,-0.04,-0.7,-2.5,86.3,86.3,0.02,-0.02,-0.07,24.9,111,AUTO.LOITER,0,0
2026-08-17T17:18:36,1786961917,13.822803,100.511627,15.7,-0.04,-0.7,-2.5,86.4,86.4,0.03,-0.02,-0.07,24.9,111,AUTO.LOITER,0,0
2026-08-17T17:18:37,1786961918,13.822803,100.511626,15.7,-0.04,-0.6,-2.6,86.4,86.4,0.04,-0.02,-0.07,24.9,111,AUTO.LOITER,0,0
2026-08-17T17:18:38,1786961919,13.822803,100.511627,15.7,-0.04,-0.6,-2.6,86.4,86.4,0.04,-0.01,-0.07,24.9,111,AUTO.LOITER,0,0
2026-08-17T17:18:39,1786961920,13.822803,100.511627,15.7,-0.03,-0.6,-2.6,86.4,86.4,0.04,0.0,-0.08,24.9,111,AUTO.LOITER,0,0
2026-08-17T17:18:40,1786961921,13.822804,100.511627,15.7,-0.02,-0.6,-2.6,86.4,86.4,0.03,-0.01,-0.09,24.9,111,AUTO.LOITER,0,0
2026-08-17T17:18:41,1786961922,13.822803,100.511627,15.4,-0.02,-0.5,-2.6,86.4,86.4,0.03,-0.01,-0.09,24.9,111,AUTO.LOITER,0,0
2026-08-17T17:18:42,1786961923,13.822803,100.511626,15.4,-0.02,-0.5,-2.6,86.4,86.4,0.03,0.0,-0.09,24.9,111,AUTO.LOITER,0,0
2026-08-17T17:18:43,1786961924,13.822803,100.511627,15.4,-0.03,-0.5,-2.6,86.4,86.4,0.02,0.0,-0.08,24.9,111,AUTO.LOITER,0,0
2026-08-17T17:18:44,1786961925,13.822803,100.511627,15.7,-0.04,-0.5,-2.6,86.4,86.4,0.0,0.0,-0.06,24.9,111,AUTO.LOITER,0,0
2026-08-17T17:18:45,1786961926,13.822803,100.511627,15.6,-0.06,-0.5,-2.6,86.5,86.5,0.0,0.0,-0.04,24.9,111,AUTO.LOITER,0,0
2026-08-17T17:18:46,1786961927,13.822803,100.511627,15.6,-0.07,-0.5,-2.6,86.5,86.5,0.0,0.0,-0.03,24.9,111,AUTO.LOITER,0,0
2026-08-17T17:18:47,1786961928,13.822803,100.511627,15.6,-0.08,-0.4,-2.7,86.5,86.5,0.0,0.0,-0.02,24.9,111,AUTO.LOITER,0,0
2026-08-17T17:18:48,1786961929,13.822803,100.511627,15.6,-0.08,-0.4,-2.6,86.5,86.5,0.0,0.0,-0.03,24.9,111,AUTO.LOITER,0,0
2026-08-17T17:18:49,1786961930,13.822803,100.511627,15.6,-0.07,-0.4,-2.7,86.5,86.5,0.0,0.0,-0.03,24.9,111,AUTO.LOITER,0,0
2026-08-17T17:18:50,1786961931,13.822803,100.511627,15.5,-0.07,-0.4,-2.7,86.5,86.5,0.0,0.0,-0.03,24.9,111,AUTO.LOITER,0,0
2026-08-17T17:18:51,1786961932,13.822803,100.511627,15.6,-0.07,-0.4,-2.7,86.5,86.5,-0.01,-0.01,-0.03,24.9,111,AUTO.LOITER,0,0
2026-08-17T17:18:52,1786961933,13.822803,100.511627,15.6,-0.07,-0.5,-2.7,86.5,86.5,-0.01,0.0,-0.03,24.9,111,AUTO.LOITER,0,0
2026-08-17T17:18:53,1786961934,13.822803,100.511627,15.6,-0.07,-0.5,-2.7,86.5,86.5,0.0,0.0,-0.03,24.9,111,AUTO.LOITER,0,0
2026-08-17T17:18:54,1786961935,13.822803,100.511627,15.6,-0.07,-0.5,-2.7,86.5,86.5,0.0,0.0,-0.03,24.9,111,AUTO.LOITER,0,0
2026-08-17T17:18:55,1786961936,13.822803,100.511627,15.6,-0.07,-0.5,-2.8,86.5,86.5,0.0,0.01,-0.02,24.9,111,AUTO.LOITER,0,0
2026-08-17T17:18:56,1786961937,13.822803,100.511627,15.6,-0.08,-0.5,-2.7,86.5,86.5,0.0,0.0,-0.01,24.9,111,AUTO.LOITER,0,0
2026-08-17T17:18:57,1786961938,13.822803,100.511627,15.6,-0.09,-0.6,-2.8,86.5,86.5,0.0,-0.01,0.0,24.9,111,AUTO.LOITER,0,0
2026-08-17T17:18:58,1786961939,13.822803,100.511627,15.6,-0.11,-0.6,-2.8,86.5,86.5,0.0,-0.01,0.01,24.9,111,AUTO.LOITER,0,0
2026-08-17T17:18:59,1786961940,13.822803,100.511627,15.4,-0.11,-0.6,-2.8,86.5,86.5,0.0,-0.01,0.01,24.9,111,AUTO.LOITER,0,0
2026-08-17T17:19:00,1786961941,13.822803,100.511627,15.6,-0.1,-0.6,-2.9,86.5,86.5,-0.01,0.0,0.0,24.9,111,AUTO.LOITER,0,0
2026-08-17T17:19:01,1786961942,13.822803,100.511627,15.6,-0.1,-0.7,-2.9,86.5,86.5,0.0,-0.01,0.0,24.9,111,AUTO.LOITER,0,0
2026-08-17T17:19:02,1786961943,13.822803,100.511627,15.6,-0.1,-0.7,-2.9,86.5,86.5,0.01,0.0,0.0,24.9,111,AUTO.LOITER,0,0
2026-08-17T17:19:03,1786961944,13.822803,100.511627,15.6,-0.1,-0.7,-2.9,86.5,86.5,0.01,0.0,0.0,24.9,111,AUTO.LOITER,0,0
2026-08-17T17:19:04,1786961945,13.822803,100.511627,15.6,-0.1,-0.7,-2.9,86.5,86.5,0.01,0.01,0.0,24.9,111,AUTO.LOITER,0,0
2026-08-17T17:19:05,1786961946,13.822803,100.511627,15.6,-0.1,-0.7,-2.9,86.5,86.5,0.02,0.0,0.0,24.9,111,AUTO.LOITER,0,0
2026-08-17T17:19:06,1786961947,13.822803,100.511627,15.6,-0.1,-0.7,-2.9,86.5,86.5,0.04,0.0,0.0,24.9,111,AUTO.LOITER,0,0
2026-08-17T17:19:07,1786961948,13.822803,100.511627,15.6,-0.09,-0.7,-2.9,86.5,86.5,0.03,0.0,-0.01,24.9,111,AUTO.LOITER,0,0
2026-08-17T17:19:08,1786961949,13.822803,100.511627,15.4,-0.09,-0.7,-2.9,86.5,86.5,0.03,0.0,-0.01,24.9,111,AUTO.LOITER,0,0
2026-08-17T17:19:09,1786961950,13.822803,100.511627,15.6,-0.08,-0.6,-2.9,86.5,86.5,0.03,0.02,-0.03,24.9,111,AUTO.LOITER,0,0
2026-08-17T17:19:10,1786961951,13.822803,100.511627,15.6,-0.07,-0.6,-2.9,86.5,86.5,0.02,0.01,-0.03,24.9,111,AUTO.LOITER,0,0
2026-08-17T17:19:11,1786961952,13.822803,100.511627,15.4,-0.07,-0.6,-2.9,86.5,86.5,0.02,0.01,-0.03,24.9,111,AUTO.LOITER,0,0
2026-08-17T17:19:12,1786961953,13.822803,100.511627,15.4,-0.07,-0.6,-2.9,86.5,86.5,0.02,0.03,-0.03,24.9,111,AUTO.LOITER,0,0
2026-08-17T17:19:13,1786961954,13.822803,100.511627,15.4,-0.07,-0.6,-2.9,86.5,86.5,0.02,0.04,-0.02,24.9,111,AUTO.LOITER,0,0
2026-08-17T17:19:14,1786961955,13.822803,100.511627,15.6,-0.08,-0.5,-2.9,86.5,86.5,0.02,0.03,-0.02,24.9,111,AUTO.LOITER,0,0
2026-08-17T17:19:15,1786961956,13.822803,100.511627,15.6,-0.08,-0.5,-2.8,86.5,86.5,0.02,0.02,-0.01,24.9,111,AUTO.LOITER,0,0
2026-08-17T17:19:16,1786961957,13.822803,100.511627,15.6,-0.09,-0.5,-2.8,86.5,86.5,0.01,0.01,-0.01,24.9,111,AUTO.LOITER,0,0
2026-08-17T17:19:17,1786961958,13.822803,100.511627,15.6,-0.09,-0.5,-2.8,86.5,86.5,0.0,0.02,-0.01,24.9,111,AUTO.LOITER,0,0
2026-08-17T17:19:18,1786961959,13.822803,100.511627,15.6,-0.1,-0.5,-2.8,86.5,86.5,0.0,0.02,0.0,24.9,111,AUTO.LOITER,0,0
2026-08-17T17:19:19,1786961960,13.822803,100.511627,15.6,-0.1,-0.5,-2.8,86.5,86.5,0.0,0.02,0.0,24.9,111,AUTO.LOITER,0,0
2026-08-17T17:19:20,1786961961,13.822803,100.511627,15.6,-0.09,-0.5,-2.8,86.5,86.5,0.0,0.02,-0.02,24.9,111,AUTO.LOITER,0,0
2026-08-17T17:19:21,1786961962,13.822803,100.511627,15.6,-0.08,-0.5,-2.8,86.5,86.5,0.0,0.0,-0.02,24.9,111,AUTO.LOITER,0,0
2026-08-17T17:19:22,1786961963,13.822803,100.511627,15.6,-0.07,-0.5,-2.8,86.5,86.5,0.0,0.0,-0.03,24.9,111,AUTO.LOITER,0,0
2026-08-17T17:19:23,1786961964,13.822803,100.511627,15.6,-0.07,-0.5,-2.8,86.5,86.5,0.0,0.0,-0.03,24.9,111,AUTO.LOITER,0,0
2026-08-17T17:19:24,1786961965,13.822803,100.511627,15.6,-0.07,-0.5,-2.8,86.5,86.5,0.0,0.01,-0.02,24.9,111,AUTO.LOITER,0,0
2026-08-17T17:19:25,1786961966,13.822803,100.511627,15.6,-0.09,-0.5,-2.7,86.5,86.5,-0.01,0.01,-0.01,24.9,111,AUTO.LOITER,0,0
2026-08-17T17:19:26,1786961967,13.822803,100.511627,15.6,-0.1,-0.5,-2.7,86.5,86.5,0.0,0.02,0.0,24.9,111,AUTO.LOITER,0,0
2026-08-17T17:19:27,1786961968,13.822803,100.511627,15.6,-0.11,-0.4,-2.7,86.5,86.5,-0.01,0.03,0.01,24.9,111,AUTO.LOITER,0,0
2026-08-17T17:19:28,1786961969,13.822803,100.511626,15.6,-0.11,-0.5,-2.6,86.5,86.5,0.0,0.01,0.01,24.9,111,AUTO.LOITER,0,0
2026-08-17T17:19:29,1786961970,13.822803,100.511627,15.6,-0.11,-0.4,-2.6,86.5,86.5,0.0,0.02,0.01,24.9,111,AUTO.LOITER,0,0
2026-08-17T17:19:30,1786961971,13.822803,100.511627,15.6,-0.11,-0.4,-2.6,86.5,86.5,0.0,0.01,0.0,24.9,111,AUTO.LOITER,0,0
2026-08-17T17:19:31,1786961972,13.822803,100.511627,15.6,-0.11,-0.4,-2.6,86.5,86.5,0.0,0.01,0.01,24.9,111,AUTO.LOITER,0,0
2026-08-17T17:19:32,1786961973,13.822803,100.511627,15.6,-0.11,-0.4,-2.6,86.5,86.5,0.0,0.01,0.01,24.9,111,AUTO.LOITER,0,0
2026-08-17T17:19:33,1786961974,13.822803,100.511627,15.6,-0.11,-0.4,-2.5,86.5,86.5,0.0,0.01,0.01,24.9,111,AUTO.LOITER,0,0
2026-08-17T17:19:34,1786961975,13.822803,100.511627,15.6,-0.1,-0.4,-2.5,86.4,86.4,0.01,0.01,0.0,24.9,111,AUTO.LOITER,0,0
2026-08-17T17:19:35,1786961976,13.822803,100.511627,15.6,-0.1,-0.4,-2.5,86.4,86.4,0.01,0.02,0.0,24.9,111,AUTO.LOITER,0,0
2026-08-17T17:19:36,1786961977,13.822803,100.511627,15.6,-0.09,-0.4,-2.5,86.4,86.4,0.01,0.02,-0.01,24.9,111,AUTO.LOITER,0,0
2026-08-17T17:19:37,1786961978,13.822803,100.511627,15.6,-0.09,-0.3,-2.5,86.4,86.4,-0.01,0.01,0.0,24.9,111,AUTO.LOITER,0,0
2026-08-17T17:19:38,1786961979,13.822803,100.511627,15.4,-0.09,-0.3,-2.5,86.4,86.4,-0.01,0.01,0.0,24.9,111,AUTO.LOITER,0,0
2026-08-17T17:19:39,1786961980,13.822803,100.511626,15.4,-0.09,-0.3,-2.5,86.4,86.4,-0.02,0.0,0.0,24.9,112,AUTO.LOITER,0,0
2026-08-17T17:19:40,1786961981,13.822803,100.511627,15.6,-0.1,-0.3,-2.5,86.4,86.4,-0.03,0.0,0.01,24.9,112,AUTO.LOITER,0,0
2026-08-17T17:19:41,1786961982,13.822803,100.511627,15.6,-0.12,-0.4,-2.5,86.5,86.5,-0.03,-0.01,0.02,24.9,112,AUTO.LOITER,0,0
2026-08-17T17:19:42,1786961983,13.822803,100.511627,15.6,-0.12,-0.4,-2.5,86.5,86.5,-0.02,0.0,0.02,24.9,112,AUTO.LOITER,0,0
2026-08-17T17:19:43,1786961984,13.822803,100.511627,15.6,-0.12,-0.4,-2.5,86.5,86.5,-0.01,0.0,0.02,24.9,112,AUTO.LOITER,0,0
2026-08-17T17:19:44,1786961985,13.822803,100.511627,15.6,-0.12,-0.4,-2.6,86.5,86.5,-0.01,0.0,0.02,24.9,112,AUTO.LOITER,0,0
2026-08-17T17:19:45,1786961986,13.822803,100.511627,15.6,-0.12,-0.5,-2.6,86.5,86.5,0.0,-0.01,0.02,24.9,112,AUTO.LOITER,0,0
2026-08-17T17:19:46,1786961987,13.822803,100.511627,15.6,-0.12,-0.5,-2.6,86.5,86.5,0.0,0.0,0.02,24.9,112,AUTO.LOITER,0,0
2026-08-17T17:19:47,1786961988,13.822803,100.511627,15.6,-0.12,-0.5,-2.6,86.5,86.5,0.0,0.0,0.02,24.9,112,AUTO.LOITER,0,0
2026-08-17T17:19:48,1786961989,13.822803,100.511627,15.6,-0.12,-0.5,-2.6,86.5,86.5,-0.02,0.02,0.02,24.9,112,AUTO.LOITER,0,0
2026-08-17T17:19:49,1786961990,13.822803,100.511627,15.6,-0.12,-0.5,-2.6,86.5,86.5,-0.02,0.03,0.01,24.9,112,AUTO.LOITER,0,0
2026-08-17T17:19:50,1786961991,13.822803,100.511627,15.6,-0.11,-0.6,-2.6,86.5,86.5,0.0,0.01,0.01,24.9,112,AUTO.LOITER,0,0
2026-08-17T17:19:51,1786961992,13.822803,100.511627,15.6,-0.11,-0.6,-2.5,86.5,86.5,0.0,0.0,0.01,24.9,112,AUTO.LOITER,0,0
2026-08-17T17:19:52,1786961993,13.822803,100.511627,15.6,-0.11,-0.6,-2.5,86.5,86.5,0.0,0.01,0.01,24.9,112,AUTO.LOITER,0,0
2026-08-17T17:19:53,1786961994,13.822803,100.511627,15.6,-0.11,-0.6,-2.5,86.5,86.5,0.0,0.0,0.01,24.9,112,AUTO.LOITER,0,0
2026-08-17T17:19:54,1786961995,13.822803,100.511627,15.6,-0.12,-0.6,-2.5,86.5,86.5,0.0,0.0,0.03,24.9,112,AUTO.LOITER,0,0
2026-08-17T17:19:55,1786961996,13.822803,100.511627,15.6,-0.12,-0.6,-2.5,86.5,86.5,0.0,0.0,0.03,24.9,112,AUTO.LOITER,0,0
2026-08-17T17:19:56,1786961997,13.822803,100.511627,15.6,-0.14,-0.6,-2.5,86.5,86.5,0.0,0.0,0.04,24.9,112,AUTO.LOITER,0,0
2026-08-17T17:19:57,1786961998,13.822803,100.511627,15.6,-0.14,-0.6,-2.5,86.5,86.5,0.01,0.01,0.04,24.9,112,AUTO.LOITER,0,0
2026-08-17T17:19:58,1786961999,13.822803,100.511627,15.6,-0.14,-0.6,-2.5,86.5,86.5,0.0,0.01,0.05,24.9,112,AUTO.LOITER,0,0
2026-08-17T17:19:59,1786962000,13.822803,100.511627,15.6,-0.15,-0.6,-2.5,86.5,86.5,0.0,0.02,0.07,24.9,112,AUTO.LOITER,0,0
2026-08-17T17:20:00,1786962001,13.822803,100.511627,15.5,-0.16,-0.6,-2.4,86.5,86.5,0.0,0.02,0.07,24.9,112,AUTO.LOITER,0,0
2026-08-17T17:20:01,1786962002,13.822803,100.511627,15.5,-0.17,-0.6,-2.4,86.5,86.5,0.0,0.01,0.08,24.9,112,AUTO.LOITER,0,0
2026-08-17T17:20:02,1786962003,13.822803,100.511627,15.4,-0.17,-0.6,-2.4,86.5,86.5,0.0,0.01,0.08,24.9,112,AUTO.LOITER,0,0
2026-08-17T17:20:03,1786962004,13.822803,100.511627,15.4,-0.17,-0.6,-2.4,86.5,86.5,0.0,0.01,0.08,24.9,112,AUTO.LOITER,0,0
2026-08-17T17:20:04,1786962005,13.822803,100.511627,15.4,-0.17,-0.6,-2.3,86.5,86.5,0.0,0.0,0.08,24.9,112,AUTO.LOITER,0,0
2026-08-17T17:20:05,1786962006,13.822803,100.511627,15.4,-0.16,-0.6,-2.3,86.5,86.5,0.01,0.0,0.07,24.9,112,AUTO.LOITER,0,0
2026-08-17T17:20:06,1786962007,13.822803,100.511627,15.5,-0.15,-0.6,-2.3,86.5,86.5,0.01,0.0,0.06,24.9,112,AUTO.LOITER,0,0
2026-08-17T17:20:07,1786962008,13.822803,100.511627,15.6,-0.14,-0.6,-2.3,86.5,86.5,0.0,-0.01,0.05,24.9,112,AUTO.LOITER,0,0
2026-08-17T17:20:08,1786962009,13.822803,100.511627,15.6,-0.14,-0.6,-2.3,86.5,86.5,0.0,-0.01,0.04,24.9,112,AUTO.LOITER,0,0
2026-08-17T17:20:09,1786962010,13.822803,100.511627,15.6,-0.13,-0.6,-2.3,86.5,86.5,0.0,0.0,0.04,24.9,112,AUTO.LOITER,0,0
2026-08-17T17:20:10,1786962011,13.822803,100.511627,15.6,-0.13,-0.6,-2.3,86.5,86.5,0.01,0.0,0.04,24.9,112,AUTO.LOITER,0,0
2026-08-17T17:20:11,1786962012,13.822803,100.511627,15.6,-0.14,-0.6,-2.3,86.5,86.5,0.01,0.0,0.05,24.9,112,AUTO.LOITER,0,0
2026-08-17T17:20:12,1786962013,13.822803,100.511627,15.6,-0.14,-0.6,-2.3,86.5,86.5,0.02,0.01,0.06,24.9,112,AUTO.LOITER,0,0
2026-08-17T17:20:13,1786962014,13.822803,100.511627,15.5,-0.15,-0.6,-2.3,86.5,86.5,0.02,0.02,0.07,24.9,112,AUTO.LOITER,0,0
2026-08-17T17:20:14,1786962015,13.822803,100.511627,15.5,-0.15,-0.6,-2.2,86.5,86.5,0.01,0.03,0.06,24.9,112,AUTO.LOITER,0,0
2026-08-17T17:20:15,1786962016,13.822803,100.511627,15.5,-0.16,-0.6,-2.2,86.5,86.5,0.0,0.02,0.07,24.9,112,AUTO.LOITER,0,0
2026-08-17T17:20:16,1786962017,13.822803,100.511627,15.5,-0.16,-0.5,-2.2,86.5,86.5,0.0,0.02,0.07,24.9,112,AUTO.LOITER,0,0
2026-08-17T17:20:17,1786962018,13.822803,100.511627,15.5,-0.16,-0.5,-2.1,86.5,86.5,0.0,0.01,0.07,24.9,112,AUTO.LOITER,0,0
2026-08-17T17:20:18,1786962019,13.822803,100.511627,15.5,-0.16,-0.6,-2.1,86.5,86.5,0.0,0.0,0.07,24.9,112,AUTO.LOITER,0,0
2026-08-17T17:20:19,1786962020,13.822803,100.511627,15.5,-0.15,-0.6,-2.1,86.5,86.5,0.0,0.0,0.06,24.9,112,AUTO.LOITER,0,0
2026-08-17T17:20:20,1786962021,13.822803,100.511627,15.6,-0.15,-0.6,-2.0,86.5,86.5,0.0,0.0,0.06,24.9,112,AUTO.LOITER,0,0
2026-08-17T17:20:21,1786962022,13.822803,100.511627,15.6,-0.15,-0.6,-2.0,86.5,86.5,0.0,0.0,0.05,24.9,112,AUTO.LOITER,0,0
2026-08-17T17:20:22,1786962023,13.822803,100.511627,15.6,-0.14,-0.6,-2.0,86.5,86.5,0.0,0.0,0.05,24.9,112,AUTO.LOITER,0,0
2026-08-17T17:20:23,1786962024,13.822803,100.511627,15.6,-0.14,-0.6,-2.0,86.5,86.5,0.0,0.0,0.04,24.9,112,AUTO.LOITER,0,0
2026-08-17T17:20:24,1786962025,13.822803,100.511627,15.6,-0.14,-0.6,-2.0,86.5,86.5,-0.01,-0.02,0.04,24.9,112,AUTO.LOITER,0,0
2026-08-17T17:20:25,1786962026,13.822803,100.511627,15.4,-0.14,-0.6,-2.0,86.5,86.5,-0.01,-0.02,0.04,24.9,112,AUTO.LOITER,0,0
2026-08-17T17:20:26,1786962027,13.822803,100.511627,15.6,-0.14,-0.6,-2.0,86.5,86.5,0.0,-0.02,0.04,24.9,112,AUTO.LOITER,0,0
2026-08-17T17:20:27,1786962028,13.822803,100.511627,15.4,-0.14,-0.6,-2.1,86.5,86.5,0.0,-0.02,0.04,24.9,112,AUTO.LOITER,0,0
2026-08-17T17:20:28,1786962029,13.822803,100.511627,15.4,-0.14,-0.6,-2.1,86.5,86.5,0.0,-0.02,0.05,24.9,112,AUTO.LOITER,0,0
2026-08-17T17:20:29,1786962030,13.822803,100.511626,15.4,-0.15,-0.7,-2.1,86.5,86.5,0.0,-0.01,0.06,24.9,112,AUTO.LOITER,0,0
2026-08-17T17:20:30,1786962031,13.822803,100.511627,15.4,-0.15,-0.7,-2.1,86.5,86.5,0.0,0.0,0.06,24.9,112,AUTO.LOITER,0,0
2026-08-17T17:20:31,1786962032,13.822803,100.511626,15.5,-0.15,-0.7,-2.1,86.5,86.5,0.0,0.0,0.06,24.9,112,AUTO.LOITER,0,0
2026-08-17T17:20:32,1786962033,13.822803,100.511627,15.5,-0.16,-0.7,-2.1,86.5,86.5,0.0,0.01,0.07,24.9,112,AUTO.LOITER,0,0
2026-08-17T17:20:33,1786962034,13.822803,100.511627,15.5,-0.16,-0.7,-2.0,86.4,86.4,-0.01,0.02,0.07,24.9,112,AUTO.LOITER,0,0
2026-08-17T17:20:34,1786962035,13.822803,100.511627,15.5,-0.16,-0.7,-2.0,86.4,86.4,0.0,0.01,0.07,24.9,112,AUTO.LOITER,0,0
2026-08-17T17:20:35,1786962036,13.822803,100.511627,15.5,-0.16,-0.8,-1.9,86.4,86.4,0.0,0.01,0.07,24.9,112,AUTO.LOITER,0,0
2026-08-17T17:20:36,1786962037,13.822803,100.511627,15.5,-0.16,-0.8,-1.9,86.4,86.4,0.0,0.0,0.07,24.9,112,AUTO.LOITER,0,0
2026-08-17T17:20:37,1786962038,13.822803,100.511627,15.5,-0.16,-0.8,-1.9,86.4,86.4,0.0,0.0,0.07,24.9,112,AUTO.LOITER,0,0
2026-08-17T17:20:38,1786962039,13.822803,100.511627,15.5,-0.16,-0.8,-1.9,86.4,86.4,0.01,0.0,0.07,24.9,112,AUTO.LOITER,0,0
2026-08-17T17:20:39,1786962040,13.822803,100.511627,15.5,-0.16,-0.8,-1.9,86.4,86.4,0.0,0.0,0.07,24.9,112,AUTO.LOITER,0,0
2026-08-17T17:20:40,1786962041,13.822803,100.511627,15.5,-0.16,-0.8,-1.9,86.4,86.4,0.0,0.0,0.06,24.9,112,AUTO.LOITER,0,0
2026-08-17T17:20:41,1786962042,13.822803,100.511627,15.6,-0.15,-0.8,-1.9,86.4,86.4,0.0,0.0,0.05,24.9,112,AUTO.LOITER,0,0
2026-08-17T17:20:42,1786962043,13.822803,100.511627,15.6,-0.14,-0.8,-1.8,86.4,86.4,0.02,0.0,0.04,24.9,112,AUTO.LOITER,0,0
2026-08-17T17:20:43,1786962044,13.822803,100.511627,15.6,-0.13,-0.8,-1.8,86.4,86.4,0.02,0.0,0.03,24.9,112,AUTO.LOITER,0,0
2026-08-17T17:20:44,1786962045,13.822803,100.511627,15.6,-0.12,-0.8,-1.8,86.4,86.4,0.02,0.0,0.02,24.9,112,AUTO.LOITER,0,0
2026-08-17T17:20:45,1786962046,13.822803,100.511627,15.6,-0.12,-0.8,-1.8,86.4,86.4,0.02,0.0,0.03,24.9,112,AUTO.LOITER,0,0
2026-08-17T17:20:46,1786962047,13.822803,100.511627,15.6,-0.13,-0.8,-1.8,86.4,86.4,0.02,0.0,0.03,24.9,112,AUTO.LOITER,0,0
2026-08-17T17:20:47,1786962048,13.822803,100.511627,15.6,-0.12,-0.8,-1.8,86.4,86.4,0.02,0.0,0.02,24.9,112,AUTO.LOITER,0,0
2026-08-17T17:20:48,1786962049,13.822803,100.511627,15.6,-0.12,-0.8,-1.8,86.4,86.4,0.01,-0.02,0.01,24.9,112,AUTO.LOITER,0,0
2026-08-17T17:20:49,1786962050,13.822803,100.511627,15.6,-0.11,-0.7,-1.8,86.4,86.4,0.0,-0.02,0.0,24.9,112,AUTO.LOITER,0,0
2026-08-17T17:20:50,1786962051,13.822803,100.511627,15.6,-0.1,-0.8,-1.8,86.3,86.3,0.0,-0.01,0.0,24.9,112,AUTO.LOITER,0,0
2026-08-17T17:20:51,1786962052,13.822803,100.511627,15.6,-0.1,-0.8,-1.8,86.3,86.3,0.0,-0.01,0.0,24.9,112,AUTO.LOITER,0,0
2026-08-17T17:20:52,1786962053,13.822803,100.511627,15.6,-0.1,-0.8,-1.8,86.3,86.3,0.0,-0.01,0.0,24.9,112,AUTO.LOITER,0,0
2026-08-17T17:20:53,1786962054,13.822803,100.511627,15.6,-0.1,-0.8,-1.8,86.3,86.3,-0.01,0.0,0.0,24.9,112,AUTO.LOITER,0,0
2026-08-17T17:20:54,1786962055,13.822803,100.511627,15.4,-0.1,-0.8,-1.8,86.3,86.3,-0.01,0.0,0.0,24.9,112,AUTO.LOITER,0,0
2026-08-17T17:20:55,1786962056,13.822803,100.511627,15.4,-0.1,-0.8,-1.8,86.3,86.3,0.0,-0.01,0.0,24.9,112,AUTO.LOITER,0,0
2026-08-17T17:20:56,1786962057,13.822803,100.511627,15.4,-0.1,-0.8,-1.8,86.3,86.3,0.0,0.0,0.0,24.9,112,AUTO.LOITER,0,0
2026-08-17T17:20:57,1786962058,13.822803,100.511627,15.4,-0.09,-0.8,-1.8,86.3,86.3,0.0,-0.02,0.0,24.9,112,AUTO.LOITER,0,0
2026-08-17T17:20:58,1786962059,13.822803,100.511626,15.6,-0.09,-0.8,-1.8,86.3,86.3,0.0,-0.02,0.0,24.9,112,AUTO.LOITER,0,0
2026-08-17T17:20:59,1786962060,13.822803,100.511626,15.6,-0.09,-0.8,-1.8,86.3,86.3,0.0,-0.01,-0.01,24.9,112,AUTO.LOITER,0,0
2026-08-17T17:21:00,1786962061,13.822803,100.511626,15.6,-0.09,-0.7,-1.8,86.3,86.3,0.0,-0.01,-0.01,24.9,112,AUTO.LOITER,0,0
2026-08-17T17:21:01,1786962062,13.822803,100.511627,15.6,-0.09,-0.7,-1.8,86.3,86.3,0.0,0.0,-0.01,24.9,112,AUTO.LOITER,0,0
2026-08-17T17:21:02,1786962063,13.822803,100.511626,15.6,-0.09,-0.7,-1.8,86.3,86.3,0.0,0.0,-0.01,24.9,112,AUTO.LOITER,0,0
2026-08-17T17:21:03,1786962064,13.822803,100.511626,15.6,-0.09,-0.7,-1.8,86.3,86.3,0.01,0.0,-0.01,24.9,112,AUTO.LOITER,0,0
2026-08-17T17:21:04,1786962065,13.822803,100.511627,15.6,-0.09,-0.7,-1.7,86.3,86.3,0.01,0.0,0.0,24.9,112,AUTO.LOITER,0,0
2026-08-17T17:21:05,1786962066,13.822803,100.511627,15.6,-0.1,-0.7,-1.7,86.3,86.3,0.02,0.0,0.0,24.9,112,AUTO.LOITER,0,0
2026-08-17T17:21:06,1786962067,13.822803,100.511627,15.6,-0.11,-0.7,-1.7,86.3,86.3,0.02,0.0,0.01,24.9,112,AUTO.LOITER,0,0
2026-08-17T17:21:07,1786962068,13.822803,100.511627,15.6,-0.11,-0.7,-1.7,86.3,86.3,0.02,0.0,0.01,24.9,112,AUTO.LOITER,0,0
2026-08-17T17:21:08,1786962069,13.822803,100.511627,15.4,-0.11,-0.7,-1.7,86.2,86.2,0.02,0.0,0.01,24.9,112,AUTO.LOITER,0,0
2026-08-17T17:21:09,1786962070,13.822803,100.511627,15.4,-0.11,-0.6,-1.7,86.2,86.2,0.02,0.0,0.01,24.9,112,AUTO.LOITER,0,0
2026-08-17T17:21:10,1786962071,13.822803,100.511627,15.4,-0.11,-0.6,-1.7,86.2,86.2,0.02,0.0,0.01,24.9,112,AUTO.LOITER,0,0
2026-08-17T17:21:11,1786962072,13.822803,100.511626,15.6,-0.13,-0.6,-1.7,86.2,86.2,0.02,0.0,0.03,24.9,112,AUTO.LOITER,0,0
2026-08-17T17:21:12,1786962073,13.822803,100.511626,15.6,-0.13,-0.6,-1.7,86.2,86.2,0.0,0.0,0.03,24.9,112,AUTO.LOITER,0,0
2026-08-17T17:21:13,1786962074,13.822803,100.511626,15.6,-0.13,-0.5,-1.7,86.2,86.2,0.0,-0.01,0.04,24.9,112,AUTO.LOITER,0,0
2026-08-17T17:21:14,1786962075,13.822803,100.511627,15.6,-0.13,-0.5,-1.7,86.2,86.2,0.0,0.0,0.04,24.9,112,AUTO.LOITER,0,0
2026-08-17T17:21:15,1786962076,13.822803,100.511627,15.6,-0.14,-0.5,-1.7,86.2,86.2,0.0,0.0,0.04,24.9,112,AUTO.LOITER,0,0
2026-08-17T17:21:16,1786962077,13.822803,100.511627,15.6,-0.13,-0.6,-1.7,86.2,86.2,0.0,0.0,0.03,24.9,112,AUTO.LOITER,0,0
2026-08-17T17:21:17,1786962078,13.822803,100.511627,15.6,-0.13,-0.6,-1.7,86.2,86.2,0.0,0.01,0.03,24.9,112,AUTO.LOITER,0,0
2026-08-17T17:21:18,1786962079,13.822803,100.511627,15.6,-0.13,-0.6,-1.7,86.2,86.2,0.0,0.0,0.03,24.9,112,AUTO.LOITER,0,0
2026-08-17T17:21:19,1786962080,13.822803,100.511627,15.6,-0.13,-0.5,-1.7,86.2,86.2,0.0,0.01,0.03,24.9,112,AUTO.LOITER,0,0
2026-08-17T17:21:20,1786962081,13.822803,100.511627,15.6,-0.13,-0.5,-1.7,86.2,86.2,0.02,0.0,0.03,24.9,112,AUTO.LOITER,0,0
2026-08-17T17:21:21,1786962082,13.822803,100.511627,15.6,-0.13,-0.5,-1.7,86.2,86.2,0.01,-0.01,0.03,24.9,112,AUTO.LOITER,0,0
2026-08-17T17:21:22,1786962083,13.822803,100.511626,15.4,-0.13,-0.5,-1.7,86.2,86.2,0.01,-0.01,0.03,24.9,112,AUTO.LOITER,0,0
2026-08-17T17:21:23,1786962084,13.822803,100.511626,15.3,-0.12,-0.5,-1.7,86.2,86.2,0.0,-0.02,0.02,24.9,112,AUTO.LOITER,0,0
2026-08-17T17:21:24,1786962085,13.822803,100.511627,15.4,-0.12,-0.5,-1.7,86.2,86.2,0.0,-0.02,0.02,24.9,112,AUTO.LOITER,0,0
2026-08-17T17:21:25,1786962086,13.822803,100.511627,15.6,-0.12,-0.5,-1.8,86.2,86.2,0.0,0.0,0.01,24.9,112,AUTO.LOITER,0,0
2026-08-17T17:21:26,1786962087,13.822803,100.511627,15.6,-0.11,-0.5,-1.8,86.2,86.2,-0.01,0.0,0.01,24.9,112,AUTO.LOITER,0,0
2026-08-17T17:21:27,1786962088,13.822803,100.511627,15.6,-0.1,-0.5,-1.8,86.2,86.2,0.0,0.0,0.0,24.9,112,AUTO.LOITER,0,0
2026-08-17T17:21:28,1786962089,13.822803,100.511627,15.6,-0.1,-0.4,-1.8,86.2,86.2,0.0,-0.01,0.0,24.9,112,AUTO.LOITER,0,0
2026-08-17T17:21:29,1786962090,13.822803,100.511627,15.6,-0.1,-0.4,-1.8,86.2,86.2,0.0,0.0,0.0,24.9,112,AUTO.LOITER,0,0
2026-08-17T17:21:30,1786962091,13.822803,100.511627,15.6,-0.11,-0.4,-1.8,86.3,86.3,0.0,0.0,0.01,24.9,112,AUTO.LOITER,0,0
2026-08-17T17:21:31,1786962092,13.822803,100.511627,15.6,-0.11,-0.4,-1.8,86.3,86.3,0.0,0.0,0.0,24.9,112,AUTO.LOITER,0,0
2026-08-17T17:21:32,1786962093,13.822803,100.511627,15.6,-0.1,-0.4,-1.8,86.3,86.3,0.0,0.0,0.0,24.9,112,AUTO.LOITER,0,0
2026-08-17T17:21:33,1786962094,13.822803,100.511627,15.6,-0.09,-0.4,-1.8,86.3,86.3,0.01,0.01,-0.01,24.9,112,AUTO.LOITER,0,0
2026-08-17T17:21:34,1786962095,13.822803,100.511627,15.6,-0.08,-0.4,-1.8,86.3,86.3,0.01,0.0,-0.03,24.9,112,AUTO.LOITER,0,0
2026-08-17T17:21:35,1786962096,13.822803,100.511627,15.6,-0.07,-0.4,-1.8,86.3,86.3,0.01,0.0,-0.04,24.9,112,AUTO.LOITER,0,0
2026-08-17T17:21:36,1786962097,13.822803,100.511627,15.6,-0.05,-0.3,-1.8,86.3,86.3,0.02,0.01,-0.06,24.9,112,AUTO.LOITER,0,0
2026-08-17T17:21:37,1786962098,13.822803,100.511627,15.7,-0.04,-0.3,-1.8,86.3,86.3,0.01,0.0,-0.06,24.9,112,AUTO.LOITER,0,0
2026-08-17T17:21:38,1786962099,13.822803,100.511627,15.7,-0.04,-0.3,-1.8,86.3,86.3,0.0,0.0,-0.06,24.9,112,AUTO.LOITER,0,0
2026-08-17T17:21:39,1786962100,13.822803,100.511627,15.7,-0.04,-0.3,-1.8,86.3,86.3,-0.01,0.0,-0.06,24.9,112,AUTO.LOITER,0,0
2026-08-17T17:21:40,1786962101,13.822803,100.511627,15.7,-0.05,-0.3,-1.8,86.4,86.4,-0.01,-0.02,-0.05,24.9,112,AUTO.LOITER,0,0
2026-08-17T17:21:41,1786962102,13.822803,100.511626,15.6,-0.05,-0.4,-1.8,86.4,86.4,0.0,-0.03,-0.05,24.9,112,AUTO.LOITER,0,0
2026-08-17T17:21:42,1786962103,13.822803,100.511626,15.6,-0.05,-0.4,-1.8,86.4,86.4,0.0,-0.03,-0.05,24.9,112,AUTO.LOITER,0,0
2026-08-17T17:21:43,1786962104,13.822803,100.511626,15.7,-0.05,-0.4,-1.8,86.4,86.4,0.01,0.0,-0.05,24.9,112,AUTO.LOITER,0,0
2026-08-17T17:21:44,1786962105,13.822803,100.511626,15.6,-0.06,-0.4,-1.8,86.4,86.4,0.01,0.0,-0.05,24.9,112,AUTO.LOITER,0,0
2026-08-17T17:21:45,1786962106,13.822803,100.511626,15.6,-0.06,-0.4,-1.8,86.4,86.4,0.0,0.0,-0.04,24.9,112,AUTO.LOITER,0,0
2026-08-17T17:21:46,1786962107,13.822803,100.511626,15.6,-0.07,-0.4,-1.8,86.4,86.4,0.0,0.0,-0.03,24.9,112,AUTO.LOITER,0,0
2026-08-17T17:21:47,1786962108,13.822803,100.511627,15.6,-0.07,-0.4,-1.8,86.4,86.4,0.0,0.01,-0.04,24.9,112,AUTO.LOITER,0,0
2026-08-17T17:21:48,1786962109,13.822803,100.511627,15.6,-0.06,-0.4,-1.8,86.4,86.4,0.0,0.01,-0.04,24.9,112,AUTO.LOITER,0,0
2026-08-17T17:21:49,1786962110,13.822804,100.511627,15.4,-0.06,-0.4,-1.8,86.4,86.4,0.0,0.01,-0.04,24.9,112,AUTO.LOITER,0,0
2026-08-17T17:21:50,1786962111,13.822803,100.511627,15.4,-0.06,-0.4,-1.8,86.4,86.4,0.0,0.01,-0.04,24.9,112,AUTO.LOITER,0,0
2026-08-17T17:21:51,1786962112,13.822803,100.511627,15.6,-0.07,-0.4,-1.8,86.4,86.4,0.0,0.01,-0.04,24.9,112,AUTO.LOITER,0,0
2026-08-17T17:21:52,1786962113,13.822803,100.511627,15.4,-0.07,-0.4,-1.8,86.4,86.4,0.0,0.01,-0.04,24.9,112,AUTO.LOITER,0,0
2026-08-17T17:21:53,1786962114,13.822803,100.511627,15.6,-0.07,-0.3,-1.7,86.4,86.4,0.01,0.01,-0.03,24.9,112,AUTO.LOITER,0,0
2026-08-17T17:21:54,1786962115,13.822803,100.511627,15.6,-0.08,-0.4,-1.7,86.4,86.4,0.01,0.01,-0.02,24.9,112,AUTO.LOITER,0,0
2026-08-17T17:21:55,1786962116,13.822803,100.511627,15.6,-0.09,-0.3,-1.7,86.4,86.4,0.0,0.0,-0.01,24.9,112,AUTO.LOITER,0,0
2026-08-17T17:21:56,1786962117,13.822803,100.511627,15.6,-0.09,-0.4,-1.7,86.4,86.4,-0.01,0.0,-0.01,24.9,112,AUTO.LOITER,0,0
2026-08-17T17:21:57,1786962118,13.822803,100.511627,15.6,-0.09,-0.4,-1.7,86.4,86.4,-0.02,0.0,-0.01,24.9,112,AUTO.LOITER,0,0
2026-08-17T17:21:58,1786962119,13.822803,100.511627,15.6,-0.09,-0.4,-1.7,86.4,86.4,-0.02,-0.01,-0.02,24.9,112,AUTO.LOITER,0,0
2026-08-17T17:21:59,1786962120,13.822803,100.511627,15.6,-0.08,-0.4,-1.7,86.4,86.4,-0.02,0.0,-0.02,24.9,112,AUTO.LOITER,0,0
2026-08-17T17:22:00,1786962121,13.822803,100.511627,15.6,-0.07,-0.4,-1.7,86.4,86.4,0.0,-0.01,-0.03,24.9,112,AUTO.LOITER,0,0
2026-08-17T17:22:01,1786962122,13.822803,100.511626,15.6,-0.06,-0.4,-1.7,86.5,86.5,0.0,-0.02,-0.04,24.9,112,AUTO.LOITER,0,0
2026-08-17T17:22:02,1786962123,13.822803,100.511626,15.6,-0.05,-0.4,-1.7,86.5,86.5,0.01,-0.01,-0.06,24.9,112,AUTO.LOITER,0,0
2026-08-17T17:22:03,1786962124,13.822803,100.511626,15.7,-0.04,-0.4,-1.7,86.5,86.5,0.01,-0.01,-0.07,24.9,112,AUTO.LOITER,0,0
2026-08-17T17:22:04,1786962125,13.822803,100.511627,15.4,-0.04,-0.4,-1.7,86.5,86.5,0.01,-0.01,-0.07,24.9,112,AUTO.LOITER,0,0
2026-08-17T17:22:05,1786962126,13.822803,100.511627,15.7,-0.04,-0.4,-1.7,86.5,86.5,0.02,0.01,-0.07,24.9,112,AUTO.LOITER,0,0
2026-08-17T17:22:06,1786962127,13.822803,100.511627,15.7,-0.04,-0.4,-1.7,86.5,86.5,0.03,0.01,-0.08,24.9,112,AUTO.LOITER,0,0
2026-08-17T17:22:07,1786962128,13.822803,100.511627,15.7,-0.04,-0.4,-1.7,86.5,86.5,0.03,0.01,-0.07,24.9,112,AUTO.LOITER,0,0
2026-08-17T17:22:08,1786962129,13.822803,100.511627,15.7,-0.04,-0.3,-1.7,86.5,86.5,0.02,0.02,-0.07,24.9,112,AUTO.LOITER,0,0
2026-08-17T17:22:09,1786962130,13.822803,100.511627,15.7,-0.04,-0.3,-1.7,86.5,86.5,0.02,0.02,-0.07,24.9,112,AUTO.LOITER,0,0
2026-08-17T17:22:10,1786962131,13.822803,100.511626,15.4,-0.04,-0.3,-1.6,86.5,86.5,0.02,0.02,-0.07,24.9,112,AUTO.LOITER,0,0
2026-08-17T17:22:11,1786962132,13.822803,100.511627,15.4,-0.04,-0.3,-1.6,86.5,86.5,0.0,0.01,-0.08,24.9,112,AUTO.LOITER,0,0
2026-08-17T17:22:12,1786962133,13.822803,100.511627,15.4,-0.03,-0.3,-1.6,86.5,86.5,0.0,0.0,-0.08,24.9,112,AUTO.LOITER,0,0
2026-08-17T17:22:13,1786962134,13.822803,100.511627,15.4,-0.03,-0.3,-1.6,86.5,86.5,0.0,0.0,-0.08,24.9,112,AUTO.LOITER,0,0
2026-08-17T17:22:14,1786962135,13.822803,100.511627,15.4,-0.03,-0.3,-1.6,86.5,86.5,0.0,0.0,-0.08,24.9,112,AUTO.LOITER,0,0
2026-08-17T17:22:15,1786962136,13.822803,100.511627,15.4,-0.03,-0.2,-1.6,86.5,86.5,0.0,0.0,-0.08,24.9,112,AUTO.LOITER,0,0
2026-08-17T17:22:16,1786962137,13.822803,100.511627,15.7,-0.01,-0.2,-1.6,86.5,86.5,0.0,-0.02,-0.1,24.9,112,AUTO.LOITER,0,0
2026-08-17T17:22:17,1786962138,13.822803,100.511627,15.7,-0.01,-0.2,-1.6,86.5,86.5,0.0,-0.02,-0.1,24.9,112,AUTO.LOITER,0,0
2026-08-17T17:22:18,1786962139,13.822803,100.511627,15.7,-0.02,-0.2,-1.7,86.5,86.5,0.0,0.0,-0.1,24.9,112,AUTO.LOITER,0,0
2026-08-17T17:22:19,1786962140,13.822803,100.511627,15.7,-0.02,-0.2,-1.7,86.5,86.5,0.0,0.0,-0.08,24.9,112,AUTO.LOITER,0,0
2026-08-17T17:22:20,1786962141,13.822803,100.511627,15.7,-0.03,-0.2,-1.7,86.5,86.5,-0.01,-0.01,-0.07,24.9,112,AUTO.LOITER,0,0
2026-08-17T17:22:21,1786962142,13.822803,100.511627,15.7,-0.04,-0.2,-1.7,86.5,86.5,-0.01,0.0,-0.06,24.9,112,AUTO.LOITER,0,0
2026-08-17T17:22:22,1786962143,13.822803,100.511627,15.6,-0.06,-0.2,-1.7,86.5,86.5,-0.01,0.0,-0.05,24.9,112,AUTO.LOITER,0,0
2026-08-17T17:22:23,1786962144,13.822804,100.511627,15.4,-0.06,-0.1,-1.7,86.5,86.5,-0.01,0.0,-0.05,24.9,112,AUTO.LOITER,0,0
2026-08-17T17:22:24,1786962145,13.822803,100.511627,15.6,-0.06,-0.1,-1.7,86.5,86.5,-0.01,0.01,-0.05,24.9,112,AUTO.LOITER,0,0
2026-08-17T17:22:25,1786962146,13.822803,100.511627,15.6,-0.06,-0.1,-1.7,86.5,86.5,-0.02,0.01,-0.05,24.9,112,AUTO.LOITER,0,0
2026-08-17T17:22:26,1786962147,13.822803,100.511627,15.6,-0.06,-0.1,-1.7,86.5,86.5,-0.02,0.01,-0.05,24.9,112,AUTO.LOITER,0,0
2026-08-17T17:22:27,1786962148,13.822803,100.511627,15.6,-0.05,-0.1,-1.8,86.5,86.5,-0.01,0.01,-0.05,24.9,112,AUTO.LOITER,0,0
2026-08-17T17:22:28,1786962149,13.822803,100.511627,15.6,-0.05,-0.2,-1.7,86.5,86.5,-0.02,0.01,-0.05,24.9,112,AUTO.LOITER,0,0
2026-08-17T17:22:29,1786962150,13.822803,100.511627,15.6,-0.06,-0.2,-1.8,86.5,86.5,-0.01,0.0,-0.05,24.9,112,AUTO.LOITER,0,0
2026-08-17T17:22:30,1786962151,13.822803,100.511627,15.6,-0.06,-0.2,-1.8,86.5,86.5,-0.01,0.0,-0.05,24.9,112,AUTO.LOITER,0,0
2026-08-17T17:22:31,1786962152,13.822803,100.511627,15.6,-0.06,-0.2,-1.8,86.5,86.5,-0.02,0.01,-0.05,24.9,112,AUTO.LOITER,0,0
2026-08-17T17:22:32,1786962153,13.822803,100.511627,15.6,-0.06,-0.2,-1.7,86.5,86.5,-0.02,0.01,-0.05,24.9,112,AUTO.LOITER,0,0
2026-08-17T17:22:33,1786962154,13.822803,100.511627,15.6,-0.06,-0.2,-1.7,86.5,86.5,0.0,0.02,-0.05,24.9,112,AUTO.LOITER,0,0
2026-08-17T17:22:34,1786962155,13.822803,100.511627,15.6,-0.06,-0.2,-1.7,86.5,86.5,0.0,0.01,-0.04,24.9,112,AUTO.LOITER,0,0
2026-08-17T17:22:35,1786962156,13.822803,100.511627,15.6,-0.06,-0.2,-1.6,86.5,86.5,0.0,0.0,-0.03,24.9,112,AUTO.LOITER,0,0
2026-08-17T17:22:36,1786962157,13.822803,100.511627,15.6,-0.08,-0.2,-1.6,86.5,86.5,-0.01,0.0,-0.02,24.9,112,AUTO.LOITER,0,0
2026-08-17T17:22:37,1786962158,13.822803,100.511627,15.6,-0.08,-0.2,-1.6,86.6,86.6,-0.01,0.0,-0.02,24.9,112,AUTO.LOITER,0,0
2026-08-17T17:22:38,1786962159,13.822803,100.511627,15.6,-0.08,-0.2,-1.6,86.6,86.6,0.0,0.0,-0.02,24.9,112,AUTO.LOITER,0,0
2026-08-17T17:22:39,1786962160,13.822803,100.511627,15.6,-0.07,-0.2,-1.6,86.6,86.6,0.0,-0.01,-0.03,24.9,112,AUTO.LOITER,0,0
2026-08-17T17:22:40,1786962161,13.822803,100.511627,15.6,-0.07,-0.2,-1.6,86.6,86.6,0.0,-0.01,-0.03,24.9,112,AUTO.LOITER,0,0
2026-08-17T17:22:41,1786962162,13.822803,100.511627,15.6,-0.06,-0.2,-1.6,86.6,86.6,0.01,-0.02,-0.04,24.9,112,AUTO.LOITER,0,0
2026-08-17T17:22:42,1786962163,13.822803,100.511627,15.6,-0.07,-0.2,-1.7,86.6,86.6,0.0,-0.02,-0.03,24.9,112,AUTO.LOITER,0,0
2026-08-17T17:22:43,1786962164,13.822803,100.511627,15.6,-0.07,-0.1,-1.7,86.6,86.6,0.0,0.0,-0.03,24.9,112,AUTO.LOITER,0,0
2026-08-17T17:22:44,1786962165,13.822803,100.511627,15.6,-0.07,-0.1,-1.7,86.6,86.6,-0.01,0.0,-0.04,24.9,112,AUTO.LOITER,0,0
2026-08-17T17:22:45,1786962166,13.822803,100.511627,15.6,-0.07,-0.1,-1.6,86.6,86.6,-0.02,-0.01,-0.03,24.9,112,AUTO.LOITER,0,0
2026-08-17T17:22:46,1786962167,13.822803,100.511627,15.6,-0.07,-0.1,-1.7,86.6,86.6,-0.02,-0.01,-0.03,24.9,112,AUTO.LOITER,0,0
2026-08-17T17:22:47,1786962168,13.822803,100.511626,15.6,-0.07,-0.1,-1.6,86.6,86.6,-0.01,-0.02,-0.04,24.9,112,AUTO.LOITER,0,0
2026-08-17T17:22:48,1786962169,13.822803,100.511626,15.6,-0.07,-0.1,-1.6,86.6,86.6,-0.01,-0.02,-0.03,24.9,112,AUTO.LOITER,0,0
2026-08-17T17:22:49,1786962170,13.822803,100.511626,15.6,-0.07,-0.2,-1.7,86.6,86.6,0.0,-0.02,-0.02,24.9,112,AUTO.LOITER,0,0
2026-08-17T17:22:50,1786962171,13.822803,100.511627,15.6,-0.08,-0.2,-1.7,86.6,86.6,0.0,0.0,-0.01,24.9,112,AUTO.LOITER,0,0
2026-08-17T17:22:51,1786962172,13.822803,100.511627,15.6,-0.09,-0.2,-1.7,86.6,86.6,0.0,0.0,0.0,24.9,112,AUTO.LOITER,0,0
2026-08-17T17:22:52,1786962173,13.822803,100.511627,15.6,-0.1,-0.2,-1.7,86.6,86.6,-0.02,0.0,0.0,24.9,112,AUTO.LOITER,0,0
2026-08-17T17:22:53,1786962174,13.822803,100.511626,15.6,-0.11,-0.2,-1.7,86.6,86.6,-0.04,-0.02,0.01,24.9,112,AUTO.LOITER,0,0
2026-08-17T17:22:54,1786962175,13.822804,100.511627,15.4,-0.11,-0.2,-1.7,86.6,86.6,-0.04,-0.02,0.01,24.9,112,AUTO.LOITER,0,0
2026-08-17T17:22:55,1786962176,13.822804,100.511627,15.4,-0.11,-0.2,-1.7,86.6,86.6,-0.04,-0.02,0.01,24.9,112,AUTO.LOITER,0,0
2026-08-17T17:22:56,1786962177,13.822803,100.511627,15.4,-0.11,-0.3,-1.7,86.6,86.6,-0.04,-0.02,0.01,24.9,112,AUTO.LOITER,0,0
2026-08-17T17:22:57,1786962178,13.822803,100.511627,15.4,-0.11,-0.4,-1.7,86.6,86.6,-0.03,0.0,0.01,24.9,112,AUTO.LOITER,0,0
2026-08-17T17:22:58,1786962179,13.822803,100.511627,15.5,-0.11,-0.4,-1.7,86.6,86.6,-0.02,0.0,0.01,24.9,112,AUTO.LOITER,0,0
2026-08-17T17:22:59,1786962180,13.822803,100.511627,15.6,-0.11,-0.4,-1.7,86.6,86.6,-0.01,0.0,0.01,24.9,112,AUTO.LOITER,0,0
2026-08-17T17:23:00,1786962181,13.822803,100.511626,15.6,-0.12,-0.4,-1.7,86.6,86.6,-0.01,-0.02,0.02,24.9,112,AUTO.LOITER,0,0
2026-08-17T17:23:01,1786962182,13.822803,100.511626,15.6,-0.12,-0.5,-1.8,86.6,86.6,0.0,-0.02,0.02,24.9,112,AUTO.LOITER,0,0
2026-08-17T17:23:02,1786962183,13.822803,100.511627,15.6,-0.12,-0.5,-1.8,86.6,86.6,0.0,-0.01,0.02,24.9,112,AUTO.LOITER,0,0
2026-08-17T17:23:03,1786962184,13.822803,100.511627,15.4,-0.12,-0.5,-1.8,86.6,86.6,0.0,-0.01,0.02,24.9,112,AUTO.LOITER,0,0
2026-08-17T17:23:04,1786962185,13.822803,100.511627,15.4,-0.12,-0.5,-1.8,86.6,86.6,0.0,-0.01,0.02,24.9,112,AUTO.LOITER,0,0
2026-08-17T17:23:05,1786962186,13.822803,100.511627,15.4,-0.12,-0.5,-1.8,86.6,86.6,0.0,-0.01,0.02,24.9,112,AUTO.LOITER,0,0
2026-08-17T17:23:06,1786962187,13.822803,100.511627,15.6,-0.12,-0.5,-1.8,86.6,86.6,-0.01,0.04,0.02,24.9,112,AUTO.LOITER,0,0
2026-08-17T17:23:07,1786962188,13.822803,100.511627,15.6,-0.12,-0.5,-1.7,86.6,86.6,-0.02,0.04,0.01,24.9,112,AUTO.LOITER,0,0
2026-08-17T17:23:08,1786962189,13.822803,100.511627,15.6,-0.11,-0.5,-1.7,86.6,86.6,-0.01,0.02,0.01,24.9,112,AUTO.LOITER,0,0
2026-08-17T17:23:09,1786962190,13.822803,100.511627,15.6,-0.12,-0.6,-1.7,86.6,86.6,0.0,0.02,0.02,24.9,112,AUTO.LOITER,0,0
2026-08-17T17:23:10,1786962191,13.822803,100.511627,15.6,-0.11,-0.6,-1.6,86.5,86.5,0.01,0.02,0.01,24.9,112,AUTO.LOITER,0,0
2026-08-17T17:23:11,1786962192,13.822803,100.511627,15.6,-0.11,-0.6,-1.6,86.5,86.5,0.02,0.02,0.0,24.9,112,AUTO.LOITER,0,0
2026-08-17T17:23:12,1786962193,13.822803,100.511627,15.6,-0.11,-0.6,-1.6,86.5,86.5,0.02,0.02,0.0,24.9,112,AUTO.LOITER,0,0
2026-08-17T17:23:13,1786962194,13.822803,100.511627,15.6,-0.1,-0.6,-1.6,86.5,86.5,0.02,0.0,0.0,24.9,112,AUTO.LOITER,0,0
2026-08-17T17:23:14,1786962195,13.822803,100.511627,15.6,-0.1,-0.6,-1.5,86.5,86.5,0.03,0.0,0.0,24.9,112,AUTO.LOITER,0,0
2026-08-17T17:23:15,1786962196,13.822803,100.511627,15.4,-0.1,-0.6,-1.5,86.4,86.4,0.03,0.0,0.0,24.9,112,AUTO.LOITER,0,0
2026-08-17T17:23:16,1786962197,13.822803,100.511627,15.4,-0.1,-0.6,-1.5,86.4,86.4,0.03,-0.01,0.0,24.9,112,AUTO.LOITER,0,0
2026-08-17T17:23:17,1786962198,13.822803,100.511626,15.6,-0.11,-0.5,-1.5,86.4,86.4,0.02,-0.01,0.01,24.9,112,AUTO.LOITER,0,0
2026-08-17T17:23:18,1786962199,13.822803,100.511627,15.6,-0.12,-0.5,-1.5,86.4,86.4,0.02,-0.01,0.02,24.9,112,AUTO.LOITER,0,0
2026-08-17T17:23:19,1786962200,13.822803,100.511627,15.6,-0.12,-0.5,-1.5,86.4,86.4,0.02,-0.01,0.02,24.9,112,AUTO.LOITER,0,0
2026-08-17T17:23:20,1786962201,13.822803,100.511627,15.4,-0.12,-0.5,-1.5,86.4,86.4,0.02,-0.01,0.02,24.9,112,AUTO.LOITER,0,0
2026-08-17T17:23:21,1786962202,13.822803,100.511627,15.4,-0.12,-0.5,-1.5,86.4,86.4,0.02,-0.01,0.02,24.9,112,AUTO.LOITER,0,0
2026-08-17T17:23:22,1786962203,13.822803,100.511626,15.6,-0.11,-0.4,-1.5,86.4,86.4,0.02,-0.02,0.01,24.9,112,AUTO.LOITER,0,0
2026-08-17T17:23:23,1786962204,13.822803,100.511627,15.6,-0.11,-0.4,-1.6,86.4,86.4,0.02,0.0,0.0,24.9,112,AUTO.LOITER,0,0
2026-08-17T17:23:24,1786962205,13.822803,100.511627,15.6,-0.1,-0.3,-1.6,86.4,86.4,0.02,0.0,0.0,24.9,112,AUTO.LOITER,0,0
2026-08-17T17:23:25,1786962206,13.822803,100.511627,15.6,-0.1,-0.3,-1.6,86.4,86.4,0.01,0.0,0.0,24.9,112,AUTO.LOITER,0,0
2026-08-17T17:23:26,1786962207,13.822803,100.511627,15.6,-0.1,-0.3,-1.5,86.4,86.4,0.0,0.0,0.0,24.9,112,AUTO.LOITER,0,0
2026-08-17T17:23:27,1786962208,13.822803,100.511627,15.6,-0.1,-0.3,-1.6,86.4,86.4,0.0,0.0,0.0,24.9,112,AUTO.LOITER,0,0
2026-08-17T17:23:28,1786962209,13.822803,100.511627,15.4,-0.1,-0.2,-1.6,86.4,86.4,0.0,0.0,0.0,24.9,112,AUTO.LOITER,0,0
2026-08-17T17:23:29,1786962210,13.822803,100.511627,15.4,-0.1,-0.2,-1.5,86.4,86.4,0.0,0.01,0.0,24.9,112,AUTO.LOITER,0,0
2026-08-17T17:23:30,1786962211,13.822803,100.511626,15.4,-0.1,-0.2,-1.5,86.5,86.5,0.01,0.0,0.0,24.9,112,AUTO.LOITER,0,0
2026-08-17T17:23:31,1786962212,13.822803,100.511627,15.6,-0.1,-0.2,-1.5,86.5,86.5,0.0,0.0,0.0,24.9,112,AUTO.LOITER,0,0
2026-08-17T17:23:32,1786962213,13.822803,100.511627,15.6,-0.1,-0.2,-1.5,86.5,86.5,0.0,0.0,0.0,24.9,112,AUTO.LOITER,0,0
2026-08-17T17:23:33,1786962214,13.822803,100.511627,15.6,-0.09,-0.2,-1.5,86.5,86.5,0.0,0.02,0.0,24.9,112,AUTO.LOITER,0,0
2026-08-17T17:23:34,1786962215,13.822803,100.511627,15.6,-0.1,-0.2,-1.5,86.5,86.5,-0.01,0.02,0.0,24.9,112,AUTO.LOITER,0,0
2026-08-17T17:23:35,1786962216,13.822803,100.511627,15.4,-0.1,-0.2,-1.5,86.5,86.5,-0.01,0.02,0.0,24.9,112,AUTO.LOITER,0,0
2026-08-17T17:23:36,1786962217,13.822803,100.511627,15.6,-0.11,-0.2,-1.4,86.5,86.5,0.0,0.0,0.02,24.9,112,AUTO.LOITER,0,0
2026-08-17T17:23:37,1786962218,13.822803,100.511627,15.6,-0.12,-0.2,-1.4,86.5,86.5,0.0,0.0,0.03,24.9,112,AUTO.LOITER,0,0
2026-08-17T17:23:38,1786962219,13.822803,100.511627,15.6,-0.13,-0.2,-1.4,86.5,86.5,0.0,-0.02,0.03,24.9,112,AUTO.LOITER,0,0
2026-08-17T17:23:39,1786962220,13.822803,100.511627,15.6,-0.12,-0.2,-1.4,86.5,86.5,0.0,-0.03,0.02,24.9,112,AUTO.LOITER,0,0
2026-08-17T17:23:40,1786962221,13.822803,100.511626,15.6,-0.11,-0.2,-1.4,86.5,86.5,0.0,-0.04,0.01,24.9,112,AUTO.LOITER,0,0
2026-08-17T17:23:41,1786962222,13.822803,100.511626,15.6,-0.1,-0.2,-1.4,86.6,86.6,0.0,-0.03,0.0,24.9,112,AUTO.LOITER,0,0
2026-08-17T17:23:42,1786962223,13.822803,100.511627,15.4,-0.1,-0.2,-1.5,86.6,86.6,0.0,-0.03,0.0,24.9,112,AUTO.LOITER,0,0
2026-08-17T17:23:43,1786962224,13.822803,100.511627,15.6,-0.11,-0.2,-1.5,86.6,86.6,-0.01,0.0,0.01,24.9,112,AUTO.LOITER,0,0
2026-08-17T17:23:44,1786962225,13.822803,100.511627,15.6,-0.12,-0.1,-1.5,86.6,86.6,0.0,0.0,0.02,24.9,112,AUTO.LOITER,0,0
2026-08-17T17:23:45,1786962226,13.822803,100.511627,15.6,-0.13,-0.1,-1.5,86.6,86.6,0.0,0.0,0.04,24.9,112,AUTO.LOITER,0,0
2026-08-17T17:23:46,1786962227,13.822803,100.511627,15.6,-0.14,-0.1,-1.4,86.6,86.6,0.02,0.0,0.06,24.9,112,AUTO.LOITER,0,0
2026-08-17T17:23:47,1786962228,13.822804,100.511627,15.5,-0.15,-0.1,-1.4,86.6,86.6,0.02,0.0,0.07,24.9,112,AUTO.LOITER,0,0
2026-08-17T17:23:48,1786962229,13.822803,100.511627,15.5,-0.16,-0.0,-1.4,86.6,86.6,0.01,0.0,0.08,24.9,112,AUTO.LOITER,0,0
2026-08-17T17:23:49,1786962230,13.822803,100.511627,15.5,-0.17,-0.0,-1.4,86.6,86.6,0.0,0.0,0.07,24.9,112,AUTO.LOITER,0,0
2026-08-17T17:23:50,1786962231,13.822803,100.511627,15.5,-0.16,-0.0,-1.4,86.7,86.7,-0.01,0.01,0.07,24.9,112,AUTO.LOITER,0,0
2026-08-17T17:23:51,1786962232,13.822803,100.511627,15.6,-0.15,-0.0,-1.4,86.7,86.7,-0.02,0.02,0.06,24.9,112,AUTO.LOITER,0,0
2026-08-17T17:23:52,1786962233,13.822803,100.511627,15.4,-0.15,0.0,-1.4,86.7,86.7,-0.02,0.02,0.06,24.9,112,AUTO.LOITER,0,0
2026-08-17T17:23:53,1786962234,13.822803,100.511627,15.4,-0.15,0.0,-1.3,86.7,86.7,-0.02,0.01,0.05,24.9,112,AUTO.LOITER,0,0
2026-08-17T17:23:54,1786962235,13.822803,100.511626,15.5,-0.14,-0.0,-1.3,86.7,86.7,-0.03,-0.01,0.04,24.9,112,AUTO.LOITER,0,0
2026-08-17T17:23:55,1786962236,13.822803,100.511627,15.6,-0.13,-0.0,-1.3,86.7,86.7,-0.03,-0.01,0.03,24.9,112,AUTO.LOITER,0,0
2026-08-17T17:23:56,1786962237,13.822803,100.511627,15.6,-0.13,-0.1,-1.4,86.7,86.7,-0.03,-0.01,0.03,24.9,112,AUTO.LOITER,0,0
2026-08-17T17:23:57,1786962238,13.822803,100.511627,15.6,-0.12,-0.1,-1.4,86.7,86.7,-0.02,0.0,0.02,24.9,112,AUTO.LOITER,0,0
2026-08-17T17:23:58,1786962239,13.822803,100.511627,15.6,-0.12,-0.1,-1.4,86.8,86.8,-0.01,-0.01,0.01,24.9,112,AUTO.LOITER,0,0
2026-08-17T17:23:59,1786962240,13.822803,100.511627,15.6,-0.11,-0.1,-1.4,86.8,86.8,0.0,0.0,0.01,24.9,112,AUTO.LOITER,0,0
2026-08-17T17:24:00,1786962241,13.822803,100.511627,15.6,-0.12,-0.1,-1.4,86.7,86.7,0.0,0.0,0.02,24.9,112,AUTO.LOITER,0,0
2026-08-17T17:24:01,1786962242,13.822803,100.511627,15.6,-0.12,-0.1,-1.3,86.7,86.7,0.0,0.0,0.03,24.9,112,AUTO.LOITER,0,0
2026-08-17T17:24:02,1786962243,13.822803,100.511627,15.6,-0.12,-0.1,-1.3,86.7,86.7,0.0,0.0,0.03,24.9,112,AUTO.LOITER,0,0
2026-08-17T17:24:03,1786962244,13.822803,100.511626,15.6,-0.13,-0.1,-1.3,86.7,86.7,0.0,0.0,0.03,24.9,112,AUTO.LOITER,0,0
2026-08-17T17:24:04,1786962245,13.822803,100.511627,15.6,-0.12,-0.1,-1.3,86.7,86.7,0.01,0.0,0.02,24.9,112,AUTO.LOITER,0,0
2026-08-17T17:24:05,1786962246,13.822803,100.511627,15.6,-0.11,-0.0,-1.3,86.7,86.7,0.01,0.0,0.01,24.9,112,AUTO.LOITER,0,0
2026-08-17T17:24:06,1786962247,13.822803,100.511627,15.6,-0.1,0.0,-1.2,86.7,86.7,0.0,0.0,0.0,24.9,112,AUTO.LOITER,0,0
2026-08-17T17:24:07,1786962248,13.822803,100.511627,15.6,-0.09,0.0,-1.2,86.7,86.7,-0.02,0.0,-0.01,24.9,112,AUTO.LOITER,0,0
2026-08-17T17:24:08,1786962249,13.822803,100.511627,15.6,-0.08,0.0,-1.2,86.7,86.7,-0.02,0.0,-0.02,24.9,112,AUTO.LOITER,0,0
2026-08-17T17:24:09,1786962250,13.822803,100.511627,15.6,-0.08,-0.0,-1.2,86.7,86.7,-0.02,0.0,-0.02,24.9,112,AUTO.LOITER,0,0
2026-08-17T17:24:10,1786962251,13.822803,100.511627,15.6,-0.08,-0.0,-1.2,86.7,86.7,-0.02,0.0,-0.02,24.9,112,AUTO.LOITER,0,0
2026-08-17T17:24:11,1786962252,13.822803,100.511626,15.6,-0.08,-0.0,-1.2,86.8,86.8,-0.02,-0.03,-0.01,24.9,112,AUTO.LOITER,0,0
2026-08-17T17:24:12,1786962253,13.822803,100.511626,15.6,-0.08,-0.1,-1.2,86.8,86.8,-0.01,-0.03,-0.01,24.9,112,AUTO.LOITER,0,0
2026-08-17T17:24:13,1786962254,13.822803,100.511627,15.6,-0.08,-0.1,-1.3,86.8,86.8,0.0,-0.01,-0.02,24.9,112,AUTO.LOITER,0,0
2026-08-17T17:24:14,1786962255,13.822803,100.511627,15.6,-0.07,-0.1,-1.3,86.8,86.8,0.0,-0.01,-0.04,24.9,112,AUTO.LOITER,0,0
2026-08-17T17:24:15,1786962256,13.822803,100.511627,15.6,-0.06,-0.1,-1.3,86.8,86.8,0.0,-0.02,-0.04,24.9,112,AUTO.LOITER,0,0
2026-08-17T17:24:16,1786962257,13.822803,100.511627,15.6,-0.06,-0.1,-1.3,86.8,86.8,-0.01,-0.01,-0.05,24.9,112,AUTO.LOITER,0,0
2026-08-17T17:24:17,1786962258,13.822803,100.511627,15.7,-0.05,-0.1,-1.3,86.8,86.8,-0.02,0.0,-0.05,24.9,112,AUTO.LOITER,0,0
2026-08-17T17:24:18,1786962259,13.822803,100.511627,15.4,-0.05,-0.1,-1.4,86.8,86.8,-0.02,0.0,-0.05,24.9,112,AUTO.LOITER,0,0
2026-08-17T17:24:19,1786962260,13.822803,100.511627,15.5,-0.05,-0.1,-1.4,86.8,86.8,-0.01,-0.01,-0.05,24.9,112,AUTO.LOITER,0,0
2026-08-17T17:24:20,1786962261,13.822803,100.511627,15.4,-0.05,-0.1,-1.4,86.8,86.8,-0.01,-0.01,-0.05,24.9,112,AUTO.LOITER,0,0
2026-08-17T17:24:21,1786962262,13.822803,100.511627,15.4,-0.05,-0.1,-1.5,86.8,86.8,-0.02,-0.01,-0.05,24.9,112,AUTO.LOITER,0,0
2026-08-17T17:24:22,1786962263,13.822803,100.511627,15.6,-0.05,-0.1,-1.5,86.8,86.8,-0.02,0.0,-0.05,24.9,112,AUTO.LOITER,0,0
2026-08-17T17:24:23,1786962264,13.822803,100.511627,15.7,-0.05,-0.2,-1.5,86.8,86.8,-0.02,0.0,-0.06,24.9,112,AUTO.LOITER,0,0
2026-08-17T17:24:24,1786962265,13.822803,100.511627,15.7,-0.05,-0.2,-1.5,86.8,86.8,-0.01,0.0,-0.06,24.9,112,AUTO.LOITER,0,0
2026-08-17T17:24:25,1786962266,13.822803,100.511627,15.7,-0.05,-0.2,-1.5,86.8,86.8,-0.01,-0.01,-0.05,24.9,112,AUTO.LOITER,0,0
2026-08-17T17:24:26,1786962267,13.822803,100.511626,15.6,-0.06,-0.3,-1.5,86.8,86.8,-0.02,-0.02,-0.04,24.9,112,AUTO.LOITER,0,0
2026-08-17T17:24:27,1786962268,13.822803,100.511626,15.4,-0.06,-0.3,-1.5,86.8,86.8,-0.02,-0.02,-0.04,24.9,112,AUTO.LOITER,0,0
2026-08-17T17:24:28,1786962269,13.822803,100.511626,15.6,-0.07,-0.3,-1.6,86.8,86.8,0.0,-0.01,-0.03,24.9,112,AUTO.LOITER,0,0
2026-08-17T17:24:29,1786962270,13.822803,100.511627,15.6,-0.07,-0.3,-1.6,86.8,86.8,0.01,0.0,-0.03,24.9,112,AUTO.LOITER,0,0
2026-08-17T17:24:30,1786962271,13.822803,100.511627,15.6,-0.07,-0.3,-1.6,86.8,86.8,0.0,0.0,-0.03,24.9,112,AUTO.LOITER,0,0
2026-08-17T17:24:31,1786962272,13.822803,100.511627,15.6,-0.07,-0.3,-1.6,86.8,86.8,-0.01,0.0,-0.03,24.9,112,AUTO.LOITER,0,0
2026-08-17T17:24:32,1786962273,13.822803,100.511627,15.6,-0.07,-0.3,-1.6,86.8,86.8,-0.01,0.02,-0.02,24.9,112,AUTO.LOITER,0,0
2026-08-17T17:24:33,1786962274,13.822803,100.511627,15.6,-0.08,-0.3,-1.6,86.8,86.8,-0.01,0.01,-0.02,24.9,112,AUTO.LOITER,0,0
2026-08-17T17:24:34,1786962275,13.822803,100.511627,15.6,-0.08,-0.3,-1.6,86.8,86.8,0.0,0.01,-0.02,24.9,112,AUTO.LOITER,0,0
2026-08-17T17:24:35,1786962276,13.822803,100.511627,15.6,-0.08,-0.4,-1.5,86.8,86.8,-0.01,0.0,-0.02,24.9,112,AUTO.LOITER,0,0
2026-08-17T17:24:36,1786962277,13.822803,100.511627,15.6,-0.07,-0.4,-1.5,86.8,86.8,0.0,-0.01,-0.03,24.9,112,AUTO.LOITER,0,0
2026-08-17T17:24:37,1786962278,13.822803,100.511626,15.6,-0.07,-0.4,-1.6,86.8,86.8,0.0,-0.01,-0.04,24.9,112,AUTO.LOITER,0,0
2026-08-17T17:24:38,1786962279,13.822803,100.511627,15.6,-0.06,-0.5,-1.6,86.8,86.8,0.0,-0.01,-0.05,24.9,112,AUTO.LOITER,0,0
2026-08-17T17:24:39,1786962280,13.822803,100.511627,15.7,-0.05,-0.5,-1.6,86.8,86.8,0.0,0.0,-0.06,24.9,112,AUTO.LOITER,0,0
2026-08-17T17:24:40,1786962281,13.822803,100.511627,15.7,-0.05,-0.5,-1.6,86.8,86.8,0.0,0.0,-0.06,24.9,112,AUTO.LOITER,0,0
2026-08-17T17:24:41,1786962282,13.822803,100.511627,15.7,-0.04,-0.5,-1.6,86.8,86.8,0.0,0.0,-0.06,24.9,112,AUTO.LOITER,0,0
2026-08-17T17:24:42,1786962283,13.822803,100.511627,15.7,-0.04,-0.5,-1.6,86.8,86.8,0.01,0.0,-0.07,24.9,112,AUTO.LOITER,0,0
2026-08-17T17:24:43,1786962284,13.822803,100.511627,15.7,-0.04,-0.5,-1.6,86.8,86.8,0.01,0.0,-0.07,24.9,112,AUTO.LOITER,0,0
2026-08-17T17:24:44,1786962285,13.822803,100.511627,15.7,-0.04,-0.5,-1.6,86.8,86.8,0.01,0.01,-0.06,24.9,112,AUTO.LOITER,0,0
2026-08-17T17:24:45,1786962286,13.822803,100.511627,15.7,-0.05,-0.4,-1.6,86.8,86.8,0.02,0.0,-0.05,24.9,112,AUTO.LOITER,0,0
2026-08-17T17:24:46,1786962287,13.822803,100.511626,15.6,-0.06,-0.4,-1.5,86.8,86.8,0.03,0.0,-0.05,24.9,112,AUTO.LOITER,0,0
2026-08-17T17:24:47,1786962288,13.822803,100.511627,15.6,-0.06,-0.4,-1.6,86.8,86.8,0.03,0.0,-0.05,24.9,112,AUTO.LOITER,0,0
2026-08-17T17:24:48,1786962289,13.822803,100.511627,15.6,-0.06,-0.4,-1.6,86.8,86.8,0.04,0.0,-0.06,24.9,112,AUTO.LOITER,0,0
2026-08-17T17:24:49,1786962290,13.822803,100.511627,15.7,-0.05,-0.3,-1.5,86.8,86.8,0.02,-0.01,-0.06,24.9,112,AUTO.LOITER,0,0
2026-08-17T17:24:50,1786962291,13.822803,100.511627,15.4,-0.05,-0.3,-1.5,86.7,86.7,0.02,-0.01,-0.06,24.9,112,AUTO.LOITER,0,0
2026-08-17T17:24:51,1786962292,13.822803,100.511627,15.4,-0.04,-0.3,-1.5,86.7,86.7,0.01,0.0,-0.06,24.9,112,AUTO.LOITER,0,0
2026-08-17T17:24:52,1786962293,13.822803,100.511626,15.4,-0.04,-0.3,-1.5,86.7,86.7,0.01,0.01,-0.06,24.9,112,AUTO.LOITER,0,0
2026-08-17T17:24:53,1786962294,13.822803,100.511627,15.7,-0.04,-0.2,-1.5,86.8,86.8,0.0,0.0,-0.06,24.9,112,AUTO.LOITER,0,0
2026-08-17T17:24:54,1786962295,13.822803,100.511627,15.7,-0.05,-0.3,-1.5,86.8,86.8,-0.01,0.0,-0.04,24.9,112,AUTO.LOITER,0,0
2026-08-17T17:24:55,1786962296,13.822803,100.511627,15.6,-0.07,-0.3,-1.5,86.8,86.8,-0.02,0.0,-0.03,24.9,112,AUTO.LOITER,0,0
2026-08-17T17:24:56,1786962297,13.822803,100.511627,15.6,-0.07,-0.3,-1.5,86.8,86.8,-0.03,0.0,-0.04,24.9,112,AUTO.LOITER,0,0
2026-08-17T17:24:57,1786962298,13.822803,100.511627,15.6,-0.06,-0.3,-1.5,86.8,86.8,-0.02,0.0,-0.05,24.9,112,AUTO.LOITER,0,0
2026-08-17T17:24:58,1786962299,13.822803,100.511627,15.6,-0.05,-0.4,-1.5,86.8,86.8,0.0,0.0,-0.05,24.9,112,AUTO.LOITER,0,0
2026-08-17T17:24:59,1786962300,13.822803,100.511627,15.7,-0.05,-0.4,-1.5,86.8,86.8,0.0,0.0,-0.06,24.9,112,AUTO.LOITER,0,0
2026-08-17T17:25:00,1786962301,13.822803,100.511627,15.7,-0.05,-0.4,-1.6,86.8,86.8,0.01,0.0,-0.05,24.9,112,AUTO.LOITER,0,0
2026-08-17T17:25:01,1786962302,13.822803,100.511627,15.6,-0.06,-0.4,-1.6,86.8,86.8,0.01,0.0,-0.04,24.9,112,AUTO.LOITER,0,0
2026-08-17T17:25:02,1786962303,13.822803,100.511627,15.6,-0.07,-0.3,-1.6,86.8,86.8,0.0,0.0,-0.02,24.9,112,AUTO.LOITER,0,0
2026-08-17T17:25:03,1786962304,13.822803,100.511627,15.6,-0.08,-0.3,-1.6,86.8,86.8,0.0,-0.01,-0.01,24.9,112,AUTO.LOITER,0,0
2026-08-17T17:25:04,1786962305,13.822803,100.511627,15.4,-0.08,-0.3,-1.6,86.8,86.8,0.0,-0.01,-0.01,24.9,112,AUTO.LOITER,0,0
2026-08-17T17:25:05,1786962306,13.822803,100.511626,15.6,-0.1,-0.4,-1.6,86.8,86.8,-0.01,-0.02,0.0,24.9,112,AUTO.LOITER,0,0
2026-08-17T17:25:06,1786962307,13.822803,100.511627,15.6,-0.1,-0.4,-1.7,86.8,86.8,-0.02,-0.01,0.0,24.9,112,AUTO.LOITER,0,0
2026-08-17T17:25:07,1786962308,13.822803,100.511627,15.6,-0.1,-0.4,-1.7,86.8,86.8,-0.03,0.0,0.0,24.9,112,AUTO.LOITER,0,0
2026-08-17T17:25:08,1786962309,13.822803,100.511626,15.6,-0.09,-0.5,-1.7,86.8,86.8,-0.03,-0.01,-0.01,24.9,112,AUTO.LOITER,0,0
2026-08-17T17:25:09,1786962310,13.822803,100.511626,15.6,-0.09,-0.5,-1.7,86.8,86.8,-0.01,0.0,-0.01,24.9,112,AUTO.LOITER,0,0
2026-08-17T17:25:10,1786962311,13.822803,100.511627,15.6,-0.09,-0.6,-1.7,86.8,86.8,0.0,0.0,-0.01,24.9,112,AUTO.LOITER,0,0
2026-08-17T17:25:11,1786962312,13.822803,100.511627,15.6,-0.09,-0.6,-1.7,86.8,86.8,0.01,0.0,-0.01,24.9,112,AUTO.LOITER,0,0
2026-08-17T17:25:12,1786962313,13.822803,100.511627,15.6,-0.08,-0.5,-1.7,86.8,86.8,0.0,0.0,-0.02,24.9,112,AUTO.LOITER,0,0
2026-08-17T17:25:13,1786962314,13.822803,100.511627,15.4,-0.08,-0.5,-1.7,86.8,86.8,0.0,0.0,-0.02,24.9,112,AUTO.LOITER,0,0
2026-08-17T17:25:14,1786962315,13.822803,100.511627,15.6,-0.08,-0.5,-1.7,86.8,86.8,0.0,-0.01,-0.02,24.9,112,AUTO.LOITER,0,0
2026-08-17T17:25:15,1786962316,13.822803,100.511627,15.4,-0.08,-0.6,-1.7,86.8,86.8,0.0,-0.01,-0.02,24.9,112,AUTO.LOITER,0,0
2026-08-17T17:25:16,1786962317,13.822803,100.511627,15.4,-0.08,-0.6,-1.7,86.8,86.8,0.0,-0.01,-0.02,24.9,112,AUTO.LOITER,0,0
2026-08-17T17:25:17,1786962318,13.822803,100.511627,15.3,-0.08,-0.5,-1.7,86.8,86.8,0.01,-0.01,-0.02,24.9,112,AUTO.LOITER,0,0
2026-08-17T17:25:18,1786962319,13.822803,100.511627,15.6,-0.08,-0.5,-1.7,86.8,86.8,0.01,0.0,-0.02,24.9,112,AUTO.LOITER,0,0
2026-08-17T17:25:19,1786962320,13.822803,100.511627,15.6,-0.08,-0.5,-1.7,86.8,86.8,0.03,0.01,-0.01,24.9,112,AUTO.LOITER,0,0
2026-08-17T17:25:20,1786962321,13.822803,100.511627,15.6,-0.08,-0.5,-1.7,86.8,86.8,0.03,0.01,-0.02,24.9,112,AUTO.LOITER,0,0
2026-08-17T17:25:21,1786962322,13.822803,100.511627,15.6,-0.08,-0.5,-1.7,86.8,86.8,0.02,0.0,-0.02,24.9,112,AUTO.LOITER,0,0
2026-08-17T17:25:22,1786962323,13.822803,100.511627,15.4,-0.08,-0.5,-1.7,86.8,86.8,0.02,0.0,-0.02,24.9,112,AUTO.LOITER,0,0
2026-08-17T17:25:23,1786962324,13.822803,100.511627,15.6,-0.07,-0.5,-1.7,86.8,86.8,0.02,0.01,-0.03,24.9,112,AUTO.LOITER,0,0
2026-08-17T17:25:24,1786962325,13.822803,100.511627,15.6,-0.07,-0.5,-1.7,86.8,86.8,0.02,0.02,-0.03,24.9,112,AUTO.LOITER,0,0
2026-08-17T17:25:25,1786962326,13.822803,100.511627,15.6,-0.07,-0.5,-1.7,86.8,86.8,0.02,0.02,-0.02,24.9,112,AUTO.LOITER,0,0
2026-08-17T17:25:26,1786962327,13.822803,100.511627,15.6,-0.08,-0.4,-1.7,86.8,86.8,0.01,0.01,-0.01,24.9,112,AUTO.LOITER,0,0
2026-08-17T17:25:27,1786962328,13.822803,100.511627,15.6,-0.09,-0.4,-1.7,86.8,86.8,0.0,0.0,0.0,24.9,112,AUTO.LOITER,0,0
2026-08-17T17:25:28,1786962329,13.822803,100.511627,15.6,-0.1,-0.4,-1.6,86.8,86.8,0.0,0.0,0.0,24.9,112,AUTO.LOITER,0,0
2026-08-17T17:25:29,1786962330,13.822803,100.511627,15.6,-0.11,-0.4,-1.6,86.8,86.8,0.0,0.01,0.0,24.9,112,AUTO.LOITER,0,0
2026-08-17T17:25:30,1786962331,13.822803,100.511627,15.6,-0.1,-0.4,-1.6,86.8,86.8,0.0,0.01,0.0,24.9,112,AUTO.LOITER,0,0
2026-08-17T17:25:31,1786962332,13.822803,100.511627,15.6,-0.1,-0.4,-1.6,86.8,86.8,0.0,0.0,0.0,24.9,112,AUTO.LOITER,0,0
2026-08-17T17:25:32,1786962333,13.822803,100.511627,15.6,-0.09,-0.4,-1.6,86.8,86.8,-0.01,0.0,-0.01,24.9,112,AUTO.LOITER,0,0
2026-08-17T17:25:33,1786962334,13.822803,100.511627,15.6,-0.08,-0.5,-1.5,86.8,86.8,-0.01,0.0,-0.02,24.9,112,AUTO.LOITER,0,0
2026-08-17T17:25:34,1786962335,13.822803,100.511627,15.6,-0.08,-0.5,-1.5,86.8,86.8,0.0,0.0,-0.01,24.9,112,AUTO.LOITER,0,0
2026-08-17T17:25:35,1786962336,13.822803,100.511627,15.6,-0.09,-0.5,-1.5,86.8,86.8,0.01,0.0,0.0,24.9,112,AUTO.LOITER,0,0
2026-08-17T17:25:36,1786962337,13.822803,100.511627,15.6,-0.09,-0.5,-1.5,86.8,86.8,0.01,0.0,0.0,24.9,112,AUTO.LOITER,0,0
2026-08-17T17:25:37,1786962338,13.822803,100.511627,15.6,-0.1,-0.5,-1.5,86.8,86.8,0.03,0.0,0.0,24.9,112,AUTO.LOITER,0,0
2026-08-17T17:25:38,1786962339,13.822803,100.511627,15.6,-0.1,-0.5,-1.5,86.8,86.8,0.03,0.0,0.0,24.9,112,AUTO.LOITER,0,0
2026-08-17T17:25:39,1786962340,13.822803,100.511627,15.6,-0.1,-0.4,-1.5,86.8,86.8,0.02,0.0,0.0,24.9,112,AUTO.LOITER,0,0
2026-08-17T17:25:40,1786962341,13.822803,100.511627,15.6,-0.1,-0.4,-1.5,86.8,86.8,0.02,0.0,0.0,24.9,112,AUTO.LOITER,0,0
2026-08-17T17:25:41,1786962342,13.822803,100.511627,15.6,-0.1,-0.4,-1.5,86.8,86.8,0.0,-0.01,0.0,24.9,112,AUTO.LOITER,0,0
2026-08-17T17:25:42,1786962343,13.822803,100.511627,15.6,-0.1,-0.3,-1.5,86.7,86.7,0.0,-0.01,0.0,24.9,112,AUTO.LOITER,0,0
2026-08-17T17:25:43,1786962344,13.822803,100.511627,15.4,-0.1,-0.3,-1.5,86.7,86.7,0.0,-0.01,0.0,24.9,112,AUTO.LOITER,0,0
2026-08-17T17:25:44,1786962345,13.822803,100.511627,15.4,-0.1,-0.3,-1.5,86.7,86.7,0.0,0.0,0.0,24.9,112,AUTO.LOITER,0,0
2026-08-17T17:25:45,1786962346,13.822803,100.511627,15.6,-0.1,-0.3,-1.5,86.7,86.7,0.0,-0.02,0.0,24.9,112,AUTO.LOITER,0,0
2026-08-17T17:25:46,1786962347,13.822803,100.511627,15.6,-0.1,-0.3,-1.5,86.7,86.7,0.0,-0.02,0.0,24.9,112,AUTO.LOITER,0,0
2026-08-17T17:25:47,1786962348,13.822803,100.511626,15.6,-0.09,-0.3,-1.6,86.7,86.7,0.0,-0.01,-0.01,24.9,112,AUTO.LOITER,0,0
2026-08-17T17:25:48,1786962349,13.822803,100.511626,15.6,-0.08,-0.3,-1.6,86.7,86.7,-0.01,0.0,-0.01,24.9,112,AUTO.LOITER,0,0
2026-08-17T17:25:49,1786962350,13.822803,100.511627,15.4,-0.08,-0.3,-1.6,86.7,86.7,-0.01,0.0,-0.01,24.9,112,AUTO.LOITER,0,0
2026-08-17T17:25:50,1786962351,13.822803,100.511627,15.6,-0.09,-0.3,-1.6,86.7,86.7,-0.01,0.0,-0.01,24.9,112,AUTO.LOITER,0,0
2026-08-17T17:25:51,1786962352,13.822803,100.511627,15.6,-0.09,-0.3,-1.6,86.7,86.7,0.0,0.0,-0.01,24.9,112,AUTO.LOITER,0,0
2026-08-17T17:25:52,1786962353,13.822803,100.511626,15.6,-0.08,-0.3,-1.6,86.7,86.7,0.0,-0.01,-0.02,24.9,112,AUTO.LOITER,0,0
2026-08-17T17:25:53,1786962354,13.822803,100.511626,15.6,-0.08,-0.3,-1.6,86.7,86.7,0.0,0.0,-0.02,24.9,112,AUTO.LOITER,0,0
2026-08-17T17:25:54,1786962355,13.822803,100.511627,15.6,-0.08,-0.3,-1.6,86.7,86.7,0.0,0.0,-0.02,24.9,112,AUTO.LOITER,0,0
2026-08-17T17:25:55,1786962356,13.822803,100.511627,15.6,-0.07,-0.3,-1.6,86.7,86.7,0.0,0.0,-0.02,24.9,112,AUTO.LOITER,0,0
2026-08-17T17:25:56,1786962357,13.822803,100.511627,15.6,-0.08,-0.3,-1.6,86.7,86.7,0.0,0.0,-0.02,24.9,112,AUTO.LOITER,0,0
2026-08-17T17:25:57,1786962358,13.822803,100.511626,15.5,-0.08,-0.3,-1.6,86.7,86.7,0.0,0.0,-0.02,24.9,112,AUTO.LOITER,0,0
2026-08-17T17:25:58,1786962359,13.822803,100.511626,15.5,-0.08,-0.3,-1.6,86.7,86.7,0.0,0.0,-0.02,24.9,112,AUTO.LOITER,0,0
2026-08-17T17:25:59,1786962360,13.822803,100.511627,15.6,-0.06,-0.3,-1.6,86.7,86.7,0.01,0.0,-0.05,24.9,112,AUTO.LOITER,0,0
2026-08-17T17:26:00,1786962361,13.822803,100.511627,15.4,-0.06,-0.3,-1.6,86.7,86.7,0.01,0.0,-0.05,24.9,112,AUTO.LOITER,0,0
2026-08-17T17:26:01,1786962362,13.822803,100.511627,15.4,-0.06,-0.3,-1.5,86.7,86.7,0.01,0.0,-0.05,24.9,112,AUTO.LOITER,0,0
2026-08-17T17:26:02,1786962363,13.822803,100.511627,15.6,-0.06,-0.2,-1.5,86.7,86.7,0.0,0.0,-0.04,24.9,112,AUTO.LOITER,0,0
2026-08-17T17:26:03,1786962364,13.822803,100.511627,15.6,-0.06,-0.2,-1.5,86.7,86.7,0.0,0.0,-0.04,24.9,112,AUTO.LOITER,0,0
2026-08-17T17:26:04,1786962365,13.822803,100.511626,15.6,-0.06,-0.2,-1.5,86.7,86.7,0.0,-0.01,-0.04,24.9,112,AUTO.LOITER,0,0
2026-08-17T17:26:05,1786962366,13.822803,100.511626,15.6,-0.06,-0.2,-1.5,86.7,86.7,0.0,-0.01,-0.04,24.9,112,AUTO.LOITER,0,0
2026-08-17T17:26:06,1786962367,13.822803,100.511626,15.6,-0.06,-0.2,-1.5,86.7,86.7,0.0,0.0,-0.04,24.9,112,AUTO.LOITER,0,0
2026-08-17T17:26:07,1786962368,13.822803,100.511627,15.6,-0.06,-0.2,-1.5,86.7,86.7,-0.01,0.0,-0.05,24.9,112,AUTO.LOITER,0,0
2026-08-17T17:26:08,1786962369,13.822803,100.511627,15.6,-0.05,-0.2,-1.5,86.7,86.7,-0.01,0.0,-0.05,24.9,112,AUTO.LOITER,0,0
2026-08-17T17:26:09,1786962370,13.822803,100.511627,15.7,-0.05,-0.2,-1.5,86.7,86.7,-0.02,0.01,-0.06,24.9,112,AUTO.LOITER,0,0
2026-08-17T17:26:10,1786962371,13.822803,100.511627,15.7,-0.05,-0.2,-1.5,86.7,86.7,-0.01,0.01,-0.06,24.9,112,AUTO.LOITER,0,0
2026-08-17T17:26:11,1786962372,13.822803,100.511627,15.7,-0.05,-0.2,-1.5,86.7,86.7,0.0,0.01,-0.05,24.9,112,AUTO.LOITER,0,0
2026-08-17T17:26:12,1786962373,13.822803,100.511627,15.7,-0.05,-0.3,-1.5,86.7,86.7,0.0,0.01,-0.05,24.9,112,AUTO.LOITER,0,0
2026-08-17T17:26:13,1786962374,13.822803,100.511627,15.7,-0.05,-0.3,-1.4,86.7,86.7,0.0,0.02,-0.05,24.9,112,AUTO.LOITER,0,0
2026-08-17T17:26:14,1786962375,13.822803,100.511627,15.4,-0.05,-0.3,-1.4,86.7,86.7,0.0,0.02,-0.05,24.9,112,AUTO.LOITER,0,0
2026-08-17T17:26:15,1786962376,13.822803,100.511627,15.4,-0.05,-0.3,-1.4,86.7,86.7,-0.01,0.02,-0.05,24.9,112,AUTO.LOITER,0,0
2026-08-17T17:26:16,1786962377,13.822803,100.511627,15.4,-0.06,-0.3,-1.3,86.7,86.7,0.0,0.03,-0.04,24.9,112,AUTO.LOITER,0,0
2026-08-17T17:26:17,1786962378,13.822803,100.511627,15.4,-0.07,-0.3,-1.3,86.7,86.7,0.0,0.02,-0.03,24.9,112,AUTO.LOITER,0,0
2026-08-17T17:26:18,1786962379,13.822803,100.511627,15.4,-0.07,-0.3,-1.3,86.6,86.6,0.0,0.01,-0.03,24.9,112,AUTO.LOITER,0,0
2026-08-17T17:26:19,1786962380,13.822803,100.511627,15.6,-0.07,-0.3,-1.2,86.6,86.6,0.01,0.0,-0.03,24.9,112,AUTO.LOITER,0,0
2026-08-17T17:26:20,1786962381,13.822803,100.511627,15.6,-0.08,-0.3,-1.2,86.6,86.6,0.01,0.0,-0.02,24.9,112,AUTO.LOITER,0,0
2026-08-17T17:26:21,1786962382,13.822803,100.511627,15.6,-0.09,-0.3,-1.2,86.6,86.6,0.01,0.0,-0.01,24.9,112,AUTO.LOITER,0,0
2026-08-17T17:26:22,1786962383,13.822803,100.511627,15.6,-0.09,-0.3,-1.2,86.6,86.6,0.02,-0.01,-0.01,24.9,112,AUTO.LOITER,0,0
2026-08-17T17:26:23,1786962384,13.822803,100.511627,15.6,-0.08,-0.3,-1.2,86.6,86.6,0.01,-0.03,-0.02,24.9,112,AUTO.LOITER,0,0
2026-08-17T17:26:24,1786962385,13.822803,100.511627,15.6,-0.07,-0.3,-1.3,86.6,86.6,0.0,-0.03,-0.04,24.9,112,AUTO.LOITER,0,0
2026-08-17T17:26:25,1786962386,13.822803,100.511627,15.6,-0.06,-0.2,-1.3,86.6,86.6,0.0,-0.03,-0.05,24.9,112,AUTO.LOITER,0,0
2026-08-17T17:26:26,1786962387,13.822803,100.511627,15.4,-0.06,-0.2,-1.3,86.6,86.6,0.0,-0.03,-0.05,24.9,112,AUTO.LOITER,0,0
2026-08-17T17:26:27,1786962388,13.822803,100.511627,15.7,-0.05,-0.2,-1.3,86.6,86.6,0.0,-0.01,-0.05,24.9,112,AUTO.LOITER,0,0
2026-08-17T17:26:28,1786962389,13.822803,100.511627,15.6,-0.06,-0.2,-1.3,86.6,86.6,0.0,-0.01,-0.03,24.9,112,AUTO.LOITER,0,0
2026-08-17T17:26:29,1786962390,13.822803,100.511627,15.6,-0.07,-0.2,-1.3,86.6,86.6,0.0,-0.01,-0.03,24.9,112,AUTO.LOITER,0,0
2026-08-17T17:26:30,1786962391,13.822803,100.511627,15.6,-0.07,-0.3,-1.4,86.6,86.6,0.0,0.0,-0.03,24.9,112,AUTO.LOITER,0,0
2026-08-17T17:26:31,1786962392,13.822803,100.511627,15.6,-0.07,-0.3,-1.3,86.6,86.6,0.0,-0.01,-0.03,24.9,112,AUTO.LOITER,0,0
2026-08-17T17:26:32,1786962393,13.822803,100.511627,15.6,-0.07,-0.3,-1.4,86.6,86.6,0.0,-0.01,-0.03,24.9,112,AUTO.LOITER,0,0
2026-08-17T17:26:33,1786962394,13.822803,100.511627,15.6,-0.07,-0.3,-1.4,86.6,86.6,-0.01,-0.01,-0.03,24.9,112,AUTO.LOITER,0,0
2026-08-17T17:26:34,1786962395,13.822803,100.511627,15.4,-0.07,-0.3,-1.4,86.6,86.6,-0.01,-0.01,-0.03,24.9,112,AUTO.LOITER,0,0
2026-08-17T17:26:35,1786962396,13.822803,100.511627,15.6,-0.07,-0.3,-1.4,86.6,86.6,-0.01,0.0,-0.03,24.9,112,AUTO.LOITER,0,0
