iso,unix,lat,lon,alt_msl,rel_alt,roll,pitch,yaw,heading,vx,vy,vz,vbatt,batt_pct,mode,armed,in_air
2026-08-14T18:46:58,1786708019,13.730322,100.787446,0.3,0.01,0.0,-0.5,88.8,88.8,0.0,0.0,0.01,24.9,100,AUTO.LOITER,0,0
2026-08-14T18:46:59,1786708020,13.730322,100.787446,0.3,0.01,-0.0,-0.5,88.8,88.8,0.0,0.0,0.01,24.9,100,AUTO.LOITER,0,0
2026-08-14T18:47:00,1786708021,13.730322,100.787446,0.3,0.0,-0.0,-0.5,88.8,88.8,0.0,0.0,0.01,24.9,100,AUTO.LOITER,0,0
2026-08-14T18:47:01,1786708022,13.730322,100.787446,0.3,-0.03,0.0,-0.5,88.8,88.8,0.02,0.0,0.02,24.9,100,AUTO.LOITER,0,0
2026-08-14T18:47:02,1786708023,13.730322,100.787446,0.2,-0.06,0.0,-0.5,88.8,88.8,0.02,0.0,0.03,24.9,100,AUTO.LOITER,0,0
2026-08-14T18:47:03,1786708024,13.730322,100.787446,0.3,-0.07,0.1,-0.5,88.8,88.8,0.01,0.01,0.03,24.9,100,AUTO.LOITER,0,0
2026-08-14T18:47:04,1786708025,13.730322,100.787446,0.3,-0.08,0.2,-0.5,88.9,88.9,0.0,0.02,0.02,24.9,100,AUTO.LOITER,0,0
2026-08-14T18:47:05,1786708026,13.730322,100.787446,0.3,-0.08,0.2,-0.5,88.8,88.8,-0.01,0.0,0.01,24.9,100,AUTO.LOITER,0,0
2026-08-14T18:47:06,1786708027,13.730322,100.787446,0.3,-0.08,0.1,-0.4,88.9,88.9,-0.02,0.0,0.01,24.9,100,AUTO.LOITER,0,0
2026-08-14T18:47:07,1786708028,13.730322,100.787446,0.3,-0.09,0.1,-0.4,88.9,88.9,-0.02,0.0,0.01,24.9,100,AUTO.LOITER,0,0
2026-08-14T18:47:08,1786708029,13.730322,100.787446,0.3,-0.09,0.0,-0.4,88.9,88.9,-0.02,0.01,0.01,24.9,100,AUTO.LOITER,0,0
2026-08-14T18:47:09,1786708030,13.730322,100.787446,0.3,-0.09,-0.0,-0.4,88.9,88.9,0.0,0.0,0.01,24.9,100,AUTO.LOITER,0,0
2026-08-14T18:47:10,1786708031,13.730322,100.787446,0.3,-0.09,-0.0,-0.4,89.0,89.0,0.0,-0.02,0.01,24.9,100,AUTO.LOITER,0,0
2026-08-14T18:47:11,1786708032,13.730322,100.787446,0.3,-0.1,-0.1,-0.4,89.1,89.1,0.0,-0.03,0.01,24.9,100,AUTO.LOITER,0,0
2026-08-14T18:47:12,1786708033,13.730322,100.787446,0.2,-0.1,-0.1,-0.4,89.1,89.1,0.01,-0.02,0.02,24.9,100,AUTO.LOITER,0,0
2026-08-14T18:47:13,1786708034,13.730322,100.787446,0.3,-0.11,-0.1,-0.5,89.2,89.2,0.02,-0.03,0.02,24.9,100,AUTO.LOITER,0,0
2026-08-14T18:47:14,1786708035,13.730322,100.787446,0.3,-0.12,-0.0,-0.5,89.3,89.3,0.02,-0.02,0.03,24.9,100,AUTO.LOITER,0,0
2026-08-14T18:47:15,1786708036,13.730322,100.787446,0.3,-0.12,-0.0,-0.5,89.3,89.3,0.02,-0.02,0.03,24.9,100,AUTO.LOITER,0,0
2026-08-14T18:47:16,1786708037,13.730322,100.787446,0.3,-0.12,-0.0,-0.5,89.3,89.3,0.02,-0.02,0.02,24.9,100,AUTO.LOITER,0,0
2026-08-14T18:47:17,1786708038,13.730322,100.787446,0.3,-0.11,0.0,-0.6,89.4,89.4,0.0,-0.01,0.01,24.9,100,AUTO.LOITER,0,0
2026-08-14T18:47:18,1786708039,13.730322,100.787446,0.3,-0.1,0.0,-0.6,89.3,89.3,-0.01,0.0,0.0,24.9,100,AUTO.LOITER,0,0
2026-08-14T18:47:19,1786708040,13.730322,100.787446,0.4,-0.1,-0.0,-0.6,89.3,89.3,-0.02,0.0,0.0,24.9,100,AUTO.LOITER,0,0
2026-08-14T18:47:20,1786708041,13.730322,100.787446,0.3,-0.1,-0.0,-0.6,89.2,89.2,-0.01,0.0,0.01,24.9,100,AUTO.LOITER,0,0
2026-08-14T18:47:21,1786708042,13.730322,100.787446,0.4,-0.11,-0.1,-0.6,89.2,89.2,0.0,0.02,0.02,24.9,100,AUTO.LOITER,0,0
2026-08-14T18:47:22,1786708043,13.730322,100.787446,0.3,-0.12,-0.1,-0.6,89.2,89.2,0.0,0.02,0.02,24.9,100,AUTO.LOITER,0,0
2026-08-14T18:47:23,1786708044,13.730322,100.787446,0.3,-0.12,-0.1,-0.6,89.2,89.2,0.0,0.02,0.02,24.9,100,AUTO.LOITER,0,0
2026-08-14T18:47:24,1786708045,13.730322,100.787446,0.1,-0.11,-0.1,-0.5,89.1,89.1,0.0,0.01,0.0,24.9,100,AUTO.LOITER,0,0
2026-08-14T18:47:25,1786708046,13.730322,100.787446,0.3,-0.1,-0.1,-0.5,89.1,89.1,0.01,0.0,0.0,24.9,100,AUTO.LOITER,0,0
2026-08-14T18:47:26,1786708047,13.730322,100.787446,0.3,-0.1,-0.1,-0.5,89.1,89.1,0.01,0.0,0.0,24.9,100,AUTO.LOITER,0,0
2026-08-14T18:47:27,1786708048,13.730322,100.787446,0.3,-0.11,-0.1,-0.5,89.1,89.1,0.0,-0.01,0.0,24.9,100,AUTO.LOITER,0,0
2026-08-14T18:47:28,1786708049,13.730322,100.787446,0.2,-0.11,-0.1,-0.5,89.1,89.1,0.0,-0.01,0.0,24.9,100,AUTO.LOITER,0,0
2026-08-14T18:47:29,1786708050,13.730322,100.787446,0.3,-0.11,-0.1,-0.5,89.1,89.1,0.0,-0.01,0.0,24.9,100,AUTO.LOITER,0,0
2026-08-14T18:47:30,1786708051,13.730322,100.787446,0.3,-0.11,-0.1,-0.6,89.1,89.1,0.0,0.0,0.0,24.9,100,AUTO.LOITER,0,0
2026-08-14T18:47:31,1786708052,13.730322,100.787446,0.1,-0.11,-0.1,-0.5,89.1,89.1,0.0,0.0,0.01,24.9,100,AUTO.LOITER,0,0
2026-08-14T18:47:32,1786708053,13.730322,100.787446,0.1,-0.11,-0.1,-0.5,89.1,89.1,0.0,0.0,0.01,24.9,100,AUTO.LOITER,0,0
2026-08-14T18:47:33,1786708054,13.730322,100.787446,0.3,-0.1,-0.2,-0.5,89.1,89.1,0.0,-0.01,0.0,24.9,100,AUTO.LOITER,0,0
2026-08-14T18:47:34,1786708055,13.730322,100.787446,0.3,-0.1,-0.2,-0.5,89.1,89.1,0.0,-0.01,-0.01,24.9,100,AUTO.LOITER,0,0
2026-08-14T18:47:35,1786708056,13.730322,100.787446,0.3,-0.09,-0.2,-0.6,89.1,89.1,0.0,-0.01,-0.01,24.9,100,AUTO.LOITER,0,0
2026-08-14T18:47:36,1786708057,13.730322,100.787446,0.3,-0.09,-0.2,-0.6,89.1,89.1,0.0,-0.01,0.0,24.9,100,AUTO.LOITER,0,0
2026-08-14T18:47:37,1786708058,13.730322,100.787446,0.3,-0.1,-0.2,-0.6,89.1,89.1,-0.01,-0.02,0.0,24.9,100,AUTO.LOITER,0,0
2026-08-14T18:47:38,1786708059,13.730322,100.787446,0.3,-0.1,-0.2,-0.6,89.1,89.1,0.0,-0.01,0.0,24.9,100,AUTO.LOITER,0,0
2026-08-14T18:47:39,1786708060,13.730322,100.787446,0.2,-0.1,-0.2,-0.6,89.1,89.1,0.01,0.0,-0.01,24.9,100,AUTO.LOITER,0,0
2026-08-14T18:47:40,1786708061,13.730322,100.787446,0.3,-0.1,-0.2,-0.6,89.2,89.2,0.01,0.0,0.0,24.9,100,AUTO.LOITER,0,0
2026-08-14T18:47:41,1786708062,13.730322,100.787446,0.3,-0.1,-0.2,-0.6,89.2,89.2,0.0,0.0,0.0,24.9,100,AUTO.LOITER,0,0
2026-08-14T18:47:42,1786708063,13.730322,100.787446,0.3,-0.1,-0.3,-0.7,89.2,89.2,0.0,0.0,-0.01,24.9,100,AUTO.LOITER,0,0
2026-08-14T18:47:43,1786708064,13.730322,100.787446,0.3,-0.09,-0.2,-0.7,89.2,89.2,0.01,-0.01,-0.01,24.9,100,AUTO.LOITER,0,0
2026-08-14T18:47:44,1786708065,13.730322,100.787446,0.3,-0.09,-0.3,-0.7,89.2,89.2,0.01,-0.01,-0.01,24.9,100,AUTO.LOITER,0,0
2026-08-14T18:47:45,1786708066,13.730322,100.787446,0.3,-0.09,-0.3,-0.7,89.2,89.2,0.0,-0.01,-0.01,24.9,100,AUTO.LOITER,0,0
2026-08-14T18:47:46,1786708067,13.730322,100.787446,0.3,-0.09,-0.3,-0.7,89.2,89.2,0.0,-0.01,-0.01,24.9,100,AUTO.LOITER,0,0
2026-08-14T18:47:47,1786708068,13.730322,100.787446,0.3,-0.09,-0.3,-0.7,89.2,89.2,0.0,-0.01,-0.01,24.9,100,AUTO.LOITER,0,0
2026-08-14T18:47:48,1786708069,13.730322,100.787446,0.3,-0.09,-0.3,-0.7,89.2,89.2,0.01,0.0,-0.01,24.9,100,AUTO.LOITER,0,0
2026-08-14T18:47:49,1786708070,13.730322,100.787446,0.2,-0.09,-0.3,-0.7,89.2,89.2,0.02,0.01,-0.01,24.9,100,AUTO.LOITER,0,0
2026-08-14T18:47:50,1786708071,13.730322,100.787446,0.3,-0.09,-0.3,-0.7,89.2,89.2,0.03,0.01,-0.01,24.9,100,AUTO.LOITER,0,0
2026-08-14T18:47:51,1786708072,13.730322,100.787446,0.3,-0.1,-0.2,-0.7,89.3,89.3,0.02,0.01,0.0,24.9,100,AUTO.LOITER,0,0
2026-08-14T18:47:52,1786708073,13.730322,100.787446,0.3,-0.1,-0.2,-0.7,89.3,89.3,0.01,0.0,0.0,24.9,100,AUTO.LOITER,0,0
2026-08-14T18:47:53,1786708074,13.730322,100.787446,0.3,-0.1,-0.2,-0.7,89.2,89.2,0.01,0.01,0.0,24.9,100,AUTO.LOITER,0,0
2026-08-14T18:47:54,1786708075,13.730322,100.787446,0.3,-0.1,-0.2,-0.7,89.2,89.2,0.0,0.0,0.0,24.9,100,AUTO.LOITER,0,0
2026-08-14T18:47:55,1786708076,13.730322,100.787446,0.3,-0.1,-0.2,-0.7,89.3,89.3,0.0,0.0,0.0,24.9,100,AUTO.LOITER,0,0
2026-08-14T18:47:56,1786708077,13.730322,100.787446,0.3,-0.1,-0.2,-0.7,89.3,89.3,0.01,0.0,-0.01,24.9,100,AUTO.LOITER,0,0
2026-08-14T18:47:57,1786708078,13.730322,100.787446,0.1,-0.09,-0.2,-0.7,89.3,89.3,0.03,0.02,-0.01,24.9,100,AUTO.LOITER,0,0
2026-08-14T18:47:58,1786708079,13.730322,100.787446,0.1,-0.09,-0.1,-0.7,89.3,89.3,0.01,0.02,-0.01,24.9,100,AUTO.LOITER,0,0
2026-08-14T18:47:59,1786708080,13.730322,100.787446,0.3,-0.09,-0.1,-0.7,89.3,89.3,0.01,0.02,-0.01,24.9,100,AUTO.LOITER,0,0
2026-08-14T18:48:00,1786708081,13.730322,100.787446,0.1,-0.09,-0.1,-0.7,89.3,89.3,0.0,0.01,0.0,24.9,100,AUTO.LOITER,0,0
2026-08-14T18:48:01,1786708082,13.730322,100.787446,0.1,-0.1,-0.1,-0.6,89.3,89.3,0.01,0.0,0.0,24.9,100,AUTO.LOITER,0,0
2026-08-14T18:48:02,1786708083,13.730322,100.787446,0.1,-0.1,-0.1,-0.6,89.3,89.3,0.01,0.0,0.0,24.9,100,AUTO.LOITER,0,0
2026-08-14T18:48:03,1786708084,13.730322,100.787446,0.1,-0.1,-0.1,-0.6,89.3,89.3,0.01,-0.01,0.0,24.9,100,AUTO.LOITER,0,0
2026-08-14T18:48:04,1786708085,13.730322,100.787446,0.1,-0.1,-0.1,-0.6,89.3,89.3,0.01,-0.03,0.0,24.9,100,AUTO.LOITER,0,0
2026-08-14T18:48:05,1786708086,13.730322,100.787446,0.1,-0.1,-0.1,-0.7,89.3,89.3,0.01,-0.03,0.0,24.9,100,AUTO.LOITER,0,0
2026-08-14T18:48:06,1786708087,13.730322,100.787446,0.1,-0.1,-0.1,-0.7,89.3,89.3,0.0,-0.01,-0.01,24.9,100,AUTO.LOITER,0,0
2026-08-14T18:48:07,1786708088,13.730322,100.787446,0.3,-0.1,-0.1,-0.7,89.3,89.3,0.0,-0.01,-0.01,24.9,100,AUTO.LOITER,0,0
2026-08-14T18:48:08,1786708089,13.730322,100.787446,0.1,-0.09,-0.0,-0.7,89.3,89.3,0.0,0.0,-0.01,24.9,100,AUTO.LOITER,0,0
2026-08-14T18:48:09,1786708090,13.730322,100.787446,0.2,-0.08,-0.0,-0.7,89.3,89.3,0.0,0.0,-0.02,24.9,100,AUTO.LOITER,0,0
2026-08-14T18:48:10,1786708091,13.730322,100.787446,0.3,-0.08,-0.0,-0.7,89.3,89.3,0.0,0.0,-0.02,24.9,100,AUTO.LOITER,0,0
2026-08-14T18:48:11,1786708092,13.730322,100.787446,0.2,-0.08,-0.0,-0.7,89.3,89.3,0.0,0.01,-0.02,24.9,100,AUTO.LOITER,0,0
2026-08-14T18:48:12,1786708093,13.730322,100.787446,0.2,-0.08,-0.0,-0.7,89.3,89.3,0.0,0.0,-0.02,24.9,100,AUTO.LOITER,0,0
2026-08-14T18:48:13,1786708094,13.730322,100.787446,0.3,-0.08,0.0,-0.7,89.3,89.3,0.0,0.0,-0.02,24.9,100,AUTO.LOITER,0,0
2026-08-14T18:48:14,1786708095,13.730322,100.787446,0.2,-0.08,0.0,-0.6,89.3,89.3,0.0,-0.01,-0.02,24.9,100,AUTO.LOITER,0,0
2026-08-14T18:48:15,1786708096,13.730322,100.787446,0.2,-0.07,0.0,-0.7,89.3,89.3,0.0,0.0,-0.03,24.9,100,AUTO.LOITER,0,0
2026-08-14T18:48:16,1786708097,13.730322,100.787446,0.3,-0.07,0.1,-0.7,89.3,89.3,0.0,0.0,-0.03,24.9,100,AUTO.LOITER,0,0
2026-08-14T18:48:17,1786708098,13.730322,100.787446,0.2,-0.07,0.1,-0.7,89.3,89.3,-0.02,0.0,-0.03,24.9,100,AUTO.LOITER,0,0
2026-08-14T18:48:18,1786708099,13.730322,100.787446,0.2,-0.07,0.0,-0.6,89.3,89.3,-0.02,0.0,-0.03,24.9,100,AUTO.LOITER,0,0
2026-08-14T18:48:19,1786708100,13.730322,100.787446,0.3,-0.07,0.0,-0.6,89.3,89.3,-0.02,0.0,-0.03,24.9,100,AUTO.LOITER,0,0
2026-08-14T18:48:20,1786708101,13.730322,100.787446,0.2,-0.07,0.0,-0.6,89.3,89.3,0.0,0.0,-0.03,24.9,100,AUTO.LOITER,0,0
2026-08-14T18:48:21,1786708102,13.730322,100.787446,0.2,-0.07,0.0,-0.7,89.3,89.3,0.0,0.0,-0.02,24.9,100,AUTO.LOITER,0,0
2026-08-14T18:48:22,1786708103,13.730322,100.787446,0.3,-0.07,0.0,-0.6,89.3,89.3,0.0,0.0,-0.02,24.9,100,AUTO.LOITER,0,0
2026-08-14T18:48:23,1786708104,13.730322,100.787446,0.2,-0.08,0.0,-0.6,89.3,89.3,0.0,0.0,-0.01,24.9,100,AUTO.LOITER,0,0
2026-08-14T18:48:24,1786708105,13.730322,100.787446,0.1,-0.09,0.0,-0.6,89.3,89.3,0.0,-0.01,-0.01,24.9,100,AUTO.LOITER,0,0
2026-08-14T18:48:25,1786708106,13.730322,100.787446,0.3,-0.09,0.0,-0.6,89.3,89.3,0.0,-0.01,-0.01,24.9,100,AUTO.LOITER,0,0
2026-08-14T18:48:26,1786708107,13.730322,100.787446,0.1,-0.09,0.0,-0.6,89.3,89.3,0.0,-0.01,0.0,24.9,100,AUTO.LOITER,0,0
2026-08-14T18:48:27,1786708108,13.730322,100.787446,0.1,-0.1,0.0,-0.7,89.3,89.3,-0.01,0.0,0.0,24.9,100,AUTO.LOITER,0,0
2026-08-14T18:48:28,1786708109,13.730322,100.787446,0.1,-0.1,0.0,-0.7,89.3,89.3,0.0,0.01,0.0,24.9,100,AUTO.LOITER,0,0
2026-08-14T18:48:29,1786708110,13.730322,100.787446,0.1,-0.1,0.0,-0.7,89.3,89.3,0.0,0.01,0.0,24.9,100,AUTO.LOITER,0,0
2026-08-14T18:48:30,1786708111,13.730322,100.787446,0.1,-0.1,0.0,-0.7,89.3,89.3,0.01,0.01,0.0,24.9,100,AUTO.LOITER,0,0
2026-08-14T18:48:31,1786708112,13.730322,100.787446,0.3,-0.1,0.0,-0.7,89.3,89.3,0.01,0.01,0.0,24.9,100,AUTO.LOITER,0,0
2026-08-14T18:48:32,1786708113,13.730322,100.787446,0.3,-0.1,0.0,-0.7,89.3,89.3,0.01,0.01,0.0,24.9,100,AUTO.LOITER,0,0
2026-08-14T18:48:33,1786708114,13.730322,100.787446,0.1,-0.11,0.0,-0.7,89.3,89.3,0.02,0.01,0.0,24.9,100,AUTO.LOITER,0,0
2026-08-14T18:48:34,1786708115,13.730322,100.787446,0.1,-0.1,0.0,-0.7,89.3,89.3,0.0,0.01,0.0,24.9,100,AUTO.LOITER,0,0
2026-08-14T18:48:35,1786708116,13.730322,100.787446,0.1,-0.1,0.1,-0.7,89.3,89.3,0.0,0.01,0.0,24.9,100,AUTO.LOITER,0,0
2026-08-14T18:48:36,1786708117,13.730322,100.787446,0.1,-0.09,0.1,-0.7,89.3,89.3,0.0,0.0,-0.01,24.9,100,AUTO.LOITER,0,0
2026-08-14T18:48:37,1786708118,13.730322,100.787446,0.1,-0.09,0.1,-0.7,89.3,89.3,0.0,0.0,-0.01,24.9,100,AUTO.LOITER,0,0
2026-08-14T18:48:38,1786708119,13.730322,100.787446,0.1,-0.09,0.1,-0.7,89.3,89.3,0.0,0.0,-0.01,24.9,100,AUTO.LOITER,0,0
2026-08-14T18:48:39,1786708120,13.730322,100.787446,0.2,-0.08,0.1,-0.7,89.3,89.3,-0.01,0.0,-0.02,24.9,100,AUTO.LOITER,0,0
2026-08-14T18:48:40,1786708121,13.730322,100.787446,0.2,-0.08,0.1,-0.7,89.3,89.3,-0.02,0.0,-0.02,24.9,100,AUTO.LOITER,0,0
2026-08-14T18:48:41,1786708122,13.730322,100.787446,0.3,-0.08,0.1,-0.7,89.3,89.3,-0.02,0.0,-0.02,24.9,100,AUTO.LOITER,0,0
2026-08-14T18:48:42,1786708123,13.730322,100.787446,0.2,-0.07,0.1,-0.7,89.3,89.3,0.0,0.0,-0.02,24.9,100,AUTO.LOITER,0,0
2026-08-14T18:48:43,1786708124,13.730322,100.787446,0.2,-0.07,0.1,-0.8,89.3,89.3,0.0,0.0,-0.03,24.9,100,AUTO.LOITER,0,0
2026-08-14T18:48:44,1786708125,13.730322,100.787446,0.3,-0.07,0.1,-0.8,89.3,89.3,0.0,0.0,-0.03,24.9,100,AUTO.LOITER,0,0
2026-08-14T18:48:45,1786708126,13.730322,100.787446,0.2,-0.07,0.1,-0.8,89.3,89.3,0.01,-0.01,-0.04,24.9,100,AUTO.LOITER,0,0
2026-08-14T18:48:46,1786708127,13.730322,100.787446,0.2,-0.06,0.1,-0.8,89.3,89.3,0.01,-0.01,-0.04,24.9,100,AUTO.LOITER,0,0
2026-08-14T18:48:47,1786708128,13.730322,100.787446,0.2,-0.06,0.1,-0.8,89.4,89.4,0.0,0.0,-0.05,24.9,100,AUTO.LOITER,0,0
2026-08-14T18:48:48,1786708129,13.730322,100.787446,0.2,-0.06,0.1,-0.8,89.4,89.4,0.0,0.0,-0.05,24.9,100,AUTO.LOITER,0,0
2026-08-14T18:48:49,1786708130,13.730322,100.787446,0.2,-0.06,0.1,-0.8,89.3,89.3,0.01,0.0,-0.04,24.9,100,AUTO.LOITER,0,0
2026-08-14T18:48:50,1786708131,13.730322,100.787446,0.2,-0.06,0.1,-0.8,89.3,89.3,0.02,0.01,-0.03,24.9,100,AUTO.LOITER,0,0
2026-08-14T18:48:51,1786708132,13.730322,100.787446,0.2,-0.06,0.1,-0.9,89.3,89.3,0.02,0.01,-0.03,24.9,100,AUTO.LOITER,0,0
2026-08-14T18:48:52,1786708133,13.730322,100.787446,0.2,-0.07,0.2,-0.9,89.3,89.3,0.01,0.01,-0.03,24.9,100,AUTO.LOITER,0,0
2026-08-14T18:48:53,1786708134,13.730322,100.787446,0.2,-0.07,0.2,-0.9,89.3,89.3,-0.01,0.0,-0.03,24.9,100,AUTO.LOITER,0,0
2026-08-14T18:48:54,1786708135,13.730322,100.787446,0.3,-0.07,0.2,-0.8,89.3,89.3,-0.01,0.0,-0.03,24.9,100,AUTO.LOITER,0,0
2026-08-14T18:48:55,1786708136,13.730322,100.787446,0.3,-0.07,0.2,-0.8,89.3,89.3,-0.01,0.0,-0.03,24.9,100,AUTO.LOITER,0,0
2026-08-14T18:48:56,1786708137,13.730322,100.787446,0.2,-0.07,0.2,-0.8,89.3,89.3,0.0,0.01,-0.02,24.9,100,AUTO.LOITER,0,0
2026-08-14T18:48:57,1786708138,13.730322,100.787446,0.3,-0.07,0.2,-0.8,89.3,89.3,0.0,0.01,-0.02,24.9,100,AUTO.LOITER,0,0
2026-08-14T18:48:58,1786708139,13.730322,100.787446,0.2,-0.07,0.2,-0.8,89.3,89.3,0.0,0.0,-0.02,24.9,100,AUTO.LOITER,0,0
2026-08-14T18:48:59,1786708140,13.730322,100.787446,0.2,-0.07,0.2,-0.9,89.3,89.3,0.0,0.02,-0.02,24.9,100,AUTO.LOITER,0,0
2026-08-14T18:49:00,1786708141,13.730322,100.787446,0.2,-0.07,0.2,-0.9,89.3,89.3,0.0,0.03,-0.02,24.9,100,AUTO.LOITER,0,0
2026-08-14T18:49:01,1786708142,13.730322,100.787446,0.2,-0.07,0.2,-0.8,89.3,89.3,0.0,0.03,-0.02,24.9,100,AUTO.LOITER,0,0
2026-08-14T18:49:02,1786708143,13.730322,100.787446,0.2,-0.07,0.2,-0.8,89.3,89.3,0.0,0.02,-0.02,24.9,100,AUTO.LOITER,0,0
2026-08-14T18:49:03,1786708144,13.730322,100.787446,0.2,-0.07,0.2,-0.8,89.3,89.3,0.0,0.02,-0.02,24.9,100,AUTO.LOITER,0,0
2026-08-14T18:49:04,1786708145,13.730322,100.787446,0.2,-0.07,0.2,-0.8,89.3,89.3,0.0,0.02,-0.02,24.9,100,AUTO.LOITER,0,0
2026-08-14T18:49:05,1786708146,13.730322,100.787446,0.2,-0.08,0.2,-0.8,89.3,89.3,0.0,0.01,-0.01,24.9,100,AUTO.LOITER,0,0
2026-08-14T18:49:06,1786708147,13.730322,100.787446,0.1,-0.09,0.2,-0.8,89.3,89.3,0.0,0.01,0.0,24.9,100,AUTO.LOITER,0,0
2026-08-14T18:49:07,1786708148,13.730322,100.787446,0.1,-0.09,0.2,-0.8,89.3,89.3,0.0,0.01,0.0,24.9,100,AUTO.LOITER,0,0
2026-08-14T18:49:08,1786708149,13.730322,100.787446,0.1,-0.09,0.2,-0.8,89.3,89.3,0.0,0.01,0.0,24.9,100,AUTO.LOITER,0,0
2026-08-14T18:49:09,1786708150,13.730322,100.787446,0.1,-0.1,0.3,-0.8,89.3,89.3,0.0,0.01,0.0,24.9,100,AUTO.LOITER,0,0
2026-08-14T18:49:10,1786708151,13.730322,100.787446,0.1,-0.1,0.3,-0.8,89.3,89.3,0.0,0.01,0.0,24.9,100,AUTO.LOITER,0,0
2026-08-14T18:49:11,1786708152,13.730322,100.787446,0.1,-0.1,0.3,-0.8,89.2,89.2,0.0,0.01,0.01,24.9,100,AUTO.LOITER,0,0
2026-08-14T18:49:12,1786708153,13.730322,100.787446,0.1,-0.1,0.3,-0.7,89.2,89.2,0.01,0.02,0.01,24.9,100,AUTO.LOITER,0,0
2026-08-14T18:49:13,1786708154,13.730322,100.787446,0.1,-0.1,0.3,-0.7,89.2,89.2,0.01,0.02,0.01,24.9,100,AUTO.LOITER,0,0
2026-08-14T18:49:14,1786708155,13.730322,100.787446,0.1,-0.1,0.3,-0.7,89.2,89.2,0.01,0.01,0.0,24.9,100,AUTO.LOITER,0,0
2026-08-14T18:49:15,1786708156,13.730322,100.787446,0.1,-0.1,0.3,-0.7,89.2,89.2,0.01,0.01,0.0,24.9,100,AUTO.LOITER,0,0
2026-08-14T18:49:16,1786708157,13.730322,100.787446,0.3,-0.1,0.3,-0.7,89.2,89.2,0.01,0.01,0.0,24.9,100,AUTO.LOITER,0,0
2026-08-14T18:49:17,1786708158,13.730322,100.787446,0.3,-0.1,0.3,-0.7,89.3,89.3,0.01,0.01,0.0,24.9,100,AUTO.LOITER,0,0
2026-08-14T18:49:18,1786708159,13.730322,100.787446,0.1,-0.1,0.3,-0.6,89.3,89.3,-0.01,0.01,0.01,24.9,100,AUTO.LOITER,0,0
2026-08-14T18:49:19,1786708160,13.730322,100.787446,0.1,-0.1,0.3,-0.6,89.3,89.3,-0.02,0.01,0.0,24.9,100,AUTO.LOITER,0,0
2026-08-14T18:49:20,1786708161,13.730322,100.787446,0.1,-0.1,0.3,-0.6,89.3,89.3,-0.02,0.01,0.0,24.9,100,AUTO.LOITER,0,0
2026-08-14T18:49:21,1786708162,13.730322,100.787446,0.1,-0.1,0.3,-0.6,89.3,89.3,0.0,0.01,0.0,24.9,100,AUTO.LOITER,0,0
2026-08-14T18:49:22,1786708163,13.730322,100.787446,0.4,-0.1,0.3,-0.6,89.3,89.3,0.0,0.01,0.0,24.9,100,AUTO.LOITER,0,0
2026-08-14T18:49:23,1786708164,13.730322,100.787446,0.1,-0.09,0.3,-0.6,89.3,89.3,0.0,0.0,0.0,24.9,100,AUTO.LOITER,0,0
2026-08-14T18:49:24,1786708165,13.730322,100.787446,0.4,-0.09,0.3,-0.6,89.3,89.3,0.0,0.0,0.0,24.9,100,AUTO.LOITER,0,0
2026-08-14T18:49:25,1786708166,13.730322,100.787446,0.4,-0.09,0.4,-0.6,89.3,89.3,0.0,0.0,0.0,24.9,100,AUTO.LOITER,0,0
2026-08-14T18:49:26,1786708167,13.730322,100.787446,0.2,-0.08,0.4,-0.6,89.3,89.3,0.0,-0.01,-0.01,24.9,100,AUTO.LOITER,0,0
2026-08-14T18:49:27,1786708168,13.730322,100.787446,0.2,-0.08,0.4,-0.6,89.3,89.3,0.0,-0.01,-0.01,24.9,100,AUTO.LOITER,0,0
2026-08-14T18:49:28,1786708169,13.730322,100.787446,0.2,-0.08,0.4,-0.6,89.2,89.2,0.0,-0.01,-0.01,24.9,100,AUTO.LOITER,0,0
2026-08-14T18:49:29,1786708170,13.730322,100.787446,0.2,-0.08,0.4,-0.6,89.2,89.2,0.0,-0.01,-0.01,24.9,100,AUTO.LOITER,0,0
2026-08-14T18:49:30,1786708171,13.730322,100.787446,0.2,-0.08,0.4,-0.6,89.3,89.3,-0.01,0.0,-0.01,24.9,100,AUTO.LOITER,0,0
2026-08-14T18:49:31,1786708172,13.730322,100.787446,0.2,-0.08,0.4,-0.6,89.2,89.2,-0.01,0.0,-0.01,24.9,100,AUTO.LOITER,0,0
2026-08-14T18:49:32,1786708173,13.730322,100.787446,0.1,-0.09,0.4,-0.6,89.3,89.3,-0.01,0.0,-0.01,24.9,100,AUTO.LOITER,0,0
2026-08-14T18:49:33,1786708174,13.730322,100.787446,0.3,-0.09,0.4,-0.6,89.2,89.2,-0.01,0.0,-0.01,24.9,100,AUTO.LOITER,0,0
2026-08-14T18:49:34,1786708175,13.730322,100.787446,0.1,-0.09,0.4,-0.6,89.2,89.2,-0.01,0.0,-0.01,24.9,100,AUTO.LOITER,0,0
2026-08-14T18:49:35,1786708176,13.730322,100.787446,0.2,-0.08,0.4,-0.6,89.2,89.2,-0.02,0.0,-0.01,24.9,100,AUTO.LOITER,0,0
2026-08-14T18:49:36,1786708177,13.730322,100.787446,0.2,-0.08,0.5,-0.6,89.2,89.2,-0.02,0.0,-0.01,24.9,100,AUTO.LOITER,0,0
2026-08-14T18:49:37,1786708178,13.730322,100.787446,0.2,-0.08,0.5,-0.6,89.2,89.2,-0.01,0.0,-0.01,24.9,100,AUTO.LOITER,0,0
2026-08-14T18:49:38,1786708179,13.730322,100.787446,0.2,-0.08,0.4,-0.6,89.2,89.2,-0.01,0.0,-0.01,24.9,100,AUTO.LOITER,0,0
2026-08-14T18:49:39,1786708180,13.730322,100.787446,0.1,-0.09,0.4,-0.6,89.2,89.2,-0.01,-0.01,0.0,24.9,100,AUTO.LOITER,0,0
2026-08-14T18:49:40,1786708181,13.730322,100.787446,0.1,-0.09,0.4,-0.6,89.2,89.2,-0.01,-0.01,0.0,24.9,100,AUTO.LOITER,0,0
2026-08-14T18:49:41,1786708182,13.730322,100.787446,0.1,-0.09,0.4,-0.6,89.2,89.2,-0.01,-0.02,0.0,24.9,100,AUTO.LOITER,0,0
2026-08-14T18:49:42,1786708183,13.730322,100.787446,0.1,-0.09,0.4,-0.6,89.2,89.2,-0.01,-0.02,0.0,24.9,100,AUTO.LOITER,0,0
2026-08-14T18:49:43,1786708184,13.730322,100.787446,0.1,-0.1,0.4,-0.6,89.2,89.2,-0.01,-0.01,0.0,24.9,100,AUTO.LOITER,0,0
2026-08-14T18:49:44,1786708185,13.730322,100.787446,0.3,-0.1,0.5,-0.6,89.2,89.2,-0.01,-0.01,0.0,24.9,100,AUTO.LOITER,0,0
2026-08-14T18:49:45,1786708186,13.730322,100.787446,0.1,-0.1,0.5,-0.6,89.2,89.2,-0.02,-0.01,0.0,24.9,100,AUTO.LOITER,0,0
2026-08-14T18:49:46,1786708187,13.730322,100.787446,0.1,-0.1,0.5,-0.6,89.2,89.2,-0.02,-0.01,0.0,24.9,100,AUTO.LOITER,0,0
2026-08-14T18:49:47,1786708188,13.730322,100.787446,0.1,-0.1,0.5,-0.6,89.2,89.2,-0.02,-0.01,0.0,24.9,100,0,0,0
2026-08-14T18:49:48,1786708189,13.730322,100.787446,0.1,-0.1,0.4,-0.6,89.2,89.2,-0.01,-0.01,0.0,24.9,100,AUTO.LOITER,0,0
2026-08-14T18:49:49,1786708190,13.730322,100.787446,0.1,-0.1,0.5,-0.7,89.2,89.2,-0.01,-0.01,0.0,24.9,100,0,0,0
2026-08-14T18:49:50,1786708191,13.730322,100.787446,0.1,-0.1,0.5,-0.7,89.2,89.2,-0.02,-0.01,0.0,24.9,100,AUTO.LOITER,0,0
2026-08-14T18:49:51,1786708192,13.730322,100.787446,0.1,-0.1,0.5,-0.7,89.2,89.2,-0.02,-0.01,0.0,24.9,100,0,0,0
2026-08-14T18:49:52,1786708193,13.730322,100.787446,0.1,-0.09,0.5,-0.7,89.2,89.2,-0.02,-0.01,0.0,24.9,100,AUTO.LOITER,0,0
2026-08-14T18:49:53,1786708194,13.730322,100.787446,0.1,-0.09,0.4,-0.7,89.2,89.2,-0.02,-0.01,0.0,24.9,100,0,0,0
2026-08-14T18:49:54,1786708195,13.730322,100.787446,0.1,-0.09,0.4,-0.7,89.2,89.2,-0.02,-0.01,-0.01,24.9,100,AUTO.LOITER,0,0
2026-08-14T18:49:55,1786708196,13.730322,100.787446,0.1,-0.09,0.4,-0.7,89.2,89.2,-0.02,-0.01,-0.01,24.9,100,0,0,0
2026-08-14T18:49:56,1786708197,13.730322,100.787446,0.2,0.0,0.4,-0.7,89.2,89.2,-0.02,-0.02,-0.01,24.9,100,AUTO.LOITER,0,0
2026-08-14T18:49:57,1786708198,13.730322,100.787446,0.2,0.0,0.4,-0.7,89.2,89.2,-0.02,-0.02,-0.01,24.9,100,0,0,0
2026-08-14T18:49:58,1786708199,13.730322,100.787446,0.2,0.01,0.4,-0.7,89.2,89.2,-0.03,-0.01,-0.02,24.9,100,0,0,0
2026-08-14T18:49:59,1786708200,13.730322,100.787446,0.2,0.01,0.4,-0.7,89.2,89.2,-0.03,-0.01,-0.02,24.9,100,0,0,0
2026-08-14T18:50:00,1786708201,13.730322,100.787446,0.2,0.03,0.4,-0.7,89.1,89.1,-0.03,0.0,-0.01,24.89,100,AUTO.TAKEOFF,1,0
2026-08-14T18:50:01,1786708202,13.730322,100.787446,0.2,0.03,0.4,-0.7,89.1,89.1,-0.03,0.0,-0.01,24.89,100,0,0,0
2026-08-14T18:50:02,1786708203,13.730322,100.787446,0.2,0.01,0.4,-0.7,89.1,89.1,-0.01,0.01,-0.02,24.89,100,AUTO.TAKEOFF,1,0
2026-08-14T18:50:03,1786708204,13.730322,100.787446,0.2,0.01,0.3,-0.7,89.0,89.0,-0.01,0.01,-0.02,24.89,100,0,0,0
2026-08-14T18:50:04,1786708205,13.730322,100.787445,0.4,0.17,-0.4,1.4,88.8,88.8,0.04,-0.16,-0.55,24.89,100,AUTO.TAKEOFF,1,1
2026-08-14T18:50:05,1786708206,13.730322,100.787445,0.4,0.17,0.7,-2.2,88.9,88.9,0.04,-0.16,-0.55,24.89,100,0,0,1
2026-08-14T18:50:06,1786708207,13.730322,100.787445,1.4,1.26,0.8,-2.2,89.0,89.0,-0.03,0.09,-0.99,24.89,100,AUTO.TAKEOFF,1,1
2026-08-14T18:50:07,1786708208,13.730322,100.787445,1.4,1.26,0.2,-0.6,89.2,89.2,-0.03,0.09,-0.99,24.89,100,0,0,1
2026-08-14T18:50:08,1786708209,13.730322,100.787446,2.3,2.1,0.4,-0.1,88.5,88.5,-0.02,0.01,-0.96,24.88,100,AUTO.LOITER,1,1
2026-08-14T18:50:09,1786708210,13.730322,100.787446,2.3,2.1,0.7,-0.7,88.5,88.5,-0.02,0.01,-0.96,24.88,100,0,0,1
2026-08-14T18:50:10,1786708211,13.730322,100.787445,3.3,3.1,0.1,-0.9,88.8,88.8,-0.02,0.02,-1.06,24.88,100,AUTO.LOITER,1,1
2026-08-14T18:50:11,1786708212,13.730322,100.787445,3.3,3.1,0.1,-0.9,88.8,88.8,-0.02,0.02,-1.06,24.88,100,0,0,1
2026-08-14T18:50:12,1786708213,13.730322,100.787446,4.3,4.13,0.4,-0.5,88.8,88.8,0.0,0.0,-1.08,24.88,100,0,0,1
2026-08-14T18:50:13,1786708214,13.730322,100.787446,4.3,4.13,0.2,-0.7,88.6,88.6,0.0,0.0,-1.08,24.88,100,0,0,1
2026-08-14T18:50:14,1786708215,13.730322,100.787446,5.3,5.15,0.2,-0.7,88.6,88.6,0.01,-0.01,-1.08,24.88,100,AUTO.LOITER,1,1
2026-08-14T18:50:15,1786708216,13.730322,100.787446,5.3,5.15,0.2,-1.1,88.6,88.6,0.01,-0.01,-1.08,24.88,100,0,0,1
2026-08-14T18:50:16,1786708217,13.730322,100.787446,6.3,6.16,-0.1,-0.9,88.7,88.7,0.04,0.01,-1.07,24.87,100,AUTO.LOITER,1,1
2026-08-14T18:50:17,1786708218,13.730322,100.787446,6.3,6.16,0.4,-0.5,88.8,88.8,0.04,0.01,-1.07,24.87,100,0,0,1
2026-08-14T18:50:18,1786708219,13.730322,100.787446,7.3,7.16,0.5,-0.6,88.7,88.7,0.01,-0.02,-1.07,24.87,100,AUTO.LOITER,1,1
2026-08-14T18:50:19,1786708220,13.730322,100.787446,7.3,7.16,0.3,-0.9,88.6,88.6,0.01,-0.02,-1.07,24.87,100,0,0,1
2026-08-14T18:50:20,1786708221,13.730322,100.787446,8.2,7.16,0.4,-0.8,88.6,88.6,0.01,-0.02,-1.07,24.87,100,AUTO.LOITER,1,1
2026-08-14T18:50:21,1786708222,13.730322,100.787446,8.2,7.16,0.2,-0.8,88.7,88.7,0.01,-0.02,-1.07,24.87,100,AUTO.LOITER,1,1
2026-08-14T18:50:22,1786708223,13.730322,100.787446,9.4,9.21,0.3,-0.9,88.7,88.7,0.02,0.0,-1.03,24.86,100,AUTO.LOITER,1,1
2026-08-14T18:50:23,1786708224,13.730322,100.787446,9.4,9.21,0.6,-0.6,88.7,88.7,0.02,0.0,-1.03,24.86,100,0,0,1
2026-08-14T18:50:24,1786708225,13.730322,100.787446,10.4,10.22,0.4,-0.6,88.7,88.7,0.0,-0.03,-1.0,24.86,100,AUTO.LOITER,1,1
2026-08-14T18:50:25,1786708226,13.730322,100.787446,10.4,10.22,0.2,-0.8,88.7,88.7,0.0,-0.03,-1.0,24.86,100,0,0,1
2026-08-14T18:50:26,1786708227,13.730322,100.787446,11.4,11.22,0.2,-0.7,88.6,88.6,0.01,-0.02,-0.99,24.86,100,AUTO.LOITER,1,1
2026-08-14T18:50:27,1786708228,13.730322,100.787446,11.4,11.22,0.3,-0.6,88.6,88.6,0.01,-0.02,-0.99,24.86,100,0,0,1
2026-08-14T18:50:28,1786708229,13.730322,100.787446,12.4,12.22,0.5,-0.8,88.7,88.7,0.01,-0.02,-0.99,24.86,100,AUTO.LOITER,1,1
2026-08-14T18:50:29,1786708230,13.730322,100.787446,12.4,12.22,0.8,-1.0,88.7,88.7,0.01,-0.02,-0.99,24.86,100,0,0,1
2026-08-14T18:50:30,1786708231,13.730322,100.787445,13.4,13.24,0.4,-1.0,88.7,88.7,-0.02,0.0,-0.97,24.85,100,AUTO.LOITER,1,1
2026-08-14T18:50:31,1786708232,13.730322,100.787445,13.4,13.24,0.4,-1.0,88.7,88.7,-0.02,0.0,-0.97,24.85,100,0,0,1
2026-08-14T18:50:32,1786708233,13.730322,100.787445,14.4,14.25,0.6,-0.8,88.6,88.6,-0.02,0.01,-0.95,24.85,100,AUTO.LOITER,1,1
2026-08-14T18:50:33,1786708234,13.730322,100.787445,14.4,14.25,0.4,-0.8,88.7,88.7,-0.02,0.01,-0.95,24.85,100,0,0,1
2026-08-14T18:50:34,1786708235,13.730322,100.787445,15.4,15.24,0.3,-1.1,88.7,88.7,-0.02,0.02,-0.97,24.85,100,AUTO.LOITER,1,1
2026-08-14T18:50:35,1786708236,13.730322,100.787445,15.4,15.24,0.2,-1.0,88.7,88.7,-0.02,0.02,-0.97,24.85,100,0,0,1
2026-08-14T18:50:36,1786708237,13.730322,100.787445,16.4,16.21,0.3,-0.6,88.7,88.7,0.0,0.01,-0.75,24.84,100,AUTO.LOITER,1,1
2026-08-14T18:50:37,1786708238,13.730322,100.787445,16.4,16.21,0.8,-0.6,88.6,88.6,0.0,0.01,-0.75,24.84,100,0,0,1
2026-08-14T18:50:38,1786708239,13.730322,100.787445,17.1,16.21,0.8,-0.9,88.7,88.7,0.0,0.01,-0.75,24.84,100,AUTO.LOITER,1,1
2026-08-14T18:50:39,1786708240,13.730322,100.787445,17.1,16.9,0.1,-0.9,88.7,88.7,-0.05,0.01,-0.98,24.84,100,0,0,1
2026-08-14T18:50:40,1786708241,13.730322,100.787445,18.2,16.9,-0.1,-0.8,88.7,88.7,-0.05,0.01,-0.98,24.84,100,AUTO.LOITER,1,1
2026-08-14T18:50:41,1786708242,13.730322,100.787446,18.1,17.93,0.4,-1.0,88.7,88.7,0.0,0.02,-0.9,24.84,100,0,0,1
2026-08-14T18:50:42,1786708243,13.730322,100.787446,19.0,17.93,-0.1,-8.1,88.3,88.3,0.0,0.02,-0.9,24.84,100,AUTO.LOITER,1,1
2026-08-14T18:50:43,1786708244,13.730322,100.787447,18.9,18.66,-0.2,-21.7,92.1,92.1,0.05,0.91,-0.53,24.84,100,0,0,1
2026-08-14T18:50:44,1786708245,13.730325,100.787465,19.2,18.66,-6.9,-17.5,95.5,95.5,0.05,0.91,-0.53,24.83,100,AUTO.LOITER,1,1
2026-08-14T18:50:45,1786708246,13.730324,100.787473,19.1,18.91,5.8,-16.4,81.1,81.1,0.44,3.98,0.0,24.83,100,0,0,1
2026-08-14T18:50:46,1786708247,13.730331,100.787505,19.3,18.91,5.8,-16.4,81.1,81.1,0.44,3.98,0.0,24.83,100,AUTO.LOITER,1,1
2026-08-14T18:50:47,1786708248,13.730331,100.787505,19.3,18.91,2.8,-0.8,83.9,83.9,0.44,3.98,0.0,24.83,100,AUTO.LOITER,1,1
2026-08-14T18:50:48,1786708249,13.73033,100.78755,19.3,18.91,-3.7,-4.8,88.5,88.5,0.44,3.98,0.0,24.83,100,AUTO.LOITER,1,1
2026-08-14T18:50:49,1786708250,13.730329,100.787562,19.1,18.95,-1.7,-3.6,89.5,89.5,0.05,5.04,0.02,24.83,100,0,0,1
2026-08-14T18:50:50,1786708251,13.730331,100.787597,19.4,18.95,0.7,-3.2,88.0,88.0,0.05,5.04,0.02,24.82,100,AUTO.LOITER,1,1
2026-08-14T18:50:51,1786708252,13.730332,100.787608,19.2,18.97,-0.0,-3.2,85.9,85.9,0.23,5.07,0.01,24.82,100,0,0,1
2026-08-14T18:50:52,1786708253,13.730333,100.787643,19.4,18.97,-0.5,-2.8,85.1,85.1,0.23,5.07,0.01,24.82,100,AUTO.LOITER,1,1
2026-08-14T18:50:53,1786708254,13.730334,100.787655,19.2,19.0,-0.2,-2.8,85.5,85.5,0.34,5.04,0.01,24.82,100,0,0,1
2026-08-14T18:50:54,1786708255,13.730334,100.787655,19.2,19.0,0.1,-2.6,86.4,86.4,0.34,5.04,0.01,24.82,100,0,0,1
2026-08-14T18:50:55,1786708256,13.730337,100.787701,19.2,19.01,0.4,-2.6,87.0,87.0,0.37,5.01,0.0,24.82,99,0,0,1
2026-08-14T18:50:56,1786708257,13.730337,100.787701,19.2,19.01,0.5,-2.5,86.9,86.9,0.37,5.01,0.0,24.82,99,0,0,1
2026-08-14T18:50:57,1786708258,13.73034,100.787747,19.2,19.04,-0.2,-2.7,86.4,86.4,0.32,4.97,0.0,24.82,99,0,0,1
2026-08-14T18:50:58,1786708259,13.73034,100.787747,19.2,19.04,-0.2,-2.9,86.2,86.2,0.32,4.97,0.0,24.82,99,0,0,1
2026-08-14T18:50:59,1786708260,13.730343,100.787794,19.2,19.05,0.4,-2.6,86.2,86.2,0.37,4.97,0.0,24.81,99,0,0,1
2026-08-14T18:51:00,1786708261,13.730343,100.787794,19.2,19.05,0.6,-2.6,86.4,86.4,0.37,4.97,0.0,24.81,99,0,0,1
2026-08-14T18:51:01,1786708262,13.730346,100.78784,19.3,19.07,0.4,-2.6,86.5,86.5,0.32,4.96,-0.01,24.81,99,0,0,1
2026-08-14T18:51:02,1786708263,13.730346,100.78784,19.3,19.07,0.0,-2.6,86.6,86.6,0.32,4.96,-0.01,24.81,99,0,0,1
2026-08-14T18:51:03,1786708264,13.730348,100.787886,19.3,19.1,0.4,-2.6,86.5,86.5,0.33,4.94,0.0,24.81,99,0,0,1
2026-08-14T18:51:04,1786708265,13.730348,100.787886,19.3,19.1,0.7,-2.7,86.4,86.4,0.33,4.94,0.0,24.81,99,0,0,1
2026-08-14T18:51:05,1786708266,13.730351,100.787932,19.3,19.13,0.2,-2.7,86.4,86.4,0.29,4.94,0.0,24.8,99,0,0,1
2026-08-14T18:51:06,1786708267,13.730351,100.787932,19.3,19.13,-0.0,-2.9,86.4,86.4,0.29,4.94,0.0,24.8,99,0,0,1
2026-08-14T18:51:07,1786708268,13.730354,100.787979,19.3,19.14,0.3,-2.8,86.5,86.5,0.33,4.95,0.0,24.8,99,0,0,1
2026-08-14T18:51:08,1786708269,13.730354,100.787979,19.3,19.14,0.4,-2.9,86.5,86.5,0.33,4.95,0.0,24.8,99,0,0,1
2026-08-14T18:51:09,1786708270,13.730357,100.788025,19.4,19.17,0.4,-2.9,86.5,86.5,0.32,4.96,0.0,24.8,99,0,0,1
2026-08-14T18:51:10,1786708271,13.730357,100.788025,19.4,19.17,0.6,-3.0,86.5,86.5,0.32,4.96,0.0,24.8,99,0,0,1
2026-08-14T18:51:11,1786708272,13.73036,100.788071,19.4,19.22,0.6,-3.0,86.5,86.5,0.3,4.97,0.01,24.8,99,0,0,1
2026-08-14T18:51:12,1786708273,13.73036,100.788071,19.4,19.22,0.6,-3.0,86.5,86.5,0.3,4.97,0.01,24.8,99,0,0,1
2026-08-14T18:51:13,1786708274,13.730362,100.788117,19.4,19.24,0.5,-3.0,86.5,86.5,0.3,4.97,0.01,24.8,99,0,0,1
2026-08-14T18:51:14,1786708275,13.730362,100.788117,19.4,19.24,0.3,-2.5,86.5,86.5,0.3,4.97,0.01,24.8,99,0,0,1
2026-08-14T18:51:15,1786708276,13.730365,100.788163,19.5,19.27,0.4,-2.9,86.5,86.5,0.31,4.95,0.01,24.79,99,0,0,1
2026-08-14T18:51:16,1786708277,13.730365,100.788163,19.5,19.27,0.5,-3.4,86.5,86.5,0.31,4.95,0.01,24.79,99,0,0,1
2026-08-14T18:51:17,1786708278,13.730368,100.788209,19.5,19.3,0.6,-3.0,86.5,86.5,0.3,4.99,0.02,24.79,99,0,0,1
2026-08-14T18:51:18,1786708279,13.730368,100.788209,19.5,19.3,0.2,-2.6,86.5,86.5,0.3,4.99,0.02,24.79,99,0,0,1
2026-08-14T18:51:19,1786708280,13.73037,100.788245,19.8,19.3,0.2,-2.6,86.5,86.5,0.3,4.99,0.02,24.79,99,AUTO.LOITER,1,1
2026-08-14T18:51:20,1786708281,13.73037,100.788245,19.8,19.3,0.4,-2.9,86.4,86.4,0.3,4.99,0.02,24.79,99,0,0,1
2026-08-14T18:51:21,1786708282,13.730373,100.788302,19.6,19.38,0.3,-3.0,86.4,86.4,0.31,4.96,0.05,24.79,99,0,0,1
2026-08-14T18:51:22,1786708283,13.730373,100.788302,19.6,19.38,0.3,-2.9,86.4,86.4,0.31,4.96,0.05,24.79,99,0,0,1
2026-08-14T18:51:23,1786708284,13.730376,100.788348,19.6,19.4,0.7,-3.0,86.4,86.4,0.33,4.97,0.05,24.78,98,AUTO.LOITER,1,1
2026-08-14T18:51:24,1786708285,13.730376,100.788348,19.6,19.4,0.6,-3.1,86.5,86.5,0.33,4.97,0.05,24.78,98,0,0,1
2026-08-14T18:51:25,1786708286,13.730379,100.788394,19.6,19.42,0.6,-3.1,86.5,86.5,0.3,4.98,0.05,24.78,98,AUTO.LOITER,1,1
2026-08-14T18:51:26,1786708287,13.730379,100.788394,19.6,19.42,0.4,-3.1,86.5,86.5,0.3,4.98,0.05,24.78,98,0,0,1
2026-08-14T18:51:27,1786708288,13.730382,100.78844,19.6,19.45,0.4,-3.2,86.5,86.5,0.3,5.0,0.05,24.77,98,AUTO.LOITER,1,1
2026-08-14T18:51:28,1786708289,13.730382,100.78844,19.6,19.45,0.4,-3.2,86.5,86.5,0.3,5.0,0.05,24.77,98,0,0,1
2026-08-14T18:51:29,1786708290,13.730384,100.788487,19.7,19.47,0.4,-3.0,86.5,86.5,0.31,5.01,0.04,24.77,98,AUTO.LOITER,1,1
2026-08-14T18:51:30,1786708291,13.730384,100.788487,19.7,19.47,0.6,-2.9,86.4,86.4,0.31,5.01,0.04,24.77,98,0,0,1
2026-08-14T18:51:31,1786708292,13.730387,100.788533,19.7,19.5,0.7,-3.2,86.5,86.5,0.28,5.01,0.05,24.77,98,AUTO.LOITER,1,1
2026-08-14T18:51:32,1786708293,13.730387,100.788533,19.7,19.5,0.3,-3.1,86.5,86.5,0.28,5.01,0.05,24.77,98,0,0,1
2026-08-14T18:51:33,1786708294,13.73039,100.788579,19.7,19.52,0.4,-2.6,86.5,86.5,0.3,4.97,0.05,24.77,98,AUTO.LOITER,1,1
2026-08-14T18:51:34,1786708295,13.73039,100.788579,19.7,19.52,0.5,-2.8,86.5,86.5,0.3,4.97,0.05,24.77,98,0,0,1
2026-08-14T18:51:35,1786708296,13.730393,100.788625,19.7,19.54,0.5,-2.6,86.4,86.4,0.29,4.69,0.03,24.76,98,AUTO.LOITER,1,1
2026-08-14T18:51:36,1786708297,13.730393,100.788625,19.7,19.54,0.5,10.2,86.6,86.6,0.29,4.69,0.03,24.76,98,0,0,1
2026-08-14T18:51:37,1786708298,13.730394,100.788657,19.7,19.55,0.5,7.9,86.8,86.8,0.16,2.71,0.06,24.76,98,AUTO.LOITER,1,1
2026-08-14T18:51:38,1786708299,13.730394,100.788657,19.7,19.55,-0.4,4.9,86.4,86.4,0.16,2.71,0.06,24.76,98,0,0,1
2026-08-14T18:51:39,1786708300,13.730395,100.788677,19.8,19.57,-1.5,5.3,85.0,85.0,0.44,1.41,0.0,24.76,98,AUTO.LOITER,1,1
2026-08-14T18:51:40,1786708301,13.730395,100.788677,19.8,19.57,-16.7,6.8,82.0,82.0,0.44,1.41,0.0,24.76,98,0,0,1
2026-08-14T18:51:41,1786708302,13.730411,100.788681,19.8,19.6,-16.7,6.8,82.0,82.0,2.86,0.05,0.0,24.75,98,AUTO.LOITER,1,1
2026-08-14T18:51:42,1786708303,13.730411,100.788681,19.8,19.6,-10.7,-17.3,62.5,62.5,2.86,0.05,0.0,24.75,98,0,0,1
2026-08-14T18:51:43,1786708304,13.73045,100.788689,19.8,19.58,-3.5,-15.7,42.9,42.9,5.03,1.38,0.14,24.75,98,AUTO.LOITER,1,1
2026-08-14T18:51:44,1786708305,13.73045,100.788689,19.8,19.58,2.2,1.2,26.6,26.6,5.03,1.38,0.14,24.75,98,0,0,1
2026-08-14T18:51:45,1786708306,13.730482,100.788698,20.0,19.58,-0.9,-1.2,14.8,14.8,5.03,1.38,0.14,24.75,98,AUTO.LOITER,1,1
2026-08-14T18:51:46,1786708307,13.730493,100.788701,19.7,19.55,1.4,-5.1,8.5,8.5,4.63,1.16,0.06,24.75,98,0,0,1
2026-08-14T18:51:47,1786708308,13.730493,100.788701,19.7,19.55,2.1,-2.2,8.5,8.5,4.63,1.16,0.06,24.75,98,0,0,1
2026-08-14T18:51:48,1786708309,13.730537,100.788711,19.7,19.55,0.7,-0.2,12.7,12.7,4.81,1.31,0.06,24.75,98,0,0,1
2026-08-14T18:51:49,1786708310,13.73057,100.788719,20.1,19.55,0.7,-0.2,12.7,12.7,4.81,1.31,0.06,24.74,97,AUTO.LOITER,1,1
2026-08-14T18:51:50,1786708311,13.73057,100.788719,20.1,19.55,0.5,-2.4,16.9,16.9,4.81,1.31,0.06,24.74,97,0,0,1
2026-08-14T18:51:51,1786708312,13.730615,100.788731,20.2,19.55,0.5,-2.4,16.9,16.9,4.81,1.31,0.06,24.74,97,AUTO.LOITER,1,1
2026-08-14T18:51:52,1786708313,13.730624,100.788734,19.8,19.58,-0.3,-1.7,12.9,12.9,4.69,1.19,0.09,24.74,97,0,0,1
2026-08-14T18:51:53,1786708314,13.730655,100.788741,20.1,19.58,0.9,10.5,12.2,12.2,4.69,1.19,0.09,24.74,97,AUTO.LOITER,1,1
2026-08-14T18:51:54,1786708315,13.730664,100.788743,19.8,19.6,0.2,8.4,12.8,12.8,3.41,0.9,0.11,24.74,97,0,0,1
2026-08-14T18:51:55,1786708316,13.730682,100.788748,20.1,19.6,-0.3,5.3,13.4,13.4,3.41,0.9,0.11,24.73,97,AUTO.LOITER,1,1
2026-08-14T18:51:56,1786708317,13.730687,100.788749,19.8,19.59,-0.5,5.4,13.3,13.3,2.02,0.49,0.09,24.73,97,0,0,1
2026-08-14T18:51:57,1786708318,13.730687,100.788749,19.8,19.59,-0.5,5.4,13.3,13.3,2.02,0.49,0.09,24.73,97,0,0,1
2026-08-14T18:51:58,1786708319,13.730687,100.788749,19.8,19.59,-0.5,5.4,13.3,13.3,2.02,0.49,0.09,24.73,97,0,0,1
2026-08-14T18:51:59,1786708320,13.730687,100.788749,19.8,19.59,-14.2,-6.2,-4.1,355.9,2.02,0.49,0.09,24.73,97,0,0,1
2026-08-14T18:52:00,1786708321,13.730702,100.788724,19.6,19.42,-15.2,-12.8,-21.9,338.1,0.36,-3.7,0.36,24.73,97,0,0,1
2026-08-14T18:52:01,1786708322,13.730702,100.788724,19.6,19.42,-0.9,-5.3,-41.2,318.8,0.36,-3.7,0.36,24.73,97,0,0,1
2026-08-14T18:52:02,1786708323,13.73071,100.78868,19.2,19.0,-0.4,0.6,-54.2,305.8,0.92,-4.97,0.51,24.73,97,0,0,1
2026-08-14T18:52:03,1786708324,13.73071,100.78868,19.2,19.0,-1.4,-5.4,-63.8,296.2,0.92,-4.97,0.51,24.73,97,0,0,1
2026-08-14T18:52:04,1786708325,13.730716,100.788636,18.8,18.6,1.4,-3.7,-73.5,286.5,0.79,-4.97,0.49,24.72,97,0,0,1
2026-08-14T18:52:05,1786708326,13.730716,100.788636,18.8,18.6,1.5,-1.0,-81.9,278.1,0.79,-4.97,0.49,24.72,97,0,0,1
2026-08-14T18:52:06,1786708327,13.730724,100.788589,18.4,18.2,0.8,-1.4,-85.6,274.4,0.93,-4.86,0.48,24.72,97,AUTO.LOITER,1,1
2026-08-14T18:52:07,1786708328,13.730724,100.788589,18.4,18.2,0.8,-1.7,-83.4,276.6,0.93,-4.86,0.48,24.72,97,0,0,1
2026-08-14T18:52:08,1786708329,13.730731,100.788543,18.0,17.8,0.9,-1.8,-79.2,280.8,0.9,-4.77,0.49,24.72,97,AUTO.LOITER,1,1
2026-08-14T18:52:09,1786708330,13.730731,100.788543,18.0,17.8,1.0,-2.1,-77.1,282.9,0.9,-4.77,0.49,24.72,97,0,0,1
2026-08-14T18:52:10,1786708331,13.730739,100.788498,17.6,17.39,0.7,-2.4,-77.9,282.1,0.92,-4.75,0.47,24.72,96,AUTO.LOITER,1,1
2026-08-14T18:52:11,1786708332,13.730739,100.788498,17.6,17.39,0.2,-2.6,-79.9,280.1,0.92,-4.75,0.47,24.72,96,0,0,1
2026-08-14T18:52:12,1786708333,13.730747,100.788452,17.2,16.99,0.3,-2.5,-81.2,278.8,0.89,-4.81,0.47,24.71,96,AUTO.LOITER,1,1
2026-08-14T18:52:13,1786708334,13.730747,100.788452,17.2,16.99,0.3,-2.5,-81.2,278.8,0.89,-4.81,0.47,24.71,96,0,0,1
2026-08-14T18:52:14,1786708335,13.730754,100.788407,16.8,16.6,0.6,-2.6,-81.2,278.8,0.87,-4.85,0.48,24.71,96,AUTO.LOITER,1,1
2026-08-14T18:52:15,1786708336,13.730754,100.788407,16.8,16.6,0.4,-2.9,-80.4,279.6,0.87,-4.85,0.48,24.71,96,0,0,1
2026-08-14T18:52:16,1786708337,13.730762,100.788361,16.4,16.18,-0.0,-2.7,-79.8,280.2,0.83,-4.9,0.46,24.71,96,AUTO.LOITER,1,1
2026-08-14T18:52:17,1786708338,13.730762,100.788361,16.4,16.18,0.2,-2.5,-79.8,280.2,0.83,-4.9,0.46,24.71,96,0,0,1
2026-08-14T18:52:18,1786708339,13.730762,100.788361,16.4,16.18,0.4,-2.7,-80.1,279.9,0.83,-4.9,0.46,24.7,96,0,0,1
2026-08-14T18:52:19,1786708340,13.730762,100.788361,16.4,16.18,0.4,-2.7,-80.1,279.9,0.83,-4.9,0.46,24.7,96,0,0,1
2026-08-14T18:52:20,1786708341,13.730777,100.788271,15.6,15.38,0.5,-3.2,-80.6,279.4,0.84,-4.96,0.45,24.7,96,AUTO.LOITER,1,1
2026-08-14T18:52:21,1786708342,13.730777,100.788271,15.6,15.38,0.0,-3.0,-80.4,279.6,0.84,-4.96,0.45,24.7,96,0,0,1
2026-08-14T18:52:22,1786708343,13.730785,100.788225,15.2,14.98,0.4,-2.7,-80.3,279.7,0.81,-4.96,0.46,24.7,96,AUTO.LOITER,1,1
2026-08-14T18:52:23,1786708344,13.730785,100.788225,15.2,14.98,0.5,-2.7,-80.3,279.7,0.81,-4.96,0.46,24.7,96,0,0,1
2026-08-14T18:52:24,1786708345,13.730793,100.788179,14.7,14.56,-0.1,-2.9,-80.3,279.7,0.79,-4.96,0.43,24.7,96,AUTO.LOITER,1,1
2026-08-14T18:52:25,1786708346,13.730793,100.788179,14.7,14.56,0.1,-2.9,-80.4,279.6,0.79,-4.96,0.43,24.7,96,0,0,1
2026-08-14T18:52:26,1786708347,13.730799,100.788145,14.6,14.56,0.4,-3.0,-80.5,279.5,0.79,-4.96,0.43,24.69,96,AUTO.LOITER,1,1
2026-08-14T18:52:27,1786708348,13.7308,100.788134,14.3,14.15,0.4,-3.0,-80.5,279.5,0.78,-4.97,0.43,24.69,96,0,0,1
2026-08-14T18:52:28,1786708349,13.730806,100.7881,14.2,14.15,0.5,-3.0,-80.4,279.6,0.78,-4.97,0.43,24.69,96,AUTO.LOITER,1,1
2026-08-14T18:52:29,1786708350,13.730808,100.788088,13.9,13.74,0.4,-2.9,-80.4,279.6,0.8,-4.97,0.42,24.69,96,0,0,1
2026-08-14T18:52:30,1786708351,13.730813,100.788055,13.9,13.74,0.6,-2.8,-80.4,279.6,0.8,-4.97,0.42,24.69,96,AUTO.LOITER,1,1
2026-08-14T18:52:31,1786708352,13.730815,100.788043,13.5,13.35,0.5,-3.2,-80.4,279.6,0.82,-4.96,0.43,24.69,96,0,0,1
2026-08-14T18:52:32,1786708353,13.730821,100.788008,13.5,13.35,0.3,-3.1,-80.4,279.6,0.82,-4.96,0.43,24.68,96,AUTO.LOITER,1,1
2026-08-14T18:52:33,1786708354,13.730823,100.787997,13.1,12.95,0.4,-2.8,-80.4,279.6,0.82,-4.99,0.43,24.68,96,0,0,1
2026-08-14T18:52:34,1786708355,13.730828,100.787965,13.0,12.95,1.3,7.4,-80.3,279.7,0.82,-4.99,0.43,24.68,95,AUTO.LOITER,1,1
2026-08-14T18:52:35,1786708356,13.73083,100.787954,12.7,12.56,0.7,8.6,-80.2,279.8,0.7,-3.94,0.37,24.68,95,0,0,1
2026-08-14T18:52:36,1786708357,13.730833,100.787934,12.7,12.56,0.3,4.7,-80.4,279.6,0.7,-3.94,0.37,24.68,95,AUTO.LOITER,1,1
2026-08-14T18:52:37,1786708358,13.730834,100.787927,12.5,12.28,0.2,6.1,-80.8,279.2,0.41,-2.39,0.22,24.68,95,0,0,1
2026-08-14T18:52:38,1786708359,13.730836,100.787918,12.6,12.28,1.7,19.1,-79.5,280.5,0.41,-2.39,0.22,24.68,95,AUTO.LOITER,1,1
2026-08-14T18:52:39,1786708360,13.730837,100.787917,12.4,12.2,3.5,16.7,-72.9,287.1,0.03,0.35,0.1,24.68,95,0,0,1
2026-08-14T18:52:40,1786708361,13.730837,100.787929,12.6,12.2,8.5,11.7,-59.4,300.6,0.03,0.35,0.1,24.67,95,AUTO.LOITER,1,1
2026-08-14T18:52:41,1786708362,13.730837,100.787935,12.4,12.19,13.5,11.8,-41.8,318.2,-0.04,3.17,0.04,24.67,95,0,0,1
2026-08-14T18:52:42,1786708363,13.730837,100.787935,12.4,12.19,10.8,5.7,-27.2,332.8,-0.04,3.17,0.04,24.67,95,0,0,1
2026-08-14T18:52:43,1786708364,13.730837,100.787977,12.3,12.16,-1.7,-1.0,-14.9,345.1,-0.05,5.25,0.09,24.67,95,0,0,1
2026-08-14T18:52:44,1786708365,13.730837,100.787977,12.3,12.16,3.3,1.4,-3.6,356.4,-0.05,5.25,0.09,24.67,95,0,0,1
2026-08-14T18:52:45,1786708366,13.730838,100.788022,12.3,12.15,3.3,1.4,-3.6,356.4,-0.15,4.98,0.05,24.67,95,AUTO.LOITER,1,1
2026-08-14T18:52:46,1786708367,13.730838,100.788022,12.3,12.15,3.7,0.1,7.8,7.8,-0.15,4.98,0.05,24.67,95,0,0,1
2026-08-14T18:52:47,1786708368,13.730839,100.788058,12.5,12.15,1.4,-1.1,20.0,20.0,-0.15,4.98,0.05,24.67,95,AUTO.LOITER,1,1
2026-08-14T18:52:48,1786708369,13.730838,100.788069,12.3,12.14,1.0,-0.5,32.9,32.9,-0.11,5.0,0.04,24.67,95,0,0,1
2026-08-14T18:52:49,1786708370,13.730838,100.788104,12.6,12.14,1.4,-0.6,45.8,45.8,-0.11,5.0,0.04,24.66,95,AUTO.LOITER,1,1
2026-08-14T18:52:50,1786708371,13.730837,100.788116,12.3,12.15,0.7,-1.8,58.3,58.3,-0.11,4.86,0.04,24.66,95,0,0,1
2026-08-14T18:52:51,1786708372,13.730836,100.788151,12.6,12.15,-0.5,-2.0,70.6,70.6,-0.11,4.86,0.04,24.66,95,AUTO.LOITER,1,1
2026-08-14T18:52:52,1786708373,13.730837,100.788162,12.3,12.15,-0.6,-1.3,82.8,82.8,0.03,4.86,0.05,24.66,95,0,0,1
2026-08-14T18:52:53,1786708374,13.730836,100.788198,12.6,12.15,-0.5,-1.0,92.4,92.4,0.03,4.86,0.05,24.66,95,AUTO.LOITER,1,1
2026-08-14T18:52:54,1786708375,13.730836,100.788208,12.3,12.15,-0.6,-2.1,95.9,95.9,0.11,4.79,0.03,24.66,95,0,0,1
2026-08-14T18:52:55,1786708376,13.730835,100.788243,12.6,12.15,-0.4,-2.8,93.0,93.0,0.11,4.79,0.03,24.65,95,AUTO.LOITER,1,1
2026-08-14T18:52:56,1786708377,13.730836,100.788254,12.3,12.14,-0.4,-2.1,88.3,88.3,0.13,4.91,0.05,24.65,95,0,0,1
2026-08-14T18:52:57,1786708378,13.730836,100.788288,12.5,12.14,-0.3,-2.1,86.2,86.2,0.13,4.91,0.05,24.65,95,AUTO.LOITER,1,1
2026-08-14T18:52:58,1786708379,13.730837,100.7883,12.3,12.13,0.5,-2.4,87.3,87.3,0.15,4.93,0.04,24.65,95,0,0,1
2026-08-14T18:52:59,1786708380,13.730836,100.788335,12.5,12.13,0.5,-2.3,89.6,89.6,0.15,4.93,0.04,24.65,95,AUTO.LOITER,1,1
2026-08-14T18:53:00,1786708381,13.730837,100.788346,12.3,12.12,0.1,-2.1,91.0,91.0,0.07,4.98,0.03,24.65,95,0,0,1
2026-08-14T18:53:01,1786708382,13.730837,100.788346,12.3,12.12,0.0,-2.0,90.9,90.9,0.07,4.98,0.03,24.65,95,0,0,1
2026-08-14T18:53:02,1786708383,13.730837,100.788393,12.3,12.12,0.3,-2.2,89.9,89.9,0.06,4.97,0.03,24.65,94,AUTO.LOITER,1,1
2026-08-14T18:53:03,1786708384,13.730837,100.788393,12.3,12.12,0.4,-2.5,89.3,89.3,0.06,4.97,0.03,24.65,94,0,0,1
2026-08-14T18:53:04,1786708385,13.730837,100.788439,12.3,12.12,0.3,-2.2,89.3,89.3,0.02,5.0,0.03,24.64,94,0,0,1
2026-08-14T18:53:05,1786708386,13.730837,100.788439,12.3,12.12,0.7,-2.1,89.7,89.7,0.02,5.0,0.03,24.64,94,0,0,1
2026-08-14T18:53:06,1786708387,13.730838,100.788485,12.3,12.12,1.1,-2.1,90.1,90.1,-0.01,5.0,0.04,24.64,94,0,0,1
2026-08-14T18:53:07,1786708388,13.730838,100.788485,12.3,12.12,0.3,-2.2,90.2,90.2,-0.01,5.0,0.04,24.64,94,0,0,1
2026-08-14T18:53:08,1786708389,13.730838,100.788531,12.3,12.1,0.1,-2.3,90.0,90.0,-0.05,4.99,0.02,24.64,94,AUTO.LOITER,1,1
2026-08-14T18:53:09,1786708390,13.730838,100.788531,12.3,12.1,0.3,-2.1,89.8,89.8,-0.05,4.99,0.02,24.64,94,0,0,1
2026-08-14T18:53:10,1786708391,13.730838,100.788578,12.3,12.09,0.2,-2.5,89.8,89.8,-0.02,4.98,0.01,24.64,94,AUTO.LOITER,1,1
2026-08-14T18:53:11,1786708392,13.730838,100.788578,12.3,12.09,0.4,-2.9,89.9,89.9,-0.02,4.98,0.01,24.64,94,0,0,1
2026-08-14T18:53:12,1786708393,13.730838,100.788624,12.3,12.09,0.7,-2.2,90.0,90.0,-0.02,5.04,0.01,24.63,94,AUTO.LOITER,1,1
2026-08-14T18:53:13,1786708394,13.730838,100.788624,12.3,12.09,0.2,-1.5,90.0,90.0,-0.02,5.04,0.01,24.63,94,0,0,1
2026-08-14T18:53:14,1786708395,13.730838,100.78867,12.3,12.07,0.1,-2.2,90.0,90.0,-0.03,4.98,0.0,24.63,94,AUTO.LOITER,1,1
2026-08-14T18:53:15,1786708396,13.730838,100.78867,12.3,12.07,0.5,-2.4,89.9,89.9,-0.03,4.98,0.0,24.63,94,0,0,1
2026-08-14T18:53:16,1786708397,13.730838,100.788717,12.2,12.05,0.5,-2.0,89.9,89.9,-0.04,4.99,-0.01,24.63,94,AUTO.LOITER,1,1
2026-08-14T18:53:17,1786708398,13.730838,100.788717,12.2,12.05,0.5,-2.0,89.9,89.9,-0.04,4.99,-0.01,24.63,94,0,0,1
2026-08-14T18:53:18,1786708399,13.730838,100.788763,12.2,12.04,0.2,-2.2,89.9,89.9,-0.04,4.96,-0.02,24.62,94,AUTO.LOITER,1,1
2026-08-14T18:53:19,1786708400,13.730838,100.788763,12.2,12.04,0.0,-2.5,90.0,90.0,-0.04,4.96,-0.02,24.62,94,0,0,1
2026-08-14T18:53:20,1786708401,13.730838,100.788809,12.2,12.05,0.3,-2.6,90.0,90.0,-0.03,5.0,-0.01,24.62,94,AUTO.LOITER,1,1
2026-08-14T18:53:21,1786708402,13.730838,100.788809,12.2,12.05,0.3,-2.4,90.0,90.0,-0.03,5.0,-0.01,24.62,94,0,0,1
2026-08-14T18:53:22,1786708403,13.730838,100.788855,12.2,12.05,0.0,-2.3,89.9,89.9,-0.01,5.01,0.0,24.62,94,AUTO.LOITER,1,1
2026-08-14T18:53:23,1786708404,13.730838,100.788855,12.2,12.05,0.0,-2.3,89.9,89.9,-0.01,5.01,0.0,24.62,94,AUTO.LOITER,1,1
2026-08-14T18:53:24,1786708405,13.730838,100.788855,12.2,12.05,0.0,-2.3,89.9,89.9,-0.01,5.01,0.0,24.62,94,AUTO.LOITER,1,1
2026-08-14T18:53:25,1786708406,13.730838,100.788855,12.2,12.05,0.3,-2.2,90.0,90.0,-0.01,5.01,0.0,24.62,94,0,0,1
2026-08-14T18:53:26,1786708407,13.730838,100.788948,12.2,12.05,-0.2,-2.6,90.0,90.0,0.0,5.0,0.0,24.61,94,AUTO.LOITER,1,1
2026-08-14T18:53:27,1786708408,13.730838,100.788948,12.2,12.05,-0.1,-2.5,89.9,89.9,0.0,5.0,0.0,24.61,94,0,0,1
2026-08-14T18:53:28,1786708409,13.730838,100.788994,12.2,12.04,0.2,-2.4,89.9,89.9,0.0,5.02,0.0,24.61,93,AUTO.LOITER,1,1
2026-08-14T18:53:29,1786708410,13.730838,100.788994,12.2,12.04,0.4,-2.1,89.9,89.9,0.0,5.02,0.0,24.61,93,0,0,1
2026-08-14T18:53:30,1786708411,13.730838,100.78904,12.2,12.05,0.2,-2.3,89.9,89.9,-0.01,5.01,0.0,24.61,93,AUTO.LOITER,1,1
2026-08-14T18:53:31,1786708412,13.730838,100.78904,12.2,12.05,0.2,-2.5,89.9,89.9,-0.01,5.01,0.0,24.61,93,0,0,1
2026-08-14T18:53:32,1786708413,13.730838,100.78904,12.2,12.05,0.2,-2.5,89.9,89.9,-0.01,5.01,0.0,24.61,93,0,0,1
2026-08-14T18:53:33,1786708414,13.730838,100.78904,12.2,12.05,-0.0,-2.2,89.9,89.9,-0.01,5.01,0.0,24.61,93,0,0,1
2026-08-14T18:53:34,1786708415,13.730838,100.78904,12.2,12.05,-0.0,-2.2,89.9,89.9,-0.01,5.01,0.0,24.61,93,0,0,1
2026-08-14T18:53:35,1786708416,13.730838,100.78904,12.2,12.05,-0.0,-2.2,89.9,89.9,-0.01,5.01,0.0,24.61,93,0,0,1
2026-08-14T18:53:36,1786708417,13.730839,100.789168,12.3,12.05,0.1,-2.2,89.9,89.9,-0.01,5.01,0.0,24.6,93,AUTO.LOITER,1,1
2026-08-14T18:53:37,1786708418,13.730838,100.789179,12.2,12.04,0.3,-2.1,89.9,89.9,0.0,5.03,0.0,24.6,93,0,0,1
2026-08-14T18:53:38,1786708419,13.730838,100.789213,12.3,12.04,0.1,-2.3,90.0,90.0,0.0,5.03,0.0,24.6,93,AUTO.LOITER,1,1
2026-08-14T18:53:39,1786708420,13.730838,100.789226,12.2,12.03,-0.2,-2.3,89.9,89.9,-0.01,5.02,0.0,24.6,93,0,0,1
2026-08-14T18:53:40,1786708421,13.730838,100.789261,12.4,12.03,-0.1,-2.2,89.9,89.9,-0.01,5.02,0.0,24.59,93,AUTO.LOITER,1,1
2026-08-14T18:53:41,1786708422,13.730838,100.789272,12.2,12.03,0.1,-2.2,89.9,89.9,0.02,5.01,0.0,24.59,93,0,0,1
2026-08-14T18:53:42,1786708423,13.730838,100.789272,12.2,12.03,0.2,-2.2,89.9,89.9,0.02,5.01,0.0,24.59,93,0,0,1
2026-08-14T18:53:43,1786708424,13.730838,100.789318,12.2,12.03,0.1,-2.1,89.9,89.9,0.01,5.01,0.0,24.59,93,0,0,1
2026-08-14T18:53:44,1786708425,13.730838,100.789318,12.2,12.03,0.1,-2.1,89.9,89.9,0.01,5.01,0.0,24.59,93,0,0,1
2026-08-14T18:53:45,1786708426,13.730838,100.789365,12.2,12.02,0.1,-2.3,89.9,89.9,0.02,4.99,0.0,24.59,93,0,0,1
2026-08-14T18:53:46,1786708427,13.730838,100.789365,12.2,12.02,0.0,-2.4,89.9,89.9,0.02,4.99,0.0,24.59,93,0,0,1
2026-08-14T18:53:47,1786708428,13.730838,100.789411,12.2,12.01,0.2,-2.1,89.9,89.9,0.03,5.01,-0.01,24.59,93,0,0,1
2026-08-14T18:53:48,1786708429,13.730838,100.789411,12.2,12.01,0.4,-2.4,89.9,89.9,0.03,5.01,-0.01,24.59,93,0,0,1
2026-08-14T18:53:49,1786708430,13.730838,100.789457,12.2,12.0,-0.3,-2.5,89.9,89.9,0.0,5.0,-0.01,24.58,93,AUTO.LOITER,1,1
2026-08-14T18:53:50,1786708431,13.730838,100.789457,12.2,12.0,-0.3,-2.2,89.9,89.9,0.0,5.0,-0.01,24.58,93,0,0,1
2026-08-14T18:53:51,1786708432,13.730838,100.789503,12.2,11.99,0.4,-2.0,89.9,89.9,0.04,5.01,-0.02,24.58,93,AUTO.LOITER,1,1
2026-08-14T18:53:52,1786708433,13.730838,100.789503,12.2,11.99,0.3,-2.1,89.9,89.9,0.04,5.01,-0.02,24.58,93,AUTO.LOITER,1,1
2026-08-14T18:53:53,1786708434,13.730839,100.789539,12.3,11.99,0.1,-2.4,89.9,89.9,0.04,5.01,-0.02,24.58,93,AUTO.LOITER,1,1
2026-08-14T18:53:54,1786708435,13.730839,100.789539,12.3,11.99,-0.0,-2.5,90.0,90.0,0.04,5.01,-0.02,24.58,93,0,0,1
2026-08-14T18:53:55,1786708436,13.730839,100.789596,12.2,11.97,0.2,-2.5,89.9,89.9,0.01,5.01,-0.04,24.57,93,AUTO.LOITER,1,1
2026-08-14T18:53:56,1786708437,13.730839,100.789596,12.2,11.97,0.4,-2.4,89.9,89.9,0.01,5.01,-0.04,24.57,93,0,0,1
2026-08-14T18:53:57,1786708438,13.730839,100.789642,12.2,11.96,0.2,-2.2,90.0,90.0,-0.01,5.03,-0.04,24.57,92,AUTO.LOITER,1,1
2026-08-14T18:53:58,1786708439,13.730839,100.789642,12.2,11.96,0.2,-2.2,90.0,90.0,-0.01,5.03,-0.04,24.57,92,0,0,1
2026-08-14T18:53:59,1786708440,13.730839,100.789689,12.1,11.95,0.2,-2.2,90.0,90.0,-0.02,5.01,-0.06,24.57,92,AUTO.LOITER,1,1
2026-08-14T18:54:00,1786708441,13.730839,100.789689,12.1,11.95,0.2,-2.2,90.0,90.0,-0.02,5.01,-0.06,24.57,92,AUTO.LOITER,1,1
2026-08-14T18:54:01,1786708442,13.730839,100.789735,12.1,11.94,0.2,-2.2,90.0,90.0,0.0,4.99,-0.06,24.57,92,AUTO.LOITER,1,1
2026-08-14T18:54:02,1786708443,13.730839,100.789735,12.1,11.94,0.2,-2.2,90.0,90.0,0.0,4.99,-0.06,24.57,92,0,0,1
2026-08-14T18:54:03,1786708444,13.730839,100.789735,12.1,11.94,0.1,2.8,89.9,89.9,0.0,4.99,-0.06,24.57,92,AUTO.LOITER,1,1
2026-08-14T18:54:04,1786708445,13.730839,100.789735,12.1,11.94,0.3,11.1,90.0,90.0,0.0,4.99,-0.06,24.57,92,0,0,1
2026-08-14T18:54:05,1786708446,13.730839,100.789809,12.1,11.94,0.4,6.8,90.2,90.2,-0.02,2.51,-0.05,24.56,92,AUTO.LOITER,1,1
2026-08-14T18:54:06,1786708447,13.730839,100.789809,12.1,11.94,-2.8,6.3,90.1,90.1,-0.02,2.51,-0.05,24.56,92,0,0,1
2026-08-14T18:54:07,1786708448,13.730846,100.789825,12.2,12.01,-13.2,9.3,78.5,78.5,2.15,0.69,0.0,24.56,92,AUTO.LOITER,1,1
2026-08-14T18:54:08,1786708449,13.730846,100.789825,12.2,12.01,-13.7,-13.2,67.7,67.7,2.15,0.69,0.0,24.56,92,0,0,1
2026-08-14T18:54:09,1786708450,13.730876,100.789827,12.2,12.02,-4.5,-12.0,47.7,47.7,4.63,0.51,0.02,24.55,92,AUTO.LOITER,1,1
2026-08-14T18:54:10,1786708451,13.730876,100.789827,12.2,12.02,1.1,7.5,30.9,30.9,4.63,0.51,0.02,24.55,92,0,0,1
2026-08-14T18:54:11,1786708452,13.730919,100.789835,12.2,12.0,1.6,15.7,18.7,18.7,4.1,0.67,-0.01,24.55,92,AUTO.LOITER,1,1
2026-08-14T18:54:12,1786708453,13.730919,100.789835,12.2,12.0,1.6,15.7,18.7,18.7,4.1,0.67,-0.01,24.55,92,0,0,1
2026-08-14T18:54:13,1786708454,13.730919,100.789835,12.2,12.0,-14.8,9.3,0.5,0.5,4.1,0.67,-0.01,24.55,92,AUTO.LOITER,1,1
2026-08-14T18:54:14,1786708455,13.730919,100.789835,12.2,12.0,-18.0,8.6,-10.7,349.3,4.1,0.67,-0.01,24.55,92,0,0,1
2026-08-14T18:54:15,1786708456,13.730949,100.789824,12.2,12.0,-14.5,-4.5,-21.9,338.1,-0.05,-2.72,0.01,24.55,92,AUTO.LOITER,1,1
2026-08-14T18:54:16,1786708457,13.730949,100.789824,12.2,12.0,-12.4,-13.3,-37.3,322.7,-0.05,-2.72,0.01,24.55,92,0,0,1
2026-08-14T18:54:17,1786708458,13.73095,100.789786,12.2,12.03,-1.2,-0.6,-54.0,306.0,0.16,-5.18,0.09,24.54,92,AUTO.LOITER,1,1
2026-08-14T18:54:18,1786708459,13.73095,100.789786,12.2,12.03,-2.1,-0.1,-65.6,294.4,0.16,-5.18,0.09,24.54,92,0,0,1
2026-08-14T18:54:19,1786708460,13.730951,100.789741,12.2,12.01,-1.7,-4.8,-75.7,284.3,-0.04,-4.91,0.02,24.54,92,AUTO.LOITER,1,1
2026-08-14T18:54:20,1786708461,13.730951,100.789741,12.2,12.01,0.3,-2.9,-86.0,274.0,-0.04,-4.91,0.02,24.54,92,0,0,1
2026-08-14T18:54:21,1786708462,13.730951,100.789695,12.2,12.02,0.3,-1.7,-93.4,266.6,0.0,-5.09,0.03,24.54,92,AUTO.LOITER,1,1
2026-08-14T18:54:22,1786708463,13.730951,100.789695,12.2,12.02,0.3,-1.7,-93.4,266.6,0.0,-5.09,0.03,24.54,92,0,0,1
2026-08-14T18:54:23,1786708464,13.730951,100.789648,12.2,12.02,0.2,-1.9,-94.6,265.4,0.02,-5.01,0.02,24.53,91,AUTO.LOITER,1,1
2026-08-14T18:54:24,1786708465,13.730951,100.789648,12.2,12.02,0.4,-2.1,-90.9,269.1,0.02,-5.01,0.02,24.53,91,0,0,1
2026-08-14T18:54:25,1786708466,13.730952,100.789602,12.2,12.02,-0.1,-2.0,-87.1,272.9,0.04,-4.98,0.02,24.53,91,AUTO.LOITER,1,1
2026-08-14T18:54:26,1786708467,13.730952,100.789602,12.2,12.02,-0.2,-1.8,-86.1,273.9,0.04,-4.98,0.02,24.53,91,0,0,1
2026-08-14T18:54:27,1786708468,13.730952,100.789555,12.2,12.02,0.4,-1.9,-87.7,272.3,0.06,-4.94,0.03,24.53,91,AUTO.LOITER,1,1
2026-08-14T18:54:28,1786708469,13.730952,100.789555,12.2,12.02,0.4,-1.9,-89.7,270.3,0.06,-4.94,0.03,24.53,91,0,0,1
2026-08-14T18:54:29,1786708470,13.730952,100.789509,12.2,12.04,0.4,-1.8,-90.5,269.5,0.1,-4.91,0.03,24.53,91,AUTO.LOITER,1,1
2026-08-14T18:54:30,1786708471,13.730952,100.789509,12.2,12.04,0.2,-2.1,-90.1,269.9,0.1,-4.91,0.03,24.53,91,0,0,1
2026-08-14T18:54:31,1786708472,13.730952,100.789475,12.5,12.04,-0.0,-2.4,-89.2,270.8,0.1,-4.91,0.03,24.52,91,AUTO.LOITER,1,1
2026-08-14T18:54:32,1786708473,13.730953,100.789463,12.2,12.05,0.1,-2.4,-88.8,271.2,0.08,-4.95,0.05,24.52,91,0,0,1
2026-08-14T18:54:33,1786708474,13.730953,100.789428,12.5,12.05,0.0,-2.4,-89.0,271.0,0.08,-4.95,0.05,24.52,91,AUTO.LOITER,1,1
2026-08-14T18:54:34,1786708475,13.730953,100.789417,12.2,12.06,-0.1,-2.4,-89.4,270.6,0.07,-4.99,0.05,24.52,91,0,0,1
2026-08-14T18:54:35,1786708476,13.730953,100.789382,12.5,12.06,0.3,-2.1,-89.7,270.3,0.07,-4.99,0.05,24.52,91,AUTO.LOITER,1,1
2026-08-14T18:54:36,1786708477,13.730953,100.789371,12.3,12.06,0.4,-2.1,-89.7,270.3,0.07,-5.0,0.06,24.52,91,0,0,1
2026-08-14T18:54:37,1786708478,13.730953,100.789371,12.3,12.06,0.1,-2.4,-89.5,270.5,0.07,-5.0,0.06,24.52,91,0,0,1
2026-08-14T18:54:38,1786708479,13.730954,100.789325,12.3,12.07,-0.3,-2.5,-89.4,270.6,0.08,-5.01,0.07,24.52,91,0,0,1
2026-08-14T18:54:39,1786708480,13.730954,100.789325,12.3,12.07,0.1,-2.4,-89.4,270.6,0.08,-5.01,0.07,24.52,91,0,0,1
2026-08-14T18:54:40,1786708481,13.730954,100.789278,12.3,12.08,0.5,-2.1,-89.4,270.6,0.05,-5.04,0.07,24.51,91,AUTO.LOITER,1,1
2026-08-14T18:54:41,1786708482,13.730954,100.789278,12.3,12.08,0.2,-2.4,-89.5,270.5,0.05,-5.04,0.07,24.51,91,AUTO.LOITER,1,1
2026-08-14T18:54:42,1786708483,13.730955,100.789232,12.3,12.07,0.2,-2.4,-89.5,270.5,0.07,-5.03,0.07,24.51,91,0,0,1
2026-08-14T18:54:43,1786708484,13.730955,100.789232,12.3,12.07,-0.3,-2.0,-89.5,270.5,0.07,-5.03,0.07,24.51,91,0,0,1
2026-08-14T18:54:44,1786708485,13.730955,100.789186,12.3,12.08,-0.2,-2.1,-89.5,270.5,0.04,-5.03,0.07,24.51,91,AUTO.LOITER,1,1
2026-08-14T18:54:45,1786708486,13.730955,100.789186,12.3,12.08,0.2,-2.2,-89.5,270.5,0.04,-5.03,0.07,24.51,91,0,0,1
2026-08-14T18:54:46,1786708487,13.730956,100.789139,12.3,12.08,0.1,-2.1,-89.5,270.5,0.04,-5.03,0.08,24.5,91,AUTO.LOITER,1,1
2026-08-14T18:54:47,1786708488,13.730956,100.789139,12.3,12.08,0.3,-2.3,-89.5,270.5,0.04,-5.03,0.08,24.5,91,0,0,1
2026-08-14T18:54:48,1786708489,13.730956,100.789093,12.3,12.07,0.3,-2.2,-89.5,270.5,0.05,-5.04,0.07,24.5,91,AUTO.LOITER,1,1
2026-08-14T18:54:49,1786708490,13.730956,100.789093,12.3,12.07,0.2,-2.1,-89.5,270.5,0.05,-5.04,0.07,24.5,91,0,0,1
2026-08-14T18:54:50,1786708491,13.730956,100.789047,12.3,12.07,0.2,-2.0,-89.5,270.5,0.07,-5.05,0.07,24.5,91,AUTO.LOITER,1,1
2026-08-14T18:54:51,1786708492,13.730956,100.789047,12.3,12.07,0.2,-2.0,-89.5,270.5,0.07,-5.05,0.07,24.5,91,0,0,1
2026-08-14T18:54:52,1786708493,13.730957,100.789001,12.3,12.07,0.1,-2.1,-89.5,270.5,0.07,-5.04,0.06,24.5,90,AUTO.LOITER,1,1
2026-08-14T18:54:53,1786708494,13.730957,100.789001,12.3,12.07,0.1,-2.3,-89.5,270.5,0.07,-5.04,0.06,24.5,90,0,0,1
2026-08-14T18:54:54,1786708495,13.730957,100.789001,12.3,12.07,0.2,-2.2,-89.5,270.5,0.07,-5.04,0.06,24.5,90,0,0,1
2026-08-14T18:54:55,1786708496,13.730957,100.789001,12.3,12.07,0.2,-2.2,-89.5,270.5,0.07,-5.04,0.06,24.5,90,0,0,1
2026-08-14T18:54:56,1786708497,13.730958,100.788908,12.2,12.06,0.2,-2.2,-89.5,270.5,0.06,-5.02,0.05,24.49,90,AUTO.LOITER,1,1
2026-08-14T18:54:57,1786708498,13.730958,100.788908,12.2,12.06,0.3,-1.7,-89.5,270.5,0.06,-5.02,0.05,24.49,90,0,0,1
2026-08-14T18:54:58,1786708499,13.730958,100.788861,12.2,12.06,0.2,-2.1,-89.5,270.5,0.08,-5.0,0.05,24.49,90,AUTO.LOITER,1,1
2026-08-14T18:54:59,1786708500,13.730958,100.788861,12.2,12.06,-0.3,-2.0,-89.5,270.5,0.08,-5.0,0.05,24.49,90,0,0,1
2026-08-14T18:55:00,1786708501,13.730958,100.788815,12.3,12.08,0.1,-1.9,-89.5,270.5,0.06,-4.99,0.07,24.48,90,AUTO.LOITER,1,1
2026-08-14T18:55:01,1786708502,13.730958,100.788815,12.3,12.08,0.2,-1.9,-89.5,270.5,0.06,-4.99,0.07,24.48,90,0,0,1
2026-08-14T18:55:02,1786708503,13.730959,100.788769,12.3,12.11,0.0,-2.0,-89.5,270.5,0.06,-5.0,0.1,24.48,90,AUTO.LOITER,1,1
2026-08-14T18:55:03,1786708504,13.730959,100.788769,12.3,12.11,0.3,-2.1,-89.5,270.5,0.06,-5.0,0.1,24.48,90,0,0,1
2026-08-14T18:55:04,1786708505,13.730959,100.788734,12.6,12.11,0.3,-1.9,-89.5,270.5,0.06,-5.0,0.1,24.48,90,AUTO.LOITER,1,1
2026-08-14T18:55:05,1786708506,13.730959,100.788723,12.3,12.1,0.2,-1.9,-89.5,270.5,0.08,-5.01,0.1,24.48,90,0,0,1
2026-08-14T18:55:06,1786708507,13.73096,100.788689,12.6,12.1,-0.1,-1.9,-89.5,270.5,0.08,-5.01,0.1,24.48,90,AUTO.LOITER,1,1
2026-08-14T18:55:07,1786708508,13.73096,100.788676,12.3,12.09,-0.3,-1.9,-89.5,270.5,0.07,-5.0,0.09,24.48,90,0,0,1
2026-08-14T18:55:08,1786708509,13.73096,100.788641,12.6,12.09,0.2,-2.0,-89.5,270.5,0.07,-5.0,0.09,24.47,90,AUTO.LOITER,1,1
2026-08-14T18:55:09,1786708510,13.73096,100.78863,12.3,12.1,0.2,-1.8,-89.5,270.5,0.06,-5.0,0.09,24.47,90,0,0,1
2026-08-14T18:55:10,1786708511,13.73096,100.788595,12.6,12.1,-0.0,-1.9,-89.5,270.5,0.06,-5.0,0.09,24.47,90,AUTO.LOITER,1,1
2026-08-14T18:55:11,1786708512,13.73096,100.788595,12.6,12.1,0.2,-1.8,-89.5,270.5,0.06,-5.0,0.09,24.47,90,AUTO.LOITER,1,1
2026-08-14T18:55:12,1786708513,13.73096,100.788595,12.6,12.1,0.2,-1.9,-89.5,270.5,0.06,-5.0,0.09,24.47,90,0,0,1
2026-08-14T18:55:13,1786708514,13.73096,100.788595,12.6,12.1,0.2,-1.9,-89.5,270.5,0.06,-5.0,0.09,24.47,90,0,0,1
2026-08-14T18:55:14,1786708515,13.73096,100.788595,12.6,12.1,0.2,-1.9,-89.5,270.5,0.06,-5.0,0.09,24.47,90,0,0,1
2026-08-14T18:55:15,1786708516,13.730962,100.788491,12.3,12.11,0.2,-1.9,-89.5,270.5,0.04,-5.02,0.1,24.47,90,0,0,1
2026-08-14T18:55:16,1786708517,13.730962,100.788491,12.3,12.11,0.3,-1.8,-89.5,270.5,0.04,-5.02,0.1,24.47,90,0,0,1
2026-08-14T18:55:17,1786708518,13.730962,100.788445,12.3,12.12,0.4,-1.8,-89.5,270.5,0.05,-5.01,0.11,24.46,90,0,0,1
2026-08-14T18:55:18,1786708519,13.730962,100.788445,12.3,12.12,-0.1,-2.2,-89.4,270.6,0.05,-5.01,0.11,24.46,90,0,0,1
2026-08-14T18:55:19,1786708520,13.730963,100.788399,12.3,12.12,-0.5,-1.8,-89.4,270.6,0.06,-5.03,0.11,24.46,89,AUTO.LOITER,1,1
2026-08-14T18:55:20,1786708521,13.730963,100.788399,12.3,12.12,-0.1,-1.3,-89.5,270.5,0.06,-5.03,0.11,24.46,89,0,0,1
2026-08-14T18:55:21,1786708522,13.730963,100.788352,12.3,12.12,0.2,-1.6,-89.5,270.5,0.02,-4.99,0.12,24.46,89,AUTO.LOITER,1,1
2026-08-14T18:55:22,1786708523,13.730963,100.788352,12.3,12.12,0.2,-2.3,-89.5,270.5,0.02,-4.99,0.12,24.46,89,0,0,1
2026-08-14T18:55:23,1786708524,13.730963,100.788306,12.3,12.12,0.2,-2.2,-89.5,270.5,0.05,-5.0,0.12,24.45,89,AUTO.LOITER,1,1
2026-08-14T18:55:24,1786708525,13.730963,100.788306,12.3,12.12,0.2,-1.6,-89.4,270.6,0.05,-5.0,0.12,24.45,89,0,0,1
2026-08-14T18:55:25,1786708526,13.730963,100.78826,12.3,12.12,0.2,-1.8,-89.4,270.6,0.07,-5.0,0.12,24.45,89,AUTO.LOITER,1,1
2026-08-14T18:55:26,1786708527,13.730963,100.78826,12.3,12.12,0.2,-1.8,-89.4,270.6,0.07,-5.0,0.12,24.45,89,0,0,1
2026-08-14T18:55:27,1786708528,13.730964,100.788213,12.3,12.13,-0.1,-1.9,-89.4,270.6,0.06,-4.99,0.12,24.45,89,AUTO.LOITER,1,1
2026-08-14T18:55:28,1786708529,13.730964,100.788213,12.3,12.13,-0.1,-1.8,-89.4,270.6,0.06,-4.99,0.12,24.45,89,0,0,1
2026-08-14T18:55:29,1786708530,13.730964,100.788167,12.3,12.12,0.2,-1.9,-89.5,270.5,0.05,-4.99,0.12,24.45,89,AUTO.LOITER,1,1
2026-08-14T18:55:30,1786708531,13.730964,100.788167,12.3,12.12,0.2,-1.7,-89.5,270.5,0.05,-4.99,0.12,24.45,89,0,0,1
2026-08-14T18:55:31,1786708532,13.730965,100.788121,12.3,12.12,-0.2,-1.8,-89.4,270.6,0.05,-4.98,0.12,24.44,89,AUTO.LOITER,1,1
2026-08-14T18:55:32,1786708533,13.730965,100.788121,12.3,12.12,-0.3,-2.1,-89.5,270.5,0.05,-4.98,0.12,24.44,89,0,0,1
2026-08-14T18:55:33,1786708534,13.730965,100.788074,12.3,12.12,0.2,-1.9,-89.5,270.5,0.03,-4.98,0.12,24.44,89,AUTO.LOITER,1,1
2026-08-14T18:55:34,1786708535,13.730965,100.788074,12.3,12.12,0.5,-1.9,-89.5,270.5,0.03,-4.98,0.12,24.44,89,0,0,1
2026-08-14T18:55:35,1786708536,13.730966,100.788039,12.6,12.12,0.5,-1.9,-89.5,270.5,0.03,-4.98,0.12,24.44,89,AUTO.LOITER,1,1
2026-08-14T18:55:36,1786708537,13.730966,100.788028,12.3,12.12,-0.2,-1.7,-89.4,270.6,0.05,-4.98,0.12,24.44,89,AUTO.LOITER,1,1
2026-08-14T18:55:37,1786708538,13.730966,100.787994,12.7,12.12,0.2,-1.8,-89.5,270.5,0.05,-4.98,0.12,24.43,89,AUTO.LOITER,1,1
2026-08-14T18:55:38,1786708539,13.730966,100.787982,12.3,12.12,0.1,3.2,-89.5,270.5,0.05,-4.97,0.12,24.43,89,0,0,1
2026-08-14T18:55:39,1786708540,13.730966,100.787953,12.7,12.12,0.2,11.3,-89.4,270.6,0.05,-4.97,0.12,24.43,89,AUTO.LOITER,1,1
2026-08-14T18:55:40,1786708541,13.730966,100.787943,12.3,12.12,0.6,7.3,-89.2,270.8,0.03,-3.24,0.13,24.43,89,0,0,1
2026-08-14T18:55:41,1786708542,13.730967,100.787926,12.7,12.12,0.3,5.6,-89.0,271.0,0.03,-3.24,0.13,24.43,89,AUTO.LOITER,1,1
2026-08-14T18:55:42,1786708543,13.730967,100.787921,12.3,12.12,11.6,9.8,-88.1,271.9,0.17,-1.87,0.07,24.43,89,0,0,1
2026-08-14T18:55:43,1786708544,13.730976,100.787914,12.7,12.12,17.1,11.2,-83.0,277.0,0.17,-1.87,0.07,24.43,89,AUTO.LOITER,1,1
2026-08-14T18:55:44,1786708545,13.730976,100.787914,12.7,12.12,14.5,-6.3,-75.0,285.0,0.17,-1.87,0.07,24.43,89,0,0,1
2026-08-14T18:55:45,1786708546,13.730976,100.787914,12.7,12.12,11.5,-13.7,-58.1,301.9,0.17,-1.87,0.07,24.43,89,0,0,1
2026-08-14T18:55:46,1786708547,13.731018,100.787909,12.3,12.15,-0.0,0.4,-38.3,321.7,5.11,-0.74,0.22,24.42,89,0,0,1
2026-08-14T18:55:47,1786708548,13.731018,100.787909,12.3,12.15,-3.7,15.3,-24.0,336.0,5.11,-0.74,0.22,24.42,89,0,0,1
2026-08-14T18:55:48,1786708549,13.731057,100.787902,12.3,12.15,0.1,10.7,-13.0,347.0,3.11,-0.43,0.19,24.42,88,0,0,1
2026-08-14T18:55:49,1786708550,13.731057,100.787902,12.3,12.15,6.0,6.8,-4.9,355.1,3.11,-0.43,0.19,24.42,88,0,0,1
2026-08-14T18:55:50,1786708551,13.731075,100.787901,12.3,12.16,6.0,6.8,-4.9,355.1,1.4,0.57,0.07,24.42,88,AUTO.LOITER,1,1
2026-08-14T18:55:51,1786708552,13.731075,100.787901,12.3,12.16,12.7,5.9,15.9,15.9,1.4,0.57,0.07,24.42,88,AUTO.LOITER,1,1
2026-08-14T18:55:52,1786708553,13.731078,100.787914,12.8,12.16,13.8,-12.4,28.0,28.0,1.4,0.57,0.07,24.41,88,AUTO.LOITER,1,1
2026-08-14T18:55:53,1786708554,13.731078,100.787914,12.8,12.16,7.8,-9.4,45.8,45.8,1.4,0.57,0.07,24.41,88,0,0,1
2026-08-14T18:55:54,1786708555,13.731079,100.787962,12.4,12.18,1.1,2.6,59.8,59.8,0.17,5.22,0.22,24.41,88,AUTO.LOITER,1,1
2026-08-14T18:55:55,1786708556,13.731079,100.787962,12.4,12.18,3.3,-2.8,70.2,70.2,0.17,5.22,0.22,24.41,88,0,0,1
2026-08-14T18:55:56,1786708557,13.73108,100.788006,12.4,12.19,0.6,-3.9,80.5,80.5,-0.12,5.0,0.21,24.41,88,AUTO.LOITER,1,1
2026-08-14T18:55:57,1786708558,13.73108,100.788006,12.4,12.19,-0.8,-2.4,90.0,90.0,-0.12,5.0,0.21,24.41,88,0,0,1
2026-08-14T18:55:58,1786708559,13.73108,100.788052,12.4,12.18,-0.8,-2.4,90.0,90.0,0.0,5.09,0.18,24.41,88,0,0,1
2026-08-14T18:55:59,1786708560,13.73108,100.788052,12.4,12.18,-0.1,-2.0,94.7,94.7,0.0,5.09,0.18,24.41,88,0,0,1
2026-08-14T18:56:00,1786708561,13.73108,100.788099,12.4,12.18,0.5,-2.3,93.1,93.1,-0.02,5.06,0.18,24.4,88,AUTO.LOITER,1,1
2026-08-14T18:56:01,1786708562,13.73108,100.788099,12.4,12.18,0.2,-1.9,88.9,88.9,-0.02,5.06,0.18,24.4,88,0,0,1
2026-08-14T18:56:02,1786708563,13.73108,100.788145,12.4,12.18,-0.3,-2.0,86.3,86.3,0.0,5.02,0.19,24.4,88,AUTO.LOITER,1,1
2026-08-14T18:56:03,1786708564,13.73108,100.788145,12.4,12.18,-0.4,-1.7,86.7,86.7,0.0,5.02,0.19,24.4,88,0,0,1
2026-08-14T18:56:04,1786708565,13.731081,100.788192,12.4,12.17,-0.1,-1.7,88.7,88.7,0.05,4.97,0.18,24.4,88,AUTO.LOITER,1,1
2026-08-14T18:56:05,1786708566,13.731081,100.788192,12.4,12.17,-0.3,-1.8,90.2,90.2,0.05,4.97,0.18,24.4,88,0,0,1
2026-08-14T18:56:06,1786708567,13.731081,100.788238,12.4,12.17,-0.1,-1.7,90.4,90.4,0.07,4.94,0.16,24.39,88,AUTO.LOITER,1,1
2026-08-14T18:56:07,1786708568,13.731081,100.788238,12.4,12.17,0.2,-1.9,89.7,89.7,0.07,4.94,0.16,24.39,88,0,0,1
2026-08-14T18:56:08,1786708569,13.731082,100.788284,12.4,12.17,0.3,-2.3,89.0,89.0,0.03,4.97,0.17,24.39,88,AUTO.LOITER,1,1
2026-08-14T18:56:09,1786708570,13.731082,100.788284,12.4,12.17,-0.3,-2.2,88.9,88.9,0.03,4.97,0.17,24.39,88,0,0,1
2026-08-14T18:56:10,1786708571,13.731082,100.788284,12.4,12.17,-0.5,-2.1,89.2,89.2,0.03,4.97,0.17,24.39,88,0,0,1
2026-08-14T18:56:11,1786708572,13.731082,100.788331,12.3,12.15,-0.5,-2.1,89.2,89.2,0.08,5.0,0.15,24.39,88,0,0,1
2026-08-14T18:56:12,1786708573,13.731082,100.788365,12.8,12.15,0.0,-1.8,89.7,89.7,0.08,5.0,0.15,24.39,88,AUTO.LOITER,1,1
2026-08-14T18:56:13,1786708574,13.731082,100.788365,12.8,12.15,0.0,-1.8,89.7,89.7,0.08,5.0,0.15,24.39,88,0,0,1
2026-08-14T18:56:14,1786708575,13.731083,100.78841,12.8,12.15,0.4,-2.4,89.5,89.5,0.08,5.0,0.15,24.38,88,AUTO.LOITER,1,1
2026-08-14T18:56:15,1786708576,13.731083,100.788423,12.3,12.14,0.1,-2.3,89.4,89.4,0.03,4.98,0.13,24.38,88,0,0,1
2026-08-14T18:56:16,1786708577,13.731083,100.788458,12.8,12.14,-0.3,-2.1,89.4,89.4,0.03,4.98,0.13,24.38,87,AUTO.LOITER,1,1
2026-08-14T18:56:17,1786708578,13.731083,100.788469,12.3,12.14,-0.4,-2.1,89.5,89.5,0.05,5.0,0.13,24.38,87,0,0,1
2026-08-14T18:56:18,1786708579,13.731083,100.788503,12.8,12.14,-0.2,-2.6,89.5,89.5,0.05,5.0,0.13,24.38,87,AUTO.LOITER,1,1
2026-08-14T18:56:19,1786708580,13.731083,100.788515,12.3,12.15,0.1,-2.7,89.5,89.5,0.08,5.02,0.14,24.38,87,0,0,1
2026-08-14T18:56:20,1786708581,13.731083,100.788515,12.3,12.15,-0.0,-2.0,89.5,89.5,0.08,5.02,0.14,24.38,87,0,0,1
2026-08-14T18:56:21,1786708582,13.731083,100.788515,12.3,12.15,-0.0,-2.0,89.5,89.5,0.08,5.02,0.14,24.38,87,0,0,1
2026-08-14T18:56:22,1786708583,13.731083,100.788515,12.3,12.15,-0.0,-1.9,89.5,89.5,0.08,5.02,0.14,24.38,87,0,0,1
2026-08-14T18:56:23,1786708584,13.731084,100.788597,12.8,12.15,-0.1,-1.9,89.5,89.5,0.08,5.02,0.14,24.37,87,0,0,1
2026-08-14T18:56:24,1786708585,13.731084,100.788597,12.8,12.15,-0.1,-2.1,89.5,89.5,0.08,5.02,0.14,24.37,87,0,0,1
2026-08-14T18:56:25,1786708586,13.731085,100.788655,12.3,12.16,-0.0,-2.2,89.5,89.5,0.05,4.98,0.16,24.37,87,AUTO.LOITER,1,1
2026-08-14T18:56:26,1786708587,13.731085,100.788655,12.3,12.16,0.2,-2.3,89.5,89.5,0.05,4.98,0.16,24.37,87,0,0,1
2026-08-14T18:56:27,1786708588,13.731085,100.788701,12.3,12.15,0.2,-2.3,89.5,89.5,0.03,5.0,0.14,24.37,87,AUTO.LOITER,1,1
2026-08-14T18:56:28,1786708589,13.731085,100.788701,12.3,12.15,0.2,-2.2,89.5,89.5,0.03,5.0,0.14,24.37,87,0,0,1
2026-08-14T18:56:29,1786708590,13.731086,100.788747,12.3,12.16,-0.2,-2.1,89.5,89.5,0.03,5.01,0.15,24.36,87,AUTO.LOITER,1,1
2026-08-14T18:56:30,1786708591,13.731086,100.788747,12.3,12.16,-0.1,-2.3,89.5,89.5,0.03,5.01,0.15,24.36,87,0,0,1
2026-08-14T18:56:31,1786708592,13.731086,100.788793,12.3,12.16,0.2,-2.3,89.5,89.5,0.03,5.03,0.16,24.36,87,AUTO.LOITER,1,1
2026-08-14T18:56:32,1786708593,13.731086,100.788793,12.3,12.16,-0.2,-2.1,89.5,89.5,0.03,5.03,0.16,24.36,87,0,0,1
2026-08-14T18:56:33,1786708594,13.731086,100.788839,12.4,12.18,-0.1,-2.3,89.5,89.5,0.04,5.04,0.17,24.36,87,AUTO.LOITER,1,1
2026-08-14T18:56:34,1786708595,13.731086,100.788839,12.4,12.18,-0.1,-2.4,89.5,89.5,0.04,5.04,0.17,24.36,87,0,0,1
2026-08-14T18:56:35,1786708596,13.731087,100.788874,12.8,12.18,-0.1,-2.2,89.5,89.5,0.04,5.04,0.17,24.36,87,AUTO.LOITER,1,1
2026-08-14T18:56:36,1786708597,13.731087,100.788886,12.4,12.19,0.2,-2.0,89.5,89.5,0.05,5.05,0.19,24.36,87,0,0,1
2026-08-14T18:56:37,1786708598,13.731087,100.788886,12.4,12.19,0.1,-2.1,89.5,89.5,0.05,5.05,0.19,24.36,87,0,0,1
2026-08-14T18:56:38,1786708599,13.731087,100.788886,12.4,12.19,-0.0,-2.5,89.5,89.5,0.05,5.05,0.19,24.36,87,0,0,1
2026-08-14T18:56:39,1786708600,13.731087,100.788886,12.4,12.19,-0.3,-2.2,89.5,89.5,0.05,5.05,0.19,24.36,87,0,0,1
2026-08-14T18:56:40,1786708601,13.731087,100.788978,12.4,12.18,-0.2,-1.8,89.5,89.5,0.04,5.05,0.18,24.36,87,0,0,1
2026-08-14T18:56:41,1786708602,13.731087,100.788978,12.4,12.18,-0.2,-1.8,89.5,89.5,0.04,5.05,0.18,24.36,87,AUTO.LOITER,1,1
2026-08-14T18:56:42,1786708603,13.731088,100.789025,12.4,12.19,-0.2,-1.8,89.5,89.5,0.04,5.02,0.18,24.36,87,AUTO.LOITER,1,1
2026-08-14T18:56:43,1786708604,13.731088,100.789059,12.9,12.19,-0.1,-1.8,89.5,89.5,0.04,5.02,0.18,24.34,87,AUTO.LOITER,1,1
2026-08-14T18:56:44,1786708605,13.731088,100.789071,12.4,12.19,0.1,-2.0,89.5,89.5,0.05,5.0,0.19,24.34,87,0,0,1
2026-08-14T18:56:45,1786708606,13.731089,100.789106,12.9,12.19,-0.1,-2.5,89.5,89.5,0.05,5.0,0.19,24.34,86,AUTO.LOITER,1,1
2026-08-14T18:56:46,1786708607,13.731089,100.789117,12.4,12.2,-0.2,-2.1,89.5,89.5,0.03,5.01,0.19,24.34,86,0,0,1
2026-08-14T18:56:47,1786708608,13.731089,100.789117,12.4,12.2,-0.3,-1.9,89.5,89.5,0.03,5.01,0.19,24.34,86,0,0,1
2026-08-14T18:56:48,1786708609,13.731089,100.789164,12.4,12.2,-0.2,-1.6,89.5,89.5,0.05,4.99,0.2,24.34,86,0,0,1
2026-08-14T18:56:49,1786708610,13.731089,100.789164,12.4,12.2,-0.2,-2.0,89.5,89.5,0.05,4.99,0.2,24.34,86,0,0,1
2026-08-14T18:56:50,1786708611,13.731089,100.78921,12.4,12.2,-0.1,-2.1,89.5,89.5,0.06,4.95,0.2,24.34,86,AUTO.LOITER,1,1
2026-08-14T18:56:51,1786708612,13.731089,100.78921,12.4,12.2,-0.0,-2.2,89.5,89.5,0.06,4.95,0.2,24.34,86,0,0,1
2026-08-14T18:56:52,1786708613,13.73109,100.789256,12.4,12.21,-0.1,-2.2,89.5,89.5,0.05,4.97,0.21,24.33,86,AUTO.LOITER,1,1
2026-08-14T18:56:53,1786708614,13.73109,100.789256,12.4,12.21,-0.3,-2.2,89.5,89.5,0.05,4.97,0.21,24.33,86,0,0,1
2026-08-14T18:56:54,1786708615,13.73109,100.789303,12.4,12.21,-0.3,-2.2,89.5,89.5,0.05,4.98,0.2,24.33,86,AUTO.LOITER,1,1
2026-08-14T18:56:55,1786708616,13.73109,100.789303,12.4,12.21,-0.3,-2.2,89.5,89.5,0.05,4.98,0.2,24.33,86,0,0,1
2026-08-14T18:56:56,1786708617,13.73109,100.789303,12.4,12.21,-0.1,-2.4,89.5,89.5,0.05,4.98,0.2,24.33,86,0,0,1
2026-08-14T18:56:57,1786708618,13.73109,100.789303,12.4,12.21,-0.1,-2.4,89.5,89.5,0.05,4.98,0.2,24.33,86,0,0,1
2026-08-14T18:56:58,1786708619,13.73109,100.789303,12.4,12.21,-0.1,-2.4,89.5,89.5,0.05,4.98,0.2,24.33,86,0,0,1
2026-08-14T18:56:59,1786708620,13.73109,100.789303,12.4,12.21,-0.2,-2.1,89.5,89.5,0.05,4.98,0.2,24.33,86,0,0,1
2026-08-14T18:57:00,1786708621,13.731092,100.789441,12.4,12.21,-0.3,-2.3,89.5,89.5,0.03,5.0,0.21,24.32,86,AUTO.LOITER,1,1
2026-08-14T18:57:01,1786708622,13.731092,100.789441,12.4,12.21,0.0,-2.3,89.5,89.5,0.03,5.0,0.21,24.32,86,0,0,1
2026-08-14T18:57:02,1786708623,13.731092,100.789488,12.4,12.2,-0.1,-2.0,89.5,89.5,0.02,5.0,0.2,24.32,86,AUTO.LOITER,1,1
2026-08-14T18:57:03,1786708624,13.731092,100.789488,12.4,12.2,-0.0,-2.1,89.5,89.5,0.02,5.0,0.2,24.32,86,0,0,1
2026-08-14T18:57:04,1786708625,13.731092,100.789534,12.4,12.2,-0.1,-2.4,89.5,89.5,0.02,5.01,0.19,24.32,86,AUTO.LOITER,1,1
2026-08-14T18:57:05,1786708626,13.731092,100.789534,12.4,12.2,-0.2,-2.6,89.5,89.5,0.02,5.01,0.19,24.32,86,AUTO.LOITER,1,1
2026-08-14T18:57:06,1786708627,13.731092,100.789534,12.4,12.2,-0.2,-2.3,89.5,89.5,0.02,5.01,0.19,24.32,86,AUTO.LOITER,1,1
2026-08-14T18:57:07,1786708628,13.731093,100.78958,12.4,12.21,-0.1,-2.1,89.5,89.5,0.04,5.04,0.2,24.32,86,0,0,1
2026-08-14T18:57:08,1786708629,13.731093,100.789614,12.9,12.21,-0.1,-2.3,89.5,89.5,0.04,5.04,0.2,24.31,86,AUTO.LOITER,1,1
2026-08-14T18:57:09,1786708630,13.731093,100.789626,12.4,12.21,-0.0,-2.5,89.5,89.5,0.05,5.03,0.2,24.31,86,0,0,1
2026-08-14T18:57:10,1786708631,13.731093,100.789661,12.9,12.21,-0.1,-2.3,89.5,89.5,0.05,5.03,0.2,24.31,86,AUTO.LOITER,1,1
2026-08-14T18:57:11,1786708632,13.731093,100.789673,12.4,12.2,-0.1,-2.2,89.5,89.5,0.04,5.04,0.2,24.31,86,0,0,1
2026-08-14T18:57:12,1786708633,13.731094,100.789707,12.9,12.2,-0.3,-2.4,89.5,89.5,0.04,5.04,0.2,24.31,86,AUTO.LOITER,1,1
2026-08-14T18:57:13,1786708634,13.731094,100.789719,12.4,12.19,-0.4,-2.2,89.4,89.4,0.06,5.04,0.19,24.31,86,0,0,1
2026-08-14T18:57:14,1786708635,13.731094,100.789719,12.4,12.19,-0.4,-1.9,89.4,89.4,0.06,5.04,0.19,24.31,86,0,0,1
2026-08-14T18:57:15,1786708636,13.731094,100.789766,12.4,12.19,-0.2,8.5,89.2,89.2,0.08,4.93,0.17,24.3,85,0,0,1
2026-08-14T18:57:16,1786708637,13.731094,100.789766,12.4,12.19,0.3,10.3,89.3,89.3,0.08,4.93,0.17,24.3,85,0,0,1
2026-08-14T18:57:17,1786708638,13.731095,100.789801,12.4,12.18,0.4,6.2,89.6,89.6,0.04,2.94,0.19,24.3,85,AUTO.LOITER,1,1
2026-08-14T18:57:18,1786708639,13.731095,100.789801,12.4,12.18,-4.4,13.9,89.1,89.1,0.04,2.94,0.19,24.3,85,0,0,1
2026-08-14T18:57:19,1786708640,13.731095,100.789817,12.9,12.18,-5.7,18.9,85.1,85.1,0.04,2.94,0.19,24.3,85,AUTO.LOITER,1,1
2026-08-14T18:57:20,1786708641,13.731095,100.789817,12.9,12.18,-5.7,18.9,85.1,85.1,0.04,2.94,0.19,24.3,85,0,0,1
2026-08-14T18:57:21,1786708642,13.731095,100.789817,12.9,12.18,-14.4,10.0,58.7,58.7,0.04,2.94,0.19,24.3,85,0,0,1
2026-08-14T18:57:22,1786708643,13.731095,100.789817,12.9,12.18,-14.4,10.0,58.7,58.7,0.04,2.94,0.19,24.3,85,0,0,1
2026-08-14T18:57:23,1786708644,13.731117,100.789778,12.4,12.2,-3.5,-3.6,28.7,28.7,2.27,-4.63,0.24,24.29,85,AUTO.LOITER,1,1
2026-08-14T18:57:24,1786708645,13.731117,100.789778,12.4,12.2,-1.1,1.1,16.4,16.4,2.27,-4.63,0.24,24.29,85,0,0,1
2026-08-14T18:57:25,1786708646,13.731138,100.789738,12.4,12.17,-5.6,-0.9,5.5,5.5,2.25,-4.43,0.18,24.29,85,AUTO.LOITER,1,1
2026-08-14T18:57:26,1786708647,13.731138,100.789738,12.4,12.17,-2.1,-2.3,-5.8,354.2,2.25,-4.43,0.18,24.29,85,0,0,1
2026-08-14T18:57:27,1786708648,13.731157,100.789698,12.3,12.16,3.0,1.1,-18.1,341.9,2.29,-4.6,0.17,24.29,85,AUTO.LOITER,1,1
2026-08-14T18:57:28,1786708649,13.731157,100.789698,12.3,12.16,6.5,8.8,-30.7,329.3,2.29,-4.6,0.17,24.29,85,0,0,1
2026-08-14T18:57:29,1786708650,13.731174,100.789663,12.3,12.16,6.5,8.8,-30.7,329.3,1.61,-2.94,0.18,24.28,85,AUTO.LOITER,1,1
2026-08-14T18:57:30,1786708651,13.731174,100.789663,12.3,12.16,1.2,7.7,-44.2,315.8,1.61,-2.94,0.18,24.28,85,0,0,1
2026-08-14T18:57:31,1786708652,13.731184,100.789642,12.3,12.14,-0.3,6.3,-56.9,303.1,0.77,-1.77,0.14,24.28,85,AUTO.LOITER,1,1
2026-08-14T18:57:32,1786708653,13.731184,100.789642,12.3,12.14,1.4,3.4,-67.0,293.0,0.77,-1.77,0.14,24.28,85,0,0,1
2026-08-14T18:57:33,1786708654,13.73119,100.789628,12.8,12.14,-1.1,-3.7,-71.9,288.1,0.77,-1.77,0.14,24.28,85,AUTO.LOITER,1,1
2026-08-14T18:57:34,1786708655,13.731192,100.789625,12.3,12.15,2.7,9.1,-69.9,290.1,0.81,-1.66,0.1,24.28,85,0,0,1
2026-08-14T18:57:35,1786708656,13.731196,100.789616,12.8,12.15,-4.0,8.4,-64.7,295.3,0.81,-1.66,0.1,24.27,85,AUTO.LOITER,1,1
2026-08-14T18:57:36,1786708657,13.731197,100.789614,12.2,12.04,3.5,9.5,-61.1,298.9,0.13,-0.52,0.75,24.27,85,0,0,1
2026-08-14T18:57:37,1786708658,13.731197,100.789614,12.2,12.04,0.2,1.3,-61.6,298.4,0.13,-0.52,0.75,24.27,85,0,0,1
2026-08-14T18:57:38,1786708659,13.731197,100.789614,11.7,12.04,-0.8,-1.8,-64.3,295.7,0.13,-0.52,0.75,24.27,85,0,0,1
2026-08-14T18:57:39,1786708660,13.731197,100.789614,11.7,12.04,-0.8,-1.8,-64.3,295.7,0.13,-0.52,0.75,24.27,85,0,0,1
2026-08-14T18:57:40,1786708661,13.731197,100.789614,10.5,10.33,-0.8,-1.8,-64.3,295.7,-0.01,0.01,0.7,24.27,85,AUTO.LOITER,1,1
2026-08-14T18:57:41,1786708662,13.731197,100.789614,10.5,10.33,0.2,1.6,-66.6,293.4,-0.01,0.01,0.7,24.27,85,0,0,1
2026-08-14T18:57:42,1786708663,13.731197,100.789614,10.5,10.33,0.6,0.3,-65.6,294.4,-0.01,0.01,0.7,24.27,84,AUTO.LOITER,1,1
2026-08-14T18:57:43,1786708664,13.731197,100.789614,10.0,9.85,0.2,-0.6,-64.7,295.3,-0.01,0.11,0.52,24.27,84,0,0,1
2026-08-14T18:57:44,1786708665,13.731197,100.789615,10.2,9.85,-0.4,-0.4,-64.4,295.6,-0.01,0.11,0.52,24.26,84,AUTO.LOITER,1,1
2026-08-14T18:57:45,1786708666,13.731197,100.789615,9.7,9.52,-0.4,-0.3,-64.8,295.2,0.0,0.01,0.41,24.26,84,0,0,1
2026-08-14T18:57:46,1786708667,13.731197,100.789615,9.7,9.52,0.2,-0.4,-65.3,294.7,0.0,0.01,0.41,24.26,84,0,0,1
2026-08-14T18:57:47,1786708668,13.731197,100.789615,9.4,9.19,0.3,-0.6,-65.5,294.5,0.0,-0.03,0.36,24.26,84,AUTO.LOITER,1,1
2026-08-14T18:57:48,1786708669,13.731197,100.789615,9.4,9.19,-0.1,-0.3,-65.4,294.6,0.0,-0.03,0.36,24.26,84,AUTO.LOITER,1,1
2026-08-14T18:57:49,1786708670,13.731197,100.789615,9.1,8.89,-0.0,-0.0,-65.2,294.8,0.0,-0.06,0.35,24.26,84,AUTO.LOITER,1,1
2026-08-14T18:57:50,1786708671,13.731197,100.789615,9.1,8.89,0.3,-0.5,-65.1,294.9,0.0,-0.06,0.35,24.26,84,0,0,1
2026-08-14T18:57:51,1786708672,13.731197,100.789615,8.8,8.59,0.3,-0.5,-65.1,294.9,0.01,-0.06,0.34,24.26,84,AUTO.LOITER,1,1
2026-08-14T18:57:52,1786708673,13.731197,100.789615,8.8,8.59,0.2,-0.2,-65.1,294.9,0.01,-0.06,0.34,24.26,84,0,0,1
2026-08-14T18:57:53,1786708674,13.731197,100.789614,8.5,8.28,0.2,0.1,-65.2,294.8,0.01,-0.03,0.33,24.25,84,AUTO.LOITER,1,1
2026-08-14T18:57:54,1786708675,13.731197,100.789614,8.5,8.28,-0.4,-0.1,-65.3,294.7,0.01,-0.03,0.33,24.25,84,0,0,1
2026-08-14T18:57:55,1786708676,13.731197,100.789615,8.5,8.28,-0.2,-0.4,-65.3,294.7,0.01,-0.03,0.33,24.25,84,AUTO.LOITER,1,1
2026-08-14T18:57:56,1786708677,13.731197,100.789614,8.2,7.97,0.6,-0.2,-65.2,294.8,-0.02,-0.05,0.31,24.25,84,0,0,1
2026-08-14T18:57:57,1786708678,13.731197,100.789614,8.0,7.97,0.3,0.0,-65.2,294.8,-0.02,-0.05,0.31,24.25,84,AUTO.LOITER,1,1
2026-08-14T18:57:58,1786708679,13.731197,100.789614,7.8,7.65,0.2,0.0,-65.2,294.8,0.01,-0.02,0.3,24.25,84,0,0,1
2026-08-14T18:57:59,1786708680,13.731197,100.789614,7.8,7.65,0.2,0.3,-65.2,294.8,0.01,-0.02,0.3,24.25,84,0,0,1
2026-08-14T18:58:00,1786708681,13.731197,100.789614,7.5,7.33,0.1,0.0,-65.2,294.8,0.0,0.0,0.27,24.24,84,0,0,1
2026-08-14T18:58:01,1786708682,13.731197,100.789614,7.5,7.33,0.3,-0.6,-65.2,294.8,0.0,0.0,0.27,24.24,84,0,0,1
2026-08-14T18:58:02,1786708683,13.731197,100.789614,7.2,7.02,0.4,-0.4,-65.2,294.8,0.02,-0.02,0.26,24.24,84,AUTO.LOITER,1,1
2026-08-14T18:58:03,1786708684,13.731197,100.789614,7.2,7.02,0.1,-0.1,-65.2,294.8,0.02,-0.02,0.26,24.24,84,0,0,1
2026-08-14T18:58:04,1786708685,13.731197,100.789614,6.9,6.72,-0.1,0.1,-65.2,294.8,0.03,-0.04,0.25,24.24,84,AUTO.LOITER,1,1
2026-08-14T18:58:05,1786708686,13.731197,100.789614,6.9,6.72,0.1,0.0,-65.2,294.8,0.03,-0.04,0.25,24.24,84,0,0,1
2026-08-14T18:58:06,1786708687,13.731198,100.789614,6.6,6.42,0.1,0.0,-65.2,294.8,0.0,-0.04,0.25,24.24,84,AUTO.LOITER,1,1
2026-08-14T18:58:07,1786708688,13.731198,100.789614,6.6,6.42,0.1,0.0,-65.2,294.8,0.0,-0.04,0.25,24.24,84,AUTO.LOITER,1,1
2026-08-14T18:58:08,1786708689,13.731198,100.789614,6.3,6.1,0.1,0.0,-65.2,294.8,0.01,-0.04,0.23,24.23,84,AUTO.LOITER,1,1
2026-08-14T18:58:09,1786708690,13.731198,100.789614,6.3,6.1,0.3,-0.1,-65.2,294.8,0.01,-0.04,0.23,24.23,84,0,0,1
2026-08-14T18:58:10,1786708691,13.731197,100.789614,6.1,6.1,0.1,-0.1,-65.2,294.8,0.01,-0.04,0.23,24.23,84,AUTO.LOITER,1,1
2026-08-14T18:58:11,1786708692,13.731198,100.789614,6.0,5.8,0.2,0.0,-65.2,294.8,0.01,-0.05,0.22,24.23,84,0,0,1
2026-08-14T18:58:12,1786708693,13.731198,100.789614,5.8,5.8,0.4,-0.1,-65.2,294.8,0.01,-0.05,0.22,24.23,83,AUTO.LOITER,1,1
2026-08-14T18:58:13,1786708694,13.731197,100.789614,5.7,5.5,0.4,-0.1,-65.2,294.8,0.03,-0.05,0.22,24.23,83,0,0,1
2026-08-14T18:58:14,1786708695,13.731197,100.789614,5.7,5.5,0.3,0.3,-65.2,294.8,0.03,-0.05,0.22,24.23,83,0,0,1
2026-08-14T18:58:15,1786708696,13.731197,100.789614,5.7,5.5,0.1,0.1,-65.2,294.8,0.03,-0.05,0.22,24.23,83,0,0,1
2026-08-14T18:58:16,1786708697,13.731197,100.789614,5.7,5.5,0.1,0.1,-65.2,294.8,0.03,-0.05,0.22,24.23,83,0,0,1
2026-08-14T18:58:17,1786708698,13.731198,100.789614,5.1,4.9,0.1,0.2,-65.2,294.8,0.03,-0.05,0.21,24.22,83,AUTO.LOITER,1,1
2026-08-14T18:58:18,1786708699,13.731198,100.789614,5.1,4.9,-0.0,0.5,-65.2,294.8,0.03,-0.05,0.21,24.22,83,0,0,1
2026-08-14T18:58:19,1786708700,13.731198,100.789613,4.8,4.6,0.1,0.3,-65.2,294.8,0.0,-0.01,0.22,24.22,83,AUTO.LOITER,1,1
2026-08-14T18:58:20,1786708701,13.731198,100.789613,4.8,4.6,0.1,0.3,-65.2,294.8,0.0,-0.01,0.22,24.22,83,0,0,1
2026-08-14T18:58:21,1786708702,13.731198,100.789613,4.5,4.29,0.1,0.2,-65.2,294.8,-0.01,-0.01,0.2,24.22,83,AUTO.LOITER,1,1
2026-08-14T18:58:22,1786708703,13.731198,100.789613,4.5,4.29,0.2,0.4,-65.2,294.8,-0.01,-0.01,0.2,24.22,83,0,0,1
2026-08-14T18:58:23,1786708704,13.731198,100.789613,4.2,3.99,0.4,0.3,-65.2,294.8,0.0,0.01,0.2,24.22,83,0,0,1
2026-08-14T18:58:24,1786708705,13.731198,100.789613,4.2,3.99,0.4,0.3,-65.2,294.8,0.0,0.01,0.2,24.22,83,0,0,1
2026-08-14T18:58:25,1786708706,13.731198,100.789613,4.2,3.99,0.4,0.3,-65.2,294.8,0.0,0.01,0.2,24.22,83,0,0,1
2026-08-14T18:58:26,1786708707,13.731198,100.789613,4.2,3.99,0.4,0.3,-65.2,294.8,0.0,0.01,0.2,24.22,83,0,0,1
2026-08-14T18:58:27,1786708708,13.731198,100.789613,3.6,3.99,0.2,-0.1,-65.2,294.8,0.0,0.01,0.2,24.21,83,0,0,1
2026-08-14T18:58:28,1786708709,13.731198,100.789613,3.6,3.99,-0.1,0.3,-65.2,294.8,0.0,0.01,0.2,24.21,83,0,0,1
2026-08-14T18:58:29,1786708710,13.731198,100.789613,3.6,3.99,0.2,0.4,-65.2,294.8,0.0,0.01,0.2,24.21,83,0,0,1
2026-08-14T18:58:30,1786708711,13.731198,100.789613,3.3,3.08,0.6,0.5,-65.2,294.8,0.0,-0.01,0.18,24.2,83,AUTO.LAND,1,1
2026-08-14T18:58:31,1786708712,13.731198,100.789613,3.3,3.08,0.4,0.2,-65.2,294.8,0.0,-0.01,0.18,24.2,83,0,0,1
2026-08-14T18:58:32,1786708713,13.731198,100.789613,3.0,2.77,-0.1,-0.0,-65.2,294.8,0.01,0.01,0.17,24.2,83,AUTO.LAND,1,1
2026-08-14T18:58:33,1786708714,13.731198,100.789613,3.0,2.77,0.1,-0.2,-65.2,294.8,0.01,0.01,0.17,24.2,83,0,0,1
2026-08-14T18:58:34,1786708715,13.731198,100.789613,2.6,2.46,0.2,0.2,-65.2,294.8,0.0,-0.03,0.17,24.2,83,AUTO.LAND,1,1
2026-08-14T18:58:35,1786708716,13.731198,100.789613,2.6,2.46,0.1,0.5,-65.2,294.8,0.0,-0.03,0.17,24.2,83,0,0,1
2026-08-14T18:58:36,1786708717,13.731198,100.789613,2.3,2.16,0.2,0.3,-65.2,294.8,-0.01,-0.01,0.16,24.2,83,AUTO.LAND,1,1
2026-08-14T18:58:37,1786708718,13.731198,100.789613,2.3,2.16,0.4,0.2,-65.2,294.8,-0.01,-0.01,0.16,24.2,83,0,0,1
2026-08-14T18:58:38,1786708719,13.731198,100.789613,2.0,1.86,0.4,0.4,-65.2,294.8,0.0,0.0,0.16,24.19,83,AUTO.LAND,1,1
2026-08-14T18:58:39,1786708720,13.731198,100.789613,2.0,1.86,0.1,0.3,-65.2,294.8,0.0,0.0,0.16,24.19,83,0,0,1
2026-08-14T18:58:40,1786708721,13.731198,100.789613,1.7,1.56,0.2,0.3,-65.2,294.8,0.0,0.0,0.16,24.19,83,AUTO.LAND,1,1
2026-08-14T18:58:41,1786708722,13.731198,100.789613,1.7,1.56,0.6,0.1,-65.2,294.8,0.0,0.0,0.16,24.19,83,AUTO.LAND,1,1
2026-08-14T18:58:42,1786708723,13.731198,100.789613,1.7,1.56,0.6,0.1,-65.2,294.8,0.0,0.0,0.16,24.19,83,AUTO.LAND,1,1
2026-08-14T18:58:43,1786708724,13.731198,100.789613,1.7,1.56,0.6,0.1,-65.2,294.8,0.0,0.0,0.16,24.19,83,AUTO.LAND,1,1
2026-08-14T18:58:44,1786708725,13.731198,100.789613,1.1,0.96,0.1,0.3,-65.2,294.8,0.02,-0.01,0.16,24.19,83,0,0,1
2026-08-14T18:58:45,1786708726,13.731198,100.789613,1.1,0.96,0.1,0.3,-65.2,294.8,0.02,-0.01,0.16,24.19,83,0,0,1
2026-08-14T18:58:46,1786708727,13.731198,100.789613,0.7,0.96,0.4,-0.1,-65.2,294.8,0.02,-0.01,0.16,24.18,82,AUTO.LAND,1,1
2026-08-14T18:58:47,1786708728,13.731198,100.789613,0.7,0.96,0.1,0.2,-65.2,294.8,0.02,-0.01,0.16,24.18,82,0,0,1
2026-08-14T18:58:48,1786708729,13.731198,100.789613,0.5,0.34,0.3,0.6,-65.2,294.8,0.0,-0.02,0.14,24.18,82,0,0,1
2026-08-14T18:58:49,1786708730,13.731198,100.789613,0.5,0.32,0.3,0.3,-65.1,294.9,-0.02,0.02,-0.2,24.18,82,AUTO.LAND,1,1
2026-08-14T18:58:50,1786708731,13.731198,100.789613,0.5,0.32,0.3,0.3,-65.1,294.9,-0.02,0.02,-0.2,24.18,82,0,0,1
2026-08-14T18:58:51,1786708732,13.731198,100.789613,0.5,0.34,0.3,0.3,-65.1,294.9,-0.03,0.03,-0.2,24.18,82,AUTO.LAND,1,1
2026-08-14T18:58:52,1786708733,13.731198,100.789613,0.6,0.37,0.3,0.3,-65.1,294.9,-0.03,0.03,-0.21,24.17,82,AUTO.LAND,1,1
2026-08-14T18:58:53,1786708734,13.731198,100.789613,0.6,0.37,0.3,0.3,-65.1,294.9,-0.03,0.03,-0.21,24.17,82,0,0,1
2026-08-14T18:58:54,1786708735,13.731198,100.789613,0.3,0.37,0.3,0.3,-65.1,294.9,-0.03,0.03,-0.21,24.17,82,AUTO.LAND,1,1
2026-08-14T18:58:55,1786708736,13.731198,100.789612,0.3,0.37,0.4,0.3,-65.1,294.9,-0.03,0.03,-0.21,24.17,82,AUTO.LAND,1,1
2026-08-14T18:58:56,1786708737,13.731198,100.789612,0.3,0.37,0.4,0.3,-65.1,294.9,-0.03,0.03,-0.21,24.17,82,AUTO.LAND,1,1
2026-08-14T18:58:57,1786708738,13.731198,100.789613,0.6,0.42,0.4,0.3,-65.1,294.9,-0.02,0.01,-0.23,24.17,82,0,0,1
2026-08-14T18:58:58,1786708739,13.731198,100.789613,0.6,0.44,0.4,0.3,-65.1,294.9,-0.01,0.0,-0.24,24.17,82,0,0,1
2026-08-14T18:58:59,1786708740,13.731198,100.789613,0.6,0.44,0.4,0.1,-65.2,294.8,-0.01,0.0,-0.24,24.17,82,0,0,1
2026-08-14T18:59:00,1786708741,13.731198,100.789613,0.6,0.46,0.4,0.1,-65.2,294.8,0.0,0.0,-0.23,24.16,82,AUTO.TAKEOFF,1,0
2026-08-14T18:59:01,1786708742,13.731198,100.789613,0.4,0.46,0.4,0.1,-65.2,294.8,0.0,0.0,-0.23,24.16,82,AUTO.TAKEOFF,1,0
2026-08-14T18:59:02,1786708743,13.731198,100.789613,0.7,0.01,0.4,0.1,-65.2,294.8,0.01,0.0,-0.24,24.16,82,0,0,0
2026-08-14T18:59:03,1786708744,13.731198,100.789613,0.7,0.02,-0.0,0.1,-65.2,294.8,0.01,-0.01,-0.24,24.15,82,AUTO.TAKEOFF,1,1
2026-08-14T18:59:04,1786708745,13.731198,100.789613,0.7,0.02,0.0,0.6,-65.0,295.0,0.01,-0.01,-0.24,24.15,82,0,0,1
2026-08-14T18:59:05,1786708746,13.731198,100.789613,0.6,0.02,2.2,-0.4,-65.0,295.0,0.01,-0.01,-0.24,24.15,81,AUTO.TAKEOFF,1,1
2026-08-14T18:59:06,1786708747,13.731198,100.789613,0.6,0.02,0.6,-0.1,-65.1,294.9,0.01,-0.01,-0.24,24.15,81,0,0,1
2026-08-14T18:59:07,1786708748,13.731198,100.789613,2.5,1.86,-0.3,0.1,-66.0,294.0,0.06,0.0,-1.65,24.15,81,0,0,1
2026-08-14T18:59:08,1786708749,13.731198,100.789613,2.5,1.86,0.4,0.6,-65.9,294.1,0.06,0.0,-1.65,24.15,81,0,0,1
2026-08-14T18:59:09,1786708750,13.731198,100.789613,3.5,2.84,0.8,0.1,-66.1,293.9,0.0,0.0,-1.3,24.14,81,AUTO.LOITER,1,1
2026-08-14T18:59:10,1786708751,13.731198,100.789613,3.5,2.84,0.6,0.0,-66.1,293.9,0.0,0.0,-1.3,24.14,81,0,0,1
2026-08-14T18:59:11,1786708752,13.731197,100.789613,4.6,3.92,0.4,0.1,-66.1,293.9,0.03,0.0,-1.31,24.14,81,AUTO.LOITER,1,1
2026-08-14T18:59:12,1786708753,13.731197,100.789613,4.6,3.92,-0.0,0.1,-66.0,294.0,0.03,0.0,-1.31,24.14,81,0,0,1
2026-08-14T18:59:13,1786708754,13.731198,100.789613,5.6,4.98,0.1,0.3,-66.0,294.0,0.01,-0.03,-1.28,24.14,81,AUTO.LOITER,1,1
2026-08-14T18:59:14,1786708755,13.731198,100.789613,5.6,4.98,0.1,0.3,-66.0,294.0,0.01,-0.03,-1.28,24.14,81,AUTO.LOITER,1,1
2026-08-14T18:59:15,1786708756,13.731197,100.789613,6.7,6.0,0.1,0.3,-66.0,294.0,0.01,-0.02,-1.26,24.14,81,AUTO.LOITER,1,1
2026-08-14T18:59:16,1786708757,13.731197,100.789613,6.7,6.0,0.4,0.0,-66.1,293.9,0.01,-0.02,-1.26,24.14,81,0,0,1
2026-08-14T18:59:17,1786708758,13.731197,100.789613,7.7,7.02,0.3,0.4,-66.1,293.9,0.0,-0.02,-1.25,24.13,81,AUTO.LOITER,1,1
2026-08-14T18:59:18,1786708759,13.731197,100.789613,7.7,7.02,0.7,0.4,-66.0,294.0,0.0,-0.02,-1.25,24.13,81,0,0,1
2026-08-14T18:59:19,1786708760,13.731197,100.789613,8.7,8.04,0.8,0.3,-66.0,294.0,0.03,0.0,-1.24,24.13,81,AUTO.LOITER,1,1
2026-08-14T18:59:20,1786708761,13.731197,100.789613,8.7,8.04,0.3,0.3,-66.0,294.0,0.03,0.0,-1.24,24.13,81,0,0,1
2026-08-14T18:59:21,1786708762,13.731197,100.789613,9.1,8.04,0.3,0.3,-66.0,294.0,0.03,0.0,-1.24,24.13,81,AUTO.LOITER,1,1
2026-08-14T18:59:22,1786708763,13.731197,100.789613,9.1,8.04,0.3,0.3,-66.0,294.0,0.03,0.0,-1.24,24.13,81,0,0,1
2026-08-14T18:59:23,1786708764,13.731197,100.789613,9.1,8.04,0.4,0.3,-66.1,293.9,0.03,0.0,-1.24,24.13,81,0,0,1
2026-08-14T18:59:24,1786708765,13.731197,100.789613,9.1,8.04,0.5,0.2,-66.1,293.9,0.03,0.0,-1.24,24.13,81,0,0,1
2026-08-14T18:59:25,1786708766,13.731198,100.789613,11.0,8.04,0.5,0.3,-66.0,294.0,0.03,0.0,-1.24,24.12,81,AUTO.LOITER,1,1
2026-08-14T18:59:26,1786708767,13.731197,100.789613,11.5,10.84,0.6,0.6,-66.0,294.0,0.0,-0.01,-0.79,24.12,81,0,0,1
2026-08-14T18:59:27,1786708768,13.731197,100.789613,11.5,10.84,-1.5,-0.5,-66.0,294.0,0.0,-0.01,-0.79,24.12,81,0,0,1
2026-08-14T18:59:28,1786708769,13.731197,100.789612,11.9,11.29,-18.6,-10.4,-64.4,295.6,-0.34,-0.35,-0.63,24.12,81,AUTO.LOITER,1,1
2026-08-14T18:59:29,1786708770,13.731197,100.789612,11.9,11.29,-15.7,-12.9,-73.2,286.8,-0.34,-0.35,-0.63,24.12,81,0,0,1
2026-08-14T18:59:30,1786708771,13.731183,100.789593,12.2,11.5,-6.4,-14.3,-92.6,267.4,-2.4,-3.38,-0.25,24.12,81,AUTO.LOITER,1,1
2026-08-14T18:59:31,1786708772,13.731183,100.789593,12.2,11.5,1.9,1.5,-109.1,250.9,-2.4,-3.38,-0.25,24.12,81,0,0,1
2026-08-14T18:59:32,1786708773,13.731158,100.789555,12.1,11.5,-0.5,-1.3,-122.1,237.9,-2.66,-4.09,-0.23,24.11,81,AUTO.LOITER,1,1
2026-08-14T18:59:33,1786708774,13.731158,100.789555,12.1,11.5,0.1,-5.7,-129.6,230.4,-2.66,-4.09,-0.23,24.11,81,0,0,1
2026-08-14T18:59:34,1786708775,13.731134,100.789519,12.2,11.54,0.1,-5.7,-129.6,230.4,-2.91,-4.21,-0.22,24.11,80,AUTO.LOITER,1,1
2026-08-14T18:59:35,1786708776,13.731134,100.789519,12.2,11.54,0.1,-2.3,-130.6,229.4,-2.91,-4.21,-0.22,24.11,80,0,0,1
2026-08-14T18:59:36,1786708777,13.731108,100.78948,12.2,11.56,-0.2,-1.4,-126.6,233.4,-2.92,-4.12,-0.22,24.11,80,AUTO.LOITER,1,1
2026-08-14T18:59:37,1786708778,13.731108,100.78948,12.2,11.56,0.1,-1.8,-122.6,237.4,-2.92,-4.12,-0.22,24.11,80,0,0,1
2026-08-14T18:59:38,1786708779,13.731082,100.789442,12.2,11.58,0.1,-1.6,-121.6,238.4,-2.9,-4.11,-0.23,24.11,80,AUTO.LOITER,1,1
2026-08-14T18:59:39,1786708780,13.731082,100.789442,12.2,11.58,-0.1,-1.1,-123.3,236.7,-2.9,-4.11,-0.23,24.11,80,AUTO.LOITER,1,1
2026-08-14T18:59:40,1786708781,13.731082,100.789442,12.2,11.58,0.1,-1.1,-125.4,234.6,-2.9,-4.11,-0.23,24.11,80,AUTO.LOITER,1,1
2026-08-14T18:59:41,1786708782,13.731082,100.789442,12.2,11.58,0.4,-1.1,-126.2,233.8,-2.9,-4.11,-0.23,24.11,80,0,0,1
2026-08-14T18:59:42,1786708783,13.731037,100.789376,11.9,11.58,0.5,-1.2,-125.6,234.4,-2.9,-4.11,-0.23,24.1,80,AUTO.LOITER,1,1
2026-08-14T18:59:43,1786708784,13.73103,100.789366,12.3,11.61,0.2,-1.6,-124.7,235.3,-2.8,-4.01,-0.26,24.1,80,0,0,1
2026-08-14T18:59:44,1786708785,13.731011,100.789338,12.0,11.61,0.3,-1.7,-124.2,235.8,-2.8,-4.01,-0.26,24.1,80,AUTO.LOITER,1,1
2026-08-14T18:59:45,1786708786,13.731004,100.789328,12.3,11.62,0.9,-1.7,-124.3,235.7,-2.82,-4.03,-0.27,24.1,80,0,0,1
2026-08-14T18:59:46,1786708787,13.730985,100.7893,12.0,11.62,0.5,-1.8,-124.7,235.3,-2.82,-4.03,-0.27,24.09,80,AUTO.LOITER,1,1
2026-08-14T18:59:47,1786708788,13.730979,100.789291,12.3,11.66,0.5,-2.1,-124.9,235.1,-2.79,-4.07,-0.26,24.09,80,0,0,1
2026-08-14T18:59:48,1786708789,13.730979,100.789291,12.3,11.66,0.7,-1.4,-124.9,235.1,-2.79,-4.07,-0.26,24.09,80,0,0,1
2026-08-14T18:59:49,1786708790,13.730953,100.789253,12.3,11.69,0.7,-1.3,-124.7,235.3,-2.78,-4.1,-0.26,24.09,80,AUTO.LOITER,1,1
2026-08-14T18:59:50,1786708791,13.730953,100.789253,12.3,11.69,0.3,-1.9,-124.6,235.4,-2.78,-4.1,-0.26,24.09,80,0,0,1
2026-08-14T18:59:51,1786708792,13.730927,100.789215,12.4,11.71,-0.5,6.7,-124.6,235.4,-2.76,-4.06,-0.27,24.09,80,AUTO.LOITER,1,1
2026-08-14T18:59:52,1786708793,13.730927,100.789215,12.4,11.71,0.7,11.0,-124.6,235.4,-2.76,-4.06,-0.27,24.09,80,0,0,1
2026-08-14T18:59:53,1786708794,13.730911,100.789191,12.0,11.71,1.7,7.0,-124.5,235.5,-2.76,-4.06,-0.27,24.09,80,AUTO.LOITER,1,1
2026-08-14T18:59:54,1786708795,13.730911,100.789191,12.0,11.71,0.3,5.5,-124.1,235.9,-2.76,-4.06,-0.27,24.09,80,0,0,1
2026-08-14T18:59:55,1786708796,13.730895,100.789166,12.4,11.74,0.3,5.5,-124.1,235.9,-0.97,-1.53,-0.25,24.08,80,AUTO.LOITER,1,1
2026-08-14T18:59:56,1786708797,13.730895,100.789166,12.4,11.74,-1.1,3.3,-124.5,235.5,-0.97,-1.53,-0.25,24.08,80,0,0,1
2026-08-14T18:59:57,1786708798,13.730886,100.789155,12.4,11.74,-0.8,5.6,-127.8,232.2,-0.67,-0.78,-0.25,24.08,80,AUTO.LOITER,1,1
2026-08-14T18:59:58,1786708799,13.730886,100.789155,12.4,11.74,-0.5,4.5,-132.3,227.7,-0.67,-0.78,-0.25,24.08,80,0,0,1
2026-08-14T18:59:59,1786708800,13.730881,100.789151,11.9,11.74,-2.0,2.1,-133.6,226.4,-0.67,-0.78,-0.25,24.08,80,AUTO.LOITER,1,1
2026-08-14T19:00:00,1786708801,13.73088,100.78915,12.1,11.44,5.2,11.4,-131.8,228.2,-0.54,-0.24,0.78,24.08,80,0,0,1
2026-08-14T19:00:01,1786708802,13.73088,100.78915,12.1,11.44,-0.8,-1.2,-130.4,229.6,-0.54,-0.24,0.78,24.08,80,0,0,1
2026-08-14T19:00:02,1786708803,13.730881,100.78915,11.1,10.47,-0.5,-0.6,-129.2,230.8,0.13,0.09,0.41,24.07,80,AUTO.LOITER,1,1
2026-08-14T19:00:03,1786708804,13.730881,100.78915,11.1,10.47,-0.5,-0.6,-129.2,230.8,0.13,0.09,0.41,24.07,80,0,0,1
2026-08-14T19:00:04,1786708805,13.73088,100.789149,10.5,9.84,-0.4,0.1,-129.2,230.8,-0.03,0.06,0.25,24.07,79,AUTO.LOITER,1,1
2026-08-14T19:00:05,1786708806,13.73088,100.789149,10.5,9.84,0.6,0.8,-130.0,230.0,-0.03,0.06,0.25,24.07,79,0,0,1
2026-08-14T19:00:06,1786708807,13.73088,100.789149,9.7,9.84,0.3,0.6,-130.7,229.3,-0.03,0.06,0.25,24.07,79,AUTO.LAND,1,1
2026-08-14T19:00:07,1786708808,13.73088,100.78915,10.1,9.41,0.0,-0.3,-130.8,229.2,0.02,0.07,0.07,24.07,79,0,0,1
2026-08-14T19:00:08,1786708809,13.73088,100.78915,10.1,9.41,0.0,-0.3,-130.8,229.2,0.02,0.07,0.07,24.07,79,0,0,1
2026-08-14T19:00:09,1786708810,13.73088,100.78915,9.7,9.08,0.1,-0.3,-130.1,229.9,-0.03,0.01,0.03,24.07,79,0,0,1
2026-08-14T19:00:10,1786708811,13.73088,100.78915,9.7,9.08,0.4,0.0,-130.1,229.9,-0.03,0.01,0.03,24.07,79,0,0,1
2026-08-14T19:00:11,1786708812,13.73088,100.78915,9.4,8.78,0.2,0.1,-130.2,229.8,-0.03,0.0,0.02,24.06,79,0,0,1
2026-08-14T19:00:12,1786708813,13.73088,100.78915,9.4,8.78,0.1,-0.0,-130.3,229.7,-0.03,0.0,0.02,24.06,79,0,0,1
2026-08-14T19:00:13,1786708814,13.73088,100.78915,9.1,8.47,-0.1,-0.2,-130.4,229.6,-0.02,0.0,0.01,24.06,79,AUTO.LAND,1,1
2026-08-14T19:00:14,1786708815,13.73088,100.78915,9.1,8.47,0.1,-0.1,-130.4,229.6,-0.02,0.0,0.01,24.06,79,0,0,1
2026-08-14T19:00:15,1786708816,13.73088,100.78915,8.8,8.18,0.6,0.1,-130.3,229.7,-0.04,-0.01,0.0,24.06,79,AUTO.LAND,1,1
2026-08-14T19:00:16,1786708817,13.73088,100.78915,8.8,8.18,0.5,0.1,-130.3,229.7,-0.04,-0.01,0.0,24.06,79,0,0,1
2026-08-14T19:00:17,1786708818,13.73088,100.78915,8.6,7.9,0.0,0.1,-130.3,229.7,0.01,-0.03,0.03,24.05,79,AUTO.LAND,1,1
2026-08-14T19:00:18,1786708819,13.73088,100.78915,8.6,7.9,0.0,0.1,-130.3,229.7,0.01,-0.03,0.03,24.05,79,0,0,1
2026-08-14T19:00:19,1786708820,13.73088,100.78915,8.3,7.61,-0.2,0.2,-130.3,229.7,-0.01,0.0,0.04,24.05,79,AUTO.LAND,1,1
2026-08-14T19:00:20,1786708821,13.73088,100.78915,8.3,7.61,0.3,0.1,-130.3,229.7,-0.01,0.0,0.04,24.05,79,0,0,1
2026-08-14T19:00:21,1786708822,13.73088,100.78915,8.0,7.32,0.2,-0.3,-130.3,229.7,0.0,-0.04,0.03,24.05,79,AUTO.LAND,1,1
2026-08-14T19:00:22,1786708823,13.73088,100.78915,8.0,7.32,0.1,-0.1,-130.3,229.7,0.0,-0.04,0.03,24.05,79,0,0,1
2026-08-14T19:00:23,1786708824,13.73088,100.78915,7.7,7.02,0.1,-0.2,-130.3,229.7,-0.02,-0.05,0.04,24.05,79,AUTO.LAND,1,1
2026-08-14T19:00:24,1786708825,13.73088,100.78915,7.7,7.02,0.3,-0.0,-130.3,229.7,-0.02,-0.05,0.04,24.05,79,0,0,1
2026-08-14T19:00:25,1786708826,13.73088,100.789151,7.1,7.02,0.3,0.2,-130.3,229.7,-0.02,-0.05,0.04,24.04,79,AUTO.LAND,1,1
2026-08-14T19:00:26,1786708827,13.73088,100.78915,7.4,6.75,-0.1,0.3,-130.3,229.7,0.0,-0.06,0.06,24.04,79,0,0,1
2026-08-14T19:00:27,1786708828,13.73088,100.789151,6.9,6.75,0.3,0.3,-130.3,229.7,0.0,-0.06,0.06,24.04,79,AUTO.LAND,1,1
2026-08-14T19:00:28,1786708829,13.73088,100.78915,7.1,6.47,0.4,-0.0,-130.3,229.7,0.0,-0.04,0.08,24.04,79,0,0,1
2026-08-14T19:00:29,1786708830,13.73088,100.789151,6.6,6.47,0.0,0.2,-130.3,229.7,0.0,-0.04,0.08,24.04,79,AUTO.LAND,1,1
2026-08-14T19:00:30,1786708831,13.73088,100.78915,6.8,6.19,-0.2,0.1,-130.3,229.7,0.0,-0.05,0.09,24.04,79,0,0,1
2026-08-14T19:00:31,1786708832,13.73088,100.78915,6.8,6.19,-0.1,0.2,-130.3,229.7,0.0,-0.05,0.09,24.04,79,0,0,1
2026-08-14T19:00:32,1786708833,13.73088,100.78915,6.6,5.91,-0.4,0.2,-130.3,229.7,-0.02,-0.02,0.1,24.04,79,0,0,1
2026-08-14T19:00:33,1786708834,13.73088,100.78915,6.6,5.91,-0.1,-0.3,-130.3,229.7,-0.02,-0.02,0.1,24.04,79,0,0,1
2026-08-14T19:00:34,1786708835,13.73088,100.78915,6.1,5.91,0.0,0.2,-130.3,229.7,-0.02,-0.02,0.1,24.03,78,AUTO.LAND,1,1
2026-08-14T19:00:35,1786708836,13.73088,100.78915,6.1,5.91,0.2,0.4,-130.3,229.7,-0.02,-0.02,0.1,24.03,78,0,0,1
2026-08-14T19:00:36,1786708837,13.73088,100.78915,6.0,5.31,0.2,0.4,-130.3,229.7,-0.02,0.0,0.1,24.03,78,AUTO.LAND,1,1
2026-08-14T19:00:37,1786708838,13.73088,100.78915,6.0,5.31,0.3,0.2,-130.3,229.7,-0.02,0.0,0.1,24.03,78,AUTO.LAND,1,1
2026-08-14T19:00:38,1786708839,13.73088,100.78915,5.7,5.01,-0.0,0.8,-130.3,229.7,0.0,-0.04,0.09,24.03,78,AUTO.LAND,1,1
2026-08-14T19:00:39,1786708840,13.73088,100.78915,5.7,5.01,0.0,0.7,-130.3,229.7,0.0,-0.04,0.09,24.03,78,0,0,1
2026-08-14T19:00:40,1786708841,13.73088,100.789149,5.4,4.72,0.0,0.7,-130.3,229.7,0.02,0.03,0.09,24.02,78,AUTO.LAND,1,1
2026-08-14T19:00:41,1786708842,13.73088,100.789149,5.4,4.72,-0.3,0.5,-130.3,229.7,0.02,0.03,0.09,24.02,78,0,0,1
2026-08-14T19:00:42,1786708843,13.73088,100.78915,5.1,4.42,-0.1,-0.2,-130.3,229.7,-0.02,0.03,0.11,24.02,78,AUTO.LAND,1,1
2026-08-14T19:00:43,1786708844,13.73088,100.78915,5.1,4.42,-0.1,-0.1,-130.3,229.7,-0.02,0.03,0.11,24.02,78,0,0,1
2026-08-14T19:00:44,1786708845,13.73088,100.789149,4.8,4.13,-0.1,-0.1,-130.3,229.7,-0.02,0.05,0.11,24.02,78,0,0,1
2026-08-14T19:00:45,1786708846,13.73088,100.789149,4.8,4.13,0.2,0.6,-130.3,229.7,-0.02,0.05,0.11,24.02,78,0,0,1
2026-08-14T19:00:46,1786708847,13.730881,100.78915,4.3,4.13,0.2,0.6,-130.3,229.7,-0.02,0.05,0.11,24.02,78,AUTO.LAND,1,1
2026-08-14T19:00:47,1786708848,13.730881,100.78915,4.3,4.13,0.2,0.6,-130.3,229.7,-0.02,0.05,0.11,24.02,78,AUTO.LAND,1,1
2026-08-14T19:00:48,1786708849,13.73088,100.78915,4.1,4.13,0.2,0.3,-130.3,229.7,-0.02,0.05,0.11,24.01,78,AUTO.LAND,1,1
2026-08-14T19:00:49,1786708850,13.73088,100.78915,4.2,3.57,0.4,0.3,-130.3,229.7,-0.04,0.01,0.15,24.01,78,0,0,1
2026-08-14T19:00:50,1786708851,13.730881,100.78915,3.8,3.57,0.0,-0.0,-130.3,229.7,-0.04,0.01,0.15,24.01,78,AUTO.LAND,1,1
2026-08-14T19:00:51,1786708852,13.73088,100.78915,3.9,3.27,0.1,-0.2,-130.3,229.7,-0.03,0.0,0.15,24.01,78,0,0,1
2026-08-14T19:00:52,1786708853,13.73088,100.78915,3.9,3.27,0.2,0.3,-130.3,229.7,-0.03,0.0,0.15,24.01,78,0,0,1
2026-08-14T19:00:53,1786708854,13.73088,100.78915,3.6,2.99,0.3,0.6,-130.3,229.7,-0.04,0.0,0.16,24.01,78,0,0,1
2026-08-14T19:00:54,1786708855,13.73088,100.78915,3.6,2.99,0.3,0.3,-130.3,229.7,-0.04,0.0,0.16,24.01,78,0,0,1
2026-08-14T19:00:55,1786708856,13.73088,100.78915,3.4,2.7,0.2,-0.1,-130.3,229.7,0.0,0.02,0.18,24.0,78,AUTO.LAND,1,1
2026-08-14T19:00:56,1786708857,13.73088,100.78915,3.4,2.7,0.4,0.2,-130.3,229.7,0.0,0.02,0.18,24.0,78,0,0,1
2026-08-14T19:00:57,1786708858,13.73088,100.78915,3.1,2.41,0.5,0.6,-130.3,229.7,0.0,0.0,0.19,24.0,78,AUTO.LAND,1,1
2026-08-14T19:00:58,1786708859,13.73088,100.78915,3.1,2.41,0.1,0.3,-130.3,229.7,0.0,0.0,0.19,24.0,78,0,0,1
2026-08-14T19:00:59,1786708860,13.73088,100.78915,2.8,2.12,0.1,-0.0,-130.3,229.7,0.02,0.02,0.2,24.0,78,AUTO.LAND,1,1
2026-08-14T19:01:00,1786708861,13.73088,100.78915,2.8,2.12,0.1,-0.0,-130.3,229.7,0.02,0.02,0.2,24.0,78,AUTO.LAND,1,1
2026-08-14T19:01:01,1786708862,13.73088,100.78915,2.5,1.82,0.1,-0.0,-130.3,229.7,0.0,0.0,0.19,24.0,78,0,0,1
2026-08-14T19:01:02,1786708863,13.73088,100.78915,2.5,1.82,0.6,0.4,-130.3,229.7,0.0,0.0,0.19,24.0,78,0,0,1
2026-08-14T19:01:03,1786708864,13.73088,100.78915,2.2,1.52,0.6,0.4,-130.3,229.7,0.03,0.0,0.2,24.0,78,AUTO.LAND,1,1
2026-08-14T19:01:04,1786708865,13.73088,100.78915,2.2,1.52,-0.0,0.1,-130.3,229.7,0.03,0.0,0.2,24.0,78,0,0,1
2026-08-14T19:01:05,1786708866,13.73088,100.78915,1.9,1.22,-0.1,0.1,-130.3,229.7,0.02,-0.01,0.2,23.99,77,AUTO.LAND,1,1
2026-08-14T19:01:06,1786708867,13.73088,100.78915,1.9,1.22,0.4,0.1,-130.3,229.7,0.02,-0.01,0.2,23.99,77,0,0,1
2026-08-14T19:01:07,1786708868,13.73088,100.78915,1.6,0.92,0.3,-0.0,-130.3,229.7,0.0,-0.01,0.19,23.99,77,AUTO.LAND,1,1
2026-08-14T19:01:08,1786708869,13.73088,100.78915,1.6,0.92,0.1,-0.0,-130.3,229.7,0.0,-0.01,0.19,23.99,77,0,0,1
2026-08-14T19:01:09,1786708870,13.73088,100.78915,1.3,0.62,0.3,0.1,-130.3,229.7,-0.01,-0.02,0.19,23.98,77,AUTO.LAND,1,1
2026-08-14T19:01:10,1786708871,13.73088,100.78915,1.3,0.62,0.1,0.2,-130.3,229.7,-0.01,-0.02,0.19,23.98,77,0,0,1
2026-08-14T19:01:11,1786708872,13.73088,100.78915,1.0,0.32,0.2,0.1,-130.3,229.7,0.0,-0.01,0.19,23.98,77,AUTO.LAND,1,1
2026-08-14T19:01:12,1786708873,13.73088,100.78915,1.0,0.32,0.2,0.0,-130.3,229.7,0.0,-0.01,0.19,23.98,77,0,0,1
2026-08-14T19:01:13,1786708874,13.73088,100.78915,0.7,0.03,0.1,0.6,-130.3,229.7,-0.01,-0.02,0.19,23.98,77,AUTO.LAND,1,1
2026-08-14T19:01:14,1786708875,13.73088,100.78915,0.7,0.03,-0.3,0.3,-130.3,229.7,-0.01,-0.02,0.19,23.98,77,0,0,1
2026-08-14T19:01:15,1786708876,13.73088,100.78915,0.4,-0.26,0.3,-0.2,-130.3,229.7,-0.02,0.03,0.2,23.98,77,AUTO.LAND,1,1
2026-08-14T19:01:16,1786708877,13.730881,100.78915,0.4,-0.26,0.2,0.2,-130.3,229.7,-0.02,0.03,0.2,23.97,77,AUTO.LAND,1,1
2026-08-14T19:01:17,1786708878,13.73088,100.78915,0.3,-0.3,0.2,0.2,-130.3,229.7,-0.01,0.02,-0.09,23.97,77,0,0,1
2026-08-14T19:01:18,1786708879,13.73088,100.78915,0.4,-0.29,0.2,0.2,-130.3,229.7,-0.01,0.02,-0.09,23.97,77,AUTO.LAND,1,1
2026-08-14T19:01:19,1786708880,13.73088,100.78915,0.4,-0.29,0.2,0.2,-130.3,229.7,-0.01,0.02,-0.09,23.97,77,0,0,1
2026-08-14T19:01:20,1786708881,13.73088,100.78915,0.4,-0.29,0.3,0.2,-130.3,229.7,0.0,0.02,-0.08,23.97,77,AUTO.LAND,1,1
2026-08-14T19:01:21,1786708882,13.73088,100.78915,0.3,-0.29,0.3,0.2,-130.3,229.7,0.0,0.02,-0.08,23.96,77,AUTO.LAND,1,1
2026-08-14T19:01:22,1786708883,13.73088,100.78915,0.3,-0.3,0.3,0.2,-130.3,229.7,0.0,0.01,-0.08,23.96,77,0,0,1
2026-08-14T19:01:23,1786708884,13.730881,100.78915,0.3,-0.31,0.3,0.2,-130.3,229.7,0.01,0.0,-0.06,23.96,77,AUTO.LAND,1,0
2026-08-14T19:01:24,1786708885,13.730881,100.78915,0.3,-0.31,0.3,0.2,-130.2,229.8,0.01,0.0,-0.06,23.96,77,0,0,0
2026-08-14T19:01:25,1786708886,13.730881,100.78915,0.3,-0.32,0.3,0.2,-130.2,229.8,0.02,0.0,-0.06,23.96,77,AUTO.LAND,1,0
2026-08-14T19:01:26,1786708887,13.73088,100.78915,0.3,-0.33,0.3,0.1,-130.2,229.8,0.01,-0.01,-0.06,23.96,77,AUTO.LAND,1,0
2026-08-14T19:01:27,1786708888,13.73088,100.78915,0.3,-0.33,0.3,0.1,-130.2,229.8,0.01,-0.01,-0.06,23.96,77,0,0,0
2026-08-14T19:01:28,1786708889,13.73088,100.78915,0.3,-0.32,0.3,0.1,-130.2,229.8,0.01,-0.01,-0.05,23.95,76,AUTO.TAKEOFF,1,0
2026-08-14T19:01:29,1786708890,13.73088,100.78915,0.3,-0.32,0.3,0.1,-130.2,229.8,0.01,-0.01,-0.05,23.95,76,0,0,0
2026-08-14T19:01:30,1786708891,13.73088,100.78915,0.3,-0.01,0.3,0.1,-130.2,229.8,0.0,-0.02,-0.04,23.95,76,AUTO.TAKEOFF,1,1
2026-08-14T19:01:31,1786708892,13.73088,100.78915,0.3,-0.01,0.2,0.1,-130.2,229.8,0.0,-0.02,-0.04,23.95,76,AUTO.TAKEOFF,1,1
2026-08-14T19:01:32,1786708893,13.73088,100.78915,0.3,-0.02,-0.4,-0.3,-130.1,229.9,-0.01,-0.03,-0.16,23.95,76,0,0,1
2026-08-14T19:01:33,1786708894,13.73088,100.78915,0.8,-0.02,0.7,1.2,-130.0,230.0,-0.01,-0.03,-0.16,23.95,76,AUTO.TAKEOFF,1,1
2026-08-14T19:01:34,1786708895,13.73088,100.78915,1.1,0.74,0.9,0.1,-130.1,229.9,0.05,0.03,-1.3,23.95,76,0,0,1
2026-08-14T19:01:35,1786708896,13.730881,100.789151,2.3,0.74,0.0,-0.5,-130.1,229.9,0.05,0.03,-1.3,23.94,76,AUTO.LOITER,1,1
2026-08-14T19:01:36,1786708897,13.73088,100.78915,2.7,2.36,-0.4,-0.1,-129.7,230.3,0.03,-0.02,-1.62,23.94,76,0,0,1
2026-08-14T19:01:37,1786708898,13.730881,100.78915,3.5,2.36,0.2,-0.1,-129.7,230.3,0.03,-0.02,-1.62,23.94,76,AUTO.LOITER,1,1
2026-08-14T19:01:38,1786708899,13.73088,100.78915,3.7,3.41,0.4,0.2,-129.7,230.3,-0.01,-0.02,-1.17,23.94,76,0,0,1
2026-08-14T19:01:39,1786708900,13.73088,100.78915,3.7,3.41,0.1,0.6,-129.7,230.3,-0.01,-0.02,-1.17,23.94,76,0,0,1
2026-08-14T19:01:40,1786708901,13.73088,100.78915,4.8,4.51,0.1,0.2,-129.7,230.3,0.0,0.0,-1.11,23.94,76,0,0,1
2026-08-14T19:01:41,1786708902,13.73088,100.78915,4.8,4.51,0.1,-0.2,-129.7,230.3,0.0,0.0,-1.11,23.94,76,0,0,1
2026-08-14T19:01:42,1786708903,13.730881,100.78915,5.9,5.55,0.1,-0.2,-129.7,230.3,-0.01,0.0,-1.09,23.93,76,AUTO.LOITER,1,1
2026-08-14T19:01:43,1786708904,13.730881,100.78915,5.9,5.55,0.1,0.3,-129.7,230.3,-0.01,0.0,-1.09,23.93,76,0,0,1
2026-08-14T19:01:44,1786708905,13.730881,100.78915,6.9,6.55,0.1,0.2,-129.7,230.3,-0.02,0.0,-1.09,23.93,76,AUTO.LOITER,1,1
2026-08-14T19:01:45,1786708906,13.730881,100.78915,6.9,6.55,0.4,0.1,-129.7,230.3,-0.02,0.0,-1.09,23.93,76,0,0,1
2026-08-14T19:01:46,1786708907,13.73088,100.78915,7.9,7.58,0.3,0.4,-129.7,230.3,-0.01,0.0,-1.07,23.93,76,AUTO.LOITER,1,1
2026-08-14T19:01:47,1786708908,13.73088,100.78915,7.9,7.58,0.0,0.2,-129.8,230.2,-0.01,0.0,-1.07,23.93,76,0,0,1
2026-08-14T19:01:48,1786708909,13.73088,100.78915,8.9,8.6,0.0,0.2,-129.8,230.2,0.0,0.01,-1.05,23.93,76,AUTO.LOITER,1,1
2026-08-14T19:01:49,1786708910,13.73088,100.78915,8.9,8.6,0.2,-0.1,-129.7,230.3,0.0,0.01,-1.05,23.93,76,0,0,1
2026-08-14T19:01:50,1786708911,13.73088,100.78915,9.9,9.6,0.6,-0.1,-129.6,230.4,0.0,-0.02,-1.05,23.92,76,AUTO.LOITER,1,1
2026-08-14T19:01:51,1786708912,13.73088,100.78915,9.9,9.6,0.3,-0.0,-129.7,230.3,0.0,-0.02,-1.05,23.92,76,0,0,1
2026-08-14T19:01:52,1786708913,13.73088,100.78915,10.6,9.6,0.3,-0.0,-129.7,230.3,0.0,-0.02,-1.05,23.92,76,AUTO.LOITER,1,1
2026-08-14T19:01:53,1786708914,13.73088,100.78915,10.6,9.6,0.3,0.4,-129.7,230.3,0.0,-0.02,-1.05,23.92,76,0,0,1
2026-08-14T19:01:54,1786708915,13.730881,100.78915,11.3,9.6,0.2,0.2,-129.7,230.3,0.0,-0.02,-1.05,23.92,76,AUTO.LOITER,1,1
2026-08-14T19:01:55,1786708916,13.73088,100.78915,11.5,11.15,4.4,-1.3,-129.6,230.4,0.0,-0.01,-0.56,23.92,76,0,0,1
2026-08-14T19:01:56,1786708917,13.730882,100.789146,11.7,11.15,14.9,-13.4,-127.4,232.6,0.0,-0.01,-0.56,23.91,75,AUTO.LOITER,1,1
2026-08-14T19:01:57,1786708918,13.730883,100.789142,11.9,11.53,8.6,-16.0,-115.5,244.5,0.6,-2.26,-0.26,23.91,75,0,0,1
2026-08-14T19:01:58,1786708919,13.730883,100.789142,11.9,11.53,7.7,-14.0,-104.8,255.2,0.6,-2.26,-0.26,23.91,75,0,0,1
2026-08-14T19:01:59,1786708920,13.730889,100.789106,11.9,11.58,4.5,-4.5,-86.6,273.4,0.87,-4.89,-0.09,23.91,75,0,0,1
2026-08-14T19:02:00,1786708921,13.730889,100.789106,11.9,11.58,4.5,-4.5,-86.6,273.4,0.87,-4.89,-0.09,23.91,75,0,0,1
2026-08-14T19:02:01,1786708922,13.730896,100.789074,11.9,11.58,-1.4,-4.4,-69.4,290.6,0.87,-4.89,-0.09,23.91,75,AUTO.LOITER,1,1
2026-08-14T19:02:02,1786708923,13.730896,100.789074,11.9,11.58,0.9,-3.2,-74.3,285.7,0.87,-4.89,-0.09,23.91,75,0,0,1
2026-08-14T19:02:03,1786708924,13.730903,100.789031,11.9,11.58,1.1,-1.9,-80.7,279.3,0.87,-4.89,-0.09,23.91,75,0,0,1
2026-08-14T19:02:04,1786708925,13.730903,100.789031,11.9,11.58,0.5,-2.3,-83.2,276.8,0.87,-4.89,-0.09,23.91,75,0,0,1
2026-08-14T19:02:05,1786708926,13.730915,100.788973,12.0,11.63,0.5,-2.3,-83.2,276.8,1.06,-4.99,-0.09,23.9,75,AUTO.LOITER,1,1
2026-08-14T19:02:06,1786708927,13.730915,100.788973,12.0,11.63,0.6,-2.3,-81.3,278.7,1.06,-4.99,-0.09,23.9,75,0,0,1
2026-08-14T19:02:07,1786708928,13.730924,100.788927,12.0,11.65,0.6,-2.0,-78.3,281.7,1.08,-4.96,-0.1,23.9,75,AUTO.LOITER,1,1
2026-08-14T19:02:08,1786708929,13.730924,100.788927,12.0,11.65,0.0,-2.1,-76.7,283.3,1.08,-4.96,-0.1,23.9,75,0,0,1
2026-08-14T19:02:09,1786708930,13.730933,100.788882,12.0,11.67,0.1,-2.1,-77.1,282.9,1.04,-4.96,-0.11,23.9,75,AUTO.LOITER,1,1
2026-08-14T19:02:10,1786708931,13.730933,100.788882,12.0,11.67,0.3,-1.4,-78.4,281.6,1.04,-4.96,-0.11,23.9,75,0,0,1
2026-08-14T19:02:11,1786708932,13.73094,100.788847,11.9,11.67,0.1,-1.6,-79.4,280.6,1.04,-4.96,-0.11,23.9,75,AUTO.LOITER,1,1
2026-08-14T19:02:12,1786708933,13.730942,100.788836,12.0,11.68,0.1,-1.8,-79.3,280.7,1.01,-4.88,-0.12,23.9,75,0,0,1
2026-08-14T19:02:13,1786708934,13.730949,100.788802,12.0,11.68,0.2,-1.8,-78.7,281.3,1.01,-4.88,-0.12,23.89,75,AUTO.LOITER,1,1
2026-08-14T19:02:14,1786708935,13.730951,100.788791,12.0,11.7,0.3,-1.8,-78.2,281.8,0.99,-4.87,-0.13,23.89,75,0,0,1
2026-08-14T19:02:15,1786708936,13.730958,100.788757,12.0,11.7,0.4,-1.7,-78.1,281.9,0.99,-4.87,-0.13,23.89,75,AUTO.LOITER,1,1
2026-08-14T19:02:16,1786708937,13.73096,100.788746,12.1,11.72,0.0,-1.6,-78.4,281.6,1.0,-4.86,-0.12,23.89,75,0,0,1
2026-08-14T19:02:17,1786708938,13.73096,100.788746,12.1,11.72,-0.1,-1.7,-78.6,281.4,1.0,-4.86,-0.12,23.89,75,0,0,1
2026-08-14T19:02:18,1786708939,13.73097,100.7887,12.1,11.73,0.2,-1.7,-78.7,281.3,0.96,-4.86,-0.14,23.89,75,0,0,1
2026-08-14T19:02:19,1786708940,13.73097,100.7887,12.1,11.73,0.4,-1.7,-78.6,281.4,0.96,-4.86,-0.14,23.89,75,0,0,1
2026-08-14T19:02:20,1786708941,13.730978,100.788655,12.1,11.74,0.2,-1.9,-78.5,281.5,0.96,-4.86,-0.15,23.89,75,0,0,1
2026-08-14T19:02:21,1786708942,13.730978,100.788655,12.1,11.74,0.0,-2.1,-78.5,281.5,0.96,-4.86,-0.15,23.89,75,0,0,1
2026-08-14T19:02:22,1786708943,13.730988,100.78861,12.1,11.76,-0.1,-1.5,-78.5,281.5,0.96,-4.9,-0.15,23.88,75,AUTO.LOITER,1,1
2026-08-14T19:02:23,1786708944,13.730988,100.78861,12.1,11.76,0.2,-1.7,-78.6,281.4,0.96,-4.9,-0.15,23.88,75,0,0,1
2026-08-14T19:02:24,1786708945,13.730996,100.788564,12.1,11.79,0.2,-2.1,-78.7,281.3,0.93,-4.88,-0.15,23.88,74,0,0,1
2026-08-14T19:02:25,1786708946,13.730996,100.788564,12.1,11.79,0.2,-2.1,-78.7,281.3,0.93,-4.88,-0.15,23.88,74,0,0,1
2026-08-14T19:02:26,1786708947,13.731005,100.788519,12.1,11.8,0.3,-2.1,-78.7,281.3,0.94,-4.91,-0.16,23.88,74,AUTO.LOITER,1,1
2026-08-14T19:02:27,1786708948,13.731005,100.788519,12.1,11.8,0.5,-1.8,-78.6,281.4,0.94,-4.91,-0.16,23.88,74,0,0,1
2026-08-14T19:02:28,1786708949,13.731014,100.788474,12.2,11.83,0.7,0.3,-78.5,281.5,0.91,-4.46,-0.18,23.87,74,AUTO.LOITER,1,1
2026-08-14T19:02:29,1786708950,13.731014,100.788474,12.2,11.83,1.1,11.4,-78.3,281.7,0.91,-4.46,-0.18,23.87,74,0,0,1
2026-08-14T19:02:30,1786708951,13.73102,100.788444,12.2,11.84,0.3,8.2,-78.5,281.5,0.55,-2.57,-0.14,23.87,74,0,0,1
2026-08-14T19:02:31,1786708952,13.73102,100.788444,12.2,11.84,-0.3,5.7,-79.0,281.0,0.55,-2.57,-0.14,23.87,74,0,0,1
2026-08-14T19:02:32,1786708953,13.731024,100.788428,12.0,11.84,-0.7,6.2,-79.8,280.2,0.55,-2.57,-0.14,23.87,74,AUTO.LOITER,1,1
2026-08-14T19:02:33,1786708954,13.731024,100.788425,12.2,11.85,-0.6,4.4,-81.4,278.6,0.17,-1.59,-0.14,23.87,74,0,0,1
2026-08-14T19:02:34,1786708955,13.731025,100.788415,12.0,11.85,-0.2,5.1,-84.7,275.3,0.17,-1.59,-0.14,23.86,74,AUTO.LOITER,1,1
2026-08-14T19:02:35,1786708956,13.731025,100.788414,12.2,11.86,1.2,0.2,-85.9,274.1,-0.02,-0.86,-0.14,23.86,74,0,0,1
2026-08-14T19:02:36,1786708957,13.731025,100.788414,12.2,11.86,0.6,9.2,-85.1,274.9,-0.02,-0.86,-0.14,23.86,74,0,0,1
2026-08-14T19:02:37,1786708958,13.731025,100.788406,11.3,10.98,0.6,8.3,-83.9,276.1,-0.01,-0.11,1.5,23.86,74,0,0,1
2026-08-14T19:02:38,1786708959,13.731025,100.788406,11.3,10.98,0.6,8.3,-83.9,276.1,-0.01,-0.11,1.5,23.86,74,0,0,1
2026-08-14T19:02:39,1786708960,13.731026,100.788408,10.2,9.89,0.1,-3.1,-83.2,276.8,-0.04,0.09,0.27,23.86,74,AUTO.LOITER,1,1
2026-08-14T19:02:40,1786708961,13.731026,100.788408,10.2,9.89,0.1,-3.1,-83.2,276.8,-0.04,0.09,0.27,23.86,74,0,0,1
2026-08-14T19:02:41,1786708962,13.731026,100.788408,10.2,9.89,0.1,-3.1,-83.2,276.8,-0.04,0.09,0.27,23.86,74,0,0,1
2026-08-14T19:02:42,1786708963,13.731026,100.788408,9.7,9.42,0.4,0.9,-83.9,276.1,-0.05,0.09,0.31,23.86,74,0,0,1
2026-08-14T19:02:43,1786708964,13.731026,100.788408,9.7,9.42,0.5,-0.2,-84.1,275.9,-0.05,0.09,0.31,23.86,74,0,0,1
2026-08-14T19:02:44,1786708965,13.731025,100.788408,9.3,8.98,0.1,0.1,-83.9,276.1,-0.02,0.07,0.28,23.85,74,0,0,1
2026-08-14T19:02:45,1786708966,13.731025,100.788408,9.3,8.98,-0.0,0.0,-83.7,276.3,-0.02,0.07,0.28,23.85,74,0,0,1
2026-08-14T19:02:46,1786708967,13.731026,100.788409,8.9,8.62,0.3,-0.5,-83.7,276.3,-0.05,0.02,0.13,23.85,74,AUTO.LOITER,1,1
2026-08-14T19:02:47,1786708968,13.731026,100.788409,8.9,8.62,0.3,-0.5,-83.7,276.3,-0.05,0.02,0.13,23.85,74,0,0,1
2026-08-14T19:02:48,1786708969,13.731025,100.788409,8.6,8.3,0.6,-0.1,-83.8,276.2,-0.02,-0.03,0.16,23.85,74,AUTO.LOITER,1,1
2026-08-14T19:02:49,1786708970,13.731025,100.788409,8.6,8.3,0.5,0.1,-83.9,276.1,-0.02,-0.03,0.16,23.85,74,AUTO.LOITER,1,1
2026-08-14T19:02:50,1786708971,13.731025,100.788409,8.3,8.0,0.6,0.2,-83.9,276.1,0.0,-0.01,0.15,23.84,74,0,0,1
2026-08-14T19:02:51,1786708972,13.731025,100.788409,8.3,8.0,0.4,-0.1,-83.9,276.1,0.0,-0.01,0.15,23.84,74,0,0,1
2026-08-14T19:02:52,1786708973,13.731025,100.788409,8.0,8.0,0.1,-0.1,-83.8,276.2,0.0,-0.01,0.15,23.84,74,0,0,1
2026-08-14T19:02:53,1786708974,13.731025,100.788409,8.0,7.7,0.3,0.2,-83.8,276.2,0.0,-0.04,0.15,23.84,74,0,0,1
2026-08-14T19:02:54,1786708975,13.731025,100.788409,8.0,7.7,0.7,0.5,-83.8,276.2,0.0,-0.04,0.15,23.84,74,0,0,1
2026-08-14T19:02:55,1786708976,13.731025,100.788409,7.7,7.41,0.8,-0.0,-83.9,276.1,0.0,0.0,0.15,23.84,73,0,0,1
2026-08-14T19:02:56,1786708977,13.731025,100.788409,7.7,7.41,0.6,-0.1,-83.9,276.1,0.0,0.0,0.15,23.84,73,0,0,1
2026-08-14T19:02:57,1786708978,13.731025,100.788409,7.4,7.12,0.6,-0.1,-83.9,276.1,0.04,-0.03,0.15,23.84,73,0,0,1
2026-08-14T19:02:58,1786708979,13.731025,100.788409,7.4,7.12,0.6,-0.1,-83.9,276.1,0.04,-0.03,0.15,23.84,73,0,0,1
2026-08-14T19:02:59,1786708980,13.731026,100.788409,7.1,7.12,0.6,-0.1,-83.9,276.1,0.04,-0.03,0.15,23.83,73,0,0,1
2026-08-14T19:03:00,1786708981,13.731026,100.788409,7.1,7.12,0.2,0.5,-83.8,276.2,0.04,-0.03,0.15,23.83,73,0,0,1
2026-08-14T19:03:01,1786708982,13.731025,100.788409,6.8,6.51,0.8,0.9,-83.9,276.1,-0.02,-0.01,0.14,23.83,73,0,0,1
2026-08-14T19:03:02,1786708983,13.731025,100.788409,6.8,6.51,0.8,0.9,-83.9,276.1,-0.02,-0.01,0.14,23.83,73,0,0,1
2026-08-14T19:03:03,1786708984,13.731025,100.788409,6.5,6.22,0.8,-0.0,-83.9,276.1,0.03,0.01,0.14,23.83,73,0,0,1
2026-08-14T19:03:04,1786708985,13.731025,100.788409,6.5,6.22,0.2,-0.3,-83.9,276.1,0.03,0.01,0.14,23.83,73,0,0,1
2026-08-14T19:03:05,1786708986,13.731025,100.788409,6.3,5.93,0.2,0.2,-83.9,276.1,0.0,-0.02,0.16,23.83,73,AUTO.LAND,1,1
2026-08-14T19:03:06,1786708987,13.731025,100.788409,6.3,5.93,0.6,0.2,-83.8,276.2,0.0,-0.02,0.16,23.83,73,0,0,1
2026-08-14T19:03:07,1786708988,13.731025,100.788409,5.9,5.93,0.6,0.2,-83.8,276.2,0.0,-0.02,0.16,23.82,73,AUTO.LAND,1,1
2026-08-14T19:03:08,1786708989,13.731025,100.788409,5.9,5.93,0.6,0.2,-83.8,276.2,0.0,-0.02,0.16,23.82,73,AUTO.LAND,1,1
2026-08-14T19:03:09,1786708990,13.731025,100.788409,5.6,5.93,0.1,0.5,-83.9,276.1,0.0,-0.02,0.16,23.82,73,0,0,1
2026-08-14T19:03:10,1786708991,13.731025,100.788409,5.7,5.33,0.1,0.5,-83.9,276.1,0.0,0.0,0.16,23.82,73,0,0,1
2026-08-14T19:03:11,1786708992,13.731025,100.788409,5.3,5.33,0.3,0.4,-83.9,276.1,0.0,0.0,0.16,23.82,73,0,0,1
2026-08-14T19:03:12,1786708993,13.731025,100.788409,5.4,5.02,0.6,0.2,-83.9,276.1,0.0,0.01,0.15,23.82,73,0,0,1
2026-08-14T19:03:13,1786708994,13.731025,100.788409,5.4,5.02,0.6,0.1,-83.9,276.1,0.0,0.01,0.15,23.82,73,0,0,1
2026-08-14T19:03:14,1786708995,13.731025,100.788409,5.1,4.73,0.4,0.1,-83.9,276.1,0.03,0.01,0.14,23.82,73,0,0,1
2026-08-14T19:03:15,1786708996,13.731025,100.788409,5.1,4.73,0.3,0.4,-83.9,276.1,0.03,0.01,0.14,23.82,73,0,0,1
2026-08-14T19:03:16,1786708997,13.731025,100.788409,4.8,4.43,0.3,0.4,-83.9,276.1,0.02,0.01,0.14,23.81,73,0,0,1
2026-08-14T19:03:17,1786708998,13.731025,100.788409,4.8,4.43,0.3,0.4,-83.9,276.1,0.02,0.01,0.14,23.81,73,0,0,1
2026-08-14T19:03:18,1786708999,13.731025,100.788409,4.3,4.43,0.5,0.0,-83.9,276.1,0.02,0.01,0.14,23.81,73,AUTO.LAND,1,1
2026-08-14T19:03:19,1786709000,13.731025,100.788409,4.3,4.43,0.2,0.2,-83.9,276.1,0.02,0.01,0.14,23.81,73,AUTO.LAND,1,1
2026-08-14T19:03:20,1786709001,13.731025,100.788409,4.3,4.43,0.2,0.2,-83.9,276.1,0.02,0.01,0.14,23.81,73,0,0,1
2026-08-14T19:03:21,1786709002,13.731025,100.788409,4.3,4.43,0.1,0.5,-83.9,276.1,0.02,0.01,0.14,23.81,73,0,0,1
2026-08-14T19:03:22,1786709003,13.731025,100.788409,3.9,3.52,0.3,0.2,-83.8,276.2,0.0,0.04,0.13,23.8,73,0,0,1
2026-08-14T19:03:23,1786709004,13.731025,100.788409,3.9,3.52,0.4,-0.1,-83.8,276.2,0.0,0.04,0.13,23.8,73,0,0,1
2026-08-14T19:03:24,1786709005,13.731026,100.788409,3.6,3.23,0.2,0.0,-83.9,276.1,0.0,0.01,0.13,23.8,72,0,0,1
2026-08-14T19:03:25,1786709006,13.731026,100.788409,3.6,3.23,0.3,0.1,-83.9,276.1,0.0,0.01,0.13,23.8,72,0,0,1
2026-08-14T19:03:26,1786709007,13.731026,100.788409,3.6,3.23,0.5,0.2,-83.9,276.1,0.0,0.01,0.13,23.8,72,0,0,1
2026-08-14T19:03:27,1786709008,13.731026,100.788409,3.3,2.92,0.2,0.4,-83.8,276.2,0.0,0.01,0.13,23.8,72,0,0,1
2026-08-14T19:03:28,1786709009,13.731025,100.788409,2.8,2.92,0.2,0.1,-83.8,276.2,0.0,0.01,0.13,23.8,72,0,0,1
2026-08-14T19:03:29,1786709010,13.731026,100.788409,2.9,2.61,0.3,-0.1,-83.8,276.2,-0.01,0.01,0.12,23.8,72,0,0,1
2026-08-14T19:03:30,1786709011,13.731025,100.788409,2.5,2.61,0.6,0.1,-83.9,276.1,-0.01,0.01,0.12,23.79,72,0,0,1
2026-08-14T19:03:31,1786709012,13.731025,100.788409,2.6,2.31,0.5,0.0,-83.9,276.1,0.0,0.0,0.12,23.79,72,0,0,1
2026-08-14T19:03:32,1786709013,13.731026,100.788409,2.2,2.31,0.2,-0.0,-83.9,276.1,0.0,0.0,0.12,23.79,72,AUTO.LAND,1,1
2026-08-14T19:03:33,1786709014,13.731025,100.788409,2.4,2.02,0.2,0.0,-83.8,276.2,0.0,-0.01,0.12,23.79,72,0,0,1
2026-08-14T19:03:34,1786709015,13.731025,100.788409,2.4,2.02,-0.0,0.1,-83.8,276.2,0.0,-0.01,0.12,23.79,72,0,0,1
2026-08-14T19:03:35,1786709016,13.731026,100.788409,2.0,1.72,0.2,0.1,-83.8,276.2,-0.02,-0.02,0.12,23.79,72,AUTO.LAND,1,1
2026-08-14T19:03:36,1786709017,13.731026,100.788409,2.0,1.72,0.3,0.3,-83.8,276.2,-0.02,-0.02,0.12,23.79,72,0,0,1
2026-08-14T19:03:37,1786709018,13.731026,100.788409,1.8,1.43,0.3,0.2,-83.9,276.1,-0.01,0.0,0.13,23.78,72,0,0,1
2026-08-14T19:03:38,1786709019,13.731026,100.788409,1.8,1.43,0.4,-0.0,-83.9,276.1,-0.01,0.0,0.13,23.78,72,0,0,1
2026-08-14T19:03:39,1786709020,13.731026,100.788409,1.4,1.12,0.2,0.1,-83.9,276.1,0.0,0.0,0.12,23.78,72,0,0,1
2026-08-14T19:03:40,1786709021,13.731026,100.788409,1.4,1.12,0.0,0.2,-83.8,276.2,0.0,0.0,0.12,23.78,72,0,0,1
2026-08-14T19:03:41,1786709022,13.731026,100.788409,1.1,0.81,0.2,-0.0,-83.8,276.2,-0.03,0.0,0.11,23.78,72,0,0,1
2026-08-14T19:03:42,1786709023,13.731026,100.788409,1.1,0.81,0.5,-0.5,-83.8,276.2,-0.03,0.0,0.11,23.78,72,0,0,1
2026-08-14T19:03:43,1786709024,13.731025,100.788409,0.8,0.51,0.5,-0.2,-83.9,276.1,0.0,-0.03,0.11,23.78,72,0,0,1
2026-08-14T19:03:44,1786709025,13.731026,100.788409,0.4,0.51,0.1,0.4,-83.9,276.1,0.0,-0.03,0.11,23.77,72,0,0,1
2026-08-14T19:03:45,1786709026,13.731026,100.788409,0.5,0.22,0.2,0.1,-83.9,276.1,0.0,-0.01,0.11,23.77,72,0,0,1
2026-08-14T19:03:46,1786709027,13.731026,100.788409,0.6,0.23,0.2,0.1,-83.9,276.1,0.01,0.0,-0.21,23.77,72,0,0,1
2026-08-14T19:03:47,1786709028,13.731026,100.788409,0.6,0.23,0.3,0.1,-84.0,276.0,0.01,0.0,-0.21,23.77,72,0,0,1
2026-08-14T19:03:48,1786709029,13.731026,100.788409,0.6,0.26,0.2,0.1,-84.0,276.0,0.0,0.0,-0.21,23.77,72,0,0,1
2026-08-14T19:03:49,1786709030,13.731025,100.788409,0.3,0.26,0.2,0.1,-84.0,276.0,0.0,0.0,-0.21,23.77,72,0,0,1
2026-08-14T19:03:50,1786709031,13.731025,100.788409,0.6,0.26,0.2,0.1,-84.0,276.0,0.0,-0.01,-0.21,23.77,72,0,0,1
2026-08-14T19:03:51,1786709032,13.731025,100.788408,0.6,0.27,0.2,0.1,-84.0,276.0,-0.01,-0.02,-0.22,23.76,71,0,0,1
2026-08-14T19:03:52,1786709033,13.731025,100.788408,0.6,0.27,0.2,0.1,-84.0,276.0,-0.01,-0.02,-0.22,23.76,71,0,0,1
2026-08-14T19:03:53,1786709034,13.731026,100.788409,0.3,0.27,0.2,0.1,-84.0,276.0,-0.01,-0.02,-0.22,23.76,71,0,0,1
2026-08-14T19:03:54,1786709035,13.731025,100.788408,0.6,0.28,0.2,0.1,-84.0,276.0,-0.01,-0.02,-0.23,23.76,71,0,0,0
2026-08-14T19:03:55,1786709036,13.731025,100.788408,0.6,0.28,0.2,0.1,-83.9,276.1,-0.01,-0.02,-0.23,23.76,71,0,0,0
2026-08-14T19:03:56,1786709037,13.731025,100.788409,0.6,0.3,0.2,0.1,-83.9,276.1,-0.02,0.0,-0.25,23.75,71,0,0,0
2026-08-14T19:03:57,1786709038,13.731025,100.788409,0.6,0.3,0.2,0.1,-83.9,276.1,-0.02,0.0,-0.25,23.75,71,0,0,0
2026-08-14T19:03:58,1786709039,13.731025,100.788409,0.7,0.01,0.2,0.1,-83.9,276.1,-0.02,0.0,-0.26,23.75,71,0,0,1
2026-08-14T19:03:59,1786709040,13.731025,100.788409,0.7,0.03,0.2,0.1,-83.9,276.1,-0.02,0.0,-0.29,23.75,71,0,0,1
2026-08-14T19:04:00,1786709041,13.731025,100.788409,0.7,0.03,0.2,-1.5,-83.9,276.1,-0.02,0.0,-0.29,23.75,71,0,0,1
2026-08-14T19:04:01,1786709042,13.731025,100.788408,1.3,0.64,0.1,0.9,-83.8,276.2,-0.01,-0.04,-1.37,23.75,71,0,0,1
2026-08-14T19:04:02,1786709043,13.731025,100.788408,1.3,0.64,0.3,1.6,-83.7,276.3,-0.01,-0.04,-1.37,23.75,71,0,0,1
2026-08-14T19:04:03,1786709044,13.731025,100.788408,2.7,2.04,0.6,-0.2,-83.6,276.4,0.01,0.04,-1.64,23.74,71,0,0,1
2026-08-14T19:04:04,1786709045,13.731025,100.788408,2.7,2.04,0.2,-0.5,-83.5,276.5,0.01,0.04,-1.64,23.74,71,0,0,1
2026-08-14T19:04:05,1786709046,13.731025,100.788408,3.6,2.99,0.1,0.0,-83.4,276.6,0.0,0.0,-1.34,23.74,71,0,0,1
2026-08-14T19:04:06,1786709047,13.731025,100.788408,3.6,2.99,0.1,0.2,-83.2,276.8,0.0,0.0,-1.34,23.74,71,0,0,1
2026-08-14T19:04:07,1786709048,13.731025,100.788408,4.7,4.06,0.2,0.0,-83.2,276.8,-0.02,0.0,-1.33,23.74,71,AUTO.LOITER,1,1
2026-08-14T19:04:08,1786709049,13.731025,100.788408,4.7,4.06,0.1,-0.1,-83.3,276.7,-0.02,0.0,-1.33,23.74,71,0,0,1
2026-08-14T19:04:09,1786709050,13.731026,100.788408,5.0,4.06,0.2,-0.2,-83.5,276.5,-0.02,0.0,-1.33,23.73,71,0,0,1
2026-08-14T19:04:10,1786709051,13.731025,100.788408,5.7,5.1,0.6,0.1,-83.4,276.6,-0.02,-0.02,-1.3,23.73,71,0,0,1
2026-08-14T19:04:11,1786709052,13.731026,100.788408,6.1,5.1,0.3,0.2,-83.4,276.6,-0.02,-0.02,-1.3,23.73,71,0,0,1
2026-08-14T19:04:12,1786709053,13.731025,100.788408,6.8,6.11,0.1,0.0,-83.4,276.6,-0.01,0.0,-1.3,23.73,71,0,0,1
2026-08-14T19:04:13,1786709054,13.731026,100.788408,7.1,6.11,0.1,-0.0,-83.4,276.6,-0.01,0.0,-1.3,23.73,71,AUTO.LOITER,1,1
2026-08-14T19:04:14,1786709055,13.731025,100.788408,7.8,7.11,0.3,-0.1,-83.4,276.6,-0.03,0.0,-1.29,23.73,71,AUTO.LOITER,1,1
2026-08-14T19:04:15,1786709056,13.731025,100.788408,7.8,7.11,0.4,0.1,-83.4,276.6,-0.03,0.0,-1.29,23.73,71,0,0,1
2026-08-14T19:04:16,1786709057,13.731025,100.788408,8.8,8.12,0.4,0.1,-83.4,276.6,-0.02,0.0,-1.28,23.73,71,0,0,1
2026-08-14T19:04:17,1786709058,13.731025,100.788408,8.8,8.12,0.2,-0.2,-83.4,276.6,-0.02,0.0,-1.28,23.73,71,0,0,1
2026-08-14T19:04:18,1786709059,13.731025,100.788408,8.8,8.12,-0.0,-0.4,-83.4,276.6,-0.02,0.0,-1.28,23.72,70,0,0,1
2026-08-14T19:04:19,1786709060,13.731025,100.788408,8.8,8.12,0.1,-0.1,-83.3,276.7,-0.02,0.0,-1.28,23.72,70,0,0,1
2026-08-14T19:04:20,1786709061,13.731025,100.788408,10.8,10.12,0.1,-0.1,-83.3,276.7,-0.04,-0.03,-1.26,23.72,70,0,0,1
2026-08-14T19:04:21,1786709062,13.731025,100.788408,10.8,10.12,0.3,-0.0,-83.3,276.7,-0.04,-0.03,-1.26,23.72,70,0,0,1
2026-08-14T19:04:22,1786709063,13.731025,100.788408,11.5,10.83,0.5,0.2,-83.4,276.6,-0.01,-0.01,-0.81,23.72,70,0,0,1
2026-08-14T19:04:23,1786709064,13.731025,100.788408,11.5,10.83,0.3,0.3,-83.4,276.6,-0.01,-0.01,-0.81,23.72,70,0,0,1
2026-08-14T19:04:24,1786709065,13.731025,100.788408,11.9,11.26,0.0,-0.1,-83.4,276.6,-0.17,-0.15,-0.63,23.71,70,0,0,1
2026-08-14T19:04:25,1786709066,13.731025,100.788408,11.9,11.26,-7.9,-12.6,-83.1,276.9,-0.17,-0.15,-0.63,23.71,70,0,0,1
2026-08-14T19:04:26,1786709067,13.73102,100.788398,11.7,11.26,-8.7,-17.8,-79.9,280.1,-0.17,-0.15,-0.63,23.71,70,0,0,1
2026-08-14T19:04:27,1786709068,13.731019,100.788392,12.1,11.5,-0.8,-16.4,-101.7,258.3,-1.2,-3.1,-0.33,23.71,70,0,0,1
2026-08-14T19:04:28,1786709069,13.731006,100.788364,11.9,11.5,7.2,-9.8,-116.6,243.4,-1.2,-3.1,-0.33,23.71,70,0,0,1
2026-08-14T19:04:29,1786709070,13.731003,100.788353,12.2,11.54,1.5,1.8,-119.8,240.2,-1.44,-4.98,-0.28,23.71,70,0,0,1
2026-08-14T19:04:30,1786709071,13.730993,100.788322,11.9,11.54,-0.2,-4.0,-115.0,245.0,-1.44,-4.98,-0.28,23.71,70,AUTO.LOITER,1,1
2026-08-14T19:04:31,1786709072,13.73099,100.78831,12.2,11.6,-0.3,-3.5,-108.1,251.9,-1.53,-4.78,-0.23,23.71,70,0,0,1
2026-08-14T19:04:32,1786709073,13.73099,100.78831,12.2,11.6,0.0,-2.4,-105.0,255.0,-1.53,-4.78,-0.23,23.71,70,0,0,1
2026-08-14T19:04:33,1786709074,13.730975,100.788267,12.3,11.62,-0.2,-2.2,-106.6,253.4,-1.66,-4.8,-0.26,23.7,70,0,0,1
2026-08-14T19:04:34,1786709075,13.730975,100.788267,12.3,11.62,-0.2,-2.1,-110.0,250.0,-1.66,-4.8,-0.26,23.7,70,0,0,1
2026-08-14T19:04:35,1786709076,13.73096,100.788223,12.3,11.65,0.3,-2.0,-112.1,247.9,-1.74,-4.75,-0.28,23.7,70,0,0,1
2026-08-14T19:04:36,1786709077,13.73096,100.788223,12.3,11.65,-0.8,7.6,-112.1,247.9,-1.74,-4.75,-0.28,23.7,70,0,0,1
2026-08-14T19:04:37,1786709078,13.730945,100.788182,12.3,11.7,-0.8,7.6,-112.1,247.9,-1.46,-3.78,-0.28,23.7,70,0,0,1
2026-08-14T19:04:38,1786709079,13.730945,100.788182,12.3,11.7,-0.8,7.6,-112.1,247.9,-1.46,-3.78,-0.28,23.7,70,0,0,1
2026-08-14T19:04:39,1786709080,13.730936,100.788156,12.4,11.71,0.1,6.5,-109.8,250.2,-0.85,-2.17,-0.27,23.7,70,0,0,1
2026-08-14T19:04:40,1786709081,13.730936,100.788156,12.4,11.71,0.1,5.9,-110.0,250.0,-0.85,-2.17,-0.27,23.7,70,0,0,1
2026-08-14T19:04:41,1786709082,13.730931,100.78814,12.4,11.74,-0.8,5.7,-111.2,248.8,-0.5,-1.11,-0.25,23.69,70,AUTO.LOITER,1,1
2026-08-14T19:04:42,1786709083,13.730931,100.78814,12.4,11.74,-0.4,6.6,-112.3,247.7,-0.5,-1.11,-0.25,23.69,70,0,0,1
2026-08-14T19:04:43,1786709084,13.730929,100.788134,11.9,11.74,0.1,4.9,-112.5,247.5,-0.5,-1.11,-0.25,23.69,70,0,0,1
2026-08-14T19:04:44,1786709085,13.730928,100.788133,12.1,11.47,0.3,6.3,-112.0,248.0,-0.21,-0.3,0.87,23.69,70,0,0,1
2026-08-14T19:04:45,1786709086,13.730928,100.788133,12.1,11.47,0.7,1.6,-111.5,248.5,-0.21,-0.3,0.87,23.69,70,0,0,1
2026-08-14T19:04:46,1786709087,13.730928,100.788133,10.8,10.17,0.2,-0.8,-111.3,248.7,0.02,0.19,0.37,23.69,70,0,0,1
2026-08-14T19:04:47,1786709088,13.730928,100.788133,10.8,10.17,0.2,-0.8,-111.3,248.7,0.02,0.19,0.37,23.69,70,0,0,1
2026-08-14T19:04:48,1786709089,13.730928,100.788132,10.5,9.81,0.0,0.7,-111.3,248.7,-0.01,0.11,0.12,23.68,69,0,0,1
2026-08-14T19:04:49,1786709090,13.730928,100.788132,10.5,9.81,0.1,0.7,-111.5,248.5,-0.01,0.11,0.12,23.68,69,0,0,1
2026-08-14T19:04:50,1786709091,13.730928,100.788133,9.8,9.81,0.3,0.0,-111.7,248.3,-0.01,0.11,0.12,23.68,69,0,0,1
2026-08-14T19:04:51,1786709092,13.730928,100.788133,10.1,9.44,0.4,-0.5,-111.7,248.3,-0.01,0.11,0.11,23.68,69,0,0,1
2026-08-14T19:04:52,1786709093,13.730928,100.788133,10.1,9.44,0.4,-0.5,-111.7,248.3,-0.01,0.11,0.11,23.68,69,0,0,1
2026-08-14T19:04:53,1786709094,13.730927,100.788133,9.8,9.13,0.6,0.0,-111.5,248.5,0.0,0.01,0.07,23.68,69,0,0,1
2026-08-14T19:04:54,1786709095,13.730927,100.788133,9.8,9.13,-0.1,-0.4,-111.5,248.5,0.0,0.01,0.07,23.68,69,0,0,1
2026-08-14T19:04:55,1786709096,13.730928,100.788133,9.4,8.8,0.2,-0.2,-111.6,248.4,-0.02,-0.01,0.05,23.68,69,0,0,1
2026-08-14T19:04:56,1786709097,13.730928,100.788133,9.4,8.8,0.3,-0.2,-111.6,248.4,-0.02,-0.01,0.05,23.68,69,0,0,1
2026-08-14T19:04:57,1786709098,13.730928,100.788134,9.2,8.51,0.5,-0.2,-111.6,248.4,-0.04,-0.03,0.04,23.67,69,0,0,1
2026-08-14T19:04:58,1786709099,13.730928,100.788134,9.2,8.51,0.5,-0.4,-111.6,248.4,-0.04,-0.03,0.04,23.67,69,0,0,1
2026-08-14T19:04:59,1786709100,13.730928,100.788134,9.2,8.51,0.5,-0.4,-111.6,248.4,-0.04,-0.03,0.04,23.67,69,0,0,1
2026-08-14T19:05:00,1786709101,13.730928,100.788134,9.2,8.51,0.5,-0.4,-111.6,248.4,-0.04,-0.03,0.04,23.67,69,0,0,1
2026-08-14T19:05:01,1786709102,13.730928,100.788134,9.2,8.51,0.5,-0.4,-111.6,248.4,-0.04,-0.03,0.04,23.67,69,0,0,1
2026-08-14T19:05:02,1786709103,13.730928,100.788134,9.2,8.51,0.5,-0.4,-111.6,248.4,-0.04,-0.03,0.04,23.67,69,0,0,1
2026-08-14T19:05:03,1786709104,13.730927,100.788134,8.3,7.64,0.7,0.0,-111.6,248.4,0.02,-0.04,0.05,23.66,69,0,0,1
2026-08-14T19:05:04,1786709105,13.730927,100.788134,8.3,7.64,0.3,-0.2,-111.6,248.4,0.02,-0.04,0.05,23.66,69,0,0,1
2026-08-14T19:05:05,1786709106,13.730927,100.788134,7.7,7.64,0.4,-0.2,-111.6,248.4,0.02,-0.04,0.05,23.66,69,0,0,1
2026-08-14T19:05:06,1786709107,13.730927,100.788134,8.0,7.35,0.4,0.3,-111.6,248.4,0.01,-0.05,0.05,23.66,69,0,0,1
2026-08-14T19:05:07,1786709108,13.730927,100.788134,7.5,7.35,0.2,0.2,-111.6,248.4,0.01,-0.05,0.05,23.66,69,0,0,1
2026-08-14T19:05:08,1786709109,13.730927,100.788133,7.7,7.07,0.5,-0.2,-111.6,248.4,0.01,-0.01,0.07,23.66,69,0,0,1
2026-08-14T19:05:09,1786709110,13.730927,100.788133,7.7,7.07,0.7,0.0,-111.6,248.4,0.01,-0.01,0.07,23.66,69,0,0,1
2026-08-14T19:05:10,1786709111,13.730927,100.788134,7.1,7.07,0.5,0.3,-111.6,248.4,0.01,-0.01,0.07,23.66,69,0,0,1
2026-08-14T19:05:11,1786709112,13.730927,100.788134,7.1,7.07,0.2,0.3,-111.6,248.4,0.01,-0.01,0.07,23.66,69,0,0,1
2026-08-14T19:05:12,1786709113,13.730928,100.788133,7.1,6.47,-0.1,-0.4,-111.6,248.4,0.05,0.0,0.08,23.65,69,0,0,1
2026-08-14T19:05:13,1786709114,13.730928,100.788133,7.1,6.47,0.0,-0.3,-111.6,248.4,0.05,0.0,0.08,23.65,69,0,0,1
2026-08-14T19:05:14,1786709115,13.730928,100.788133,6.8,6.18,0.0,-0.3,-111.6,248.4,-0.01,-0.02,0.07,23.65,69,0,0,1
2026-08-14T19:05:15,1786709116,13.730928,100.788133,6.8,6.18,0.3,0.5,-111.6,248.4,-0.01,-0.02,0.07,23.65,69,0,0,1
2026-08-14T19:05:16,1786709117,13.730928,100.788133,6.5,5.88,0.3,0.4,-111.6,248.4,0.02,0.02,0.08,23.65,69,0,0,1
2026-08-14T19:05:17,1786709118,13.730928,100.788133,6.5,5.88,0.1,-0.3,-111.6,248.4,0.02,0.02,0.08,23.65,69,0,0,1
2026-08-14T19:05:18,1786709119,13.730928,100.788133,6.0,5.88,0.1,-0.3,-111.6,248.4,0.02,0.02,0.08,23.64,68,0,0,1
2026-08-14T19:05:19,1786709120,13.730928,100.788133,6.0,5.88,0.3,-0.0,-111.6,248.4,0.02,0.02,0.08,23.64,68,0,0,1
2026-08-14T19:05:20,1786709121,13.730928,100.788133,5.8,5.88,0.3,-0.0,-111.6,248.4,0.02,0.02,0.08,23.64,68,0,0,1
2026-08-14T19:05:21,1786709122,13.730927,100.788133,6.0,5.31,0.3,0.3,-111.6,248.4,0.01,0.0,0.1,23.64,68,0,0,1
2026-08-14T19:05:22,1786709123,13.730928,100.788133,5.6,5.31,-0.1,0.0,-111.6,248.4,0.01,0.0,0.1,23.64,68,0,0,1
2026-08-14T19:05:23,1786709124,13.730928,100.788133,5.7,5.02,-0.2,-0.3,-111.6,248.4,0.0,0.02,0.11,23.64,68,0,0,1
2026-08-14T19:05:24,1786709125,13.730928,100.788133,5.7,5.02,0.3,-0.2,-111.6,248.4,0.0,0.02,0.11,23.64,68,0,0,1
2026-08-14T19:05:25,1786709126,13.730928,100.788133,5.4,4.75,-0.2,0.2,-111.6,248.4,-0.01,0.0,0.13,23.64,68,0,0,1
2026-08-14T19:05:26,1786709127,13.730928,100.788133,5.4,4.75,0.2,-0.1,-111.6,248.4,-0.01,0.0,0.13,23.64,68,0,0,1
2026-08-14T19:05:27,1786709128,13.730928,100.788133,5.1,4.44,0.8,-0.3,-111.6,248.4,-0.02,0.01,0.13,23.63,68,0,0,1
2026-08-14T19:05:28,1786709129,13.730928,100.788133,5.1,4.44,0.3,-0.3,-111.6,248.4,-0.02,0.01,0.13,23.63,68,0,0,1
2026-08-14T19:05:29,1786709130,13.730928,100.788133,4.8,4.14,0.1,-0.0,-111.6,248.4,0.0,-0.01,0.13,23.63,68,0,0,1
2026-08-14T19:05:30,1786709131,13.730928,100.788133,4.8,4.14,0.1,0.2,-111.6,248.4,0.0,-0.01,0.13,23.63,68,0,0,1
2026-08-14T19:05:31,1786709132,13.730928,100.788133,4.5,3.84,0.1,0.2,-111.6,248.4,0.0,0.01,0.12,23.63,68,0,0,1
2026-08-14T19:05:32,1786709133,13.730928,100.788133,4.5,3.84,0.1,-0.0,-111.6,248.4,0.0,0.01,0.12,23.63,68,0,0,1
2026-08-14T19:05:33,1786709134,13.730928,100.788133,4.2,3.54,0.1,-0.0,-111.6,248.4,0.0,0.01,0.13,23.62,68,0,0,1
2026-08-14T19:05:34,1786709135,13.730928,100.788133,4.2,3.54,0.1,-0.1,-111.6,248.4,0.0,0.01,0.13,23.62,68,0,0,1
2026-08-14T19:05:35,1786709136,13.730928,100.788133,4.2,3.54,0.1,-0.3,-111.6,248.4,0.0,0.01,0.13,23.62,68,0,0,1
2026-08-14T19:05:36,1786709137,13.730928,100.788133,4.2,3.54,0.1,-0.3,-111.6,248.4,0.0,0.01,0.13,23.62,68,0,0,1
2026-08-14T19:05:37,1786709138,13.730928,100.788133,3.5,3.54,0.1,-0.3,-111.6,248.4,0.0,0.01,0.13,23.62,68,0,0,1
2026-08-14T19:05:38,1786709139,13.730928,100.788133,3.6,2.96,0.1,-0.1,-111.6,248.4,-0.01,0.0,0.14,23.62,68,0,0,1
2026-08-14T19:05:39,1786709140,13.730928,100.788133,3.3,2.96,-0.1,0.1,-111.6,248.4,-0.01,0.0,0.14,23.62,68,0,0,1
2026-08-14T19:05:40,1786709141,13.730928,100.788133,3.3,2.67,0.1,-0.1,-111.6,248.4,-0.03,0.03,0.15,23.62,68,0,0,1
2026-08-14T19:05:41,1786709142,13.730928,100.788133,3.0,2.67,0.3,-0.3,-111.6,248.4,-0.03,0.03,0.15,23.61,68,0,0,1
2026-08-14T19:05:42,1786709143,13.730928,100.788133,3.0,2.39,0.7,-0.3,-111.6,248.4,-0.02,0.01,0.16,23.61,68,0,0,1
2026-08-14T19:05:43,1786709144,13.730928,100.788133,2.7,2.39,0.4,0.1,-111.6,248.4,-0.02,0.01,0.16,23.61,68,AUTO.LAND,1,1
2026-08-14T19:05:44,1786709145,13.730928,100.788133,2.7,2.08,-0.2,0.0,-111.6,248.4,0.01,0.0,0.16,23.61,68,0,0,1
2026-08-14T19:05:45,1786709146,13.730928,100.788133,2.7,2.08,0.2,-0.2,-111.6,248.4,0.01,0.0,0.16,23.61,68,0,0,1
2026-08-14T19:05:46,1786709147,13.730928,100.788133,2.4,1.78,0.6,-0.2,-111.6,248.4,-0.02,0.02,0.15,23.61,68,0,0,1
2026-08-14T19:05:47,1786709148,13.730928,100.788133,2.4,1.78,0.5,-0.1,-111.6,248.4,-0.02,0.02,0.15,23.61,68,0,0,1
2026-08-14T19:05:48,1786709149,13.730928,100.788133,2.1,1.47,0.3,-0.2,-111.6,248.4,0.0,0.0,0.15,23.61,67,0,0,1
2026-08-14T19:05:49,1786709150,13.730928,100.788133,2.1,1.47,0.1,-0.1,-111.6,248.4,0.0,0.0,0.15,23.61,67,0,0,1
2026-08-14T19:05:50,1786709151,13.730928,100.788133,1.8,1.19,0.2,-0.2,-111.6,248.4,0.0,0.0,0.16,23.6,67,0,0,1
2026-08-14T19:05:51,1786709152,13.730928,100.788133,1.8,1.19,0.4,-0.3,-111.6,248.4,0.0,0.0,0.16,23.6,67,0,0,1
2026-08-14T19:05:52,1786709153,13.730928,100.788133,1.6,0.91,0.1,-0.1,-111.6,248.4,0.0,0.0,0.18,23.6,67,0,0,1
2026-08-14T19:05:53,1786709154,13.730928,100.788133,1.6,0.91,0.1,-0.3,-111.6,248.4,0.0,0.0,0.18,23.6,67,0,0,1
2026-08-14T19:05:54,1786709155,13.730928,100.788133,1.3,0.61,0.3,-0.1,-111.6,248.4,-0.02,0.0,0.18,23.6,67,0,0,1
2026-08-14T19:05:55,1786709156,13.730928,100.788133,1.3,0.61,0.6,-0.1,-111.6,248.4,-0.02,0.0,0.18,23.6,67,0,0,1
2026-08-14T19:05:56,1786709157,13.730927,100.788133,1.0,0.31,0.5,-0.2,-111.6,248.4,0.01,-0.01,0.18,23.59,67,0,0,1
2026-08-14T19:05:57,1786709158,13.730927,100.788133,1.0,0.31,0.4,0.2,-111.6,248.4,0.01,-0.01,0.18,23.59,67,0,0,1
2026-08-14T19:05:58,1786709159,13.730927,100.788133,0.7,0.01,0.4,0.2,-111.6,248.4,0.04,0.0,0.18,23.59,67,0,0,1
2026-08-14T19:05:59,1786709160,13.730927,100.788133,0.3,0.01,0.2,-0.1,-111.6,248.4,0.04,0.0,0.18,23.59,67,0,0,1
2026-08-14T19:06:00,1786709161,13.730927,100.788133,0.4,-0.27,0.3,-0.2,-111.6,248.4,0.02,-0.02,-0.12,23.59,67,0,0,1
2026-08-14T19:06:01,1786709162,13.730927,100.788133,0.4,-0.24,0.3,-0.2,-111.6,248.4,0.01,-0.02,-0.13,23.59,67,0,0,1
2026-08-14T19:06:02,1786709163,13.730927,100.788133,0.4,-0.22,0.3,-0.2,-111.6,248.4,0.01,-0.02,-0.15,23.59,67,0,0,1
2026-08-14T19:06:03,1786709164,13.730927,100.788134,0.4,-0.2,0.2,-0.1,-111.6,248.4,0.0,0.0,-0.17,23.58,67,0,0,1
2026-08-14T19:06:04,1786709165,13.730928,100.788133,0.4,-0.2,0.2,-0.1,-111.6,248.4,0.0,0.0,-0.17,23.58,67,0,0,0
2026-08-14T19:06:05,1786709166,13.730928,100.788133,0.5,-0.18,0.2,-0.1,-111.5,248.5,0.01,-0.01,-0.17,23.58,67,0,0,0
2026-08-14T19:06:06,1786709167,13.730928,100.788133,0.5,-0.16,0.2,-0.1,-111.5,248.5,0.02,-0.01,-0.17,23.57,67,0,0,0
2026-08-14T19:06:07,1786709168,13.730928,100.788133,0.5,-0.15,0.2,-0.1,-111.5,248.5,0.0,0.0,-0.16,23.57,67,0,0,0
2026-08-14T19:06:08,1786709169,13.730927,100.788134,0.5,-0.17,0.2,-0.1,-111.5,248.5,0.0,0.0,-0.16,23.57,67,0,0,0
2026-08-14T19:06:09,1786709170,13.730927,100.788134,0.5,-0.17,0.2,-0.1,-111.5,248.5,0.0,0.0,-0.16,23.57,67,0,0,0
2026-08-14T19:06:10,1786709171,13.730927,100.788134,0.5,-0.17,0.2,-0.1,-111.5,248.5,0.0,0.01,-0.16,23.57,66,AUTO.TAKEOFF,1,0
2026-08-14T19:06:11,1786709172,13.730927,100.788134,0.5,-0.0,0.2,-0.1,-111.5,248.5,0.0,0.01,-0.15,23.57,66,0,0,0
2026-08-14T19:06:12,1786709173,13.730927,100.788134,0.5,0.05,0.2,0.1,-111.5,248.5,0.01,0.03,-0.45,23.56,66,0,0,1
2026-08-14T19:06:13,1786709174,13.730927,100.788134,0.5,0.05,0.0,0.1,-111.6,248.4,0.01,0.03,-0.45,23.56,66,0,0,1
2026-08-14T19:06:14,1786709175,13.730927,100.788134,1.5,1.04,0.3,-0.7,-111.6,248.4,0.0,-0.02,-1.55,23.56,66,0,0,1
2026-08-14T19:06:15,1786709176,13.730927,100.788134,1.5,1.04,0.6,-0.1,-111.6,248.4,0.0,-0.02,-1.55,23.56,66,0,0,1
2026-08-14T19:06:16,1786709177,13.730927,100.788134,3.0,2.55,0.4,0.2,-112.6,247.4,0.02,-0.01,-1.23,23.55,66,0,0,1
2026-08-14T19:06:17,1786709178,13.730927,100.788134,3.0,2.55,0.0,-0.3,-112.5,247.5,0.02,-0.01,-1.23,23.55,66,0,0,1
2026-08-14T19:06:18,1786709179,13.730928,100.788134,3.6,2.55,0.1,-0.3,-112.5,247.5,0.02,-0.01,-1.23,23.55,66,0,0,1
2026-08-14T19:06:19,1786709180,13.730928,100.788134,3.6,2.55,0.3,-0.1,-112.5,247.5,0.02,-0.01,-1.23,23.55,66,0,0,1
2026-08-14T19:06:20,1786709181,13.730927,100.788134,4.7,2.55,-0.2,-0.1,-112.5,247.5,0.02,-0.01,-1.23,23.55,66,0,0,1
2026-08-14T19:06:21,1786709182,13.730928,100.788134,5.1,4.61,0.1,0.2,-112.5,247.5,-0.03,-0.01,-1.17,23.55,66,0,0,1
2026-08-14T19:06:22,1786709183,13.730928,100.788134,5.7,4.61,0.7,0.2,-112.5,247.5,-0.03,-0.01,-1.17,23.55,66,AUTO.LOITER,1,1
2026-08-14T19:06:23,1786709184,13.730927,100.788134,6.1,5.66,0.4,-0.2,-112.6,247.4,0.01,0.01,-1.13,23.55,66,0,0,1
2026-08-14T19:06:24,1786709185,13.730927,100.788134,6.1,5.66,0.0,-0.3,-112.6,247.4,0.01,0.01,-1.13,23.55,66,0,0,1
2026-08-14T19:06:25,1786709186,13.730927,100.788134,7.2,6.7,-0.0,0.1,-112.5,247.5,0.0,-0.01,-1.11,23.54,66,0,0,1
2026-08-14T19:06:26,1786709187,13.730927,100.788134,7.2,6.7,0.4,0.2,-112.5,247.5,0.0,-0.01,-1.11,23.54,66,0,0,1
2026-08-14T19:06:27,1786709188,13.730927,100.788133,8.2,7.72,0.3,0.2,-112.5,247.5,0.0,0.02,-1.09,23.54,66,0,0,1
2026-08-14T19:06:28,1786709189,13.730927,100.788133,8.2,7.72,0.2,0.1,-112.5,247.5,0.0,0.02,-1.09,23.54,66,0,0,1
2026-08-14T19:06:29,1786709190,13.730927,100.788133,9.2,8.74,0.2,0.1,-112.5,247.5,0.01,0.03,-1.08,23.54,66,0,0,1
2026-08-14T19:06:30,1786709191,13.730927,100.788133,9.2,8.74,0.4,-0.1,-112.4,247.6,0.01,0.03,-1.08,23.54,66,0,0,1
2026-08-14T19:06:31,1786709192,13.730927,100.788134,10.2,9.76,0.4,-0.3,-112.5,247.5,0.01,0.0,-1.07,23.54,66,0,0,1
2026-08-14T19:06:32,1786709193,13.730927,100.788134,10.2,9.76,0.2,-0.3,-112.6,247.4,0.01,0.0,-1.07,23.54,66,0,0,1
2026-08-14T19:06:33,1786709194,13.730928,100.788134,11.0,9.76,0.3,-0.2,-112.6,247.4,0.01,0.0,-1.07,23.53,66,0,0,1
2026-08-14T19:06:34,1786709195,13.730927,100.788134,11.2,10.7,0.3,-0.1,-112.6,247.4,0.0,0.0,-0.78,23.53,66,0,0,1
2026-08-14T19:06:35,1786709196,13.730927,100.788134,11.6,10.7,0.2,0.1,-112.5,247.5,0.0,0.0,-0.78,23.53,66,0,0,1
2026-08-14T19:06:36,1786709197,13.730927,100.788134,11.7,11.27,-9.2,6.9,-113.6,246.4,-0.04,0.06,-0.64,23.53,66,0,0,1
2026-08-14T19:06:37,1786709198,13.730927,100.788134,11.7,11.27,-12.4,16.6,-116.6,243.4,-0.04,0.06,-0.64,23.53,66,0,0,1
2026-08-14T19:06:38,1786709199,13.730921,100.788147,12.3,11.86,-10.7,11.5,-125.7,234.3,-0.94,2.89,-0.57,23.53,65,0,0,1
2026-08-14T19:06:39,1786709200,13.730921,100.788147,12.3,11.86,-13.4,0.9,-142.4,217.6,-0.94,2.89,-0.57,23.53,65,0,0,1
2026-08-14T19:06:40,1786709201,13.730914,100.788176,12.7,11.86,1.2,-3.8,-161.2,198.8,-0.94,2.89,-0.57,23.52,65,AUTO.LOITER,1,1
2026-08-14T19:06:41,1786709202,13.730914,100.788176,12.7,11.86,-3.2,1.1,-177.0,183.0,-0.94,2.89,-0.57,23.52,65,0,0,1
2026-08-14T19:06:42,1786709203,13.730914,100.788176,12.7,11.86,-5.2,-1.4,171.5,171.5,-0.94,2.89,-0.57,23.52,65,0,0,1
2026-08-14T19:06:43,1786709204,13.730914,100.788176,12.7,11.86,-5.2,-1.4,171.5,171.5,-0.94,2.89,-0.57,23.52,65,0,0,1
2026-08-14T19:06:44,1786709205,13.730884,100.788259,13.7,11.86,-5.2,-1.4,171.5,171.5,-0.94,2.89,-0.57,23.52,65,AUTO.LOITER,1,1
2026-08-14T19:06:45,1786709206,13.730884,100.788259,13.7,11.86,-5.2,-1.4,171.5,171.5,-0.94,2.89,-0.57,23.52,65,0,0,1
2026-08-14T19:06:46,1786709207,13.730864,100.788315,14.4,13.95,-1.1,-1.7,139.5,139.5,-1.69,4.75,-0.59,23.52,65,0,0,1
2026-08-14T19:06:47,1786709208,13.730864,100.788315,14.4,13.95,-1.1,-1.7,125.7,125.7,-1.69,4.75,-0.59,23.52,65,0,0,1
2026-08-14T19:06:48,1786709209,13.730849,100.788359,15.0,14.49,-0.6,-1.7,112.6,112.6,-1.59,4.73,-0.61,23.51,65,0,0,1
2026-08-14T19:06:49,1786709210,13.730849,100.788359,15.0,14.49,0.5,-1.7,104.2,104.2,-1.59,4.73,-0.61,23.51,65,0,0,1
2026-08-14T19:06:50,1786709211,13.730837,100.788392,15.4,14.49,0.5,-1.4,103.3,103.3,-1.59,4.73,-0.61,23.51,65,0,0,1
2026-08-14T19:06:51,1786709212,13.730834,100.788403,15.5,15.05,0.0,-1.6,108.0,108.0,-1.63,4.65,-0.59,23.51,65,0,0,1
2026-08-14T19:06:52,1786709213,13.730822,100.788436,16.0,15.05,-0.2,-1.8,112.6,112.6,-1.63,4.65,-0.59,23.51,65,0,0,1
2026-08-14T19:06:53,1786709214,13.730819,100.788446,16.1,15.6,0.0,-1.8,113.6,113.6,-1.6,4.64,-0.58,23.51,65,0,0,1
2026-08-14T19:06:54,1786709215,13.730819,100.788446,16.1,15.6,-0.0,-1.8,111.6,111.6,-1.6,4.64,-0.58,23.51,65,0,0,1
2026-08-14T19:06:55,1786709216,13.730804,100.78849,16.6,16.15,-0.1,-2.0,109.2,109.2,-1.62,4.63,-0.58,23.5,65,0,0,1
2026-08-14T19:06:56,1786709217,13.730804,100.78849,16.6,16.15,0.0,-2.2,108.2,108.2,-1.62,4.63,-0.58,23.5,65,0,0,1
2026-08-14T19:06:57,1786709218,13.730789,100.788533,17.2,16.69,0.4,-2.2,108.8,108.8,-1.62,4.67,-0.58,23.5,65,AUTO.LOITER,1,1
2026-08-14T19:06:58,1786709219,13.730789,100.788533,17.2,16.69,0.4,-2.4,109.9,109.9,-1.62,4.67,-0.58,23.5,65,0,0,1
2026-08-14T19:06:59,1786709220,13.730789,100.788533,17.2,16.69,0.0,-2.1,110.5,110.5,-1.62,4.67,-0.58,23.5,65,0,0,1
2026-08-14T19:07:00,1786709221,13.730789,100.788533,17.2,16.69,0.0,-2.1,110.5,110.5,-1.62,4.67,-0.58,23.5,65,0,0,1
2026-08-14T19:07:01,1786709222,13.730759,100.78862,18.2,17.77,0.2,-1.9,110.3,110.3,-1.67,4.68,-0.59,23.5,65,0,0,1
2026-08-14T19:07:02,1786709223,13.730759,100.78862,18.2,17.77,0.4,-2.3,109.7,109.7,-1.67,4.68,-0.59,23.5,65,0,0,1
2026-08-14T19:07:03,1786709224,13.730743,100.788664,18.8,18.32,0.1,-2.3,109.4,109.4,-1.69,4.69,-0.58,23.49,65,0,0,1
2026-08-14T19:07:04,1786709225,13.730743,100.788664,18.8,18.32,-0.3,-2.1,109.4,109.4,-1.69,4.69,-0.58,23.49,65,0,0,1
2026-08-14T19:07:05,1786709226,13.730732,100.788694,19.3,18.32,0.7,10.0,109.5,109.5,-1.69,4.69,-0.58,23.49,65,0,0,1
2026-08-14T19:07:06,1786709227,13.730729,100.788704,19.3,18.82,-0.1,9.3,109.4,109.4,-1.29,3.56,-0.44,23.49,65,0,0,1
2026-08-14T19:07:07,1786709228,13.730722,100.788723,19.6,18.82,-0.5,5.8,108.8,108.8,-1.29,3.56,-0.44,23.49,64,0,0,1
2026-08-14T19:07:08,1786709229,13.73072,100.788729,19.6,19.13,-1.1,6.3,108.1,108.1,-0.7,2.12,-0.28,23.49,64,0,0,1
2026-08-14T19:07:09,1786709230,13.73072,100.788729,19.6,19.13,10.8,11.8,108.4,108.4,-0.7,2.12,-0.28,23.49,64,0,0,1
2026-08-14T19:07:10,1786709231,13.730714,100.788741,19.8,19.32,17.0,8.7,110.4,110.4,-1.19,0.1,-0.11,23.49,64,0,0,1
2026-08-14T19:07:11,1786709232,13.730714,100.788741,19.8,19.32,15.6,-7.6,117.7,117.7,-1.19,0.1,-0.11,23.49,64,0,0,1
2026-08-14T19:07:12,1786709233,13.730689,100.788733,19.8,19.35,9.3,-14.2,134.7,134.7,-3.96,-0.86,-0.07,23.48,64,0,0,1
2026-08-14T19:07:13,1786709234,13.730689,100.788733,19.8,19.35,1.1,0.1,155.8,155.8,-3.96,-0.86,-0.07,23.48,64,0,0,1
2026-08-14T19:07:14,1786709235,13.730645,100.788729,19.8,19.33,2.3,-0.6,171.7,171.7,-4.83,-0.61,-0.03,23.48,64,0,0,1
2026-08-14T19:07:15,1786709236,13.730645,100.788729,19.8,19.33,2.3,-0.6,171.7,171.7,-4.83,-0.61,-0.03,23.48,64,0,0,1
2026-08-14T19:07:16,1786709237,13.730602,100.788722,19.8,19.34,0.0,-5.4,-177.6,182.4,-4.99,-0.73,-0.06,23.48,64,0,0,1
2026-08-14T19:07:17,1786709238,13.730602,100.788722,19.8,19.34,-1.5,-3.1,-170.6,189.4,-4.99,-0.73,-0.06,23.48,64,0,0,1
2026-08-14T19:07:18,1786709239,13.730602,100.788722,19.8,19.34,-1.5,-3.1,-170.6,189.4,-4.99,-0.73,-0.06,23.48,64,0,0,1
2026-08-14T19:07:19,1786709240,13.730602,100.788722,19.8,19.34,-0.0,-1.5,-170.2,189.8,-4.99,-0.73,-0.06,23.48,64,0,0,1
2026-08-14T19:07:20,1786709241,13.730522,100.788711,19.9,19.34,0.2,-2.0,-173.7,186.3,-4.99,-0.73,-0.06,23.47,64,0,0,1
2026-08-14T19:07:21,1786709242,13.730512,100.78871,19.8,19.36,0.1,-2.1,-175.3,184.7,-4.89,-0.62,-0.09,23.47,64,0,0,1
2026-08-14T19:07:22,1786709243,13.730478,100.788705,19.9,19.36,-0.2,-2.0,-174.5,185.5,-4.89,-0.62,-0.09,23.47,64,0,0,1
2026-08-14T19:07:23,1786709244,13.730467,100.788704,19.9,19.39,0.5,10.3,-172.8,187.2,-4.73,-0.59,-0.11,23.47,64,0,0,1
2026-08-14T19:07:24,1786709245,13.730441,100.788701,19.9,19.39,0.3,9.6,-171.8,188.2,-4.73,-0.59,-0.11,23.47,64,0,0,1
2026-08-14T19:07:25,1786709246,13.730434,100.788699,19.9,19.41,0.2,5.8,-171.8,188.2,-2.73,-0.38,-0.06,23.47,64,0,0,1
2026-08-14T19:07:26,1786709247,13.730434,100.788699,19.9,19.41,0.8,5.6,-172.0,188.0,-2.73,-0.38,-0.06,23.47,64,0,0,1
2026-08-14T19:07:27,1786709248,13.730415,100.788697,19.9,19.43,9.9,10.3,-170.6,189.4,-1.54,-0.26,-0.11,23.46,64,0,0,1
2026-08-14T19:07:28,1786709249,13.730415,100.788697,19.9,19.43,17.6,7.7,-165.6,194.4,-1.54,-0.26,-0.11,23.46,64,0,0,1
2026-08-14T19:07:29,1786709250,13.73041,100.788685,19.9,19.46,11.9,-11.3,-156.1,203.9,0.36,-2.38,-0.06,23.46,64,0,0,1
2026-08-14T19:07:30,1786709251,13.73041,100.788685,19.9,19.46,9.6,-16.0,-137.2,222.8,0.36,-2.38,-0.06,23.46,64,0,0,1
2026-08-14T19:07:31,1786709252,13.730409,100.78865,19.9,19.45,0.9,-5.0,-117.7,242.3,-0.49,-4.99,0.02,23.46,64,AUTO.LOITER,1,1
2026-08-14T19:07:32,1786709253,13.730409,100.78865,19.9,19.45,0.4,1.2,-104.8,255.2,-0.49,-4.99,0.02,23.46,64,AUTO.LOITER,1,1
2026-08-14T19:07:33,1786709254,13.730406,100.788616,20.0,19.45,0.4,1.2,-104.8,255.2,-0.49,-4.99,0.02,23.45,64,0,0,1
2026-08-14T19:07:34,1786709255,13.730406,100.788616,20.0,19.45,0.8,-5.3,-96.1,263.9,-0.49,-4.99,0.02,23.45,64,0,0,1
2026-08-14T19:07:35,1786709256,13.730402,100.788558,19.9,19.42,-0.8,-3.7,-90.9,269.1,-0.42,-5.1,-0.05,23.45,64,0,0,1
2026-08-14T19:07:36,1786709257,13.730402,100.788558,19.9,19.42,-0.5,-1.2,-90.5,269.5,-0.42,-5.1,-0.05,23.45,64,0,0,1
2026-08-14T19:07:37,1786709258,13.730398,100.788512,19.9,19.43,0.3,-1.6,-93.6,266.4,-0.38,-4.96,-0.05,23.45,63,0,0,1
2026-08-14T19:07:38,1786709259,13.730398,100.788512,19.9,19.43,0.3,-2.2,-96.4,263.6,-0.38,-4.96,-0.05,23.45,63,0,0,1
2026-08-14T19:07:39,1786709260,13.730396,100.788478,20.0,19.43,0.4,-2.4,-96.9,263.1,-0.38,-4.96,-0.05,23.45,63,AUTO.LOITER,1,1
2026-08-14T19:07:40,1786709261,13.730396,100.788478,20.0,19.43,0.2,-2.2,-95.5,264.5,-0.38,-4.96,-0.05,23.45,63,AUTO.LOITER,1,1
2026-08-14T19:07:41,1786709262,13.730396,100.788478,20.0,19.43,0.1,-2.0,-94.0,266.0,-0.38,-4.96,-0.05,23.45,63,0,0,1
2026-08-14T19:07:42,1786709263,13.730392,100.788419,19.9,19.44,0.1,-1.9,-93.4,266.6,-0.35,-4.97,-0.04,23.45,63,0,0,1
2026-08-14T19:07:43,1786709264,13.730389,100.788384,20.0,19.44,-0.1,-2.1,-93.8,266.2,-0.35,-4.97,-0.04,23.44,63,AUTO.LOITER,1,1
2026-08-14T19:07:44,1786709265,13.730388,100.788373,19.9,19.45,0.2,-2.1,-94.5,265.5,-0.35,-4.95,-0.04,23.44,63,0,0,1
2026-08-14T19:07:45,1786709266,13.730388,100.788373,19.9,19.45,0.1,-2.3,-94.8,265.2,-0.35,-4.95,-0.04,23.44,63,0,0,1
2026-08-14T19:07:46,1786709267,13.730385,100.788327,19.9,19.46,0.1,-2.4,-94.6,265.4,-0.35,-4.94,-0.03,23.44,63,0,0,1
2026-08-14T19:07:47,1786709268,13.730385,100.788327,19.9,19.46,0.1,-2.2,-94.3,265.7,-0.35,-4.94,-0.03,23.44,63,0,0,1
2026-08-14T19:07:48,1786709269,13.730382,100.788281,19.9,19.47,-0.3,-2.3,-94.1,265.9,-0.34,-4.96,-0.02,23.43,63,0,0,1
2026-08-14T19:07:49,1786709270,13.730382,100.788281,19.9,19.47,-0.4,-2.3,-94.1,265.9,-0.34,-4.96,-0.02,23.43,63,0,0,1
2026-08-14T19:07:50,1786709271,13.730379,100.788235,20.0,19.49,-0.4,-2.3,-94.1,265.9,-0.39,-4.96,0.0,23.43,63,0,0,1
2026-08-14T19:07:51,1786709272,13.730379,100.788235,20.0,19.49,0.2,-2.2,-94.2,265.8,-0.39,-4.96,0.0,23.43,63,0,0,1
2026-08-14T19:07:52,1786709273,13.730375,100.788189,20.0,19.48,0.6,-2.3,-94.3,265.7,-0.33,-4.96,0.0,23.43,63,0,0,1
2026-08-14T19:07:53,1786709274,13.730375,100.788189,20.0,19.48,0.5,-2.3,-94.3,265.7,-0.33,-4.96,0.0,23.43,63,0,0,1
2026-08-14T19:07:54,1786709275,13.730372,100.788143,20.0,19.49,0.0,-2.3,-94.2,265.8,-0.31,-4.96,0.0,23.43,63,AUTO.LOITER,1,1
2026-08-14T19:07:55,1786709276,13.730372,100.788143,20.0,19.49,-0.2,-2.6,-94.2,265.8,-0.31,-4.96,0.0,23.43,63,AUTO.LOITER,1,1
2026-08-14T19:07:56,1786709277,13.730369,100.788108,20.0,19.49,-0.2,-2.4,-94.2,265.8,-0.31,-4.96,0.0,23.42,63,0,0,1
2026-08-14T19:07:57,1786709278,13.730369,100.788108,20.0,19.49,-0.2,-2.4,-94.2,265.8,-0.31,-4.96,0.0,23.42,63,0,0,1
2026-08-14T19:07:58,1786709279,13.730366,100.788062,20.1,19.49,-0.2,-2.4,-94.2,265.8,-0.31,-4.96,0.0,23.42,63,AUTO.LOITER,1,1
2026-08-14T19:07:59,1786709280,13.730366,100.788062,20.1,19.49,0.4,-2.4,-94.2,265.8,-0.31,-4.96,0.0,23.42,63,AUTO.LOITER,1,1
2026-08-14T19:08:00,1786709281,13.730363,100.788016,20.1,19.49,0.2,-2.5,-94.2,265.8,-0.31,-4.96,0.0,23.42,63,AUTO.LOITER,1,1
2026-08-14T19:08:01,1786709282,13.730362,100.788004,20.0,19.5,-0.4,-2.6,-94.2,265.8,-0.32,-5.0,0.0,23.42,63,0,0,1
2026-08-14T19:08:02,1786709283,13.730362,100.788004,20.0,19.5,-0.5,-2.5,-94.2,265.8,-0.32,-5.0,0.0,23.42,63,0,0,1
2026-08-14T19:08:03,1786709284,13.730359,100.787958,20.0,19.51,-0.0,-2.5,-94.2,265.8,-0.38,-4.99,0.0,23.42,63,0,0,1
2026-08-14T19:08:04,1786709285,13.730359,100.787958,20.0,19.51,0.3,-2.3,-94.2,265.8,-0.38,-4.99,0.0,23.42,63,0,0,1
2026-08-14T19:08:05,1786709286,13.730355,100.787912,20.0,19.5,0.1,-2.5,-94.2,265.8,-0.34,-4.98,0.01,23.41,63,0,0,1
2026-08-14T19:08:06,1786709287,13.730355,100.787912,20.0,19.5,0.1,-2.5,-94.2,265.8,-0.34,-4.98,0.01,23.41,63,0,0,1
2026-08-14T19:08:07,1786709288,13.730352,100.787866,20.0,19.5,0.1,-2.5,-94.2,265.8,-0.35,-4.99,0.0,23.41,63,AUTO.LOITER,1,1
2026-08-14T19:08:08,1786709289,13.730352,100.787866,20.0,19.5,0.2,-2.5,-94.2,265.8,-0.35,-4.99,0.0,23.41,63,0,0,1
2026-08-14T19:08:09,1786709290,13.730349,100.787819,20.0,19.5,0.2,-2.5,-94.2,265.8,-0.33,-5.0,0.0,23.41,62,0,0,1
2026-08-14T19:08:10,1786709291,13.730349,100.787819,20.0,19.5,-0.1,-2.7,-94.2,265.8,-0.33,-5.0,0.0,23.41,62,0,0,1
2026-08-14T19:08:11,1786709292,13.730346,100.787774,20.0,19.51,-0.5,-2.8,-94.2,265.8,-0.37,-5.02,0.01,23.41,62,0,0,1
2026-08-14T19:08:12,1786709293,13.730346,100.787774,20.0,19.51,-0.3,-3.1,-94.2,265.8,-0.37,-5.02,0.01,23.41,62,0,0,1
2026-08-14T19:08:13,1786709294,13.730342,100.787727,20.0,19.52,0.2,-2.5,-94.3,265.7,-0.38,-5.04,0.02,23.4,62,0,0,1
2026-08-14T19:08:14,1786709295,13.730342,100.787727,20.0,19.52,0.1,-1.9,-94.2,265.8,-0.38,-5.04,0.02,23.4,62,0,0,1
2026-08-14T19:08:15,1786709296,13.73034,100.787693,20.2,19.52,0.0,-2.0,-94.2,265.8,-0.38,-5.04,0.02,23.4,62,0,0,1
2026-08-14T19:08:16,1786709297,13.730339,100.787681,20.0,19.52,-0.0,-2.8,-94.2,265.8,-0.36,-4.96,0.01,23.4,62,0,0,1
2026-08-14T19:08:17,1786709298,13.730337,100.787646,20.2,19.52,-0.1,-2.9,-94.2,265.8,-0.36,-4.96,0.01,23.4,62,AUTO.LOITER,1,1
2026-08-14T19:08:18,1786709299,13.730336,100.787635,20.0,19.54,0.0,-2.6,-94.2,265.8,-0.38,-5.01,0.03,23.4,62,0,0,1
2026-08-14T19:08:19,1786709300,13.730336,100.787635,20.0,19.54,-0.1,-2.5,-94.2,265.8,-0.38,-5.01,0.03,23.4,62,0,0,1
2026-08-14T19:08:20,1786709301,13.730332,100.787589,20.0,19.53,-0.1,-2.5,-94.2,265.8,-0.39,-5.01,0.02,23.39,62,0,0,1
2026-08-14T19:08:21,1786709302,13.730332,100.787589,20.0,19.53,-0.1,-2.5,-94.2,265.8,-0.39,-5.01,0.02,23.39,62,0,0,1
2026-08-14T19:08:22,1786709303,13.730332,100.787589,20.0,19.53,-0.2,-2.3,-94.3,265.7,-0.39,-5.01,0.02,23.39,62,0,0,1
2026-08-14T19:08:23,1786709304,13.730332,100.787589,20.0,19.53,-0.1,9.9,-94.4,265.6,-0.39,-5.01,0.02,23.39,62,0,0,1
2026-08-14T19:08:24,1786709305,13.730326,100.7875,20.0,19.54,0.5,9.2,-94.2,265.8,-0.32,-3.79,0.05,23.39,62,0,0,1
2026-08-14T19:08:25,1786709306,13.730326,100.7875,20.0,19.54,1.6,5.0,-93.5,266.5,-0.32,-3.79,0.05,23.39,62,0,0,1
2026-08-14T19:08:26,1786709307,13.730323,100.787474,20.0,19.54,1.6,5.0,-93.5,266.5,-0.11,-2.27,0.04,23.39,62,0,0,1
2026-08-14T19:08:27,1786709308,13.730323,100.787474,20.0,19.54,1.8,5.4,-92.2,267.8,-0.11,-2.27,0.04,23.39,62,0,0,1
2026-08-14T19:08:28,1786709309,13.730322,100.787461,19.9,19.41,1.1,16.5,-90.8,269.2,0.07,-0.28,0.46,23.38,62,0,0,1
2026-08-14T19:08:29,1786709310,13.730322,100.787461,19.9,19.41,1.0,5.4,-90.7,269.3,0.07,-0.28,0.46,23.38,62,0,0,1
2026-08-14T19:08:30,1786709311,13.730322,100.787459,19.2,18.68,-0.1,3.4,-91.8,268.2,0.1,-0.39,0.75,23.38,62,0,0,1
2026-08-14T19:08:31,1786709312,13.730322,100.787459,19.2,18.68,-0.8,2.3,-92.1,267.9,0.1,-0.39,0.75,23.38,62,0,0,1
2026-08-14T19:08:32,1786709313,13.730323,100.787456,18.4,17.91,-0.3,0.1,-92.0,268.0,0.01,0.06,0.81,23.38,62,0,0,1
2026-08-14T19:08:33,1786709314,13.730323,100.787456,18.4,17.91,-0.2,-0.5,-91.6,268.4,0.01,0.06,0.81,23.38,62,0,0,1
2026-08-14T19:08:34,1786709315,13.730323,100.787456,17.6,17.12,-0.3,-0.2,-91.4,268.6,-0.02,0.02,0.83,23.37,62,0,0,1
2026-08-14T19:08:35,1786709316,13.730323,100.787456,17.1,17.12,-0.2,-0.1,-91.4,268.6,-0.02,0.02,0.83,23.37,61,AUTO.LAND,1,1
2026-08-14T19:08:36,1786709317,13.730323,100.787456,16.8,16.31,-0.2,-0.5,-91.6,268.4,-0.04,0.03,0.82,23.37,61,0,0,1
2026-08-14T19:08:37,1786709318,13.730323,100.787456,16.0,15.5,-0.2,-0.6,-91.7,268.3,-0.04,0.0,0.81,23.37,61,0,0,1
2026-08-14T19:08:38,1786709319,13.730323,100.787456,16.0,15.5,-0.7,-0.5,-91.7,268.3,-0.04,0.0,0.81,23.37,61,0,0,1
2026-08-14T19:08:39,1786709320,13.730323,100.787456,15.2,14.71,-0.3,-0.4,-91.6,268.4,-0.09,0.0,0.79,23.37,61,0,0,1
2026-08-14T19:08:40,1786709321,13.730323,100.787456,15.2,14.71,0.2,-0.7,-91.6,268.4,-0.09,0.0,0.79,23.37,61,0,0,1
2026-08-14T19:08:41,1786709322,13.730323,100.787456,14.4,13.93,-0.3,-0.5,-91.6,268.4,-0.02,-0.03,0.79,23.36,61,0,0,1
2026-08-14T19:08:42,1786709323,13.730323,100.787456,14.0,13.93,-0.1,-0.2,-91.6,268.4,-0.02,-0.03,0.79,23.36,61,AUTO.LAND,1,1
2026-08-14T19:08:43,1786709324,13.730323,100.787456,14.0,13.93,0.1,-0.1,-91.6,268.4,-0.02,-0.03,0.79,23.36,61,0,0,1
2026-08-14T19:08:44,1786709325,13.730323,100.787456,12.8,12.35,0.1,-0.5,-91.7,268.3,-0.02,0.0,0.79,23.36,61,0,0,1
2026-08-14T19:08:45,1786709326,13.730323,100.787456,12.8,12.35,0.3,-0.7,-91.7,268.3,-0.02,0.0,0.79,23.36,61,0,0,1
2026-08-14T19:08:46,1786709327,13.730323,100.787456,12.0,11.56,0.1,-0.5,-91.6,268.4,-0.01,-0.03,0.8,23.36,61,0,0,1
2026-08-14T19:08:47,1786709328,13.730323,100.787456,12.0,11.56,0.0,-0.6,-91.6,268.4,-0.01,-0.03,0.8,23.36,61,0,0,1
2026-08-14T19:08:48,1786709329,13.730323,100.787456,11.2,10.74,-0.1,-0.8,-91.6,268.4,-0.01,-0.02,0.77,23.35,61,0,0,1
2026-08-14T19:08:49,1786709330,13.730323,100.787456,11.2,10.74,0.1,-0.3,-91.6,268.4,-0.01,-0.02,0.77,23.35,61,0,0,1
2026-08-14T19:08:50,1786709331,13.730323,100.787456,10.4,9.94,0.4,-0.1,-91.7,268.3,-0.02,-0.03,0.76,23.35,61,0,0,1
2026-08-14T19:08:51,1786709332,13.730323,100.787456,9.6,9.14,0.3,-0.2,-91.7,268.3,0.0,0.0,0.75,23.35,61,0,0,1
2026-08-14T19:08:52,1786709333,13.730323,100.787456,9.6,9.14,-0.1,-0.4,-91.7,268.3,0.0,0.0,0.75,23.35,61,0,0,1
2026-08-14T19:08:53,1786709334,13.730323,100.787456,8.8,8.35,0.1,-0.7,-91.6,268.4,-0.01,-0.04,0.75,23.34,61,0,0,1
2026-08-14T19:08:54,1786709335,13.730323,100.787456,8.8,8.35,0.3,-0.2,-91.6,268.4,-0.01,-0.04,0.75,23.34,61,0,0,1
2026-08-14T19:08:55,1786709336,13.730323,100.787456,8.0,7.55,-0.4,-0.2,-91.7,268.3,0.01,-0.03,0.74,23.34,61,0,0,1
2026-08-14T19:08:56,1786709337,13.730323,100.787456,8.0,7.55,-0.2,0.0,-91.6,268.4,0.01,-0.03,0.74,23.34,61,0,0,1
2026-08-14T19:08:57,1786709338,13.730323,100.787456,7.2,6.77,0.3,-0.1,-91.6,268.4,-0.04,0.0,0.65,23.34,61,0,0,1
2026-08-14T19:08:58,1786709339,13.730323,100.787456,6.6,6.13,0.4,-0.3,-91.7,268.3,0.0,0.0,0.52,23.34,61,0,0,1
2026-08-14T19:08:59,1786709340,13.730323,100.787456,6.6,6.13,0.4,-0.2,-91.7,268.3,0.0,0.0,0.52,23.34,61,0,0,1
2026-08-14T19:09:00,1786709341,13.730323,100.787456,6.1,5.62,0.5,-0.1,-91.7,268.3,0.02,0.01,0.4,23.33,60,0,0,1
2026-08-14T19:09:01,1786709342,13.730323,100.787456,6.1,5.62,-0.3,-0.6,-91.6,268.4,0.02,0.01,0.4,23.33,60,0,0,1
2026-08-14T19:09:02,1786709343,13.730323,100.787456,5.7,5.22,0.1,-0.0,-91.6,268.4,-0.02,-0.03,0.3,23.33,60,0,0,1
2026-08-14T19:09:03,1786709344,13.730323,100.787456,5.5,5.22,0.2,0.2,-91.6,268.4,-0.02,-0.03,0.3,23.33,60,AUTO.LAND,1,1
2026-08-14T19:09:04,1786709345,13.730323,100.787456,5.4,4.89,0.7,-0.1,-91.7,268.3,-0.03,0.0,0.24,23.33,60,0,0,1
2026-08-14T19:09:05,1786709346,13.730323,100.787456,5.1,4.58,0.7,-0.3,-91.7,268.3,0.02,0.0,0.22,23.32,60,0,0,1
2026-08-14T19:09:06,1786709347,13.730323,100.787456,5.1,4.58,-0.2,-0.3,-91.6,268.4,0.02,0.0,0.22,23.32,60,0,0,1
2026-08-14T19:09:07,1786709348,13.730323,100.787456,4.7,4.27,-0.1,-0.4,-91.6,268.4,-0.02,0.0,0.21,23.32,60,0,0,1
2026-08-14T19:09:08,1786709349,13.730323,100.787456,4.7,4.27,0.2,0.2,-91.6,268.4,-0.02,0.0,0.21,23.32,60,0,0,1
2026-08-14T19:09:09,1786709350,13.730323,100.787456,4.5,3.98,0.4,0.2,-91.6,268.4,-0.04,0.0,0.21,23.32,60,0,0,1
2026-08-14T19:09:10,1786709351,13.730323,100.787456,4.2,3.98,0.4,-0.0,-91.7,268.3,-0.04,0.0,0.21,23.32,60,0,0,1
2026-08-14T19:09:11,1786709352,13.730323,100.787456,4.2,3.68,0.2,-0.2,-91.7,268.3,-0.01,0.03,0.21,23.32,60,0,0,1
2026-08-14T19:09:12,1786709353,13.730323,100.787456,3.9,3.38,0.1,-0.6,-91.6,268.4,-0.01,-0.01,0.2,23.31,60,0,0,1
2026-08-14T19:09:13,1786709354,13.730323,100.787456,3.9,3.38,0.4,0.2,-91.6,268.4,-0.01,-0.01,0.2,23.31,60,0,0,1
2026-08-14T19:09:14,1786709355,13.730323,100.787456,3.6,3.38,0.4,0.2,-91.6,268.4,-0.01,-0.01,0.2,23.31,60,0,0,1
2026-08-14T19:09:15,1786709356,13.730323,100.787456,3.6,3.38,0.4,-0.4,-91.7,268.3,-0.01,-0.01,0.2,23.31,60,AUTO.LAND,1,1
2026-08-14T19:09:16,1786709357,13.730323,100.787456,3.2,2.77,0.3,-0.2,-91.7,268.3,0.01,-0.02,0.19,23.31,60,0,0,1
2026-08-14T19:09:17,1786709358,13.730322,100.787456,2.9,2.47,0.5,-0.0,-91.6,268.4,0.03,-0.01,0.18,23.3,60,0,0,1
2026-08-14T19:09:18,1786709359,13.730322,100.787456,2.9,2.47,0.3,-0.2,-91.6,268.4,0.03,-0.01,0.18,23.3,60,0,0,1
2026-08-14T19:09:19,1786709360,13.730323,100.787456,2.6,2.17,0.2,0.1,-91.6,268.4,0.02,-0.02,0.19,23.3,60,0,0,1
2026-08-14T19:09:20,1786709361,13.730323,100.787456,2.4,2.17,0.3,0.0,-91.6,268.4,0.02,-0.02,0.19,23.3,60,AUTO.LAND,1,1
2026-08-14T19:09:21,1786709362,13.730322,100.787456,2.4,1.89,0.5,-0.1,-91.6,268.4,0.01,0.0,0.2,23.3,60,0,0,1
2026-08-14T19:09:22,1786709363,13.730322,100.787456,2.4,1.89,0.4,0.1,-91.6,268.4,0.01,0.0,0.2,23.3,60,0,0,1
2026-08-14T19:09:23,1786709364,13.730322,100.787456,2.4,1.89,0.4,0.1,-91.6,268.4,0.01,0.0,0.2,23.3,60,0,0,1
2026-08-14T19:09:24,1786709365,13.730323,100.787456,1.8,1.3,0.6,-0.5,-91.6,268.4,-0.01,0.01,0.2,23.3,60,0,0,1
2026-08-14T19:09:25,1786709366,13.730323,100.787456,1.8,1.3,0.6,-0.2,-91.7,268.3,-0.01,0.01,0.2,23.3,60,0,0,1
2026-08-14T19:09:26,1786709367,13.730323,100.787456,1.5,1.0,0.1,-0.1,-91.7,268.3,0.03,-0.01,0.2,23.29,59,0,0,1
2026-08-14T19:09:27,1786709368,13.730323,100.787456,1.2,0.7,-0.1,0.1,-91.6,268.4,0.0,0.0,0.2,23.29,59,0,0,1
2026-08-14T19:09:28,1786709369,13.730323,100.787456,1.2,0.7,0.4,-0.0,-91.6,268.4,0.0,0.0,0.2,23.29,59,0,0,1
2026-08-14T19:09:29,1786709370,13.730323,100.787456,0.9,0.4,0.1,-0.1,-91.6,268.4,0.02,0.0,0.2,23.29,59,0,0,1
2026-08-14T19:09:30,1786709371,13.730323,100.787456,0.9,0.4,0.0,-0.1,-91.6,268.4,0.02,0.0,0.2,23.29,59,0,0,1
2026-08-14T19:09:31,1786709372,13.730323,100.787456,0.6,0.11,0.4,0.0,-91.6,268.4,0.0,0.0,0.21,23.28,59,0,0,1
2026-08-14T19:09:32,1786709373,13.730322,100.787456,0.4,0.11,0.5,-0.1,-91.6,268.4,0.0,0.0,0.21,23.28,59,0,0,1
2026-08-14T19:09:33,1786709374,13.730322,100.787456,0.3,-0.17,0.3,-0.1,-91.6,268.4,0.02,0.01,-0.07,23.28,59,0,0,1
2026-08-14T19:09:34,1786709375,13.730322,100.787456,0.4,-0.12,0.2,-0.1,-91.6,268.4,0.02,0.01,-0.1,23.28,59,0,0,1
2026-08-14T19:09:35,1786709376,13.730322,100.787456,0.4,-0.12,0.2,-0.1,-91.6,268.4,0.02,0.01,-0.1,23.28,59,0,0,1
2026-08-14T19:09:36,1786709377,13.730322,100.787456,0.4,-0.1,0.2,-0.1,-91.6,268.4,0.01,0.0,-0.11,23.27,59,AUTO.LAND,1,1
2026-08-14T19:09:37,1786709378,13.730323,100.787456,0.3,-0.1,0.2,-0.1,-91.6,268.4,0.01,0.0,-0.11,23.27,59,0,0,1
2026-08-14T19:09:38,1786709379,13.730323,100.787456,0.3,-0.1,0.2,-0.2,-91.6,268.4,0.01,0.0,-0.11,23.27,59,0,0,1
2026-08-14T19:09:39,1786709380,13.730323,100.787455,0.3,-0.13,0.2,-0.2,-91.6,268.4,0.0,-0.03,-0.11,23.27,59,0,0,1
2026-08-14T19:09:40,1786709381,13.730323,100.787455,0.3,-0.13,0.2,-0.2,-91.6,268.4,0.0,-0.03,-0.11,23.27,59,0,0,1
2026-08-14T19:09:41,1786709382,13.730323,100.787456,0.3,-0.0,0.2,-0.2,-91.6,268.4,0.0,0.01,-0.05,24.9,65,0,0,0
2026-08-14T19:09:42,1786709383,13.730323,100.787456,0.3,-0.09,0.2,-0.2,-91.6,268.4,0.0,0.0,0.05,24.9,72,0,0,0
2026-08-14T19:09:43,1786709384,13.730323,100.787456,0.3,-0.09,0.2,-0.2,-91.6,268.4,0.0,0.0,0.05,24.9,72,0,0,0
2026-08-14T19:09:44,1786709385,13.730323,100.787456,0.2,-0.11,0.2,-0.2,-91.6,268.4,0.0,-0.02,0.05,24.9,75,0,0,0
2026-08-14T19:09:45,1786709386,13.730323,100.787456,0.3,-0.11,0.2,-0.2,-91.6,268.4,0.0,-0.02,0.05,24.9,76,0,0,0
2026-08-14T19:09:46,1786709387,13.730323,100.787456,0.2,-0.14,0.2,-0.2,-91.6,268.4,0.0,-0.01,0.05,24.9,76,0,0,0
2026-08-14T19:09:47,1786709388,13.730322,100.787456,0.2,-0.15,0.2,-0.2,-91.6,268.4,0.0,-0.01,0.04,24.9,77,0,0,0
2026-08-14T19:09:48,1786709389,13.730322,100.787456,0.4,-0.15,0.2,-0.2,-91.6,268.4,0.0,-0.01,0.04,24.9,77,AUTO.LOITER,0,0
2026-08-14T19:09:49,1786709390,13.730323,100.787456,0.2,-0.14,0.2,-0.2,-91.6,268.4,0.01,-0.02,0.02,24.9,77,0,0,0
2026-08-14T19:09:50,1786709391,13.730322,100.787456,0.3,-0.14,0.2,-0.2,-91.6,268.4,0.01,-0.02,0.02,24.9,77,0,0,0
2026-08-14T19:09:51,1786709392,13.730322,100.787456,0.3,-0.14,0.2,-0.2,-91.6,268.4,0.01,-0.02,0.02,24.9,77,0,0,0
2026-08-14T19:09:52,1786709393,13.730322,100.787456,0.2,-0.14,0.2,-0.2,-91.6,268.4,0.0,-0.01,0.01,24.9,77,0,0,0
2026-08-14T19:09:53,1786709394,13.730322,100.787456,0.3,-0.14,0.2,-0.2,-91.6,268.4,0.0,-0.01,0.01,24.9,77,0,0,0
2026-08-14T19:09:54,1786709395,13.730322,100.787456,0.2,-0.17,0.2,-0.2,-91.5,268.5,0.01,0.0,0.01,24.9,77,0,0,0
2026-08-14T19:09:55,1786709396,13.730323,100.787456,0.2,-0.19,0.2,-0.2,-91.5,268.5,0.02,0.01,0.01,24.9,77,0,0,0
2026-08-14T19:09:56,1786709397,13.730323,100.787456,0.2,-0.19,0.2,-0.2,-91.5,268.5,0.02,0.01,0.01,24.9,77,0,0,0
2026-08-14T19:09:57,1786709398,13.730323,100.787456,0.2,-0.18,0.1,-0.2,-91.5,268.5,0.01,0.0,0.0,24.9,77,0,0,0
2026-08-14T19:09:58,1786709399,13.730323,100.787456,0.2,-0.18,0.1,-0.2,-91.5,268.5,0.01,0.01,0.0,24.9,77,0,0,0
2026-08-14T19:09:59,1786709400,13.730323,100.787456,0.2,-0.18,0.1,-0.2,-91.5,268.5,0.01,0.01,0.0,24.9,77,0,0,0
2026-08-14T19:10:00,1786709401,13.730322,100.787456,0.1,-0.2,0.0,-0.2,-91.5,268.5,0.0,0.01,0.0,24.9,77,0,0,0
2026-08-14T19:10:01,1786709402,13.730323,100.787456,0.3,-0.2,0.0,-0.2,-91.5,268.5,0.0,0.01,0.0,24.9,77,AUTO.LOITER,0,0
2026-08-14T19:10:02,1786709403,13.730322,100.787456,0.1,-0.21,0.0,-0.2,-91.5,268.5,0.0,0.0,0.0,24.9,77,0,0,0
2026-08-14T19:10:03,1786709404,13.730322,100.787456,0.1,-0.2,-0.0,-0.2,-91.5,268.5,0.01,0.0,0.0,24.9,77,0,0,0
2026-08-14T19:10:04,1786709405,13.730322,100.787456,0.1,-0.2,-0.0,-0.2,-91.5,268.5,0.01,0.0,0.0,24.9,77,0,0,0
2026-08-14T19:10:05,1786709406,13.730323,100.787456,0.1,-0.21,-0.0,-0.2,-91.5,268.5,0.01,0.0,0.01,24.9,77,0,0,0
2026-08-14T19:10:06,1786709407,13.730323,100.787456,0.1,-0.22,-0.1,-0.2,-91.5,268.5,0.0,0.0,0.01,24.9,77,0,0,0
2026-08-14T19:10:07,1786709408,13.730323,100.787456,0.1,-0.22,-0.1,-0.2,-91.5,268.5,0.0,0.0,0.01,24.9,77,0,0,0
2026-08-14T19:10:08,1786709409,13.730322,100.787456,0.1,-0.2,-0.1,-0.2,-91.5,268.5,0.0,0.0,0.0,24.9,77,0,0,0
2026-08-14T19:10:09,1786709410,13.730322,100.787456,0.3,-0.2,-0.1,-0.2,-91.5,268.5,0.0,0.0,0.0,24.9,77,0,0,0
2026-08-14T19:10:10,1786709411,13.730322,100.787456,0.1,-0.2,-0.1,-0.2,-91.5,268.5,0.0,0.01,0.0,24.9,77,0,0,0
2026-08-14T19:10:11,1786709412,13.730322,100.787456,0.2,-0.19,-0.1,-0.2,-91.4,268.6,-0.01,0.0,-0.01,24.9,77,0,0,0
2026-08-14T19:10:12,1786709413,13.730322,100.787455,0.3,-0.19,-0.1,-0.2,-91.4,268.6,-0.01,0.0,-0.01,24.9,77,AUTO.LOITER,0,0
2026-08-14T19:10:13,1786709414,13.730322,100.787456,0.2,-0.17,-0.1,-0.2,-91.4,268.6,0.0,0.0,-0.03,24.9,77,0,0,0
2026-08-14T19:10:14,1786709415,13.730323,100.787456,0.2,-0.16,-0.1,-0.2,-91.4,268.6,0.01,0.0,-0.04,24.9,77,0,0,0
2026-08-14T19:10:15,1786709416,13.730323,100.787456,0.2,-0.16,-0.2,-0.2,-91.4,268.6,0.01,0.0,-0.04,24.9,77,0,0,0
2026-08-14T19:10:16,1786709417,13.730323,100.787456,0.2,-0.14,-0.2,-0.2,-91.4,268.6,0.0,0.0,-0.05,24.9,77,0,0,0
2026-08-14T19:10:17,1786709418,13.730322,100.787456,0.2,-0.13,-0.2,-0.2,-91.4,268.6,0.0,0.0,-0.05,24.9,77,0,0,0
2026-08-14T19:10:18,1786709419,13.730322,100.787456,0.2,-0.13,-0.2,-0.2,-91.4,268.6,0.0,0.0,-0.05,24.9,77,0,0,0
2026-08-14T19:10:19,1786709420,13.730322,100.787456,0.2,-0.13,-0.2,-0.3,-91.4,268.6,-0.01,-0.01,-0.05,24.9,77,0,0,0
2026-08-14T19:10:20,1786709421,13.730322,100.787456,0.2,-0.12,-0.2,-0.3,-91.4,268.6,-0.02,-0.02,-0.05,24.9,77,0,0,0
2026-08-14T19:10:21,1786709422,13.730322,100.787456,0.2,-0.12,-0.2,-0.2,-91.4,268.6,-0.02,-0.02,-0.05,24.9,77,0,0,0
2026-08-14T19:10:22,1786709423,13.730322,100.787455,0.2,-0.12,-0.2,-0.2,-91.4,268.6,-0.02,-0.03,-0.03,24.9,77,0,0,0
2026-08-14T19:10:23,1786709424,13.730323,100.787456,0.3,-0.12,-0.2,-0.2,-91.4,268.6,-0.02,-0.03,-0.03,24.9,77,AUTO.LOITER,0,0
2026-08-14T19:10:24,1786709425,13.730322,100.787455,0.2,-0.13,-0.1,-0.2,-91.3,268.7,-0.01,-0.03,-0.02,24.9,77,AUTO.LOITER,0,0
2026-08-14T19:10:25,1786709426,13.730322,100.787456,0.3,-0.13,-0.1,-0.2,-91.3,268.7,-0.01,-0.03,-0.02,24.9,77,AUTO.LOITER,0,0
2026-08-14T19:10:26,1786709427,13.730322,100.787456,0.3,-0.13,-0.1,-0.1,-91.3,268.7,-0.01,-0.03,-0.02,24.9,77,0,0,0
2026-08-14T19:10:27,1786709428,13.730322,100.787456,0.2,-0.16,-0.1,-0.1,-91.3,268.7,-0.02,0.0,0.0,24.9,77,AUTO.LOITER,0,0
2026-08-14T19:10:28,1786709429,13.730322,100.787456,0.2,-0.15,-0.1,-0.1,-91.3,268.7,-0.01,0.01,0.0,24.9,77,0,0,0
2026-08-14T19:10:29,1786709430,13.730322,100.787456,0.2,-0.15,-0.1,-0.1,-91.3,268.7,-0.01,0.01,0.0,24.9,77,0,0,0
2026-08-14T19:10:30,1786709431,13.730322,100.787456,0.2,-0.15,-0.1,-0.1,-91.3,268.7,0.0,0.0,0.0,24.9,77,0,0,0
2026-08-14T19:10:31,1786709432,13.730322,100.787456,0.2,-0.16,-0.1,-0.1,-91.3,268.7,-0.02,0.0,0.0,24.9,77,0,0,0
2026-08-14T19:10:32,1786709433,13.730322,100.787456,0.2,-0.16,-0.1,-0.1,-91.3,268.7,-0.02,0.0,0.0,24.9,77,0,0,0
2026-08-14T19:10:33,1786709434,13.730322,100.787456,0.2,-0.17,-0.1,-0.1,-91.3,268.7,-0.02,0.0,0.01,24.9,77,0,0,0
2026-08-14T19:10:34,1786709435,13.730322,100.787456,0.3,-0.17,-0.1,-0.1,-91.3,268.7,-0.02,0.0,0.01,24.9,77,0,0,0
2026-08-14T19:10:35,1786709436,13.730322,100.787456,0.2,-0.17,-0.1,-0.1,-91.3,268.7,-0.01,0.0,0.01,24.9,77,0,0,0
2026-08-14T19:10:36,1786709437,13.730322,100.787456,0.2,-0.19,-0.0,-0.1,-91.3,268.7,-0.01,0.0,0.02,24.9,77,0,0,0
2026-08-14T19:10:37,1786709438,13.730322,100.787456,0.3,-0.19,-0.1,-0.1,-91.3,268.7,-0.01,0.0,0.02,24.9,77,AUTO.LOITER,0,0
2026-08-14T19:10:38,1786709439,13.730322,100.787456,0.1,-0.2,-0.1,-0.1,-91.3,268.7,-0.02,0.01,0.03,24.9,77,0,0,0
2026-08-14T19:10:39,1786709440,13.730322,100.787456,0.1,-0.21,-0.0,-0.1,-91.3,268.7,-0.01,0.01,0.04,24.9,77,0,0,0
2026-08-14T19:10:40,1786709441,13.730322,100.787456,0.1,-0.21,-0.0,-0.1,-91.2,268.8,-0.01,0.01,0.04,24.9,77,0,0,0
2026-08-14T19:10:41,1786709442,13.730322,100.787456,0.3,-0.21,-0.0,-0.1,-91.2,268.8,-0.01,0.01,0.04,24.9,77,0,0,0
2026-08-14T19:10:42,1786709443,13.730322,100.787456,0.1,-0.24,-0.0,-0.0,-91.2,268.8,0.0,0.01,0.04,24.9,77,0,0,0
2026-08-14T19:10:43,1786709444,13.730322,100.787456,0.1,-0.24,-0.0,-0.0,-91.2,268.8,0.0,0.01,0.04,24.9,77,0,0,0
2026-08-14T19:10:44,1786709445,13.730322,100.787456,0.1,-0.26,-0.0,-0.0,-91.2,268.8,0.0,0.0,0.04,24.9,77,0,0,0
2026-08-14T19:10:45,1786709446,13.730322,100.787456,0.1,-0.26,-0.0,-0.0,-91.2,268.8,0.0,0.0,0.03,24.9,77,0,0,0
2026-08-14T19:10:46,1786709447,13.730322,100.787456,0.1,-0.26,-0.0,-0.0,-91.2,268.8,0.0,0.0,0.03,24.9,77,0,0,0
2026-08-14T19:10:47,1786709448,13.730322,100.787456,0.1,-0.27,-0.0,0.0,-91.2,268.8,0.0,0.0,0.04,24.9,77,0,0,0
2026-08-14T19:10:48,1786709449,13.730323,100.787456,0.3,-0.27,-0.0,0.0,-91.2,268.8,0.0,0.0,0.04,24.9,77,0,0,0
2026-08-14T19:10:49,1786709450,13.730322,100.787456,0.1,-0.27,-0.0,0.0,-91.2,268.8,0.0,-0.01,0.04,24.9,77,0,0,0
2026-08-14T19:10:50,1786709451,13.730323,100.787456,0.1,-0.27,-0.0,0.0,-91.2,268.8,0.0,0.0,0.03,24.9,77,0,0,0
2026-08-14T19:10:51,1786709452,13.730322,100.787456,0.3,-0.27,-0.0,0.0,-91.2,268.8,0.0,0.0,0.03,24.9,77,AUTO.LOITER,0,0
2026-08-14T19:10:52,1786709453,13.730322,100.787456,0.1,-0.24,-0.1,0.0,-91.2,268.8,-0.01,0.01,0.01,24.9,77,0,0,0
2026-08-14T19:10:53,1786709454,13.730322,100.787456,0.1,-0.24,-0.0,0.0,-91.2,268.8,-0.02,0.02,0.0,24.9,77,0,0,0
2026-08-14T19:10:54,1786709455,13.730322,100.787456,0.1,-0.24,0.0,0.0,-91.2,268.8,-0.02,0.02,0.0,24.9,77,0,0,0
2026-08-14T19:10:55,1786709456,13.730322,100.787456,0.1,-0.24,0.0,0.0,-91.2,268.8,-0.02,0.02,0.0,24.9,77,0,0,0
2026-08-14T19:10:56,1786709457,13.730322,100.787456,0.1,-0.2,0.0,0.0,-91.2,268.8,0.0,0.02,-0.03,24.9,77,0,0,0
2026-08-14T19:10:57,1786709458,13.730322,100.787456,0.1,-0.2,0.0,0.0,-91.2,268.8,0.0,0.02,-0.03,24.9,77,0,0,0
2026-08-14T19:10:58,1786709459,13.730322,100.787456,0.2,-0.17,0.1,0.0,-91.2,268.8,-0.02,0.02,-0.05,24.9,77,0,0,0
2026-08-14T19:10:59,1786709460,13.730322,100.787456,0.2,-0.14,0.1,0.0,-91.2,268.8,0.0,0.02,-0.06,24.9,77,0,0,0
2026-08-14T19:11:00,1786709461,13.730322,100.787456,0.2,-0.14,0.1,0.0,-91.2,268.8,0.0,0.02,-0.06,24.9,77,0,0,0
2026-08-14T19:11:01,1786709462,13.730322,100.787456,0.2,-0.13,0.1,0.0,-91.2,268.8,0.0,0.0,-0.05,24.9,77,0,0,0
2026-08-14T19:11:02,1786709463,13.730322,100.787456,0.2,-0.12,0.1,0.0,-91.2,268.8,-0.01,0.01,-0.04,24.9,77,0,0,0
2026-08-14T19:11:03,1786709464,13.730322,100.787456,0.2,-0.12,0.1,0.0,-91.1,268.9,-0.01,0.01,-0.04,24.9,77,0,0,0
2026-08-14T19:11:04,1786709465,13.730322,100.787456,0.2,-0.12,0.1,0.0,-91.1,268.9,-0.01,0.01,-0.04,24.9,77,0,0,0
2026-08-14T19:11:05,1786709466,13.730323,100.787456,0.3,-0.12,0.1,0.0,-91.1,268.9,-0.01,0.01,-0.04,24.9,77,AUTO.LOITER,0,0
2026-08-14T19:11:06,1786709467,13.730322,100.787456,0.2,-0.13,0.1,0.0,-91.1,268.9,-0.01,0.01,-0.03,24.9,77,0,0,0
2026-08-14T19:11:07,1786709468,13.730322,100.787456,0.2,-0.13,0.2,0.0,-91.1,268.9,0.0,0.02,-0.03,24.9,77,0,0,0
2026-08-14T19:11:08,1786709469,13.730322,100.787456,0.3,-0.13,0.2,0.0,-91.1,268.9,0.0,0.02,-0.03,24.9,77,AUTO.LOITER,0,0
2026-08-14T19:11:09,1786709470,13.730323,100.787456,0.2,-0.12,0.2,0.0,-91.1,268.9,0.01,0.01,-0.04,24.9,77,0,0,0
2026-08-14T19:11:10,1786709471,13.730323,100.787456,0.2,-0.12,0.1,0.0,-91.1,268.9,0.0,0.01,-0.05,24.9,77,AUTO.LOITER,0,0
2026-08-14T19:11:11,1786709472,13.730323,100.787456,0.2,-0.12,0.1,0.0,-91.1,268.9,0.0,0.01,-0.05,24.9,77,AUTO.LOITER,0,0
2026-08-14T19:11:12,1786709473,13.730323,100.787456,0.2,-0.12,0.1,0.0,-91.1,268.9,0.0,0.01,-0.05,24.9,77,AUTO.LOITER,0,0
2026-08-14T19:11:13,1786709474,13.730323,100.787456,0.2,-0.12,0.1,0.0,-91.1,268.9,0.0,0.01,-0.05,24.9,77,0,0,0
2026-08-14T19:11:14,1786709475,13.730323,100.787456,0.2,-0.12,0.1,0.0,-91.1,268.9,0.0,0.01,-0.05,24.9,77,0,0,0
2026-08-14T19:11:15,1786709476,13.730322,100.787456,0.3,-0.1,0.1,0.0,-91.1,268.9,0.0,0.01,-0.08,24.9,77,0,0,0
2026-08-14T19:11:16,1786709477,13.730322,100.787456,0.3,-0.08,0.1,0.0,-91.1,268.9,-0.01,0.01,-0.08,24.9,77,0,0,0
2026-08-14T19:11:17,1786709478,13.730322,100.787456,0.3,-0.08,0.1,-0.0,-91.1,268.9,-0.01,0.01,-0.08,24.9,77,0,0,0
2026-08-14T19:11:18,1786709479,13.730322,100.787456,0.3,-0.07,0.1,-0.0,-91.1,268.9,-0.01,-0.01,-0.09,24.9,77,0,0,0
2026-08-14T19:11:19,1786709480,13.730322,100.787456,0.3,-0.04,0.1,0.0,-91.1,268.9,-0.01,0.0,-0.11,24.9,77,0,0,0
2026-08-14T19:11:20,1786709481,13.730322,100.787456,0.3,-0.04,0.1,0.0,-91.1,268.9,-0.01,0.0,-0.11,24.9,77,0,0,0
2026-08-14T19:11:21,1786709482,13.730322,100.787455,0.3,-0.04,0.1,-0.0,-91.1,268.9,-0.01,0.0,-0.11,24.9,77,0,0,0
2026-08-14T19:11:22,1786709483,13.730322,100.787456,0.3,-0.0,0.1,-0.0,-91.1,268.9,0.0,0.0,-0.12,24.9,77,0,0,0
2026-08-14T19:11:23,1786709484,13.730322,100.787456,0.3,-0.0,0.1,0.0,-91.1,268.9,0.0,0.0,-0.12,24.9,77,0,0,0
2026-08-14T19:11:24,1786709485,13.730322,100.787456,0.4,0.01,0.1,0.0,-91.1,268.9,0.0,0.01,-0.11,24.9,77,0,0,0
2026-08-14T19:11:25,1786709486,13.730322,100.787456,0.3,0.01,0.1,-0.0,-91.1,268.9,0.0,0.01,-0.11,24.9,77,AUTO.LOITER,0,0
2026-08-14T19:11:26,1786709487,13.730322,100.787456,0.4,0.02,0.1,-0.0,-91.1,268.9,0.0,0.01,-0.1,24.9,77,0,0,0
2026-08-14T19:11:27,1786709488,13.730322,100.787456,0.4,0.02,0.1,-0.0,-91.1,268.9,0.0,0.0,-0.09,24.9,77,0,0,0
2026-08-14T19:11:28,1786709489,13.730323,100.787456,0.3,0.02,0.1,-0.0,-91.1,268.9,0.0,0.0,-0.09,24.9,77,AUTO.LOITER,0,0
2026-08-14T19:11:29,1786709490,13.730322,100.787456,0.4,0.03,0.1,-0.0,-91.1,268.9,-0.01,0.0,-0.09,24.9,77,0,0,0
2026-08-14T19:11:30,1786709491,13.730322,100.787456,0.4,0.03,0.1,-0.0,-91.1,268.9,-0.03,0.0,-0.08,24.9,77,0,0,0
2026-08-14T19:11:31,1786709492,13.730322,100.787456,0.3,0.03,0.1,-0.1,-91.1,268.9,-0.03,0.0,-0.08,24.9,77,AUTO.LOITER,0,0
2026-08-14T19:11:32,1786709493,13.730322,100.787455,0.4,0.03,0.1,-0.1,-91.1,268.9,-0.04,-0.04,-0.07,24.9,77,0,0,0
2026-08-14T19:11:33,1786709494,13.730322,100.787455,0.4,0.01,0.2,-0.0,-91.1,268.9,-0.04,-0.05,-0.05,24.9,77,0,0,0
2026-08-14T19:11:34,1786709495,13.730322,100.787455,0.4,0.01,0.2,0.0,-91.1,268.9,-0.04,-0.05,-0.05,24.9,77,0,0,0
2026-08-14T19:11:35,1786709496,13.730323,100.787456,0.3,0.01,0.2,0.0,-91.1,268.9,-0.04,-0.05,-0.05,24.9,77,0,0,0
2026-08-14T19:11:36,1786709497,13.730322,100.787455,0.3,-0.05,0.2,0.0,-91.1,268.9,-0.01,-0.02,-0.02,24.9,77,0,0,0
2026-08-14T19:11:37,1786709498,13.730322,100.787455,0.3,-0.05,0.3,0.1,-91.1,268.9,-0.01,-0.02,-0.02,24.9,77,0,0,0
2026-08-14T19:11:38,1786709499,13.730322,100.787456,0.3,-0.07,0.3,0.1,-91.1,268.9,-0.01,0.0,-0.01,24.9,77,0,0,0
2026-08-14T19:11:39,1786709500,13.730322,100.787456,0.2,-0.1,0.3,0.1,-91.1,268.9,0.0,0.0,0.0,24.9,77,0,0,0
2026-08-14T19:11:40,1786709501,13.730322,100.787456,0.2,-0.1,0.3,0.1,-91.1,268.9,0.0,0.0,0.0,24.9,77,0,0,0
2026-08-14T19:11:41,1786709502,13.730322,100.787456,0.2,-0.14,0.4,0.1,-91.1,268.9,0.0,0.0,0.02,24.9,77,0,0,0
2026-08-14T19:11:42,1786709503,13.730322,100.787456,0.3,-0.14,0.4,0.1,-91.1,268.9,0.0,0.0,0.02,24.9,77,AUTO.LOITER,0,0
2026-08-14T19:11:43,1786709504,13.730322,100.787455,0.2,-0.17,0.4,0.1,-91.1,268.9,0.01,-0.01,0.04,24.9,77,0,0,0
2026-08-14T19:11:44,1786709505,13.730323,100.787456,0.2,-0.19,0.4,0.1,-91.1,268.9,0.02,0.0,0.05,24.9,77,0,0,0
2026-08-14T19:11:45,1786709506,13.730323,100.787456,0.3,-0.19,0.4,0.1,-91.1,268.9,0.02,0.0,0.05,24.9,77,AUTO.LOITER,0,0
2026-08-14T19:11:46,1786709507,13.730323,100.787456,0.1,-0.21,0.3,0.2,-91.1,268.9,0.01,0.01,0.06,24.9,77,0,0,0
2026-08-14T19:11:47,1786709508,13.730323,100.787456,0.1,-0.25,0.3,0.2,-91.1,268.9,0.01,0.01,0.07,24.9,77,0,0,0
2026-08-14T19:11:48,1786709509,13.730323,100.787456,0.1,-0.25,0.3,0.2,-91.1,268.9,0.01,0.01,0.07,24.9,77,0,0,0
2026-08-14T19:11:49,1786709510,13.730323,100.787456,0.1,-0.25,0.3,0.2,-91.1,268.9,0.01,0.01,0.07,24.9,77,0,0,0
2026-08-14T19:11:50,1786709511,13.730322,100.787456,0.1,-0.26,0.3,0.2,-91.1,268.9,0.0,0.0,0.09,24.9,77,0,0,0
2026-08-14T19:11:51,1786709512,13.730322,100.787456,0.1,-0.26,0.3,0.2,-91.1,268.9,0.0,0.0,0.09,24.9,77,0,0,0
2026-08-14T19:11:52,1786709513,13.730322,100.787456,0.1,-0.28,0.3,0.2,-91.1,268.9,0.0,0.0,0.1,24.9,77,0,0,0
2026-08-14T19:11:53,1786709514,13.730322,100.787456,0.0,-0.3,0.3,0.2,-91.1,268.9,0.0,0.0,0.12,24.9,77,0,0,0
2026-08-14T19:11:54,1786709515,13.730322,100.787456,0.0,-0.3,0.3,0.2,-91.1,268.9,0.0,0.0,0.12,24.9,77,0,0,0
2026-08-14T19:11:55,1786709516,13.730322,100.787456,-0.0,-0.35,0.3,0.2,-91.1,268.9,0.0,-0.01,0.14,24.9,77,0,0,0
2026-08-14T19:11:56,1786709517,13.730322,100.787455,-0.1,-0.4,0.3,0.2,-91.1,268.9,0.0,-0.01,0.15,24.9,77,0,0,0
2026-08-14T19:11:57,1786709518,13.730322,100.787455,-0.1,-0.4,0.3,0.2,-91.0,269.0,0.0,-0.01,0.15,24.9,77,0,0,0
2026-08-14T19:11:58,1786709519,13.730322,100.787455,-0.1,-0.43,0.3,0.2,-91.0,269.0,0.0,0.0,0.16,24.9,77,0,0,0
2026-08-14T19:11:59,1786709520,13.730322,100.787456,0.3,-0.43,0.3,0.2,-91.0,269.0,0.0,0.0,0.16,24.9,77,0,0,0
2026-08-14T19:12:00,1786709521,13.730322,100.787456,-0.1,-0.46,0.3,0.2,-91.0,269.0,-0.01,0.02,0.17,24.9,77,0,0,0
2026-08-14T19:12:01,1786709522,13.730322,100.787456,-0.1,-0.49,0.3,0.2,-91.0,269.0,-0.01,0.02,0.17,24.9,77,0,0,0
2026-08-14T19:12:02,1786709523,13.730322,100.787456,-0.1,-0.49,0.3,0.2,-91.0,269.0,-0.01,0.02,0.17,24.9,77,AUTO.LOITER,0,0
2026-08-14T19:12:03,1786709524,13.730322,100.787456,-0.2,-0.5,0.3,0.2,-91.0,269.0,-0.01,0.0,0.17,24.9,77,0,0,0
2026-08-14T19:12:04,1786709525,13.730322,100.787456,-0.2,-0.52,0.3,0.2,-91.0,269.0,0.0,0.0,0.17,24.9,77,AUTO.LOITER,0,0
2026-08-14T19:12:05,1786709526,13.730322,100.787456,-0.2,-0.52,0.4,0.2,-91.0,269.0,0.0,0.0,0.17,24.9,77,AUTO.LOITER,0,0
2026-08-14T19:12:06,1786709527,13.730322,100.787456,-0.2,-0.51,0.4,0.2,-91.0,269.0,0.0,0.0,0.16,24.9,77,0,0,0
2026-08-14T19:12:07,1786709528,13.730322,100.787456,-0.2,-0.52,0.4,0.2,-91.0,269.0,0.0,0.01,0.16,24.9,77,0,0,0
2026-08-14T19:12:08,1786709529,13.730322,100.787455,0.3,-0.52,0.4,0.2,-91.0,269.0,0.0,0.01,0.16,24.9,77,AUTO.LOITER,0,0
2026-08-14T19:12:09,1786709530,13.730322,100.787456,-0.2,-0.52,0.4,0.2,-91.0,269.0,-0.02,0.02,0.17,24.9,77,0,0,0
2026-08-14T19:12:10,1786709531,13.730322,100.787456,-0.2,-0.52,0.4,0.1,-91.0,269.0,-0.01,0.02,0.18,24.9,77,0,0,0
2026-08-14T19:12:11,1786709532,13.730322,100.787456,-0.2,-0.52,0.4,0.1,-91.0,269.0,-0.01,0.02,0.18,24.9,77,0,0,0
2026-08-14T19:12:12,1786709533,13.730322,100.787456,-0.2,-0.54,0.4,0.1,-91.0,269.0,0.0,0.01,0.2,24.9,77,0,0,0
2026-08-14T19:12:13,1786709534,13.730322,100.787456,-0.2,-0.55,0.5,0.1,-91.0,269.0,0.0,0.01,0.21,24.9,77,0,0,0
2026-08-14T19:12:14,1786709535,13.730322,100.787456,-0.2,-0.55,0.5,0.1,-91.0,269.0,0.0,0.01,0.21,24.9,77,0,0,0
2026-08-14T19:12:15,1786709536,13.730322,100.787456,-0.2,-0.58,0.5,0.1,-91.0,269.0,0.0,0.01,0.22,24.9,77,0,0,0
2026-08-14T19:12:16,1786709537,13.730322,100.787456,-0.3,-0.6,0.5,0.1,-91.0,269.0,0.0,0.02,0.23,24.9,77,0,0,0
2026-08-14T19:12:17,1786709538,13.730322,100.787456,-0.3,-0.6,0.5,0.0,-91.0,269.0,0.0,0.02,0.23,24.9,77,0,0,0
2026-08-14T19:12:18,1786709539,13.730322,100.787456,-0.3,-0.62,0.5,0.0,-91.0,269.0,0.0,0.01,0.24,24.9,77,0,0,0
2026-08-14T19:12:19,1786709540,13.730322,100.787456,0.3,-0.62,0.5,0.0,-91.0,269.0,0.0,0.01,0.24,24.9,77,0,0,0
2026-08-14T19:12:20,1786709541,13.730323,100.787456,-0.3,-0.63,0.5,-0.0,-91.0,269.0,0.01,0.01,0.25,24.9,77,0,0,0
2026-08-14T19:12:21,1786709542,13.730323,100.787456,-0.3,-0.64,0.5,-0.0,-91.0,269.0,0.02,0.0,0.26,24.9,77,0,0,0
2026-08-14T19:12:22,1786709543,13.730323,100.787456,0.3,-0.64,0.5,-0.1,-91.0,269.0,0.02,0.0,0.26,24.9,77,AUTO.LOITER,0,0
2026-08-14T19:12:23,1786709544,13.730323,100.787455,-0.3,-0.65,0.5,-0.1,-91.0,269.0,0.02,-0.02,0.26,24.9,77,0,0,0
2026-08-14T19:12:24,1786709545,13.730323,100.787455,-0.3,-0.67,0.5,-0.1,-91.0,269.0,0.02,-0.03,0.28,24.9,77,0,0,0
2026-08-14T19:12:25,1786709546,13.730323,100.787455,-0.3,-0.67,0.5,-0.1,-91.0,269.0,0.02,-0.03,0.28,24.9,77,0,0,0
2026-08-14T19:12:26,1786709547,13.730322,100.787455,-0.4,-0.7,0.4,-0.0,-91.0,269.0,0.01,-0.02,0.29,24.9,77,0,0,0
2026-08-14T19:12:27,1786709548,13.730323,100.787456,0.3,-0.7,0.4,-0.0,-91.0,269.0,0.01,-0.02,0.29,24.9,77,AUTO.LOITER,0,0
2026-08-14T19:12:28,1786709549,13.730322,100.787455,-0.4,-0.72,0.4,-0.0,-91.0,269.0,0.02,-0.02,0.3,24.9,77,0,0,0
2026-08-14T19:12:29,1786709550,13.730323,100.787455,-0.4,-0.75,0.4,-0.0,-91.0,269.0,0.02,-0.04,0.3,24.9,77,0,0,0
2026-08-14T19:12:30,1786709551,13.730323,100.787455,-0.4,-0.75,0.4,-0.0,-91.0,269.0,0.02,-0.04,0.3,24.9,77,0,0,0
2026-08-14T19:12:31,1786709552,13.730323,100.787455,-0.4,-0.75,0.4,-0.0,-91.0,269.0,0.02,-0.04,0.3,24.9,77,0,0,0
2026-08-14T19:12:32,1786709553,13.730322,100.787456,0.3,-0.75,0.4,0.0,-91.0,269.0,0.02,-0.04,0.3,24.9,77,0,0,0
2026-08-14T19:12:33,1786709554,13.730322,100.787456,0.3,-0.75,0.3,0.1,-91.0,269.0,0.02,-0.04,0.3,24.9,77,0,0,0
2026-08-14T19:12:34,1786709555,13.730322,100.787456,0.3,-0.75,0.3,0.1,-91.0,269.0,0.02,-0.04,0.3,24.9,77,AUTO.LOITER,0,0
2026-08-14T19:12:35,1786709556,13.730322,100.787456,0.3,-0.75,0.3,0.1,-91.0,269.0,0.02,-0.04,0.3,24.9,77,AUTO.LOITER,0,0
2026-08-14T19:12:36,1786709557,13.730322,100.787456,0.3,-0.75,0.3,0.1,-91.0,269.0,0.02,-0.04,0.3,24.9,77,0,0,0
2026-08-14T19:12:37,1786709558,13.730322,100.787456,-0.4,-0.77,0.3,0.1,-91.0,269.0,0.0,0.0,0.27,24.9,77,0,0,0
2026-08-14T19:12:38,1786709559,13.730323,100.787456,0.3,-0.77,0.3,0.1,-91.0,269.0,0.0,0.0,0.27,24.9,77,AUTO.LOITER,0,0
2026-08-14T19:12:39,1786709560,13.730322,100.787456,-0.4,-0.77,0.3,0.1,-91.0,269.0,0.0,0.0,0.26,24.9,77,0,0,0
2026-08-14T19:12:40,1786709561,13.730322,100.787455,-0.4,-0.77,0.2,0.1,-91.0,269.0,0.0,-0.01,0.24,24.9,77,0,0,0
2026-08-14T19:12:41,1786709562,13.730322,100.787455,-0.4,-0.77,0.2,0.1,-91.0,269.0,0.0,-0.01,0.24,24.9,77,0,0,0
2026-08-14T19:12:42,1786709563,13.730322,100.787456,-0.4,-0.75,0.2,0.1,-91.0,269.0,0.0,0.0,0.24,24.9,77,0,0,0
2026-08-14T19:12:43,1786709564,13.730322,100.787456,-0.4,-0.75,0.2,0.1,-91.0,269.0,0.0,0.0,0.24,24.9,77,0,0,0
2026-08-14T19:12:44,1786709565,13.730322,100.787456,-0.4,-0.75,0.2,0.1,-91.0,269.0,0.0,0.0,0.24,24.9,77,0,0,0
2026-08-14T19:12:45,1786709566,13.730322,100.787456,-0.4,-0.73,0.2,0.1,-91.0,269.0,-0.01,0.0,0.23,24.9,77,0,0,0
2026-08-14T19:12:46,1786709567,13.730323,100.787456,-0.4,-0.71,0.2,0.1,-91.0,269.0,0.0,0.0,0.21,24.9,77,0,0,0
2026-08-14T19:12:47,1786709568,13.730323,100.787456,-0.4,-0.71,0.2,0.1,-91.0,269.0,0.0,0.0,0.21,24.9,77,0,0,0
2026-08-14T19:12:48,1786709569,13.730322,100.787456,-0.3,-0.68,0.2,0.1,-91.0,269.0,-0.01,0.0,0.2,24.9,77,0,0,0
2026-08-14T19:12:49,1786709570,13.730322,100.787456,0.3,-0.68,0.2,0.1,-91.0,269.0,-0.01,0.0,0.2,24.9,77,AUTO.LOITER,0,0
2026-08-14T19:12:50,1786709571,13.730322,100.787456,-0.3,-0.66,0.2,0.1,-91.0,269.0,-0.01,0.0,0.18,24.9,77,0,0,0
2026-08-14T19:12:51,1786709572,13.730322,100.787456,-0.3,-0.65,0.2,0.1,-91.0,269.0,-0.01,0.01,0.18,24.9,77,0,0,0
2026-08-14T19:12:52,1786709573,13.730322,100.787455,0.3,-0.65,0.2,0.1,-91.0,269.0,-0.01,0.01,0.18,24.9,77,AUTO.LOITER,0,0
2026-08-14T19:12:53,1786709574,13.730322,100.787456,-0.3,-0.63,0.2,0.1,-91.0,269.0,-0.01,0.0,0.17,24.9,77,0,0,0
2026-08-14T19:12:54,1786709575,13.730322,100.787456,-0.3,-0.62,0.2,0.1,-91.0,269.0,-0.01,0.0,0.16,24.9,77,0,0,0
2026-08-14T19:12:56,1786709576,13.730322,100.787456,-0.3,-0.62,0.3,0.1,-91.0,269.0,-0.01,0.0,0.16,24.9,77,0,0,0
2026-08-14T19:12:57,1786709577,13.730322,100.787456,-0.3,-0.6,0.3,0.1,-91.0,269.0,0.0,0.01,0.16,24.9,77,0,0,0
2026-08-14T19:12:58,1786709578,13.730322,100.787456,0.3,-0.6,0.3,0.1,-91.0,269.0,0.0,0.01,0.16,24.9,77,0,0,0
2026-08-14T19:12:59,1786709579,13.730322,100.787456,0.3,-0.6,0.3,0.1,-91.0,269.0,0.0,0.01,0.16,24.9,77,0,0,0
2026-08-14T19:13:00,1786709580,13.730322,100.787456,-0.2,-0.58,0.3,0.1,-91.0,269.0,0.0,0.0,0.15,24.9,77,0,0,0
2026-08-14T19:13:01,1786709581,13.730322,100.787456,-0.2,-0.58,0.3,0.1,-91.0,269.0,0.0,0.0,0.15,24.9,77,0,0,0
2026-08-14T19:13:02,1786709582,13.730322,100.787456,-0.2,-0.58,0.3,0.1,-91.0,269.0,0.0,0.0,0.15,24.9,77,0,0,0
2026-08-14T19:13:03,1786709583,13.730322,100.787455,-0.2,-0.57,0.3,0.1,-91.0,269.0,-0.01,0.0,0.16,24.9,77,0,0,0
2026-08-14T19:13:04,1786709584,13.730322,100.787456,0.3,-0.57,0.3,0.0,-91.0,269.0,-0.01,0.0,0.16,24.9,77,AUTO.LOITER,0,0
2026-08-14T19:13:05,1786709585,13.730322,100.787455,-0.2,-0.56,0.3,0.0,-91.0,269.0,-0.02,-0.01,0.16,24.9,77,0,0,0
2026-08-14T19:13:06,1786709586,13.730322,100.787456,-0.2,-0.55,0.3,0.0,-91.0,269.0,-0.02,-0.01,0.16,24.9,77,0,0,0
2026-08-14T19:13:07,1786709587,13.730322,100.787455,0.3,-0.55,0.3,0.1,-91.0,269.0,-0.02,-0.01,0.16,24.9,77,AUTO.LOITER,0,0
2026-08-14T19:13:08,1786709588,13.730322,100.787456,-0.2,-0.55,0.3,0.0,-91.0,269.0,0.0,0.0,0.15,24.9,77,0,0,0
2026-08-14T19:13:09,1786709589,13.730322,100.787456,-0.2,-0.53,0.3,0.0,-91.0,269.0,0.0,0.0,0.14,24.9,77,0,0,0
2026-08-14T19:13:10,1786709590,13.730323,100.787456,0.3,-0.53,0.3,0.0,-91.0,269.0,0.0,0.0,0.14,24.9,77,AUTO.LOITER,0,0
2026-08-14T19:13:11,1786709591,13.730322,100.787456,-0.2,-0.52,0.3,0.0,-91.0,269.0,0.0,0.0,0.13,24.9,77,0,0,0
2026-08-14T19:13:12,1786709592,13.730322,100.787456,-0.2,-0.51,0.3,0.0,-91.0,269.0,0.0,0.0,0.13,24.9,77,0,0,0
2026-08-14T19:13:13,1786709593,13.730322,100.787456,-0.2,-0.51,0.3,0.0,-91.0,269.0,0.0,0.0,0.13,24.9,77,0,0,0
2026-08-14T19:13:14,1786709594,13.730322,100.787456,-0.1,-0.49,0.3,0.0,-91.0,269.0,0.0,0.02,0.13,24.9,77,0,0,0
2026-08-14T19:13:15,1786709595,13.730322,100.787456,-0.1,-0.49,0.3,0.0,-91.0,269.0,0.0,0.01,0.13,24.9,77,0,0,0
2026-08-14T19:13:16,1786709596,13.730322,100.787456,-0.1,-0.49,0.3,-0.0,-91.0,269.0,0.0,0.01,0.13,24.9,77,0,0,0
2026-08-14T19:13:17,1786709597,13.730322,100.787456,-0.1,-0.47,0.3,-0.0,-91.0,269.0,-0.01,0.0,0.12,24.9,77,0,0,0
2026-08-14T19:13:18,1786709598,13.730322,100.787456,-0.1,-0.46,0.3,-0.0,-91.0,269.0,0.0,0.0,0.11,24.9,77,0,0,0
2026-08-14T19:13:19,1786709599,13.730322,100.787456,-0.1,-0.46,0.3,0.0,-91.0,269.0,0.0,0.0,0.11,24.9,77,0,0,0
2026-08-14T19:13:20,1786709600,13.730322,100.787456,-0.1,-0.45,0.4,0.0,-91.0,269.0,0.0,0.0,0.11,24.9,77,0,0,0
2026-08-14T19:13:21,1786709601,13.730323,100.787456,-0.1,-0.45,0.4,0.0,-91.0,269.0,0.01,-0.01,0.1,24.9,77,0,0,0
2026-08-14T19:13:22,1786709602,13.730323,100.787456,-0.1,-0.45,0.4,0.0,-91.0,269.0,0.01,-0.01,0.1,24.9,77,0,0,0
2026-08-14T19:13:23,1786709603,13.730323,100.787456,-0.1,-0.45,0.4,0.0,-91.0,269.0,0.01,-0.01,0.1,24.9,77,0,0,0
2026-08-14T19:13:24,1786709604,13.730323,100.787456,-0.1,-0.43,0.3,0.0,-91.0,269.0,0.01,-0.01,0.08,24.9,77,0,0,0
2026-08-14T19:13:25,1786709605,13.730323,100.787456,-0.1,-0.43,0.3,0.1,-91.0,269.0,0.01,-0.01,0.08,24.9,77,0,0,0
2026-08-14T19:13:26,1786709606,13.730323,100.787456,-0.1,-0.41,0.3,0.1,-91.0,269.0,0.0,-0.01,0.08,24.9,77,0,0,0
2026-08-14T19:13:27,1786709607,13.730323,100.787455,-0.0,-0.4,0.3,0.1,-91.0,269.0,0.0,-0.01,0.07,24.9,77,0,0,0
2026-08-14T19:13:28,1786709608,13.730323,100.787455,-0.0,-0.4,0.3,0.1,-91.0,269.0,0.0,-0.01,0.07,24.9,77,0,0,0
2026-08-14T19:13:29,1786709609,13.730322,100.787455,-0.0,-0.39,0.3,0.1,-91.0,269.0,-0.01,-0.01,0.07,24.9,77,0,0,0
2026-08-14T19:13:30,1786709610,13.730322,100.787456,-0.0,-0.38,0.3,0.1,-91.0,269.0,-0.01,0.0,0.07,24.9,77,0,0,0
2026-08-14T19:13:31,1786709611,13.730322,100.787456,-0.0,-0.38,0.3,0.1,-91.0,269.0,-0.01,0.0,0.07,24.9,77,0,0,0
2026-08-14T19:13:32,1786709612,13.730322,100.787456,-0.0,-0.37,0.3,0.1,-91.0,269.0,-0.01,0.0,0.08,24.9,77,0,0,0
2026-08-14T19:13:33,1786709613,13.730322,100.787456,0.3,-0.37,0.4,0.1,-91.0,269.0,-0.01,0.0,0.08,24.9,77,AUTO.LOITER,0,0
2026-08-14T19:13:34,1786709614,13.730322,100.787455,-0.0,-0.38,0.4,0.1,-91.0,269.0,-0.01,0.0,0.09,24.9,77,0,0,0
2026-08-14T19:13:35,1786709615,13.730322,100.787455,-0.1,-0.4,0.4,0.1,-91.0,269.0,-0.01,0.01,0.1,24.9,77,0,0,0
2026-08-14T19:13:36,1786709616,13.730322,100.787455,-0.1,-0.4,0.4,0.1,-91.0,269.0,-0.01,0.01,0.1,24.9,77,0,0,0
2026-08-14T19:13:37,1786709617,13.730322,100.787456,-0.1,-0.41,0.4,0.1,-91.0,269.0,-0.01,0.02,0.1,24.9,77,0,0,0
2026-08-14T19:13:38,1786709618,13.730322,100.787456,-0.1,-0.4,0.4,0.1,-91.0,269.0,-0.01,0.02,0.1,24.9,77,0,0,0
2026-08-14T19:13:39,1786709619,13.730322,100.787456,-0.1,-0.4,0.4,0.1,-91.0,269.0,-0.01,0.02,0.1,24.9,77,0,0,0
2026-08-14T19:13:40,1786709620,13.730322,100.787456,-0.1,-0.4,0.5,0.1,-91.1,268.9,0.0,-0.01,0.09,24.9,77,0,0,0
2026-08-14T19:13:41,1786709621,13.730322,100.787456,-0.0,-0.4,0.5,0.1,-91.0,269.0,0.0,-0.01,0.09,24.9,77,0,0,0
2026-08-14T19:13:42,1786709622,13.730322,100.787456,-0.0,-0.4,0.5,0.1,-91.0,269.0,0.0,-0.01,0.09,24.9,77,0,0,0
2026-08-14T19:13:43,1786709623,13.730322,100.787456,-0.0,-0.4,0.5,0.1,-91.0,269.0,0.01,-0.01,0.09,24.9,77,0,0,0
2026-08-14T19:13:44,1786709624,13.730322,100.787456,-0.0,-0.39,0.5,0.1,-91.0,269.0,0.02,-0.02,0.09,24.9,77,0,0,0
2026-08-14T19:13:45,1786709625,13.730322,100.787456,-0.0,-0.39,0.5,0.1,-91.0,269.0,0.02,-0.02,0.09,24.9,77,0,0,0
2026-08-14T19:13:46,1786709626,13.730322,100.787456,-0.0,-0.37,0.5,0.1,-91.0,269.0,0.01,-0.01,0.08,24.9,77,0,0,0
2026-08-14T19:13:47,1786709627,13.730322,100.787455,-0.0,-0.37,0.5,0.1,-91.0,269.0,0.0,-0.01,0.07,24.9,77,0,0,0
2026-08-14T19:13:48,1786709628,13.730322,100.787455,-0.0,-0.37,0.5,0.2,-91.0,269.0,0.0,-0.01,0.07,24.9,77,0,0,0
2026-08-14T19:13:49,1786709629,13.730322,100.787455,-0.0,-0.36,0.5,0.1,-91.0,269.0,0.02,0.0,0.07,24.9,77,0,0,0
2026-08-14T19:13:50,1786709630,13.730322,100.787455,-0.0,-0.35,0.5,0.1,-91.0,269.0,0.02,0.0,0.06,24.9,77,0,0,0
2026-08-14T19:13:51,1786709631,13.730322,100.787455,-0.0,-0.35,0.4,0.2,-91.0,269.0,0.02,0.0,0.06,24.9,77,0,0,0
2026-08-14T19:13:52,1786709632,13.730322,100.787455,0.0,-0.35,0.4,0.2,-91.0,269.0,0.01,0.0,0.05,24.9,77,0,0,0
2026-08-14T19:13:53,1786709633,13.730323,100.787455,0.3,-0.35,0.4,0.2,-91.0,269.0,0.01,0.0,0.05,24.9,77,AUTO.LOITER,0,0
2026-08-14T19:13:54,1786709634,13.730323,100.787455,0.0,-0.34,0.4,0.2,-91.0,269.0,0.02,0.0,0.05,24.9,77,0,0,0
2026-08-14T19:13:55,1786709635,13.730323,100.787456,0.3,-0.34,0.4,0.2,-91.0,269.0,0.02,0.0,0.05,24.9,77,0,0,0
2026-08-14T19:13:56,1786709636,13.730322,100.787456,0.3,-0.34,0.4,0.2,-91.0,269.0,0.02,0.0,0.05,24.9,77,AUTO.LOITER,0,0
2026-08-14T19:13:57,1786709637,13.730323,100.787456,0.0,-0.34,0.4,0.2,-91.0,269.0,0.04,0.0,0.07,24.9,77,0,0,0
2026-08-14T19:13:58,1786709638,13.730323,100.787456,0.0,-0.35,0.3,0.2,-91.0,269.0,0.04,0.0,0.08,24.9,77,0,0,0
2026-08-14T19:13:59,1786709639,13.730322,100.787456,0.3,-0.35,0.3,0.2,-91.0,269.0,0.04,0.0,0.08,24.9,77,AUTO.LOITER,0,0
2026-08-14T19:14:00,1786709640,13.730322,100.787456,-0.0,-0.35,0.3,0.2,-91.0,269.0,0.02,0.0,0.08,24.9,77,0,0,0
2026-08-14T19:14:01,1786709641,13.730322,100.787456,-0.0,-0.36,0.2,0.2,-91.0,269.0,0.01,0.0,0.08,24.9,77,0,0,0
2026-08-14T19:14:02,1786709642,13.730322,100.787456,-0.0,-0.36,0.2,0.2,-91.0,269.0,0.01,0.0,0.08,24.9,77,0,0,0
2026-08-14T19:14:03,1786709643,13.730322,100.787456,-0.0,-0.37,0.2,0.2,-91.0,269.0,0.0,0.01,0.09,24.9,77,0,0,0
2026-08-14T19:14:04,1786709644,13.730322,100.787456,-0.0,-0.38,0.2,0.2,-91.0,269.0,0.0,0.0,0.08,24.9,77,0,0,0
2026-08-14T19:14:05,1786709645,13.730322,100.787456,-0.0,-0.38,0.2,0.2,-91.0,269.0,0.0,0.0,0.08,24.9,77,0,0,0
2026-08-14T19:14:06,1786709646,13.730322,100.787456,-0.0,-0.37,0.2,0.2,-91.0,269.0,0.0,0.0,0.09,24.9,77,0,0,0
2026-08-14T19:14:07,1786709647,13.730322,100.787456,-0.0,-0.38,0.2,0.2,-90.9,269.1,0.0,0.0,0.1,24.9,77,0,0,0
2026-08-14T19:14:08,1786709648,13.730322,100.787456,-0.0,-0.38,0.2,0.2,-90.9,269.1,0.0,0.0,0.1,24.9,77,0,0,0
2026-08-14T19:14:09,1786709649,13.730322,100.787456,-0.0,-0.4,0.2,0.2,-90.9,269.1,0.0,0.0,0.11,24.9,77,0,0,0
2026-08-14T19:14:10,1786709650,13.730322,100.787456,-0.1,-0.42,0.2,0.2,-90.9,269.1,0.0,0.0,0.12,24.9,77,0,0,0
2026-08-14T19:14:11,1786709651,13.730322,100.787456,-0.1,-0.42,0.2,0.2,-90.9,269.1,0.0,0.0,0.12,24.9,77,0,0,0
2026-08-14T19:14:12,1786709652,13.730322,100.787456,-0.1,-0.46,0.1,0.2,-90.9,269.1,0.0,0.0,0.13,24.9,77,0,0,0
2026-08-14T19:14:13,1786709653,13.730322,100.787456,0.3,-0.46,0.1,0.2,-90.9,269.1,0.0,0.0,0.13,24.9,77,AUTO.LOITER,0,0
2026-08-14T19:14:14,1786709654,13.730322,100.787456,-0.1,-0.46,0.1,0.2,-90.9,269.1,0.0,0.01,0.13,24.9,77,0,0,0
2026-08-14T19:14:15,1786709655,13.730322,100.787456,-0.1,-0.47,0.1,0.2,-90.9,269.1,0.0,0.01,0.14,24.9,77,0,0,0
2026-08-14T19:14:16,1786709656,13.730323,100.787456,0.4,-0.47,0.1,0.2,-90.9,269.1,0.0,0.01,0.14,24.9,77,AUTO.LOITER,0,0
2026-08-14T19:14:17,1786709657,13.730322,100.787456,-0.1,-0.46,0.1,0.2,-90.9,269.1,0.0,0.02,0.13,24.9,77,0,0,0
2026-08-14T19:14:18,1786709658,13.730322,100.787456,-0.1,-0.44,0.1,0.2,-90.9,269.1,0.01,0.03,0.13,24.9,77,0,0,0
2026-08-14T19:14:19,1786709659,13.730322,100.787456,-0.1,-0.44,0.1,0.2,-90.8,269.2,0.01,0.03,0.13,24.9,77,0,0,0
2026-08-14T19:14:20,1786709660,13.730322,100.787456,-0.1,-0.45,0.0,0.2,-90.8,269.2,0.01,0.02,0.13,24.9,77,0,0,0
2026-08-14T19:14:21,1786709661,13.730322,100.787456,-0.1,-0.44,0.0,0.2,-90.8,269.2,0.0,0.0,0.12,24.9,77,0,0,0
2026-08-14T19:14:22,1786709662,13.730322,100.787456,-0.1,-0.44,0.0,0.2,-90.8,269.2,0.0,0.0,0.12,24.9,77,0,0,0
2026-08-14T19:14:23,1786709663,13.730322,100.787456,-0.1,-0.46,-0.0,0.2,-90.8,269.2,0.0,0.0,0.13,24.9,77,0,0,0
2026-08-14T19:14:24,1786709664,13.730322,100.787456,-0.1,-0.47,-0.0,0.2,-90.8,269.2,-0.01,0.0,0.13,24.9,77,0,0,0
2026-08-14T19:14:25,1786709665,13.730322,100.787456,-0.1,-0.47,-0.0,0.2,-90.8,269.2,-0.01,0.0,0.13,24.9,77,0,0,0
2026-08-14T19:14:26,1786709666,13.730322,100.787456,-0.1,-0.47,-0.0,0.2,-90.8,269.2,-0.01,0.0,0.13,24.9,77,0,0,0
2026-08-14T19:14:27,1786709667,13.730322,100.787456,-0.1,-0.47,-0.0,0.2,-90.8,269.2,-0.02,0.0,0.13,24.9,77,0,0,0
2026-08-14T19:14:28,1786709668,13.730322,100.787456,-0.1,-0.47,-0.0,0.2,-90.8,269.2,-0.02,0.0,0.13,24.9,77,0,0,0
2026-08-14T19:14:29,1786709669,13.730322,100.787456,-0.1,-0.49,-0.1,0.1,-90.8,269.2,-0.02,0.0,0.14,24.9,77,0,0,0
2026-08-14T19:14:30,1786709670,13.730322,100.787456,-0.1,-0.49,-0.0,0.2,-90.8,269.2,-0.02,0.0,0.14,24.9,77,0,0,0
2026-08-14T19:14:31,1786709671,13.730322,100.787456,-0.1,-0.49,-0.0,0.2,-90.8,269.2,-0.02,0.0,0.14,24.9,77,0,0,0
2026-08-14T19:14:32,1786709672,13.730322,100.787456,-0.2,-0.51,-0.0,0.2,-90.8,269.2,0.0,0.0,0.15,24.9,77,0,0,0
2026-08-14T19:14:33,1786709673,13.730322,100.787456,-0.2,-0.51,-0.1,0.2,-90.7,269.3,0.0,0.0,0.15,24.9,77,0,0,0
2026-08-14T19:14:34,1786709674,13.730322,100.787456,-0.2,-0.53,-0.1,0.2,-90.7,269.3,0.0,0.0,0.17,24.9,77,0,0,0
2026-08-14T19:14:35,1786709675,13.730322,100.787456,0.3,-0.53,-0.1,0.2,-90.7,269.3,0.0,0.0,0.17,24.9,77,AUTO.LOITER,0,0
2026-08-14T19:14:36,1786709676,13.730322,100.787456,-0.2,-0.54,-0.1,0.2,-90.7,269.3,-0.01,0.01,0.17,24.9,77,0,0,0
2026-08-14T19:14:37,1786709677,13.730322,100.787456,-0.2,-0.54,-0.1,0.2,-90.7,269.3,0.0,0.02,0.18,24.9,77,0,0,0
2026-08-14T19:14:38,1786709678,13.730323,100.787456,0.3,-0.54,-0.1,0.2,-90.7,269.3,0.0,0.02,0.18,24.9,78,AUTO.LOITER,0,0
2026-08-14T19:14:39,1786709679,13.730322,100.787456,-0.2,-0.54,-0.1,0.2,-90.7,269.3,0.01,0.02,0.18,24.9,78,0,0,0
2026-08-14T19:14:40,1786709680,13.730322,100.787456,0.3,-0.54,-0.1,0.1,-90.7,269.3,0.01,0.02,0.18,24.9,78,0,0,0
2026-08-14T19:14:41,1786709681,13.730322,100.787456,0.3,-0.54,-0.1,0.1,-90.7,269.3,0.01,0.02,0.18,24.9,78,0,0,0
2026-08-14T19:14:42,1786709682,13.730322,100.787456,-0.2,-0.57,-0.1,0.1,-90.7,269.3,0.0,0.0,0.2,24.9,78,0,0,0
2026-08-14T19:14:43,1786709683,13.730323,100.787455,0.3,-0.57,-0.1,0.1,-90.7,269.3,0.0,0.0,0.2,24.9,78,AUTO.LOITER,0,0
2026-08-14T19:14:44,1786709684,13.730322,100.787456,-0.2,-0.58,-0.1,0.1,-90.7,269.3,-0.01,0.01,0.21,24.9,78,0,0,0
2026-08-14T19:14:45,1786709685,13.730322,100.787456,-0.2,-0.58,-0.1,0.1,-90.7,269.3,-0.02,0.0,0.2,24.9,78,0,0,0
2026-08-14T19:14:46,1786709686,13.730322,100.787456,0.3,-0.58,-0.1,0.1,-90.7,269.3,-0.02,0.0,0.2,24.9,78,AUTO.LOITER,0,0
2026-08-14T19:14:47,1786709687,13.730322,100.787456,-0.2,-0.59,-0.1,0.1,-90.7,269.3,-0.02,0.0,0.2,24.9,78,0,0,0
2026-08-14T19:14:48,1786709688,13.730322,100.787456,-0.3,-0.6,-0.1,0.1,-90.7,269.3,-0.02,0.0,0.21,24.9,78,0,0,0
2026-08-14T19:14:49,1786709689,13.730322,100.787456,-0.3,-0.6,-0.1,0.1,-90.7,269.3,-0.02,0.0,0.21,24.9,78,0,0,0
2026-08-14T19:14:50,1786709690,13.730322,100.787456,-0.3,-0.61,-0.1,0.1,-90.7,269.3,-0.01,0.01,0.21,24.9,78,0,0,0
2026-08-14T19:14:51,1786709691,13.730322,100.787456,-0.3,-0.6,-0.1,0.1,-90.7,269.3,-0.01,0.0,0.2,24.9,78,0,0,0
2026-08-14T19:14:52,1786709692,13.730322,100.787456,-0.3,-0.6,-0.1,0.1,-90.7,269.3,-0.01,0.0,0.2,24.9,78,0,0,0
2026-08-14T19:14:53,1786709693,13.730322,100.787455,-0.2,-0.59,-0.1,0.1,-90.7,269.3,0.0,0.0,0.19,24.9,78,0,0,0
2026-08-14T19:14:54,1786709694,13.730322,100.787456,0.3,-0.59,-0.1,0.1,-90.7,269.3,0.0,0.0,0.19,24.9,78,AUTO.LOITER,0,0
2026-08-14T19:14:55,1786709695,13.730322,100.787455,-0.2,-0.59,-0.1,0.1,-90.7,269.3,0.01,0.0,0.19,24.9,78,0,0,0
2026-08-14T19:14:56,1786709696,13.730323,100.787456,-0.3,-0.6,-0.1,0.1,-90.7,269.3,0.02,0.0,0.18,24.9,78,0,0,0
2026-08-14T19:14:57,1786709697,13.730322,100.787455,0.3,-0.6,-0.1,0.1,-90.7,269.3,0.02,0.0,0.18,24.9,78,AUTO.LOITER,0,0
2026-08-14T19:14:58,1786709698,13.730322,100.787456,-0.3,-0.6,-0.1,0.1,-90.7,269.3,0.0,0.01,0.18,24.9,78,0,0,0
2026-08-14T19:14:59,1786709699,13.730322,100.787456,-0.2,-0.58,-0.1,0.0,-90.7,269.3,0.0,0.01,0.16,24.9,78,0,0,0
2026-08-14T19:15:00,1786709700,13.730322,100.787456,-0.2,-0.58,-0.1,0.0,-90.7,269.3,0.0,0.01,0.16,24.9,78,0,0,0
2026-08-14T19:15:01,1786709701,13.730323,100.787456,0.3,-0.58,-0.1,0.0,-90.7,269.3,0.0,0.01,0.16,24.9,78,0,0,0
2026-08-14T19:15:02,1786709702,13.730322,100.787456,-0.2,-0.52,-0.2,0.0,-90.7,269.3,-0.01,0.01,0.14,24.9,78,0,0,0
2026-08-14T19:15:03,1786709703,13.730322,100.787456,-0.2,-0.52,-0.1,0.0,-90.7,269.3,-0.01,0.01,0.14,24.9,78,0,0,0
2026-08-14T19:15:04,1786709704,13.730322,100.787456,-0.2,-0.51,-0.1,0.0,-90.7,269.3,-0.02,0.03,0.14,24.9,78,0,0,0
2026-08-14T19:15:05,1786709705,13.730322,100.787456,0.3,-0.51,-0.1,-0.0,-90.7,269.3,-0.02,0.03,0.14,24.9,78,AUTO.LOITER,0,0
2026-08-14T19:15:06,1786709706,13.730322,100.787456,-0.1,-0.5,-0.1,-0.0,-90.7,269.3,-0.02,0.02,0.13,24.9,78,0,0,0
2026-08-14T19:15:07,1786709707,13.730322,100.787456,-0.1,-0.5,-0.1,-0.1,-90.7,269.3,-0.01,0.02,0.13,24.9,78,0,0,0
2026-08-14T19:15:08,1786709708,13.730322,100.787456,-0.1,-0.5,-0.1,-0.1,-90.7,269.3,-0.01,0.02,0.13,24.9,78,0,0,0
2026-08-14T19:15:09,1786709709,13.730322,100.787456,-0.1,-0.5,-0.1,-0.1,-90.7,269.3,-0.01,0.02,0.13,24.9,78,0,0,0
2026-08-14T19:15:10,1786709710,13.730322,100.787456,-0.2,-0.51,-0.1,-0.1,-90.7,269.3,-0.01,0.0,0.13,24.9,78,0,0,0
2026-08-14T19:15:11,1786709711,13.730322,100.787456,-0.2,-0.51,-0.0,-0.1,-90.6,269.4,-0.01,0.0,0.13,24.9,78,0,0,0
2026-08-14T19:15:12,1786709712,13.730322,100.787455,-0.2,-0.52,-0.0,-0.1,-90.6,269.4,-0.01,-0.01,0.13,24.9,78,0,0,0
2026-08-14T19:15:13,1786709713,13.730322,100.787456,0.3,-0.52,-0.0,-0.1,-90.6,269.4,-0.01,-0.01,0.13,24.9,78,AUTO.LOITER,0,0
2026-08-14T19:15:14,1786709714,13.730322,100.787455,-0.2,-0.52,0.0,-0.1,-90.6,269.4,0.0,-0.02,0.13,24.9,78,0,0,0
2026-08-14T19:15:15,1786709715,13.730322,100.787456,-0.2,-0.51,-0.0,-0.1,-90.6,269.4,0.0,-0.01,0.14,24.9,78,0,0,0
2026-08-14T19:15:16,1786709716,13.730323,100.787455,0.3,-0.51,-0.0,-0.1,-90.6,269.4,0.0,-0.01,0.14,24.9,78,AUTO.LOITER,0,0
2026-08-14T19:15:17,1786709717,13.730322,100.787456,-0.1,-0.5,-0.0,-0.1,-90.6,269.4,0.0,-0.01,0.14,24.9,78,0,0,0
2026-08-14T19:15:18,1786709718,13.730323,100.787456,-0.2,-0.52,-0.0,-0.1,-90.6,269.4,0.01,0.0,0.16,24.9,78,AUTO.LOITER,0,0
2026-08-14T19:15:19,1786709719,13.730323,100.787456,-0.2,-0.52,-0.0,-0.1,-90.6,269.4,0.01,0.0,0.16,24.9,78,0,0,0
2026-08-14T19:15:20,1786709720,13.730323,100.787456,-0.2,-0.52,-0.0,-0.1,-90.6,269.4,0.01,0.0,0.17,24.9,78,0,0,0
2026-08-14T19:15:21,1786709721,13.730323,100.787456,-0.2,-0.55,-0.0,-0.1,-90.6,269.4,0.0,0.0,0.19,24.9,78,0,0,0
2026-08-14T19:15:22,1786709722,13.730323,100.787456,-0.2,-0.55,-0.0,-0.1,-90.6,269.4,0.0,0.0,0.19,24.9,78,0,0,0
2026-08-14T19:15:23,1786709723,13.730322,100.787456,-0.2,-0.57,-0.0,-0.1,-90.6,269.4,0.0,-0.01,0.21,24.9,78,0,0,0
2026-08-14T19:15:24,1786709724,13.730323,100.787456,0.3,-0.57,-0.0,-0.1,-90.6,269.4,0.0,-0.01,0.21,24.9,78,AUTO.LOITER,0,0
2026-08-14T19:15:25,1786709725,13.730323,100.787456,-0.2,-0.59,-0.1,-0.1,-90.6,269.4,0.01,-0.01,0.22,24.9,78,0,0,0
2026-08-14T19:15:26,1786709726,13.730323,100.787456,-0.2,-0.59,-0.1,-0.1,-90.6,269.4,0.01,-0.01,0.22,24.9,78,0,0,0
2026-08-14T19:15:27,1786709727,13.730323,100.787456,-0.2,-0.59,-0.1,-0.1,-90.6,269.4,0.01,-0.01,0.22,24.9,78,0,0,0
2026-08-14T19:15:28,1786709728,13.730323,100.787456,-0.2,-0.59,-0.1,-0.0,-90.6,269.4,0.01,-0.01,0.22,24.9,78,0,0,0
2026-08-14T19:15:29,1786709729,13.730322,100.787455,-0.3,-0.66,-0.1,-0.0,-90.6,269.4,0.0,-0.02,0.26,24.9,78,0,0,0
2026-08-14T19:15:30,1786709730,13.730322,100.787455,-0.3,-0.66,-0.1,0.0,-90.6,269.4,0.0,-0.02,0.26,24.9,78,0,0,0
2026-08-14T19:15:31,1786709731,13.730322,100.787455,-0.3,-0.66,-0.1,0.0,-90.6,269.4,0.0,0.0,0.25,24.9,78,0,0,0
2026-08-14T19:15:32,1786709732,13.730322,100.787456,0.4,-0.66,-0.1,0.0,-90.6,269.4,0.0,0.0,0.25,24.9,78,AUTO.LOITER,0,0
2026-08-14T19:15:33,1786709733,13.730322,100.787456,-0.3,-0.67,-0.1,0.0,-90.6,269.4,0.0,0.0,0.26,24.9,78,0,0,0
2026-08-14T19:15:34,1786709734,13.730322,100.787456,-0.3,-0.67,-0.1,0.0,-90.6,269.4,0.0,0.0,0.26,24.9,78,0,0,0
2026-08-14T19:15:35,1786709735,13.730322,100.787456,-0.3,-0.67,-0.1,0.0,-90.6,269.4,0.0,0.0,0.26,24.9,78,0,0,0
2026-08-14T19:15:36,1786709736,13.730323,100.787456,-0.3,-0.69,-0.1,0.0,-90.6,269.4,0.03,0.0,0.26,24.9,78,0,0,0
2026-08-14T19:15:37,1786709737,13.730323,100.787456,-0.3,-0.69,-0.1,0.0,-90.6,269.4,0.04,0.01,0.25,24.9,78,0,0,0
2026-08-14T19:15:38,1786709738,13.730323,100.787456,-0.3,-0.69,-0.2,0.0,-90.6,269.4,0.04,0.01,0.25,24.9,78,0,0,0
2026-08-14T19:15:39,1786709739,13.730323,100.787456,-0.3,-0.69,-0.2,0.0,-90.6,269.4,0.02,0.01,0.24,24.9,78,0,0,0
2026-08-14T19:15:40,1786709740,13.730323,100.787456,-0.3,-0.69,-0.2,0.0,-90.6,269.4,0.01,0.0,0.23,24.9,78,0,0,0
2026-08-14T19:15:41,1786709741,13.730323,100.787456,-0.3,-0.69,-0.2,0.0,-90.6,269.4,0.01,0.0,0.23,24.9,78,0,0,0
2026-08-14T19:15:42,1786709742,13.730323,100.787456,-0.3,-0.69,-0.2,-0.0,-90.6,269.4,0.0,0.02,0.23,24.9,78,0,0,0
2026-08-14T19:15:43,1786709743,13.730322,100.787455,0.2,-0.69,-0.2,-0.0,-90.6,269.4,0.0,0.02,0.23,24.9,78,AUTO.LOITER,0,0
2026-08-14T19:15:44,1786709744,13.730323,100.787456,-0.3,-0.7,-0.3,-0.1,-90.6,269.4,0.0,0.01,0.23,24.9,78,0,0,0
2026-08-14T19:15:45,1786709745,13.730322,100.787456,-0.4,-0.72,-0.3,-0.1,-90.6,269.4,-0.01,0.01,0.25,24.9,78,0,0,0
2026-08-14T19:15:46,1786709746,13.730322,100.787456,-0.4,-0.72,-0.3,-0.1,-90.6,269.4,-0.01,0.01,0.25,24.9,78,0,0,0
2026-08-14T19:15:47,1786709747,13.730322,100.787456,-0.4,-0.75,-0.3,-0.1,-90.6,269.4,0.0,0.01,0.26,24.9,78,0,0,0
2026-08-14T19:15:48,1786709748,13.730322,100.787456,-0.4,-0.75,-0.3,-0.1,-90.6,269.4,0.0,0.02,0.25,24.9,78,0,0,0
2026-08-14T19:15:49,1786709749,13.730322,100.787456,-0.4,-0.75,-0.3,-0.2,-90.6,269.4,0.0,0.02,0.25,24.9,78,0,0,0
2026-08-14T19:15:50,1786709750,13.730322,100.787455,-0.4,-0.74,-0.3,-0.2,-90.6,269.4,0.0,0.0,0.24,24.9,78,0,0,0
2026-08-14T19:15:51,1786709751,13.730323,100.787456,0.3,-0.74,-0.3,-0.2,-90.6,269.4,0.0,0.0,0.24,24.9,78,AUTO.LOITER,0,0
2026-08-14T19:15:52,1786709752,13.730322,100.787455,-0.4,-0.73,-0.3,-0.3,-90.6,269.4,0.0,0.0,0.24,24.9,78,0,0,0
2026-08-14T19:15:53,1786709753,13.730322,100.787455,-0.4,-0.72,-0.3,-0.3,-90.6,269.4,0.0,-0.01,0.22,24.9,78,0,0,0
2026-08-14T19:15:54,1786709754,13.730322,100.787455,-0.4,-0.72,-0.3,-0.3,-90.6,269.4,0.0,-0.01,0.22,24.9,78,0,0,0
2026-08-14T19:15:55,1786709755,13.730322,100.787455,-0.4,-0.72,-0.3,-0.3,-90.6,269.4,0.0,-0.01,0.22,24.9,78,0,0,0
2026-08-14T19:15:56,1786709756,13.730323,100.787455,-0.3,-0.66,-0.3,-0.3,-90.6,269.4,0.01,0.0,0.2,24.9,78,0,0,0
2026-08-14T19:15:57,1786709757,13.730323,100.787455,-0.3,-0.66,-0.4,-0.3,-90.6,269.4,0.01,0.0,0.2,24.9,78,0,0,0
2026-08-14T19:15:58,1786709758,13.730323,100.787456,-0.3,-0.65,-0.4,-0.3,-90.6,269.4,0.01,0.0,0.19,24.9,78,0,0,0
2026-08-14T19:15:59,1786709759,13.730322,100.787456,0.3,-0.65,-0.4,-0.4,-90.6,269.4,0.01,0.0,0.19,24.9,78,AUTO.LOITER,0,0
2026-08-14T19:16:00,1786709760,13.730323,100.787456,-0.3,-0.64,-0.4,-0.4,-90.6,269.4,0.0,0.0,0.2,24.9,78,0,0,0
2026-08-14T19:16:01,1786709761,13.730322,100.787456,-0.3,-0.65,-0.4,-0.4,-90.6,269.4,-0.01,-0.02,0.2,24.9,78,0,0,0
2026-08-14T19:16:02,1786709762,13.730322,100.787456,-0.3,-0.65,-0.4,-0.4,-90.6,269.4,-0.01,-0.02,0.2,24.9,78,0,0,0
2026-08-14T19:16:03,1786709763,13.730322,100.787456,-0.3,-0.65,-0.4,-0.4,-90.6,269.4,-0.01,-0.02,0.2,24.9,78,0,0,0
2026-08-14T19:16:04,1786709764,13.730323,100.787456,-0.3,-0.67,-0.4,-0.3,-90.6,269.4,0.0,-0.01,0.21,24.9,78,0,0,0
2026-08-14T19:16:05,1786709765,13.730323,100.787456,-0.3,-0.67,-0.4,-0.3,-90.6,269.4,0.0,-0.01,0.21,24.9,78,0,0,0
2026-08-14T19:16:06,1786709766,13.730323,100.787456,-0.3,-0.67,-0.4,-0.3,-90.6,269.4,0.0,-0.01,0.21,24.9,78,0,0,0
2026-08-14T19:16:07,1786709767,13.730323,100.787456,-0.3,-0.67,-0.4,-0.4,-90.6,269.4,0.0,0.0,0.22,24.9,78,0,0,0
2026-08-14T19:16:08,1786709768,13.730323,100.787456,-0.3,-0.67,-0.4,-0.3,-90.6,269.4,0.0,0.0,0.22,24.9,78,0,0,0
2026-08-14T19:16:09,1786709769,13.730322,100.787456,-0.3,-0.68,-0.4,-0.3,-90.6,269.4,0.0,0.0,0.22,24.9,78,0,0,0
2026-08-14T19:16:10,1786709770,13.730322,100.787456,0.3,-0.68,-0.4,-0.3,-90.6,269.4,0.0,0.0,0.22,24.9,78,AUTO.LOITER,0,0
2026-08-14T19:16:11,1786709771,13.730323,100.787456,-0.3,-0.67,-0.4,-0.3,-90.6,269.4,0.0,0.01,0.22,24.9,78,0,0,0
2026-08-14T19:16:12,1786709772,13.730322,100.787456,-0.3,-0.65,-0.4,-0.4,-90.6,269.4,0.0,0.0,0.21,24.9,78,0,0,0
2026-08-14T19:16:13,1786709773,13.730322,100.787456,-0.3,-0.65,-0.4,-0.4,-90.6,269.4,0.0,0.0,0.21,24.9,78,0,0,0
2026-08-14T19:16:14,1786709774,13.730322,100.787456,-0.3,-0.65,-0.4,-0.4,-90.6,269.4,0.0,0.0,0.21,24.9,78,0,0,0
2026-08-14T19:16:15,1786709775,13.730322,100.787456,-0.3,-0.63,-0.4,-0.4,-90.6,269.4,0.0,0.0,0.2,24.9,78,0,0,0
2026-08-14T19:16:16,1786709776,13.730322,100.787456,-0.3,-0.63,-0.4,-0.4,-90.6,269.4,0.0,0.0,0.2,24.9,78,0,0,0
2026-08-14T19:16:17,1786709777,13.730322,100.787456,-0.3,-0.63,-0.4,-0.4,-90.6,269.4,0.0,0.0,0.2,24.9,78,0,0,0
2026-08-14T19:16:18,1786709778,13.730322,100.787455,0.3,-0.63,-0.4,-0.4,-90.6,269.4,0.0,0.0,0.2,24.9,78,AUTO.LOITER,0,0
2026-08-14T19:16:19,1786709779,13.730322,100.787455,-0.3,-0.63,-0.4,-0.4,-90.6,269.4,0.0,-0.02,0.21,24.9,78,0,0,0
2026-08-14T19:16:20,1786709780,13.730322,100.787455,-0.3,-0.64,-0.4,-0.3,-90.6,269.4,0.01,-0.01,0.21,24.9,78,0,0,0
2026-08-14T19:16:21,1786709781,13.730322,100.787455,-0.3,-0.64,-0.4,-0.3,-90.6,269.4,0.01,-0.01,0.21,24.9,78,0,0,0
2026-08-14T19:16:22,1786709782,13.730322,100.787456,-0.3,-0.66,-0.4,-0.3,-90.6,269.4,0.01,0.0,0.22,24.9,78,0,0,0
2026-08-14T19:16:23,1786709783,13.730322,100.787456,-0.3,-0.67,-0.4,-0.3,-90.6,269.4,0.01,0.0,0.22,24.9,78,0,0,0
2026-08-14T19:16:24,1786709784,13.730322,100.787456,-0.3,-0.67,-0.4,-0.3,-90.6,269.4,0.01,0.0,0.22,24.9,78,0,0,0
2026-08-14T19:16:25,1786709785,13.730322,100.787456,-0.3,-0.66,-0.5,-0.3,-90.6,269.4,0.0,0.0,0.22,24.9,78,0,0,0
2026-08-14T19:16:26,1786709786,13.730322,100.787456,0.3,-0.66,-0.5,-0.3,-90.6,269.4,0.0,0.0,0.22,24.9,78,0,0,0
2026-08-14T19:16:27,1786709787,13.730322,100.787456,0.3,-0.66,-0.5,-0.3,-90.6,269.4,0.0,0.0,0.22,24.9,78,0,0,0
2026-08-14T19:16:28,1786709788,13.730323,100.787456,-0.3,-0.68,-0.5,-0.3,-90.6,269.4,0.01,-0.02,0.23,24.9,78,0,0,0
2026-08-14T19:16:29,1786709789,13.730323,100.787456,0.3,-0.68,-0.5,-0.3,-90.6,269.4,0.01,-0.02,0.23,24.9,78,AUTO.LOITER,0,0
2026-08-14T19:16:30,1786709790,13.730323,100.787456,-0.3,-0.69,-0.5,-0.3,-90.6,269.4,0.0,-0.02,0.24,24.9,78,0,0,0
2026-08-14T19:16:31,1786709791,13.730322,100.787456,-0.3,-0.69,-0.5,-0.3,-90.6,269.4,-0.01,-0.01,0.24,24.9,78,0,0,0
2026-08-14T19:16:32,1786709792,13.730322,100.787456,-0.3,-0.69,-0.5,-0.3,-90.6,269.4,-0.01,-0.01,0.24,24.9,78,0,0,0
2026-08-14T19:16:33,1786709793,13.730322,100.787456,-0.4,-0.71,-0.5,-0.3,-90.6,269.4,-0.01,0.0,0.24,24.9,78,0,0,0
2026-08-14T19:16:34,1786709794,13.730322,100.787456,0.3,-0.71,-0.4,-0.3,-90.6,269.4,-0.01,0.0,0.24,24.9,78,AUTO.LOITER,0,0
2026-08-14T19:16:35,1786709795,13.730322,100.787456,-0.4,-0.71,-0.4,-0.3,-90.6,269.4,-0.01,0.01,0.24,24.9,78,0,0,0
2026-08-14T19:16:36,1786709796,13.730322,100.787456,0.3,-0.71,-0.4,-0.3,-90.6,269.4,-0.01,0.01,0.24,24.9,78,AUTO.LOITER,0,0
2026-08-14T19:16:37,1786709797,13.730322,100.787456,0.3,-0.71,-0.4,-0.3,-90.6,269.4,-0.01,0.01,0.24,24.9,78,AUTO.LOITER,0,0
2026-08-14T19:16:38,1786709798,13.730322,100.787456,-0.4,-0.72,-0.4,-0.4,-90.6,269.4,-0.01,0.0,0.25,24.9,78,0,0,0
2026-08-14T19:16:39,1786709799,13.730322,100.787456,-0.4,-0.72,-0.4,-0.4,-90.6,269.4,-0.01,0.0,0.25,24.9,78,0,0,0
2026-08-14T19:16:40,1786709800,13.730322,100.787456,-0.4,-0.73,-0.4,-0.4,-90.7,269.3,0.0,0.0,0.26,24.9,78,0,0,0
2026-08-14T19:16:41,1786709801,13.730322,100.787456,-0.4,-0.73,-0.4,-0.4,-90.7,269.3,0.0,0.0,0.26,24.9,78,0,0,0
2026-08-14T19:16:42,1786709802,13.730322,100.787455,-0.4,-0.73,-0.4,-0.4,-90.7,269.3,0.0,-0.03,0.27,24.9,78,0,0,0
2026-08-14T19:16:43,1786709803,13.730322,100.787455,-0.4,-0.73,-0.4,-0.4,-90.7,269.3,0.0,-0.03,0.27,24.9,78,0,0,0
2026-08-14T19:16:44,1786709804,13.730322,100.787455,-0.4,-0.76,-0.4,-0.4,-90.7,269.3,0.0,-0.03,0.28,24.9,78,0,0,0
2026-08-14T19:16:45,1786709805,13.730322,100.787455,-0.4,-0.76,-0.5,-0.4,-90.7,269.3,0.0,-0.03,0.28,24.9,78,0,0,0
2026-08-14T19:16:46,1786709806,13.730322,100.787455,-0.4,-0.78,-0.5,-0.4,-90.7,269.3,0.0,-0.02,0.28,24.9,78,0,0,0
2026-08-14T19:16:47,1786709807,13.730322,100.787455,-0.4,-0.78,-0.5,-0.3,-90.7,269.3,0.0,-0.02,0.28,24.9,78,0,0,0
2026-08-14T19:16:48,1786709808,13.730322,100.787456,-0.4,-0.76,-0.5,-0.3,-90.7,269.3,0.0,0.0,0.28,24.9,78,0,0,0
2026-08-14T19:16:49,1786709809,13.730322,100.787456,-0.4,-0.76,-0.5,-0.3,-90.7,269.3,0.0,0.0,0.28,24.9,78,0,0,0
2026-08-14T19:16:50,1786709810,13.730322,100.787456,-0.4,-0.76,-0.5,-0.3,-90.7,269.3,0.01,-0.01,0.27,24.9,78,0,0,0
2026-08-14T19:16:51,1786709811,13.730322,100.787456,-0.4,-0.76,-0.5,-0.3,-90.7,269.3,0.01,-0.01,0.27,24.9,78,0,0,0
2026-08-14T19:16:52,1786709812,13.730322,100.787455,-0.4,-0.75,-0.5,-0.3,-90.7,269.3,0.01,-0.02,0.27,24.9,78,0,0,0
2026-08-14T19:16:53,1786709813,13.730322,100.787455,-0.4,-0.75,-0.5,-0.3,-90.7,269.3,0.01,-0.02,0.27,24.9,78,0,0,0
2026-08-14T19:16:54,1786709814,13.730322,100.787455,-0.4,-0.76,-0.5,-0.3,-90.7,269.3,0.0,-0.02,0.28,24.9,78,0,0,0
2026-08-14T19:16:55,1786709815,13.730322,100.787455,-0.4,-0.77,-0.5,-0.3,-90.7,269.3,0.0,0.0,0.27,24.9,78,0,0,0
2026-08-14T19:16:56,1786709816,13.730322,100.787455,-0.4,-0.77,-0.5,-0.3,-90.7,269.3,0.0,0.0,0.27,24.9,78,0,0,0
2026-08-14T19:16:57,1786709817,13.730322,100.787456,-0.4,-0.77,-0.5,-0.3,-90.7,269.3,0.0,0.01,0.27,24.9,78,0,0,0
2026-08-14T19:16:58,1786709818,13.730322,100.787456,0.3,-0.77,-0.5,-0.3,-90.7,269.3,0.0,0.01,0.27,24.9,78,AUTO.LOITER,0,0
2026-08-14T19:16:59,1786709819,13.730322,100.787456,-0.4,-0.78,-0.5,-0.3,-90.7,269.3,0.0,0.02,0.27,24.9,78,0,0,0
2026-08-14T19:17:00,1786709820,13.730322,100.787456,-0.4,-0.77,-0.5,-0.3,-90.7,269.3,-0.01,0.02,0.26,24.9,78,0,0,0
2026-08-14T19:17:01,1786709821,13.730322,100.787456,-0.4,-0.77,-0.5,-0.4,-90.7,269.3,-0.01,0.02,0.26,24.9,78,0,0,0
2026-08-14T19:17:02,1786709822,13.730322,100.787456,-0.4,-0.75,-0.5,-0.4,-90.7,269.3,-0.01,0.01,0.25,24.9,78,0,0,0
2026-08-14T19:17:03,1786709823,13.730322,100.787456,-0.4,-0.74,-0.5,-0.4,-90.7,269.3,-0.01,0.0,0.25,24.9,78,0,0,0
2026-08-14T19:17:04,1786709824,13.730322,100.787456,-0.4,-0.74,-0.5,-0.4,-90.7,269.3,-0.01,0.0,0.25,24.9,78,0,0,0
2026-08-14T19:17:05,1786709825,13.730322,100.787456,-0.4,-0.74,-0.5,-0.4,-90.7,269.3,0.0,0.0,0.26,24.9,78,0,0,0
2026-08-14T19:17:06,1786709826,13.730322,100.787456,-0.4,-0.73,-0.5,-0.4,-90.7,269.3,0.0,-0.01,0.26,24.9,78,AUTO.LOITER,0,0
2026-08-14T19:17:07,1786709827,13.730322,100.787456,-0.4,-0.73,-0.5,-0.4,-90.7,269.3,0.0,-0.01,0.26,24.9,78,0,0,0
2026-08-14T19:17:08,1786709828,13.730322,100.787456,-0.4,-0.74,-0.5,-0.4,-90.7,269.3,0.01,-0.01,0.27,24.9,78,AUTO.LOITER,0,0
2026-08-14T19:17:09,1786709829,13.730322,100.787456,0.3,-0.74,-0.5,-0.4,-90.7,269.3,0.01,-0.01,0.27,24.9,78,AUTO.LOITER,0,0
2026-08-14T19:17:10,1786709830,13.730322,100.787456,-0.4,-0.75,-0.5,-0.4,-90.7,269.3,0.02,0.0,0.27,24.9,78,0,0,0
2026-08-14T19:17:11,1786709831,13.730322,100.787456,-0.4,-0.77,-0.6,-0.4,-90.7,269.3,0.01,0.0,0.27,24.9,78,0,0,0
2026-08-14T19:17:12,1786709832,13.730322,100.787456,-0.4,-0.77,-0.6,-0.4,-90.7,269.3,0.01,0.0,0.27,24.9,78,0,0,0
2026-08-14T19:17:13,1786709833,13.730322,100.787456,-0.4,-0.76,-0.6,-0.4,-90.7,269.3,0.0,0.0,0.25,24.9,78,0,0,0
2026-08-14T19:17:14,1786709834,13.730322,100.787456,-0.4,-0.75,-0.6,-0.4,-90.7,269.3,0.0,0.0,0.25,24.9,78,0,0,0
2026-08-14T19:17:15,1786709835,13.730322,100.787456,-0.4,-0.75,-0.6,-0.4,-90.7,269.3,0.0,0.0,0.25,24.9,78,0,0,0
2026-08-14T19:17:16,1786709836,13.730322,100.787456,-0.4,-0.74,-0.6,-0.4,-90.7,269.3,-0.01,0.0,0.24,24.9,78,0,0,0
2026-08-14T19:17:17,1786709837,13.730322,100.787456,-0.4,-0.74,-0.6,-0.4,-90.6,269.4,-0.01,0.0,0.25,24.9,78,AUTO.LOITER,0,0
2026-08-14T19:17:18,1786709838,13.730322,100.787456,-0.4,-0.74,-0.6,-0.4,-90.6,269.4,-0.01,0.0,0.25,24.9,78,0,0,0
2026-08-14T19:17:19,1786709839,13.730322,100.787456,-0.4,-0.73,-0.6,-0.4,-90.6,269.4,-0.03,0.0,0.25,24.9,78,0,0,0
2026-08-14T19:17:20,1786709840,13.730322,100.787456,0.3,-0.73,-0.6,-0.4,-90.6,269.4,-0.03,0.0,0.25,24.9,78,AUTO.LOITER,0,0
2026-08-14T19:17:21,1786709841,13.730322,100.787456,-0.4,-0.74,-0.6,-0.4,-90.6,269.4,-0.04,-0.01,0.26,24.9,78,0,0,0
2026-08-14T19:17:22,1786709842,13.730322,100.787456,-0.4,-0.74,-0.6,-0.4,-90.6,269.4,-0.04,-0.02,0.26,24.9,78,0,0,0
2026-08-14T19:17:23,1786709843,13.730322,100.787455,0.3,-0.74,-0.6,-0.4,-90.6,269.4,-0.04,-0.02,0.26,24.9,78,AUTO.LOITER,0,0
2026-08-14T19:17:24,1786709844,13.730322,100.787455,0.3,-0.74,-0.5,-0.4,-90.6,269.4,-0.04,-0.02,0.26,24.9,78,0,0,0
2026-08-14T19:17:25,1786709845,13.730322,100.787456,-0.4,-0.78,-0.5,-0.4,-90.6,269.4,-0.03,-0.01,0.29,24.9,78,0,0,0
2026-08-14T19:17:26,1786709846,13.730322,100.787456,-0.4,-0.78,-0.4,-0.3,-90.6,269.4,-0.03,-0.01,0.29,24.9,78,0,0,0
2026-08-14T19:17:27,1786709847,13.730322,100.787456,-0.4,-0.78,-0.4,-0.3,-90.6,269.4,-0.01,0.0,0.29,24.9,78,0,0,0
2026-08-14T19:17:28,1786709848,13.730322,100.787456,-0.4,-0.78,-0.4,-0.3,-90.6,269.4,0.0,0.0,0.29,24.9,78,0,0,0
2026-08-14T19:17:29,1786709849,13.730322,100.787456,-0.4,-0.78,-0.4,-0.3,-90.6,269.4,0.0,0.0,0.29,24.9,78,0,0,0
2026-08-14T19:17:30,1786709850,13.730322,100.787456,-0.4,-0.78,-0.4,-0.3,-90.6,269.4,0.0,0.01,0.29,24.9,78,AUTO.LOITER,0,0
2026-08-14T19:17:31,1786709851,13.730322,100.787456,-0.4,-0.78,-0.4,-0.3,-90.6,269.4,0.0,0.01,0.29,24.9,78,AUTO.LOITER,0,0
2026-08-14T19:17:32,1786709852,13.730322,100.787456,-0.4,-0.78,-0.4,-0.4,-90.6,269.4,0.0,0.01,0.29,24.9,78,0,0,0
2026-08-14T19:17:33,1786709853,13.730322,100.787456,-0.4,-0.78,-0.4,-0.4,-90.6,269.4,0.0,0.01,0.29,24.9,78,AUTO.LOITER,0,0
2026-08-14T19:17:34,1786709854,13.730322,100.787456,0.3,-0.78,-0.4,-0.4,-90.6,269.4,0.0,0.01,0.29,24.9,78,AUTO.LOITER,0,0
2026-08-14T19:17:35,1786709855,13.730322,100.787456,-0.5,-0.81,-0.4,-0.4,-90.6,269.4,-0.01,0.01,0.28,24.9,78,0,0,0
2026-08-14T19:17:36,1786709856,13.730322,100.787456,-0.4,-0.8,-0.3,-0.4,-90.6,269.4,-0.01,0.01,0.28,24.9,78,0,0,0
2026-08-14T19:17:37,1786709857,13.730322,100.787456,-0.4,-0.8,-0.3,-0.4,-90.6,269.4,-0.01,0.01,0.28,24.9,78,0,0,0
2026-08-14T19:17:38,1786709858,13.730322,100.787456,-0.4,-0.79,-0.3,-0.5,-90.6,269.4,0.0,0.02,0.28,24.9,78,0,0,0
2026-08-14T19:17:39,1786709859,13.730322,100.787456,-0.4,-0.79,-0.3,-0.5,-90.6,269.4,0.0,0.01,0.28,24.9,78,0,0,0
2026-08-14T19:17:40,1786709860,13.730322,100.787456,-0.4,-0.79,-0.3,-0.5,-90.6,269.4,0.0,0.01,0.28,24.9,78,0,0,0
2026-08-14T19:17:41,1786709861,13.730322,100.787456,-0.5,-0.8,-0.3,-0.5,-90.6,269.4,0.0,0.0,0.29,24.9,78,0,0,0
2026-08-14T19:17:42,1786709862,13.730322,100.787456,-0.5,-0.81,-0.3,-0.5,-90.6,269.4,-0.01,-0.01,0.29,24.9,78,0,0,0
2026-08-14T19:17:43,1786709863,13.730322,100.787456,-0.5,-0.81,-0.3,-0.6,-90.5,269.5,-0.01,-0.01,0.29,24.9,78,0,0,0
2026-08-14T19:17:44,1786709864,13.730322,100.787455,-0.4,-0.79,-0.3,-0.6,-90.5,269.5,0.0,-0.02,0.28,24.9,78,0,0,0
2026-08-14T19:17:45,1786709865,13.730323,100.787455,-0.4,-0.79,-0.2,-0.6,-90.5,269.5,0.01,-0.02,0.29,24.9,78,AUTO.LOITER,0,0
2026-08-14T19:17:46,1786709866,13.730323,100.787455,-0.4,-0.79,-0.3,-0.6,-90.5,269.5,0.01,-0.02,0.29,24.9,78,AUTO.LOITER,0,0
2026-08-14T19:17:47,1786709867,13.730323,100.787455,-0.4,-0.79,-0.3,-0.6,-90.5,269.5,0.01,-0.02,0.29,24.9,78,0,0,0
2026-08-14T19:17:48,1786709868,13.730322,100.787456,0.3,-0.79,-0.3,-0.6,-90.5,269.5,0.01,-0.02,0.29,24.9,78,AUTO.LOITER,0,0
2026-08-14T19:17:49,1786709869,13.730322,100.787456,-0.5,-0.82,-0.3,-0.6,-90.5,269.5,0.0,0.0,0.29,24.9,78,0,0,0
2026-08-14T19:17:50,1786709870,13.730322,100.787456,-0.4,-0.79,-0.3,-0.6,-90.5,269.5,0.0,-0.01,0.28,24.9,78,0,0,0
2026-08-14T19:17:51,1786709871,13.730322,100.787456,-0.4,-0.79,-0.3,-0.6,-90.5,269.5,0.0,-0.01,0.28,24.9,78,0,0,0
2026-08-14T19:17:52,1786709872,13.730322,100.787456,-0.4,-0.79,-0.3,-0.6,-90.5,269.5,0.01,-0.02,0.28,24.9,78,0,0,0
2026-08-14T19:17:53,1786709873,13.730322,100.787455,-0.5,-0.8,-0.3,-0.6,-90.5,269.5,0.01,-0.03,0.27,24.9,78,0,0,0
2026-08-14T19:17:54,1786709874,13.730322,100.787455,-0.5,-0.8,-0.3,-0.6,-90.5,269.5,0.01,-0.03,0.27,24.9,78,0,0,0
2026-08-14T19:17:55,1786709875,13.730322,100.787456,-0.4,-0.79,-0.3,-0.6,-90.5,269.5,0.0,-0.01,0.26,24.9,78,0,0,0
2026-08-14T19:17:56,1786709876,13.730322,100.787456,-0.4,-0.77,-0.3,-0.6,-90.5,269.5,-0.01,-0.01,0.25,24.9,78,AUTO.LOITER,0,0
2026-08-14T19:17:57,1786709877,13.730322,100.787456,-0.4,-0.77,-0.3,-0.6,-90.5,269.5,-0.01,-0.01,0.25,24.9,78,0,0,0
2026-08-14T19:17:58,1786709878,13.730322,100.787456,-0.4,-0.74,-0.3,-0.6,-90.5,269.5,-0.01,-0.01,0.24,24.9,78,0,0,0
2026-08-14T19:17:59,1786709879,13.730323,100.787456,0.3,-0.74,-0.3,-0.6,-90.5,269.5,-0.01,-0.01,0.24,24.9,78,AUTO.LOITER,0,0
2026-08-14T19:18:00,1786709880,13.730322,100.787455,-0.4,-0.73,-0.3,-0.6,-90.5,269.5,-0.01,-0.01,0.22,24.9,78,0,0,0
2026-08-14T19:18:01,1786709881,13.730322,100.787456,-0.4,-0.71,-0.3,-0.6,-90.5,269.5,0.0,0.0,0.21,24.9,78,0,0,0
2026-08-14T19:18:02,1786709882,13.730322,100.787456,-0.4,-0.71,-0.3,-0.6,-90.5,269.5,0.0,0.0,0.21,24.9,78,0,0,0
2026-08-14T19:18:03,1786709883,13.730322,100.787456,-0.3,-0.69,-0.3,-0.6,-90.5,269.5,0.0,0.0,0.2,24.9,78,0,0,0
2026-08-14T19:18:04,1786709884,13.730322,100.787456,-0.3,-0.69,-0.3,-0.6,-90.5,269.5,0.0,0.0,0.2,24.9,78,0,0,0
2026-08-14T19:18:05,1786709885,13.730322,100.787456,-0.3,-0.68,-0.4,-0.6,-90.5,269.5,0.0,0.0,0.19,24.9,78,0,0,0
2026-08-14T19:18:06,1786709886,13.730323,100.787456,0.4,-0.68,-0.4,-0.6,-90.5,269.5,0.0,0.0,0.19,24.9,78,AUTO.LOITER,0,0
2026-08-14T19:18:07,1786709887,13.730323,100.787456,0.4,-0.68,-0.4,-0.6,-90.5,269.5,0.0,0.0,0.19,24.9,78,0,0,0
2026-08-14T19:18:08,1786709888,13.730322,100.787455,0.3,-0.68,-0.4,-0.6,-90.5,269.5,0.0,0.0,0.19,24.9,78,0,0,0
2026-08-14T19:18:09,1786709889,13.730322,100.787455,0.3,-0.68,-0.4,-0.6,-90.5,269.5,0.0,0.0,0.19,24.9,78,0,0,0
2026-08-14T19:18:10,1786709890,13.730323,100.787455,-0.3,-0.6,-0.4,-0.7,-90.5,269.5,0.02,0.0,0.15,24.9,78,0,0,0
2026-08-14T19:18:11,1786709891,13.730323,100.787455,-0.2,-0.6,-0.4,-0.7,-90.5,269.5,0.02,0.0,0.15,24.9,78,0,0,0
2026-08-14T19:18:12,1786709892,13.730323,100.787455,-0.2,-0.6,-0.4,-0.7,-90.5,269.5,0.02,0.0,0.15,24.9,78,0,0,0
2026-08-14T19:18:13,1786709893,13.730323,100.787456,-0.2,-0.58,-0.5,-0.7,-90.5,269.5,0.0,0.0,0.14,24.9,78,0,0,0
2026-08-14T19:18:14,1786709894,13.730322,100.787456,0.3,-0.58,-0.5,-0.7,-90.5,269.5,0.0,0.0,0.14,24.9,78,AUTO.LOITER,0,0
2026-08-14T19:18:15,1786709895,13.730322,100.787456,-0.2,-0.57,-0.5,-0.7,-90.5,269.5,-0.01,-0.01,0.14,24.9,78,0,0,0
2026-08-14T19:18:16,1786709896,13.730322,100.787455,-0.2,-0.56,-0.5,-0.7,-90.5,269.5,-0.01,-0.01,0.14,24.9,78,0,0,0
2026-08-14T19:18:17,1786709897,13.730322,100.787455,-0.2,-0.56,-0.5,-0.7,-90.5,269.5,-0.01,-0.01,0.14,24.9,78,0,0,0
2026-08-14T19:18:18,1786709898,13.730323,100.787456,-0.2,-0.54,-0.5,-0.7,-90.5,269.5,0.0,-0.01,0.14,24.9,78,0,0,0
2026-08-14T19:18:19,1786709899,13.730323,100.787456,-0.2,-0.53,-0.5,-0.7,-90.5,269.5,-0.01,-0.01,0.13,24.9,78,0,0,0
2026-08-14T19:18:20,1786709900,13.730323,100.787456,-0.2,-0.53,-0.5,-0.7,-90.5,269.5,-0.01,-0.01,0.13,24.9,78,0,0,0
2026-08-14T19:18:21,1786709901,13.730322,100.787456,-0.2,-0.51,-0.5,-0.7,-90.5,269.5,0.0,-0.01,0.13,24.9,78,0,0,0
2026-08-14T19:18:22,1786709902,13.730323,100.787456,0.3,-0.51,-0.5,-0.7,-90.5,269.5,0.0,-0.01,0.13,24.9,78,AUTO.LOITER,0,0
2026-08-14T19:18:23,1786709903,13.730322,100.787455,-0.2,-0.51,-0.5,-0.7,-90.5,269.5,-0.01,-0.02,0.14,24.9,78,0,0,0
2026-08-14T19:18:24,1786709904,13.730322,100.787455,-0.2,-0.51,-0.5,-0.7,-90.5,269.5,-0.02,-0.02,0.14,24.9,78,0,0,0
2026-08-14T19:18:25,1786709905,13.730322,100.787455,-0.2,-0.51,-0.5,-0.7,-90.5,269.5,-0.02,-0.02,0.14,24.9,78,0,0,0
2026-08-14T19:18:26,1786709906,13.730322,100.787456,-0.2,-0.52,-0.5,-0.7,-90.5,269.5,-0.02,0.0,0.15,24.9,78,0,0,0
2026-08-14T19:18:27,1786709907,13.730322,100.787455,-0.2,-0.52,-0.5,-0.7,-90.5,269.5,-0.02,-0.01,0.15,24.9,78,0,0,0
2026-08-14T19:18:28,1786709908,13.730322,100.787455,-0.2,-0.52,-0.5,-0.7,-90.5,269.5,-0.02,-0.01,0.15,24.9,78,0,0,0
2026-08-14T19:18:29,1786709909,13.730322,100.787455,-0.2,-0.52,-0.5,-0.7,-90.5,269.5,-0.02,0.0,0.15,24.9,78,AUTO.LOITER,0,0
2026-08-14T19:18:30,1786709910,13.730322,100.787456,0.3,-0.52,-0.5,-0.7,-90.5,269.5,-0.02,0.0,0.15,24.9,78,AUTO.LOITER,0,0
2026-08-14T19:18:31,1786709911,13.730322,100.787456,-0.2,-0.5,-0.4,-0.7,-90.5,269.5,-0.02,0.0,0.15,24.9,78,0,0,0
2026-08-14T19:18:32,1786709912,13.730322,100.787456,-0.1,-0.49,-0.4,-0.7,-90.5,269.5,-0.01,0.0,0.13,24.9,78,0,0,0
2026-08-14T19:18:33,1786709913,13.730322,100.787456,-0.1,-0.49,-0.4,-0.7,-90.5,269.5,-0.01,0.0,0.13,24.9,78,0,0,0
2026-08-14T19:18:34,1786709914,13.730322,100.787456,-0.1,-0.48,-0.4,-0.7,-90.5,269.5,0.0,0.01,0.12,24.9,78,0,0,0
2026-08-14T19:18:35,1786709915,13.730322,100.787456,0.3,-0.48,-0.4,-0.7,-90.5,269.5,0.0,0.01,0.12,24.9,78,AUTO.LOITER,0,0
2026-08-14T19:18:36,1786709916,13.730323,100.787456,-0.1,-0.47,-0.5,-0.7,-90.5,269.5,0.0,0.0,0.12,24.9,78,0,0,0
2026-08-14T19:18:37,1786709917,13.730322,100.787456,-0.1,-0.48,-0.5,-0.7,-90.5,269.5,0.0,0.0,0.12,24.9,78,0,0,0
2026-08-14T19:18:38,1786709918,13.730322,100.787456,-0.1,-0.48,-0.5,-0.7,-90.5,269.5,0.0,0.0,0.12,24.9,78,0,0,0
2026-08-14T19:18:39,1786709919,13.730322,100.787456,-0.1,-0.46,-0.5,-0.7,-90.5,269.5,-0.01,-0.01,0.11,24.9,78,0,0,0
2026-08-14T19:18:40,1786709920,13.730322,100.787456,-0.1,-0.47,-0.5,-0.7,-90.5,269.5,-0.02,0.0,0.12,24.9,78,0,0,0
2026-08-14T19:18:41,1786709921,13.730322,100.787456,-0.1,-0.47,-0.5,-0.7,-90.5,269.5,-0.02,0.0,0.12,24.9,78,0,0,0
2026-08-14T19:18:42,1786709922,13.730322,100.787456,-0.1,-0.47,-0.4,-0.7,-90.5,269.5,-0.03,0.0,0.12,24.9,78,0,0,0
2026-08-14T19:18:43,1786709923,13.730322,100.787456,-0.1,-0.46,-0.4,-0.7,-90.5,269.5,-0.03,-0.01,0.13,24.9,78,AUTO.LOITER,0,0
2026-08-14T19:18:44,1786709924,13.730322,100.787456,-0.1,-0.46,-0.4,-0.7,-90.5,269.5,-0.03,-0.01,0.13,24.9,78,0,0,0
2026-08-14T19:18:45,1786709925,13.730322,100.787455,-0.1,-0.46,-0.4,-0.7,-90.5,269.5,-0.01,-0.02,0.13,24.9,78,0,0,0
2026-08-14T19:18:46,1786709926,13.730322,100.787456,0.4,-0.46,-0.4,-0.7,-90.5,269.5,-0.01,-0.02,0.13,24.9,78,AUTO.LOITER,0,0
2026-08-14T19:18:47,1786709927,13.730322,100.787456,-0.1,-0.48,-0.4,-0.7,-90.5,269.5,0.0,-0.02,0.13,24.9,78,0,0,0
2026-08-14T19:18:48,1786709928,13.730322,100.787455,-0.1,-0.47,-0.4,-0.7,-90.5,269.5,0.0,-0.02,0.13,24.9,78,0,0,0
2026-08-14T19:18:49,1786709929,13.730322,100.787455,-0.1,-0.47,-0.4,-0.7,-90.5,269.5,0.0,-0.02,0.13,24.9,78,0,0,0
2026-08-14T19:18:50,1786709930,13.730322,100.787455,-0.1,-0.48,-0.4,-0.7,-90.5,269.5,0.0,-0.01,0.14,24.9,78,0,0,0
2026-08-14T19:18:51,1786709931,13.730322,100.787455,-0.1,-0.49,-0.4,-0.7,-90.5,269.5,0.01,0.0,0.14,24.9,78,0,0,0
2026-08-14T19:18:52,1786709932,13.730322,100.787455,-0.1,-0.49,-0.4,-0.6,-90.5,269.5,0.01,0.0,0.14,24.9,78,0,0,0
2026-08-14T19:18:53,1786709933,13.730322,100.787456,-0.1,-0.5,-0.4,-0.6,-90.5,269.5,0.02,0.0,0.14,24.9,78,0,0,0
2026-08-14T19:18:54,1786709934,13.730322,100.787456,0.3,-0.5,-0.4,-0.6,-90.5,269.5,0.02,0.0,0.14,24.9,78,AUTO.LOITER,0,0
2026-08-14T19:18:55,1786709935,13.730323,100.787456,-0.1,-0.49,-0.4,-0.6,-90.4,269.6,0.03,0.0,0.14,24.9,78,0,0,0
2026-08-14T19:18:56,1786709936,13.730323,100.787456,-0.2,-0.5,-0.4,-0.6,-90.4,269.6,0.02,0.0,0.13,24.9,78,0,0,0
2026-08-14T19:18:57,1786709937,13.730322,100.787455,0.3,-0.5,-0.4,-0.6,-90.4,269.6,0.02,0.0,0.13,24.9,78,AUTO.LOITER,0,0
2026-08-14T19:18:58,1786709938,13.730323,100.787456,-0.1,-0.5,-0.4,-0.6,-90.4,269.6,0.02,0.0,0.13,24.9,78,0,0,0
2026-08-14T19:18:59,1786709939,13.730323,100.787456,-0.2,-0.51,-0.4,-0.6,-90.4,269.6,0.01,0.0,0.12,24.9,78,0,0,0
2026-08-14T19:19:00,1786709940,13.730323,100.787456,-0.2,-0.51,-0.4,-0.6,-90.4,269.6,0.01,0.0,0.12,24.9,78,0,0,0
2026-08-14T19:19:01,1786709941,13.730323,100.787456,-0.1,-0.5,-0.5,-0.6,-90.4,269.6,0.01,0.0,0.1,24.9,78,AUTO.LOITER,0,0
2026-08-14T19:19:02,1786709942,13.730322,100.787456,-0.1,-0.48,-0.5,-0.6,-90.4,269.6,-0.01,0.0,0.09,24.9,78,AUTO.LOITER,0,0
2026-08-14T19:19:03,1786709943,13.730322,100.787456,-0.1,-0.48,-0.5,-0.6,-90.4,269.6,-0.01,0.0,0.09,24.9,78,0,0,0
2026-08-14T19:19:04,1786709944,13.730322,100.787456,-0.1,-0.46,-0.5,-0.6,-90.4,269.6,-0.01,-0.01,0.09,24.9,78,0,0,0
2026-08-14T19:19:05,1786709945,13.730322,100.787456,0.2,-0.46,-0.5,-0.6,-90.4,269.6,-0.01,-0.01,0.09,24.9,78,AUTO.LOITER,0,0
2026-08-14T19:19:06,1786709946,13.730322,100.787456,-0.1,-0.46,-0.5,-0.6,-90.4,269.6,-0.01,-0.02,0.09,24.9,78,0,0,0
2026-08-14T19:19:07,1786709947,13.730322,100.787455,-0.1,-0.44,-0.4,-0.6,-90.4,269.6,0.0,-0.02,0.08,24.9,78,0,0,0
2026-08-14T19:19:08,1786709948,13.730322,100.787455,-0.1,-0.44,-0.4,-0.6,-90.3,269.7,0.0,-0.02,0.08,24.9,78,0,0,0
2026-08-14T19:19:09,1786709949,13.730322,100.787456,-0.1,-0.42,-0.4,-0.6,-90.3,269.7,0.01,-0.01,0.06,24.9,78,0,0,0
2026-08-14T19:19:10,1786709950,13.730323,100.787456,-0.0,-0.4,-0.4,-0.6,-90.3,269.7,0.01,0.0,0.05,24.9,78,AUTO.LOITER,0,0
2026-08-14T19:19:11,1786709951,13.730323,100.787456,-0.0,-0.4,-0.4,-0.6,-90.3,269.7,0.01,0.0,0.05,24.9,78,0,0,0
2026-08-14T19:19:12,1786709952,13.730322,100.787456,-0.0,-0.38,-0.5,-0.5,-90.3,269.7,0.0,0.01,0.05,24.9,78,0,0,0
2026-08-14T19:19:13,1786709953,13.730322,100.787455,0.3,-0.38,-0.4,-0.6,-90.3,269.7,0.0,0.01,0.05,24.9,78,AUTO.LOITER,0,0
2026-08-14T19:19:14,1786709954,13.730322,100.787456,-0.0,-0.36,-0.4,-0.6,-90.3,269.7,-0.01,0.01,0.05,24.9,78,0,0,0
2026-08-14T19:19:15,1786709955,13.730322,100.787456,-0.0,-0.36,-0.4,-0.6,-90.3,269.7,-0.01,0.01,0.05,24.9,78,0,0,0
2026-08-14T19:19:16,1786709956,13.730322,100.787456,-0.0,-0.36,-0.4,-0.6,-90.3,269.7,-0.01,0.01,0.05,24.9,78,0,0,0
2026-08-14T19:19:17,1786709957,13.730322,100.787456,0.0,-0.34,-0.4,-0.6,-90.3,269.7,-0.03,0.0,0.04,24.9,78,0,0,0
2026-08-14T19:19:18,1786709958,13.730322,100.787456,0.0,-0.32,-0.4,-0.6,-90.3,269.7,-0.02,0.0,0.02,24.9,78,AUTO.LOITER,0,0
2026-08-14T19:19:19,1786709959,13.730322,100.787456,0.0,-0.32,-0.4,-0.6,-90.3,269.7,-0.02,0.0,0.02,24.9,78,0,0,0
2026-08-14T19:19:20,1786709960,13.730322,100.787456,0.0,-0.31,-0.4,-0.6,-90.3,269.7,-0.02,-0.01,0.02,24.9,78,0,0,0
2026-08-14T19:19:21,1786709961,13.730322,100.787456,0.3,-0.31,-0.4,-0.6,-90.3,269.7,-0.02,-0.01,0.02,24.9,78,AUTO.LOITER,0,0
2026-08-14T19:19:22,1786709962,13.730322,100.787456,0.0,-0.3,-0.4,-0.5,-90.3,269.7,-0.02,-0.02,0.02,24.9,78,0,0,0
2026-08-14T19:19:23,1786709963,13.730322,100.787456,0.1,-0.29,-0.3,-0.5,-90.3,269.7,-0.01,-0.01,0.01,24.9,78,0,0,0
2026-08-14T19:19:24,1786709964,13.730322,100.787456,0.3,-0.29,-0.3,-0.5,-90.3,269.7,-0.01,-0.01,0.01,24.9,78,AUTO.LOITER,0,0
2026-08-14T19:19:25,1786709965,13.730322,100.787456,0.1,-0.28,-0.3,-0.5,-90.3,269.7,-0.01,0.0,0.01,24.9,78,0,0,0
2026-08-14T19:19:26,1786709966,13.730322,100.787456,0.1,-0.26,-0.3,-0.5,-90.3,269.7,-0.01,0.0,0.01,24.9,78,0,0,0
2026-08-14T19:19:27,1786709967,13.730322,100.787456,0.1,-0.26,-0.3,-0.5,-90.3,269.7,-0.01,0.0,0.01,24.9,78,0,0,0
2026-08-14T19:19:28,1786709968,13.730322,100.787456,0.1,-0.26,-0.3,-0.5,-90.3,269.7,-0.01,0.0,0.03,24.9,78,0,0,0
2026-08-14T19:19:29,1786709969,13.730322,100.787456,0.1,-0.27,-0.2,-0.5,-90.3,269.7,0.0,0.0,0.05,24.9,78,0,0,0
2026-08-14T19:19:30,1786709970,13.730322,100.787456,0.1,-0.27,-0.3,-0.5,-90.3,269.7,0.0,0.0,0.05,24.9,78,0,0,0
2026-08-14T19:19:31,1786709971,13.730322,100.787455,0.1,-0.28,-0.2,-0.5,-90.3,269.7,-0.01,-0.01,0.06,24.9,78,0,0,0
2026-08-14T19:19:32,1786709972,13.730322,100.787456,0.2,-0.28,-0.2,-0.5,-90.3,269.7,-0.01,-0.01,0.06,24.9,78,AUTO.LOITER,0,0
2026-08-14T19:19:33,1786709973,13.730322,100.787455,0.0,-0.31,-0.2,-0.5,-90.3,269.7,0.0,-0.01,0.08,24.9,78,0,0,0
2026-08-14T19:19:34,1786709974,13.730322,100.787456,0.0,-0.34,-0.2,-0.5,-90.3,269.7,0.0,-0.01,0.1,24.9,78,0,0,0
2026-08-14T19:19:35,1786709975,13.730322,100.787456,0.0,-0.34,-0.3,-0.5,-90.3,269.7,0.0,-0.01,0.1,24.9,78,0,0,0
2026-08-14T19:19:36,1786709976,13.730322,100.787456,-0.0,-0.35,-0.3,-0.5,-90.3,269.7,-0.01,0.0,0.11,24.9,78,0,0,0
2026-08-14T19:19:37,1786709977,13.730322,100.787456,-0.0,-0.36,-0.3,-0.5,-90.3,269.7,-0.01,-0.01,0.11,24.9,78,AUTO.LOITER,0,0
2026-08-14T19:19:38,1786709978,13.730322,100.787456,-0.0,-0.36,-0.3,-0.5,-90.3,269.7,-0.01,-0.01,0.11,24.9,78,0,0,0
2026-08-14T19:19:39,1786709979,13.730322,100.787456,-0.0,-0.38,-0.2,-0.5,-90.3,269.7,-0.01,-0.02,0.12,24.9,78,0,0,0
2026-08-14T19:19:40,1786709980,13.730323,100.787456,0.3,-0.38,-0.2,-0.5,-90.3,269.7,-0.01,-0.02,0.12,24.9,78,AUTO.LOITER,0,0
2026-08-14T19:19:41,1786709981,13.730323,100.787456,0.3,-0.38,-0.2,-0.5,-90.3,269.7,-0.01,-0.02,0.12,24.9,78,0,0,0
2026-08-14T19:19:42,1786709982,13.730323,100.787456,0.3,-0.38,-0.3,-0.5,-90.3,269.7,-0.01,-0.02,0.12,24.9,78,0,0,0
2026-08-14T19:19:43,1786709983,13.730323,100.787456,0.3,-0.38,-0.2,-0.4,-90.3,269.7,-0.01,-0.02,0.12,24.9,78,0,0,0
2026-08-14T19:19:44,1786709984,13.730322,100.787455,-0.1,-0.45,-0.2,-0.4,-90.3,269.7,-0.02,-0.03,0.14,24.9,78,0,0,0
2026-08-14T19:19:45,1786709985,13.730322,100.787455,-0.1,-0.45,-0.2,-0.3,-90.3,269.7,-0.01,-0.01,0.13,24.9,78,AUTO.LOITER,0,0
2026-08-14T19:19:46,1786709986,13.730322,100.787455,-0.1,-0.45,-0.2,-0.3,-90.3,269.7,-0.01,-0.01,0.13,24.9,78,AUTO.LOITER,0,0
2026-08-14T19:19:47,1786709987,13.730322,100.787456,-0.1,-0.47,-0.2,-0.3,-90.3,269.7,0.0,-0.01,0.13,24.9,78,0,0,0
2026-08-14T19:19:48,1786709988,13.730322,100.787456,0.3,-0.47,-0.2,-0.3,-90.3,269.7,0.0,-0.01,0.13,24.9,78,AUTO.LOITER,0,0
2026-08-14T19:19:49,1786709989,13.730322,100.787456,-0.1,-0.47,-0.2,-0.3,-90.3,269.7,-0.01,0.0,0.14,24.9,78,0,0,0
2026-08-14T19:19:50,1786709990,13.730322,100.787456,-0.1,-0.48,-0.2,-0.2,-90.3,269.7,0.0,0.0,0.14,24.9,78,0,0,0
2026-08-14T19:19:51,1786709991,13.730322,100.787456,-0.1,-0.48,-0.2,-0.2,-90.3,269.7,0.0,0.0,0.14,24.9,78,0,0,0
2026-08-14T19:19:52,1786709992,13.730322,100.787456,-0.1,-0.48,-0.2,-0.2,-90.3,269.7,0.01,0.0,0.14,24.9,78,0,0,0
2026-08-14T19:19:53,1786709993,13.730322,100.787456,0.3,-0.48,-0.2,-0.2,-90.3,269.7,0.01,0.0,0.14,24.9,78,AUTO.LOITER,0,0
2026-08-14T19:19:54,1786709994,13.730322,100.787456,0.3,-0.48,-0.2,-0.2,-90.3,269.7,0.01,0.0,0.14,24.9,78,0,0,0
2026-08-14T19:19:55,1786709995,13.730322,100.787456,0.3,-0.48,-0.2,-0.2,-90.3,269.7,0.01,0.0,0.14,24.9,78,0,0,0
2026-08-14T19:19:56,1786709996,13.730323,100.787456,0.2,-0.48,-0.3,-0.2,-90.3,269.7,0.01,0.0,0.14,24.9,78,AUTO.LOITER,0,0
2026-08-14T19:19:57,1786709997,13.730323,100.787456,0.2,-0.48,-0.3,-0.1,-90.3,269.7,0.01,0.0,0.14,24.9,78,0,0,0
2026-08-14T19:19:58,1786709998,13.730322,100.787456,-0.1,-0.5,-0.3,-0.1,-90.3,269.7,-0.01,0.0,0.14,24.9,78,0,0,0
2026-08-14T19:19:59,1786709999,13.730322,100.787456,0.3,-0.5,-0.3,-0.1,-90.3,269.7,-0.01,0.0,0.14,24.9,78,AUTO.LOITER,0,0
2026-08-14T19:20:00,1786710000,13.730322,100.787456,-0.1,-0.5,-0.3,-0.1,-90.3,269.7,-0.01,0.0,0.14,24.9,78,0,0,0
2026-08-14T19:20:01,1786710001,13.730322,100.787456,-0.1,-0.48,-0.2,-0.1,-90.3,269.7,-0.01,0.02,0.13,24.9,78,0,0,0
2026-08-14T19:20:02,1786710002,13.730322,100.787456,0.3,-0.48,-0.2,-0.1,-90.3,269.7,-0.01,0.02,0.13,24.9,78,AUTO.LOITER,0,0
2026-08-14T19:20:03,1786710003,13.730322,100.787456,0.3,-0.48,-0.2,-0.1,-90.3,269.7,-0.01,0.02,0.13,24.9,78,AUTO.LOITER,0,0
2026-08-14T19:20:04,1786710004,13.730322,100.787456,0.3,-0.48,-0.2,-0.1,-90.3,269.7,-0.01,0.02,0.13,24.9,78,0,0,0
2026-08-14T19:20:05,1786710005,13.730322,100.787456,0.3,-0.48,-0.2,-0.1,-90.3,269.7,-0.01,0.02,0.13,24.9,78,0,0,0
2026-08-14T19:20:06,1786710006,13.730322,100.787456,-0.1,-0.44,-0.2,-0.1,-90.3,269.7,0.0,0.03,0.12,24.9,78,0,0,0
2026-08-14T19:20:07,1786710007,13.730322,100.787456,-0.1,-0.44,-0.2,-0.1,-90.3,269.7,-0.02,0.03,0.12,24.9,78,0,0,0
2026-08-14T19:20:08,1786710008,13.730322,100.787456,-0.1,-0.44,-0.2,-0.1,-90.3,269.7,-0.02,0.03,0.12,24.9,78,0,0,0
2026-08-14T19:20:09,1786710009,13.730322,100.787456,-0.1,-0.47,-0.1,-0.1,-90.3,269.7,-0.03,0.03,0.13,24.9,78,0,0,0
2026-08-14T19:20:10,1786710010,13.730322,100.787456,-0.1,-0.47,-0.1,-0.1,-90.3,269.7,-0.02,0.03,0.12,24.9,78,AUTO.LOITER,0,0
2026-08-14T19:20:11,1786710011,13.730322,100.787456,-0.1,-0.47,-0.1,-0.1,-90.3,269.7,-0.02,0.03,0.12,24.9,78,0,0,0
2026-08-14T19:20:12,1786710012,13.730322,100.787456,-0.1,-0.46,-0.1,-0.2,-90.3,269.7,-0.01,0.02,0.11,24.9,78,0,0,0
2026-08-14T19:20:13,1786710013,13.730323,100.787456,0.4,-0.46,-0.1,-0.2,-90.3,269.7,-0.01,0.02,0.11,24.9,78,AUTO.LOITER,0,0
2026-08-14T19:20:14,1786710014,13.730322,100.787456,-0.1,-0.45,-0.1,-0.2,-90.3,269.7,-0.01,0.02,0.1,24.9,78,0,0,0
2026-08-14T19:20:15,1786710015,13.730322,100.787456,-0.1,-0.42,-0.0,-0.2,-90.3,269.7,-0.01,0.03,0.08,24.9,78,0,0,0
2026-08-14T19:20:16,1786710016,13.730322,100.787456,0.3,-0.42,0.0,-0.2,-90.3,269.7,-0.01,0.03,0.08,24.9,78,AUTO.LOITER,0,0
2026-08-14T19:20:17,1786710017,13.730322,100.787456,-0.0,-0.4,0.0,-0.2,-90.3,269.7,0.0,0.03,0.07,24.9,78,0,0,0
2026-08-14T19:20:18,1786710018,13.730322,100.787456,-0.0,-0.38,0.0,-0.2,-90.3,269.7,-0.01,0.02,0.05,24.9,78,0,0,0
2026-08-14T19:20:19,1786710019,13.730322,100.787456,-0.0,-0.38,0.0,-0.3,-90.3,269.7,-0.01,0.02,0.05,24.9,78,0,0,0
2026-08-14T19:20:20,1786710020,13.730322,100.787456,-0.0,-0.38,0.1,-0.3,-90.3,269.7,-0.01,0.02,0.05,24.9,78,0,0,0
2026-08-14T19:20:21,1786710021,13.730322,100.787456,-0.0,-0.38,0.1,-0.3,-90.3,269.7,0.0,0.02,0.04,24.9,78,AUTO.LOITER,0,0
2026-08-14T19:20:22,1786710022,13.730322,100.787456,-0.0,-0.38,0.1,-0.3,-90.3,269.7,0.0,0.02,0.04,24.9,78,0,0,0
2026-08-14T19:20:23,1786710023,13.730323,100.787456,-0.0,-0.37,0.1,-0.3,-90.3,269.7,0.02,0.02,0.04,24.9,78,0,0,0
2026-08-14T19:20:24,1786710024,13.730323,100.787456,-0.0,-0.37,0.1,-0.4,-90.3,269.7,0.02,0.02,0.04,24.9,78,0,0,0
2026-08-14T19:20:25,1786710025,13.730323,100.787456,-0.0,-0.36,0.1,-0.4,-90.3,269.7,0.02,0.01,0.04,24.9,78,AUTO.LOITER,0,0
2026-08-14T19:20:26,1786710026,13.730322,100.787455,0.3,-0.36,0.1,-0.4,-90.3,269.7,0.02,0.01,0.04,24.9,78,0,0,0
2026-08-14T19:20:27,1786710027,13.730322,100.787455,0.3,-0.36,0.1,-0.4,-90.3,269.7,0.02,0.01,0.04,24.9,78,0,0,0
2026-08-14T19:20:28,1786710028,13.730323,100.787455,0.0,-0.34,0.1,-0.4,-90.3,269.7,0.01,0.0,0.04,24.9,78,AUTO.LOITER,0,0
2026-08-14T19:20:29,1786710029,13.730322,100.787456,0.3,-0.34,0.0,-0.4,-90.3,269.7,0.01,0.0,0.04,24.9,78,AUTO.LOITER,0,0
2026-08-14T19:20:30,1786710030,13.730322,100.787455,0.0,-0.34,0.0,-0.4,-90.3,269.7,0.0,-0.01,0.05,24.9,78,0,0,0
2026-08-14T19:20:31,1786710031,13.730322,100.787455,0.0,-0.33,0.0,-0.4,-90.3,269.7,0.0,0.0,0.06,24.9,78,0,0,0
2026-08-14T19:20:32,1786710032,13.730322,100.787456,0.3,-0.33,0.0,-0.4,-90.3,269.7,0.0,0.0,0.06,24.9,78,AUTO.LOITER,0,0
2026-08-14T19:20:33,1786710033,13.730322,100.787455,0.0,-0.34,0.0,-0.4,-90.3,269.7,0.0,0.0,0.07,24.9,78,0,0,0
2026-08-14T19:20:34,1786710034,13.730322,100.787455,-0.0,-0.35,0.0,-0.4,-90.3,269.7,0.0,0.0,0.09,24.9,78,0,0,0
2026-08-14T19:20:35,1786710035,13.730322,100.787455,-0.0,-0.35,0.0,-0.3,-90.3,269.7,0.0,0.0,0.09,24.9,78,0,0,0
2026-08-14T19:20:36,1786710036,13.730322,100.787455,-0.0,-0.35,0.0,-0.3,-90.3,269.7,0.0,0.0,0.09,24.9,78,0,0,0
2026-08-14T19:20:37,1786710037,13.730322,100.787455,0.3,-0.35,0.0,-0.4,-90.3,269.7,0.0,0.0,0.09,24.9,78,AUTO.LOITER,0,0
2026-08-14T19:20:38,1786710038,13.730322,100.787455,-0.0,-0.39,0.0,-0.4,-90.3,269.7,0.01,0.0,0.1,24.9,78,0,0,0
2026-08-14T19:20:39,1786710039,13.730322,100.787456,-0.1,-0.4,0.0,-0.4,-90.3,269.7,0.01,0.01,0.1,24.9,78,0,0,0
2026-08-14T19:20:40,1786710040,13.730322,100.787456,-0.1,-0.4,0.0,-0.4,-90.3,269.7,0.01,0.01,0.1,24.9,78,0,0,0
2026-08-14T19:20:41,1786710041,13.730323,100.787456,-0.1,-0.41,0.0,-0.4,-90.3,269.7,0.01,0.01,0.1,24.9,78,0,0,0
2026-08-14T19:20:42,1786710042,13.730323,100.787456,-0.1,-0.41,0.0,-0.4,-90.3,269.7,0.01,0.01,0.1,24.9,78,0,0,0
2026-08-14T19:20:43,1786710043,13.730322,100.787455,0.3,-0.41,0.0,-0.4,-90.3,269.7,0.01,0.01,0.1,24.9,78,AUTO.LOITER,0,0
2026-08-14T19:20:44,1786710044,13.730322,100.787455,0.3,-0.41,0.0,-0.4,-90.3,269.7,0.01,0.01,0.1,24.9,78,0,0,0
2026-08-14T19:20:45,1786710045,13.730322,100.787455,0.3,-0.41,0.0,-0.4,-90.3,269.7,0.01,0.01,0.1,24.9,78,0,0,0
2026-08-14T19:20:46,1786710046,13.730322,100.787455,0.3,-0.41,-0.0,-0.4,-90.3,269.7,0.01,0.01,0.1,24.9,78,0,0,0
2026-08-14T19:20:47,1786710047,13.730322,100.787455,-0.1,-0.45,-0.0,-0.4,-90.3,269.7,0.0,0.0,0.12,24.9,78,0,0,0
2026-08-14T19:20:48,1786710048,13.730322,100.787455,-0.1,-0.45,-0.0,-0.4,-90.3,269.7,0.0,0.0,0.12,24.9,78,0,0,0
2026-08-14T19:20:49,1786710049,13.730322,100.787455,-0.1,-0.45,-0.0,-0.5,-90.3,269.7,-0.01,0.0,0.11,24.9,78,0,0,0
2026-08-14T19:20:50,1786710050,13.730322,100.787455,-0.1,-0.45,-0.0,-0.4,-90.3,269.7,-0.01,0.0,0.11,24.9,78,0,0,0
2026-08-14T19:20:51,1786710051,13.730322,100.787456,-0.1,-0.44,-0.0,-0.4,-90.3,269.7,0.0,0.0,0.11,24.9,78,0,0,0
2026-08-14T19:20:52,1786710052,13.730322,100.787456,-0.1,-0.44,-0.0,-0.4,-90.3,269.7,0.0,0.0,0.11,24.9,78,0,0,0
2026-08-14T19:20:53,1786710053,13.730323,100.787456,0.3,-0.44,-0.0,-0.4,-90.3,269.7,0.0,0.0,0.11,24.9,78,0,0,0
2026-08-14T19:20:54,1786710054,13.730323,100.787456,0.3,-0.44,-0.0,-0.4,-90.3,269.7,0.0,0.0,0.11,24.9,78,0,0,0
2026-08-14T19:20:55,1786710055,13.730322,100.787456,-0.1,-0.43,-0.0,-0.4,-90.3,269.7,0.0,0.02,0.1,24.9,78,0,0,0
2026-08-14T19:20:56,1786710056,13.730322,100.787456,-0.1,-0.43,-0.0,-0.4,-90.3,269.7,0.0,0.02,0.1,24.9,78,0,0,0
2026-08-14T19:20:57,1786710057,13.730322,100.787456,-0.1,-0.42,-0.0,-0.4,-90.3,269.7,0.0,0.02,0.08,24.9,78,0,0,0
2026-08-14T19:20:58,1786710058,13.730322,100.787456,-0.1,-0.42,-0.0,-0.4,-90.3,269.7,0.0,0.02,0.08,24.9,78,0,0,0
2026-08-14T19:20:59,1786710059,13.730322,100.787456,-0.1,-0.42,-0.0,-0.5,-90.3,269.7,-0.01,0.0,0.07,24.9,78,0,0,0
2026-08-14T19:21:00,1786710060,13.730322,100.787456,-0.1,-0.42,-0.0,-0.5,-90.3,269.7,-0.01,0.0,0.07,24.9,78,0,0,0
2026-08-14T19:21:01,1786710061,13.730322,100.787456,-0.0,-0.38,-0.0,-0.4,-90.3,269.7,-0.01,0.01,0.05,24.9,78,0,0,0
2026-08-14T19:21:02,1786710062,13.730322,100.787456,-0.0,-0.38,-0.0,-0.4,-90.3,269.7,-0.01,0.01,0.05,24.9,78,0,0,0
2026-08-14T19:21:03,1786710063,13.730322,100.787456,-0.0,-0.35,-0.0,-0.4,-90.3,269.7,0.0,0.01,0.04,24.9,78,0,0,0
2026-08-14T19:21:04,1786710064,13.730322,100.787456,-0.0,-0.35,-0.0,-0.4,-90.3,269.7,0.0,0.01,0.04,24.9,78,0,0,0
2026-08-14T19:21:05,1786710065,13.730322,100.787456,0.0,-0.34,0.0,-0.5,-90.3,269.7,0.0,0.0,0.04,24.9,78,0,0,0
2026-08-14T19:21:06,1786710066,13.730322,100.787456,0.0,-0.34,0.0,-0.5,-90.3,269.7,0.0,0.0,0.04,24.9,78,0,0,0
2026-08-14T19:21:07,1786710067,13.730322,100.787456,0.0,-0.32,0.0,-0.4,-90.3,269.7,0.0,0.01,0.04,24.9,78,0,0,0
2026-08-14T19:21:08,1786710068,13.730322,100.787456,0.0,-0.32,0.0,-0.4,-90.3,269.7,0.0,0.01,0.04,24.9,78,0,0,0
2026-08-14T19:21:09,1786710069,13.730322,100.787456,0.0,-0.31,0.0,-0.4,-90.3,269.7,0.0,0.01,0.04,24.9,78,0,0,0
2026-08-14T19:21:10,1786710070,13.730322,100.787456,0.0,-0.31,0.0,-0.4,-90.3,269.7,0.0,0.01,0.04,24.9,78,0,0,0
2026-08-14T19:21:11,1786710071,13.730322,100.787456,0.0,-0.3,0.0,-0.4,-90.3,269.7,-0.01,0.01,0.03,24.9,78,0,0,0
2026-08-14T19:21:12,1786710072,13.730322,100.787456,0.0,-0.3,0.0,-0.4,-90.3,269.7,-0.01,0.01,0.03,24.9,78,0,0,0
2026-08-14T19:21:13,1786710073,13.730322,100.787456,0.1,-0.28,-0.0,-0.4,-90.3,269.7,-0.02,0.0,0.01,24.9,78,0,0,0
2026-08-14T19:21:14,1786710074,13.730322,100.787456,0.1,-0.28,0.0,-0.5,-90.3,269.7,-0.02,0.0,0.01,24.9,78,0,0,0
2026-08-14T19:21:15,1786710075,13.730322,100.787456,0.1,-0.27,0.0,-0.5,-90.3,269.7,-0.01,0.0,0.0,24.9,78,0,0,0
2026-08-14T19:21:16,1786710076,13.730322,100.787456,0.1,-0.27,0.0,-0.5,-90.3,269.7,-0.01,0.0,0.0,24.9,78,0,0,0
2026-08-14T19:21:17,1786710077,13.730322,100.787456,0.1,-0.24,0.0,-0.4,-90.3,269.7,-0.01,0.0,-0.01,24.9,78,0,0,0
2026-08-14T19:21:18,1786710078,13.730322,100.787456,0.1,-0.24,0.0,-0.4,-90.3,269.7,-0.01,0.0,-0.01,24.9,78,0,0,0
2026-08-14T19:21:19,1786710079,13.730322,100.787456,0.1,-0.23,0.0,-0.4,-90.3,269.7,0.0,0.01,-0.01,24.9,78,0,0,0
2026-08-14T19:21:20,1786710080,13.730322,100.787456,0.1,-0.23,0.0,-0.4,-90.3,269.7,0.0,0.01,-0.01,24.9,78,0,0,0
2026-08-14T19:21:21,1786710081,13.730322,100.787456,0.1,-0.22,0.0,-0.4,-90.3,269.7,0.01,0.0,-0.01,24.9,78,0,0,0
2026-08-14T19:21:22,1786710082,13.730322,100.787456,0.1,-0.22,-0.0,-0.4,-90.3,269.7,0.01,0.0,-0.01,24.9,78,0,0,0
2026-08-14T19:21:23,1786710083,13.730322,100.787456,0.1,-0.2,-0.0,-0.4,-90.3,269.7,0.0,0.0,-0.02,24.9,78,0,0,0
2026-08-14T19:21:24,1786710084,13.730322,100.787456,0.1,-0.2,-0.0,-0.4,-90.3,269.7,0.0,0.0,-0.02,24.9,78,0,0,0
2026-08-14T19:21:25,1786710085,13.730322,100.787456,0.2,-0.19,-0.1,-0.4,-90.3,269.7,0.0,0.0,-0.03,24.9,78,AUTO.LOITER,0,0
2026-08-14T19:21:26,1786710086,13.730322,100.787456,0.2,-0.19,-0.1,-0.4,-90.3,269.7,0.0,0.0,-0.03,24.9,78,0,0,0
2026-08-14T19:21:27,1786710087,13.730322,100.787456,0.2,-0.17,-0.1,-0.4,-90.3,269.7,0.0,0.0,-0.03,24.9,78,AUTO.LOITER,0,0
2026-08-14T19:21:28,1786710088,13.730322,100.787456,0.2,-0.17,-0.1,-0.4,-90.3,269.7,0.0,0.0,-0.03,24.9,78,0,0,0
2026-08-14T19:21:29,1786710089,13.730323,100.787456,0.3,-0.17,-0.1,-0.4,-90.3,269.7,0.0,0.0,-0.03,24.9,78,AUTO.LOITER,0,0
2026-08-14T19:21:30,1786710090,13.730322,100.787456,0.2,-0.15,-0.1,-0.4,-90.3,269.7,0.0,0.0,-0.05,24.9,78,0,0,0
2026-08-14T19:21:31,1786710091,13.730322,100.787456,0.2,-0.15,-0.1,-0.4,-90.3,269.7,0.0,0.0,-0.05,24.9,78,0,0,0
2026-08-14T19:21:32,1786710092,13.730322,100.787456,0.2,-0.15,-0.1,-0.4,-90.3,269.7,0.0,0.0,-0.05,24.9,78,0,0,0
2026-08-14T19:21:33,1786710093,13.730322,100.787456,0.2,-0.15,-0.1,-0.4,-90.3,269.7,0.0,0.0,-0.05,24.9,78,0,0,0
