iso,unix,lat,lon,alt_msl,rel_alt,roll,pitch,yaw,heading,vx,vy,vz,vbatt,batt_pct,mode,armed,in_air
2026-08-26T16:22:06,1787736127,13.822752,100.511642,8.3,0.06,-2.3,-2.1,142.1,142.1,0.0,-0.02,0.0,24.48,77,POSCTL,0,0
2026-08-26T16:22:07,1787736128,13.822752,100.511642,8.3,0.06,-2.3,-2.1,142.1,142.1,0.0,-0.02,0.0,24.49,77,POSCTL,0,0
2026-08-26T16:22:08,1787736129,13.822753,100.511639,8.2,-0.01,-2.4,-2.1,142.1,142.1,0.0,-0.02,0.0,24.49,77,POSCTL,0,0
2026-08-26T16:22:09,1787736130,13.822753,100.511639,8.2,-0.01,-2.4,-2.1,142.1,142.1,0.0,-0.02,0.0,24.48,77,POSCTL,0,0
2026-08-26T16:22:10,1787736131,13.822754,100.511638,8.2,-0.01,-2.4,-2.1,142.0,142.0,0.0,-0.01,0.0,24.48,77,POSCTL,0,0
2026-08-26T16:22:11,1787736132,13.822754,100.511638,8.2,-0.01,-2.4,-2.1,142.0,142.0,0.0,-0.01,0.0,24.48,77,POSCTL,0,0
2026-08-26T16:22:12,1787736133,13.822754,100.511638,8.2,-0.01,-2.4,-2.1,142.0,142.0,0.0,-0.01,0.0,24.48,77,POSCTL,0,0
2026-08-26T16:22:13,1787736134,13.822754,100.511638,8.2,-0.01,-2.4,-2.1,142.0,142.0,0.0,-0.01,0.0,24.48,77,POSCTL,0,0
2026-08-26T16:22:14,1787736135,13.822754,100.511638,8.2,-0.01,-2.4,-2.1,142.0,142.0,0.0,-0.01,0.0,24.48,77,POSCTL,0,0
2026-08-26T16:22:15,1787736136,13.822754,100.511638,8.2,-0.01,-2.4,-2.1,142.0,142.0,0.0,-0.01,0.0,24.48,77,POSCTL,0,0
2026-08-26T16:22:16,1787736137,13.822754,100.511638,8.2,-0.01,-2.4,-2.1,142.0,142.0,0.0,-0.01,0.0,24.48,77,POSCTL,0,0
2026-08-26T16:22:19,1787736140,13.822753,100.511634,8.2,-0.01,-2.4,-2.1,142.0,142.0,-0.02,0.02,0.0,24.49,77,POSCTL,0,0
2026-08-26T16:22:20,1787736141,13.82275,100.511636,8.2,0.0,-2.4,-2.1,142.0,142.0,-0.04,0.05,0.0,24.49,77,POSCTL,0,0
2026-08-26T16:22:21,1787736142,13.82275,100.511636,8.2,0.0,-2.4,-2.1,142.0,142.0,-0.04,0.05,0.0,24.49,77,POSCTL,0,0
2026-08-26T16:22:22,1787736143,13.822751,100.511638,8.3,0.02,-2.4,-2.0,141.9,141.9,-0.01,0.04,0.0,24.49,77,POSCTL,0,0
2026-08-26T16:22:23,1787736144,13.822751,100.511638,8.3,0.02,-2.4,-2.0,141.9,141.9,-0.01,0.04,0.0,24.49,77,POSCTL,0,0
2026-08-26T16:22:24,1787736145,13.822751,100.511638,8.3,0.02,-2.4,-2.0,141.9,141.9,-0.01,0.04,0.0,24.49,77,POSCTL,0,0
2026-08-26T16:22:25,1787736146,13.822751,100.511638,8.3,0.02,-2.4,-2.0,141.9,141.9,-0.01,0.04,0.0,24.49,77,POSCTL,0,0
2026-08-26T16:22:26,1787736147,13.822751,100.511638,8.3,0.02,-2.3,-2.0,141.8,141.8,-0.01,0.04,0.0,24.49,77,POSCTL,0,0
2026-08-26T16:22:27,1787736148,13.822751,100.511638,8.3,0.02,-2.3,-2.0,141.7,141.7,-0.01,0.04,0.0,24.49,77,POSCTL,0,0
2026-08-26T16:22:28,1787736149,13.822751,100.511638,8.3,0.02,-2.3,-2.0,141.7,141.7,-0.01,0.04,0.0,24.49,77,POSCTL,0,0
2026-08-26T16:22:29,1787736150,13.822752,100.511641,8.3,0.06,-2.3,-2.0,141.7,141.7,0.0,0.0,0.0,24.49,77,POSCTL,0,0
2026-08-26T16:22:30,1787736151,13.822752,100.511641,8.3,0.06,-2.3,-2.0,141.7,141.7,0.0,0.0,0.0,24.49,77,POSCTL,0,0
2026-08-26T16:22:31,1787736152,13.822751,100.51164,8.3,0.07,-2.3,-2.0,141.7,141.7,0.0,0.0,0.0,24.49,77,POSCTL,0,0
2026-08-26T16:22:32,1787736153,13.822751,100.51164,8.3,0.07,-2.3,-2.1,141.7,141.7,0.0,0.0,0.0,24.49,77,POSCTL,0,0
2026-08-26T16:22:33,1787736154,13.822755,100.511675,8.3,0.1,-2.3,-2.1,141.7,141.7,0.0,0.09,0.0,24.49,77,POSCTL,0,0
2026-08-26T16:22:34,1787736155,13.822755,100.511675,8.3,0.1,-2.3,-2.1,141.7,141.7,0.0,0.09,0.0,24.49,77,POSCTL,0,0
2026-08-26T16:22:35,1787736156,13.822757,100.511695,8.3,0.1,-2.3,-2.1,141.7,141.7,0.0,0.09,0.0,24.49,77,POSCTL,0,0
2026-08-26T16:22:36,1787736157,13.822757,100.511695,8.3,0.1,-2.1,-1.9,142.0,142.0,0.0,0.09,0.0,24.49,77,POSCTL,0,0
2026-08-26T16:22:37,1787736158,13.822757,100.511695,8.3,0.1,-2.1,-1.9,142.0,142.0,0.0,0.09,0.0,24.49,77,POSCTL,0,0
2026-08-26T16:22:38,1787736159,13.822757,100.511695,8.3,0.1,-2.1,-1.9,141.9,141.9,0.0,0.09,0.0,24.49,77,POSCTL,0,0
2026-08-26T16:22:39,1787736160,13.822757,100.511695,8.3,0.1,-2.0,-1.8,141.8,141.8,0.0,0.09,0.0,24.49,77,POSCTL,0,0
2026-08-26T16:22:40,1787736161,13.822758,100.511708,8.4,0.0,-1.8,-1.7,141.6,141.6,0.01,0.27,0.0,24.49,77,POSCTL,0,0
2026-08-26T16:22:41,1787736162,13.822763,100.511778,8.4,0.0,-1.8,-1.7,141.6,141.6,0.01,0.27,0.0,24.49,77,POSCTL,0,0
2026-08-26T16:22:42,1787736163,13.82276,100.511734,8.4,0.0,-1.8,-1.7,141.5,141.5,0.0,0.23,0.0,24.49,77,POSCTL,0,0
2026-08-26T16:22:43,1787736164,13.82276,100.511734,8.4,0.0,-1.7,-1.6,141.6,141.6,0.0,0.23,0.0,24.49,77,POSCTL,0,0
2026-08-26T16:22:44,1787736165,13.82276,100.511734,8.4,0.0,-1.7,-1.6,141.6,141.6,0.0,0.23,0.0,24.49,77,POSCTL,0,0
2026-08-26T16:22:45,1787736166,13.82276,100.511734,8.4,0.0,-1.7,-1.6,141.6,141.6,0.0,0.23,0.0,24.49,77,0,0,0
2026-08-26T16:22:46,1787736167,13.82276,100.511734,8.4,0.0,-1.7,-1.6,141.6,141.6,0.0,0.23,0.0,24.49,77,0,0,0
2026-08-26T16:22:47,1787736168,13.822764,100.511765,8.4,-0.02,-1.6,-1.6,141.7,141.7,0.0,-0.2,0.0,24.49,77,POSCTL,0,0
2026-08-26T16:22:48,1787736169,13.822764,100.511765,8.4,-0.02,-1.7,-1.6,141.7,141.7,0.0,-0.2,0.0,24.49,77,0,0,0
2026-08-26T16:22:49,1787736170,13.822764,100.511765,8.4,-0.02,-1.7,-1.6,141.7,141.7,0.0,-0.2,0.0,24.49,77,0,0,0
2026-08-26T16:22:50,1787736171,13.822764,100.511763,8.4,-0.04,-1.9,-1.8,141.8,141.8,0.0,-0.22,0.0,24.49,77,POSCTL,0,0
2026-08-26T16:22:51,1787736172,13.822764,100.511763,8.4,-0.04,-1.9,-1.8,141.8,141.8,0.0,-0.22,0.0,24.49,77,0,0,0
2026-08-26T16:22:52,1787736173,13.822765,100.511758,8.3,-0.07,-2.2,-2.0,141.9,141.9,0.01,-0.15,0.0,24.49,77,0,0,0
2026-08-26T16:22:53,1787736174,13.822765,100.511758,8.3,-0.07,-2.2,-2.0,141.9,141.9,0.01,-0.15,0.0,24.49,77,0,0,0
2026-08-26T16:22:54,1787736175,13.822765,100.511758,8.3,-0.07,-2.2,-2.0,141.9,141.9,0.01,-0.15,0.0,24.49,77,0,0,0
2026-08-26T16:22:57,1787736178,13.822765,100.511758,8.3,-0.07,-2.2,-2.0,141.9,141.9,0.01,-0.15,0.0,24.49,77,POSCTL,0,0
2026-08-26T16:22:58,1787736179,13.822765,100.511758,8.3,-0.07,-2.2,-2.0,141.9,141.9,0.01,-0.15,0.0,24.49,77,POSCTL,0,0
2026-08-26T16:22:59,1787736180,13.822765,100.511758,8.3,-0.07,-2.2,-2.0,141.9,141.9,0.01,-0.15,0.0,24.49,77,POSCTL,0,0
2026-08-26T16:23:00,1787736181,13.822774,100.511717,8.2,0.0,-2.5,-2.3,142.4,142.4,0.02,-0.06,0.0,24.49,77,0,0,0
2026-08-26T16:23:01,1787736182,13.822774,100.511717,8.2,0.0,-2.5,-2.3,142.4,142.4,0.02,-0.06,0.0,24.49,77,0,0,0
2026-08-26T16:23:02,1787736183,13.822774,100.511717,8.2,0.0,-2.5,-2.3,142.4,142.4,0.02,-0.06,0.0,24.49,77,0,0,0
2026-08-26T16:23:03,1787736184,13.822774,100.511717,8.2,0.0,-2.5,-2.3,142.4,142.4,0.02,-0.06,0.0,24.49,77,0,0,0
2026-08-26T16:23:04,1787736185,13.822772,100.511702,8.2,-0.03,-2.6,-2.3,142.4,142.4,0.0,-0.05,0.0,24.49,77,0,0,0
2026-08-26T16:23:05,1787736186,13.822772,100.511702,8.2,-0.03,-2.6,-2.3,142.4,142.4,0.0,-0.05,0.0,24.49,77,0,0,0
2026-08-26T16:23:06,1787736187,13.822772,100.511702,8.2,-0.03,-2.6,-2.3,142.4,142.4,0.0,-0.05,0.0,24.49,77,POSCTL,0,0
2026-08-26T16:23:07,1787736188,13.822772,100.511702,8.2,-0.03,-2.6,-2.3,142.4,142.4,0.0,-0.05,0.0,24.49,77,POSCTL,0,0
2026-08-26T16:23:08,1787736189,13.822772,100.511702,8.2,-0.03,-2.6,-2.3,142.4,142.4,0.0,-0.05,0.0,24.49,77,0,0,0
2026-08-26T16:23:09,1787736190,13.822772,100.511691,8.1,-0.02,-2.6,-2.3,142.4,142.4,-0.01,0.0,0.0,24.49,77,0,0,0
2026-08-26T16:23:10,1787736191,13.822772,100.511691,8.1,-0.02,-2.6,-2.3,142.4,142.4,-0.01,0.0,0.0,24.49,77,0,0,0
2026-08-26T16:23:11,1787736192,13.822772,100.511691,8.1,-0.02,-2.6,-2.3,142.5,142.5,-0.01,0.0,0.0,24.49,77,POSCTL,0,0
2026-08-26T16:23:12,1787736193,13.822772,100.511683,8.1,-0.02,-2.6,-2.3,142.5,142.5,0.0,0.0,0.0,24.49,77,POSCTL,0,0
2026-08-26T16:23:13,1787736194,13.822772,100.511689,8.0,0.0,-2.5,-2.2,142.5,142.5,0.0,-0.04,0.0,24.49,77,POSCTL,0,0
2026-08-26T16:23:14,1787736195,13.822772,100.511681,8.0,0.0,-2.5,-2.2,142.5,142.5,0.0,-0.04,0.0,24.49,77,0,0,0
2026-08-26T16:23:15,1787736196,13.822772,100.511681,8.0,0.0,-2.5,-2.2,142.5,142.5,0.0,-0.04,0.0,24.49,77,0,0,0
2026-08-26T16:23:16,1787736197,13.822772,100.511684,8.0,-0.01,-2.5,-2.2,142.5,142.5,0.0,-0.01,0.0,24.49,77,POSCTL,0,0
2026-08-26T16:23:17,1787736198,13.822772,100.511684,8.0,-0.01,-2.5,-2.2,142.5,142.5,0.0,-0.01,0.0,24.49,77,0,0,0
2026-08-26T16:23:18,1787736199,13.822772,100.511684,8.0,-0.01,-2.5,-2.2,142.5,142.5,0.0,-0.01,0.0,24.49,77,0,0,0
2026-08-26T16:23:19,1787736200,13.822772,100.511684,8.0,-0.01,-2.5,-2.2,142.5,142.5,0.0,-0.01,0.0,24.49,77,0,0,0
2026-08-26T16:23:20,1787736201,13.822772,100.511684,8.0,-0.01,-2.5,-2.2,142.5,142.5,0.0,-0.01,0.0,24.49,77,POSCTL,0,0
2026-08-26T16:23:21,1787736202,13.822772,100.511684,8.0,-0.01,-2.5,-2.2,142.5,142.5,0.0,-0.01,0.0,24.49,77,POSCTL,0,0
2026-08-26T16:23:22,1787736203,13.822772,100.511684,8.0,-0.01,-2.5,-2.2,142.5,142.5,0.0,-0.01,0.0,24.49,77,0,0,0
2026-08-26T16:23:23,1787736204,13.82277,100.511667,8.0,-0.02,-2.5,-2.2,142.5,142.5,0.0,-0.04,0.0,24.49,77,0,0,0
2026-08-26T16:23:24,1787736205,13.82277,100.511669,8.0,-0.0,-2.5,-2.2,142.5,142.5,0.0,0.0,0.0,24.49,77,0,0,0
2026-08-26T16:23:25,1787736206,13.82277,100.511666,8.0,-0.0,-2.5,-2.2,142.5,142.5,0.0,0.0,0.0,24.49,77,0,0,0
2026-08-26T16:23:26,1787736207,13.82277,100.511666,8.0,-0.0,-2.5,-2.2,142.5,142.5,0.0,0.0,0.0,24.49,77,0,0,0
2026-08-26T16:23:27,1787736208,13.82277,100.511666,8.0,-0.0,-2.5,-2.2,142.5,142.5,0.0,0.0,0.0,24.49,77,0,0,0
2026-08-26T16:23:28,1787736209,13.82277,100.511666,8.0,-0.0,-2.5,-2.2,142.5,142.5,0.0,0.0,0.0,24.49,77,0,0,0
2026-08-26T16:23:29,1787736210,13.82277,100.511666,8.0,-0.0,-2.5,-2.2,142.5,142.5,0.0,0.0,0.0,24.49,77,0,0,0
2026-08-26T16:23:30,1787736211,13.82277,100.511666,8.0,-0.0,-2.5,-2.2,142.5,142.5,0.0,0.0,0.0,24.49,77,POSCTL,0,0
2026-08-26T16:23:31,1787736212,13.822769,100.511667,8.0,-0.02,-2.4,-2.1,142.5,142.5,0.0,0.04,0.0,24.49,77,0,0,0
2026-08-26T16:23:32,1787736213,13.82277,100.511666,8.0,-0.02,-2.4,-2.1,142.6,142.6,0.0,0.04,0.0,24.49,77,0,0,0
2026-08-26T16:23:33,1787736214,13.82277,100.511666,8.0,-0.02,-2.4,-2.1,142.6,142.6,0.0,0.04,0.0,24.49,77,0,0,0
2026-08-26T16:23:34,1787736215,13.82277,100.511666,8.0,-0.02,-2.3,-2.0,142.6,142.6,0.0,0.0,0.0,24.49,77,POSCTL,0,0
2026-08-26T16:23:35,1787736216,13.822769,100.511666,8.0,-0.02,-2.3,-2.0,142.6,142.6,0.0,0.0,0.0,24.49,77,0,0,0
2026-08-26T16:23:36,1787736217,13.822769,100.511666,8.0,-0.02,-2.3,-2.0,142.6,142.6,0.0,0.01,0.0,24.49,77,0,0,0
2026-08-26T16:23:37,1787736218,13.822769,100.511666,8.0,-0.02,-2.3,-2.0,142.6,142.6,0.0,0.01,0.0,24.49,77,0,0,0
2026-08-26T16:23:38,1787736219,13.822769,100.511666,8.0,-0.02,-2.3,-2.0,142.6,142.6,0.0,0.01,0.0,24.49,77,0,0,0
2026-08-26T16:23:39,1787736220,13.822769,100.511666,8.0,-0.02,-2.3,-2.0,142.6,142.6,0.0,0.01,0.0,24.49,77,0,0,0
2026-08-26T16:23:40,1787736221,13.822769,100.511666,8.0,-0.02,-2.3,-2.0,142.6,142.6,0.0,0.01,0.0,24.49,77,0,0,0
2026-08-26T16:23:41,1787736222,13.822769,100.511666,8.0,-0.02,-2.3,-2.0,142.6,142.6,0.0,0.01,0.0,24.49,77,0,0,0
2026-08-26T16:23:42,1787736223,13.82277,100.511658,8.0,-0.02,-2.3,-2.0,142.6,142.6,0.0,0.01,0.0,24.49,77,0,0,0
2026-08-26T16:23:43,1787736224,13.822769,100.511661,8.0,0.0,-2.3,-2.1,142.7,142.7,0.0,-0.05,0.0,24.49,77,0,0,0
2026-08-26T16:23:44,1787736225,13.82277,100.511657,8.0,0.0,-2.3,-2.1,142.7,142.7,0.0,-0.05,0.0,24.49,77,POSCTL,0,0
2026-08-26T16:23:45,1787736226,13.82277,100.511659,8.0,-0.0,-2.4,-2.1,142.7,142.7,0.0,-0.02,0.0,24.49,77,0,0,0
2026-08-26T16:23:46,1787736227,13.822771,100.511656,8.0,-0.0,-2.4,-2.1,142.7,142.7,0.0,-0.02,0.0,24.49,77,0,0,0
2026-08-26T16:23:47,1787736228,13.82277,100.511658,8.0,-0.01,-2.4,-2.1,142.7,142.7,0.01,0.0,0.0,24.49,77,0,0,0
2026-08-26T16:23:48,1787736229,13.82277,100.511658,8.0,-0.01,-2.4,-2.1,142.7,142.7,0.01,0.0,0.0,24.49,77,0,0,0
2026-08-26T16:23:49,1787736230,13.82277,100.511658,8.0,-0.01,-2.4,-2.1,142.7,142.7,0.01,0.0,0.0,24.49,77,POSCTL,0,0
2026-08-26T16:23:50,1787736231,13.822771,100.511655,8.0,-0.01,-2.4,-2.1,142.7,142.7,0.02,0.0,0.0,24.49,77,0,0,0
2026-08-26T16:23:51,1787736232,13.822771,100.511655,8.0,-0.01,-2.4,-2.1,142.7,142.7,0.02,0.0,0.0,24.49,77,0,0,0
2026-08-26T16:23:52,1787736233,13.822771,100.511656,8.0,-0.0,-2.4,-2.1,142.7,142.7,0.0,0.01,0.0,24.49,77,0,0,0
2026-08-26T16:23:53,1787736234,13.822769,100.511655,8.0,-0.0,-2.4,-2.1,142.7,142.7,0.0,0.01,0.0,24.49,77,0,0,0
2026-08-26T16:23:54,1787736235,13.82277,100.511655,8.0,-0.01,-2.4,-2.1,142.7,142.7,0.0,0.0,0.0,24.49,77,0,0,0
2026-08-26T16:23:55,1787736236,13.822769,100.511654,8.0,-0.01,-2.4,-2.1,142.7,142.7,0.0,0.0,0.0,24.49,77,0,0,0
2026-08-26T16:23:56,1787736237,13.822769,100.511654,8.0,-0.01,-2.3,-2.1,142.7,142.7,0.0,0.0,0.0,24.49,77,0,0,0
2026-08-26T16:23:57,1787736238,13.822769,100.511654,8.0,-0.01,-2.3,-2.1,142.7,142.7,0.0,0.0,0.0,24.49,77,0,0,0
2026-08-26T16:23:58,1787736239,13.822769,100.511654,8.0,-0.01,-2.3,-2.1,142.7,142.7,0.0,0.0,0.0,24.49,77,0,0,0
2026-08-26T16:24:04,1787736245,13.822767,100.511652,8.0,-0.01,-2.3,-2.0,142.8,142.8,0.0,0.0,0.0,24.49,77,0,0,0
2026-08-26T16:24:05,1787736246,13.822766,100.511651,7.9,0.0,-2.3,-2.0,142.8,142.8,0.0,-0.02,0.0,24.49,77,POSCTL,0,0
2026-08-26T16:24:06,1787736247,13.822766,100.511651,7.9,0.0,-2.3,-2.0,142.8,142.8,0.0,-0.02,0.0,24.49,77,0,0,0
2026-08-26T16:24:07,1787736248,13.822766,100.511651,7.9,0.0,-2.3,-2.0,142.8,142.8,0.0,-0.02,0.0,24.49,77,0,0,0
2026-08-26T16:24:08,1787736249,13.822766,100.511651,7.9,0.0,-2.4,-2.1,142.8,142.8,0.0,0.0,0.0,24.49,77,0,0,0
2026-08-26T16:24:09,1787736250,13.822766,100.511651,7.9,0.0,-2.4,-2.1,142.8,142.8,0.0,0.0,0.0,24.49,77,0,0,0
2026-08-26T16:24:10,1787736251,13.822766,100.511651,7.9,0.0,-2.4,-2.1,142.8,142.8,0.0,0.0,0.0,24.49,77,0,0,0
2026-08-26T16:24:11,1787736252,13.822766,100.511651,7.9,0.0,-2.4,-2.1,142.8,142.8,0.0,0.0,0.0,24.49,77,0,0,0
2026-08-26T16:24:12,1787736253,13.822766,100.511651,7.9,0.0,-2.4,-2.1,142.9,142.9,0.0,0.0,0.0,24.49,77,0,0,0
2026-08-26T16:24:13,1787736254,13.822762,100.511647,7.9,0.0,-2.4,-2.1,142.9,142.9,0.0,-0.03,0.0,24.46,77,0,0,0
2026-08-26T16:24:14,1787736255,13.822762,100.511647,7.9,0.0,-2.3,-2.0,142.9,142.9,0.0,-0.03,0.0,24.46,77,0,0,0
2026-08-26T16:24:15,1787736256,13.822762,100.511647,7.9,0.0,-2.3,-2.0,142.9,142.9,0.0,-0.03,0.0,24.47,77,0,0,0
2026-08-26T16:24:16,1787736257,13.822763,100.511647,7.9,0.0,-2.4,-2.0,142.9,142.9,0.01,-0.07,0.0,24.47,77,OFFBOARD,1,0
2026-08-26T16:24:17,1787736258,13.822762,100.511644,7.9,0.0,-2.3,-1.9,142.8,142.8,0.01,-0.07,0.0,24.47,77,AUTO.TAKEOFF,1,0
2026-08-26T16:24:18,1787736259,13.822762,100.511644,7.9,0.0,-2.3,-1.9,142.8,142.8,0.01,-0.07,0.0,24.47,77,AUTO.TAKEOFF,1,0
2026-08-26T16:24:19,1787736260,13.822762,100.511644,7.9,0.0,-2.3,-1.9,142.8,142.8,0.01,-0.07,0.0,24.47,77,AUTO.TAKEOFF,1,0
2026-08-26T16:24:20,1787736261,13.822762,100.511644,7.9,0.0,-2.3,-1.9,142.8,142.8,0.01,-0.07,0.0,24.47,77,AUTO.TAKEOFF,1,0
2026-08-26T16:24:21,1787736262,13.822762,100.511644,7.9,0.0,-2.3,-1.9,142.8,142.8,0.01,-0.07,0.0,24.47,77,AUTO.TAKEOFF,1,0
2026-08-26T16:24:24,1787736265,13.822762,100.511646,12.4,5.53,2.5,-1.7,145.3,145.3,-0.19,-0.09,-1.16,23.62,72,AUTO.LOITER,1,0
2026-08-26T16:24:25,1787736266,13.822764,100.511645,12.4,5.53,2.5,-1.7,145.3,145.3,-0.19,-0.09,-1.16,23.62,72,0,0,0
2026-08-26T16:24:26,1787736267,13.822764,100.511645,12.4,5.53,2.5,-1.7,145.3,145.3,-0.19,-0.09,-1.16,23.62,72,0,0,0
2026-08-26T16:24:27,1787736268,13.822764,100.511645,12.4,5.53,2.5,-1.7,145.3,145.3,-0.19,-0.09,-1.16,23.62,72,AUTO.LOITER,1,0
2026-08-26T16:24:28,1787736269,13.822764,100.511645,12.4,5.53,1.7,-1.3,149.4,149.4,-0.19,-0.09,-1.16,23.55,68,0,0,0
2026-08-26T16:24:29,1787736270,13.822703,100.511691,13.5,9.27,1.7,-1.3,149.4,149.4,-2.46,1.74,-0.41,23.55,68,0,0,0
2026-08-26T16:24:30,1787736271,13.822703,100.511691,13.5,9.27,1.7,-1.3,149.4,149.4,-2.46,1.74,-0.41,23.55,68,AUTO.LOITER,1,0
2026-08-26T16:24:31,1787736272,13.822703,100.511691,13.5,9.27,-4.8,-5.8,148.7,148.7,-2.46,1.74,-0.41,23.55,68,0,0,0
2026-08-26T16:24:32,1787736273,13.822634,100.511746,13.5,9.27,-4.8,-5.8,148.7,148.7,-2.46,1.74,-0.41,23.55,68,0,0,0
2026-08-26T16:24:33,1787736274,13.822634,100.511746,13.5,9.27,-1.8,-4.7,146.7,146.7,-2.46,1.74,-0.41,23.48,65,AUTO.LOITER,1,0
2026-08-26T16:24:34,1787736275,13.822594,100.511776,14.9,10.73,-3.3,-5.1,148.9,148.9,-2.39,1.81,-0.37,23.48,65,0,0,0
2026-08-26T16:24:35,1787736276,13.822586,100.511783,14.9,10.73,-3.3,-5.1,148.9,148.9,-2.39,1.81,-0.37,23.48,65,0,0,1
2026-08-26T16:24:36,1787736277,13.822586,100.511783,14.9,10.73,-1.8,-6.9,149.1,149.1,-2.39,1.81,-0.37,23.4,64,AUTO.LOITER,1,1
2026-08-26T16:24:37,1787736278,13.822531,100.511827,15.8,12.68,-1.8,-6.9,149.1,149.1,-2.44,1.79,-0.32,23.4,64,0,0,1
2026-08-26T16:24:38,1787736279,13.822524,100.511832,15.8,12.68,-1.7,-3.6,149.4,149.4,-2.44,1.79,-0.32,23.4,64,AUTO.LOITER,1,1
2026-08-26T16:24:39,1787736280,13.822524,100.511832,15.8,12.68,-1.7,-3.6,149.4,149.4,-2.44,1.79,-0.32,23.4,64,0,0,1
2026-08-26T16:24:40,1787736281,13.822493,100.511856,15.8,12.68,-11.5,3.8,151.4,151.4,-2.44,1.79,-0.32,23.4,64,AUTO.LOITER,1,1
2026-08-26T16:24:41,1787736282,13.822493,100.511856,15.8,12.68,-11.5,3.8,151.4,151.4,-2.44,1.79,-0.32,23.35,62,0,0,1
2026-08-26T16:24:42,1787736283,13.8225,100.511901,16.3,14.25,-6.8,-10.2,144.0,144.0,0.51,2.96,-0.07,23.35,62,0,0,1
2026-08-26T16:24:43,1787736284,13.822503,100.511916,16.3,14.25,-0.1,2.7,150.1,150.1,0.51,2.96,-0.07,23.35,62,0,0,1
2026-08-26T16:24:44,1787736285,13.822509,100.51194,16.3,14.33,-0.1,2.7,150.1,150.1,0.3,1.42,-0.08,23.35,61,0,0,1
2026-08-26T16:24:45,1787736286,13.822509,100.51194,16.3,14.33,-0.3,0.8,148.7,148.7,0.3,1.42,-0.08,23.35,61,0,0,1
2026-08-26T16:24:46,1787736287,13.822509,100.51194,16.3,14.33,-0.3,0.8,148.7,148.7,0.3,1.42,-0.08,23.24,61,0,0,1
2026-08-26T16:24:47,1787736288,13.822509,100.51194,16.3,14.33,-0.3,0.8,148.7,148.7,0.3,1.42,-0.08,23.24,61,0,0,1
2026-08-26T16:24:48,1787736289,13.822509,100.51194,16.3,14.33,-0.3,0.8,148.7,148.7,0.3,1.42,-0.08,23.24,61,0,0,1
2026-08-26T16:24:49,1787736290,13.822509,100.51194,16.3,14.33,-4.5,-2.8,145.0,145.0,0.3,1.42,-0.08,23.29,60,0,0,1
2026-08-26T16:24:50,1787736291,13.822564,100.512041,16.4,15.85,2.3,-5.6,152.8,152.8,1.51,2.34,-0.02,23.29,60,0,0,1
2026-08-26T16:24:51,1787736292,13.822564,100.512041,16.4,15.85,2.3,-5.6,152.8,152.8,1.51,2.34,-0.02,23.29,60,0,0,1
2026-08-26T16:24:52,1787736293,13.822564,100.512041,16.4,15.85,4.2,5.3,147.4,147.4,1.51,2.34,-0.02,23.29,60,0,0,1
2026-08-26T16:24:53,1787736294,13.822564,100.512041,16.4,15.85,1.2,-8.9,146.5,146.5,1.51,2.34,-0.02,23.18,58,0,0,1
2026-08-26T16:24:54,1787736295,13.822605,100.512042,16.4,15.82,1.2,-8.9,146.5,146.5,2.28,-2.14,-0.36,23.18,58,AUTO.LOITER,1,1
2026-08-26T16:24:55,1787736296,13.822605,100.512042,16.4,15.82,1.2,-8.9,146.5,146.5,2.28,-2.14,-0.36,23.18,58,AUTO.LOITER,1,1
2026-08-26T16:24:56,1787736297,13.822605,100.512042,16.4,15.82,1.2,-8.9,146.5,146.5,2.28,-2.14,-0.36,23.37,57,AUTO.LOITER,1,1
2026-08-26T16:24:57,1787736298,13.822663,100.511984,16.3,15.72,1.2,-8.9,146.5,146.5,2.16,-2.15,-0.07,23.37,57,AUTO.LOITER,1,1
2026-08-26T16:24:58,1787736299,13.822663,100.511984,16.3,15.72,1.2,-8.9,146.5,146.5,2.16,-2.15,-0.07,23.37,57,AUTO.LOITER,1,1
2026-08-26T16:24:59,1787736300,13.822663,100.511984,16.3,15.72,1.2,-8.9,146.5,146.5,2.16,-2.15,-0.07,23.37,57,0,0,1
2026-08-26T16:25:00,1787736301,13.822663,100.511984,16.3,15.72,1.2,-8.9,146.5,146.5,2.16,-2.15,-0.07,23.37,57,0,0,1
2026-08-26T16:25:01,1787736302,13.822663,100.511984,16.3,15.72,1.2,-8.9,146.5,146.5,2.16,-2.15,-0.07,23.37,57,0,0,1
2026-08-26T16:25:02,1787736303,13.822663,100.511984,16.3,15.72,1.2,-8.9,146.5,146.5,2.16,-2.15,-0.07,23.37,57,0,0,1
2026-08-26T16:25:03,1787736304,13.822663,100.511984,16.3,15.72,1.2,-8.9,146.5,146.5,2.16,-2.15,-0.07,23.37,57,0,0,1
2026-08-26T16:25:04,1787736305,13.822779,100.511865,16.0,16.71,4.8,2.3,142.4,142.4,1.95,-2.25,-0.18,23.17,56,AUTO.LOITER,1,1
2026-08-26T16:25:05,1787736306,13.822779,100.511865,16.0,16.71,4.1,4.9,144.1,144.1,1.95,-2.25,-0.18,23.17,56,0,0,1
2026-08-26T16:25:06,1787736307,13.822836,100.511809,16.0,16.71,4.1,4.9,144.1,144.1,2.21,-2.22,0.05,23.17,56,AUTO.LOITER,1,1
2026-08-26T16:25:07,1787736308,13.822836,100.511809,16.0,16.71,4.1,4.9,144.1,144.1,2.21,-2.22,0.05,23.17,56,0,0,1
2026-08-26T16:25:08,1787736309,13.822836,100.511809,16.0,16.71,-1.7,-6.0,142.9,142.9,2.21,-2.22,0.05,23.17,56,AUTO.LOITER,1,1
2026-08-26T16:25:09,1787736310,13.822867,100.511776,16.1,16.75,-1.7,-6.0,142.9,142.9,0.13,-0.15,-0.03,23.17,56,AUTO.LOITER,1,1
2026-08-26T16:25:10,1787736311,13.822863,100.511778,16.1,16.75,-0.8,-9.1,143.9,143.9,0.13,-0.15,-0.03,23.17,56,AUTO.LOITER,1,1
2026-08-26T16:25:11,1787736312,13.822832,100.511802,16.0,17.86,3.6,-1.6,143.4,143.4,-2.22,1.78,0.13,23.27,55,0,0,1
2026-08-26T16:25:12,1787736313,13.822821,100.511809,16.0,17.86,3.6,-1.6,143.4,143.4,-2.22,1.78,0.13,23.27,55,AUTO.LOITER,1,1
2026-08-26T16:25:13,1787736314,13.822821,100.511809,16.0,17.86,3.6,0.6,142.4,142.4,-2.22,1.78,0.13,23.3,54,0,0,1
2026-08-26T16:25:14,1787736315,13.82278,100.511843,16.0,17.93,2.7,-0.1,145.9,145.9,-2.52,1.75,-0.08,23.3,54,0,0,1
2026-08-26T16:25:15,1787736316,13.822766,100.511853,16.0,17.93,2.7,-0.1,145.9,145.9,-2.52,1.75,-0.08,23.3,54,0,0,1
2026-08-26T16:25:16,1787736317,13.822766,100.511853,16.0,17.93,2.3,-1.6,142.7,142.7,-2.52,1.75,-0.08,23.3,54,AUTO.LOITER,1,1
2026-08-26T16:25:17,1787736318,13.822766,100.511853,16.0,17.93,2.3,-1.6,142.7,142.7,-2.52,1.75,-0.08,23.3,54,0,0,1
2026-08-26T16:25:18,1787736319,13.8227,100.511903,16.0,17.93,4.9,-0.3,140.9,140.9,-2.52,1.75,-0.08,23.3,54,0,0,1
2026-08-26T16:25:19,1787736320,13.822663,100.511932,15.8,17.74,3.1,1.1,142.1,142.1,-2.5,1.9,0.06,22.93,54,0,0,1
2026-08-26T16:25:20,1787736321,13.822644,100.511947,15.8,17.74,-2.0,-4.0,140.8,140.8,-2.5,1.9,0.06,22.93,54,0,0,1
2026-08-26T16:25:21,1787736322,13.822644,100.511947,15.8,17.74,-2.0,-4.0,140.8,140.8,-2.5,1.9,0.06,22.98,52,0,0,1
2026-08-26T16:25:22,1787736323,13.822607,100.511976,16.0,17.86,-0.9,0.5,144.3,144.3,-2.66,1.59,0.15,22.98,52,0,0,1
2026-08-26T16:25:23,1787736324,13.822592,100.511986,16.0,17.86,-0.9,0.5,144.3,144.3,-2.66,1.59,0.15,22.98,52,0,0,1
2026-08-26T16:25:24,1787736325,13.822592,100.511986,16.0,17.86,-0.9,0.5,144.3,144.3,-2.66,1.59,0.15,22.88,51,0,0,1
2026-08-26T16:25:25,1787736326,13.822592,100.511986,16.0,17.86,-0.9,0.5,144.3,144.3,-2.66,1.59,0.15,22.88,51,0,0,1
2026-08-26T16:25:26,1787736327,13.822592,100.511986,16.0,17.86,-0.9,0.5,144.3,144.3,-2.66,1.59,0.15,22.88,51,0,0,1
2026-08-26T16:25:27,1787736328,13.822483,100.51207,16.0,17.86,-0.9,0.5,144.3,144.3,-2.66,1.59,0.15,22.88,51,0,0,1
2026-08-26T16:25:28,1787736329,13.822483,100.51207,16.0,17.86,-0.0,-6.4,143.0,143.0,-2.66,1.59,0.15,22.88,51,0,0,1
2026-08-26T16:25:29,1787736330,13.822438,100.512106,15.9,19.03,-0.8,-3.5,141.9,141.9,-2.22,1.75,-0.09,22.73,49,0,0,1
2026-08-26T16:25:30,1787736331,13.82243,100.512112,15.9,19.03,-0.8,-3.5,141.9,141.9,-2.22,1.75,-0.09,22.73,49,AUTO.LOITER,1,1
2026-08-26T16:25:31,1787736332,13.82243,100.512112,15.9,19.03,0.5,-6.1,146.2,146.2,-2.22,1.75,-0.09,23.16,48,0,0,1
2026-08-26T16:25:32,1787736333,13.822383,100.512148,16.0,19.15,0.1,-5.2,141.7,141.7,-2.31,1.97,-0.04,23.16,48,0,0,1
2026-08-26T16:25:33,1787736334,13.822375,100.512154,16.0,19.15,-3.2,-6.6,141.1,141.1,-2.31,1.97,-0.04,23.16,48,AUTO.LOITER,1,1
2026-08-26T16:25:34,1787736335,13.822375,100.512154,16.0,19.15,-3.2,-6.6,141.1,141.1,-2.31,1.97,-0.04,23.16,48,0,0,1
2026-08-26T16:25:35,1787736336,13.8223,100.512212,15.9,19.0,-2.9,-3.1,141.1,141.1,-2.33,1.87,-0.1,23.16,48,0,0,1
2026-08-26T16:25:36,1787736337,13.8223,100.512212,15.9,19.0,-2.9,-3.1,141.1,141.1,-2.33,1.87,-0.1,23.16,48,AUTO.LOITER,1,1
2026-08-26T16:25:37,1787736338,13.822268,100.512237,15.9,19.03,-0.9,-4.1,143.8,143.8,-2.53,1.73,-0.1,23.03,48,0,0,1
2026-08-26T16:25:38,1787736339,13.822264,100.512241,15.9,19.03,-0.9,-4.1,143.8,143.8,-2.53,1.73,-0.1,23.03,48,AUTO.LOITER,1,1
2026-08-26T16:25:39,1787736340,13.822264,100.512241,15.9,19.03,-0.9,-4.1,143.8,143.8,-2.53,1.73,-0.1,22.99,48,AUTO.LOITER,1,1
2026-08-26T16:25:40,1787736341,13.822238,100.512276,15.8,18.99,-7.9,-0.2,146.2,146.2,1.18,1.65,-0.14,22.99,48,AUTO.LOITER,1,1
2026-08-26T16:25:41,1787736342,13.82224,100.512274,15.8,18.99,-7.9,-0.2,146.2,146.2,1.18,1.65,-0.14,22.88,48,AUTO.LOITER,1,1
2026-08-26T16:25:42,1787736343,13.82224,100.512274,15.8,18.99,-7.9,-0.2,146.2,146.2,1.18,1.65,-0.14,22.88,48,0,0,1
2026-08-26T16:25:43,1787736344,13.82224,100.512274,15.8,18.99,-7.9,-0.2,146.2,146.2,1.18,1.65,-0.14,22.88,48,0,0,1
2026-08-26T16:25:44,1787736345,13.82224,100.512274,15.8,18.99,-7.9,-0.2,146.2,146.2,1.18,1.65,-0.14,22.88,48,AUTO.LOITER,1,1
2026-08-26T16:25:45,1787736346,13.82224,100.512274,15.8,18.99,-7.9,-0.2,146.2,146.2,1.18,1.65,-0.14,22.48,47,AUTO.LOITER,1,1
2026-08-26T16:25:46,1787736347,13.82224,100.512274,15.8,18.99,-7.9,-0.2,146.2,146.2,1.18,1.65,-0.14,22.48,47,0,0,1
2026-08-26T16:25:47,1787736348,13.822334,100.512261,16.1,21.25,0.4,-5.6,143.6,143.6,2.11,-1.75,0.17,22.48,47,0,0,1
2026-08-26T16:25:48,1787736349,13.822334,100.512261,16.1,21.25,0.4,-5.6,143.6,143.6,2.11,-1.75,0.17,22.48,47,0,0,1
2026-08-26T16:25:49,1787736350,13.822334,100.512261,16.1,21.25,0.4,-5.6,143.6,143.6,2.11,-1.75,0.17,23.01,46,AUTO.LOITER,1,1
2026-08-26T16:25:50,1787736351,13.822334,100.512261,16.1,21.25,3.4,0.0,142.8,142.8,2.11,-1.75,0.17,23.01,46,0,0,1
2026-08-26T16:25:51,1787736352,13.822334,100.512261,16.1,21.25,3.4,0.0,142.8,142.8,2.11,-1.75,0.17,23.01,46,AUTO.RTL,1,1
2026-08-26T16:25:52,1787736353,13.822334,100.512261,16.1,21.25,3.4,0.0,142.8,142.8,2.11,-1.75,0.17,23.01,46,0,0,1
2026-08-26T16:25:53,1787736354,13.822417,100.512186,15.9,21.07,-0.2,3.5,144.6,144.6,1.62,-2.63,-0.04,23.01,46,0,0,1
2026-08-26T16:25:54,1787736355,13.822417,100.512186,15.9,21.07,-0.2,3.5,144.6,144.6,1.62,-2.63,-0.04,23.09,46,AUTO.RTL,1,1
2026-08-26T16:25:55,1787736356,13.822417,100.512186,15.9,21.07,-1.0,-0.9,141.6,141.6,1.62,-2.63,-0.04,23.09,46,0,0,1
2026-08-26T16:25:56,1787736357,13.822456,100.512124,15.8,20.99,-1.0,-0.9,141.6,141.6,1.58,-2.5,-0.1,23.09,46,AUTO.RTL,1,1
2026-08-26T16:25:57,1787736358,13.822456,100.512124,15.8,20.99,0.9,-6.7,143.2,143.2,1.58,-2.5,-0.1,23.09,46,AUTO.RTL,1,1
2026-08-26T16:25:58,1787736359,13.82249,100.512072,15.8,20.94,0.9,-6.7,143.2,143.2,1.38,-2.3,-0.08,23.09,46,AUTO.RTL,1,1
2026-08-26T16:25:59,1787736360,13.82249,100.512072,15.8,20.94,0.9,-6.7,143.2,143.2,1.38,-2.3,-0.08,23.09,46,AUTO.RTL,1,1
2026-08-26T16:26:00,1787736361,13.82249,100.512072,15.8,20.94,0.9,-6.7,143.2,143.2,1.38,-2.3,-0.08,23.09,46,0,0,1
2026-08-26T16:26:01,1787736362,13.82249,100.512072,15.8,20.94,1.8,3.6,145.1,145.1,1.38,-2.3,-0.08,23.35,44,0,0,1
2026-08-26T16:26:02,1787736363,13.82249,100.512072,15.8,20.94,1.8,3.6,145.1,145.1,1.38,-2.3,-0.08,23.35,44,0,0,1
2026-08-26T16:26:03,1787736364,13.82249,100.512072,15.8,20.94,1.8,3.6,145.1,145.1,1.38,-2.3,-0.08,23.35,44,0,0,1
2026-08-26T16:26:04,1787736365,13.822574,100.511943,15.9,21.02,-5.2,-1.5,142.6,142.6,1.77,-2.31,-0.03,23.1,45,0,0,1
2026-08-26T16:26:05,1787736366,13.822574,100.511943,15.9,21.02,-5.2,-1.5,142.6,142.6,1.77,-2.31,-0.03,23.1,45,AUTO.RTL,1,1
2026-08-26T16:26:06,1787736367,13.822574,100.511943,15.9,21.02,-5.2,-1.5,142.6,142.6,1.77,-2.31,-0.03,23.1,45,0,0,1
2026-08-26T16:26:07,1787736368,13.822574,100.511943,15.9,21.02,-5.2,-1.5,142.6,142.6,1.77,-2.31,-0.03,23.1,45,0,0,1
2026-08-26T16:26:08,1787736369,13.822574,100.511943,15.9,21.02,-5.2,-1.5,142.6,142.6,1.77,-2.31,-0.03,23.1,45,AUTO.RTL,1,1
2026-08-26T16:26:09,1787736370,13.822574,100.511943,15.9,21.02,-5.2,-1.5,142.6,142.6,1.77,-2.31,-0.03,23.1,45,AUTO.RTL,1,1
2026-08-26T16:26:10,1787736371,13.822574,100.511943,15.9,21.02,-5.2,-1.5,142.6,142.6,1.77,-2.31,-0.03,23.0,45,0,0,1
2026-08-26T16:26:11,1787736372,13.822574,100.511943,15.9,21.02,-1.2,-0.7,144.0,144.0,1.77,-2.31,-0.03,23.0,45,0,0,1
2026-08-26T16:26:12,1787736373,13.82269,100.51176,15.8,20.96,-1.3,-1.0,143.7,143.7,1.65,-2.53,-0.05,23.0,45,0,0,1
2026-08-26T16:26:13,1787736374,13.82269,100.51176,15.8,20.96,-1.3,-1.0,143.7,143.7,1.65,-2.53,-0.05,22.96,45,AUTO.RTL,1,1
2026-08-26T16:26:14,1787736375,13.822734,100.51169,15.8,20.97,-2.2,0.6,142.2,142.2,1.58,-2.51,-0.03,22.96,45,AUTO.RTL,1,1
2026-08-26T16:26:15,1787736376,13.822734,100.51169,15.8,20.97,-2.2,0.6,142.2,142.2,1.58,-2.51,-0.03,22.96,44,AUTO.RTL,1,1
2026-08-26T16:26:16,1787736377,13.822734,100.51169,15.8,20.97,-2.2,0.6,142.2,142.2,1.58,-2.51,-0.03,22.96,44,AUTO.RTL,1,1
2026-08-26T16:26:17,1787736378,13.822734,100.51169,15.8,20.97,-2.2,0.6,142.2,142.2,1.58,-2.51,-0.03,22.96,44,AUTO.RTL,1,1
2026-08-26T16:26:18,1787736379,13.822734,100.51169,15.8,20.97,-2.2,0.6,142.2,142.2,1.58,-2.51,-0.03,22.96,44,0,0,1
2026-08-26T16:26:19,1787736380,13.822762,100.511648,15.2,20.31,-2.2,0.6,142.2,142.2,0.02,-0.11,0.43,22.96,44,0,0,1
2026-08-26T16:26:20,1787736381,13.822762,100.511648,15.2,20.31,-2.2,0.6,142.2,142.2,0.02,-0.11,0.43,22.87,44,0,0,1
2026-08-26T16:26:21,1787736382,13.822762,100.511648,15.2,20.31,-2.6,-2.8,138.2,138.2,0.02,-0.11,0.43,22.87,44,0,0,1
2026-08-26T16:26:22,1787736383,13.822761,100.511644,14.6,19.7,-2.6,-2.8,138.2,138.2,-0.09,-0.1,0.34,23.0,43,0,0,1
2026-08-26T16:26:23,1787736384,13.822761,100.511644,14.6,19.7,0.4,-0.8,140.5,140.5,-0.09,-0.1,0.34,23.0,43,AUTO.RTL,1,1
2026-08-26T16:26:24,1787736385,13.822762,100.511645,13.4,18.52,0.4,-0.8,140.5,140.5,0.01,0.05,0.48,23.0,43,AUTO.RTL,1,1
2026-08-26T16:26:25,1787736386,13.822762,100.511645,13.4,18.52,0.4,-0.8,140.5,140.5,0.01,0.05,0.48,23.0,43,AUTO.RTL,1,1
2026-08-26T16:26:26,1787736387,13.822762,100.511645,13.4,18.52,0.4,-0.8,140.5,140.5,0.01,0.05,0.48,23.0,43,AUTO.RTL,1,1
2026-08-26T16:26:27,1787736388,13.822762,100.511645,13.4,18.52,0.4,-0.8,140.5,140.5,0.01,0.05,0.48,23.0,43,AUTO.RTL,1,1
2026-08-26T16:26:28,1787736389,13.822761,100.511645,12.0,17.15,0.4,-0.8,140.5,140.5,0.08,-0.07,0.54,22.85,43,AUTO.RTL,1,1
2026-08-26T16:26:29,1787736390,13.822761,100.511645,12.0,17.15,2.3,-3.1,138.2,138.2,0.08,-0.07,0.54,22.85,43,0,0,1
2026-08-26T16:26:30,1787736391,13.822762,100.511646,11.1,16.24,0.1,0.5,139.5,139.5,0.06,-0.1,0.46,22.85,43,0,0,1
2026-08-26T16:26:31,1787736392,13.822762,100.511646,11.1,16.24,0.1,0.5,139.5,139.5,0.06,-0.1,0.46,22.87,42,0,0,1
2026-08-26T16:26:32,1787736393,13.82276,100.511646,11.1,16.24,0.8,-4.4,138.3,138.3,0.06,-0.1,0.46,22.87,42,0,0,1
2026-08-26T16:26:33,1787736394,13.822762,100.511645,10.2,15.31,2.7,2.2,137.3,137.3,-0.02,0.13,0.39,22.87,42,0,0,1
2026-08-26T16:26:34,1787736395,13.822762,100.511645,10.2,15.31,2.7,2.2,137.3,137.3,-0.02,0.13,0.39,22.87,42,0,0,1
2026-08-26T16:26:36,1787736397,13.822762,100.511645,10.2,15.31,2.7,2.2,137.3,137.3,-0.02,0.13,0.39,22.87,42,AUTO.RTL,1,1
2026-08-26T16:26:37,1787736398,13.822762,100.511646,8.5,13.63,0.1,0.1,137.6,137.6,0.0,-0.07,0.31,22.87,42,AUTO.RTL,1,1
2026-08-26T16:26:38,1787736399,13.822762,100.511646,8.5,13.63,-17.4,-3.7,143.3,143.3,0.0,-0.07,0.31,22.91,42,AUTO.LOITER,1,1
2026-08-26T16:26:39,1787736400,13.822779,100.511665,8.9,14.0,-17.4,-3.7,143.3,143.3,1.97,2.44,-0.59,22.91,42,AUTO.LOITER,1,1
2026-08-26T16:26:40,1787736401,13.822779,100.511665,8.9,14.0,-17.4,-3.7,143.3,143.3,1.97,2.44,-0.59,22.86,41,AUTO.LOITER,1,1
2026-08-26T16:26:41,1787736402,13.822779,100.511665,8.9,14.0,-17.4,-3.7,143.3,143.3,1.97,2.44,-0.59,22.86,41,0,0,1
2026-08-26T16:26:42,1787736403,13.822779,100.511665,8.9,14.0,-17.4,-3.7,143.3,143.3,1.97,2.44,-0.59,22.86,41,0,0,1
2026-08-26T16:26:43,1787736404,13.822798,100.51169,8.9,14.0,-17.4,-3.7,143.3,143.3,1.97,2.44,-0.59,22.86,41,0,0,1
2026-08-26T16:26:44,1787736405,13.822798,100.51169,8.9,14.0,-17.4,-3.7,143.3,143.3,1.97,2.44,-0.59,22.84,41,0,0,1
2026-08-26T16:26:45,1787736406,13.822799,100.511688,8.9,14.0,-17.4,-3.7,143.3,143.3,1.97,2.44,-0.59,22.84,41,0,0,1
2026-08-26T16:26:46,1787736407,13.822799,100.511691,7.6,12.71,-17.4,-3.7,143.3,143.3,0.0,0.04,0.31,22.84,41,0,0,1
2026-08-26T16:26:47,1787736408,13.822799,100.511691,7.6,12.71,-1.8,-1.9,143.0,143.0,0.0,0.04,0.31,22.88,40,AUTO.LAND,1,1
2026-08-26T16:26:48,1787736409,13.8228,100.511691,7.4,12.54,-1.8,-1.9,143.0,143.0,-0.02,-0.01,0.0,22.88,40,0,0,1
2026-08-26T16:26:49,1787736410,13.8228,100.511691,7.4,12.54,-1.8,-1.9,143.0,143.0,-0.02,-0.01,0.0,23.58,40,0,0,1
2026-08-26T16:26:50,1787736411,13.822799,100.511692,7.4,12.54,-1.7,-1.8,144.0,144.0,-0.02,-0.01,0.0,23.58,40,0,0,0
2026-08-26T16:26:51,1787736412,13.822799,100.511692,7.4,12.54,-1.7,-1.8,144.0,144.0,-0.02,-0.01,0.0,23.58,40,AUTO.LAND,1,0
2026-08-26T16:26:52,1787736413,13.822799,100.511692,7.4,12.54,-1.7,-1.8,144.0,144.0,-0.02,-0.01,0.0,23.58,40,0,0,0
2026-08-26T16:26:53,1787736414,13.822799,100.511692,7.3,12.41,-1.7,-1.8,144.0,144.0,-0.04,0.0,0.0,23.58,40,0,0,0
2026-08-26T16:26:54,1787736415,13.822799,100.511692,7.3,12.41,-1.7,-1.8,144.0,144.0,-0.04,0.0,0.0,23.58,40,0,0,0
2026-08-26T16:26:55,1787736416,13.822799,100.511692,7.3,12.41,-1.7,-1.8,144.0,144.0,-0.04,0.0,0.0,23.58,40,0,0,0
2026-08-26T16:38:07,1787737088,13.822799,100.511692,7.3,12.41,-1.8,-2.3,97.8,97.8,-0.04,0.0,0.0,23.58,40,POSCTL,0,0
2026-08-26T16:38:08,1787737089,13.822799,100.511692,7.3,12.41,-1.8,-2.3,97.8,97.8,-0.04,0.0,0.0,23.58,40,POSCTL,0,0
2026-08-26T16:38:09,1787737090,13.822799,100.511692,7.3,12.41,-1.8,-2.3,97.8,97.8,-0.04,0.0,0.0,23.58,40,POSCTL,0,0
2026-08-26T16:38:10,1787737091,13.822799,100.511692,7.3,12.41,-1.8,-2.3,97.8,97.8,-0.04,0.0,0.0,23.58,40,POSCTL,0,0
2026-08-26T16:38:11,1787737092,13.822684,100.511668,7.3,12.41,-1.8,-2.3,97.9,97.9,-0.04,0.0,0.0,23.58,40,POSCTL,0,0
2026-08-26T16:38:12,1787737093,13.822684,100.511668,7.3,12.41,-1.8,-2.3,97.9,97.9,-0.04,0.0,0.0,24.16,64,POSCTL,0,0
2026-08-26T16:38:13,1787737094,13.822684,100.511668,7.3,12.41,-1.8,-2.3,97.9,97.9,-0.04,0.0,0.0,24.16,64,POSCTL,0,0
2026-08-26T16:38:14,1787737095,13.822684,100.511668,7.3,12.41,-1.8,-2.3,97.9,97.9,-0.04,0.0,0.0,24.16,64,POSCTL,0,0
2026-08-26T16:38:15,1787737096,13.822684,100.511668,7.3,12.41,-1.8,-2.3,97.9,97.9,-0.04,0.0,0.0,24.16,64,POSCTL,0,0
2026-08-26T16:38:16,1787737097,13.822684,100.511668,7.3,12.41,-1.8,-2.3,97.9,97.9,-0.04,0.0,0.0,24.16,64,POSCTL,0,0
2026-08-26T16:38:17,1787737098,13.822684,100.511668,7.3,12.41,-1.8,-2.3,97.9,97.9,-0.04,0.0,0.0,24.16,64,POSCTL,0,0
2026-08-26T16:38:18,1787737099,13.822684,100.511668,7.3,12.41,-1.8,-2.3,97.9,97.9,-0.04,0.0,0.0,24.16,64,POSCTL,0,0
2026-08-26T16:38:19,1787737100,13.822674,100.51167,7.3,12.41,-1.8,-2.3,97.8,97.8,-0.04,0.0,0.0,24.16,64,POSCTL,0,0
2026-08-26T16:38:20,1787737101,13.822674,100.51167,7.3,12.41,-1.8,-2.3,97.8,97.8,-0.04,0.0,0.0,24.15,64,POSCTL,0,0
2026-08-26T16:38:21,1787737102,13.822674,100.51167,7.3,12.41,-1.8,-2.3,97.8,97.8,-0.04,0.0,0.0,24.15,64,POSCTL,0,0
2026-08-26T16:38:22,1787737103,13.822674,100.51167,7.3,12.41,-1.8,-2.3,97.8,97.8,-0.04,0.0,0.0,24.15,64,POSCTL,0,0
2026-08-26T16:38:23,1787737104,13.822674,100.51167,7.3,12.41,-1.8,-2.3,97.8,97.8,-0.04,0.0,0.0,24.15,64,POSCTL,0,0
2026-08-26T16:38:24,1787737105,13.822674,100.51167,7.3,12.41,-1.8,-2.3,97.8,97.8,-0.04,0.0,0.0,24.15,64,POSCTL,0,0
2026-08-26T16:38:25,1787737106,13.822674,100.51167,7.3,12.41,-1.8,-2.3,97.8,97.8,-0.04,0.0,0.0,24.15,64,POSCTL,0,0
2026-08-26T16:38:26,1787737107,13.822674,100.51167,7.3,12.41,-1.8,-2.3,97.8,97.8,-0.04,0.0,0.0,24.15,64,POSCTL,0,0
2026-08-26T16:38:27,1787737108,13.822672,100.511672,7.3,12.41,-1.8,-2.3,97.8,97.8,-0.04,0.0,0.0,24.15,64,POSCTL,0,0
2026-08-26T16:38:28,1787737109,13.822672,100.511672,7.3,12.41,-1.8,-2.3,97.8,97.8,-0.04,0.0,0.0,24.15,64,POSCTL,0,0
2026-08-26T16:38:29,1787737110,13.822672,100.511672,7.3,12.41,-1.8,-2.3,97.8,97.8,-0.04,0.0,0.0,24.15,64,POSCTL,0,0
2026-08-26T16:38:30,1787737111,13.822672,100.511673,7.3,12.41,-1.8,-2.3,97.8,97.8,-0.04,0.0,0.0,24.15,64,POSCTL,0,0
2026-08-26T16:38:31,1787737112,13.822672,100.511673,7.3,12.41,-1.8,-2.3,97.8,97.8,-0.04,0.0,0.0,24.15,64,POSCTL,0,0
2026-08-26T16:38:32,1787737113,13.822672,100.511673,7.3,12.41,-1.8,-2.3,97.8,97.8,-0.04,0.0,0.0,24.15,64,POSCTL,0,0
2026-08-26T16:38:33,1787737114,13.822672,100.511673,7.3,12.41,-1.8,-2.3,97.8,97.8,-0.04,0.0,0.0,24.15,64,POSCTL,0,0
2026-08-26T16:38:34,1787737115,13.822672,100.511672,7.3,12.41,-1.8,-2.3,97.8,97.8,-0.04,0.0,0.0,24.15,64,POSCTL,0,0
2026-08-26T16:38:35,1787737116,13.822672,100.511672,7.3,12.41,-1.8,-2.3,97.8,97.8,-0.04,0.0,0.0,24.15,64,POSCTL,0,0
2026-08-26T16:38:36,1787737117,13.822672,100.511672,7.3,12.41,-1.8,-2.3,97.8,97.8,-0.04,0.0,0.0,24.15,64,POSCTL,0,0
2026-08-26T16:38:37,1787737118,13.822674,100.511671,7.3,12.41,-1.8,-2.3,97.7,97.7,-0.04,0.0,0.0,24.15,64,POSCTL,0,0
2026-08-26T16:38:38,1787737119,13.822674,100.511671,7.3,12.41,-1.8,-2.3,97.7,97.7,-0.04,0.0,0.0,24.15,64,POSCTL,0,0
2026-08-26T16:38:39,1787737120,13.822674,100.511671,7.3,12.41,-1.8,-2.3,97.7,97.7,-0.04,0.0,0.0,24.15,64,POSCTL,0,0
2026-08-26T16:38:40,1787737121,13.822674,100.511671,7.3,12.41,-1.8,-2.3,97.7,97.7,-0.04,0.0,0.0,24.15,64,POSCTL,0,0
2026-08-26T16:38:41,1787737122,13.822674,100.511671,7.3,12.41,-1.8,-2.3,97.7,97.7,-0.04,0.0,0.0,24.15,64,POSCTL,0,0
2026-08-26T16:38:42,1787737123,13.822674,100.511671,7.3,12.41,-1.8,-2.3,97.7,97.7,-0.04,0.0,0.0,24.15,64,POSCTL,0,0
2026-08-26T16:38:43,1787737124,13.822674,100.511671,7.3,12.41,-1.8,-2.3,97.7,97.7,-0.04,0.0,0.0,24.15,64,POSCTL,0,0
2026-08-26T16:38:44,1787737125,13.822674,100.511671,7.3,12.41,-1.8,-2.3,97.7,97.7,-0.04,0.0,0.0,24.15,64,POSCTL,0,0
2026-08-26T16:38:45,1787737126,13.822675,100.511668,7.3,12.41,-1.8,-2.3,97.7,97.7,-0.04,0.0,0.0,24.15,63,POSCTL,0,0
2026-08-26T16:38:46,1787737127,13.822675,100.511668,7.3,12.41,-1.8,-2.3,97.7,97.7,-0.04,0.0,0.0,24.15,63,POSCTL,0,0
2026-08-26T16:38:47,1787737128,13.822675,100.511667,14.7,5.23,-1.8,-2.3,97.6,97.6,0.0,0.0,0.0,24.15,63,POSCTL,0,0
2026-08-26T16:38:48,1787737129,13.822675,100.511666,14.7,5.23,-1.8,-2.3,97.6,97.6,0.0,0.0,0.0,24.15,63,POSCTL,0,0
2026-08-26T16:38:49,1787737130,13.822675,100.511666,14.7,5.23,-1.8,-2.2,97.6,97.6,0.0,0.0,0.0,24.15,63,POSCTL,0,0
2026-08-26T16:38:50,1787737131,13.822675,100.511666,14.7,5.23,-1.8,-2.2,97.6,97.6,0.0,0.0,0.0,24.15,63,POSCTL,0,0
2026-08-26T16:38:51,1787737132,13.822675,100.511666,14.7,5.23,-1.8,-2.2,97.6,97.6,0.0,0.0,0.0,24.15,63,POSCTL,0,0
2026-08-26T16:38:52,1787737133,13.822675,100.511666,14.7,5.23,-1.8,-2.2,97.6,97.6,0.0,0.0,0.0,24.15,63,POSCTL,0,0
2026-08-26T16:38:53,1787737134,13.822675,100.511666,14.7,5.23,-1.8,-2.2,97.6,97.6,0.0,0.0,0.0,24.15,63,POSCTL,0,0
2026-08-26T16:38:54,1787737135,13.822677,100.511664,14.7,5.23,-1.8,-2.2,97.6,97.6,0.0,0.0,0.0,24.15,63,POSCTL,0,0
2026-08-26T16:38:55,1787737136,13.822677,100.511664,14.7,5.23,-1.8,-2.2,97.6,97.6,0.0,0.0,0.0,24.15,63,POSCTL,0,0
2026-08-26T16:38:56,1787737137,13.822677,100.511664,14.6,-0.07,-1.8,-2.3,97.7,97.7,0.02,-0.02,0.0,24.15,63,POSCTL,0,0
2026-08-26T16:38:57,1787737138,13.822679,100.511664,14.6,-0.07,-1.8,-2.3,97.7,97.7,0.02,-0.02,0.0,24.15,63,POSCTL,0,0
2026-08-26T16:38:58,1787737139,13.822678,100.511664,14.6,-0.08,-1.7,-2.3,97.7,97.7,0.02,-0.01,0.0,24.15,63,POSCTL,0,0
2026-08-26T16:38:59,1787737140,13.822679,100.511665,14.6,-0.08,-1.7,-2.3,97.7,97.7,0.02,-0.01,0.0,24.15,63,POSCTL,0,0
2026-08-26T16:39:00,1787737141,13.822679,100.511665,14.6,-0.08,-1.7,-2.3,97.7,97.7,0.02,-0.01,0.0,24.15,63,POSCTL,0,0
2026-08-26T16:39:01,1787737142,13.822679,100.511665,14.6,-0.08,-1.7,-2.3,97.7,97.7,0.02,-0.01,0.0,24.15,63,POSCTL,0,0
2026-08-26T16:39:02,1787737143,13.82268,100.511664,14.6,-0.07,-1.7,-2.2,97.8,97.8,-0.01,-0.06,0.0,24.15,63,POSCTL,0,0
2026-08-26T16:39:03,1787737144,13.822681,100.511666,14.6,-0.07,-1.7,-2.2,97.8,97.8,-0.01,-0.06,0.0,24.15,63,POSCTL,0,0
2026-08-26T16:39:04,1787737145,13.822681,100.511665,14.6,-0.06,-1.7,-2.3,97.7,97.7,0.0,-0.02,0.0,24.15,63,POSCTL,0,0
2026-08-26T16:39:05,1787737146,13.822682,100.511667,14.6,-0.06,-1.7,-2.3,97.7,97.7,0.0,-0.02,0.0,24.15,63,POSCTL,0,0
2026-08-26T16:39:06,1787737147,13.822682,100.511667,14.6,-0.06,-1.7,-2.3,97.7,97.7,0.0,-0.02,0.0,24.15,63,POSCTL,0,0
2026-08-26T16:39:07,1787737148,13.822682,100.511667,14.6,-0.06,-1.7,-2.3,97.7,97.7,0.0,-0.02,0.0,24.15,63,POSCTL,0,0
2026-08-26T16:39:08,1787737149,13.822683,100.511667,14.6,-0.06,-1.7,-2.3,97.7,97.7,0.01,0.02,0.0,24.15,63,POSCTL,0,0
2026-08-26T16:39:09,1787737150,13.822683,100.511667,14.6,-0.06,-1.7,-2.3,97.7,97.7,0.01,0.02,0.0,24.15,63,POSCTL,0,0
2026-08-26T16:39:10,1787737151,13.822683,100.511667,14.6,-0.06,-1.7,-2.3,97.7,97.7,0.01,0.02,0.0,24.15,63,POSCTL,0,0
2026-08-26T16:39:11,1787737152,13.822683,100.511667,14.6,-0.06,-1.7,-2.3,97.7,97.7,0.01,0.02,0.0,24.15,63,POSCTL,0,0
2026-08-26T16:39:15,1787737156,13.822683,100.511667,14.6,-0.06,-1.7,-2.3,97.7,97.7,0.01,0.02,0.0,24.15,63,POSCTL,0,0
2026-08-26T16:39:16,1787737157,13.822683,100.511667,14.6,-0.06,-1.7,-2.3,97.7,97.7,0.01,0.02,0.0,24.14,63,POSCTL,0,0
2026-08-26T16:39:17,1787737158,13.822686,100.511669,14.7,0.01,-1.7,-2.3,97.7,97.7,0.01,0.0,0.0,24.14,63,POSCTL,0,0
2026-08-26T16:39:18,1787737159,13.822687,100.51167,14.7,0.01,-1.7,-2.3,97.7,97.7,0.01,0.0,0.0,24.14,63,POSCTL,0,0
2026-08-26T16:39:19,1787737160,13.822687,100.51167,14.7,0.01,-1.7,-2.3,97.6,97.6,0.01,0.0,0.0,24.14,63,POSCTL,0,0
2026-08-26T16:39:20,1787737161,13.822688,100.511671,14.7,0.01,-1.7,-2.3,97.6,97.6,-0.01,-0.03,0.0,24.14,63,POSCTL,0,0
2026-08-26T16:39:21,1787737162,13.822687,100.51167,14.7,0.01,-1.7,-2.3,97.7,97.7,-0.02,-0.03,0.0,24.14,63,POSCTL,0,0
2026-08-26T16:39:22,1787737163,13.822688,100.511671,14.7,0.01,-1.7,-2.3,97.7,97.7,-0.02,-0.03,0.0,24.14,63,POSCTL,0,0
2026-08-26T16:39:23,1787737164,13.822688,100.511671,14.7,0.01,-1.7,-2.3,97.6,97.6,-0.02,-0.03,0.0,24.14,63,POSCTL,0,0
2026-08-26T16:39:24,1787737165,13.822688,100.511671,14.7,0.01,-1.7,-2.3,97.6,97.6,-0.02,-0.03,0.0,24.14,63,POSCTL,0,0
2026-08-26T16:39:25,1787737166,13.822688,100.511671,14.7,0.01,-1.7,-2.3,97.6,97.6,-0.02,-0.03,0.0,24.14,63,POSCTL,0,0
2026-08-26T16:39:26,1787737167,13.822688,100.511671,14.7,0.01,-1.7,-2.3,97.6,97.6,-0.02,-0.03,0.0,24.14,63,POSCTL,0,0
2026-08-26T16:39:27,1787737168,13.822687,100.51167,14.7,0.02,-1.7,-2.2,97.6,97.6,-0.05,-0.07,0.0,24.14,63,POSCTL,0,0
2026-08-26T16:39:28,1787737169,13.822689,100.511673,14.7,0.02,-1.7,-2.2,97.6,97.6,-0.05,-0.07,0.0,24.14,63,POSCTL,0,0
2026-08-26T16:39:29,1787737170,13.822689,100.511673,14.7,0.02,-1.8,-2.3,97.7,97.7,-0.05,-0.07,0.0,24.14,63,POSCTL,0,0
2026-08-26T16:39:30,1787737171,13.822689,100.511673,14.7,0.03,-1.8,-2.3,97.7,97.7,0.0,0.01,0.0,24.14,63,POSCTL,0,0
2026-08-26T16:39:31,1787737172,13.822689,100.511673,14.7,0.03,-1.8,-2.3,97.7,97.7,0.0,0.01,0.0,24.14,63,POSCTL,0,0
2026-08-26T16:39:32,1787737173,13.822689,100.511673,14.7,0.03,-1.8,-2.4,97.7,97.7,0.0,0.01,0.0,24.14,63,POSCTL,0,0
2026-08-26T16:39:33,1787737174,13.822689,100.511673,14.7,0.03,-1.8,-2.4,97.7,97.7,0.0,0.01,0.0,24.14,63,POSCTL,0,0
2026-08-26T16:39:34,1787737175,13.822689,100.511673,14.7,0.03,-1.8,-2.4,97.7,97.7,0.0,0.01,0.0,24.14,63,POSCTL,0,0
2026-08-26T16:39:36,1787737177,13.822689,100.511673,14.7,0.03,-1.7,-2.3,97.7,97.7,0.0,0.01,0.0,24.14,63,POSCTL,0,0
2026-08-26T16:39:37,1787737178,13.822688,100.511673,14.7,0.01,-1.7,-2.3,97.7,97.7,0.0,0.0,0.0,24.14,63,POSCTL,0,0
2026-08-26T16:39:38,1787737179,13.822688,100.511673,14.7,0.01,-1.7,-2.3,97.7,97.7,0.0,0.0,0.0,24.14,63,POSCTL,0,0
2026-08-26T16:39:39,1787737180,13.822688,100.511673,14.6,0.01,-1.8,-2.3,97.7,97.7,0.0,0.0,0.0,24.14,63,POSCTL,0,0
2026-08-26T16:39:40,1787737181,13.822688,100.511673,14.6,0.01,-1.8,-2.3,97.7,97.7,0.0,0.0,0.0,24.14,63,POSCTL,0,0
2026-08-26T16:39:41,1787737182,13.822688,100.511673,14.6,0.0,-1.7,-2.3,97.7,97.7,-0.01,-0.02,0.0,24.14,63,POSCTL,0,0
2026-08-26T16:39:42,1787737183,13.822688,100.511673,14.6,0.0,-1.7,-2.3,97.7,97.7,-0.01,-0.02,0.0,24.14,63,POSCTL,0,0
2026-08-26T16:39:43,1787737184,13.822688,100.511673,14.6,0.0,-1.7,-2.3,97.7,97.7,-0.01,-0.02,0.0,24.14,63,POSCTL,0,0
2026-08-26T16:39:44,1787737185,13.822688,100.511673,14.6,0.0,-1.7,-2.3,97.7,97.7,-0.01,-0.02,0.0,24.14,63,POSCTL,0,0
2026-08-26T16:39:45,1787737186,13.822688,100.511673,14.6,0.0,-1.7,-2.3,97.7,97.7,-0.01,-0.02,0.0,24.14,63,POSCTL,0,0
2026-08-26T16:39:46,1787737187,13.822688,100.511673,14.6,0.0,-1.7,-2.3,97.7,97.7,-0.01,-0.02,0.0,24.14,63,POSCTL,0,0
2026-08-26T16:39:47,1787737188,13.822688,100.511674,14.6,0.0,-1.7,-2.3,97.7,97.7,-0.01,-0.02,0.0,24.14,63,POSCTL,0,0
2026-08-26T16:39:48,1787737189,13.822688,100.511672,14.6,-0.0,-1.7,-2.3,97.7,97.7,-0.03,-0.05,0.0,24.14,63,POSCTL,0,0
2026-08-26T16:39:49,1787737190,13.822688,100.511672,14.6,0.0,-1.7,-2.3,97.7,97.7,-0.03,-0.04,0.0,24.14,63,POSCTL,0,0
2026-08-26T16:39:50,1787737191,13.822688,100.511672,14.6,0.0,-1.7,-2.3,97.7,97.7,-0.03,-0.04,0.0,24.14,63,POSCTL,0,0
2026-08-26T16:39:51,1787737192,13.822688,100.511674,14.6,0.0,-1.8,-2.4,97.7,97.7,-0.03,-0.04,0.0,24.14,63,POSCTL,0,0
2026-08-26T16:39:52,1787737193,13.822688,100.511673,14.6,0.0,-1.8,-2.4,97.7,97.7,0.0,0.01,0.0,24.14,63,POSCTL,0,0
2026-08-26T16:39:53,1787737194,13.822688,100.511673,14.6,0.0,-1.8,-2.4,97.7,97.7,0.0,0.01,0.0,24.14,63,POSCTL,0,0
2026-08-26T16:39:54,1787737195,13.822688,100.511673,14.6,0.0,-1.8,-2.4,97.7,97.7,0.0,0.01,0.0,24.14,63,POSCTL,0,0
2026-08-26T16:39:55,1787737196,13.822688,100.511674,14.6,-0.0,-1.8,-2.4,97.7,97.7,0.0,0.0,0.0,24.14,63,POSCTL,0,0
2026-08-26T16:39:56,1787737197,13.822688,100.511674,14.6,-0.0,-1.8,-2.4,97.7,97.7,0.0,0.0,0.0,24.14,63,POSCTL,0,0
2026-08-26T16:39:57,1787737198,13.822688,100.511674,14.6,-0.0,-1.8,-2.4,97.7,97.7,0.0,0.0,0.0,24.14,63,POSCTL,0,0
2026-08-26T16:39:58,1787737199,13.822688,100.511674,14.6,-0.0,-1.8,-2.4,97.7,97.7,0.0,0.0,0.0,24.14,63,POSCTL,0,0
2026-08-26T16:39:59,1787737200,13.822688,100.511673,14.6,-0.0,-1.8,-2.3,97.7,97.7,0.0,-0.01,0.0,24.14,63,POSCTL,0,0
2026-08-26T16:40:00,1787737201,13.822688,100.511673,14.6,-0.0,-1.8,-2.3,97.7,97.7,0.0,-0.01,0.0,24.14,63,POSCTL,0,0
2026-08-26T16:40:01,1787737202,13.822688,100.511673,14.6,-0.0,-1.8,-2.3,97.7,97.7,0.0,-0.01,0.0,24.14,63,POSCTL,0,0
2026-08-26T16:40:02,1787737203,13.822688,100.511673,14.6,-0.0,-1.8,-2.3,97.7,97.7,0.0,-0.01,0.0,24.14,63,POSCTL,0,0
2026-08-26T16:40:03,1787737204,13.822688,100.511673,14.6,-0.0,-1.8,-2.3,97.7,97.7,0.0,0.0,0.0,24.14,63,POSCTL,0,0
2026-08-26T16:40:04,1787737205,13.822688,100.511673,14.6,-0.0,-1.8,-2.3,97.7,97.7,0.0,0.0,0.0,24.14,63,POSCTL,0,0
2026-08-26T16:40:05,1787737206,13.822688,100.511673,14.6,-0.0,-1.8,-2.3,97.7,97.7,0.0,0.0,0.0,24.14,63,POSCTL,0,0
2026-08-26T16:40:08,1787737209,13.822688,100.511673,14.6,-0.0,-1.8,-2.4,97.7,97.7,0.0,0.0,0.0,24.14,63,POSCTL,0,0
2026-08-26T16:40:09,1787737210,13.822688,100.511673,14.6,-0.0,-1.8,-2.4,97.7,97.7,0.0,0.0,0.0,24.14,63,POSCTL,0,0
2026-08-26T16:40:10,1787737211,13.822688,100.511673,14.6,-0.0,-1.8,-2.4,97.7,97.7,0.0,0.0,0.0,24.14,63,POSCTL,0,0
2026-08-26T16:40:11,1787737212,13.822687,100.51167,14.6,-0.01,-1.7,-2.3,97.7,97.7,-0.01,-0.03,0.0,24.14,63,POSCTL,0,0
2026-08-26T16:40:12,1787737213,13.822687,100.51167,14.6,-0.01,-1.7,-2.3,97.7,97.7,-0.01,-0.03,0.0,24.14,63,POSCTL,0,0
2026-08-26T16:40:13,1787737214,13.822687,100.51167,14.6,-0.01,-1.7,-2.3,97.7,97.7,-0.01,-0.03,0.0,24.14,63,POSCTL,0,0
2026-08-26T16:40:14,1787737215,13.822687,100.51167,14.6,-0.0,-1.7,-2.3,97.7,97.7,-0.01,-0.03,0.0,24.14,63,POSCTL,0,0
2026-08-26T16:40:15,1787737216,13.822687,100.51167,14.6,-0.0,-1.7,-2.3,97.7,97.7,-0.01,-0.03,0.0,24.14,63,POSCTL,0,0
2026-08-26T16:40:16,1787737217,13.822687,100.51167,14.6,-0.0,-1.7,-2.3,97.7,97.7,-0.01,-0.03,0.0,24.14,63,POSCTL,0,0
2026-08-26T16:40:17,1787737218,13.822687,100.51167,14.6,-0.0,-1.7,-2.3,97.7,97.7,-0.01,-0.03,0.0,24.14,63,POSCTL,0,0
2026-08-26T16:40:20,1787737221,13.822686,100.511668,14.6,-0.01,-1.8,-2.3,97.7,97.7,-0.03,-0.05,0.0,24.14,63,POSCTL,0,0
2026-08-26T16:40:21,1787737222,13.822687,100.511669,14.6,-0.01,-1.8,-2.3,97.7,97.7,0.0,-0.01,0.0,24.14,63,POSCTL,0,0
2026-08-26T16:40:22,1787737223,13.822687,100.511669,14.6,-0.01,-1.8,-2.4,97.7,97.7,0.0,-0.01,0.0,24.14,63,POSCTL,0,0
2026-08-26T16:40:23,1787737224,13.822687,100.511668,14.6,-0.0,-1.8,-2.4,97.7,97.7,0.0,0.01,0.0,24.14,63,POSCTL,0,0
2026-08-26T16:40:24,1787737225,13.822687,100.511668,14.6,-0.0,-1.8,-2.4,97.7,97.7,0.0,0.01,0.0,24.14,63,POSCTL,0,0
2026-08-26T16:40:25,1787737226,13.822688,100.511669,14.6,-0.0,-1.8,-2.3,97.7,97.7,0.01,0.01,0.0,24.14,63,POSCTL,0,0
2026-08-26T16:40:26,1787737227,13.822688,100.511669,14.6,-0.0,-1.8,-2.3,97.7,97.7,0.01,0.01,0.0,24.14,63,POSCTL,0,0
2026-08-26T16:40:27,1787737228,13.822687,100.511669,14.6,-0.0,-1.8,-2.3,97.7,97.7,0.0,0.01,0.0,24.14,63,POSCTL,0,0
2026-08-26T16:40:28,1787737229,13.822687,100.511669,14.6,-0.0,-1.8,-2.3,97.7,97.7,0.0,0.01,0.0,24.14,63,POSCTL,0,0
2026-08-26T16:40:29,1787737230,13.822688,100.511669,14.6,0.0,-1.8,-2.4,97.7,97.7,0.01,0.02,0.0,24.14,63,POSCTL,0,0
2026-08-26T16:40:30,1787737231,13.822688,100.511669,14.6,0.0,-1.8,-2.4,97.7,97.7,0.01,0.02,0.0,24.14,63,POSCTL,0,0
2026-08-26T16:40:31,1787737232,13.822689,100.511669,14.6,0.0,-1.8,-2.4,97.7,97.7,0.01,0.02,0.0,24.14,63,POSCTL,0,0
2026-08-26T16:40:32,1787737233,13.822689,100.511669,14.6,0.0,-1.8,-2.4,97.7,97.7,0.01,0.02,0.0,24.14,63,POSCTL,0,0
2026-08-26T16:40:33,1787737234,13.822688,100.511669,14.6,-0.01,-1.7,-2.3,97.7,97.7,-0.01,-0.03,0.0,24.14,63,POSCTL,0,0
2026-08-26T16:40:34,1787737235,13.822688,100.511669,14.6,-0.01,-1.7,-2.3,97.7,97.7,-0.01,-0.03,0.0,24.14,63,POSCTL,0,0
2026-08-26T16:40:35,1787737236,13.822688,100.511669,14.6,-0.01,-1.7,-2.3,97.7,97.7,-0.01,-0.03,0.0,24.14,63,POSCTL,0,0
2026-08-26T16:40:36,1787737237,13.822688,100.511669,14.6,-0.01,-1.7,-2.3,97.7,97.7,-0.01,-0.03,0.0,24.14,63,POSCTL,0,0
2026-08-26T16:40:37,1787737238,13.822688,100.511669,14.6,-0.01,-1.7,-2.3,97.7,97.7,-0.01,-0.03,0.0,24.14,63,POSCTL,0,0
2026-08-26T16:40:38,1787737239,13.822688,100.511669,14.6,-0.01,-1.7,-2.3,97.7,97.7,-0.01,-0.03,0.0,24.14,63,POSCTL,0,0
2026-08-26T16:40:39,1787737240,13.822687,100.511668,14.6,-0.01,-1.7,-2.3,97.7,97.7,-0.02,-0.04,0.0,24.14,63,POSCTL,0,0
2026-08-26T16:40:40,1787737241,13.822687,100.511668,14.6,-0.01,-1.7,-2.3,97.7,97.7,-0.02,-0.04,0.0,24.14,63,POSCTL,0,0
2026-08-26T16:40:41,1787737242,13.822686,100.511667,14.6,-0.01,-1.7,-2.3,97.7,97.7,-0.02,-0.04,0.0,24.14,63,POSCTL,0,0
2026-08-26T16:40:42,1787737243,13.822687,100.511667,14.6,-0.01,-1.7,-2.3,97.7,97.7,-0.02,-0.04,0.0,24.14,63,POSCTL,0,0
2026-08-26T16:40:43,1787737244,13.822686,100.511667,14.6,-0.0,-1.8,-2.4,97.7,97.7,0.0,-0.01,0.0,24.14,63,POSCTL,0,0
2026-08-26T16:40:44,1787737245,13.822686,100.511667,14.6,-0.0,-1.8,-2.4,97.7,97.7,0.0,-0.01,0.0,24.14,63,POSCTL,0,0
2026-08-26T16:40:45,1787737246,13.822686,100.511667,14.6,-0.0,-1.8,-2.4,97.7,97.7,0.0,-0.01,0.0,24.14,63,POSCTL,0,0
2026-08-26T16:40:46,1787737247,13.822686,100.511667,14.6,-0.0,-1.8,-2.4,97.7,97.7,0.0,-0.01,0.0,24.14,63,POSCTL,0,0
2026-08-26T16:40:47,1787737248,13.822686,100.511667,14.6,-0.0,-1.8,-2.4,97.7,97.7,0.0,-0.01,0.0,24.14,63,POSCTL,0,0
2026-08-26T16:40:48,1787737249,13.822686,100.511667,14.6,-0.0,-1.8,-2.4,97.7,97.7,0.0,-0.01,0.0,24.14,63,POSCTL,0,0
2026-08-26T16:40:49,1787737250,13.822687,100.511667,14.6,-0.0,-1.8,-2.4,97.7,97.7,0.01,0.03,0.0,24.14,63,POSCTL,0,0
2026-08-26T16:40:51,1787737252,13.822687,100.511667,14.6,-0.0,-1.7,-2.3,97.7,97.7,0.01,0.03,0.0,24.14,63,POSCTL,0,0
2026-08-26T16:40:52,1787737253,13.822686,100.511666,14.6,0.0,-1.7,-2.3,97.7,97.7,0.0,0.0,0.0,24.14,63,POSCTL,0,0
2026-08-26T16:40:53,1787737254,13.822686,100.511665,14.6,0.0,-1.7,-2.3,97.7,97.7,0.0,-0.01,0.0,24.14,63,POSCTL,0,0
2026-08-26T16:40:54,1787737255,13.822686,100.511665,14.6,0.0,-1.7,-2.3,97.7,97.7,0.0,-0.01,0.0,24.14,63,POSCTL,0,0
2026-08-26T16:40:55,1787737256,13.822686,100.511664,14.6,0.0,-1.7,-2.3,97.7,97.7,-0.02,-0.03,0.0,24.14,63,POSCTL,0,0
2026-08-26T16:40:56,1787737257,13.822686,100.511663,14.6,0.0,-1.7,-2.3,97.7,97.7,-0.02,-0.03,0.0,24.14,63,POSCTL,0,0
2026-08-26T16:40:57,1787737258,13.822686,100.511663,14.6,0.0,-1.7,-2.3,97.7,97.7,-0.02,-0.03,0.0,24.14,63,POSCTL,0,0
2026-08-26T16:40:58,1787737259,13.822686,100.511663,14.6,0.0,-1.7,-2.3,97.7,97.7,-0.02,-0.03,0.0,24.14,63,POSCTL,0,0
2026-08-26T16:40:59,1787737260,13.822686,100.511663,14.6,0.0,-1.7,-2.3,97.7,97.7,-0.02,-0.03,0.0,24.14,63,POSCTL,0,0
2026-08-26T16:41:00,1787737261,13.822686,100.511662,14.6,0.0,-1.7,-2.3,97.7,97.7,-0.02,-0.03,0.0,24.14,63,POSCTL,0,0
2026-08-26T16:41:01,1787737262,13.822686,100.511662,14.6,0.0,-1.8,-2.4,97.7,97.7,-0.02,-0.03,0.0,24.14,63,POSCTL,0,0
2026-08-26T16:41:03,1787737264,13.822686,100.511662,14.6,0.0,-1.7,-2.3,97.7,97.7,-0.02,-0.03,0.0,24.14,63,POSCTL,0,0
2026-08-26T16:41:04,1787737265,13.822686,100.51166,14.6,-0.01,-1.7,-2.3,97.7,97.7,-0.01,-0.04,0.0,24.14,63,POSCTL,0,0
2026-08-26T16:41:05,1787737266,13.822686,100.51166,14.6,-0.0,-1.7,-2.3,97.7,97.7,-0.02,-0.03,0.0,24.14,63,POSCTL,0,0
2026-08-26T16:41:06,1787737267,13.822686,100.51166,14.6,-0.0,-1.7,-2.3,97.7,97.7,-0.02,-0.03,0.0,24.14,63,POSCTL,0,0
2026-08-26T16:41:07,1787737268,13.822686,100.51166,14.6,-0.0,-1.7,-2.3,97.7,97.7,-0.02,-0.03,0.0,24.14,63,POSCTL,0,0
2026-08-26T16:41:08,1787737269,13.822686,100.511659,14.6,-0.0,-1.7,-2.3,97.7,97.7,-0.01,-0.02,0.0,24.14,63,POSCTL,0,0
2026-08-26T16:41:09,1787737270,13.822686,100.511659,14.6,-0.0,-1.7,-2.3,97.7,97.7,-0.01,-0.02,0.0,24.14,63,POSCTL,0,0
2026-08-26T16:41:10,1787737271,13.822686,100.511659,14.6,-0.0,-1.7,-2.3,97.7,97.7,-0.01,-0.02,0.0,24.14,63,POSCTL,0,0
2026-08-26T16:41:11,1787737272,13.822686,100.511659,14.6,-0.0,-1.7,-2.3,97.7,97.7,-0.01,-0.02,0.0,24.14,63,POSCTL,0,0
2026-08-26T16:41:12,1787737273,13.822686,100.511659,14.6,-0.0,-1.7,-2.3,97.7,97.7,-0.01,-0.02,0.0,24.14,63,POSCTL,0,0
2026-08-26T16:41:13,1787737274,13.822686,100.511659,14.6,-0.0,-1.7,-2.3,97.7,97.7,-0.01,-0.02,0.0,24.14,63,POSCTL,0,0
2026-08-26T16:41:14,1787737275,13.822686,100.511659,14.6,-0.0,-1.7,-2.3,97.7,97.7,-0.01,-0.02,0.0,24.14,63,POSCTL,0,0
2026-08-26T16:41:15,1787737276,13.822689,100.511657,14.6,-0.01,-1.7,-2.3,97.7,97.7,-0.02,-0.06,0.0,24.14,63,POSCTL,0,0
2026-08-26T16:41:16,1787737277,13.822689,100.511657,14.6,-0.01,-1.7,-2.3,97.7,97.7,-0.02,-0.06,0.0,24.14,63,POSCTL,0,0
2026-08-26T16:41:17,1787737278,13.822688,100.511657,14.6,-0.0,-1.7,-2.3,97.7,97.7,0.0,-0.03,0.0,24.14,63,POSCTL,0,0
2026-08-26T16:41:18,1787737279,13.822688,100.511657,14.6,-0.0,-1.7,-2.3,97.7,97.7,0.0,-0.03,0.0,24.14,63,POSCTL,0,0
2026-08-26T16:41:19,1787737280,13.822688,100.511657,14.6,-0.0,-1.7,-2.3,97.7,97.7,0.01,-0.01,0.0,24.14,63,POSCTL,0,0
2026-08-26T16:41:20,1787737281,13.822688,100.511657,14.6,-0.0,-1.8,-2.4,97.7,97.7,0.01,-0.01,0.0,24.14,63,POSCTL,0,0
2026-08-26T16:41:21,1787737282,13.822688,100.511657,14.6,-0.0,-1.8,-2.4,97.7,97.7,0.01,-0.01,0.0,24.14,63,POSCTL,0,0
2026-08-26T16:41:22,1787737283,13.822688,100.511657,14.6,-0.0,-1.8,-2.4,97.7,97.7,0.01,-0.01,0.0,24.14,63,POSCTL,0,0
2026-08-26T16:41:23,1787737284,13.822688,100.511651,14.6,-0.0,-1.8,-2.4,97.7,97.7,0.01,-0.01,0.0,24.14,63,POSCTL,0,0
2026-08-26T16:41:24,1787737285,13.822688,100.511651,14.6,-0.0,-1.8,-2.4,97.7,97.7,0.01,-0.01,0.0,24.14,63,POSCTL,0,0
2026-08-26T16:41:25,1787737286,13.822688,100.511651,14.6,-0.01,-1.7,-2.4,97.7,97.7,-0.01,-0.03,0.0,24.14,63,POSCTL,0,0
2026-08-26T16:41:26,1787737287,13.822688,100.511651,14.6,-0.01,-1.7,-2.4,97.7,97.7,-0.01,-0.03,0.0,24.14,63,POSCTL,0,0
2026-08-26T16:41:27,1787737288,13.822688,100.511651,14.6,-0.01,-1.8,-2.4,97.7,97.7,-0.01,-0.02,0.0,24.14,63,POSCTL,0,0
2026-08-26T16:41:28,1787737289,13.822689,100.511651,14.6,-0.01,-1.8,-2.4,97.7,97.7,-0.01,-0.02,0.0,24.14,63,POSCTL,0,0
2026-08-26T16:41:29,1787737290,13.822689,100.511651,14.6,-0.01,-1.8,-2.4,97.7,97.7,-0.01,-0.02,0.0,24.14,63,POSCTL,0,0
2026-08-26T16:41:30,1787737291,13.822689,100.511651,14.6,-0.01,-1.8,-2.4,97.7,97.7,-0.01,-0.02,0.0,24.14,63,POSCTL,0,0
2026-08-26T16:41:31,1787737292,13.822689,100.511651,14.6,-0.01,-1.8,-2.4,97.7,97.7,-0.01,-0.02,0.0,24.14,63,POSCTL,0,0
2026-08-26T16:41:32,1787737293,13.822689,100.511651,14.6,-0.01,-1.8,-2.4,97.7,97.7,-0.01,-0.02,0.0,24.14,63,POSCTL,0,0
2026-08-26T16:41:33,1787737294,13.822689,100.511651,14.6,-0.01,-1.8,-2.4,97.7,97.7,-0.01,-0.02,0.0,24.14,63,POSCTL,0,0
2026-08-26T16:41:34,1787737295,13.822689,100.511651,14.6,-0.01,-1.8,-2.4,97.7,97.7,-0.01,-0.02,0.0,24.14,63,POSCTL,0,0
2026-08-26T16:41:35,1787737296,13.822689,100.511651,14.6,-0.01,-1.8,-2.4,97.7,97.7,-0.01,-0.02,0.0,24.14,63,POSCTL,0,0
2026-08-26T16:41:36,1787737297,13.822689,100.511649,14.6,0.01,-1.8,-2.4,97.7,97.7,0.0,0.0,0.0,24.13,63,POSCTL,0,0
2026-08-26T16:41:37,1787737298,13.822689,100.511649,14.6,0.0,-1.8,-2.4,97.7,97.7,0.0,-0.01,0.0,24.13,63,POSCTL,0,0
2026-08-26T16:41:38,1787737299,13.822689,100.511649,14.6,0.0,-1.8,-2.4,97.7,97.7,0.0,-0.01,0.0,24.13,63,POSCTL,0,0
2026-08-26T16:41:39,1787737300,13.822688,100.511649,14.6,0.0,-1.8,-2.4,97.7,97.7,-0.01,-0.01,0.0,24.13,63,POSCTL,0,0
2026-08-26T16:41:40,1787737301,13.822688,100.511649,14.6,0.0,-1.8,-2.4,97.7,97.7,-0.01,-0.01,0.0,24.13,63,POSCTL,0,0
2026-08-26T16:41:41,1787737302,13.822688,100.511648,14.6,0.0,-1.8,-2.4,97.7,97.7,-0.01,-0.01,0.0,24.13,63,POSCTL,0,0
2026-08-26T16:41:42,1787737303,13.822688,100.511648,14.6,0.0,-1.8,-2.4,97.7,97.7,-0.01,-0.01,0.0,24.13,63,POSCTL,0,0
2026-08-26T16:41:43,1787737304,13.822688,100.511648,14.6,0.0,-1.8,-2.4,97.7,97.7,-0.01,-0.01,0.0,24.13,63,POSCTL,0,0
2026-08-26T16:41:44,1787737305,13.822688,100.511648,14.6,0.0,-1.8,-2.4,97.7,97.7,-0.01,-0.01,0.0,24.13,63,POSCTL,0,0
2026-08-26T16:41:45,1787737306,13.822688,100.511648,14.6,0.0,-1.8,-2.4,97.7,97.7,-0.01,-0.01,0.0,24.13,63,POSCTL,0,0
2026-08-26T16:41:46,1787737307,13.822688,100.511648,14.6,0.0,-1.8,-2.4,97.7,97.7,-0.01,-0.01,0.0,24.13,63,POSCTL,0,0
2026-08-26T16:41:47,1787737308,13.822687,100.511645,14.6,-0.0,-1.8,-2.3,97.7,97.7,0.0,-0.03,0.0,24.13,63,POSCTL,0,0
2026-08-26T16:41:48,1787737309,13.822687,100.511644,14.6,-0.0,-1.8,-2.3,97.7,97.7,0.0,-0.03,0.0,24.13,63,POSCTL,0,0
2026-08-26T16:41:49,1787737310,13.822687,100.511645,14.6,-0.0,-1.8,-2.3,97.7,97.7,0.0,-0.03,0.0,24.13,63,POSCTL,0,0
2026-08-26T16:41:50,1787737311,13.822687,100.511645,14.6,-0.0,-1.8,-2.3,97.7,97.7,0.0,-0.03,0.0,24.13,63,POSCTL,0,0
2026-08-26T16:41:51,1787737312,13.822687,100.511644,14.6,-0.01,-1.8,-2.4,97.7,97.7,0.01,-0.01,0.0,24.13,63,POSCTL,0,0
2026-08-26T16:41:52,1787737313,13.822687,100.511644,14.6,-0.01,-1.8,-2.4,97.7,97.7,0.01,-0.01,0.0,24.13,63,POSCTL,0,0
2026-08-26T16:41:53,1787737314,13.822687,100.511644,14.6,-0.01,-1.8,-2.4,97.7,97.7,0.01,-0.01,0.0,24.13,63,POSCTL,0,0
2026-08-26T16:41:54,1787737315,13.822687,100.511644,14.6,-0.01,-1.8,-2.4,97.7,97.7,0.01,-0.01,0.0,24.13,63,POSCTL,0,0
2026-08-26T16:41:55,1787737316,13.822687,100.511644,14.6,-0.01,-1.8,-2.4,97.7,97.7,0.01,-0.01,0.0,24.13,63,POSCTL,0,0
2026-08-26T16:41:57,1787737318,13.822687,100.511644,14.6,-0.01,-1.8,-2.4,97.7,97.7,0.01,-0.01,0.0,24.13,63,POSCTL,0,0
2026-08-26T16:41:58,1787737319,13.822688,100.511643,14.6,-0.01,-1.8,-2.4,97.7,97.7,0.01,-0.01,0.0,24.13,63,POSCTL,0,0
2026-08-26T16:41:59,1787737320,13.822688,100.511643,14.6,-0.01,-1.8,-2.4,97.7,97.7,0.01,0.03,0.0,24.13,63,POSCTL,0,0
2026-08-26T16:42:00,1787737321,13.822688,100.511643,14.6,-0.01,-1.8,-2.4,97.7,97.7,0.01,0.03,0.0,24.13,63,POSCTL,0,0
2026-08-26T16:42:01,1787737322,13.822688,100.511643,14.6,-0.01,-1.8,-2.4,97.7,97.7,0.02,0.03,0.0,24.13,63,POSCTL,0,0
2026-08-26T16:42:02,1787737323,13.822688,100.511643,14.6,-0.01,-1.8,-2.4,97.7,97.7,0.02,0.03,0.0,24.13,63,POSCTL,0,0
2026-08-26T16:42:03,1787737324,13.822688,100.511643,14.6,-0.01,-1.8,-2.3,97.7,97.7,0.02,0.03,0.0,24.13,63,POSCTL,0,0
2026-08-26T16:42:04,1787737325,13.822688,100.511643,14.6,-0.01,-1.8,-2.3,97.7,97.7,0.02,0.03,0.0,24.13,63,POSCTL,0,0
2026-08-26T16:42:05,1787737326,13.822689,100.511644,14.6,-0.01,-1.8,-2.3,97.7,97.7,0.02,0.03,0.0,24.13,63,POSCTL,0,0
2026-08-26T16:42:06,1787737327,13.822689,100.511644,14.6,-0.01,-1.8,-2.3,97.7,97.7,0.02,0.03,0.0,24.13,63,POSCTL,0,0
2026-08-26T16:42:07,1787737328,13.822689,100.511644,14.6,-0.01,-1.7,-2.3,97.7,97.7,0.0,-0.03,0.0,24.13,63,POSCTL,0,0
2026-08-26T16:42:08,1787737329,13.822689,100.511644,14.6,-0.01,-1.7,-2.3,97.7,97.7,0.0,-0.03,0.0,24.13,63,POSCTL,0,0
2026-08-26T16:42:09,1787737330,13.822689,100.511644,14.6,-0.01,-1.8,-2.3,97.6,97.6,0.0,-0.03,0.0,24.13,63,POSCTL,0,0
2026-08-26T16:42:10,1787737331,13.822689,100.511644,14.6,-0.01,-1.8,-2.3,97.6,97.6,0.0,-0.03,0.0,24.13,63,POSCTL,0,0
2026-08-26T16:42:11,1787737332,13.822689,100.511644,14.6,-0.01,-1.8,-2.3,97.6,97.6,0.0,-0.03,0.0,24.13,63,POSCTL,0,0
2026-08-26T16:42:12,1787737333,13.822689,100.511644,14.6,-0.01,-1.8,-2.3,97.6,97.6,0.0,-0.03,0.0,24.13,63,POSCTL,0,0
2026-08-26T16:42:13,1787737334,13.822689,100.511644,14.6,-0.01,-1.8,-2.3,97.6,97.6,0.0,-0.03,0.0,24.13,63,POSCTL,0,0
2026-08-26T16:42:14,1787737335,13.822689,100.511644,14.6,-0.01,-1.8,-2.4,97.7,97.7,0.0,-0.03,0.0,24.13,63,POSCTL,0,0
2026-08-26T16:42:15,1787737336,13.822689,100.511644,14.6,-0.01,-1.8,-2.4,97.7,97.7,0.0,-0.03,0.0,24.13,63,POSCTL,0,0
2026-08-26T16:42:16,1787737337,13.82269,100.511645,14.6,-0.0,-1.8,-2.4,97.7,97.7,0.01,0.0,0.0,24.13,63,POSCTL,0,0
2026-08-26T16:42:17,1787737338,13.82269,100.511645,14.6,-0.0,-1.8,-2.4,97.7,97.7,0.01,0.0,0.0,24.13,63,POSCTL,0,0
2026-08-26T16:42:18,1787737339,13.82269,100.511645,14.6,-0.0,-1.8,-2.3,97.7,97.7,0.01,0.0,0.0,24.13,63,POSCTL,0,0
2026-08-26T16:42:19,1787737340,13.82269,100.511645,14.6,-0.0,-1.7,-2.3,97.7,97.7,0.01,0.0,0.0,24.13,63,POSCTL,0,0
2026-08-26T16:42:20,1787737341,13.822692,100.511647,14.6,0.0,-1.8,-2.3,97.7,97.7,0.01,0.0,0.0,24.13,63,POSCTL,0,0
2026-08-26T16:42:21,1787737342,13.822692,100.511647,14.6,0.0,-1.8,-2.3,97.7,97.7,0.01,0.0,0.0,24.13,63,POSCTL,0,0
2026-08-26T16:42:22,1787737343,13.822693,100.511647,14.6,0.0,-1.7,-2.3,97.7,97.7,0.01,0.01,0.0,24.13,63,POSCTL,0,0
2026-08-26T16:42:23,1787737344,13.822693,100.511647,14.6,0.0,-1.7,-2.3,97.7,97.7,0.01,0.01,0.0,24.13,63,POSCTL,0,0
2026-08-26T16:42:24,1787737345,13.822693,100.511647,14.6,0.0,-1.7,-2.3,97.7,97.7,0.01,0.01,0.0,24.13,63,POSCTL,0,0
2026-08-26T16:42:25,1787737346,13.822693,100.511647,14.6,0.0,-1.7,-2.3,97.7,97.7,0.01,0.01,0.0,24.13,63,POSCTL,0,0
2026-08-26T16:42:26,1787737347,13.822693,100.511647,14.6,0.0,-1.7,-2.3,97.7,97.7,0.01,0.01,0.0,24.13,63,POSCTL,0,0
2026-08-26T16:42:27,1787737348,13.822693,100.511647,14.6,0.0,-1.7,-2.3,97.7,97.7,0.01,0.01,0.0,24.13,63,POSCTL,0,0
2026-08-26T16:42:28,1787737349,13.822694,100.511649,14.6,0.01,-1.7,-2.3,97.7,97.7,0.01,0.0,0.0,24.13,63,POSCTL,0,0
2026-08-26T16:42:29,1787737350,13.822694,100.511649,14.6,0.01,-1.7,-2.3,97.7,97.7,0.01,0.0,0.0,24.13,63,POSCTL,0,0
2026-08-26T16:42:30,1787737351,13.822694,100.51165,14.6,0.01,-1.7,-2.3,97.7,97.7,0.0,0.02,0.0,24.13,63,POSCTL,0,0
2026-08-26T16:42:31,1787737352,13.822693,100.511651,14.6,0.01,-1.7,-2.3,97.7,97.7,0.0,0.02,0.0,24.13,63,POSCTL,0,0
2026-08-26T16:42:32,1787737353,13.822694,100.511652,14.6,0.01,-1.7,-2.3,97.7,97.7,0.0,0.02,0.0,24.13,63,POSCTL,0,0
2026-08-26T16:42:33,1787737354,13.822694,100.511652,14.6,0.01,-1.7,-2.3,97.7,97.7,0.0,0.02,0.0,24.13,63,POSCTL,0,0
2026-08-26T16:42:34,1787737355,13.822694,100.511652,14.6,0.01,-1.7,-2.3,97.6,97.6,0.0,0.02,0.0,24.13,63,POSCTL,0,0
2026-08-26T16:42:35,1787737356,13.822694,100.511652,14.6,0.01,-1.7,-2.3,97.6,97.6,0.0,0.02,0.0,24.13,63,POSCTL,0,0
2026-08-26T16:42:36,1787737357,13.822694,100.511652,14.6,0.01,-1.7,-2.3,97.7,97.7,0.0,0.02,0.0,24.13,63,POSCTL,0,0
2026-08-26T16:42:37,1787737358,13.822693,100.511652,14.6,0.02,-1.7,-2.3,97.7,97.7,0.0,-0.01,0.0,24.13,63,POSCTL,0,0
2026-08-26T16:42:38,1787737359,13.822693,100.511651,14.6,0.01,-1.7,-2.3,97.7,97.7,-0.02,-0.02,0.0,24.13,63,POSCTL,0,0
2026-08-26T16:42:39,1787737360,13.822693,100.511652,14.6,0.01,-1.7,-2.3,97.7,97.7,-0.02,-0.02,0.0,24.13,63,POSCTL,0,0
2026-08-26T16:42:40,1787737361,13.822693,100.511652,14.6,0.01,-1.7,-2.3,97.6,97.6,-0.02,-0.02,0.0,24.13,63,POSCTL,0,0
2026-08-26T16:42:41,1787737362,13.822693,100.511651,14.6,0.01,-1.7,-2.3,97.6,97.6,-0.04,-0.07,0.0,24.13,63,POSCTL,0,0
2026-08-26T16:42:42,1787737363,13.822693,100.511651,14.6,0.01,-1.7,-2.3,97.6,97.6,-0.04,-0.07,0.0,24.13,63,POSCTL,0,0
2026-08-26T16:42:43,1787737364,13.822693,100.511651,14.6,0.01,-1.7,-2.3,97.6,97.6,-0.04,-0.07,0.0,24.13,63,POSCTL,0,0
2026-08-26T16:42:44,1787737365,13.822693,100.511651,14.6,0.01,-1.8,-2.3,97.7,97.7,-0.04,-0.07,0.0,24.13,63,POSCTL,0,0
2026-08-26T16:42:45,1787737366,13.822693,100.511651,14.6,0.02,-1.8,-2.3,97.7,97.7,0.01,0.0,0.0,24.13,63,POSCTL,0,0
2026-08-26T16:42:46,1787737367,13.822694,100.511653,14.6,0.02,-1.8,-2.3,97.7,97.7,0.01,0.0,0.0,24.13,63,POSCTL,0,0
2026-08-26T16:42:47,1787737368,13.822694,100.511653,14.7,0.02,-1.8,-2.3,97.7,97.7,0.03,0.03,0.0,24.13,63,POSCTL,0,0
2026-08-26T16:42:48,1787737369,13.822694,100.511653,14.7,0.02,-1.8,-2.3,97.7,97.7,0.02,0.03,0.0,24.13,63,POSCTL,0,0
2026-08-26T16:42:49,1787737370,13.822694,100.511653,14.7,0.02,-1.8,-2.3,97.7,97.7,0.02,0.03,0.0,24.13,63,POSCTL,0,0
2026-08-26T16:42:50,1787737371,13.822694,100.511653,14.7,0.02,-1.8,-2.3,97.8,97.8,0.02,0.03,0.0,24.13,63,POSCTL,0,0
2026-08-26T16:42:51,1787737372,13.822694,100.511653,14.7,0.02,-1.8,-2.3,97.8,97.8,0.02,0.03,0.0,24.13,63,POSCTL,0,0
2026-08-26T16:42:52,1787737373,13.822694,100.511653,14.7,0.02,-1.8,-2.3,97.8,97.8,0.02,0.03,0.0,24.13,63,POSCTL,0,0
2026-08-26T16:42:53,1787737374,13.822694,100.511653,14.7,0.02,-1.8,-2.3,97.8,97.8,0.02,0.03,0.0,24.13,63,POSCTL,0,0
2026-08-26T16:42:54,1787737375,13.822694,100.511653,14.7,0.02,-1.8,-2.3,97.8,97.8,0.02,0.03,0.0,24.13,63,POSCTL,0,0
2026-08-26T16:42:55,1787737376,13.822694,100.511653,14.7,0.02,-1.8,-2.3,97.8,97.8,0.02,0.03,0.0,24.13,63,POSCTL,0,0
2026-08-26T16:42:56,1787737377,13.822783,100.511791,14.7,-0.0,-1.5,-2.0,98.1,98.1,0.06,0.09,0.0,24.13,63,POSCTL,0,0
2026-08-26T16:42:57,1787737378,13.822783,100.511791,14.7,-0.0,-1.5,-2.0,98.1,98.1,0.06,0.09,0.0,24.13,63,POSCTL,0,0
2026-08-26T16:42:58,1787737379,13.822716,100.511687,14.7,-0.0,-1.4,-1.9,98.1,98.1,-0.04,-0.07,0.0,24.13,63,POSCTL,0,0
2026-08-26T16:42:59,1787737380,13.822716,100.511687,14.7,-0.0,-1.5,-2.0,98.0,98.0,-0.04,-0.07,0.0,24.13,63,POSCTL,0,0
2026-08-26T16:43:00,1787737381,13.822817,100.511846,14.7,-0.0,-1.5,-2.0,98.0,98.0,-0.07,-0.11,0.0,24.13,63,POSCTL,0,0
2026-08-26T16:43:01,1787737382,13.822817,100.511846,14.7,-0.0,-1.5,-2.0,98.0,98.0,-0.07,-0.11,0.0,24.13,63,POSCTL,0,0
2026-08-26T16:43:02,1787737383,13.822817,100.511846,14.7,-0.0,-1.5,-2.0,98.0,98.0,-0.07,-0.11,0.0,24.13,63,POSCTL,0,0
2026-08-26T16:43:03,1787737384,13.822817,100.511846,14.7,-0.0,-1.5,-2.0,98.0,98.0,-0.07,-0.11,0.0,24.13,63,POSCTL,0,0
2026-08-26T16:43:04,1787737385,13.822817,100.511846,14.7,-0.0,-1.5,-2.0,98.0,98.0,-0.07,-0.11,0.0,24.13,63,POSCTL,0,0
2026-08-26T16:43:05,1787737386,13.822817,100.511846,14.7,-0.0,-1.5,-2.0,98.0,98.0,-0.07,-0.11,0.0,24.13,63,POSCTL,0,0
2026-08-26T16:43:06,1787737387,13.822817,100.511846,14.7,-0.0,-1.5,-2.0,98.0,98.0,-0.07,-0.11,0.0,24.13,63,POSCTL,0,0
2026-08-26T16:43:07,1787737388,13.822817,100.511846,14.7,-0.0,-1.5,-2.0,98.0,98.0,-0.07,-0.11,0.0,24.13,63,POSCTL,0,0
2026-08-26T16:43:08,1787737389,13.822838,100.511877,14.7,0.01,-1.8,-2.4,98.1,98.1,0.06,0.11,0.0,24.13,63,POSCTL,0,0
2026-08-26T16:43:09,1787737390,13.822838,100.511877,14.7,0.01,-1.8,-2.4,98.1,98.1,0.06,0.11,0.0,24.13,63,POSCTL,0,0
2026-08-26T16:43:10,1787737391,13.822838,100.511877,14.7,0.01,-1.8,-2.4,98.1,98.1,0.06,0.11,0.0,24.13,63,POSCTL,0,0
2026-08-26T16:43:11,1787737392,13.822838,100.511877,14.7,0.01,-1.8,-2.4,98.1,98.1,0.06,0.11,0.0,24.13,63,POSCTL,0,0
2026-08-26T16:43:12,1787737393,13.822846,100.511888,14.8,0.0,-1.7,-2.3,98.0,98.0,0.09,0.12,0.0,24.13,63,POSCTL,0,0
2026-08-26T16:43:13,1787737394,13.822846,100.511888,14.8,0.0,-1.7,-2.3,98.0,98.0,0.09,0.12,0.0,24.13,63,POSCTL,0,0
2026-08-26T16:43:14,1787737395,13.822846,100.511888,14.8,0.0,-1.7,-2.3,98.0,98.0,0.09,0.12,0.0,24.13,63,POSCTL,0,0
2026-08-26T16:43:15,1787737396,13.822846,100.511888,14.8,0.0,-1.7,-2.3,98.0,98.0,0.09,0.12,0.0,24.13,63,POSCTL,0,0
2026-08-26T16:43:16,1787737397,13.822846,100.511888,14.8,0.0,-1.7,-2.3,98.0,98.0,0.09,0.12,0.0,24.13,63,POSCTL,0,0
2026-08-26T16:43:18,1787737398,13.822846,100.511888,14.8,0.0,-1.5,-2.1,97.7,97.7,0.09,0.12,0.0,24.13,63,POSCTL,0,0
2026-08-26T16:43:19,1787737399,13.822846,100.511888,14.8,0.0,-1.5,-2.1,97.7,97.7,0.09,0.12,0.0,24.13,63,POSCTL,0,0
2026-08-26T16:43:20,1787737400,13.822846,100.511888,14.8,0.0,-1.6,-2.2,97.7,97.7,0.09,0.12,0.0,24.13,63,POSCTL,0,0
2026-08-26T16:43:21,1787737401,13.82284,100.511877,14.8,0.0,-1.6,-2.2,97.7,97.7,-0.03,-0.06,0.0,24.13,63,POSCTL,0,0
2026-08-26T16:43:22,1787737402,13.822844,100.511884,14.8,-0.0,-1.7,-2.3,97.7,97.7,-0.03,-0.06,0.0,24.13,63,POSCTL,0,0
2026-08-26T16:43:23,1787737403,13.822841,100.51188,14.8,-0.0,-1.7,-2.3,97.7,97.7,-0.03,-0.06,0.0,24.13,63,POSCTL,0,0
2026-08-26T16:43:24,1787737404,13.822841,100.51188,14.8,-0.0,-1.7,-2.3,97.7,97.7,-0.03,-0.06,0.0,24.13,63,POSCTL,0,0
2026-08-26T16:43:25,1787737405,13.822841,100.51188,14.8,-0.0,-1.7,-2.3,97.7,97.7,-0.03,-0.06,0.0,24.13,63,POSCTL,0,0
2026-08-26T16:43:26,1787737406,13.822841,100.51188,14.8,-0.0,-1.7,-2.3,97.7,97.7,-0.03,-0.06,0.0,24.13,63,POSCTL,0,0
2026-08-26T16:43:28,1787737408,13.822841,100.51188,14.8,-0.0,-1.8,-2.3,97.7,97.7,-0.03,-0.06,0.0,24.13,63,POSCTL,0,0
2026-08-26T16:43:29,1787737409,13.822831,100.511868,14.8,-0.01,-1.8,-2.3,97.7,97.7,-0.09,-0.12,0.0,24.13,63,POSCTL,0,0
2026-08-26T16:43:30,1787737410,13.822831,100.511868,14.8,-0.01,-1.8,-2.4,97.8,97.8,-0.09,-0.12,0.0,24.13,63,POSCTL,0,0
2026-08-26T16:43:31,1787737411,13.822829,100.511866,14.8,0.0,-1.8,-2.4,97.8,97.8,-0.06,-0.08,0.0,24.13,63,POSCTL,0,0
2026-08-26T16:43:32,1787737412,13.822829,100.511866,14.8,0.0,-1.9,-2.4,97.8,97.8,-0.06,-0.08,0.0,24.13,63,POSCTL,0,0
2026-08-26T16:43:33,1787737413,13.822828,100.511864,14.7,0.0,-1.9,-2.4,97.8,97.8,-0.07,-0.11,0.0,24.13,63,POSCTL,0,0
2026-08-26T16:43:34,1787737414,13.822828,100.511864,14.7,0.0,-1.9,-2.4,97.8,97.8,-0.07,-0.11,0.0,24.13,63,POSCTL,0,0
2026-08-26T16:43:36,1787737416,13.822828,100.511864,14.7,0.0,-1.9,-2.5,97.8,97.8,-0.07,-0.11,0.0,24.13,63,POSCTL,0,0
2026-08-26T16:43:37,1787737417,13.822818,100.511848,14.7,0.0,-1.9,-2.5,97.8,97.8,-0.01,-0.04,0.0,24.13,63,POSCTL,0,0
2026-08-26T16:43:38,1787737418,13.822818,100.511848,14.7,0.0,-1.9,-2.5,97.8,97.8,-0.01,-0.04,0.0,24.12,62,POSCTL,0,0
2026-08-26T16:43:39,1787737419,13.822816,100.511844,14.7,-0.0,-1.9,-2.5,97.8,97.8,-0.03,-0.07,0.0,24.12,62,POSCTL,0,0
2026-08-26T16:43:40,1787737420,13.822816,100.511844,14.7,-0.0,-1.9,-2.5,97.8,97.8,-0.03,-0.07,0.0,24.12,62,POSCTL,0,0
2026-08-26T16:43:41,1787737421,13.822808,100.511831,14.7,-0.01,-1.9,-2.5,97.8,97.8,-0.06,-0.1,0.0,24.12,62,POSCTL,0,0
2026-08-26T16:43:42,1787737422,13.822808,100.511831,14.7,-0.01,-1.9,-2.5,97.7,97.7,-0.06,-0.1,0.0,24.12,62,POSCTL,0,0
2026-08-26T16:43:43,1787737423,13.822813,100.51184,14.7,-0.0,-1.9,-2.5,97.7,97.7,-0.07,-0.13,0.0,24.12,62,POSCTL,0,0
2026-08-26T16:43:44,1787737424,13.822813,100.51184,14.7,-0.0,-1.9,-2.5,97.7,97.7,-0.07,-0.13,0.0,24.12,62,POSCTL,0,0
2026-08-26T16:43:45,1787737425,13.822795,100.51181,14.7,-0.01,-1.9,-2.5,97.6,97.6,-0.08,-0.14,0.0,24.12,62,POSCTL,0,0
2026-08-26T16:43:46,1787737426,13.822795,100.51181,14.7,-0.01,-1.9,-2.5,97.6,97.6,-0.08,-0.14,0.0,24.12,62,POSCTL,0,0
2026-08-26T16:43:47,1787737427,13.822789,100.511802,14.7,-0.01,-2.0,-2.6,97.6,97.6,-0.07,-0.12,0.0,24.12,62,POSCTL,0,0
2026-08-26T16:43:48,1787737428,13.822789,100.511802,14.7,-0.01,-2.0,-2.6,97.6,97.6,-0.07,-0.12,0.0,24.12,62,POSCTL,0,0
2026-08-26T16:43:49,1787737429,13.82278,100.511788,14.7,-0.01,-2.1,-2.7,97.6,97.6,-0.05,-0.08,0.0,24.12,62,POSCTL,0,0
2026-08-26T16:43:50,1787737430,13.82278,100.511788,14.7,-0.01,-2.1,-2.7,97.6,97.6,-0.05,-0.08,0.0,24.12,62,POSCTL,0,0
2026-08-26T16:43:51,1787737431,13.82278,100.511788,14.7,-0.01,-2.1,-2.7,97.6,97.6,-0.05,-0.08,0.0,24.12,62,POSCTL,0,0
2026-08-26T16:43:52,1787737432,13.82278,100.511788,14.7,-0.01,-2.1,-2.7,97.6,97.6,-0.05,-0.08,0.0,24.12,62,POSCTL,0,0
2026-08-26T16:43:53,1787737433,13.82278,100.511788,14.7,-0.01,-2.1,-2.7,97.6,97.6,-0.05,-0.08,0.0,24.12,62,POSCTL,0,0
2026-08-26T16:43:54,1787737434,13.82278,100.511788,14.7,-0.01,-2.1,-2.7,97.6,97.6,-0.05,-0.08,0.0,24.12,62,POSCTL,0,0
2026-08-26T16:43:55,1787737435,13.822765,100.511765,14.6,-0.01,-2.1,-2.7,97.6,97.6,-0.05,-0.07,0.0,24.12,62,POSCTL,0,0
2026-08-26T16:43:56,1787737436,13.822765,100.511765,14.6,-0.01,-2.1,-2.7,97.6,97.6,-0.05,-0.07,0.0,24.12,62,POSCTL,0,0
2026-08-26T16:43:57,1787737437,13.822768,100.51177,14.6,-0.0,-2.1,-2.7,97.6,97.6,-0.02,-0.03,0.0,24.12,62,POSCTL,0,0
2026-08-26T16:43:58,1787737438,13.822759,100.511756,14.6,-0.0,-2.1,-2.7,97.6,97.6,-0.02,-0.03,0.0,24.12,62,POSCTL,0,0
2026-08-26T16:43:59,1787737439,13.822756,100.511752,14.6,-0.01,-2.1,-2.7,97.6,97.6,-0.01,-0.01,0.0,24.12,62,POSCTL,0,0
2026-08-26T16:44:00,1787737440,13.822756,100.511752,14.6,-0.01,-2.1,-2.7,97.6,97.6,-0.01,-0.01,0.0,24.12,62,POSCTL,0,0
2026-08-26T16:44:01,1787737441,13.822756,100.511752,14.6,-0.01,-2.1,-2.7,97.6,97.6,-0.01,-0.01,0.0,24.12,62,POSCTL,0,0
2026-08-26T16:44:02,1787737442,13.822756,100.511752,14.6,-0.01,-2.1,-2.7,97.6,97.6,-0.01,-0.01,0.0,24.12,62,POSCTL,0,0
2026-08-26T16:44:03,1787737443,13.822753,100.511747,14.6,-0.0,-2.0,-2.7,97.6,97.6,-0.02,-0.03,0.0,24.12,62,POSCTL,0,0
2026-08-26T16:44:04,1787737444,13.82274,100.511728,14.6,-0.0,-2.0,-2.7,97.6,97.6,-0.02,-0.03,0.0,24.12,62,POSCTL,0,0
2026-08-26T16:44:05,1787737445,13.822731,100.511714,14.5,-0.0,-2.0,-2.6,97.6,97.6,-0.07,-0.11,0.0,24.12,62,POSCTL,0,0
2026-08-26T16:44:06,1787737446,13.822731,100.511714,14.5,-0.0,-2.0,-2.6,97.6,97.6,-0.07,-0.11,0.0,24.12,62,POSCTL,0,0
2026-08-26T16:44:07,1787737447,13.822729,100.511711,14.5,0.0,-2.0,-2.7,97.7,97.7,-0.07,-0.1,0.0,24.12,62,POSCTL,0,0
2026-08-26T16:44:08,1787737448,13.822729,100.511711,14.5,0.0,-2.0,-2.7,97.7,97.7,-0.07,-0.1,0.0,24.12,62,POSCTL,0,0
2026-08-26T16:44:09,1787737449,13.822729,100.511711,14.5,0.0,-2.0,-2.7,97.7,97.7,-0.07,-0.1,0.0,24.12,62,POSCTL,0,0
2026-08-26T16:44:10,1787737450,13.822729,100.511711,14.5,0.0,-2.0,-2.7,97.7,97.7,-0.07,-0.1,0.0,24.12,62,POSCTL,0,0
2026-08-26T16:44:11,1787737451,13.822729,100.511711,14.5,0.0,-2.0,-2.7,97.7,97.7,-0.07,-0.1,0.0,24.12,62,POSCTL,0,0
2026-08-26T16:44:12,1787737452,13.822729,100.511711,14.5,0.0,-2.0,-2.7,97.7,97.7,-0.07,-0.1,0.0,24.12,62,POSCTL,0,0
2026-08-26T16:44:13,1787737453,13.822729,100.511711,14.5,0.0,-2.0,-2.7,97.7,97.7,-0.07,-0.1,0.0,24.12,62,POSCTL,0,0
2026-08-26T16:44:14,1787737454,13.822723,100.5117,14.5,0.0,-1.9,-2.5,97.6,97.6,-0.05,-0.09,0.0,24.12,62,POSCTL,0,0
2026-08-26T16:44:15,1787737455,13.822721,100.511697,14.5,0.0,-1.9,-2.5,97.6,97.6,-0.05,-0.09,0.0,24.12,62,POSCTL,0,0
2026-08-26T16:44:16,1787737456,13.822721,100.511697,14.5,0.0,-1.9,-2.6,97.6,97.6,-0.05,-0.09,0.0,24.12,62,POSCTL,0,0
2026-08-26T16:44:17,1787737457,13.82272,100.511694,14.5,-0.01,-1.9,-2.6,97.6,97.6,0.0,0.0,0.0,24.12,62,POSCTL,0,0
2026-08-26T16:44:18,1787737458,13.822721,100.511696,14.5,-0.01,-1.9,-2.5,97.6,97.6,-0.01,-0.01,0.0,24.12,62,POSCTL,0,0
2026-08-26T16:44:19,1787737459,13.822719,100.511692,14.5,-0.01,-1.9,-2.5,97.6,97.6,-0.01,-0.01,0.0,24.12,62,POSCTL,0,0
2026-08-26T16:44:20,1787737460,13.822719,100.511692,14.5,-0.01,-1.9,-2.5,97.6,97.6,-0.01,-0.01,0.0,24.12,62,POSCTL,0,0
2026-08-26T16:44:21,1787737461,13.822718,100.511689,14.5,-0.01,-1.9,-2.5,97.6,97.6,-0.01,-0.01,0.0,24.12,62,POSCTL,0,0
2026-08-26T16:44:22,1787737462,13.822718,100.511689,14.5,-0.01,-1.9,-2.5,97.5,97.5,-0.01,-0.01,0.0,24.12,62,POSCTL,0,0
2026-08-26T16:44:23,1787737463,13.822717,100.511688,14.5,-0.01,-1.9,-2.5,97.5,97.5,0.01,0.0,0.0,24.12,62,POSCTL,0,0
2026-08-26T16:44:24,1787737464,13.822717,100.511688,14.5,-0.01,-1.8,-2.4,97.5,97.5,0.01,0.0,0.0,24.12,62,POSCTL,0,0
2026-08-26T16:44:25,1787737465,13.822714,100.511684,14.5,-0.01,-1.8,-2.4,97.5,97.5,-0.01,-0.02,0.0,24.12,62,POSCTL,0,0
2026-08-26T16:44:26,1787737466,13.822714,100.511684,14.5,-0.01,-1.8,-2.4,97.5,97.5,-0.01,-0.02,0.0,24.12,62,POSCTL,0,0
2026-08-26T16:44:27,1787737467,13.822713,100.511683,14.5,-0.01,-1.8,-2.4,97.5,97.5,-0.01,-0.02,0.0,24.12,62,POSCTL,0,0
2026-08-26T16:44:28,1787737468,13.822713,100.511683,14.5,-0.01,-1.8,-2.4,97.5,97.5,-0.01,-0.02,0.0,24.12,62,POSCTL,0,0
2026-08-26T16:44:29,1787737469,13.822713,100.511683,14.5,-0.01,-1.8,-2.4,97.5,97.5,-0.01,-0.02,0.0,24.12,62,POSCTL,0,0
2026-08-26T16:44:30,1787737470,13.822713,100.511683,14.5,-0.01,-1.8,-2.4,97.5,97.5,-0.01,-0.02,0.0,24.12,62,POSCTL,0,0
2026-08-26T16:44:31,1787737471,13.822713,100.511683,14.5,-0.01,-1.8,-2.4,97.5,97.5,-0.01,-0.02,0.0,24.12,62,POSCTL,0,0
2026-08-26T16:44:32,1787737472,13.822713,100.511683,14.5,-0.01,-1.8,-2.4,97.5,97.5,-0.01,-0.02,0.0,24.12,62,POSCTL,0,0
2026-08-26T16:44:33,1787737473,13.822711,100.511679,14.5,-0.01,-1.8,-2.4,97.5,97.5,0.02,0.03,0.0,24.12,62,POSCTL,0,0
2026-08-26T16:44:34,1787737474,13.822711,100.511679,14.5,-0.01,-1.9,-2.4,97.5,97.5,0.02,0.03,0.0,24.12,62,POSCTL,0,0
2026-08-26T16:44:35,1787737475,13.82271,100.511678,14.5,-0.01,-1.9,-2.4,97.5,97.5,0.03,0.04,0.0,24.12,62,POSCTL,0,0
2026-08-26T16:44:36,1787737476,13.82271,100.511678,14.5,-0.01,-1.9,-2.4,97.5,97.5,0.03,0.04,0.0,24.12,62,POSCTL,0,0
2026-08-26T16:44:37,1787737477,13.822711,100.511679,14.4,0.0,-1.7,-2.3,97.5,97.5,-0.02,-0.03,0.0,24.12,62,POSCTL,0,0
2026-08-26T16:44:38,1787737478,13.822711,100.511679,14.4,0.0,-1.7,-2.3,97.5,97.5,-0.02,-0.03,0.0,24.12,62,POSCTL,0,0
2026-08-26T16:44:39,1787737479,13.822711,100.511679,14.4,0.0,-1.7,-2.3,97.5,97.5,-0.02,-0.03,0.0,24.12,62,POSCTL,0,0
2026-08-26T16:44:40,1787737480,13.822711,100.511679,14.4,0.0,-1.7,-2.3,97.5,97.5,-0.02,-0.03,0.0,24.12,62,POSCTL,0,0
2026-08-26T16:44:41,1787737481,13.822711,100.511679,14.4,0.0,-1.7,-2.3,97.5,97.5,-0.02,-0.03,0.0,24.12,62,POSCTL,0,0
2026-08-26T16:44:42,1787737482,13.822711,100.511679,14.4,0.0,-1.7,-2.3,97.5,97.5,-0.02,-0.03,0.0,24.12,62,POSCTL,0,0
2026-08-26T16:44:43,1787737483,13.822711,100.511679,14.4,0.0,-1.7,-2.3,97.5,97.5,-0.02,-0.03,0.0,24.12,62,POSCTL,0,0
2026-08-26T16:44:44,1787737484,13.822707,100.511674,14.4,-0.01,-1.8,-2.3,97.5,97.5,-0.03,-0.05,0.0,24.12,62,POSCTL,0,0
2026-08-26T16:44:45,1787737485,13.822707,100.511674,14.4,-0.01,-1.7,-2.3,97.5,97.5,-0.03,-0.05,0.0,24.12,62,POSCTL,0,0
2026-08-26T16:44:46,1787737486,13.822706,100.511673,14.4,-0.01,-1.7,-2.3,97.5,97.5,-0.06,-0.09,0.0,24.12,62,POSCTL,0,0
2026-08-26T16:44:47,1787737487,13.822706,100.511673,14.4,-0.01,-1.8,-2.3,97.5,97.5,-0.06,-0.09,0.0,24.12,62,POSCTL,0,0
2026-08-26T16:44:48,1787737488,13.822706,100.511673,14.4,-0.01,-1.8,-2.3,97.5,97.5,-0.06,-0.09,0.0,24.12,62,POSCTL,0,0
2026-08-26T16:44:49,1787737489,13.822706,100.511673,14.4,-0.01,-1.8,-2.3,97.5,97.5,-0.06,-0.09,0.0,24.12,62,POSCTL,0,0
2026-08-26T16:44:50,1787737490,13.822706,100.511674,14.4,-0.01,-1.8,-2.3,97.5,97.5,0.01,0.02,0.0,24.12,62,POSCTL,0,0
2026-08-26T16:44:51,1787737491,13.822706,100.511674,14.4,-0.01,-1.8,-2.4,97.5,97.5,0.01,0.02,0.0,24.12,62,POSCTL,0,0
2026-08-26T16:44:52,1787737492,13.822706,100.511674,14.4,-0.01,-1.8,-2.4,97.5,97.5,0.01,0.02,0.0,24.12,62,POSCTL,0,0
2026-08-26T16:44:53,1787737493,13.822705,100.511674,14.4,-0.01,-1.8,-2.3,97.4,97.4,0.0,-0.01,0.0,24.12,62,POSCTL,0,0
2026-08-26T16:44:54,1787737494,13.822705,100.511674,14.4,-0.01,-1.8,-2.3,97.4,97.4,0.0,-0.01,0.0,24.12,62,POSCTL,0,0
2026-08-26T16:44:55,1787737495,13.822704,100.511674,14.4,-0.01,-1.8,-2.3,97.4,97.4,0.0,-0.02,0.0,24.12,62,POSCTL,0,0
2026-08-26T16:44:56,1787737496,13.822704,100.511674,14.4,-0.01,-1.8,-2.3,97.4,97.4,0.0,-0.02,0.0,24.12,62,POSCTL,0,0
2026-08-26T16:44:57,1787737497,13.822704,100.511674,14.4,-0.01,-1.8,-2.3,97.4,97.4,0.0,-0.02,0.0,24.12,62,POSCTL,0,0
2026-08-26T16:44:58,1787737498,13.822704,100.511674,14.4,-0.01,-1.8,-2.3,97.4,97.4,0.0,-0.02,0.0,24.12,62,POSCTL,0,0
2026-08-26T16:45:00,1787737500,13.822704,100.511674,14.4,-0.01,-1.8,-2.3,97.4,97.4,0.0,-0.02,0.0,24.12,62,POSCTL,0,0
2026-08-26T16:45:01,1787737501,13.8227,100.511673,14.4,-0.01,-1.8,-2.3,97.5,97.5,0.01,0.0,0.0,24.12,62,POSCTL,0,0
2026-08-26T16:45:02,1787737502,13.8227,100.511673,14.4,-0.01,-1.8,-2.3,97.5,97.5,0.01,0.0,0.0,24.12,62,POSCTL,0,0
2026-08-26T16:45:03,1787737503,13.822702,100.511674,14.4,-0.0,-1.8,-2.3,97.5,97.5,0.0,-0.01,0.0,24.12,62,POSCTL,0,0
2026-08-26T16:45:04,1787737504,13.822699,100.511671,14.4,-0.0,-1.8,-2.3,97.5,97.5,0.0,-0.01,0.0,24.12,62,POSCTL,0,0
2026-08-26T16:45:05,1787737505,13.822696,100.511669,14.4,-0.01,-1.7,-2.2,97.4,97.4,-0.04,-0.07,0.0,24.12,62,POSCTL,0,0
2026-08-26T16:45:06,1787737506,13.822696,100.511669,14.4,-0.01,-1.7,-2.2,97.4,97.4,-0.04,-0.07,0.0,24.12,62,POSCTL,0,0
2026-08-26T16:45:07,1787737507,13.822696,100.511669,14.4,-0.01,-1.7,-2.2,97.4,97.4,-0.04,-0.07,0.0,24.12,62,POSCTL,0,0
2026-08-26T16:45:08,1787737508,13.822696,100.511669,14.4,-0.01,-1.7,-2.2,97.4,97.4,-0.04,-0.07,0.0,24.12,62,POSCTL,0,0
2026-08-26T16:45:09,1787737509,13.822695,100.511668,14.4,-0.01,-1.7,-2.2,97.4,97.4,-0.03,-0.05,0.0,24.12,62,POSCTL,0,0
2026-08-26T16:45:10,1787737510,13.822695,100.511668,14.4,-0.01,-1.7,-2.2,97.4,97.4,-0.03,-0.05,0.0,24.12,62,POSCTL,0,0
2026-08-26T16:45:11,1787737511,13.822695,100.511668,14.4,-0.01,-1.7,-2.2,97.4,97.4,-0.03,-0.05,0.0,24.12,62,POSCTL,0,0
2026-08-26T16:45:12,1787737512,13.822695,100.511668,14.4,-0.01,-1.7,-2.2,97.4,97.4,-0.03,-0.05,0.0,24.12,62,POSCTL,0,0
2026-08-26T16:45:13,1787737513,13.822693,100.511667,14.4,-0.01,-1.7,-2.3,97.3,97.3,-0.05,-0.09,0.0,24.12,62,POSCTL,0,0
2026-08-26T16:45:14,1787737514,13.822693,100.511667,14.4,-0.01,-1.7,-2.3,97.3,97.3,-0.05,-0.09,0.0,24.12,62,POSCTL,0,0
2026-08-26T16:45:15,1787737515,13.822693,100.511667,14.4,-0.01,-1.8,-2.4,97.3,97.3,-0.05,-0.09,0.0,24.12,62,POSCTL,0,0
2026-08-26T16:45:16,1787737516,13.822692,100.511666,14.4,-0.0,-1.8,-2.4,97.3,97.3,0.0,-0.01,0.0,24.12,62,POSCTL,0,0
2026-08-26T16:45:17,1787737517,13.822692,100.511666,14.4,-0.0,-1.8,-2.4,97.3,97.3,0.0,-0.01,0.0,24.12,62,POSCTL,0,0
2026-08-26T16:45:18,1787737518,13.822693,100.511666,14.4,-0.0,-1.8,-2.4,97.3,97.3,0.02,0.02,0.0,24.12,62,POSCTL,0,0
2026-08-26T16:45:19,1787737519,13.822693,100.511666,14.4,-0.0,-1.8,-2.4,97.3,97.3,0.02,0.02,0.0,24.12,62,POSCTL,0,0
2026-08-26T16:45:20,1787737520,13.822691,100.511665,14.4,-0.01,-1.8,-2.4,97.3,97.3,0.01,0.01,0.0,24.12,62,POSCTL,0,0
2026-08-26T16:45:21,1787737521,13.822691,100.511665,14.4,-0.01,-1.8,-2.4,97.3,97.3,0.01,0.01,0.0,24.12,62,POSCTL,0,0
2026-08-26T16:45:22,1787737522,13.822691,100.511665,14.4,-0.01,-1.8,-2.4,97.3,97.3,0.0,0.0,0.0,24.12,62,POSCTL,0,0
2026-08-26T16:45:23,1787737523,13.822691,100.511665,14.4,-0.01,-1.8,-2.4,97.3,97.3,0.0,0.0,0.0,24.12,62,POSCTL,0,0
2026-08-26T16:45:24,1787737524,13.822691,100.511665,14.4,-0.01,-1.8,-2.4,97.3,97.3,0.0,0.0,0.0,24.12,62,POSCTL,0,0
2026-08-26T16:45:25,1787737525,13.822691,100.511665,14.4,-0.01,-1.8,-2.4,97.3,97.3,0.0,0.0,0.0,24.12,62,POSCTL,0,0
2026-08-26T16:45:26,1787737526,13.822691,100.511665,14.4,-0.01,-1.8,-2.4,97.3,97.3,0.0,0.0,0.0,24.12,62,POSCTL,0,0
2026-08-26T16:45:27,1787737527,13.822691,100.511665,14.4,-0.01,-1.8,-2.4,97.3,97.3,0.0,0.0,0.0,24.12,62,POSCTL,0,0
2026-08-26T16:45:28,1787737528,13.822691,100.511665,14.4,-0.01,-1.8,-2.4,97.3,97.3,0.0,0.0,0.0,24.12,62,POSCTL,0,0
2026-08-26T16:45:29,1787737529,13.822691,100.511665,14.4,-0.01,-1.8,-2.4,97.3,97.3,0.0,0.0,0.0,24.12,62,POSCTL,0,0
2026-08-26T16:45:30,1787737530,13.822691,100.511665,14.4,-0.01,-1.8,-2.3,97.4,97.4,0.0,0.0,0.0,24.12,62,POSCTL,0,0
2026-08-26T16:45:31,1787737531,13.822691,100.511665,14.4,-0.01,-1.8,-2.3,97.4,97.4,0.0,0.0,0.0,24.12,62,POSCTL,0,0
2026-08-26T16:45:32,1787737532,13.822691,100.511665,14.4,-0.01,-1.8,-2.4,97.4,97.4,0.0,0.0,0.0,24.12,62,POSCTL,0,0
2026-08-26T16:45:33,1787737533,13.822692,100.511666,14.4,-0.01,-1.8,-2.4,97.4,97.4,0.01,0.01,0.0,24.12,62,POSCTL,0,0
2026-08-26T16:45:34,1787737534,13.822692,100.511666,14.4,-0.01,-1.8,-2.4,97.4,97.4,0.01,0.01,0.0,24.12,62,POSCTL,0,0
2026-08-26T16:45:35,1787737535,13.822692,100.511666,14.4,-0.01,-1.8,-2.4,97.4,97.4,0.01,0.02,0.0,24.12,62,POSCTL,0,0
2026-08-26T16:45:36,1787737536,13.822692,100.511666,14.4,-0.01,-1.8,-2.4,97.4,97.4,0.01,0.02,0.0,24.12,62,POSCTL,0,0
2026-08-26T16:45:37,1787737537,13.822692,100.511666,14.4,-0.01,-1.8,-2.4,97.4,97.4,0.01,0.02,0.0,24.12,62,POSCTL,0,0
2026-08-26T16:45:40,1787737540,13.822691,100.511665,14.4,-0.01,-1.7,-2.3,97.4,97.4,-0.01,0.0,0.0,24.12,62,POSCTL,0,0
2026-08-26T16:45:41,1787737541,13.822691,100.511665,14.4,-0.01,-1.7,-2.3,97.4,97.4,-0.01,0.0,0.0,24.12,62,POSCTL,0,0
2026-08-26T16:45:42,1787737542,13.82269,100.511665,14.4,-0.01,-1.7,-2.3,97.4,97.4,0.0,0.0,0.0,24.12,62,POSCTL,0,0
2026-08-26T16:45:43,1787737543,13.82269,100.511665,14.4,-0.01,-1.8,-2.3,97.4,97.4,0.0,0.0,0.0,24.12,62,POSCTL,0,0
2026-08-26T16:45:44,1787737544,13.822689,100.511666,14.4,-0.01,-1.8,-2.3,97.4,97.4,0.0,0.0,0.0,24.12,62,POSCTL,0,0
2026-08-26T16:45:45,1787737545,13.822689,100.511666,14.4,-0.01,-1.8,-2.3,97.4,97.4,0.0,0.0,0.0,24.12,62,POSCTL,0,0
2026-08-26T16:45:46,1787737546,13.822689,100.511666,14.4,-0.01,-1.8,-2.3,97.4,97.4,0.0,0.0,0.0,24.12,62,POSCTL,0,0
2026-08-26T16:45:47,1787737547,13.822689,100.511666,14.4,-0.01,-1.8,-2.3,97.4,97.4,0.0,0.0,0.0,24.12,62,POSCTL,0,0
2026-08-26T16:45:48,1787737548,13.822689,100.511666,14.4,-0.01,-1.8,-2.3,97.4,97.4,0.0,0.0,0.0,24.12,62,POSCTL,0,0
2026-08-26T16:45:49,1787737549,13.822687,100.511666,14.4,-0.01,-1.8,-2.3,97.4,97.4,0.0,-0.01,0.0,24.12,62,POSCTL,0,0
2026-08-26T16:45:50,1787737550,13.822687,100.511666,14.4,-0.01,-1.8,-2.3,97.4,97.4,0.0,-0.01,0.0,24.12,62,POSCTL,0,0
2026-08-26T16:45:51,1787737551,13.822686,100.511666,14.4,0.0,-1.8,-2.3,97.4,97.4,0.0,0.0,0.0,24.12,62,POSCTL,0,0
2026-08-26T16:45:52,1787737552,13.822686,100.511666,14.4,0.0,-1.8,-2.3,97.4,97.4,0.0,0.0,0.0,24.12,62,POSCTL,0,0
2026-08-26T16:45:53,1787737553,13.822686,100.511667,14.4,0.0,-1.8,-2.3,97.4,97.4,0.0,0.0,0.0,24.12,62,POSCTL,0,0
2026-08-26T16:45:54,1787737554,13.822686,100.511667,14.4,0.0,-1.8,-2.3,97.4,97.4,0.0,0.0,0.0,24.12,62,POSCTL,0,0
2026-08-26T16:45:55,1787737555,13.822686,100.511667,14.4,0.0,-1.8,-2.3,97.4,97.4,0.0,0.0,0.0,24.12,62,POSCTL,0,0
2026-08-26T16:45:56,1787737556,13.822686,100.511667,14.4,0.0,-1.8,-2.3,97.4,97.4,0.0,0.0,0.0,24.12,62,POSCTL,0,0
2026-08-26T16:45:57,1787737557,13.822686,100.511667,14.4,0.0,-1.8,-2.4,97.5,97.5,0.0,0.0,0.0,24.12,62,POSCTL,0,0
2026-08-26T16:45:58,1787737558,13.822685,100.511669,14.4,0.01,-1.8,-2.4,97.5,97.5,0.03,0.04,0.0,24.12,62,POSCTL,0,0
2026-08-26T16:45:59,1787737559,13.822685,100.511669,14.4,0.01,-1.8,-2.4,97.5,97.5,0.03,0.05,0.0,24.11,62,POSCTL,0,0
2026-08-26T16:46:00,1787737560,13.822685,100.511669,14.4,0.01,-1.8,-2.4,97.5,97.5,0.03,0.05,0.0,24.11,62,POSCTL,0,0
2026-08-26T16:46:01,1787737561,13.822685,100.511669,14.4,0.01,-1.7,-2.3,97.5,97.5,0.03,0.05,0.0,24.11,62,POSCTL,0,0
2026-08-26T16:46:02,1787737562,13.822683,100.511668,14.4,0.0,-1.7,-2.3,97.5,97.5,-0.01,-0.02,0.0,24.11,62,POSCTL,0,0
2026-08-26T16:46:03,1787737563,13.822683,100.511668,14.4,0.0,-1.7,-2.3,97.5,97.5,-0.01,-0.02,0.0,24.11,62,POSCTL,0,0
2026-08-26T16:46:04,1787737564,13.822683,100.511668,14.4,0.0,-1.7,-2.3,97.5,97.5,-0.01,-0.02,0.0,24.11,62,POSCTL,0,0
2026-08-26T16:46:05,1787737565,13.822683,100.511667,14.4,0.0,-1.7,-2.3,97.5,97.5,-0.02,-0.03,0.0,24.11,62,POSCTL,0,0
2026-08-26T16:46:06,1787737566,13.822682,100.511667,14.4,0.0,-1.7,-2.3,97.5,97.5,-0.02,-0.03,0.0,24.11,62,POSCTL,0,0
2026-08-26T16:46:07,1787737567,13.822682,100.511667,14.4,0.0,-1.8,-2.3,97.5,97.5,-0.02,-0.03,0.0,24.11,62,POSCTL,0,0
2026-08-26T16:46:08,1787737568,13.822682,100.511668,14.4,0.0,-1.8,-2.3,97.5,97.5,-0.01,-0.02,0.0,24.11,62,POSCTL,0,0
2026-08-26T16:46:09,1787737569,13.822684,100.511669,14.4,0.01,-1.8,-2.3,97.5,97.5,0.03,0.02,0.0,24.11,62,POSCTL,0,0
2026-08-26T16:46:10,1787737570,13.822692,100.511679,14.4,0.01,-1.8,-2.3,97.5,97.5,0.03,0.02,0.0,24.11,62,POSCTL,0,0
2026-08-26T16:46:11,1787737571,13.822692,100.511679,14.4,0.01,-1.8,-2.3,97.5,97.5,0.03,0.02,0.0,24.11,62,POSCTL,0,0
2026-08-26T16:46:12,1787737572,13.822692,100.511679,14.4,0.01,-1.8,-2.3,97.5,97.5,0.03,0.02,0.0,24.11,62,POSCTL,0,0
2026-08-26T16:46:13,1787737573,13.822692,100.511679,14.4,0.01,-1.8,-2.3,97.5,97.5,0.03,0.02,0.0,24.11,62,POSCTL,0,0
2026-08-26T16:46:17,1787737577,13.822711,100.511703,14.5,0.01,-1.6,-2.2,97.6,97.6,0.06,0.08,0.0,24.11,62,POSCTL,0,0
2026-08-26T16:46:18,1787737578,13.822711,100.511703,14.5,0.01,-1.6,-2.2,97.6,97.6,0.06,0.08,0.0,24.11,62,POSCTL,0,0
2026-08-26T16:46:19,1787737579,13.822711,100.511704,14.5,0.0,-1.5,-2.2,97.6,97.6,0.05,0.09,0.0,24.11,62,POSCTL,0,0
2026-08-26T16:46:20,1787737580,13.822714,100.511707,14.5,0.0,-1.5,-2.2,97.6,97.6,0.05,0.09,0.0,24.11,62,POSCTL,0,0
2026-08-26T16:46:21,1787737581,13.822714,100.511707,14.5,0.0,-1.5,-2.1,97.6,97.6,0.05,0.09,0.0,24.11,62,POSCTL,0,0
2026-08-26T16:46:22,1787737582,13.822714,100.511707,14.5,0.0,-1.5,-2.1,97.6,97.6,0.05,0.09,0.0,24.11,62,POSCTL,0,0
2026-08-26T16:46:23,1787737583,13.822714,100.511707,14.5,0.0,-1.5,-2.1,97.6,97.6,0.05,0.09,0.0,24.11,62,POSCTL,0,0
2026-08-26T16:46:24,1787737584,13.822714,100.511707,14.5,0.0,-1.5,-2.1,97.6,97.6,0.05,0.09,0.0,24.11,62,POSCTL,0,0
2026-08-26T16:46:25,1787737585,13.822714,100.511707,14.5,0.0,-1.5,-2.1,97.6,97.6,0.05,0.09,0.0,24.11,62,POSCTL,0,0
2026-08-26T16:46:27,1787737587,13.822714,100.511707,14.5,0.0,-1.8,-2.4,97.9,97.9,0.05,0.09,0.0,24.11,62,POSCTL,0,0
2026-08-26T16:46:28,1787737588,13.8227,100.511688,14.5,-0.0,-1.8,-2.4,97.9,97.9,-0.06,-0.09,0.0,24.11,62,POSCTL,0,0
2026-08-26T16:46:29,1787737589,13.8227,100.511688,14.5,-0.0,-1.8,-2.4,97.9,97.9,-0.06,-0.09,0.0,24.11,62,POSCTL,0,0
2026-08-26T16:46:30,1787737590,13.822699,100.511686,14.5,-0.01,-1.8,-2.4,97.9,97.9,-0.04,-0.06,0.0,24.11,62,POSCTL,0,0
2026-08-26T16:46:31,1787737591,13.822699,100.511686,14.5,-0.01,-1.8,-2.4,97.9,97.9,-0.04,-0.06,0.0,24.11,62,POSCTL,0,0
2026-08-26T16:46:32,1787737592,13.822698,100.511684,14.5,-0.01,-1.8,-2.4,97.8,97.8,-0.03,-0.06,0.0,24.11,62,POSCTL,0,0
2026-08-26T16:46:33,1787737593,13.822698,100.511684,14.5,-0.01,-1.8,-2.4,97.8,97.8,-0.03,-0.06,0.0,24.11,62,POSCTL,0,0
2026-08-26T16:46:34,1787737594,13.822698,100.511684,14.5,-0.01,-1.8,-2.4,97.8,97.8,-0.03,-0.06,0.0,24.11,62,POSCTL,0,0
2026-08-26T16:46:35,1787737595,13.822698,100.511684,14.5,-0.01,-1.8,-2.4,97.8,97.8,-0.03,-0.06,0.0,24.11,62,POSCTL,0,0
2026-08-26T16:46:36,1787737596,13.822698,100.511684,14.5,-0.01,-1.9,-2.5,97.8,97.8,-0.03,-0.06,0.0,24.11,62,POSCTL,0,0
2026-08-26T16:46:37,1787737597,13.822695,100.511678,14.5,-0.0,-1.9,-2.5,97.8,97.8,0.01,0.01,0.0,24.11,62,POSCTL,0,0
2026-08-26T16:46:38,1787737598,13.822697,100.511681,14.5,-0.0,-1.9,-2.5,97.8,97.8,0.02,0.01,0.0,24.11,62,POSCTL,0,0
2026-08-26T16:46:39,1787737599,13.822695,100.511677,14.5,-0.0,-1.9,-2.5,97.8,97.8,0.02,0.01,0.0,24.11,62,POSCTL,0,0
2026-08-26T16:46:40,1787737600,13.822695,100.511677,14.5,-0.0,-1.8,-2.4,97.7,97.7,0.02,0.01,0.0,24.11,62,POSCTL,0,0
2026-08-26T16:46:41,1787737601,13.822694,100.511675,14.4,-0.0,-1.8,-2.4,97.7,97.7,0.0,-0.01,0.0,24.11,62,POSCTL,0,0
2026-08-26T16:46:42,1787737602,13.822694,100.511675,14.4,-0.0,-1.8,-2.4,97.7,97.7,0.0,-0.01,0.0,24.11,62,POSCTL,0,0
2026-08-26T16:46:43,1787737603,13.822694,100.511675,14.4,-0.0,-1.8,-2.4,97.7,97.7,0.0,-0.01,0.0,24.11,62,POSCTL,0,0
2026-08-26T16:46:44,1787737604,13.822694,100.511675,14.4,-0.0,-1.8,-2.4,97.7,97.7,0.0,-0.01,0.0,24.11,62,POSCTL,0,0
2026-08-26T16:46:45,1787737605,13.822693,100.511674,14.4,-0.01,-1.8,-2.4,97.7,97.7,0.0,0.01,0.0,24.11,62,POSCTL,0,0
2026-08-26T16:46:46,1787737606,13.822693,100.511674,14.4,-0.01,-1.8,-2.5,97.7,97.7,0.0,0.01,0.0,24.11,62,POSCTL,0,0
2026-08-26T16:46:47,1787737607,13.82269,100.511672,14.4,-0.01,-1.8,-2.5,97.7,97.7,0.0,0.01,0.0,24.11,62,POSCTL,0,0
2026-08-26T16:46:48,1787737608,13.822692,100.511674,14.4,-0.01,-1.8,-2.4,97.7,97.7,0.0,0.02,0.0,24.11,62,POSCTL,0,0
2026-08-26T16:46:49,1787737609,13.822688,100.511671,14.4,-0.0,-1.8,-2.4,97.7,97.7,-0.03,-0.02,0.0,24.11,62,POSCTL,0,0
2026-08-26T16:46:50,1787737610,13.822688,100.511671,14.4,-0.0,-1.8,-2.4,97.8,97.8,-0.03,-0.02,0.0,24.11,62,POSCTL,0,0
2026-08-26T16:46:51,1787737611,13.822688,100.511671,14.4,-0.0,-1.8,-2.4,97.8,97.8,-0.03,-0.02,0.0,24.11,62,POSCTL,0,0
2026-08-26T16:46:52,1787737612,13.822688,100.511671,14.4,-0.0,-1.8,-2.4,97.8,97.8,-0.03,-0.02,0.0,24.11,62,POSCTL,0,0
2026-08-26T16:46:53,1787737613,13.822688,100.511671,14.4,-0.0,-1.8,-2.4,97.8,97.8,-0.03,-0.02,0.0,24.11,62,POSCTL,0,0
2026-08-26T16:46:54,1787737614,13.822688,100.511671,14.4,-0.0,-1.8,-2.4,97.8,97.8,-0.03,-0.02,0.0,24.11,62,POSCTL,0,0
2026-08-26T16:46:55,1787737615,13.822687,100.511671,14.4,-0.01,-1.8,-2.4,97.8,97.8,-0.01,-0.01,0.0,24.11,62,POSCTL,0,0
2026-08-26T16:46:56,1787737616,13.822686,100.511671,14.4,-0.01,-1.8,-2.4,97.8,97.8,-0.01,-0.01,0.0,24.11,62,POSCTL,0,0
2026-08-26T16:46:57,1787737617,13.822686,100.51167,14.4,-0.01,-1.8,-2.3,97.8,97.8,0.0,-0.01,0.0,24.11,62,POSCTL,0,0
2026-08-26T16:46:58,1787737618,13.822686,100.511672,14.4,-0.01,-1.8,-2.4,97.8,97.8,0.0,-0.01,0.0,24.11,62,POSCTL,0,0
2026-08-26T16:46:59,1787737619,13.822686,100.511672,14.4,-0.0,-1.8,-2.4,97.8,97.8,0.02,0.02,0.0,24.11,62,POSCTL,0,0
2026-08-26T16:47:00,1787737620,13.822686,100.511672,14.4,-0.0,-1.8,-2.4,97.8,97.8,0.02,0.02,0.0,24.11,62,POSCTL,0,0
2026-08-26T16:47:01,1787737621,13.822686,100.511672,14.4,-0.0,-1.8,-2.4,97.8,97.8,0.02,0.02,0.0,24.11,62,POSCTL,0,0
2026-08-26T16:47:02,1787737622,13.822686,100.511672,14.4,-0.0,-1.8,-2.4,97.8,97.8,0.02,0.02,0.0,24.11,62,POSCTL,0,0
2026-08-26T16:47:03,1787737623,13.822686,100.511672,14.4,-0.0,-1.8,-2.4,97.8,97.8,0.02,0.02,0.0,24.11,62,POSCTL,0,0
2026-08-26T16:47:04,1787737624,13.822686,100.511672,14.4,-0.0,-1.8,-2.4,97.8,97.8,0.02,0.02,0.0,24.11,62,POSCTL,0,0
2026-08-26T16:47:05,1787737625,13.822687,100.511674,14.4,-0.0,-1.8,-2.4,97.8,97.8,0.02,0.02,0.0,24.11,62,POSCTL,0,0
2026-08-26T16:47:06,1787737626,13.822686,100.511673,14.4,-0.01,-1.8,-2.4,97.8,97.8,0.01,0.02,0.0,24.11,62,POSCTL,0,0
2026-08-26T16:47:07,1787737627,13.822687,100.511674,14.4,-0.01,-1.8,-2.4,97.8,97.8,0.02,0.04,0.0,24.11,62,POSCTL,0,0
2026-08-26T16:47:08,1787737628,13.822687,100.511674,14.4,-0.01,-1.8,-2.4,97.8,97.8,0.02,0.04,0.0,24.11,62,POSCTL,0,0
2026-08-26T16:47:09,1787737629,13.822718,100.511721,14.4,-0.01,-1.7,-2.3,97.8,97.8,0.02,0.04,0.0,24.11,62,POSCTL,0,0
2026-08-26T16:47:10,1787737630,13.822718,100.511721,14.4,-0.01,-1.7,-2.3,97.8,97.8,0.02,0.04,0.0,24.11,62,POSCTL,0,0
2026-08-26T16:47:11,1787737631,13.822718,100.511721,14.4,-0.01,-1.7,-2.3,97.8,97.8,0.02,0.04,0.0,24.11,62,POSCTL,0,0
2026-08-26T16:47:12,1787737632,13.822718,100.511721,14.4,-0.01,-1.7,-2.3,97.8,97.8,0.02,0.04,0.0,24.11,62,POSCTL,0,0
2026-08-26T16:47:13,1787737633,13.822718,100.511721,14.4,-0.01,-1.7,-2.3,97.8,97.8,0.02,0.04,0.0,24.11,62,POSCTL,0,0
2026-08-26T16:47:14,1787737634,13.822718,100.511721,14.4,-0.01,-1.7,-2.3,97.8,97.8,0.02,0.04,0.0,24.11,62,POSCTL,0,0
2026-08-26T16:47:15,1787737635,13.822718,100.511721,14.4,-0.01,-1.7,-2.3,97.8,97.8,0.02,0.04,0.0,24.11,62,POSCTL,0,0
2026-08-26T16:47:16,1787737636,13.822738,100.511754,14.4,-0.01,-1.2,-1.9,98.3,98.3,0.02,0.04,0.0,24.11,62,POSCTL,0,0
2026-08-26T16:47:17,1787737637,13.82273,100.51174,14.4,-0.01,-1.2,-1.9,98.3,98.3,0.0,0.0,0.0,24.11,62,POSCTL,0,0
2026-08-26T16:47:18,1787737638,13.82273,100.51174,14.4,-0.01,-1.2,-1.9,98.3,98.3,0.0,0.0,0.0,24.11,62,POSCTL,0,0
2026-08-26T16:47:19,1787737639,13.822733,100.511747,14.4,0.0,-1.3,-2.0,98.3,98.3,-0.06,-0.07,0.0,24.11,62,POSCTL,0,0
2026-08-26T16:47:20,1787737640,13.822733,100.511747,14.4,0.0,-1.3,-2.0,98.3,98.3,-0.06,-0.07,0.0,24.11,62,POSCTL,0,0
2026-08-26T16:47:21,1787737641,13.822733,100.511747,14.4,0.0,-1.3,-2.0,98.3,98.3,-0.06,-0.07,0.0,24.11,62,POSCTL,0,0
2026-08-26T16:47:22,1787737642,13.822733,100.511747,14.4,0.0,-1.3,-2.0,98.3,98.3,-0.06,-0.07,0.0,24.11,62,POSCTL,0,0
2026-08-26T16:47:23,1787737643,13.82273,100.511744,14.4,-0.01,-1.6,-2.3,98.1,98.1,-0.09,-0.12,0.0,24.11,62,POSCTL,0,0
2026-08-26T16:47:24,1787737644,13.822727,100.511741,14.4,-0.01,-1.6,-2.3,98.1,98.1,-0.09,-0.12,0.0,24.11,62,POSCTL,0,0
2026-08-26T16:47:25,1787737645,13.822727,100.511741,14.4,-0.01,-2.6,-3.2,96.7,96.7,-0.09,-0.12,0.0,24.11,62,POSCTL,0,0
2026-08-26T16:47:26,1787737646,13.82272,100.511735,14.4,-0.01,-2.6,-3.2,96.7,96.7,-0.02,-0.14,-0.01,24.11,62,POSCTL,0,0
2026-08-26T16:47:27,1787737647,13.82272,100.511735,14.4,-0.01,-1.6,-2.8,98.2,98.2,-0.02,-0.14,-0.01,24.11,62,POSCTL,0,0
2026-08-26T16:47:28,1787737648,13.822718,100.511732,14.4,-0.03,-1.6,-2.8,98.2,98.2,-0.02,-0.1,0.01,24.11,62,POSCTL,0,0
2026-08-26T16:47:29,1787737649,13.822718,100.511732,14.4,-0.03,-1.7,-2.8,98.6,98.6,-0.02,-0.1,0.01,24.11,62,POSCTL,0,0
2026-08-26T16:47:30,1787737650,13.822718,100.511732,14.4,-0.03,-1.7,-2.8,98.6,98.6,-0.02,-0.1,0.01,24.11,62,POSCTL,0,0
2026-08-26T16:47:31,1787737651,13.822718,100.511732,14.4,-0.03,-1.7,-2.8,98.6,98.6,-0.02,-0.1,0.01,24.11,62,POSCTL,0,0
2026-08-26T16:47:35,1787737655,13.822718,100.511732,14.4,-0.03,-1.7,-2.8,98.6,98.6,-0.02,-0.1,0.01,24.11,62,POSCTL,0,0
2026-08-26T16:47:36,1787737656,13.822719,100.511739,14.4,0.0,-1.7,-2.8,101.2,101.2,0.03,0.05,0.0,24.11,62,POSCTL,0,0
2026-08-26T16:47:37,1787737657,13.822719,100.511739,14.4,0.0,-1.6,-2.8,102.0,102.0,0.03,0.05,0.0,24.11,62,POSCTL,0,0
2026-08-26T16:47:38,1787737658,13.822713,100.511731,14.4,0.0,-1.6,-2.8,102.0,102.0,-0.04,-0.06,0.0,24.11,62,POSCTL,0,0
2026-08-26T16:47:39,1787737659,13.822712,100.511729,14.4,0.0,-1.6,-2.8,102.3,102.3,-0.04,-0.06,0.0,24.11,62,POSCTL,0,0
2026-08-26T16:47:40,1787737660,13.822715,100.511734,14.4,-0.0,-1.6,-2.8,102.3,102.3,-0.06,-0.1,0.0,24.11,62,POSCTL,0,0
2026-08-26T16:47:41,1787737661,13.822715,100.511734,14.4,-0.0,-1.6,-2.8,102.3,102.3,-0.06,-0.1,0.0,24.11,62,POSCTL,0,0
2026-08-26T16:47:42,1787737662,13.822715,100.511734,14.4,-0.0,-1.6,-2.8,102.3,102.3,-0.06,-0.1,0.0,24.11,62,POSCTL,0,0
2026-08-26T16:47:43,1787737663,13.822715,100.511734,14.4,-0.0,-1.6,-2.8,102.3,102.3,-0.06,-0.1,0.0,24.11,62,POSCTL,0,0
2026-08-26T16:47:44,1787737664,13.822715,100.511734,14.4,-0.0,-1.6,-2.8,102.3,102.3,-0.06,-0.1,0.0,24.11,62,POSCTL,0,0
2026-08-26T16:47:45,1787737665,13.822715,100.511734,14.4,-0.0,-1.6,-2.8,102.3,102.3,-0.06,-0.1,0.0,24.11,62,POSCTL,0,0
2026-08-26T16:47:46,1787737666,13.822707,100.511721,14.4,-0.0,-1.8,-3.0,104.5,104.5,0.01,0.01,0.0,24.11,62,POSCTL,0,0
2026-08-26T16:47:47,1787737667,13.822707,100.511721,14.4,-0.0,-1.8,-3.0,104.7,104.7,0.01,0.01,0.0,24.11,62,POSCTL,0,0
2026-08-26T16:47:48,1787737668,13.822708,100.511723,14.4,-0.0,-1.8,-3.0,104.7,104.7,0.0,0.0,0.0,24.11,62,POSCTL,0,0
2026-08-26T16:47:49,1787737669,13.822705,100.511717,14.4,-0.0,-1.7,-3.0,105.2,105.2,0.0,0.0,0.0,24.11,62,POSCTL,0,0
2026-08-26T16:47:50,1787737670,13.822707,100.51172,14.4,-0.01,-1.7,-3.0,105.2,105.2,0.0,0.0,0.0,24.11,62,POSCTL,0,0
2026-08-26T16:47:51,1787737671,13.822707,100.51172,14.4,-0.01,-1.7,-3.0,105.2,105.2,0.0,0.0,0.0,24.11,62,POSCTL,0,0
2026-08-26T16:47:52,1787737672,13.822704,100.511716,14.4,-0.01,-1.7,-2.9,105.5,105.5,0.0,0.0,0.0,24.11,62,POSCTL,0,0
2026-08-26T16:47:53,1787737673,13.822705,100.511718,14.4,0.0,-1.7,-2.9,105.5,105.5,0.0,-0.01,0.0,24.11,62,POSCTL,0,0
2026-08-26T16:47:54,1787737674,13.822702,100.511713,14.4,0.0,-1.7,-2.9,105.9,105.9,0.0,-0.01,0.0,24.11,62,POSCTL,0,0
2026-08-26T16:47:55,1787737675,13.822704,100.511715,14.4,-0.0,-1.7,-2.9,105.9,105.9,0.0,-0.01,0.0,24.11,62,POSCTL,0,0
2026-08-26T16:47:56,1787737676,13.822702,100.511711,14.4,-0.0,-1.7,-2.9,106.0,106.0,0.0,-0.01,0.0,24.11,62,POSCTL,0,0
2026-08-26T16:47:57,1787737677,13.822703,100.511714,14.4,-0.0,-1.7,-2.9,106.0,106.0,0.0,-0.02,0.0,24.11,62,POSCTL,0,0
2026-08-26T16:47:58,1787737678,13.8227,100.511708,14.4,-0.0,-1.7,-2.9,106.3,106.3,0.0,-0.02,0.0,24.11,62,POSCTL,0,0
2026-08-26T16:47:59,1787737679,13.8227,100.511708,14.4,-0.0,-1.7,-2.9,106.3,106.3,0.0,-0.02,0.0,24.11,62,POSCTL,0,0
2026-08-26T16:48:02,1787737682,13.822701,100.51171,14.4,0.0,-1.7,-2.9,106.7,106.7,-0.01,-0.01,0.0,24.11,62,POSCTL,0,0
2026-08-26T16:48:03,1787737683,13.8227,100.511707,14.4,-0.0,-1.7,-2.9,106.7,106.7,0.0,-0.01,0.0,24.11,62,POSCTL,0,0
2026-08-26T16:48:04,1787737684,13.8227,100.511707,14.4,-0.0,-1.7,-2.9,106.7,106.7,0.0,-0.01,0.0,24.11,62,POSCTL,0,0
2026-08-26T16:48:05,1787737685,13.822698,100.511703,14.4,-0.01,-1.7,-2.9,106.7,106.7,-0.01,-0.03,0.0,24.11,62,POSCTL,0,0
2026-08-26T16:48:06,1787737686,13.822698,100.511703,14.4,-0.01,-1.7,-2.9,106.9,106.9,-0.01,-0.03,0.0,24.11,62,POSCTL,0,0
2026-08-26T16:48:07,1787737687,13.822696,100.511701,14.4,-0.0,-1.7,-2.9,106.9,106.9,0.0,-0.02,0.0,24.11,62,POSCTL,0,0
2026-08-26T16:48:08,1787737688,13.822696,100.511701,14.4,-0.0,-1.7,-2.9,106.9,106.9,0.0,-0.02,0.0,24.11,62,POSCTL,0,0
2026-08-26T16:48:09,1787737689,13.822697,100.511702,14.4,0.0,-1.7,-2.9,106.9,106.9,0.0,-0.01,0.0,24.11,62,POSCTL,0,0
2026-08-26T16:48:10,1787737690,13.822696,100.5117,14.4,0.0,-1.7,-2.9,107.1,107.1,0.0,-0.01,0.0,24.11,62,POSCTL,0,0
2026-08-26T16:48:11,1787737691,13.822696,100.5117,14.4,0.0,-1.7,-2.9,107.1,107.1,0.0,-0.01,0.0,24.11,62,POSCTL,0,0
2026-08-26T16:48:12,1787737692,13.822696,100.5117,14.4,0.0,-1.7,-2.9,107.1,107.1,0.0,-0.01,0.0,24.11,62,POSCTL,0,0
2026-08-26T16:48:13,1787737693,13.822696,100.511701,14.4,0.0,-1.7,-3.0,107.1,107.1,0.0,0.04,0.0,24.11,62,POSCTL,0,0
2026-08-26T16:48:14,1787737694,13.822696,100.511701,14.4,0.0,-1.7,-3.0,107.1,107.1,0.0,0.04,0.0,24.11,62,POSCTL,0,0
2026-08-26T16:48:15,1787737695,13.822696,100.511701,14.4,0.0,-1.7,-3.0,107.1,107.1,0.0,0.04,0.0,24.11,62,POSCTL,0,0
2026-08-26T16:48:16,1787737696,13.822693,100.511697,14.4,-0.01,-1.7,-3.0,107.1,107.1,-0.02,-0.03,0.0,24.11,62,POSCTL,0,0
2026-08-26T16:48:17,1787737697,13.822691,100.511695,14.4,-0.01,-1.7,-3.0,107.1,107.1,-0.02,-0.03,0.0,24.11,62,POSCTL,0,0
2026-08-26T16:48:18,1787737698,13.822691,100.511695,14.4,-0.01,-1.7,-3.0,107.1,107.1,-0.02,-0.03,0.0,24.11,62,POSCTL,0,0
2026-08-26T16:48:19,1787737699,13.822691,100.511695,14.4,-0.01,-1.7,-2.9,107.5,107.5,-0.02,-0.03,0.0,24.11,62,POSCTL,0,0
2026-08-26T16:48:20,1787737700,13.822691,100.511694,14.4,0.0,-1.7,-2.9,107.5,107.5,0.0,-0.02,0.0,24.11,62,POSCTL,0,0
2026-08-26T16:48:21,1787737701,13.822691,100.511694,14.4,0.0,-1.7,-2.9,107.5,107.5,0.0,-0.02,0.0,24.11,62,POSCTL,0,0
2026-08-26T16:48:22,1787737702,13.82269,100.511692,14.4,0.0,-1.7,-2.9,107.5,107.5,0.0,-0.03,0.0,24.11,62,POSCTL,0,0
2026-08-26T16:48:23,1787737703,13.82269,100.511692,14.4,-0.01,-1.7,-2.9,107.6,107.6,-0.02,-0.07,0.0,24.11,62,POSCTL,0,0
2026-08-26T16:48:24,1787737704,13.82269,100.511692,14.4,-0.01,-1.7,-2.9,107.6,107.6,-0.02,-0.07,0.0,24.11,62,POSCTL,0,0
2026-08-26T16:48:25,1787737705,13.82269,100.51169,14.4,-0.01,-1.7,-2.9,107.6,107.6,-0.02,-0.07,0.0,24.11,62,POSCTL,0,0
2026-08-26T16:48:26,1787737706,13.82269,100.51169,14.4,-0.01,-1.7,-2.9,107.6,107.6,-0.02,-0.07,0.0,24.11,62,POSCTL,0,0
2026-08-26T16:48:27,1787737707,13.82269,100.51169,14.4,-0.01,-1.7,-2.9,107.6,107.6,-0.02,-0.07,0.0,24.11,62,POSCTL,0,0
2026-08-26T16:48:28,1787737708,13.82269,100.51169,14.4,-0.01,-1.7,-2.9,107.6,107.6,-0.02,-0.07,0.0,24.11,62,POSCTL,0,0
2026-08-26T16:48:29,1787737709,13.82269,100.51169,14.4,-0.01,-1.7,-2.9,107.6,107.6,-0.02,-0.07,0.0,24.11,62,POSCTL,0,0
2026-08-26T16:48:30,1787737710,13.82269,100.51169,14.4,0.0,-1.7,-2.9,107.6,107.6,0.01,0.0,0.0,24.11,62,POSCTL,0,0
2026-08-26T16:48:31,1787737711,13.822689,100.511687,14.4,0.0,-1.7,-2.9,107.8,107.8,0.01,0.0,0.0,24.11,62,POSCTL,0,0
2026-08-26T16:48:32,1787737712,13.82269,100.511689,14.4,-0.0,-1.7,-2.9,107.8,107.8,0.01,0.0,0.0,24.11,62,POSCTL,0,0
2026-08-26T16:48:33,1787737713,13.82269,100.511686,14.4,0.0,-1.7,-2.9,107.8,107.8,0.01,0.0,0.0,24.11,62,POSCTL,0,0
2026-08-26T16:48:34,1787737714,13.82269,100.511686,14.4,0.0,-1.7,-2.9,107.9,107.9,0.01,0.0,0.0,24.11,62,POSCTL,0,0
2026-08-26T16:48:35,1787737715,13.822689,100.511685,14.4,0.0,-1.7,-2.9,107.9,107.9,0.01,0.0,0.0,24.11,62,POSCTL,0,0
2026-08-26T16:48:36,1787737716,13.822689,100.511685,14.4,0.0,-1.7,-2.9,107.9,107.9,0.01,0.0,0.0,24.11,62,POSCTL,0,0
2026-08-26T16:48:37,1787737717,13.822689,100.511685,14.4,0.0,-1.7,-2.9,107.9,107.9,0.01,0.0,0.0,24.11,62,POSCTL,0,0
2026-08-26T16:48:38,1787737718,13.822689,100.511685,14.4,0.0,-1.7,-2.9,107.9,107.9,0.01,0.0,0.0,24.11,62,POSCTL,0,0
2026-08-26T16:48:41,1787737721,13.822689,100.511685,14.4,0.0,-1.7,-2.9,107.9,107.9,0.01,0.0,0.0,24.11,62,POSCTL,0,0
2026-08-26T16:48:42,1787737722,13.822688,100.511682,14.4,0.0,-1.6,-2.9,108.0,108.0,0.01,0.0,0.0,24.11,62,POSCTL,0,0
2026-08-26T16:48:43,1787737723,13.822688,100.511681,14.4,-0.01,-1.6,-2.9,108.0,108.0,-0.02,-0.06,0.0,24.11,62,POSCTL,0,0
2026-08-26T16:48:44,1787737724,13.822688,100.511681,14.4,-0.01,-1.6,-2.9,108.0,108.0,-0.02,-0.06,0.0,24.11,62,POSCTL,0,0
2026-08-26T16:48:45,1787737725,13.822688,100.511681,14.4,-0.0,-1.7,-2.9,108.0,108.0,-0.01,-0.05,0.0,24.11,62,POSCTL,0,0
2026-08-26T16:48:46,1787737726,13.822688,100.511681,14.4,-0.0,-1.7,-2.9,108.0,108.0,-0.01,-0.05,0.0,24.1,62,POSCTL,0,0
2026-08-26T16:48:47,1787737727,13.822688,100.511681,14.4,-0.0,-1.7,-2.9,108.0,108.0,-0.01,-0.05,0.0,24.1,62,POSCTL,0,0
2026-08-26T16:48:48,1787737728,13.822688,100.51168,14.4,-0.0,-1.7,-2.9,108.0,108.0,-0.01,-0.05,0.0,24.1,62,POSCTL,0,0
2026-08-26T16:48:49,1787737729,13.822688,100.511681,14.4,-0.0,-1.7,-2.9,108.1,108.1,0.02,0.02,0.0,24.1,62,POSCTL,0,0
2026-08-26T16:48:50,1787737730,13.822688,100.51168,14.4,-0.0,-1.7,-2.9,108.1,108.1,0.02,0.02,0.0,24.1,62,POSCTL,0,0
2026-08-26T16:48:51,1787737731,13.822688,100.51168,14.4,-0.0,-1.7,-2.9,108.1,108.1,0.01,0.0,0.0,24.1,62,POSCTL,0,0
2026-08-26T16:48:52,1787737732,13.822688,100.511679,14.4,-0.0,-1.7,-2.9,108.1,108.1,0.01,0.0,0.0,24.1,62,POSCTL,0,0
2026-08-26T16:48:53,1787737733,13.822688,100.511679,14.4,-0.0,-1.7,-2.9,108.1,108.1,0.01,0.01,0.0,24.1,62,POSCTL,0,0
2026-08-26T16:48:54,1787737734,13.822688,100.511679,14.4,-0.0,-1.7,-2.9,108.1,108.1,0.01,0.01,0.0,24.1,62,POSCTL,0,0
2026-08-26T16:48:55,1787737735,13.822688,100.511679,14.4,-0.0,-1.7,-2.9,108.1,108.1,0.01,0.01,0.0,24.1,62,POSCTL,0,0
2026-08-26T16:48:56,1787737736,13.822688,100.511679,14.4,-0.0,-1.7,-2.9,108.1,108.1,0.01,0.01,0.0,24.1,62,POSCTL,0,0
2026-08-26T16:48:57,1787737737,13.822688,100.511679,14.4,-0.0,-1.7,-2.9,108.1,108.1,0.01,0.01,0.0,24.1,62,POSCTL,0,0
2026-08-26T16:48:58,1787737738,13.822688,100.511678,14.4,-0.0,-1.7,-2.9,108.1,108.1,0.01,0.01,0.0,24.1,62,POSCTL,0,0
2026-08-26T16:48:59,1787737739,13.822689,100.511677,14.4,-0.0,-1.6,-2.9,108.1,108.1,0.01,0.01,0.0,24.1,62,POSCTL,0,0
2026-08-26T16:49:00,1787737740,13.822688,100.511677,14.4,-0.01,-1.6,-2.9,108.1,108.1,0.0,-0.03,0.0,24.1,62,POSCTL,0,0
2026-08-26T16:49:01,1787737741,13.822688,100.511677,14.4,-0.01,-1.7,-2.9,108.1,108.1,0.0,-0.03,0.0,24.1,62,POSCTL,0,0
2026-08-26T16:49:02,1787737742,13.822689,100.511677,14.4,-0.01,-1.7,-2.9,108.1,108.1,0.0,-0.01,0.0,24.1,62,POSCTL,0,0
2026-08-26T16:49:03,1787737743,13.822689,100.511677,14.4,-0.01,-1.7,-2.9,108.1,108.1,0.0,-0.01,0.0,24.1,62,POSCTL,0,0
2026-08-26T16:49:04,1787737744,13.822689,100.511677,14.4,-0.01,-1.6,-2.9,108.2,108.2,0.0,-0.01,0.0,24.1,62,POSCTL,0,0
2026-08-26T16:49:05,1787737745,13.822689,100.511677,14.4,-0.01,-1.6,-2.9,108.2,108.2,0.0,-0.01,0.0,24.1,62,POSCTL,0,0
2026-08-26T16:49:06,1787737746,13.822689,100.511677,14.4,-0.01,-1.6,-2.9,108.2,108.2,0.0,-0.01,0.0,24.1,62,POSCTL,0,0
2026-08-26T16:49:09,1787737749,13.822689,100.511676,14.4,0.01,-1.6,-2.9,108.2,108.2,0.01,0.02,0.0,24.1,62,POSCTL,0,0
2026-08-26T16:49:10,1787737750,13.82269,100.511677,14.4,0.01,-1.7,-3.0,108.2,108.2,0.02,0.03,0.0,24.1,62,POSCTL,0,0
2026-08-26T16:49:11,1787737751,13.82269,100.511677,14.4,0.01,-1.7,-3.0,108.2,108.2,0.02,0.03,0.0,24.1,62,POSCTL,0,0
2026-08-26T16:49:12,1787737752,13.82269,100.511677,14.4,0.01,-1.7,-3.0,108.2,108.2,0.02,0.03,0.0,24.1,62,POSCTL,0,0
2026-08-26T16:49:13,1787737753,13.82269,100.511678,14.4,0.0,-1.7,-3.0,108.2,108.2,0.01,0.03,0.0,24.1,62,POSCTL,0,0
2026-08-26T16:49:14,1787737754,13.82269,100.511678,14.4,0.0,-1.7,-3.0,108.2,108.2,0.01,0.03,0.0,24.1,62,POSCTL,0,0
2026-08-26T16:49:15,1787737755,13.822691,100.511678,14.4,0.0,-1.7,-3.0,108.2,108.2,0.01,0.03,0.0,24.1,62,POSCTL,0,0
2026-08-26T16:49:16,1787737756,13.822691,100.511678,14.4,0.0,-1.7,-3.0,108.2,108.2,0.01,0.03,0.0,24.1,62,POSCTL,0,0
2026-08-26T16:49:17,1787737757,13.822691,100.511679,14.4,0.01,-1.7,-2.9,108.2,108.2,0.02,0.04,0.0,24.1,62,POSCTL,0,0
2026-08-26T16:49:18,1787737758,13.822691,100.511679,14.4,0.01,-1.7,-2.9,108.2,108.2,0.02,0.04,0.0,24.1,62,POSCTL,0,0
2026-08-26T16:49:19,1787737759,13.822691,100.511679,14.4,0.01,-1.6,-2.9,108.2,108.2,0.02,0.04,0.0,24.1,62,POSCTL,0,0
2026-08-26T16:49:20,1787737760,13.822692,100.51168,14.4,0.01,-1.6,-2.9,108.2,108.2,0.02,0.04,0.0,24.1,62,POSCTL,0,0
2026-08-26T16:49:21,1787737761,13.822692,100.511679,14.4,0.0,-1.6,-2.9,108.2,108.2,0.0,-0.02,0.0,24.1,62,POSCTL,0,0
2026-08-26T16:49:22,1787737762,13.822692,100.51168,14.4,0.0,-1.6,-2.9,108.2,108.2,0.0,-0.02,0.0,24.1,62,POSCTL,0,0
2026-08-26T16:49:23,1787737763,13.822692,100.51168,14.4,0.0,-1.6,-2.9,108.2,108.2,0.0,-0.02,0.0,24.1,62,POSCTL,0,0
2026-08-26T16:49:24,1787737764,13.822692,100.51168,14.4,0.0,-1.6,-2.9,108.2,108.2,0.0,-0.02,0.0,24.1,62,POSCTL,0,0
2026-08-26T16:49:28,1787737768,13.822694,100.511681,14.4,0.0,-1.6,-2.9,108.2,108.2,0.0,-0.03,0.0,24.1,62,POSCTL,0,0
2026-08-26T16:49:29,1787737769,13.822693,100.51168,14.4,0.01,-1.6,-2.9,108.2,108.2,0.0,-0.02,0.0,24.1,62,POSCTL,0,0
2026-08-26T16:49:30,1787737770,13.822694,100.511682,14.4,0.01,-1.6,-2.9,108.2,108.2,0.0,-0.02,0.0,24.1,62,POSCTL,0,0
2026-08-26T16:49:31,1787737771,13.822694,100.511682,14.4,0.01,-1.6,-2.9,108.3,108.3,0.0,-0.02,0.0,24.1,62,POSCTL,0,0
2026-08-26T16:49:32,1787737772,13.822694,100.511681,14.4,0.01,-1.6,-2.9,108.3,108.3,0.0,0.0,0.0,24.1,62,POSCTL,0,0
2026-08-26T16:49:33,1787737773,13.822694,100.511681,14.4,0.01,-1.7,-2.9,108.3,108.3,0.0,0.0,0.0,24.1,62,POSCTL,0,0
2026-08-26T16:49:34,1787737774,13.822694,100.511681,14.4,0.01,-1.7,-2.9,108.3,108.3,0.0,0.0,0.0,24.1,62,POSCTL,0,0
2026-08-26T16:49:35,1787737775,13.822694,100.511681,14.4,0.01,-1.7,-2.9,108.3,108.3,0.0,0.0,0.0,24.1,62,POSCTL,0,0
2026-08-26T16:49:36,1787737776,13.822694,100.511681,14.4,0.01,-1.7,-2.9,108.3,108.3,0.0,0.0,0.0,24.1,62,POSCTL,0,0
2026-08-26T16:49:37,1787737777,13.822694,100.511681,14.4,0.01,-1.7,-2.9,108.3,108.3,0.0,0.0,0.0,24.1,62,POSCTL,0,0
2026-08-26T16:49:38,1787737778,13.822695,100.511683,14.4,0.0,-1.7,-2.9,108.3,108.3,0.01,0.03,0.0,24.1,62,POSCTL,0,0
2026-08-26T16:49:39,1787737779,13.822695,100.511683,14.4,0.0,-1.7,-2.9,108.3,108.3,0.01,0.03,0.0,24.1,62,POSCTL,0,0
2026-08-26T16:49:40,1787737780,13.822695,100.511683,14.4,0.0,-1.7,-2.9,108.3,108.3,0.01,0.03,0.0,24.1,62,POSCTL,0,0
2026-08-26T16:49:41,1787737781,13.822695,100.511683,14.4,0.0,-1.7,-2.9,108.3,108.3,0.01,0.03,0.0,24.1,62,POSCTL,0,0
2026-08-26T16:49:42,1787737782,13.822695,100.511683,14.4,0.0,-1.7,-2.9,108.3,108.3,0.0,0.01,0.0,24.1,62,POSCTL,0,0
2026-08-26T16:49:43,1787737783,13.822695,100.511683,14.4,0.0,-1.7,-2.9,108.3,108.3,0.0,0.01,0.0,24.1,62,POSCTL,0,0
2026-08-26T16:49:44,1787737784,13.822695,100.511684,14.4,0.0,-1.7,-2.9,108.3,108.3,0.0,0.01,0.0,24.1,62,POSCTL,0,0
2026-08-26T16:49:45,1787737785,13.822695,100.511684,14.4,0.0,-1.7,-2.9,108.3,108.3,0.0,0.01,0.0,24.1,61,POSCTL,0,0
2026-08-26T16:49:46,1787737786,13.822694,100.511684,14.4,0.0,-1.7,-2.9,108.3,108.3,0.0,0.01,0.0,24.1,61,POSCTL,0,0
2026-08-26T16:49:47,1787737787,13.822694,100.511684,14.4,0.0,-1.7,-2.9,108.3,108.3,0.0,0.01,0.0,24.1,61,POSCTL,0,0
2026-08-26T16:49:48,1787737788,13.822694,100.511684,14.4,0.0,-1.7,-2.9,108.3,108.3,0.0,0.01,0.0,24.1,61,POSCTL,0,0
2026-08-26T16:49:49,1787737789,13.822694,100.511684,14.4,0.0,-1.6,-2.9,108.3,108.3,0.0,0.01,0.0,24.1,61,POSCTL,0,0
2026-08-26T16:49:50,1787737790,13.822693,100.511684,14.4,-0.0,-1.6,-2.9,108.3,108.3,-0.02,-0.03,0.0,24.1,61,POSCTL,0,0
2026-08-26T16:49:51,1787737791,13.822693,100.511684,14.4,-0.0,-1.6,-2.9,108.3,108.3,-0.02,-0.03,0.0,24.1,61,POSCTL,0,0
2026-08-26T16:49:52,1787737792,13.822693,100.511683,14.4,-0.0,-1.6,-2.9,108.3,108.3,-0.02,-0.05,0.0,24.1,61,POSCTL,0,0
2026-08-26T16:49:53,1787737793,13.822693,100.511683,14.4,-0.0,-1.6,-2.9,108.3,108.3,-0.02,-0.05,0.0,24.1,61,POSCTL,0,0
2026-08-26T16:49:54,1787737794,13.822692,100.511682,14.4,-0.0,-1.7,-2.9,108.3,108.3,-0.02,-0.05,0.0,24.1,61,POSCTL,0,0
2026-08-26T16:49:55,1787737795,13.822692,100.511681,14.4,0.0,-1.7,-2.9,108.3,108.3,0.0,-0.04,0.0,24.1,61,POSCTL,0,0
2026-08-26T16:49:56,1787737796,13.822692,100.511681,14.4,0.0,-1.7,-2.9,108.3,108.3,0.0,-0.04,0.0,24.1,61,POSCTL,0,0
2026-08-26T16:49:57,1787737797,13.822692,100.511681,14.4,0.0,-1.7,-2.9,108.3,108.3,0.0,-0.04,0.0,24.1,61,POSCTL,0,0
2026-08-26T16:49:58,1787737798,13.822692,100.511681,14.4,0.0,-1.7,-3.0,108.3,108.3,0.0,-0.04,0.0,24.1,61,POSCTL,0,0
2026-08-26T16:49:59,1787737799,13.822692,100.511682,14.4,0.0,-1.7,-3.0,108.3,108.3,0.03,0.05,0.0,24.1,61,POSCTL,0,0
2026-08-26T16:50:00,1787737800,13.822693,100.511683,14.4,-0.0,-1.7,-3.0,108.3,108.3,0.02,0.03,0.0,24.1,61,POSCTL,0,0
2026-08-26T16:50:01,1787737801,13.822692,100.511682,14.4,-0.0,-1.7,-3.0,108.3,108.3,0.02,0.03,0.0,24.1,61,POSCTL,0,0
2026-08-26T16:50:02,1787737802,13.822692,100.511682,14.4,-0.0,-1.7,-2.9,108.3,108.3,0.02,0.03,0.0,24.1,61,POSCTL,0,0
2026-08-26T16:50:03,1787737803,13.82269,100.511681,14.4,-0.0,-1.7,-2.9,108.3,108.3,0.0,0.0,0.0,24.1,61,POSCTL,0,0
2026-08-26T16:50:04,1787737804,13.82269,100.511681,14.4,-0.0,-1.7,-2.9,108.3,108.3,0.0,0.0,0.0,24.1,61,POSCTL,0,0
2026-08-26T16:50:05,1787737805,13.82269,100.51168,14.4,-0.0,-1.7,-2.9,108.3,108.3,0.0,0.0,0.0,24.1,61,POSCTL,0,0
2026-08-26T16:50:06,1787737806,13.82269,100.51168,14.4,-0.0,-1.7,-2.9,108.3,108.3,0.0,0.0,0.0,24.1,61,POSCTL,0,0
2026-08-26T16:50:07,1787737807,13.82269,100.511681,14.4,-0.01,-1.7,-2.9,108.3,108.3,-0.01,0.0,0.0,24.1,61,POSCTL,0,0
2026-08-26T16:50:08,1787737808,13.822693,100.51169,14.4,-0.01,-1.7,-2.9,108.3,108.3,-0.01,0.0,0.0,24.1,61,POSCTL,0,0
2026-08-26T16:50:09,1787737809,13.822691,100.511685,14.4,-0.0,-1.7,-2.9,108.3,108.3,0.03,0.08,0.0,24.1,61,POSCTL,0,0
2026-08-26T16:50:10,1787737810,13.822695,100.511697,14.4,-0.0,-1.7,-2.9,108.3,108.3,0.03,0.08,0.0,24.1,61,POSCTL,0,0
2026-08-26T16:50:11,1787737811,13.822695,100.511697,14.4,-0.0,-1.7,-2.9,108.3,108.3,0.03,0.08,0.0,24.1,61,POSCTL,0,0
2026-08-26T16:50:12,1787737812,13.822695,100.511697,14.4,-0.0,-1.7,-2.9,108.3,108.3,0.03,0.08,0.0,24.1,61,POSCTL,0,0
2026-08-26T16:50:13,1787737813,13.822695,100.511697,14.4,-0.0,-1.7,-2.9,108.3,108.3,0.03,0.08,0.0,24.1,61,POSCTL,0,0
2026-08-26T16:50:15,1787737815,13.822695,100.511697,14.4,-0.0,-1.7,-2.9,108.3,108.3,0.03,0.08,0.0,24.1,61,POSCTL,0,0
2026-08-26T16:50:16,1787737816,13.822698,100.511708,14.4,-0.0,-1.7,-2.9,108.3,108.3,0.03,0.08,0.0,24.1,61,POSCTL,0,0
2026-08-26T16:50:17,1787737817,13.822698,100.511707,14.4,0.01,-1.5,-2.7,108.3,108.3,0.01,0.01,0.0,24.1,61,POSCTL,0,0
2026-08-26T16:50:18,1787737818,13.822698,100.511708,14.4,0.01,-1.5,-2.7,108.3,108.3,0.01,0.01,0.0,24.1,61,POSCTL,0,0
2026-08-26T16:50:19,1787737819,13.822698,100.511708,14.4,0.01,-1.6,-2.8,108.3,108.3,0.01,0.01,0.0,24.1,61,POSCTL,0,0
2026-08-26T16:50:20,1787737820,13.822697,100.511704,14.4,0.01,-1.6,-2.8,108.3,108.3,0.0,-0.05,0.0,24.1,61,POSCTL,0,0
2026-08-26T16:50:21,1787737821,13.822697,100.511704,14.4,0.01,-1.6,-2.8,108.3,108.3,0.0,-0.05,0.0,24.1,61,POSCTL,0,0
2026-08-26T16:50:22,1787737822,13.822697,100.511704,14.4,0.01,-1.6,-2.8,108.3,108.3,0.0,-0.05,0.0,24.1,61,POSCTL,0,0
2026-08-26T16:50:25,1787737825,13.822697,100.511704,14.4,0.01,-1.7,-2.9,108.3,108.3,0.0,-0.05,0.0,24.1,61,POSCTL,0,0
2026-08-26T16:50:26,1787737826,13.822695,100.511698,14.4,0.01,-1.7,-3.0,108.3,108.3,0.0,-0.05,0.0,24.1,61,POSCTL,0,0
2026-08-26T16:50:27,1787737827,13.822696,100.511701,14.4,0.0,-1.7,-3.0,108.3,108.3,-0.01,-0.03,0.0,24.1,61,POSCTL,0,0
2026-08-26T16:50:28,1787737828,13.822693,100.511695,14.4,0.0,-1.7,-3.0,108.3,108.3,-0.01,-0.03,0.0,24.1,61,POSCTL,0,0
2026-08-26T16:50:29,1787737829,13.822694,100.511697,14.4,0.0,-1.7,-3.0,108.3,108.3,-0.02,-0.05,0.0,24.1,61,POSCTL,0,0
2026-08-26T16:50:30,1787737830,13.822693,100.511694,14.4,0.0,-1.7,-3.0,108.3,108.3,-0.02,-0.05,0.0,24.1,61,POSCTL,0,0
2026-08-26T16:50:31,1787737831,13.822693,100.511694,14.4,0.0,-1.7,-3.0,108.3,108.3,-0.02,-0.05,0.0,24.1,61,POSCTL,0,0
2026-08-26T16:50:32,1787737832,13.822693,100.511694,14.4,0.0,-1.7,-3.0,108.3,108.3,-0.02,-0.05,0.0,24.1,61,POSCTL,0,0
2026-08-26T16:50:33,1787737833,13.822693,100.511694,14.4,0.0,-1.7,-3.0,108.3,108.3,-0.02,-0.05,0.0,24.1,61,POSCTL,0,0
2026-08-26T16:50:34,1787737834,13.822693,100.511694,14.4,0.0,-1.7,-3.0,108.3,108.3,-0.02,-0.05,0.0,24.1,61,POSCTL,0,0
2026-08-26T16:50:37,1787737837,13.822691,100.511691,14.4,0.0,-1.8,-3.0,108.3,108.3,-0.02,-0.05,0.0,24.1,61,POSCTL,0,0
2026-08-26T16:50:38,1787737838,13.822691,100.511691,14.4,0.0,-1.8,-3.0,108.3,108.3,0.01,0.02,0.0,24.1,61,POSCTL,0,0
2026-08-26T16:50:39,1787737839,13.822691,100.511691,14.4,0.0,-1.7,-3.0,108.3,108.3,0.01,0.02,0.0,24.1,61,POSCTL,0,0
2026-08-26T16:50:40,1787737840,13.822691,100.511691,14.4,0.0,-1.7,-3.0,108.3,108.3,0.01,0.02,0.0,24.1,61,POSCTL,0,0
2026-08-26T16:50:41,1787737841,13.822691,100.51169,14.4,0.0,-1.7,-3.0,108.3,108.3,0.01,0.02,0.0,24.1,61,POSCTL,0,0
2026-08-26T16:50:42,1787737842,13.822691,100.511691,14.4,-0.0,-1.7,-3.0,108.3,108.3,0.01,0.02,0.0,24.1,61,POSCTL,0,0
2026-08-26T16:50:43,1787737843,13.822691,100.511691,14.4,-0.0,-1.7,-3.0,108.3,108.3,0.01,0.02,0.0,24.1,61,POSCTL,0,0
2026-08-26T16:50:44,1787737844,13.822691,100.511691,14.4,-0.0,-1.7,-3.0,108.3,108.3,0.01,0.02,0.0,24.1,61,POSCTL,0,0
2026-08-26T16:50:45,1787737845,13.822691,100.511691,14.4,-0.0,-1.7,-3.0,108.3,108.3,0.01,0.02,0.0,24.1,61,POSCTL,0,0
2026-08-26T16:50:46,1787737846,13.822691,100.511691,14.4,-0.0,-1.7,-3.0,108.4,108.4,0.0,0.02,0.0,24.1,61,POSCTL,0,0
2026-08-26T16:50:47,1787737847,13.822691,100.511689,14.4,-0.0,-1.7,-3.0,108.4,108.4,0.0,0.02,0.0,24.1,61,POSCTL,0,0
2026-08-26T16:50:48,1787737848,13.822691,100.51169,14.4,-0.0,-1.7,-3.0,108.4,108.4,0.0,0.01,0.0,24.1,61,POSCTL,0,0
2026-08-26T16:50:49,1787737849,13.822689,100.511687,14.4,-0.0,-1.7,-2.9,108.3,108.3,0.0,0.01,0.0,24.1,61,POSCTL,0,0
2026-08-26T16:50:50,1787737850,13.822689,100.511686,14.4,-0.0,-1.7,-2.9,108.3,108.3,0.0,-0.01,0.0,24.1,61,POSCTL,0,0
2026-08-26T16:50:51,1787737851,13.822689,100.511686,14.4,-0.0,-1.7,-2.9,108.3,108.3,0.0,-0.01,0.0,24.1,61,POSCTL,0,0
2026-08-26T16:50:52,1787737852,13.822689,100.511686,14.4,-0.0,-1.7,-2.9,108.3,108.3,0.0,-0.01,0.0,24.1,61,POSCTL,0,0
2026-08-26T16:50:53,1787737853,13.822689,100.511686,14.4,-0.0,-1.7,-2.9,108.3,108.3,0.0,-0.01,0.0,24.1,61,POSCTL,0,0
2026-08-26T16:50:54,1787737854,13.822689,100.511686,14.4,-0.0,-1.7,-2.9,108.3,108.3,0.0,-0.01,0.0,24.1,61,POSCTL,0,0
2026-08-26T16:50:55,1787737855,13.822689,100.511686,14.4,-0.0,-1.7,-2.9,108.3,108.3,0.0,-0.01,0.0,24.1,61,POSCTL,0,0
2026-08-26T16:50:56,1787737856,13.822689,100.511686,14.4,-0.0,-1.7,-3.0,108.3,108.3,0.0,-0.01,0.0,24.1,61,POSCTL,0,0
2026-08-26T16:50:57,1787737857,13.822689,100.511686,14.4,-0.0,-1.6,-2.9,108.3,108.3,0.0,-0.01,0.0,24.1,61,POSCTL,0,0
2026-08-26T16:50:58,1787737858,13.822688,100.511682,14.4,-0.01,-1.6,-2.9,108.3,108.3,-0.01,-0.08,0.0,24.09,61,POSCTL,0,0
2026-08-26T16:50:59,1787737859,13.822688,100.511682,14.4,-0.01,-1.6,-2.9,108.3,108.3,-0.01,-0.08,0.0,24.09,61,POSCTL,0,0
2026-08-26T16:51:00,1787737860,13.822688,100.511681,14.4,-0.01,-1.6,-2.9,108.3,108.3,-0.01,-0.07,0.0,24.09,61,POSCTL,0,0
2026-08-26T16:51:01,1787737861,13.822688,100.511681,14.4,-0.01,-1.7,-3.0,108.4,108.4,-0.01,-0.07,0.0,24.09,61,POSCTL,0,0
2026-08-26T16:51:02,1787737862,13.822689,100.511681,14.4,0.0,-1.7,-3.0,108.4,108.4,0.0,0.0,0.0,24.09,61,POSCTL,0,0
2026-08-26T16:51:03,1787737863,13.822689,100.511681,14.4,0.0,-1.7,-3.0,108.4,108.4,0.0,0.0,0.0,24.09,61,POSCTL,0,0
2026-08-26T16:51:04,1787737864,13.822689,100.511681,14.4,0.0,-1.7,-3.0,108.4,108.4,0.0,0.0,0.0,24.09,61,POSCTL,0,0
2026-08-26T16:51:05,1787737865,13.822688,100.511677,14.4,0.0,-1.7,-3.0,108.4,108.4,0.0,0.0,0.0,24.09,61,POSCTL,0,0
2026-08-26T16:51:06,1787737866,13.822689,100.511679,14.4,-0.0,-1.7,-3.0,108.4,108.4,0.01,0.01,0.0,24.09,61,POSCTL,0,0
2026-08-26T16:51:07,1787737867,13.822688,100.511676,14.4,-0.0,-1.7,-3.0,108.4,108.4,0.01,0.01,0.0,24.09,61,POSCTL,0,0
2026-08-26T16:51:08,1787737868,13.822688,100.511676,14.4,-0.0,-1.7,-3.0,108.4,108.4,0.01,0.01,0.0,24.09,61,POSCTL,0,0
2026-08-26T16:51:09,1787737869,13.822688,100.511676,14.4,-0.01,-1.7,-2.9,108.4,108.4,-0.01,-0.03,0.0,24.09,61,POSCTL,0,0
2026-08-26T16:51:10,1787737870,13.822688,100.511675,14.4,-0.01,-1.7,-3.0,108.4,108.4,-0.01,-0.03,0.0,24.09,61,POSCTL,0,0
2026-08-26T16:51:11,1787737871,13.822688,100.511675,14.4,-0.01,-1.7,-3.0,108.4,108.4,-0.01,-0.03,0.0,24.09,61,POSCTL,0,0
2026-08-26T16:51:12,1787737872,13.822688,100.511675,14.4,-0.01,-1.7,-3.0,108.4,108.4,-0.01,-0.03,0.0,24.09,61,POSCTL,0,0
2026-08-26T16:51:13,1787737873,13.822688,100.511675,14.4,-0.01,-1.7,-3.0,108.4,108.4,-0.01,-0.03,0.0,24.09,61,POSCTL,0,0
2026-08-26T16:51:14,1787737874,13.822688,100.511675,14.4,-0.01,-1.7,-3.0,108.4,108.4,-0.01,-0.03,0.0,24.09,61,POSCTL,0,0
2026-08-26T16:51:15,1787737875,13.822689,100.511671,14.4,-0.01,-1.6,-2.9,108.4,108.4,-0.01,-0.03,0.0,24.09,61,POSCTL,0,0
2026-08-26T16:51:16,1787737876,13.822688,100.511671,14.4,-0.01,-1.6,-2.9,108.4,108.4,-0.01,-0.09,0.0,24.09,61,POSCTL,0,0
2026-08-26T16:51:17,1787737877,13.822689,100.511671,14.4,-0.01,-1.7,-2.9,108.4,108.4,-0.01,-0.09,0.0,24.09,61,POSCTL,0,0
2026-08-26T16:51:18,1787737878,13.822688,100.511671,14.4,-0.0,-1.7,-3.0,108.4,108.4,0.0,-0.02,0.0,24.09,61,POSCTL,0,0
2026-08-26T16:51:19,1787737879,13.822688,100.511671,14.4,-0.0,-1.7,-3.0,108.4,108.4,0.0,-0.02,0.0,24.09,61,POSCTL,0,0
2026-08-26T16:51:20,1787737880,13.82269,100.51167,14.4,-0.0,-1.7,-3.0,108.4,108.4,0.0,-0.02,0.0,24.09,61,POSCTL,0,0
2026-08-26T16:51:21,1787737881,13.82269,100.51167,14.4,-0.0,-1.7,-3.0,108.4,108.4,0.0,-0.02,0.0,24.09,61,POSCTL,0,0
2026-08-26T16:51:22,1787737882,13.82269,100.51167,14.4,-0.0,-1.7,-3.0,108.4,108.4,0.0,-0.02,0.0,24.09,61,POSCTL,0,0
2026-08-26T16:51:23,1787737883,13.82269,100.51167,14.4,-0.0,-1.7,-3.0,108.4,108.4,0.0,-0.02,0.0,24.09,61,POSCTL,0,0
2026-08-26T16:51:24,1787737884,13.82269,100.51167,14.4,-0.0,-1.7,-3.0,108.4,108.4,0.0,-0.02,0.0,24.09,61,POSCTL,0,0
2026-08-26T16:51:25,1787737885,13.822691,100.511671,14.4,-0.0,-1.7,-3.0,108.4,108.4,0.02,0.04,0.0,24.09,61,POSCTL,0,0
2026-08-26T16:51:26,1787737886,13.822691,100.511669,14.4,-0.0,-1.7,-3.0,108.4,108.4,0.02,0.04,0.0,24.09,61,POSCTL,0,0
2026-08-26T16:51:27,1787737887,13.822691,100.511669,14.4,-0.01,-1.6,-2.9,108.3,108.3,0.0,-0.03,0.0,24.09,61,POSCTL,0,0
2026-08-26T16:51:28,1787737888,13.822691,100.511669,14.4,-0.01,-1.6,-2.9,108.3,108.3,0.0,-0.03,0.0,24.09,61,POSCTL,0,0
2026-08-26T16:51:29,1787737889,13.822691,100.511669,14.4,-0.01,-1.6,-2.9,108.3,108.3,-0.01,-0.03,0.0,24.09,61,POSCTL,0,0
2026-08-26T16:51:30,1787737890,13.822691,100.511669,14.4,-0.01,-1.6,-2.9,108.3,108.3,-0.01,-0.03,0.0,24.09,61,POSCTL,0,0
2026-08-26T16:51:31,1787737891,13.822691,100.511668,14.4,-0.01,-1.6,-2.9,108.3,108.3,-0.01,-0.01,0.0,24.09,61,POSCTL,0,0
2026-08-26T16:51:32,1787737892,13.822691,100.511668,14.4,-0.01,-1.6,-2.9,108.3,108.3,-0.01,-0.01,0.0,24.09,61,POSCTL,0,0
2026-08-26T16:51:33,1787737893,13.822691,100.511668,14.4,-0.01,-1.6,-2.9,108.3,108.3,-0.01,-0.01,0.0,24.09,61,POSCTL,0,0
2026-08-26T16:51:34,1787737894,13.822691,100.511668,14.4,-0.01,-1.6,-2.9,108.3,108.3,-0.01,-0.01,0.0,24.09,61,POSCTL,0,0
2026-08-26T16:51:35,1787737895,13.822691,100.511668,14.4,-0.01,-1.7,-2.9,108.3,108.3,-0.01,-0.01,0.0,24.09,61,POSCTL,0,0
2026-08-26T16:51:36,1787737896,13.822691,100.511669,14.4,-0.01,-1.7,-2.9,108.3,108.3,0.0,0.0,0.0,24.09,61,POSCTL,0,0
2026-08-26T16:51:40,1787737900,13.822691,100.511669,14.4,-0.01,-1.6,-2.9,108.3,108.3,0.0,-0.01,0.0,24.09,61,POSCTL,0,0
2026-08-26T16:51:41,1787737901,13.822691,100.51167,14.4,-0.01,-1.6,-2.9,108.3,108.3,0.0,-0.01,0.0,24.09,61,POSCTL,0,0
2026-08-26T16:51:42,1787737902,13.822691,100.51167,14.4,-0.01,-1.6,-2.9,108.3,108.3,0.0,0.0,0.0,24.09,61,POSCTL,0,0
2026-08-26T16:51:43,1787737903,13.822692,100.51167,14.4,-0.01,-1.6,-2.9,108.3,108.3,0.0,0.0,0.0,24.09,61,POSCTL,0,0
2026-08-26T16:51:44,1787737904,13.822692,100.51167,14.4,-0.01,-1.6,-2.9,108.3,108.3,0.0,0.0,0.0,24.09,61,POSCTL,0,0
2026-08-26T16:51:45,1787737905,13.822692,100.51167,14.4,-0.01,-1.6,-2.9,108.3,108.3,0.0,0.0,0.0,24.09,61,POSCTL,0,0
2026-08-26T16:51:46,1787737906,13.822692,100.51167,14.4,-0.01,-1.6,-2.9,108.3,108.3,0.0,0.0,0.0,24.09,61,POSCTL,0,0
2026-08-26T16:51:47,1787737907,13.822692,100.51167,14.4,-0.01,-1.6,-2.9,108.3,108.3,0.0,0.0,0.0,24.09,61,POSCTL,0,0
2026-08-26T16:51:48,1787737908,13.822692,100.51167,14.4,-0.01,-1.6,-2.9,108.3,108.3,0.0,0.0,0.0,24.09,61,POSCTL,0,0
2026-08-26T16:51:49,1787737909,13.822693,100.511672,14.4,-0.01,-1.6,-2.9,108.3,108.3,0.0,0.0,0.0,24.09,61,POSCTL,0,0
2026-08-26T16:51:50,1787737910,13.822692,100.511672,14.4,-0.01,-1.6,-2.9,108.3,108.3,0.0,0.01,0.0,24.09,61,POSCTL,0,0
2026-08-26T16:51:51,1787737911,13.822692,100.511672,14.4,-0.01,-1.6,-2.9,108.3,108.3,0.0,0.01,0.0,24.09,61,POSCTL,0,0
2026-08-26T16:51:52,1787737912,13.822692,100.511674,14.4,-0.01,-1.6,-2.9,108.3,108.3,0.0,0.01,0.0,24.09,61,POSCTL,0,0
2026-08-26T16:51:53,1787737913,13.822692,100.511673,14.4,-0.01,-1.6,-2.9,108.3,108.3,0.0,0.0,0.0,24.09,61,POSCTL,0,0
2026-08-26T16:51:54,1787737914,13.822692,100.511674,14.4,-0.01,-1.6,-2.9,108.3,108.3,0.0,0.0,0.0,24.09,61,POSCTL,0,0
2026-08-26T16:51:55,1787737915,13.822692,100.511673,14.4,-0.0,-1.6,-2.9,108.3,108.3,0.0,0.0,0.0,24.09,61,POSCTL,0,0
2026-08-26T16:51:56,1787737916,13.822692,100.511673,14.4,-0.0,-1.6,-2.9,108.3,108.3,0.0,0.0,0.0,24.09,61,POSCTL,0,0
2026-08-26T16:51:57,1787737917,13.822692,100.511673,14.4,-0.0,-1.6,-2.9,108.3,108.3,0.0,0.0,0.0,24.09,61,POSCTL,0,0
2026-08-26T16:51:58,1787737918,13.822692,100.511673,14.4,-0.0,-1.6,-2.9,108.3,108.3,0.0,0.0,0.0,24.09,61,POSCTL,0,0
2026-08-26T16:51:59,1787737919,13.822692,100.511673,14.4,-0.0,-1.6,-2.9,108.3,108.3,0.0,0.0,0.0,24.09,61,POSCTL,0,0
2026-08-26T16:52:00,1787737920,13.822691,100.511677,14.4,0.0,-1.7,-2.9,108.3,108.3,0.02,0.06,0.0,24.09,61,POSCTL,0,0
2026-08-26T16:52:01,1787737921,13.822691,100.511677,14.4,0.0,-1.7,-2.9,108.3,108.3,0.02,0.06,0.0,24.09,61,POSCTL,0,0
2026-08-26T16:52:02,1787737922,13.822691,100.511677,14.4,0.0,-1.7,-2.9,108.3,108.3,0.02,0.06,0.0,24.09,61,POSCTL,0,0
2026-08-26T16:52:03,1787737923,13.822691,100.511678,14.4,0.0,-1.7,-2.9,108.3,108.3,0.01,0.06,0.0,24.09,61,POSCTL,0,0
2026-08-26T16:52:04,1787737924,13.82269,100.511679,14.4,-0.0,-1.7,-2.9,108.3,108.3,-0.01,0.02,0.0,24.09,61,POSCTL,0,0
2026-08-26T16:52:05,1787737925,13.822689,100.51168,14.4,-0.0,-1.7,-2.9,108.3,108.3,-0.01,0.02,0.0,24.09,61,POSCTL,0,0
2026-08-26T16:52:06,1787737926,13.822689,100.51168,14.4,-0.0,-1.7,-2.9,108.3,108.3,-0.01,0.02,0.0,24.09,61,POSCTL,0,0
2026-08-26T16:52:07,1787737927,13.822689,100.51168,14.4,-0.0,-1.7,-2.9,108.3,108.3,-0.01,0.02,0.0,24.09,61,POSCTL,0,0
2026-08-26T16:52:08,1787737928,13.822689,100.51168,14.4,-0.0,-1.7,-2.9,108.3,108.3,-0.01,0.02,0.0,24.09,61,POSCTL,0,0
2026-08-26T16:52:09,1787737929,13.822688,100.511682,14.4,-0.0,-1.7,-2.9,108.4,108.4,0.0,0.03,0.0,24.09,61,POSCTL,0,0
2026-08-26T16:52:10,1787737930,13.822688,100.511682,14.4,-0.0,-1.7,-2.9,108.3,108.3,0.0,0.03,0.0,24.09,61,POSCTL,0,0
2026-08-26T16:52:11,1787737931,13.822688,100.511682,14.4,-0.0,-1.7,-2.9,108.3,108.3,0.0,0.03,0.0,24.09,61,POSCTL,0,0
2026-08-26T16:52:12,1787737932,13.822688,100.511682,14.4,-0.0,-1.7,-2.9,108.3,108.3,0.0,0.03,0.0,24.09,61,POSCTL,0,0
2026-08-26T16:52:13,1787737933,13.822688,100.511682,14.4,-0.0,-1.7,-2.9,108.3,108.3,0.0,0.03,0.0,24.09,61,POSCTL,0,0
2026-08-26T16:52:17,1787737937,13.822688,100.511682,14.4,-0.0,-1.7,-2.9,108.3,108.3,0.0,0.03,0.0,24.09,61,POSCTL,0,0
2026-08-26T16:52:18,1787737938,13.822688,100.511682,14.4,-0.0,-1.7,-2.9,108.3,108.3,0.0,0.03,0.0,24.09,61,POSCTL,0,0
2026-08-26T16:52:19,1787737939,13.822682,100.511681,14.4,-0.01,-1.7,-2.9,108.3,108.3,-0.01,-0.03,0.0,24.09,61,POSCTL,0,0
2026-08-26T16:52:20,1787737940,13.822683,100.511681,14.4,-0.0,-1.7,-2.9,108.3,108.3,-0.01,-0.02,0.0,24.09,61,POSCTL,0,0
2026-08-26T16:52:21,1787737941,13.822681,100.511681,14.4,-0.0,-1.7,-2.9,108.3,108.3,-0.01,-0.02,0.0,24.09,61,POSCTL,0,0
2026-08-26T16:52:22,1787737942,13.822681,100.511683,14.4,0.0,-1.7,-2.9,108.3,108.3,0.0,0.0,0.0,24.09,61,POSCTL,0,0
2026-08-26T16:52:23,1787737943,13.822681,100.511683,14.4,0.0,-1.7,-2.9,108.3,108.3,0.0,0.0,0.0,24.09,61,POSCTL,0,0
2026-08-26T16:52:24,1787737944,13.822681,100.511683,14.4,0.0,-1.7,-2.9,108.3,108.3,0.0,0.0,0.0,24.09,61,POSCTL,0,0
2026-08-26T16:52:25,1787737945,13.822681,100.511683,14.4,0.0,-1.7,-2.9,108.3,108.3,0.0,0.0,0.0,24.09,61,POSCTL,0,0
2026-08-26T16:52:26,1787737946,13.822681,100.511683,14.4,0.0,-1.7,-2.9,108.3,108.3,0.0,0.0,0.0,24.09,61,POSCTL,0,0
2026-08-26T16:52:27,1787737947,13.822679,100.511684,14.4,0.0,-1.7,-2.9,108.3,108.3,0.0,0.02,0.0,24.09,61,POSCTL,0,0
2026-08-26T16:52:28,1787737948,13.822679,100.511684,14.4,0.0,-1.7,-2.9,108.3,108.3,0.0,0.02,0.0,24.09,61,POSCTL,0,0
2026-08-26T16:52:29,1787737949,13.822679,100.511684,14.4,0.0,-1.7,-2.9,108.3,108.3,0.0,0.02,0.0,24.09,61,POSCTL,0,0
2026-08-26T16:52:30,1787737950,13.822679,100.511684,14.4,0.0,-1.7,-2.9,108.3,108.3,0.0,0.02,0.0,24.09,61,POSCTL,0,0
2026-08-26T16:52:31,1787737951,13.822679,100.511685,14.4,0.0,-1.7,-2.9,108.3,108.3,0.0,0.0,0.0,24.09,61,POSCTL,0,0
2026-08-26T16:52:32,1787737952,13.822679,100.511685,14.4,0.0,-1.7,-2.9,108.3,108.3,0.0,0.0,0.0,24.09,61,POSCTL,0,0
2026-08-26T16:52:33,1787737953,13.822679,100.511685,14.4,0.0,-1.7,-2.9,108.3,108.3,0.0,0.0,0.0,24.09,61,POSCTL,0,0
2026-08-26T16:52:34,1787737954,13.822679,100.511685,14.4,0.0,-1.7,-2.9,108.3,108.3,0.0,0.0,0.0,24.09,61,POSCTL,0,0
2026-08-26T16:52:35,1787737955,13.822678,100.511684,14.4,0.0,-1.7,-2.9,108.3,108.3,0.0,-0.03,0.0,24.09,61,POSCTL,0,0
2026-08-26T16:52:36,1787737956,13.822678,100.511684,14.4,0.0,-1.7,-2.9,108.3,108.3,0.0,-0.03,0.0,24.09,61,POSCTL,0,0
2026-08-26T16:52:37,1787737957,13.822677,100.511683,14.4,0.0,-1.7,-2.9,108.3,108.3,-0.01,-0.04,0.0,24.09,61,POSCTL,0,0
2026-08-26T16:52:38,1787737958,13.822677,100.511683,14.4,0.0,-1.7,-2.9,108.3,108.3,-0.01,-0.04,0.0,24.09,61,POSCTL,0,0
2026-08-26T16:52:39,1787737959,13.822677,100.511683,14.4,0.01,-1.7,-2.9,108.3,108.3,-0.01,0.0,0.0,24.09,61,POSCTL,0,0
2026-08-26T16:52:40,1787737960,13.822677,100.511683,14.4,0.01,-1.7,-2.9,108.3,108.3,-0.01,0.0,0.0,24.09,61,POSCTL,0,0
2026-08-26T16:52:41,1787737961,13.822677,100.511683,14.4,0.01,-1.7,-2.9,108.3,108.3,-0.01,0.0,0.0,24.09,61,POSCTL,0,0
2026-08-26T16:52:42,1787737962,13.822677,100.511683,14.4,0.01,-1.7,-2.9,108.3,108.3,-0.01,0.0,0.0,24.09,61,POSCTL,0,0
2026-08-26T16:52:43,1787737963,13.822677,100.511683,14.4,0.01,-1.7,-2.9,108.3,108.3,0.0,0.02,0.0,24.09,61,POSCTL,0,0
2026-08-26T16:52:44,1787737964,13.822677,100.511683,14.4,0.01,-1.7,-2.9,108.3,108.3,0.0,0.02,0.0,24.09,61,POSCTL,0,0
2026-08-26T16:52:45,1787737965,13.822676,100.511682,14.4,0.0,-1.7,-2.9,108.3,108.3,0.0,0.01,0.0,24.09,61,POSCTL,0,0
2026-08-26T16:52:46,1787737966,13.822676,100.511682,14.4,0.0,-1.7,-2.9,108.3,108.3,0.0,0.01,0.0,24.09,61,POSCTL,0,0
2026-08-26T16:52:47,1787737967,13.822676,100.511682,14.4,0.0,-1.7,-2.9,108.3,108.3,0.0,0.01,0.0,24.09,61,POSCTL,0,0
2026-08-26T16:52:48,1787737968,13.822675,100.511682,14.4,0.01,-1.7,-2.9,108.3,108.3,0.0,0.0,0.0,24.09,61,POSCTL,0,0
2026-08-26T16:52:49,1787737969,13.822675,100.511682,14.4,0.01,-1.7,-2.9,108.3,108.3,0.0,0.0,0.0,24.09,61,POSCTL,0,0
2026-08-26T16:52:50,1787737970,13.822676,100.511682,14.4,0.0,-1.7,-2.9,108.3,108.3,0.0,0.0,0.0,24.09,61,POSCTL,0,0
2026-08-26T16:52:51,1787737971,13.822676,100.511682,14.4,0.0,-1.7,-2.9,108.3,108.3,0.0,0.0,0.0,24.09,61,POSCTL,0,0
2026-08-26T16:52:52,1787737972,13.822676,100.511682,14.4,0.0,-1.7,-2.9,108.3,108.3,0.0,0.0,0.0,24.09,61,POSCTL,0,0
2026-08-26T16:52:53,1787737973,13.822676,100.511682,14.4,0.0,-1.7,-2.9,108.3,108.3,0.0,0.0,0.0,24.09,61,POSCTL,0,0
2026-08-26T16:52:54,1787737974,13.822676,100.511682,14.4,0.0,-1.7,-2.9,108.3,108.3,0.0,0.0,0.0,24.09,61,POSCTL,0,0
2026-08-26T16:52:55,1787737975,13.822674,100.511681,14.4,0.0,-1.7,-2.9,108.3,108.3,0.0,-0.03,0.0,24.09,61,POSCTL,0,0
2026-08-26T16:52:56,1787737976,13.822674,100.511681,14.4,0.0,-1.7,-2.9,108.3,108.3,0.0,-0.03,0.0,24.09,61,POSCTL,0,0
2026-08-26T16:52:57,1787737977,13.822674,100.511681,14.4,0.0,-1.7,-2.9,108.3,108.3,0.0,-0.03,0.0,24.09,61,POSCTL,0,0
2026-08-26T16:52:58,1787737978,13.822674,100.51168,14.4,-0.0,-1.7,-2.9,108.3,108.3,-0.01,-0.04,0.0,24.09,61,POSCTL,0,0
2026-08-26T16:52:59,1787737979,13.822674,100.51168,14.4,0.0,-1.7,-2.9,108.3,108.3,0.0,-0.02,0.0,24.09,61,POSCTL,0,0
2026-08-26T16:53:00,1787737980,13.822674,100.51168,14.4,0.0,-1.7,-2.9,108.3,108.3,0.0,-0.02,0.0,24.09,61,POSCTL,0,0
2026-08-26T16:53:01,1787737981,13.822674,100.51168,14.4,0.0,-1.7,-2.9,108.3,108.3,0.0,-0.02,0.0,24.09,61,POSCTL,0,0
2026-08-26T16:53:02,1787737982,13.822674,100.51168,14.4,0.0,-1.7,-2.9,108.3,108.3,0.0,-0.01,0.0,24.09,61,POSCTL,0,0
2026-08-26T16:53:03,1787737983,13.822674,100.51168,14.4,0.0,-1.7,-2.9,108.3,108.3,0.0,-0.01,0.0,24.09,61,POSCTL,0,0
2026-08-26T16:53:04,1787737984,13.822676,100.511685,14.4,0.01,-1.7,-2.9,108.3,108.3,0.02,0.04,0.0,24.09,61,POSCTL,0,0
2026-08-26T16:53:05,1787737985,13.822676,100.511685,14.4,0.01,-1.7,-2.9,108.3,108.3,0.02,0.04,0.0,24.09,61,POSCTL,0,0
2026-08-26T16:53:06,1787737986,13.822676,100.511685,14.4,0.01,-1.7,-2.9,108.3,108.3,0.02,0.03,0.0,24.09,61,POSCTL,0,0
2026-08-26T16:53:07,1787737987,13.822676,100.511685,14.4,0.01,-1.7,-2.9,108.3,108.3,0.02,0.03,0.0,24.09,61,POSCTL,0,0
2026-08-26T16:53:08,1787737988,13.822676,100.511684,14.4,0.01,-1.6,-2.9,108.3,108.3,0.0,0.01,0.0,24.09,61,POSCTL,0,0
2026-08-26T16:53:09,1787737989,13.822676,100.511684,14.4,0.01,-1.6,-2.9,108.3,108.3,0.0,0.01,0.0,24.09,61,POSCTL,0,0
2026-08-26T16:53:10,1787737990,13.822676,100.511685,14.4,0.01,-1.6,-2.9,108.3,108.3,0.0,0.0,0.0,24.09,61,POSCTL,0,0
2026-08-26T16:53:11,1787737991,13.822676,100.511685,14.4,0.01,-1.6,-2.9,108.3,108.3,0.0,0.0,0.0,24.09,61,POSCTL,0,0
2026-08-26T16:53:12,1787737992,13.822676,100.511685,14.4,0.01,-1.6,-2.9,108.3,108.3,0.0,0.0,0.0,24.09,61,POSCTL,0,0
2026-08-26T16:53:13,1787737993,13.822676,100.511685,14.4,0.01,-1.6,-2.9,108.3,108.3,0.0,0.0,0.0,24.09,61,POSCTL,0,0
2026-08-26T16:53:14,1787737994,13.822676,100.511682,14.4,0.01,-1.7,-2.9,108.3,108.3,0.0,-0.02,0.0,24.09,61,POSCTL,0,0
2026-08-26T16:53:15,1787737995,13.822676,100.511681,14.4,0.01,-1.7,-2.9,108.3,108.3,0.0,-0.02,0.0,24.09,61,POSCTL,0,0
2026-08-26T16:53:16,1787737996,13.822676,100.511681,14.4,0.01,-1.7,-2.9,108.3,108.3,0.0,-0.02,0.0,24.09,61,POSCTL,0,0
2026-08-26T16:53:17,1787737997,13.822676,100.51168,14.4,0.01,-1.7,-2.9,108.3,108.3,0.0,0.0,0.0,24.09,61,POSCTL,0,0
2026-08-26T16:53:18,1787737998,13.822676,100.51168,14.4,0.01,-1.7,-2.9,108.3,108.3,0.0,0.0,0.0,24.09,61,POSCTL,0,0
2026-08-26T16:53:19,1787737999,13.822676,100.51168,14.4,0.01,-1.7,-2.9,108.3,108.3,0.0,0.0,0.0,24.09,61,POSCTL,0,0
2026-08-26T16:53:20,1787738000,13.822676,100.51168,14.4,0.01,-1.7,-2.9,108.3,108.3,0.0,0.0,0.0,24.09,61,POSCTL,0,0
2026-08-26T16:53:21,1787738001,13.822676,100.51168,14.4,0.01,-1.7,-2.9,108.3,108.3,0.0,0.0,0.0,24.09,61,POSCTL,0,0
2026-08-26T16:53:22,1787738002,13.822676,100.51168,14.4,0.01,-1.7,-2.9,108.3,108.3,0.0,0.0,0.0,24.09,61,POSCTL,0,0
2026-08-26T16:53:23,1787738003,13.822677,100.511679,14.4,0.0,-1.7,-2.9,108.3,108.3,0.0,-0.02,0.0,24.09,61,POSCTL,0,0
2026-08-26T16:53:24,1787738004,13.822677,100.511679,14.4,0.0,-1.7,-2.9,108.3,108.3,0.0,-0.02,0.0,24.09,61,POSCTL,0,0
2026-08-26T16:53:25,1787738005,13.822678,100.511679,14.4,0.01,-1.6,-2.9,108.3,108.3,0.0,-0.04,0.0,24.09,61,POSCTL,0,0
2026-08-26T16:53:26,1787738006,13.822678,100.511679,14.4,0.01,-1.6,-2.9,108.3,108.3,0.0,-0.04,0.0,24.09,61,POSCTL,0,0
2026-08-26T16:53:27,1787738007,13.822677,100.511678,14.4,0.01,-1.6,-2.9,108.3,108.3,0.0,-0.02,0.0,24.09,61,POSCTL,0,0
2026-08-26T16:53:28,1787738008,13.822678,100.511679,14.4,0.01,-1.6,-2.9,108.3,108.3,0.0,-0.02,0.0,24.09,61,POSCTL,0,0
2026-08-26T16:53:29,1787738009,13.822678,100.511679,14.4,0.01,-1.6,-2.9,108.3,108.3,0.0,-0.02,0.0,24.09,61,POSCTL,0,0
2026-08-26T16:53:30,1787738010,13.822678,100.511679,14.4,0.01,-1.6,-2.9,108.3,108.3,0.0,-0.02,0.0,24.09,61,POSCTL,0,0
2026-08-26T16:53:31,1787738011,13.822678,100.511679,14.4,0.01,-1.6,-2.9,108.3,108.3,0.0,-0.02,0.0,24.09,61,POSCTL,0,0
2026-08-26T16:53:33,1787738013,13.822679,100.511676,14.4,0.01,-1.6,-2.9,108.3,108.3,0.0,-0.04,0.0,24.09,61,POSCTL,0,0
2026-08-26T16:53:34,1787738014,13.822679,100.511676,14.4,0.01,-1.6,-2.9,108.3,108.3,0.0,-0.04,0.0,24.09,61,POSCTL,0,0
2026-08-26T16:53:35,1787738015,13.82268,100.511677,14.4,0.01,-1.7,-3.0,108.4,108.4,0.02,0.02,0.0,24.09,61,POSCTL,0,0
2026-08-26T16:53:36,1787738016,13.82268,100.511675,14.4,0.01,-1.7,-3.0,108.4,108.4,0.02,0.02,0.0,24.09,61,POSCTL,0,0
2026-08-26T16:53:37,1787738017,13.822681,100.511675,14.4,0.01,-1.7,-3.0,108.4,108.4,0.02,0.03,0.0,24.09,61,POSCTL,0,0
2026-08-26T16:53:38,1787738018,13.822681,100.511675,14.4,0.01,-1.7,-3.0,108.4,108.4,0.02,0.03,0.0,24.08,61,POSCTL,0,0
2026-08-26T16:53:39,1787738019,13.822681,100.511675,14.4,0.01,-1.7,-3.0,108.4,108.4,0.02,0.03,0.0,24.08,61,POSCTL,0,0
2026-08-26T16:53:40,1787738020,13.822681,100.511675,14.4,0.01,-1.7,-3.0,108.4,108.4,0.02,0.03,0.0,24.08,61,POSCTL,0,0
2026-08-26T16:53:41,1787738021,13.822681,100.511675,14.4,0.01,-1.7,-3.0,108.4,108.4,0.02,0.03,0.0,24.08,61,POSCTL,0,0
2026-08-26T16:53:42,1787738022,13.822681,100.511675,14.4,0.01,-1.7,-3.0,108.4,108.4,0.02,0.03,0.0,24.08,61,POSCTL,0,0
2026-08-26T16:53:43,1787738023,13.822681,100.511674,14.4,0.01,-1.6,-2.9,108.4,108.4,0.0,-0.01,0.0,24.08,61,POSCTL,0,0
2026-08-26T16:53:44,1787738024,13.822681,100.511674,14.4,0.01,-1.6,-2.9,108.3,108.3,0.0,-0.01,0.0,24.08,61,POSCTL,0,0
2026-08-26T16:53:45,1787738025,13.822681,100.511674,14.4,0.01,-1.6,-2.9,108.3,108.3,0.0,-0.01,0.0,24.08,61,POSCTL,0,0
2026-08-26T16:53:46,1787738026,13.822681,100.511674,14.4,0.01,-1.6,-2.9,108.3,108.3,-0.01,-0.02,0.0,24.08,61,POSCTL,0,0
2026-08-26T16:53:47,1787738027,13.822681,100.511674,14.4,0.01,-1.6,-2.9,108.3,108.3,-0.01,-0.02,0.0,24.08,61,POSCTL,0,0
2026-08-26T16:53:48,1787738028,13.82268,100.511674,14.4,0.01,-1.6,-2.9,108.3,108.3,-0.01,-0.01,0.0,24.08,61,POSCTL,0,0
2026-08-26T16:53:49,1787738029,13.82268,100.511674,14.4,0.01,-1.6,-2.9,108.3,108.3,-0.01,-0.01,0.0,24.08,61,POSCTL,0,0
2026-08-26T16:53:50,1787738030,13.82268,100.511674,14.4,0.01,-1.6,-2.9,108.3,108.3,-0.01,-0.01,0.0,24.08,61,POSCTL,0,0
2026-08-26T16:53:51,1787738031,13.82268,100.511674,14.4,0.01,-1.6,-2.9,108.3,108.3,-0.01,-0.01,0.0,24.08,61,POSCTL,0,0
2026-08-26T16:53:52,1787738032,13.82268,100.511674,14.4,0.01,-1.6,-2.9,108.3,108.3,-0.01,-0.01,0.0,24.08,61,POSCTL,0,0
2026-08-26T16:53:53,1787738033,13.82268,100.511674,14.4,0.01,-1.6,-2.9,108.3,108.3,-0.01,-0.01,0.0,24.08,61,POSCTL,0,0
2026-08-26T16:53:54,1787738034,13.82268,100.511675,14.4,0.01,-1.6,-2.9,108.3,108.3,0.0,-0.02,0.0,24.08,61,POSCTL,0,0
2026-08-26T16:53:55,1787738035,13.822681,100.511675,14.4,0.01,-1.7,-2.9,108.4,108.4,0.02,0.05,0.0,24.08,61,POSCTL,0,0
2026-08-26T16:53:56,1787738036,13.822681,100.511675,14.4,0.01,-1.7,-2.9,108.4,108.4,0.02,0.05,0.0,24.08,61,POSCTL,0,0
2026-08-26T16:53:57,1787738037,13.822681,100.511675,14.4,0.01,-1.7,-2.9,108.3,108.3,0.02,0.05,0.0,24.08,61,POSCTL,0,0
2026-08-26T16:53:58,1787738038,13.822681,100.511675,14.4,0.01,-1.7,-2.9,108.3,108.3,0.03,0.04,0.0,24.08,61,POSCTL,0,0
2026-08-26T16:53:59,1787738039,13.822681,100.511675,14.4,0.01,-1.7,-2.9,108.3,108.3,0.03,0.04,0.0,24.08,61,POSCTL,0,0
2026-08-26T16:54:00,1787738040,13.822681,100.511675,14.4,0.01,-1.7,-2.9,108.3,108.3,0.03,0.04,0.0,24.08,61,POSCTL,0,0
2026-08-26T16:54:01,1787738041,13.822681,100.511675,14.4,0.01,-1.7,-2.9,108.3,108.3,0.03,0.04,0.0,24.08,61,POSCTL,0,0
2026-08-26T16:54:03,1787738043,13.822681,100.511675,14.4,0.01,-1.7,-2.9,108.3,108.3,0.03,0.04,0.0,24.08,61,POSCTL,0,0
2026-08-26T16:54:04,1787738044,13.822681,100.511674,14.4,0.01,-1.7,-2.9,108.3,108.3,0.0,0.0,0.0,24.08,61,POSCTL,0,0
2026-08-26T16:54:05,1787738045,13.822681,100.511674,14.4,0.01,-1.7,-2.9,108.3,108.3,0.0,0.0,0.0,24.08,61,POSCTL,0,0
2026-08-26T16:54:06,1787738046,13.822681,100.511674,14.4,0.01,-1.7,-2.9,108.3,108.3,0.0,0.0,0.0,24.08,61,POSCTL,0,0
2026-08-26T16:54:07,1787738047,13.822681,100.511674,14.4,0.01,-1.7,-2.9,108.3,108.3,0.0,0.0,0.0,24.08,61,POSCTL,0,0
2026-08-26T16:54:08,1787738048,13.822681,100.511673,14.4,0.01,-1.7,-2.9,108.3,108.3,0.0,0.0,0.0,24.08,61,POSCTL,0,0
2026-08-26T16:54:09,1787738049,13.822681,100.511673,14.4,0.01,-1.7,-2.9,108.3,108.3,0.0,0.0,0.0,24.08,61,POSCTL,0,0
2026-08-26T16:54:10,1787738050,13.822681,100.511673,14.4,0.01,-1.7,-2.9,108.3,108.3,0.0,0.0,0.0,24.08,61,POSCTL,0,0
2026-08-26T16:54:11,1787738051,13.822681,100.511673,14.4,0.01,-1.7,-2.9,108.3,108.3,0.0,0.0,0.0,24.08,61,POSCTL,0,0
2026-08-26T16:54:12,1787738052,13.822681,100.511673,14.4,0.01,-1.7,-2.9,108.3,108.3,0.0,0.0,0.0,24.08,61,POSCTL,0,0
2026-08-26T16:54:13,1787738053,13.822681,100.511673,14.4,0.01,-1.7,-2.9,108.3,108.3,0.0,0.0,0.0,24.08,61,POSCTL,0,0
2026-08-26T16:54:14,1787738054,13.822681,100.511673,14.4,0.01,-1.7,-2.9,108.3,108.3,0.0,0.0,0.0,24.08,61,POSCTL,0,0
2026-08-26T16:54:15,1787738055,13.822681,100.511673,14.4,0.01,-1.7,-2.9,108.3,108.3,0.0,0.0,0.0,24.08,61,POSCTL,0,0
2026-08-26T16:54:16,1787738056,13.822681,100.511673,14.4,0.01,-1.7,-2.9,108.3,108.3,0.0,0.0,0.0,24.08,61,POSCTL,0,0
2026-08-26T16:54:17,1787738057,13.82268,100.511672,14.4,0.01,-1.7,-2.9,108.3,108.3,0.01,0.0,0.0,24.08,61,POSCTL,0,0
2026-08-26T16:54:18,1787738058,13.82268,100.511672,14.4,0.01,-1.7,-2.9,108.3,108.3,0.01,0.0,0.0,24.08,61,POSCTL,0,0
2026-08-26T16:54:19,1787738059,13.82268,100.511672,14.4,0.01,-1.7,-2.9,108.3,108.3,0.0,-0.01,0.0,24.08,61,POSCTL,0,0
2026-08-26T16:54:20,1787738060,13.822679,100.511672,14.4,0.01,-1.7,-2.9,108.3,108.3,0.0,-0.01,0.0,24.08,61,POSCTL,0,0
2026-08-26T16:54:21,1787738061,13.822679,100.511672,14.4,0.01,-1.7,-2.9,108.3,108.3,0.0,0.0,0.0,24.08,61,POSCTL,0,0
2026-08-26T16:54:22,1787738062,13.822679,100.511672,14.4,0.01,-1.7,-2.9,108.3,108.3,0.0,0.0,0.0,24.08,61,POSCTL,0,0
2026-08-26T16:54:23,1787738063,13.822679,100.511672,14.4,0.01,-1.7,-2.9,108.3,108.3,0.0,0.0,0.0,24.08,61,POSCTL,0,0
2026-08-26T16:54:24,1787738064,13.822679,100.511672,14.4,0.01,-1.7,-2.9,108.3,108.3,0.0,0.0,0.0,24.08,61,POSCTL,0,0
2026-08-26T16:54:25,1787738065,13.822679,100.511672,14.4,0.01,-1.7,-2.9,108.3,108.3,0.0,0.0,0.0,24.08,61,POSCTL,0,0
2026-08-26T16:54:26,1787738066,13.822677,100.511672,14.4,0.0,-1.7,-2.9,108.3,108.3,0.0,0.01,0.0,24.08,61,POSCTL,0,0
2026-08-26T16:54:27,1787738067,13.822678,100.511672,14.4,0.0,-1.7,-2.9,108.3,108.3,0.0,0.02,0.0,24.08,61,POSCTL,0,0
2026-08-26T16:54:28,1787738068,13.822677,100.511672,14.4,0.0,-1.7,-2.9,108.3,108.3,0.0,0.02,0.0,24.08,61,POSCTL,0,0
2026-08-26T16:54:29,1787738069,13.822677,100.511672,14.4,0.0,-1.7,-2.9,108.3,108.3,0.0,0.02,0.0,24.08,61,POSCTL,0,0
2026-08-26T16:54:30,1787738070,13.822677,100.511672,14.4,-0.0,-1.7,-2.9,108.3,108.3,-0.01,-0.01,0.0,24.08,61,POSCTL,0,0
2026-08-26T16:54:31,1787738071,13.822677,100.511672,14.4,-0.0,-1.7,-2.9,108.3,108.3,-0.01,-0.01,0.0,24.08,61,POSCTL,0,0
2026-08-26T16:54:32,1787738072,13.822677,100.511672,14.4,0.0,-1.7,-2.9,108.3,108.3,0.0,-0.01,0.0,24.08,61,POSCTL,0,0
2026-08-26T16:54:33,1787738073,13.822677,100.511672,14.4,0.0,-1.7,-2.9,108.3,108.3,0.0,-0.01,0.0,24.08,61,POSCTL,0,0
2026-08-26T16:54:38,1787738078,13.822677,100.511672,14.4,0.0,-1.7,-2.9,108.3,108.3,0.0,-0.01,0.0,24.08,61,POSCTL,0,0
2026-08-26T16:54:39,1787738079,13.822677,100.511672,14.4,0.0,-1.7,-2.9,108.3,108.3,0.0,-0.01,0.0,24.08,61,POSCTL,0,0
2026-08-26T16:54:40,1787738080,13.822679,100.511671,14.4,-0.0,-1.7,-2.9,108.3,108.3,0.0,-0.02,0.0,24.08,61,POSCTL,0,0
2026-08-26T16:54:41,1787738081,13.822679,100.511671,14.4,-0.0,-1.7,-2.9,108.3,108.3,0.0,-0.02,0.0,24.08,61,POSCTL,0,0
2026-08-26T16:54:42,1787738082,13.822679,100.51167,14.4,0.0,-1.7,-2.9,108.3,108.3,0.0,0.0,0.0,24.08,61,POSCTL,0,0
2026-08-26T16:54:43,1787738083,13.822679,100.51167,14.4,0.0,-1.7,-2.9,108.3,108.3,0.0,0.0,0.0,24.08,61,POSCTL,0,0
2026-08-26T16:54:44,1787738084,13.822679,100.511669,14.4,0.0,-1.7,-2.9,108.3,108.3,0.0,0.0,0.0,24.08,61,POSCTL,0,0
2026-08-26T16:54:45,1787738085,13.822679,100.511669,14.4,0.0,-1.7,-2.9,108.3,108.3,0.0,0.0,0.0,24.08,61,POSCTL,0,0
2026-08-26T16:54:46,1787738086,13.822679,100.511669,14.4,0.0,-1.7,-2.9,108.3,108.3,0.0,0.0,0.0,24.08,61,POSCTL,0,0
2026-08-26T16:54:47,1787738087,13.822679,100.511669,14.4,0.0,-1.7,-2.9,108.3,108.3,0.0,0.0,0.0,24.08,61,POSCTL,0,0
2026-08-26T16:54:48,1787738088,13.822679,100.511669,14.4,0.0,-1.7,-2.9,108.3,108.3,0.0,0.0,0.0,24.08,61,POSCTL,0,0
2026-08-26T16:54:49,1787738089,13.822683,100.511671,14.4,-0.0,-1.7,-2.9,108.3,108.3,0.02,0.01,0.0,24.08,61,POSCTL,0,0
2026-08-26T16:54:50,1787738090,13.822683,100.511671,14.4,-0.0,-1.6,-2.9,108.3,108.3,0.02,0.01,0.0,24.08,61,POSCTL,0,0
2026-08-26T16:54:51,1787738091,13.822683,100.511666,14.4,-0.0,-1.6,-2.9,108.3,108.3,0.0,-0.03,0.0,24.08,61,POSCTL,0,0
2026-08-26T16:54:52,1787738092,13.822683,100.511667,14.4,-0.0,-1.6,-2.9,108.3,108.3,0.0,-0.06,0.0,24.08,61,POSCTL,0,0
2026-08-26T16:54:53,1787738093,13.822684,100.511664,14.4,-0.0,-1.6,-2.9,108.3,108.3,0.0,-0.06,0.0,24.08,61,POSCTL,0,0
2026-08-26T16:54:54,1787738094,13.822684,100.511664,14.4,-0.0,-1.6,-2.9,108.3,108.3,0.0,-0.06,0.0,24.08,61,POSCTL,0,0
2026-08-26T16:54:55,1787738095,13.822684,100.511664,14.4,-0.0,-1.6,-2.9,108.3,108.3,0.0,-0.06,0.0,24.08,61,POSCTL,0,0
2026-08-26T16:54:56,1787738096,13.822684,100.511664,14.4,-0.0,-1.7,-3.0,108.3,108.3,0.0,-0.06,0.0,24.08,61,POSCTL,0,0
2026-08-26T16:54:57,1787738097,13.822692,100.511686,14.4,-0.0,-1.7,-3.0,108.3,108.3,0.01,0.05,0.0,24.08,61,POSCTL,0,0
2026-08-26T16:54:58,1787738098,13.822692,100.511686,14.4,-0.0,-1.6,-2.9,108.3,108.3,0.01,0.05,0.0,24.08,61,POSCTL,0,0
2026-08-26T16:54:59,1787738099,13.822699,100.511707,14.4,0.0,-1.6,-2.9,108.3,108.3,0.07,0.26,0.0,24.08,61,POSCTL,0,0
2026-08-26T16:55:00,1787738100,13.822694,100.511695,14.4,0.0,-1.6,-2.9,108.3,108.3,0.06,0.25,0.0,24.08,61,POSCTL,0,0
2026-08-26T16:55:01,1787738101,13.822701,100.511714,14.4,0.0,-1.6,-2.9,108.3,108.3,0.06,0.25,0.0,24.08,61,POSCTL,0,0
2026-08-26T16:55:02,1787738102,13.822701,100.511714,14.4,0.0,-1.6,-2.9,108.3,108.3,0.06,0.25,0.0,24.08,61,POSCTL,0,0
2026-08-26T16:55:03,1787738103,13.822701,100.511714,14.4,0.0,-1.6,-2.9,108.3,108.3,0.06,0.25,0.0,24.08,61,POSCTL,0,0
2026-08-26T16:55:04,1787738104,13.822701,100.511714,14.4,0.0,-1.3,-2.5,108.2,108.2,0.06,0.25,0.0,24.08,61,POSCTL,0,0
2026-08-26T16:55:05,1787738105,13.822698,100.511708,14.4,-0.0,-1.3,-2.5,108.2,108.2,-0.01,-0.03,0.0,24.08,61,POSCTL,0,0
2026-08-26T16:55:06,1787738106,13.822698,100.511705,14.4,0.02,-1.4,-2.5,108.2,108.2,-0.05,-0.14,0.0,24.08,61,POSCTL,0,0
2026-08-26T16:55:07,1787738107,13.822696,100.511702,14.4,0.02,-1.4,-2.5,108.2,108.2,-0.05,-0.14,0.0,24.08,61,POSCTL,0,0
2026-08-26T16:55:08,1787738108,13.822696,100.511702,14.4,0.02,-1.5,-2.6,108.3,108.3,-0.05,-0.14,0.0,24.08,61,POSCTL,0,0
2026-08-26T16:55:09,1787738109,13.822695,100.5117,14.4,0.02,-1.5,-2.6,108.3,108.3,-0.05,-0.13,0.0,24.08,61,POSCTL,0,0
2026-08-26T16:55:10,1787738110,13.822695,100.5117,14.4,0.02,-1.5,-2.6,108.3,108.3,-0.05,-0.13,0.0,24.08,61,POSCTL,0,0
2026-08-26T16:55:11,1787738111,13.822695,100.5117,14.4,0.02,-1.5,-2.6,108.3,108.3,-0.05,-0.13,0.0,24.08,61,POSCTL,0,0
2026-08-26T16:55:12,1787738112,13.822695,100.5117,14.4,0.02,-1.5,-2.6,108.3,108.3,-0.05,-0.13,0.0,24.08,61,POSCTL,0,0
2026-08-26T16:55:13,1787738113,13.822695,100.5117,14.4,0.02,-1.5,-2.6,108.3,108.3,-0.05,-0.13,0.0,24.08,61,POSCTL,0,0
2026-08-26T16:55:14,1787738114,13.822694,100.511698,14.4,0.04,-1.7,-2.9,108.3,108.3,-0.02,-0.06,0.0,24.08,61,POSCTL,0,0
2026-08-26T16:55:15,1787738115,13.822694,100.511698,14.4,0.04,-1.8,-3.0,108.3,108.3,-0.02,-0.06,0.0,24.08,61,POSCTL,0,0
2026-08-26T16:55:16,1787738116,13.822691,100.511689,14.4,0.0,-1.8,-3.0,108.3,108.3,0.0,-0.02,0.0,24.08,61,POSCTL,0,0
2026-08-26T16:55:17,1787738117,13.822691,100.511689,14.4,0.0,-1.8,-3.0,108.3,108.3,0.0,-0.02,0.0,24.08,61,POSCTL,0,0
2026-08-26T16:55:18,1787738118,13.822691,100.511689,14.4,0.0,-1.8,-3.0,108.3,108.3,0.0,-0.02,0.0,24.08,61,POSCTL,0,0
2026-08-26T16:55:19,1787738119,13.822691,100.511689,14.4,0.0,-1.8,-3.0,108.3,108.3,0.0,-0.02,0.0,24.08,61,POSCTL,0,0
2026-08-26T16:55:20,1787738120,13.822691,100.511689,14.4,0.0,-1.8,-3.0,108.3,108.3,0.0,-0.02,0.0,24.08,61,POSCTL,0,0
2026-08-26T16:55:21,1787738121,13.822691,100.511689,14.4,0.0,-1.8,-3.0,108.3,108.3,0.0,-0.02,0.0,24.08,61,POSCTL,0,0
2026-08-26T16:55:22,1787738122,13.822689,100.511684,14.4,0.0,-1.8,-3.0,108.3,108.3,0.01,0.0,0.0,24.08,61,POSCTL,0,0
2026-08-26T16:55:23,1787738123,13.822689,100.511684,14.4,0.0,-1.8,-3.0,108.3,108.3,0.01,0.0,0.0,24.08,61,POSCTL,0,0
2026-08-26T16:55:24,1787738124,13.822689,100.511684,14.4,-0.0,-1.8,-3.0,108.3,108.3,0.0,0.0,0.0,24.08,61,POSCTL,0,0
2026-08-26T16:55:25,1787738125,13.822689,100.511682,14.4,-0.0,-1.8,-3.0,108.3,108.3,0.0,0.0,0.0,24.08,61,POSCTL,0,0
2026-08-26T16:55:26,1787738126,13.822689,100.511683,14.4,-0.0,-1.7,-3.0,108.3,108.3,0.0,0.0,0.0,24.08,61,POSCTL,0,0
2026-08-26T16:55:27,1787738127,13.822689,100.511681,14.4,-0.0,-1.7,-3.0,108.3,108.3,0.0,0.0,0.0,24.08,61,POSCTL,0,0
2026-08-26T16:55:28,1787738128,13.822689,100.511681,14.4,-0.0,-1.7,-3.0,108.3,108.3,0.0,0.0,0.0,24.08,61,POSCTL,0,0
2026-08-26T16:55:29,1787738129,13.822689,100.511681,14.4,-0.0,-1.7,-3.0,108.3,108.3,0.0,0.0,0.0,24.08,61,POSCTL,0,0
2026-08-26T16:55:30,1787738130,13.822689,100.511681,14.4,-0.0,-1.7,-2.9,108.3,108.3,0.0,0.0,0.0,24.08,61,POSCTL,0,0
2026-08-26T16:55:31,1787738131,13.822689,100.511681,14.4,-0.0,-1.7,-2.9,108.3,108.3,0.0,0.0,0.0,24.08,61,POSCTL,0,0
2026-08-26T16:55:32,1787738132,13.822689,100.511681,14.4,-0.0,-1.7,-3.0,108.3,108.3,0.0,0.0,0.0,24.08,61,POSCTL,0,0
2026-08-26T16:55:33,1787738133,13.822689,100.511681,14.4,-0.0,-1.7,-3.0,108.3,108.3,0.0,0.0,0.0,24.08,61,POSCTL,0,0
2026-08-26T16:55:34,1787738134,13.822688,100.511679,14.4,-0.0,-1.7,-3.0,108.3,108.3,0.0,0.0,0.0,24.08,61,POSCTL,0,0
2026-08-26T16:55:35,1787738135,13.822688,100.511678,14.4,-0.0,-1.7,-3.0,108.3,108.3,0.0,0.0,0.0,24.08,61,POSCTL,0,0
2026-08-26T16:55:36,1787738136,13.822688,100.511677,14.4,-0.01,-1.7,-2.9,108.3,108.3,0.0,0.0,0.0,24.08,61,POSCTL,0,0
2026-08-26T16:55:37,1787738137,13.822687,100.511676,14.4,-0.01,-1.7,-2.9,108.3,108.3,0.0,0.0,0.0,24.08,60,POSCTL,0,0
2026-08-26T16:55:38,1787738138,13.822688,100.511677,14.4,-0.01,-1.7,-2.9,108.3,108.3,0.0,-0.01,0.0,24.08,60,POSCTL,0,0
2026-08-26T16:55:39,1787738139,13.822687,100.511676,14.4,-0.01,-1.7,-2.9,108.3,108.3,0.0,-0.01,0.0,24.08,60,POSCTL,0,0
2026-08-26T16:55:40,1787738140,13.822687,100.511676,14.4,-0.01,-1.7,-2.9,108.3,108.3,0.0,-0.01,0.0,24.08,60,POSCTL,0,0
2026-08-26T16:55:41,1787738141,13.822687,100.511676,14.4,-0.01,-1.7,-2.9,108.3,108.3,0.0,-0.01,0.0,24.08,60,POSCTL,0,0
2026-08-26T16:55:42,1787738142,13.822687,100.511676,14.4,-0.01,-1.7,-2.9,108.3,108.3,0.0,-0.01,0.0,24.08,60,POSCTL,0,0
2026-08-26T16:55:43,1787738143,13.822687,100.511676,14.4,-0.01,-1.7,-2.9,108.3,108.3,0.0,-0.01,0.0,24.08,60,POSCTL,0,0
2026-08-26T16:55:44,1787738144,13.822687,100.511676,14.4,-0.01,-1.7,-2.9,108.3,108.3,0.0,-0.01,0.0,24.08,60,POSCTL,0,0
2026-08-26T16:55:45,1787738145,13.822686,100.511673,14.4,-0.0,-1.7,-2.9,108.3,108.3,0.0,0.0,0.0,24.08,60,POSCTL,0,0
2026-08-26T16:55:46,1787738146,13.822686,100.511673,14.4,-0.0,-1.7,-2.9,108.4,108.4,0.0,0.0,0.0,24.08,60,POSCTL,0,0
2026-08-26T16:55:47,1787738147,13.822685,100.511673,14.4,-0.0,-1.7,-2.9,108.4,108.4,0.0,-0.01,0.0,24.08,60,POSCTL,0,0
2026-08-26T16:55:48,1787738148,13.822685,100.511673,14.4,-0.0,-1.7,-2.9,108.4,108.4,0.0,-0.01,0.0,24.08,60,POSCTL,0,0
2026-08-26T16:55:49,1787738149,13.822685,100.511673,14.4,-0.0,-1.7,-2.9,108.4,108.4,0.01,0.0,0.0,24.08,60,POSCTL,0,0
2026-08-26T16:55:50,1787738150,13.822685,100.511673,14.4,-0.0,-1.7,-2.9,108.4,108.4,0.01,0.0,0.0,24.07,60,POSCTL,0,0
2026-08-26T16:55:51,1787738151,13.822685,100.511673,14.4,-0.0,-1.7,-2.9,108.4,108.4,0.01,0.0,0.0,24.07,60,POSCTL,0,0
2026-08-26T16:55:52,1787738152,13.822685,100.511673,14.4,-0.0,-1.7,-2.9,108.4,108.4,0.01,0.0,0.0,24.07,60,POSCTL,0,0
2026-08-26T16:55:53,1787738153,13.822684,100.511672,14.4,-0.0,-1.7,-2.9,108.4,108.4,-0.01,-0.02,0.0,24.07,60,POSCTL,0,0
2026-08-26T16:55:54,1787738154,13.822684,100.511672,14.4,-0.0,-1.7,-2.9,108.4,108.4,-0.01,-0.02,0.0,24.07,60,POSCTL,0,0
2026-08-26T16:55:55,1787738155,13.822684,100.511672,14.4,-0.0,-1.7,-2.9,108.4,108.4,-0.01,-0.02,0.0,24.07,60,POSCTL,0,0
2026-08-26T16:55:56,1787738156,13.822684,100.511672,14.4,-0.0,-1.7,-2.9,108.4,108.4,-0.01,-0.02,0.0,24.07,60,POSCTL,0,0
2026-08-26T16:55:57,1787738157,13.822683,100.511671,14.4,-0.0,-1.7,-2.9,108.3,108.3,0.0,0.0,0.0,24.07,60,POSCTL,0,0
2026-08-26T16:55:58,1787738158,13.822681,100.511669,14.4,-0.0,-1.7,-2.9,108.3,108.3,0.0,0.0,0.0,24.07,60,POSCTL,0,0
2026-08-26T16:55:59,1787738159,13.82268,100.511669,14.4,-0.01,-1.7,-2.9,108.3,108.3,-0.01,-0.02,0.0,24.07,60,POSCTL,0,0
2026-08-26T16:56:00,1787738160,13.82268,100.511669,14.4,-0.01,-1.7,-2.9,108.3,108.3,-0.01,-0.02,0.0,24.07,60,POSCTL,0,0
2026-08-26T16:56:01,1787738161,13.822679,100.511668,14.4,-0.0,-1.7,-2.9,108.3,108.3,-0.02,-0.04,0.0,24.07,60,POSCTL,0,0
2026-08-26T16:56:02,1787738162,13.822679,100.511668,14.4,-0.0,-1.7,-2.9,108.3,108.3,-0.02,-0.04,0.0,24.07,60,POSCTL,0,0
2026-08-26T16:56:03,1787738163,13.822679,100.511668,14.4,-0.0,-1.7,-2.9,108.3,108.3,-0.02,-0.04,0.0,24.07,60,POSCTL,0,0
2026-08-26T16:56:05,1787738165,13.822679,100.511666,14.4,-0.0,-1.7,-2.9,108.3,108.3,0.0,-0.06,0.0,24.07,60,POSCTL,0,0
2026-08-26T16:56:06,1787738166,13.822679,100.511666,14.4,-0.0,-1.7,-2.9,108.3,108.3,0.0,-0.06,0.0,24.07,60,POSCTL,0,0
2026-08-26T16:56:07,1787738167,13.822679,100.511666,14.4,-0.0,-1.7,-2.9,108.3,108.3,0.0,-0.06,0.0,24.07,60,POSCTL,0,0
2026-08-26T16:56:08,1787738168,13.822679,100.511666,14.4,-0.0,-1.7,-2.9,108.3,108.3,0.0,-0.06,0.0,24.07,60,POSCTL,0,0
2026-08-26T16:56:09,1787738169,13.822679,100.511666,14.4,-0.0,-1.7,-3.0,108.3,108.3,0.0,-0.06,0.0,24.07,60,POSCTL,0,0
2026-08-26T16:56:10,1787738170,13.822679,100.511666,14.4,0.0,-1.7,-3.0,108.3,108.3,0.01,0.02,0.0,24.07,60,POSCTL,0,0
2026-08-26T16:56:11,1787738171,13.822679,100.511666,14.4,0.0,-1.7,-3.0,108.3,108.3,0.01,0.02,0.0,24.07,60,POSCTL,0,0
2026-08-26T16:56:12,1787738172,13.822679,100.511666,14.4,0.0,-1.7,-3.0,108.3,108.3,0.01,0.02,0.0,24.07,60,POSCTL,0,0
2026-08-26T16:56:13,1787738173,13.822679,100.511666,14.4,0.0,-1.7,-3.0,108.3,108.3,0.01,0.02,0.0,24.07,60,POSCTL,0,0
2026-08-26T16:56:14,1787738174,13.822679,100.511666,14.4,0.0,-1.7,-3.0,108.3,108.3,0.01,0.02,0.0,24.07,60,POSCTL,0,0
2026-08-26T16:56:15,1787738175,13.822679,100.511666,14.4,0.0,-1.7,-3.0,108.3,108.3,0.01,0.02,0.0,24.07,60,POSCTL,0,0
2026-08-26T16:56:16,1787738176,13.822679,100.511666,14.4,0.0,-1.7,-3.0,108.3,108.3,0.01,0.02,0.0,24.07,60,POSCTL,0,0
2026-08-26T16:56:17,1787738177,13.822679,100.511666,14.4,0.0,-1.7,-3.0,108.3,108.3,0.01,0.02,0.0,24.07,60,POSCTL,0,0
2026-08-26T16:56:18,1787738178,13.822679,100.511666,14.4,0.0,-1.7,-3.0,108.3,108.3,0.01,0.02,0.0,24.07,60,POSCTL,0,0
2026-08-26T16:56:19,1787738179,13.82268,100.511666,14.4,0.0,-1.7,-2.9,108.3,108.3,0.0,0.0,0.0,24.07,60,POSCTL,0,0
2026-08-26T16:56:20,1787738180,13.82268,100.511666,14.4,0.0,-1.7,-2.9,108.3,108.3,0.0,0.0,0.0,24.07,60,POSCTL,0,0
2026-08-26T16:56:21,1787738181,13.82268,100.511666,14.4,0.0,-1.7,-2.9,108.3,108.3,0.0,0.0,0.0,24.07,60,POSCTL,0,0
2026-08-26T16:56:22,1787738182,13.822681,100.511667,14.4,0.0,-1.7,-2.9,108.3,108.3,0.0,0.0,0.0,24.07,60,POSCTL,0,0
2026-08-26T16:56:23,1787738183,13.822681,100.511667,14.4,0.0,-1.7,-2.9,108.3,108.3,0.0,0.0,0.0,24.07,60,POSCTL,0,0
2026-08-26T16:56:24,1787738184,13.82268,100.511667,14.4,-0.0,-1.7,-2.9,108.3,108.3,0.0,0.01,0.0,24.07,60,POSCTL,0,0
2026-08-26T16:56:25,1787738185,13.82268,100.511667,14.4,-0.0,-1.7,-2.9,108.3,108.3,0.0,0.01,0.0,24.07,60,POSCTL,0,0
2026-08-26T16:56:26,1787738186,13.82268,100.511667,14.4,-0.0,-1.7,-2.9,108.3,108.3,0.0,0.01,0.0,24.07,60,POSCTL,0,0
2026-08-26T16:56:27,1787738187,13.82268,100.511668,14.4,0.0,-1.7,-2.9,108.3,108.3,0.0,0.02,0.0,24.07,60,POSCTL,0,0
2026-08-26T16:56:28,1787738188,13.82268,100.511668,14.4,0.0,-1.7,-2.9,108.3,108.3,0.0,0.02,0.0,24.07,60,POSCTL,0,0
2026-08-26T16:56:29,1787738189,13.82268,100.511668,14.4,0.0,-1.7,-2.9,108.3,108.3,0.0,0.02,0.0,24.07,60,POSCTL,0,0
2026-08-26T16:56:30,1787738190,13.822679,100.511668,14.4,-0.0,-1.7,-2.9,108.3,108.3,0.0,0.0,0.0,24.07,60,POSCTL,0,0
2026-08-26T16:56:31,1787738191,13.822679,100.511668,14.4,-0.0,-1.7,-2.9,108.3,108.3,0.0,0.0,0.0,24.07,60,POSCTL,0,0
2026-08-26T16:56:32,1787738192,13.822679,100.511668,14.4,-0.0,-1.7,-2.9,108.3,108.3,0.0,-0.01,0.0,24.07,60,POSCTL,0,0
2026-08-26T16:56:33,1787738193,13.822679,100.511668,14.4,-0.0,-1.7,-2.9,108.3,108.3,0.0,-0.01,0.0,24.07,60,POSCTL,0,0
2026-08-26T16:56:34,1787738194,13.822679,100.511668,14.4,-0.0,-1.7,-2.9,108.3,108.3,0.0,-0.01,0.0,24.07,60,POSCTL,0,0
2026-08-26T16:56:35,1787738195,13.822679,100.511668,14.4,-0.0,-1.7,-2.9,108.3,108.3,0.0,-0.01,0.0,24.07,60,POSCTL,0,0
2026-08-26T16:56:36,1787738196,13.822679,100.511668,14.4,-0.0,-1.7,-2.9,108.3,108.3,0.0,-0.01,0.0,24.07,60,POSCTL,0,0
2026-08-26T16:56:37,1787738197,13.822679,100.511668,14.4,-0.0,-1.7,-2.9,108.3,108.3,0.0,-0.01,0.0,24.07,60,POSCTL,0,0
2026-08-26T16:56:38,1787738198,13.822677,100.511667,14.4,-0.0,-1.7,-2.9,108.3,108.3,-0.01,-0.02,0.0,24.07,60,POSCTL,0,0
2026-08-26T16:56:39,1787738199,13.822677,100.511667,14.4,-0.0,-1.7,-2.9,108.3,108.3,-0.01,-0.02,0.0,24.07,60,POSCTL,0,0
2026-08-26T16:56:40,1787738200,13.822677,100.511666,14.4,0.0,-1.7,-2.9,108.3,108.3,0.0,0.0,0.0,24.07,60,POSCTL,0,0
2026-08-26T16:56:41,1787738201,13.822677,100.511666,14.4,0.0,-1.7,-2.9,108.3,108.3,0.0,0.0,0.0,24.07,60,POSCTL,0,0
2026-08-26T16:56:42,1787738202,13.822677,100.511666,14.4,0.0,-1.7,-2.9,108.3,108.3,0.0,0.0,0.0,24.07,60,POSCTL,0,0
2026-08-26T16:56:43,1787738203,13.822677,100.511666,14.4,0.0,-1.7,-2.9,108.3,108.3,0.0,0.0,0.0,24.07,60,POSCTL,0,0
2026-08-26T16:56:44,1787738204,13.822677,100.511666,14.4,-0.0,-1.7,-2.9,108.3,108.3,0.0,0.0,0.0,24.07,60,POSCTL,0,0
2026-08-26T16:56:45,1787738205,13.822677,100.511666,14.4,-0.0,-1.7,-2.9,108.3,108.3,0.0,0.0,0.0,24.07,60,POSCTL,0,0
2026-08-26T16:56:46,1787738206,13.822677,100.511666,14.4,-0.0,-1.7,-2.9,108.3,108.3,0.0,0.0,0.0,24.07,60,POSCTL,0,0
2026-08-26T16:56:47,1787738207,13.822677,100.511666,14.4,-0.0,-1.7,-2.9,108.3,108.3,0.0,0.0,0.0,24.07,60,POSCTL,0,0
2026-08-26T16:56:50,1787738210,13.822676,100.511664,14.4,-0.0,-1.7,-2.9,108.3,108.3,0.01,0.0,0.0,24.07,60,POSCTL,0,0
2026-08-26T16:56:51,1787738211,13.822676,100.511664,14.4,-0.0,-1.7,-2.9,108.3,108.3,0.01,0.0,0.0,24.07,60,POSCTL,0,0
2026-08-26T16:56:52,1787738212,13.822676,100.511664,14.4,0.0,-1.7,-2.9,108.3,108.3,0.01,0.01,0.0,24.07,60,POSCTL,0,0
2026-08-26T16:56:53,1787738213,13.822676,100.511664,14.4,0.0,-1.7,-2.9,108.3,108.3,0.01,0.01,0.0,24.07,60,POSCTL,0,0
2026-08-26T16:56:54,1787738214,13.822676,100.511665,14.4,0.0,-1.7,-2.9,108.3,108.3,0.01,0.03,0.0,24.07,60,POSCTL,0,0
2026-08-26T16:56:55,1787738215,13.822676,100.511664,14.4,0.0,-1.7,-2.9,108.3,108.3,0.01,0.03,0.0,24.07,60,POSCTL,0,0
2026-08-26T16:56:56,1787738216,13.822676,100.511664,14.4,0.0,-1.7,-2.9,108.3,108.3,0.01,0.03,0.0,24.07,60,POSCTL,0,0
2026-08-26T16:56:57,1787738217,13.822676,100.511664,14.4,0.0,-1.7,-2.9,108.3,108.3,0.01,0.03,0.0,24.07,60,POSCTL,0,0
2026-08-26T16:56:58,1787738218,13.822676,100.511664,14.4,-0.0,-1.7,-2.9,108.3,108.3,0.0,-0.01,0.0,24.07,60,POSCTL,0,0
2026-08-26T16:56:59,1787738219,13.822676,100.511664,14.4,-0.0,-1.7,-2.9,108.3,108.3,0.0,-0.01,0.0,24.07,60,POSCTL,0,0
2026-08-26T16:57:00,1787738220,13.822675,100.511664,14.4,-0.0,-1.7,-2.9,108.3,108.3,-0.01,-0.02,0.0,24.07,60,POSCTL,0,0
2026-08-26T16:57:01,1787738221,13.822675,100.511664,14.4,-0.0,-1.7,-2.9,108.3,108.3,-0.01,-0.02,0.0,24.07,60,POSCTL,0,0
2026-08-26T16:57:02,1787738222,13.822675,100.511663,14.4,-0.0,-1.7,-2.9,108.3,108.3,-0.01,-0.04,0.0,24.07,60,POSCTL,0,0
2026-08-26T16:57:03,1787738223,13.822675,100.511663,14.4,-0.0,-1.6,-2.8,108.3,108.3,-0.01,-0.04,0.0,24.07,60,POSCTL,0,0
2026-08-26T16:57:04,1787738224,13.822675,100.511663,14.4,-0.0,-1.6,-2.8,108.3,108.3,-0.01,-0.04,0.0,24.07,60,POSCTL,0,0
2026-08-26T16:57:05,1787738225,13.822675,100.511663,14.4,-0.0,-1.6,-2.8,108.3,108.3,-0.01,-0.04,0.0,24.07,60,POSCTL,0,0
2026-08-26T16:57:06,1787738226,13.822674,100.51166,14.4,0.01,-1.7,-3.0,108.3,108.3,0.0,0.01,0.0,24.07,60,POSCTL,0,0
2026-08-26T16:57:07,1787738227,13.822674,100.51166,14.4,0.01,-1.7,-3.0,108.3,108.3,0.0,0.01,0.0,24.07,60,POSCTL,0,0
2026-08-26T16:57:08,1787738228,13.822674,100.511659,14.4,0.01,-1.7,-3.0,108.3,108.3,0.0,0.01,0.0,24.07,60,POSCTL,0,0
2026-08-26T16:57:09,1787738229,13.822674,100.511661,14.4,0.0,-1.7,-3.0,108.3,108.3,0.0,0.01,0.0,24.07,60,POSCTL,0,0
2026-08-26T16:57:10,1787738230,13.822674,100.511657,14.4,0.0,-1.7,-2.9,108.3,108.3,0.0,-0.02,0.0,24.07,60,POSCTL,0,0
2026-08-26T16:57:11,1787738231,13.822674,100.511657,14.4,0.0,-1.7,-2.9,108.3,108.3,0.0,-0.02,0.0,24.07,60,POSCTL,0,0
2026-08-26T16:57:12,1787738232,13.822674,100.511657,14.4,0.0,-1.7,-2.9,108.3,108.3,0.0,-0.02,0.0,24.07,60,POSCTL,0,0
2026-08-26T16:57:13,1787738233,13.822674,100.511657,14.4,0.0,-1.7,-2.9,108.3,108.3,0.0,-0.02,0.0,24.07,60,POSCTL,0,0
2026-08-26T16:57:14,1787738234,13.822674,100.511657,14.4,0.0,-1.7,-2.9,108.3,108.3,0.0,-0.02,0.0,24.07,60,POSCTL,0,0
2026-08-26T16:57:15,1787738235,13.822674,100.511656,14.4,0.0,-1.7,-2.9,108.3,108.3,0.0,-0.03,0.0,24.07,60,POSCTL,0,0
2026-08-26T16:57:16,1787738236,13.822674,100.511656,14.4,0.0,-1.7,-2.9,108.3,108.3,0.0,-0.03,0.0,24.07,60,POSCTL,0,0
2026-08-26T16:57:17,1787738237,13.822673,100.511654,14.4,0.0,-1.6,-2.9,108.3,108.3,0.0,-0.03,0.0,24.07,60,POSCTL,0,0
2026-08-26T16:57:18,1787738238,13.822673,100.511655,14.4,0.0,-1.6,-2.9,108.3,108.3,-0.02,-0.05,0.0,24.07,60,POSCTL,0,0
2026-08-26T16:57:19,1787738239,13.822673,100.511652,14.4,0.0,-1.7,-3.0,108.3,108.3,-0.02,-0.05,0.0,24.07,60,POSCTL,0,0
2026-08-26T16:57:20,1787738240,13.822673,100.511654,14.4,0.01,-1.7,-3.0,108.3,108.3,0.01,0.0,0.0,24.07,60,POSCTL,0,0
2026-08-26T16:57:21,1787738241,13.822673,100.511654,14.4,0.01,-1.7,-3.0,108.3,108.3,0.01,0.0,0.0,24.07,60,POSCTL,0,0
2026-08-26T16:57:25,1787738245,13.822673,100.511649,14.4,-0.0,-1.7,-3.0,108.3,108.3,0.0,0.0,0.0,24.07,60,POSCTL,0,0
2026-08-26T16:57:26,1787738246,13.822673,100.511648,14.4,-0.0,-1.7,-3.0,108.3,108.3,0.01,0.0,0.0,24.07,60,POSCTL,0,0
2026-08-26T16:57:27,1787738247,13.822673,100.511648,14.4,-0.0,-1.7,-3.0,108.3,108.3,0.01,0.0,0.0,24.07,60,POSCTL,0,0
2026-08-26T16:57:28,1787738248,13.822674,100.511648,14.4,-0.01,-1.7,-3.0,108.3,108.3,0.01,0.0,0.0,24.07,60,POSCTL,0,0
2026-08-26T16:57:29,1787738249,13.822674,100.511648,14.4,-0.01,-1.7,-3.0,108.3,108.3,0.01,0.0,0.0,24.07,60,POSCTL,0,0
2026-08-26T16:57:30,1787738250,13.822674,100.511648,14.4,-0.01,-1.7,-3.0,108.3,108.3,0.01,0.0,0.0,24.07,60,POSCTL,0,0
2026-08-26T16:57:31,1787738251,13.822674,100.511648,14.4,-0.01,-1.7,-3.0,108.3,108.3,0.01,0.0,0.0,24.07,60,POSCTL,0,0
2026-08-26T16:57:32,1787738252,13.822674,100.511648,14.4,-0.01,-1.7,-3.0,108.3,108.3,0.01,0.0,0.0,24.07,60,POSCTL,0,0
2026-08-26T16:57:33,1787738253,13.822674,100.511648,14.4,-0.01,-1.7,-3.0,108.3,108.3,0.01,0.0,0.0,24.07,60,POSCTL,0,0
2026-08-26T16:57:34,1787738254,13.822674,100.511648,14.4,-0.01,-1.7,-3.0,108.3,108.3,0.01,0.0,0.0,24.07,60,POSCTL,0,0
2026-08-26T16:57:35,1787738255,13.822674,100.511648,14.4,-0.01,-1.7,-3.0,108.3,108.3,0.01,0.0,0.0,24.07,60,POSCTL,0,0
2026-08-26T16:57:36,1787738256,13.822674,100.511648,14.4,-0.01,-1.6,-3.0,108.3,108.3,0.01,0.0,0.0,24.07,60,POSCTL,0,0
2026-08-26T16:57:37,1787738257,13.822678,100.511649,14.4,-0.0,-1.6,-3.0,108.3,108.3,0.01,0.02,0.0,24.07,60,POSCTL,0,0
2026-08-26T16:57:38,1787738258,13.822678,100.511649,14.4,-0.0,-1.6,-2.9,108.3,108.3,0.01,0.02,0.0,24.07,60,POSCTL,0,0
2026-08-26T16:57:39,1787738259,13.822678,100.511648,14.4,-0.0,-1.6,-2.9,108.3,108.3,0.0,0.0,0.0,24.07,60,POSCTL,0,0
2026-08-26T16:57:40,1787738260,13.822678,100.511648,14.4,-0.0,-1.6,-2.9,108.3,108.3,0.0,0.0,0.0,24.07,60,POSCTL,0,0
2026-08-26T16:57:41,1787738261,13.822678,100.511648,14.4,-0.0,-1.6,-2.9,108.3,108.3,0.0,0.0,0.0,24.07,60,POSCTL,0,0
2026-08-26T16:57:42,1787738262,13.822678,100.511648,14.4,-0.0,-1.6,-2.9,108.3,108.3,0.0,0.0,0.0,24.07,60,POSCTL,0,0
2026-08-26T16:57:43,1787738263,13.822678,100.511648,14.4,-0.0,-1.6,-2.9,108.3,108.3,0.0,0.0,0.0,24.07,60,POSCTL,0,0
2026-08-26T16:57:44,1787738264,13.822678,100.511648,14.4,-0.0,-1.6,-2.9,108.3,108.3,0.0,0.0,0.0,24.07,60,POSCTL,0,0
2026-08-26T16:57:45,1787738265,13.822677,100.511648,14.4,-0.01,-1.7,-2.9,108.3,108.3,0.0,0.0,0.0,24.07,60,POSCTL,0,0
2026-08-26T16:57:46,1787738266,13.822677,100.511648,14.4,-0.01,-1.7,-2.9,108.3,108.3,0.0,0.0,0.0,24.07,60,POSCTL,0,0
2026-08-26T16:57:47,1787738267,13.822677,100.511647,14.4,-0.01,-1.7,-2.9,108.3,108.3,0.0,0.0,0.0,24.07,60,POSCTL,0,0
2026-08-26T16:57:48,1787738268,13.822677,100.511647,14.4,-0.01,-1.7,-2.9,108.3,108.3,0.0,0.0,0.0,24.07,60,POSCTL,0,0
2026-08-26T16:57:49,1787738269,13.822677,100.511647,14.4,-0.01,-1.7,-2.9,108.3,108.3,0.0,0.0,0.0,24.07,60,POSCTL,0,0
2026-08-26T16:57:50,1787738270,13.822677,100.511647,14.4,-0.01,-1.7,-2.9,108.3,108.3,0.0,0.0,0.0,24.07,60,POSCTL,0,0
2026-08-26T16:57:51,1787738271,13.822677,100.511647,14.4,-0.01,-1.7,-2.9,108.3,108.3,0.0,0.0,0.0,24.07,60,POSCTL,0,0
2026-08-26T16:57:52,1787738272,13.822677,100.511647,14.4,-0.01,-1.7,-2.9,108.3,108.3,0.0,0.0,0.0,24.07,60,POSCTL,0,0
2026-08-26T16:57:53,1787738273,13.822677,100.511647,14.4,-0.01,-1.7,-2.9,108.3,108.3,0.0,0.0,0.0,24.07,60,POSCTL,0,0
2026-08-26T16:57:54,1787738274,13.822677,100.511647,14.4,-0.01,-1.7,-2.9,108.3,108.3,0.0,0.0,0.0,24.07,60,POSCTL,0,0
2026-08-26T16:57:55,1787738275,13.822675,100.511646,14.4,-0.01,-1.7,-2.9,108.3,108.3,0.0,0.0,0.0,24.07,60,POSCTL,0,0
2026-08-26T16:57:56,1787738276,13.822675,100.511646,14.4,-0.01,-1.7,-2.9,108.3,108.3,0.0,0.0,0.0,24.07,60,POSCTL,0,0
2026-08-26T16:57:57,1787738277,13.822674,100.511646,14.4,-0.01,-1.7,-2.9,108.3,108.3,0.0,0.0,0.0,24.07,60,POSCTL,0,0
2026-08-26T16:57:58,1787738278,13.822675,100.511646,14.4,-0.01,-1.7,-2.9,108.3,108.3,0.0,0.01,0.0,24.07,60,POSCTL,0,0
2026-08-26T16:57:59,1787738279,13.822673,100.511646,14.4,-0.01,-1.7,-2.9,108.3,108.3,0.0,0.01,0.0,24.07,60,POSCTL,0,0
2026-08-26T16:58:00,1787738280,13.822673,100.511646,14.4,-0.01,-1.7,-2.9,108.3,108.3,0.0,0.01,0.0,24.07,60,POSCTL,0,0
2026-08-26T16:58:01,1787738281,13.822673,100.511646,14.4,-0.01,-1.7,-2.9,108.3,108.3,0.0,0.01,0.0,24.07,60,POSCTL,0,0
2026-08-26T16:58:05,1787738285,13.822673,100.511647,14.4,-0.01,-1.7,-2.9,108.3,108.3,0.0,0.01,0.0,24.07,60,POSCTL,0,0
2026-08-26T16:58:06,1787738286,13.822672,100.511647,14.4,-0.01,-1.7,-2.9,108.3,108.3,0.0,0.01,0.0,24.07,60,POSCTL,0,0
2026-08-26T16:58:07,1787738287,13.822672,100.511647,14.4,-0.01,-1.7,-2.9,108.3,108.3,0.0,0.01,0.0,24.07,60,POSCTL,0,0
2026-08-26T16:58:08,1787738288,13.822672,100.511647,14.4,-0.01,-1.7,-2.9,108.3,108.3,0.0,0.01,0.0,24.07,60,POSCTL,0,0
2026-08-26T16:58:09,1787738289,13.822672,100.511647,14.4,-0.01,-1.7,-2.9,108.3,108.3,0.0,0.0,0.0,24.07,60,POSCTL,0,0
2026-08-26T16:58:10,1787738290,13.822672,100.511647,14.4,-0.01,-1.7,-2.9,108.3,108.3,0.0,0.0,0.0,24.07,60,POSCTL,0,0
2026-08-26T16:58:11,1787738291,13.822672,100.511647,14.4,-0.01,-1.7,-2.9,108.3,108.3,0.0,0.0,0.0,24.07,60,POSCTL,0,0
2026-08-26T16:58:12,1787738292,13.822672,100.511647,14.4,-0.01,-1.7,-2.9,108.3,108.3,0.0,0.0,0.0,24.07,60,POSCTL,0,0
2026-08-26T16:58:13,1787738293,13.822672,100.511647,14.4,-0.01,-1.7,-2.9,108.3,108.3,0.0,0.0,0.0,24.07,60,POSCTL,0,0
2026-08-26T16:58:17,1787738297,13.822672,100.511647,14.4,-0.01,-1.7,-2.8,108.3,108.3,0.0,0.0,0.0,24.07,60,POSCTL,0,0
2026-08-26T16:58:18,1787738298,13.822672,100.511647,14.4,-0.01,-1.7,-2.8,108.3,108.3,0.0,0.0,0.0,24.06,60,POSCTL,0,0
2026-08-26T16:58:19,1787738299,13.822671,100.511647,14.4,-0.02,-1.7,-2.9,108.3,108.3,0.01,0.0,0.0,24.06,60,POSCTL,0,0
2026-08-26T16:58:20,1787738300,13.822672,100.511648,14.4,-0.02,-1.7,-2.9,108.3,108.3,0.01,0.0,0.0,24.06,60,POSCTL,0,0
2026-08-26T16:58:21,1787738301,13.822671,100.511647,14.4,-0.01,-1.7,-2.9,108.3,108.3,0.02,0.04,0.0,24.06,60,POSCTL,0,0
2026-08-26T16:58:22,1787738302,13.822671,100.511647,14.4,-0.01,-1.7,-2.9,108.3,108.3,0.02,0.04,0.0,24.06,60,POSCTL,0,0
2026-08-26T16:58:23,1787738303,13.822671,100.511646,14.4,-0.02,-1.7,-2.9,108.3,108.3,0.0,-0.01,0.0,24.06,60,POSCTL,0,0
2026-08-26T16:58:24,1787738304,13.822671,100.511646,14.4,-0.02,-1.7,-2.9,108.3,108.3,0.0,-0.01,0.0,24.06,60,POSCTL,0,0
2026-08-26T16:58:25,1787738305,13.822671,100.511646,14.4,-0.02,-1.7,-2.9,108.3,108.3,0.0,-0.01,0.0,24.06,60,POSCTL,0,0
2026-08-26T16:58:26,1787738306,13.822671,100.511646,14.4,-0.02,-1.7,-2.9,108.3,108.3,0.0,-0.01,0.0,24.06,60,POSCTL,0,0
2026-08-26T16:58:27,1787738307,13.822671,100.511646,14.4,-0.02,-1.7,-2.9,108.3,108.3,0.0,-0.01,0.0,24.06,60,POSCTL,0,0
2026-08-26T16:58:28,1787738308,13.822672,100.511646,14.4,-0.02,-1.7,-2.9,108.3,108.3,0.0,-0.01,0.0,24.06,60,POSCTL,0,0
2026-08-26T16:58:29,1787738309,13.822672,100.511646,14.4,-0.02,-1.7,-2.9,108.3,108.3,0.0,-0.01,0.0,24.06,60,POSCTL,0,0
2026-08-26T16:58:30,1787738310,13.822672,100.511646,14.4,-0.02,-1.7,-2.9,108.3,108.3,0.0,-0.01,0.0,24.06,60,POSCTL,0,0
2026-08-26T16:58:31,1787738311,13.822672,100.511646,14.4,-0.02,-1.7,-2.9,108.3,108.3,0.0,-0.01,0.0,24.06,60,POSCTL,0,0
2026-08-26T16:58:32,1787738312,13.822672,100.511646,14.4,-0.02,-1.7,-2.9,108.3,108.3,0.0,-0.01,0.0,24.06,60,POSCTL,0,0
2026-08-26T16:58:33,1787738313,13.822672,100.511646,14.4,-0.02,-1.7,-2.9,108.3,108.3,0.0,-0.01,0.0,24.06,60,POSCTL,0,0
2026-08-26T16:58:34,1787738314,13.822672,100.511646,14.4,-0.02,-1.7,-2.9,108.3,108.3,0.0,-0.01,0.0,24.06,60,POSCTL,0,0
2026-08-26T16:58:35,1787738315,13.822672,100.511646,14.4,-0.02,-1.7,-2.9,108.3,108.3,0.0,-0.01,0.0,24.06,60,POSCTL,0,0
2026-08-26T16:58:36,1787738316,13.822671,100.511647,14.4,-0.02,-1.7,-2.9,108.3,108.3,0.0,0.01,0.0,24.06,60,POSCTL,0,0
2026-08-26T16:58:37,1787738317,13.822671,100.511648,14.4,-0.02,-1.7,-2.9,108.3,108.3,0.0,0.01,0.0,24.06,60,POSCTL,0,0
2026-08-26T16:58:38,1787738318,13.822671,100.511648,14.4,-0.02,-1.7,-2.9,108.3,108.3,0.0,0.02,0.0,24.06,60,POSCTL,0,0
2026-08-26T16:58:39,1787738319,13.822671,100.51165,14.4,-0.02,-1.7,-2.9,108.3,108.3,0.0,0.02,0.0,24.06,60,POSCTL,0,0
2026-08-26T16:58:40,1787738320,13.822671,100.51165,14.4,-0.02,-1.7,-2.9,108.3,108.3,0.0,0.02,0.0,24.06,60,POSCTL,0,0
2026-08-26T16:58:41,1787738321,13.822671,100.51165,14.4,-0.02,-1.7,-2.9,108.3,108.3,0.0,0.02,0.0,24.06,60,POSCTL,0,0
2026-08-26T16:58:42,1787738322,13.822671,100.51165,14.4,-0.02,-1.7,-2.9,108.3,108.3,0.0,0.02,0.0,24.06,60,POSCTL,0,0
2026-08-26T16:58:43,1787738323,13.822671,100.51165,14.4,-0.02,-1.7,-2.9,108.3,108.3,0.0,0.02,0.0,24.06,60,POSCTL,0,0
2026-08-26T16:58:44,1787738324,13.822671,100.51165,14.4,-0.02,-1.7,-2.9,108.3,108.3,0.0,0.02,0.0,24.06,60,POSCTL,0,0
2026-08-26T16:58:45,1787738325,13.82267,100.51165,14.4,-0.02,-1.7,-2.9,108.3,108.3,0.0,0.0,0.0,24.06,60,POSCTL,0,0
2026-08-26T16:58:46,1787738326,13.82267,100.51165,14.4,-0.02,-1.7,-2.9,108.3,108.3,0.0,0.0,0.0,24.06,60,POSCTL,0,0
2026-08-26T16:58:47,1787738327,13.82267,100.51165,14.4,-0.02,-1.7,-2.9,108.3,108.3,0.0,0.0,0.0,24.06,60,POSCTL,0,0
2026-08-26T16:58:48,1787738328,13.822671,100.511649,14.4,-0.02,-1.7,-2.9,108.3,108.3,0.0,-0.01,0.0,24.06,60,POSCTL,0,0
2026-08-26T16:58:49,1787738329,13.822671,100.511649,14.4,-0.02,-1.7,-2.9,108.3,108.3,0.0,-0.01,0.0,24.06,60,POSCTL,0,0
2026-08-26T16:58:50,1787738330,13.822671,100.511649,14.4,-0.02,-1.7,-2.9,108.3,108.3,0.01,-0.01,0.0,24.06,60,POSCTL,0,0
2026-08-26T16:58:51,1787738331,13.822671,100.511649,14.4,-0.02,-1.7,-2.9,108.3,108.3,0.01,-0.01,0.0,24.06,60,POSCTL,0,0
2026-08-26T16:58:52,1787738332,13.822671,100.511649,14.4,-0.02,-1.7,-2.9,108.3,108.3,0.01,-0.01,0.0,24.06,60,POSCTL,0,0
2026-08-26T16:58:53,1787738333,13.822671,100.511649,14.4,-0.02,-1.7,-2.9,108.3,108.3,0.01,-0.01,0.0,24.06,60,POSCTL,0,0
2026-08-26T16:58:54,1787738334,13.822675,100.511656,14.4,-0.02,-1.6,-2.9,108.3,108.3,0.01,-0.01,0.0,24.06,60,POSCTL,0,0
2026-08-26T16:58:55,1787738335,13.822675,100.511655,14.4,-0.01,-1.6,-2.9,108.3,108.3,0.02,0.07,0.0,24.06,60,POSCTL,0,0
2026-08-26T16:58:56,1787738336,13.822676,100.511655,14.4,-0.01,-1.6,-2.9,108.3,108.3,0.02,0.07,0.0,24.06,60,POSCTL,0,0
2026-08-26T16:58:57,1787738337,13.822675,100.511656,14.4,-0.01,-1.6,-2.9,108.3,108.3,0.02,0.05,0.0,24.06,60,POSCTL,0,0
2026-08-26T16:58:58,1787738338,13.822675,100.511655,14.4,-0.01,-1.6,-2.9,108.3,108.3,0.02,0.05,0.0,24.06,60,POSCTL,0,0
2026-08-26T16:58:59,1787738339,13.822675,100.511655,14.4,-0.01,-1.6,-2.9,108.3,108.3,0.02,0.05,0.0,24.06,60,POSCTL,0,0
2026-08-26T16:59:00,1787738340,13.822675,100.511655,14.4,-0.01,-1.6,-2.9,108.3,108.3,0.02,0.05,0.0,24.06,60,POSCTL,0,0
2026-08-26T16:59:01,1787738341,13.822675,100.511655,14.4,-0.02,-1.6,-2.9,108.3,108.3,-0.01,-0.03,0.0,24.06,60,POSCTL,0,0
2026-08-26T16:59:02,1787738342,13.822675,100.511655,14.4,-0.02,-1.6,-2.9,108.3,108.3,-0.01,-0.03,0.0,24.06,60,POSCTL,0,0
2026-08-26T16:59:03,1787738343,13.822675,100.511655,14.4,-0.02,-1.6,-2.9,108.3,108.3,-0.01,-0.03,0.0,24.06,60,POSCTL,0,0
2026-08-26T16:59:04,1787738344,13.822675,100.511655,14.4,-0.02,-1.6,-2.9,108.3,108.3,-0.01,-0.03,0.0,24.06,60,POSCTL,0,0
2026-08-26T16:59:05,1787738345,13.822674,100.511653,14.4,-0.02,-1.6,-2.9,108.3,108.3,-0.01,-0.03,0.0,24.06,60,POSCTL,0,0
2026-08-26T16:59:06,1787738346,13.822674,100.511653,14.4,-0.01,-1.7,-2.9,108.3,108.3,0.0,-0.02,0.0,24.06,60,POSCTL,0,0
2026-08-26T16:59:07,1787738347,13.822674,100.511653,14.4,-0.01,-1.7,-2.9,108.3,108.3,0.0,-0.02,0.0,24.06,60,POSCTL,0,0
2026-08-26T16:59:08,1787738348,13.822674,100.511652,14.4,-0.02,-1.6,-2.9,108.3,108.3,-0.01,-0.07,0.0,24.06,60,POSCTL,0,0
2026-08-26T16:59:09,1787738349,13.822674,100.511652,14.4,-0.02,-1.7,-2.9,108.3,108.3,-0.01,-0.07,0.0,24.06,60,POSCTL,0,0
2026-08-26T16:59:10,1787738350,13.822674,100.511652,14.4,-0.02,-1.7,-2.9,108.3,108.3,-0.01,-0.07,0.0,24.06,60,POSCTL,0,0
2026-08-26T16:59:11,1787738351,13.822674,100.511652,14.4,-0.02,-1.7,-2.9,108.3,108.3,-0.01,-0.07,0.0,24.06,60,POSCTL,0,0
2026-08-26T16:59:12,1787738352,13.822674,100.511652,14.4,-0.02,-1.7,-2.9,108.3,108.3,-0.01,-0.07,0.0,24.06,60,POSCTL,0,0
2026-08-26T16:59:13,1787738353,13.822674,100.511652,14.4,-0.02,-1.7,-2.9,108.3,108.3,-0.01,-0.07,0.0,24.06,60,POSCTL,0,0
2026-08-26T16:59:14,1787738354,13.822675,100.511653,14.4,-0.01,-1.7,-3.0,108.3,108.3,0.02,0.05,0.0,24.06,60,POSCTL,0,0
2026-08-26T16:59:15,1787738355,13.822675,100.511653,14.4,-0.01,-1.7,-3.0,108.3,108.3,0.02,0.05,0.0,24.06,60,POSCTL,0,0
2026-08-26T16:59:16,1787738356,13.822675,100.511651,14.4,-0.01,-1.7,-2.9,108.3,108.3,0.02,0.05,0.0,24.06,60,POSCTL,0,0
2026-08-26T16:59:17,1787738357,13.822675,100.511651,14.4,-0.01,-1.7,-2.9,108.3,108.3,0.02,0.05,0.0,24.06,60,POSCTL,0,0
2026-08-26T16:59:18,1787738358,13.822675,100.511652,14.4,-0.01,-1.7,-2.9,108.3,108.3,0.01,0.01,0.0,24.06,60,POSCTL,0,0
2026-08-26T16:59:19,1787738359,13.822675,100.511652,14.4,-0.01,-1.7,-2.9,108.3,108.3,0.01,0.01,0.0,24.06,60,POSCTL,0,0
2026-08-26T16:59:20,1787738360,13.822675,100.511652,14.4,-0.01,-1.7,-2.9,108.3,108.3,0.01,0.01,0.0,24.06,60,POSCTL,0,0
2026-08-26T16:59:21,1787738361,13.822677,100.511651,14.4,-0.01,-1.7,-2.9,108.3,108.3,0.01,0.01,0.0,24.06,60,POSCTL,0,0
2026-08-26T16:59:22,1787738362,13.822676,100.511651,14.4,-0.02,-1.7,-2.9,108.3,108.3,0.0,-0.02,0.0,24.06,60,POSCTL,0,0
2026-08-26T16:59:23,1787738363,13.822677,100.511651,14.4,-0.02,-1.6,-2.9,108.3,108.3,0.0,-0.02,0.0,24.06,60,POSCTL,0,0
2026-08-26T16:59:24,1787738364,13.822677,100.511651,14.4,-0.02,-1.6,-2.9,108.3,108.3,0.0,-0.02,0.0,24.06,60,POSCTL,0,0
2026-08-26T16:59:25,1787738365,13.822677,100.511651,14.4,-0.02,-1.6,-2.9,108.3,108.3,0.0,-0.02,0.0,24.06,60,POSCTL,0,0
2026-08-26T16:59:26,1787738366,13.822677,100.511651,14.4,-0.01,-1.7,-2.9,108.3,108.3,0.0,0.0,0.0,24.06,60,POSCTL,0,0
2026-08-26T16:59:27,1787738367,13.822677,100.511651,14.4,-0.01,-1.7,-2.9,108.3,108.3,0.0,0.0,0.0,24.06,60,POSCTL,0,0
2026-08-26T16:59:28,1787738368,13.822677,100.511651,14.4,-0.01,-1.7,-2.9,108.3,108.3,0.0,0.0,0.0,24.06,60,POSCTL,0,0
2026-08-26T16:59:29,1787738369,13.822677,100.511651,14.4,-0.01,-1.7,-2.9,108.3,108.3,0.0,0.0,0.0,24.06,60,POSCTL,0,0
2026-08-26T16:59:30,1787738370,13.822677,100.511651,14.4,-0.01,-1.7,-2.9,108.3,108.3,0.0,0.0,0.0,24.06,60,POSCTL,0,0
2026-08-26T16:59:31,1787738371,13.822677,100.511651,14.4,-0.01,-1.7,-2.9,108.3,108.3,0.0,0.0,0.0,24.06,60,POSCTL,0,0
2026-08-26T16:59:32,1787738372,13.822677,100.511651,14.4,-0.01,-1.7,-2.9,108.3,108.3,0.0,0.0,0.0,24.06,60,POSCTL,0,0
2026-08-26T16:59:33,1787738373,13.822677,100.511651,14.4,-0.02,-1.7,-2.9,108.3,108.3,0.0,0.0,0.0,24.06,60,POSCTL,0,0
2026-08-26T16:59:34,1787738374,13.822678,100.511652,14.4,-0.02,-1.7,-2.9,108.3,108.3,0.0,0.0,0.0,24.06,60,POSCTL,0,0
2026-08-26T16:59:35,1787738375,13.822678,100.511651,14.4,-0.02,-1.7,-2.9,108.3,108.3,0.0,-0.01,0.0,24.06,60,POSCTL,0,0
2026-08-26T16:59:36,1787738376,13.822678,100.511652,14.4,-0.02,-1.7,-2.9,108.3,108.3,0.0,-0.01,0.0,24.06,60,POSCTL,0,0
2026-08-26T16:59:37,1787738377,13.822678,100.511652,14.4,-0.02,-1.7,-2.9,108.3,108.3,0.0,0.0,0.0,24.06,60,POSCTL,0,0
2026-08-26T16:59:38,1787738378,13.822678,100.511652,14.4,-0.02,-1.7,-2.9,108.3,108.3,0.0,0.0,0.0,24.06,60,POSCTL,0,0
2026-08-26T16:59:39,1787738379,13.822678,100.511652,14.4,-0.02,-1.7,-2.9,108.3,108.3,0.0,0.0,0.0,24.06,60,POSCTL,0,0
2026-08-26T16:59:40,1787738380,13.822678,100.511652,14.4,-0.02,-1.7,-2.9,108.3,108.3,0.0,0.0,0.0,24.06,60,POSCTL,0,0
2026-08-26T16:59:41,1787738381,13.822678,100.511652,14.4,-0.02,-1.7,-2.9,108.3,108.3,0.0,0.0,0.0,24.06,60,POSCTL,0,0
2026-08-26T16:59:42,1787738382,13.822679,100.511652,14.4,-0.02,-1.7,-2.9,108.3,108.3,0.0,0.0,0.0,24.06,60,POSCTL,0,0
2026-08-26T16:59:43,1787738383,13.822679,100.511652,14.4,-0.01,-1.7,-2.9,108.3,108.3,0.01,0.03,0.0,24.06,60,POSCTL,0,0
2026-08-26T16:59:44,1787738384,13.822679,100.511652,14.4,-0.01,-1.7,-2.9,108.4,108.4,0.01,0.03,0.0,24.06,60,POSCTL,0,0
2026-08-26T16:59:45,1787738385,13.822679,100.511652,14.4,-0.01,-1.7,-2.9,108.4,108.4,0.01,0.03,0.0,24.06,60,POSCTL,0,0
2026-08-26T16:59:46,1787738386,13.822679,100.511653,14.4,-0.01,-1.7,-2.9,108.4,108.4,0.01,0.04,0.0,24.06,60,POSCTL,0,0
2026-08-26T16:59:47,1787738387,13.822679,100.511653,14.4,-0.01,-1.7,-2.9,108.4,108.4,0.01,0.04,0.0,24.06,60,POSCTL,0,0
2026-08-26T16:59:48,1787738388,13.822679,100.511653,14.4,-0.01,-1.7,-2.9,108.4,108.4,0.01,0.03,0.0,24.06,60,POSCTL,0,0
2026-08-26T16:59:49,1787738389,13.822679,100.511652,14.4,-0.01,-1.7,-2.9,108.4,108.4,0.01,0.03,0.0,24.06,60,POSCTL,0,0
2026-08-26T16:59:50,1787738390,13.82268,100.511653,14.4,-0.01,-1.7,-2.9,108.4,108.4,0.01,0.03,0.0,24.06,60,POSCTL,0,0
2026-08-26T16:59:51,1787738391,13.822679,100.511653,14.4,-0.01,-1.7,-2.9,108.4,108.4,0.01,0.03,0.0,24.06,60,POSCTL,0,0
2026-08-26T16:59:52,1787738392,13.822679,100.511652,14.4,-0.02,-1.6,-2.8,108.4,108.4,0.0,-0.02,0.0,24.06,60,POSCTL,0,0
2026-08-26T16:59:53,1787738393,13.822679,100.511653,14.4,-0.02,-1.6,-2.9,108.4,108.4,0.0,-0.02,0.0,24.06,60,POSCTL,0,0
2026-08-26T16:59:54,1787738394,13.822679,100.511653,14.4,-0.01,-1.7,-2.9,108.4,108.4,0.0,-0.01,0.0,24.06,60,POSCTL,0,0
2026-08-26T16:59:55,1787738395,13.822679,100.511654,14.4,-0.01,-1.7,-2.9,108.4,108.4,0.0,-0.01,0.0,24.06,60,POSCTL,0,0
2026-08-26T16:59:56,1787738396,13.822679,100.511654,14.4,-0.01,-1.7,-2.9,108.4,108.4,0.0,-0.01,0.0,24.06,60,POSCTL,0,0
2026-08-26T16:59:57,1787738397,13.822679,100.511654,14.4,-0.01,-1.7,-2.9,108.4,108.4,0.0,-0.01,0.0,24.06,60,POSCTL,0,0
2026-08-26T17:00:00,1787738400,13.822679,100.511656,14.4,-0.01,-1.6,-2.8,108.3,108.3,0.0,-0.01,0.0,24.06,60,POSCTL,0,0
2026-08-26T17:00:01,1787738401,13.822679,100.511655,14.4,-0.01,-1.6,-2.8,108.3,108.3,0.0,-0.03,0.0,24.06,60,POSCTL,0,0
2026-08-26T17:00:02,1787738402,13.82268,100.511657,14.4,-0.01,-1.7,-2.9,108.3,108.3,0.0,-0.03,0.0,24.06,60,POSCTL,0,0
2026-08-26T17:00:03,1787738403,13.822679,100.511656,14.4,-0.01,-1.7,-2.9,108.3,108.3,0.0,0.01,0.0,24.06,60,POSCTL,0,0
2026-08-26T17:00:04,1787738404,13.82268,100.511658,14.4,-0.01,-1.7,-2.9,108.3,108.3,0.0,0.01,0.0,24.06,60,POSCTL,0,0
2026-08-26T17:00:05,1787738405,13.82268,100.511658,14.4,-0.01,-1.7,-2.9,108.3,108.3,0.0,0.01,0.0,24.06,60,POSCTL,0,0
2026-08-26T17:00:06,1787738406,13.82268,100.511658,14.4,-0.01,-1.7,-2.9,108.3,108.3,0.0,0.01,0.0,24.06,60,POSCTL,0,0
2026-08-26T17:00:07,1787738407,13.82268,100.511658,14.4,-0.01,-1.7,-2.9,108.3,108.3,0.0,0.01,0.0,24.06,60,POSCTL,0,0
2026-08-26T17:00:10,1787738410,13.82268,100.511661,14.4,-0.01,-1.7,-2.8,108.3,108.3,0.0,0.0,0.0,24.06,60,POSCTL,0,0
2026-08-26T17:00:11,1787738411,13.82268,100.511661,14.4,-0.01,-1.7,-2.8,108.3,108.3,0.0,0.0,0.0,24.06,60,POSCTL,0,0
2026-08-26T17:00:12,1787738412,13.82268,100.511661,14.4,-0.01,-1.7,-2.8,108.3,108.3,0.0,0.0,0.0,24.06,60,POSCTL,0,0
2026-08-26T17:00:13,1787738413,13.82268,100.511661,14.4,-0.01,-1.7,-2.8,108.3,108.3,0.0,0.0,0.0,24.06,60,POSCTL,0,0
2026-08-26T17:00:14,1787738414,13.82268,100.511662,14.4,0.01,-1.7,-2.8,108.3,108.3,0.01,0.03,0.0,24.06,60,POSCTL,0,0
2026-08-26T17:00:15,1787738415,13.822681,100.511663,14.4,0.0,-1.7,-2.8,108.3,108.3,0.0,0.0,0.0,24.06,60,POSCTL,0,0
2026-08-26T17:00:16,1787738416,13.822681,100.511663,14.4,0.0,-1.7,-2.8,108.3,108.3,0.0,0.0,0.0,24.06,60,POSCTL,0,0
2026-08-26T17:00:17,1787738417,13.822681,100.511663,14.4,0.0,-1.7,-2.8,108.3,108.3,0.0,0.0,0.0,24.06,60,POSCTL,0,0
2026-08-26T17:00:18,1787738418,13.822681,100.511663,14.4,0.0,-1.7,-2.8,108.3,108.3,0.0,0.0,0.0,24.06,60,POSCTL,0,0
2026-08-26T17:00:19,1787738419,13.822681,100.511663,14.4,0.0,-1.7,-2.9,108.3,108.3,0.0,0.0,0.0,24.06,60,POSCTL,0,0
2026-08-26T17:00:20,1787738420,13.822682,100.511665,14.4,0.0,-1.7,-2.9,108.3,108.3,0.02,0.02,0.0,24.06,60,POSCTL,0,0
2026-08-26T17:00:21,1787738421,13.822682,100.511665,14.4,0.0,-1.7,-2.9,108.3,108.3,0.02,0.02,0.0,24.06,60,POSCTL,0,0
2026-08-26T17:00:22,1787738422,13.822683,100.511665,14.4,0.0,-1.6,-2.8,108.3,108.3,0.0,-0.02,0.0,24.06,60,POSCTL,0,0
2026-08-26T17:00:23,1787738423,13.822683,100.511665,14.4,0.0,-1.6,-2.8,108.3,108.3,0.0,-0.02,0.0,24.06,60,POSCTL,0,0
2026-08-26T17:00:24,1787738424,13.822684,100.511666,14.4,0.0,-1.6,-2.9,108.3,108.3,0.0,-0.01,0.0,24.06,60,POSCTL,0,0
2026-08-26T17:00:25,1787738425,13.822684,100.511666,14.4,0.0,-1.6,-2.9,108.3,108.3,0.0,-0.01,0.0,24.06,60,POSCTL,0,0
2026-08-26T17:00:26,1787738426,13.822684,100.511666,14.4,0.0,-1.6,-2.9,108.3,108.3,0.0,-0.01,0.0,24.06,60,POSCTL,0,0
2026-08-26T17:00:27,1787738427,13.822684,100.511666,14.4,0.0,-1.6,-2.9,108.3,108.3,0.0,-0.01,0.0,24.06,60,POSCTL,0,0
2026-08-26T17:00:28,1787738428,13.822684,100.511666,14.4,0.0,-1.6,-2.9,108.3,108.3,0.0,-0.01,0.0,24.06,60,POSCTL,0,0
2026-08-26T17:00:29,1787738429,13.822684,100.511666,14.4,0.0,-1.6,-2.9,108.3,108.3,0.0,-0.01,0.0,24.06,60,POSCTL,0,0
2026-08-26T17:00:30,1787738430,13.822684,100.511668,14.4,0.0,-1.7,-2.9,108.3,108.3,0.0,0.04,0.0,24.06,60,POSCTL,0,0
2026-08-26T17:00:31,1787738431,13.822685,100.51167,14.4,0.0,-1.6,-2.9,108.3,108.3,0.0,0.04,0.0,24.06,60,POSCTL,0,0
2026-08-26T17:00:32,1787738432,13.822684,100.511669,14.4,-0.0,-1.6,-2.9,108.3,108.3,0.0,0.02,0.0,24.06,60,POSCTL,0,0
2026-08-26T17:00:33,1787738433,13.822685,100.51167,14.4,-0.0,-1.6,-2.9,108.3,108.3,0.0,0.02,0.0,24.06,60,POSCTL,0,0
2026-08-26T17:00:34,1787738434,13.822684,100.51167,14.4,0.0,-1.6,-2.9,108.3,108.3,0.0,0.01,0.0,24.06,60,POSCTL,0,0
2026-08-26T17:00:35,1787738435,13.822685,100.511671,14.4,0.0,-1.7,-2.9,108.3,108.3,0.0,0.01,0.0,24.06,60,POSCTL,0,0
2026-08-26T17:00:36,1787738436,13.822685,100.511671,14.4,0.0,-1.7,-2.9,108.3,108.3,0.0,0.01,0.0,24.06,60,POSCTL,0,0
2026-08-26T17:00:37,1787738437,13.822685,100.511671,14.4,0.0,-1.6,-2.9,108.3,108.3,0.0,0.01,0.0,24.06,60,POSCTL,0,0
2026-08-26T17:00:38,1787738438,13.822685,100.511671,14.4,-0.0,-1.6,-2.8,108.3,108.3,0.0,-0.02,0.0,24.05,60,POSCTL,0,0
2026-08-26T17:00:39,1787738439,13.822689,100.511694,14.4,-0.0,-1.6,-2.9,108.3,108.3,0.0,-0.02,0.0,24.05,60,POSCTL,0,0
2026-08-26T17:00:40,1787738440,13.822686,100.511675,14.4,0.0,-1.6,-2.9,108.3,108.3,0.01,0.04,0.0,24.05,60,POSCTL,0,0
2026-08-26T17:00:41,1787738441,13.822686,100.511675,14.4,0.0,-1.7,-2.9,108.3,108.3,0.01,0.04,0.0,24.05,60,POSCTL,0,0
2026-08-26T17:00:42,1787738442,13.822696,100.511731,14.4,0.0,-1.7,-2.9,108.3,108.3,0.01,0.04,0.0,24.05,60,POSCTL,0,0
2026-08-26T17:00:43,1787738443,13.822696,100.511731,14.4,0.0,-1.6,-2.7,108.3,108.3,0.01,0.04,0.0,24.05,60,POSCTL,0,0
2026-08-26T17:00:44,1787738444,13.822696,100.511731,14.4,0.0,-1.6,-2.7,108.3,108.3,0.01,0.04,0.0,24.05,60,POSCTL,0,0
2026-08-26T17:00:45,1787738445,13.822699,100.511748,14.4,0.0,-1.6,-2.7,108.3,108.3,0.01,0.04,0.0,24.05,60,POSCTL,0,0
2026-08-26T17:00:50,1787738450,13.8227,100.511754,14.4,-0.0,-1.4,-2.3,107.8,107.8,0.01,0.09,0.0,24.05,60,POSCTL,0,0
2026-08-26T17:00:51,1787738451,13.822706,100.511787,14.4,-0.0,-1.4,-2.3,107.8,107.8,0.01,0.09,0.0,24.05,60,POSCTL,0,0
2026-08-26T17:00:52,1787738452,13.822703,100.511772,14.4,0.0,-1.4,-2.3,107.8,107.8,0.0,0.02,0.0,24.05,60,POSCTL,0,0
2026-08-26T17:00:53,1787738453,13.822705,100.511782,14.4,0.0,-1.4,-2.3,107.8,107.8,0.0,0.01,0.0,24.05,60,POSCTL,0,0
2026-08-26T17:00:54,1787738454,13.822705,100.511782,14.4,0.0,-1.4,-2.4,107.8,107.8,0.0,0.01,0.0,24.05,60,POSCTL,0,0
2026-08-26T17:00:55,1787738455,13.822705,100.511782,14.4,0.0,-1.4,-2.4,107.8,107.8,0.0,0.01,0.0,24.05,60,POSCTL,0,0
2026-08-26T17:00:56,1787738456,13.822705,100.511782,14.4,0.0,-1.4,-2.4,107.8,107.8,0.0,0.01,0.0,24.05,60,POSCTL,0,0
2026-08-26T17:00:57,1787738457,13.822712,100.511818,14.4,0.0,-1.4,-2.5,107.8,107.8,0.0,0.01,0.0,24.05,60,POSCTL,0,0
2026-08-26T17:00:58,1787738458,13.82271,100.511806,14.5,0.0,-1.4,-2.5,107.8,107.8,0.02,0.08,0.0,24.05,60,POSCTL,0,0
2026-08-26T17:00:59,1787738459,13.822714,100.511827,14.5,0.0,-1.5,-2.5,107.8,107.8,0.02,0.08,0.0,24.05,60,POSCTL,0,0
2026-08-26T17:01:00,1787738460,13.822712,100.511818,14.5,0.0,-1.5,-2.6,107.8,107.8,0.03,0.14,0.0,24.05,60,POSCTL,0,0
2026-08-26T17:01:01,1787738461,13.822714,100.511827,14.5,0.0,-1.5,-2.6,107.8,107.8,0.03,0.14,0.0,24.05,60,POSCTL,0,0
2026-08-26T17:01:02,1787738462,13.822714,100.511827,14.5,0.0,-1.5,-2.5,107.8,107.8,0.03,0.14,0.0,24.05,60,POSCTL,0,0
2026-08-26T17:01:03,1787738463,13.822714,100.511827,14.5,0.0,-1.5,-2.5,107.8,107.8,0.03,0.14,0.0,24.05,60,POSCTL,0,0
2026-08-26T17:01:04,1787738464,13.822714,100.511827,14.5,0.0,-1.5,-2.5,107.8,107.8,0.03,0.14,0.0,24.05,60,POSCTL,0,0
2026-08-26T17:01:05,1787738465,13.822714,100.511827,14.5,0.0,-1.5,-2.5,107.8,107.8,0.03,0.14,0.0,24.05,60,POSCTL,0,0
2026-08-26T17:01:06,1787738466,13.822714,100.511827,14.5,0.0,-1.5,-2.5,107.8,107.8,0.03,0.14,0.0,24.05,60,POSCTL,0,0
2026-08-26T17:01:07,1787738467,13.822714,100.511827,14.5,0.0,-1.5,-2.5,107.8,107.8,0.03,0.14,0.0,24.05,60,POSCTL,0,0
2026-08-26T17:01:08,1787738468,13.822714,100.511827,14.5,0.0,-1.5,-2.5,107.8,107.8,0.03,0.14,0.0,24.05,60,POSCTL,0,0
2026-08-26T17:01:09,1787738469,13.822712,100.511811,14.5,0.0,-1.5,-2.5,107.8,107.8,0.03,0.14,0.0,24.05,60,POSCTL,0,0
2026-08-26T17:01:10,1787738470,13.822713,100.511818,14.5,-0.0,-1.6,-2.8,107.8,107.8,-0.03,-0.17,0.0,24.05,60,POSCTL,0,0
2026-08-26T17:01:11,1787738471,13.822708,100.511789,14.5,-0.0,-1.7,-3.0,107.8,107.8,-0.03,-0.17,0.0,24.05,60,POSCTL,0,0
2026-08-26T17:01:12,1787738472,13.822708,100.511789,14.5,-0.0,-1.7,-3.0,107.8,107.8,-0.03,-0.17,0.0,24.05,60,POSCTL,0,0
2026-08-26T17:01:13,1787738473,13.822708,100.511789,14.5,-0.0,-1.7,-3.0,107.8,107.8,-0.03,-0.17,0.0,24.05,60,POSCTL,0,0
2026-08-26T17:01:14,1787738474,13.822706,100.511781,14.4,0.0,-1.8,-3.1,107.8,107.8,-0.04,-0.21,0.0,24.05,60,POSCTL,0,0
2026-08-26T17:01:15,1787738475,13.822706,100.511781,14.4,0.0,-1.8,-3.1,107.8,107.8,-0.04,-0.21,0.0,24.05,60,POSCTL,0,0
2026-08-26T17:01:16,1787738476,13.822706,100.511781,14.4,0.0,-1.8,-3.1,107.8,107.8,-0.04,-0.21,0.0,24.05,60,POSCTL,0,0
2026-08-26T17:01:17,1787738477,13.822706,100.511781,14.4,0.0,-1.8,-3.1,107.8,107.8,-0.04,-0.21,0.0,24.05,60,POSCTL,0,0
2026-08-26T17:01:18,1787738478,13.822706,100.511781,14.4,0.0,-1.8,-3.1,107.8,107.8,-0.04,-0.21,0.0,24.05,60,POSCTL,0,0
2026-08-26T17:01:19,1787738479,13.822706,100.511781,14.4,0.0,-1.8,-3.1,107.8,107.8,-0.04,-0.21,0.0,24.05,60,POSCTL,0,0
2026-08-26T17:01:20,1787738480,13.822706,100.511781,14.4,0.0,-1.9,-3.4,107.8,107.8,-0.04,-0.21,0.0,24.05,60,POSCTL,0,0
2026-08-26T17:01:21,1787738481,13.822702,100.511751,14.4,0.0,-1.9,-3.4,107.8,107.8,0.0,-0.05,0.0,24.05,60,POSCTL,0,0
2026-08-26T17:01:22,1787738482,13.822702,100.511751,14.4,0.0,-1.9,-3.4,107.9,107.9,0.0,-0.05,0.0,24.05,60,POSCTL,0,0
2026-08-26T17:01:23,1787738483,13.822702,100.511748,14.4,0.0,-1.9,-3.4,107.9,107.9,0.01,-0.01,0.0,24.05,60,POSCTL,0,0
2026-08-26T17:01:24,1787738484,13.822702,100.511748,14.4,0.0,-1.9,-3.4,107.9,107.9,0.01,-0.01,0.0,24.05,60,POSCTL,0,0
2026-08-26T17:01:25,1787738485,13.822701,100.511739,14.4,-0.0,-1.9,-3.3,107.9,107.9,0.0,0.0,0.0,24.05,60,POSCTL,0,0
2026-08-26T17:01:26,1787738486,13.822701,100.511739,14.4,-0.0,-1.9,-3.3,107.9,107.9,0.0,0.0,0.0,24.05,60,POSCTL,0,0
2026-08-26T17:01:27,1787738487,13.822701,100.511739,14.4,-0.0,-1.9,-3.3,107.9,107.9,0.0,0.0,0.0,24.05,60,POSCTL,0,0
2026-08-26T17:01:28,1787738488,13.822701,100.511739,14.4,-0.0,-1.9,-3.3,107.9,107.9,0.0,0.0,0.0,24.05,60,POSCTL,0,0
2026-08-26T17:01:29,1787738489,13.822701,100.511739,14.4,-0.0,-1.9,-3.3,107.9,107.9,0.0,0.0,0.0,24.05,60,POSCTL,0,0
2026-08-26T17:01:30,1787738490,13.822701,100.511739,14.4,-0.0,-1.9,-3.3,107.9,107.9,0.0,0.0,0.0,24.05,60,POSCTL,0,0
2026-08-26T17:01:31,1787738491,13.822698,100.511726,14.4,-0.0,-1.8,-3.2,107.9,107.9,0.0,0.0,0.0,24.05,60,POSCTL,0,0
2026-08-26T17:01:32,1787738492,13.822699,100.511731,14.4,-0.0,-1.8,-3.1,107.9,107.9,-0.01,-0.04,0.0,24.05,60,POSCTL,0,0
2026-08-26T17:01:33,1787738493,13.822697,100.511723,14.4,-0.0,-1.8,-3.1,107.9,107.9,-0.01,-0.04,0.0,24.05,59,POSCTL,0,0
2026-08-26T17:01:34,1787738494,13.822698,100.511728,14.4,0.0,-1.8,-3.1,107.9,107.9,0.0,-0.03,0.0,24.05,59,POSCTL,0,0
2026-08-26T17:01:35,1787738495,13.822695,100.511719,14.4,0.0,-1.8,-3.1,107.9,107.9,0.0,-0.03,0.0,24.05,59,POSCTL,0,0
2026-08-26T17:01:36,1787738496,13.822695,100.511719,14.4,0.0,-1.8,-3.1,107.9,107.9,0.0,-0.03,0.0,24.05,59,POSCTL,0,0
2026-08-26T17:01:37,1787738497,13.822695,100.511719,14.4,0.0,-1.8,-3.1,107.9,107.9,0.0,-0.03,0.0,24.05,59,POSCTL,0,0
2026-08-26T17:01:38,1787738498,13.822695,100.511719,14.4,0.0,-1.8,-3.1,107.9,107.9,0.0,-0.03,0.0,24.05,59,POSCTL,0,0
2026-08-26T17:01:39,1787738499,13.822695,100.511719,14.4,0.0,-1.8,-3.1,107.9,107.9,0.0,-0.03,0.0,24.05,59,POSCTL,0,0
2026-08-26T17:01:41,1787738501,13.822693,100.511713,14.4,-0.0,-1.8,-3.1,107.9,107.9,0.0,-0.01,0.0,24.05,59,POSCTL,0,0
2026-08-26T17:01:42,1787738502,13.822691,100.511709,14.4,-0.0,-1.8,-3.1,107.9,107.9,0.0,-0.01,0.0,24.05,59,POSCTL,0,0
2026-08-26T17:01:43,1787738503,13.822692,100.511712,14.4,0.0,-1.8,-3.1,107.9,107.9,0.0,-0.01,0.0,24.05,59,POSCTL,0,0
2026-08-26T17:01:44,1787738504,13.822692,100.511711,14.4,0.0,-1.8,-3.1,107.9,107.9,0.0,0.0,0.0,24.05,59,POSCTL,0,0
2026-08-26T17:01:45,1787738505,13.822692,100.511711,14.4,0.0,-1.8,-3.1,107.9,107.9,0.0,0.0,0.0,24.05,59,POSCTL,0,0
2026-08-26T17:01:46,1787738506,13.822689,100.511704,14.4,0.0,-1.8,-3.0,107.9,107.9,0.0,0.0,0.0,24.05,59,POSCTL,0,0
2026-08-26T17:01:47,1787738507,13.82269,100.511708,14.4,-0.0,-1.8,-3.0,107.9,107.9,-0.01,-0.02,0.0,24.05,59,POSCTL,0,0
2026-08-26T17:01:48,1787738508,13.82269,100.511708,14.4,-0.0,-1.8,-3.0,107.9,107.9,-0.01,-0.02,0.0,24.05,59,POSCTL,0,0
2026-08-26T17:01:49,1787738509,13.82269,100.511708,14.4,-0.0,-1.8,-3.0,107.9,107.9,-0.01,-0.02,0.0,24.05,59,POSCTL,0,0
2026-08-26T17:01:50,1787738510,13.822686,100.5117,14.4,-0.0,-1.8,-3.0,107.9,107.9,-0.01,-0.02,0.0,24.05,59,POSCTL,0,0
2026-08-26T17:01:51,1787738511,13.822688,100.511704,14.4,0.0,-1.8,-3.0,107.9,107.9,0.0,0.01,0.0,24.05,59,POSCTL,0,0
2026-08-26T17:01:52,1787738512,13.822688,100.511704,14.4,0.0,-1.8,-3.0,107.9,107.9,0.0,0.01,0.0,24.05,59,POSCTL,0,0
2026-08-26T17:01:53,1787738513,13.822686,100.511699,14.4,-0.01,-1.8,-3.0,107.9,107.9,-0.02,-0.06,0.0,24.05,59,POSCTL,0,0
2026-08-26T17:01:54,1787738514,13.822684,100.511694,14.4,-0.01,-1.8,-3.0,107.9,107.9,-0.02,-0.06,0.0,24.05,59,POSCTL,0,0
2026-08-26T17:01:55,1787738515,13.822685,100.511697,14.4,0.0,-1.8,-3.0,107.9,107.9,-0.01,-0.06,0.0,24.05,59,POSCTL,0,0
2026-08-26T17:01:56,1787738516,13.822685,100.511697,14.4,0.0,-1.8,-3.0,107.9,107.9,-0.01,-0.06,0.0,24.05,59,POSCTL,0,0
2026-08-26T17:01:57,1787738517,13.822685,100.511697,14.4,0.0,-1.8,-3.0,107.9,107.9,-0.01,-0.06,0.0,24.05,59,POSCTL,0,0
2026-08-26T17:01:58,1787738518,13.822685,100.511697,14.4,0.0,-1.8,-3.0,107.9,107.9,-0.01,-0.06,0.0,24.05,59,POSCTL,0,0
2026-08-26T17:01:59,1787738519,13.822683,100.511692,14.4,-0.0,-1.8,-3.0,107.9,107.9,0.0,-0.02,0.0,24.05,59,POSCTL,0,0
2026-08-26T17:02:00,1787738520,13.822682,100.51169,14.4,-0.0,-1.8,-3.0,107.9,107.9,0.0,-0.02,0.0,24.05,59,POSCTL,0,0
2026-08-26T17:02:01,1787738521,13.822683,100.511691,14.4,-0.01,-1.8,-3.0,107.9,107.9,0.0,-0.06,0.0,24.05,59,POSCTL,0,0
2026-08-26T17:02:02,1787738522,13.822683,100.511691,14.4,-0.01,-1.8,-3.0,107.9,107.9,0.0,-0.06,0.0,24.05,59,POSCTL,0,0
2026-08-26T17:02:03,1787738523,13.822682,100.51169,14.4,0.0,-1.8,-3.0,107.9,107.9,0.0,0.02,0.0,24.05,59,POSCTL,0,0
2026-08-26T17:02:04,1787738524,13.822682,100.51169,14.4,0.0,-1.8,-3.0,107.9,107.9,0.0,0.02,0.0,24.05,59,POSCTL,0,0
2026-08-26T17:02:05,1787738525,13.822682,100.51169,14.4,0.0,-1.8,-3.0,107.9,107.9,0.0,0.02,0.0,24.05,59,POSCTL,0,0
2026-08-26T17:02:06,1787738526,13.822682,100.51169,14.4,0.0,-1.8,-3.0,107.9,107.9,0.0,0.02,0.0,24.05,59,POSCTL,0,0
2026-08-26T17:02:07,1787738527,13.822681,100.511689,14.4,0.0,-1.8,-3.0,107.9,107.9,0.0,0.02,0.0,24.05,59,POSCTL,0,0
2026-08-26T17:02:08,1787738528,13.822682,100.51169,14.4,-0.0,-1.7,-3.0,107.8,107.8,0.0,0.01,0.0,24.05,59,POSCTL,0,0
2026-08-26T17:02:09,1787738529,13.822681,100.511688,14.4,-0.0,-1.7,-3.0,107.8,107.8,0.0,0.01,0.0,24.05,59,POSCTL,0,0
2026-08-26T17:02:10,1787738530,13.822681,100.511689,14.4,-0.0,-1.7,-3.0,107.9,107.9,0.0,0.0,0.0,24.05,59,POSCTL,0,0
2026-08-26T17:02:11,1787738531,13.822681,100.511688,14.4,-0.0,-1.7,-2.9,107.9,107.9,0.0,0.0,0.0,24.05,59,POSCTL,0,0
2026-08-26T17:02:12,1787738532,13.822681,100.511688,14.4,-0.0,-1.7,-2.9,107.9,107.9,0.0,0.0,0.0,24.05,59,POSCTL,0,0
2026-08-26T17:02:13,1787738533,13.822681,100.511688,14.4,-0.0,-1.7,-2.9,107.9,107.9,0.0,0.0,0.0,24.05,59,POSCTL,0,0
2026-08-26T17:02:14,1787738534,13.822681,100.511688,14.4,-0.0,-1.7,-2.9,107.9,107.9,0.0,0.0,0.0,24.05,59,POSCTL,0,0
2026-08-26T17:02:15,1787738535,13.822681,100.511688,14.4,-0.0,-1.7,-2.9,107.9,107.9,0.0,0.0,0.0,24.05,59,POSCTL,0,0
2026-08-26T17:02:16,1787738536,13.822681,100.511688,14.4,-0.0,-1.7,-2.9,107.9,107.9,0.0,0.0,0.0,24.05,59,POSCTL,0,0
2026-08-26T17:02:17,1787738537,13.822681,100.511687,14.4,-0.0,-1.7,-2.9,107.9,107.9,0.0,-0.02,0.0,24.05,59,POSCTL,0,0
2026-08-26T17:02:18,1787738538,13.822681,100.511687,14.4,-0.0,-1.7,-2.9,107.9,107.9,0.0,-0.02,0.0,24.05,59,POSCTL,0,0
2026-08-26T17:02:19,1787738539,13.82268,100.511687,14.4,-0.0,-1.7,-3.0,107.9,107.9,0.0,-0.02,0.0,24.05,59,POSCTL,0,0
2026-08-26T17:02:20,1787738540,13.82268,100.511687,14.4,-0.0,-1.7,-3.0,107.9,107.9,0.0,0.02,0.0,24.05,59,POSCTL,0,0
2026-08-26T17:02:21,1787738541,13.82268,100.511687,14.4,-0.0,-1.7,-3.0,107.9,107.9,0.01,0.03,0.0,24.05,59,POSCTL,0,0
2026-08-26T17:02:22,1787738542,13.82268,100.511687,14.4,-0.0,-1.7,-3.0,107.9,107.9,0.01,0.03,0.0,24.05,59,POSCTL,0,0
2026-08-26T17:02:23,1787738543,13.82268,100.511687,14.4,-0.0,-1.7,-3.0,107.9,107.9,0.01,0.03,0.0,24.05,59,POSCTL,0,0
2026-08-26T17:02:24,1787738544,13.82268,100.511687,14.4,-0.0,-1.7,-3.0,107.9,107.9,0.01,0.03,0.0,24.05,59,POSCTL,0,0
2026-08-26T17:02:25,1787738545,13.82268,100.511687,14.4,-0.0,-1.7,-3.0,107.9,107.9,0.01,0.03,0.0,24.05,59,POSCTL,0,0
2026-08-26T17:02:26,1787738546,13.82268,100.511686,14.4,-0.0,-1.7,-3.0,107.9,107.9,0.0,-0.02,0.0,24.05,59,POSCTL,0,0
2026-08-26T17:02:27,1787738547,13.822679,100.511684,14.4,-0.0,-1.7,-2.9,107.9,107.9,0.0,-0.03,0.0,24.05,59,POSCTL,0,0
2026-08-26T17:02:28,1787738548,13.822679,100.511684,14.4,-0.0,-1.7,-2.9,107.9,107.9,0.0,-0.03,0.0,24.05,59,POSCTL,0,0
2026-08-26T17:02:29,1787738549,13.822679,100.511684,14.4,-0.0,-1.7,-2.9,107.9,107.9,0.0,-0.03,0.0,24.05,59,POSCTL,0,0
2026-08-26T17:02:30,1787738550,13.822679,100.511684,14.4,-0.0,-1.7,-2.9,107.9,107.9,0.0,-0.03,0.0,24.05,59,POSCTL,0,0
2026-08-26T17:02:31,1787738551,13.822679,100.511684,14.4,-0.0,-1.7,-3.0,107.9,107.9,0.0,0.0,0.0,24.05,59,POSCTL,0,0
2026-08-26T17:02:32,1787738552,13.822679,100.511684,14.4,-0.0,-1.7,-3.0,107.9,107.9,0.0,0.0,0.0,24.05,59,POSCTL,0,0
2026-08-26T17:02:33,1787738553,13.822679,100.511684,14.4,-0.0,-1.7,-3.0,107.9,107.9,0.0,0.0,0.0,24.05,59,POSCTL,0,0
2026-08-26T17:02:34,1787738554,13.822679,100.511684,14.4,-0.0,-1.7,-3.0,107.9,107.9,0.0,0.0,0.0,24.05,59,POSCTL,0,0
2026-08-26T17:02:35,1787738555,13.822679,100.511684,14.4,-0.0,-1.7,-3.0,107.9,107.9,0.0,0.0,0.0,24.05,59,POSCTL,0,0
2026-08-26T17:02:36,1787738556,13.822679,100.511684,14.4,-0.0,-1.7,-3.0,107.9,107.9,0.0,0.0,0.0,24.05,59,POSCTL,0,0
2026-08-26T17:02:37,1787738557,13.822679,100.511684,14.4,-0.0,-1.7,-2.9,107.7,107.7,0.0,0.0,0.0,24.05,59,POSCTL,0,0
2026-08-26T17:02:38,1787738558,13.822679,100.511684,14.4,-0.0,-1.6,-2.9,108.0,108.0,0.0,0.0,0.0,24.05,59,POSCTL,0,0
2026-08-26T17:02:39,1787738559,13.82268,100.51168,14.4,-0.0,-1.6,-2.9,108.0,108.0,0.02,-0.06,0.0,24.05,59,POSCTL,0,0
2026-08-26T17:02:40,1787738560,13.82268,100.51168,14.4,-0.0,-1.6,-2.9,108.0,108.0,0.02,-0.06,0.0,24.05,59,POSCTL,0,0
2026-08-26T17:02:41,1787738561,13.82268,100.51168,14.4,-0.0,-1.6,-2.9,108.0,108.0,0.02,-0.06,0.0,24.05,59,POSCTL,0,0
2026-08-26T17:02:42,1787738562,13.82268,100.511683,14.4,-0.01,-1.6,-2.9,108.2,108.2,-0.04,-0.09,0.0,24.05,59,POSCTL,0,0
2026-08-26T17:02:43,1787738563,13.82268,100.511683,14.4,-0.01,-1.6,-2.9,108.2,108.2,-0.04,-0.09,0.0,24.05,59,POSCTL,0,0
2026-08-26T17:02:44,1787738564,13.82268,100.511683,14.4,-0.01,-1.6,-2.9,108.2,108.2,-0.04,-0.09,0.0,24.05,59,POSCTL,0,0
2026-08-26T17:02:45,1787738565,13.82268,100.511683,14.4,-0.01,-1.6,-2.9,108.2,108.2,-0.04,-0.09,0.0,24.05,59,POSCTL,0,0
2026-08-26T17:02:46,1787738566,13.82268,100.511683,14.4,-0.01,-1.6,-2.9,108.2,108.2,-0.04,-0.09,0.0,24.05,59,POSCTL,0,0
2026-08-26T17:02:47,1787738567,13.82268,100.511683,14.4,-0.01,-1.6,-2.9,108.2,108.2,-0.04,-0.09,0.0,24.05,59,POSCTL,0,0
2026-08-26T17:02:48,1787738568,13.82268,100.511686,14.4,0.01,-2.9,-3.1,108.4,108.4,0.06,0.04,-0.03,24.05,59,POSCTL,0,0
2026-08-26T17:02:49,1787738569,13.822679,100.511688,14.4,0.01,-2.9,-3.1,108.4,108.4,0.06,0.04,-0.03,24.05,59,POSCTL,0,0
2026-08-26T17:02:50,1787738570,13.822681,100.511687,14.5,0.15,-24.7,-3.5,110.8,110.8,-0.04,-0.01,-0.14,24.05,59,POSCTL,0,0
2026-08-26T17:02:51,1787738571,13.82268,100.511684,14.5,0.15,-24.7,-3.5,110.8,110.8,-0.04,-0.01,-0.14,24.05,59,POSCTL,0,0
2026-08-26T17:02:52,1787738572,13.82268,100.511685,14.5,0.16,-24.0,-3.4,111.2,111.2,-0.07,-0.05,-0.16,24.05,59,POSCTL,0,0
2026-08-26T17:02:53,1787738573,13.822679,100.511681,14.5,0.16,-24.0,-3.4,111.2,111.2,-0.07,-0.05,-0.16,24.05,59,POSCTL,0,0
2026-08-26T17:02:54,1787738574,13.822679,100.511681,14.5,0.16,-24.0,-3.4,111.2,111.2,-0.07,-0.05,-0.16,24.05,59,POSCTL,0,0
2026-08-26T17:02:55,1787738575,13.822679,100.511681,14.5,0.16,-24.0,-3.4,111.2,111.2,-0.07,-0.05,-0.16,24.05,59,POSCTL,0,0
2026-08-26T17:02:56,1787738576,13.822679,100.511681,14.5,0.16,-24.0,-3.4,111.2,111.2,-0.07,-0.05,-0.16,24.05,59,POSCTL,0,0
2026-08-26T17:02:57,1787738577,13.822679,100.511681,14.5,0.16,-24.0,-3.4,111.2,111.2,-0.07,-0.05,-0.16,24.05,59,POSCTL,0,0
2026-08-26T17:02:58,1787738578,13.822679,100.511681,14.5,0.16,-5.8,4.2,108.8,108.8,-0.07,-0.05,-0.16,24.05,59,POSCTL,0,0
2026-08-26T17:02:59,1787738579,13.822691,100.511705,16.2,0.78,-5.8,4.2,108.8,108.8,-0.05,0.0,-0.42,24.05,59,POSCTL,0,0
2026-08-26T17:03:00,1787738580,13.822688,100.5117,16.5,1.09,-7.8,14.3,121.3,121.3,0.07,-0.02,-0.42,24.05,59,POSCTL,0,0
2026-08-26T17:03:01,1787738581,13.822688,100.5117,16.5,1.09,-7.8,14.3,121.3,121.3,0.07,-0.02,-0.42,24.05,59,POSCTL,0,0
2026-08-26T17:03:33,1787738613,13.822688,100.5117,16.5,1.09,-1.2,-2.2,171.5,171.5,0.07,-0.02,-0.42,24.05,59,POSCTL,0,0
2026-08-26T17:03:34,1787738614,13.822702,100.51189,16.5,1.09,-1.2,-2.2,171.5,171.5,0.07,-0.02,-0.42,24.05,59,POSCTL,0,0
2026-08-26T17:03:35,1787738615,13.822702,100.51189,16.5,1.09,-1.2,-2.2,171.5,171.5,0.07,-0.02,-0.42,24.05,59,POSCTL,0,0
2026-08-26T17:03:36,1787738616,13.822702,100.51189,16.5,1.09,-1.2,-2.2,171.5,171.5,0.07,-0.02,-0.42,24.05,59,POSCTL,0,0
2026-08-26T17:03:37,1787738617,13.822717,100.511896,16.5,1.09,-1.2,-2.2,171.5,171.5,0.07,-0.02,-0.42,24.05,59,POSCTL,0,0
2026-08-26T17:03:38,1787738618,13.822717,100.511896,16.5,1.09,-1.2,-2.2,171.5,171.5,0.07,-0.02,-0.42,24.05,59,POSCTL,0,0
2026-08-26T17:03:39,1787738619,13.822717,100.511896,16.5,1.09,-1.2,-2.2,171.5,171.5,0.07,-0.02,-0.42,24.05,59,POSCTL,0,0
2026-08-26T17:03:40,1787738620,13.822717,100.511896,16.5,1.09,-1.2,-2.2,171.5,171.5,0.07,-0.02,-0.42,24.05,59,POSCTL,0,0
2026-08-26T17:03:41,1787738621,13.822717,100.511896,16.5,1.09,-1.2,-2.2,171.5,171.5,0.07,-0.02,-0.42,24.05,59,POSCTL,0,0
2026-08-26T17:03:42,1787738622,13.822717,100.511896,16.5,1.09,-1.2,-2.2,171.5,171.5,0.07,-0.02,-0.42,24.05,59,POSCTL,0,0
2026-08-26T17:03:43,1787738623,13.822717,100.511896,16.5,1.09,-1.2,-2.2,171.5,171.5,0.07,-0.02,-0.42,24.05,59,POSCTL,0,0
2026-08-26T17:03:44,1787738624,13.822723,100.511911,16.5,1.09,-1.2,-2.2,171.5,171.5,0.07,-0.02,-0.42,24.05,59,POSCTL,0,0
2026-08-26T17:03:45,1787738625,13.822723,100.511911,16.5,1.09,-1.2,-2.2,171.4,171.4,0.07,-0.02,-0.42,24.05,59,POSCTL,0,0
2026-08-26T17:03:46,1787738626,13.822724,100.511912,16.5,1.09,-1.2,-2.2,171.4,171.4,0.07,-0.02,-0.42,24.05,59,POSCTL,0,0
2026-08-26T17:03:47,1787738627,13.822726,100.511909,16.5,1.09,-1.2,-2.2,171.4,171.4,0.07,-0.02,-0.42,24.05,59,POSCTL,0,0
2026-08-26T17:03:48,1787738628,13.822726,100.511909,16.5,1.09,-1.2,-2.2,171.4,171.4,0.07,-0.02,-0.42,24.05,59,POSCTL,0,0
2026-08-26T17:03:49,1787738629,13.822726,100.511909,16.5,1.09,-1.2,-2.2,171.4,171.4,0.07,-0.02,-0.42,24.05,59,POSCTL,0,0
2026-08-26T17:03:50,1787738630,13.822726,100.511909,16.5,1.09,-1.2,-2.2,171.4,171.4,0.07,-0.02,-0.42,24.05,59,POSCTL,0,0
2026-08-26T17:03:51,1787738631,13.822726,100.511909,16.5,1.09,-1.2,-2.2,171.4,171.4,0.07,-0.02,-0.42,24.05,59,POSCTL,0,0
2026-08-26T17:03:52,1787738632,13.822726,100.511909,16.5,1.09,-1.2,-2.2,171.4,171.4,0.07,-0.02,-0.42,24.05,59,POSCTL,0,0
2026-08-26T17:03:53,1787738633,13.822726,100.511909,16.5,1.09,-1.2,-2.2,171.4,171.4,0.07,-0.02,-0.42,24.05,59,POSCTL,0,0
2026-08-26T17:04:11,1787738651,13.822726,100.511909,16.5,1.09,-1.0,-2.0,171.3,171.3,0.07,-0.02,-0.42,24.05,59,POSCTL,0,0
2026-08-26T17:04:12,1787738652,13.822726,100.511909,16.5,1.09,-1.1,-1.9,171.3,171.3,0.07,-0.02,-0.42,24.05,59,POSCTL,0,0
2026-08-26T17:04:13,1787738653,13.822726,100.511909,16.5,1.09,-1.1,-1.9,171.3,171.3,0.07,-0.02,-0.42,24.05,59,POSCTL,0,0
2026-08-26T17:04:14,1787738654,13.822726,100.511909,16.5,1.09,-1.1,-1.9,171.3,171.3,0.07,-0.02,-0.42,24.05,59,POSCTL,0,0
2026-08-26T17:04:15,1787738655,13.822726,100.511909,16.5,1.09,-1.1,-1.9,171.3,171.3,0.07,-0.02,-0.42,24.05,59,POSCTL,0,0
2026-08-26T17:04:16,1787738656,13.822726,100.511909,16.5,1.09,-1.1,-1.9,171.3,171.3,0.07,-0.02,-0.42,24.05,59,POSCTL,0,0
2026-08-26T17:04:17,1787738657,13.822726,100.511909,16.5,1.09,-1.1,-1.9,171.3,171.3,0.07,-0.02,-0.42,24.05,59,POSCTL,0,0
2026-08-26T17:04:18,1787738658,13.822726,100.511909,16.5,1.09,-1.1,-1.9,171.3,171.3,0.07,-0.02,-0.42,24.05,59,POSCTL,0,0
2026-08-26T17:04:19,1787738659,13.822726,100.511909,16.5,1.09,-1.1,-1.9,171.3,171.3,0.07,-0.02,-0.42,24.05,59,POSCTL,0,0
2026-08-26T17:04:20,1787738660,13.822726,100.511909,16.5,1.09,-1.1,-1.9,171.3,171.3,0.07,-0.02,-0.42,24.05,59,POSCTL,0,0
2026-08-26T17:04:21,1787738661,13.822726,100.511909,16.5,1.09,-1.1,-1.9,171.3,171.3,0.07,-0.02,-0.42,24.05,59,POSCTL,0,0
2026-08-26T17:04:22,1787738662,13.82266,100.511674,16.5,1.09,-1.1,-2.1,171.4,171.4,0.07,-0.02,-0.42,24.05,59,POSCTL,0,0
2026-08-26T17:04:23,1787738663,13.82266,100.511674,16.5,1.09,-1.1,-2.1,171.4,171.4,0.07,-0.02,-0.42,24.04,59,POSCTL,0,0
2026-08-26T17:04:24,1787738664,13.82266,100.511674,16.5,1.09,-1.1,-2.1,171.4,171.4,0.07,-0.02,-0.42,24.04,59,POSCTL,0,0
2026-08-26T17:04:25,1787738665,13.82266,100.511674,16.5,1.09,-1.1,-2.1,171.4,171.4,0.07,-0.02,-0.42,24.04,59,POSCTL,0,0
2026-08-26T17:04:26,1787738666,13.82266,100.511674,16.5,1.09,-1.1,-2.1,171.4,171.4,0.07,-0.02,-0.42,24.04,59,POSCTL,0,0
2026-08-26T17:04:27,1787738667,13.82266,100.511674,16.5,1.09,-1.1,-2.1,171.4,171.4,0.07,-0.02,-0.42,24.04,59,POSCTL,0,0
2026-08-26T17:04:28,1787738668,13.82266,100.511674,16.5,1.09,-1.1,-2.1,171.1,171.1,0.07,-0.02,-0.42,24.04,59,POSCTL,0,0
2026-08-26T17:04:29,1787738669,13.82266,100.511672,16.5,1.09,-1.1,-2.1,171.1,171.1,0.07,-0.02,-0.42,24.04,59,POSCTL,0,0
2026-08-26T17:04:30,1787738670,13.82266,100.511672,16.5,1.09,-1.0,-2.0,171.1,171.1,0.07,-0.02,-0.42,24.04,59,POSCTL,0,0
2026-08-26T17:04:31,1787738671,13.82266,100.511673,16.5,1.09,-1.0,-2.0,171.1,171.1,0.07,-0.02,-0.42,24.04,59,POSCTL,0,0
2026-08-26T17:04:32,1787738672,13.82266,100.511674,16.5,1.09,-1.0,-2.0,171.1,171.1,0.07,-0.02,-0.42,24.04,59,POSCTL,0,0
2026-08-26T17:04:33,1787738673,13.82266,100.511674,16.5,1.09,-1.0,-2.0,171.1,171.1,0.07,-0.02,-0.42,24.04,59,POSCTL,0,0
2026-08-26T17:04:34,1787738674,13.82266,100.511674,16.5,1.09,-1.0,-2.0,171.1,171.1,0.07,-0.02,-0.42,24.04,59,POSCTL,0,0
2026-08-26T17:04:35,1787738675,13.82266,100.511674,16.5,1.09,-1.0,-2.0,171.1,171.1,0.07,-0.02,-0.42,24.04,59,POSCTL,0,0
2026-08-26T17:04:36,1787738676,13.82266,100.511674,16.5,1.09,-1.0,-2.0,171.1,171.1,0.07,-0.02,-0.42,24.04,59,POSCTL,0,0
2026-08-26T17:04:37,1787738677,13.822662,100.511674,16.5,1.09,-1.0,-2.0,171.1,171.1,0.07,-0.02,-0.42,24.04,59,POSCTL,0,0
2026-08-26T17:04:38,1787738678,13.822662,100.511674,13.5,3.79,-1.0,-2.0,171.1,171.1,0.0,0.0,0.0,24.04,59,POSCTL,0,0
2026-08-26T17:04:39,1787738679,13.822662,100.511674,13.5,3.79,-1.0,-2.0,171.1,171.1,0.0,0.0,0.0,24.04,59,POSCTL,0,0
2026-08-26T17:04:40,1787738680,13.822662,100.511673,13.5,0.0,-1.0,-2.0,170.7,170.7,0.0,-0.03,0.0,24.04,59,POSCTL,0,0
2026-08-26T17:04:41,1787738681,13.822662,100.511673,13.5,0.0,-1.0,-2.0,170.6,170.6,0.0,-0.03,0.0,24.04,59,POSCTL,0,0
2026-08-26T17:04:42,1787738682,13.822663,100.511673,13.6,0.02,-1.0,-2.0,170.6,170.6,-0.01,0.0,0.0,24.04,59,POSCTL,0,0
2026-08-26T17:04:43,1787738683,13.822663,100.511673,13.6,0.02,-1.1,-2.1,170.6,170.6,-0.01,0.0,0.0,24.04,59,POSCTL,0,0
2026-08-26T17:04:44,1787738684,13.822663,100.511673,13.6,0.02,-1.1,-2.1,170.6,170.6,-0.01,0.0,0.0,24.04,59,POSCTL,0,0
2026-08-26T17:04:45,1787738685,13.822663,100.511673,13.6,0.02,-1.1,-2.1,170.6,170.6,-0.01,0.0,0.0,24.04,59,POSCTL,0,0
2026-08-26T17:04:46,1787738686,13.822665,100.511674,13.6,0.05,-1.1,-2.1,170.6,170.6,0.01,-0.01,0.0,24.04,59,POSCTL,0,0
2026-08-26T17:04:47,1787738687,13.822665,100.511674,13.6,0.05,-1.0,-2.1,170.7,170.7,0.01,-0.01,0.0,24.04,59,POSCTL,0,0
2026-08-26T17:04:48,1787738688,13.822666,100.511674,13.6,0.04,-1.0,-2.1,170.7,170.7,0.02,0.0,0.0,24.04,59,POSCTL,0,0
2026-08-26T17:04:49,1787738689,13.822666,100.511674,13.6,0.04,-1.0,-2.1,170.6,170.6,0.02,0.0,0.0,24.04,59,POSCTL,0,0
2026-08-26T17:04:50,1787738690,13.822667,100.511672,13.6,0.06,-1.0,-2.1,170.6,170.6,0.0,-0.01,0.0,24.04,59,POSCTL,0,0
2026-08-26T17:04:51,1787738691,13.822667,100.511672,13.6,0.06,-1.0,-2.2,170.6,170.6,0.0,-0.01,0.0,24.04,59,POSCTL,0,0
2026-08-26T17:04:52,1787738692,13.822666,100.511672,13.6,0.06,-1.0,-2.2,170.6,170.6,0.0,-0.02,0.0,24.04,59,POSCTL,0,0
2026-08-26T17:04:53,1787738693,13.822666,100.511672,13.6,0.06,-1.0,-2.2,170.6,170.6,0.0,-0.02,0.0,24.04,59,POSCTL,0,0
2026-08-26T17:04:54,1787738694,13.822666,100.511672,13.6,0.06,-1.0,-2.2,170.6,170.6,0.0,-0.02,0.0,24.04,59,POSCTL,0,0
2026-08-26T17:04:57,1787738697,13.822666,100.511672,13.6,0.06,-1.2,-2.6,170.7,170.7,0.0,-0.02,0.0,24.04,59,POSCTL,0,0
2026-08-26T17:04:58,1787738698,13.822666,100.511672,13.6,0.06,-1.2,-2.6,170.7,170.7,0.0,-0.02,0.0,24.04,59,POSCTL,0,0
2026-08-26T17:04:59,1787738699,13.822669,100.51167,13.6,0.06,-1.3,-2.5,170.3,170.3,0.0,0.0,0.0,24.04,59,POSCTL,0,0
2026-08-26T17:05:00,1787738700,13.822669,100.511668,13.6,0.06,-1.3,-2.5,170.3,170.3,0.0,0.0,0.0,24.04,59,POSCTL,0,0
2026-08-26T17:05:01,1787738701,13.822669,100.511668,13.6,0.06,-5.1,-6.4,165.4,165.4,0.0,0.0,0.0,24.04,59,POSCTL,0,0
2026-08-26T17:05:02,1787738702,13.822668,100.511667,14.2,0.04,-5.1,-6.4,165.4,165.4,-0.12,-0.08,-0.13,24.04,59,POSCTL,0,0
2026-08-26T17:05:03,1787738703,13.822666,100.511667,14.2,0.04,-4.8,-0.6,144.4,144.4,-0.12,-0.08,-0.13,24.04,59,POSCTL,0,0
2026-08-26T17:05:04,1787738704,13.822668,100.511668,14.2,0.04,-4.8,-0.6,144.4,144.4,-0.04,0.05,0.0,24.04,59,POSCTL,0,0
2026-08-26T17:05:05,1787738705,13.822668,100.511668,14.2,0.04,-4.8,-0.6,144.4,144.4,-0.04,0.05,0.0,24.04,59,POSCTL,0,0
2026-08-26T17:05:06,1787738706,13.822668,100.511668,14.2,0.04,-4.8,-0.6,144.4,144.4,-0.04,0.05,0.0,24.04,59,POSCTL,0,0
2026-08-26T17:05:07,1787738707,13.822668,100.511668,14.2,0.04,-5.6,-10.9,155.5,155.5,-0.04,0.05,0.0,24.04,59,POSCTL,0,0
2026-08-26T17:05:08,1787738708,13.822671,100.511674,14.5,0.37,-5.6,-10.9,155.5,155.5,-0.03,0.03,-0.05,24.04,59,POSCTL,0,0
2026-08-26T17:05:09,1787738709,13.822669,100.511671,14.5,0.33,-3.7,-10.6,157.1,157.1,0.03,-0.07,0.08,24.04,59,POSCTL,0,0
2026-08-26T17:05:10,1787738710,13.822669,100.511672,14.5,0.33,-3.7,-10.6,157.1,157.1,0.03,-0.07,0.08,24.04,59,POSCTL,0,0
2026-08-26T17:05:11,1787738711,13.822669,100.511672,14.5,0.33,-7.8,-12.4,152.3,152.3,0.03,-0.07,0.08,24.04,59,POSCTL,0,0
2026-08-26T17:05:12,1787738712,13.82267,100.511673,14.5,0.33,-7.8,-12.4,152.3,152.3,0.03,-0.07,0.08,24.04,59,POSCTL,0,0
2026-08-26T17:05:13,1787738713,13.82267,100.511673,14.5,0.33,-7.8,-12.4,152.3,152.3,0.03,-0.07,0.08,24.04,59,POSCTL,0,0
2026-08-26T17:05:14,1787738714,13.82267,100.511673,14.5,0.33,-7.8,-12.4,152.3,152.3,0.03,-0.07,0.08,24.04,59,POSCTL,0,0
2026-08-26T17:05:15,1787738715,13.82267,100.511673,14.5,0.33,-7.8,-12.4,152.3,152.3,0.03,-0.07,0.08,24.04,59,POSCTL,0,0
2026-08-26T17:05:16,1787738716,13.822673,100.511678,14.3,0.23,-7.8,-12.4,152.3,152.3,-0.01,0.0,-0.08,24.04,59,POSCTL,0,0
2026-08-26T17:05:17,1787738717,13.822673,100.511678,14.3,0.23,-7.8,-12.4,152.3,152.3,-0.01,0.0,-0.08,24.04,59,POSCTL,0,0
2026-08-26T17:05:18,1787738718,13.822673,100.511678,14.3,0.23,-7.8,-12.4,152.3,152.3,-0.01,0.0,-0.08,24.04,59,POSCTL,0,0
2026-08-26T17:05:19,1787738719,13.822677,100.511677,13.8,0.1,-1.3,-2.2,147.2,147.2,0.04,0.0,0.0,24.04,59,POSCTL,0,0
2026-08-26T17:05:20,1787738720,13.822677,100.511677,13.8,0.1,-1.3,-2.2,147.2,147.2,0.04,0.0,0.0,24.04,59,POSCTL,0,0
2026-08-26T17:05:21,1787738721,13.822677,100.511676,13.9,0.12,-1.3,-2.2,147.4,147.4,0.04,-0.02,0.0,24.04,59,POSCTL,0,0
2026-08-26T17:05:22,1787738722,13.822677,100.511676,13.9,0.12,-1.3,-2.2,147.4,147.4,0.04,-0.02,0.0,24.04,59,POSCTL,0,0
2026-08-26T17:05:23,1787738723,13.822677,100.511676,13.9,0.12,-1.3,-2.2,147.4,147.4,0.04,-0.02,0.0,24.04,59,POSCTL,0,0
2026-08-26T17:05:24,1787738724,13.822677,100.511676,13.9,0.12,-1.3,-2.2,147.4,147.4,0.04,-0.02,0.0,24.04,59,POSCTL,0,0
2026-08-26T17:05:25,1787738725,13.822677,100.511676,13.9,0.12,-1.3,-2.2,147.4,147.4,0.04,-0.02,0.0,24.04,59,POSCTL,0,0
2026-08-26T17:05:26,1787738726,13.822677,100.511676,13.9,0.12,-1.3,-2.2,147.4,147.4,0.04,-0.02,0.0,24.04,59,POSCTL,0,0
2026-08-26T17:05:27,1787738727,13.822677,100.511668,13.9,0.12,-1.4,-2.2,149.1,149.1,0.01,-0.04,0.0,24.04,59,POSCTL,0,0
2026-08-26T17:05:28,1787738728,13.822677,100.511668,13.9,0.12,-1.4,-2.2,149.1,149.1,0.01,-0.04,0.0,24.04,59,POSCTL,0,0
2026-08-26T17:05:29,1787738729,13.822677,100.511668,13.9,0.12,-1.4,-2.2,149.3,149.3,0.01,-0.04,0.0,24.04,59,POSCTL,0,0
2026-08-26T17:05:30,1787738730,13.822677,100.511667,13.9,0.11,-1.4,-2.2,149.5,149.5,0.01,-0.04,0.0,24.04,59,POSCTL,0,0
2026-08-26T17:05:31,1787738731,13.822677,100.511667,13.9,0.11,-1.5,-2.2,150.2,150.2,0.01,-0.04,0.0,24.04,59,POSCTL,0,0
2026-08-26T17:05:32,1787738732,13.822676,100.511667,13.8,-0.0,-1.5,-2.2,150.2,150.2,0.0,-0.01,0.0,24.04,59,POSCTL,0,0
2026-08-26T17:05:33,1787738733,13.822676,100.511667,13.8,-0.0,-1.5,-2.2,150.2,150.2,0.0,-0.01,0.0,24.04,59,POSCTL,0,0
2026-08-26T17:05:34,1787738734,13.822676,100.511667,13.8,-0.0,-1.5,-2.2,150.2,150.2,0.0,-0.01,0.0,24.04,59,POSCTL,0,0
2026-08-26T17:05:35,1787738735,13.822676,100.511667,13.8,-0.0,-1.5,-2.2,151.0,151.0,0.0,-0.01,0.0,24.04,59,POSCTL,0,0
2026-08-26T17:05:36,1787738736,13.822676,100.51166,13.8,-0.01,-1.5,-2.2,151.0,151.0,0.01,-0.04,0.0,24.04,59,POSCTL,0,0
2026-08-26T17:05:37,1787738737,13.822676,100.511662,13.8,-0.01,-1.5,-2.3,151.1,151.1,0.01,-0.01,0.0,24.04,59,POSCTL,0,0
2026-08-26T17:05:38,1787738738,13.822677,100.511661,13.8,-0.01,-1.5,-2.3,151.1,151.1,0.01,-0.01,0.0,24.04,59,POSCTL,0,0
2026-08-26T17:05:39,1787738739,13.822677,100.511661,13.8,-0.01,-1.6,-2.3,151.6,151.6,0.01,-0.01,0.0,24.04,59,POSCTL,0,0
2026-08-26T17:05:40,1787738740,13.822679,100.511664,13.9,0.02,-1.6,-2.3,151.6,151.6,0.03,0.04,0.0,24.04,59,POSCTL,0,0
2026-08-26T17:05:41,1787738741,13.822679,100.511664,13.9,0.02,-1.5,-2.3,151.8,151.8,0.03,0.04,0.0,24.04,59,POSCTL,0,0
2026-08-26T17:05:42,1787738742,13.822679,100.511664,13.9,0.02,-1.5,-2.3,151.8,151.8,0.03,0.04,0.0,24.04,59,POSCTL,0,0
2026-08-26T17:05:43,1787738743,13.822679,100.511664,13.9,0.02,-1.5,-2.3,151.8,151.8,0.03,0.04,0.0,24.04,59,POSCTL,0,0
2026-08-26T17:05:44,1787738744,13.822679,100.511664,13.9,0.02,-1.5,-2.3,151.8,151.8,0.03,0.04,0.0,24.04,59,POSCTL,0,0
2026-08-26T17:05:45,1787738745,13.822679,100.511664,13.9,0.02,-1.4,-2.3,152.3,152.3,0.03,0.04,0.0,24.04,59,POSCTL,0,0
2026-08-26T17:05:46,1787738746,13.82268,100.511659,13.9,0.02,-1.4,-2.3,152.4,152.4,0.03,0.04,0.0,24.04,59,POSCTL,0,0
2026-08-26T17:05:47,1787738747,13.82268,100.511659,13.9,0.0,-1.4,-2.2,152.6,152.6,0.02,-0.05,0.0,24.04,59,POSCTL,0,0
2026-08-26T17:05:48,1787738748,13.82268,100.511656,13.9,0.0,-1.4,-2.2,152.6,152.6,0.02,-0.05,0.0,24.04,59,POSCTL,0,0
2026-08-26T17:05:49,1787738749,13.82268,100.511658,13.9,-0.0,-1.4,-2.2,152.7,152.7,0.01,-0.05,0.0,24.04,59,POSCTL,0,0
2026-08-26T17:05:50,1787738750,13.82268,100.511655,13.9,-0.0,-1.4,-2.2,152.7,152.7,0.01,-0.05,0.0,24.04,59,POSCTL,0,0
2026-08-26T17:05:51,1787738751,13.82268,100.511655,13.9,-0.0,-1.5,-2.2,153.0,153.0,0.01,-0.05,0.0,24.04,59,POSCTL,0,0
2026-08-26T17:05:52,1787738752,13.82268,100.511655,13.9,-0.0,-1.5,-2.2,153.0,153.0,0.01,-0.05,0.0,24.04,59,POSCTL,0,0
2026-08-26T17:05:53,1787738753,13.82268,100.511655,13.9,-0.0,-1.5,-2.2,153.0,153.0,0.01,-0.05,0.0,24.04,59,POSCTL,0,0
2026-08-26T17:05:54,1787738754,13.822681,100.511652,13.9,-0.02,-1.5,-2.2,153.0,153.0,0.01,-0.01,0.0,24.04,59,POSCTL,0,0
2026-08-26T17:05:55,1787738755,13.822681,100.511652,13.9,-0.02,-1.5,-2.3,153.3,153.3,0.01,-0.01,0.0,24.04,59,POSCTL,0,0
2026-08-26T17:05:56,1787738756,13.822681,100.51165,13.9,-0.04,-1.5,-2.3,153.3,153.3,0.01,-0.03,0.0,24.04,59,POSCTL,0,0
2026-08-26T17:05:57,1787738757,13.822681,100.51165,13.9,-0.04,-1.5,-2.3,153.4,153.4,0.01,-0.03,0.0,24.04,59,POSCTL,0,0
2026-08-26T17:05:58,1787738758,13.822681,100.511649,13.9,-0.04,-1.5,-2.3,153.4,153.4,0.0,-0.03,0.0,24.04,59,POSCTL,0,0
2026-08-26T17:05:59,1787738759,13.822681,100.511649,13.9,-0.04,-1.5,-2.3,153.5,153.5,0.0,-0.03,0.0,24.04,59,POSCTL,0,0
2026-08-26T17:06:00,1787738760,13.822681,100.51165,13.9,-0.01,-1.5,-2.3,153.5,153.5,0.01,0.0,0.0,24.04,59,POSCTL,0,0
2026-08-26T17:06:01,1787738761,13.822681,100.51165,13.9,-0.01,-1.5,-2.3,153.5,153.5,0.01,0.0,0.0,24.04,59,POSCTL,0,0
2026-08-26T17:06:03,1787738763,13.822681,100.51165,13.9,-0.01,-1.5,-2.3,153.5,153.5,0.01,0.0,0.0,24.04,59,POSCTL,0,0
2026-08-26T17:06:04,1787738764,13.822681,100.511653,13.9,-0.01,-1.5,-2.2,153.8,153.8,0.0,0.03,0.0,24.04,59,POSCTL,0,0
2026-08-26T17:06:05,1787738765,13.822681,100.511653,13.9,-0.01,-1.5,-2.2,153.8,153.8,0.0,0.03,0.0,24.04,59,POSCTL,0,0
2026-08-26T17:06:06,1787738766,13.822681,100.511654,13.9,-0.01,-1.5,-2.2,153.8,153.8,0.0,0.01,0.0,24.04,59,POSCTL,0,0
2026-08-26T17:06:07,1787738767,13.822681,100.511654,13.9,-0.01,-1.5,-2.2,153.8,153.8,0.0,0.01,0.0,24.04,59,POSCTL,0,0
2026-08-26T17:06:08,1787738768,13.822681,100.511654,13.9,-0.01,-1.4,-2.2,154.0,154.0,0.0,0.02,0.0,24.04,59,POSCTL,0,0
2026-08-26T17:06:09,1787738769,13.822681,100.511654,13.9,-0.01,-1.4,-2.2,154.0,154.0,0.0,0.02,0.0,24.04,59,POSCTL,0,0
2026-08-26T17:06:10,1787738770,13.822681,100.511654,13.9,-0.01,-1.4,-2.2,154.0,154.0,0.0,0.02,0.0,24.04,59,POSCTL,0,0
2026-08-26T17:06:11,1787738771,13.822681,100.511654,13.9,-0.01,-1.4,-2.2,154.0,154.0,0.0,0.02,0.0,24.04,59,POSCTL,0,0
2026-08-26T17:06:12,1787738772,13.822681,100.511654,13.9,-0.01,-1.4,-2.2,154.1,154.1,0.0,0.02,0.0,24.04,59,POSCTL,0,0
2026-08-26T17:06:13,1787738773,13.822681,100.511654,13.9,-0.01,-1.4,-2.2,154.1,154.1,0.0,0.02,0.0,24.04,59,POSCTL,0,0
2026-08-26T17:06:14,1787738774,13.822681,100.511654,13.9,-0.01,-1.4,-2.2,154.1,154.1,0.0,0.02,0.0,24.04,59,POSCTL,0,0
2026-08-26T17:06:15,1787738775,13.822677,100.511654,13.8,-0.02,-1.4,-2.2,154.2,154.2,0.0,-0.03,0.0,24.03,59,POSCTL,0,0
2026-08-26T17:06:16,1787738776,13.822677,100.511654,13.8,-0.02,-1.4,-2.2,154.2,154.2,0.0,-0.03,0.0,24.03,59,POSCTL,0,0
2026-08-26T17:06:17,1787738777,13.822677,100.511654,13.8,-0.02,-1.5,-2.2,154.3,154.3,0.0,-0.03,0.0,24.03,59,POSCTL,0,0
2026-08-26T17:06:18,1787738778,13.822677,100.511654,13.8,-0.02,-1.5,-2.2,154.3,154.3,0.0,-0.03,0.0,24.03,59,POSCTL,0,0
2026-08-26T17:06:19,1787738779,13.822677,100.511654,13.8,-0.02,-1.5,-2.2,154.3,154.3,0.0,-0.03,0.0,24.03,59,POSCTL,0,0
2026-08-26T17:06:20,1787738780,13.822677,100.511654,13.8,-0.02,-1.5,-2.2,154.3,154.3,0.0,-0.03,0.0,24.03,59,POSCTL,0,0
2026-08-26T17:06:21,1787738781,13.822677,100.511654,13.8,-0.02,-1.5,-2.2,154.5,154.5,0.0,-0.03,0.0,24.03,59,POSCTL,0,0
2026-08-26T17:06:22,1787738782,13.82267,100.511648,13.8,-0.04,-1.5,-2.2,154.5,154.5,0.0,-0.01,0.0,24.03,59,POSCTL,0,0
2026-08-26T17:06:23,1787738783,13.82267,100.511648,13.8,-0.04,-1.5,-2.2,154.6,154.6,0.0,-0.01,0.0,24.03,59,POSCTL,0,0
2026-08-26T17:06:24,1787738784,13.822672,100.511651,13.8,0.0,-1.5,-2.2,154.6,154.6,0.0,0.0,0.0,24.03,59,POSCTL,0,0
2026-08-26T17:06:25,1787738785,13.822672,100.511651,13.8,0.0,-1.5,-2.2,154.6,154.6,0.0,0.0,0.0,24.03,59,POSCTL,0,0
2026-08-26T17:06:26,1787738786,13.822673,100.511653,13.8,0.01,-1.5,-2.2,154.6,154.6,0.01,0.02,0.0,24.03,59,POSCTL,0,0
2026-08-26T17:06:27,1787738787,13.822673,100.511653,13.8,0.01,-1.5,-2.2,154.7,154.7,0.01,0.02,0.0,24.03,59,POSCTL,0,0
2026-08-26T17:06:28,1787738788,13.822673,100.511653,13.8,0.01,-1.5,-2.2,154.7,154.7,0.01,0.02,0.0,24.03,59,POSCTL,0,0
2026-08-26T17:06:29,1787738789,13.822673,100.511653,13.8,0.01,-1.5,-2.2,154.7,154.7,0.01,0.02,0.0,24.03,59,POSCTL,0,0
2026-08-26T17:06:30,1787738790,13.822679,100.51166,13.9,0.05,-1.5,-2.2,154.7,154.7,0.04,0.06,0.0,24.03,59,POSCTL,0,0
2026-08-26T17:06:31,1787738791,13.822679,100.51166,13.9,0.05,-1.4,-2.2,154.8,154.8,0.04,0.06,0.0,24.03,59,POSCTL,0,0
2026-08-26T17:06:32,1787738792,13.822681,100.511662,13.9,0.01,-1.4,-2.2,154.8,154.8,0.03,0.01,0.0,24.03,59,POSCTL,0,0
2026-08-26T17:06:33,1787738793,13.822681,100.511662,13.9,0.01,-1.3,-2.2,154.8,154.8,0.03,0.01,0.0,24.03,59,POSCTL,0,0
2026-08-26T17:06:34,1787738794,13.82268,100.511661,13.9,0.01,-1.3,-2.2,154.8,154.8,0.03,0.01,0.0,24.03,59,POSCTL,0,0
2026-08-26T17:06:35,1787738795,13.82268,100.511661,13.9,0.01,-1.3,-2.3,154.9,154.9,0.03,0.01,0.0,24.03,59,POSCTL,0,0
2026-08-26T17:06:36,1787738796,13.82268,100.511661,13.9,0.03,-1.3,-2.3,154.9,154.9,-0.01,-0.01,0.0,24.03,59,POSCTL,0,0
2026-08-26T17:06:37,1787738797,13.82268,100.511661,13.9,0.03,-1.3,-2.3,154.9,154.9,-0.01,-0.01,0.0,24.03,59,POSCTL,0,0
2026-08-26T17:06:38,1787738798,13.82268,100.511661,13.9,0.03,-1.3,-2.3,154.9,154.9,-0.01,-0.01,0.0,24.03,59,POSCTL,0,0
2026-08-26T17:06:39,1787738799,13.82268,100.511661,13.9,0.03,-1.3,-2.3,154.9,154.9,-0.01,-0.01,0.0,24.03,59,POSCTL,0,0
2026-08-26T17:06:40,1787738800,13.82268,100.511662,13.9,0.04,-1.4,-2.3,154.9,154.9,0.0,0.0,0.0,24.03,59,POSCTL,0,0
2026-08-26T17:06:41,1787738801,13.82268,100.511662,13.9,0.04,-1.4,-2.3,154.9,154.9,0.0,0.0,0.0,24.03,59,POSCTL,0,0
2026-08-26T17:06:42,1787738802,13.82268,100.511662,13.9,0.04,-1.4,-2.3,154.9,154.9,0.0,-0.02,0.0,24.03,59,POSCTL,0,0
2026-08-26T17:06:43,1787738803,13.82268,100.511662,13.9,0.04,-1.4,-2.3,155.0,155.0,0.0,-0.02,0.0,24.03,59,POSCTL,0,0
2026-08-26T17:06:44,1787738804,13.822679,100.511664,13.9,0.05,-1.4,-2.3,155.0,155.0,-0.02,0.0,0.0,24.03,59,POSCTL,0,0
2026-08-26T17:06:45,1787738805,13.822679,100.511664,13.9,0.05,-1.4,-2.3,155.0,155.0,-0.02,0.0,0.0,24.03,59,POSCTL,0,0
2026-08-26T17:06:46,1787738806,13.822679,100.511664,13.9,0.05,-1.4,-2.3,155.0,155.0,-0.02,0.0,0.0,24.03,59,POSCTL,0,0
2026-08-26T17:06:47,1787738807,13.822679,100.511665,13.9,0.07,-1.5,-2.3,155.1,155.1,0.0,0.02,0.0,24.03,59,POSCTL,0,0
2026-08-26T17:06:48,1787738808,13.822679,100.511665,13.9,0.07,-1.5,-2.3,155.1,155.1,0.0,0.02,0.0,24.03,59,POSCTL,0,0
2026-08-26T17:06:49,1787738809,13.822679,100.511664,13.9,0.08,-1.5,-2.3,155.1,155.1,0.0,0.0,0.0,24.03,59,POSCTL,0,0
2026-08-26T17:06:50,1787738810,13.822679,100.511665,13.9,0.08,-1.4,-2.3,155.1,155.1,0.0,0.0,0.0,24.03,59,POSCTL,0,0
2026-08-26T17:06:51,1787738811,13.822679,100.511665,13.9,0.08,-1.5,-2.3,155.1,155.1,0.0,0.0,0.0,24.03,59,POSCTL,0,0
2026-08-26T17:06:52,1787738812,13.822677,100.511664,14.0,0.09,-1.5,-2.3,155.1,155.1,0.0,0.0,0.0,24.03,59,POSCTL,0,0
2026-08-26T17:06:53,1787738813,13.822677,100.511664,14.0,0.09,-1.5,-2.3,155.1,155.1,0.0,0.0,0.0,24.03,59,POSCTL,0,0
2026-08-26T17:06:54,1787738814,13.822677,100.511664,14.0,0.09,-1.5,-2.3,155.1,155.1,0.0,0.0,0.0,24.03,59,POSCTL,0,0
2026-08-26T17:06:55,1787738815,13.822677,100.511664,14.0,0.09,-1.5,-2.3,155.1,155.1,0.0,0.0,0.0,24.03,59,POSCTL,0,0
2026-08-26T17:06:56,1787738816,13.822675,100.511666,13.9,0.08,-1.5,-2.2,155.2,155.2,-0.01,-0.01,0.0,24.03,59,POSCTL,0,0
2026-08-26T17:06:57,1787738817,13.822675,100.511666,13.9,0.08,-1.6,-2.2,155.3,155.3,-0.01,-0.01,0.0,24.03,59,POSCTL,0,0
2026-08-26T17:06:58,1787738818,13.822674,100.511666,13.9,0.07,-1.6,-2.2,155.3,155.3,-0.02,0.0,0.0,24.03,59,POSCTL,0,0
2026-08-26T17:06:59,1787738819,13.822674,100.511666,13.9,0.07,-1.5,-2.3,155.2,155.2,-0.02,0.0,0.0,24.03,59,POSCTL,0,0
2026-08-26T17:07:00,1787738820,13.822673,100.511665,13.9,0.07,-1.5,-2.3,155.2,155.2,-0.02,0.0,0.0,24.03,59,POSCTL,0,0
2026-08-26T17:07:01,1787738821,13.822673,100.511665,13.9,0.07,-1.5,-2.3,155.2,155.2,-0.02,0.0,0.0,24.03,59,POSCTL,0,0
2026-08-26T17:07:04,1787738824,13.822672,100.511664,13.9,0.07,-1.6,-2.2,155.2,155.2,0.0,-0.01,0.0,24.03,59,POSCTL,0,0
2026-08-26T17:07:05,1787738825,13.822672,100.511664,13.9,0.07,-1.6,-2.2,155.2,155.2,0.0,-0.01,0.0,24.03,59,POSCTL,0,0
2026-08-26T17:07:06,1787738826,13.822671,100.511664,13.9,0.06,-1.5,-2.2,155.2,155.2,0.0,0.0,0.0,24.03,59,POSCTL,0,0
2026-08-26T17:07:07,1787738827,13.822671,100.511664,13.9,0.06,-1.5,-2.2,155.2,155.2,0.0,0.0,0.0,24.03,59,POSCTL,0,0
2026-08-26T17:07:08,1787738828,13.822671,100.511664,13.9,0.06,-1.5,-2.3,155.2,155.2,0.0,0.0,0.0,24.03,59,POSCTL,0,0
2026-08-26T17:07:09,1787738829,13.822667,100.511666,13.9,-0.0,-1.5,-2.3,155.2,155.2,-0.06,0.05,0.0,24.03,59,POSCTL,0,0
2026-08-26T17:07:10,1787738830,13.822667,100.511666,13.9,-0.0,-1.5,-2.3,155.2,155.2,-0.06,0.05,0.0,24.03,59,POSCTL,0,0
2026-08-26T17:07:11,1787738831,13.822667,100.511666,13.9,-0.0,-1.5,-2.3,155.2,155.2,-0.06,0.05,0.0,24.03,59,POSCTL,0,0
2026-08-26T17:07:12,1787738832,13.822667,100.511666,13.9,-0.0,-1.5,-2.3,155.2,155.2,-0.06,0.05,0.0,24.03,59,POSCTL,0,0
2026-08-26T17:07:13,1787738833,13.822667,100.511666,13.9,-0.0,-1.5,-2.3,155.2,155.2,-0.06,0.05,0.0,24.03,59,POSCTL,0,0
2026-08-26T17:07:14,1787738834,13.822667,100.511666,13.9,-0.0,-1.5,-2.3,155.2,155.2,-0.06,0.05,0.0,24.03,59,POSCTL,0,0
2026-08-26T17:07:15,1787738835,13.822667,100.511669,13.9,0.01,-1.5,-2.2,155.0,155.0,0.0,0.04,-0.01,24.03,59,POSCTL,0,0
2026-08-26T17:07:16,1787738836,13.822667,100.511669,13.9,0.01,-1.5,-2.2,155.0,155.0,0.0,0.04,-0.01,24.03,59,POSCTL,0,0
2026-08-26T17:07:17,1787738837,13.822667,100.511669,13.9,0.01,-1.5,-2.2,155.0,155.0,0.0,0.04,-0.01,24.03,59,POSCTL,0,0
2026-08-26T17:07:18,1787738838,13.822668,100.51167,13.9,-0.01,-1.4,-2.2,155.0,155.0,0.01,-0.01,0.0,24.03,59,POSCTL,0,0
2026-08-26T17:07:19,1787738839,13.822668,100.51167,13.9,-0.01,-1.4,-2.2,155.0,155.0,0.01,-0.01,0.0,24.03,59,POSCTL,0,0
2026-08-26T17:07:20,1787738840,13.822668,100.51167,13.9,-0.01,-1.4,-2.2,155.0,155.0,0.01,-0.01,0.0,24.03,59,POSCTL,0,0
2026-08-26T17:07:21,1787738841,13.822668,100.51167,13.9,-0.01,-1.4,-2.2,155.0,155.0,0.01,-0.01,0.0,24.03,59,POSCTL,0,0
2026-08-26T17:07:22,1787738842,13.822668,100.51167,13.9,-0.01,-1.4,-2.2,155.0,155.0,0.01,-0.01,0.0,24.03,59,POSCTL,0,0
2026-08-26T17:07:23,1787738843,13.822668,100.51167,13.9,-0.01,-1.4,-2.2,155.0,155.0,0.01,-0.01,0.0,24.03,59,POSCTL,0,0
2026-08-26T17:07:24,1787738844,13.822668,100.51167,13.9,-0.01,-1.4,-2.2,155.0,155.0,0.01,-0.01,0.0,24.03,59,POSCTL,0,0
2026-08-26T17:07:25,1787738845,13.822668,100.51167,13.9,-0.01,-1.4,-2.2,155.0,155.0,0.01,-0.01,0.0,24.03,59,POSCTL,0,0
2026-08-26T17:07:26,1787738846,13.822671,100.511677,13.9,-0.01,-1.8,-2.1,155.1,155.1,0.01,-0.01,0.0,24.03,59,POSCTL,0,0
2026-08-26T17:07:27,1787738847,13.82267,100.511675,13.9,0.01,-1.8,-2.1,155.1,155.1,0.01,0.05,-0.01,24.03,59,POSCTL,0,0
2026-08-26T17:07:28,1787738848,13.822671,100.511679,13.9,0.01,-1.4,-2.4,155.1,155.1,0.01,0.05,-0.01,24.03,59,POSCTL,0,0
2026-08-26T17:07:29,1787738849,13.82267,100.511677,14.0,0.04,-1.4,-2.4,155.1,155.1,0.02,0.04,-0.02,24.03,59,POSCTL,0,0
2026-08-26T17:07:30,1787738850,13.822671,100.51168,14.0,0.07,-1.4,-2.4,155.1,155.1,0.01,0.02,-0.02,24.03,59,POSCTL,0,0
2026-08-26T17:07:31,1787738851,13.822671,100.51168,14.0,0.07,-1.4,-2.4,155.1,155.1,0.01,0.02,-0.02,24.03,59,POSCTL,0,0
2026-08-26T17:07:32,1787738852,13.822671,100.51168,14.0,0.07,-1.4,-2.4,155.1,155.1,0.01,0.02,-0.02,24.03,59,POSCTL,0,0
2026-08-26T17:07:33,1787738853,13.822671,100.51168,14.0,0.07,-1.4,-2.4,155.1,155.1,0.01,0.02,-0.02,24.03,59,POSCTL,0,0
2026-08-26T17:07:34,1787738854,13.822671,100.51168,14.0,0.07,-1.4,-2.4,155.1,155.1,0.01,0.02,-0.02,24.03,59,POSCTL,0,0
2026-08-26T17:07:35,1787738855,13.822671,100.51168,14.0,0.07,-1.4,-2.4,155.1,155.1,0.01,0.02,-0.02,24.03,59,POSCTL,0,0
2026-08-26T17:07:36,1787738856,13.822672,100.511682,14.0,0.07,-1.4,-2.4,155.1,155.1,0.01,0.02,-0.02,24.03,59,POSCTL,0,0
2026-08-26T17:07:37,1787738857,13.822672,100.511682,14.0,0.07,-1.4,-2.3,155.2,155.2,0.01,0.02,-0.02,24.03,59,POSCTL,0,0
2026-08-26T17:07:38,1787738858,13.822673,100.511684,13.9,0.01,-1.4,-2.3,155.2,155.2,0.03,0.0,0.0,24.03,59,POSCTL,0,0
2026-08-26T17:07:39,1787738859,13.822672,100.511683,13.9,0.01,-1.5,-2.3,155.2,155.2,0.02,0.04,0.0,24.03,59,POSCTL,0,0
2026-08-26T17:07:40,1787738860,13.822672,100.511683,13.9,0.01,-1.4,-2.3,155.2,155.2,0.02,0.04,0.0,24.03,59,POSCTL,0,0
2026-08-26T17:07:41,1787738861,13.822673,100.511683,13.9,-0.0,-1.4,-2.3,155.2,155.2,0.01,0.0,0.0,24.03,59,POSCTL,0,0
2026-08-26T17:07:42,1787738862,13.822675,100.511685,13.9,-0.0,-1.4,-2.3,155.2,155.2,0.01,0.0,0.0,24.03,59,POSCTL,0,0
2026-08-26T17:07:43,1787738863,13.822675,100.511685,13.9,-0.0,-1.4,-2.3,155.2,155.2,0.01,0.0,0.0,24.03,59,POSCTL,0,0
2026-08-26T17:07:44,1787738864,13.822675,100.511685,13.9,-0.0,-1.4,-2.3,155.2,155.2,0.01,0.0,0.0,24.03,59,POSCTL,0,0
2026-08-26T17:07:45,1787738865,13.822676,100.511685,13.9,-0.0,-1.4,-2.3,155.2,155.2,0.01,0.0,0.0,24.03,59,POSCTL,0,0
2026-08-26T17:07:46,1787738866,13.822674,100.511683,13.9,-0.0,-1.4,-2.3,155.3,155.3,0.0,-0.03,0.0,24.03,59,POSCTL,0,0
2026-08-26T17:07:47,1787738867,13.822677,100.511686,13.9,-0.0,-1.4,-2.3,155.3,155.3,0.0,-0.03,0.0,24.03,59,POSCTL,0,0
2026-08-26T17:07:48,1787738868,13.822678,100.511687,13.9,-0.0,-1.4,-2.3,155.3,155.3,0.01,-0.01,0.0,24.03,59,POSCTL,0,0
2026-08-26T17:07:49,1787738869,13.822676,100.511685,13.9,0.0,-1.5,-2.3,155.3,155.3,0.02,0.0,0.0,24.03,59,POSCTL,0,0
2026-08-26T17:07:50,1787738870,13.822676,100.511685,13.9,0.0,-1.5,-2.3,155.3,155.3,0.02,0.0,0.0,24.03,59,POSCTL,0,0
2026-08-26T17:07:51,1787738871,13.822676,100.511685,13.9,0.0,-1.5,-2.3,155.3,155.3,0.02,0.0,0.0,24.03,59,POSCTL,0,0
2026-08-26T17:07:52,1787738872,13.822676,100.511685,13.9,0.0,-1.5,-2.3,155.3,155.3,0.02,0.0,0.0,24.03,59,POSCTL,0,0
2026-08-26T17:07:53,1787738873,13.822679,100.51169,13.9,0.0,-1.4,-2.3,155.3,155.3,0.02,0.0,0.0,24.03,58,POSCTL,0,0
2026-08-26T17:07:54,1787738874,13.822679,100.511692,13.9,0.0,-1.4,-2.3,155.3,155.3,0.01,0.01,0.0,24.03,58,POSCTL,0,0
2026-08-26T17:07:55,1787738875,13.822679,100.511692,13.9,0.0,-1.4,-2.3,155.4,155.4,0.01,0.01,0.0,24.03,58,POSCTL,0,0
2026-08-26T17:07:56,1787738876,13.822679,100.51169,13.9,0.0,-1.4,-2.3,155.4,155.4,0.0,0.01,0.0,24.03,58,POSCTL,0,0
2026-08-26T17:07:57,1787738877,13.822679,100.511694,13.9,0.0,-1.4,-2.3,155.4,155.4,0.0,0.01,0.0,24.03,58,POSCTL,0,0
2026-08-26T17:07:58,1787738878,13.822679,100.511694,13.9,0.0,-1.4,-2.3,155.4,155.4,0.0,0.01,0.0,24.03,58,POSCTL,0,0
2026-08-26T17:07:59,1787738879,13.822679,100.511694,13.9,0.0,-1.4,-2.3,155.4,155.4,0.0,0.01,0.0,24.03,58,POSCTL,0,0
2026-08-26T17:08:00,1787738880,13.822679,100.511694,13.9,0.0,-1.4,-2.3,155.4,155.4,0.0,0.01,0.0,24.03,58,POSCTL,0,0
2026-08-26T17:08:01,1787738881,13.822679,100.511694,13.9,0.0,-1.4,-2.3,155.4,155.4,0.0,0.01,0.0,24.03,58,POSCTL,0,0
2026-08-26T17:08:02,1787738882,13.822679,100.511696,13.9,0.01,-1.4,-2.3,155.4,155.4,-0.01,0.02,0.0,24.03,58,POSCTL,0,0
2026-08-26T17:08:03,1787738883,13.822679,100.511696,13.9,0.01,-1.4,-2.3,155.4,155.4,-0.01,0.02,0.0,24.03,58,POSCTL,0,0
2026-08-26T17:08:04,1787738884,13.822679,100.511698,13.9,0.01,-1.4,-2.3,155.4,155.4,0.0,0.01,0.0,24.03,58,POSCTL,0,0
2026-08-26T17:08:05,1787738885,13.822679,100.511702,13.9,0.01,-1.4,-2.3,155.4,155.4,0.0,0.01,0.0,24.03,58,POSCTL,0,0
2026-08-26T17:08:06,1787738886,13.822679,100.511699,13.9,0.0,-1.4,-2.3,155.5,155.5,0.0,0.0,0.0,24.03,58,POSCTL,0,0
2026-08-26T17:08:07,1787738887,13.822679,100.511699,13.9,0.0,-1.4,-2.3,155.5,155.5,0.0,0.0,0.0,24.03,58,POSCTL,0,0
2026-08-26T17:08:08,1787738888,13.822679,100.511699,13.9,0.0,-1.4,-2.3,155.5,155.5,0.0,0.0,0.0,24.03,58,POSCTL,0,0
2026-08-26T17:08:09,1787738889,13.822679,100.511699,13.9,0.0,-1.4,-2.3,155.5,155.5,0.0,0.0,0.0,24.03,58,POSCTL,0,0
2026-08-26T17:08:10,1787738890,13.822679,100.511699,13.9,0.0,-1.4,-2.3,155.5,155.5,0.0,0.0,0.0,24.03,58,POSCTL,0,0
2026-08-26T17:08:15,1787738895,13.822678,100.511701,13.9,0.01,-1.4,-2.3,155.5,155.5,0.0,-0.03,0.0,24.02,58,POSCTL,0,0
2026-08-26T17:08:16,1787738896,13.822679,100.5117,13.9,0.01,-1.4,-2.3,155.5,155.5,-0.01,-0.03,0.0,24.02,58,POSCTL,0,0
2026-08-26T17:08:17,1787738897,13.822678,100.511703,13.9,0.01,-1.4,-2.3,155.5,155.5,-0.01,-0.03,0.0,24.02,58,POSCTL,0,0
2026-08-26T17:08:18,1787738898,13.822678,100.511703,13.9,0.01,-1.5,-2.3,155.6,155.6,-0.01,-0.03,0.0,24.02,58,POSCTL,0,0
2026-08-26T17:08:19,1787738899,13.822678,100.511703,13.9,0.01,-1.5,-2.3,155.6,155.6,-0.01,-0.03,0.0,24.02,58,POSCTL,0,0
2026-08-26T17:08:22,1787738902,13.822678,100.511703,13.9,0.01,-1.5,-2.3,155.6,155.6,-0.01,0.03,0.0,24.02,58,POSCTL,0,0
2026-08-26T17:08:23,1787738903,13.822678,100.511706,13.9,0.01,-1.5,-2.3,155.6,155.6,0.0,0.01,0.0,24.02,58,POSCTL,0,0
2026-08-26T17:08:24,1787738904,13.822678,100.511709,13.9,0.01,-1.4,-2.3,155.6,155.6,0.0,0.01,0.0,24.02,58,POSCTL,0,0
2026-08-26T17:08:25,1787738905,13.822678,100.511706,13.9,0.01,-1.4,-2.3,155.6,155.6,0.0,0.0,0.0,24.02,58,POSCTL,0,0
2026-08-26T17:08:26,1787738906,13.822679,100.511709,13.9,0.01,-1.4,-2.3,155.7,155.7,0.0,0.0,0.0,24.02,58,POSCTL,0,0
2026-08-26T17:08:27,1787738907,13.822679,100.511708,13.9,0.0,-1.4,-2.3,155.7,155.7,0.01,0.0,0.0,24.02,58,POSCTL,0,0
2026-08-26T17:08:28,1787738908,13.82268,100.511711,13.9,0.0,-1.4,-2.3,155.7,155.7,0.01,0.0,0.0,24.02,58,POSCTL,0,0
2026-08-26T17:08:29,1787738909,13.82268,100.511711,13.9,0.0,-1.4,-2.3,155.7,155.7,0.01,0.0,0.0,24.02,58,POSCTL,0,0
2026-08-26T17:08:30,1787738910,13.82268,100.511711,13.9,0.0,-1.4,-2.3,155.7,155.7,0.01,0.0,0.0,24.02,58,POSCTL,0,0
2026-08-26T17:08:31,1787738912,13.82268,100.511711,13.9,0.0,-1.4,-2.3,155.7,155.7,0.01,0.0,0.0,24.02,58,POSCTL,0,0
2026-08-26T17:08:32,1787738913,13.822681,100.511715,14.0,0.0,-1.4,-2.3,155.7,155.7,0.04,0.0,-0.01,24.02,58,POSCTL,0,0
2026-08-26T17:08:33,1787738914,13.822681,100.511715,14.0,0.0,-1.6,-2.3,155.7,155.7,0.04,0.0,-0.01,24.02,58,POSCTL,0,0
2026-08-26T17:08:34,1787738915,13.822681,100.511713,14.0,0.0,-1.5,-2.2,155.7,155.7,0.01,0.01,0.0,24.02,58,POSCTL,0,0
2026-08-26T17:08:35,1787738916,13.822682,100.51171,14.0,0.0,-1.5,-2.2,155.7,155.7,0.01,0.01,0.0,24.02,58,POSCTL,0,0
2026-08-26T17:08:36,1787738917,13.822682,100.51171,14.0,0.0,-1.5,-2.2,155.7,155.7,0.01,0.01,0.0,24.02,58,POSCTL,0,0
2026-08-26T17:08:37,1787738918,13.822683,100.511708,13.9,0.0,-1.5,-2.2,155.7,155.7,0.01,-0.02,0.0,24.02,58,POSCTL,0,0
2026-08-26T17:08:38,1787738919,13.822683,100.511708,13.9,0.0,-1.5,-2.2,155.7,155.7,0.01,-0.02,0.0,24.02,58,POSCTL,0,0
2026-08-26T17:08:39,1787738920,13.822683,100.511708,13.9,0.0,-1.5,-2.2,155.7,155.7,0.01,-0.02,0.0,24.02,58,POSCTL,0,0
2026-08-26T17:08:40,1787738921,13.822683,100.511708,13.9,0.0,-1.6,-2.3,155.7,155.7,0.01,-0.02,0.0,24.02,58,POSCTL,0,0
2026-08-26T17:08:41,1787738922,13.822682,100.511707,13.9,-0.0,-1.6,-2.3,155.7,155.7,-0.01,-0.03,0.0,24.02,58,POSCTL,0,0
2026-08-26T17:08:42,1787738923,13.822681,100.511701,13.9,-0.0,-1.6,-2.3,155.7,155.7,-0.01,-0.03,0.0,24.02,58,POSCTL,0,0
2026-08-26T17:08:43,1787738924,13.822681,100.5117,13.9,-0.01,-1.6,-2.3,155.7,155.7,-0.01,-0.02,0.0,24.02,58,POSCTL,0,0
2026-08-26T17:08:44,1787738925,13.822681,100.5117,13.9,-0.01,-1.6,-2.3,155.7,155.7,-0.01,-0.02,0.0,24.02,58,POSCTL,0,0
2026-08-26T17:08:45,1787738926,13.822681,100.511703,13.9,-0.01,-1.6,-2.3,155.7,155.7,-0.02,-0.04,0.0,24.02,58,POSCTL,0,0
2026-08-26T17:08:46,1787738927,13.822681,100.511698,13.9,-0.01,-1.6,-2.3,155.8,155.8,-0.02,-0.04,0.0,24.02,58,POSCTL,0,0
2026-08-26T17:08:47,1787738928,13.822681,100.511698,13.9,-0.01,-1.6,-2.3,155.8,155.8,-0.02,-0.04,0.0,24.02,58,POSCTL,0,0
2026-08-26T17:08:48,1787738929,13.822681,100.511698,13.9,-0.01,-1.6,-2.3,155.8,155.8,-0.02,-0.04,0.0,24.02,58,POSCTL,0,0
2026-08-26T17:08:49,1787738930,13.822681,100.511699,13.9,-0.02,-1.6,-2.3,155.8,155.8,-0.01,-0.02,0.0,24.02,58,POSCTL,0,0
2026-08-26T17:08:50,1787738931,13.82268,100.511697,13.9,-0.02,-1.6,-2.3,155.8,155.8,-0.01,-0.02,0.0,24.02,58,POSCTL,0,0
2026-08-26T17:08:51,1787738932,13.82268,100.511697,13.9,-0.02,-1.6,-2.2,155.8,155.8,-0.01,-0.02,0.0,24.02,58,POSCTL,0,0
2026-08-26T17:08:52,1787738933,13.822679,100.511696,13.9,-0.01,-1.6,-2.2,155.8,155.8,0.0,-0.01,0.0,24.02,58,POSCTL,0,0
2026-08-26T17:08:53,1787738934,13.822679,100.511696,13.9,-0.01,-1.6,-2.2,155.8,155.8,0.0,-0.01,0.0,24.02,58,POSCTL,0,0
2026-08-26T17:08:54,1787738935,13.822678,100.511697,13.9,-0.01,-1.6,-2.2,155.8,155.8,0.0,0.0,0.0,24.02,58,POSCTL,0,0
2026-08-26T17:08:55,1787738936,13.822678,100.511697,13.9,-0.01,-1.6,-2.2,155.8,155.8,0.0,0.0,0.0,24.02,58,POSCTL,0,0
2026-08-26T17:08:56,1787738937,13.822678,100.511697,13.9,-0.01,-1.6,-2.2,155.8,155.8,0.0,0.0,0.0,24.02,58,POSCTL,0,0
2026-08-26T17:08:57,1787738938,13.822678,100.511697,13.9,-0.01,-1.6,-2.2,155.8,155.8,0.0,0.0,0.0,24.02,58,POSCTL,0,0
2026-08-26T17:08:58,1787738939,13.822678,100.511697,13.9,-0.01,-1.6,-2.2,155.8,155.8,0.0,0.0,0.0,24.02,58,POSCTL,0,0
2026-08-26T17:08:59,1787738940,13.822675,100.511696,13.9,-0.02,-1.6,-2.2,155.8,155.8,0.0,0.0,0.0,24.02,58,POSCTL,0,0
2026-08-26T17:09:00,1787738941,13.822675,100.511696,13.9,-0.02,-1.6,-2.2,155.8,155.8,0.0,0.0,0.0,24.02,58,POSCTL,0,0
2026-08-26T17:09:01,1787738942,13.822675,100.511696,13.9,-0.02,-1.6,-2.2,155.8,155.8,0.0,0.0,0.0,24.02,58,POSCTL,0,0
2026-08-26T17:09:02,1787738943,13.822675,100.511696,13.9,-0.02,-1.6,-2.2,155.8,155.8,0.0,0.0,0.0,24.02,58,POSCTL,0,0
2026-08-26T17:09:03,1787738944,13.822675,100.511696,13.9,-0.02,-1.6,-2.2,155.8,155.8,0.0,0.0,0.0,24.02,58,POSCTL,0,0
2026-08-26T17:09:04,1787738945,13.822675,100.511696,13.9,-0.02,-1.6,-2.2,155.8,155.8,0.0,0.0,0.0,24.02,58,POSCTL,0,0
2026-08-26T17:09:05,1787738946,13.822675,100.511696,13.9,-0.02,-1.6,-2.2,155.8,155.8,0.0,0.0,0.0,24.02,58,POSCTL,0,0
2026-08-26T17:09:06,1787738947,13.822672,100.511695,13.9,-0.02,-1.6,-2.2,155.8,155.8,0.0,0.0,0.0,24.02,58,POSCTL,0,0
2026-08-26T17:09:07,1787738948,13.822672,100.511695,13.9,-0.02,-1.6,-2.2,155.9,155.9,0.0,0.0,0.0,24.02,58,POSCTL,0,0
2026-08-26T17:09:08,1787738949,13.822671,100.511694,13.9,-0.03,-1.6,-2.2,155.9,155.9,0.0,0.0,0.0,24.02,58,POSCTL,0,0
2026-08-26T17:09:09,1787738950,13.822671,100.511694,13.9,-0.03,-1.6,-2.2,155.9,155.9,0.0,0.0,0.0,24.02,58,POSCTL,0,0
2026-08-26T17:09:10,1787738951,13.822672,100.511695,13.9,-0.03,-1.6,-2.2,155.9,155.9,0.0,0.0,0.0,24.02,58,POSCTL,0,0
2026-08-26T17:09:11,1787738952,13.822672,100.511695,13.9,-0.03,-1.6,-2.2,155.9,155.9,0.0,0.0,0.0,24.02,58,POSCTL,0,0
2026-08-26T17:09:12,1787738953,13.822672,100.511695,13.9,-0.03,-1.6,-2.2,155.9,155.9,0.0,0.0,0.0,24.02,58,POSCTL,0,0
2026-08-26T17:09:13,1787738954,13.822672,100.511695,13.9,-0.03,-1.6,-2.2,155.9,155.9,0.0,0.0,0.0,24.02,58,POSCTL,0,0
2026-08-26T17:09:14,1787738955,13.822672,100.511695,13.9,-0.03,-1.6,-2.2,155.9,155.9,0.0,0.0,0.0,24.02,58,POSCTL,0,0
2026-08-26T17:09:15,1787738956,13.822672,100.511695,13.9,-0.03,-1.6,-2.2,155.9,155.9,0.0,0.0,0.0,24.02,58,POSCTL,0,0
2026-08-26T17:09:16,1787738957,13.822672,100.511695,13.9,-0.03,-1.6,-2.2,155.9,155.9,0.0,0.0,0.0,24.02,58,POSCTL,0,0
2026-08-26T17:09:17,1787738958,13.822672,100.511695,13.9,-0.03,-1.6,-2.2,155.9,155.9,0.0,0.0,0.0,24.02,58,POSCTL,0,0
2026-08-26T17:09:18,1787738959,13.822672,100.511695,13.9,-0.03,-1.6,-2.2,155.9,155.9,0.0,0.0,0.0,24.02,58,POSCTL,0,0
2026-08-26T17:09:19,1787738960,13.822671,100.511693,13.9,0.01,-1.6,-2.2,155.9,155.9,0.0,0.0,0.0,24.02,58,POSCTL,0,0
2026-08-26T17:09:20,1787738961,13.822671,100.511693,13.9,0.01,-1.6,-2.2,155.9,155.9,0.0,0.0,0.0,24.02,58,POSCTL,0,0
2026-08-26T17:09:21,1787738962,13.82267,100.511691,13.9,0.01,-1.6,-2.3,155.9,155.9,0.0,-0.01,0.0,24.02,58,POSCTL,0,0
2026-08-26T17:09:22,1787738963,13.82267,100.511691,13.9,0.01,-1.6,-2.3,155.9,155.9,0.0,-0.01,0.0,24.02,58,POSCTL,0,0
2026-08-26T17:09:23,1787738964,13.82267,100.511691,13.9,0.01,-1.6,-2.3,155.9,155.9,0.0,-0.01,0.0,24.02,58,POSCTL,0,0
2026-08-26T17:09:24,1787738965,13.82267,100.511691,13.9,0.01,-1.6,-2.3,155.9,155.9,0.0,-0.01,0.0,24.02,58,POSCTL,0,0
2026-08-26T17:09:25,1787738966,13.822671,100.51169,13.9,0.01,-1.6,-2.2,155.9,155.9,0.0,-0.01,0.0,24.02,58,POSCTL,0,0
2026-08-26T17:09:26,1787738967,13.82267,100.511687,13.9,0.01,-1.6,-2.2,155.9,155.9,0.0,-0.01,0.0,24.02,58,POSCTL,0,0
2026-08-26T17:09:27,1787738968,13.82267,100.511689,13.9,0.01,-1.6,-2.3,155.9,155.9,0.0,0.0,0.0,24.02,58,POSCTL,0,0
2026-08-26T17:09:28,1787738969,13.82267,100.511686,13.9,0.01,-1.6,-2.3,155.9,155.9,0.0,0.0,0.0,24.02,58,POSCTL,0,0
2026-08-26T17:09:29,1787738970,13.82267,100.511686,13.9,0.01,-1.6,-2.3,155.9,155.9,0.0,0.0,0.0,24.02,58,POSCTL,0,0
2026-08-26T17:09:30,1787738971,13.822669,100.511684,13.9,0.01,-1.6,-2.3,155.9,155.9,-0.01,-0.02,0.0,24.02,58,POSCTL,0,0
2026-08-26T17:09:31,1787738972,13.822669,100.511684,13.9,0.01,-1.6,-2.3,155.9,155.9,-0.01,-0.02,0.0,24.02,58,POSCTL,0,0
2026-08-26T17:09:32,1787738973,13.82267,100.511683,13.9,0.01,-1.6,-2.3,155.9,155.9,0.0,-0.01,0.0,24.02,58,POSCTL,0,0
2026-08-26T17:09:33,1787738974,13.82267,100.511685,13.9,0.0,-1.6,-2.3,155.9,155.9,0.0,-0.01,0.0,24.02,58,POSCTL,0,0
2026-08-26T17:09:34,1787738975,13.82267,100.511685,13.9,0.0,-1.6,-2.3,155.9,155.9,0.0,-0.01,0.0,24.02,58,POSCTL,0,0
2026-08-26T17:09:35,1787738976,13.822669,100.511682,13.9,0.0,-1.6,-2.3,156.0,156.0,0.0,-0.01,0.0,24.02,58,POSCTL,0,0
2026-08-26T17:09:36,1787738977,13.822669,100.511683,13.9,-0.0,-1.6,-2.3,156.0,156.0,0.0,-0.01,0.0,24.02,58,POSCTL,0,0
2026-08-26T17:09:37,1787738978,13.822669,100.511682,13.9,-0.01,-1.6,-2.3,156.0,156.0,0.0,-0.03,0.0,24.02,58,POSCTL,0,0
2026-08-26T17:09:38,1787738979,13.822669,100.511682,13.9,-0.01,-1.6,-2.3,156.0,156.0,0.0,-0.03,0.0,24.02,58,POSCTL,0,0
2026-08-26T17:09:39,1787738980,13.822669,100.51168,13.9,-0.01,-1.6,-2.3,156.0,156.0,0.0,-0.03,0.0,24.02,58,POSCTL,0,0
2026-08-26T17:09:40,1787738981,13.822669,100.51168,13.9,-0.01,-1.6,-2.3,156.0,156.0,0.0,-0.03,0.0,24.02,58,POSCTL,0,0
2026-08-26T17:09:41,1787738982,13.822669,100.51168,13.9,-0.01,-1.6,-2.3,156.0,156.0,0.0,-0.03,0.0,24.02,58,POSCTL,0,0
2026-08-26T17:09:42,1787738983,13.822669,100.51168,13.9,-0.01,-1.6,-2.3,156.0,156.0,0.0,-0.03,0.0,24.02,58,POSCTL,0,0
2026-08-26T17:09:43,1787738984,13.822669,100.511679,13.9,-0.01,-1.6,-2.3,156.0,156.0,0.0,0.0,0.0,24.02,58,POSCTL,0,0
2026-08-26T17:09:44,1787738985,13.822669,100.511679,13.9,-0.01,-1.6,-2.3,156.0,156.0,0.0,0.0,0.0,24.02,58,POSCTL,0,0
2026-08-26T17:09:45,1787738986,13.822669,100.511679,13.9,-0.01,-1.6,-2.3,156.0,156.0,0.0,0.02,0.0,24.02,58,POSCTL,0,0
2026-08-26T17:09:46,1787738987,13.822669,100.511679,13.9,-0.01,-1.6,-2.3,156.0,156.0,0.0,0.02,0.0,24.02,58,POSCTL,0,0
2026-08-26T17:09:47,1787738988,13.822669,100.511679,13.9,-0.01,-1.6,-2.3,156.0,156.0,0.0,0.0,0.0,24.02,58,POSCTL,0,0
2026-08-26T17:09:48,1787738989,13.822669,100.511679,13.9,-0.01,-1.6,-2.3,156.0,156.0,0.0,0.0,0.0,24.02,58,POSCTL,0,0
2026-08-26T17:09:49,1787738990,13.822669,100.511679,13.9,-0.01,-1.6,-2.3,156.0,156.0,0.0,0.0,0.0,24.02,58,POSCTL,0,0
2026-08-26T17:09:50,1787738991,13.822669,100.511679,13.9,-0.01,-1.6,-2.3,156.0,156.0,0.0,0.0,0.0,24.02,58,POSCTL,0,0
2026-08-26T17:09:51,1787738992,13.82267,100.511679,13.9,-0.0,-1.6,-2.3,156.0,156.0,0.01,0.02,0.0,24.02,58,POSCTL,0,0
2026-08-26T17:09:52,1787738993,13.822671,100.511679,13.9,-0.0,-1.6,-2.3,156.0,156.0,0.01,0.02,0.0,24.02,58,POSCTL,0,0
2026-08-26T17:09:53,1787738994,13.82267,100.511679,13.9,0.0,-1.6,-2.3,156.0,156.0,0.02,0.02,0.0,24.02,58,POSCTL,0,0
2026-08-26T17:09:54,1787738995,13.822672,100.511679,13.9,0.0,-1.6,-2.3,156.0,156.0,0.02,0.02,0.0,24.02,58,POSCTL,0,0
2026-08-26T17:09:55,1787738996,13.822672,100.511679,13.9,0.0,-1.6,-2.2,156.0,156.0,0.02,0.02,0.0,24.02,58,POSCTL,0,0
2026-08-26T17:09:56,1787738997,13.822671,100.511679,13.9,0.0,-1.5,-2.3,156.0,156.0,0.02,0.0,0.0,24.02,58,POSCTL,0,0
2026-08-26T17:09:57,1787738998,13.822672,100.51168,13.9,0.0,-1.5,-2.3,156.0,156.0,0.02,0.0,0.0,24.02,58,POSCTL,0,0
2026-08-26T17:09:58,1787738999,13.822672,100.511679,13.9,0.01,-1.5,-2.3,156.0,156.0,0.0,0.0,0.0,24.02,58,POSCTL,0,0
2026-08-26T17:09:59,1787739000,13.822672,100.511679,13.9,0.01,-1.5,-2.3,156.0,156.0,0.0,0.0,0.0,24.02,58,POSCTL,0,0
2026-08-26T17:10:00,1787739001,13.822672,100.511679,13.9,0.01,-1.5,-2.3,156.0,156.0,0.0,0.0,0.0,24.02,58,POSCTL,0,0
2026-08-26T17:10:01,1787739002,13.822672,100.511679,13.9,0.01,-1.5,-2.3,156.0,156.0,0.0,0.0,0.0,24.02,58,POSCTL,0,0
2026-08-26T17:10:02,1787739003,13.822672,100.511679,13.9,0.01,-1.5,-2.3,156.0,156.0,0.0,0.0,0.0,24.02,58,POSCTL,0,0
2026-08-26T17:10:03,1787739004,13.822673,100.511681,13.9,0.01,-1.5,-2.3,156.0,156.0,0.0,0.01,0.0,24.02,58,POSCTL,0,0
2026-08-26T17:10:04,1787739005,13.822673,100.511681,13.9,0.01,-1.5,-2.3,156.0,156.0,0.0,0.01,0.0,24.02,58,POSCTL,0,0
2026-08-26T17:10:05,1787739006,13.822673,100.51168,13.9,0.01,-1.5,-2.3,156.0,156.0,-0.01,0.0,0.0,24.02,58,POSCTL,0,0
2026-08-26T17:10:06,1787739007,13.822673,100.511681,13.9,0.02,-1.5,-2.3,156.0,156.0,0.0,0.0,0.0,24.02,58,POSCTL,0,0
2026-08-26T17:10:07,1787739008,13.822673,100.511681,13.9,0.02,-1.5,-2.3,156.0,156.0,0.0,0.0,0.0,24.02,58,POSCTL,0,0
2026-08-26T17:10:08,1787739009,13.822673,100.511681,13.9,0.02,-1.5,-2.3,156.0,156.0,0.0,0.0,0.0,24.02,58,POSCTL,0,0
2026-08-26T17:10:09,1787739010,13.822673,100.511681,13.9,0.02,-1.5,-2.3,156.0,156.0,0.0,0.0,0.0,24.02,58,POSCTL,0,0
2026-08-26T17:10:11,1787739012,13.822674,100.511684,13.9,0.02,-1.6,-2.2,156.0,156.0,0.0,0.0,0.0,24.02,58,POSCTL,0,0
2026-08-26T17:10:12,1787739013,13.822674,100.511684,13.9,0.02,-1.6,-2.2,156.0,156.0,0.0,0.0,0.0,24.02,58,POSCTL,0,0
2026-08-26T17:10:13,1787739014,13.822674,100.511684,13.9,0.02,-1.6,-2.2,156.0,156.0,0.0,0.0,0.0,24.02,58,POSCTL,0,0
2026-08-26T17:10:14,1787739015,13.822674,100.511684,13.9,0.02,-1.6,-2.2,156.0,156.0,0.0,0.0,0.0,24.02,58,POSCTL,0,0
2026-08-26T17:10:15,1787739016,13.822675,100.511686,13.9,0.03,-1.5,-2.3,156.0,156.0,0.0,0.0,0.0,24.02,58,POSCTL,0,0
2026-08-26T17:10:16,1787739017,13.822674,100.511685,13.9,0.03,-1.5,-2.3,156.0,156.0,0.0,0.03,0.0,24.02,58,POSCTL,0,0
2026-08-26T17:10:17,1787739018,13.822675,100.511684,13.9,0.03,-1.5,-2.3,156.0,156.0,0.0,0.03,0.0,24.02,58,POSCTL,0,0
2026-08-26T17:10:18,1787739019,13.822675,100.511684,13.9,0.03,-1.5,-2.3,156.0,156.0,0.0,0.03,0.0,24.02,58,POSCTL,0,0
2026-08-26T17:10:19,1787739020,13.822675,100.511681,13.9,0.03,-1.5,-2.3,156.0,156.0,0.0,0.03,0.0,24.02,58,POSCTL,0,0
2026-08-26T17:10:24,1787739025,13.822674,100.511685,13.9,0.03,-1.6,-2.3,156.0,156.0,0.0,0.03,0.0,24.02,58,POSCTL,0,0
2026-08-26T17:10:25,1787739026,13.822674,100.511683,13.9,0.02,-1.6,-2.3,156.0,156.0,0.0,0.0,0.0,24.02,58,POSCTL,0,0
2026-08-26T17:10:26,1787739027,13.822674,100.511684,13.9,0.02,-1.6,-2.3,156.1,156.1,0.0,0.01,0.0,24.02,58,POSCTL,0,0
2026-08-26T17:10:27,1787739028,13.822674,100.511684,13.9,0.02,-1.6,-2.3,156.1,156.1,0.0,0.01,0.0,24.02,58,POSCTL,0,0
2026-08-26T17:10:28,1787739029,13.822674,100.51169,13.9,0.02,-1.6,-2.3,156.0,156.0,0.0,0.01,0.0,24.02,58,POSCTL,0,0
2026-08-26T17:10:29,1787739030,13.822674,100.511686,13.9,0.03,-1.6,-2.3,156.0,156.0,0.0,0.04,0.0,24.02,58,POSCTL,0,0
2026-08-26T17:10:30,1787739031,13.822674,100.511686,13.9,0.03,-1.6,-2.3,156.0,156.0,0.0,0.04,0.0,24.02,58,POSCTL,0,0
2026-08-26T17:10:31,1787739032,13.822674,100.511686,13.9,0.03,-1.6,-2.3,156.0,156.0,0.0,0.04,0.0,24.02,58,POSCTL,0,0
2026-08-26T17:10:32,1787739033,13.822674,100.511686,13.9,0.03,-1.6,-2.3,156.0,156.0,0.0,0.04,0.0,24.02,58,POSCTL,0,0
2026-08-26T17:10:33,1787739034,13.822674,100.511686,13.9,0.03,-1.5,-2.2,156.0,156.0,0.0,0.04,0.0,24.02,58,POSCTL,0,0
2026-08-26T17:10:34,1787739035,13.822674,100.511689,13.9,0.03,-1.5,-2.2,156.0,156.0,0.0,-0.01,0.0,24.02,58,POSCTL,0,0
2026-08-26T17:10:35,1787739036,13.822674,100.511689,13.9,0.03,-1.5,-2.2,156.1,156.1,0.0,-0.01,0.0,24.02,58,POSCTL,0,0
2026-08-26T17:10:36,1787739037,13.822673,100.511694,13.9,0.03,-1.5,-2.2,156.1,156.1,0.0,0.01,0.0,24.02,58,POSCTL,0,0
2026-08-26T17:10:37,1787739038,13.822673,100.511694,13.9,0.03,-1.5,-2.2,156.1,156.1,0.0,0.01,0.0,24.02,58,POSCTL,0,0
2026-08-26T17:10:38,1787739039,13.822673,100.511695,13.9,0.03,-1.5,-2.2,156.1,156.1,0.0,0.0,0.0,24.02,58,POSCTL,0,0
2026-08-26T17:10:39,1787739040,13.822673,100.511695,13.9,0.03,-1.5,-2.2,156.1,156.1,0.0,0.0,0.0,24.02,58,POSCTL,0,0
2026-08-26T17:10:40,1787739041,13.822673,100.511695,13.9,0.03,-1.5,-2.2,156.1,156.1,0.0,0.0,0.0,24.02,58,POSCTL,0,0
2026-08-26T17:10:41,1787739042,13.822673,100.511695,13.9,0.03,-1.5,-2.2,156.1,156.1,0.0,0.0,0.0,24.02,58,POSCTL,0,0
2026-08-26T17:10:42,1787739043,13.822673,100.511695,13.9,0.03,-1.5,-2.2,156.1,156.1,0.0,0.0,0.0,24.02,58,POSCTL,0,0
2026-08-26T17:10:43,1787739044,13.822673,100.511695,13.9,0.03,-1.5,-2.2,156.1,156.1,0.0,0.0,0.0,24.02,58,POSCTL,0,0
2026-08-26T17:10:44,1787739045,13.822673,100.511695,13.9,0.03,-1.5,-2.2,156.1,156.1,0.0,0.0,0.0,24.02,58,POSCTL,0,0
2026-08-26T17:10:45,1787739046,13.822673,100.511695,13.9,0.03,-1.5,-2.2,156.1,156.1,0.0,0.0,0.0,24.02,58,POSCTL,0,0
2026-08-26T17:10:46,1787739047,13.822672,100.511688,13.9,0.03,-1.5,-2.2,156.1,156.1,0.0,-0.02,0.0,24.02,58,POSCTL,0,0
2026-08-26T17:10:47,1787739048,13.822672,100.511688,13.9,0.03,-1.6,-2.2,156.1,156.1,0.0,-0.02,0.0,24.02,58,POSCTL,0,0
2026-08-26T17:10:48,1787739049,13.822672,100.511682,13.9,0.02,-1.6,-2.2,156.1,156.1,0.0,-0.04,0.0,24.02,58,POSCTL,0,0
2026-08-26T17:10:49,1787739050,13.822672,100.511682,13.9,0.02,-1.6,-2.2,156.1,156.1,0.0,-0.04,0.0,24.02,58,POSCTL,0,0
2026-08-26T17:10:50,1787739051,13.822672,100.511682,13.9,0.02,-1.6,-2.2,156.1,156.1,0.0,-0.04,0.0,24.02,58,POSCTL,0,0
2026-08-26T17:10:51,1787739052,13.822672,100.511682,13.9,0.02,-1.6,-2.2,156.1,156.1,0.0,-0.04,0.0,24.02,58,POSCTL,0,0
2026-08-26T17:10:52,1787739053,13.822672,100.511682,13.9,0.02,-1.6,-2.2,156.1,156.1,0.0,-0.04,0.0,24.02,58,POSCTL,0,0
2026-08-26T17:10:53,1787739054,13.822672,100.511682,13.9,0.02,-1.6,-2.2,156.1,156.1,0.0,-0.04,0.0,24.02,58,POSCTL,0,0
2026-08-26T17:10:54,1787739055,13.822672,100.511682,13.9,0.02,-1.6,-2.2,156.1,156.1,0.0,-0.04,0.0,24.02,58,POSCTL,0,0
2026-08-26T17:10:55,1787739056,13.822672,100.511682,13.9,0.02,-1.6,-2.2,156.1,156.1,0.0,-0.04,0.0,24.02,58,POSCTL,0,0
2026-08-26T17:10:56,1787739057,13.822674,100.511676,13.9,0.01,-1.6,-2.2,156.1,156.1,0.01,0.0,0.0,24.02,58,POSCTL,0,0
2026-08-26T17:10:57,1787739058,13.822674,100.511676,13.9,0.01,-1.7,-2.3,156.1,156.1,0.01,0.0,0.0,24.01,58,POSCTL,0,0
2026-08-26T17:10:58,1787739059,13.822674,100.511675,13.9,0.01,-1.7,-2.3,156.1,156.1,0.02,-0.01,0.0,24.01,58,POSCTL,0,0
2026-08-26T17:10:59,1787739060,13.822675,100.511674,13.9,0.01,-1.7,-2.3,156.1,156.1,0.02,-0.01,0.0,24.01,58,POSCTL,0,0
2026-08-26T17:11:00,1787739061,13.822675,100.511674,13.9,0.01,-1.7,-2.3,156.1,156.1,0.02,-0.01,0.0,24.01,58,POSCTL,0,0
2026-08-26T17:11:01,1787739062,13.822674,100.511676,13.9,0.0,-1.7,-2.3,156.1,156.1,0.01,0.02,0.0,24.01,58,POSCTL,0,0
2026-08-26T17:11:02,1787739063,13.822674,100.511676,13.9,0.0,-1.6,-2.3,156.1,156.1,0.01,0.02,0.0,24.01,58,POSCTL,0,0
2026-08-26T17:11:03,1787739064,13.822674,100.511676,13.9,0.0,-1.6,-2.3,156.1,156.1,0.01,0.02,0.0,24.01,58,POSCTL,0,0
2026-08-26T17:11:04,1787739065,13.822674,100.511676,13.9,0.0,-1.6,-2.3,156.1,156.1,0.01,0.02,0.0,24.01,58,POSCTL,0,0
2026-08-26T17:11:07,1787739068,13.822674,100.511676,13.9,0.0,-1.6,-2.3,156.1,156.1,0.01,0.02,0.0,24.01,58,POSCTL,0,0
2026-08-26T17:11:08,1787739069,13.822677,100.51167,13.9,-0.0,-1.6,-2.3,156.2,156.2,0.0,0.0,0.0,24.01,58,POSCTL,0,0
2026-08-26T17:11:09,1787739070,13.822677,100.51167,13.9,-0.0,-1.6,-2.3,156.2,156.2,0.0,0.0,0.0,24.01,58,POSCTL,0,0
2026-08-26T17:11:10,1787739071,13.822676,100.51167,13.9,-0.0,-1.6,-2.3,156.2,156.2,0.0,0.0,0.0,24.01,58,POSCTL,0,0
2026-08-26T17:11:11,1787739072,13.822677,100.511672,13.9,-0.0,-1.6,-2.3,156.2,156.2,0.0,0.0,0.0,24.01,58,POSCTL,0,0
2026-08-26T17:11:12,1787739073,13.822676,100.511671,13.9,-0.0,-1.6,-2.3,156.2,156.2,0.0,0.03,0.0,24.01,58,POSCTL,0,0
2026-08-26T17:11:13,1787739074,13.822676,100.511671,13.9,-0.0,-1.6,-2.3,156.2,156.2,0.0,0.03,0.0,24.01,58,POSCTL,0,0
2026-08-26T17:11:14,1787739075,13.822676,100.511671,13.9,-0.0,-1.6,-2.3,156.2,156.2,0.0,0.03,0.0,24.01,58,POSCTL,0,0
2026-08-26T17:11:15,1787739076,13.822676,100.511671,13.9,-0.0,-1.6,-2.3,156.2,156.2,0.0,0.03,0.0,24.01,58,POSCTL,0,0
2026-08-26T17:11:16,1787739077,13.822677,100.511671,13.9,-0.01,-1.6,-2.3,156.2,156.2,0.0,-0.03,0.0,24.01,58,POSCTL,0,0
2026-08-26T17:11:19,1787739080,13.822677,100.511671,13.9,-0.0,-1.6,-2.3,156.2,156.2,0.0,-0.03,0.0,24.01,58,POSCTL,0,0
2026-08-26T17:11:20,1787739081,13.822677,100.511671,13.9,-0.0,-1.5,-2.2,156.2,156.2,0.0,-0.03,0.0,24.01,58,POSCTL,0,0
2026-08-26T17:11:21,1787739082,13.822677,100.511671,13.9,-0.0,-1.5,-2.2,156.2,156.2,0.0,-0.03,0.0,24.01,58,POSCTL,0,0
2026-08-26T17:11:22,1787739083,13.822677,100.511672,13.9,-0.0,-1.5,-2.2,156.2,156.2,0.0,-0.03,0.0,24.01,58,POSCTL,0,0
2026-08-26T17:11:23,1787739084,13.822677,100.51167,13.9,-0.0,-1.5,-2.2,156.2,156.2,0.0,-0.03,0.0,24.01,58,POSCTL,0,0
2026-08-26T17:11:24,1787739085,13.822678,100.511673,13.9,-0.0,-1.6,-2.2,156.2,156.2,0.0,-0.03,0.0,24.01,58,POSCTL,0,0
2026-08-26T17:11:25,1787739086,13.822678,100.511673,13.9,-0.0,-1.6,-2.2,156.2,156.2,0.0,-0.03,0.0,24.01,58,POSCTL,0,0
2026-08-26T17:11:26,1787739087,13.822678,100.511673,13.9,-0.0,-1.6,-2.2,156.2,156.2,0.0,-0.03,0.0,24.01,58,POSCTL,0,0
2026-08-26T17:11:27,1787739088,13.822678,100.511672,13.9,-0.01,-1.6,-2.2,156.2,156.2,0.01,0.02,0.0,24.01,58,POSCTL,0,0
2026-08-26T17:11:28,1787739089,13.822679,100.511673,13.9,-0.01,-1.6,-2.2,156.2,156.2,0.01,0.02,0.0,24.01,58,POSCTL,0,0
2026-08-26T17:11:29,1787739090,13.822679,100.511673,13.9,-0.01,-1.5,-2.2,156.2,156.2,0.01,0.02,0.0,24.01,58,POSCTL,0,0
2026-08-26T17:11:30,1787739091,13.822679,100.511673,13.9,-0.0,-1.5,-2.2,156.2,156.2,0.01,-0.01,0.0,24.01,58,POSCTL,0,0
2026-08-26T17:11:31,1787739092,13.822679,100.511673,13.9,-0.0,-1.5,-2.2,156.2,156.2,0.01,-0.01,0.0,24.01,58,POSCTL,0,0
2026-08-26T17:11:32,1787739093,13.822679,100.511674,13.9,-0.0,-1.5,-2.2,156.2,156.2,0.02,-0.01,0.0,24.01,58,POSCTL,0,0
2026-08-26T17:11:33,1787739094,13.822679,100.511674,13.9,-0.0,-1.5,-2.2,156.2,156.2,0.02,0.0,0.0,24.01,58,POSCTL,0,0
2026-08-26T17:11:34,1787739095,13.822679,100.511674,13.9,-0.0,-1.5,-2.2,156.2,156.2,0.02,0.0,0.0,24.01,58,POSCTL,0,0
2026-08-26T17:11:35,1787739096,13.822679,100.511674,13.9,-0.0,-1.5,-2.2,156.2,156.2,0.02,0.0,0.0,24.01,58,POSCTL,0,0
2026-08-26T17:11:36,1787739097,13.822679,100.511674,13.9,-0.0,-1.5,-2.2,156.2,156.2,0.02,0.0,0.0,24.01,58,POSCTL,0,0
2026-08-26T17:11:37,1787739098,13.822679,100.511674,13.9,-0.0,-1.5,-2.2,156.2,156.2,0.02,0.0,0.0,24.01,58,POSCTL,0,0
2026-08-26T17:11:38,1787739099,13.82268,100.511674,13.9,0.0,-1.5,-2.2,156.2,156.2,0.02,-0.02,0.0,24.01,58,POSCTL,0,0
2026-08-26T17:11:39,1787739100,13.82268,100.511674,13.9,0.0,-1.5,-2.2,156.2,156.2,0.02,-0.02,0.0,24.01,58,POSCTL,0,0
2026-08-26T17:11:40,1787739101,13.82268,100.511674,13.9,0.0,-1.5,-2.2,156.2,156.2,0.02,-0.02,0.0,24.01,58,POSCTL,0,0
2026-08-26T17:11:41,1787739102,13.82268,100.511673,13.9,0.0,-1.5,-2.2,156.2,156.2,0.02,-0.02,0.0,24.01,58,POSCTL,0,0
2026-08-26T17:11:42,1787739103,13.82268,100.511673,13.9,0.0,-1.5,-2.2,156.2,156.2,0.02,-0.02,0.0,24.01,58,POSCTL,0,0
2026-08-26T17:11:43,1787739104,13.82268,100.511672,13.9,0.0,-1.5,-2.2,156.2,156.2,0.01,-0.02,0.0,24.01,58,POSCTL,0,0
2026-08-26T17:11:44,1787739105,13.82268,100.511672,13.9,0.0,-1.5,-2.2,156.2,156.2,0.01,-0.02,0.0,24.01,58,POSCTL,0,0
2026-08-26T17:11:45,1787739106,13.82268,100.51167,13.9,0.0,-1.5,-2.2,156.2,156.2,0.0,-0.02,0.0,24.01,58,POSCTL,0,0
2026-08-26T17:11:46,1787739107,13.82268,100.51167,13.9,0.0,-1.5,-2.2,156.2,156.2,0.0,-0.02,0.0,24.01,58,POSCTL,0,0
2026-08-26T17:11:47,1787739108,13.822679,100.51167,13.9,0.01,-1.5,-2.2,156.2,156.2,0.0,-0.02,0.0,24.01,58,POSCTL,0,0
2026-08-26T17:11:48,1787739109,13.82268,100.511671,13.9,0.0,-1.6,-2.2,156.2,156.2,0.01,-0.02,0.0,24.01,58,POSCTL,0,0
2026-08-26T17:11:49,1787739110,13.822679,100.511669,13.9,0.0,-1.6,-2.2,156.2,156.2,0.01,-0.02,0.0,24.01,58,POSCTL,0,0
2026-08-26T17:11:50,1787739111,13.822679,100.511669,13.9,0.0,-1.6,-2.2,156.2,156.2,0.01,-0.02,0.0,24.01,58,POSCTL,0,0
2026-08-26T17:11:51,1787739112,13.822679,100.511669,13.9,0.0,-1.6,-2.2,156.2,156.2,0.01,-0.02,0.0,24.01,58,POSCTL,0,0
2026-08-26T17:11:52,1787739113,13.822679,100.511669,13.9,0.0,-1.6,-2.2,156.2,156.2,0.01,-0.02,0.0,24.01,58,POSCTL,0,0
2026-08-26T17:11:53,1787739114,13.822679,100.511669,13.9,0.0,-1.6,-2.2,156.2,156.2,0.01,-0.02,0.0,24.01,58,POSCTL,0,0
2026-08-26T17:11:56,1787739117,13.822679,100.511669,13.9,0.0,-1.6,-2.2,156.2,156.2,0.01,-0.02,0.0,24.01,58,POSCTL,0,0
2026-08-26T17:11:57,1787739118,13.822677,100.511666,13.9,0.0,-1.6,-2.2,156.2,156.2,0.0,0.0,0.0,24.01,58,POSCTL,0,0
2026-08-26T17:11:58,1787739119,13.822677,100.511666,13.9,0.0,-1.6,-2.2,156.2,156.2,0.0,0.0,0.0,24.01,58,POSCTL,0,0
2026-08-26T17:11:59,1787739120,13.822678,100.511667,13.9,0.0,-1.6,-2.2,156.2,156.2,0.0,0.0,0.0,24.01,58,POSCTL,0,0
2026-08-26T17:12:00,1787739121,13.822678,100.511667,13.9,0.01,-1.6,-2.2,156.2,156.2,0.0,-0.01,0.0,24.01,58,POSCTL,0,0
2026-08-26T17:12:01,1787739122,13.822678,100.511667,13.9,0.01,-1.6,-2.2,156.2,156.2,0.0,-0.01,0.0,24.01,58,POSCTL,0,0
2026-08-26T17:12:02,1787739123,13.822676,100.511668,13.9,0.01,-1.6,-2.2,156.2,156.2,0.0,-0.01,0.0,24.01,58,POSCTL,0,0
2026-08-26T17:12:03,1787739124,13.822676,100.511668,13.9,0.01,-1.6,-2.2,156.2,156.2,0.0,-0.01,0.0,24.01,58,POSCTL,0,0
2026-08-26T17:12:04,1787739125,13.822676,100.511668,13.9,0.01,-1.6,-2.2,156.2,156.2,0.0,-0.01,0.0,24.01,58,POSCTL,0,0
2026-08-26T17:12:05,1787739126,13.822676,100.511668,13.9,0.01,-1.6,-2.2,156.2,156.2,0.0,-0.01,0.0,24.01,58,POSCTL,0,0
2026-08-26T17:12:06,1787739127,13.822676,100.511668,13.9,0.01,-1.6,-2.2,156.2,156.2,0.0,-0.01,0.0,24.01,58,POSCTL,0,0
2026-08-26T17:12:07,1787739128,13.822676,100.511668,13.9,0.01,-1.6,-2.2,156.2,156.2,0.01,0.0,0.0,24.01,58,POSCTL,0,0
2026-08-26T17:12:08,1787739129,13.822676,100.511668,13.9,0.01,-1.6,-2.2,156.2,156.2,0.01,0.0,0.0,24.01,58,POSCTL,0,0
2026-08-26T17:12:09,1787739130,13.822676,100.51167,13.9,0.01,-1.6,-2.2,156.2,156.2,0.0,0.02,0.0,24.01,58,POSCTL,0,0
2026-08-26T17:12:10,1787739131,13.822676,100.511671,13.9,0.01,-1.6,-2.2,156.2,156.2,0.03,0.02,0.0,24.01,58,POSCTL,0,0
2026-08-26T17:12:11,1787739132,13.822677,100.511674,13.9,0.01,-1.6,-2.2,156.2,156.2,0.03,0.02,0.0,24.01,58,POSCTL,0,0
2026-08-26T17:12:12,1787739133,13.822677,100.511674,13.9,0.01,-1.5,-2.2,156.2,156.2,0.03,0.02,0.0,24.01,58,POSCTL,0,0
2026-08-26T17:12:13,1787739134,13.822677,100.511674,13.9,0.01,-1.5,-2.2,156.2,156.2,0.03,0.02,0.0,24.01,58,POSCTL,0,0
2026-08-26T17:12:14,1787739135,13.822677,100.511674,13.9,0.01,-1.5,-2.2,156.2,156.2,0.03,0.02,0.0,24.01,58,POSCTL,0,0
2026-08-26T17:12:15,1787739136,13.822677,100.511674,13.9,0.01,-1.5,-2.2,156.2,156.2,0.03,0.02,0.0,24.01,58,POSCTL,0,0
2026-08-26T17:12:16,1787739137,13.822677,100.511674,13.9,0.01,-1.5,-2.2,156.2,156.2,0.03,0.02,0.0,24.01,58,POSCTL,0,0
2026-08-26T17:12:17,1787739138,13.822677,100.511674,13.9,0.01,-1.5,-2.2,156.2,156.2,0.03,0.02,0.0,24.01,58,POSCTL,0,0
2026-08-26T17:12:18,1787739139,13.822677,100.511674,13.9,0.01,-1.5,-2.2,156.2,156.2,0.0,0.0,0.0,24.01,58,POSCTL,0,0
2026-08-26T17:12:19,1787739140,13.822677,100.511674,13.9,0.01,-1.5,-2.2,156.2,156.2,0.0,0.0,0.0,24.01,58,POSCTL,0,0
2026-08-26T17:12:20,1787739141,13.822676,100.511676,13.9,0.01,-1.5,-2.2,156.2,156.2,0.0,0.0,0.0,24.01,58,POSCTL,0,0
2026-08-26T17:12:21,1787739142,13.822676,100.511675,13.9,0.01,-1.5,-2.2,156.2,156.2,0.0,-0.02,0.0,24.01,58,POSCTL,0,0
2026-08-26T17:12:22,1787739143,13.822676,100.511675,13.9,0.01,-1.5,-2.2,156.2,156.2,0.0,-0.02,0.0,24.01,58,POSCTL,0,0
2026-08-26T17:12:23,1787739144,13.822676,100.511675,13.9,0.01,-1.5,-2.2,156.2,156.2,0.0,-0.02,0.0,24.01,58,POSCTL,0,0
2026-08-26T17:12:24,1787739145,13.822676,100.511675,13.9,0.01,-1.6,-2.2,156.2,156.2,0.0,-0.02,0.0,24.01,58,POSCTL,0,0
2026-08-26T17:12:25,1787739146,13.822676,100.511676,13.9,0.01,-1.6,-2.2,156.2,156.2,0.02,0.01,0.0,24.01,58,POSCTL,0,0
2026-08-26T17:12:26,1787739147,13.822677,100.511677,13.9,0.01,-1.5,-2.2,156.2,156.2,0.02,0.01,0.0,24.01,58,POSCTL,0,0
2026-08-26T17:12:27,1787739148,13.822677,100.511676,13.9,0.01,-1.5,-2.2,156.2,156.2,0.02,0.0,0.0,24.01,58,POSCTL,0,0
2026-08-26T17:12:28,1787739149,13.822677,100.511676,13.9,0.01,-1.5,-2.2,156.2,156.2,0.02,0.0,0.0,24.01,58,POSCTL,0,0
2026-08-26T17:12:29,1787739150,13.82268,100.511678,13.9,0.01,-1.5,-2.2,156.2,156.2,0.03,0.0,0.0,24.01,58,POSCTL,0,0
2026-08-26T17:12:30,1787739151,13.82268,100.511678,13.9,0.01,-1.5,-2.2,156.2,156.2,0.03,0.0,0.0,24.01,58,POSCTL,0,0
2026-08-26T17:12:31,1787739152,13.82268,100.511678,13.9,0.01,-1.5,-2.2,156.2,156.2,0.03,0.0,0.0,24.01,58,POSCTL,0,0
2026-08-26T17:12:32,1787739153,13.82268,100.511678,13.9,0.01,-1.5,-2.2,156.2,156.2,0.03,0.0,0.0,24.01,58,POSCTL,0,0
2026-08-26T17:12:33,1787739154,13.822682,100.511679,13.9,0.01,-1.5,-2.2,156.2,156.2,0.03,0.0,0.0,24.01,58,POSCTL,0,0
2026-08-26T17:12:34,1787739155,13.822682,100.511679,13.9,0.01,-1.5,-2.3,156.2,156.2,0.03,0.0,0.0,24.01,58,POSCTL,0,0
2026-08-26T17:12:35,1787739156,13.822681,100.511678,13.9,0.01,-1.5,-2.3,156.2,156.2,0.02,0.01,0.0,24.01,58,POSCTL,0,0
2026-08-26T17:12:36,1787739157,13.822681,100.511678,13.9,0.01,-1.5,-2.3,156.2,156.2,0.02,0.01,0.0,24.01,58,POSCTL,0,0
2026-08-26T17:12:37,1787739158,13.822681,100.511676,13.9,0.01,-1.5,-2.3,156.2,156.2,-0.02,-0.05,0.0,24.01,58,POSCTL,0,0
2026-08-26T17:12:38,1787739159,13.822681,100.511676,13.9,0.01,-1.5,-2.3,156.2,156.2,-0.02,-0.05,0.0,24.01,58,POSCTL,0,0
2026-08-26T17:12:39,1787739160,13.822681,100.511676,13.9,0.01,-1.5,-2.3,156.2,156.2,-0.02,-0.04,0.0,24.01,58,POSCTL,0,0
2026-08-26T17:12:40,1787739161,13.822681,100.511676,13.9,0.01,-1.5,-2.3,156.2,156.2,-0.02,-0.04,0.0,24.01,58,POSCTL,0,0
2026-08-26T17:12:41,1787739162,13.82268,100.511674,13.9,0.0,-1.5,-2.3,156.2,156.2,-0.02,-0.04,0.0,24.01,58,POSCTL,0,0
2026-08-26T17:12:42,1787739163,13.82268,100.511674,13.9,0.0,-1.5,-2.3,156.2,156.2,-0.02,-0.04,0.0,24.01,58,POSCTL,0,0
2026-08-26T17:12:43,1787739164,13.822679,100.511673,13.9,0.0,-1.5,-2.2,156.2,156.2,-0.02,-0.05,0.0,24.01,58,POSCTL,0,0
2026-08-26T17:12:44,1787739165,13.822679,100.511673,13.9,0.0,-1.5,-2.2,156.2,156.2,-0.02,-0.05,0.0,24.01,58,POSCTL,0,0
2026-08-26T17:12:45,1787739166,13.822677,100.51167,13.9,-0.0,-1.6,-2.3,156.2,156.2,-0.02,-0.03,0.0,24.01,58,POSCTL,0,0
2026-08-26T17:12:46,1787739167,13.822675,100.511667,13.9,-0.0,-1.6,-2.3,156.2,156.2,-0.02,-0.03,0.0,24.01,58,POSCTL,0,0
2026-08-26T17:12:47,1787739168,13.822675,100.511667,13.9,-0.0,-1.6,-2.3,156.2,156.2,-0.02,-0.03,0.0,24.01,58,POSCTL,0,0
2026-08-26T17:12:48,1787739169,13.822675,100.511667,13.9,-0.0,-1.6,-2.3,156.2,156.2,-0.02,-0.03,0.0,24.01,58,POSCTL,0,0
2026-08-26T17:12:49,1787739170,13.822675,100.511667,13.9,-0.0,-1.6,-2.3,156.2,156.2,-0.02,-0.03,0.0,24.01,58,POSCTL,0,0
2026-08-26T17:12:50,1787739171,13.822675,100.511667,13.9,-0.0,-1.6,-2.3,156.2,156.2,-0.02,-0.03,0.0,24.01,58,POSCTL,0,0
2026-08-26T17:12:51,1787739172,13.822675,100.511667,13.9,-0.0,-1.6,-2.3,156.2,156.2,-0.02,-0.03,0.0,24.01,58,POSCTL,0,0
2026-08-26T17:12:53,1787739174,13.822673,100.511665,13.9,0.0,-1.6,-2.2,156.3,156.3,0.0,0.01,0.0,24.01,58,POSCTL,0,0
2026-08-26T17:12:54,1787739175,13.822671,100.511664,13.9,0.0,-1.6,-2.2,156.3,156.3,0.0,0.01,0.0,24.01,58,POSCTL,0,0
2026-08-26T17:12:55,1787739176,13.822672,100.511664,13.9,-0.0,-1.6,-2.2,156.2,156.2,0.0,0.0,0.0,24.01,58,POSCTL,0,0
2026-08-26T17:12:56,1787739177,13.82267,100.511664,13.9,-0.0,-1.6,-2.2,156.2,156.2,0.0,0.0,0.0,24.01,58,POSCTL,0,0
2026-08-26T17:12:57,1787739178,13.82267,100.511664,13.9,-0.0,-1.6,-2.2,156.2,156.2,0.0,0.0,0.0,24.01,58,POSCTL,0,0
2026-08-26T17:12:58,1787739179,13.822669,100.511665,13.9,-0.0,-1.6,-2.2,156.2,156.2,0.0,0.01,0.0,24.01,58,POSCTL,0,0
2026-08-26T17:12:59,1787739180,13.822669,100.511665,13.9,-0.0,-1.6,-2.2,156.2,156.2,0.0,0.01,0.0,24.01,58,POSCTL,0,0
2026-08-26T17:13:00,1787739181,13.822669,100.511665,13.9,-0.0,-1.6,-2.2,156.2,156.2,0.0,0.01,0.0,24.01,58,POSCTL,0,0
2026-08-26T17:13:01,1787739182,13.822669,100.511665,13.9,-0.0,-1.6,-2.2,156.2,156.2,0.0,0.01,0.0,24.01,58,POSCTL,0,0
2026-08-26T17:13:02,1787739183,13.822669,100.511668,13.9,-0.0,-1.6,-2.2,156.3,156.3,0.0,0.01,0.0,24.01,58,POSCTL,0,0
2026-08-26T17:13:03,1787739184,13.822669,100.511668,13.9,-0.0,-1.6,-2.2,156.3,156.3,0.0,0.01,0.0,24.0,58,POSCTL,0,0
2026-08-26T17:13:04,1787739185,13.82267,100.511667,13.9,-0.0,-1.6,-2.2,156.3,156.3,0.01,0.02,0.0,24.0,58,POSCTL,0,0
2026-08-26T17:13:05,1787739186,13.822669,100.511669,13.9,-0.0,-1.5,-2.2,156.3,156.3,0.01,0.02,0.0,24.0,58,POSCTL,0,0
2026-08-26T17:13:06,1787739187,13.822669,100.511669,13.9,-0.0,-1.5,-2.2,156.3,156.3,0.0,0.0,0.0,24.0,58,POSCTL,0,0
2026-08-26T17:13:07,1787739188,13.822669,100.511669,13.9,-0.0,-1.5,-2.2,156.2,156.2,0.0,0.0,0.0,24.0,58,POSCTL,0,0
2026-08-26T17:13:08,1787739189,13.822669,100.51167,13.9,0.0,-1.5,-2.2,156.2,156.2,0.0,0.0,0.0,24.0,58,POSCTL,0,0
2026-08-26T17:13:09,1787739190,13.822669,100.51167,13.9,0.0,-1.5,-2.2,156.3,156.3,0.0,0.0,0.0,24.0,58,POSCTL,0,0
2026-08-26T17:13:16,1787739197,13.822672,100.511672,13.9,-0.0,-1.5,-2.3,156.2,156.2,0.0,-0.02,0.0,24.0,58,POSCTL,0,0
2026-08-26T17:13:17,1787739198,13.822672,100.511672,13.9,-0.0,-1.5,-2.3,156.2,156.2,0.0,-0.02,0.0,24.0,58,POSCTL,0,0
2026-08-26T17:13:18,1787739199,13.822672,100.511672,13.9,-0.0,-1.5,-2.3,156.2,156.2,0.0,-0.02,0.0,24.0,58,POSCTL,0,0
2026-08-26T17:13:19,1787739200,13.822672,100.511671,13.9,-0.01,-1.5,-2.3,156.2,156.2,0.0,-0.01,0.0,24.0,58,POSCTL,0,0
2026-08-26T17:13:20,1787739201,13.822673,100.511671,13.9,-0.01,-1.5,-2.3,156.2,156.2,0.0,-0.01,0.0,24.0,58,POSCTL,0,0
2026-08-26T17:13:21,1787739202,13.822672,100.511671,13.9,-0.01,-1.5,-2.3,156.2,156.2,0.0,-0.02,0.0,24.0,58,POSCTL,0,0
2026-08-26T17:13:22,1787739203,13.822674,100.51167,13.9,-0.01,-1.5,-2.3,156.2,156.2,0.0,-0.02,0.0,24.0,58,POSCTL,0,0
2026-08-26T17:13:23,1787739204,13.822674,100.51167,13.9,-0.01,-1.5,-2.3,156.3,156.3,0.0,-0.02,0.0,24.0,58,POSCTL,0,0
2026-08-26T17:13:24,1787739205,13.822679,100.51167,13.9,-0.0,-1.5,-2.3,156.3,156.3,0.03,-0.01,0.0,24.0,58,POSCTL,0,0
2026-08-26T17:13:25,1787739206,13.822679,100.51167,13.9,-0.0,-1.5,-2.3,156.3,156.3,0.03,-0.01,0.0,24.0,58,POSCTL,0,0
2026-08-26T17:13:26,1787739207,13.822679,100.51167,13.9,-0.0,-1.5,-2.3,156.3,156.3,0.03,-0.01,0.0,24.0,58,POSCTL,0,0
2026-08-26T17:13:31,1787739212,13.822682,100.511669,13.9,0.0,-1.5,-2.3,156.3,156.3,0.01,0.01,0.0,24.0,58,POSCTL,0,0
2026-08-26T17:13:32,1787739213,13.822684,100.511668,13.9,0.0,-1.5,-2.3,156.3,156.3,0.01,0.01,0.0,24.0,58,POSCTL,0,0
2026-08-26T17:13:33,1787739214,13.822684,100.511668,13.9,0.0,-1.6,-2.3,156.3,156.3,0.01,0.01,0.0,24.0,58,POSCTL,0,0
2026-08-26T17:13:34,1787739215,13.822684,100.511669,13.9,0.0,-1.6,-2.3,156.3,156.3,0.01,0.01,0.0,24.0,58,POSCTL,0,0
2026-08-26T17:13:35,1787739216,13.822684,100.511669,13.9,0.0,-1.5,-2.3,156.3,156.3,0.0,0.01,0.0,24.0,58,POSCTL,0,0
2026-08-26T17:13:36,1787739217,13.822684,100.511669,13.9,0.0,-1.5,-2.3,156.3,156.3,0.0,0.01,0.0,24.0,58,POSCTL,0,0
2026-08-26T17:13:37,1787739218,13.822684,100.511669,13.9,0.0,-1.5,-2.3,156.3,156.3,0.0,0.01,0.0,24.0,58,POSCTL,0,0
2026-08-26T17:13:38,1787739219,13.822684,100.511669,13.9,0.0,-1.5,-2.3,156.3,156.3,0.0,0.01,0.0,24.0,58,POSCTL,0,0
2026-08-26T17:13:39,1787739220,13.822686,100.511668,13.9,0.0,-1.5,-2.3,156.3,156.3,0.0,0.01,0.0,24.0,58,POSCTL,0,0
2026-08-26T17:13:40,1787739221,13.822686,100.511668,13.9,0.0,-1.5,-2.3,156.3,156.3,0.0,0.01,0.0,24.0,58,POSCTL,0,0
2026-08-26T17:13:41,1787739222,13.822686,100.511668,13.9,0.0,-1.5,-2.3,156.3,156.3,0.0,0.01,0.0,24.0,58,POSCTL,0,0
2026-08-26T17:13:42,1787739223,13.822685,100.511668,13.9,0.0,-1.5,-2.3,156.3,156.3,-0.01,-0.02,0.0,24.0,58,POSCTL,0,0
2026-08-26T17:13:43,1787739224,13.822685,100.511667,13.9,0.0,-1.5,-2.3,156.3,156.3,0.0,-0.02,0.0,24.0,58,POSCTL,0,0
2026-08-26T17:13:44,1787739225,13.822685,100.511667,13.9,0.0,-1.5,-2.3,156.3,156.3,0.0,-0.02,0.0,24.0,58,POSCTL,0,0
2026-08-26T17:13:45,1787739226,13.822685,100.511666,13.9,0.0,-1.5,-2.3,156.3,156.3,0.0,-0.02,0.0,24.0,58,POSCTL,0,0
2026-08-26T17:13:46,1787739227,13.822685,100.511666,13.9,0.0,-1.5,-2.3,156.3,156.3,0.0,-0.03,0.0,24.0,58,POSCTL,0,0
2026-08-26T17:13:47,1787739228,13.822685,100.511666,13.9,0.0,-1.6,-2.3,156.3,156.3,0.0,-0.03,0.0,24.0,58,POSCTL,0,0
2026-08-26T17:13:48,1787739229,13.822685,100.511666,13.9,0.0,-1.6,-2.3,156.3,156.3,0.0,-0.01,0.0,24.0,57,POSCTL,0,0
2026-08-26T17:13:49,1787739230,13.822685,100.511666,13.9,0.0,-1.6,-2.3,156.3,156.3,0.0,-0.01,0.0,24.0,57,POSCTL,0,0
2026-08-26T17:13:50,1787739231,13.822685,100.511666,13.9,0.0,-1.6,-2.3,156.3,156.3,0.0,0.01,0.0,24.0,57,POSCTL,0,0
2026-08-26T17:13:51,1787739232,13.822685,100.511666,13.9,0.0,-1.6,-2.3,156.3,156.3,0.0,0.01,0.0,24.0,57,POSCTL,0,0
2026-08-26T17:13:52,1787739233,13.822685,100.511667,13.9,0.0,-1.6,-2.3,156.3,156.3,0.0,0.01,0.0,24.0,57,POSCTL,0,0
2026-08-26T17:13:53,1787739234,13.822685,100.511667,13.9,0.0,-1.6,-2.3,156.3,156.3,0.0,0.01,0.0,24.0,57,POSCTL,0,0
2026-08-26T17:13:54,1787739235,13.822685,100.511668,13.9,0.0,-1.6,-2.2,156.3,156.3,0.0,0.01,0.0,24.0,57,POSCTL,0,0
2026-08-26T17:13:55,1787739236,13.822685,100.511668,13.9,0.0,-1.5,-2.2,156.3,156.3,0.0,0.01,0.0,24.0,57,POSCTL,0,0
2026-08-26T17:13:56,1787739237,13.822685,100.511667,13.9,0.0,-1.5,-2.2,156.3,156.3,0.0,0.0,0.0,24.0,57,POSCTL,0,0
2026-08-26T17:13:57,1787739238,13.822684,100.511668,13.9,0.0,-1.5,-2.2,156.3,156.3,0.0,0.0,0.0,24.0,57,POSCTL,0,0
2026-08-26T17:13:58,1787739239,13.822683,100.511668,13.9,0.0,-1.5,-2.2,156.3,156.3,0.0,0.0,0.0,24.0,57,POSCTL,0,0
2026-08-26T17:13:59,1787739240,13.822684,100.511667,13.9,0.0,-1.5,-2.2,156.3,156.3,0.0,-0.01,0.0,24.0,57,POSCTL,0,0
2026-08-26T17:14:00,1787739241,13.822684,100.511667,13.9,0.0,-1.5,-2.2,156.3,156.3,0.0,-0.01,0.0,24.0,57,POSCTL,0,0
2026-08-26T17:14:01,1787739242,13.822684,100.511667,13.9,0.0,-1.5,-2.2,156.3,156.3,0.0,-0.01,0.0,24.0,57,POSCTL,0,0
2026-08-26T17:14:02,1787739243,13.822684,100.511667,13.9,0.0,-1.5,-2.2,156.3,156.3,0.0,-0.01,0.0,24.0,57,POSCTL,0,0
2026-08-26T17:14:03,1787739244,13.822682,100.511668,13.9,0.0,-1.5,-2.2,156.3,156.3,0.0,-0.01,0.0,24.0,57,POSCTL,0,0
2026-08-26T17:14:04,1787739245,13.822682,100.511668,13.9,0.0,-1.5,-2.2,156.3,156.3,0.0,-0.01,0.0,24.0,57,POSCTL,0,0
2026-08-26T17:14:05,1787739246,13.822682,100.511668,13.9,0.0,-1.5,-2.2,156.3,156.3,0.0,0.0,0.0,24.0,57,POSCTL,0,0
2026-08-26T17:14:06,1787739247,13.822682,100.511668,13.9,0.0,-1.5,-2.2,156.3,156.3,0.0,0.0,0.0,24.0,57,POSCTL,0,0
2026-08-26T17:14:07,1787739248,13.82268,100.511669,13.9,0.0,-1.5,-2.2,156.3,156.3,0.0,0.0,0.0,24.0,57,POSCTL,0,0
2026-08-26T17:14:08,1787739249,13.822681,100.511668,13.9,0.0,-1.5,-2.2,156.3,156.3,0.0,0.0,0.0,24.0,57,POSCTL,0,0
2026-08-26T17:14:09,1787739250,13.822681,100.511668,13.9,0.0,-1.5,-2.2,156.3,156.3,0.0,0.0,0.0,24.0,57,POSCTL,0,0
2026-08-26T17:14:10,1787739251,13.822681,100.511668,13.9,0.0,-1.5,-2.2,156.3,156.3,0.0,0.0,0.0,24.0,57,POSCTL,0,0
2026-08-26T17:14:11,1787739252,13.822681,100.511668,13.9,0.0,-1.5,-2.2,156.3,156.3,0.0,0.0,0.0,24.0,57,POSCTL,0,0
2026-08-26T17:14:16,1787739257,13.822677,100.511665,13.9,-0.0,-1.5,-2.2,156.3,156.3,0.0,-0.02,0.0,24.0,57,POSCTL,0,0
2026-08-26T17:14:17,1787739258,13.822677,100.511665,13.9,-0.0,-1.5,-2.2,156.3,156.3,0.0,-0.02,0.0,24.0,57,POSCTL,0,0
2026-08-26T17:14:18,1787739259,13.822677,100.511665,13.9,-0.0,-1.6,-2.2,156.3,156.3,0.0,-0.02,0.0,24.0,57,POSCTL,0,0
2026-08-26T17:14:19,1787739260,13.822676,100.511666,13.9,-0.0,-1.6,-2.2,156.3,156.3,0.0,-0.01,0.0,24.0,57,POSCTL,0,0
2026-08-26T17:14:20,1787739261,13.822676,100.511666,13.9,-0.0,-1.6,-2.2,156.3,156.3,0.0,-0.01,0.0,24.0,57,POSCTL,0,0
2026-08-26T17:14:21,1787739262,13.822676,100.511666,13.9,-0.0,-1.6,-2.2,156.3,156.3,0.0,-0.01,0.0,24.0,57,POSCTL,0,0
2026-08-26T17:14:22,1787739263,13.822676,100.511666,13.9,-0.0,-1.6,-2.2,156.3,156.3,0.0,-0.01,0.0,24.0,57,POSCTL,0,0
2026-08-26T17:14:23,1787739264,13.822676,100.511666,13.9,-0.01,-1.6,-2.2,156.3,156.3,0.0,0.0,0.0,24.0,57,POSCTL,0,0
2026-08-26T17:14:24,1787739265,13.822675,100.511667,13.9,-0.01,-1.6,-2.2,156.3,156.3,0.0,0.0,0.0,24.0,57,POSCTL,0,0
2026-08-26T17:14:25,1787739266,13.822675,100.511667,13.9,-0.01,-1.6,-2.3,156.3,156.3,0.0,0.0,0.0,24.0,57,POSCTL,0,0
2026-08-26T17:14:26,1787739267,13.822674,100.511667,13.9,-0.01,-1.6,-2.3,156.3,156.3,0.0,0.02,0.0,24.0,57,POSCTL,0,0
2026-08-26T17:14:27,1787739268,13.822674,100.511667,13.9,-0.01,-1.6,-2.3,156.3,156.3,0.0,0.02,0.0,24.0,57,POSCTL,0,0
2026-08-26T17:14:28,1787739269,13.822674,100.511667,13.9,-0.01,-1.6,-2.2,156.3,156.3,0.0,0.02,0.0,24.0,57,POSCTL,0,0
2026-08-26T17:14:29,1787739270,13.822674,100.511667,13.9,-0.01,-1.6,-2.2,156.3,156.3,0.0,0.02,0.0,24.0,57,POSCTL,0,0
2026-08-26T17:14:30,1787739271,13.822674,100.511667,13.9,-0.01,-1.6,-2.2,156.3,156.3,0.0,0.02,0.0,24.0,57,POSCTL,0,0
2026-08-26T17:14:31,1787739272,13.822674,100.511667,13.9,-0.01,-1.6,-2.2,156.3,156.3,0.0,0.02,0.0,24.0,57,POSCTL,0,0
2026-08-26T17:14:32,1787739273,13.822674,100.511668,13.9,-0.01,-1.5,-2.2,156.3,156.3,0.0,0.0,0.0,24.0,57,POSCTL,0,0
2026-08-26T17:14:33,1787739274,13.822673,100.51167,13.9,-0.01,-1.5,-2.2,156.3,156.3,0.0,0.0,0.0,24.0,57,POSCTL,0,0
2026-08-26T17:14:34,1787739275,13.822674,100.511669,13.9,-0.01,-1.5,-2.2,156.3,156.3,0.0,0.01,0.0,24.0,57,POSCTL,0,0
2026-08-26T17:14:35,1787739276,13.822673,100.511673,13.9,-0.01,-1.5,-2.2,156.3,156.3,0.0,0.01,0.0,24.0,57,POSCTL,0,0
2026-08-26T17:14:36,1787739277,13.822673,100.51167,13.9,-0.01,-1.5,-2.2,156.3,156.3,0.0,0.02,0.0,24.0,57,POSCTL,0,0
2026-08-26T17:14:37,1787739278,13.822674,100.511673,13.9,-0.01,-1.5,-2.2,156.3,156.3,0.0,0.02,0.0,24.0,57,POSCTL,0,0
2026-08-26T17:14:38,1787739279,13.822674,100.511673,13.9,-0.01,-1.5,-2.2,156.3,156.3,0.0,0.02,0.0,24.0,57,POSCTL,0,0
2026-08-26T17:14:39,1787739280,13.822674,100.511673,13.9,-0.01,-1.5,-2.2,156.3,156.3,0.0,0.02,0.0,24.0,57,POSCTL,0,0
2026-08-26T17:14:40,1787739281,13.822674,100.511673,13.9,-0.01,-1.5,-2.2,156.3,156.3,0.0,0.02,0.0,24.0,57,POSCTL,0,0
2026-08-26T17:14:41,1787739282,13.822674,100.511672,13.9,-0.01,-1.5,-2.2,156.3,156.3,0.01,0.0,0.0,24.0,57,POSCTL,0,0
2026-08-26T17:14:42,1787739283,13.822674,100.511672,13.9,-0.01,-1.5,-2.2,156.3,156.3,0.01,0.0,0.0,24.0,57,POSCTL,0,0
2026-08-26T17:14:43,1787739284,13.822674,100.511672,13.9,-0.01,-1.5,-2.2,156.3,156.3,0.0,-0.02,0.0,24.0,57,POSCTL,0,0
2026-08-26T17:14:44,1787739285,13.822674,100.511672,13.9,-0.01,-1.5,-2.2,156.3,156.3,0.0,-0.02,0.0,24.0,57,POSCTL,0,0
2026-08-26T17:14:45,1787739286,13.822674,100.511672,13.9,-0.01,-1.5,-2.2,156.3,156.3,0.0,-0.03,0.0,24.0,57,POSCTL,0,0
2026-08-26T17:14:46,1787739287,13.822674,100.511672,13.9,-0.01,-1.5,-2.2,156.3,156.3,0.0,-0.03,0.0,24.0,57,POSCTL,0,0
2026-08-26T17:14:49,1787739290,13.822674,100.511672,13.9,-0.01,-1.5,-2.2,156.3,156.3,0.0,-0.03,0.0,24.0,57,POSCTL,0,0
2026-08-26T17:14:50,1787739291,13.822675,100.51167,13.9,-0.01,-1.5,-2.3,156.3,156.3,0.0,-0.03,0.0,24.0,57,POSCTL,0,0
2026-08-26T17:14:51,1787739292,13.822675,100.51167,13.9,-0.0,-1.5,-2.3,156.3,156.3,0.0,-0.01,0.0,24.0,57,POSCTL,0,0
2026-08-26T17:14:52,1787739293,13.822676,100.511669,13.9,-0.0,-1.5,-2.2,156.3,156.3,0.0,-0.01,0.0,24.0,57,POSCTL,0,0
2026-08-26T17:14:53,1787739294,13.822676,100.511669,13.9,-0.0,-1.5,-2.2,156.3,156.3,0.0,-0.01,0.0,24.0,57,POSCTL,0,0
2026-08-26T17:14:54,1787739295,13.822676,100.511669,13.9,-0.0,-1.6,-2.2,156.3,156.3,0.02,0.0,0.0,24.0,57,POSCTL,0,0
2026-08-26T17:14:55,1787739296,13.822676,100.511669,13.9,-0.0,-1.6,-2.3,156.3,156.3,0.02,0.0,0.0,24.0,57,POSCTL,0,0
2026-08-26T17:14:56,1787739297,13.822676,100.511669,13.9,-0.0,-1.6,-2.3,156.3,156.3,0.02,0.0,0.0,24.0,57,POSCTL,0,0
2026-08-26T17:14:57,1787739298,13.822676,100.511669,13.9,-0.0,-1.6,-2.3,156.3,156.3,0.02,0.0,0.0,24.0,57,POSCTL,0,0
2026-08-26T17:14:58,1787739299,13.822677,100.511671,13.9,0.0,-1.6,-2.3,156.3,156.3,0.02,0.03,0.0,24.0,57,POSCTL,0,0
2026-08-26T17:14:59,1787739300,13.822683,100.511681,13.9,0.0,-1.6,-2.3,156.3,156.3,0.02,0.03,0.0,24.0,57,POSCTL,0,0
2026-08-26T17:15:00,1787739301,13.822683,100.511681,13.9,0.0,-1.6,-2.3,156.3,156.3,0.06,0.1,0.0,24.0,57,POSCTL,0,0
2026-08-26T17:15:01,1787739302,13.822683,100.511681,13.9,0.0,-1.5,-2.3,156.3,156.3,0.06,0.1,0.0,24.0,57,POSCTL,0,0
2026-08-26T17:15:02,1787739303,13.822683,100.51168,13.9,0.0,-1.5,-2.3,156.3,156.3,0.05,0.08,0.0,24.0,57,POSCTL,0,0
2026-08-26T17:15:03,1787739304,13.822691,100.511693,13.9,0.0,-1.5,-2.3,156.3,156.3,0.05,0.08,0.0,24.0,57,POSCTL,0,0
2026-08-26T17:15:04,1787739305,13.822691,100.511693,13.9,0.0,-1.5,-2.3,156.3,156.3,0.05,0.08,0.0,24.0,57,POSCTL,0,0
2026-08-26T17:15:05,1787739306,13.822698,100.511702,13.9,0.0,-1.5,-2.3,156.3,156.3,0.05,0.08,0.0,24.0,57,POSCTL,0,0
2026-08-26T17:15:06,1787739307,13.822698,100.511702,13.9,0.0,-1.5,-2.3,156.3,156.3,0.05,0.08,0.0,24.0,57,POSCTL,0,0
2026-08-26T17:15:07,1787739308,13.822707,100.511716,13.9,0.0,-1.5,-2.3,156.3,156.3,0.07,0.11,0.0,24.0,57,POSCTL,0,0
2026-08-26T17:15:08,1787739309,13.8227,100.511706,14.0,0.0,-1.3,-2.3,156.3,156.3,0.07,0.12,0.0,24.0,57,POSCTL,0,0
2026-08-26T17:15:09,1787739310,13.822709,100.511719,14.0,0.0,-1.2,-2.4,156.3,156.3,0.07,0.12,0.0,24.0,57,POSCTL,0,0
2026-08-26T17:15:10,1787739311,13.822704,100.511712,14.0,0.01,-1.2,-2.4,156.3,156.3,0.05,0.1,0.0,24.0,57,POSCTL,0,0
2026-08-26T17:15:11,1787739312,13.822707,100.511716,14.0,0.01,-1.1,-2.4,156.3,156.3,0.05,0.1,0.0,24.0,57,POSCTL,0,0
2026-08-26T17:15:12,1787739313,13.822707,100.511716,14.0,0.01,-1.1,-2.4,156.3,156.3,0.05,0.1,0.0,24.0,57,POSCTL,0,0
2026-08-26T17:15:13,1787739314,13.822707,100.511716,14.0,0.01,-1.1,-2.4,156.3,156.3,0.05,0.1,0.0,24.0,57,POSCTL,0,0
2026-08-26T17:15:14,1787739315,13.822707,100.511716,14.0,0.01,-1.1,-2.4,156.3,156.3,0.05,0.1,0.0,24.0,57,POSCTL,0,0
2026-08-26T17:15:15,1787739316,13.822707,100.511716,14.0,0.01,-1.1,-2.4,156.3,156.3,0.05,0.1,0.0,24.0,57,POSCTL,0,0
2026-08-26T17:15:17,1787739318,13.822707,100.511716,14.0,0.01,-1.1,-2.4,156.3,156.3,0.05,0.1,0.0,24.0,57,POSCTL,0,0
2026-08-26T17:15:18,1787739319,13.822707,100.511716,14.0,0.01,-1.5,-2.2,156.3,156.3,0.05,0.1,0.0,24.0,57,POSCTL,0,0
2026-08-26T17:15:19,1787739320,13.822695,100.511704,14.0,0.01,-1.5,-2.2,156.3,156.3,-0.05,-0.09,0.0,24.0,57,POSCTL,0,0
2026-08-26T17:15:20,1787739321,13.822695,100.511704,14.0,0.01,-1.6,-2.2,156.3,156.3,-0.05,-0.09,0.0,23.99,57,POSCTL,0,0
2026-08-26T17:15:21,1787739322,13.822693,100.5117,14.0,0.0,-1.6,-2.2,156.3,156.3,-0.03,-0.07,0.0,23.99,57,POSCTL,0,0
2026-08-26T17:15:22,1787739323,13.822696,100.511703,14.0,0.0,-1.6,-2.2,156.3,156.3,-0.03,-0.09,0.0,23.99,57,POSCTL,0,0
2026-08-26T17:15:23,1787739324,13.822696,100.511703,14.0,0.0,-1.6,-2.2,156.3,156.3,-0.03,-0.09,0.0,23.99,57,POSCTL,0,0
2026-08-26T17:15:24,1787739325,13.822696,100.511703,14.0,0.0,-1.6,-2.2,156.3,156.3,-0.03,-0.09,0.0,23.99,57,POSCTL,0,0
2026-08-26T17:15:25,1787739326,13.822696,100.511703,14.0,0.0,-1.6,-2.2,156.3,156.3,-0.03,-0.09,0.0,23.99,57,POSCTL,0,0
2026-08-26T17:15:26,1787739327,13.822696,100.511703,14.0,0.0,-1.6,-2.2,156.3,156.3,-0.03,-0.09,0.0,23.99,57,POSCTL,0,0
2026-08-26T17:15:27,1787739328,13.822696,100.511703,14.0,0.0,-1.6,-2.2,156.3,156.3,-0.03,-0.09,0.0,23.99,57,POSCTL,0,0
2026-08-26T17:15:28,1787739329,13.822696,100.511703,14.0,0.0,-1.6,-2.2,156.3,156.3,-0.03,-0.09,0.0,23.99,57,POSCTL,0,0
2026-08-26T17:15:29,1787739330,13.822696,100.511703,14.0,0.0,-1.6,-2.2,156.3,156.3,-0.03,-0.09,0.0,23.99,57,POSCTL,0,0
2026-08-26T17:15:30,1787739331,13.822684,100.511686,14.0,0.0,-1.6,-2.2,156.3,156.3,-0.03,-0.09,0.0,23.99,57,POSCTL,0,0
2026-08-26T17:15:31,1787739332,13.822684,100.511686,14.0,0.0,-1.7,-2.2,156.4,156.4,-0.03,-0.09,0.0,23.99,57,POSCTL,0,0
2026-08-26T17:15:32,1787739333,13.822684,100.511685,13.9,-0.01,-1.7,-2.2,156.4,156.4,0.0,-0.02,0.0,23.99,57,POSCTL,0,0
2026-08-26T17:15:33,1787739334,13.822684,100.511685,13.9,-0.01,-1.7,-2.2,156.4,156.4,0.0,-0.02,0.0,23.99,57,POSCTL,0,0
2026-08-26T17:15:34,1787739335,13.822684,100.511686,13.9,0.0,-1.7,-2.2,156.4,156.4,0.0,0.0,0.0,23.99,57,POSCTL,0,0
2026-08-26T17:15:35,1787739336,13.822681,100.511682,13.9,0.0,-1.7,-2.2,156.4,156.4,0.0,0.0,0.0,23.99,57,POSCTL,0,0
2026-08-26T17:15:36,1787739337,13.822683,100.511684,13.9,-0.0,-1.7,-2.2,156.4,156.4,-0.01,0.0,0.0,23.99,57,POSCTL,0,0
2026-08-26T17:15:37,1787739338,13.822683,100.511684,13.9,-0.0,-1.7,-2.2,156.4,156.4,-0.01,0.0,0.0,23.99,57,POSCTL,0,0
2026-08-26T17:15:38,1787739339,13.822683,100.511684,13.9,-0.0,-1.7,-2.2,156.4,156.4,-0.01,0.0,0.0,23.99,57,POSCTL,0,0
2026-08-26T17:15:39,1787739340,13.822683,100.511684,13.9,-0.0,-1.7,-2.2,156.4,156.4,-0.01,0.0,0.0,23.99,57,POSCTL,0,0
2026-08-26T17:15:40,1787739341,13.822687,100.511691,13.9,-0.0,-1.7,-2.2,156.4,156.4,0.01,0.04,0.0,23.99,57,POSCTL,0,0
2026-08-26T17:15:41,1787739342,13.822687,100.511691,13.9,-0.0,-1.7,-2.2,156.4,156.4,0.01,0.04,0.0,23.99,57,POSCTL,0,0
2026-08-26T17:15:42,1787739343,13.822701,100.511709,13.9,0.0,-1.7,-2.2,156.4,156.4,0.14,0.16,0.0,23.99,57,POSCTL,0,0
2026-08-26T17:15:43,1787739344,13.822701,100.511709,13.9,0.0,-1.6,-2.2,156.4,156.4,0.14,0.16,0.0,23.99,57,POSCTL,0,0
2026-08-26T17:15:44,1787739345,13.822704,100.511713,13.9,0.0,-1.6,-2.2,156.4,156.4,0.16,0.18,0.0,23.99,57,POSCTL,0,0
2026-08-26T17:15:45,1787739346,13.822704,100.511713,13.9,0.0,-1.6,-2.2,156.4,156.4,0.16,0.18,0.0,23.99,57,POSCTL,0,0
2026-08-26T17:15:46,1787739347,13.822704,100.511713,13.9,0.0,-1.3,-2.3,156.3,156.3,0.16,0.18,0.0,23.99,57,POSCTL,0,0
2026-08-26T17:15:47,1787739348,13.822704,100.511713,13.9,0.0,-1.3,-2.3,156.3,156.3,0.16,0.18,0.0,23.99,57,POSCTL,0,0
2026-08-26T17:15:48,1787739349,13.822704,100.511713,13.9,0.0,-1.2,-2.3,156.3,156.3,0.16,0.18,0.0,23.99,57,POSCTL,0,0
2026-08-26T17:15:49,1787739350,13.822713,100.511724,14.0,0.01,-1.2,-2.3,156.3,156.3,0.07,0.09,0.0,23.99,57,POSCTL,0,0
2026-08-26T17:15:50,1787739351,13.822711,100.51172,14.0,0.01,-1.1,-2.4,156.3,156.3,0.0,-0.02,0.0,23.99,57,POSCTL,0,0
2026-08-26T17:15:51,1787739352,13.822711,100.51172,14.0,0.01,-1.1,-2.4,156.3,156.3,0.0,-0.02,0.0,23.99,57,POSCTL,0,0
2026-08-26T17:15:52,1787739353,13.82271,100.51172,14.0,0.0,-1.1,-2.4,156.3,156.3,-0.05,-0.08,0.0,23.99,57,POSCTL,0,0
2026-08-26T17:15:53,1787739354,13.82271,100.511718,14.0,0.0,-1.1,-2.4,156.3,156.3,-0.05,-0.08,0.0,23.99,57,POSCTL,0,0
2026-08-26T17:15:54,1787739355,13.82271,100.511718,14.0,0.0,-1.1,-2.4,156.3,156.3,-0.05,-0.08,0.0,23.99,57,POSCTL,0,0
2026-08-26T17:15:55,1787739356,13.82271,100.511718,14.0,0.0,-1.1,-2.4,156.3,156.3,-0.05,-0.08,0.0,23.99,57,POSCTL,0,0
2026-08-26T17:15:56,1787739357,13.82271,100.511718,14.0,0.0,-1.1,-2.4,156.3,156.3,-0.05,-0.08,0.0,23.99,57,POSCTL,0,0
2026-08-26T17:15:57,1787739358,13.82271,100.511718,14.0,0.0,-1.1,-2.4,156.3,156.3,-0.05,-0.08,0.0,23.99,57,POSCTL,0,0
2026-08-26T17:15:58,1787739359,13.822703,100.51171,14.0,0.0,-1.5,-2.2,156.3,156.3,-0.04,-0.06,0.0,23.99,57,POSCTL,0,0
2026-08-26T17:15:59,1787739360,13.822703,100.51171,14.0,0.0,-1.5,-2.2,156.3,156.3,-0.04,-0.06,0.0,23.99,57,POSCTL,0,0
2026-08-26T17:16:00,1787739361,13.822702,100.511709,14.0,0.0,-1.6,-2.2,156.3,156.3,-0.03,-0.04,0.0,23.99,57,POSCTL,0,0
2026-08-26T17:16:01,1787739362,13.822702,100.511709,14.0,0.0,-1.6,-2.2,156.3,156.3,-0.03,-0.04,0.0,23.99,57,POSCTL,0,0
2026-08-26T17:16:02,1787739363,13.822703,100.51171,14.0,-0.0,-1.6,-2.2,156.3,156.3,-0.03,-0.02,0.0,23.99,57,POSCTL,0,0
2026-08-26T17:16:03,1787739364,13.8227,100.511706,14.0,-0.0,-1.6,-2.2,156.3,156.3,-0.03,-0.02,0.0,23.99,57,POSCTL,0,0
2026-08-26T17:16:04,1787739365,13.8227,100.511706,14.0,-0.0,-1.6,-2.2,156.3,156.3,-0.03,-0.02,0.0,23.99,57,POSCTL,0,0
2026-08-26T17:16:05,1787739366,13.8227,100.511706,14.0,-0.0,-1.6,-2.2,156.3,156.3,-0.03,-0.02,0.0,23.99,57,POSCTL,0,0
2026-08-26T17:16:06,1787739367,13.8227,100.511706,14.0,-0.0,-1.6,-2.2,156.3,156.3,-0.03,-0.02,0.0,23.99,57,POSCTL,0,0
2026-08-26T17:16:07,1787739368,13.8227,100.511706,14.0,-0.0,-1.6,-2.2,156.3,156.3,-0.03,-0.02,0.0,23.99,57,POSCTL,0,0
2026-08-26T17:16:08,1787739369,13.8227,100.511706,14.0,-0.0,-1.6,-2.2,156.3,156.3,-0.03,-0.02,0.0,23.99,57,POSCTL,0,0
2026-08-26T17:16:09,1787739370,13.8227,100.511706,14.0,-0.0,-1.6,-2.2,156.3,156.3,-0.03,-0.02,0.0,23.99,57,POSCTL,0,0
2026-08-26T17:16:10,1787739371,13.822691,100.511692,13.9,-0.0,-1.7,-2.2,156.3,156.3,-0.02,-0.04,0.0,23.99,57,POSCTL,0,0
2026-08-26T17:16:11,1787739372,13.822691,100.511692,13.9,-0.0,-1.7,-2.2,156.3,156.3,-0.02,-0.04,0.0,23.99,57,POSCTL,0,0
2026-08-26T17:16:12,1787739373,13.822693,100.511695,13.9,-0.01,-1.7,-2.2,156.4,156.4,-0.04,-0.02,0.0,23.99,57,POSCTL,0,0
2026-08-26T17:16:13,1787739374,13.822689,100.511691,13.9,-0.01,-1.7,-2.2,156.4,156.4,-0.04,-0.02,0.0,23.99,57,POSCTL,0,0
2026-08-26T17:16:14,1787739375,13.822689,100.511691,13.9,-0.01,-1.7,-2.2,156.4,156.4,-0.04,-0.02,0.0,23.99,57,POSCTL,0,0
2026-08-26T17:16:15,1787739376,13.822689,100.511691,13.9,-0.01,-1.7,-2.2,156.4,156.4,-0.04,-0.02,0.0,23.99,57,POSCTL,0,0
2026-08-26T17:16:16,1787739377,13.822689,100.511691,13.9,-0.01,-1.7,-2.2,156.4,156.4,-0.04,-0.02,0.0,23.99,57,POSCTL,0,0
2026-08-26T17:16:17,1787739378,13.822688,100.51169,13.9,-0.0,-1.7,-2.2,156.4,156.4,-0.02,-0.01,0.0,23.99,57,POSCTL,0,0
2026-08-26T17:16:18,1787739379,13.822688,100.51169,13.9,-0.0,-1.7,-2.2,156.4,156.4,-0.02,-0.01,0.0,23.99,57,POSCTL,0,0
2026-08-26T17:16:19,1787739380,13.822688,100.51169,13.9,-0.0,-1.7,-2.2,156.4,156.4,-0.02,-0.01,0.0,23.99,57,POSCTL,0,0
2026-08-26T17:16:20,1787739381,13.822684,100.51168,13.9,-0.0,-1.7,-2.2,156.4,156.4,0.0,-0.03,0.0,23.99,57,POSCTL,0,0
2026-08-26T17:16:21,1787739382,13.822685,100.511682,13.9,-0.0,-1.7,-2.2,156.4,156.4,0.0,-0.03,0.0,23.99,57,POSCTL,0,0
2026-08-26T17:16:22,1787739383,13.822683,100.511679,13.9,-0.0,-1.7,-2.2,156.4,156.4,0.0,-0.03,0.0,23.99,57,POSCTL,0,0
2026-08-26T17:16:23,1787739384,13.822683,100.511679,13.9,-0.0,-1.7,-2.3,156.4,156.4,0.0,-0.03,0.0,23.99,57,POSCTL,0,0
2026-08-26T17:16:24,1787739385,13.822683,100.511679,13.9,-0.0,-1.7,-2.3,156.4,156.4,0.0,-0.03,0.0,23.99,57,POSCTL,0,0
2026-08-26T17:16:25,1787739386,13.822683,100.511679,13.9,-0.0,-1.7,-2.3,156.4,156.4,0.0,-0.03,0.0,23.99,57,POSCTL,0,0
2026-08-26T17:16:26,1787739387,13.822683,100.511679,13.9,-0.0,-1.7,-2.3,156.4,156.4,0.0,-0.03,0.0,23.99,57,POSCTL,0,0
2026-08-26T17:16:27,1787739388,13.822682,100.511676,13.9,-0.0,-1.7,-2.2,156.4,156.4,0.0,0.01,0.0,23.99,57,POSCTL,0,0
2026-08-26T17:16:28,1787739389,13.822682,100.511674,13.9,-0.0,-1.7,-2.2,156.4,156.4,0.0,0.01,0.0,23.99,57,POSCTL,0,0
2026-08-26T17:16:29,1787739390,13.822682,100.511674,13.9,-0.0,-1.6,-2.2,156.4,156.4,0.0,0.01,0.0,23.99,57,POSCTL,0,0
2026-08-26T17:16:30,1787739391,13.822682,100.511673,13.9,-0.0,-1.6,-2.2,156.4,156.4,0.01,-0.01,0.0,23.99,57,POSCTL,0,0
2026-08-26T17:16:31,1787739392,13.822682,100.511673,13.9,-0.0,-1.6,-2.2,156.4,156.4,0.01,-0.01,0.0,23.99,57,POSCTL,0,0
2026-08-26T17:16:32,1787739393,13.822682,100.511673,13.9,-0.0,-1.6,-2.2,156.4,156.4,0.01,-0.01,0.0,23.99,57,POSCTL,0,0
2026-08-26T17:16:33,1787739394,13.822682,100.511673,13.9,-0.0,-1.6,-2.2,156.4,156.4,0.01,-0.01,0.0,23.99,57,POSCTL,0,0
2026-08-26T17:16:34,1787739395,13.822682,100.511673,13.9,-0.0,-1.6,-2.2,156.4,156.4,0.01,-0.01,0.0,23.99,57,POSCTL,0,0
2026-08-26T17:16:35,1787739396,13.822682,100.511673,13.9,-0.0,-1.6,-2.2,156.4,156.4,0.01,-0.01,0.0,23.99,57,POSCTL,0,0
2026-08-26T17:16:36,1787739397,13.822683,100.511667,13.9,-0.0,-1.6,-2.3,156.4,156.4,0.0,0.0,0.0,23.99,57,POSCTL,0,0
2026-08-26T17:16:37,1787739398,13.822683,100.511667,13.9,-0.0,-1.6,-2.3,156.4,156.4,0.0,0.0,0.0,23.99,57,POSCTL,0,0
2026-08-26T17:16:38,1787739399,13.822683,100.511666,13.9,-0.0,-1.6,-2.3,156.4,156.4,0.0,0.0,0.0,23.99,57,POSCTL,0,0
2026-08-26T17:16:39,1787739400,13.822683,100.511666,13.9,-0.0,-1.6,-2.3,156.4,156.4,0.0,0.0,0.0,23.99,57,POSCTL,0,0
2026-08-26T17:16:40,1787739401,13.822684,100.511663,13.9,0.0,-1.6,-2.2,156.4,156.4,0.0,-0.02,0.0,23.99,57,POSCTL,0,0
2026-08-26T17:16:41,1787739402,13.822684,100.511663,13.9,0.0,-1.6,-2.2,156.4,156.4,0.0,-0.02,0.0,23.99,57,POSCTL,0,0
2026-08-26T17:16:42,1787739403,13.822684,100.511663,13.9,0.0,-1.6,-2.2,156.4,156.4,0.0,-0.02,0.0,23.99,57,POSCTL,0,0
2026-08-26T17:16:43,1787739404,13.822684,100.511663,13.9,0.0,-1.6,-2.2,156.4,156.4,0.0,-0.02,0.0,23.99,57,POSCTL,0,0
2026-08-26T17:16:44,1787739405,13.822684,100.511663,13.9,0.0,-1.6,-2.2,156.4,156.4,0.0,-0.02,0.0,23.99,57,POSCTL,0,0
2026-08-26T17:16:45,1787739406,13.822684,100.51166,13.9,0.0,-1.6,-2.2,156.4,156.4,0.03,-0.01,0.0,23.99,57,POSCTL,0,0
2026-08-26T17:16:46,1787739407,13.822684,100.51166,13.9,0.0,-1.6,-2.3,156.4,156.4,0.03,-0.01,0.0,23.99,57,POSCTL,0,0
2026-08-26T17:16:47,1787739408,13.822683,100.511659,13.9,0.0,-1.6,-2.3,156.4,156.4,0.01,-0.01,0.0,23.99,57,POSCTL,0,0
2026-08-26T17:16:48,1787739409,13.822683,100.511658,13.9,-0.0,-1.6,-2.3,156.4,156.4,-0.01,-0.01,0.0,23.99,57,POSCTL,0,0
2026-08-26T17:16:49,1787739410,13.822683,100.511658,13.9,-0.0,-1.6,-2.3,156.4,156.4,-0.01,-0.01,0.0,23.99,57,POSCTL,0,0
2026-08-26T17:16:50,1787739411,13.822683,100.511658,13.9,-0.0,-1.6,-2.3,156.4,156.4,-0.01,-0.01,0.0,23.99,57,POSCTL,0,0
2026-08-26T17:16:51,1787739412,13.822683,100.511658,13.9,-0.0,-1.6,-2.3,156.4,156.4,-0.01,-0.01,0.0,23.99,57,POSCTL,0,0
2026-08-26T17:16:52,1787739413,13.822683,100.511658,13.9,-0.0,-1.6,-2.3,156.4,156.4,-0.01,-0.01,0.0,23.99,57,POSCTL,0,0
2026-08-26T17:16:53,1787739414,13.822681,100.511656,13.9,-0.0,-1.6,-2.3,156.4,156.4,-0.01,-0.01,0.0,23.99,57,POSCTL,0,0
2026-08-26T17:16:54,1787739415,13.822681,100.511656,13.9,-0.0,-1.6,-2.3,156.4,156.4,-0.01,-0.01,0.0,23.99,57,POSCTL,0,0
2026-08-26T17:16:55,1787739416,13.822681,100.511655,13.9,-0.0,-1.6,-2.3,156.4,156.4,0.0,0.0,0.0,23.99,57,POSCTL,0,0
2026-08-26T17:16:56,1787739417,13.822681,100.511655,13.9,-0.0,-1.6,-2.2,156.4,156.4,0.0,0.0,0.0,23.99,57,POSCTL,0,0
2026-08-26T17:16:57,1787739418,13.822681,100.511654,13.9,-0.0,-1.6,-2.3,156.4,156.4,0.02,-0.01,0.0,23.99,57,POSCTL,0,0
2026-08-26T17:16:58,1787739419,13.82268,100.511653,13.9,-0.0,-1.6,-2.3,156.4,156.4,0.0,0.0,0.0,23.99,57,POSCTL,0,0
2026-08-26T17:16:59,1787739420,13.82268,100.511653,13.9,-0.0,-1.6,-2.3,156.4,156.4,0.0,0.0,0.0,23.99,57,POSCTL,0,0
2026-08-26T17:17:00,1787739421,13.82268,100.511653,13.9,-0.0,-1.6,-2.3,156.4,156.4,0.0,0.0,0.0,23.99,57,POSCTL,0,0
2026-08-26T17:17:01,1787739422,13.82268,100.511653,13.9,-0.0,-1.6,-2.3,156.4,156.4,0.0,0.0,0.0,23.99,57,POSCTL,0,0
2026-08-26T17:17:02,1787739423,13.82268,100.511653,13.9,-0.0,-1.6,-2.3,156.4,156.4,0.0,0.0,0.0,23.99,57,POSCTL,0,0
2026-08-26T17:17:03,1787739424,13.82268,100.511653,13.9,-0.0,-1.5,-2.2,156.4,156.4,0.0,0.0,0.0,23.99,57,POSCTL,0,0
2026-08-26T17:17:04,1787739425,13.82268,100.511652,13.9,-0.0,-1.5,-2.2,156.4,156.4,0.0,0.0,0.0,23.99,57,POSCTL,0,0
2026-08-26T17:17:05,1787739426,13.82268,100.511653,13.9,-0.01,-1.5,-2.3,156.4,156.4,0.0,0.0,0.0,23.99,57,POSCTL,0,0
2026-08-26T17:17:06,1787739427,13.82268,100.511652,13.9,-0.01,-1.5,-2.3,156.4,156.4,0.0,0.0,0.0,23.99,57,POSCTL,0,0
2026-08-26T17:17:07,1787739428,13.82268,100.511652,13.9,-0.01,-1.5,-2.3,156.4,156.4,0.0,0.0,0.0,23.99,57,POSCTL,0,0
2026-08-26T17:17:08,1787739429,13.822679,100.511652,13.9,-0.01,-1.5,-2.3,156.4,156.4,0.0,-0.01,0.0,23.99,57,POSCTL,0,0
2026-08-26T17:17:09,1787739430,13.822679,100.511652,13.9,-0.01,-1.5,-2.3,156.4,156.4,0.0,-0.01,0.0,23.99,57,POSCTL,0,0
2026-08-26T17:17:10,1787739431,13.822679,100.511651,13.9,-0.01,-1.5,-2.3,156.4,156.4,0.0,-0.01,0.0,23.99,57,POSCTL,0,0
2026-08-26T17:17:13,1787739434,13.822679,100.511651,13.9,-0.01,-1.5,-2.3,156.4,156.4,0.0,0.0,0.0,23.99,57,POSCTL,0,0
2026-08-26T17:17:14,1787739435,13.822679,100.511651,13.9,-0.01,-1.5,-2.3,156.4,156.4,0.0,0.0,0.0,23.99,57,POSCTL,0,0
2026-08-26T17:17:15,1787739436,13.822679,100.511651,13.9,-0.01,-1.5,-2.3,156.4,156.4,0.0,0.0,0.0,23.99,57,POSCTL,0,0
2026-08-26T17:17:16,1787739437,13.822678,100.511651,13.9,-0.01,-1.5,-2.3,156.4,156.4,-0.03,0.0,0.0,23.99,57,POSCTL,0,0
2026-08-26T17:17:17,1787739438,13.822678,100.511651,13.9,-0.01,-1.5,-2.3,156.4,156.4,-0.03,0.0,0.0,23.99,57,POSCTL,0,0
2026-08-26T17:17:18,1787739439,13.822678,100.511651,13.9,-0.01,-1.5,-2.3,156.4,156.4,-0.03,0.0,0.0,23.99,57,POSCTL,0,0
2026-08-26T17:17:19,1787739440,13.822678,100.511651,13.9,-0.01,-1.5,-2.3,156.4,156.4,-0.03,0.0,0.0,23.99,57,POSCTL,0,0
2026-08-26T17:17:20,1787739441,13.822678,100.511651,13.9,-0.01,-1.5,-2.3,156.4,156.4,-0.03,0.0,0.0,23.99,57,POSCTL,0,0
2026-08-26T17:17:21,1787739442,13.822677,100.511651,13.9,0.0,-1.5,-2.3,156.4,156.4,0.0,0.0,0.0,23.99,57,POSCTL,0,0
2026-08-26T17:17:22,1787739443,13.822677,100.511651,13.9,0.0,-1.5,-2.3,156.4,156.4,0.0,0.0,0.0,23.99,57,POSCTL,0,0
2026-08-26T17:17:23,1787739444,13.822677,100.511651,13.9,-0.0,-1.5,-2.2,156.4,156.4,0.0,0.0,0.0,23.99,57,POSCTL,0,0
2026-08-26T17:17:24,1787739445,13.822677,100.511651,13.9,-0.0,-1.6,-2.2,156.4,156.4,0.0,0.0,0.0,23.99,57,POSCTL,0,0
2026-08-26T17:17:25,1787739446,13.822677,100.511651,13.9,0.0,-1.6,-2.2,156.4,156.4,0.01,0.02,0.0,23.99,57,POSCTL,0,0
2026-08-26T17:17:26,1787739447,13.822677,100.511651,13.9,-0.0,-1.6,-2.2,156.4,156.4,0.01,0.02,0.0,23.99,57,POSCTL,0,0
2026-08-26T17:17:27,1787739448,13.822677,100.511651,13.9,-0.0,-1.6,-2.2,156.4,156.4,0.01,0.02,0.0,23.99,57,POSCTL,0,0
2026-08-26T17:17:28,1787739449,13.822677,100.511651,13.9,-0.0,-1.6,-2.2,156.4,156.4,0.01,0.02,0.0,23.99,57,POSCTL,0,0
2026-08-26T17:17:29,1787739450,13.822677,100.511651,13.9,-0.0,-1.6,-2.2,156.4,156.4,0.01,0.02,0.0,23.99,57,POSCTL,0,0
2026-08-26T17:17:30,1787739451,13.822677,100.511651,13.9,-0.0,-1.6,-2.2,156.4,156.4,0.01,0.02,0.0,23.99,57,POSCTL,0,0
2026-08-26T17:17:31,1787739452,13.822677,100.511651,13.9,-0.0,-1.5,-2.2,156.4,156.4,0.01,0.02,0.0,23.99,57,POSCTL,0,0
2026-08-26T17:17:32,1787739453,13.822677,100.511651,13.9,-0.0,-1.5,-2.2,156.4,156.4,0.01,0.02,0.0,23.99,57,POSCTL,0,0
2026-08-26T17:17:33,1787739454,13.822675,100.511653,13.9,-0.0,-1.5,-2.2,156.4,156.4,0.01,0.0,0.0,23.99,57,POSCTL,0,0
2026-08-26T17:17:34,1787739455,13.822675,100.511653,13.9,-0.0,-1.5,-2.2,156.4,156.4,0.01,0.0,0.0,23.99,57,POSCTL,0,0
2026-08-26T17:17:35,1787739456,13.822675,100.511653,13.9,-0.0,-1.5,-2.2,156.4,156.4,0.01,0.0,0.0,23.99,57,POSCTL,0,0
2026-08-26T17:17:36,1787739457,13.822675,100.511653,13.9,-0.0,-1.5,-2.2,156.3,156.3,0.01,0.0,0.0,23.99,57,POSCTL,0,0
2026-08-26T17:17:37,1787739458,13.822673,100.511654,13.9,-0.0,-1.5,-2.2,156.3,156.3,-0.01,0.0,0.0,23.99,57,POSCTL,0,0
2026-08-26T17:17:38,1787739459,13.822673,100.511654,13.9,-0.0,-1.5,-2.2,156.3,156.3,-0.01,0.0,0.0,23.99,57,POSCTL,0,0
2026-08-26T17:17:39,1787739460,13.822673,100.511654,13.9,-0.0,-1.5,-2.2,156.3,156.3,-0.01,0.0,0.0,23.99,57,POSCTL,0,0
2026-08-26T17:17:40,1787739461,13.822673,100.511654,13.9,-0.0,-1.5,-2.2,156.3,156.3,-0.01,0.0,0.0,23.99,57,POSCTL,0,0
2026-08-26T17:17:41,1787739462,13.822671,100.511653,13.9,-0.01,-1.5,-2.2,156.3,156.3,-0.03,-0.02,0.0,23.99,57,POSCTL,0,0
2026-08-26T17:17:42,1787739463,13.822667,100.511651,13.9,-0.01,-1.5,-2.2,156.3,156.3,-0.03,-0.02,0.0,23.99,57,POSCTL,0,0
2026-08-26T17:17:43,1787739464,13.822665,100.51165,13.9,-0.01,-1.5,-2.2,156.3,156.3,-0.03,-0.02,0.0,23.98,57,POSCTL,0,0
2026-08-26T17:17:44,1787739465,13.82267,100.511652,13.9,-0.01,-1.5,-2.2,156.3,156.3,-0.02,-0.02,0.0,23.98,57,POSCTL,0,0
2026-08-26T17:17:45,1787739466,13.82267,100.511652,13.9,-0.01,-1.6,-2.2,156.4,156.4,-0.02,-0.02,0.0,23.98,57,POSCTL,0,0
2026-08-26T17:17:46,1787739467,13.822661,100.511648,13.9,-0.0,-1.6,-2.2,156.4,156.4,0.0,-0.01,0.0,23.98,57,POSCTL,0,0
2026-08-26T17:17:47,1787739468,13.822661,100.511648,13.9,-0.0,-1.6,-2.2,156.4,156.4,0.0,-0.01,0.0,23.98,57,POSCTL,0,0
2026-08-26T17:17:48,1787739469,13.822661,100.511648,13.9,-0.0,-1.6,-2.2,156.4,156.4,0.0,-0.01,0.0,23.98,57,POSCTL,0,0
2026-08-26T17:17:49,1787739470,13.822661,100.511648,13.9,-0.0,-1.6,-2.2,156.4,156.4,0.0,-0.01,0.0,23.98,57,POSCTL,0,0
2026-08-26T17:17:51,1787739472,13.822661,100.511648,13.9,-0.0,-1.6,-2.2,156.4,156.4,0.0,-0.01,0.0,23.98,57,POSCTL,0,0
2026-08-26T17:17:52,1787739473,13.822654,100.511646,13.9,-0.0,-1.6,-2.2,156.4,156.4,-0.04,-0.01,0.0,23.98,57,POSCTL,0,0
2026-08-26T17:17:53,1787739474,13.822652,100.511645,13.9,-0.01,-1.6,-2.2,156.4,156.4,-0.01,0.0,0.0,23.98,57,POSCTL,0,0
2026-08-26T17:17:54,1787739475,13.822652,100.511645,13.9,-0.01,-1.6,-2.2,156.4,156.4,-0.01,0.0,0.0,23.98,57,POSCTL,0,0
2026-08-26T17:17:55,1787739476,13.822652,100.511645,13.9,-0.01,-1.6,-2.1,156.4,156.4,-0.01,0.0,0.0,23.98,57,POSCTL,0,0
2026-08-26T17:17:56,1787739477,13.822653,100.511646,13.9,-0.01,-1.6,-2.1,156.4,156.4,0.02,0.01,0.0,23.98,57,POSCTL,0,0
2026-08-26T17:17:57,1787739478,13.822651,100.511646,13.9,-0.01,-1.6,-2.1,156.4,156.4,0.02,0.01,0.0,23.98,57,POSCTL,0,0
2026-08-26T17:17:58,1787739479,13.822651,100.511646,13.9,-0.01,-1.6,-2.1,156.4,156.4,0.02,0.01,0.0,23.98,57,POSCTL,0,0
2026-08-26T17:17:59,1787739480,13.822651,100.511646,13.9,-0.01,-1.6,-2.1,156.4,156.4,0.02,0.01,0.0,23.98,57,POSCTL,0,0
2026-08-26T17:18:02,1787739483,13.822651,100.511646,13.9,-0.01,-1.6,-2.2,156.4,156.4,0.02,0.01,0.0,23.98,57,POSCTL,0,0
2026-08-26T17:18:03,1787739484,13.822652,100.511649,13.9,-0.01,-1.5,-2.2,156.4,156.4,0.0,0.01,0.0,23.98,57,POSCTL,0,0
2026-08-26T17:18:04,1787739485,13.822652,100.511649,13.9,-0.01,-1.5,-2.2,156.4,156.4,0.0,0.0,0.0,23.98,57,POSCTL,0,0
2026-08-26T17:18:05,1787739486,13.822652,100.51165,13.9,-0.01,-1.5,-2.2,156.4,156.4,0.0,0.0,0.0,23.98,57,POSCTL,0,0
2026-08-26T17:18:06,1787739487,13.822652,100.51165,13.9,-0.01,-1.5,-2.2,156.4,156.4,0.0,0.0,0.0,23.98,57,POSCTL,0,0
2026-08-26T17:18:07,1787739488,13.822652,100.511653,13.9,-0.0,-1.5,-2.2,156.4,156.4,0.01,0.01,0.0,23.98,57,POSCTL,0,0
2026-08-26T17:18:08,1787739489,13.822652,100.511653,13.9,-0.0,-1.5,-2.2,156.4,156.4,0.01,0.01,0.0,23.98,57,POSCTL,0,0
2026-08-26T17:18:09,1787739490,13.822652,100.511653,13.9,-0.0,-1.5,-2.2,156.4,156.4,0.01,0.01,0.0,23.98,57,POSCTL,0,0
2026-08-26T17:18:10,1787739491,13.822652,100.511653,13.9,-0.0,-1.5,-2.2,156.4,156.4,0.01,0.01,0.0,23.98,57,POSCTL,0,0
2026-08-26T17:18:11,1787739492,13.822653,100.511654,13.9,0.0,-1.5,-2.2,156.4,156.4,0.02,0.04,0.0,23.98,57,POSCTL,0,0
2026-08-26T17:18:12,1787739493,13.822653,100.511654,13.9,0.0,-1.5,-2.2,156.4,156.4,0.02,0.04,0.0,23.98,57,POSCTL,0,0
2026-08-26T17:18:13,1787739494,13.822653,100.511654,13.9,0.0,-1.5,-2.2,156.4,156.4,0.02,0.04,0.0,23.98,57,POSCTL,0,0
2026-08-26T17:18:14,1787739495,13.822653,100.511654,13.9,0.0,-1.5,-2.2,156.4,156.4,0.02,0.04,0.0,23.98,57,POSCTL,0,0
2026-08-26T17:18:15,1787739496,13.822653,100.511654,13.9,0.0,-1.5,-2.2,156.4,156.4,0.02,0.04,0.0,23.98,57,POSCTL,0,0
2026-08-26T17:18:16,1787739497,13.822651,100.511662,13.9,0.0,-1.4,-2.2,156.4,156.4,-0.02,0.04,0.0,23.98,57,POSCTL,0,0
2026-08-26T17:18:17,1787739498,13.822651,100.511662,13.9,0.0,-1.4,-2.2,156.4,156.4,-0.02,0.04,0.0,23.98,57,POSCTL,0,0
2026-08-26T17:18:18,1787739499,13.822653,100.511665,13.9,0.0,-1.4,-2.2,156.4,156.4,0.0,0.0,0.0,23.98,57,POSCTL,0,0
2026-08-26T17:18:19,1787739500,13.822653,100.511665,13.9,0.0,-1.4,-2.2,156.4,156.4,0.0,0.0,0.0,23.98,57,POSCTL,0,0
2026-08-26T17:18:20,1787739501,13.822653,100.511665,13.9,0.0,-1.4,-2.2,156.4,156.4,0.0,0.0,0.0,23.98,57,POSCTL,0,0
2026-08-26T17:18:21,1787739502,13.822655,100.511667,13.9,0.0,-1.4,-2.2,156.4,156.4,0.04,0.01,0.0,23.98,57,POSCTL,0,0
2026-08-26T17:18:22,1787739503,13.822655,100.511667,13.9,0.0,-1.4,-2.2,156.4,156.4,0.04,0.01,0.0,23.98,57,POSCTL,0,0
2026-08-26T17:18:23,1787739504,13.822655,100.511669,13.9,0.0,-1.4,-2.2,156.4,156.4,0.04,0.01,0.0,23.98,57,POSCTL,0,0
2026-08-26T17:18:24,1787739505,13.822655,100.511669,13.9,0.0,-1.4,-2.3,156.4,156.4,0.04,0.01,0.0,23.98,57,POSCTL,0,0
2026-08-26T17:18:25,1787739506,13.822655,100.511671,13.9,0.01,-1.4,-2.3,156.4,156.4,0.0,0.0,0.0,23.98,57,POSCTL,0,0
2026-08-26T17:18:26,1787739507,13.822655,100.511671,13.9,0.01,-1.4,-2.3,156.4,156.4,0.0,0.0,0.0,23.98,57,POSCTL,0,0
2026-08-26T17:18:27,1787739508,13.822655,100.511671,13.9,0.01,-1.4,-2.3,156.4,156.4,0.0,0.0,0.0,23.98,57,POSCTL,0,0
2026-08-26T17:18:28,1787739509,13.822655,100.511671,13.9,0.01,-1.4,-2.3,156.4,156.4,0.0,0.0,0.0,23.98,57,POSCTL,0,0
2026-08-26T17:18:29,1787739510,13.822655,100.511671,13.9,-0.0,-1.4,-2.3,156.4,156.4,-0.02,0.0,0.0,23.98,57,POSCTL,0,0
2026-08-26T17:18:30,1787739511,13.822655,100.511671,13.9,-0.0,-1.4,-2.3,156.4,156.4,-0.02,0.0,0.0,23.98,57,POSCTL,0,0
2026-08-26T17:18:31,1787739512,13.822655,100.511671,13.9,-0.0,-1.4,-2.2,156.4,156.4,-0.02,0.0,0.0,23.98,57,POSCTL,0,0
2026-08-26T17:18:32,1787739513,13.822655,100.511671,13.9,-0.0,-1.5,-2.2,156.4,156.4,-0.02,0.0,0.0,23.98,57,POSCTL,0,0
2026-08-26T17:18:33,1787739514,13.822655,100.511678,13.9,0.0,-1.5,-2.2,156.4,156.4,0.01,0.02,0.0,23.98,57,POSCTL,0,0
2026-08-26T17:18:34,1787739515,13.822655,100.511678,13.9,0.0,-1.5,-2.2,156.4,156.4,0.01,0.02,0.0,23.98,57,POSCTL,0,0
2026-08-26T17:18:35,1787739516,13.822655,100.511678,13.9,0.0,-1.5,-2.2,156.4,156.4,0.01,0.02,0.0,23.98,57,POSCTL,0,0
2026-08-26T17:18:36,1787739517,13.822654,100.51168,13.9,0.0,-1.5,-2.2,156.4,156.4,0.0,0.01,0.0,23.98,57,POSCTL,0,0
2026-08-26T17:18:37,1787739518,13.822654,100.51168,13.9,0.0,-1.5,-2.2,156.4,156.4,0.0,0.01,0.0,23.98,57,POSCTL,0,0
2026-08-26T17:18:38,1787739519,13.822655,100.511679,13.9,0.0,-1.4,-2.2,156.4,156.4,-0.01,0.0,0.0,23.98,57,POSCTL,0,0
2026-08-26T17:18:39,1787739520,13.822655,100.511679,13.9,0.0,-1.4,-2.2,156.4,156.4,-0.01,0.0,0.0,23.98,57,POSCTL,0,0
2026-08-26T17:18:40,1787739521,13.822654,100.511681,13.9,0.0,-1.4,-2.2,156.4,156.4,-0.01,0.0,0.0,23.98,57,POSCTL,0,0
2026-08-26T17:18:41,1787739522,13.822654,100.511681,13.9,0.0,-1.4,-2.2,156.4,156.4,-0.01,0.0,0.0,23.98,57,POSCTL,0,0
2026-08-26T17:18:42,1787739523,13.822655,100.511681,13.9,-0.0,-1.5,-2.2,156.4,156.4,0.0,0.0,0.0,23.98,57,POSCTL,0,0
2026-08-26T17:18:43,1787739524,13.822655,100.511681,13.9,-0.0,-1.5,-2.2,156.4,156.4,0.0,0.0,0.0,23.98,57,POSCTL,0,0
2026-08-26T17:18:44,1787739525,13.822655,100.511681,13.9,-0.0,-1.5,-2.2,156.4,156.4,0.01,0.0,0.0,23.98,57,POSCTL,0,0
2026-08-26T17:18:45,1787739526,13.822655,100.511681,13.9,-0.0,-1.5,-2.2,156.4,156.4,0.01,0.0,0.0,23.98,57,POSCTL,0,0
2026-08-26T17:18:46,1787739527,13.822657,100.51168,13.9,-0.0,-1.5,-2.2,156.4,156.4,0.02,0.0,0.0,23.98,57,POSCTL,0,0
2026-08-26T17:18:47,1787739528,13.822657,100.51168,13.9,-0.0,-1.5,-2.2,156.4,156.4,0.02,0.0,0.0,23.98,57,POSCTL,0,0
2026-08-26T17:18:48,1787739529,13.822658,100.511679,13.9,-0.0,-1.5,-2.2,156.4,156.4,0.02,-0.03,0.0,23.98,57,POSCTL,0,0
2026-08-26T17:18:49,1787739530,13.822658,100.511679,13.9,-0.0,-1.5,-2.3,156.3,156.3,0.02,-0.03,0.0,23.98,57,POSCTL,0,0
2026-08-26T17:18:50,1787739531,13.822658,100.511679,13.9,-0.0,-1.5,-2.3,156.3,156.3,0.02,-0.03,0.0,23.98,57,POSCTL,0,0
2026-08-26T17:18:51,1787739532,13.82266,100.511675,13.9,0.0,-1.5,-2.3,156.3,156.3,0.0,-0.02,0.0,23.98,57,POSCTL,0,0
2026-08-26T17:18:52,1787739533,13.82266,100.511675,13.9,0.0,-1.5,-2.3,156.3,156.3,0.0,-0.02,0.0,23.98,57,POSCTL,0,0
2026-08-26T17:18:53,1787739534,13.82266,100.511675,13.9,-0.0,-1.5,-2.3,156.3,156.3,0.0,-0.02,0.0,23.98,57,POSCTL,0,0
2026-08-26T17:18:54,1787739535,13.82266,100.511675,13.9,-0.0,-1.5,-2.3,156.3,156.3,0.0,-0.02,0.0,23.98,57,POSCTL,0,0
2026-08-26T17:18:55,1787739536,13.82266,100.511675,13.9,-0.0,-1.5,-2.3,156.3,156.3,0.01,0.0,0.0,23.98,57,POSCTL,0,0
2026-08-26T17:18:56,1787739537,13.82266,100.511675,13.9,-0.0,-1.5,-2.3,156.3,156.3,0.01,0.0,0.0,23.98,57,POSCTL,0,0
2026-08-26T17:18:57,1787739538,13.822661,100.511672,13.9,-0.0,-1.5,-2.3,156.3,156.3,0.02,-0.01,0.0,23.98,57,POSCTL,0,0
2026-08-26T17:18:58,1787739539,13.822661,100.511672,13.9,-0.0,-1.6,-2.3,156.4,156.4,0.02,-0.01,0.0,23.98,57,POSCTL,0,0
2026-08-26T17:18:59,1787739540,13.822662,100.51167,13.9,0.0,-1.6,-2.3,156.4,156.4,0.02,0.0,0.0,23.98,57,POSCTL,0,0
2026-08-26T17:19:00,1787739541,13.822662,100.51167,13.9,0.0,-1.6,-2.3,156.4,156.4,0.02,0.0,0.0,23.98,57,POSCTL,0,0
2026-08-26T17:19:01,1787739542,13.822662,100.51167,13.9,0.0,-1.6,-2.3,156.4,156.4,0.02,0.0,0.0,23.98,57,POSCTL,0,0
2026-08-26T17:19:02,1787739543,13.822662,100.511669,13.9,0.0,-1.6,-2.3,156.4,156.4,0.01,-0.01,0.0,23.98,57,POSCTL,0,0
2026-08-26T17:19:03,1787739544,13.822662,100.511669,13.9,0.0,-1.6,-2.3,156.4,156.4,0.01,-0.01,0.0,23.98,57,POSCTL,0,0
2026-08-26T17:19:04,1787739545,13.822662,100.511669,13.9,0.0,-1.6,-2.3,156.4,156.4,0.0,-0.01,0.0,23.98,57,POSCTL,0,0
2026-08-26T17:19:05,1787739546,13.822662,100.511669,13.9,0.0,-1.6,-2.3,156.4,156.4,0.0,-0.01,0.0,23.98,57,POSCTL,0,0
2026-08-26T17:19:06,1787739547,13.822664,100.511664,13.9,-0.0,-1.6,-2.3,156.4,156.4,0.0,-0.01,0.0,23.98,57,POSCTL,0,0
2026-08-26T17:19:07,1787739548,13.822664,100.511664,13.9,-0.0,-1.6,-2.3,156.4,156.4,0.0,-0.01,0.0,23.98,57,POSCTL,0,0
2026-08-26T17:19:08,1787739549,13.822664,100.511664,13.9,-0.0,-1.6,-2.3,156.4,156.4,0.0,-0.01,0.0,23.98,57,POSCTL,0,0
2026-08-26T17:19:09,1787739550,13.822665,100.511663,13.9,-0.0,-1.6,-2.3,156.4,156.4,0.0,-0.01,0.0,23.98,57,POSCTL,0,0
2026-08-26T17:19:10,1787739551,13.822665,100.511663,13.9,-0.0,-1.6,-2.3,156.4,156.4,0.0,-0.01,0.0,23.98,57,POSCTL,0,0
2026-08-26T17:19:11,1787739552,13.822665,100.511663,13.9,-0.0,-1.6,-2.3,156.4,156.4,0.0,-0.01,0.0,23.98,57,POSCTL,0,0
2026-08-26T17:19:12,1787739553,13.822665,100.511663,13.9,-0.0,-1.6,-2.3,156.4,156.4,0.0,-0.01,0.0,23.98,57,POSCTL,0,0
2026-08-26T17:19:13,1787739554,13.822665,100.511663,13.9,-0.0,-1.6,-2.3,156.4,156.4,0.0,-0.01,0.0,23.98,57,POSCTL,0,0
2026-08-26T17:19:14,1787739555,13.822665,100.511663,13.9,-0.0,-1.6,-2.3,156.4,156.4,0.0,-0.01,0.0,23.98,57,POSCTL,0,0
2026-08-26T17:19:15,1787739556,13.822665,100.511663,13.9,-0.0,-1.6,-2.3,156.4,156.4,0.0,-0.01,0.0,23.98,57,POSCTL,0,0
2026-08-26T17:19:16,1787739557,13.822665,100.511663,13.9,-0.0,-1.6,-2.3,156.4,156.4,0.0,-0.01,0.0,23.98,57,POSCTL,0,0
2026-08-26T17:19:17,1787739558,13.822669,100.511652,13.9,-0.0,-1.6,-2.3,156.4,156.4,0.0,-0.02,0.0,23.98,57,POSCTL,0,0
2026-08-26T17:19:18,1787739559,13.822669,100.511652,13.9,-0.0,-1.6,-2.3,156.4,156.4,0.0,-0.02,0.0,23.98,57,POSCTL,0,0
2026-08-26T17:19:19,1787739560,13.822669,100.511652,13.9,-0.0,-1.6,-2.3,156.4,156.4,0.0,-0.02,0.0,23.98,57,POSCTL,0,0
2026-08-26T17:19:20,1787739561,13.82267,100.511649,13.9,-0.0,-1.6,-2.3,156.4,156.4,0.01,-0.02,0.0,23.98,57,POSCTL,0,0
2026-08-26T17:19:21,1787739562,13.82267,100.511649,13.9,-0.0,-1.6,-2.3,156.4,156.4,0.01,-0.02,0.0,23.98,57,POSCTL,0,0
2026-08-26T17:19:22,1787739563,13.82267,100.511649,13.9,-0.0,-1.6,-2.3,156.4,156.4,0.01,-0.02,0.0,23.98,57,POSCTL,0,0
2026-08-26T17:19:23,1787739564,13.82267,100.511649,13.9,-0.0,-1.6,-2.3,156.4,156.4,0.01,-0.02,0.0,23.98,57,POSCTL,0,0
2026-08-26T17:19:24,1787739565,13.82267,100.511649,13.9,-0.0,-1.6,-2.3,156.4,156.4,0.01,-0.02,0.0,23.98,57,POSCTL,0,0
2026-08-26T17:19:25,1787739566,13.82267,100.511649,13.9,-0.0,-1.6,-2.3,156.4,156.4,0.01,-0.02,0.0,23.98,57,POSCTL,0,0
2026-08-26T17:19:26,1787739567,13.82267,100.511649,13.9,-0.0,-1.6,-2.3,156.4,156.4,0.01,-0.02,0.0,23.98,57,POSCTL,0,0
2026-08-26T17:19:27,1787739568,13.822672,100.511647,13.9,-0.01,-1.6,-2.3,156.4,156.4,0.01,0.02,0.0,23.98,57,POSCTL,0,0
2026-08-26T17:19:28,1787739569,13.822672,100.511647,13.9,-0.01,-1.6,-2.3,156.4,156.4,0.01,0.02,0.0,23.98,57,POSCTL,0,0
2026-08-26T17:19:29,1787739570,13.822672,100.511647,13.9,-0.01,-1.6,-2.3,156.4,156.4,0.01,0.02,0.0,23.98,57,POSCTL,0,0
2026-08-26T17:19:30,1787739571,13.822672,100.511647,13.9,-0.01,-1.6,-2.3,156.4,156.4,0.01,0.02,0.0,23.98,57,POSCTL,0,0
2026-08-26T17:19:31,1787739572,13.822672,100.511647,13.9,-0.01,-1.5,-2.3,156.4,156.4,0.0,0.0,0.0,23.98,57,POSCTL,0,0
2026-08-26T17:19:32,1787739573,13.822672,100.511647,13.9,-0.01,-1.5,-2.3,156.4,156.4,0.0,0.0,0.0,23.98,57,POSCTL,0,0
2026-08-26T17:19:33,1787739574,13.822672,100.511647,13.9,-0.01,-1.5,-2.3,156.4,156.4,0.0,0.0,0.0,23.98,57,POSCTL,0,0
2026-08-26T17:19:34,1787739575,13.822672,100.511647,13.9,-0.01,-1.5,-2.2,156.4,156.4,0.0,0.0,0.0,23.98,57,POSCTL,0,0
2026-08-26T17:19:35,1787739576,13.822672,100.511646,13.9,0.0,-1.5,-2.2,156.4,156.4,0.0,-0.01,0.0,23.98,57,POSCTL,0,0
2026-08-26T17:19:36,1787739577,13.822672,100.511646,13.9,0.0,-1.5,-2.2,156.4,156.4,0.0,-0.01,0.0,23.98,56,POSCTL,0,0
2026-08-26T17:19:37,1787739578,13.822672,100.511646,13.9,0.0,-1.5,-2.2,156.4,156.4,0.0,0.0,0.0,23.98,56,POSCTL,0,0
2026-08-26T17:19:38,1787739579,13.822672,100.511646,13.9,0.0,-1.5,-2.2,156.4,156.4,0.0,0.0,0.0,23.98,56,POSCTL,0,0
2026-08-26T17:19:39,1787739580,13.822671,100.511646,13.9,0.0,-1.5,-2.2,156.4,156.4,0.0,0.0,0.0,23.98,56,POSCTL,0,0
2026-08-26T17:19:40,1787739581,13.822671,100.511646,13.9,0.0,-1.5,-2.2,156.4,156.4,0.0,0.0,0.0,23.98,56,POSCTL,0,0
2026-08-26T17:19:41,1787739582,13.822671,100.511646,13.9,0.0,-1.5,-2.2,156.4,156.4,0.0,0.0,0.0,23.98,56,POSCTL,0,0
2026-08-26T17:19:44,1787739585,13.822671,100.511646,13.9,0.0,-1.5,-2.2,156.4,156.4,0.0,0.0,0.0,23.98,56,POSCTL,0,0
2026-08-26T17:19:45,1787739586,13.822671,100.511646,13.9,0.0,-1.5,-2.2,156.4,156.4,0.0,0.0,0.0,23.98,56,POSCTL,0,0
2026-08-26T17:19:46,1787739587,13.822671,100.511644,13.9,-0.0,-1.5,-2.2,156.4,156.4,0.01,0.0,0.0,23.98,56,POSCTL,0,0
2026-08-26T17:19:47,1787739588,13.822671,100.511644,13.9,-0.0,-1.5,-2.2,156.4,156.4,0.01,0.0,0.0,23.98,56,POSCTL,0,0
2026-08-26T17:19:48,1787739589,13.822672,100.511643,13.9,-0.01,-1.5,-2.2,156.4,156.4,0.0,-0.02,0.0,23.98,56,POSCTL,0,0
2026-08-26T17:19:49,1787739590,13.822672,100.511643,13.9,-0.0,-1.5,-2.3,156.4,156.4,0.0,-0.02,0.0,23.98,56,POSCTL,0,0
2026-08-26T17:19:50,1787739591,13.822672,100.511643,13.9,-0.0,-1.5,-2.3,156.4,156.4,0.0,-0.02,0.0,23.98,56,POSCTL,0,0
2026-08-26T17:19:51,1787739592,13.822672,100.511643,13.9,-0.0,-1.5,-2.3,156.4,156.4,0.0,-0.02,0.0,23.98,56,POSCTL,0,0
2026-08-26T17:19:52,1787739593,13.822674,100.511643,13.9,-0.0,-1.5,-2.3,156.4,156.4,0.01,0.0,0.0,23.98,56,POSCTL,0,0
2026-08-26T17:19:53,1787739594,13.822674,100.511643,13.9,-0.0,-1.5,-2.3,156.4,156.4,0.01,0.0,0.0,23.98,56,POSCTL,0,0
2026-08-26T17:19:54,1787739595,13.822675,100.511644,13.9,-0.01,-1.5,-2.3,156.4,156.4,0.0,0.0,0.0,23.98,56,POSCTL,0,0
2026-08-26T17:19:55,1787739596,13.822675,100.511644,13.9,-0.01,-1.5,-2.3,156.4,156.4,0.0,0.0,0.0,23.98,56,POSCTL,0,0
2026-08-26T17:19:56,1787739597,13.822678,100.511646,13.9,-0.0,-1.5,-2.3,156.4,156.4,0.03,0.01,0.0,23.98,56,POSCTL,0,0
2026-08-26T17:19:57,1787739598,13.822678,100.511646,13.9,-0.0,-1.5,-2.3,156.4,156.4,0.03,0.01,0.0,23.98,56,POSCTL,0,0
2026-08-26T17:19:58,1787739599,13.822678,100.511646,13.9,-0.0,-1.5,-2.3,156.4,156.4,0.03,0.01,0.0,23.98,56,POSCTL,0,0
2026-08-26T17:19:59,1787739600,13.822678,100.511646,13.9,-0.0,-1.5,-2.3,156.4,156.4,0.03,0.01,0.0,23.98,56,POSCTL,0,0
2026-08-26T17:20:00,1787739601,13.822678,100.511646,13.9,-0.0,-1.5,-2.3,156.4,156.4,0.03,0.01,0.0,23.98,56,POSCTL,0,0
2026-08-26T17:20:01,1787739602,13.822678,100.511646,13.9,-0.0,-1.5,-2.3,156.4,156.4,0.03,0.01,0.0,23.98,56,POSCTL,0,0
2026-08-26T17:20:02,1787739603,13.822678,100.511646,13.9,-0.0,-1.5,-2.3,156.4,156.4,0.03,0.01,0.0,23.98,56,POSCTL,0,0
2026-08-26T17:20:03,1787739604,13.822682,100.511649,13.9,0.0,-1.5,-2.3,156.4,156.4,0.01,0.03,0.0,23.98,56,POSCTL,0,0
2026-08-26T17:20:04,1787739605,13.822682,100.511649,13.9,0.0,-1.5,-2.3,156.4,156.4,0.01,0.03,0.0,23.98,56,POSCTL,0,0
2026-08-26T17:20:05,1787739606,13.822683,100.511648,13.9,0.0,-1.5,-2.3,156.4,156.4,0.0,0.01,0.0,23.98,56,POSCTL,0,0
2026-08-26T17:20:06,1787739607,13.822683,100.511648,13.9,0.0,-1.5,-2.3,156.4,156.4,0.0,0.01,0.0,23.98,56,POSCTL,0,0
2026-08-26T17:20:07,1787739608,13.822683,100.511648,13.9,0.0,-1.5,-2.3,156.4,156.4,0.0,0.01,0.0,23.98,56,POSCTL,0,0
2026-08-26T17:20:08,1787739609,13.822683,100.511648,13.9,0.0,-1.5,-2.3,156.4,156.4,0.0,0.01,0.0,23.98,56,POSCTL,0,0
2026-08-26T17:20:09,1787739610,13.822683,100.511648,13.9,0.0,-1.5,-2.3,156.4,156.4,0.0,0.01,0.0,23.98,56,POSCTL,0,0
2026-08-26T17:20:12,1787739613,13.822683,100.511647,13.9,0.0,-1.5,-2.3,156.4,156.4,0.0,-0.01,0.0,23.98,56,POSCTL,0,0
2026-08-26T17:20:13,1787739614,13.822683,100.511647,13.9,0.0,-1.5,-2.2,156.4,156.4,0.0,-0.01,0.0,23.98,56,POSCTL,0,0
2026-08-26T17:20:14,1787739615,13.822683,100.511647,13.9,0.0,-1.5,-2.2,156.4,156.4,0.0,-0.01,0.0,23.98,56,POSCTL,0,0
2026-08-26T17:20:15,1787739616,13.822683,100.511647,13.9,0.0,-1.5,-2.2,156.4,156.4,0.0,-0.01,0.0,23.98,56,POSCTL,0,0
2026-08-26T17:20:16,1787739617,13.822683,100.511647,13.9,0.0,-1.5,-2.3,156.4,156.4,0.0,0.0,0.0,23.98,56,POSCTL,0,0
2026-08-26T17:20:17,1787739618,13.822683,100.511647,13.9,0.0,-1.5,-2.3,156.4,156.4,0.0,0.0,0.0,23.98,56,POSCTL,0,0
2026-08-26T17:20:18,1787739619,13.822683,100.511647,13.9,0.0,-1.5,-2.3,156.4,156.4,0.0,0.0,0.0,23.98,56,POSCTL,0,0
2026-08-26T17:20:19,1787739620,13.822683,100.511647,13.9,0.0,-1.5,-2.3,156.4,156.4,0.0,0.0,0.0,23.98,56,POSCTL,0,0
2026-08-26T17:20:20,1787739621,13.822683,100.511647,13.9,0.0,-1.5,-2.3,156.4,156.4,0.0,0.0,0.0,23.98,56,POSCTL,0,0
2026-08-26T17:20:21,1787739622,13.822683,100.51165,13.9,0.0,-1.5,-2.2,156.4,156.4,0.01,0.01,0.0,23.98,56,POSCTL,0,0
2026-08-26T17:20:22,1787739623,13.822683,100.51165,13.9,0.0,-1.5,-2.2,156.4,156.4,0.01,0.01,0.0,23.97,56,POSCTL,0,0
2026-08-26T17:20:23,1787739624,13.822683,100.51165,13.9,0.0,-1.5,-2.2,156.4,156.4,0.01,0.01,0.0,23.97,56,POSCTL,0,0
2026-08-26T17:20:24,1787739625,13.822683,100.511651,13.9,0.0,-1.6,-2.2,156.4,156.4,0.01,0.02,0.0,23.97,56,POSCTL,0,0
2026-08-26T17:20:25,1787739626,13.822684,100.511652,13.9,0.0,-1.6,-2.2,156.4,156.4,0.01,0.04,0.0,23.97,56,POSCTL,0,0
2026-08-26T17:20:26,1787739627,13.822684,100.511652,13.9,0.0,-1.6,-2.2,156.4,156.4,0.01,0.04,0.0,23.97,56,POSCTL,0,0
2026-08-26T17:20:27,1787739628,13.822684,100.511652,13.9,0.0,-1.6,-2.2,156.4,156.4,0.01,0.04,0.0,23.97,56,POSCTL,0,0
2026-08-26T17:20:28,1787739629,13.822684,100.511652,13.9,0.0,-1.6,-2.2,156.4,156.4,0.01,0.04,0.0,23.97,56,POSCTL,0,0
2026-08-26T17:20:29,1787739630,13.822684,100.511652,13.9,0.0,-1.6,-2.2,156.4,156.4,0.01,0.04,0.0,23.97,56,POSCTL,0,0
2026-08-26T17:20:30,1787739631,13.822684,100.511652,13.9,0.0,-1.4,-2.3,156.4,156.4,0.01,0.04,0.0,23.97,56,POSCTL,0,0
2026-08-26T17:20:31,1787739632,13.822683,100.511651,13.9,0.0,-1.4,-2.3,156.4,156.4,0.0,-0.01,0.0,23.97,56,POSCTL,0,0
2026-08-26T17:20:32,1787739633,13.822682,100.511651,13.9,-0.0,-1.4,-2.3,156.4,156.4,0.0,-0.02,0.0,23.97,56,POSCTL,0,0
2026-08-26T17:20:33,1787739634,13.822682,100.511651,13.9,-0.0,-1.4,-2.3,156.4,156.4,0.0,-0.02,0.0,23.97,56,POSCTL,0,0
2026-08-26T17:20:34,1787739635,13.822682,100.511651,13.9,-0.0,-1.5,-2.3,156.4,156.4,0.0,-0.02,0.0,23.97,56,POSCTL,0,0
2026-08-26T17:20:35,1787739636,13.822683,100.51165,13.9,-0.0,-1.5,-2.3,156.4,156.4,0.02,-0.01,0.0,23.97,56,POSCTL,0,0
2026-08-26T17:20:36,1787739637,13.822683,100.51165,13.9,-0.0,-1.5,-2.3,156.5,156.5,0.02,-0.01,0.0,23.97,56,POSCTL,0,0
2026-08-26T17:20:37,1787739638,13.822683,100.51165,13.9,-0.0,-1.5,-2.3,156.5,156.5,0.02,-0.01,0.0,23.97,56,POSCTL,0,0
2026-08-26T17:20:42,1787739643,13.822683,100.51165,13.9,-0.0,-1.5,-2.3,156.5,156.5,0.02,-0.01,0.0,23.97,56,POSCTL,0,0
2026-08-26T17:20:43,1787739644,13.822684,100.511644,13.9,-0.01,-1.5,-2.3,156.4,156.4,0.01,-0.03,0.0,23.97,56,POSCTL,0,0
2026-08-26T17:20:44,1787739645,13.822684,100.511644,13.9,-0.01,-1.6,-2.3,156.4,156.4,0.01,-0.03,0.0,23.97,56,POSCTL,0,0
2026-08-26T17:20:45,1787739646,13.822687,100.511647,13.9,-0.01,-1.6,-2.3,156.4,156.4,0.02,0.04,0.0,23.97,56,POSCTL,0,0
2026-08-26T17:20:46,1787739647,13.822687,100.511647,13.9,-0.01,-1.9,-2.3,156.3,156.3,0.02,0.04,0.0,23.97,56,POSCTL,0,0
2026-08-26T17:20:47,1787739648,13.822688,100.511645,13.9,-0.0,-1.9,-2.3,156.3,156.3,0.04,0.01,0.0,23.97,56,POSCTL,0,0
2026-08-26T17:20:48,1787739649,13.822688,100.511645,13.9,-0.0,-1.8,-2.3,156.3,156.3,0.04,0.01,0.0,23.97,56,POSCTL,0,0
2026-08-26T17:20:49,1787739650,13.822688,100.511645,13.9,-0.0,-1.9,-2.2,156.3,156.3,0.04,0.01,0.0,23.97,56,POSCTL,0,0
2026-08-26T17:20:50,1787739651,13.822688,100.511645,13.9,-0.0,-1.9,-2.2,156.3,156.3,0.04,0.01,0.0,23.97,56,POSCTL,0,0
2026-08-26T17:20:51,1787739652,13.822688,100.511645,13.9,-0.0,-1.9,-2.2,156.3,156.3,0.04,0.01,0.0,23.97,56,POSCTL,0,0
2026-08-26T17:20:52,1787739653,13.822695,100.511638,13.9,0.0,-1.9,-2.1,156.2,156.2,0.05,-0.03,0.0,23.97,56,POSCTL,0,0
2026-08-26T17:20:53,1787739654,13.822695,100.511638,13.9,0.0,-1.9,-2.2,156.2,156.2,0.1,-0.11,0.0,23.97,56,POSCTL,0,0
2026-08-26T17:20:54,1787739655,13.822697,100.511635,13.9,0.0,-1.9,-2.2,156.2,156.2,0.1,-0.11,0.0,23.97,56,POSCTL,0,0
2026-08-26T17:20:55,1787739656,13.822699,100.511634,13.9,0.0,-1.9,-2.2,156.2,156.2,0.07,-0.07,0.0,23.97,56,POSCTL,0,0
2026-08-26T17:20:56,1787739657,13.822699,100.511634,13.9,0.0,-1.9,-2.2,156.2,156.2,0.07,-0.07,0.0,23.97,56,POSCTL,0,0
2026-08-26T17:20:57,1787739658,13.822703,100.511632,13.9,0.0,-1.9,-2.2,156.2,156.2,0.07,-0.07,0.0,23.97,56,POSCTL,0,0
2026-08-26T17:20:58,1787739659,13.822703,100.511632,13.9,0.0,-1.9,-2.2,156.2,156.2,0.07,-0.07,0.0,23.97,56,POSCTL,0,0
2026-08-26T17:20:59,1787739660,13.822703,100.511632,13.9,0.0,-1.9,-2.2,156.2,156.2,0.07,-0.07,0.0,23.97,56,POSCTL,0,0
2026-08-26T17:21:00,1787739661,13.822703,100.511632,13.9,0.0,-2.0,-2.4,156.3,156.3,0.07,-0.07,0.0,23.97,56,POSCTL,0,0
2026-08-26T17:21:01,1787739662,13.822703,100.511632,13.9,0.0,-1.6,-2.5,156.2,156.2,0.07,-0.07,0.0,23.97,56,POSCTL,0,0
2026-08-26T17:21:02,1787739663,13.822714,100.51163,13.9,-0.0,-1.6,-2.5,156.2,156.2,0.03,0.03,0.0,23.97,56,POSCTL,0,0
2026-08-26T17:21:03,1787739664,13.822714,100.51163,13.9,-0.0,-1.6,-2.5,156.2,156.2,0.03,0.03,0.0,23.97,56,POSCTL,0,0
2026-08-26T17:21:04,1787739665,13.822714,100.51163,13.9,-0.0,-1.6,-2.5,156.1,156.1,0.03,0.03,0.0,23.97,56,POSCTL,0,0
2026-08-26T17:21:05,1787739666,13.822715,100.511635,13.9,0.0,-1.6,-2.5,156.1,156.1,0.01,0.09,0.0,23.97,56,POSCTL,0,0
2026-08-26T17:21:06,1787739667,13.822715,100.511635,13.9,0.0,-1.6,-2.5,156.1,156.1,0.01,0.09,0.0,23.97,56,POSCTL,0,0
2026-08-26T17:21:07,1787739668,13.822716,100.511639,13.9,0.0,-1.6,-2.5,156.1,156.1,0.02,0.07,0.0,23.97,56,POSCTL,0,0
2026-08-26T17:21:08,1787739669,13.822716,100.511639,13.9,0.0,-1.6,-2.5,156.1,156.1,0.02,0.07,0.0,23.97,56,POSCTL,0,0
2026-08-26T17:21:09,1787739670,13.822716,100.511639,13.9,0.0,-1.6,-2.5,156.1,156.1,0.02,0.07,0.0,23.97,56,POSCTL,0,0
2026-08-26T17:21:10,1787739671,13.822716,100.511639,13.9,0.0,-1.6,-2.5,156.1,156.1,0.02,0.07,0.0,23.97,56,POSCTL,0,0
2026-08-26T17:21:11,1787739672,13.822716,100.511639,13.9,0.0,-1.6,-2.5,156.1,156.1,0.02,0.07,0.0,23.97,56,POSCTL,0,0
2026-08-26T17:22:08,1787739729,13.822716,100.511639,13.9,0.0,-2.0,-2.6,150.6,150.6,0.02,0.07,0.0,23.97,56,POSCTL,0,0
2026-08-26T17:22:09,1787739730,13.822716,100.511639,13.9,0.0,-2.0,-2.6,150.6,150.6,0.02,0.07,0.0,23.97,56,POSCTL,0,0
2026-08-26T17:22:10,1787739731,13.822716,100.511639,13.9,0.0,-2.0,-2.6,150.6,150.6,0.02,0.07,0.0,23.98,57,POSCTL,0,0
2026-08-26T17:22:11,1787739732,13.822716,100.511639,13.9,0.0,-1.5,-2.6,150.7,150.7,0.02,0.07,0.0,23.98,57,POSCTL,0,0
2026-08-26T17:22:21,1787739742,13.822667,100.51162,13.9,0.0,-1.3,-2.6,151.1,151.1,0.02,0.07,0.0,23.98,57,POSCTL,0,0
2026-08-26T17:22:22,1787739743,13.822667,100.51162,13.9,0.0,-1.3,-2.6,151.2,151.2,0.02,0.07,0.0,23.98,56,POSCTL,0,0
2026-08-26T17:22:23,1787739744,13.82267,100.511626,13.9,0.0,-1.3,-2.6,151.2,151.2,0.02,0.07,0.0,23.98,56,POSCTL,0,0
2026-08-26T17:22:24,1787739745,13.82267,100.511626,13.9,0.0,-1.6,-2.7,151.3,151.3,0.02,0.07,0.0,23.98,56,POSCTL,0,0
2026-08-26T17:22:25,1787739746,13.822675,100.511649,13.9,0.0,-1.6,-2.7,151.3,151.3,0.02,0.07,0.0,23.98,56,POSCTL,0,0
2026-08-26T17:22:26,1787739747,13.822675,100.511649,13.9,0.0,-1.6,-2.7,151.3,151.3,0.02,0.07,0.0,23.98,56,POSCTL,0,0
2026-08-26T17:22:27,1787739748,13.822675,100.511649,13.9,0.0,-1.6,-2.6,151.6,151.6,0.02,0.07,0.0,23.98,56,POSCTL,0,0
2026-08-26T17:22:29,1787739750,13.822675,100.511649,13.9,0.0,-1.6,-2.6,151.6,151.6,0.02,0.07,0.0,23.98,56,POSCTL,0,0
2026-08-26T17:22:30,1787739751,13.822675,100.511649,13.9,0.0,-1.6,-2.6,151.6,151.6,0.02,0.07,0.0,23.98,56,POSCTL,0,0
2026-08-26T17:22:31,1787739752,13.822675,100.511649,13.9,0.0,-1.6,-2.6,151.6,151.6,0.02,0.07,0.0,23.98,56,POSCTL,0,0
2026-08-26T17:22:32,1787739753,13.82266,100.511631,13.9,0.0,-1.6,-2.6,151.7,151.7,0.02,0.07,0.0,23.98,56,POSCTL,0,0
2026-08-26T17:22:33,1787739754,13.82266,100.511631,13.9,0.0,-1.6,-2.6,151.7,151.7,0.02,0.07,0.0,23.97,56,POSCTL,0,0
2026-08-26T17:22:34,1787739755,13.82266,100.511631,13.9,0.0,-1.6,-2.6,151.7,151.7,0.02,0.07,0.0,23.97,56,POSCTL,0,0
2026-08-26T17:22:35,1787739756,13.82266,100.511631,13.9,0.0,-1.6,-2.6,151.7,151.7,0.02,0.07,0.0,23.97,56,POSCTL,0,0
2026-08-26T17:22:36,1787739757,13.82266,100.511638,13.9,0.0,-1.6,-2.6,151.7,151.7,0.02,0.07,0.0,23.97,56,POSCTL,0,0
