iso,unix,lat,lon,alt_msl,rel_alt,roll,pitch,yaw,heading,vx,vy,vz,vbatt,batt_pct,mode,armed,in_air
2026-08-20T14:18:28,1787210309,13.822691,100.511641,11.5,0.0,1.0,-1.7,-16.6,343.4,0.0,-0.01,0.0,,,POSCTL,0,0
2026-08-20T14:18:29,1787210310,13.822691,100.511641,11.5,0.0,1.0,-1.7,-16.6,343.4,0.0,-0.01,0.0,24.52,79,POSCTL,0,0
2026-08-20T14:18:30,1787210311,13.822691,100.511641,11.5,0.0,1.1,-1.7,-16.6,343.4,0.0,-0.01,0.0,24.52,79,POSCTL,0,0
2026-08-20T14:18:31,1787210312,13.822691,100.51164,11.2,-0.0,1.1,-1.7,-16.6,343.4,0.0,0.0,0.0,24.52,79,POSCTL,0,0
2026-08-20T14:18:32,1787210313,13.822691,100.51164,11.2,-0.0,1.1,-1.7,-16.6,343.4,0.0,0.0,0.0,24.52,79,POSCTL,0,0
2026-08-20T14:18:33,1787210314,13.822691,100.51164,11.2,-0.0,1.1,-1.7,-16.6,343.4,0.0,0.0,0.0,24.52,79,POSCTL,0,0
2026-08-20T14:18:34,1787210315,13.822691,100.51164,11.2,-0.0,1.1,-1.7,-16.6,343.4,0.0,0.0,0.0,24.52,79,POSCTL,0,0
2026-08-20T14:18:35,1787210316,13.82269,100.511641,11.4,-0.0,1.1,-1.7,-16.6,343.4,0.0,0.01,0.0,24.52,79,POSCTL,0,0
2026-08-20T14:18:36,1787210317,13.82269,100.511641,11.4,-0.0,1.1,-1.7,-16.6,343.4,0.0,0.01,0.0,24.52,79,POSCTL,0,0
2026-08-20T14:18:37,1787210318,13.82269,100.511641,11.4,-0.0,1.1,-1.7,-16.6,343.4,0.0,0.01,0.0,24.52,79,POSCTL,0,0
2026-08-20T14:18:38,1787210319,13.82269,100.511641,11.3,-0.0,1.1,-1.7,-16.6,343.4,0.0,0.0,0.0,24.52,79,POSCTL,0,0
2026-08-20T14:18:39,1787210320,13.82269,100.511641,11.3,-0.0,1.1,-1.7,-16.6,343.4,0.0,0.0,0.0,24.52,79,POSCTL,0,0
2026-08-20T14:18:40,1787210321,13.82269,100.511641,11.3,-0.0,1.1,-1.7,-16.6,343.4,0.0,0.0,0.0,24.52,79,POSCTL,0,0
2026-08-20T14:18:41,1787210322,13.82269,100.511641,11.3,-0.0,1.1,-1.7,-16.6,343.4,0.0,0.0,0.0,24.52,79,POSCTL,0,0
2026-08-20T14:18:42,1787210323,13.8227,100.51165,13.8,-0.0,1.1,-1.7,-16.6,343.4,0.0,0.0,0.0,24.52,79,0,0,0
2026-08-20T14:18:43,1787210324,13.8227,100.51165,13.8,-0.0,1.1,-1.7,-16.6,343.4,0.0,0.0,0.0,24.52,79,0,0,0
2026-08-20T14:18:44,1787210325,13.8227,100.51165,13.8,-0.0,1.1,-1.7,-16.6,343.4,0.0,0.0,0.0,24.52,79,0,0,0
2026-08-20T14:18:45,1787210326,13.822715,100.511665,17.8,0.02,1.1,-1.7,-16.6,343.4,0.12,0.11,0.0,24.52,79,POSCTL,0,0
2026-08-20T14:18:46,1787210327,13.822715,100.511665,17.8,0.02,0.9,-1.6,-16.6,343.4,0.12,0.11,0.0,24.52,79,0,0,0
2026-08-20T14:18:47,1787210328,13.822715,100.511665,17.8,0.02,0.9,-1.6,-16.6,343.4,0.12,0.11,0.0,24.52,79,POSCTL,0,0
2026-08-20T14:18:48,1787210329,13.822715,100.511665,17.8,0.02,0.8,-1.5,-16.5,343.5,0.12,0.11,0.0,24.52,79,0,0,0
2026-08-20T14:18:49,1787210330,13.822755,100.511703,28.6,0.01,0.8,-1.5,-16.5,343.5,0.11,0.12,0.0,24.52,79,0,0,0
2026-08-20T14:18:50,1787210331,13.822755,100.511703,28.6,0.01,0.8,-1.5,-16.5,343.5,0.11,0.12,0.0,24.52,79,POSCTL,0,0
2026-08-20T14:18:51,1787210332,13.822755,100.511703,28.6,0.01,0.8,-1.5,-16.5,343.5,0.11,0.12,0.0,24.52,79,POSCTL,0,0
2026-08-20T14:18:52,1787210333,13.822755,100.511703,28.6,0.01,0.5,-1.4,-16.3,343.7,0.11,0.12,0.0,24.52,79,POSCTL,0,0
2026-08-20T14:18:53,1787210334,13.822776,100.511723,34.9,-0.0,0.5,-1.4,-16.3,343.7,0.05,0.06,0.0,24.52,79,POSCTL,0,0
2026-08-20T14:18:54,1787210335,13.822776,100.511723,34.9,-0.0,0.5,-1.4,-16.3,343.7,0.05,0.06,0.0,24.52,79,POSCTL,0,0
2026-08-20T14:18:55,1787210336,13.822776,100.511723,34.9,-0.0,0.5,-1.3,-16.3,343.7,0.05,0.06,0.0,24.52,79,0,0,0
2026-08-20T14:18:56,1787210337,13.822776,100.511723,34.9,-0.0,0.5,-1.3,-16.3,343.7,0.05,0.06,0.0,24.52,79,POSCTL,0,0
2026-08-20T14:18:57,1787210338,13.822776,100.511723,34.9,-0.0,0.5,-1.3,-16.3,343.7,0.05,0.06,0.0,24.52,79,POSCTL,0,0
2026-08-20T14:18:58,1787210339,13.822797,100.511746,42.3,0.02,0.5,-1.3,-16.4,343.6,0.0,0.02,0.0,24.52,79,0,0,0
2026-08-20T14:18:59,1787210340,13.822797,100.511746,42.3,0.02,0.5,-1.3,-16.4,343.6,0.0,0.02,0.0,24.52,79,0,0,0
2026-08-20T14:19:00,1787210341,13.822797,100.511746,42.3,0.02,0.5,-1.3,-16.4,343.6,0.0,0.02,0.0,24.52,79,0,0,0
2026-08-20T14:19:01,1787210342,13.822797,100.511746,42.3,0.02,0.6,-1.4,-16.4,343.6,0.0,0.02,0.0,24.52,79,0,0,0
2026-08-20T14:19:02,1787210343,13.822803,100.511753,44.6,0.05,0.6,-1.4,-16.4,343.6,0.0,0.03,0.0,24.52,79,POSCTL,0,0
2026-08-20T14:19:03,1787210344,13.822803,100.511753,44.6,0.05,0.6,-1.4,-16.5,343.5,0.0,0.03,0.0,24.52,79,0,0,0
2026-08-20T14:19:04,1787210345,13.822803,100.511753,44.6,0.05,0.6,-1.4,-16.5,343.5,0.0,0.03,0.0,24.52,79,0,0,0
2026-08-20T14:19:05,1787210346,13.8228,100.511752,38.2,0.0,0.6,-1.4,-16.5,343.5,0.01,0.05,0.0,24.52,79,0,0,0
2026-08-20T14:19:06,1787210347,13.822813,100.511769,46.7,0.0,0.6,-1.4,-16.5,343.5,0.01,0.05,0.0,24.52,79,POSCTL,0,0
2026-08-20T14:19:07,1787210348,13.822813,100.511769,46.7,0.0,0.6,-1.4,-16.5,343.5,0.01,0.05,0.0,24.52,79,POSCTL,0,0
2026-08-20T14:19:08,1787210349,13.822813,100.511769,46.7,0.0,0.6,-1.4,-16.5,343.5,0.01,0.05,0.0,24.52,79,POSCTL,0,0
2026-08-20T14:19:09,1787210350,13.822819,100.51178,47.2,0.01,0.6,-1.4,-16.5,343.5,0.03,0.08,0.0,24.52,79,POSCTL,0,0
2026-08-20T14:19:10,1787210351,13.822819,100.51178,47.2,0.01,0.6,-1.4,-16.5,343.5,0.03,0.08,0.0,24.52,79,POSCTL,0,0
2026-08-20T14:19:11,1787210352,13.822819,100.51178,47.2,0.01,0.6,-1.5,-16.9,343.1,0.03,0.08,0.0,24.52,79,0,0,0
2026-08-20T14:19:12,1787210353,13.822819,100.51178,47.2,0.01,0.6,-1.5,-16.9,343.1,0.03,0.08,0.0,24.52,79,POSCTL,0,0
2026-08-20T14:19:13,1787210354,13.822819,100.51178,47.2,0.01,0.8,-1.6,-16.7,343.3,0.03,0.08,0.0,24.52,79,POSCTL,0,0
2026-08-20T14:19:14,1787210355,13.822798,100.511756,42.1,-0.04,0.8,-1.6,-16.7,343.3,-0.13,-0.17,0.0,24.52,79,0,0,0
2026-08-20T14:19:15,1787210356,13.822798,100.511756,42.1,-0.04,0.8,-1.6,-16.7,343.3,-0.13,-0.17,0.0,24.52,79,0,0,0
2026-08-20T14:19:16,1787210357,13.822798,100.511756,42.1,-0.04,0.8,-1.6,-16.7,343.3,-0.13,-0.17,0.0,24.52,79,0,0,0
2026-08-20T14:19:17,1787210358,13.822798,100.511756,42.1,-0.04,1.1,-1.7,-16.6,343.4,-0.13,-0.17,0.0,24.52,79,POSCTL,0,0
2026-08-20T14:19:18,1787210359,13.822798,100.511756,42.1,-0.04,1.1,-1.7,-16.6,343.4,-0.13,-0.17,0.0,24.52,79,0,0,0
2026-08-20T14:19:19,1787210360,13.822798,100.511756,42.1,-0.04,1.2,-1.8,-16.7,343.3,-0.13,-0.17,0.0,24.52,79,0,0,0
2026-08-20T14:19:20,1787210361,13.822798,100.511756,42.1,-0.04,1.2,-1.8,-16.7,343.3,-0.13,-0.17,0.0,24.52,79,0,0,0
2026-08-20T14:19:21,1787210362,13.822798,100.511756,42.1,-0.04,1.2,-1.8,-16.7,343.3,-0.13,-0.17,0.0,24.52,79,0,0,0
2026-08-20T14:19:22,1787210363,13.822775,100.511732,38.0,-0.03,1.4,-1.8,-16.8,343.2,-0.11,-0.13,0.0,24.52,79,0,0,0
2026-08-20T14:19:23,1787210364,13.822764,100.51172,34.3,-0.03,1.4,-1.8,-16.8,343.2,-0.11,-0.13,0.0,24.52,79,0,0,0
2026-08-20T14:19:24,1787210365,13.822764,100.51172,34.3,-0.03,1.4,-1.8,-16.8,343.2,-0.11,-0.13,0.0,24.52,79,0,0,0
2026-08-20T14:19:25,1787210366,13.822764,100.51172,34.3,-0.03,1.5,-1.9,-16.8,343.2,-0.11,-0.13,0.0,24.52,79,0,0,0
2026-08-20T14:19:26,1787210367,13.822764,100.51172,34.3,-0.03,1.5,-1.9,-16.8,343.2,-0.11,-0.13,0.0,24.52,79,POSCTL,0,0
2026-08-20T14:19:27,1787210368,13.822764,100.51172,34.3,-0.03,1.5,-1.9,-16.8,343.2,-0.11,-0.13,0.0,24.52,79,0,0,0
2026-08-20T14:19:28,1787210369,13.822764,100.51172,34.3,-0.03,1.6,-1.9,-16.8,343.2,-0.11,-0.13,0.0,24.52,79,0,0,0
2026-08-20T14:19:29,1787210370,13.822764,100.51172,34.3,-0.03,1.6,-1.9,-16.8,343.2,-0.11,-0.13,0.0,24.52,79,0,0,0
2026-08-20T14:19:30,1787210371,13.822764,100.51172,34.3,-0.03,1.5,-1.9,-16.7,343.3,-0.11,-0.13,0.0,24.52,79,POSCTL,0,0
2026-08-20T14:19:31,1787210372,13.822736,100.511692,28.2,-0.0,1.5,-1.9,-16.7,343.3,-0.02,-0.02,0.0,24.52,79,0,0,0
2026-08-20T14:19:32,1787210373,13.822736,100.511692,28.2,-0.0,1.5,-1.9,-16.7,343.3,-0.02,-0.02,0.0,24.52,79,0,0,0
2026-08-20T14:19:33,1787210374,13.822736,100.511692,28.2,-0.0,1.5,-1.9,-16.7,343.3,-0.02,-0.02,0.0,24.52,79,POSCTL,0,0
2026-08-20T14:19:34,1787210375,13.822736,100.511692,28.2,-0.0,1.4,-1.9,-16.7,343.3,-0.02,-0.02,0.0,24.52,79,0,0,0
2026-08-20T14:19:35,1787210376,13.822736,100.511692,28.2,-0.0,1.4,-1.9,-16.7,343.3,-0.02,-0.02,0.0,24.52,79,0,0,0
2026-08-20T14:19:36,1787210377,13.822736,100.511692,28.2,-0.0,1.4,-1.9,-16.7,343.3,-0.02,-0.02,0.0,24.52,79,POSCTL,0,0
2026-08-20T14:19:37,1787210378,13.822736,100.511692,28.2,-0.0,1.4,-1.8,-16.7,343.3,-0.02,-0.02,0.0,24.52,79,0,0,0
2026-08-20T14:19:38,1787210379,13.822736,100.511692,28.2,-0.0,1.4,-1.8,-16.7,343.3,-0.02,-0.02,0.0,24.52,79,0,0,0
2026-08-20T14:19:39,1787210380,13.822717,100.511672,24.1,-0.02,1.4,-1.8,-16.7,343.3,-0.03,-0.04,0.0,24.52,79,0,0,0
2026-08-20T14:19:40,1787210381,13.822717,100.511672,24.1,-0.02,1.4,-1.8,-16.7,343.3,-0.03,-0.04,0.0,24.52,79,0,0,0
2026-08-20T14:19:41,1787210382,13.822717,100.511672,24.1,-0.02,1.4,-1.8,-16.7,343.3,-0.03,-0.04,0.0,24.52,79,POSCTL,0,0
2026-08-20T14:19:42,1787210383,13.822717,100.511672,24.1,-0.02,1.3,-1.8,-16.7,343.3,-0.03,-0.04,0.0,24.52,79,0,0,0
2026-08-20T14:19:43,1787210384,13.822717,100.511672,24.1,-0.02,1.3,-1.8,-16.7,343.3,-0.03,-0.04,0.0,24.52,79,0,0,0
2026-08-20T14:19:44,1787210385,13.822707,100.511664,22.0,-0.01,1.3,-1.8,-16.7,343.3,-0.06,-0.06,0.0,24.52,79,POSCTL,0,0
2026-08-20T14:19:45,1787210386,13.822707,100.511664,22.0,-0.01,1.3,-1.8,-16.7,343.3,-0.06,-0.06,0.0,24.52,79,POSCTL,0,0
2026-08-20T14:19:46,1787210387,13.822707,100.511664,22.0,-0.01,1.3,-1.8,-16.7,343.3,-0.06,-0.06,0.0,24.52,79,0,0,0
2026-08-20T14:19:47,1787210388,13.822707,100.511664,22.0,-0.01,1.3,-1.8,-16.7,343.3,-0.06,-0.06,0.0,24.52,79,POSCTL,0,0
2026-08-20T14:19:48,1787210389,13.822705,100.511662,37.5,-0.02,1.3,-1.8,-16.7,343.3,-0.02,-0.01,0.0,24.52,79,POSCTL,0,0
2026-08-20T14:19:49,1787210390,13.822699,100.511657,19.2,-0.02,1.3,-1.8,-16.7,343.3,-0.02,-0.01,0.0,24.52,79,0,0,0
2026-08-20T14:19:50,1787210391,13.822699,100.511657,19.2,-0.02,1.3,-1.8,-16.7,343.3,-0.02,-0.01,0.0,24.52,79,0,0,0
2026-08-20T14:19:51,1787210392,13.822699,100.511657,19.2,-0.02,1.3,-1.8,-16.7,343.3,-0.02,-0.01,0.0,24.52,79,0,0,0
2026-08-20T14:19:52,1787210393,13.822699,100.511657,19.2,-0.02,1.3,-1.8,-16.7,343.3,-0.02,-0.01,0.0,24.52,79,POSCTL,0,0
2026-08-20T14:19:53,1787210394,13.822693,100.511651,17.4,-0.02,1.3,-1.8,-16.7,343.3,0.0,-0.03,0.0,24.52,79,0,0,0
2026-08-20T14:19:54,1787210395,13.822693,100.511651,17.4,-0.02,1.3,-1.8,-16.7,343.3,0.0,-0.03,0.0,24.52,79,POSCTL,0,0
2026-08-20T14:19:55,1787210396,13.822693,100.511651,17.4,-0.02,1.2,-1.8,-16.7,343.3,0.0,-0.03,0.0,24.52,79,POSCTL,0,0
2026-08-20T14:19:56,1787210397,13.822693,100.511651,17.4,-0.02,1.2,-1.8,-16.7,343.3,0.0,-0.03,0.0,24.52,79,0,0,0
2026-08-20T14:19:57,1787210398,13.822689,100.511647,16.4,-0.01,1.2,-1.8,-16.7,343.3,0.0,-0.01,0.0,24.52,79,0,0,0
2026-08-20T14:19:58,1787210399,13.822689,100.511647,16.4,-0.01,1.2,-1.8,-16.7,343.3,0.0,-0.01,0.0,24.52,79,POSCTL,0,0
2026-08-20T14:19:59,1787210400,13.822689,100.511647,16.4,-0.01,1.2,-1.8,-16.7,343.3,0.0,-0.01,0.0,24.52,79,POSCTL,0,0
2026-08-20T14:20:00,1787210401,13.82269,100.511647,37.3,-0.03,1.2,-1.8,-16.7,343.3,0.0,-0.02,0.0,24.52,79,POSCTL,0,0
2026-08-20T14:20:01,1787210402,13.82269,100.511647,37.3,-0.03,1.2,-1.8,-16.7,343.3,0.0,-0.02,0.0,24.52,79,0,0,0
2026-08-20T14:20:02,1787210403,13.82269,100.511647,37.3,-0.03,1.2,-1.7,-16.7,343.3,0.0,-0.02,0.0,24.52,79,0,0,0
2026-08-20T14:20:03,1787210404,13.82269,100.511647,37.3,-0.03,1.2,-1.7,-16.7,343.3,0.0,-0.02,0.0,24.52,79,0,0,0
2026-08-20T14:20:04,1787210405,13.822688,100.511643,15.1,-0.05,1.2,-1.7,-16.7,343.3,0.0,0.0,0.0,24.52,79,0,0,0
2026-08-20T14:20:05,1787210406,13.822688,100.511643,15.1,-0.05,1.1,-1.7,-16.7,343.3,0.0,0.0,0.0,24.52,79,0,0,0
2026-08-20T14:20:06,1787210407,13.822688,100.511643,15.1,-0.05,1.1,-1.7,-16.7,343.3,0.0,0.0,0.0,24.52,79,POSCTL,0,0
2026-08-20T14:20:07,1787210408,13.822688,100.511643,15.1,-0.05,1.1,-1.7,-16.8,343.2,0.0,0.0,0.0,24.52,79,0,0,0
2026-08-20T14:20:08,1787210409,13.822688,100.511643,15.1,-0.05,1.1,-1.7,-16.8,343.2,0.0,0.0,0.0,24.52,79,POSCTL,0,0
2026-08-20T14:20:09,1787210410,13.822689,100.511639,13.8,-0.02,1.1,-1.7,-16.8,343.2,0.0,-0.01,0.0,24.52,79,POSCTL,0,0
2026-08-20T14:20:10,1787210411,13.822689,100.511639,13.8,-0.02,1.1,-1.7,-16.8,343.2,0.0,-0.01,0.0,24.52,79,0,0,0
2026-08-20T14:20:11,1787210412,13.822689,100.511639,13.8,-0.02,1.1,-1.7,-16.8,343.2,0.0,-0.01,0.0,24.52,79,0,0,0
2026-08-20T14:20:12,1787210413,13.822689,100.511639,13.8,-0.02,1.1,-1.7,-16.8,343.2,0.0,-0.01,0.0,24.52,79,0,0,0
2026-08-20T14:20:13,1787210414,13.822695,100.511641,14.4,-0.03,1.1,-1.7,-16.8,343.2,0.04,0.01,0.0,24.52,79,0,0,0
2026-08-20T14:20:14,1787210415,13.822695,100.511641,14.4,-0.03,1.1,-1.7,-16.8,343.2,0.04,0.01,0.0,24.52,79,0,0,0
2026-08-20T14:20:15,1787210416,13.822695,100.511641,14.4,-0.03,1.1,-1.7,-16.8,343.2,0.04,0.01,0.0,24.52,79,0,0,0
2026-08-20T14:20:16,1787210417,13.822695,100.511641,14.4,-0.03,1.1,-1.7,-16.8,343.2,0.04,0.01,0.0,24.52,79,POSCTL,0,0
2026-08-20T14:20:17,1787210418,13.822696,100.511638,13.5,-0.04,1.1,-1.7,-16.8,343.2,0.0,-0.01,0.0,24.52,79,0,0,0
2026-08-20T14:20:18,1787210419,13.822696,100.511638,13.5,-0.04,1.1,-1.6,-16.8,343.2,0.0,-0.01,0.0,24.52,79,POSCTL,0,0
2026-08-20T14:20:19,1787210420,13.822696,100.511638,13.5,-0.04,1.1,-1.6,-16.8,343.2,0.0,-0.01,0.0,24.52,79,POSCTL,0,0
2026-08-20T14:20:20,1787210421,13.822696,100.511638,13.5,-0.04,1.1,-1.6,-16.8,343.2,0.0,-0.01,0.0,24.52,79,0,0,0
2026-08-20T14:20:21,1787210422,13.822695,100.511638,37.3,-0.0,1.1,-1.6,-16.8,343.2,-0.01,-0.01,0.0,24.52,79,0,0,0
2026-08-20T14:20:22,1787210423,13.822696,100.511635,12.4,-0.0,1.1,-1.6,-16.8,343.2,-0.01,-0.01,0.0,24.52,79,POSCTL,0,0
2026-08-20T14:20:23,1787210424,13.822696,100.511635,12.4,-0.0,1.1,-1.6,-16.8,343.2,-0.01,-0.01,0.0,24.52,79,POSCTL,0,0
2026-08-20T14:20:24,1787210425,13.822696,100.511635,12.4,-0.0,1.1,-1.6,-16.8,343.2,-0.01,-0.01,0.0,24.52,79,POSCTL,0,0
2026-08-20T14:20:25,1787210426,13.822696,100.511635,12.4,-0.0,1.1,-1.6,-16.8,343.2,-0.01,-0.01,0.0,24.52,79,POSCTL,0,0
2026-08-20T14:20:26,1787210427,13.822698,100.511634,11.7,-0.0,1.1,-1.6,-16.8,343.2,-0.01,-0.01,0.0,24.52,79,POSCTL,0,0
2026-08-20T14:20:27,1787210428,13.822698,100.511634,11.7,-0.0,1.1,-1.7,-16.8,343.2,-0.01,-0.01,0.0,24.52,79,0,0,0
2026-08-20T14:20:28,1787210429,13.822698,100.511634,11.7,-0.0,1.1,-1.7,-16.8,343.2,-0.01,-0.01,0.0,24.52,79,0,0,0
2026-08-20T14:20:29,1787210430,13.822698,100.511634,11.7,-0.0,1.1,-1.7,-16.8,343.2,-0.01,-0.01,0.0,24.52,79,0,0,0
2026-08-20T14:20:30,1787210431,13.822698,100.511634,37.2,-0.04,1.1,-1.6,-16.8,343.2,0.01,0.0,0.0,24.52,79,0,0,0
2026-08-20T14:20:31,1787210432,13.8227,100.511633,10.9,-0.04,1.1,-1.6,-16.8,343.2,0.01,0.0,0.0,24.52,79,0,0,0
2026-08-20T14:20:32,1787210433,13.8227,100.511633,10.9,-0.04,1.1,-1.6,-16.8,343.2,0.01,0.0,0.0,24.52,79,POSCTL,0,0
2026-08-20T14:20:33,1787210434,13.8227,100.511633,10.9,-0.04,1.1,-1.6,-16.8,343.2,0.01,0.0,0.0,24.52,79,POSCTL,0,0
2026-08-20T14:20:34,1787210435,13.8227,100.511633,37.2,-0.05,1.1,-1.6,-16.8,343.2,-0.01,0.0,0.0,24.52,79,0,0,0
2026-08-20T14:20:35,1787210436,13.8227,100.511633,37.2,-0.05,1.1,-1.6,-16.8,343.2,-0.01,0.0,0.0,24.52,79,0,0,0
2026-08-20T14:20:36,1787210437,13.8227,100.511633,10.7,-0.05,1.1,-1.6,-16.8,343.2,-0.01,0.0,0.0,24.52,79,0,0,0
2026-08-20T14:20:37,1787210438,13.8227,100.511633,10.7,-0.05,1.1,-1.7,-16.8,343.2,-0.01,0.0,0.0,24.52,79,POSCTL,0,0
2026-08-20T14:20:38,1787210439,13.8227,100.511633,10.7,-0.05,1.1,-1.7,-16.8,343.2,-0.01,0.0,0.0,24.52,79,POSCTL,0,0
2026-08-20T14:20:39,1787210440,13.8227,100.511633,10.7,-0.05,1.1,-1.7,-16.8,343.2,-0.01,0.0,0.0,24.52,79,POSCTL,0,0
2026-08-20T14:20:40,1787210441,13.8227,100.511632,37.2,-0.06,1.1,-1.7,-16.8,343.2,0.01,0.0,0.0,24.52,79,POSCTL,0,0
2026-08-20T14:20:41,1787210442,13.8227,100.511632,37.2,-0.06,1.1,-1.7,-16.8,343.2,0.01,0.0,0.0,24.52,79,POSCTL,0,0
2026-08-20T14:20:42,1787210443,13.8227,100.511632,37.2,-0.06,1.1,-1.7,-16.8,343.2,0.01,0.0,0.0,24.52,79,POSCTL,0,0
2026-08-20T14:20:43,1787210444,13.8227,100.511632,37.2,-0.06,1.1,-1.7,-16.8,343.2,0.01,0.0,0.0,24.52,79,POSCTL,0,0
2026-08-20T14:20:44,1787210445,13.822699,100.511633,9.9,-0.06,1.1,-1.7,-16.8,343.2,0.01,0.0,0.0,24.52,79,0,0,0
2026-08-20T14:20:45,1787210446,13.822699,100.511633,9.9,-0.06,1.1,-1.7,-16.8,343.2,0.01,0.0,0.0,24.52,79,0,0,0
2026-08-20T14:20:46,1787210447,13.822699,100.511633,9.9,-0.06,1.1,-1.7,-16.8,343.2,0.01,0.0,0.0,24.52,79,0,0,0
2026-08-20T14:20:47,1787210448,13.822698,100.511633,37.2,-0.07,1.1,-1.7,-16.8,343.2,-0.01,0.0,0.0,24.52,79,0,0,0
2026-08-20T14:20:48,1787210449,13.822696,100.511634,9.9,-0.07,1.1,-1.7,-16.8,343.2,-0.01,0.0,0.0,24.52,79,0,0,0
2026-08-20T14:20:49,1787210450,13.822696,100.511634,9.9,-0.07,1.1,-1.7,-16.8,343.2,-0.01,0.0,0.0,24.52,79,POSCTL,0,0
2026-08-20T14:20:50,1787210451,13.822696,100.511634,37.2,-0.07,1.1,-1.7,-16.8,343.2,-0.03,0.0,0.0,24.52,79,POSCTL,0,0
2026-08-20T14:20:51,1787210452,13.822696,100.511634,37.2,-0.07,1.1,-1.7,-16.8,343.2,-0.03,0.0,0.0,24.52,79,POSCTL,0,0
2026-08-20T14:20:52,1787210453,13.822693,100.511635,10.1,-0.07,1.1,-1.7,-16.8,343.2,-0.03,0.0,0.0,24.52,79,0,0,0
2026-08-20T14:20:53,1787210454,13.822693,100.511635,10.1,-0.07,1.1,-1.7,-16.8,343.2,-0.03,0.0,0.0,24.52,79,POSCTL,0,0
2026-08-20T14:20:54,1787210455,13.822693,100.511635,37.2,-0.07,1.1,-1.7,-16.8,343.2,-0.02,0.01,0.0,24.52,79,POSCTL,0,0
2026-08-20T14:20:55,1787210456,13.822691,100.511635,10.2,-0.07,1.1,-1.7,-16.8,343.2,-0.02,0.01,0.0,24.52,79,0,0,0
2026-08-20T14:20:56,1787210457,13.822691,100.511635,10.2,-0.07,1.1,-1.7,-16.8,343.2,-0.02,0.01,0.0,24.52,79,0,0,0
2026-08-20T14:20:57,1787210458,13.822691,100.511635,10.2,-0.07,1.1,-1.7,-16.8,343.2,-0.02,0.01,0.0,24.52,79,0,0,0
2026-08-20T14:20:58,1787210459,13.82269,100.511635,37.2,-0.07,1.1,-1.8,-16.8,343.2,-0.01,-0.01,0.0,24.52,79,0,0,0
2026-08-20T14:20:59,1787210460,13.822686,100.511637,10.9,-0.07,1.1,-1.8,-16.8,343.2,-0.01,-0.01,0.0,24.52,79,0,0,0
2026-08-20T14:21:00,1787210461,13.822686,100.511637,10.9,-0.07,1.1,-1.8,-16.8,343.2,-0.01,-0.01,0.0,24.52,79,0,0,0
2026-08-20T14:21:01,1787210462,13.822686,100.511637,10.9,-0.07,1.1,-1.8,-16.8,343.2,-0.01,-0.01,0.0,24.52,79,POSCTL,0,0
2026-08-20T14:21:02,1787210463,13.822686,100.511637,10.9,-0.07,1.1,-1.8,-16.8,343.2,-0.01,-0.01,0.0,24.52,79,POSCTL,0,0
2026-08-20T14:21:03,1787210464,13.822686,100.511637,10.9,-0.07,1.1,-1.8,-16.8,343.2,-0.01,-0.01,0.0,24.52,79,POSCTL,0,0
2026-08-20T14:21:04,1787210465,13.822686,100.511637,10.9,-0.07,1.1,-1.8,-16.8,343.2,-0.01,-0.01,0.0,24.52,79,0,0,0
2026-08-20T14:21:05,1787210466,13.822684,100.511647,37.3,-0.01,3.7,-5.7,-19.9,340.1,0.39,0.92,0.02,24.52,79,POSCTL,0,0
2026-08-20T14:21:06,1787210467,13.822684,100.511647,37.3,-0.01,3.7,-5.7,-19.9,340.1,0.39,0.92,0.02,24.52,79,0,0,0
2026-08-20T14:21:07,1787210468,13.822686,100.511655,12.3,-0.01,3.7,-5.7,-19.9,340.1,0.39,0.92,0.02,24.52,79,0,0,0
2026-08-20T14:21:08,1787210469,13.822686,100.511655,12.3,-0.01,3.7,-5.7,-19.9,340.1,0.39,0.92,0.02,24.52,79,0,0,0
2026-08-20T14:21:09,1787210470,13.822686,100.511655,12.3,-0.01,2.9,-6.4,-44.7,315.3,0.39,0.92,0.02,24.52,79,0,0,0
2026-08-20T14:21:10,1787210471,13.822686,100.511655,12.3,-0.01,2.9,-6.4,-44.7,315.3,0.39,0.92,0.02,24.52,79,0,0,0
2026-08-20T14:21:11,1787210472,13.82272,100.511662,12.2,-0.01,2.9,-6.4,-44.7,315.3,0.39,0.92,0.02,24.52,79,POSCTL,0,0
2026-08-20T14:21:12,1787210473,13.82272,100.511662,12.2,-0.01,2.9,-6.4,-44.7,315.3,0.39,0.92,0.02,24.52,79,0,0,0
2026-08-20T14:21:13,1787210474,13.82272,100.511662,12.2,-0.01,2.9,-6.4,-44.7,315.3,0.39,0.92,0.02,24.52,79,POSCTL,0,0
2026-08-20T14:21:14,1787210475,13.82272,100.511662,12.2,-0.01,-15.4,3.8,-105.2,254.8,0.39,0.92,0.02,24.52,79,POSCTL,0,0
2026-08-20T14:21:15,1787210476,13.82272,100.511662,12.2,-0.01,-15.4,3.8,-105.2,254.8,0.39,0.92,0.02,24.52,79,POSCTL,0,0
2026-08-20T14:21:16,1787210477,13.822763,100.511645,37.7,-0.02,-15.4,3.8,-105.2,254.8,0.02,0.12,0.09,24.52,79,POSCTL,0,0
2026-08-20T14:21:17,1787210478,13.822765,100.511647,11.9,-0.02,-15.4,3.8,-105.2,254.8,0.02,0.12,0.09,24.52,79,0,0,0
2026-08-20T14:21:18,1787210479,13.822765,100.511647,11.9,-0.02,-15.4,3.8,-105.2,254.8,0.02,0.12,0.09,24.52,79,0,0,0
2026-08-20T14:21:19,1787210480,13.822765,100.511647,11.9,-0.02,-15.4,3.8,-105.2,254.8,0.02,0.12,0.09,24.52,79,0,0,0
2026-08-20T14:21:20,1787210481,13.822765,100.511647,11.9,-0.02,2.8,4.7,150.2,150.2,0.02,0.12,0.09,24.52,79,POSCTL,0,0
2026-08-20T14:21:21,1787210482,13.822765,100.511647,11.9,-0.02,2.8,4.7,150.2,150.2,0.02,0.12,0.09,24.52,79,POSCTL,0,0
2026-08-20T14:21:22,1787210483,13.822765,100.511647,11.9,-0.02,2.8,4.7,150.2,150.2,0.02,0.12,0.09,24.52,79,POSCTL,0,0
2026-08-20T14:21:23,1787210484,13.822765,100.511647,11.9,-0.02,2.8,4.7,150.2,150.2,0.02,0.12,0.09,24.52,79,POSCTL,0,0
2026-08-20T14:21:24,1787210485,13.822765,100.511647,11.9,-0.02,2.8,4.7,150.2,150.2,0.02,0.12,0.09,24.52,79,POSCTL,0,0
2026-08-20T14:21:25,1787210486,13.822771,100.511642,37.5,0.04,2.8,4.7,150.2,150.2,-0.02,0.04,-0.04,24.52,79,0,0,0
2026-08-20T14:21:26,1787210487,13.822771,100.511642,37.5,0.04,2.8,4.7,150.2,150.2,-0.02,0.04,-0.04,24.52,79,POSCTL,0,0
2026-08-20T14:21:27,1787210488,13.822771,100.511642,37.5,0.04,2.8,4.7,150.2,150.2,-0.02,0.04,-0.04,24.52,79,POSCTL,0,0
2026-08-20T14:21:28,1787210489,13.822771,100.511642,37.5,0.04,2.8,4.7,150.2,150.2,-0.02,0.04,-0.04,24.52,79,POSCTL,0,0
2026-08-20T14:21:29,1787210490,13.822771,100.511642,37.5,0.04,2.8,4.7,150.2,150.2,-0.02,0.04,-0.04,24.52,79,POSCTL,0,0
2026-08-20T14:21:30,1787210491,13.822771,100.511642,37.5,0.04,-1.3,-1.9,146.9,146.9,-0.02,0.04,-0.04,24.52,79,0,0,0
2026-08-20T14:21:31,1787210492,13.822769,100.511641,37.6,0.11,-1.3,-1.9,146.9,146.9,0.03,-0.03,0.0,24.52,79,0,0,0
2026-08-20T14:21:32,1787210493,13.822766,100.511639,12.4,0.11,-1.3,-1.9,146.9,146.9,0.03,-0.03,0.0,24.52,79,0,0,0
2026-08-20T14:21:33,1787210494,13.822766,100.511639,12.4,0.11,-1.2,-2.0,146.6,146.6,0.03,-0.03,0.0,24.52,79,0,0,0
2026-08-20T14:21:34,1787210495,13.822766,100.511639,12.4,0.11,-1.2,-2.0,146.6,146.6,0.03,-0.03,0.0,24.52,79,0,0,0
2026-08-20T14:21:35,1787210496,13.822766,100.511639,12.4,0.11,-1.2,-2.0,146.6,146.6,0.03,-0.03,0.0,24.52,79,0,0,0
2026-08-20T14:21:36,1787210497,13.822766,100.511639,12.4,0.11,-1.2,-2.0,146.6,146.6,0.03,-0.03,0.0,24.52,79,0,0,0
2026-08-20T14:21:37,1787210498,13.822766,100.511638,37.6,0.14,-1.2,-2.0,146.6,146.6,0.01,0.0,0.0,24.52,79,0,0,0
2026-08-20T14:21:38,1787210499,13.822767,100.511635,13.0,0.14,-1.2,-2.0,146.6,146.6,0.01,0.0,0.0,24.52,79,POSCTL,0,0
2026-08-20T14:21:39,1787210500,13.822767,100.511635,13.0,0.14,-1.2,-2.0,146.6,146.6,0.01,0.0,0.0,24.52,79,0,0,0
2026-08-20T14:21:40,1787210501,13.822767,100.511635,13.0,0.14,-1.3,-2.2,146.3,146.3,0.01,0.0,0.0,24.51,78,0,0,0
2026-08-20T14:21:41,1787210502,13.822767,100.511635,13.0,0.14,-1.3,-2.2,146.3,146.3,0.01,0.0,0.0,24.51,78,0,0,0
2026-08-20T14:21:42,1787210503,13.822767,100.511635,13.0,0.14,-1.3,-2.2,146.3,146.3,0.01,0.0,0.0,24.51,78,0,0,0
2026-08-20T14:21:43,1787210504,13.822767,100.511635,13.0,0.14,-1.3,-2.4,146.2,146.2,0.01,0.0,0.0,24.51,78,0,0,0
2026-08-20T14:21:44,1787210505,13.822767,100.511635,13.0,0.14,-1.3,-2.4,146.2,146.2,0.01,0.0,0.0,24.51,78,0,0,0
2026-08-20T14:21:45,1787210506,13.822767,100.511635,13.0,0.14,-1.3,-2.4,146.2,146.2,0.01,0.0,0.0,24.51,78,AUTO.TAKEOFF,1,0
2026-08-20T14:21:46,1787210507,13.822767,100.511635,13.0,0.14,-1.3,-2.4,146.2,146.2,0.01,0.0,0.0,24.51,78,0,0,0
2026-08-20T14:21:47,1787210508,13.822768,100.511635,14.1,0.14,3.7,3.1,133.0,133.0,0.01,0.0,0.0,24.51,78,AUTO.TAKEOFF,1,0
2026-08-20T14:21:48,1787210509,13.822768,100.511635,14.1,0.14,3.7,3.1,133.0,133.0,0.01,0.0,0.0,23.49,76,AUTO.TAKEOFF,1,0
2026-08-20T14:21:49,1787210510,13.822767,100.511636,40.8,3.03,3.7,3.1,133.0,133.0,-0.02,-0.07,-1.3,23.49,76,0,0,0
2026-08-20T14:21:50,1787210511,13.822767,100.511636,40.8,3.03,1.7,-2.0,159.4,159.4,-0.02,-0.07,-1.3,23.49,76,AUTO.TAKEOFF,1,1
2026-08-20T14:21:51,1787210512,13.822767,100.511636,40.8,3.03,1.7,-2.0,159.4,159.4,-0.02,-0.07,-1.3,23.49,76,AUTO.TAKEOFF,1,1
2026-08-20T14:21:52,1787210513,13.822767,100.511636,40.8,3.03,1.7,-2.0,159.4,159.4,-0.02,-0.07,-1.3,23.49,76,AUTO.TAKEOFF,1,1
2026-08-20T14:21:53,1787210514,13.822767,100.511636,40.8,3.03,1.7,-2.0,159.4,159.4,-0.02,-0.07,-1.3,23.39,71,0,0,1
2026-08-20T14:21:54,1787210515,13.822767,100.511636,40.8,3.03,1.7,-2.0,159.4,159.4,-0.02,-0.07,-1.3,23.39,71,0,0,1
2026-08-20T14:21:55,1787210516,13.822767,100.511636,40.8,3.03,1.7,-2.0,159.4,159.4,-0.02,-0.07,-1.3,23.39,71,0,0,1
2026-08-20T14:21:56,1787210517,13.822767,100.511636,40.8,3.03,1.7,-2.0,159.4,159.4,-0.02,-0.07,-1.3,23.39,71,0,0,1
2026-08-20T14:21:57,1787210518,13.822767,100.511636,40.8,3.03,1.7,-2.0,159.4,159.4,-0.02,-0.07,-1.3,23.39,71,AUTO.LOITER,1,1
2026-08-20T14:21:58,1787210519,13.822767,100.511636,40.8,3.03,1.7,-2.0,159.4,159.4,-0.02,-0.07,-1.3,23.39,71,0,0,1
2026-08-20T14:21:59,1787210520,13.822767,100.511636,40.8,3.03,-1.9,-4.6,138.9,138.9,-0.02,-0.07,-1.3,23.39,71,0,0,1
2026-08-20T14:22:00,1787210521,13.822767,100.511636,40.8,3.03,-1.9,-4.6,138.9,138.9,-0.02,-0.07,-1.3,23.39,71,0,0,1
2026-08-20T14:22:01,1787210522,13.822767,100.511636,40.8,3.03,-1.9,-4.6,138.9,138.9,-0.02,-0.07,-1.3,23.39,71,AUTO.LOITER,1,1
2026-08-20T14:22:02,1787210523,13.822767,100.511636,40.8,3.03,-1.9,-4.6,138.9,138.9,-0.02,-0.07,-1.3,23.39,71,AUTO.LOITER,1,1
2026-08-20T14:22:03,1787210524,13.822767,100.511636,40.8,3.03,-1.1,-4.6,142.7,142.7,-0.02,-0.07,-1.3,23.39,71,AUTO.LOITER,1,1
2026-08-20T14:22:04,1787210525,13.822767,100.511636,40.8,3.03,-1.1,-4.6,142.7,142.7,-0.02,-0.07,-1.3,23.39,71,0,0,1
2026-08-20T14:22:05,1787210526,13.822707,100.511683,14.7,1.51,-1.1,-4.6,142.7,142.7,-0.5,0.5,0.34,23.39,71,AUTO.LOITER,1,1
2026-08-20T14:22:06,1787210527,13.822707,100.511683,14.7,1.51,-1.1,-4.6,142.7,142.7,-0.5,0.5,0.34,23.39,71,AUTO.LOITER,1,1
2026-08-20T14:22:07,1787210528,13.822707,100.511683,14.7,1.51,-1.1,-4.6,142.7,142.7,-0.5,0.5,0.34,23.39,71,AUTO.LOITER,1,1
2026-08-20T14:22:08,1787210529,13.822707,100.511683,14.7,1.51,-1.9,-2.9,140.5,140.5,-0.5,0.5,0.34,23.27,63,0,0,1
2026-08-20T14:22:09,1787210530,13.822707,100.511683,14.7,1.51,-1.9,-2.9,140.5,140.5,-0.5,0.5,0.34,23.27,63,0,0,1
2026-08-20T14:22:10,1787210531,13.822707,100.511683,14.7,1.51,-1.9,-2.9,140.5,140.5,-0.5,0.5,0.34,23.27,63,0,0,1
2026-08-20T14:22:11,1787210532,13.822707,100.511683,14.7,1.51,-1.9,-2.9,140.5,140.5,-0.5,0.5,0.34,23.27,63,0,0,1
2026-08-20T14:22:12,1787210533,13.822707,100.511683,14.7,1.51,-1.9,-2.9,140.5,140.5,-0.5,0.5,0.34,23.27,63,0,0,1
2026-08-20T14:22:13,1787210534,13.822707,100.511683,14.7,1.51,-1.1,-2.3,169.9,169.9,-0.5,0.5,0.34,23.27,63,AUTO.LAND,1,1
2026-08-20T14:22:14,1787210535,13.822693,100.511694,37.8,0.08,-1.1,-2.3,169.9,169.9,-0.13,-0.03,0.07,23.27,63,0,0,1
2026-08-20T14:22:15,1787210536,13.822693,100.511694,37.8,0.08,-1.1,-2.3,169.9,169.9,-0.13,-0.03,0.07,23.27,63,0,0,1
2026-08-20T14:22:16,1787210537,13.822695,100.511695,14.7,0.08,-1.1,-2.3,169.9,169.9,-0.13,-0.03,0.07,24.21,65,AUTO.LAND,1,1
2026-08-20T14:22:17,1787210538,13.822695,100.511695,14.7,0.08,-1.1,-2.3,169.9,169.9,-0.13,-0.03,0.07,24.21,65,0,0,1
2026-08-20T14:22:18,1787210539,13.822695,100.511695,14.7,0.08,-1.2,-2.1,175.9,175.9,-0.13,-0.03,0.07,24.21,65,AUTO.LAND,1,1
2026-08-20T14:22:19,1787210540,13.822695,100.511695,14.7,0.08,-1.2,-2.1,175.9,175.9,-0.13,-0.03,0.07,24.21,65,0,0,0
2026-08-20T14:22:20,1787210541,13.822695,100.511695,14.7,0.08,-1.2,-2.1,175.9,175.9,-0.13,-0.03,0.07,24.21,65,AUTO.LOITER,0,0
2026-08-20T14:22:21,1787210542,13.822695,100.511695,14.7,0.08,-1.2,-2.1,175.9,175.9,-0.13,-0.03,0.07,24.21,65,AUTO.LOITER,0,0
2026-08-20T14:22:22,1787210543,13.822695,100.511695,14.7,0.08,-1.2,-2.1,175.9,175.9,-0.13,-0.03,0.07,24.21,65,AUTO.LOITER,0,0
2026-08-20T14:22:23,1787210544,13.822695,100.511695,14.7,0.08,-1.2,-2.1,175.9,175.9,-0.13,-0.03,0.07,24.21,65,0,0,0
2026-08-20T14:22:24,1787210545,13.822695,100.511695,14.7,0.08,-1.2,-2.1,175.9,175.9,-0.13,-0.03,0.07,24.21,65,0,0,0
2026-08-20T14:22:25,1787210546,13.822695,100.511695,14.7,0.08,-1.2,-2.1,175.9,175.9,-0.13,-0.03,0.07,24.21,65,0,0,0
2026-08-20T14:22:26,1787210547,13.822695,100.511695,14.7,0.08,-1.2,-2.1,175.9,175.9,-0.13,-0.03,0.07,24.21,65,POSCTL,0,0
2026-08-20T14:22:27,1787210548,13.822699,100.511702,15.2,0.02,-1.2,-2.2,178.9,178.9,-0.04,0.0,0.0,24.21,65,POSCTL,0,0
2026-08-20T14:22:28,1787210549,13.822699,100.511702,15.2,0.02,-1.2,-2.2,178.9,178.9,-0.04,0.0,0.0,24.31,70,POSCTL,0,0
2026-08-20T14:22:29,1787210550,13.822699,100.511702,15.2,0.02,-1.2,-2.2,179.6,179.6,-0.04,0.0,0.0,24.31,70,0,0,0
2026-08-20T14:22:30,1787210551,13.822699,100.511702,15.2,0.02,-1.2,-2.2,179.6,179.6,-0.04,0.0,0.0,24.31,70,0,0,0
2026-08-20T14:22:31,1787210552,13.822699,100.511702,15.2,0.02,-1.2,-2.2,179.6,179.6,-0.04,0.0,0.0,24.31,70,POSCTL,0,0
2026-08-20T14:22:32,1787210553,13.822699,100.511702,15.2,0.02,-1.2,-2.2,179.6,179.6,-0.04,0.0,0.0,24.31,70,0,0,0
2026-08-20T14:22:33,1787210554,13.822699,100.511702,15.2,0.02,-1.2,-2.2,179.6,179.6,-0.04,0.0,0.0,24.33,71,POSCTL,0,0
2026-08-20T14:22:34,1787210555,13.822699,100.511702,15.2,0.02,-1.2,-2.2,179.6,179.6,-0.04,0.0,0.0,24.33,71,0,0,0
2026-08-20T14:22:35,1787210556,13.822701,100.511703,37.9,0.01,-1.2,-2.1,-179.3,180.7,0.03,0.0,0.0,24.33,71,POSCTL,0,0
2026-08-20T14:22:36,1787210557,13.822701,100.511703,37.9,0.01,-1.2,-2.1,-179.3,180.7,0.03,0.0,0.0,24.33,71,0,0,0
2026-08-20T14:22:37,1787210558,13.8227,100.511704,15.9,0.01,-1.2,-2.2,-178.9,181.1,0.03,0.0,0.0,24.33,71,0,0,0
2026-08-20T14:22:38,1787210559,13.8227,100.511704,15.9,0.01,-1.2,-2.2,-178.9,181.1,0.03,0.0,0.0,24.33,71,POSCTL,0,0
2026-08-20T14:22:39,1787210560,13.8227,100.511704,15.9,0.01,-1.2,-2.2,-178.9,181.1,0.03,0.0,0.0,24.33,71,POSCTL,0,0
2026-08-20T14:22:40,1787210561,13.8227,100.511704,15.9,0.01,-1.2,-2.2,-178.9,181.1,0.03,0.0,0.0,24.33,71,0,0,0
2026-08-20T14:22:41,1787210562,13.8227,100.511704,15.9,0.01,-1.2,-2.2,-178.9,181.1,0.03,0.0,0.0,24.33,71,0,0,0
2026-08-20T14:22:42,1787210563,13.8227,100.511704,15.9,0.01,-1.2,-2.2,-178.9,181.1,0.03,0.0,0.0,24.33,71,POSCTL,0,0
2026-08-20T14:22:43,1787210564,13.822729,100.511669,16.0,0.01,15.0,5.7,37.5,37.5,0.03,0.0,0.0,24.33,71,POSCTL,0,0
2026-08-20T14:22:44,1787210565,13.822729,100.511669,16.0,0.01,15.0,5.7,37.5,37.5,0.03,0.0,0.0,24.37,72,0,0,0
2026-08-20T14:22:45,1787210566,13.822729,100.511669,16.0,0.01,15.0,5.7,37.5,37.5,0.03,0.0,0.0,24.37,72,POSCTL,0,0
2026-08-20T14:22:46,1787210567,13.822752,100.511648,38.0,-0.06,15.0,5.7,37.5,37.5,1.04,-0.57,0.33,24.37,72,0,0,0
2026-08-20T14:22:47,1787210568,13.822752,100.511648,38.0,-0.06,16.5,7.3,45.8,45.8,1.04,-0.57,0.33,24.37,72,0,0,0
2026-08-20T14:22:48,1787210569,13.822766,100.511644,15.6,-0.06,16.5,7.3,45.8,45.8,1.04,-0.57,0.33,24.37,72,0,0,0
2026-08-20T14:22:49,1787210570,13.822766,100.511644,15.6,-0.06,16.5,7.3,45.8,45.8,1.04,-0.57,0.33,24.37,72,0,0,0
2026-08-20T14:22:50,1787210571,13.822766,100.511644,15.6,-0.06,-1.2,-2.5,147.3,147.3,1.04,-0.57,0.33,24.37,72,0,0,0
2026-08-20T14:22:51,1787210572,13.822766,100.511644,15.6,-0.06,-1.2,-2.5,147.3,147.3,1.04,-0.57,0.33,24.37,72,POSCTL,0,0
2026-08-20T14:22:52,1787210573,13.822769,100.511644,14.6,-0.06,-1.3,-2.5,147.6,147.6,1.04,-0.57,0.33,24.37,72,0,0,0
2026-08-20T14:22:53,1787210574,13.822769,100.511644,14.6,-0.06,-1.3,-2.5,147.6,147.6,1.04,-0.57,0.33,24.39,73,0,0,0
2026-08-20T14:22:54,1787210575,13.822769,100.511644,14.6,-0.06,-1.2,-2.5,147.9,147.9,1.04,-0.57,0.33,24.39,73,AUTO.LOITER,0,0
2026-08-20T14:22:55,1787210576,13.822769,100.511644,14.1,0.01,-1.2,-2.5,147.9,147.9,0.0,0.0,0.0,24.39,73,0,0,0
2026-08-20T14:22:56,1787210577,13.822769,100.511644,14.1,0.01,-1.2,-2.5,147.9,147.9,0.0,0.0,0.0,24.39,73,AUTO.LOITER,0,0
2026-08-20T14:22:57,1787210578,13.822769,100.511644,14.1,0.01,-1.2,-2.5,147.9,147.9,0.0,0.0,0.0,24.4,74,0,0,0
2026-08-20T14:22:58,1787210579,13.822769,100.511644,14.1,0.01,-1.2,-2.5,147.9,147.9,0.0,0.0,0.0,24.4,74,AUTO.LOITER,0,0
2026-08-20T14:22:59,1787210580,13.822769,100.511644,14.1,0.01,-1.2,-2.5,147.9,147.9,0.0,0.0,0.0,24.4,74,AUTO.LOITER,0,0
2026-08-20T14:23:00,1787210581,13.822769,100.511644,36.9,-0.08,-1.2,-2.5,147.9,147.9,0.0,0.0,0.0,24.4,74,AUTO.LOITER,0,0
2026-08-20T14:23:02,1787210583,13.822769,100.511644,36.9,-0.08,-1.2,-2.5,147.9,147.9,0.0,0.0,0.0,24.41,74,AUTO.LOITER,0,0
2026-08-20T14:23:03,1787210584,13.822769,100.511644,36.9,-0.08,-1.2,-2.5,147.9,147.9,0.0,0.0,0.0,24.41,74,AUTO.LOITER,0,0
2026-08-20T14:23:04,1787210585,13.82277,100.511643,36.9,-0.12,-1.2,-2.5,148.6,148.6,0.0,0.0,0.0,24.41,74,AUTO.LOITER,0,0
2026-08-20T14:23:05,1787210586,13.822771,100.511643,13.7,-0.12,-1.2,-2.5,148.6,148.6,0.0,0.0,0.0,24.41,74,AUTO.LOITER,0,0
2026-08-20T14:23:06,1787210587,13.822771,100.511643,13.7,-0.12,-1.2,-2.5,148.6,148.6,0.0,0.0,0.0,24.41,74,AUTO.LOITER,0,0
2026-08-20T14:23:07,1787210588,13.822771,100.511643,13.7,-0.12,-1.2,-2.5,148.6,148.6,0.0,0.0,0.0,24.41,74,AUTO.LOITER,0,0
2026-08-20T14:23:08,1787210589,13.822771,100.511643,13.7,-0.12,-1.2,-2.5,148.6,148.6,0.0,0.0,0.0,24.42,74,AUTO.LOITER,0,0
2026-08-20T14:23:09,1787210590,13.822771,100.511643,13.7,-0.12,-1.2,-2.5,148.8,148.8,0.0,0.0,0.0,24.42,74,0,0,0
2026-08-20T14:23:10,1787210591,13.822771,100.511643,13.7,-0.12,-1.2,-2.5,148.8,148.8,0.0,0.0,0.0,24.42,74,0,0,0
2026-08-20T14:23:11,1787210592,13.822771,100.511643,13.7,-0.12,-1.2,-2.5,148.8,148.8,0.0,0.0,0.0,24.42,74,AUTO.LOITER,0,0
2026-08-20T14:23:12,1787210593,13.822771,100.511643,13.7,-0.12,-1.2,-2.5,148.8,148.8,0.0,0.0,0.0,24.42,74,AUTO.LOITER,0,0
2026-08-20T14:23:13,1787210594,13.822772,100.511647,14.1,-0.12,-1.2,-2.5,148.8,148.8,0.0,0.0,0.0,24.42,74,AUTO.LOITER,0,0
2026-08-20T14:23:14,1787210595,13.822772,100.511647,14.1,-0.12,-1.2,-2.5,148.8,148.8,0.0,0.0,0.0,24.43,75,0,0,0
2026-08-20T14:23:15,1787210596,13.822772,100.511647,36.9,-0.1,-1.2,-2.5,148.8,148.8,-0.01,0.02,0.0,24.43,75,AUTO.LOITER,0,0
2026-08-20T14:23:16,1787210597,13.822772,100.511647,36.9,-0.1,-1.2,-2.5,148.8,148.8,-0.01,0.02,0.0,24.43,75,AUTO.LOITER,0,0
2026-08-20T14:23:17,1787210598,13.822772,100.511647,36.9,-0.1,-1.2,-2.5,148.8,148.8,-0.01,0.02,0.0,24.43,75,0,0,0
2026-08-20T14:23:18,1787210599,13.82277,100.511651,13.4,-0.1,-1.2,-2.5,148.8,148.8,-0.01,0.02,0.0,24.43,75,AUTO.LOITER,0,0
2026-08-20T14:23:19,1787210600,13.82277,100.511651,13.4,-0.1,-1.2,-2.5,148.8,148.8,-0.01,0.02,0.0,24.43,75,AUTO.LOITER,0,0
2026-08-20T14:23:20,1787210601,13.82277,100.511651,13.4,-0.1,-1.2,-2.5,148.8,148.8,-0.01,0.02,0.0,24.43,75,AUTO.LOITER,0,0
2026-08-20T14:23:21,1787210602,13.82277,100.511651,13.4,-0.1,-1.2,-2.5,148.8,148.8,-0.01,0.02,0.0,24.43,75,AUTO.LOITER,0,0
2026-08-20T14:23:22,1787210603,13.82277,100.511651,13.4,-0.1,-1.2,-2.5,148.8,148.8,-0.01,0.02,0.0,24.43,75,AUTO.LOITER,0,0
2026-08-20T14:23:23,1787210604,13.82277,100.511651,13.4,-0.1,-1.2,-2.5,148.8,148.8,-0.01,0.02,0.0,24.43,75,AUTO.LOITER,0,0
2026-08-20T14:23:24,1787210605,13.82277,100.511651,13.4,-0.1,-1.2,-2.4,148.7,148.7,-0.01,0.02,0.0,24.43,75,0,0,0
2026-08-20T14:23:25,1787210606,13.822768,100.511653,12.9,-0.1,-1.2,-2.4,148.7,148.7,-0.01,0.02,0.0,24.43,75,0,0,0
2026-08-20T14:23:26,1787210607,13.822768,100.511653,12.9,-0.1,-1.2,-2.4,148.7,148.7,-0.01,0.02,0.0,24.44,75,AUTO.LOITER,0,0
2026-08-20T14:23:27,1787210608,13.822768,100.511653,12.9,-0.1,-1.2,-2.4,148.7,148.7,-0.01,0.02,0.0,24.44,75,AUTO.LOITER,0,0
2026-08-20T14:23:28,1787210609,13.822768,100.511652,36.8,-0.03,-1.2,-2.5,148.6,148.6,0.0,-0.02,0.0,24.44,75,0,0,0
2026-08-20T14:23:29,1787210610,13.822766,100.511651,12.8,-0.03,-1.2,-2.5,148.6,148.6,0.0,-0.02,0.0,24.44,75,AUTO.LOITER,0,0
2026-08-20T14:23:30,1787210611,13.822766,100.511651,12.8,-0.03,-1.2,-2.5,148.6,148.6,0.0,-0.02,0.0,24.44,75,0,0,0
2026-08-20T14:23:31,1787210612,13.822766,100.511651,12.8,-0.03,-1.3,-2.5,148.6,148.6,0.0,-0.02,0.0,24.44,75,AUTO.LOITER,0,0
2026-08-20T14:23:32,1787210613,13.822766,100.511651,12.8,-0.03,-1.3,-2.5,148.6,148.6,0.0,-0.02,0.0,24.44,75,0,0,0
2026-08-20T14:23:33,1787210614,13.822763,100.511651,37.3,0.49,-1.3,-2.5,148.6,148.6,-0.71,0.44,-0.41,24.44,75,0,0,0
2026-08-20T14:23:34,1787210615,13.822763,100.511651,37.3,0.49,-1.3,-2.5,148.6,148.6,-0.71,0.44,-0.41,24.44,75,AUTO.LOITER,0,0
2026-08-20T14:23:35,1787210616,13.822749,100.511658,14.0,0.49,17.3,-15.0,-96.1,263.9,-0.71,0.44,-0.41,24.44,75,AUTO.LOITER,0,0
2026-08-20T14:23:36,1787210617,13.822749,100.511658,14.0,0.49,17.3,-15.0,-96.1,263.9,-0.71,0.44,-0.41,24.45,75,AUTO.LOITER,0,0
2026-08-20T14:23:37,1787210618,13.822749,100.511658,14.0,0.49,20.7,-16.8,-49.9,310.1,-0.71,0.44,-0.41,24.45,75,AUTO.LOITER,0,0
2026-08-20T14:23:38,1787210619,13.822707,100.511662,14.4,0.01,20.7,-16.8,-49.9,310.1,-1.5,-0.04,-0.2,24.45,75,AUTO.LOITER,0,0
2026-08-20T14:23:39,1787210620,13.822707,100.511662,14.4,0.01,20.7,-16.8,-49.9,310.1,-1.5,-0.04,-0.2,24.45,75,AUTO.LOITER,0,0
2026-08-20T14:23:40,1787210621,13.822707,100.511662,14.4,0.01,20.7,-16.8,-49.9,310.1,-1.5,-0.04,-0.2,24.45,76,AUTO.LOITER,0,0
2026-08-20T14:23:41,1787210622,13.822707,100.511662,14.4,0.01,20.7,-16.8,-49.9,310.1,-1.5,-0.04,-0.2,24.45,76,AUTO.LOITER,0,0
2026-08-20T14:23:42,1787210623,13.822674,100.511655,37.7,-0.15,20.7,-16.8,-49.9,310.1,-0.13,-0.04,0.08,24.45,76,AUTO.LOITER,0,0
2026-08-20T14:23:43,1787210624,13.822674,100.511652,13.6,-0.15,20.7,-16.8,-49.9,310.1,-0.13,-0.04,0.08,24.45,76,0,0,0
2026-08-20T14:23:44,1787210625,13.822674,100.511652,13.6,-0.15,1.0,-2.9,-36.2,323.8,-0.13,-0.04,0.08,24.45,76,AUTO.LOITER,0,0
2026-08-20T14:23:45,1787210626,13.822672,100.511652,37.5,-0.35,1.0,-2.9,-36.2,323.8,0.01,-0.04,0.0,24.45,76,AUTO.LOITER,0,0
2026-08-20T14:23:46,1787210627,13.822672,100.511652,37.5,-0.35,1.0,-2.9,-36.2,323.8,0.01,-0.04,0.0,24.45,76,AUTO.LOITER,0,0
2026-08-20T14:23:47,1787210628,13.822672,100.511652,37.5,-0.35,1.0,-1.8,-55.8,304.2,0.01,-0.04,0.0,24.45,76,AUTO.LOITER,0,0
2026-08-20T14:23:48,1787210629,13.822672,100.511651,13.4,-0.35,1.0,-1.8,-55.8,304.2,0.01,-0.04,0.0,24.45,76,AUTO.LOITER,0,0
2026-08-20T14:23:49,1787210630,13.822672,100.511651,13.4,-0.35,1.0,-1.8,-55.8,304.2,0.01,-0.04,0.0,24.45,76,AUTO.LOITER,0,0
2026-08-20T14:23:50,1787210631,13.822672,100.511651,13.4,-0.35,1.0,-1.8,-55.8,304.2,0.01,-0.04,0.0,24.45,76,AUTO.LOITER,0,0
2026-08-20T14:23:51,1787210632,13.822672,100.511651,13.4,-0.35,1.0,-1.8,-55.8,304.2,0.01,-0.04,0.0,24.45,76,AUTO.LOITER,0,0
2026-08-20T14:23:52,1787210633,13.822673,100.51165,12.9,-0.35,1.1,-1.6,-54.9,305.1,0.01,-0.04,0.0,24.45,76,AUTO.LOITER,0,0
2026-08-20T14:23:53,1787210634,13.822673,100.51165,12.9,-0.35,1.1,-1.6,-54.9,305.1,0.01,-0.04,0.0,24.45,76,AUTO.LOITER,0,0
2026-08-20T14:23:54,1787210635,13.822674,100.51165,37.0,-0.92,1.1,-1.6,-54.9,305.1,0.08,0.0,0.0,24.45,76,AUTO.LOITER,0,0
2026-08-20T14:23:55,1787210636,13.822673,100.51165,12.3,-0.92,1.1,-1.6,-54.4,305.6,0.08,0.0,0.0,24.45,76,AUTO.LOITER,0,0
2026-08-20T14:23:56,1787210637,13.822673,100.51165,12.3,-0.92,1.1,-1.6,-54.4,305.6,0.08,0.0,0.0,24.45,76,AUTO.LOITER,0,0
2026-08-20T14:23:57,1787210638,13.822673,100.51165,12.3,-0.92,1.0,-1.6,-54.0,306.0,0.08,0.0,0.0,24.45,76,AUTO.LOITER,0,0
2026-08-20T14:23:58,1787210639,13.822673,100.51165,12.3,-0.92,1.0,-1.6,-54.0,306.0,0.08,0.0,0.0,24.45,76,AUTO.LOITER,0,0
2026-08-20T14:23:59,1787210640,13.822673,100.51165,12.3,-0.92,1.1,-1.6,-53.6,306.4,0.08,0.0,0.0,24.45,76,AUTO.LOITER,0,0
2026-08-20T14:24:00,1787210641,13.822673,100.51165,12.3,-0.92,1.1,-1.6,-53.6,306.4,0.08,0.0,0.0,24.45,76,0,0,0
2026-08-20T14:24:01,1787210642,13.822673,100.51165,12.3,-0.92,1.1,-1.6,-53.6,306.4,0.08,0.0,0.0,24.46,76,AUTO.LOITER,0,0
2026-08-20T14:24:02,1787210643,13.822673,100.51165,12.3,-0.92,1.1,-1.6,-53.6,306.4,0.08,0.0,0.0,24.46,76,AUTO.LOITER,0,0
2026-08-20T14:24:03,1787210644,13.822673,100.51165,12.3,-0.92,1.1,-1.6,-53.0,307.0,0.08,0.0,0.0,24.46,76,AUTO.LOITER,0,0
2026-08-20T14:24:04,1787210645,13.822671,100.51165,10.1,-1.16,1.1,-1.6,-53.0,307.0,0.05,0.01,0.0,24.46,76,AUTO.LOITER,0,0
2026-08-20T14:24:05,1787210646,13.822671,100.51165,10.1,-1.16,1.1,-1.6,-53.0,307.0,0.05,0.01,0.0,24.46,76,AUTO.LOITER,0,0
2026-08-20T14:24:06,1787210647,13.822671,100.51165,10.1,-1.16,1.1,-1.6,-53.0,307.0,0.05,0.01,0.0,24.46,76,AUTO.LOITER,0,0
2026-08-20T14:24:07,1787210648,13.822671,100.51165,10.1,-1.16,1.1,-1.7,-52.6,307.4,0.05,0.01,0.0,24.46,76,AUTO.LOITER,0,0
2026-08-20T14:24:08,1787210649,13.822671,100.51165,10.1,-1.16,1.1,-1.7,-52.6,307.4,0.05,0.01,0.0,24.46,76,AUTO.LOITER,0,0
2026-08-20T14:24:09,1787210650,13.822671,100.51165,10.1,-1.16,1.1,-1.7,-52.6,307.4,0.05,0.01,0.0,24.46,76,0,0,0
2026-08-20T14:24:10,1787210651,13.822671,100.51165,10.1,-1.16,1.1,-1.7,-52.6,307.4,0.05,0.01,0.0,24.46,76,AUTO.LOITER,0,0
2026-08-20T14:24:11,1787210652,13.822671,100.51165,10.1,-1.16,1.1,-1.7,-52.1,307.9,0.05,0.01,0.0,24.46,76,AUTO.LOITER,0,0
2026-08-20T14:24:12,1787210653,13.822671,100.51165,36.6,-1.3,1.1,-1.7,-52.1,307.9,0.06,0.0,0.0,24.46,76,AUTO.LOITER,0,0
2026-08-20T14:24:13,1787210654,13.82267,100.511647,9.5,-1.3,1.1,-1.7,-52.1,307.9,0.06,0.0,0.0,24.46,76,AUTO.LOITER,0,0
2026-08-20T14:24:14,1787210655,13.82267,100.511647,9.5,-1.3,1.1,-1.7,-51.8,308.2,0.06,0.0,0.0,24.46,76,AUTO.LOITER,0,0
2026-08-20T14:24:15,1787210656,13.822671,100.511648,36.6,-1.3,1.1,-1.7,-51.8,308.2,0.06,0.0,0.0,24.46,76,0,0,0
2026-08-20T14:24:16,1787210657,13.822671,100.511648,36.6,-1.3,1.1,-1.7,-51.8,308.2,0.06,0.0,0.0,24.46,76,0,0,0
2026-08-20T14:24:17,1787210658,13.822671,100.511648,36.6,-1.3,1.1,-1.7,-51.8,308.2,0.06,0.0,0.0,24.46,76,0,0,0
2026-08-20T14:24:18,1787210659,13.822671,100.511648,36.6,-1.3,1.1,-1.7,-51.8,308.2,0.06,0.0,0.0,24.46,76,0,0,0
2026-08-20T14:24:19,1787210660,13.822671,100.511644,36.6,0.01,1.2,-1.7,-51.6,308.4,0.03,0.0,0.0,24.46,76,AUTO.LOITER,0,0
2026-08-20T14:24:20,1787210661,13.822669,100.511638,9.6,0.01,1.2,-1.7,-51.6,308.4,0.03,0.0,0.0,24.46,76,0,0,0
2026-08-20T14:24:21,1787210662,13.822669,100.511638,9.6,0.01,1.2,-1.7,-51.6,308.4,0.03,0.0,0.0,24.46,76,0,0,0
2026-08-20T14:24:22,1787210663,13.822669,100.511638,9.6,0.01,1.2,-1.7,-51.5,308.5,0.03,0.0,0.0,24.46,76,0,0,0
2026-08-20T14:24:23,1787210664,13.822669,100.511638,9.6,0.01,1.2,-1.7,-51.5,308.5,0.03,0.0,0.0,24.46,76,AUTO.LOITER,0,0
2026-08-20T14:24:24,1787210665,13.822669,100.511638,9.6,0.01,1.2,-1.7,-51.5,308.5,0.03,0.0,0.0,24.46,76,AUTO.LOITER,0,0
2026-08-20T14:24:25,1787210666,13.822666,100.511634,9.1,0.01,1.2,-1.7,-51.5,308.5,0.03,0.0,0.0,24.46,76,0,0,0
2026-08-20T14:24:26,1787210667,13.822666,100.511634,9.1,0.01,1.2,-1.7,-51.5,308.5,0.03,0.0,0.0,24.46,76,0,0,0
2026-08-20T14:24:27,1787210668,13.822666,100.511634,9.1,0.01,1.2,-1.7,-51.5,308.5,0.03,0.0,0.0,24.46,76,0,0,0
2026-08-20T14:24:28,1787210669,13.822666,100.511634,36.5,-0.03,1.2,-1.7,-51.5,308.5,0.0,-0.05,0.0,24.46,76,0,0,0
2026-08-20T14:24:29,1787210670,13.822663,100.511631,8.6,-0.03,1.2,-1.7,-51.5,308.5,0.0,-0.05,0.0,24.46,76,0,0,0
2026-08-20T14:24:30,1787210671,13.822663,100.511631,8.6,-0.03,1.2,-1.7,-51.5,308.5,0.0,-0.05,0.0,24.46,76,AUTO.LOITER,0,0
2026-08-20T14:24:31,1787210672,13.822663,100.511631,8.6,-0.03,1.2,-1.7,-51.3,308.7,0.0,-0.05,0.0,24.46,76,0,0,0
2026-08-20T14:24:32,1787210673,13.822664,100.511632,36.5,-0.05,1.2,-1.7,-51.3,308.7,0.03,0.0,0.0,24.46,76,AUTO.LOITER,0,0
2026-08-20T14:24:33,1787210674,13.822662,100.511632,8.4,-0.05,1.2,-1.7,-51.3,308.7,0.03,0.0,0.0,24.46,76,AUTO.LOITER,0,0
2026-08-20T14:24:34,1787210675,13.822662,100.511632,8.4,-0.05,1.3,-1.7,-51.2,308.8,0.03,0.0,0.0,24.46,76,0,0,0
2026-08-20T14:24:35,1787210676,13.822662,100.511632,8.4,-0.05,1.3,-1.7,-51.2,308.8,0.03,0.0,0.0,24.46,76,AUTO.LOITER,0,0
2026-08-20T14:24:36,1787210677,13.822662,100.511632,8.4,-0.05,1.3,-1.7,-51.2,308.8,0.03,0.0,0.0,24.46,76,AUTO.LOITER,0,0
2026-08-20T14:24:37,1787210678,13.822663,100.511632,36.5,-0.08,1.3,-1.7,-51.2,308.8,0.04,0.02,0.0,24.46,76,AUTO.LOITER,0,0
2026-08-20T14:24:38,1787210679,13.822662,100.511633,8.2,-0.08,1.3,-1.7,-51.2,308.8,0.04,0.02,0.0,24.46,76,0,0,0
2026-08-20T14:24:39,1787210680,13.822662,100.511633,8.2,-0.08,1.2,-1.8,-51.1,308.9,0.04,0.02,0.0,24.46,76,AUTO.LOITER,0,0
2026-08-20T14:24:40,1787210681,13.822662,100.511633,8.2,-0.08,1.2,-1.8,-51.1,308.9,0.04,0.02,0.0,24.46,76,0,0,0
2026-08-20T14:24:41,1787210682,13.822662,100.511633,8.2,-0.08,1.1,-1.8,-51.2,308.8,0.04,0.02,0.0,24.46,76,AUTO.LOITER,0,0
2026-08-20T14:24:42,1787210683,13.822663,100.511635,36.5,0.0,1.1,-1.8,-51.2,308.8,0.05,0.02,0.0,24.46,76,0,0,0
2026-08-20T14:24:43,1787210684,13.822663,100.511639,8.6,0.0,1.1,-1.8,-51.2,308.8,0.05,0.02,0.0,24.46,76,AUTO.LOITER,0,0
2026-08-20T14:24:44,1787210685,13.822663,100.511639,8.6,0.0,1.1,-1.9,-51.2,308.8,0.05,0.02,0.0,24.46,76,0,0,0
2026-08-20T14:24:45,1787210686,13.822663,100.511639,8.6,0.0,1.1,-1.9,-51.2,308.8,0.05,0.02,0.0,24.46,76,0,0,0
2026-08-20T14:24:46,1787210687,13.822663,100.511639,8.6,0.0,1.1,-1.9,-51.2,308.8,0.05,0.02,0.0,24.46,76,0,0,0
2026-08-20T14:24:47,1787210688,13.822664,100.511639,36.5,0.01,1.1,-1.9,-51.2,308.8,0.06,0.03,0.0,24.46,76,0,0,0
2026-08-20T14:24:48,1787210689,13.822663,100.511642,8.8,0.01,1.1,-1.9,-51.2,308.8,0.06,0.03,0.0,24.46,76,0,0,0
2026-08-20T14:24:49,1787210690,13.822663,100.511642,8.8,0.01,1.1,-1.9,-51.2,308.8,0.06,0.03,0.0,24.46,76,0,0,0
2026-08-20T14:24:50,1787210691,13.822663,100.511642,8.8,0.01,1.1,-1.9,-51.3,308.7,0.06,0.03,0.0,24.46,76,AUTO.LOITER,0,0
2026-08-20T14:24:51,1787210692,13.822664,100.511641,36.5,0.02,1.1,-1.9,-51.3,308.7,0.03,0.0,0.0,24.46,76,0,0,0
2026-08-20T14:24:52,1787210693,13.822663,100.511643,8.8,0.02,1.1,-1.9,-51.3,308.7,0.03,0.0,0.0,24.46,76,0,0,0
2026-08-20T14:24:53,1787210694,13.822663,100.511643,8.8,0.02,1.1,-1.9,-51.3,308.7,0.03,0.0,0.0,24.46,76,AUTO.LOITER,0,0
2026-08-20T14:24:54,1787210695,13.822663,100.511643,8.8,0.02,1.2,-1.9,-51.3,308.7,0.03,0.0,0.0,24.46,76,AUTO.LOITER,0,0
2026-08-20T14:24:55,1787210696,13.822664,100.511644,36.5,0.01,1.2,-1.9,-51.3,308.7,0.05,0.05,0.0,24.46,76,AUTO.LOITER,0,0
2026-08-20T14:24:56,1787210697,13.822664,100.511644,36.5,0.01,1.2,-1.9,-51.3,308.7,0.05,0.05,0.0,24.46,76,AUTO.LOITER,0,0
2026-08-20T14:24:57,1787210698,13.822664,100.511644,36.5,0.01,1.2,-1.9,-51.3,308.7,0.05,0.05,0.0,24.46,76,AUTO.LOITER,0,0
2026-08-20T14:24:58,1787210699,13.822664,100.511644,36.5,0.01,1.1,-1.9,-51.4,308.6,0.05,0.05,0.0,24.46,76,AUTO.LOITER,0,0
2026-08-20T14:24:59,1787210700,13.82266,100.511639,8.7,-0.0,1.1,-1.9,-51.4,308.6,0.02,-0.04,0.0,24.46,76,0,0,0
2026-08-20T14:25:00,1787210701,13.82266,100.511639,8.7,-0.0,1.1,-1.9,-51.4,308.6,0.02,-0.04,0.0,24.47,76,0,0,0
2026-08-20T14:25:01,1787210702,13.82266,100.511639,8.7,-0.0,1.2,-1.8,-51.4,308.6,0.02,-0.04,0.0,24.47,76,AUTO.LOITER,0,0
2026-08-20T14:25:02,1787210703,13.822661,100.51164,36.5,0.0,1.2,-1.8,-51.4,308.6,0.02,0.0,0.0,24.47,76,0,0,0
2026-08-20T14:25:03,1787210704,13.822661,100.51164,9.1,0.0,1.2,-1.8,-51.4,308.6,0.02,0.0,0.0,24.47,76,0,0,0
2026-08-20T14:25:04,1787210705,13.822661,100.51164,9.1,0.0,1.2,-1.8,-51.4,308.6,0.02,0.0,0.0,24.47,76,0,0,0
2026-08-20T14:25:05,1787210706,13.822661,100.51164,9.1,0.0,1.2,-1.8,-51.4,308.6,0.02,0.0,0.0,24.47,76,AUTO.LOITER,0,0
2026-08-20T14:25:06,1787210707,13.822661,100.51164,9.1,0.0,1.2,-1.8,-51.4,308.6,0.02,0.0,0.0,24.47,76,AUTO.LOITER,0,0
2026-08-20T14:25:07,1787210708,13.822664,100.511644,10.1,0.0,1.2,-1.8,-51.4,308.6,0.02,0.0,0.0,24.47,76,0,0,0
2026-08-20T14:25:08,1787210709,13.822664,100.511644,10.1,0.0,1.2,-1.8,-51.4,308.6,0.02,0.0,0.0,24.47,76,AUTO.LOITER,0,0
2026-08-20T14:25:09,1787210710,13.822664,100.511644,10.1,0.0,1.2,-1.8,-51.4,308.6,0.02,0.0,0.0,24.47,76,AUTO.LOITER,0,0
2026-08-20T14:25:10,1787210711,13.822664,100.511644,36.5,0.05,1.2,-1.8,-51.4,308.6,0.06,0.06,0.0,24.47,76,0,0,0
2026-08-20T14:25:11,1787210712,13.822666,100.511648,10.6,0.05,1.2,-1.8,-51.4,308.6,0.06,0.06,0.0,24.47,76,AUTO.LOITER,0,0
2026-08-20T14:25:12,1787210713,13.822666,100.511648,10.6,0.05,1.2,-1.8,-51.4,308.6,0.06,0.06,0.0,24.47,76,AUTO.LOITER,0,0
2026-08-20T14:25:13,1787210714,13.822666,100.511648,10.6,0.05,1.2,-1.8,-51.4,308.6,0.06,0.06,0.0,24.47,76,AUTO.LOITER,0,0
2026-08-20T14:25:14,1787210715,13.822666,100.511648,10.6,0.05,1.2,-1.8,-51.4,308.6,0.06,0.06,0.0,24.47,76,AUTO.LOITER,0,0
2026-08-20T14:25:15,1787210716,13.822667,100.51165,10.3,0.05,1.1,-1.9,-51.4,308.6,0.06,0.06,0.0,24.47,76,0,0,0
2026-08-20T14:25:16,1787210717,13.822667,100.51165,10.3,0.05,1.1,-1.9,-51.4,308.6,0.06,0.06,0.0,24.47,76,0,0,0
2026-08-20T14:25:17,1787210718,13.822667,100.51165,10.3,0.05,1.1,-1.9,-51.4,308.6,0.06,0.06,0.0,24.47,76,AUTO.LOITER,0,0
2026-08-20T14:25:18,1787210719,13.822667,100.511649,36.6,0.06,1.1,-1.9,-51.4,308.6,0.01,-0.02,0.0,24.47,76,0,0,0
2026-08-20T14:25:19,1787210720,13.822667,100.511649,36.6,0.06,1.1,-1.9,-51.4,308.6,0.01,-0.02,0.0,24.47,76,0,0,0
2026-08-20T14:25:20,1787210721,13.822668,100.511654,10.9,0.06,1.1,-1.9,-51.4,308.6,0.01,-0.02,0.0,24.47,76,0,0,0
2026-08-20T14:25:21,1787210722,13.822668,100.511654,10.9,0.06,1.1,-1.9,-51.4,308.6,0.01,-0.02,0.0,24.47,76,AUTO.LOITER,0,0
2026-08-20T14:25:22,1787210723,13.822668,100.511654,10.9,0.06,1.1,-1.9,-51.4,308.6,0.01,-0.02,0.0,24.47,76,AUTO.LOITER,0,0
2026-08-20T14:25:23,1787210724,13.822668,100.511654,10.9,0.06,1.2,-1.9,-51.4,308.6,0.01,-0.02,0.0,24.47,76,0,0,0
2026-08-20T14:25:24,1787210725,13.822669,100.511653,36.6,0.01,1.2,-1.9,-51.4,308.6,0.05,0.01,0.0,24.47,76,0,0,0
2026-08-20T14:25:25,1787210726,13.822669,100.511658,11.3,0.01,1.2,-1.9,-51.4,308.6,0.05,0.01,0.0,24.47,76,0,0,0
2026-08-20T14:25:26,1787210727,13.822669,100.511658,11.3,0.01,1.2,-1.9,-51.4,308.6,0.05,0.01,0.0,24.47,76,AUTO.LOITER,0,0
2026-08-20T14:25:27,1787210728,13.822669,100.511658,11.3,0.01,1.2,-1.9,-51.4,308.6,0.05,0.01,0.0,24.47,76,AUTO.LOITER,0,0
2026-08-20T14:25:28,1787210729,13.822669,100.511658,11.3,0.01,1.2,-1.9,-51.4,308.6,0.05,0.01,0.0,24.47,76,AUTO.LOITER,0,0
2026-08-20T14:25:29,1787210730,13.822669,100.511658,11.3,0.01,1.2,-1.9,-51.4,308.6,0.05,0.01,0.0,24.47,76,AUTO.LOITER,0,0
2026-08-20T14:25:30,1787210731,13.822669,100.511658,11.3,0.01,1.2,-1.9,-51.4,308.6,0.05,0.01,0.0,24.47,76,AUTO.LOITER,0,0
2026-08-20T14:25:32,1787210733,13.82267,100.511659,36.6,0.0,1.2,-1.9,-51.4,308.6,0.05,0.0,0.0,24.47,76,0,0,0
2026-08-20T14:25:33,1787210734,13.822672,100.511661,12.4,0.0,1.2,-1.9,-51.4,308.6,0.05,0.0,0.0,24.47,76,0,0,0
2026-08-20T14:25:34,1787210735,13.822672,100.511661,12.4,0.0,1.2,-2.0,-51.4,308.6,0.05,0.0,0.0,24.47,76,0,0,0
2026-08-20T14:25:35,1787210736,13.822672,100.511661,12.4,0.0,1.2,-2.0,-51.4,308.6,0.05,0.0,0.0,24.47,76,0,0,0
2026-08-20T14:25:36,1787210737,13.822672,100.511661,12.4,0.0,1.2,-2.0,-51.4,308.6,0.05,0.0,0.0,24.47,76,0,0,0
2026-08-20T14:25:37,1787210738,13.822672,100.511661,12.4,0.0,1.2,-1.9,-51.4,308.6,0.05,0.0,0.0,24.47,76,0,0,0
2026-08-20T14:25:38,1787210739,13.822673,100.511661,12.4,0.01,1.2,-1.9,-51.4,308.6,0.0,0.0,0.0,24.47,76,0,0,0
2026-08-20T14:25:39,1787210740,13.822673,100.511661,12.4,0.01,1.2,-1.9,-51.4,308.6,0.0,0.0,0.0,24.47,76,0,0,0
2026-08-20T14:25:40,1787210741,13.822673,100.511661,12.4,0.01,1.2,-1.8,-51.4,308.6,0.0,0.0,0.0,24.47,76,0,0,0
2026-08-20T14:25:41,1787210742,13.822673,100.511661,12.4,0.01,1.2,-1.8,-51.4,308.6,0.0,0.0,0.0,24.47,76,0,0,0
2026-08-20T14:25:42,1787210743,13.822673,100.511661,36.6,0.02,1.2,-1.8,-51.4,308.6,0.02,0.02,0.0,24.47,76,AUTO.LOITER,0,0
2026-08-20T14:25:43,1787210744,13.822672,100.511658,12.3,0.02,1.2,-1.9,-51.4,308.6,0.02,0.02,0.0,24.47,76,AUTO.LOITER,0,0
2026-08-20T14:25:44,1787210745,13.822672,100.511658,12.3,0.02,1.2,-1.9,-51.4,308.6,0.02,0.02,0.0,24.47,76,0,0,0
2026-08-20T14:25:45,1787210746,13.822672,100.511658,12.3,0.02,1.2,-1.9,-51.4,308.6,0.02,0.02,0.0,24.47,76,AUTO.LOITER,0,0
2026-08-20T14:25:46,1787210747,13.822672,100.511659,36.6,0.01,1.2,-1.9,-51.4,308.6,0.01,0.0,0.0,24.47,76,0,0,0
2026-08-20T14:25:47,1787210748,13.822672,100.511659,36.6,0.01,1.2,-1.9,-51.4,308.6,0.01,0.0,0.0,24.47,76,0,0,0
2026-08-20T14:25:48,1787210749,13.822672,100.511657,12.0,0.01,1.2,-1.9,-51.4,308.6,0.01,0.0,0.0,24.47,76,AUTO.LOITER,0,0
2026-08-20T14:25:49,1787210750,13.822672,100.511657,12.0,0.01,1.2,-1.8,-51.5,308.5,0.01,0.0,0.0,24.47,76,0,0,0
2026-08-20T14:25:50,1787210751,13.822672,100.511657,12.0,0.01,1.2,-1.8,-51.5,308.5,0.01,0.0,0.0,24.47,76,0,0,0
2026-08-20T14:25:51,1787210752,13.822672,100.511657,11.9,0.01,1.2,-1.8,-51.5,308.5,0.01,0.0,0.0,24.47,76,AUTO.LOITER,0,0
2026-08-20T14:25:52,1787210753,13.822672,100.511657,11.9,0.01,1.2,-1.8,-51.5,308.5,0.01,0.0,0.0,24.47,76,0,0,0
2026-08-20T14:25:53,1787210754,13.822672,100.511657,11.9,0.01,1.2,-1.8,-51.5,308.5,0.01,0.0,0.0,24.47,76,0,0,0
2026-08-20T14:25:54,1787210755,13.822672,100.511658,36.6,0.01,1.2,-1.8,-51.5,308.5,0.02,0.04,0.0,24.47,76,0,0,0
2026-08-20T14:25:55,1787210756,13.822672,100.511658,11.8,0.01,1.2,-1.8,-51.5,308.5,0.02,0.04,0.0,24.47,76,AUTO.LOITER,0,0
2026-08-20T14:25:56,1787210757,13.822672,100.511658,11.8,0.01,1.2,-1.8,-51.5,308.5,0.02,0.04,0.0,24.47,76,AUTO.LOITER,0,0
2026-08-20T14:25:57,1787210758,13.822672,100.511658,11.8,0.01,1.2,-1.8,-51.5,308.5,0.02,0.04,0.0,24.47,76,0,0,0
2026-08-20T14:25:58,1787210759,13.822672,100.511658,36.6,0.0,1.2,-1.9,-51.4,308.6,0.02,0.0,0.0,24.47,76,AUTO.LOITER,0,0
2026-08-20T14:25:59,1787210760,13.822672,100.511658,11.6,0.0,1.2,-1.9,-51.4,308.6,0.02,0.0,0.0,24.47,76,AUTO.LOITER,0,0
2026-08-20T14:26:00,1787210761,13.822672,100.511658,11.6,0.0,1.2,-1.9,-51.4,308.6,0.02,0.0,0.0,24.47,76,AUTO.LOITER,0,0
2026-08-20T14:26:01,1787210762,13.822672,100.511658,11.6,0.0,1.2,-1.9,-51.4,308.6,0.02,0.0,0.0,24.47,76,0,0,0
2026-08-20T14:26:02,1787210763,13.822672,100.511658,11.6,0.0,1.2,-1.9,-51.4,308.6,0.02,0.0,0.0,24.47,76,0,0,0
2026-08-20T14:26:03,1787210764,13.822672,100.511658,11.6,0.0,1.2,-1.9,-51.4,308.6,0.02,0.0,0.0,24.47,76,AUTO.LOITER,0,0
2026-08-20T14:26:04,1787210765,13.822672,100.511658,11.6,0.0,1.2,-1.9,-51.4,308.6,0.02,0.0,0.0,24.47,76,AUTO.LOITER,0,0
2026-08-20T14:26:05,1787210766,13.822672,100.511658,11.6,0.0,1.2,-1.9,-51.4,308.6,0.02,0.0,0.0,24.47,76,AUTO.LOITER,0,0
2026-08-20T14:26:06,1787210767,13.822672,100.511658,11.6,0.0,1.2,-1.9,-51.4,308.6,0.02,0.0,0.0,24.47,76,AUTO.LOITER,0,0
2026-08-20T14:26:07,1787210768,13.822672,100.511658,11.6,0.0,1.3,-1.9,-51.3,308.7,0.02,0.0,0.0,24.47,76,AUTO.LOITER,0,0
2026-08-20T14:26:08,1787210769,13.822672,100.511657,10.5,0.0,1.3,-1.9,-51.3,308.7,0.02,0.0,0.0,24.47,76,AUTO.LOITER,0,0
2026-08-20T14:26:09,1787210770,13.822672,100.511657,36.6,-0.02,1.3,-1.9,-51.3,308.7,0.03,0.03,0.0,24.47,76,AUTO.LOITER,0,0
2026-08-20T14:26:10,1787210771,13.822672,100.511657,36.6,-0.02,1.3,-1.9,-51.3,308.7,0.03,0.03,0.0,24.47,76,AUTO.LOITER,0,0
2026-08-20T14:26:11,1787210772,13.822672,100.511657,36.6,-0.02,1.3,-1.9,-51.3,308.7,0.03,0.03,0.0,24.47,76,AUTO.LOITER,0,0
2026-08-20T14:26:12,1787210773,13.822672,100.511657,36.6,-0.02,1.2,-1.9,-51.3,308.7,0.03,0.03,0.0,24.47,76,AUTO.LOITER,0,0
2026-08-20T14:26:13,1787210774,13.822672,100.511657,36.6,-0.02,1.2,-1.9,-51.3,308.7,0.03,0.03,0.0,24.47,76,AUTO.LOITER,0,0
2026-08-20T14:26:14,1787210775,13.822672,100.511657,36.6,-0.02,1.2,-1.9,-51.3,308.7,0.03,0.03,0.0,24.47,76,AUTO.LOITER,0,0
2026-08-20T14:26:15,1787210776,13.822672,100.511657,36.6,-0.02,1.2,-1.9,-51.3,308.7,0.03,0.03,0.0,24.47,76,AUTO.LOITER,0,0
2026-08-20T14:26:16,1787210777,13.822674,100.511655,10.1,-0.02,1.2,-1.9,-51.3,308.7,0.03,0.03,0.0,24.47,76,AUTO.LOITER,0,0
2026-08-20T14:26:17,1787210778,13.822674,100.511655,10.1,-0.02,1.2,-1.9,-51.2,308.8,0.03,0.03,0.0,24.47,76,0,0,0
2026-08-20T14:26:18,1787210779,13.822674,100.511655,10.1,-0.02,1.2,-1.9,-51.2,308.8,0.03,0.03,0.0,24.47,76,AUTO.LOITER,0,0
2026-08-20T14:26:19,1787210780,13.822674,100.511655,36.6,-0.03,1.3,-1.9,-51.2,308.8,0.02,0.02,0.0,24.47,76,0,0,0
2026-08-20T14:26:20,1787210781,13.822673,100.511651,9.7,-0.03,1.3,-1.9,-51.2,308.8,0.02,0.02,0.0,24.47,76,0,0,0
2026-08-20T14:26:21,1787210782,13.822673,100.511651,9.7,-0.03,1.3,-1.9,-51.2,308.8,0.02,0.02,0.0,24.47,76,AUTO.LOITER,0,0
2026-08-20T14:26:22,1787210783,13.822673,100.511651,9.7,-0.03,1.3,-1.9,-51.2,308.8,0.02,0.02,0.0,24.47,76,AUTO.LOITER,0,0
2026-08-20T14:26:23,1787210784,13.822673,100.511651,9.7,-0.03,1.3,-1.9,-51.2,308.8,0.02,0.02,0.0,24.47,76,AUTO.LOITER,0,0
2026-08-20T14:26:24,1787210785,13.822673,100.511651,9.7,-0.03,1.3,-1.9,-51.2,308.8,0.02,0.02,0.0,24.47,76,AUTO.LOITER,0,0
2026-08-20T14:26:25,1787210786,13.822672,100.511646,9.2,-0.03,1.3,-1.9,-51.2,308.8,0.02,0.02,0.0,24.47,76,0,0,0
2026-08-20T14:26:26,1787210787,13.822672,100.511646,9.2,-0.03,1.3,-1.9,-51.2,308.8,0.02,0.02,0.0,24.47,76,0,0,0
2026-08-20T14:26:27,1787210788,13.822672,100.511646,9.2,-0.03,1.3,-1.8,-51.2,308.8,0.02,0.02,0.0,24.47,76,AUTO.LOITER,0,0
2026-08-20T14:26:28,1787210789,13.822672,100.511647,36.6,-0.01,1.3,-1.8,-51.2,308.8,0.0,0.0,0.0,24.47,76,0,0,0
2026-08-20T14:26:29,1787210790,13.82267,100.511642,8.7,-0.01,1.3,-1.8,-51.2,308.8,0.0,0.0,0.0,24.47,76,0,0,0
2026-08-20T14:26:30,1787210791,13.82267,100.511642,8.7,-0.01,1.3,-1.8,-51.2,308.8,0.0,0.0,0.0,24.47,76,AUTO.LOITER,0,0
2026-08-20T14:26:31,1787210792,13.82267,100.511642,8.7,-0.01,1.3,-1.8,-51.2,308.8,0.0,0.0,0.0,24.47,76,0,0,0
2026-08-20T14:26:32,1787210793,13.82267,100.511642,8.7,-0.01,1.3,-1.8,-51.2,308.8,0.0,0.0,0.0,24.47,76,0,0,0
2026-08-20T14:26:33,1787210794,13.822669,100.511639,8.3,-0.01,1.3,-1.8,-51.2,308.8,0.0,0.0,0.0,24.47,76,0,0,0
2026-08-20T14:26:34,1787210795,13.822669,100.511639,8.3,-0.01,1.3,-1.8,-51.2,308.8,0.0,0.0,0.0,24.47,76,0,0,0
2026-08-20T14:26:35,1787210796,13.822669,100.511639,8.3,-0.01,1.3,-1.8,-51.2,308.8,0.0,0.0,0.0,24.47,76,AUTO.LOITER,0,0
2026-08-20T14:26:36,1787210797,13.822669,100.511639,8.3,-0.01,1.3,-1.9,-51.1,308.9,0.0,0.0,0.0,24.47,76,AUTO.LOITER,0,0
2026-08-20T14:26:37,1787210798,13.822669,100.511639,8.3,-0.01,1.3,-1.9,-51.1,308.9,0.0,0.0,0.0,24.47,76,AUTO.LOITER,0,0
2026-08-20T14:26:38,1787210799,13.822667,100.511633,7.7,-0.01,1.3,-1.9,-51.1,308.9,0.0,0.0,0.0,24.47,76,AUTO.LOITER,0,0
2026-08-20T14:26:39,1787210800,13.822667,100.511633,7.7,-0.01,1.3,-1.9,-51.1,308.9,0.0,0.0,0.0,24.47,76,AUTO.LOITER,0,0
2026-08-20T14:26:40,1787210801,13.822668,100.511635,36.5,-0.01,1.3,-1.9,-51.1,308.9,0.01,0.0,0.0,24.47,76,0,0,0
2026-08-20T14:26:41,1787210802,13.822668,100.511635,36.5,-0.01,1.3,-1.9,-51.1,308.9,0.01,0.0,0.0,24.47,76,AUTO.LOITER,0,0
2026-08-20T14:26:42,1787210803,13.822668,100.511635,36.5,-0.01,1.3,-1.9,-51.1,308.9,0.01,0.0,0.0,24.47,76,AUTO.LOITER,0,0
2026-08-20T14:26:43,1787210804,13.822668,100.511635,36.5,-0.01,1.3,-1.9,-51.1,308.9,0.01,0.0,0.0,24.47,76,AUTO.LOITER,0,0
2026-08-20T14:26:44,1787210805,13.822666,100.511632,36.5,0.0,1.3,-1.9,-51.1,308.9,0.0,0.0,0.0,24.47,76,0,0,0
2026-08-20T14:26:45,1787210806,13.822666,100.511632,36.5,0.0,1.3,-1.9,-51.0,309.0,0.0,0.0,0.0,24.47,76,AUTO.LOITER,0,0
2026-08-20T14:26:46,1787210807,13.822666,100.511632,36.5,0.0,1.3,-1.9,-51.0,309.0,0.0,0.0,0.0,24.47,76,0,0,0
2026-08-20T14:26:47,1787210808,13.822665,100.511627,7.1,0.0,1.3,-1.9,-51.0,309.0,0.0,0.0,0.0,24.47,76,AUTO.LOITER,0,0
2026-08-20T14:26:48,1787210809,13.822665,100.511627,7.1,0.0,1.3,-1.9,-51.0,309.0,0.0,0.0,0.0,24.47,76,AUTO.LOITER,0,0
2026-08-20T14:26:49,1787210810,13.822666,100.511629,36.5,-0.01,1.3,-1.9,-51.0,309.0,0.01,0.01,0.0,24.47,76,0,0,0
2026-08-20T14:26:50,1787210811,13.822666,100.511629,36.5,-0.01,1.3,-1.9,-51.0,309.0,0.01,0.01,0.0,24.47,76,0,0,0
2026-08-20T14:26:51,1787210812,13.822666,100.511629,36.5,-0.01,1.3,-1.9,-51.0,309.0,0.01,0.01,0.0,24.47,76,0,0,0
2026-08-20T14:26:52,1787210813,13.822666,100.511629,36.5,-0.01,1.3,-1.9,-51.0,309.0,0.01,0.01,0.0,24.47,76,AUTO.LOITER,0,0
2026-08-20T14:26:53,1787210814,13.822666,100.511629,36.5,-0.01,1.3,-1.9,-51.0,309.0,0.01,0.01,0.0,24.47,76,AUTO.LOITER,0,0
2026-08-20T14:26:54,1787210815,13.82267,100.511629,7.6,-0.01,1.3,-1.9,-51.0,309.0,0.01,0.01,0.0,24.47,76,AUTO.LOITER,0,0
2026-08-20T14:26:55,1787210816,13.82267,100.511629,7.6,-0.01,1.3,-1.9,-51.0,309.0,0.01,0.01,0.0,24.47,76,AUTO.LOITER,0,0
2026-08-20T14:26:56,1787210817,13.82267,100.511629,36.5,0.0,1.3,-1.9,-51.0,309.0,0.01,-0.02,0.0,24.47,76,0,0,0
2026-08-20T14:26:57,1787210818,13.82267,100.511629,36.5,0.0,1.3,-1.9,-51.0,309.0,0.01,-0.02,0.0,24.47,76,AUTO.LOITER,0,0
2026-08-20T14:26:58,1787210819,13.822672,100.51163,8.2,0.0,1.3,-1.9,-51.0,309.0,0.01,-0.02,0.0,24.47,76,0,0,0
2026-08-20T14:26:59,1787210820,13.822672,100.51163,8.2,0.0,1.2,-1.9,-51.0,309.0,0.01,-0.02,0.0,24.47,76,0,0,0
2026-08-20T14:27:00,1787210821,13.822671,100.511629,36.5,0.01,1.2,-1.9,-51.0,309.0,0.03,0.01,0.0,24.47,76,AUTO.LOITER,0,0
2026-08-20T14:27:01,1787210822,13.822671,100.511629,36.5,0.01,1.2,-1.9,-51.0,309.0,0.03,0.01,0.0,24.47,76,AUTO.LOITER,0,0
2026-08-20T14:27:02,1787210823,13.822671,100.511629,36.5,0.01,1.2,-1.9,-51.0,309.0,0.03,0.01,0.0,24.47,76,0,0,0
2026-08-20T14:27:03,1787210824,13.822671,100.511629,36.5,0.01,1.2,-1.9,-51.0,309.0,0.03,0.01,0.0,24.47,76,AUTO.LOITER,0,0
2026-08-20T14:27:04,1787210825,13.822671,100.511629,36.5,0.01,1.2,-1.9,-51.0,309.0,0.03,0.01,0.0,24.47,76,AUTO.LOITER,0,0
2026-08-20T14:27:05,1787210826,13.822671,100.51163,9.0,0.01,1.2,-1.9,-51.0,309.0,0.03,0.01,0.0,24.47,76,AUTO.LOITER,0,0
2026-08-20T14:27:06,1787210827,13.822671,100.51163,9.0,0.01,1.2,-1.9,-51.0,309.0,0.03,0.01,0.0,24.47,76,AUTO.LOITER,0,0
2026-08-20T14:27:07,1787210828,13.822671,100.51163,9.0,0.01,1.2,-1.9,-51.0,309.0,0.03,0.01,0.0,24.47,76,AUTO.LOITER,0,0
2026-08-20T14:27:08,1787210829,13.822671,100.51163,36.6,0.02,1.2,-1.9,-51.0,309.0,0.0,0.0,0.0,24.47,76,0,0,0
2026-08-20T14:27:09,1787210830,13.822671,100.51163,36.6,0.02,1.2,-1.9,-51.0,309.0,0.0,0.0,0.0,24.47,76,AUTO.LOITER,0,0
2026-08-20T14:27:10,1787210831,13.822671,100.51163,36.6,0.02,1.2,-1.9,-51.0,309.0,0.0,0.0,0.0,24.47,76,AUTO.LOITER,0,0
2026-08-20T14:27:11,1787210832,13.822668,100.511627,9.0,0.02,1.3,-1.9,-51.0,309.0,0.0,0.0,0.0,24.47,76,0,0,0
2026-08-20T14:27:12,1787210833,13.822668,100.511627,9.0,0.02,1.3,-1.9,-51.0,309.0,0.0,0.0,0.0,24.47,76,0,0,0
2026-08-20T14:27:13,1787210834,13.822668,100.511627,9.0,0.02,1.3,-1.9,-51.0,309.0,0.0,0.0,0.0,24.47,76,0,0,0
2026-08-20T14:27:14,1787210835,13.822666,100.511626,8.8,0.02,1.3,-1.9,-51.0,309.0,0.0,0.0,0.0,24.47,76,0,0,0
2026-08-20T14:27:15,1787210836,13.822668,100.511627,36.6,0.02,1.3,-1.9,-51.0,309.0,0.0,-0.03,0.0,24.47,76,0,0,0
2026-08-20T14:27:16,1787210837,13.822668,100.511627,36.6,0.02,1.3,-1.9,-51.0,309.0,0.0,-0.03,0.0,24.47,76,AUTO.LOITER,0,0
2026-08-20T14:27:17,1787210838,13.822668,100.511627,36.6,0.02,1.2,-1.9,-50.9,309.1,0.0,-0.03,0.0,24.47,76,0,0,0
2026-08-20T14:27:18,1787210839,13.822668,100.511627,36.6,0.02,1.2,-1.9,-50.9,309.1,0.0,-0.03,0.0,24.47,76,AUTO.LOITER,0,0
2026-08-20T14:27:19,1787210840,13.822665,100.511626,36.6,0.02,1.3,-1.9,-50.9,309.1,0.0,0.0,0.0,24.47,76,AUTO.LOITER,0,0
2026-08-20T14:27:20,1787210841,13.822665,100.511626,36.6,0.02,1.3,-1.9,-50.9,309.1,0.0,0.0,0.0,24.47,76,0,0,0
2026-08-20T14:27:21,1787210842,13.822665,100.511626,36.6,0.02,1.3,-1.9,-50.9,309.1,0.0,0.0,0.0,24.47,76,AUTO.LOITER,0,0
2026-08-20T14:27:22,1787210843,13.822665,100.511626,36.6,0.02,1.3,-1.9,-50.9,309.1,0.0,0.0,0.0,24.47,76,0,0,0
2026-08-20T14:27:23,1787210844,13.822661,100.511627,8.7,0.02,1.3,-1.9,-50.8,309.2,0.0,0.0,0.0,24.47,76,AUTO.LOITER,0,0
2026-08-20T14:27:24,1787210845,13.822661,100.511627,8.7,0.02,1.3,-1.9,-50.8,309.2,0.0,0.0,0.0,24.47,76,0,0,0
2026-08-20T14:27:25,1787210846,13.822661,100.511627,8.7,0.02,1.3,-1.9,-50.8,309.2,0.0,0.0,0.0,24.47,76,AUTO.LOITER,0,0
2026-08-20T14:27:26,1787210847,13.822661,100.511627,8.7,0.02,1.3,-2.0,-50.9,309.1,0.0,0.0,0.0,24.47,76,AUTO.LOITER,0,0
2026-08-20T14:27:27,1787210848,13.82266,100.511628,8.9,0.02,1.3,-2.0,-50.9,309.1,0.0,0.0,0.0,24.47,76,AUTO.LOITER,0,0
2026-08-20T14:27:28,1787210849,13.82266,100.511628,8.9,0.02,1.3,-2.0,-50.9,309.1,0.0,0.0,0.0,24.47,76,0,0,0
2026-08-20T14:27:29,1787210850,13.82266,100.511628,8.9,0.02,1.3,-2.0,-50.9,309.1,0.0,0.0,0.0,24.47,76,AUTO.LOITER,0,0
2026-08-20T14:27:30,1787210851,13.822661,100.511631,8.9,0.02,1.3,-2.0,-50.9,309.1,0.0,0.0,0.0,24.47,76,AUTO.LOITER,0,0
2026-08-20T14:27:31,1787210852,13.822661,100.511631,8.9,0.02,1.3,-2.0,-50.9,309.1,0.0,0.0,0.0,24.47,76,AUTO.LOITER,0,0
2026-08-20T14:27:32,1787210853,13.822661,100.511631,8.9,0.02,1.3,-2.0,-50.9,309.1,0.0,0.0,0.0,24.47,76,AUTO.LOITER,0,0
2026-08-20T14:27:33,1787210854,13.822661,100.511631,8.9,0.02,1.3,-2.0,-50.9,309.1,0.0,0.0,0.0,24.47,76,AUTO.LOITER,0,0
2026-08-20T14:27:34,1787210855,13.822661,100.511631,8.9,0.02,1.3,-2.0,-50.9,309.1,0.0,0.0,0.0,24.47,76,AUTO.LOITER,0,0
2026-08-20T14:27:35,1787210856,13.822663,100.511635,9.2,0.02,1.3,-2.0,-50.9,309.1,0.0,0.0,0.0,24.47,76,0,0,0
2026-08-20T14:27:36,1787210857,13.822663,100.511635,9.2,0.02,1.3,-2.0,-50.9,309.1,0.0,0.0,0.0,24.47,76,AUTO.LOITER,0,0
2026-08-20T14:27:37,1787210858,13.822662,100.511634,36.6,0.03,1.3,-2.0,-50.9,309.1,0.0,0.0,0.0,24.47,76,AUTO.LOITER,0,0
2026-08-20T14:27:38,1787210859,13.822662,100.511634,36.6,0.03,1.2,-2.0,-50.8,309.2,0.0,0.0,0.0,24.47,76,AUTO.LOITER,0,0
2026-08-20T14:27:39,1787210860,13.822662,100.511634,36.6,0.03,1.2,-2.0,-50.8,309.2,0.0,0.0,0.0,24.47,76,AUTO.LOITER,0,0
2026-08-20T14:27:40,1787210861,13.822664,100.511639,9.7,0.03,1.2,-2.0,-50.8,309.2,0.0,0.0,0.0,24.47,76,AUTO.LOITER,0,0
2026-08-20T14:27:41,1787210862,13.822664,100.511639,9.7,0.03,1.2,-2.0,-50.8,309.2,0.0,0.0,0.0,24.47,76,0,0,0
2026-08-20T14:27:42,1787210863,13.822664,100.511639,9.7,0.03,1.2,-2.0,-50.8,309.2,0.0,0.0,0.0,24.47,76,AUTO.LOITER,0,0
2026-08-20T14:27:43,1787210864,13.822664,100.511639,9.7,0.03,1.2,-1.9,-50.8,309.2,0.0,0.0,0.0,24.47,76,AUTO.LOITER,0,0
2026-08-20T14:27:44,1787210865,13.822664,100.511639,9.7,0.03,1.2,-1.9,-50.8,309.2,0.0,0.0,0.0,24.47,76,0,0,0
2026-08-20T14:27:45,1787210866,13.822664,100.511639,9.7,0.03,1.2,-1.9,-50.8,309.2,0.0,0.0,0.0,24.47,76,0,0,0
2026-08-20T14:27:46,1787210867,13.822664,100.511639,9.7,0.03,1.2,-1.9,-50.8,309.2,0.0,0.0,0.0,24.47,76,AUTO.LOITER,0,0
2026-08-20T14:27:47,1787210868,13.822664,100.511639,9.7,0.03,1.2,-1.9,-50.8,309.2,0.0,0.0,0.0,24.47,76,0,0,0
2026-08-20T14:27:48,1787210869,13.822664,100.511639,9.7,0.03,1.2,-1.9,-50.8,309.2,0.0,0.0,0.0,24.47,76,0,0,0
2026-08-20T14:27:49,1787210870,13.822666,100.511638,10.5,0.03,1.2,-1.9,-50.8,309.2,0.0,0.0,0.0,24.47,76,AUTO.LOITER,0,0
2026-08-20T14:27:50,1787210871,13.822666,100.511638,36.6,0.04,1.2,-1.9,-50.8,309.2,0.01,-0.02,0.0,24.47,76,AUTO.LOITER,0,0
2026-08-20T14:27:51,1787210872,13.822666,100.511638,36.6,0.04,1.2,-1.9,-50.8,309.2,0.01,-0.02,0.0,24.47,76,AUTO.LOITER,0,0
2026-08-20T14:27:52,1787210873,13.822666,100.511638,36.6,0.04,1.2,-1.9,-50.8,309.2,0.01,-0.02,0.0,24.47,76,0,0,0
2026-08-20T14:27:53,1787210874,13.822666,100.511638,36.6,0.04,1.2,-1.9,-50.8,309.2,0.01,-0.02,0.0,24.47,76,0,0,0
2026-08-20T14:27:54,1787210875,13.822666,100.511638,36.6,0.04,1.2,-1.9,-50.8,309.2,0.01,-0.02,0.0,24.47,76,0,0,0
2026-08-20T14:27:55,1787210876,13.822666,100.511638,36.6,0.04,1.2,-1.9,-50.8,309.2,0.01,-0.02,0.0,24.47,76,AUTO.LOITER,0,0
2026-08-20T14:27:56,1787210877,13.822666,100.511638,36.6,0.04,1.2,-1.9,-50.8,309.2,0.01,-0.02,0.0,24.47,76,AUTO.LOITER,0,0
2026-08-20T14:27:57,1787210878,13.822666,100.511638,36.6,0.04,1.2,-1.9,-50.8,309.2,0.01,-0.02,0.0,24.47,76,0,0,0
2026-08-20T14:27:58,1787210879,13.822665,100.511636,9.8,0.04,1.3,-1.9,-50.8,309.2,0.01,-0.02,0.0,24.47,76,AUTO.LOITER,0,0
2026-08-20T14:27:59,1787210880,13.822666,100.511636,36.6,0.04,1.3,-1.9,-50.8,309.2,0.01,0.04,0.0,24.47,76,0,0,0
2026-08-20T14:28:00,1787210881,13.822666,100.511636,36.6,0.04,1.3,-1.9,-50.8,309.2,0.01,0.04,0.0,24.47,76,AUTO.LOITER,0,0
2026-08-20T14:28:01,1787210882,13.822666,100.511636,36.6,0.04,1.3,-1.9,-50.8,309.2,0.01,0.04,0.0,24.47,76,AUTO.LOITER,0,0
2026-08-20T14:28:02,1787210883,13.822666,100.511636,36.6,0.04,1.3,-1.9,-50.8,309.2,0.01,0.04,0.0,24.47,76,AUTO.LOITER,0,0
2026-08-20T14:28:03,1787210884,13.822666,100.511636,36.6,0.04,1.3,-1.9,-50.8,309.2,0.01,0.04,0.0,24.47,76,0,0,0
2026-08-20T14:28:04,1787210885,13.822666,100.511636,36.6,0.04,1.3,-1.9,-50.8,309.2,0.01,0.04,0.0,24.47,76,0,0,0
2026-08-20T14:28:05,1787210886,13.822665,100.511635,36.6,0.03,1.3,-1.9,-50.8,309.2,0.0,-0.01,0.0,24.47,76,AUTO.LOITER,0,0
2026-08-20T14:28:06,1787210887,13.822665,100.511635,36.6,0.03,1.2,-2.0,-50.8,309.2,0.0,-0.01,0.0,24.47,76,AUTO.LOITER,0,0
2026-08-20T14:28:07,1787210888,13.822665,100.511635,36.6,0.03,1.2,-2.0,-50.8,309.2,0.0,-0.01,0.0,24.47,76,0,0,0
2026-08-20T14:28:08,1787210889,13.822665,100.511635,36.6,0.03,1.2,-2.0,-50.8,309.2,0.0,-0.01,0.0,24.47,76,AUTO.LOITER,0,0
2026-08-20T14:28:09,1787210890,13.822664,100.511636,7.9,0.02,1.3,-1.9,-50.7,309.3,0.01,0.0,0.0,24.47,76,AUTO.LOITER,0,0
2026-08-20T14:28:10,1787210891,13.822664,100.511636,7.9,0.02,1.3,-1.9,-50.7,309.3,0.01,0.0,0.0,24.47,76,AUTO.LOITER,0,0
2026-08-20T14:28:11,1787210892,13.822664,100.511636,7.9,0.02,1.3,-1.9,-50.7,309.3,0.01,0.0,0.0,24.47,76,AUTO.LOITER,0,0
2026-08-20T14:28:12,1787210893,13.822664,100.511636,7.9,0.02,1.3,-1.9,-50.7,309.3,0.01,0.0,0.0,24.47,76,AUTO.LOITER,0,0
2026-08-20T14:28:13,1787210894,13.822665,100.511636,7.2,0.01,1.3,-1.9,-50.7,309.3,0.02,0.0,0.0,24.47,76,AUTO.LOITER,0,0
2026-08-20T14:28:14,1787210895,13.822665,100.511636,7.2,0.01,1.3,-1.9,-50.7,309.3,0.02,0.0,0.0,24.47,76,AUTO.LOITER,0,0
2026-08-20T14:28:15,1787210896,13.822665,100.511636,7.2,0.01,1.3,-1.9,-50.7,309.3,0.02,0.0,0.0,24.47,76,AUTO.LOITER,0,0
2026-08-20T14:28:16,1787210897,13.822665,100.511636,7.2,0.01,1.3,-1.9,-50.7,309.3,0.02,0.0,0.0,24.47,76,AUTO.LOITER,0,0
2026-08-20T14:28:17,1787210898,13.822665,100.511636,7.2,0.01,1.2,-1.9,-50.7,309.3,0.02,0.0,0.0,24.47,76,0,0,0
2026-08-20T14:28:18,1787210899,13.822665,100.511636,6.9,0.01,1.2,-1.9,-50.7,309.3,0.01,0.0,0.0,24.47,76,0,0,0
2026-08-20T14:28:19,1787210900,13.822665,100.511636,6.9,0.01,1.2,-1.9,-50.7,309.3,0.01,0.0,0.0,24.47,76,AUTO.LOITER,0,0
2026-08-20T14:28:20,1787210901,13.822665,100.511636,6.9,0.01,1.2,-1.9,-50.7,309.3,0.01,0.0,0.0,24.47,76,AUTO.LOITER,0,0
2026-08-20T14:28:21,1787210902,13.822665,100.511636,6.9,0.01,1.2,-1.9,-50.7,309.3,0.01,0.0,0.0,24.47,76,0,0,0
2026-08-20T14:28:22,1787210903,13.822665,100.511636,36.5,0.01,1.2,-1.9,-50.7,309.3,0.0,0.0,0.0,24.47,76,AUTO.LOITER,0,0
2026-08-20T14:28:23,1787210904,13.822665,100.511636,36.5,0.01,1.2,-1.9,-50.7,309.3,0.0,0.0,0.0,24.47,76,0,0,0
2026-08-20T14:28:24,1787210905,13.822665,100.511636,36.5,0.01,1.2,-1.9,-50.7,309.3,0.0,0.0,0.0,24.47,76,0,0,0
2026-08-20T14:28:25,1787210906,13.822665,100.511636,36.5,0.01,1.2,-1.9,-50.7,309.3,0.0,0.0,0.0,24.47,76,AUTO.LOITER,0,0
2026-08-20T14:28:26,1787210907,13.822665,100.511636,36.5,0.01,1.2,-1.9,-50.7,309.3,0.0,0.0,0.0,24.47,76,AUTO.LOITER,0,0
2026-08-20T14:28:27,1787210908,13.822665,100.511636,36.5,0.01,1.2,-1.9,-50.7,309.3,0.0,0.0,0.0,24.47,76,AUTO.LOITER,0,0
2026-08-20T14:28:28,1787210909,13.822664,100.511635,9.3,0.01,1.2,-1.9,-50.7,309.3,0.0,0.0,0.0,24.47,76,AUTO.LOITER,0,0
2026-08-20T14:28:29,1787210910,13.822664,100.511635,36.5,0.02,1.2,-1.9,-50.7,309.3,0.0,0.0,0.0,24.47,76,AUTO.LOITER,0,0
2026-08-20T14:28:30,1787210911,13.822664,100.511635,36.5,0.02,1.2,-1.9,-50.7,309.3,0.0,0.0,0.0,24.47,76,AUTO.LOITER,0,0
2026-08-20T14:28:31,1787210912,13.822664,100.511635,36.5,0.02,1.3,-1.9,-50.6,309.4,0.0,0.0,0.0,24.47,76,0,0,0
2026-08-20T14:28:32,1787210913,13.822664,100.511637,10.2,0.02,1.3,-1.9,-50.6,309.4,0.0,0.0,0.0,24.47,76,0,0,0
2026-08-20T14:28:33,1787210914,13.822664,100.511637,10.2,0.02,1.3,-1.9,-50.6,309.4,0.0,0.0,0.0,24.47,76,AUTO.LOITER,0,0
2026-08-20T14:28:34,1787210915,13.822664,100.511637,10.2,0.02,1.3,-1.9,-50.6,309.4,0.0,0.0,0.0,24.47,76,AUTO.LOITER,0,0
2026-08-20T14:28:35,1787210916,13.822664,100.511637,10.2,0.02,1.3,-1.9,-50.6,309.4,0.0,0.0,0.0,24.47,76,AUTO.LOITER,0,0
2026-08-20T14:28:36,1787210917,13.822664,100.511637,10.2,0.02,1.3,-1.9,-50.6,309.4,0.0,0.0,0.0,24.47,76,AUTO.LOITER,0,0
2026-08-20T14:28:37,1787210918,13.822664,100.511637,10.2,0.02,1.3,-1.9,-50.6,309.4,0.0,0.0,0.0,24.47,76,0,0,0
2026-08-20T14:28:38,1787210919,13.822664,100.51164,36.6,0.05,1.2,-2.0,-50.6,309.4,0.0,0.04,0.0,24.47,76,AUTO.LOITER,0,0
2026-08-20T14:28:39,1787210920,13.822664,100.51164,36.6,0.05,1.2,-2.0,-50.6,309.4,0.0,0.04,0.0,24.47,76,AUTO.LOITER,0,0
2026-08-20T14:28:40,1787210921,13.822664,100.511642,11.0,0.05,1.2,-2.0,-50.6,309.4,0.0,0.04,0.0,24.47,76,AUTO.LOITER,0,0
2026-08-20T14:28:41,1787210922,13.822664,100.511642,11.0,0.05,1.2,-2.0,-50.6,309.4,0.0,0.04,0.0,24.47,76,AUTO.LOITER,0,0
2026-08-20T14:28:42,1787210923,13.822664,100.511642,36.6,-0.0,1.2,-2.0,-50.6,309.4,0.01,0.01,0.0,24.47,76,AUTO.LOITER,0,0
2026-08-20T14:28:43,1787210924,13.822664,100.511642,36.6,-0.0,1.2,-2.0,-50.6,309.4,0.01,0.01,0.0,24.47,76,AUTO.LOITER,0,0
2026-08-20T14:28:44,1787210925,13.822664,100.511642,36.6,-0.0,1.2,-2.0,-50.6,309.4,0.01,0.01,0.0,24.47,76,AUTO.LOITER,0,0
2026-08-20T14:28:45,1787210926,13.822664,100.511642,36.6,-0.0,1.2,-2.0,-50.6,309.4,0.01,0.01,0.0,24.47,76,AUTO.LOITER,0,0
2026-08-20T14:28:46,1787210927,13.822664,100.511642,36.6,-0.0,1.2,-2.0,-50.6,309.4,0.01,0.01,0.0,24.47,76,AUTO.LOITER,0,0
2026-08-20T14:28:47,1787210928,13.822664,100.511642,36.6,-0.0,1.2,-2.0,-50.6,309.4,0.01,0.01,0.0,24.47,76,AUTO.LOITER,0,0
2026-08-20T14:28:48,1787210929,13.822664,100.511643,10.7,-0.0,1.2,-2.0,-50.6,309.4,0.01,0.01,0.0,24.47,76,AUTO.LOITER,0,0
2026-08-20T14:28:49,1787210930,13.822664,100.511643,36.6,0.0,1.2,-2.0,-50.6,309.4,0.0,0.0,0.0,24.47,76,AUTO.LOITER,0,0
2026-08-20T14:28:50,1787210931,13.822664,100.511643,36.6,0.0,1.3,-1.9,-50.5,309.5,0.0,0.0,0.0,24.47,76,AUTO.LOITER,0,0
2026-08-20T14:28:51,1787210932,13.822664,100.511643,36.6,0.0,1.3,-1.9,-50.5,309.5,0.0,0.0,0.0,24.47,76,0,0,0
2026-08-20T14:28:52,1787210933,13.822664,100.511644,10.5,0.0,1.3,-1.9,-50.5,309.5,0.0,0.0,0.0,24.47,76,0,0,0
2026-08-20T14:28:53,1787210934,13.822664,100.511644,10.5,0.0,1.2,-2.0,-50.5,309.5,0.0,0.0,0.0,24.47,76,0,0,0
2026-08-20T14:28:54,1787210935,13.822664,100.511644,10.5,0.0,1.2,-2.0,-50.5,309.5,0.0,0.0,0.0,24.47,76,0,0,0
2026-08-20T14:28:55,1787210936,13.822664,100.511644,10.5,0.0,1.2,-2.0,-50.5,309.5,0.0,0.0,0.0,24.47,76,0,0,0
2026-08-20T14:28:56,1787210937,13.822664,100.511644,10.5,0.0,1.2,-2.0,-50.5,309.5,0.0,0.0,0.0,24.47,76,0,0,0
2026-08-20T14:28:57,1787210938,13.822664,100.511645,10.3,0.0,1.2,-2.0,-50.5,309.5,0.0,0.0,0.0,24.47,76,0,0,0
2026-08-20T14:28:58,1787210939,13.822664,100.511644,36.6,-0.01,1.2,-2.0,-50.5,309.5,0.01,0.0,0.0,24.47,76,AUTO.LOITER,0,0
2026-08-20T14:28:59,1787210940,13.822664,100.511644,36.6,-0.01,1.2,-2.0,-50.5,309.5,0.01,0.0,0.0,24.47,76,AUTO.LOITER,0,0
2026-08-20T14:29:00,1787210941,13.822664,100.511644,36.6,-0.01,1.2,-2.0,-50.5,309.5,0.01,0.0,0.0,24.47,76,AUTO.LOITER,0,0
2026-08-20T14:29:01,1787210942,13.822664,100.511644,36.6,-0.01,1.2,-1.9,-50.5,309.5,0.01,0.0,0.0,24.47,76,0,0,0
2026-08-20T14:29:02,1787210943,13.822665,100.511645,10.2,-0.01,1.2,-1.9,-50.5,309.5,0.01,0.0,0.0,24.47,76,0,0,0
2026-08-20T14:29:03,1787210944,13.822665,100.511645,10.2,-0.01,1.2,-1.9,-50.5,309.5,0.01,0.0,0.0,24.47,76,0,0,0
2026-08-20T14:29:04,1787210945,13.822665,100.511645,10.2,-0.01,1.2,-1.9,-50.5,309.5,0.01,0.0,0.0,24.47,76,0,0,0
2026-08-20T14:29:05,1787210946,13.822666,100.511645,10.2,-0.01,1.2,-1.9,-50.5,309.5,0.01,0.0,0.0,24.47,76,AUTO.LOITER,0,0
2026-08-20T14:29:06,1787210947,13.822665,100.511644,36.6,-0.01,1.2,-1.9,-50.5,309.5,0.01,-0.01,0.0,24.47,76,AUTO.LOITER,0,0
2026-08-20T14:29:07,1787210948,13.822665,100.511644,36.6,-0.01,1.2,-1.9,-50.5,309.5,0.01,-0.01,0.0,24.47,76,AUTO.LOITER,0,0
2026-08-20T14:29:08,1787210949,13.822665,100.511644,36.6,-0.01,1.2,-1.9,-50.5,309.5,0.01,-0.01,0.0,24.47,76,AUTO.LOITER,0,0
2026-08-20T14:29:09,1787210950,13.822666,100.511644,36.6,-0.01,1.2,-1.9,-50.5,309.5,0.0,-0.02,0.0,24.47,76,AUTO.LOITER,0,0
2026-08-20T14:29:10,1787210951,13.822666,100.511644,36.6,-0.01,1.2,-1.9,-50.5,309.5,0.0,-0.02,0.0,24.47,76,AUTO.LOITER,0,0
2026-08-20T14:29:11,1787210952,13.822666,100.511644,36.6,-0.01,1.2,-1.9,-50.5,309.5,0.0,-0.02,0.0,24.47,76,AUTO.LOITER,0,0
2026-08-20T14:29:12,1787210953,13.822666,100.511644,36.6,-0.01,1.2,-1.9,-50.5,309.5,0.0,-0.02,0.0,24.47,76,AUTO.LOITER,0,0
2026-08-20T14:29:13,1787210954,13.822666,100.511644,36.6,-0.01,1.2,-1.9,-50.5,309.5,0.0,-0.02,0.0,24.47,76,AUTO.LOITER,0,0
2026-08-20T14:29:14,1787210955,13.822666,100.511644,36.6,-0.01,1.2,-1.9,-50.5,309.5,0.0,-0.02,0.0,24.47,76,AUTO.LOITER,0,0
2026-08-20T14:29:15,1787210956,13.822666,100.511644,36.6,-0.01,1.2,-1.9,-50.5,309.5,0.0,-0.02,0.0,24.47,76,AUTO.LOITER,0,0
2026-08-20T14:29:16,1787210957,13.822666,100.511644,36.6,-0.01,1.2,-1.9,-50.5,309.5,0.0,-0.02,0.0,24.47,76,AUTO.LOITER,0,0
2026-08-20T14:29:17,1787210958,13.822666,100.511644,36.6,-0.01,1.2,-1.9,-50.5,309.5,0.0,-0.02,0.0,24.47,76,AUTO.LOITER,0,0
2026-08-20T14:29:18,1787210959,13.822664,100.511641,36.6,-0.0,1.2,-1.9,-50.5,309.5,-0.02,-0.01,0.0,24.47,76,AUTO.LOITER,0,0
2026-08-20T14:29:19,1787210960,13.822664,100.511641,36.6,-0.0,1.2,-1.9,-50.5,309.5,-0.02,-0.01,0.0,24.47,76,AUTO.LOITER,0,0
2026-08-20T14:29:20,1787210961,13.822664,100.511641,36.6,-0.0,1.3,-1.9,-50.5,309.5,-0.02,-0.01,0.0,24.47,76,AUTO.LOITER,0,0
2026-08-20T14:29:21,1787210962,13.822664,100.511641,36.6,-0.0,1.3,-1.9,-50.5,309.5,-0.02,-0.01,0.0,24.47,76,AUTO.LOITER,0,0
2026-08-20T14:29:22,1787210963,13.822664,100.511641,36.6,-0.0,1.3,-1.9,-50.5,309.5,-0.02,-0.01,0.0,24.47,76,AUTO.LOITER,0,0
2026-08-20T14:29:23,1787210964,13.822664,100.511641,36.6,-0.0,1.3,-1.9,-50.5,309.5,-0.02,-0.01,0.0,24.47,76,AUTO.LOITER,0,0
2026-08-20T14:29:24,1787210965,13.82266,100.511644,36.6,0.01,1.3,-1.9,-50.5,309.5,0.0,0.02,0.0,24.47,76,AUTO.LOITER,0,0
2026-08-20T14:29:25,1787210966,13.822659,100.511646,12.6,0.01,1.3,-1.9,-50.5,309.5,0.0,0.02,0.0,24.47,76,AUTO.LOITER,0,0
2026-08-20T14:29:26,1787210967,13.822659,100.511646,12.6,0.01,1.3,-1.9,-50.5,309.5,0.0,0.02,0.0,24.47,76,AUTO.LOITER,0,0
2026-08-20T14:29:27,1787210968,13.822659,100.511646,12.6,0.01,1.2,-2.0,-50.6,309.4,0.0,0.02,0.0,24.47,76,AUTO.LOITER,0,0
2026-08-20T14:29:28,1787210969,13.822658,100.511648,13.1,0.02,1.2,-2.0,-50.6,309.4,0.0,0.0,0.0,24.47,76,AUTO.LOITER,0,0
2026-08-20T14:29:29,1787210970,13.822658,100.511648,13.1,0.02,1.2,-2.0,-50.6,309.4,0.0,0.0,0.0,24.47,76,AUTO.LOITER,0,0
2026-08-20T14:29:30,1787210971,13.822658,100.511648,13.1,0.02,1.2,-2.0,-50.6,309.4,0.0,0.0,0.0,24.47,76,AUTO.LOITER,0,0
2026-08-20T14:29:31,1787210972,13.822658,100.511648,13.1,0.02,1.2,-2.0,-50.6,309.4,0.0,0.0,0.0,24.47,76,AUTO.LOITER,0,0
2026-08-20T14:29:32,1787210973,13.822658,100.511648,13.1,0.02,1.2,-2.0,-50.6,309.4,0.0,0.0,0.0,24.47,76,AUTO.LOITER,0,0
2026-08-20T14:29:33,1787210974,13.822658,100.511648,13.1,0.02,1.2,-2.0,-50.6,309.4,0.0,0.0,0.0,24.47,76,AUTO.LOITER,0,0
2026-08-20T14:29:34,1787210975,13.822658,100.511648,13.1,0.02,1.2,-2.0,-50.6,309.4,0.0,0.0,0.0,24.47,76,AUTO.LOITER,0,0
2026-08-20T14:29:35,1787210976,13.822658,100.511648,13.1,0.02,1.2,-2.0,-50.5,309.5,0.0,0.0,0.0,24.47,76,AUTO.LOITER,0,0
2026-08-20T14:29:36,1787210977,13.822658,100.511648,13.1,0.02,1.2,-2.0,-50.5,309.5,0.0,0.0,0.0,24.47,76,AUTO.LOITER,0,0
2026-08-20T14:29:37,1787210978,13.822658,100.51165,36.6,0.0,1.3,-1.9,-50.5,309.5,0.04,0.05,0.0,24.47,76,AUTO.LOITER,0,0
2026-08-20T14:29:38,1787210979,13.822658,100.51165,36.6,0.0,1.3,-1.9,-50.5,309.5,0.04,0.05,0.0,24.47,76,AUTO.LOITER,0,0
2026-08-20T14:29:39,1787210980,13.822658,100.51165,36.6,0.0,1.3,-1.9,-50.5,309.5,0.04,0.05,0.0,24.47,76,AUTO.LOITER,0,0
2026-08-20T14:29:40,1787210981,13.822658,100.51165,36.6,0.0,1.2,-2.0,-50.5,309.5,0.04,0.05,0.0,24.47,76,AUTO.LOITER,0,0
2026-08-20T14:29:41,1787210982,13.822658,100.51165,36.6,0.0,1.2,-2.0,-50.5,309.5,0.04,0.05,0.0,24.47,76,AUTO.LOITER,0,0
2026-08-20T14:29:42,1787210983,13.822658,100.51165,36.6,0.0,1.2,-2.0,-50.5,309.5,0.04,0.05,0.0,24.47,76,AUTO.LOITER,0,0
2026-08-20T14:29:43,1787210984,13.822658,100.51165,36.6,0.0,1.2,-2.0,-50.5,309.5,0.04,0.05,0.0,24.47,76,AUTO.LOITER,0,0
2026-08-20T14:29:44,1787210985,13.822658,100.51165,36.6,0.0,1.2,-2.0,-50.5,309.5,0.04,0.05,0.0,24.47,76,AUTO.LOITER,0,0
2026-08-20T14:29:45,1787210986,13.82266,100.51165,36.6,0.01,1.2,-2.0,-50.5,309.5,0.03,0.01,0.0,24.47,76,AUTO.LOITER,0,0
2026-08-20T14:29:46,1787210987,13.82266,100.51165,36.6,0.01,1.2,-2.0,-50.5,309.5,0.03,0.01,0.0,24.47,76,AUTO.LOITER,0,0
2026-08-20T14:29:47,1787210988,13.82266,100.51165,36.6,0.01,1.3,-1.9,-50.5,309.5,0.03,0.01,0.0,24.47,76,AUTO.LOITER,0,0
2026-08-20T14:29:48,1787210989,13.82266,100.51165,36.6,0.01,1.3,-1.9,-50.5,309.5,0.03,0.01,0.0,24.47,76,AUTO.LOITER,0,0
2026-08-20T14:29:49,1787210990,13.822661,100.511652,14.0,0.01,1.2,-1.9,-50.5,309.5,0.03,0.01,0.0,24.47,76,AUTO.LOITER,0,0
2026-08-20T14:29:50,1787210991,13.82266,100.511651,36.6,0.01,1.2,-1.9,-50.5,309.5,0.01,0.01,0.0,24.47,76,AUTO.LOITER,0,0
2026-08-20T14:29:51,1787210992,13.82266,100.511651,36.6,0.01,1.2,-1.9,-50.5,309.5,0.01,0.01,0.0,24.47,76,AUTO.LOITER,0,0
2026-08-20T14:29:52,1787210993,13.82266,100.511651,36.6,0.01,1.2,-1.9,-50.5,309.5,0.01,0.01,0.0,24.47,76,AUTO.LOITER,0,0
2026-08-20T14:29:53,1787210994,13.82266,100.511651,36.6,0.01,1.2,-1.9,-50.5,309.5,0.01,0.01,0.0,24.47,76,AUTO.LOITER,0,0
2026-08-20T14:29:54,1787210995,13.82266,100.511651,36.6,0.01,1.2,-1.9,-50.5,309.5,0.01,0.01,0.0,24.47,76,AUTO.LOITER,0,0
2026-08-20T14:29:55,1787210996,13.82266,100.511651,36.6,0.01,1.2,-1.9,-50.5,309.5,0.01,0.01,0.0,24.47,76,AUTO.LOITER,0,0
2026-08-20T14:29:56,1787210997,13.82266,100.511651,36.6,0.01,1.2,-1.9,-50.5,309.5,0.01,0.01,0.0,24.47,76,AUTO.LOITER,0,0
2026-08-20T14:29:57,1787210998,13.82266,100.511651,36.6,0.01,1.2,-1.9,-50.5,309.5,0.01,0.01,0.0,24.47,76,AUTO.LOITER,0,0
2026-08-20T14:29:58,1787210999,13.822662,100.511647,36.6,0.0,1.3,-1.9,-50.5,309.5,0.01,-0.01,0.0,24.47,76,AUTO.LOITER,0,0
2026-08-20T14:29:59,1787211000,13.822662,100.511647,36.6,0.0,1.3,-1.9,-50.5,309.5,0.01,-0.01,0.0,24.47,76,AUTO.LOITER,0,0
2026-08-20T14:30:00,1787211001,13.822662,100.511647,36.6,0.0,1.3,-1.9,-50.6,309.4,0.01,-0.01,0.0,24.47,76,AUTO.LOITER,0,0
2026-08-20T14:30:01,1787211002,13.822662,100.511647,36.6,0.0,1.3,-1.9,-50.6,309.4,0.01,-0.01,0.0,24.47,76,AUTO.LOITER,0,0
2026-08-20T14:30:02,1787211003,13.822662,100.511647,36.6,0.0,1.3,-1.9,-50.6,309.4,0.01,-0.01,0.0,24.47,76,AUTO.LOITER,0,0
2026-08-20T14:30:03,1787211004,13.822662,100.511647,36.6,0.0,1.3,-1.9,-50.6,309.4,0.01,-0.01,0.0,24.47,76,AUTO.LOITER,0,0
2026-08-20T14:30:05,1787211006,13.822662,100.511647,36.6,0.0,1.3,-1.9,-50.6,309.4,0.01,-0.01,0.0,24.47,76,AUTO.LOITER,0,0
2026-08-20T14:30:06,1787211007,13.822662,100.511647,36.6,0.0,1.3,-1.9,-50.6,309.4,0.01,-0.01,0.0,24.47,76,AUTO.LOITER,0,0
2026-08-20T14:30:07,1787211008,13.822663,100.511634,12.6,0.0,1.3,-1.8,-50.6,309.4,0.01,-0.01,0.0,24.47,76,AUTO.LOITER,0,0
2026-08-20T14:30:08,1787211009,13.822663,100.511637,36.6,-0.0,1.3,-1.8,-50.6,309.4,0.0,0.0,0.0,24.47,76,AUTO.LOITER,0,0
2026-08-20T14:30:09,1787211010,13.822663,100.511637,36.6,-0.0,1.3,-1.8,-50.6,309.4,0.0,0.0,0.0,24.47,76,AUTO.LOITER,0,0
2026-08-20T14:30:10,1787211011,13.822663,100.511637,36.6,-0.0,1.3,-1.8,-50.6,309.4,0.0,0.0,0.0,24.47,76,AUTO.LOITER,0,0
2026-08-20T14:30:11,1787211012,13.822663,100.511637,36.6,-0.0,1.3,-1.8,-50.6,309.4,0.0,0.0,0.0,24.47,76,AUTO.LOITER,0,0
2026-08-20T14:30:12,1787211013,13.822663,100.511637,36.6,-0.0,1.3,-1.8,-50.6,309.4,0.0,0.0,0.0,24.47,76,AUTO.LOITER,0,0
2026-08-20T14:30:13,1787211014,13.822663,100.511637,36.6,-0.0,1.3,-1.8,-50.6,309.4,0.0,0.0,0.0,24.47,76,AUTO.LOITER,0,0
2026-08-20T14:30:14,1787211015,13.822663,100.511637,36.6,-0.0,1.3,-1.9,-50.6,309.4,0.0,0.0,0.0,24.47,76,AUTO.LOITER,0,0
2026-08-20T14:30:15,1787211016,13.822664,100.511634,13.7,0.0,1.3,-1.9,-50.6,309.4,0.01,-0.01,0.0,24.47,76,AUTO.LOITER,0,0
2026-08-20T14:30:16,1787211017,13.822664,100.511634,13.7,0.0,1.3,-1.9,-50.6,309.4,0.01,-0.01,0.0,24.47,76,AUTO.LOITER,0,0
2026-08-20T14:30:17,1787211018,13.822664,100.511634,13.7,0.0,1.3,-1.9,-50.6,309.4,0.01,-0.01,0.0,24.47,76,AUTO.LOITER,0,0
2026-08-20T14:30:18,1787211019,13.822664,100.511634,13.7,0.0,1.3,-1.9,-50.6,309.4,0.01,-0.01,0.0,24.47,76,AUTO.LOITER,0,0
2026-08-20T14:30:19,1787211020,13.822667,100.511638,14.8,0.0,1.2,-1.9,-50.6,309.4,0.01,-0.01,0.0,24.47,76,AUTO.LOITER,0,0
2026-08-20T14:30:20,1787211021,13.822665,100.511635,36.6,0.01,1.2,-1.9,-50.6,309.4,0.01,0.01,0.0,24.47,76,AUTO.LOITER,0,0
2026-08-20T14:30:21,1787211022,13.822665,100.511635,36.6,0.01,1.2,-1.9,-50.6,309.4,0.01,0.01,0.0,24.47,76,AUTO.LOITER,0,0
2026-08-20T14:30:22,1787211023,13.822665,100.511635,36.6,0.01,1.2,-1.9,-50.6,309.4,0.01,0.01,0.0,24.47,76,AUTO.LOITER,0,0
2026-08-20T14:30:23,1787211024,13.822667,100.511639,36.6,0.02,1.2,-1.9,-50.6,309.4,0.03,0.03,0.0,24.47,76,AUTO.LOITER,0,0
2026-08-20T14:30:24,1787211025,13.822671,100.511642,15.6,0.02,1.2,-1.9,-50.6,309.4,0.03,0.03,0.0,24.47,76,AUTO.LOITER,0,0
2026-08-20T14:30:25,1787211026,13.822671,100.511642,15.6,0.02,1.2,-1.9,-50.6,309.4,0.03,0.03,0.0,24.47,76,AUTO.LOITER,0,0
2026-08-20T14:30:26,1787211027,13.822671,100.511642,15.6,0.02,1.2,-1.9,-50.6,309.4,0.03,0.03,0.0,24.47,76,AUTO.LOITER,0,0
2026-08-20T14:30:27,1787211028,13.822671,100.511642,15.6,0.02,1.2,-1.9,-50.6,309.4,0.03,0.03,0.0,24.47,76,AUTO.LOITER,0,0
2026-08-20T14:30:28,1787211029,13.822673,100.511646,16.3,0.0,1.2,-2.0,-50.6,309.4,0.03,0.01,0.0,24.47,76,AUTO.LOITER,0,0
2026-08-20T14:30:29,1787211030,13.822673,100.511646,16.3,0.0,1.2,-2.0,-50.6,309.4,0.03,0.01,0.0,24.47,76,AUTO.LOITER,0,0
2026-08-20T14:30:30,1787211031,13.822673,100.511646,16.3,0.0,10.5,-4.1,-44.3,315.7,0.03,0.01,0.0,24.47,76,AUTO.LOITER,0,0
2026-08-20T14:30:31,1787211032,13.822673,100.511646,16.3,0.0,10.5,-4.1,-44.3,315.7,0.03,0.01,0.0,24.47,76,AUTO.LOITER,0,0
2026-08-20T14:30:32,1787211033,13.822673,100.511646,16.3,0.0,10.5,-4.1,-44.3,315.7,0.03,0.01,0.0,24.47,76,AUTO.LOITER,0,0
2026-08-20T14:30:33,1787211034,13.822679,100.511656,17.1,-0.06,10.5,-4.1,-44.3,315.7,-0.03,-0.01,-0.08,24.47,76,AUTO.LOITER,0,0
2026-08-20T14:30:34,1787211035,13.822679,100.511656,17.1,-0.06,10.5,-4.1,-44.3,315.7,-0.03,-0.01,-0.08,24.47,76,AUTO.LOITER,0,0
2026-08-20T14:30:35,1787211036,13.822679,100.511656,17.1,-0.06,10.5,-4.1,-44.3,315.7,-0.03,-0.01,-0.08,24.47,76,AUTO.LOITER,0,0
2026-08-20T14:30:36,1787211037,13.822679,100.511656,17.1,-0.06,10.5,-4.1,-44.3,315.7,-0.03,-0.01,-0.08,24.47,76,AUTO.LOITER,0,0
2026-08-20T14:30:37,1787211038,13.822679,100.511656,17.1,-0.06,-2.1,-2.4,-31.8,328.2,-0.03,-0.01,-0.08,24.47,76,AUTO.LOITER,0,0
2026-08-20T14:30:38,1787211039,13.822673,100.511649,15.7,0.04,-2.1,-2.4,-31.8,328.2,0.0,-0.02,0.01,24.47,76,AUTO.LOITER,0,0
2026-08-20T14:30:39,1787211040,13.822673,100.511649,15.7,0.04,-2.0,-2.5,-34.1,325.9,0.0,-0.02,0.01,24.47,76,AUTO.LOITER,0,0
2026-08-20T14:30:40,1787211041,13.822673,100.511649,15.7,0.04,-2.0,-2.5,-34.1,325.9,0.0,-0.02,0.01,24.47,76,AUTO.LOITER,0,0
2026-08-20T14:30:41,1787211042,13.822673,100.511649,15.7,0.04,-2.0,-2.5,-34.1,325.9,0.0,-0.02,0.01,24.47,76,AUTO.LOITER,0,0
2026-08-20T14:30:42,1787211043,13.822673,100.511649,15.7,0.04,-2.0,-2.5,-34.1,325.9,0.0,-0.02,0.01,24.47,76,AUTO.LOITER,0,0
2026-08-20T14:30:43,1787211044,13.822673,100.511649,15.7,0.04,-2.0,-2.5,-34.1,325.9,0.0,-0.02,0.01,24.47,76,AUTO.LOITER,0,0
2026-08-20T14:30:44,1787211045,13.822673,100.511649,15.7,0.04,-2.0,-2.5,-34.1,325.9,0.0,-0.02,0.01,24.47,76,AUTO.LOITER,0,0
2026-08-20T14:30:47,1787211048,13.822665,100.51164,14.3,-0.0,-2.0,-2.4,-38.0,322.0,0.0,-0.03,0.0,24.47,76,AUTO.LOITER,0,0
2026-08-20T14:30:48,1787211049,13.822665,100.51164,14.3,-0.0,-2.0,-2.4,-38.9,321.1,0.0,-0.03,0.0,24.47,76,AUTO.LOITER,0,0
2026-08-20T14:30:49,1787211050,13.822665,100.51164,14.3,-0.0,-2.0,-2.4,-38.9,321.1,0.0,-0.03,0.0,24.47,76,AUTO.LOITER,0,0
2026-08-20T14:30:50,1787211051,13.822664,100.511638,13.9,-0.0,-2.0,-2.4,-39.6,320.4,0.02,-0.02,0.0,24.47,76,AUTO.LOITER,0,0
2026-08-20T14:30:51,1787211052,13.822664,100.511638,13.9,-0.0,-2.0,-2.4,-39.6,320.4,0.02,-0.02,0.0,24.47,76,AUTO.LOITER,0,0
2026-08-20T14:30:52,1787211053,13.822664,100.511638,13.9,-0.0,-2.0,-2.4,-40.1,319.9,0.02,-0.02,0.0,24.47,76,AUTO.LOITER,0,0
2026-08-20T14:30:53,1787211054,13.822664,100.511638,13.9,-0.0,-2.0,-2.4,-40.1,319.9,0.02,-0.02,0.0,24.47,76,AUTO.LOITER,0,0
2026-08-20T14:30:54,1787211055,13.822664,100.511638,13.9,-0.0,-2.0,-2.4,-40.1,319.9,0.02,-0.02,0.0,24.47,76,AUTO.LOITER,0,0
2026-08-20T14:30:55,1787211056,13.822664,100.511637,13.4,-0.0,-2.0,-2.4,-40.1,319.9,0.04,0.0,0.0,24.47,76,AUTO.LOITER,0,0
2026-08-20T14:30:56,1787211057,13.822664,100.511637,13.4,-0.0,-2.0,-2.4,-40.8,319.2,0.04,0.0,0.0,24.47,76,AUTO.LOITER,0,0
2026-08-20T14:30:57,1787211058,13.822664,100.511637,13.4,-0.0,-2.0,-2.4,-40.8,319.2,0.04,0.0,0.0,24.47,76,AUTO.LOITER,0,0
2026-08-20T14:30:58,1787211059,13.822664,100.511639,12.9,-0.01,-2.0,-2.4,-40.8,319.2,0.02,0.0,0.0,24.47,76,AUTO.LOITER,0,0
2026-08-20T14:30:59,1787211060,13.822664,100.511639,12.9,-0.01,-2.1,-2.4,-41.2,318.8,0.02,0.0,0.0,24.47,76,AUTO.LOITER,0,0
2026-08-20T14:31:00,1787211061,13.822664,100.511639,12.9,-0.01,-2.1,-2.4,-41.2,318.8,0.02,0.0,0.0,24.47,76,AUTO.LOITER,0,0
2026-08-20T14:31:01,1787211062,13.822664,100.511639,12.9,-0.01,-2.1,-2.4,-41.2,318.8,0.02,0.0,0.0,24.47,76,AUTO.LOITER,0,0
2026-08-20T14:31:02,1787211063,13.822664,100.511639,12.9,-0.01,-2.1,-2.4,-41.2,318.8,0.02,0.0,0.0,24.47,76,AUTO.LOITER,0,0
2026-08-20T14:31:03,1787211064,13.822664,100.511639,12.9,-0.01,-2.1,-2.4,-41.2,318.8,0.02,0.0,0.0,24.47,76,AUTO.LOITER,0,0
2026-08-20T14:31:04,1787211065,13.822664,100.511639,12.9,-0.01,-2.1,-2.4,-41.2,318.8,0.02,0.0,0.0,24.47,76,AUTO.LOITER,0,0
2026-08-20T14:31:05,1787211066,13.822664,100.511639,12.9,-0.01,-2.1,-2.4,-41.6,318.4,0.02,0.0,0.0,24.47,76,AUTO.LOITER,0,0
2026-08-20T14:31:06,1787211067,13.822664,100.511639,12.9,-0.01,-2.1,-2.4,-41.6,318.4,0.02,0.0,0.0,24.47,76,AUTO.LOITER,0,0
2026-08-20T14:31:07,1787211068,13.822666,100.511644,11.9,-0.01,-2.1,-2.4,-41.6,318.4,0.02,0.01,0.0,24.47,76,AUTO.LOITER,0,0
2026-08-20T14:31:08,1787211069,13.822666,100.511644,11.9,-0.01,-2.1,-2.4,-41.6,318.4,0.02,0.01,0.0,24.47,76,AUTO.LOITER,0,0
2026-08-20T14:31:09,1787211070,13.822666,100.511644,11.9,-0.01,-2.1,-2.4,-41.6,318.4,0.02,0.01,0.0,24.47,76,AUTO.LOITER,0,0
2026-08-20T14:31:10,1787211071,13.822666,100.511644,11.9,-0.01,-2.2,-2.4,-41.6,318.4,0.02,0.01,0.0,24.47,76,AUTO.LOITER,0,0
2026-08-20T14:31:11,1787211072,13.822666,100.511644,11.9,-0.01,-2.2,-2.4,-41.6,318.4,0.02,0.01,0.0,24.47,76,AUTO.LOITER,0,0
2026-08-20T14:31:12,1787211073,13.822666,100.511649,11.0,-0.01,-2.2,-2.4,-41.6,318.4,0.02,0.01,0.0,24.47,76,AUTO.LOITER,0,0
2026-08-20T14:31:13,1787211074,13.822666,100.511649,11.0,-0.01,-2.2,-2.4,-41.6,318.4,0.02,0.01,0.0,24.47,76,AUTO.LOITER,0,0
2026-08-20T14:31:14,1787211075,13.822666,100.511649,11.0,-0.01,-2.2,-2.4,-41.6,318.4,0.02,0.01,0.0,24.47,76,AUTO.LOITER,0,0
2026-08-20T14:31:15,1787211076,13.822666,100.511649,11.0,-0.01,-2.2,-2.4,-41.6,318.4,0.02,0.01,0.0,24.47,76,AUTO.LOITER,0,0
2026-08-20T14:31:16,1787211077,13.822665,100.51165,10.8,0.0,-2.2,-2.4,-41.6,318.4,-0.02,-0.04,0.0,24.47,76,AUTO.LOITER,0,0
2026-08-20T14:31:17,1787211078,13.822665,100.51165,10.8,0.0,-2.2,-2.4,-41.5,318.5,-0.02,-0.04,0.0,24.47,76,AUTO.LOITER,0,0
2026-08-20T14:31:18,1787211079,13.822665,100.51165,10.8,0.0,-2.2,-2.4,-41.5,318.5,-0.02,-0.04,0.0,24.47,76,AUTO.LOITER,0,0
2026-08-20T14:31:19,1787211080,13.822665,100.51165,10.8,0.0,-2.2,-2.4,-41.5,318.5,-0.02,-0.04,0.0,24.47,76,AUTO.LOITER,0,0
2026-08-20T14:31:20,1787211081,13.822665,100.51165,10.4,0.0,-2.2,-2.4,-41.5,318.5,0.0,-0.01,0.0,24.47,76,AUTO.LOITER,0,0
2026-08-20T14:31:21,1787211082,13.822665,100.51165,10.4,0.0,-2.2,-2.4,-41.4,318.6,0.0,-0.01,0.0,24.47,76,AUTO.LOITER,0,0
2026-08-20T14:31:22,1787211083,13.822665,100.51165,10.4,0.0,-2.2,-2.4,-41.4,318.6,0.0,-0.01,0.0,24.47,76,AUTO.LOITER,0,0
2026-08-20T14:31:23,1787211084,13.822665,100.51165,10.4,0.0,-2.2,-2.4,-41.4,318.6,0.0,-0.01,0.0,24.47,76,AUTO.LOITER,0,0
2026-08-20T14:31:24,1787211085,13.822664,100.511649,10.5,-0.0,-2.2,-2.4,-41.4,318.6,-0.01,-0.05,0.0,24.47,76,AUTO.LOITER,0,0
2026-08-20T14:31:25,1787211086,13.822664,100.511649,10.5,-0.0,-2.2,-2.4,-41.4,318.6,-0.01,-0.05,0.0,24.47,76,AUTO.LOITER,0,0
2026-08-20T14:31:26,1787211087,13.822664,100.511649,10.5,-0.0,-2.1,-2.3,-41.2,318.8,-0.01,-0.05,0.0,24.47,76,AUTO.LOITER,0,0
2026-08-20T14:31:27,1787211088,13.822664,100.511649,10.5,-0.0,-2.1,-2.3,-41.2,318.8,-0.01,-0.05,0.0,24.47,76,AUTO.LOITER,0,0
2026-08-20T14:31:28,1787211089,13.822673,100.511655,36.6,0.0,-2.2,-2.3,-41.1,318.9,0.09,0.08,0.0,24.47,76,AUTO.LOITER,0,0
2026-08-20T14:31:29,1787211090,13.822695,100.511669,18.6,0.0,-2.2,-2.3,-41.1,318.9,0.09,0.08,0.0,24.47,76,AUTO.LOITER,0,0
2026-08-20T14:31:30,1787211091,13.822695,100.511669,18.6,0.0,-2.2,-2.3,-41.0,319.0,0.09,0.08,0.0,24.47,76,AUTO.LOITER,0,0
2026-08-20T14:31:31,1787211092,13.822695,100.511669,18.6,0.0,-2.2,-2.3,-41.0,319.0,0.09,0.08,0.0,24.47,76,AUTO.LOITER,0,0
2026-08-20T14:31:32,1787211093,13.822695,100.511669,18.6,0.0,-2.4,-2.3,-40.9,319.1,0.09,0.08,0.0,24.47,76,AUTO.LOITER,0,0
2026-08-20T14:31:33,1787211094,13.822695,100.511669,18.6,0.0,-2.4,-2.3,-40.9,319.1,0.09,0.08,0.0,24.47,76,AUTO.LOITER,0,0
2026-08-20T14:31:34,1787211095,13.822695,100.511669,18.6,0.0,-2.4,-2.3,-40.9,319.1,0.09,0.08,0.0,24.47,76,AUTO.LOITER,0,0
2026-08-20T14:31:35,1787211096,13.822695,100.511669,18.6,0.0,-2.6,-2.2,-40.9,319.1,0.09,0.08,0.0,24.47,76,AUTO.LOITER,0,0
2026-08-20T14:31:36,1787211097,13.822695,100.511669,18.6,0.0,-2.6,-2.2,-40.9,319.1,0.09,0.08,0.0,24.47,76,AUTO.LOITER,0,0
2026-08-20T14:31:37,1787211098,13.822695,100.511669,18.6,0.0,-2.6,-2.2,-40.9,319.1,0.09,0.08,0.0,24.47,76,AUTO.LOITER,0,0
2026-08-20T14:31:38,1787211099,13.822695,100.511669,18.6,0.0,-2.7,-2.2,-40.8,319.2,0.09,0.08,0.0,24.47,76,AUTO.LOITER,0,0
2026-08-20T14:31:39,1787211100,13.822753,100.511704,32.3,0.0,-2.7,-2.2,-40.8,319.2,0.12,0.06,0.0,24.47,76,AUTO.LOITER,0,0
2026-08-20T14:31:40,1787211101,13.822753,100.511704,32.3,0.0,-2.7,-2.2,-40.8,319.2,0.12,0.06,0.0,24.47,76,AUTO.LOITER,0,0
2026-08-20T14:31:41,1787211102,13.822753,100.511704,32.3,0.0,-2.7,-2.2,-40.8,319.2,0.12,0.06,0.0,24.47,76,AUTO.LOITER,0,0
2026-08-20T14:31:42,1787211103,13.822753,100.511704,32.3,0.0,-2.7,-2.2,-40.7,319.3,0.12,0.06,0.0,24.47,76,AUTO.LOITER,0,0
2026-08-20T14:31:43,1787211104,13.822742,100.511696,30.0,-0.01,-2.7,-2.2,-40.7,319.3,-0.1,-0.07,0.0,24.46,76,AUTO.LOITER,0,0
2026-08-20T14:31:44,1787211105,13.822742,100.511696,30.0,-0.01,-2.7,-2.2,-40.7,319.3,-0.1,-0.07,0.0,24.46,76,AUTO.LOITER,0,0
2026-08-20T14:31:45,1787211106,13.822742,100.511696,30.0,-0.01,-2.7,-2.2,-40.7,319.3,-0.1,-0.07,0.0,24.46,76,AUTO.LOITER,0,0
2026-08-20T14:31:46,1787211107,13.822742,100.511696,30.0,-0.01,-2.7,-2.2,-40.7,319.3,-0.1,-0.07,0.0,24.46,76,AUTO.LOITER,0,0
2026-08-20T14:31:47,1787211108,13.822734,100.511689,27.4,-0.06,-2.4,-2.2,-40.6,319.4,-0.1,-0.09,0.0,24.46,76,AUTO.LOITER,0,0
2026-08-20T14:31:48,1787211109,13.822734,100.511689,27.4,-0.06,-2.4,-2.2,-40.6,319.4,-0.1,-0.09,0.0,24.46,76,AUTO.LOITER,0,0
2026-08-20T14:31:49,1787211110,13.822734,100.511689,27.4,-0.06,-2.4,-2.2,-40.6,319.4,-0.1,-0.09,0.0,24.46,76,AUTO.LOITER,0,0
2026-08-20T14:31:50,1787211111,13.822734,100.511689,27.4,-0.06,-2.4,-2.2,-40.6,319.4,-0.1,-0.09,0.0,24.46,76,AUTO.LOITER,0,0
2026-08-20T14:31:51,1787211112,13.822726,100.511682,25.3,-0.04,-2.4,-2.2,-40.6,319.4,-0.06,-0.06,0.0,24.46,76,AUTO.LOITER,0,0
2026-08-20T14:31:52,1787211113,13.822726,100.511682,25.3,-0.04,-2.4,-2.2,-40.6,319.4,-0.06,-0.06,0.0,24.46,76,AUTO.LOITER,0,0
2026-08-20T14:31:53,1787211114,13.822726,100.511682,25.3,-0.04,-2.0,-2.3,-40.5,319.5,-0.06,-0.06,0.0,24.46,76,AUTO.LOITER,0,0
2026-08-20T14:31:54,1787211115,13.822722,100.511679,24.0,-0.04,-2.0,-2.3,-40.5,319.5,-0.05,-0.06,0.0,24.46,76,AUTO.LOITER,0,0
2026-08-20T14:31:55,1787211116,13.822722,100.511679,24.0,-0.04,-2.0,-2.3,-40.5,319.5,-0.05,-0.06,0.0,24.46,76,AUTO.LOITER,0,0
2026-08-20T14:31:56,1787211117,13.822722,100.511679,24.0,-0.04,-1.9,-2.3,-40.4,319.6,-0.05,-0.06,0.0,24.46,76,AUTO.LOITER,0,0
2026-08-20T14:31:57,1787211118,13.822722,100.511679,24.0,-0.04,-1.9,-2.3,-40.4,319.6,-0.05,-0.06,0.0,24.46,76,AUTO.LOITER,0,0
2026-08-20T14:31:58,1787211119,13.822722,100.511678,31.0,-0.03,-1.9,-2.3,-40.4,319.6,-0.02,-0.03,0.0,24.46,76,AUTO.LOITER,0,0
2026-08-20T14:31:59,1787211120,13.822722,100.511678,31.0,-0.03,-1.9,-2.3,-40.4,319.6,-0.02,-0.03,0.0,24.46,76,AUTO.LOITER,0,0
2026-08-20T14:32:00,1787211121,13.822722,100.511678,31.0,-0.03,-1.9,-2.3,-40.4,319.6,-0.02,-0.03,0.0,24.46,76,AUTO.LOITER,0,0
2026-08-20T14:32:01,1787211122,13.822717,100.511674,21.8,-0.05,-1.9,-2.3,-40.4,319.6,0.01,0.02,0.0,24.46,76,AUTO.LOITER,0,0
2026-08-20T14:32:02,1787211123,13.822717,100.511674,21.8,-0.05,-1.9,-2.3,-40.4,319.6,0.01,0.02,0.0,24.46,76,AUTO.LOITER,0,0
2026-08-20T14:32:03,1787211124,13.822717,100.511674,21.8,-0.05,-2.0,-2.3,-40.4,319.6,0.01,0.02,0.0,24.46,76,AUTO.LOITER,0,0
2026-08-20T14:32:04,1787211125,13.822717,100.511674,21.8,-0.05,-2.0,-2.3,-40.4,319.6,0.01,0.02,0.0,24.46,76,AUTO.LOITER,0,0
2026-08-20T14:32:05,1787211126,13.822717,100.511674,21.8,-0.05,-2.0,-2.3,-40.4,319.6,0.01,0.02,0.0,24.46,76,AUTO.LOITER,0,0
2026-08-20T14:32:06,1787211127,13.822711,100.511671,20.3,-0.03,-2.1,-2.3,-40.3,319.7,-0.03,0.0,0.0,24.46,76,AUTO.LOITER,0,0
2026-08-20T14:32:07,1787211128,13.822711,100.511671,20.3,-0.03,-2.1,-2.3,-40.3,319.7,-0.03,0.0,0.0,24.46,76,AUTO.LOITER,0,0
2026-08-20T14:32:08,1787211129,13.822711,100.511671,20.3,-0.03,-2.1,-2.3,-40.3,319.7,-0.03,0.0,0.0,24.46,76,AUTO.LOITER,0,0
2026-08-20T14:32:09,1787211130,13.822706,100.511669,19.7,-0.05,-2.1,-2.3,-40.3,319.7,-0.05,-0.01,0.0,24.46,76,AUTO.LOITER,0,0
2026-08-20T14:32:10,1787211131,13.822706,100.511669,19.7,-0.05,-2.1,-2.3,-40.3,319.7,-0.05,-0.01,0.0,24.46,76,AUTO.LOITER,0,0
2026-08-20T14:32:11,1787211132,13.822706,100.511669,19.7,-0.05,-2.1,-2.3,-40.3,319.7,-0.05,-0.01,0.0,24.46,76,AUTO.LOITER,0,0
2026-08-20T14:32:12,1787211133,13.822706,100.511669,19.7,-0.05,-2.1,-2.3,-40.3,319.7,-0.05,-0.01,0.0,24.46,76,AUTO.LOITER,0,0
2026-08-20T14:32:13,1787211134,13.822702,100.511667,18.8,-0.01,-2.1,-2.3,-40.3,319.7,-0.04,-0.01,0.0,24.46,76,AUTO.LOITER,0,0
2026-08-20T14:32:14,1787211135,13.822702,100.511667,18.8,-0.01,-2.1,-2.3,-40.3,319.7,-0.04,-0.01,0.0,24.46,76,AUTO.LOITER,0,0
2026-08-20T14:32:15,1787211136,13.822702,100.511667,18.8,-0.01,-2.1,-2.3,-40.3,319.7,-0.04,-0.01,0.0,24.46,76,AUTO.LOITER,0,0
2026-08-20T14:32:16,1787211137,13.822702,100.511667,18.8,-0.01,-2.1,-2.3,-40.3,319.7,-0.04,-0.01,0.0,24.46,76,AUTO.LOITER,0,0
2026-08-20T14:32:17,1787211138,13.822702,100.511667,18.8,-0.01,-2.1,-2.3,-40.3,319.7,-0.04,-0.01,0.0,24.46,76,AUTO.LOITER,0,0
2026-08-20T14:32:18,1787211139,13.822701,100.511665,30.9,-0.0,-2.1,-2.3,-40.3,319.7,0.0,-0.03,0.0,24.46,76,AUTO.LOITER,0,0
2026-08-20T14:32:19,1787211140,13.822701,100.511665,30.9,-0.0,-2.1,-2.3,-40.3,319.7,0.0,-0.03,0.0,24.46,76,AUTO.LOITER,0,0
2026-08-20T14:32:20,1787211141,13.822701,100.511665,30.9,-0.0,-2.1,-2.3,-40.3,319.7,0.0,-0.03,0.0,24.46,76,AUTO.LOITER,0,0
2026-08-20T14:32:21,1787211142,13.822698,100.511661,18.7,-0.01,-2.1,-2.3,-40.3,319.7,-0.02,-0.04,0.0,24.46,76,AUTO.LOITER,0,0
2026-08-20T14:32:22,1787211143,13.822698,100.511661,18.7,-0.01,-2.1,-2.3,-40.3,319.7,-0.02,-0.04,0.0,24.46,76,AUTO.LOITER,0,0
2026-08-20T14:32:23,1787211144,13.822698,100.511661,18.7,-0.01,-2.1,-2.3,-40.3,319.7,-0.02,-0.04,0.0,24.46,76,AUTO.LOITER,0,0
2026-08-20T14:32:24,1787211145,13.822697,100.51166,30.9,-0.01,-2.1,-2.3,-40.3,319.7,-0.03,-0.03,0.0,24.46,76,AUTO.LOITER,0,0
2026-08-20T14:32:25,1787211146,13.822693,100.511658,17.8,-0.01,-2.1,-2.3,-40.3,319.7,-0.03,-0.03,0.0,24.46,76,AUTO.LOITER,0,0
2026-08-20T14:32:26,1787211147,13.822693,100.511658,17.8,-0.01,-2.1,-2.3,-40.3,319.7,-0.03,-0.03,0.0,24.46,76,AUTO.LOITER,0,0
2026-08-20T14:32:27,1787211148,13.822693,100.511658,17.8,-0.01,-2.1,-2.3,-40.3,319.7,-0.03,-0.03,0.0,24.46,76,AUTO.LOITER,0,0
2026-08-20T14:32:28,1787211149,13.822689,100.511658,17.0,-0.01,-2.1,-2.3,-40.3,319.7,-0.03,0.01,0.0,24.46,76,AUTO.LOITER,0,0
2026-08-20T14:32:29,1787211150,13.822689,100.511658,17.0,-0.01,-2.1,-2.3,-40.3,319.7,-0.03,0.01,0.0,24.46,76,AUTO.LOITER,0,0
2026-08-20T14:32:30,1787211151,13.822689,100.511658,17.0,-0.01,-2.1,-2.3,-40.3,319.7,-0.03,0.01,0.0,24.46,76,AUTO.LOITER,0,0
2026-08-20T14:32:31,1787211152,13.822685,100.511657,16.7,-0.02,-2.1,-2.3,-40.3,319.7,-0.04,0.0,0.0,24.46,76,AUTO.LOITER,0,0
2026-08-20T14:32:32,1787211153,13.822685,100.511657,16.7,-0.02,-2.1,-2.3,-40.2,319.8,-0.04,0.0,0.0,24.46,76,AUTO.LOITER,0,0
2026-08-20T14:32:33,1787211154,13.822685,100.511657,16.7,-0.02,-2.1,-2.3,-40.2,319.8,-0.04,0.0,0.0,24.46,76,AUTO.LOITER,0,0
2026-08-20T14:32:34,1787211155,13.822685,100.511657,16.7,-0.02,-2.1,-2.3,-40.2,319.8,-0.04,0.0,0.0,24.46,76,AUTO.LOITER,0,0
2026-08-20T14:32:35,1787211156,13.822681,100.511656,16.0,-0.01,-2.1,-2.3,-40.2,319.8,-0.03,-0.01,0.0,24.46,76,AUTO.LOITER,0,0
2026-08-20T14:32:36,1787211157,13.822681,100.511656,16.0,-0.01,-2.1,-2.3,-40.3,319.7,-0.03,-0.01,0.0,24.46,76,AUTO.LOITER,0,0
2026-08-20T14:32:37,1787211158,13.822681,100.511656,16.0,-0.01,-2.1,-2.3,-40.3,319.7,-0.03,-0.01,0.0,24.46,76,AUTO.LOITER,0,0
2026-08-20T14:32:38,1787211159,13.822681,100.511656,16.0,-0.01,-2.1,-2.3,-40.3,319.7,-0.03,-0.01,0.0,24.46,76,AUTO.LOITER,0,0
2026-08-20T14:32:39,1787211160,13.822681,100.511656,30.8,-0.01,-2.1,-2.3,-40.3,319.7,0.0,0.01,0.0,24.46,76,AUTO.LOITER,0,0
2026-08-20T14:32:40,1787211161,13.822679,100.511657,15.5,-0.01,-2.1,-2.3,-40.3,319.7,0.0,0.01,0.0,24.46,76,AUTO.LOITER,0,0
2026-08-20T14:32:41,1787211162,13.822679,100.511657,15.5,-0.01,-2.1,-2.3,-40.3,319.7,0.0,0.01,0.0,24.46,76,AUTO.LOITER,0,0
2026-08-20T14:32:42,1787211163,13.822679,100.511657,15.5,-0.01,-2.1,-2.3,-40.3,319.7,0.0,0.01,0.0,24.46,76,AUTO.LOITER,0,0
2026-08-20T14:32:43,1787211164,13.82268,100.511662,15.6,-0.01,-2.1,-2.3,-40.3,319.7,0.0,0.01,0.0,24.46,76,AUTO.LOITER,0,0
2026-08-20T14:32:44,1787211165,13.82268,100.511658,30.8,-0.02,-2.1,-2.3,-40.3,319.7,0.0,0.03,0.0,24.46,76,AUTO.LOITER,0,0
2026-08-20T14:32:45,1787211166,13.82268,100.511658,30.8,-0.02,-2.1,-2.3,-40.3,319.7,0.0,0.03,0.0,24.46,76,AUTO.LOITER,0,0
2026-08-20T14:32:46,1787211167,13.82268,100.511658,30.8,-0.02,-2.1,-2.3,-40.3,319.7,0.0,0.03,0.0,24.46,76,AUTO.LOITER,0,0
2026-08-20T14:32:47,1787211168,13.82268,100.511658,30.8,-0.02,-2.2,-2.3,-40.3,319.7,0.0,0.03,0.0,24.46,76,AUTO.LOITER,0,0
2026-08-20T14:32:48,1787211169,13.822685,100.51167,15.8,-0.02,-2.2,-2.3,-40.3,319.7,0.0,0.03,0.0,24.46,76,AUTO.LOITER,0,0
2026-08-20T14:32:49,1787211170,13.822685,100.51167,15.8,-0.02,-2.2,-2.3,-40.3,319.7,0.0,0.03,0.0,24.46,76,AUTO.LOITER,0,0
2026-08-20T14:32:50,1787211171,13.822685,100.51167,15.8,-0.02,-2.2,-2.3,-40.3,319.7,0.0,0.03,0.0,24.46,76,AUTO.LOITER,0,0
2026-08-20T14:32:51,1787211172,13.822685,100.51167,15.8,-0.02,-2.2,-2.3,-40.3,319.7,0.0,0.03,0.0,24.46,76,AUTO.LOITER,0,0
2026-08-20T14:32:52,1787211173,13.822688,100.511672,15.8,0.0,-2.3,-2.3,-40.3,319.7,0.02,0.02,0.0,24.46,76,AUTO.LOITER,0,0
2026-08-20T14:32:53,1787211174,13.822688,100.511672,15.8,0.0,-2.3,-2.3,-40.3,319.7,0.02,0.02,0.0,24.46,76,AUTO.LOITER,0,0
2026-08-20T14:32:54,1787211175,13.822688,100.511672,15.8,0.0,-2.3,-2.3,-40.3,319.7,0.02,0.02,0.0,24.46,76,AUTO.LOITER,0,0
2026-08-20T14:32:55,1787211176,13.822688,100.511672,15.8,0.0,-2.3,-2.3,-40.3,319.7,0.02,0.02,0.0,24.46,76,AUTO.LOITER,0,0
2026-08-20T14:32:56,1787211177,13.822688,100.511671,30.8,0.0,-2.3,-2.3,-40.3,319.7,0.0,-0.02,0.0,24.46,76,AUTO.LOITER,0,0
2026-08-20T14:32:57,1787211178,13.822688,100.511671,30.8,0.0,-2.3,-2.3,-40.3,319.7,0.0,-0.02,0.0,24.46,76,AUTO.LOITER,0,0
2026-08-20T14:32:58,1787211179,13.822688,100.511671,30.8,0.0,-2.3,-2.3,-40.3,319.7,0.0,-0.02,0.0,24.46,76,AUTO.LOITER,0,0
2026-08-20T14:32:59,1787211180,13.822688,100.511671,30.8,0.0,-2.3,-2.3,-40.3,319.7,0.0,-0.02,0.0,24.46,76,AUTO.LOITER,0,0
2026-08-20T14:33:00,1787211181,13.822688,100.511671,30.8,0.0,-2.3,-2.3,-40.3,319.7,0.0,-0.02,0.0,24.46,76,AUTO.LOITER,0,0
2026-08-20T14:33:01,1787211182,13.822696,100.511674,16.5,0.0,-2.3,-2.3,-40.3,319.7,0.0,-0.02,0.0,24.46,76,AUTO.LOITER,0,0
2026-08-20T14:33:02,1787211183,13.822696,100.511674,16.5,0.0,-2.3,-2.3,-40.3,319.7,0.0,-0.02,0.0,24.46,76,AUTO.LOITER,0,0
2026-08-20T14:33:03,1787211184,13.822696,100.511674,16.5,0.0,-2.3,-2.3,-40.3,319.7,0.0,-0.02,0.0,24.46,76,AUTO.LOITER,0,0
2026-08-20T14:33:04,1787211185,13.822694,100.511672,30.8,0.01,-2.3,-2.3,-40.3,319.7,0.0,-0.03,0.0,24.46,76,AUTO.LOITER,0,0
2026-08-20T14:33:05,1787211186,13.822696,100.511669,17.6,0.01,-2.3,-2.2,-40.3,319.7,0.0,-0.03,0.0,24.46,76,AUTO.LOITER,0,0
2026-08-20T14:33:06,1787211187,13.822696,100.511669,17.6,0.01,-2.3,-2.2,-40.3,319.7,0.0,-0.03,0.0,24.46,76,AUTO.LOITER,0,0
2026-08-20T14:33:07,1787211188,13.822696,100.511669,17.6,0.01,-2.2,-2.2,-40.3,319.7,0.0,-0.03,0.0,24.46,76,AUTO.LOITER,0,0
2026-08-20T14:33:08,1787211189,13.822696,100.511669,17.6,0.01,-2.2,-2.2,-40.3,319.7,0.0,-0.03,0.0,24.46,76,AUTO.LOITER,0,0
2026-08-20T14:33:09,1787211190,13.822697,100.511666,30.9,0.03,-2.2,-2.2,-40.3,319.7,-0.01,-0.06,0.0,24.46,76,AUTO.LOITER,0,0
2026-08-20T14:33:10,1787211191,13.822697,100.511666,30.9,0.03,-2.2,-2.2,-40.3,319.7,-0.01,-0.06,0.0,24.46,76,AUTO.LOITER,0,0
2026-08-20T14:33:12,1787211192,13.822697,100.511666,30.9,0.03,-2.2,-2.2,-40.3,319.7,-0.01,-0.06,0.0,24.46,76,AUTO.LOITER,0,0
2026-08-20T14:33:16,1787211196,13.822699,100.511655,21.1,0.02,-2.2,-2.2,-40.3,319.7,0.0,-0.04,0.0,24.46,76,AUTO.LOITER,0,0
2026-08-20T14:33:17,1787211197,13.822699,100.511655,21.1,0.02,-2.1,-2.1,-40.3,319.7,0.0,-0.04,0.0,24.46,76,AUTO.LOITER,0,0
2026-08-20T14:33:18,1787211198,13.822699,100.511657,30.9,0.04,-2.1,-2.1,-40.3,319.7,0.0,0.01,0.0,24.46,76,AUTO.LOITER,0,0
2026-08-20T14:33:19,1787211199,13.822699,100.511657,30.9,0.04,-2.1,-2.2,-40.3,319.7,0.0,0.01,0.0,24.46,76,AUTO.LOITER,0,0
2026-08-20T14:33:20,1787211200,13.822699,100.511657,30.9,0.04,-2.1,-2.2,-40.3,319.7,0.0,0.01,0.0,24.46,76,AUTO.LOITER,0,0
2026-08-20T14:33:21,1787211201,13.822699,100.511657,30.9,0.04,-2.1,-2.2,-40.3,319.7,0.0,0.01,0.0,24.46,76,AUTO.LOITER,0,0
2026-08-20T14:33:22,1787211202,13.822699,100.511657,30.9,0.04,-2.1,-2.2,-40.3,319.7,0.0,0.01,0.0,24.46,76,AUTO.LOITER,0,0
2026-08-20T14:33:23,1787211203,13.822699,100.511657,30.9,0.04,-2.1,-2.2,-40.3,319.7,0.0,0.01,0.0,24.46,76,AUTO.LOITER,0,0
2026-08-20T14:33:24,1787211204,13.822699,100.511657,30.9,0.04,-2.1,-2.1,-40.3,319.7,0.0,0.01,0.0,24.46,76,AUTO.LOITER,0,0
2026-08-20T14:33:25,1787211205,13.822691,100.511649,22.8,0.02,-2.1,-2.1,-40.3,319.7,-0.04,0.02,0.0,24.46,76,AUTO.LOITER,0,0
2026-08-20T14:33:26,1787211206,13.822691,100.511649,22.8,0.02,-2.1,-2.1,-40.3,319.7,-0.04,0.02,0.0,24.46,76,AUTO.LOITER,0,0
2026-08-20T14:33:27,1787211207,13.822691,100.511649,22.8,0.02,-2.1,-2.1,-40.3,319.7,-0.04,0.02,0.0,24.46,76,AUTO.LOITER,0,0
2026-08-20T14:33:28,1787211208,13.822691,100.511649,22.8,0.02,-2.1,-2.2,-40.3,319.7,-0.04,0.02,0.0,24.46,76,AUTO.LOITER,0,0
2026-08-20T14:33:29,1787211209,13.822688,100.51165,22.0,-0.0,-2.1,-2.2,-40.3,319.7,-0.02,0.03,0.0,24.46,76,AUTO.LOITER,0,0
2026-08-20T14:33:30,1787211210,13.822688,100.51165,22.0,-0.0,-2.1,-2.2,-40.3,319.7,-0.02,0.03,0.0,24.46,76,AUTO.LOITER,0,0
2026-08-20T14:33:31,1787211211,13.822688,100.51165,22.0,-0.0,-2.1,-2.2,-40.3,319.7,-0.02,0.03,0.0,24.46,76,AUTO.LOITER,0,0
2026-08-20T14:33:32,1787211212,13.822688,100.51165,22.0,-0.0,-2.1,-2.2,-40.3,319.7,-0.02,0.03,0.0,24.46,76,AUTO.LOITER,0,0
2026-08-20T14:33:33,1787211213,13.822689,100.511651,30.9,-0.01,-2.1,-2.3,-40.3,319.7,0.0,0.03,0.0,24.46,76,AUTO.LOITER,0,0
2026-08-20T14:33:34,1787211214,13.822689,100.511651,30.9,-0.01,-2.1,-2.3,-40.3,319.7,0.0,0.03,0.0,24.46,76,AUTO.LOITER,0,0
2026-08-20T14:33:35,1787211215,13.822689,100.511651,30.9,-0.01,-2.1,-2.3,-40.3,319.7,0.0,0.03,0.0,24.46,76,AUTO.LOITER,0,0
2026-08-20T14:33:36,1787211216,13.822689,100.511651,30.9,-0.01,-2.1,-2.3,-40.3,319.7,0.0,0.03,0.0,24.46,76,AUTO.LOITER,0,0
2026-08-20T14:33:37,1787211217,13.822689,100.511651,30.9,-0.01,-2.1,-2.3,-40.3,319.7,0.0,0.03,0.0,24.46,76,AUTO.LOITER,0,0
2026-08-20T14:33:38,1787211218,13.822686,100.511651,30.9,-0.02,-2.1,-2.3,-40.3,319.7,-0.01,0.0,0.0,24.46,76,AUTO.LOITER,0,0
2026-08-20T14:33:39,1787211219,13.822686,100.511651,30.9,-0.02,-2.1,-2.3,-40.3,319.7,-0.01,0.0,0.0,24.46,76,AUTO.LOITER,0,0
2026-08-20T14:33:40,1787211220,13.822686,100.511651,30.9,-0.02,-2.1,-2.3,-40.3,319.7,-0.01,0.0,0.0,24.46,76,AUTO.LOITER,0,0
2026-08-20T14:33:41,1787211221,13.822683,100.511652,19.7,-0.02,-2.3,-2.2,-40.4,319.6,-0.01,0.0,0.0,24.46,76,AUTO.LOITER,0,0
2026-08-20T14:33:42,1787211222,13.822683,100.511652,19.7,-0.02,-2.3,-2.2,-40.4,319.6,-0.01,0.0,0.0,24.46,76,AUTO.LOITER,0,0
2026-08-20T14:33:43,1787211223,13.822683,100.511652,19.7,-0.02,-2.3,-2.2,-40.4,319.6,-0.01,0.0,0.0,24.46,76,AUTO.LOITER,0,0
2026-08-20T14:33:44,1787211224,13.822683,100.511652,19.7,-0.02,-2.3,-2.2,-40.4,319.6,-0.01,0.0,0.0,24.46,76,AUTO.LOITER,0,0
2026-08-20T14:34:12,1787211252,13.822683,100.511652,19.7,-0.02,-2.3,-2.2,-33.9,326.1,-0.01,0.0,0.0,24.47,77,POSCTL,0,0
2026-08-20T14:34:13,1787211253,13.822683,100.511652,19.7,-0.02,-2.3,-2.2,-33.9,326.1,-0.01,0.0,0.0,24.47,77,POSCTL,0,0
2026-08-20T14:34:14,1787211254,13.822683,100.511652,19.7,-0.02,-2.4,-2.2,-33.9,326.1,-0.01,0.0,0.0,24.47,77,POSCTL,0,0
2026-08-20T14:34:15,1787211255,13.822683,100.511652,19.7,-0.02,-2.4,-2.2,-34.0,326.0,-0.01,0.0,0.0,24.47,77,POSCTL,0,0
2026-08-20T14:34:16,1787211256,13.822683,100.511652,19.7,-0.02,-2.4,-2.2,-34.0,326.0,-0.01,0.0,0.0,24.47,77,POSCTL,0,0
2026-08-20T14:34:17,1787211257,13.822683,100.511652,19.7,-0.02,-2.4,-2.2,-34.0,326.0,-0.01,0.0,0.0,24.47,77,POSCTL,0,0
2026-08-20T14:34:18,1787211258,13.822683,100.511652,19.7,-0.02,-2.4,-2.2,-34.0,326.0,-0.01,0.0,0.0,24.47,76,POSCTL,0,0
2026-08-20T14:34:19,1787211259,13.822683,100.511652,19.7,-0.02,-2.4,-2.2,-34.0,326.0,-0.01,0.0,0.0,24.47,76,POSCTL,0,0
2026-08-20T14:34:20,1787211260,13.822683,100.511652,19.7,-0.02,-2.4,-2.2,-34.0,326.0,-0.01,0.0,0.0,24.47,76,POSCTL,0,0
2026-08-20T14:34:21,1787211261,13.822683,100.511652,19.7,-0.02,-2.4,-2.2,-34.0,326.0,-0.01,0.0,0.0,24.47,76,POSCTL,0,0
2026-08-20T14:34:22,1787211262,13.822683,100.511652,19.7,-0.02,-2.4,-2.2,-34.0,326.0,-0.01,0.0,0.0,24.47,76,POSCTL,0,0
2026-08-20T14:34:23,1787211263,13.822683,100.511652,19.7,-0.02,-2.4,-2.2,-34.0,326.0,-0.01,0.0,0.0,24.47,76,POSCTL,0,0
2026-08-20T14:34:24,1787211264,13.822683,100.511616,14.2,-0.02,-2.4,-2.2,-34.0,326.0,-0.01,0.0,0.0,24.47,76,POSCTL,0,0
2026-08-20T14:34:25,1787211265,13.822683,100.511616,14.2,-0.02,-2.4,-2.2,-34.0,326.0,-0.01,0.0,0.0,24.47,76,POSCTL,0,0
2026-08-20T14:34:26,1787211266,13.822685,100.511613,15.2,-0.02,-2.4,-2.2,-34.0,326.0,-0.01,0.0,0.0,24.47,76,POSCTL,0,0
2026-08-20T14:34:27,1787211267,13.822685,100.511613,15.3,-0.02,-2.4,-2.2,-34.0,326.0,-0.01,0.0,0.0,24.47,76,POSCTL,0,0
2026-08-20T14:34:28,1787211268,13.822685,100.511615,15.4,-0.02,-2.4,-2.2,-34.1,325.9,-0.01,0.0,0.0,24.47,76,POSCTL,0,0
2026-08-20T14:34:29,1787211269,13.822685,100.511615,15.5,-0.02,-2.4,-2.2,-34.2,325.8,-0.01,0.0,0.0,24.47,76,POSCTL,0,0
2026-08-20T14:34:30,1787211270,13.822685,100.511615,15.5,-0.02,-2.4,-2.2,-34.2,325.8,-0.01,0.0,0.0,24.47,76,POSCTL,0,0
2026-08-20T14:34:31,1787211271,13.822686,100.511616,15.3,0.0,-2.4,-2.2,-34.3,325.7,0.0,0.0,0.0,24.47,76,POSCTL,0,0
2026-08-20T14:34:32,1787211272,13.822686,100.511616,15.3,0.0,-2.4,-2.2,-34.6,325.4,0.0,0.0,0.0,24.47,76,POSCTL,0,0
2026-08-20T14:34:33,1787211273,13.822686,100.511616,15.3,0.0,-2.4,-2.2,-34.6,325.4,0.0,0.0,0.0,24.47,76,POSCTL,0,0
2026-08-20T14:34:34,1787211274,13.822686,100.511618,15.2,-0.0,-2.4,-2.2,-34.7,325.3,0.0,0.0,0.0,24.47,76,POSCTL,0,0
2026-08-20T14:34:35,1787211275,13.822686,100.511618,15.2,-0.0,-2.4,-2.2,-34.7,325.3,0.0,0.0,0.0,24.47,76,POSCTL,0,0
2026-08-20T14:34:36,1787211276,13.822686,100.511618,15.2,-0.0,-2.4,-2.2,-34.7,325.3,0.0,0.0,0.0,24.47,76,POSCTL,0,0
2026-08-20T14:34:37,1787211277,13.822686,100.511618,15.2,-0.0,-2.4,-2.2,-34.7,325.3,0.0,0.0,0.0,24.46,76,POSCTL,0,0
2026-08-20T14:34:38,1787211278,13.822686,100.511618,15.2,-0.0,-2.4,-2.2,-34.7,325.3,0.0,0.0,0.0,24.46,76,POSCTL,0,0
2026-08-20T14:34:39,1787211279,13.822687,100.51162,14.7,-0.02,-2.4,-2.2,-34.7,325.3,0.0,0.0,0.0,24.46,76,POSCTL,0,0
2026-08-20T14:34:40,1787211280,13.822687,100.51162,14.7,-0.02,-2.4,-2.2,-34.7,325.3,0.0,0.0,0.0,24.46,76,POSCTL,0,0
2026-08-20T14:34:41,1787211281,13.822687,100.51162,14.7,-0.02,-2.4,-2.2,-34.7,325.3,0.0,0.0,0.0,24.46,76,POSCTL,0,0
2026-08-20T14:34:42,1787211282,13.822687,100.511619,14.4,-0.02,-2.4,-2.2,-34.7,325.3,0.0,0.0,0.0,24.46,76,POSCTL,0,0
2026-08-20T14:34:43,1787211283,13.822687,100.511619,14.4,-0.02,-2.4,-2.2,-34.7,325.3,0.0,0.0,0.0,24.46,76,POSCTL,0,0
2026-08-20T14:34:44,1787211284,13.822687,100.511619,14.4,-0.02,-2.4,-2.2,-34.6,325.4,0.0,0.0,0.0,24.46,76,POSCTL,0,0
2026-08-20T14:34:45,1787211285,13.822686,100.511619,14.0,-0.07,-2.4,-2.2,-34.6,325.4,0.0,-0.01,0.0,24.46,76,POSCTL,0,0
2026-08-20T14:34:46,1787211286,13.822686,100.511619,14.0,-0.07,-2.4,-2.2,-34.6,325.4,0.0,-0.01,0.0,24.46,76,POSCTL,0,0
2026-08-20T14:34:47,1787211287,13.822686,100.511619,14.0,-0.07,-2.4,-2.2,-34.6,325.4,0.0,-0.01,0.0,24.46,76,POSCTL,0,0
2026-08-20T14:34:48,1787211288,13.822686,100.511619,14.0,-0.07,-2.4,-2.2,-34.6,325.4,0.0,-0.01,0.0,24.46,76,POSCTL,0,0
2026-08-20T14:34:49,1787211289,13.822686,100.511619,14.0,-0.07,-2.4,-2.2,-34.6,325.4,0.0,-0.01,0.0,24.46,76,POSCTL,0,0
2026-08-20T14:34:50,1787211290,13.822686,100.511619,14.0,-0.07,-2.4,-2.2,-34.6,325.4,0.0,-0.01,0.0,24.46,76,POSCTL,0,0
2026-08-20T14:34:51,1787211291,13.822686,100.51162,13.4,-0.07,-2.4,-2.2,-34.6,325.4,0.0,-0.01,0.0,24.46,76,POSCTL,0,0
2026-08-20T14:34:52,1787211292,13.822686,100.511619,15.2,-0.12,-2.4,-2.2,-34.6,325.4,0.0,0.01,0.0,24.46,76,POSCTL,0,0
2026-08-20T14:34:53,1787211293,13.822686,100.511619,15.2,-0.12,-2.4,-2.2,-34.6,325.4,0.0,0.01,0.0,24.46,76,POSCTL,0,0
2026-08-20T14:34:54,1787211294,13.822686,100.511622,13.1,-0.13,-2.4,-2.2,-34.6,325.4,0.0,0.01,0.0,24.46,76,POSCTL,0,0
2026-08-20T14:34:55,1787211295,13.822686,100.511622,13.1,-0.13,-2.4,-2.2,-34.6,325.4,0.0,0.01,0.0,24.46,76,POSCTL,0,0
2026-08-20T14:34:56,1787211296,13.822686,100.511622,13.1,-0.13,-2.4,-2.2,-34.6,325.4,0.0,0.01,0.0,24.46,76,POSCTL,0,0
2026-08-20T14:34:57,1787211297,13.822686,100.511622,13.1,-0.13,-2.4,-2.2,-34.6,325.4,0.0,0.01,0.0,24.46,76,POSCTL,0,0
2026-08-20T14:34:58,1787211298,13.822686,100.511622,12.8,-0.13,-2.4,-2.2,-34.6,325.4,0.0,0.01,0.0,24.46,76,POSCTL,0,0
2026-08-20T14:34:59,1787211299,13.822686,100.511622,12.8,-0.13,-2.4,-2.2,-34.6,325.4,0.0,0.01,0.0,24.46,76,POSCTL,0,0
2026-08-20T14:35:00,1787211300,13.822686,100.511622,12.8,-0.13,-2.4,-2.2,-34.6,325.4,0.0,0.01,0.0,24.46,76,POSCTL,0,0
2026-08-20T14:35:01,1787211301,13.822686,100.511622,12.8,-0.13,-2.4,-2.2,-34.6,325.4,0.0,0.01,0.0,24.46,76,POSCTL,0,0
2026-08-20T14:35:02,1787211302,13.822686,100.511622,12.8,-0.13,-2.4,-2.2,-34.6,325.4,0.0,0.01,0.0,24.46,76,POSCTL,0,0
2026-08-20T14:35:03,1787211303,13.822686,100.511622,12.8,-0.13,-2.4,-2.2,-34.6,325.4,0.0,0.01,0.0,24.46,76,POSCTL,0,0
2026-08-20T14:35:04,1787211304,13.822685,100.511624,12.4,-0.13,-2.4,-2.2,-34.6,325.4,0.0,0.01,0.0,24.46,76,POSCTL,0,0
2026-08-20T14:35:05,1787211305,13.822686,100.511624,15.1,-0.18,-2.4,-2.2,-34.6,325.4,0.0,0.01,0.0,24.46,76,POSCTL,0,0
2026-08-20T14:35:06,1787211306,13.822686,100.511624,15.1,-0.18,-2.4,-2.2,-34.6,325.4,0.0,0.01,0.0,24.46,76,POSCTL,0,0
2026-08-20T14:35:07,1787211307,13.822686,100.511624,15.1,-0.18,-2.4,-2.2,-34.6,325.4,0.0,0.01,0.0,24.46,76,POSCTL,0,0
2026-08-20T14:35:08,1787211308,13.822686,100.511624,15.1,-0.18,-2.4,-2.2,-34.6,325.4,0.0,0.01,0.0,24.46,76,POSCTL,0,0
2026-08-20T14:35:09,1787211309,13.822686,100.511624,15.1,-0.18,-2.4,-2.2,-34.6,325.4,0.0,0.01,0.0,24.46,76,POSCTL,0,0
2026-08-20T14:35:10,1787211310,13.822686,100.511624,15.1,-0.18,-2.4,-2.2,-34.6,325.4,0.0,0.01,0.0,24.46,76,POSCTL,0,0
2026-08-20T14:35:11,1787211311,13.822684,100.511623,12.2,-0.18,-2.4,-2.2,-34.6,325.4,0.0,0.01,0.0,24.46,76,POSCTL,0,0
2026-08-20T14:35:12,1787211312,13.822684,100.511623,15.1,-0.2,-2.4,-2.2,-34.6,325.4,0.0,0.0,0.0,24.46,76,POSCTL,0,0
2026-08-20T14:35:13,1787211313,13.822684,100.511623,15.1,-0.2,-2.4,-2.2,-34.6,325.4,0.0,0.0,0.0,24.46,76,POSCTL,0,0
2026-08-20T14:35:14,1787211314,13.822684,100.511621,12.0,-0.2,-2.4,-2.2,-34.6,325.4,0.0,0.0,0.0,24.46,76,POSCTL,0,0
2026-08-20T14:35:15,1787211315,13.822684,100.511622,15.1,-0.2,-2.4,-2.2,-34.6,325.4,0.0,-0.03,0.0,24.46,76,POSCTL,0,0
2026-08-20T14:35:16,1787211316,13.822684,100.511622,15.1,-0.2,-2.4,-2.2,-34.5,325.5,0.0,-0.03,0.0,24.46,76,POSCTL,0,0
2026-08-20T14:35:17,1787211317,13.822684,100.511622,15.1,-0.2,-2.4,-2.2,-34.5,325.5,0.0,-0.03,0.0,24.46,76,POSCTL,0,0
2026-08-20T14:35:18,1787211318,13.822684,100.511622,15.1,-0.2,-2.4,-2.2,-34.5,325.5,0.0,-0.03,0.0,24.46,76,POSCTL,0,0
2026-08-20T14:35:19,1787211319,13.822684,100.511622,15.1,-0.2,-2.4,-2.2,-34.5,325.5,0.0,-0.03,0.0,24.46,76,POSCTL,0,0
2026-08-20T14:35:20,1787211320,13.822684,100.511622,15.1,-0.2,-2.4,-2.2,-34.5,325.5,0.0,-0.03,0.0,24.46,76,POSCTL,0,0
2026-08-20T14:35:21,1787211321,13.822684,100.511622,15.1,-0.2,-2.4,-2.2,-34.5,325.5,0.0,-0.03,0.0,24.46,76,POSCTL,0,0
2026-08-20T14:35:22,1787211322,13.822684,100.511622,15.1,-0.2,-2.3,-2.2,-34.5,325.5,0.0,-0.03,0.0,24.46,76,POSCTL,0,0
2026-08-20T14:35:23,1787211323,13.822684,100.511622,15.1,-0.2,-2.3,-2.2,-34.5,325.5,0.0,-0.03,0.0,24.46,76,POSCTL,0,0
2026-08-20T14:35:24,1787211324,13.822682,100.511618,15.1,-0.21,-2.3,-2.2,-34.5,325.5,-0.01,0.0,0.0,24.46,76,POSCTL,0,0
2026-08-20T14:35:25,1787211325,13.822682,100.511618,15.1,-0.21,-2.3,-2.2,-34.5,325.5,-0.01,0.0,0.0,24.46,76,POSCTL,0,0
2026-08-20T14:35:26,1787211326,13.822681,100.511616,11.6,-0.21,-2.3,-2.2,-34.5,325.5,-0.01,0.0,0.0,24.46,76,POSCTL,0,0
2026-08-20T14:35:27,1787211327,13.822682,100.511617,15.1,-0.22,-2.3,-2.2,-34.5,325.5,0.0,0.0,0.0,24.46,76,POSCTL,0,0
2026-08-20T14:35:28,1787211328,13.822682,100.511617,15.1,-0.22,-2.3,-2.2,-34.5,325.5,0.0,0.0,0.0,24.46,76,POSCTL,0,0
2026-08-20T14:35:29,1787211329,13.822682,100.511617,15.1,-0.22,-2.3,-2.2,-34.5,325.5,0.0,0.0,0.0,24.46,76,POSCTL,0,0
2026-08-20T14:35:30,1787211330,13.822681,100.511615,11.5,-0.22,-2.3,-2.2,-34.5,325.5,0.0,0.0,0.0,24.46,76,POSCTL,0,0
2026-08-20T14:35:31,1787211331,13.822681,100.511615,11.5,-0.22,-2.3,-2.2,-34.5,325.5,0.0,0.0,0.0,24.46,76,POSCTL,0,0
2026-08-20T14:35:32,1787211332,13.822682,100.511616,15.1,-0.23,-2.3,-2.2,-34.5,325.5,0.02,0.0,0.0,24.46,76,POSCTL,0,0
2026-08-20T14:35:33,1787211333,13.822682,100.511615,11.4,-0.23,-2.3,-2.2,-34.5,325.5,0.02,0.0,0.0,24.46,76,POSCTL,0,0
2026-08-20T14:35:34,1787211334,13.822682,100.511615,11.4,-0.23,-2.3,-2.2,-34.5,325.5,0.02,0.0,0.0,24.46,76,POSCTL,0,0
2026-08-20T14:35:35,1787211335,13.822682,100.511615,11.4,-0.23,-2.4,-2.2,-34.5,325.5,0.02,0.0,0.0,24.46,76,POSCTL,0,0
2026-08-20T14:35:36,1787211336,13.822682,100.511616,11.3,-0.23,-2.4,-2.2,-34.5,325.5,0.02,0.0,0.0,24.46,76,POSCTL,0,0
2026-08-20T14:35:37,1787211337,13.822682,100.511616,11.3,-0.23,-2.4,-2.2,-34.5,325.5,0.02,0.0,0.0,24.46,76,POSCTL,0,0
2026-08-20T14:35:38,1787211338,13.822682,100.511616,11.3,-0.23,-2.4,-2.2,-34.5,325.5,0.02,0.0,0.0,24.46,76,POSCTL,0,0
2026-08-20T14:35:39,1787211339,13.822682,100.511616,11.3,-0.23,-2.4,-2.2,-34.5,325.5,0.02,0.0,0.0,24.46,76,POSCTL,0,0
2026-08-20T14:35:40,1787211340,13.822682,100.511616,15.1,-0.23,-2.3,-2.2,-34.5,325.5,0.0,0.01,0.0,24.46,76,POSCTL,0,0
2026-08-20T14:35:41,1787211341,13.822682,100.511616,15.1,-0.23,-2.3,-2.2,-34.5,325.5,0.0,0.01,0.0,24.46,76,POSCTL,0,0
2026-08-20T14:35:42,1787211342,13.822682,100.511616,15.1,-0.23,-2.4,-2.2,-34.5,325.5,0.0,0.01,0.0,24.46,76,POSCTL,0,0
2026-08-20T14:35:43,1787211343,13.822681,100.511616,15.1,-0.24,-2.4,-2.2,-34.5,325.5,0.0,-0.01,0.0,24.46,76,POSCTL,0,0
2026-08-20T14:35:44,1787211344,13.822681,100.511616,15.1,-0.24,-2.4,-2.2,-34.5,325.5,0.0,-0.01,0.0,24.46,76,POSCTL,0,0
2026-08-20T14:35:45,1787211345,13.822681,100.511616,15.1,-0.24,-2.4,-2.2,-34.5,325.5,0.0,-0.01,0.0,24.46,76,POSCTL,0,0
2026-08-20T14:35:46,1787211346,13.822681,100.511616,15.1,-0.24,-2.4,-2.2,-34.5,325.5,0.0,-0.01,0.0,24.46,76,POSCTL,0,0
2026-08-20T14:35:47,1787211347,13.822681,100.511615,15.1,-0.24,-2.4,-2.2,-34.5,325.5,-0.01,0.0,0.0,24.46,76,POSCTL,0,0
2026-08-20T14:35:48,1787211348,13.822681,100.511615,15.1,-0.24,-2.4,-2.2,-34.5,325.5,-0.01,0.0,0.0,24.46,76,POSCTL,0,0
2026-08-20T14:35:49,1787211349,13.822681,100.511615,15.1,-0.24,-2.4,-2.2,-34.5,325.5,-0.01,0.0,0.0,24.46,76,POSCTL,0,0
2026-08-20T14:35:50,1787211350,13.822682,100.511612,10.9,-0.24,-2.4,-2.2,-34.5,325.5,0.01,-0.02,0.0,24.46,76,POSCTL,0,0
2026-08-20T14:35:51,1787211351,13.822682,100.511612,10.9,-0.24,-2.4,-2.2,-34.5,325.5,0.01,-0.02,0.0,24.46,76,POSCTL,0,0
2026-08-20T14:35:52,1787211352,13.822684,100.511612,10.9,-0.24,-2.3,-2.2,-34.5,325.5,0.02,0.0,0.0,24.46,76,POSCTL,0,0
2026-08-20T14:35:53,1787211353,13.822684,100.511612,10.9,-0.24,-2.3,-2.2,-34.5,325.5,0.02,0.0,0.0,24.46,76,POSCTL,0,0
2026-08-20T14:35:54,1787211354,13.822684,100.511612,10.9,-0.24,-2.3,-2.2,-34.5,325.5,0.02,0.0,0.0,24.46,76,POSCTL,0,0
2026-08-20T14:35:55,1787211355,13.822684,100.511612,10.9,-0.24,-2.3,-2.2,-34.5,325.5,0.02,0.0,0.0,24.46,76,POSCTL,0,0
2026-08-20T14:35:56,1787211356,13.822684,100.511612,10.9,-0.24,-2.3,-2.2,-34.5,325.5,0.02,0.0,0.0,24.46,76,POSCTL,0,0
2026-08-20T14:35:57,1787211357,13.822684,100.511612,10.9,-0.24,-2.3,-2.2,-34.5,325.5,0.02,0.0,0.0,24.46,76,POSCTL,0,0
2026-08-20T14:35:58,1787211358,13.822684,100.511612,10.9,-0.24,-2.3,-2.2,-34.5,325.5,0.02,0.0,0.0,24.46,76,POSCTL,0,0
2026-08-20T14:35:59,1787211359,13.822684,100.511612,10.9,-0.24,-2.4,-2.1,-34.4,325.6,0.02,0.0,0.0,24.46,76,POSCTL,0,0
2026-08-20T14:36:00,1787211360,13.822685,100.511612,15.1,-0.24,-2.4,-2.1,-34.4,325.6,0.0,0.0,0.0,24.46,76,POSCTL,0,0
2026-08-20T14:36:01,1787211361,13.822685,100.511612,15.1,-0.24,-2.4,-2.1,-34.4,325.6,0.0,0.0,0.0,24.46,76,POSCTL,0,0
2026-08-20T14:36:02,1787211362,13.822685,100.511612,15.1,-0.24,-2.4,-2.1,-34.4,325.6,0.0,0.0,0.0,24.46,76,POSCTL,0,0
2026-08-20T14:36:03,1787211363,13.822686,100.511612,11.0,-0.24,-2.4,-2.1,-34.4,325.6,0.0,0.0,0.0,24.46,76,POSCTL,0,0
2026-08-20T14:36:04,1787211364,13.822686,100.511612,11.0,-0.24,-2.4,-2.1,-34.4,325.6,0.0,0.0,0.0,24.46,76,POSCTL,0,0
2026-08-20T14:36:07,1787211367,13.822685,100.511612,10.7,-0.24,-2.4,-2.1,-34.4,325.6,-0.01,0.0,0.0,24.46,76,POSCTL,0,0
2026-08-20T14:36:08,1787211368,13.822685,100.511612,10.7,-0.24,-2.4,-2.1,-34.4,325.6,-0.01,0.0,0.0,24.46,76,POSCTL,0,0
2026-08-20T14:36:09,1787211369,13.822685,100.511613,10.6,-0.25,-2.4,-2.2,-34.4,325.6,-0.01,0.0,0.0,24.46,76,POSCTL,0,0
2026-08-20T14:36:10,1787211370,13.822685,100.511613,10.6,-0.25,-2.4,-2.2,-34.4,325.6,-0.01,0.0,0.0,24.46,76,POSCTL,0,0
2026-08-20T14:36:11,1787211371,13.822685,100.511613,10.6,-0.25,-2.4,-2.2,-34.4,325.6,-0.01,0.0,0.0,24.46,76,POSCTL,0,0
2026-08-20T14:36:12,1787211372,13.822685,100.511613,10.6,-0.25,-2.3,-2.2,-34.5,325.5,-0.01,0.0,0.0,24.46,76,POSCTL,0,0
2026-08-20T14:36:13,1787211373,13.822685,100.511613,10.6,-0.25,-2.3,-2.2,-34.5,325.5,-0.01,0.0,0.0,24.46,76,POSCTL,0,0
2026-08-20T14:36:14,1787211374,13.822685,100.511613,10.6,-0.25,-2.3,-2.2,-34.5,325.5,-0.01,0.0,0.0,24.46,76,POSCTL,0,0
2026-08-20T14:36:15,1787211375,13.822685,100.511613,10.6,-0.25,-2.3,-2.2,-34.5,325.5,-0.01,0.0,0.0,24.46,76,POSCTL,0,0
2026-08-20T14:36:16,1787211376,13.822656,100.511643,20.2,0.02,-2.4,-2.4,-34.6,325.4,-0.05,0.06,0.0,24.46,76,POSCTL,0,0
2026-08-20T14:36:17,1787211377,13.822656,100.511643,20.2,0.02,-2.4,-2.4,-34.6,325.4,-0.05,0.06,0.0,24.46,76,POSCTL,0,0
2026-08-20T14:36:18,1787211378,13.822656,100.511643,20.2,0.02,-2.4,-2.4,-34.6,325.4,-0.05,0.06,0.0,24.46,76,POSCTL,0,0
2026-08-20T14:36:19,1787211379,13.822656,100.511643,20.2,0.02,-2.4,-2.5,-34.8,325.2,-0.05,0.06,0.0,24.46,76,POSCTL,0,0
2026-08-20T14:36:20,1787211380,13.822653,100.511649,21.8,0.06,-2.4,-2.5,-34.8,325.2,-0.03,0.06,0.0,24.46,76,POSCTL,0,0
2026-08-20T14:36:21,1787211381,13.822653,100.511649,21.8,0.06,-2.4,-2.5,-34.8,325.2,-0.03,0.06,0.0,24.46,76,POSCTL,0,0
2026-08-20T14:36:22,1787211382,13.822653,100.511649,21.8,0.06,-2.4,-2.5,-34.8,325.2,-0.03,0.06,0.0,24.46,76,POSCTL,0,0
2026-08-20T14:36:23,1787211383,13.822653,100.511649,21.8,0.06,-2.4,-2.5,-34.8,325.2,-0.03,0.06,0.0,24.46,76,POSCTL,0,0
2026-08-20T14:36:24,1787211384,13.822653,100.511649,21.8,0.06,-2.4,-2.5,-34.8,325.2,-0.03,0.06,0.0,24.46,76,POSCTL,0,0
2026-08-20T14:36:25,1787211385,13.822653,100.511649,21.8,0.06,-2.4,-2.5,-34.8,325.2,-0.03,0.06,0.0,24.46,76,POSCTL,0,0
2026-08-20T14:36:26,1787211386,13.822653,100.511649,21.8,0.06,-2.4,-2.5,-34.8,325.2,-0.03,0.06,0.0,24.46,76,POSCTL,0,0
2026-08-20T14:36:27,1787211387,13.822653,100.511649,21.8,0.06,-2.4,-2.5,-34.8,325.2,-0.03,0.06,0.0,24.46,76,POSCTL,0,0
2026-08-20T14:36:28,1787211388,13.822653,100.511649,21.8,0.06,-2.4,-2.5,-34.8,325.2,-0.03,0.06,0.0,24.46,76,POSCTL,0,0
2026-08-20T14:36:29,1787211389,13.822648,100.511652,22.6,0.04,-2.4,-2.5,-34.8,325.2,0.0,-0.02,0.0,24.46,76,POSCTL,0,0
2026-08-20T14:36:30,1787211390,13.822648,100.511652,22.6,0.04,-2.4,-2.3,-34.9,325.1,0.0,-0.02,0.0,24.46,76,POSCTL,0,0
2026-08-20T14:36:31,1787211391,13.822648,100.511652,22.6,0.04,-2.4,-2.3,-34.9,325.1,0.0,-0.02,0.0,24.46,76,POSCTL,0,0
2026-08-20T14:36:32,1787211392,13.822648,100.511652,22.6,0.04,-2.4,-2.2,-35.0,325.0,0.0,-0.02,0.0,24.46,76,POSCTL,0,0
2026-08-20T14:36:33,1787211393,13.82265,100.511649,21.1,0.03,-2.4,-2.2,-35.0,325.0,0.0,-0.03,0.0,24.46,76,POSCTL,0,0
2026-08-20T14:36:34,1787211394,13.82265,100.511649,21.1,0.03,-2.4,-2.2,-35.0,325.0,0.0,-0.03,0.0,24.46,76,POSCTL,0,0
2026-08-20T14:36:35,1787211395,13.82265,100.511649,21.1,0.03,-2.3,-2.2,-35.0,325.0,0.0,-0.03,0.0,24.46,76,POSCTL,0,0
2026-08-20T14:36:36,1787211396,13.82265,100.511649,15.4,0.01,-2.3,-2.2,-35.0,325.0,0.03,-0.02,0.0,24.46,76,POSCTL,0,0
2026-08-20T14:36:37,1787211397,13.822651,100.511647,20.2,0.01,-2.3,-2.2,-35.0,325.0,0.03,-0.02,0.0,24.46,76,POSCTL,0,0
2026-08-20T14:36:38,1787211398,13.822651,100.511647,20.2,0.01,-2.3,-2.2,-35.0,325.0,0.03,-0.02,0.0,24.46,76,POSCTL,0,0
2026-08-20T14:36:39,1787211399,13.822651,100.511647,20.2,0.01,-2.3,-2.2,-35.0,325.0,0.03,-0.02,0.0,24.46,76,POSCTL,0,0
2026-08-20T14:36:40,1787211400,13.822652,100.511644,18.7,-0.01,-2.3,-2.2,-35.0,325.0,0.01,-0.02,0.0,24.46,76,POSCTL,0,0
2026-08-20T14:36:41,1787211401,13.822652,100.511644,18.7,-0.01,-2.3,-2.1,-34.9,325.1,0.01,-0.02,0.0,24.46,76,POSCTL,0,0
2026-08-20T14:36:42,1787211402,13.822652,100.511644,18.7,-0.01,-2.3,-2.1,-34.9,325.1,0.01,-0.02,0.0,24.46,76,POSCTL,0,0
2026-08-20T14:36:43,1787211403,13.822652,100.511644,18.7,-0.01,-2.3,-2.1,-34.9,325.1,0.01,-0.02,0.0,24.46,76,POSCTL,0,0
2026-08-20T14:36:45,1787211405,13.822652,100.511644,18.7,-0.01,-2.3,-2.1,-34.9,325.1,0.01,-0.02,0.0,24.46,76,POSCTL,0,0
2026-08-20T14:36:46,1787211406,13.822651,100.51164,16.3,-0.06,-2.3,-2.1,-34.9,325.1,0.0,0.0,0.0,24.46,76,POSCTL,0,0
2026-08-20T14:36:47,1787211407,13.822651,100.51164,16.3,-0.06,-2.3,-2.1,-34.9,325.1,0.0,0.0,0.0,24.46,76,POSCTL,0,0
2026-08-20T14:36:48,1787211408,13.822651,100.51164,16.3,-0.06,-2.3,-2.1,-34.9,325.1,0.0,0.0,0.0,24.46,76,POSCTL,0,0
2026-08-20T14:36:49,1787211409,13.822651,100.51164,15.3,-0.08,-2.3,-2.1,-34.9,325.1,0.0,0.0,0.0,24.46,76,POSCTL,0,0
2026-08-20T14:36:50,1787211410,13.822652,100.511639,15.2,-0.08,-2.3,-2.1,-34.9,325.1,0.0,0.0,0.0,24.46,76,POSCTL,0,0
2026-08-20T14:36:51,1787211411,13.822652,100.511639,15.2,-0.08,-2.3,-2.1,-34.9,325.1,0.0,0.0,0.0,24.46,76,POSCTL,0,0
2026-08-20T14:36:52,1787211412,13.822652,100.511639,15.2,-0.08,-2.3,-2.1,-34.9,325.1,0.0,0.0,0.0,24.46,76,POSCTL,0,0
2026-08-20T14:36:53,1787211413,13.822652,100.511639,15.3,-0.1,-2.3,-2.1,-34.9,325.1,0.02,0.01,0.0,24.46,76,POSCTL,0,0
2026-08-20T14:36:54,1787211414,13.822652,100.511639,15.3,-0.1,-2.3,-2.1,-34.9,325.1,0.02,0.01,0.0,24.46,76,POSCTL,0,0
2026-08-20T14:36:55,1787211415,13.822652,100.511639,15.3,-0.1,-2.3,-2.1,-34.9,325.1,0.02,0.01,0.0,24.46,76,POSCTL,0,0
2026-08-20T14:36:56,1787211416,13.822652,100.511638,14.1,-0.11,-2.3,-2.1,-34.9,325.1,0.0,0.0,0.0,24.46,76,POSCTL,0,0
2026-08-20T14:36:57,1787211417,13.822652,100.511638,14.1,-0.11,-2.3,-2.1,-34.9,325.1,0.0,0.0,0.0,24.46,76,POSCTL,0,0
2026-08-20T14:36:58,1787211418,13.822651,100.511635,13.6,-0.01,-2.3,-2.2,-35.0,325.0,0.0,-0.01,0.0,24.46,76,POSCTL,0,0
2026-08-20T14:36:59,1787211419,13.822651,100.511635,13.6,-0.01,-2.3,-2.2,-35.0,325.0,0.0,-0.01,0.0,24.46,76,POSCTL,0,0
2026-08-20T14:37:00,1787211420,13.822651,100.511635,13.6,-0.01,-2.3,-2.2,-35.0,325.0,0.0,-0.01,0.0,24.46,76,POSCTL,0,0
2026-08-20T14:37:01,1787211421,13.822651,100.511635,13.6,-0.01,-2.3,-2.2,-34.9,325.1,0.0,-0.01,0.0,24.46,76,POSCTL,0,0
2026-08-20T14:37:02,1787211422,13.822651,100.511635,13.6,-0.01,-2.3,-2.2,-34.9,325.1,0.0,-0.01,0.0,24.46,76,POSCTL,0,0
2026-08-20T14:37:03,1787211423,13.822651,100.511635,13.6,-0.01,-2.3,-2.2,-34.9,325.1,0.0,-0.01,0.0,24.46,76,POSCTL,0,0
2026-08-20T14:37:04,1787211424,13.822651,100.511635,13.6,-0.01,-2.3,-2.2,-35.0,325.0,0.0,-0.01,0.0,24.46,76,POSCTL,0,0
2026-08-20T14:37:05,1787211425,13.822648,100.511633,13.2,-0.02,-2.3,-2.2,-35.0,325.0,0.0,0.0,0.0,24.46,76,POSCTL,0,0
2026-08-20T14:37:06,1787211426,13.822648,100.511633,13.2,-0.02,-2.3,-2.2,-35.0,325.0,0.0,0.0,0.0,24.46,76,POSCTL,0,0
2026-08-20T14:37:07,1787211427,13.822648,100.511633,13.2,-0.02,-2.3,-2.2,-35.0,325.0,0.0,0.0,0.0,24.46,76,POSCTL,0,0
2026-08-20T14:37:08,1787211428,13.822649,100.511633,15.2,-0.03,-2.3,-2.2,-35.0,325.0,0.0,-0.01,0.0,24.46,76,POSCTL,0,0
2026-08-20T14:37:09,1787211429,13.822649,100.511633,15.2,-0.03,-2.3,-2.2,-35.0,325.0,0.0,-0.01,0.0,24.46,76,POSCTL,0,0
2026-08-20T14:37:10,1787211430,13.822649,100.511633,15.2,-0.03,-2.3,-2.2,-35.0,325.0,0.0,-0.01,0.0,24.46,76,POSCTL,0,0
2026-08-20T14:37:11,1787211431,13.82265,100.511633,13.0,-0.03,-2.3,-2.2,-35.0,325.0,0.0,-0.01,0.0,24.46,76,POSCTL,0,0
2026-08-20T14:37:12,1787211432,13.82265,100.511633,13.0,-0.03,-2.3,-2.2,-35.0,325.0,0.0,-0.01,0.0,24.46,76,POSCTL,0,0
2026-08-20T14:37:13,1787211433,13.82265,100.511633,13.0,-0.03,-2.4,-2.2,-35.0,325.0,0.0,-0.01,0.0,24.46,76,POSCTL,0,0
2026-08-20T14:37:14,1787211434,13.822652,100.511632,12.8,-0.03,-2.4,-2.2,-35.0,325.0,0.01,0.0,0.0,24.46,76,POSCTL,0,0
2026-08-20T14:37:15,1787211435,13.822652,100.511632,12.8,-0.03,-2.4,-2.2,-35.0,325.0,0.01,0.0,0.0,24.46,76,POSCTL,0,0
2026-08-20T14:37:16,1787211436,13.822652,100.511632,12.8,-0.03,-2.4,-2.2,-35.0,325.0,0.01,0.0,0.0,24.46,76,POSCTL,0,0
2026-08-20T14:37:17,1787211437,13.822652,100.511632,15.2,-0.03,-2.4,-2.2,-35.0,325.0,0.01,0.0,0.0,24.46,76,POSCTL,0,0
2026-08-20T14:37:18,1787211438,13.822652,100.511632,15.2,-0.03,-2.4,-2.2,-35.0,325.0,0.01,0.0,0.0,24.46,76,POSCTL,0,0
2026-08-20T14:37:19,1787211439,13.822652,100.511632,15.2,-0.03,-2.4,-2.2,-35.0,325.0,0.01,0.0,0.0,24.46,76,POSCTL,0,0
2026-08-20T14:37:20,1787211440,13.822654,100.511632,15.2,-0.04,-2.4,-2.2,-35.0,325.0,0.01,0.0,0.0,24.46,76,POSCTL,0,0
2026-08-20T14:37:21,1787211441,13.822654,100.511632,15.2,-0.04,-2.4,-2.2,-35.0,325.0,0.01,0.0,0.0,24.46,76,POSCTL,0,0
2026-08-20T14:37:22,1787211442,13.822654,100.511632,15.2,-0.04,-2.4,-2.1,-35.0,325.0,0.01,0.0,0.0,24.46,76,POSCTL,0,0
2026-08-20T14:37:23,1787211443,13.822654,100.511632,15.2,-0.04,-2.4,-2.1,-35.0,325.0,0.01,0.0,0.0,24.46,76,POSCTL,0,0
2026-08-20T14:37:24,1787211444,13.822658,100.511632,12.3,-0.04,-2.4,-2.1,-35.0,325.0,0.0,0.0,0.0,24.46,76,POSCTL,0,0
2026-08-20T14:37:25,1787211445,13.822658,100.511632,12.3,-0.04,-2.4,-2.1,-35.0,325.0,0.0,0.0,0.0,24.46,76,POSCTL,0,0
2026-08-20T14:37:26,1787211446,13.822658,100.511632,12.3,-0.04,-2.4,-2.1,-35.0,325.0,0.0,0.0,0.0,24.46,76,POSCTL,0,0
2026-08-20T14:37:27,1787211447,13.822658,100.511632,12.3,-0.04,-2.4,-2.1,-35.0,325.0,0.0,0.0,0.0,24.46,76,POSCTL,0,0
2026-08-20T14:37:28,1787211448,13.822658,100.511632,12.3,-0.04,-2.4,-2.1,-35.0,325.0,0.0,0.0,0.0,24.46,76,POSCTL,0,0
2026-08-20T14:37:29,1787211449,13.822658,100.511632,12.3,-0.04,-2.4,-2.1,-35.0,325.0,0.0,0.0,0.0,24.46,76,POSCTL,0,0
2026-08-20T14:37:30,1787211450,13.822658,100.511632,12.3,-0.04,-2.4,-2.1,-35.0,325.0,0.0,0.0,0.0,24.46,76,POSCTL,0,0
2026-08-20T14:37:31,1787211451,13.822658,100.511632,12.3,-0.04,-2.4,-2.1,-35.0,325.0,0.0,0.0,0.0,24.46,76,POSCTL,0,0
2026-08-20T14:37:32,1787211452,13.822658,100.511632,12.3,-0.04,-2.4,-2.1,-35.0,325.0,0.0,0.0,0.0,24.46,76,POSCTL,0,0
2026-08-20T14:37:33,1787211453,13.82266,100.511632,15.2,0.0,-2.4,-2.1,-35.0,325.0,0.01,0.0,0.0,24.46,76,POSCTL,0,0
2026-08-20T14:37:34,1787211454,13.822661,100.511631,12.6,0.0,-2.4,-2.1,-35.0,325.0,0.01,0.0,0.0,24.46,76,POSCTL,0,0
2026-08-20T14:37:35,1787211455,13.822661,100.511631,12.6,0.0,-2.4,-2.1,-34.9,325.1,0.01,0.0,0.0,24.46,76,POSCTL,0,0
2026-08-20T14:37:36,1787211456,13.822661,100.511631,12.6,0.0,-2.4,-2.1,-34.9,325.1,0.01,0.0,0.0,24.46,76,POSCTL,0,0
2026-08-20T14:37:37,1787211457,13.822662,100.511631,12.9,0.01,-2.4,-2.1,-34.9,325.1,-0.01,0.0,0.0,24.46,76,POSCTL,0,0
2026-08-20T14:37:38,1787211458,13.822662,100.511631,12.9,0.01,-2.4,-2.2,-34.9,325.1,-0.01,0.0,0.0,24.46,76,POSCTL,0,0
2026-08-20T14:37:39,1787211459,13.822662,100.511631,12.9,0.01,-2.4,-2.2,-34.9,325.1,-0.01,0.0,0.0,24.46,76,POSCTL,0,0
2026-08-20T14:37:40,1787211460,13.822662,100.511629,13.1,0.01,-2.4,-2.2,-34.9,325.1,-0.01,0.0,0.0,24.46,76,POSCTL,0,0
2026-08-20T14:37:41,1787211461,13.822662,100.51163,15.2,0.01,-2.4,-2.2,-34.9,325.1,0.0,-0.01,0.0,24.46,76,POSCTL,0,0
2026-08-20T14:37:42,1787211462,13.822662,100.51163,15.2,0.01,-2.4,-2.2,-34.9,325.1,0.0,-0.01,0.0,24.46,76,POSCTL,0,0
2026-08-20T14:37:43,1787211463,13.822663,100.511629,13.0,0.01,-2.4,-2.2,-34.9,325.1,0.02,0.0,0.0,24.46,76,POSCTL,0,0
2026-08-20T14:37:44,1787211464,13.822663,100.511629,13.0,0.01,-2.3,-2.2,-34.9,325.1,0.02,0.0,0.0,24.46,76,POSCTL,0,0
2026-08-20T14:37:45,1787211465,13.822663,100.511629,13.0,0.01,-2.3,-2.2,-34.9,325.1,0.02,0.0,0.0,24.46,76,POSCTL,0,0
2026-08-20T14:37:46,1787211466,13.822663,100.511629,13.0,0.01,-2.3,-2.2,-34.9,325.1,0.02,0.0,0.0,24.46,76,POSCTL,0,0
2026-08-20T14:37:47,1787211467,13.822664,100.511629,15.2,0.01,-2.3,-2.2,-34.9,325.1,0.01,0.0,0.0,24.46,76,POSCTL,0,0
2026-08-20T14:37:48,1787211468,13.822664,100.511629,15.2,0.01,-2.4,-2.2,-34.9,325.1,0.01,0.0,0.0,24.46,76,POSCTL,0,0
2026-08-20T14:37:49,1787211469,13.822664,100.511629,15.2,0.01,-2.4,-2.2,-34.9,325.1,0.01,0.0,0.0,24.46,76,POSCTL,0,0
2026-08-20T14:37:50,1787211470,13.822664,100.511628,15.2,0.01,-2.4,-2.2,-34.9,325.1,0.0,0.0,0.0,24.46,76,POSCTL,0,0
2026-08-20T14:37:51,1787211471,13.822664,100.511628,15.2,0.01,-2.4,-2.2,-34.9,325.1,0.0,0.0,0.0,24.46,76,POSCTL,0,0
2026-08-20T14:37:52,1787211472,13.822664,100.511628,15.2,0.01,-2.4,-2.2,-34.9,325.1,0.0,0.0,0.0,24.46,76,POSCTL,0,0
2026-08-20T14:37:53,1787211473,13.822664,100.511628,15.2,0.01,-2.4,-2.2,-34.9,325.1,0.0,0.0,0.0,24.46,76,POSCTL,0,0
2026-08-20T14:37:54,1787211474,13.822664,100.511628,15.2,0.01,-2.4,-2.2,-34.9,325.1,0.0,0.0,0.0,24.46,76,POSCTL,0,0
2026-08-20T14:37:55,1787211475,13.822664,100.511628,15.2,0.01,-2.4,-2.2,-34.9,325.1,0.0,0.0,0.0,24.46,76,POSCTL,0,0
2026-08-20T14:37:56,1787211476,13.822665,100.511628,15.2,0.01,-2.4,-2.2,-34.9,325.1,0.0,0.0,0.0,24.46,76,POSCTL,0,0
2026-08-20T14:37:57,1787211477,13.822666,100.511627,12.3,0.01,-2.4,-2.2,-34.9,325.1,0.0,0.0,0.0,24.46,76,POSCTL,0,0
2026-08-20T14:37:58,1787211478,13.822666,100.511627,12.3,0.01,-2.4,-2.2,-34.9,325.1,0.0,0.0,0.0,24.46,76,POSCTL,0,0
2026-08-20T14:37:59,1787211479,13.822666,100.511627,12.3,0.01,-2.4,-2.2,-34.9,325.1,0.0,0.0,0.0,24.46,76,POSCTL,0,0
2026-08-20T14:38:00,1787211480,13.822666,100.511627,12.3,0.01,-2.4,-2.2,-34.9,325.1,0.0,0.0,0.0,24.46,76,POSCTL,0,0
2026-08-20T14:38:01,1787211481,13.822666,100.511627,12.3,0.01,-2.4,-2.2,-34.9,325.1,0.0,0.0,0.0,24.46,76,POSCTL,0,0
2026-08-20T14:38:02,1787211482,13.822666,100.511627,12.3,0.01,-2.4,-2.2,-34.9,325.1,0.0,0.0,0.0,24.46,76,POSCTL,0,0
2026-08-20T14:38:05,1787211485,13.822667,100.511625,12.0,0.01,-2.4,-2.2,-34.9,325.1,0.0,0.0,0.0,24.46,76,POSCTL,0,0
2026-08-20T14:38:06,1787211486,13.822667,100.511624,12.0,-0.0,-2.4,-2.2,-34.9,325.1,0.0,-0.01,0.0,24.46,76,POSCTL,0,0
2026-08-20T14:38:07,1787211487,13.822667,100.511624,12.0,-0.0,-2.4,-2.2,-34.9,325.1,0.0,-0.01,0.0,24.46,76,POSCTL,0,0
2026-08-20T14:38:08,1787211488,13.822667,100.511624,12.0,-0.0,-2.4,-2.2,-34.9,325.1,0.0,-0.01,0.0,24.46,76,POSCTL,0,0
2026-08-20T14:38:09,1787211489,13.822667,100.511624,15.2,0.0,-2.4,-2.2,-34.9,325.1,0.0,-0.01,0.0,24.46,76,POSCTL,0,0
2026-08-20T14:38:10,1787211490,13.822667,100.511624,12.2,0.0,-2.4,-2.2,-34.9,325.1,0.0,-0.01,0.0,24.46,76,POSCTL,0,0
2026-08-20T14:38:11,1787211491,13.822667,100.511624,12.2,0.0,-2.4,-2.2,-34.9,325.1,0.0,-0.01,0.0,24.46,76,POSCTL,0,0
2026-08-20T14:38:12,1787211492,13.822667,100.511624,12.2,0.0,-2.4,-2.2,-34.9,325.1,0.0,-0.01,0.0,24.46,76,POSCTL,0,0
2026-08-20T14:38:13,1787211493,13.822667,100.511624,12.2,0.0,-2.4,-2.2,-34.9,325.1,0.0,-0.01,0.0,24.46,76,POSCTL,0,0
2026-08-20T14:38:14,1787211494,13.822667,100.511624,12.2,0.0,-2.4,-2.2,-34.9,325.1,0.0,-0.01,0.0,24.46,76,POSCTL,0,0
2026-08-20T14:38:15,1787211495,13.822667,100.511624,12.2,0.0,-2.3,-2.2,-34.9,325.1,0.0,-0.01,0.0,24.46,76,POSCTL,0,0
2026-08-20T14:38:16,1787211496,13.822666,100.511623,15.2,0.0,-2.3,-2.2,-34.9,325.1,0.0,0.0,0.0,24.46,76,POSCTL,0,0
2026-08-20T14:38:17,1787211497,13.822666,100.511623,15.2,0.0,-2.3,-2.2,-34.9,325.1,0.0,0.0,0.0,24.46,76,POSCTL,0,0
2026-08-20T14:38:18,1787211498,13.822666,100.511623,15.2,0.0,-2.3,-2.2,-34.9,325.1,0.0,0.0,0.0,24.46,76,POSCTL,0,0
2026-08-20T14:38:19,1787211499,13.822666,100.511623,12.0,0.0,-2.3,-2.2,-34.9,325.1,0.0,0.0,0.0,24.46,76,POSCTL,0,0
2026-08-20T14:38:20,1787211500,13.822666,100.511623,12.0,0.0,-2.3,-2.2,-34.9,325.1,0.0,0.0,0.0,24.46,76,POSCTL,0,0
2026-08-20T14:38:21,1787211501,13.822666,100.511623,12.0,0.0,-2.3,-2.2,-34.9,325.1,0.0,0.0,0.0,24.46,76,POSCTL,0,0
2026-08-20T14:38:22,1787211502,13.822668,100.511624,11.4,0.0,-2.4,-2.2,-34.9,325.1,0.0,0.0,0.0,24.46,76,POSCTL,0,0
2026-08-20T14:38:23,1787211503,13.822668,100.511624,11.4,0.0,-2.4,-2.2,-34.9,325.1,0.0,0.0,0.0,24.46,76,POSCTL,0,0
2026-08-20T14:38:24,1787211504,13.822668,100.511624,11.4,0.0,-2.4,-2.2,-34.9,325.1,0.0,0.0,0.0,24.46,76,POSCTL,0,0
2026-08-20T14:38:25,1787211505,13.822668,100.511624,11.4,0.0,-2.4,-2.2,-34.9,325.1,0.0,0.0,0.0,24.46,76,POSCTL,0,0
2026-08-20T14:38:26,1787211506,13.822669,100.511626,11.1,-0.01,-2.4,-2.2,-34.9,325.1,0.02,0.02,0.0,24.46,76,POSCTL,0,0
2026-08-20T14:38:27,1787211507,13.822669,100.511626,11.1,-0.01,-2.4,-2.2,-34.9,325.1,0.02,0.02,0.0,24.46,76,POSCTL,0,0
2026-08-20T14:38:28,1787211508,13.822669,100.511626,11.1,-0.01,-2.4,-2.2,-34.9,325.1,0.02,0.02,0.0,24.46,76,POSCTL,0,0
2026-08-20T14:38:29,1787211509,13.822669,100.511628,11.4,-0.01,-2.4,-2.2,-34.9,325.1,0.0,0.01,0.0,24.46,76,POSCTL,0,0
2026-08-20T14:38:30,1787211510,13.822669,100.511628,11.4,-0.01,-2.4,-2.2,-34.9,325.1,0.0,0.01,0.0,24.46,76,POSCTL,0,0
2026-08-20T14:38:31,1787211511,13.822669,100.511628,11.4,-0.01,-2.4,-2.2,-34.9,325.1,0.0,0.01,0.0,24.46,76,POSCTL,0,0
2026-08-20T14:38:32,1787211512,13.82267,100.511629,15.2,-0.01,-2.4,-2.2,-34.9,325.1,0.0,0.01,0.0,24.46,76,POSCTL,0,0
2026-08-20T14:38:33,1787211513,13.82267,100.511629,15.2,-0.01,-2.4,-2.2,-34.9,325.1,0.0,0.01,0.0,24.46,76,POSCTL,0,0
2026-08-20T14:38:34,1787211514,13.82267,100.511629,15.2,-0.01,-2.4,-2.2,-34.9,325.1,0.0,0.01,0.0,24.46,76,POSCTL,0,0
2026-08-20T14:38:35,1787211515,13.82267,100.511629,15.2,-0.01,-2.4,-2.2,-34.9,325.1,0.0,0.01,0.0,24.46,76,POSCTL,0,0
2026-08-20T14:38:36,1787211516,13.822672,100.511631,11.5,-0.01,-2.4,-2.2,-34.9,325.1,0.01,0.0,0.0,24.46,76,POSCTL,0,0
2026-08-20T14:38:37,1787211517,13.822672,100.511631,11.5,-0.01,-2.4,-2.2,-34.9,325.1,0.01,0.0,0.0,24.46,76,POSCTL,0,0
2026-08-20T14:38:38,1787211518,13.822672,100.511631,11.5,-0.01,-2.4,-2.2,-34.9,325.1,0.01,0.0,0.0,24.46,76,POSCTL,0,0
2026-08-20T14:38:39,1787211519,13.822674,100.511631,11.5,-0.01,-2.4,-2.2,-34.9,325.1,0.01,0.0,0.0,24.46,76,POSCTL,0,0
2026-08-20T14:38:40,1787211520,13.822673,100.511631,15.2,-0.01,-2.4,-2.2,-34.9,325.1,0.02,0.0,0.0,24.46,76,POSCTL,0,0
2026-08-20T14:38:41,1787211521,13.822673,100.511631,15.2,-0.01,-2.4,-2.2,-34.9,325.1,0.02,0.0,0.0,24.46,76,POSCTL,0,0
2026-08-20T14:38:46,1787211526,13.822675,100.51163,15.2,0.0,-2.4,-2.2,-34.9,325.1,0.0,-0.01,0.0,24.46,76,POSCTL,0,0
2026-08-20T14:38:47,1787211527,13.822675,100.51163,15.2,0.0,-2.4,-2.2,-34.9,325.1,0.0,-0.01,0.0,24.46,76,POSCTL,0,0
2026-08-20T14:38:48,1787211528,13.822676,100.51163,15.2,0.0,-2.4,-2.2,-34.9,325.1,0.0,0.0,0.0,24.46,76,POSCTL,0,0
2026-08-20T14:38:49,1787211529,13.822676,100.511629,11.8,0.0,-2.4,-2.2,-34.9,325.1,0.0,0.0,0.0,24.46,76,POSCTL,0,0
2026-08-20T14:38:50,1787211530,13.822676,100.511629,11.8,0.0,-2.4,-2.2,-34.9,325.1,0.0,0.0,0.0,24.46,76,POSCTL,0,0
2026-08-20T14:38:51,1787211531,13.822676,100.511629,11.8,0.0,-2.4,-2.2,-34.9,325.1,0.0,0.0,0.0,24.46,76,POSCTL,0,0
2026-08-20T14:38:52,1787211532,13.822676,100.511629,11.8,0.0,-2.4,-2.2,-34.9,325.1,0.0,0.0,0.0,24.46,76,POSCTL,0,0
2026-08-20T14:38:53,1787211533,13.822676,100.511629,11.8,0.0,-2.4,-2.2,-34.9,325.1,0.0,0.0,0.0,24.46,76,POSCTL,0,0
2026-08-20T14:38:54,1787211534,13.822676,100.511629,11.8,0.0,-2.4,-2.2,-34.9,325.1,0.0,0.0,0.0,24.46,76,POSCTL,0,0
2026-08-20T14:38:55,1787211535,13.822675,100.511628,11.6,0.0,-2.4,-2.2,-34.9,325.1,0.0,0.0,0.0,24.46,76,POSCTL,0,0
2026-08-20T14:38:56,1787211536,13.822675,100.511628,11.6,0.0,-2.3,-2.2,-34.9,325.1,0.0,0.0,0.0,24.46,76,POSCTL,0,0
2026-08-20T14:38:57,1787211537,13.822675,100.511628,11.6,0.0,-2.3,-2.2,-34.9,325.1,0.0,0.0,0.0,24.45,76,POSCTL,0,0
2026-08-20T14:38:58,1787211538,13.822674,100.511629,11.5,0.0,-2.3,-2.2,-34.9,325.1,0.0,0.0,0.0,24.45,76,POSCTL,0,0
2026-08-20T14:38:59,1787211539,13.822674,100.511629,11.5,0.0,-2.3,-2.2,-34.9,325.1,0.0,0.0,0.0,24.45,76,POSCTL,0,0
2026-08-20T14:39:00,1787211540,13.822674,100.511629,11.5,0.0,-2.3,-2.2,-34.9,325.1,0.0,0.0,0.0,24.45,76,POSCTL,0,0
2026-08-20T14:39:01,1787211541,13.822674,100.511629,15.2,0.0,-2.3,-2.2,-34.9,325.1,0.0,0.02,0.0,24.45,76,POSCTL,0,0
2026-08-20T14:39:02,1787211542,13.822674,100.511629,15.2,0.0,-2.3,-2.2,-34.9,325.1,0.0,0.02,0.0,24.45,76,POSCTL,0,0
2026-08-20T14:39:03,1787211543,13.822674,100.511629,15.2,0.0,-2.3,-2.2,-34.9,325.1,0.0,0.02,0.0,24.46,76,POSCTL,0,0
2026-08-20T14:39:04,1787211544,13.822672,100.51163,11.4,0.0,-2.3,-2.2,-34.9,325.1,0.0,0.02,0.0,24.46,76,POSCTL,0,0
2026-08-20T14:39:05,1787211545,13.822672,100.51163,11.4,0.0,-2.3,-2.2,-34.9,325.1,0.0,0.02,0.0,24.46,76,POSCTL,0,0
2026-08-20T14:39:06,1787211546,13.822672,100.51163,11.4,0.0,-2.3,-2.2,-34.9,325.1,0.0,0.02,0.0,24.45,76,POSCTL,0,0
2026-08-20T14:39:07,1787211547,13.82267,100.51163,11.4,0.0,-2.4,-2.2,-34.9,325.1,0.0,0.0,0.0,24.45,76,POSCTL,0,0
2026-08-20T14:39:08,1787211548,13.82267,100.51163,11.4,0.0,-2.4,-2.2,-34.9,325.1,0.0,0.0,0.0,24.45,76,POSCTL,0,0
2026-08-20T14:39:09,1787211549,13.82267,100.51163,11.4,0.0,-2.4,-2.2,-34.9,325.1,0.0,0.0,0.0,24.45,76,POSCTL,0,0
2026-08-20T14:39:10,1787211550,13.82267,100.51163,11.4,0.0,-2.4,-2.2,-34.8,325.2,0.0,0.0,0.0,24.45,76,POSCTL,0,0
2026-08-20T14:39:11,1787211551,13.822669,100.51163,15.2,0.0,-2.4,-2.2,-34.8,325.2,-0.01,0.0,0.0,24.45,76,POSCTL,0,0
2026-08-20T14:39:12,1787211552,13.822669,100.51163,15.2,0.0,-2.4,-2.2,-34.8,325.2,-0.01,0.0,0.0,24.45,76,POSCTL,0,0
2026-08-20T14:39:13,1787211553,13.822669,100.51163,15.2,0.0,-2.4,-2.2,-34.8,325.2,-0.01,0.0,0.0,24.45,76,POSCTL,0,0
2026-08-20T14:39:14,1787211554,13.822665,100.511629,11.8,0.0,-2.4,-2.2,-34.8,325.2,-0.01,0.0,0.0,24.45,76,POSCTL,0,0
2026-08-20T14:39:15,1787211555,13.822665,100.511629,11.8,0.0,-2.4,-2.2,-34.8,325.2,-0.01,0.0,0.0,24.45,76,POSCTL,0,0
2026-08-20T14:39:16,1787211556,13.822665,100.511629,11.8,0.0,-2.4,-2.2,-34.8,325.2,-0.01,0.0,0.0,24.45,76,POSCTL,0,0
2026-08-20T14:39:17,1787211557,13.822665,100.511629,11.8,0.0,-2.4,-2.2,-34.8,325.2,-0.01,0.0,0.0,24.45,76,POSCTL,0,0
2026-08-20T14:39:18,1787211558,13.822663,100.511628,12.3,0.0,-2.3,-2.2,-34.8,325.2,-0.01,0.0,0.0,24.45,76,POSCTL,0,0
2026-08-20T14:39:19,1787211559,13.822663,100.511628,12.3,0.0,-2.3,-2.2,-34.8,325.2,-0.01,0.0,0.0,24.45,76,POSCTL,0,0
2026-08-20T14:39:20,1787211560,13.822663,100.511628,12.3,0.0,-2.3,-2.2,-34.8,325.2,-0.01,0.0,0.0,24.45,76,POSCTL,0,0
2026-08-20T14:39:21,1787211561,13.822662,100.511628,12.7,0.01,-2.3,-2.2,-34.7,325.3,0.01,0.0,0.0,24.45,76,POSCTL,0,0
2026-08-20T14:39:22,1787211562,13.822662,100.511628,12.7,0.01,-2.3,-2.2,-34.7,325.3,0.01,0.0,0.0,24.45,76,POSCTL,0,0
2026-08-20T14:39:23,1787211563,13.822662,100.511628,12.7,0.01,-2.3,-2.2,-34.7,325.3,0.01,0.0,0.0,24.45,76,POSCTL,0,0
2026-08-20T14:39:24,1787211564,13.822662,100.511628,12.7,0.01,-2.3,-2.2,-34.7,325.3,0.01,0.0,0.0,24.45,76,POSCTL,0,0
2026-08-20T14:39:25,1787211565,13.822662,100.511628,12.7,0.01,-2.3,-2.2,-34.7,325.3,0.01,0.0,0.0,24.45,76,POSCTL,0,0
2026-08-20T14:39:26,1787211566,13.822662,100.511628,12.7,0.01,-2.3,-2.2,-34.7,325.3,0.01,0.0,0.0,24.45,76,POSCTL,0,0
2026-08-20T14:39:27,1787211567,13.822662,100.511628,12.7,0.01,-2.3,-2.2,-34.7,325.3,0.01,0.0,0.0,24.45,76,POSCTL,0,0
2026-08-20T14:39:28,1787211568,13.822662,100.511628,13.3,0.01,-2.3,-2.2,-34.7,325.3,0.01,0.01,0.0,24.45,76,POSCTL,0,0
2026-08-20T14:39:29,1787211569,13.822662,100.511628,13.3,0.01,-2.3,-2.2,-34.7,325.3,0.01,0.01,0.0,24.45,76,POSCTL,0,0
2026-08-20T14:39:30,1787211570,13.822662,100.511628,13.3,0.01,-2.3,-2.2,-34.7,325.3,0.01,0.01,0.0,24.45,76,POSCTL,0,0
2026-08-20T14:39:31,1787211571,13.822662,100.511628,13.3,0.01,-2.3,-2.2,-34.7,325.3,0.01,0.01,0.0,24.45,76,POSCTL,0,0
2026-08-20T14:39:32,1787211572,13.822662,100.511629,13.5,0.01,-2.3,-2.2,-34.7,325.3,0.0,0.0,0.0,24.45,76,POSCTL,0,0
2026-08-20T14:39:33,1787211573,13.822662,100.511629,13.5,0.01,-2.3,-2.2,-34.7,325.3,0.0,0.0,0.0,24.45,76,POSCTL,0,0
2026-08-20T14:39:34,1787211574,13.822662,100.511629,13.5,0.01,-2.3,-2.2,-34.7,325.3,0.0,0.0,0.0,24.45,76,POSCTL,0,0
2026-08-20T14:39:35,1787211575,13.822662,100.511629,15.2,0.02,-2.3,-2.2,-34.7,325.3,-0.01,0.0,0.0,24.45,76,POSCTL,0,0
2026-08-20T14:39:36,1787211576,13.822662,100.511629,15.2,0.02,-2.4,-2.2,-34.6,325.4,-0.01,0.0,0.0,24.45,76,POSCTL,0,0
2026-08-20T14:39:37,1787211577,13.822662,100.511629,15.2,0.02,-2.4,-2.2,-34.6,325.4,-0.01,0.0,0.0,24.45,76,POSCTL,0,0
2026-08-20T14:39:38,1787211578,13.822662,100.511629,15.2,0.02,-2.4,-2.2,-34.6,325.4,-0.01,0.0,0.0,24.45,76,POSCTL,0,0
2026-08-20T14:39:39,1787211579,13.822664,100.511631,13.2,0.01,-2.4,-2.2,-34.6,325.4,0.01,0.01,0.0,24.45,76,POSCTL,0,0
2026-08-20T14:39:40,1787211580,13.822664,100.511631,13.2,0.01,-2.4,-2.2,-34.6,325.4,0.01,0.01,0.0,24.45,76,POSCTL,0,0
2026-08-20T14:39:41,1787211581,13.822664,100.511631,13.2,0.01,-2.4,-2.2,-34.6,325.4,0.01,0.01,0.0,24.45,76,POSCTL,0,0
2026-08-20T14:39:42,1787211582,13.822665,100.511631,13.5,0.02,-2.4,-2.2,-34.6,325.4,0.02,0.0,0.0,24.45,76,POSCTL,0,0
2026-08-20T14:39:43,1787211583,13.822665,100.511631,13.5,0.02,-2.4,-2.2,-34.6,325.4,0.02,0.0,0.0,24.45,76,POSCTL,0,0
2026-08-20T14:39:44,1787211584,13.822665,100.511631,13.5,0.02,-2.4,-2.2,-34.6,325.4,0.02,0.0,0.0,24.45,76,POSCTL,0,0
2026-08-20T14:39:45,1787211585,13.822667,100.511631,13.6,0.02,-2.4,-2.2,-34.6,325.4,0.02,0.0,0.0,24.45,76,POSCTL,0,0
2026-08-20T14:39:46,1787211586,13.822667,100.511631,13.6,0.02,-2.4,-2.2,-34.6,325.4,0.02,0.0,0.0,24.45,76,POSCTL,0,0
2026-08-20T14:39:47,1787211587,13.822667,100.511631,13.6,0.02,-2.4,-2.2,-34.6,325.4,0.02,0.0,0.0,24.45,76,POSCTL,0,0
2026-08-20T14:39:48,1787211588,13.822668,100.511631,13.8,0.02,-2.4,-2.2,-34.6,325.4,0.02,0.0,0.0,24.45,76,POSCTL,0,0
2026-08-20T14:39:49,1787211589,13.822668,100.511631,13.8,0.02,-2.4,-2.2,-34.6,325.4,0.02,0.0,0.0,24.45,76,POSCTL,0,0
2026-08-20T14:39:50,1787211590,13.822668,100.511631,13.8,0.02,-2.4,-2.1,-34.6,325.4,0.02,0.0,0.0,24.45,76,POSCTL,0,0
2026-08-20T14:39:51,1787211591,13.822669,100.511631,14.0,0.02,-2.4,-2.1,-34.6,325.4,0.0,0.0,0.0,24.45,76,POSCTL,0,0
2026-08-20T14:39:52,1787211592,13.822669,100.511631,14.0,0.02,-2.4,-2.2,-34.6,325.4,0.0,0.0,0.0,24.45,76,POSCTL,0,0
2026-08-20T14:39:53,1787211593,13.822669,100.511631,14.0,0.02,-2.4,-2.2,-34.6,325.4,0.0,0.0,0.0,24.45,76,POSCTL,0,0
2026-08-20T14:39:54,1787211594,13.822669,100.511631,15.3,0.02,-2.4,-2.2,-34.6,325.4,0.01,0.0,0.0,24.45,76,POSCTL,0,0
2026-08-20T14:39:55,1787211595,13.822669,100.511631,14.3,0.02,-2.4,-2.2,-34.6,325.4,0.01,0.0,0.0,24.45,76,POSCTL,0,0
2026-08-20T14:39:56,1787211596,13.822669,100.511631,14.3,0.02,-2.4,-2.2,-34.6,325.4,0.01,0.0,0.0,24.45,76,POSCTL,0,0
2026-08-20T14:39:57,1787211597,13.822669,100.511629,14.3,0.02,-2.4,-2.2,-34.6,325.4,-0.02,-0.03,0.0,24.45,76,POSCTL,0,0
2026-08-20T14:39:58,1787211598,13.822669,100.511629,14.3,0.02,-2.4,-2.1,-34.6,325.4,-0.02,-0.03,0.0,24.45,76,POSCTL,0,0
2026-08-20T14:39:59,1787211599,13.822669,100.511629,14.3,0.02,-2.4,-2.1,-34.6,325.4,-0.02,-0.03,0.0,24.45,76,POSCTL,0,0
2026-08-20T14:40:00,1787211600,13.822669,100.511629,14.3,0.02,-2.4,-2.1,-34.6,325.4,-0.02,-0.03,0.0,24.45,76,POSCTL,0,0
2026-08-20T14:40:01,1787211601,13.822668,100.511628,14.3,0.03,-2.4,-2.1,-34.6,325.4,0.0,-0.01,0.0,24.45,76,POSCTL,0,0
2026-08-20T14:40:02,1787211602,13.822668,100.511628,14.3,0.03,-2.4,-2.1,-34.6,325.4,0.0,-0.01,0.0,24.45,76,POSCTL,0,0
2026-08-20T14:40:03,1787211603,13.822668,100.511628,14.3,0.03,-2.3,-2.2,-34.5,325.5,0.0,-0.01,0.0,24.45,76,POSCTL,0,0
2026-08-20T14:40:04,1787211604,13.822668,100.511627,14.2,0.03,-2.3,-2.2,-34.5,325.5,0.0,0.0,0.0,24.45,76,POSCTL,0,0
2026-08-20T14:40:05,1787211605,13.822668,100.511627,14.2,0.03,-2.3,-2.2,-34.5,325.5,0.0,0.0,0.0,24.45,76,POSCTL,0,0
2026-08-20T14:40:06,1787211606,13.822668,100.511627,14.2,0.03,-2.3,-2.2,-34.5,325.5,0.0,0.0,0.0,24.45,76,POSCTL,0,0
2026-08-20T14:40:07,1787211607,13.822668,100.511627,14.2,0.03,-2.3,-2.2,-34.5,325.5,0.0,0.0,0.0,24.45,76,POSCTL,0,0
2026-08-20T14:40:08,1787211608,13.822667,100.511626,14.0,0.03,-2.3,-2.2,-34.5,325.5,0.0,0.0,0.0,24.45,76,POSCTL,0,0
2026-08-20T14:40:09,1787211609,13.822667,100.511626,14.0,0.03,-2.3,-2.2,-34.5,325.5,0.0,0.0,0.0,24.45,76,POSCTL,0,0
2026-08-20T14:40:10,1787211610,13.822667,100.511626,15.3,0.02,-2.3,-2.2,-34.5,325.5,0.0,0.0,0.0,24.45,76,POSCTL,0,0
2026-08-20T14:40:11,1787211611,13.822667,100.511626,15.3,0.02,-2.3,-2.2,-34.5,325.5,0.0,0.0,0.0,24.45,76,POSCTL,0,0
2026-08-20T14:40:12,1787211612,13.822664,100.511625,13.6,0.02,-2.3,-2.2,-34.5,325.5,0.0,0.0,0.0,24.45,76,POSCTL,0,0
2026-08-20T14:40:13,1787211613,13.822664,100.511625,13.6,0.02,-2.3,-2.2,-34.5,325.5,0.0,0.0,0.0,24.45,76,POSCTL,0,0
2026-08-20T14:40:14,1787211614,13.822665,100.511626,15.3,0.02,-2.3,-2.2,-34.5,325.5,0.0,0.0,0.0,24.45,76,POSCTL,0,0
2026-08-20T14:40:15,1787211615,13.822664,100.511624,13.5,0.02,-2.3,-2.2,-34.5,325.5,0.0,0.0,0.0,24.45,76,POSCTL,0,0
2026-08-20T14:40:16,1787211616,13.822664,100.511624,13.5,0.02,-2.3,-2.2,-34.5,325.5,0.0,0.0,0.0,24.45,76,POSCTL,0,0
2026-08-20T14:40:17,1787211617,13.822664,100.511624,13.5,0.02,-2.3,-2.2,-34.5,325.5,0.0,0.0,0.0,24.45,76,POSCTL,0,0
2026-08-20T14:40:18,1787211618,13.822664,100.511624,13.5,0.02,-2.3,-2.2,-34.6,325.4,0.0,0.0,0.0,24.45,76,POSCTL,0,0
2026-08-20T14:40:19,1787211619,13.822664,100.511624,13.5,0.02,-2.3,-2.2,-34.6,325.4,0.0,0.0,0.0,24.45,76,POSCTL,0,0
2026-08-20T14:40:22,1787211622,13.822664,100.511622,13.4,0.02,-2.3,-2.2,-34.5,325.5,0.01,0.0,0.0,24.45,76,POSCTL,0,0
2026-08-20T14:40:23,1787211623,13.822664,100.511622,13.4,0.02,-2.3,-2.2,-34.5,325.5,0.01,0.0,0.0,24.45,76,POSCTL,0,0
2026-08-20T14:40:24,1787211624,13.822664,100.511622,13.4,0.02,-2.3,-2.2,-34.5,325.5,0.01,0.0,0.0,24.45,76,POSCTL,0,0
2026-08-20T14:40:25,1787211625,13.822665,100.511623,13.5,0.02,-2.3,-2.2,-34.5,325.5,0.01,0.0,0.0,24.45,76,POSCTL,0,0
2026-08-20T14:40:26,1787211626,13.822665,100.511623,13.5,0.02,-2.3,-2.2,-34.5,325.5,0.01,0.0,0.0,24.45,76,POSCTL,0,0
2026-08-20T14:40:27,1787211627,13.822665,100.511623,13.5,0.02,-2.3,-2.2,-34.5,325.5,0.01,0.0,0.0,24.45,76,POSCTL,0,0
2026-08-20T14:40:28,1787211628,13.822665,100.511623,13.5,0.02,-2.3,-2.2,-34.5,325.5,0.01,0.0,0.0,24.45,76,POSCTL,0,0
2026-08-20T14:40:29,1787211629,13.822665,100.511623,13.5,0.02,-2.4,-2.2,-34.5,325.5,0.01,0.0,0.0,24.45,76,POSCTL,0,0
2026-08-20T14:40:30,1787211630,13.822665,100.511623,13.5,0.02,-2.4,-2.2,-34.5,325.5,0.01,0.0,0.0,24.45,76,POSCTL,0,0
2026-08-20T14:40:31,1787211631,13.822666,100.511625,15.3,0.02,-2.4,-2.2,-34.5,325.5,0.01,0.03,0.0,24.45,76,POSCTL,0,0
2026-08-20T14:40:32,1787211632,13.822666,100.511627,13.8,0.02,-2.4,-2.2,-34.5,325.5,0.01,0.03,0.0,24.45,76,POSCTL,0,0
2026-08-20T14:40:33,1787211633,13.822666,100.511627,13.8,0.02,-2.4,-2.2,-34.5,325.5,0.01,0.03,0.0,24.45,76,POSCTL,0,0
2026-08-20T14:40:34,1787211634,13.822666,100.511626,15.3,0.02,-2.4,-2.2,-34.5,325.5,-0.01,0.0,0.0,24.45,76,POSCTL,0,0
2026-08-20T14:40:35,1787211635,13.822665,100.511629,14.0,0.02,-2.4,-2.2,-34.5,325.5,-0.01,0.0,0.0,24.45,76,POSCTL,0,0
2026-08-20T14:40:36,1787211636,13.822665,100.511629,14.0,0.02,-2.4,-2.2,-34.5,325.5,-0.01,0.0,0.0,24.45,76,POSCTL,0,0
2026-08-20T14:40:37,1787211637,13.822665,100.511629,14.0,0.02,-2.4,-2.2,-34.5,325.5,-0.01,0.0,0.0,24.45,76,POSCTL,0,0
2026-08-20T14:40:38,1787211638,13.822663,100.51163,14.1,0.02,-2.4,-2.2,-34.5,325.5,0.0,0.0,0.0,24.45,76,POSCTL,0,0
2026-08-20T14:40:39,1787211639,13.822663,100.51163,14.1,0.02,-2.4,-2.2,-34.5,325.5,0.0,0.0,0.0,24.45,76,POSCTL,0,0
2026-08-20T14:40:40,1787211640,13.822663,100.51163,14.1,0.02,-2.4,-2.2,-34.5,325.5,0.0,0.0,0.0,24.45,76,POSCTL,0,0
2026-08-20T14:40:41,1787211641,13.822663,100.51163,14.4,0.02,-2.4,-2.2,-34.5,325.5,0.0,0.0,0.0,24.45,76,POSCTL,0,0
2026-08-20T14:40:42,1787211642,13.822663,100.51163,14.4,0.02,-2.4,-2.2,-34.5,325.5,0.0,0.0,0.0,24.45,76,POSCTL,0,0
2026-08-20T14:40:43,1787211643,13.822663,100.51163,14.4,0.02,-2.4,-2.2,-34.5,325.5,0.0,0.0,0.0,24.45,76,POSCTL,0,0
2026-08-20T14:40:44,1787211644,13.822663,100.51163,14.4,0.02,-2.4,-2.2,-34.5,325.5,0.0,0.0,0.0,24.45,76,POSCTL,0,0
2026-08-20T14:40:45,1787211645,13.822663,100.51163,14.4,0.02,-2.4,-2.2,-34.5,325.5,0.0,0.0,0.0,24.45,76,POSCTL,0,0
2026-08-20T14:40:46,1787211646,13.822663,100.51163,14.4,0.02,-2.4,-2.2,-34.5,325.5,0.0,0.0,0.0,24.45,76,POSCTL,0,0
2026-08-20T14:40:47,1787211647,13.822663,100.51163,15.3,0.03,-2.4,-2.2,-34.5,325.5,0.0,0.0,0.0,24.45,76,POSCTL,0,0
2026-08-20T14:40:48,1787211648,13.822663,100.51163,15.3,0.03,-2.4,-2.2,-34.5,325.5,0.0,0.0,0.0,24.45,76,POSCTL,0,0
2026-08-20T14:40:49,1787211649,13.822663,100.51163,15.3,0.03,-2.4,-2.2,-34.5,325.5,0.0,0.0,0.0,24.45,76,POSCTL,0,0
2026-08-20T14:40:50,1787211650,13.822663,100.511631,14.8,0.03,-2.3,-2.2,-34.4,325.6,0.0,0.0,0.0,24.45,76,POSCTL,0,0
2026-08-20T14:40:51,1787211651,13.822663,100.511631,15.3,0.03,-2.3,-2.2,-34.4,325.6,0.02,0.02,0.0,24.45,76,POSCTL,0,0
2026-08-20T14:40:52,1787211652,13.822663,100.511631,15.3,0.03,-2.3,-2.2,-34.4,325.6,0.02,0.02,0.0,24.45,76,POSCTL,0,0
2026-08-20T14:40:53,1787211653,13.822663,100.511631,15.3,0.03,-2.3,-2.2,-34.4,325.6,0.02,0.02,0.0,24.45,76,POSCTL,0,0
2026-08-20T14:40:54,1787211654,13.822664,100.511632,15.3,0.03,-2.3,-2.2,-34.4,325.6,0.02,0.03,0.0,24.45,76,POSCTL,0,0
2026-08-20T14:40:55,1787211655,13.822664,100.511632,15.3,0.03,-2.3,-2.2,-34.4,325.6,0.02,0.03,0.0,24.45,76,POSCTL,0,0
2026-08-20T14:40:56,1787211656,13.822664,100.511632,15.3,0.03,-2.3,-2.2,-34.4,325.6,0.02,0.03,0.0,24.45,76,POSCTL,0,0
2026-08-20T14:40:57,1787211657,13.822664,100.511632,15.3,0.03,-2.3,-2.2,-34.4,325.6,0.0,0.0,0.0,24.45,76,POSCTL,0,0
2026-08-20T14:40:59,1787211659,13.822664,100.511632,15.3,0.03,-2.3,-2.2,-34.4,325.6,0.0,0.0,0.0,24.45,76,POSCTL,0,0
2026-08-20T14:41:00,1787211660,13.822662,100.511632,15.6,0.03,-2.4,-2.2,-34.3,325.7,0.0,0.0,0.0,24.45,76,POSCTL,0,0
2026-08-20T14:41:01,1787211661,13.822663,100.511632,15.3,0.03,-2.4,-2.2,-34.3,325.7,-0.01,-0.02,0.0,24.45,76,POSCTL,0,0
2026-08-20T14:41:02,1787211662,13.822663,100.511632,15.3,0.03,-2.3,-2.3,-34.2,325.8,-0.01,-0.02,0.0,24.45,76,POSCTL,0,0
2026-08-20T14:41:03,1787211663,13.822661,100.511631,15.5,0.03,-2.3,-2.3,-34.2,325.8,0.0,-0.01,0.0,24.45,76,POSCTL,0,0
2026-08-20T14:41:04,1787211664,13.822661,100.511631,15.5,0.03,-2.3,-2.3,-34.2,325.8,0.0,-0.01,0.0,24.45,76,POSCTL,0,0
2026-08-20T14:41:05,1787211665,13.822661,100.511631,15.5,0.03,-2.3,-2.3,-34.2,325.8,0.0,-0.01,0.0,24.45,76,POSCTL,0,0
2026-08-20T14:41:06,1787211666,13.822661,100.511631,15.3,0.04,-2.3,-2.2,-34.3,325.7,0.0,0.0,0.0,24.45,76,POSCTL,0,0
2026-08-20T14:41:07,1787211667,13.822661,100.511631,15.3,0.04,-2.3,-2.2,-34.3,325.7,0.0,0.0,0.0,24.45,76,POSCTL,0,0
2026-08-20T14:41:08,1787211668,13.822661,100.511631,15.3,0.04,-2.3,-2.2,-34.3,325.7,0.0,0.0,0.0,24.45,76,POSCTL,0,0
2026-08-20T14:41:09,1787211669,13.822661,100.511631,15.3,0.04,-2.3,-2.2,-34.3,325.7,0.0,0.0,0.0,24.45,76,POSCTL,0,0
2026-08-20T14:41:10,1787211670,13.822659,100.511631,15.8,0.03,-2.3,-2.2,-34.3,325.7,0.0,0.0,0.0,24.45,76,POSCTL,0,0
2026-08-20T14:41:11,1787211671,13.822659,100.511631,15.8,0.03,-2.3,-2.2,-34.3,325.7,0.0,0.0,0.0,24.45,76,POSCTL,0,0
2026-08-20T14:41:12,1787211672,13.822659,100.511631,15.8,0.03,-2.3,-2.2,-34.3,325.7,0.0,0.0,0.0,24.45,76,POSCTL,0,0
2026-08-20T14:41:13,1787211673,13.82266,100.511631,15.3,0.04,-2.3,-2.2,-34.3,325.7,0.0,0.0,0.0,24.45,76,POSCTL,0,0
2026-08-20T14:41:14,1787211674,13.822659,100.511631,16.1,0.04,-2.3,-2.2,-34.3,325.7,0.0,0.0,0.0,24.45,76,POSCTL,0,0
2026-08-20T14:41:15,1787211675,13.822659,100.511631,16.1,0.04,-2.3,-2.2,-34.3,325.7,0.0,0.0,0.0,24.45,76,POSCTL,0,0
2026-08-20T14:41:16,1787211676,13.822659,100.511631,16.1,0.04,-2.3,-2.2,-34.3,325.7,0.0,0.0,0.0,24.45,76,POSCTL,0,0
2026-08-20T14:41:17,1787211677,13.822659,100.511631,16.1,0.04,-2.3,-2.2,-34.3,325.7,0.0,0.0,0.0,24.45,76,POSCTL,0,0
2026-08-20T14:41:18,1787211678,13.822659,100.511631,16.1,0.04,-2.3,-2.2,-34.3,325.7,0.0,0.0,0.0,24.45,76,POSCTL,0,0
2026-08-20T14:41:19,1787211679,13.822658,100.511631,17.0,0.04,-2.3,-2.2,-34.3,325.7,0.0,0.0,0.0,24.45,76,POSCTL,0,0
2026-08-20T14:41:20,1787211680,13.822658,100.511631,17.0,0.04,-2.3,-2.2,-34.3,325.7,0.0,0.0,0.0,24.45,76,POSCTL,0,0
2026-08-20T14:41:21,1787211681,13.822658,100.511631,17.0,0.04,-2.3,-2.2,-34.3,325.7,0.0,0.0,0.0,24.45,76,POSCTL,0,0
2026-08-20T14:41:22,1787211682,13.822659,100.511631,15.3,0.04,-2.3,-2.2,-34.3,325.7,0.01,0.01,0.0,24.45,76,POSCTL,0,0
2026-08-20T14:41:23,1787211683,13.822658,100.511631,16.9,0.04,-2.3,-2.2,-34.3,325.7,0.01,0.01,0.0,24.45,76,POSCTL,0,0
2026-08-20T14:41:24,1787211684,13.822658,100.511631,16.9,0.04,-2.4,-2.2,-34.3,325.7,0.01,0.01,0.0,24.45,76,POSCTL,0,0
2026-08-20T14:41:25,1787211685,13.822658,100.511631,16.9,0.04,-2.4,-2.2,-34.3,325.7,0.01,0.01,0.0,24.45,76,POSCTL,0,0
2026-08-20T14:41:26,1787211686,13.822658,100.511631,16.9,0.04,-2.3,-2.2,-34.3,325.7,0.01,0.01,0.0,24.45,76,POSCTL,0,0
2026-08-20T14:41:27,1787211687,13.822658,100.511631,16.9,0.04,-2.3,-2.2,-34.3,325.7,0.01,0.01,0.0,24.45,76,POSCTL,0,0
2026-08-20T14:41:28,1787211688,13.822658,100.511631,16.9,0.04,-2.3,-2.2,-34.3,325.7,0.01,0.01,0.0,24.45,76,POSCTL,0,0
2026-08-20T14:41:29,1787211689,13.822657,100.511631,15.3,0.04,-2.4,-2.2,-34.3,325.7,0.0,-0.01,0.0,24.45,76,POSCTL,0,0
2026-08-20T14:41:30,1787211690,13.822657,100.511632,16.3,0.04,-2.4,-2.2,-34.3,325.7,0.0,-0.01,0.0,24.45,76,POSCTL,0,0
2026-08-20T14:41:31,1787211691,13.822657,100.511632,16.3,0.04,-2.4,-2.2,-34.3,325.7,0.0,-0.01,0.0,24.45,76,POSCTL,0,0
2026-08-20T14:41:32,1787211692,13.822657,100.511632,16.3,0.04,-2.4,-2.2,-34.3,325.7,0.0,-0.01,0.0,24.45,76,POSCTL,0,0
2026-08-20T14:41:33,1787211693,13.822657,100.511634,16.1,0.04,-2.4,-2.2,-34.3,325.7,0.0,0.0,0.0,24.45,76,POSCTL,0,0
2026-08-20T14:41:34,1787211694,13.822657,100.511634,16.1,0.04,-2.4,-2.2,-34.3,325.7,0.0,0.0,0.0,24.45,76,POSCTL,0,0
2026-08-20T14:41:35,1787211695,13.822657,100.511634,16.1,0.04,-2.4,-2.2,-34.3,325.7,0.0,0.0,0.0,24.45,76,POSCTL,0,0
2026-08-20T14:41:36,1787211696,13.822657,100.511634,15.3,0.0,-2.4,-2.2,-34.3,325.7,0.0,0.03,0.0,24.45,76,POSCTL,0,0
2026-08-20T14:41:37,1787211697,13.822657,100.511634,15.3,0.0,-2.4,-2.2,-34.3,325.7,0.0,0.03,0.0,24.45,76,POSCTL,0,0
2026-08-20T14:41:38,1787211698,13.822657,100.511634,15.3,0.0,-2.4,-2.2,-34.3,325.7,0.0,0.03,0.0,24.45,76,POSCTL,0,0
2026-08-20T14:41:39,1787211699,13.822658,100.511635,16.0,0.0,-2.4,-2.2,-34.3,325.7,0.0,0.03,0.0,24.45,76,POSCTL,0,0
2026-08-20T14:41:40,1787211700,13.822658,100.511635,16.0,0.0,-2.4,-2.2,-34.3,325.7,0.0,0.03,0.0,24.45,76,POSCTL,0,0
2026-08-20T14:41:41,1787211701,13.822658,100.511635,16.0,0.0,-2.4,-2.2,-34.3,325.7,0.0,0.03,0.0,24.45,76,POSCTL,0,0
2026-08-20T14:41:42,1787211702,13.822658,100.511635,16.0,0.0,-2.4,-2.2,-34.3,325.7,0.0,0.03,0.0,24.45,76,POSCTL,0,0
2026-08-20T14:41:43,1787211703,13.822658,100.511634,15.3,-0.0,-2.4,-2.2,-34.3,325.7,0.0,-0.01,0.0,24.45,76,POSCTL,0,0
2026-08-20T14:41:44,1787211704,13.822658,100.511633,16.0,-0.0,-2.4,-2.2,-34.3,325.7,0.0,-0.01,0.0,24.45,76,POSCTL,0,0
2026-08-20T14:41:45,1787211705,13.822658,100.511633,16.0,-0.0,-2.4,-2.2,-34.4,325.6,0.0,-0.01,0.0,24.45,76,POSCTL,0,0
2026-08-20T14:41:46,1787211706,13.822658,100.511633,16.0,-0.0,-2.4,-2.2,-34.4,325.6,0.0,-0.01,0.0,24.45,76,POSCTL,0,0
2026-08-20T14:41:47,1787211707,13.822658,100.511633,16.0,-0.0,-2.4,-2.2,-34.4,325.6,0.0,-0.01,0.0,24.45,76,POSCTL,0,0
2026-08-20T14:41:48,1787211708,13.822658,100.511633,16.0,-0.0,-2.4,-2.2,-34.4,325.6,0.0,-0.01,0.0,24.45,76,POSCTL,0,0
2026-08-20T14:41:49,1787211709,13.822658,100.511633,16.0,-0.0,-2.4,-2.2,-34.4,325.6,0.0,-0.01,0.0,24.45,76,POSCTL,0,0
2026-08-20T14:41:50,1787211710,13.822657,100.511629,15.7,-0.0,-2.4,-2.2,-34.4,325.6,0.0,0.0,0.0,24.45,76,POSCTL,0,0
2026-08-20T14:41:51,1787211711,13.822657,100.511629,15.7,-0.0,-2.4,-2.2,-34.4,325.6,0.0,0.0,0.0,24.45,76,POSCTL,0,0
2026-08-20T14:41:52,1787211712,13.822657,100.511629,15.7,-0.0,-2.3,-2.2,-34.4,325.6,0.0,0.0,0.0,24.45,76,POSCTL,0,0
2026-08-20T14:41:53,1787211713,13.822657,100.511626,16.1,-0.0,-2.3,-2.2,-34.4,325.6,0.0,0.0,0.0,24.45,76,POSCTL,0,0
2026-08-20T14:41:54,1787211714,13.822658,100.511629,15.3,0.0,-2.3,-2.2,-34.4,325.6,0.0,-0.01,0.0,24.45,76,POSCTL,0,0
2026-08-20T14:41:55,1787211715,13.822658,100.511629,15.3,0.0,-2.3,-2.2,-34.4,325.6,0.0,-0.01,0.0,24.45,76,POSCTL,0,0
