iso,unix,lat,lon,alt_msl,rel_alt,roll,pitch,yaw,heading,vx,vy,vz,vbatt,batt_pct,mode,armed,in_air
2026-08-18T16:34:48,1787045688,13.822121,100.511967,28.2,0.01,2.3,-6.3,71.3,71.3,-0.13,-0.3,-0.01,22.81,46,POSCTL,0,0
2026-08-18T16:34:49,1787045689,13.822121,100.511967,28.2,0.01,2.3,-6.3,71.3,71.3,-0.13,-0.3,-0.01,22.81,46,POSCTL,0,0
2026-08-18T16:34:50,1787045690,13.822121,100.511967,28.2,0.01,2.2,-6.5,71.2,71.2,-0.13,-0.3,-0.01,22.81,46,POSCTL,0,0
2026-08-18T16:34:51,1787045691,13.822121,100.511967,28.2,0.01,2.2,-6.5,71.2,71.2,-0.13,-0.3,-0.01,22.81,46,POSCTL,0,0
2026-08-18T16:34:52,1787045692,13.822121,100.511967,28.2,0.01,2.2,-6.5,71.2,71.2,-0.13,-0.3,-0.01,22.81,46,POSCTL,0,0
2026-08-18T16:34:53,1787045693,13.822123,100.512002,55.2,-0.0,2.2,-6.5,71.2,71.2,-0.04,0.21,-0.01,22.81,46,POSCTL,0,0
2026-08-18T16:34:54,1787045694,13.822131,100.512021,33.5,-0.0,2.2,-6.5,71.2,71.2,-0.04,0.21,-0.01,22.81,46,POSCTL,0,0
2026-08-18T16:34:55,1787045695,13.822131,100.512021,33.5,-0.0,2.2,-6.5,71.2,71.2,-0.04,0.21,-0.01,22.81,46,POSCTL,0,0
2026-08-18T16:34:56,1787045696,13.822129,100.512015,55.2,0.0,2.3,-6.5,71.3,71.3,0.0,0.14,-0.01,22.81,46,POSCTL,0,0
2026-08-18T16:34:57,1787045697,13.822135,100.512026,32.3,0.0,2.3,-6.5,71.3,71.3,0.0,0.14,-0.01,22.81,46,POSCTL,0,0
2026-08-18T16:34:58,1787045698,13.822135,100.512026,32.3,0.0,2.3,-6.5,71.3,71.3,0.0,0.14,-0.01,22.8,46,POSCTL,0,0
2026-08-18T16:34:59,1787045699,13.822135,100.512026,32.3,0.0,2.3,-6.5,71.3,71.3,0.0,0.14,-0.01,22.8,46,POSCTL,0,0
2026-08-18T16:35:00,1787045700,13.822135,100.512026,32.3,0.0,2.3,-6.5,71.3,71.3,0.0,0.14,-0.01,22.8,46,POSCTL,0,0
2026-08-18T16:35:01,1787045701,13.822135,100.512026,32.3,0.0,2.3,-6.5,71.3,71.3,0.0,0.14,-0.01,22.8,46,POSCTL,0,0
2026-08-18T16:35:02,1787045702,13.822135,100.512026,32.3,0.0,2.3,-6.5,71.3,71.3,0.0,0.14,-0.01,22.8,46,POSCTL,0,0
2026-08-18T16:35:03,1787045703,13.822135,100.512026,32.3,0.0,2.2,-6.4,70.3,70.3,0.0,0.14,-0.01,22.8,46,POSCTL,0,0
2026-08-18T16:35:04,1787045704,13.822162,100.511999,37.3,0.0,2.2,-6.4,70.3,70.3,0.0,0.14,-0.01,22.8,46,POSCTL,0,0
2026-08-18T16:35:05,1787045705,13.822162,100.511999,37.3,0.0,2.2,-6.4,70.3,70.3,0.0,0.14,-0.01,22.8,46,POSCTL,0,0
2026-08-18T16:35:06,1787045706,13.822162,100.511999,37.3,0.0,2.2,-6.4,70.3,70.3,0.0,0.14,-0.01,22.8,46,POSCTL,0,0
2026-08-18T16:35:07,1787045707,13.822157,100.511998,55.1,-0.01,2.3,-6.5,74.3,74.3,0.09,0.0,0.04,22.8,46,POSCTL,0,0
2026-08-18T16:35:08,1787045708,13.822157,100.511998,55.1,-0.01,2.3,-6.5,74.3,74.3,0.09,0.0,0.04,22.8,46,POSCTL,0,0
2026-08-18T16:35:09,1787045709,13.822157,100.511998,55.1,-0.01,2.3,-6.5,74.3,74.3,0.09,0.0,0.04,22.8,46,POSCTL,0,0
2026-08-18T16:35:10,1787045710,13.822157,100.511998,55.1,-0.01,2.3,-6.5,74.3,74.3,0.09,0.0,0.04,22.8,46,POSCTL,0,0
2026-08-18T16:35:11,1787045711,13.822157,100.511998,55.1,-0.01,2.4,-6.5,73.6,73.6,0.09,0.0,0.04,22.8,46,POSCTL,0,0
2026-08-18T16:35:12,1787045712,13.822159,100.511961,25.6,-0.01,2.4,-6.5,73.6,73.6,-0.04,-0.11,-0.01,22.8,46,POSCTL,0,0
2026-08-18T16:35:13,1787045713,13.822159,100.511961,25.6,-0.01,2.4,-6.5,73.6,73.6,-0.04,-0.11,-0.01,22.8,46,POSCTL,0,0
2026-08-18T16:35:14,1787045714,13.822159,100.511961,25.6,-0.01,2.3,-6.6,72.1,72.1,-0.04,-0.11,-0.01,22.8,46,POSCTL,0,0
2026-08-18T16:35:15,1787045715,13.822162,100.511948,20.5,-0.0,2.3,-6.6,72.1,72.1,0.01,-0.11,0.0,22.8,46,POSCTL,0,0
2026-08-18T16:35:16,1787045716,13.822162,100.511948,20.5,-0.0,2.3,-6.6,72.1,72.1,0.01,-0.11,0.0,22.8,46,POSCTL,0,0
2026-08-18T16:35:17,1787045717,13.822162,100.511948,20.5,-0.0,2.3,-6.6,72.1,72.1,0.01,-0.11,0.0,22.8,46,POSCTL,0,0
2026-08-18T16:35:18,1787045718,13.822162,100.511948,20.5,-0.0,2.3,-6.6,72.1,72.1,0.01,-0.11,0.0,22.8,46,POSCTL,0,0
2026-08-18T16:35:19,1787045719,13.822162,100.511948,20.5,-0.0,2.3,-6.6,72.1,72.1,0.01,-0.11,0.0,22.8,46,POSCTL,0,0
2026-08-18T16:35:20,1787045720,13.822162,100.511948,20.5,-0.0,2.3,-6.6,72.1,72.1,0.01,-0.11,0.0,22.8,46,POSCTL,0,0
2026-08-18T16:35:21,1787045721,13.82217,100.511916,13.5,-0.0,2.3,-6.6,72.1,72.1,0.05,-0.13,0.0,22.8,46,POSCTL,0,0
2026-08-18T16:35:22,1787045722,13.82217,100.511916,13.5,-0.0,2.3,-6.6,72.1,72.1,0.05,-0.13,0.0,22.8,46,POSCTL,0,0
2026-08-18T16:35:23,1787045723,13.82217,100.511916,13.5,-0.0,2.3,-6.7,73.6,73.6,0.05,-0.13,0.0,22.8,46,POSCTL,0,0
2026-08-18T16:35:24,1787045724,13.822175,100.511907,10.7,0.0,2.3,-6.7,73.6,73.6,0.04,-0.11,0.0,22.8,46,POSCTL,0,0
2026-08-18T16:35:25,1787045725,13.822175,100.511907,10.7,0.0,2.3,-6.7,73.6,73.6,0.04,-0.11,0.0,22.8,46,POSCTL,0,0
2026-08-18T16:35:26,1787045726,13.822175,100.511907,10.7,0.0,2.4,-6.8,73.6,73.6,0.04,-0.11,0.0,22.8,46,POSCTL,0,0
2026-08-18T16:35:27,1787045727,13.822178,100.511907,9.4,0.0,2.4,-6.8,73.6,73.6,0.0,0.02,0.0,22.8,46,POSCTL,0,0
2026-08-18T16:35:28,1787045728,13.822178,100.511907,9.4,0.0,2.4,-6.8,73.6,73.6,0.0,0.02,0.0,22.8,46,POSCTL,0,0
2026-08-18T16:35:29,1787045729,13.822178,100.511907,9.4,0.0,2.4,-6.8,73.6,73.6,0.0,0.02,0.0,22.8,46,POSCTL,0,0
2026-08-18T16:35:30,1787045730,13.822178,100.511907,9.4,0.0,2.3,-6.7,73.3,73.3,0.0,0.02,0.0,22.8,46,POSCTL,0,0
2026-08-18T16:35:31,1787045731,13.822183,100.511903,7.7,0.0,2.3,-6.7,73.3,73.3,0.04,0.03,0.0,22.8,46,POSCTL,0,0
2026-08-18T16:35:32,1787045732,13.822183,100.511903,7.7,0.0,2.3,-6.7,73.3,73.3,0.04,0.03,0.0,22.8,46,POSCTL,0,0
2026-08-18T16:35:33,1787045733,13.822183,100.511903,7.7,0.0,2.3,-6.6,72.7,72.7,0.04,0.03,0.0,22.8,46,POSCTL,0,0
2026-08-18T16:35:34,1787045734,13.822188,100.511901,6.9,0.0,2.3,-6.6,72.7,72.7,0.04,0.0,0.0,22.8,46,POSCTL,0,0
2026-08-18T16:35:35,1787045735,13.822188,100.511901,6.9,0.0,2.3,-6.6,72.7,72.7,0.04,0.0,0.0,22.8,46,POSCTL,0,0
2026-08-18T16:35:36,1787045736,13.822188,100.511901,6.9,0.0,2.4,-6.6,71.7,71.7,0.04,0.0,0.0,22.8,46,POSCTL,0,0
2026-08-18T16:35:37,1787045737,13.822188,100.511901,6.9,0.0,2.4,-6.6,71.7,71.7,0.04,0.0,0.0,22.8,46,POSCTL,0,0
2026-08-18T16:35:38,1787045738,13.822188,100.511901,6.9,0.0,2.4,-6.6,71.7,71.7,0.04,0.0,0.0,22.8,46,POSCTL,0,0
2026-08-18T16:35:39,1787045739,13.822188,100.511901,6.9,0.0,2.3,-6.5,72.2,72.2,0.04,0.0,0.0,22.8,46,POSCTL,0,0
2026-08-18T16:35:40,1787045740,13.82219,100.511901,5.0,0.0,2.3,-6.5,72.2,72.2,0.0,0.0,0.0,22.8,46,POSCTL,0,0
2026-08-18T16:35:41,1787045741,13.82219,100.511901,5.0,0.0,2.3,-6.5,72.2,72.2,0.0,0.0,0.0,22.8,46,POSCTL,0,0
2026-08-18T16:35:42,1787045742,13.82219,100.511901,5.0,0.0,2.3,-6.5,72.3,72.3,0.0,0.0,0.0,22.8,46,POSCTL,0,0
2026-08-18T16:35:43,1787045743,13.822191,100.511907,4.6,0.0,2.3,-6.5,72.3,72.3,0.0,0.05,0.0,22.8,46,POSCTL,0,0
2026-08-18T16:35:44,1787045744,13.822191,100.511907,4.6,0.0,2.3,-6.5,72.3,72.3,0.0,0.05,0.0,22.8,46,POSCTL,0,0
2026-08-18T16:35:45,1787045745,13.822191,100.511907,4.6,0.0,2.2,-6.5,72.2,72.2,0.0,0.05,0.0,22.8,46,POSCTL,0,0
2026-08-18T16:35:46,1787045746,13.822191,100.511907,4.6,0.0,2.2,-6.5,72.2,72.2,0.0,0.05,0.0,22.8,46,POSCTL,0,0
2026-08-18T16:35:47,1787045747,13.822191,100.511907,4.6,0.0,2.2,-6.5,72.2,72.2,0.0,0.05,0.0,22.8,46,POSCTL,0,0
2026-08-18T16:35:48,1787045748,13.82219,100.511913,55.2,0.0,2.2,-6.4,72.0,72.0,0.0,0.12,0.0,22.8,46,POSCTL,0,0
2026-08-18T16:35:49,1787045749,13.822189,100.511917,5.7,0.0,2.2,-6.4,72.0,72.0,0.0,0.12,0.0,22.8,46,POSCTL,0,0
2026-08-18T16:35:50,1787045750,13.822189,100.511917,5.7,0.0,2.2,-6.4,72.0,72.0,0.0,0.12,0.0,22.8,46,POSCTL,0,0
2026-08-18T16:35:51,1787045751,13.822189,100.511917,5.7,0.0,2.2,-6.4,71.8,71.8,0.0,0.12,0.0,22.8,46,POSCTL,0,0
2026-08-18T16:35:52,1787045752,13.822188,100.511921,7.3,0.0,2.2,-6.4,71.8,71.8,-0.03,0.11,0.0,22.8,46,POSCTL,0,0
2026-08-18T16:35:53,1787045753,13.822188,100.511921,7.3,0.0,2.2,-6.4,71.8,71.8,-0.03,0.11,0.0,22.8,46,POSCTL,0,0
2026-08-18T16:35:54,1787045754,13.822188,100.511921,7.3,0.0,2.2,-6.4,71.8,71.8,-0.03,0.11,0.0,22.8,46,POSCTL,0,0
2026-08-18T16:35:55,1787045755,13.822188,100.511923,8.9,0.0,2.2,-6.4,71.8,71.8,-0.03,0.11,0.0,22.8,46,POSCTL,0,0
2026-08-18T16:35:56,1787045756,13.822188,100.511922,55.2,-0.0,2.2,-6.4,71.8,71.8,-0.01,0.08,0.0,22.8,46,POSCTL,0,0
2026-08-18T16:35:57,1787045757,13.822188,100.511922,55.2,-0.0,2.2,-6.4,71.8,71.8,-0.01,0.08,0.0,22.8,46,POSCTL,0,0
2026-08-18T16:35:58,1787045758,13.822188,100.511922,55.2,-0.0,2.2,-6.4,71.8,71.8,-0.01,0.08,0.0,22.8,46,POSCTL,0,0
2026-08-18T16:35:59,1787045759,13.822188,100.511922,55.2,-0.0,2.2,-6.4,71.8,71.8,-0.01,0.08,0.0,22.8,46,POSCTL,0,0
2026-08-18T16:36:00,1787045760,13.822188,100.511922,55.2,-0.0,2.2,-6.4,71.8,71.8,-0.01,0.08,0.0,22.8,46,POSCTL,0,0
2026-08-18T16:36:01,1787045761,13.822188,100.511926,12.3,-0.0,2.2,-6.4,71.8,71.8,-0.01,0.08,0.0,22.8,46,POSCTL,0,0
2026-08-18T16:36:02,1787045762,13.822188,100.511926,12.3,-0.0,2.1,-6.4,71.8,71.8,-0.01,0.08,0.0,22.8,46,POSCTL,0,0
2026-08-18T16:36:03,1787045763,13.822188,100.511928,55.2,0.0,2.1,-6.4,71.8,71.8,0.0,0.02,0.0,22.8,46,POSCTL,0,0
2026-08-18T16:36:04,1787045764,13.822187,100.511931,13.4,0.0,2.1,-6.4,71.8,71.8,0.0,0.02,0.0,22.8,46,POSCTL,0,0
2026-08-18T16:36:05,1787045765,13.822187,100.511931,13.4,0.0,2.1,-6.4,71.8,71.8,0.0,0.02,0.0,22.8,46,POSCTL,0,0
2026-08-18T16:36:06,1787045766,13.822187,100.511931,13.4,0.0,2.2,-6.4,71.9,71.9,0.0,0.02,0.0,22.8,46,POSCTL,0,0
2026-08-18T16:36:07,1787045767,13.822187,100.511931,13.4,0.0,2.2,-6.4,71.9,71.9,0.0,0.02,0.0,22.8,46,POSCTL,0,0
2026-08-18T16:36:08,1787045768,13.822187,100.511931,13.4,0.0,2.2,-6.4,71.9,71.9,0.0,0.02,0.0,22.8,46,POSCTL,0,0
2026-08-18T16:36:09,1787045769,13.822187,100.511931,13.4,0.0,2.2,-6.4,71.9,71.9,0.0,0.02,0.0,22.8,46,POSCTL,0,0
2026-08-18T16:36:10,1787045770,13.822187,100.511931,13.4,0.0,2.2,-6.4,71.9,71.9,0.0,0.02,0.0,22.8,46,POSCTL,0,0
2026-08-18T16:36:11,1787045771,13.822187,100.511931,13.4,0.0,2.2,-6.4,71.9,71.9,0.0,0.02,0.0,22.8,46,POSCTL,0,0
2026-08-18T16:36:12,1787045772,13.822187,100.511931,13.4,0.0,2.1,-6.3,72.0,72.0,0.0,0.02,0.0,22.8,46,POSCTL,0,0
2026-08-18T16:36:13,1787045773,13.822185,100.511955,18.0,0.0,2.1,-6.3,72.0,72.0,0.01,0.05,0.0,22.8,46,POSCTL,0,0
2026-08-18T16:36:14,1787045774,13.822185,100.511955,18.0,0.0,2.1,-6.3,72.0,72.0,0.01,0.05,0.0,22.8,46,POSCTL,0,0
2026-08-18T16:36:15,1787045775,13.822185,100.511955,18.0,0.0,2.1,-6.3,71.9,71.9,0.01,0.05,0.0,22.8,46,POSCTL,0,0
2026-08-18T16:36:16,1787045776,13.822185,100.511966,19.3,0.0,2.1,-6.3,71.9,71.9,-0.01,0.07,0.0,22.8,46,POSCTL,0,0
2026-08-18T16:36:17,1787045777,13.822185,100.511966,19.3,0.0,2.1,-6.3,71.9,71.9,-0.01,0.07,0.0,22.8,46,POSCTL,0,0
2026-08-18T16:36:18,1787045778,13.822185,100.511966,19.3,0.0,2.1,-6.3,71.9,71.9,-0.01,0.07,0.0,22.8,46,POSCTL,0,0
2026-08-18T16:36:19,1787045779,13.822187,100.511977,20.1,0.0,2.1,-6.3,71.9,71.9,0.02,0.09,0.0,22.8,46,POSCTL,0,0
2026-08-18T16:36:20,1787045780,13.822187,100.511977,20.1,0.0,2.1,-6.3,71.9,71.9,0.02,0.09,0.0,22.8,46,POSCTL,0,0
2026-08-18T16:36:21,1787045781,13.822187,100.511977,20.1,0.0,2.1,-6.3,71.9,71.9,0.02,0.09,0.0,22.8,46,POSCTL,0,0
2026-08-18T16:36:22,1787045782,13.822189,100.511984,20.8,0.0,2.1,-6.3,71.9,71.9,0.02,0.09,0.0,22.8,46,POSCTL,0,0
2026-08-18T16:36:23,1787045783,13.822189,100.511984,20.8,0.0,2.1,-6.3,71.9,71.9,0.02,0.09,0.0,22.8,46,POSCTL,0,0
2026-08-18T16:36:24,1787045784,13.822189,100.511984,20.8,0.0,2.1,-6.3,71.9,71.9,0.02,0.09,0.0,22.8,46,POSCTL,0,0
2026-08-18T16:36:25,1787045785,13.822189,100.511984,20.8,0.0,2.1,-6.2,71.8,71.8,0.02,0.09,0.0,22.8,46,POSCTL,0,0
2026-08-18T16:36:26,1787045786,13.82219,100.511991,21.0,0.0,2.1,-6.2,71.8,71.8,0.04,0.01,0.0,22.8,46,POSCTL,0,0
2026-08-18T16:36:27,1787045787,13.82219,100.511991,21.0,0.0,2.1,-6.2,71.8,71.8,0.04,0.01,0.0,22.8,46,POSCTL,0,0
2026-08-18T16:36:28,1787045788,13.82219,100.511991,21.0,0.0,2.1,-6.2,71.8,71.8,0.04,0.01,0.0,22.8,46,POSCTL,0,0
2026-08-18T16:36:29,1787045789,13.82219,100.511991,21.0,0.0,2.1,-6.2,71.8,71.8,0.04,0.01,0.0,22.8,46,POSCTL,0,0
2026-08-18T16:36:30,1787045790,13.82219,100.511991,21.0,0.0,2.1,-6.2,71.8,71.8,0.04,0.01,0.0,22.8,46,POSCTL,0,0
2026-08-18T16:36:31,1787045791,13.82219,100.511991,21.0,0.0,2.1,-6.2,71.8,71.8,0.04,0.01,0.0,22.8,46,POSCTL,0,0
2026-08-18T16:36:32,1787045792,13.82219,100.511991,21.0,0.0,2.1,-6.2,71.8,71.8,0.04,0.01,0.0,22.8,46,POSCTL,0,0
2026-08-18T16:36:33,1787045793,13.822201,100.512028,54.5,-0.45,0.8,-4.5,67.4,67.4,0.29,0.07,0.07,22.8,46,POSCTL,0,0
2026-08-18T16:36:34,1787045794,13.822201,100.512028,54.5,-0.45,0.8,-4.5,67.4,67.4,0.29,0.07,0.07,22.8,46,POSCTL,0,0
2026-08-18T16:36:35,1787045795,13.822192,100.512035,19.2,-0.45,0.8,-4.5,67.4,67.4,0.29,0.07,0.07,22.8,46,POSCTL,0,0
2026-08-18T16:36:36,1787045796,13.822192,100.512035,19.2,-0.45,0.8,-4.5,67.4,67.4,0.29,0.07,0.07,22.8,46,POSCTL,0,0
2026-08-18T16:36:37,1787045797,13.822183,100.512038,19.9,0.0,1.3,-4.1,66.9,66.9,0.13,0.04,0.0,22.8,46,POSCTL,0,0
2026-08-18T16:36:38,1787045798,13.822183,100.512038,19.9,0.0,1.3,-4.1,66.9,66.9,0.13,0.04,0.0,22.8,46,POSCTL,0,0
2026-08-18T16:36:39,1787045799,13.822183,100.512038,19.9,0.0,1.5,-3.9,66.7,66.7,0.13,0.04,0.0,22.8,46,POSCTL,0,0
2026-08-18T16:36:40,1787045800,13.822183,100.512038,19.9,0.0,1.5,-3.9,66.7,66.7,0.13,0.04,0.0,22.8,46,POSCTL,0,0
2026-08-18T16:36:41,1787045801,13.822183,100.512038,19.9,0.0,1.5,-3.9,66.7,66.7,0.13,0.04,0.0,22.8,46,POSCTL,0,0
2026-08-18T16:36:42,1787045802,13.822183,100.512038,19.9,0.0,1.5,-3.9,66.7,66.7,0.13,0.04,0.0,22.8,46,POSCTL,0,0
2026-08-18T16:36:43,1787045803,13.822183,100.512038,19.9,0.0,1.5,-3.9,66.7,66.7,0.13,0.04,0.0,22.8,46,POSCTL,0,0
2026-08-18T16:36:44,1787045804,13.822183,100.512038,19.9,0.0,1.5,-3.9,66.7,66.7,0.13,0.04,0.0,22.8,46,OFFBOARD,0,0
2026-08-18T16:36:45,1787045805,13.822166,100.512033,20.1,0.0,1.7,-3.9,66.2,66.2,0.13,0.04,0.0,22.8,46,OFFBOARD,0,0
2026-08-18T16:36:46,1787045806,13.822173,100.512033,54.6,0.0,1.7,-3.9,66.2,66.2,-0.06,-0.05,0.0,22.8,46,OFFBOARD,0,0
2026-08-18T16:36:47,1787045807,13.822173,100.512033,54.6,0.0,1.7,-3.9,66.2,66.2,-0.06,-0.05,0.0,22.8,46,POSCTL,0,0
2026-08-18T16:36:48,1787045808,13.822173,100.512033,54.6,0.0,1.7,-4.0,66.0,66.0,-0.06,-0.05,0.0,22.8,46,POSCTL,0,0
2026-08-18T16:36:49,1787045809,13.822161,100.512031,20.3,0.0,1.7,-4.0,66.0,66.0,-0.06,-0.05,0.0,22.8,46,POSCTL,0,0
2026-08-18T16:36:50,1787045810,13.822161,100.512031,20.3,0.0,1.7,-4.0,66.0,66.0,-0.06,-0.05,0.0,22.8,46,POSCTL,0,0
2026-08-18T16:36:51,1787045811,13.822161,100.512031,20.3,0.0,1.7,-4.0,66.0,66.0,-0.06,-0.05,0.0,22.8,46,POSCTL,0,0
2026-08-18T16:36:52,1787045812,13.822161,100.512031,20.3,0.0,1.7,-4.0,66.0,66.0,-0.06,-0.05,0.0,22.8,46,POSCTL,0,0
2026-08-18T16:36:53,1787045813,13.822161,100.512031,20.3,0.0,1.7,-4.0,66.0,66.0,-0.06,-0.05,0.0,22.8,46,POSCTL,0,0
2026-08-18T16:36:54,1787045814,13.822161,100.512031,20.3,0.0,1.7,-4.0,66.0,66.0,-0.06,-0.05,0.0,22.8,46,POSCTL,0,0
2026-08-18T16:36:55,1787045815,13.822162,100.512034,54.6,0.05,1.6,-4.0,65.8,65.8,0.03,0.02,0.0,22.8,46,POSCTL,0,0
2026-08-18T16:36:56,1787045816,13.822159,100.512036,21.5,0.05,1.6,-4.0,65.8,65.8,0.03,0.02,0.0,22.8,46,POSCTL,0,0
2026-08-18T16:36:57,1787045817,13.822159,100.512036,21.5,0.05,1.6,-4.0,65.8,65.8,0.03,0.02,0.0,22.8,46,POSCTL,0,0
2026-08-18T16:36:58,1787045818,13.822159,100.512036,21.5,0.05,1.6,-4.0,65.8,65.8,0.03,0.02,0.0,22.8,46,POSCTL,0,0
2026-08-18T16:36:59,1787045819,13.822161,100.512035,54.6,0.07,1.6,-4.0,65.8,65.8,0.02,0.0,0.0,22.8,46,POSCTL,0,0
2026-08-18T16:37:00,1787045820,13.822161,100.512035,54.6,0.07,1.6,-4.0,65.8,65.8,0.02,0.0,0.0,22.8,46,POSCTL,0,0
2026-08-18T16:37:01,1787045821,13.822161,100.512035,54.6,0.07,1.6,-4.0,65.8,65.8,0.02,0.0,0.0,22.8,46,POSCTL,0,0
2026-08-18T16:37:02,1787045822,13.822161,100.512038,54.7,0.09,1.6,-4.0,65.8,65.8,0.0,0.02,0.0,22.8,46,POSCTL,0,0
2026-08-18T16:37:03,1787045823,13.822162,100.512044,22.0,0.09,1.6,-4.0,65.8,65.8,0.0,0.02,0.0,22.8,46,POSCTL,0,0
2026-08-18T16:37:04,1787045824,13.822162,100.512044,22.0,0.09,1.7,-4.0,65.8,65.8,0.0,0.02,0.0,22.8,46,POSCTL,0,0
2026-08-18T16:37:05,1787045825,13.822162,100.512044,22.0,0.09,1.7,-4.0,65.8,65.8,0.0,0.02,0.0,22.8,46,POSCTL,0,0
2026-08-18T16:37:06,1787045826,13.822166,100.512051,22.3,0.02,1.7,-4.0,65.8,65.8,0.02,0.06,0.0,22.8,46,POSCTL,0,0
2026-08-18T16:37:07,1787045827,13.822166,100.512051,22.3,0.02,1.7,-3.9,65.8,65.8,0.02,0.06,0.0,22.8,46,POSCTL,0,0
2026-08-18T16:37:08,1787045828,13.822166,100.512051,22.3,0.02,1.7,-3.9,65.8,65.8,0.02,0.06,0.0,22.8,46,POSCTL,0,0
2026-08-18T16:37:09,1787045829,13.822166,100.51205,54.7,0.0,1.7,-3.9,65.8,65.8,0.04,0.05,0.0,22.8,46,POSCTL,0,0
2026-08-18T16:37:10,1787045830,13.822166,100.51205,54.7,0.0,1.7,-3.9,65.8,65.8,0.04,0.05,0.0,22.8,46,POSCTL,0,0
2026-08-18T16:37:11,1787045831,13.822166,100.51205,54.7,0.0,1.7,-3.9,65.9,65.9,0.04,0.05,0.0,22.8,46,POSCTL,0,0
2026-08-18T16:37:12,1787045832,13.822166,100.51205,54.7,0.0,1.7,-3.9,65.9,65.9,0.04,0.05,0.0,22.8,46,POSCTL,0,0
2026-08-18T16:37:13,1787045833,13.822172,100.512056,22.6,0.02,1.7,-3.9,65.9,65.9,0.02,0.03,0.0,22.8,46,POSCTL,0,0
2026-08-18T16:37:14,1787045834,13.822172,100.512056,22.6,0.02,1.7,-3.9,65.9,65.9,0.02,0.03,0.0,22.8,46,POSCTL,0,0
2026-08-18T16:37:15,1787045835,13.822172,100.512056,22.6,0.02,1.7,-3.9,65.9,65.9,0.02,0.03,0.0,22.8,46,POSCTL,0,0
2026-08-18T16:37:16,1787045836,13.822172,100.512056,54.7,0.0,1.7,-3.9,65.9,65.9,0.02,0.01,0.0,22.8,46,POSCTL,0,0
2026-08-18T16:37:17,1787045837,13.822172,100.512056,54.7,0.0,1.8,-3.9,65.9,65.9,0.02,0.01,0.0,22.8,46,POSCTL,0,0
2026-08-18T16:37:18,1787045838,13.822172,100.512056,54.7,0.0,1.8,-3.9,65.9,65.9,0.02,0.01,0.0,22.8,46,POSCTL,0,0
2026-08-18T16:37:19,1787045839,13.822172,100.512056,54.7,0.0,1.7,-3.9,65.9,65.9,0.02,0.01,0.0,22.8,46,POSCTL,0,0
2026-08-18T16:37:20,1787045840,13.822172,100.512056,54.7,0.0,1.7,-3.9,65.9,65.9,0.02,0.01,0.0,22.8,46,POSCTL,0,0
2026-08-18T16:37:21,1787045841,13.822176,100.512057,22.2,-0.01,1.7,-3.9,66.0,66.0,0.0,-0.02,0.0,22.8,46,POSCTL,0,0
2026-08-18T16:37:22,1787045842,13.822176,100.512057,22.2,-0.01,1.7,-3.9,66.0,66.0,0.0,-0.02,0.0,22.8,46,POSCTL,0,0
2026-08-18T16:37:23,1787045843,13.822176,100.512057,22.2,-0.01,1.8,-4.0,66.0,66.0,0.0,-0.02,0.0,22.8,46,POSCTL,0,0
2026-08-18T16:37:24,1787045844,13.822176,100.512057,22.2,-0.01,1.8,-4.0,66.0,66.0,0.0,-0.02,0.0,22.8,46,POSCTL,0,0
2026-08-18T16:37:25,1787045845,13.822176,100.512057,22.2,-0.01,1.8,-4.0,66.0,66.0,0.0,-0.02,0.0,22.8,46,POSCTL,0,0
2026-08-18T16:37:26,1787045846,13.822176,100.512057,22.2,-0.01,1.8,-4.0,66.0,66.0,0.0,-0.02,0.0,22.8,46,POSCTL,0,0
2026-08-18T16:37:27,1787045847,13.822176,100.512057,22.2,-0.01,1.8,-4.0,66.0,66.0,0.0,-0.02,0.0,22.8,46,POSCTL,0,0
2026-08-18T16:37:28,1787045848,13.822174,100.512058,23.0,-0.01,1.8,-4.0,66.0,66.0,0.0,-0.02,0.0,22.8,46,POSCTL,0,0
2026-08-18T16:37:29,1787045849,13.822174,100.512058,23.0,-0.01,1.8,-4.0,66.0,66.0,0.0,-0.02,0.0,22.8,46,POSCTL,0,0
2026-08-18T16:37:30,1787045850,13.822174,100.512058,23.0,-0.01,1.7,-4.0,66.1,66.1,0.0,-0.02,0.0,22.8,46,POSCTL,0,0
2026-08-18T16:37:31,1787045851,13.822174,100.512058,23.0,-0.01,1.7,-4.0,66.1,66.1,0.0,-0.02,0.0,22.8,46,0,0,0
2026-08-18T16:37:32,1787045852,13.82217,100.51206,23.4,0.02,1.7,-4.0,66.1,66.1,-0.04,0.03,0.0,22.8,46,0,0,0
2026-08-18T16:37:33,1787045853,13.82217,100.51206,23.4,0.02,1.7,-4.0,66.1,66.1,-0.04,0.03,0.0,22.8,46,0,0,0
2026-08-18T16:37:34,1787045854,13.82217,100.51206,23.4,0.02,1.7,-4.0,66.1,66.1,-0.04,0.03,0.0,22.8,46,0,0,0
2026-08-18T16:37:35,1787045855,13.82217,100.51206,23.4,0.02,1.7,-4.0,66.1,66.1,-0.04,0.03,0.0,22.8,46,0,0,0
2026-08-18T16:37:36,1787045856,13.82217,100.51206,23.4,0.02,1.7,-4.0,66.1,66.1,-0.04,0.03,0.0,22.8,46,0,0,0
2026-08-18T16:37:37,1787045857,13.822167,100.51206,54.8,0.04,1.7,-4.0,66.1,66.1,0.0,0.0,0.0,22.8,46,0,0,0
2026-08-18T16:37:38,1787045858,13.822167,100.51206,54.8,0.04,1.7,-4.0,66.1,66.1,0.0,0.0,0.0,22.8,46,0,0,0
2026-08-18T16:37:39,1787045859,13.822167,100.51206,54.8,0.04,1.7,-4.0,66.1,66.1,0.0,0.0,0.0,22.8,46,0,0,0
2026-08-18T16:37:40,1787045860,13.822167,100.51206,54.8,0.04,1.6,-4.0,66.1,66.1,0.0,0.0,0.0,22.8,46,0,0,0
2026-08-18T16:37:41,1787045861,13.822157,100.51205,22.7,-0.0,1.6,-4.0,66.1,66.1,0.0,-0.06,0.0,22.8,46,0,0,0
2026-08-18T16:37:42,1787045862,13.822157,100.51205,22.7,-0.0,1.6,-4.0,66.1,66.1,0.0,-0.06,0.0,22.8,46,0,0,0
2026-08-18T16:37:43,1787045863,13.822157,100.51205,22.7,-0.0,1.6,-4.0,66.1,66.1,0.0,-0.06,0.0,22.8,46,0,0,0
2026-08-18T16:37:44,1787045864,13.822157,100.51205,22.7,-0.0,1.7,-4.1,66.1,66.1,0.0,-0.06,0.0,22.8,46,0,0,0
2026-08-18T16:37:45,1787045865,13.822155,100.512049,22.2,-0.02,1.7,-4.1,66.1,66.1,-0.01,0.01,0.0,22.8,46,0,0,0
2026-08-18T16:37:46,1787045866,13.822155,100.512049,22.2,-0.02,1.7,-4.1,66.1,66.1,-0.01,0.01,0.0,22.8,46,0,0,0
2026-08-18T16:37:47,1787045867,13.822155,100.512049,22.2,-0.02,1.7,-4.1,66.1,66.1,-0.01,0.01,0.0,22.8,46,0,0,0
2026-08-18T16:37:48,1787045868,13.822155,100.512049,22.2,-0.02,1.7,-4.1,66.1,66.1,-0.01,0.01,0.0,22.8,46,0,0,0
2026-08-18T16:37:51,1787045871,13.822155,100.512049,22.2,-0.02,1.7,-4.1,66.1,66.1,-0.01,0.01,0.0,22.8,46,0,0,0
2026-08-18T16:37:52,1787045872,13.822155,100.512049,22.2,-0.02,1.7,-4.0,66.2,66.2,-0.01,0.01,0.0,22.8,46,0,0,0
2026-08-18T16:37:53,1787045873,13.82216,100.51205,20.7,-0.09,1.7,-4.0,66.2,66.2,0.02,-0.04,0.0,22.8,46,0,0,0
2026-08-18T16:37:54,1787045874,13.82216,100.51205,20.7,-0.09,1.7,-4.0,66.2,66.2,0.02,-0.04,0.0,22.8,46,0,0,0
2026-08-18T16:37:55,1787045875,13.82216,100.51205,20.7,-0.09,1.7,-4.0,66.2,66.2,0.02,-0.04,0.0,22.8,46,0,0,0
2026-08-18T16:37:56,1787045876,13.82216,100.51205,20.7,-0.09,1.8,-4.1,66.2,66.2,0.02,-0.04,0.0,22.8,46,0,0,0
2026-08-18T16:37:57,1787045877,13.82216,100.51205,20.7,-0.09,1.8,-4.1,66.2,66.2,0.02,-0.04,0.0,22.8,46,0,0,0
2026-08-18T16:37:58,1787045878,13.82216,100.51205,20.7,-0.09,1.8,-4.1,66.2,66.2,0.02,-0.04,0.0,22.8,46,0,0,0
2026-08-18T16:37:59,1787045879,13.82216,100.51205,20.7,-0.09,1.8,-4.1,66.2,66.2,0.02,-0.04,0.0,22.8,46,0,0,0
2026-08-18T16:38:00,1787045880,13.822165,100.512049,19.2,-0.15,1.8,-4.0,66.2,66.2,0.02,0.04,0.0,22.8,46,0,0,0
2026-08-18T16:38:01,1787045881,13.822165,100.512049,19.2,-0.15,1.8,-4.0,66.2,66.2,0.02,0.04,0.0,22.8,46,0,0,0
2026-08-18T16:38:02,1787045882,13.822165,100.512049,19.2,-0.15,1.8,-4.0,66.2,66.2,0.02,0.04,0.0,22.8,46,0,0,0
2026-08-18T16:38:03,1787045883,13.822165,100.512049,19.2,-0.15,1.7,-3.9,66.2,66.2,0.02,0.04,0.0,22.8,46,0,0,0
2026-08-18T16:38:04,1787045884,13.822168,100.512047,18.4,-0.2,1.7,-3.9,66.2,66.2,0.02,-0.04,0.0,22.8,46,0,0,0
2026-08-18T16:38:05,1787045885,13.822168,100.512047,18.4,-0.2,1.7,-3.9,66.2,66.2,0.02,-0.04,0.0,22.8,46,0,0,0
2026-08-18T16:38:06,1787045886,13.822168,100.512047,18.4,-0.2,1.7,-3.9,66.2,66.2,0.02,-0.04,0.0,22.8,46,0,0,0
2026-08-18T16:38:07,1787045887,13.822168,100.512047,18.4,-0.2,1.7,-3.9,66.2,66.2,0.02,-0.04,0.0,22.8,46,0,0,0
2026-08-18T16:38:09,1787045889,13.822167,100.512047,54.5,-0.01,1.7,-3.9,66.2,66.2,0.0,0.02,0.0,22.8,46,0,0,0
2026-08-18T16:38:10,1787045890,13.822167,100.512047,54.5,-0.01,1.7,-3.9,66.2,66.2,0.0,0.02,0.0,22.8,46,0,0,0
2026-08-18T16:38:11,1787045891,13.822166,100.51205,54.5,-0.03,1.8,-4.0,66.2,66.2,-0.01,0.06,0.0,22.8,46,0,0,0
2026-08-18T16:38:12,1787045892,13.822165,100.512051,18.2,-0.03,1.8,-4.0,66.2,66.2,-0.01,0.06,0.0,22.8,46,POSCTL,0,0
2026-08-18T16:38:13,1787045893,13.822165,100.512051,18.2,-0.03,1.8,-4.0,66.2,66.2,-0.01,0.06,0.0,22.8,46,0,0,0
2026-08-18T16:38:14,1787045894,13.822165,100.512051,18.2,-0.03,1.7,-3.9,66.2,66.2,-0.01,0.06,0.0,22.8,46,0,0,0
2026-08-18T16:38:15,1787045895,13.822163,100.512052,18.3,-0.03,1.7,-3.9,66.2,66.2,-0.02,-0.04,0.0,22.8,46,0,0,0
2026-08-18T16:38:16,1787045896,13.822163,100.512052,18.3,-0.03,1.7,-3.9,66.2,66.2,-0.02,-0.04,0.0,22.8,46,0,0,0
2026-08-18T16:38:17,1787045897,13.822163,100.512052,18.3,-0.03,1.7,-3.9,66.2,66.2,-0.02,-0.04,0.0,22.8,46,0,0,0
2026-08-18T16:38:18,1787045898,13.822163,100.512052,18.3,-0.03,1.6,-4.0,66.2,66.2,-0.02,-0.04,0.0,22.8,46,0,0,0
2026-08-18T16:38:19,1787045899,13.822162,100.512054,18.7,-0.02,1.6,-4.0,66.2,66.2,0.0,0.0,0.0,22.8,46,0,0,0
2026-08-18T16:38:20,1787045900,13.822162,100.512054,18.7,-0.02,1.6,-4.0,66.2,66.2,0.0,0.0,0.0,22.8,46,0,0,0
2026-08-18T16:38:21,1787045901,13.822162,100.512054,18.7,-0.02,1.7,-4.0,66.2,66.2,0.0,0.0,0.0,22.8,45,0,0,0
2026-08-18T16:38:22,1787045902,13.822162,100.512054,18.7,-0.02,1.7,-4.0,66.2,66.2,0.0,0.0,0.0,22.8,45,0,0,0
2026-08-18T16:38:23,1787045903,13.822161,100.512057,18.8,0.0,1.7,-4.0,66.3,66.3,0.0,0.06,0.0,22.8,45,0,0,0
2026-08-18T16:38:24,1787045904,13.822161,100.512057,18.8,0.0,1.7,-4.0,66.3,66.3,0.0,0.06,0.0,22.8,45,0,0,0
2026-08-18T16:38:25,1787045905,13.822161,100.512057,18.8,0.0,1.7,-4.0,66.3,66.3,0.0,0.06,0.0,22.8,45,0,0,0
2026-08-18T16:38:26,1787045906,13.822161,100.512057,18.8,0.0,1.7,-4.0,66.3,66.3,0.0,0.06,0.0,22.8,45,0,0,0
2026-08-18T16:38:27,1787045907,13.822161,100.512057,18.8,0.0,1.7,-4.0,66.3,66.3,0.0,0.06,0.0,22.8,45,0,0,0
2026-08-18T16:38:28,1787045908,13.822161,100.512057,18.8,0.0,1.7,-4.0,66.3,66.3,0.0,0.06,0.0,22.8,45,0,0,0
2026-08-18T16:38:29,1787045909,13.822161,100.512057,18.8,0.0,1.7,-4.0,66.3,66.3,0.0,0.06,0.0,22.8,45,0,0,0
2026-08-18T16:38:30,1787045910,13.822161,100.512057,18.8,0.0,1.7,-4.0,66.3,66.3,0.0,0.06,0.0,22.8,45,0,0,0
2026-08-18T16:38:31,1787045911,13.822163,100.512058,18.5,-0.0,1.7,-4.0,66.3,66.3,0.01,0.0,0.0,22.8,45,0,0,0
2026-08-18T16:38:32,1787045912,13.822163,100.512058,18.5,-0.0,1.7,-4.0,66.3,66.3,0.01,0.0,0.0,22.8,45,0,0,0
2026-08-18T16:38:33,1787045913,13.822163,100.512058,18.5,-0.0,1.7,-4.0,66.2,66.2,0.01,0.0,0.0,22.8,45,0,0,0
2026-08-18T16:38:34,1787045914,13.822163,100.512058,18.5,-0.0,1.7,-4.0,66.2,66.2,0.01,0.0,0.0,22.8,45,0,0,0
2026-08-18T16:38:35,1787045915,13.822163,100.512058,18.5,-0.0,1.7,-4.0,66.2,66.2,0.01,0.0,0.0,22.8,45,0,0,0
2026-08-18T16:38:36,1787045916,13.822163,100.512058,18.5,-0.0,1.7,-4.0,66.2,66.2,0.01,0.0,0.0,22.8,45,0,0,0
2026-08-18T16:38:37,1787045917,13.822163,100.512058,18.5,-0.0,1.7,-4.0,66.2,66.2,0.01,0.0,0.0,22.8,45,0,0,0
2026-08-18T16:38:38,1787045918,13.822169,100.512064,17.8,-0.02,1.7,-3.9,66.2,66.2,0.02,0.0,0.0,22.8,45,0,0,0
2026-08-18T16:38:39,1787045919,13.822169,100.512064,17.8,-0.02,1.7,-3.9,66.2,66.2,0.02,0.0,0.0,22.8,45,0,0,0
2026-08-18T16:38:40,1787045920,13.822169,100.512064,17.8,-0.02,1.7,-3.9,66.2,66.2,0.02,0.0,0.0,22.8,45,POSCTL,0,0
2026-08-18T16:38:41,1787045921,13.822169,100.512064,17.8,-0.02,1.7,-3.9,66.2,66.2,0.02,0.0,0.0,22.8,45,0,0,0
2026-08-18T16:38:42,1787045922,13.822169,100.512064,17.8,-0.02,1.7,-3.9,66.2,66.2,0.02,0.0,0.0,22.8,45,0,0,0
2026-08-18T16:38:43,1787045923,13.822169,100.512064,17.8,-0.02,1.7,-3.9,66.2,66.2,0.02,0.0,0.0,22.8,45,POSCTL,0,0
2026-08-18T16:38:44,1787045924,13.822169,100.512064,17.8,-0.02,1.7,-3.9,66.2,66.2,0.02,0.0,0.0,22.8,45,POSCTL,0,0
2026-08-18T16:38:45,1787045925,13.822169,100.512064,17.8,-0.02,1.8,-4.0,66.2,66.2,0.02,0.0,0.0,22.8,45,0,0,0
2026-08-18T16:38:46,1787045926,13.822173,100.512072,17.5,-0.01,1.8,-4.0,66.2,66.2,0.01,0.05,0.0,22.8,45,0,0,0
2026-08-18T16:38:47,1787045927,13.822173,100.512072,17.5,-0.01,1.8,-4.0,66.2,66.2,0.01,0.05,0.0,22.8,45,0,0,0
2026-08-18T16:38:48,1787045928,13.822173,100.512072,17.5,-0.01,1.8,-4.0,66.2,66.2,0.01,0.05,0.0,22.8,45,0,0,0
2026-08-18T16:38:49,1787045929,13.822173,100.512072,17.5,-0.01,1.7,-3.9,66.2,66.2,0.01,0.05,0.0,22.8,45,0,0,0
2026-08-18T16:38:50,1787045930,13.822174,100.512076,17.2,-0.0,1.7,-3.9,66.2,66.2,0.02,0.01,0.0,22.8,45,0,0,0
2026-08-18T16:38:51,1787045931,13.822174,100.512076,17.2,-0.0,1.7,-3.9,66.2,66.2,0.02,0.01,0.0,22.8,45,0,0,0
2026-08-18T16:38:52,1787045932,13.822174,100.512076,17.2,-0.0,1.7,-3.9,66.2,66.2,0.02,0.01,0.0,22.8,45,0,0,0
2026-08-18T16:38:53,1787045933,13.822174,100.512076,17.2,-0.0,1.7,-3.9,66.2,66.2,0.02,0.01,0.0,22.8,45,0,0,0
2026-08-18T16:38:54,1787045934,13.822174,100.512076,17.2,-0.0,1.7,-3.9,66.2,66.2,0.02,0.01,0.0,22.8,45,POSCTL,0,0
2026-08-18T16:38:55,1787045935,13.822174,100.512076,17.2,-0.0,1.7,-3.9,66.2,66.2,0.02,0.01,0.0,22.8,45,0,0,0
2026-08-18T16:38:56,1787045936,13.822174,100.512076,17.2,-0.0,1.7,-3.9,66.2,66.2,0.02,0.01,0.0,22.8,45,POSCTL,0,0
2026-08-18T16:38:57,1787045937,13.822175,100.512085,16.8,-0.0,1.7,-3.9,66.2,66.2,-0.02,0.08,0.0,22.8,45,0,0,0
2026-08-18T16:38:58,1787045938,13.822175,100.512085,16.8,-0.0,1.8,-3.9,66.2,66.2,-0.02,0.08,0.0,22.8,45,0,0,0
2026-08-18T16:38:59,1787045939,13.822175,100.512085,16.8,-0.0,1.7,-3.9,66.2,66.2,-0.02,0.08,0.0,22.8,45,0,0,0
2026-08-18T16:39:00,1787045940,13.822175,100.512085,16.8,-0.0,1.7,-3.9,66.2,66.2,-0.02,0.08,0.0,22.8,45,POSCTL,0,0
2026-08-18T16:39:01,1787045941,13.822175,100.512085,16.8,-0.0,1.7,-3.9,66.2,66.2,-0.02,0.08,0.0,22.8,45,0,0,0
2026-08-18T16:39:02,1787045942,13.822173,100.512087,16.6,-0.0,1.6,-3.9,66.2,66.2,-0.02,0.08,0.0,22.8,45,0,0,0
2026-08-18T16:39:03,1787045943,13.822175,100.512086,54.5,-0.01,1.6,-3.9,66.2,66.2,0.01,-0.01,0.0,22.8,45,0,0,0
2026-08-18T16:39:04,1787045944,13.822175,100.512086,54.5,-0.01,1.6,-3.9,66.2,66.2,0.01,-0.01,0.0,22.8,45,POSCTL,0,0
2026-08-18T16:39:05,1787045945,13.822175,100.512086,54.5,-0.01,-0.9,5.5,81.1,81.1,0.01,-0.01,0.0,22.8,45,0,0,0
2026-08-18T16:39:06,1787045946,13.822171,100.512084,55.1,0.56,-0.9,5.5,81.1,81.1,-0.56,-0.79,-0.21,22.8,45,0,0,0
2026-08-18T16:39:07,1787045947,13.822171,100.512084,55.1,0.56,-0.9,5.5,81.1,81.1,-0.56,-0.79,-0.21,22.8,45,0,0,0
2026-08-18T16:39:08,1787045948,13.822171,100.512084,55.1,0.56,-0.9,5.5,81.1,81.1,-0.56,-0.79,-0.21,22.8,45,0,0,0
2026-08-18T16:39:09,1787045949,13.822171,100.512084,55.1,0.56,-0.9,5.5,81.1,81.1,-0.56,-0.79,-0.21,22.8,45,0,0,0
2026-08-18T16:39:10,1787045950,13.822171,100.512084,55.1,0.56,-1.8,-1.4,-81.4,278.6,-0.56,-0.79,-0.21,22.8,45,0,0,0
2026-08-18T16:39:11,1787045951,13.822171,100.512084,55.1,0.56,-1.8,-1.4,-81.4,278.6,-0.56,-0.79,-0.21,22.8,45,0,0,0
2026-08-18T16:39:12,1787045952,13.822171,100.512084,55.1,0.56,-1.8,-1.4,-81.4,278.6,-0.56,-0.79,-0.21,22.79,45,0,0,0
2026-08-18T16:39:13,1787045953,13.822171,100.512084,55.1,0.56,-0.2,-2.8,-80.7,279.3,-0.56,-0.79,-0.21,22.79,45,0,0,0
2026-08-18T16:39:14,1787045954,13.822167,100.512066,15.2,0.24,-0.2,-2.8,-80.7,279.3,-0.39,0.03,0.04,22.79,45,0,0,0
2026-08-18T16:39:15,1787045955,13.822167,100.512066,15.2,0.24,-0.2,-2.8,-80.7,279.3,-0.39,0.03,0.04,22.79,45,0,0,0
2026-08-18T16:39:16,1787045956,13.822167,100.512066,15.2,0.24,-0.2,-2.8,-80.7,279.3,-0.39,0.03,0.04,22.79,45,0,0,0
2026-08-18T16:39:17,1787045957,13.822167,100.512066,15.2,0.24,-0.2,-2.8,-80.7,279.3,-0.39,0.03,0.04,22.79,45,0,0,0
2026-08-18T16:39:18,1787045958,13.822167,100.512066,15.2,0.24,-0.2,-2.8,-80.7,279.3,-0.39,0.03,0.04,22.79,45,0,0,0
2026-08-18T16:39:19,1787045959,13.822167,100.512066,15.2,0.24,-0.2,-2.8,-80.7,279.3,-0.39,0.03,0.04,22.79,45,0,0,0
2026-08-18T16:39:20,1787045960,13.822167,100.512066,15.2,0.24,-0.2,-2.8,-80.7,279.3,-0.39,0.03,0.04,22.79,45,POSCTL,0,0
2026-08-18T16:39:21,1787045961,13.822167,100.512066,15.2,0.24,0.6,-2.9,-79.6,280.4,-0.39,0.03,0.04,22.79,45,0,0,0
2026-08-18T16:39:22,1787045962,13.822175,100.512064,16.3,0.06,0.6,-2.9,-79.6,280.4,0.15,0.07,0.0,22.79,45,POSCTL,0,0
2026-08-18T16:39:23,1787045963,13.822175,100.512064,16.3,0.06,0.6,-2.9,-79.6,280.4,0.15,0.07,0.0,22.79,45,0,0,0
2026-08-18T16:39:24,1787045964,13.822175,100.512064,16.3,0.06,0.6,-2.9,-79.6,280.4,0.15,0.07,0.0,22.79,45,0,0,0
2026-08-18T16:39:25,1787045965,13.822176,100.512065,53.9,0.12,0.4,-3.0,-79.3,280.7,0.11,0.02,0.0,22.79,45,0,0,0
2026-08-18T16:39:26,1787045966,13.822178,100.512063,16.5,0.12,0.4,-3.0,-79.3,280.7,0.11,0.02,0.0,22.79,45,0,0,0
2026-08-18T16:39:27,1787045967,13.822178,100.512063,16.5,0.12,0.4,-3.0,-79.3,280.7,0.11,0.02,0.0,22.79,45,POSCTL,0,0
2026-08-18T16:39:28,1787045968,13.822178,100.512063,16.5,0.12,0.4,-3.0,-79.3,280.7,0.11,0.02,0.0,22.79,45,POSCTL,0,0
2026-08-18T16:39:29,1787045969,13.822178,100.512063,16.5,0.12,0.4,-3.0,-79.3,280.7,0.11,0.02,0.0,22.79,45,POSCTL,0,0
2026-08-18T16:39:30,1787045970,13.822178,100.512063,16.5,0.12,0.4,-3.0,-79.3,280.7,0.11,0.02,0.0,22.79,45,0,0,0
2026-08-18T16:39:31,1787045971,13.822178,100.512063,16.5,0.12,0.1,-2.9,-78.8,281.2,0.11,0.02,0.0,22.79,45,0,0,0
2026-08-18T16:39:32,1787045972,13.822178,100.512063,16.5,0.12,0.1,-2.9,-78.8,281.2,0.11,0.02,0.0,22.79,45,0,0,0
2026-08-18T16:39:33,1787045973,13.822183,100.512064,54.0,0.13,0.1,-2.9,-78.8,281.2,0.05,0.07,0.0,22.79,45,0,0,0
2026-08-18T16:39:34,1787045974,13.822185,100.512062,17.7,0.13,0.1,-3.0,-78.7,281.3,0.05,0.07,0.0,22.79,45,0,0,0
2026-08-18T16:39:35,1787045975,13.822185,100.512062,17.7,0.13,0.1,-3.0,-78.7,281.3,0.05,0.07,0.0,22.79,45,0,0,0
2026-08-18T16:39:36,1787045976,13.822185,100.512062,17.7,0.13,0.1,-3.0,-78.7,281.3,0.05,0.07,0.0,22.79,45,0,0,0
2026-08-18T16:39:37,1787045977,13.822185,100.512062,17.7,0.13,0.1,-3.0,-78.7,281.3,0.05,0.07,0.0,22.79,45,0,0,0
2026-08-18T16:39:38,1787045978,13.822185,100.512062,17.7,0.13,0.1,-3.0,-78.7,281.3,0.05,0.07,0.0,22.79,45,0,0,0
2026-08-18T16:39:39,1787045979,13.822185,100.512062,17.7,0.13,0.1,-3.0,-78.7,281.3,0.05,0.07,0.0,22.79,45,0,0,0
2026-08-18T16:39:40,1787045980,13.822185,100.512062,17.7,0.13,0.1,-3.0,-78.7,281.3,0.05,0.07,0.0,22.79,45,0,0,0
2026-08-18T16:39:41,1787045981,13.822185,100.512062,17.7,0.13,0.1,-3.0,-78.7,281.3,0.05,0.07,0.0,22.79,45,0,0,0
2026-08-18T16:39:42,1787045982,13.822185,100.512062,17.7,0.13,0.0,-3.0,-78.5,281.5,0.05,0.07,0.0,22.79,45,0,0,0
2026-08-18T16:39:43,1787045983,13.822185,100.512061,18.4,0.08,0.0,-3.0,-78.5,281.5,0.04,-0.01,0.0,22.79,45,0,0,0
2026-08-18T16:39:44,1787045984,13.822185,100.512061,18.4,0.08,-0.1,-3.0,-78.5,281.5,0.04,-0.01,0.0,22.79,45,0,0,0
2026-08-18T16:39:45,1787045985,13.822185,100.512061,18.4,0.08,-0.1,-3.0,-78.5,281.5,0.04,-0.01,0.0,22.79,45,POSCTL,0,0
2026-08-18T16:39:46,1787045986,13.822185,100.512061,18.4,0.08,-0.1,-3.0,-78.5,281.5,0.04,-0.01,0.0,22.79,45,0,0,0
2026-08-18T16:39:47,1787045987,13.822185,100.512061,18.4,0.08,-0.1,-3.0,-78.5,281.5,0.04,-0.01,0.0,22.79,45,0,0,0
2026-08-18T16:39:48,1787045988,13.822185,100.512061,18.4,0.08,-0.1,-3.0,-78.5,281.5,0.04,-0.01,0.0,22.79,45,0,0,0
2026-08-18T16:39:49,1787045989,13.822185,100.512061,18.4,0.08,-0.1,-3.0,-78.5,281.5,0.04,-0.01,0.0,22.79,45,0,0,0
2026-08-18T16:39:50,1787045990,13.822185,100.512061,18.4,0.08,-0.1,-3.0,-78.5,281.5,0.04,-0.01,0.0,22.79,45,0,0,0
2026-08-18T16:39:51,1787045991,13.822185,100.512061,18.4,0.08,-0.1,-3.1,-78.5,281.5,0.04,-0.01,0.0,22.79,45,0,0,0
2026-08-18T16:39:52,1787045992,13.822181,100.512062,18.0,-0.0,-0.1,-3.1,-78.5,281.5,0.04,0.0,0.0,22.79,45,0,0,0
2026-08-18T16:39:53,1787045993,13.822181,100.512062,18.0,-0.0,-0.1,-3.1,-78.5,281.5,0.04,0.0,0.0,22.79,45,OFFBOARD,1,0
2026-08-18T16:39:54,1787045994,13.822181,100.512062,18.0,-0.0,-0.1,-3.1,-78.7,281.3,0.04,0.0,0.0,22.79,45,0,0,0
2026-08-18T16:39:55,1787045995,13.822181,100.512062,18.0,-0.0,-0.1,-3.1,-78.7,281.3,0.04,0.0,0.0,22.79,45,0,0,0
2026-08-18T16:39:56,1787045996,13.822181,100.512062,18.0,-0.0,-0.1,-3.1,-78.7,281.3,0.04,0.0,0.0,22.79,45,0,0,0
2026-08-18T16:39:57,1787045997,13.822181,100.512062,18.0,-0.0,-0.1,-3.1,-78.7,281.3,0.04,0.0,0.0,22.79,45,0,0,0
2026-08-18T16:39:58,1787045998,13.822181,100.512062,18.0,-0.0,-0.2,-3.1,-78.9,281.1,0.04,0.0,0.0,22.79,45,0,0,0
2026-08-18T16:39:59,1787045999,13.822182,100.51206,18.0,-0.02,-0.2,-3.1,-78.9,281.1,0.01,-0.01,0.0,22.79,45,0,0,0
2026-08-18T16:40:00,1787046000,13.822182,100.51206,18.0,-0.02,-0.2,-3.1,-78.9,281.1,0.01,-0.01,0.0,22.79,45,0,0,0
2026-08-18T16:40:01,1787046001,13.822182,100.51206,18.0,-0.02,-0.2,-3.1,-78.9,281.1,0.01,-0.01,0.0,22.71,45,0,0,0
2026-08-18T16:40:02,1787046002,13.822182,100.51206,18.0,-0.02,-0.2,-3.1,-78.9,281.1,0.01,-0.01,0.0,22.71,45,0,0,1
2026-08-18T16:40:03,1787046003,13.822182,100.51206,18.0,-0.02,-0.2,-3.1,-78.9,281.1,0.01,-0.01,0.0,22.71,45,0,0,1
2026-08-18T16:40:04,1787046004,13.822182,100.51206,18.0,-0.02,-0.2,-3.1,-78.9,281.1,0.01,-0.01,0.0,22.71,45,0,0,1
2026-08-18T16:40:05,1787046005,13.822182,100.51206,18.0,-0.02,-0.3,-3.1,-79.1,280.9,0.01,-0.01,0.0,22.71,45,0,0,1
2026-08-18T16:40:06,1787046006,13.822182,100.51206,18.0,-0.02,-0.3,-3.1,-79.1,280.9,0.01,-0.01,0.0,22.71,45,AUTO.TAKEOFF,1,1
2026-08-18T16:40:07,1787046007,13.822182,100.512059,18.1,-0.11,-0.3,-3.1,-79.1,280.9,0.0,-0.01,0.0,22.71,45,0,0,1
2026-08-18T16:40:08,1787046008,13.822182,100.512059,18.1,-0.11,-0.3,-3.0,-79.2,280.8,0.0,-0.01,0.0,22.71,45,0,0,1
2026-08-18T16:40:09,1787046009,13.822182,100.512059,18.1,-0.11,-0.3,-3.0,-79.2,280.8,0.0,-0.01,0.0,22.71,45,0,0,1
2026-08-18T16:40:10,1787046010,13.822182,100.512059,18.1,-0.11,-0.3,-3.0,-79.2,280.8,0.0,-0.01,0.0,22.71,45,AUTO.TAKEOFF,1,1
2026-08-18T16:40:11,1787046011,13.822182,100.512059,18.1,-0.11,-0.4,-3.0,-79.2,280.8,0.0,-0.01,0.0,22.71,45,0,0,1
2026-08-18T16:40:12,1787046012,13.822185,100.512062,18.8,0.04,-0.4,-3.0,-79.2,280.8,0.0,0.02,-0.01,22.71,45,0,0,1
2026-08-18T16:40:13,1787046013,13.822185,100.512062,18.8,0.04,-0.4,-3.0,-79.2,280.8,0.0,0.02,-0.01,22.71,45,0,0,1
2026-08-18T16:40:14,1787046014,13.822185,100.512062,18.8,0.04,-0.3,-3.1,-79.3,280.7,0.0,0.02,-0.01,22.71,45,AUTO.TAKEOFF,1,1
2026-08-18T16:40:15,1787046015,13.822185,100.512062,18.8,0.04,-0.3,-3.1,-79.3,280.7,0.0,0.02,-0.01,22.71,45,0,0,1
2026-08-18T16:40:16,1787046016,13.822193,100.512072,20.9,-1.15,-0.4,-3.1,-79.3,280.7,0.07,0.05,-0.11,22.71,45,0,0,1
2026-08-18T16:40:17,1787046017,13.822193,100.512072,20.9,-1.15,-0.4,-3.1,-79.3,280.7,0.07,0.05,-0.11,22.71,45,0,0,1
2026-08-18T16:40:18,1787046018,13.822193,100.512072,20.9,-1.15,-0.4,-3.1,-79.3,280.7,0.07,0.05,-0.11,22.69,44,0,0,1
2026-08-18T16:40:19,1787046019,13.822193,100.512072,20.9,-1.15,-0.5,-3.1,-73.6,286.4,0.07,0.05,-0.11,22.69,44,POSCTL,1,1
2026-08-18T16:40:20,1787046020,13.822193,100.512072,20.9,-1.15,-0.5,-3.1,-73.6,286.4,0.07,0.05,-0.11,22.69,44,0,0,1
2026-08-18T16:40:21,1787046021,13.822193,100.512072,20.9,-1.15,-0.6,-3.1,-73.6,286.4,0.07,0.05,-0.11,22.69,44,0,0,1
2026-08-18T16:40:22,1787046022,13.822193,100.512072,20.9,-1.15,-0.6,-3.1,-73.6,286.4,0.07,0.05,-0.11,22.69,44,0,0,1
2026-08-18T16:40:23,1787046023,13.822193,100.512072,20.9,-1.15,-0.6,-3.1,-73.6,286.4,0.07,0.05,-0.11,22.69,44,0,0,1
2026-08-18T16:40:24,1787046024,13.822193,100.512072,20.9,-1.15,-0.6,-3.1,-73.6,286.4,0.07,0.05,-0.11,22.69,44,0,0,1
2026-08-18T16:40:25,1787046025,13.822193,100.512072,20.9,-1.15,-0.6,-3.1,-73.6,286.4,0.07,0.05,-0.11,22.69,44,0,0,1
2026-08-18T16:40:26,1787046026,13.822193,100.512072,20.9,-1.15,-0.6,-3.1,-73.6,286.4,0.07,0.05,-0.11,22.69,44,0,0,1
2026-08-18T16:40:27,1787046027,13.822193,100.512072,20.9,-1.15,-0.6,-3.1,-73.6,286.4,0.07,0.05,-0.11,22.7,44,0,0,1
2026-08-18T16:40:28,1787046028,13.822193,100.512072,20.9,-1.15,-0.6,-3.1,-73.6,286.4,0.07,0.05,-0.11,22.7,44,0,0,1
2026-08-18T16:40:29,1787046029,13.822183,100.512044,16.8,0.79,-0.6,-3.1,-73.6,286.4,-0.01,-0.07,0.09,22.7,44,0,0,1
2026-08-18T16:40:30,1787046030,13.822183,100.512044,16.8,0.79,-0.6,-3.1,-73.6,286.4,-0.01,-0.07,0.09,22.7,44,POSCTL,1,1
2026-08-18T16:40:31,1787046031,13.822183,100.512044,16.8,0.79,-0.6,-3.1,-73.6,286.4,-0.01,-0.07,0.09,22.7,44,0,0,1
2026-08-18T16:40:32,1787046032,13.822183,100.512044,16.8,0.79,-0.4,-2.9,-73.4,286.6,-0.01,-0.07,0.09,22.7,44,0,0,1
2026-08-18T16:40:33,1787046033,13.822183,100.512044,16.8,0.79,-0.4,-2.9,-73.4,286.6,-0.01,-0.07,0.09,22.7,44,0,0,1
2026-08-18T16:40:34,1787046034,13.822183,100.512044,16.8,0.79,-0.4,-2.9,-73.4,286.6,-0.01,-0.07,0.09,22.7,44,0,0,1
2026-08-18T16:40:35,1787046035,13.822183,100.512044,16.8,0.79,-0.4,-2.9,-73.4,286.6,-0.01,-0.07,0.09,22.7,44,0,0,1
2026-08-18T16:40:36,1787046036,13.822183,100.512044,16.8,0.79,-0.4,-2.9,-73.4,286.6,-0.01,-0.07,0.09,22.7,44,0,0,1
2026-08-18T16:40:37,1787046037,13.822183,100.512044,16.8,0.79,-0.5,-2.9,-73.4,286.6,-0.01,-0.07,0.09,22.7,44,POSCTL,0,1
2026-08-18T16:40:38,1787046038,13.822183,100.512044,16.8,0.79,-0.5,-2.9,-73.4,286.6,-0.01,-0.07,0.09,22.7,44,POSCTL,0,1
2026-08-18T16:40:39,1787046039,13.822183,100.512044,16.8,0.79,-0.5,-2.9,-73.4,286.6,-0.01,-0.07,0.09,22.77,44,0,0,1
2026-08-18T16:40:40,1787046040,13.822183,100.512044,16.8,0.79,-0.5,-2.9,-73.4,286.6,-0.01,-0.07,0.09,22.77,44,0,0,1
2026-08-18T16:40:41,1787046041,13.822175,100.512018,13.0,-0.01,-0.6,-3.0,-73.4,286.6,0.0,0.0,0.0,22.77,44,0,0,1
2026-08-18T16:40:42,1787046042,13.822175,100.512018,13.0,-0.01,-0.6,-3.0,-73.4,286.6,0.0,0.0,0.0,22.77,44,0,0,0
2026-08-18T16:40:43,1787046043,13.822175,100.512018,13.0,-0.01,-0.6,-3.0,-73.4,286.6,0.0,0.0,0.0,22.77,44,0,0,0
2026-08-18T16:40:44,1787046044,13.822175,100.512018,13.0,-0.01,-0.6,-3.0,-73.4,286.6,0.0,0.0,0.0,22.77,44,0,0,0
2026-08-18T16:40:45,1787046045,13.822175,100.512018,13.0,-0.01,-0.6,-3.0,-73.4,286.6,0.0,0.0,0.0,22.77,44,0,0,0
2026-08-18T16:40:46,1787046046,13.822175,100.512018,13.0,-0.01,-0.6,-3.0,-73.4,286.6,0.0,0.0,0.0,22.77,44,POSCTL,0,0
2026-08-18T16:40:47,1787046047,13.822175,100.512018,13.0,-0.01,-0.6,-3.0,-73.4,286.6,0.0,0.0,0.0,22.77,45,POSCTL,0,0
2026-08-18T16:40:48,1787046048,13.822175,100.512018,13.0,-0.01,-0.6,-3.0,-73.4,286.6,0.0,0.0,0.0,22.77,45,0,0,0
2026-08-18T16:40:49,1787046049,13.822175,100.512018,13.0,-0.01,-0.6,-3.0,-73.4,286.6,0.0,0.0,0.0,22.77,45,0,0,0
2026-08-18T16:40:50,1787046050,13.822175,100.512018,13.0,-0.01,-0.5,-3.1,-73.3,286.7,0.0,0.0,0.0,22.77,45,POSCTL,0,0
2026-08-18T16:40:51,1787046051,13.822175,100.512018,13.0,-0.01,-0.5,-3.1,-73.3,286.7,0.0,0.0,0.0,22.77,45,0,0,0
2026-08-18T16:40:52,1787046052,13.822175,100.512018,13.0,-0.01,-0.6,-3.2,-73.4,286.6,0.0,0.0,0.0,22.77,45,0,0,0
2026-08-18T16:40:53,1787046053,13.82218,100.512028,14.9,0.0,-0.6,-3.2,-73.4,286.6,0.05,0.05,0.0,22.77,45,0,0,0
2026-08-18T16:40:54,1787046054,13.82218,100.512028,14.9,0.0,-0.6,-3.2,-73.4,286.6,0.05,0.05,0.0,22.77,45,0,0,0
2026-08-18T16:40:55,1787046055,13.82218,100.512028,14.9,0.0,-0.6,-3.2,-73.4,286.6,0.05,0.05,0.0,22.77,45,POSCTL,0,0
2026-08-18T16:40:56,1787046056,13.82218,100.512028,14.9,0.0,-0.6,-3.2,-73.4,286.6,0.05,0.05,0.0,22.77,45,AUTO.RTL,0,0
2026-08-18T16:40:57,1787046057,13.82218,100.512028,14.9,0.0,-0.6,-3.2,-73.4,286.6,0.05,0.05,0.0,22.77,45,AUTO.RTL,0,0
2026-08-18T16:40:58,1787046058,13.822183,100.512017,15.3,0.0,-0.6,-3.2,-73.4,286.6,0.0,-0.02,0.0,22.77,45,AUTO.RTL,0,0
2026-08-18T16:40:59,1787046059,13.822183,100.512017,15.3,0.0,-0.6,-3.2,-73.4,286.6,0.0,-0.02,0.0,22.78,45,0,0,0
2026-08-18T16:41:00,1787046060,13.822183,100.512017,15.3,0.0,-0.6,-3.2,-73.4,286.6,0.0,-0.02,0.0,22.78,45,0,0,0
2026-08-18T16:41:01,1787046061,13.822183,100.512017,15.3,0.0,-0.6,-3.2,-73.5,286.5,0.0,-0.02,0.0,22.78,45,0,0,0
2026-08-18T16:41:02,1787046062,13.82219,100.512017,15.8,0.0,-0.6,-3.2,-73.5,286.5,0.06,-0.04,0.0,22.78,45,AUTO.RTL,0,0
2026-08-18T16:41:03,1787046063,13.82219,100.512017,15.8,0.0,-0.6,-3.2,-73.5,286.5,0.06,-0.04,0.0,22.78,45,0,0,0
2026-08-18T16:41:04,1787046064,13.82219,100.512017,15.8,0.0,-0.6,-3.2,-73.5,286.5,0.06,-0.04,0.0,22.78,45,0,0,0
2026-08-18T16:41:05,1787046065,13.82219,100.512017,15.8,0.0,-0.6,-3.2,-73.5,286.5,0.06,-0.04,0.0,22.78,45,0,0,0
2026-08-18T16:41:06,1787046066,13.822193,100.512018,15.7,-0.0,-0.6,-3.2,-73.5,286.5,0.02,-0.02,0.0,22.78,45,0,0,0
2026-08-18T16:41:07,1787046067,13.822193,100.512018,15.7,-0.0,-0.7,-3.1,-73.3,286.7,0.02,-0.02,0.0,22.78,45,0,0,0
2026-08-18T16:41:08,1787046068,13.822193,100.512018,15.7,-0.0,-0.7,-3.1,-73.3,286.7,0.02,-0.02,0.0,22.78,45,AUTO.RTL,0,0
2026-08-18T16:41:09,1787046069,13.822195,100.51202,15.4,0.0,-0.7,-3.1,-73.3,286.7,0.01,0.03,0.0,22.78,45,0,0,0
2026-08-18T16:41:10,1787046070,13.822195,100.51202,15.4,0.0,-0.7,-3.1,-73.3,286.7,0.01,0.03,0.0,22.78,45,0,0,0
2026-08-18T16:41:11,1787046071,13.822195,100.51202,15.4,0.0,-0.6,-3.1,-73.4,286.6,0.01,0.03,0.0,22.78,45,0,0,0
2026-08-18T16:41:12,1787046072,13.822195,100.51202,15.4,0.0,-0.6,-3.1,-73.4,286.6,0.01,0.03,0.0,22.78,45,0,0,0
2026-08-18T16:41:13,1787046073,13.822197,100.512021,14.8,0.0,-0.6,-3.1,-73.4,286.6,0.01,0.03,0.0,22.78,45,0,0,0
2026-08-18T16:41:14,1787046074,13.822197,100.512021,14.8,0.0,-0.6,-3.1,-73.4,286.6,0.01,0.03,0.0,22.78,45,AUTO.RTL,0,0
2026-08-18T16:41:15,1787046075,13.822197,100.512021,14.8,0.0,-0.6,-3.1,-73.4,286.6,0.01,0.03,0.0,22.78,45,AUTO.RTL,0,0
2026-08-18T16:41:16,1787046076,13.822197,100.512021,14.8,0.0,-0.6,-3.1,-73.4,286.6,0.01,0.03,0.0,22.78,45,AUTO.RTL,0,0
2026-08-18T16:41:17,1787046077,13.822196,100.51202,54.1,1.06,-0.6,-3.1,-73.4,286.6,-0.02,-0.04,0.0,22.78,45,AUTO.RTL,0,0
2026-08-18T16:41:18,1787046078,13.822196,100.51202,54.1,1.06,-0.6,-3.2,-73.5,286.5,-0.02,-0.04,0.0,22.78,45,AUTO.RTL,0,0
2026-08-18T16:41:19,1787046079,13.822196,100.51202,54.1,1.06,-0.6,-3.2,-73.5,286.5,-0.02,-0.04,0.0,22.78,45,AUTO.RTL,0,0
2026-08-18T16:41:20,1787046080,13.822196,100.51202,54.1,1.06,-0.6,-3.2,-73.5,286.5,-0.02,-0.04,0.0,22.78,45,AUTO.RTL,0,0
2026-08-18T16:41:21,1787046081,13.822196,100.51202,54.1,1.06,-0.6,-3.2,-73.4,286.6,-0.02,-0.04,0.0,22.78,45,AUTO.RTL,0,0
2026-08-18T16:41:22,1787046082,13.822198,100.51202,12.8,1.16,-0.6,-3.2,-73.4,286.6,0.05,0.02,0.0,22.78,45,AUTO.RTL,0,0
2026-08-18T16:41:23,1787046083,13.822198,100.51202,12.8,1.16,-0.6,-3.2,-73.4,286.6,0.05,0.02,0.0,22.78,45,AUTO.RTL,0,0
2026-08-18T16:41:24,1787046084,13.822198,100.51202,12.8,1.16,-0.6,-3.2,-73.4,286.6,0.05,0.02,0.0,22.78,45,AUTO.RTL,0,0
2026-08-18T16:41:25,1787046085,13.822198,100.51202,12.8,1.16,-0.6,-3.2,-73.4,286.6,0.05,0.02,0.0,22.78,45,AUTO.RTL,0,0
2026-08-18T16:41:26,1787046086,13.822199,100.512019,12.2,1.15,-0.6,-3.2,-73.4,286.6,0.01,-0.02,0.0,22.78,45,AUTO.RTL,0,0
2026-08-18T16:41:27,1787046087,13.822199,100.512019,12.2,1.15,-0.6,-3.2,-73.4,286.6,0.01,-0.02,0.0,22.78,45,AUTO.RTL,0,0
2026-08-18T16:41:28,1787046088,13.822199,100.512019,12.2,1.15,-0.6,-3.2,-73.4,286.6,0.01,-0.02,0.0,22.78,45,AUTO.RTL,0,0
2026-08-18T16:41:29,1787046089,13.822199,100.512019,12.2,1.15,-0.6,-3.2,-73.4,286.6,0.01,-0.02,0.0,22.78,45,AUTO.RTL,0,0
2026-08-18T16:41:30,1787046090,13.822199,100.512019,12.2,1.15,-0.6,-3.2,-73.4,286.6,0.01,-0.02,0.0,22.78,45,AUTO.RTL,0,0
2026-08-18T16:41:31,1787046091,13.822199,100.512019,54.1,0.0,-0.6,-3.1,-73.4,286.6,0.0,0.02,0.0,22.78,45,AUTO.RTL,0,0
2026-08-18T16:41:32,1787046092,13.822199,100.512019,54.1,0.0,-0.6,-3.1,-73.4,286.6,0.0,0.02,0.0,22.78,45,AUTO.RTL,0,0
2026-08-18T16:41:33,1787046093,13.822199,100.512019,54.1,0.0,-0.6,-3.1,-73.4,286.6,0.0,0.02,0.0,22.78,45,AUTO.RTL,0,0
2026-08-18T16:41:34,1787046094,13.822199,100.512019,54.1,0.0,-0.6,-3.1,-73.4,286.6,0.0,0.02,0.0,22.78,45,AUTO.RTL,0,0
2026-08-18T16:41:35,1787046095,13.822199,100.512019,54.1,0.0,-0.6,-3.1,-73.4,286.6,0.0,0.02,0.0,22.78,45,AUTO.RTL,0,0
2026-08-18T16:41:36,1787046096,13.822199,100.512022,54.1,0.0,-0.6,-3.2,-73.5,286.5,0.03,0.02,0.0,22.78,45,AUTO.RTL,0,0
2026-08-18T16:41:37,1787046097,13.822198,100.512024,12.2,0.0,-0.6,-3.2,-73.5,286.5,0.03,0.02,0.0,22.78,45,AUTO.RTL,0,0
2026-08-18T16:41:38,1787046098,13.822198,100.512024,12.2,0.0,-0.6,-3.2,-73.5,286.5,0.03,0.02,0.0,22.78,45,AUTO.RTL,0,0
2026-08-18T16:41:39,1787046099,13.822198,100.512024,12.2,0.0,-0.6,-3.2,-73.5,286.5,0.03,0.02,0.0,22.78,45,AUTO.RTL,0,0
2026-08-18T16:41:40,1787046100,13.822198,100.512024,12.2,0.0,-0.6,-3.2,-73.5,286.5,0.03,0.02,0.0,22.78,45,AUTO.RTL,0,0
2026-08-18T16:41:41,1787046101,13.822198,100.512024,12.2,0.0,-0.6,-3.2,-73.5,286.5,0.03,0.02,0.0,22.78,45,AUTO.RTL,0,0
2026-08-18T16:41:42,1787046102,13.822198,100.512024,12.2,0.0,-0.6,-3.2,-73.5,286.5,0.03,0.02,0.0,22.78,45,AUTO.RTL,0,0
2026-08-18T16:41:43,1787046103,13.822198,100.512024,12.2,0.0,-0.6,-3.2,-73.5,286.5,0.03,0.02,0.0,22.78,45,AUTO.RTL,0,0
2026-08-18T16:41:44,1787046104,13.822198,100.512024,12.2,0.0,-0.6,-3.2,-73.5,286.5,0.03,0.02,0.0,22.78,45,AUTO.RTL,0,0
2026-08-18T16:41:45,1787046105,13.822198,100.512024,12.2,0.0,-0.7,-3.2,-73.5,286.5,0.03,0.02,0.0,22.78,45,AUTO.RTL,0,0
2026-08-18T16:41:46,1787046106,13.822198,100.512024,12.2,0.0,-0.7,-3.2,-73.5,286.5,0.03,0.02,0.0,22.78,45,AUTO.RTL,0,0
2026-08-18T16:41:47,1787046107,13.822198,100.512029,13.3,0.0,-0.7,-3.2,-73.5,286.5,0.0,0.02,0.0,22.78,45,AUTO.RTL,0,0
2026-08-18T16:41:48,1787046108,13.822198,100.512029,13.3,0.0,-0.6,-3.2,-73.5,286.5,0.0,0.02,0.0,22.78,45,AUTO.RTL,0,0
2026-08-18T16:41:49,1787046109,13.822198,100.512029,13.3,0.0,-0.6,-3.2,-73.5,286.5,0.0,0.02,0.0,22.78,45,AUTO.RTL,0,0
2026-08-18T16:41:50,1787046110,13.822198,100.512029,13.3,0.0,-0.6,-3.2,-73.5,286.5,0.0,0.02,0.0,22.78,45,AUTO.RTL,0,0
2026-08-18T16:41:51,1787046111,13.822198,100.512029,13.3,0.0,-0.6,-3.2,-73.5,286.5,0.0,0.02,0.0,22.78,45,AUTO.RTL,0,0
2026-08-18T16:41:52,1787046112,13.822198,100.512029,13.3,0.0,-0.6,-3.3,-73.5,286.5,0.0,0.02,0.0,22.78,45,AUTO.RTL,0,0
2026-08-18T16:41:53,1787046113,13.822198,100.512029,13.3,0.0,-0.6,-3.3,-73.5,286.5,0.0,0.02,0.0,22.78,45,AUTO.RTL,0,0
2026-08-18T16:41:54,1787046114,13.822193,100.512021,12.1,0.0,-0.6,-3.3,-73.5,286.5,0.0,-0.06,0.0,22.78,45,AUTO.RTL,0,0
2026-08-18T16:41:55,1787046115,13.822193,100.512021,12.1,0.0,-0.6,-3.3,-73.5,286.5,0.0,-0.06,0.0,22.78,45,AUTO.RTL,0,0
2026-08-18T16:41:56,1787046116,13.822193,100.512021,12.1,0.0,-0.6,-3.1,-73.5,286.5,0.0,-0.06,0.0,22.78,45,AUTO.RTL,0,0
2026-08-18T16:41:57,1787046117,13.82219,100.512019,11.8,0.0,-0.6,-3.1,-73.5,286.5,-0.02,0.0,0.0,22.78,45,AUTO.RTL,0,0
2026-08-18T16:41:58,1787046118,13.82219,100.512019,11.8,0.0,-0.6,-3.1,-73.5,286.5,-0.02,0.0,0.0,22.78,45,AUTO.RTL,0,0
2026-08-18T16:41:59,1787046119,13.82219,100.512019,11.8,0.0,-0.5,-3.1,-73.6,286.4,-0.02,0.0,0.0,22.78,45,AUTO.RTL,0,0
2026-08-18T16:42:00,1787046120,13.82219,100.512019,11.8,0.0,-0.5,-3.1,-73.6,286.4,-0.02,0.0,0.0,22.78,45,AUTO.RTL,0,0
2026-08-18T16:42:01,1787046121,13.82219,100.512019,54.1,0.0,-0.5,-3.1,-73.6,286.4,-0.02,-0.01,0.0,22.78,45,AUTO.RTL,0,0
2026-08-18T16:42:02,1787046122,13.82219,100.512019,54.1,0.0,-0.5,-3.1,-73.6,286.4,-0.02,-0.01,0.0,22.78,45,AUTO.RTL,0,0
2026-08-18T16:42:03,1787046123,13.82219,100.512019,54.1,0.0,-0.5,-3.2,-73.6,286.4,-0.02,-0.01,0.0,22.78,45,AUTO.RTL,0,0
2026-08-18T16:42:04,1787046124,13.822189,100.512017,12.7,0.0,-0.5,-3.2,-73.6,286.4,0.01,-0.01,0.0,22.78,45,AUTO.RTL,0,0
2026-08-18T16:42:05,1787046125,13.822189,100.512017,12.7,0.0,-0.5,-3.2,-73.6,286.4,0.01,-0.01,0.0,22.78,45,AUTO.RTL,0,0
2026-08-18T16:42:06,1787046126,13.822189,100.512017,12.7,0.0,-0.5,-3.1,-73.6,286.4,0.01,-0.01,0.0,22.78,45,AUTO.RTL,0,0
2026-08-18T16:42:07,1787046127,13.822189,100.512017,12.7,0.0,-0.5,-3.1,-73.6,286.4,0.01,-0.01,0.0,22.78,45,AUTO.RTL,0,0
2026-08-18T16:42:08,1787046128,13.822187,100.512018,13.1,0.0,-0.5,-3.1,-73.6,286.4,0.0,0.02,0.0,22.78,45,AUTO.RTL,0,0
2026-08-18T16:42:09,1787046129,13.822187,100.512018,13.1,0.0,-0.5,-3.1,-73.6,286.4,0.0,0.02,0.0,22.78,45,AUTO.RTL,0,0
2026-08-18T16:42:10,1787046130,13.822187,100.512018,13.1,0.0,-0.5,-3.1,-73.6,286.4,0.0,0.02,0.0,22.78,45,AUTO.RTL,0,0
2026-08-18T16:42:11,1787046131,13.822187,100.512018,13.1,0.0,-0.5,-3.1,-73.6,286.4,0.0,0.02,0.0,22.78,45,AUTO.RTL,0,0
2026-08-18T16:42:12,1787046132,13.822188,100.512019,13.5,0.0,-0.5,-3.1,-73.6,286.4,0.03,0.07,0.0,22.78,45,AUTO.RTL,0,0
2026-08-18T16:42:13,1787046133,13.822188,100.512019,13.5,0.0,-0.6,-3.2,-73.5,286.5,0.03,0.07,0.0,22.78,45,AUTO.RTL,0,0
2026-08-18T16:42:14,1787046134,13.822188,100.512019,13.5,0.0,-0.6,-3.2,-73.5,286.5,0.03,0.07,0.0,22.78,45,AUTO.RTL,0,0
2026-08-18T16:42:15,1787046135,13.822188,100.512019,13.5,0.0,-0.6,-3.2,-73.5,286.5,0.03,0.07,0.0,22.78,45,AUTO.RTL,0,0
2026-08-18T16:42:16,1787046136,13.822188,100.512019,13.5,0.0,-0.6,-3.2,-73.6,286.4,0.03,0.07,0.0,22.78,45,AUTO.RTL,0,0
2026-08-18T16:42:17,1787046137,13.822188,100.512019,13.5,0.0,-0.6,-3.2,-73.6,286.4,0.03,0.07,0.0,22.78,45,AUTO.RTL,0,0
2026-08-18T16:42:18,1787046138,13.822188,100.512019,13.5,0.0,-0.6,-3.2,-73.6,286.4,0.03,0.07,0.0,22.78,45,AUTO.RTL,0,0
2026-08-18T16:42:19,1787046139,13.822188,100.512019,13.5,0.0,-0.6,-3.2,-73.6,286.4,0.03,0.07,0.0,22.78,45,AUTO.RTL,0,0
2026-08-18T16:42:20,1787046140,13.822188,100.512019,13.5,0.0,-0.6,-3.2,-73.6,286.4,0.03,0.07,0.0,22.78,45,AUTO.RTL,0,0
2026-08-18T16:42:21,1787046141,13.822188,100.512019,13.5,0.0,-0.6,-3.2,-73.6,286.4,0.03,0.07,0.0,22.78,45,AUTO.RTL,0,0
2026-08-18T16:42:22,1787046142,13.822188,100.512019,13.5,0.0,-0.6,-3.2,-73.6,286.4,0.03,0.07,0.0,22.78,45,AUTO.RTL,0,0
2026-08-18T16:42:23,1787046143,13.822188,100.512019,13.5,0.0,-0.6,-3.2,-73.6,286.4,0.03,0.07,0.0,22.78,45,AUTO.RTL,0,0
2026-08-18T16:42:24,1787046144,13.822188,100.512019,13.5,0.0,-0.6,-3.2,-73.6,286.4,0.03,0.07,0.0,22.78,45,AUTO.RTL,0,0
2026-08-18T16:42:25,1787046145,13.822189,100.512018,12.8,0.0,-0.6,-3.2,-73.6,286.4,0.01,0.0,0.0,22.78,45,AUTO.RTL,0,0
2026-08-18T16:42:26,1787046146,13.822189,100.512018,12.8,0.0,-0.6,-3.2,-73.6,286.4,0.01,0.0,0.0,22.78,45,AUTO.RTL,0,0
2026-08-18T16:42:27,1787046147,13.822189,100.512018,12.8,0.0,-0.6,-3.2,-73.6,286.4,0.01,0.0,0.0,22.78,45,AUTO.RTL,0,0
2026-08-18T16:42:28,1787046148,13.82219,100.512018,54.1,0.0,-0.6,-3.2,-73.6,286.4,0.03,-0.01,0.0,22.78,45,AUTO.RTL,0,0
2026-08-18T16:42:29,1787046149,13.82219,100.512018,54.1,0.0,-0.6,-3.2,-73.6,286.4,0.03,-0.01,0.0,22.78,45,AUTO.RTL,0,0
2026-08-18T16:42:30,1787046150,13.82219,100.512018,54.1,0.0,-0.6,-3.2,-73.6,286.4,0.03,-0.01,0.0,22.78,45,AUTO.RTL,0,0
2026-08-18T16:42:31,1787046151,13.82219,100.512018,54.1,0.0,-0.6,-3.2,-73.6,286.4,0.03,-0.01,0.0,22.78,45,AUTO.RTL,0,0
2026-08-18T16:42:32,1787046152,13.82219,100.512018,54.1,0.0,-0.6,-3.2,-73.6,286.4,0.03,-0.01,0.0,22.78,45,AUTO.RTL,0,0
2026-08-18T16:42:33,1787046153,13.822188,100.512018,11.8,0.0,-0.6,-3.2,-73.6,286.4,0.0,0.0,0.0,22.78,45,AUTO.RTL,0,0
2026-08-18T16:42:34,1787046154,13.822188,100.512018,11.8,0.0,-0.6,-3.2,-73.6,286.4,0.0,0.0,0.0,22.78,45,AUTO.RTL,0,0
2026-08-18T16:42:35,1787046155,13.822188,100.512018,11.8,0.0,-0.6,-3.2,-73.6,286.4,0.0,0.0,0.0,22.78,45,AUTO.RTL,0,0
2026-08-18T16:42:36,1787046156,13.822188,100.512018,11.8,0.0,-0.6,-3.2,-73.6,286.4,0.0,0.0,0.0,22.78,45,AUTO.RTL,0,0
2026-08-18T16:42:37,1787046157,13.822188,100.512017,54.1,-0.0,-0.6,-3.2,-73.6,286.4,-0.02,-0.02,0.0,22.78,45,AUTO.RTL,0,0
2026-08-18T16:42:38,1787046158,13.822188,100.512017,54.1,-0.0,-0.6,-3.2,-73.6,286.4,-0.02,-0.02,0.0,22.78,45,AUTO.RTL,0,0
2026-08-18T16:42:39,1787046159,13.822188,100.512017,54.1,-0.0,-0.6,-3.2,-73.6,286.4,-0.02,-0.02,0.0,22.78,45,AUTO.RTL,0,0
2026-08-18T16:42:41,1787046161,13.822188,100.512017,54.1,-0.0,-0.6,-3.2,-73.6,286.4,-0.02,-0.02,0.0,22.78,45,AUTO.RTL,0,0
2026-08-18T16:42:42,1787046162,13.822187,100.512014,9.6,-0.0,-0.6,-3.2,-73.6,286.4,0.0,-0.01,0.0,22.78,45,AUTO.RTL,0,0
2026-08-18T16:42:43,1787046163,13.822187,100.512014,9.6,-0.0,-0.6,-3.2,-73.6,286.4,0.0,-0.01,0.0,22.78,45,AUTO.RTL,0,0
2026-08-18T16:42:44,1787046164,13.822187,100.512014,9.6,-0.0,-0.6,-3.1,-73.6,286.4,0.0,-0.01,0.0,22.78,45,AUTO.RTL,0,0
2026-08-18T16:42:45,1787046165,13.822187,100.512014,9.6,-0.0,-0.6,-3.1,-73.6,286.4,0.0,-0.01,0.0,22.78,45,AUTO.RTL,0,0
2026-08-18T16:42:46,1787046166,13.822188,100.512016,9.5,0.0,-0.6,-3.1,-73.6,286.4,0.01,0.02,0.0,22.78,45,AUTO.RTL,0,0
2026-08-18T16:42:47,1787046167,13.822188,100.512016,9.5,0.0,-0.6,-3.1,-73.6,286.4,0.01,0.02,0.0,22.78,45,AUTO.RTL,0,0
2026-08-18T16:42:48,1787046168,13.822188,100.512016,9.5,0.0,-0.6,-3.1,-73.6,286.4,0.01,0.02,0.0,22.78,45,AUTO.RTL,0,0
2026-08-18T16:42:49,1787046169,13.82219,100.512022,10.1,0.0,-0.6,-3.1,-73.6,286.4,0.02,0.03,0.0,22.78,45,AUTO.RTL,0,0
2026-08-18T16:42:50,1787046170,13.82219,100.512022,10.1,0.0,-0.6,-3.1,-73.6,286.4,0.02,0.03,0.0,22.78,45,AUTO.RTL,0,0
2026-08-18T16:42:51,1787046171,13.82219,100.512022,10.1,0.0,-0.6,-3.2,-73.6,286.4,0.02,0.03,0.0,22.78,45,AUTO.RTL,0,0
2026-08-18T16:42:52,1787046172,13.82219,100.512022,10.1,0.0,-0.6,-3.2,-73.6,286.4,0.02,0.03,0.0,22.78,45,AUTO.RTL,0,0
2026-08-18T16:42:53,1787046173,13.822191,100.512026,10.3,-0.0,-0.6,-3.2,-73.6,286.4,0.04,0.04,0.0,22.78,45,AUTO.RTL,0,0
2026-08-18T16:42:54,1787046174,13.822191,100.512026,10.3,-0.0,-0.6,-3.2,-73.6,286.4,0.04,0.04,0.0,22.78,45,AUTO.RTL,0,0
2026-08-18T16:42:55,1787046175,13.822191,100.512026,10.3,-0.0,-0.6,-3.2,-73.6,286.4,0.04,0.04,0.0,22.78,45,AUTO.RTL,0,0
2026-08-18T16:42:56,1787046176,13.822191,100.512026,10.3,-0.0,-0.6,-3.2,-73.6,286.4,0.04,0.04,0.0,22.78,45,AUTO.RTL,0,0
2026-08-18T16:43:02,1787046182,13.82219,100.512032,10.2,0.0,-0.6,-3.2,-73.6,286.4,0.0,-0.02,0.0,22.78,45,AUTO.RTL,0,0
2026-08-18T16:43:03,1787046183,13.82219,100.512032,10.2,0.0,-0.6,-3.3,-73.6,286.4,0.0,-0.02,0.0,22.78,45,AUTO.RTL,0,0
2026-08-18T16:43:04,1787046184,13.82219,100.512032,10.2,0.0,-0.6,-3.3,-73.6,286.4,0.0,-0.02,0.0,22.78,45,AUTO.RTL,0,0
2026-08-18T16:43:05,1787046185,13.82219,100.512032,10.2,0.0,-0.6,-3.3,-73.6,286.4,0.0,-0.02,0.0,22.78,45,AUTO.RTL,0,0
2026-08-18T16:43:06,1787046186,13.82219,100.512032,10.2,0.0,-0.6,-3.2,-73.6,286.4,0.0,-0.02,0.0,22.78,45,AUTO.RTL,0,0
2026-08-18T16:43:07,1787046187,13.822188,100.512034,9.7,-0.0,-0.6,-3.2,-73.6,286.4,0.0,0.0,0.0,22.78,45,AUTO.RTL,0,0
2026-08-18T16:43:08,1787046188,13.822188,100.512034,9.7,-0.0,-0.6,-3.2,-73.6,286.4,0.0,0.0,0.0,22.78,45,AUTO.RTL,0,0
2026-08-18T16:43:09,1787046189,13.822188,100.512034,9.7,-0.0,-0.6,-3.2,-73.6,286.4,0.0,0.0,0.0,22.78,45,AUTO.RTL,0,0
2026-08-18T16:43:10,1787046190,13.822188,100.512034,9.7,-0.0,-0.6,-3.2,-73.6,286.4,0.0,0.0,0.0,22.78,45,AUTO.RTL,0,0
2026-08-18T16:43:11,1787046191,13.822188,100.512034,9.7,-0.0,-0.6,-3.2,-73.6,286.4,0.0,0.0,0.0,22.78,45,AUTO.RTL,0,0
2026-08-18T16:43:12,1787046192,13.822188,100.512034,9.7,-0.0,-0.6,-3.2,-73.6,286.4,0.0,0.0,0.0,22.78,45,AUTO.RTL,0,0
2026-08-18T16:43:13,1787046193,13.822188,100.512034,9.7,-0.0,-0.5,-3.2,-73.6,286.4,0.0,0.0,0.0,22.78,45,AUTO.RTL,0,0
2026-08-18T16:43:14,1787046194,13.822184,100.512034,54.1,0.0,-0.5,-3.2,-73.6,286.4,0.0,0.0,0.0,22.78,45,AUTO.RTL,0,0
2026-08-18T16:43:15,1787046195,13.822181,100.512035,9.1,0.0,-0.5,-3.2,-73.6,286.4,0.0,0.0,0.0,22.78,45,AUTO.RTL,0,0
2026-08-18T16:43:16,1787046196,13.822181,100.512035,9.1,0.0,-0.5,-3.2,-73.7,286.3,0.0,0.0,0.0,22.78,45,AUTO.RTL,0,0
2026-08-18T16:43:17,1787046197,13.822181,100.512035,9.1,0.0,-0.5,-3.2,-73.7,286.3,0.0,0.0,0.0,22.78,45,AUTO.RTL,0,0
2026-08-18T16:43:18,1787046198,13.822182,100.512035,54.1,0.0,-0.5,-3.2,-73.6,286.4,0.02,0.0,0.0,22.78,45,AUTO.RTL,0,0
2026-08-18T16:43:19,1787046199,13.822182,100.512035,54.1,0.0,-0.5,-3.2,-73.6,286.4,0.02,0.0,0.0,22.78,45,AUTO.RTL,0,0
2026-08-18T16:43:20,1787046200,13.822182,100.512035,54.1,0.0,-0.5,-3.2,-73.6,286.4,0.02,0.0,0.0,22.78,45,AUTO.RTL,0,0
2026-08-18T16:43:21,1787046201,13.822182,100.512035,54.1,0.0,-0.5,-3.2,-73.6,286.4,0.02,0.0,0.0,22.78,45,AUTO.RTL,0,0
2026-08-18T16:43:22,1787046202,13.822178,100.512038,9.6,-0.0,-0.5,-3.2,-73.6,286.4,-0.01,0.01,0.0,22.78,45,AUTO.RTL,0,0
2026-08-18T16:43:23,1787046203,13.822178,100.512038,9.6,-0.0,-0.5,-3.2,-73.6,286.4,-0.01,0.01,0.0,22.78,45,AUTO.LAND,0,0
2026-08-18T16:43:24,1787046204,13.822178,100.512038,9.6,-0.0,-0.5,-3.2,-73.6,286.4,-0.01,0.01,0.0,22.78,45,AUTO.LAND,0,0
2026-08-18T16:43:25,1787046205,13.822178,100.512038,9.6,-0.0,-0.5,-3.2,-73.6,286.4,-0.01,0.01,0.0,22.78,45,AUTO.LAND,0,0
2026-08-18T16:43:26,1787046206,13.822178,100.512038,9.6,-0.0,-0.6,-3.2,-73.6,286.4,-0.01,0.01,0.0,22.78,45,AUTO.LAND,0,0
2026-08-18T16:43:27,1787046207,13.822176,100.512036,9.8,-0.0,-0.6,-3.2,-73.6,286.4,0.0,-0.02,0.0,22.78,45,AUTO.LAND,0,0
2026-08-18T16:43:28,1787046208,13.822176,100.512036,9.8,-0.0,-0.6,-3.2,-73.6,286.4,0.0,-0.02,0.0,22.78,45,AUTO.LAND,0,0
2026-08-18T16:43:29,1787046209,13.822176,100.512036,9.8,-0.0,-0.6,-3.2,-73.6,286.4,0.0,-0.02,0.0,22.78,45,POSCTL,0,0
2026-08-18T16:43:30,1787046210,13.822176,100.512036,9.8,-0.0,-0.6,-3.2,-73.6,286.4,0.0,-0.02,0.0,22.78,45,POSCTL,0,0
2026-08-18T16:43:31,1787046211,13.822172,100.512036,9.3,0.0,-0.6,-3.2,-73.6,286.4,-0.01,0.01,0.0,22.78,45,POSCTL,0,0
2026-08-18T16:43:32,1787046212,13.822172,100.512036,9.3,0.0,-0.6,-3.2,-73.6,286.4,-0.01,0.01,0.0,22.78,45,POSCTL,0,0
2026-08-18T16:43:33,1787046213,13.822172,100.512036,9.3,0.0,-0.6,-3.2,-73.6,286.4,-0.01,0.01,0.0,22.78,45,POSCTL,0,0
2026-08-18T16:43:34,1787046214,13.822172,100.512036,9.3,0.0,-0.6,-3.2,-73.6,286.4,-0.01,0.01,0.0,22.78,45,POSCTL,0,0
2026-08-18T16:43:35,1787046215,13.82217,100.51204,9.1,0.0,-0.6,-3.2,-73.6,286.4,-0.02,0.02,0.0,22.78,45,POSCTL,0,0
2026-08-18T16:43:36,1787046216,13.82217,100.51204,9.1,0.0,-0.6,-3.2,-73.6,286.4,-0.02,0.02,0.0,22.78,45,POSCTL,0,0
2026-08-18T16:43:37,1787046217,13.82217,100.51204,9.1,0.0,-0.6,-3.2,-73.6,286.4,-0.02,0.02,0.0,22.78,45,OFFBOARD,0,0
2026-08-18T16:43:38,1787046218,13.82217,100.512043,9.2,0.0,-0.6,-3.2,-73.6,286.4,0.0,0.01,0.0,22.78,45,OFFBOARD,0,0
2026-08-18T16:43:39,1787046219,13.82217,100.512043,9.2,0.0,-0.6,-3.2,-73.6,286.4,0.0,0.01,0.0,22.78,45,OFFBOARD,0,0
2026-08-18T16:43:40,1787046220,13.82217,100.512043,9.2,0.0,-0.6,-3.2,-73.6,286.4,0.0,0.01,0.0,22.78,45,OFFBOARD,0,0
2026-08-18T16:43:41,1787046221,13.82217,100.512043,9.2,0.0,-0.6,-3.2,-73.7,286.3,0.0,0.01,0.0,22.78,45,POSCTL,0,0
2026-08-18T16:43:42,1787046222,13.822171,100.512043,54.1,0.0,-0.6,-3.2,-73.7,286.3,0.02,0.02,0.0,22.78,45,POSCTL,0,0
2026-08-18T16:43:43,1787046223,13.822171,100.512043,54.1,0.0,-0.6,-3.2,-73.7,286.3,0.02,0.02,0.0,22.78,45,POSCTL,0,0
2026-08-18T16:43:44,1787046224,13.822171,100.512043,54.1,0.0,-0.6,-3.2,-73.7,286.3,0.02,0.02,0.0,22.78,45,POSCTL,0,0
2026-08-18T16:43:45,1787046225,13.822171,100.512043,54.1,0.0,-0.6,-3.2,-73.7,286.3,0.02,0.02,0.0,22.78,45,POSCTL,0,0
2026-08-18T16:43:46,1787046226,13.822173,100.512046,54.1,0.0,-0.6,-3.2,-73.7,286.3,0.02,0.02,0.0,22.78,45,POSCTL,0,0
2026-08-18T16:43:47,1787046227,13.822173,100.512046,54.1,0.0,-0.6,-3.2,-73.6,286.4,0.02,0.02,0.0,22.78,45,POSCTL,0,0
2026-08-18T16:43:48,1787046228,13.822173,100.512046,54.1,0.0,-0.6,-3.2,-73.6,286.4,0.02,0.02,0.0,22.78,45,POSCTL,0,0
2026-08-18T16:43:49,1787046229,13.822173,100.512046,54.1,0.0,-0.6,-3.2,-73.6,286.4,0.02,0.02,0.0,22.78,45,POSCTL,0,0
2026-08-18T16:43:50,1787046230,13.822173,100.512046,54.1,0.0,-0.6,-3.2,-73.6,286.4,0.02,0.02,0.0,22.78,45,POSCTL,0,0
2026-08-18T16:43:51,1787046231,13.822173,100.512046,54.1,0.0,-0.6,-3.2,-73.6,286.4,0.02,0.02,0.0,22.78,45,POSCTL,0,0
2026-08-18T16:43:52,1787046232,13.822173,100.512046,54.1,0.0,-0.6,-3.2,-73.6,286.4,0.02,0.02,0.0,22.78,45,POSCTL,0,0
2026-08-18T16:43:53,1787046233,13.822173,100.512046,54.1,0.0,-0.6,-3.2,-73.6,286.4,0.02,0.02,0.0,22.78,45,POSCTL,0,0
2026-08-18T16:43:54,1787046234,13.822173,100.512046,54.1,0.0,-0.6,-3.2,-73.6,286.4,0.02,0.02,0.0,22.78,45,POSCTL,0,0
2026-08-18T16:43:55,1787046235,13.822173,100.512046,54.1,0.0,-0.7,-3.2,-73.6,286.4,0.02,0.02,0.0,22.78,45,POSCTL,0,0
2026-08-18T16:43:56,1787046236,13.822173,100.512046,54.1,0.0,-0.7,-3.2,-73.6,286.4,0.02,0.02,0.0,22.78,45,POSCTL,0,0
2026-08-18T16:43:57,1787046237,13.82218,100.51205,9.4,-0.0,-0.7,-3.2,-73.6,286.4,-0.01,0.0,0.0,22.78,45,POSCTL,0,0
2026-08-18T16:43:58,1787046238,13.82218,100.51205,9.4,-0.0,-0.7,-3.2,-73.6,286.4,-0.01,0.0,0.0,22.78,45,POSCTL,0,0
2026-08-18T16:43:59,1787046239,13.82218,100.51205,9.4,-0.0,-0.7,-3.2,-73.6,286.4,-0.01,0.0,0.0,22.77,45,POSCTL,0,0
2026-08-18T16:44:00,1787046240,13.82218,100.51205,9.4,-0.0,-0.7,-3.2,-73.6,286.4,-0.01,0.0,0.0,22.77,45,POSCTL,0,0
2026-08-18T16:44:01,1787046241,13.82218,100.51205,9.4,-0.0,-0.7,-3.2,-73.6,286.4,-0.01,0.0,0.0,22.77,45,POSCTL,0,0
2026-08-18T16:44:02,1787046242,13.82218,100.51205,9.4,-0.0,-0.7,-3.2,-73.6,286.4,-0.01,0.0,0.0,22.77,45,POSCTL,0,0
2026-08-18T16:44:03,1787046243,13.82218,100.51205,9.4,-0.0,-0.7,-3.2,-73.6,286.4,-0.01,0.0,0.0,22.77,45,POSCTL,0,0
2026-08-18T16:44:04,1787046244,13.82218,100.51205,9.4,-0.0,-0.7,-3.2,-73.6,286.4,-0.01,0.0,0.0,22.77,45,POSCTL,0,0
2026-08-18T16:44:05,1787046245,13.82218,100.51205,9.4,-0.0,-0.7,-3.2,-73.6,286.4,-0.01,0.0,0.0,22.77,45,POSCTL,0,0
2026-08-18T16:44:06,1787046246,13.822183,100.512049,9.7,0.0,-0.6,-3.2,-73.6,286.4,0.01,-0.01,0.0,22.77,45,POSCTL,0,0
2026-08-18T16:44:07,1787046247,13.822183,100.512049,9.7,0.0,-0.6,-3.2,-73.6,286.4,0.01,-0.01,0.0,22.77,45,POSCTL,0,0
2026-08-18T16:44:08,1787046248,13.822183,100.512049,9.7,0.0,-0.6,-3.2,-73.6,286.4,0.01,-0.01,0.0,22.78,45,POSCTL,0,0
2026-08-18T16:44:09,1787046249,13.822183,100.512049,54.1,0.0,-0.6,-3.2,-73.5,286.5,0.02,0.01,0.0,22.78,45,POSCTL,0,0
2026-08-18T16:44:10,1787046250,13.822184,100.512049,9.9,0.0,-0.6,-3.2,-73.5,286.5,0.02,0.01,0.0,22.78,45,POSCTL,0,0
2026-08-18T16:44:11,1787046251,13.822184,100.512049,9.9,0.0,-0.6,-3.2,-73.5,286.5,0.02,0.01,0.0,22.78,45,POSCTL,0,0
2026-08-18T16:44:12,1787046252,13.822184,100.512049,9.9,0.0,-0.6,-3.2,-73.5,286.5,0.02,0.01,0.0,22.77,45,POSCTL,0,0
2026-08-18T16:44:13,1787046253,13.822184,100.512049,9.9,0.0,-0.6,-3.2,-73.5,286.5,0.02,0.01,0.0,22.77,45,POSCTL,0,0
2026-08-18T16:44:14,1787046254,13.822184,100.512049,9.9,0.0,-0.6,-3.2,-73.5,286.5,0.02,0.01,0.0,22.77,45,POSCTL,0,0
2026-08-18T16:44:15,1787046255,13.822184,100.512049,9.9,0.0,-0.6,-3.2,-73.5,286.5,0.02,0.01,0.0,22.77,45,POSCTL,0,0
2026-08-18T16:44:16,1787046256,13.822184,100.512049,9.9,0.0,-0.6,-3.2,-73.5,286.5,0.02,0.01,0.0,22.77,45,POSCTL,0,0
2026-08-18T16:44:17,1787046257,13.822184,100.512049,10.4,0.0,-0.6,-3.2,-73.5,286.5,-0.01,0.0,0.0,22.77,45,POSCTL,0,0
2026-08-18T16:44:18,1787046258,13.822184,100.512049,10.4,0.0,-0.6,-3.2,-73.5,286.5,-0.01,0.0,0.0,22.77,45,POSCTL,0,0
2026-08-18T16:44:19,1787046259,13.822184,100.512049,10.4,0.0,-0.6,-3.2,-73.5,286.5,-0.01,0.0,0.0,22.77,45,POSCTL,0,0
2026-08-18T16:44:20,1787046260,13.822184,100.512049,10.4,0.0,-0.6,-3.2,-73.5,286.5,-0.01,0.0,0.0,22.77,45,POSCTL,0,0
2026-08-18T16:44:21,1787046261,13.822185,100.51205,54.1,0.0,-0.6,-3.2,-73.5,286.5,0.04,0.02,0.0,22.77,45,POSCTL,0,0
2026-08-18T16:44:22,1787046262,13.822185,100.51205,54.1,0.0,-0.6,-3.2,-73.5,286.5,0.04,0.02,0.0,22.77,45,POSCTL,0,0
2026-08-18T16:44:23,1787046263,13.822185,100.51205,54.1,0.0,-0.6,-3.2,-73.5,286.5,0.04,0.02,0.0,22.77,45,POSCTL,0,0
2026-08-18T16:44:24,1787046264,13.822185,100.51205,54.1,0.0,-0.6,-3.2,-73.5,286.5,0.04,0.02,0.0,22.77,45,POSCTL,0,0
2026-08-18T16:44:25,1787046265,13.822184,100.512051,54.1,0.0,-0.6,-3.2,-73.5,286.5,-0.01,0.0,0.0,22.77,45,POSCTL,0,0
2026-08-18T16:44:26,1787046266,13.822184,100.512051,10.8,0.0,-0.6,-3.2,-73.5,286.5,-0.01,0.0,0.0,22.77,45,POSCTL,0,0
2026-08-18T16:44:27,1787046267,13.822184,100.512051,10.8,0.0,-0.6,-3.2,-73.5,286.5,-0.01,0.0,0.0,22.77,45,POSCTL,0,0
2026-08-18T16:44:28,1787046268,13.822183,100.512052,10.8,0.0,-0.6,-3.2,-73.5,286.5,-0.03,0.0,0.0,22.77,45,POSCTL,0,0
2026-08-18T16:44:29,1787046269,13.822183,100.512052,10.8,0.0,-0.6,-3.2,-73.5,286.5,-0.03,0.0,0.0,22.77,45,POSCTL,0,0
2026-08-18T16:44:30,1787046270,13.822183,100.512052,10.8,0.0,-0.6,-3.2,-73.5,286.5,-0.03,0.0,0.0,22.77,45,POSCTL,0,0
2026-08-18T16:44:32,1787046272,13.822183,100.512052,10.8,0.0,-0.6,-3.2,-73.5,286.5,-0.03,0.0,0.0,22.77,45,POSCTL,0,0
2026-08-18T16:44:33,1787046273,13.822183,100.512052,10.8,0.0,-0.6,-3.2,-73.5,286.5,-0.03,0.0,0.0,22.77,45,POSCTL,0,0
2026-08-18T16:44:34,1787046274,13.822183,100.512052,10.8,0.0,-0.6,-3.2,-73.6,286.4,-0.03,0.0,0.0,22.77,45,POSCTL,0,0
2026-08-18T16:44:35,1787046275,13.822183,100.512052,10.8,0.0,-0.6,-3.2,-73.6,286.4,-0.03,0.0,0.0,22.77,45,POSCTL,0,0
2026-08-18T16:44:36,1787046276,13.822183,100.512052,10.8,0.0,-0.6,-3.2,-73.6,286.4,-0.03,0.0,0.0,22.77,45,POSCTL,0,0
2026-08-18T16:44:37,1787046277,13.822182,100.512063,12.9,0.0,-0.6,-3.2,-73.6,286.4,0.01,0.06,0.0,22.77,45,POSCTL,0,0
2026-08-18T16:44:38,1787046278,13.822182,100.512063,12.9,0.0,-0.6,-3.2,-73.6,286.4,0.01,0.06,0.0,22.77,45,POSCTL,0,0
2026-08-18T16:44:39,1787046279,13.822182,100.512063,12.9,0.0,-0.6,-3.2,-73.5,286.5,0.01,0.06,0.0,22.77,45,POSCTL,0,0
2026-08-18T16:44:40,1787046280,13.822182,100.512063,12.9,0.0,-0.6,-3.2,-73.5,286.5,0.01,0.06,0.0,22.77,45,POSCTL,0,0
2026-08-18T16:44:41,1787046281,13.822182,100.512063,12.9,0.0,-0.6,-3.2,-73.5,286.5,0.01,0.06,0.0,22.77,45,POSCTL,0,0
2026-08-18T16:44:42,1787046282,13.822182,100.512063,12.9,0.0,-0.6,-3.2,-73.5,286.5,0.01,0.06,0.0,22.77,45,POSCTL,0,0
2026-08-18T16:44:43,1787046283,13.822182,100.512063,12.9,0.0,-0.6,-3.2,-73.5,286.5,0.01,0.06,0.0,22.77,45,POSCTL,0,0
2026-08-18T16:44:44,1787046284,13.822182,100.512063,12.9,0.0,-0.6,-3.4,-73.4,286.6,0.01,0.06,0.0,22.77,45,POSCTL,0,0
2026-08-18T16:44:45,1787046285,13.822182,100.512063,12.9,0.0,-0.6,-3.4,-73.4,286.6,0.01,0.06,0.0,22.77,45,POSCTL,0,0
2026-08-18T16:44:46,1787046286,13.822182,100.512082,54.1,0.0,-0.6,-3.4,-73.5,286.5,0.03,0.08,0.0,22.77,45,POSCTL,0,0
2026-08-18T16:44:47,1787046287,13.822182,100.512082,54.1,0.0,-0.6,-3.4,-73.5,286.5,0.03,0.08,0.0,22.77,45,POSCTL,0,0
2026-08-18T16:44:48,1787046288,13.822182,100.512082,54.1,0.0,-0.6,-3.4,-73.5,286.5,0.03,0.08,0.0,22.77,45,POSCTL,0,0
2026-08-18T16:44:49,1787046289,13.82218,100.512108,23.6,0.0,-0.7,-3.4,-73.5,286.5,0.0,0.09,0.0,22.77,45,POSCTL,0,0
2026-08-18T16:44:50,1787046290,13.82218,100.512108,23.6,0.0,-0.7,-3.4,-73.5,286.5,0.0,0.09,0.0,22.77,45,POSCTL,0,0
2026-08-18T16:44:51,1787046291,13.82218,100.512108,23.6,0.0,-0.7,-3.4,-73.5,286.5,0.0,0.09,0.0,22.77,45,POSCTL,0,0
2026-08-18T16:44:52,1787046292,13.82218,100.512108,23.6,0.0,-0.7,-3.4,-73.5,286.5,0.0,0.09,0.0,22.77,45,POSCTL,0,0
2026-08-18T16:44:53,1787046293,13.82218,100.512119,26.6,0.0,-0.7,-3.4,-73.5,286.5,0.0,0.09,0.0,22.77,45,POSCTL,0,0
2026-08-18T16:44:54,1787046294,13.822181,100.51211,54.1,-0.0,-0.7,-3.5,-73.4,286.6,0.0,0.03,0.0,22.77,45,POSCTL,0,0
2026-08-18T16:44:55,1787046295,13.822181,100.51211,54.1,-0.0,-0.7,-3.5,-73.4,286.6,0.0,0.03,0.0,22.77,45,POSCTL,0,0
2026-08-18T16:44:56,1787046296,13.822181,100.51211,54.1,-0.0,-0.7,-3.5,-73.4,286.6,0.0,0.03,0.0,22.77,45,POSCTL,0,0
2026-08-18T16:44:57,1787046297,13.82218,100.51213,29.2,-0.0,-0.7,-3.4,-73.4,286.6,0.0,0.03,0.0,22.77,45,POSCTL,0,0
2026-08-18T16:44:58,1787046298,13.822181,100.512122,54.1,0.0,-0.7,-3.4,-73.4,286.6,0.0,0.02,0.0,22.77,45,POSCTL,0,0
2026-08-18T16:44:59,1787046299,13.822181,100.512122,54.1,0.0,-0.7,-3.4,-73.4,286.6,0.0,0.02,0.0,22.77,45,POSCTL,0,0
2026-08-18T16:45:00,1787046300,13.822181,100.512122,54.1,0.0,-0.7,-3.4,-73.4,286.6,0.0,0.02,0.0,22.77,45,POSCTL,0,0
2026-08-18T16:45:01,1787046301,13.822181,100.512122,54.1,0.0,-0.7,-3.4,-73.4,286.6,0.0,0.02,0.0,22.77,45,POSCTL,0,0
2026-08-18T16:45:03,1787046303,13.822181,100.512122,54.1,0.0,-0.7,-3.4,-73.4,286.6,0.0,0.02,0.0,22.77,45,POSCTL,0,0
2026-08-18T16:45:04,1787046304,13.822181,100.512122,54.1,0.0,-0.7,-3.4,-73.4,286.6,0.0,0.02,0.0,22.77,45,POSCTL,0,0
2026-08-18T16:45:05,1787046305,13.822181,100.512131,54.1,0.0,-0.7,-3.4,-73.4,286.6,0.0,-0.04,0.0,22.77,45,POSCTL,0,0
2026-08-18T16:45:06,1787046306,13.822181,100.512131,54.1,0.0,-0.7,-3.4,-73.4,286.6,0.0,-0.04,0.0,22.77,45,POSCTL,0,0
2026-08-18T16:45:07,1787046307,13.822181,100.512131,54.1,0.0,-0.7,-3.3,-73.4,286.6,0.0,-0.04,0.0,22.77,45,POSCTL,0,0
2026-08-18T16:45:08,1787046308,13.822183,100.512119,27.9,0.0,-0.7,-3.3,-73.4,286.6,0.01,-0.11,0.0,22.77,45,POSCTL,0,0
2026-08-18T16:45:09,1787046309,13.822183,100.512119,27.9,0.0,-0.6,-3.3,-73.4,286.6,0.01,-0.11,0.0,22.77,45,POSCTL,0,0
2026-08-18T16:45:10,1787046310,13.822183,100.512119,27.9,0.0,-0.6,-3.3,-73.4,286.6,0.01,-0.11,0.0,22.77,45,POSCTL,0,0
2026-08-18T16:45:11,1787046311,13.822183,100.512119,27.9,0.0,-0.6,-3.1,-73.3,286.7,0.01,-0.11,0.0,22.77,45,POSCTL,0,0
2026-08-18T16:45:12,1787046312,13.822183,100.512119,27.9,0.0,-0.6,-3.1,-73.3,286.7,0.01,-0.11,0.0,22.77,45,POSCTL,0,0
2026-08-18T16:45:13,1787046313,13.822183,100.512119,27.9,0.0,-0.6,-3.1,-73.3,286.7,0.01,-0.11,0.0,22.77,45,POSCTL,0,0
2026-08-18T16:45:14,1787046314,13.822183,100.512119,27.9,0.0,-0.6,-3.0,-73.2,286.8,0.01,-0.11,0.0,22.77,45,POSCTL,0,0
2026-08-18T16:45:15,1787046315,13.822183,100.512119,27.9,0.0,-0.6,-3.0,-73.2,286.8,0.01,-0.11,0.0,22.77,45,POSCTL,0,0
2026-08-18T16:45:16,1787046316,13.822183,100.512119,27.9,0.0,-0.6,-3.0,-73.2,286.8,0.01,-0.11,0.0,22.77,45,POSCTL,0,0
2026-08-18T16:45:17,1787046317,13.822187,100.512094,23.2,0.0,-0.6,-3.0,-73.2,286.8,0.0,-0.06,0.0,22.77,45,POSCTL,0,0
2026-08-18T16:45:18,1787046318,13.822187,100.512094,23.2,0.0,-0.6,-3.0,-73.2,286.8,0.0,-0.06,0.0,22.77,45,POSCTL,0,0
2026-08-18T16:45:19,1787046319,13.822187,100.512094,23.2,0.0,-0.6,-3.0,-73.2,286.8,0.0,-0.06,0.0,22.77,45,POSCTL,0,0
2026-08-18T16:45:20,1787046320,13.822187,100.512094,23.2,0.0,-0.6,-3.0,-73.2,286.8,0.0,-0.06,0.0,22.77,45,POSCTL,0,0
2026-08-18T16:45:21,1787046321,13.822187,100.512094,23.2,0.0,-0.6,-3.0,-73.2,286.8,0.0,-0.06,0.0,22.77,45,POSCTL,0,0
2026-08-18T16:45:22,1787046322,13.822188,100.512088,54.1,0.0,-0.6,-3.0,-73.2,286.8,0.0,-0.01,0.0,22.77,45,POSCTL,0,0
2026-08-18T16:45:23,1787046323,13.822188,100.512088,54.1,0.0,-0.6,-3.0,-73.2,286.8,0.0,-0.01,0.0,22.77,45,POSCTL,0,0
2026-08-18T16:45:24,1787046324,13.822188,100.512088,54.1,0.0,-0.6,-2.9,-73.2,286.8,0.0,-0.01,0.0,22.77,45,POSCTL,0,0
2026-08-18T16:45:25,1787046325,13.822188,100.512088,54.1,0.0,-0.6,-2.9,-73.2,286.8,0.0,-0.01,0.0,22.77,45,POSCTL,0,0
2026-08-18T16:45:26,1787046326,13.82219,100.512072,18.4,-0.0,-0.6,-2.9,-73.2,286.8,0.0,-0.02,0.0,22.77,45,POSCTL,0,0
2026-08-18T16:45:27,1787046327,13.82219,100.512072,18.4,-0.0,-0.7,-2.9,-73.3,286.7,0.0,-0.02,0.0,22.77,45,POSCTL,0,0
2026-08-18T16:45:28,1787046328,13.82219,100.512072,18.4,-0.0,-0.7,-2.9,-73.3,286.7,0.0,-0.02,0.0,22.77,45,POSCTL,0,0
2026-08-18T16:45:29,1787046329,13.822188,100.512067,16.7,-0.0,-0.7,-2.9,-73.3,286.7,0.0,-0.02,0.0,22.77,45,POSCTL,0,0
2026-08-18T16:45:30,1787046330,13.822188,100.512067,16.7,-0.0,-0.7,-2.9,-73.3,286.7,0.0,-0.02,0.0,22.77,45,POSCTL,0,0
2026-08-18T16:45:31,1787046331,13.822188,100.512067,16.7,-0.0,-0.7,-2.9,-73.3,286.7,0.0,-0.02,0.0,22.77,45,POSCTL,0,0
2026-08-18T16:45:32,1787046332,13.822188,100.512067,16.7,-0.0,-0.7,-2.9,-73.3,286.7,0.0,-0.02,0.0,22.77,44,POSCTL,0,0
2026-08-18T16:45:33,1787046333,13.822193,100.512066,16.1,0.0,-0.7,-2.9,-73.3,286.7,0.03,0.02,0.0,22.77,44,POSCTL,0,0
2026-08-18T16:45:34,1787046334,13.822193,100.512066,16.1,0.0,-0.5,-3.0,-73.1,286.9,0.03,0.02,0.0,22.77,44,POSCTL,0,0
2026-08-18T16:45:35,1787046335,13.822193,100.512066,16.1,0.0,-0.5,-3.0,-73.1,286.9,0.03,0.02,0.0,22.77,44,POSCTL,0,0
2026-08-18T16:45:36,1787046336,13.822193,100.512066,16.1,0.0,-0.6,-3.1,-73.2,286.8,0.03,0.02,0.0,22.77,44,POSCTL,0,0
2026-08-18T16:45:37,1787046337,13.822199,100.512066,16.5,0.0,-0.6,-3.1,-73.2,286.8,0.07,0.03,0.0,22.77,44,POSCTL,0,0
2026-08-18T16:45:38,1787046338,13.822199,100.512066,16.5,0.0,-0.6,-3.1,-73.2,286.8,0.07,0.03,0.0,22.77,44,POSCTL,0,0
2026-08-18T16:45:42,1787046342,13.822205,100.512064,16.9,-0.0,-0.6,-3.1,-73.2,286.8,0.05,0.0,0.0,22.77,44,POSCTL,0,0
2026-08-18T16:45:43,1787046343,13.822205,100.512064,16.9,-0.0,-0.6,-3.1,-73.2,286.8,0.05,0.0,0.0,22.77,44,POSCTL,0,0
2026-08-18T16:45:44,1787046344,13.822205,100.512064,16.9,-0.0,-0.6,-3.1,-73.2,286.8,0.05,0.0,0.0,22.77,44,POSCTL,0,0
2026-08-18T16:45:45,1787046345,13.822205,100.512064,16.9,-0.0,-0.8,-3.1,-73.5,286.5,0.05,0.0,0.0,22.77,44,POSCTL,0,0
2026-08-18T16:45:46,1787046346,13.822206,100.512061,16.6,-0.0,-0.8,-3.1,-73.5,286.5,0.05,0.0,0.0,22.77,44,POSCTL,0,0
2026-08-18T16:45:47,1787046347,13.822205,100.512063,54.1,-0.0,-0.8,-3.1,-73.5,286.5,-0.02,-0.02,0.0,22.77,44,POSCTL,0,0
2026-08-18T16:45:48,1787046348,13.822205,100.512063,54.1,-0.0,-0.8,-3.1,-73.5,286.5,-0.02,-0.02,0.0,22.77,44,POSCTL,0,0
2026-08-18T16:45:49,1787046349,13.822205,100.512063,54.1,-0.0,-0.8,-3.1,-73.5,286.5,-0.02,-0.02,0.0,22.77,44,POSCTL,0,0
2026-08-18T16:45:50,1787046350,13.822205,100.512063,54.1,-0.0,-0.8,-3.1,-73.5,286.5,-0.02,-0.02,0.0,22.77,44,POSCTL,0,0
2026-08-18T16:45:51,1787046351,13.822204,100.512058,54.1,0.0,-0.7,-3.1,-73.5,286.5,-0.05,-0.02,0.0,22.77,44,POSCTL,0,0
2026-08-18T16:45:52,1787046352,13.822204,100.512058,54.1,0.0,-0.7,-3.1,-73.5,286.5,-0.05,-0.02,0.0,22.77,44,POSCTL,0,0
2026-08-18T16:45:53,1787046353,13.822204,100.512054,14.0,0.0,-0.7,-3.1,-73.5,286.5,-0.05,-0.02,0.0,22.77,44,POSCTL,0,0
2026-08-18T16:45:54,1787046354,13.822204,100.512054,14.0,0.0,-0.6,-3.1,-73.4,286.6,-0.05,-0.02,0.0,22.77,44,POSCTL,0,0
2026-08-18T16:45:55,1787046355,13.822204,100.512054,14.0,0.0,-0.6,-3.1,-73.4,286.6,-0.05,-0.02,0.0,22.77,44,POSCTL,0,0
2026-08-18T16:45:56,1787046356,13.822204,100.512054,54.1,-0.0,-0.6,-3.1,-73.4,286.6,0.0,-0.03,0.0,22.77,44,POSCTL,0,0
2026-08-18T16:45:57,1787046357,13.822204,100.512054,54.1,-0.0,-0.6,-3.1,-73.4,286.6,0.0,-0.03,0.0,22.77,44,POSCTL,0,0
2026-08-18T16:45:58,1787046358,13.822203,100.512049,12.5,-0.0,-0.6,-3.1,-73.4,286.6,0.0,-0.03,0.0,22.77,44,POSCTL,0,0
2026-08-18T16:45:59,1787046359,13.822203,100.512049,12.5,-0.0,-0.6,-3.1,-73.4,286.6,0.0,-0.03,0.0,22.77,44,POSCTL,0,0
2026-08-18T16:46:01,1787046361,13.822203,100.512049,12.5,-0.0,-0.6,-3.1,-73.4,286.6,0.0,-0.03,0.0,22.77,44,POSCTL,0,0
2026-08-18T16:46:02,1787046362,13.822202,100.512049,54.1,0.0,-0.6,-3.1,-73.4,286.6,-0.03,0.0,0.0,22.77,44,POSCTL,0,0
2026-08-18T16:46:03,1787046363,13.822202,100.512049,54.1,0.0,-0.6,-3.1,-73.4,286.6,-0.03,0.0,0.0,22.77,44,POSCTL,0,0
2026-08-18T16:46:04,1787046364,13.822202,100.512049,54.1,0.0,-0.6,-3.1,-73.4,286.6,-0.03,0.0,0.0,22.77,44,POSCTL,0,0
2026-08-18T16:46:05,1787046365,13.822202,100.512049,54.1,0.0,-0.6,-3.1,-73.4,286.6,-0.03,0.0,0.0,22.77,44,POSCTL,0,0
2026-08-18T16:46:06,1787046366,13.8222,100.512048,54.1,0.0,-0.6,-3.1,-73.4,286.6,-0.01,0.0,0.0,22.77,44,POSCTL,0,0
2026-08-18T16:46:07,1787046367,13.8222,100.512048,54.1,0.0,-0.6,-3.1,-73.4,286.6,-0.01,0.0,0.0,22.77,44,POSCTL,0,0
2026-08-18T16:46:08,1787046368,13.8222,100.512048,54.1,0.0,-0.6,-3.1,-73.4,286.6,-0.01,0.0,0.0,22.77,44,POSCTL,0,0
2026-08-18T16:46:09,1787046369,13.8222,100.512048,54.1,0.0,-0.6,-3.1,-73.4,286.6,-0.01,0.0,0.0,22.77,44,POSCTL,0,0
2026-08-18T16:46:10,1787046370,13.8222,100.512048,54.1,0.0,-0.6,-3.1,-73.4,286.6,-0.01,0.0,0.0,22.77,44,POSCTL,0,0
2026-08-18T16:46:11,1787046371,13.8222,100.512048,54.1,0.0,-0.6,-3.2,-73.4,286.6,-0.01,0.0,0.0,22.77,44,POSCTL,0,0
2026-08-18T16:46:12,1787046372,13.822196,100.51205,10.5,0.0,-0.6,-3.2,-73.4,286.6,-0.01,0.0,0.0,22.77,44,POSCTL,0,0
2026-08-18T16:46:13,1787046373,13.822198,100.512049,54.1,0.0,-0.6,-3.2,-73.4,286.6,0.0,0.02,0.0,22.77,44,POSCTL,0,0
2026-08-18T16:46:14,1787046374,13.822198,100.512049,54.1,0.0,-0.6,-3.2,-73.4,286.6,0.0,0.02,0.0,22.77,44,POSCTL,0,0
2026-08-18T16:46:15,1787046375,13.822198,100.512049,54.1,0.0,-0.6,-3.2,-73.4,286.6,0.0,0.02,0.0,22.77,44,POSCTL,0,0
2026-08-18T16:46:16,1787046376,13.822198,100.512049,54.1,0.0,-0.6,-3.2,-73.4,286.6,0.0,0.02,0.0,22.77,44,POSCTL,0,0
2026-08-18T16:46:17,1787046377,13.822198,100.512049,54.1,0.0,-0.6,-3.2,-73.4,286.6,0.0,0.02,0.0,22.77,44,POSCTL,0,0
2026-08-18T16:46:18,1787046378,13.822198,100.512049,54.1,0.0,-0.6,-3.2,-73.4,286.6,0.0,0.02,0.0,22.77,44,POSCTL,0,0
2026-08-18T16:46:19,1787046379,13.822198,100.512049,54.1,0.0,-0.6,-3.2,-73.4,286.6,0.0,0.02,0.0,22.77,44,POSCTL,0,0
2026-08-18T16:46:20,1787046380,13.822198,100.512049,54.1,0.0,-0.6,-3.2,-73.4,286.6,0.0,0.02,0.0,22.77,44,POSCTL,0,0
2026-08-18T16:46:21,1787046381,13.822198,100.512049,54.1,0.0,-0.6,-3.2,-73.4,286.6,0.0,0.02,0.0,22.77,44,POSCTL,0,0
2026-08-18T16:46:22,1787046382,13.822194,100.512059,12.0,0.0,-0.6,-3.2,-73.4,286.6,0.0,0.02,0.0,22.77,44,POSCTL,0,0
2026-08-18T16:46:23,1787046383,13.822194,100.512059,12.0,0.0,-0.6,-3.2,-73.4,286.6,0.0,0.02,0.0,22.77,44,POSCTL,0,0
2026-08-18T16:46:24,1787046384,13.822194,100.512059,12.0,0.0,-0.6,-3.3,-73.4,286.6,0.0,0.02,0.0,22.77,44,POSCTL,0,0
2026-08-18T16:46:25,1787046385,13.822194,100.512059,12.0,0.0,-0.6,-3.3,-73.4,286.6,0.0,0.02,0.0,22.77,44,POSCTL,0,0
2026-08-18T16:46:26,1787046386,13.822194,100.512059,12.0,0.0,-0.6,-3.3,-73.4,286.6,0.0,0.02,0.0,22.77,44,POSCTL,0,0
2026-08-18T16:46:27,1787046387,13.822194,100.512059,12.0,0.0,-0.6,-3.3,-73.4,286.6,0.0,0.02,0.0,22.77,44,POSCTL,0,0
2026-08-18T16:46:28,1787046388,13.822194,100.512059,12.0,0.0,-0.6,-3.3,-73.4,286.6,0.0,0.02,0.0,22.77,44,POSCTL,0,0
2026-08-18T16:46:29,1787046389,13.822194,100.512059,12.0,0.0,-0.6,-3.3,-73.4,286.6,0.0,0.02,0.0,22.77,44,POSCTL,0,0
2026-08-18T16:46:30,1787046390,13.822194,100.512059,12.0,0.0,-0.6,-3.3,-73.4,286.6,0.0,0.02,0.0,22.77,44,POSCTL,0,0
2026-08-18T16:46:31,1787046391,13.822194,100.512059,12.0,0.0,-0.6,-3.2,-73.5,286.5,0.0,0.02,0.0,22.77,44,POSCTL,0,0
2026-08-18T16:46:32,1787046392,13.822192,100.51206,54.1,0.0,-0.6,-3.2,-73.5,286.5,0.0,0.0,0.0,22.77,44,POSCTL,0,0
2026-08-18T16:46:33,1787046393,13.82219,100.51206,12.0,0.0,-0.6,-3.2,-73.5,286.5,0.0,0.0,0.0,22.77,44,POSCTL,0,0
2026-08-18T16:46:34,1787046394,13.82219,100.51206,12.0,0.0,-0.5,-3.2,-73.6,286.4,0.0,0.0,0.0,22.77,44,POSCTL,0,0
2026-08-18T16:46:35,1787046395,13.82219,100.51206,12.0,0.0,-0.5,-3.2,-73.6,286.4,0.0,0.0,0.0,22.77,44,POSCTL,0,0
2026-08-18T16:46:36,1787046396,13.822183,100.512057,10.9,0.0,-0.5,-3.2,-73.6,286.4,-0.03,-0.01,0.0,22.77,44,POSCTL,0,0
2026-08-18T16:46:37,1787046397,13.822183,100.512057,10.9,0.0,-0.5,-3.2,-73.6,286.4,-0.03,-0.01,0.0,22.77,44,POSCTL,0,0
2026-08-18T16:46:38,1787046398,13.822183,100.512057,10.9,0.0,-0.5,-3.2,-73.6,286.4,-0.03,-0.01,0.0,22.77,44,POSCTL,0,0
2026-08-18T16:46:39,1787046399,13.822183,100.512057,10.9,0.0,-0.5,-3.2,-73.6,286.4,-0.03,-0.01,0.0,22.77,44,POSCTL,0,0
2026-08-18T16:46:40,1787046400,13.822183,100.512057,10.9,0.0,-0.6,-3.2,-73.5,286.5,-0.03,-0.01,0.0,22.77,44,POSCTL,0,0
2026-08-18T16:46:41,1787046401,13.822176,100.512056,9.7,-0.0,-0.6,-3.2,-73.5,286.5,-0.08,-0.01,0.0,22.77,44,POSCTL,0,0
2026-08-18T16:46:42,1787046402,13.822176,100.512056,9.7,-0.0,-0.5,-3.2,-73.5,286.5,-0.08,-0.01,0.0,22.77,44,POSCTL,0,0
2026-08-18T16:46:43,1787046403,13.822176,100.512056,9.7,-0.0,-0.5,-3.2,-73.5,286.5,-0.08,-0.01,0.0,22.77,44,POSCTL,0,0
2026-08-18T16:46:44,1787046404,13.822175,100.512056,9.3,-0.0,-0.5,-3.2,-73.5,286.5,-0.08,-0.01,0.0,22.77,44,POSCTL,0,0
2026-08-18T16:46:45,1787046405,13.822175,100.512056,9.3,-0.0,-0.5,-3.2,-73.5,286.5,-0.08,-0.01,0.0,22.77,44,POSCTL,0,0
2026-08-18T16:46:46,1787046406,13.822175,100.512056,9.3,-0.0,-0.5,-3.2,-73.5,286.5,-0.08,-0.01,0.0,22.77,44,POSCTL,0,0
2026-08-18T16:46:47,1787046407,13.822172,100.512056,8.6,-0.0,-0.5,-3.2,-73.5,286.5,-0.08,-0.01,0.0,22.77,44,POSCTL,0,0
2026-08-18T16:46:48,1787046408,13.822172,100.512056,8.6,-0.0,-0.5,-3.2,-73.5,286.5,-0.08,-0.01,0.0,22.77,44,POSCTL,0,0
2026-08-18T16:46:51,1787046411,13.822173,100.512056,54.1,-0.0,-0.5,-3.2,-73.5,286.5,0.0,0.01,0.0,22.77,44,POSCTL,0,0
2026-08-18T16:46:52,1787046412,13.822168,100.512056,8.0,-0.0,-0.5,-3.2,-73.5,286.5,0.0,0.01,0.0,22.77,44,POSCTL,0,0
2026-08-18T16:46:53,1787046413,13.822171,100.512056,54.1,0.0,-0.5,-3.2,-73.5,286.5,0.0,0.03,0.0,22.77,44,POSCTL,0,0
2026-08-18T16:46:54,1787046414,13.822171,100.512056,54.1,0.0,-0.5,-3.2,-73.5,286.5,0.0,0.03,0.0,22.77,44,POSCTL,0,0
2026-08-18T16:46:55,1787046415,13.822167,100.512055,7.9,0.0,-0.5,-3.2,-73.5,286.5,0.0,0.03,0.0,22.77,44,POSCTL,0,0
2026-08-18T16:46:56,1787046416,13.822168,100.512055,54.1,-0.0,-0.5,-3.2,-73.5,286.5,0.0,-0.03,0.0,22.77,44,POSCTL,0,0
2026-08-18T16:46:57,1787046417,13.822168,100.512055,54.1,-0.0,-0.5,-3.2,-73.5,286.5,0.0,-0.03,0.0,22.77,44,POSCTL,0,0
2026-08-18T16:46:58,1787046418,13.822168,100.512055,54.1,-0.0,-0.6,-3.2,-73.5,286.5,0.0,-0.03,0.0,22.77,44,POSCTL,0,0
2026-08-18T16:46:59,1787046419,13.822168,100.512052,8.3,-0.0,-0.6,-3.2,-73.5,286.5,0.0,-0.03,0.0,22.77,44,POSCTL,0,0
2026-08-18T16:47:00,1787046420,13.822168,100.512052,8.3,-0.0,-0.6,-3.2,-73.6,286.4,0.0,-0.03,0.0,22.77,44,POSCTL,0,0
2026-08-18T16:47:01,1787046421,13.822168,100.512052,54.1,0.0,-0.6,-3.2,-73.6,286.4,0.0,-0.06,0.0,22.77,44,POSCTL,0,0
2026-08-18T16:47:02,1787046422,13.82217,100.51205,8.6,0.0,-0.6,-3.2,-73.6,286.4,0.0,-0.06,0.0,22.77,44,POSCTL,0,0
2026-08-18T16:47:03,1787046423,13.82217,100.51205,8.6,0.0,-0.6,-3.1,-73.6,286.4,0.0,-0.06,0.0,22.77,44,POSCTL,0,0
2026-08-18T16:47:04,1787046424,13.82217,100.51205,8.6,0.0,-0.6,-3.1,-73.6,286.4,0.0,-0.06,0.0,22.77,44,POSCTL,0,0
2026-08-18T16:47:05,1787046425,13.82217,100.51205,8.6,0.0,-0.6,-3.1,-73.6,286.4,0.0,-0.06,0.0,22.77,44,POSCTL,0,0
2026-08-18T16:47:06,1787046426,13.82217,100.51205,8.6,0.0,-0.6,-3.1,-73.6,286.4,0.0,-0.06,0.0,22.77,44,POSCTL,0,0
2026-08-18T16:47:07,1787046427,13.82217,100.51205,8.6,0.0,-0.6,-3.1,-73.6,286.4,0.0,-0.06,0.0,22.77,44,POSCTL,0,0
2026-08-18T16:47:08,1787046428,13.822171,100.512048,54.1,0.0,-0.6,-3.1,-73.6,286.4,0.02,0.0,0.0,22.77,44,POSCTL,0,0
2026-08-18T16:47:09,1787046429,13.822171,100.512048,54.1,0.0,-0.6,-3.1,-73.5,286.5,0.02,0.0,0.0,22.77,44,POSCTL,0,0
2026-08-18T16:47:10,1787046430,13.822171,100.512048,54.1,0.0,-0.6,-3.1,-73.5,286.5,0.02,0.0,0.0,22.77,44,POSCTL,0,0
2026-08-18T16:47:11,1787046431,13.822172,100.512042,8.9,0.0,-0.6,-3.1,-73.5,286.5,0.02,0.0,0.0,22.77,44,POSCTL,0,0
2026-08-18T16:47:12,1787046432,13.822172,100.512043,54.1,0.0,-0.6,-3.1,-73.5,286.5,0.0,-0.02,0.0,22.77,44,POSCTL,0,0
2026-08-18T16:47:13,1787046433,13.822172,100.512043,54.1,0.0,-0.6,-3.1,-73.5,286.5,0.0,-0.02,0.0,22.77,44,POSCTL,0,0
2026-08-18T16:47:14,1787046434,13.822172,100.512043,54.1,0.0,-0.6,-3.1,-73.5,286.5,0.0,-0.02,0.0,22.77,44,POSCTL,0,0
2026-08-18T16:47:15,1787046435,13.822172,100.512043,54.1,0.0,-0.6,-3.1,-73.5,286.5,0.0,-0.02,0.0,22.77,44,POSCTL,0,0
2026-08-18T16:47:16,1787046436,13.822172,100.512043,54.1,0.0,-0.6,-3.1,-73.5,286.5,0.0,-0.02,0.0,22.77,44,POSCTL,0,0
2026-08-18T16:47:17,1787046437,13.822172,100.512043,54.1,0.0,-0.6,-3.1,-73.5,286.5,0.0,-0.02,0.0,22.77,44,POSCTL,0,0
2026-08-18T16:47:18,1787046438,13.822172,100.512043,54.1,0.0,-0.6,-3.1,-73.5,286.5,0.0,-0.02,0.0,22.77,44,POSCTL,0,0
2026-08-18T16:47:19,1787046439,13.822172,100.512043,54.1,0.0,-0.6,-3.1,-73.5,286.5,0.0,-0.02,0.0,22.77,44,POSCTL,0,0
2026-08-18T16:47:21,1787046441,13.822175,100.512037,54.1,0.0,-0.6,-3.1,-73.5,286.5,0.01,0.0,0.0,22.77,44,POSCTL,0,0
2026-08-18T16:47:22,1787046442,13.822178,100.512036,11.1,0.0,-0.6,-3.1,-73.5,286.5,0.01,0.0,0.0,22.77,44,POSCTL,0,0
2026-08-18T16:47:23,1787046443,13.822178,100.512036,11.1,0.0,-0.6,-3.1,-73.5,286.5,0.01,0.0,0.0,22.77,44,POSCTL,0,0
2026-08-18T16:47:24,1787046444,13.822178,100.512036,11.1,0.0,-0.6,-3.1,-73.5,286.5,0.01,0.0,0.0,22.77,44,POSCTL,0,0
2026-08-18T16:47:25,1787046445,13.822178,100.512037,54.1,0.0,-0.7,-3.1,-73.5,286.5,0.01,0.01,0.0,22.77,44,POSCTL,0,0
2026-08-18T16:47:26,1787046446,13.822181,100.51204,12.6,0.0,-0.7,-3.1,-73.5,286.5,0.01,0.01,0.0,22.77,44,POSCTL,0,0
2026-08-18T16:47:27,1787046447,13.822181,100.51204,12.6,0.0,-0.7,-3.1,-73.5,286.5,0.01,0.01,0.0,22.77,44,POSCTL,0,0
2026-08-18T16:47:28,1787046448,13.822181,100.51204,12.6,0.0,-0.7,-3.1,-73.5,286.5,0.01,0.01,0.0,22.77,44,POSCTL,0,0
2026-08-18T16:47:29,1787046449,13.822184,100.512041,13.7,0.0,-0.7,-3.1,-73.5,286.5,0.01,0.01,0.0,22.77,44,POSCTL,0,0
2026-08-18T16:47:30,1787046450,13.822184,100.512041,13.7,0.0,-0.7,-3.1,-73.5,286.5,0.01,0.01,0.0,22.77,44,POSCTL,0,0
2026-08-18T16:47:31,1787046451,13.822184,100.512041,13.7,0.0,-0.7,-3.1,-73.5,286.5,0.01,0.01,0.0,22.77,44,POSCTL,0,0
2026-08-18T16:47:32,1787046452,13.822184,100.51204,54.1,0.0,-0.7,-3.2,-73.5,286.5,0.04,0.01,0.0,22.77,44,POSCTL,0,0
2026-08-18T16:47:33,1787046453,13.822188,100.51204,14.5,0.0,-0.7,-3.2,-73.5,286.5,0.04,0.01,0.0,22.77,44,POSCTL,0,0
2026-08-18T16:47:34,1787046454,13.822188,100.51204,14.5,0.0,-0.7,-3.2,-73.5,286.5,0.04,0.01,0.0,22.77,44,POSCTL,0,0
2026-08-18T16:47:35,1787046455,13.822188,100.51204,14.5,0.0,-0.7,-3.2,-73.5,286.5,0.04,0.01,0.0,22.77,44,POSCTL,0,0
2026-08-18T16:47:36,1787046456,13.822188,100.51204,14.5,0.0,-0.7,-3.2,-73.5,286.5,0.04,0.01,0.0,22.77,44,POSCTL,0,0
2026-08-18T16:47:37,1787046457,13.822188,100.51204,14.5,0.0,-0.7,-3.2,-73.5,286.5,0.04,0.01,0.0,22.77,44,POSCTL,0,0
2026-08-18T16:47:38,1787046458,13.822188,100.51204,14.5,0.0,-0.7,-3.2,-73.5,286.5,0.04,0.01,0.0,22.77,44,POSCTL,0,0
2026-08-18T16:47:39,1787046459,13.822188,100.51204,14.5,0.0,-0.7,-3.2,-73.5,286.5,0.04,0.01,0.0,22.77,44,POSCTL,0,0
2026-08-18T16:47:40,1787046460,13.822188,100.51204,14.5,0.0,-0.7,-3.2,-73.5,286.5,0.04,0.01,0.0,22.77,44,POSCTL,0,0
2026-08-18T16:47:41,1787046461,13.822201,100.512035,15.1,0.0,-0.7,-3.2,-73.5,286.5,0.04,0.01,0.0,22.77,44,POSCTL,0,0
2026-08-18T16:47:42,1787046462,13.822201,100.512035,15.1,0.0,-0.7,-3.2,-73.5,286.5,0.04,0.01,0.0,22.77,44,POSCTL,0,0
2026-08-18T16:47:43,1787046463,13.822198,100.512037,54.1,0.0,-0.7,-3.2,-73.5,286.5,0.03,-0.02,0.0,22.77,44,POSCTL,0,0
2026-08-18T16:47:44,1787046464,13.822198,100.512037,54.1,0.0,-0.7,-3.1,-73.4,286.6,0.03,-0.02,0.0,22.77,44,POSCTL,0,0
2026-08-18T16:47:45,1787046465,13.822206,100.512035,15.1,0.0,-0.7,-3.1,-73.4,286.6,0.03,-0.02,0.0,22.77,44,POSCTL,0,0
2026-08-18T16:47:46,1787046466,13.822206,100.512035,15.1,0.0,-0.7,-3.1,-73.4,286.6,0.03,-0.02,0.0,22.77,44,POSCTL,0,0
2026-08-18T16:47:47,1787046467,13.822206,100.512035,15.1,0.0,-0.7,-3.1,-73.4,286.6,0.03,-0.02,0.0,22.77,44,POSCTL,0,0
2026-08-18T16:47:48,1787046468,13.822206,100.512035,15.1,0.0,-0.7,-3.1,-73.4,286.6,0.03,-0.02,0.0,22.77,44,POSCTL,0,0
2026-08-18T16:47:49,1787046469,13.822206,100.512035,15.1,0.0,-0.7,-3.1,-73.4,286.6,0.03,-0.02,0.0,22.77,44,POSCTL,0,0
2026-08-18T16:47:50,1787046470,13.822206,100.512035,15.1,0.0,-0.7,-3.1,-73.4,286.6,0.03,-0.02,0.0,22.77,44,POSCTL,0,0
2026-08-18T16:47:51,1787046471,13.822206,100.512035,15.1,0.0,-0.7,-3.1,-73.4,286.6,0.03,-0.02,0.0,22.77,44,POSCTL,0,0
2026-08-18T16:47:52,1787046472,13.822211,100.512039,15.0,0.0,-0.7,-3.1,-73.4,286.6,0.03,-0.02,0.0,22.77,44,POSCTL,0,0
2026-08-18T16:47:53,1787046473,13.822211,100.512039,15.0,0.0,-0.6,-3.1,-73.4,286.6,0.03,-0.02,0.0,22.77,44,POSCTL,0,0
2026-08-18T16:47:54,1787046474,13.822211,100.512039,15.0,0.0,-0.6,-3.1,-73.4,286.6,0.03,-0.02,0.0,22.77,44,POSCTL,0,0
2026-08-18T16:47:55,1787046475,13.822211,100.512039,15.0,0.0,-0.6,-3.1,-73.4,286.6,0.03,-0.02,0.0,22.77,44,POSCTL,0,0
2026-08-18T16:47:56,1787046476,13.822211,100.512039,15.0,0.0,-0.6,-3.1,-73.4,286.6,0.03,-0.02,0.0,22.77,44,POSCTL,0,0
2026-08-18T16:47:57,1787046477,13.822211,100.512039,15.0,0.0,-0.6,-3.1,-73.4,286.6,0.03,-0.02,0.0,22.77,44,POSCTL,0,0
2026-08-18T16:47:58,1787046478,13.822211,100.512039,15.0,0.0,-0.6,-3.1,-73.4,286.6,0.03,-0.02,0.0,22.77,44,POSCTL,0,0
2026-08-18T16:47:59,1787046479,13.822211,100.512039,15.0,0.0,-0.7,-3.2,-73.5,286.5,0.03,-0.02,0.0,22.77,44,POSCTL,0,0
2026-08-18T16:48:00,1787046480,13.822211,100.512039,15.0,0.0,-0.7,-3.2,-73.5,286.5,0.03,-0.02,0.0,22.77,44,POSCTL,0,0
2026-08-18T16:48:01,1787046481,13.822211,100.512039,15.0,0.0,-0.7,-3.2,-73.5,286.5,0.03,-0.02,0.0,22.77,44,POSCTL,0,0
2026-08-18T16:48:02,1787046482,13.822211,100.512039,15.0,0.0,-0.7,-3.3,-73.4,286.6,0.03,-0.02,0.0,22.77,44,POSCTL,0,0
2026-08-18T16:48:03,1787046483,13.822211,100.512039,15.0,0.0,-0.7,-3.3,-73.4,286.6,0.03,-0.02,0.0,22.77,44,POSCTL,0,0
2026-08-18T16:48:04,1787046484,13.822206,100.512054,15.7,-0.0,-0.7,-3.3,-73.4,286.6,-0.04,0.02,0.0,22.77,44,POSCTL,0,0
2026-08-18T16:48:05,1787046485,13.822206,100.512054,15.7,-0.0,-0.7,-3.3,-73.4,286.6,-0.04,0.02,0.0,22.77,44,POSCTL,0,0
2026-08-18T16:48:06,1787046486,13.822206,100.512054,15.7,-0.0,-0.6,-3.3,-73.4,286.6,-0.04,0.02,0.0,22.77,44,POSCTL,0,0
2026-08-18T16:48:07,1787046487,13.822206,100.512053,54.1,-0.0,-0.6,-3.3,-73.4,286.6,-0.01,0.0,0.0,22.77,44,POSCTL,0,0
2026-08-18T16:48:08,1787046488,13.822204,100.512055,15.3,-0.0,-0.6,-3.3,-73.4,286.6,-0.01,0.0,0.0,22.77,44,POSCTL,0,0
2026-08-18T16:48:09,1787046489,13.822204,100.512055,15.3,-0.0,-0.6,-3.3,-73.4,286.6,-0.01,0.0,0.0,22.77,44,POSCTL,0,0
2026-08-18T16:48:10,1787046490,13.822204,100.512055,15.3,-0.0,-0.6,-3.3,-73.4,286.6,-0.01,0.0,0.0,22.77,44,POSCTL,0,0
2026-08-18T16:48:11,1787046491,13.822204,100.512055,15.3,-0.0,-0.6,-3.3,-73.4,286.6,-0.01,0.0,0.0,22.77,44,POSCTL,0,0
2026-08-18T16:48:12,1787046492,13.822203,100.512053,54.1,0.0,-0.6,-3.3,-73.4,286.6,-0.01,-0.02,0.0,22.77,44,POSCTL,0,0
2026-08-18T16:48:13,1787046493,13.822203,100.512053,54.1,0.0,-0.6,-3.3,-73.5,286.5,-0.01,-0.02,0.0,22.77,44,POSCTL,0,0
2026-08-18T16:48:14,1787046494,13.822201,100.512052,54.1,0.0,-0.6,-3.3,-73.5,286.5,-0.02,-0.03,0.0,22.77,44,POSCTL,0,0
2026-08-18T16:48:15,1787046495,13.822198,100.51205,13.7,0.0,-0.6,-3.3,-73.5,286.5,-0.02,-0.03,0.0,22.77,44,POSCTL,0,0
2026-08-18T16:48:16,1787046496,13.822198,100.51205,13.7,0.0,-0.6,-3.2,-73.5,286.5,-0.02,-0.03,0.0,22.77,44,POSCTL,0,0
2026-08-18T16:48:17,1787046497,13.822198,100.51205,13.7,0.0,-0.6,-3.2,-73.5,286.5,-0.02,-0.03,0.0,22.77,44,POSCTL,0,0
2026-08-18T16:48:18,1787046498,13.822197,100.512049,54.1,0.0,-0.6,-3.2,-73.5,286.5,-0.02,-0.04,0.0,22.77,44,POSCTL,0,0
2026-08-18T16:48:19,1787046499,13.822195,100.512044,12.3,0.0,-0.6,-3.2,-73.5,286.5,-0.02,-0.04,0.0,22.77,44,POSCTL,0,0
2026-08-18T16:48:20,1787046500,13.822195,100.512044,12.3,0.0,-0.6,-3.2,-73.5,286.5,-0.02,-0.04,0.0,22.77,44,POSCTL,0,0
2026-08-18T16:48:21,1787046501,13.822195,100.512044,12.3,0.0,-0.6,-3.2,-73.5,286.5,-0.02,-0.04,0.0,22.77,44,POSCTL,0,0
2026-08-18T16:48:22,1787046502,13.822192,100.51204,11.0,-0.0,-0.6,-3.2,-73.5,286.5,-0.03,-0.05,0.0,22.77,44,POSCTL,0,0
2026-08-18T16:48:23,1787046503,13.822192,100.51204,11.0,-0.0,-0.5,-3.1,-73.5,286.5,-0.03,-0.05,0.0,22.77,44,POSCTL,0,0
2026-08-18T16:48:24,1787046504,13.822192,100.51204,11.0,-0.0,-0.5,-3.1,-73.5,286.5,-0.03,-0.05,0.0,22.77,44,POSCTL,0,0
2026-08-18T16:48:25,1787046505,13.822192,100.51204,11.0,-0.0,-0.5,-3.1,-73.5,286.5,-0.03,-0.05,0.0,22.77,44,POSCTL,0,0
2026-08-18T16:48:26,1787046506,13.822189,100.512039,10.4,-0.0,-0.5,-3.1,-73.5,286.5,-0.02,-0.01,0.0,22.77,44,POSCTL,0,0
2026-08-18T16:48:27,1787046507,13.822189,100.512039,10.4,-0.0,-0.5,-3.1,-73.5,286.5,-0.02,-0.01,0.0,22.77,44,POSCTL,0,0
2026-08-18T16:48:28,1787046508,13.822189,100.512039,10.4,-0.0,-0.5,-3.1,-73.5,286.5,-0.02,-0.01,0.0,22.77,44,POSCTL,0,0
2026-08-18T16:48:29,1787046509,13.822188,100.512042,10.8,-0.0,-0.5,-3.1,-73.5,286.5,-0.02,-0.01,0.0,22.77,44,POSCTL,0,0
2026-08-18T16:48:30,1787046510,13.822188,100.512042,10.8,-0.0,-0.5,-3.1,-73.5,286.5,-0.02,-0.01,0.0,22.77,44,POSCTL,0,0
2026-08-18T16:48:31,1787046511,13.822188,100.512042,10.8,-0.0,-0.5,-3.1,-73.5,286.5,-0.02,-0.01,0.0,22.77,44,POSCTL,0,0
2026-08-18T16:48:32,1787046512,13.822189,100.512045,54.1,0.0,-0.5,-3.2,-73.5,286.5,0.01,0.08,0.0,22.77,44,POSCTL,0,0
2026-08-18T16:48:33,1787046513,13.822189,100.512045,54.1,0.0,-0.5,-3.2,-73.5,286.5,0.01,0.08,0.0,22.76,44,POSCTL,0,0
2026-08-18T16:48:34,1787046514,13.822189,100.512055,12.4,0.0,-0.5,-3.2,-73.5,286.5,0.01,0.08,0.0,22.76,44,POSCTL,0,0
2026-08-18T16:48:35,1787046515,13.822189,100.512055,12.4,0.0,-0.5,-3.2,-73.5,286.5,0.01,0.08,0.0,22.76,44,POSCTL,0,0
2026-08-18T16:48:36,1787046516,13.822189,100.512053,54.1,0.0,-0.6,-3.2,-73.5,286.5,0.0,0.07,0.0,22.76,44,POSCTL,0,0
2026-08-18T16:48:37,1787046517,13.822189,100.512053,54.1,0.0,-0.6,-3.2,-73.5,286.5,0.0,0.07,0.0,22.76,44,POSCTL,0,0
2026-08-18T16:48:38,1787046518,13.822189,100.512053,54.1,0.0,-0.6,-3.2,-73.5,286.5,0.0,0.07,0.0,22.76,44,POSCTL,0,0
2026-08-18T16:48:39,1787046519,13.822189,100.512053,54.1,0.0,-0.7,-3.3,-73.5,286.5,0.0,0.07,0.0,22.76,44,POSCTL,0,0
2026-08-18T16:48:40,1787046520,13.822189,100.512053,54.1,0.0,-0.7,-3.3,-73.5,286.5,0.0,0.07,0.0,22.76,44,POSCTL,0,0
2026-08-18T16:48:41,1787046521,13.822191,100.512062,54.1,0.0,-0.7,-3.3,-73.5,286.5,0.02,0.05,0.0,22.76,44,POSCTL,0,0
2026-08-18T16:48:42,1787046522,13.822194,100.512072,14.5,0.0,-0.7,-3.3,-73.5,286.5,0.02,0.05,0.0,22.76,44,POSCTL,0,0
2026-08-18T16:48:43,1787046523,13.822194,100.512072,14.5,0.0,-0.7,-3.3,-73.5,286.5,0.02,0.05,0.0,22.76,44,POSCTL,0,0
2026-08-18T16:48:44,1787046524,13.822194,100.512072,14.5,0.0,-0.7,-3.3,-73.5,286.5,0.02,0.05,0.0,22.76,44,POSCTL,0,0
2026-08-18T16:48:45,1787046525,13.822193,100.51207,54.1,0.0,-0.7,-3.3,-73.5,286.5,0.01,0.0,0.0,22.76,44,POSCTL,0,0
2026-08-18T16:48:46,1787046526,13.822196,100.512073,14.1,0.0,-0.7,-3.3,-73.5,286.5,0.01,0.0,0.0,22.76,44,POSCTL,0,0
2026-08-18T16:48:47,1787046527,13.822196,100.512073,14.1,0.0,-0.7,-3.3,-73.5,286.5,0.01,0.0,0.0,22.76,44,POSCTL,0,0
2026-08-18T16:48:48,1787046528,13.822196,100.512073,14.1,0.0,-0.7,-3.3,-73.5,286.5,0.01,0.0,0.0,22.76,44,POSCTL,0,0
2026-08-18T16:48:49,1787046529,13.822196,100.512073,14.1,0.0,-0.7,-3.3,-73.5,286.5,0.01,0.0,0.0,22.76,44,POSCTL,0,0
2026-08-18T16:48:50,1787046530,13.822196,100.51207,54.1,0.0,-0.7,-3.3,-73.5,286.5,0.0,-0.07,0.0,22.76,44,POSCTL,0,0
2026-08-18T16:48:51,1787046532,13.822198,100.512069,12.9,0.0,-0.7,-3.3,-73.5,286.5,0.0,-0.07,0.0,22.76,44,POSCTL,0,0
2026-08-18T16:48:52,1787046533,13.822198,100.512069,12.9,0.0,-0.7,-3.3,-73.5,286.5,0.0,-0.07,0.0,22.76,44,POSCTL,0,0
2026-08-18T16:48:53,1787046534,13.8222,100.512069,12.6,0.0,-0.7,-3.2,-73.5,286.5,0.0,-0.04,0.0,22.76,44,POSCTL,0,0
2026-08-18T16:48:54,1787046535,13.8222,100.512069,12.6,0.0,-0.7,-3.2,-73.5,286.5,0.0,-0.04,0.0,22.76,44,POSCTL,0,0
2026-08-18T16:48:55,1787046536,13.8222,100.512069,12.6,0.0,-0.6,-3.2,-73.5,286.5,0.0,-0.04,0.0,22.76,44,POSCTL,0,0
2026-08-18T16:48:56,1787046537,13.8222,100.512069,12.6,0.0,-0.6,-3.2,-73.5,286.5,0.0,-0.04,0.0,22.76,44,POSCTL,0,0
2026-08-18T16:48:57,1787046538,13.8222,100.512069,12.6,0.0,-0.6,-3.2,-73.5,286.5,0.0,-0.04,0.0,22.76,44,POSCTL,0,0
2026-08-18T16:48:58,1787046539,13.822206,100.512069,12.6,0.0,-0.6,-3.2,-73.5,286.5,0.0,-0.04,0.0,22.76,44,POSCTL,0,0
2026-08-18T16:48:59,1787046540,13.822206,100.512069,12.6,0.0,-0.6,-3.2,-73.5,286.5,0.0,-0.04,0.0,22.76,44,POSCTL,0,0
2026-08-18T16:49:00,1787046541,13.822206,100.512069,12.6,0.0,-0.6,-3.2,-73.5,286.5,0.0,-0.04,0.0,22.76,44,POSCTL,0,0
2026-08-18T16:49:01,1787046542,13.822212,100.512069,13.0,0.0,-0.7,-3.2,-73.4,286.6,0.02,-0.01,0.0,22.76,44,POSCTL,0,0
2026-08-18T16:49:02,1787046543,13.822212,100.512069,13.0,0.0,-0.7,-3.2,-73.4,286.6,0.02,-0.01,0.0,22.76,44,POSCTL,0,0
2026-08-18T16:49:03,1787046544,13.822212,100.512069,13.0,0.0,-0.7,-3.2,-73.4,286.6,0.02,-0.01,0.0,22.76,44,POSCTL,0,0
2026-08-18T16:49:04,1787046545,13.822212,100.512069,13.0,0.0,-0.7,-3.1,-73.5,286.5,0.02,-0.01,0.0,22.76,44,POSCTL,0,0
2026-08-18T16:49:05,1787046546,13.822211,100.512069,54.1,-0.0,-0.7,-3.1,-73.5,286.5,0.03,0.01,0.0,22.76,44,POSCTL,0,0
2026-08-18T16:49:06,1787046547,13.822211,100.512069,54.1,-0.0,-0.7,-3.1,-73.5,286.5,0.03,0.01,0.0,22.76,44,POSCTL,0,0
2026-08-18T16:49:07,1787046548,13.822211,100.512069,54.1,-0.0,-0.7,-3.2,-73.5,286.5,0.03,0.01,0.0,22.76,44,POSCTL,0,0
2026-08-18T16:49:08,1787046549,13.822211,100.512069,54.1,-0.0,-0.7,-3.2,-73.5,286.5,0.03,0.01,0.0,22.76,44,POSCTL,0,0
2026-08-18T16:49:09,1787046550,13.822211,100.512069,54.1,-0.0,-0.7,-3.2,-73.5,286.5,0.03,0.01,0.0,22.76,44,POSCTL,0,0
2026-08-18T16:49:10,1787046551,13.822211,100.512069,54.1,-0.0,-0.7,-3.1,-73.5,286.5,0.03,0.01,0.0,22.76,44,POSCTL,0,0
2026-08-18T16:49:11,1787046552,13.822211,100.512069,54.1,-0.0,-0.7,-3.1,-73.5,286.5,0.03,0.01,0.0,22.76,44,POSCTL,0,0
2026-08-18T16:49:12,1787046553,13.822219,100.512073,13.6,-0.0,-0.7,-3.1,-73.5,286.5,-0.04,0.02,0.0,22.76,44,POSCTL,0,0
2026-08-18T16:49:13,1787046554,13.822219,100.512073,13.6,-0.0,-0.7,-3.2,-73.5,286.5,-0.04,0.02,0.0,22.76,44,POSCTL,0,0
2026-08-18T16:49:14,1787046555,13.822219,100.512073,13.6,-0.0,-0.7,-3.2,-73.5,286.5,-0.04,0.02,0.0,22.76,44,POSCTL,0,0
2026-08-18T16:49:15,1787046556,13.822219,100.512073,13.6,-0.0,-0.7,-3.2,-73.5,286.5,-0.04,0.02,0.0,22.76,44,POSCTL,0,0
2026-08-18T16:49:16,1787046557,13.822219,100.512073,13.6,-0.0,-0.6,-3.2,-73.5,286.5,-0.04,0.02,0.0,22.76,44,POSCTL,0,0
2026-08-18T16:49:17,1787046558,13.822219,100.512073,13.6,-0.0,-0.6,-3.2,-73.5,286.5,-0.04,0.02,0.0,22.76,44,POSCTL,0,0
2026-08-18T16:49:18,1787046559,13.822219,100.512073,13.6,-0.0,-0.6,-3.2,-73.5,286.5,-0.04,0.02,0.0,22.76,44,POSCTL,0,0
2026-08-18T16:49:19,1787046560,13.822219,100.512073,13.6,-0.0,-0.6,-3.2,-73.5,286.5,-0.04,0.02,0.0,22.76,44,POSCTL,0,0
2026-08-18T16:49:20,1787046561,13.822219,100.512073,13.6,-0.0,-0.6,-3.2,-73.5,286.5,-0.04,0.02,0.0,22.76,44,POSCTL,0,0
2026-08-18T16:49:21,1787046562,13.822219,100.512073,13.6,-0.0,-0.6,-3.2,-73.5,286.5,-0.04,0.02,0.0,22.76,44,POSCTL,0,0
2026-08-18T16:49:22,1787046563,13.822219,100.512073,13.6,-0.0,-0.6,-3.2,-73.5,286.5,-0.04,0.02,0.0,22.76,44,POSCTL,0,0
2026-08-18T16:49:23,1787046564,13.822216,100.51208,13.4,0.0,-0.6,-3.2,-73.5,286.5,-0.01,0.0,0.0,22.76,44,POSCTL,0,0
2026-08-18T16:49:24,1787046565,13.822216,100.51208,13.4,0.0,-0.6,-3.2,-73.5,286.5,-0.01,0.0,0.0,22.76,44,POSCTL,0,0
2026-08-18T16:49:25,1787046566,13.822216,100.51208,13.4,0.0,-0.6,-3.3,-73.6,286.4,-0.01,0.0,0.0,22.76,44,POSCTL,0,0
2026-08-18T16:49:26,1787046567,13.822216,100.51208,13.4,0.0,-0.6,-3.3,-73.6,286.4,-0.01,0.0,0.0,22.76,44,POSCTL,0,0
2026-08-18T16:49:27,1787046568,13.822216,100.51208,13.4,0.0,-0.6,-3.3,-73.6,286.4,-0.01,0.0,0.0,22.76,44,POSCTL,0,0
2026-08-18T16:49:28,1787046569,13.822216,100.51208,13.4,0.0,-0.6,-3.3,-73.6,286.4,-0.01,0.0,0.0,22.76,44,POSCTL,0,0
2026-08-18T16:49:29,1787046570,13.822216,100.51208,13.4,0.0,-0.6,-3.3,-73.6,286.4,-0.01,0.0,0.0,22.76,44,POSCTL,0,0
2026-08-18T16:49:30,1787046571,13.822216,100.51208,13.4,0.0,-0.6,-3.3,-73.6,286.4,-0.01,0.0,0.0,22.76,44,POSCTL,0,0
2026-08-18T16:49:31,1787046572,13.822216,100.51208,13.4,0.0,-0.6,-3.2,-73.5,286.5,-0.01,0.0,0.0,22.76,44,POSCTL,0,0
2026-08-18T16:49:32,1787046573,13.822217,100.512082,13.4,0.0,-0.6,-3.2,-73.5,286.5,0.01,0.0,0.0,22.76,44,POSCTL,0,0
2026-08-18T16:49:33,1787046574,13.822217,100.512082,13.4,0.0,-0.6,-3.2,-73.5,286.5,0.01,0.0,0.0,22.76,44,POSCTL,0,0
2026-08-18T16:49:34,1787046575,13.822217,100.512082,13.4,0.0,-0.6,-3.2,-73.5,286.5,0.01,0.0,0.0,22.76,44,POSCTL,0,0
2026-08-18T16:49:35,1787046576,13.822217,100.512082,13.4,0.0,-0.6,-3.2,-73.5,286.5,0.01,0.0,0.0,22.76,44,POSCTL,0,0
2026-08-18T16:49:36,1787046577,13.822216,100.512083,13.3,0.0,-0.6,-3.2,-73.5,286.5,0.01,0.0,0.0,22.76,44,POSCTL,0,0
2026-08-18T16:49:37,1787046578,13.822216,100.512082,54.1,-0.0,-0.6,-3.2,-73.5,286.5,-0.02,0.02,0.0,22.76,44,POSCTL,0,0
2026-08-18T16:49:38,1787046579,13.822216,100.512082,54.1,-0.0,-0.6,-3.2,-73.5,286.5,-0.02,0.02,0.0,22.76,44,POSCTL,0,0
2026-08-18T16:49:39,1787046580,13.822216,100.512082,54.1,-0.0,-0.6,-3.2,-73.5,286.5,-0.02,0.02,0.0,22.76,44,POSCTL,0,0
2026-08-18T16:49:40,1787046581,13.822216,100.512082,54.1,-0.0,-0.6,-3.2,-73.5,286.5,-0.02,0.02,0.0,22.76,44,POSCTL,0,0
2026-08-18T16:49:41,1787046582,13.822216,100.512082,54.1,-0.0,-0.6,-3.2,-73.5,286.5,-0.02,0.02,0.0,22.76,44,POSCTL,0,0
2026-08-18T16:49:42,1787046583,13.822216,100.512084,54.1,0.0,-0.6,-3.2,-73.5,286.5,0.02,0.0,0.0,22.76,44,POSCTL,0,0
2026-08-18T16:49:43,1787046584,13.822216,100.512084,13.6,0.0,-0.6,-3.2,-73.5,286.5,0.02,0.0,0.0,22.76,44,POSCTL,0,0
2026-08-18T16:49:44,1787046585,13.822216,100.512084,13.6,0.0,-0.6,-3.2,-73.5,286.5,0.02,0.0,0.0,22.76,44,POSCTL,0,0
2026-08-18T16:49:45,1787046586,13.822216,100.512084,13.6,0.0,-0.6,-3.2,-73.5,286.5,0.02,0.0,0.0,22.76,44,POSCTL,0,0
2026-08-18T16:49:46,1787046587,13.822217,100.512084,13.6,0.0,-0.6,-3.2,-73.5,286.5,0.02,0.0,0.0,22.76,44,POSCTL,0,0
2026-08-18T16:49:47,1787046588,13.822217,100.512084,13.6,0.0,-0.6,-3.2,-73.5,286.5,0.02,0.0,0.0,22.76,44,POSCTL,0,0
2026-08-18T16:49:48,1787046589,13.822217,100.512084,13.6,0.0,-0.6,-3.2,-73.5,286.5,0.02,0.0,0.0,22.76,44,POSCTL,0,0
2026-08-18T16:49:49,1787046590,13.82222,100.512083,14.1,0.0,-0.6,-3.2,-73.5,286.5,0.01,0.0,0.0,22.76,44,POSCTL,0,0
2026-08-18T16:49:50,1787046591,13.82222,100.512083,14.1,0.0,-0.6,-3.2,-73.5,286.5,0.01,0.0,0.0,22.76,44,POSCTL,0,0
2026-08-18T16:49:51,1787046592,13.82222,100.512083,14.1,0.0,-0.7,-3.2,-73.5,286.5,0.01,0.0,0.0,22.76,44,POSCTL,0,0
2026-08-18T16:49:52,1787046593,13.82222,100.512083,14.1,0.0,-0.7,-3.2,-73.5,286.5,0.01,0.0,0.0,22.76,44,POSCTL,0,0
2026-08-18T16:49:53,1787046594,13.822222,100.512082,14.6,0.0,-0.7,-3.2,-73.5,286.5,0.03,-0.04,0.0,22.76,44,POSCTL,0,0
2026-08-18T16:49:54,1787046595,13.822222,100.512082,14.6,0.0,-0.7,-3.2,-73.5,286.5,0.03,-0.04,0.0,22.76,44,POSCTL,0,0
2026-08-18T16:49:55,1787046596,13.822222,100.512082,14.6,0.0,-0.6,-3.2,-73.5,286.5,0.03,-0.04,0.0,22.76,44,POSCTL,0,0
2026-08-18T16:49:56,1787046597,13.822222,100.512082,14.6,0.0,-0.6,-3.2,-73.5,286.5,0.03,-0.04,0.0,22.76,44,POSCTL,0,0
2026-08-18T16:49:57,1787046598,13.822225,100.512078,14.9,0.0,-0.6,-3.2,-73.5,286.5,0.01,0.0,0.0,22.76,44,POSCTL,0,0
2026-08-18T16:49:58,1787046599,13.822225,100.512078,14.9,0.0,-0.6,-3.1,-73.5,286.5,0.01,0.0,0.0,22.76,44,POSCTL,0,0
2026-08-18T16:49:59,1787046600,13.822225,100.512078,14.9,0.0,-0.6,-3.1,-73.5,286.5,0.01,0.0,0.0,22.76,44,POSCTL,0,0
2026-08-18T16:50:00,1787046601,13.822225,100.512078,14.9,0.0,-0.6,-3.1,-73.5,286.5,0.01,0.0,0.0,22.76,44,POSCTL,0,0
2026-08-18T16:50:01,1787046602,13.822223,100.512076,14.8,0.0,-0.6,-3.1,-73.5,286.5,0.0,0.0,0.0,22.76,44,POSCTL,0,0
2026-08-18T16:50:02,1787046603,13.822223,100.512076,14.8,0.0,-0.7,-3.2,-73.4,286.6,0.0,0.0,0.0,22.76,44,POSCTL,0,0
2026-08-18T16:50:03,1787046604,13.822223,100.512076,14.8,0.0,-0.7,-3.2,-73.4,286.6,0.0,0.0,0.0,22.76,44,POSCTL,0,0
2026-08-18T16:50:04,1787046605,13.822223,100.512076,14.8,0.0,-0.7,-3.2,-73.4,286.6,0.0,0.0,0.0,22.76,44,POSCTL,0,0
2026-08-18T16:50:05,1787046606,13.822223,100.512076,14.8,0.0,-0.7,-3.2,-73.4,286.6,0.0,0.0,0.0,22.76,44,POSCTL,0,0
2026-08-18T16:50:06,1787046607,13.822223,100.512076,14.8,0.0,-0.6,-3.1,-73.4,286.6,0.0,0.0,0.0,22.76,44,POSCTL,0,0
2026-08-18T16:50:07,1787046608,13.822216,100.512071,13.5,-0.0,-0.6,-3.1,-73.4,286.6,-0.04,-0.02,0.0,22.76,44,POSCTL,0,0
2026-08-18T16:50:08,1787046609,13.822216,100.512071,13.5,-0.0,-0.6,-3.1,-73.4,286.6,-0.04,-0.02,0.0,22.76,44,POSCTL,0,0
2026-08-18T16:50:09,1787046610,13.822216,100.512071,13.5,-0.0,-0.5,-3.1,-73.4,286.6,-0.04,-0.02,0.0,22.76,44,POSCTL,0,0
2026-08-18T16:50:10,1787046611,13.822216,100.512071,13.5,-0.0,-0.5,-3.1,-73.4,286.6,-0.04,-0.02,0.0,22.76,44,POSCTL,0,0
2026-08-18T16:50:11,1787046612,13.822213,100.512068,13.0,0.0,-0.5,-3.1,-73.4,286.6,-0.03,0.0,0.0,22.76,44,POSCTL,0,0
2026-08-18T16:50:12,1787046613,13.822213,100.512068,13.0,0.0,-0.5,-3.1,-73.4,286.6,-0.03,0.0,0.0,22.76,44,POSCTL,0,0
2026-08-18T16:50:13,1787046614,13.822213,100.512068,13.0,0.0,-0.5,-3.1,-73.4,286.6,-0.03,0.0,0.0,22.76,44,POSCTL,0,0
2026-08-18T16:50:14,1787046615,13.822213,100.512068,13.0,0.0,-0.5,-3.2,-73.4,286.6,-0.03,0.0,0.0,22.76,44,POSCTL,0,0
2026-08-18T16:50:15,1787046616,13.822213,100.512068,13.0,0.0,-0.5,-3.2,-73.4,286.6,-0.03,0.0,0.0,22.76,44,POSCTL,0,0
2026-08-18T16:50:16,1787046617,13.822211,100.512066,12.7,0.0,-0.5,-3.2,-73.4,286.6,0.0,-0.02,0.0,22.76,44,POSCTL,0,0
2026-08-18T16:50:17,1787046618,13.822211,100.512066,12.7,0.0,-0.5,-3.2,-73.4,286.6,0.0,-0.02,0.0,22.76,44,POSCTL,0,0
2026-08-18T16:50:18,1787046619,13.822211,100.512066,12.7,0.0,-0.5,-3.2,-73.4,286.6,0.0,-0.02,0.0,22.76,44,POSCTL,0,0
2026-08-18T16:50:19,1787046620,13.822209,100.512065,12.8,0.0,-0.5,-3.2,-73.4,286.6,0.01,0.0,0.0,22.76,44,POSCTL,0,0
2026-08-18T16:50:20,1787046621,13.822209,100.512065,12.8,0.0,-0.5,-3.2,-73.4,286.6,0.01,0.0,0.0,22.76,44,POSCTL,0,0
2026-08-18T16:50:21,1787046622,13.822209,100.512065,12.8,0.0,-0.5,-3.2,-73.4,286.6,0.01,0.0,0.0,22.76,44,POSCTL,0,0
2026-08-18T16:50:22,1787046623,13.822209,100.512065,12.8,0.0,-0.5,-3.2,-73.4,286.6,0.01,0.0,0.0,22.76,44,POSCTL,0,0
2026-08-18T16:50:23,1787046624,13.822209,100.512065,12.8,0.0,-0.5,-3.2,-73.4,286.6,0.01,0.0,0.0,22.76,44,POSCTL,0,0
2026-08-18T16:50:24,1787046625,13.822209,100.512065,12.8,0.0,-0.5,-3.2,-73.4,286.6,0.01,0.0,0.0,22.76,44,POSCTL,0,0
2026-08-18T16:50:25,1787046626,13.822209,100.512065,12.8,0.0,-0.6,-3.2,-73.4,286.6,0.01,0.0,0.0,22.76,44,POSCTL,0,0
2026-08-18T16:50:26,1787046627,13.822209,100.512065,12.8,0.0,-0.6,-3.2,-73.4,286.6,0.01,0.0,0.0,22.76,44,POSCTL,0,0
2026-08-18T16:50:27,1787046628,13.822199,100.512063,13.2,0.0,-0.6,-3.2,-73.4,286.6,-0.04,-0.03,0.0,22.76,44,POSCTL,0,0
2026-08-18T16:50:28,1787046629,13.822199,100.512063,13.2,0.0,-0.5,-3.2,-73.4,286.6,-0.04,-0.03,0.0,22.76,44,POSCTL,0,0
2026-08-18T16:50:29,1787046630,13.822199,100.512063,13.2,0.0,-0.5,-3.2,-73.4,286.6,-0.04,-0.03,0.0,22.76,44,POSCTL,0,0
2026-08-18T16:50:30,1787046631,13.822199,100.512063,13.2,0.0,-0.5,-3.2,-73.4,286.6,-0.04,-0.03,0.0,22.76,44,POSCTL,0,0
2026-08-18T16:50:31,1787046632,13.822199,100.512063,13.2,0.0,-0.5,-3.2,-73.4,286.6,-0.04,-0.03,0.0,22.76,44,POSCTL,0,0
2026-08-18T16:50:32,1787046633,13.822199,100.512063,13.2,0.0,-0.5,-3.2,-73.4,286.6,-0.04,-0.03,0.0,22.76,44,POSCTL,0,0
2026-08-18T16:50:33,1787046634,13.822199,100.512063,13.2,0.0,-0.5,-3.2,-73.4,286.6,-0.04,-0.03,0.0,22.76,44,POSCTL,0,0
2026-08-18T16:50:34,1787046635,13.822195,100.512064,54.1,-0.0,-0.5,-3.2,-73.4,286.6,-0.01,0.02,0.0,22.76,44,POSCTL,0,0
2026-08-18T16:50:35,1787046636,13.822191,100.512063,12.5,-0.0,-0.5,-3.2,-73.4,286.6,-0.01,0.02,0.0,22.76,44,POSCTL,0,0
2026-08-18T16:50:36,1787046637,13.822191,100.512063,12.5,-0.0,-0.6,-3.2,-73.4,286.6,-0.01,0.02,0.0,22.76,44,POSCTL,0,0
2026-08-18T16:50:37,1787046638,13.822191,100.512063,12.5,-0.0,-0.6,-3.2,-73.4,286.6,-0.01,0.02,0.0,22.76,44,POSCTL,0,0
2026-08-18T16:50:38,1787046639,13.822188,100.512062,12.0,0.0,-0.6,-3.2,-73.4,286.6,-0.02,-0.02,0.0,22.76,44,POSCTL,0,0
2026-08-18T16:50:39,1787046640,13.822188,100.512062,12.0,0.0,-0.5,-3.2,-73.4,286.6,-0.02,-0.02,0.0,22.76,44,POSCTL,0,0
2026-08-18T16:50:40,1787046641,13.822188,100.512062,12.0,0.0,-0.5,-3.2,-73.4,286.6,-0.02,-0.02,0.0,22.76,44,POSCTL,0,0
2026-08-18T16:50:41,1787046642,13.822188,100.512062,12.0,0.0,-0.5,-3.2,-73.4,286.6,-0.02,-0.02,0.0,22.76,44,POSCTL,0,0
2026-08-18T16:50:42,1787046643,13.822188,100.512062,12.0,0.0,-0.5,-3.2,-73.4,286.6,-0.02,-0.02,0.0,22.76,44,POSCTL,0,0
2026-08-18T16:50:43,1787046644,13.822188,100.512062,12.0,0.0,-0.5,-3.2,-73.4,286.6,-0.02,-0.02,0.0,22.76,44,POSCTL,0,0
2026-08-18T16:50:44,1787046645,13.822188,100.512062,12.0,0.0,-0.5,-3.2,-73.4,286.6,-0.02,-0.02,0.0,22.76,44,POSCTL,0,0
2026-08-18T16:50:45,1787046646,13.822188,100.512062,12.0,0.0,-0.5,-3.2,-73.4,286.6,-0.02,-0.02,0.0,22.76,44,POSCTL,0,0
2026-08-18T16:50:46,1787046647,13.822189,100.512057,54.1,0.0,-0.6,-3.1,-73.3,286.7,0.0,0.0,0.0,22.76,44,POSCTL,0,0
2026-08-18T16:50:47,1787046648,13.822189,100.512057,54.1,0.0,-0.6,-3.1,-73.3,286.7,0.0,0.0,0.0,22.76,44,POSCTL,0,0
2026-08-18T16:50:48,1787046649,13.822189,100.512057,54.1,0.0,-0.6,-3.1,-73.3,286.7,0.0,0.0,0.0,22.76,44,POSCTL,0,0
2026-08-18T16:50:49,1787046650,13.822189,100.512057,54.1,0.0,-0.6,-3.1,-73.2,286.8,0.0,0.0,0.0,22.76,44,POSCTL,0,0
2026-08-18T16:50:50,1787046651,13.822188,100.512053,54.1,0.0,-0.6,-3.1,-73.2,286.8,0.0,-0.02,0.0,22.76,44,POSCTL,0,0
2026-08-18T16:50:51,1787046652,13.822188,100.512053,54.1,0.0,-0.6,-3.1,-73.2,286.8,0.0,-0.02,0.0,22.76,44,POSCTL,0,0
2026-08-18T16:50:52,1787046653,13.822188,100.512053,54.1,0.0,-0.6,-3.1,-73.2,286.8,0.0,-0.02,0.0,22.76,44,POSCTL,0,0
2026-08-18T16:50:53,1787046654,13.822189,100.512052,54.1,0.0,-0.6,-3.1,-73.2,286.8,0.01,0.0,0.0,22.76,44,POSCTL,0,0
2026-08-18T16:50:54,1787046655,13.822189,100.512052,12.2,0.0,-0.6,-3.1,-73.2,286.8,0.01,0.0,0.0,22.76,44,POSCTL,0,0
2026-08-18T16:50:55,1787046656,13.822189,100.512052,12.2,0.0,-0.6,-3.1,-73.2,286.8,0.01,0.0,0.0,22.76,44,POSCTL,0,0
2026-08-18T16:50:56,1787046657,13.822189,100.512052,12.2,0.0,-0.6,-3.1,-73.3,286.7,0.01,0.0,0.0,22.76,44,POSCTL,0,0
2026-08-18T16:50:57,1787046658,13.82219,100.512054,13.2,0.0,-0.6,-3.1,-73.3,286.7,0.02,0.03,0.0,22.76,44,POSCTL,0,0
2026-08-18T16:50:58,1787046659,13.82219,100.512054,13.2,0.0,-0.6,-3.2,-73.3,286.7,0.02,0.03,0.0,22.76,44,POSCTL,0,0
2026-08-18T16:50:59,1787046660,13.82219,100.512054,13.2,0.0,-0.6,-3.2,-73.3,286.7,0.02,0.03,0.0,22.76,44,POSCTL,0,0
2026-08-18T16:51:00,1787046661,13.82219,100.512054,13.2,0.0,-0.6,-3.2,-73.3,286.7,0.02,0.03,0.0,22.76,44,POSCTL,0,0
2026-08-18T16:51:01,1787046662,13.82219,100.512054,13.2,0.0,-0.6,-3.2,-73.3,286.7,0.02,0.03,0.0,22.76,44,POSCTL,0,0
2026-08-18T16:51:02,1787046663,13.822188,100.512057,14.6,0.0,-0.6,-3.2,-73.3,286.7,0.02,0.03,0.0,22.76,44,POSCTL,0,0
2026-08-18T16:51:03,1787046664,13.822188,100.512057,14.6,0.0,-0.6,-3.2,-73.3,286.7,0.02,0.03,0.0,22.76,44,POSCTL,0,0
2026-08-18T16:51:04,1787046665,13.822188,100.512057,14.6,0.0,-0.6,-3.2,-73.2,286.8,0.02,0.03,0.0,22.76,44,POSCTL,0,0
2026-08-18T16:51:05,1787046666,13.822188,100.512057,14.6,0.0,-0.6,-3.2,-73.2,286.8,0.02,0.03,0.0,22.76,44,POSCTL,0,0
2026-08-18T16:51:06,1787046667,13.822188,100.512057,15.1,0.0,-0.6,-3.2,-73.2,286.8,0.02,0.01,0.0,22.76,44,POSCTL,0,0
2026-08-18T16:51:07,1787046668,13.822188,100.512057,15.1,0.0,-0.6,-3.2,-73.2,286.8,0.02,0.01,0.0,22.76,44,POSCTL,0,0
2026-08-18T16:51:08,1787046669,13.822188,100.512057,15.1,0.0,-0.6,-3.2,-73.2,286.8,0.02,0.01,0.0,22.76,44,POSCTL,0,0
2026-08-18T16:51:09,1787046670,13.822188,100.512057,15.1,0.0,-0.6,-3.2,-73.2,286.8,0.02,0.01,0.0,22.76,44,POSCTL,0,0
2026-08-18T16:51:12,1787046673,13.822188,100.512057,15.1,0.0,-0.6,-3.2,-73.2,286.8,0.02,0.01,0.0,22.76,44,POSCTL,0,0
2026-08-18T16:51:13,1787046674,13.822191,100.512055,15.6,0.0,-0.6,-3.2,-73.2,286.8,0.03,0.0,0.0,22.76,44,POSCTL,0,0
2026-08-18T16:51:14,1787046675,13.822191,100.512055,15.6,0.0,-0.7,-3.2,-73.2,286.8,0.03,0.0,0.0,22.76,44,POSCTL,0,0
2026-08-18T16:51:15,1787046676,13.822191,100.512055,15.6,0.0,-0.7,-3.2,-73.2,286.8,0.03,0.0,0.0,22.76,44,POSCTL,0,0
2026-08-18T16:51:16,1787046677,13.822191,100.512055,15.6,0.0,-0.7,-3.2,-73.2,286.8,0.03,0.0,0.0,22.76,44,POSCTL,0,0
2026-08-18T16:51:17,1787046678,13.822192,100.512055,15.9,0.01,-0.7,-3.2,-73.2,286.8,0.0,-0.01,0.0,22.76,44,POSCTL,0,0
2026-08-18T16:51:18,1787046679,13.822192,100.512055,15.9,0.01,-0.7,-3.2,-73.2,286.8,0.0,-0.01,0.0,22.76,44,POSCTL,0,0
2026-08-18T16:51:19,1787046680,13.822192,100.512055,15.9,0.01,-0.7,-3.2,-73.2,286.8,0.0,-0.01,0.0,22.76,44,POSCTL,0,0
2026-08-18T16:51:20,1787046681,13.822192,100.512055,15.9,0.01,-0.6,-3.1,-73.2,286.8,0.0,-0.01,0.0,22.76,44,POSCTL,0,0
2026-08-18T16:51:21,1787046682,13.822198,100.512056,16.7,0.01,-0.6,-3.1,-73.2,286.8,0.05,0.02,0.0,22.76,44,POSCTL,0,0
2026-08-18T16:51:22,1787046683,13.822198,100.512056,16.7,0.01,-0.6,-3.2,-73.2,286.8,0.05,0.02,0.0,22.76,44,POSCTL,0,0
2026-08-18T16:51:23,1787046684,13.822198,100.512056,16.7,0.01,-0.6,-3.2,-73.2,286.8,0.05,0.02,0.0,22.76,44,POSCTL,0,0
2026-08-18T16:51:24,1787046685,13.822201,100.512055,16.8,0.0,-0.6,-3.2,-73.2,286.8,0.03,0.01,0.0,22.76,44,POSCTL,0,0
2026-08-18T16:51:25,1787046686,13.822201,100.512055,16.8,0.0,-0.6,-3.2,-73.2,286.8,0.03,0.01,0.0,22.76,44,POSCTL,0,0
2026-08-18T16:51:26,1787046687,13.822201,100.512055,16.8,0.0,-0.7,-3.2,-73.2,286.8,0.03,0.01,0.0,22.76,44,POSCTL,0,0
2026-08-18T16:51:27,1787046688,13.822201,100.512055,16.8,0.0,-0.7,-3.2,-73.2,286.8,0.03,0.01,0.0,22.76,44,POSCTL,0,0
2026-08-18T16:51:28,1787046689,13.822201,100.512055,16.8,0.0,-0.7,-3.2,-73.2,286.8,0.03,0.01,0.0,22.76,44,POSCTL,0,0
2026-08-18T16:51:29,1787046690,13.822201,100.512055,16.8,0.0,-0.7,-3.2,-73.2,286.8,0.03,0.01,0.0,22.76,44,POSCTL,0,0
2026-08-18T16:51:30,1787046691,13.822201,100.512055,16.8,0.0,-0.7,-3.2,-73.2,286.8,0.03,0.01,0.0,22.76,44,POSCTL,0,0
2026-08-18T16:51:31,1787046692,13.822201,100.512055,16.8,0.0,-0.7,-3.2,-73.2,286.8,0.03,0.01,0.0,22.76,44,POSCTL,0,0
2026-08-18T16:51:32,1787046693,13.822201,100.512053,15.9,0.0,-0.7,-3.2,-73.2,286.8,-0.01,-0.02,0.0,22.76,44,POSCTL,0,0
2026-08-18T16:51:33,1787046694,13.822201,100.512053,15.9,0.0,-0.7,-3.2,-73.2,286.8,-0.01,-0.02,0.0,22.76,44,POSCTL,0,0
2026-08-18T16:51:34,1787046695,13.822201,100.512053,15.9,0.0,-0.7,-3.2,-73.2,286.8,-0.01,-0.02,0.0,22.76,44,POSCTL,0,0
2026-08-18T16:51:35,1787046696,13.822201,100.512053,15.9,0.0,-0.7,-3.2,-73.2,286.8,-0.01,-0.02,0.0,22.76,44,POSCTL,0,0
2026-08-18T16:51:36,1787046697,13.822201,100.512053,15.9,0.0,-0.7,-3.2,-73.2,286.8,-0.01,-0.02,0.0,22.76,44,POSCTL,0,0
2026-08-18T16:51:37,1787046698,13.822201,100.512053,15.9,0.0,-0.6,-3.2,-73.2,286.8,-0.01,-0.02,0.0,22.76,44,POSCTL,0,0
2026-08-18T16:51:38,1787046699,13.822201,100.512053,15.9,0.0,-0.6,-3.2,-73.2,286.8,-0.01,-0.02,0.0,22.76,44,POSCTL,0,0
2026-08-18T16:51:39,1787046700,13.822201,100.512055,15.9,0.0,-0.6,-3.2,-73.2,286.8,0.01,0.0,0.0,22.76,44,POSCTL,0,0
2026-08-18T16:51:40,1787046701,13.822201,100.512055,15.9,0.0,-0.6,-3.2,-73.2,286.8,0.01,0.0,0.0,22.76,44,POSCTL,0,0
2026-08-18T16:51:41,1787046702,13.822201,100.512055,15.9,0.0,-0.6,-3.2,-73.2,286.8,0.01,0.0,0.0,22.76,44,POSCTL,0,0
2026-08-18T16:51:42,1787046703,13.822201,100.512054,54.1,0.0,-0.6,-3.2,-73.2,286.8,0.0,0.0,0.0,22.76,44,POSCTL,0,0
2026-08-18T16:51:43,1787046704,13.8222,100.512054,15.7,0.0,-0.6,-3.2,-73.2,286.8,0.0,0.0,0.0,22.76,44,POSCTL,0,0
2026-08-18T16:51:44,1787046705,13.8222,100.512054,15.7,0.0,-0.6,-3.2,-73.2,286.8,0.0,0.0,0.0,22.76,44,POSCTL,0,0
2026-08-18T16:51:45,1787046706,13.8222,100.512054,15.7,0.0,-0.6,-3.2,-73.2,286.8,0.0,0.0,0.0,22.76,44,POSCTL,0,0
2026-08-18T16:51:46,1787046707,13.8222,100.512054,15.7,0.0,-0.6,-3.2,-73.2,286.8,0.0,0.0,0.0,22.76,44,POSCTL,0,0
2026-08-18T16:51:47,1787046708,13.822196,100.512053,15.2,0.0,-0.6,-3.2,-73.2,286.8,0.0,0.0,0.0,22.76,44,POSCTL,0,0
2026-08-18T16:51:48,1787046709,13.822196,100.512053,15.2,0.0,-0.6,-3.2,-73.2,286.8,0.0,0.0,0.0,22.76,44,POSCTL,0,0
2026-08-18T16:51:49,1787046710,13.822196,100.512053,15.2,0.0,-0.6,-3.2,-73.2,286.8,0.0,0.0,0.0,22.76,44,POSCTL,0,0
2026-08-18T16:51:50,1787046711,13.822196,100.512053,15.2,0.0,-0.6,-3.2,-73.2,286.8,0.0,0.0,0.0,22.76,44,POSCTL,0,0
2026-08-18T16:51:51,1787046712,13.822195,100.51205,15.0,0.0,-0.6,-3.2,-73.2,286.8,0.0,0.0,0.0,22.76,44,POSCTL,0,0
2026-08-18T16:51:52,1787046713,13.822196,100.512052,54.1,0.0,-0.6,-3.2,-73.2,286.8,0.0,-0.02,0.0,22.76,44,POSCTL,0,0
2026-08-18T16:51:53,1787046714,13.822196,100.512052,54.1,0.0,-0.6,-3.2,-73.2,286.8,0.0,-0.02,0.0,22.75,44,POSCTL,0,0
2026-08-18T16:51:54,1787046715,13.822199,100.512052,15.5,0.0,-0.5,-3.2,-73.2,286.8,0.0,-0.02,0.0,22.75,44,POSCTL,0,0
2026-08-18T16:51:55,1787046716,13.822199,100.512052,15.5,0.0,-0.5,-3.2,-73.2,286.8,0.0,-0.02,0.0,22.75,44,POSCTL,0,0
2026-08-18T16:51:56,1787046717,13.822199,100.512052,15.5,0.0,-0.5,-3.2,-73.2,286.8,0.0,-0.02,0.0,22.75,44,POSCTL,0,0
2026-08-18T16:51:57,1787046718,13.822199,100.512052,15.5,0.0,-0.5,-3.2,-73.2,286.8,0.0,-0.02,0.0,22.75,44,POSCTL,0,0
2026-08-18T16:51:58,1787046719,13.8222,100.512052,15.5,0.0,-0.5,-3.2,-73.2,286.8,0.0,-0.02,0.0,22.75,44,POSCTL,0,0
2026-08-18T16:51:59,1787046720,13.8222,100.512052,15.5,0.0,-0.6,-3.2,-73.1,286.9,0.0,-0.02,0.0,22.75,44,POSCTL,0,0
2026-08-18T16:52:00,1787046721,13.8222,100.512052,15.5,0.0,-0.6,-3.2,-73.1,286.9,0.0,-0.02,0.0,22.75,44,POSCTL,0,0
2026-08-18T16:52:01,1787046722,13.8222,100.512052,54.1,0.0,-0.6,-3.2,-73.1,286.9,0.0,-0.01,0.0,22.75,44,POSCTL,0,0
2026-08-18T16:52:02,1787046723,13.822201,100.512052,15.2,0.0,-0.6,-3.2,-73.1,286.9,0.0,-0.01,0.0,22.75,44,POSCTL,0,0
2026-08-18T16:52:03,1787046724,13.822201,100.512052,15.2,0.0,-0.6,-3.2,-73.1,286.9,0.0,-0.01,0.0,22.75,44,POSCTL,0,0
2026-08-18T16:52:04,1787046725,13.822201,100.512052,15.2,0.0,-0.6,-3.2,-73.1,286.9,0.0,-0.01,0.0,22.75,44,POSCTL,0,0
2026-08-18T16:52:05,1787046726,13.822201,100.512052,15.2,0.0,-0.6,-3.2,-73.1,286.9,0.0,-0.01,0.0,22.75,44,POSCTL,0,0
2026-08-18T16:52:06,1787046727,13.822201,100.512052,15.2,0.0,-0.6,-3.2,-73.1,286.9,0.0,-0.01,0.0,22.75,44,POSCTL,0,0
2026-08-18T16:52:07,1787046728,13.822201,100.512052,15.2,0.0,-0.6,-3.2,-73.1,286.9,0.0,-0.01,0.0,22.75,44,POSCTL,0,0
2026-08-18T16:52:08,1787046729,13.822201,100.512052,15.2,0.0,-0.6,-3.2,-73.1,286.9,0.0,-0.01,0.0,22.75,44,POSCTL,0,0
2026-08-18T16:52:09,1787046730,13.822199,100.512045,14.1,0.0,-0.6,-3.2,-73.1,286.9,0.01,0.0,0.0,22.75,44,POSCTL,0,0
2026-08-18T16:52:10,1787046731,13.822199,100.512045,14.1,0.0,-0.6,-3.2,-73.1,286.9,0.01,0.0,0.0,22.75,44,POSCTL,0,0
2026-08-18T16:52:11,1787046732,13.822199,100.512045,14.1,0.0,-0.6,-3.1,-73.1,286.9,0.01,0.0,0.0,22.75,44,POSCTL,0,0
2026-08-18T16:52:12,1787046733,13.8222,100.512046,54.1,0.0,-0.6,-3.1,-73.1,286.9,0.0,-0.01,0.0,22.75,44,POSCTL,0,0
2026-08-18T16:52:13,1787046734,13.822199,100.512045,14.0,0.0,-0.6,-3.1,-73.1,286.9,0.0,-0.01,0.0,22.75,44,POSCTL,0,0
2026-08-18T16:52:14,1787046735,13.822199,100.512045,14.0,0.0,-0.6,-3.1,-73.1,286.9,0.0,-0.01,0.0,22.75,44,POSCTL,0,0
2026-08-18T16:52:15,1787046736,13.822199,100.512045,14.0,0.0,-0.6,-3.1,-73.1,286.9,0.0,-0.01,0.0,22.75,44,POSCTL,0,0
2026-08-18T16:52:16,1787046737,13.8222,100.512047,54.1,0.0,-0.6,-3.1,-73.1,286.9,0.0,0.01,0.0,22.75,44,POSCTL,0,0
2026-08-18T16:52:19,1787046740,13.8222,100.512047,54.1,0.0,-0.6,-3.2,-73.1,286.9,0.0,0.01,0.0,22.75,44,POSCTL,0,0
2026-08-18T16:52:20,1787046741,13.822201,100.51205,54.1,-0.0,-0.6,-3.2,-73.1,286.9,0.01,0.04,0.0,22.75,44,POSCTL,0,0
2026-08-18T16:52:21,1787046742,13.822202,100.512051,14.8,-0.0,-0.6,-3.2,-73.1,286.9,0.01,0.04,0.0,22.75,44,POSCTL,0,0
2026-08-18T16:52:22,1787046743,13.822202,100.512051,14.8,-0.0,-0.6,-3.2,-73.1,286.9,0.01,0.04,0.0,22.75,44,POSCTL,0,0
2026-08-18T16:52:23,1787046744,13.822202,100.512051,54.1,0.0,-0.6,-3.2,-73.1,286.9,0.01,0.02,0.0,22.75,44,POSCTL,0,0
2026-08-18T16:52:24,1787046745,13.822201,100.512051,14.1,0.0,-0.6,-3.2,-73.1,286.9,0.01,0.02,0.0,22.75,44,POSCTL,0,0
2026-08-18T16:52:25,1787046746,13.822201,100.512051,14.1,0.0,-0.6,-3.2,-73.1,286.9,0.01,0.02,0.0,22.75,44,POSCTL,0,0
2026-08-18T16:52:26,1787046747,13.822201,100.512051,14.1,0.0,-0.6,-3.2,-73.1,286.9,0.01,0.02,0.0,22.75,44,POSCTL,0,0
2026-08-18T16:52:27,1787046748,13.8222,100.51205,54.1,0.0,-0.6,-3.2,-73.1,286.9,-0.02,-0.04,0.0,22.75,44,POSCTL,0,0
2026-08-18T16:52:31,1787046752,13.8222,100.51205,54.1,0.0,-0.6,-3.2,-73.2,286.8,-0.02,-0.04,0.0,22.75,44,POSCTL,0,0
2026-08-18T16:52:32,1787046753,13.822191,100.512041,10.2,-0.0,-0.6,-3.2,-73.2,286.8,-0.05,-0.05,0.0,22.75,44,POSCTL,0,0
2026-08-18T16:52:33,1787046754,13.822191,100.512041,10.2,-0.0,-0.6,-3.2,-73.2,286.8,-0.05,-0.05,0.0,22.75,44,POSCTL,0,0
2026-08-18T16:52:34,1787046755,13.822191,100.512041,10.2,-0.0,-0.5,-3.1,-73.2,286.8,-0.05,-0.05,0.0,22.75,44,POSCTL,0,0
2026-08-18T16:52:35,1787046756,13.822191,100.512041,10.2,-0.0,-0.5,-3.1,-73.2,286.8,-0.05,-0.05,0.0,22.75,44,POSCTL,0,0
2026-08-18T16:52:36,1787046757,13.822185,100.512036,7.7,-0.0,-0.5,-3.2,-73.3,286.7,-0.05,-0.05,0.0,22.75,44,POSCTL,0,0
2026-08-18T16:52:37,1787046758,13.82219,100.51204,54.1,0.0,-0.5,-3.2,-73.3,286.7,-0.03,-0.03,0.0,22.75,44,POSCTL,0,0
2026-08-18T16:52:38,1787046759,13.82219,100.51204,54.1,0.0,-0.5,-3.2,-73.3,286.7,-0.03,-0.03,0.0,22.75,44,POSCTL,0,0
2026-08-18T16:52:39,1787046760,13.82219,100.51204,54.1,0.0,-0.5,-3.2,-73.3,286.7,-0.03,-0.03,0.0,22.75,44,POSCTL,0,0
2026-08-18T16:52:41,1787046762,13.822181,100.512034,6.3,0.0,-0.5,-3.1,-73.2,286.8,-0.02,-0.02,0.0,22.75,44,POSCTL,0,0
2026-08-18T16:52:42,1787046763,13.822181,100.512034,6.3,0.0,-0.5,-3.1,-73.2,286.8,-0.02,-0.02,0.0,22.75,44,POSCTL,0,0
2026-08-18T16:52:43,1787046764,13.822184,100.51204,7.2,-0.0,-0.5,-3.1,-73.2,286.8,0.0,0.03,0.0,22.75,44,POSCTL,0,0
2026-08-18T16:52:44,1787046765,13.822184,100.51204,7.2,-0.0,-0.5,-3.1,-73.2,286.8,0.0,0.03,0.0,22.75,44,POSCTL,0,0
2026-08-18T16:52:45,1787046766,13.822184,100.51204,7.2,-0.0,-0.5,-3.2,-73.2,286.8,0.0,0.03,0.0,22.75,44,POSCTL,0,0
2026-08-18T16:52:46,1787046767,13.822184,100.51204,7.2,-0.0,-0.5,-3.2,-73.2,286.8,0.0,0.03,0.0,22.75,44,POSCTL,0,0
2026-08-18T16:52:47,1787046768,13.822185,100.512041,54.1,-0.0,-0.5,-3.2,-73.2,286.8,0.04,0.05,0.0,22.75,44,POSCTL,0,0
2026-08-18T16:52:48,1787046769,13.822185,100.512041,54.1,-0.0,-0.5,-3.2,-73.2,286.8,0.04,0.05,0.0,22.75,44,POSCTL,0,0
2026-08-18T16:52:49,1787046770,13.822185,100.512041,54.1,-0.0,-0.5,-3.2,-73.2,286.8,0.04,0.05,0.0,22.75,44,POSCTL,0,0
2026-08-18T16:52:50,1787046771,13.822185,100.512041,54.1,-0.0,-0.5,-3.2,-73.2,286.8,0.04,0.05,0.0,22.75,44,POSCTL,0,0
2026-08-18T16:52:51,1787046772,13.822188,100.51205,9.2,0.0,-0.7,-3.3,-73.3,286.7,0.0,0.0,0.0,22.75,44,POSCTL,0,0
2026-08-18T16:52:52,1787046773,13.822188,100.51205,9.2,0.0,-0.7,-3.3,-73.3,286.7,0.0,0.0,0.0,22.75,44,POSCTL,0,0
2026-08-18T16:52:53,1787046774,13.822188,100.51205,9.2,0.0,-0.7,-3.3,-73.3,286.7,0.0,0.0,0.0,22.75,44,POSCTL,0,0
2026-08-18T16:52:54,1787046775,13.822188,100.51205,9.2,0.0,-0.7,-3.3,-73.3,286.7,0.0,0.0,0.0,22.75,44,POSCTL,0,0
2026-08-18T16:52:55,1787046776,13.822188,100.51205,9.2,0.0,-0.7,-3.3,-73.3,286.7,0.0,0.0,0.0,22.75,44,POSCTL,0,0
2026-08-18T16:52:56,1787046777,13.822188,100.51205,9.2,0.0,-0.7,-3.3,-73.3,286.7,0.0,0.0,0.0,22.75,44,POSCTL,0,0
2026-08-18T16:52:57,1787046778,13.822188,100.51205,9.2,0.0,-0.7,-3.3,-73.3,286.7,0.0,0.0,0.0,22.75,44,POSCTL,0,0
2026-08-18T16:52:58,1787046779,13.822187,100.512051,9.7,-0.0,-0.7,-3.3,-73.3,286.7,-0.01,0.02,0.0,22.75,44,POSCTL,0,0
2026-08-18T16:52:59,1787046780,13.822187,100.512051,9.7,-0.0,-0.7,-3.3,-73.3,286.7,-0.01,0.02,0.0,22.75,44,POSCTL,0,0
2026-08-18T16:53:00,1787046781,13.822187,100.512051,9.7,-0.0,-0.6,-3.2,-73.3,286.7,-0.01,0.02,0.0,22.75,44,POSCTL,0,0
2026-08-18T16:53:01,1787046782,13.822187,100.512051,9.7,-0.0,-0.6,-3.2,-73.3,286.7,-0.01,0.02,0.0,22.75,44,POSCTL,0,0
2026-08-18T16:53:02,1787046783,13.822188,100.51205,9.6,0.0,-0.6,-3.2,-73.3,286.7,0.0,-0.01,0.0,22.75,44,POSCTL,0,0
2026-08-18T16:53:03,1787046784,13.822188,100.51205,9.6,0.0,-0.6,-3.3,-73.3,286.7,0.0,-0.01,0.0,22.75,44,POSCTL,0,0
2026-08-18T16:53:04,1787046785,13.822188,100.51205,9.6,0.0,-0.6,-3.3,-73.3,286.7,0.0,-0.01,0.0,22.75,44,POSCTL,0,0
2026-08-18T16:53:05,1787046786,13.822188,100.51205,9.6,0.0,-0.6,-3.3,-73.3,286.7,0.0,-0.01,0.0,22.75,44,POSCTL,0,0
2026-08-18T16:53:06,1787046787,13.822189,100.512049,54.1,0.0,-0.6,-3.3,-73.3,286.7,0.01,-0.04,0.0,22.75,44,POSCTL,0,0
2026-08-18T16:53:07,1787046788,13.822189,100.512049,54.1,0.0,-0.6,-3.3,-73.3,286.7,0.01,-0.04,0.0,22.75,44,POSCTL,0,0
2026-08-18T16:53:08,1787046789,13.822189,100.512049,54.1,0.0,-0.6,-3.3,-73.3,286.7,0.01,-0.04,0.0,22.75,44,POSCTL,0,0
2026-08-18T16:53:09,1787046790,13.822189,100.512049,54.1,0.0,-0.6,-3.2,-73.3,286.7,0.01,-0.04,0.0,22.75,44,POSCTL,0,0
2026-08-18T16:53:10,1787046791,13.822189,100.512044,7.7,0.0,-0.6,-3.2,-73.3,286.7,0.0,-0.02,0.0,22.75,44,POSCTL,0,0
2026-08-18T16:53:11,1787046792,13.822189,100.512044,7.7,0.0,-0.6,-3.1,-73.3,286.7,0.0,-0.02,0.0,22.75,44,POSCTL,0,0
2026-08-18T16:53:12,1787046793,13.822189,100.512044,7.7,0.0,-0.6,-3.1,-73.3,286.7,0.0,-0.02,0.0,22.75,44,POSCTL,0,0
2026-08-18T16:53:13,1787046794,13.822189,100.512044,7.7,0.0,-0.6,-3.1,-73.3,286.7,0.0,-0.02,0.0,22.75,44,POSCTL,0,0
2026-08-18T16:53:14,1787046795,13.822189,100.512044,7.7,0.0,-0.6,-3.1,-73.3,286.7,0.0,-0.02,0.0,22.75,44,POSCTL,0,0
2026-08-18T16:53:15,1787046796,13.822189,100.512044,7.7,0.0,-0.6,-3.1,-73.3,286.7,0.0,-0.02,0.0,22.75,44,POSCTL,0,0
2026-08-18T16:53:16,1787046797,13.822189,100.512044,7.7,0.0,-0.6,-3.1,-73.3,286.7,0.0,-0.02,0.0,22.75,44,POSCTL,0,0
2026-08-18T16:53:17,1787046798,13.822185,100.512035,5.3,-0.0,-0.6,-3.1,-73.3,286.7,-0.02,-0.06,0.0,22.75,44,POSCTL,0,0
2026-08-18T16:53:18,1787046799,13.822185,100.512035,5.3,-0.0,-0.6,-3.1,-73.3,286.7,-0.02,-0.06,0.0,22.75,44,POSCTL,0,0
2026-08-18T16:53:19,1787046800,13.822185,100.512035,5.3,-0.0,-0.6,-3.1,-73.3,286.7,-0.02,-0.06,0.0,22.75,44,POSCTL,0,0
2026-08-18T16:53:20,1787046801,13.822185,100.512036,54.1,0.0,-0.6,-3.1,-73.3,286.7,-0.02,0.01,0.0,22.75,44,POSCTL,0,0
2026-08-18T16:53:21,1787046802,13.822182,100.512035,4.4,0.0,-0.6,-3.1,-73.3,286.7,-0.02,0.01,0.0,22.75,44,POSCTL,0,0
2026-08-18T16:53:22,1787046803,13.822182,100.512035,4.4,0.0,-0.6,-3.1,-73.2,286.8,-0.02,0.01,0.0,22.75,44,POSCTL,0,0
2026-08-18T16:53:23,1787046804,13.822182,100.512035,4.4,0.0,-0.6,-3.1,-73.2,286.8,-0.02,0.01,0.0,22.75,44,POSCTL,0,0
2026-08-18T16:53:24,1787046805,13.822182,100.512036,54.1,-0.0,-0.6,-3.1,-73.2,286.8,-0.04,0.02,0.0,22.75,44,POSCTL,0,0
2026-08-18T16:53:25,1787046806,13.822182,100.512036,54.1,-0.0,-0.6,-3.1,-73.2,286.8,-0.04,0.02,0.0,22.75,44,POSCTL,0,0
2026-08-18T16:53:26,1787046807,13.822182,100.512036,54.1,-0.0,-0.6,-3.1,-73.2,286.8,-0.04,0.02,0.0,22.75,44,POSCTL,0,0
2026-08-18T16:53:29,1787046810,13.822181,100.512048,54.1,0.0,-0.6,-3.1,-73.2,286.8,0.01,0.07,0.0,22.75,44,POSCTL,0,0
2026-08-18T16:53:30,1787046811,13.822181,100.512059,9.1,0.0,-0.6,-3.1,-73.2,286.8,0.01,0.07,0.0,22.75,44,POSCTL,0,0
2026-08-18T16:53:31,1787046812,13.822181,100.512059,9.1,0.0,-0.6,-3.1,-73.2,286.8,0.01,0.07,0.0,22.75,44,POSCTL,0,0
2026-08-18T16:53:32,1787046813,13.822181,100.512059,9.1,0.0,-0.6,-3.1,-73.2,286.8,0.01,0.07,0.0,22.75,44,POSCTL,0,0
2026-08-18T16:53:33,1787046814,13.822181,100.512059,9.1,0.0,-0.6,-3.1,-73.2,286.8,0.01,0.07,0.0,22.75,44,POSCTL,0,0
2026-08-18T16:53:34,1787046815,13.822181,100.512059,9.1,0.0,-0.7,-3.4,-73.5,286.5,0.01,0.07,0.0,22.75,44,POSCTL,0,0
2026-08-18T16:53:35,1787046816,13.822181,100.512059,9.1,0.0,-0.7,-3.4,-73.5,286.5,0.01,0.07,0.0,22.75,44,POSCTL,0,0
2026-08-18T16:53:36,1787046817,13.822181,100.512059,9.1,0.0,-0.7,-3.4,-73.5,286.5,0.01,0.07,0.0,22.75,44,POSCTL,0,0
2026-08-18T16:53:37,1787046818,13.822181,100.512059,9.1,0.0,-0.7,-3.4,-73.5,286.5,0.01,0.07,0.0,22.75,44,POSCTL,0,0
2026-08-18T16:53:38,1787046819,13.822181,100.512059,9.1,0.0,-0.7,-3.4,-73.5,286.5,0.01,0.07,0.0,22.75,44,POSCTL,0,0
2026-08-18T16:53:39,1787046820,13.822179,100.512071,11.2,0.0,-0.6,-3.4,-73.5,286.5,-0.01,-0.02,0.0,22.75,44,POSCTL,0,0
2026-08-18T16:53:40,1787046821,13.822179,100.512071,11.2,0.0,-0.6,-3.4,-73.5,286.5,-0.01,-0.02,0.0,22.75,44,POSCTL,0,0
2026-08-18T16:53:41,1787046822,13.822179,100.512071,11.2,0.0,-0.6,-3.4,-73.5,286.5,-0.01,-0.02,0.0,22.75,44,POSCTL,0,0
2026-08-18T16:53:42,1787046823,13.822179,100.512071,11.2,0.0,-0.6,-3.4,-73.5,286.5,-0.01,-0.02,0.0,22.75,44,POSCTL,0,0
2026-08-18T16:53:43,1787046824,13.822179,100.512071,11.2,0.0,-0.6,-3.4,-73.5,286.5,-0.01,-0.02,0.0,22.75,44,POSCTL,0,0
2026-08-18T16:53:44,1787046825,13.822179,100.512071,11.2,0.0,-0.6,-3.3,-73.6,286.4,-0.01,-0.02,0.0,22.75,44,POSCTL,0,0
2026-08-18T16:53:45,1787046826,13.822179,100.512071,11.2,0.0,-0.6,-3.3,-73.6,286.4,-0.01,-0.02,0.0,22.75,44,POSCTL,0,0
2026-08-18T16:53:46,1787046827,13.822179,100.512071,11.2,0.0,-0.6,-3.3,-73.6,286.4,-0.01,-0.02,0.0,22.75,44,POSCTL,0,0
2026-08-18T16:53:47,1787046828,13.822179,100.512071,11.2,0.0,-0.6,-3.3,-73.6,286.4,-0.01,-0.02,0.0,22.75,44,POSCTL,0,0
2026-08-18T16:53:48,1787046829,13.822182,100.512066,10.2,0.0,-0.6,-3.3,-73.6,286.4,-0.01,-0.03,0.0,22.75,44,POSCTL,0,0
2026-08-18T16:53:49,1787046830,13.822182,100.512066,10.2,0.0,-0.6,-3.3,-73.6,286.4,-0.01,-0.03,0.0,22.75,44,POSCTL,0,0
2026-08-18T16:53:50,1787046831,13.822182,100.512066,10.2,0.0,-0.6,-3.3,-73.6,286.4,-0.01,-0.03,0.0,22.75,44,POSCTL,0,0
2026-08-18T16:53:51,1787046832,13.822182,100.512066,10.2,0.0,-0.6,-3.2,-73.5,286.5,-0.01,-0.03,0.0,22.75,44,POSCTL,0,0
2026-08-18T16:53:52,1787046833,13.822182,100.512066,10.2,0.0,-0.6,-3.2,-73.5,286.5,-0.01,-0.03,0.0,22.75,44,POSCTL,0,0
2026-08-18T16:53:53,1787046834,13.822182,100.512064,54.1,0.0,-0.6,-3.2,-73.5,286.5,-0.01,-0.02,0.0,22.75,44,POSCTL,0,0
2026-08-18T16:53:54,1787046835,13.822182,100.512064,54.1,0.0,-0.6,-3.2,-73.5,286.5,-0.01,-0.02,0.0,22.75,44,POSCTL,0,0
2026-08-18T16:53:55,1787046836,13.822182,100.512064,54.1,0.0,-0.6,-3.2,-73.5,286.5,-0.01,-0.02,0.0,22.75,44,POSCTL,0,0
2026-08-18T16:53:56,1787046837,13.822182,100.512064,54.1,0.0,-0.6,-3.2,-73.5,286.5,-0.01,-0.02,0.0,22.75,44,POSCTL,0,0
2026-08-18T16:53:57,1787046838,13.822182,100.512064,54.1,0.0,-0.6,-3.1,-73.5,286.5,-0.01,-0.02,0.0,22.75,44,POSCTL,0,0
2026-08-18T16:53:58,1787046839,13.822182,100.512064,54.1,0.0,-0.6,-3.1,-73.5,286.5,-0.01,-0.02,0.0,22.75,44,POSCTL,0,0
2026-08-18T16:53:59,1787046840,13.822182,100.512064,54.1,0.0,-0.6,-3.1,-73.5,286.5,-0.01,-0.02,0.0,22.75,44,POSCTL,0,0
2026-08-18T16:54:00,1787046841,13.82218,100.512059,11.0,0.0,-0.6,-3.1,-73.5,286.5,0.0,0.01,0.0,22.75,44,POSCTL,0,0
2026-08-18T16:54:01,1787046842,13.82218,100.512059,11.0,0.0,-0.6,-3.1,-73.5,286.5,0.0,0.01,0.0,22.75,44,POSCTL,0,0
2026-08-18T16:54:02,1787046843,13.82218,100.512059,11.0,0.0,-0.6,-3.2,-73.5,286.5,0.0,0.01,0.0,22.75,44,POSCTL,0,0
2026-08-18T16:54:03,1787046844,13.82218,100.512059,11.0,0.0,-0.6,-3.2,-73.5,286.5,0.0,0.01,0.0,22.75,44,POSCTL,0,0
2026-08-18T16:54:04,1787046845,13.822182,100.512059,54.1,0.01,-0.6,-3.2,-73.5,286.5,0.02,0.0,0.0,22.75,44,POSCTL,0,0
2026-08-18T16:54:05,1787046846,13.822182,100.512059,54.1,0.01,-0.6,-3.2,-73.5,286.5,0.02,0.0,0.0,22.75,44,POSCTL,0,0
2026-08-18T16:54:06,1787046847,13.822182,100.512059,54.1,0.01,-0.6,-3.2,-73.5,286.5,0.02,0.0,0.0,22.75,44,POSCTL,0,0
2026-08-18T16:54:07,1787046848,13.822182,100.512059,54.1,0.01,-0.6,-3.1,-73.5,286.5,0.02,0.0,0.0,22.75,44,POSCTL,0,0
2026-08-18T16:54:08,1787046849,13.822182,100.512059,54.1,0.01,-0.6,-3.1,-73.5,286.5,0.02,0.0,0.0,22.75,44,POSCTL,0,0
2026-08-18T16:54:09,1787046850,13.822187,100.512059,13.8,0.01,-0.6,-3.1,-73.5,286.5,0.02,0.01,0.0,22.75,44,POSCTL,0,0
2026-08-18T16:54:10,1787046851,13.822187,100.512059,13.8,0.01,-0.6,-3.1,-73.5,286.5,0.02,0.01,0.0,22.75,44,POSCTL,0,0
2026-08-18T16:54:11,1787046852,13.822187,100.512059,13.8,0.01,-0.7,-3.2,-73.5,286.5,0.02,0.01,0.0,22.75,44,POSCTL,0,0
2026-08-18T16:54:12,1787046853,13.822187,100.512059,13.8,0.01,-0.7,-3.2,-73.5,286.5,0.02,0.01,0.0,22.75,44,POSCTL,0,0
2026-08-18T16:54:13,1787046854,13.822187,100.512059,13.8,0.01,-0.7,-3.2,-73.5,286.5,0.02,0.01,0.0,22.75,44,POSCTL,0,0
2026-08-18T16:54:14,1787046855,13.822187,100.512059,13.8,0.01,-0.6,-3.2,-73.5,286.5,0.02,0.01,0.0,22.75,44,POSCTL,0,0
2026-08-18T16:54:15,1787046856,13.822187,100.512059,13.8,0.01,-0.6,-3.2,-73.5,286.5,0.02,0.01,0.0,22.75,44,POSCTL,0,0
2026-08-18T16:54:16,1787046857,13.822187,100.512059,13.8,0.01,-0.6,-3.2,-73.5,286.5,0.02,0.01,0.0,22.75,44,POSCTL,0,0
2026-08-18T16:54:17,1787046858,13.822188,100.512055,13.1,-0.0,-0.6,-3.2,-73.5,286.5,0.01,-0.02,0.0,22.75,44,POSCTL,0,0
2026-08-18T16:54:18,1787046859,13.822188,100.512055,13.1,-0.0,-0.6,-3.2,-73.5,286.5,0.01,-0.02,0.0,22.75,44,POSCTL,0,0
2026-08-18T16:54:19,1787046860,13.822188,100.512055,13.1,-0.0,-0.6,-3.2,-73.5,286.5,0.01,-0.02,0.0,22.75,44,POSCTL,0,0
2026-08-18T16:54:20,1787046861,13.822188,100.512055,13.1,-0.0,-0.6,-3.2,-73.5,286.5,0.01,-0.02,0.0,22.75,44,POSCTL,0,0
2026-08-18T16:54:21,1787046862,13.822188,100.512055,13.1,-0.0,-0.6,-3.1,-73.5,286.5,0.01,-0.02,0.0,22.75,44,POSCTL,0,0
2026-08-18T16:54:22,1787046863,13.822189,100.512054,12.6,-0.0,-0.6,-3.1,-73.5,286.5,0.0,0.0,0.0,22.75,44,POSCTL,0,0
2026-08-18T16:54:23,1787046864,13.822189,100.512054,12.6,-0.0,-0.6,-3.1,-73.5,286.5,0.0,0.0,0.0,22.75,44,POSCTL,0,0
2026-08-18T16:54:24,1787046865,13.822189,100.512054,12.6,-0.0,-0.6,-3.1,-73.5,286.5,0.0,0.0,0.0,22.75,44,POSCTL,0,0
2026-08-18T16:54:25,1787046866,13.822189,100.512054,12.6,-0.0,-0.6,-3.1,-73.5,286.5,0.0,0.0,0.0,22.75,44,POSCTL,0,0
2026-08-18T16:54:26,1787046867,13.822189,100.512054,12.6,-0.0,-0.6,-3.1,-73.5,286.5,0.0,0.0,0.0,22.75,44,POSCTL,0,0
2026-08-18T16:54:27,1787046868,13.822189,100.512054,12.6,-0.0,-0.6,-3.2,-73.5,286.5,0.0,0.0,0.0,22.75,44,POSCTL,0,0
2026-08-18T16:54:28,1787046869,13.82219,100.512052,12.2,-0.0,-0.6,-3.2,-73.5,286.5,0.02,-0.01,0.0,22.75,44,POSCTL,0,0
2026-08-18T16:54:29,1787046870,13.82219,100.512052,12.2,-0.0,-0.6,-3.2,-73.5,286.5,0.02,-0.01,0.0,22.75,44,POSCTL,0,0
2026-08-18T16:54:30,1787046871,13.82219,100.512052,12.2,-0.0,-0.6,-3.2,-73.5,286.5,0.02,-0.01,0.0,22.75,44,POSCTL,0,0
2026-08-18T16:54:31,1787046872,13.82219,100.512052,12.2,-0.0,-0.6,-3.2,-73.5,286.5,0.02,-0.01,0.0,22.75,44,POSCTL,0,0
2026-08-18T16:54:32,1787046873,13.82219,100.512053,11.9,-0.0,-0.6,-3.2,-73.5,286.5,0.0,0.0,0.0,22.75,44,POSCTL,0,0
2026-08-18T16:54:33,1787046874,13.82219,100.512053,11.9,-0.0,-0.6,-3.2,-73.5,286.5,0.0,0.0,0.0,22.75,44,POSCTL,0,0
2026-08-18T16:54:34,1787046875,13.82219,100.512053,11.9,-0.0,-0.6,-3.2,-73.5,286.5,0.0,0.0,0.0,22.75,44,POSCTL,0,0
2026-08-18T16:54:35,1787046876,13.82219,100.512053,11.9,-0.0,-0.6,-3.2,-73.5,286.5,0.0,0.0,0.0,22.75,44,POSCTL,0,0
2026-08-18T16:54:36,1787046877,13.82219,100.512053,11.9,-0.0,-0.6,-3.2,-73.5,286.5,0.0,0.0,0.0,22.75,44,POSCTL,0,0
2026-08-18T16:54:37,1787046878,13.822191,100.512055,12.3,-0.0,-0.6,-3.2,-73.5,286.5,0.01,0.01,0.0,22.75,44,POSCTL,0,0
2026-08-18T16:54:38,1787046879,13.822191,100.512055,12.3,-0.0,-0.6,-3.2,-73.5,286.5,0.01,0.01,0.0,22.75,44,POSCTL,0,0
2026-08-18T16:54:39,1787046880,13.822191,100.512055,12.3,-0.0,-0.6,-3.2,-73.5,286.5,0.01,0.01,0.0,22.75,44,POSCTL,0,0
2026-08-18T16:54:40,1787046881,13.822191,100.512055,12.3,-0.0,-0.6,-3.2,-73.5,286.5,0.01,0.01,0.0,22.75,44,POSCTL,0,0
2026-08-18T16:54:41,1787046882,13.822191,100.512055,12.3,-0.0,-0.7,-3.2,-73.5,286.5,0.01,0.01,0.0,22.75,44,POSCTL,0,0
2026-08-18T16:54:42,1787046883,13.822191,100.512057,54.1,-0.0,-0.7,-3.2,-73.5,286.5,-0.01,0.01,0.0,22.75,44,POSCTL,0,0
2026-08-18T16:54:43,1787046884,13.822191,100.512057,54.1,-0.0,-0.7,-3.2,-73.5,286.5,-0.01,0.01,0.0,22.75,44,POSCTL,0,0
2026-08-18T16:54:48,1787046889,13.82219,100.512065,13.8,0.0,-0.6,-3.2,-73.5,286.5,0.0,0.03,0.0,22.75,44,POSCTL,0,0
2026-08-18T16:54:49,1787046890,13.82219,100.512065,13.8,0.0,-0.6,-3.2,-73.5,286.5,0.0,0.03,0.0,22.75,44,POSCTL,0,0
2026-08-18T16:54:50,1787046891,13.82219,100.512065,13.8,0.0,-0.6,-3.3,-73.5,286.5,0.0,0.03,0.0,22.75,44,POSCTL,0,0
2026-08-18T16:54:51,1787046892,13.82219,100.512065,13.8,0.0,-0.6,-3.3,-73.5,286.5,0.0,0.03,0.0,22.75,44,POSCTL,0,0
2026-08-18T16:54:52,1787046893,13.822191,100.512069,14.3,0.0,-0.6,-3.3,-73.5,286.5,0.01,0.01,0.0,22.75,44,POSCTL,0,0
2026-08-18T16:54:53,1787046894,13.822191,100.512069,14.3,0.0,-0.6,-3.3,-73.5,286.5,0.01,0.01,0.0,22.75,44,POSCTL,0,0
2026-08-18T16:54:54,1787046895,13.822191,100.512069,14.3,0.0,-0.6,-3.3,-73.5,286.5,0.01,0.01,0.0,22.75,44,POSCTL,0,0
2026-08-18T16:54:55,1787046896,13.822191,100.512069,14.3,0.0,-0.6,-3.3,-73.5,286.5,0.01,0.01,0.0,22.75,44,POSCTL,0,0
2026-08-18T16:54:56,1787046897,13.822191,100.512069,14.3,0.0,-0.6,-3.3,-73.5,286.5,0.01,0.01,0.0,22.75,44,POSCTL,0,0
2026-08-18T16:54:57,1787046898,13.822191,100.512069,14.3,0.0,-0.6,-3.3,-73.5,286.5,0.01,0.01,0.0,22.75,44,POSCTL,0,0
2026-08-18T16:54:58,1787046899,13.822191,100.512069,14.3,0.0,-0.6,-3.3,-73.5,286.5,0.01,0.01,0.0,22.75,44,POSCTL,0,0
2026-08-18T16:54:59,1787046900,13.822191,100.512069,14.3,0.0,-0.6,-3.2,-73.5,286.5,0.01,0.01,0.0,22.75,44,POSCTL,0,0
2026-08-18T16:55:00,1787046901,13.822191,100.512069,14.3,0.0,-0.6,-3.2,-73.5,286.5,0.01,0.01,0.0,22.75,44,POSCTL,0,0
2026-08-18T16:55:01,1787046902,13.822191,100.512069,14.3,0.0,-0.6,-3.2,-73.5,286.5,0.01,0.01,0.0,22.75,44,POSCTL,0,0
2026-08-18T16:55:02,1787046903,13.822191,100.512069,14.3,0.0,-0.7,-3.2,-73.4,286.6,0.01,0.01,0.0,22.75,44,POSCTL,0,0
2026-08-18T16:55:03,1787046904,13.822199,100.512071,13.6,0.0,-0.7,-3.2,-73.4,286.6,0.02,-0.01,0.0,22.75,44,POSCTL,0,0
2026-08-18T16:55:04,1787046905,13.822199,100.512071,13.6,0.0,-0.7,-3.2,-73.4,286.6,0.02,-0.01,0.0,22.75,44,POSCTL,0,0
2026-08-18T16:55:09,1787046910,13.822199,100.512071,13.6,0.0,-0.7,-3.2,-73.4,286.6,0.02,-0.01,0.0,22.75,44,POSCTL,0,0
2026-08-18T16:55:10,1787046911,13.822199,100.512071,13.6,0.0,-0.7,-3.2,-73.4,286.6,0.02,-0.01,0.0,22.75,44,POSCTL,0,0
2026-08-18T16:55:11,1787046912,13.822199,100.512071,13.6,0.0,-0.7,-3.1,-73.5,286.5,0.02,-0.01,0.0,22.75,44,POSCTL,0,0
2026-08-18T16:55:12,1787046913,13.822203,100.512066,54.1,0.0,-0.7,-3.1,-73.5,286.5,0.0,-0.01,0.0,22.75,44,POSCTL,0,0
2026-08-18T16:55:13,1787046914,13.822204,100.512064,12.3,0.0,-0.7,-3.1,-73.5,286.5,0.0,-0.01,0.0,22.75,44,POSCTL,0,0
2026-08-18T16:55:14,1787046915,13.822204,100.512064,12.3,0.0,-0.7,-3.1,-73.5,286.5,0.0,-0.01,0.0,22.75,44,POSCTL,0,0
2026-08-18T16:55:15,1787046916,13.822204,100.512064,12.3,0.0,-0.7,-3.1,-73.5,286.5,0.0,-0.01,0.0,22.75,44,POSCTL,0,0
2026-08-18T16:55:16,1787046917,13.822204,100.512064,12.3,0.0,-0.7,-3.1,-73.5,286.5,0.0,-0.01,0.0,22.75,44,POSCTL,0,0
2026-08-18T16:55:17,1787046918,13.822204,100.512064,12.3,0.0,-0.7,-3.1,-73.5,286.5,0.0,-0.01,0.0,22.75,44,POSCTL,0,0
2026-08-18T16:55:18,1787046919,13.822204,100.512064,12.3,0.0,-0.7,-3.1,-73.5,286.5,0.0,-0.01,0.0,22.75,44,POSCTL,0,0
2026-08-18T16:55:19,1787046920,13.822204,100.512064,12.3,0.0,-0.7,-3.1,-73.5,286.5,0.0,-0.01,0.0,22.75,44,POSCTL,0,0
2026-08-18T16:55:20,1787046921,13.822204,100.512064,12.3,0.0,-0.6,-3.1,-73.4,286.6,0.0,-0.01,0.0,22.75,44,POSCTL,0,0
2026-08-18T16:55:21,1787046922,13.822204,100.512064,12.3,0.0,-0.6,-3.1,-73.4,286.6,0.0,-0.01,0.0,22.75,44,POSCTL,0,0
2026-08-18T16:55:22,1787046923,13.822204,100.512064,12.3,0.0,-0.6,-3.1,-73.4,286.6,0.0,-0.01,0.0,22.75,44,POSCTL,0,0
2026-08-18T16:55:23,1787046924,13.822202,100.512066,13.5,0.0,-0.6,-3.1,-73.4,286.6,-0.01,0.02,0.0,22.75,44,POSCTL,0,0
2026-08-18T16:55:24,1787046925,13.822202,100.512066,13.5,0.0,-0.6,-3.1,-73.4,286.6,-0.01,0.02,0.0,22.75,44,POSCTL,0,0
2026-08-18T16:55:25,1787046926,13.822202,100.512066,13.5,0.0,-0.6,-3.2,-73.4,286.6,-0.01,0.02,0.0,22.75,44,POSCTL,0,0
2026-08-18T16:55:26,1787046927,13.822202,100.512066,13.5,0.0,-0.6,-3.2,-73.4,286.6,-0.01,0.02,0.0,22.75,44,POSCTL,0,0
2026-08-18T16:55:27,1787046928,13.822202,100.512066,13.5,0.0,-0.6,-3.2,-73.4,286.6,-0.01,0.02,0.0,22.75,44,POSCTL,0,0
2026-08-18T16:55:28,1787046929,13.822202,100.512066,13.5,0.0,-0.6,-3.2,-73.4,286.6,-0.01,0.02,0.0,22.75,44,POSCTL,0,0
2026-08-18T16:55:29,1787046930,13.822202,100.512066,13.5,0.0,-0.6,-3.2,-73.4,286.6,-0.01,0.02,0.0,22.75,44,POSCTL,0,0
2026-08-18T16:55:30,1787046931,13.822202,100.512066,13.5,0.0,-0.6,-3.2,-73.4,286.6,-0.01,0.02,0.0,22.75,44,POSCTL,0,0
2026-08-18T16:55:31,1787046932,13.822197,100.512072,15.0,0.0,-0.6,-3.2,-73.4,286.6,0.0,0.01,0.0,22.75,44,POSCTL,0,0
2026-08-18T16:55:32,1787046933,13.822197,100.512072,15.0,0.0,-0.6,-3.2,-73.4,286.6,0.0,0.01,0.0,22.75,44,POSCTL,0,0
2026-08-18T16:55:33,1787046934,13.822197,100.512072,15.0,0.0,-0.6,-3.2,-73.4,286.6,0.0,0.01,0.0,22.75,44,POSCTL,0,0
2026-08-18T16:55:34,1787046935,13.822197,100.512072,15.0,0.0,-0.6,-3.3,-73.5,286.5,0.0,0.01,0.0,22.75,44,POSCTL,0,0
2026-08-18T16:55:35,1787046936,13.822197,100.512072,15.0,0.0,-0.6,-3.3,-73.5,286.5,0.0,0.01,0.0,22.75,44,POSCTL,0,0
2026-08-18T16:55:36,1787046937,13.822197,100.512072,15.0,0.0,-0.6,-3.3,-73.5,286.5,0.0,0.01,0.0,22.75,44,POSCTL,0,0
2026-08-18T16:55:37,1787046938,13.822197,100.512072,15.0,0.0,-0.6,-3.3,-73.5,286.5,0.0,0.01,0.0,22.75,44,POSCTL,0,0
2026-08-18T16:55:38,1787046939,13.822197,100.512072,15.0,0.0,-0.6,-3.3,-73.5,286.5,0.0,0.01,0.0,22.75,44,POSCTL,0,0
2026-08-18T16:55:39,1787046940,13.822197,100.512072,15.0,0.0,-0.6,-3.3,-73.5,286.5,0.0,0.01,0.0,22.75,44,POSCTL,0,0
2026-08-18T16:55:40,1787046941,13.822197,100.512072,15.0,0.0,-0.6,-3.3,-73.5,286.5,0.0,0.01,0.0,22.75,44,POSCTL,0,0
2026-08-18T16:55:41,1787046942,13.822197,100.512072,15.0,0.0,-0.6,-3.2,-73.5,286.5,0.0,0.01,0.0,22.75,44,POSCTL,0,0
2026-08-18T16:55:42,1787046943,13.822197,100.512072,15.0,0.0,-0.6,-3.2,-73.5,286.5,0.0,0.01,0.0,22.75,44,POSCTL,0,0
2026-08-18T16:55:43,1787046944,13.822191,100.512074,14.8,0.0,-0.6,-3.2,-73.5,286.5,0.0,0.0,0.0,22.75,44,POSCTL,0,0
2026-08-18T16:55:44,1787046945,13.822191,100.512074,14.8,0.0,-0.6,-3.2,-73.5,286.5,0.0,0.0,0.0,22.75,44,POSCTL,0,0
2026-08-18T16:55:45,1787046946,13.822191,100.512074,14.8,0.0,-0.6,-3.3,-73.5,286.5,0.0,0.0,0.0,22.75,44,POSCTL,0,0
2026-08-18T16:55:46,1787046947,13.822191,100.512074,14.8,0.0,-0.6,-3.3,-73.5,286.5,0.0,0.0,0.0,22.75,44,POSCTL,0,0
2026-08-18T16:55:47,1787046948,13.822191,100.512074,14.8,0.0,-0.6,-3.3,-73.5,286.5,0.0,0.0,0.0,22.75,44,POSCTL,0,0
2026-08-18T16:55:48,1787046949,13.822191,100.512074,14.8,0.0,-0.6,-3.3,-73.5,286.5,0.0,0.0,0.0,22.75,44,POSCTL,0,0
2026-08-18T16:55:49,1787046950,13.822191,100.512074,14.8,0.0,-0.6,-3.3,-73.5,286.5,0.0,0.0,0.0,22.75,44,POSCTL,0,0
2026-08-18T16:55:50,1787046951,13.822191,100.512074,14.8,0.0,-0.6,-3.3,-73.5,286.5,0.0,0.0,0.0,22.75,44,POSCTL,0,0
2026-08-18T16:55:51,1787046952,13.822191,100.512074,14.8,0.0,-0.6,-3.3,-73.5,286.5,0.0,0.0,0.0,22.75,44,POSCTL,0,0
2026-08-18T16:55:52,1787046953,13.822191,100.512074,14.8,0.0,-0.6,-3.1,-73.5,286.5,0.0,0.0,0.0,22.75,44,POSCTL,0,0
2026-08-18T16:55:53,1787046954,13.822191,100.512074,14.8,0.0,-0.6,-3.1,-73.5,286.5,0.0,0.0,0.0,22.75,44,POSCTL,0,0
2026-08-18T16:55:54,1787046955,13.822191,100.512074,14.8,0.0,-0.6,-3.1,-73.5,286.5,0.0,0.0,0.0,22.75,44,POSCTL,0,0
2026-08-18T16:55:55,1787046956,13.822191,100.512074,14.8,0.0,-0.6,-3.1,-73.5,286.5,0.0,0.0,0.0,22.75,44,POSCTL,0,0
2026-08-18T16:55:56,1787046957,13.822191,100.512074,14.8,0.0,-0.6,-3.1,-73.5,286.5,0.0,0.0,0.0,22.75,44,POSCTL,0,0
2026-08-18T16:55:57,1787046958,13.822191,100.512074,14.8,0.0,-0.6,-3.1,-73.5,286.5,0.0,0.0,0.0,22.75,44,POSCTL,0,0
2026-08-18T16:55:58,1787046959,13.822191,100.512074,14.8,0.0,-0.6,-3.1,-73.5,286.5,0.0,0.0,0.0,22.75,44,POSCTL,0,0
2026-08-18T16:55:59,1787046960,13.822191,100.512074,14.8,0.0,-0.6,-3.1,-73.5,286.5,0.0,0.0,0.0,22.75,44,POSCTL,0,0
2026-08-18T16:56:00,1787046961,13.822191,100.512074,14.8,0.0,-0.6,-3.1,-73.5,286.5,0.0,0.0,0.0,22.75,44,POSCTL,0,0
2026-08-18T16:56:01,1787046962,13.822191,100.512074,14.8,0.0,-0.6,-3.1,-73.5,286.5,0.0,0.0,0.0,22.75,44,POSCTL,0,0
2026-08-18T16:56:02,1787046963,13.822191,100.512074,14.8,0.0,-0.6,-3.1,-73.5,286.5,0.0,0.0,0.0,22.75,44,POSCTL,0,0
2026-08-18T16:56:03,1787046964,13.822191,100.512074,14.8,0.0,-0.6,-3.1,-73.5,286.5,0.0,0.0,0.0,22.75,44,POSCTL,0,0
2026-08-18T16:56:04,1787046965,13.822191,100.512074,14.8,0.0,-0.6,-3.1,-73.5,286.5,0.0,0.0,0.0,22.75,44,POSCTL,0,0
2026-08-18T16:56:05,1787046966,13.822191,100.512074,14.8,0.0,-0.6,-3.1,-73.6,286.4,0.0,0.0,0.0,22.75,44,POSCTL,0,0
2026-08-18T16:56:06,1787046967,13.822191,100.512074,14.8,0.0,-0.6,-3.1,-73.6,286.4,0.0,0.0,0.0,22.75,44,POSCTL,0,0
2026-08-18T16:56:07,1787046968,13.822185,100.512068,14.7,0.0,-0.6,-3.1,-73.6,286.4,0.01,0.01,0.0,22.75,44,POSCTL,0,0
2026-08-18T16:56:08,1787046969,13.822185,100.512068,14.7,0.0,-0.6,-3.2,-73.6,286.4,0.01,0.01,0.0,22.75,44,POSCTL,0,0
2026-08-18T16:56:09,1787046970,13.822185,100.512068,14.7,0.0,-0.6,-3.2,-73.6,286.4,0.01,0.01,0.0,22.75,44,POSCTL,0,0
2026-08-18T16:56:10,1787046971,13.822185,100.512068,14.7,0.0,-0.6,-3.2,-73.6,286.4,0.01,0.01,0.0,22.75,44,POSCTL,0,0
2026-08-18T16:56:11,1787046972,13.822185,100.512068,14.7,0.0,-0.6,-3.2,-73.6,286.4,0.01,0.01,0.0,22.75,44,POSCTL,0,0
2026-08-18T16:56:12,1787046973,13.822187,100.512067,14.6,0.0,-0.6,-3.2,-73.6,286.4,0.01,0.0,0.0,22.75,44,POSCTL,0,0
2026-08-18T16:56:13,1787046974,13.822187,100.512067,14.6,0.0,-0.6,-3.2,-73.6,286.4,0.01,0.0,0.0,22.75,44,POSCTL,0,0
2026-08-18T16:56:14,1787046975,13.822187,100.512067,14.6,0.0,-0.6,-3.2,-73.6,286.4,0.01,0.0,0.0,22.74,44,POSCTL,0,0
2026-08-18T16:56:15,1787046976,13.822187,100.512067,14.6,0.0,-0.6,-3.1,-73.6,286.4,0.01,0.0,0.0,22.74,44,POSCTL,0,0
2026-08-18T16:56:16,1787046977,13.822187,100.512067,14.6,0.0,-0.6,-3.1,-73.6,286.4,0.01,0.0,0.0,22.74,44,POSCTL,0,0
2026-08-18T16:56:17,1787046978,13.822189,100.512067,14.1,0.0,-0.6,-3.1,-73.6,286.4,0.01,0.04,0.0,22.74,44,POSCTL,0,0
2026-08-18T16:56:18,1787046979,13.822189,100.512067,14.1,0.0,-0.6,-3.1,-73.6,286.4,0.01,0.04,0.0,22.74,44,POSCTL,0,0
2026-08-18T16:56:19,1787046980,13.822189,100.512067,14.1,0.0,-0.6,-3.1,-73.6,286.4,0.01,0.04,0.0,22.74,44,POSCTL,0,0
2026-08-18T16:56:20,1787046981,13.822189,100.512067,14.1,0.0,-0.6,-3.1,-73.6,286.4,0.01,0.04,0.0,22.74,44,POSCTL,0,0
2026-08-18T16:56:21,1787046982,13.822189,100.512067,14.1,0.0,-0.7,-3.2,-73.6,286.4,0.01,0.04,0.0,22.74,44,POSCTL,0,0
2026-08-18T16:56:22,1787046983,13.822192,100.512065,13.6,-0.0,-0.7,-3.2,-73.6,286.4,0.0,-0.07,0.0,22.74,44,POSCTL,0,0
2026-08-18T16:56:23,1787046984,13.822192,100.512065,13.6,-0.0,-0.7,-3.2,-73.6,286.4,0.0,-0.07,0.0,22.74,44,POSCTL,0,0
2026-08-18T16:56:24,1787046985,13.822192,100.512065,13.6,-0.0,-0.6,-3.2,-73.7,286.3,0.0,-0.07,0.0,22.74,43,POSCTL,0,0
2026-08-18T16:56:25,1787046986,13.822192,100.512065,13.6,-0.0,-0.6,-3.2,-73.7,286.3,0.0,-0.07,0.0,22.74,43,POSCTL,0,0
2026-08-18T16:56:26,1787046987,13.822195,100.512063,13.6,-0.0,-0.6,-3.2,-73.7,286.3,0.02,-0.01,0.0,22.74,43,POSCTL,0,0
2026-08-18T16:56:27,1787046988,13.822195,100.512063,13.6,-0.0,-0.6,-3.2,-73.7,286.3,0.02,-0.01,0.0,22.74,43,POSCTL,0,0
2026-08-18T16:56:31,1787046992,13.822195,100.512063,13.6,-0.0,-0.7,-3.2,-73.6,286.4,0.02,-0.01,0.0,22.74,43,POSCTL,0,0
2026-08-18T16:56:32,1787046993,13.822195,100.512063,13.6,-0.0,-0.7,-3.2,-73.6,286.4,0.02,-0.01,0.0,22.74,44,POSCTL,0,0
2026-08-18T16:56:33,1787046994,13.822194,100.512062,54.1,-0.0,-0.7,-3.2,-73.6,286.4,-0.02,-0.02,0.0,22.74,44,POSCTL,0,0
2026-08-18T16:56:34,1787046995,13.822195,100.512062,13.6,-0.0,-0.7,-3.2,-73.6,286.4,-0.02,-0.02,0.0,22.74,44,POSCTL,0,0
2026-08-18T16:56:35,1787046996,13.822195,100.512062,13.6,-0.0,-0.6,-3.2,-73.6,286.4,-0.02,-0.02,0.0,22.74,44,POSCTL,0,0
2026-08-18T16:56:36,1787046997,13.822195,100.512062,13.6,-0.0,-0.6,-3.2,-73.6,286.4,-0.02,-0.02,0.0,22.74,44,POSCTL,0,0
2026-08-18T16:56:37,1787046998,13.822195,100.512062,13.6,-0.0,-0.6,-3.2,-73.6,286.4,-0.02,-0.02,0.0,22.74,44,POSCTL,0,0
2026-08-18T16:56:38,1787046999,13.822195,100.512064,13.9,-0.0,-0.6,-3.2,-73.6,286.4,-0.02,-0.02,0.0,22.74,44,POSCTL,0,0
2026-08-18T16:56:39,1787047000,13.822195,100.512064,13.9,-0.0,-0.6,-3.2,-73.6,286.4,-0.02,-0.02,0.0,22.74,44,POSCTL,0,0
2026-08-18T16:56:40,1787047001,13.822195,100.512064,13.9,-0.0,-0.6,-3.2,-73.6,286.4,-0.02,-0.02,0.0,22.74,44,POSCTL,0,0
2026-08-18T16:56:41,1787047002,13.822195,100.512064,13.9,-0.0,-0.6,-3.2,-73.6,286.4,-0.02,-0.02,0.0,22.74,43,POSCTL,0,0
2026-08-18T16:56:42,1787047003,13.822195,100.512064,13.7,-0.0,-0.6,-3.2,-73.6,286.4,-0.01,0.0,0.0,22.74,43,POSCTL,0,0
2026-08-18T16:56:43,1787047004,13.822195,100.512064,13.7,-0.0,-0.6,-3.2,-73.6,286.4,-0.01,0.0,0.0,22.74,43,POSCTL,0,0
2026-08-18T16:56:44,1787047005,13.822195,100.512064,13.7,-0.0,-0.6,-3.2,-73.6,286.4,-0.01,0.0,0.0,22.74,43,POSCTL,0,0
2026-08-18T16:56:45,1787047006,13.822195,100.512064,13.7,-0.0,-0.6,-3.2,-73.6,286.4,-0.01,0.0,0.0,22.74,43,POSCTL,0,0
2026-08-18T16:56:46,1787047007,13.822195,100.512064,13.7,-0.0,-0.6,-3.2,-73.6,286.4,-0.01,0.0,0.0,22.74,43,POSCTL,0,0
2026-08-18T16:56:47,1787047008,13.822195,100.512064,13.7,-0.0,-0.6,-3.2,-73.6,286.4,-0.01,0.0,0.0,22.74,43,POSCTL,0,0
2026-08-18T16:56:48,1787047009,13.822195,100.512064,13.7,-0.0,-0.6,-3.2,-73.6,286.4,-0.01,0.0,0.0,22.74,43,POSCTL,0,0
2026-08-18T16:56:49,1787047010,13.822195,100.512064,13.7,-0.0,-0.6,-3.2,-73.6,286.4,-0.01,0.0,0.0,22.74,43,POSCTL,0,0
2026-08-18T16:56:50,1787047011,13.822195,100.512064,13.7,-0.0,-0.6,-3.2,-73.6,286.4,-0.01,0.0,0.0,22.74,43,POSCTL,0,0
2026-08-18T16:56:51,1787047012,13.822195,100.512064,13.7,-0.0,-0.6,-3.2,-73.6,286.4,-0.01,0.0,0.0,22.74,43,POSCTL,0,0
2026-08-18T16:56:52,1787047013,13.822195,100.512064,13.7,-0.0,-0.6,-3.2,-73.6,286.4,-0.01,0.0,0.0,22.74,43,POSCTL,0,0
2026-08-18T16:56:53,1787047014,13.822193,100.512062,12.9,-0.0,-0.6,-3.2,-73.6,286.4,-0.01,0.02,0.0,22.74,43,POSCTL,0,0
2026-08-18T16:56:54,1787047015,13.822193,100.512062,12.9,-0.0,-0.6,-3.2,-73.6,286.4,-0.01,0.02,0.0,22.74,43,POSCTL,0,0
2026-08-18T16:56:55,1787047016,13.822193,100.512062,12.9,-0.0,-0.6,-3.2,-73.5,286.5,-0.01,0.02,0.0,22.74,43,POSCTL,0,0
2026-08-18T16:56:56,1787047017,13.822193,100.512062,12.9,-0.0,-0.6,-3.2,-73.5,286.5,-0.01,0.02,0.0,22.74,43,POSCTL,0,0
2026-08-18T16:56:57,1787047018,13.822193,100.512063,54.1,-0.0,-0.6,-3.2,-73.5,286.5,-0.04,0.0,0.0,22.74,43,POSCTL,0,0
2026-08-18T16:56:58,1787047019,13.822193,100.512063,54.1,-0.0,-0.6,-3.2,-73.5,286.5,-0.04,0.0,0.0,22.74,43,POSCTL,0,0
2026-08-18T16:56:59,1787047020,13.822193,100.512063,54.1,-0.0,-0.6,-3.2,-73.5,286.5,-0.04,0.0,0.0,22.74,43,POSCTL,0,0
2026-08-18T16:57:00,1787047021,13.822193,100.512063,54.1,-0.0,-0.6,-3.2,-73.5,286.5,-0.04,0.0,0.0,22.74,43,POSCTL,0,0
2026-08-18T16:57:01,1787047022,13.822193,100.512063,54.1,-0.0,-0.6,-3.2,-73.5,286.5,-0.04,0.0,0.0,22.74,43,POSCTL,0,0
2026-08-18T16:57:02,1787047023,13.822193,100.512063,54.1,-0.0,-0.6,-3.2,-73.5,286.5,-0.04,0.0,0.0,22.74,43,POSCTL,0,0
2026-08-18T16:57:03,1787047024,13.822193,100.512063,54.1,-0.0,-0.6,-3.2,-73.5,286.5,-0.04,0.0,0.0,22.74,43,POSCTL,0,0
2026-08-18T16:57:04,1787047025,13.822192,100.512063,54.1,-0.0,-0.6,-3.2,-73.5,286.5,0.0,-0.03,0.0,22.74,43,POSCTL,0,0
2026-08-18T16:57:05,1787047026,13.822193,100.512064,13.6,-0.0,-0.6,-3.2,-73.5,286.5,0.0,-0.03,0.0,22.74,43,POSCTL,0,0
2026-08-18T16:57:06,1787047027,13.822193,100.512064,13.6,-0.0,-0.6,-3.2,-73.5,286.5,0.0,-0.03,0.0,22.74,43,POSCTL,0,0
2026-08-18T16:57:07,1787047028,13.822193,100.512064,13.6,-0.0,-0.6,-3.2,-73.5,286.5,0.0,-0.03,0.0,22.74,43,POSCTL,0,0
2026-08-18T16:57:08,1787047029,13.822193,100.512064,13.6,-0.0,-0.6,-3.2,-73.5,286.5,0.0,-0.03,0.0,22.74,43,POSCTL,0,0
2026-08-18T16:57:09,1787047030,13.822193,100.512064,13.6,-0.0,-0.6,-3.2,-73.5,286.5,0.0,-0.03,0.0,22.74,43,POSCTL,0,0
2026-08-18T16:57:10,1787047031,13.822193,100.512064,13.6,-0.0,-0.6,-3.2,-73.5,286.5,0.0,-0.03,0.0,22.74,43,POSCTL,0,0
2026-08-18T16:57:11,1787047032,13.822193,100.512064,13.6,-0.0,-0.6,-3.2,-73.5,286.5,0.0,-0.03,0.0,22.74,43,POSCTL,0,0
2026-08-18T16:57:12,1787047033,13.822193,100.512064,13.6,-0.0,-0.6,-3.2,-73.5,286.5,0.0,-0.03,0.0,22.74,43,POSCTL,0,0
2026-08-18T16:57:13,1787047034,13.82219,100.512066,15.5,0.0,-0.6,-3.2,-73.5,286.5,-0.01,0.0,0.0,22.74,43,POSCTL,0,0
2026-08-18T16:57:14,1787047035,13.82219,100.512066,15.5,0.0,-0.6,-3.2,-73.5,286.5,-0.01,0.0,0.0,22.74,43,POSCTL,0,0
2026-08-18T16:57:15,1787047036,13.82219,100.512066,15.5,0.0,-0.6,-3.2,-73.5,286.5,-0.01,0.0,0.0,22.74,43,POSCTL,0,0
2026-08-18T16:57:16,1787047037,13.82219,100.512066,15.5,0.0,-0.6,-3.2,-73.5,286.5,-0.01,0.0,0.0,22.74,43,POSCTL,0,0
2026-08-18T16:57:17,1787047038,13.82219,100.512066,54.1,0.0,-0.6,-3.2,-73.5,286.5,-0.01,-0.01,0.0,22.74,43,POSCTL,0,0
2026-08-18T16:57:18,1787047039,13.82219,100.512066,54.1,0.0,-0.6,-3.2,-73.5,286.5,-0.01,-0.01,0.0,22.74,43,POSCTL,0,0
2026-08-18T16:57:19,1787047040,13.82219,100.512066,54.1,0.0,-0.6,-3.2,-73.5,286.5,-0.01,-0.01,0.0,22.74,43,POSCTL,0,0
2026-08-18T16:57:20,1787047041,13.82219,100.512066,54.1,0.0,-0.6,-3.2,-73.5,286.5,-0.01,-0.01,0.0,22.74,43,POSCTL,0,0
2026-08-18T16:57:21,1787047042,13.82219,100.512066,54.1,0.0,-0.6,-3.2,-73.5,286.5,-0.01,-0.01,0.0,22.74,43,POSCTL,0,0
2026-08-18T16:57:22,1787047043,13.822192,100.512052,14.5,0.0,-0.6,-3.2,-73.4,286.6,0.01,-0.05,0.0,22.74,43,POSCTL,0,0
2026-08-18T16:57:23,1787047044,13.822192,100.512052,14.5,0.0,-0.6,-3.2,-73.4,286.6,0.01,-0.05,0.0,22.74,43,POSCTL,0,0
2026-08-18T16:57:24,1787047045,13.822192,100.512052,14.5,0.0,-0.6,-3.2,-73.4,286.6,0.01,-0.05,0.0,22.74,43,POSCTL,0,0
2026-08-18T16:57:25,1787047046,13.822192,100.512052,14.5,0.0,-0.6,-3.2,-73.4,286.6,0.01,-0.05,0.0,22.74,43,POSCTL,0,0
2026-08-18T16:57:26,1787047047,13.822192,100.512052,14.5,0.0,-0.6,-3.2,-73.4,286.6,0.01,-0.05,0.0,22.74,43,POSCTL,0,0
2026-08-18T16:57:27,1787047048,13.822192,100.512052,14.5,0.0,-0.6,-3.2,-73.4,286.6,0.01,-0.05,0.0,22.74,43,POSCTL,0,0
2026-08-18T16:57:28,1787047049,13.822192,100.512052,14.5,0.0,-0.6,-3.2,-73.4,286.6,0.01,-0.05,0.0,22.74,43,POSCTL,0,0
2026-08-18T16:57:29,1787047050,13.822192,100.512052,14.5,0.0,-0.6,-3.2,-73.4,286.6,0.01,-0.05,0.0,22.74,43,POSCTL,0,0
2026-08-18T16:57:30,1787047051,13.822192,100.512052,14.5,0.0,-0.6,-3.2,-73.4,286.6,0.01,-0.05,0.0,22.74,43,POSCTL,0,0
2026-08-18T16:57:31,1787047052,13.822192,100.512052,14.5,0.0,-0.6,-3.2,-73.4,286.6,0.01,-0.05,0.0,22.74,43,POSCTL,0,0
2026-08-18T16:57:32,1787047053,13.822192,100.512052,14.5,0.0,-0.6,-3.2,-73.4,286.6,0.01,-0.05,0.0,22.74,43,POSCTL,0,0
2026-08-18T16:57:33,1787047054,13.822192,100.512052,14.5,0.0,-0.6,-3.1,-73.4,286.6,0.01,-0.05,0.0,22.74,43,POSCTL,0,0
2026-08-18T16:57:34,1787047055,13.822197,100.512043,13.1,0.0,-0.6,-3.1,-73.4,286.6,0.01,-0.05,0.0,22.74,43,POSCTL,0,0
2026-08-18T16:57:35,1787047056,13.822197,100.512043,13.1,0.0,-0.6,-3.1,-73.4,286.6,0.01,-0.05,0.0,22.74,43,POSCTL,0,0
2026-08-18T16:57:36,1787047057,13.822197,100.512043,13.1,0.0,-0.6,-3.1,-73.4,286.6,0.01,-0.05,0.0,22.74,43,POSCTL,0,0
2026-08-18T16:57:37,1787047058,13.822197,100.512043,13.1,0.0,-0.6,-3.1,-73.4,286.6,0.01,-0.05,0.0,22.74,43,POSCTL,0,0
2026-08-18T16:57:38,1787047059,13.822197,100.512043,13.1,0.0,-0.6,-3.1,-73.4,286.6,0.01,-0.05,0.0,22.74,43,POSCTL,0,0
2026-08-18T16:57:39,1787047060,13.822197,100.512043,13.1,0.0,-0.6,-3.1,-73.4,286.6,0.01,-0.05,0.0,22.74,43,POSCTL,0,0
2026-08-18T16:57:40,1787047061,13.822197,100.512043,13.1,0.0,-0.6,-3.1,-73.4,286.6,0.01,-0.05,0.0,22.74,43,POSCTL,0,0
2026-08-18T16:57:41,1787047062,13.822197,100.512043,13.1,0.0,-0.6,-3.1,-73.4,286.6,0.01,-0.05,0.0,22.74,43,POSCTL,0,0
2026-08-18T16:57:42,1787047063,13.822197,100.512043,13.1,0.0,-0.6,-3.1,-73.4,286.6,0.01,-0.05,0.0,22.74,43,POSCTL,0,0
2026-08-18T16:57:43,1787047064,13.822197,100.512043,13.1,0.0,-0.6,-3.1,-73.4,286.6,0.01,-0.05,0.0,22.74,43,POSCTL,0,0
2026-08-18T16:57:44,1787047065,13.822198,100.512045,12.4,0.0,-0.6,-3.1,-73.4,286.6,0.0,0.0,0.0,22.74,43,POSCTL,0,0
2026-08-18T16:57:45,1787047066,13.822198,100.512045,12.4,0.0,-0.6,-3.1,-73.4,286.6,0.0,0.0,0.0,22.74,43,POSCTL,0,0
2026-08-18T16:57:46,1787047067,13.822198,100.512045,12.4,0.0,-0.6,-3.2,-73.4,286.6,0.0,0.0,0.0,22.74,43,POSCTL,0,0
2026-08-18T16:57:47,1787047068,13.822198,100.512045,12.4,0.0,-0.6,-3.2,-73.4,286.6,0.0,0.0,0.0,22.74,43,POSCTL,0,0
2026-08-18T16:57:48,1787047069,13.822197,100.512048,12.3,0.0,-0.6,-3.2,-73.4,286.6,0.0,0.0,0.0,22.74,43,POSCTL,0,0
2026-08-18T16:57:49,1787047070,13.822197,100.512048,12.3,0.0,-0.6,-3.2,-73.4,286.6,0.0,0.0,0.0,22.74,43,POSCTL,0,0
2026-08-18T16:57:50,1787047071,13.822197,100.512048,12.3,0.0,-0.6,-3.2,-73.4,286.6,0.0,0.0,0.0,22.74,43,POSCTL,0,0
2026-08-18T16:57:51,1787047072,13.822197,100.512048,12.3,0.0,-0.6,-3.2,-73.4,286.6,0.0,0.0,0.0,22.74,43,POSCTL,0,0
2026-08-18T16:57:52,1787047073,13.822197,100.512048,12.3,0.0,-0.6,-3.2,-73.4,286.6,0.0,0.0,0.0,22.74,43,POSCTL,0,0
2026-08-18T16:57:53,1787047074,13.822195,100.51205,54.1,0.0,-0.6,-3.2,-73.5,286.5,-0.02,0.04,0.0,22.74,43,POSCTL,0,0
2026-08-18T16:57:54,1787047075,13.822193,100.51205,11.3,0.0,-0.6,-3.2,-73.5,286.5,-0.02,0.04,0.0,22.74,43,POSCTL,0,0
2026-08-18T16:57:55,1787047076,13.822193,100.51205,11.3,0.0,-0.6,-3.2,-73.5,286.5,-0.02,0.04,0.0,22.74,43,POSCTL,0,0
2026-08-18T16:57:56,1787047077,13.822193,100.51205,11.3,0.0,-0.6,-3.3,-73.5,286.5,-0.02,0.04,0.0,22.74,43,POSCTL,0,0
2026-08-18T16:57:57,1787047078,13.822191,100.512049,10.8,0.0,-0.6,-3.3,-73.5,286.5,0.0,-0.02,0.0,22.74,43,POSCTL,0,0
2026-08-18T16:57:58,1787047079,13.822191,100.512049,10.8,0.0,-0.6,-3.3,-73.5,286.5,0.0,-0.02,0.0,22.74,43,POSCTL,0,0
2026-08-18T16:57:59,1787047080,13.822191,100.512049,10.8,0.0,-0.6,-3.3,-73.5,286.5,0.0,-0.02,0.0,22.74,43,POSCTL,0,0
2026-08-18T16:58:00,1787047081,13.822191,100.512049,10.8,0.0,-0.6,-3.3,-73.5,286.5,0.0,-0.02,0.0,22.74,43,POSCTL,0,0
2026-08-18T16:58:01,1787047082,13.822191,100.512049,10.8,0.0,-0.6,-3.3,-73.5,286.5,0.0,-0.02,0.0,22.74,43,POSCTL,0,0
2026-08-18T16:58:02,1787047083,13.822191,100.512049,10.8,0.0,-0.6,-3.2,-73.5,286.5,0.0,-0.02,0.0,22.74,43,POSCTL,0,0
2026-08-18T16:58:03,1787047084,13.822191,100.512049,10.8,0.0,-0.6,-3.2,-73.5,286.5,0.0,-0.02,0.0,22.74,43,POSCTL,0,0
2026-08-18T16:58:04,1787047085,13.822187,100.512043,9.6,-0.0,-0.6,-3.2,-73.5,286.5,0.0,-0.01,0.0,22.74,43,POSCTL,0,0
2026-08-18T16:58:05,1787047086,13.822187,100.512043,9.6,-0.0,-0.6,-3.2,-73.5,286.5,0.0,-0.01,0.0,22.74,43,POSCTL,0,0
2026-08-18T16:58:06,1787047087,13.822187,100.512043,9.6,-0.0,-0.6,-3.2,-73.5,286.5,0.0,-0.01,0.0,22.74,43,POSCTL,0,0
2026-08-18T16:58:07,1787047088,13.822182,100.512041,9.4,0.0,-0.6,-3.2,-73.5,286.5,-0.01,-0.01,0.0,22.74,43,POSCTL,0,0
2026-08-18T16:58:08,1787047089,13.822182,100.512041,9.4,0.0,-0.6,-3.2,-73.5,286.5,-0.01,-0.01,0.0,22.74,43,POSCTL,0,0
2026-08-18T16:58:09,1787047090,13.822182,100.512041,9.4,0.0,-0.6,-3.2,-73.5,286.5,-0.01,-0.01,0.0,22.74,43,POSCTL,0,0
2026-08-18T16:58:10,1787047091,13.822182,100.512041,9.4,0.0,-0.6,-3.2,-73.5,286.5,-0.01,-0.01,0.0,22.74,43,POSCTL,0,0
2026-08-18T16:58:11,1787047092,13.822182,100.512041,9.4,0.0,-0.6,-3.2,-73.5,286.5,-0.01,-0.01,0.0,22.74,43,POSCTL,0,0
2026-08-18T16:58:12,1787047093,13.822177,100.51204,9.8,0.0,-0.6,-3.2,-73.5,286.5,-0.03,-0.01,0.0,22.74,43,POSCTL,0,0
2026-08-18T16:58:13,1787047094,13.822177,100.51204,9.8,0.0,-0.5,-3.1,-73.5,286.5,-0.03,-0.01,0.0,22.74,43,POSCTL,0,0
2026-08-18T16:58:14,1787047095,13.822177,100.51204,9.8,0.0,-0.5,-3.1,-73.5,286.5,-0.03,-0.01,0.0,22.74,43,POSCTL,0,0
2026-08-18T16:58:15,1787047096,13.822174,100.512042,10.4,0.0,-0.5,-3.1,-73.5,286.5,0.0,0.05,0.0,22.74,43,POSCTL,0,0
2026-08-18T16:58:16,1787047097,13.822174,100.512042,10.4,0.0,-0.5,-3.1,-73.5,286.5,0.0,0.05,0.0,22.74,43,POSCTL,0,0
2026-08-18T16:58:17,1787047098,13.822174,100.512042,10.4,0.0,-0.5,-3.2,-73.5,286.5,0.0,0.05,0.0,22.74,43,POSCTL,0,0
2026-08-18T16:58:18,1787047099,13.822174,100.512042,10.4,0.0,-0.5,-3.2,-73.5,286.5,0.0,0.05,0.0,22.74,43,POSCTL,0,0
2026-08-18T16:58:19,1787047100,13.822171,100.512045,11.0,0.0,-0.5,-3.2,-73.5,286.5,0.0,0.05,0.0,22.74,43,POSCTL,0,0
2026-08-18T16:58:20,1787047101,13.822171,100.512045,11.0,0.0,-0.5,-3.2,-73.5,286.5,0.0,0.05,0.0,22.74,43,POSCTL,0,0
2026-08-18T16:58:21,1787047102,13.822171,100.512045,11.0,0.0,-0.5,-3.2,-73.5,286.5,0.0,0.05,0.0,22.74,43,POSCTL,0,0
2026-08-18T16:58:22,1787047103,13.822171,100.512045,11.0,0.0,-0.5,-3.2,-73.5,286.5,0.0,0.05,0.0,22.74,43,POSCTL,0,0
2026-08-18T16:58:23,1787047104,13.822171,100.512045,11.0,0.0,-0.5,-3.3,-73.5,286.5,0.0,0.05,0.0,22.74,43,POSCTL,0,0
2026-08-18T16:58:24,1787047105,13.822171,100.512045,11.0,0.0,-0.5,-3.3,-73.5,286.5,0.0,0.05,0.0,22.74,43,POSCTL,0,0
2026-08-18T16:58:25,1787047106,13.822171,100.512045,11.0,0.0,-0.5,-3.3,-73.5,286.5,0.0,0.05,0.0,22.74,43,POSCTL,0,0
2026-08-18T16:58:26,1787047107,13.82217,100.512048,54.1,0.0,-0.5,-3.3,-73.5,286.5,0.01,0.01,0.0,22.74,43,POSCTL,0,0
2026-08-18T16:58:27,1787047108,13.82217,100.512049,11.8,0.0,-0.5,-3.3,-73.5,286.5,0.01,0.01,0.0,22.74,43,POSCTL,0,0
2026-08-18T16:58:28,1787047109,13.82217,100.512049,11.8,0.0,-0.6,-3.3,-73.5,286.5,0.01,0.01,0.0,22.74,43,POSCTL,0,0
2026-08-18T16:58:29,1787047110,13.822171,100.512048,54.1,-0.0,-0.6,-3.3,-73.5,286.5,0.02,-0.02,0.0,22.74,43,POSCTL,0,0
2026-08-18T16:58:30,1787047111,13.822171,100.512048,11.5,-0.0,-0.6,-3.3,-73.5,286.5,0.02,-0.02,0.0,22.74,43,POSCTL,0,0
2026-08-18T16:58:31,1787047112,13.822171,100.512048,11.5,-0.0,-0.6,-3.3,-73.5,286.5,0.02,-0.02,0.0,22.74,43,POSCTL,0,0
2026-08-18T16:58:32,1787047113,13.822171,100.512048,11.5,-0.0,-0.6,-3.3,-73.5,286.5,0.02,-0.02,0.0,22.74,43,POSCTL,0,0
2026-08-18T16:58:33,1787047114,13.822171,100.512048,11.5,-0.0,-0.6,-3.3,-73.5,286.5,0.02,-0.02,0.0,22.74,43,POSCTL,0,0
2026-08-18T16:58:34,1787047115,13.822171,100.512048,11.5,-0.0,-0.6,-3.3,-73.5,286.5,0.02,-0.02,0.0,22.74,43,POSCTL,0,0
2026-08-18T16:58:35,1787047116,13.822171,100.512048,11.5,-0.0,-0.6,-3.3,-73.5,286.5,0.02,-0.02,0.0,22.74,43,POSCTL,0,0
2026-08-18T16:58:36,1787047117,13.822171,100.512048,11.5,-0.0,-0.6,-3.2,-73.5,286.5,0.02,-0.02,0.0,22.74,43,POSCTL,0,0
2026-08-18T16:58:37,1787047118,13.822171,100.512048,11.5,-0.0,-0.6,-3.2,-73.5,286.5,0.02,-0.02,0.0,22.74,43,POSCTL,0,0
2026-08-18T16:58:38,1787047119,13.822176,100.512051,10.5,-0.0,-0.6,-3.2,-73.5,286.5,0.0,0.02,0.0,22.74,43,POSCTL,0,0
2026-08-18T16:58:39,1787047120,13.822176,100.512051,10.5,-0.0,-0.6,-3.2,-73.5,286.5,0.0,0.02,0.0,22.74,43,POSCTL,0,0
2026-08-18T16:58:40,1787047121,13.822176,100.512051,10.5,-0.0,-0.6,-3.2,-73.5,286.5,0.0,0.02,0.0,22.74,43,POSCTL,0,0
2026-08-18T16:58:41,1787047122,13.822176,100.512051,10.5,-0.0,-0.6,-3.2,-73.5,286.5,0.0,0.02,0.0,22.74,43,POSCTL,0,0
2026-08-18T16:58:42,1787047123,13.82218,100.512056,10.6,-0.0,-0.6,-3.2,-73.5,286.5,0.03,0.04,0.0,22.74,43,POSCTL,0,0
2026-08-18T16:58:43,1787047124,13.82218,100.512056,10.6,-0.0,-0.7,-3.2,-73.6,286.4,0.03,0.04,0.0,22.74,43,POSCTL,0,0
2026-08-18T16:58:44,1787047125,13.82218,100.512056,10.6,-0.0,-0.7,-3.2,-73.6,286.4,0.03,0.04,0.0,22.74,43,POSCTL,0,0
2026-08-18T16:58:45,1787047126,13.82218,100.512056,10.6,-0.0,-0.7,-3.2,-73.6,286.4,0.03,0.04,0.0,22.74,43,POSCTL,0,0
2026-08-18T16:58:46,1787047127,13.82218,100.512056,10.6,-0.0,-0.7,-3.2,-73.6,286.4,0.03,0.04,0.0,22.74,43,POSCTL,0,0
2026-08-18T16:58:47,1787047128,13.82218,100.512056,10.6,-0.0,-0.7,-3.2,-73.6,286.4,0.03,0.04,0.0,22.74,43,POSCTL,0,0
2026-08-18T16:58:48,1787047129,13.82218,100.512056,10.6,-0.0,-0.7,-3.2,-73.6,286.4,0.03,0.04,0.0,22.74,43,POSCTL,0,0
2026-08-18T16:58:49,1787047130,13.822182,100.512063,54.1,-0.0,-0.7,-3.2,-73.6,286.4,0.0,0.03,0.0,22.74,43,POSCTL,0,0
2026-08-18T16:58:50,1787047131,13.822184,100.512069,11.4,-0.0,-0.7,-3.2,-73.6,286.4,0.0,0.03,0.0,22.74,43,POSCTL,0,0
2026-08-18T16:58:51,1787047132,13.822184,100.512069,11.4,-0.0,-0.7,-3.3,-73.6,286.4,0.0,0.03,0.0,22.74,43,POSCTL,0,0
2026-08-18T16:58:52,1787047133,13.822184,100.512069,11.4,-0.0,-0.7,-3.3,-73.6,286.4,0.0,0.03,0.0,22.74,43,POSCTL,0,0
2026-08-18T16:58:53,1787047134,13.822184,100.512069,11.4,-0.0,-0.7,-3.3,-73.6,286.4,0.0,0.03,0.0,22.74,43,POSCTL,0,0
2026-08-18T16:58:54,1787047135,13.822184,100.512069,11.4,-0.0,-0.7,-3.3,-73.6,286.4,0.0,0.03,0.0,22.74,43,POSCTL,0,0
2026-08-18T16:58:55,1787047136,13.822184,100.512069,11.4,-0.0,-0.7,-3.3,-73.6,286.4,0.0,0.03,0.0,22.74,43,POSCTL,0,0
2026-08-18T16:58:56,1787047137,13.822184,100.512069,11.4,-0.0,-0.7,-3.3,-73.6,286.4,0.0,0.03,0.0,22.74,43,POSCTL,0,0
2026-08-18T16:58:57,1787047138,13.822184,100.512069,11.4,-0.0,-0.7,-3.3,-73.6,286.4,0.0,0.03,0.0,22.74,43,POSCTL,0,0
2026-08-18T16:58:58,1787047139,13.822184,100.512076,12.3,0.0,-0.7,-3.3,-73.6,286.4,0.0,0.0,0.0,22.74,43,POSCTL,0,0
2026-08-18T16:58:59,1787047140,13.822184,100.512076,12.3,0.0,-0.7,-3.3,-73.6,286.4,0.0,0.0,0.0,22.74,43,POSCTL,0,0
2026-08-18T16:59:00,1787047141,13.822184,100.512076,12.3,0.0,-0.7,-3.3,-73.6,286.4,0.0,0.0,0.0,22.74,43,POSCTL,0,0
2026-08-18T16:59:01,1787047142,13.822184,100.512076,12.3,0.0,-0.7,-3.3,-73.6,286.4,0.0,0.0,0.0,22.74,43,POSCTL,0,0
2026-08-18T16:59:02,1787047143,13.822184,100.51208,12.7,-0.0,-0.7,-3.3,-73.6,286.4,0.0,0.0,0.0,22.74,43,POSCTL,0,0
2026-08-18T16:59:03,1787047144,13.822184,100.51208,12.7,-0.0,-0.6,-3.3,-73.6,286.4,0.0,0.0,0.0,22.74,43,POSCTL,0,0
2026-08-18T16:59:04,1787047145,13.822184,100.51208,12.7,-0.0,-0.6,-3.3,-73.6,286.4,0.0,0.0,0.0,22.74,43,POSCTL,0,0
2026-08-18T16:59:05,1787047146,13.822184,100.51208,12.7,-0.0,-0.6,-3.3,-73.6,286.4,0.0,0.0,0.0,22.74,43,POSCTL,0,0
2026-08-18T16:59:06,1787047147,13.822184,100.51208,12.7,-0.0,-0.6,-3.3,-73.6,286.4,0.0,0.0,0.0,22.74,43,POSCTL,0,0
2026-08-18T16:59:07,1787047148,13.822184,100.512084,13.8,0.0,-0.6,-3.3,-73.6,286.4,-0.03,-0.01,0.0,22.74,43,POSCTL,0,0
2026-08-18T16:59:08,1787047149,13.822184,100.512084,13.8,0.0,-0.7,-3.3,-73.6,286.4,-0.03,-0.01,0.0,22.74,43,POSCTL,0,0
2026-08-18T16:59:09,1787047150,13.822184,100.512084,13.8,0.0,-0.7,-3.3,-73.6,286.4,-0.03,-0.01,0.0,22.74,43,POSCTL,0,0
2026-08-18T16:59:10,1787047151,13.822184,100.512084,13.8,0.0,-0.7,-3.3,-73.6,286.4,-0.03,-0.01,0.0,22.74,43,POSCTL,0,0
2026-08-18T16:59:11,1787047152,13.822182,100.512084,54.1,-0.0,-0.6,-3.2,-73.6,286.4,-0.02,0.01,0.0,22.74,43,POSCTL,0,0
2026-08-18T16:59:12,1787047153,13.82218,100.512089,14.6,-0.0,-0.6,-3.2,-73.6,286.4,-0.02,0.01,0.0,22.74,43,POSCTL,0,0
2026-08-18T16:59:13,1787047154,13.82218,100.512089,14.6,-0.0,-0.6,-3.2,-73.6,286.4,-0.02,0.01,0.0,22.74,43,POSCTL,0,0
2026-08-18T16:59:14,1787047155,13.82218,100.512089,14.6,-0.0,-0.6,-3.2,-73.6,286.4,-0.02,0.01,0.0,22.74,43,POSCTL,0,0
2026-08-18T16:59:15,1787047156,13.82218,100.512089,14.6,-0.0,-0.6,-3.2,-73.6,286.4,-0.02,0.01,0.0,22.74,43,POSCTL,0,0
