iso,unix,lat,lon,alt_msl,rel_alt,roll,pitch,yaw,heading,vx,vy,vz,vbatt,batt_pct,mode,armed,in_air
2026-08-13T23:35:55,1786638955,13.822495,100.512271,15.8,-0.09,1.6,-0.0,102.5,102.5,-0.01,0.0,-0.01,16.2,100,AUTO.LOITER,0,0
2026-08-13T23:35:56,1786638956,13.822495,100.512271,15.8,-0.09,1.6,-0.0,102.5,102.5,-0.01,0.0,0.0,16.2,100,AUTO.LOITER,0,0
2026-08-13T23:35:57,1786638957,13.822495,100.512271,15.8,-0.1,1.6,-0.0,102.5,102.5,-0.02,0.0,0.0,16.2,100,AUTO.LOITER,0,0
2026-08-13T23:35:58,1786638958,13.822495,100.512271,15.8,-0.1,1.6,-0.0,102.5,102.5,-0.02,0.0,0.0,16.2,100,AUTO.LOITER,0,0
2026-08-13T23:35:59,1786638959,13.822495,100.512271,15.4,-0.1,1.5,-0.0,102.5,102.5,-0.02,0.0,0.0,16.2,100,AUTO.LOITER,0,0
2026-08-13T23:36:00,1786638960,13.822495,100.512271,15.8,-0.1,1.5,-0.0,102.5,102.5,0.0,-0.01,0.0,16.2,100,AUTO.LOITER,0,0
2026-08-13T23:36:01,1786638961,13.822496,100.512271,15.8,-0.11,1.5,-0.0,102.5,102.5,0.02,-0.01,0.01,16.2,100,AUTO.LOITER,0,0
2026-08-13T23:36:02,1786638962,13.822496,100.512271,15.4,-0.11,1.6,-0.0,102.5,102.5,0.02,-0.01,0.01,16.2,100,AUTO.LOITER,0,0
2026-08-13T23:36:03,1786638963,13.822496,100.512271,15.8,-0.11,1.6,-0.0,102.5,102.5,0.02,-0.01,0.01,16.2,100,AUTO.LOITER,0,0
2026-08-13T23:36:04,1786638964,13.822496,100.512271,15.8,-0.11,1.6,-0.1,102.5,102.5,0.03,-0.01,0.01,16.2,100,AUTO.LOITER,0,0
2026-08-13T23:36:05,1786638965,13.822496,100.512271,15.8,-0.11,1.6,-0.1,102.5,102.5,0.02,-0.01,0.01,16.2,100,AUTO.LOITER,0,0
2026-08-13T23:36:06,1786638966,13.822495,100.512271,15.8,-0.12,1.6,-0.1,102.5,102.5,0.01,-0.01,0.02,16.2,100,AUTO.LOITER,0,0
2026-08-13T23:36:07,1786638967,13.822496,100.512271,15.8,-0.12,1.7,-0.1,102.5,102.5,0.02,0.0,0.02,16.2,100,AUTO.LOITER,0,0
2026-08-13T23:36:08,1786638968,13.822496,100.512271,15.8,-0.13,1.7,-0.1,102.5,102.5,0.01,-0.03,0.03,16.2,100,AUTO.LOITER,0,0
2026-08-13T23:36:09,1786638969,13.822496,100.512271,15.8,-0.13,1.7,-0.2,102.5,102.5,0.0,-0.01,0.03,16.2,100,AUTO.LOITER,0,0
2026-08-13T23:36:10,1786638970,13.822496,100.512271,15.8,-0.12,1.7,-0.2,102.5,102.5,-0.03,0.0,0.02,16.2,100,AUTO.LOITER,0,0
2026-08-13T23:36:11,1786638971,13.822495,100.512271,15.4,-0.12,1.7,-0.2,102.5,102.5,-0.03,0.0,0.02,16.2,100,AUTO.LOITER,0,0
2026-08-13T23:36:12,1786638972,13.822495,100.512271,15.8,-0.12,1.7,-0.2,102.5,102.5,-0.03,0.0,0.02,16.2,100,AUTO.LOITER,0,0
2026-08-13T23:36:13,1786638973,13.822495,100.512271,15.8,-0.12,1.7,-0.3,102.5,102.5,-0.03,0.0,0.02,16.2,100,AUTO.LOITER,0,0
2026-08-13T23:36:14,1786638974,13.822496,100.512271,15.8,-0.11,1.7,-0.3,102.5,102.5,-0.01,0.0,0.01,16.2,100,AUTO.LOITER,0,0
2026-08-13T23:36:15,1786638975,13.822496,100.512271,15.8,-0.11,1.7,-0.3,102.5,102.5,0.0,0.0,0.0,16.2,100,AUTO.LOITER,0,0
2026-08-13T23:36:16,1786638976,13.822496,100.512271,15.8,-0.1,1.7,-0.3,102.5,102.5,0.0,0.0,-0.01,16.2,100,AUTO.LOITER,0,0
2026-08-13T23:36:17,1786638977,13.822496,100.512271,15.8,-0.08,1.7,-0.3,102.5,102.5,0.0,-0.02,-0.02,16.2,100,AUTO.LOITER,0,0
2026-08-13T23:36:18,1786638978,13.822496,100.512271,15.4,-0.08,1.7,-0.3,102.5,102.5,0.0,-0.02,-0.02,16.2,100,AUTO.LOITER,0,0
2026-08-13T23:36:19,1786638979,13.822496,100.512271,15.4,-0.08,1.7,-0.3,102.5,102.5,0.0,-0.02,-0.02,16.2,100,AUTO.LOITER,0,0
2026-08-13T23:36:20,1786638980,13.822496,100.512271,15.8,-0.08,1.7,-0.3,102.5,102.5,0.0,-0.01,-0.02,16.2,100,AUTO.LOITER,0,0
2026-08-13T23:36:21,1786638981,13.822495,100.512271,15.8,-0.08,1.7,-0.3,102.5,102.5,-0.01,0.0,-0.01,16.2,100,AUTO.LOITER,0,0
2026-08-13T23:36:22,1786638982,13.822495,100.512271,15.8,-0.09,1.7,-0.3,102.5,102.5,-0.01,0.0,-0.01,16.2,100,AUTO.LOITER,0,0
2026-08-13T23:36:23,1786638983,13.822495,100.512271,15.8,-0.09,1.7,-0.3,102.5,102.5,0.0,0.01,-0.01,16.2,100,AUTO.LOITER,0,0
2026-08-13T23:36:24,1786638984,13.822495,100.512271,15.8,-0.08,1.7,-0.3,102.5,102.5,0.0,0.0,-0.03,16.2,100,AUTO.LOITER,0,0
2026-08-13T23:36:25,1786638985,13.822496,100.512271,15.8,-0.07,1.7,-0.3,102.5,102.5,0.0,0.0,-0.03,16.2,100,AUTO.LOITER,0,0
2026-08-13T23:36:26,1786638986,13.822495,100.512271,15.8,-0.07,1.7,-0.3,102.5,102.5,-0.01,0.0,-0.04,16.2,100,AUTO.LOITER,0,0
2026-08-13T23:36:27,1786638987,13.822495,100.512271,15.8,-0.06,1.7,-0.3,102.5,102.5,-0.01,0.01,-0.04,16.2,100,AUTO.LOITER,0,0
2026-08-13T23:36:28,1786638988,13.822495,100.512271,15.4,-0.06,1.7,-0.3,102.5,102.5,-0.01,0.01,-0.04,16.2,100,AUTO.LOITER,0,0
2026-08-13T23:36:29,1786638989,13.822495,100.512271,15.4,-0.06,1.7,-0.3,102.5,102.5,-0.01,0.01,-0.04,16.2,100,AUTO.LOITER,0,0
2026-08-13T23:36:30,1786638990,13.822495,100.512271,15.8,-0.06,1.7,-0.3,102.5,102.5,0.0,-0.01,-0.05,16.2,100,AUTO.LOITER,0,0
2026-08-13T23:36:31,1786638991,13.822495,100.512271,15.8,-0.06,1.7,-0.3,102.5,102.5,0.0,0.0,-0.04,16.2,100,AUTO.LOITER,0,0
2026-08-13T23:36:32,1786638992,13.822495,100.512271,15.8,-0.07,1.7,-0.3,102.5,102.5,0.0,0.0,-0.04,16.2,100,AUTO.LOITER,0,0
2026-08-13T23:36:33,1786638993,13.822496,100.512271,15.8,-0.07,1.7,-0.3,102.5,102.5,0.01,0.0,-0.04,16.2,100,AUTO.LOITER,0,0
2026-08-13T23:36:34,1786638994,13.822495,100.512271,15.8,-0.06,1.7,-0.3,102.5,102.5,0.0,0.0,-0.04,16.2,100,AUTO.LOITER,0,0
2026-08-13T23:36:35,1786638995,13.822496,100.512271,15.8,-0.06,1.7,-0.3,102.5,102.5,0.01,-0.01,-0.04,16.2,100,AUTO.LOITER,0,0
2026-08-13T23:36:36,1786638996,13.822495,100.512271,15.8,-0.06,1.8,-0.3,102.5,102.5,0.0,-0.02,-0.04,16.2,100,AUTO.LOITER,0,0
2026-08-13T23:36:37,1786638997,13.822495,100.512271,15.8,-0.06,1.8,-0.3,102.5,102.5,0.0,0.0,-0.05,16.2,100,AUTO.LOITER,0,0
2026-08-13T23:36:38,1786638998,13.822496,100.512271,15.4,-0.06,1.8,-0.3,102.5,102.5,0.0,0.0,-0.05,16.2,100,AUTO.LOITER,0,0
2026-08-13T23:36:39,1786638999,13.822495,100.512271,15.4,-0.06,1.7,-0.3,102.5,102.5,0.0,0.0,-0.05,16.2,100,AUTO.LOITER,0,0
2026-08-13T23:36:40,1786639000,13.822496,100.512271,15.8,-0.05,1.8,-0.3,102.5,102.5,0.0,0.0,-0.06,16.2,100,AUTO.LOITER,0,0
2026-08-13T23:36:41,1786639001,13.822496,100.512271,15.8,-0.04,1.8,-0.3,102.5,102.5,0.0,0.0,-0.08,16.2,100,AUTO.LOITER,0,0
2026-08-13T23:36:42,1786639002,13.822495,100.512271,15.8,-0.03,1.8,-0.3,102.5,102.5,0.0,0.01,-0.09,16.2,100,AUTO.LOITER,0,0
2026-08-13T23:36:43,1786639003,13.822495,100.512271,15.9,-0.02,1.8,-0.3,102.5,102.5,-0.01,0.0,-0.09,16.2,100,AUTO.LOITER,0,0
2026-08-13T23:36:44,1786639004,13.822495,100.512271,15.9,-0.02,1.8,-0.3,102.5,102.5,0.0,0.0,-0.09,16.2,100,AUTO.LOITER,0,0
2026-08-13T23:36:45,1786639005,13.822495,100.512271,15.9,-0.02,1.7,-0.3,102.5,102.5,0.0,0.0,-0.09,16.2,100,AUTO.LOITER,0,0
2026-08-13T23:36:46,1786639006,13.822495,100.512271,15.9,-0.02,1.7,-0.3,102.5,102.5,-0.02,0.0,-0.09,16.2,100,AUTO.LOITER,0,0
2026-08-13T23:36:47,1786639007,13.822495,100.512271,15.9,-0.03,1.7,-0.3,102.5,102.5,-0.02,0.0,-0.09,16.2,100,AUTO.LOITER,0,0
2026-08-13T23:36:48,1786639008,13.822496,100.512271,15.4,-0.03,1.7,-0.3,102.5,102.5,-0.02,0.0,-0.09,16.2,100,AUTO.LOITER,0,0
2026-08-13T23:36:49,1786639009,13.822496,100.512271,15.4,-0.03,1.7,-0.3,102.5,102.5,-0.02,0.0,-0.09,16.2,100,AUTO.LOITER,0,0
2026-08-13T23:36:50,1786639010,13.822495,100.512271,15.9,-0.02,1.7,-0.3,102.5,102.5,0.0,0.0,-0.1,16.2,100,AUTO.LOITER,0,0
2026-08-13T23:36:51,1786639011,13.822495,100.512271,15.9,-0.01,1.7,-0.2,102.5,102.5,0.0,0.0,-0.1,16.2,100,AUTO.LOITER,0,0
2026-08-13T23:36:52,1786639012,13.822495,100.512271,15.9,-0.01,1.6,-0.2,102.5,102.5,0.0,0.01,-0.1,16.2,100,AUTO.LOITER,0,0
2026-08-13T23:36:53,1786639013,13.822496,100.512271,15.9,-0.02,1.6,-0.2,102.5,102.5,0.0,0.0,-0.08,16.2,100,AUTO.LOITER,0,0
2026-08-13T23:36:54,1786639014,13.822496,100.512271,15.8,-0.03,1.6,-0.2,102.5,102.5,0.01,0.01,-0.07,16.2,100,AUTO.LOITER,0,0
2026-08-13T23:36:55,1786639015,13.822496,100.512271,15.8,-0.04,1.6,-0.2,102.5,102.5,0.03,0.01,-0.06,16.2,100,AUTO.LOITER,0,0
2026-08-13T23:36:56,1786639016,13.822496,100.512271,15.8,-0.05,1.6,-0.2,102.5,102.5,0.02,0.0,-0.06,16.2,100,AUTO.LOITER,0,0
2026-08-13T23:36:57,1786639017,13.822496,100.512271,15.8,-0.05,1.6,-0.2,102.5,102.5,0.03,0.0,-0.06,16.2,100,AUTO.LOITER,0,0
2026-08-13T23:36:58,1786639018,13.822496,100.512271,15.8,-0.04,1.7,-0.3,102.5,102.5,0.02,0.02,-0.07,16.2,100,AUTO.LOITER,0,0
2026-08-13T23:36:59,1786639019,13.822496,100.512271,15.8,-0.04,1.7,-0.3,102.5,102.5,0.02,0.02,-0.07,16.2,100,AUTO.LOITER,0,0
2026-08-13T23:37:00,1786639020,13.822496,100.512271,15.8,-0.04,1.7,-0.3,102.5,102.5,0.01,0.03,-0.07,16.2,100,AUTO.LOITER,0,0
2026-08-13T23:37:01,1786639021,13.822496,100.512271,15.8,-0.04,1.7,-0.2,102.5,102.5,0.01,0.02,-0.07,16.2,100,AUTO.LOITER,0,0
2026-08-13T23:37:02,1786639022,13.822496,100.512271,15.8,-0.04,1.7,-0.2,102.5,102.5,0.01,0.01,-0.07,16.2,100,AUTO.LOITER,0,0
2026-08-13T23:37:03,1786639023,13.822495,100.512271,15.4,-0.04,1.7,-0.2,102.4,102.4,0.01,0.01,-0.07,16.2,100,AUTO.LOITER,0,0
2026-08-13T23:37:04,1786639024,13.822496,100.512271,15.8,-0.04,1.7,-0.2,102.4,102.4,0.0,-0.01,-0.08,16.2,100,AUTO.LOITER,0,0
2026-08-13T23:37:05,1786639025,13.822495,100.512271,15.8,-0.03,1.7,-0.3,102.4,102.4,-0.01,-0.01,-0.09,16.2,100,AUTO.LOITER,0,0
2026-08-13T23:37:06,1786639026,13.822495,100.512271,15.9,-0.02,1.8,-0.3,102.4,102.4,0.0,0.0,-0.09,16.2,100,AUTO.LOITER,0,0
2026-08-13T23:37:07,1786639027,13.822496,100.512271,15.3,-0.02,1.7,-0.3,102.4,102.4,0.0,0.0,-0.09,16.2,100,AUTO.LOITER,0,0
2026-08-13T23:37:08,1786639028,13.822495,100.51227,15.9,-0.02,1.7,-0.3,102.4,102.4,0.0,-0.01,-0.09,16.2,100,AUTO.LOITER,0,0
2026-08-13T23:37:09,1786639029,13.822496,100.512271,15.9,-0.02,1.7,-0.3,102.4,102.4,0.0,0.0,-0.09,16.2,100,AUTO.LOITER,0,0
2026-08-13T23:37:10,1786639030,13.822496,100.512271,15.9,-0.03,1.7,-0.3,102.4,102.4,0.0,0.02,-0.08,16.2,100,AUTO.LOITER,0,0
2026-08-13T23:37:11,1786639031,13.822496,100.512271,15.9,-0.03,1.7,-0.3,102.4,102.4,0.0,0.0,-0.08,16.2,100,AUTO.LOITER,0,0
2026-08-13T23:37:12,1786639032,13.822496,100.512271,15.4,-0.03,1.7,-0.3,102.4,102.4,0.0,0.0,-0.08,16.2,100,AUTO.LOITER,0,0
2026-08-13T23:37:13,1786639033,13.822495,100.512271,15.9,-0.03,1.7,-0.3,102.4,102.4,-0.01,0.0,-0.09,16.2,100,AUTO.LOITER,0,0
2026-08-13T23:37:14,1786639034,13.822495,100.512271,15.8,-0.03,1.7,-0.3,102.4,102.4,0.0,0.01,-0.08,16.2,100,AUTO.LOITER,0,0
2026-08-13T23:37:15,1786639035,13.822496,100.512271,15.8,-0.03,1.6,-0.3,102.4,102.4,0.01,0.0,-0.07,16.2,100,AUTO.LOITER,0,0
2026-08-13T23:37:16,1786639036,13.822496,100.512271,15.8,-0.03,1.7,-0.3,102.4,102.4,0.01,0.0,-0.08,16.2,100,AUTO.LOITER,0,0
2026-08-13T23:37:17,1786639037,13.822496,100.512271,15.4,-0.03,1.7,-0.3,102.4,102.4,0.01,0.0,-0.08,16.2,100,AUTO.LOITER,0,0
2026-08-13T23:37:18,1786639038,13.822496,100.512271,15.8,-0.03,1.7,-0.3,102.4,102.4,0.0,0.0,-0.08,16.2,100,AUTO.LOITER,0,0
2026-08-13T23:37:19,1786639039,13.822496,100.512271,15.8,-0.03,1.7,-0.3,102.4,102.4,0.0,-0.01,-0.08,16.2,100,AUTO.LOITER,0,0
2026-08-13T23:37:20,1786639040,13.822496,100.512271,15.8,-0.04,1.7,-0.4,102.4,102.4,0.0,0.0,-0.07,16.2,100,AUTO.LOITER,0,0
2026-08-13T23:37:21,1786639041,13.822496,100.512271,15.4,-0.04,1.6,-0.4,102.4,102.4,0.0,0.0,-0.07,16.2,100,AUTO.LOITER,0,0
2026-08-13T23:37:22,1786639042,13.822496,100.512271,15.4,-0.04,1.6,-0.4,102.4,102.4,0.0,0.0,-0.07,16.2,100,AUTO.LOITER,0,0
2026-08-13T23:37:23,1786639043,13.822496,100.512271,15.8,-0.04,1.6,-0.4,102.4,102.4,0.01,0.02,-0.08,16.2,100,AUTO.LOITER,0,0
2026-08-13T23:37:24,1786639044,13.822496,100.512271,15.9,-0.03,1.7,-0.3,102.4,102.4,0.01,0.03,-0.09,16.2,100,AUTO.LOITER,0,0
2026-08-13T23:37:25,1786639045,13.822496,100.512271,15.9,-0.02,1.7,-0.3,102.4,102.4,0.01,0.02,-0.09,16.2,100,AUTO.LOITER,0,0
2026-08-13T23:37:26,1786639046,13.822496,100.512271,15.9,-0.03,1.7,-0.2,102.4,102.4,0.0,0.02,-0.08,16.2,100,AUTO.LOITER,0,0
2026-08-13T23:37:27,1786639047,13.822496,100.512271,15.8,-0.04,1.7,-0.2,102.4,102.4,0.0,0.02,-0.06,16.2,100,AUTO.LOITER,0,0
2026-08-13T23:37:28,1786639048,13.822496,100.512271,15.3,-0.04,1.7,-0.2,102.4,102.4,0.0,0.02,-0.06,16.2,100,AUTO.LOITER,0,0
2026-08-13T23:37:29,1786639049,13.822495,100.512271,15.8,-0.05,1.7,-0.1,102.4,102.4,0.0,0.0,-0.05,16.2,100,AUTO.LOITER,0,0
2026-08-13T23:37:30,1786639050,13.822496,100.512271,15.8,-0.06,1.7,-0.1,102.4,102.4,0.0,-0.01,-0.04,16.2,100,AUTO.LOITER,0,0
2026-08-13T23:37:31,1786639051,13.822496,100.512271,15.8,-0.07,1.7,-0.1,102.4,102.4,0.01,0.0,-0.03,16.2,100,AUTO.LOITER,0,0
2026-08-13T23:37:32,1786639052,13.822495,100.512271,15.8,-0.07,1.7,-0.1,102.4,102.4,0.0,0.0,-0.03,16.2,100,AUTO.LOITER,0,0
2026-08-13T23:37:33,1786639053,13.822496,100.512271,15.8,-0.07,1.7,-0.1,102.4,102.4,0.01,-0.01,-0.02,16.2,100,AUTO.LOITER,0,0
2026-08-13T23:37:34,1786639054,13.822496,100.512271,15.8,-0.07,1.7,-0.1,102.4,102.4,0.01,-0.02,-0.02,16.2,100,AUTO.LOITER,0,0
2026-08-13T23:37:35,1786639055,13.822496,100.512271,15.8,-0.07,1.7,-0.1,102.4,102.4,0.01,-0.03,-0.03,16.2,100,AUTO.LOITER,0,0
2026-08-13T23:37:36,1786639056,13.822496,100.512271,15.8,-0.07,1.7,-0.1,102.4,102.4,0.01,-0.03,-0.03,16.2,100,AUTO.LOITER,0,0
2026-08-13T23:37:37,1786639057,13.822495,100.512271,15.4,-0.07,1.7,-0.1,102.4,102.4,0.01,-0.03,-0.03,16.2,100,AUTO.LOITER,0,0
2026-08-13T23:37:38,1786639058,13.822496,100.512271,15.8,-0.07,1.7,-0.2,102.3,102.3,0.0,-0.01,-0.02,16.2,100,AUTO.LOITER,0,0
2026-08-13T23:37:39,1786639059,13.822496,100.512271,15.8,-0.07,1.7,-0.2,102.3,102.3,-0.01,0.0,-0.02,16.2,100,AUTO.LOITER,0,0
2026-08-13T23:37:40,1786639060,13.822495,100.512271,15.8,-0.08,1.7,-0.2,102.3,102.3,-0.03,0.01,-0.01,16.2,100,AUTO.LOITER,0,0
2026-08-13T23:37:41,1786639061,13.822495,100.512271,15.8,-0.09,1.6,-0.2,102.3,102.3,-0.03,0.02,0.0,16.2,100,AUTO.LOITER,0,0
2026-08-13T23:37:42,1786639062,13.822496,100.512271,15.4,-0.09,1.6,-0.1,102.3,102.3,-0.03,0.02,0.0,16.2,100,AUTO.LOITER,0,0
2026-08-13T23:37:43,1786639063,13.822495,100.512271,15.8,-0.11,1.6,-0.1,102.3,102.3,-0.01,0.01,0.02,16.2,100,AUTO.LOITER,0,0
2026-08-13T23:37:44,1786639064,13.822496,100.512271,15.8,-0.12,1.6,-0.1,102.3,102.3,0.0,0.01,0.02,16.2,100,AUTO.LOITER,0,0
2026-08-13T23:37:45,1786639065,13.822496,100.512271,15.8,-0.12,1.6,-0.1,102.3,102.3,0.01,0.0,0.03,16.2,100,AUTO.LOITER,0,0
2026-08-13T23:37:46,1786639066,13.822496,100.512271,15.8,-0.12,1.6,0.0,102.3,102.3,0.02,0.0,0.02,16.2,100,AUTO.LOITER,0,0
2026-08-13T23:37:47,1786639067,13.822496,100.512271,15.8,-0.11,1.6,0.0,102.3,102.3,0.01,0.0,0.01,16.2,100,AUTO.LOITER,0,0
2026-08-13T23:37:48,1786639068,13.822495,100.512271,15.4,-0.11,1.6,0.0,102.3,102.3,0.01,0.0,0.01,16.2,100,AUTO.LOITER,0,0
2026-08-13T23:37:49,1786639069,13.822495,100.512271,15.4,-0.11,1.6,0.1,102.3,102.3,0.0,-0.01,0.01,16.2,100,AUTO.LOITER,0,0
2026-08-13T23:37:50,1786639070,13.822496,100.512271,15.8,-0.11,1.6,0.1,102.3,102.3,0.0,0.0,0.0,16.2,100,AUTO.LOITER,0,0
2026-08-13T23:37:51,1786639071,13.822495,100.512271,15.8,-0.1,1.6,0.1,102.3,102.3,0.0,0.0,0.0,16.2,100,AUTO.LOITER,0,0
2026-08-13T23:37:52,1786639072,13.822495,100.512271,15.8,-0.09,1.6,0.1,102.3,102.3,0.0,0.0,0.0,16.2,100,AUTO.LOITER,0,0
2026-08-13T23:37:53,1786639073,13.822495,100.512271,15.8,-0.09,1.6,0.1,102.3,102.3,0.0,0.0,-0.01,16.2,100,AUTO.LOITER,0,0
2026-08-13T23:37:54,1786639074,13.822496,100.512271,15.8,-0.08,1.6,0.1,102.3,102.3,0.01,0.0,-0.02,16.2,100,AUTO.LOITER,0,0
2026-08-13T23:37:55,1786639075,13.822496,100.512271,15.8,-0.07,1.6,0.2,102.3,102.3,0.01,-0.01,-0.02,16.2,100,AUTO.LOITER,0,0
2026-08-13T23:37:56,1786639076,13.822496,100.512271,15.8,-0.08,1.6,0.2,102.3,102.3,0.0,-0.03,-0.02,16.2,100,AUTO.LOITER,0,0
2026-08-13T23:37:57,1786639077,13.822496,100.512271,15.8,-0.08,1.6,0.2,102.2,102.2,0.0,-0.03,-0.01,16.2,100,AUTO.LOITER,0,0
2026-08-13T23:37:58,1786639078,13.822495,100.512271,15.4,-0.08,1.6,0.1,102.2,102.2,0.0,-0.03,-0.01,16.2,100,AUTO.LOITER,0,0
2026-08-13T23:37:59,1786639079,13.822495,100.51227,15.8,-0.1,1.6,0.2,102.2,102.2,-0.01,-0.03,0.0,16.2,100,AUTO.LOITER,0,0
2026-08-13T23:38:00,1786639080,13.822495,100.512271,15.8,-0.11,1.5,0.1,102.2,102.2,0.0,-0.01,0.01,16.2,100,AUTO.LOITER,0,0
2026-08-13T23:38:01,1786639081,13.822495,100.512271,15.4,-0.11,1.5,0.1,102.2,102.2,0.0,-0.01,0.01,16.2,100,AUTO.LOITER,0,0
2026-08-13T23:38:02,1786639082,13.822495,100.512271,15.8,-0.12,1.5,0.1,102.2,102.2,0.0,0.0,0.02,16.2,100,AUTO.LOITER,0,0
2026-08-13T23:38:03,1786639083,13.822495,100.512271,15.8,-0.12,1.5,0.1,102.2,102.2,0.02,-0.01,0.02,16.2,100,AUTO.LOITER,0,0
2026-08-13T23:38:04,1786639084,13.822496,100.512271,15.8,-0.11,1.6,0.1,102.2,102.2,0.03,0.0,0.0,16.2,100,AUTO.LOITER,0,0
2026-08-13T23:38:05,1786639085,13.822496,100.512271,15.8,-0.09,1.6,0.1,102.2,102.2,0.03,-0.01,0.0,16.2,100,AUTO.LOITER,0,0
2026-08-13T23:38:06,1786639086,13.822496,100.512271,15.4,-0.09,1.6,0.1,102.2,102.2,0.03,-0.01,0.0,16.2,100,AUTO.LOITER,0,0
2026-08-13T23:38:07,1786639087,13.822496,100.512271,15.8,-0.09,1.6,0.0,102.2,102.2,0.02,0.01,-0.01,16.2,100,AUTO.LOITER,0,0
2026-08-13T23:38:08,1786639088,13.822496,100.512271,15.8,-0.08,1.7,0.0,102.2,102.2,0.01,0.0,-0.01,16.2,100,AUTO.LOITER,0,0
2026-08-13T23:38:09,1786639089,13.822496,100.512271,15.8,-0.08,1.7,0.0,102.2,102.2,0.0,0.0,-0.01,16.2,100,AUTO.LOITER,0,0
2026-08-13T23:38:10,1786639090,13.822495,100.512271,15.8,-0.09,1.7,0.0,102.3,102.3,0.0,0.0,-0.01,16.2,100,AUTO.LOITER,0,0
2026-08-13T23:38:11,1786639091,13.822496,100.512271,15.8,-0.09,1.7,0.0,102.3,102.3,0.0,0.0,0.0,16.2,100,AUTO.LOITER,0,0
2026-08-13T23:38:12,1786639092,13.822495,100.512271,15.8,-0.1,1.7,0.0,102.3,102.3,0.0,-0.01,0.0,16.2,100,AUTO.LOITER,0,0
2026-08-13T23:38:13,1786639093,13.822495,100.512271,15.4,-0.1,1.7,0.1,102.3,102.3,0.0,-0.01,0.0,16.2,100,AUTO.LOITER,0,0
2026-08-13T23:38:14,1786639094,13.822495,100.51227,15.8,-0.1,1.7,0.0,102.3,102.3,-0.01,-0.02,0.01,16.2,100,AUTO.LOITER,0,0
2026-08-13T23:38:15,1786639095,13.822495,100.512271,15.8,-0.11,1.6,0.0,102.3,102.3,-0.01,-0.02,0.02,16.2,100,AUTO.LOITER,0,0
2026-08-13T23:38:16,1786639096,13.822495,100.512271,15.8,-0.12,1.6,0.0,102.3,102.3,0.0,0.0,0.02,16.2,100,AUTO.LOITER,0,0
2026-08-13T23:38:17,1786639097,13.822495,100.512271,15.8,-0.12,1.6,0.0,102.3,102.3,-0.01,0.0,0.01,16.2,100,AUTO.LOITER,0,0
2026-08-13T23:38:18,1786639098,13.822495,100.512271,15.8,-0.11,1.6,0.0,102.3,102.3,0.0,0.01,0.01,16.2,100,AUTO.LOITER,0,0
2026-08-13T23:38:19,1786639099,13.822495,100.512271,15.8,-0.1,1.6,0.0,102.3,102.3,0.0,0.0,0.0,16.2,100,AUTO.LOITER,0,0
2026-08-13T23:38:20,1786639100,13.822495,100.512271,15.8,-0.1,1.6,0.0,102.3,102.3,0.0,0.01,0.0,16.2,100,AUTO.LOITER,0,0
2026-08-13T23:38:21,1786639101,13.822496,100.512271,15.8,-0.1,1.6,0.1,102.3,102.3,0.0,0.01,0.0,16.2,100,AUTO.LOITER,0,0
2026-08-13T23:38:22,1786639102,13.822496,100.512271,15.8,-0.1,1.6,0.1,102.3,102.3,0.0,0.0,0.0,16.2,100,AUTO.LOITER,0,0
2026-08-13T23:38:23,1786639103,13.822496,100.512271,15.8,-0.1,1.6,0.1,102.3,102.3,0.0,-0.01,0.0,16.2,100,AUTO.LOITER,0,0
2026-08-13T23:38:24,1786639104,13.822496,100.512271,15.8,-0.09,1.5,0.1,102.3,102.3,0.0,-0.01,-0.01,16.2,100,AUTO.LOITER,0,0
2026-08-13T23:38:25,1786639105,13.822496,100.512271,15.8,-0.08,1.5,0.1,102.3,102.3,0.0,-0.02,-0.01,16.2,100,AUTO.LOITER,0,0
2026-08-13T23:38:26,1786639106,13.822495,100.512271,15.4,-0.08,1.5,0.1,102.3,102.3,0.0,-0.02,-0.01,16.2,100,AUTO.LOITER,0,0
2026-08-13T23:38:27,1786639107,13.822496,100.512271,15.8,-0.08,1.5,0.1,102.3,102.3,0.0,-0.04,-0.02,16.2,100,AUTO.LOITER,0,0
2026-08-13T23:38:28,1786639108,13.822496,100.51227,15.8,-0.07,1.5,0.0,102.3,102.3,0.01,-0.06,-0.02,16.2,100,AUTO.LOITER,0,0
2026-08-13T23:38:29,1786639109,13.822496,100.512271,15.8,-0.08,1.5,-0.0,102.3,102.3,0.01,-0.05,0.0,16.2,100,AUTO.LOITER,0,0
2026-08-13T23:38:30,1786639110,13.822496,100.51227,15.8,-0.1,1.5,-0.1,102.3,102.3,0.01,-0.05,0.0,16.2,100,AUTO.LOITER,0,0
2026-08-13T23:38:31,1786639111,13.822496,100.51227,15.8,-0.1,1.5,-0.1,102.3,102.3,0.0,-0.05,0.0,16.2,100,AUTO.LOITER,0,0
2026-08-13T23:38:32,1786639112,13.822495,100.51227,15.8,-0.1,1.5,-0.2,102.4,102.4,-0.01,-0.03,0.0,16.2,100,AUTO.LOITER,0,0
2026-08-13T23:38:33,1786639113,13.822495,100.512271,15.8,-0.1,1.5,-0.2,102.4,102.4,0.0,0.0,0.01,16.2,100,AUTO.LOITER,0,0
2026-08-13T23:38:34,1786639114,13.822495,100.512271,15.8,-0.1,1.5,-0.2,102.4,102.4,-0.01,0.0,0.01,16.2,100,AUTO.LOITER,0,0
2026-08-13T23:38:35,1786639115,13.822496,100.512271,15.8,-0.11,1.5,-0.3,102.4,102.4,0.0,0.0,0.01,16.2,100,AUTO.LOITER,0,0
2026-08-13T23:38:36,1786639116,13.822496,100.512271,15.8,-0.11,1.5,-0.3,102.4,102.4,0.0,0.0,0.01,16.2,100,AUTO.LOITER,0,0
2026-08-13T23:38:37,1786639117,13.822496,100.512271,15.8,-0.11,1.4,-0.3,102.4,102.4,0.0,0.01,0.02,16.2,100,AUTO.LOITER,0,0
2026-08-13T23:38:38,1786639118,13.822496,100.512271,15.4,-0.11,1.4,-0.3,102.4,102.4,0.0,0.01,0.02,16.2,100,AUTO.LOITER,0,0
2026-08-13T23:38:39,1786639119,13.822496,100.512271,15.4,-0.12,1.4,-0.3,102.4,102.4,0.0,0.01,0.03,16.2,100,AUTO.LOITER,0,0
2026-08-13T23:38:40,1786639120,13.822496,100.512271,15.7,-0.13,1.4,-0.3,102.4,102.4,0.0,0.0,0.05,16.2,100,AUTO.LOITER,0,0
2026-08-13T23:38:41,1786639121,13.822496,100.512271,15.7,-0.15,1.4,-0.3,102.4,102.4,0.0,0.01,0.06,16.2,100,AUTO.LOITER,0,0
2026-08-13T23:38:42,1786639122,13.822496,100.512271,15.7,-0.15,1.4,-0.3,102.4,102.4,0.0,0.03,0.07,16.2,100,AUTO.LOITER,0,0
2026-08-13T23:38:43,1786639123,13.822496,100.512271,15.7,-0.16,1.4,-0.3,102.4,102.4,0.0,0.02,0.08,16.2,100,AUTO.LOITER,0,0
2026-08-13T23:38:44,1786639124,13.822496,100.512271,15.4,-0.16,1.4,-0.2,102.4,102.4,0.0,0.02,0.08,16.2,100,AUTO.LOITER,0,0
2026-08-13T23:38:45,1786639125,13.822496,100.512271,15.4,-0.16,1.4,-0.2,102.4,102.4,0.0,0.02,0.08,16.2,100,AUTO.LOITER,0,0
2026-08-13T23:38:46,1786639126,13.822496,100.512271,15.7,-0.17,1.4,-0.2,102.4,102.4,-0.01,0.01,0.08,16.2,100,AUTO.LOITER,0,0
2026-08-13T23:38:47,1786639127,13.822496,100.512271,15.7,-0.17,1.4,-0.1,102.4,102.4,0.0,0.0,0.09,16.2,100,AUTO.LOITER,0,0
2026-08-13T23:38:48,1786639128,13.822496,100.512271,15.7,-0.18,1.4,-0.1,102.4,102.4,0.0,0.0,0.1,16.2,100,AUTO.LOITER,0,0
2026-08-13T23:38:49,1786639129,13.822496,100.512271,15.7,-0.18,1.4,-0.1,102.4,102.4,0.01,0.0,0.1,16.2,100,AUTO.LOITER,0,0
2026-08-13T23:38:50,1786639130,13.822496,100.512271,15.7,-0.18,1.4,-0.1,102.4,102.4,0.0,0.0,0.1,16.2,100,AUTO.LOITER,0,0
2026-08-13T23:38:51,1786639131,13.822496,100.512271,15.4,-0.18,1.4,-0.1,102.4,102.4,0.0,0.0,0.1,16.2,100,AUTO.LOITER,0,0
2026-08-13T23:38:52,1786639132,13.822495,100.512271,15.7,-0.18,1.4,-0.1,102.4,102.4,-0.01,0.0,0.09,16.2,100,AUTO.LOITER,0,0
2026-08-13T23:38:53,1786639133,13.822495,100.512271,15.7,-0.18,1.4,-0.1,102.4,102.4,-0.01,0.0,0.09,16.2,100,AUTO.LOITER,0,0
2026-08-13T23:38:54,1786639134,13.822495,100.512271,15.7,-0.18,1.4,-0.1,102.4,102.4,-0.01,0.0,0.09,16.2,100,AUTO.LOITER,0,0
2026-08-13T23:38:55,1786639135,13.822495,100.512271,15.7,-0.17,1.4,-0.0,102.4,102.4,0.0,0.01,0.08,16.2,100,AUTO.LOITER,0,0
2026-08-13T23:38:56,1786639136,13.822496,100.512271,15.7,-0.17,1.4,-0.0,102.4,102.4,0.01,0.0,0.08,16.2,100,AUTO.LOITER,0,0
2026-08-13T23:38:57,1786639137,13.822496,100.512271,15.7,-0.17,1.4,-0.0,102.4,102.4,0.01,0.0,0.09,16.2,100,AUTO.LOITER,0,0
2026-08-13T23:38:58,1786639138,13.822496,100.512271,15.7,-0.17,1.4,-0.0,102.4,102.4,0.02,0.0,0.09,16.2,100,AUTO.LOITER,0,0
2026-08-13T23:38:59,1786639139,13.822496,100.512271,15.7,-0.18,1.4,-0.0,102.4,102.4,0.03,0.0,0.1,16.2,100,AUTO.LOITER,0,0
2026-08-13T23:39:00,1786639140,13.822496,100.512271,15.7,-0.19,1.4,-0.0,102.4,102.4,0.02,-0.01,0.11,16.2,100,AUTO.LOITER,0,0
2026-08-13T23:39:01,1786639141,13.822496,100.512271,15.7,-0.19,1.4,-0.0,102.4,102.4,0.01,-0.02,0.11,16.2,100,AUTO.LOITER,0,0
2026-08-13T23:39:02,1786639142,13.822495,100.512271,15.4,-0.19,1.4,-0.0,102.4,102.4,0.01,-0.02,0.11,16.2,100,AUTO.LOITER,0,0
2026-08-13T23:39:03,1786639143,13.822496,100.512271,15.7,-0.2,1.4,-0.1,102.4,102.4,0.0,0.0,0.12,16.2,100,AUTO.LOITER,0,0
2026-08-13T23:39:04,1786639144,13.822495,100.512271,15.7,-0.21,1.4,-0.1,102.4,102.4,-0.01,0.01,0.13,16.2,100,AUTO.LOITER,0,0
2026-08-13T23:39:05,1786639145,13.822496,100.512271,15.7,-0.21,1.4,-0.0,102.4,102.4,-0.01,0.0,0.14,16.2,100,AUTO.LOITER,0,0
2026-08-13T23:39:06,1786639146,13.822496,100.512271,15.7,-0.21,1.4,-0.0,102.4,102.4,-0.01,0.0,0.14,16.2,100,AUTO.LOITER,0,0
2026-08-13T23:39:07,1786639147,13.822496,100.512271,15.4,-0.21,1.4,-0.0,102.4,102.4,-0.01,0.0,0.14,16.2,100,AUTO.LOITER,0,0
2026-08-13T23:39:08,1786639148,13.822496,100.512271,15.4,-0.21,1.4,-0.0,102.4,102.4,-0.01,0.0,0.14,16.2,100,AUTO.LOITER,0,0
2026-08-13T23:39:09,1786639149,13.822496,100.512271,15.4,-0.21,1.4,-0.0,102.4,102.4,-0.01,0.0,0.14,16.2,100,AUTO.LOITER,0,0
2026-08-13T23:39:10,1786639150,13.822495,100.512271,15.7,-0.21,1.4,-0.0,102.4,102.4,0.0,0.0,0.14,16.2,100,AUTO.LOITER,0,0
2026-08-13T23:39:11,1786639151,13.822495,100.512271,15.7,-0.21,1.4,-0.0,102.4,102.4,0.0,0.01,0.14,16.2,100,AUTO.LOITER,0,0
2026-08-13T23:39:12,1786639152,13.822496,100.512271,15.7,-0.21,1.3,-0.0,102.4,102.4,0.01,0.0,0.13,16.2,100,AUTO.LOITER,0,0
2026-08-13T23:39:13,1786639153,13.822495,100.512271,15.4,-0.21,1.3,-0.0,102.4,102.4,0.01,0.0,0.13,16.2,100,AUTO.LOITER,0,0
2026-08-13T23:39:14,1786639154,13.822496,100.512271,15.7,-0.21,1.3,0.0,102.4,102.4,0.02,-0.01,0.13,16.2,100,AUTO.LOITER,0,0
2026-08-13T23:39:15,1786639155,13.822496,100.512271,15.7,-0.2,1.3,-0.0,102.4,102.4,0.01,-0.03,0.11,16.2,100,AUTO.LOITER,0,0
2026-08-13T23:39:16,1786639156,13.822496,100.512271,15.7,-0.18,1.3,-0.0,102.4,102.4,0.0,-0.01,0.1,16.2,100,AUTO.LOITER,0,0
2026-08-13T23:39:17,1786639157,13.822496,100.512271,15.7,-0.18,1.3,-0.1,102.4,102.4,0.0,-0.01,0.1,16.2,100,AUTO.LOITER,0,0
2026-08-13T23:39:18,1786639158,13.822496,100.512271,15.7,-0.18,1.3,-0.1,102.4,102.4,0.0,-0.01,0.1,16.2,100,AUTO.LOITER,0,0
2026-08-13T23:39:19,1786639159,13.822496,100.512271,15.7,-0.18,1.2,-0.1,102.4,102.4,0.0,-0.01,0.1,16.2,100,AUTO.LOITER,0,0
2026-08-13T23:39:20,1786639160,13.822496,100.512271,15.7,-0.14,1.2,-0.1,102.4,102.4,0.0,0.0,0.04,16.2,100,AUTO.LOITER,0,0
2026-08-13T23:39:21,1786639161,13.822496,100.512271,15.7,-0.14,1.2,-0.1,102.3,102.3,0.0,0.0,0.04,16.2,100,AUTO.LOITER,0,0
2026-08-13T23:39:22,1786639162,13.822495,100.512271,15.7,-0.14,1.2,-0.1,102.3,102.3,0.0,0.0,0.04,16.2,100,AUTO.LOITER,0,0
2026-08-13T23:39:23,1786639163,13.822495,100.512271,15.7,-0.14,1.2,-0.1,102.3,102.3,-0.01,-0.01,0.04,16.2,100,AUTO.LOITER,0,0
2026-08-13T23:39:24,1786639164,13.822495,100.512271,15.7,-0.14,1.1,-0.1,102.3,102.3,-0.02,0.0,0.04,16.2,100,AUTO.LOITER,0,0
2026-08-13T23:39:25,1786639165,13.822495,100.512271,15.7,-0.13,1.1,-0.1,102.3,102.3,-0.01,0.0,0.03,16.2,100,AUTO.LOITER,0,0
2026-08-13T23:39:26,1786639166,13.822496,100.512271,15.8,-0.12,1.1,-0.0,102.3,102.3,0.0,0.0,0.01,16.2,100,AUTO.LOITER,0,0
2026-08-13T23:39:27,1786639167,13.822496,100.512271,15.3,-0.12,1.1,-0.0,102.3,102.3,0.0,0.0,0.01,16.2,100,AUTO.LOITER,0,0
2026-08-13T23:39:28,1786639168,13.822496,100.512271,15.3,-0.12,1.0,-0.0,102.3,102.3,0.0,0.0,0.01,16.2,100,AUTO.LOITER,0,0
2026-08-13T23:39:29,1786639169,13.822496,100.512271,15.3,-0.12,1.0,-0.0,102.3,102.3,0.0,0.0,0.01,16.2,100,AUTO.LOITER,0,0
2026-08-13T23:39:30,1786639170,13.822496,100.512271,15.3,-0.12,1.0,0.0,102.3,102.3,0.0,0.0,0.01,16.2,100,AUTO.LOITER,0,0
2026-08-13T23:39:31,1786639171,13.822496,100.512271,15.8,-0.11,1.0,-0.0,102.3,102.3,0.01,0.0,0.01,16.2,100,AUTO.LOITER,0,0
2026-08-13T23:39:32,1786639172,13.822496,100.512271,15.8,-0.11,1.0,-0.0,102.3,102.3,0.01,0.01,0.02,16.2,100,AUTO.LOITER,0,0
2026-08-13T23:39:33,1786639173,13.822496,100.512271,15.8,-0.12,1.0,0.0,102.3,102.3,0.04,0.01,0.03,16.2,100,AUTO.LOITER,0,0
2026-08-13T23:39:34,1786639174,13.822496,100.512271,15.7,-0.14,1.1,0.0,102.3,102.3,0.03,0.0,0.04,16.2,100,AUTO.LOITER,0,0
2026-08-13T23:39:35,1786639175,13.822496,100.512271,15.7,-0.14,1.1,0.0,102.3,102.3,0.03,0.0,0.05,16.2,100,AUTO.LOITER,0,0
2026-08-13T23:39:36,1786639176,13.822496,100.512271,15.7,-0.14,1.1,0.0,102.3,102.3,0.01,-0.01,0.05,16.2,100,AUTO.LOITER,0,0
2026-08-13T23:39:37,1786639177,13.822496,100.512271,15.7,-0.14,1.1,0.0,102.3,102.3,0.0,-0.01,0.05,16.2,100,AUTO.LOITER,0,0
2026-08-13T23:39:38,1786639178,13.822496,100.512271,15.7,-0.14,1.1,0.0,102.3,102.3,0.0,0.0,0.06,16.2,100,AUTO.LOITER,0,0
2026-08-13T23:39:39,1786639179,13.822496,100.512271,15.7,-0.15,1.1,0.0,102.3,102.3,0.0,0.02,0.06,16.2,100,AUTO.LOITER,0,0
2026-08-13T23:39:40,1786639180,13.822495,100.512271,15.4,-0.15,1.1,-0.0,102.3,102.3,0.0,0.02,0.06,16.2,100,AUTO.LOITER,0,0
2026-08-13T23:39:41,1786639181,13.822495,100.512271,15.7,-0.15,1.0,0.0,102.3,102.3,-0.01,0.01,0.06,16.2,100,AUTO.LOITER,0,0
2026-08-13T23:39:42,1786639182,13.822495,100.512271,15.7,-0.15,1.0,0.0,102.3,102.3,0.0,0.0,0.05,16.2,100,AUTO.LOITER,0,0
2026-08-13T23:39:43,1786639183,13.822495,100.512271,15.7,-0.14,1.0,0.0,102.3,102.3,0.0,0.0,0.05,16.2,100,AUTO.LOITER,0,0
2026-08-13T23:39:44,1786639184,13.822495,100.512271,15.7,-0.13,1.0,0.0,102.3,102.3,0.0,0.0,0.04,16.2,100,AUTO.LOITER,0,0
2026-08-13T23:39:45,1786639185,13.822496,100.512271,15.7,-0.13,0.9,0.0,102.3,102.3,0.0,0.0,0.04,16.2,100,AUTO.LOITER,0,0
2026-08-13T23:39:46,1786639186,13.822496,100.512271,15.7,-0.13,0.9,0.0,102.3,102.3,0.0,-0.01,0.04,16.2,100,AUTO.LOITER,0,0
2026-08-13T23:39:47,1786639187,13.822496,100.512271,15.7,-0.14,0.9,-0.0,102.3,102.3,0.0,0.0,0.06,16.2,100,AUTO.LOITER,0,0
2026-08-13T23:39:48,1786639188,13.822495,100.512271,15.7,-0.15,0.9,-0.0,102.3,102.3,-0.01,0.0,0.05,16.2,100,AUTO.LOITER,0,0
2026-08-13T23:39:49,1786639189,13.822495,100.512271,15.7,-0.14,0.9,-0.1,102.3,102.3,0.0,0.0,0.05,16.2,100,AUTO.LOITER,0,0
2026-08-13T23:39:50,1786639190,13.822495,100.512271,15.7,-0.14,0.9,-0.1,102.3,102.3,0.0,0.0,0.03,16.2,100,AUTO.LOITER,0,0
2026-08-13T23:39:51,1786639191,13.822496,100.512271,15.8,-0.13,0.9,-0.0,102.3,102.3,0.01,0.0,0.03,16.2,100,AUTO.LOITER,0,0
2026-08-13T23:39:52,1786639192,13.822496,100.512271,15.4,-0.13,0.9,-0.1,102.3,102.3,0.01,0.0,0.03,16.2,100,AUTO.LOITER,0,0
2026-08-13T23:39:53,1786639193,13.822496,100.512271,15.8,-0.12,0.9,-0.1,102.3,102.3,0.02,0.0,0.03,16.2,100,AUTO.LOITER,0,0
2026-08-13T23:39:54,1786639194,13.822496,100.512271,15.8,-0.12,0.9,-0.1,102.3,102.3,0.03,-0.01,0.03,16.2,100,AUTO.LOITER,0,0
2026-08-13T23:39:55,1786639195,13.822496,100.512271,15.8,-0.12,0.9,-0.1,102.3,102.3,0.03,0.0,0.03,16.2,100,AUTO.LOITER,0,0
2026-08-13T23:39:56,1786639196,13.822496,100.512271,15.8,-0.13,1.0,-0.1,102.3,102.3,0.02,0.0,0.04,16.2,100,AUTO.LOITER,0,0
2026-08-13T23:39:57,1786639197,13.822496,100.512271,15.7,-0.13,1.0,-0.2,102.3,102.3,0.02,0.0,0.04,16.2,100,AUTO.LOITER,0,0
2026-08-13T23:39:58,1786639198,13.822496,100.512271,15.7,-0.14,1.0,-0.2,102.2,102.2,0.01,0.0,0.04,16.2,100,AUTO.LOITER,0,0
2026-08-13T23:39:59,1786639199,13.822496,100.512271,15.7,-0.13,1.0,-0.2,102.2,102.2,0.0,0.0,0.03,16.2,100,AUTO.LOITER,0,0
2026-08-13T23:40:00,1786639200,13.822496,100.512271,15.8,-0.12,1.0,-0.2,102.2,102.2,0.0,0.01,0.02,16.2,100,AUTO.LOITER,0,0
2026-08-13T23:40:01,1786639201,13.822496,100.512271,15.4,-0.12,1.0,-0.2,102.2,102.2,0.0,0.01,0.02,16.2,100,AUTO.LOITER,0,0
2026-08-13T23:40:02,1786639202,13.822496,100.512271,15.5,-0.12,1.0,-0.3,102.2,102.2,0.0,0.01,0.02,16.2,100,AUTO.LOITER,0,0
2026-08-13T23:40:03,1786639203,13.822496,100.512271,15.8,-0.11,1.1,-0.2,102.2,102.2,-0.01,0.0,0.0,16.2,100,AUTO.LOITER,0,0
2026-08-13T23:40:04,1786639204,13.822495,100.512271,15.4,-0.11,1.1,-0.2,102.2,102.2,-0.01,0.0,0.0,16.2,100,AUTO.LOITER,0,0
2026-08-13T23:40:05,1786639205,13.822495,100.512271,15.8,-0.1,1.1,-0.2,102.2,102.2,-0.02,0.0,0.0,16.2,100,AUTO.LOITER,0,0
2026-08-13T23:40:06,1786639206,13.822496,100.512271,15.4,-0.1,1.1,-0.2,102.2,102.2,-0.02,0.0,0.0,16.2,100,AUTO.LOITER,0,0
2026-08-13T23:40:07,1786639207,13.822495,100.512271,15.8,-0.1,1.1,-0.2,102.2,102.2,-0.02,0.0,0.0,16.2,100,AUTO.LOITER,0,0
2026-08-13T23:40:08,1786639208,13.822496,100.512271,15.8,-0.11,1.1,-0.2,102.2,102.2,-0.01,-0.01,0.01,16.2,100,AUTO.LOITER,0,0
2026-08-13T23:40:09,1786639209,13.822495,100.512271,15.8,-0.11,1.1,-0.2,102.2,102.2,0.0,-0.02,0.01,16.2,100,AUTO.LOITER,0,0
2026-08-13T23:40:10,1786639210,13.822495,100.512271,15.8,-0.11,1.1,-0.3,102.2,102.2,-0.01,-0.02,0.0,16.2,100,AUTO.LOITER,0,0
2026-08-13T23:40:11,1786639211,13.822495,100.512271,15.8,-0.1,1.1,-0.3,102.2,102.2,-0.01,0.0,0.0,16.2,100,AUTO.LOITER,0,0
2026-08-13T23:40:12,1786639212,13.822495,100.512271,15.8,-0.1,1.1,-0.3,102.2,102.2,-0.01,0.0,0.0,16.2,100,AUTO.LOITER,0,0
2026-08-13T23:40:13,1786639213,13.822495,100.512271,15.8,-0.1,1.1,-0.3,102.2,102.2,0.0,0.0,0.0,16.2,100,AUTO.LOITER,0,0
2026-08-13T23:40:14,1786639214,13.822495,100.512271,15.4,-0.1,1.1,-0.3,102.2,102.2,0.0,0.0,0.0,16.2,100,AUTO.LOITER,0,0
2026-08-13T23:40:15,1786639215,13.822495,100.512271,15.8,-0.1,1.1,-0.3,102.2,102.2,0.0,0.02,0.0,16.2,100,AUTO.LOITER,0,0
2026-08-13T23:40:16,1786639216,13.822495,100.512271,15.3,-0.1,1.1,-0.3,102.2,102.2,0.0,0.02,0.0,16.2,100,AUTO.LOITER,0,0
2026-08-13T23:40:17,1786639217,13.822496,100.512271,15.4,-0.1,1.1,-0.3,102.2,102.2,0.01,0.02,0.0,16.2,100,AUTO.LOITER,0,0
2026-08-13T23:40:18,1786639218,13.822496,100.512271,15.8,-0.1,1.1,-0.3,102.2,102.2,0.01,0.02,0.0,16.2,100,AUTO.LOITER,0,0
2026-08-13T23:40:19,1786639219,13.822496,100.512271,15.8,-0.1,1.1,-0.3,102.2,102.2,0.02,0.01,0.0,16.2,100,AUTO.LOITER,0,0
2026-08-13T23:40:20,1786639220,13.822496,100.512271,15.8,-0.1,1.2,-0.4,102.2,102.2,0.01,0.0,0.0,16.2,100,AUTO.LOITER,0,0
2026-08-13T23:40:21,1786639221,13.822496,100.512271,15.8,-0.1,1.2,-0.4,102.1,102.1,0.0,0.0,0.0,16.2,100,AUTO.LOITER,0,0
2026-08-13T23:40:22,1786639222,13.822496,100.512271,15.8,-0.09,1.2,-0.4,102.1,102.1,0.0,0.0,-0.01,16.2,100,AUTO.LOITER,0,0
2026-08-13T23:40:23,1786639223,13.822496,100.512271,15.8,-0.09,1.2,-0.4,102.1,102.1,0.0,0.01,-0.01,16.2,100,AUTO.LOITER,0,0
2026-08-13T23:40:24,1786639224,13.822496,100.512271,15.8,-0.09,1.2,-0.4,102.1,102.1,-0.01,0.02,0.0,16.2,100,AUTO.LOITER,0,0
2026-08-13T23:40:25,1786639225,13.822496,100.512271,15.8,-0.1,1.2,-0.4,102.1,102.1,-0.01,0.01,0.0,16.2,100,AUTO.LOITER,0,0
2026-08-13T23:40:26,1786639226,13.822495,100.512271,15.8,-0.11,1.2,-0.4,102.1,102.1,-0.02,0.0,0.01,16.2,100,AUTO.LOITER,0,0
2026-08-13T23:40:27,1786639227,13.822495,100.512271,15.8,-0.11,1.1,-0.4,102.1,102.1,-0.01,0.01,0.0,16.2,100,AUTO.LOITER,0,0
2026-08-13T23:40:28,1786639228,13.822495,100.512271,15.8,-0.11,1.1,-0.4,102.1,102.1,-0.01,0.01,0.0,16.2,100,AUTO.LOITER,0,0
2026-08-13T23:40:29,1786639229,13.822495,100.512271,15.4,-0.11,1.1,-0.4,102.1,102.1,-0.01,0.01,0.0,16.2,100,AUTO.LOITER,0,0
2026-08-13T23:40:30,1786639230,13.822496,100.512271,15.8,-0.1,1.1,-0.4,102.1,102.1,0.0,0.01,0.0,16.2,100,AUTO.LOITER,0,0
2026-08-13T23:40:31,1786639231,13.822495,100.512271,15.8,-0.1,1.1,-0.4,102.1,102.1,-0.01,0.01,0.0,16.2,100,AUTO.LOITER,0,0
2026-08-13T23:40:32,1786639232,13.822496,100.512271,15.4,-0.1,1.1,-0.4,102.1,102.1,-0.01,0.01,0.0,16.2,100,AUTO.LOITER,0,0
2026-08-13T23:40:33,1786639233,13.822495,100.512271,15.8,-0.1,1.1,-0.4,102.1,102.1,-0.01,0.02,0.0,16.2,100,AUTO.LOITER,0,0
2026-08-13T23:40:34,1786639234,13.822495,100.512271,15.8,-0.1,1.0,-0.4,102.1,102.1,-0.01,0.02,0.0,16.2,100,AUTO.LOITER,0,0
2026-08-13T23:40:35,1786639235,13.822495,100.512271,15.8,-0.09,1.0,-0.3,102.1,102.1,0.0,0.0,-0.01,16.2,100,AUTO.LOITER,0,0
2026-08-13T23:40:36,1786639236,13.822495,100.512271,15.8,-0.09,1.0,-0.3,102.1,102.1,0.0,0.0,0.0,16.2,100,AUTO.LOITER,0,0
2026-08-13T23:40:37,1786639237,13.822495,100.512271,15.8,-0.1,1.0,-0.3,102.1,102.1,0.0,0.0,0.0,16.2,100,AUTO.LOITER,0,0
2026-08-13T23:40:38,1786639238,13.822495,100.512271,15.8,-0.1,1.0,-0.3,102.1,102.1,0.0,0.0,0.0,16.2,100,AUTO.LOITER,0,0
2026-08-13T23:40:39,1786639239,13.822495,100.512271,15.8,-0.1,1.0,-0.3,102.1,102.1,0.0,0.0,0.0,16.2,100,AUTO.LOITER,0,0
2026-08-13T23:40:40,1786639240,13.822496,100.512271,15.8,-0.09,0.9,-0.4,102.1,102.1,0.02,0.0,-0.01,16.2,100,AUTO.LOITER,0,0
2026-08-13T23:40:41,1786639241,13.822496,100.512271,15.4,-0.09,0.9,-0.4,102.1,102.1,0.02,0.0,-0.01,16.2,100,AUTO.LOITER,0,0
2026-08-13T23:40:42,1786639242,13.822496,100.512271,15.4,-0.09,1.0,-0.4,102.1,102.1,0.0,0.0,-0.01,16.2,100,AUTO.LOITER,0,0
2026-08-13T23:40:43,1786639243,13.822495,100.512271,15.8,-0.09,0.9,-0.4,102.1,102.1,0.0,0.0,-0.01,16.2,100,AUTO.LOITER,0,0
2026-08-13T23:40:44,1786639244,13.822495,100.512271,15.8,-0.09,0.9,-0.4,102.1,102.1,-0.01,0.0,0.0,16.2,100,AUTO.LOITER,0,0
2026-08-13T23:40:45,1786639245,13.822495,100.512271,15.8,-0.1,0.9,-0.4,102.1,102.1,-0.01,0.01,0.0,16.2,100,AUTO.LOITER,0,0
2026-08-13T23:40:46,1786639246,13.822495,100.512271,15.8,-0.1,0.9,-0.4,102.1,102.1,0.0,0.01,0.0,16.2,100,AUTO.LOITER,0,0
2026-08-13T23:40:47,1786639247,13.822496,100.51227,15.4,-0.1,0.9,-0.4,102.1,102.1,0.0,0.01,0.0,16.2,100,AUTO.LOITER,0,0
2026-08-13T23:40:48,1786639248,13.822496,100.51227,15.4,-0.1,0.9,-0.4,102.1,102.1,0.0,0.01,0.0,16.2,100,AUTO.LOITER,0,0
2026-08-13T23:40:49,1786639249,13.822496,100.512271,15.8,-0.11,0.9,-0.4,102.1,102.1,0.0,0.01,0.0,16.2,100,AUTO.LOITER,0,0
2026-08-13T23:40:50,1786639250,13.822496,100.512271,15.8,-0.11,0.9,-0.4,102.1,102.1,0.0,0.0,0.01,16.2,100,AUTO.LOITER,0,0
2026-08-13T23:40:51,1786639251,13.822496,100.512271,15.8,-0.11,0.9,-0.4,102.1,102.1,0.0,0.01,0.01,16.2,100,AUTO.LOITER,0,0
2026-08-13T23:40:52,1786639252,13.822495,100.512271,15.8,-0.11,0.9,-0.4,102.0,102.0,-0.01,0.01,0.01,16.2,100,AUTO.LOITER,0,0
2026-08-13T23:40:53,1786639253,13.822495,100.512271,15.8,-0.12,0.9,-0.3,102.0,102.0,0.0,0.0,0.02,16.2,100,AUTO.LOITER,0,0
2026-08-13T23:40:54,1786639255,13.822495,100.512271,15.8,-0.12,0.9,-0.4,102.0,102.0,0.0,0.0,0.02,16.2,100,AUTO.LOITER,0,0
2026-08-13T23:40:55,1786639256,13.822496,100.512271,15.8,-0.12,0.8,-0.4,102.0,102.0,0.0,0.0,0.02,16.2,100,AUTO.LOITER,0,0
2026-08-13T23:40:56,1786639257,13.822496,100.512271,15.8,-0.12,0.8,-0.4,102.1,102.1,0.01,0.0,0.01,16.2,100,AUTO.LOITER,0,0
2026-08-13T23:40:57,1786639258,13.822496,100.512271,15.3,-0.12,0.8,-0.4,102.1,102.1,0.01,0.0,0.01,16.2,100,AUTO.LOITER,0,0
2026-08-13T23:40:58,1786639259,13.822496,100.512271,15.8,-0.1,0.8,-0.4,102.1,102.1,0.02,0.01,0.0,16.2,100,AUTO.LOITER,0,0
2026-08-13T23:40:59,1786639260,13.822496,100.512271,15.8,-0.1,0.8,-0.4,102.1,102.1,0.01,0.02,0.0,16.2,100,AUTO.LOITER,0,0
2026-08-13T23:41:00,1786639261,13.822496,100.512271,15.8,-0.1,0.9,-0.5,102.1,102.1,0.01,0.02,0.0,16.2,100,AUTO.LOITER,0,0
2026-08-13T23:41:01,1786639262,13.822496,100.512271,15.8,-0.09,0.9,-0.4,102.1,102.1,0.02,0.0,-0.01,16.2,100,AUTO.LOITER,0,0
2026-08-13T23:41:02,1786639263,13.822496,100.512271,15.8,-0.08,0.9,-0.4,102.1,102.1,0.01,-0.01,-0.02,16.2,100,AUTO.LOITER,0,0
2026-08-13T23:41:03,1786639264,13.822496,100.512271,15.4,-0.08,0.9,-0.5,102.1,102.1,0.01,-0.01,-0.02,16.2,100,AUTO.LOITER,0,0
2026-08-13T23:41:04,1786639265,13.822496,100.512271,15.8,-0.09,0.9,-0.5,102.1,102.1,0.01,0.0,-0.01,16.2,100,AUTO.LOITER,0,0
2026-08-13T23:41:05,1786639266,13.822496,100.512271,15.8,-0.09,0.9,-0.5,102.1,102.1,0.0,0.0,0.0,16.2,100,AUTO.LOITER,0,0
2026-08-13T23:41:06,1786639267,13.822496,100.512271,15.8,-0.09,0.9,-0.5,102.1,102.1,0.0,0.0,0.0,16.2,100,AUTO.LOITER,0,0
2026-08-13T23:41:07,1786639268,13.822496,100.512271,15.8,-0.11,0.9,-0.5,102.1,102.1,0.0,0.0,0.01,16.2,100,AUTO.LOITER,0,0
2026-08-13T23:41:08,1786639269,13.822496,100.512271,15.8,-0.11,0.9,-0.5,102.1,102.1,0.0,0.0,0.01,16.2,100,AUTO.LOITER,0,0
2026-08-13T23:41:09,1786639270,13.822496,100.512271,15.8,-0.11,0.9,-0.5,102.1,102.1,0.0,0.0,0.01,16.2,100,AUTO.LOITER,0,0
2026-08-13T23:41:10,1786639271,13.822496,100.512271,15.8,-0.11,0.9,-0.5,102.1,102.1,0.0,0.0,0.01,16.2,100,AUTO.LOITER,0,0
2026-08-13T23:41:11,1786639272,13.822496,100.512271,15.8,-0.12,0.9,-0.5,102.1,102.1,-0.01,0.01,0.02,16.2,100,AUTO.LOITER,0,0
2026-08-13T23:41:12,1786639273,13.822496,100.512271,15.8,-0.12,0.9,-0.5,102.1,102.1,-0.01,0.01,0.02,16.2,100,AUTO.LOITER,0,0
2026-08-13T23:41:13,1786639274,13.822495,100.512271,15.7,-0.13,0.9,-0.5,102.1,102.1,-0.02,0.01,0.03,16.2,100,AUTO.LOITER,0,0
2026-08-13T23:41:14,1786639275,13.822495,100.512271,15.7,-0.13,0.9,-0.5,102.1,102.1,-0.02,0.01,0.03,16.2,100,AUTO.LOITER,0,0
2026-08-13T23:41:15,1786639276,13.822495,100.512271,15.7,-0.13,0.9,-0.5,102.1,102.1,-0.03,0.01,0.04,16.2,100,AUTO.LOITER,0,0
2026-08-13T23:41:16,1786639277,13.822495,100.512271,15.7,-0.14,0.9,-0.5,102.1,102.1,-0.02,0.01,0.04,16.2,100,AUTO.LOITER,0,0
2026-08-13T23:41:17,1786639278,13.822496,100.512271,15.4,-0.14,0.9,-0.5,102.1,102.1,-0.02,0.01,0.04,16.2,100,AUTO.LOITER,0,0
2026-08-13T23:41:18,1786639279,13.822495,100.512271,15.7,-0.14,0.9,-0.5,102.1,102.1,-0.01,0.01,0.06,16.2,100,AUTO.LOITER,0,0
2026-08-13T23:41:19,1786639280,13.822495,100.512271,15.7,-0.15,0.9,-0.5,102.1,102.1,-0.01,0.02,0.05,16.2,100,AUTO.LOITER,0,0
2026-08-13T23:41:20,1786639281,13.822495,100.512271,15.7,-0.15,0.9,-0.5,102.1,102.1,-0.03,0.01,0.06,16.2,100,AUTO.LOITER,0,0
2026-08-13T23:41:21,1786639282,13.822495,100.512271,15.7,-0.15,0.9,-0.4,102.1,102.1,-0.03,0.01,0.06,16.2,100,AUTO.LOITER,0,0
2026-08-13T23:41:22,1786639283,13.822495,100.512271,15.7,-0.15,0.8,-0.4,102.1,102.1,-0.01,0.0,0.06,16.2,100,AUTO.LOITER,0,0
2026-08-13T23:41:23,1786639284,13.822495,100.512271,15.7,-0.15,0.8,-0.4,102.1,102.1,0.0,0.0,0.07,16.2,100,AUTO.LOITER,0,0
2026-08-13T23:41:24,1786639285,13.822495,100.512271,15.7,-0.17,0.8,-0.4,102.1,102.1,0.0,0.0,0.08,16.2,100,AUTO.LOITER,0,0
2026-08-13T23:41:25,1786639286,13.822496,100.512271,15.4,-0.17,0.9,-0.4,102.1,102.1,0.0,0.0,0.08,16.2,100,AUTO.LOITER,0,0
2026-08-13T23:41:26,1786639287,13.822495,100.512271,15.7,-0.17,0.8,-0.4,102.1,102.1,0.0,0.0,0.09,16.2,100,AUTO.LOITER,0,0
2026-08-13T23:41:27,1786639288,13.822495,100.512271,15.7,-0.18,0.8,-0.5,102.1,102.1,0.0,-0.02,0.09,16.2,100,AUTO.LOITER,0,0
2026-08-13T23:41:28,1786639289,13.822495,100.512271,15.7,-0.17,0.8,-0.5,102.1,102.1,0.01,-0.02,0.08,16.2,100,AUTO.LOITER,0,0
2026-08-13T23:41:29,1786639290,13.822496,100.512271,15.7,-0.16,0.8,-0.5,102.1,102.1,0.02,-0.01,0.06,16.2,100,AUTO.LOITER,0,0
2026-08-13T23:41:30,1786639291,13.822496,100.512271,15.7,-0.15,0.9,-0.5,102.1,102.1,0.02,0.0,0.06,16.2,100,AUTO.LOITER,0,0
2026-08-13T23:41:31,1786639292,13.822496,100.512271,15.7,-0.15,0.9,-0.6,102.1,102.1,0.01,0.01,0.06,16.2,100,AUTO.LOITER,0,0
2026-08-13T23:41:32,1786639293,13.822496,100.512271,15.7,-0.15,0.9,-0.5,102.1,102.1,0.01,0.01,0.05,16.2,100,AUTO.LOITER,0,0
2026-08-13T23:41:33,1786639294,13.822496,100.512271,15.7,-0.15,0.9,-0.5,102.1,102.1,0.01,0.01,0.06,16.2,100,AUTO.LOITER,0,0
2026-08-13T23:41:34,1786639295,13.822496,100.512271,15.7,-0.15,0.9,-0.5,102.1,102.1,0.0,0.0,0.06,16.2,100,AUTO.LOITER,0,0
2026-08-13T23:41:35,1786639296,13.822496,100.512271,15.7,-0.15,0.9,-0.5,102.1,102.1,0.01,0.0,0.06,16.2,100,AUTO.LOITER,0,0
2026-08-13T23:41:36,1786639297,13.822496,100.512271,15.4,-0.15,0.9,-0.5,102.1,102.1,0.01,0.0,0.06,16.2,100,AUTO.LOITER,0,0
2026-08-13T23:41:37,1786639298,13.822496,100.512271,15.7,-0.16,0.9,-0.5,102.1,102.1,0.0,0.0,0.07,16.2,100,AUTO.LOITER,0,0
2026-08-13T23:41:38,1786639299,13.822495,100.512271,15.7,-0.16,0.9,-0.5,102.1,102.1,-0.02,0.0,0.08,16.2,100,AUTO.LOITER,0,0
2026-08-13T23:41:39,1786639300,13.822495,100.512271,15.7,-0.17,0.9,-0.5,102.1,102.1,-0.02,0.0,0.08,16.2,100,AUTO.LOITER,0,0
2026-08-13T23:41:40,1786639301,13.822495,100.512271,15.7,-0.17,0.9,-0.5,102.1,102.1,-0.01,0.0,0.08,16.2,100,AUTO.LOITER,0,0
2026-08-13T23:41:41,1786639302,13.822496,100.512271,15.7,-0.17,0.9,-0.5,102.1,102.1,0.0,-0.01,0.08,16.2,100,AUTO.LOITER,0,0
2026-08-13T23:41:42,1786639303,13.822496,100.512271,15.7,-0.17,0.9,-0.5,102.1,102.1,0.0,-0.01,0.08,16.2,100,AUTO.LOITER,0,0
2026-08-13T23:41:43,1786639304,13.822496,100.512271,15.7,-0.17,0.9,-0.5,102.1,102.1,0.0,-0.01,0.08,16.2,100,AUTO.LOITER,0,0
2026-08-13T23:41:44,1786639305,13.822496,100.512271,15.4,-0.17,0.9,-0.6,102.1,102.1,0.0,-0.01,0.08,16.2,100,AUTO.LOITER,0,0
2026-08-13T23:41:45,1786639306,13.822496,100.512271,15.7,-0.16,0.9,-0.6,102.1,102.1,0.0,0.01,0.07,16.2,100,AUTO.LOITER,0,0
2026-08-13T23:41:46,1786639307,13.822495,100.512271,15.7,-0.16,0.9,-0.6,102.1,102.1,-0.02,0.01,0.06,16.2,100,AUTO.LOITER,0,0
2026-08-13T23:41:47,1786639308,13.822495,100.512271,15.7,-0.15,0.9,-0.6,102.1,102.1,-0.02,0.0,0.05,16.2,100,AUTO.LOITER,0,0
2026-08-13T23:41:48,1786639309,13.822496,100.512271,15.4,-0.15,0.9,-0.6,102.1,102.1,-0.02,0.0,0.05,16.2,100,AUTO.LOITER,0,0
2026-08-13T23:41:49,1786639310,13.822495,100.512271,15.7,-0.14,0.9,-0.6,102.1,102.1,-0.01,0.0,0.04,16.2,100,AUTO.LOITER,0,0
2026-08-13T23:41:50,1786639311,13.822495,100.512271,15.8,-0.13,0.8,-0.6,102.1,102.1,-0.02,0.0,0.03,16.2,100,AUTO.LOITER,0,0
2026-08-13T23:41:51,1786639312,13.822495,100.512271,15.8,-0.13,0.8,-0.6,102.1,102.1,-0.01,0.0,0.03,16.2,100,AUTO.LOITER,0,0
2026-08-13T23:41:52,1786639313,13.822495,100.512271,15.7,-0.14,0.8,-0.6,102.1,102.1,0.0,0.0,0.04,16.2,100,AUTO.LOITER,0,0
2026-08-13T23:41:53,1786639314,13.822496,100.512271,15.7,-0.14,0.8,-0.6,102.1,102.1,0.0,0.0,0.05,16.2,100,AUTO.LOITER,0,0
2026-08-13T23:41:54,1786639315,13.822496,100.512271,15.7,-0.14,0.8,-0.6,102.1,102.1,0.01,0.0,0.04,16.2,100,AUTO.LOITER,0,0
2026-08-13T23:41:55,1786639316,13.822496,100.512271,15.7,-0.14,0.8,-0.6,102.2,102.2,0.01,0.0,0.04,16.2,100,AUTO.LOITER,0,0
2026-08-13T23:41:56,1786639317,13.822496,100.512271,15.7,-0.14,0.8,-0.6,102.2,102.2,-0.01,0.01,0.04,16.2,100,AUTO.LOITER,0,0
2026-08-13T23:41:57,1786639318,13.822495,100.512271,15.7,-0.14,0.8,-0.6,102.2,102.2,-0.02,0.0,0.04,16.2,100,AUTO.LOITER,0,0
2026-08-13T23:41:58,1786639319,13.822496,100.512271,15.7,-0.13,0.8,-0.6,102.2,102.2,0.0,0.0,0.03,16.2,100,AUTO.LOITER,0,0
2026-08-13T23:41:59,1786639320,13.822496,100.512271,15.4,-0.13,0.8,-0.6,102.2,102.2,0.0,0.0,0.03,16.2,100,AUTO.LOITER,0,0
2026-08-13T23:42:00,1786639321,13.822495,100.512271,15.5,-0.13,0.7,-0.7,102.2,102.2,0.0,0.0,0.03,16.2,100,AUTO.LOITER,0,0
2026-08-13T23:42:01,1786639322,13.822496,100.512271,15.8,-0.13,0.7,-0.7,102.2,102.2,0.0,0.0,0.03,16.2,100,AUTO.LOITER,0,0
2026-08-13T23:42:02,1786639323,13.822495,100.512271,15.7,-0.14,0.7,-0.7,102.2,102.2,-0.01,0.0,0.04,16.2,100,AUTO.LOITER,0,0
2026-08-13T23:42:03,1786639324,13.822495,100.512271,15.7,-0.14,0.7,-0.7,102.2,102.2,-0.02,0.01,0.05,16.2,100,AUTO.LOITER,0,0
2026-08-13T23:42:04,1786639325,13.822495,100.512271,15.7,-0.15,0.7,-0.7,102.2,102.2,-0.03,0.01,0.05,16.2,100,AUTO.LOITER,0,0
2026-08-13T23:42:05,1786639326,13.822495,100.512271,15.7,-0.14,0.7,-0.7,102.2,102.2,-0.03,0.0,0.04,16.2,100,AUTO.LOITER,0,0
2026-08-13T23:42:06,1786639327,13.822495,100.512271,15.7,-0.14,0.7,-0.7,102.2,102.2,-0.03,0.0,0.04,16.2,100,AUTO.LOITER,0,0
2026-08-13T23:42:07,1786639328,13.822496,100.512271,15.4,-0.14,0.7,-0.7,102.2,102.2,-0.03,0.0,0.04,16.2,100,AUTO.LOITER,0,0
2026-08-13T23:42:08,1786639329,13.822496,100.512271,15.4,-0.14,0.7,-0.7,102.2,102.2,-0.03,0.0,0.04,16.2,100,AUTO.LOITER,0,0
2026-08-13T23:42:09,1786639330,13.822495,100.512271,15.7,-0.14,0.7,-0.6,102.2,102.2,0.0,0.01,0.04,16.2,100,AUTO.LOITER,0,0
2026-08-13T23:42:10,1786639331,13.822495,100.512271,15.7,-0.14,0.7,-0.6,102.2,102.2,0.0,0.01,0.04,16.2,100,AUTO.LOITER,0,0
2026-08-13T23:42:11,1786639332,13.822496,100.512271,15.4,-0.14,0.7,-0.6,102.2,102.2,0.0,0.01,0.04,16.2,100,AUTO.LOITER,0,0
2026-08-13T23:42:12,1786639333,13.822496,100.512271,15.3,-0.15,0.7,-0.6,102.2,102.2,0.01,-0.01,0.05,16.2,100,AUTO.LOITER,0,0
2026-08-13T23:42:13,1786639334,13.822496,100.512271,15.7,-0.14,0.7,-0.7,102.3,102.3,0.0,-0.01,0.04,16.2,100,AUTO.LOITER,0,0
2026-08-13T23:42:14,1786639335,13.822496,100.512271,15.7,-0.14,0.7,-0.7,102.3,102.3,0.0,-0.01,0.04,16.2,100,AUTO.LOITER,0,0
2026-08-13T23:42:15,1786639336,13.822495,100.512271,15.7,-0.14,0.7,-0.7,102.3,102.3,-0.01,0.0,0.04,16.2,100,AUTO.LOITER,0,0
2026-08-13T23:42:16,1786639337,13.822495,100.512271,15.7,-0.13,0.7,-0.7,102.3,102.3,-0.02,0.0,0.04,16.2,100,AUTO.LOITER,0,0
2026-08-13T23:42:17,1786639338,13.822495,100.512271,15.7,-0.14,0.7,-0.7,102.3,102.3,-0.03,0.0,0.04,16.2,100,AUTO.LOITER,0,0
2026-08-13T23:42:18,1786639339,13.822495,100.512271,15.7,-0.14,0.7,-0.7,102.3,102.3,-0.03,0.01,0.04,16.2,100,AUTO.LOITER,0,0
2026-08-13T23:42:19,1786639340,13.822496,100.512271,15.4,-0.14,0.7,-0.7,102.3,102.3,-0.03,0.01,0.04,16.2,100,AUTO.LOITER,0,0
2026-08-13T23:42:20,1786639341,13.822496,100.512271,15.4,-0.14,0.6,-0.7,102.3,102.3,-0.03,0.01,0.04,16.2,100,AUTO.LOITER,0,0
2026-08-13T23:42:21,1786639342,13.822495,100.512271,15.4,-0.14,0.6,-0.6,102.3,102.3,-0.03,0.01,0.04,16.2,100,AUTO.LOITER,0,0
2026-08-13T23:42:22,1786639343,13.822495,100.512271,15.7,-0.13,0.6,-0.6,102.3,102.3,-0.01,0.02,0.03,16.2,100,AUTO.LOITER,0,0
2026-08-13T23:42:23,1786639344,13.822495,100.512271,15.7,-0.13,0.6,-0.6,102.3,102.3,-0.03,0.02,0.04,16.2,100,AUTO.LOITER,0,0
2026-08-13T23:42:24,1786639345,13.822495,100.512271,15.7,-0.14,0.6,-0.6,102.3,102.3,-0.03,0.01,0.04,16.2,100,AUTO.LOITER,0,0
2026-08-13T23:42:25,1786639346,13.822495,100.512271,15.7,-0.14,0.5,-0.5,102.3,102.3,-0.03,0.0,0.04,16.2,100,AUTO.LOITER,0,0
2026-08-13T23:42:26,1786639347,13.822495,100.512271,15.8,-0.13,0.5,-0.5,102.3,102.3,-0.03,0.0,0.02,16.2,100,AUTO.LOITER,0,0
2026-08-13T23:42:27,1786639348,13.822495,100.512271,15.8,-0.12,0.5,-0.5,102.3,102.3,-0.01,0.0,0.02,16.2,100,AUTO.LOITER,0,0
2026-08-13T23:42:28,1786639349,13.822496,100.512271,15.8,-0.12,0.5,-0.5,102.3,102.3,0.0,0.01,0.02,16.2,100,AUTO.LOITER,0,0
2026-08-13T23:42:29,1786639350,13.822495,100.512271,15.7,-0.13,0.5,-0.5,102.3,102.3,0.0,0.01,0.03,16.2,100,AUTO.LOITER,0,0
2026-08-13T23:42:30,1786639351,13.822495,100.512271,15.7,-0.14,0.4,-0.4,102.3,102.3,0.0,0.01,0.04,16.2,100,AUTO.LOITER,0,0
2026-08-13T23:42:31,1786639352,13.822496,100.512271,15.7,-0.14,0.4,-0.4,102.3,102.3,0.0,0.01,0.05,16.2,100,AUTO.LOITER,0,0
2026-08-13T23:42:32,1786639353,13.822495,100.512271,15.3,-0.14,0.4,-0.4,102.3,102.3,0.0,0.01,0.05,16.2,100,AUTO.LOITER,0,0
2026-08-13T23:42:33,1786639354,13.822496,100.512271,15.4,-0.15,0.4,-0.4,102.3,102.3,0.0,0.02,0.06,16.2,100,AUTO.LOITER,0,0
2026-08-13T23:42:34,1786639355,13.822496,100.512271,15.7,-0.15,0.4,-0.3,102.3,102.3,0.0,0.01,0.05,16.2,100,AUTO.LOITER,0,0
2026-08-13T23:42:35,1786639356,13.822496,100.512271,15.7,-0.14,0.4,-0.3,102.3,102.3,0.0,0.0,0.04,16.2,100,AUTO.LOITER,0,0
2026-08-13T23:42:36,1786639357,13.822496,100.512271,15.7,-0.14,0.4,-0.2,102.3,102.3,0.01,0.0,0.03,16.2,100,AUTO.LOITER,0,0
2026-08-13T23:42:37,1786639358,13.822496,100.512271,15.7,-0.13,0.4,-0.2,102.3,102.3,0.01,0.0,0.03,16.2,100,AUTO.LOITER,0,0
2026-08-13T23:42:38,1786639359,13.822496,100.512271,15.7,-0.13,0.4,-0.2,102.3,102.3,0.01,-0.01,0.03,16.2,100,AUTO.LOITER,0,0
2026-08-13T23:42:39,1786639360,13.822496,100.512271,15.7,-0.13,0.4,-0.2,102.3,102.3,0.01,-0.01,0.03,16.2,100,AUTO.LOITER,0,0
2026-08-13T23:42:40,1786639361,13.822496,100.512271,15.8,-0.12,0.4,-0.1,102.3,102.3,0.0,-0.02,0.01,16.2,100,AUTO.LOITER,0,0
2026-08-13T23:42:41,1786639362,13.822495,100.512271,15.8,-0.11,0.4,-0.1,102.3,102.3,0.0,-0.02,0.0,16.2,100,AUTO.LOITER,0,0
2026-08-13T23:42:42,1786639363,13.822496,100.512271,15.8,-0.1,0.4,-0.1,102.3,102.3,0.0,-0.01,-0.01,16.2,100,AUTO.LOITER,0,0
2026-08-13T23:42:43,1786639364,13.822496,100.512271,15.4,-0.1,0.4,-0.1,102.3,102.3,0.0,-0.01,-0.01,16.2,100,AUTO.LOITER,0,0
2026-08-13T23:42:44,1786639365,13.822496,100.512271,15.8,-0.09,0.4,-0.1,102.3,102.3,0.0,0.0,-0.02,16.2,100,AUTO.LOITER,0,0
2026-08-13T23:42:45,1786639366,13.822496,100.512271,15.8,-0.07,0.4,-0.1,102.3,102.3,0.0,-0.01,-0.04,16.2,100,AUTO.LOITER,0,0
2026-08-13T23:42:46,1786639367,13.822496,100.512271,15.4,-0.07,0.4,-0.1,102.3,102.3,0.0,-0.01,-0.04,16.2,100,AUTO.LOITER,0,0
2026-08-13T23:42:47,1786639368,13.822496,100.512271,15.8,-0.06,0.4,-0.1,102.3,102.3,0.0,-0.03,-0.05,16.2,100,AUTO.LOITER,0,0
2026-08-13T23:42:48,1786639369,13.822495,100.512271,15.8,-0.06,0.4,-0.1,102.2,102.2,0.0,-0.04,-0.05,16.2,100,AUTO.LOITER,0,0
2026-08-13T23:42:49,1786639370,13.822495,100.512271,15.8,-0.07,0.4,-0.1,102.2,102.2,0.0,-0.05,-0.04,16.2,100,AUTO.LOITER,0,0
2026-08-13T23:42:50,1786639371,13.822495,100.51227,15.8,-0.07,0.4,-0.1,102.2,102.2,0.0,-0.05,-0.03,16.2,100,AUTO.LOITER,0,0
2026-08-13T23:42:51,1786639372,13.822495,100.512271,15.8,-0.08,0.4,-0.2,102.2,102.2,0.01,-0.05,-0.03,16.2,100,AUTO.LOITER,0,0
2026-08-13T23:42:52,1786639373,13.822496,100.512271,15.8,-0.07,0.4,-0.2,102.2,102.2,0.02,-0.04,-0.03,16.2,100,AUTO.LOITER,0,0
2026-08-13T23:42:53,1786639374,13.822496,100.512271,15.8,-0.07,0.4,-0.2,102.2,102.2,0.02,-0.04,-0.03,16.2,100,AUTO.LOITER,0,0
2026-08-13T23:42:54,1786639375,13.822496,100.512271,15.8,-0.07,0.4,-0.2,102.2,102.2,0.02,-0.04,-0.03,16.2,100,AUTO.LOITER,0,0
2026-08-13T23:42:55,1786639376,13.822496,100.512271,15.8,-0.07,0.5,-0.3,102.2,102.2,0.01,-0.04,-0.04,16.2,100,AUTO.LOITER,0,0
2026-08-13T23:42:56,1786639377,13.822496,100.512271,15.8,-0.07,0.5,-0.3,102.2,102.2,0.01,-0.04,-0.04,16.2,100,AUTO.LOITER,0,0
2026-08-13T23:42:57,1786639378,13.822496,100.512271,15.8,-0.07,0.5,-0.3,102.2,102.2,0.0,-0.01,-0.04,16.2,100,AUTO.LOITER,0,0
2026-08-13T23:42:58,1786639379,13.822496,100.512271,15.3,-0.07,0.5,-0.3,102.2,102.2,0.0,-0.01,-0.04,16.2,100,AUTO.LOITER,0,0
2026-08-13T23:42:59,1786639380,13.822496,100.512271,15.8,-0.06,0.5,-0.3,102.2,102.2,-0.01,-0.01,-0.05,16.2,100,AUTO.LOITER,0,0
2026-08-13T23:43:00,1786639381,13.822495,100.512271,15.8,-0.06,0.5,-0.3,102.2,102.2,-0.02,-0.01,-0.06,16.2,100,AUTO.LOITER,0,0
2026-08-13T23:43:01,1786639382,13.822496,100.512271,15.4,-0.06,0.4,-0.3,102.2,102.2,-0.02,-0.01,-0.06,16.2,100,AUTO.LOITER,0,0
2026-08-13T23:43:02,1786639383,13.822495,100.512271,15.8,-0.05,0.4,-0.3,102.2,102.2,-0.01,-0.01,-0.07,16.2,100,AUTO.LOITER,0,0
2026-08-13T23:43:03,1786639384,13.822495,100.512271,15.8,-0.05,0.4,-0.3,102.2,102.2,-0.01,-0.01,-0.07,16.2,100,AUTO.LOITER,0,0
2026-08-13T23:43:04,1786639385,13.822495,100.512271,15.8,-0.05,0.4,-0.4,102.2,102.2,-0.01,-0.01,-0.07,16.2,100,AUTO.LOITER,0,0
2026-08-13T23:43:05,1786639386,13.822495,100.512271,15.8,-0.05,0.4,-0.4,102.2,102.2,-0.01,0.0,-0.05,16.2,100,AUTO.LOITER,0,0
2026-08-13T23:43:06,1786639387,13.822495,100.512271,15.8,-0.06,0.4,-0.4,102.2,102.2,0.0,0.0,-0.04,16.2,100,AUTO.LOITER,0,0
2026-08-13T23:43:07,1786639388,13.822495,100.512271,15.8,-0.07,0.4,-0.4,102.2,102.2,0.0,0.02,-0.03,16.2,100,AUTO.LOITER,0,0
2026-08-13T23:43:08,1786639389,13.822495,100.512271,15.8,-0.08,0.5,-0.4,102.2,102.2,0.0,0.02,-0.02,16.2,100,AUTO.LOITER,0,0
2026-08-13T23:43:09,1786639390,13.822496,100.512271,15.4,-0.08,0.5,-0.4,102.2,102.2,0.0,0.02,-0.02,16.2,100,AUTO.LOITER,0,0
2026-08-13T23:43:10,1786639391,13.822496,100.512271,15.8,-0.09,0.5,-0.4,102.2,102.2,0.0,0.01,-0.02,16.2,100,AUTO.LOITER,0,0
2026-08-13T23:43:11,1786639392,13.822496,100.512271,15.8,-0.08,0.5,-0.4,102.2,102.2,0.01,0.0,-0.03,16.2,100,AUTO.LOITER,0,0
2026-08-13T23:43:12,1786639393,13.822496,100.512271,15.3,-0.08,0.5,-0.4,102.2,102.2,0.01,0.0,-0.03,16.2,100,AUTO.LOITER,0,0
2026-08-13T23:43:13,1786639394,13.822495,100.512271,15.8,-0.07,0.5,-0.4,102.2,102.2,0.0,0.01,-0.03,16.2,100,AUTO.LOITER,0,0
2026-08-13T23:43:14,1786639395,13.822495,100.512271,15.8,-0.08,0.5,-0.4,102.2,102.2,0.0,0.01,-0.02,16.2,100,AUTO.LOITER,0,0
2026-08-13T23:43:15,1786639396,13.822496,100.512271,15.8,-0.08,0.6,-0.4,102.2,102.2,0.0,0.01,-0.02,16.2,100,AUTO.LOITER,0,0
2026-08-13T23:43:16,1786639397,13.822496,100.512271,15.8,-0.08,0.6,-0.4,102.3,102.3,0.0,0.02,-0.02,16.2,100,AUTO.LOITER,0,0
2026-08-13T23:43:17,1786639398,13.822496,100.512271,15.8,-0.08,0.6,-0.3,102.3,102.3,0.0,0.02,-0.03,16.2,100,AUTO.LOITER,0,0
2026-08-13T23:43:18,1786639399,13.822495,100.512271,15.8,-0.07,0.6,-0.3,102.3,102.3,0.0,0.02,-0.03,16.2,100,AUTO.LOITER,0,0
2026-08-13T23:43:19,1786639400,13.822495,100.512271,15.4,-0.07,0.6,-0.3,102.3,102.3,0.0,0.02,-0.03,16.2,100,AUTO.LOITER,0,0
2026-08-13T23:43:20,1786639401,13.822495,100.512271,15.4,-0.07,0.6,-0.3,102.3,102.3,0.0,0.02,-0.03,16.2,100,AUTO.LOITER,0,0
2026-08-13T23:43:21,1786639402,13.822495,100.512271,15.8,-0.07,0.6,-0.3,102.3,102.3,-0.03,0.0,-0.03,16.2,100,AUTO.LOITER,0,0
2026-08-13T23:43:22,1786639403,13.822495,100.512271,15.8,-0.08,0.6,-0.3,102.3,102.3,-0.03,0.0,-0.03,16.2,100,AUTO.LOITER,0,0
2026-08-13T23:43:23,1786639404,13.822495,100.512271,15.8,-0.08,0.6,-0.2,102.3,102.3,-0.03,0.01,-0.03,16.2,100,AUTO.LOITER,0,0
2026-08-13T23:43:24,1786639405,13.822495,100.512271,15.8,-0.07,0.6,-0.2,102.3,102.3,-0.01,0.0,-0.04,16.2,100,AUTO.LOITER,0,0
2026-08-13T23:43:25,1786639406,13.822495,100.512271,15.8,-0.06,0.6,-0.2,102.3,102.3,-0.01,0.0,-0.05,16.2,100,AUTO.LOITER,0,0
2026-08-13T23:43:26,1786639407,13.822495,100.512271,15.8,-0.06,0.6,-0.2,102.3,102.3,-0.03,0.0,-0.04,16.2,100,AUTO.LOITER,0,0
2026-08-13T23:43:27,1786639408,13.822495,100.512271,15.8,-0.06,0.6,-0.2,102.3,102.3,0.0,0.0,-0.04,16.2,100,AUTO.LOITER,0,0
2026-08-13T23:43:28,1786639409,13.822495,100.512271,15.3,-0.06,0.6,-0.2,102.3,102.3,0.0,0.0,-0.04,16.2,100,AUTO.LOITER,0,0
2026-08-13T23:43:29,1786639410,13.822495,100.512271,15.4,-0.06,0.6,-0.2,102.3,102.3,0.0,0.0,-0.04,16.2,100,AUTO.LOITER,0,0
2026-08-13T23:43:30,1786639411,13.822495,100.512271,15.8,-0.06,0.6,-0.2,102.4,102.4,0.0,0.0,-0.04,16.2,100,AUTO.LOITER,0,0
2026-08-13T23:43:31,1786639412,13.822495,100.512271,15.8,-0.06,0.6,-0.2,102.4,102.4,0.0,-0.01,-0.05,16.2,100,AUTO.LOITER,0,0
2026-08-13T23:43:32,1786639413,13.822495,100.512271,15.8,-0.06,0.6,-0.2,102.4,102.4,0.0,-0.03,-0.05,16.2,100,AUTO.LOITER,0,0
2026-08-13T23:43:33,1786639414,13.822496,100.51227,15.8,-0.06,0.6,-0.2,102.4,102.4,0.0,-0.04,-0.05,16.2,100,AUTO.LOITER,0,0
2026-08-13T23:43:34,1786639415,13.822495,100.512271,15.8,-0.06,0.6,-0.3,102.4,102.4,-0.01,-0.02,-0.05,16.2,100,AUTO.LOITER,0,0
2026-08-13T23:43:35,1786639416,13.822495,100.512271,15.8,-0.06,0.6,-0.3,102.4,102.4,-0.01,-0.02,-0.05,16.2,100,AUTO.LOITER,0,0
2026-08-13T23:43:36,1786639417,13.822495,100.512271,15.4,-0.06,0.6,-0.3,102.4,102.4,-0.01,-0.02,-0.05,16.2,100,AUTO.LOITER,0,0
2026-08-13T23:43:37,1786639418,13.822495,100.512271,15.8,-0.05,0.6,-0.3,102.4,102.4,-0.02,-0.01,-0.06,16.2,100,AUTO.LOITER,0,0
2026-08-13T23:43:38,1786639419,13.822495,100.512271,15.8,-0.05,0.6,-0.3,102.4,102.4,-0.02,-0.01,-0.06,16.2,100,AUTO.LOITER,0,0
2026-08-13T23:43:39,1786639420,13.822495,100.512271,15.8,-0.04,0.5,-0.3,102.4,102.4,-0.01,0.0,-0.07,16.2,100,AUTO.LOITER,0,0
2026-08-13T23:43:40,1786639421,13.822496,100.512271,15.4,-0.04,0.5,-0.3,102.4,102.4,-0.01,0.0,-0.07,16.2,100,AUTO.LOITER,0,0
2026-08-13T23:43:41,1786639422,13.822495,100.512271,15.8,-0.04,0.5,-0.3,102.4,102.4,-0.01,-0.01,-0.07,16.2,100,AUTO.LOITER,0,0
2026-08-13T23:43:42,1786639423,13.822496,100.512271,15.8,-0.04,0.5,-0.3,102.4,102.4,-0.01,-0.03,-0.06,16.2,100,AUTO.LOITER,0,0
2026-08-13T23:43:43,1786639424,13.822496,100.512271,15.4,-0.04,0.5,-0.4,102.5,102.5,-0.01,-0.03,-0.06,16.2,100,AUTO.LOITER,0,0
2026-08-13T23:43:44,1786639425,13.822495,100.512271,15.4,-0.04,0.5,-0.4,102.5,102.5,-0.01,-0.03,-0.06,16.2,100,AUTO.LOITER,0,0
2026-08-13T23:43:45,1786639426,13.822496,100.512271,15.8,-0.06,0.4,-0.4,102.5,102.5,0.01,0.0,-0.05,16.2,100,AUTO.LOITER,0,0
2026-08-13T23:43:46,1786639427,13.822496,100.512271,15.8,-0.06,0.5,-0.4,102.5,102.5,0.01,-0.01,-0.06,16.2,100,AUTO.LOITER,0,0
2026-08-13T23:43:47,1786639428,13.822496,100.512271,15.8,-0.04,0.5,-0.5,102.5,102.5,0.0,0.0,-0.08,16.2,100,AUTO.LOITER,0,0
2026-08-13T23:43:48,1786639429,13.822495,100.512271,15.8,-0.03,0.5,-0.5,102.5,102.5,-0.01,0.0,-0.09,16.2,100,AUTO.LOITER,0,0
2026-08-13T23:43:49,1786639430,13.822495,100.512271,15.9,-0.02,0.5,-0.5,102.5,102.5,-0.02,0.0,-0.09,16.2,100,AUTO.LOITER,0,0
2026-08-13T23:43:50,1786639431,13.822495,100.512271,15.9,-0.02,0.5,-0.5,102.5,102.5,0.0,0.0,-0.1,16.2,100,AUTO.LOITER,0,0
2026-08-13T23:43:51,1786639432,13.822495,100.512271,15.9,-0.02,0.5,-0.5,102.4,102.4,0.0,0.0,-0.1,16.2,100,AUTO.LOITER,0,0
2026-08-13T23:43:52,1786639433,13.822495,100.512271,15.9,-0.02,0.5,-0.5,102.4,102.4,0.0,0.0,-0.1,16.2,100,AUTO.LOITER,0,0
2026-08-13T23:43:53,1786639434,13.822495,100.512271,15.9,-0.02,0.5,-0.5,102.4,102.4,0.0,0.0,-0.1,16.2,100,AUTO.LOITER,0,0
2026-08-13T23:43:54,1786639435,13.822495,100.512271,15.9,-0.02,0.4,-0.5,102.4,102.4,0.0,0.0,-0.1,16.2,100,AUTO.LOITER,0,0
2026-08-13T23:43:55,1786639436,13.822495,100.512271,15.9,-0.01,0.4,-0.5,102.4,102.4,-0.01,0.0,-0.12,16.2,100,AUTO.LOITER,0,0
2026-08-13T23:43:56,1786639437,13.822495,100.512271,15.9,0.0,0.4,-0.5,102.4,102.4,-0.01,0.0,-0.13,16.2,100,AUTO.LOITER,0,0
2026-08-13T23:43:57,1786639438,13.822495,100.512271,15.9,0.01,0.4,-0.5,102.4,102.4,-0.01,0.01,-0.12,16.2,100,AUTO.LOITER,0,0
2026-08-13T23:43:58,1786639439,13.822495,100.512271,15.9,-0.0,0.4,-0.5,102.4,102.4,-0.02,0.0,-0.11,16.2,100,AUTO.LOITER,0,0
2026-08-13T23:43:59,1786639440,13.822495,100.512271,15.9,-0.01,0.4,-0.4,102.4,102.4,-0.03,0.0,-0.11,16.2,100,AUTO.LOITER,0,0
2026-08-13T23:44:00,1786639441,13.822495,100.512271,15.9,-0.01,0.3,-0.4,102.4,102.4,-0.02,0.0,-0.1,16.2,100,AUTO.LOITER,0,0
2026-08-13T23:44:01,1786639442,13.822495,100.512271,15.9,-0.01,0.3,-0.4,102.4,102.4,-0.01,0.01,-0.11,16.2,100,AUTO.LOITER,0,0
2026-08-13T23:44:02,1786639443,13.822495,100.512271,15.9,-0.01,0.3,-0.4,102.4,102.4,-0.01,0.01,-0.11,16.2,100,AUTO.LOITER,0,0
2026-08-13T23:44:03,1786639444,13.822495,100.512271,15.9,-0.01,0.3,-0.4,102.4,102.4,0.0,0.01,-0.11,16.2,100,AUTO.LOITER,0,0
2026-08-13T23:44:04,1786639445,13.822496,100.512271,15.9,-0.01,0.3,-0.4,102.4,102.4,0.01,0.0,-0.1,16.2,100,AUTO.LOITER,0,0
2026-08-13T23:44:05,1786639446,13.822496,100.512271,15.9,-0.02,0.3,-0.4,102.4,102.4,0.01,0.0,-0.1,16.2,100,AUTO.LOITER,0,0
2026-08-13T23:44:06,1786639447,13.822496,100.512271,15.9,-0.02,0.3,-0.4,102.4,102.4,0.01,0.0,-0.1,16.2,100,AUTO.LOITER,0,0
2026-08-13T23:44:07,1786639448,13.822496,100.512271,15.9,-0.02,0.4,-0.3,102.4,102.4,0.01,0.0,-0.1,16.2,100,AUTO.LOITER,0,0
2026-08-13T23:44:08,1786639449,13.822496,100.512271,15.9,-0.02,0.4,-0.3,102.4,102.4,0.01,0.0,-0.09,16.2,100,AUTO.LOITER,0,0
2026-08-13T23:44:09,1786639450,13.822496,100.512271,15.9,-0.02,0.4,-0.3,102.4,102.4,0.0,0.01,-0.1,16.2,100,AUTO.LOITER,0,0
2026-08-13T23:44:10,1786639451,13.822495,100.512271,15.9,-0.02,0.4,-0.3,102.4,102.4,-0.03,0.01,-0.1,16.2,100,AUTO.LOITER,0,0
2026-08-13T23:44:11,1786639452,13.822495,100.512271,15.9,-0.01,0.4,-0.3,102.4,102.4,-0.03,0.01,-0.11,16.2,100,AUTO.LOITER,0,0
2026-08-13T23:44:12,1786639453,13.822495,100.512271,15.9,-0.01,0.4,-0.3,102.4,102.4,-0.02,0.01,-0.12,16.2,100,AUTO.LOITER,0,0
2026-08-13T23:44:13,1786639454,13.822496,100.512271,15.4,-0.01,0.4,-0.3,102.4,102.4,-0.02,0.01,-0.12,16.2,100,AUTO.LOITER,0,0
2026-08-13T23:44:14,1786639455,13.822496,100.512271,15.9,0.0,0.4,-0.2,102.4,102.4,-0.01,0.02,-0.13,16.2,100,AUTO.LOITER,0,0
2026-08-13T23:44:15,1786639456,13.822496,100.512271,15.9,0.01,0.4,-0.2,102.4,102.4,-0.01,0.01,-0.13,16.2,100,AUTO.LOITER,0,0
2026-08-13T23:44:16,1786639457,13.822496,100.512271,15.9,0.01,0.4,-0.2,102.4,102.4,0.0,0.0,-0.13,16.2,100,AUTO.LOITER,0,0
2026-08-13T23:44:17,1786639458,13.822496,100.512271,15.9,0.01,0.4,-0.2,102.4,102.4,0.01,0.0,-0.14,16.2,100,AUTO.LOITER,0,0
2026-08-13T23:44:18,1786639459,13.822496,100.512271,15.9,0.02,0.4,-0.2,102.4,102.4,0.02,-0.01,-0.14,16.2,100,AUTO.LOITER,0,0
2026-08-13T23:44:19,1786639460,13.822496,100.512271,15.9,0.02,0.4,-0.2,102.4,102.4,0.01,-0.01,-0.14,16.2,100,AUTO.LOITER,0,0
2026-08-13T23:44:20,1786639461,13.822496,100.512271,15.9,0.02,0.4,-0.2,102.4,102.4,0.0,0.0,-0.14,16.2,100,AUTO.LOITER,0,0
2026-08-13T23:44:21,1786639462,13.822496,100.512271,15.9,0.01,0.4,-0.2,102.4,102.4,0.01,0.0,-0.14,16.2,100,AUTO.LOITER,0,0
2026-08-13T23:44:22,1786639463,13.822496,100.512271,15.9,0.02,0.5,-0.2,102.4,102.4,0.0,0.0,-0.15,16.2,100,AUTO.LOITER,0,0
2026-08-13T23:44:23,1786639464,13.822496,100.512271,15.9,0.02,0.5,-0.2,102.4,102.4,0.0,-0.01,-0.15,16.2,100,AUTO.LOITER,0,0
2026-08-13T23:44:24,1786639465,13.822495,100.512271,15.4,0.02,0.5,-0.2,102.4,102.4,0.0,-0.01,-0.15,16.2,100,AUTO.LOITER,0,0
2026-08-13T23:44:25,1786639466,13.822495,100.512271,15.9,0.02,0.5,-0.2,102.4,102.4,-0.01,-0.01,-0.15,16.2,100,AUTO.LOITER,0,0
2026-08-13T23:44:26,1786639467,13.822495,100.512271,15.9,0.02,0.5,-0.2,102.4,102.4,-0.01,0.01,-0.15,16.2,100,AUTO.LOITER,0,0
2026-08-13T23:44:27,1786639468,13.822495,100.512271,15.9,0.02,0.6,-0.2,102.4,102.4,-0.01,0.02,-0.14,16.2,100,AUTO.LOITER,0,0
2026-08-13T23:44:28,1786639469,13.822495,100.512271,15.9,0.01,0.6,-0.1,102.4,102.4,-0.02,0.02,-0.13,16.2,100,AUTO.LOITER,0,0
2026-08-13T23:44:29,1786639470,13.822495,100.512271,15.9,0.01,0.6,-0.1,102.4,102.4,-0.01,0.0,-0.12,16.2,100,AUTO.LOITER,0,0
2026-08-13T23:44:30,1786639471,13.822496,100.512271,15.9,-0.0,0.6,-0.1,102.4,102.4,-0.01,0.0,-0.11,16.2,100,AUTO.LOITER,0,0
2026-08-13T23:44:31,1786639472,13.822496,100.512271,15.9,-0.01,0.6,-0.1,102.4,102.4,-0.01,0.0,-0.11,16.2,100,AUTO.LOITER,0,0
2026-08-13T23:44:32,1786639473,13.822496,100.512271,15.9,-0.01,0.5,-0.1,102.4,102.4,-0.02,0.0,-0.11,16.2,100,AUTO.LOITER,0,0
2026-08-13T23:44:33,1786639474,13.822495,100.512271,15.9,-0.01,0.6,-0.1,102.4,102.4,-0.02,0.01,-0.1,16.2,100,AUTO.LOITER,0,0
2026-08-13T23:44:34,1786639475,13.822495,100.512271,15.9,-0.02,0.6,-0.0,102.4,102.4,-0.01,0.0,-0.1,16.2,100,AUTO.LOITER,0,0
2026-08-13T23:44:35,1786639476,13.822495,100.512271,15.9,-0.02,0.6,-0.0,102.4,102.4,-0.01,0.0,-0.1,16.2,100,AUTO.LOITER,0,0
2026-08-13T23:44:36,1786639477,13.822496,100.512271,15.4,-0.02,0.6,-0.0,102.4,102.4,-0.01,0.0,-0.1,16.2,100,AUTO.LOITER,0,0
2026-08-13T23:44:37,1786639478,13.822495,100.512271,15.9,-0.02,0.6,0.0,102.4,102.4,-0.01,0.0,-0.09,16.2,100,AUTO.LOITER,0,0
2026-08-13T23:44:38,1786639479,13.822495,100.512271,15.9,-0.02,0.6,0.0,102.4,102.4,-0.02,-0.01,-0.09,16.2,100,AUTO.LOITER,0,0
2026-08-13T23:44:39,1786639480,13.822495,100.512271,15.9,-0.03,0.5,-0.0,102.3,102.3,0.0,-0.01,-0.08,16.2,100,AUTO.LOITER,0,0
2026-08-13T23:44:40,1786639481,13.822496,100.512271,15.8,-0.03,0.5,-0.0,102.3,102.3,0.0,-0.01,-0.08,16.2,100,AUTO.LOITER,0,0
2026-08-13T23:44:41,1786639482,13.822495,100.512271,15.8,-0.03,0.6,-0.0,102.3,102.3,0.0,-0.01,-0.09,16.2,100,AUTO.LOITER,0,0
2026-08-13T23:44:42,1786639483,13.822495,100.512271,15.9,-0.02,0.5,-0.1,102.3,102.3,-0.01,-0.01,-0.09,16.2,100,AUTO.LOITER,0,0
2026-08-13T23:44:43,1786639484,13.822496,100.512271,15.9,-0.02,0.5,-0.1,102.3,102.3,-0.01,-0.02,-0.09,16.2,100,AUTO.LOITER,0,0
2026-08-13T23:44:44,1786639485,13.822495,100.512271,15.9,-0.02,0.5,-0.1,102.3,102.3,-0.02,-0.02,-0.08,16.2,100,AUTO.LOITER,0,0
2026-08-13T23:44:45,1786639486,13.822495,100.512271,15.8,-0.03,0.5,-0.1,102.3,102.3,-0.01,-0.01,-0.08,16.2,100,AUTO.LOITER,0,0
2026-08-13T23:44:46,1786639487,13.822495,100.512271,15.8,-0.03,0.5,-0.1,102.3,102.3,-0.01,0.0,-0.07,16.2,100,AUTO.LOITER,0,0
2026-08-13T23:44:47,1786639488,13.822495,100.512271,15.4,-0.03,0.5,-0.1,102.3,102.3,-0.01,0.0,-0.07,16.2,100,AUTO.LOITER,0,0
2026-08-13T23:44:48,1786639489,13.822496,100.512271,15.4,-0.03,0.5,-0.2,102.3,102.3,-0.01,0.01,-0.08,16.2,100,AUTO.LOITER,0,0
2026-08-13T23:44:49,1786639490,13.822496,100.512271,15.4,-0.03,0.5,-0.2,102.3,102.3,-0.01,0.01,-0.08,16.2,100,AUTO.LOITER,0,0
2026-08-13T23:44:50,1786639491,13.822495,100.512271,15.9,-0.02,0.4,-0.1,102.3,102.3,0.0,0.03,-0.09,16.2,100,AUTO.LOITER,0,0
2026-08-13T23:44:51,1786639492,13.822495,100.512271,15.9,-0.02,0.5,-0.1,102.3,102.3,0.01,0.02,-0.09,16.2,100,AUTO.LOITER,0,0
2026-08-13T23:44:52,1786639493,13.822495,100.512271,15.9,-0.02,0.5,-0.1,102.3,102.3,0.01,0.0,-0.09,16.2,100,AUTO.LOITER,0,0
2026-08-13T23:44:53,1786639494,13.822496,100.512271,15.9,-0.02,0.5,-0.0,102.3,102.3,0.01,-0.01,-0.1,16.2,100,AUTO.LOITER,0,0
2026-08-13T23:44:54,1786639495,13.822495,100.51227,15.9,-0.02,0.5,-0.0,102.3,102.3,0.0,-0.01,-0.1,16.2,100,AUTO.LOITER,0,0
2026-08-13T23:44:55,1786639496,13.822495,100.51227,15.9,-0.02,0.5,-0.0,102.3,102.3,0.0,-0.01,-0.09,16.2,100,AUTO.LOITER,0,0
2026-08-13T23:44:56,1786639497,13.822495,100.512271,15.4,-0.02,0.5,-0.0,102.3,102.3,0.0,-0.01,-0.09,16.2,100,AUTO.LOITER,0,0
2026-08-13T23:44:57,1786639498,13.822495,100.512271,15.9,-0.02,0.5,-0.1,102.3,102.3,0.0,0.0,-0.1,16.2,100,AUTO.LOITER,0,0
2026-08-13T23:44:58,1786639499,13.822495,100.512271,15.9,-0.01,0.5,-0.1,102.3,102.3,0.0,0.0,-0.1,16.2,100,AUTO.LOITER,0,0
2026-08-13T23:44:59,1786639500,13.822496,100.512271,15.4,-0.01,0.5,-0.0,102.3,102.3,0.0,0.0,-0.1,16.2,100,AUTO.LOITER,0,0
2026-08-13T23:45:00,1786639501,13.822496,100.512271,15.9,-0.01,0.5,-0.0,102.3,102.3,0.0,0.0,-0.11,16.2,100,AUTO.LOITER,0,0
2026-08-13T23:45:01,1786639502,13.822496,100.512271,15.9,-0.0,0.4,-0.0,102.3,102.3,0.0,0.01,-0.11,16.2,100,AUTO.LOITER,0,0
2026-08-13T23:45:02,1786639503,13.822496,100.512271,15.9,-0.0,0.4,0.0,102.3,102.3,0.0,0.0,-0.11,16.2,100,AUTO.LOITER,0,0
2026-08-13T23:45:03,1786639504,13.822495,100.512271,15.9,-0.01,0.4,0.0,102.3,102.3,0.0,0.0,-0.1,16.2,100,AUTO.LOITER,0,0
2026-08-13T23:45:04,1786639505,13.822496,100.512271,15.4,-0.01,0.4,0.0,102.3,102.3,0.0,0.0,-0.1,16.2,100,AUTO.LOITER,0,0
2026-08-13T23:45:05,1786639506,13.822495,100.512271,15.9,-0.02,0.4,0.0,102.3,102.3,0.01,-0.01,-0.08,16.2,100,AUTO.LOITER,0,0
2026-08-13T23:45:06,1786639507,13.822495,100.512271,15.9,-0.02,0.4,-0.0,102.3,102.3,0.01,-0.01,-0.08,16.2,100,AUTO.LOITER,0,0
2026-08-13T23:45:07,1786639508,13.822496,100.512271,15.8,-0.03,0.4,-0.0,102.3,102.3,0.04,-0.02,-0.08,16.2,100,AUTO.LOITER,0,0
2026-08-13T23:45:08,1786639509,13.822496,100.512271,15.8,-0.03,0.4,-0.1,102.3,102.3,0.02,-0.01,-0.08,16.2,100,AUTO.LOITER,0,0
2026-08-13T23:45:09,1786639510,13.822495,100.512271,15.9,-0.03,0.4,-0.1,102.2,102.2,0.01,-0.01,-0.09,16.2,100,AUTO.LOITER,0,0
2026-08-13T23:45:10,1786639511,13.822496,100.512271,15.4,-0.03,0.4,-0.1,102.2,102.2,0.01,-0.01,-0.09,16.2,100,AUTO.LOITER,0,0
2026-08-13T23:45:11,1786639512,13.822495,100.512271,15.9,-0.02,0.4,-0.1,102.2,102.2,0.01,0.0,-0.09,16.2,100,AUTO.LOITER,0,0
2026-08-13T23:45:12,1786639513,13.822496,100.512271,15.9,-0.02,0.4,-0.1,102.2,102.2,0.01,0.0,-0.09,16.2,100,AUTO.LOITER,0,0
2026-08-13T23:45:13,1786639514,13.822496,100.512271,15.9,-0.02,0.4,-0.1,102.2,102.2,0.01,0.01,-0.09,16.2,100,AUTO.LOITER,0,0
2026-08-13T23:45:14,1786639515,13.822496,100.512271,15.9,-0.02,0.4,-0.1,102.2,102.2,0.01,0.01,-0.09,16.2,100,AUTO.LOITER,0,0
2026-08-13T23:45:15,1786639516,13.822496,100.512271,15.4,-0.02,0.4,-0.1,102.2,102.2,0.01,0.01,-0.09,16.2,100,AUTO.LOITER,0,0
2026-08-13T23:45:16,1786639517,13.822496,100.512271,15.9,-0.02,0.5,-0.1,102.2,102.2,0.0,0.0,-0.09,16.2,100,AUTO.LOITER,0,0
2026-08-13T23:45:17,1786639518,13.822496,100.512271,15.9,-0.02,0.4,-0.1,102.2,102.2,0.0,0.0,-0.1,16.2,100,AUTO.LOITER,0,0
2026-08-13T23:45:18,1786639519,13.822496,100.512271,15.9,-0.01,0.4,-0.1,102.2,102.2,0.01,0.0,-0.09,16.2,100,AUTO.LOITER,0,0
2026-08-13T23:45:19,1786639520,13.822496,100.512271,15.9,-0.02,0.4,-0.1,102.2,102.2,0.02,0.0,-0.09,16.2,100,AUTO.LOITER,0,0
2026-08-13T23:45:20,1786639521,13.822496,100.512271,15.9,-0.02,0.5,-0.1,102.2,102.2,0.01,0.0,-0.08,16.2,100,AUTO.LOITER,0,0
2026-08-13T23:45:21,1786639522,13.822496,100.512271,15.8,-0.03,0.5,-0.1,102.2,102.2,0.02,0.0,-0.07,16.2,100,AUTO.LOITER,0,0
2026-08-13T23:45:22,1786639523,13.822495,100.512271,15.4,-0.03,0.5,-0.1,102.2,102.2,0.02,0.0,-0.07,16.2,100,AUTO.LOITER,0,0
2026-08-13T23:45:23,1786639524,13.822496,100.512271,15.8,-0.04,0.5,-0.1,102.2,102.2,0.02,0.01,-0.06,16.2,100,AUTO.LOITER,0,0
2026-08-13T23:45:24,1786639525,13.822496,100.512271,15.8,-0.05,0.5,-0.1,102.2,102.2,0.01,0.01,-0.06,16.2,100,AUTO.LOITER,0,0
2026-08-13T23:45:25,1786639526,13.822496,100.512271,15.8,-0.05,0.6,-0.1,102.2,102.2,0.02,0.01,-0.06,16.2,100,AUTO.LOITER,0,0
2026-08-13T23:45:26,1786639527,13.822496,100.512271,15.8,-0.05,0.6,-0.1,102.2,102.2,0.0,0.02,-0.05,16.2,100,AUTO.LOITER,0,0
2026-08-13T23:45:27,1786639528,13.822495,100.512271,15.8,-0.06,0.6,-0.1,102.2,102.2,0.0,0.04,-0.04,16.2,100,AUTO.LOITER,0,0
2026-08-13T23:45:28,1786639529,13.822495,100.512271,15.8,-0.06,0.6,-0.1,102.2,102.2,-0.01,0.03,-0.04,16.2,100,AUTO.LOITER,0,0
2026-08-13T23:45:29,1786639530,13.822495,100.512271,15.8,-0.06,0.6,-0.0,102.2,102.2,-0.02,0.02,-0.05,16.2,100,AUTO.LOITER,0,0
2026-08-13T23:45:30,1786639531,13.822495,100.512271,15.8,-0.06,0.6,0.0,102.2,102.2,-0.01,0.02,-0.05,16.2,100,AUTO.LOITER,0,0
2026-08-13T23:45:31,1786639532,13.822495,100.512271,15.8,-0.05,0.6,0.0,102.2,102.2,-0.02,0.01,-0.05,16.2,100,AUTO.LOITER,0,0
2026-08-13T23:45:32,1786639533,13.822495,100.512271,15.8,-0.06,0.6,0.1,102.2,102.2,-0.03,0.01,-0.04,16.2,100,AUTO.LOITER,0,0
2026-08-13T23:45:33,1786639534,13.822495,100.512271,15.3,-0.06,0.6,0.1,102.2,102.2,-0.03,0.01,-0.04,16.2,100,AUTO.LOITER,0,0
2026-08-13T23:45:34,1786639535,13.822495,100.512271,15.8,-0.07,0.5,0.1,102.2,102.2,-0.03,0.0,-0.03,16.2,100,AUTO.LOITER,0,0
2026-08-13T23:45:35,1786639536,13.822495,100.512271,15.8,-0.07,0.5,0.1,102.2,102.2,-0.01,-0.01,-0.03,16.2,100,AUTO.LOITER,0,0
2026-08-13T23:45:36,1786639537,13.822496,100.512271,15.8,-0.07,0.5,0.1,102.2,102.2,0.0,0.0,-0.03,16.2,100,AUTO.LOITER,0,0
2026-08-13T23:45:37,1786639538,13.822496,100.512271,15.8,-0.07,0.5,0.1,102.2,102.2,0.0,-0.01,-0.02,16.2,100,AUTO.LOITER,0,0
2026-08-13T23:45:38,1786639539,13.822496,100.512271,15.8,-0.07,0.5,0.1,102.2,102.2,0.01,-0.01,-0.02,16.2,100,AUTO.LOITER,0,0
2026-08-13T23:45:39,1786639540,13.822496,100.512271,15.4,-0.07,0.5,0.1,102.2,102.2,0.01,-0.01,-0.02,16.2,100,AUTO.LOITER,0,0
2026-08-13T23:45:40,1786639541,13.822496,100.512271,15.4,-0.07,0.5,0.1,102.2,102.2,0.01,-0.01,-0.02,16.2,100,AUTO.LOITER,0,0
2026-08-13T23:45:41,1786639542,13.822496,100.512271,15.8,-0.07,0.5,0.1,102.2,102.2,0.01,-0.01,-0.02,16.2,100,AUTO.LOITER,0,0
2026-08-13T23:45:42,1786639543,13.822496,100.512271,15.8,-0.07,0.5,0.1,102.2,102.2,0.0,-0.01,-0.02,16.2,100,AUTO.LOITER,0,0
2026-08-13T23:45:43,1786639544,13.822495,100.512271,15.8,-0.08,0.5,0.1,102.2,102.2,-0.01,-0.01,-0.02,16.2,100,AUTO.LOITER,0,0
2026-08-13T23:45:44,1786639545,13.822495,100.512271,15.4,-0.08,0.5,0.1,102.2,102.2,-0.01,-0.01,-0.02,16.2,100,AUTO.LOITER,0,0
2026-08-13T23:45:45,1786639546,13.822495,100.512271,15.4,-0.08,0.5,0.1,102.2,102.2,-0.02,-0.02,-0.02,16.2,100,AUTO.LOITER,0,0
2026-08-13T23:45:46,1786639547,13.822495,100.512271,15.8,-0.08,0.4,0.1,102.2,102.2,0.0,-0.01,-0.01,16.2,100,AUTO.LOITER,0,0
2026-08-13T23:45:47,1786639548,13.822495,100.512271,15.8,-0.08,0.4,0.1,102.2,102.2,0.0,0.0,-0.01,16.2,100,AUTO.LOITER,0,0
2026-08-13T23:45:48,1786639549,13.822496,100.512271,15.4,-0.08,0.5,0.1,102.2,102.2,0.0,0.0,-0.01,16.2,100,AUTO.LOITER,0,0
2026-08-13T23:45:49,1786639550,13.822495,100.512271,15.4,-0.08,0.5,0.1,102.2,102.2,0.0,0.0,-0.01,16.2,100,AUTO.LOITER,0,0
2026-08-13T23:45:50,1786639551,13.822496,100.512271,15.8,-0.08,0.5,0.1,102.2,102.2,0.02,0.01,-0.01,16.2,100,AUTO.LOITER,0,0
2026-08-13T23:45:51,1786639552,13.822495,100.512271,15.8,-0.08,0.5,0.1,102.2,102.2,0.01,0.0,-0.02,16.2,100,AUTO.LOITER,0,0
2026-08-13T23:45:52,1786639553,13.822496,100.512271,15.8,-0.08,0.5,0.1,102.2,102.2,0.01,0.0,-0.02,16.2,100,AUTO.LOITER,0,0
2026-08-13T23:45:53,1786639554,13.822496,100.512271,15.8,-0.08,0.6,0.1,102.2,102.2,0.0,0.0,-0.02,16.2,100,AUTO.LOITER,0,0
2026-08-13T23:45:54,1786639555,13.822496,100.512271,15.8,-0.07,0.6,0.1,102.2,102.2,0.0,-0.02,-0.02,16.2,100,AUTO.LOITER,0,0
2026-08-13T23:45:55,1786639556,13.822496,100.512271,15.4,-0.07,0.6,0.2,102.1,102.1,0.0,-0.02,-0.02,16.2,100,AUTO.LOITER,0,0
2026-08-13T23:45:56,1786639557,13.822495,100.512271,15.4,-0.07,0.5,0.2,102.1,102.1,-0.01,-0.02,-0.02,16.2,100,AUTO.LOITER,0,0
2026-08-13T23:45:57,1786639558,13.822496,100.512271,15.8,-0.08,0.5,0.2,102.1,102.1,-0.01,0.0,-0.02,16.2,100,AUTO.LOITER,0,0
2026-08-13T23:45:58,1786639559,13.822496,100.512271,15.8,-0.07,0.5,0.2,102.1,102.1,-0.01,0.0,-0.03,16.2,100,AUTO.LOITER,0,0
2026-08-13T23:45:59,1786639560,13.822496,100.512271,15.8,-0.07,0.4,0.2,102.1,102.1,-0.02,0.0,-0.03,16.2,100,AUTO.LOITER,0,0
2026-08-13T23:46:00,1786639561,13.822496,100.512271,15.8,-0.07,0.4,0.2,102.1,102.1,-0.01,0.0,-0.03,16.2,100,AUTO.LOITER,0,0
2026-08-13T23:46:01,1786639562,13.822496,100.512271,15.8,-0.06,0.4,0.2,102.1,102.1,0.0,-0.01,-0.04,16.2,100,AUTO.LOITER,0,0
2026-08-13T23:46:02,1786639563,13.822495,100.512271,15.8,-0.06,0.4,0.2,102.1,102.1,-0.01,-0.01,-0.05,16.2,100,AUTO.LOITER,0,0
2026-08-13T23:46:03,1786639564,13.822495,100.512271,15.8,-0.05,0.4,0.2,102.1,102.1,-0.02,-0.01,-0.05,16.2,100,AUTO.LOITER,0,0
2026-08-13T23:46:04,1786639565,13.822495,100.512271,15.8,-0.05,0.4,0.2,102.1,102.1,-0.01,-0.01,-0.05,16.2,100,AUTO.LOITER,0,0
2026-08-13T23:46:05,1786639566,13.822495,100.512271,15.8,-0.06,0.4,0.2,102.1,102.1,0.0,0.0,-0.04,16.2,100,AUTO.LOITER,0,0
2026-08-13T23:46:06,1786639567,13.822495,100.512271,15.4,-0.06,0.3,0.2,102.1,102.1,0.0,0.0,-0.04,16.2,100,AUTO.LOITER,0,0
2026-08-13T23:46:07,1786639568,13.822495,100.512271,15.8,-0.06,0.3,0.2,102.1,102.1,0.0,0.0,-0.04,16.2,100,AUTO.LOITER,0,0
2026-08-13T23:46:08,1786639569,13.822496,100.512271,15.8,-0.06,0.3,0.2,102.1,102.1,0.0,0.0,-0.04,16.2,100,AUTO.LOITER,0,0
2026-08-13T23:46:09,1786639570,13.822496,100.512271,15.8,-0.06,0.3,0.3,102.1,102.1,0.01,0.0,-0.05,16.2,100,AUTO.LOITER,0,0
2026-08-13T23:46:10,1786639571,13.822496,100.512271,15.8,-0.05,0.4,0.3,102.1,102.1,0.0,0.0,-0.05,16.2,100,AUTO.LOITER,0,0
2026-08-13T23:46:11,1786639572,13.822495,100.512271,15.8,-0.05,0.4,0.3,102.1,102.1,-0.01,-0.01,-0.05,16.2,100,AUTO.LOITER,0,0
2026-08-13T23:46:12,1786639573,13.822495,100.512271,15.8,-0.05,0.4,0.3,102.1,102.1,0.0,0.0,-0.05,16.2,100,AUTO.LOITER,0,0
2026-08-13T23:46:13,1786639574,13.822495,100.512271,15.8,-0.05,0.4,0.3,102.1,102.1,0.0,0.0,-0.04,16.2,100,AUTO.LOITER,0,0
2026-08-13T23:46:14,1786639575,13.822496,100.512271,15.8,-0.06,0.4,0.4,102.1,102.1,0.01,0.01,-0.04,16.2,100,AUTO.LOITER,0,0
2026-08-13T23:46:15,1786639576,13.822496,100.512271,15.8,-0.06,0.4,0.4,102.1,102.1,0.02,0.01,-0.04,16.2,100,AUTO.LOITER,0,0
2026-08-13T23:46:16,1786639577,13.822496,100.512271,15.8,-0.06,0.4,0.4,102.1,102.1,0.02,-0.01,-0.03,16.2,100,AUTO.LOITER,0,0
2026-08-13T23:46:17,1786639578,13.822496,100.512271,15.8,-0.06,0.4,0.4,102.1,102.1,0.02,-0.01,-0.03,16.2,100,AUTO.LOITER,0,0
2026-08-13T23:46:18,1786639579,13.822496,100.512271,15.8,-0.07,0.4,0.4,102.1,102.1,0.02,-0.03,-0.03,16.2,100,AUTO.LOITER,0,0
2026-08-13T23:46:19,1786639580,13.822496,100.51227,15.8,-0.07,0.5,0.4,102.1,102.1,0.02,-0.03,-0.03,16.2,100,AUTO.LOITER,0,0
2026-08-13T23:46:20,1786639581,13.822496,100.51227,15.8,-0.07,0.5,0.4,102.1,102.1,0.0,-0.03,-0.03,16.2,100,AUTO.LOITER,0,0
2026-08-13T23:46:21,1786639582,13.822495,100.51227,15.8,-0.06,0.5,0.4,102.1,102.1,0.0,-0.04,-0.04,16.2,100,AUTO.LOITER,0,0
2026-08-13T23:46:22,1786639583,13.822495,100.51227,15.8,-0.06,0.5,0.4,102.1,102.1,0.0,-0.04,-0.04,16.2,100,AUTO.LOITER,0,0
2026-08-13T23:46:23,1786639584,13.822495,100.512271,15.8,-0.05,0.5,0.3,102.1,102.1,0.0,-0.02,-0.05,16.2,100,AUTO.LOITER,0,0
2026-08-13T23:46:24,1786639585,13.822495,100.512271,15.8,-0.05,0.5,0.3,102.1,102.1,0.0,0.0,-0.05,16.2,100,AUTO.LOITER,0,0
2026-08-13T23:46:25,1786639586,13.822495,100.512271,15.8,-0.05,0.4,0.3,102.1,102.1,0.0,0.0,-0.06,16.2,100,AUTO.LOITER,0,0
2026-08-13T23:46:26,1786639587,13.822496,100.512271,15.8,-0.04,0.4,0.3,102.1,102.1,0.0,0.0,-0.05,16.2,100,AUTO.LOITER,0,0
2026-08-13T23:46:27,1786639588,13.822495,100.512271,15.8,-0.05,0.4,0.3,102.1,102.1,0.0,0.0,-0.05,16.2,100,AUTO.LOITER,0,0
2026-08-13T23:46:28,1786639589,13.822496,100.512271,15.4,-0.05,0.4,0.3,102.1,102.1,0.0,0.0,-0.05,16.2,100,AUTO.LOITER,0,0
2026-08-13T23:46:29,1786639590,13.822495,100.512271,15.8,-0.05,0.4,0.3,102.1,102.1,0.0,0.01,-0.05,16.2,100,AUTO.LOITER,0,0
2026-08-13T23:46:30,1786639591,13.822495,100.512271,15.8,-0.06,0.5,0.3,102.1,102.1,0.0,0.02,-0.04,16.2,100,AUTO.LOITER,0,0
2026-08-13T23:46:31,1786639592,13.822496,100.512271,15.8,-0.06,0.5,0.3,102.1,102.1,0.0,0.02,-0.04,16.2,100,AUTO.LOITER,0,0
2026-08-13T23:46:32,1786639593,13.822496,100.512271,15.8,-0.06,0.5,0.4,102.1,102.1,0.0,0.01,-0.04,16.2,100,AUTO.LOITER,0,0
2026-08-13T23:46:33,1786639594,13.822496,100.512271,15.8,-0.06,0.5,0.4,102.1,102.1,0.01,0.0,-0.04,16.2,100,AUTO.LOITER,0,0
2026-08-13T23:46:34,1786639595,13.822496,100.512271,15.8,-0.06,0.5,0.4,102.1,102.1,0.01,-0.01,-0.03,16.2,100,AUTO.LOITER,0,0
2026-08-13T23:46:35,1786639596,13.822496,100.512271,15.8,-0.07,0.5,0.4,102.1,102.1,0.0,-0.01,-0.03,16.2,100,AUTO.LOITER,0,0
2026-08-13T23:46:36,1786639597,13.822496,100.512271,15.8,-0.06,0.5,0.4,102.1,102.1,0.0,-0.01,-0.04,16.2,100,AUTO.LOITER,0,0
2026-08-13T23:46:37,1786639598,13.822496,100.512271,15.4,-0.06,0.5,0.3,102.1,102.1,0.0,-0.01,-0.04,16.2,100,AUTO.LOITER,0,0
2026-08-13T23:46:38,1786639599,13.822496,100.512271,15.4,-0.06,0.5,0.3,102.1,102.1,0.0,-0.01,-0.04,16.2,100,AUTO.LOITER,0,0
2026-08-13T23:46:39,1786639600,13.822496,100.51227,15.8,-0.06,0.6,0.3,102.1,102.1,0.0,-0.03,-0.04,16.2,100,AUTO.LOITER,0,0
2026-08-13T23:46:40,1786639601,13.822496,100.51227,15.8,-0.06,0.6,0.3,102.1,102.1,0.0,-0.03,-0.04,16.2,100,AUTO.LOITER,0,0
2026-08-13T23:46:41,1786639602,13.822496,100.51227,15.8,-0.05,0.5,0.3,102.1,102.1,0.0,-0.02,-0.05,16.2,100,AUTO.LOITER,0,0
2026-08-13T23:46:42,1786639603,13.822496,100.51227,15.8,-0.05,0.5,0.3,102.1,102.1,0.0,-0.01,-0.05,16.2,100,AUTO.LOITER,0,0
2026-08-13T23:46:43,1786639604,13.822496,100.512271,15.8,-0.05,0.5,0.3,102.1,102.1,0.0,0.0,-0.05,16.2,100,AUTO.LOITER,0,0
2026-08-13T23:46:44,1786639605,13.822496,100.512271,15.8,-0.05,0.5,0.2,102.1,102.1,0.0,0.0,-0.04,16.2,100,AUTO.LOITER,0,0
2026-08-13T23:46:45,1786639606,13.822495,100.512271,15.8,-0.06,0.6,0.2,102.1,102.1,0.0,0.0,-0.04,16.2,100,AUTO.LOITER,0,0
2026-08-13T23:46:46,1786639607,13.822496,100.512271,15.8,-0.06,0.5,0.2,102.2,102.2,0.0,0.01,-0.03,16.2,100,AUTO.LOITER,0,0
2026-08-13T23:46:47,1786639608,13.822496,100.512271,15.8,-0.07,0.5,0.2,102.2,102.2,0.02,0.01,-0.02,16.2,100,AUTO.LOITER,0,0
2026-08-13T23:46:48,1786639609,13.822496,100.512271,15.8,-0.07,0.6,0.2,102.2,102.2,0.01,0.0,-0.02,16.2,100,AUTO.LOITER,0,0
2026-08-13T23:46:49,1786639610,13.822496,100.512271,15.8,-0.08,0.6,0.2,102.2,102.2,0.0,0.0,-0.02,16.2,100,AUTO.LOITER,0,0
2026-08-13T23:46:50,1786639611,13.822496,100.512271,15.8,-0.08,0.6,0.2,102.2,102.2,0.0,-0.01,-0.02,16.2,100,AUTO.LOITER,0,0
2026-08-13T23:46:51,1786639612,13.822495,100.512271,15.8,-0.07,0.6,0.2,102.2,102.2,0.0,-0.01,-0.03,16.2,100,AUTO.LOITER,0,0
2026-08-13T23:46:52,1786639613,13.822495,100.512271,15.4,-0.07,0.6,0.2,102.2,102.2,0.0,-0.01,-0.03,16.2,100,AUTO.LOITER,0,0
2026-08-13T23:46:53,1786639614,13.822495,100.512271,15.8,-0.07,0.6,0.2,102.2,102.2,0.0,-0.01,-0.03,16.2,100,AUTO.LOITER,0,0
2026-08-13T23:46:54,1786639615,13.822496,100.512271,15.8,-0.07,0.6,0.2,102.2,102.2,0.0,-0.01,-0.03,16.2,100,AUTO.LOITER,0,0
2026-08-13T23:46:55,1786639616,13.822496,100.512271,15.8,-0.06,0.6,0.1,102.2,102.2,0.0,-0.01,-0.03,16.2,100,AUTO.LOITER,0,0
2026-08-13T23:46:56,1786639617,13.822495,100.512271,15.8,-0.06,0.6,0.1,102.2,102.2,0.0,-0.01,-0.03,16.2,100,AUTO.LOITER,0,0
2026-08-13T23:46:57,1786639618,13.822495,100.512271,15.8,-0.06,0.6,0.1,102.2,102.2,-0.01,0.0,-0.03,16.2,100,AUTO.LOITER,0,0
2026-08-13T23:46:58,1786639619,13.822495,100.512271,15.8,-0.07,0.6,0.1,102.2,102.2,0.0,0.01,-0.02,16.2,100,AUTO.LOITER,0,0
2026-08-13T23:46:59,1786639620,13.822495,100.512271,15.8,-0.07,0.6,0.1,102.2,102.2,-0.01,0.01,-0.02,16.2,100,AUTO.LOITER,0,0
2026-08-13T23:47:00,1786639621,13.822495,100.512271,15.8,-0.07,0.6,0.1,102.2,102.2,-0.02,0.01,-0.04,16.2,100,AUTO.LOITER,0,0
2026-08-13T23:47:01,1786639622,13.822495,100.512271,15.8,-0.06,0.6,0.1,102.2,102.2,-0.01,0.02,-0.05,16.2,100,AUTO.LOITER,0,0
2026-08-13T23:47:02,1786639623,13.822495,100.512271,15.4,-0.06,0.6,0.2,102.2,102.2,-0.01,0.02,-0.05,16.2,100,AUTO.LOITER,0,0
2026-08-13T23:47:03,1786639624,13.822495,100.512271,15.8,-0.05,0.6,0.2,102.2,102.2,-0.01,0.01,-0.06,16.2,100,AUTO.LOITER,0,0
2026-08-13T23:47:04,1786639625,13.822495,100.512271,15.8,-0.04,0.6,0.2,102.2,102.2,0.0,0.0,-0.06,16.2,100,AUTO.LOITER,0,0
2026-08-13T23:47:05,1786639626,13.822495,100.512271,15.8,-0.04,0.6,0.2,102.2,102.2,-0.01,0.01,-0.06,16.2,100,AUTO.LOITER,0,0
2026-08-13T23:47:06,1786639627,13.822496,100.512271,15.8,-0.04,0.6,0.2,102.2,102.2,0.0,0.02,-0.06,16.2,100,AUTO.LOITER,0,0
2026-08-13T23:47:07,1786639628,13.822496,100.512271,15.8,-0.04,0.6,0.3,102.2,102.2,0.0,0.02,-0.06,16.2,100,AUTO.LOITER,0,0
2026-08-13T23:47:08,1786639629,13.822496,100.512271,15.8,-0.05,0.6,0.3,102.2,102.2,0.0,0.0,-0.05,16.2,100,AUTO.LOITER,0,0
2026-08-13T23:47:09,1786639630,13.822496,100.512271,15.8,-0.05,0.6,0.3,102.2,102.2,0.0,0.0,-0.04,16.2,100,AUTO.LOITER,0,0
2026-08-13T23:47:10,1786639631,13.822495,100.512271,15.8,-0.06,0.6,0.3,102.2,102.2,0.0,-0.01,-0.03,16.2,100,AUTO.LOITER,0,0
2026-08-13T23:47:11,1786639632,13.822495,100.512271,15.8,-0.07,0.6,0.3,102.2,102.2,0.0,-0.01,-0.03,16.2,100,AUTO.LOITER,0,0
2026-08-13T23:47:12,1786639633,13.822495,100.512271,15.8,-0.07,0.6,0.3,102.2,102.2,0.0,-0.01,-0.03,16.2,100,AUTO.LOITER,0,0
2026-08-13T23:47:13,1786639634,13.822495,100.512271,15.8,-0.07,0.6,0.3,102.2,102.2,0.0,-0.01,-0.03,16.2,100,AUTO.LOITER,0,0
2026-08-13T23:47:14,1786639635,13.822496,100.512271,15.8,-0.06,0.6,0.3,102.2,102.2,0.0,0.0,-0.04,16.2,100,AUTO.LOITER,0,0
2026-08-13T23:47:15,1786639636,13.822496,100.512271,15.8,-0.06,0.6,0.3,102.2,102.2,0.01,-0.01,-0.05,16.2,100,AUTO.LOITER,0,0
2026-08-13T23:47:16,1786639637,13.822496,100.512271,15.8,-0.05,0.7,0.3,102.2,102.2,0.01,-0.01,-0.05,16.2,100,AUTO.LOITER,0,0
2026-08-13T23:47:17,1786639638,13.822495,100.512271,15.8,-0.05,0.7,0.3,102.2,102.2,0.0,-0.01,-0.04,16.2,100,AUTO.LOITER,0,0
2026-08-13T23:47:18,1786639639,13.822495,100.512271,15.8,-0.06,0.7,0.3,102.2,102.2,0.0,-0.01,-0.04,16.2,100,AUTO.LOITER,0,0
2026-08-13T23:47:19,1786639640,13.822495,100.512271,15.8,-0.06,0.7,0.3,102.2,102.2,0.01,-0.04,-0.04,16.2,100,AUTO.LOITER,0,0
2026-08-13T23:47:20,1786639641,13.822496,100.51227,15.8,-0.06,0.7,0.3,102.2,102.2,0.01,-0.06,-0.04,16.2,100,AUTO.LOITER,0,0
2026-08-13T23:47:21,1786639642,13.822496,100.51227,15.8,-0.06,0.8,0.2,102.2,102.2,0.02,-0.04,-0.04,16.2,100,AUTO.LOITER,0,0
2026-08-13T23:47:22,1786639643,13.822496,100.512271,15.8,-0.06,0.8,0.2,102.2,102.2,0.02,-0.02,-0.04,16.2,100,AUTO.LOITER,0,0
2026-08-13T23:47:23,1786639644,13.822496,100.512271,15.4,-0.06,0.8,0.1,102.2,102.2,0.02,-0.02,-0.04,16.2,100,AUTO.LOITER,0,0
2026-08-13T23:47:24,1786639645,13.822496,100.512271,15.8,-0.06,0.8,0.1,102.2,102.2,0.01,-0.01,-0.03,16.2,100,AUTO.LOITER,0,0
2026-08-13T23:47:25,1786639646,13.822496,100.512271,15.8,-0.07,0.9,0.1,102.2,102.2,0.0,0.0,-0.02,16.2,100,AUTO.LOITER,0,0
2026-08-13T23:47:26,1786639647,13.822495,100.512271,15.8,-0.07,0.9,0.0,102.2,102.2,-0.01,0.0,-0.02,16.2,100,AUTO.LOITER,0,0
2026-08-13T23:47:27,1786639648,13.822495,100.512271,15.8,-0.07,0.9,0.0,102.2,102.2,-0.01,0.0,-0.03,16.2,100,AUTO.LOITER,0,0
2026-08-13T23:47:28,1786639649,13.822495,100.512271,15.8,-0.07,0.9,0.0,102.2,102.2,-0.01,0.0,-0.03,16.2,100,AUTO.LOITER,0,0
2026-08-13T23:47:29,1786639650,13.822496,100.512271,15.8,-0.06,0.8,0.0,102.2,102.2,0.01,-0.01,-0.04,16.2,100,AUTO.LOITER,0,0
2026-08-13T23:47:30,1786639651,13.822496,100.512271,15.8,-0.06,0.9,0.0,102.2,102.2,0.01,-0.02,-0.03,16.2,100,AUTO.LOITER,0,0
2026-08-13T23:47:31,1786639652,13.822496,100.512271,15.4,-0.06,0.9,0.0,102.2,102.2,0.01,-0.02,-0.03,16.2,100,AUTO.LOITER,0,0
2026-08-13T23:47:32,1786639653,13.822496,100.512271,15.8,-0.07,0.9,-0.0,102.2,102.2,0.01,-0.01,-0.02,16.2,100,AUTO.LOITER,0,0
2026-08-13T23:47:33,1786639654,13.822496,100.512271,15.8,-0.08,0.9,-0.0,102.2,102.2,0.0,-0.01,-0.01,16.2,100,AUTO.LOITER,0,0
2026-08-13T23:47:34,1786639655,13.822496,100.512271,15.8,-0.08,0.9,-0.0,102.2,102.2,-0.01,0.0,-0.01,16.2,100,AUTO.LOITER,0,0
2026-08-13T23:47:35,1786639656,13.822496,100.512271,15.8,-0.08,0.9,-0.0,102.2,102.2,-0.01,0.0,-0.02,16.2,100,AUTO.LOITER,0,0
2026-08-13T23:47:36,1786639657,13.822495,100.512271,15.8,-0.07,0.9,-0.0,102.2,102.2,-0.01,0.0,-0.02,16.2,100,AUTO.LOITER,0,0
2026-08-13T23:47:37,1786639658,13.822496,100.512271,15.8,-0.07,0.9,-0.0,102.2,102.2,-0.01,0.01,-0.02,16.2,100,AUTO.LOITER,0,0
2026-08-13T23:47:38,1786639659,13.822496,100.512271,15.8,-0.07,0.9,0.0,102.2,102.2,-0.01,0.03,-0.02,16.2,100,AUTO.LOITER,0,0
2026-08-13T23:47:39,1786639660,13.822496,100.512271,15.8,-0.07,0.9,0.1,102.2,102.2,-0.01,0.02,-0.02,16.2,100,AUTO.LOITER,0,0
2026-08-13T23:47:40,1786639661,13.822496,100.512271,15.8,-0.07,0.9,0.1,102.2,102.2,-0.01,0.02,-0.02,16.2,100,AUTO.LOITER,0,0
2026-08-13T23:47:41,1786639662,13.822496,100.512271,15.4,-0.07,0.9,0.1,102.2,102.2,-0.01,0.02,-0.02,16.2,100,AUTO.LOITER,0,0
2026-08-13T23:47:42,1786639663,13.822496,100.512271,15.4,-0.07,0.8,0.2,102.2,102.2,0.0,0.02,-0.02,16.2,100,AUTO.LOITER,0,0
2026-08-13T23:47:43,1786639664,13.822496,100.512271,15.8,-0.07,0.8,0.2,102.2,102.2,0.0,0.01,-0.02,16.2,100,AUTO.LOITER,0,0
2026-08-13T23:47:44,1786639665,13.822496,100.512271,15.8,-0.08,0.9,0.2,102.2,102.2,0.0,0.0,-0.01,16.2,100,AUTO.LOITER,0,0
2026-08-13T23:47:45,1786639666,13.822495,100.512271,15.8,-0.08,0.9,0.2,102.2,102.2,-0.01,-0.01,-0.01,16.2,100,AUTO.LOITER,0,0
2026-08-13T23:47:46,1786639667,13.822495,100.512271,15.8,-0.08,0.9,0.2,102.2,102.2,-0.02,-0.02,-0.01,16.2,100,AUTO.LOITER,0,0
2026-08-13T23:47:47,1786639668,13.822495,100.512271,15.8,-0.08,0.8,0.2,102.2,102.2,-0.03,-0.01,-0.01,16.2,100,AUTO.LOITER,0,0
2026-08-13T23:47:48,1786639669,13.822496,100.512271,15.4,-0.08,0.8,0.2,102.2,102.2,-0.03,-0.01,-0.01,16.2,100,AUTO.LOITER,0,0
2026-08-13T23:47:49,1786639670,13.822495,100.512271,15.8,-0.08,0.8,0.2,102.2,102.2,-0.01,0.0,-0.01,16.2,100,AUTO.LOITER,0,0
2026-08-13T23:47:50,1786639671,13.822496,100.512271,15.8,-0.08,0.8,0.2,102.2,102.2,0.0,0.0,-0.01,16.2,100,AUTO.LOITER,0,0
2026-08-13T23:47:51,1786639672,13.822496,100.512271,15.5,-0.08,0.8,0.2,102.2,102.2,0.0,0.0,-0.01,16.2,100,AUTO.LOITER,0,0
2026-08-13T23:47:52,1786639673,13.822496,100.512271,15.8,-0.08,0.8,0.2,102.2,102.2,0.0,0.01,-0.01,16.2,100,AUTO.LOITER,0,0
2026-08-13T23:47:53,1786639674,13.822495,100.512271,15.8,-0.09,0.8,0.2,102.2,102.2,0.0,0.0,0.0,16.2,100,AUTO.LOITER,0,0
2026-08-13T23:47:54,1786639675,13.822496,100.512271,15.8,-0.09,0.8,0.2,102.2,102.2,0.0,-0.02,0.0,16.2,100,AUTO.LOITER,0,0
2026-08-13T23:47:55,1786639676,13.822495,100.512271,15.8,-0.09,0.7,0.2,102.2,102.2,-0.01,-0.02,0.0,16.2,100,AUTO.LOITER,0,0
2026-08-13T23:47:56,1786639677,13.822496,100.512271,15.8,-0.1,0.7,0.2,102.2,102.2,0.0,-0.01,0.0,16.2,100,AUTO.LOITER,0,0
2026-08-13T23:47:57,1786639678,13.822496,100.512271,15.8,-0.1,0.7,0.2,102.2,102.2,0.02,0.0,0.01,16.2,100,AUTO.LOITER,0,0
2026-08-13T23:47:58,1786639679,13.822496,100.512271,15.8,-0.1,0.8,0.2,102.2,102.2,0.03,0.0,0.01,16.2,100,AUTO.LOITER,0,0
2026-08-13T23:47:59,1786639680,13.822496,100.512271,15.8,-0.1,0.8,0.2,102.2,102.2,0.02,0.0,0.0,16.2,100,AUTO.LOITER,0,0
2026-08-13T23:48:00,1786639681,13.822496,100.512271,15.8,-0.1,0.8,0.2,102.2,102.2,0.0,0.0,0.0,16.2,100,AUTO.LOITER,0,0
2026-08-13T23:48:01,1786639682,13.822496,100.512271,15.8,-0.1,0.8,0.2,102.2,102.2,0.0,0.0,0.0,16.2,100,AUTO.LOITER,0,0
2026-08-13T23:48:02,1786639683,13.822496,100.512271,15.8,-0.1,0.8,0.2,102.2,102.2,0.0,0.0,0.0,16.2,100,AUTO.LOITER,0,0
2026-08-13T23:48:03,1786639684,13.822496,100.512271,15.8,-0.09,0.9,0.2,102.2,102.2,0.0,0.01,0.0,16.2,100,AUTO.LOITER,0,0
2026-08-13T23:48:04,1786639685,13.822495,100.512271,15.8,-0.08,0.9,0.2,102.2,102.2,-0.01,0.01,-0.01,16.2,100,AUTO.LOITER,0,0
2026-08-13T23:48:05,1786639686,13.822495,100.512271,15.8,-0.08,0.8,0.3,102.2,102.2,-0.03,0.0,-0.01,16.2,100,AUTO.LOITER,0,0
2026-08-13T23:48:06,1786639687,13.822495,100.512271,15.8,-0.07,0.8,0.3,102.2,102.2,-0.02,0.0,-0.02,16.2,100,AUTO.LOITER,0,0
2026-08-13T23:48:07,1786639688,13.822495,100.512271,15.8,-0.07,0.8,0.3,102.2,102.2,-0.02,-0.01,-0.03,16.2,100,AUTO.LOITER,0,0
2026-08-13T23:48:08,1786639689,13.822496,100.512271,15.8,-0.06,0.8,0.3,102.1,102.1,-0.01,-0.01,-0.04,16.2,100,AUTO.LOITER,0,0
2026-08-13T23:48:09,1786639690,13.822496,100.512271,15.8,-0.05,0.8,0.3,102.1,102.1,-0.01,-0.01,-0.05,16.2,100,AUTO.LOITER,0,0
2026-08-13T23:48:10,1786639691,13.822496,100.512271,15.4,-0.05,0.7,0.3,102.1,102.1,-0.01,-0.01,-0.05,16.2,100,AUTO.LOITER,0,0
2026-08-13T23:48:11,1786639692,13.822496,100.512271,15.8,-0.05,0.7,0.3,102.1,102.1,0.0,-0.01,-0.05,16.2,100,AUTO.LOITER,0,0
2026-08-13T23:48:12,1786639693,13.822496,100.512271,15.8,-0.05,0.7,0.3,102.1,102.1,0.0,-0.01,-0.05,16.2,100,AUTO.LOITER,0,0
2026-08-13T23:48:13,1786639694,13.822496,100.512271,15.8,-0.05,0.7,0.2,102.1,102.1,0.0,-0.01,-0.05,16.2,100,AUTO.LOITER,0,0
2026-08-13T23:48:14,1786639695,13.822495,100.512271,15.8,-0.05,0.7,0.3,102.1,102.1,-0.01,0.0,-0.04,16.2,100,AUTO.LOITER,0,0
2026-08-13T23:48:15,1786639696,13.822495,100.512271,15.8,-0.06,0.6,0.2,102.1,102.1,-0.01,0.0,-0.03,16.2,100,AUTO.LOITER,0,0
2026-08-13T23:48:16,1786639697,13.822495,100.512271,15.8,-0.07,0.6,0.2,102.1,102.1,-0.02,0.0,-0.02,16.2,100,AUTO.LOITER,0,0
2026-08-13T23:48:17,1786639698,13.822495,100.512271,15.8,-0.07,0.6,0.3,102.2,102.2,-0.02,0.0,-0.02,16.2,100,AUTO.LOITER,0,0
2026-08-13T23:48:18,1786639699,13.822495,100.512271,15.8,-0.07,0.6,0.3,102.2,102.2,-0.01,-0.01,-0.03,16.2,100,AUTO.LOITER,0,0
2026-08-13T23:48:19,1786639700,13.822495,100.512271,15.8,-0.07,0.5,0.3,102.2,102.2,0.0,-0.01,-0.03,16.2,100,AUTO.LOITER,0,0
2026-08-13T23:48:20,1786639701,13.822496,100.512271,15.4,-0.07,0.5,0.3,102.2,102.2,0.0,-0.01,-0.03,16.2,100,AUTO.LOITER,0,0
2026-08-13T23:48:21,1786639702,13.822496,100.512271,15.8,-0.06,0.5,0.2,102.2,102.2,0.0,0.0,-0.04,16.2,100,AUTO.LOITER,0,0
2026-08-13T23:48:22,1786639703,13.822495,100.512271,15.4,-0.06,0.5,0.3,102.2,102.2,0.0,0.0,-0.04,16.2,100,AUTO.LOITER,0,0
2026-08-13T23:48:23,1786639704,13.822496,100.512271,15.8,-0.05,0.5,0.3,102.2,102.2,0.0,0.0,-0.05,16.2,100,AUTO.LOITER,0,0
2026-08-13T23:48:24,1786639705,13.822496,100.512271,15.8,-0.05,0.4,0.2,102.2,102.2,0.02,0.01,-0.06,16.2,100,AUTO.LOITER,0,0
2026-08-13T23:48:25,1786639706,13.822496,100.512271,15.8,-0.04,0.4,0.3,102.2,102.2,0.02,0.02,-0.05,16.2,100,AUTO.LOITER,0,0
2026-08-13T23:48:26,1786639707,13.822496,100.512271,15.8,-0.05,0.5,0.3,102.2,102.2,0.01,0.0,-0.05,16.2,100,AUTO.LOITER,0,0
2026-08-13T23:48:27,1786639708,13.822496,100.512271,15.8,-0.05,0.5,0.3,102.2,102.2,0.0,0.0,-0.05,16.2,100,AUTO.LOITER,0,0
2026-08-13T23:48:28,1786639709,13.822496,100.512271,15.8,-0.05,0.5,0.3,102.2,102.2,0.0,0.0,-0.05,16.2,100,AUTO.LOITER,0,0
2026-08-13T23:48:29,1786639710,13.822496,100.512271,15.8,-0.05,0.5,0.3,102.2,102.2,0.0,0.0,-0.05,16.2,100,AUTO.LOITER,0,0
2026-08-13T23:48:30,1786639711,13.822496,100.512271,15.8,-0.05,0.5,0.3,102.2,102.2,0.0,0.0,-0.05,16.2,100,AUTO.LOITER,0,0
2026-08-13T23:48:31,1786639712,13.822495,100.512271,15.8,-0.05,0.5,0.3,102.2,102.2,0.0,0.01,-0.05,16.2,100,AUTO.LOITER,0,0
2026-08-13T23:48:32,1786639713,13.822496,100.512271,15.4,-0.05,0.5,0.3,102.2,102.2,0.0,0.01,-0.05,16.2,100,AUTO.LOITER,0,0
2026-08-13T23:48:33,1786639714,13.822496,100.512271,15.4,-0.05,0.5,0.3,102.2,102.2,0.0,0.0,-0.04,16.2,100,AUTO.LOITER,0,0
2026-08-13T23:48:34,1786639715,13.822495,100.512271,15.8,-0.06,0.6,0.3,102.3,102.3,0.0,0.0,-0.04,16.2,100,AUTO.LOITER,0,0
2026-08-13T23:48:35,1786639716,13.822496,100.512271,15.8,-0.07,0.6,0.3,102.3,102.3,0.01,0.0,-0.02,16.2,100,AUTO.LOITER,0,0
2026-08-13T23:48:36,1786639717,13.822496,100.512271,15.4,-0.07,0.6,0.3,102.3,102.3,0.01,0.0,-0.02,16.2,100,AUTO.LOITER,0,0
2026-08-13T23:48:37,1786639718,13.822496,100.512271,15.8,-0.06,0.6,0.3,102.3,102.3,0.0,0.0,-0.04,16.2,100,AUTO.LOITER,0,0
2026-08-13T23:48:38,1786639719,13.822496,100.512271,15.8,-0.06,0.6,0.3,102.3,102.3,0.0,0.0,-0.04,16.2,100,AUTO.LOITER,0,0
2026-08-13T23:48:39,1786639720,13.822496,100.512271,15.8,-0.06,0.6,0.3,102.3,102.3,0.0,0.0,-0.04,16.2,100,AUTO.LOITER,0,0
2026-08-13T23:48:40,1786639721,13.822496,100.512271,15.8,-0.07,0.6,0.3,102.3,102.3,0.01,-0.01,-0.02,16.2,100,AUTO.LOITER,0,0
2026-08-13T23:48:41,1786639722,13.822496,100.512271,15.8,-0.07,0.6,0.2,102.3,102.3,0.0,-0.01,-0.02,16.2,100,AUTO.LOITER,0,0
2026-08-13T23:48:42,1786639723,13.822496,100.512271,15.8,-0.08,0.6,0.2,102.3,102.3,0.0,-0.01,-0.02,16.2,100,AUTO.LOITER,0,0
2026-08-13T23:48:43,1786639724,13.822495,100.512271,15.4,-0.08,0.6,0.2,102.3,102.3,0.0,-0.01,-0.02,16.2,100,AUTO.LOITER,0,0
2026-08-13T23:48:44,1786639725,13.822495,100.512271,15.4,-0.08,0.6,0.2,102.3,102.3,0.0,0.0,-0.02,16.2,100,AUTO.LOITER,0,0
2026-08-13T23:48:45,1786639726,13.822496,100.512271,15.8,-0.08,0.6,0.2,102.3,102.3,0.0,0.0,-0.01,16.2,100,AUTO.LOITER,0,0
2026-08-13T23:48:46,1786639727,13.822496,100.512271,15.8,-0.08,0.6,0.2,102.3,102.3,-0.01,-0.01,-0.01,16.2,100,AUTO.LOITER,0,0
2026-08-13T23:48:47,1786639728,13.822496,100.512271,15.4,-0.08,0.6,0.2,102.3,102.3,-0.01,-0.01,-0.01,16.2,100,AUTO.LOITER,0,0
2026-08-13T23:48:48,1786639729,13.822496,100.512271,15.8,-0.09,0.6,0.2,102.3,102.3,0.0,-0.01,0.0,16.2,100,AUTO.LOITER,0,0
2026-08-13T23:48:49,1786639730,13.822496,100.512271,15.8,-0.09,0.6,0.2,102.3,102.3,0.0,-0.01,-0.01,16.2,100,AUTO.LOITER,0,0
2026-08-13T23:48:50,1786639731,13.822496,100.512271,15.8,-0.08,0.6,0.1,102.3,102.3,0.0,-0.01,-0.01,16.2,100,AUTO.LOITER,0,0
2026-08-13T23:48:51,1786639732,13.822496,100.512271,15.8,-0.08,0.6,0.1,102.3,102.3,0.0,-0.01,0.0,16.2,100,AUTO.LOITER,0,0
2026-08-13T23:48:52,1786639733,13.822496,100.512271,15.8,-0.09,0.6,0.1,102.3,102.3,0.0,-0.01,0.0,16.2,100,AUTO.LOITER,0,0
2026-08-13T23:48:53,1786639734,13.822496,100.512271,15.8,-0.1,0.6,0.1,102.3,102.3,0.01,0.0,0.0,16.2,100,AUTO.LOITER,0,0
2026-08-13T23:48:54,1786639735,13.822495,100.512271,15.8,-0.1,0.6,0.1,102.3,102.3,0.0,0.0,0.0,16.2,100,AUTO.LOITER,0,0
2026-08-13T23:48:55,1786639736,13.822495,100.51227,15.4,-0.1,0.6,0.1,102.3,102.3,0.0,0.0,0.0,16.2,100,AUTO.LOITER,0,0
2026-08-13T23:48:56,1786639737,13.822495,100.512271,15.8,-0.1,0.6,0.1,102.3,102.3,0.0,-0.01,0.0,16.2,100,AUTO.LOITER,0,0
2026-08-13T23:48:57,1786639738,13.822496,100.512271,15.4,-0.1,0.6,0.0,102.3,102.3,0.0,-0.01,0.0,16.2,100,AUTO.LOITER,0,0
2026-08-13T23:48:58,1786639739,13.822495,100.51227,15.8,-0.1,0.6,0.0,102.3,102.3,0.0,-0.02,0.0,16.2,100,AUTO.LOITER,0,0
2026-08-13T23:48:59,1786639740,13.822495,100.512271,15.8,-0.09,0.5,-0.0,102.3,102.3,-0.01,-0.01,0.0,16.2,100,AUTO.LOITER,0,0
2026-08-13T23:49:00,1786639741,13.822495,100.512271,15.8,-0.09,0.5,-0.0,102.3,102.3,0.0,0.0,0.0,16.2,100,AUTO.LOITER,0,0
2026-08-13T23:49:01,1786639742,13.822495,100.512271,15.8,-0.09,0.5,-0.0,102.3,102.3,0.0,0.0,-0.01,16.2,100,AUTO.LOITER,0,0
2026-08-13T23:49:02,1786639743,13.822495,100.512271,15.8,-0.08,0.5,-0.0,102.3,102.3,0.0,0.0,-0.01,16.2,100,AUTO.LOITER,0,0
2026-08-13T23:49:03,1786639744,13.822495,100.512271,15.8,-0.08,0.5,-0.0,102.3,102.3,0.0,0.0,-0.01,16.2,100,AUTO.LOITER,0,0
2026-08-13T23:49:04,1786639745,13.822496,100.512271,15.8,-0.08,0.5,-0.0,102.3,102.3,0.02,0.0,-0.01,16.2,100,AUTO.LOITER,0,0
2026-08-13T23:49:05,1786639746,13.822496,100.512271,15.8,-0.08,0.5,-0.0,102.3,102.3,0.02,0.01,-0.02,16.2,100,AUTO.LOITER,0,0
2026-08-13T23:49:06,1786639747,13.822496,100.512271,15.8,-0.08,0.5,-0.0,102.3,102.3,0.02,0.01,-0.02,16.2,100,AUTO.LOITER,0,0
2026-08-13T23:49:07,1786639748,13.822496,100.512271,15.8,-0.08,0.5,-0.0,102.3,102.3,0.02,0.01,-0.02,16.2,100,AUTO.LOITER,0,0
2026-08-13T23:49:08,1786639749,13.822496,100.512271,15.8,-0.08,0.5,-0.0,102.3,102.3,0.01,0.0,0.0,16.2,100,AUTO.LOITER,0,0
2026-08-13T23:49:09,1786639750,13.822496,100.512271,15.8,-0.1,0.5,-0.0,102.2,102.2,0.01,0.0,0.01,16.2,100,AUTO.LOITER,0,0
2026-08-13T23:49:10,1786639751,13.822496,100.512271,15.8,-0.11,0.6,-0.0,102.2,102.2,0.0,0.0,0.02,16.2,100,AUTO.LOITER,0,0
2026-08-13T23:49:11,1786639752,13.822496,100.512271,15.8,-0.12,0.6,-0.0,102.2,102.2,0.0,0.01,0.03,16.2,100,AUTO.LOITER,0,0
2026-08-13T23:49:12,1786639753,13.822496,100.512271,15.8,-0.12,0.6,-0.0,102.2,102.2,0.0,0.02,0.03,16.2,100,AUTO.LOITER,0,0
2026-08-13T23:49:13,1786639754,13.822496,100.512271,15.8,-0.12,0.6,-0.0,102.2,102.2,0.0,0.02,0.02,16.2,100,AUTO.LOITER,0,0
2026-08-13T23:49:14,1786639755,13.822496,100.512271,15.8,-0.12,0.6,0.0,102.2,102.2,0.0,0.02,0.02,16.2,100,AUTO.LOITER,0,0
2026-08-13T23:49:15,1786639756,13.822496,100.512271,15.4,-0.12,0.6,0.0,102.2,102.2,0.0,0.02,0.02,16.2,100,AUTO.LOITER,0,0
2026-08-13T23:49:16,1786639757,13.822496,100.512271,15.8,-0.11,0.6,0.1,102.2,102.2,0.0,0.0,0.02,16.2,100,AUTO.LOITER,0,0
2026-08-13T23:49:17,1786639758,13.822496,100.512271,15.4,-0.11,0.6,0.1,102.2,102.2,0.0,0.0,0.02,16.2,100,AUTO.LOITER,0,0
2026-08-13T23:49:18,1786639759,13.822496,100.512271,15.8,-0.12,0.6,0.0,102.2,102.2,0.0,0.01,0.03,16.2,100,AUTO.LOITER,0,0
2026-08-13T23:49:19,1786639760,13.822495,100.512271,15.8,-0.12,0.6,0.0,102.2,102.2,-0.01,0.02,0.03,16.2,100,AUTO.LOITER,0,0
2026-08-13T23:49:20,1786639761,13.822495,100.512271,15.8,-0.12,0.6,0.1,102.2,102.2,-0.01,0.02,0.03,16.2,100,AUTO.LOITER,0,0
2026-08-13T23:49:21,1786639762,13.822495,100.512271,15.8,-0.12,0.6,0.1,102.1,102.1,0.0,0.02,0.03,16.2,100,AUTO.LOITER,0,0
2026-08-13T23:49:22,1786639763,13.822496,100.512271,15.8,-0.12,0.6,0.1,102.1,102.1,0.0,0.02,0.03,16.2,100,AUTO.LOITER,0,0
2026-08-13T23:49:23,1786639764,13.822496,100.512271,15.8,-0.12,0.6,0.1,102.1,102.1,0.01,0.01,0.03,16.2,100,AUTO.LOITER,0,0
2026-08-13T23:49:24,1786639765,13.822496,100.512271,15.8,-0.12,0.6,0.1,102.1,102.1,0.02,0.0,0.03,16.2,100,AUTO.LOITER,0,0
2026-08-13T23:49:25,1786639766,13.822496,100.512271,15.8,-0.12,0.6,0.1,102.1,102.1,0.02,0.0,0.03,16.2,100,AUTO.LOITER,0,0
2026-08-13T23:49:26,1786639767,13.822496,100.512271,15.8,-0.12,0.6,0.1,102.1,102.1,0.02,0.0,0.03,16.2,100,AUTO.LOITER,0,0
2026-08-13T23:49:27,1786639768,13.822495,100.512271,15.8,-0.12,0.6,0.1,102.1,102.1,0.01,0.0,0.03,16.2,100,AUTO.LOITER,0,0
2026-08-13T23:49:28,1786639769,13.822495,100.512271,15.8,-0.12,0.6,0.1,102.1,102.1,0.0,0.0,0.02,16.2,100,AUTO.LOITER,0,0
2026-08-13T23:49:29,1786639770,13.822495,100.512271,15.8,-0.11,0.6,0.1,102.1,102.1,0.0,-0.02,0.02,16.2,100,AUTO.LOITER,0,0
2026-08-13T23:49:30,1786639771,13.822495,100.512271,15.8,-0.11,0.6,0.0,102.1,102.1,0.0,-0.01,0.02,16.2,100,AUTO.LOITER,0,0
2026-08-13T23:49:31,1786639772,13.822495,100.512271,15.8,-0.12,0.6,0.0,102.1,102.1,-0.01,-0.01,0.02,16.2,100,AUTO.LOITER,0,0
2026-08-13T23:49:32,1786639773,13.822495,100.512271,15.8,-0.11,0.6,0.0,102.1,102.1,-0.01,-0.02,0.02,16.2,100,AUTO.LOITER,0,0
2026-08-13T23:49:33,1786639774,13.822495,100.512271,15.8,-0.12,0.6,-0.0,102.1,102.1,-0.01,-0.02,0.04,16.2,100,AUTO.LOITER,0,0
2026-08-13T23:49:34,1786639775,13.822495,100.512271,15.8,-0.12,0.6,-0.0,102.1,102.1,-0.01,-0.02,0.04,16.2,100,AUTO.LOITER,0,0
2026-08-13T23:49:35,1786639776,13.822495,100.512271,15.8,-0.12,0.6,-0.1,102.1,102.1,-0.01,-0.02,0.04,16.2,100,AUTO.LOITER,0,0
2026-08-13T23:49:36,1786639777,13.822495,100.512271,15.8,-0.12,0.6,-0.1,102.1,102.1,-0.01,-0.02,0.04,16.2,100,AUTO.LOITER,0,0
2026-08-13T23:49:37,1786639778,13.822496,100.512271,15.8,-0.11,0.6,-0.1,102.1,102.1,0.0,0.0,0.01,16.2,100,AUTO.LOITER,0,0
2026-08-13T23:49:38,1786639779,13.822496,100.512271,15.8,-0.1,0.6,-0.1,102.1,102.1,0.0,0.0,0.0,16.2,100,AUTO.LOITER,0,0
2026-08-13T23:49:39,1786639780,13.822496,100.512271,15.8,-0.09,0.6,-0.1,102.1,102.1,0.01,0.0,0.0,16.2,100,AUTO.LOITER,0,0
2026-08-13T23:49:40,1786639781,13.822496,100.512271,15.8,-0.09,0.6,-0.1,102.1,102.1,0.01,0.0,0.0,16.2,100,AUTO.LOITER,0,0
2026-08-13T23:49:41,1786639782,13.822496,100.512271,15.8,-0.09,0.6,-0.1,102.1,102.1,0.01,0.0,0.0,16.2,100,AUTO.LOITER,0,0
2026-08-13T23:49:42,1786639783,13.822496,100.512271,15.8,-0.09,0.7,-0.1,102.1,102.1,0.0,0.0,0.0,16.2,100,AUTO.LOITER,0,0
2026-08-13T23:49:43,1786639784,13.822495,100.512271,15.8,-0.09,0.7,-0.1,102.1,102.1,-0.01,0.0,0.0,16.2,100,AUTO.LOITER,0,0
2026-08-13T23:49:44,1786639785,13.822495,100.512271,15.8,-0.09,0.7,-0.1,102.1,102.1,-0.02,0.01,0.0,16.2,100,AUTO.LOITER,0,0
2026-08-13T23:49:45,1786639786,13.822495,100.512271,15.8,-0.09,0.7,-0.1,102.1,102.1,-0.03,0.01,0.0,16.2,100,AUTO.LOITER,0,0
2026-08-13T23:49:46,1786639787,13.822495,100.512271,15.8,-0.09,0.6,-0.1,102.1,102.1,-0.03,0.01,0.0,16.2,100,AUTO.LOITER,0,0
2026-08-13T23:49:47,1786639788,13.822495,100.512271,15.4,-0.09,0.6,-0.1,102.1,102.1,-0.03,0.01,0.0,16.2,100,AUTO.LOITER,0,0
2026-08-13T23:49:48,1786639789,13.822495,100.512271,15.8,-0.1,0.6,-0.1,102.1,102.1,-0.02,0.0,0.0,16.2,100,AUTO.LOITER,0,0
2026-08-13T23:49:49,1786639790,13.822495,100.512271,15.8,-0.1,0.5,-0.1,102.1,102.1,-0.02,0.0,0.0,16.2,100,AUTO.LOITER,0,0
2026-08-13T23:49:50,1786639791,13.822495,100.512271,15.8,-0.1,0.5,-0.1,102.1,102.1,-0.01,-0.01,0.0,16.2,100,AUTO.LOITER,0,0
2026-08-13T23:49:51,1786639792,13.822495,100.512271,15.8,-0.1,0.5,-0.1,102.1,102.1,-0.02,-0.01,0.0,16.2,100,AUTO.LOITER,0,0
2026-08-13T23:49:52,1786639793,13.822496,100.512271,15.8,-0.09,0.5,-0.1,102.1,102.1,-0.01,-0.01,0.0,16.2,100,AUTO.LOITER,0,0
2026-08-13T23:49:53,1786639794,13.822495,100.512271,15.8,-0.08,0.5,-0.2,102.1,102.1,-0.02,0.0,-0.01,16.2,100,AUTO.LOITER,0,0
2026-08-13T23:49:54,1786639795,13.822496,100.512271,15.4,-0.08,0.4,-0.2,102.1,102.1,-0.02,0.0,-0.01,16.2,100,AUTO.LOITER,0,0
2026-08-13T23:49:55,1786639796,13.822495,100.512271,15.8,-0.07,0.4,-0.2,102.1,102.1,-0.01,0.0,-0.02,16.2,100,AUTO.LOITER,0,0
2026-08-13T23:49:56,1786639797,13.822495,100.512271,15.8,-0.08,0.4,-0.2,102.1,102.1,-0.01,0.0,-0.01,16.2,100,AUTO.LOITER,0,0
2026-08-13T23:49:57,1786639798,13.822495,100.512271,15.8,-0.08,0.4,-0.2,102.1,102.1,0.0,0.0,0.0,16.2,100,AUTO.LOITER,0,0
2026-08-13T23:49:58,1786639799,13.822495,100.512271,15.8,-0.08,0.4,-0.2,102.1,102.1,0.0,0.0,0.0,16.2,100,AUTO.LOITER,0,0
2026-08-13T23:49:59,1786639800,13.822495,100.512271,15.8,-0.09,0.3,-0.2,102.2,102.2,0.0,0.0,0.0,16.2,100,AUTO.LOITER,0,0
2026-08-13T23:50:00,1786639801,13.822496,100.512271,15.8,-0.09,0.3,-0.2,102.2,102.2,0.0,0.01,0.0,16.2,100,AUTO.LOITER,0,0
2026-08-13T23:50:01,1786639802,13.822496,100.512271,15.8,-0.09,0.3,-0.2,102.2,102.2,0.0,0.02,-0.01,16.2,100,AUTO.LOITER,0,0
2026-08-13T23:50:02,1786639803,13.822496,100.512271,15.8,-0.08,0.3,-0.2,102.2,102.2,0.0,0.02,-0.02,16.2,100,AUTO.LOITER,0,0
2026-08-13T23:50:03,1786639804,13.822495,100.512271,15.8,-0.07,0.3,-0.2,102.2,102.2,0.0,0.04,-0.02,16.2,100,AUTO.LOITER,0,0
2026-08-13T23:50:04,1786639805,13.822496,100.512271,15.8,-0.07,0.2,-0.2,102.2,102.2,0.0,0.02,-0.03,16.2,100,AUTO.LOITER,0,0
2026-08-13T23:50:05,1786639806,13.822496,100.512271,15.4,-0.07,0.2,-0.2,102.2,102.2,0.0,0.02,-0.03,16.2,100,AUTO.LOITER,0,0
2026-08-13T23:50:06,1786639807,13.822496,100.512271,15.8,-0.07,0.2,-0.1,102.2,102.2,0.0,0.03,-0.03,16.2,100,AUTO.LOITER,0,0
2026-08-13T23:50:07,1786639808,13.822496,100.512271,15.8,-0.07,0.2,-0.1,102.2,102.2,0.0,0.03,-0.03,16.2,100,AUTO.LOITER,0,0
2026-08-13T23:50:08,1786639809,13.822496,100.512271,15.8,-0.07,0.3,-0.1,102.2,102.2,0.0,0.03,-0.03,16.2,100,AUTO.LOITER,0,0
2026-08-13T23:50:09,1786639810,13.822495,100.512271,15.8,-0.08,0.2,-0.1,102.2,102.2,-0.01,0.0,-0.01,16.2,100,AUTO.LOITER,0,0
2026-08-13T23:50:10,1786639811,13.822495,100.512271,15.8,-0.09,0.2,-0.1,102.2,102.2,0.0,0.0,0.0,16.2,100,AUTO.LOITER,0,0
2026-08-13T23:50:11,1786639812,13.822495,100.512271,15.8,-0.08,0.2,-0.1,102.2,102.2,-0.01,0.0,-0.01,16.2,100,AUTO.LOITER,0,0
2026-08-13T23:50:12,1786639813,13.822495,100.512271,15.8,-0.08,0.2,-0.1,102.2,102.2,-0.02,0.0,-0.01,16.2,100,AUTO.LOITER,0,0
2026-08-13T23:50:13,1786639814,13.822495,100.512271,15.8,-0.09,0.2,-0.2,102.2,102.2,-0.02,0.02,0.0,16.2,100,AUTO.LOITER,0,0
2026-08-13T23:50:14,1786639815,13.822495,100.512271,15.4,-0.09,0.2,-0.1,102.2,102.2,-0.02,0.02,0.0,16.2,100,AUTO.LOITER,0,0
2026-08-13T23:50:15,1786639816,13.822495,100.512271,15.8,-0.09,0.1,-0.2,102.2,102.2,-0.02,0.01,0.0,16.2,100,AUTO.LOITER,0,0
2026-08-13T23:50:16,1786639817,13.822495,100.512271,15.8,-0.09,0.1,-0.1,102.2,102.2,-0.02,0.02,0.0,16.2,100,AUTO.LOITER,0,0
2026-08-13T23:50:17,1786639818,13.822495,100.512271,15.8,-0.1,0.1,-0.1,102.3,102.3,-0.01,0.0,0.0,16.2,100,AUTO.LOITER,0,0
2026-08-13T23:50:18,1786639819,13.822495,100.512271,15.8,-0.1,0.1,-0.1,102.3,102.3,-0.01,0.0,0.0,16.2,100,AUTO.LOITER,0,0
2026-08-13T23:50:19,1786639820,13.822495,100.512271,15.8,-0.09,0.0,-0.1,102.3,102.3,-0.01,0.0,0.0,16.2,100,AUTO.LOITER,0,0
2026-08-13T23:50:20,1786639821,13.822496,100.512271,15.8,-0.09,-0.0,-0.1,102.3,102.3,0.0,0.0,0.0,16.2,100,AUTO.LOITER,0,0
2026-08-13T23:50:21,1786639822,13.822496,100.512271,15.8,-0.09,-0.0,-0.1,102.3,102.3,0.01,0.01,-0.01,16.2,100,AUTO.LOITER,0,0
2026-08-13T23:50:22,1786639823,13.822496,100.512271,15.8,-0.08,-0.0,-0.1,102.3,102.3,0.0,0.01,-0.02,16.2,100,AUTO.LOITER,0,0
2026-08-13T23:50:23,1786639824,13.822496,100.512271,15.4,-0.08,0.0,-0.1,102.3,102.3,0.0,0.01,-0.02,16.2,100,AUTO.LOITER,0,0
2026-08-13T23:50:24,1786639825,13.822495,100.512271,15.8,-0.07,-0.0,-0.1,102.3,102.3,0.0,0.01,-0.02,16.2,100,AUTO.LOITER,0,0
2026-08-13T23:50:25,1786639826,13.822496,100.512271,15.8,-0.07,0.0,-0.1,102.3,102.3,0.0,0.0,-0.02,16.2,100,AUTO.LOITER,0,0
2026-08-13T23:50:26,1786639827,13.822495,100.512271,15.8,-0.07,0.0,-0.1,102.3,102.3,-0.03,0.0,-0.02,16.2,100,AUTO.LOITER,0,0
2026-08-13T23:50:27,1786639828,13.822495,100.512271,15.8,-0.07,-0.0,-0.1,102.3,102.3,-0.03,0.0,-0.03,16.2,100,AUTO.LOITER,0,0
2026-08-13T23:50:28,1786639829,13.822495,100.512271,15.8,-0.07,-0.1,-0.1,102.3,102.3,-0.01,0.02,-0.03,16.2,100,AUTO.LOITER,0,0
2026-08-13T23:50:29,1786639830,13.822496,100.512271,15.4,-0.07,-0.1,-0.1,102.3,102.3,-0.01,0.02,-0.03,16.2,100,AUTO.LOITER,0,0
2026-08-13T23:50:30,1786639831,13.822496,100.512271,15.8,-0.07,-0.1,-0.1,102.3,102.3,0.0,0.01,-0.02,16.2,100,AUTO.LOITER,0,0
2026-08-13T23:50:31,1786639832,13.822495,100.512271,15.4,-0.07,-0.1,-0.1,102.3,102.3,0.0,0.01,-0.02,16.2,100,AUTO.LOITER,0,0
2026-08-13T23:50:32,1786639833,13.822496,100.512271,15.8,-0.07,-0.1,-0.1,102.3,102.3,0.01,0.01,-0.03,16.2,100,AUTO.LOITER,0,0
2026-08-13T23:50:33,1786639834,13.822496,100.512271,15.8,-0.07,-0.1,-0.0,102.3,102.3,0.02,0.02,-0.03,16.2,100,AUTO.LOITER,0,0
2026-08-13T23:50:34,1786639835,13.822496,100.512271,15.8,-0.06,-0.1,-0.0,102.3,102.3,0.02,0.0,-0.04,16.2,100,AUTO.LOITER,0,0
2026-08-13T23:50:35,1786639836,13.822496,100.512271,15.8,-0.06,-0.1,-0.0,102.3,102.3,0.04,0.01,-0.04,16.2,100,AUTO.LOITER,0,0
2026-08-13T23:50:36,1786639837,13.822496,100.512271,15.8,-0.05,-0.1,-0.0,102.3,102.3,0.03,0.02,-0.05,16.2,100,AUTO.LOITER,0,0
2026-08-13T23:50:37,1786639838,13.822496,100.512271,15.8,-0.04,-0.1,-0.0,102.3,102.3,0.01,0.03,-0.05,16.2,100,AUTO.LOITER,0,0
2026-08-13T23:50:38,1786639839,13.822496,100.512271,15.8,-0.05,-0.0,-0.0,102.3,102.3,0.0,0.02,-0.05,16.2,100,AUTO.LOITER,0,0
2026-08-13T23:50:39,1786639840,13.822496,100.512271,15.8,-0.05,-0.0,-0.0,102.3,102.3,0.0,0.02,-0.05,16.2,100,AUTO.LOITER,0,0
2026-08-13T23:50:40,1786639841,13.822495,100.512271,15.4,-0.05,-0.0,0.0,102.3,102.3,0.0,0.02,-0.05,16.2,100,AUTO.LOITER,0,0
2026-08-13T23:50:41,1786639842,13.822496,100.512271,15.8,-0.05,-0.0,0.0,102.3,102.3,0.0,0.02,-0.04,16.2,100,AUTO.LOITER,0,0
2026-08-13T23:50:42,1786639843,13.822495,100.512271,15.8,-0.06,-0.0,0.0,102.3,102.3,0.0,0.01,-0.03,16.2,100,AUTO.LOITER,0,0
2026-08-13T23:50:43,1786639844,13.822495,100.512271,15.8,-0.07,-0.0,0.0,102.3,102.3,0.0,0.0,-0.02,16.2,100,AUTO.LOITER,0,0
2026-08-13T23:50:44,1786639845,13.822496,100.512271,15.8,-0.07,-0.0,0.0,102.3,102.3,0.01,0.0,-0.02,16.2,100,AUTO.LOITER,0,0
2026-08-13T23:50:45,1786639846,13.822495,100.512271,15.8,-0.07,-0.0,-0.0,102.3,102.3,0.0,-0.01,-0.02,16.2,100,AUTO.LOITER,0,0
2026-08-13T23:50:46,1786639847,13.822495,100.512271,15.8,-0.07,-0.0,-0.0,102.3,102.3,0.0,0.0,-0.03,16.2,100,AUTO.LOITER,0,0
2026-08-13T23:50:47,1786639848,13.822495,100.512271,15.8,-0.07,-0.0,-0.0,102.3,102.3,0.0,0.0,-0.02,16.2,100,AUTO.LOITER,0,0
2026-08-13T23:50:48,1786639849,13.822495,100.512271,15.8,-0.07,-0.0,-0.1,102.3,102.3,0.0,0.0,-0.02,16.2,100,AUTO.LOITER,0,0
2026-08-13T23:50:49,1786639850,13.822495,100.512271,15.4,-0.07,0.0,-0.0,102.3,102.3,0.0,0.0,-0.02,16.2,100,AUTO.LOITER,0,0
2026-08-13T23:50:50,1786639851,13.822495,100.512271,15.4,-0.07,0.0,-0.0,102.3,102.3,0.0,0.0,-0.02,16.2,100,AUTO.LOITER,0,0
2026-08-13T23:50:51,1786639852,13.822495,100.512271,15.8,-0.07,0.0,-0.0,102.3,102.3,-0.01,0.02,-0.03,16.2,100,AUTO.LOITER,0,0
2026-08-13T23:50:52,1786639853,13.822495,100.512271,15.8,-0.06,0.0,-0.0,102.3,102.3,-0.02,0.03,-0.03,16.2,100,AUTO.LOITER,0,0
2026-08-13T23:50:53,1786639854,13.822495,100.512271,15.8,-0.06,0.0,-0.0,102.3,102.3,-0.02,0.03,-0.03,16.2,100,AUTO.LOITER,0,0
2026-08-13T23:50:54,1786639855,13.822496,100.512271,15.8,-0.07,-0.0,0.1,102.2,102.2,0.0,0.02,-0.02,16.2,100,AUTO.LOITER,0,0
2026-08-13T23:50:55,1786639856,13.822495,100.512271,15.8,-0.07,0.0,0.1,102.2,102.2,-0.01,0.0,-0.02,16.2,100,AUTO.LOITER,0,0
2026-08-13T23:50:56,1786639857,13.822496,100.512271,15.8,-0.08,-0.0,0.2,102.2,102.2,-0.01,0.0,-0.01,16.2,100,AUTO.LOITER,0,0
2026-08-13T23:50:57,1786639858,13.822495,100.512271,15.8,-0.08,-0.0,0.2,102.2,102.2,0.0,-0.01,-0.02,16.2,100,AUTO.LOITER,0,0
2026-08-13T23:50:58,1786639859,13.822496,100.512271,15.3,-0.08,-0.0,0.2,102.2,102.2,0.0,-0.01,-0.02,16.2,100,AUTO.LOITER,0,0
2026-08-13T23:50:59,1786639860,13.822496,100.512271,15.8,-0.07,-0.1,0.2,102.2,102.2,0.0,-0.02,-0.02,16.2,100,AUTO.LOITER,0,0
2026-08-13T23:51:00,1786639861,13.822496,100.512271,15.8,-0.07,-0.1,0.1,102.2,102.2,0.01,0.0,-0.03,16.2,100,AUTO.LOITER,0,0
2026-08-13T23:51:01,1786639862,13.822496,100.512271,15.8,-0.07,-0.0,0.1,102.2,102.2,0.0,0.02,-0.02,16.2,100,AUTO.LOITER,0,0
2026-08-13T23:51:02,1786639863,13.822495,100.512271,15.8,-0.07,-0.0,0.2,102.2,102.2,0.0,0.01,-0.01,16.2,100,AUTO.LOITER,0,0
2026-08-13T23:51:03,1786639864,13.822495,100.512271,15.8,-0.08,-0.0,0.2,102.2,102.2,0.0,0.0,-0.01,16.2,100,AUTO.LOITER,0,0
2026-08-13T23:51:04,1786639865,13.822495,100.512271,15.8,-0.09,-0.0,0.2,102.2,102.2,-0.01,0.0,0.0,16.2,100,AUTO.LOITER,0,0
2026-08-13T23:51:05,1786639866,13.822495,100.512271,15.8,-0.09,-0.0,0.1,102.2,102.2,0.0,0.0,0.0,16.2,100,AUTO.LOITER,0,0
2026-08-13T23:51:06,1786639867,13.822495,100.512271,15.4,-0.09,-0.0,0.1,102.2,102.2,0.0,0.0,0.0,16.2,100,AUTO.LOITER,0,0
2026-08-13T23:51:07,1786639868,13.822495,100.512271,15.8,-0.1,-0.0,0.1,102.2,102.2,0.01,0.0,0.0,16.2,100,AUTO.LOITER,0,0
2026-08-13T23:51:08,1786639869,13.822496,100.512271,15.4,-0.1,-0.0,0.1,102.1,102.1,0.01,0.0,0.0,16.2,100,AUTO.LOITER,0,0
2026-08-13T23:51:09,1786639870,13.822496,100.512271,15.8,-0.1,0.0,0.2,102.1,102.1,0.01,0.0,0.0,16.2,100,AUTO.LOITER,0,0
2026-08-13T23:51:10,1786639871,13.822496,100.512271,15.8,-0.09,0.0,0.1,102.1,102.1,0.02,0.0,-0.01,16.2,100,AUTO.LOITER,0,0
2026-08-13T23:51:11,1786639872,13.822496,100.512271,15.8,-0.07,0.1,0.1,102.1,102.1,0.01,0.0,-0.02,16.2,100,AUTO.LOITER,0,0
2026-08-13T23:51:12,1786639873,13.822495,100.512271,15.8,-0.07,0.1,0.1,102.1,102.1,0.0,0.01,-0.02,16.2,100,AUTO.LOITER,0,0
2026-08-13T23:51:13,1786639874,13.822496,100.512271,15.8,-0.07,0.1,0.1,102.1,102.1,0.02,0.01,-0.02,16.2,100,AUTO.LOITER,0,0
2026-08-13T23:51:14,1786639875,13.822496,100.512271,15.8,-0.07,0.1,0.2,102.1,102.1,0.02,0.0,-0.02,16.2,100,AUTO.LOITER,0,0
2026-08-13T23:51:15,1786639876,13.822496,100.512271,15.8,-0.07,0.2,0.2,102.1,102.1,0.0,0.0,-0.02,16.2,100,AUTO.LOITER,0,0
2026-08-13T23:51:16,1786639877,13.822496,100.512271,15.8,-0.07,0.2,0.2,102.1,102.1,0.0,0.0,-0.03,16.2,100,AUTO.LOITER,0,0
2026-08-13T23:51:17,1786639878,13.822495,100.512271,15.4,-0.07,0.2,0.2,102.2,102.2,0.0,0.0,-0.03,16.2,100,AUTO.LOITER,0,0
2026-08-13T23:51:18,1786639879,13.822495,100.512271,15.8,-0.07,0.2,0.2,102.2,102.2,-0.02,0.0,-0.03,16.2,100,AUTO.LOITER,0,0
2026-08-13T23:51:19,1786639880,13.822495,100.512271,15.8,-0.07,0.2,0.2,102.2,102.2,-0.03,0.0,-0.03,16.2,100,AUTO.LOITER,0,0
2026-08-13T23:51:20,1786639881,13.822496,100.512271,15.3,-0.07,0.2,0.2,102.2,102.2,-0.03,0.0,-0.03,16.2,100,AUTO.LOITER,0,0
2026-08-13T23:51:21,1786639882,13.822495,100.512271,15.4,-0.07,0.2,0.2,102.2,102.2,-0.03,0.0,-0.03,16.2,100,AUTO.LOITER,0,0
2026-08-13T23:51:22,1786639883,13.822495,100.512271,15.8,-0.06,0.1,0.2,102.2,102.2,0.0,0.0,-0.03,16.2,100,AUTO.LOITER,0,0
2026-08-13T23:51:23,1786639884,13.822495,100.512271,15.8,-0.06,0.1,0.2,102.2,102.2,0.0,0.0,-0.03,16.2,100,AUTO.LOITER,0,0
2026-08-13T23:51:24,1786639885,13.822496,100.512271,15.8,-0.06,0.1,0.2,102.2,102.2,0.01,0.0,-0.03,16.2,100,AUTO.LOITER,0,0
2026-08-13T23:51:25,1786639886,13.822496,100.512271,15.8,-0.06,0.1,0.2,102.2,102.2,0.01,0.0,-0.03,16.2,100,AUTO.LOITER,0,0
2026-08-13T23:51:26,1786639887,13.822496,100.512271,15.8,-0.06,0.1,0.2,102.2,102.2,0.01,0.0,-0.03,16.2,100,AUTO.LOITER,0,0
2026-08-13T23:51:27,1786639888,13.822496,100.512271,15.8,-0.07,0.1,0.2,102.2,102.2,0.02,-0.01,-0.02,16.2,100,AUTO.LOITER,0,0
2026-08-13T23:51:28,1786639889,13.822496,100.512271,15.8,-0.07,0.1,0.2,102.2,102.2,0.02,-0.02,-0.02,16.2,100,AUTO.LOITER,0,0
2026-08-13T23:51:29,1786639890,13.822496,100.512271,15.8,-0.07,0.1,0.2,102.2,102.2,0.01,-0.02,-0.02,16.2,100,AUTO.LOITER,0,0
2026-08-13T23:51:30,1786639891,13.822496,100.512271,15.8,-0.07,0.1,0.2,102.2,102.2,0.0,-0.02,-0.02,16.2,100,AUTO.LOITER,0,0
2026-08-13T23:51:31,1786639892,13.822496,100.512271,15.8,-0.07,0.2,0.2,102.2,102.2,0.0,-0.02,-0.02,16.2,100,AUTO.LOITER,0,0
2026-08-13T23:51:32,1786639893,13.822495,100.512271,15.4,-0.07,0.2,0.2,102.2,102.2,0.0,-0.02,-0.02,16.2,100,AUTO.LOITER,0,0
2026-08-13T23:51:33,1786639894,13.822495,100.512271,15.8,-0.07,0.2,0.2,102.2,102.2,-0.02,-0.01,-0.02,16.2,100,AUTO.LOITER,0,0
2026-08-13T23:51:34,1786639895,13.822495,100.512271,15.8,-0.07,0.1,0.1,102.2,102.2,-0.01,-0.01,-0.02,16.2,100,AUTO.LOITER,0,0
2026-08-13T23:51:35,1786639896,13.822495,100.512271,15.8,-0.07,0.1,0.1,102.2,102.2,-0.01,0.0,-0.03,16.2,100,AUTO.LOITER,0,0
2026-08-13T23:51:36,1786639897,13.822495,100.512271,15.8,-0.06,0.1,0.1,102.2,102.2,-0.02,0.0,-0.03,16.2,100,AUTO.LOITER,0,0
2026-08-13T23:51:37,1786639898,13.822495,100.512271,15.8,-0.06,0.1,0.1,102.2,102.2,-0.01,0.01,-0.04,16.2,100,AUTO.LOITER,0,0
2026-08-13T23:51:38,1786639899,13.822495,100.512271,15.8,-0.05,0.1,0.1,102.2,102.2,-0.01,0.01,-0.05,16.2,100,AUTO.LOITER,0,0
2026-08-13T23:51:39,1786639900,13.822495,100.512271,15.8,-0.05,0.1,0.2,102.2,102.2,-0.01,0.01,-0.05,16.2,100,AUTO.LOITER,0,0
2026-08-13T23:51:40,1786639901,13.822496,100.512271,15.4,-0.05,0.1,0.2,102.2,102.2,-0.01,0.01,-0.05,16.2,100,AUTO.LOITER,0,0
2026-08-13T23:51:41,1786639902,13.822496,100.512271,15.4,-0.05,0.1,0.2,102.2,102.2,-0.01,0.01,-0.05,16.2,100,AUTO.LOITER,0,0
2026-08-13T23:51:42,1786639903,13.822496,100.512271,15.8,-0.05,0.1,0.2,102.2,102.2,0.01,-0.02,-0.04,16.2,100,AUTO.LOITER,0,0
2026-08-13T23:51:43,1786639904,13.822496,100.512271,15.8,-0.06,0.1,0.2,102.2,102.2,0.03,0.0,-0.04,16.2,100,AUTO.LOITER,0,0
2026-08-13T23:51:44,1786639905,13.822496,100.512271,15.8,-0.07,0.2,0.1,102.2,102.2,0.02,0.0,-0.03,16.2,100,AUTO.LOITER,0,0
2026-08-13T23:51:45,1786639906,13.822496,100.512271,15.8,-0.07,0.2,0.1,102.2,102.2,0.0,0.01,-0.03,16.2,100,AUTO.LOITER,0,0
2026-08-13T23:51:46,1786639907,13.822496,100.512271,15.4,-0.07,0.2,0.2,102.2,102.2,0.0,0.01,-0.03,16.2,100,AUTO.LOITER,0,0
2026-08-13T23:51:47,1786639908,13.822495,100.512271,15.8,-0.06,0.3,0.2,102.2,102.2,0.0,0.01,-0.03,16.2,100,AUTO.LOITER,0,0
2026-08-13T23:51:48,1786639909,13.822495,100.512271,15.8,-0.06,0.3,0.2,102.3,102.3,0.0,-0.01,-0.03,16.2,100,AUTO.LOITER,0,0
2026-08-13T23:51:49,1786639910,13.822495,100.512271,15.8,-0.06,0.3,0.2,102.3,102.3,0.0,-0.01,-0.03,16.2,100,AUTO.LOITER,0,0
2026-08-13T23:51:50,1786639911,13.822495,100.512271,15.8,-0.07,0.3,0.2,102.3,102.3,0.0,-0.01,-0.02,16.2,100,AUTO.LOITER,0,0
2026-08-13T23:51:51,1786639912,13.822496,100.512271,15.4,-0.07,0.3,0.2,102.3,102.3,0.0,-0.01,-0.02,16.2,100,AUTO.LOITER,0,0
2026-08-13T23:51:52,1786639913,13.822495,100.512271,15.8,-0.07,0.3,0.2,102.3,102.3,0.0,-0.02,-0.02,16.2,100,AUTO.LOITER,0,0
2026-08-13T23:51:53,1786639914,13.822495,100.512271,15.8,-0.07,0.3,0.1,102.3,102.3,0.0,-0.02,-0.02,16.2,100,AUTO.LOITER,0,0
2026-08-13T23:51:54,1786639915,13.822496,100.512271,15.4,-0.07,0.3,0.1,102.3,102.3,0.0,-0.02,-0.02,16.2,100,AUTO.LOITER,0,0
2026-08-13T23:51:55,1786639916,13.822495,100.512271,15.8,-0.07,0.3,0.1,102.3,102.3,0.0,-0.03,-0.02,16.2,100,AUTO.LOITER,0,0
2026-08-13T23:51:56,1786639917,13.822495,100.512271,15.8,-0.08,0.2,0.0,102.3,102.3,0.0,0.0,-0.01,16.2,100,AUTO.LOITER,0,0
2026-08-13T23:51:57,1786639918,13.822495,100.512271,15.8,-0.09,0.2,0.0,102.3,102.3,0.0,0.0,0.0,16.2,100,AUTO.LOITER,0,0
2026-08-13T23:51:58,1786639919,13.822495,100.512271,15.8,-0.09,0.2,0.0,102.3,102.3,-0.01,0.0,0.0,16.2,100,AUTO.LOITER,0,0
2026-08-13T23:51:59,1786639920,13.822495,100.512271,15.8,-0.1,0.2,0.0,102.3,102.3,-0.01,0.0,0.0,16.2,100,AUTO.LOITER,0,0
2026-08-13T23:52:00,1786639921,13.822496,100.512271,15.8,-0.1,0.2,-0.0,102.3,102.3,0.0,0.01,0.0,16.2,100,AUTO.LOITER,0,0
2026-08-13T23:52:01,1786639922,13.822496,100.512271,15.8,-0.1,0.2,-0.0,102.3,102.3,0.0,0.0,0.0,16.2,100,AUTO.LOITER,0,0
2026-08-13T23:52:02,1786639923,13.822496,100.512271,15.8,-0.09,0.2,-0.0,102.3,102.3,0.0,0.0,0.0,16.2,100,AUTO.LOITER,0,0
2026-08-13T23:52:03,1786639924,13.822496,100.512271,15.8,-0.09,0.2,-0.0,102.3,102.3,0.01,0.01,0.0,16.2,100,AUTO.LOITER,0,0
2026-08-13T23:52:04,1786639925,13.822496,100.512271,15.4,-0.09,0.2,-0.0,102.3,102.3,0.01,0.01,0.0,16.2,100,AUTO.LOITER,0,0
2026-08-13T23:52:05,1786639926,13.822496,100.512271,15.8,-0.09,0.2,-0.0,102.3,102.3,0.01,0.01,0.0,16.2,100,AUTO.LOITER,0,0
2026-08-13T23:52:06,1786639927,13.822496,100.512271,15.8,-0.09,0.2,-0.0,102.3,102.3,0.0,0.01,0.0,16.2,100,AUTO.LOITER,0,0
2026-08-13T23:52:07,1786639928,13.822496,100.512271,15.8,-0.1,0.2,0.0,102.3,102.3,0.0,0.03,0.0,16.2,100,AUTO.LOITER,0,0
2026-08-13T23:52:08,1786639929,13.822496,100.512271,15.8,-0.1,0.2,0.0,102.3,102.3,0.01,0.02,0.01,16.2,100,AUTO.LOITER,0,0
2026-08-13T23:52:09,1786639930,13.822496,100.512271,15.8,-0.1,0.2,0.1,102.3,102.3,0.0,0.03,0.0,16.2,100,AUTO.LOITER,0,0
2026-08-13T23:52:10,1786639931,13.822495,100.512271,15.8,-0.09,0.2,0.1,102.2,102.2,-0.01,0.01,0.0,16.2,100,AUTO.LOITER,0,0
2026-08-13T23:52:11,1786639932,13.822495,100.512271,15.4,-0.09,0.2,0.1,102.2,102.2,-0.01,0.01,0.0,16.2,100,AUTO.LOITER,0,0
2026-08-13T23:52:12,1786639933,13.822495,100.512271,15.8,-0.09,0.2,0.1,102.3,102.3,-0.02,0.01,0.0,16.2,100,AUTO.LOITER,0,0
2026-08-13T23:52:13,1786639934,13.822496,100.512271,15.3,-0.09,0.2,0.2,102.3,102.3,-0.02,0.01,0.0,16.2,100,AUTO.LOITER,0,0
2026-08-13T23:52:14,1786639935,13.822495,100.512271,15.8,-0.09,0.2,0.2,102.3,102.3,-0.02,0.0,0.0,16.2,100,AUTO.LOITER,0,0
2026-08-13T23:52:15,1786639936,13.822496,100.512271,15.8,-0.09,0.1,0.2,102.3,102.3,-0.02,0.0,0.0,16.2,100,AUTO.LOITER,0,0
2026-08-13T23:52:16,1786639937,13.822496,100.512271,15.8,-0.1,0.1,0.2,102.3,102.3,-0.01,0.0,0.0,16.2,100,AUTO.LOITER,0,0
2026-08-13T23:52:17,1786639938,13.822496,100.512271,15.8,-0.1,0.1,0.2,102.3,102.3,0.0,-0.01,0.0,16.2,100,AUTO.LOITER,0,0
2026-08-13T23:52:18,1786639939,13.822496,100.512271,15.8,-0.09,0.1,0.2,102.3,102.3,0.0,-0.02,0.0,16.2,100,AUTO.LOITER,0,0
2026-08-13T23:52:19,1786639940,13.822496,100.51227,15.8,-0.09,0.1,0.2,102.3,102.3,0.01,-0.03,0.0,16.2,100,AUTO.LOITER,0,0
2026-08-13T23:52:20,1786639941,13.822496,100.51227,15.8,-0.1,0.1,0.2,102.3,102.3,0.02,-0.02,0.0,16.2,100,AUTO.LOITER,0,0
2026-08-13T23:52:21,1786639942,13.822496,100.512271,15.4,-0.1,0.1,0.2,102.3,102.3,0.02,-0.02,0.0,16.2,100,AUTO.LOITER,0,0
2026-08-13T23:52:22,1786639943,13.822496,100.512271,15.8,-0.09,0.1,0.2,102.3,102.3,0.01,-0.01,0.0,16.2,100,AUTO.LOITER,0,0
2026-08-13T23:52:23,1786639944,13.822496,100.51227,15.8,-0.09,0.2,0.2,102.3,102.3,0.0,-0.01,0.0,16.2,100,AUTO.LOITER,0,0
2026-08-13T23:52:24,1786639945,13.822496,100.512271,15.8,-0.08,0.2,0.2,102.3,102.3,0.0,0.0,0.0,16.2,100,AUTO.LOITER,0,0
2026-08-13T23:52:25,1786639946,13.822495,100.512271,15.8,-0.09,0.2,0.2,102.3,102.3,0.0,0.0,0.0,16.2,100,AUTO.LOITER,0,0
2026-08-13T23:52:26,1786639947,13.822495,100.512271,15.8,-0.09,0.2,0.2,102.3,102.3,0.0,0.0,0.0,16.2,100,AUTO.LOITER,0,0
2026-08-13T23:52:27,1786639948,13.822496,100.512271,15.8,-0.09,0.2,0.2,102.3,102.3,0.01,0.0,0.0,16.2,100,AUTO.LOITER,0,0
2026-08-13T23:52:28,1786639949,13.822496,100.512271,15.8,-0.09,0.2,0.1,102.3,102.3,0.01,0.0,0.0,16.2,100,AUTO.LOITER,0,0
2026-08-13T23:52:29,1786639950,13.822496,100.512271,15.8,-0.1,0.2,0.1,102.3,102.3,0.02,-0.01,0.0,16.2,100,AUTO.LOITER,0,0
2026-08-13T23:52:30,1786639951,13.822496,100.512271,15.8,-0.1,0.2,0.1,102.3,102.3,0.01,-0.03,0.0,16.2,100,AUTO.LOITER,0,0
2026-08-13T23:52:31,1786639952,13.822495,100.512271,15.4,-0.1,0.2,0.1,102.3,102.3,0.01,-0.03,0.0,16.2,100,AUTO.LOITER,0,0
2026-08-13T23:52:32,1786639953,13.822496,100.512271,15.8,-0.09,0.2,0.1,102.3,102.3,0.0,-0.03,0.0,16.2,100,AUTO.LOITER,0,0
2026-08-13T23:52:33,1786639954,13.822496,100.512271,15.8,-0.09,0.2,0.1,102.3,102.3,0.0,-0.03,0.0,16.2,100,AUTO.LOITER,0,0
2026-08-13T23:52:34,1786639955,13.822495,100.512271,15.8,-0.1,0.2,0.0,102.3,102.3,0.0,-0.02,0.0,16.2,100,AUTO.LOITER,0,0
2026-08-13T23:52:35,1786639956,13.822496,100.512271,15.8,-0.1,0.2,0.0,102.3,102.3,0.0,0.0,0.0,16.2,100,AUTO.LOITER,0,0
2026-08-13T23:52:36,1786639957,13.822496,100.512271,15.8,-0.1,0.2,-0.0,102.3,102.3,0.0,0.0,0.0,16.2,100,AUTO.LOITER,0,0
2026-08-13T23:52:37,1786639958,13.822496,100.512271,15.8,-0.1,0.2,-0.0,102.2,102.2,0.0,0.0,0.0,16.2,100,AUTO.LOITER,0,0
2026-08-13T23:52:38,1786639959,13.822495,100.512271,15.4,-0.1,0.2,-0.0,102.2,102.2,0.0,0.0,0.0,16.2,100,AUTO.LOITER,0,0
2026-08-13T23:52:39,1786639960,13.822495,100.512271,15.4,-0.1,0.2,0.0,102.2,102.2,0.0,0.0,0.0,16.2,100,AUTO.LOITER,0,0
2026-08-13T23:52:40,1786639961,13.822495,100.512271,15.4,-0.1,0.2,0.0,102.2,102.2,0.0,0.0,0.0,16.2,100,AUTO.LOITER,0,0
2026-08-13T23:52:41,1786639962,13.822496,100.512271,15.8,-0.1,0.2,0.1,102.2,102.2,0.02,0.01,0.01,16.2,100,AUTO.LOITER,0,0
2026-08-13T23:52:42,1786639963,13.822496,100.512271,15.8,-0.1,0.2,0.1,102.2,102.2,0.02,0.01,0.01,16.2,100,AUTO.LOITER,0,0
2026-08-13T23:52:43,1786639964,13.822496,100.512271,15.8,-0.11,0.2,0.1,102.2,102.2,0.0,0.0,0.02,16.2,100,AUTO.LOITER,0,0
2026-08-13T23:52:44,1786639965,13.822495,100.51227,15.8,-0.11,0.3,0.1,102.2,102.2,-0.01,0.0,0.01,16.2,100,AUTO.LOITER,0,0
2026-08-13T23:52:45,1786639966,13.822495,100.512271,15.5,-0.11,0.3,0.1,102.2,102.2,-0.01,0.0,0.01,16.2,100,AUTO.LOITER,0,0
2026-08-13T23:52:46,1786639967,13.822495,100.512271,15.8,-0.11,0.3,0.1,102.2,102.2,-0.01,0.0,0.01,16.2,100,AUTO.LOITER,0,0
2026-08-13T23:52:47,1786639968,13.822495,100.512271,15.8,-0.1,0.2,0.1,102.2,102.2,-0.02,0.01,0.0,16.2,100,AUTO.LOITER,0,0
2026-08-13T23:52:48,1786639969,13.822495,100.512271,15.8,-0.1,0.2,0.2,102.2,102.2,-0.02,0.01,0.01,16.2,100,AUTO.LOITER,0,0
2026-08-13T23:52:49,1786639970,13.822495,100.512271,15.8,-0.11,0.2,0.2,102.2,102.2,-0.02,0.02,0.02,16.2,100,AUTO.LOITER,0,0
2026-08-13T23:52:50,1786639971,13.822495,100.512271,15.8,-0.11,0.2,0.2,102.2,102.2,-0.01,0.01,0.02,16.2,100,AUTO.LOITER,0,0
2026-08-13T23:52:51,1786639972,13.822496,100.512271,15.8,-0.11,0.1,0.3,102.2,102.2,-0.01,0.0,0.02,16.2,100,AUTO.LOITER,0,0
2026-08-13T23:52:52,1786639973,13.822495,100.512271,15.8,-0.11,0.1,0.3,102.2,102.2,-0.02,0.0,0.02,16.2,100,AUTO.LOITER,0,0
2026-08-13T23:52:53,1786639974,13.822495,100.512271,15.8,-0.11,0.1,0.3,102.2,102.2,-0.01,-0.01,0.02,16.2,100,AUTO.LOITER,0,0
2026-08-13T23:52:54,1786639975,13.822496,100.512271,15.4,-0.11,0.1,0.3,102.2,102.2,-0.01,-0.01,0.02,16.2,100,AUTO.LOITER,0,0
2026-08-13T23:52:55,1786639976,13.822495,100.512271,15.8,-0.11,0.1,0.3,102.2,102.2,-0.01,-0.01,0.01,16.2,100,AUTO.LOITER,0,0
2026-08-13T23:52:56,1786639977,13.822495,100.512271,15.8,-0.1,0.0,0.3,102.2,102.2,0.0,-0.02,0.01,16.2,100,AUTO.LOITER,0,0
2026-08-13T23:52:57,1786639978,13.822496,100.512271,15.8,-0.11,0.0,0.3,102.2,102.2,0.01,-0.01,0.02,16.2,100,AUTO.LOITER,0,0
2026-08-13T23:52:58,1786639979,13.822496,100.512271,15.8,-0.12,0.0,0.3,102.2,102.2,0.03,-0.02,0.03,16.2,100,AUTO.LOITER,0,0
2026-08-13T23:52:59,1786639980,13.822496,100.512271,15.8,-0.12,0.0,0.2,102.2,102.2,0.03,-0.01,0.03,16.2,100,AUTO.LOITER,0,0
2026-08-13T23:53:00,1786639981,13.822496,100.512271,15.8,-0.12,0.1,0.2,102.2,102.2,0.01,0.0,0.02,16.2,100,AUTO.LOITER,0,0
2026-08-13T23:53:01,1786639982,13.822496,100.512271,15.8,-0.11,0.1,0.2,102.2,102.2,0.01,-0.01,0.01,16.2,100,AUTO.LOITER,0,0
2026-08-13T23:53:02,1786639983,13.822496,100.512271,15.8,-0.1,0.1,0.2,102.2,102.2,0.01,-0.01,0.01,16.2,100,AUTO.LOITER,0,0
2026-08-13T23:53:03,1786639984,13.822496,100.512271,15.8,-0.11,0.1,0.2,102.2,102.2,0.01,0.0,0.02,16.2,100,AUTO.LOITER,0,0
2026-08-13T23:53:04,1786639985,13.822495,100.512271,15.8,-0.11,0.1,0.2,102.2,102.2,0.0,0.0,0.02,16.2,100,AUTO.LOITER,0,0
2026-08-13T23:53:05,1786639986,13.822496,100.512271,15.4,-0.11,0.1,0.2,102.2,102.2,0.0,0.0,0.02,16.2,100,AUTO.LOITER,0,0
2026-08-13T23:53:06,1786639987,13.822495,100.512271,15.8,-0.12,0.1,0.2,102.1,102.1,0.0,0.0,0.04,16.2,100,AUTO.LOITER,0,0
2026-08-13T23:53:07,1786639988,13.822496,100.512271,15.7,-0.13,0.1,0.2,102.1,102.1,0.0,0.0,0.04,16.2,100,AUTO.LOITER,0,0
2026-08-13T23:53:08,1786639989,13.822496,100.512271,15.7,-0.13,0.1,0.2,102.1,102.1,0.0,-0.02,0.04,16.2,100,AUTO.LOITER,0,0
2026-08-13T23:53:09,1786639990,13.822495,100.512271,15.7,-0.13,0.1,0.2,102.1,102.1,-0.01,-0.02,0.04,16.2,100,AUTO.LOITER,0,0
2026-08-13T23:53:10,1786639991,13.822496,100.512271,15.7,-0.13,0.1,0.1,102.1,102.1,0.0,-0.01,0.05,16.2,100,AUTO.LOITER,0,0
2026-08-13T23:53:11,1786639992,13.822495,100.512271,15.7,-0.14,0.1,0.1,102.1,102.1,-0.01,-0.02,0.05,16.2,100,AUTO.LOITER,0,0
2026-08-13T23:53:12,1786639993,13.822495,100.512271,15.7,-0.14,0.1,0.1,102.1,102.1,-0.01,-0.02,0.05,16.2,100,AUTO.LOITER,0,0
2026-08-13T23:53:13,1786639994,13.822495,100.512271,15.7,-0.13,0.1,0.1,102.1,102.1,0.0,0.01,0.04,16.2,100,AUTO.LOITER,0,0
2026-08-13T23:53:14,1786639995,13.822496,100.512271,15.8,-0.13,0.1,0.1,102.1,102.1,0.0,0.01,0.03,16.2,100,AUTO.LOITER,0,0
2026-08-13T23:53:15,1786639996,13.822496,100.512271,15.8,-0.12,0.1,0.1,102.1,102.1,0.0,0.02,0.03,16.2,100,AUTO.LOITER,0,0
2026-08-13T23:53:16,1786639997,13.822496,100.512271,15.8,-0.12,0.1,0.1,102.1,102.1,0.0,0.02,0.03,16.2,100,AUTO.LOITER,0,0
2026-08-13T23:53:17,1786639998,13.822496,100.512271,15.8,-0.12,0.0,0.1,102.1,102.1,0.0,0.01,0.03,16.2,100,AUTO.LOITER,0,0
2026-08-13T23:53:18,1786639999,13.822496,100.512271,15.8,-0.12,0.1,0.2,102.1,102.1,0.0,0.01,0.03,16.2,100,AUTO.LOITER,0,0
2026-08-13T23:53:19,1786640000,13.822496,100.512271,15.8,-0.13,0.0,0.2,102.1,102.1,0.0,0.0,0.04,16.2,100,AUTO.LOITER,0,0
2026-08-13T23:53:20,1786640001,13.822496,100.512271,15.7,-0.13,0.0,0.2,102.1,102.1,0.0,0.0,0.05,16.2,100,AUTO.LOITER,0,0
2026-08-13T23:53:21,1786640002,13.822496,100.512271,15.7,-0.13,0.0,0.2,102.1,102.1,0.0,0.0,0.05,16.2,100,AUTO.LOITER,0,0
2026-08-13T23:53:22,1786640003,13.822496,100.512271,15.7,-0.14,0.0,0.2,102.1,102.1,0.0,0.01,0.05,16.2,100,AUTO.LOITER,0,0
2026-08-13T23:53:23,1786640004,13.822496,100.512271,15.7,-0.14,0.0,0.2,102.1,102.1,0.0,0.01,0.05,16.2,100,AUTO.LOITER,0,0
2026-08-13T23:53:24,1786640005,13.822495,100.512271,15.7,-0.14,0.0,0.2,102.1,102.1,-0.01,0.01,0.05,16.2,100,AUTO.LOITER,0,0
2026-08-13T23:53:25,1786640006,13.822495,100.512271,15.7,-0.14,0.0,0.2,102.1,102.1,0.0,0.0,0.05,16.2,100,AUTO.LOITER,0,0
2026-08-13T23:53:26,1786640007,13.822496,100.512271,15.7,-0.13,-0.0,0.2,102.1,102.1,0.01,0.01,0.04,16.2,100,AUTO.LOITER,0,0
2026-08-13T23:53:27,1786640008,13.822496,100.512271,15.7,-0.13,0.0,0.2,102.1,102.1,0.01,0.01,0.04,16.2,100,AUTO.LOITER,0,0
2026-08-13T23:53:28,1786640009,13.822495,100.512271,15.8,-0.12,0.0,0.2,102.1,102.1,0.0,0.01,0.03,16.2,100,AUTO.LOITER,0,0
2026-08-13T23:53:29,1786640010,13.822495,100.512271,15.8,-0.12,0.0,0.2,102.1,102.1,0.01,0.01,0.03,16.2,100,AUTO.LOITER,0,0
2026-08-13T23:53:30,1786640011,13.822496,100.512271,15.8,-0.12,0.0,0.2,102.1,102.1,0.02,0.0,0.03,16.2,100,AUTO.LOITER,0,0
2026-08-13T23:53:31,1786640012,13.822496,100.512271,15.8,-0.12,0.0,0.2,102.1,102.1,0.01,0.0,0.03,16.2,100,AUTO.LOITER,0,0
2026-08-13T23:53:32,1786640013,13.822495,100.512271,15.8,-0.13,0.1,0.3,102.1,102.1,0.0,0.0,0.04,16.2,100,AUTO.LOITER,0,0
2026-08-13T23:53:33,1786640014,13.822496,100.512271,15.7,-0.14,0.1,0.3,102.1,102.1,0.01,0.0,0.06,16.2,100,AUTO.LOITER,0,0
2026-08-13T23:53:34,1786640015,13.822496,100.512271,15.7,-0.15,0.1,0.3,102.1,102.1,0.01,0.0,0.08,16.2,100,AUTO.LOITER,0,0
2026-08-13T23:53:35,1786640016,13.822496,100.512271,15.7,-0.16,0.1,0.3,102.1,102.1,0.01,0.0,0.08,16.2,100,AUTO.LOITER,0,0
2026-08-13T23:53:36,1786640017,13.822496,100.512271,15.7,-0.17,0.1,0.3,102.1,102.1,0.01,0.01,0.09,16.2,100,AUTO.LOITER,0,0
2026-08-13T23:53:37,1786640018,13.822496,100.512271,15.7,-0.17,0.1,0.3,102.1,102.1,0.01,0.01,0.09,16.2,100,AUTO.LOITER,0,0
2026-08-13T23:53:38,1786640019,13.822496,100.512271,15.7,-0.17,0.1,0.4,102.1,102.1,0.01,0.01,0.09,16.2,100,AUTO.LOITER,0,0
2026-08-13T23:53:39,1786640020,13.822496,100.512271,15.7,-0.17,0.2,0.4,102.1,102.1,0.01,0.0,0.09,16.2,100,AUTO.LOITER,0,0
2026-08-13T23:53:40,1786640021,13.822496,100.512271,15.7,-0.16,0.2,0.4,102.1,102.1,0.02,0.0,0.08,16.2,100,AUTO.LOITER,0,0
2026-08-13T23:53:41,1786640022,13.822496,100.512271,15.7,-0.16,0.2,0.4,102.1,102.1,0.01,0.0,0.09,16.2,100,AUTO.LOITER,0,0
2026-08-13T23:53:42,1786640023,13.822496,100.512271,15.7,-0.17,0.2,0.4,102.1,102.1,0.01,0.01,0.09,16.2,100,AUTO.LOITER,0,0
2026-08-13T23:53:43,1786640024,13.822496,100.512271,15.7,-0.17,0.3,0.4,102.0,102.0,0.01,0.0,0.1,16.2,100,AUTO.LOITER,0,0
2026-08-13T23:53:44,1786640025,13.822496,100.512271,15.7,-0.17,0.3,0.4,102.0,102.0,0.01,0.0,0.1,16.2,100,AUTO.LOITER,0,0
2026-08-13T23:53:45,1786640026,13.822495,100.512271,15.7,-0.18,0.4,0.4,102.0,102.0,0.0,0.02,0.1,16.2,100,AUTO.LOITER,0,0
2026-08-13T23:53:46,1786640027,13.822496,100.512271,15.4,-0.18,0.4,0.4,102.0,102.0,0.0,0.02,0.1,16.2,100,AUTO.LOITER,0,0
2026-08-13T23:53:47,1786640028,13.822496,100.512271,15.4,-0.18,0.4,0.4,102.0,102.0,0.0,0.02,0.1,16.2,100,AUTO.LOITER,0,0
2026-08-13T23:53:48,1786640029,13.822495,100.512271,15.7,-0.17,0.5,0.4,102.0,102.0,0.0,-0.01,0.09,16.2,100,AUTO.LOITER,0,0
2026-08-13T23:53:49,1786640030,13.822495,100.512271,15.7,-0.17,0.5,0.5,102.0,102.0,0.0,-0.02,0.09,16.2,100,AUTO.LOITER,0,0
2026-08-13T23:53:50,1786640031,13.822495,100.512271,15.7,-0.17,0.5,0.4,102.0,102.0,0.0,-0.02,0.09,16.2,100,AUTO.LOITER,0,0
2026-08-13T23:53:51,1786640032,13.822495,100.512271,15.7,-0.17,0.5,0.4,102.0,102.0,0.0,-0.02,0.09,16.2,100,AUTO.LOITER,0,0
2026-08-13T23:53:52,1786640033,13.822495,100.512271,15.7,-0.18,0.5,0.4,102.0,102.0,0.0,-0.03,0.1,16.2,100,AUTO.LOITER,0,0
2026-08-13T23:53:53,1786640034,13.822495,100.512271,15.7,-0.18,0.5,0.4,102.0,102.0,-0.01,-0.04,0.1,16.2,100,AUTO.LOITER,0,0
2026-08-13T23:53:54,1786640035,13.822496,100.512271,15.4,-0.18,0.5,0.3,102.0,102.0,-0.01,-0.04,0.1,16.2,100,AUTO.LOITER,0,0
2026-08-13T23:53:55,1786640036,13.822495,100.51227,15.7,-0.17,0.5,0.3,102.0,102.0,0.0,-0.03,0.09,16.2,100,AUTO.LOITER,0,0
2026-08-13T23:53:56,1786640037,13.822495,100.51227,15.7,-0.17,0.5,0.3,102.0,102.0,0.0,-0.03,0.09,16.2,100,AUTO.LOITER,0,0
2026-08-13T23:53:57,1786640038,13.822495,100.512271,15.7,-0.17,0.5,0.3,102.0,102.0,0.01,-0.01,0.08,16.2,100,AUTO.LOITER,0,0
2026-08-13T23:53:58,1786640039,13.822495,100.512271,15.7,-0.17,0.6,0.2,102.1,102.1,0.01,-0.01,0.08,16.2,100,AUTO.LOITER,0,0
2026-08-13T23:53:59,1786640040,13.822496,100.512271,15.7,-0.16,0.6,0.2,102.1,102.1,0.01,0.0,0.08,16.2,100,AUTO.LOITER,0,0
2026-08-13T23:54:00,1786640041,13.822496,100.512271,15.7,-0.16,0.6,0.2,102.1,102.1,0.0,-0.01,0.08,16.2,100,AUTO.LOITER,0,0
2026-08-13T23:54:01,1786640042,13.822495,100.512271,15.7,-0.16,0.6,0.2,102.1,102.1,-0.01,-0.01,0.08,16.2,100,AUTO.LOITER,0,0
2026-08-13T23:54:02,1786640043,13.822495,100.512271,15.7,-0.16,0.6,0.2,102.1,102.1,-0.02,-0.02,0.09,16.2,100,AUTO.LOITER,0,0
2026-08-13T23:54:03,1786640044,13.822495,100.512271,15.7,-0.17,0.6,0.2,102.1,102.1,-0.01,-0.02,0.09,16.2,100,AUTO.LOITER,0,0
2026-08-13T23:54:04,1786640045,13.822495,100.512271,15.7,-0.17,0.6,0.2,102.1,102.1,0.0,-0.03,0.09,16.2,100,AUTO.LOITER,0,0
2026-08-13T23:54:05,1786640046,13.822495,100.512271,15.4,-0.17,0.6,0.1,102.1,102.1,0.0,-0.03,0.09,16.2,100,AUTO.LOITER,0,0
2026-08-13T23:54:06,1786640047,13.822495,100.512271,15.7,-0.17,0.6,0.1,102.1,102.1,0.0,-0.02,0.09,16.2,100,AUTO.LOITER,0,0
2026-08-13T23:54:07,1786640048,13.822496,100.512271,15.7,-0.17,0.7,0.1,102.1,102.1,0.01,-0.03,0.09,16.2,100,AUTO.LOITER,0,0
2026-08-13T23:54:08,1786640049,13.822496,100.512271,15.7,-0.17,0.7,0.1,102.1,102.1,0.0,-0.01,0.09,16.2,100,AUTO.LOITER,0,0
2026-08-13T23:54:09,1786640050,13.822496,100.512271,15.7,-0.16,0.7,0.0,102.1,102.1,0.0,-0.01,0.08,16.2,100,AUTO.LOITER,0,0
2026-08-13T23:54:10,1786640051,13.822496,100.512271,15.7,-0.16,0.7,0.0,102.1,102.1,0.0,-0.01,0.08,16.2,100,AUTO.LOITER,0,0
2026-08-13T23:54:11,1786640052,13.822495,100.512271,15.7,-0.16,0.7,0.0,102.1,102.1,-0.02,-0.01,0.08,16.2,100,AUTO.LOITER,0,0
2026-08-13T23:54:12,1786640053,13.822495,100.512271,15.7,-0.16,0.7,-0.0,102.1,102.1,-0.02,-0.01,0.08,16.2,100,AUTO.LOITER,0,0
2026-08-13T23:54:13,1786640054,13.822495,100.512271,15.4,-0.16,0.7,-0.0,102.1,102.1,-0.02,-0.01,0.08,16.2,100,AUTO.LOITER,0,0
2026-08-13T23:54:14,1786640055,13.822495,100.512271,15.7,-0.15,0.7,-0.0,102.1,102.1,-0.03,-0.01,0.07,16.2,100,AUTO.LOITER,0,0
2026-08-13T23:54:15,1786640056,13.822495,100.512271,15.4,-0.15,0.6,-0.1,102.1,102.1,-0.03,-0.01,0.07,16.2,100,AUTO.LOITER,0,0
2026-08-13T23:54:16,1786640057,13.822496,100.512271,15.7,-0.16,0.6,-0.1,102.1,102.1,-0.02,0.0,0.08,16.2,100,AUTO.LOITER,0,0
2026-08-13T23:54:17,1786640058,13.822495,100.512271,15.7,-0.16,0.6,-0.1,102.1,102.1,-0.03,0.0,0.08,16.2,100,AUTO.LOITER,0,0
2026-08-13T23:54:18,1786640059,13.822495,100.512271,15.7,-0.16,0.6,-0.1,102.1,102.1,-0.02,0.0,0.08,16.2,100,AUTO.LOITER,0,0
2026-08-13T23:54:19,1786640060,13.822495,100.512271,15.7,-0.16,0.5,-0.1,102.1,102.1,-0.01,0.0,0.07,16.2,100,AUTO.LOITER,0,0
2026-08-13T23:54:20,1786640061,13.822496,100.512271,15.7,-0.16,0.5,-0.1,102.1,102.1,0.0,0.0,0.07,16.2,100,AUTO.LOITER,0,0
2026-08-13T23:54:21,1786640062,13.822496,100.512271,15.7,-0.15,0.4,-0.1,102.1,102.1,0.0,0.0,0.07,16.2,100,AUTO.LOITER,0,0
2026-08-13T23:54:22,1786640063,13.822496,100.512271,15.4,-0.15,0.4,-0.1,102.1,102.1,0.0,0.0,0.07,16.2,100,AUTO.LOITER,0,0
2026-08-13T23:54:23,1786640064,13.822496,100.512271,15.7,-0.15,0.4,-0.1,102.1,102.1,0.0,0.0,0.06,16.2,100,AUTO.LOITER,0,0
2026-08-13T23:54:24,1786640065,13.822496,100.512271,15.7,-0.15,0.4,-0.1,102.1,102.1,0.0,-0.02,0.06,16.2,100,AUTO.LOITER,0,0
2026-08-13T23:54:25,1786640066,13.822496,100.512271,15.4,-0.15,0.4,-0.1,102.1,102.1,0.0,-0.02,0.06,16.2,100,AUTO.LOITER,0,0
2026-08-13T23:54:26,1786640067,13.822496,100.512271,15.7,-0.15,0.4,-0.2,102.1,102.1,0.01,0.0,0.07,16.2,100,AUTO.LOITER,0,0
2026-08-13T23:54:27,1786640068,13.822496,100.512271,15.7,-0.15,0.4,-0.2,102.1,102.1,0.01,0.0,0.07,16.2,100,AUTO.LOITER,0,0
2026-08-13T23:54:28,1786640069,13.822496,100.512271,15.7,-0.15,0.4,-0.2,102.1,102.1,0.02,0.0,0.07,16.2,100,AUTO.LOITER,0,0
2026-08-13T23:54:29,1786640070,13.822496,100.512271,15.7,-0.15,0.4,-0.2,102.1,102.1,0.01,-0.01,0.07,16.2,100,AUTO.LOITER,0,0
2026-08-13T23:54:30,1786640071,13.822496,100.512271,15.7,-0.15,0.4,-0.2,102.1,102.1,0.0,-0.02,0.07,16.2,100,AUTO.LOITER,0,0
2026-08-13T23:54:31,1786640072,13.822496,100.512271,15.7,-0.15,0.4,-0.2,102.1,102.1,0.0,-0.02,0.07,16.2,100,AUTO.LOITER,0,0
2026-08-13T23:54:32,1786640073,13.822496,100.512271,15.7,-0.16,0.4,-0.2,102.1,102.1,-0.01,-0.01,0.08,16.2,100,AUTO.LOITER,0,0
