iso,unix,lat,lon,alt_msl,rel_alt,roll,pitch,yaw,heading,vx,vy,vz,vbatt,batt_pct,mode,armed,in_air
2026-08-13T23:10:46,1786637447,13.822494,100.512277,15.6,0.23,0.2,-0.2,88.7,88.7,0.01,0.0,0.01,16.2,100,AUTO.LOITER,0,0
2026-08-13T23:10:47,1786637448,13.822494,100.512277,15.8,-0.01,0.1,-0.1,88.7,88.7,-0.01,0.01,0.01,16.2,100,AUTO.LOITER,0,0
2026-08-13T23:10:48,1786637449,13.822494,100.512277,15.8,-0.03,0.1,-0.1,88.7,88.7,-0.01,0.0,0.02,16.2,100,AUTO.LOITER,0,0
2026-08-13T23:10:49,1786637450,13.822494,100.512277,15.8,-0.03,0.1,-0.1,88.7,88.7,-0.01,0.0,0.02,16.2,100,AUTO.LOITER,0,0
2026-08-13T23:10:50,1786637451,13.822494,100.512277,15.6,-0.03,0.1,-0.1,88.7,88.7,-0.01,0.0,0.02,16.2,100,AUTO.LOITER,0,0
2026-08-13T23:10:51,1786637452,13.822494,100.512277,15.6,-0.03,0.1,-0.1,88.7,88.7,-0.01,0.0,0.02,16.2,100,AUTO.LOITER,0,0
2026-08-13T23:10:52,1786637453,13.822494,100.512277,15.8,-0.04,0.1,-0.2,88.7,88.7,-0.01,0.0,0.0,16.2,100,AUTO.LOITER,0,0
2026-08-13T23:10:53,1786637454,13.822494,100.512277,15.7,-0.04,0.1,-0.2,88.7,88.7,-0.01,0.0,0.0,16.2,100,AUTO.LOITER,0,0
2026-08-13T23:10:54,1786637455,13.822494,100.512277,15.8,-0.01,-0.0,-0.1,88.7,88.7,-0.01,0.0,0.0,16.2,100,AUTO.LOITER,0,0
2026-08-13T23:10:55,1786637456,13.822494,100.512277,15.8,0.01,-0.1,-0.1,88.7,88.7,0.01,0.0,-0.01,16.2,100,AUTO.LOITER,0,0
2026-08-13T23:10:56,1786637457,13.822494,100.512277,15.9,0.03,-0.1,-0.1,88.7,88.7,0.02,0.02,-0.01,16.2,100,AUTO.LOITER,0,0
2026-08-13T23:10:57,1786637458,13.822494,100.512277,15.9,0.03,-0.1,-0.1,88.7,88.7,0.02,0.02,-0.01,16.2,100,AUTO.LOITER,0,0
2026-08-13T23:10:58,1786637459,13.822494,100.512277,15.6,0.03,-0.1,-0.0,88.7,88.7,0.02,0.02,-0.01,16.2,100,AUTO.LOITER,0,0
2026-08-13T23:10:59,1786637460,13.822494,100.512277,15.9,0.04,-0.1,-0.0,88.7,88.7,0.02,0.01,0.0,16.2,100,AUTO.LOITER,0,0
2026-08-13T23:11:00,1786637461,13.822494,100.512277,15.9,0.03,-0.0,0.0,88.7,88.7,0.01,0.01,0.0,16.2,100,AUTO.LOITER,0,0
2026-08-13T23:11:01,1786637462,13.822494,100.512277,15.9,0.03,-0.0,0.1,88.6,88.6,0.02,0.0,0.02,16.2,100,AUTO.LOITER,0,0
2026-08-13T23:11:02,1786637463,13.822494,100.512277,15.9,0.02,-0.0,0.1,88.6,88.6,0.01,-0.01,0.02,16.2,100,AUTO.LOITER,0,0
2026-08-13T23:11:03,1786637464,13.822494,100.512277,15.6,0.02,0.0,0.1,88.6,88.6,0.01,-0.01,0.02,16.2,100,AUTO.LOITER,0,0
2026-08-13T23:11:04,1786637465,13.822494,100.512277,15.7,0.02,0.0,0.1,88.5,88.5,0.01,-0.01,0.03,16.2,100,AUTO.LOITER,0,0
2026-08-13T23:11:05,1786637466,13.822494,100.512277,15.9,0.02,0.0,0.1,88.4,88.4,0.0,-0.02,0.03,16.2,100,AUTO.LOITER,0,0
2026-08-13T23:11:06,1786637467,13.822494,100.512277,15.8,0.02,0.0,0.1,88.3,88.3,0.0,-0.02,0.03,16.2,100,AUTO.LOITER,0,0
2026-08-13T23:11:07,1786637468,13.822494,100.512277,15.8,0.02,0.0,0.0,88.3,88.3,0.0,-0.01,0.03,16.2,100,AUTO.LOITER,0,0
2026-08-13T23:11:08,1786637469,13.822494,100.512277,15.9,0.02,-0.0,0.0,88.3,88.3,0.0,-0.01,0.03,16.2,100,AUTO.LOITER,0,0
2026-08-13T23:11:09,1786637470,13.822494,100.512277,15.9,0.03,-0.0,0.0,88.3,88.3,0.0,-0.02,0.02,16.2,100,AUTO.LOITER,0,0
2026-08-13T23:11:10,1786637471,13.822494,100.512277,15.9,0.03,-0.0,0.0,88.3,88.3,0.0,-0.01,0.01,16.2,100,AUTO.LOITER,0,0
2026-08-13T23:11:11,1786637472,13.822494,100.512277,15.9,0.03,-0.0,0.0,88.3,88.3,0.01,-0.01,0.01,16.2,100,AUTO.LOITER,0,0
2026-08-13T23:11:12,1786637473,13.822494,100.512277,15.7,0.03,-0.0,-0.0,88.3,88.3,0.01,-0.01,0.01,16.2,100,AUTO.LOITER,0,0
2026-08-13T23:11:13,1786637474,13.822494,100.512277,15.9,0.05,-0.0,-0.0,88.3,88.3,0.01,-0.01,0.0,16.2,100,AUTO.LOITER,0,0
2026-08-13T23:11:14,1786637475,13.822494,100.512277,15.9,0.05,0.0,-0.0,88.3,88.3,0.0,-0.02,0.0,16.2,100,AUTO.LOITER,0,0
2026-08-13T23:11:15,1786637476,13.822494,100.512277,15.6,0.05,0.0,-0.0,88.3,88.3,0.0,-0.02,0.0,16.2,100,AUTO.LOITER,0,0
2026-08-13T23:11:16,1786637477,13.822494,100.512277,15.5,0.05,-0.0,-0.1,88.3,88.3,-0.01,-0.01,0.0,16.2,100,AUTO.LOITER,0,0
2026-08-13T23:11:17,1786637478,13.822494,100.512277,15.9,0.05,-0.0,-0.1,88.3,88.3,0.0,0.0,0.0,16.2,100,AUTO.LOITER,0,0
2026-08-13T23:11:18,1786637479,13.822494,100.512277,15.9,0.05,-0.0,-0.1,88.3,88.3,0.0,-0.01,0.0,16.2,100,AUTO.LOITER,0,0
2026-08-13T23:11:19,1786637480,13.822494,100.512277,15.9,0.05,-0.0,-0.1,88.3,88.3,0.0,-0.01,0.0,16.2,100,AUTO.LOITER,0,0
2026-08-13T23:11:20,1786637481,13.822494,100.512277,15.9,0.05,-0.0,-0.2,88.2,88.2,0.0,-0.01,0.0,16.2,100,AUTO.LOITER,0,0
2026-08-13T23:11:21,1786637482,13.822494,100.512277,15.9,0.05,-0.1,-0.2,88.2,88.2,0.0,0.0,0.0,16.2,100,AUTO.LOITER,0,0
2026-08-13T23:11:22,1786637483,13.822494,100.512277,15.9,0.04,-0.1,-0.2,88.2,88.2,0.0,-0.01,0.01,16.2,100,AUTO.LOITER,0,0
2026-08-13T23:11:23,1786637484,13.822494,100.512277,15.6,0.04,-0.1,-0.2,88.2,88.2,0.0,-0.01,0.01,16.2,100,AUTO.LOITER,0,0
2026-08-13T23:11:24,1786637485,13.822494,100.512277,15.9,0.04,-0.1,-0.2,88.2,88.2,0.0,-0.01,0.0,16.2,100,AUTO.LOITER,0,0
2026-08-13T23:11:25,1786637486,13.822494,100.512277,15.9,0.05,-0.1,-0.3,88.2,88.2,0.0,0.0,0.0,16.2,100,AUTO.LOITER,0,0
2026-08-13T23:11:26,1786637487,13.822494,100.512277,15.9,0.06,-0.1,-0.3,88.3,88.3,0.0,0.0,0.0,16.2,100,AUTO.LOITER,0,0
2026-08-13T23:11:27,1786637488,13.822494,100.512277,15.9,0.06,-0.1,-0.3,88.3,88.3,0.0,0.0,0.0,16.2,100,AUTO.LOITER,0,0
2026-08-13T23:11:28,1786637489,13.822494,100.512277,15.9,0.05,-0.1,-0.3,88.3,88.3,-0.03,0.0,0.0,16.2,100,AUTO.LOITER,0,0
2026-08-13T23:11:29,1786637490,13.822494,100.512277,15.9,0.05,-0.1,-0.3,88.3,88.3,-0.04,0.0,0.0,16.2,100,AUTO.LOITER,0,0
2026-08-13T23:11:30,1786637491,13.822494,100.512277,15.9,0.05,-0.1,-0.3,88.3,88.3,-0.03,-0.01,0.0,16.2,100,AUTO.LOITER,0,0
2026-08-13T23:11:31,1786637492,13.822494,100.512277,15.6,0.05,-0.2,-0.3,88.3,88.3,-0.03,-0.01,0.0,16.2,100,AUTO.LOITER,0,0
2026-08-13T23:11:32,1786637493,13.822494,100.512277,15.9,0.05,-0.3,-0.3,88.3,88.3,0.0,-0.01,0.0,16.2,100,AUTO.LOITER,0,0
2026-08-13T23:11:33,1786637494,13.822494,100.512277,15.9,0.06,-0.3,-0.3,88.3,88.3,0.0,-0.01,-0.01,16.2,100,AUTO.LOITER,0,0
2026-08-13T23:11:34,1786637495,13.822494,100.512277,15.9,0.07,-0.3,-0.3,88.3,88.3,0.01,0.0,-0.02,16.2,100,AUTO.LOITER,0,0
2026-08-13T23:11:35,1786637496,13.822494,100.512277,15.9,0.07,-0.3,-0.3,88.3,88.3,0.01,0.01,-0.03,16.2,100,AUTO.LOITER,0,0
2026-08-13T23:11:36,1786637497,13.822494,100.512277,15.9,0.08,-0.3,-0.3,88.3,88.3,0.01,0.01,-0.03,16.2,100,AUTO.LOITER,0,0
2026-08-13T23:11:37,1786637498,13.822494,100.512277,15.7,0.08,-0.3,-0.3,88.3,88.3,0.01,0.01,-0.03,16.2,100,AUTO.LOITER,0,0
2026-08-13T23:11:38,1786637499,13.822494,100.512277,15.9,0.08,-0.3,-0.3,88.3,88.3,0.0,0.01,-0.03,16.2,100,AUTO.LOITER,0,0
2026-08-13T23:11:39,1786637500,13.822494,100.512277,15.9,0.08,-0.3,-0.3,88.3,88.3,0.0,0.0,-0.02,16.2,100,AUTO.LOITER,0,0
2026-08-13T23:11:40,1786637501,13.822494,100.512277,15.7,0.08,-0.3,-0.3,88.3,88.3,0.0,0.0,-0.02,16.2,100,AUTO.LOITER,0,0
2026-08-13T23:11:41,1786637502,13.822494,100.512277,15.9,0.07,-0.3,-0.3,88.3,88.3,0.01,-0.01,-0.02,16.2,100,AUTO.LOITER,0,0
2026-08-13T23:11:42,1786637503,13.822494,100.512277,15.9,0.08,-0.3,-0.3,88.3,88.3,0.01,-0.01,-0.03,16.2,100,AUTO.LOITER,0,0
2026-08-13T23:11:43,1786637504,13.822494,100.512277,15.9,0.08,-0.3,-0.3,88.3,88.3,0.0,-0.01,-0.03,16.2,100,AUTO.LOITER,0,0
2026-08-13T23:11:44,1786637505,13.822494,100.512277,15.9,0.08,-0.2,-0.3,88.3,88.3,0.0,-0.01,-0.03,16.2,100,AUTO.LOITER,0,0
2026-08-13T23:11:45,1786637506,13.822494,100.512277,15.9,0.08,-0.2,-0.3,88.3,88.3,-0.01,-0.02,-0.03,16.2,100,AUTO.LOITER,0,0
2026-08-13T23:11:46,1786637507,13.822494,100.512276,15.9,0.08,-0.2,-0.3,88.3,88.3,-0.01,-0.02,-0.03,16.2,100,AUTO.LOITER,0,0
2026-08-13T23:11:47,1786637508,13.822494,100.512276,15.9,0.08,-0.2,-0.3,88.3,88.3,-0.02,-0.02,-0.03,16.2,100,AUTO.LOITER,0,0
2026-08-13T23:11:48,1786637509,13.822494,100.512276,15.9,0.08,-0.2,-0.3,88.3,88.3,-0.02,-0.02,-0.03,16.2,100,AUTO.LOITER,0,0
2026-08-13T23:11:49,1786637510,13.822494,100.512277,15.6,0.08,-0.3,-0.3,88.2,88.2,-0.02,-0.02,-0.03,16.2,100,AUTO.LOITER,0,0
2026-08-13T23:11:50,1786637511,13.822494,100.512277,15.6,0.08,-0.2,-0.3,88.2,88.2,-0.02,-0.02,-0.03,16.2,100,AUTO.LOITER,0,0
2026-08-13T23:11:51,1786637512,13.822494,100.512277,15.9,0.08,-0.2,-0.3,88.2,88.2,0.0,-0.02,-0.02,16.2,100,AUTO.LOITER,0,0
2026-08-13T23:11:52,1786637513,13.822494,100.512277,15.7,0.08,-0.2,-0.3,88.3,88.3,0.0,-0.02,-0.02,16.2,100,AUTO.LOITER,0,0
2026-08-13T23:11:53,1786637514,13.822494,100.512277,15.9,0.06,-0.2,-0.3,88.3,88.3,0.02,0.0,0.0,16.2,100,AUTO.LOITER,0,0
2026-08-13T23:11:54,1786637515,13.822494,100.512277,15.9,0.05,-0.2,-0.3,88.3,88.3,0.02,0.02,0.01,16.2,100,AUTO.LOITER,0,0
2026-08-13T23:11:55,1786637516,13.822494,100.512277,15.7,0.05,-0.1,-0.3,88.3,88.3,0.02,0.02,0.01,16.2,100,AUTO.LOITER,0,0
2026-08-13T23:11:56,1786637517,13.822494,100.512277,15.9,0.04,-0.1,-0.3,88.4,88.4,0.01,0.02,0.01,16.2,100,AUTO.LOITER,0,0
2026-08-13T23:11:57,1786637518,13.822494,100.512277,15.9,0.04,-0.1,-0.3,88.4,88.4,0.0,0.02,0.01,16.2,100,AUTO.LOITER,0,0
2026-08-13T23:11:58,1786637519,13.822494,100.512277,15.9,0.04,-0.1,-0.3,88.4,88.4,0.0,0.0,0.0,16.2,100,AUTO.LOITER,0,0
2026-08-13T23:11:59,1786637520,13.822494,100.512277,15.9,0.05,-0.0,-0.3,88.4,88.4,0.0,0.02,0.0,16.2,100,AUTO.LOITER,0,0
2026-08-13T23:12:00,1786637521,13.822494,100.512277,15.9,0.06,-0.0,-0.2,88.5,88.5,0.0,0.0,0.0,16.2,100,AUTO.LOITER,0,0
2026-08-13T23:12:01,1786637522,13.822494,100.512277,15.9,0.06,-0.0,-0.2,88.5,88.5,-0.01,0.0,0.0,16.2,100,AUTO.LOITER,0,0
2026-08-13T23:12:02,1786637523,13.822494,100.512277,15.9,0.06,-0.0,-0.2,88.5,88.5,-0.02,0.0,0.0,16.2,100,AUTO.LOITER,0,0
2026-08-13T23:12:03,1786637524,13.822494,100.512277,15.9,0.06,0.0,-0.2,88.5,88.5,-0.02,0.0,0.0,16.2,100,AUTO.LOITER,0,0
2026-08-13T23:12:04,1786637525,13.822494,100.512277,15.9,0.05,-0.0,-0.2,88.5,88.5,-0.04,0.01,0.0,16.2,100,AUTO.LOITER,0,0
2026-08-13T23:12:05,1786637526,13.822494,100.512277,15.9,0.05,-0.1,-0.2,88.5,88.5,-0.04,0.01,0.0,16.2,100,AUTO.LOITER,0,0
2026-08-13T23:12:06,1786637527,13.822494,100.512277,15.5,0.05,-0.1,-0.1,88.5,88.5,-0.04,0.01,0.0,16.2,100,AUTO.LOITER,0,0
2026-08-13T23:12:07,1786637528,13.822494,100.512277,15.9,0.05,-0.1,-0.1,88.5,88.5,0.0,0.01,0.0,16.2,100,AUTO.LOITER,0,0
2026-08-13T23:12:08,1786637529,13.822494,100.512277,15.9,0.05,-0.1,-0.1,88.5,88.5,0.0,0.0,0.0,16.2,100,AUTO.LOITER,0,0
2026-08-13T23:12:09,1786637530,13.822494,100.512277,15.9,0.06,-0.0,-0.1,88.5,88.5,-0.01,0.0,0.0,16.2,100,AUTO.LOITER,0,0
2026-08-13T23:12:10,1786637531,13.822494,100.512277,15.6,0.06,-0.0,-0.1,88.5,88.5,-0.01,0.0,0.0,16.2,100,AUTO.LOITER,0,0
2026-08-13T23:12:11,1786637532,13.822494,100.512277,15.9,0.06,-0.0,-0.1,88.5,88.5,-0.01,0.0,0.0,16.2,100,AUTO.LOITER,0,0
2026-08-13T23:12:12,1786637533,13.822494,100.512277,15.9,0.05,-0.0,-0.0,88.4,88.4,0.0,0.0,0.01,16.2,100,AUTO.LOITER,0,0
2026-08-13T23:12:13,1786637534,13.822494,100.512277,15.9,0.04,0.0,-0.0,88.4,88.4,0.0,0.01,0.02,16.2,100,AUTO.LOITER,0,0
2026-08-13T23:12:14,1786637535,13.822494,100.512277,15.9,0.03,0.0,-0.0,88.4,88.4,0.0,0.01,0.02,16.2,100,AUTO.LOITER,0,0
2026-08-13T23:12:15,1786637536,13.822494,100.512277,15.9,0.03,0.0,0.0,88.4,88.4,-0.02,0.0,0.02,16.2,100,AUTO.LOITER,0,0
2026-08-13T23:12:16,1786637537,13.822494,100.512277,15.9,0.04,0.0,0.0,88.4,88.4,0.0,0.01,0.02,16.2,100,AUTO.LOITER,0,0
2026-08-13T23:12:17,1786637538,13.822494,100.512277,15.9,0.04,0.0,0.1,88.4,88.4,0.0,0.0,0.01,16.2,100,AUTO.LOITER,0,0
2026-08-13T23:12:18,1786637539,13.822494,100.512277,15.7,0.04,0.0,0.1,88.4,88.4,0.0,0.0,0.01,16.2,100,AUTO.LOITER,0,0
2026-08-13T23:12:19,1786637540,13.822494,100.512277,15.9,0.04,0.1,0.1,88.4,88.4,0.0,0.0,0.02,16.2,100,AUTO.LOITER,0,0
2026-08-13T23:12:20,1786637541,13.822494,100.512277,15.9,0.04,0.1,0.1,88.5,88.5,0.0,0.0,0.02,16.2,100,AUTO.LOITER,0,0
2026-08-13T23:12:21,1786637542,13.822494,100.512277,15.9,0.02,0.1,0.1,88.5,88.5,0.0,0.0,0.04,16.2,100,AUTO.LOITER,0,0
2026-08-13T23:12:22,1786637543,13.822494,100.512277,15.8,0.01,0.1,0.1,88.5,88.5,-0.01,-0.02,0.04,16.2,100,AUTO.LOITER,0,0
2026-08-13T23:12:23,1786637544,13.822494,100.512277,15.8,0.01,0.1,0.1,88.5,88.5,-0.02,-0.04,0.04,16.2,100,AUTO.LOITER,0,0
2026-08-13T23:12:24,1786637545,13.822494,100.512277,15.9,0.02,0.1,0.1,88.5,88.5,-0.02,-0.04,0.03,16.2,100,AUTO.LOITER,0,0
2026-08-13T23:12:25,1786637546,13.822494,100.512277,15.9,0.03,0.1,0.1,88.5,88.5,-0.01,-0.03,0.02,16.2,100,AUTO.LOITER,0,0
2026-08-13T23:12:26,1786637547,13.822494,100.512277,15.7,0.03,0.1,0.0,88.5,88.5,-0.01,-0.03,0.02,16.2,100,AUTO.LOITER,0,0
2026-08-13T23:12:27,1786637548,13.822494,100.512277,15.9,0.03,0.1,0.0,88.5,88.5,-0.01,-0.02,0.03,16.2,100,AUTO.LOITER,0,0
2026-08-13T23:12:28,1786637549,13.822494,100.512277,15.9,0.03,0.1,-0.0,88.5,88.5,0.0,-0.01,0.04,16.2,100,AUTO.LOITER,0,0
2026-08-13T23:12:29,1786637550,13.822494,100.512277,15.9,0.02,0.1,-0.1,88.5,88.5,0.0,0.0,0.03,16.2,100,AUTO.LOITER,0,0
2026-08-13T23:12:30,1786637551,13.822494,100.512277,15.9,0.02,0.1,-0.1,88.5,88.5,-0.01,0.0,0.03,16.2,100,AUTO.LOITER,0,0
2026-08-13T23:12:31,1786637552,13.822494,100.512277,15.9,0.03,0.1,-0.1,88.5,88.5,-0.02,0.0,0.03,16.2,100,AUTO.LOITER,0,0
2026-08-13T23:12:32,1786637553,13.822494,100.512277,15.6,0.03,0.1,-0.1,88.5,88.5,-0.02,0.0,0.03,16.2,100,AUTO.LOITER,0,0
2026-08-13T23:12:33,1786637554,13.822494,100.512277,15.9,0.03,0.1,-0.1,88.4,88.4,0.02,0.0,0.02,16.2,100,AUTO.LOITER,0,0
2026-08-13T23:12:34,1786637555,13.822494,100.512277,15.6,0.03,0.1,-0.1,88.5,88.5,0.02,0.0,0.02,16.2,100,AUTO.LOITER,0,0
2026-08-13T23:12:35,1786637556,13.822494,100.512277,15.9,0.04,0.2,-0.1,88.5,88.5,0.02,0.0,0.01,16.2,100,AUTO.LOITER,0,0
2026-08-13T23:12:36,1786637557,13.822494,100.512277,15.9,0.04,0.2,-0.2,88.5,88.5,0.01,-0.02,0.01,16.2,100,AUTO.LOITER,0,0
2026-08-13T23:12:37,1786637558,13.822494,100.512277,15.9,0.04,0.2,-0.2,88.5,88.5,0.0,-0.03,0.01,16.2,100,AUTO.LOITER,0,0
2026-08-13T23:12:38,1786637559,13.822494,100.512277,15.9,0.04,0.2,-0.2,88.4,88.4,-0.02,-0.02,0.0,16.2,100,AUTO.LOITER,0,0
2026-08-13T23:12:39,1786637560,13.822494,100.512277,15.9,0.05,0.2,-0.3,88.4,88.4,-0.05,-0.02,0.0,16.2,100,AUTO.LOITER,0,0
2026-08-13T23:12:40,1786637561,13.822494,100.512277,15.6,0.05,0.2,-0.3,88.3,88.3,-0.05,-0.02,0.0,16.2,100,AUTO.LOITER,0,0
2026-08-13T23:12:41,1786637562,13.822494,100.512277,15.6,0.05,0.2,-0.3,88.3,88.3,-0.05,-0.02,0.0,16.2,100,AUTO.LOITER,0,0
2026-08-13T23:12:42,1786637563,13.822494,100.512277,15.6,0.05,0.2,-0.3,88.3,88.3,-0.05,-0.02,0.0,16.2,100,AUTO.LOITER,0,0
2026-08-13T23:12:43,1786637564,13.822494,100.512277,15.6,0.05,0.1,-0.4,88.1,88.1,-0.05,-0.02,0.0,16.2,100,AUTO.LOITER,0,0
2026-08-13T23:12:44,1786637565,13.822494,100.512277,15.9,0.06,0.0,-0.4,88.0,88.0,-0.03,0.0,-0.01,16.2,100,AUTO.LOITER,0,0
2026-08-13T23:12:45,1786637566,13.822494,100.512277,15.9,0.06,-0.0,-0.4,88.0,88.0,-0.01,0.0,-0.01,16.2,100,AUTO.LOITER,0,0
2026-08-13T23:12:46,1786637567,13.822494,100.512277,15.9,0.06,-0.1,-0.4,88.0,88.0,0.0,0.01,-0.01,16.2,100,AUTO.LOITER,0,0
2026-08-13T23:12:47,1786637568,13.822494,100.512277,15.9,0.06,-0.1,-0.4,87.9,87.9,0.02,0.01,-0.01,16.2,100,AUTO.LOITER,0,0
2026-08-13T23:12:48,1786637569,13.822494,100.512277,15.9,0.06,-0.1,-0.4,87.8,87.8,0.03,0.01,0.0,16.2,100,AUTO.LOITER,0,0
2026-08-13T23:12:49,1786637570,13.822494,100.512277,15.6,0.06,-0.1,-0.4,87.8,87.8,0.03,0.01,0.0,16.2,100,AUTO.LOITER,0,0
2026-08-13T23:12:50,1786637571,13.822494,100.512277,15.9,0.05,-0.0,-0.3,87.7,87.7,0.02,0.01,0.0,16.2,100,AUTO.LOITER,0,0
2026-08-13T23:12:51,1786637572,13.822494,100.512277,15.9,0.05,-0.0,-0.3,87.7,87.7,0.02,0.01,0.0,16.2,100,AUTO.LOITER,0,0
2026-08-13T23:12:52,1786637573,13.822494,100.512277,15.9,0.06,-0.0,-0.3,87.7,87.7,0.01,0.01,-0.01,16.2,100,AUTO.LOITER,0,0
2026-08-13T23:12:53,1786637574,13.822494,100.512277,15.9,0.07,0.0,-0.3,87.7,87.7,0.0,0.01,-0.02,16.2,100,AUTO.LOITER,0,0
2026-08-13T23:12:54,1786637575,13.822494,100.512277,15.9,0.07,0.0,-0.3,87.7,87.7,0.0,0.01,-0.01,16.2,100,AUTO.LOITER,0,0
2026-08-13T23:12:55,1786637576,13.822494,100.512277,15.9,0.07,0.0,-0.3,87.7,87.7,0.01,0.01,-0.01,16.2,100,AUTO.LOITER,0,0
2026-08-13T23:12:56,1786637577,13.822494,100.512277,15.9,0.06,0.0,-0.3,87.7,87.7,0.02,0.02,0.0,16.2,100,AUTO.LOITER,0,0
2026-08-13T23:12:57,1786637578,13.822494,100.512277,15.9,0.06,0.1,-0.3,87.7,87.7,0.02,0.02,0.0,16.2,100,AUTO.LOITER,0,0
2026-08-13T23:12:58,1786637579,13.822494,100.512277,15.9,0.05,0.1,-0.2,87.7,87.7,0.0,0.02,0.0,16.2,100,AUTO.LOITER,0,0
2026-08-13T23:12:59,1786637580,13.822494,100.512277,15.9,0.05,0.1,-0.2,87.7,87.7,0.0,0.02,0.0,16.2,100,AUTO.LOITER,0,0
2026-08-13T23:13:00,1786637581,13.822494,100.512277,15.9,0.05,0.1,-0.2,87.8,87.8,0.0,0.03,0.0,16.2,100,AUTO.LOITER,0,0
2026-08-13T23:13:01,1786637582,13.822494,100.512277,15.9,0.05,0.1,-0.2,87.8,87.8,0.0,0.02,0.0,16.2,100,AUTO.LOITER,0,0
2026-08-13T23:13:02,1786637583,13.822494,100.512277,15.6,0.05,0.1,-0.2,87.8,87.8,0.0,0.02,0.0,16.2,100,AUTO.LOITER,0,0
2026-08-13T23:13:03,1786637584,13.822494,100.512277,15.6,0.05,0.1,-0.2,87.9,87.9,0.0,0.02,0.0,16.2,100,AUTO.LOITER,0,0
2026-08-13T23:13:04,1786637585,13.822494,100.512277,15.9,0.06,0.1,-0.2,87.9,87.9,-0.01,0.0,0.0,16.2,100,AUTO.LOITER,0,0
2026-08-13T23:13:05,1786637586,13.822493,100.512277,15.9,0.05,0.1,-0.2,87.9,87.9,-0.01,0.0,0.0,16.2,100,AUTO.LOITER,0,0
2026-08-13T23:13:06,1786637587,13.822494,100.512277,15.9,0.05,0.1,-0.2,87.9,87.9,-0.01,0.0,0.0,16.2,100,AUTO.LOITER,0,0
2026-08-13T23:13:07,1786637588,13.822494,100.512277,15.9,0.06,0.1,-0.2,87.9,87.9,0.0,0.0,-0.01,16.2,100,AUTO.LOITER,0,0
2026-08-13T23:13:08,1786637589,13.822494,100.512277,15.9,0.07,0.1,-0.2,87.9,87.9,0.0,0.01,-0.01,16.2,100,AUTO.LOITER,0,0
2026-08-13T23:13:09,1786637590,13.822494,100.512277,15.9,0.07,0.1,-0.2,87.9,87.9,0.0,0.01,-0.01,16.2,100,AUTO.LOITER,0,0
2026-08-13T23:13:10,1786637591,13.822494,100.512277,15.9,0.07,0.1,-0.2,88.0,88.0,0.0,0.02,-0.01,16.2,100,AUTO.LOITER,0,0
2026-08-13T23:13:11,1786637592,13.822494,100.512277,15.9,0.06,0.1,-0.2,88.0,88.0,0.0,0.01,-0.01,16.2,100,AUTO.LOITER,0,0
2026-08-13T23:13:12,1786637593,13.822494,100.512277,15.9,0.06,0.1,-0.2,87.9,87.9,0.0,0.0,0.0,16.2,100,AUTO.LOITER,0,0
2026-08-13T23:13:13,1786637594,13.822494,100.512277,15.9,0.06,0.1,-0.2,87.9,87.9,0.02,-0.01,0.0,16.2,100,AUTO.LOITER,0,0
2026-08-13T23:13:14,1786637595,13.822494,100.512277,15.7,0.06,0.1,-0.2,87.9,87.9,0.02,-0.01,0.0,16.2,100,AUTO.LOITER,0,0
2026-08-13T23:13:15,1786637596,13.822494,100.512277,15.9,0.06,0.1,-0.2,87.9,87.9,0.02,0.0,0.0,16.2,100,AUTO.LOITER,0,0
2026-08-13T23:13:16,1786637597,13.822494,100.512277,15.6,0.06,0.1,-0.2,87.9,87.9,0.02,0.0,0.0,16.2,100,AUTO.LOITER,0,0
2026-08-13T23:13:17,1786637598,13.822494,100.512277,15.9,0.05,0.1,-0.2,87.9,87.9,-0.01,0.02,0.0,16.2,100,AUTO.LOITER,0,0
2026-08-13T23:13:18,1786637599,13.822494,100.512277,15.9,0.05,0.1,-0.1,87.9,87.9,-0.02,0.04,0.0,16.2,100,AUTO.LOITER,0,0
2026-08-13T23:13:19,1786637600,13.822494,100.512277,15.6,0.05,0.1,-0.1,88.0,88.0,-0.02,0.04,0.0,16.2,100,AUTO.LOITER,0,0
2026-08-13T23:13:20,1786637601,13.822494,100.512277,15.9,0.05,0.1,-0.1,88.0,88.0,-0.02,0.04,0.0,16.2,100,AUTO.LOITER,0,0
2026-08-13T23:13:21,1786637602,13.822494,100.512277,15.9,0.06,0.0,-0.0,88.0,88.0,-0.01,0.03,0.0,16.2,100,AUTO.LOITER,0,0
2026-08-13T23:13:22,1786637603,13.822494,100.512277,15.9,0.06,0.0,-0.0,88.0,88.0,0.0,0.02,0.0,16.2,100,AUTO.LOITER,0,0
2026-08-13T23:13:23,1786637604,13.822494,100.512277,15.9,0.06,0.0,0.0,88.0,88.0,0.0,0.02,0.0,16.2,100,AUTO.LOITER,0,0
2026-08-13T23:13:24,1786637605,13.822494,100.512277,15.9,0.06,0.0,0.0,88.0,88.0,0.02,0.0,-0.01,16.2,100,AUTO.LOITER,0,0
2026-08-13T23:13:25,1786637606,13.822494,100.512277,15.9,0.06,0.0,0.1,88.0,88.0,0.02,0.0,-0.01,16.2,100,AUTO.LOITER,0,0
2026-08-13T23:13:26,1786637607,13.822494,100.512277,15.9,0.06,0.1,0.0,88.0,88.0,0.01,0.0,0.0,16.2,100,AUTO.LOITER,0,0
2026-08-13T23:13:27,1786637608,13.822494,100.512277,15.9,0.06,0.1,0.0,87.9,87.9,0.01,0.01,0.0,16.2,100,AUTO.LOITER,0,0
2026-08-13T23:13:28,1786637609,13.822494,100.512277,15.9,0.06,0.1,0.0,87.9,87.9,0.0,0.0,-0.01,16.2,100,AUTO.LOITER,0,0
2026-08-13T23:13:29,1786637610,13.822494,100.512277,15.6,0.06,0.1,0.1,87.9,87.9,0.0,0.0,-0.01,16.2,100,AUTO.LOITER,0,0
2026-08-13T23:13:30,1786637611,13.822494,100.512277,15.9,0.07,0.1,0.0,87.9,87.9,-0.01,-0.01,-0.02,16.2,100,AUTO.LOITER,0,0
2026-08-13T23:13:31,1786637612,13.822494,100.512277,15.9,0.07,0.1,0.0,87.9,87.9,-0.01,-0.01,-0.02,16.2,100,AUTO.LOITER,0,0
2026-08-13T23:13:32,1786637613,13.822494,100.512277,15.9,0.07,0.1,0.0,87.9,87.9,-0.02,0.0,-0.02,16.2,100,AUTO.LOITER,0,0
2026-08-13T23:13:33,1786637614,13.822494,100.512277,15.9,0.07,0.0,0.0,87.9,87.9,-0.01,0.01,-0.02,16.2,100,AUTO.LOITER,0,0
2026-08-13T23:13:34,1786637615,13.822494,100.512277,15.9,0.07,0.0,0.0,87.9,87.9,-0.02,0.0,-0.02,16.2,100,AUTO.LOITER,0,0
2026-08-13T23:13:35,1786637616,13.822494,100.512277,15.6,0.07,0.0,0.0,87.9,87.9,-0.02,0.0,-0.02,16.2,100,AUTO.LOITER,0,0
2026-08-13T23:13:36,1786637617,13.822494,100.512277,15.9,0.07,-0.0,0.0,87.9,87.9,-0.01,0.0,-0.02,16.2,100,AUTO.LOITER,0,0
2026-08-13T23:13:37,1786637618,13.822494,100.512277,15.9,0.06,-0.0,0.0,87.9,87.9,0.0,0.0,-0.01,16.2,100,AUTO.LOITER,0,0
2026-08-13T23:13:38,1786637619,13.822494,100.512277,15.9,0.05,-0.0,0.0,87.9,87.9,0.0,0.01,0.0,16.2,100,AUTO.LOITER,0,0
2026-08-13T23:13:39,1786637620,13.822494,100.512277,15.9,0.05,-0.0,0.0,87.9,87.9,-0.01,0.0,0.0,16.2,100,AUTO.LOITER,0,0
2026-08-13T23:13:40,1786637621,13.822494,100.512277,15.9,0.05,-0.1,0.1,87.9,87.9,-0.01,0.0,0.0,16.2,100,AUTO.LOITER,0,0
2026-08-13T23:13:41,1786637622,13.822494,100.512277,15.9,0.04,-0.1,0.1,87.9,87.9,0.0,0.0,0.01,16.2,100,AUTO.LOITER,0,0
2026-08-13T23:13:42,1786637623,13.822494,100.512277,15.9,0.04,-0.1,0.1,87.9,87.9,0.0,0.0,0.01,16.2,100,AUTO.LOITER,0,0
2026-08-13T23:13:43,1786637624,13.822494,100.512277,15.9,0.04,-0.1,0.1,87.9,87.9,0.0,0.0,0.0,16.2,100,AUTO.LOITER,0,0
2026-08-13T23:13:44,1786637625,13.822494,100.512277,15.9,0.05,-0.1,0.1,87.9,87.9,0.0,0.01,0.0,16.2,100,AUTO.LOITER,0,0
2026-08-13T23:13:45,1786637626,13.822494,100.512277,15.9,0.05,-0.1,0.1,87.9,87.9,0.0,0.01,0.0,16.2,100,AUTO.LOITER,0,0
2026-08-13T23:13:46,1786637627,13.822494,100.512277,15.9,0.04,-0.1,0.1,87.8,87.8,0.01,0.0,0.0,16.2,100,AUTO.LOITER,0,0
2026-08-13T23:13:47,1786637628,13.822494,100.512277,15.6,0.04,-0.1,0.1,87.8,87.8,0.01,0.0,0.0,16.2,100,AUTO.LOITER,0,0
2026-08-13T23:13:48,1786637629,13.822494,100.512277,15.6,0.04,-0.1,0.1,87.8,87.8,0.01,0.0,0.0,16.2,100,AUTO.LOITER,0,0
2026-08-13T23:13:49,1786637630,13.822494,100.512277,15.6,0.04,-0.1,0.1,87.8,87.8,0.01,0.0,0.0,16.2,100,AUTO.LOITER,0,0
2026-08-13T23:13:50,1786637631,13.822494,100.512277,15.9,0.05,-0.1,0.1,87.8,87.8,0.0,0.0,0.0,16.2,100,AUTO.LOITER,0,0
2026-08-13T23:13:51,1786637632,13.822494,100.512277,15.9,0.05,-0.1,0.1,87.8,87.8,0.01,0.0,0.0,16.2,100,AUTO.LOITER,0,0
2026-08-13T23:13:52,1786637633,13.822494,100.512277,15.9,0.05,-0.1,0.1,87.8,87.8,0.0,0.0,0.0,16.2,100,AUTO.LOITER,0,0
2026-08-13T23:13:53,1786637634,13.822494,100.512277,15.9,0.04,-0.1,0.1,87.8,87.8,0.0,0.0,0.01,16.2,100,AUTO.LOITER,0,0
2026-08-13T23:13:54,1786637635,13.822494,100.512277,15.9,0.04,-0.1,0.1,87.8,87.8,0.0,0.0,0.01,16.2,100,AUTO.LOITER,0,0
2026-08-13T23:13:55,1786637636,13.822494,100.512277,15.9,0.04,-0.1,0.1,87.8,87.8,0.0,0.0,0.01,16.2,100,AUTO.LOITER,0,0
2026-08-13T23:13:56,1786637637,13.822494,100.512277,15.9,0.04,-0.1,0.1,87.8,87.8,0.0,0.0,0.0,16.2,100,AUTO.LOITER,0,0
2026-08-13T23:13:57,1786637638,13.822494,100.512277,15.9,0.05,-0.1,0.1,87.8,87.8,0.0,0.0,0.0,16.2,100,AUTO.LOITER,0,0
2026-08-13T23:13:58,1786637639,13.822494,100.512277,15.9,0.05,-0.1,0.1,87.8,87.8,0.0,0.0,0.0,16.2,100,AUTO.LOITER,0,0
2026-08-13T23:13:59,1786637640,13.822494,100.512277,15.9,0.05,-0.1,0.1,87.8,87.8,0.0,0.0,0.0,16.2,100,AUTO.LOITER,0,0
2026-08-13T23:14:00,1786637641,13.822494,100.512277,15.9,0.05,-0.1,0.1,87.8,87.8,0.0,0.0,0.0,16.2,100,AUTO.LOITER,0,0
2026-08-13T23:14:01,1786637642,13.822494,100.512277,15.9,0.06,-0.1,0.1,87.8,87.8,0.0,0.01,0.0,16.2,100,AUTO.LOITER,0,0
2026-08-13T23:14:02,1786637643,13.822494,100.512277,15.9,0.06,-0.1,0.1,87.8,87.8,0.0,0.01,0.0,16.2,100,AUTO.LOITER,0,0
2026-08-13T23:14:03,1786637644,13.822494,100.512277,15.9,0.06,-0.0,0.1,87.8,87.8,0.0,0.01,0.0,16.2,100,AUTO.LOITER,0,0
2026-08-13T23:14:04,1786637645,13.822494,100.512277,15.9,0.05,-0.0,0.1,87.8,87.8,0.0,0.01,0.0,16.2,100,AUTO.LOITER,0,0
2026-08-13T23:14:05,1786637646,13.822494,100.512277,15.9,0.05,-0.0,0.1,87.8,87.8,0.0,0.01,0.0,16.2,100,AUTO.LOITER,0,0
2026-08-13T23:14:06,1786637647,13.822494,100.512277,15.6,0.05,0.0,0.1,87.8,87.8,0.0,0.01,0.0,16.2,100,AUTO.LOITER,0,0
2026-08-13T23:14:07,1786637648,13.822494,100.512277,15.9,0.05,0.0,0.2,87.8,87.8,0.0,0.0,0.0,16.2,100,AUTO.LOITER,0,0
2026-08-13T23:14:08,1786637649,13.822494,100.512277,15.9,0.04,0.0,0.2,87.8,87.8,0.0,-0.01,0.01,16.2,100,AUTO.LOITER,0,0
2026-08-13T23:14:09,1786637650,13.822494,100.512277,15.9,0.04,0.0,0.2,87.8,87.8,0.0,-0.01,0.01,16.2,100,AUTO.LOITER,0,0
2026-08-13T23:14:10,1786637651,13.822494,100.512277,15.9,0.04,0.0,0.2,87.8,87.8,0.0,-0.01,0.02,16.2,100,AUTO.LOITER,0,0
2026-08-13T23:14:11,1786637652,13.822494,100.512277,15.9,0.04,0.0,0.2,87.8,87.8,0.0,-0.01,0.02,16.2,100,AUTO.LOITER,0,0
2026-08-13T23:14:12,1786637653,13.822494,100.512277,15.9,0.04,0.0,0.1,87.8,87.8,0.0,-0.01,0.02,16.2,100,AUTO.LOITER,0,0
2026-08-13T23:14:13,1786637654,13.822494,100.512277,15.9,0.04,0.0,0.1,87.8,87.8,0.0,-0.01,0.02,16.2,100,AUTO.LOITER,0,0
2026-08-13T23:14:14,1786637655,13.822494,100.512277,15.9,0.05,0.0,0.2,87.8,87.8,-0.02,0.01,0.0,16.2,100,AUTO.LOITER,0,0
2026-08-13T23:14:15,1786637656,13.822494,100.512277,15.9,0.06,0.0,0.2,87.8,87.8,-0.01,0.0,0.0,16.2,100,AUTO.LOITER,0,0
2026-08-13T23:14:16,1786637657,13.822494,100.512277,15.6,0.06,0.0,0.2,87.8,87.8,-0.01,0.0,0.0,16.2,100,AUTO.LOITER,0,0
2026-08-13T23:14:17,1786637658,13.822494,100.512277,15.9,0.06,0.0,0.2,87.8,87.8,0.0,0.0,0.0,16.2,100,AUTO.LOITER,0,0
2026-08-13T23:14:18,1786637659,13.822494,100.512277,15.9,0.05,0.0,0.2,87.8,87.8,0.0,0.0,0.01,16.2,100,AUTO.LOITER,0,0
2026-08-13T23:14:19,1786637660,13.822494,100.512277,15.9,0.04,0.0,0.2,87.8,87.8,0.0,0.0,0.01,16.2,100,AUTO.LOITER,0,0
2026-08-13T23:14:20,1786637661,13.822494,100.512277,15.9,0.04,0.0,0.2,87.8,87.8,0.0,0.0,0.01,16.2,100,AUTO.LOITER,0,0
2026-08-13T23:14:21,1786637662,13.822494,100.512277,15.6,0.04,0.0,0.2,87.8,87.8,0.0,0.0,0.01,16.2,100,AUTO.LOITER,0,0
2026-08-13T23:14:22,1786637663,13.822494,100.512277,15.9,0.03,0.0,0.2,87.8,87.8,-0.02,-0.01,0.02,16.2,100,AUTO.LOITER,0,0
2026-08-13T23:14:23,1786637664,13.822493,100.512277,15.9,0.03,0.0,0.2,87.8,87.8,-0.02,-0.01,0.03,16.2,100,AUTO.LOITER,0,0
2026-08-13T23:14:24,1786637665,13.822494,100.512277,15.8,0.02,-0.0,0.2,87.8,87.8,-0.02,0.0,0.03,16.2,100,AUTO.LOITER,0,0
2026-08-13T23:14:25,1786637666,13.822494,100.512277,15.9,0.02,-0.0,0.2,87.8,87.8,0.0,0.0,0.03,16.2,100,AUTO.LOITER,0,0
2026-08-13T23:14:26,1786637667,13.822494,100.512277,15.7,0.02,-0.0,0.2,87.9,87.9,0.0,0.0,0.03,16.2,100,AUTO.LOITER,0,0
2026-08-13T23:14:27,1786637668,13.822494,100.512277,15.9,0.03,-0.0,0.2,87.9,87.9,0.0,0.0,0.02,16.2,100,AUTO.LOITER,0,0
2026-08-13T23:14:28,1786637669,13.822494,100.512277,15.9,0.04,-0.0,0.2,87.8,87.8,0.01,0.01,0.01,16.2,100,AUTO.LOITER,0,0
2026-08-13T23:14:29,1786637670,13.822494,100.512277,15.9,0.04,-0.0,0.3,87.9,87.9,0.0,0.02,0.01,16.2,100,AUTO.LOITER,0,0
2026-08-13T23:14:30,1786637671,13.822494,100.512277,15.9,0.04,-0.0,0.3,87.9,87.9,0.0,0.03,0.01,16.2,100,AUTO.LOITER,0,0
2026-08-13T23:14:31,1786637672,13.822494,100.512277,15.9,0.04,0.0,0.3,87.9,87.9,0.0,0.03,0.01,16.2,100,AUTO.LOITER,0,0
2026-08-13T23:14:32,1786637673,13.822494,100.512277,15.9,0.04,0.0,0.4,87.9,87.9,0.0,0.04,0.01,16.2,100,AUTO.LOITER,0,0
2026-08-13T23:14:33,1786637674,13.822494,100.512277,15.9,0.04,0.0,0.4,87.9,87.9,0.02,0.03,0.01,16.2,100,AUTO.LOITER,0,0
2026-08-13T23:14:34,1786637675,13.822494,100.512277,15.9,0.04,0.0,0.5,87.9,87.9,0.03,0.03,0.01,16.2,100,AUTO.LOITER,0,0
2026-08-13T23:14:35,1786637676,13.822494,100.512277,15.9,0.04,0.1,0.5,87.8,87.8,0.04,0.01,0.01,16.2,100,AUTO.LOITER,0,0
2026-08-13T23:14:36,1786637677,13.822494,100.512277,15.9,0.04,0.1,0.6,87.8,87.8,0.04,0.01,0.01,16.2,100,AUTO.LOITER,0,0
2026-08-13T23:14:37,1786637678,13.822494,100.512277,15.9,0.04,0.2,0.6,87.7,87.7,0.04,0.0,0.02,16.2,100,AUTO.LOITER,0,0
2026-08-13T23:14:38,1786637679,13.822494,100.512277,15.9,0.03,0.2,0.6,87.7,87.7,0.02,0.0,0.02,16.2,100,AUTO.LOITER,0,0
2026-08-13T23:14:39,1786637680,13.822494,100.512277,15.9,0.03,0.3,0.6,87.6,87.6,0.0,-0.01,0.02,16.2,100,AUTO.LOITER,0,0
2026-08-13T23:14:40,1786637681,13.822494,100.512277,15.6,0.03,0.3,0.6,87.6,87.6,0.0,-0.01,0.02,16.2,100,AUTO.LOITER,0,0
2026-08-13T23:14:41,1786637682,13.822494,100.512277,15.6,0.03,0.3,0.6,87.6,87.6,0.0,-0.01,0.02,16.2,100,AUTO.LOITER,0,0
2026-08-13T23:14:42,1786637683,13.822494,100.512277,15.9,0.03,0.3,0.6,87.5,87.5,-0.02,-0.03,0.03,16.2,100,AUTO.LOITER,0,0
2026-08-13T23:14:43,1786637684,13.822494,100.512277,15.8,0.02,0.3,0.5,87.4,87.4,-0.03,-0.03,0.04,16.2,100,AUTO.LOITER,0,0
2026-08-13T23:14:44,1786637685,13.822494,100.512277,15.8,0.01,0.3,0.5,87.3,87.3,-0.04,-0.02,0.05,16.2,100,AUTO.LOITER,0,0
2026-08-13T23:14:45,1786637686,13.822494,100.512277,15.6,0.01,0.3,0.5,87.3,87.3,-0.04,-0.02,0.05,16.2,100,AUTO.LOITER,0,0
2026-08-13T23:14:46,1786637687,13.822494,100.512277,15.6,0.01,0.3,0.5,87.3,87.3,-0.03,-0.02,0.06,16.2,100,AUTO.LOITER,0,0
2026-08-13T23:14:47,1786637688,13.822494,100.512277,15.8,-0.01,0.2,0.4,87.2,87.2,-0.02,-0.01,0.07,16.2,100,AUTO.LOITER,0,0
2026-08-13T23:14:48,1786637689,13.822494,100.512277,15.6,-0.01,0.2,0.4,87.1,87.1,-0.02,-0.01,0.07,16.2,100,AUTO.LOITER,0,0
2026-08-13T23:14:49,1786637690,13.822494,100.512277,15.8,-0.01,0.2,0.4,87.2,87.2,-0.02,0.0,0.07,16.2,100,AUTO.LOITER,0,0
2026-08-13T23:14:50,1786637691,13.822494,100.512277,15.8,-0.01,0.2,0.4,87.1,87.1,-0.01,0.01,0.07,16.2,100,AUTO.LOITER,0,0
2026-08-13T23:14:51,1786637692,13.822494,100.512277,15.5,-0.01,0.2,0.4,87.1,87.1,-0.01,0.01,0.07,16.2,100,AUTO.LOITER,0,0
2026-08-13T23:14:52,1786637693,13.822494,100.512277,15.8,-0.01,0.2,0.5,87.0,87.0,0.0,0.01,0.07,16.2,100,AUTO.LOITER,0,0
2026-08-13T23:14:53,1786637694,13.822494,100.512277,15.8,-0.01,0.1,0.5,87.0,87.0,0.0,0.0,0.07,16.2,100,AUTO.LOITER,0,0
2026-08-13T23:14:54,1786637695,13.822494,100.512277,15.8,-0.01,0.2,0.5,87.0,87.0,0.0,0.0,0.06,16.2,100,AUTO.LOITER,0,0
2026-08-13T23:14:55,1786637696,13.822494,100.512277,15.8,0.0,0.2,0.5,87.0,87.0,0.0,0.01,0.05,16.2,100,AUTO.LOITER,0,0
2026-08-13T23:14:56,1786637697,13.822494,100.512277,15.7,0.0,0.2,0.5,87.0,87.0,0.0,0.01,0.05,16.2,100,AUTO.LOITER,0,0
2026-08-13T23:14:57,1786637698,13.822494,100.512277,15.8,0.01,0.2,0.5,87.0,87.0,-0.01,0.01,0.04,16.2,100,AUTO.LOITER,0,0
2026-08-13T23:14:58,1786637699,13.822494,100.512277,15.9,0.02,0.2,0.5,87.1,87.1,0.0,0.03,0.02,16.2,100,AUTO.LOITER,0,0
2026-08-13T23:14:59,1786637700,13.822494,100.512277,15.9,0.02,0.2,0.6,87.1,87.1,0.0,0.03,0.02,16.2,100,AUTO.LOITER,0,0
2026-08-13T23:15:00,1786637701,13.822494,100.512277,15.9,0.03,0.2,0.6,87.0,87.0,0.02,0.02,0.01,16.2,100,AUTO.LOITER,0,0
2026-08-13T23:15:01,1786637702,13.822494,100.512277,15.9,0.03,0.2,0.6,87.0,87.0,0.02,0.02,0.01,16.2,100,AUTO.LOITER,0,0
2026-08-13T23:15:02,1786637703,13.822494,100.512277,15.9,0.04,0.2,0.6,87.0,87.0,0.01,0.02,0.0,16.2,100,AUTO.LOITER,0,0
2026-08-13T23:15:03,1786637704,13.822494,100.512277,15.9,0.04,0.2,0.6,87.1,87.1,0.01,0.02,0.0,16.2,100,AUTO.LOITER,0,0
2026-08-13T23:15:04,1786637705,13.822494,100.512277,15.9,0.04,0.2,0.7,87.1,87.1,0.0,0.01,0.0,16.2,100,AUTO.LOITER,0,0
2026-08-13T23:15:05,1786637706,13.822494,100.512277,15.9,0.04,0.2,0.7,87.1,87.1,0.0,0.01,0.0,16.2,100,AUTO.LOITER,0,0
2026-08-13T23:15:06,1786637707,13.822494,100.512277,15.6,0.04,0.2,0.7,87.1,87.1,0.0,0.01,0.0,16.2,100,AUTO.LOITER,0,0
2026-08-13T23:15:07,1786637708,13.822494,100.512277,15.6,0.04,0.2,0.7,87.1,87.1,0.0,0.01,0.0,16.2,100,AUTO.LOITER,0,0
2026-08-13T23:15:08,1786637709,13.822494,100.512277,15.9,0.05,0.2,0.7,87.1,87.1,0.0,0.0,0.0,16.2,100,AUTO.LOITER,0,0
2026-08-13T23:15:09,1786637710,13.822494,100.512277,15.9,0.05,0.2,0.7,87.2,87.2,0.0,0.0,0.0,16.2,100,AUTO.LOITER,0,0
2026-08-13T23:15:10,1786637711,13.822494,100.512277,15.9,0.05,0.2,0.7,87.2,87.2,0.0,0.0,0.0,16.2,100,0,0,0
2026-08-13T23:15:11,1786637712,13.822494,100.512277,15.9,0.05,0.2,0.7,87.2,87.2,0.0,0.0,0.0,16.2,100,0,0,0
2026-08-13T23:15:12,1786637713,13.822494,100.512277,15.9,0.05,0.2,0.7,87.2,87.2,0.0,0.0,0.0,16.2,100,AUTO.LOITER,0,0
2026-08-13T23:15:13,1786637714,13.822494,100.512277,15.9,0.05,0.2,0.7,87.2,87.2,0.0,0.0,0.0,16.2,100,0,0,0
2026-08-13T23:15:14,1786637715,13.822494,100.512277,15.9,0.06,0.2,0.7,87.2,87.2,0.0,0.0,0.0,16.2,100,AUTO.LOITER,0,0
2026-08-13T23:15:15,1786637716,13.822494,100.512277,15.9,0.06,0.2,0.7,87.2,87.2,0.0,0.0,0.0,16.2,100,AUTO.LOITER,0,0
2026-08-13T23:15:16,1786637717,13.822494,100.512277,15.6,0.06,0.2,0.7,87.2,87.2,0.0,0.0,0.0,16.2,100,AUTO.LOITER,1,0
2026-08-13T23:15:17,1786637718,13.822494,100.512277,15.6,0.06,0.2,0.7,87.2,87.2,0.0,0.0,0.0,16.2,100,AUTO.LOITER,1,0
2026-08-13T23:15:18,1786637719,13.822494,100.512277,15.6,0.06,0.2,0.8,87.3,87.3,0.0,0.0,0.0,16.2,100,AUTO.LOITER,1,0
2026-08-13T23:15:19,1786637720,13.822494,100.512277,15.9,-0.01,0.2,0.8,87.3,87.3,-0.02,0.0,0.0,16.2,100,0,0,0
2026-08-13T23:15:20,1786637721,13.822494,100.512277,15.6,-0.01,0.2,0.8,87.3,87.3,-0.02,0.0,0.0,16.2,100,AUTO.TAKEOFF,1,0
2026-08-13T23:15:21,1786637722,13.822494,100.512277,15.9,-0.01,0.1,0.8,87.3,87.3,-0.02,0.0,0.0,16.2,100,0,0,0
2026-08-13T23:15:22,1786637723,13.822494,100.512277,15.6,-0.01,0.1,0.8,87.3,87.3,-0.02,0.0,0.0,16.2,100,AUTO.TAKEOFF,1,1
2026-08-13T23:15:23,1786637724,13.822494,100.512277,15.9,0.03,0.1,0.8,87.3,87.3,-0.02,0.01,-0.01,16.2,100,0,0,1
2026-08-13T23:15:24,1786637725,13.822494,100.512277,16.1,0.21,0.1,0.8,87.3,87.3,-0.02,0.0,-0.06,16.2,100,0,0,1
2026-08-13T23:15:25,1786637726,13.822494,100.512277,16.1,0.21,0.1,0.8,87.3,87.3,-0.02,0.0,-0.06,16.2,100,0,0,1
2026-08-13T23:15:26,1786637727,13.822494,100.512277,16.1,0.21,1.1,2.7,86.0,86.0,-0.02,0.0,-0.06,16.2,100,0,0,1
2026-08-13T23:15:27,1786637728,13.822494,100.512277,16.1,0.21,1.2,2.6,86.3,86.3,-0.02,0.0,-0.06,16.2,100,0,0,1
2026-08-13T23:15:28,1786637729,13.822494,100.512278,17.0,1.12,-0.4,2.1,87.1,87.1,-0.1,-0.02,-0.8,16.2,100,0,0,1
2026-08-13T23:15:29,1786637730,13.822494,100.512277,17.2,1.12,-0.8,1.6,87.5,87.5,-0.1,-0.02,-0.8,16.19,100,AUTO.TAKEOFF,1,1
2026-08-13T23:15:30,1786637731,13.822494,100.512277,17.7,1.84,-0.2,1.7,87.3,87.3,0.0,-0.01,-0.7,16.19,100,0,0,1
2026-08-13T23:15:31,1786637732,13.822494,100.512277,18.2,2.28,0.2,1.8,87.4,87.4,0.0,0.01,0.1,16.19,100,AUTO.LOITER,1,1
2026-08-13T23:15:32,1786637733,13.822494,100.512277,18.2,2.28,-2.6,11.8,85.9,85.9,0.0,0.01,0.1,16.19,100,0,0,1
2026-08-13T23:15:33,1786637734,13.822495,100.512273,18.1,2.27,-2.4,14.1,82.9,82.9,0.24,-1.37,-0.14,16.19,100,AUTO.LOITER,1,1
2026-08-13T23:15:34,1786637735,13.822495,100.512273,18.1,2.27,-3.9,11.2,69.8,69.8,0.24,-1.37,-0.14,16.19,100,0,0,1
2026-08-13T23:15:35,1786637736,13.822497,100.512251,18.4,2.54,-5.5,2.3,49.4,49.4,0.33,-3.0,-0.35,16.19,100,AUTO.LOITER,1,1
2026-08-13T23:15:36,1786637737,13.822497,100.512251,18.4,2.54,2.0,-3.8,30.4,30.4,0.33,-3.0,-0.35,16.19,100,0,0,1
2026-08-13T23:15:37,1786637738,13.822501,100.512227,18.7,2.84,6.8,-0.4,18.0,18.0,0.62,-2.07,-0.26,16.19,100,AUTO.LOITER,1,1
2026-08-13T23:15:38,1786637739,13.822502,100.512217,18.5,2.84,-0.1,2.9,9.7,9.7,0.62,-2.07,-0.26,16.19,100,AUTO.LOITER,1,1
2026-08-13T23:15:39,1786637740,13.822503,100.512215,18.9,3.04,0.1,-0.9,0.1,0.1,0.17,-1.23,-0.17,16.19,100,0,0,1
2026-08-13T23:15:40,1786637741,13.822503,100.512215,18.9,3.04,-2.4,-9.1,-12.3,347.7,0.17,-1.23,-0.17,16.19,100,0,0,1
2026-08-13T23:15:41,1786637742,13.822503,100.512215,18.9,3.04,-9.8,-8.5,-26.8,333.2,0.17,-1.23,-0.17,16.19,100,0,0,1
2026-08-13T23:15:42,1786637743,13.82252,100.51218,19.1,3.27,1.4,1.7,-52.5,307.5,1.59,-2.67,-0.06,16.19,100,AUTO.LOITER,1,1
2026-08-13T23:15:43,1786637744,13.82252,100.51218,19.1,3.27,-1.9,-4.5,-62.0,298.0,1.59,-2.67,-0.06,16.19,100,0,0,1
2026-08-13T23:15:44,1786637745,13.822534,100.512158,19.2,3.36,-1.0,-1.9,-66.3,293.7,1.52,-2.6,-0.05,16.19,100,AUTO.LOITER,1,1
2026-08-13T23:15:45,1786637746,13.822534,100.512158,19.2,3.36,-1.2,5.5,-64.4,295.6,1.52,-2.6,-0.05,16.19,100,0,0,1
2026-08-13T23:15:46,1786637747,13.822544,100.512139,19.3,3.4,-1.7,2.3,-59.9,300.1,0.98,-1.66,-0.02,16.19,100,AUTO.LOITER,1,1
2026-08-13T23:15:47,1786637748,13.822544,100.512139,19.3,3.4,-1.5,2.3,-57.8,302.2,0.98,-1.66,-0.02,16.19,100,0,0,1
2026-08-13T23:15:48,1786637749,13.822551,100.512128,19.3,3.44,1.4,2.5,-58.6,301.4,0.53,-1.02,-0.01,16.19,100,AUTO.LOITER,1,1
2026-08-13T23:15:49,1786637750,13.822551,100.512128,19.3,3.44,11.2,8.0,-57.8,302.2,0.53,-1.02,-0.01,16.19,100,0,0,1
2026-08-13T23:15:50,1786637751,13.822558,100.512126,19.3,3.46,7.1,-2.6,-52.0,308.0,1.17,0.69,-0.03,16.19,100,0,0,1
2026-08-13T23:15:51,1786637752,13.822579,100.512135,19.4,3.49,8.7,-11.8,-37.9,322.1,3.05,0.85,0.04,16.18,100,AUTO.LOITER,1,1
2026-08-13T23:15:52,1786637753,13.822579,100.512135,19.4,3.49,0.9,4.0,-1.4,358.6,3.05,0.85,0.04,16.18,100,0,0,1
2026-08-13T23:15:53,1786637754,13.822604,100.512141,19.4,3.48,0.9,4.0,-1.4,358.6,2.6,0.93,0.0,16.18,100,0,0,1
2026-08-13T23:15:54,1786637755,13.822604,100.512141,19.4,3.48,-3.1,6.8,19.5,19.5,2.6,0.93,0.0,16.18,100,0,0,1
2026-08-13T23:15:55,1786637756,13.822627,100.512149,19.4,3.49,-1.1,6.9,22.6,22.6,1.97,0.59,0.0,16.18,100,AUTO.LOITER,1,1
2026-08-13T23:15:56,1786637757,13.822627,100.512149,19.4,3.49,-0.6,4.6,20.3,20.3,1.97,0.59,0.0,16.18,100,0,0,1
2026-08-13T23:15:57,1786637758,13.82264,100.512152,19.4,3.5,-2.8,5.7,15.8,15.8,1.09,0.37,0.0,16.18,100,0,0,1
2026-08-13T23:15:58,1786637759,13.822645,100.51215,19.1,3.5,-13.2,13.3,11.2,11.2,1.09,0.37,0.0,16.18,100,AUTO.LOITER,1,1
2026-08-13T23:15:59,1786637760,13.822644,100.512148,19.4,3.56,-7.0,7.7,6.1,6.1,-0.38,-1.29,0.03,16.18,100,0,0,1
2026-08-13T23:16:00,1786637761,13.82264,100.512135,19.1,3.56,-14.4,-0.8,-5.1,354.9,-0.38,-1.29,0.03,16.18,100,AUTO.LOITER,1,1
2026-08-13T23:16:01,1786637762,13.822639,100.51213,19.5,3.62,-9.9,-4.5,-21.7,338.3,-0.59,-2.91,-0.02,16.18,100,0,0,1
2026-08-13T23:16:02,1786637763,13.822636,100.512102,19.5,3.66,-4.6,-2.3,-52.8,307.2,-0.62,-2.86,-0.07,16.18,99,AUTO.LOITER,1,1
2026-08-13T23:16:03,1786637764,13.822636,100.512102,19.5,3.66,-2.1,-4.5,-63.1,296.9,-0.62,-2.86,-0.07,16.18,99,0,0,1
2026-08-13T23:16:04,1786637765,13.822632,100.512081,19.2,3.66,-1.0,-3.4,-72.9,287.1,-0.62,-2.86,-0.07,16.18,99,AUTO.LOITER,1,1
2026-08-13T23:16:05,1786637766,13.822632,100.512081,19.2,3.66,-1.0,-3.4,-72.9,287.1,-0.62,-2.86,-0.07,16.18,99,0,0,1
2026-08-13T23:16:06,1786637767,13.822626,100.512054,19.2,3.66,0.3,-0.1,-96.5,263.5,-0.62,-2.86,-0.07,16.18,99,AUTO.LOITER,1,1
2026-08-13T23:16:07,1786637768,13.822626,100.512054,19.2,3.66,-0.3,5.0,-105.3,254.7,-0.62,-2.86,-0.07,16.18,99,AUTO.LOITER,1,1
2026-08-13T23:16:08,1786637769,13.822622,100.512027,19.7,3.87,0.1,1.5,-106.5,253.5,-0.26,-1.78,-0.08,16.18,99,0,0,1
2026-08-13T23:16:09,1786637770,13.82262,100.512016,19.3,3.87,0.6,1.7,-100.2,259.8,-0.26,-1.78,-0.08,16.18,99,AUTO.LOITER,1,1
2026-08-13T23:16:10,1786637771,13.82262,100.512014,19.8,3.93,3.3,7.4,-93.5,266.5,-0.01,-0.95,-0.04,16.18,99,0,0,1
2026-08-13T23:16:11,1786637772,13.822622,100.512014,19.2,3.93,4.0,11.2,-87.6,272.4,-0.01,-0.95,-0.04,16.18,99,AUTO.LOITER,1,1
2026-08-13T23:16:12,1786637773,13.822623,100.512016,19.7,3.87,8.8,6.9,-79.3,280.7,0.73,1.2,-0.07,16.18,99,0,0,1
2026-08-13T23:16:13,1786637774,13.822636,100.512034,19.7,3.86,-0.9,-2.4,-50.7,309.3,1.99,2.51,-0.07,16.18,99,AUTO.LOITER,1,1
2026-08-13T23:16:14,1786637775,13.822636,100.512034,19.7,3.86,-2.1,1.1,-35.7,324.3,1.99,2.51,-0.07,16.18,99,0,0,1
2026-08-13T23:16:15,1786637776,13.822653,100.512055,19.7,3.86,1.9,-0.2,-23.1,336.9,1.68,2.39,-0.08,16.18,99,AUTO.LOITER,1,1
2026-08-13T23:16:16,1786637777,13.822653,100.512055,19.7,3.86,-0.6,-1.6,-12.0,348.0,1.68,2.39,-0.08,16.18,99,0,0,1
2026-08-13T23:16:17,1786637778,13.822669,100.512077,19.8,3.88,-1.5,-0.9,-1.1,358.9,1.77,2.47,-0.08,16.18,99,AUTO.LOITER,1,1
2026-08-13T23:16:18,1786637779,13.822669,100.512077,19.8,3.88,-0.7,0.5,10.9,10.9,1.77,2.47,-0.08,16.18,99,0,0,1
2026-08-13T23:16:19,1786637780,13.822686,100.5121,19.8,3.92,-0.5,0.9,23.8,23.8,1.71,2.4,-0.05,16.17,99,AUTO.LOITER,1,1
2026-08-13T23:16:20,1786637781,13.822686,100.5121,19.8,3.92,-1.3,0.7,37.0,37.0,1.71,2.4,-0.05,16.17,99,AUTO.LOITER,1,1
2026-08-13T23:16:21,1786637782,13.822702,100.512122,19.8,3.94,-1.3,0.7,37.0,37.0,1.66,2.31,-0.03,16.17,99,0,0,1
2026-08-13T23:16:22,1786637783,13.822718,100.512145,19.8,3.97,-1.0,0.8,59.0,59.0,1.69,2.3,-0.03,16.17,99,AUTO.LOITER,1,1
2026-08-13T23:16:23,1786637784,13.822718,100.512145,19.8,3.97,-1.8,0.3,54.7,54.7,1.69,2.3,-0.03,16.17,99,0,0,1
2026-08-13T23:16:24,1786637785,13.822734,100.512167,19.8,3.97,-1.3,-0.7,49.9,49.9,1.77,2.24,-0.01,16.17,99,AUTO.LOITER,1,1
2026-08-13T23:16:25,1786637786,13.822734,100.512167,19.8,3.97,-0.5,-0.1,48.4,48.4,1.77,2.24,-0.01,16.17,99,0,0,1
2026-08-13T23:16:26,1786637787,13.82275,100.512189,19.9,3.98,-0.6,0.2,50.1,50.1,1.78,2.29,-0.01,16.17,99,0,0,1
2026-08-13T23:16:27,1786637788,13.82275,100.512189,19.9,3.98,-0.8,1.6,52.7,52.7,1.78,2.29,-0.01,16.17,99,0,0,1
2026-08-13T23:16:28,1786637789,13.822766,100.51221,19.9,3.99,-0.8,8.0,54.0,54.0,1.54,1.94,-0.02,16.17,99,0,0,1
2026-08-13T23:16:29,1786637790,13.822774,100.512221,19.4,3.99,-0.1,5.2,53.6,53.6,1.54,1.94,-0.02,16.17,99,AUTO.LOITER,1,1
2026-08-13T23:16:30,1786637791,13.822776,100.512224,19.9,3.99,-0.5,3.6,52.7,52.7,0.89,1.16,-0.01,16.17,99,0,0,1
2026-08-13T23:16:31,1786637792,13.822783,100.512231,19.9,4.0,-3.4,4.4,51.6,51.6,0.88,0.11,-0.06,16.17,99,AUTO.LOITER,1,1
2026-08-13T23:16:32,1786637793,13.822783,100.512231,19.9,4.0,-8.7,-0.5,40.3,40.3,0.88,0.11,-0.06,16.17,99,0,0,1
2026-08-13T23:16:33,1786637794,13.822795,100.512225,19.9,4.01,-7.0,-8.6,25.3,25.3,1.93,-1.16,-0.02,16.17,99,AUTO.LOITER,1,1
2026-08-13T23:16:34,1786637795,13.822795,100.512225,19.9,4.01,3.0,1.8,7.3,7.3,1.93,-1.16,-0.02,16.17,99,AUTO.LOITER,1,1
2026-08-13T23:16:35,1786637796,13.822811,100.512219,19.4,4.01,3.0,1.8,7.3,7.3,1.93,-1.16,-0.02,16.17,99,AUTO.LOITER,1,1
2026-08-13T23:16:36,1786637797,13.822811,100.512219,19.4,4.01,3.0,1.8,7.3,7.3,1.93,-1.16,-0.02,16.17,99,AUTO.LOITER,1,1
2026-08-13T23:16:37,1786637798,13.822819,100.51221,19.9,3.98,3.0,1.8,7.3,7.3,-0.29,-1.03,0.0,16.17,99,AUTO.LOITER,1,1
2026-08-13T23:16:38,1786637799,13.822813,100.5122,19.4,3.98,-8.7,-0.5,-39.9,320.1,-0.29,-1.03,0.0,16.17,99,AUTO.LOITER,1,1
2026-08-13T23:16:39,1786637800,13.822811,100.512197,19.9,3.99,-15.7,-5.1,-52.4,307.6,-1.35,-1.94,-0.06,16.17,99,0,0,1
2026-08-13T23:16:40,1786637801,13.822795,100.512173,19.8,3.96,0.4,-1.2,-66.7,293.3,-1.63,-2.36,-0.02,16.16,99,AUTO.LOITER,1,1
2026-08-13T23:16:41,1786637802,13.822795,100.512173,19.8,3.96,-2.6,-3.6,-92.1,267.9,-1.63,-2.36,-0.02,16.16,99,0,0,1
2026-08-13T23:16:42,1786637803,13.82278,100.512151,19.9,3.97,0.3,-3.3,-104.5,255.5,-1.75,-2.36,-0.02,16.16,99,AUTO.LOITER,1,1
2026-08-13T23:16:43,1786637804,13.82278,100.512151,19.9,3.97,0.3,-3.3,-104.5,255.5,-1.75,-2.36,-0.02,16.16,99,0,0,1
2026-08-13T23:16:44,1786637805,13.822764,100.512128,19.9,3.98,0.5,-2.2,-126.0,234.0,-1.6,-2.4,-0.02,16.16,99,AUTO.LOITER,1,1
2026-08-13T23:16:45,1786637806,13.822764,100.512128,19.9,3.98,0.8,-2.5,-130.6,229.4,-1.6,-2.4,-0.02,16.16,99,AUTO.LOITER,1,1
2026-08-13T23:16:46,1786637807,13.822749,100.512106,19.9,3.98,1.3,-2.3,-128.5,231.5,-1.61,-2.43,-0.03,16.16,99,AUTO.LOITER,1,1
2026-08-13T23:16:47,1786637808,13.822749,100.512106,19.9,3.98,0.9,-2.0,-123.7,236.3,-1.61,-2.43,-0.03,16.16,99,0,0,1
2026-08-13T23:16:48,1786637809,13.822733,100.512083,19.9,3.97,0.5,-2.2,-120.8,239.2,-1.55,-2.44,-0.03,16.16,98,0,0,1
2026-08-13T23:16:49,1786637810,13.822721,100.512065,19.4,3.97,0.2,-2.3,-121.2,238.8,-1.55,-2.44,-0.03,16.16,98,AUTO.LOITER,1,1
2026-08-13T23:16:50,1786637811,13.822718,100.51206,19.9,3.98,0.2,-2.6,-123.5,236.5,-1.57,-2.43,-0.02,16.16,98,0,0,1
2026-08-13T23:16:51,1786637812,13.822703,100.512037,19.8,3.97,0.3,-2.9,-125.4,234.6,-1.64,-2.48,-0.03,16.16,98,AUTO.LOITER,1,1
2026-08-13T23:16:52,1786637813,13.822703,100.512037,19.8,3.97,0.5,-2.4,-124.9,235.1,-1.64,-2.48,-0.03,16.16,98,0,0,1
2026-08-13T23:16:53,1786637814,13.822688,100.512014,19.8,3.96,0.5,-1.3,-123.9,236.1,-1.65,-2.49,-0.04,16.16,98,AUTO.LOITER,1,1
2026-08-13T23:16:54,1786637815,13.822688,100.512014,19.8,3.96,0.1,6.1,-123.6,236.4,-1.65,-2.49,-0.04,16.16,98,0,0,1
2026-08-13T23:16:55,1786637816,13.822675,100.511995,19.8,3.97,0.7,3.1,-123.8,236.2,-1.09,-1.62,-0.02,16.16,98,AUTO.LOITER,1,1
2026-08-13T23:16:56,1786637817,13.822669,100.511985,19.4,3.97,0.3,1.6,-124.3,235.7,-1.09,-1.62,-0.02,16.16,98,AUTO.LOITER,1,1
2026-08-13T23:16:57,1786637818,13.822668,100.511983,19.9,3.97,0.2,1.9,-125.3,234.7,-0.68,-1.03,-0.03,16.16,98,0,0,1
2026-08-13T23:16:58,1786637819,13.822668,100.511983,19.9,3.97,0.2,1.9,-125.3,234.7,-0.68,-1.03,-0.03,16.16,98,0,0,1
2026-08-13T23:16:59,1786637820,13.822668,100.511983,19.9,3.97,7.0,1.4,-120.3,239.7,-0.68,-1.03,-0.03,16.16,98,0,0,1
2026-08-13T23:17:00,1786637821,13.822681,100.511961,19.9,3.99,-4.3,-0.8,-89.8,270.2,1.62,-1.95,0.0,16.16,98,AUTO.LOITER,1,1
2026-08-13T23:17:01,1786637822,13.822681,100.511961,19.9,3.99,-3.7,11.7,-73.2,286.8,1.62,-1.95,0.0,16.16,98,0,0,1
2026-08-13T23:17:02,1786637823,13.82269,100.511949,19.9,3.98,5.9,9.4,-59.1,300.9,0.5,-0.42,-0.01,16.16,98,0,0,1
2026-08-13T23:17:03,1786637824,13.82269,100.511949,19.9,3.98,5.9,9.4,-59.1,300.9,0.5,-0.42,-0.01,16.16,98,0,0,1
2026-08-13T23:17:04,1786637825,13.822697,100.511955,19.8,3.97,8.3,1.7,-39.4,320.6,0.94,1.22,-0.04,16.16,98,AUTO.LOITER,1,1
2026-08-13T23:17:05,1786637826,13.82271,100.511969,19.4,3.97,12.1,-3.4,-28.5,331.5,0.94,1.22,-0.04,16.16,98,AUTO.LOITER,1,1
2026-08-13T23:17:06,1786637827,13.822713,100.511974,19.8,3.97,-3.7,2.0,-14.8,345.2,1.94,2.49,-0.02,16.16,98,0,0,1
2026-08-13T23:17:07,1786637828,13.822729,100.511995,19.9,3.97,0.7,1.6,-0.9,359.1,1.55,2.34,-0.02,16.15,98,AUTO.LOITER,1,1
2026-08-13T23:17:08,1786637829,13.822729,100.511995,19.9,3.97,-0.5,-1.5,24.6,24.6,1.55,2.34,-0.02,16.15,98,0,0,1
2026-08-13T23:17:09,1786637830,13.822746,100.512017,19.8,3.97,-1.2,0.5,36.3,36.3,1.73,2.43,-0.02,16.15,98,AUTO.LOITER,1,1
2026-08-13T23:17:10,1786637831,13.822746,100.512017,19.8,3.97,-0.0,0.8,48.2,48.2,1.73,2.43,-0.02,16.15,98,0,0,1
2026-08-13T23:17:11,1786637832,13.82276,100.512035,19.3,3.97,-0.0,0.8,48.2,48.2,1.73,2.43,-0.02,16.15,98,AUTO.LOITER,1,1
2026-08-13T23:17:12,1786637833,13.82276,100.512035,19.3,3.97,-0.0,0.8,48.2,48.2,1.73,2.43,-0.02,16.15,98,0,0,1
2026-08-13T23:17:13,1786637834,13.82276,100.512035,19.3,3.97,-1.4,-0.5,53.7,53.7,1.73,2.43,-0.02,16.15,98,0,0,1
2026-08-13T23:17:14,1786637835,13.822792,100.51208,19.3,3.97,-0.9,-0.3,49.2,49.2,1.73,2.43,-0.02,16.15,98,AUTO.LOITER,1,1
2026-08-13T23:17:15,1786637836,13.822795,100.512084,19.8,3.95,-0.7,-0.8,47.7,47.7,1.78,2.21,-0.05,16.15,98,0,0,1
2026-08-13T23:17:16,1786637837,13.822808,100.512101,19.3,3.95,-1.0,-1.1,49.3,49.3,1.78,2.21,-0.05,16.15,98,AUTO.LOITER,1,1
2026-08-13T23:17:17,1786637838,13.822811,100.512105,19.8,3.93,-1.1,-1.6,51.4,51.4,1.87,2.27,-0.07,16.15,98,0,0,1
2026-08-13T23:17:18,1786637839,13.822828,100.512127,19.8,3.94,-0.5,-0.4,52.6,52.6,1.87,2.29,-0.06,16.15,98,AUTO.LOITER,1,1
2026-08-13T23:17:19,1786637840,13.822828,100.512127,19.8,3.94,-0.6,0.0,51.6,51.6,1.87,2.29,-0.06,16.15,98,0,0,1
2026-08-13T23:17:20,1786637841,13.822845,100.512148,19.8,3.95,-0.6,0.0,51.6,51.6,1.64,2.03,-0.06,16.15,98,0,0,1
2026-08-13T23:17:21,1786637842,13.822845,100.512148,19.8,3.95,-0.1,5.4,51.3,51.3,1.64,2.03,-0.06,16.15,98,0,0,1
2026-08-13T23:17:22,1786637843,13.822856,100.512162,19.8,3.95,-0.3,3.8,52.2,52.2,0.92,1.23,-0.04,16.15,98,AUTO.LOITER,1,1
2026-08-13T23:17:23,1786637844,13.822856,100.512162,19.8,3.95,-1.2,3.5,52.6,52.6,0.92,1.23,-0.04,16.15,98,0,0,1
2026-08-13T23:17:24,1786637845,13.822863,100.51217,19.8,3.94,-11.4,8.0,50.3,50.3,0.76,0.48,-0.12,16.15,98,AUTO.LOITER,1,1
2026-08-13T23:17:25,1786637846,13.82287,100.512167,19.3,3.94,-7.8,2.9,44.3,44.3,0.76,0.48,-0.12,16.15,98,AUTO.LOITER,1,1
2026-08-13T23:17:26,1786637847,13.822873,100.512165,19.8,3.95,-10.6,-8.7,31.4,31.4,1.63,-1.03,-0.12,16.15,98,0,0,1
2026-08-13T23:17:27,1786637848,13.822893,100.512157,19.8,3.91,2.4,-2.1,12.8,12.8,2.03,-0.64,-0.08,16.15,98,AUTO.LOITER,1,1
2026-08-13T23:17:28,1786637849,13.822893,100.512157,19.8,3.91,-9.5,9.4,-16.2,343.8,2.03,-0.64,-0.08,16.15,98,0,0,1
2026-08-13T23:17:29,1786637850,13.8229,100.512151,19.8,3.91,-6.4,5.3,-25.6,334.4,-0.06,-1.03,-0.07,16.15,98,AUTO.LOITER,1,1
2026-08-13T23:17:30,1786637851,13.8229,100.512151,19.8,3.91,-5.1,1.3,-36.0,324.0,-0.06,-1.03,-0.07,16.15,98,0,0,1
2026-08-13T23:17:31,1786637852,13.822893,100.512139,19.8,3.93,-16.3,-5.0,-47.6,312.4,-1.14,-1.59,-0.16,16.14,98,AUTO.LOITER,1,1
2026-08-13T23:17:32,1786637853,13.822881,100.512121,19.2,3.93,-4.8,-4.2,-62.2,297.8,-1.14,-1.59,-0.16,16.14,97,AUTO.LOITER,1,1
2026-08-13T23:17:33,1786637854,13.822878,100.512116,19.8,3.91,1.8,1.1,-75.6,284.4,-1.68,-2.51,-0.06,16.14,97,0,0,1
2026-08-13T23:17:34,1786637855,13.822878,100.512116,19.8,3.91,1.8,1.1,-75.6,284.4,-1.68,-2.51,-0.06,16.14,97,0,0,1
2026-08-13T23:17:35,1786637856,13.822864,100.512095,19.8,3.91,1.8,1.1,-75.6,284.4,-1.77,-2.35,-0.09,16.14,97,0,0,1
2026-08-13T23:17:36,1786637857,13.822848,100.512071,19.8,3.93,0.9,-1.7,-123.3,236.7,-1.66,-2.45,-0.07,16.14,97,0,0,1
2026-08-13T23:17:37,1786637858,13.822848,100.512071,19.8,3.93,0.9,-1.7,-123.3,236.7,-1.66,-2.45,-0.07,16.14,97,0,0,1
2026-08-13T23:17:38,1786637859,13.822832,100.512049,19.8,3.95,3.6,6.4,-129.6,230.4,-1.53,-2.34,-0.09,16.14,97,AUTO.LOITER,1,1
2026-08-13T23:17:39,1786637860,13.822832,100.512049,19.8,3.95,9.8,12.0,-122.0,238.0,-1.53,-2.34,-0.09,16.14,97,0,0,1
2026-08-13T23:17:40,1786637861,13.822828,100.512033,19.8,3.96,8.5,7.7,-109.1,250.9,0.64,-1.08,-0.03,16.14,97,AUTO.LOITER,1,1
2026-08-13T23:17:41,1786637862,13.822837,100.51203,19.3,3.96,9.8,8.1,-92.7,267.3,0.64,-1.08,-0.03,16.14,97,AUTO.LOITER,1,1
2026-08-13T23:17:42,1786637863,13.822841,100.51203,19.8,3.95,8.8,3.9,-77.9,282.1,2.26,0.52,-0.01,16.14,97,0,0,1
2026-08-13T23:17:43,1786637864,13.822857,100.512035,19.2,3.95,-4.6,-4.6,-65.5,294.5,2.26,0.52,-0.01,16.14,97,AUTO.LOITER,1,1
2026-08-13T23:17:44,1786637865,13.822862,100.512036,19.8,3.95,-11.8,4.1,-55.4,304.6,1.83,0.4,-0.07,16.14,97,0,0,1
2026-08-13T23:17:45,1786637866,13.822862,100.512036,19.8,3.95,-11.8,4.1,-55.4,304.6,1.83,0.4,-0.07,16.14,97,0,0,1
2026-08-13T23:17:46,1786637867,13.822862,100.512036,19.8,3.95,-1.3,-4.6,-18.4,341.6,1.83,0.4,-0.07,16.14,97,0,0,1
2026-08-13T23:17:47,1786637868,13.822875,100.512047,19.9,3.99,-8.5,7.5,-6.2,353.8,0.6,0.71,-0.05,16.14,97,AUTO.LOITER,1,1
2026-08-13T23:17:48,1786637869,13.822875,100.512047,19.9,3.99,-3.9,0.1,6.8,6.8,0.6,0.71,-0.05,16.14,97,0,0,1
2026-08-13T23:17:49,1786637870,13.822877,100.51205,19.7,3.84,-4.0,6.9,13.7,13.7,-0.04,0.07,0.39,16.14,97,AUTO.LOITER,1,1
2026-08-13T23:17:50,1786637871,13.822877,100.51205,19.7,3.84,-1.5,-3.4,13.8,13.8,-0.04,0.07,0.39,16.14,97,0,0,1
2026-08-13T23:17:51,1786637872,13.822876,100.51205,19.3,3.46,-2.4,0.6,8.9,8.9,-0.1,0.03,0.33,16.14,97,0,0,1
2026-08-13T23:17:52,1786637873,13.822877,100.512051,18.6,3.46,-3.6,-0.1,4.7,4.7,-0.1,0.03,0.33,16.14,97,AUTO.LAND,1,1
2026-08-13T23:17:53,1786637874,13.822876,100.512051,19.0,3.08,-2.2,-0.3,4.0,4.0,-0.1,-0.11,0.35,16.14,97,0,0,1
2026-08-13T23:17:54,1786637875,13.822876,100.512052,18.2,3.08,-2.2,-0.6,6.1,6.1,-0.1,-0.11,0.35,16.14,97,AUTO.LAND,1,1
2026-08-13T23:17:55,1786637876,13.822876,100.512051,18.6,2.7,-2.5,-0.7,8.4,8.4,-0.05,-0.08,0.37,16.14,97,0,0,1
2026-08-13T23:17:56,1786637877,13.822876,100.512051,18.2,2.29,-2.1,-0.3,8.8,8.8,0.0,-0.1,0.37,16.14,97,AUTO.LAND,1,1
2026-08-13T23:17:57,1786637878,13.822876,100.512051,18.2,2.29,-1.8,-0.6,7.7,7.7,0.0,-0.1,0.37,16.14,97,0,0,1
2026-08-13T23:17:58,1786637879,13.822875,100.512051,17.8,1.9,-2.1,-0.7,7.2,7.2,0.01,-0.06,0.37,16.13,97,AUTO.LAND,1,1
2026-08-13T23:17:59,1786637880,13.822875,100.512051,17.8,1.9,-2.2,-0.8,7.3,7.3,0.01,-0.06,0.37,16.13,97,0,0,1
2026-08-13T23:18:00,1786637881,13.822875,100.512051,17.5,1.58,-2.0,-0.7,7.8,7.8,0.05,-0.06,0.28,16.13,97,AUTO.LAND,1,1
2026-08-13T23:18:01,1786637882,13.822875,100.512051,17.5,1.58,-2.3,-0.2,8.2,8.2,0.05,-0.06,0.28,16.13,97,0,0,1
2026-08-13T23:18:02,1786637883,13.822875,100.512051,17.2,1.28,-1.9,-0.5,8.2,8.2,0.03,-0.07,0.28,16.13,97,AUTO.LAND,1,1
2026-08-13T23:18:03,1786637884,13.822875,100.51205,16.5,1.28,-1.7,-0.7,8.0,8.0,0.03,-0.07,0.28,16.13,97,AUTO.LAND,1,1
2026-08-13T23:18:04,1786637885,13.822875,100.51205,16.9,1.0,-1.3,-0.8,7.9,7.9,0.04,-0.03,0.28,16.13,97,0,0,1
2026-08-13T23:18:05,1786637886,13.822876,100.51205,16.4,1.0,-1.3,-0.8,7.9,7.9,0.04,-0.03,0.28,16.13,97,0,0,1
2026-08-13T23:18:06,1786637887,13.822876,100.51205,16.4,1.0,-1.3,-0.8,7.9,7.9,0.04,-0.03,0.28,16.13,97,0,0,1
2026-08-13T23:18:07,1786637888,13.822875,100.51205,17.8,1.89,-1.3,-0.8,7.9,7.9,0.02,0.0,-0.9,16.13,97,0,0,1
2026-08-13T23:18:08,1786637889,13.822875,100.51205,17.8,1.89,-1.5,-0.8,8.0,8.0,0.02,0.0,-0.9,16.13,97,0,0,1
2026-08-13T23:18:09,1786637890,13.822875,100.51205,18.6,2.75,-1.7,-0.3,8.0,8.0,0.02,0.01,-0.78,16.13,97,AUTO.TAKEOFF,1,1
2026-08-13T23:18:10,1786637891,13.822875,100.51205,18.6,2.75,-1.4,-0.3,7.9,7.9,0.02,0.01,-0.78,16.13,97,0,0,1
2026-08-13T23:18:11,1786637892,13.822875,100.51205,19.2,3.29,-1.5,-0.4,7.9,7.9,0.0,0.01,-0.05,16.13,97,AUTO.LOITER,1,1
2026-08-13T23:18:12,1786637893,13.822875,100.51205,19.2,3.29,-4.2,8.6,6.5,6.5,0.0,0.01,-0.05,16.13,97,0,0,1
2026-08-13T23:18:13,1786637894,13.822872,100.512048,19.1,3.24,-3.3,13.4,0.8,0.8,-1.22,-0.41,-0.03,16.13,97,AUTO.LOITER,1,1
2026-08-13T23:18:14,1786637895,13.822872,100.512048,19.1,3.24,-5.7,8.6,-11.3,348.7,-1.22,-0.41,-0.03,16.13,97,0,0,1
2026-08-13T23:18:15,1786637896,13.822855,100.512043,18.7,3.24,-4.8,-1.7,-27.7,332.3,-1.22,-0.41,-0.03,16.13,97,AUTO.LOITER,1,1
2026-08-13T23:18:16,1786637897,13.822855,100.512043,18.7,3.24,1.0,-1.9,-44.8,315.2,-1.22,-0.41,-0.03,16.13,97,AUTO.LOITER,1,1
2026-08-13T23:18:17,1786637898,13.822825,100.512033,19.2,3.36,-3.1,0.4,-58.5,301.5,-2.65,-0.89,-0.11,16.13,96,AUTO.LOITER,1,1
2026-08-13T23:18:18,1786637899,13.822825,100.512033,19.2,3.36,-2.4,-1.9,-69.3,290.7,-2.65,-0.89,-0.11,16.13,96,0,0,1
2026-08-13T23:18:19,1786637900,13.822799,100.512024,19.3,3.46,0.4,-1.9,-79.4,280.6,-2.87,-0.96,-0.13,16.13,96,AUTO.LOITER,1,1
2026-08-13T23:18:21,1786637901,13.822799,100.512024,19.3,3.46,0.2,-1.1,-90.8,269.2,-2.87,-0.96,-0.13,16.13,96,0,0,1
2026-08-13T23:18:22,1786637902,13.822773,100.512015,19.4,3.56,-0.3,-1.4,-103.5,256.5,-2.73,-0.89,-0.14,16.12,96,AUTO.LOITER,1,1
2026-08-13T23:18:23,1786637903,13.822773,100.512015,19.4,3.56,0.5,-1.7,-117.3,242.7,-2.73,-0.89,-0.14,16.12,96,0,0,1
2026-08-13T23:18:24,1786637904,13.822748,100.512007,19.6,3.67,0.5,-1.7,-130.3,229.7,-2.74,-0.88,-0.14,16.12,96,AUTO.LOITER,1,1
2026-08-13T23:18:25,1786637905,13.822728,100.512,19.1,3.67,0.5,-1.5,-142.6,217.4,-2.74,-0.88,-0.14,16.12,96,AUTO.LOITER,1,1
2026-08-13T23:18:26,1786637906,13.822722,100.511998,19.7,3.77,2.4,3.8,-154.4,205.6,-2.69,-0.85,-0.11,16.12,96,0,0,1
2026-08-13T23:18:27,1786637907,13.822707,100.511993,19.2,3.77,1.0,6.4,-164.1,195.9,-2.69,-0.85,-0.11,16.12,96,AUTO.LOITER,1,1
2026-08-13T23:18:28,1786637908,13.822703,100.511991,19.7,3.83,-0.0,4.0,-168.6,191.4,-1.58,-0.51,-0.09,16.12,96,0,0,1
2026-08-13T23:18:29,1786637909,13.822693,100.511988,19.2,3.83,0.6,3.4,-167.1,192.9,-1.58,-0.51,-0.09,16.12,96,AUTO.LOITER,1,1
2026-08-13T23:18:30,1786637910,13.822692,100.511988,19.8,3.88,0.6,3.4,-167.1,192.9,-0.97,-0.2,-0.07,16.12,96,AUTO.LOITER,1,1
2026-08-13T23:18:31,1786637911,13.822692,100.511988,19.8,3.88,0.6,3.4,-167.1,192.9,-0.97,-0.2,-0.07,16.12,96,AUTO.LOITER,1,1
2026-08-13T23:18:32,1786637912,13.822684,100.511987,19.8,3.9,1.1,3.2,-170.0,190.0,-0.46,-0.09,0.02,16.12,96,0,0,1
2026-08-13T23:18:33,1786637913,13.822683,100.511986,19.4,3.53,1.1,3.2,-170.0,190.0,0.15,0.08,0.29,16.12,96,AUTO.LOITER,1,1
2026-08-13T23:18:34,1786637914,13.822683,100.511986,19.4,3.53,1.6,0.1,-173.3,186.7,0.15,0.08,0.29,16.12,96,0,0,1
2026-08-13T23:18:35,1786637915,13.822683,100.511987,19.0,3.17,1.6,0.1,-173.3,186.7,0.07,0.01,0.36,16.12,96,0,0,1
2026-08-13T23:18:36,1786637916,13.822683,100.511987,19.0,3.17,0.7,0.0,-169.9,190.1,0.07,0.01,0.36,16.12,96,0,0,1
2026-08-13T23:18:37,1786637917,13.822683,100.511987,18.6,2.76,0.9,-0.2,-170.8,189.2,0.05,0.03,0.33,16.12,96,AUTO.LAND,1,1
2026-08-13T23:18:38,1786637918,13.822683,100.511987,18.6,2.76,0.9,-0.2,-172.2,187.8,0.05,0.03,0.33,16.12,96,0,0,1
2026-08-13T23:18:39,1786637919,13.822684,100.511987,18.2,2.34,0.9,-0.3,-172.9,187.1,0.02,0.02,0.31,16.12,96,0,0,1
2026-08-13T23:18:40,1786637920,13.822684,100.511987,18.2,2.34,1.0,-0.3,-172.7,187.3,0.02,0.02,0.31,16.12,96,0,0,1
2026-08-13T23:18:41,1786637921,13.822684,100.511987,17.8,1.95,1.1,-0.5,-172.1,187.9,0.0,0.0,0.31,16.12,96,0,0,1
2026-08-13T23:18:42,1786637922,13.822684,100.511987,17.8,1.95,0.9,-0.6,-171.7,188.3,0.0,0.0,0.31,16.12,96,0,0,1
2026-08-13T23:18:43,1786637923,13.822684,100.511987,17.5,1.64,0.7,-0.1,-171.7,188.3,-0.04,-0.02,0.23,16.12,96,0,0,1
2026-08-13T23:18:44,1786637924,13.822684,100.511987,16.8,1.64,0.6,-0.1,-172.0,188.0,-0.04,-0.02,0.23,16.12,96,0,0,1
2026-08-13T23:18:45,1786637925,13.822684,100.511987,17.2,1.35,0.8,-0.1,-172.2,187.8,-0.03,0.0,0.25,16.12,96,0,0,1
2026-08-13T23:18:46,1786637926,13.822684,100.511987,17.2,1.35,0.8,-0.3,-172.3,187.7,-0.03,0.0,0.25,16.12,96,0,0,1
2026-08-13T23:18:47,1786637927,13.822684,100.511987,16.9,1.07,0.9,-0.8,-172.2,187.8,-0.03,0.0,0.24,16.12,96,0,0,1
2026-08-13T23:18:48,1786637928,13.822684,100.511987,17.0,1.09,0.7,-0.5,-172.1,187.9,-0.06,0.0,-0.76,16.11,96,0,0,1
2026-08-13T23:18:49,1786637929,13.822684,100.511987,17.0,1.09,0.8,0.0,-172.0,188.0,-0.06,0.0,-0.76,16.11,96,0,0,1
2026-08-13T23:18:50,1786637930,13.822684,100.511987,17.9,2.01,0.9,-0.0,-172.0,188.0,-0.01,0.0,-0.92,16.11,96,0,0,1
2026-08-13T23:18:51,1786637931,13.822684,100.511987,17.9,2.01,0.9,-0.6,-172.1,187.9,-0.01,0.0,-0.92,16.11,96,0,0,1
2026-08-13T23:18:52,1786637932,13.822684,100.511987,18.8,2.87,0.9,-0.2,-172.1,187.9,-0.01,-0.01,-0.77,16.11,96,0,0,1
2026-08-13T23:18:53,1786637933,13.822684,100.511987,18.8,2.87,0.7,0.0,-172.1,187.9,-0.01,-0.01,-0.77,16.11,96,0,0,1
2026-08-13T23:18:54,1786637934,13.822684,100.511987,19.1,3.27,0.6,-0.3,-172.1,187.9,0.01,0.03,0.1,16.11,96,0,0,1
2026-08-13T23:18:55,1786637935,13.822684,100.511987,19.1,3.27,-0.9,2.1,-172.3,187.7,0.01,0.03,0.1,16.11,96,0,0,1
2026-08-13T23:18:56,1786637936,13.822687,100.511994,19.1,3.25,-11.3,6.4,-175.1,184.9,0.78,1.7,-0.07,16.11,96,0,0,1
2026-08-13T23:18:57,1786637937,13.822687,100.511994,19.1,3.25,-10.8,3.1,176.7,176.7,0.78,1.7,-0.07,16.11,96,0,0,1
2026-08-13T23:18:58,1786637938,13.822697,100.512017,19.3,3.39,2.0,0.2,143.6,143.6,1.24,2.83,-0.19,16.11,96,0,0,1
2026-08-13T23:18:59,1786637939,13.822697,100.512017,19.3,3.39,-1.1,-1.3,128.3,128.3,1.24,2.83,-0.19,16.11,96,0,0,1
2026-08-13T23:19:00,1786637940,13.822707,100.512041,19.4,3.55,-1.1,-1.3,128.3,128.3,1.15,2.78,-0.16,16.11,96,0,0,1
2026-08-13T23:19:01,1786637941,13.822707,100.512041,19.4,3.55,2.7,3.3,107.0,107.0,1.15,2.78,-0.16,16.11,96,0,0,1
2026-08-13T23:19:02,1786637942,13.822717,100.512065,19.6,3.67,2.7,3.3,107.0,107.0,0.93,2.21,-0.14,16.11,96,0,0,1
2026-08-13T23:19:03,1786637943,13.822717,100.512065,19.6,3.67,3.7,6.8,96.5,96.5,0.93,2.21,-0.14,16.11,96,0,0,1
2026-08-13T23:19:04,1786637944,13.822724,100.51208,19.6,3.76,0.9,4.2,70.9,70.9,0.53,1.27,-0.12,16.11,96,0,0,1
2026-08-13T23:19:05,1786637945,13.822724,100.51208,19.6,3.76,-3.4,4.5,61.3,61.3,0.53,1.27,-0.12,16.11,96,0,0,1
2026-08-13T23:19:06,1786637946,13.822728,100.512089,19.7,3.84,1.0,-4.5,56.7,56.7,0.56,0.71,-0.09,16.11,95,0,0,1
2026-08-13T23:19:07,1786637947,13.822728,100.512089,19.7,3.84,0.9,4.6,57.8,57.8,0.56,0.71,-0.09,16.11,95,0,0,1
2026-08-13T23:19:08,1786637948,13.822733,100.512099,19.8,3.91,-0.7,8.5,63.2,63.2,0.26,0.53,-0.04,16.11,95,0,0,1
2026-08-13T23:19:09,1786637949,13.822733,100.512099,19.8,3.91,0.2,6.3,67.9,67.9,0.26,0.53,-0.04,16.11,95,0,0,1
2026-08-13T23:19:10,1786637950,13.822734,100.512101,19.5,3.63,0.0,0.8,68.3,68.3,-0.1,-0.25,0.34,16.11,95,0,0,1
2026-08-13T23:19:11,1786637951,13.822734,100.512101,19.5,3.63,-0.4,-0.8,65.7,65.7,-0.1,-0.25,0.34,16.11,95,0,0,1
2026-08-13T23:19:12,1786637952,13.822733,100.5121,19.1,3.26,-0.6,1.0,63.1,63.1,0.01,-0.03,0.36,16.11,95,0,0,1
2026-08-13T23:19:13,1786637953,13.822733,100.5121,19.1,3.26,-0.4,0.8,62.3,62.3,0.01,-0.03,0.36,16.11,95,0,0,1
2026-08-13T23:19:14,1786637954,13.822733,100.5121,18.8,2.88,-0.2,0.6,63.1,63.1,0.03,-0.04,0.37,16.11,95,0,0,1
2026-08-13T23:19:15,1786637955,13.822733,100.5121,18.8,2.88,-0.2,0.6,63.1,63.1,0.03,-0.04,0.37,16.11,95,0,0,1
2026-08-13T23:19:16,1786637956,13.822733,100.5121,18.4,2.48,-0.6,0.7,64.9,64.9,0.03,-0.01,0.37,16.11,95,0,0,1
2026-08-13T23:19:17,1786637957,13.822733,100.5121,18.4,2.48,0.0,0.9,64.6,64.6,0.03,-0.01,0.37,16.11,95,0,0,1
2026-08-13T23:19:18,1786637958,13.822733,100.5121,18.0,2.1,0.2,0.8,64.1,64.1,0.03,0.0,0.38,16.1,95,0,0,1
2026-08-13T23:19:19,1786637959,13.822733,100.5121,18.0,2.1,-0.2,0.7,63.7,63.7,0.03,0.0,0.38,16.1,95,0,0,1
2026-08-13T23:19:20,1786637960,13.822733,100.5121,17.6,1.74,-0.2,1.0,63.7,63.7,0.01,0.03,0.26,16.1,95,0,0,1
2026-08-13T23:19:21,1786637961,13.822733,100.5121,17.6,1.74,-0.2,1.1,63.9,63.9,0.01,0.03,0.26,16.1,95,0,0,1
2026-08-13T23:19:22,1786637962,13.822733,100.5121,17.3,1.45,-0.5,0.8,64.1,64.1,0.01,0.02,0.29,16.1,95,0,0,1
2026-08-13T23:19:23,1786637963,13.822733,100.5121,17.3,1.45,-0.6,0.5,64.1,64.1,0.01,0.02,0.29,16.1,95,0,0,1
2026-08-13T23:19:24,1786637964,13.822733,100.512099,16.6,1.45,-0.5,0.8,64.0,64.0,0.01,0.02,0.29,16.1,95,0,0,1
2026-08-13T23:19:25,1786637965,13.822733,100.512099,16.6,1.45,-0.5,0.8,64.0,64.0,0.01,0.02,0.29,16.1,95,0,0,1
2026-08-13T23:19:26,1786637966,13.822733,100.5121,16.7,0.86,0.0,1.5,63.9,63.9,0.03,0.04,0.28,16.1,95,0,0,1
2026-08-13T23:19:27,1786637967,13.822733,100.512099,16.2,0.86,-0.0,1.4,63.9,63.9,0.03,0.04,0.28,16.1,95,0,0,1
2026-08-13T23:19:28,1786637968,13.822733,100.512099,16.7,0.86,-0.2,0.8,64.0,64.0,0.0,0.02,-0.74,16.1,95,0,0,1
2026-08-13T23:19:29,1786637969,13.822733,100.512099,17.1,0.86,-0.2,1.1,64.0,64.0,0.0,0.02,-0.74,16.1,95,AUTO.TAKEOFF,1,1
2026-08-13T23:19:30,1786637970,13.822733,100.5121,17.6,1.77,-0.5,1.6,64.0,64.0,0.01,0.05,-0.91,16.1,95,0,0,1
2026-08-13T23:19:31,1786637971,13.822733,100.5121,17.9,1.77,-0.5,1.4,64.0,64.0,0.01,0.05,-0.91,16.1,95,AUTO.TAKEOFF,1,1
2026-08-13T23:19:32,1786637972,13.822733,100.5121,18.5,2.57,-0.5,1.4,64.0,64.0,0.03,0.01,-0.83,16.1,95,0,0,1
2026-08-13T23:19:33,1786637973,13.822733,100.5121,19.2,3.28,-0.5,1.9,63.9,63.9,0.05,-0.01,-0.34,16.1,95,0,0,1
2026-08-13T23:19:34,1786637974,13.822733,100.5121,19.2,3.28,-0.4,1.6,64.0,64.0,0.05,-0.01,-0.34,16.1,95,0,0,1
2026-08-13T23:19:35,1786637975,13.822734,100.512101,19.2,3.29,-0.6,-3.3,64.3,64.3,0.33,0.76,0.02,16.1,95,0,0,1
2026-08-13T23:19:36,1786637976,13.822734,100.512101,19.2,3.29,2.9,-12.5,67.5,67.5,0.33,0.76,0.02,16.1,95,0,0,1
2026-08-13T23:19:37,1786637977,13.822739,100.51212,19.2,3.3,0.4,-9.8,73.8,73.8,0.78,2.78,-0.06,16.1,95,0,0,1
2026-08-13T23:19:38,1786637978,13.822739,100.51212,19.2,3.3,-1.6,-4.6,76.9,76.9,0.78,2.78,-0.06,16.1,95,0,0,1
2026-08-13T23:19:39,1786637979,13.822746,100.512141,18.9,3.3,-0.2,3.5,75.4,75.4,0.78,2.78,-0.06,16.1,95,0,0,1
2026-08-13T23:19:40,1786637980,13.822748,100.512146,19.3,3.44,1.3,-0.7,72.6,72.6,0.9,2.73,-0.12,16.1,95,0,0,1
2026-08-13T23:19:41,1786637981,13.822753,100.512165,19.1,3.44,0.7,-1.5,71.1,71.1,0.9,2.73,-0.12,16.09,95,AUTO.LOITER,1,1
2026-08-13T23:19:42,1786637982,13.822755,100.512172,19.5,3.6,-0.3,0.4,71.4,71.4,0.88,2.98,-0.13,16.09,95,0,0,1
2026-08-13T23:19:43,1786637983,13.822755,100.512172,19.5,3.6,-0.1,0.6,72.5,72.5,0.88,2.98,-0.13,16.09,95,0,0,1
2026-08-13T23:19:44,1786637984,13.822763,100.512198,19.6,3.73,-0.1,6.6,73.3,73.3,0.9,2.84,-0.11,16.09,95,0,0,1
2026-08-13T23:19:45,1786637985,13.822763,100.512198,19.6,3.73,0.7,8.3,73.6,73.6,0.9,2.84,-0.11,16.09,95,0,0,1
2026-08-13T23:19:46,1786637986,13.822769,100.512218,19.7,3.83,0.9,5.8,73.8,73.8,0.53,1.68,-0.05,16.09,95,AUTO.LOITER,1,1
2026-08-13T23:19:47,1786637987,13.822769,100.512218,19.7,3.83,0.8,5.2,74.0,74.0,0.53,1.68,-0.05,16.09,95,0,0,1
2026-08-13T23:19:48,1786637988,13.822773,100.51223,19.8,3.88,0.1,5.7,74.0,74.0,0.26,1.01,-0.05,16.09,95,0,0,1
2026-08-13T23:19:49,1786637989,13.822773,100.51223,19.8,3.88,-0.0,5.1,73.3,73.3,0.26,1.01,-0.05,16.09,95,0,0,1
2026-08-13T23:19:50,1786637990,13.822774,100.512236,19.8,3.89,0.2,4.7,72.6,72.6,0.14,0.45,0.14,16.09,95,0,0,1
2026-08-13T23:19:51,1786637991,13.822774,100.512236,19.8,3.89,0.1,7.5,72.5,72.5,0.14,0.45,0.14,16.09,95,0,0,1
2026-08-13T23:19:52,1786637992,13.822775,100.512239,19.0,3.89,0.1,7.5,72.5,72.5,0.14,0.45,0.14,16.09,95,AUTO.LAND,1,1
2026-08-13T23:19:53,1786637993,13.822775,100.512239,19.0,3.89,0.1,1.7,73.1,73.1,0.14,0.45,0.14,16.09,95,0,0,1
2026-08-13T23:19:54,1786637994,13.822774,100.512239,18.7,3.89,0.1,1.7,73.1,73.1,0.14,0.45,0.14,16.09,95,0,0,1
2026-08-13T23:19:55,1786637995,13.822774,100.512239,18.7,3.89,-0.1,2.5,73.2,73.2,0.14,0.45,0.14,16.09,95,0,0,1
2026-08-13T23:19:56,1786637996,13.822774,100.512238,18.6,2.73,0.3,1.9,73.0,73.0,0.05,-0.09,0.38,16.09,94,0,0,1
2026-08-13T23:19:57,1786637997,13.822774,100.512238,18.6,2.73,0.5,1.9,72.9,72.9,0.05,-0.09,0.38,16.09,94,0,0,1
2026-08-13T23:19:58,1786637998,13.822775,100.512238,18.2,2.33,0.4,1.8,72.9,72.9,0.03,-0.03,0.39,16.09,94,0,0,1
2026-08-13T23:19:59,1786637999,13.822775,100.512238,18.2,2.33,0.5,1.9,73.0,73.0,0.03,-0.03,0.39,16.09,94,0,0,1
2026-08-13T23:20:00,1786638000,13.822775,100.512238,17.8,1.92,0.7,2.0,73.1,73.1,0.01,0.0,0.38,16.09,94,0,0,1
2026-08-13T23:20:01,1786638001,13.822774,100.512238,17.1,1.92,0.3,1.9,73.1,73.1,0.01,0.0,0.38,16.09,94,AUTO.LAND,1,1
2026-08-13T23:20:02,1786638002,13.822775,100.512238,17.5,1.58,-0.1,1.7,73.0,73.0,0.0,0.0,0.28,16.09,94,0,0,1
2026-08-13T23:20:03,1786638003,13.822775,100.512237,17.2,1.28,-0.1,1.7,73.0,73.0,0.03,0.0,0.28,16.09,94,0,0,1
2026-08-13T23:20:04,1786638004,13.822775,100.512237,17.2,1.28,0.1,2.0,73.0,73.0,0.03,0.0,0.28,16.09,94,0,0,1
2026-08-13T23:20:05,1786638005,13.822775,100.512238,16.9,0.98,0.2,2.1,73.0,73.0,0.02,0.0,0.27,16.09,94,0,0,1
2026-08-13T23:20:06,1786638006,13.822775,100.512238,16.9,0.98,0.8,1.9,73.0,73.0,0.02,0.0,0.27,16.09,94,0,0,1
2026-08-13T23:20:07,1786638007,13.822775,100.512238,16.8,0.93,0.6,1.7,73.0,73.0,-0.02,-0.02,-0.8,16.09,94,0,0,1
2026-08-13T23:20:08,1786638008,13.822775,100.512238,16.8,0.93,0.2,1.7,73.0,73.0,-0.02,-0.02,-0.8,16.09,94,0,0,1
2026-08-13T23:20:09,1786638009,13.822775,100.512238,17.7,1.82,0.1,1.7,73.0,73.0,0.0,-0.01,-0.71,16.09,94,0,0,1
2026-08-13T23:20:10,1786638010,13.822775,100.512238,17.7,1.82,0.1,1.7,73.0,73.0,0.0,-0.01,-0.71,16.09,94,0,0,1
2026-08-13T23:20:11,1786638011,13.822775,100.512238,18.2,2.31,1.6,3.0,73.1,73.1,0.0,-0.01,0.06,16.09,94,0,0,1
2026-08-13T23:20:12,1786638012,13.822775,100.512238,18.2,2.31,9.2,11.7,75.6,75.6,0.0,-0.01,0.06,16.09,94,0,0,1
2026-08-13T23:20:13,1786638013,13.822769,100.512233,18.2,2.35,11.9,9.0,82.4,82.4,-1.5,-1.01,-0.04,16.08,94,0,0,1
2026-08-13T23:20:14,1786638014,13.822769,100.512233,18.2,2.35,7.5,5.3,96.4,96.4,-1.5,-1.01,-0.04,16.08,94,0,0,1
2026-08-13T23:20:15,1786638015,13.822748,100.51222,18.3,2.47,-0.4,0.2,114.0,114.0,-2.57,-1.65,-0.19,16.08,94,0,0,1
2026-08-13T23:20:16,1786638016,13.822748,100.51222,18.3,2.47,3.9,0.8,130.1,130.1,-2.57,-1.65,-0.19,16.08,94,0,0,1
2026-08-13T23:20:17,1786638017,13.822726,100.512205,18.5,2.66,5.2,-0.4,142.4,142.4,-2.48,-1.61,-0.26,16.08,94,0,0,1
2026-08-13T23:20:18,1786638018,13.822726,100.512205,18.5,2.66,2.6,-0.9,152.5,152.5,-2.48,-1.61,-0.26,16.08,94,0,0,1
2026-08-13T23:20:19,1786638019,13.822708,100.512193,18.3,2.66,2.1,-0.5,162.9,162.9,-2.48,-1.61,-0.26,16.08,94,AUTO.LOITER,1,1
2026-08-13T23:20:20,1786638020,13.822708,100.512193,18.3,2.66,-1.1,3.7,174.8,174.8,-2.48,-1.61,-0.26,16.08,94,0,0,1
2026-08-13T23:20:21,1786638021,13.822682,100.512175,18.9,3.05,-1.1,3.7,174.8,174.8,-1.9,-1.2,-0.21,16.08,94,0,0,1
2026-08-13T23:20:22,1786638022,13.822682,100.512175,18.9,3.05,-1.7,5.3,-171.9,188.1,-1.9,-1.2,-0.21,16.08,94,0,0,1
2026-08-13T23:20:23,1786638023,13.822673,100.512168,18.6,3.05,-0.4,2.8,-158.5,201.5,-1.9,-1.2,-0.21,16.08,94,0,0,1
2026-08-13T23:20:24,1786638024,13.82267,100.512167,19.0,3.17,0.5,1.8,-147.1,212.9,-1.16,-0.62,-0.18,16.08,94,0,0,1
2026-08-13T23:20:25,1786638025,13.82266,100.51216,19.2,3.29,1.3,-4.9,-141.6,218.4,-1.54,-0.81,-0.15,16.08,94,0,0,1
2026-08-13T23:20:26,1786638026,13.82266,100.51216,19.2,3.29,-5.1,-12.6,-143.2,216.8,-1.54,-0.81,-0.15,16.08,94,0,0,1
2026-08-13T23:20:27,1786638027,13.822643,100.512151,18.8,3.29,-2.3,-9.3,-152.1,207.9,-1.54,-0.81,-0.15,16.08,94,0,0,1
2026-08-13T23:20:28,1786638028,13.822637,100.51215,19.2,3.32,2.4,0.8,-161.6,198.4,-2.96,-1.04,-0.07,16.08,94,0,0,1
2026-08-13T23:20:29,1786638029,13.822614,100.512139,19.3,3.37,1.1,-1.5,-165.0,195.0,-2.73,-1.05,-0.07,16.08,94,0,0,1
2026-08-13T23:20:30,1786638030,13.822614,100.512139,19.3,3.37,1.4,0.6,-156.9,203.1,-2.73,-1.05,-0.07,16.08,94,0,0,1
2026-08-13T23:20:31,1786638031,13.82259,100.512129,19.3,3.4,1.5,6.3,-154.2,205.8,-2.35,-0.97,-0.06,16.08,94,0,0,1
2026-08-13T23:20:32,1786638032,13.82259,100.512129,19.3,3.4,1.5,6.3,-154.2,205.8,-2.35,-0.97,-0.06,16.08,94,0,0,1
2026-08-13T23:20:33,1786638033,13.822575,100.512122,19.3,3.42,1.5,6.3,-154.2,205.8,-1.35,-0.5,-0.04,16.08,94,0,0,1
2026-08-13T23:20:34,1786638034,13.822575,100.512122,19.3,3.42,-1.3,3.8,-160.4,199.6,-1.35,-0.5,-0.04,16.08,94,0,0,1
2026-08-13T23:20:35,1786638035,13.822566,100.51212,19.3,3.46,-10.4,5.6,-162.7,197.3,-0.72,0.33,-0.06,16.08,94,0,0,1
2026-08-13T23:20:36,1786638036,13.822566,100.51212,19.3,3.46,-10.8,-4.7,-168.6,191.4,-0.72,0.33,-0.06,16.08,94,0,0,1
2026-08-13T23:20:37,1786638037,13.822558,100.512133,19.4,3.5,-5.7,-10.7,177.0,177.0,-1.56,2.23,-0.01,16.07,94,0,0,1
2026-08-13T23:20:38,1786638038,13.822558,100.512133,19.4,3.5,2.8,2.7,158.8,158.8,-1.56,2.23,-0.01,16.07,94,0,0,1
2026-08-13T23:20:39,1786638039,13.822539,100.512154,19.3,3.45,-1.2,-0.2,142.6,142.6,-1.77,2.21,-0.02,16.07,94,0,0,1
2026-08-13T23:20:40,1786638040,13.822539,100.512154,19.3,3.45,1.2,3.7,130.4,130.4,-1.77,2.21,-0.02,16.07,94,0,0,1
2026-08-13T23:20:41,1786638041,13.822525,100.512173,19.3,3.45,0.5,5.5,123.4,123.4,-1.32,1.79,-0.04,16.07,94,0,0,1
2026-08-13T23:20:42,1786638042,13.822525,100.512173,19.3,3.45,-0.3,4.7,122.1,122.1,-1.32,1.79,-0.04,16.07,94,0,0,1
2026-08-13T23:20:43,1786638043,13.822516,100.512185,19.3,3.44,0.4,4.3,124.9,124.9,-0.72,1.08,-0.05,16.07,93,0,0,1
2026-08-13T23:20:44,1786638044,13.822516,100.512185,19.3,3.44,-6.2,2.0,127.6,127.6,-0.72,1.08,-0.05,16.07,93,0,0,1
2026-08-13T23:20:45,1786638045,13.822511,100.512196,19.3,3.47,-5.2,-11.0,124.7,124.7,-0.01,1.48,-0.11,16.07,93,0,0,1
2026-08-13T23:20:46,1786638046,13.822511,100.512196,19.3,3.47,1.5,-9.9,111.7,111.7,-0.01,1.48,-0.11,16.07,93,0,0,1
2026-08-13T23:20:47,1786638047,13.822507,100.51222,19.3,3.47,2.8,2.7,98.8,98.8,-0.7,2.99,-0.01,16.07,93,0,0,1
2026-08-13T23:20:48,1786638048,13.822502,100.512239,18.9,3.47,-2.0,6.0,93.3,93.3,-0.7,2.99,-0.01,16.07,93,AUTO.LOITER,1,1
2026-08-13T23:20:49,1786638049,13.822501,100.512244,19.3,3.46,-0.1,4.3,96.9,96.9,-0.43,2.05,-0.02,16.07,93,AUTO.LOITER,1,1
2026-08-13T23:20:50,1786638050,13.822499,100.512256,18.9,3.46,-0.1,4.3,96.9,96.9,-0.43,2.05,-0.02,16.07,93,0,0,1
2026-08-13T23:20:51,1786638051,13.822498,100.512259,19.3,3.43,1.1,4.7,107.7,107.7,-0.3,1.34,-0.05,16.07,93,0,0,1
2026-08-13T23:20:52,1786638052,13.822496,100.512269,18.9,3.0,0.4,5.2,107.1,107.1,-0.05,0.61,1.02,16.07,93,0,0,1
2026-08-13T23:20:53,1786638053,13.822496,100.512269,18.9,3.0,1.7,5.0,101.4,101.4,-0.05,0.61,1.02,16.07,93,0,0,1
2026-08-13T23:20:54,1786638054,13.822496,100.512271,17.9,2.04,0.1,-0.4,100.9,100.9,-0.02,-0.1,0.4,16.07,93,0,0,1
2026-08-13T23:20:55,1786638055,13.822496,100.512271,17.9,2.04,0.2,0.8,102.1,102.1,-0.02,-0.1,0.4,16.07,93,0,0,1
2026-08-13T23:20:56,1786638056,13.822495,100.512272,17.2,2.04,0.2,0.8,102.1,102.1,-0.02,-0.1,0.4,16.07,93,AUTO.LAND,1,1
2026-08-13T23:20:57,1786638057,13.822495,100.512272,17.2,2.04,0.2,0.8,102.1,102.1,-0.02,-0.1,0.4,16.07,93,AUTO.LAND,1,1
2026-08-13T23:20:58,1786638058,13.822495,100.512272,17.2,2.04,0.2,0.8,102.1,102.1,-0.02,-0.1,0.4,16.07,93,0,0,1
2026-08-13T23:20:59,1786638059,13.822495,100.512272,17.2,2.04,0.2,0.8,102.1,102.1,-0.02,-0.1,0.4,16.07,93,0,0,1
2026-08-13T23:21:00,1786638060,13.822495,100.512271,16.9,1.06,0.2,0.8,102.1,102.1,0.0,-0.04,0.25,16.07,93,0,0,1
2026-08-13T23:21:01,1786638061,13.822496,100.512271,16.3,1.06,0.8,0.6,102.5,102.5,0.0,-0.04,0.25,16.07,93,AUTO.LAND,1,1
2026-08-13T23:21:02,1786638062,13.822495,100.512271,16.7,0.78,0.8,0.4,102.8,102.8,0.0,-0.01,0.26,16.07,93,0,0,1
2026-08-13T23:21:03,1786638063,13.822496,100.512271,16.1,0.78,0.7,0.5,103.0,103.0,0.0,-0.01,0.26,16.07,93,0,0,1
2026-08-13T23:21:04,1786638064,13.822495,100.512271,16.4,0.49,0.8,0.6,103.0,103.0,0.0,0.02,0.27,16.07,93,0,0,1
2026-08-13T23:21:05,1786638065,13.822496,100.512271,16.1,0.21,1.0,0.4,102.9,102.9,0.0,0.03,0.29,16.06,93,0,0,1
2026-08-13T23:21:06,1786638066,13.822496,100.512271,16.1,0.21,1.0,0.4,102.8,102.8,0.0,0.03,0.29,16.06,93,0,0,1
2026-08-13T23:21:07,1786638067,13.822495,100.512271,15.8,-0.07,1.0,0.4,102.8,102.8,-0.02,0.05,0.3,16.06,93,0,0,1
2026-08-13T23:21:08,1786638068,13.822495,100.512271,15.8,-0.07,0.6,-0.3,103.2,103.2,-0.02,0.05,0.3,16.06,93,0,0,1
2026-08-13T23:21:09,1786638069,13.822496,100.512271,15.4,-0.07,0.6,-0.3,103.2,103.2,-0.02,0.05,0.3,16.06,93,0,0,1
2026-08-13T23:21:10,1786638070,13.822496,100.512271,15.4,-0.07,0.8,-0.1,103.1,103.1,-0.02,0.05,0.3,16.06,93,0,0,1
2026-08-13T23:21:11,1786638071,13.822496,100.512272,16.1,0.18,0.8,0.0,103.1,103.1,0.02,0.09,-0.23,16.06,93,0,0,1
2026-08-13T23:21:12,1786638072,13.822496,100.512272,16.1,0.18,0.8,0.0,103.1,103.1,0.02,0.09,-0.23,16.06,93,0,0,1
2026-08-13T23:21:13,1786638073,13.822496,100.512271,16.0,0.08,0.9,0.1,103.1,103.1,-0.02,0.0,-0.08,16.2,95,0,0,0
2026-08-13T23:21:14,1786638074,13.822496,100.512271,16.0,0.08,0.9,0.1,103.1,103.1,-0.02,0.0,-0.08,16.2,95,0,0,0
2026-08-13T23:21:15,1786638075,13.822496,100.512271,15.7,-0.14,0.9,0.1,103.1,103.1,0.0,-0.05,0.17,16.2,98,0,0,0
2026-08-13T23:21:16,1786638076,13.822496,100.512271,15.7,-0.14,0.9,0.1,103.1,103.1,0.0,-0.05,0.17,16.2,98,0,0,0
2026-08-13T23:21:17,1786638077,13.822496,100.512271,15.7,-0.19,0.9,0.1,103.1,103.1,0.0,-0.03,0.12,16.2,100,0,0,0
2026-08-13T23:21:18,1786638078,13.822496,100.512271,15.7,-0.19,0.9,0.1,103.1,103.1,0.0,-0.03,0.12,16.2,100,0,0,0
2026-08-13T23:21:19,1786638079,13.822496,100.512271,15.4,-0.19,0.9,0.1,103.1,103.1,0.0,-0.03,0.12,16.2,100,AUTO.LOITER,0,0
2026-08-13T23:21:20,1786638080,13.822495,100.512271,15.7,-0.16,0.9,0.1,103.1,103.1,-0.01,-0.02,0.05,16.2,100,AUTO.LOITER,0,0
2026-08-13T23:21:21,1786638081,13.822496,100.512271,15.4,-0.16,1.0,0.1,103.1,103.1,-0.01,-0.02,0.05,16.2,100,AUTO.LOITER,0,0
2026-08-13T23:21:22,1786638082,13.822495,100.512271,15.8,-0.13,1.0,0.1,103.1,103.1,-0.01,-0.02,0.01,16.2,100,AUTO.LOITER,0,0
2026-08-13T23:21:23,1786638083,13.822495,100.512271,15.8,-0.11,1.0,0.1,103.1,103.1,0.0,-0.02,0.0,16.2,100,AUTO.LOITER,0,0
2026-08-13T23:21:24,1786638084,13.822495,100.512271,15.8,-0.11,1.0,0.1,103.0,103.0,0.0,-0.02,0.0,16.2,100,AUTO.LOITER,0,0
2026-08-13T23:21:25,1786638085,13.822496,100.512271,15.8,-0.1,1.0,0.1,103.0,103.0,0.0,-0.01,0.0,16.2,100,AUTO.LOITER,0,0
2026-08-13T23:21:26,1786638086,13.822496,100.512271,15.8,-0.1,1.0,0.0,103.0,103.0,0.0,-0.01,0.0,16.2,100,AUTO.LOITER,0,0
2026-08-13T23:21:27,1786638087,13.822496,100.512271,15.8,-0.1,1.0,0.0,103.0,103.0,0.0,-0.01,0.0,16.2,100,AUTO.LOITER,0,0
2026-08-13T23:21:28,1786638088,13.822496,100.512271,15.8,-0.1,1.0,-0.0,103.0,103.0,0.0,-0.01,0.0,16.2,100,AUTO.LOITER,0,0
2026-08-13T23:21:29,1786638089,13.822495,100.512271,15.8,-0.1,1.0,-0.0,103.0,103.0,0.0,-0.01,-0.01,16.2,100,AUTO.LOITER,0,0
2026-08-13T23:21:30,1786638090,13.822495,100.512271,15.8,-0.1,1.1,-0.0,103.0,103.0,0.0,-0.01,-0.01,16.2,100,AUTO.LOITER,0,0
2026-08-13T23:21:31,1786638091,13.822495,100.512271,15.8,-0.09,1.1,-0.1,103.0,103.0,-0.01,-0.01,-0.02,16.2,100,AUTO.LOITER,0,0
2026-08-13T23:21:32,1786638092,13.822495,100.512271,15.8,-0.08,1.1,-0.1,103.0,103.0,-0.01,0.0,-0.02,16.2,100,AUTO.LOITER,0,0
2026-08-13T23:21:33,1786638093,13.822495,100.512271,15.8,-0.09,1.1,-0.1,103.0,103.0,-0.02,0.0,0.0,16.2,100,AUTO.LOITER,0,0
2026-08-13T23:21:34,1786638094,13.822495,100.512271,15.8,-0.09,1.1,-0.1,103.0,103.0,-0.02,0.0,0.0,16.2,100,AUTO.LOITER,0,0
2026-08-13T23:21:35,1786638095,13.822495,100.512271,15.8,-0.11,1.0,-0.1,103.0,103.0,-0.04,0.01,0.01,16.2,100,AUTO.LOITER,0,0
2026-08-13T23:21:36,1786638096,13.822495,100.512271,15.8,-0.12,1.0,-0.1,103.0,103.0,-0.04,0.01,0.02,16.2,100,AUTO.LOITER,0,0
2026-08-13T23:21:37,1786638097,13.822495,100.512271,15.8,-0.12,1.0,-0.1,103.0,103.0,-0.03,0.02,0.02,16.2,100,AUTO.LOITER,0,0
2026-08-13T23:21:38,1786638098,13.822495,100.512271,15.8,-0.12,1.0,-0.1,102.9,102.9,-0.03,0.02,0.02,16.2,100,AUTO.LOITER,0,0
2026-08-13T23:21:39,1786638099,13.822495,100.512271,15.8,-0.12,1.0,-0.1,102.9,102.9,-0.03,0.02,0.02,16.2,100,AUTO.LOITER,0,0
2026-08-13T23:21:40,1786638100,13.822495,100.512271,15.8,-0.12,1.0,-0.1,102.9,102.9,-0.01,0.0,0.01,16.2,100,AUTO.LOITER,0,0
2026-08-13T23:21:41,1786638101,13.822496,100.512271,15.8,-0.12,0.9,-0.1,102.9,102.9,0.0,-0.01,0.01,16.2,100,AUTO.LOITER,0,0
2026-08-13T23:21:42,1786638102,13.822496,100.512271,15.8,-0.11,0.9,-0.1,102.9,102.9,0.0,-0.02,0.01,16.2,100,AUTO.LOITER,0,0
2026-08-13T23:21:43,1786638103,13.822496,100.512271,15.8,-0.11,0.9,-0.1,102.9,102.9,0.0,-0.02,0.01,16.2,100,AUTO.LOITER,0,0
2026-08-13T23:21:44,1786638104,13.822496,100.512271,15.8,-0.12,0.9,-0.1,102.9,102.9,0.0,-0.01,0.02,16.2,100,AUTO.LOITER,0,0
2026-08-13T23:21:45,1786638105,13.822496,100.512271,15.8,-0.12,0.9,-0.2,102.9,102.9,0.0,0.0,0.02,16.2,100,AUTO.LOITER,0,0
2026-08-13T23:21:46,1786638106,13.822496,100.512271,15.4,-0.12,0.9,-0.2,102.9,102.9,0.0,0.0,0.02,16.2,100,AUTO.LOITER,0,0
2026-08-13T23:21:47,1786638107,13.822495,100.512271,15.4,-0.12,0.8,-0.2,102.9,102.9,0.0,0.0,0.02,16.2,100,AUTO.LOITER,0,0
2026-08-13T23:21:48,1786638108,13.822496,100.512271,15.8,-0.12,0.8,-0.2,102.9,102.9,-0.01,0.03,0.01,16.2,100,AUTO.LOITER,0,0
2026-08-13T23:21:49,1786638109,13.822496,100.512271,15.8,-0.12,0.8,-0.2,102.9,102.9,-0.01,0.03,0.01,16.2,100,AUTO.LOITER,0,0
2026-08-13T23:21:50,1786638110,13.822496,100.512271,15.8,-0.12,0.8,-0.2,102.9,102.9,-0.01,0.02,0.0,16.2,100,AUTO.LOITER,0,0
2026-08-13T23:21:51,1786638111,13.822495,100.512271,15.8,-0.11,0.8,-0.1,102.9,102.9,-0.03,0.0,0.0,16.2,100,AUTO.LOITER,0,0
2026-08-13T23:21:52,1786638112,13.822495,100.512271,15.8,-0.12,0.8,-0.1,102.9,102.9,-0.04,0.0,0.02,16.2,100,AUTO.LOITER,0,0
2026-08-13T23:21:53,1786638113,13.822495,100.512271,15.7,-0.13,0.8,-0.1,102.9,102.9,-0.03,0.0,0.03,16.2,100,AUTO.LOITER,0,0
2026-08-13T23:21:54,1786638114,13.822496,100.512271,15.4,-0.13,0.7,-0.1,103.0,103.0,-0.03,0.0,0.03,16.2,100,AUTO.LOITER,0,0
2026-08-13T23:21:55,1786638115,13.822495,100.512271,15.7,-0.14,0.7,-0.1,103.0,103.0,-0.02,0.0,0.03,16.2,100,AUTO.LOITER,0,0
2026-08-13T23:21:56,1786638116,13.822495,100.512271,15.7,-0.13,0.7,-0.1,103.0,103.0,0.0,-0.02,0.02,16.2,100,AUTO.LOITER,0,0
2026-08-13T23:21:57,1786638117,13.822495,100.512271,15.8,-0.13,0.7,-0.1,103.0,103.0,0.01,-0.02,0.01,16.2,100,AUTO.LOITER,0,0
2026-08-13T23:21:58,1786638118,13.822496,100.512271,15.8,-0.12,0.7,-0.1,103.0,103.0,0.02,0.0,0.01,16.2,100,AUTO.LOITER,0,0
2026-08-13T23:21:59,1786638119,13.822496,100.512271,15.8,-0.12,0.7,-0.2,103.0,103.0,0.02,0.0,0.02,16.2,100,AUTO.LOITER,0,0
2026-08-13T23:22:00,1786638120,13.822496,100.512271,15.8,-0.12,0.7,-0.2,103.0,103.0,0.01,0.0,0.02,16.2,100,AUTO.LOITER,0,0
2026-08-13T23:22:01,1786638121,13.822496,100.512271,15.8,-0.13,0.7,-0.2,103.0,103.0,0.0,0.0,0.01,16.2,100,AUTO.LOITER,0,0
2026-08-13T23:22:02,1786638122,13.822496,100.512271,15.3,-0.13,0.7,-0.2,102.9,102.9,0.0,0.0,0.01,16.2,100,AUTO.LOITER,0,0
2026-08-13T23:22:03,1786638123,13.822496,100.512271,15.8,-0.13,0.7,-0.1,103.0,103.0,0.01,0.0,0.01,16.2,100,AUTO.LOITER,0,0
2026-08-13T23:22:04,1786638124,13.822496,100.512271,15.8,-0.12,0.8,-0.2,103.0,103.0,0.0,0.01,0.01,16.2,100,AUTO.LOITER,0,0
2026-08-13T23:22:05,1786638125,13.822495,100.512271,15.8,-0.11,0.8,-0.2,103.0,103.0,0.0,0.02,0.0,16.2,100,AUTO.LOITER,0,0
2026-08-13T23:22:06,1786638126,13.822496,100.512271,15.4,-0.11,0.8,-0.2,103.0,103.0,0.0,0.02,0.0,16.2,100,AUTO.LOITER,0,0
2026-08-13T23:22:07,1786638127,13.822496,100.512271,15.8,-0.12,0.8,-0.1,103.0,103.0,0.0,0.02,0.01,16.2,100,AUTO.LOITER,0,0
2026-08-13T23:22:08,1786638128,13.822495,100.512271,15.7,-0.13,0.8,-0.1,103.0,103.0,0.0,0.01,0.03,16.2,100,AUTO.LOITER,0,0
2026-08-13T23:22:09,1786638129,13.822495,100.512271,15.7,-0.14,0.8,-0.1,103.0,103.0,0.0,0.01,0.03,16.2,100,AUTO.LOITER,0,0
2026-08-13T23:22:10,1786638130,13.822495,100.512271,15.7,-0.14,0.8,-0.1,103.0,103.0,0.0,0.0,0.03,16.2,100,AUTO.LOITER,0,0
2026-08-13T23:22:11,1786638131,13.822495,100.512271,15.4,-0.14,0.8,-0.1,103.0,103.0,0.0,0.0,0.03,16.2,100,AUTO.LOITER,0,0
2026-08-13T23:22:12,1786638132,13.822496,100.512271,15.7,-0.14,0.8,-0.1,103.0,103.0,0.0,0.0,0.03,16.2,100,AUTO.LOITER,0,0
2026-08-13T23:22:13,1786638133,13.822496,100.512271,15.7,-0.13,0.8,-0.1,103.0,103.0,0.0,0.0,0.02,16.2,100,AUTO.LOITER,0,0
2026-08-13T23:22:14,1786638134,13.822496,100.512271,15.7,-0.13,0.8,-0.1,103.0,103.0,0.0,0.0,0.02,16.2,100,AUTO.LOITER,0,0
2026-08-13T23:22:15,1786638135,13.822495,100.512271,15.8,-0.12,0.8,-0.1,103.0,103.0,0.0,0.01,0.01,16.2,100,AUTO.LOITER,0,0
2026-08-13T23:22:16,1786638136,13.822495,100.512271,15.8,-0.12,0.8,-0.1,103.0,103.0,0.0,0.01,0.0,16.2,100,AUTO.LOITER,0,0
2026-08-13T23:22:17,1786638137,13.822495,100.512271,15.8,-0.11,0.8,-0.1,103.0,103.0,0.0,0.03,0.0,16.2,100,AUTO.LOITER,0,0
2026-08-13T23:22:18,1786638138,13.822496,100.512271,15.8,-0.11,0.8,-0.1,103.0,103.0,0.01,0.02,0.0,16.2,100,AUTO.LOITER,0,0
2026-08-13T23:22:19,1786638139,13.822496,100.512271,15.8,-0.12,0.9,-0.1,103.0,103.0,0.02,0.01,0.0,16.2,100,AUTO.LOITER,0,0
2026-08-13T23:22:20,1786638140,13.822496,100.512271,15.4,-0.12,0.9,-0.1,103.0,103.0,0.02,0.01,0.0,16.2,100,AUTO.LOITER,0,0
2026-08-13T23:22:21,1786638141,13.822496,100.512271,15.8,-0.12,0.9,-0.1,103.0,103.0,0.0,0.01,0.01,16.2,100,AUTO.LOITER,0,0
2026-08-13T23:22:22,1786638142,13.822495,100.512271,15.8,-0.13,1.0,-0.0,103.0,103.0,0.0,0.01,0.02,16.2,100,AUTO.LOITER,0,0
2026-08-13T23:22:23,1786638143,13.822495,100.512271,15.7,-0.13,1.0,-0.0,103.0,103.0,-0.01,0.0,0.02,16.2,100,AUTO.LOITER,0,0
2026-08-13T23:22:24,1786638144,13.822495,100.512271,15.7,-0.13,1.0,-0.0,103.0,103.0,-0.01,0.0,0.01,16.2,100,AUTO.LOITER,0,0
2026-08-13T23:22:25,1786638145,13.822495,100.512271,15.7,-0.13,1.0,-0.0,103.0,103.0,-0.01,0.0,0.01,16.2,100,AUTO.LOITER,0,0
2026-08-13T23:22:26,1786638146,13.822495,100.512271,15.7,-0.13,1.0,-0.0,103.0,103.0,-0.01,0.0,0.01,16.2,100,AUTO.LOITER,0,0
2026-08-13T23:22:27,1786638147,13.822496,100.512271,15.4,-0.13,1.0,0.0,103.0,103.0,-0.01,0.0,0.01,16.2,100,AUTO.LOITER,0,0
2026-08-13T23:22:28,1786638148,13.822495,100.512271,15.8,-0.1,1.0,0.0,103.0,103.0,0.0,0.0,-0.01,16.2,100,AUTO.LOITER,0,0
2026-08-13T23:22:29,1786638149,13.822496,100.512271,15.4,-0.1,1.0,0.0,103.1,103.1,0.0,0.0,-0.01,16.2,100,AUTO.LOITER,0,0
2026-08-13T23:22:30,1786638150,13.822495,100.512271,15.8,-0.1,1.0,0.1,103.1,103.1,-0.01,0.0,0.0,16.2,100,AUTO.LOITER,0,0
2026-08-13T23:22:31,1786638151,13.822495,100.512271,15.8,-0.11,1.0,0.1,103.1,103.1,-0.01,0.0,0.0,16.2,100,AUTO.LOITER,0,0
2026-08-13T23:22:32,1786638152,13.822495,100.51227,15.8,-0.11,1.0,0.1,103.1,103.1,-0.02,-0.01,0.0,16.2,100,AUTO.LOITER,0,0
2026-08-13T23:22:33,1786638153,13.822495,100.51227,15.8,-0.12,1.0,0.1,103.1,103.1,-0.02,-0.01,0.0,16.2,100,AUTO.LOITER,0,0
2026-08-13T23:22:34,1786638154,13.822496,100.512271,15.8,-0.12,1.0,0.1,103.1,103.1,-0.01,-0.01,0.0,16.2,100,AUTO.LOITER,0,0
2026-08-13T23:22:35,1786638155,13.822496,100.512271,15.8,-0.12,1.0,0.1,103.1,103.1,0.0,0.0,0.01,16.2,100,AUTO.LOITER,0,0
2026-08-13T23:22:36,1786638156,13.822495,100.512271,15.8,-0.13,1.0,0.1,103.1,103.1,-0.01,0.0,0.01,16.2,100,AUTO.LOITER,0,0
2026-08-13T23:22:37,1786638157,13.822495,100.512271,15.7,-0.13,0.9,0.1,103.1,103.1,-0.02,-0.01,0.02,16.2,100,AUTO.LOITER,0,0
2026-08-13T23:22:38,1786638158,13.822495,100.512271,15.4,-0.13,0.9,0.1,103.1,103.1,-0.02,-0.01,0.02,16.2,100,AUTO.LOITER,0,0
2026-08-13T23:22:39,1786638159,13.822495,100.512271,15.7,-0.13,0.9,0.1,103.1,103.1,-0.01,-0.01,0.02,16.2,100,AUTO.LOITER,0,0
2026-08-13T23:22:40,1786638160,13.822495,100.512271,15.7,-0.14,0.9,0.1,103.1,103.1,0.0,-0.01,0.02,16.2,100,AUTO.LOITER,0,0
2026-08-13T23:22:41,1786638161,13.822495,100.512271,15.7,-0.14,0.9,0.1,103.1,103.1,0.0,-0.01,0.02,16.2,100,AUTO.LOITER,0,0
2026-08-13T23:22:42,1786638162,13.822495,100.512271,15.7,-0.13,0.9,0.1,103.1,103.1,-0.02,-0.02,0.01,16.2,100,AUTO.LOITER,0,0
2026-08-13T23:22:43,1786638163,13.822495,100.512271,15.8,-0.12,0.9,0.2,103.0,103.0,-0.01,-0.02,0.0,16.2,100,AUTO.LOITER,0,0
2026-08-13T23:22:44,1786638164,13.822495,100.512271,15.4,-0.12,0.9,0.2,103.0,103.0,-0.01,-0.02,0.0,16.2,100,AUTO.LOITER,0,0
2026-08-13T23:22:45,1786638165,13.822495,100.512271,15.8,-0.11,0.8,0.1,103.0,103.0,0.0,0.0,-0.01,16.2,100,AUTO.LOITER,0,0
2026-08-13T23:22:46,1786638166,13.822495,100.512271,15.8,-0.11,0.9,0.1,103.0,103.0,0.0,0.0,-0.01,16.2,100,AUTO.LOITER,0,0
2026-08-13T23:22:47,1786638167,13.822496,100.512271,15.4,-0.1,0.8,0.2,103.0,103.0,-0.01,0.0,-0.01,16.2,100,AUTO.LOITER,0,0
2026-08-13T23:22:48,1786638168,13.822495,100.512271,15.8,-0.1,0.8,0.2,103.0,103.0,0.0,0.0,-0.02,16.2,100,AUTO.LOITER,0,0
2026-08-13T23:22:49,1786638169,13.822495,100.512271,15.8,-0.1,0.8,0.2,103.0,103.0,0.0,0.0,-0.02,16.2,100,AUTO.LOITER,0,0
2026-08-13T23:22:50,1786638170,13.822495,100.512271,15.8,-0.09,0.8,0.2,103.0,103.0,0.0,0.0,-0.03,16.2,100,AUTO.LOITER,0,0
2026-08-13T23:22:51,1786638171,13.822496,100.512271,15.8,-0.09,0.8,0.2,103.0,103.0,0.02,0.0,-0.03,16.2,100,AUTO.LOITER,0,0
2026-08-13T23:22:52,1786638172,13.822496,100.512271,15.8,-0.09,0.8,0.2,103.0,103.0,0.02,-0.01,-0.02,16.2,100,AUTO.LOITER,0,0
2026-08-13T23:22:53,1786638173,13.822496,100.512271,15.8,-0.09,0.9,0.2,103.0,103.0,0.02,-0.02,-0.02,16.2,100,AUTO.LOITER,0,0
2026-08-13T23:22:54,1786638174,13.822496,100.512271,15.8,-0.1,0.9,0.2,102.9,102.9,0.01,-0.02,-0.01,16.2,100,AUTO.LOITER,0,0
2026-08-13T23:22:55,1786638175,13.822496,100.512271,15.8,-0.1,0.9,0.1,102.9,102.9,0.0,-0.02,-0.01,16.2,100,AUTO.LOITER,0,0
2026-08-13T23:22:56,1786638176,13.822496,100.512271,15.4,-0.1,0.9,0.1,102.9,102.9,0.0,-0.02,-0.01,16.2,100,AUTO.LOITER,0,0
2026-08-13T23:22:57,1786638177,13.822495,100.512271,15.8,-0.1,0.9,0.1,102.9,102.9,0.0,-0.02,-0.02,16.2,100,AUTO.LOITER,0,0
2026-08-13T23:22:58,1786638178,13.822495,100.512271,15.8,-0.1,0.9,0.1,102.9,102.9,-0.01,-0.02,-0.01,16.2,100,AUTO.LOITER,0,0
2026-08-13T23:22:59,1786638179,13.822495,100.512271,15.8,-0.1,0.9,0.1,102.9,102.9,-0.02,-0.03,0.0,16.2,100,AUTO.LOITER,0,0
2026-08-13T23:23:00,1786638180,13.822495,100.512271,15.8,-0.11,0.9,0.1,102.9,102.9,-0.01,-0.02,0.0,16.2,100,AUTO.LOITER,0,0
2026-08-13T23:23:01,1786638181,13.822496,100.512271,15.8,-0.12,0.8,0.1,102.9,102.9,0.0,-0.01,0.0,16.2,100,AUTO.LOITER,0,0
2026-08-13T23:23:02,1786638182,13.822496,100.512271,15.8,-0.12,0.8,0.1,102.9,102.9,0.0,-0.01,0.0,16.2,100,AUTO.LOITER,0,0
2026-08-13T23:23:03,1786638183,13.822496,100.51227,15.8,-0.11,0.8,0.1,102.9,102.9,0.0,0.0,0.0,16.2,100,AUTO.LOITER,0,0
2026-08-13T23:23:04,1786638184,13.822496,100.51227,15.8,-0.11,0.8,0.1,102.9,102.9,0.0,-0.01,0.0,16.2,100,AUTO.LOITER,0,0
2026-08-13T23:23:05,1786638185,13.822496,100.51227,15.8,-0.11,0.8,0.1,102.9,102.9,0.0,-0.01,0.0,16.2,100,AUTO.LOITER,0,0
2026-08-13T23:23:06,1786638186,13.822496,100.512271,15.8,-0.1,0.8,0.1,102.9,102.9,0.0,0.0,-0.02,16.2,100,AUTO.LOITER,0,0
2026-08-13T23:23:07,1786638187,13.822496,100.512271,15.8,-0.09,0.8,0.1,102.9,102.9,0.0,0.0,-0.03,16.2,100,AUTO.LOITER,0,0
2026-08-13T23:23:08,1786638188,13.822496,100.512271,15.8,-0.09,0.8,0.1,102.9,102.9,0.0,-0.01,-0.03,16.2,100,AUTO.LOITER,0,0
2026-08-13T23:23:09,1786638189,13.822496,100.512271,15.8,-0.09,0.8,0.1,102.9,102.9,0.01,-0.01,-0.03,16.2,100,AUTO.LOITER,0,0
2026-08-13T23:23:10,1786638190,13.822496,100.512271,15.8,-0.09,0.8,0.1,102.9,102.9,0.01,-0.02,-0.02,16.2,100,AUTO.LOITER,0,0
2026-08-13T23:23:11,1786638191,13.822495,100.512271,15.8,-0.09,0.8,0.1,102.9,102.9,0.0,-0.02,-0.02,16.2,100,AUTO.LOITER,0,0
2026-08-13T23:23:12,1786638192,13.822495,100.512271,15.8,-0.09,0.8,0.1,102.9,102.9,0.0,-0.01,-0.04,16.2,100,AUTO.LOITER,0,0
2026-08-13T23:23:13,1786638193,13.822496,100.512271,15.4,-0.09,0.8,0.1,102.9,102.9,0.0,-0.01,-0.04,16.2,100,AUTO.LOITER,0,0
2026-08-13T23:23:14,1786638194,13.822495,100.512271,15.8,-0.08,0.8,0.0,102.9,102.9,0.0,-0.01,-0.05,16.2,100,AUTO.LOITER,0,0
2026-08-13T23:23:15,1786638195,13.822495,100.512271,15.8,-0.07,0.8,0.0,102.9,102.9,0.0,-0.01,-0.06,16.2,100,AUTO.LOITER,0,0
2026-08-13T23:23:16,1786638196,13.822496,100.512271,15.8,-0.06,0.8,0.0,102.9,102.9,0.0,0.0,-0.06,16.2,100,AUTO.LOITER,0,0
2026-08-13T23:23:17,1786638197,13.822495,100.512271,15.8,-0.06,0.8,0.0,102.9,102.9,-0.01,-0.01,-0.06,16.2,100,AUTO.LOITER,0,0
2026-08-13T23:23:18,1786638198,13.822495,100.512271,15.8,-0.06,0.8,0.0,102.9,102.9,-0.01,-0.01,-0.06,16.2,100,AUTO.LOITER,0,0
2026-08-13T23:23:19,1786638199,13.822495,100.512271,15.8,-0.06,0.8,0.0,102.9,102.9,-0.01,-0.01,-0.05,16.2,100,AUTO.LOITER,0,0
2026-08-13T23:23:20,1786638200,13.822495,100.512271,15.8,-0.06,0.8,0.0,102.9,102.9,-0.02,-0.02,-0.05,16.2,100,AUTO.LOITER,0,0
2026-08-13T23:23:21,1786638201,13.822495,100.512271,15.8,-0.07,0.7,-0.0,102.8,102.8,-0.02,-0.02,-0.04,16.2,100,AUTO.LOITER,0,0
2026-08-13T23:23:22,1786638202,13.822495,100.512271,15.8,-0.07,0.7,-0.0,102.8,102.8,-0.01,-0.02,-0.03,16.2,100,AUTO.LOITER,0,0
2026-08-13T23:23:23,1786638203,13.822496,100.512271,15.4,-0.07,0.7,-0.1,102.8,102.8,-0.01,-0.02,-0.03,16.2,100,AUTO.LOITER,0,0
2026-08-13T23:23:24,1786638204,13.822495,100.512271,15.8,-0.08,0.7,-0.1,102.8,102.8,-0.01,-0.01,-0.03,16.2,100,AUTO.LOITER,0,0
2026-08-13T23:23:25,1786638205,13.822495,100.512271,15.8,-0.09,0.7,-0.1,102.8,102.8,-0.01,0.0,-0.03,16.2,100,AUTO.LOITER,0,0
2026-08-13T23:23:26,1786638206,13.822495,100.512271,15.8,-0.08,0.6,-0.1,102.8,102.8,0.0,0.0,-0.03,16.2,100,AUTO.LOITER,0,0
2026-08-13T23:23:27,1786638207,13.822496,100.512271,15.8,-0.09,0.6,-0.1,102.8,102.8,0.01,-0.01,-0.02,16.2,100,AUTO.LOITER,0,0
2026-08-13T23:23:28,1786638208,13.822496,100.512271,15.8,-0.09,0.6,-0.1,102.8,102.8,0.02,-0.01,-0.02,16.2,100,AUTO.LOITER,0,0
2026-08-13T23:23:29,1786638209,13.822496,100.512271,15.8,-0.09,0.6,-0.1,102.8,102.8,0.03,-0.02,-0.03,16.2,100,AUTO.LOITER,0,0
2026-08-13T23:23:30,1786638210,13.822496,100.512271,15.8,-0.08,0.7,-0.1,102.8,102.8,0.02,-0.02,-0.03,16.2,100,AUTO.LOITER,0,0
2026-08-13T23:23:31,1786638211,13.822496,100.512271,15.8,-0.08,0.7,-0.1,102.8,102.8,0.02,0.0,-0.03,16.2,100,AUTO.LOITER,0,0
2026-08-13T23:23:32,1786638212,13.822496,100.51227,15.4,-0.08,0.7,-0.1,102.8,102.8,0.02,0.0,-0.03,16.2,100,AUTO.LOITER,0,0
2026-08-13T23:23:33,1786638213,13.822495,100.512271,15.4,-0.09,0.7,-0.1,102.8,102.8,0.02,-0.01,-0.02,16.2,100,AUTO.LOITER,0,0
2026-08-13T23:23:34,1786638214,13.822496,100.512271,15.8,-0.09,0.8,-0.2,102.8,102.8,0.01,0.0,-0.01,16.2,100,AUTO.LOITER,0,0
2026-08-13T23:23:35,1786638215,13.822496,100.512271,15.8,-0.1,0.8,-0.2,102.8,102.8,0.0,0.0,0.0,16.2,100,AUTO.LOITER,0,0
2026-08-13T23:23:36,1786638216,13.822495,100.512271,15.8,-0.11,0.8,-0.2,102.8,102.8,0.0,0.0,0.0,16.2,100,AUTO.LOITER,0,0
2026-08-13T23:23:37,1786638217,13.822496,100.512271,15.8,-0.12,0.8,-0.2,102.8,102.8,0.0,0.01,0.0,16.2,100,AUTO.LOITER,0,0
2026-08-13T23:23:38,1786638218,13.822496,100.512271,15.8,-0.12,0.8,-0.2,102.8,102.8,0.01,0.0,0.01,16.2,100,AUTO.LOITER,0,0
2026-08-13T23:23:39,1786638219,13.822496,100.512271,15.8,-0.12,0.8,-0.2,102.8,102.8,0.01,0.0,0.01,16.2,100,AUTO.LOITER,0,0
2026-08-13T23:23:40,1786638220,13.822496,100.512271,15.8,-0.12,0.8,-0.2,102.8,102.8,0.01,0.0,0.01,16.2,100,AUTO.LOITER,0,0
2026-08-13T23:23:41,1786638221,13.822495,100.512271,15.8,-0.12,0.8,-0.2,102.8,102.8,-0.01,0.0,0.01,16.2,100,AUTO.LOITER,0,0
2026-08-13T23:23:42,1786638222,13.822496,100.512271,15.4,-0.12,0.8,-0.2,102.8,102.8,-0.01,0.0,0.01,16.2,100,AUTO.LOITER,0,0
2026-08-13T23:23:43,1786638223,13.822495,100.512271,15.8,-0.12,0.8,-0.2,102.8,102.8,-0.01,0.0,0.01,16.2,100,AUTO.LOITER,0,0
2026-08-13T23:23:44,1786638224,13.822495,100.512271,15.8,-0.12,0.8,-0.3,102.8,102.8,-0.01,-0.01,0.01,16.2,100,AUTO.LOITER,0,0
2026-08-13T23:23:45,1786638225,13.822495,100.512271,15.8,-0.12,0.8,-0.3,102.8,102.8,-0.01,-0.02,0.01,16.2,100,AUTO.LOITER,0,0
2026-08-13T23:23:46,1786638226,13.822496,100.512271,15.8,-0.12,0.8,-0.3,102.8,102.8,0.0,-0.01,0.01,16.2,100,AUTO.LOITER,0,0
2026-08-13T23:23:47,1786638227,13.822496,100.512271,15.8,-0.11,0.8,-0.3,102.8,102.8,0.0,0.0,0.0,16.2,100,AUTO.LOITER,0,0
2026-08-13T23:23:48,1786638228,13.822496,100.512271,15.8,-0.11,0.8,-0.3,102.8,102.8,0.0,0.0,0.0,16.2,100,AUTO.LOITER,0,0
2026-08-13T23:23:49,1786638229,13.822496,100.512271,15.8,-0.12,0.8,-0.3,102.8,102.8,0.01,0.0,0.0,16.2,100,AUTO.LOITER,0,0
2026-08-13T23:23:50,1786638230,13.822496,100.512271,15.8,-0.12,0.8,-0.4,102.8,102.8,0.01,0.0,0.01,16.2,100,AUTO.LOITER,0,0
2026-08-13T23:23:51,1786638231,13.822496,100.512271,15.4,-0.12,0.9,-0.4,102.8,102.8,0.01,0.0,0.01,16.2,100,AUTO.LOITER,0,0
2026-08-13T23:23:52,1786638232,13.822496,100.512271,15.8,-0.12,0.9,-0.4,102.8,102.8,0.01,-0.01,0.01,16.2,100,AUTO.LOITER,0,0
2026-08-13T23:23:53,1786638233,13.822496,100.512271,15.8,-0.12,0.9,-0.4,102.8,102.8,0.03,-0.01,0.01,16.2,100,AUTO.LOITER,0,0
2026-08-13T23:23:54,1786638234,13.822496,100.512271,15.8,-0.12,0.9,-0.5,102.8,102.8,0.02,0.0,0.01,16.2,100,AUTO.LOITER,0,0
2026-08-13T23:23:55,1786638235,13.822496,100.512271,15.8,-0.12,0.9,-0.5,102.8,102.8,0.02,0.01,0.0,16.2,100,AUTO.LOITER,0,0
2026-08-13T23:23:56,1786638236,13.822496,100.512271,15.8,-0.11,0.9,-0.5,102.8,102.8,0.02,0.0,0.0,16.2,100,AUTO.LOITER,0,0
2026-08-13T23:23:57,1786638237,13.822496,100.512271,15.8,-0.11,1.0,-0.5,102.8,102.8,0.02,0.0,0.0,16.2,100,AUTO.LOITER,0,0
2026-08-13T23:23:58,1786638238,13.822496,100.512271,15.8,-0.11,1.0,-0.5,102.8,102.8,0.02,0.0,0.0,16.2,100,AUTO.LOITER,0,0
2026-08-13T23:23:59,1786638239,13.822495,100.512271,15.4,-0.12,1.0,-0.5,102.8,102.8,0.0,-0.01,0.0,16.2,100,AUTO.LOITER,0,0
2026-08-13T23:24:00,1786638240,13.822495,100.512271,15.8,-0.11,1.0,-0.6,102.8,102.8,-0.01,0.0,0.0,16.2,100,AUTO.LOITER,0,0
2026-08-13T23:24:01,1786638241,13.822495,100.512271,15.8,-0.11,1.0,-0.6,102.8,102.8,-0.02,0.0,0.0,16.2,100,AUTO.LOITER,0,0
2026-08-13T23:24:02,1786638242,13.822495,100.512271,15.8,-0.11,1.0,-0.6,102.8,102.8,-0.02,0.01,0.0,16.2,100,AUTO.LOITER,0,0
2026-08-13T23:24:03,1786638243,13.822495,100.512271,15.8,-0.1,1.0,-0.6,102.8,102.8,0.0,0.0,0.0,16.2,100,AUTO.LOITER,0,0
2026-08-13T23:24:04,1786638244,13.822495,100.512271,15.8,-0.11,1.0,-0.6,102.8,102.8,0.0,0.0,0.0,16.2,100,AUTO.LOITER,0,0
2026-08-13T23:24:05,1786638245,13.822496,100.512271,15.4,-0.11,1.0,-0.6,102.8,102.8,0.0,0.0,0.0,16.2,100,AUTO.LOITER,0,0
2026-08-13T23:24:06,1786638246,13.822496,100.512271,15.4,-0.11,1.0,-0.6,102.8,102.8,0.0,0.0,0.0,16.2,100,AUTO.LOITER,0,0
2026-08-13T23:24:07,1786638247,13.822496,100.512271,15.4,-0.11,1.0,-0.6,102.8,102.8,0.0,0.0,0.0,16.2,100,AUTO.LOITER,0,0
2026-08-13T23:24:08,1786638248,13.822496,100.512271,15.4,-0.11,1.0,-0.6,102.8,102.8,0.0,0.0,0.0,16.2,100,AUTO.LOITER,0,0
2026-08-13T23:24:09,1786638249,13.822496,100.512271,15.7,-0.14,1.0,-0.6,102.8,102.8,0.02,-0.01,0.03,16.2,100,AUTO.LOITER,0,0
2026-08-13T23:24:10,1786638250,13.822496,100.512271,15.7,-0.14,1.1,-0.7,102.8,102.8,0.02,-0.02,0.03,16.2,100,AUTO.LOITER,0,0
2026-08-13T23:24:11,1786638251,13.822496,100.512271,15.7,-0.14,1.1,-0.7,102.8,102.8,0.01,-0.01,0.03,16.2,100,AUTO.LOITER,0,0
2026-08-13T23:24:12,1786638252,13.822496,100.512271,15.7,-0.14,1.1,-0.7,102.8,102.8,0.02,0.0,0.03,16.2,100,AUTO.LOITER,0,0
2026-08-13T23:24:13,1786638253,13.822496,100.512271,15.7,-0.14,1.1,-0.7,102.8,102.8,0.02,0.01,0.04,16.2,100,AUTO.LOITER,0,0
2026-08-13T23:24:14,1786638254,13.822496,100.512271,15.7,-0.15,1.2,-0.7,102.8,102.8,0.02,0.01,0.04,16.2,100,AUTO.LOITER,0,0
2026-08-13T23:24:15,1786638255,13.822496,100.512271,15.7,-0.15,1.2,-0.7,102.8,102.8,0.02,0.01,0.04,16.2,100,AUTO.LOITER,0,0
2026-08-13T23:24:16,1786638256,13.822496,100.512271,15.7,-0.15,1.2,-0.7,102.8,102.8,0.02,0.01,0.04,16.2,100,AUTO.LOITER,0,0
2026-08-13T23:24:17,1786638257,13.822496,100.512271,15.7,-0.14,1.2,-0.7,102.8,102.8,-0.01,0.02,0.02,16.2,100,AUTO.LOITER,0,0
2026-08-13T23:24:18,1786638258,13.822496,100.512271,15.4,-0.14,1.2,-0.7,102.8,102.8,-0.01,0.02,0.02,16.2,100,AUTO.LOITER,0,0
2026-08-13T23:24:19,1786638259,13.822496,100.512271,15.7,-0.14,1.2,-0.7,102.8,102.8,0.01,0.01,0.03,16.2,100,AUTO.LOITER,0,0
2026-08-13T23:24:20,1786638260,13.822496,100.512271,15.7,-0.14,1.3,-0.7,102.8,102.8,0.0,0.01,0.03,16.2,100,AUTO.LOITER,0,0
2026-08-13T23:24:21,1786638261,13.822496,100.512271,15.7,-0.14,1.3,-0.6,102.8,102.8,0.0,0.0,0.02,16.2,100,AUTO.LOITER,0,0
2026-08-13T23:24:22,1786638262,13.822495,100.512271,15.7,-0.13,1.3,-0.6,102.8,102.8,0.0,0.01,0.02,16.2,100,AUTO.LOITER,0,0
2026-08-13T23:24:23,1786638263,13.822496,100.512271,15.8,-0.13,1.3,-0.6,102.8,102.8,0.01,0.0,0.01,16.2,100,AUTO.LOITER,0,0
2026-08-13T23:24:24,1786638264,13.822496,100.512271,15.8,-0.12,1.3,-0.6,102.8,102.8,0.01,0.0,0.01,16.2,100,AUTO.LOITER,0,0
2026-08-13T23:24:25,1786638265,13.822496,100.512271,15.8,-0.12,1.4,-0.6,102.8,102.8,0.01,0.0,0.01,16.2,100,AUTO.LOITER,0,0
2026-08-13T23:24:26,1786638266,13.822496,100.512271,15.4,-0.12,1.4,-0.6,102.8,102.8,0.0,0.0,0.0,16.2,100,AUTO.LOITER,0,0
2026-08-13T23:24:27,1786638267,13.822496,100.512271,15.4,-0.12,1.4,-0.6,102.8,102.8,0.0,0.0,0.0,16.2,100,AUTO.LOITER,0,0
2026-08-13T23:24:28,1786638268,13.822496,100.512271,15.8,-0.12,1.4,-0.6,102.8,102.8,0.0,-0.01,0.01,16.2,100,AUTO.LOITER,0,0
2026-08-13T23:24:29,1786638269,13.822496,100.512271,15.7,-0.13,1.5,-0.6,102.8,102.8,-0.01,-0.01,0.02,16.2,100,AUTO.LOITER,0,0
2026-08-13T23:24:30,1786638270,13.822495,100.512271,15.7,-0.14,1.5,-0.6,102.8,102.8,-0.01,0.0,0.03,16.2,100,AUTO.LOITER,0,0
2026-08-13T23:24:31,1786638271,13.822495,100.512271,15.7,-0.14,1.5,-0.6,102.8,102.8,-0.02,-0.01,0.02,16.2,100,AUTO.LOITER,0,0
2026-08-13T23:24:32,1786638272,13.822495,100.512271,15.7,-0.13,1.5,-0.6,102.8,102.8,-0.01,-0.02,0.02,16.2,100,AUTO.LOITER,0,0
2026-08-13T23:24:33,1786638273,13.822496,100.512271,15.7,-0.14,1.5,-0.7,102.8,102.8,0.0,-0.01,0.04,16.2,100,AUTO.LOITER,0,0
2026-08-13T23:24:34,1786638274,13.822495,100.512271,15.4,-0.14,1.5,-0.7,102.8,102.8,0.0,-0.01,0.04,16.2,100,AUTO.LOITER,0,0
2026-08-13T23:24:35,1786638275,13.822496,100.512271,15.7,-0.15,1.4,-0.7,102.8,102.8,0.0,0.0,0.05,16.2,100,AUTO.LOITER,0,0
2026-08-13T23:24:36,1786638276,13.822496,100.512271,15.7,-0.15,1.5,-0.7,102.8,102.8,0.01,0.01,0.05,16.2,100,AUTO.LOITER,0,0
2026-08-13T23:24:37,1786638277,13.822496,100.512271,15.7,-0.15,1.5,-0.7,102.8,102.8,0.01,0.0,0.04,16.2,100,AUTO.LOITER,0,0
2026-08-13T23:24:38,1786638278,13.822496,100.512271,15.7,-0.15,1.5,-0.7,102.8,102.8,0.0,0.0,0.04,16.2,100,AUTO.LOITER,0,0
2026-08-13T23:24:39,1786638279,13.822495,100.512271,15.7,-0.14,1.5,-0.7,102.8,102.8,-0.01,0.0,0.03,16.2,100,AUTO.LOITER,0,0
2026-08-13T23:24:40,1786638280,13.822495,100.512271,15.7,-0.14,1.5,-0.7,102.8,102.8,-0.03,-0.01,0.03,16.2,100,AUTO.LOITER,0,0
2026-08-13T23:24:41,1786638281,13.822495,100.512271,15.7,-0.14,1.5,-0.7,102.8,102.8,-0.02,-0.01,0.02,16.2,100,AUTO.LOITER,0,0
2026-08-13T23:24:42,1786638282,13.822495,100.512271,15.7,-0.14,1.4,-0.7,102.8,102.8,-0.02,-0.01,0.02,16.2,100,AUTO.LOITER,0,0
2026-08-13T23:24:43,1786638283,13.822495,100.512271,15.5,-0.14,1.4,-0.7,102.8,102.8,-0.02,-0.01,0.02,16.2,100,AUTO.LOITER,0,0
2026-08-13T23:24:44,1786638284,13.822496,100.512271,15.4,-0.11,1.4,-0.7,102.8,102.8,-0.01,-0.02,0.0,16.2,100,AUTO.LOITER,0,0
2026-08-13T23:24:45,1786638285,13.822495,100.512271,15.8,-0.1,1.4,-0.8,102.8,102.8,0.0,-0.02,0.0,16.2,100,AUTO.LOITER,0,0
2026-08-13T23:24:46,1786638286,13.822496,100.512271,15.8,-0.1,1.4,-0.8,102.8,102.8,0.0,0.0,-0.01,16.2,100,AUTO.LOITER,0,0
2026-08-13T23:24:47,1786638287,13.822495,100.512271,15.8,-0.1,1.4,-0.8,102.8,102.8,0.0,0.0,-0.01,16.2,100,AUTO.LOITER,0,0
2026-08-13T23:24:48,1786638288,13.822495,100.512271,15.8,-0.09,1.4,-0.8,102.8,102.8,-0.01,-0.01,-0.03,16.2,100,AUTO.LOITER,0,0
2026-08-13T23:24:49,1786638289,13.822495,100.512271,15.8,-0.08,1.4,-0.8,102.8,102.8,-0.01,-0.02,-0.04,16.2,100,AUTO.LOITER,0,0
2026-08-13T23:24:50,1786638290,13.822495,100.512271,15.8,-0.07,1.3,-0.8,102.8,102.8,-0.01,-0.02,-0.05,16.2,100,AUTO.LOITER,0,0
2026-08-13T23:24:51,1786638291,13.822496,100.512271,15.8,-0.07,1.3,-0.9,102.8,102.8,0.0,-0.01,-0.05,16.2,100,AUTO.LOITER,0,0
2026-08-13T23:24:52,1786638292,13.822496,100.512271,15.8,-0.07,1.3,-0.9,102.8,102.8,0.01,0.0,-0.04,16.2,100,AUTO.LOITER,0,0
2026-08-13T23:24:53,1786638293,13.822496,100.512271,15.4,-0.07,1.3,-0.9,102.8,102.8,0.01,0.0,-0.04,16.2,100,AUTO.LOITER,0,0
2026-08-13T23:24:54,1786638294,13.822496,100.512271,15.8,-0.08,1.3,-0.9,102.9,102.9,0.01,0.0,-0.04,16.2,100,AUTO.LOITER,0,0
2026-08-13T23:24:55,1786638295,13.822496,100.512271,15.8,-0.07,1.3,-0.9,102.9,102.9,0.0,0.02,-0.04,16.2,100,AUTO.LOITER,0,0
2026-08-13T23:24:56,1786638296,13.822496,100.512271,15.8,-0.07,1.3,-0.9,102.9,102.9,0.0,0.02,-0.04,16.2,100,AUTO.LOITER,0,0
2026-08-13T23:24:57,1786638297,13.822496,100.512271,15.8,-0.07,1.4,-0.9,102.9,102.9,0.02,0.0,-0.04,16.2,100,AUTO.LOITER,0,0
2026-08-13T23:24:58,1786638298,13.822496,100.512271,15.8,-0.08,1.4,-0.9,102.9,102.9,0.02,0.0,-0.03,16.2,100,AUTO.LOITER,0,0
2026-08-13T23:24:59,1786638299,13.822496,100.512271,15.8,-0.08,1.4,-0.9,102.9,102.9,0.01,0.0,-0.03,16.2,100,AUTO.LOITER,0,0
2026-08-13T23:25:00,1786638300,13.822496,100.512271,15.8,-0.08,1.5,-0.9,102.9,102.9,0.01,0.01,-0.04,16.2,100,AUTO.LOITER,0,0
2026-08-13T23:25:01,1786638301,13.822496,100.512271,15.8,-0.08,1.5,-0.9,102.9,102.9,0.0,0.01,-0.04,16.2,100,AUTO.LOITER,0,0
2026-08-13T23:25:02,1786638302,13.822496,100.512271,15.4,-0.08,1.5,-0.9,102.9,102.9,0.0,0.01,-0.04,16.2,100,AUTO.LOITER,0,0
2026-08-13T23:25:03,1786638303,13.822495,100.512271,15.8,-0.07,1.5,-0.9,102.9,102.9,0.0,0.04,-0.05,16.2,100,AUTO.LOITER,0,0
2026-08-13T23:25:04,1786638304,13.822495,100.512271,15.8,-0.07,1.5,-0.9,102.9,102.9,0.0,0.04,-0.05,16.2,100,AUTO.LOITER,0,0
2026-08-13T23:25:05,1786638305,13.822495,100.512271,15.8,-0.07,1.5,-0.9,102.9,102.9,0.0,0.04,-0.05,16.2,100,AUTO.LOITER,0,0
2026-08-13T23:25:06,1786638306,13.822495,100.512271,15.8,-0.07,1.5,-0.9,102.9,102.9,0.0,0.04,-0.05,16.2,100,AUTO.LOITER,0,0
2026-08-13T23:25:07,1786638307,13.822496,100.512271,15.8,-0.06,1.6,-0.9,103.0,103.0,0.0,-0.02,-0.05,16.2,100,AUTO.LOITER,0,0
2026-08-13T23:25:08,1786638308,13.822496,100.512271,15.8,-0.06,1.6,-0.9,103.0,103.0,-0.01,-0.02,-0.05,16.2,100,AUTO.LOITER,0,0
2026-08-13T23:25:09,1786638309,13.822495,100.512271,15.8,-0.06,1.6,-1.0,103.0,103.0,-0.02,-0.01,-0.06,16.2,100,AUTO.LOITER,0,0
2026-08-13T23:25:10,1786638310,13.822495,100.512271,15.4,-0.06,1.6,-1.0,103.0,103.0,-0.02,-0.01,-0.06,16.2,100,AUTO.LOITER,0,0
2026-08-13T23:25:11,1786638311,13.822495,100.512271,15.8,-0.05,1.5,-1.0,103.0,103.0,-0.02,-0.01,-0.07,16.2,100,AUTO.LOITER,0,0
2026-08-13T23:25:12,1786638312,13.822495,100.512271,15.8,-0.05,1.5,-1.0,103.0,103.0,-0.03,0.0,-0.07,16.2,100,AUTO.LOITER,0,0
2026-08-13T23:25:13,1786638313,13.822496,100.512271,15.4,-0.05,1.5,-1.0,103.0,103.0,-0.03,0.0,-0.07,16.2,100,AUTO.LOITER,0,0
2026-08-13T23:25:14,1786638314,13.822495,100.512271,15.4,-0.05,1.5,-1.0,103.0,103.0,-0.03,0.0,-0.07,16.2,100,AUTO.LOITER,0,0
2026-08-13T23:25:15,1786638315,13.822496,100.512271,15.3,-0.05,1.5,-1.0,103.0,103.0,-0.03,0.0,-0.07,16.2,100,AUTO.LOITER,0,0
2026-08-13T23:25:16,1786638316,13.822495,100.512271,15.8,-0.06,1.5,-1.0,103.0,103.0,-0.01,0.02,-0.06,16.2,100,AUTO.LOITER,0,0
2026-08-13T23:25:17,1786638317,13.822495,100.512271,15.8,-0.06,1.5,-0.9,103.0,103.0,-0.01,0.0,-0.05,16.2,100,AUTO.LOITER,0,0
2026-08-13T23:25:18,1786638318,13.822495,100.512271,15.8,-0.07,1.5,-0.9,103.0,103.0,-0.01,0.0,-0.05,16.2,100,AUTO.LOITER,0,0
2026-08-13T23:25:19,1786638319,13.822495,100.512271,15.8,-0.06,1.5,-0.9,103.0,103.0,0.0,0.01,-0.06,16.2,100,AUTO.LOITER,0,0
2026-08-13T23:25:20,1786638320,13.822496,100.512271,15.8,-0.06,1.5,-0.9,103.0,103.0,0.0,0.02,-0.07,16.2,100,AUTO.LOITER,0,0
2026-08-13T23:25:21,1786638321,13.822496,100.512271,15.8,-0.04,1.5,-0.9,103.0,103.0,0.0,0.03,-0.08,16.2,100,AUTO.LOITER,0,0
2026-08-13T23:25:22,1786638322,13.822496,100.512271,15.8,-0.04,1.5,-0.9,103.0,103.0,0.01,0.02,-0.09,16.2,100,AUTO.LOITER,0,0
2026-08-13T23:25:23,1786638323,13.822496,100.512271,15.9,-0.03,1.5,-0.9,103.0,103.0,0.0,0.0,-0.09,16.2,100,AUTO.LOITER,0,0
2026-08-13T23:25:24,1786638324,13.822496,100.512271,15.4,-0.03,1.6,-0.8,102.9,102.9,0.0,0.0,-0.09,16.2,100,AUTO.LOITER,0,0
2026-08-13T23:25:25,1786638325,13.822495,100.512271,15.8,-0.03,1.6,-0.8,102.9,102.9,0.0,0.0,-0.09,16.2,100,AUTO.LOITER,0,0
2026-08-13T23:25:26,1786638326,13.822495,100.512271,15.8,-0.03,1.6,-0.8,102.9,102.9,0.0,0.01,-0.09,16.2,100,AUTO.LOITER,0,0
2026-08-13T23:25:27,1786638327,13.822495,100.512271,15.9,-0.03,1.6,-0.8,102.9,102.9,-0.01,0.0,-0.1,16.2,100,AUTO.LOITER,0,0
2026-08-13T23:25:28,1786638328,13.822495,100.512271,15.9,-0.02,1.6,-0.8,102.9,102.9,-0.02,0.0,-0.1,16.2,100,AUTO.LOITER,0,0
2026-08-13T23:25:29,1786638329,13.822495,100.512271,15.9,-0.02,1.6,-0.8,102.9,102.9,-0.02,0.0,-0.09,16.2,100,AUTO.LOITER,0,0
2026-08-13T23:25:30,1786638330,13.822495,100.512271,15.9,-0.02,1.6,-0.8,102.9,102.9,-0.02,0.0,-0.1,16.2,100,AUTO.LOITER,0,0
2026-08-13T23:25:31,1786638331,13.822495,100.512271,15.9,-0.03,1.6,-0.8,102.9,102.9,-0.01,-0.01,-0.09,16.2,100,AUTO.LOITER,0,0
2026-08-13T23:25:32,1786638332,13.822495,100.512271,15.8,-0.03,1.6,-0.8,102.9,102.9,0.0,-0.01,-0.09,16.2,100,AUTO.LOITER,0,0
2026-08-13T23:25:33,1786638333,13.822496,100.512271,15.9,-0.03,1.6,-0.8,102.9,102.9,0.0,-0.01,-0.09,16.2,100,AUTO.LOITER,0,0
2026-08-13T23:25:34,1786638334,13.822496,100.512271,15.9,-0.02,1.6,-0.8,102.9,102.9,0.0,-0.01,-0.1,16.2,100,AUTO.LOITER,0,0
2026-08-13T23:25:35,1786638335,13.822496,100.512271,15.4,-0.02,1.6,-0.9,102.9,102.9,0.0,-0.01,-0.1,16.2,100,AUTO.LOITER,0,0
2026-08-13T23:25:36,1786638336,13.822496,100.512271,15.9,-0.03,1.6,-0.9,102.9,102.9,0.0,0.0,-0.09,16.2,100,AUTO.LOITER,0,0
2026-08-13T23:25:37,1786638337,13.822496,100.512271,15.9,-0.02,1.6,-0.9,102.9,102.9,-0.01,0.0,-0.1,16.2,100,AUTO.LOITER,0,0
2026-08-13T23:25:38,1786638338,13.822496,100.512271,15.9,-0.02,1.6,-0.9,102.9,102.9,-0.01,0.01,-0.1,16.2,100,AUTO.LOITER,0,0
2026-08-13T23:25:39,1786638339,13.822496,100.512271,15.9,-0.02,1.6,-0.9,102.9,102.9,0.0,0.0,-0.1,16.2,100,AUTO.LOITER,0,0
2026-08-13T23:25:40,1786638340,13.822496,100.512271,15.9,-0.02,1.5,-0.9,102.8,102.8,0.0,0.0,-0.1,16.2,100,AUTO.LOITER,0,0
2026-08-13T23:25:41,1786638341,13.822496,100.512271,15.9,-0.02,1.5,-0.9,102.8,102.8,0.0,0.0,-0.09,16.2,100,AUTO.LOITER,0,0
2026-08-13T23:25:42,1786638342,13.822496,100.512271,15.4,-0.02,1.6,-0.8,102.8,102.8,0.0,0.0,-0.09,16.2,100,AUTO.LOITER,0,0
2026-08-13T23:25:43,1786638343,13.822495,100.512271,15.8,-0.03,1.6,-0.9,102.8,102.8,-0.01,0.02,-0.09,16.2,100,AUTO.LOITER,0,0
2026-08-13T23:25:44,1786638344,13.822495,100.512271,15.8,-0.03,1.6,-0.9,102.8,102.8,-0.02,0.02,-0.08,16.2,100,AUTO.LOITER,0,0
2026-08-13T23:25:45,1786638345,13.822495,100.512271,15.8,-0.03,1.6,-0.8,102.8,102.8,-0.02,0.02,-0.08,16.2,100,AUTO.LOITER,0,0
2026-08-13T23:25:46,1786638346,13.822495,100.512271,15.8,-0.04,1.6,-0.8,102.8,102.8,-0.02,0.01,-0.07,16.2,100,AUTO.LOITER,0,0
2026-08-13T23:25:47,1786638347,13.822495,100.512271,15.8,-0.05,1.5,-0.8,102.8,102.8,-0.02,0.01,-0.05,16.2,100,AUTO.LOITER,0,0
2026-08-13T23:25:48,1786638348,13.822495,100.512271,15.8,-0.06,1.5,-0.8,102.8,102.8,-0.01,0.0,-0.04,16.2,100,AUTO.LOITER,0,0
2026-08-13T23:25:49,1786638349,13.822495,100.512271,15.8,-0.07,1.5,-0.8,102.8,102.8,-0.02,0.0,-0.03,16.2,100,AUTO.LOITER,0,0
2026-08-13T23:25:50,1786638350,13.822495,100.51227,15.8,-0.08,1.5,-0.7,102.8,102.8,-0.02,-0.02,-0.02,16.2,100,AUTO.LOITER,0,0
2026-08-13T23:25:51,1786638351,13.822495,100.512271,15.8,-0.09,1.4,-0.7,102.8,102.8,-0.01,0.0,-0.01,16.2,100,AUTO.LOITER,0,0
2026-08-13T23:25:52,1786638352,13.822495,100.512271,15.8,-0.09,1.4,-0.7,102.8,102.8,0.0,0.0,-0.01,16.2,100,AUTO.LOITER,0,0
2026-08-13T23:25:53,1786638353,13.822495,100.512271,15.8,-0.09,1.4,-0.7,102.8,102.8,-0.01,0.0,-0.01,16.2,100,AUTO.LOITER,0,0
2026-08-13T23:25:54,1786638354,13.822495,100.512271,15.8,-0.09,1.4,-0.7,102.8,102.8,-0.01,-0.01,-0.02,16.2,100,AUTO.LOITER,0,0
2026-08-13T23:25:55,1786638355,13.822496,100.512271,15.4,-0.09,1.4,-0.8,102.8,102.8,-0.01,-0.01,-0.02,16.2,100,AUTO.LOITER,0,0
2026-08-13T23:25:56,1786638356,13.822495,100.512271,15.8,-0.08,1.3,-0.8,102.8,102.8,-0.01,0.01,-0.02,16.2,100,AUTO.LOITER,0,0
2026-08-13T23:25:57,1786638357,13.822495,100.512271,15.8,-0.08,1.3,-0.8,102.8,102.8,0.0,0.01,-0.02,16.2,100,AUTO.LOITER,0,0
2026-08-13T23:25:58,1786638358,13.822496,100.512271,15.8,-0.09,1.3,-0.8,102.8,102.8,0.01,0.0,-0.01,16.2,100,AUTO.LOITER,0,0
2026-08-13T23:25:59,1786638359,13.822496,100.512271,15.8,-0.09,1.3,-0.8,102.8,102.8,0.02,-0.01,-0.01,16.2,100,AUTO.LOITER,0,0
2026-08-13T23:26:00,1786638360,13.822496,100.512271,15.8,-0.09,1.3,-0.8,102.9,102.9,0.02,-0.01,-0.02,16.2,100,AUTO.LOITER,0,0
2026-08-13T23:26:01,1786638361,13.822496,100.512271,15.8,-0.09,1.3,-0.8,102.8,102.8,0.02,-0.01,-0.02,16.2,100,AUTO.LOITER,0,0
2026-08-13T23:26:02,1786638362,13.822496,100.512271,15.8,-0.07,1.3,-0.8,102.8,102.8,0.0,-0.01,-0.04,16.2,100,AUTO.LOITER,0,0
2026-08-13T23:26:03,1786638363,13.822496,100.512271,15.4,-0.07,1.3,-0.8,102.8,102.8,0.0,-0.01,-0.04,16.2,100,AUTO.LOITER,0,0
2026-08-13T23:26:04,1786638364,13.822496,100.512271,15.4,-0.07,1.3,-0.8,102.8,102.8,0.0,-0.01,-0.04,16.2,100,AUTO.LOITER,0,0
2026-08-13T23:26:05,1786638365,13.822496,100.512271,15.4,-0.07,1.4,-0.8,102.8,102.8,0.0,-0.01,-0.04,16.2,100,AUTO.LOITER,0,0
2026-08-13T23:26:06,1786638366,13.822495,100.512271,15.8,-0.07,1.4,-0.8,102.8,102.8,0.0,0.0,-0.03,16.2,100,AUTO.LOITER,0,0
2026-08-13T23:26:07,1786638367,13.822496,100.512271,15.8,-0.07,1.4,-0.9,102.8,102.8,0.0,0.0,-0.02,16.2,100,AUTO.LOITER,0,0
2026-08-13T23:26:08,1786638368,13.822495,100.512271,15.8,-0.08,1.4,-0.9,102.8,102.8,0.0,0.02,-0.02,16.2,100,AUTO.LOITER,0,0
2026-08-13T23:26:09,1786638369,13.822495,100.512271,15.8,-0.08,1.4,-0.8,102.8,102.8,0.0,0.0,-0.02,16.2,100,AUTO.LOITER,0,0
2026-08-13T23:26:10,1786638370,13.822495,100.512271,15.8,-0.08,1.4,-0.8,102.8,102.8,0.0,0.0,-0.02,16.2,100,AUTO.LOITER,0,0
2026-08-13T23:26:11,1786638371,13.822495,100.512271,15.8,-0.08,1.4,-0.8,102.8,102.8,0.0,0.0,-0.02,16.2,100,AUTO.LOITER,0,0
2026-08-13T23:26:12,1786638372,13.822496,100.512271,15.3,-0.08,1.4,-0.8,102.8,102.8,0.0,0.0,-0.02,16.2,100,AUTO.LOITER,0,0
2026-08-13T23:26:13,1786638374,13.822495,100.512271,15.8,-0.08,1.4,-0.8,102.8,102.8,-0.01,0.0,-0.02,16.2,100,AUTO.LOITER,0,0
2026-08-13T23:26:14,1786638375,13.822496,100.512271,15.8,-0.08,1.4,-0.8,102.8,102.8,0.0,0.0,-0.02,16.2,100,AUTO.LOITER,0,0
2026-08-13T23:26:15,1786638376,13.822495,100.512271,15.8,-0.08,1.4,-0.8,102.8,102.8,-0.01,0.0,-0.02,16.2,100,AUTO.LOITER,0,0
2026-08-13T23:26:16,1786638377,13.822495,100.512271,15.8,-0.08,1.4,-0.8,102.8,102.8,-0.02,0.01,-0.02,16.2,100,AUTO.LOITER,0,0
2026-08-13T23:26:17,1786638378,13.822495,100.512271,15.8,-0.09,1.4,-0.8,102.8,102.8,-0.01,0.03,-0.01,16.2,100,AUTO.LOITER,0,0
2026-08-13T23:26:18,1786638379,13.822495,100.512271,15.8,-0.1,1.3,-0.8,102.8,102.8,0.0,0.02,0.0,16.2,100,AUTO.LOITER,0,0
2026-08-13T23:26:19,1786638380,13.822495,100.512271,15.8,-0.11,1.4,-0.7,102.8,102.8,0.0,0.0,0.01,16.2,100,AUTO.LOITER,0,0
2026-08-13T23:26:20,1786638381,13.822495,100.512271,15.8,-0.11,1.4,-0.7,102.8,102.8,0.0,0.0,0.01,16.2,100,AUTO.LOITER,0,0
2026-08-13T23:26:21,1786638382,13.822496,100.512271,15.4,-0.11,1.4,-0.8,102.8,102.8,0.0,0.0,0.01,16.2,100,AUTO.LOITER,0,0
2026-08-13T23:26:22,1786638383,13.822495,100.512271,15.8,-0.12,1.4,-0.7,102.8,102.8,0.0,0.0,0.02,16.2,100,AUTO.LOITER,0,0
2026-08-13T23:26:23,1786638384,13.822495,100.512271,15.8,-0.13,1.4,-0.7,102.8,102.8,0.0,0.0,0.03,16.2,100,AUTO.LOITER,0,0
2026-08-13T23:26:24,1786638385,13.822495,100.512271,15.8,-0.13,1.4,-0.7,102.8,102.8,0.0,0.0,0.03,16.2,100,AUTO.LOITER,0,0
2026-08-13T23:26:25,1786638386,13.822496,100.512271,15.7,-0.13,1.4,-0.8,102.8,102.8,0.0,0.0,0.04,16.2,100,AUTO.LOITER,0,0
2026-08-13T23:26:26,1786638387,13.822496,100.512271,15.7,-0.14,1.4,-0.8,102.8,102.8,0.01,0.0,0.04,16.2,100,AUTO.LOITER,0,0
2026-08-13T23:26:27,1786638388,13.822496,100.512271,15.7,-0.13,1.4,-0.8,102.8,102.8,0.02,0.0,0.03,16.2,100,AUTO.LOITER,0,0
2026-08-13T23:26:28,1786638389,13.822496,100.512271,15.7,-0.13,1.4,-0.8,102.8,102.8,0.03,0.0,0.04,16.2,100,AUTO.LOITER,0,0
2026-08-13T23:26:29,1786638390,13.822496,100.512271,15.7,-0.14,1.4,-0.8,102.8,102.8,0.03,0.01,0.04,16.2,100,AUTO.LOITER,0,0
2026-08-13T23:26:30,1786638391,13.822495,100.512271,15.4,-0.14,1.5,-0.8,102.8,102.8,0.03,0.01,0.04,16.2,100,AUTO.LOITER,0,0
2026-08-13T23:26:31,1786638392,13.822496,100.512271,15.7,-0.14,1.5,-0.8,102.8,102.8,0.02,0.0,0.05,16.2,100,AUTO.LOITER,0,0
2026-08-13T23:26:32,1786638393,13.822496,100.512271,15.7,-0.14,1.5,-0.8,102.8,102.8,0.01,-0.01,0.05,16.2,100,AUTO.LOITER,0,0
2026-08-13T23:26:33,1786638394,13.822496,100.512271,15.7,-0.14,1.5,-0.8,102.8,102.8,0.0,-0.01,0.05,16.2,100,AUTO.LOITER,0,0
2026-08-13T23:26:34,1786638395,13.822496,100.512271,15.4,-0.14,1.6,-0.8,102.8,102.8,0.0,-0.01,0.05,16.2,100,AUTO.LOITER,0,0
2026-08-13T23:26:35,1786638396,13.822496,100.512271,15.4,-0.14,1.6,-0.8,102.8,102.8,0.0,-0.01,0.05,16.2,100,AUTO.LOITER,0,0
2026-08-13T23:26:36,1786638397,13.822496,100.512271,15.7,-0.16,1.5,-0.8,102.8,102.8,-0.01,0.0,0.07,16.2,100,AUTO.LOITER,0,0
2026-08-13T23:26:37,1786638398,13.822496,100.512271,15.7,-0.17,1.5,-0.8,102.8,102.8,-0.01,0.01,0.07,16.2,100,AUTO.LOITER,0,0
2026-08-13T23:26:38,1786638399,13.822495,100.512271,15.7,-0.17,1.5,-0.8,102.8,102.8,-0.02,0.01,0.08,16.2,100,AUTO.LOITER,0,0
2026-08-13T23:26:39,1786638400,13.822496,100.512271,15.4,-0.17,1.5,-0.8,102.8,102.8,-0.02,0.01,0.08,16.2,100,AUTO.LOITER,0,0
2026-08-13T23:26:40,1786638401,13.822495,100.512271,15.7,-0.17,1.5,-0.7,102.8,102.8,-0.02,0.0,0.08,16.2,100,AUTO.LOITER,0,0
2026-08-13T23:26:41,1786638402,13.822495,100.512271,15.7,-0.17,1.5,-0.7,102.8,102.8,-0.01,0.0,0.09,16.2,100,AUTO.LOITER,0,0
2026-08-13T23:26:42,1786638403,13.822496,100.512271,15.7,-0.18,1.5,-0.7,102.8,102.8,0.0,0.0,0.09,16.2,100,AUTO.LOITER,0,0
2026-08-13T23:26:43,1786638404,13.822495,100.512271,15.5,-0.18,1.5,-0.7,102.8,102.8,0.0,0.0,0.09,16.2,100,AUTO.LOITER,0,0
2026-08-13T23:26:44,1786638405,13.822496,100.512271,15.7,-0.18,1.4,-0.7,102.8,102.8,0.01,0.03,0.09,16.2,100,AUTO.LOITER,0,0
2026-08-13T23:26:45,1786638406,13.822496,100.512271,15.7,-0.18,1.4,-0.7,102.8,102.8,0.0,0.04,0.1,16.2,100,AUTO.LOITER,0,0
2026-08-13T23:26:46,1786638407,13.822496,100.512271,15.7,-0.18,1.4,-0.6,102.8,102.8,0.0,0.01,0.1,16.2,100,AUTO.LOITER,0,0
2026-08-13T23:26:47,1786638408,13.822495,100.512271,15.7,-0.18,1.4,-0.6,102.8,102.8,0.0,0.01,0.09,16.2,100,AUTO.LOITER,0,0
2026-08-13T23:26:48,1786638409,13.822495,100.512271,15.7,-0.18,1.4,-0.6,102.8,102.8,-0.01,0.01,0.09,16.2,100,AUTO.LOITER,0,0
2026-08-13T23:26:49,1786638410,13.822496,100.512271,15.4,-0.18,1.4,-0.6,102.8,102.8,-0.01,0.01,0.09,16.2,100,AUTO.LOITER,0,0
2026-08-13T23:26:50,1786638411,13.822495,100.512271,15.7,-0.17,1.4,-0.5,102.8,102.8,0.0,0.0,0.08,16.2,100,AUTO.LOITER,0,0
2026-08-13T23:26:51,1786638412,13.822496,100.512271,15.7,-0.17,1.4,-0.5,102.8,102.8,0.01,0.0,0.07,16.2,100,AUTO.LOITER,0,0
2026-08-13T23:26:52,1786638413,13.822496,100.512271,15.7,-0.16,1.4,-0.5,102.8,102.8,0.01,0.0,0.07,16.2,100,AUTO.LOITER,0,0
2026-08-13T23:26:53,1786638414,13.822496,100.512271,15.7,-0.16,1.4,-0.5,102.8,102.8,0.0,0.0,0.06,16.2,100,AUTO.LOITER,0,0
2026-08-13T23:26:54,1786638415,13.822496,100.512271,15.7,-0.16,1.4,-0.5,102.7,102.7,0.0,0.0,0.06,16.2,100,AUTO.LOITER,0,0
2026-08-13T23:26:55,1786638416,13.822496,100.512271,15.7,-0.16,1.4,-0.5,102.7,102.7,0.0,0.0,0.06,16.2,100,AUTO.LOITER,0,0
2026-08-13T23:26:56,1786638417,13.822495,100.512271,15.7,-0.15,1.4,-0.5,102.7,102.7,-0.01,0.0,0.06,16.2,100,AUTO.LOITER,0,0
2026-08-13T23:26:57,1786638418,13.822496,100.512271,15.5,-0.15,1.5,-0.5,102.7,102.7,-0.01,0.0,0.06,16.2,100,AUTO.LOITER,0,0
2026-08-13T23:26:58,1786638419,13.822495,100.512271,15.7,-0.15,1.4,-0.5,102.7,102.7,-0.02,0.0,0.06,16.2,100,AUTO.LOITER,0,0
2026-08-13T23:26:59,1786638420,13.822495,100.512271,15.7,-0.15,1.4,-0.5,102.7,102.7,-0.01,0.0,0.06,16.2,100,AUTO.LOITER,0,0
2026-08-13T23:27:00,1786638421,13.822496,100.512271,15.7,-0.15,1.4,-0.5,102.7,102.7,0.0,0.0,0.05,16.2,100,AUTO.LOITER,0,0
2026-08-13T23:27:01,1786638422,13.822496,100.512271,15.7,-0.14,1.4,-0.5,102.7,102.7,0.0,0.01,0.04,16.2,100,AUTO.LOITER,0,0
2026-08-13T23:27:02,1786638423,13.822496,100.512271,15.7,-0.14,1.4,-0.5,102.7,102.7,0.0,0.01,0.03,16.2,100,AUTO.LOITER,0,0
2026-08-13T23:27:03,1786638424,13.822496,100.512271,15.7,-0.14,1.4,-0.5,102.7,102.7,0.0,0.02,0.03,16.2,100,AUTO.LOITER,0,0
2026-08-13T23:27:04,1786638425,13.822495,100.512271,15.7,-0.14,1.4,-0.4,102.6,102.6,-0.01,0.0,0.03,16.2,100,AUTO.LOITER,0,0
2026-08-13T23:27:05,1786638426,13.822495,100.512271,15.8,-0.13,1.4,-0.4,102.6,102.6,-0.02,0.0,0.02,16.2,100,AUTO.LOITER,0,0
2026-08-13T23:27:06,1786638427,13.822496,100.51227,15.4,-0.13,1.4,-0.4,102.6,102.6,-0.02,0.0,0.02,16.2,100,AUTO.LOITER,0,0
2026-08-13T23:27:07,1786638428,13.822495,100.512271,15.8,-0.12,1.4,-0.4,102.6,102.6,-0.02,0.01,0.02,16.2,100,AUTO.LOITER,0,0
2026-08-13T23:27:08,1786638429,13.822495,100.512271,15.8,-0.12,1.4,-0.4,102.6,102.6,0.0,0.01,0.02,16.2,100,AUTO.LOITER,0,0
2026-08-13T23:27:09,1786638430,13.822496,100.512271,15.8,-0.12,1.4,-0.3,102.6,102.6,0.0,0.02,0.02,16.2,100,AUTO.LOITER,0,0
2026-08-13T23:27:10,1786638431,13.822495,100.512271,15.8,-0.13,1.4,-0.3,102.6,102.6,0.0,0.0,0.03,16.2,100,AUTO.LOITER,0,0
2026-08-13T23:27:11,1786638432,13.822495,100.512271,15.7,-0.14,1.4,-0.3,102.6,102.6,-0.01,0.0,0.04,16.2,100,AUTO.LOITER,0,0
2026-08-13T23:27:12,1786638433,13.822495,100.512271,15.7,-0.15,1.3,-0.3,102.6,102.6,0.0,0.0,0.05,16.2,100,AUTO.LOITER,0,0
2026-08-13T23:27:13,1786638434,13.822495,100.512271,15.4,-0.15,1.3,-0.3,102.6,102.6,0.0,0.0,0.05,16.2,100,AUTO.LOITER,0,0
2026-08-13T23:27:14,1786638435,13.822495,100.512271,15.4,-0.15,1.3,-0.3,102.6,102.6,0.0,0.0,0.05,16.2,100,AUTO.LOITER,0,0
2026-08-13T23:27:15,1786638436,13.822496,100.512271,15.4,-0.15,1.3,-0.3,102.6,102.6,0.0,0.0,0.05,16.2,100,AUTO.LOITER,0,0
2026-08-13T23:27:16,1786638437,13.822496,100.512271,15.7,-0.17,1.4,-0.3,102.5,102.5,0.0,0.0,0.07,16.2,100,AUTO.LOITER,0,0
2026-08-13T23:27:17,1786638438,13.822495,100.512271,15.7,-0.16,1.4,-0.2,102.5,102.5,0.0,0.02,0.06,16.2,100,AUTO.LOITER,0,0
2026-08-13T23:27:18,1786638439,13.822495,100.512271,15.7,-0.16,1.3,-0.2,102.5,102.5,-0.01,0.01,0.06,16.2,100,AUTO.LOITER,0,0
2026-08-13T23:27:19,1786638440,13.822496,100.512271,15.7,-0.15,1.3,-0.2,102.5,102.5,0.0,0.02,0.05,16.2,100,AUTO.LOITER,0,0
2026-08-13T23:27:20,1786638441,13.822496,100.512271,15.7,-0.15,1.3,-0.2,102.5,102.5,0.0,0.02,0.05,16.2,100,AUTO.LOITER,0,0
2026-08-13T23:27:21,1786638442,13.822495,100.512271,15.7,-0.15,1.3,-0.2,102.5,102.5,-0.01,0.0,0.04,16.2,100,AUTO.LOITER,0,0
2026-08-13T23:27:22,1786638443,13.822495,100.512271,15.7,-0.14,1.4,-0.1,102.5,102.5,-0.02,0.0,0.03,16.2,100,AUTO.LOITER,0,0
2026-08-13T23:27:23,1786638444,13.822495,100.512271,15.8,-0.13,1.3,-0.1,102.5,102.5,0.0,-0.01,0.02,16.2,100,AUTO.LOITER,0,0
2026-08-13T23:27:24,1786638445,13.822495,100.512271,15.4,-0.13,1.3,-0.1,102.5,102.5,0.0,-0.01,0.02,16.2,100,AUTO.LOITER,0,0
2026-08-13T23:27:25,1786638446,13.822495,100.512271,15.8,-0.13,1.3,-0.1,102.5,102.5,0.0,-0.01,0.02,16.2,100,AUTO.LOITER,0,0
2026-08-13T23:27:26,1786638447,13.822495,100.512271,15.8,-0.13,1.3,-0.1,102.5,102.5,-0.01,-0.01,0.02,16.2,100,AUTO.LOITER,0,0
2026-08-13T23:27:27,1786638448,13.822495,100.512271,15.7,-0.13,1.3,-0.1,102.5,102.5,-0.01,0.0,0.03,16.2,100,AUTO.LOITER,0,0
2026-08-13T23:27:28,1786638449,13.822496,100.512271,15.4,-0.13,1.3,-0.1,102.5,102.5,-0.01,0.0,0.03,16.2,100,AUTO.LOITER,0,0
2026-08-13T23:27:29,1786638450,13.822496,100.512271,15.7,-0.14,1.3,-0.1,102.5,102.5,0.0,-0.01,0.04,16.2,100,AUTO.LOITER,0,0
2026-08-13T23:27:30,1786638451,13.822496,100.512271,15.7,-0.14,1.2,-0.1,102.5,102.5,0.0,0.0,0.04,16.2,100,AUTO.LOITER,0,0
2026-08-13T23:27:31,1786638452,13.822496,100.512271,15.7,-0.15,1.3,-0.0,102.5,102.5,-0.01,0.0,0.04,16.2,100,AUTO.LOITER,0,0
2026-08-13T23:27:32,1786638453,13.822496,100.512271,15.7,-0.14,1.2,-0.0,102.5,102.5,-0.01,0.0,0.03,16.2,100,AUTO.LOITER,0,0
2026-08-13T23:27:33,1786638454,13.822496,100.512271,15.7,-0.14,1.2,-0.0,102.5,102.5,-0.01,0.0,0.03,16.2,100,AUTO.LOITER,0,0
2026-08-13T23:27:34,1786638455,13.822495,100.512271,15.7,-0.14,1.2,0.0,102.5,102.5,-0.02,0.01,0.03,16.2,100,AUTO.LOITER,0,0
2026-08-13T23:27:35,1786638456,13.822496,100.512271,15.7,-0.13,1.2,0.1,102.5,102.5,-0.01,0.01,0.03,16.2,100,AUTO.LOITER,0,0
2026-08-13T23:27:36,1786638457,13.822496,100.512271,15.7,-0.13,1.1,0.1,102.5,102.5,-0.01,0.0,0.02,16.2,100,AUTO.LOITER,0,0
2026-08-13T23:27:37,1786638458,13.822496,100.512271,15.8,-0.12,1.1,0.1,102.5,102.5,0.0,0.01,0.01,16.2,100,AUTO.LOITER,0,0
2026-08-13T23:27:38,1786638459,13.822496,100.512271,15.8,-0.11,1.1,0.1,102.5,102.5,0.0,0.01,0.0,16.2,100,AUTO.LOITER,0,0
2026-08-13T23:27:39,1786638460,13.822496,100.512271,15.8,-0.11,1.1,0.2,102.5,102.5,0.0,0.0,0.0,16.2,100,AUTO.LOITER,0,0
2026-08-13T23:27:40,1786638461,13.822496,100.512271,15.8,-0.1,1.1,0.2,102.5,102.5,0.0,-0.02,0.0,16.2,100,AUTO.LOITER,0,0
2026-08-13T23:27:41,1786638462,13.822495,100.512271,15.4,-0.1,1.1,0.2,102.5,102.5,0.0,-0.02,0.0,16.2,100,AUTO.LOITER,0,0
2026-08-13T23:27:42,1786638463,13.822495,100.512271,15.8,-0.1,1.1,0.2,102.5,102.5,0.0,-0.02,0.0,16.2,100,AUTO.LOITER,0,0
2026-08-13T23:27:43,1786638464,13.822495,100.512271,15.8,-0.1,1.1,0.1,102.5,102.5,0.0,-0.02,-0.01,16.2,100,AUTO.LOITER,0,0
2026-08-13T23:27:44,1786638465,13.822495,100.512271,15.8,-0.1,1.0,0.1,102.5,102.5,0.0,-0.01,-0.01,16.2,100,AUTO.LOITER,0,0
2026-08-13T23:27:45,1786638466,13.822496,100.512271,15.8,-0.09,1.0,0.1,102.5,102.5,0.01,-0.01,-0.01,16.2,100,AUTO.LOITER,0,0
2026-08-13T23:27:46,1786638467,13.822496,100.512271,15.8,-0.1,1.1,0.1,102.5,102.5,0.01,-0.01,-0.01,16.2,100,AUTO.LOITER,0,0
2026-08-13T23:27:47,1786638468,13.822496,100.512271,15.8,-0.1,1.1,0.1,102.5,102.5,0.02,-0.01,-0.01,16.2,100,AUTO.LOITER,0,0
2026-08-13T23:27:48,1786638469,13.822495,100.512271,15.8,-0.09,1.1,0.0,102.5,102.5,0.01,-0.01,-0.02,16.2,100,AUTO.LOITER,0,0
2026-08-13T23:27:49,1786638470,13.822495,100.512271,15.8,-0.09,1.1,0.0,102.5,102.5,0.02,0.0,-0.02,16.2,100,AUTO.LOITER,0,0
2026-08-13T23:27:50,1786638471,13.822496,100.512271,15.8,-0.09,1.1,-0.0,102.5,102.5,0.01,0.0,-0.02,16.2,100,AUTO.LOITER,0,0
2026-08-13T23:27:51,1786638472,13.822496,100.512271,15.8,-0.09,1.1,-0.0,102.5,102.5,0.01,0.0,-0.02,16.2,100,AUTO.LOITER,0,0
2026-08-13T23:27:52,1786638473,13.822496,100.512271,15.8,-0.08,1.2,-0.0,102.5,102.5,0.0,0.02,-0.03,16.2,100,AUTO.LOITER,0,0
2026-08-13T23:27:53,1786638474,13.822495,100.512271,15.8,-0.08,1.2,-0.0,102.5,102.5,0.0,0.01,-0.04,16.2,100,AUTO.LOITER,0,0
2026-08-13T23:27:54,1786638475,13.822495,100.512271,15.8,-0.06,1.2,-0.0,102.5,102.5,-0.02,0.02,-0.05,16.2,100,AUTO.LOITER,0,0
2026-08-13T23:27:55,1786638476,13.822496,100.512271,15.4,-0.06,1.1,0.0,102.5,102.5,-0.02,0.02,-0.05,16.2,100,AUTO.LOITER,0,0
2026-08-13T23:27:56,1786638477,13.822496,100.512271,15.4,-0.06,1.1,0.0,102.5,102.5,-0.02,0.02,-0.05,16.2,100,AUTO.LOITER,0,0
2026-08-13T23:27:57,1786638478,13.822495,100.512271,15.8,-0.06,1.1,0.1,102.5,102.5,0.0,0.01,-0.06,16.2,100,AUTO.LOITER,0,0
2026-08-13T23:27:58,1786638479,13.822495,100.512271,15.8,-0.05,1.1,0.1,102.5,102.5,0.0,0.0,-0.06,16.2,100,AUTO.LOITER,0,0
2026-08-13T23:27:59,1786638480,13.822495,100.512271,15.4,-0.05,1.1,0.1,102.5,102.5,0.0,0.0,-0.06,16.2,100,AUTO.LOITER,0,0
2026-08-13T23:28:00,1786638481,13.822495,100.512271,15.8,-0.06,1.1,0.1,102.5,102.5,0.0,0.0,-0.06,16.2,100,AUTO.LOITER,0,0
2026-08-13T23:28:01,1786638482,13.822495,100.512271,15.8,-0.06,1.2,0.1,102.5,102.5,0.0,0.01,-0.05,16.2,100,AUTO.LOITER,0,0
2026-08-13T23:28:02,1786638483,13.822495,100.512271,15.8,-0.06,1.2,0.1,102.6,102.6,0.0,0.01,-0.05,16.2,100,AUTO.LOITER,0,0
2026-08-13T23:28:03,1786638484,13.822496,100.512271,15.8,-0.07,1.2,0.1,102.6,102.6,0.0,0.01,-0.04,16.2,100,AUTO.LOITER,0,0
2026-08-13T23:28:04,1786638485,13.822496,100.512271,15.8,-0.07,1.2,0.1,102.6,102.6,0.0,0.01,-0.04,16.2,100,AUTO.LOITER,0,0
2026-08-13T23:28:05,1786638486,13.822496,100.512271,15.8,-0.07,1.2,0.1,102.6,102.6,-0.01,0.01,-0.04,16.2,100,AUTO.LOITER,0,0
2026-08-13T23:28:06,1786638487,13.822496,100.512271,15.8,-0.07,1.2,0.1,102.6,102.6,-0.01,0.01,-0.04,16.2,100,AUTO.LOITER,0,0
2026-08-13T23:28:07,1786638488,13.822496,100.512271,15.8,-0.07,1.2,0.2,102.6,102.6,0.0,0.0,-0.04,16.2,100,AUTO.LOITER,0,0
2026-08-13T23:28:08,1786638489,13.822495,100.512271,15.4,-0.07,1.2,0.2,102.6,102.6,0.0,0.0,-0.04,16.2,100,AUTO.LOITER,0,0
2026-08-13T23:28:09,1786638490,13.822496,100.512271,15.4,-0.07,1.2,0.2,102.6,102.6,0.0,0.0,-0.05,16.2,100,AUTO.LOITER,0,0
2026-08-13T23:28:10,1786638491,13.822495,100.512271,15.8,-0.06,1.2,0.2,102.6,102.6,0.0,0.0,-0.05,16.2,100,AUTO.LOITER,0,0
2026-08-13T23:28:11,1786638492,13.822495,100.512271,15.8,-0.06,1.2,0.2,102.6,102.6,-0.01,0.0,-0.04,16.2,100,AUTO.LOITER,0,0
2026-08-13T23:28:12,1786638493,13.822496,100.512271,15.8,-0.07,1.2,0.2,102.6,102.6,0.0,0.0,-0.03,16.2,100,AUTO.LOITER,0,0
2026-08-13T23:28:13,1786638494,13.822496,100.512271,15.8,-0.08,1.2,0.2,102.6,102.6,0.0,0.0,-0.02,16.2,100,AUTO.LOITER,0,0
2026-08-13T23:28:14,1786638495,13.822495,100.512271,15.8,-0.09,1.2,0.2,102.6,102.6,0.0,-0.01,-0.02,16.2,100,AUTO.LOITER,0,0
2026-08-13T23:28:15,1786638496,13.822496,100.512271,15.8,-0.09,1.2,0.2,102.6,102.6,0.01,-0.01,-0.02,16.2,100,AUTO.LOITER,0,0
2026-08-13T23:28:16,1786638497,13.822496,100.512271,15.8,-0.09,1.2,0.2,102.6,102.6,0.01,0.0,-0.02,16.2,100,AUTO.LOITER,0,0
2026-08-13T23:28:17,1786638498,13.822496,100.512271,15.8,-0.09,1.2,0.2,102.6,102.6,0.0,0.0,-0.01,16.2,100,AUTO.LOITER,0,0
2026-08-13T23:28:18,1786638499,13.822496,100.512271,15.4,-0.09,1.2,0.2,102.6,102.6,0.0,0.0,-0.01,16.2,100,AUTO.LOITER,0,0
2026-08-13T23:28:19,1786638500,13.822496,100.512271,15.8,-0.09,1.2,0.2,102.6,102.6,-0.01,0.01,-0.02,16.2,100,AUTO.LOITER,0,0
2026-08-13T23:28:20,1786638501,13.822496,100.512271,15.8,-0.09,1.2,0.2,102.6,102.6,-0.01,0.01,-0.02,16.2,100,AUTO.LOITER,0,0
2026-08-13T23:28:21,1786638502,13.822496,100.512271,15.8,-0.09,1.2,0.3,102.6,102.6,-0.01,0.0,-0.02,16.2,100,AUTO.LOITER,0,0
2026-08-13T23:28:22,1786638503,13.822496,100.512271,15.8,-0.08,1.2,0.3,102.6,102.6,-0.02,0.01,-0.02,16.2,100,AUTO.LOITER,0,0
2026-08-13T23:28:23,1786638504,13.822496,100.512271,15.8,-0.08,1.2,0.3,102.6,102.6,-0.02,0.01,-0.03,16.2,100,AUTO.LOITER,0,0
2026-08-13T23:28:24,1786638505,13.822495,100.512271,15.8,-0.08,1.2,0.3,102.6,102.6,-0.03,0.01,-0.03,16.2,100,AUTO.LOITER,0,0
2026-08-13T23:28:25,1786638506,13.822496,100.512271,15.8,-0.07,1.2,0.3,102.6,102.6,-0.02,0.01,-0.04,16.2,100,AUTO.LOITER,0,0
2026-08-13T23:28:26,1786638507,13.822495,100.512271,15.8,-0.07,1.2,0.3,102.6,102.6,-0.03,0.02,-0.04,16.2,100,AUTO.LOITER,0,0
2026-08-13T23:28:27,1786638508,13.822495,100.512271,15.8,-0.07,1.1,0.4,102.6,102.6,-0.03,0.02,-0.04,16.2,100,AUTO.LOITER,0,0
2026-08-13T23:28:28,1786638509,13.822495,100.512271,15.8,-0.07,1.1,0.4,102.6,102.6,-0.02,0.0,-0.04,16.2,100,AUTO.LOITER,0,0
2026-08-13T23:28:29,1786638510,13.822496,100.512271,15.8,-0.07,1.1,0.5,102.6,102.6,-0.01,0.0,-0.04,16.2,100,AUTO.LOITER,0,0
2026-08-13T23:28:30,1786638511,13.822496,100.512271,15.8,-0.07,1.0,0.5,102.6,102.6,-0.01,-0.02,-0.03,16.2,100,AUTO.LOITER,0,0
2026-08-13T23:28:31,1786638512,13.822496,100.512271,15.8,-0.07,1.0,0.5,102.6,102.6,0.0,-0.01,-0.03,16.2,100,AUTO.LOITER,0,0
2026-08-13T23:28:32,1786638513,13.822495,100.512271,15.8,-0.08,1.0,0.5,102.7,102.7,0.0,0.0,-0.03,16.2,100,AUTO.LOITER,0,0
2026-08-13T23:28:33,1786638514,13.822496,100.512271,15.8,-0.08,1.0,0.5,102.7,102.7,0.0,-0.01,-0.02,16.2,100,AUTO.LOITER,0,0
2026-08-13T23:28:34,1786638515,13.822496,100.512271,15.8,-0.08,1.0,0.5,102.7,102.7,0.0,-0.02,-0.03,16.2,100,AUTO.LOITER,0,0
2026-08-13T23:28:35,1786638516,13.822495,100.512271,15.8,-0.07,1.0,0.5,102.7,102.7,-0.01,-0.01,-0.03,16.2,100,AUTO.LOITER,0,0
2026-08-13T23:28:36,1786638517,13.822496,100.512271,15.4,-0.07,1.0,0.5,102.7,102.7,-0.01,-0.01,-0.03,16.2,100,AUTO.LOITER,0,0
2026-08-13T23:28:37,1786638518,13.822495,100.512271,15.8,-0.07,0.9,0.5,102.7,102.7,0.0,-0.01,-0.03,16.2,100,AUTO.LOITER,0,0
2026-08-13T23:28:38,1786638519,13.822496,100.512271,15.8,-0.07,0.9,0.5,102.7,102.7,0.0,-0.01,-0.03,16.2,100,AUTO.LOITER,0,0
2026-08-13T23:28:39,1786638520,13.822496,100.512271,15.8,-0.07,0.9,0.5,102.7,102.7,0.0,-0.01,-0.04,16.2,100,AUTO.LOITER,0,0
2026-08-13T23:28:40,1786638521,13.822496,100.512271,15.8,-0.07,0.9,0.5,102.7,102.7,0.01,-0.02,-0.04,16.2,100,AUTO.LOITER,0,0
2026-08-13T23:28:41,1786638522,13.822496,100.512271,15.8,-0.07,0.9,0.5,102.7,102.7,0.01,-0.03,-0.03,16.2,100,AUTO.LOITER,0,0
2026-08-13T23:28:42,1786638523,13.822496,100.512271,15.8,-0.08,0.9,0.5,102.7,102.7,0.0,-0.04,-0.02,16.2,100,AUTO.LOITER,0,0
2026-08-13T23:28:43,1786638524,13.822496,100.512271,15.4,-0.08,0.9,0.5,102.7,102.7,0.0,-0.04,-0.02,16.2,100,AUTO.LOITER,0,0
2026-08-13T23:28:44,1786638525,13.822496,100.512271,15.4,-0.08,0.9,0.4,102.7,102.7,0.0,-0.04,-0.02,16.2,100,AUTO.LOITER,0,0
2026-08-13T23:28:45,1786638526,13.822496,100.512271,15.4,-0.08,0.9,0.4,102.7,102.7,0.0,-0.04,-0.02,16.2,100,AUTO.LOITER,0,0
2026-08-13T23:28:46,1786638527,13.822496,100.512271,15.8,-0.1,0.9,0.4,102.7,102.7,0.01,-0.03,0.0,16.2,100,AUTO.LOITER,0,0
2026-08-13T23:28:47,1786638528,13.822496,100.512271,15.8,-0.1,0.9,0.3,102.7,102.7,0.01,-0.02,-0.01,16.2,100,AUTO.LOITER,0,0
2026-08-13T23:28:48,1786638529,13.822496,100.512271,15.8,-0.09,0.9,0.3,102.7,102.7,0.02,-0.01,-0.01,16.2,100,AUTO.LOITER,0,0
2026-08-13T23:28:49,1786638530,13.822496,100.512271,15.8,-0.09,0.9,0.3,102.7,102.7,0.02,-0.01,-0.02,16.2,100,AUTO.LOITER,0,0
2026-08-13T23:28:50,1786638531,13.822496,100.512271,15.8,-0.09,0.9,0.3,102.7,102.7,0.03,-0.03,-0.02,16.2,100,AUTO.LOITER,0,0
2026-08-13T23:28:51,1786638532,13.822496,100.512271,15.8,-0.09,0.9,0.3,102.7,102.7,0.03,-0.03,-0.02,16.2,100,AUTO.LOITER,0,0
2026-08-13T23:28:52,1786638533,13.822495,100.512271,15.4,-0.09,1.0,0.2,102.7,102.7,0.03,-0.03,-0.02,16.2,100,AUTO.LOITER,0,0
2026-08-13T23:28:53,1786638534,13.822496,100.512271,15.8,-0.08,1.0,0.2,102.7,102.7,0.03,-0.01,-0.02,16.2,100,AUTO.LOITER,0,0
2026-08-13T23:28:54,1786638535,13.822496,100.512271,15.8,-0.08,1.0,0.2,102.7,102.7,0.04,0.0,-0.03,16.2,100,AUTO.LOITER,0,0
2026-08-13T23:28:55,1786638536,13.822496,100.512271,15.8,-0.07,1.1,0.1,102.7,102.7,0.04,0.0,-0.03,16.2,100,AUTO.LOITER,0,0
2026-08-13T23:28:56,1786638537,13.822496,100.512271,15.8,-0.08,1.1,0.1,102.7,102.7,0.03,0.0,-0.02,16.2,100,AUTO.LOITER,0,0
2026-08-13T23:28:57,1786638538,13.822496,100.512271,15.8,-0.09,1.2,0.1,102.7,102.7,0.01,0.0,-0.01,16.2,100,AUTO.LOITER,0,0
2026-08-13T23:28:58,1786638539,13.822496,100.512271,15.8,-0.09,1.2,0.1,102.7,102.7,0.01,0.0,-0.01,16.2,100,AUTO.LOITER,0,0
2026-08-13T23:28:59,1786638540,13.822496,100.512271,15.8,-0.09,1.2,0.1,102.7,102.7,0.01,0.0,-0.01,16.2,100,AUTO.LOITER,0,0
2026-08-13T23:29:00,1786638541,13.822495,100.512271,15.5,-0.09,1.3,0.1,102.7,102.7,0.01,0.0,-0.01,16.2,100,AUTO.LOITER,0,0
2026-08-13T23:29:01,1786638542,13.822496,100.512271,15.8,-0.09,1.3,0.0,102.7,102.7,-0.01,-0.01,-0.01,16.2,100,AUTO.LOITER,0,0
2026-08-13T23:29:02,1786638543,13.822495,100.512271,15.8,-0.1,1.3,0.0,102.7,102.7,-0.02,-0.01,0.0,16.2,100,AUTO.LOITER,0,0
2026-08-13T23:29:03,1786638544,13.822495,100.512271,15.8,-0.1,1.3,0.0,102.7,102.7,-0.03,-0.01,0.0,16.2,100,AUTO.LOITER,0,0
2026-08-13T23:29:04,1786638545,13.822495,100.512271,15.8,-0.11,1.2,0.0,102.7,102.7,-0.02,0.0,0.0,16.2,100,AUTO.LOITER,0,0
2026-08-13T23:29:05,1786638546,13.822495,100.512271,15.8,-0.12,1.2,0.0,102.7,102.7,0.0,0.0,0.01,16.2,100,AUTO.LOITER,0,0
2026-08-13T23:29:06,1786638547,13.822496,100.512271,15.8,-0.12,1.2,0.0,102.7,102.7,0.0,0.01,0.01,16.2,100,AUTO.LOITER,0,0
2026-08-13T23:29:07,1786638548,13.822496,100.512271,15.8,-0.12,1.2,0.0,102.7,102.7,0.01,0.02,0.02,16.2,100,AUTO.LOITER,0,0
2026-08-13T23:29:08,1786638549,13.822496,100.512271,15.8,-0.12,1.3,0.0,102.7,102.7,0.01,0.03,0.02,16.2,100,AUTO.LOITER,0,0
2026-08-13T23:29:09,1786638550,13.822496,100.512271,15.4,-0.12,1.3,0.1,102.7,102.7,0.01,0.03,0.02,16.2,100,AUTO.LOITER,0,0
2026-08-13T23:29:10,1786638551,13.822495,100.512271,15.7,-0.13,1.3,0.1,102.7,102.7,0.0,0.02,0.03,16.2,100,AUTO.LOITER,0,0
2026-08-13T23:29:11,1786638552,13.822496,100.512271,15.7,-0.13,1.3,0.1,102.7,102.7,0.0,0.01,0.03,16.2,100,AUTO.LOITER,0,0
2026-08-13T23:29:12,1786638553,13.822496,100.512271,15.7,-0.13,1.3,0.1,102.7,102.7,0.0,0.0,0.03,16.2,100,AUTO.LOITER,0,0
2026-08-13T23:29:13,1786638554,13.822496,100.512271,15.7,-0.13,1.4,0.1,102.7,102.7,0.0,0.0,0.04,16.2,100,AUTO.LOITER,0,0
2026-08-13T23:29:14,1786638555,13.822496,100.512271,15.7,-0.14,1.4,0.1,102.7,102.7,-0.01,0.0,0.04,16.2,100,AUTO.LOITER,0,0
2026-08-13T23:29:15,1786638556,13.822496,100.512271,15.7,-0.14,1.3,0.1,102.7,102.7,0.0,0.0,0.04,16.2,100,AUTO.LOITER,0,0
2026-08-13T23:29:16,1786638557,13.822495,100.512271,15.7,-0.15,1.4,0.1,102.7,102.7,-0.01,0.01,0.05,16.2,100,AUTO.LOITER,0,0
2026-08-13T23:29:17,1786638558,13.822496,100.512271,15.3,-0.15,1.4,0.1,102.7,102.7,-0.01,0.01,0.05,16.2,100,AUTO.LOITER,0,0
2026-08-13T23:29:18,1786638559,13.822495,100.512271,15.7,-0.15,1.4,0.1,102.7,102.7,-0.02,0.01,0.05,16.2,100,AUTO.LOITER,0,0
2026-08-13T23:29:19,1786638560,13.822495,100.512271,15.7,-0.15,1.3,0.1,102.7,102.7,-0.02,0.01,0.05,16.2,100,AUTO.LOITER,0,0
2026-08-13T23:29:20,1786638561,13.822495,100.512271,15.7,-0.15,1.3,0.1,102.7,102.7,-0.01,0.02,0.04,16.2,100,AUTO.LOITER,0,0
2026-08-13T23:29:21,1786638562,13.822495,100.512271,15.7,-0.13,1.3,0.1,102.7,102.7,-0.02,0.01,0.03,16.2,100,AUTO.LOITER,0,0
2026-08-13T23:29:22,1786638563,13.822495,100.512271,15.8,-0.12,1.3,0.2,102.7,102.7,-0.02,0.02,0.02,16.2,100,AUTO.LOITER,0,0
2026-08-13T23:29:23,1786638564,13.822495,100.512271,15.8,-0.12,1.3,0.2,102.7,102.7,-0.01,0.02,0.01,16.2,100,AUTO.LOITER,0,0
2026-08-13T23:29:24,1786638565,13.822495,100.512271,15.8,-0.11,1.3,0.2,102.7,102.7,0.0,0.0,0.0,16.2,100,AUTO.LOITER,0,0
2026-08-13T23:29:25,1786638566,13.822495,100.512271,15.8,-0.11,1.3,0.2,102.7,102.7,0.0,0.0,0.0,16.2,100,AUTO.LOITER,0,0
2026-08-13T23:29:26,1786638567,13.822496,100.512271,15.8,-0.1,1.3,0.3,102.7,102.7,0.0,-0.01,0.0,16.2,100,AUTO.LOITER,0,0
2026-08-13T23:29:27,1786638568,13.822496,100.512271,15.8,-0.1,1.3,0.3,102.7,102.7,0.0,-0.02,0.0,16.2,100,AUTO.LOITER,0,0
2026-08-13T23:29:28,1786638569,13.822496,100.512271,15.8,-0.1,1.3,0.2,102.7,102.7,0.0,-0.01,0.0,16.2,100,AUTO.LOITER,0,0
2026-08-13T23:29:29,1786638570,13.822496,100.512271,15.8,-0.11,1.3,0.2,102.7,102.7,0.0,0.0,0.0,16.2,100,AUTO.LOITER,0,0
2026-08-13T23:29:30,1786638571,13.822496,100.512271,15.8,-0.11,1.3,0.2,102.7,102.7,0.0,0.01,0.01,16.2,100,AUTO.LOITER,0,0
2026-08-13T23:29:31,1786638572,13.822496,100.512271,15.8,-0.12,1.4,0.2,102.7,102.7,0.0,0.01,0.02,16.2,100,AUTO.LOITER,0,0
2026-08-13T23:29:32,1786638573,13.822496,100.512271,15.8,-0.12,1.4,0.2,102.7,102.7,0.0,0.01,0.02,16.2,100,AUTO.LOITER,0,0
2026-08-13T23:29:33,1786638574,13.822496,100.512271,15.4,-0.12,1.4,0.3,102.7,102.7,0.0,0.01,0.02,16.2,100,AUTO.LOITER,0,0
2026-08-13T23:29:34,1786638575,13.822496,100.512271,15.4,-0.12,1.4,0.2,102.7,102.7,0.0,0.01,0.02,16.2,100,AUTO.LOITER,0,0
2026-08-13T23:29:35,1786638576,13.822496,100.512271,15.8,-0.1,1.4,0.2,102.7,102.7,0.01,-0.02,0.0,16.2,100,AUTO.LOITER,0,0
2026-08-13T23:29:36,1786638577,13.822496,100.512271,15.8,-0.09,1.4,0.2,102.7,102.7,0.0,-0.01,-0.02,16.2,100,AUTO.LOITER,0,0
2026-08-13T23:29:37,1786638578,13.822496,100.512271,15.8,-0.08,1.4,0.1,102.7,102.7,0.0,0.0,-0.02,16.2,100,AUTO.LOITER,0,0
2026-08-13T23:29:38,1786638579,13.822496,100.512271,15.8,-0.08,1.4,0.1,102.7,102.7,0.0,0.0,-0.03,16.2,100,AUTO.LOITER,0,0
2026-08-13T23:29:39,1786638580,13.822496,100.512271,15.8,-0.08,1.4,0.1,102.6,102.6,0.0,0.0,-0.02,16.2,100,AUTO.LOITER,0,0
2026-08-13T23:29:40,1786638581,13.822496,100.512271,15.8,-0.09,1.4,0.1,102.6,102.6,0.0,0.0,-0.01,16.2,100,AUTO.LOITER,0,0
2026-08-13T23:29:41,1786638582,13.822495,100.512271,15.4,-0.09,1.4,0.1,102.6,102.6,0.0,0.0,-0.01,16.2,100,AUTO.LOITER,0,0
2026-08-13T23:29:42,1786638583,13.822495,100.512271,15.4,-0.09,1.4,0.1,102.6,102.6,0.0,0.0,-0.01,16.2,100,AUTO.LOITER,0,0
2026-08-13T23:29:43,1786638584,13.822495,100.512271,15.4,-0.09,1.4,0.1,102.6,102.6,0.0,0.0,-0.01,16.2,100,AUTO.LOITER,0,0
2026-08-13T23:29:44,1786638585,13.822496,100.512271,15.8,-0.1,1.4,0.0,102.6,102.6,0.01,0.01,0.0,16.2,100,AUTO.LOITER,0,0
2026-08-13T23:29:45,1786638586,13.822496,100.512271,15.8,-0.1,1.4,0.0,102.6,102.6,0.01,0.01,0.0,16.2,100,AUTO.LOITER,0,0
2026-08-13T23:29:46,1786638587,13.822495,100.512271,15.8,-0.1,1.5,0.0,102.6,102.6,0.0,0.01,0.0,16.2,100,AUTO.LOITER,0,0
2026-08-13T23:29:47,1786638588,13.822495,100.512271,15.8,-0.1,1.5,0.0,102.6,102.6,0.0,0.0,0.0,16.2,100,AUTO.LOITER,0,0
2026-08-13T23:29:48,1786638589,13.822496,100.512271,15.8,-0.1,1.5,0.0,102.6,102.6,0.0,0.01,0.0,16.2,100,AUTO.LOITER,0,0
2026-08-13T23:29:49,1786638590,13.822496,100.512271,15.8,-0.11,1.5,0.0,102.6,102.6,0.0,0.01,0.0,16.2,100,AUTO.LOITER,0,0
2026-08-13T23:29:50,1786638591,13.822495,100.512271,15.4,-0.11,1.5,0.0,102.6,102.6,0.0,0.01,0.0,16.2,100,AUTO.LOITER,0,0
2026-08-13T23:29:51,1786638592,13.822496,100.512271,15.8,-0.1,1.5,0.0,102.6,102.6,0.0,0.01,0.0,16.2,100,AUTO.LOITER,0,0
2026-08-13T23:29:52,1786638593,13.822496,100.512271,15.4,-0.1,1.5,0.0,102.6,102.6,0.0,0.01,0.0,16.2,100,AUTO.LOITER,0,0
2026-08-13T23:29:53,1786638594,13.822496,100.512271,15.4,-0.1,1.5,0.0,102.6,102.6,0.0,0.01,0.0,16.2,100,AUTO.LOITER,0,0
2026-08-13T23:29:54,1786638595,13.822496,100.512271,15.8,-0.1,1.5,0.0,102.6,102.6,0.0,0.0,0.0,16.2,100,AUTO.LOITER,0,0
2026-08-13T23:29:55,1786638596,13.822496,100.512271,15.8,-0.1,1.5,0.0,102.6,102.6,0.0,0.01,0.0,16.2,100,AUTO.LOITER,0,0
2026-08-13T23:29:56,1786638597,13.822496,100.512271,15.8,-0.1,1.5,0.0,102.6,102.6,0.0,0.02,0.0,16.2,100,AUTO.LOITER,0,0
2026-08-13T23:29:57,1786638598,13.822496,100.512271,15.8,-0.1,1.5,0.0,102.6,102.6,0.0,0.02,0.0,16.2,100,AUTO.LOITER,0,0
2026-08-13T23:29:58,1786638599,13.822495,100.512271,15.4,-0.1,1.6,0.0,102.6,102.6,0.0,0.02,0.0,16.2,100,AUTO.LOITER,0,0
2026-08-13T23:29:59,1786638600,13.822495,100.512271,15.8,-0.1,1.6,0.1,102.6,102.6,-0.01,0.02,0.0,16.2,100,AUTO.LOITER,0,0
2026-08-13T23:30:00,1786638601,13.822495,100.512271,15.8,-0.11,1.6,0.1,102.6,102.6,-0.01,0.0,0.0,16.2,100,AUTO.LOITER,0,0
2026-08-13T23:30:01,1786638602,13.822495,100.512271,15.8,-0.12,1.6,0.1,102.6,102.6,-0.01,0.01,0.02,16.2,100,AUTO.LOITER,0,0
2026-08-13T23:30:02,1786638603,13.822495,100.512271,15.8,-0.12,1.6,0.1,102.6,102.6,-0.01,0.0,0.02,16.2,100,AUTO.LOITER,0,0
2026-08-13T23:30:03,1786638604,13.822495,100.512271,15.8,-0.13,1.6,0.1,102.6,102.6,-0.01,-0.01,0.02,16.2,100,AUTO.LOITER,0,0
2026-08-13T23:30:04,1786638605,13.822495,100.512271,15.8,-0.12,1.5,0.1,102.6,102.6,0.0,-0.01,0.02,16.2,100,AUTO.LOITER,0,0
2026-08-13T23:30:05,1786638606,13.822495,100.512271,15.8,-0.12,1.5,0.1,102.6,102.6,0.0,-0.01,0.01,16.2,100,AUTO.LOITER,0,0
2026-08-13T23:30:06,1786638607,13.822495,100.512271,15.8,-0.12,1.5,0.1,102.6,102.6,0.0,-0.01,0.01,16.2,100,AUTO.LOITER,0,0
2026-08-13T23:30:07,1786638608,13.822496,100.512271,15.8,-0.11,1.5,0.1,102.6,102.6,0.01,-0.01,0.0,16.2,100,AUTO.LOITER,0,0
2026-08-13T23:30:08,1786638609,13.822495,100.512271,15.8,-0.1,1.6,0.1,102.6,102.6,0.0,-0.01,0.0,16.2,100,AUTO.LOITER,0,0
2026-08-13T23:30:09,1786638610,13.822495,100.512271,15.8,-0.09,1.6,0.1,102.6,102.6,0.0,0.0,-0.01,16.2,100,AUTO.LOITER,0,0
2026-08-13T23:30:10,1786638611,13.822496,100.512271,15.8,-0.09,1.6,0.0,102.6,102.6,0.01,0.01,-0.01,16.2,100,AUTO.LOITER,0,0
2026-08-13T23:30:11,1786638612,13.822496,100.512271,15.8,-0.09,1.6,0.1,102.6,102.6,0.01,0.02,-0.01,16.2,100,AUTO.LOITER,0,0
2026-08-13T23:30:12,1786638613,13.822496,100.512271,15.8,-0.09,1.6,0.1,102.6,102.6,0.01,0.02,-0.01,16.2,100,AUTO.LOITER,0,0
2026-08-13T23:30:13,1786638614,13.822496,100.512271,15.8,-0.09,1.6,0.1,102.6,102.6,0.01,0.01,-0.01,16.2,100,AUTO.LOITER,0,0
2026-08-13T23:30:14,1786638615,13.822496,100.512271,15.8,-0.09,1.6,0.1,102.6,102.6,0.01,0.01,-0.01,16.2,100,AUTO.LOITER,0,0
2026-08-13T23:30:15,1786638616,13.822496,100.512271,15.8,-0.09,1.7,0.1,102.6,102.6,0.02,0.0,-0.01,16.2,100,AUTO.LOITER,0,0
2026-08-13T23:30:16,1786638617,13.822496,100.512271,15.8,-0.1,1.7,0.1,102.6,102.6,0.01,0.0,-0.01,16.2,100,AUTO.LOITER,0,0
2026-08-13T23:30:17,1786638618,13.822496,100.512271,15.8,-0.1,1.7,0.1,102.6,102.6,0.0,0.0,0.0,16.2,100,AUTO.LOITER,0,0
2026-08-13T23:30:18,1786638619,13.822496,100.512271,15.8,-0.1,1.7,0.1,102.6,102.6,0.01,0.0,0.0,16.2,100,AUTO.LOITER,0,0
2026-08-13T23:30:20,1786638620,13.822496,100.512271,15.8,-0.1,1.8,0.1,102.6,102.6,0.01,0.0,0.0,16.2,100,AUTO.LOITER,0,0
2026-08-13T23:30:21,1786638621,13.822496,100.512271,15.8,-0.1,1.8,0.1,102.6,102.6,0.0,0.0,0.0,16.2,100,AUTO.LOITER,0,0
2026-08-13T23:30:22,1786638622,13.822496,100.512271,15.4,-0.1,1.8,0.1,102.6,102.6,0.0,0.0,0.0,16.2,100,AUTO.LOITER,0,0
2026-08-13T23:30:23,1786638623,13.822496,100.512271,15.8,-0.1,1.8,0.1,102.6,102.6,0.0,0.0,-0.01,16.2,100,AUTO.LOITER,0,0
2026-08-13T23:30:24,1786638624,13.822496,100.512271,15.8,-0.09,1.8,0.1,102.6,102.6,0.0,0.01,-0.02,16.2,100,AUTO.LOITER,0,0
2026-08-13T23:30:25,1786638625,13.822496,100.512271,15.8,-0.08,1.8,0.1,102.6,102.6,0.0,0.01,-0.03,16.2,100,AUTO.LOITER,0,0
2026-08-13T23:30:26,1786638626,13.822496,100.512271,15.8,-0.08,1.8,0.1,102.6,102.6,0.0,0.0,-0.02,16.2,100,AUTO.LOITER,0,0
2026-08-13T23:30:27,1786638627,13.822496,100.512271,15.8,-0.08,1.8,0.1,102.6,102.6,0.0,0.0,-0.02,16.2,100,AUTO.LOITER,0,0
2026-08-13T23:30:28,1786638628,13.822496,100.512271,15.8,-0.08,1.8,0.1,102.6,102.6,0.0,0.01,-0.02,16.2,100,AUTO.LOITER,0,0
2026-08-13T23:30:29,1786638629,13.822496,100.512271,15.8,-0.09,1.8,0.1,102.6,102.6,0.0,0.0,-0.01,16.2,100,AUTO.LOITER,0,0
2026-08-13T23:30:30,1786638630,13.822496,100.512271,15.8,-0.09,1.8,0.2,102.6,102.6,0.0,-0.02,-0.01,16.2,100,AUTO.LOITER,0,0
2026-08-13T23:30:31,1786638631,13.822496,100.512271,15.8,-0.1,1.8,0.2,102.6,102.6,0.0,-0.03,0.0,16.2,100,AUTO.LOITER,0,0
2026-08-13T23:30:32,1786638632,13.822496,100.512271,15.8,-0.1,1.8,0.2,102.6,102.6,0.0,-0.03,0.0,16.2,100,AUTO.LOITER,0,0
2026-08-13T23:30:33,1786638633,13.822496,100.512271,15.8,-0.1,1.9,0.2,102.6,102.6,0.0,-0.02,0.0,16.2,100,AUTO.LOITER,0,0
2026-08-13T23:30:34,1786638634,13.822496,100.512271,15.8,-0.1,1.9,0.2,102.6,102.6,0.0,-0.01,0.0,16.2,100,AUTO.LOITER,0,0
2026-08-13T23:30:35,1786638635,13.822496,100.512271,15.8,-0.1,1.9,0.2,102.6,102.6,0.0,-0.02,-0.01,16.2,100,AUTO.LOITER,0,0
2026-08-13T23:30:36,1786638636,13.822496,100.512271,15.8,-0.1,1.9,0.2,102.6,102.6,-0.01,-0.01,-0.01,16.2,100,AUTO.LOITER,0,0
2026-08-13T23:30:37,1786638637,13.822496,100.512271,15.5,-0.1,1.9,0.2,102.7,102.7,-0.01,-0.01,-0.01,16.2,100,AUTO.LOITER,0,0
2026-08-13T23:30:38,1786638638,13.822495,100.512271,15.8,-0.09,1.9,0.2,102.7,102.7,-0.02,0.0,0.0,16.2,100,AUTO.LOITER,0,0
2026-08-13T23:30:39,1786638639,13.822495,100.512271,15.8,-0.1,1.9,0.2,102.7,102.7,-0.02,0.0,-0.01,16.2,100,AUTO.LOITER,0,0
2026-08-13T23:30:40,1786638640,13.822495,100.512271,15.8,-0.09,1.9,0.2,102.7,102.7,-0.01,0.0,-0.01,16.2,100,AUTO.LOITER,0,0
2026-08-13T23:30:41,1786638641,13.822496,100.512271,15.8,-0.09,1.9,0.2,102.7,102.7,-0.01,0.0,-0.01,16.2,100,AUTO.LOITER,0,0
2026-08-13T23:30:42,1786638642,13.822495,100.512271,15.8,-0.09,1.9,0.2,102.7,102.7,-0.02,0.0,0.0,16.2,100,AUTO.LOITER,0,0
2026-08-13T23:30:43,1786638643,13.822495,100.512271,15.8,-0.1,1.8,0.2,102.7,102.7,-0.02,0.0,0.0,16.2,100,AUTO.LOITER,0,0
2026-08-13T23:30:44,1786638644,13.822495,100.512271,15.8,-0.1,1.8,0.3,102.7,102.7,-0.02,0.0,0.0,16.2,100,AUTO.LOITER,0,0
2026-08-13T23:30:45,1786638645,13.822495,100.512271,15.8,-0.1,1.8,0.3,102.7,102.7,-0.01,0.0,-0.01,16.2,100,AUTO.LOITER,0,0
2026-08-13T23:30:46,1786638646,13.822495,100.512271,15.8,-0.09,1.8,0.3,102.7,102.7,-0.01,-0.01,-0.02,16.2,100,AUTO.LOITER,0,0
2026-08-13T23:30:47,1786638647,13.822495,100.512271,15.4,-0.09,1.8,0.3,102.7,102.7,-0.01,-0.01,-0.02,16.2,100,AUTO.LOITER,0,0
2026-08-13T23:30:48,1786638648,13.822495,100.512271,15.8,-0.08,1.8,0.3,102.7,102.7,-0.01,-0.02,-0.02,16.2,100,AUTO.LOITER,0,0
2026-08-13T23:30:49,1786638649,13.822495,100.512271,15.8,-0.08,1.8,0.3,102.7,102.7,-0.01,-0.01,-0.02,16.2,100,AUTO.LOITER,0,0
2026-08-13T23:30:50,1786638650,13.822495,100.512271,15.8,-0.08,1.8,0.3,102.7,102.7,0.0,-0.01,-0.02,16.2,100,AUTO.LOITER,0,0
2026-08-13T23:30:51,1786638651,13.822496,100.512271,15.8,-0.08,1.8,0.3,102.7,102.7,0.01,-0.01,-0.02,16.2,100,AUTO.LOITER,0,0
2026-08-13T23:30:52,1786638652,13.822496,100.512271,15.8,-0.09,1.8,0.3,102.7,102.7,0.01,-0.01,-0.01,16.2,100,AUTO.LOITER,0,0
2026-08-13T23:30:53,1786638653,13.822496,100.512271,15.8,-0.1,1.8,0.3,102.8,102.8,0.0,-0.02,0.0,16.2,100,AUTO.LOITER,0,0
2026-08-13T23:30:54,1786638654,13.822496,100.512271,15.4,-0.1,1.7,0.3,102.8,102.8,0.0,-0.02,0.0,16.2,100,AUTO.LOITER,0,0
2026-08-13T23:30:55,1786638655,13.822496,100.512271,15.8,-0.1,1.7,0.3,102.8,102.8,0.0,-0.02,0.0,16.2,100,AUTO.LOITER,0,0
2026-08-13T23:30:56,1786638656,13.822496,100.512271,15.8,-0.1,1.7,0.3,102.8,102.8,0.01,-0.03,0.0,16.2,100,AUTO.LOITER,0,0
2026-08-13T23:30:57,1786638657,13.822496,100.512271,15.4,-0.1,1.7,0.2,102.8,102.8,0.01,-0.03,0.0,16.2,100,AUTO.LOITER,0,0
2026-08-13T23:30:58,1786638658,13.822496,100.512271,15.8,-0.11,1.7,0.2,102.8,102.8,0.0,-0.03,0.0,16.2,100,AUTO.LOITER,0,0
2026-08-13T23:30:59,1786638659,13.822496,100.512271,15.8,-0.11,1.7,0.2,102.8,102.8,0.0,-0.02,0.0,16.2,100,AUTO.LOITER,0,0
2026-08-13T23:31:00,1786638660,13.822496,100.512271,15.8,-0.1,1.7,0.2,102.8,102.8,0.0,-0.01,-0.01,16.2,100,AUTO.LOITER,0,0
2026-08-13T23:31:01,1786638661,13.822496,100.512271,15.8,-0.09,1.6,0.1,102.8,102.8,0.0,0.0,-0.02,16.2,100,AUTO.LOITER,0,0
2026-08-13T23:31:02,1786638662,13.822496,100.512271,15.4,-0.09,1.6,0.1,102.7,102.7,0.0,0.0,-0.02,16.2,100,AUTO.LOITER,0,0
2026-08-13T23:31:03,1786638663,13.822496,100.512271,15.8,-0.08,1.6,0.1,102.7,102.7,0.0,0.0,-0.02,16.2,100,AUTO.LOITER,0,0
2026-08-13T23:31:04,1786638664,13.822496,100.512271,15.8,-0.08,1.6,0.1,102.7,102.7,0.0,0.0,-0.02,16.2,100,AUTO.LOITER,0,0
2026-08-13T23:31:05,1786638665,13.822496,100.512271,15.8,-0.08,1.6,0.1,102.7,102.7,0.0,0.0,-0.03,16.2,100,AUTO.LOITER,0,0
2026-08-13T23:31:06,1786638666,13.822496,100.512271,15.8,-0.07,1.6,0.1,102.7,102.7,0.0,0.0,-0.04,16.2,100,AUTO.LOITER,0,0
2026-08-13T23:31:07,1786638667,13.822496,100.512271,15.8,-0.06,1.6,0.1,102.7,102.7,0.0,0.0,-0.05,16.2,100,AUTO.LOITER,0,0
2026-08-13T23:31:08,1786638668,13.822496,100.512271,15.8,-0.06,1.6,0.1,102.7,102.7,0.0,0.0,-0.05,16.2,100,AUTO.LOITER,0,0
2026-08-13T23:31:09,1786638669,13.822496,100.512271,15.8,-0.05,1.6,0.1,102.7,102.7,0.02,0.0,-0.06,16.2,100,AUTO.LOITER,0,0
2026-08-13T23:31:10,1786638670,13.822496,100.512271,15.8,-0.05,1.6,0.1,102.7,102.7,0.02,0.0,-0.06,16.2,100,AUTO.LOITER,0,0
2026-08-13T23:31:11,1786638671,13.822496,100.512271,15.8,-0.05,1.6,0.1,102.7,102.7,0.03,0.0,-0.07,16.2,100,AUTO.LOITER,0,0
2026-08-13T23:31:12,1786638672,13.822496,100.512271,15.8,-0.04,1.6,0.1,102.7,102.7,0.03,0.0,-0.07,16.2,100,AUTO.LOITER,0,0
2026-08-13T23:31:13,1786638673,13.822496,100.512271,15.8,-0.05,1.6,0.1,102.7,102.7,0.02,0.0,-0.06,16.2,100,AUTO.LOITER,0,0
2026-08-13T23:31:14,1786638674,13.822496,100.512271,15.8,-0.05,1.6,0.1,102.7,102.7,0.02,0.0,-0.05,16.2,100,AUTO.LOITER,0,0
2026-08-13T23:31:15,1786638675,13.822496,100.512271,15.8,-0.06,1.6,0.1,102.7,102.7,0.02,0.0,-0.04,16.2,100,AUTO.LOITER,0,0
2026-08-13T23:31:16,1786638676,13.822496,100.512271,15.8,-0.07,1.6,0.1,102.7,102.7,0.02,0.01,-0.04,16.2,100,AUTO.LOITER,0,0
2026-08-13T23:31:17,1786638677,13.822496,100.512271,15.8,-0.07,1.6,0.1,102.7,102.7,0.02,0.01,-0.04,16.2,100,AUTO.LOITER,0,0
2026-08-13T23:31:18,1786638678,13.822496,100.512271,15.8,-0.07,1.6,0.1,102.6,102.6,0.02,0.0,-0.04,16.2,100,AUTO.LOITER,0,0
2026-08-13T23:31:19,1786638679,13.822496,100.512271,15.8,-0.06,1.6,0.1,102.6,102.6,0.01,0.0,-0.05,16.2,100,AUTO.LOITER,0,0
2026-08-13T23:31:20,1786638680,13.822496,100.512271,15.8,-0.05,1.6,0.1,102.6,102.6,0.01,0.0,-0.06,16.2,100,AUTO.LOITER,0,0
2026-08-13T23:31:21,1786638681,13.822496,100.512271,15.8,-0.05,1.7,0.1,102.6,102.6,0.0,0.0,-0.06,16.2,100,AUTO.LOITER,0,0
2026-08-13T23:31:22,1786638682,13.822496,100.512271,15.8,-0.06,1.6,0.2,102.6,102.6,0.0,0.0,-0.05,16.2,100,AUTO.LOITER,0,0
2026-08-13T23:31:23,1786638683,13.822496,100.512271,15.8,-0.06,1.6,0.2,102.6,102.6,0.0,0.0,-0.04,16.2,100,AUTO.LOITER,0,0
2026-08-13T23:31:24,1786638684,13.822496,100.512271,15.4,-0.06,1.7,0.2,102.6,102.6,0.0,0.0,-0.04,16.2,100,AUTO.LOITER,0,0
2026-08-13T23:31:25,1786638685,13.822496,100.512271,15.8,-0.07,1.7,0.2,102.6,102.6,0.0,0.0,-0.03,16.2,100,AUTO.LOITER,0,0
2026-08-13T23:31:26,1786638686,13.822496,100.512271,15.8,-0.08,1.7,0.2,102.6,102.6,0.0,0.0,-0.02,16.2,100,AUTO.LOITER,0,0
2026-08-13T23:31:27,1786638687,13.822496,100.512271,15.8,-0.08,1.6,0.2,102.6,102.6,0.0,0.0,-0.02,16.2,100,AUTO.LOITER,0,0
2026-08-13T23:31:28,1786638688,13.822495,100.512271,15.4,-0.08,1.6,0.2,102.6,102.6,0.0,0.0,-0.02,16.2,100,AUTO.LOITER,0,0
2026-08-13T23:31:29,1786638689,13.822496,100.512271,15.8,-0.1,1.6,0.2,102.6,102.6,0.01,0.0,0.0,16.2,100,AUTO.LOITER,0,0
2026-08-13T23:31:30,1786638690,13.822496,100.512271,15.8,-0.1,1.6,0.2,102.6,102.6,0.01,0.0,0.0,16.2,100,AUTO.LOITER,0,0
2026-08-13T23:31:31,1786638691,13.822495,100.512271,15.8,-0.11,1.6,0.3,102.6,102.6,0.0,0.0,0.01,16.2,100,AUTO.LOITER,0,0
2026-08-13T23:31:32,1786638692,13.822495,100.512271,15.8,-0.11,1.6,0.3,102.6,102.6,0.0,0.0,0.01,16.2,100,AUTO.LOITER,0,0
2026-08-13T23:31:33,1786638693,13.822496,100.512271,15.8,-0.1,1.6,0.3,102.6,102.6,0.0,-0.01,0.0,16.2,100,AUTO.LOITER,0,0
2026-08-13T23:31:34,1786638694,13.822496,100.512271,15.8,-0.1,1.6,0.3,102.5,102.5,0.02,-0.02,0.0,16.2,100,AUTO.LOITER,0,0
2026-08-13T23:31:35,1786638695,13.822496,100.512271,15.8,-0.11,1.6,0.3,102.5,102.5,0.02,-0.01,0.0,16.2,100,AUTO.LOITER,0,0
2026-08-13T23:31:36,1786638696,13.822496,100.512271,15.8,-0.11,1.6,0.3,102.5,102.5,0.02,0.0,0.01,16.2,100,AUTO.LOITER,0,0
2026-08-13T23:31:37,1786638697,13.822496,100.512271,15.8,-0.11,1.6,0.3,102.5,102.5,0.02,0.0,0.01,16.2,100,AUTO.LOITER,0,0
2026-08-13T23:31:38,1786638698,13.822495,100.512271,15.4,-0.11,1.6,0.4,102.5,102.5,0.02,0.0,0.01,16.2,100,AUTO.LOITER,0,0
2026-08-13T23:31:39,1786638699,13.822495,100.512271,15.4,-0.11,1.6,0.4,102.5,102.5,0.02,0.0,0.01,16.2,100,AUTO.LOITER,0,0
2026-08-13T23:31:40,1786638700,13.822496,100.512271,15.8,-0.09,1.6,0.4,102.5,102.5,0.03,0.0,-0.01,16.2,100,AUTO.LOITER,0,0
2026-08-13T23:31:41,1786638701,13.822496,100.512271,15.8,-0.09,1.6,0.4,102.5,102.5,0.02,-0.01,-0.01,16.2,100,AUTO.LOITER,0,0
2026-08-13T23:31:42,1786638702,13.822495,100.512271,15.8,-0.09,1.6,0.4,102.5,102.5,0.0,-0.03,-0.01,16.2,100,AUTO.LOITER,0,0
2026-08-13T23:31:43,1786638703,13.822495,100.51227,15.8,-0.09,1.6,0.4,102.5,102.5,0.0,-0.05,-0.01,16.2,100,AUTO.LOITER,0,0
2026-08-13T23:31:44,1786638704,13.822495,100.512271,15.8,-0.09,1.6,0.4,102.5,102.5,0.0,-0.03,0.0,16.2,100,AUTO.LOITER,0,0
2026-08-13T23:31:45,1786638705,13.822495,100.512271,15.4,-0.09,1.6,0.4,102.5,102.5,0.0,-0.03,0.0,16.2,100,AUTO.LOITER,0,0
2026-08-13T23:31:46,1786638706,13.822496,100.512271,15.8,-0.1,1.6,0.3,102.5,102.5,0.02,-0.03,0.0,16.2,100,AUTO.LOITER,0,0
2026-08-13T23:31:47,1786638707,13.822496,100.512271,15.8,-0.1,1.6,0.3,102.5,102.5,0.01,-0.02,0.0,16.2,100,AUTO.LOITER,0,0
2026-08-13T23:31:48,1786638708,13.822496,100.512271,15.8,-0.1,1.6,0.3,102.5,102.5,0.01,-0.02,-0.01,16.2,100,AUTO.LOITER,0,0
2026-08-13T23:31:49,1786638709,13.822496,100.512271,15.8,-0.09,1.6,0.3,102.6,102.6,0.01,-0.01,-0.02,16.2,100,AUTO.LOITER,0,0
2026-08-13T23:31:50,1786638710,13.822496,100.512271,15.8,-0.08,1.6,0.3,102.6,102.6,0.02,-0.01,-0.03,16.2,100,AUTO.LOITER,0,0
2026-08-13T23:31:51,1786638711,13.822496,100.512271,15.8,-0.08,1.6,0.3,102.6,102.6,0.02,-0.01,-0.03,16.2,100,AUTO.LOITER,0,0
2026-08-13T23:31:52,1786638712,13.822496,100.512271,15.8,-0.08,1.6,0.3,102.6,102.6,0.02,-0.01,-0.03,16.2,100,AUTO.LOITER,0,0
2026-08-13T23:31:53,1786638713,13.822496,100.512271,15.8,-0.08,1.6,0.3,102.6,102.6,0.02,-0.01,-0.03,16.2,100,AUTO.LOITER,0,0
2026-08-13T23:31:54,1786638714,13.822496,100.512271,15.8,-0.08,1.6,0.2,102.5,102.5,0.02,0.0,-0.03,16.2,100,AUTO.LOITER,0,0
2026-08-13T23:31:55,1786638715,13.822496,100.512271,15.8,-0.08,1.6,0.2,102.5,102.5,0.01,0.0,-0.03,16.2,100,AUTO.LOITER,0,0
2026-08-13T23:31:56,1786638716,13.822496,100.512271,15.8,-0.07,1.7,0.2,102.5,102.5,0.01,0.02,-0.03,16.2,100,AUTO.LOITER,0,0
2026-08-13T23:31:57,1786638717,13.822496,100.512271,15.8,-0.07,1.7,0.3,102.5,102.5,0.02,0.02,-0.03,16.2,100,AUTO.LOITER,0,0
2026-08-13T23:31:58,1786638718,13.822496,100.512271,15.8,-0.07,1.7,0.3,102.5,102.5,0.02,0.01,-0.03,16.2,100,AUTO.LOITER,0,0
2026-08-13T23:31:59,1786638719,13.822496,100.512271,15.8,-0.07,1.7,0.3,102.5,102.5,0.01,0.01,-0.04,16.2,100,AUTO.LOITER,0,0
2026-08-13T23:32:00,1786638720,13.822496,100.512271,15.8,-0.07,1.7,0.3,102.5,102.5,0.01,0.01,-0.04,16.2,100,AUTO.LOITER,0,0
2026-08-13T23:32:01,1786638721,13.822496,100.512271,15.8,-0.07,1.7,0.4,102.5,102.5,0.01,0.0,-0.04,16.2,100,AUTO.LOITER,0,0
2026-08-13T23:32:02,1786638722,13.822496,100.512271,15.8,-0.07,1.8,0.4,102.5,102.5,0.0,0.0,-0.03,16.2,100,AUTO.LOITER,0,0
2026-08-13T23:32:03,1786638723,13.822496,100.512271,15.8,-0.08,1.8,0.4,102.5,102.5,0.0,0.0,-0.02,16.2,100,AUTO.LOITER,0,0
2026-08-13T23:32:04,1786638724,13.822496,100.512271,15.8,-0.09,1.7,0.4,102.5,102.5,-0.01,0.0,-0.01,16.2,100,AUTO.LOITER,0,0
2026-08-13T23:32:05,1786638725,13.822496,100.512271,15.4,-0.09,1.7,0.4,102.5,102.5,-0.01,0.0,-0.01,16.2,100,AUTO.LOITER,0,0
2026-08-13T23:32:06,1786638726,13.822496,100.512271,15.8,-0.09,1.7,0.4,102.5,102.5,0.0,0.02,-0.01,16.2,100,AUTO.LOITER,0,0
2026-08-13T23:32:07,1786638727,13.822496,100.512271,15.8,-0.09,1.7,0.4,102.5,102.5,-0.01,0.01,-0.01,16.2,100,AUTO.LOITER,0,0
2026-08-13T23:32:08,1786638728,13.822496,100.512271,15.8,-0.09,1.7,0.5,102.5,102.5,0.0,-0.01,-0.01,16.2,100,AUTO.LOITER,0,0
2026-08-13T23:32:09,1786638729,13.822496,100.512271,15.8,-0.08,1.7,0.4,102.5,102.5,0.0,-0.01,-0.02,16.2,100,AUTO.LOITER,0,0
2026-08-13T23:32:10,1786638730,13.822496,100.512271,15.8,-0.07,1.7,0.5,102.5,102.5,0.0,-0.02,-0.03,16.2,100,AUTO.LOITER,0,0
2026-08-13T23:32:11,1786638731,13.822496,100.512271,15.8,-0.07,1.7,0.5,102.5,102.5,0.0,-0.02,-0.03,16.2,100,AUTO.LOITER,0,0
2026-08-13T23:32:12,1786638732,13.822496,100.512271,15.8,-0.07,1.7,0.5,102.5,102.5,0.0,-0.02,-0.03,16.2,100,AUTO.LOITER,0,0
2026-08-13T23:32:13,1786638733,13.822496,100.512271,15.8,-0.07,1.6,0.4,102.5,102.5,0.0,-0.02,-0.03,16.2,100,AUTO.LOITER,0,0
2026-08-13T23:32:14,1786638734,13.822496,100.512271,15.8,-0.07,1.6,0.4,102.5,102.5,0.0,-0.02,-0.03,16.2,100,AUTO.LOITER,0,0
2026-08-13T23:32:15,1786638735,13.822496,100.512271,15.8,-0.08,1.6,0.4,102.5,102.5,0.0,-0.01,-0.02,16.2,100,AUTO.LOITER,0,0
2026-08-13T23:32:16,1786638736,13.822496,100.512271,15.8,-0.08,1.6,0.4,102.5,102.5,0.0,-0.01,-0.03,16.2,100,AUTO.LOITER,0,0
2026-08-13T23:32:17,1786638737,13.822495,100.512271,15.8,-0.07,1.6,0.4,102.5,102.5,0.0,-0.02,-0.04,16.2,100,AUTO.LOITER,0,0
2026-08-13T23:32:18,1786638738,13.822495,100.512271,15.8,-0.06,1.6,0.4,102.5,102.5,0.0,0.0,-0.04,16.2,100,AUTO.LOITER,0,0
2026-08-13T23:32:19,1786638739,13.822495,100.512271,15.8,-0.06,1.6,0.4,102.5,102.5,0.0,0.0,-0.04,16.2,100,AUTO.LOITER,0,0
2026-08-13T23:32:20,1786638740,13.822495,100.512271,15.8,-0.06,1.6,0.4,102.5,102.5,0.0,0.0,-0.04,16.2,100,AUTO.LOITER,0,0
2026-08-13T23:32:21,1786638741,13.822496,100.512271,15.8,-0.07,1.6,0.3,102.5,102.5,0.0,0.0,-0.03,16.2,100,AUTO.LOITER,0,0
2026-08-13T23:32:22,1786638742,13.822495,100.512271,15.8,-0.07,1.6,0.3,102.5,102.5,0.0,0.0,-0.03,16.2,100,AUTO.LOITER,0,0
2026-08-13T23:32:23,1786638743,13.822496,100.512271,15.4,-0.07,1.6,0.3,102.5,102.5,0.0,0.0,-0.03,16.2,100,AUTO.LOITER,0,0
2026-08-13T23:32:24,1786638744,13.822495,100.512271,15.8,-0.07,1.6,0.3,102.5,102.5,0.0,0.0,-0.03,16.2,100,AUTO.LOITER,0,0
2026-08-13T23:32:25,1786638745,13.822495,100.512271,15.8,-0.07,1.6,0.3,102.5,102.5,0.0,0.0,-0.03,16.2,100,AUTO.LOITER,0,0
2026-08-13T23:32:26,1786638746,13.822495,100.512271,15.8,-0.07,1.6,0.3,102.5,102.5,0.0,0.0,-0.03,16.2,100,AUTO.LOITER,0,0
2026-08-13T23:32:27,1786638747,13.822496,100.512271,15.8,-0.07,1.6,0.3,102.4,102.4,0.02,0.0,-0.04,16.2,100,AUTO.LOITER,0,0
2026-08-13T23:32:28,1786638748,13.822496,100.512271,15.8,-0.07,1.6,0.2,102.4,102.4,0.01,0.0,-0.03,16.2,100,AUTO.LOITER,0,0
2026-08-13T23:32:29,1786638749,13.822496,100.512271,15.8,-0.07,1.6,0.2,102.4,102.4,0.0,0.0,-0.03,16.2,100,AUTO.LOITER,0,0
2026-08-13T23:32:30,1786638750,13.822496,100.512271,15.8,-0.07,1.6,0.2,102.4,102.4,0.0,0.0,-0.03,16.2,100,AUTO.LOITER,0,0
2026-08-13T23:32:31,1786638751,13.822496,100.512271,15.8,-0.07,1.6,0.2,102.4,102.4,0.0,-0.01,-0.03,16.2,100,AUTO.LOITER,0,0
2026-08-13T23:32:32,1786638752,13.822496,100.512271,15.8,-0.07,1.6,0.2,102.4,102.4,0.0,0.0,-0.04,16.2,100,AUTO.LOITER,0,0
2026-08-13T23:32:33,1786638753,13.822496,100.512271,15.4,-0.07,1.6,0.2,102.4,102.4,0.0,0.0,-0.04,16.2,100,AUTO.LOITER,0,0
2026-08-13T23:32:34,1786638754,13.822496,100.512271,15.3,-0.07,1.6,0.2,102.4,102.4,0.0,0.0,-0.04,16.2,100,AUTO.LOITER,0,0
2026-08-13T23:32:35,1786638755,13.822496,100.512271,15.3,-0.07,1.7,0.2,102.4,102.4,0.0,0.0,-0.04,16.2,100,AUTO.LOITER,0,0
2026-08-13T23:32:36,1786638756,13.822495,100.512271,15.8,-0.06,1.7,0.3,102.4,102.4,-0.04,0.03,-0.04,16.2,100,AUTO.LOITER,0,0
2026-08-13T23:32:37,1786638757,13.822496,100.512271,15.4,-0.06,1.7,0.3,102.4,102.4,-0.04,0.03,-0.04,16.2,100,AUTO.LOITER,0,0
2026-08-13T23:32:38,1786638758,13.822495,100.512271,15.8,-0.06,1.7,0.3,102.4,102.4,-0.02,0.04,-0.04,16.2,100,AUTO.LOITER,0,0
2026-08-13T23:32:39,1786638759,13.822495,100.512271,15.8,-0.06,1.7,0.4,102.4,102.4,-0.01,0.04,-0.04,16.2,100,AUTO.LOITER,0,0
2026-08-13T23:32:40,1786638760,13.822495,100.512271,15.8,-0.07,1.7,0.4,102.4,102.4,-0.01,0.02,-0.03,16.2,100,AUTO.LOITER,0,0
2026-08-13T23:32:41,1786638761,13.822495,100.512271,15.8,-0.08,1.7,0.4,102.4,102.4,-0.01,0.0,-0.02,16.2,100,AUTO.LOITER,0,0
2026-08-13T23:32:42,1786638762,13.822495,100.512271,15.8,-0.08,1.7,0.4,102.4,102.4,0.0,0.01,-0.02,16.2,100,AUTO.LOITER,0,0
2026-08-13T23:32:43,1786638763,13.822495,100.512271,15.8,-0.08,1.7,0.4,102.4,102.4,-0.02,0.0,-0.03,16.2,100,AUTO.LOITER,0,0
2026-08-13T23:32:44,1786638764,13.822495,100.512271,15.4,-0.08,1.7,0.4,102.4,102.4,-0.02,0.0,-0.03,16.2,100,AUTO.LOITER,0,0
2026-08-13T23:32:45,1786638765,13.822495,100.512271,15.4,-0.08,1.7,0.4,102.4,102.4,-0.02,0.0,-0.03,16.2,100,AUTO.LOITER,0,0
2026-08-13T23:32:46,1786638766,13.822495,100.512271,15.8,-0.07,1.7,0.4,102.4,102.4,-0.01,0.0,-0.04,16.2,100,AUTO.LOITER,0,0
2026-08-13T23:32:47,1786638767,13.822495,100.512271,15.8,-0.06,1.7,0.4,102.4,102.4,-0.01,0.0,-0.04,16.2,100,AUTO.LOITER,0,0
2026-08-13T23:32:48,1786638768,13.822495,100.512271,15.8,-0.06,1.7,0.4,102.4,102.4,-0.01,0.0,-0.03,16.2,100,AUTO.LOITER,0,0
2026-08-13T23:32:49,1786638769,13.822495,100.512271,15.8,-0.07,1.7,0.4,102.4,102.4,0.0,0.0,-0.03,16.2,100,AUTO.LOITER,0,0
2026-08-13T23:32:50,1786638770,13.822496,100.512271,15.8,-0.08,1.7,0.4,102.4,102.4,0.01,-0.01,-0.02,16.2,100,AUTO.LOITER,0,0
2026-08-13T23:32:51,1786638771,13.822496,100.512271,15.8,-0.08,1.7,0.4,102.4,102.4,0.0,-0.01,-0.02,16.2,100,AUTO.LOITER,0,0
2026-08-13T23:32:52,1786638772,13.822496,100.512271,15.8,-0.08,1.7,0.4,102.4,102.4,0.0,0.0,-0.02,16.2,100,AUTO.LOITER,0,0
2026-08-13T23:32:53,1786638773,13.822496,100.512271,15.4,-0.08,1.7,0.4,102.4,102.4,0.0,0.0,-0.02,16.2,100,AUTO.LOITER,0,0
2026-08-13T23:32:54,1786638774,13.822496,100.512271,15.8,-0.07,1.8,0.4,102.4,102.4,0.0,0.0,-0.03,16.2,100,AUTO.LOITER,0,0
2026-08-13T23:32:55,1786638775,13.822496,100.512271,15.8,-0.07,1.8,0.4,102.4,102.4,-0.01,0.0,-0.04,16.2,100,AUTO.LOITER,0,0
2026-08-13T23:32:56,1786638776,13.822496,100.512271,15.8,-0.06,1.8,0.4,102.4,102.4,-0.01,0.0,-0.04,16.2,100,AUTO.LOITER,0,0
2026-08-13T23:32:57,1786638777,13.822495,100.512271,15.8,-0.06,1.8,0.4,102.4,102.4,-0.01,0.0,-0.05,16.2,100,AUTO.LOITER,0,0
2026-08-13T23:32:58,1786638778,13.822496,100.512271,15.8,-0.06,1.8,0.4,102.4,102.4,0.0,0.0,-0.05,16.2,100,AUTO.LOITER,0,0
2026-08-13T23:32:59,1786638779,13.822496,100.512271,15.8,-0.06,1.8,0.4,102.4,102.4,-0.01,0.0,-0.05,16.2,100,AUTO.LOITER,0,0
2026-08-13T23:33:00,1786638780,13.822495,100.512271,15.4,-0.06,1.8,0.4,102.4,102.4,-0.01,0.0,-0.05,16.2,100,AUTO.LOITER,0,0
2026-08-13T23:33:01,1786638781,13.822495,100.512271,15.8,-0.06,1.8,0.4,102.4,102.4,-0.03,0.0,-0.05,16.2,100,AUTO.LOITER,0,0
2026-08-13T23:33:02,1786638782,13.822495,100.512271,15.8,-0.05,1.7,0.4,102.4,102.4,-0.03,-0.01,-0.05,16.2,100,AUTO.LOITER,0,0
2026-08-13T23:33:03,1786638783,13.822495,100.512271,15.8,-0.06,1.7,0.4,102.4,102.4,-0.01,0.0,-0.05,16.2,100,AUTO.LOITER,0,0
2026-08-13T23:33:04,1786638784,13.822495,100.512271,15.8,-0.06,1.7,0.4,102.4,102.4,-0.01,0.0,-0.05,16.2,100,AUTO.LOITER,0,0
2026-08-13T23:33:05,1786638785,13.822496,100.512271,15.8,-0.07,1.7,0.4,102.4,102.4,0.01,0.0,-0.03,16.2,100,AUTO.LOITER,0,0
2026-08-13T23:33:06,1786638786,13.822496,100.512271,15.8,-0.07,1.7,0.4,102.4,102.4,0.01,0.0,-0.03,16.2,100,AUTO.LOITER,0,0
2026-08-13T23:33:07,1786638787,13.822495,100.512271,15.4,-0.07,1.7,0.4,102.4,102.4,0.01,0.0,-0.03,16.2,100,AUTO.LOITER,0,0
2026-08-13T23:33:08,1786638788,13.822495,100.512271,15.4,-0.07,1.7,0.4,102.4,102.4,0.01,0.0,-0.03,16.2,100,AUTO.LOITER,0,0
2026-08-13T23:33:09,1786638789,13.822495,100.512271,15.4,-0.07,1.8,0.4,102.4,102.4,0.01,0.0,-0.03,16.2,100,AUTO.LOITER,0,0
2026-08-13T23:33:10,1786638790,13.822496,100.512271,15.8,-0.06,1.8,0.4,102.4,102.4,0.02,0.0,-0.05,16.2,100,AUTO.LOITER,0,0
2026-08-13T23:33:11,1786638791,13.822496,100.512271,15.8,-0.06,1.8,0.4,102.4,102.4,0.01,-0.01,-0.04,16.2,100,AUTO.LOITER,0,0
2026-08-13T23:33:12,1786638792,13.822496,100.512271,15.8,-0.06,1.8,0.4,102.4,102.4,0.01,-0.01,-0.04,16.2,100,AUTO.LOITER,0,0
2026-08-13T23:33:13,1786638793,13.822496,100.512271,15.8,-0.07,1.8,0.4,102.4,102.4,0.0,-0.01,-0.03,16.2,100,AUTO.LOITER,0,0
2026-08-13T23:33:14,1786638794,13.822496,100.512271,15.8,-0.07,1.8,0.4,102.4,102.4,0.01,-0.01,-0.02,16.2,100,AUTO.LOITER,0,0
2026-08-13T23:33:15,1786638795,13.822495,100.512271,15.4,-0.07,1.8,0.4,102.4,102.4,0.01,-0.01,-0.02,16.2,100,AUTO.LOITER,0,0
2026-08-13T23:33:16,1786638796,13.822496,100.512271,15.8,-0.08,1.8,0.4,102.4,102.4,0.01,-0.02,-0.01,16.2,100,AUTO.LOITER,0,0
2026-08-13T23:33:17,1786638797,13.822496,100.512271,15.8,-0.09,1.8,0.3,102.4,102.4,0.0,-0.01,0.0,16.2,100,AUTO.LOITER,0,0
2026-08-13T23:33:18,1786638798,13.822495,100.512271,15.8,-0.1,1.8,0.3,102.4,102.4,0.0,-0.01,0.0,16.2,100,AUTO.LOITER,0,0
2026-08-13T23:33:19,1786638799,13.822495,100.512271,15.8,-0.1,1.8,0.3,102.4,102.4,-0.01,0.0,0.0,16.2,100,AUTO.LOITER,0,0
2026-08-13T23:33:20,1786638800,13.822495,100.512271,15.8,-0.11,1.8,0.3,102.4,102.4,-0.01,0.0,0.01,16.2,100,AUTO.LOITER,0,0
2026-08-13T23:33:21,1786638801,13.822496,100.512271,15.4,-0.11,1.8,0.4,102.4,102.4,-0.01,0.0,0.01,16.2,100,AUTO.LOITER,0,0
2026-08-13T23:33:22,1786638802,13.822496,100.512271,15.4,-0.11,1.8,0.4,102.4,102.4,-0.01,0.0,0.01,16.2,100,AUTO.LOITER,0,0
2026-08-13T23:33:23,1786638803,13.822496,100.512271,15.8,-0.11,1.7,0.3,102.4,102.4,0.0,-0.01,0.01,16.2,100,AUTO.LOITER,0,0
2026-08-13T23:33:24,1786638804,13.822496,100.512271,15.8,-0.11,1.7,0.3,102.4,102.4,0.0,-0.01,0.01,16.2,100,AUTO.LOITER,0,0
2026-08-13T23:33:25,1786638805,13.822496,100.512271,15.4,-0.11,1.7,0.3,102.4,102.4,0.0,-0.01,0.01,16.2,100,AUTO.LOITER,0,0
2026-08-13T23:33:26,1786638806,13.822495,100.512271,15.8,-0.11,1.7,0.4,102.4,102.4,0.0,0.0,0.0,16.2,100,AUTO.LOITER,0,0
2026-08-13T23:33:27,1786638807,13.822495,100.512271,15.8,-0.1,1.7,0.4,102.4,102.4,0.0,0.01,0.0,16.2,100,AUTO.LOITER,0,0
2026-08-13T23:33:28,1786638808,13.822496,100.512271,15.8,-0.1,1.7,0.4,102.4,102.4,0.02,0.01,0.0,16.2,100,AUTO.LOITER,0,0
2026-08-13T23:33:29,1786638809,13.822496,100.512271,15.8,-0.09,1.7,0.4,102.4,102.4,0.02,0.0,0.0,16.2,100,AUTO.LOITER,0,0
2026-08-13T23:33:30,1786638810,13.822496,100.512271,15.8,-0.1,1.7,0.5,102.4,102.4,0.01,0.0,0.0,16.2,100,AUTO.LOITER,0,0
2026-08-13T23:33:31,1786638811,13.822496,100.512271,15.4,-0.1,1.7,0.5,102.4,102.4,0.01,0.0,0.0,16.2,100,AUTO.LOITER,0,0
2026-08-13T23:33:32,1786638812,13.822496,100.512271,15.4,-0.1,1.7,0.5,102.4,102.4,0.0,-0.01,0.0,16.2,100,AUTO.LOITER,0,0
2026-08-13T23:33:33,1786638813,13.822496,100.512271,15.8,-0.1,1.7,0.4,102.4,102.4,0.0,-0.03,0.0,16.2,100,AUTO.LOITER,0,0
2026-08-13T23:33:34,1786638814,13.822496,100.512271,15.8,-0.1,1.7,0.4,102.4,102.4,0.0,-0.03,0.0,16.2,100,AUTO.LOITER,0,0
2026-08-13T23:33:35,1786638815,13.822495,100.512271,15.8,-0.1,1.7,0.4,102.4,102.4,-0.02,-0.02,0.0,16.2,100,AUTO.LOITER,0,0
2026-08-13T23:33:36,1786638816,13.822495,100.512271,15.8,-0.09,1.7,0.4,102.4,102.4,-0.01,-0.03,-0.01,16.2,100,AUTO.LOITER,0,0
2026-08-13T23:33:37,1786638817,13.822496,100.512271,15.4,-0.09,1.6,0.3,102.4,102.4,-0.01,-0.03,-0.01,16.2,100,AUTO.LOITER,0,0
2026-08-13T23:33:38,1786638818,13.822496,100.512271,15.8,-0.08,1.6,0.3,102.4,102.4,0.0,-0.03,-0.02,16.2,100,AUTO.LOITER,0,0
2026-08-13T23:33:39,1786638819,13.822496,100.512271,15.8,-0.08,1.6,0.3,102.4,102.4,0.0,-0.03,-0.02,16.2,100,AUTO.LOITER,0,0
2026-08-13T23:33:40,1786638820,13.822496,100.512271,15.8,-0.08,1.6,0.3,102.4,102.4,-0.01,0.0,-0.02,16.2,100,AUTO.LOITER,0,0
2026-08-13T23:33:41,1786638821,13.822495,100.512271,15.8,-0.08,1.6,0.3,102.4,102.4,-0.03,0.0,-0.02,16.2,100,AUTO.LOITER,0,0
2026-08-13T23:33:42,1786638822,13.822496,100.512271,15.4,-0.08,1.6,0.3,102.4,102.4,-0.03,0.0,-0.02,16.2,100,AUTO.LOITER,0,0
2026-08-13T23:33:43,1786638823,13.822495,100.512271,15.8,-0.08,1.5,0.3,102.4,102.4,-0.02,0.0,-0.01,16.2,100,AUTO.LOITER,0,0
2026-08-13T23:33:44,1786638824,13.822495,100.512271,15.8,-0.1,1.5,0.3,102.4,102.4,-0.02,0.0,0.0,16.2,100,AUTO.LOITER,0,0
2026-08-13T23:33:45,1786638825,13.822495,100.512271,15.8,-0.11,1.5,0.3,102.5,102.5,0.0,0.0,0.01,16.2,100,AUTO.LOITER,0,0
2026-08-13T23:33:46,1786638826,13.822495,100.512271,15.8,-0.11,1.5,0.3,102.5,102.5,-0.01,0.0,0.0,16.2,100,AUTO.LOITER,0,0
2026-08-13T23:33:47,1786638827,13.822496,100.512271,15.8,-0.1,1.4,0.3,102.5,102.5,0.0,0.0,0.0,16.2,100,AUTO.LOITER,0,0
2026-08-13T23:33:48,1786638828,13.822496,100.512271,15.8,-0.1,1.4,0.3,102.5,102.5,0.0,0.0,0.0,16.2,100,AUTO.LOITER,0,0
2026-08-13T23:33:49,1786638829,13.822496,100.512271,15.8,-0.1,1.4,0.3,102.5,102.5,0.0,0.0,0.0,16.2,100,AUTO.LOITER,0,0
2026-08-13T23:33:50,1786638830,13.822496,100.512271,15.4,-0.1,1.4,0.3,102.5,102.5,0.0,0.0,0.0,16.2,100,AUTO.LOITER,0,0
2026-08-13T23:33:51,1786638831,13.822496,100.512271,15.4,-0.1,1.4,0.3,102.5,102.5,0.0,0.0,0.0,16.2,100,AUTO.LOITER,0,0
2026-08-13T23:33:52,1786638832,13.822496,100.512271,15.4,-0.1,1.4,0.3,102.5,102.5,0.0,0.0,0.0,16.2,100,AUTO.LOITER,0,0
2026-08-13T23:33:53,1786638833,13.822496,100.512271,15.8,-0.07,1.3,0.3,102.5,102.5,-0.01,0.0,-0.03,16.2,100,AUTO.LOITER,0,0
2026-08-13T23:33:54,1786638834,13.822496,100.512271,15.8,-0.06,1.3,0.3,102.5,102.5,0.0,0.01,-0.04,16.2,100,AUTO.LOITER,0,0
2026-08-13T23:33:55,1786638835,13.822496,100.512271,15.8,-0.06,1.3,0.3,102.5,102.5,0.0,0.01,-0.05,16.2,100,AUTO.LOITER,0,0
2026-08-13T23:33:56,1786638836,13.822496,100.512271,15.8,-0.06,1.3,0.3,102.5,102.5,0.0,0.0,-0.04,16.2,100,AUTO.LOITER,0,0
2026-08-13T23:33:57,1786638837,13.822496,100.512271,15.8,-0.06,1.3,0.3,102.5,102.5,0.01,0.0,-0.04,16.2,100,AUTO.LOITER,0,0
2026-08-13T23:33:58,1786638838,13.822496,100.512271,15.8,-0.07,1.3,0.3,102.5,102.5,0.01,0.0,-0.03,16.2,100,AUTO.LOITER,0,0
2026-08-13T23:33:59,1786638839,13.822496,100.512271,15.8,-0.07,1.3,0.3,102.5,102.5,0.01,0.0,-0.03,16.2,100,AUTO.LOITER,0,0
2026-08-13T23:34:00,1786638840,13.822496,100.512271,15.8,-0.07,1.3,0.3,102.5,102.5,0.01,0.0,-0.03,16.2,100,AUTO.LOITER,0,0
2026-08-13T23:34:01,1786638841,13.822496,100.512271,15.8,-0.06,1.4,0.3,102.5,102.5,0.0,0.01,-0.05,16.2,100,AUTO.LOITER,0,0
2026-08-13T23:34:02,1786638842,13.822495,100.512271,15.4,-0.06,1.4,0.3,102.5,102.5,0.0,0.01,-0.05,16.2,100,AUTO.LOITER,0,0
2026-08-13T23:34:03,1786638843,13.822496,100.512271,15.8,-0.05,1.4,0.3,102.5,102.5,-0.01,0.01,-0.05,16.2,100,AUTO.LOITER,0,0
2026-08-13T23:34:04,1786638844,13.822495,100.512271,15.8,-0.05,1.3,0.4,102.5,102.5,-0.01,0.01,-0.06,16.2,100,AUTO.LOITER,0,0
2026-08-13T23:34:05,1786638845,13.822496,100.512271,15.8,-0.05,1.3,0.4,102.5,102.5,-0.01,0.0,-0.06,16.2,100,AUTO.LOITER,0,0
2026-08-13T23:34:06,1786638846,13.822495,100.512271,15.8,-0.05,1.3,0.4,102.5,102.5,-0.01,0.0,-0.06,16.2,100,AUTO.LOITER,0,0
2026-08-13T23:34:07,1786638847,13.822495,100.512271,15.8,-0.05,1.3,0.4,102.5,102.5,0.0,0.0,-0.06,16.2,100,AUTO.LOITER,0,0
2026-08-13T23:34:08,1786638848,13.822496,100.512271,15.8,-0.05,1.3,0.4,102.5,102.5,0.0,0.01,-0.05,16.2,100,AUTO.LOITER,0,0
2026-08-13T23:34:09,1786638849,13.822496,100.512271,15.8,-0.06,1.3,0.4,102.5,102.5,0.0,0.0,-0.04,16.2,100,AUTO.LOITER,0,0
2026-08-13T23:34:10,1786638850,13.822496,100.512271,15.8,-0.07,1.2,0.4,102.5,102.5,0.0,-0.01,-0.04,16.2,100,AUTO.LOITER,0,0
2026-08-13T23:34:11,1786638851,13.822496,100.512271,15.8,-0.07,1.2,0.4,102.5,102.5,0.0,-0.02,-0.03,16.2,100,AUTO.LOITER,0,0
2026-08-13T23:34:12,1786638852,13.822496,100.512271,15.4,-0.07,1.2,0.4,102.5,102.5,0.0,-0.02,-0.03,16.2,100,AUTO.LOITER,0,0
2026-08-13T23:34:13,1786638853,13.822496,100.512271,15.8,-0.07,1.2,0.3,102.5,102.5,0.0,0.0,-0.03,16.2,100,AUTO.LOITER,0,0
2026-08-13T23:34:14,1786638854,13.822496,100.512271,15.8,-0.07,1.2,0.3,102.5,102.5,0.0,0.0,-0.02,16.2,100,AUTO.LOITER,0,0
2026-08-13T23:34:15,1786638855,13.822496,100.512271,15.8,-0.08,1.2,0.4,102.5,102.5,0.01,0.0,-0.01,16.2,100,AUTO.LOITER,0,0
2026-08-13T23:34:16,1786638856,13.822495,100.512271,15.8,-0.09,1.2,0.4,102.5,102.5,0.0,-0.01,-0.01,16.2,100,AUTO.LOITER,0,0
2026-08-13T23:34:17,1786638857,13.822495,100.512271,15.8,-0.09,1.2,0.3,102.5,102.5,0.0,0.0,0.0,16.2,100,AUTO.LOITER,0,0
2026-08-13T23:34:18,1786638858,13.822495,100.512271,15.8,-0.09,1.2,0.3,102.5,102.5,0.0,0.0,0.0,16.2,100,AUTO.LOITER,0,0
2026-08-13T23:34:19,1786638859,13.822495,100.512271,15.8,-0.09,1.2,0.3,102.5,102.5,0.0,0.0,0.0,16.2,100,AUTO.LOITER,0,0
2026-08-13T23:34:20,1786638860,13.822495,100.512271,15.8,-0.09,1.2,0.3,102.5,102.5,0.01,0.0,-0.01,16.2,100,AUTO.LOITER,0,0
2026-08-13T23:34:21,1786638861,13.822496,100.512271,15.3,-0.09,1.2,0.3,102.5,102.5,0.01,0.0,-0.01,16.2,100,AUTO.LOITER,0,0
2026-08-13T23:34:22,1786638862,13.822496,100.512271,15.8,-0.09,1.3,0.3,102.5,102.5,0.02,0.01,-0.01,16.2,100,AUTO.LOITER,0,0
2026-08-13T23:34:23,1786638863,13.822495,100.512271,15.8,-0.09,1.3,0.3,102.5,102.5,0.01,0.0,-0.01,16.2,100,AUTO.LOITER,0,0
2026-08-13T23:34:24,1786638864,13.822496,100.512271,15.8,-0.09,1.3,0.3,102.5,102.5,0.01,0.0,-0.01,16.2,100,AUTO.LOITER,0,0
2026-08-13T23:34:25,1786638865,13.822496,100.512271,15.8,-0.09,1.3,0.3,102.5,102.5,0.01,0.0,-0.01,16.2,100,AUTO.LOITER,0,0
2026-08-13T23:34:26,1786638866,13.822496,100.512271,15.8,-0.09,1.3,0.3,102.5,102.5,0.0,0.0,0.0,16.2,100,AUTO.LOITER,0,0
2026-08-13T23:34:27,1786638867,13.822495,100.512271,15.8,-0.1,1.3,0.3,102.5,102.5,0.0,0.0,0.0,16.2,100,AUTO.LOITER,0,0
2026-08-13T23:34:28,1786638868,13.822495,100.512271,15.8,-0.1,1.3,0.4,102.5,102.5,-0.02,0.0,0.0,16.2,100,AUTO.LOITER,0,0
2026-08-13T23:34:29,1786638869,13.822495,100.512271,15.8,-0.1,1.3,0.4,102.5,102.5,-0.03,0.0,0.0,16.2,100,AUTO.LOITER,0,0
2026-08-13T23:34:30,1786638870,13.822495,100.512271,15.8,-0.09,1.3,0.4,102.5,102.5,-0.02,0.0,0.0,16.2,100,AUTO.LOITER,0,0
2026-08-13T23:34:31,1786638871,13.822495,100.512271,15.8,-0.09,1.3,0.4,102.5,102.5,-0.02,0.0,0.0,16.2,100,AUTO.LOITER,0,0
2026-08-13T23:34:32,1786638872,13.822495,100.512271,15.8,-0.09,1.3,0.4,102.5,102.5,-0.02,0.0,0.0,16.2,100,AUTO.LOITER,0,0
2026-08-13T23:34:33,1786638873,13.822495,100.512271,15.8,-0.09,1.3,0.4,102.5,102.5,-0.02,0.0,0.0,16.2,100,AUTO.LOITER,0,0
2026-08-13T23:34:34,1786638874,13.822495,100.512271,15.8,-0.11,1.3,0.3,102.5,102.5,0.0,-0.01,0.01,16.2,100,AUTO.LOITER,0,0
2026-08-13T23:34:35,1786638875,13.822496,100.512271,15.8,-0.12,1.3,0.3,102.5,102.5,0.0,-0.01,0.03,16.2,100,AUTO.LOITER,0,0
2026-08-13T23:34:36,1786638876,13.822496,100.512271,15.7,-0.13,1.3,0.3,102.6,102.6,-0.01,-0.01,0.03,16.2,100,AUTO.LOITER,0,0
2026-08-13T23:34:37,1786638877,13.822495,100.512271,15.8,-0.13,1.3,0.3,102.6,102.6,-0.02,-0.02,0.03,16.2,100,AUTO.LOITER,0,0
2026-08-13T23:34:38,1786638878,13.822495,100.512271,15.8,-0.12,1.3,0.3,102.6,102.6,-0.02,-0.01,0.03,16.2,100,AUTO.LOITER,0,0
2026-08-13T23:34:39,1786638879,13.822495,100.512271,15.8,-0.13,1.3,0.3,102.6,102.6,-0.01,0.0,0.03,16.2,100,AUTO.LOITER,0,0
2026-08-13T23:34:40,1786638880,13.822496,100.512271,15.3,-0.13,1.3,0.3,102.6,102.6,-0.01,0.0,0.03,16.2,100,AUTO.LOITER,0,0
2026-08-13T23:34:41,1786638881,13.822496,100.512271,15.3,-0.13,1.3,0.3,102.6,102.6,-0.01,0.0,0.03,16.2,100,AUTO.LOITER,0,0
2026-08-13T23:34:42,1786638882,13.822495,100.512271,15.7,-0.13,1.3,0.3,102.6,102.6,0.0,0.01,0.03,16.2,100,AUTO.LOITER,0,0
2026-08-13T23:34:43,1786638883,13.822495,100.512271,15.7,-0.13,1.3,0.4,102.6,102.6,0.0,0.0,0.04,16.2,100,AUTO.LOITER,0,0
2026-08-13T23:34:44,1786638884,13.822495,100.512271,15.7,-0.14,1.3,0.4,102.5,102.5,0.01,0.0,0.05,16.2,100,AUTO.LOITER,0,0
2026-08-13T23:34:45,1786638885,13.822496,100.512271,15.7,-0.14,1.3,0.4,102.5,102.5,0.01,-0.01,0.05,16.2,100,AUTO.LOITER,0,0
2026-08-13T23:34:46,1786638886,13.822496,100.512271,15.7,-0.14,1.3,0.4,102.5,102.5,0.0,-0.02,0.05,16.2,100,AUTO.LOITER,0,0
2026-08-13T23:34:47,1786638887,13.822495,100.512271,15.7,-0.14,1.3,0.3,102.5,102.5,-0.03,0.0,0.04,16.2,100,AUTO.LOITER,0,0
2026-08-13T23:34:48,1786638888,13.822495,100.512271,15.7,-0.13,1.3,0.3,102.5,102.5,-0.02,0.01,0.03,16.2,100,AUTO.LOITER,0,0
2026-08-13T23:34:49,1786638889,13.822495,100.512271,15.8,-0.13,1.3,0.3,102.5,102.5,-0.02,0.0,0.04,16.2,100,AUTO.LOITER,0,0
2026-08-13T23:34:50,1786638890,13.822495,100.512271,15.7,-0.14,1.3,0.4,102.5,102.5,-0.01,0.0,0.05,16.2,100,AUTO.LOITER,0,0
2026-08-13T23:34:51,1786638891,13.822496,100.512271,15.4,-0.14,1.3,0.3,102.5,102.5,-0.01,0.0,0.05,16.2,100,AUTO.LOITER,0,0
2026-08-13T23:34:52,1786638892,13.822495,100.512271,15.7,-0.14,1.3,0.3,102.5,102.5,-0.01,-0.01,0.05,16.2,100,AUTO.LOITER,0,0
2026-08-13T23:34:53,1786638893,13.822495,100.512271,15.7,-0.14,1.2,0.3,102.5,102.5,0.0,-0.02,0.06,16.2,100,AUTO.LOITER,0,0
2026-08-13T23:34:54,1786638894,13.822496,100.512271,15.7,-0.15,1.2,0.3,102.5,102.5,0.0,-0.03,0.06,16.2,100,AUTO.LOITER,0,0
2026-08-13T23:34:55,1786638895,13.822496,100.512271,15.7,-0.15,1.2,0.3,102.5,102.5,0.02,-0.02,0.05,16.2,100,AUTO.LOITER,0,0
2026-08-13T23:34:56,1786638896,13.822496,100.512271,15.7,-0.14,1.2,0.2,102.5,102.5,0.02,-0.02,0.05,16.2,100,AUTO.LOITER,0,0
2026-08-13T23:34:57,1786638897,13.822496,100.512271,15.7,-0.14,1.2,0.2,102.5,102.5,0.02,-0.02,0.04,16.2,100,AUTO.LOITER,0,0
2026-08-13T23:34:58,1786638898,13.822496,100.512271,15.8,-0.13,1.3,0.2,102.5,102.5,0.02,-0.02,0.03,16.2,100,AUTO.LOITER,0,0
2026-08-13T23:34:59,1786638899,13.822496,100.512271,15.8,-0.12,1.3,0.1,102.5,102.5,0.03,0.0,0.02,16.2,100,AUTO.LOITER,0,0
2026-08-13T23:35:00,1786638900,13.822496,100.512271,15.8,-0.12,1.3,0.1,102.5,102.5,0.04,-0.01,0.02,16.2,100,AUTO.LOITER,0,0
2026-08-13T23:35:01,1786638901,13.822495,100.512271,15.4,-0.12,1.3,0.1,102.5,102.5,0.04,-0.01,0.02,16.2,100,AUTO.LOITER,0,0
2026-08-13T23:35:02,1786638902,13.822496,100.512271,15.8,-0.11,1.4,0.1,102.5,102.5,0.04,-0.01,0.02,16.2,100,AUTO.LOITER,0,0
2026-08-13T23:35:03,1786638903,13.822496,100.512271,15.8,-0.12,1.4,0.0,102.5,102.5,0.02,0.0,0.02,16.2,100,AUTO.LOITER,0,0
2026-08-13T23:35:04,1786638904,13.822496,100.512271,15.8,-0.12,1.4,0.0,102.5,102.5,0.0,0.0,0.03,16.2,100,AUTO.LOITER,0,0
2026-08-13T23:35:05,1786638905,13.822495,100.512271,15.7,-0.13,1.4,0.0,102.5,102.5,-0.01,0.0,0.04,16.2,100,AUTO.LOITER,0,0
2026-08-13T23:35:06,1786638906,13.822495,100.512271,15.7,-0.14,1.5,0.0,102.5,102.5,-0.01,0.0,0.04,16.2,100,AUTO.LOITER,0,0
2026-08-13T23:35:07,1786638907,13.822496,100.512271,15.7,-0.14,1.5,0.0,102.5,102.5,0.0,0.0,0.05,16.2,100,AUTO.LOITER,0,0
2026-08-13T23:35:08,1786638908,13.822495,100.512271,15.7,-0.15,1.5,-0.0,102.4,102.4,-0.01,0.0,0.06,16.2,100,AUTO.LOITER,0,0
2026-08-13T23:35:09,1786638909,13.822496,100.512271,15.7,-0.15,1.5,-0.0,102.4,102.4,0.0,0.0,0.05,16.2,100,AUTO.LOITER,0,0
2026-08-13T23:35:10,1786638910,13.822496,100.512271,15.7,-0.14,1.5,-0.0,102.4,102.4,0.0,0.01,0.04,16.2,100,AUTO.LOITER,0,0
2026-08-13T23:35:11,1786638911,13.822495,100.512271,15.4,-0.14,1.5,-0.0,102.4,102.4,0.0,0.01,0.04,16.2,100,AUTO.LOITER,0,0
2026-08-13T23:35:12,1786638912,13.822496,100.512271,15.7,-0.13,1.5,0.0,102.4,102.4,0.0,0.01,0.03,16.2,100,AUTO.LOITER,0,0
2026-08-13T23:35:13,1786638913,13.822495,100.512271,15.8,-0.13,1.5,0.0,102.4,102.4,-0.01,0.0,0.02,16.2,100,AUTO.LOITER,0,0
2026-08-13T23:35:14,1786638914,13.822495,100.512271,15.8,-0.12,1.5,0.0,102.4,102.4,-0.01,0.0,0.02,16.2,100,AUTO.LOITER,0,0
2026-08-13T23:35:15,1786638915,13.822495,100.512271,15.8,-0.11,1.4,-0.0,102.4,102.4,-0.01,0.0,0.01,16.2,100,AUTO.LOITER,0,0
2026-08-13T23:35:16,1786638916,13.822495,100.512271,15.8,-0.11,1.4,-0.0,102.4,102.4,-0.02,0.0,0.01,16.2,100,AUTO.LOITER,0,0
2026-08-13T23:35:17,1786638917,13.822495,100.512271,15.8,-0.11,1.4,-0.0,102.4,102.4,-0.02,0.0,0.01,16.2,100,AUTO.LOITER,0,0
2026-08-13T23:35:18,1786638918,13.822495,100.512271,15.8,-0.11,1.4,-0.0,102.4,102.4,-0.02,0.0,0.01,16.2,100,AUTO.LOITER,0,0
2026-08-13T23:35:19,1786638919,13.822495,100.512271,15.8,-0.12,1.3,-0.0,102.4,102.4,-0.01,0.0,0.02,16.2,100,AUTO.LOITER,0,0
2026-08-13T23:35:20,1786638920,13.822495,100.512271,15.3,-0.12,1.3,-0.0,102.4,102.4,-0.01,0.0,0.02,16.2,100,AUTO.LOITER,0,0
2026-08-13T23:35:21,1786638921,13.822495,100.512271,15.8,-0.12,1.3,-0.0,102.4,102.4,-0.02,0.0,0.03,16.2,100,AUTO.LOITER,0,0
2026-08-13T23:35:22,1786638922,13.822495,100.512271,15.4,-0.12,1.3,-0.0,102.4,102.4,-0.02,0.0,0.03,16.2,100,AUTO.LOITER,0,0
2026-08-13T23:35:23,1786638923,13.822496,100.512271,15.4,-0.12,1.3,-0.0,102.5,102.5,-0.02,0.0,0.03,16.2,100,AUTO.LOITER,0,0
2026-08-13T23:35:24,1786638924,13.822496,100.512271,15.4,-0.12,1.3,-0.0,102.5,102.5,-0.02,0.0,0.03,16.2,100,AUTO.LOITER,0,0
2026-08-13T23:35:25,1786638925,13.822496,100.512271,15.4,-0.12,1.4,-0.1,102.5,102.5,-0.02,0.0,0.03,16.2,100,AUTO.LOITER,0,0
2026-08-13T23:35:26,1786638926,13.822495,100.512271,15.7,-0.14,1.4,-0.1,102.5,102.5,0.02,0.0,0.05,16.2,100,AUTO.LOITER,0,0
2026-08-13T23:35:27,1786638927,13.822496,100.512271,15.7,-0.14,1.5,-0.1,102.5,102.5,0.02,0.0,0.05,16.2,100,AUTO.LOITER,0,0
2026-08-13T23:35:28,1786638928,13.822496,100.512271,15.7,-0.15,1.5,-0.1,102.5,102.5,0.01,0.01,0.05,16.2,100,AUTO.LOITER,0,0
2026-08-13T23:35:29,1786638929,13.822495,100.512271,15.7,-0.15,1.5,-0.1,102.5,102.5,0.0,0.01,0.05,16.2,100,AUTO.LOITER,0,0
2026-08-13T23:35:30,1786638930,13.822496,100.512271,15.4,-0.15,1.5,-0.1,102.5,102.5,0.0,0.01,0.05,16.2,100,AUTO.LOITER,0,0
2026-08-13T23:35:31,1786638931,13.822495,100.512271,15.7,-0.15,1.5,-0.1,102.5,102.5,0.0,0.01,0.05,16.2,100,AUTO.LOITER,0,0
2026-08-13T23:35:32,1786638932,13.822495,100.512271,15.7,-0.14,1.5,-0.1,102.5,102.5,-0.02,0.0,0.05,16.2,100,AUTO.LOITER,0,0
2026-08-13T23:35:33,1786638933,13.822495,100.512271,15.7,-0.14,1.5,-0.1,102.5,102.5,-0.01,0.0,0.05,16.2,100,AUTO.LOITER,0,0
2026-08-13T23:35:34,1786638934,13.822495,100.512271,15.7,-0.14,1.5,-0.1,102.5,102.5,-0.01,0.0,0.05,16.2,100,AUTO.LOITER,0,0
2026-08-13T23:35:35,1786638935,13.822495,100.512271,15.7,-0.14,1.5,-0.1,102.5,102.5,0.0,0.0,0.04,16.2,100,AUTO.LOITER,0,0
2026-08-13T23:35:36,1786638936,13.822495,100.512271,15.7,-0.13,1.5,-0.1,102.5,102.5,-0.01,0.0,0.03,16.2,100,AUTO.LOITER,0,0
2026-08-13T23:35:37,1786638937,13.822495,100.512271,15.8,-0.12,1.5,-0.1,102.5,102.5,-0.01,0.0,0.02,16.2,100,AUTO.LOITER,0,0
2026-08-13T23:35:38,1786638938,13.822495,100.512271,15.8,-0.12,1.5,-0.1,102.5,102.5,-0.01,0.0,0.02,16.2,100,AUTO.LOITER,0,0
2026-08-13T23:35:39,1786638939,13.822495,100.512271,15.8,-0.12,1.5,-0.1,102.5,102.5,0.0,0.0,0.02,16.2,100,AUTO.LOITER,0,0
2026-08-13T23:35:40,1786638940,13.822495,100.512271,15.8,-0.12,1.5,-0.1,102.5,102.5,0.0,0.0,0.01,16.2,100,AUTO.LOITER,0,0
2026-08-13T23:35:41,1786638941,13.822496,100.512271,15.4,-0.12,1.5,-0.1,102.5,102.5,0.0,0.0,0.01,16.2,100,AUTO.LOITER,0,0
2026-08-13T23:35:42,1786638942,13.822495,100.512271,15.8,-0.11,1.5,-0.1,102.5,102.5,0.0,0.01,0.01,16.2,100,AUTO.LOITER,0,0
2026-08-13T23:35:43,1786638943,13.822496,100.512271,15.8,-0.11,1.5,-0.0,102.5,102.5,0.02,0.01,0.01,16.2,100,AUTO.LOITER,0,0
2026-08-13T23:35:44,1786638944,13.822496,100.512271,15.8,-0.11,1.5,-0.0,102.5,102.5,0.01,0.0,0.01,16.2,100,AUTO.LOITER,0,0
2026-08-13T23:35:45,1786638945,13.822495,100.512271,15.8,-0.11,1.6,-0.0,102.5,102.5,0.0,0.01,0.01,16.2,100,AUTO.LOITER,0,0
2026-08-13T23:35:46,1786638946,13.822495,100.512271,15.8,-0.11,1.6,-0.0,102.5,102.5,0.0,0.01,0.01,16.2,100,AUTO.LOITER,0,0
2026-08-13T23:35:47,1786638947,13.822495,100.512271,15.8,-0.11,1.6,0.0,102.5,102.5,0.0,0.01,0.01,16.2,100,AUTO.LOITER,0,0
2026-08-13T23:35:48,1786638948,13.822496,100.512271,15.8,-0.1,1.6,0.0,102.5,102.5,0.0,-0.02,0.0,16.2,100,AUTO.LOITER,0,0
2026-08-13T23:35:49,1786638949,13.822495,100.512271,15.8,-0.11,1.6,0.0,102.5,102.5,-0.01,-0.01,0.01,16.2,100,AUTO.LOITER,0,0
2026-08-13T23:35:50,1786638950,13.822495,100.512271,15.8,-0.11,1.6,-0.0,102.5,102.5,-0.01,-0.01,0.01,16.2,100,AUTO.LOITER,0,0
2026-08-13T23:35:51,1786638951,13.822495,100.512271,15.8,-0.11,1.6,-0.0,102.5,102.5,-0.01,-0.01,0.01,16.2,100,AUTO.LOITER,0,0
