iso,unix,lat,lon,alt_msl,rel_alt,roll,pitch,yaw,heading,vx,vy,vz,vbatt,batt_pct,mode,armed,in_air
2026-08-12T16:14:33,1786526073,13.730322,100.787446,0.2,0.06,-0.1,-0.2,88.8,88.8,0.0,0.0,0.0,24.9,100,AUTO.LOITER,0,0
2026-08-12T16:14:34,1786526074,13.730322,100.787446,0.3,0.07,-0.1,-0.2,88.8,88.8,0.0,0.0,0.0,24.9,100,AUTO.LOITER,0,0
2026-08-12T16:14:35,1786526075,13.730322,100.787446,0.2,0.06,-0.1,-0.2,88.8,88.8,0.0,0.0,0.0,24.9,100,AUTO.LOITER,0,0
2026-08-12T16:14:36,1786526076,13.730322,100.787446,0.2,0.05,-0.0,-0.2,88.8,88.8,0.0,0.0,0.0,24.9,100,AUTO.LOITER,0,0
2026-08-12T16:14:37,1786526077,13.730322,100.787446,0.2,0.05,-0.0,-0.2,88.8,88.8,0.0,0.0,0.0,24.9,100,AUTO.LOITER,0,0
2026-08-12T16:14:38,1786526078,13.730322,100.787446,0.2,0.04,-0.1,-0.2,88.8,88.8,0.01,0.0,0.0,24.9,100,AUTO.LOITER,0,0
2026-08-12T16:14:39,1786526079,13.730322,100.787446,0.2,0.06,-0.1,-0.2,88.8,88.8,0.01,0.0,0.0,24.9,100,AUTO.LOITER,0,0
2026-08-12T16:14:40,1786526080,13.730322,100.787446,0.2,0.05,-0.1,-0.2,88.8,88.8,0.01,0.0,0.0,24.9,100,AUTO.LOITER,0,0
2026-08-12T16:14:41,1786526081,13.730322,100.787446,0.2,0.05,-0.1,-0.2,88.8,88.8,0.0,-0.01,0.0,24.9,100,AUTO.LOITER,0,0
2026-08-12T16:14:42,1786526082,13.730322,100.787446,0.2,0.06,-0.1,-0.2,88.8,88.8,0.0,-0.01,0.0,24.9,100,AUTO.LOITER,0,0
2026-08-12T16:14:43,1786526083,13.730322,100.787446,0.2,0.06,-0.0,-0.2,88.8,88.8,0.0,-0.01,0.0,24.9,100,AUTO.LOITER,0,0
2026-08-12T16:14:44,1786526084,13.730322,100.787446,0.1,0.06,-0.0,-0.2,88.8,88.8,0.0,-0.01,0.0,24.9,100,AUTO.LOITER,0,0
2026-08-12T16:14:45,1786526085,13.730322,100.787446,0.1,0.06,-0.0,-0.2,88.8,88.8,0.0,-0.01,0.0,24.9,100,0,0,0
2026-08-12T16:14:46,1786526086,13.730322,100.787446,0.2,0.04,-0.0,-0.2,88.8,88.8,-0.01,0.0,0.0,24.9,100,AUTO.LOITER,0,0
2026-08-12T16:14:47,1786526087,13.730322,100.787446,0.2,0.06,-0.1,-0.2,88.8,88.8,0.0,0.0,0.0,24.9,100,AUTO.LOITER,0,0
2026-08-12T16:14:48,1786526088,13.730322,100.787446,0.2,0.05,-0.1,-0.2,88.8,88.8,0.0,0.0,0.0,24.9,100,AUTO.LOITER,0,0
2026-08-12T16:14:49,1786526089,13.730322,100.787446,0.2,0.05,-0.0,-0.2,88.8,88.8,0.0,0.0,0.0,24.9,100,0,0,0
2026-08-12T16:14:50,1786526090,13.730322,100.787446,0.2,0.05,-0.0,-0.2,88.8,88.8,0.0,0.0,0.0,24.9,100,AUTO.TAKEOFF,1,0
2026-08-12T16:14:51,1786526091,13.730322,100.787446,0.2,-0.01,-0.1,-0.2,88.8,88.8,0.0,0.0,0.0,24.9,100,0,0,0
2026-08-12T16:14:52,1786526092,13.730322,100.787446,0.2,-0.01,-0.1,-0.2,88.8,88.8,0.0,0.0,0.0,24.9,100,AUTO.TAKEOFF,1,0
2026-08-12T16:14:53,1786526093,13.730322,100.787446,0.2,0.0,-0.1,-0.2,88.8,88.8,0.0,0.0,0.0,24.9,100,AUTO.TAKEOFF,1,0
2026-08-12T16:14:54,1786526094,13.730322,100.787446,0.2,0.0,-0.1,-0.2,88.8,88.8,0.0,0.0,0.0,24.9,100,0,0,0
2026-08-12T16:14:55,1786526095,13.730322,100.787446,0.2,0.0,-0.1,-0.2,88.8,88.8,0.0,0.0,0.0,24.9,100,AUTO.TAKEOFF,1,0
2026-08-12T16:14:56,1786526096,13.730322,100.787446,0.2,0.0,-0.1,-0.2,88.8,88.8,0.0,0.0,0.0,24.9,100,0,0,0
2026-08-12T16:14:57,1786526097,13.730322,100.787446,0.4,0.13,0.3,0.0,88.8,88.8,-0.01,-0.01,-0.45,24.89,100,AUTO.TAKEOFF,1,1
2026-08-12T16:14:58,1786526098,13.730322,100.787446,0.4,0.13,-0.1,-0.2,88.8,88.8,-0.01,-0.01,-0.45,24.89,100,0,0,1
2026-08-12T16:14:59,1786526099,13.730322,100.787446,1.1,0.13,-0.3,-0.2,88.8,88.8,-0.01,-0.01,-0.45,24.89,100,AUTO.TAKEOFF,1,1
2026-08-12T16:15:00,1786526100,13.730322,100.787446,1.4,1.22,-0.3,-0.2,88.8,88.8,0.01,0.0,-1.51,24.89,100,0,0,1
2026-08-12T16:15:01,1786526101,13.730322,100.787446,1.4,1.22,0.0,-0.3,88.7,88.7,0.01,0.0,-1.51,24.89,100,0,0,1
2026-08-12T16:15:02,1786526102,13.730322,100.787446,1.4,1.22,0.0,-0.3,88.7,88.7,0.01,0.0,-1.51,24.89,100,0,0,1
2026-08-12T16:15:03,1786526103,13.730322,100.787446,1.4,1.22,0.1,-0.6,88.7,88.7,0.01,0.0,-1.51,24.89,100,0,0,1
2026-08-12T16:15:04,1786526104,13.730322,100.787446,5.1,4.85,-0.0,-0.2,88.7,88.7,0.0,0.03,-1.89,24.89,100,AUTO.LOITER,1,1
2026-08-12T16:15:05,1786526105,13.730322,100.787446,5.1,4.85,-0.0,-0.2,88.7,88.7,0.0,0.03,-1.89,24.89,100,AUTO.LOITER,1,1
2026-08-12T16:15:06,1786526106,13.730322,100.787446,7.0,6.74,-0.1,0.1,88.7,88.7,0.0,0.0,-1.93,24.89,100,AUTO.LOITER,1,1
2026-08-12T16:15:07,1786526107,13.730322,100.787446,7.0,6.74,-0.1,-0.0,88.7,88.7,0.0,0.0,-1.93,24.89,100,0,0,1
2026-08-12T16:15:08,1786526108,13.730322,100.787446,8.3,6.74,-0.2,-0.3,88.7,88.7,0.0,0.0,-1.93,24.89,100,AUTO.LOITER,1,1
2026-08-12T16:15:09,1786526109,13.730322,100.787446,8.9,8.66,-0.1,-0.2,88.7,88.7,0.01,0.0,-1.96,24.89,100,0,0,1
2026-08-12T16:15:10,1786526110,13.730322,100.787446,8.9,8.66,-0.1,-0.1,88.7,88.7,0.01,0.0,-1.96,24.89,100,0,0,1
2026-08-12T16:15:11,1786526111,13.730322,100.787446,10.9,10.62,0.1,-0.2,88.7,88.7,0.01,0.0,-1.98,24.88,100,AUTO.LOITER,1,1
2026-08-12T16:15:12,1786526112,13.730322,100.787446,10.9,10.62,0.1,-0.2,88.7,88.7,0.01,0.0,-1.98,24.88,100,0,0,1
2026-08-12T16:15:13,1786526113,13.730322,100.787446,12.8,12.59,0.1,-0.2,88.7,88.7,-0.01,0.0,-1.98,24.88,100,AUTO.LOITER,1,1
2026-08-12T16:15:14,1786526114,13.730322,100.787446,12.8,12.59,0.1,-0.3,88.7,88.7,-0.01,0.0,-1.98,24.88,100,AUTO.LOITER,1,1
2026-08-12T16:15:15,1786526115,13.730322,100.787446,14.2,12.59,-0.2,-0.4,88.7,88.7,-0.01,0.0,-1.98,24.88,100,AUTO.LOITER,1,1
2026-08-12T16:15:16,1786526116,13.730322,100.787446,14.7,14.49,-0.4,-0.2,88.7,88.7,-0.01,0.01,-1.8,24.88,100,0,0,1
2026-08-12T16:15:17,1786526117,13.730322,100.787446,14.7,14.49,-0.3,-0.1,88.7,88.7,-0.01,0.01,-1.8,24.88,100,0,0,1
2026-08-12T16:15:18,1786526118,13.730322,100.787446,16.2,15.93,-0.1,-0.2,88.7,88.7,0.01,0.0,-1.06,24.88,100,AUTO.LOITER,1,1
2026-08-12T16:15:19,1786526119,13.730322,100.787446,16.2,15.93,0.3,-0.2,88.7,88.7,0.01,0.0,-1.06,24.88,100,0,0,1
2026-08-12T16:15:20,1786526120,13.730322,100.787446,16.9,16.68,0.3,-0.2,88.7,88.7,0.0,0.0,-0.66,24.88,100,AUTO.LOITER,1,1
2026-08-12T16:15:21,1786526121,13.730322,100.787446,16.9,16.68,0.3,-0.1,88.7,88.7,0.0,0.0,-0.66,24.88,100,0,0,1
2026-08-12T16:15:22,1786526122,13.730322,100.787446,17.9,16.68,-0.1,0.1,88.7,88.7,0.0,0.0,-0.66,24.88,100,AUTO.LOITER,1,1
2026-08-12T16:15:23,1786526123,13.730322,100.787446,18.2,17.98,-0.0,-0.2,88.7,88.7,-0.01,-0.01,-1.15,24.88,100,0,0,1
2026-08-12T16:15:24,1786526124,13.730322,100.787446,18.2,17.98,-0.4,-14.9,87.9,87.9,-0.01,-0.01,-1.15,24.88,100,0,0,1
2026-08-12T16:15:25,1786526125,13.730322,100.787451,18.6,18.38,-4.2,-16.5,94.6,94.6,0.01,1.6,-0.07,24.88,100,AUTO.LOITER,1,1
2026-08-12T16:15:26,1786526126,13.730322,100.787451,18.6,18.38,-4.2,-16.5,94.6,94.6,0.01,1.6,-0.07,24.88,100,0,0,1
2026-08-12T16:15:27,1786526127,13.730326,100.787481,18.9,18.64,2.2,-16.6,82.5,82.5,0.34,4.53,-0.35,24.87,100,AUTO.LOITER,1,1
2026-08-12T16:15:28,1786526128,13.730326,100.787481,18.9,18.64,2.2,-16.6,82.5,82.5,0.34,4.53,-0.35,24.87,100,AUTO.LOITER,1,1
2026-08-12T16:15:29,1786526129,13.73033,100.787514,18.8,18.64,5.0,-1.8,89.1,89.1,0.34,4.53,-0.35,24.87,100,AUTO.LOITER,1,1
2026-08-12T16:15:30,1786526130,13.73033,100.787526,18.8,18.61,-0.1,-2.0,86.3,86.3,-0.2,5.03,0.13,24.87,100,0,0,1
2026-08-12T16:15:31,1786526131,13.73033,100.787526,18.8,18.61,-1.9,-2.1,85.8,85.8,-0.2,5.03,0.13,24.87,100,0,0,1
2026-08-12T16:15:32,1786526132,13.73033,100.787571,18.8,18.56,-1.2,-2.1,87.0,87.0,0.11,5.04,0.04,24.87,100,AUTO.LOITER,1,1
2026-08-12T16:15:33,1786526133,13.73033,100.787571,18.8,18.56,-1.2,-2.1,87.0,87.0,0.11,5.04,0.04,24.87,100,0,0,1
2026-08-12T16:15:34,1786526134,13.730332,100.787617,18.8,18.57,-0.8,-1.7,86.3,86.3,0.31,5.07,-0.01,24.87,100,AUTO.LOITER,1,1
2026-08-12T16:15:35,1786526135,13.730332,100.787617,18.8,18.57,-0.6,-1.1,86.2,86.2,0.31,5.07,-0.01,24.87,100,0,0,1
2026-08-12T16:15:36,1786526136,13.730334,100.787651,18.8,18.57,-0.3,-1.4,86.5,86.5,0.31,5.07,-0.01,24.87,100,AUTO.LOITER,1,1
2026-08-12T16:15:37,1786526137,13.730334,100.787664,18.8,18.61,-0.6,-1.3,86.2,86.2,0.36,5.04,-0.03,24.87,100,0,0,1
2026-08-12T16:15:38,1786526138,13.730334,100.787664,18.8,18.61,-0.6,-1.2,86.3,86.3,0.36,5.04,-0.03,24.87,100,0,0,1
2026-08-12T16:15:39,1786526139,13.730337,100.78771,18.9,18.66,-0.3,-0.9,86.4,86.4,0.41,5.02,-0.03,24.86,100,AUTO.LOITER,1,1
2026-08-12T16:15:40,1786526140,13.730337,100.78771,18.9,18.66,-0.1,-0.9,86.3,86.3,0.41,5.02,-0.03,24.86,100,0,0,1
2026-08-12T16:15:41,1786526141,13.730337,100.78771,18.9,18.66,-0.1,-0.9,86.3,86.3,0.41,5.02,-0.03,24.86,100,AUTO.LOITER,1,1
2026-08-12T16:15:42,1786526142,13.730337,100.78771,18.9,18.66,0.3,-1.2,86.4,86.4,0.41,5.02,-0.03,24.86,100,0,0,1
2026-08-12T16:15:43,1786526143,13.730343,100.787791,19.0,18.66,0.3,-1.2,86.4,86.4,0.41,5.02,-0.03,24.86,100,AUTO.LOITER,1,1
2026-08-12T16:15:44,1786526144,13.730343,100.787791,19.0,18.66,0.3,-1.2,86.4,86.4,0.41,5.02,-0.03,24.86,100,AUTO.LOITER,1,1
2026-08-12T16:15:45,1786526145,13.730343,100.787791,19.0,18.66,0.3,-1.2,86.4,86.4,0.41,5.02,-0.03,24.86,100,0,0,1
2026-08-12T16:15:46,1786526146,13.730346,100.787849,19.0,18.78,-0.2,-1.2,86.4,86.4,0.34,4.94,-0.03,24.86,100,0,0,1
2026-08-12T16:15:47,1786526147,13.730346,100.787849,19.0,18.78,0.3,-1.0,86.4,86.4,0.34,4.94,-0.03,24.86,100,0,0,1
2026-08-12T16:15:48,1786526148,13.730349,100.787895,19.0,18.8,0.1,-1.0,86.4,86.4,0.32,4.95,-0.05,24.86,100,AUTO.LOITER,1,1
2026-08-12T16:15:49,1786526149,13.730349,100.787895,19.0,18.8,0.1,-1.0,86.4,86.4,0.32,4.95,-0.05,24.86,100,0,0,1
2026-08-12T16:15:50,1786526150,13.730352,100.787941,19.1,18.84,-0.1,-1.3,86.4,86.4,0.32,4.96,-0.05,24.86,100,AUTO.LOITER,1,1
2026-08-12T16:15:51,1786526151,13.730352,100.787941,19.1,18.84,-0.0,-1.3,86.4,86.4,0.32,4.96,-0.05,24.86,100,0,0,1
2026-08-12T16:15:52,1786526152,13.730354,100.787975,19.0,18.84,0.3,-1.3,86.4,86.4,0.32,4.96,-0.05,24.86,100,AUTO.LOITER,1,1
2026-08-12T16:15:53,1786526153,13.730355,100.787988,19.1,18.89,0.1,-1.7,86.5,86.5,0.31,4.95,-0.04,24.86,100,AUTO.LOITER,1,1
2026-08-12T16:15:54,1786526154,13.730355,100.787988,19.1,18.89,-0.1,-1.3,86.5,86.5,0.31,4.95,-0.04,24.86,100,AUTO.LOITER,1,1
2026-08-12T16:15:55,1786526155,13.730357,100.788034,19.2,18.93,0.1,-1.1,86.4,86.4,0.32,4.99,-0.05,24.85,100,AUTO.LOITER,1,1
2026-08-12T16:15:56,1786526156,13.730357,100.788034,19.2,18.93,0.0,-1.4,86.4,86.4,0.32,4.99,-0.05,24.85,100,0,0,1
2026-08-12T16:15:57,1786526157,13.73036,100.78808,19.2,18.97,-0.0,-1.4,86.4,86.4,0.32,5.0,-0.04,24.85,100,AUTO.LOITER,1,1
2026-08-12T16:15:58,1786526158,13.73036,100.78808,19.2,18.97,-0.0,-1.4,86.4,86.4,0.32,5.0,-0.04,24.85,100,0,0,1
2026-08-12T16:15:59,1786526159,13.730362,100.788114,19.3,18.97,0.1,-1.2,86.4,86.4,0.32,5.0,-0.04,24.85,100,AUTO.LOITER,1,1
2026-08-12T16:16:00,1786526160,13.730363,100.788126,19.3,19.02,0.0,-1.1,86.5,86.5,0.32,5.0,-0.03,24.85,100,0,0,1
2026-08-12T16:16:01,1786526161,13.730365,100.788159,19.3,19.02,0.0,-1.1,86.5,86.5,0.32,5.0,-0.03,24.85,100,AUTO.LOITER,1,1
2026-08-12T16:16:02,1786526162,13.730365,100.788159,19.3,19.02,0.0,-1.1,86.5,86.5,0.32,5.0,-0.03,24.85,100,AUTO.LOITER,1,1
2026-08-12T16:16:03,1786526163,13.730365,100.788159,19.3,19.02,0.0,-1.1,86.5,86.5,0.32,5.0,-0.03,24.85,100,AUTO.LOITER,1,1
2026-08-12T16:16:04,1786526164,13.730368,100.788219,19.3,19.1,0.2,-1.3,86.5,86.5,0.3,4.99,-0.03,24.85,100,AUTO.LOITER,1,1
2026-08-12T16:16:05,1786526165,13.730368,100.788219,19.3,19.1,0.2,-1.3,86.5,86.5,0.3,4.99,-0.03,24.85,100,0,0,1
2026-08-12T16:16:06,1786526166,13.730371,100.788265,19.4,19.14,0.1,-1.3,86.5,86.5,0.29,5.0,-0.03,24.85,100,AUTO.LOITER,1,1
2026-08-12T16:16:07,1786526167,13.730371,100.788265,19.4,19.14,0.1,-1.1,86.5,86.5,0.29,5.0,-0.03,24.85,100,0,0,1
2026-08-12T16:16:08,1786526168,13.730373,100.788298,19.4,19.14,0.2,-1.3,86.5,86.5,0.29,5.0,-0.03,24.84,100,AUTO.LOITER,1,1
2026-08-12T16:16:09,1786526169,13.730374,100.788311,19.4,19.18,0.0,-1.3,86.5,86.5,0.29,4.99,-0.03,24.84,100,0,0,1
2026-08-12T16:16:10,1786526170,13.730374,100.788311,19.4,19.18,-0.0,-1.3,86.5,86.5,0.29,4.99,-0.03,24.84,100,0,0,1
2026-08-12T16:16:11,1786526171,13.730377,100.788357,19.5,19.22,0.1,-1.3,86.4,86.4,0.3,4.99,-0.03,24.84,100,0,0,1
2026-08-12T16:16:12,1786526172,13.730377,100.788357,19.5,19.22,0.1,-1.1,86.5,86.5,0.3,4.99,-0.03,24.84,100,0,0,1
2026-08-12T16:16:13,1786526173,13.730379,100.788404,19.5,19.26,0.1,-1.1,86.5,86.5,0.3,4.99,-0.03,24.84,100,AUTO.LOITER,1,1
2026-08-12T16:16:14,1786526174,13.730379,100.788404,19.5,19.26,0.0,-1.1,86.5,86.5,0.3,4.99,-0.03,24.84,100,0,0,1
2026-08-12T16:16:15,1786526175,13.730382,100.78845,19.5,19.29,0.4,-1.2,86.4,86.4,0.29,4.99,-0.03,24.84,100,AUTO.LOITER,1,1
2026-08-12T16:16:16,1786526176,13.730382,100.78845,19.5,19.29,0.3,-1.4,86.5,86.5,0.29,4.99,-0.03,24.84,100,0,0,1
2026-08-12T16:16:17,1786526177,13.730384,100.788484,19.6,19.29,-0.0,-1.4,86.5,86.5,0.29,4.99,-0.03,24.84,100,AUTO.LOITER,1,1
2026-08-12T16:16:18,1786526178,13.730385,100.788496,19.6,19.34,-0.1,-1.2,86.5,86.5,0.29,5.01,-0.02,24.84,100,0,0,1
2026-08-12T16:16:19,1786526179,13.730385,100.788496,19.6,19.34,0.0,-1.2,86.4,86.4,0.29,5.01,-0.02,24.84,100,0,0,1
2026-08-12T16:16:20,1786526180,13.730388,100.788542,19.6,19.37,-0.0,-1.0,86.4,86.4,0.31,4.99,-0.03,24.84,100,AUTO.LOITER,1,1
2026-08-12T16:16:21,1786526181,13.730388,100.788542,19.6,19.37,0.2,-1.0,86.4,86.4,0.31,4.99,-0.03,24.84,100,0,0,1
2026-08-12T16:16:22,1786526182,13.730391,100.788588,19.6,19.41,0.2,-1.0,86.4,86.4,0.31,4.97,-0.03,24.84,100,AUTO.LOITER,1,1
2026-08-12T16:16:23,1786526183,13.730391,100.788588,19.6,19.41,0.3,-1.3,86.5,86.5,0.31,4.97,-0.03,24.84,100,0,0,1
2026-08-12T16:16:24,1786526184,13.730393,100.78862,19.7,19.41,0.0,7.0,86.6,86.6,0.31,4.97,-0.03,24.83,100,AUTO.LOITER,1,1
2026-08-12T16:16:25,1786526185,13.730393,100.788632,19.7,19.45,0.0,8.7,86.7,86.7,0.25,4.15,-0.01,24.83,100,0,0,1
2026-08-12T16:16:26,1786526186,13.730394,100.788655,19.7,19.45,-0.6,7.5,86.4,86.4,0.25,4.15,-0.01,24.83,100,AUTO.LOITER,1,1
2026-08-12T16:16:27,1786526187,13.730395,100.788662,19.7,19.45,-0.8,7.0,85.5,85.5,0.19,2.54,-0.01,24.83,100,0,0,1
2026-08-12T16:16:28,1786526188,13.730395,100.788662,19.7,19.45,-6.2,8.2,84.7,84.7,0.19,2.54,-0.01,24.83,100,0,0,1
2026-08-12T16:16:29,1786526189,13.730397,100.788679,19.7,19.49,-16.1,6.8,80.3,80.3,0.93,1.06,-0.09,24.83,100,AUTO.LOITER,1,1
2026-08-12T16:16:30,1786526190,13.730397,100.788679,19.7,19.49,-16.1,6.8,80.3,80.3,0.93,1.06,-0.09,24.83,100,0,0,1
2026-08-12T16:16:31,1786526191,13.730417,100.788683,19.8,19.53,-14.6,-5.8,70.2,70.2,3.35,0.49,0.0,24.83,99,AUTO.LOITER,1,1
2026-08-12T16:16:32,1786526192,13.730417,100.788683,19.8,19.53,-11.0,-14.2,53.9,53.9,3.35,0.49,0.0,24.83,99,0,0,1
2026-08-12T16:16:33,1786526193,13.730446,100.78869,19.8,19.53,-0.9,-7.4,41.4,41.4,3.35,0.49,0.0,24.83,99,AUTO.LOITER,1,1
2026-08-12T16:16:34,1786526194,13.730457,100.788692,19.7,19.5,-0.5,-1.4,30.5,30.5,4.88,1.16,0.02,24.83,99,0,0,1
2026-08-12T16:16:35,1786526195,13.730457,100.788692,19.7,19.5,-0.5,-1.4,30.5,30.5,4.88,1.16,0.02,24.83,99,0,0,1
2026-08-12T16:16:36,1786526196,13.730501,100.788703,19.7,19.51,0.5,-1.6,12.3,12.3,4.94,1.17,-0.02,24.83,99,0,0,1
2026-08-12T16:16:37,1786526197,13.730501,100.788703,19.7,19.51,0.5,-1.6,12.3,12.3,4.94,1.17,-0.02,24.83,99,0,0,1
2026-08-12T16:16:38,1786526198,13.730545,100.788714,19.7,19.49,0.5,-1.6,12.3,12.3,4.89,1.2,0.01,24.83,99,0,0,1
2026-08-12T16:16:39,1786526199,13.730545,100.788714,19.7,19.49,0.5,-1.0,14.4,14.4,4.89,1.2,0.01,24.83,99,0,0,1
2026-08-12T16:16:40,1786526200,13.730578,100.788721,19.8,19.49,0.1,-0.5,13.6,13.6,4.89,1.2,0.01,24.82,99,AUTO.LOITER,1,1
2026-08-12T16:16:41,1786526201,13.730589,100.788725,19.7,19.48,0.2,-0.8,13.6,13.6,4.81,1.19,0.0,24.82,99,0,0,1
2026-08-12T16:16:42,1786526202,13.730621,100.788732,19.8,19.48,0.4,-1.1,13.8,13.8,4.81,1.19,0.0,24.82,99,AUTO.LOITER,1,1
2026-08-12T16:16:43,1786526203,13.730633,100.788735,19.7,19.49,0.6,6.1,13.7,13.7,4.77,1.18,0.0,24.82,99,0,0,1
2026-08-12T16:16:44,1786526204,13.730633,100.788735,19.7,19.49,0.6,6.1,13.7,13.7,4.77,1.18,0.0,24.82,99,0,0,1
2026-08-12T16:16:45,1786526205,13.730661,100.788742,19.8,19.49,0.6,6.1,13.7,13.7,4.77,1.18,0.0,24.82,99,AUTO.LOITER,1,1
2026-08-12T16:16:46,1786526206,13.730661,100.788742,19.8,19.49,0.6,6.1,13.7,13.7,4.77,1.18,0.0,24.82,99,0,0,1
2026-08-12T16:16:47,1786526207,13.730691,100.78875,19.7,19.47,-0.7,7.2,12.6,12.6,1.79,0.38,0.0,24.82,99,AUTO.LOITER,1,1
2026-08-12T16:16:48,1786526208,13.730691,100.78875,19.7,19.47,-4.7,9.6,11.8,11.8,1.79,0.38,0.0,24.82,99,0,0,1
2026-08-12T16:16:49,1786526209,13.730699,100.788748,19.7,19.47,-16.2,11.0,7.8,7.8,1.79,0.38,0.0,24.82,99,AUTO.LOITER,1,1
2026-08-12T16:16:50,1786526210,13.7307,100.788744,19.7,19.44,-12.2,2.9,-2.2,357.8,0.25,-1.79,0.09,24.82,99,0,0,1
2026-08-12T16:16:51,1786526211,13.7307,100.788744,19.7,19.44,-15.8,-8.3,-17.4,342.6,0.25,-1.79,0.09,24.82,99,0,0,1
2026-08-12T16:16:52,1786526212,13.730702,100.788715,19.5,19.24,-7.8,-7.4,-30.6,329.4,0.4,-4.49,0.32,24.81,99,AUTO.LOITER,1,1
2026-08-12T16:16:53,1786526213,13.730702,100.788715,19.5,19.24,-7.8,-7.4,-30.6,329.4,0.4,-4.49,0.32,24.81,99,AUTO.LOITER,1,1
2026-08-12T16:16:54,1786526214,13.730708,100.78867,19.1,18.84,-7.8,-7.4,-30.6,329.4,0.56,-5.0,0.4,24.81,99,AUTO.LOITER,1,1
2026-08-12T16:16:55,1786526215,13.730708,100.78867,19.1,18.84,-0.6,-2.6,-54.6,305.4,0.56,-5.0,0.4,24.81,99,0,0,1
2026-08-12T16:16:56,1786526216,13.730712,100.788636,18.8,18.84,0.3,-2.4,-67.2,292.8,0.56,-5.0,0.4,24.81,99,AUTO.LOITER,1,1
2026-08-12T16:16:57,1786526217,13.730713,100.788624,18.7,18.45,0.6,-1.2,-78.4,281.6,0.61,-5.06,0.4,24.81,99,0,0,1
2026-08-12T16:16:58,1786526218,13.730713,100.788624,18.7,18.45,0.6,-0.8,-83.7,276.3,0.61,-5.06,0.4,24.81,99,0,0,1
2026-08-12T16:16:59,1786526219,13.730719,100.788577,18.3,18.06,0.5,-0.5,-83.1,276.9,0.62,-4.96,0.41,24.81,99,0,0,1
2026-08-12T16:17:00,1786526220,13.730719,100.788577,18.3,18.06,0.7,-0.6,-81.9,278.1,0.62,-4.96,0.41,24.81,99,0,0,1
2026-08-12T16:17:01,1786526221,13.730723,100.788543,18.0,18.06,0.9,-0.7,-82.8,277.2,0.62,-4.96,0.41,24.81,99,AUTO.LOITER,1,1
2026-08-12T16:17:02,1786526222,13.730723,100.788543,18.0,18.06,0.9,-0.7,-82.8,277.2,0.62,-4.96,0.41,24.81,99,0,0,1
2026-08-12T16:17:03,1786526223,13.73073,100.788485,17.5,17.26,0.7,-0.9,-82.8,277.2,0.64,-4.82,0.39,24.81,99,AUTO.LOITER,1,1
2026-08-12T16:17:04,1786526224,13.73073,100.788485,17.5,17.26,0.5,-1.0,-82.6,277.4,0.64,-4.82,0.39,24.81,99,0,0,1
2026-08-12T16:17:05,1786526225,13.730734,100.788451,17.2,17.26,0.6,-0.9,-82.8,277.2,0.64,-4.82,0.39,24.8,99,AUTO.LOITER,1,1
2026-08-12T16:17:06,1786526226,13.730735,100.788439,17.1,16.86,0.6,-1.3,-82.8,277.2,0.63,-4.82,0.39,24.8,99,0,0,1
2026-08-12T16:17:07,1786526227,13.730735,100.788439,17.1,16.86,0.3,-1.7,-82.8,277.2,0.63,-4.82,0.39,24.8,99,0,0,1
2026-08-12T16:17:08,1786526228,13.730741,100.788393,16.7,16.47,0.3,-1.7,-82.8,277.2,0.63,-4.87,0.38,24.8,99,AUTO.LOITER,1,1
2026-08-12T16:17:09,1786526229,13.730741,100.788393,16.7,16.47,0.4,-1.6,-82.9,277.1,0.63,-4.87,0.38,24.8,99,AUTO.LOITER,1,1
2026-08-12T16:17:10,1786526230,13.730747,100.788348,16.3,16.08,0.4,-1.6,-82.9,277.1,0.62,-4.92,0.38,24.8,99,AUTO.LOITER,1,1
2026-08-12T16:17:11,1786526231,13.730747,100.788348,16.3,16.08,0.4,-1.7,-82.9,277.1,0.62,-4.92,0.38,24.8,99,0,0,1
2026-08-12T16:17:12,1786526232,13.730751,100.788315,16.0,16.08,0.3,-1.7,-82.9,277.1,0.62,-4.92,0.38,24.8,99,AUTO.LOITER,1,1
2026-08-12T16:17:13,1786526233,13.730752,100.788302,15.9,15.7,0.3,-1.8,-82.9,277.1,0.61,-4.96,0.4,24.8,99,0,0,1
2026-08-12T16:17:14,1786526234,13.730757,100.788269,15.7,15.7,0.3,-1.7,-82.9,277.1,0.61,-4.96,0.4,24.8,99,AUTO.LOITER,1,1
2026-08-12T16:17:15,1786526235,13.730758,100.788256,15.5,15.31,0.2,-1.6,-82.9,277.1,0.6,-4.98,0.4,24.8,99,0,0,1
2026-08-12T16:17:16,1786526236,13.730758,100.788256,15.5,15.31,0.3,-1.7,-82.9,277.1,0.6,-4.98,0.4,24.8,99,0,0,1
2026-08-12T16:17:17,1786526237,13.730763,100.78821,15.1,14.91,0.6,-2.0,-82.9,277.1,0.59,-4.99,0.4,24.8,99,AUTO.LOITER,1,1
2026-08-12T16:17:18,1786526238,13.730763,100.78821,15.1,14.91,0.6,-2.0,-82.9,277.1,0.59,-4.99,0.4,24.8,99,0,0,1
2026-08-12T16:17:19,1786526239,13.730769,100.788165,14.8,14.52,0.4,-1.9,-82.9,277.1,0.61,-5.02,0.39,24.8,99,AUTO.LOITER,1,1
2026-08-12T16:17:20,1786526240,13.730769,100.788165,14.8,14.52,0.4,-1.9,-82.9,277.1,0.61,-5.02,0.39,24.8,99,AUTO.LOITER,1,1
2026-08-12T16:17:21,1786526241,13.730773,100.788132,14.6,14.52,0.2,-1.7,-83.0,277.0,0.61,-5.02,0.39,24.79,98,AUTO.LOITER,1,1
2026-08-12T16:17:22,1786526242,13.730775,100.788119,14.4,14.13,0.5,-1.8,-83.0,277.0,0.58,-5.03,0.4,24.79,98,0,0,1
2026-08-12T16:17:23,1786526243,13.730775,100.788119,14.4,14.13,0.5,-1.6,-82.9,277.1,0.58,-5.03,0.4,24.79,98,0,0,1
2026-08-12T16:17:24,1786526244,13.73078,100.788073,14.0,13.74,0.4,-1.7,-82.9,277.1,0.61,-5.02,0.4,24.79,98,AUTO.LOITER,1,1
2026-08-12T16:17:25,1786526245,13.73078,100.788073,14.0,13.74,0.5,-2.0,-82.9,277.1,0.61,-5.02,0.4,24.79,98,0,0,1
2026-08-12T16:17:26,1786526246,13.730785,100.788027,13.6,13.33,0.5,-2.0,-82.9,277.1,0.61,-5.03,0.39,24.79,98,AUTO.LOITER,1,1
2026-08-12T16:17:27,1786526247,13.730785,100.788027,13.6,13.33,0.4,-1.8,-82.9,277.1,0.61,-5.03,0.39,24.79,98,0,0,1
2026-08-12T16:17:28,1786526248,13.73079,100.787993,13.3,13.33,0.3,-1.6,-82.9,277.1,0.61,-5.03,0.39,24.79,98,AUTO.LOITER,1,1
2026-08-12T16:17:29,1786526249,13.730791,100.787981,13.2,12.94,0.2,-1.3,-83.0,277.0,0.61,-5.02,0.38,24.79,98,0,0,1
2026-08-12T16:17:30,1786526250,13.730795,100.787948,12.9,12.94,0.5,3.0,-83.0,277.0,0.61,-5.02,0.38,24.79,98,AUTO.LOITER,1,1
2026-08-12T16:17:31,1786526251,13.730797,100.787936,12.8,12.58,0.5,8.6,-82.9,277.1,0.54,-4.38,0.37,24.79,98,0,0,1
2026-08-12T16:17:32,1786526252,13.730797,100.787936,12.8,12.58,0.2,7.3,-83.1,276.9,0.54,-4.38,0.37,24.79,98,0,0,1
2026-08-12T16:17:33,1786526253,13.730801,100.787905,12.5,12.29,-0.0,7.4,-83.6,276.4,0.33,-2.71,0.23,24.79,98,0,0,1
2026-08-12T16:17:34,1786526254,13.730801,100.787905,12.5,12.29,-0.0,7.4,-83.6,276.4,0.33,-2.71,0.23,24.79,98,0,0,1
2026-08-12T16:17:35,1786526255,13.730803,100.787892,12.4,12.16,1.1,16.6,-81.8,278.2,0.08,-0.08,0.06,24.78,98,AUTO.LOITER,1,1
2026-08-12T16:17:36,1786526256,13.730803,100.787892,12.4,12.16,3.8,15.8,-72.8,287.2,0.08,-0.08,0.06,24.78,98,0,0,1
2026-08-12T16:17:37,1786526257,13.730803,100.787899,12.4,12.16,7.7,14.3,-59.5,300.5,0.08,-0.08,0.06,24.78,98,AUTO.LOITER,1,1
2026-08-12T16:17:38,1786526258,13.730803,100.787906,12.4,12.14,11.8,12.7,-46.5,313.5,-0.06,2.88,0.0,24.78,98,0,0,1
2026-08-12T16:17:39,1786526259,13.730803,100.787906,12.4,12.14,10.1,7.6,-35.5,324.5,-0.06,2.88,0.0,24.78,98,0,0,1
2026-08-12T16:17:40,1786526260,13.730804,100.787945,12.4,12.13,0.6,0.5,-22.1,337.9,-0.07,5.11,0.04,24.78,98,AUTO.LOITER,1,1
2026-08-12T16:17:41,1786526261,13.730804,100.787945,12.4,12.13,0.6,0.5,-22.1,337.9,-0.07,5.11,0.04,24.78,98,0,0,1
2026-08-12T16:17:42,1786526262,13.730804,100.78799,12.4,12.12,0.6,0.5,-22.1,337.9,-0.12,5.1,0.02,24.78,98,0,0,1
2026-08-12T16:17:43,1786526263,13.730804,100.78799,12.4,12.12,0.6,0.5,-22.1,337.9,-0.12,5.1,0.02,24.78,98,0,0,1
2026-08-12T16:17:44,1786526264,13.730804,100.788037,12.3,12.09,1.4,-0.3,15.5,15.5,-0.12,5.08,0.0,24.78,98,AUTO.LOITER,1,1
2026-08-12T16:17:45,1786526265,13.730804,100.788037,12.3,12.09,0.7,-0.6,28.1,28.1,-0.12,5.08,0.0,24.78,98,AUTO.LOITER,1,1
2026-08-12T16:17:46,1786526266,13.730804,100.788071,12.2,12.09,0.2,-0.6,40.4,40.4,-0.12,5.08,0.0,24.78,98,AUTO.LOITER,1,1
2026-08-12T16:17:47,1786526267,13.730803,100.788084,12.3,12.08,-0.0,-0.5,53.0,53.0,-0.05,4.99,-0.01,24.78,98,0,0,1
2026-08-12T16:17:48,1786526268,13.730803,100.788084,12.3,12.08,0.1,-0.4,65.5,65.5,-0.05,4.99,-0.01,24.78,98,0,0,1
2026-08-12T16:17:49,1786526269,13.730803,100.78813,12.3,12.08,-0.1,-0.5,77.9,77.9,0.0,4.89,-0.01,24.77,98,AUTO.LOITER,1,1
2026-08-12T16:17:50,1786526270,13.730803,100.78813,12.3,12.08,-0.3,-0.7,88.0,88.0,0.0,4.89,-0.01,24.77,98,0,0,1
2026-08-12T16:17:51,1786526271,13.730803,100.788177,12.3,12.09,-0.3,-0.7,88.0,88.0,0.04,4.86,-0.03,24.77,98,AUTO.LOITER,1,1
2026-08-12T16:17:52,1786526272,13.730803,100.788177,12.3,12.09,-0.6,-0.7,90.9,90.9,0.04,4.86,-0.03,24.77,98,0,0,1
2026-08-12T16:17:53,1786526273,13.730802,100.78821,12.3,12.09,-0.5,-0.9,89.4,89.4,0.04,4.86,-0.03,24.77,98,AUTO.LOITER,1,1
2026-08-12T16:17:54,1786526274,13.730803,100.788223,12.3,12.08,-0.0,-1.5,89.2,89.2,0.1,4.87,0.0,24.77,98,0,0,1
2026-08-12T16:17:55,1786526275,13.730803,100.788223,12.3,12.08,0.1,-1.5,89.9,89.9,0.1,4.87,0.0,24.77,98,0,0,1
2026-08-12T16:17:56,1786526276,13.730803,100.788268,12.3,12.09,-0.3,-1.3,89.7,89.7,0.07,4.95,0.0,24.77,98,AUTO.LOITER,1,1
2026-08-12T16:17:57,1786526277,13.730803,100.788268,12.3,12.09,-0.1,-1.2,89.7,89.7,0.07,4.95,0.0,24.77,98,0,0,1
2026-08-12T16:17:58,1786526278,13.730802,100.788302,12.3,12.09,-0.1,-1.2,89.7,89.7,0.07,4.95,0.0,24.77,98,AUTO.LOITER,1,1
2026-08-12T16:17:59,1786526279,13.730802,100.788302,12.3,12.09,-0.0,-1.1,89.9,89.9,0.07,4.95,0.0,24.77,98,0,0,1
2026-08-12T16:18:00,1786526280,13.730803,100.788348,12.3,12.09,-0.0,-1.1,89.9,89.9,0.07,4.95,0.0,24.77,98,AUTO.LOITER,1,1
2026-08-12T16:18:01,1786526281,13.730803,100.788348,12.3,12.09,0.5,-1.6,89.9,89.9,0.07,4.95,0.0,24.77,98,0,0,1
2026-08-12T16:18:02,1786526282,13.730803,100.788395,12.3,12.09,0.1,-1.3,89.9,89.9,0.07,4.95,0.0,24.77,98,AUTO.LOITER,1,1
2026-08-12T16:18:03,1786526283,13.730803,100.788407,12.3,12.08,-0.0,-1.3,89.9,89.9,0.01,5.01,0.0,24.77,98,0,0,1
2026-08-12T16:18:04,1786526284,13.730803,100.788407,12.3,12.08,0.2,-1.0,89.9,89.9,0.01,5.01,0.0,24.77,98,0,0,1
2026-08-12T16:18:05,1786526285,13.730803,100.788453,12.3,12.07,0.3,-1.1,89.9,89.9,0.01,5.0,0.0,24.76,98,AUTO.LOITER,1,1
2026-08-12T16:18:06,1786526286,13.730803,100.788453,12.3,12.07,0.2,-1.4,89.9,89.9,0.01,5.0,0.0,24.76,98,0,0,1
2026-08-12T16:18:07,1786526288,13.730804,100.7885,12.3,12.09,0.2,-1.4,89.9,89.9,0.0,5.0,0.01,24.76,98,AUTO.LOITER,1,1
2026-08-12T16:18:08,1786526289,13.730804,100.7885,12.3,12.09,0.4,-1.5,89.9,89.9,0.0,5.0,0.01,24.76,98,0,0,1
2026-08-12T16:18:09,1786526290,13.730803,100.788533,12.2,12.09,0.4,-1.5,89.9,89.9,0.0,5.0,0.01,24.76,97,AUTO.LOITER,1,1
2026-08-12T16:18:10,1786526291,13.730804,100.788546,12.3,12.07,0.0,-1.3,90.0,90.0,-0.02,5.03,0.0,24.76,97,0,0,1
2026-08-12T16:18:11,1786526292,13.730804,100.78858,12.3,12.07,-0.1,-1.5,90.0,90.0,-0.02,5.03,0.0,24.76,97,AUTO.LOITER,1,1
2026-08-12T16:18:12,1786526293,13.730803,100.788592,12.3,12.06,0.3,-1.1,89.9,89.9,0.0,5.03,0.0,24.76,97,0,0,1
2026-08-12T16:18:13,1786526294,13.730803,100.788592,12.3,12.06,0.6,-1.1,90.0,90.0,0.0,5.03,0.0,24.76,97,0,0,1
2026-08-12T16:18:14,1786526295,13.730804,100.788639,12.3,12.06,0.4,-1.4,90.0,90.0,-0.02,5.0,0.0,24.76,97,AUTO.LOITER,1,1
2026-08-12T16:18:15,1786526296,13.730804,100.788639,12.3,12.06,0.2,-1.3,90.0,90.0,-0.02,5.0,0.0,24.76,97,0,0,1
2026-08-12T16:18:16,1786526297,13.730804,100.788685,12.3,12.06,0.2,-1.3,90.0,90.0,-0.02,5.01,0.0,24.75,97,AUTO.LOITER,1,1
2026-08-12T16:18:17,1786526298,13.730804,100.788685,12.3,12.06,0.1,-1.3,90.0,90.0,-0.02,5.01,0.0,24.75,97,0,0,1
2026-08-12T16:18:18,1786526299,13.730803,100.788719,12.3,12.06,0.1,-1.2,90.0,90.0,-0.02,5.01,0.0,24.75,97,AUTO.LOITER,1,1
2026-08-12T16:18:19,1786526300,13.730804,100.788731,12.3,12.06,-0.0,-1.3,90.0,90.0,0.0,5.0,0.0,24.75,97,0,0,1
2026-08-12T16:18:20,1786526301,13.730803,100.788765,12.2,12.06,0.1,-1.4,90.0,90.0,0.0,5.0,0.0,24.75,97,AUTO.LOITER,1,1
2026-08-12T16:18:21,1786526302,13.730803,100.788777,12.3,12.06,0.1,-1.3,89.9,89.9,0.01,5.01,0.0,24.75,97,0,0,1
2026-08-12T16:18:22,1786526303,13.730803,100.788777,12.3,12.06,0.2,-1.2,90.0,90.0,0.01,5.01,0.0,24.75,97,0,0,1
2026-08-12T16:18:23,1786526304,13.730804,100.788824,12.3,12.05,0.2,-1.2,90.0,90.0,0.01,5.01,0.0,24.75,97,AUTO.LOITER,1,1
2026-08-12T16:18:24,1786526305,13.730804,100.788824,12.3,12.05,0.2,-1.2,90.0,90.0,0.01,5.01,0.0,24.75,97,0,0,1
2026-08-12T16:18:25,1786526306,13.730804,100.788858,12.2,12.05,0.3,-1.3,90.0,90.0,0.01,5.01,0.0,24.75,97,AUTO.LOITER,1,1
2026-08-12T16:18:26,1786526307,13.730804,100.78887,12.3,12.04,0.5,-1.4,90.0,90.0,0.0,5.0,-0.01,24.75,97,0,0,1
2026-08-12T16:18:27,1786526308,13.730804,100.788904,12.3,12.04,0.2,-1.3,90.0,90.0,0.0,5.0,-0.01,24.75,97,AUTO.LOITER,1,1
2026-08-12T16:18:28,1786526309,13.730804,100.788916,12.3,12.04,0.1,-1.1,90.0,90.0,-0.01,5.01,-0.01,24.75,97,0,0,1
2026-08-12T16:18:29,1786526310,13.730804,100.788916,12.3,12.04,0.2,-1.2,90.0,90.0,-0.01,5.01,-0.01,24.75,97,0,0,1
2026-08-12T16:18:30,1786526311,13.730804,100.788963,12.3,12.05,0.3,-1.0,90.0,90.0,0.0,5.0,0.0,24.75,97,AUTO.LOITER,1,1
2026-08-12T16:18:31,1786526312,13.730804,100.788963,12.3,12.05,0.3,-1.0,90.0,90.0,0.0,5.0,0.0,24.75,97,0,0,1
2026-08-12T16:18:32,1786526313,13.730804,100.788996,12.3,12.05,0.5,-1.3,90.0,90.0,0.0,5.0,0.0,24.74,97,AUTO.LOITER,1,1
2026-08-12T16:18:33,1786526314,13.730804,100.789009,12.3,12.05,0.5,-1.3,90.0,90.0,-0.02,4.99,0.0,24.74,97,0,0,1
2026-08-12T16:18:34,1786526315,13.730804,100.789043,12.3,12.05,-0.0,-1.5,90.0,90.0,-0.02,4.99,0.0,24.74,97,AUTO.LOITER,1,1
2026-08-12T16:18:35,1786526316,13.730804,100.789055,12.3,12.04,0.1,-1.1,90.0,90.0,0.0,5.02,0.0,24.74,97,0,0,1
2026-08-12T16:18:36,1786526317,13.730804,100.789055,12.3,12.04,0.3,-1.2,90.0,90.0,0.0,5.02,0.0,24.74,97,0,0,1
2026-08-12T16:18:37,1786526318,13.730804,100.789101,12.3,12.04,0.0,-1.4,90.0,90.0,0.0,5.0,0.0,24.74,97,AUTO.LOITER,1,1
2026-08-12T16:18:38,1786526319,13.730804,100.789101,12.3,12.04,0.0,-1.4,90.0,90.0,0.0,5.0,0.0,24.74,97,0,0,1
2026-08-12T16:18:39,1786526320,13.730804,100.789134,12.3,12.04,-0.1,-1.5,89.9,89.9,0.0,5.0,0.0,24.74,97,0,0,1
2026-08-12T16:18:40,1786526321,13.730804,100.789147,12.3,12.04,-0.1,-1.5,89.9,89.9,0.01,5.02,0.0,24.74,97,0,0,1
2026-08-12T16:18:41,1786526322,13.730804,100.789147,12.3,12.04,-0.1,-1.5,89.9,89.9,0.01,5.02,0.0,24.74,97,0,0,1
2026-08-12T16:18:42,1786526323,13.730804,100.789194,12.3,12.04,0.5,-1.1,90.0,90.0,0.01,5.0,0.0,24.74,97,0,0,1
2026-08-12T16:18:43,1786526324,13.730804,100.789194,12.3,12.04,0.3,-1.1,90.0,90.0,0.01,5.0,0.0,24.74,97,0,0,1
2026-08-12T16:18:44,1786526325,13.730804,100.78924,12.3,12.04,0.0,-1.2,90.0,90.0,-0.01,4.98,0.0,24.74,97,AUTO.LOITER,1,1
2026-08-12T16:18:45,1786526326,13.730804,100.78924,12.3,12.04,0.0,-1.2,90.0,90.0,-0.01,4.98,0.0,24.74,97,0,0,1
2026-08-12T16:18:46,1786526327,13.730804,100.789287,12.3,12.04,0.2,-1.4,89.9,89.9,0.0,5.0,0.01,24.73,97,AUTO.LOITER,1,1
2026-08-12T16:18:47,1786526328,13.730804,100.789287,12.3,12.04,0.4,-1.5,90.0,90.0,0.0,5.0,0.01,24.73,97,0,0,1
2026-08-12T16:18:48,1786526329,13.730804,100.789321,12.3,12.04,0.2,-1.3,90.0,90.0,0.0,5.0,0.01,24.73,97,AUTO.LOITER,1,1
2026-08-12T16:18:49,1786526330,13.730804,100.789333,12.3,12.03,-0.1,-1.0,90.0,90.0,-0.01,5.02,0.0,24.73,97,0,0,1
2026-08-12T16:18:50,1786526331,13.730804,100.789333,12.3,12.03,-0.1,-1.1,89.9,89.9,-0.01,5.02,0.0,24.73,97,0,0,1
2026-08-12T16:18:51,1786526332,13.730804,100.789379,12.3,12.03,0.3,-1.2,89.9,89.9,0.02,4.99,0.0,24.73,97,AUTO.LOITER,1,1
2026-08-12T16:18:52,1786526333,13.730804,100.789379,12.3,12.03,0.5,-1.3,90.0,90.0,0.02,4.99,0.0,24.73,97,0,0,1
2026-08-12T16:18:53,1786526334,13.730804,100.789425,12.2,12.02,0.5,-1.2,90.0,90.0,0.0,5.0,0.0,24.73,97,AUTO.LOITER,1,1
2026-08-12T16:18:54,1786526335,13.730804,100.789425,12.2,12.02,0.5,-1.2,90.0,90.0,0.0,5.0,0.0,24.73,97,0,0,1
2026-08-12T16:18:55,1786526336,13.730804,100.789459,12.3,12.02,0.3,-1.1,90.0,90.0,0.0,5.0,0.0,24.73,97,AUTO.LOITER,1,1
2026-08-12T16:18:56,1786526337,13.730804,100.789472,12.2,12.02,0.1,-1.2,90.0,90.0,-0.02,4.99,0.0,24.73,97,0,0,1
2026-08-12T16:18:57,1786526338,13.730804,100.789506,12.3,12.02,0.0,-1.4,90.0,90.0,-0.02,4.99,0.0,24.73,96,AUTO.LOITER,1,1
2026-08-12T16:18:58,1786526339,13.730804,100.789518,12.3,12.02,-0.2,-1.5,89.9,89.9,0.0,4.99,0.0,24.73,96,0,0,1
2026-08-12T16:18:59,1786526340,13.730804,100.789518,12.3,12.02,-0.1,-1.0,89.9,89.9,0.0,4.99,0.0,24.73,96,0,0,1
2026-08-12T16:19:00,1786526341,13.730804,100.789564,12.2,12.01,0.4,-1.2,89.9,89.9,0.03,4.99,0.0,24.73,96,AUTO.LOITER,1,1
2026-08-12T16:19:01,1786526342,13.730804,100.789564,12.2,12.01,0.4,-1.2,89.9,89.9,0.03,4.99,0.0,24.73,96,0,0,1
2026-08-12T16:19:02,1786526343,13.730804,100.78961,12.2,12.0,0.2,-1.4,90.0,90.0,0.0,5.0,-0.01,24.72,96,AUTO.LOITER,1,1
2026-08-12T16:19:03,1786526344,13.730804,100.78961,12.2,12.0,0.1,-1.4,90.0,90.0,0.0,5.0,-0.01,24.72,96,0,0,1
2026-08-12T16:19:04,1786526345,13.730804,100.789645,12.2,12.0,0.2,-1.1,89.9,89.9,0.0,5.0,-0.01,24.72,96,AUTO.LOITER,1,1
2026-08-12T16:19:05,1786526346,13.730804,100.789657,12.2,12.02,0.4,-1.2,89.9,89.9,0.01,5.0,0.0,24.72,96,0,0,1
2026-08-12T16:19:06,1786526347,13.730804,100.789657,12.2,12.02,0.2,-1.2,90.0,90.0,0.01,5.0,0.0,24.72,96,0,0,1
2026-08-12T16:19:07,1786526348,13.730804,100.789703,12.2,12.01,0.0,-1.4,90.0,90.0,0.0,5.0,0.0,24.72,96,AUTO.LOITER,1,1
2026-08-12T16:19:08,1786526349,13.730804,100.789703,12.2,12.01,0.1,-1.2,89.9,89.9,0.0,5.0,0.0,24.72,96,0,0,1
2026-08-12T16:19:09,1786526350,13.730804,100.789749,12.2,12.01,0.1,-1.2,89.9,89.9,0.0,5.0,0.0,24.72,96,AUTO.LOITER,1,1
2026-08-12T16:19:10,1786526351,13.730804,100.789749,12.2,12.01,0.1,-1.2,89.9,89.9,0.0,5.0,0.0,24.72,96,0,0,1
2026-08-12T16:19:11,1786526352,13.730804,100.789784,12.2,12.01,0.3,-1.3,89.9,89.9,0.0,5.0,0.0,24.72,96,AUTO.LOITER,1,1
2026-08-12T16:19:12,1786526353,13.730804,100.789795,12.2,11.99,0.1,9.5,90.0,90.0,0.0,4.76,0.0,24.72,96,0,0,1
2026-08-12T16:19:13,1786526354,13.730804,100.789822,12.2,11.99,0.2,8.4,90.0,90.0,0.0,4.76,0.0,24.72,96,AUTO.LOITER,1,1
2026-08-12T16:19:14,1786526355,13.730804,100.78983,12.2,11.97,0.2,7.5,90.0,90.0,0.0,3.01,0.0,24.72,96,0,0,1
2026-08-12T16:19:15,1786526356,13.730804,100.78983,12.2,11.97,-8.3,9.2,89.4,89.4,0.0,3.01,0.0,24.72,96,0,0,1
2026-08-12T16:19:16,1786526357,13.730804,100.78983,12.2,11.97,-8.3,9.2,89.4,89.4,0.0,3.01,0.0,24.72,96,AUTO.LOITER,1,1
2026-08-12T16:19:17,1786526358,13.730804,100.78983,12.2,11.97,-16.2,-1.8,73.7,73.7,0.0,3.01,0.0,24.72,96,0,0,1
2026-08-12T16:19:18,1786526359,13.730829,100.789855,12.3,12.05,-16.2,-1.8,73.7,73.7,3.69,0.31,0.0,24.72,96,0,0,1
2026-08-12T16:19:19,1786526360,13.730829,100.789855,12.3,12.05,-16.2,-1.8,73.7,73.7,3.69,0.31,0.0,24.72,96,0,0,1
2026-08-12T16:19:20,1786526361,13.730859,100.789861,12.3,12.05,-2.6,-1.6,44.5,44.5,3.69,0.31,0.0,24.71,96,0,0,1
2026-08-12T16:19:21,1786526362,13.730871,100.789862,12.3,12.04,5.2,9.7,34.6,34.6,4.7,0.62,0.06,24.71,96,0,0,1
2026-08-12T16:19:22,1786526363,13.730892,100.789866,12.2,12.04,1.2,15.8,20.5,20.5,4.7,0.62,0.06,24.71,96,AUTO.LOITER,1,1
2026-08-12T16:19:23,1786526364,13.730899,100.789866,12.2,12.01,-14.3,16.9,8.1,8.1,1.88,-0.19,0.0,24.71,96,0,0,1
2026-08-12T16:19:24,1786526365,13.730899,100.789866,12.2,12.01,-13.7,6.7,-1.6,358.4,1.88,-0.19,0.0,24.71,96,0,0,1
2026-08-12T16:19:25,1786526366,13.730902,100.78985,12.2,12.02,-15.6,-6.1,-16.1,343.9,0.03,-3.0,0.0,24.71,96,AUTO.LOITER,1,1
2026-08-12T16:19:26,1786526367,13.730902,100.78985,12.2,12.02,-15.6,-6.1,-16.1,343.9,0.03,-3.0,0.0,24.71,96,0,0,1
2026-08-12T16:19:27,1786526368,13.730904,100.78981,12.3,12.02,-15.6,-6.1,-16.1,343.9,0.02,-5.08,0.05,24.71,96,AUTO.LOITER,1,1
2026-08-12T16:19:28,1786526369,13.730904,100.78981,12.3,12.02,-2.0,0.4,-40.9,319.1,0.02,-5.08,0.05,24.71,96,0,0,1
2026-08-12T16:19:29,1786526370,13.730905,100.789778,12.2,12.02,-1.6,-1.4,-54.0,306.0,0.02,-5.08,0.05,24.7,96,AUTO.LOITER,1,1
2026-08-12T16:19:30,1786526371,13.730905,100.789765,12.2,12.01,-0.8,-1.7,-66.9,293.1,-0.09,-5.08,0.03,24.7,96,0,0,1
2026-08-12T16:19:31,1786526372,13.730905,100.789765,12.2,12.01,-0.3,-1.5,-78.9,281.1,-0.09,-5.08,0.03,24.7,96,0,0,1
2026-08-12T16:19:32,1786526373,13.730905,100.789718,12.2,11.98,-0.0,-1.0,-88.4,271.6,-0.04,-5.08,-0.02,24.7,96,AUTO.LOITER,1,1
2026-08-12T16:19:33,1786526374,13.730905,100.789718,12.2,11.98,0.0,-0.6,-90.6,269.4,-0.04,-5.08,-0.02,24.7,96,0,0,1
2026-08-12T16:19:34,1786526375,13.730905,100.789671,12.2,12.0,0.0,-0.6,-90.6,269.4,-0.01,-4.99,0.01,24.7,96,AUTO.LOITER,1,1
2026-08-12T16:19:35,1786526376,13.730905,100.789671,12.2,12.0,0.1,-0.7,-88.9,271.1,-0.01,-4.99,0.01,24.7,96,0,0,1
2026-08-12T16:19:36,1786526377,13.730905,100.789637,12.2,12.0,0.2,-1.1,-88.9,271.1,-0.01,-4.99,0.01,24.7,96,AUTO.LOITER,1,1
2026-08-12T16:19:37,1786526378,13.730905,100.789625,12.2,12.0,0.4,-1.0,-89.6,270.4,0.01,-4.95,0.0,24.7,96,0,0,1
2026-08-12T16:19:38,1786526379,13.730905,100.789625,12.2,12.0,0.5,-0.8,-89.3,270.7,0.01,-4.95,0.0,24.7,96,0,0,1
2026-08-12T16:19:39,1786526380,13.730905,100.789579,12.2,11.99,0.4,-0.7,-89.4,270.6,0.06,-4.93,0.0,24.7,96,0,0,1
2026-08-12T16:19:40,1786526381,13.730905,100.789579,12.2,11.99,0.4,-0.7,-89.4,270.6,0.06,-4.93,0.0,24.7,96,0,0,1
2026-08-12T16:19:41,1786526382,13.730906,100.789532,12.2,11.99,0.0,-1.0,-89.5,270.5,0.06,-4.91,0.0,24.7,96,0,0,1
2026-08-12T16:19:42,1786526383,13.730906,100.789532,12.2,11.99,-0.1,-1.2,-89.5,270.5,0.06,-4.91,0.0,24.7,96,0,0,1
2026-08-12T16:19:43,1786526384,13.730906,100.789498,12.3,11.99,0.3,-1.3,-89.5,270.5,0.06,-4.91,0.0,24.7,96,AUTO.LOITER,1,1
2026-08-12T16:19:44,1786526385,13.730906,100.789486,12.2,12.01,0.5,-1.4,-89.5,270.5,0.05,-4.94,0.0,24.7,96,0,0,1
2026-08-12T16:19:45,1786526386,13.730906,100.789486,12.2,12.01,0.4,-1.5,-89.5,270.5,0.05,-4.94,0.0,24.7,96,0,0,1
2026-08-12T16:19:46,1786526387,13.730906,100.78944,12.2,12.01,0.2,-1.6,-89.5,270.5,0.08,-4.98,0.01,24.69,96,0,0,1
2026-08-12T16:19:47,1786526388,13.730906,100.78944,12.2,12.01,0.2,-1.2,-89.6,270.4,0.08,-4.98,0.01,24.69,96,0,0,1
2026-08-12T16:19:48,1786526389,13.730906,100.789394,12.2,11.99,0.2,-1.2,-89.6,270.4,0.07,-4.99,0.0,24.69,96,AUTO.LOITER,1,1
2026-08-12T16:19:49,1786526390,13.730906,100.789394,12.2,11.99,-0.0,-1.3,-89.6,270.4,0.07,-4.99,0.0,24.69,96,0,0,1
2026-08-12T16:19:50,1786526391,13.730907,100.78936,12.1,11.99,0.2,-1.4,-89.6,270.4,0.07,-4.99,0.0,24.69,95,0,0,1
2026-08-12T16:19:51,1786526392,13.730907,100.789348,12.2,12.0,0.1,-1.3,-89.6,270.4,0.06,-5.0,0.0,24.69,95,0,0,1
2026-08-12T16:19:52,1786526393,13.730907,100.789348,12.2,12.0,0.1,-1.4,-89.6,270.4,0.06,-5.0,0.0,24.69,95,0,0,1
2026-08-12T16:19:53,1786526394,13.730907,100.789315,12.2,12.0,0.4,-1.6,-89.6,270.4,0.06,-5.0,0.0,24.69,95,AUTO.LOITER,1,1
2026-08-12T16:19:54,1786526395,13.730907,100.789315,12.2,12.0,0.3,-1.7,-89.6,270.4,0.06,-5.0,0.0,24.69,95,0,0,1
2026-08-12T16:19:55,1786526396,13.730908,100.789255,12.2,12.0,0.3,-1.7,-89.6,270.4,0.06,-5.04,0.0,24.69,95,AUTO.LOITER,1,1
2026-08-12T16:19:56,1786526397,13.730908,100.789255,12.2,12.0,-0.1,-1.5,-89.6,270.4,0.06,-5.04,0.0,24.69,95,0,0,1
2026-08-12T16:19:57,1786526398,13.730908,100.789221,12.3,12.0,0.1,-1.3,-89.6,270.4,0.06,-5.04,0.0,24.68,95,AUTO.LOITER,1,1
2026-08-12T16:19:58,1786526399,13.730908,100.789209,12.2,12.01,0.3,-1.4,-89.6,270.4,0.04,-5.03,0.0,24.68,95,0,0,1
2026-08-12T16:19:59,1786526400,13.730908,100.789209,12.2,12.01,0.1,-1.2,-89.6,270.4,0.04,-5.03,0.0,24.68,95,0,0,1
2026-08-12T16:20:00,1786526401,13.730908,100.789163,12.2,12.0,0.1,-1.4,-89.6,270.4,0.05,-5.02,0.0,24.68,95,0,0,1
2026-08-12T16:20:01,1786526402,13.730908,100.789163,12.2,12.0,0.0,-1.5,-89.6,270.4,0.05,-5.02,0.0,24.68,95,0,0,1
2026-08-12T16:20:02,1786526403,13.730909,100.789117,12.2,12.0,0.0,-1.5,-89.6,270.4,0.04,-5.03,0.0,24.68,95,AUTO.LOITER,1,1
2026-08-12T16:20:03,1786526404,13.730909,100.789117,12.2,12.0,0.2,-1.3,-89.6,270.4,0.04,-5.03,0.0,24.68,95,0,0,1
2026-08-12T16:20:04,1786526405,13.730908,100.789082,12.2,12.0,0.4,-1.3,-89.6,270.4,0.04,-5.03,0.0,24.68,95,AUTO.LOITER,1,1
2026-08-12T16:20:05,1786526406,13.730909,100.78907,12.2,12.01,0.4,-1.4,-89.6,270.4,0.06,-5.02,0.0,24.68,95,0,0,1
2026-08-12T16:20:06,1786526407,13.730909,100.78907,12.2,12.01,0.1,-1.6,-89.6,270.4,0.06,-5.02,0.0,24.68,95,0,0,1
2026-08-12T16:20:07,1786526408,13.730909,100.789024,12.2,12.0,-0.0,-1.5,-89.6,270.4,0.06,-5.03,0.0,24.68,95,AUTO.LOITER,1,1
2026-08-12T16:20:08,1786526409,13.730909,100.789024,12.2,12.0,0.1,-1.3,-89.6,270.4,0.06,-5.03,0.0,24.68,95,0,0,1
2026-08-12T16:20:09,1786526410,13.73091,100.788978,12.2,12.0,0.1,-1.3,-89.6,270.4,0.04,-5.03,0.0,24.68,95,0,0,1
2026-08-12T16:20:10,1786526411,13.73091,100.788978,12.2,12.0,0.0,-1.4,-89.6,270.4,0.04,-5.03,0.0,24.68,95,0,0,1
2026-08-12T16:20:11,1786526412,13.73091,100.788945,12.2,12.0,0.1,-1.4,-89.6,270.4,0.04,-5.03,0.0,24.68,95,AUTO.LOITER,1,1
2026-08-12T16:20:12,1786526413,13.73091,100.788945,12.2,12.0,0.1,-1.4,-89.6,270.4,0.04,-5.03,0.0,24.68,95,AUTO.LOITER,1,1
2026-08-12T16:20:13,1786526414,13.73091,100.788897,12.2,12.0,0.2,-1.3,-89.6,270.4,0.04,-5.03,0.0,24.67,95,AUTO.LOITER,1,1
2026-08-12T16:20:14,1786526415,13.73091,100.788885,12.2,12.01,0.1,-1.2,-89.6,270.4,0.05,-5.02,0.0,24.67,95,0,0,1
2026-08-12T16:20:15,1786526416,13.73091,100.788885,12.2,12.01,-0.0,-1.1,-89.6,270.4,0.05,-5.02,0.0,24.67,95,0,0,1
2026-08-12T16:20:16,1786526417,13.730911,100.788839,12.2,12.0,-0.0,-1.1,-89.6,270.4,0.03,-5.0,0.0,24.67,95,0,0,1
2026-08-12T16:20:17,1786526418,13.730911,100.788839,12.2,12.0,-0.1,-1.5,-89.6,270.4,0.03,-5.0,0.0,24.67,95,0,0,1
2026-08-12T16:20:18,1786526419,13.730911,100.788806,12.2,12.0,0.3,-1.8,-89.6,270.4,0.03,-5.0,0.0,24.67,95,0,0,1
2026-08-12T16:20:19,1786526420,13.730911,100.788793,12.2,12.0,0.4,-1.6,-89.6,270.4,0.03,-5.03,0.0,24.67,95,0,0,1
2026-08-12T16:20:20,1786526421,13.730911,100.788758,12.2,12.0,0.3,-1.3,-89.6,270.4,0.03,-5.03,0.0,24.67,95,0,0,1
2026-08-12T16:20:21,1786526422,13.730911,100.788746,12.2,11.98,0.1,-1.2,-89.6,270.4,0.06,-5.04,-0.01,24.67,95,0,0,1
2026-08-12T16:20:22,1786526423,13.730911,100.788746,12.2,11.98,0.2,-1.3,-89.6,270.4,0.06,-5.04,-0.01,24.67,95,0,0,1
2026-08-12T16:20:23,1786526424,13.730911,100.7887,12.2,11.98,0.2,-1.3,-89.6,270.4,0.06,-5.02,-0.02,24.67,95,AUTO.LOITER,1,1
2026-08-12T16:20:24,1786526425,13.730911,100.7887,12.2,11.98,0.2,-1.3,-89.6,270.4,0.06,-5.02,-0.02,24.67,95,0,0,1
2026-08-12T16:20:25,1786526426,13.730911,100.788666,12.3,11.98,0.2,-1.4,-89.6,270.4,0.06,-5.02,-0.02,24.67,95,AUTO.LOITER,1,1
2026-08-12T16:20:26,1786526427,13.730912,100.788653,12.2,12.0,0.2,-1.4,-89.6,270.4,0.06,-5.01,0.0,24.67,95,AUTO.LOITER,1,1
2026-08-12T16:20:27,1786526428,13.730912,100.788653,12.2,12.0,0.2,-1.1,-89.6,270.4,0.06,-5.01,0.0,24.67,95,0,0,1
2026-08-12T16:20:28,1786526429,13.730912,100.788607,12.2,12.0,-0.1,-1.3,-89.6,270.4,0.07,-4.99,0.0,24.66,95,0,0,1
2026-08-12T16:20:29,1786526430,13.730912,100.788607,12.2,12.0,-0.1,-1.3,-89.6,270.4,0.07,-4.99,0.0,24.66,95,0,0,1
2026-08-12T16:20:30,1786526431,13.730913,100.788561,12.2,12.01,-0.1,-1.3,-89.6,270.4,0.02,-4.99,0.0,24.66,95,AUTO.LOITER,1,1
2026-08-12T16:20:31,1786526432,13.730913,100.788561,12.2,12.01,0.4,-1.2,-89.6,270.4,0.02,-4.99,0.0,24.66,95,0,0,1
2026-08-12T16:20:32,1786526433,13.730913,100.788527,12.2,12.01,0.3,-1.6,-89.6,270.4,0.02,-4.99,0.0,24.66,95,AUTO.LOITER,1,1
2026-08-12T16:20:33,1786526434,13.730913,100.788515,12.2,12.01,0.1,-1.8,-89.6,270.4,0.05,-5.01,0.01,24.66,95,0,0,1
2026-08-12T16:20:34,1786526435,13.730913,100.788515,12.2,12.01,0.0,-1.1,-89.6,270.4,0.05,-5.01,0.01,24.66,95,0,0,1
2026-08-12T16:20:35,1786526436,13.730913,100.788468,12.2,11.99,0.0,-1.1,-89.6,270.4,0.04,-5.01,0.0,24.66,95,0,0,1
2026-08-12T16:20:36,1786526437,13.730913,100.788468,12.2,11.99,0.3,-1.3,-89.6,270.4,0.04,-5.01,0.0,24.66,95,0,0,1
2026-08-12T16:20:37,1786526438,13.730914,100.788434,12.3,11.99,0.0,-1.4,-89.6,270.4,0.04,-5.01,0.0,24.66,95,AUTO.LOITER,1,1
2026-08-12T16:20:38,1786526439,13.730914,100.788422,12.2,11.99,-0.1,-1.5,-89.6,270.4,0.04,-5.01,-0.01,24.66,95,0,0,1
2026-08-12T16:20:39,1786526440,13.730914,100.788422,12.2,11.99,-0.1,-1.5,-89.6,270.4,0.04,-5.01,-0.01,24.66,95,0,0,1
2026-08-12T16:20:40,1786526441,13.730914,100.788388,12.2,11.99,-0.1,-1.5,-89.6,270.4,0.04,-5.01,-0.01,24.66,95,0,0,1
2026-08-12T16:20:41,1786526442,13.730914,100.788388,12.2,11.99,-0.1,-1.5,-89.6,270.4,0.04,-5.01,-0.01,24.66,95,0,0,1
2026-08-12T16:20:42,1786526443,13.730914,100.788343,12.2,11.99,-0.1,-1.5,-89.6,270.4,0.04,-5.01,-0.01,24.66,95,AUTO.LOITER,1,1
2026-08-12T16:20:43,1786526444,13.730914,100.788343,12.2,11.99,0.3,-1.4,-89.5,270.5,0.04,-5.01,-0.01,24.66,95,AUTO.LOITER,1,1
2026-08-12T16:20:44,1786526445,13.730914,100.788343,12.2,11.99,0.3,-1.4,-89.5,270.5,0.04,-5.01,-0.01,24.66,95,0,0,1
2026-08-12T16:20:45,1786526446,13.730915,100.788295,12.2,11.99,0.0,-1.4,-89.5,270.5,0.04,-5.01,-0.01,24.65,94,0,0,1
2026-08-12T16:20:46,1786526447,13.730915,100.788295,12.2,11.99,-0.1,-1.4,-89.6,270.4,0.04,-5.01,-0.01,24.65,94,0,0,1
2026-08-12T16:20:47,1786526448,13.730915,100.78825,12.2,11.99,0.0,-1.1,-89.6,270.4,0.04,-5.01,-0.01,24.65,94,AUTO.LOITER,1,1
2026-08-12T16:20:48,1786526449,13.730915,100.788237,12.2,12.0,0.2,-1.2,-89.6,270.4,0.03,-5.0,0.0,24.65,94,0,0,1
2026-08-12T16:20:49,1786526450,13.730915,100.788237,12.2,12.0,0.4,-1.5,-89.6,270.4,0.03,-5.0,0.0,24.65,94,0,0,1
2026-08-12T16:20:50,1786526451,13.730915,100.788191,12.2,11.99,0.3,-1.5,-89.5,270.5,0.05,-5.0,0.0,24.65,94,0,0,1
2026-08-12T16:20:51,1786526452,13.730915,100.788191,12.2,11.99,0.3,-1.5,-89.5,270.5,0.05,-5.0,0.0,24.65,94,0,0,1
2026-08-12T16:20:52,1786526453,13.730916,100.788157,12.2,11.99,-0.0,-1.4,-89.5,270.5,0.05,-5.0,0.0,24.65,94,AUTO.LOITER,1,1
2026-08-12T16:20:53,1786526454,13.730916,100.788145,12.2,12.0,-0.2,-1.4,-89.6,270.4,0.05,-5.02,0.0,24.65,94,0,0,1
2026-08-12T16:20:54,1786526455,13.730916,100.788145,12.2,12.0,0.3,-1.8,-89.6,270.4,0.05,-5.02,0.0,24.65,94,0,0,1
2026-08-12T16:20:55,1786526456,13.730916,100.788098,12.2,12.0,0.3,-1.1,-89.6,270.4,0.03,-5.03,0.0,24.65,94,0,0,1
2026-08-12T16:20:56,1786526457,13.730916,100.788098,12.2,12.0,0.3,-1.1,-89.6,270.4,0.03,-5.03,0.0,24.65,94,0,0,1
2026-08-12T16:20:57,1786526458,13.730916,100.788052,12.2,11.99,0.2,-1.1,-89.5,270.5,0.05,-5.0,0.0,24.65,94,0,0,1
2026-08-12T16:20:58,1786526459,13.730916,100.788052,12.2,11.99,0.2,-1.3,-89.5,270.5,0.05,-5.0,0.0,24.65,94,0,0,1
2026-08-12T16:20:59,1786526460,13.730917,100.788017,12.2,11.99,0.3,-1.3,-89.5,270.5,0.05,-5.0,0.0,24.64,94,0,0,1
2026-08-12T16:21:00,1786526461,13.730917,100.788005,12.2,12.0,-0.1,-1.3,-89.5,270.5,0.05,-5.01,0.0,24.64,94,0,0,1
2026-08-12T16:21:01,1786526462,13.730917,100.788005,12.2,12.0,-0.1,-1.3,-89.5,270.5,0.05,-5.01,0.0,24.64,94,0,0,1
2026-08-12T16:21:02,1786526463,13.730917,100.787959,12.2,11.99,-0.1,-1.3,-89.5,270.5,0.02,-5.0,0.0,24.64,94,AUTO.LOITER,1,1
2026-08-12T16:21:03,1786526464,13.730917,100.787959,12.2,11.99,-0.1,-1.3,-89.5,270.5,0.02,-5.0,0.0,24.64,94,AUTO.LOITER,1,1
2026-08-12T16:21:04,1786526465,13.730917,100.787929,12.2,11.99,0.4,9.0,-89.6,270.4,0.02,-5.0,0.0,24.64,94,0,0,1
2026-08-12T16:21:05,1786526466,13.730917,100.787919,12.2,11.99,0.7,7.7,-89.3,270.7,0.02,-3.51,0.0,24.64,94,0,0,1
2026-08-12T16:21:06,1786526467,13.730917,100.787919,12.2,11.99,0.2,6.9,-89.1,270.9,0.02,-3.51,0.0,24.64,94,0,0,1
2026-08-12T16:21:07,1786526468,13.730918,100.787895,12.2,11.99,0.2,6.9,-89.1,270.9,0.25,-1.98,-0.03,24.64,94,AUTO.LOITER,1,1
2026-08-12T16:21:08,1786526469,13.730918,100.787895,12.2,11.99,12.6,9.6,-88.1,271.9,0.25,-1.98,-0.03,24.64,94,0,0,1
2026-08-12T16:21:09,1786526470,13.730928,100.787887,12.3,11.99,13.3,10.5,-80.4,279.6,0.25,-1.98,-0.03,24.64,94,0,0,1
2026-08-12T16:21:10,1786526471,13.730928,100.787887,12.3,11.99,15.3,-7.9,-70.2,289.8,0.25,-1.98,-0.03,24.64,94,0,0,1
2026-08-12T16:21:11,1786526472,13.730928,100.787887,12.3,11.99,15.3,-7.9,-70.2,289.8,0.25,-1.98,-0.03,24.64,94,0,0,1
2026-08-12T16:21:12,1786526473,13.730928,100.787887,12.3,11.99,-0.4,2.9,-41.9,318.1,0.25,-1.98,-0.03,24.64,94,0,0,1
2026-08-12T16:21:13,1786526474,13.730928,100.787887,12.3,11.99,-0.4,2.9,-41.9,318.1,0.25,-1.98,-0.03,24.64,94,0,0,1
2026-08-12T16:21:14,1786526475,13.730998,100.787875,12.3,11.99,-6.9,13.7,-30.6,329.4,0.25,-1.98,-0.03,24.63,94,AUTO.LOITER,1,1
2026-08-12T16:21:15,1786526476,13.731006,100.787875,12.3,12.02,4.7,16.6,-16.0,344.0,2.79,-0.42,0.05,24.63,94,0,0,1
2026-08-12T16:21:16,1786526477,13.731015,100.787878,12.3,12.02,14.9,16.0,-4.8,355.2,2.79,-0.42,0.05,24.63,94,0,0,1
2026-08-12T16:21:17,1786526478,13.731016,100.787882,12.2,12.01,16.1,0.6,5.3,5.3,0.17,2.06,-0.01,24.63,94,0,0,1
2026-08-12T16:21:18,1786526479,13.731016,100.787882,12.2,12.01,16.0,-6.1,21.5,21.5,0.17,2.06,-0.01,24.63,94,0,0,1
2026-08-12T16:21:19,1786526480,13.731017,100.787915,12.3,12.02,6.1,-2.3,33.5,33.5,0.06,4.78,0.03,24.63,94,0,0,1
2026-08-12T16:21:20,1786526481,13.731017,100.787915,12.3,12.02,6.1,-2.3,33.5,33.5,0.06,4.78,0.03,24.63,94,0,0,1
2026-08-12T16:21:21,1786526482,13.731019,100.787948,12.3,12.02,2.2,-0.1,44.6,44.6,0.06,4.78,0.03,24.63,94,AUTO.LOITER,1,1
2026-08-12T16:21:22,1786526483,13.731018,100.787961,12.2,12.0,1.9,-1.7,58.2,58.2,-0.1,5.02,0.01,24.63,94,0,0,1
2026-08-12T16:21:23,1786526484,13.731018,100.787961,12.2,12.0,1.0,-1.6,70.5,70.5,-0.1,5.02,0.01,24.63,94,0,0,1
2026-08-12T16:21:24,1786526485,13.731018,100.788007,12.2,11.99,0.3,-1.4,82.5,82.5,-0.1,5.08,0.01,24.63,94,AUTO.LOITER,1,1
2026-08-12T16:21:25,1786526486,13.731018,100.788007,12.2,11.99,0.2,-0.7,89.9,89.9,-0.1,5.08,0.01,24.63,94,0,0,1
2026-08-12T16:21:26,1786526487,13.731018,100.788054,12.3,12.02,0.2,-0.7,89.9,89.9,-0.05,5.03,0.01,24.63,94,0,0,1
2026-08-12T16:21:27,1786526488,13.731018,100.788054,12.3,12.02,-0.3,-0.3,90.3,90.3,-0.05,5.03,0.01,24.63,94,0,0,1
2026-08-12T16:21:28,1786526489,13.731019,100.788088,12.2,12.02,-0.2,-0.6,88.6,88.6,-0.05,5.03,0.01,24.62,94,0,0,1
2026-08-12T16:21:29,1786526490,13.731018,100.788101,12.2,12.0,0.1,-0.9,89.2,89.2,0.02,4.93,0.01,24.62,94,0,0,1
2026-08-12T16:21:30,1786526491,13.731018,100.788101,12.2,12.0,-0.0,-1.2,89.5,89.5,0.02,4.93,0.01,24.62,94,0,0,1
2026-08-12T16:21:31,1786526492,13.731019,100.788147,12.2,11.98,0.0,-1.0,89.3,89.3,0.04,4.94,-0.01,24.62,94,AUTO.LOITER,1,1
2026-08-12T16:21:32,1786526493,13.731019,100.788147,12.2,11.98,0.0,-1.0,89.3,89.3,0.04,4.94,-0.01,24.62,94,0,0,1
2026-08-12T16:21:33,1786526494,13.731019,100.788147,12.2,11.98,0.0,-1.0,89.3,89.3,0.04,4.94,-0.01,24.62,94,0,0,1
2026-08-12T16:21:34,1786526495,13.731019,100.788147,12.2,11.98,-0.4,-1.1,89.5,89.5,0.04,4.94,-0.01,24.62,94,0,0,1
2026-08-12T16:21:35,1786526496,13.731019,100.788147,12.2,11.98,-0.4,-1.1,89.5,89.5,0.04,4.94,-0.01,24.62,94,AUTO.LOITER,1,1
2026-08-12T16:21:36,1786526497,13.731019,100.788239,12.2,11.98,-0.4,-1.1,89.5,89.5,0.1,4.95,-0.01,24.62,94,0,0,1
2026-08-12T16:21:37,1786526498,13.731019,100.788273,12.2,11.98,0.0,-1.3,89.5,89.5,0.1,4.95,-0.01,24.62,94,AUTO.LOITER,1,1
2026-08-12T16:21:38,1786526499,13.731019,100.788286,12.2,11.99,-0.0,-1.0,89.5,89.5,0.08,4.98,0.0,24.62,94,0,0,1
2026-08-12T16:21:39,1786526500,13.731019,100.788286,12.2,11.99,0.1,-1.2,89.5,89.5,0.08,4.98,0.0,24.62,94,0,0,1
2026-08-12T16:21:40,1786526501,13.73102,100.788332,12.2,12.0,0.4,-1.3,89.6,89.6,0.07,4.98,0.0,24.62,94,0,0,1
2026-08-12T16:21:41,1786526502,13.73102,100.788332,12.2,12.0,0.4,-1.3,89.6,89.6,0.07,4.98,0.0,24.62,94,0,0,1
2026-08-12T16:21:42,1786526503,13.73102,100.788366,12.3,12.0,0.3,-1.0,89.6,89.6,0.07,4.98,0.0,24.61,93,AUTO.LOITER,1,1
2026-08-12T16:21:43,1786526504,13.73102,100.788378,12.2,12.0,0.1,-1.0,89.6,89.6,0.03,4.97,0.0,24.61,93,0,0,1
2026-08-12T16:21:44,1786526505,13.73102,100.788412,12.2,12.0,0.0,-1.3,89.6,89.6,0.03,4.97,0.0,24.61,93,AUTO.LOITER,1,1
2026-08-12T16:21:45,1786526506,13.731021,100.788424,12.2,12.0,0.2,-1.3,89.6,89.6,0.04,4.97,0.0,24.61,93,0,0,1
2026-08-12T16:21:46,1786526507,13.731021,100.788424,12.2,12.0,0.2,-1.3,89.6,89.6,0.04,4.97,0.0,24.61,93,0,0,1
2026-08-12T16:21:47,1786526508,13.731021,100.788471,12.2,11.99,0.1,-1.0,89.6,89.6,0.03,4.99,-0.01,24.61,93,0,0,1
2026-08-12T16:21:48,1786526509,13.731021,100.788471,12.2,11.99,0.2,-1.3,89.6,89.6,0.03,4.99,-0.01,24.61,93,0,0,1
2026-08-12T16:21:49,1786526510,13.731021,100.788517,12.2,12.01,0.2,-1.3,89.6,89.6,0.03,4.99,0.0,24.61,93,AUTO.LOITER,1,1
2026-08-12T16:21:50,1786526511,13.731021,100.788517,12.2,12.01,0.2,-1.3,89.6,89.6,0.03,4.99,0.0,24.61,93,AUTO.LOITER,1,1
2026-08-12T16:21:51,1786526512,13.731021,100.788517,12.2,12.01,0.2,-1.3,89.6,89.6,0.03,4.99,0.0,24.61,93,0,0,1
2026-08-12T16:21:52,1786526513,13.731021,100.788517,12.2,12.01,0.0,-1.3,89.6,89.6,0.03,4.99,0.0,24.61,93,0,0,1
2026-08-12T16:21:53,1786526514,13.731021,100.788517,12.2,12.01,0.1,-1.2,89.6,89.6,0.03,4.99,0.0,24.61,93,0,0,1
2026-08-12T16:21:54,1786526515,13.731022,100.788609,12.2,12.0,0.2,-1.3,89.6,89.6,0.02,5.01,0.0,24.61,93,0,0,1
2026-08-12T16:21:55,1786526516,13.731022,100.788609,12.2,12.0,0.3,-1.7,89.6,89.6,0.02,5.01,0.0,24.61,93,0,0,1
2026-08-12T16:21:56,1786526517,13.731022,100.788655,12.2,11.99,0.3,-1.7,89.6,89.6,0.02,5.03,0.0,24.61,93,AUTO.LOITER,1,1
2026-08-12T16:21:57,1786526518,13.731022,100.788655,12.2,11.99,0.1,-1.1,89.6,89.6,0.02,5.03,0.0,24.61,93,0,0,1
2026-08-12T16:21:58,1786526519,13.731022,100.788655,12.2,11.99,0.1,-1.1,89.6,89.6,0.02,5.03,0.0,24.61,93,0,0,1
2026-08-12T16:21:59,1786526520,13.731023,100.788702,12.2,11.99,0.1,-1.1,89.6,89.6,0.03,5.01,-0.01,24.61,93,0,0,1
2026-08-12T16:22:00,1786526521,13.731023,100.788735,12.2,11.99,0.1,-1.1,89.6,89.6,0.03,5.01,-0.01,24.6,93,AUTO.LOITER,1,1
2026-08-12T16:22:01,1786526522,13.731023,100.788735,12.2,11.99,0.2,-1.3,89.6,89.6,0.03,5.01,-0.01,24.6,93,AUTO.LOITER,1,1
2026-08-12T16:22:02,1786526523,13.731023,100.788735,12.2,11.99,-0.0,-1.2,89.6,89.6,0.03,5.01,-0.01,24.6,93,AUTO.LOITER,1,1
2026-08-12T16:22:03,1786526524,13.731023,100.788794,12.2,12.0,0.0,-1.2,89.6,89.6,0.04,5.0,0.0,24.6,93,0,0,1
2026-08-12T16:22:04,1786526525,13.731023,100.788794,12.2,12.0,0.0,-1.2,89.6,89.6,0.04,5.0,0.0,24.6,93,0,0,1
2026-08-12T16:22:05,1786526526,13.731024,100.788828,12.3,12.0,0.2,-1.5,89.6,89.6,0.04,5.0,0.0,24.6,93,0,0,1
2026-08-12T16:22:06,1786526527,13.731024,100.788841,12.2,12.0,0.4,-1.3,89.6,89.6,0.04,5.01,0.0,24.6,93,0,0,1
2026-08-12T16:22:07,1786526528,13.731024,100.788874,12.2,12.0,0.2,-1.4,89.6,89.6,0.04,5.01,0.0,24.6,93,0,0,1
2026-08-12T16:22:08,1786526529,13.731024,100.788887,12.2,12.01,0.0,-1.2,89.6,89.6,0.02,5.01,0.01,24.6,93,0,0,1
2026-08-12T16:22:09,1786526530,13.731024,100.788887,12.2,12.01,0.0,-1.2,89.6,89.6,0.02,5.01,0.01,24.6,93,0,0,1
2026-08-12T16:22:10,1786526531,13.731024,100.788933,12.2,11.99,-0.0,-1.2,89.6,89.6,0.03,5.0,0.0,24.6,93,0,0,1
2026-08-12T16:22:11,1786526532,13.731024,100.788933,12.2,11.99,-0.0,-1.2,89.6,89.6,0.03,5.0,0.0,24.6,93,0,0,1
2026-08-12T16:22:12,1786526533,13.731025,100.788979,12.2,12.0,0.2,-1.3,89.6,89.6,0.04,5.0,0.0,24.59,93,0,0,1
2026-08-12T16:22:13,1786526534,13.731025,100.788979,12.2,12.0,0.3,-1.0,89.6,89.6,0.04,5.0,0.0,24.59,93,0,0,1
2026-08-12T16:22:14,1786526535,13.731025,100.789013,12.2,12.0,0.2,-0.9,89.6,89.6,0.04,5.0,0.0,24.59,93,AUTO.LOITER,1,1
2026-08-12T16:22:15,1786526536,13.731025,100.789026,12.2,12.01,0.3,-1.2,89.6,89.6,0.02,4.97,0.0,24.59,93,0,0,1
2026-08-12T16:22:16,1786526537,13.731025,100.789026,12.2,12.01,0.5,-1.5,89.6,89.6,0.02,4.97,0.0,24.59,93,0,0,1
2026-08-12T16:22:17,1786526538,13.731026,100.78906,12.2,12.01,0.5,-1.5,89.6,89.6,0.02,4.97,0.0,24.59,93,AUTO.LOITER,1,1
2026-08-12T16:22:18,1786526539,13.731026,100.78906,12.2,12.01,0.5,-1.5,89.6,89.6,0.02,4.97,0.0,24.59,93,0,0,1
2026-08-12T16:22:19,1786526540,13.731026,100.789106,12.2,12.01,0.0,-1.2,89.6,89.6,0.02,4.97,0.0,24.59,93,AUTO.LOITER,1,1
2026-08-12T16:22:20,1786526541,13.731026,100.789106,12.2,12.01,0.0,-1.2,89.6,89.6,0.02,4.97,0.0,24.59,93,AUTO.LOITER,1,1
2026-08-12T16:22:21,1786526542,13.731026,100.789106,12.2,12.01,0.0,-1.2,89.6,89.6,0.02,4.97,0.0,24.59,93,AUTO.LOITER,1,1
2026-08-12T16:22:22,1786526543,13.731026,100.789106,12.2,12.01,0.0,-1.2,89.6,89.6,0.02,4.97,0.0,24.59,93,0,0,1
2026-08-12T16:22:23,1786526544,13.731026,100.789106,12.2,12.01,0.2,-1.4,89.6,89.6,0.02,4.97,0.0,24.59,93,0,0,1
2026-08-12T16:22:24,1786526545,13.731026,100.789211,12.2,11.99,-0.0,-1.3,89.6,89.6,0.03,5.01,0.0,24.59,93,0,0,1
2026-08-12T16:22:25,1786526546,13.731026,100.789211,12.2,11.99,0.1,-1.3,89.6,89.6,0.03,5.01,0.0,24.59,93,0,0,1
2026-08-12T16:22:26,1786526547,13.731027,100.789257,12.2,11.99,0.1,-1.3,89.6,89.6,0.04,5.01,0.0,24.59,93,0,0,1
2026-08-12T16:22:27,1786526548,13.731027,100.789257,12.2,11.99,0.3,-1.4,89.6,89.6,0.04,5.01,0.0,24.59,93,0,0,1
2026-08-12T16:22:28,1786526549,13.731027,100.789291,12.2,11.99,0.2,-1.4,89.6,89.6,0.04,5.01,0.0,24.58,93,AUTO.LOITER,1,1
2026-08-12T16:22:29,1786526550,13.731027,100.789303,12.2,12.0,0.1,-1.2,89.6,89.6,0.03,5.02,0.0,24.58,93,0,0,1
2026-08-12T16:22:30,1786526551,13.731027,100.789303,12.2,12.0,0.3,-1.1,89.6,89.6,0.03,5.02,0.0,24.58,93,0,0,1
2026-08-12T16:22:31,1786526552,13.731027,100.78935,12.2,12.01,0.5,-1.4,89.6,89.6,0.03,5.0,0.0,24.58,93,0,0,1
2026-08-12T16:22:32,1786526553,13.731027,100.78935,12.2,12.01,0.1,-1.2,89.6,89.6,0.03,5.0,0.0,24.58,93,0,0,1
2026-08-12T16:22:33,1786526554,13.731028,100.789396,12.2,12.02,0.1,-1.2,89.6,89.6,0.02,5.0,0.01,24.58,93,AUTO.LOITER,1,1
2026-08-12T16:22:34,1786526555,13.731028,100.789396,12.2,12.02,0.1,-1.3,89.6,89.6,0.02,5.0,0.01,24.58,93,0,0,1
2026-08-12T16:22:35,1786526556,13.731028,100.78943,12.2,12.02,0.1,-1.3,89.6,89.6,0.02,5.0,0.01,24.58,92,AUTO.LOITER,1,1
2026-08-12T16:22:36,1786526557,13.731028,100.789442,12.2,12.01,0.1,-1.0,89.6,89.6,0.01,4.99,0.0,24.58,92,0,0,1
2026-08-12T16:22:37,1786526558,13.731028,100.789476,12.2,12.01,-0.1,-1.4,89.6,89.6,0.01,4.99,0.0,24.58,92,AUTO.LOITER,1,1
2026-08-12T16:22:38,1786526559,13.731028,100.789489,12.2,12.0,0.1,-1.5,89.6,89.6,0.04,4.99,0.0,24.58,92,0,0,1
2026-08-12T16:22:39,1786526560,13.731028,100.789489,12.2,12.0,0.1,-1.1,89.6,89.6,0.04,4.99,0.0,24.58,92,0,0,1
2026-08-12T16:22:40,1786526561,13.731029,100.789535,12.2,11.99,0.3,-1.0,89.6,89.6,0.04,5.0,0.0,24.57,92,0,0,1
2026-08-12T16:22:41,1786526562,13.731029,100.789535,12.2,11.99,0.3,-1.0,89.6,89.6,0.04,5.0,0.0,24.57,92,0,0,1
2026-08-12T16:22:42,1786526563,13.731029,100.789569,12.3,11.99,0.0,-1.1,89.6,89.6,0.04,5.0,0.0,24.57,92,AUTO.LOITER,1,1
2026-08-12T16:22:43,1786526564,13.731029,100.789581,12.2,11.99,-0.1,-1.6,89.6,89.6,0.04,4.98,0.0,24.57,92,0,0,1
2026-08-12T16:22:44,1786526565,13.731029,100.789615,12.2,11.99,0.3,-1.5,89.5,89.5,0.04,4.98,0.0,24.57,92,AUTO.LOITER,1,1
2026-08-12T16:22:45,1786526566,13.731029,100.789627,12.2,12.0,0.3,-1.5,89.6,89.6,0.04,5.01,0.0,24.57,92,0,0,1
2026-08-12T16:22:46,1786526567,13.731029,100.789627,12.2,12.0,0.4,-1.1,89.6,89.6,0.04,5.01,0.0,24.57,92,0,0,1
2026-08-12T16:22:47,1786526568,13.73103,100.789674,12.2,12.0,0.3,-1.2,89.6,89.6,0.02,5.01,0.0,24.57,92,0,0,1
2026-08-12T16:22:48,1786526569,13.73103,100.789674,12.2,12.0,0.3,-1.2,89.6,89.6,0.02,5.01,0.0,24.57,92,0,0,1
2026-08-12T16:22:49,1786526570,13.73103,100.789674,12.2,12.0,0.3,-1.2,89.6,89.6,0.02,5.01,0.0,24.57,92,0,0,1
2026-08-12T16:22:50,1786526571,13.73103,100.78972,12.2,12.0,-0.0,-1.1,89.6,89.6,0.01,5.0,0.0,24.57,92,0,0,1
2026-08-12T16:22:51,1786526572,13.73103,100.78972,12.2,12.0,-0.0,-1.1,89.6,89.6,0.01,5.0,0.0,24.57,92,0,0,1
2026-08-12T16:22:52,1786526573,13.73103,100.78972,12.2,12.0,-0.0,-1.1,89.6,89.6,0.01,5.0,0.0,24.57,92,0,0,1
2026-08-12T16:22:53,1786526574,13.73103,100.78972,12.2,12.0,0.0,8.5,89.5,89.5,0.01,5.0,0.0,24.57,92,0,0,1
2026-08-12T16:22:54,1786526575,13.73103,100.78981,12.2,11.99,0.4,8.5,89.5,89.5,0.05,4.08,0.0,24.57,92,0,0,1
2026-08-12T16:22:55,1786526576,13.73103,100.78981,12.2,11.99,0.7,7.5,89.9,89.9,0.05,4.08,0.0,24.57,92,0,0,1
2026-08-12T16:22:56,1786526577,13.731031,100.789839,12.2,11.99,0.7,7.5,89.9,89.9,0.0,2.49,0.01,24.56,92,0,0,1
2026-08-12T16:22:57,1786526578,13.731031,100.789839,12.2,11.99,-2.0,8.5,90.0,90.0,0.0,2.49,0.01,24.56,92,0,0,1
2026-08-12T16:22:58,1786526579,13.731034,100.789851,12.3,11.99,-17.4,9.5,86.6,86.6,0.0,2.49,0.01,24.56,92,0,0,1
2026-08-12T16:22:59,1786526580,13.731038,100.789853,12.3,12.04,-12.3,5.5,77.1,77.1,1.91,0.64,0.01,24.56,92,0,0,1
2026-08-12T16:23:00,1786526581,13.731058,100.789857,12.3,12.04,-13.6,-11.1,63.8,63.8,1.91,0.64,0.01,24.56,92,AUTO.LOITER,1,1
2026-08-12T16:23:01,1786526582,13.731067,100.789857,12.3,12.06,-4.2,-7.1,48.0,48.0,4.54,0.51,0.0,24.56,92,0,0,1
2026-08-12T16:23:02,1786526583,13.731067,100.789857,12.3,12.06,3.0,5.8,38.6,38.6,4.54,0.51,0.0,24.56,92,0,0,1
2026-08-12T16:23:03,1786526584,13.731109,100.789864,12.3,12.02,3.0,5.8,38.6,38.6,3.94,0.5,0.03,24.56,92,0,0,1
2026-08-12T16:23:04,1786526585,13.731109,100.789864,12.3,12.02,5.7,14.8,25.7,25.7,3.94,0.5,0.03,24.56,92,0,0,1
2026-08-12T16:23:05,1786526586,13.731124,100.789867,12.2,12.02,-8.3,17.1,12.0,12.0,3.94,0.5,0.03,24.56,92,0,0,1
2026-08-12T16:23:06,1786526587,13.731128,100.789865,12.3,12.02,-15.0,13.2,1.6,1.6,0.94,-0.95,0.01,24.56,92,0,0,1
2026-08-12T16:23:07,1786526588,13.731129,100.789851,12.3,12.02,-15.4,-3.7,-9.9,350.1,0.94,-0.95,0.01,24.56,92,0,0,1
2026-08-12T16:23:08,1786526589,13.731129,100.789851,12.3,12.02,-15.4,-3.7,-9.9,350.1,0.94,-0.95,0.01,24.56,92,0,0,1
2026-08-12T16:23:09,1786526590,13.731129,100.789851,12.3,12.02,-4.6,-1.4,-37.2,322.8,0.94,-0.95,0.01,24.56,92,0,0,1
2026-08-12T16:23:10,1786526591,13.731131,100.789799,12.2,12.02,-2.0,-1.0,-49.1,310.9,-0.06,-5.06,0.03,24.55,92,0,0,1
2026-08-12T16:23:11,1786526592,13.731131,100.789799,12.2,12.02,-0.9,-2.0,-62.6,297.4,-0.06,-5.06,0.03,24.55,92,0,0,1
2026-08-12T16:23:12,1786526593,13.731131,100.789754,12.2,12.01,-0.9,-2.0,-62.6,297.4,-0.07,-5.09,0.03,24.55,92,0,0,1
2026-08-12T16:23:13,1786526594,13.731131,100.789754,12.2,12.01,-0.2,-1.8,-74.7,285.3,-0.07,-5.09,0.03,24.55,92,0,0,1
2026-08-12T16:23:14,1786526595,13.731131,100.78972,12.2,12.01,-0.0,-1.4,-85.8,274.2,-0.07,-5.09,0.03,24.55,92,AUTO.LOITER,1,1
2026-08-12T16:23:15,1786526596,13.731131,100.789707,12.2,12.02,-0.0,-1.4,-85.8,274.2,-0.01,-5.08,-0.01,24.55,92,0,0,1
2026-08-12T16:23:16,1786526597,13.731131,100.789707,12.2,12.02,-0.0,-1.4,-85.8,274.2,-0.01,-5.08,-0.01,24.55,92,0,0,1
2026-08-12T16:23:17,1786526598,13.731131,100.78966,12.2,12.0,-0.0,-1.4,-85.8,274.2,-0.01,-4.99,0.02,24.55,92,AUTO.LOITER,1,1
2026-08-12T16:23:18,1786526599,13.731131,100.78966,12.2,12.0,0.2,-0.6,-89.5,270.5,-0.01,-4.99,0.02,24.55,92,AUTO.LOITER,1,1
2026-08-12T16:23:19,1786526600,13.731131,100.789614,12.2,11.98,0.2,-0.6,-89.5,270.5,0.02,-4.93,0.0,24.55,92,0,0,1
2026-08-12T16:23:20,1786526601,13.731131,100.789614,12.2,11.98,0.2,-0.8,-89.4,270.6,0.02,-4.93,0.0,24.55,92,0,0,1
2026-08-12T16:23:21,1786526602,13.731131,100.78958,12.2,11.98,0.2,-0.8,-89.4,270.6,0.02,-4.93,0.0,24.55,92,0,0,1
2026-08-12T16:23:22,1786526603,13.731131,100.789568,12.2,11.98,0.5,-1.2,-89.5,270.5,0.04,-4.91,0.0,24.55,92,0,0,1
2026-08-12T16:23:23,1786526604,13.731131,100.789568,12.2,11.98,0.2,-1.2,-89.5,270.5,0.04,-4.91,0.0,24.55,92,0,0,1
2026-08-12T16:23:24,1786526605,13.731132,100.789521,12.2,11.99,0.2,-1.0,-89.5,270.5,0.06,-4.93,0.0,24.55,92,0,0,1
2026-08-12T16:23:25,1786526606,13.731132,100.789521,12.2,11.99,0.4,-1.2,-89.5,270.5,0.06,-4.93,0.0,24.55,92,0,0,1
2026-08-12T16:23:26,1786526607,13.731132,100.789475,12.2,11.99,0.4,-1.2,-89.5,270.5,0.07,-4.94,0.0,24.54,92,0,0,1
2026-08-12T16:23:27,1786526608,13.731132,100.789475,12.2,11.99,0.1,-1.2,-89.5,270.5,0.07,-4.94,0.0,24.54,92,0,0,1
2026-08-12T16:23:28,1786526609,13.731132,100.789441,12.2,11.99,0.2,-1.1,-89.5,270.5,0.07,-4.94,0.0,24.54,92,0,0,1
2026-08-12T16:23:29,1786526610,13.731132,100.789429,12.2,12.0,0.3,-1.4,-89.5,270.5,0.05,-4.96,0.0,24.54,92,0,0,1
2026-08-12T16:23:30,1786526611,13.731132,100.789396,12.2,12.0,0.4,-1.7,-89.6,270.4,0.05,-4.96,0.0,24.54,91,0,0,1
2026-08-12T16:23:31,1786526612,13.731133,100.789383,12.2,12.01,0.1,-1.5,-89.6,270.4,0.07,-5.0,0.01,24.54,91,0,0,1
2026-08-12T16:23:32,1786526613,13.731133,100.789383,12.2,12.01,-0.0,-1.5,-89.6,270.4,0.07,-5.0,0.01,24.54,91,0,0,1
2026-08-12T16:23:33,1786526614,13.731133,100.789337,12.2,12.0,0.2,-1.5,-89.6,270.4,0.05,-5.03,0.0,24.54,91,0,0,1
2026-08-12T16:23:34,1786526615,13.731133,100.789337,12.2,12.0,0.2,-1.5,-89.6,270.4,0.05,-5.03,0.0,24.54,91,0,0,1
2026-08-12T16:23:35,1786526616,13.731133,100.789303,12.3,12.0,0.3,-1.6,-89.6,270.4,0.05,-5.03,0.0,24.54,91,0,0,1
2026-08-12T16:23:36,1786526617,13.731133,100.789291,12.2,12.0,0.1,-1.3,-89.6,270.4,0.06,-5.05,0.0,24.54,91,0,0,1
2026-08-12T16:23:37,1786526618,13.731134,100.789257,12.2,12.0,0.0,-1.1,-89.6,270.4,0.06,-5.05,0.0,24.54,91,AUTO.LOITER,1,1
2026-08-12T16:23:38,1786526619,13.731134,100.789244,12.2,12.0,0.1,-1.2,-89.6,270.4,0.04,-5.03,0.0,24.54,91,0,0,1
2026-08-12T16:23:39,1786526620,13.731134,100.789244,12.2,12.0,0.1,-1.2,-89.6,270.4,0.04,-5.03,0.0,24.54,91,0,0,1
2026-08-12T16:23:40,1786526621,13.731134,100.789244,12.2,12.0,0.3,-1.8,-89.6,270.4,0.04,-5.03,0.0,24.54,91,0,0,1
2026-08-12T16:23:41,1786526622,13.731134,100.789244,12.2,12.0,0.3,-1.8,-89.6,270.4,0.04,-5.03,0.0,24.54,91,0,0,1
2026-08-12T16:23:42,1786526623,13.731135,100.789152,12.2,11.99,0.2,-1.7,-89.6,270.4,0.06,-5.05,0.0,24.54,91,0,0,1
2026-08-12T16:23:43,1786526624,13.731135,100.789152,12.2,11.99,0.2,-1.7,-89.6,270.4,0.06,-5.05,0.0,24.54,91,0,0,1
2026-08-12T16:23:44,1786526625,13.731135,100.789152,12.2,11.99,0.2,-1.2,-89.6,270.4,0.06,-5.05,0.0,24.54,91,0,0,1
2026-08-12T16:23:45,1786526626,13.731135,100.789152,12.2,11.99,0.3,-1.1,-89.6,270.4,0.06,-5.05,0.0,24.54,91,0,0,1
2026-08-12T16:23:46,1786526627,13.731135,100.789152,12.2,11.99,0.1,-0.7,-89.6,270.4,0.06,-5.05,0.0,24.54,91,0,0,1
2026-08-12T16:23:47,1786526628,13.731135,100.789059,12.2,11.99,-0.1,-1.3,-89.6,270.4,0.05,-4.98,-0.01,24.53,91,0,0,1
2026-08-12T16:23:48,1786526629,13.731135,100.789059,12.2,11.99,-0.0,-1.9,-89.6,270.4,0.05,-4.98,-0.01,24.53,91,0,0,1
2026-08-12T16:23:49,1786526630,13.731136,100.789013,12.2,12.01,-0.0,-1.9,-89.6,270.4,0.03,-5.02,0.0,24.53,91,0,0,1
2026-08-12T16:23:50,1786526631,13.731136,100.789013,12.2,12.01,0.1,-1.5,-89.6,270.4,0.03,-5.02,0.0,24.53,91,0,0,1
2026-08-12T16:23:51,1786526632,13.731136,100.789013,12.2,12.01,0.3,-1.4,-89.6,270.4,0.03,-5.02,0.0,24.53,91,0,0,1
2026-08-12T16:23:52,1786526633,13.731136,100.788966,12.2,12.01,0.4,-1.3,-89.6,270.4,0.03,-5.02,0.0,24.53,91,0,0,1
2026-08-12T16:23:53,1786526634,13.731136,100.788966,12.2,12.01,0.4,-1.3,-89.6,270.4,0.03,-5.02,0.0,24.53,91,0,0,1
2026-08-12T16:23:54,1786526635,13.731136,100.78892,12.2,12.0,0.1,-1.3,-89.6,270.4,0.05,-5.03,0.0,24.53,91,0,0,1
2026-08-12T16:23:55,1786526636,13.731136,100.78892,12.2,12.0,0.3,-1.2,-89.6,270.4,0.05,-5.03,0.0,24.53,91,0,0,1
2026-08-12T16:23:56,1786526637,13.731137,100.788874,12.2,12.0,0.0,-1.3,-89.6,270.4,0.06,-5.01,0.0,24.52,91,0,0,1
2026-08-12T16:23:57,1786526638,13.731137,100.788874,12.2,12.0,0.0,-1.3,-89.6,270.4,0.06,-5.01,0.0,24.52,91,0,0,1
2026-08-12T16:23:58,1786526639,13.731137,100.788828,12.2,12.0,-0.0,-1.6,-89.6,270.4,0.04,-5.02,0.0,24.52,91,0,0,1
2026-08-12T16:23:59,1786526640,13.731137,100.788828,12.2,12.0,-0.1,-1.2,-89.6,270.4,0.04,-5.02,0.0,24.52,91,0,0,1
2026-08-12T16:24:00,1786526641,13.731137,100.788794,12.2,12.0,0.1,-1.5,-89.6,270.4,0.04,-5.02,0.0,24.52,91,0,0,1
2026-08-12T16:24:01,1786526642,13.731137,100.788781,12.2,11.99,0.5,-1.4,-89.6,270.4,0.02,-5.02,-0.01,24.52,91,0,0,1
2026-08-12T16:24:02,1786526643,13.731137,100.788781,12.2,11.99,0.5,-1.4,-89.6,270.4,0.02,-5.02,-0.01,24.52,91,0,0,1
2026-08-12T16:24:03,1786526644,13.731138,100.788735,12.2,11.99,0.5,-1.4,-89.6,270.4,0.06,-5.01,-0.01,24.52,91,0,0,1
2026-08-12T16:24:04,1786526645,13.731138,100.788735,12.2,11.99,0.0,-1.4,-89.6,270.4,0.06,-5.01,-0.01,24.52,91,0,0,1
2026-08-12T16:24:05,1786526646,13.731138,100.788689,12.2,12.0,0.0,-1.4,-89.6,270.4,0.04,-5.0,0.0,24.52,91,0,0,1
2026-08-12T16:24:06,1786526647,13.731138,100.788689,12.2,12.0,0.1,-1.6,-89.6,270.4,0.04,-5.0,0.0,24.52,91,0,0,1
2026-08-12T16:24:07,1786526648,13.731138,100.788655,12.2,12.0,0.3,-1.4,-89.6,270.4,0.04,-5.0,0.0,24.52,91,0,0,1
2026-08-12T16:24:08,1786526649,13.731138,100.788642,12.2,11.99,0.0,-1.4,-89.6,270.4,0.06,-5.02,0.0,24.52,91,0,0,1
2026-08-12T16:24:09,1786526650,13.731138,100.788642,12.2,11.99,0.0,-1.5,-89.6,270.4,0.06,-5.02,0.0,24.52,91,0,0,1
2026-08-12T16:24:10,1786526651,13.731139,100.788596,12.2,12.01,0.0,-1.2,-89.6,270.4,0.04,-5.02,0.0,24.51,91,0,0,1
2026-08-12T16:24:11,1786526652,13.731139,100.788596,12.2,12.01,0.0,-1.2,-89.6,270.4,0.04,-5.02,0.0,24.51,91,0,0,1
2026-08-12T16:24:12,1786526653,13.731139,100.788562,12.3,12.01,0.0,-1.2,-89.6,270.4,0.04,-5.02,0.0,24.51,91,AUTO.LOITER,1,1
2026-08-12T16:24:13,1786526654,13.731139,100.788562,12.3,12.01,0.0,-1.2,-89.6,270.4,0.04,-5.02,0.0,24.51,91,0,0,1
2026-08-12T16:24:14,1786526655,13.731139,100.788504,12.2,12.01,0.2,-1.3,-89.6,270.4,0.04,-5.0,0.01,24.51,91,0,0,1
2026-08-12T16:24:15,1786526656,13.731139,100.788504,12.2,12.01,0.3,-1.4,-89.6,270.4,0.04,-5.0,0.01,24.51,91,0,0,1
2026-08-12T16:24:16,1786526657,13.731139,100.78847,12.3,12.01,0.5,-1.3,-89.5,270.5,0.04,-5.0,0.01,24.51,91,0,0,1
2026-08-12T16:24:17,1786526658,13.731139,100.788457,12.2,12.02,0.3,-1.3,-89.5,270.5,0.07,-5.0,0.01,24.51,91,0,0,1
2026-08-12T16:24:18,1786526659,13.731139,100.788457,12.2,12.02,0.1,-1.3,-89.5,270.5,0.07,-5.0,0.01,24.51,91,0,0,1
2026-08-12T16:24:19,1786526660,13.73114,100.788411,12.2,12.0,0.0,-1.1,-89.5,270.5,0.06,-5.0,0.0,24.51,91,0,0,1
2026-08-12T16:24:20,1786526661,13.73114,100.788411,12.2,12.0,0.2,-1.4,-89.6,270.4,0.06,-5.0,0.0,24.51,91,0,0,1
2026-08-12T16:24:21,1786526662,13.73114,100.788365,12.2,12.0,0.2,-1.4,-89.6,270.4,0.05,-4.99,0.0,24.5,91,0,0,1
2026-08-12T16:24:22,1786526663,13.73114,100.788365,12.2,12.0,0.2,-1.5,-89.5,270.5,0.05,-4.99,0.0,24.5,91,0,0,1
2026-08-12T16:24:23,1786526664,13.731141,100.788331,12.2,12.0,0.1,-1.5,-89.5,270.5,0.05,-4.99,0.0,24.5,91,0,0,1
2026-08-12T16:24:24,1786526665,13.731141,100.788318,12.2,12.0,0.0,-1.4,-89.6,270.4,0.04,-5.02,0.0,24.5,91,0,0,1
2026-08-12T16:24:25,1786526666,13.731141,100.788318,12.2,12.0,-0.1,-1.3,-89.6,270.4,0.04,-5.02,0.0,24.5,91,0,0,1
2026-08-12T16:24:26,1786526667,13.731141,100.788318,12.2,12.0,0.0,-1.2,-89.6,270.4,0.04,-5.02,0.0,24.5,91,0,0,1
2026-08-12T16:24:27,1786526668,13.731141,100.788318,12.2,12.0,0.0,-1.2,-89.6,270.4,0.04,-5.02,0.0,24.5,91,0,0,1
2026-08-12T16:24:28,1786526669,13.731141,100.788318,12.2,12.0,0.0,-1.2,-89.6,270.4,0.04,-5.02,0.0,24.5,91,AUTO.LOITER,1,1
2026-08-12T16:24:29,1786526670,13.731141,100.788318,12.2,12.0,0.0,-1.2,-89.6,270.4,0.04,-5.02,0.0,24.5,91,0,0,1
2026-08-12T16:24:30,1786526671,13.731142,100.788179,12.2,12.01,0.1,-1.3,-89.6,270.4,0.02,-5.0,0.0,24.5,90,0,0,1
2026-08-12T16:24:31,1786526672,13.731142,100.788179,12.2,12.01,0.2,-1.1,-89.6,270.4,0.02,-5.0,0.0,24.5,90,0,0,1
2026-08-12T16:24:32,1786526673,13.731142,100.788146,12.2,12.01,0.3,-1.3,-89.6,270.4,0.02,-5.0,0.0,24.5,90,0,0,1
2026-08-12T16:24:33,1786526674,13.731142,100.788133,12.2,11.99,0.1,-1.5,-89.5,270.5,0.04,-4.99,0.0,24.5,90,0,0,1
2026-08-12T16:24:34,1786526675,13.731142,100.788133,12.2,11.99,0.1,-1.3,-89.5,270.5,0.04,-4.99,0.0,24.5,90,0,0,1
2026-08-12T16:24:35,1786526676,13.731143,100.788087,12.2,12.0,0.1,-1.3,-89.5,270.5,0.04,-5.01,0.0,24.5,90,0,0,1
2026-08-12T16:24:36,1786526677,13.731143,100.788087,12.2,12.0,0.1,-1.6,-89.6,270.4,0.04,-5.01,0.0,24.5,90,0,0,1
2026-08-12T16:24:37,1786526678,13.731143,100.788041,12.2,12.01,0.1,-1.6,-89.6,270.4,0.03,-5.02,0.0,24.49,90,AUTO.LOITER,1,1
2026-08-12T16:24:38,1786526679,13.731143,100.788041,12.2,12.01,0.4,-1.3,-89.5,270.5,0.03,-5.02,0.0,24.49,90,0,0,1
2026-08-12T16:24:39,1786526680,13.731143,100.788041,12.2,12.01,0.1,-1.2,-89.5,270.5,0.03,-5.02,0.0,24.49,90,0,0,1
2026-08-12T16:24:40,1786526681,13.731143,100.787994,12.2,12.01,-0.1,-1.3,-89.5,270.5,0.05,-5.01,0.01,24.49,90,0,0,1
2026-08-12T16:24:41,1786526682,13.731143,100.78796,12.2,12.01,0.3,-1.3,-89.6,270.4,0.05,-5.01,0.01,24.49,90,0,0,1
2026-08-12T16:24:42,1786526683,13.731143,100.787948,12.2,11.99,0.6,9.2,-89.3,270.7,0.04,-4.88,0.0,24.49,90,0,0,1
2026-08-12T16:24:43,1786526684,13.731143,100.787948,12.2,11.99,0.6,8.5,-89.2,270.8,0.04,-4.88,0.0,24.49,90,0,0,1
2026-08-12T16:24:44,1786526685,13.731144,100.787912,12.2,11.98,0.2,7.6,-89.2,270.8,0.06,-3.14,0.0,24.49,90,0,0,1
2026-08-12T16:24:45,1786526686,13.731144,100.787912,12.2,11.98,0.2,7.6,-89.2,270.8,0.06,-3.14,0.0,24.49,90,0,0,1
2026-08-12T16:24:46,1786526687,13.731144,100.787896,12.3,11.98,0.2,7.6,-89.2,270.8,0.06,-3.14,0.0,24.49,90,AUTO.LOITER,1,1
2026-08-12T16:24:47,1786526688,13.731144,100.787896,12.3,11.98,-6.7,16.7,-93.2,266.8,0.06,-3.14,0.0,24.49,90,0,0,1
2026-08-12T16:24:48,1786526689,13.731138,100.787893,12.3,11.98,-8.8,14.8,-103.5,256.5,0.06,-3.14,0.0,24.49,90,0,0,1
2026-08-12T16:24:49,1786526690,13.731135,100.787896,12.3,12.05,-20.2,8.4,-117.4,242.6,-1.58,1.88,-0.01,24.49,90,0,0,1
2026-08-12T16:24:50,1786526691,13.731135,100.787896,12.3,12.05,-14.3,0.8,-128.9,231.1,-1.58,1.88,-0.01,24.49,90,0,0,1
2026-08-12T16:24:51,1786526692,13.73111,100.787925,12.3,12.04,-0.6,0.3,-142.9,217.1,-3.44,3.82,0.08,24.48,90,0,0,1
2026-08-12T16:24:52,1786526693,13.73111,100.787925,12.3,12.04,-2.9,-0.7,-155.4,204.6,-3.44,3.82,0.08,24.48,90,0,0,1
2026-08-12T16:24:53,1786526694,13.73108,100.787959,12.3,12.04,-2.9,-0.7,-155.4,204.6,-3.42,3.86,0.05,24.48,90,0,0,1
2026-08-12T16:24:54,1786526695,13.73108,100.787959,12.3,12.04,-1.8,-1.1,-167.3,192.7,-3.42,3.86,0.05,24.48,90,0,0,1
2026-08-12T16:24:55,1786526696,13.731059,100.787982,12.3,12.04,-1.8,-1.1,-167.3,192.7,-3.42,3.86,0.05,24.48,90,0,0,1
2026-08-12T16:24:56,1786526697,13.731059,100.787982,12.3,12.04,-0.7,-0.9,167.4,167.4,-3.42,3.86,0.05,24.48,90,0,0,1
2026-08-12T16:24:57,1786526698,13.731059,100.787982,12.3,12.04,-0.7,-0.9,167.4,167.4,-3.42,3.86,0.05,24.48,90,0,0,1
2026-08-12T16:24:58,1786526699,13.73102,100.788028,12.2,12.0,-0.2,-0.6,142.5,142.5,-3.34,3.79,0.0,24.48,90,0,0,1
2026-08-12T16:24:59,1786526700,13.73102,100.788028,12.2,12.0,-0.2,-0.5,133.1,133.1,-3.34,3.79,0.0,24.48,90,0,0,1
2026-08-12T16:25:00,1786526701,13.730989,100.788062,12.2,12.01,0.1,-0.5,130.8,130.8,-3.27,3.72,-0.01,24.48,90,0,0,1
2026-08-12T16:25:01,1786526702,13.730989,100.788062,12.2,12.01,0.1,-0.5,130.8,130.8,-3.27,3.72,-0.01,24.48,90,0,0,1
2026-08-12T16:25:02,1786526703,13.730968,100.788086,12.2,12.01,0.1,10.1,132.4,132.4,-3.27,3.72,-0.01,24.48,90,0,0,1
2026-08-12T16:25:03,1786526704,13.730962,100.788094,12.2,11.98,-0.0,8.8,132.4,132.4,-2.4,2.73,0.0,24.48,90,0,0,1
2026-08-12T16:25:04,1786526705,13.730949,100.78811,12.2,11.98,-0.0,7.4,131.7,131.7,-2.4,2.73,0.0,24.48,90,0,0,1
2026-08-12T16:25:05,1786526706,13.730949,100.78811,12.2,11.98,-0.0,7.0,131.9,131.9,-2.4,2.73,0.0,24.48,90,0,0,1
2026-08-12T16:25:06,1786526707,13.730949,100.78811,12.2,11.98,0.8,6.2,132.2,132.2,-2.4,2.73,0.0,24.48,90,0,0,1
2026-08-12T16:25:07,1786526708,13.730935,100.788125,12.2,11.99,2.5,3.0,133.7,133.7,-0.72,0.71,0.0,24.47,90,0,0,1
2026-08-12T16:25:08,1786526709,13.730935,100.788125,12.2,11.99,2.5,3.0,133.7,133.7,-0.72,0.71,0.0,24.47,90,0,0,1
2026-08-12T16:25:09,1786526710,13.73093,100.788129,12.0,11.99,-0.3,6.1,132.9,132.9,-0.72,0.71,0.0,24.47,90,0,0,1
2026-08-12T16:25:10,1786526711,13.730929,100.788129,11.7,11.43,-1.5,8.4,132.7,132.7,-0.19,0.13,1.45,24.47,90,0,0,1
2026-08-12T16:25:11,1786526712,13.730929,100.788129,11.7,11.43,0.5,0.1,133.1,133.1,-0.19,0.13,1.45,24.47,90,0,0,1
2026-08-12T16:25:12,1786526713,13.730929,100.78813,10.9,11.43,0.5,0.1,133.1,133.1,-0.19,0.13,1.45,24.47,90,AUTO.LOITER,1,1
2026-08-12T16:25:13,1786526714,13.730929,100.78813,10.9,11.43,0.5,0.1,133.1,133.1,-0.19,0.13,1.45,24.47,90,AUTO.LOITER,1,1
2026-08-12T16:25:14,1786526715,13.730929,100.78813,10.9,11.43,-0.0,0.1,132.9,132.9,-0.19,0.13,1.45,24.47,90,0,0,1
2026-08-12T16:25:15,1786526716,13.730929,100.788129,10.0,9.76,-0.0,0.1,132.9,132.9,0.07,-0.09,0.49,24.47,90,0,0,1
2026-08-12T16:25:16,1786526717,13.73093,100.788129,9.7,9.76,-0.0,0.1,132.9,132.9,0.07,-0.09,0.49,24.47,90,AUTO.LOITER,1,1
2026-08-12T16:25:17,1786526718,13.73093,100.788129,9.7,9.76,0.2,-0.5,132.9,132.9,0.07,-0.09,0.49,24.47,90,AUTO.LOITER,1,1
2026-08-12T16:25:18,1786526719,13.73093,100.788129,9.7,9.76,0.0,-0.5,132.9,132.9,0.07,-0.09,0.49,24.47,90,0,0,1
2026-08-12T16:25:19,1786526720,13.73093,100.788129,9.1,8.88,0.0,-0.5,132.9,132.9,-0.01,0.0,0.41,24.47,90,0,0,1
2026-08-12T16:25:20,1786526721,13.73093,100.788129,9.1,8.88,0.0,-0.9,132.9,132.9,-0.01,0.0,0.41,24.47,90,0,0,1
2026-08-12T16:25:21,1786526722,13.73093,100.788129,8.8,8.88,0.2,-1.0,132.9,132.9,-0.01,0.0,0.41,24.46,90,0,0,1
2026-08-12T16:25:22,1786526723,13.73093,100.788129,8.7,8.48,0.0,-0.6,132.9,132.9,-0.06,0.06,0.39,24.46,90,0,0,1
2026-08-12T16:25:23,1786526724,13.73093,100.788129,8.7,8.48,-0.1,-0.4,132.9,132.9,-0.06,0.06,0.39,24.46,90,0,0,1
2026-08-12T16:25:24,1786526725,13.73093,100.788129,8.3,8.09,-0.1,-0.4,132.9,132.9,-0.05,0.08,0.38,24.46,89,0,0,1
2026-08-12T16:25:25,1786526726,13.73093,100.788129,8.3,8.09,0.4,-0.2,132.9,132.9,-0.05,0.08,0.38,24.46,89,0,0,1
2026-08-12T16:25:26,1786526727,13.73093,100.78813,7.9,7.7,0.4,-0.2,132.9,132.9,-0.05,0.02,0.38,24.46,89,0,0,1
2026-08-12T16:25:27,1786526728,13.73093,100.78813,7.9,7.7,0.1,-0.4,132.9,132.9,-0.05,0.02,0.38,24.46,89,0,0,1
2026-08-12T16:25:28,1786526729,13.730929,100.78813,7.7,7.7,-0.1,-0.3,132.9,132.9,-0.05,0.02,0.38,24.46,89,0,0,1
2026-08-12T16:25:29,1786526730,13.730929,100.78813,7.5,7.3,-0.1,-0.1,132.9,132.9,-0.04,0.03,0.38,24.46,89,0,0,1
2026-08-12T16:25:30,1786526731,13.730929,100.78813,7.3,7.3,-0.1,-0.2,132.9,132.9,-0.04,0.03,0.38,24.46,89,AUTO.LOITER,1,1
2026-08-12T16:25:31,1786526732,13.730929,100.78813,7.2,6.92,0.1,-0.2,132.9,132.9,-0.01,0.03,0.39,24.46,89,0,0,1
2026-08-12T16:25:32,1786526733,13.730929,100.78813,7.2,6.92,0.0,-0.4,132.9,132.9,-0.01,0.03,0.39,24.46,89,0,0,1
2026-08-12T16:25:33,1786526734,13.730929,100.78813,6.8,6.53,0.0,-0.4,132.9,132.9,-0.01,0.03,0.4,24.46,89,0,0,1
2026-08-12T16:25:34,1786526735,13.730929,100.78813,6.8,6.53,-0.0,-0.4,132.9,132.9,-0.01,0.03,0.4,24.46,89,0,0,1
2026-08-12T16:25:35,1786526736,13.730929,100.78813,6.5,6.53,0.1,-0.1,132.9,132.9,-0.01,0.03,0.4,24.45,89,0,0,1
2026-08-12T16:25:36,1786526737,13.730929,100.78813,6.4,6.15,0.1,0.0,132.9,132.9,-0.01,0.03,0.41,24.45,89,0,0,1
2026-08-12T16:25:37,1786526738,13.730929,100.78813,6.0,6.15,0.1,-0.5,132.9,132.9,-0.01,0.03,0.41,24.45,89,AUTO.LOITER,1,1
2026-08-12T16:25:38,1786526739,13.730929,100.78813,6.0,5.74,-0.0,-0.7,132.9,132.9,-0.01,0.02,0.41,24.45,89,0,0,1
2026-08-12T16:25:39,1786526740,13.730929,100.78813,6.0,5.74,-0.0,-0.7,132.9,132.9,-0.01,0.02,0.41,24.45,89,0,0,1
2026-08-12T16:25:40,1786526741,13.730929,100.78813,6.0,5.74,-0.0,-0.7,132.9,132.9,-0.01,0.02,0.41,24.45,89,0,0,1
2026-08-12T16:25:41,1786526742,13.730929,100.78813,6.0,5.74,-0.0,-0.7,132.9,132.9,-0.01,0.02,0.41,24.45,89,0,0,1
2026-08-12T16:25:42,1786526743,13.730928,100.788131,5.3,5.74,0.1,-0.1,132.9,132.9,-0.01,0.02,0.41,24.45,89,0,0,1
2026-08-12T16:25:43,1786526744,13.730929,100.788131,5.2,5.0,-0.0,0.0,132.9,132.9,-0.01,0.01,0.29,24.45,89,0,0,1
2026-08-12T16:25:44,1786526745,13.730928,100.788132,5.0,5.0,0.1,0.1,132.9,132.9,-0.01,0.01,0.29,24.45,89,0,0,1
2026-08-12T16:25:45,1786526746,13.730928,100.788131,4.9,4.68,0.3,0.1,132.9,132.9,0.01,0.0,0.29,24.45,89,0,0,1
2026-08-12T16:25:46,1786526747,13.730928,100.788131,4.9,4.68,-0.1,-0.0,132.9,132.9,0.01,0.0,0.29,24.45,89,0,0,1
2026-08-12T16:25:47,1786526748,13.730928,100.788131,4.6,4.39,-0.2,-0.3,132.9,132.9,0.02,-0.02,0.29,24.45,89,0,0,1
2026-08-12T16:25:48,1786526749,13.730928,100.788131,4.6,4.39,-0.2,-0.3,132.9,132.9,0.02,-0.02,0.29,24.45,89,0,0,1
2026-08-12T16:25:49,1786526750,13.730928,100.788131,4.3,4.09,-0.2,-0.3,132.9,132.9,0.02,0.01,0.29,24.45,89,0,0,1
2026-08-12T16:25:50,1786526751,13.730928,100.788131,4.3,4.09,-0.1,-0.3,132.9,132.9,0.02,0.01,0.29,24.45,89,0,0,1
2026-08-12T16:25:51,1786526752,13.730929,100.788131,4.1,4.09,0.3,-0.0,132.9,132.9,0.02,0.01,0.29,24.44,89,0,0,1
2026-08-12T16:25:52,1786526753,13.730929,100.788131,4.0,3.8,0.6,0.1,132.9,132.9,0.01,0.0,0.3,24.44,89,0,0,1
2026-08-12T16:25:53,1786526754,13.730929,100.788131,3.8,3.8,0.1,-0.3,132.9,132.9,0.01,0.0,0.3,24.44,89,AUTO.LAND,1,1
2026-08-12T16:25:54,1786526755,13.730929,100.788131,3.7,3.5,-0.3,-0.5,132.9,132.9,0.0,-0.02,0.29,24.44,89,0,0,1
2026-08-12T16:25:55,1786526756,13.730929,100.788131,3.7,3.5,-0.0,-0.5,132.9,132.9,0.0,-0.02,0.29,24.44,89,0,0,1
2026-08-12T16:25:56,1786526757,13.730929,100.788131,3.4,3.2,0.2,-0.2,132.9,132.9,-0.01,0.02,0.29,24.44,89,0,0,1
2026-08-12T16:25:57,1786526758,13.730929,100.788131,3.4,3.2,0.2,-0.2,132.9,132.9,-0.01,0.02,0.29,24.44,89,0,0,1
2026-08-12T16:25:58,1786526759,13.730929,100.788131,3.1,2.89,0.3,-0.1,132.9,132.9,-0.01,0.0,0.28,24.44,89,0,0,1
2026-08-12T16:25:59,1786526760,13.730929,100.788131,3.1,2.89,0.3,-0.1,132.9,132.9,-0.01,0.0,0.28,24.44,89,0,0,1
2026-08-12T16:26:00,1786526761,13.730929,100.788131,2.9,2.89,0.1,-0.1,132.9,132.9,-0.01,0.0,0.28,24.44,89,0,0,1
2026-08-12T16:26:01,1786526762,13.730929,100.788131,2.8,2.6,-0.1,-0.3,132.9,132.9,-0.01,-0.01,0.29,24.44,89,0,0,1
2026-08-12T16:26:02,1786526763,13.730929,100.788131,2.8,2.6,-0.3,-0.5,132.9,132.9,-0.01,-0.01,0.29,24.44,89,0,0,1
2026-08-12T16:26:03,1786526764,13.730929,100.788131,2.5,2.31,0.1,-0.3,132.9,132.9,0.0,0.02,0.29,24.43,89,AUTO.LAND,1,1
2026-08-12T16:26:04,1786526765,13.730929,100.788131,2.5,2.31,0.1,0.2,132.9,132.9,0.0,0.02,0.29,24.43,89,0,0,1
2026-08-12T16:26:05,1786526766,13.730928,100.788131,2.2,2.01,0.2,0.1,132.9,132.9,0.0,0.0,0.29,24.43,89,0,0,1
2026-08-12T16:26:06,1786526767,13.730928,100.788131,2.2,2.01,0.2,0.1,132.9,132.9,0.0,0.0,0.29,24.43,89,0,0,1
2026-08-12T16:26:07,1786526768,13.730929,100.788131,1.9,1.71,0.2,-0.4,132.9,132.9,0.0,0.0,0.3,24.43,89,0,0,1
2026-08-12T16:26:08,1786526769,13.730929,100.788131,1.9,1.71,0.0,-0.2,132.9,132.9,0.0,0.0,0.3,24.43,89,0,0,1
2026-08-12T16:26:09,1786526770,13.730929,100.788131,1.7,1.71,0.1,-0.1,132.9,132.9,0.0,0.0,0.3,24.43,89,0,0,1
2026-08-12T16:26:10,1786526771,13.730929,100.788131,1.6,1.41,0.0,-0.2,132.9,132.9,-0.01,0.0,0.3,24.43,89,0,0,1
2026-08-12T16:26:11,1786526772,13.730929,100.788131,1.6,1.41,0.0,-0.2,132.9,132.9,-0.01,0.0,0.3,24.43,89,0,0,1
2026-08-12T16:26:12,1786526773,13.730929,100.788131,1.4,1.41,0.1,-0.3,132.9,132.9,-0.01,0.0,0.3,24.43,89,0,0,1
2026-08-12T16:26:13,1786526774,13.730929,100.788131,1.4,1.41,0.1,-0.3,132.9,132.9,-0.01,0.0,0.3,24.43,89,0,0,1
2026-08-12T16:26:14,1786526775,13.730929,100.788131,1.1,1.41,-0.1,-0.1,132.9,132.9,-0.01,0.0,0.3,24.43,89,0,0,1
2026-08-12T16:26:15,1786526776,13.730929,100.788131,1.1,1.41,-0.1,-0.2,132.9,132.9,-0.01,0.0,0.3,24.43,89,0,0,1
2026-08-12T16:26:16,1786526777,13.730928,100.788131,0.8,0.52,-0.1,-0.2,132.9,132.9,0.0,0.0,0.3,24.43,89,0,0,1
2026-08-12T16:26:17,1786526778,13.730928,100.788131,0.8,0.52,-0.0,-0.2,132.9,132.9,0.0,0.0,0.3,24.43,89,0,0,1
2026-08-12T16:26:18,1786526779,13.730929,100.788131,0.5,0.22,0.3,-0.4,132.9,132.9,0.0,0.0,0.3,24.42,88,0,0,1
2026-08-12T16:26:19,1786526780,13.730929,100.788131,0.5,0.22,0.3,-0.5,132.9,132.9,0.0,0.0,0.3,24.42,88,0,0,1
2026-08-12T16:26:20,1786526781,13.730928,100.788131,0.2,0.22,0.0,-0.1,132.9,132.9,0.0,0.0,0.3,24.42,88,0,0,1
2026-08-12T16:26:21,1786526782,13.730928,100.788131,0.2,0.22,-0.3,0.7,132.8,132.8,0.0,0.0,0.3,24.42,88,0,0,1
2026-08-12T16:26:22,1786526783,13.730928,100.788131,0.3,0.22,0.1,-0.1,133.1,133.1,0.0,0.0,0.3,24.42,88,0,0,1
2026-08-12T16:26:23,1786526784,13.730928,100.788131,0.2,-0.03,0.0,-0.2,132.9,132.9,0.01,0.0,0.0,24.42,88,0,0,1
2026-08-12T16:26:24,1786526785,13.730929,100.788131,0.2,-0.03,0.0,-0.2,132.9,132.9,0.01,0.0,0.0,24.42,88,AUTO.LAND,1,0
2026-08-12T16:26:25,1786526786,13.730929,100.788131,0.2,-0.01,0.0,-0.2,132.9,132.9,0.01,0.0,0.0,24.42,88,0,0,0
2026-08-12T16:26:26,1786526787,13.730929,100.788131,0.2,-0.01,0.1,-0.2,132.9,132.9,0.01,0.0,0.0,24.42,88,0,0,0
2026-08-12T16:26:27,1786526788,13.730928,100.788131,0.2,-0.02,0.1,-0.2,132.9,132.9,0.0,0.0,0.0,24.42,88,0,0,0
2026-08-12T16:26:28,1786526789,13.730928,100.788131,0.2,-0.02,0.1,-0.2,132.9,132.9,0.0,0.0,0.0,24.42,88,0,0,0
2026-08-12T16:26:29,1786526790,13.730928,100.788131,0.2,-0.03,0.1,-0.2,132.9,132.9,0.0,0.0,0.0,24.42,88,AUTO.LAND,1,0
2026-08-12T16:26:30,1786526791,13.730928,100.788131,0.2,-0.03,0.1,-0.2,132.9,132.9,0.0,0.0,0.0,24.42,88,0,0,0
2026-08-12T16:26:31,1786526792,13.730928,100.788131,0.2,-0.03,0.1,-0.2,132.9,132.9,0.0,0.0,0.0,24.41,88,0,0,0
2026-08-12T16:26:32,1786526793,13.730928,100.788131,0.2,0.0,0.1,-0.2,132.9,132.9,0.0,0.0,0.0,24.41,88,0,0,0
2026-08-12T16:26:33,1786526794,13.730928,100.788131,0.2,0.0,-0.3,-0.2,132.9,132.9,0.0,0.0,0.0,24.41,88,0,0,0
2026-08-12T16:26:34,1786526795,13.730928,100.788131,0.2,0.01,-0.7,0.2,132.9,132.9,0.0,0.0,0.0,24.41,88,0,0,1
2026-08-12T16:26:35,1786526796,13.730928,100.788131,0.2,0.01,0.4,-0.3,132.9,132.9,0.0,0.0,0.0,24.41,88,0,0,1
2026-08-12T16:26:36,1786526797,13.730929,100.788131,0.7,0.48,0.3,-0.3,132.8,132.8,0.0,0.0,-0.93,24.41,88,0,0,1
2026-08-12T16:26:37,1786526798,13.730929,100.788131,0.7,0.48,0.3,-0.3,132.8,132.8,0.0,0.0,-0.93,24.41,88,0,0,1
2026-08-12T16:26:38,1786526799,13.730929,100.788131,1.8,0.48,0.3,-0.3,132.8,132.8,0.0,0.0,-0.93,24.41,88,0,0,1
2026-08-12T16:26:39,1786526800,13.730929,100.788131,1.8,0.48,0.1,-0.3,130.9,130.9,0.0,0.0,-0.93,24.41,88,0,0,1
2026-08-12T16:26:40,1786526801,13.730928,100.788131,3.5,0.48,-0.2,-0.1,130.8,130.8,0.0,0.0,-0.93,24.41,88,0,0,1
2026-08-12T16:26:41,1786526802,13.730928,100.788131,4.1,3.87,-0.1,0.0,130.7,130.7,0.0,0.0,-1.85,24.41,88,0,0,1
2026-08-12T16:26:42,1786526803,13.730929,100.788131,5.5,3.87,0.2,-0.2,130.7,130.7,0.0,0.0,-1.85,24.41,88,AUTO.LOITER,1,1
2026-08-12T16:26:43,1786526804,13.730928,100.788131,5.9,5.75,0.2,-0.2,130.8,130.8,0.0,0.0,-1.92,24.41,88,0,0,1
2026-08-12T16:26:44,1786526805,13.730928,100.788131,5.9,5.75,0.2,-0.1,130.8,130.8,0.0,0.0,-1.92,24.41,88,0,0,1
2026-08-12T16:26:45,1786526806,13.730928,100.788131,7.9,7.67,0.2,0.1,130.7,130.7,0.0,-0.01,-1.95,24.41,88,0,0,1
2026-08-12T16:26:46,1786526807,13.730928,100.788131,7.9,7.67,-0.1,-0.3,130.8,130.8,0.0,-0.01,-1.95,24.41,88,0,0,1
2026-08-12T16:26:47,1786526808,13.730928,100.788131,9.7,9.46,-0.1,-0.3,130.8,130.8,0.0,-0.01,-1.64,24.4,88,0,0,1
2026-08-12T16:26:48,1786526809,13.730928,100.788131,9.7,9.46,-0.2,-0.6,130.8,130.8,0.0,-0.01,-1.64,24.4,88,0,0,1
2026-08-12T16:26:49,1786526810,13.730928,100.788131,10.5,9.46,0.1,-0.3,130.8,130.8,0.0,-0.01,-1.64,24.4,88,0,0,1
2026-08-12T16:26:50,1786526811,13.730928,100.788131,10.9,10.65,0.1,0.0,130.8,130.8,0.0,0.01,-0.89,24.4,88,0,0,1
2026-08-12T16:26:51,1786526812,13.730928,100.788131,10.9,10.65,-1.2,0.0,130.7,130.7,0.0,0.01,-0.89,24.4,88,0,0,1
2026-08-12T16:26:52,1786526813,13.730928,100.788132,11.3,10.65,-1.2,0.0,130.7,130.7,0.0,0.01,-0.89,24.4,88,AUTO.LOITER,1,1
2026-08-12T16:26:53,1786526814,13.730928,100.788132,11.3,10.65,-14.7,-9.3,125.6,125.6,0.0,0.01,-0.89,24.4,88,0,0,1
2026-08-12T16:26:54,1786526815,13.730935,100.78815,11.9,11.67,-14.7,-9.3,125.6,125.6,1.11,3.17,-0.06,24.4,88,0,0,1
2026-08-12T16:26:55,1786526816,13.730935,100.78815,11.9,11.67,-5.2,-18.1,100.2,100.2,1.11,3.17,-0.06,24.4,88,0,0,1
2026-08-12T16:26:56,1786526817,13.730948,100.788179,11.9,11.67,1.7,-7.4,89.9,89.9,1.11,3.17,-0.06,24.4,88,0,0,1
2026-08-12T16:26:57,1786526818,13.730951,100.78819,11.9,11.71,2.3,-2.2,82.2,82.2,1.27,4.84,0.04,24.4,88,0,0,1
2026-08-12T16:26:58,1786526819,13.73096,100.788221,11.8,11.71,-1.0,-1.9,71.6,71.6,1.27,4.84,0.04,24.4,88,AUTO.LOITER,1,1
2026-08-12T16:26:59,1786526820,13.730962,100.788233,11.9,11.69,-1.0,-2.2,70.0,70.0,1.32,4.83,-0.01,24.4,88,0,0,1
2026-08-12T16:27:00,1786526821,13.730962,100.788233,11.9,11.69,-0.9,-2.0,72.7,72.7,1.32,4.83,-0.01,24.4,88,0,0,1
2026-08-12T16:27:01,1786526822,13.730976,100.788277,11.9,11.69,-0.5,-1.5,71.9,71.9,1.55,4.83,0.0,24.39,88,0,0,1
2026-08-12T16:27:02,1786526823,13.730976,100.788277,11.9,11.69,-0.5,-1.5,71.9,71.9,1.55,4.83,0.0,24.39,88,0,0,1
2026-08-12T16:27:03,1786526824,13.73099,100.788321,11.9,11.72,-0.3,-1.0,71.4,71.4,1.62,4.77,-0.01,24.39,88,0,0,1
2026-08-12T16:27:04,1786526825,13.73099,100.788321,11.9,11.72,0.1,-0.9,71.8,71.8,1.62,4.77,-0.01,24.39,88,0,0,1
2026-08-12T16:27:05,1786526826,13.73099,100.788321,11.9,11.72,0.1,-0.9,71.8,71.8,1.62,4.77,-0.01,24.39,88,0,0,1
2026-08-12T16:27:06,1786526827,13.73099,100.788321,11.9,11.72,0.1,-0.9,71.8,71.8,1.62,4.77,-0.01,24.39,88,0,0,1
2026-08-12T16:27:07,1786526828,13.73099,100.788321,11.9,11.72,0.1,-1.3,71.6,71.6,1.62,4.77,-0.01,24.39,88,0,0,1
2026-08-12T16:27:08,1786526829,13.731018,100.788409,12.0,11.78,-0.1,-1.1,71.5,71.5,1.58,4.73,-0.03,24.39,88,0,0,1
2026-08-12T16:27:09,1786526830,13.731018,100.788409,12.0,11.78,0.1,-1.0,71.6,71.6,1.58,4.73,-0.03,24.39,88,0,0,1
2026-08-12T16:27:10,1786526831,13.731033,100.788453,12.0,11.83,0.1,-1.0,71.6,71.6,1.58,4.71,-0.02,24.39,88,0,0,1
2026-08-12T16:27:11,1786526832,13.731033,100.788453,12.0,11.83,-0.1,-1.0,71.5,71.5,1.58,4.71,-0.02,24.39,88,0,0,1
2026-08-12T16:27:12,1786526833,13.731042,100.788486,12.1,11.83,-0.4,-1.1,71.5,71.5,1.58,4.71,-0.02,24.39,87,0,0,1
2026-08-12T16:27:13,1786526834,13.731046,100.788497,12.1,11.86,-0.4,-1.1,71.5,71.5,1.6,4.69,-0.03,24.39,87,0,0,1
2026-08-12T16:27:14,1786526835,13.731046,100.788497,12.1,11.86,-0.4,-1.1,71.5,71.5,1.6,4.69,-0.03,24.39,87,0,0,1
2026-08-12T16:27:15,1786526836,13.731046,100.788497,12.1,11.86,-0.4,-1.1,71.5,71.5,1.6,4.69,-0.03,24.39,87,0,0,1
2026-08-12T16:27:16,1786526837,13.731046,100.788497,12.1,11.86,-0.4,-1.1,71.5,71.5,1.6,4.69,-0.03,24.39,87,0,0,1
2026-08-12T16:27:17,1786526838,13.731075,100.788585,12.1,11.93,0.0,-1.4,71.6,71.6,1.56,4.71,-0.02,24.38,87,0,0,1
2026-08-12T16:27:18,1786526839,13.731075,100.788585,12.1,11.93,0.0,-1.4,71.6,71.6,1.56,4.71,-0.02,24.38,87,0,0,1
2026-08-12T16:27:19,1786526840,13.731089,100.788627,12.1,11.95,-0.6,5.9,71.5,71.5,1.38,3.98,-0.02,24.38,87,0,0,1
2026-08-12T16:27:20,1786526841,13.731089,100.788627,12.1,11.95,0.2,8.8,71.5,71.5,1.38,3.98,-0.02,24.38,87,0,0,1
2026-08-12T16:27:21,1786526842,13.731096,100.788648,12.1,11.95,0.7,7.4,72.1,72.1,1.38,3.98,-0.02,24.38,87,0,0,1
2026-08-12T16:27:22,1786526843,13.731099,100.788655,12.2,11.96,0.6,7.1,72.4,72.4,0.81,2.47,-0.01,24.38,87,0,0,1
2026-08-12T16:27:23,1786526844,13.731099,100.788655,12.2,11.96,-1.7,2.5,71.8,71.8,0.81,2.47,-0.01,24.38,87,0,0,1
2026-08-12T16:27:24,1786526845,13.731103,100.788673,12.2,11.98,-3.1,6.1,73.0,73.0,0.41,1.43,-0.03,24.38,87,0,0,1
2026-08-12T16:27:25,1786526846,13.731103,100.788673,12.2,11.98,-1.1,8.6,73.4,73.4,0.41,1.43,-0.03,24.38,87,0,0,1
2026-08-12T16:27:26,1786526847,13.731106,100.788681,12.1,11.9,-1.1,8.6,73.4,73.4,0.26,0.34,0.59,24.38,87,0,0,1
2026-08-12T16:27:27,1786526848,13.731106,100.788681,12.1,11.9,0.1,6.4,72.4,72.4,0.26,0.34,0.59,24.38,87,0,0,1
2026-08-12T16:27:28,1786526849,13.731107,100.788683,11.2,11.9,1.0,2.7,72.9,72.9,0.26,0.34,0.59,24.38,87,0,0,1
2026-08-12T16:27:29,1786526850,13.731107,100.788683,11.0,10.84,0.3,-1.0,73.1,73.1,0.02,-0.1,0.63,24.38,87,0,0,1
2026-08-12T16:27:30,1786526851,13.731107,100.788683,11.0,10.84,-0.2,-0.7,72.9,72.9,0.02,-0.1,0.63,24.38,87,0,0,1
2026-08-12T16:27:31,1786526852,13.731107,100.788683,10.3,10.1,-0.1,-0.0,73.0,73.0,0.04,-0.04,0.82,24.37,87,0,0,1
2026-08-12T16:27:32,1786526853,13.731107,100.788683,10.3,10.1,-0.1,-0.0,73.0,73.0,0.04,-0.04,0.82,24.37,87,0,0,1
2026-08-12T16:27:33,1786526854,13.731107,100.788683,9.5,9.29,-0.3,-0.2,73.0,73.0,0.05,-0.02,0.8,24.37,87,0,0,1
2026-08-12T16:27:34,1786526855,13.731107,100.788683,9.5,9.29,-0.1,-0.5,73.0,73.0,0.05,-0.02,0.8,24.37,87,0,0,1
2026-08-12T16:27:35,1786526856,13.731107,100.788683,8.9,9.29,-0.1,-0.5,73.0,73.0,0.05,-0.02,0.8,24.37,87,0,0,1
2026-08-12T16:27:36,1786526857,13.731107,100.788683,8.7,8.5,-0.0,-0.6,73.0,73.0,0.05,0.03,0.8,24.37,87,0,0,1
2026-08-12T16:27:37,1786526858,13.731107,100.788683,8.7,8.5,-0.1,-0.6,73.0,73.0,0.05,0.03,0.8,24.37,87,0,0,1
2026-08-12T16:27:38,1786526859,13.731107,100.788683,8.7,8.5,-0.1,-0.6,73.0,73.0,0.05,0.03,0.8,24.37,87,0,0,1
2026-08-12T16:27:39,1786526860,13.731107,100.788683,8.7,8.5,-0.1,-0.6,73.0,73.0,0.05,0.03,0.8,24.37,87,0,0,1
2026-08-12T16:27:40,1786526861,13.731108,100.788684,7.3,7.09,0.2,0.1,73.0,73.0,0.03,0.04,0.49,24.37,87,0,0,1
2026-08-12T16:27:41,1786526862,13.731108,100.788684,7.3,7.09,0.3,-0.6,73.0,73.0,0.03,0.04,0.49,24.37,87,0,0,1
2026-08-12T16:27:42,1786526863,13.731108,100.788684,6.9,7.09,0.1,-0.4,73.0,73.0,0.03,0.04,0.49,24.36,87,0,0,1
2026-08-12T16:27:43,1786526864,13.731108,100.788684,6.8,6.57,-0.1,-0.4,73.0,73.0,0.01,0.06,0.51,24.36,87,0,0,1
2026-08-12T16:27:44,1786526865,13.731108,100.788684,6.8,6.57,-0.1,-0.3,73.0,73.0,0.01,0.06,0.51,24.36,87,0,0,1
2026-08-12T16:27:45,1786526866,13.731108,100.788684,6.4,6.57,-0.1,-0.3,73.0,73.0,0.01,0.06,0.51,24.36,87,AUTO.LOITER,1,1
2026-08-12T16:27:46,1786526867,13.731108,100.788684,6.4,6.57,0.3,-0.3,73.0,73.0,0.01,0.06,0.51,24.36,87,AUTO.LOITER,1,1
2026-08-12T16:27:47,1786526868,13.731108,100.788685,5.8,5.57,0.3,-0.3,73.0,73.0,0.01,0.05,0.48,24.36,87,0,0,1
2026-08-12T16:27:48,1786526869,13.731108,100.788685,5.8,5.57,0.3,-0.3,73.0,73.0,0.01,0.05,0.48,24.36,87,0,0,1
2026-08-12T16:27:49,1786526870,13.731108,100.788685,5.4,5.57,0.2,-0.1,73.0,73.0,0.01,0.05,0.48,24.36,87,0,0,1
2026-08-12T16:27:50,1786526871,13.731108,100.788685,5.3,5.14,0.0,-0.4,73.0,73.0,0.0,0.05,0.39,24.36,87,0,0,1
2026-08-12T16:27:51,1786526872,13.731108,100.788685,5.3,5.14,-0.1,-0.3,73.0,73.0,0.0,0.05,0.39,24.36,87,0,0,1
2026-08-12T16:27:52,1786526873,13.731108,100.788685,4.9,4.73,0.2,0.3,73.0,73.0,0.01,0.05,0.35,24.36,87,0,0,1
2026-08-12T16:27:53,1786526874,13.731108,100.788685,4.9,4.73,0.2,0.3,73.0,73.0,0.01,0.05,0.35,24.36,87,0,0,1
2026-08-12T16:27:54,1786526875,13.731108,100.788685,4.7,4.73,0.2,0.3,73.0,73.0,0.01,0.05,0.35,24.36,87,AUTO.LAND,1,1
2026-08-12T16:27:55,1786526876,13.731108,100.788685,4.7,4.73,0.2,0.3,73.0,73.0,0.01,0.05,0.35,24.36,87,0,0,1
2026-08-12T16:27:56,1786526877,13.731108,100.788686,4.4,4.73,0.1,-0.2,73.0,73.0,0.01,0.05,0.35,24.36,87,0,0,1
2026-08-12T16:27:57,1786526878,13.731108,100.788685,4.3,4.13,0.0,0.1,73.0,73.0,-0.01,0.01,0.28,24.36,87,0,0,1
2026-08-12T16:27:58,1786526879,13.731108,100.788685,4.1,4.13,0.0,0.1,73.0,73.0,-0.01,0.01,0.28,24.35,87,AUTO.LAND,1,1
2026-08-12T16:27:59,1786526880,13.731108,100.788685,4.0,3.83,-0.2,-0.3,73.0,73.0,-0.01,-0.02,0.29,24.35,87,0,0,1
2026-08-12T16:28:00,1786526881,13.731108,100.788685,4.0,3.83,-0.2,-0.6,73.0,73.0,-0.01,-0.02,0.29,24.35,87,0,0,1
2026-08-12T16:28:01,1786526882,13.731108,100.788685,3.7,3.54,-0.1,-0.7,73.0,73.0,0.02,0.0,0.29,24.35,87,0,0,1
2026-08-12T16:28:02,1786526883,13.731108,100.788685,3.7,3.54,-0.1,-0.7,73.0,73.0,0.02,0.0,0.29,24.35,87,0,0,1
2026-08-12T16:28:03,1786526884,13.731108,100.788685,3.4,3.24,-0.0,-0.3,73.0,73.0,0.04,0.02,0.29,24.35,87,0,0,1
2026-08-12T16:28:04,1786526885,13.731108,100.788685,3.4,3.24,0.1,-0.0,73.0,73.0,0.04,0.02,0.29,24.35,87,0,0,1
2026-08-12T16:28:05,1786526886,13.731108,100.788686,3.2,3.24,0.4,-0.2,73.0,73.0,0.04,0.02,0.29,24.35,87,0,0,1
2026-08-12T16:28:06,1786526887,13.731108,100.788685,3.2,2.96,0.1,-0.2,73.0,73.0,0.0,0.01,0.3,24.35,87,0,0,1
2026-08-12T16:28:07,1786526888,13.731108,100.788685,3.2,2.96,-0.0,0.1,73.0,73.0,0.0,0.01,0.3,24.35,87,0,0,1
2026-08-12T16:28:08,1786526889,13.731108,100.788685,2.9,2.65,-0.0,0.1,73.0,73.0,0.0,0.0,0.3,24.35,87,0,0,1
2026-08-12T16:28:09,1786526890,13.731108,100.788685,2.9,2.65,0.2,-0.2,73.0,73.0,0.0,0.0,0.3,24.35,87,0,0,1
2026-08-12T16:28:10,1786526891,13.731108,100.788685,2.5,2.34,0.1,0.2,73.0,73.0,0.0,0.0,0.29,24.35,87,0,0,1
2026-08-12T16:28:11,1786526892,13.731108,100.788685,2.5,2.34,-0.1,0.1,73.0,73.0,0.0,0.0,0.29,24.35,87,0,0,1
2026-08-12T16:28:12,1786526893,13.731108,100.788685,2.2,2.05,-0.1,0.1,73.0,73.0,0.0,-0.03,0.29,24.34,86,0,0,1
2026-08-12T16:28:13,1786526894,13.731108,100.788685,2.2,2.05,-0.1,-0.6,73.0,73.0,0.0,-0.03,0.29,24.34,86,0,0,1
2026-08-12T16:28:14,1786526895,13.731107,100.788685,2.1,2.05,-0.1,-0.6,73.0,73.0,0.0,-0.03,0.29,24.34,86,0,0,1
2026-08-12T16:28:15,1786526896,13.731108,100.788685,2.0,1.76,-0.1,-0.2,73.0,73.0,0.02,0.01,0.3,24.34,86,0,0,1
2026-08-12T16:28:16,1786526897,13.731108,100.788685,2.0,1.76,0.1,-0.0,73.0,73.0,0.02,0.01,0.3,24.34,86,0,0,1
2026-08-12T16:28:17,1786526898,13.731108,100.788685,1.8,1.76,0.0,-0.1,73.0,73.0,0.02,0.01,0.3,24.34,86,0,0,1
2026-08-12T16:28:18,1786526899,13.731108,100.788685,1.8,1.76,0.0,-0.3,73.0,73.0,0.02,0.01,0.3,24.34,86,0,0,1
2026-08-12T16:28:19,1786526900,13.731108,100.788685,1.4,1.16,0.2,-0.2,73.0,73.0,0.01,0.0,0.3,24.34,86,0,0,1
2026-08-12T16:28:20,1786526901,13.731108,100.788685,1.4,1.16,0.3,-0.3,73.0,73.0,0.01,0.0,0.3,24.34,86,0,0,1
2026-08-12T16:28:21,1786526902,13.731108,100.788685,1.1,0.86,0.3,-0.3,73.0,73.0,0.0,0.01,0.3,24.34,86,0,0,1
2026-08-12T16:28:22,1786526903,13.731108,100.788685,1.1,0.86,0.2,-0.1,73.0,73.0,0.0,0.01,0.3,24.34,86,0,0,1
2026-08-12T16:28:23,1786526904,13.731108,100.788685,0.8,0.55,0.0,-0.3,73.0,73.0,0.0,0.01,0.29,24.34,86,0,0,1
2026-08-12T16:28:24,1786526905,13.731108,100.788685,0.8,0.55,0.0,-0.4,73.0,73.0,0.0,0.01,0.29,24.34,86,0,0,1
2026-08-12T16:28:25,1786526906,13.731108,100.788685,0.5,0.55,0.1,-0.2,73.0,73.0,0.0,0.01,0.29,24.34,86,0,0,1
2026-08-12T16:28:26,1786526907,13.731108,100.788685,0.4,0.24,0.2,-0.2,73.0,73.0,0.0,0.02,0.28,24.34,86,0,0,1
2026-08-12T16:28:27,1786526908,13.731108,100.788685,0.2,-0.03,0.0,-0.2,73.0,73.0,0.0,0.0,0.0,24.33,86,0,0,1
2026-08-12T16:28:28,1786526909,13.731108,100.788685,0.2,-0.03,-0.1,-0.2,73.0,73.0,0.0,0.0,0.0,24.33,86,0,0,1
2026-08-12T16:28:29,1786526910,13.731108,100.788685,0.2,-0.03,-0.0,-0.2,73.0,73.0,0.0,0.0,0.0,24.33,86,0,0,1
2026-08-12T16:28:30,1786526911,13.731108,100.788685,0.2,-0.01,0.0,-0.2,73.0,73.0,0.0,0.0,0.0,24.33,86,0,0,1
2026-08-12T16:28:31,1786526912,13.731108,100.788686,0.2,-0.01,0.1,-0.2,73.0,73.0,0.0,0.0,0.0,24.33,86,AUTO.LAND,1,0
2026-08-12T16:28:32,1786526913,13.731108,100.788685,0.2,-0.0,0.1,-0.2,73.0,73.0,0.0,0.0,0.0,24.33,86,0,0,0
2026-08-12T16:28:33,1786526914,13.731108,100.788685,0.2,-0.0,0.1,-0.2,73.0,73.0,0.0,0.0,0.0,24.33,86,0,0,0
2026-08-12T16:28:34,1786526915,13.731108,100.788685,0.2,-0.0,0.1,-0.2,73.0,73.0,0.0,0.0,0.0,24.33,86,0,0,0
2026-08-12T16:28:35,1786526916,13.731108,100.788685,0.2,-0.0,0.1,-0.2,73.0,73.0,0.0,0.0,0.0,24.33,86,0,0,0
2026-08-12T16:28:36,1786526917,13.731108,100.788685,0.2,0.01,-0.2,-0.2,73.0,73.0,0.0,0.0,0.0,24.33,86,0,0,0
2026-08-12T16:28:37,1786526918,13.731108,100.788685,0.2,0.01,-0.2,-0.2,73.0,73.0,0.0,0.0,0.0,24.33,86,0,0,0
2026-08-12T16:28:38,1786526919,13.731108,100.788685,0.3,0.01,-0.2,-0.2,73.0,73.0,0.0,0.0,0.0,24.32,86,0,0,0
2026-08-12T16:28:39,1786526920,13.731108,100.788685,0.2,0.03,-0.1,-0.2,73.0,73.0,0.0,0.0,0.0,24.32,86,0,0,0
2026-08-12T16:28:40,1786526921,13.731108,100.788685,0.2,0.03,0.1,-0.2,73.0,73.0,0.0,0.0,0.0,24.32,86,0,0,0
2026-08-12T16:28:41,1786526922,13.731108,100.788685,0.3,0.02,0.0,-0.1,73.0,73.0,0.0,0.0,-0.01,24.32,86,0,0,1
2026-08-12T16:28:42,1786526923,13.731108,100.788685,0.3,0.02,0.0,-0.2,73.0,73.0,0.0,0.0,-0.01,24.32,86,0,0,1
2026-08-12T16:28:43,1786526924,13.731108,100.788685,0.6,0.39,0.0,-0.2,73.0,73.0,0.0,0.0,-0.82,24.32,86,0,0,1
2026-08-12T16:28:44,1786526925,13.731108,100.788685,0.6,0.39,0.2,-0.3,73.0,73.0,0.0,0.0,-0.82,24.32,86,0,0,1
2026-08-12T16:28:45,1786526926,13.731108,100.788685,2.1,1.82,0.2,-0.1,72.0,72.0,0.0,0.0,-1.79,24.32,86,0,0,1
2026-08-12T16:28:46,1786526927,13.731108,100.788685,2.1,1.82,0.2,-0.1,72.0,72.0,0.0,0.0,-1.79,24.32,86,0,0,1
2026-08-12T16:28:47,1786526928,13.731108,100.788685,3.9,3.68,0.0,-0.4,71.9,71.9,0.0,0.0,-1.85,24.32,86,0,0,1
2026-08-12T16:28:48,1786526929,13.731108,100.788685,3.9,3.68,0.1,-0.3,71.9,71.9,0.0,0.0,-1.85,24.32,86,0,0,1
2026-08-12T16:28:49,1786526930,13.731108,100.788685,5.3,3.68,0.2,-0.2,71.9,71.9,0.0,0.0,-1.85,24.32,86,0,0,1
2026-08-12T16:28:50,1786526931,13.731108,100.788685,5.8,5.55,-0.1,-0.5,72.0,72.0,0.0,0.01,-1.91,24.32,86,0,0,1
2026-08-12T16:28:51,1786526932,13.731108,100.788685,5.8,5.55,-0.1,-0.5,72.0,72.0,0.0,0.01,-1.91,24.32,86,0,0,1
2026-08-12T16:28:52,1786526933,13.731108,100.788685,7.7,7.48,0.0,0.1,72.0,72.0,0.02,0.02,-1.95,24.32,86,AUTO.LOITER,1,1
2026-08-12T16:28:53,1786526934,13.731108,100.788685,7.7,7.48,0.1,-0.1,71.9,71.9,0.02,0.02,-1.95,24.32,86,0,0,1
2026-08-12T16:28:54,1786526935,13.731108,100.788686,9.1,7.48,0.1,-0.1,71.9,71.9,0.02,0.02,-1.95,24.31,86,0,0,1
2026-08-12T16:28:55,1786526936,13.731108,100.788686,9.1,7.48,0.1,0.0,72.0,72.0,0.02,0.02,-1.95,24.31,86,0,0,1
2026-08-12T16:28:56,1786526937,13.731108,100.788685,10.5,7.48,0.3,-0.1,72.0,72.0,0.02,0.02,-1.95,24.31,86,0,0,1
2026-08-12T16:28:57,1786526938,13.731108,100.788685,10.8,10.57,0.4,-0.3,72.0,72.0,0.0,-0.01,-0.93,24.31,86,0,0,1
2026-08-12T16:28:58,1786526939,13.731108,100.788685,11.3,10.57,0.1,-0.4,71.9,71.9,0.0,-0.01,-0.93,24.31,86,AUTO.LOITER,1,1
2026-08-12T16:28:59,1786526940,13.731108,100.788685,11.5,11.24,8.5,-4.7,71.9,71.9,-0.03,0.03,-0.52,24.31,86,0,0,1
2026-08-12T16:29:00,1786526941,13.731108,100.788685,11.5,11.24,10.5,-15.8,76.7,76.7,-0.03,0.03,-0.52,24.31,86,0,0,1
2026-08-12T16:29:01,1786526942,13.731102,100.788695,11.9,11.65,10.5,-15.8,76.7,76.7,-1.21,2.35,-0.17,24.31,86,0,0,1
2026-08-12T16:29:02,1786526943,13.731102,100.788695,11.9,11.65,5.5,-17.8,91.2,91.2,-1.21,2.35,-0.17,24.31,86,0,0,1
2026-08-12T16:29:03,1786526944,13.731091,100.788719,12.0,11.65,5.0,-12.7,102.1,102.1,-1.21,2.35,-0.17,24.31,85,0,0,1
2026-08-12T16:29:04,1786526945,13.731086,100.788731,11.9,11.71,-0.1,-0.6,113.5,113.5,-2.24,4.52,0.0,24.31,85,0,0,1
2026-08-12T16:29:05,1786526946,13.731086,100.788731,11.9,11.71,-0.3,-3.1,117.9,117.9,-2.24,4.52,0.0,24.31,85,0,0,1
2026-08-12T16:29:06,1786526947,13.731066,100.788771,12.0,11.76,-0.4,-2.8,116.7,116.7,-2.27,4.56,0.01,24.31,85,0,0,1
2026-08-12T16:29:07,1786526948,13.731066,100.788771,12.0,11.76,-0.1,-2.0,115.7,115.7,-2.27,4.56,0.01,24.31,85,0,0,1
2026-08-12T16:29:08,1786526949,13.731046,100.788812,12.0,11.76,0.2,-1.6,116.6,116.6,-2.25,4.6,0.0,24.3,85,0,0,1
2026-08-12T16:29:09,1786526950,13.731046,100.788812,12.0,11.76,0.2,-1.6,116.6,116.6,-2.25,4.6,0.0,24.3,85,0,0,1
2026-08-12T16:29:10,1786526951,13.731026,100.788854,12.0,11.78,0.0,-1.4,116.5,116.5,-2.25,4.56,-0.02,24.3,85,0,0,1
2026-08-12T16:29:11,1786526952,13.731026,100.788854,12.0,11.78,-0.0,-1.0,116.3,116.3,-2.25,4.56,-0.02,24.3,85,0,0,1
2026-08-12T16:29:12,1786526953,13.731011,100.788884,12.1,11.78,0.2,-0.9,116.6,116.6,-2.25,4.56,-0.02,24.3,85,0,0,1
2026-08-12T16:29:13,1786526954,13.731006,100.788895,12.1,11.82,-0.0,-1.2,116.5,116.5,-2.23,4.49,-0.01,24.3,85,0,0,1
2026-08-12T16:29:14,1786526955,13.731006,100.788895,12.1,11.82,-0.1,-1.4,116.5,116.5,-2.23,4.49,-0.01,24.3,85,0,0,1
2026-08-12T16:29:15,1786526956,13.730986,100.788937,12.1,11.85,-0.0,-0.9,116.5,116.5,-2.22,4.49,-0.01,24.3,85,0,0,1
2026-08-12T16:29:16,1786526957,13.730986,100.788937,12.1,11.85,-0.0,-0.8,116.5,116.5,-2.22,4.49,-0.01,24.3,85,0,0,1
2026-08-12T16:29:17,1786526958,13.730965,100.788978,12.1,11.86,-0.0,-0.8,116.5,116.5,-2.19,4.45,-0.03,24.3,85,0,0,1
2026-08-12T16:29:18,1786526959,13.730965,100.788978,12.1,11.86,0.1,-1.0,116.5,116.5,-2.19,4.45,-0.03,24.3,85,0,0,1
2026-08-12T16:29:19,1786526960,13.730945,100.78902,12.1,11.89,0.0,-1.1,116.5,116.5,-2.19,4.43,-0.04,24.3,85,0,0,1
2026-08-12T16:29:20,1786526961,13.730945,100.78902,12.1,11.89,0.2,-1.2,116.6,116.6,-2.19,4.43,-0.04,24.3,85,0,0,1
2026-08-12T16:29:21,1786526962,13.73093,100.789051,12.1,11.89,0.1,-1.1,116.6,116.6,-2.19,4.43,-0.04,24.3,85,AUTO.LOITER,1,1
2026-08-12T16:29:22,1786526963,13.730925,100.789061,12.2,11.93,-0.1,-1.2,116.5,116.5,-2.2,4.43,-0.03,24.3,85,0,0,1
2026-08-12T16:29:23,1786526964,13.730925,100.789061,12.2,11.93,0.6,9.3,116.5,116.5,-2.2,4.43,-0.03,24.3,85,0,0,1
2026-08-12T16:29:24,1786526965,13.730906,100.789099,12.2,11.95,-0.3,8.5,116.1,116.1,-1.73,3.42,-0.01,24.29,85,0,0,1
2026-08-12T16:29:25,1786526966,13.730906,100.789099,12.2,11.95,-0.5,7.6,115.8,115.8,-1.73,3.42,-0.01,24.29,85,0,0,1
2026-08-12T16:29:26,1786526967,13.730895,100.789123,12.2,11.97,-0.5,7.6,115.8,115.8,-0.96,2.06,0.0,24.29,85,0,0,1
2026-08-12T16:29:27,1786526968,13.730895,100.789123,12.2,11.97,0.1,6.6,116.0,116.0,-0.96,2.06,0.0,24.29,85,0,0,1
2026-08-12T16:29:28,1786526969,13.73089,100.789136,12.2,11.97,0.5,4.7,116.4,116.4,-0.96,2.06,0.0,24.29,85,0,0,1
2026-08-12T16:29:29,1786526970,13.730888,100.789138,12.2,11.98,-2.0,3.0,116.7,116.7,-0.62,1.12,0.0,24.29,85,0,0,1
2026-08-12T16:29:30,1786526971,13.730888,100.789138,12.2,11.98,0.4,4.1,116.5,116.5,-0.62,1.12,0.0,24.29,85,0,0,1
2026-08-12T16:29:31,1786526972,13.730884,100.789146,12.1,11.85,0.5,5.0,116.5,116.5,-0.27,0.35,0.73,24.29,85,0,0,1
2026-08-12T16:29:32,1786526973,13.730884,100.789146,12.1,11.85,0.5,5.0,116.5,116.5,-0.27,0.35,0.73,24.29,85,0,0,1
2026-08-12T16:29:33,1786526974,13.730884,100.789146,12.1,11.85,0.2,4.5,116.6,116.6,-0.27,0.35,0.73,24.29,85,0,0,1
2026-08-12T16:29:34,1786526975,13.730882,100.789147,10.5,10.22,-1.0,0.3,116.6,116.6,0.02,-0.16,1.22,24.29,85,0,0,1
2026-08-12T16:29:35,1786526976,13.730882,100.789147,10.5,10.22,0.5,0.0,116.6,116.6,0.02,-0.16,1.22,24.29,85,0,0,1
2026-08-12T16:29:36,1786526977,13.730882,100.789147,10.3,10.08,0.3,0.5,116.7,116.7,0.02,-0.11,0.57,24.29,85,0,0,1
2026-08-12T16:29:37,1786526978,13.730882,100.789147,10.3,10.08,-0.3,-0.3,116.6,116.6,0.02,-0.11,0.57,24.29,85,0,0,1
2026-08-12T16:29:38,1786526979,13.730882,100.789146,9.8,9.54,-0.4,-0.8,116.7,116.7,0.03,-0.09,0.41,24.28,85,0,0,1
2026-08-12T16:29:39,1786526980,13.730882,100.789146,9.8,9.54,-0.4,-0.8,116.7,116.7,0.03,-0.09,0.41,24.28,85,0,0,1
2026-08-12T16:29:40,1786526981,13.730883,100.789146,9.5,9.54,-0.1,-0.7,116.6,116.6,0.03,-0.09,0.41,24.28,85,0,0,1
2026-08-12T16:29:41,1786526982,13.730882,100.789146,9.4,9.13,0.1,-0.5,116.6,116.6,0.01,0.0,0.39,24.28,85,0,0,1
2026-08-12T16:29:42,1786526983,13.730883,100.789145,9.1,9.13,0.1,-0.3,116.6,116.6,0.01,0.0,0.39,24.28,85,AUTO.LAND,1,1
2026-08-12T16:29:43,1786526984,13.730882,100.789146,9.0,8.75,-0.2,-0.2,116.7,116.7,0.0,0.02,0.4,24.28,85,0,0,1
2026-08-12T16:29:44,1786526985,13.730882,100.789146,9.0,8.75,0.1,-0.4,116.6,116.6,0.0,0.02,0.4,24.28,85,0,0,1
2026-08-12T16:29:45,1786526986,13.730883,100.789146,8.6,8.35,0.3,-0.4,116.6,116.6,0.0,0.02,0.4,24.28,85,0,0,1
2026-08-12T16:29:46,1786526987,13.730883,100.789146,8.6,8.35,0.2,-0.3,116.6,116.6,0.0,0.02,0.4,24.28,85,0,0,1
2026-08-12T16:29:47,1786526988,13.730883,100.789146,8.2,7.96,0.2,-0.3,116.6,116.6,-0.02,0.01,0.4,24.28,85,0,0,1
2026-08-12T16:29:48,1786526989,13.730883,100.789146,8.2,7.96,-0.2,-0.2,116.6,116.6,-0.02,0.01,0.4,24.28,85,0,0,1
2026-08-12T16:29:49,1786526990,13.730883,100.789146,7.9,7.96,0.0,0.0,116.6,116.6,-0.02,0.01,0.4,24.28,85,0,0,1
2026-08-12T16:29:50,1786526991,13.730883,100.789146,7.8,7.56,0.3,-0.1,116.6,116.6,0.0,0.0,0.41,24.28,85,0,0,1
2026-08-12T16:29:51,1786526992,13.730883,100.789146,7.5,7.56,-0.0,-0.5,116.6,116.6,0.0,0.0,0.41,24.27,85,AUTO.LAND,1,1
2026-08-12T16:29:52,1786526993,13.730883,100.789146,7.5,7.56,-0.0,-0.4,116.6,116.6,0.0,0.0,0.41,24.27,85,0,0,1
2026-08-12T16:29:53,1786526994,13.730883,100.789146,7.5,7.56,0.1,-0.2,116.6,116.6,0.0,0.0,0.41,24.27,85,0,0,1
2026-08-12T16:29:54,1786526995,13.730883,100.789146,7.0,6.76,0.4,-0.1,116.6,116.6,-0.01,0.01,0.4,24.27,85,0,0,1
2026-08-12T16:29:55,1786526996,13.730883,100.789146,7.0,6.76,0.4,-0.1,116.6,116.6,-0.01,0.01,0.4,24.27,85,0,0,1
2026-08-12T16:29:56,1786526997,13.730882,100.789146,6.6,6.35,0.0,-0.1,116.6,116.6,-0.01,0.0,0.39,24.27,85,0,0,1
2026-08-12T16:29:57,1786526998,13.730882,100.789146,6.6,6.35,-0.2,-0.1,116.6,116.6,-0.01,0.0,0.39,24.27,85,0,0,1
2026-08-12T16:29:58,1786526999,13.730883,100.789146,6.3,6.35,0.2,-0.4,116.6,116.6,-0.01,0.0,0.39,24.27,84,0,0,1
2026-08-12T16:29:59,1786527000,13.730882,100.789146,6.2,5.94,-0.1,-0.3,116.6,116.6,0.0,0.0,0.38,24.27,84,0,0,1
2026-08-12T16:30:00,1786527001,13.730882,100.789146,6.2,5.94,0.0,-0.2,116.6,116.6,0.0,0.0,0.38,24.27,84,0,0,1
2026-08-12T16:30:01,1786527002,13.730882,100.789146,5.8,5.55,0.1,0.0,116.6,116.6,0.0,0.01,0.39,24.27,84,0,0,1
2026-08-12T16:30:02,1786527003,13.730882,100.789146,5.8,5.55,0.0,0.0,116.6,116.6,0.0,0.01,0.39,24.27,84,0,0,1
2026-08-12T16:30:03,1786527004,13.730882,100.789146,5.4,5.17,-0.0,-0.3,116.6,116.6,0.01,-0.01,0.33,24.27,84,0,0,1
2026-08-12T16:30:04,1786527005,13.730882,100.789146,5.4,5.17,-0.0,-0.3,116.6,116.6,0.01,-0.01,0.33,24.27,84,0,0,1
2026-08-12T16:30:05,1786527006,13.730882,100.789146,5.1,4.87,0.0,-0.2,116.6,116.6,0.01,0.0,0.3,24.27,84,AUTO.LAND,1,1
2026-08-12T16:30:06,1786527007,13.730882,100.789146,5.1,4.87,0.0,-0.2,116.6,116.6,0.01,0.0,0.3,24.27,84,AUTO.LAND,1,1
2026-08-12T16:30:07,1786527008,13.730883,100.789146,4.9,4.87,0.0,-0.2,116.6,116.6,0.01,0.0,0.3,24.26,84,0,0,1
2026-08-12T16:30:08,1786527009,13.730883,100.789146,4.8,4.57,0.3,-0.3,116.6,116.6,-0.01,0.0,0.3,24.26,84,0,0,1
2026-08-12T16:30:09,1786527010,13.730883,100.789146,4.8,4.57,-0.2,-0.1,116.6,116.6,-0.01,0.0,0.3,24.26,84,0,0,1
2026-08-12T16:30:10,1786527011,13.730882,100.789146,4.5,4.27,-0.1,-0.1,116.6,116.6,0.0,0.0,0.3,24.26,84,0,0,1
2026-08-12T16:30:11,1786527012,13.730882,100.789146,4.5,4.27,0.3,-0.3,116.6,116.6,0.0,0.0,0.3,24.26,84,0,0,1
2026-08-12T16:30:12,1786527013,13.730883,100.789146,4.2,3.98,0.3,-0.3,116.6,116.6,0.0,0.0,0.3,24.26,84,0,0,1
2026-08-12T16:30:13,1786527014,13.730883,100.789146,4.2,3.98,0.1,-0.2,116.6,116.6,0.0,0.0,0.3,24.26,84,0,0,1
2026-08-12T16:30:14,1786527015,13.730883,100.789146,4.2,3.98,-0.3,-0.0,116.6,116.6,0.0,0.0,0.3,24.26,84,0,0,1
2026-08-12T16:30:15,1786527016,13.730883,100.789146,4.2,3.98,-0.3,-0.0,116.6,116.6,0.0,0.0,0.3,24.26,84,0,0,1
2026-08-12T16:30:16,1786527017,13.730882,100.789146,3.8,3.98,0.1,-0.1,116.6,116.6,0.0,0.0,0.3,24.26,84,AUTO.LAND,1,1
2026-08-12T16:30:17,1786527018,13.730882,100.789146,3.6,3.39,0.3,0.1,116.6,116.6,0.01,0.0,0.31,24.26,84,0,0,1
2026-08-12T16:30:18,1786527019,13.730882,100.789146,3.6,3.39,0.0,-0.3,116.6,116.6,0.01,0.0,0.31,24.26,84,0,0,1
2026-08-12T16:30:19,1786527020,13.730882,100.789146,3.3,3.08,0.1,-0.3,116.6,116.6,0.0,0.0,0.31,24.25,84,0,0,1
2026-08-12T16:30:20,1786527021,13.730882,100.789146,3.3,3.08,0.1,-0.3,116.6,116.6,0.0,0.0,0.31,24.25,84,0,0,1
2026-08-12T16:30:21,1786527022,13.730882,100.789146,3.0,2.78,-0.0,-0.2,116.6,116.6,0.0,0.0,0.3,24.25,84,0,0,1
2026-08-12T16:30:22,1786527023,13.730882,100.789146,3.0,2.78,-0.0,-0.2,116.6,116.6,0.0,0.0,0.3,24.25,84,0,0,1
2026-08-12T16:30:23,1786527024,13.730882,100.789146,3.0,2.78,-0.0,-0.2,116.6,116.6,0.0,0.0,0.3,24.25,84,0,0,1
2026-08-12T16:30:24,1786527025,13.730883,100.789146,2.7,2.47,0.1,0.1,116.6,116.6,0.0,0.01,0.3,24.25,84,0,0,1
2026-08-12T16:30:25,1786527026,13.730883,100.789146,2.5,2.47,0.1,0.3,116.6,116.6,0.0,0.01,0.3,24.25,84,AUTO.LAND,1,1
2026-08-12T16:30:26,1786527027,13.730883,100.789146,2.4,2.17,0.2,-0.5,116.6,116.6,0.0,-0.03,0.29,24.25,84,0,0,1
2026-08-12T16:30:27,1786527028,13.730883,100.789146,2.4,2.17,0.1,-0.6,116.6,116.6,0.0,-0.03,0.29,24.25,84,0,0,1
2026-08-12T16:30:28,1786527029,13.730883,100.789146,2.1,1.87,0.0,-0.6,116.6,116.6,-0.02,0.0,0.29,24.25,84,0,0,1
2026-08-12T16:30:29,1786527030,13.730883,100.789146,2.1,1.87,-0.0,-0.3,116.6,116.6,-0.02,0.0,0.29,24.25,84,0,0,1
2026-08-12T16:30:30,1786527031,13.730883,100.789146,1.8,1.57,-0.0,-0.3,116.6,116.6,-0.01,0.03,0.29,24.25,84,0,0,1
2026-08-12T16:30:31,1786527032,13.730883,100.789146,1.8,1.57,0.2,0.1,116.6,116.6,-0.01,0.03,0.29,24.25,84,0,0,1
2026-08-12T16:30:32,1786527033,13.730882,100.789146,1.6,1.57,0.2,0.2,116.6,116.6,-0.01,0.03,0.29,24.25,84,0,0,1
2026-08-12T16:30:33,1786527034,13.730882,100.789146,1.5,1.26,-0.1,0.1,116.6,116.6,0.0,-0.01,0.28,24.25,84,0,0,1
2026-08-12T16:30:34,1786527035,13.730882,100.789146,1.2,1.26,0.0,-0.1,116.6,116.6,0.0,-0.01,0.28,24.24,84,AUTO.LAND,1,1
2026-08-12T16:30:35,1786527036,13.730882,100.789146,1.2,0.97,0.1,-0.4,116.6,116.6,0.0,-0.02,0.29,24.24,84,0,0,1
2026-08-12T16:30:36,1786527037,13.730882,100.789146,1.2,0.97,-0.1,-0.4,116.6,116.6,0.0,-0.02,0.29,24.24,84,0,0,1
2026-08-12T16:30:37,1786527038,13.730882,100.789146,0.9,0.68,0.1,0.1,116.6,116.6,0.0,0.0,0.3,24.24,84,0,0,1
2026-08-12T16:30:38,1786527039,13.730882,100.789146,0.9,0.68,0.1,0.1,116.6,116.6,0.0,0.0,0.3,24.24,84,0,0,1
2026-08-12T16:30:39,1786527040,13.730882,100.789146,0.9,0.68,0.1,-0.3,116.6,116.6,0.0,0.0,0.3,24.24,84,0,0,1
2026-08-12T16:30:40,1786527041,13.730882,100.789146,0.9,0.68,0.1,-0.3,116.6,116.6,0.0,0.0,0.3,24.24,84,0,0,1
2026-08-12T16:30:41,1786527042,13.730882,100.789146,0.3,0.09,-0.0,-0.6,116.6,116.6,0.0,0.01,0.3,24.24,84,0,0,1
2026-08-12T16:30:42,1786527043,13.730882,100.789146,0.3,0.09,-0.2,-0.5,116.6,116.6,0.0,0.01,0.3,24.24,84,0,0,1
2026-08-12T16:30:43,1786527044,13.730882,100.789146,0.2,0.09,-0.2,-0.3,116.6,116.6,0.0,0.01,0.3,24.24,84,0,0,1
2026-08-12T16:30:44,1786527045,13.730882,100.789146,0.2,-0.01,-0.1,-0.2,116.6,116.6,0.0,0.0,-0.01,24.24,84,0,0,1
2026-08-12T16:30:45,1786527046,13.730882,100.789146,0.2,-0.01,-0.2,-0.2,116.6,116.6,0.0,0.0,-0.01,24.24,84,AUTO.LAND,1,1
2026-08-12T16:30:46,1786527047,13.730882,100.789146,0.2,0.0,-0.2,-0.2,116.6,116.6,0.0,0.0,0.0,24.24,84,0,0,1
2026-08-12T16:30:47,1786527048,13.730882,100.789146,0.2,0.0,-0.2,-0.2,116.6,116.6,0.0,0.0,0.0,24.24,84,0,0,1
2026-08-12T16:30:48,1786527049,13.730882,100.789146,0.2,0.0,-0.2,-0.2,116.6,116.6,0.01,0.0,0.0,24.23,84,0,0,0
2026-08-12T16:30:49,1786527050,13.730882,100.789146,0.2,0.0,-0.1,-0.4,116.6,116.6,0.01,0.0,0.0,24.23,84,0,0,0
2026-08-12T16:30:50,1786527051,13.730882,100.789146,0.2,0.01,-0.1,-0.4,116.6,116.6,0.01,0.0,0.0,24.23,84,0,0,0
2026-08-12T16:30:51,1786527052,13.730882,100.789146,0.2,0.01,-0.1,-0.4,116.6,116.6,0.01,0.0,0.0,24.23,84,0,0,0
2026-08-12T16:30:52,1786527053,13.730882,100.789146,0.2,0.01,0.1,-0.4,116.6,116.6,0.01,0.0,0.0,24.23,84,0,0,0
2026-08-12T16:30:53,1786527054,13.730882,100.789146,0.2,0.01,0.1,-0.4,116.6,116.6,0.01,0.0,0.0,24.23,84,0,0,0
2026-08-12T16:30:54,1786527055,13.730882,100.789146,0.3,0.01,0.0,-0.3,116.7,116.7,0.01,0.0,0.0,24.23,83,AUTO.TAKEOFF,1,0
2026-08-12T16:30:55,1786527056,13.730882,100.789146,0.2,-0.0,-0.0,0.3,116.6,116.6,0.0,0.0,0.0,24.23,83,0,0,0
2026-08-12T16:30:56,1786527057,13.730882,100.789146,0.2,-0.0,0.0,-0.5,116.6,116.6,0.0,0.0,0.0,24.23,83,0,0,0
2026-08-12T16:30:57,1786527058,13.730883,100.789145,0.6,0.37,0.0,-0.3,116.6,116.6,0.0,0.01,-0.81,24.23,83,0,0,1
2026-08-12T16:30:58,1786527059,13.730883,100.789145,0.6,0.37,0.0,-0.1,116.7,116.7,0.0,0.01,-0.81,24.23,83,0,0,1
2026-08-12T16:30:59,1786527060,13.730883,100.789145,2.1,1.8,0.0,-0.1,116.7,116.7,0.0,0.01,-1.78,24.23,83,0,0,1
2026-08-12T16:31:00,1786527061,13.730883,100.789145,2.1,1.8,0.1,-0.1,115.9,115.9,0.0,0.01,-1.78,24.23,83,0,0,1
2026-08-12T16:31:01,1786527062,13.730882,100.789146,3.5,1.8,-0.0,-0.2,115.9,115.9,0.0,0.01,-1.78,24.23,83,0,0,1
2026-08-12T16:31:02,1786527063,13.730882,100.789145,3.9,3.69,0.1,-0.2,115.9,115.9,0.01,0.0,-1.85,24.23,83,0,0,1
2026-08-12T16:31:03,1786527064,13.730882,100.789146,5.3,3.69,0.2,-0.1,115.9,115.9,0.01,0.0,-1.85,24.22,83,AUTO.LOITER,1,1
2026-08-12T16:31:04,1786527065,13.730883,100.789146,5.8,5.58,0.3,-0.1,116.0,116.0,0.0,-0.01,-1.91,24.22,83,0,0,1
2026-08-12T16:31:05,1786527066,13.730883,100.789146,5.8,5.58,0.2,-0.1,115.9,115.9,0.0,-0.01,-1.91,24.22,83,0,0,1
2026-08-12T16:31:06,1786527067,13.730882,100.789146,7.7,7.5,-0.0,-0.1,115.9,115.9,0.0,-0.03,-1.95,24.22,83,0,0,1
2026-08-12T16:31:07,1786527068,13.730882,100.789146,7.7,7.5,-0.0,-0.1,115.9,115.9,0.0,-0.03,-1.95,24.22,83,0,0,1
2026-08-12T16:31:08,1786527069,13.730882,100.789146,9.6,9.33,-0.1,-0.2,115.9,115.9,0.0,-0.01,-1.67,24.22,83,0,0,1
2026-08-12T16:31:09,1786527070,13.730882,100.789146,9.6,9.33,0.1,-0.1,116.0,116.0,0.0,-0.01,-1.67,24.22,83,0,0,1
2026-08-12T16:31:10,1786527071,13.730882,100.789146,10.5,9.33,0.1,-0.3,115.9,115.9,0.0,-0.01,-1.67,24.22,83,0,0,1
2026-08-12T16:31:11,1786527072,13.730882,100.789145,10.8,10.56,0.0,-0.2,115.9,115.9,0.0,0.0,-0.94,24.22,83,0,0,1
2026-08-12T16:31:12,1786527073,13.730882,100.789145,10.8,10.56,0.0,-0.2,115.9,115.9,0.0,0.0,-0.94,24.22,83,0,0,1
2026-08-12T16:31:13,1786527074,13.730882,100.789145,11.5,11.24,-10.9,-4.1,115.8,115.8,0.04,0.04,-0.54,24.22,83,0,0,1
2026-08-12T16:31:14,1786527075,13.730882,100.789145,11.5,11.24,-10.9,-4.1,115.8,115.8,0.04,0.04,-0.54,24.22,83,0,0,1
2026-08-12T16:31:15,1786527076,13.730887,100.789152,11.8,11.24,-10.9,-4.1,115.8,115.8,0.04,0.04,-0.54,24.22,83,0,0,1
2026-08-12T16:31:16,1786527077,13.730887,100.789152,11.8,11.24,-13.0,-16.1,97.6,97.6,0.04,0.04,-0.54,24.22,83,0,0,1
2026-08-12T16:31:17,1786527078,13.730909,100.789178,12.0,11.24,-0.7,-9.0,79.2,79.2,0.04,0.04,-0.54,24.21,83,0,0,1
2026-08-12T16:31:18,1786527079,13.730916,100.789189,12.0,11.77,4.3,-2.6,72.7,72.7,2.75,4.19,0.11,24.21,83,0,0,1
2026-08-12T16:31:19,1786527080,13.730916,100.789189,12.0,11.77,0.1,-2.2,60.7,60.7,2.75,4.19,0.11,24.21,83,0,0,1
2026-08-12T16:31:20,1786527081,13.73094,100.789227,12.0,11.73,-1.1,-2.0,53.3,53.3,2.59,4.28,-0.01,24.21,83,0,0,1
2026-08-12T16:31:21,1786527082,13.73094,100.789227,12.0,11.73,-0.8,-2.1,54.6,54.6,2.59,4.28,-0.01,24.21,83,0,0,1
2026-08-12T16:31:22,1786527083,13.73094,100.789227,12.0,11.73,-0.8,-2.1,54.6,54.6,2.59,4.28,-0.01,24.21,83,0,0,1
2026-08-12T16:31:23,1786527084,13.73094,100.789227,12.0,11.73,-0.2,-1.7,55.9,55.9,2.59,4.28,-0.01,24.21,83,0,0,1
2026-08-12T16:31:24,1786527085,13.73099,100.789303,12.0,11.74,-0.2,-1.2,54.9,54.9,2.88,4.14,0.0,24.21,83,0,0,1
2026-08-12T16:31:25,1786527086,13.73099,100.789303,12.0,11.74,-0.2,-0.9,54.9,54.9,2.88,4.14,0.0,24.21,83,0,0,1
2026-08-12T16:31:26,1786527087,13.731009,100.789332,12.0,11.74,-0.2,-0.9,55.1,55.1,2.88,4.14,0.0,24.21,83,AUTO.LOITER,1,1
2026-08-12T16:31:27,1786527088,13.731016,100.789341,12.0,11.77,-0.2,-1.0,54.8,54.8,2.88,4.07,-0.01,24.21,83,0,0,1
2026-08-12T16:31:28,1786527089,13.731016,100.789341,12.0,11.77,-0.2,-0.9,54.8,54.8,2.88,4.07,-0.01,24.21,83,0,0,1
2026-08-12T16:31:29,1786527090,13.731042,100.789379,12.0,11.8,-0.1,-1.0,54.8,54.8,2.89,4.03,-0.03,24.21,83,0,0,1
2026-08-12T16:31:30,1786527091,13.731042,100.789379,12.0,11.8,-0.0,-1.2,54.8,54.8,2.89,4.03,-0.03,24.21,83,0,0,1
2026-08-12T16:31:31,1786527092,13.731068,100.789417,12.1,11.84,-0.0,-1.2,54.8,54.8,2.89,4.03,-0.03,24.2,83,0,0,1
2026-08-12T16:31:32,1786527093,13.731068,100.789417,12.1,11.84,0.0,-1.2,54.8,54.8,2.89,4.03,-0.03,24.2,83,0,0,1
2026-08-12T16:31:33,1786527094,13.731087,100.789444,12.1,11.84,0.0,-1.1,54.8,54.8,2.89,4.03,-0.03,24.2,83,0,0,1
2026-08-12T16:31:34,1786527095,13.731094,100.789455,12.1,11.87,0.2,-1.1,54.8,54.8,2.88,4.04,-0.02,24.2,83,0,0,1
2026-08-12T16:31:35,1786527096,13.731113,100.789483,12.1,11.87,0.1,-0.9,54.8,54.8,2.88,4.04,-0.02,24.2,83,AUTO.LOITER,1,1
2026-08-12T16:31:36,1786527097,13.73112,100.789493,12.2,11.91,-0.1,-1.1,54.8,54.8,2.85,4.04,-0.01,24.2,83,0,0,1
2026-08-12T16:31:37,1786527098,13.73112,100.789493,12.2,11.91,-0.2,-1.4,54.8,54.8,2.85,4.04,-0.01,24.2,83,0,0,1
2026-08-12T16:31:38,1786527099,13.731146,100.78953,12.2,11.93,0.4,0.3,54.8,54.8,2.87,4.04,-0.03,24.2,83,0,0,1
2026-08-12T16:31:39,1786527100,13.731146,100.78953,12.2,11.93,0.4,0.3,54.8,54.8,2.87,4.04,-0.03,24.2,83,0,0,1
2026-08-12T16:31:40,1786527101,13.731169,100.789563,12.2,11.94,0.3,8.8,54.9,54.9,2.11,2.96,-0.02,24.2,83,0,0,1
2026-08-12T16:31:41,1786527102,13.731169,100.789563,12.2,11.94,0.6,7.8,55.1,55.1,2.11,2.96,-0.02,24.2,83,0,0,1
2026-08-12T16:31:42,1786527103,13.731169,100.789563,12.2,11.94,-0.2,7.4,54.9,54.9,2.11,2.96,-0.02,24.2,83,AUTO.LOITER,1,1
2026-08-12T16:31:43,1786527104,13.731183,100.789585,12.2,11.96,-0.2,7.4,54.9,54.9,1.22,1.76,-0.02,24.2,83,AUTO.LOITER,1,1
2026-08-12T16:31:44,1786527105,13.731183,100.789585,12.2,11.96,2.4,-2.5,53.0,53.0,1.22,1.76,-0.02,24.2,83,0,0,1
2026-08-12T16:31:45,1786527106,13.731191,100.789598,12.2,11.99,-1.0,7.9,57.8,57.8,0.8,1.32,-0.03,24.2,83,0,0,1
2026-08-12T16:31:46,1786527107,13.731191,100.789598,12.2,11.99,-1.0,7.9,57.8,57.8,0.8,1.32,-0.03,24.2,83,0,0,1
2026-08-12T16:31:47,1786527108,13.731196,100.789606,12.2,11.96,-3.2,6.4,60.3,60.3,0.37,0.37,0.43,24.19,83,0,0,1
2026-08-12T16:31:48,1786527109,13.731196,100.789606,12.2,11.96,-1.0,6.8,57.4,57.4,0.37,0.37,0.43,24.19,83,0,0,1
2026-08-12T16:31:49,1786527110,13.731196,100.789607,11.4,11.96,2.4,1.4,57.9,57.9,0.37,0.37,0.43,24.19,82,AUTO.LOITER,1,1
2026-08-12T16:31:50,1786527111,13.731196,100.789607,11.4,11.96,-0.5,-0.2,58.9,58.9,0.37,0.37,0.43,24.19,82,0,0,1
2026-08-12T16:31:51,1786527112,13.731196,100.789607,11.4,11.96,-0.5,-0.2,58.9,58.9,0.37,0.37,0.43,24.19,82,0,0,1
2026-08-12T16:31:52,1786527113,13.731197,100.789608,10.4,10.18,-0.5,-0.2,58.9,58.9,0.07,-0.04,0.83,24.19,82,0,0,1
2026-08-12T16:31:53,1786527114,13.731197,100.789608,10.4,10.18,-0.2,0.3,58.4,58.4,0.07,-0.04,0.83,24.19,82,0,0,1
2026-08-12T16:31:54,1786527115,13.731197,100.789608,10.0,10.18,0.0,-0.1,58.5,58.5,0.07,-0.04,0.83,24.19,82,0,0,1
2026-08-12T16:31:55,1786527116,13.731197,100.789608,9.9,9.6,-0.0,-0.6,58.4,58.4,0.04,-0.06,0.55,24.19,82,0,0,1
2026-08-12T16:31:56,1786527117,13.731197,100.789608,9.9,9.6,0.1,-0.4,58.4,58.4,0.04,-0.06,0.55,24.19,82,0,0,1
2026-08-12T16:31:57,1786527118,13.731197,100.789608,9.3,9.08,-0.0,-0.3,58.5,58.5,0.04,-0.01,0.5,24.19,82,0,0,1
2026-08-12T16:31:58,1786527119,13.731197,100.789608,9.3,9.08,0.1,-0.4,58.4,58.4,0.04,-0.01,0.5,24.19,82,0,0,1
2026-08-12T16:31:59,1786527120,13.731197,100.789608,8.8,8.59,0.1,-0.4,58.4,58.4,0.03,0.0,0.5,24.18,82,0,0,1
2026-08-12T16:32:00,1786527121,13.731197,100.789608,8.8,8.59,0.1,-0.5,58.4,58.4,0.03,0.0,0.5,24.18,82,0,0,1
2026-08-12T16:32:01,1786527122,13.731198,100.789608,8.5,8.59,0.1,-0.5,58.4,58.4,0.03,0.0,0.5,24.18,82,0,0,1
2026-08-12T16:32:02,1786527123,13.731198,100.789608,8.3,8.1,0.2,-0.4,58.4,58.4,0.03,0.04,0.5,24.18,82,0,0,1
2026-08-12T16:32:03,1786527124,13.731198,100.789608,8.3,8.1,0.4,-0.3,58.4,58.4,0.03,0.04,0.5,24.18,82,0,0,1
2026-08-12T16:32:04,1786527125,13.731198,100.789608,7.9,7.61,-0.0,-0.3,58.5,58.5,0.0,0.06,0.5,24.18,82,0,0,1
2026-08-12T16:32:05,1786527126,13.731198,100.789608,7.9,7.61,-0.1,-0.2,58.4,58.4,0.0,0.06,0.5,24.18,82,0,0,1
2026-08-12T16:32:06,1786527127,13.731198,100.789608,7.4,7.12,-0.1,-0.2,58.4,58.4,0.01,0.04,0.51,24.18,82,0,0,1
2026-08-12T16:32:07,1786527128,13.731198,100.789608,7.4,7.12,0.1,-0.4,58.4,58.4,0.01,0.04,0.51,24.18,82,0,0,1
2026-08-12T16:32:08,1786527129,13.731198,100.789609,7.0,7.12,-0.0,-0.3,58.4,58.4,0.01,0.04,0.51,24.18,82,0,0,1
2026-08-12T16:32:09,1786527130,13.731198,100.789609,6.9,6.61,-0.1,-0.1,58.4,58.4,0.02,0.04,0.49,24.18,82,0,0,1
2026-08-12T16:32:10,1786527131,13.731198,100.789609,6.9,6.61,-0.1,-0.1,58.4,58.4,0.02,0.04,0.49,24.18,82,0,0,1
2026-08-12T16:32:11,1786527132,13.731198,100.789609,6.4,6.11,-0.1,-0.2,58.4,58.4,0.03,0.02,0.49,24.18,82,AUTO.LOITER,1,1
2026-08-12T16:32:12,1786527133,13.731198,100.789609,6.4,6.11,0.3,-0.4,58.4,58.4,0.03,0.02,0.49,24.18,82,0,0,1
2026-08-12T16:32:13,1786527134,13.731198,100.789609,5.9,5.62,0.3,-0.4,58.4,58.4,0.02,0.03,0.49,24.18,82,0,0,1
2026-08-12T16:32:14,1786527135,13.731198,100.789609,5.9,5.62,0.1,-0.1,58.4,58.4,0.02,0.03,0.49,24.18,82,0,0,1
2026-08-12T16:32:15,1786527136,13.731198,100.789609,5.6,5.62,0.1,-0.1,58.4,58.4,0.02,0.03,0.49,24.17,82,0,0,1
2026-08-12T16:32:16,1786527137,13.731198,100.789609,5.4,5.2,0.2,-0.3,58.4,58.4,0.0,0.01,0.41,24.17,82,0,0,1
2026-08-12T16:32:17,1786527138,13.731198,100.789609,5.4,5.2,-0.0,-0.4,58.4,58.4,0.0,0.01,0.41,24.17,82,0,0,1
2026-08-12T16:32:18,1786527139,13.731198,100.789609,5.0,4.79,-0.2,-0.4,58.4,58.4,0.01,0.03,0.41,24.17,82,0,0,1
2026-08-12T16:32:19,1786527140,13.731198,100.789609,5.0,4.79,0.1,-0.3,58.4,58.4,0.01,0.03,0.41,24.17,82,0,0,1
2026-08-12T16:32:20,1786527141,13.731198,100.78961,4.6,4.38,0.1,-0.3,58.4,58.4,0.02,0.03,0.39,24.17,82,0,0,1
2026-08-12T16:32:21,1786527142,13.731198,100.78961,4.6,4.38,0.3,-0.5,58.4,58.4,0.02,0.03,0.39,24.17,82,0,0,1
2026-08-12T16:32:22,1786527143,13.731198,100.78961,4.4,4.38,-0.0,0.3,58.4,58.4,0.02,0.03,0.39,24.17,82,0,0,1
2026-08-12T16:32:23,1786527144,13.731198,100.78961,4.3,4.05,-0.1,0.0,58.4,58.4,0.0,0.02,0.3,24.17,82,0,0,1
2026-08-12T16:32:24,1786527145,13.731198,100.78961,4.0,4.05,-0.2,-0.1,58.4,58.4,0.0,0.02,0.3,24.17,82,AUTO.LAND,1,1
2026-08-12T16:32:25,1786527146,13.731198,100.78961,4.0,3.74,0.0,-0.1,58.4,58.4,0.01,0.0,0.3,24.17,82,0,0,1
2026-08-12T16:32:26,1786527147,13.731198,100.78961,4.0,3.74,0.2,-0.0,58.4,58.4,0.01,0.0,0.3,24.17,82,0,0,1
2026-08-12T16:32:27,1786527148,13.731198,100.78961,3.7,3.45,0.0,-0.2,58.4,58.4,0.0,-0.01,0.3,24.17,82,0,0,1
2026-08-12T16:32:28,1786527149,13.731198,100.78961,3.7,3.45,0.0,-0.2,58.4,58.4,0.0,-0.01,0.3,24.17,82,0,0,1
2026-08-12T16:32:29,1786527150,13.731199,100.78961,3.4,3.15,0.5,-0.3,58.4,58.4,-0.02,0.01,0.3,24.16,82,0,0,1
2026-08-12T16:32:30,1786527151,13.731199,100.78961,3.4,3.15,0.4,-0.3,58.4,58.4,-0.02,0.01,0.3,24.16,82,0,0,1
2026-08-12T16:32:31,1786527152,13.731198,100.78961,3.2,3.15,-0.1,-0.2,58.4,58.4,-0.02,0.01,0.3,24.16,82,0,0,1
2026-08-12T16:32:32,1786527153,13.731198,100.78961,3.2,3.15,-0.1,-0.2,58.4,58.4,-0.02,0.01,0.3,24.16,82,0,0,1
2026-08-12T16:32:33,1786527154,13.731198,100.78961,3.2,3.15,-0.1,-0.2,58.4,58.4,-0.02,0.01,0.3,24.16,82,0,0,1
2026-08-12T16:32:34,1786527155,13.731198,100.78961,2.8,2.54,0.1,-0.4,58.4,58.4,0.01,0.0,0.28,24.16,82,0,0,1
2026-08-12T16:32:35,1786527156,13.731198,100.78961,2.8,2.54,0.1,-0.3,58.4,58.4,0.01,0.0,0.28,24.16,82,0,0,1
2026-08-12T16:32:36,1786527157,13.731198,100.78961,2.5,2.25,0.1,-0.5,58.4,58.4,0.01,0.0,0.3,24.16,82,0,0,1
2026-08-12T16:32:37,1786527158,13.731198,100.78961,2.5,2.25,0.1,-0.5,58.4,58.4,0.01,0.0,0.3,24.16,82,0,0,1
2026-08-12T16:32:38,1786527159,13.731198,100.78961,2.2,1.95,0.3,-0.2,58.4,58.4,0.0,0.03,0.3,24.16,82,0,0,1
2026-08-12T16:32:39,1786527160,13.731198,100.78961,2.2,1.95,-0.0,0.0,58.4,58.4,0.0,0.03,0.3,24.16,82,0,0,1
2026-08-12T16:32:40,1786527161,13.731198,100.78961,1.9,1.95,-0.1,-0.1,58.4,58.4,0.0,0.03,0.3,24.16,82,0,0,1
2026-08-12T16:32:41,1786527162,13.731198,100.78961,1.9,1.64,-0.1,-0.3,58.4,58.4,0.0,0.0,0.29,24.16,82,0,0,1
2026-08-12T16:32:42,1786527163,13.731199,100.789609,1.7,1.64,0.1,-0.3,58.4,58.4,0.0,0.0,0.29,24.16,82,AUTO.LAND,1,1
2026-08-12T16:32:43,1786527164,13.731198,100.78961,1.6,1.35,0.2,-0.2,58.4,58.4,0.0,0.0,0.29,24.16,82,0,0,1
2026-08-12T16:32:44,1786527165,13.731198,100.78961,1.6,1.35,0.2,-0.3,58.4,58.4,0.0,0.0,0.29,24.16,82,0,0,1
2026-08-12T16:32:45,1786527166,13.731198,100.78961,1.3,1.06,0.0,-0.3,58.4,58.4,0.0,0.02,0.3,24.15,81,0,0,1
2026-08-12T16:32:46,1786527167,13.731198,100.78961,1.3,1.06,0.0,0.0,58.4,58.4,0.0,0.02,0.3,24.15,81,0,0,1
2026-08-12T16:32:47,1786527168,13.731198,100.78961,1.0,0.76,0.0,0.0,58.4,58.4,0.0,0.0,0.3,24.15,81,0,0,1
2026-08-12T16:32:48,1786527169,13.731198,100.78961,1.0,0.76,-0.1,-0.1,58.4,58.4,0.0,0.0,0.3,24.15,81,0,0,1
2026-08-12T16:32:49,1786527170,13.731198,100.78961,0.7,0.46,0.1,-0.3,58.4,58.4,0.0,0.0,0.31,24.15,81,0,0,1
2026-08-12T16:32:50,1786527171,13.731198,100.78961,0.7,0.46,0.0,-0.5,58.4,58.4,0.0,0.0,0.31,24.15,81,0,0,1
2026-08-12T16:32:51,1786527172,13.731198,100.78961,0.4,0.15,0.2,-0.2,58.4,58.4,0.0,0.01,0.29,24.15,81,0,0,1
2026-08-12T16:32:52,1786527173,13.731198,100.78961,0.4,0.15,0.3,0.1,58.4,58.4,0.0,0.01,0.29,24.15,81,0,0,1
2026-08-12T16:32:53,1786527174,13.731198,100.78961,0.4,0.15,0.1,-0.4,58.5,58.5,0.0,0.01,0.29,24.15,81,0,0,1
2026-08-12T16:32:54,1786527175,13.731198,100.78961,0.4,0.15,0.1,-0.4,58.5,58.5,0.0,0.01,0.29,24.15,81,0,0,1
2026-08-12T16:32:55,1786527176,13.731199,100.78961,0.3,0.15,0.4,-0.3,58.5,58.5,0.0,0.01,0.29,24.15,81,AUTO.LAND,1,1
2026-08-12T16:32:56,1786527177,13.731198,100.78961,0.3,0.01,0.0,-0.4,58.5,58.5,0.0,-0.01,0.0,24.15,81,0,0,1
2026-08-12T16:32:57,1786527178,13.731198,100.78961,0.3,0.01,-0.1,-0.3,58.5,58.5,0.0,-0.01,0.0,24.15,81,0,0,1
2026-08-12T16:32:58,1786527179,13.731198,100.78961,0.3,0.02,-0.1,-0.4,58.5,58.5,-0.01,-0.01,0.0,24.14,81,0,0,1
2026-08-12T16:32:59,1786527180,13.731198,100.78961,0.3,0.02,-0.1,-0.4,58.5,58.5,-0.01,-0.01,0.0,24.14,81,0,0,1
2026-08-12T16:33:00,1786527181,13.731199,100.789609,0.3,0.02,-0.1,-0.4,58.5,58.5,-0.01,-0.01,0.0,24.14,81,AUTO.LAND,1,0
2026-08-12T16:33:01,1786527182,13.731199,100.789609,0.3,0.02,-0.1,-0.4,58.5,58.5,-0.01,-0.01,0.0,24.14,81,0,0,0
2026-08-12T16:33:02,1786527183,13.731199,100.789609,0.3,0.02,0.1,-0.2,58.5,58.5,-0.01,-0.01,0.0,24.14,81,0,0,0
2026-08-12T16:33:03,1786527184,13.731199,100.789609,0.3,0.02,0.1,-0.2,58.5,58.5,-0.01,-0.01,0.0,24.14,81,0,0,0
2026-08-12T16:33:04,1786527185,13.731198,100.78961,0.2,0.02,0.1,-0.2,58.5,58.5,-0.01,-0.01,0.0,24.14,81,AUTO.TAKEOFF,1,0
2026-08-12T16:33:05,1786527186,13.731198,100.78961,0.2,0.0,0.1,-0.2,58.6,58.6,0.0,0.0,0.0,24.14,81,0,0,0
2026-08-12T16:33:06,1786527187,13.731198,100.78961,0.2,0.0,0.0,-0.2,58.6,58.6,0.0,0.0,0.0,24.14,81,0,0,0
2026-08-12T16:33:07,1786527188,13.731198,100.78961,0.2,0.0,-0.1,0.4,58.3,58.3,0.0,-0.01,-0.01,24.14,81,0,0,0
2026-08-12T16:33:08,1786527189,13.731198,100.78961,0.2,0.0,0.1,-0.5,58.3,58.3,0.0,-0.01,-0.01,24.14,81,0,0,0
2026-08-12T16:33:09,1786527190,13.731198,100.789609,0.7,0.5,0.1,-0.4,58.3,58.3,0.0,0.0,-0.95,24.14,81,0,0,1
2026-08-12T16:33:10,1786527191,13.731198,100.789609,0.7,0.5,0.1,-0.4,58.3,58.3,0.0,0.0,-0.95,24.14,81,0,0,1
2026-08-12T16:33:11,1786527192,13.731198,100.789609,0.7,0.5,0.1,-0.4,58.3,58.3,0.0,0.0,-0.95,24.14,81,0,0,1
2026-08-12T16:33:12,1786527193,13.731198,100.789609,0.7,0.5,0.1,-0.4,58.3,58.3,0.0,0.0,-0.95,24.14,81,0,0,1
2026-08-12T16:33:13,1786527194,13.731198,100.789609,3.7,0.5,0.2,-0.4,57.1,57.1,0.0,0.0,-0.95,24.13,81,0,0,1
2026-08-12T16:33:14,1786527195,13.731198,100.789609,4.1,3.91,0.3,-0.3,57.1,57.1,0.01,0.02,-1.86,24.13,81,0,0,1
2026-08-12T16:33:15,1786527196,13.731198,100.789609,5.5,3.91,0.1,-0.1,57.1,57.1,0.01,0.02,-1.86,24.13,81,AUTO.LOITER,1,1
2026-08-12T16:33:16,1786527197,13.731198,100.789609,6.0,5.8,-0.1,-0.2,57.1,57.1,0.0,0.01,-1.92,24.13,81,0,0,1
2026-08-12T16:33:17,1786527198,13.731198,100.789609,6.0,5.8,0.1,0.0,57.1,57.1,0.0,0.01,-1.92,24.13,81,0,0,1
2026-08-12T16:33:18,1786527199,13.731198,100.789609,8.0,7.72,0.2,0.0,57.1,57.1,0.0,-0.01,-1.95,24.13,81,0,0,1
2026-08-12T16:33:19,1786527200,13.731198,100.789609,8.0,7.72,0.2,0.0,57.1,57.1,0.0,-0.01,-1.95,24.13,81,0,0,1
2026-08-12T16:33:20,1786527201,13.731198,100.789609,9.7,9.51,0.3,-0.2,57.1,57.1,-0.02,0.0,-1.6,24.13,81,AUTO.LOITER,1,1
2026-08-12T16:33:21,1786527202,13.731198,100.789609,9.7,9.51,0.3,-0.2,57.1,57.1,-0.02,0.0,-1.6,24.13,81,AUTO.LOITER,1,1
2026-08-12T16:33:22,1786527203,13.731198,100.789609,10.6,9.51,0.3,-0.2,57.1,57.1,-0.02,0.0,-1.6,24.13,81,AUTO.LOITER,1,1
2026-08-12T16:33:23,1786527204,13.731198,100.789609,10.9,10.66,-0.2,-0.3,57.1,57.1,0.0,0.0,-0.88,24.13,81,0,0,1
2026-08-12T16:33:24,1786527205,13.731198,100.789609,10.9,10.66,0.2,1.3,57.1,57.1,0.0,0.0,-0.88,24.13,81,0,0,1
2026-08-12T16:33:25,1786527206,13.731198,100.789609,11.5,11.31,-1.4,17.3,56.3,56.3,-0.34,-0.4,-0.54,24.12,81,0,0,1
2026-08-12T16:33:26,1786527207,13.731198,100.789609,11.5,11.31,-1.7,17.0,50.2,50.2,-0.34,-0.4,-0.54,24.12,81,0,0,1
2026-08-12T16:33:27,1786527208,13.731186,100.789591,12.1,11.84,-1.7,17.0,50.2,50.2,-1.89,-3.22,-0.43,24.12,81,0,0,1
2026-08-12T16:33:28,1786527209,13.731186,100.789591,12.1,11.84,-11.7,12.3,26.7,26.7,-1.89,-3.22,-0.43,24.12,81,0,0,1
2026-08-12T16:33:29,1786527210,13.731169,100.789564,12.3,11.84,-11.7,12.3,26.7,26.7,-1.89,-3.22,-0.43,24.12,81,AUTO.LOITER,1,1
2026-08-12T16:33:30,1786527211,13.731164,100.789553,12.4,12.18,-2.5,0.1,6.6,6.6,-2.31,-4.42,-0.25,24.12,81,0,0,1
2026-08-12T16:33:31,1786527212,13.731164,100.789553,12.4,12.18,-1.8,1.3,-6.9,353.1,-2.31,-4.42,-0.25,24.12,81,AUTO.LOITER,1,1
2026-08-12T16:33:32,1786527213,13.731164,100.789553,12.4,12.18,-1.9,1.1,-18.3,341.7,-2.31,-4.42,-0.25,24.12,81,0,0,1
2026-08-12T16:33:33,1786527214,13.731164,100.789553,12.4,12.18,-1.5,0.4,-30.9,329.1,-2.31,-4.42,-0.25,24.12,81,0,0,1
2026-08-12T16:33:34,1786527215,13.731121,100.789473,13.1,12.83,-1.1,0.0,-43.6,316.4,-2.54,-4.41,-0.34,24.12,81,0,0,1
2026-08-12T16:33:35,1786527216,13.731121,100.789473,13.1,12.83,-1.1,0.0,-43.6,316.4,-2.54,-4.41,-0.34,24.12,81,0,0,1
2026-08-12T16:33:36,1786527217,13.731098,100.789433,13.4,13.2,-1.0,-0.2,-55.8,304.2,-2.56,-4.34,-0.36,24.12,81,0,0,1
2026-08-12T16:33:37,1786527218,13.731098,100.789433,13.4,13.2,-0.9,-0.2,-68.4,291.6,-2.56,-4.34,-0.36,24.12,81,0,0,1
2026-08-12T16:33:38,1786527219,13.731082,100.789404,13.7,13.2,-0.7,-0.4,-80.8,279.2,-2.56,-4.34,-0.36,24.11,81,AUTO.LOITER,1,1
2026-08-12T16:33:39,1786527220,13.731075,100.789393,13.8,13.58,-0.4,-0.7,-93.3,266.7,-2.57,-4.26,-0.36,24.11,81,0,0,1
2026-08-12T16:33:40,1786527221,13.731075,100.789393,13.8,13.58,0.1,-0.9,-105.7,254.3,-2.57,-4.26,-0.36,24.11,81,0,0,1
2026-08-12T16:33:41,1786527222,13.731052,100.789353,14.2,13.95,0.3,-0.9,-116.9,243.1,-2.53,-4.25,-0.37,24.11,80,0,0,1
2026-08-12T16:33:42,1786527223,13.731052,100.789353,14.2,13.95,0.3,-0.9,-116.9,243.1,-2.53,-4.25,-0.37,24.11,80,0,0,1
2026-08-12T16:33:43,1786527224,13.731029,100.789313,14.6,14.34,0.2,-1.0,-121.3,238.7,-2.48,-4.25,-0.34,24.11,80,0,0,1
2026-08-12T16:33:44,1786527225,13.731029,100.789313,14.6,14.34,0.1,-1.0,-120.3,239.7,-2.48,-4.25,-0.34,24.11,80,0,0,1
2026-08-12T16:33:45,1786527226,13.731013,100.789283,14.9,14.34,0.1,-1.1,-119.4,240.6,-2.48,-4.25,-0.34,24.11,80,AUTO.LOITER,1,1
2026-08-12T16:33:46,1786527227,13.731007,100.789273,14.9,14.69,-0.1,-1.1,-120.3,239.7,-2.48,-4.26,-0.35,24.11,80,0,0,1
2026-08-12T16:33:47,1786527228,13.731007,100.789273,14.9,14.69,0.0,-1.0,-120.2,239.8,-2.48,-4.26,-0.35,24.11,80,0,0,1
2026-08-12T16:33:48,1786527229,13.730984,100.789233,15.3,15.05,0.0,-1.1,-120.1,239.9,-2.49,-4.26,-0.37,24.11,80,0,0,1
2026-08-12T16:33:49,1786527230,13.730984,100.789233,15.3,15.05,-0.0,-1.1,-120.3,239.7,-2.49,-4.26,-0.37,24.11,80,0,0,1
2026-08-12T16:33:50,1786527231,13.730967,100.789203,15.6,15.05,-0.0,-1.1,-120.3,239.7,-2.49,-4.26,-0.37,24.11,80,AUTO.LOITER,1,1
2026-08-12T16:33:51,1786527232,13.730967,100.789203,15.6,15.05,-0.0,-1.1,-120.3,239.7,-2.49,-4.26,-0.37,24.11,80,0,0,1
2026-08-12T16:33:52,1786527233,13.730945,100.789164,16.0,15.05,-0.0,-1.1,-120.3,239.7,-2.49,-4.26,-0.37,24.11,80,AUTO.LOITER,1,1
2026-08-12T16:33:53,1786527234,13.730939,100.789153,16.0,15.8,0.1,-1.4,-120.3,239.7,-2.49,-4.29,-0.37,24.11,80,0,0,1
2026-08-12T16:33:54,1786527235,13.730922,100.789125,16.3,15.8,-0.1,-1.3,-120.3,239.7,-2.49,-4.29,-0.37,24.1,80,AUTO.LOITER,1,1
2026-08-12T16:33:55,1786527236,13.730916,100.789113,16.4,16.18,-0.1,-1.5,-120.3,239.7,-2.51,-4.31,-0.36,24.1,80,0,0,1
2026-08-12T16:33:56,1786527237,13.730916,100.789113,16.4,16.18,0.2,-1.4,-120.3,239.7,-2.51,-4.31,-0.36,24.1,80,0,0,1
2026-08-12T16:33:57,1786527238,13.730893,100.789074,16.8,16.55,0.0,-1.5,-120.3,239.7,-2.52,-4.32,-0.36,24.1,80,0,0,1
2026-08-12T16:33:58,1786527239,13.730893,100.789074,16.8,16.55,-0.2,-1.4,-120.3,239.7,-2.52,-4.32,-0.36,24.1,80,0,0,1
2026-08-12T16:33:59,1786527240,13.730871,100.789034,17.2,16.92,-0.2,-1.4,-120.3,239.7,-2.53,-4.33,-0.35,24.1,80,0,0,1
2026-08-12T16:34:00,1786527241,13.730871,100.789034,17.2,16.92,-0.3,-1.4,-120.4,239.6,-2.53,-4.33,-0.35,24.1,80,0,0,1
2026-08-12T16:34:01,1786527242,13.730855,100.789005,17.3,16.92,-0.1,-1.3,-120.4,239.6,-2.53,-4.33,-0.35,24.1,80,0,0,1
2026-08-12T16:34:02,1786527243,13.730848,100.788994,17.5,17.28,-0.0,-1.3,-120.4,239.6,-2.55,-4.31,-0.37,24.1,80,0,0,1
2026-08-12T16:34:03,1786527244,13.730848,100.788994,17.5,17.28,-0.1,-1.6,-120.4,239.6,-2.55,-4.31,-0.37,24.1,80,0,0,1
2026-08-12T16:34:04,1786527245,13.730825,100.788954,17.9,17.64,-0.2,-1.6,-120.4,239.6,-2.55,-4.32,-0.38,24.1,80,0,0,1
2026-08-12T16:34:05,1786527246,13.730825,100.788954,17.9,17.64,0.1,-1.3,-120.4,239.6,-2.55,-4.32,-0.38,24.1,80,0,0,1
2026-08-12T16:34:06,1786527247,13.730802,100.788914,18.3,18.02,0.1,-1.2,-120.4,239.6,-2.55,-4.33,-0.37,24.1,80,0,0,1
2026-08-12T16:34:07,1786527248,13.730802,100.788914,18.3,18.02,0.1,-1.2,-120.4,239.6,-2.55,-4.33,-0.37,24.1,80,0,0,1
2026-08-12T16:34:08,1786527249,13.73078,100.788874,18.6,18.4,0.1,-1.1,-120.3,239.7,-2.52,-4.32,-0.36,24.09,80,0,0,1
2026-08-12T16:34:09,1786527250,13.73078,100.788874,18.6,18.4,-0.0,-1.3,-120.4,239.6,-2.52,-4.32,-0.36,24.09,80,0,0,1
2026-08-12T16:34:10,1786527251,13.73078,100.788874,18.6,18.4,0.3,-1.5,-120.3,239.7,-2.52,-4.32,-0.36,24.09,80,AUTO.LOITER,1,1
2026-08-12T16:34:11,1786527252,13.73078,100.788874,18.6,18.4,0.2,0.9,-120.2,239.8,-2.52,-4.32,-0.36,24.09,80,AUTO.LOITER,1,1
2026-08-12T16:34:12,1786527253,13.73078,100.788874,18.6,18.4,-0.3,9.6,-120.4,239.6,-2.52,-4.32,-0.36,24.09,80,AUTO.LOITER,1,1
2026-08-12T16:34:13,1786527254,13.730737,100.788799,19.3,19.08,0.4,8.3,-120.2,239.8,-1.84,-3.07,-0.25,24.09,80,0,0,1
2026-08-12T16:34:14,1786527255,13.730737,100.788799,19.3,19.08,0.9,7.2,-120.0,240.0,-1.84,-3.07,-0.25,24.09,80,0,0,1
2026-08-12T16:34:15,1786527256,13.730725,100.788777,19.5,19.27,0.9,7.2,-120.0,240.0,-1.02,-1.83,-0.15,24.09,80,0,0,1
2026-08-12T16:34:16,1786527257,13.730725,100.788777,19.5,19.27,-0.4,6.1,-120.3,239.7,-1.02,-1.83,-0.15,24.09,80,0,0,1
2026-08-12T16:34:17,1786527258,13.730718,100.788769,19.6,19.27,-14.3,3.4,-122.0,238.0,-1.02,-1.83,-0.15,24.09,80,AUTO.LOITER,1,1
2026-08-12T16:34:18,1786527259,13.730714,100.788767,19.6,19.4,-12.7,-10.6,-128.8,231.2,-1.89,-0.29,-0.12,24.09,80,0,0,1
2026-08-12T16:34:19,1786527260,13.730714,100.788767,19.6,19.4,-6.5,-16.3,-145.6,214.4,-1.89,-0.29,-0.12,24.09,80,0,0,1
2026-08-12T16:34:20,1786527261,13.730682,100.788762,19.7,19.45,0.8,-7.1,-158.2,201.8,-4.62,-0.87,0.02,24.09,80,0,0,1
2026-08-12T16:34:21,1786527262,13.730682,100.788762,19.7,19.45,-0.8,-2.0,-165.6,194.4,-4.62,-0.87,0.02,24.09,80,0,0,1
2026-08-12T16:34:22,1786527263,13.730639,100.788751,19.7,19.42,-0.8,-2.0,-165.6,194.4,-4.89,-1.02,0.0,24.09,80,0,0,1
2026-08-12T16:34:23,1786527264,13.730639,100.788751,19.7,19.42,0.5,-2.6,-168.5,191.5,-4.89,-1.02,0.0,24.09,80,0,0,1
2026-08-12T16:34:24,1786527265,13.730608,100.788745,19.7,19.42,1.0,-2.2,-166.3,193.7,-4.89,-1.02,0.0,24.08,80,0,0,1
2026-08-12T16:34:25,1786527266,13.730608,100.788745,19.7,19.42,1.0,-2.2,-166.3,193.7,-4.89,-1.02,0.0,24.08,80,0,0,1
2026-08-12T16:34:26,1786527267,13.730608,100.788745,19.7,19.42,1.0,-2.2,-166.3,193.7,-4.89,-1.02,0.0,24.08,80,0,0,1
2026-08-12T16:34:27,1786527268,13.730551,100.788731,19.7,19.43,1.0,-2.2,-166.3,193.7,-4.9,-1.2,-0.01,24.08,80,0,0,1
2026-08-12T16:34:28,1786527269,13.730551,100.788731,19.7,19.43,0.2,-1.1,-166.6,193.4,-4.9,-1.2,-0.01,24.08,80,0,0,1
2026-08-12T16:34:29,1786527270,13.730507,100.788721,19.7,19.45,0.2,-1.1,-166.6,193.4,-4.85,-1.17,-0.01,24.08,80,0,0,1
2026-08-12T16:34:30,1786527271,13.730507,100.788721,19.7,19.45,0.0,-0.9,-166.8,193.2,-4.85,-1.17,-0.01,24.08,80,0,0,1
2026-08-12T16:34:31,1786527272,13.730464,100.78871,19.7,19.47,-0.1,0.1,-166.8,193.2,-4.43,-1.07,0.0,24.08,80,0,0,1
2026-08-12T16:34:32,1786527273,13.730464,100.78871,19.7,19.47,0.7,9.4,-166.7,193.3,-4.43,-1.07,0.0,24.08,80,0,0,1
2026-08-12T16:34:33,1786527274,13.730441,100.788705,19.7,19.47,0.0,8.2,-166.8,193.2,-4.43,-1.07,0.0,24.08,80,AUTO.LOITER,1,1
2026-08-12T16:34:34,1786527275,13.730432,100.788702,19.7,19.46,-0.4,7.3,-167.2,192.8,-2.75,-0.7,0.0,24.08,80,0,0,1
2026-08-12T16:34:35,1786527276,13.730432,100.788702,19.7,19.46,-1.2,6.8,-167.9,192.1,-2.75,-0.7,0.0,24.08,80,0,0,1
2026-08-12T16:34:36,1786527277,13.730414,100.788697,19.7,19.46,11.5,8.9,-167.7,192.3,-1.33,-0.45,-0.05,24.07,79,0,0,1
2026-08-12T16:34:37,1786527278,13.730414,100.788697,19.7,19.46,11.5,8.9,-167.7,192.3,-1.33,-0.45,-0.05,24.07,79,0,0,1
2026-08-12T16:34:38,1786527279,13.73041,100.788682,19.8,19.55,11.4,3.0,-161.5,198.5,0.0,-2.65,-0.03,24.07,79,0,0,1
2026-08-12T16:34:39,1786527280,13.73041,100.788682,19.8,19.55,13.7,-10.4,-148.4,211.6,0.0,-2.65,-0.03,24.07,79,0,0,1
2026-08-12T16:34:40,1786527281,13.730408,100.788655,19.8,19.55,8.3,-10.4,-132.8,227.2,0.0,-2.65,-0.03,24.07,79,AUTO.LOITER,1,1
2026-08-12T16:34:41,1786527282,13.730408,100.788643,19.8,19.54,0.9,-0.7,-122.7,237.3,-0.27,-4.98,0.08,24.07,79,0,0,1
2026-08-12T16:34:42,1786527283,13.730408,100.788643,19.8,19.54,1.6,-2.4,-110.2,249.8,-0.27,-4.98,0.08,24.07,79,0,0,1
2026-08-12T16:34:43,1786527284,13.730404,100.788598,19.8,19.52,0.1,-2.5,-97.8,262.2,-0.24,-5.05,0.03,24.07,79,0,0,1
2026-08-12T16:34:44,1786527285,13.730404,100.788598,19.8,19.52,-0.6,-1.8,-93.4,266.6,-0.24,-5.05,0.03,24.07,79,0,0,1
2026-08-12T16:34:45,1786527286,13.730401,100.788552,19.7,19.5,-0.7,-1.3,-94.2,265.8,-0.33,-5.09,0.04,24.07,79,0,0,1
2026-08-12T16:34:46,1786527287,13.730401,100.788552,19.7,19.5,-0.7,-1.3,-94.2,265.8,-0.33,-5.09,0.04,24.07,79,0,0,1
2026-08-12T16:34:47,1786527288,13.730398,100.788505,19.7,19.48,-0.4,-1.1,-95.1,264.9,-0.4,-5.03,0.0,24.07,79,0,0,1
2026-08-12T16:34:48,1786527289,13.730398,100.788505,19.7,19.48,-0.1,-1.3,-94.4,265.6,-0.4,-5.03,0.0,24.07,79,0,0,1
2026-08-12T16:34:49,1786527290,13.730396,100.788471,19.7,19.48,-0.3,-1.1,-94.4,265.6,-0.4,-5.03,0.0,24.07,79,AUTO.LOITER,1,1
2026-08-12T16:34:50,1786527291,13.730395,100.788459,19.7,19.48,-0.4,-1.0,-94.5,265.5,-0.41,-5.0,0.0,24.07,79,0,0,1
2026-08-12T16:34:51,1786527292,13.730395,100.788459,19.7,19.48,-0.4,-1.1,-94.4,265.6,-0.41,-5.0,0.0,24.07,79,0,0,1
2026-08-12T16:34:52,1786527293,13.730392,100.788413,19.7,19.47,-0.0,-1.1,-94.3,265.7,-0.43,-4.97,-0.01,24.06,79,0,0,1
2026-08-12T16:34:53,1786527294,13.730392,100.788413,19.7,19.47,-0.0,-1.1,-94.3,265.7,-0.43,-4.97,-0.01,24.06,79,0,0,1
2026-08-12T16:34:54,1786527295,13.730392,100.788413,19.7,19.47,-0.0,-1.1,-94.3,265.7,-0.43,-4.97,-0.01,24.06,79,0,0,1
2026-08-12T16:34:55,1786527296,13.730392,100.788413,19.7,19.47,-0.2,-1.3,-94.3,265.7,-0.43,-4.97,-0.01,24.06,79,0,0,1
2026-08-12T16:34:56,1786527297,13.730386,100.788334,19.7,19.47,-0.2,-1.4,-94.3,265.7,-0.43,-4.97,-0.01,24.06,79,0,0,1
2026-08-12T16:34:57,1786527298,13.730385,100.788321,19.7,19.5,-0.0,-1.3,-94.3,265.7,-0.41,-4.98,0.0,24.06,79,0,0,1
2026-08-12T16:34:58,1786527299,13.730383,100.788287,19.7,19.5,-0.0,-1.2,-94.3,265.7,-0.41,-4.98,0.0,24.06,79,AUTO.LOITER,1,1
2026-08-12T16:34:59,1786527300,13.730382,100.788274,19.7,19.49,0.1,-1.2,-94.3,265.7,-0.39,-4.98,0.0,24.06,79,0,0,1
2026-08-12T16:35:00,1786527301,13.730382,100.788274,19.7,19.49,0.1,-0.9,-94.2,265.8,-0.39,-4.98,0.0,24.06,79,0,0,1
2026-08-12T16:35:01,1786527302,13.730378,100.788228,19.7,19.48,-0.1,-1.4,-94.2,265.8,-0.37,-4.95,-0.01,24.06,79,0,0,1
2026-08-12T16:35:02,1786527303,13.730378,100.788228,19.7,19.48,-0.3,-1.6,-94.2,265.8,-0.37,-4.95,-0.01,24.06,79,0,0,1
2026-08-12T16:35:03,1786527304,13.730375,100.788182,19.7,19.5,-0.3,-1.6,-94.2,265.8,-0.4,-4.98,0.0,24.06,79,0,0,1
2026-08-12T16:35:04,1786527305,13.730375,100.788182,19.7,19.5,-0.1,-1.3,-94.3,265.7,-0.4,-4.98,0.0,24.06,79,0,0,1
2026-08-12T16:35:05,1786527306,13.730372,100.788136,19.7,19.49,0.3,-1.4,-94.2,265.8,-0.37,-4.99,0.0,24.05,79,0,0,1
2026-08-12T16:35:06,1786527307,13.730372,100.788136,19.7,19.49,-0.0,-1.4,-94.2,265.8,-0.37,-4.99,0.0,24.05,79,0,0,1
2026-08-12T16:35:07,1786527308,13.730369,100.788102,19.6,19.49,-0.0,-1.4,-94.2,265.8,-0.37,-4.99,0.0,24.05,79,AUTO.LOITER,1,1
2026-08-12T16:35:08,1786527309,13.730368,100.78809,19.7,19.49,0.1,-1.3,-94.2,265.8,-0.37,-4.99,0.0,24.05,79,0,0,1
2026-08-12T16:35:09,1786527310,13.730368,100.78809,19.7,19.49,0.1,-1.3,-94.2,265.8,-0.37,-4.99,0.0,24.05,79,0,0,1
2026-08-12T16:35:10,1786527311,13.730365,100.788044,19.7,19.49,-0.1,-1.5,-94.2,265.8,-0.38,-4.98,-0.01,24.05,79,0,0,1
2026-08-12T16:35:11,1786527312,13.730365,100.788044,19.7,19.49,0.3,-1.7,-94.2,265.8,-0.38,-4.98,-0.01,24.05,79,0,0,1
2026-08-12T16:35:12,1786527313,13.730362,100.787998,19.7,19.49,0.2,-1.3,-94.2,265.8,-0.36,-5.01,-0.01,24.05,79,0,0,1
2026-08-12T16:35:13,1786527314,13.730362,100.787998,19.7,19.49,0.2,-1.3,-94.2,265.8,-0.36,-5.01,-0.01,24.05,79,0,0,1
2026-08-12T16:35:14,1786527315,13.730358,100.787951,19.7,19.5,0.0,-0.9,-94.2,265.8,-0.35,-4.98,0.0,24.05,79,0,0,1
2026-08-12T16:35:15,1786527316,13.730358,100.787951,19.7,19.5,-0.1,-1.2,-94.2,265.8,-0.35,-4.98,0.0,24.05,79,0,0,1
2026-08-12T16:35:16,1786527317,13.730356,100.787918,19.7,19.5,-0.1,-1.6,-94.2,265.8,-0.35,-4.98,0.0,24.05,79,0,0,1
2026-08-12T16:35:17,1786527318,13.730355,100.787905,19.7,19.5,0.2,-1.6,-94.2,265.8,-0.37,-4.99,0.0,24.05,79,0,0,1
2026-08-12T16:35:18,1786527319,13.730355,100.787905,19.7,19.5,0.1,-1.4,-94.2,265.8,-0.37,-4.99,0.0,24.05,79,0,0,1
2026-08-12T16:35:19,1786527320,13.730352,100.787859,19.7,19.5,-0.1,-1.3,-94.2,265.8,-0.36,-5.01,0.0,24.05,79,0,0,1
2026-08-12T16:35:20,1786527321,13.730352,100.787859,19.7,19.5,-0.0,-1.2,-94.2,265.8,-0.36,-5.01,0.0,24.05,79,0,0,1
2026-08-12T16:35:21,1786527322,13.730348,100.787813,19.7,19.51,-0.0,-1.2,-94.2,265.8,-0.37,-4.99,0.01,24.04,79,0,0,1
2026-08-12T16:35:22,1786527323,13.730348,100.787813,19.7,19.51,-0.0,-1.2,-94.2,265.8,-0.37,-4.99,0.01,24.04,79,0,0,1
2026-08-12T16:35:23,1786527324,13.730345,100.787767,19.7,19.5,0.1,-1.4,-94.2,265.8,-0.36,-4.99,0.0,24.04,79,0,0,1
2026-08-12T16:35:24,1786527325,13.730345,100.787767,19.7,19.5,-0.1,-1.2,-94.2,265.8,-0.36,-4.99,0.0,24.04,79,0,0,1
2026-08-12T16:35:25,1786527326,13.730343,100.787734,19.7,19.5,-0.1,-1.3,-94.2,265.8,-0.36,-4.99,0.0,24.04,79,0,0,1
2026-08-12T16:35:26,1786527327,13.730342,100.787721,19.7,19.5,-0.2,-1.5,-94.2,265.8,-0.37,-4.98,0.0,24.04,79,0,0,1
2026-08-12T16:35:27,1786527328,13.730339,100.787687,19.7,19.5,0.0,-1.3,-94.3,265.7,-0.37,-4.98,0.0,24.04,79,AUTO.LOITER,1,1
2026-08-12T16:35:28,1786527329,13.730338,100.787674,19.7,19.5,0.2,-1.2,-94.2,265.8,-0.38,-4.99,0.0,24.04,79,0,0,1
2026-08-12T16:35:29,1786527330,13.730338,100.787674,19.7,19.5,-0.1,-1.3,-94.2,265.8,-0.38,-4.99,0.0,24.04,79,0,0,1
2026-08-12T16:35:30,1786527331,13.730335,100.787628,19.7,19.5,0.0,-1.6,-94.2,265.8,-0.36,-4.98,0.0,24.04,78,0,0,1
2026-08-12T16:35:31,1786527332,13.730335,100.787628,19.7,19.5,0.0,-1.6,-94.2,265.8,-0.36,-4.98,0.0,24.04,78,0,0,1
2026-08-12T16:35:32,1786527333,13.730332,100.787582,19.7,19.5,0.3,-1.5,-94.2,265.8,-0.35,-5.01,0.0,24.04,78,0,0,1
2026-08-12T16:35:33,1786527334,13.730332,100.787582,19.7,19.5,0.1,-1.3,-94.2,265.8,-0.35,-5.01,0.0,24.04,78,0,0,1
2026-08-12T16:35:34,1786527335,13.730329,100.787548,19.8,19.5,-0.2,-1.2,-94.2,265.8,-0.35,-5.01,0.0,24.03,78,AUTO.LOITER,1,1
2026-08-12T16:35:35,1786527336,13.730329,100.787548,19.8,19.5,-0.2,-1.2,-94.2,265.8,-0.35,-5.01,0.0,24.03,78,AUTO.LOITER,1,1
2026-08-12T16:35:36,1786527337,13.730329,100.787548,19.8,19.5,-0.1,8.9,-94.3,265.7,-0.35,-5.01,0.0,24.03,78,0,0,1
2026-08-12T16:35:37,1786527338,13.730325,100.787496,19.7,19.48,0.6,7.8,-94.0,266.0,-0.29,-3.55,0.0,24.03,78,0,0,1
2026-08-12T16:35:38,1786527339,13.730325,100.787496,19.7,19.48,0.6,7.2,-93.5,266.5,-0.29,-3.55,0.0,24.03,78,0,0,1
2026-08-12T16:35:39,1786527340,13.730324,100.787471,19.7,19.48,0.6,7.2,-93.5,266.5,-0.12,-2.08,0.0,24.03,78,0,0,1
2026-08-12T16:35:40,1786527341,13.730324,100.787471,19.7,19.48,-0.0,6.9,-93.7,266.3,-0.12,-2.08,0.0,24.03,78,0,0,1
2026-08-12T16:35:41,1786527342,13.730323,100.787462,19.6,19.48,-0.9,13.6,-95.4,264.6,-0.12,-2.08,0.0,24.03,78,0,0,1
2026-08-12T16:35:42,1786527343,13.730323,100.787461,19.5,19.23,0.4,-2.4,-95.4,264.6,-0.04,-0.3,0.57,24.03,78,0,0,1
2026-08-12T16:35:43,1786527344,13.730323,100.787461,19.5,19.23,-0.3,4.6,-94.8,265.2,-0.04,-0.3,0.57,24.03,78,0,0,1
2026-08-12T16:35:44,1786527345,13.730323,100.787456,18.7,18.49,-0.5,2.3,-95.1,264.9,-0.02,-0.19,0.77,24.03,78,0,0,1
2026-08-12T16:35:45,1786527346,13.730323,100.787456,18.7,18.49,-0.2,1.1,-95.1,264.9,-0.02,-0.19,0.77,24.03,78,0,0,1
2026-08-12T16:35:46,1786527347,13.730323,100.787455,18.0,17.72,-0.2,0.4,-95.0,265.0,-0.03,0.03,0.82,24.03,78,0,0,1
2026-08-12T16:35:47,1786527348,13.730323,100.787455,18.0,17.72,-0.2,0.4,-95.0,265.0,-0.03,0.03,0.82,24.03,78,0,0,1
2026-08-12T16:35:48,1786527349,13.730323,100.787454,17.2,16.91,-0.4,-0.1,-95.0,265.0,-0.06,0.02,0.81,24.02,78,0,0,1
2026-08-12T16:35:49,1786527350,13.730323,100.787454,17.2,16.91,-0.4,-0.1,-95.0,265.0,-0.06,0.02,0.81,24.02,78,0,0,1
2026-08-12T16:35:50,1786527351,13.730324,100.787454,16.6,16.91,-0.4,-0.1,-95.0,265.0,-0.06,0.02,0.81,24.02,78,AUTO.LAND,1,1
2026-08-12T16:35:51,1786527352,13.730323,100.787454,16.4,16.12,-0.1,-0.3,-95.0,265.0,-0.08,0.0,0.81,24.02,78,0,0,1
2026-08-12T16:35:52,1786527353,13.730323,100.787454,16.4,16.12,-0.1,-0.4,-95.0,265.0,-0.08,0.0,0.81,24.02,78,0,0,1
2026-08-12T16:35:53,1786527354,13.730323,100.787454,15.6,15.32,0.2,-0.5,-95.0,265.0,-0.06,-0.01,0.79,24.02,78,0,0,1
2026-08-12T16:35:54,1786527355,13.730323,100.787454,15.6,15.32,0.2,-0.6,-95.0,265.0,-0.06,-0.01,0.79,24.02,78,0,0,1
2026-08-12T16:35:55,1786527356,13.730323,100.787455,14.8,14.52,0.2,-0.6,-95.0,265.0,-0.02,-0.04,0.77,24.02,78,0,0,1
2026-08-12T16:35:56,1786527357,13.730323,100.787455,14.8,14.52,-0.0,-0.6,-95.0,265.0,-0.02,-0.04,0.77,24.02,78,0,0,1
2026-08-12T16:35:57,1786527358,13.730323,100.787454,14.2,14.52,0.2,-0.3,-95.0,265.0,-0.02,-0.04,0.77,24.02,78,0,0,1
2026-08-12T16:35:58,1786527359,13.730323,100.787454,14.0,13.74,-0.0,-0.2,-95.0,265.0,-0.01,-0.05,0.77,24.02,78,0,0,1
2026-08-12T16:35:59,1786527360,13.730323,100.787454,13.4,13.74,-0.3,-0.0,-95.0,265.0,-0.01,-0.05,0.77,24.02,78,AUTO.LAND,1,1
2026-08-12T16:36:00,1786527361,13.730323,100.787454,13.2,12.96,-0.3,-0.0,-95.0,265.0,-0.02,-0.02,0.78,24.02,78,0,0,1
2026-08-12T16:36:01,1786527362,13.730323,100.787454,13.2,12.96,-0.0,-0.2,-95.0,265.0,-0.02,-0.02,0.78,24.02,78,0,0,1
2026-08-12T16:36:02,1786527363,13.730323,100.787454,12.4,12.18,0.1,-0.4,-95.0,265.0,-0.03,0.0,0.78,24.02,78,0,0,1
2026-08-12T16:36:03,1786527364,13.730323,100.787454,12.4,12.18,0.1,-0.4,-95.0,265.0,-0.03,0.0,0.78,24.02,78,0,0,1
2026-08-12T16:36:04,1786527365,13.730323,100.787454,11.6,11.39,0.2,-0.3,-95.0,265.0,0.0,-0.01,0.8,24.01,78,0,0,1
2026-08-12T16:36:05,1786527366,13.730323,100.787454,11.6,11.39,0.1,-0.2,-95.0,265.0,0.0,-0.01,0.8,24.01,78,0,0,1
2026-08-12T16:36:06,1786527367,13.730322,100.787454,11.1,11.39,0.2,-0.1,-95.0,265.0,0.0,-0.01,0.8,24.01,78,0,0,1
2026-08-12T16:36:07,1786527368,13.730323,100.787454,10.8,10.59,-0.0,-0.2,-95.0,265.0,0.0,0.0,0.79,24.01,78,0,0,1
2026-08-12T16:36:08,1786527369,13.730323,100.787454,10.3,10.59,-0.1,-0.3,-95.0,265.0,0.0,0.0,0.79,24.01,78,AUTO.LAND,1,1
2026-08-12T16:36:09,1786527370,13.730323,100.787454,10.0,9.8,-0.1,-0.3,-95.0,265.0,0.0,0.0,0.8,24.01,78,0,0,1
2026-08-12T16:36:10,1786527371,13.730323,100.787454,10.0,9.8,-0.1,-0.1,-95.0,265.0,0.0,0.0,0.8,24.01,78,0,0,1
2026-08-12T16:36:11,1786527372,13.730323,100.787454,9.2,9.0,0.1,-0.3,-95.0,265.0,-0.01,0.0,0.8,24.01,78,0,0,1
2026-08-12T16:36:12,1786527373,13.730323,100.787454,9.2,9.0,0.1,-0.3,-95.0,265.0,-0.01,0.0,0.8,24.01,78,0,0,1
2026-08-12T16:36:13,1786527374,13.730323,100.787454,8.4,8.2,0.0,-0.3,-95.0,265.0,0.0,0.0,0.8,24.01,78,0,0,1
2026-08-12T16:36:14,1786527375,13.730323,100.787454,8.4,8.2,0.2,-0.2,-95.0,265.0,0.0,0.0,0.8,24.01,78,0,0,1
2026-08-12T16:36:15,1786527376,13.730322,100.787454,7.9,8.2,-0.0,-0.0,-95.0,265.0,0.0,0.0,0.8,24.0,78,AUTO.LAND,1,1
2026-08-12T16:36:16,1786527377,13.730323,100.787454,7.6,7.4,0.2,-0.2,-95.0,265.0,0.0,0.0,0.8,24.0,78,0,0,1
2026-08-12T16:36:17,1786527378,13.730323,100.787454,7.6,7.4,-0.0,-0.3,-95.0,265.0,0.0,0.0,0.8,24.0,78,0,0,1
2026-08-12T16:36:18,1786527379,13.730323,100.787454,6.9,6.63,-0.1,-0.3,-95.0,265.0,0.01,0.0,0.68,24.0,78,0,0,1
2026-08-12T16:36:19,1786527380,13.730323,100.787454,6.9,6.63,-0.1,-0.1,-95.0,265.0,0.01,0.0,0.68,24.0,78,0,0,1
2026-08-12T16:36:20,1786527381,13.730323,100.787454,6.3,6.03,-0.1,-0.1,-95.0,265.0,0.0,0.0,0.56,24.0,78,0,0,1
2026-08-12T16:36:21,1786527382,13.730323,100.787454,6.3,6.03,0.0,-0.3,-95.0,265.0,0.0,0.0,0.56,24.0,78,0,0,1
2026-08-12T16:36:22,1786527383,13.730322,100.787454,5.9,6.03,-0.1,-0.3,-95.0,265.0,0.0,0.0,0.56,24.0,78,0,0,1
2026-08-12T16:36:23,1786527384,13.730323,100.787454,5.8,5.53,-0.0,-0.2,-95.0,265.0,0.0,-0.01,0.43,24.0,78,0,0,1
2026-08-12T16:36:24,1786527385,13.730322,100.787454,5.5,5.53,-0.1,-0.2,-95.0,265.0,0.0,-0.01,0.43,24.0,78,AUTO.LAND,1,1
2026-08-12T16:36:25,1786527386,13.730323,100.787454,5.4,5.14,0.1,-0.2,-95.0,265.0,0.0,0.0,0.32,24.0,78,0,0,1
2026-08-12T16:36:26,1786527387,13.730323,100.787454,5.4,5.14,0.1,-0.3,-95.0,265.0,0.0,0.0,0.32,24.0,78,0,0,1
2026-08-12T16:36:27,1786527388,13.730323,100.787454,5.1,4.83,0.0,-0.1,-95.0,265.0,0.0,-0.01,0.29,24.0,77,0,0,1
2026-08-12T16:36:28,1786527389,13.730323,100.787454,5.1,4.83,0.1,-0.1,-95.0,265.0,0.0,-0.01,0.29,24.0,77,0,0,1
2026-08-12T16:36:29,1786527390,13.730323,100.787454,4.9,4.83,0.1,-0.1,-95.0,265.0,0.0,-0.01,0.29,24.0,77,AUTO.LAND,1,1
2026-08-12T16:36:30,1786527391,13.730323,100.787454,4.9,4.83,0.1,-0.1,-95.0,265.0,0.0,-0.01,0.29,24.0,77,0,0,1
2026-08-12T16:36:31,1786527392,13.730323,100.787454,4.5,4.83,0.1,-0.1,-95.0,265.0,0.0,-0.01,0.29,23.99,77,0,0,1
2026-08-12T16:36:32,1786527393,13.730323,100.787454,4.5,4.23,-0.2,-0.0,-95.0,265.0,0.0,0.01,0.29,23.99,77,0,0,1
2026-08-12T16:36:33,1786527394,13.730323,100.787454,4.2,4.23,0.1,-0.1,-95.0,265.0,0.0,0.01,0.29,23.99,77,AUTO.LAND,1,1
2026-08-12T16:36:34,1786527395,13.730323,100.787454,4.2,3.94,-0.0,-0.4,-95.0,265.0,0.0,0.01,0.28,23.99,77,0,0,1
2026-08-12T16:36:35,1786527396,13.730323,100.787454,4.2,3.94,0.0,-0.3,-95.0,265.0,0.0,0.01,0.28,23.99,77,0,0,1
2026-08-12T16:36:36,1786527397,13.730323,100.787454,3.9,3.65,0.2,-0.3,-95.0,265.0,0.0,0.0,0.3,23.99,77,0,0,1
2026-08-12T16:36:37,1786527398,13.730323,100.787454,3.9,3.65,0.2,-0.3,-95.0,265.0,0.0,0.0,0.3,23.99,77,0,0,1
2026-08-12T16:36:38,1786527399,13.730323,100.787454,3.6,3.35,-0.1,-0.2,-95.0,265.0,0.0,0.0,0.3,23.99,77,0,0,1
2026-08-12T16:36:39,1786527400,13.730323,100.787454,3.6,3.35,-0.1,-0.1,-95.0,265.0,0.0,0.0,0.3,23.99,77,0,0,1
2026-08-12T16:36:40,1786527401,13.730323,100.787454,3.4,3.35,0.1,-0.0,-95.0,265.0,0.0,0.0,0.3,23.99,77,AUTO.LAND,1,1
2026-08-12T16:36:41,1786527402,13.730323,100.787454,3.3,3.04,-0.1,-0.1,-95.0,265.0,0.0,0.0,0.29,23.99,77,0,0,1
2026-08-12T16:36:42,1786527403,13.730323,100.787454,3.3,3.04,-0.2,-0.4,-95.0,265.0,0.0,0.0,0.29,23.99,77,0,0,1
2026-08-12T16:36:43,1786527404,13.730323,100.787454,3.0,2.75,-0.2,-0.4,-95.0,265.0,-0.02,0.0,0.29,23.99,77,0,0,1
2026-08-12T16:36:44,1786527405,13.730323,100.787454,3.0,2.75,-0.2,-0.4,-95.0,265.0,-0.02,0.0,0.29,23.99,77,0,0,1
2026-08-12T16:36:45,1786527406,13.730323,100.787454,2.7,2.46,-0.1,-0.1,-95.0,265.0,-0.01,0.02,0.3,23.99,77,0,0,1
2026-08-12T16:36:46,1786527407,13.730323,100.787454,2.7,2.46,-0.1,-0.1,-95.0,265.0,-0.01,0.02,0.3,23.99,77,0,0,1
2026-08-12T16:36:47,1786527408,13.730323,100.787454,2.4,2.15,-0.2,-0.5,-95.0,265.0,-0.02,0.0,0.29,23.98,77,0,0,1
2026-08-12T16:36:48,1786527409,13.730323,100.787454,2.4,2.15,-0.1,-0.4,-95.0,265.0,-0.02,0.0,0.29,23.98,77,0,0,1
2026-08-12T16:36:49,1786527410,13.730323,100.787454,2.1,2.15,0.2,-0.2,-95.0,265.0,-0.02,0.0,0.29,23.98,77,0,0,1
2026-08-12T16:36:50,1786527411,13.730323,100.787454,2.1,1.86,0.1,-0.2,-95.0,265.0,-0.01,-0.01,0.29,23.98,77,0,0,1
2026-08-12T16:36:51,1786527412,13.730323,100.787454,1.9,1.86,0.1,-0.2,-95.0,265.0,-0.01,-0.01,0.29,23.98,77,AUTO.LAND,1,1
2026-08-12T16:36:52,1786527413,13.730323,100.787454,1.8,1.55,0.0,-0.3,-95.0,265.0,0.0,0.0,0.29,23.98,77,0,0,1
2026-08-12T16:36:53,1786527414,13.730323,100.787454,1.8,1.55,-0.0,-0.1,-95.0,265.0,0.0,0.0,0.29,23.98,77,0,0,1
2026-08-12T16:36:54,1786527415,13.730323,100.787454,1.5,1.26,0.1,-0.1,-95.0,265.0,0.0,0.0,0.3,23.98,77,0,0,1
2026-08-12T16:36:55,1786527416,13.730323,100.787454,1.5,1.26,-0.1,-0.2,-95.0,265.0,0.0,0.0,0.3,23.98,77,0,0,1
2026-08-12T16:36:56,1786527417,13.730323,100.787454,1.2,0.96,-0.1,-0.2,-95.0,265.0,0.0,0.0,0.3,23.98,77,0,0,1
2026-08-12T16:36:57,1786527418,13.730323,100.787454,1.2,0.96,0.2,-0.0,-95.0,265.0,0.0,0.0,0.3,23.98,77,0,0,1
2026-08-12T16:36:58,1786527419,13.730323,100.787454,1.2,0.96,0.1,-0.2,-95.0,265.0,0.0,0.0,0.3,23.98,77,0,0,1
2026-08-12T16:36:59,1786527420,13.730323,100.787454,1.2,0.96,-0.0,-0.4,-95.0,265.0,0.0,0.0,0.3,23.98,77,0,0,1
2026-08-12T16:37:00,1786527421,13.730323,100.787454,0.7,0.96,-0.4,-0.3,-95.0,265.0,0.0,0.0,0.3,23.97,77,AUTO.LAND,1,1
2026-08-12T16:37:01,1786527422,13.730323,100.787454,0.6,0.36,-0.2,-0.1,-95.0,265.0,-0.01,0.0,0.29,23.97,77,0,0,1
2026-08-12T16:37:02,1786527423,13.730323,100.787454,0.6,0.36,0.3,-0.2,-95.0,265.0,-0.01,0.0,0.29,23.97,77,0,0,1
2026-08-12T16:37:03,1786527424,13.730323,100.787454,0.3,0.06,0.1,-0.2,-95.0,265.0,0.0,0.0,0.29,23.97,77,0,0,1
2026-08-12T16:37:04,1786527425,13.730323,100.787454,0.3,0.06,-0.0,-0.3,-95.0,265.0,0.0,0.0,0.29,23.97,77,0,0,1
2026-08-12T16:37:05,1786527426,13.730323,100.787454,0.2,-0.05,-0.0,-0.2,-95.0,265.0,0.0,0.0,0.0,23.97,77,0,0,1
2026-08-12T16:37:06,1786527427,13.730323,100.787454,0.2,-0.05,-0.0,-0.2,-95.0,265.0,0.0,0.0,0.0,23.97,77,0,0,1
2026-08-12T16:37:07,1786527428,13.730323,100.787454,0.2,-0.03,0.0,-0.3,-95.0,265.0,-0.01,0.0,0.0,23.97,77,0,0,1
2026-08-12T16:37:08,1786527429,13.730323,100.787454,0.2,-0.03,-0.0,-0.2,-95.0,265.0,-0.01,0.0,0.0,23.97,77,0,0,1
2026-08-12T16:37:09,1786527430,13.730323,100.787454,0.2,-0.03,-0.0,-0.2,-95.0,265.0,-0.01,0.0,0.0,23.97,77,AUTO.LAND,1,0
2026-08-12T16:37:10,1786527431,13.730323,100.787454,0.2,-0.03,-0.0,-0.2,-95.0,265.0,-0.01,0.0,0.0,23.97,77,0,0,0
2026-08-12T16:37:11,1786527432,13.730323,100.787454,0.3,-0.03,-0.0,-0.2,-95.0,265.0,-0.01,0.0,0.0,24.9,78,AUTO.LOITER,0,0
2026-08-12T16:37:12,1786527433,13.730323,100.787454,0.2,0.01,-0.0,-0.2,-95.0,265.0,0.0,0.0,0.0,24.9,78,0,0,0
2026-08-12T16:37:13,1786527434,13.730323,100.787454,0.2,0.01,0.0,-0.2,-95.0,265.0,0.0,0.0,0.0,24.9,78,0,0,0
2026-08-12T16:37:14,1786527435,13.730323,100.787454,0.2,0.01,0.0,-0.2,-95.0,265.0,0.0,0.01,0.0,24.9,81,0,0,0
2026-08-12T16:37:15,1786527436,13.730323,100.787454,0.2,0.01,0.0,-0.2,-95.0,265.0,0.0,0.01,0.0,24.9,81,0,0,0
2026-08-12T16:37:16,1786527437,13.730323,100.787454,0.2,0.01,0.0,-0.2,-95.0,265.0,0.0,0.0,0.0,24.9,82,0,0,0
2026-08-12T16:37:17,1786527438,13.730323,100.787454,0.2,0.01,0.0,-0.2,-95.0,265.0,0.0,0.0,0.0,24.9,82,0,0,0
2026-08-12T16:37:18,1786527439,13.730323,100.787454,0.2,0.01,0.0,-0.2,-95.0,265.0,0.0,0.0,0.0,24.9,83,0,0,0
2026-08-12T16:37:19,1786527440,13.730323,100.787454,0.2,0.0,0.0,-0.2,-95.0,265.0,0.01,0.0,0.0,24.9,83,0,0,0
2026-08-12T16:37:20,1786527441,13.730322,100.787454,0.3,0.0,0.0,-0.2,-95.0,265.0,0.01,0.0,0.0,24.9,83,AUTO.LOITER,0,0
2026-08-12T16:37:21,1786527442,13.730322,100.787454,0.3,0.0,0.0,-0.2,-95.0,265.0,0.01,0.0,0.0,24.9,83,0,0,0
2026-08-12T16:37:22,1786527443,13.730322,100.787454,0.3,0.0,0.0,-0.2,-95.0,265.0,0.01,0.0,0.0,24.9,83,0,0,0
2026-08-12T16:37:23,1786527444,13.730323,100.787454,0.2,0.02,0.0,-0.2,-95.0,265.0,0.0,0.0,0.0,24.9,83,0,0,0
2026-08-12T16:37:24,1786527445,13.730323,100.787454,0.2,0.02,0.0,-0.2,-95.0,265.0,0.0,0.0,0.0,24.9,83,0,0,0
2026-08-12T16:37:25,1786527446,13.730323,100.787454,0.2,0.02,0.0,-0.2,-95.0,265.0,0.0,0.0,0.0,24.9,84,0,0,0
2026-08-12T16:37:26,1786527447,13.730323,100.787454,0.2,0.02,-0.0,-0.2,-95.0,265.0,0.0,0.0,0.0,24.9,84,0,0,0
2026-08-12T16:37:27,1786527448,13.730323,100.787455,0.3,0.02,-0.0,-0.2,-95.0,265.0,0.0,0.0,0.0,24.9,84,0,0,0
2026-08-12T16:37:28,1786527449,13.730323,100.787455,0.3,0.02,-0.0,-0.2,-95.0,265.0,0.0,0.0,0.0,24.9,84,0,0,0
2026-08-12T16:37:29,1786527450,13.730323,100.787454,0.2,0.01,-0.0,-0.2,-95.0,265.0,0.0,0.0,0.0,24.9,84,0,0,0
2026-08-12T16:37:30,1786527451,13.730323,100.787454,0.2,0.01,-0.0,-0.2,-95.0,265.0,0.0,0.0,0.0,24.9,84,0,0,0
2026-08-12T16:37:31,1786527452,13.730323,100.787454,0.2,0.01,-0.0,-0.2,-95.0,265.0,0.0,0.0,0.0,24.9,84,0,0,0
2026-08-12T16:37:32,1786527453,13.730323,100.787454,0.2,0.02,-0.0,-0.2,-95.0,265.0,-0.01,0.01,0.0,24.9,84,0,0,0
2026-08-12T16:37:33,1786527454,13.730323,100.787454,0.3,0.02,-0.0,-0.2,-95.0,265.0,-0.01,0.01,0.0,24.9,84,AUTO.LOITER,0,0
2026-08-12T16:37:34,1786527455,13.730322,100.787454,0.2,0.03,-0.0,-0.2,-95.0,265.0,-0.02,0.0,0.0,24.9,84,0,0,0
2026-08-12T16:37:35,1786527456,13.730322,100.787454,0.2,0.03,-0.0,-0.2,-95.1,264.9,-0.02,0.0,0.0,24.9,84,0,0,0
2026-08-12T16:37:36,1786527457,13.730322,100.787454,0.2,0.04,-0.0,-0.2,-95.1,264.9,-0.02,0.0,0.0,24.9,84,0,0,0
2026-08-12T16:37:37,1786527458,13.730322,100.787454,0.2,0.04,0.0,-0.2,-95.1,264.9,-0.02,0.0,0.0,24.9,84,0,0,0
2026-08-12T16:37:38,1786527459,13.730323,100.787454,0.3,0.04,0.0,-0.2,-95.1,264.9,0.0,-0.01,0.0,24.9,84,0,0,0
2026-08-12T16:37:39,1786527460,13.730323,100.787454,0.3,0.04,0.0,-0.2,-95.1,264.9,0.0,-0.01,0.0,24.9,84,0,0,0
2026-08-12T16:37:40,1786527461,13.730323,100.787454,0.3,0.04,0.0,-0.2,-95.1,264.9,0.0,-0.01,0.0,24.9,84,0,0,0
2026-08-12T16:37:41,1786527462,13.730323,100.787454,0.2,0.04,0.0,-0.2,-95.1,264.9,0.0,-0.01,0.0,24.9,84,0,0,0
2026-08-12T16:37:42,1786527463,13.730323,100.787454,0.3,0.04,0.0,-0.2,-95.1,264.9,0.0,-0.01,0.0,24.9,84,AUTO.LOITER,0,0
2026-08-12T16:37:43,1786527464,13.730323,100.787454,0.2,0.03,0.0,-0.2,-95.1,264.9,0.0,0.0,0.0,24.9,84,0,0,0
2026-08-12T16:37:44,1786527465,13.730323,100.787454,0.2,0.03,0.0,-0.2,-95.1,264.9,0.0,0.0,0.0,24.9,84,0,0,0
2026-08-12T16:37:45,1786527466,13.730323,100.787454,0.2,0.02,0.0,-0.2,-95.1,264.9,0.02,0.0,0.0,24.9,84,AUTO.LOITER,0,0
2026-08-12T16:37:46,1786527467,13.730323,100.787454,0.2,0.02,0.0,-0.2,-95.1,264.9,0.02,0.0,0.0,24.9,84,AUTO.LOITER,0,0
2026-08-12T16:37:47,1786527468,13.730323,100.787454,0.2,0.0,0.0,-0.2,-95.1,264.9,0.0,0.0,0.0,24.9,84,0,0,0
2026-08-12T16:37:48,1786527469,13.730323,100.787454,0.2,0.0,0.0,-0.2,-95.1,264.9,0.0,0.0,0.0,24.9,84,0,0,0
2026-08-12T16:37:49,1786527470,13.730323,100.787454,0.2,0.0,0.0,-0.2,-95.1,264.9,0.0,0.0,0.0,24.9,84,0,0,0
2026-08-12T16:37:50,1786527471,13.730323,100.787454,0.2,0.0,0.0,-0.2,-95.1,264.9,0.0,0.0,0.0,24.9,84,0,0,0
2026-08-12T16:37:51,1786527472,13.730323,100.787454,0.2,0.0,0.0,-0.2,-95.1,264.9,0.0,0.0,0.0,24.9,84,0,0,0
2026-08-12T16:37:52,1786527473,13.730323,100.787454,0.2,0.01,0.0,-0.2,-95.1,264.9,0.01,0.0,0.0,24.9,84,0,0,0
2026-08-12T16:37:53,1786527474,13.730323,100.787454,0.2,0.01,0.0,-0.2,-95.1,264.9,0.01,0.0,0.0,24.9,84,AUTO.LOITER,0,0
2026-08-12T16:37:54,1786527475,13.730323,100.787454,0.2,0.01,0.0,-0.2,-95.1,264.9,0.0,-0.01,0.0,24.9,84,0,0,0
2026-08-12T16:37:55,1786527476,13.730323,100.787454,0.2,0.01,0.0,-0.2,-95.1,264.9,0.0,-0.01,0.0,24.9,84,0,0,0
2026-08-12T16:37:56,1786527477,13.730323,100.787454,0.2,0.01,0.0,-0.2,-95.1,264.9,0.0,-0.01,0.0,24.9,84,0,0,0
2026-08-12T16:37:57,1786527478,13.730323,100.787454,0.2,0.01,0.0,-0.2,-95.1,264.9,0.0,-0.01,0.0,24.9,84,0,0,0
2026-08-12T16:37:58,1786527479,13.730323,100.787454,0.2,0.01,0.0,-0.2,-95.1,264.9,0.0,-0.01,0.0,24.9,84,0,0,0
2026-08-12T16:37:59,1786527480,13.730323,100.787454,0.2,0.01,-0.0,-0.2,-95.1,264.9,0.0,-0.01,0.0,24.9,84,0,0,0
2026-08-12T16:38:00,1786527481,13.730323,100.787454,0.2,0.01,-0.0,-0.2,-95.1,264.9,0.0,-0.01,0.0,24.9,84,AUTO.LOITER,0,0
2026-08-12T16:38:01,1786527482,13.730323,100.787454,0.2,0.01,-0.0,-0.2,-95.1,264.9,0.0,-0.01,0.0,24.9,84,0,0,0
2026-08-12T16:38:02,1786527483,13.730323,100.787454,0.2,0.01,-0.0,-0.2,-95.1,264.9,0.0,-0.01,0.0,24.9,84,0,0,0
2026-08-12T16:38:03,1786527484,13.730323,100.787454,0.2,0.01,-0.0,-0.2,-95.1,264.9,-0.01,0.0,0.0,24.9,84,0,0,0
2026-08-12T16:38:04,1786527485,13.730323,100.787454,0.3,0.01,-0.0,-0.2,-95.1,264.9,-0.01,0.0,0.0,24.9,84,AUTO.LOITER,0,0
2026-08-12T16:38:05,1786527486,13.730323,100.787454,0.2,0.02,-0.0,-0.2,-95.1,264.9,-0.01,0.0,0.0,24.9,84,0,0,0
2026-08-12T16:38:06,1786527487,13.730323,100.787454,0.2,0.02,-0.0,-0.2,-95.1,264.9,-0.01,0.0,0.0,24.9,84,0,0,0
2026-08-12T16:38:07,1786527488,13.730322,100.787454,0.2,0.01,-0.0,-0.2,-95.1,264.9,-0.02,0.0,0.0,24.9,84,AUTO.LOITER,0,0
2026-08-12T16:38:08,1786527489,13.730322,100.787454,0.2,0.01,-0.0,-0.2,-95.1,264.9,-0.02,0.0,0.0,24.9,84,AUTO.LOITER,0,0
2026-08-12T16:38:09,1786527490,13.730322,100.787455,0.2,-0.0,-0.0,-0.2,-95.1,264.9,-0.01,0.01,0.0,24.9,84,0,0,0
2026-08-12T16:38:10,1786527491,13.730322,100.787455,0.2,-0.0,0.0,-0.2,-95.1,264.9,-0.01,0.01,0.0,24.9,84,0,0,0
2026-08-12T16:38:11,1786527492,13.730323,100.787455,0.2,0.02,0.0,-0.2,-95.1,264.9,0.0,0.01,0.0,24.9,84,0,0,0
2026-08-12T16:38:12,1786527493,13.730323,100.787455,0.2,0.02,0.0,-0.2,-95.1,264.9,0.0,0.01,0.0,24.9,84,0,0,0
2026-08-12T16:38:13,1786527494,13.730323,100.787455,0.2,0.02,-0.0,-0.2,-95.1,264.9,0.0,0.02,0.0,24.9,84,0,0,0
2026-08-12T16:38:14,1786527495,13.730323,100.787455,0.2,0.02,-0.0,-0.2,-95.1,264.9,0.0,0.02,0.0,24.9,84,0,0,0
2026-08-12T16:38:15,1786527496,13.730323,100.787454,0.2,0.02,-0.0,-0.2,-95.1,264.9,0.0,0.02,0.0,24.9,84,0,0,0
2026-08-12T16:38:16,1786527497,13.730323,100.787455,0.2,0.03,-0.0,-0.2,-95.1,264.9,0.0,0.01,0.0,24.9,84,0,0,0
2026-08-12T16:38:17,1786527498,13.730323,100.787454,0.3,0.03,-0.0,-0.2,-95.1,264.9,0.0,0.01,0.0,24.9,84,AUTO.LOITER,0,0
2026-08-12T16:38:18,1786527499,13.730323,100.787454,0.3,0.05,-0.0,-0.2,-95.1,264.9,0.0,0.0,0.0,24.9,84,0,0,0
2026-08-12T16:38:19,1786527500,13.730323,100.787454,0.3,0.05,-0.0,-0.2,-95.1,264.9,0.0,0.0,0.0,24.9,84,0,0,0
2026-08-12T16:38:20,1786527501,13.730323,100.787454,0.2,0.04,-0.0,-0.2,-95.1,264.9,0.0,-0.01,0.0,24.9,84,0,0,0
2026-08-12T16:38:21,1786527502,13.730323,100.787454,0.2,0.04,-0.0,-0.2,-95.1,264.9,0.0,-0.01,0.0,24.9,84,0,0,0
2026-08-12T16:38:22,1786527503,13.730323,100.787454,0.2,0.04,-0.0,-0.2,-95.1,264.9,0.0,0.0,0.0,24.9,84,0,0,0
2026-08-12T16:38:23,1786527504,13.730323,100.787454,0.2,0.04,-0.0,-0.2,-95.1,264.9,0.0,0.0,0.0,24.9,84,0,0,0
2026-08-12T16:38:24,1786527505,13.730323,100.787454,0.2,0.04,-0.0,-0.2,-95.1,264.9,0.0,0.0,0.0,24.9,84,0,0,0
2026-08-12T16:38:25,1786527506,13.730323,100.787454,0.2,0.04,0.0,-0.2,-95.1,264.9,0.0,0.0,0.0,24.9,84,0,0,0
2026-08-12T16:38:26,1786527507,13.730322,100.787454,0.2,0.04,-0.0,-0.2,-95.1,264.9,0.0,0.0,0.0,24.9,84,0,0,0
2026-08-12T16:38:27,1786527508,13.730323,100.787454,0.2,0.03,0.0,-0.2,-95.1,264.9,0.0,0.0,0.0,24.9,84,0,0,0
2026-08-12T16:38:28,1786527509,13.730323,100.787455,0.2,0.03,0.0,-0.2,-95.1,264.9,0.0,0.0,0.0,24.9,84,AUTO.LOITER,0,0
2026-08-12T16:38:29,1786527510,13.730323,100.787454,0.2,0.02,0.0,-0.2,-95.1,264.9,0.0,0.0,0.0,24.9,84,0,0,0
2026-08-12T16:38:30,1786527511,13.730323,100.787454,0.2,0.02,0.0,-0.2,-95.1,264.9,0.0,0.0,0.0,24.9,84,0,0,0
2026-08-12T16:38:31,1786527512,13.730323,100.787454,0.2,0.02,-0.0,-0.2,-95.1,264.9,0.0,0.01,0.0,24.9,84,0,0,0
2026-08-12T16:38:32,1786527513,13.730323,100.787454,0.2,0.02,0.0,-0.2,-95.1,264.9,0.0,0.01,0.0,24.9,84,0,0,0
2026-08-12T16:38:33,1786527514,13.730323,100.787454,0.2,0.02,0.0,-0.2,-95.1,264.9,0.0,0.01,0.0,24.9,84,0,0,0
2026-08-12T16:38:34,1786527515,13.730323,100.787454,0.2,0.02,-0.0,-0.2,-95.1,264.9,0.0,0.01,0.0,24.9,84,0,0,0
2026-08-12T16:38:35,1786527516,13.730323,100.787454,0.2,0.02,-0.0,-0.2,-95.1,264.9,0.0,0.0,0.0,24.9,84,0,0,0
2026-08-12T16:38:36,1786527517,13.730323,100.787454,0.2,0.02,-0.0,-0.2,-95.1,264.9,0.0,0.0,0.0,24.9,84,0,0,0
2026-08-12T16:38:37,1786527518,13.730323,100.787454,0.2,0.02,0.0,-0.2,-95.1,264.9,0.0,0.0,0.0,24.9,84,0,0,0
2026-08-12T16:38:38,1786527519,13.730323,100.787454,0.2,0.02,0.0,-0.2,-95.1,264.9,0.0,0.0,0.0,24.9,84,0,0,0
2026-08-12T16:38:39,1786527520,13.730323,100.787454,0.2,0.02,0.0,-0.2,-95.1,264.9,0.0,0.0,0.0,24.9,84,AUTO.LOITER,0,0
2026-08-12T16:38:40,1786527521,13.730323,100.787454,0.2,0.01,-0.0,-0.2,-95.1,264.9,0.0,0.0,0.0,24.9,84,0,0,0
2026-08-12T16:38:41,1786527522,13.730323,100.787454,0.2,0.01,-0.0,-0.2,-95.1,264.9,0.0,0.0,0.0,24.9,84,0,0,0
2026-08-12T16:38:42,1786527523,13.730323,100.787454,0.2,-0.01,-0.0,-0.2,-95.1,264.9,0.0,-0.01,0.0,24.9,84,0,0,0
2026-08-12T16:38:43,1786527524,13.730323,100.787454,0.2,-0.01,-0.0,-0.2,-95.1,264.9,0.0,-0.01,0.0,24.9,84,0,0,0
2026-08-12T16:38:44,1786527525,13.730323,100.787454,0.2,-0.04,-0.0,-0.2,-95.1,264.9,-0.01,-0.01,0.01,24.9,84,0,0,0
2026-08-12T16:38:45,1786527526,13.730323,100.787454,0.2,-0.04,-0.0,-0.2,-95.1,264.9,-0.01,-0.01,0.01,24.9,84,0,0,0
2026-08-12T16:38:46,1786527527,13.730322,100.787454,0.2,-0.04,-0.0,-0.2,-95.1,264.9,-0.02,0.0,0.01,24.9,84,0,0,0
2026-08-12T16:38:47,1786527528,13.730322,100.787454,0.2,-0.04,-0.0,-0.2,-95.1,264.9,-0.02,0.0,0.01,24.9,84,0,0,0
2026-08-12T16:38:48,1786527529,13.730323,100.787454,0.2,-0.04,-0.0,-0.2,-95.1,264.9,-0.02,0.0,0.01,24.9,84,0,0,0
2026-08-12T16:38:49,1786527530,13.730323,100.787454,0.2,-0.03,-0.0,-0.2,-95.1,264.9,-0.01,0.0,0.0,24.9,84,0,0,0
2026-08-12T16:38:50,1786527531,13.730323,100.787455,0.1,-0.03,-0.0,-0.2,-95.1,264.9,-0.01,0.0,0.0,24.9,84,AUTO.LOITER,0,0
2026-08-12T16:38:51,1786527532,13.730323,100.787454,0.2,-0.03,-0.0,-0.2,-95.1,264.9,0.0,0.01,0.0,24.9,84,AUTO.LOITER,0,0
2026-08-12T16:38:52,1786527533,13.730323,100.787454,0.2,-0.03,0.0,-0.2,-95.1,264.9,0.0,0.01,0.0,24.9,84,AUTO.LOITER,0,0
2026-08-12T16:38:53,1786527534,13.730323,100.787454,0.2,-0.03,0.0,-0.2,-95.1,264.9,0.0,0.01,0.0,24.9,84,0,0,0
2026-08-12T16:38:54,1786527535,13.730323,100.787454,0.2,-0.03,0.0,-0.2,-95.1,264.9,0.0,0.01,0.0,24.9,84,0,0,0
2026-08-12T16:38:55,1786527536,13.730323,100.787454,0.2,0.01,0.0,-0.2,-95.1,264.9,0.0,0.01,0.0,24.9,84,0,0,0
2026-08-12T16:38:56,1786527537,13.730323,100.787454,0.2,0.01,0.0,-0.2,-95.1,264.9,0.0,0.01,0.0,24.9,84,0,0,0
2026-08-12T16:38:57,1786527538,13.730323,100.787454,0.2,0.01,-0.0,-0.2,-95.1,264.9,-0.01,0.01,0.0,24.9,84,0,0,0
2026-08-12T16:38:58,1786527539,13.730323,100.787454,0.2,0.01,-0.0,-0.2,-95.1,264.9,-0.01,0.01,0.0,24.9,84,0,0,0
2026-08-12T16:38:59,1786527540,13.730323,100.787454,0.2,0.01,-0.0,-0.2,-95.1,264.9,-0.01,0.01,0.0,24.9,84,0,0,0
2026-08-12T16:39:00,1786527541,13.730322,100.787454,0.2,0.01,-0.0,-0.2,-95.1,264.9,-0.03,0.0,0.0,24.9,84,0,0,0
2026-08-12T16:39:01,1786527542,13.730323,100.787454,0.2,0.01,-0.0,-0.2,-95.1,264.9,-0.03,0.0,0.0,24.9,84,AUTO.LOITER,0,0
2026-08-12T16:39:02,1786527543,13.730322,100.787454,0.2,0.01,-0.0,-0.2,-95.1,264.9,-0.02,0.0,0.0,24.9,84,0,0,0
2026-08-12T16:39:03,1786527544,13.730322,100.787454,0.2,0.01,-0.0,-0.2,-95.1,264.9,-0.02,0.0,0.0,24.9,84,0,0,0
2026-08-12T16:39:04,1786527545,13.730322,100.787454,0.2,0.01,-0.0,-0.2,-95.1,264.9,-0.01,0.0,0.0,24.9,84,0,0,0
2026-08-12T16:39:05,1786527546,13.730322,100.787454,0.2,0.01,-0.0,-0.2,-95.1,264.9,-0.01,0.0,0.0,24.9,84,0,0,0
2026-08-12T16:39:06,1786527547,13.730322,100.787454,0.2,0.02,-0.0,-0.2,-95.1,264.9,0.0,0.0,0.0,24.9,84,0,0,0
2026-08-12T16:39:07,1786527548,13.730322,100.787454,0.2,0.02,-0.0,-0.2,-95.1,264.9,0.0,0.0,0.0,24.9,84,0,0,0
2026-08-12T16:39:08,1786527549,13.730322,100.787454,0.2,0.02,-0.0,-0.2,-95.1,264.9,0.0,0.0,0.0,24.9,84,0,0,0
2026-08-12T16:39:09,1786527550,13.730322,100.787454,0.2,0.02,-0.0,-0.2,-95.1,264.9,0.0,0.0,0.0,24.9,84,0,0,0
2026-08-12T16:39:10,1786527551,13.730323,100.787454,0.3,0.02,-0.0,-0.2,-95.1,264.9,0.0,0.0,0.0,24.9,84,0,0,0
2026-08-12T16:39:11,1786527552,13.730322,100.787454,0.2,0.03,-0.0,-0.2,-95.1,264.9,0.0,0.0,0.0,24.9,84,0,0,0
2026-08-12T16:39:12,1786527553,13.730323,100.787454,0.2,0.03,0.0,-0.2,-95.1,264.9,0.0,0.0,0.0,24.9,84,AUTO.LOITER,0,0
2026-08-12T16:39:13,1786527554,13.730323,100.787454,0.2,0.03,0.0,-0.2,-95.1,264.9,0.0,0.0,0.0,24.9,84,0,0,0
2026-08-12T16:39:14,1786527555,13.730323,100.787454,0.2,0.03,0.0,-0.2,-95.1,264.9,0.0,0.0,0.0,24.9,84,0,0,0
2026-08-12T16:39:15,1786527556,13.730323,100.787454,0.2,0.01,0.0,-0.2,-95.1,264.9,0.01,0.0,0.0,24.9,84,0,0,0
2026-08-12T16:39:16,1786527557,13.730323,100.787454,0.2,0.01,0.0,-0.2,-95.1,264.9,0.01,0.0,0.0,24.9,84,0,0,0
2026-08-12T16:39:17,1786527558,13.730323,100.787454,0.2,0.01,0.0,-0.2,-95.1,264.9,0.01,0.0,0.0,24.9,84,0,0,0
2026-08-12T16:39:18,1786527559,13.730323,100.787454,0.2,0.01,0.0,-0.2,-95.1,264.9,0.01,0.0,0.0,24.9,84,0,0,0
2026-08-12T16:39:19,1786527560,13.730323,100.787454,0.2,0.0,0.0,-0.2,-95.1,264.9,0.0,-0.01,0.0,24.9,84,AUTO.LOITER,0,0
2026-08-12T16:39:20,1786527561,13.730323,100.787454,0.2,0.0,-0.0,-0.2,-95.1,264.9,0.0,-0.01,0.0,24.9,84,0,0,0
2026-08-12T16:39:21,1786527562,13.730323,100.787454,0.2,0.0,-0.0,-0.2,-95.1,264.9,0.0,-0.01,0.0,24.9,84,0,0,0
2026-08-12T16:39:22,1786527563,13.730323,100.787454,0.2,-0.0,-0.0,-0.2,-95.1,264.9,0.0,0.0,0.0,24.9,84,0,0,0
2026-08-12T16:39:23,1786527564,13.730323,100.787454,0.2,-0.0,0.0,-0.2,-95.1,264.9,0.0,0.0,0.0,24.9,84,AUTO.LOITER,0,0
2026-08-12T16:39:24,1786527565,13.730323,100.787454,0.2,0.0,0.0,-0.2,-95.1,264.9,0.0,0.0,0.0,24.9,84,0,0,0
2026-08-12T16:39:25,1786527566,13.730323,100.787454,0.2,0.0,0.0,-0.2,-95.1,264.9,0.0,0.0,0.0,24.9,84,0,0,0
2026-08-12T16:39:26,1786527567,13.730323,100.787454,0.2,0.0,0.0,-0.2,-95.1,264.9,0.0,0.0,0.0,24.9,84,0,0,0
2026-08-12T16:39:27,1786527568,13.730323,100.787454,0.2,0.0,0.0,-0.2,-95.1,264.9,0.0,0.0,0.0,24.9,84,0,0,0
2026-08-12T16:39:28,1786527569,13.730323,100.787454,0.2,0.01,0.0,-0.2,-95.1,264.9,0.0,0.0,0.0,24.9,84,0,0,0
2026-08-12T16:39:29,1786527570,13.730323,100.787454,0.2,0.01,0.0,-0.2,-95.1,264.9,0.0,0.0,0.0,24.9,84,0,0,0
2026-08-12T16:39:30,1786527571,13.730323,100.787454,0.2,0.01,0.0,-0.2,-95.1,264.9,0.0,0.0,0.0,24.9,84,0,0,0
2026-08-12T16:39:31,1786527572,13.730323,100.787454,0.2,0.01,0.0,-0.2,-95.1,264.9,0.0,0.0,0.0,24.9,84,0,0,0
2026-08-12T16:39:32,1786527573,13.730323,100.787455,0.2,0.01,0.0,-0.2,-95.1,264.9,0.0,0.0,0.0,24.9,84,0,0,0
2026-08-12T16:39:33,1786527574,13.730323,100.787454,0.2,0.0,0.0,-0.2,-95.1,264.9,0.0,0.0,0.0,24.9,84,0,0,0
2026-08-12T16:39:34,1786527575,13.730323,100.787454,0.2,0.0,-0.0,-0.2,-95.1,264.9,0.0,0.0,0.0,24.9,84,AUTO.LOITER,0,0
2026-08-12T16:39:35,1786527576,13.730323,100.787454,0.2,0.0,-0.0,-0.2,-95.1,264.9,0.0,0.0,0.0,24.9,84,0,0,0
2026-08-12T16:39:36,1786527577,13.730323,100.787454,0.2,0.0,-0.0,-0.2,-95.1,264.9,0.0,0.0,0.0,24.9,84,0,0,0
2026-08-12T16:39:37,1786527578,13.730323,100.787454,0.2,0.02,-0.0,-0.2,-95.1,264.9,0.0,-0.01,0.0,24.9,84,0,0,0
2026-08-12T16:39:38,1786527579,13.730323,100.787454,0.2,0.02,-0.0,-0.2,-95.1,264.9,0.0,-0.01,0.0,24.9,84,0,0,0
2026-08-12T16:39:39,1786527580,13.730323,100.787454,0.2,0.03,-0.0,-0.2,-95.1,264.9,0.0,0.0,0.0,24.9,84,0,0,0
2026-08-12T16:39:40,1786527581,13.730323,100.787454,0.2,0.03,-0.0,-0.2,-95.1,264.9,0.0,0.0,0.0,24.9,84,0,0,0
2026-08-12T16:39:41,1786527582,13.730323,100.787454,0.2,0.03,-0.0,-0.2,-95.1,264.9,0.0,0.0,0.0,24.9,84,AUTO.LOITER,0,0
2026-08-12T16:39:42,1786527583,13.730323,100.787454,0.2,0.03,-0.0,-0.2,-95.1,264.9,0.0,0.0,0.0,24.9,84,AUTO.LOITER,0,0
2026-08-12T16:39:43,1786527584,13.730323,100.787454,0.2,0.04,-0.0,-0.2,-95.1,264.9,0.0,0.0,0.0,24.9,84,0,0,0
2026-08-12T16:39:44,1786527585,13.730323,100.787454,0.2,0.04,0.0,-0.2,-95.1,264.9,0.0,0.0,0.0,24.9,84,0,0,0
2026-08-12T16:39:45,1786527586,13.730323,100.787454,0.2,0.04,0.0,-0.2,-95.1,264.9,0.0,0.0,0.0,24.9,84,0,0,0
2026-08-12T16:39:46,1786527587,13.730323,100.787454,0.2,0.04,0.0,-0.2,-95.1,264.9,0.01,0.0,0.0,24.9,84,0,0,0
2026-08-12T16:39:47,1786527588,13.730323,100.787454,0.2,0.04,0.0,-0.2,-95.1,264.9,0.01,0.0,0.0,24.9,84,AUTO.LOITER,0,0
2026-08-12T16:39:48,1786527589,13.730323,100.787454,0.2,0.02,0.0,-0.2,-95.1,264.9,0.0,0.0,0.0,24.9,84,0,0,0
2026-08-12T16:39:49,1786527590,13.730323,100.787454,0.2,0.02,0.0,-0.2,-95.1,264.9,0.0,0.0,0.0,24.9,84,0,0,0
2026-08-12T16:39:50,1786527591,13.730323,100.787454,0.2,-0.0,-0.0,-0.2,-95.1,264.9,0.0,0.0,0.0,24.9,84,AUTO.LOITER,0,0
2026-08-12T16:39:51,1786527592,13.730323,100.787454,0.2,-0.0,-0.0,-0.2,-95.1,264.9,0.0,0.0,0.0,24.9,84,0,0,0
2026-08-12T16:39:52,1786527593,13.730323,100.787454,0.2,-0.01,-0.0,-0.2,-95.1,264.9,0.0,0.0,0.0,24.9,84,0,0,0
2026-08-12T16:39:53,1786527594,13.730323,100.787454,0.2,-0.01,0.0,-0.2,-95.1,264.9,0.0,0.0,0.0,24.9,84,0,0,0
2026-08-12T16:39:54,1786527595,13.730323,100.787454,0.2,0.01,0.0,-0.2,-95.1,264.9,0.0,0.0,0.0,24.9,84,0,0,0
2026-08-12T16:39:55,1786527596,13.730323,100.787454,0.2,0.01,0.0,-0.2,-95.1,264.9,0.0,0.0,0.0,24.9,84,0,0,0
2026-08-12T16:39:56,1786527597,13.730323,100.787454,0.2,0.01,0.0,-0.2,-95.1,264.9,0.0,0.0,0.0,24.9,84,AUTO.LOITER,0,0
2026-08-12T16:39:57,1786527598,13.730323,100.787454,0.2,0.01,0.0,-0.2,-95.1,264.9,0.01,0.0,0.0,24.9,84,0,0,0
2026-08-12T16:39:58,1786527599,13.730323,100.787454,0.2,0.01,0.0,-0.2,-95.1,264.9,0.01,0.0,0.0,24.9,84,AUTO.LOITER,0,0
2026-08-12T16:39:59,1786527600,13.730323,100.787454,0.2,0.0,0.0,-0.2,-95.1,264.9,0.02,0.01,0.0,24.9,84,0,0,0
2026-08-12T16:40:00,1786527601,13.730323,100.787454,0.2,0.0,0.0,-0.2,-95.1,264.9,0.02,0.01,0.0,24.9,84,0,0,0
2026-08-12T16:40:01,1786527602,13.730323,100.787454,0.2,0.0,0.0,-0.2,-95.1,264.9,0.02,0.01,0.0,24.9,84,0,0,0
2026-08-12T16:40:02,1786527603,13.730323,100.787454,0.2,0.0,0.0,-0.2,-95.1,264.9,0.02,0.01,0.0,24.9,84,0,0,0
2026-08-12T16:40:03,1786527604,13.730323,100.787454,0.2,0.01,-0.0,-0.2,-95.1,264.9,0.0,0.0,0.0,24.9,84,0,0,0
2026-08-12T16:40:04,1786527605,13.730323,100.787454,0.2,0.01,-0.0,-0.2,-95.1,264.9,0.0,0.0,0.0,24.9,84,0,0,0
2026-08-12T16:40:05,1786527606,13.730323,100.787454,0.2,-0.0,-0.0,-0.2,-95.1,264.9,0.0,-0.01,0.0,24.9,84,0,0,0
2026-08-12T16:40:06,1786527607,13.730323,100.787454,0.2,-0.0,-0.0,-0.2,-95.1,264.9,0.0,-0.01,0.0,24.9,84,0,0,0
2026-08-12T16:40:07,1786527608,13.730323,100.787454,0.2,0.0,-0.0,-0.2,-95.1,264.9,-0.01,-0.01,0.0,24.9,84,0,0,0
2026-08-12T16:40:08,1786527609,13.730323,100.787454,0.2,0.0,-0.0,-0.2,-95.1,264.9,-0.01,-0.01,0.0,24.9,84,0,0,0
2026-08-12T16:40:09,1786527610,13.730323,100.787454,0.2,0.0,-0.0,-0.2,-95.1,264.9,-0.01,-0.01,0.0,24.9,84,AUTO.LOITER,0,0
2026-08-12T16:40:10,1786527611,13.730322,100.787454,0.2,0.03,-0.0,-0.2,-95.1,264.9,-0.01,-0.02,0.0,24.9,84,AUTO.LOITER,0,0
2026-08-12T16:40:11,1786527612,13.730322,100.787454,0.2,0.03,-0.0,-0.2,-95.1,264.9,-0.01,-0.02,0.0,24.9,84,AUTO.LOITER,0,0
2026-08-12T16:40:12,1786527613,13.730323,100.787454,0.2,0.04,0.0,-0.2,-95.1,264.9,0.0,0.0,0.0,24.9,84,0,0,0
2026-08-12T16:40:13,1786527614,13.730323,100.787454,0.2,0.04,0.0,-0.2,-95.1,264.9,0.0,0.0,0.0,24.9,84,0,0,0
2026-08-12T16:40:14,1786527615,13.730323,100.787454,0.3,0.04,0.0,-0.2,-95.1,264.9,0.0,0.0,0.0,24.9,84,0,0,0
2026-08-12T16:40:15,1786527616,13.730323,100.787454,0.3,0.04,0.0,-0.2,-95.1,264.9,0.0,0.0,0.0,24.9,84,0,0,0
2026-08-12T16:40:16,1786527617,13.730323,100.787454,0.3,0.04,0.0,-0.2,-95.1,264.9,0.01,0.0,0.0,24.9,84,0,0,0
2026-08-12T16:40:17,1786527618,13.730323,100.787454,0.3,0.04,0.0,-0.2,-95.1,264.9,0.01,0.0,0.0,24.9,84,0,0,0
2026-08-12T16:40:18,1786527619,13.730323,100.787454,0.3,0.04,0.0,-0.2,-95.1,264.9,0.01,0.0,0.0,24.9,84,0,0,0
2026-08-12T16:40:19,1786527620,13.730323,100.787454,0.3,0.04,0.0,-0.2,-95.1,264.9,0.01,0.0,0.0,24.9,84,0,0,0
2026-08-12T16:40:20,1786527621,13.730323,100.787454,0.3,0.04,-0.0,-0.2,-95.1,264.9,0.01,0.0,0.0,24.9,84,0,0,0
2026-08-12T16:40:21,1786527622,13.730323,100.787454,0.2,0.03,-0.0,-0.2,-95.1,264.9,-0.01,0.01,0.0,24.9,84,0,0,0
2026-08-12T16:40:22,1786527623,13.730323,100.787455,0.3,0.03,-0.0,-0.2,-95.1,264.9,-0.01,0.01,0.0,24.9,84,AUTO.LOITER,0,0
2026-08-12T16:40:23,1786527624,13.730322,100.787455,0.2,0.01,-0.0,-0.2,-95.1,264.9,-0.02,0.02,0.0,24.9,84,0,0,0
2026-08-12T16:40:24,1786527625,13.730322,100.787454,0.2,0.01,-0.0,-0.2,-95.1,264.9,-0.02,0.02,0.0,24.9,84,AUTO.LOITER,0,0
2026-08-12T16:40:25,1786527626,13.730322,100.787454,0.2,0.0,-0.0,-0.2,-95.1,264.9,-0.02,0.0,0.0,24.9,84,0,0,0
2026-08-12T16:40:26,1786527627,13.730322,100.787454,0.2,0.0,-0.0,-0.2,-95.1,264.9,-0.02,0.0,0.0,24.9,84,0,0,0
2026-08-12T16:40:27,1786527628,13.730323,100.787454,0.3,0.0,-0.0,-0.2,-95.1,264.9,-0.02,0.0,0.0,24.9,84,AUTO.LOITER,0,0
2026-08-12T16:40:28,1786527629,13.730323,100.787454,0.3,0.0,-0.0,-0.2,-95.1,264.9,-0.02,0.0,0.0,24.9,84,0,0,0
2026-08-12T16:40:29,1786527630,13.730322,100.787454,0.2,0.03,-0.0,-0.2,-95.1,264.9,0.0,-0.01,0.0,24.9,84,0,0,0
2026-08-12T16:40:30,1786527631,13.730322,100.787454,0.2,0.03,-0.0,-0.2,-95.1,264.9,0.0,-0.01,0.0,24.9,84,0,0,0
2026-08-12T16:40:31,1786527632,13.730323,100.787454,0.2,0.02,-0.0,-0.2,-95.1,264.9,0.0,-0.01,0.0,24.9,84,0,0,0
2026-08-12T16:40:32,1786527633,13.730323,100.787454,0.2,0.02,0.0,-0.2,-95.1,264.9,0.0,-0.01,0.0,24.9,84,0,0,0
2026-08-12T16:40:33,1786527634,13.730323,100.787454,0.2,0.02,0.0,-0.2,-95.1,264.9,0.0,-0.01,0.0,24.9,84,AUTO.LOITER,0,0
2026-08-12T16:40:34,1786527635,13.730323,100.787454,0.2,0.0,0.0,-0.2,-95.1,264.9,0.0,0.0,0.0,24.9,84,0,0,0
2026-08-12T16:40:35,1786527636,13.730323,100.787454,0.2,0.0,0.0,-0.2,-95.1,264.9,0.0,0.0,0.0,24.9,84,AUTO.LOITER,0,0
2026-08-12T16:40:36,1786527637,13.730323,100.787454,0.2,0.0,-0.0,-0.2,-95.1,264.9,0.0,0.0,0.0,24.9,84,0,0,0
2026-08-12T16:40:37,1786527638,13.730323,100.787454,0.2,0.0,-0.0,-0.2,-95.1,264.9,0.0,0.0,0.0,24.9,84,0,0,0
2026-08-12T16:40:38,1786527639,13.730323,100.787454,0.2,0.03,-0.0,-0.2,-95.1,264.9,0.0,0.0,0.0,24.9,84,0,0,0
2026-08-12T16:40:39,1786527640,13.730323,100.787454,0.2,0.03,-0.0,-0.2,-95.1,264.9,0.0,0.0,0.0,24.9,84,0,0,0
2026-08-12T16:40:40,1786527641,13.730323,100.787454,0.2,0.03,0.0,-0.2,-95.1,264.9,0.0,0.0,0.0,24.9,84,0,0,0
2026-08-12T16:40:41,1786527642,13.730323,100.787454,0.2,0.03,0.0,-0.2,-95.1,264.9,0.0,0.0,0.0,24.9,84,0,0,0
2026-08-12T16:40:42,1786527643,13.730323,100.787454,0.2,0.02,0.0,-0.2,-95.1,264.9,0.0,0.01,0.0,24.9,84,0,0,0
2026-08-12T16:40:43,1786527644,13.730323,100.787454,0.2,0.02,-0.0,-0.2,-95.1,264.9,0.0,0.01,0.0,24.9,84,0,0,0
2026-08-12T16:40:44,1786527645,13.730323,100.787454,0.2,0.02,-0.0,-0.2,-95.1,264.9,0.0,0.01,0.0,24.9,84,0,0,0
2026-08-12T16:40:45,1786527646,13.730323,100.787454,0.2,0.02,-0.0,-0.2,-95.1,264.9,-0.01,0.0,0.0,24.9,84,0,0,0
2026-08-12T16:40:46,1786527647,13.730323,100.787454,0.2,0.02,-0.0,-0.2,-95.1,264.9,-0.01,0.0,0.0,24.9,84,AUTO.LOITER,0,0
2026-08-12T16:40:47,1786527648,13.730323,100.787454,0.2,0.01,-0.0,-0.2,-95.1,264.9,-0.01,0.0,0.0,24.9,84,0,0,0
2026-08-12T16:40:48,1786527649,13.730323,100.787454,0.2,0.01,-0.0,-0.2,-95.1,264.9,-0.01,0.0,0.0,24.9,84,0,0,0
2026-08-12T16:40:49,1786527650,13.730323,100.787454,0.2,0.01,-0.0,-0.2,-95.1,264.9,-0.01,0.0,0.0,24.9,84,0,0,0
2026-08-12T16:40:50,1786527651,13.730323,100.787454,0.2,0.01,-0.0,-0.2,-95.1,264.9,-0.01,0.0,0.0,24.9,84,0,0,0
2026-08-12T16:40:51,1786527652,13.730323,100.787454,0.2,0.01,-0.0,-0.2,-95.1,264.9,-0.01,0.0,0.0,24.9,84,0,0,0
2026-08-12T16:40:52,1786527653,13.730323,100.787454,0.2,0.01,0.0,-0.2,-95.1,264.9,-0.01,0.0,0.0,24.9,84,0,0,0
2026-08-12T16:40:53,1786527654,13.730323,100.787454,0.2,0.01,0.0,-0.2,-95.1,264.9,0.0,0.0,0.0,24.9,84,0,0,0
2026-08-12T16:40:54,1786527655,13.730323,100.787454,0.2,0.01,0.0,-0.2,-95.1,264.9,0.0,0.0,0.0,24.9,84,0,0,0
2026-08-12T16:40:55,1786527656,13.730323,100.787454,0.2,-0.0,0.0,-0.2,-95.1,264.9,0.0,0.0,0.0,24.9,84,0,0,0
2026-08-12T16:40:56,1786527657,13.730323,100.787454,0.2,-0.0,0.0,-0.2,-95.1,264.9,0.0,0.0,0.0,24.9,84,0,0,0
2026-08-12T16:40:57,1786527658,13.730323,100.787454,0.3,-0.0,0.0,-0.2,-95.1,264.9,0.0,0.0,0.0,24.9,84,AUTO.LOITER,0,0
2026-08-12T16:40:58,1786527659,13.730323,100.787454,0.2,-0.01,0.0,-0.2,-95.1,264.9,0.01,0.0,0.0,24.9,84,0,0,0
2026-08-12T16:40:59,1786527660,13.730323,100.787454,0.2,-0.01,0.0,-0.2,-95.1,264.9,0.01,0.0,0.0,24.9,84,0,0,0
2026-08-12T16:41:00,1786527661,13.730323,100.787454,0.2,-0.01,-0.0,-0.2,-95.1,264.9,0.0,0.0,0.0,24.9,84,0,0,0
2026-08-12T16:41:01,1786527662,13.730323,100.787454,0.2,-0.01,-0.0,-0.2,-95.1,264.9,0.0,0.0,0.0,24.9,84,0,0,0
2026-08-12T16:41:02,1786527663,13.730323,100.787454,0.2,-0.02,-0.0,-0.2,-95.1,264.9,0.0,0.0,0.0,24.9,84,0,0,0
2026-08-12T16:41:03,1786527664,13.730323,100.787454,0.2,-0.02,-0.0,-0.2,-95.1,264.9,0.0,0.0,0.0,24.9,84,0,0,0
2026-08-12T16:41:04,1786527665,13.730323,100.787454,0.2,-0.03,-0.0,-0.2,-95.1,264.9,0.0,0.0,0.0,24.9,84,0,0,0
2026-08-12T16:41:05,1786527666,13.730323,100.787454,0.2,-0.03,-0.0,-0.2,-95.1,264.9,0.0,0.0,0.0,24.9,84,0,0,0
2026-08-12T16:41:06,1786527667,13.730323,100.787454,0.2,-0.02,-0.0,-0.2,-95.1,264.9,-0.01,0.0,0.0,24.9,84,0,0,0
2026-08-12T16:41:07,1786527668,13.730323,100.787454,0.2,-0.02,-0.0,-0.2,-95.1,264.9,-0.01,0.0,0.0,24.9,84,0,0,0
2026-08-12T16:41:08,1786527669,13.730323,100.787454,0.2,-0.02,-0.0,-0.2,-95.1,264.9,-0.01,0.0,0.0,24.9,84,AUTO.LOITER,0,0
2026-08-12T16:41:09,1786527670,13.730323,100.787454,0.2,-0.01,-0.0,-0.2,-95.1,264.9,-0.01,0.0,0.0,24.9,84,0,0,0
2026-08-12T16:41:10,1786527671,13.730323,100.787454,0.3,-0.01,-0.0,-0.2,-95.1,264.9,-0.01,0.0,0.0,24.9,84,AUTO.LOITER,0,0
2026-08-12T16:41:11,1786527672,13.730322,100.787454,0.2,-0.01,-0.0,-0.2,-95.1,264.9,-0.01,0.0,0.0,24.9,84,AUTO.LOITER,0,0
2026-08-12T16:41:12,1786527673,13.730322,100.787454,0.2,-0.01,-0.0,-0.2,-95.1,264.9,-0.01,0.0,0.0,24.9,84,0,0,0
2026-08-12T16:41:13,1786527674,13.730322,100.787454,0.2,0.0,0.0,-0.2,-95.1,264.9,0.0,0.0,0.0,24.9,84,0,0,0
2026-08-12T16:41:14,1786527675,13.730322,100.787454,0.2,0.0,0.0,-0.2,-95.1,264.9,0.0,0.0,0.0,24.9,84,0,0,0
2026-08-12T16:41:15,1786527676,13.730323,100.787454,0.2,0.0,0.0,-0.2,-95.1,264.9,0.0,0.0,0.0,24.9,84,0,0,0
2026-08-12T16:41:16,1786527677,13.730323,100.787454,0.2,0.0,0.0,-0.2,-95.1,264.9,0.0,0.0,0.0,24.9,84,0,0,0
2026-08-12T16:41:17,1786527678,13.730323,100.787454,0.2,0.02,0.0,-0.2,-95.1,264.9,0.0,0.0,0.0,24.9,84,0,0,0
2026-08-12T16:41:18,1786527679,13.730323,100.787454,0.2,0.02,-0.0,-0.2,-95.1,264.9,0.0,0.0,0.0,24.9,84,0,0,0
2026-08-12T16:41:19,1786527680,13.730323,100.787454,0.2,0.02,-0.0,-0.2,-95.1,264.9,0.0,0.0,0.0,24.9,84,0,0,0
2026-08-12T16:41:20,1786527681,13.730323,100.787454,0.2,0.02,-0.0,-0.2,-95.1,264.9,0.0,0.0,0.0,24.9,84,0,0,0
2026-08-12T16:41:21,1786527682,13.730323,100.787454,0.2,0.02,-0.0,-0.2,-95.1,264.9,0.0,0.0,0.0,24.9,84,0,0,0
2026-08-12T16:41:22,1786527683,13.730323,100.787454,0.2,0.02,-0.0,-0.2,-95.1,264.9,0.0,0.0,0.0,24.9,84,0,0,0
2026-08-12T16:41:23,1786527684,13.730323,100.787454,0.2,0.02,0.0,-0.2,-95.1,264.9,0.0,0.0,0.0,24.9,84,AUTO.LOITER,0,0
2026-08-12T16:41:24,1786527685,13.730323,100.787454,0.2,0.02,0.0,-0.2,-95.1,264.9,0.0,0.0,0.0,24.9,84,0,0,0
2026-08-12T16:41:25,1786527686,13.730323,100.787454,0.2,0.02,0.0,-0.2,-95.1,264.9,0.0,0.0,0.0,24.9,84,0,0,0
2026-08-12T16:41:26,1786527687,13.730323,100.787454,0.2,0.03,0.0,-0.2,-95.1,264.9,0.01,0.0,0.0,24.9,84,0,0,0
2026-08-12T16:41:27,1786527688,13.730323,100.787454,0.2,0.03,-0.0,-0.2,-95.1,264.9,0.01,0.0,0.0,24.9,84,0,0,0
2026-08-12T16:41:28,1786527689,13.730323,100.787454,0.2,0.02,-0.0,-0.2,-95.1,264.9,0.0,0.0,0.0,24.9,84,0,0,0
2026-08-12T16:41:29,1786527690,13.730323,100.787454,0.2,0.02,-0.0,-0.2,-95.1,264.9,0.0,0.0,0.0,24.9,84,0,0,0
2026-08-12T16:41:30,1786527691,13.730323,100.787454,0.2,0.01,0.0,-0.2,-95.1,264.9,0.0,0.0,0.0,24.9,84,0,0,0
2026-08-12T16:41:31,1786527692,13.730323,100.787454,0.2,0.01,0.0,-0.2,-95.1,264.9,0.0,0.0,0.0,24.9,84,0,0,0
2026-08-12T16:41:32,1786527693,13.730323,100.787454,0.2,0.01,-0.0,-0.2,-95.1,264.9,0.0,0.0,0.0,24.9,84,AUTO.LOITER,0,0
2026-08-12T16:41:33,1786527694,13.730323,100.787454,0.2,0.01,-0.0,-0.2,-95.1,264.9,0.0,0.0,0.0,24.9,84,0,0,0
2026-08-12T16:41:34,1786527695,13.730323,100.787454,0.2,0.01,0.0,-0.2,-95.1,264.9,0.0,0.0,0.0,24.9,84,0,0,0
2026-08-12T16:41:35,1786527696,13.730323,100.787454,0.2,0.02,-0.0,-0.2,-95.1,264.9,0.0,0.0,0.0,24.9,84,0,0,0
2026-08-12T16:41:36,1786527697,13.730323,100.787454,0.2,0.02,-0.0,-0.2,-95.1,264.9,0.0,0.0,0.0,24.9,84,0,0,0
2026-08-12T16:41:37,1786527698,13.730323,100.787454,0.2,0.01,-0.0,-0.2,-95.1,264.9,0.0,0.0,0.0,24.9,84,0,0,0
2026-08-12T16:41:38,1786527699,13.730323,100.787454,0.2,0.01,-0.0,-0.2,-95.1,264.9,0.0,0.0,0.0,24.9,84,0,0,0
2026-08-12T16:41:39,1786527700,13.730323,100.787454,0.2,-0.01,-0.0,-0.2,-95.1,264.9,0.0,0.01,0.01,24.9,84,0,0,0
2026-08-12T16:41:40,1786527701,13.730323,100.787454,0.2,-0.01,-0.0,-0.2,-95.1,264.9,0.0,0.01,0.01,24.9,84,0,0,0
2026-08-12T16:41:41,1786527702,13.730323,100.787454,0.2,-0.02,-0.0,-0.2,-95.1,264.9,0.0,0.0,0.01,24.9,84,0,0,0
2026-08-12T16:41:42,1786527703,13.730323,100.787454,0.2,-0.02,0.0,-0.2,-95.1,264.9,0.0,0.0,0.01,24.9,84,0,0,0
2026-08-12T16:41:43,1786527704,13.730323,100.787455,0.1,-0.02,0.0,-0.2,-95.1,264.9,0.0,0.0,0.01,24.9,84,AUTO.LOITER,0,0
2026-08-12T16:41:44,1786527705,13.730323,100.787454,0.2,-0.04,0.0,-0.2,-95.1,264.9,0.0,0.0,0.01,24.9,84,0,0,0
2026-08-12T16:41:45,1786527706,13.730323,100.787454,0.2,-0.04,0.0,-0.2,-95.1,264.9,0.0,0.0,0.01,24.9,84,0,0,0
2026-08-12T16:41:46,1786527707,13.730323,100.787455,0.2,-0.04,0.0,-0.2,-95.1,264.9,0.0,0.01,0.01,24.9,84,0,0,0
2026-08-12T16:41:47,1786527708,13.730323,100.787455,0.2,-0.04,-0.0,-0.2,-95.1,264.9,0.0,0.01,0.01,24.9,84,0,0,0
2026-08-12T16:41:48,1786527709,13.730323,100.787454,0.2,-0.03,-0.0,-0.2,-95.1,264.9,0.0,0.0,0.0,24.9,84,0,0,0
2026-08-12T16:41:49,1786527710,13.730323,100.787454,0.2,-0.03,-0.0,-0.2,-95.1,264.9,0.0,0.0,0.0,24.9,84,0,0,0
2026-08-12T16:41:50,1786527711,13.730323,100.787454,0.2,-0.03,-0.0,-0.2,-95.1,264.9,-0.01,0.0,0.0,24.9,84,0,0,0
2026-08-12T16:41:51,1786527712,13.730323,100.787454,0.2,-0.03,-0.0,-0.2,-95.1,264.9,-0.01,0.0,0.0,24.9,84,0,0,0
2026-08-12T16:41:52,1786527713,13.730323,100.787455,0.3,-0.03,-0.0,-0.2,-95.1,264.9,-0.01,0.0,0.0,24.9,84,AUTO.LOITER,0,0
2026-08-12T16:41:53,1786527714,13.730323,100.787455,0.3,-0.03,-0.0,-0.2,-95.1,264.9,-0.01,0.0,0.0,24.9,84,AUTO.LOITER,0,0
2026-08-12T16:41:54,1786527715,13.730323,100.787454,0.2,-0.03,-0.0,-0.2,-95.1,264.9,-0.01,0.0,0.0,24.9,84,AUTO.LOITER,0,0
2026-08-12T16:41:55,1786527716,13.730323,100.787454,0.2,-0.03,-0.0,-0.2,-95.1,264.9,-0.01,0.0,0.0,24.9,84,0,0,0
