iso,unix,lat,lon,alt_msl,rel_alt,roll,pitch,yaw,heading,vx,vy,vz,vbatt,batt_pct,mode,armed,in_air
2026-08-14T09:43:36,1786675416,13.730322,100.787446,0.6,,0.5,0.0,88.6,88.6,,,,24.9,100,AUTO.LOITER,0,0
2026-08-14T09:43:37,1786675417,13.730322,100.787446,0.5,0.0,0.5,0.1,88.6,88.6,0.0,0.0,0.03,24.9,100,AUTO.LOITER,0,0
2026-08-14T09:43:38,1786675418,13.730322,100.787446,0.5,-0.01,0.4,0.1,88.6,88.6,0.01,-0.01,0.04,24.9,100,AUTO.LOITER,0,0
2026-08-14T09:43:39,1786675419,13.730322,100.787446,0.5,-0.01,0.5,-0.0,88.6,88.6,0.01,-0.01,0.04,24.9,100,AUTO.LOITER,0,0
2026-08-14T09:43:40,1786675420,13.730322,100.787446,0.5,-0.03,0.5,0.0,88.6,88.6,0.01,0.0,0.05,24.9,100,AUTO.LOITER,0,0
2026-08-14T09:43:41,1786675421,13.730322,100.787446,0.5,-0.03,0.6,-0.0,88.6,88.6,0.01,0.0,0.05,24.9,100,AUTO.LOITER,0,0
2026-08-14T09:43:42,1786675422,13.730322,100.787446,0.5,-0.06,0.6,-0.0,88.7,88.7,-0.01,0.0,0.05,24.9,100,AUTO.LOITER,0,0
2026-08-14T09:43:43,1786675423,13.730322,100.787446,0.5,-0.06,0.6,-0.0,88.7,88.7,-0.01,0.0,0.05,24.9,100,AUTO.LOITER,0,0
2026-08-14T09:43:44,1786675424,13.730322,100.787446,0.5,-0.03,0.6,-0.0,88.6,88.6,-0.03,0.0,0.04,24.9,100,AUTO.LOITER,0,0
2026-08-14T09:43:45,1786675425,13.730322,100.787446,0.5,-0.03,0.5,0.0,88.6,88.6,-0.03,0.0,0.04,24.9,100,AUTO.LOITER,0,0
2026-08-14T09:43:46,1786675426,13.730322,100.787446,0.5,-0.03,0.5,-0.0,88.6,88.6,-0.02,0.02,0.03,24.9,100,AUTO.LOITER,0,0
2026-08-14T09:43:47,1786675427,13.730322,100.787446,0.5,-0.01,0.5,0.1,88.6,88.6,-0.01,0.0,0.02,24.9,100,AUTO.LOITER,0,0
2026-08-14T09:43:48,1786675428,13.730322,100.787446,0.5,-0.01,0.4,0.1,88.6,88.6,-0.01,0.0,0.02,24.9,100,AUTO.LOITER,0,0
2026-08-14T09:43:49,1786675429,13.730322,100.787446,0.5,-0.02,0.4,0.1,88.6,88.6,0.0,-0.01,0.01,24.9,100,AUTO.LOITER,0,0
2026-08-14T09:43:50,1786675430,13.730322,100.787446,0.5,-0.02,0.4,0.1,88.6,88.6,0.0,-0.01,0.01,24.9,100,AUTO.LOITER,0,0
2026-08-14T09:43:51,1786675431,13.730322,100.787446,0.5,-0.01,0.3,0.1,88.6,88.6,0.0,0.0,0.0,24.9,100,AUTO.LOITER,0,0
2026-08-14T09:43:52,1786675432,13.730322,100.787446,0.5,-0.01,0.3,0.0,88.6,88.6,0.0,0.0,0.0,24.9,100,AUTO.LOITER,0,0
2026-08-14T09:43:53,1786675433,13.730322,100.787446,0.5,0.01,0.3,0.0,88.6,88.6,0.0,0.0,-0.01,24.9,100,AUTO.LOITER,0,0
2026-08-14T09:43:54,1786675434,13.730322,100.787446,0.5,0.01,0.3,0.0,88.6,88.6,0.0,0.0,-0.01,24.9,100,AUTO.LOITER,0,0
2026-08-14T09:43:55,1786675435,13.730322,100.787446,0.5,0.01,0.3,0.0,88.7,88.7,0.01,0.0,-0.02,24.9,100,AUTO.LOITER,0,0
2026-08-14T09:43:56,1786675436,13.730322,100.787446,0.6,0.03,0.3,0.0,88.6,88.6,0.0,0.0,-0.03,24.9,100,POSCTL,0,0
2026-08-14T09:43:57,1786675437,13.730322,100.787446,0.6,0.03,0.3,-0.0,88.7,88.7,0.0,0.0,-0.03,24.9,100,0,0,0
2026-08-14T09:43:58,1786675438,13.730322,100.787446,0.6,0.04,0.3,0.0,88.6,88.6,0.01,0.0,-0.04,24.9,100,POSCTL,0,0
2026-08-14T09:43:59,1786675439,13.730322,100.787446,0.6,0.04,0.3,0.0,88.6,88.6,0.01,0.0,-0.04,24.9,100,0,0,0
2026-08-14T09:44:00,1786675440,13.730322,100.787446,0.6,0.05,0.4,0.0,88.6,88.6,0.01,-0.02,-0.05,24.9,100,POSCTL,0,0
2026-08-14T09:44:01,1786675441,13.730322,100.787446,0.6,0.05,0.4,0.0,88.6,88.6,0.01,-0.02,-0.05,24.9,100,0,0,0
2026-08-14T09:44:02,1786675442,13.730322,100.787446,0.6,0.07,0.4,0.0,88.6,88.6,0.01,-0.01,-0.05,24.9,100,0,0,0
2026-08-14T09:44:03,1786675443,13.730322,100.787446,0.6,0.07,0.4,-0.0,88.6,88.6,0.01,-0.01,-0.05,24.9,100,0,0,0
2026-08-14T09:44:04,1786675444,13.730322,100.787446,0.6,0.11,0.4,-0.0,88.6,88.6,0.02,-0.01,-0.08,24.9,100,0,0,0
2026-08-14T09:44:05,1786675445,13.730322,100.787446,0.6,0.11,0.4,-0.0,88.6,88.6,0.01,-0.02,-0.08,24.9,100,POSCTL,0,0
2026-08-14T09:44:06,1786675446,13.730322,100.787446,0.6,0.11,0.4,-0.1,88.6,88.6,0.01,-0.02,-0.08,24.9,100,0,0,0
2026-08-14T09:44:07,1786675447,13.730322,100.787446,0.7,0.13,0.4,-0.1,88.6,88.6,0.0,0.0,-0.09,24.9,100,POSCTL,0,0
2026-08-14T09:44:08,1786675448,13.730322,100.787446,0.7,0.13,0.4,-0.1,88.6,88.6,0.0,0.0,-0.09,24.9,100,0,0,0
2026-08-14T09:44:09,1786675449,13.730322,100.787446,0.7,0.15,0.4,-0.1,88.6,88.6,0.0,0.0,-0.1,24.9,100,POSCTL,0,0
2026-08-14T09:44:10,1786675450,13.730322,100.787446,0.7,0.15,0.4,-0.1,88.6,88.6,0.0,0.0,-0.1,24.9,100,POSCTL,0,0
2026-08-14T09:44:11,1786675451,13.730322,100.787446,0.6,0.15,0.4,-0.1,88.6,88.6,0.0,0.0,-0.1,24.9,100,0,0,0
2026-08-14T09:44:12,1786675452,13.730322,100.787446,0.6,0.15,0.4,-0.1,88.6,88.6,0.0,0.0,-0.1,24.9,100,0,0,0
2026-08-14T09:44:13,1786675453,13.730322,100.787446,0.7,0.18,0.3,-0.1,88.6,88.6,0.0,0.01,-0.11,24.9,100,0,0,0
2026-08-14T09:44:14,1786675454,13.730322,100.787446,0.7,0.19,0.3,-0.1,88.6,88.6,0.01,0.01,-0.11,24.9,100,POSCTL,0,0
2026-08-14T09:44:15,1786675455,13.730322,100.787446,0.7,0.19,0.4,-0.1,88.6,88.6,0.01,0.01,-0.11,24.9,100,0,0,0
2026-08-14T09:44:16,1786675456,13.730322,100.787446,0.7,0.2,0.3,-0.1,88.6,88.6,0.02,0.02,-0.12,24.9,100,POSCTL,0,0
2026-08-14T09:44:17,1786675457,13.730322,100.787446,0.7,0.2,0.3,-0.1,88.6,88.6,0.02,0.02,-0.12,24.9,100,0,0,0
2026-08-14T09:44:18,1786675458,13.730322,100.787446,0.8,0.23,0.3,-0.1,88.6,88.6,0.03,0.02,-0.13,24.9,100,POSCTL,0,0
2026-08-14T09:44:19,1786675459,13.730322,100.787446,0.8,0.23,0.4,-0.1,88.5,88.5,0.03,0.02,-0.13,24.9,100,0,0,0
2026-08-14T09:44:20,1786675460,13.730322,100.787446,0.8,0.23,0.4,-0.1,88.5,88.5,0.03,0.01,-0.13,24.9,100,0,0,0
2026-08-14T09:44:21,1786675461,13.730322,100.787446,0.8,0.23,0.4,-0.1,88.6,88.6,0.03,0.01,-0.13,24.9,100,0,0,0
2026-08-14T09:44:22,1786675462,13.730322,100.787446,0.8,0.22,0.4,-0.1,88.5,88.5,0.02,0.01,-0.14,24.9,100,0,0,0
2026-08-14T09:44:23,1786675463,13.730322,100.787446,0.8,0.25,0.4,-0.1,88.5,88.5,0.0,0.01,-0.16,24.9,100,POSCTL,0,0
2026-08-14T09:44:24,1786675464,13.730322,100.787446,0.8,0.25,0.5,-0.0,88.5,88.5,0.0,0.01,-0.16,24.9,100,0,0,0
2026-08-14T09:44:25,1786675465,13.730322,100.787446,0.8,0.25,0.5,-0.0,88.5,88.5,0.0,0.0,-0.16,24.9,100,POSCTL,0,0
2026-08-14T09:44:26,1786675466,13.730322,100.787446,0.8,0.25,0.5,-0.0,88.5,88.5,0.0,0.0,-0.16,24.9,100,0,0,0
2026-08-14T09:44:27,1786675467,13.730322,100.787446,0.8,0.26,0.5,-0.0,88.5,88.5,0.01,0.0,-0.16,24.9,100,POSCTL,0,0
2026-08-14T09:44:28,1786675468,13.730322,100.787446,0.8,0.26,0.5,-0.0,88.4,88.4,0.01,0.0,-0.16,24.9,100,0,0,0
2026-08-14T09:44:29,1786675469,13.730322,100.787446,0.8,0.29,0.5,-0.0,88.4,88.4,0.0,0.0,-0.17,24.9,100,0,0,0
2026-08-14T09:44:30,1786675470,13.730322,100.787446,0.5,0.29,0.6,-0.0,88.4,88.4,0.0,0.0,-0.17,24.9,100,POSCTL,0,0
2026-08-14T09:44:31,1786675471,13.730322,100.787446,0.8,0.31,0.6,-0.0,88.4,88.4,0.0,0.0,-0.18,24.9,100,0,0,0
2026-08-14T09:44:32,1786675472,13.730322,100.787446,0.8,0.32,0.6,-0.1,88.4,88.4,0.01,0.0,-0.19,24.9,100,POSCTL,0,0
2026-08-14T09:44:33,1786675473,13.730322,100.787446,0.8,0.32,0.6,-0.1,88.4,88.4,0.01,0.0,-0.19,24.9,100,POSCTL,0,0
2026-08-14T09:44:34,1786675474,13.730322,100.787446,0.8,0.32,0.6,-0.1,88.4,88.4,0.01,0.0,-0.19,24.9,100,POSCTL,0,0
2026-08-14T09:44:35,1786675475,13.730322,100.787446,0.8,0.32,0.6,-0.1,88.4,88.4,0.01,0.0,-0.19,24.9,100,POSCTL,0,0
2026-08-14T09:44:36,1786675476,13.730322,100.787446,0.9,0.34,0.6,-0.1,88.4,88.4,0.0,-0.01,-0.18,24.9,100,POSCTL,0,0
2026-08-14T09:44:37,1786675477,13.730322,100.787446,0.9,0.34,0.6,-0.1,88.4,88.4,0.0,-0.01,-0.18,24.9,100,0,0,0
2026-08-14T09:44:38,1786675478,13.730322,100.787446,0.9,0.34,0.6,-0.1,88.4,88.4,0.0,-0.01,-0.16,24.9,100,0,0,0
2026-08-14T09:44:39,1786675479,13.730322,100.787446,0.5,0.34,0.6,-0.1,88.4,88.4,0.0,-0.01,-0.16,24.9,100,POSCTL,0,0
2026-08-14T09:44:40,1786675480,13.730322,100.787446,0.8,0.32,0.6,-0.1,88.4,88.4,-0.01,-0.02,-0.14,24.9,100,0,0,0
2026-08-14T09:44:41,1786675481,13.730322,100.787446,0.8,0.31,0.6,-0.1,88.4,88.4,-0.02,-0.01,-0.14,24.9,100,POSCTL,0,0
2026-08-14T09:44:42,1786675482,13.730322,100.787446,0.8,0.31,0.6,-0.1,88.4,88.4,-0.02,-0.01,-0.14,24.9,100,0,0,0
2026-08-14T09:44:43,1786675483,13.730322,100.787446,0.8,0.29,0.6,-0.1,88.3,88.3,-0.01,0.0,-0.13,24.9,100,POSCTL,0,0
2026-08-14T09:44:44,1786675484,13.730322,100.787446,0.8,0.29,0.6,-0.1,88.3,88.3,-0.01,0.0,-0.13,24.9,100,0,0,0
2026-08-14T09:44:45,1786675485,13.730322,100.787446,0.8,0.28,0.6,-0.1,88.3,88.3,-0.03,0.0,-0.12,24.9,100,POSCTL,0,0
2026-08-14T09:44:46,1786675486,13.730322,100.787446,0.8,0.28,0.6,-0.1,88.3,88.3,-0.03,0.0,-0.12,24.9,100,0,0,0
2026-08-14T09:44:47,1786675487,13.730322,100.787446,0.8,0.26,0.5,-0.1,88.3,88.3,-0.02,0.0,-0.11,24.9,100,0,0,0
2026-08-14T09:44:48,1786675488,13.730322,100.787446,0.5,0.26,0.5,-0.1,88.3,88.3,-0.02,0.0,-0.11,24.9,100,POSCTL,0,0
2026-08-14T09:44:49,1786675489,13.730322,100.787446,0.8,0.26,0.5,-0.1,88.3,88.3,0.0,0.0,-0.1,24.9,100,0,0,0
2026-08-14T09:44:50,1786675490,13.730322,100.787446,0.8,0.24,0.5,-0.1,88.3,88.3,0.0,0.01,-0.09,24.9,100,POSCTL,0,0
2026-08-14T09:44:51,1786675491,13.730322,100.787446,0.8,0.24,0.5,-0.1,88.3,88.3,0.0,0.01,-0.09,24.9,100,0,0,0
2026-08-14T09:44:52,1786675492,13.730322,100.787446,0.7,0.21,0.5,-0.1,88.3,88.3,0.02,0.01,-0.08,24.9,100,POSCTL,0,0
2026-08-14T09:44:53,1786675493,13.730322,100.787446,0.7,0.21,0.5,-0.1,88.3,88.3,0.02,0.01,-0.08,24.9,100,0,0,0
2026-08-14T09:44:54,1786675494,13.730322,100.787446,0.7,0.19,0.6,-0.1,88.3,88.3,0.02,0.01,-0.08,24.9,100,POSCTL,0,0
2026-08-14T09:44:55,1786675495,13.730322,100.787446,0.7,0.19,0.6,-0.1,88.3,88.3,0.02,0.01,-0.08,24.9,100,0,0,0
2026-08-14T09:44:56,1786675496,13.730322,100.787446,0.7,0.18,0.6,-0.1,88.3,88.3,0.01,0.01,-0.07,24.9,100,0,0,0
2026-08-14T09:44:57,1786675497,13.730322,100.787446,0.6,0.18,0.6,-0.1,88.3,88.3,0.01,0.01,-0.07,24.9,100,POSCTL,0,0
2026-08-14T09:44:58,1786675498,13.730322,100.787446,0.7,0.17,0.7,-0.1,88.3,88.3,0.0,0.0,-0.06,24.9,100,0,0,0
2026-08-14T09:44:59,1786675499,13.730322,100.787446,0.7,0.17,0.7,-0.1,88.3,88.3,0.0,0.01,-0.06,24.9,100,POSCTL,0,0
2026-08-14T09:45:00,1786675500,13.730322,100.787446,0.7,0.17,0.7,-0.1,88.3,88.3,0.0,0.01,-0.06,24.9,100,0,0,0
2026-08-14T09:45:01,1786675501,13.730322,100.787446,0.5,0.17,0.7,-0.1,88.3,88.3,0.0,0.01,-0.06,24.9,100,POSCTL,0,0
2026-08-14T09:45:02,1786675502,13.730322,100.787446,0.5,0.17,0.7,-0.1,88.3,88.3,0.0,0.01,-0.06,24.9,100,0,0,0
2026-08-14T09:45:03,1786675503,13.730322,100.787446,0.5,0.17,0.7,-0.1,88.3,88.3,0.0,0.01,-0.06,24.9,100,0,0,0
2026-08-14T09:45:04,1786675504,13.730322,100.787446,0.5,0.17,0.7,-0.1,88.3,88.3,0.0,0.01,-0.06,24.9,100,0,0,0
2026-08-14T09:45:05,1786675505,13.730322,100.787446,0.6,0.12,0.7,-0.1,88.3,88.3,-0.02,0.0,-0.04,24.9,100,0,0,0
2026-08-14T09:45:06,1786675506,13.730322,100.787446,0.5,0.12,0.7,-0.1,88.3,88.3,-0.02,0.0,-0.04,24.9,100,POSCTL,0,0
2026-08-14T09:45:07,1786675507,13.730322,100.787446,0.6,0.1,0.7,-0.1,88.3,88.3,-0.02,0.0,-0.04,24.9,100,0,0,0
2026-08-14T09:45:08,1786675508,13.730322,100.787446,0.6,0.09,0.6,-0.1,88.3,88.3,0.0,0.0,-0.03,24.9,100,POSCTL,0,0
2026-08-14T09:45:09,1786675509,13.730322,100.787446,0.6,0.09,0.6,-0.1,88.3,88.3,0.0,0.0,-0.03,24.9,100,0,0,0
2026-08-14T09:45:10,1786675510,13.730322,100.787446,0.6,0.1,0.6,-0.1,88.3,88.3,0.0,0.01,-0.03,24.9,100,POSCTL,0,0
2026-08-14T09:45:11,1786675511,13.730322,100.787446,0.6,0.1,0.6,-0.1,88.3,88.3,0.0,0.01,-0.03,24.9,100,0,0,0
2026-08-14T09:45:12,1786675512,13.730322,100.787446,0.6,0.08,0.6,-0.1,88.3,88.3,0.01,0.02,-0.03,24.9,100,POSCTL,0,0
2026-08-14T09:45:13,1786675513,13.730322,100.787446,0.6,0.08,0.6,-0.1,88.3,88.3,0.01,0.02,-0.03,24.9,100,0,0,0
2026-08-14T09:45:14,1786675514,13.730322,100.787446,0.6,0.08,0.7,-0.1,88.3,88.3,0.0,0.03,-0.03,24.9,100,0,0,0
2026-08-14T09:45:15,1786675515,13.730322,100.787446,0.6,0.08,0.7,-0.1,88.3,88.3,0.0,0.03,-0.03,24.9,100,0,0,0
2026-08-14T09:45:16,1786675516,13.730322,100.787446,0.6,0.07,0.7,-0.1,88.3,88.3,0.0,0.02,-0.02,24.9,100,0,0,0
2026-08-14T09:45:17,1786675517,13.730322,100.787446,0.6,0.07,0.7,-0.1,88.2,88.2,0.0,0.02,-0.02,24.9,100,POSCTL,0,0
2026-08-14T09:45:18,1786675518,13.730322,100.787446,0.6,0.07,0.7,-0.1,88.2,88.2,0.0,0.02,-0.02,24.9,100,POSCTL,0,0
2026-08-14T09:45:19,1786675519,13.730322,100.787446,0.6,0.07,0.7,-0.1,88.2,88.2,-0.01,0.01,-0.02,24.9,100,POSCTL,0,0
2026-08-14T09:45:20,1786675520,13.730322,100.787446,0.6,0.07,0.7,-0.1,88.2,88.2,-0.01,0.01,-0.02,24.9,100,0,0,0
2026-08-14T09:45:21,1786675521,13.730322,100.787446,0.6,0.06,0.7,-0.1,88.3,88.3,-0.01,0.0,-0.01,24.9,100,POSCTL,0,0
2026-08-14T09:45:22,1786675522,13.730322,100.787446,0.6,0.06,0.7,-0.1,88.3,88.3,-0.01,0.0,-0.01,24.9,100,0,0,0
2026-08-14T09:45:23,1786675523,13.730322,100.787446,0.6,0.04,0.6,-0.1,88.3,88.3,-0.01,0.0,0.0,24.9,100,POSCTL,0,0
2026-08-14T09:45:24,1786675524,13.730322,100.787446,0.6,0.04,0.6,-0.1,88.3,88.3,-0.01,0.0,0.0,24.9,100,0,0,0
2026-08-14T09:45:25,1786675525,13.730322,100.787446,0.6,0.04,0.7,-0.1,88.3,88.3,-0.01,0.0,0.0,24.9,100,0,0,0
2026-08-14T09:45:26,1786675526,13.730322,100.787446,0.6,0.04,0.6,-0.1,88.3,88.3,-0.01,0.0,0.0,24.9,100,0,0,0
2026-08-14T09:45:27,1786675527,13.730322,100.787446,0.6,0.05,0.6,-0.1,88.3,88.3,-0.02,0.01,-0.01,24.9,100,0,0,0
2026-08-14T09:45:28,1786675528,13.730322,100.787446,0.6,0.05,0.6,-0.0,88.3,88.3,-0.02,0.01,-0.01,24.9,100,0,0,0
2026-08-14T09:45:29,1786675529,13.730322,100.787446,0.6,0.05,0.6,-0.0,88.3,88.3,-0.01,0.0,-0.01,24.9,100,0,0,0
2026-08-14T09:45:30,1786675530,13.730322,100.787446,0.6,0.05,0.6,-0.1,88.3,88.3,-0.01,0.0,-0.01,24.9,100,0,0,0
2026-08-14T09:45:31,1786675531,13.730322,100.787446,0.6,0.07,0.6,-0.0,88.3,88.3,-0.02,0.0,-0.02,24.9,100,0,0,0
2026-08-14T09:45:32,1786675532,13.730322,100.787446,0.6,0.07,0.6,-0.0,88.3,88.3,-0.02,0.0,-0.02,24.9,100,POSCTL,0,0
2026-08-14T09:45:33,1786675533,13.730322,100.787446,0.6,0.08,0.6,-0.0,88.3,88.3,-0.02,-0.01,-0.03,24.9,100,0,0,0
2026-08-14T09:45:34,1786675534,13.730322,100.787446,0.5,0.08,0.5,-0.1,88.4,88.4,-0.02,-0.01,-0.03,24.9,100,POSCTL,0,0
2026-08-14T09:45:35,1786675535,13.730322,100.787446,0.6,0.08,0.5,-0.1,88.4,88.4,-0.01,0.0,-0.03,24.9,100,0,0,0
2026-08-14T09:45:36,1786675536,13.730322,100.787446,0.6,0.08,0.5,-0.1,88.4,88.4,0.0,0.01,-0.03,24.9,100,POSCTL,0,0
2026-08-14T09:45:37,1786675537,13.730322,100.787446,0.6,0.08,0.5,-0.1,88.4,88.4,0.0,0.01,-0.03,24.9,100,0,0,0
2026-08-14T09:45:38,1786675538,13.730322,100.787446,0.6,0.08,0.5,-0.0,88.3,88.3,0.0,0.0,-0.03,24.9,100,POSCTL,0,0
2026-08-14T09:45:39,1786675539,13.730322,100.787446,0.6,0.08,0.5,-0.0,88.3,88.3,0.0,0.0,-0.03,24.9,100,0,0,0
2026-08-14T09:45:40,1786675540,13.730322,100.787446,0.6,0.08,0.5,-0.0,88.3,88.3,0.0,0.0,-0.03,24.9,100,POSCTL,0,0
2026-08-14T09:45:41,1786675541,13.730322,100.787446,0.6,0.08,0.5,-0.0,88.3,88.3,0.0,0.0,-0.03,24.9,100,0,0,0
2026-08-14T09:45:42,1786675542,13.730322,100.787446,0.6,0.07,0.5,-0.0,88.3,88.3,0.0,-0.01,-0.02,24.9,100,0,0,0
2026-08-14T09:45:43,1786675543,13.730322,100.787446,0.6,0.07,0.5,-0.0,88.3,88.3,0.0,-0.01,-0.02,24.9,100,0,0,0
2026-08-14T09:45:44,1786675544,13.730322,100.787446,0.6,0.06,0.5,-0.1,88.3,88.3,0.0,-0.02,-0.02,24.9,100,0,0,0
2026-08-14T09:45:45,1786675545,13.730322,100.787446,0.6,0.06,0.5,-0.1,88.4,88.4,0.0,-0.02,-0.02,24.9,100,0,0,0
2026-08-14T09:45:46,1786675546,13.730322,100.787446,0.6,0.07,0.5,-0.1,88.3,88.3,-0.01,-0.01,-0.02,24.9,100,0,0,0
2026-08-14T09:45:47,1786675547,13.730322,100.787446,0.6,0.07,0.4,-0.1,88.4,88.4,-0.01,-0.01,-0.02,24.9,100,0,0,0
2026-08-14T09:45:48,1786675548,13.730322,100.787446,0.6,0.06,0.4,-0.1,88.4,88.4,0.0,-0.01,-0.01,24.9,100,0,0,0
2026-08-14T09:45:49,1786675549,13.730322,100.787446,0.6,0.06,0.4,-0.1,88.4,88.4,0.0,-0.01,-0.01,24.9,100,0,0,0
2026-08-14T09:45:50,1786675550,13.730322,100.787446,0.6,0.04,0.4,-0.1,88.4,88.4,0.0,0.0,0.0,24.9,100,POSCTL,0,0
2026-08-14T09:45:51,1786675551,13.730322,100.787446,0.6,0.04,0.4,-0.2,88.4,88.4,0.0,0.0,0.0,24.9,100,0,0,0
2026-08-14T09:45:52,1786675552,13.730322,100.787446,0.6,0.0,0.4,-0.2,88.4,88.4,0.0,0.0,0.01,24.9,100,0,0,0
2026-08-14T09:45:53,1786675553,13.730322,100.787446,0.6,0.0,0.4,-0.2,88.4,88.4,0.0,0.0,0.01,24.9,100,0,0,0
2026-08-14T09:45:54,1786675554,13.730322,100.787446,0.5,-0.03,0.4,-0.2,88.4,88.4,0.0,0.01,0.03,24.9,100,0,0,0
2026-08-14T09:45:55,1786675555,13.730322,100.787446,0.5,-0.03,0.4,-0.2,88.4,88.4,0.0,0.01,0.03,24.9,100,0,0,0
2026-08-14T09:45:56,1786675556,13.730322,100.787446,0.5,0.0,0.4,-0.2,88.4,88.4,0.0,0.01,0.05,24.89,100,0,0,0
2026-08-14T09:45:57,1786675557,13.730322,100.787446,0.5,0.0,0.4,-0.1,88.3,88.3,0.0,0.01,0.05,24.89,100,AUTO.TAKEOFF,1,1
2026-08-14T09:45:58,1786675558,13.730322,100.787446,0.5,-0.03,0.4,-0.1,88.3,88.3,0.01,0.0,0.07,24.89,100,0,0,1
2026-08-14T09:45:59,1786675559,13.730322,100.787446,0.7,-0.03,0.4,-0.1,88.3,88.3,0.01,0.0,0.07,24.89,100,AUTO.TAKEOFF,1,1
2026-08-14T09:46:00,1786675560,13.730322,100.787446,0.7,0.17,0.1,-0.7,88.3,88.3,0.0,-0.04,-0.59,24.89,100,0,0,1
2026-08-14T09:46:01,1786675561,13.730322,100.787446,0.7,0.17,0.3,-0.6,88.4,88.4,0.0,-0.04,-0.59,24.89,100,0,0,1
2026-08-14T09:46:02,1786675562,13.730322,100.787446,0.7,0.17,0.9,0.0,88.7,88.7,0.0,-0.04,-0.59,24.89,100,0,0,1
2026-08-14T09:46:03,1786675563,13.730322,100.787446,3.5,3.0,0.8,-0.2,88.7,88.7,-0.01,0.0,-0.86,24.88,100,0,0,1
2026-08-14T09:46:04,1786675564,13.730322,100.787446,3.5,3.0,-0.0,0.1,88.7,88.7,-0.01,0.0,-0.86,24.88,100,0,0,1
2026-08-14T09:46:05,1786675565,13.730322,100.787446,4.6,4.1,0.1,-0.0,88.7,88.7,0.01,-0.01,-1.03,24.88,100,0,0,1
2026-08-14T09:46:06,1786675566,13.730322,100.787446,4.6,4.1,0.5,-0.1,88.6,88.6,0.01,-0.01,-1.03,24.88,100,0,0,1
2026-08-14T09:46:07,1786675567,13.730322,100.787446,5.7,5.17,0.7,-0.4,88.7,88.7,0.01,-0.01,-0.96,24.88,100,0,0,1
2026-08-14T09:46:08,1786675568,13.730322,100.787446,5.7,5.17,0.4,-0.2,88.7,88.7,0.01,-0.01,-0.96,24.88,100,0,0,1
2026-08-14T09:46:09,1786675569,13.730322,100.787446,6.7,5.17,0.4,-0.2,88.7,88.7,0.01,-0.01,-0.96,24.88,100,0,0,1
2026-08-14T09:46:10,1786675570,13.730322,100.787446,6.7,5.17,0.4,-0.2,88.7,88.7,0.01,-0.01,-0.96,24.88,100,0,0,1
2026-08-14T09:46:11,1786675571,13.730322,100.787446,7.8,7.26,0.5,0.1,88.7,88.7,0.0,-0.02,-0.9,24.87,100,0,0,1
2026-08-14T09:46:12,1786675572,13.730322,100.787446,7.8,7.26,0.6,-0.1,88.7,88.7,0.0,-0.02,-0.9,24.87,100,0,0,1
2026-08-14T09:46:13,1786675573,13.730322,100.787446,8.8,8.27,0.3,-0.2,88.6,88.6,0.02,-0.01,-0.89,24.87,100,0,0,1
2026-08-14T09:46:14,1786675574,13.730322,100.787446,8.8,8.27,0.0,-0.4,88.7,88.7,0.02,-0.01,-0.89,24.87,100,0,0,1
2026-08-14T09:46:15,1786675575,13.730322,100.787446,9.8,9.27,0.7,-0.3,88.7,88.7,0.01,0.0,-0.89,24.87,100,0,0,1
2026-08-14T09:46:16,1786675576,13.730322,100.787446,9.8,9.27,0.8,0.1,88.8,88.8,0.01,0.0,-0.89,24.87,100,0,0,1
2026-08-14T09:46:17,1786675577,13.730322,100.787446,11.0,9.27,0.4,-0.1,88.8,88.8,0.01,0.0,-0.89,24.86,100,AUTO.LOITER,1,1
2026-08-14T09:46:18,1786675578,13.730322,100.787446,11.0,9.27,0.4,-0.1,88.8,88.8,0.01,0.0,-0.89,24.86,100,0,0,1
2026-08-14T09:46:19,1786675579,13.730322,100.787446,11.9,9.27,0.5,-0.1,88.6,88.6,0.01,0.0,-0.89,24.86,100,AUTO.LOITER,1,1
2026-08-14T09:46:20,1786675580,13.730322,100.787446,11.8,11.3,0.5,-0.5,88.7,88.7,0.0,-0.01,-0.85,24.86,100,0,0,1
2026-08-14T09:46:21,1786675581,13.730322,100.787446,13.0,11.3,0.5,-0.5,88.7,88.7,0.0,-0.01,-0.85,24.86,100,AUTO.LOITER,1,1
2026-08-14T09:46:22,1786675582,13.730322,100.787446,12.8,12.3,0.3,0.2,88.7,88.7,0.0,0.0,-0.86,24.86,100,AUTO.LOITER,1,1
2026-08-14T09:46:23,1786675583,13.730322,100.787446,12.8,12.3,0.7,-0.1,88.7,88.7,0.0,0.0,-0.86,24.86,100,0,0,1
2026-08-14T09:46:24,1786675584,13.730322,100.787446,13.8,13.31,0.6,-0.6,88.7,88.7,0.0,-0.02,-0.83,24.86,100,0,0,1
2026-08-14T09:46:25,1786675585,13.730322,100.787446,13.8,13.31,0.8,-0.3,88.7,88.7,0.0,-0.02,-0.83,24.86,100,0,0,1
2026-08-14T09:46:26,1786675586,13.730322,100.787446,14.8,14.32,0.8,-0.0,88.7,88.7,-0.02,0.0,-0.83,24.85,100,0,0,1
2026-08-14T09:46:27,1786675587,13.730322,100.787446,14.8,14.32,0.6,-0.1,88.7,88.7,-0.02,0.0,-0.83,24.85,100,0,0,1
2026-08-14T09:46:28,1786675588,13.730322,100.787446,15.8,15.32,0.7,-0.1,88.7,88.7,-0.01,-0.02,-0.81,24.85,100,0,0,1
2026-08-14T09:46:29,1786675589,13.730322,100.787447,17.0,15.32,0.7,-0.2,88.7,88.7,-0.01,-0.02,-0.81,24.85,100,AUTO.LOITER,1,1
2026-08-14T09:46:30,1786675590,13.730322,100.787447,17.0,15.32,0.7,-0.2,88.7,88.7,-0.01,-0.02,-0.81,24.85,100,AUTO.LOITER,1,1
2026-08-14T09:46:31,1786675591,13.730322,100.787447,17.0,15.32,0.7,-0.2,88.7,88.7,-0.01,-0.02,-0.81,24.85,100,0,0,1
2026-08-14T09:46:32,1786675592,13.730322,100.787447,17.0,15.32,0.5,-0.4,88.7,88.7,-0.01,-0.02,-0.81,24.85,100,0,0,1
2026-08-14T09:46:33,1786675593,13.730322,100.787447,17.0,15.32,0.5,-0.4,88.7,88.7,-0.01,-0.02,-0.81,24.85,100,0,0,1
2026-08-14T09:46:34,1786675594,13.730322,100.787446,18.5,18.03,0.6,-0.1,88.8,88.8,0.02,0.0,-0.78,24.85,100,0,0,1
2026-08-14T09:46:35,1786675595,13.730322,100.787446,18.5,18.03,0.4,-3.9,88.5,88.5,0.02,0.0,-0.78,24.85,100,0,0,1
2026-08-14T09:46:36,1786675596,13.730322,100.787448,19.3,18.77,0.1,-21.0,90.0,90.0,0.07,0.89,-0.4,24.84,100,0,0,1
2026-08-14T09:46:37,1786675597,13.730322,100.787448,19.3,18.77,-6.9,-17.8,98.3,98.3,0.07,0.89,-0.4,24.84,100,0,0,1
2026-08-14T09:46:38,1786675598,13.730324,100.787474,19.6,19.04,1.7,-16.2,83.5,83.5,0.54,3.97,0.15,24.84,100,0,0,1
2026-08-14T09:46:39,1786675599,13.730324,100.787474,19.6,19.04,14.3,-5.0,78.7,78.7,0.54,3.97,0.15,24.84,100,0,0,1
2026-08-14T09:46:40,1786675600,13.730331,100.787518,19.6,19.07,5.4,0.9,83.1,83.1,-0.36,5.08,0.19,24.83,100,0,0,1
2026-08-14T09:46:41,1786675601,13.730331,100.787518,19.6,19.07,-3.1,-3.9,87.7,87.7,-0.36,5.08,0.19,24.83,100,0,0,1
2026-08-14T09:46:42,1786675602,13.73033,100.787555,19.9,19.07,-3.1,-3.9,87.7,87.7,-0.36,5.08,0.19,24.83,100,0,0,1
2026-08-14T09:46:43,1786675603,13.73033,100.787555,19.9,19.07,0.8,-2.6,88.4,88.4,-0.36,5.08,0.19,24.83,100,0,0,1
2026-08-14T09:46:44,1786675604,13.730332,100.78761,19.6,19.08,1.2,-2.8,86.4,86.4,0.25,5.02,0.13,24.83,100,0,0,1
2026-08-14T09:46:45,1786675605,13.730332,100.78761,19.6,19.08,0.1,-2.7,85.2,85.2,0.25,5.02,0.13,24.83,100,0,0,1
2026-08-14T09:46:46,1786675606,13.730334,100.787656,19.6,19.09,-0.3,-2.1,85.3,85.3,0.32,5.04,0.13,24.82,100,0,0,1
2026-08-14T09:46:47,1786675607,13.730334,100.787656,19.6,19.09,-0.0,-2.2,86.1,86.1,0.32,5.04,0.13,24.82,100,0,0,1
2026-08-14T09:46:48,1786675608,13.730337,100.787702,19.6,19.11,0.5,-2.3,86.8,86.8,0.42,4.99,0.11,24.82,99,0,0,1
2026-08-14T09:46:49,1786675609,13.730337,100.787702,19.6,19.11,0.8,-2.2,86.8,86.8,0.42,4.99,0.11,24.82,99,0,0,1
2026-08-14T09:46:50,1786675610,13.730339,100.78774,20.0,19.11,0.5,-2.1,86.5,86.5,0.42,4.99,0.11,24.82,99,0,0,1
2026-08-14T09:46:51,1786675611,13.730339,100.78774,20.0,19.11,0.5,-2.1,86.5,86.5,0.42,4.99,0.11,24.82,99,0,0,1
2026-08-14T09:46:52,1786675612,13.730343,100.787795,19.7,19.17,1.0,-2.7,86.2,86.2,0.37,4.98,0.11,24.82,99,0,0,1
2026-08-14T09:46:53,1786675613,13.730343,100.787795,19.7,19.17,1.0,-2.4,86.4,86.4,0.37,4.98,0.11,24.82,99,0,0,1
2026-08-14T09:46:54,1786675614,13.730346,100.787841,19.7,19.18,0.9,-1.9,86.5,86.5,0.33,5.0,0.11,24.81,99,0,0,1
2026-08-14T09:46:55,1786675615,13.730346,100.787841,19.7,19.18,1.0,-2.0,86.6,86.6,0.33,5.0,0.11,24.81,99,0,0,1
2026-08-14T09:46:56,1786675616,13.730348,100.787887,19.7,19.19,0.8,-2.6,86.5,86.5,0.31,4.95,0.1,24.81,99,0,0,1
2026-08-14T09:46:57,1786675617,13.730348,100.787887,19.7,19.19,1.2,-2.7,86.4,86.4,0.31,4.95,0.1,24.81,99,0,0,1
2026-08-14T09:46:58,1786675618,13.730348,100.787887,19.7,19.19,1.2,-2.7,86.4,86.4,0.31,4.95,0.1,24.81,99,0,0,1
2026-08-14T09:46:59,1786675619,13.730348,100.787887,19.7,19.19,0.7,-2.3,86.4,86.4,0.31,4.95,0.1,24.81,99,0,0,1
2026-08-14T09:47:00,1786675620,13.730354,100.78798,19.7,19.21,1.0,-2.5,86.5,86.5,0.3,4.97,0.07,24.8,99,0,0,1
2026-08-14T09:47:01,1786675621,13.730354,100.78798,19.7,19.21,1.2,-2.6,86.5,86.5,0.3,4.97,0.07,24.8,99,0,0,1
2026-08-14T09:47:02,1786675622,13.730357,100.788026,19.7,19.22,0.8,-2.2,86.5,86.5,0.27,4.99,0.05,24.8,99,0,0,1
2026-08-14T09:47:03,1786675623,13.730357,100.788026,19.7,19.22,0.8,-2.1,86.5,86.5,0.27,4.99,0.05,24.8,99,0,0,1
2026-08-14T09:47:04,1786675624,13.73036,100.788072,19.7,19.23,0.9,-2.5,86.4,86.4,0.29,4.94,0.04,24.8,99,0,0,1
2026-08-14T09:47:05,1786675625,13.73036,100.788072,19.7,19.23,1.0,-3.1,86.5,86.5,0.29,4.94,0.04,24.8,99,0,0,1
2026-08-14T09:47:06,1786675626,13.730362,100.788118,19.8,19.24,0.7,-2.4,86.5,86.5,0.28,4.99,0.02,24.8,99,0,0,1
2026-08-14T09:47:07,1786675627,13.730362,100.788118,19.8,19.24,0.9,-2.2,86.5,86.5,0.28,4.99,0.02,24.8,99,0,0,1
2026-08-14T09:47:08,1786675628,13.730365,100.788165,19.8,19.27,0.7,-2.6,86.5,86.5,0.29,4.95,0.01,24.79,99,0,0,1
2026-08-14T09:47:09,1786675629,13.730365,100.788165,19.8,19.27,1.0,-2.6,86.5,86.5,0.29,4.95,0.01,24.79,99,0,0,1
2026-08-14T09:47:10,1786675630,13.730368,100.788211,19.8,19.28,1.4,-2.4,86.5,86.5,0.29,4.96,0.01,24.79,99,0,0,1
2026-08-14T09:47:11,1786675631,13.730368,100.788211,19.8,19.28,0.9,-2.7,86.5,86.5,0.29,4.96,0.01,24.79,99,0,0,1
2026-08-14T09:47:12,1786675632,13.730371,100.788249,19.9,19.28,0.9,-2.7,86.5,86.5,0.29,4.96,0.01,24.79,99,0,0,1
2026-08-14T09:47:13,1786675633,13.730371,100.788249,19.9,19.28,0.9,-2.7,86.5,86.5,0.29,4.96,0.01,24.79,99,0,0,1
2026-08-14T09:47:14,1786675634,13.730373,100.788295,20.0,19.28,0.7,-2.4,86.5,86.5,0.29,4.96,0.01,24.79,99,0,0,1
2026-08-14T09:47:15,1786675635,13.730373,100.788295,20.0,19.28,0.6,-2.5,86.5,86.5,0.29,4.96,0.01,24.79,99,0,0,1
2026-08-14T09:47:16,1786675636,13.730376,100.788349,19.9,19.36,0.7,-3.0,86.5,86.5,0.3,4.97,0.01,24.78,99,0,0,1
2026-08-14T09:47:17,1786675637,13.730376,100.788349,19.9,19.36,0.9,-2.9,86.4,86.4,0.3,4.97,0.01,24.78,99,0,0,1
2026-08-14T09:47:18,1786675638,13.730379,100.788395,19.9,19.38,1.1,-2.7,86.5,86.5,0.3,5.01,0.01,24.78,98,0,0,1
2026-08-14T09:47:19,1786675639,13.730379,100.788395,19.9,19.38,1.2,-2.1,86.5,86.5,0.3,5.01,0.01,24.78,98,0,0,1
2026-08-14T09:47:20,1786675640,13.730382,100.788442,19.9,19.41,1.0,-2.5,86.5,86.5,0.26,4.97,0.01,24.78,98,0,0,1
2026-08-14T09:47:21,1786675641,13.730382,100.788442,19.9,19.41,0.5,-3.1,86.5,86.5,0.26,4.97,0.01,24.78,98,0,0,1
2026-08-14T09:47:22,1786675642,13.730385,100.788488,19.9,19.43,0.6,-3.0,86.5,86.5,0.29,5.0,0.01,24.77,98,AUTO.LOITER,1,1
2026-08-14T09:47:23,1786675643,13.730385,100.788488,19.9,19.43,1.0,-2.9,86.5,86.5,0.29,5.0,0.01,24.77,98,0,0,1
2026-08-14T09:47:24,1786675644,13.730387,100.788534,20.0,19.45,0.9,-2.8,86.5,86.5,0.28,5.02,0.01,24.77,98,0,0,1
2026-08-14T09:47:25,1786675645,13.730387,100.788534,20.0,19.45,0.9,-2.8,86.5,86.5,0.28,5.02,0.01,24.77,98,0,0,1
2026-08-14T09:47:26,1786675646,13.73039,100.78858,20.0,19.49,0.9,-2.8,86.5,86.5,0.27,5.01,0.02,24.77,98,0,0,1
2026-08-14T09:47:27,1786675647,13.730393,100.788618,20.1,19.49,0.9,-2.6,86.6,86.6,0.27,5.01,0.02,24.77,98,AUTO.LOITER,1,1
2026-08-14T09:47:28,1786675648,13.730393,100.788626,20.0,19.5,0.6,9.8,86.8,86.8,0.24,4.67,0.0,24.77,98,0,0,1
2026-08-14T09:47:29,1786675649,13.730395,100.788658,20.0,19.52,0.7,9.0,86.9,86.9,0.15,2.68,0.03,24.76,98,AUTO.LOITER,1,1
2026-08-14T09:47:30,1786675650,13.730395,100.788658,20.0,19.52,0.2,5.0,86.7,86.7,0.15,2.68,0.03,24.76,98,0,0,1
2026-08-14T09:47:31,1786675651,13.730396,100.788677,20.1,19.56,-0.6,5.0,85.6,85.6,0.5,1.39,-0.02,24.76,98,AUTO.LOITER,1,1
2026-08-14T09:47:32,1786675652,13.730396,100.788677,20.1,19.56,-14.8,7.4,82.9,82.9,0.5,1.39,-0.02,24.76,98,AUTO.LOITER,1,1
2026-08-14T09:47:33,1786675653,13.730412,100.788681,20.1,19.6,-11.1,-15.1,64.8,64.8,2.96,0.12,0.0,24.76,98,AUTO.LOITER,1,1
2026-08-14T09:47:34,1786675654,13.730412,100.788681,20.1,19.6,-4.7,-16.7,45.6,45.6,2.96,0.12,0.0,24.76,98,0,0,1
2026-08-14T09:47:35,1786675655,13.730451,100.788689,20.1,19.57,3.5,-0.7,28.8,28.8,5.03,1.42,0.13,24.75,98,0,0,1
2026-08-14T09:47:36,1786675656,13.730451,100.788689,20.1,19.57,-1.2,0.5,16.5,16.5,5.03,1.42,0.13,24.75,98,0,0,1
2026-08-14T09:47:37,1786675657,13.730494,100.788701,20.1,19.57,0.9,-5.1,9.3,9.3,4.64,1.15,0.07,24.75,98,0,0,1
2026-08-14T09:47:38,1786675658,13.730494,100.788701,20.1,19.57,2.0,-2.7,8.1,8.1,4.64,1.15,0.07,24.75,98,0,0,1
2026-08-14T09:47:39,1786675659,13.730538,100.788712,20.1,19.57,0.7,0.0,11.9,11.9,4.83,1.28,0.09,24.75,97,0,0,1
2026-08-14T09:47:40,1786675660,13.730538,100.788712,20.1,19.57,-0.0,-1.0,15.8,15.8,4.83,1.28,0.09,24.75,97,0,0,1
2026-08-14T09:47:41,1786675661,13.730582,100.788723,20.1,19.57,0.1,-2.6,16.8,16.8,4.67,1.17,0.07,24.75,97,0,0,1
2026-08-14T09:47:42,1786675662,13.730582,100.788723,20.1,19.57,0.2,-2.5,15.2,15.2,4.67,1.17,0.07,24.75,97,0,0,1
2026-08-14T09:47:43,1786675663,13.730626,100.788734,20.1,19.59,0.4,-1.6,13.1,13.1,4.77,1.16,0.09,24.74,97,0,0,1
2026-08-14T09:47:44,1786675664,13.730626,100.788734,20.1,19.59,0.6,10.4,12.3,12.3,4.77,1.16,0.09,24.74,97,0,0,1
2026-08-14T09:47:45,1786675665,13.730664,100.788743,20.1,19.62,0.2,9.5,12.6,12.6,3.35,0.85,0.13,24.74,97,0,0,1
2026-08-14T09:47:46,1786675666,13.730664,100.788743,20.1,19.62,-0.1,5.6,13.1,13.1,3.35,0.85,0.13,24.74,97,0,0,1
2026-08-14T09:47:47,1786675667,13.730688,100.78875,20.1,19.61,-0.1,5.6,13.1,13.1,1.99,0.46,0.12,24.74,97,0,0,1
2026-08-14T09:47:48,1786675668,13.730688,100.78875,20.1,19.61,-13.5,11.3,10.0,10.0,1.99,0.46,0.12,24.74,97,0,0,1
2026-08-14T09:47:49,1786675669,13.730699,100.788747,20.1,19.6,-13.6,10.1,3.5,3.5,0.53,-1.68,0.28,24.73,97,0,0,1
2026-08-14T09:47:50,1786675670,13.730699,100.788747,20.1,19.6,-13.3,-6.6,-7.7,352.3,0.53,-1.68,0.28,24.73,97,0,0,1
2026-08-14T09:47:51,1786675671,13.730701,100.78872,19.9,19.4,-14.2,-14.0,-25.8,334.2,0.53,-4.03,0.43,24.73,97,0,0,1
2026-08-14T09:47:52,1786675672,13.730701,100.78872,19.9,19.4,-0.4,-4.5,-44.3,315.7,0.53,-4.03,0.43,24.73,97,0,0,1
2026-08-14T09:47:53,1786675673,13.73071,100.788675,19.5,18.97,-0.9,1.2,-56.3,303.7,0.91,-4.88,0.51,24.73,97,0,0,1
2026-08-14T09:47:54,1786675674,13.73071,100.788675,19.5,18.97,-1.4,-5.4,-65.7,294.3,0.91,-4.88,0.51,24.73,97,0,0,1
2026-08-14T09:47:55,1786675675,13.730717,100.788631,19.1,18.58,1.6,-3.8,-75.4,284.6,0.77,-5.01,0.51,24.73,97,0,0,1
2026-08-14T09:47:56,1786675676,13.730717,100.788631,19.1,18.58,1.6,-1.2,-83.1,276.9,0.77,-5.01,0.51,24.73,97,0,0,1
2026-08-14T09:47:57,1786675677,13.730725,100.788584,18.7,18.17,0.4,-1.2,-85.5,274.5,0.89,-4.89,0.49,24.72,97,0,0,1
2026-08-14T09:47:58,1786675678,13.730725,100.788584,18.7,18.17,0.7,-1.8,-82.5,277.5,0.89,-4.89,0.49,24.72,97,0,0,1
2026-08-14T09:47:59,1786675679,13.730732,100.788539,18.3,17.75,0.7,-2.0,-78.6,281.4,0.84,-4.81,0.48,24.72,97,0,0,1
2026-08-14T09:48:00,1786675680,13.730738,100.788501,18.1,17.75,0.9,-1.7,-77.1,282.9,0.84,-4.81,0.48,24.72,97,AUTO.LOITER,1,1
2026-08-14T09:48:01,1786675681,13.730738,100.788501,18.1,17.75,0.9,-1.7,-78.3,281.7,0.84,-4.81,0.48,24.72,97,0,0,1
2026-08-14T09:48:02,1786675682,13.730738,100.788501,18.1,17.75,0.3,-2.1,-80.2,279.8,0.84,-4.81,0.48,24.72,97,0,0,1
2026-08-14T09:48:03,1786675683,13.730738,100.788501,18.1,17.75,0.3,-2.1,-80.2,279.8,0.84,-4.81,0.48,24.72,97,0,0,1
2026-08-14T09:48:04,1786675684,13.730754,100.78841,17.3,17.75,0.6,-2.8,-81.1,278.9,0.84,-4.81,0.48,24.71,96,AUTO.LOITER,1,1
2026-08-14T09:48:05,1786675685,13.730755,100.788402,17.0,16.52,0.5,-2.5,-80.3,279.7,0.83,-4.86,0.44,24.71,96,0,0,1
2026-08-14T09:48:06,1786675686,13.730761,100.788365,16.9,16.52,0.4,-2.8,-79.7,280.3,0.83,-4.86,0.44,24.71,96,AUTO.LOITER,1,1
2026-08-14T09:48:07,1786675687,13.730763,100.788357,16.6,16.12,0.6,-2.8,-79.8,280.2,0.82,-4.9,0.44,24.71,96,0,0,1
2026-08-14T09:48:08,1786675688,13.73077,100.788312,16.2,15.71,0.6,-2.7,-80.1,279.9,0.84,-4.93,0.43,24.71,96,AUTO.LOITER,1,1
2026-08-14T09:48:09,1786675689,13.73077,100.788312,16.2,15.71,0.6,-3.1,-80.5,279.5,0.84,-4.93,0.43,24.71,96,0,0,1
2026-08-14T09:48:10,1786675690,13.730777,100.788275,15.9,15.71,0.3,-2.9,-80.5,279.5,0.84,-4.93,0.43,24.7,96,AUTO.LOITER,1,1
2026-08-14T09:48:11,1786675691,13.730777,100.788275,15.9,15.71,0.1,-2.9,-80.4,279.6,0.84,-4.93,0.43,24.7,96,AUTO.LOITER,1,1
2026-08-14T09:48:12,1786675692,13.730785,100.788221,15.4,14.9,0.4,-2.6,-80.3,279.7,0.82,-4.99,0.41,24.7,96,AUTO.LOITER,1,1
2026-08-14T09:48:13,1786675693,13.730785,100.788221,15.4,14.9,0.5,-3.1,-80.2,279.8,0.82,-4.99,0.41,24.7,96,0,0,1
2026-08-14T09:48:14,1786675694,13.730791,100.788185,15.1,14.9,0.2,-2.6,-80.3,279.7,0.82,-4.99,0.41,24.7,96,AUTO.LOITER,1,1
2026-08-14T09:48:15,1786675696,13.730793,100.788175,15.0,14.49,0.3,-2.8,-80.3,279.7,0.81,-4.99,0.41,24.7,96,0,0,1
2026-08-14T09:48:16,1786675697,13.730793,100.788175,15.0,14.49,0.7,-3.2,-80.4,279.6,0.81,-4.99,0.41,24.7,96,0,0,1
2026-08-14T09:48:17,1786675698,13.7308,100.78813,14.6,14.09,0.7,-3.1,-80.3,279.7,0.84,-5.03,0.4,24.7,96,0,0,1
2026-08-14T09:48:18,1786675699,13.7308,100.78813,14.6,14.09,0.7,-3.1,-80.3,279.7,0.84,-5.03,0.4,24.7,96,0,0,1
2026-08-14T09:48:19,1786675700,13.7308,100.78813,14.6,14.09,0.8,-2.4,-80.3,279.7,0.84,-5.03,0.4,24.7,96,0,0,1
2026-08-14T09:48:20,1786675701,13.7308,100.78813,14.6,14.09,0.1,-2.9,-80.2,279.8,0.84,-5.03,0.4,24.7,96,0,0,1
2026-08-14T09:48:21,1786675702,13.7308,100.78813,14.6,14.09,0.1,-3.4,-80.3,279.7,0.84,-5.03,0.4,24.7,96,0,0,1
2026-08-14T09:48:22,1786675703,13.730816,100.788039,13.8,13.32,0.1,-3.4,-80.3,279.7,0.83,-4.98,0.38,24.69,96,0,0,1
2026-08-14T09:48:23,1786675704,13.730816,100.788039,13.8,13.32,0.4,-1.5,-80.4,279.6,0.83,-4.98,0.38,24.69,96,0,0,1
2026-08-14T09:48:24,1786675705,13.730816,100.788039,13.8,13.32,0.4,-3.2,-80.4,279.6,0.83,-4.98,0.38,24.69,96,0,0,1
2026-08-14T09:48:25,1786675706,13.730823,100.787994,13.4,12.84,0.3,-3.1,-80.4,279.6,0.84,-5.01,0.38,24.69,96,0,0,1
2026-08-14T09:48:26,1786675707,13.730823,100.787994,13.4,12.84,0.3,-3.1,-80.4,279.6,0.84,-5.01,0.38,24.69,96,0,0,1
2026-08-14T09:48:27,1786675708,13.730823,100.787994,13.4,12.84,0.6,6.5,-80.3,279.7,0.84,-5.01,0.38,24.69,96,0,0,1
2026-08-14T09:48:28,1786675709,13.730823,100.787994,13.4,12.84,0.6,6.5,-80.3,279.7,0.84,-5.01,0.38,24.69,96,0,0,1
2026-08-14T09:48:29,1786675710,13.730823,100.787994,13.4,12.84,0.3,5.5,-80.5,279.5,0.84,-5.01,0.38,24.69,96,0,0,1
2026-08-14T09:48:30,1786675711,13.730835,100.787926,12.7,12.17,0.3,5.5,-80.5,279.5,0.39,-2.29,0.07,24.68,95,0,0,1
2026-08-14T09:48:31,1786675712,13.730835,100.787926,12.7,12.17,0.4,10.0,-80.8,279.2,0.39,-2.29,0.07,24.68,95,0,0,1
2026-08-14T09:48:32,1786675713,13.730835,100.787926,12.7,12.17,1.7,19.9,-77.9,282.1,0.39,-2.29,0.07,24.68,95,0,0,1
2026-08-14T09:48:33,1786675714,13.730837,100.787921,12.6,12.1,4.5,14.1,-68.8,291.2,-0.02,0.96,-0.01,24.68,95,0,0,1
2026-08-14T09:48:34,1786675715,13.730837,100.787921,12.6,12.1,10.4,12.7,-53.4,306.6,-0.02,0.96,-0.01,24.68,95,0,0,1
2026-08-14T09:48:35,1786675716,13.730837,100.787938,12.5,12.1,10.4,12.7,-53.4,306.6,-0.02,0.96,-0.01,24.68,95,AUTO.LOITER,1,1
2026-08-14T09:48:36,1786675717,13.730837,100.787944,12.6,12.05,14.7,11.4,-36.2,323.8,-0.01,3.77,-0.06,24.68,95,0,0,1
2026-08-14T09:48:37,1786675718,13.730837,100.787944,12.6,12.05,8.9,3.9,-23.5,336.5,-0.01,3.77,-0.06,24.68,95,0,0,1
2026-08-14T09:48:38,1786675719,13.730837,100.787988,12.5,12.02,-1.5,-0.7,-11.3,348.7,0.0,5.19,-0.06,24.67,95,0,0,1
2026-08-14T09:48:39,1786675720,13.730837,100.787988,12.5,12.02,-1.5,-0.7,-11.3,348.7,0.0,5.19,-0.06,24.67,95,0,0,1
2026-08-14T09:48:40,1786675721,13.730837,100.787988,12.5,12.02,4.4,1.8,0.2,0.2,0.0,5.19,-0.06,24.67,95,0,0,1
2026-08-14T09:48:41,1786675722,13.730838,100.788031,12.6,12.04,3.9,-0.1,11.8,11.8,-0.15,5.07,-0.04,24.67,95,0,0,1
2026-08-14T09:48:42,1786675723,13.730838,100.788031,12.6,12.04,3.9,-0.1,11.8,11.8,-0.15,5.07,-0.04,24.67,95,0,0,1
2026-08-14T09:48:43,1786675724,13.730838,100.788069,12.5,12.04,1.5,-1.0,24.5,24.5,-0.15,5.07,-0.04,24.67,95,AUTO.LOITER,1,1
2026-08-14T09:48:44,1786675725,13.730837,100.788077,12.6,12.05,2.2,-1.4,37.2,37.2,-0.1,5.03,-0.04,24.67,95,0,0,1
2026-08-14T09:48:45,1786675726,13.730837,100.788077,12.6,12.05,1.9,-1.7,50.0,50.0,-0.1,5.03,-0.04,24.67,95,0,0,1
2026-08-14T09:48:46,1786675727,13.730838,100.788116,12.5,12.05,1.9,-1.7,50.0,50.0,-0.1,5.03,-0.04,24.66,95,AUTO.LOITER,1,1
2026-08-14T09:48:47,1786675728,13.730837,100.788123,12.6,12.06,0.3,-1.6,62.6,62.6,-0.08,5.04,-0.03,24.66,95,0,0,1
2026-08-14T09:48:48,1786675729,13.730837,100.788123,12.6,12.06,-0.0,-1.4,75.0,75.0,-0.08,5.04,-0.03,24.66,95,0,0,1
2026-08-14T09:48:49,1786675730,13.730837,100.78817,12.6,12.07,-0.1,-1.5,86.7,86.7,0.0,4.93,-0.03,24.66,95,0,0,1
2026-08-14T09:48:50,1786675731,13.730837,100.78817,12.6,12.07,-0.1,-1.5,86.7,86.7,0.0,4.93,-0.03,24.66,95,0,0,1
2026-08-14T09:48:51,1786675732,13.730837,100.78817,12.6,12.07,-0.2,-2.1,94.6,94.6,0.0,4.93,-0.03,24.66,95,0,0,1
2026-08-14T09:48:52,1786675733,13.730837,100.788216,12.6,12.09,-0.1,-2.2,95.7,95.7,0.03,4.93,-0.02,24.66,95,0,0,1
2026-08-14T09:48:53,1786675734,13.730837,100.788216,12.6,12.09,-0.1,-2.2,95.7,95.7,0.03,4.93,-0.02,24.66,95,0,0,1
2026-08-14T09:48:54,1786675735,13.730837,100.788216,12.6,12.09,-0.2,-2.6,91.5,91.5,0.03,4.93,-0.02,24.66,95,0,0,1
2026-08-14T09:48:55,1786675736,13.730837,100.788262,12.6,12.09,-0.4,-1.8,87.1,87.1,0.04,5.0,0.0,24.66,95,0,0,1
2026-08-14T09:48:56,1786675737,13.730837,100.788262,12.6,12.09,-0.3,0.6,86.0,86.0,0.04,5.0,0.0,24.66,95,0,0,1
2026-08-14T09:48:57,1786675738,13.730836,100.788301,12.5,12.09,-0.3,0.6,86.0,86.0,0.04,5.0,0.0,24.65,95,AUTO.LOITER,1,1
2026-08-14T09:48:58,1786675739,13.730837,100.788308,12.6,12.1,0.1,-4.0,87.9,87.9,0.09,4.83,0.01,24.65,95,0,0,1
2026-08-14T09:48:59,1786675740,13.730837,100.788308,12.6,12.1,0.2,-3.4,90.3,90.3,0.09,4.83,0.01,24.65,95,0,0,1
2026-08-14T09:49:00,1786675741,13.730837,100.788354,12.5,12.03,0.0,-1.1,91.3,91.3,0.06,5.07,-0.04,24.65,95,0,0,1
2026-08-14T09:49:01,1786675742,13.730837,100.788354,12.5,12.03,0.0,-1.1,91.3,91.3,0.06,5.07,-0.04,24.65,95,0,0,1
2026-08-14T09:49:02,1786675743,13.730837,100.788354,12.5,12.03,-0.0,-1.8,90.7,90.7,0.06,5.07,-0.04,24.65,95,0,0,1
2026-08-14T09:49:03,1786675744,13.730837,100.788401,12.5,11.99,0.3,-2.1,89.7,89.7,0.06,4.97,-0.08,24.65,95,0,0,1
2026-08-14T09:49:04,1786675745,13.730837,100.788401,12.5,11.99,0.2,-2.2,89.1,89.1,0.06,4.97,-0.08,24.65,95,0,0,1
2026-08-14T09:49:05,1786675746,13.730837,100.78844,12.4,11.99,0.2,-2.2,89.1,89.1,0.06,4.97,-0.08,24.65,94,AUTO.LOITER,1,1
2026-08-14T09:49:06,1786675747,13.730837,100.788447,12.5,11.99,0.1,-2.2,89.3,89.3,0.03,4.98,-0.09,24.65,94,0,0,1
2026-08-14T09:49:07,1786675748,13.730837,100.788447,12.5,11.99,0.1,-1.6,89.9,89.9,0.03,4.98,-0.09,24.65,94,0,0,1
2026-08-14T09:49:08,1786675749,13.730837,100.788493,12.6,12.04,0.1,-1.6,89.9,89.9,0.03,4.92,-0.07,24.64,94,0,0,1
2026-08-14T09:49:09,1786675750,13.730837,100.788493,12.6,12.04,0.2,-3.9,90.2,90.2,0.03,4.92,-0.07,24.64,94,0,0,1
2026-08-14T09:49:10,1786675751,13.730837,100.788493,12.6,12.04,0.5,-2.6,90.2,90.2,0.03,4.92,-0.07,24.64,94,0,0,1
2026-08-14T09:49:11,1786675752,13.730837,100.78854,12.5,11.96,0.4,-0.7,90.0,90.0,0.0,5.07,-0.09,24.64,94,0,0,1
2026-08-14T09:49:12,1786675753,13.730837,100.78854,12.5,11.96,0.4,-0.7,90.0,90.0,0.0,5.07,-0.09,24.64,94,0,0,1
2026-08-14T09:49:13,1786675754,13.730837,100.78854,12.5,11.96,0.5,-1.1,89.8,89.8,0.0,5.07,-0.09,24.64,94,0,0,1
2026-08-14T09:49:14,1786675755,13.730837,100.788586,12.5,11.95,0.4,-2.6,89.8,89.8,-0.01,4.9,-0.12,24.64,94,0,0,1
2026-08-14T09:49:15,1786675756,13.730837,100.788586,12.5,11.95,0.1,-2.7,89.9,89.9,-0.01,4.9,-0.12,24.64,94,0,0,1
2026-08-14T09:49:16,1786675757,13.730838,100.788624,12.4,11.95,0.1,-2.7,89.9,89.9,-0.01,4.9,-0.12,24.64,94,AUTO.LOITER,1,1
2026-08-14T09:49:17,1786675758,13.730837,100.788632,12.5,11.97,0.3,-1.9,90.0,90.0,0.0,4.98,-0.1,24.64,94,0,0,1
2026-08-14T09:49:18,1786675759,13.730837,100.788632,12.5,11.97,0.5,-2.9,90.0,90.0,0.0,4.98,-0.1,24.64,94,0,0,1
2026-08-14T09:49:19,1786675760,13.730838,100.788679,12.5,12.0,0.5,-2.9,90.0,90.0,-0.01,5.04,-0.07,24.63,94,0,0,1
2026-08-14T09:49:20,1786675761,13.730838,100.788679,12.5,12.0,0.2,-2.2,90.0,90.0,-0.01,5.04,-0.07,24.63,94,0,0,1
2026-08-14T09:49:21,1786675762,13.730838,100.788679,12.5,12.0,-0.0,-1.5,89.9,89.9,-0.01,5.04,-0.07,24.63,94,0,0,1
2026-08-14T09:49:22,1786675763,13.730837,100.788725,12.5,12.03,0.2,-2.4,89.9,89.9,0.01,4.88,-0.07,24.63,94,0,0,1
2026-08-14T09:49:23,1786675764,13.730837,100.788725,12.5,12.03,0.2,-2.4,89.9,89.9,0.01,4.88,-0.07,24.63,94,0,0,1
2026-08-14T09:49:24,1786675765,13.730837,100.788725,12.5,12.03,0.2,-2.4,89.9,89.9,0.01,4.88,-0.07,24.63,94,0,0,1
2026-08-14T09:49:25,1786675766,13.730838,100.78877,12.5,11.96,0.2,-2.0,90.0,90.0,-0.01,5.15,-0.07,24.63,94,0,0,1
2026-08-14T09:49:26,1786675767,13.730838,100.78877,12.5,11.96,0.3,-0.1,90.0,90.0,-0.01,5.15,-0.07,24.63,94,0,0,1
2026-08-14T09:49:27,1786675768,13.730838,100.788809,12.2,11.96,0.3,-0.1,90.0,90.0,-0.01,5.15,-0.07,24.62,94,AUTO.LOITER,1,1
2026-08-14T09:49:28,1786675769,13.730838,100.788817,12.5,11.94,0.6,-2.2,89.9,89.9,-0.01,4.93,-0.12,24.62,94,0,0,1
2026-08-14T09:49:29,1786675770,13.730838,100.788817,12.5,11.94,0.3,-3.6,89.9,89.9,-0.01,4.93,-0.12,24.62,94,0,0,1
2026-08-14T09:49:30,1786675771,13.730838,100.788857,12.2,11.94,0.3,-3.6,89.9,89.9,-0.01,4.93,-0.12,24.62,94,0,0,1
2026-08-14T09:49:31,1786675772,13.730838,100.788857,12.2,11.94,0.3,-3.6,89.9,89.9,-0.01,4.93,-0.12,24.62,94,0,0,1
2026-08-14T09:49:32,1786675773,13.730838,100.788857,12.2,11.94,0.3,-3.6,89.9,89.9,-0.01,4.93,-0.12,24.62,94,0,0,1
2026-08-14T09:49:33,1786675774,13.730838,100.78891,12.5,11.97,0.4,-1.5,89.9,89.9,0.0,4.88,-0.14,24.62,94,0,0,1
2026-08-14T09:49:34,1786675775,13.730838,100.78891,12.5,11.97,0.4,-1.5,89.9,89.9,0.0,4.88,-0.14,24.62,94,0,0,1
2026-08-14T09:49:35,1786675776,13.730838,100.78891,12.5,11.97,0.1,-4.0,89.9,89.9,0.0,4.88,-0.14,24.62,94,0,0,1
2026-08-14T09:49:36,1786675777,13.730838,100.788956,12.4,11.92,0.3,-1.5,89.9,89.9,0.0,5.03,-0.1,24.61,94,0,0,1
2026-08-14T09:49:37,1786675778,13.730838,100.788956,12.4,11.92,0.4,-2.0,89.9,89.9,0.0,5.03,-0.1,24.61,94,0,0,1
2026-08-14T09:49:38,1786675779,13.730838,100.789002,12.4,11.9,0.4,-2.0,89.9,89.9,-0.01,4.98,-0.14,24.61,94,0,0,1
2026-08-14T09:49:39,1786675780,13.730838,100.789002,12.4,11.9,0.3,-2.4,89.9,89.9,-0.01,4.98,-0.14,24.61,94,0,0,1
2026-08-14T09:49:40,1786675781,13.730838,100.789002,12.4,11.9,0.2,-2.7,89.9,89.9,-0.01,4.98,-0.14,24.61,94,0,0,1
2026-08-14T09:49:41,1786675782,13.730838,100.789002,12.4,11.9,0.2,-1.7,89.9,89.9,-0.01,4.98,-0.14,24.61,94,0,0,1
2026-08-14T09:49:42,1786675783,13.730838,100.789002,12.4,11.9,0.2,-1.7,89.9,89.9,-0.01,4.98,-0.14,24.61,94,0,0,1
2026-08-14T09:49:43,1786675784,13.730838,100.789002,12.4,11.9,0.1,-2.3,89.9,89.9,-0.01,4.98,-0.14,24.61,94,0,0,1
2026-08-14T09:49:44,1786675785,13.730838,100.789094,12.4,11.93,0.4,-2.8,89.9,89.9,-0.02,4.97,-0.1,24.61,93,0,0,1
2026-08-14T09:49:45,1786675786,13.730838,100.789094,12.4,11.93,0.4,-2.8,89.9,89.9,-0.02,4.97,-0.1,24.61,93,0,0,1
2026-08-14T09:49:46,1786675787,13.730838,100.789094,12.4,11.93,0.3,-2.7,89.9,89.9,-0.02,4.97,-0.1,24.61,93,0,0,1
2026-08-14T09:49:47,1786675788,13.730838,100.789141,12.5,11.97,-0.0,-1.5,90.0,90.0,-0.03,5.01,-0.08,24.6,93,0,0,1
2026-08-14T09:49:48,1786675789,13.730838,100.789141,12.5,11.97,-0.0,-2.8,89.9,89.9,-0.03,5.01,-0.08,24.6,93,0,0,1
2026-08-14T09:49:49,1786675790,13.730838,100.789186,12.5,11.98,-0.0,-2.8,89.9,89.9,0.0,5.06,-0.06,24.6,93,0,0,1
2026-08-14T09:49:50,1786675791,13.730838,100.789186,12.5,11.98,-0.0,-2.8,89.9,89.9,0.0,5.06,-0.06,24.6,93,0,0,1
2026-08-14T09:49:51,1786675792,13.730838,100.789186,12.5,11.98,0.1,-1.8,89.9,89.9,0.0,5.06,-0.06,24.6,93,0,0,1
2026-08-14T09:49:52,1786675793,13.730838,100.789234,12.5,11.99,0.3,-0.7,89.9,89.9,-0.01,5.01,-0.04,24.6,93,0,0,1
2026-08-14T09:49:53,1786675794,13.730838,100.789234,12.5,11.99,0.3,-0.7,89.9,89.9,-0.01,5.01,-0.04,24.6,93,0,0,1
2026-08-14T09:49:54,1786675795,13.730838,100.789234,12.5,11.99,0.2,-2.8,89.9,89.9,-0.01,5.01,-0.04,24.6,93,0,0,1
2026-08-14T09:49:55,1786675796,13.730838,100.789279,12.5,12.01,0.3,-3.6,89.9,89.9,-0.02,4.98,-0.02,24.6,93,0,0,1
2026-08-14T09:49:56,1786675797,13.730838,100.789279,12.5,12.01,0.3,-1.5,90.0,90.0,-0.02,4.98,-0.02,24.6,93,0,0,1
2026-08-14T09:49:57,1786675798,13.730839,100.789318,12.6,12.01,0.3,-1.5,90.0,90.0,-0.02,4.98,-0.02,24.59,93,AUTO.LOITER,1,1
2026-08-14T09:49:58,1786675799,13.730838,100.789326,12.5,12.02,-0.0,-2.3,90.0,90.0,-0.03,5.0,-0.01,24.59,93,0,0,1
2026-08-14T09:49:59,1786675800,13.730838,100.789326,12.5,12.02,0.0,-2.1,89.9,89.9,-0.03,5.0,-0.01,24.59,93,0,0,1
2026-08-14T09:50:00,1786675801,13.730838,100.789372,12.6,12.04,0.0,-2.6,89.9,89.9,0.0,4.96,0.01,24.59,93,0,0,1
2026-08-14T09:50:01,1786675802,13.730838,100.789372,12.6,12.04,0.0,-2.6,89.9,89.9,0.0,4.96,0.01,24.59,93,0,0,1
2026-08-14T09:50:02,1786675803,13.730838,100.789372,12.6,12.04,-0.2,-2.5,89.9,89.9,0.0,4.96,0.01,24.59,93,0,0,1
2026-08-14T09:50:03,1786675804,13.730838,100.789418,12.5,12.03,-0.2,-2.4,89.9,89.9,0.01,5.0,0.0,24.59,93,0,0,1
2026-08-14T09:50:04,1786675805,13.730838,100.789418,12.5,12.03,-0.2,-2.4,89.9,89.9,0.01,5.0,0.0,24.59,93,0,0,1
2026-08-14T09:50:05,1786675806,13.730838,100.789418,12.5,12.03,0.1,-2.7,89.9,89.9,0.01,5.0,0.0,24.59,93,0,0,1
2026-08-14T09:50:06,1786675807,13.730839,100.789464,12.5,12.03,0.3,-2.9,89.9,89.9,0.01,5.08,0.0,24.58,93,0,0,1
2026-08-14T09:50:07,1786675808,13.730839,100.789464,12.5,12.03,0.3,-2.9,89.9,89.9,0.01,5.08,0.0,24.58,93,0,0,1
2026-08-14T09:50:08,1786675809,13.730839,100.789503,12.5,12.03,0.3,-2.9,89.9,89.9,0.01,5.08,0.0,24.58,93,0,0,1
2026-08-14T09:50:09,1786675810,13.730839,100.789503,12.5,12.03,0.1,-2.0,90.0,90.0,0.01,5.08,0.0,24.58,93,0,0,1
2026-08-14T09:50:10,1786675811,13.730839,100.789503,12.5,12.03,0.3,-2.4,90.0,90.0,0.01,5.08,0.0,24.58,93,0,0,1
2026-08-14T09:50:11,1786675812,13.730839,100.789558,12.5,12.02,0.3,-2.4,90.0,90.0,-0.03,5.0,0.0,24.58,93,0,0,1
2026-08-14T09:50:12,1786675813,13.730839,100.789558,12.5,12.02,-0.0,-1.5,90.0,90.0,-0.03,5.0,0.0,24.58,93,0,0,1
2026-08-14T09:50:13,1786675814,13.730839,100.789558,12.5,12.02,-0.1,-2.1,90.0,90.0,-0.03,5.0,0.0,24.58,93,0,0,1
2026-08-14T09:50:14,1786675815,13.730839,100.789604,12.5,12.01,-0.1,-2.3,89.9,89.9,0.0,4.96,0.0,24.58,93,0,0,1
2026-08-14T09:50:15,1786675816,13.730839,100.789604,12.5,12.01,-0.1,-2.3,89.9,89.9,0.0,4.96,0.0,24.58,93,0,0,1
2026-08-14T09:50:16,1786675817,13.730839,100.789604,12.5,12.01,-0.1,-2.6,89.9,89.9,0.0,4.96,0.0,24.58,93,0,0,1
2026-08-14T09:50:17,1786675818,13.730839,100.789649,12.5,11.99,0.3,-2.9,89.9,89.9,0.01,4.99,0.0,24.57,93,0,0,1
2026-08-14T09:50:18,1786675819,13.730839,100.789649,12.5,11.99,0.3,-2.9,89.9,89.9,0.01,4.99,0.0,24.57,93,0,0,1
2026-08-14T09:50:19,1786675820,13.730839,100.789649,12.5,11.99,0.4,-2.7,89.9,89.9,0.01,4.99,0.0,24.57,93,0,0,1
2026-08-14T09:50:20,1786675821,13.730839,100.789696,12.5,11.99,-0.3,-2.2,90.0,90.0,-0.02,5.06,-0.02,24.57,92,0,0,1
2026-08-14T09:50:21,1786675822,13.730839,100.789696,12.5,11.99,-0.1,-1.9,89.9,89.9,-0.02,5.06,-0.02,24.57,92,0,0,1
2026-08-14T09:50:22,1786675823,13.730839,100.789733,12.6,11.99,-0.1,-1.9,89.9,89.9,-0.02,5.06,-0.02,24.57,92,AUTO.LOITER,1,1
2026-08-14T09:50:23,1786675824,13.730839,100.789742,12.5,12.0,0.3,-2.4,89.9,89.9,0.0,5.01,0.0,24.57,92,0,0,1
2026-08-14T09:50:24,1786675825,13.730839,100.789742,12.5,12.0,0.4,3.3,90.0,90.0,0.0,5.01,0.0,24.57,92,0,0,1
2026-08-14T09:50:25,1786675826,13.730839,100.789785,12.5,12.0,-0.2,11.7,90.1,90.1,-0.02,4.04,0.0,24.57,92,0,0,1
2026-08-14T09:50:26,1786675827,13.730839,100.789785,12.5,12.0,-0.2,11.7,90.1,90.1,-0.02,4.04,0.0,24.57,92,0,0,1
2026-08-14T09:50:27,1786675828,13.730839,100.789785,12.5,12.0,-0.0,7.0,90.1,90.1,-0.02,4.04,0.0,24.57,92,0,0,1
2026-08-14T09:50:28,1786675829,13.730839,100.789813,12.5,11.97,-1.0,6.2,89.8,89.8,0.0,2.31,-0.02,24.56,92,0,0,1
2026-08-14T09:50:29,1786675830,13.730839,100.789813,12.5,11.97,-18.1,10.3,87.6,87.6,0.0,2.31,-0.02,24.56,92,0,0,1
2026-08-14T09:50:30,1786675831,13.730847,100.789826,12.5,12.03,-18.1,10.3,87.6,87.6,2.23,0.39,0.05,24.56,92,0,0,1
2026-08-14T09:50:31,1786675832,13.730847,100.789826,12.5,12.03,-18.1,10.3,87.6,87.6,2.23,0.39,0.05,24.56,92,0,0,1
2026-08-14T09:50:32,1786675833,13.730847,100.789826,12.5,12.03,-13.3,-12.3,70.1,70.1,2.23,0.39,0.05,24.56,92,0,0,1
2026-08-14T09:50:33,1786675834,13.730878,100.789828,12.5,12.03,-7.3,-13.4,50.5,50.5,4.7,0.57,0.05,24.56,92,0,0,1
2026-08-14T09:50:34,1786675835,13.730878,100.789828,12.5,12.03,1.6,5.1,33.2,33.2,4.7,0.57,0.05,24.56,92,0,0,1
2026-08-14T09:50:35,1786675836,13.730913,100.789835,12.5,12.03,1.6,5.1,33.2,33.2,4.7,0.57,0.05,24.55,92,AUTO.LOITER,1,1
2026-08-14T09:50:36,1786675837,13.730921,100.789836,12.5,12.01,3.1,16.5,20.8,20.8,3.99,0.64,-0.01,24.55,92,0,0,1
2026-08-14T09:50:37,1786675838,13.730921,100.789836,12.5,12.01,-1.4,7.1,11.2,11.2,3.99,0.64,-0.01,24.55,92,0,0,1
2026-08-14T09:50:38,1786675839,13.730921,100.789836,12.5,12.01,-1.4,7.1,11.2,11.2,3.99,0.64,-0.01,24.55,92,0,0,1
2026-08-14T09:50:39,1786675840,13.730921,100.789836,12.5,12.01,-1.4,7.1,11.2,11.2,3.99,0.64,-0.01,24.55,92,0,0,1
2026-08-14T09:50:40,1786675841,13.73095,100.789831,12.5,12.01,-19.9,9.2,-6.9,353.1,3.99,0.64,-0.01,24.55,92,AUTO.LOITER,1,1
2026-08-14T09:50:41,1786675842,13.73095,100.789828,12.5,12.01,-12.1,2.1,-18.4,341.6,-0.01,-2.5,0.06,24.55,92,0,0,1
2026-08-14T09:50:42,1786675843,13.73095,100.789828,12.5,12.01,-13.7,-14.3,-31.9,328.1,-0.01,-2.5,0.06,24.55,92,0,0,1
2026-08-14T09:50:43,1786675844,13.730951,100.789792,12.5,12.02,-6.0,-6.5,-50.1,309.9,0.19,-5.04,0.08,24.55,92,0,0,1
2026-08-14T09:50:44,1786675845,13.730951,100.789792,12.5,12.02,-6.0,-6.5,-50.1,309.9,0.19,-5.04,0.08,24.55,92,0,0,1
2026-08-14T09:50:45,1786675846,13.730951,100.789792,12.5,12.02,-0.1,3.2,-63.1,296.9,0.19,-5.04,0.08,24.55,92,0,0,1
2026-08-14T09:50:46,1786675847,13.730952,100.789747,12.5,11.99,-2.2,-5.0,-72.6,287.4,-0.02,-4.8,0.0,24.54,92,0,0,1
2026-08-14T09:50:47,1786675848,13.730952,100.789747,12.5,11.99,-2.2,-5.0,-72.6,287.4,-0.02,-4.8,0.0,24.54,92,0,0,1
2026-08-14T09:50:48,1786675849,13.730952,100.789709,12.5,11.99,0.2,-4.4,-82.8,277.2,-0.02,-4.8,0.0,24.54,92,AUTO.LOITER,1,1
2026-08-14T09:50:49,1786675850,13.730952,100.789701,12.5,11.98,0.4,-1.5,-91.6,268.4,0.03,-5.13,0.0,24.54,92,0,0,1
2026-08-14T09:50:50,1786675851,13.730952,100.789701,12.5,11.98,0.0,-1.5,-94.9,265.1,0.03,-5.13,0.0,24.54,92,0,0,1
2026-08-14T09:50:51,1786675852,13.730952,100.789654,12.5,11.98,0.0,-1.5,-94.9,265.1,0.04,-5.0,-0.01,24.54,92,AUTO.LOITER,1,1
2026-08-14T09:50:52,1786675853,13.730952,100.789654,12.5,11.98,0.1,-1.4,-92.5,267.5,0.04,-5.0,-0.01,24.54,92,0,0,1
2026-08-14T09:50:53,1786675854,13.730952,100.789654,12.5,11.98,0.2,-1.2,-88.2,271.8,0.04,-5.0,-0.01,24.54,92,0,0,1
2026-08-14T09:50:54,1786675855,13.730952,100.789607,12.5,11.98,-0.1,-2.0,-86.2,273.8,0.05,-4.88,-0.01,24.53,91,0,0,1
2026-08-14T09:50:55,1786675856,13.730952,100.789607,12.5,11.98,-0.1,-2.0,-86.2,273.8,0.05,-4.88,-0.01,24.53,91,0,0,1
2026-08-14T09:50:56,1786675857,13.730952,100.789607,12.5,11.98,0.0,-2.3,-87.1,272.9,0.05,-4.88,-0.01,24.53,91,0,0,1
2026-08-14T09:50:57,1786675858,13.730952,100.78957,12.5,11.98,0.6,-1.6,-89.1,270.9,0.05,-4.88,-0.01,24.53,91,AUTO.LOITER,1,1
2026-08-14T09:50:58,1786675859,13.730952,100.78957,12.5,11.98,0.6,-1.6,-89.1,270.9,0.05,-4.88,-0.01,24.53,91,0,0,1
2026-08-14T09:50:59,1786675860,13.730952,100.78957,12.5,11.98,0.6,-1.6,-89.1,270.9,0.05,-4.88,-0.01,24.53,91,0,0,1
2026-08-14T09:51:00,1786675861,13.730952,100.78957,12.5,11.98,0.6,-1.6,-89.1,270.9,0.05,-4.88,-0.01,24.53,91,0,0,1
2026-08-14T09:51:01,1786675862,13.730952,100.78957,12.5,11.98,-0.0,-1.7,-89.6,270.4,0.05,-4.88,-0.01,24.53,91,0,0,1
2026-08-14T09:51:02,1786675863,13.730953,100.789477,12.4,11.98,-0.0,-1.7,-89.6,270.4,0.05,-4.88,-0.01,24.53,91,AUTO.LOITER,1,1
2026-08-14T09:51:03,1786675864,13.730954,100.789469,12.5,11.96,-0.1,-3.4,-89.0,271.0,0.04,-4.94,-0.03,24.53,91,0,0,1
2026-08-14T09:51:04,1786675865,13.730954,100.789469,12.5,11.96,0.4,-1.4,-88.9,271.1,0.04,-4.94,-0.03,24.53,91,0,0,1
2026-08-14T09:51:05,1786675866,13.730954,100.789423,12.5,11.95,0.4,-1.4,-88.9,271.1,0.05,-4.96,-0.04,24.52,91,0,0,1
2026-08-14T09:51:06,1786675867,13.730954,100.789423,12.5,11.95,0.3,-2.1,-89.3,270.7,0.05,-4.96,-0.04,24.52,91,0,0,1
2026-08-14T09:51:07,1786675868,13.730954,100.789423,12.5,11.95,0.1,-2.6,-89.6,270.4,0.05,-4.96,-0.04,24.52,91,0,0,1
2026-08-14T09:51:08,1786675869,13.730954,100.789384,12.3,11.95,0.2,-1.3,-89.7,270.3,0.05,-4.96,-0.04,24.52,91,0,0,1
2026-08-14T09:51:09,1786675870,13.730954,100.789384,12.3,11.95,0.2,-1.3,-89.7,270.3,0.05,-4.96,-0.04,24.52,91,0,0,1
2026-08-14T09:51:10,1786675871,13.730954,100.789384,12.3,11.95,0.4,-2.6,-89.6,270.4,0.05,-4.96,-0.04,24.52,91,0,0,1
2026-08-14T09:51:11,1786675872,13.730954,100.789384,12.3,11.95,0.4,-2.7,-89.4,270.6,0.05,-4.96,-0.04,24.52,91,0,0,1
2026-08-14T09:51:12,1786675873,13.730954,100.789384,12.3,11.95,0.4,-2.7,-89.4,270.6,0.05,-4.96,-0.04,24.52,91,0,0,1
2026-08-14T09:51:13,1786675874,13.730955,100.789293,12.4,11.95,0.4,-2.7,-89.4,270.6,0.05,-4.96,-0.04,24.52,91,AUTO.LOITER,1,1
2026-08-14T09:51:14,1786675875,13.730955,100.789284,12.5,11.94,0.0,-1.7,-89.4,270.6,0.08,-5.04,-0.06,24.52,91,0,0,1
2026-08-14T09:51:15,1786675876,13.730955,100.789284,12.5,11.94,0.1,-2.2,-89.5,270.5,0.08,-5.04,-0.06,24.52,91,0,0,1
2026-08-14T09:51:16,1786675877,13.730955,100.789238,12.5,11.94,0.4,-1.8,-89.6,270.4,0.06,-4.96,-0.07,24.51,91,0,0,1
2026-08-14T09:51:17,1786675878,13.730955,100.789238,12.5,11.94,0.4,-1.8,-89.6,270.4,0.06,-4.96,-0.07,24.51,91,0,0,1
2026-08-14T09:51:18,1786675879,13.730955,100.789238,12.5,11.94,0.4,-2.9,-89.6,270.4,0.06,-4.96,-0.07,24.51,91,0,0,1
2026-08-14T09:51:19,1786675880,13.730956,100.789192,12.4,11.91,0.3,-2.0,-89.5,270.5,0.08,-5.05,-0.07,24.51,91,0,0,1
2026-08-14T09:51:20,1786675881,13.730956,100.789192,12.4,11.91,0.4,-1.5,-89.5,270.5,0.08,-5.05,-0.07,24.51,91,0,0,1
2026-08-14T09:51:21,1786675882,13.730956,100.789154,12.2,11.91,0.4,-1.5,-89.5,270.5,0.08,-5.05,-0.07,24.51,91,AUTO.LOITER,1,1
2026-08-14T09:51:22,1786675883,13.730956,100.789145,12.4,11.9,0.2,-2.6,-89.5,270.5,0.09,-4.98,-0.1,24.51,91,0,0,1
2026-08-14T09:51:23,1786675884,13.730956,100.789145,12.4,11.9,-0.1,-2.9,-89.5,270.5,0.09,-4.98,-0.1,24.51,91,0,0,1
2026-08-14T09:51:24,1786675885,13.730957,100.789099,12.4,11.92,0.2,-2.7,-89.5,270.5,0.05,-5.06,-0.08,24.5,91,0,0,1
2026-08-14T09:51:25,1786675886,13.730957,100.789099,12.4,11.92,0.2,-2.7,-89.5,270.5,0.05,-5.06,-0.08,24.5,91,0,0,1
2026-08-14T09:51:26,1786675887,13.730957,100.789099,12.4,11.92,0.3,-0.9,-89.5,270.5,0.05,-5.06,-0.08,24.5,91,0,0,1
2026-08-14T09:51:27,1786675888,13.730957,100.789053,12.4,11.92,0.3,-2.9,-89.5,270.5,0.06,-4.96,-0.07,24.5,91,0,0,1
2026-08-14T09:51:28,1786675889,13.730957,100.789053,12.4,11.92,0.3,-2.9,-89.5,270.5,0.06,-4.96,-0.07,24.5,91,0,0,1
2026-08-14T09:51:29,1786675890,13.730957,100.789015,12.3,11.92,0.3,-3.7,-89.5,270.5,0.06,-4.96,-0.07,24.5,91,AUTO.LOITER,1,1
2026-08-14T09:51:30,1786675891,13.730957,100.789007,12.4,11.93,0.1,-1.1,-89.5,270.5,0.07,-5.09,-0.06,24.5,91,0,0,1
2026-08-14T09:51:31,1786675892,13.730957,100.789007,12.4,11.93,0.3,-2.7,-89.5,270.5,0.07,-5.09,-0.06,24.5,91,0,0,1
2026-08-14T09:51:32,1786675893,13.730957,100.789007,12.4,11.93,0.3,-2.7,-89.5,270.5,0.07,-5.09,-0.06,24.5,90,0,0,1
2026-08-14T09:51:33,1786675894,13.730957,100.789007,12.4,11.93,0.3,-2.7,-89.5,270.5,0.07,-5.09,-0.06,24.5,90,0,0,1
2026-08-14T09:51:34,1786675895,13.730957,100.789007,12.4,11.93,0.1,-2.2,-89.5,270.5,0.07,-5.09,-0.06,24.5,90,0,0,1
2026-08-14T09:51:35,1786675896,13.730958,100.788914,12.4,11.92,0.2,-3.0,-89.5,270.5,0.05,-4.97,-0.08,24.49,90,0,0,1
2026-08-14T09:51:36,1786675897,13.730958,100.788914,12.4,11.92,0.3,-2.5,-89.5,270.5,0.05,-4.97,-0.08,24.49,90,0,0,1
2026-08-14T09:51:37,1786675898,13.730958,100.788876,12.3,11.92,0.3,-2.5,-89.5,270.5,0.05,-4.97,-0.08,24.49,90,AUTO.LOITER,1,1
2026-08-14T09:51:38,1786675899,13.730959,100.788868,12.4,11.92,0.2,-2.0,-89.5,270.5,0.05,-5.02,-0.07,24.49,90,0,0,1
2026-08-14T09:51:39,1786675900,13.730959,100.788868,12.4,11.92,0.5,-2.2,-89.5,270.5,0.05,-5.02,-0.07,24.49,90,0,0,1
2026-08-14T09:51:40,1786675901,13.730959,100.788822,12.4,11.93,0.6,-3.2,-89.5,270.5,0.07,-5.02,-0.07,24.49,90,0,0,1
2026-08-14T09:51:41,1786675902,13.730959,100.788822,12.4,11.93,0.6,-3.2,-89.5,270.5,0.07,-5.02,-0.07,24.49,90,0,0,1
2026-08-14T09:51:42,1786675903,13.730959,100.788822,12.4,11.93,0.2,-2.1,-89.5,270.5,0.07,-5.02,-0.07,24.49,90,0,0,1
2026-08-14T09:51:43,1786675904,13.730959,100.788775,12.4,11.93,-0.1,-1.4,-89.5,270.5,0.08,-4.99,-0.07,24.48,90,0,0,1
2026-08-14T09:51:44,1786675905,13.730959,100.788775,12.4,11.93,-0.1,-1.4,-89.5,270.5,0.08,-4.99,-0.07,24.48,90,0,0,1
2026-08-14T09:51:45,1786675906,13.730959,100.788775,12.4,11.93,0.2,-3.5,-89.5,270.5,0.08,-4.99,-0.07,24.48,90,0,0,1
2026-08-14T09:51:46,1786675907,13.73096,100.78873,12.4,11.93,0.5,-3.0,-89.5,270.5,0.06,-5.08,-0.07,24.48,90,0,0,1
2026-08-14T09:51:47,1786675908,13.73096,100.78873,12.4,11.93,0.3,-1.4,-89.5,270.5,0.06,-5.08,-0.07,24.48,90,0,0,1
2026-08-14T09:51:48,1786675909,13.73096,100.788691,12.3,11.93,0.3,-1.4,-89.5,270.5,0.06,-5.08,-0.07,24.48,90,AUTO.LOITER,1,1
2026-08-14T09:51:49,1786675910,13.73096,100.788683,12.4,11.91,-0.1,-2.0,-89.5,270.5,0.08,-5.01,-0.09,24.48,90,0,0,1
2026-08-14T09:51:50,1786675911,13.73096,100.788683,12.4,11.91,0.0,-2.3,-89.5,270.5,0.08,-5.01,-0.09,24.48,90,0,0,1
2026-08-14T09:51:51,1786675912,13.730961,100.788637,12.4,11.91,0.1,-3.1,-89.5,270.5,0.06,-5.03,-0.09,24.48,90,0,0,1
2026-08-14T09:51:52,1786675913,13.730961,100.788637,12.4,11.91,0.1,-3.1,-89.5,270.5,0.06,-5.03,-0.09,24.48,90,0,0,1
2026-08-14T09:51:53,1786675914,13.730961,100.788637,12.4,11.91,0.4,-1.8,-89.5,270.5,0.06,-5.03,-0.09,24.48,90,0,0,1
2026-08-14T09:51:54,1786675915,13.730961,100.78859,12.4,11.91,0.6,-1.7,-89.5,270.5,0.07,-5.01,-0.09,24.47,90,0,0,1
2026-08-14T09:51:55,1786675916,13.730961,100.78859,12.4,11.91,0.4,-2.0,-89.5,270.5,0.07,-5.01,-0.09,24.47,90,0,0,1
2026-08-14T09:51:56,1786675917,13.730961,100.788553,12.2,11.91,0.4,-2.0,-89.5,270.5,0.07,-5.01,-0.09,24.47,90,AUTO.LOITER,1,1
2026-08-14T09:51:57,1786675918,13.730961,100.788544,12.4,11.9,0.2,-3.2,-89.5,270.5,0.1,-4.97,-0.1,24.47,90,0,0,1
2026-08-14T09:51:58,1786675919,13.730961,100.788544,12.4,11.9,0.0,-2.3,-89.5,270.5,0.1,-4.97,-0.1,24.47,90,0,0,1
2026-08-14T09:51:59,1786675920,13.730962,100.788498,12.4,11.89,0.0,-2.3,-89.5,270.5,0.08,-5.02,-0.1,24.47,90,AUTO.LOITER,1,1
2026-08-14T09:52:00,1786675921,13.730962,100.788498,12.4,11.89,-0.2,-2.2,-89.5,270.5,0.08,-5.02,-0.1,24.47,90,0,0,1
2026-08-14T09:52:01,1786675922,13.730962,100.788498,12.4,11.89,-0.0,-3.6,-89.5,270.5,0.08,-5.02,-0.1,24.47,90,0,0,1
2026-08-14T09:52:02,1786675923,13.730962,100.788452,12.4,11.89,0.1,-2.5,-89.5,270.5,0.05,-5.16,-0.11,24.46,90,0,0,1
2026-08-14T09:52:03,1786675924,13.730962,100.788452,12.4,11.89,0.1,-2.5,-89.5,270.5,0.05,-5.16,-0.11,24.46,90,0,0,1
2026-08-14T09:52:04,1786675925,13.730962,100.788452,12.4,11.89,0.2,-1.2,-89.5,270.5,0.05,-5.16,-0.11,24.46,90,0,0,1
2026-08-14T09:52:05,1786675926,13.730962,100.788405,12.4,11.88,0.2,-1.4,-89.5,270.5,0.06,-5.05,-0.11,24.46,90,0,0,1
2026-08-14T09:52:06,1786675927,13.730962,100.788405,12.4,11.88,0.2,-1.4,-89.5,270.5,0.06,-5.05,-0.11,24.46,90,0,0,1
2026-08-14T09:52:07,1786675928,13.730962,100.788405,12.4,11.88,0.2,-1.4,-89.5,270.5,0.06,-5.05,-0.11,24.46,90,0,0,1
2026-08-14T09:52:08,1786675929,13.730963,100.788359,12.4,11.87,0.1,-2.9,-89.5,270.5,0.07,-5.01,-0.13,24.46,89,0,0,1
2026-08-14T09:52:09,1786675930,13.730963,100.788359,12.4,11.87,0.4,-1.5,-89.5,270.5,0.07,-5.01,-0.13,24.46,89,0,0,1
2026-08-14T09:52:10,1786675931,13.730963,100.788313,12.4,11.88,0.4,-1.5,-89.5,270.5,0.09,-4.97,-0.12,24.46,89,AUTO.LOITER,1,1
2026-08-14T09:52:11,1786675932,13.730963,100.788313,12.4,11.88,-0.0,-1.9,-89.5,270.5,0.09,-4.97,-0.12,24.46,89,0,0,1
2026-08-14T09:52:12,1786675933,13.730963,100.788313,12.4,11.88,-0.2,-2.6,-89.5,270.5,0.09,-4.97,-0.12,24.46,89,0,0,1
2026-08-14T09:52:13,1786675934,13.730964,100.788267,12.4,11.88,0.1,-2.7,-89.5,270.5,0.05,-5.02,-0.11,24.45,89,0,0,1
2026-08-14T09:52:14,1786675935,13.730964,100.788267,12.4,11.88,0.1,-2.7,-89.5,270.5,0.05,-5.02,-0.11,24.45,89,0,0,1
2026-08-14T09:52:15,1786675936,13.730964,100.788229,12.2,11.88,-0.1,-2.8,-89.5,270.5,0.05,-5.02,-0.11,24.45,89,AUTO.LOITER,1,1
2026-08-14T09:52:16,1786675937,13.730964,100.78822,12.4,11.89,0.0,-1.3,-89.5,270.5,0.05,-5.09,-0.1,24.45,89,0,0,1
2026-08-14T09:52:17,1786675938,13.730964,100.78822,12.4,11.89,0.0,-1.6,-89.5,270.5,0.05,-5.09,-0.1,24.45,89,0,0,1
2026-08-14T09:52:18,1786675939,13.730965,100.788174,12.4,11.9,0.0,-1.6,-89.5,270.5,0.04,-4.98,-0.1,24.45,89,0,0,1
2026-08-14T09:52:19,1786675940,13.730965,100.788174,12.4,11.9,0.0,-2.2,-89.5,270.5,0.04,-4.98,-0.1,24.45,89,0,0,1
2026-08-14T09:52:20,1786675941,13.730965,100.788174,12.4,11.9,-0.1,-2.7,-89.5,270.5,0.04,-4.98,-0.1,24.45,89,0,0,1
2026-08-14T09:52:21,1786675942,13.730965,100.788128,12.4,11.89,-0.1,-2.2,-89.5,270.5,0.04,-5.05,-0.1,24.45,89,0,0,1
2026-08-14T09:52:22,1786675943,13.730965,100.788128,12.4,11.89,-0.1,-2.2,-89.5,270.5,0.04,-5.05,-0.1,24.45,89,0,0,1
2026-08-14T09:52:23,1786675944,13.730965,100.788128,12.4,11.89,-0.1,-2.2,-89.5,270.5,0.04,-5.05,-0.1,24.45,89,0,0,1
2026-08-14T09:52:24,1786675945,13.730965,100.78809,12.1,11.89,0.1,-1.7,-89.5,270.5,0.04,-5.05,-0.1,24.44,89,0,0,1
2026-08-14T09:52:25,1786675946,13.730965,100.78809,12.1,11.89,0.4,-0.7,-89.5,270.5,0.04,-5.05,-0.1,24.44,89,0,0,1
2026-08-14T09:52:26,1786675947,13.730966,100.788035,12.4,11.89,0.4,-0.7,-89.5,270.5,0.06,-4.94,-0.11,24.44,89,AUTO.LOITER,1,1
2026-08-14T09:52:27,1786675948,13.730966,100.788035,12.4,11.89,0.2,-1.9,-89.4,270.6,0.06,-4.94,-0.11,24.44,89,0,0,1
2026-08-14T09:52:28,1786675949,13.730966,100.788035,12.4,11.89,0.0,-3.0,-89.4,270.6,0.06,-4.94,-0.11,24.44,89,0,0,1
2026-08-14T09:52:29,1786675950,13.730966,100.78799,12.4,11.9,-0.0,-2.5,-89.4,270.6,0.07,-5.02,-0.1,24.44,89,0,0,1
2026-08-14T09:52:30,1786675951,13.730966,100.78799,12.4,11.9,-0.0,-2.5,-89.4,270.6,0.07,-5.02,-0.1,24.44,89,0,0,1
2026-08-14T09:52:31,1786675952,13.730966,100.787954,12.2,11.9,-0.1,9.6,-89.4,270.6,0.07,-5.02,-0.1,24.43,89,AUTO.LOITER,1,1
2026-08-14T09:52:32,1786675953,13.730966,100.787948,12.4,11.9,0.0,11.1,-89.4,270.6,0.03,-3.59,-0.08,24.43,89,0,0,1
2026-08-14T09:52:33,1786675954,13.730966,100.787948,12.4,11.9,0.5,5.3,-89.2,270.8,0.03,-3.59,-0.08,24.43,89,0,0,1
2026-08-14T09:52:34,1786675955,13.730967,100.787924,12.4,11.91,0.5,5.3,-89.2,270.8,0.22,-2.04,-0.14,24.43,89,0,0,1
2026-08-14T09:52:35,1786675956,13.730967,100.787924,12.4,11.91,9.9,7.9,-88.4,271.6,0.22,-2.04,-0.14,24.43,89,0,0,1
2026-08-14T09:52:36,1786675957,13.730967,100.787924,12.4,11.91,20.5,10.9,-83.2,276.8,0.22,-2.04,-0.14,24.43,89,0,0,1
2026-08-14T09:52:37,1786675958,13.730983,100.787915,12.5,11.94,13.0,-0.3,-74.4,285.6,2.88,-0.02,-0.06,24.43,89,0,0,1
2026-08-14T09:52:38,1786675959,13.730983,100.787915,12.5,11.94,12.5,-16.7,-60.4,299.6,2.88,-0.02,-0.06,24.43,89,0,0,1
2026-08-14T09:52:39,1786675960,13.731013,100.787911,12.3,11.94,12.5,-16.7,-60.4,299.6,2.88,-0.02,-0.06,24.43,89,AUTO.LOITER,1,1
2026-08-14T09:52:40,1786675961,13.731022,100.78791,12.4,11.93,-1.3,0.3,-39.8,320.2,5.18,-0.89,0.0,24.43,89,0,0,1
2026-08-14T09:52:41,1786675962,13.731022,100.78791,12.4,11.93,-2.3,15.2,-24.8,335.2,5.18,-0.89,0.0,24.43,89,0,0,1
2026-08-14T09:52:42,1786675963,13.731058,100.787903,12.4,11.93,0.4,9.9,-13.3,346.7,2.9,-0.39,0.0,24.42,89,0,0,1
2026-08-14T09:52:43,1786675964,13.731058,100.787903,12.4,11.93,0.4,9.9,-13.3,346.7,2.9,-0.39,0.0,24.42,89,0,0,1
2026-08-14T09:52:44,1786675965,13.731058,100.787903,12.4,11.93,6.8,6.6,-4.9,355.1,2.9,-0.39,0.0,24.42,89,0,0,1
2026-08-14T09:52:45,1786675966,13.731075,100.787902,12.5,11.96,19.7,10.2,5.0,5.0,1.3,0.98,-0.12,24.42,88,0,0,1
2026-08-14T09:52:46,1786675967,13.731075,100.787902,12.5,11.96,12.7,6.8,16.4,16.4,1.3,0.98,-0.12,24.42,88,0,0,1
2026-08-14T09:52:47,1786675968,13.731078,100.787919,12.2,11.96,12.7,6.8,16.4,16.4,1.3,0.98,-0.12,24.42,88,AUTO.LOITER,1,1
2026-08-14T09:52:48,1786675969,13.731077,100.787924,12.4,11.93,14.2,-12.1,28.0,28.0,-0.23,3.45,-0.14,24.42,88,0,0,1
2026-08-14T09:52:49,1786675970,13.731077,100.787924,12.4,11.93,8.3,-9.1,45.7,45.7,-0.23,3.45,-0.14,24.42,88,0,0,1
2026-08-14T09:52:50,1786675971,13.731079,100.787968,12.4,11.92,0.8,3.3,59.7,59.7,0.07,5.21,-0.04,24.41,88,0,0,1
2026-08-14T09:52:51,1786675972,13.731079,100.787968,12.4,11.92,0.8,3.3,59.7,59.7,0.07,5.21,-0.04,24.41,88,0,0,1
2026-08-14T09:52:52,1786675973,13.731079,100.787968,12.4,11.92,3.9,-2.6,70.2,70.2,0.07,5.21,-0.04,24.41,88,0,0,1
2026-08-14T09:52:53,1786675974,13.73108,100.788011,12.4,11.92,1.0,-3.8,80.6,80.6,-0.23,5.01,-0.06,24.41,88,0,0,1
2026-08-14T09:52:54,1786675975,13.73108,100.788011,12.4,11.92,-0.7,-2.2,90.2,90.2,-0.23,5.01,-0.06,24.41,88,0,0,1
2026-08-14T09:52:55,1786675976,13.731081,100.788049,12.1,11.92,-0.7,-2.2,90.2,90.2,-0.23,5.01,-0.06,24.41,88,AUTO.LOITER,1,1
2026-08-14T09:52:56,1786675977,13.73108,100.788057,12.4,11.89,-0.3,-2.4,94.9,94.9,-0.09,5.06,-0.09,24.41,88,0,0,1
2026-08-14T09:52:57,1786675978,13.73108,100.788057,12.4,11.89,0.1,-1.7,93.2,93.2,-0.09,5.06,-0.09,24.41,88,0,0,1
2026-08-14T09:52:58,1786675979,13.73108,100.788104,12.4,11.89,0.1,-1.7,93.2,93.2,-0.06,5.03,-0.09,24.41,88,AUTO.LOITER,1,1
2026-08-14T09:52:59,1786675980,13.73108,100.788104,12.4,11.89,-0.0,-2.0,88.8,88.8,-0.06,5.03,-0.09,24.41,88,0,0,1
2026-08-14T09:53:00,1786675981,13.73108,100.788104,12.4,11.89,-0.0,-2.0,88.8,88.8,-0.06,5.03,-0.09,24.41,88,0,0,1
2026-08-14T09:53:01,1786675982,13.73108,100.788142,12.2,11.89,0.3,-1.0,86.7,86.7,-0.06,5.03,-0.09,24.4,88,0,0,1
2026-08-14T09:53:02,1786675983,13.73108,100.788142,12.2,11.89,0.3,-1.0,86.7,86.7,-0.06,5.03,-0.09,24.4,88,0,0,1
2026-08-14T09:53:03,1786675984,13.73108,100.788142,12.2,11.89,0.1,-2.8,88.7,88.7,-0.06,5.03,-0.09,24.4,88,0,0,1
2026-08-14T09:53:04,1786675985,13.73108,100.788197,12.4,11.9,0.1,-2.8,88.7,88.7,-0.01,4.99,-0.09,24.4,88,0,0,1
2026-08-14T09:53:05,1786675986,13.73108,100.788197,12.4,11.9,-0.3,-1.0,90.5,90.5,-0.01,4.99,-0.09,24.4,88,0,0,1
2026-08-14T09:53:06,1786675987,13.731081,100.788235,12.2,11.9,-0.3,-1.0,90.5,90.5,-0.01,4.99,-0.09,24.4,88,AUTO.LOITER,1,1
2026-08-14T09:53:07,1786675988,13.731081,100.788243,12.4,11.89,-0.4,-1.6,89.7,89.7,0.02,4.93,-0.1,24.4,88,0,0,1
2026-08-14T09:53:08,1786675989,13.731081,100.788243,12.4,11.89,0.2,-3.2,89.0,89.0,0.02,4.93,-0.1,24.4,88,0,0,1
2026-08-14T09:53:09,1786675990,13.731081,100.788289,12.4,11.88,0.1,-1.9,88.8,88.8,0.02,5.04,-0.1,24.39,88,0,0,1
2026-08-14T09:53:10,1786675991,13.731081,100.788289,12.4,11.88,0.1,-1.9,88.8,88.8,0.02,5.04,-0.1,24.39,88,0,0,1
2026-08-14T09:53:11,1786675992,13.731081,100.788289,12.4,11.88,0.1,-1.9,88.8,88.8,0.02,5.04,-0.1,24.39,88,0,0,1
2026-08-14T09:53:12,1786675993,13.731081,100.788336,12.4,11.88,0.1,-1.9,88.8,88.8,0.05,4.87,-0.11,24.39,88,0,0,1
2026-08-14T09:53:13,1786675994,13.731081,100.788336,12.4,11.88,0.0,-2.4,89.7,89.7,0.05,4.87,-0.11,24.39,88,0,0,1
2026-08-14T09:53:14,1786675995,13.731082,100.788382,12.4,11.87,0.0,-2.4,89.7,89.7,0.06,4.99,-0.13,24.39,88,AUTO.LOITER,1,1
2026-08-14T09:53:15,1786675996,13.731082,100.788382,12.4,11.87,-0.2,-1.9,89.6,89.6,0.06,4.99,-0.13,24.39,88,0,0,1
2026-08-14T09:53:16,1786675997,13.731082,100.788382,12.4,11.87,-0.3,-1.8,89.4,89.4,0.06,4.99,-0.13,24.39,88,0,0,1
2026-08-14T09:53:17,1786675998,13.731082,100.788428,12.4,11.85,-0.2,-2.1,89.3,89.3,0.06,4.96,-0.14,24.39,88,0,0,1
2026-08-14T09:53:18,1786675999,13.731082,100.788428,12.4,11.85,-0.2,-2.1,89.3,89.3,0.06,4.96,-0.14,24.39,88,0,0,1
2026-08-14T09:53:19,1786676000,13.731082,100.788428,12.4,11.85,-0.2,-2.2,89.4,89.4,0.06,4.96,-0.14,24.39,88,0,0,1
2026-08-14T09:53:20,1786676001,13.731083,100.788474,12.4,11.86,0.2,-3.4,89.4,89.4,0.06,4.99,-0.14,24.38,88,0,0,1
2026-08-14T09:53:21,1786676002,13.731083,100.788474,12.4,11.86,0.2,-2.3,89.5,89.5,0.06,4.99,-0.14,24.38,88,0,0,1
2026-08-14T09:53:22,1786676003,13.731083,100.788513,12.1,11.86,0.2,-2.3,89.5,89.5,0.06,4.99,-0.14,24.38,87,AUTO.LOITER,1,1
2026-08-14T09:53:23,1786676004,13.731083,100.78852,12.4,11.86,-0.1,-0.3,89.5,89.5,0.02,5.03,-0.13,24.38,87,0,0,1
2026-08-14T09:53:24,1786676005,13.731083,100.78852,12.4,11.86,-0.2,-1.7,89.5,89.5,0.02,5.03,-0.13,24.38,87,0,0,1
2026-08-14T09:53:25,1786676006,13.731084,100.788567,12.4,11.86,-0.1,-2.6,89.4,89.4,0.03,4.96,-0.13,24.38,87,0,0,1
2026-08-14T09:53:26,1786676007,13.731084,100.788567,12.4,11.86,-0.1,-2.6,89.4,89.4,0.03,4.96,-0.13,24.38,87,0,0,1
2026-08-14T09:53:27,1786676008,13.731084,100.788567,12.4,11.86,-0.2,-1.9,89.4,89.4,0.03,4.96,-0.13,24.38,87,0,0,1
2026-08-14T09:53:28,1786676009,13.731084,100.788613,12.4,11.86,-0.2,-2.4,89.5,89.5,0.04,4.96,-0.14,24.38,87,0,0,1
2026-08-14T09:53:29,1786676010,13.731084,100.788613,12.4,11.86,-0.0,-2.5,89.5,89.5,0.04,4.96,-0.14,24.38,87,0,0,1
2026-08-14T09:53:30,1786676011,13.731084,100.788651,12.1,11.86,-0.0,-2.5,89.5,89.5,0.04,4.96,-0.14,24.37,87,AUTO.LOITER,1,1
2026-08-14T09:53:31,1786676012,13.731084,100.788659,12.4,11.86,0.1,-2.6,89.5,89.5,0.04,5.01,-0.14,24.37,87,0,0,1
2026-08-14T09:53:32,1786676013,13.731084,100.788659,12.4,11.86,-0.1,-2.8,89.5,89.5,0.04,5.01,-0.14,24.37,87,0,0,1
2026-08-14T09:53:33,1786676014,13.731085,100.788705,12.4,11.87,-0.1,-2.8,89.5,89.5,0.04,5.07,-0.12,24.37,87,0,0,1
2026-08-14T09:53:34,1786676015,13.731085,100.788705,12.4,11.87,-0.1,-1.4,89.5,89.5,0.04,5.07,-0.12,24.37,87,0,0,1
2026-08-14T09:53:35,1786676016,13.731085,100.788705,12.4,11.87,-0.0,-2.3,89.5,89.5,0.04,5.07,-0.12,24.37,87,0,0,1
2026-08-14T09:53:36,1786676017,13.731085,100.788752,12.4,11.87,-0.1,-1.8,89.5,89.5,0.04,5.0,-0.14,24.37,87,0,0,1
2026-08-14T09:53:37,1786676018,13.731085,100.788752,12.4,11.87,-0.1,-1.8,89.5,89.5,0.04,5.0,-0.14,24.37,87,0,0,1
2026-08-14T09:53:38,1786676019,13.731085,100.788752,12.4,11.87,-0.3,-2.6,89.5,89.5,0.04,5.0,-0.14,24.37,87,0,0,1
2026-08-14T09:53:39,1786676020,13.731086,100.788798,12.3,11.83,0.3,-1.6,89.5,89.5,0.05,5.04,-0.15,24.36,87,0,0,1
2026-08-14T09:53:40,1786676021,13.731086,100.788798,12.3,11.83,0.0,-2.0,89.5,89.5,0.05,5.04,-0.15,24.36,87,0,0,1
2026-08-14T09:53:41,1786676022,13.731086,100.788836,12.0,11.83,0.0,-2.0,89.5,89.5,0.05,5.04,-0.15,24.36,87,AUTO.LOITER,1,1
2026-08-14T09:53:42,1786676023,13.731086,100.788844,12.3,11.81,-0.3,-3.3,89.5,89.5,0.03,4.98,-0.19,24.36,87,0,0,1
2026-08-14T09:53:43,1786676024,13.731086,100.788844,12.3,11.81,-0.3,-3.3,89.5,89.5,0.03,4.98,-0.19,24.36,87,0,0,1
2026-08-14T09:53:44,1786676025,13.731086,100.788844,12.3,11.81,-0.3,-3.3,89.5,89.5,0.03,4.98,-0.19,24.36,87,0,0,1
2026-08-14T09:53:45,1786676026,13.731086,100.788844,12.3,11.81,-0.3,-3.3,89.5,89.5,0.03,4.98,-0.19,24.36,87,0,0,1
2026-08-14T09:53:46,1786676027,13.731086,100.788844,12.3,11.81,-0.3,-3.3,89.5,89.5,0.03,4.98,-0.19,24.36,87,0,0,1
2026-08-14T09:53:47,1786676028,13.731087,100.788937,12.3,11.81,-0.1,-2.3,89.5,89.5,0.03,4.97,-0.18,24.36,87,0,0,1
2026-08-14T09:53:48,1786676029,13.731087,100.788937,12.3,11.81,-0.1,-2.0,89.5,89.5,0.03,4.97,-0.18,24.36,87,0,0,1
2026-08-14T09:53:49,1786676030,13.731087,100.788975,12.0,11.81,-0.1,-2.0,89.5,89.5,0.03,4.97,-0.18,24.35,87,AUTO.LOITER,1,1
2026-08-14T09:53:50,1786676031,13.731087,100.788982,12.3,11.81,-0.4,-2.9,89.5,89.5,0.04,5.0,-0.19,24.35,87,0,0,1
2026-08-14T09:53:51,1786676032,13.731087,100.788982,12.3,11.81,-0.3,-2.2,89.5,89.5,0.04,5.0,-0.19,24.35,87,0,0,1
2026-08-14T09:53:52,1786676033,13.731088,100.789029,12.4,11.84,-0.3,-2.2,89.5,89.5,0.07,4.99,-0.17,24.35,87,0,0,1
2026-08-14T09:53:53,1786676034,13.731088,100.789029,12.4,11.84,0.3,-1.6,89.4,89.4,0.07,4.99,-0.17,24.35,87,0,0,1
2026-08-14T09:53:54,1786676035,13.731088,100.789029,12.4,11.84,0.6,-2.3,89.5,89.5,0.07,4.99,-0.17,24.35,87,0,0,1
2026-08-14T09:53:55,1786676036,13.731088,100.789075,12.3,11.8,0.3,-2.0,89.5,89.5,0.0,5.0,-0.17,24.35,87,0,0,1
2026-08-14T09:53:56,1786676037,13.731088,100.789075,12.3,11.8,0.3,-2.0,89.5,89.5,0.0,5.0,-0.17,24.35,87,0,0,1
2026-08-14T09:53:57,1786676038,13.731088,100.789075,12.3,11.8,-0.3,-2.6,89.5,89.5,0.0,5.0,-0.17,24.35,87,0,0,1
2026-08-14T09:53:58,1786676039,13.731088,100.789121,12.3,11.81,-0.6,-2.8,89.5,89.5,0.03,5.03,-0.19,24.34,87,0,0,1
2026-08-14T09:53:59,1786676040,13.731088,100.789121,12.3,11.81,-0.2,-1.5,89.4,89.4,0.03,5.03,-0.19,24.34,87,0,0,1
2026-08-14T09:54:00,1786676041,13.731089,100.78916,12.0,11.81,-0.2,-1.5,89.4,89.4,0.03,5.03,-0.19,24.34,86,AUTO.LOITER,1,1
2026-08-14T09:54:01,1786676042,13.731089,100.789168,12.3,11.81,-0.2,-1.5,89.4,89.4,0.07,4.99,-0.18,24.34,86,0,0,1
2026-08-14T09:54:02,1786676043,13.731089,100.789168,12.3,11.81,-0.2,-1.5,89.4,89.4,0.07,4.99,-0.18,24.34,86,0,0,1
2026-08-14T09:54:03,1786676044,13.731089,100.789205,12.0,11.81,-0.2,-1.5,89.4,89.4,0.07,4.99,-0.18,24.34,86,0,0,1
2026-08-14T09:54:04,1786676045,13.731089,100.789205,12.0,11.81,-0.1,-2.1,89.5,89.5,0.07,4.99,-0.18,24.34,86,0,0,1
2026-08-14T09:54:05,1786676046,13.731089,100.789205,12.0,11.81,-0.2,-2.7,89.5,89.5,0.07,4.99,-0.18,24.34,86,0,0,1
2026-08-14T09:54:06,1786676047,13.73109,100.789261,12.4,11.85,-0.1,-1.2,89.5,89.5,0.05,5.01,-0.15,24.34,86,0,0,1
2026-08-14T09:54:07,1786676048,13.73109,100.789261,12.4,11.85,-0.1,-1.2,89.5,89.5,0.05,5.01,-0.15,24.34,86,0,0,1
2026-08-14T09:54:08,1786676049,13.73109,100.789261,12.4,11.85,-0.1,-2.9,89.4,89.4,0.05,5.01,-0.15,24.34,86,0,0,1
2026-08-14T09:54:09,1786676050,13.73109,100.789306,12.4,11.87,0.3,-3.0,89.4,89.4,0.06,5.05,-0.12,24.33,86,0,0,1
2026-08-14T09:54:10,1786676051,13.73109,100.789306,12.4,11.87,0.2,-0.8,89.5,89.5,0.06,5.05,-0.12,24.33,86,0,0,1
2026-08-14T09:54:11,1786676052,13.73109,100.789344,12.2,11.87,0.2,-0.8,89.5,89.5,0.06,5.05,-0.12,24.33,86,0,0,1
2026-08-14T09:54:12,1786676053,13.731091,100.789353,12.4,11.9,-0.3,-2.4,89.5,89.5,0.03,4.95,-0.1,24.33,86,0,0,1
2026-08-14T09:54:13,1786676054,13.731091,100.789353,12.4,11.9,-0.0,-3.3,89.5,89.5,0.03,4.95,-0.1,24.33,86,0,0,1
2026-08-14T09:54:14,1786676055,13.731091,100.789399,12.4,11.91,0.3,-1.4,89.5,89.5,0.05,5.04,-0.08,24.33,86,0,0,1
2026-08-14T09:54:15,1786676056,13.731091,100.789399,12.4,11.91,0.3,-1.4,89.5,89.5,0.05,5.04,-0.08,24.33,86,0,0,1
2026-08-14T09:54:16,1786676057,13.731091,100.789399,12.4,11.91,0.3,-2.7,89.5,89.5,0.05,5.04,-0.08,24.33,86,0,0,1
2026-08-14T09:54:17,1786676058,13.731092,100.789445,12.4,11.91,0.3,-2.7,89.5,89.5,0.01,5.05,-0.08,24.33,86,0,0,1
2026-08-14T09:54:18,1786676059,13.731092,100.789445,12.4,11.91,0.3,-2.7,89.5,89.5,0.01,5.05,-0.08,24.33,86,0,0,1
2026-08-14T09:54:19,1786676060,13.731092,100.789445,12.4,11.91,0.3,-2.7,89.5,89.5,0.01,5.05,-0.08,24.33,86,0,0,1
2026-08-14T09:54:20,1786676061,13.731092,100.789492,12.4,11.91,0.0,-2.0,89.5,89.5,0.02,4.94,-0.08,24.32,86,0,0,1
2026-08-14T09:54:21,1786676062,13.731092,100.789492,12.4,11.91,-0.2,-2.9,89.5,89.5,0.02,4.94,-0.08,24.32,86,0,0,1
2026-08-14T09:54:22,1786676063,13.731092,100.789538,12.4,11.92,-0.2,-2.9,89.5,89.5,0.05,5.03,-0.07,24.32,86,0,0,1
2026-08-14T09:54:23,1786676064,13.731092,100.789538,12.4,11.92,-0.2,-2.7,89.4,89.4,0.05,5.03,-0.07,24.32,86,0,0,1
2026-08-14T09:54:24,1786676065,13.731092,100.789538,12.4,11.92,0.2,-1.3,89.4,89.4,0.05,5.03,-0.07,24.32,86,0,0,1
2026-08-14T09:54:25,1786676066,13.731093,100.789584,12.4,11.92,0.2,-2.5,89.4,89.4,0.06,4.93,-0.07,24.32,86,0,0,1
2026-08-14T09:54:26,1786676067,13.731093,100.789584,12.4,11.92,0.2,-2.5,89.4,89.4,0.06,4.93,-0.07,24.32,86,0,0,1
2026-08-14T09:54:27,1786676068,13.731093,100.789584,12.4,11.92,0.1,-2.9,89.5,89.5,0.06,4.93,-0.07,24.32,86,0,0,1
2026-08-14T09:54:28,1786676069,13.731093,100.789631,12.5,11.94,-0.2,-2.1,89.5,89.5,0.05,5.02,-0.06,24.31,86,0,0,1
2026-08-14T09:54:29,1786676070,13.731093,100.789631,12.5,11.94,-0.0,-2.0,89.4,89.4,0.05,5.02,-0.06,24.31,86,0,0,1
2026-08-14T09:54:30,1786676071,13.731094,100.789668,12.3,11.94,-0.0,-2.0,89.4,89.4,0.05,5.02,-0.06,24.31,86,AUTO.LOITER,1,1
2026-08-14T09:54:31,1786676072,13.731093,100.789676,12.4,11.93,0.3,-3.1,89.4,89.4,0.07,4.97,-0.06,24.31,86,0,0,1
2026-08-14T09:54:32,1786676073,13.731093,100.789676,12.4,11.93,0.4,-2.0,89.4,89.4,0.07,4.97,-0.06,24.31,86,0,0,1
2026-08-14T09:54:33,1786676074,13.731094,100.789724,12.5,11.94,0.4,-2.0,89.4,89.4,0.03,4.96,-0.06,24.31,86,0,0,1
2026-08-14T09:54:34,1786676075,13.731094,100.789724,12.5,11.94,0.1,-1.2,89.5,89.5,0.03,4.96,-0.06,24.31,86,0,0,1
2026-08-14T09:54:35,1786676076,13.731094,100.789724,12.5,11.94,0.1,-4.5,89.5,89.5,0.03,4.96,-0.06,24.31,86,0,0,1
2026-08-14T09:54:36,1786676077,13.731094,100.789769,12.5,11.96,0.2,8.7,89.6,89.6,0.04,4.92,-0.07,24.31,86,0,0,1
2026-08-14T09:54:37,1786676078,13.731094,100.789769,12.5,11.96,0.2,8.7,89.6,89.6,0.04,4.92,-0.07,24.31,86,0,0,1
2026-08-14T09:54:38,1786676079,13.731094,100.789769,12.5,11.96,0.1,11.1,89.5,89.5,0.04,4.92,-0.07,24.31,86,0,0,1
2026-08-14T09:54:39,1786676080,13.731094,100.789769,12.5,11.96,0.1,11.1,89.5,89.5,0.04,4.92,-0.07,24.31,86,0,0,1
2026-08-14T09:54:40,1786676081,13.731094,100.789769,12.5,11.96,-1.8,7.0,89.2,89.2,0.04,4.92,-0.07,24.31,86,0,0,1
2026-08-14T09:54:41,1786676082,13.731095,100.78982,12.4,11.96,-1.8,7.0,89.2,89.2,0.04,4.92,-0.07,24.3,85,0,0,1
2026-08-14T09:54:42,1786676083,13.731095,100.789822,12.5,11.99,-5.7,19.5,86.2,86.2,0.36,0.95,-0.09,24.3,85,0,0,1
2026-08-14T09:54:43,1786676084,13.731095,100.789822,12.5,11.99,-5.8,15.8,78.9,78.9,0.36,0.95,-0.09,24.3,85,0,0,1
2026-08-14T09:54:44,1786676085,13.731102,100.789813,12.5,12.0,-13.1,10.1,64.7,64.7,1.06,-2.21,-0.03,24.3,85,0,0,1
2026-08-14T09:54:45,1786676086,13.731102,100.789813,12.5,12.0,-13.1,10.1,64.7,64.7,1.06,-2.21,-0.03,24.3,85,0,0,1
2026-08-14T09:54:46,1786676087,13.731102,100.789813,12.5,12.0,-17.2,7.3,46.9,46.9,1.06,-2.21,-0.03,24.3,85,0,0,1
2026-08-14T09:54:47,1786676088,13.731113,100.789789,12.4,12.0,-8.7,-3.5,33.3,33.3,1.06,-2.21,-0.03,24.29,85,0,0,1
2026-08-14T09:54:48,1786676089,13.731113,100.789789,12.4,12.0,2.8,0.8,19.8,19.8,1.06,-2.21,-0.03,24.29,85,0,0,1
2026-08-14T09:54:49,1786676090,13.731113,100.789789,12.4,12.0,2.8,0.8,19.8,19.8,1.06,-2.21,-0.03,24.29,85,0,0,1
2026-08-14T09:54:50,1786676091,13.731113,100.789789,12.4,12.0,-6.3,-0.2,8.9,8.9,1.06,-2.21,-0.03,24.29,85,0,0,1
2026-08-14T09:54:51,1786676092,13.731113,100.789789,12.4,12.0,-2.9,-2.1,-2.0,358.0,1.06,-2.21,-0.03,24.29,85,0,0,1
2026-08-14T09:54:52,1786676093,13.731159,100.789702,12.5,11.98,-0.5,-1.7,-14.0,346.0,2.33,-4.59,0.0,24.29,85,0,0,1
2026-08-14T09:54:53,1786676094,13.731159,100.789702,12.5,11.98,-0.5,-1.7,-14.0,346.0,2.33,-4.59,0.0,24.29,85,0,0,1
2026-08-14T09:54:54,1786676095,13.731159,100.789702,12.5,11.98,7.6,8.3,-26.9,333.1,2.33,-4.59,0.0,24.29,85,0,0,1
2026-08-14T09:54:55,1786676096,13.731179,100.789665,12.5,11.98,2.9,8.8,-40.0,320.0,1.7,-3.16,0.01,24.29,85,0,0,1
2026-08-14T09:54:56,1786676097,13.731179,100.789665,12.5,11.98,2.9,8.8,-40.0,320.0,1.7,-3.16,0.01,24.29,85,0,0,1
2026-08-14T09:54:57,1786676098,13.731179,100.789665,12.5,11.98,-0.4,6.1,-53.0,307.0,1.7,-3.16,0.01,24.29,85,0,0,1
2026-08-14T09:54:58,1786676099,13.73119,100.789642,12.5,11.97,-0.3,6.4,-64.1,295.9,0.82,-1.94,-0.02,24.28,85,0,0,1
2026-08-14T09:54:59,1786676100,13.73119,100.789642,12.5,11.97,-3.2,-0.6,-70.9,289.1,0.82,-1.94,-0.02,24.28,85,0,0,1
2026-08-14T09:55:00,1786676101,13.731196,100.789627,12.5,11.97,-3.2,-0.6,-70.9,289.1,0.82,-1.94,-0.02,24.28,85,0,0,1
2026-08-14T09:55:01,1786676102,13.731196,100.789626,12.5,12.0,1.2,6.0,-76.8,283.2,0.21,-1.6,-0.02,24.28,85,0,0,1
2026-08-14T09:55:02,1786676103,13.731196,100.789626,12.5,12.0,-8.0,2.1,-81.2,278.8,0.21,-1.6,-0.02,24.28,85,0,0,1
2026-08-14T09:55:03,1786676104,13.731198,100.789614,12.5,12.0,-8.0,2.1,-81.2,278.8,0.21,-1.6,-0.02,24.28,85,AUTO.LOITER,1,1
2026-08-14T09:55:04,1786676105,13.731197,100.789614,12.5,11.97,2.0,8.8,-85.7,274.3,-0.38,-0.82,0.35,24.28,85,0,0,1
2026-08-14T09:55:05,1786676106,13.731197,100.789614,12.5,11.97,2.6,11.4,-86.1,273.9,-0.38,-0.82,0.35,24.28,85,0,0,1
2026-08-14T09:55:06,1786676107,13.731195,100.789612,11.4,10.89,2.6,11.4,-86.1,273.9,-0.07,0.4,1.07,24.27,85,0,0,1
2026-08-14T09:55:07,1786676108,13.731195,100.789612,11.4,10.89,1.5,-1.6,-84.0,276.0,-0.07,0.4,1.07,24.27,85,0,0,1
2026-08-14T09:55:08,1786676109,13.731195,100.789612,11.4,10.89,-1.5,-2.4,-81.7,278.3,-0.07,0.4,1.07,24.27,85,0,0,1
2026-08-14T09:55:09,1786676110,13.731196,100.789611,10.7,10.89,-1.5,-2.4,-81.7,278.3,-0.07,0.4,1.07,24.27,85,0,0,1
2026-08-14T09:55:10,1786676111,13.731196,100.789611,10.7,10.89,-1.5,-2.4,-81.7,278.3,-0.07,0.4,1.07,24.27,85,0,0,1
2026-08-14T09:55:11,1786676112,13.731196,100.789611,10.7,10.89,0.7,1.3,-82.2,277.8,-0.07,0.4,1.07,24.27,85,0,0,1
2026-08-14T09:55:12,1786676113,13.731196,100.789612,10.1,10.89,0.7,1.3,-82.2,277.8,-0.07,0.4,1.07,24.27,85,AUTO.LOITER,1,1
2026-08-14T09:55:13,1786676114,13.731196,100.789613,10.0,9.49,0.9,-1.1,-83.4,276.6,-0.01,0.21,0.47,24.27,85,0,0,1
2026-08-14T09:55:14,1786676115,13.731196,100.789613,10.0,9.49,0.4,-1.7,-83.8,276.2,-0.01,0.21,0.47,24.27,85,0,0,1
2026-08-14T09:55:15,1786676116,13.731196,100.789613,10.0,9.49,0.4,-1.7,-83.8,276.2,-0.01,0.21,0.47,24.27,85,0,0,1
2026-08-14T09:55:16,1786676117,13.731196,100.789613,9.5,9.03,-0.2,-0.7,-83.6,276.4,0.06,0.02,0.42,24.27,84,0,0,1
2026-08-14T09:55:17,1786676118,13.731196,100.789613,9.5,9.03,0.1,-0.1,-83.1,276.9,0.06,0.02,0.42,24.27,84,0,0,1
2026-08-14T09:55:18,1786676119,13.731196,100.789613,9.5,9.03,0.1,-0.1,-83.1,276.9,0.06,0.02,0.42,24.27,84,0,0,1
2026-08-14T09:55:19,1786676120,13.731196,100.789613,9.1,8.63,0.1,-0.6,-82.9,277.1,0.04,0.02,0.4,24.26,84,0,0,1
2026-08-14T09:55:20,1786676121,13.731196,100.789613,9.1,8.63,-0.1,-1.0,-83.0,277.0,0.04,0.02,0.4,24.26,84,0,0,1
2026-08-14T09:55:21,1786676122,13.731196,100.789614,8.8,8.63,-0.1,-1.0,-83.0,277.0,0.04,0.02,0.4,24.26,84,AUTO.LOITER,1,1
2026-08-14T09:55:22,1786676123,13.731196,100.789614,8.7,8.23,-0.4,-0.8,-83.2,276.8,0.03,-0.03,0.38,24.26,84,0,0,1
2026-08-14T09:55:23,1786676124,13.731196,100.789614,8.7,8.23,-0.4,-0.8,-83.2,276.8,0.03,-0.03,0.38,24.26,84,0,0,1
2026-08-14T09:55:24,1786676125,13.731196,100.789614,8.4,8.23,-0.4,-0.8,-83.2,276.8,0.03,-0.03,0.38,24.26,84,0,0,1
2026-08-14T09:55:25,1786676126,13.731196,100.789614,8.4,7.85,0.2,-0.7,-83.4,276.6,0.02,-0.04,0.4,24.26,84,0,0,1
2026-08-14T09:55:26,1786676127,13.731196,100.789614,8.4,7.85,-0.0,-0.6,-83.3,276.7,0.02,-0.04,0.4,24.26,84,0,0,1
2026-08-14T09:55:27,1786676128,13.731197,100.789614,8.0,7.85,-0.0,-0.6,-83.3,276.7,0.02,-0.04,0.4,24.25,84,AUTO.LOITER,1,1
2026-08-14T09:55:28,1786676129,13.731197,100.789614,8.0,7.46,-0.3,-0.5,-83.2,276.8,0.03,-0.05,0.4,24.25,84,0,0,1
2026-08-14T09:55:29,1786676130,13.731197,100.789614,8.0,7.46,-0.3,-0.7,-83.2,276.8,0.03,-0.05,0.4,24.25,84,0,0,1
2026-08-14T09:55:30,1786676131,13.731197,100.789614,7.7,7.46,-0.3,-0.7,-83.2,276.8,0.03,-0.05,0.4,24.25,84,AUTO.LOITER,1,1
2026-08-14T09:55:31,1786676132,13.731197,100.789614,7.6,7.08,-0.5,-0.8,-83.2,276.8,0.0,-0.06,0.41,24.25,84,0,0,1
2026-08-14T09:55:32,1786676133,13.731197,100.789614,7.6,7.08,-0.2,-0.7,-83.3,276.7,0.0,-0.06,0.41,24.25,84,0,0,1
2026-08-14T09:55:33,1786676134,13.731197,100.789613,7.2,6.7,-0.2,-0.7,-83.3,276.7,-0.02,-0.07,0.44,24.25,84,0,0,1
2026-08-14T09:55:34,1786676135,13.731197,100.789613,7.2,6.7,-0.1,-0.4,-83.3,276.7,-0.02,-0.07,0.44,24.25,84,0,0,1
2026-08-14T09:55:35,1786676136,13.731197,100.789613,7.2,6.7,-0.4,-0.3,-83.3,276.7,-0.02,-0.07,0.44,24.25,84,0,0,1
2026-08-14T09:55:36,1786676137,13.731198,100.789613,6.9,6.34,-0.4,-0.3,-83.3,276.7,-0.05,-0.04,0.33,24.25,84,AUTO.LOITER,1,1
2026-08-14T09:55:37,1786676138,13.731198,100.789613,6.9,6.34,-0.5,-0.5,-83.3,276.7,-0.05,-0.04,0.33,24.25,84,0,0,1
2026-08-14T09:55:38,1786676139,13.731198,100.789613,6.9,6.34,0.1,-0.6,-83.3,276.7,-0.05,-0.04,0.33,24.25,84,0,0,1
2026-08-14T09:55:39,1786676140,13.731198,100.789613,6.5,6.02,0.1,-0.4,-83.3,276.7,-0.04,-0.04,0.33,24.24,84,0,0,1
2026-08-14T09:55:40,1786676141,13.731198,100.789613,6.5,6.02,0.1,-0.4,-83.3,276.7,-0.04,-0.04,0.33,24.24,84,0,0,1
2026-08-14T09:55:41,1786676142,13.731198,100.789613,6.5,6.02,-0.4,-0.5,-83.3,276.7,-0.04,-0.04,0.33,24.24,84,0,0,1
2026-08-14T09:55:42,1786676143,13.731198,100.789613,6.2,5.73,-0.4,-0.4,-83.3,276.7,-0.05,-0.04,0.33,24.24,84,0,0,1
2026-08-14T09:55:43,1786676144,13.731198,100.789613,6.2,5.73,-0.4,-0.4,-83.3,276.7,-0.05,-0.04,0.33,24.24,84,0,0,1
2026-08-14T09:55:44,1786676145,13.731198,100.789613,6.2,5.73,0.1,-0.5,-83.3,276.7,-0.05,-0.04,0.33,24.24,84,0,0,1
2026-08-14T09:55:45,1786676146,13.731198,100.789613,6.0,5.46,0.1,-0.4,-83.3,276.7,-0.03,-0.04,0.36,24.24,84,0,0,1
2026-08-14T09:55:46,1786676147,13.731198,100.789613,6.0,5.46,-0.0,-0.4,-83.3,276.7,-0.03,-0.04,0.36,24.24,84,0,0,1
2026-08-14T09:55:47,1786676148,13.731198,100.789613,6.0,5.46,-0.0,-0.4,-83.3,276.7,-0.03,-0.04,0.36,24.24,84,0,0,1
2026-08-14T09:55:48,1786676149,13.731198,100.789613,5.7,5.15,0.3,-0.5,-83.3,276.7,-0.01,-0.03,0.35,24.24,84,0,0,1
2026-08-14T09:55:49,1786676150,13.731198,100.789613,5.7,5.15,0.1,-0.7,-83.3,276.7,-0.01,-0.03,0.35,24.24,84,0,0,1
2026-08-14T09:55:50,1786676151,13.731198,100.789614,5.5,5.15,0.1,-0.7,-83.3,276.7,-0.01,-0.03,0.35,24.23,84,AUTO.LOITER,1,1
2026-08-14T09:55:51,1786676152,13.731198,100.789613,5.4,4.85,-0.3,-0.5,-83.3,276.7,0.01,-0.05,0.34,24.23,84,0,0,1
2026-08-14T09:55:52,1786676153,13.731198,100.789613,5.4,4.85,-0.4,-0.3,-83.3,276.7,0.01,-0.05,0.34,24.23,84,0,0,1
2026-08-14T09:55:53,1786676154,13.731198,100.789613,5.1,4.55,-0.4,-0.3,-83.3,276.7,-0.02,-0.04,0.34,24.23,84,AUTO.LAND,1,1
2026-08-14T09:55:54,1786676155,13.731198,100.789613,5.1,4.55,-0.0,-0.3,-83.3,276.7,-0.02,-0.04,0.34,24.23,84,0,0,1
2026-08-14T09:55:55,1786676156,13.731198,100.789613,5.1,4.55,0.1,-0.2,-83.3,276.7,-0.02,-0.04,0.34,24.23,84,0,0,1
2026-08-14T09:55:56,1786676157,13.731198,100.789613,4.8,4.26,-0.1,-0.3,-83.3,276.7,-0.01,-0.02,0.35,24.23,83,0,0,1
2026-08-14T09:55:57,1786676158,13.731198,100.789613,4.8,4.26,-0.1,-0.3,-83.3,276.7,-0.01,-0.02,0.35,24.23,83,0,0,1
2026-08-14T09:55:58,1786676159,13.731198,100.789613,4.8,4.26,-0.2,-0.3,-83.3,276.7,-0.01,-0.02,0.35,24.23,83,0,0,1
2026-08-14T09:55:59,1786676160,13.731198,100.789613,4.5,3.94,0.2,-0.2,-83.3,276.7,-0.03,-0.01,0.34,24.23,83,0,0,1
2026-08-14T09:56:00,1786676161,13.731198,100.789613,4.5,3.94,0.1,-0.2,-83.3,276.7,-0.03,-0.01,0.34,24.23,83,0,0,1
2026-08-14T09:56:01,1786676162,13.731198,100.789613,4.1,3.63,0.1,-0.2,-83.3,276.7,-0.02,0.0,0.33,24.22,83,AUTO.LAND,1,1
2026-08-14T09:56:02,1786676163,13.731198,100.789613,4.1,3.63,-0.2,-0.4,-83.3,276.7,-0.02,0.0,0.33,24.22,83,0,0,1
2026-08-14T09:56:03,1786676164,13.731198,100.789613,4.1,3.63,0.0,-0.5,-83.3,276.7,-0.02,0.0,0.33,24.22,83,0,0,1
2026-08-14T09:56:04,1786676165,13.731198,100.789613,3.9,3.33,0.3,-0.5,-83.3,276.7,-0.02,-0.02,0.32,24.22,83,0,0,1
2026-08-14T09:56:05,1786676166,13.731198,100.789613,3.9,3.33,0.3,-0.5,-83.3,276.7,-0.02,-0.02,0.32,24.22,83,0,0,1
2026-08-14T09:56:06,1786676167,13.731198,100.789613,3.9,3.33,0.3,-0.4,-83.3,276.7,-0.02,-0.02,0.32,24.22,83,0,0,1
2026-08-14T09:56:07,1786676168,13.731198,100.789613,3.5,3.02,0.0,-0.2,-83.3,276.7,0.0,-0.02,0.31,24.22,83,0,0,1
2026-08-14T09:56:08,1786676169,13.731198,100.789613,3.5,3.02,-0.3,0.0,-83.3,276.7,0.0,-0.02,0.31,24.22,83,0,0,1
2026-08-14T09:56:09,1786676170,13.731198,100.789613,3.2,2.72,0.1,-0.2,-83.3,276.7,-0.03,0.0,0.3,24.22,83,0,0,1
2026-08-14T09:56:10,1786676171,13.731198,100.789613,3.2,2.72,0.1,-0.2,-83.3,276.7,-0.03,0.0,0.3,24.22,83,0,0,1
2026-08-14T09:56:11,1786676172,13.731198,100.789613,3.2,2.72,0.1,-0.2,-83.3,276.7,-0.03,0.0,0.3,24.22,83,0,0,1
2026-08-14T09:56:12,1786676173,13.731198,100.789613,3.2,2.72,0.0,-0.1,-83.3,276.7,-0.03,0.0,0.3,24.22,83,0,0,1
2026-08-14T09:56:13,1786676174,13.731198,100.789613,3.2,2.72,0.0,-0.1,-83.3,276.7,-0.03,0.0,0.3,24.22,83,0,0,1
2026-08-14T09:56:14,1786676175,13.731198,100.789613,3.2,2.72,0.0,-0.1,-83.3,276.7,-0.03,0.0,0.3,24.22,83,0,0,1
2026-08-14T09:56:15,1786676176,13.731198,100.789613,3.2,2.72,0.0,-0.1,-83.3,276.7,-0.03,0.0,0.3,24.22,83,0,0,1
2026-08-14T09:56:16,1786676177,13.731198,100.789613,3.2,2.72,0.5,-0.0,-83.3,276.7,-0.03,0.0,0.3,24.22,83,0,0,1
2026-08-14T09:56:17,1786676178,13.731198,100.789613,2.3,1.8,0.5,-0.3,-83.3,276.7,-0.02,0.0,0.29,24.2,83,0,0,1
2026-08-14T09:56:18,1786676179,13.731198,100.789613,2.3,1.8,0.5,-0.3,-83.3,276.7,-0.02,0.0,0.29,24.2,83,0,0,1
2026-08-14T09:56:19,1786676180,13.731198,100.789613,2.1,1.8,0.2,-0.4,-83.3,276.7,-0.02,0.0,0.29,24.2,83,AUTO.LAND,1,1
2026-08-14T09:56:20,1786676181,13.731198,100.789613,2.0,1.49,-0.0,0.0,-83.3,276.7,0.0,0.0,0.28,24.2,83,0,0,1
2026-08-14T09:56:21,1786676182,13.731198,100.789613,2.0,1.49,0.3,-0.1,-83.3,276.7,0.0,0.0,0.28,24.2,83,0,0,1
2026-08-14T09:56:22,1786676183,13.731198,100.789613,1.7,1.18,0.1,-0.6,-83.3,276.7,0.0,0.02,0.27,24.2,83,0,0,1
2026-08-14T09:56:23,1786676184,13.731198,100.789613,1.7,1.18,0.1,-0.6,-83.3,276.7,0.0,0.02,0.27,24.2,83,0,0,1
2026-08-14T09:56:24,1786676185,13.731198,100.789613,1.5,1.18,0.0,-0.3,-83.3,276.7,0.0,0.02,0.27,24.2,83,AUTO.LAND,1,1
2026-08-14T09:56:25,1786676186,13.731198,100.789613,1.4,0.89,0.3,-0.2,-83.3,276.7,-0.01,0.0,0.28,24.2,83,0,0,1
2026-08-14T09:56:26,1786676187,13.731198,100.789613,1.4,0.89,0.3,-0.1,-83.3,276.7,-0.01,0.0,0.28,24.2,83,0,0,1
2026-08-14T09:56:27,1786676188,13.731198,100.789613,1.1,0.6,0.2,-0.3,-83.3,276.7,0.0,0.0,0.29,24.19,83,0,0,1
2026-08-14T09:56:28,1786676189,13.731198,100.789613,1.1,0.6,0.3,-0.2,-83.3,276.7,0.0,0.0,0.29,24.19,83,0,0,1
2026-08-14T09:56:29,1786676190,13.731198,100.789613,0.8,0.6,0.3,-0.2,-83.3,276.7,0.0,0.0,0.29,24.19,83,AUTO.LAND,1,1
2026-08-14T09:56:30,1786676191,13.731198,100.789613,0.8,0.3,0.2,-0.5,-83.3,276.7,0.0,0.0,0.29,24.19,83,0,0,1
2026-08-14T09:56:31,1786676192,13.731198,100.789613,0.8,0.3,-0.1,-0.7,-83.3,276.7,0.0,0.0,0.29,24.19,83,0,0,1
2026-08-14T09:56:32,1786676193,13.731198,100.789613,0.6,0.04,-0.1,-0.3,-83.3,276.7,0.0,-0.01,-0.02,24.19,82,0,0,1
2026-08-14T09:56:33,1786676194,13.731198,100.789613,0.6,0.04,0.1,-0.3,-83.3,276.7,0.0,-0.01,-0.02,24.19,82,0,0,1
2026-08-14T09:56:34,1786676195,13.731198,100.789613,0.6,0.04,0.1,-0.3,-83.3,276.7,0.0,-0.01,-0.02,24.19,82,0,0,1
2026-08-14T09:56:35,1786676196,13.731198,100.789613,0.6,0.04,0.2,-0.2,-83.3,276.7,0.0,-0.01,-0.02,24.19,82,0,0,1
2026-08-14T09:56:36,1786676197,13.731198,100.789613,0.6,0.04,0.2,-0.2,-83.3,276.7,0.0,-0.01,-0.02,24.19,82,0,0,1
2026-08-14T09:56:37,1786676198,13.731198,100.789613,0.6,0.08,0.2,-0.2,-83.3,276.7,0.02,-0.01,-0.03,24.18,82,0,0,0
2026-08-14T09:56:38,1786676199,13.731198,100.789613,0.6,0.08,0.2,-0.2,-83.3,276.7,0.02,-0.01,-0.03,24.18,82,0,0,0
2026-08-14T09:56:39,1786676200,13.731198,100.789613,0.6,0.07,0.2,-0.2,-83.3,276.7,0.03,0.0,-0.01,24.18,82,0,0,0
2026-08-14T09:56:40,1786676201,13.731198,100.789613,0.6,0.07,0.2,-0.2,-83.3,276.7,0.03,0.0,-0.01,24.18,82,0,0,0
2026-08-14T09:56:41,1786676202,13.731198,100.789613,0.6,0.07,0.2,-0.2,-83.3,276.7,0.03,0.0,-0.01,24.18,82,0,0,0
2026-08-14T09:56:42,1786676203,13.731198,100.789613,0.6,0.05,0.2,-0.2,-83.3,276.7,0.02,0.0,0.0,24.18,82,0,0,0
2026-08-14T09:56:43,1786676204,13.731198,100.789613,0.6,0.05,0.2,-0.1,-83.3,276.7,0.02,0.0,0.0,24.18,82,0,0,0
2026-08-14T09:56:44,1786676205,13.731198,100.789613,0.5,-0.01,0.2,-0.1,-83.3,276.7,0.0,0.0,0.0,24.17,82,AUTO.TAKEOFF,1,0
2026-08-14T09:56:45,1786676206,13.731198,100.789613,0.5,-0.01,0.2,-0.1,-83.3,276.7,0.0,0.0,0.0,24.17,82,0,0,0
2026-08-14T09:56:46,1786676207,13.731198,100.789613,0.5,-0.01,0.2,-0.1,-83.3,276.7,0.0,0.0,0.0,24.17,82,0,0,0
2026-08-14T09:56:47,1786676208,13.731198,100.789613,0.6,-0.0,0.4,0.5,-83.3,276.7,0.0,-0.01,-0.09,24.17,82,0,0,1
2026-08-14T09:56:48,1786676209,13.731198,100.789613,0.6,-0.0,0.6,0.1,-83.3,276.7,0.0,-0.01,-0.09,24.17,82,0,0,1
2026-08-14T09:56:49,1786676210,13.731198,100.789613,1.2,0.67,0.1,-1.0,-83.3,276.7,0.04,0.03,-1.24,24.17,82,AUTO.TAKEOFF,1,1
2026-08-14T09:56:50,1786676211,13.731198,100.789613,1.2,0.67,0.1,-1.0,-83.3,276.7,0.04,0.03,-1.24,24.17,82,0,0,1
2026-08-14T09:56:51,1786676212,13.731198,100.789613,1.2,0.67,-0.3,-0.3,-83.3,276.7,0.04,0.03,-1.24,24.17,82,0,0,1
2026-08-14T09:56:52,1786676213,13.731198,100.789613,2.8,2.26,0.1,0.3,-84.2,275.8,0.0,-0.03,-1.5,24.17,82,0,0,1
2026-08-14T09:56:53,1786676214,13.731198,100.789613,2.8,2.26,0.3,-0.2,-84.4,275.6,0.0,-0.03,-1.5,24.17,82,0,0,1
2026-08-14T09:56:54,1786676215,13.731199,100.789613,3.8,3.28,0.3,-0.2,-84.4,275.6,0.0,-0.02,-1.15,24.16,82,0,0,1
2026-08-14T09:56:55,1786676216,13.731199,100.789613,3.8,3.28,-0.1,-0.4,-84.5,275.5,0.0,-0.02,-1.15,24.16,82,0,0,1
2026-08-14T09:56:56,1786676217,13.731199,100.789613,3.8,3.28,-0.1,-0.4,-84.5,275.5,0.0,-0.02,-1.15,24.16,82,0,0,1
2026-08-14T09:56:57,1786676218,13.731199,100.789613,4.9,4.38,-0.1,-0.4,-84.5,275.5,-0.01,-0.01,-1.09,24.16,82,0,0,1
2026-08-14T09:56:58,1786676219,13.731199,100.789613,4.9,4.38,-0.1,-0.4,-84.5,275.5,-0.01,-0.01,-1.09,24.16,82,0,0,1
2026-08-14T09:56:59,1786676220,13.731199,100.789613,5.7,4.38,0.3,-0.1,-84.4,275.6,-0.01,-0.01,-1.09,24.16,82,AUTO.LOITER,1,1
2026-08-14T09:57:00,1786676221,13.731198,100.789613,6.0,5.43,0.4,-0.4,-84.4,275.6,-0.01,0.0,-1.06,24.16,82,0,0,1
2026-08-14T09:57:01,1786676222,13.731198,100.789613,6.0,5.43,0.3,-0.2,-84.5,275.5,-0.01,0.0,-1.06,24.16,82,0,0,1
2026-08-14T09:57:02,1786676223,13.731198,100.789613,7.0,6.45,0.3,-0.2,-84.5,275.5,0.0,-0.01,-1.05,24.16,82,AUTO.LOITER,1,1
2026-08-14T09:57:03,1786676224,13.731198,100.789613,7.0,6.45,0.1,-0.1,-84.4,275.6,0.0,-0.01,-1.05,24.16,82,0,0,1
2026-08-14T09:57:04,1786676225,13.731198,100.789613,7.0,6.45,0.1,-0.2,-84.3,275.7,0.0,-0.01,-1.05,24.16,82,0,0,1
2026-08-14T09:57:05,1786676226,13.731198,100.789613,8.0,7.49,0.2,0.1,-84.4,275.6,-0.01,-0.02,-1.03,24.15,82,0,0,1
2026-08-14T09:57:06,1786676227,13.731198,100.789613,8.0,7.49,0.2,0.1,-84.4,275.6,-0.01,-0.02,-1.03,24.15,82,0,0,1
2026-08-14T09:57:07,1786676228,13.731198,100.789613,8.0,7.49,0.6,0.5,-84.5,275.5,-0.01,-0.02,-1.03,24.15,82,0,0,1
2026-08-14T09:57:08,1786676229,13.731198,100.789613,9.1,8.5,0.4,0.2,-84.4,275.6,0.0,0.02,-1.01,24.15,81,0,0,1
2026-08-14T09:57:09,1786676230,13.731198,100.789613,9.1,8.5,0.2,-0.1,-84.4,275.6,0.0,0.02,-1.01,24.15,81,0,0,1
2026-08-14T09:57:10,1786676231,13.731198,100.789614,9.8,8.5,0.2,-0.1,-84.4,275.6,0.0,0.02,-1.01,24.15,81,AUTO.LOITER,1,1
2026-08-14T09:57:11,1786676232,13.731198,100.789613,10.1,9.5,0.2,-0.3,-84.4,275.6,0.0,0.01,-1.01,24.15,81,0,0,1
2026-08-14T09:57:12,1786676233,13.731198,100.789613,10.1,9.5,0.1,-0.2,-84.4,275.6,0.0,0.01,-1.01,24.15,81,0,0,1
2026-08-14T09:57:13,1786676234,13.731199,100.789613,11.0,10.49,0.0,-0.0,-84.4,275.6,-0.01,0.0,-0.93,24.14,81,0,0,1
2026-08-14T09:57:14,1786676235,13.731199,100.789613,11.0,10.49,0.0,-0.0,-84.4,275.6,-0.01,0.0,-0.93,24.14,81,0,0,1
2026-08-14T09:57:15,1786676236,13.731199,100.789613,11.0,10.49,0.0,-0.0,-84.4,275.6,-0.01,0.0,-0.93,24.14,81,0,0,1
2026-08-14T09:57:16,1786676237,13.731198,100.789613,11.7,11.14,0.0,-0.0,-84.4,275.6,0.0,0.0,-0.55,24.14,81,0,0,1
2026-08-14T09:57:17,1786676238,13.731198,100.789613,11.7,11.14,0.0,-0.0,-84.4,275.6,0.0,0.0,-0.55,24.14,81,0,0,1
2026-08-14T09:57:18,1786676239,13.731198,100.789613,11.7,11.14,-15.1,-16.0,-83.0,277.0,0.0,0.0,-0.55,24.14,81,0,0,1
2026-08-14T09:57:19,1786676240,13.731192,100.789605,12.1,11.54,-10.4,-19.0,-92.3,267.7,-1.64,-2.2,-0.27,24.14,81,0,0,1
2026-08-14T09:57:20,1786676241,13.731192,100.789605,12.1,11.54,-2.3,-16.3,-109.9,250.1,-1.64,-2.2,-0.27,24.14,81,0,0,1
2026-08-14T09:57:21,1786676242,13.731169,100.789571,12.1,11.58,-2.3,-16.3,-109.9,250.1,-2.9,-4.32,-0.08,24.14,81,AUTO.LOITER,1,1
2026-08-14T09:57:22,1786676243,13.731169,100.789571,12.1,11.58,0.7,2.2,-126.0,234.0,-2.9,-4.32,-0.08,24.14,81,0,0,1
2026-08-14T09:57:23,1786676244,13.731169,100.789571,12.1,11.58,-0.2,-1.8,-134.3,225.7,-2.9,-4.32,-0.08,24.14,81,0,0,1
2026-08-14T09:57:24,1786676245,13.731145,100.789534,12.2,11.63,0.8,-6.7,-132.4,227.6,-2.76,-4.01,-0.1,24.13,81,0,0,1
2026-08-14T09:57:25,1786676246,13.731145,100.789534,12.2,11.63,0.8,-6.7,-132.4,227.6,-2.76,-4.01,-0.1,24.13,81,0,0,1
2026-08-14T09:57:26,1786676247,13.731145,100.789534,12.2,11.63,-0.4,-2.9,-125.4,234.6,-2.76,-4.01,-0.1,24.13,81,0,0,1
2026-08-14T09:57:27,1786676248,13.73112,100.789497,12.2,11.64,-0.4,-1.6,-120.8,239.2,-2.94,-4.15,-0.08,24.13,81,0,0,1
2026-08-14T09:57:28,1786676249,13.73112,100.789497,12.2,11.64,0.1,-3.5,-120.9,239.1,-2.94,-4.15,-0.08,24.13,81,0,0,1
2026-08-14T09:57:29,1786676250,13.731099,100.789467,12.1,11.64,0.1,-3.5,-120.9,239.1,-2.94,-4.15,-0.08,24.13,81,AUTO.LOITER,1,1
2026-08-14T09:57:30,1786676251,13.731099,100.789467,12.1,11.64,0.3,-2.0,-123.9,236.1,-2.94,-4.15,-0.08,24.13,81,0,0,1
2026-08-14T09:57:31,1786676252,13.731099,100.789467,12.1,11.64,0.3,-2.0,-123.9,236.1,-2.94,-4.15,-0.08,24.13,81,0,0,1
2026-08-14T09:57:32,1786676253,13.731068,100.789421,12.2,11.68,0.0,-2.7,-126.9,233.1,-2.9,-4.1,-0.11,24.12,81,0,0,1
2026-08-14T09:57:33,1786676254,13.731068,100.789421,12.2,11.68,0.0,-2.7,-126.9,233.1,-2.9,-4.1,-0.11,24.12,81,0,0,1
2026-08-14T09:57:34,1786676255,13.731068,100.789421,12.2,11.68,0.1,-2.2,-125.7,234.3,-2.9,-4.1,-0.11,24.12,81,0,0,1
2026-08-14T09:57:35,1786676256,13.731042,100.789383,12.3,11.7,0.4,-0.7,-124.4,235.6,-2.89,-4.07,-0.12,24.12,81,0,0,1
2026-08-14T09:57:36,1786676257,13.731042,100.789383,12.3,11.7,0.4,-0.7,-124.4,235.6,-2.89,-4.07,-0.12,24.12,81,0,0,1
2026-08-14T09:57:37,1786676258,13.731042,100.789383,12.3,11.7,0.5,-2.8,-124.1,235.9,-2.89,-4.07,-0.12,24.12,81,0,0,1
2026-08-14T09:57:38,1786676259,13.731016,100.789346,12.3,11.73,0.2,-2.6,-124.5,235.5,-2.86,-4.12,-0.12,24.12,81,0,0,1
2026-08-14T09:57:39,1786676260,13.731016,100.789346,12.3,11.73,-0.2,-1.6,-125.1,234.9,-2.86,-4.12,-0.12,24.12,81,0,0,1
2026-08-14T09:57:40,1786676261,13.73099,100.789307,12.3,11.76,-0.2,-1.6,-125.1,234.9,-2.86,-4.07,-0.13,24.12,81,AUTO.LOITER,1,1
2026-08-14T09:57:41,1786676262,13.73099,100.789307,12.3,11.76,0.4,-0.8,-125.4,234.6,-2.86,-4.07,-0.13,24.12,81,0,0,1
2026-08-14T09:57:42,1786676263,13.73099,100.789307,12.3,11.76,0.8,-2.9,-125.2,234.8,-2.86,-4.07,-0.13,24.12,81,0,0,1
2026-08-14T09:57:43,1786676264,13.730964,100.78927,12.4,11.8,0.6,-1.7,-124.8,235.2,-2.82,-4.1,-0.12,24.11,81,0,0,1
2026-08-14T09:57:44,1786676265,13.730964,100.78927,12.4,11.8,0.6,-1.7,-124.8,235.2,-2.82,-4.1,-0.12,24.11,81,0,0,1
2026-08-14T09:57:45,1786676266,13.730944,100.789239,12.2,11.8,-0.3,-2.1,-124.7,235.3,-2.82,-4.1,-0.12,24.11,80,AUTO.LOITER,1,1
2026-08-14T09:57:46,1786676267,13.730944,100.789239,12.2,11.8,-0.3,-2.8,-124.9,235.1,-2.82,-4.1,-0.12,24.11,80,0,0,1
2026-08-14T09:57:47,1786676268,13.730944,100.789239,12.2,11.8,-0.0,4.4,-125.1,234.9,-2.82,-4.1,-0.12,24.11,80,0,0,1
2026-08-14T09:57:48,1786676269,13.730914,100.789195,12.4,11.89,-0.0,4.4,-125.1,234.9,-2.33,-3.26,-0.1,24.11,80,AUTO.LOITER,1,1
2026-08-14T09:57:49,1786676270,13.730914,100.789195,12.4,11.89,0.8,12.8,-125.1,234.9,-2.33,-3.26,-0.1,24.11,80,0,0,1
2026-08-14T09:57:50,1786676271,13.730914,100.789195,12.4,11.89,1.5,6.8,-124.7,235.3,-2.33,-3.26,-0.1,24.11,80,0,0,1
2026-08-14T09:57:51,1786676272,13.730899,100.789174,12.4,11.88,0.1,4.4,-124.1,235.9,-1.21,-1.93,-0.1,24.11,80,0,0,1
2026-08-14T09:57:52,1786676273,13.730899,100.789174,12.4,11.88,0.1,4.4,-124.1,235.9,-1.21,-1.93,-0.1,24.11,80,0,0,1
2026-08-14T09:57:53,1786676274,13.730899,100.789174,12.4,11.88,-1.1,2.8,-124.4,235.6,-1.21,-1.93,-0.1,24.11,80,0,0,1
2026-08-14T09:57:54,1786676275,13.730891,100.789161,12.3,11.88,0.1,8.6,-126.8,233.2,-1.21,-1.93,-0.1,24.1,80,AUTO.LOITER,1,1
2026-08-14T09:57:55,1786676276,13.730891,100.789161,12.3,11.88,0.1,8.6,-126.8,233.2,-1.21,-1.93,-0.1,24.1,80,0,0,1
2026-08-14T09:57:56,1786676277,13.730891,100.789161,12.3,11.88,-3.0,-2.3,-129.0,231.0,-1.21,-1.93,-0.1,24.1,80,0,0,1
2026-08-14T09:57:57,1786676278,13.730883,100.789151,12.2,11.88,1.0,11.3,-129.7,230.3,-1.21,-1.93,-0.1,24.1,80,0,0,1
2026-08-14T09:57:58,1786676279,13.730883,100.789151,12.2,11.88,1.0,11.3,-129.7,230.3,-1.21,-1.93,-0.1,24.1,80,0,0,1
2026-08-14T09:57:59,1786676280,13.730883,100.789151,12.2,11.88,1.7,4.6,-129.0,231.0,-1.21,-1.93,-0.1,24.1,80,0,0,1
2026-08-14T09:58:00,1786676281,13.73088,100.789149,11.1,10.49,0.8,3.0,-127.6,232.4,0.1,0.08,0.95,24.1,80,0,0,1
2026-08-14T09:58:01,1786676282,13.73088,100.789149,11.1,10.49,0.8,3.0,-127.6,232.4,0.1,0.08,0.95,24.1,80,0,0,1
2026-08-14T09:58:02,1786676283,13.73088,100.789149,11.1,10.49,-1.3,-2.9,-126.8,233.2,0.1,0.08,0.95,24.1,80,0,0,1
2026-08-14T09:58:03,1786676284,13.730881,100.789149,10.3,9.75,-0.5,-0.6,-126.9,233.1,-0.05,0.0,0.55,24.09,80,0,0,1
2026-08-14T09:58:04,1786676285,13.730881,100.789149,10.3,9.75,-0.5,-0.6,-126.9,233.1,-0.05,0.0,0.55,24.09,80,0,0,1
2026-08-14T09:58:05,1786676286,13.730881,100.789149,10.3,9.75,0.0,0.8,-127.5,232.5,-0.05,0.0,0.55,24.09,80,0,0,1
2026-08-14T09:58:06,1786676287,13.730881,100.78915,9.7,9.75,0.0,0.8,-127.5,232.5,-0.05,0.0,0.55,24.09,80,0,0,1
2026-08-14T09:58:07,1786676288,13.730881,100.78915,9.7,9.75,0.0,0.8,-127.5,232.5,-0.05,0.0,0.55,24.09,80,0,0,1
2026-08-14T09:58:08,1786676289,13.730881,100.78915,9.7,9.75,0.2,-0.7,-128.0,232.0,-0.05,0.0,0.55,24.09,80,0,0,1
2026-08-14T09:58:09,1786676290,13.730881,100.78915,9.5,8.94,-0.4,-0.6,-127.8,232.2,-0.05,-0.02,0.24,24.09,80,0,0,1
2026-08-14T09:58:10,1786676291,13.730881,100.78915,9.5,8.94,-0.2,-0.3,-127.5,232.5,-0.05,-0.02,0.24,24.09,80,0,0,1
2026-08-14T09:58:11,1786676292,13.730881,100.789149,9.1,8.94,-0.2,-0.3,-127.5,232.5,-0.05,-0.02,0.24,24.09,80,AUTO.LAND,1,1
2026-08-14T09:58:12,1786676293,13.730881,100.789149,9.2,8.65,0.2,-0.1,-127.5,232.5,-0.09,-0.01,0.22,24.09,80,0,0,1
2026-08-14T09:58:13,1786676294,13.730881,100.789149,9.2,8.65,0.1,0.1,-127.6,232.4,-0.09,-0.01,0.22,24.09,80,0,0,1
2026-08-14T09:58:14,1786676295,13.730881,100.789149,8.9,8.38,0.1,0.1,-127.7,232.3,-0.05,0.0,0.24,24.08,80,AUTO.LAND,1,1
2026-08-14T09:58:15,1786676296,13.730881,100.789149,8.9,8.38,0.1,0.1,-127.7,232.3,-0.05,0.0,0.24,24.08,80,0,0,1
2026-08-14T09:58:16,1786676297,13.730881,100.789149,8.9,8.38,0.0,-0.5,-127.8,232.2,-0.05,0.0,0.24,24.08,80,0,0,1
2026-08-14T09:58:17,1786676298,13.730881,100.789149,8.7,8.09,0.0,-0.5,-127.8,232.2,-0.05,0.0,0.25,24.08,80,AUTO.LAND,1,1
2026-08-14T09:58:18,1786676299,13.730881,100.789149,8.7,8.09,0.0,-0.5,-127.8,232.2,-0.05,0.0,0.25,24.08,80,0,0,1
2026-08-14T09:58:19,1786676300,13.730881,100.789149,8.7,8.09,0.3,0.0,-127.7,232.3,-0.05,0.0,0.25,24.08,80,0,0,1
2026-08-14T09:58:20,1786676301,13.73088,100.78915,8.4,7.8,0.3,0.0,-127.7,232.3,-0.02,-0.01,0.25,24.08,80,0,0,1
2026-08-14T09:58:21,1786676302,13.73088,100.78915,8.4,7.8,0.3,-0.5,-127.7,232.3,-0.02,-0.01,0.25,24.08,80,0,0,1
2026-08-14T09:58:22,1786676303,13.730881,100.78915,8.0,7.8,0.3,-0.5,-127.7,232.3,-0.02,-0.01,0.25,24.07,80,AUTO.LAND,1,1
2026-08-14T09:58:23,1786676304,13.73088,100.78915,8.1,7.5,0.1,-0.1,-127.7,232.3,-0.02,-0.05,0.24,24.07,80,0,0,1
2026-08-14T09:58:24,1786676305,13.73088,100.78915,8.1,7.5,0.1,0.3,-127.7,232.3,-0.02,-0.05,0.24,24.07,80,0,0,1
2026-08-14T09:58:25,1786676306,13.73088,100.78915,7.8,7.22,0.3,-0.2,-127.7,232.3,0.0,-0.01,0.26,24.07,79,0,0,1
2026-08-14T09:58:26,1786676307,13.73088,100.78915,7.8,7.22,0.3,-0.2,-127.7,232.3,0.0,-0.01,0.26,24.07,79,0,0,1
2026-08-14T09:58:27,1786676308,13.73088,100.78915,7.8,7.22,-0.0,-0.2,-127.7,232.3,0.0,-0.01,0.26,24.07,79,0,0,1
2026-08-14T09:58:28,1786676309,13.73088,100.789149,7.5,6.92,0.2,-0.1,-127.7,232.3,-0.03,-0.02,0.26,24.07,79,0,0,1
2026-08-14T09:58:29,1786676310,13.73088,100.789149,7.5,6.92,0.8,0.5,-127.7,232.3,-0.03,-0.02,0.26,24.07,79,0,0,1
2026-08-14T09:58:30,1786676311,13.73088,100.789149,7.2,6.61,0.8,0.5,-127.7,232.3,0.02,-0.01,0.24,24.07,79,AUTO.LAND,1,1
2026-08-14T09:58:31,1786676312,13.73088,100.789149,7.2,6.61,0.2,0.2,-127.7,232.3,0.02,-0.01,0.24,24.07,79,0,0,1
2026-08-14T09:58:32,1786676313,13.73088,100.789149,7.2,6.61,-0.0,-0.2,-127.7,232.3,0.02,-0.01,0.24,24.07,79,0,0,1
2026-08-14T09:58:33,1786676314,13.73088,100.789149,6.9,6.32,0.2,-0.3,-127.7,232.3,0.0,0.0,0.25,24.06,79,0,0,1
2026-08-14T09:58:34,1786676315,13.73088,100.789149,6.9,6.32,0.2,-0.3,-127.7,232.3,0.0,0.0,0.25,24.06,79,0,0,1
2026-08-14T09:58:35,1786676316,13.73088,100.789149,6.9,6.32,-0.2,0.2,-127.7,232.3,0.0,0.0,0.25,24.06,79,0,0,1
2026-08-14T09:58:36,1786676317,13.730881,100.789149,6.6,6.0,-0.2,-0.0,-127.7,232.3,-0.03,0.02,0.23,24.06,79,0,0,1
2026-08-14T09:58:37,1786676318,13.730881,100.789149,6.6,6.0,0.1,-0.3,-127.7,232.3,-0.03,0.02,0.23,24.06,79,0,0,1
2026-08-14T09:58:38,1786676319,13.730881,100.789149,6.3,5.71,0.1,-0.3,-127.7,232.3,-0.05,0.01,0.24,24.06,79,AUTO.LAND,1,1
2026-08-14T09:58:39,1786676320,13.730881,100.789149,6.3,5.71,0.3,0.2,-127.7,232.3,-0.05,0.01,0.24,24.06,79,0,0,1
2026-08-14T09:58:40,1786676321,13.730881,100.789149,6.3,5.71,0.2,0.4,-127.7,232.3,-0.05,0.01,0.24,24.06,79,0,0,1
2026-08-14T09:58:41,1786676322,13.73088,100.789149,6.0,5.41,0.4,0.1,-127.7,232.3,-0.01,0.03,0.24,24.05,79,0,0,1
2026-08-14T09:58:42,1786676323,13.73088,100.789149,6.0,5.41,0.4,0.1,-127.7,232.3,-0.01,0.03,0.24,24.05,79,0,0,1
2026-08-14T09:58:43,1786676324,13.73088,100.789149,6.0,5.41,0.4,0.1,-127.7,232.3,-0.01,0.03,0.24,24.05,79,0,0,1
2026-08-14T09:58:44,1786676325,13.73088,100.789149,5.7,5.1,0.4,0.1,-127.7,232.3,-0.01,0.0,0.24,24.05,79,0,0,1
2026-08-14T09:58:45,1786676326,13.73088,100.789149,5.7,5.1,-0.0,0.2,-127.7,232.3,-0.01,0.0,0.24,24.05,79,0,0,1
2026-08-14T09:58:46,1786676327,13.73088,100.789149,5.4,4.79,0.5,0.0,-127.7,232.3,-0.02,0.02,0.23,24.05,79,0,0,1
2026-08-14T09:58:47,1786676328,13.73088,100.789149,5.4,4.79,0.5,0.0,-127.7,232.3,-0.02,0.02,0.23,24.05,79,0,0,1
2026-08-14T09:58:48,1786676329,13.73088,100.789149,5.4,4.79,0.7,-0.2,-127.7,232.3,-0.02,0.02,0.23,24.05,79,0,0,1
2026-08-14T09:58:49,1786676330,13.73088,100.789149,5.0,4.48,0.1,-0.2,-127.7,232.3,0.01,-0.01,0.21,24.05,79,0,0,1
2026-08-14T09:58:50,1786676331,13.73088,100.789149,5.0,4.48,0.1,-0.2,-127.7,232.3,0.01,-0.01,0.21,24.05,79,0,0,1
2026-08-14T09:58:51,1786676332,13.73088,100.789149,5.0,4.48,0.1,-0.2,-127.7,232.3,0.01,-0.01,0.21,24.05,79,0,0,1
2026-08-14T09:58:52,1786676333,13.73088,100.789149,4.6,4.48,0.2,0.5,-127.7,232.3,0.01,-0.01,0.21,24.04,79,0,0,1
2026-08-14T09:58:53,1786676334,13.73088,100.789149,4.6,4.48,0.2,0.2,-127.7,232.3,0.01,-0.01,0.21,24.04,79,0,0,1
2026-08-14T09:58:54,1786676335,13.73088,100.789149,4.3,4.48,0.2,0.2,-127.7,232.3,0.01,-0.01,0.21,24.04,79,AUTO.LAND,1,1
2026-08-14T09:58:55,1786676336,13.73088,100.789149,4.4,3.87,0.4,-0.3,-127.7,232.3,0.02,0.04,0.2,24.04,79,0,0,1
2026-08-14T09:58:56,1786676337,13.73088,100.789149,4.4,3.87,0.3,-0.2,-127.7,232.3,0.02,0.04,0.2,24.04,79,0,0,1
2026-08-14T09:58:57,1786676338,13.73088,100.789149,4.1,3.56,0.1,0.1,-127.7,232.3,0.01,0.0,0.19,24.04,79,0,0,1
2026-08-14T09:58:58,1786676339,13.73088,100.789149,4.1,3.56,0.1,0.1,-127.7,232.3,0.01,0.0,0.19,24.04,79,0,0,1
2026-08-14T09:58:59,1786676340,13.73088,100.789149,4.1,3.56,0.1,0.1,-127.7,232.3,0.01,0.0,0.19,24.04,79,0,0,1
2026-08-14T09:59:00,1786676341,13.73088,100.789149,3.8,3.27,0.4,0.1,-127.7,232.3,0.0,0.01,0.2,24.04,79,0,0,1
2026-08-14T09:59:01,1786676342,13.73088,100.789149,3.8,3.27,0.4,0.1,-127.7,232.3,0.0,0.01,0.2,24.04,79,0,0,1
2026-08-14T09:59:02,1786676343,13.73088,100.789149,3.8,3.27,0.4,0.1,-127.7,232.3,0.0,0.01,0.2,24.04,79,0,0,1
2026-08-14T09:59:03,1786676344,13.73088,100.789149,3.5,2.97,0.0,-0.2,-127.7,232.3,0.01,0.01,0.2,24.04,79,0,0,1
2026-08-14T09:59:04,1786676345,13.73088,100.789149,3.5,2.97,0.2,-0.2,-127.7,232.3,0.01,0.01,0.2,24.04,79,0,0,1
2026-08-14T09:59:05,1786676346,13.73088,100.789149,3.2,2.67,0.2,-0.2,-127.7,232.3,0.0,0.0,0.19,24.03,78,0,0,1
2026-08-14T09:59:06,1786676347,13.73088,100.789149,3.2,2.67,-0.2,0.2,-127.7,232.3,0.0,0.0,0.19,24.03,78,0,0,1
2026-08-14T09:59:07,1786676348,13.73088,100.789149,3.2,2.67,0.1,-0.0,-127.7,232.3,0.0,0.0,0.19,24.03,78,0,0,1
2026-08-14T09:59:08,1786676349,13.73088,100.789149,2.9,2.37,0.8,-0.2,-127.7,232.3,0.0,0.02,0.19,24.03,78,0,0,1
2026-08-14T09:59:09,1786676350,13.73088,100.789149,2.9,2.37,0.8,-0.2,-127.7,232.3,0.0,0.02,0.19,24.03,78,0,0,1
2026-08-14T09:59:10,1786676351,13.730881,100.78915,2.4,2.37,0.8,-0.2,-127.7,232.3,0.0,0.02,0.19,24.02,78,AUTO.LAND,1,1
2026-08-14T09:59:11,1786676352,13.73088,100.78915,2.6,2.05,0.0,-0.3,-127.7,232.3,0.04,-0.02,0.18,24.02,78,0,0,1
2026-08-14T09:59:12,1786676353,13.73088,100.78915,2.6,2.05,-0.1,-0.4,-127.7,232.3,0.04,-0.02,0.18,24.02,78,0,0,1
2026-08-14T09:59:13,1786676354,13.73088,100.78915,2.3,1.73,0.2,-0.3,-127.7,232.3,-0.01,-0.02,0.15,24.02,78,0,0,1
2026-08-14T09:59:14,1786676355,13.73088,100.78915,2.3,1.73,0.2,-0.3,-127.7,232.3,-0.01,-0.02,0.15,24.02,78,0,0,1
2026-08-14T09:59:15,1786676356,13.730881,100.789149,1.8,1.73,0.1,0.1,-127.7,232.3,-0.01,-0.02,0.15,24.02,78,AUTO.LAND,1,1
2026-08-14T09:59:16,1786676357,13.73088,100.789149,2.0,1.43,0.1,0.1,-127.7,232.3,-0.01,0.0,0.15,24.02,78,0,0,1
2026-08-14T09:59:17,1786676358,13.73088,100.789149,2.0,1.43,-0.0,-0.2,-127.7,232.3,-0.01,0.0,0.15,24.02,78,0,0,1
2026-08-14T09:59:18,1786676359,13.730881,100.789149,1.7,1.14,0.4,-0.5,-127.7,232.3,-0.03,0.0,0.15,24.02,78,0,0,1
2026-08-14T09:59:19,1786676360,13.730881,100.789149,1.7,1.14,0.4,-0.5,-127.7,232.3,-0.03,0.0,0.15,24.02,78,0,0,1
2026-08-14T09:59:20,1786676361,13.730881,100.789149,1.7,1.14,0.4,-0.4,-127.7,232.3,-0.03,0.0,0.15,24.02,78,0,0,1
2026-08-14T09:59:21,1786676362,13.730881,100.789149,1.4,0.84,-0.0,-0.3,-127.7,232.3,-0.02,-0.02,0.15,24.01,78,0,0,1
2026-08-14T09:59:22,1786676363,13.730881,100.789149,1.4,0.84,0.4,-0.2,-127.7,232.3,-0.02,-0.02,0.15,24.01,78,0,0,1
2026-08-14T09:59:23,1786676364,13.73088,100.789149,1.1,0.54,0.4,0.2,-127.7,232.3,-0.02,0.0,0.15,24.01,78,0,0,1
2026-08-14T09:59:24,1786676365,13.73088,100.789149,1.1,0.54,0.1,-0.2,-127.7,232.3,-0.02,0.0,0.15,24.01,78,0,0,1
2026-08-14T09:59:25,1786676366,13.73088,100.789149,0.8,0.24,0.1,-0.2,-127.7,232.3,0.04,0.08,-0.18,24.01,78,0,0,1
2026-08-14T09:59:26,1786676367,13.73088,100.789149,0.8,0.24,0.2,0.0,-127.8,232.2,0.04,0.08,-0.18,24.01,78,0,0,1
2026-08-14T09:59:27,1786676368,13.73088,100.789149,0.8,0.24,0.2,0.0,-127.8,232.2,0.04,0.08,-0.18,24.01,78,0,0,1
2026-08-14T09:59:28,1786676369,13.73088,100.789149,0.8,0.24,0.2,0.0,-127.8,232.2,0.04,0.08,-0.18,24.01,78,0,0,1
2026-08-14T09:59:29,1786676370,13.73088,100.789149,0.8,0.24,0.3,-0.2,-127.8,232.2,0.04,0.08,-0.18,24.01,78,0,0,1
2026-08-14T09:59:30,1786676371,13.730881,100.789149,0.8,0.27,0.3,-0.2,-127.8,232.2,0.01,0.0,-0.16,24.0,78,0,0,1
2026-08-14T09:59:31,1786676372,13.730881,100.789149,0.8,0.27,0.3,-0.2,-127.8,232.2,0.01,0.0,-0.16,24.0,78,0,0,1
2026-08-14T09:59:32,1786676373,13.730881,100.789149,0.8,0.27,0.3,-0.3,-127.8,232.2,0.01,0.0,-0.16,24.0,78,0,0,1
2026-08-14T09:59:33,1786676374,13.730881,100.789149,0.8,0.27,0.3,-0.2,-127.8,232.2,0.02,0.0,-0.15,24.0,78,0,0,0
2026-08-14T09:59:34,1786676375,13.730881,100.789149,0.8,0.27,0.3,-0.3,-127.8,232.2,0.02,0.0,-0.15,24.0,78,0,0,0
2026-08-14T09:59:35,1786676376,13.730881,100.789149,0.8,0.28,0.3,-0.3,-127.8,232.2,0.01,-0.02,-0.14,24.0,78,0,0,0
2026-08-14T09:59:36,1786676377,13.730881,100.789149,0.8,0.28,0.3,-0.3,-127.8,232.2,0.01,-0.02,-0.14,24.0,78,0,0,0
2026-08-14T09:59:37,1786676378,13.730881,100.789149,0.8,0.28,0.3,-0.3,-127.8,232.2,0.01,-0.02,-0.14,24.0,78,0,0,0
2026-08-14T09:59:38,1786676379,13.730881,100.789149,0.8,0.28,0.3,-0.3,-127.8,232.2,0.0,-0.02,-0.13,24.0,78,0,0,0
2026-08-14T09:59:39,1786676380,13.730881,100.789149,0.8,0.28,0.3,-0.3,-127.7,232.3,0.0,-0.02,-0.13,24.0,78,0,0,0
2026-08-14T09:59:40,1786676381,13.730881,100.789149,0.8,0.01,0.3,-0.3,-127.7,232.3,0.0,0.0,-0.13,23.99,77,0,0,0
2026-08-14T09:59:41,1786676382,13.730881,100.789149,0.8,0.01,0.3,-0.3,-127.7,232.3,0.0,0.0,-0.13,23.99,77,0,0,0
2026-08-14T09:59:42,1786676383,13.730881,100.789149,0.8,0.01,0.3,-0.3,-127.7,232.3,0.0,0.0,-0.13,23.99,77,0,0,0
2026-08-14T09:59:43,1786676384,13.730881,100.789149,0.9,0.02,-0.2,-1.3,-127.8,232.2,-0.03,0.0,-0.18,23.99,77,0,0,1
2026-08-14T09:59:44,1786676385,13.730881,100.789149,0.9,0.02,1.0,0.5,-127.7,232.3,-0.03,0.0,-0.18,23.99,77,0,0,1
2026-08-14T09:59:45,1786676386,13.730881,100.789149,0.9,0.02,0.5,1.1,-127.7,232.3,-0.03,0.0,-0.18,23.99,77,0,0,1
2026-08-14T09:59:46,1786676387,13.730881,100.789149,0.9,0.02,0.5,1.1,-127.7,232.3,-0.03,0.0,-0.18,23.99,77,0,0,1
2026-08-14T09:59:47,1786676388,13.730881,100.789149,0.9,0.02,0.1,-0.5,-127.7,232.3,-0.03,0.0,-0.18,23.99,77,0,0,1
2026-08-14T09:59:48,1786676389,13.730881,100.789149,3.0,2.21,0.1,-1.2,-128.2,231.8,0.04,0.01,-1.6,23.98,77,0,0,1
2026-08-14T09:59:49,1786676390,13.730881,100.789149,3.0,2.21,0.3,-0.7,-128.2,231.8,0.04,0.01,-1.6,23.98,77,0,0,1
2026-08-14T09:59:50,1786676391,13.730881,100.789149,4.1,3.23,0.3,-0.7,-128.2,231.8,-0.01,-0.03,-1.22,23.98,77,0,0,1
2026-08-14T09:59:51,1786676392,13.730881,100.789149,4.1,3.23,0.5,-0.1,-128.3,231.7,-0.01,-0.03,-1.22,23.98,77,0,0,1
2026-08-14T09:59:52,1786676393,13.730881,100.789149,4.1,3.23,0.1,-0.4,-128.1,231.9,-0.01,-0.03,-1.22,23.98,77,0,0,1
2026-08-14T09:59:53,1786676394,13.730881,100.789149,5.2,4.33,-0.1,-0.4,-128.1,231.9,-0.02,-0.02,-1.16,23.98,77,0,0,1
2026-08-14T09:59:54,1786676395,13.730881,100.789149,5.2,4.33,-0.1,-0.4,-128.1,231.9,-0.02,-0.02,-1.16,23.98,77,0,0,1
2026-08-14T09:59:55,1786676396,13.730881,100.789149,5.2,4.33,0.3,-0.1,-128.2,231.8,-0.02,-0.02,-1.16,23.98,77,0,0,1
2026-08-14T09:59:56,1786676397,13.730881,100.789149,6.2,5.34,0.4,-0.3,-128.3,231.7,-0.02,0.0,-1.14,23.97,77,0,0,1
2026-08-14T09:59:57,1786676398,13.730881,100.789149,6.2,5.34,0.4,-0.2,-128.3,231.7,-0.02,0.0,-1.14,23.97,77,0,0,1
2026-08-14T09:59:58,1786676399,13.730881,100.78915,6.8,5.34,0.4,-0.2,-128.3,231.7,-0.02,0.0,-1.14,23.97,77,0,0,1
2026-08-14T09:59:59,1786676400,13.730881,100.789149,7.2,6.36,0.6,-0.5,-128.2,231.8,0.0,-0.01,-1.13,23.97,77,0,0,1
2026-08-14T10:00:00,1786676401,13.730881,100.789149,7.2,6.36,0.2,-0.6,-128.2,231.8,0.0,-0.01,-1.13,23.97,77,0,0,1
2026-08-14T10:00:01,1786676402,13.730881,100.789149,8.2,7.38,0.2,-0.6,-128.2,231.8,-0.01,-0.04,-1.1,23.97,77,0,0,1
2026-08-14T10:00:02,1786676403,13.730881,100.789149,8.2,7.38,0.2,-0.6,-128.2,231.8,-0.01,-0.04,-1.1,23.97,77,0,0,1
2026-08-14T10:00:03,1786676404,13.730881,100.789149,8.2,7.38,-0.1,-0.3,-128.2,231.8,-0.01,-0.04,-1.1,23.97,77,0,0,1
2026-08-14T10:00:04,1786676405,13.730881,100.789149,9.2,8.38,-0.1,-0.3,-128.2,231.8,-0.05,0.0,-1.09,23.96,77,AUTO.LOITER,1,1
2026-08-14T10:00:05,1786676406,13.730881,100.789149,9.2,8.38,-0.1,-0.3,-128.2,231.8,-0.05,0.0,-1.09,23.96,77,0,0,1
2026-08-14T10:00:06,1786676407,13.730881,100.789149,9.2,8.38,0.5,0.1,-128.3,231.7,-0.05,0.0,-1.09,23.96,77,0,0,1
2026-08-14T10:00:07,1786676408,13.730881,100.789149,10.2,9.4,0.1,-0.0,-128.2,231.8,0.0,0.0,-1.08,23.96,77,0,0,1
2026-08-14T10:00:08,1786676409,13.730881,100.789149,10.2,9.4,0.2,-0.2,-128.2,231.8,0.0,0.0,-1.08,23.96,77,0,0,1
2026-08-14T10:00:09,1786676410,13.730881,100.789149,10.9,9.4,0.2,-0.2,-128.2,231.8,0.0,0.0,-1.08,23.96,77,AUTO.LOITER,1,1
2026-08-14T10:00:10,1786676411,13.730881,100.789149,11.2,10.41,0.3,-0.0,-128.3,231.7,0.0,0.01,-1.0,23.96,77,0,0,1
2026-08-14T10:00:11,1786676412,13.730881,100.789149,11.2,10.41,0.2,-0.4,-128.3,231.7,0.0,0.01,-1.0,23.96,77,0,0,1
2026-08-14T10:00:12,1786676413,13.730881,100.789149,11.9,11.08,0.4,-0.4,-128.2,231.8,-0.01,0.0,-0.59,23.96,77,AUTO.LOITER,1,1
2026-08-14T10:00:13,1786676414,13.730881,100.789149,11.9,11.08,0.4,-0.4,-128.2,231.8,-0.01,0.0,-0.59,23.96,77,0,0,1
2026-08-14T10:00:14,1786676415,13.730881,100.789149,11.9,11.08,15.4,-4.6,-127.9,232.1,-0.01,0.0,-0.59,23.96,77,0,0,1
2026-08-14T10:00:15,1786676416,13.730885,100.789144,12.4,11.52,17.7,-13.7,-121.6,238.4,1.08,-1.74,-0.29,23.96,77,AUTO.LOITER,1,1
2026-08-14T10:00:16,1786676417,13.730885,100.789144,12.4,11.52,17.7,-13.7,-121.6,238.4,1.08,-1.74,-0.29,23.96,77,0,0,1
2026-08-14T10:00:17,1786676418,13.730885,100.789144,12.4,11.52,17.7,-13.7,-121.6,238.4,1.08,-1.74,-0.29,23.96,77,0,0,1
2026-08-14T10:00:18,1786676419,13.7309,100.789113,12.4,11.57,8.7,-6.8,-92.2,267.8,1.98,-4.54,-0.07,23.96,77,0,0,1
2026-08-14T10:00:19,1786676420,13.7309,100.789113,12.4,11.57,-0.7,2.3,-75.8,284.2,1.98,-4.54,-0.07,23.96,77,0,0,1
2026-08-14T10:00:20,1786676421,13.73092,100.789072,12.4,11.61,-0.7,2.3,-75.8,284.2,2.18,-4.33,-0.07,23.95,76,AUTO.LOITER,1,1
2026-08-14T10:00:21,1786676422,13.73092,100.789072,12.4,11.61,-0.5,-5.0,-64.1,295.9,2.18,-4.33,-0.07,23.95,76,0,0,1
2026-08-14T10:00:22,1786676423,13.73092,100.789072,12.4,11.61,-0.1,-4.7,-58.1,301.9,2.18,-4.33,-0.07,23.95,76,0,0,1
2026-08-14T10:00:23,1786676424,13.730939,100.789032,12.5,11.65,0.2,-3.0,-57.9,302.1,2.3,-4.59,-0.07,23.95,76,AUTO.LOITER,1,1
2026-08-14T10:00:24,1786676425,13.730939,100.789032,12.5,11.65,0.2,-3.0,-57.9,302.1,2.3,-4.59,-0.07,23.95,76,0,0,1
2026-08-14T10:00:25,1786676426,13.730939,100.789032,12.5,11.65,0.2,-3.0,-57.9,302.1,2.3,-4.59,-0.07,23.95,76,0,0,1
2026-08-14T10:00:26,1786676427,13.73096,100.788991,12.5,11.68,0.5,-2.8,-65.3,294.7,2.3,-4.53,-0.07,23.95,76,0,0,1
2026-08-14T10:00:27,1786676428,13.73096,100.788991,12.5,11.68,0.5,-2.8,-65.3,294.7,2.3,-4.53,-0.07,23.95,76,0,0,1
2026-08-14T10:00:28,1786676429,13.730977,100.788958,12.5,11.68,0.5,-2.8,-65.3,294.7,2.3,-4.53,-0.07,23.94,76,AUTO.LOITER,1,1
2026-08-14T10:00:29,1786676430,13.730981,100.78895,12.6,11.73,0.0,-1.4,-64.1,295.9,2.34,-4.59,-0.06,23.94,76,0,0,1
2026-08-14T10:00:30,1786676431,13.730981,100.78895,12.6,11.73,0.2,-1.9,-62.3,297.7,2.34,-4.59,-0.06,23.94,76,0,0,1
2026-08-14T10:00:31,1786676432,13.731001,100.788909,12.6,11.76,0.2,-1.9,-62.3,297.7,2.29,-4.48,-0.07,23.94,76,AUTO.LOITER,1,1
2026-08-14T10:00:32,1786676433,13.731001,100.788909,12.6,11.76,0.0,-3.2,-61.7,298.3,2.29,-4.48,-0.07,23.94,76,0,0,1
2026-08-14T10:00:33,1786676434,13.731001,100.788909,12.6,11.76,0.1,-2.2,-62.2,297.8,2.29,-4.48,-0.07,23.94,76,0,0,1
2026-08-14T10:00:34,1786676435,13.731022,100.788868,12.6,11.8,0.1,-2.2,-62.2,297.8,2.28,-4.48,-0.07,23.94,76,0,0,1
2026-08-14T10:00:35,1786676436,13.731022,100.788868,12.6,11.8,0.1,-2.2,-62.2,297.8,2.28,-4.48,-0.07,23.94,76,0,0,1
2026-08-14T10:00:36,1786676437,13.731022,100.788868,12.6,11.8,0.1,-2.3,-63.4,296.6,2.28,-4.48,-0.07,23.94,76,0,0,1
2026-08-14T10:00:37,1786676438,13.731042,100.788827,12.7,11.86,0.4,-1.8,-63.2,296.8,2.27,-4.48,-0.05,23.93,76,0,0,1
2026-08-14T10:00:38,1786676439,13.731042,100.788827,12.7,11.86,0.4,-2.8,-62.8,297.2,2.27,-4.48,-0.05,23.93,76,0,0,1
2026-08-14T10:00:39,1786676440,13.73106,100.788792,12.7,11.86,0.4,-2.8,-62.8,297.2,2.27,-4.48,-0.05,23.93,76,AUTO.LOITER,1,1
2026-08-14T10:00:40,1786676441,13.731063,100.788785,12.7,11.9,0.1,-0.9,-62.5,297.5,2.32,-4.5,-0.05,23.93,76,0,0,1
2026-08-14T10:00:41,1786676442,13.731063,100.788785,12.7,11.9,0.5,3.8,-62.5,297.5,2.32,-4.5,-0.05,23.93,76,0,0,1
2026-08-14T10:00:42,1786676443,13.73108,100.788753,12.7,11.9,0.5,3.8,-62.5,297.5,2.32,-4.5,-0.05,23.93,76,0,0,1
2026-08-14T10:00:43,1786676444,13.73108,100.788753,12.7,11.9,0.5,3.8,-62.5,297.5,2.32,-4.5,-0.05,23.93,76,0,0,1
2026-08-14T10:00:44,1786676445,13.73108,100.788753,12.7,11.9,0.5,3.8,-62.5,297.5,2.32,-4.5,-0.05,23.93,76,0,0,1
2026-08-14T10:00:45,1786676446,13.73108,100.788753,12.7,11.9,-0.4,6.0,-63.5,296.5,2.32,-4.5,-0.05,23.93,76,0,0,1
2026-08-14T10:00:46,1786676447,13.73108,100.788753,12.7,11.9,0.6,3.8,-63.0,297.0,2.32,-4.5,-0.05,23.93,76,0,0,1
2026-08-14T10:00:47,1786676448,13.731101,100.788708,12.8,11.9,0.6,3.8,-63.0,297.0,2.32,-4.5,-0.05,23.92,76,AUTO.LOITER,1,1
2026-08-14T10:00:48,1786676449,13.731102,100.788706,12.8,11.99,-4.9,-2.8,-63.3,296.7,0.53,-1.69,-0.02,23.92,76,0,0,1
2026-08-14T10:00:49,1786676450,13.731102,100.788706,12.8,11.99,2.4,10.7,-66.2,293.8,0.53,-1.69,-0.02,23.92,76,0,0,1
2026-08-14T10:00:50,1786676451,13.731105,100.788691,12.9,12.02,2.4,10.7,-66.2,293.8,0.05,-1.01,0.02,23.92,75,AUTO.LOITER,1,1
2026-08-14T10:00:51,1786676452,13.731105,100.788691,12.9,12.02,-3.4,-2.5,-70.6,289.4,0.05,-1.01,0.02,23.92,75,0,0,1
2026-08-14T10:00:52,1786676453,13.731105,100.788691,12.9,12.02,3.1,10.5,-73.2,286.8,0.05,-1.01,0.02,23.92,75,0,0,1
2026-08-14T10:00:53,1786676454,13.731106,100.788684,12.2,11.39,3.1,10.5,-73.2,286.8,0.0,-0.05,1.54,23.91,75,AUTO.LOITER,1,1
2026-08-14T10:00:54,1786676455,13.731106,100.788684,12.2,11.39,1.3,9.1,-73.6,286.4,0.0,-0.05,1.54,23.91,75,0,0,1
2026-08-14T10:00:55,1786676456,13.731106,100.788684,12.2,11.39,0.3,0.1,-71.6,288.4,0.0,-0.05,1.54,23.91,75,0,0,1
2026-08-14T10:00:56,1786676457,13.731106,100.788685,11.0,10.18,-1.4,-4.0,-69.4,290.6,-0.02,0.29,1.16,23.91,75,AUTO.LOITER,1,1
2026-08-14T10:00:57,1786676458,13.731106,100.788685,11.0,10.18,-1.4,-4.0,-69.4,290.6,-0.02,0.29,1.16,23.91,75,0,0,1
2026-08-14T10:00:58,1786676459,13.731106,100.788685,11.0,10.18,-1.4,-4.0,-69.4,290.6,-0.02,0.29,1.16,23.91,75,0,0,1
2026-08-14T10:00:59,1786676460,13.731106,100.788685,11.0,10.18,0.8,3.1,-69.8,290.2,-0.02,0.29,1.16,23.91,75,AUTO.LOITER,1,1
2026-08-14T10:01:00,1786676461,13.731106,100.788685,11.0,10.18,0.8,3.1,-69.8,290.2,-0.02,0.29,1.16,23.91,75,0,0,1
2026-08-14T10:01:01,1786676462,13.731106,100.788685,11.0,10.18,-0.2,-0.4,-70.8,289.2,-0.02,0.29,1.16,23.91,75,0,0,1
2026-08-14T10:01:02,1786676463,13.731106,100.788686,9.6,8.72,-0.4,-1.1,-71.2,288.8,-0.04,0.14,0.58,23.91,75,AUTO.LOITER,1,1
2026-08-14T10:01:03,1786676464,13.731106,100.788686,9.6,8.72,-0.4,-1.1,-71.2,288.8,-0.04,0.14,0.58,23.91,75,0,0,1
2026-08-14T10:01:04,1786676465,13.731106,100.788686,9.6,8.72,-0.5,0.2,-70.9,289.1,-0.04,0.14,0.58,23.91,75,0,0,1
2026-08-14T10:01:05,1786676466,13.731107,100.788686,9.1,8.26,-0.4,0.3,-70.4,289.6,-0.06,0.07,0.43,23.9,75,AUTO.LOITER,1,1
2026-08-14T10:01:06,1786676467,13.731107,100.788686,9.1,8.26,-0.4,0.3,-70.4,289.6,-0.06,0.07,0.43,23.9,75,0,0,1
2026-08-14T10:01:07,1786676468,13.731107,100.788686,9.1,8.26,-0.3,-0.2,-70.2,289.8,-0.06,0.07,0.43,23.9,75,0,0,1
2026-08-14T10:01:08,1786676469,13.731107,100.788686,8.7,7.84,0.1,-0.4,-70.3,289.7,-0.07,0.04,0.41,23.9,75,0,0,1
2026-08-14T10:01:09,1786676470,13.731107,100.788686,8.7,7.84,0.1,-0.4,-70.3,289.7,-0.07,0.04,0.41,23.9,75,0,0,1
2026-08-14T10:01:10,1786676471,13.731107,100.788686,8.7,7.84,0.1,-0.4,-70.3,289.7,-0.07,0.04,0.41,23.9,75,0,0,1
2026-08-14T10:01:11,1786676472,13.731106,100.788686,8.3,7.45,0.1,-0.1,-70.7,289.3,-0.02,0.02,0.41,23.9,75,0,0,1
2026-08-14T10:01:12,1786676473,13.731106,100.788686,8.3,7.45,-0.1,-0.2,-70.7,289.3,-0.02,0.02,0.41,23.9,75,0,0,1
2026-08-14T10:01:13,1786676474,13.731107,100.788686,8.0,7.45,-0.1,-0.2,-70.7,289.3,-0.02,0.02,0.41,23.89,75,AUTO.LOITER,1,1
2026-08-14T10:01:14,1786676475,13.731107,100.788686,7.9,7.1,-0.3,-0.3,-70.6,289.4,-0.01,0.01,0.31,23.89,75,0,0,1
2026-08-14T10:01:15,1786676476,13.731107,100.788686,7.9,7.1,-0.2,-0.2,-70.5,289.5,-0.01,0.01,0.31,23.89,75,0,0,1
2026-08-14T10:01:16,1786676477,13.731107,100.788686,7.9,7.1,-0.2,-0.2,-70.5,289.5,-0.01,0.01,0.31,23.89,75,0,0,1
2026-08-14T10:01:17,1786676478,13.731107,100.788686,7.9,7.1,-0.2,-0.2,-70.5,289.5,-0.01,0.01,0.31,23.89,75,0,0,1
2026-08-14T10:01:18,1786676479,13.731107,100.788686,7.9,7.1,-0.1,-0.3,-70.6,289.4,-0.01,0.01,0.31,23.89,75,0,0,1
2026-08-14T10:01:19,1786676480,13.731107,100.788686,7.3,6.48,-0.1,-0.3,-70.6,289.4,-0.02,0.0,0.3,23.89,75,AUTO.LOITER,1,1
2026-08-14T10:01:20,1786676481,13.731107,100.788686,7.3,6.48,0.1,-0.4,-70.6,289.4,-0.02,0.0,0.3,23.89,75,0,0,1
2026-08-14T10:01:21,1786676482,13.731107,100.788686,7.3,6.48,0.3,-0.2,-70.6,289.4,-0.02,0.0,0.3,23.89,75,0,0,1
2026-08-14T10:01:22,1786676483,13.731107,100.788686,7.0,6.18,0.1,-0.3,-70.6,289.4,0.0,0.0,0.29,23.89,75,AUTO.LOITER,1,1
2026-08-14T10:01:23,1786676484,13.731107,100.788686,7.0,6.18,0.1,-0.3,-70.6,289.4,0.0,0.0,0.29,23.89,75,0,0,1
2026-08-14T10:01:24,1786676485,13.731107,100.788686,7.0,6.18,-0.2,-0.2,-70.6,289.4,0.0,0.0,0.29,23.89,75,0,0,1
2026-08-14T10:01:25,1786676486,13.731107,100.788686,7.0,6.18,-0.2,-0.2,-70.6,289.4,0.0,0.0,0.29,23.89,75,0,0,1
2026-08-14T10:01:26,1786676487,13.731107,100.788686,7.0,6.18,-0.2,-0.2,-70.6,289.4,0.0,0.0,0.29,23.89,75,0,0,1
2026-08-14T10:01:27,1786676488,13.731107,100.788686,7.0,6.18,-0.0,-0.2,-70.6,289.4,0.0,0.0,0.29,23.89,75,0,0,1
2026-08-14T10:01:28,1786676489,13.731107,100.788687,6.4,5.59,-0.2,-0.3,-70.6,289.4,-0.01,0.01,0.29,23.88,75,0,0,1
2026-08-14T10:01:29,1786676490,13.731107,100.788687,6.4,5.59,-0.2,-0.3,-70.6,289.4,-0.01,0.01,0.29,23.88,75,0,0,1
2026-08-14T10:01:30,1786676491,13.731107,100.788687,6.4,5.59,-0.2,-0.3,-70.6,289.4,-0.01,0.01,0.29,23.88,75,0,0,1
2026-08-14T10:01:31,1786676492,13.731107,100.788687,6.1,5.29,0.0,-0.6,-70.6,289.4,-0.02,0.0,0.3,23.88,74,0,0,1
2026-08-14T10:01:32,1786676493,13.731107,100.788687,6.1,5.29,0.0,-0.6,-70.6,289.4,-0.02,0.0,0.3,23.88,74,0,0,1
2026-08-14T10:01:33,1786676494,13.731107,100.788687,5.9,5.03,0.0,-0.6,-70.6,289.4,0.0,-0.02,0.33,23.88,74,0,0,1
2026-08-14T10:01:34,1786676495,13.731107,100.788687,5.9,5.03,-0.1,-0.2,-70.6,289.4,0.0,-0.02,0.33,23.88,74,0,0,1
2026-08-14T10:01:35,1786676496,13.731107,100.788687,5.9,5.03,0.1,0.2,-70.6,289.4,0.0,-0.02,0.33,23.88,74,0,0,1
2026-08-14T10:01:36,1786676497,13.731107,100.788686,5.6,4.74,0.7,0.2,-70.6,289.4,-0.01,0.0,0.35,23.87,74,AUTO.LAND,1,1
2026-08-14T10:01:37,1786676498,13.731107,100.788686,5.6,4.74,0.7,0.2,-70.6,289.4,-0.01,0.0,0.35,23.87,74,0,0,1
2026-08-14T10:01:38,1786676499,13.731107,100.788686,5.6,4.74,0.3,-0.3,-70.6,289.4,-0.01,0.0,0.35,23.87,74,0,0,1
2026-08-14T10:01:39,1786676500,13.731107,100.788687,5.3,4.44,-0.5,-0.8,-70.6,289.4,0.02,0.03,0.35,23.87,74,0,0,1
2026-08-14T10:01:40,1786676501,13.731107,100.788687,5.3,4.44,-0.3,-0.4,-70.6,289.4,0.02,0.03,0.35,23.87,74,0,0,1
2026-08-14T10:01:41,1786676502,13.731107,100.788687,5.0,4.16,-0.3,-0.4,-70.6,289.4,-0.02,-0.03,0.36,23.87,74,AUTO.LAND,1,1
2026-08-14T10:01:42,1786676503,13.731107,100.788687,5.0,4.16,0.4,-0.1,-70.6,289.4,-0.02,-0.03,0.36,23.87,74,0,0,1
2026-08-14T10:01:43,1786676504,13.731107,100.788687,5.0,4.16,0.1,-0.2,-70.6,289.4,-0.02,-0.03,0.36,23.87,74,0,0,1
2026-08-14T10:01:44,1786676505,13.731107,100.788687,4.7,3.87,-0.5,-0.4,-70.6,289.4,0.0,-0.01,0.37,23.86,74,AUTO.LAND,1,1
2026-08-14T10:01:45,1786676506,13.731107,100.788687,4.7,3.87,-0.5,-0.4,-70.6,289.4,0.0,-0.01,0.37,23.86,74,0,0,1
2026-08-14T10:01:46,1786676507,13.731107,100.788687,4.7,3.87,0.0,-0.1,-70.6,289.4,0.0,-0.01,0.37,23.86,74,0,0,1
2026-08-14T10:01:47,1786676508,13.731107,100.788687,4.4,3.58,0.1,-0.1,-70.6,289.4,-0.02,-0.01,0.38,23.86,74,0,0,1
2026-08-14T10:01:48,1786676509,13.731107,100.788687,4.4,3.58,-0.1,-0.4,-70.6,289.4,-0.02,-0.01,0.38,23.86,74,0,0,1
2026-08-14T10:01:49,1786676510,13.731107,100.788687,4.1,3.29,-0.1,-0.4,-70.6,289.4,-0.02,-0.01,0.39,23.86,74,AUTO.LAND,1,1
2026-08-14T10:01:50,1786676511,13.731107,100.788687,4.1,3.29,0.2,-0.7,-70.6,289.4,-0.02,-0.01,0.39,23.86,74,0,0,1
2026-08-14T10:01:51,1786676512,13.731107,100.788687,4.1,3.29,0.2,-0.6,-70.6,289.4,-0.02,-0.01,0.39,23.86,74,0,0,1
2026-08-14T10:01:52,1786676513,13.731107,100.788687,3.8,2.98,-0.1,-0.0,-70.6,289.4,0.0,-0.04,0.38,23.86,74,0,0,1
2026-08-14T10:01:53,1786676514,13.731107,100.788687,3.8,2.98,0.1,0.1,-70.6,289.4,0.0,-0.04,0.38,23.86,74,0,0,1
2026-08-14T10:01:54,1786676515,13.731107,100.788687,3.8,2.98,0.1,0.1,-70.6,289.4,0.0,-0.04,0.38,23.85,74,AUTO.LAND,1,1
2026-08-14T10:01:55,1786676516,13.731107,100.788687,3.5,2.68,0.1,0.1,-70.6,289.4,-0.01,0.0,0.38,23.85,74,0,0,1
2026-08-14T10:01:56,1786676517,13.731107,100.788687,3.5,2.68,0.2,-0.3,-70.6,289.4,-0.01,0.0,0.38,23.85,74,0,0,1
2026-08-14T10:01:57,1786676518,13.731107,100.788687,3.4,2.68,0.4,-0.1,-70.6,289.4,-0.01,0.0,0.38,23.85,74,AUTO.LAND,1,1
2026-08-14T10:01:58,1786676519,13.731107,100.788687,3.4,2.68,0.4,-0.1,-70.6,289.4,-0.01,0.0,0.38,23.85,74,0,0,1
2026-08-14T10:01:59,1786676520,13.731107,100.788687,3.1,2.68,0.4,-0.1,-70.6,289.4,-0.01,0.0,0.38,23.85,74,AUTO.LAND,1,1
2026-08-14T10:02:00,1786676521,13.731107,100.788687,2.9,2.08,-0.1,-0.5,-70.6,289.4,0.0,-0.01,0.38,23.85,74,0,0,1
2026-08-14T10:02:01,1786676522,13.731107,100.788687,2.9,2.08,-0.0,0.1,-70.6,289.4,0.0,-0.01,0.38,23.85,74,0,0,1
2026-08-14T10:02:02,1786676523,13.731107,100.788687,2.6,1.76,0.0,-0.1,-70.6,289.4,-0.03,0.0,0.36,23.84,74,AUTO.LAND,1,1
2026-08-14T10:02:03,1786676524,13.731107,100.788687,2.6,1.76,0.0,-0.1,-70.6,289.4,-0.03,0.0,0.36,23.84,74,0,0,1
2026-08-14T10:02:04,1786676525,13.731107,100.788687,2.6,1.76,0.1,-0.6,-70.6,289.4,-0.03,0.0,0.36,23.84,74,0,0,1
2026-08-14T10:02:05,1786676526,13.731107,100.788687,2.3,1.44,0.3,-0.5,-70.6,289.4,-0.03,-0.03,0.34,23.84,74,0,0,1
2026-08-14T10:02:06,1786676527,13.731107,100.788687,2.3,1.44,0.3,-0.0,-70.6,289.4,-0.03,-0.03,0.34,23.84,74,0,0,1
2026-08-14T10:02:07,1786676528,13.731107,100.788687,2.0,1.12,0.3,-0.0,-70.6,289.4,-0.02,-0.01,0.32,23.84,74,0,0,1
2026-08-14T10:02:08,1786676529,13.731107,100.788687,2.0,1.12,0.3,-0.0,-70.6,289.4,-0.02,-0.01,0.32,23.84,74,0,0,1
2026-08-14T10:02:09,1786676530,13.731107,100.788687,2.0,1.12,0.1,-0.2,-70.6,289.4,-0.02,-0.01,0.32,23.84,74,0,0,1
2026-08-14T10:02:10,1786676531,13.731107,100.788687,1.7,0.82,0.0,-0.2,-70.6,289.4,-0.02,-0.02,0.32,23.84,73,0,0,1
2026-08-14T10:02:11,1786676532,13.731107,100.788687,1.7,0.82,0.2,-0.2,-70.6,289.4,-0.02,-0.02,0.32,23.84,73,0,0,1
2026-08-14T10:02:12,1786676533,13.731107,100.788687,1.3,0.5,0.2,-0.2,-70.6,289.4,-0.02,-0.01,0.31,23.83,73,AUTO.LAND,1,1
2026-08-14T10:02:13,1786676534,13.731107,100.788687,1.3,0.5,0.2,-0.3,-70.6,289.4,-0.02,-0.01,0.31,23.83,73,0,0,1
2026-08-14T10:02:14,1786676535,13.731107,100.788687,1.3,0.5,0.2,-0.1,-70.6,289.4,-0.02,-0.01,0.31,23.83,73,0,0,1
2026-08-14T10:02:15,1786676536,13.731107,100.788687,1.0,0.2,0.4,-0.2,-70.6,289.4,-0.02,0.0,0.3,23.83,73,0,0,1
2026-08-14T10:02:16,1786676537,13.731107,100.788687,1.0,0.2,0.4,-0.4,-70.6,289.4,-0.02,0.0,0.3,23.83,73,0,0,1
2026-08-14T10:02:17,1786676538,13.731107,100.788687,0.7,-0.09,0.1,0.1,-70.6,289.4,0.0,0.0,0.31,23.83,73,AUTO.LAND,1,1
2026-08-14T10:02:18,1786676539,13.731107,100.788687,0.7,-0.09,-0.1,0.3,-70.6,289.4,0.0,0.0,0.31,23.83,73,0,0,1
2026-08-14T10:02:19,1786676540,13.731107,100.788687,0.5,-0.37,-0.1,0.3,-70.6,289.4,0.0,0.01,0.02,23.83,73,AUTO.LAND,1,1
2026-08-14T10:02:20,1786676541,13.731107,100.788687,0.5,-0.37,0.2,-0.2,-70.6,289.4,0.0,0.01,0.02,23.83,73,0,0,1
2026-08-14T10:02:21,1786676542,13.731107,100.788687,0.5,-0.37,0.2,-0.2,-70.6,289.4,0.0,0.01,0.02,23.83,73,0,0,1
2026-08-14T10:02:22,1786676543,13.731107,100.788686,0.6,-0.37,0.3,-0.2,-70.6,289.4,0.0,0.01,0.02,23.82,73,AUTO.LAND,1,1
2026-08-14T10:02:23,1786676544,13.731107,100.788686,0.6,-0.37,0.3,-0.3,-70.6,289.4,0.0,0.01,0.02,23.82,73,0,0,1
2026-08-14T10:02:24,1786676545,13.731107,100.788686,0.5,-0.34,0.3,-0.3,-70.6,289.4,0.0,0.0,0.01,23.82,73,AUTO.LAND,1,1
2026-08-14T10:02:25,1786676546,13.731107,100.788686,0.5,-0.34,0.3,-0.3,-70.6,289.4,0.0,0.0,0.01,23.82,73,0,0,1
2026-08-14T10:02:26,1786676547,13.731107,100.788686,0.5,-0.34,0.3,-0.3,-70.6,289.4,0.0,0.0,0.01,23.82,73,0,0,1
2026-08-14T10:02:27,1786676548,13.731107,100.788686,0.5,-0.34,0.3,-0.3,-70.6,289.4,0.0,0.0,0.03,23.82,73,0,0,1
2026-08-14T10:02:28,1786676549,13.731107,100.788686,0.5,-0.34,0.3,-0.3,-70.6,289.4,0.0,0.0,0.03,23.82,73,0,0,1
2026-08-14T10:02:29,1786676550,13.731107,100.788686,0.5,-0.35,0.3,-0.3,-70.6,289.4,0.01,-0.04,0.05,23.82,73,AUTO.LAND,1,0
2026-08-14T10:02:30,1786676551,13.731107,100.788686,0.5,-0.35,0.5,-1.5,-70.6,289.4,0.01,-0.04,0.05,23.82,73,0,0,0
2026-08-14T10:02:31,1786676552,13.731107,100.788686,0.5,-0.35,2.7,-19.7,-71.1,288.9,0.01,-0.04,0.05,23.82,73,0,0,0
2026-08-14T10:02:32,1786676553,13.731109,100.788682,0.4,-0.09,2.7,-19.7,-71.1,288.9,0.04,0.43,-0.13,23.82,73,0,0,0
2026-08-14T10:02:33,1786676554,13.731109,100.788682,0.4,-0.09,0.5,-36.0,-54.4,305.6,0.04,0.43,-0.13,23.82,73,0,0,0
2026-08-14T10:02:34,1786676555,13.731109,100.788685,0.4,-0.11,0.5,-36.0,-54.4,305.6,-0.05,0.09,0.02,23.81,73,AUTO.TAKEOFF,1,1
2026-08-14T10:02:35,1786676556,13.731109,100.788685,0.4,-0.11,0.5,-35.9,-54.3,305.7,-0.05,0.09,0.02,23.81,73,0,0,1
2026-08-14T10:02:36,1786676557,13.731109,100.788685,0.4,-0.11,0.5,-35.7,-55.9,304.1,-0.05,0.09,0.02,23.81,73,0,0,1
2026-08-14T10:02:37,1786676558,13.731108,100.788685,0.4,-0.06,0.3,-27.8,-64.9,295.1,-0.19,0.16,-0.11,23.81,73,0,0,1
2026-08-14T10:02:38,1786676559,13.731108,100.788685,0.4,-0.06,-0.6,18.5,-72.6,287.4,-0.19,0.16,-0.11,23.81,73,0,0,1
2026-08-14T10:02:39,1786676560,13.731108,100.788685,0.4,-0.06,-0.6,18.5,-72.6,287.4,-0.19,0.16,-0.11,23.81,73,0,0,1
2026-08-14T10:02:40,1786676561,13.731108,100.788685,0.4,-0.06,-0.6,18.5,-72.6,287.4,-0.19,0.16,-0.11,23.81,73,0,0,1
2026-08-14T10:02:41,1786676562,13.731108,100.788685,0.4,-0.06,-0.6,18.5,-72.6,287.4,-0.19,0.16,-0.11,23.81,73,0,0,1
2026-08-14T10:02:42,1786676563,13.731105,100.78869,3.3,2.85,1.3,-5.1,-69.9,290.1,0.3,-0.74,-1.21,23.8,72,0,0,1
2026-08-14T10:02:43,1786676564,13.731105,100.78869,3.3,2.85,1.3,-5.1,-69.9,290.1,0.3,-0.74,-1.21,23.8,72,0,0,1
2026-08-14T10:02:44,1786676565,13.731105,100.78869,3.3,2.85,-0.1,9.6,-65.1,294.9,0.3,-0.74,-1.21,23.8,72,0,0,1
2026-08-14T10:02:45,1786676566,13.731108,100.788685,4.5,4.0,0.5,3.6,-62.6,297.4,-0.06,0.11,-1.07,23.8,72,0,0,1
2026-08-14T10:02:46,1786676567,13.731108,100.788685,4.5,4.0,0.7,-2.4,-64.2,295.8,-0.06,0.11,-1.07,23.8,72,0,0,1
2026-08-14T10:02:47,1786676568,13.731107,100.788686,5.4,4.0,0.7,-2.4,-64.2,295.8,-0.06,0.11,-1.07,23.8,72,AUTO.LOITER,1,1
2026-08-14T10:02:48,1786676569,13.731107,100.788686,5.5,5.06,0.5,-1.0,-67.0,293.0,0.0,0.05,-1.02,23.8,72,0,0,1
2026-08-14T10:02:49,1786676570,13.731107,100.788686,5.5,5.06,0.3,1.1,-68.4,291.6,0.0,0.05,-1.02,23.8,72,0,0,1
2026-08-14T10:02:50,1786676571,13.731107,100.788686,6.6,6.11,0.3,1.1,-68.4,291.6,-0.03,0.12,-0.98,23.8,72,0,0,1
2026-08-14T10:02:51,1786676572,13.731107,100.788686,6.6,6.11,0.3,1.1,-68.4,291.6,-0.03,0.12,-0.98,23.8,72,0,0,1
2026-08-14T10:02:52,1786676573,13.731107,100.788686,6.6,6.11,0.3,1.1,-68.4,291.6,-0.03,0.12,-0.98,23.8,72,0,0,1
2026-08-14T10:02:53,1786676574,13.731107,100.788687,7.6,7.12,0.1,-0.6,-66.3,293.7,-0.04,0.14,-0.94,23.8,72,0,0,1
2026-08-14T10:02:54,1786676575,13.731107,100.788687,7.6,7.12,0.1,-0.4,-66.4,293.6,-0.04,0.14,-0.94,23.8,72,0,0,1
2026-08-14T10:02:55,1786676576,13.731106,100.788688,8.6,7.12,0.1,-0.4,-66.4,293.6,-0.04,0.14,-0.94,23.79,72,AUTO.LOITER,1,1
2026-08-14T10:02:56,1786676577,13.731106,100.788688,8.6,8.1,0.5,-0.2,-67.0,293.0,-0.04,0.07,-0.94,23.79,72,0,0,1
2026-08-14T10:02:57,1786676578,13.731106,100.788688,8.6,8.1,0.4,-0.6,-67.4,292.6,-0.04,0.07,-0.94,23.79,72,0,0,1
2026-08-14T10:02:58,1786676579,13.731106,100.788689,9.6,9.11,0.4,-0.6,-67.4,292.6,0.0,0.05,-0.93,23.78,72,AUTO.LOITER,1,1
2026-08-14T10:02:59,1786676580,13.731106,100.788689,9.6,9.11,0.3,-0.5,-67.4,292.6,0.0,0.05,-0.93,23.78,72,0,0,1
2026-08-14T10:03:00,1786676581,13.731106,100.788689,9.6,9.11,0.3,-0.3,-67.2,292.8,0.0,0.05,-0.93,23.78,72,0,0,1
2026-08-14T10:03:01,1786676582,13.731106,100.788689,10.6,10.1,0.1,0.0,-67.1,292.9,0.0,0.04,-0.95,23.78,72,0,0,1
2026-08-14T10:03:02,1786676583,13.731106,100.788689,10.6,10.1,0.1,0.0,-67.1,292.9,0.0,0.04,-0.95,23.78,72,0,0,1
2026-08-14T10:03:03,1786676584,13.731106,100.788689,10.6,10.1,0.1,-0.3,-67.0,293.0,0.0,0.04,-0.95,23.78,72,0,0,1
2026-08-14T10:03:04,1786676585,13.731105,100.78869,11.4,10.95,0.8,-0.8,-67.1,292.9,-0.03,0.04,-0.6,23.78,72,0,0,1
2026-08-14T10:03:05,1786676586,13.731105,100.78869,11.4,10.95,-5.0,-3.6,-67.3,292.7,-0.03,0.04,-0.6,23.78,72,0,0,1
2026-08-14T10:03:06,1786676587,13.731104,100.788689,12.0,10.95,-5.0,-3.6,-67.3,292.7,-0.03,0.04,-0.6,23.78,72,AUTO.LOITER,1,1
2026-08-14T10:03:07,1786676588,13.731104,100.788688,12.0,11.49,-13.1,-18.0,-68.3,291.7,-0.49,-1.01,-0.4,23.78,72,0,0,1
2026-08-14T10:03:08,1786676589,13.731104,100.788688,12.0,11.49,-13.1,-18.0,-68.3,291.7,-0.49,-1.01,-0.4,23.78,72,0,0,1
2026-08-14T10:03:09,1786676590,13.731094,100.788661,12.1,11.67,0.7,-15.5,-97.5,262.5,-1.2,-4.06,0.01,23.78,72,0,0,1
2026-08-14T10:03:10,1786676591,13.731094,100.788661,12.1,11.67,0.7,-15.5,-97.5,262.5,-1.2,-4.06,0.01,23.78,72,0,0,1
2026-08-14T10:03:11,1786676592,13.731094,100.788661,12.1,11.67,1.5,-2.6,-112.2,247.8,-1.2,-4.06,0.01,23.78,72,0,0,1
2026-08-14T10:03:12,1786676593,13.731081,100.788618,12.2,11.71,2.0,-0.9,-118.5,241.5,-1.24,-4.76,0.01,23.77,72,0,0,1
2026-08-14T10:03:13,1786676594,13.731081,100.788618,12.2,11.71,2.0,-0.9,-118.5,241.5,-1.24,-4.76,0.01,23.77,72,0,0,1
2026-08-14T10:03:14,1786676595,13.731081,100.788618,12.2,11.71,0.3,-4.9,-114.4,245.6,-1.24,-4.76,0.01,23.77,72,0,0,1
2026-08-14T10:03:15,1786676596,13.731069,100.788576,12.2,11.76,-0.5,-3.5,-107.1,252.9,-1.39,-4.87,0.07,23.77,72,0,0,1
2026-08-14T10:03:16,1786676597,13.731069,100.788576,12.2,11.76,0.2,-2.3,-102.9,257.1,-1.39,-4.87,0.07,23.77,72,0,0,1
2026-08-14T10:03:17,1786676598,13.731057,100.78854,12.3,11.76,0.2,-2.3,-102.9,257.1,-1.39,-4.87,0.07,23.76,72,AUTO.LOITER,1,1
2026-08-14T10:03:18,1786676599,13.731055,100.788532,12.2,11.78,0.1,-2.4,-103.9,256.1,-1.47,-4.83,0.05,23.76,72,0,0,1
2026-08-14T10:03:19,1786676600,13.731055,100.788532,12.2,11.78,0.2,-2.9,-107.3,252.7,-1.47,-4.83,0.05,23.76,72,0,0,1
2026-08-14T10:03:20,1786676601,13.731041,100.788488,12.2,11.78,0.3,-1.5,-109.9,250.1,-1.51,-4.8,0.02,23.76,71,0,0,1
2026-08-14T10:03:21,1786676602,13.731041,100.788488,12.2,11.78,0.3,-1.5,-109.9,250.1,-1.51,-4.8,0.02,23.76,71,0,0,1
2026-08-14T10:03:22,1786676603,13.731041,100.788488,12.2,11.78,0.1,-3.7,-110.0,250.0,-1.51,-4.8,0.02,23.76,71,0,0,1
2026-08-14T10:03:23,1786676604,13.731027,100.788444,12.3,11.8,0.0,-2.2,-108.6,251.4,-1.56,-4.86,0.01,23.76,71,0,0,1
2026-08-14T10:03:24,1786676605,13.731027,100.788444,12.3,11.8,0.3,-2.4,-107.4,252.6,-1.56,-4.86,0.01,23.76,71,0,0,1
2026-08-14T10:03:25,1786676606,13.731015,100.788407,12.4,11.8,0.3,-2.4,-107.4,252.6,-1.56,-4.86,0.01,23.76,71,AUTO.LOITER,1,1
2026-08-14T10:03:26,1786676607,13.731013,100.7884,12.3,11.83,0.3,-1.0,-107.1,252.9,-1.52,-4.77,0.0,23.76,71,0,0,1
2026-08-14T10:03:27,1786676608,13.731013,100.7884,12.3,11.83,0.2,-2.9,-107.6,252.4,-1.52,-4.77,0.0,23.76,71,0,0,1
2026-08-14T10:03:28,1786676609,13.730999,100.788356,12.3,11.87,0.2,-2.9,-107.6,252.4,-1.5,-4.73,0.0,23.75,71,0,0,1
2026-08-14T10:03:29,1786676610,13.730999,100.788356,12.3,11.87,0.1,-2.5,-108.3,251.7,-1.5,-4.73,0.0,23.75,71,0,0,1
2026-08-14T10:03:30,1786676611,13.730999,100.788356,12.3,11.87,0.0,-3.2,-108.5,251.5,-1.5,-4.73,0.0,23.75,71,0,0,1
2026-08-14T10:03:31,1786676612,13.730999,100.788356,12.3,11.87,0.5,-1.4,-108.3,251.7,-1.5,-4.73,0.0,23.75,71,0,0,1
2026-08-14T10:03:32,1786676613,13.730999,100.788356,12.3,11.87,0.5,-1.4,-108.3,251.7,-1.5,-4.73,0.0,23.75,71,0,0,1
2026-08-14T10:03:33,1786676614,13.730999,100.788356,12.3,11.87,0.5,-1.7,-108.0,252.0,-1.5,-4.73,0.0,23.75,71,0,0,1
2026-08-14T10:03:34,1786676615,13.730971,100.788268,12.4,11.93,-0.0,-3.2,-107.9,252.1,-1.5,-4.75,0.0,23.75,71,0,0,1
2026-08-14T10:03:35,1786676616,13.730971,100.788268,12.4,11.93,-0.0,-3.2,-107.9,252.1,-1.5,-4.75,0.0,23.75,71,0,0,1
2026-08-14T10:03:36,1786676617,13.73096,100.788232,12.4,11.93,-0.3,-2.7,-107.9,252.1,-1.5,-4.75,0.0,23.75,71,AUTO.LOITER,1,1
2026-08-14T10:03:37,1786676618,13.730957,100.788224,12.4,11.94,-0.1,-2.4,-108.1,251.9,-1.56,-4.79,-0.01,23.75,71,0,0,1
2026-08-14T10:03:38,1786676619,13.730957,100.788224,12.4,11.94,-0.1,3.5,-108.3,251.7,-1.56,-4.79,-0.01,23.75,71,0,0,1
2026-08-14T10:03:39,1786676620,13.730944,100.788183,12.4,11.97,-0.1,3.5,-108.3,251.7,-1.31,-3.87,-0.01,23.75,71,0,0,1
2026-08-14T10:03:40,1786676621,13.730944,100.788183,12.4,11.97,-0.0,11.3,-108.3,251.7,-1.31,-3.87,-0.01,23.75,71,0,0,1
2026-08-14T10:03:41,1786676622,13.730944,100.788183,12.4,11.97,-0.0,11.3,-108.3,251.7,-1.31,-3.87,-0.01,23.75,71,0,0,1
2026-08-14T10:03:42,1786676623,13.730944,100.788183,12.4,11.97,-0.0,11.3,-108.3,251.7,-1.31,-3.87,-0.01,23.75,71,AUTO.LOITER,1,1
2026-08-14T10:03:43,1786676624,13.730944,100.788183,12.4,11.97,-0.0,11.3,-108.3,251.7,-1.31,-3.87,-0.01,23.75,71,0,0,1
2026-08-14T10:03:44,1786676625,13.730944,100.788183,12.4,11.97,-1.0,5.5,-107.7,252.3,-1.31,-3.87,-0.01,23.75,71,0,0,1
2026-08-14T10:03:45,1786676626,13.730931,100.788141,12.4,11.98,2.7,5.9,-109.6,250.4,-0.43,-1.14,-0.02,23.74,71,0,0,1
2026-08-14T10:03:46,1786676627,13.730931,100.788141,12.4,11.98,2.7,5.9,-109.6,250.4,-0.43,-1.14,-0.02,23.74,71,0,0,1
2026-08-14T10:03:47,1786676628,13.730931,100.788141,12.4,11.98,-3.1,4.1,-111.6,248.4,-0.43,-1.14,-0.02,23.74,71,0,0,1
2026-08-14T10:03:48,1786676629,13.730929,100.788134,12.0,11.55,-0.3,7.1,-112.0,248.0,-0.21,-0.35,1.36,23.73,71,0,0,1
2026-08-14T10:03:49,1786676630,13.730929,100.788134,12.0,11.55,-0.3,7.1,-112.0,248.0,-0.21,-0.35,1.36,23.73,71,0,0,1
2026-08-14T10:03:50,1786676631,13.730929,100.788134,12.0,11.55,0.4,1.7,-111.1,248.9,-0.21,-0.35,1.36,23.73,71,0,0,1
2026-08-14T10:03:51,1786676632,13.730928,100.788134,10.8,10.34,-0.1,-0.8,-109.9,250.1,0.0,0.12,0.59,23.73,71,0,0,1
2026-08-14T10:03:52,1786676633,13.730928,100.788134,10.8,10.34,-0.1,-0.8,-109.9,250.1,0.0,0.12,0.59,23.73,71,0,0,1
2026-08-14T10:03:53,1786676634,13.730928,100.788134,10.8,10.34,-0.4,0.0,-109.5,250.5,0.0,0.12,0.59,23.73,71,0,0,1
2026-08-14T10:03:54,1786676635,13.730928,100.788133,10.2,9.74,-0.1,0.2,-109.8,250.2,-0.03,0.08,0.37,23.73,71,0,0,1
2026-08-14T10:03:55,1786676636,13.730928,100.788133,10.2,9.74,-0.1,0.2,-109.8,250.2,-0.03,0.08,0.37,23.73,71,0,0,1
2026-08-14T10:03:56,1786676637,13.730928,100.788133,10.2,9.74,0.1,-0.4,-110.3,249.7,-0.03,0.08,0.37,23.73,71,0,0,1
2026-08-14T10:03:57,1786676638,13.730929,100.788134,9.8,9.74,0.4,-1.0,-110.7,249.3,-0.03,0.08,0.37,23.73,71,0,0,1
2026-08-14T10:03:58,1786676639,13.730929,100.788134,9.8,9.74,0.4,-1.0,-110.7,249.3,-0.03,0.08,0.37,23.73,71,0,0,1
2026-08-14T10:03:59,1786676640,13.730929,100.788134,9.8,9.74,-0.0,-0.4,-110.6,249.4,-0.03,0.08,0.37,23.73,71,0,0,1
2026-08-14T10:04:00,1786676641,13.730928,100.788134,9.5,9.02,-0.2,0.0,-110.3,249.7,-0.02,0.0,0.3,23.72,70,0,0,1
2026-08-14T10:04:01,1786676642,13.730928,100.788134,9.5,9.02,-0.2,0.0,-110.3,249.7,-0.02,0.0,0.3,23.72,70,0,0,1
2026-08-14T10:04:02,1786676643,13.730928,100.788134,9.5,9.02,-0.2,-0.3,-110.1,249.9,-0.02,0.0,0.3,23.72,70,0,0,1
2026-08-14T10:04:03,1786676644,13.730928,100.788134,9.2,8.72,-0.2,-0.7,-110.1,249.9,-0.03,0.02,0.28,23.72,70,0,0,1
2026-08-14T10:04:04,1786676645,13.730928,100.788134,9.2,8.72,-0.2,-0.7,-110.1,249.9,-0.03,0.02,0.28,23.72,70,0,0,1
2026-08-14T10:04:05,1786676646,13.730928,100.788134,9.2,8.72,0.2,-0.6,-110.3,249.7,-0.03,0.02,0.28,23.72,70,0,0,1
2026-08-14T10:04:06,1786676647,13.730928,100.788134,8.9,8.42,0.3,-0.5,-110.4,249.6,-0.02,-0.02,0.28,23.72,70,0,0,1
2026-08-14T10:04:07,1786676648,13.730928,100.788134,8.9,8.42,0.3,-0.5,-110.4,249.6,-0.02,-0.02,0.28,23.72,70,0,0,1
2026-08-14T10:04:08,1786676649,13.730928,100.788134,8.9,8.42,-0.0,-0.4,-110.4,249.6,-0.02,-0.02,0.28,23.72,70,0,0,1
2026-08-14T10:04:09,1786676650,13.730928,100.788134,8.6,8.12,-0.1,-0.2,-110.3,249.7,-0.01,-0.02,0.28,23.71,70,0,0,1
2026-08-14T10:04:10,1786676651,13.730928,100.788134,8.6,8.12,-0.1,-0.2,-110.3,249.7,-0.01,-0.02,0.28,23.71,70,0,0,1
2026-08-14T10:04:11,1786676652,13.730928,100.788134,8.6,8.12,-0.2,-0.5,-110.3,249.7,-0.01,-0.02,0.28,23.71,70,0,0,1
2026-08-14T10:04:12,1786676653,13.730928,100.788134,8.3,7.82,0.1,-1.0,-110.3,249.7,-0.03,-0.02,0.28,23.71,70,0,0,1
2026-08-14T10:04:13,1786676654,13.730928,100.788134,8.3,7.82,0.2,-0.7,-110.3,249.7,-0.03,-0.02,0.28,23.71,70,0,0,1
2026-08-14T10:04:14,1786676655,13.730929,100.788134,8.0,7.82,0.2,-0.7,-110.3,249.7,-0.03,-0.02,0.28,23.71,70,AUTO.LOITER,1,1
2026-08-14T10:04:15,1786676656,13.730928,100.788134,8.0,7.53,-0.1,-0.3,-110.3,249.7,-0.01,-0.07,0.27,23.71,70,0,0,1
2026-08-14T10:04:16,1786676657,13.730928,100.788134,8.0,7.53,-0.1,-0.4,-110.3,249.7,-0.01,-0.07,0.27,23.71,70,0,0,1
2026-08-14T10:04:17,1786676658,13.730928,100.788134,7.7,7.53,-0.1,-0.4,-110.3,249.7,-0.01,-0.07,0.27,23.71,70,0,0,1
2026-08-14T10:04:18,1786676659,13.730928,100.788134,7.7,7.23,0.2,-0.3,-110.3,249.7,-0.03,-0.05,0.27,23.71,70,0,0,1
2026-08-14T10:04:19,1786676660,13.730928,100.788134,7.7,7.23,-0.0,-0.3,-110.3,249.7,-0.03,-0.05,0.27,23.71,70,0,0,1
2026-08-14T10:04:20,1786676661,13.730928,100.788133,7.4,6.95,-0.0,-0.3,-110.3,249.7,-0.02,-0.04,0.29,23.7,70,0,0,1
2026-08-14T10:04:21,1786676662,13.730928,100.788133,7.4,6.95,-0.5,-0.5,-110.3,249.7,-0.02,-0.04,0.29,23.7,70,0,0,1
2026-08-14T10:04:22,1786676663,13.730928,100.788133,7.4,6.95,-0.5,-0.5,-110.3,249.7,-0.02,-0.04,0.29,23.7,70,0,0,1
2026-08-14T10:04:23,1786676664,13.730928,100.788133,7.1,6.65,0.2,-0.5,-110.3,249.7,-0.05,-0.05,0.28,23.7,70,AUTO.LOITER,1,1
2026-08-14T10:04:24,1786676665,13.730928,100.788133,7.1,6.65,0.2,-0.5,-110.3,249.7,-0.05,-0.05,0.28,23.7,70,0,0,1
2026-08-14T10:04:26,1786676666,13.730928,100.788133,7.1,6.65,0.2,-0.5,-110.3,249.7,-0.05,-0.05,0.28,23.7,70,0,0,1
2026-08-14T10:04:27,1786676667,13.730928,100.788133,7.1,6.65,0.2,-0.5,-110.3,249.7,-0.05,-0.05,0.28,23.7,70,0,0,1
2026-08-14T10:04:28,1786676668,13.730928,100.788133,7.1,6.65,0.2,-0.5,-110.3,249.7,-0.05,-0.05,0.28,23.7,70,0,0,1
2026-08-14T10:04:29,1786676669,13.730928,100.788133,7.1,6.65,0.2,-0.5,-110.3,249.7,-0.05,-0.05,0.28,23.7,70,0,0,1
2026-08-14T10:04:30,1786676670,13.730928,100.788133,6.5,6.06,-0.2,-0.3,-110.3,249.7,-0.03,-0.01,0.29,23.7,70,0,0,1
2026-08-14T10:04:31,1786676671,13.730928,100.788133,6.5,6.06,-0.2,-0.3,-110.3,249.7,-0.03,-0.01,0.29,23.7,70,0,0,1
2026-08-14T10:04:32,1786676672,13.730928,100.788133,6.5,6.06,0.1,-0.4,-110.3,249.7,-0.03,-0.01,0.29,23.7,70,0,0,1
2026-08-14T10:04:33,1786676673,13.730928,100.788133,6.2,5.76,0.3,-0.6,-110.3,249.7,-0.02,-0.01,0.29,23.69,70,0,0,1
2026-08-14T10:04:34,1786676674,13.730928,100.788133,6.2,5.76,0.1,-0.5,-110.3,249.7,-0.02,-0.01,0.29,23.69,70,0,0,1
2026-08-14T10:04:35,1786676675,13.730928,100.788133,6.2,5.76,0.1,-0.5,-110.3,249.7,-0.02,-0.01,0.29,23.69,70,0,0,1
2026-08-14T10:04:36,1786676676,13.730928,100.788133,6.0,5.76,0.1,-0.5,-110.3,249.7,-0.02,-0.01,0.29,23.69,70,0,0,1
2026-08-14T10:04:37,1786676677,13.730928,100.788133,6.0,5.76,0.1,-0.5,-110.3,249.7,-0.02,-0.01,0.29,23.69,70,0,0,1
2026-08-14T10:04:38,1786676678,13.730928,100.788133,5.8,5.76,0.1,-0.5,-110.3,249.7,-0.02,-0.01,0.29,23.69,70,0,0,1
2026-08-14T10:04:39,1786676679,13.730928,100.788132,5.7,5.19,0.1,-0.5,-110.3,249.7,-0.03,-0.01,0.31,23.69,70,0,0,1
2026-08-14T10:04:40,1786676680,13.730928,100.788132,5.7,5.19,0.0,-0.3,-110.3,249.7,-0.03,-0.01,0.31,23.69,70,0,0,1
2026-08-14T10:04:41,1786676681,13.730928,100.788132,5.4,4.9,0.0,-0.3,-110.3,249.7,-0.04,-0.01,0.32,23.68,69,0,0,1
2026-08-14T10:04:42,1786676682,13.730928,100.788132,5.4,4.9,0.3,-0.3,-110.3,249.7,-0.04,-0.01,0.32,23.68,69,0,0,1
2026-08-14T10:04:43,1786676683,13.730928,100.788132,5.4,4.9,0.3,-0.2,-110.3,249.7,-0.04,-0.01,0.32,23.68,69,0,0,1
2026-08-14T10:04:44,1786676684,13.730928,100.788132,5.1,4.6,0.3,-0.2,-110.3,249.7,0.0,-0.02,0.31,23.68,69,AUTO.LAND,1,1
2026-08-14T10:04:45,1786676685,13.730928,100.788132,5.1,4.6,0.0,-0.1,-110.3,249.7,0.0,-0.02,0.31,23.68,69,0,0,1
2026-08-14T10:04:46,1786676686,13.730928,100.788132,5.1,4.6,-0.3,-0.5,-110.3,249.7,0.0,-0.02,0.31,23.68,69,0,0,1
2026-08-14T10:04:47,1786676687,13.730928,100.788132,4.8,4.32,-0.3,-0.5,-110.3,249.7,-0.03,-0.01,0.33,23.68,69,AUTO.LAND,1,1
2026-08-14T10:04:48,1786676688,13.730928,100.788132,4.8,4.32,-0.2,-0.7,-110.3,249.7,-0.03,-0.01,0.33,23.68,69,0,0,1
2026-08-14T10:04:49,1786676689,13.730928,100.788132,4.8,4.32,-0.1,-0.5,-110.3,249.7,-0.03,-0.01,0.33,23.68,69,0,0,1
2026-08-14T10:04:50,1786676690,13.730928,100.788132,4.5,4.03,-0.0,-0.1,-110.3,249.7,-0.04,-0.02,0.34,23.68,69,0,0,1
2026-08-14T10:04:51,1786676691,13.730928,100.788132,4.5,4.03,-0.0,-0.1,-110.3,249.7,-0.04,-0.02,0.34,23.68,69,0,0,1
2026-08-14T10:04:52,1786676692,13.730928,100.788132,4.5,4.03,0.1,0.4,-110.3,249.7,-0.04,-0.02,0.34,23.68,69,0,0,1
2026-08-14T10:04:53,1786676693,13.730927,100.788132,4.2,3.73,0.4,0.5,-110.3,249.7,0.0,0.02,0.33,23.67,69,0,0,1
2026-08-14T10:04:54,1786676694,13.730927,100.788132,4.2,3.73,0.3,-0.4,-110.3,249.7,0.0,0.02,0.33,23.67,69,0,0,1
2026-08-14T10:04:55,1786676695,13.730927,100.788132,4.0,3.73,0.3,-0.4,-110.3,249.7,0.0,0.02,0.33,23.67,69,AUTO.LAND,1,1
2026-08-14T10:04:56,1786676696,13.730927,100.788132,3.9,3.44,0.2,-0.6,-110.3,249.7,0.03,0.01,0.36,23.67,69,0,0,1
2026-08-14T10:04:57,1786676697,13.730927,100.788132,3.9,3.44,-0.1,-0.6,-110.3,249.7,0.03,0.01,0.36,23.67,69,0,0,1
2026-08-14T10:04:58,1786676698,13.730928,100.788132,3.6,3.14,-0.1,-0.6,-110.3,249.7,0.01,-0.02,0.34,23.67,69,AUTO.LAND,1,1
2026-08-14T10:04:59,1786676699,13.730928,100.788132,3.6,3.14,-0.1,-0.4,-110.3,249.7,0.01,-0.02,0.34,23.67,69,0,0,1
2026-08-14T10:05:00,1786676700,13.730928,100.788132,3.6,3.14,-0.1,-0.4,-110.3,249.7,0.01,-0.02,0.34,23.67,69,0,0,1
2026-08-14T10:05:01,1786676701,13.730927,100.788132,3.5,3.14,0.2,-0.1,-110.3,249.7,0.01,-0.02,0.34,23.66,69,0,0,1
2026-08-14T10:05:02,1786676702,13.730927,100.788132,3.5,3.14,0.2,-0.1,-110.3,249.7,0.01,-0.02,0.34,23.66,69,0,0,1
2026-08-14T10:05:03,1786676703,13.730927,100.788132,3.2,3.14,0.2,-0.1,-110.3,249.7,0.01,-0.02,0.34,23.66,69,AUTO.LAND,1,1
2026-08-14T10:05:04,1786676704,13.730928,100.788132,3.0,2.56,-0.4,-0.2,-110.3,249.7,0.02,0.0,0.35,23.66,69,0,0,1
2026-08-14T10:05:05,1786676705,13.730928,100.788132,3.0,2.56,-0.2,-0.2,-110.3,249.7,0.02,0.0,0.35,23.66,69,0,0,1
2026-08-14T10:05:06,1786676706,13.730928,100.788132,2.7,2.25,0.2,-0.3,-110.3,249.7,0.0,0.0,0.35,23.66,69,AUTO.LAND,1,1
2026-08-14T10:05:07,1786676707,13.730928,100.788132,2.7,2.25,0.2,-0.3,-110.3,249.7,0.0,0.0,0.35,23.66,69,0,0,1
2026-08-14T10:05:08,1786676708,13.730928,100.788132,2.7,2.25,0.1,-0.5,-110.3,249.7,0.0,0.0,0.35,23.66,69,0,0,1
2026-08-14T10:05:09,1786676709,13.730928,100.788132,2.4,1.96,-0.0,-0.3,-110.3,249.7,0.0,-0.02,0.35,23.66,69,0,0,1
2026-08-14T10:05:10,1786676710,13.730928,100.788132,2.4,1.96,0.0,-0.2,-110.3,249.7,0.0,-0.02,0.35,23.66,69,0,0,1
2026-08-14T10:05:11,1786676711,13.730928,100.788132,2.1,1.66,0.0,-0.2,-110.3,249.7,0.0,-0.01,0.36,23.65,69,AUTO.LAND,1,1
2026-08-14T10:05:12,1786676712,13.730928,100.788132,2.1,1.66,-0.2,0.0,-110.3,249.7,0.0,-0.01,0.36,23.65,69,0,0,1
2026-08-14T10:05:13,1786676713,13.730928,100.788132,2.1,1.66,-0.1,-0.2,-110.3,249.7,0.0,-0.01,0.36,23.65,69,0,0,1
2026-08-14T10:05:14,1786676714,13.730928,100.788132,1.8,1.34,-0.2,-0.6,-110.3,249.7,0.0,0.0,0.34,23.65,69,0,0,1
2026-08-14T10:05:15,1786676715,13.730928,100.788132,1.8,1.34,-0.3,-0.2,-110.3,249.7,0.0,0.0,0.34,23.65,69,0,0,1
2026-08-14T10:05:16,1786676716,13.730928,100.788132,1.6,1.34,-0.3,-0.2,-110.3,249.7,0.0,0.0,0.34,23.65,69,AUTO.LAND,1,1
2026-08-14T10:05:17,1786676717,13.730928,100.788132,1.5,1.03,0.1,0.1,-110.3,249.7,-0.03,-0.01,0.32,23.65,69,0,0,1
2026-08-14T10:05:18,1786676718,13.730928,100.788132,1.5,1.03,0.4,-0.1,-110.3,249.7,-0.03,-0.01,0.32,23.65,69,0,0,1
2026-08-14T10:05:19,1786676719,13.730928,100.788132,1.2,0.72,0.0,-0.3,-110.3,249.7,0.01,0.0,0.31,23.64,68,0,0,1
2026-08-14T10:05:20,1786676720,13.730928,100.788132,1.2,0.72,-0.4,-0.2,-110.3,249.7,0.01,0.0,0.31,23.64,68,0,0,1
2026-08-14T10:05:21,1786676721,13.730928,100.788132,0.9,0.42,-0.4,-0.2,-110.3,249.7,-0.01,0.0,0.31,23.64,68,AUTO.LAND,1,1
2026-08-14T10:05:22,1786676722,13.730928,100.788132,0.9,0.42,-0.3,0.1,-110.3,249.7,-0.01,0.0,0.31,23.64,68,0,0,1
2026-08-14T10:05:23,1786676723,13.730928,100.788132,0.7,0.42,-0.2,-0.1,-110.3,249.7,-0.01,0.0,0.31,23.64,68,AUTO.LAND,1,1
2026-08-14T10:05:24,1786676724,13.730928,100.788132,0.6,0.12,-0.2,-0.1,-110.3,249.7,-0.01,0.02,0.32,23.64,68,0,0,1
2026-08-14T10:05:25,1786676725,13.730928,100.788132,0.6,0.12,-0.2,-0.2,-110.3,249.7,-0.01,0.02,0.32,23.64,68,0,0,1
2026-08-14T10:05:26,1786676726,13.730928,100.788132,0.5,0.05,-0.1,-0.9,-110.3,249.7,0.0,-0.01,-0.01,23.64,68,AUTO.LAND,1,1
2026-08-14T10:05:27,1786676727,13.730928,100.788132,0.5,0.05,-0.1,-0.9,-110.3,249.7,0.0,-0.01,-0.01,23.64,68,0,0,1
2026-08-14T10:05:28,1786676728,13.730928,100.788132,0.5,0.05,-0.1,-2.1,-110.3,249.7,0.0,-0.01,-0.01,23.64,68,0,0,1
2026-08-14T10:05:29,1786676729,13.730928,100.788131,0.5,0.05,-0.0,-10.7,-110.3,249.7,-0.07,-0.22,0.03,23.63,68,0,0,1
2026-08-14T10:05:30,1786676730,13.730928,100.788131,0.5,0.05,0.0,-36.2,-113.0,247.0,-0.07,-0.22,0.03,23.63,68,0,0,1
2026-08-14T10:05:31,1786676731,13.730927,100.788128,0.4,-0.05,0.0,-36.2,-113.0,247.0,0.05,0.04,-0.01,23.63,68,AUTO.LAND,1,1
2026-08-14T10:05:32,1786676732,13.730927,100.788128,0.4,-0.05,0.6,-36.3,-117.8,242.2,0.05,0.04,-0.01,23.63,68,0,0,1
2026-08-14T10:05:33,1786676733,13.730927,100.788128,0.4,-0.05,0.6,-36.3,-117.8,242.2,0.05,0.04,-0.01,23.63,68,0,0,1
2026-08-14T10:05:34,1786676734,13.730927,100.788128,0.4,-0.04,0.6,-36.4,-117.8,242.2,0.05,0.06,-0.03,23.63,68,0,0,1
2026-08-14T10:05:35,1786676735,13.730927,100.788128,0.4,-0.04,0.6,-36.5,-117.8,242.2,0.05,0.06,-0.03,23.63,68,0,0,1
2026-08-14T10:05:36,1786676736,13.730927,100.788129,0.4,-0.04,0.6,-36.5,-117.8,242.2,0.2,0.33,0.04,23.62,68,AUTO.LAND,1,0
2026-08-14T10:05:37,1786676737,13.730927,100.788129,0.4,-0.04,1.0,-26.2,-119.0,241.0,0.2,0.33,0.04,23.62,68,0,0,0
2026-08-14T10:05:38,1786676738,13.730927,100.788129,0.4,-0.04,1.0,-26.2,-119.0,241.0,0.2,0.33,0.04,23.62,68,0,0,0
2026-08-14T10:05:39,1786676739,13.730928,100.78813,0.3,-0.1,1.0,-26.2,-119.0,241.0,0.0,-0.02,-0.02,23.62,68,0,0,0
2026-08-14T10:05:40,1786676740,13.730928,100.78813,0.3,-0.1,1.0,-26.2,-119.0,241.0,0.0,-0.02,-0.02,23.62,68,0,0,0
2026-08-14T10:05:41,1786676741,13.730928,100.78813,0.3,-0.1,-0.1,-0.4,-121.2,238.8,0.0,-0.02,-0.02,23.62,68,AUTO.TAKEOFF,1,1
2026-08-14T10:05:42,1786676742,13.730928,100.78813,0.3,-0.1,-0.1,-0.4,-121.2,238.8,-0.03,-0.05,0.0,23.62,68,0,0,1
2026-08-14T10:05:43,1786676743,13.730928,100.78813,0.3,-0.1,-0.1,1.2,-121.2,238.8,-0.03,-0.05,0.0,23.62,68,0,0,1
2026-08-14T10:05:44,1786676744,13.730928,100.788131,0.4,0.02,0.3,1.7,-121.3,238.7,0.29,0.48,-0.57,23.62,68,0,0,1
2026-08-14T10:05:45,1786676745,13.730928,100.788131,0.4,0.02,0.2,-7.2,-121.3,238.7,0.29,0.48,-0.57,23.62,68,0,0,1
2026-08-14T10:05:46,1786676746,13.73093,100.788134,1.9,1.46,0.2,-7.2,-121.3,238.7,-0.16,-0.33,-1.62,23.61,68,AUTO.TAKEOFF,1,1
2026-08-14T10:05:47,1786676747,13.73093,100.788134,1.9,1.46,0.2,-7.2,-121.3,238.7,-0.16,-0.33,-1.62,23.61,68,0,0,1
2026-08-14T10:05:48,1786676748,13.73093,100.788134,1.9,1.46,-0.9,3.6,-121.3,238.7,-0.16,-0.33,-1.62,23.61,68,0,0,1
2026-08-14T10:05:49,1786676749,13.730928,100.78813,3.3,2.86,-0.4,2.1,-119.9,240.1,-0.09,-0.09,-1.23,23.61,68,AUTO.LOITER,1,1
2026-08-14T10:05:50,1786676750,13.730928,100.78813,3.3,2.86,-0.4,2.1,-119.9,240.1,-0.09,-0.09,-1.23,23.61,68,0,0,1
2026-08-14T10:05:51,1786676751,13.730928,100.78813,3.3,2.86,0.4,-0.8,-120.0,240.0,-0.09,-0.09,-1.23,23.61,68,0,0,1
2026-08-14T10:05:52,1786676752,13.730929,100.788131,4.5,4.05,-0.0,-1.3,-120.0,240.0,0.0,-0.02,-1.11,23.61,68,0,0,1
2026-08-14T10:05:53,1786676753,13.730929,100.788131,4.5,4.05,-0.3,-0.1,-119.4,240.6,0.0,-0.02,-1.11,23.61,68,0,0,1
2026-08-14T10:05:54,1786676754,13.730929,100.788131,5.6,5.16,-0.3,-0.1,-119.4,240.6,-0.01,0.0,-1.04,23.61,67,0,0,1
2026-08-14T10:05:55,1786676755,13.730929,100.788131,5.6,5.16,-0.6,-0.2,-119.4,240.6,-0.01,0.0,-1.04,23.61,67,0,0,1
2026-08-14T10:05:56,1786676756,13.730929,100.788131,5.6,5.16,-0.2,-0.9,-119.6,240.4,-0.01,0.0,-1.04,23.61,67,0,0,1
2026-08-14T10:05:57,1786676757,13.730929,100.788132,6.7,6.23,0.3,-0.7,-119.8,240.2,-0.03,-0.01,-1.0,23.6,67,AUTO.LOITER,1,1
2026-08-14T10:05:58,1786676758,13.730929,100.788132,6.7,6.23,0.3,-0.7,-119.8,240.2,-0.03,-0.01,-1.0,23.6,67,0,0,1
2026-08-14T10:05:59,1786676759,13.730929,100.788132,6.7,6.23,0.1,0.3,-119.7,240.3,-0.03,-0.01,-1.0,23.6,67,0,0,1
2026-08-14T10:06:00,1786676760,13.730929,100.788132,7.7,7.27,-0.3,0.3,-119.6,240.4,0.03,0.01,-0.97,23.6,67,0,0,1
2026-08-14T10:06:01,1786676761,13.730929,100.788132,7.7,7.27,0.1,-0.3,-119.7,240.3,0.03,0.01,-0.97,23.6,67,0,0,1
2026-08-14T10:06:02,1786676762,13.730929,100.788133,8.7,7.27,0.1,-0.3,-119.7,240.3,0.03,0.01,-0.97,23.6,67,AUTO.LOITER,1,1
2026-08-14T10:06:03,1786676763,13.730929,100.788132,8.7,8.3,0.1,-1.0,-119.7,240.3,0.04,0.03,-0.94,23.6,67,0,0,1
2026-08-14T10:06:04,1786676764,13.730929,100.788132,8.7,8.3,0.1,-1.0,-119.7,240.3,0.04,0.03,-0.94,23.6,67,0,0,1
2026-08-14T10:06:05,1786676765,13.730929,100.788132,9.7,9.32,0.1,-1.0,-119.7,240.3,0.01,0.02,-0.92,23.6,67,AUTO.LOITER,1,1
2026-08-14T10:06:06,1786676766,13.730929,100.788132,9.7,9.32,0.1,-1.0,-119.7,240.3,0.01,0.02,-0.92,23.6,67,AUTO.LOITER,1,1
2026-08-14T10:06:07,1786676767,13.730929,100.788132,9.7,9.32,0.0,-0.4,-119.8,240.2,0.01,0.02,-0.92,23.6,67,0,0,1
2026-08-14T10:06:08,1786676768,13.730929,100.788133,10.7,10.3,-0.1,-1.0,-119.6,240.4,0.04,0.03,-0.92,23.6,67,0,0,1
2026-08-14T10:06:09,1786676769,13.730929,100.788133,10.7,10.3,-0.1,-1.0,-119.6,240.4,0.04,0.03,-0.92,23.6,67,0,0,1
2026-08-14T10:06:10,1786676770,13.730929,100.788133,10.7,10.3,0.1,-0.8,-119.6,240.4,0.04,0.03,-0.92,23.6,67,0,0,1
2026-08-14T10:06:11,1786676771,13.730929,100.788133,11.5,11.11,-1.0,-0.4,-119.7,240.3,0.02,-0.01,-0.52,23.59,67,0,0,1
2026-08-14T10:06:12,1786676772,13.730929,100.788133,11.5,11.11,-14.4,10.4,-122.9,237.1,0.02,-0.01,-0.52,23.59,67,0,0,1
2026-08-14T10:06:13,1786676773,13.730926,100.78814,12.1,11.72,-14.4,10.4,-122.9,237.1,-0.81,2.18,-0.5,23.59,67,AUTO.LOITER,1,1
2026-08-14T10:06:14,1786676774,13.730926,100.78814,12.1,11.72,-14.3,13.1,-126.5,233.5,-0.81,2.18,-0.5,23.59,67,0,0,1
2026-08-14T10:06:15,1786676775,13.730926,100.78814,12.1,11.72,-14.3,13.1,-126.5,233.5,-0.81,2.18,-0.5,23.59,67,0,0,1
2026-08-14T10:06:16,1786676776,13.730916,100.788176,12.7,12.25,-14.3,13.1,-126.5,233.5,-1.45,4.75,-0.47,23.59,67,0,0,1
2026-08-14T10:06:17,1786676777,13.730916,100.788176,12.7,12.25,-14.3,13.1,-126.5,233.5,-1.45,4.75,-0.47,23.59,67,0,0,1
2026-08-14T10:06:18,1786676778,13.730916,100.788176,12.7,12.25,1.3,-1.8,-174.1,185.9,-1.45,4.75,-0.47,23.59,67,0,0,1
2026-08-14T10:06:19,1786676779,13.7309,100.788218,13.2,12.77,-4.8,-0.5,171.5,171.5,-1.81,4.49,-0.49,23.58,67,0,0,1
2026-08-14T10:06:20,1786676780,13.7309,100.788218,13.2,12.77,-4.8,-0.5,171.5,171.5,-1.81,4.49,-0.49,23.58,67,0,0,1
2026-08-14T10:06:21,1786676781,13.7309,100.788218,13.2,12.77,-4.1,-2.7,161.0,161.0,-1.81,4.49,-0.49,23.58,67,0,0,1
2026-08-14T10:06:22,1786676782,13.730885,100.788261,13.7,13.3,-0.3,-1.9,151.6,151.6,-1.73,4.82,-0.49,23.58,67,0,0,1
2026-08-14T10:06:23,1786676783,13.730885,100.788261,13.7,13.3,-0.3,-1.9,151.6,151.6,-1.73,4.82,-0.49,23.58,67,0,0,1
2026-08-14T10:06:24,1786676784,13.730885,100.788261,13.7,13.3,-0.2,-1.4,140.8,140.8,-1.73,4.82,-0.49,23.58,67,0,0,1
2026-08-14T10:06:25,1786676785,13.73087,100.788305,14.3,13.83,-0.2,-1.4,140.8,140.8,-1.73,4.65,-0.52,23.57,67,0,0,1
2026-08-14T10:06:26,1786676786,13.73087,100.788305,14.3,13.83,-0.2,-1.4,140.8,140.8,-1.73,4.65,-0.52,23.57,67,0,0,1
2026-08-14T10:06:27,1786676787,13.73087,100.788305,14.3,13.83,-0.2,-1.4,140.8,140.8,-1.73,4.65,-0.52,23.57,67,AUTO.LOITER,1,1
2026-08-14T10:06:28,1786676788,13.73087,100.788305,14.3,13.83,0.6,-2.0,105.3,105.3,-1.73,4.65,-0.52,23.57,67,0,0,1
2026-08-14T10:06:29,1786676789,13.73087,100.788305,14.3,13.83,0.0,-1.6,103.1,103.1,-1.73,4.65,-0.52,23.57,67,0,0,1
2026-08-14T10:06:30,1786676790,13.730839,100.788392,15.4,14.94,0.0,-2.1,107.5,107.5,-1.73,4.61,-0.52,23.57,67,AUTO.LOITER,1,1
2026-08-14T10:06:31,1786676791,13.730839,100.788392,15.4,14.94,0.0,-2.1,107.5,107.5,-1.73,4.61,-0.52,23.57,67,0,0,1
2026-08-14T10:06:32,1786676792,13.730839,100.788392,15.4,14.94,0.2,-3.1,112.4,112.4,-1.73,4.61,-0.52,23.57,67,0,0,1
2026-08-14T10:06:33,1786676793,13.730824,100.788436,15.9,15.48,0.1,-1.1,114.1,114.1,-1.76,4.67,-0.53,23.57,66,0,0,1
2026-08-14T10:06:34,1786676794,13.730824,100.788436,15.9,15.48,0.1,-1.1,114.1,114.1,-1.76,4.67,-0.53,23.57,66,0,0,1
2026-08-14T10:06:35,1786676795,13.730824,100.788436,15.9,15.48,0.1,-1.1,114.1,114.1,-1.76,4.67,-0.53,23.57,66,0,0,1
2026-08-14T10:06:36,1786676796,13.730808,100.788479,16.4,16.01,0.1,-1.1,114.1,114.1,-1.67,4.57,-0.54,23.56,66,AUTO.LOITER,1,1
2026-08-14T10:06:37,1786676797,13.730808,100.788479,16.4,16.01,-0.2,-2.4,108.4,108.4,-1.67,4.57,-0.54,23.56,66,AUTO.LOITER,1,1
2026-08-14T10:06:38,1786676798,13.730796,100.788515,16.9,16.01,-0.2,-2.4,108.4,108.4,-1.67,4.57,-0.54,23.56,66,AUTO.LOITER,1,1
2026-08-14T10:06:39,1786676799,13.730796,100.788515,16.9,16.01,0.2,-2.5,108.8,108.8,-1.67,4.57,-0.54,23.56,66,0,0,1
2026-08-14T10:06:40,1786676800,13.730796,100.788515,16.9,16.01,0.2,-2.5,108.8,108.8,-1.67,4.57,-0.54,23.56,66,0,0,1
2026-08-14T10:06:41,1786676801,13.730778,100.788567,17.5,17.1,0.2,-2.5,108.8,108.8,-1.72,4.71,-0.57,23.56,66,AUTO.LOITER,1,1
2026-08-14T10:06:42,1786676802,13.730778,100.788567,17.5,17.1,-0.4,-0.3,110.6,110.6,-1.72,4.71,-0.57,23.56,66,0,0,1
2026-08-14T10:06:43,1786676803,13.730778,100.788567,17.5,17.1,-0.4,-2.5,110.5,110.5,-1.72,4.71,-0.57,23.56,66,0,0,1
2026-08-14T10:06:44,1786676804,13.730763,100.788609,18.1,17.63,-0.2,-3.1,110.0,110.0,-1.67,4.65,-0.57,23.55,66,AUTO.LOITER,1,1
2026-08-14T10:06:45,1786676805,13.730763,100.788609,18.1,17.63,-0.2,-3.1,110.0,110.0,-1.67,4.65,-0.57,23.55,66,0,0,1
2026-08-14T10:06:46,1786676806,13.730763,100.788609,18.1,17.63,-0.6,-2.5,109.5,109.5,-1.67,4.65,-0.57,23.55,66,0,0,1
2026-08-14T10:06:47,1786676807,13.730747,100.788653,18.6,18.17,-0.6,-2.5,109.5,109.5,-1.67,4.74,-0.58,23.55,66,0,0,1
2026-08-14T10:06:48,1786676808,13.730747,100.788653,18.6,18.17,-0.6,-2.5,109.5,109.5,-1.67,4.74,-0.58,23.55,66,0,0,1
2026-08-14T10:06:49,1786676809,13.730735,100.788688,19.0,18.17,-0.6,-2.5,109.5,109.5,-1.67,4.74,-0.58,23.55,66,AUTO.LOITER,1,1
2026-08-14T10:06:50,1786676810,13.730735,100.788688,19.0,18.17,-0.6,-2.5,109.5,109.5,-1.67,4.74,-0.58,23.55,66,0,0,1
2026-08-14T10:06:51,1786676811,13.730735,100.788688,19.0,18.17,-0.9,7.8,109.4,109.4,-1.67,4.74,-0.58,23.55,66,0,0,1
2026-08-14T10:06:52,1786676812,13.730735,100.788688,19.0,18.17,-0.9,7.8,109.4,109.4,-1.67,4.74,-0.58,23.55,66,0,0,1
2026-08-14T10:06:53,1786676813,13.730722,100.788723,19.5,19.08,-1.9,4.9,108.4,108.4,-0.82,2.39,-0.31,23.55,66,0,0,1
2026-08-14T10:06:54,1786676814,13.730722,100.788723,19.5,19.08,-1.4,6.4,107.0,107.0,-0.82,2.39,-0.31,23.55,66,0,0,1
2026-08-14T10:06:55,1786676815,13.730716,100.78874,19.7,19.31,-1.4,6.4,107.0,107.0,-0.64,0.96,-0.24,23.54,66,AUTO.LOITER,1,1
2026-08-14T10:06:56,1786676816,13.730716,100.78874,19.7,19.31,15.8,15.0,108.0,108.0,-0.64,0.96,-0.24,23.54,66,0,0,1
2026-08-14T10:06:57,1786676817,13.730716,100.78874,19.7,19.31,16.6,5.2,110.3,110.3,-0.64,0.96,-0.24,23.54,66,0,0,1
2026-08-14T10:06:58,1786676818,13.730697,100.788736,19.8,19.38,12.6,-11.5,120.0,120.0,-3.18,-1.1,-0.05,23.54,66,AUTO.LOITER,1,1
2026-08-14T10:06:59,1786676819,13.730697,100.788736,19.8,19.38,12.6,-11.5,120.0,120.0,-3.18,-1.1,-0.05,23.54,66,0,0,1
2026-08-14T10:07:00,1786676820,13.730697,100.788736,19.8,19.38,6.2,-10.5,139.5,139.5,-3.18,-1.1,-0.05,23.54,66,0,0,1
2026-08-14T10:07:01,1786676821,13.730655,100.78873,19.8,19.37,1.4,1.8,159.6,159.6,-4.99,-0.56,0.03,23.54,66,0,0,1
2026-08-14T10:07:02,1786676822,13.730655,100.78873,19.8,19.37,1.6,-2.0,174.4,174.4,-4.99,-0.56,0.03,23.54,66,0,0,1
2026-08-14T10:07:03,1786676823,13.730619,100.788726,19.7,19.37,1.6,-2.0,174.4,174.4,-4.99,-0.56,0.03,23.54,66,AUTO.LOITER,1,1
2026-08-14T10:07:04,1786676824,13.730612,100.788724,19.8,19.36,-0.8,-5.0,-175.5,184.5,-4.84,-0.79,-0.03,23.54,66,0,0,1
2026-08-14T10:07:05,1786676825,13.730612,100.788724,19.8,19.36,-0.9,-1.5,-169.5,190.5,-4.84,-0.79,-0.03,23.54,66,0,0,1
2026-08-14T10:07:06,1786676826,13.730574,100.788719,19.8,19.36,-0.9,-1.5,-169.5,190.5,-4.84,-0.79,-0.03,23.53,66,AUTO.LOITER,1,1
2026-08-14T10:07:07,1786676827,13.730566,100.788718,19.8,19.39,-0.1,-0.6,-168.1,191.9,-4.86,-0.67,-0.04,23.53,66,0,0,1
2026-08-14T10:07:08,1786676828,13.730566,100.788718,19.8,19.39,-0.3,-2.8,-170.8,189.2,-4.86,-0.67,-0.04,23.53,66,0,0,1
2026-08-14T10:07:09,1786676829,13.730522,100.788711,19.8,19.42,-0.3,-2.8,-170.8,189.2,-4.89,-0.68,-0.02,23.53,66,0,0,1
2026-08-14T10:07:10,1786676830,13.730522,100.788711,19.8,19.42,-0.3,-2.8,-170.8,189.2,-4.89,-0.68,-0.02,23.53,66,0,0,1
2026-08-14T10:07:11,1786676831,13.730522,100.788711,19.8,19.42,-0.4,-1.1,-175.0,185.0,-4.89,-0.68,-0.02,23.53,66,0,0,1
2026-08-14T10:07:12,1786676832,13.730478,100.788705,19.9,19.45,-0.1,-0.1,-174.0,186.0,-4.78,-0.65,-0.02,23.53,65,0,0,1
2026-08-14T10:07:13,1786676833,13.730478,100.788705,19.9,19.45,-0.1,-0.1,-174.0,186.0,-4.78,-0.65,-0.02,23.53,65,0,0,1
2026-08-14T10:07:14,1786676834,13.730478,100.788705,19.9,19.45,0.2,10.9,-172.3,187.7,-4.78,-0.65,-0.02,23.53,65,0,0,1
2026-08-14T10:07:15,1786676835,13.730441,100.7887,19.9,19.46,-0.1,8.6,-171.5,188.5,-3.17,-0.47,0.0,23.52,65,0,0,1
2026-08-14T10:07:16,1786676836,13.730441,100.7887,19.9,19.46,0.2,6.2,-171.6,188.4,-3.17,-0.47,0.0,23.52,65,0,0,1
2026-08-14T10:07:17,1786676837,13.730422,100.788698,19.9,19.46,0.2,6.2,-171.6,188.4,-3.17,-0.47,0.0,23.52,65,AUTO.LOITER,1,1
2026-08-14T10:07:18,1786676838,13.730419,100.788697,19.9,19.49,3.8,8.2,-171.5,188.5,-1.79,-0.3,-0.03,23.52,65,0,0,1
2026-08-14T10:07:19,1786676839,13.730419,100.788697,19.9,19.49,20.0,9.1,-169.0,191.0,-1.79,-0.3,-0.03,23.52,65,0,0,1
2026-08-14T10:07:20,1786676840,13.730412,100.788686,20.0,19.54,12.4,-2.5,-161.9,198.1,0.22,-2.4,0.03,23.52,65,AUTO.LOITER,1,1
2026-08-14T10:07:21,1786676841,13.730412,100.788686,20.0,19.54,12.4,-2.5,-161.9,198.1,0.22,-2.4,0.03,23.52,65,0,0,1
2026-08-14T10:07:22,1786676842,13.730412,100.788686,20.0,19.54,11.0,-15.8,-146.9,213.1,0.22,-2.4,0.03,23.52,65,0,0,1
2026-08-14T10:07:23,1786676843,13.730412,100.788657,20.0,19.54,11.0,-15.8,-146.9,213.1,0.22,-2.4,0.03,23.52,65,0,0,1
2026-08-14T10:07:24,1786676844,13.730412,100.788657,20.0,19.54,11.0,-15.8,-146.9,213.1,0.22,-2.4,0.03,23.52,65,0,0,1
2026-08-14T10:07:25,1786676845,13.730412,100.788657,20.0,19.54,11.0,-15.8,-146.9,213.1,0.22,-2.4,0.03,23.52,65,0,0,1
2026-08-14T10:07:26,1786676846,13.730407,100.788613,20.0,19.54,11.0,-15.8,-146.9,213.1,0.22,-2.4,0.03,23.51,65,0,0,1
2026-08-14T10:07:27,1786676847,13.730407,100.788613,20.0,19.54,-0.6,-4.7,-92.8,267.2,0.22,-2.4,0.03,23.51,65,0,0,1
2026-08-14T10:07:28,1786676848,13.730404,100.788568,19.9,19.54,-0.6,-4.7,-92.8,267.2,0.22,-2.4,0.03,23.51,65,AUTO.LOITER,1,1
2026-08-14T10:07:29,1786676849,13.730404,100.788559,19.9,19.5,-1.0,-1.9,-89.9,270.1,-0.38,-5.13,0.01,23.51,65,0,0,1
2026-08-14T10:07:30,1786676850,13.730404,100.788559,19.9,19.5,-0.1,-0.0,-91.9,268.1,-0.38,-5.13,0.01,23.51,65,0,0,1
2026-08-14T10:07:31,1786676851,13.7304,100.788512,19.9,19.51,-0.1,-0.0,-91.9,268.1,-0.38,-4.93,0.02,23.51,65,AUTO.LOITER,1,1
2026-08-14T10:07:32,1786676852,13.7304,100.788512,19.9,19.51,0.2,-2.8,-95.3,264.7,-0.38,-4.93,0.02,23.51,65,0,0,1
2026-08-14T10:07:33,1786676853,13.7304,100.788512,19.9,19.51,0.4,-2.5,-97.1,262.9,-0.38,-4.93,0.02,23.51,65,0,0,1
2026-08-14T10:07:34,1786676854,13.730397,100.788466,19.9,19.51,0.4,-2.5,-97.1,262.9,-0.34,-4.99,0.02,23.5,65,0,0,1
2026-08-14T10:07:35,1786676855,13.730397,100.788466,19.9,19.51,-0.4,-1.0,-96.5,263.5,-0.34,-4.99,0.02,23.5,65,0,0,1
2026-08-14T10:07:36,1786676856,13.730397,100.788466,19.9,19.51,-0.5,-1.9,-94.8,265.2,-0.34,-4.99,0.02,23.5,65,0,0,1
2026-08-14T10:07:37,1786676857,13.730393,100.788419,19.9,19.52,-0.0,-1.0,-93.6,266.4,-0.37,-4.9,0.03,23.5,65,0,0,1
2026-08-14T10:07:38,1786676858,13.730393,100.788419,19.9,19.52,-0.0,-1.0,-93.6,266.4,-0.37,-4.9,0.03,23.5,65,0,0,1
2026-08-14T10:07:39,1786676859,13.730393,100.788419,19.9,19.52,-0.2,-1.7,-93.6,266.4,-0.37,-4.9,0.03,23.5,65,0,0,1
2026-08-14T10:07:40,1786676860,13.73039,100.788373,20.0,19.53,-0.5,-2.5,-94.2,265.8,-0.37,-4.89,0.03,23.5,65,0,0,1
2026-08-14T10:07:41,1786676861,13.73039,100.788373,20.0,19.53,-0.1,-2.1,-94.8,265.2,-0.37,-4.89,0.03,23.5,65,0,0,1
2026-08-14T10:07:42,1786676862,13.730387,100.788335,20.1,19.53,-0.1,-2.1,-94.8,265.2,-0.37,-4.89,0.03,23.5,65,AUTO.LOITER,1,1
2026-08-14T10:07:43,1786676863,13.730387,100.788327,20.0,19.55,-0.0,-2.0,-94.9,265.1,-0.38,-4.93,0.05,23.5,65,0,0,1
2026-08-14T10:07:44,1786676864,13.730387,100.788327,20.0,19.55,0.0,-2.1,-94.6,265.4,-0.38,-4.93,0.05,23.5,65,0,0,1
2026-08-14T10:07:45,1786676865,13.730384,100.78829,20.1,19.55,0.0,-2.1,-94.6,265.4,-0.38,-4.93,0.05,23.49,65,AUTO.LOITER,1,1
2026-08-14T10:07:46,1786676866,13.730383,100.788281,20.0,19.56,-0.1,-2.1,-94.2,265.8,-0.36,-4.94,0.06,23.49,65,0,0,1
2026-08-14T10:07:47,1786676867,13.730383,100.788281,20.0,19.56,-0.3,-2.4,-94.1,265.9,-0.36,-4.94,0.06,23.49,65,0,0,1
2026-08-14T10:07:48,1786676868,13.73038,100.788235,20.0,19.57,-0.3,-2.4,-94.1,265.9,-0.38,-4.97,0.07,23.49,65,0,0,1
2026-08-14T10:07:49,1786676869,13.73038,100.788235,20.0,19.57,-0.2,-2.1,-94.2,265.8,-0.38,-4.97,0.07,23.49,65,0,0,1
2026-08-14T10:07:50,1786676870,13.73038,100.788235,20.0,19.57,-0.1,-2.7,-94.4,265.6,-0.38,-4.97,0.07,23.49,65,0,0,1
2026-08-14T10:07:51,1786676871,13.730377,100.788189,20.0,19.59,-0.3,-1.7,-94.4,265.6,-0.38,-5.01,0.09,23.49,64,0,0,1
2026-08-14T10:07:52,1786676872,13.730377,100.788189,20.0,19.59,-0.3,-1.7,-94.4,265.6,-0.38,-5.01,0.09,23.49,64,0,0,1
2026-08-14T10:07:53,1786676873,13.730377,100.788189,20.0,19.59,-0.5,-2.1,-94.4,265.6,-0.38,-5.01,0.09,23.49,64,0,0,1
2026-08-14T10:07:54,1786676874,13.730373,100.788144,20.0,19.6,-0.1,-3.4,-94.3,265.7,-0.41,-5.03,0.1,23.48,64,0,0,1
2026-08-14T10:07:55,1786676875,13.730373,100.788144,20.0,19.6,-0.1,-3.4,-94.3,265.7,-0.41,-5.03,0.1,23.48,64,0,0,1
2026-08-14T10:07:56,1786676876,13.730373,100.788144,20.0,19.6,0.2,-0.5,-94.3,265.7,-0.41,-5.03,0.1,23.48,64,0,0,1
2026-08-14T10:07:57,1786676877,13.73037,100.788097,20.0,19.62,0.0,-2.2,-94.3,265.7,-0.37,-4.95,0.12,23.48,64,0,0,1
2026-08-14T10:07:58,1786676878,13.73037,100.788097,20.0,19.62,0.0,-2.2,-94.3,265.7,-0.37,-4.95,0.12,23.48,64,0,0,1
2026-08-14T10:07:59,1786676879,13.73037,100.788097,20.0,19.62,-0.2,-2.9,-94.3,265.7,-0.37,-4.95,0.12,23.48,64,0,0,1
2026-08-14T10:08:00,1786676880,13.730366,100.788051,20.1,19.64,-0.0,-1.6,-94.3,265.7,-0.38,-5.0,0.14,23.48,64,0,0,1
2026-08-14T10:08:01,1786676881,13.730366,100.788051,20.1,19.64,-0.1,-2.7,-94.3,265.7,-0.38,-5.0,0.14,23.48,64,0,0,1
2026-08-14T10:08:02,1786676882,13.730364,100.788014,20.3,19.64,-0.1,-2.7,-94.3,265.7,-0.38,-5.0,0.14,23.48,64,AUTO.LOITER,1,1
2026-08-14T10:08:03,1786676883,13.730363,100.788005,20.1,19.64,-0.4,-2.8,-94.3,265.7,-0.38,-5.03,0.14,23.48,64,0,0,1
2026-08-14T10:08:04,1786676884,13.730363,100.788005,20.1,19.64,-0.4,-1.2,-94.3,265.7,-0.38,-5.03,0.14,23.48,64,0,0,1
2026-08-14T10:08:05,1786676885,13.73036,100.787959,20.1,19.66,-0.4,-1.2,-94.3,265.7,-0.41,-4.97,0.15,23.47,64,0,0,1
2026-08-14T10:08:06,1786676886,13.73036,100.787959,20.1,19.66,0.2,-1.9,-94.3,265.7,-0.41,-4.97,0.15,23.47,64,0,0,1
2026-08-14T10:08:07,1786676887,13.73036,100.787959,20.1,19.66,0.2,-2.5,-94.3,265.7,-0.41,-4.97,0.15,23.47,64,0,0,1
2026-08-14T10:08:08,1786676888,13.730356,100.787912,20.1,19.66,-0.1,-2.2,-94.3,265.7,-0.36,-4.97,0.16,23.47,64,0,0,1
2026-08-14T10:08:09,1786676889,13.730356,100.787912,20.1,19.66,-0.1,-2.2,-94.3,265.7,-0.36,-4.97,0.16,23.47,64,0,0,1
2026-08-14T10:08:10,1786676890,13.730356,100.787912,20.1,19.66,-0.0,-2.1,-94.3,265.7,-0.36,-4.97,0.16,23.47,64,0,0,1
2026-08-14T10:08:11,1786676891,13.730353,100.787867,20.1,19.68,0.1,-2.7,-94.3,265.7,-0.37,-4.97,0.17,23.47,64,0,0,1
2026-08-14T10:08:12,1786676892,13.730353,100.787867,20.1,19.68,-0.1,-3.3,-94.3,265.7,-0.37,-4.97,0.17,23.47,64,0,0,1
2026-08-14T10:08:13,1786676893,13.73035,100.78783,20.5,19.68,-0.1,-3.3,-94.3,265.7,-0.37,-4.97,0.17,23.47,64,AUTO.LOITER,1,1
2026-08-14T10:08:14,1786676894,13.73035,100.787821,20.1,19.7,-0.3,-2.6,-94.3,265.7,-0.38,-5.09,0.2,23.47,64,0,0,1
2026-08-14T10:08:15,1786676895,13.73035,100.787821,20.1,19.7,-0.2,-1.9,-94.3,265.7,-0.38,-5.09,0.2,23.47,64,0,0,1
2026-08-14T10:08:16,1786676896,13.730346,100.787783,20.6,19.7,-0.2,-1.9,-94.3,265.7,-0.38,-5.09,0.2,23.46,64,AUTO.LOITER,1,1
2026-08-14T10:08:17,1786676897,13.730346,100.787774,20.1,19.71,0.4,-0.2,-94.3,265.7,-0.38,-4.95,0.22,23.46,64,0,0,1
2026-08-14T10:08:18,1786676898,13.730346,100.787774,20.1,19.71,0.6,-2.8,-94.3,265.7,-0.38,-4.95,0.22,23.46,64,0,0,1
2026-08-14T10:08:19,1786676899,13.730342,100.787728,20.1,19.71,-0.0,-3.2,-94.2,265.8,-0.32,-5.0,0.21,23.46,64,0,0,1
2026-08-14T10:08:20,1786676900,13.730342,100.787728,20.1,19.71,-0.0,-3.2,-94.2,265.8,-0.32,-5.0,0.21,23.46,64,0,0,1
2026-08-14T10:08:21,1786676901,13.730342,100.787728,20.1,19.71,-0.4,-1.5,-94.2,265.8,-0.32,-5.0,0.21,23.46,64,0,0,1
2026-08-14T10:08:22,1786676902,13.730339,100.787682,20.1,19.7,-0.2,-2.4,-94.3,265.7,-0.37,-4.99,0.2,23.46,64,0,0,1
2026-08-14T10:08:23,1786676903,13.730339,100.787682,20.1,19.7,-0.2,-2.4,-94.3,265.7,-0.37,-4.99,0.2,23.46,64,0,0,1
2026-08-14T10:08:24,1786676904,13.730339,100.787682,20.1,19.7,-0.1,-2.3,-94.3,265.7,-0.37,-4.99,0.2,23.46,64,0,0,1
2026-08-14T10:08:25,1786676905,13.730336,100.787636,20.1,19.68,0.2,-3.0,-94.4,265.6,-0.38,-5.0,0.17,23.45,64,0,0,1
2026-08-14T10:08:26,1786676906,13.730336,100.787636,20.1,19.68,0.0,-1.3,-94.3,265.7,-0.38,-5.0,0.17,23.45,64,0,0,1
2026-08-14T10:08:27,1786676907,13.730333,100.787598,20.5,19.68,0.0,-1.3,-94.3,265.7,-0.38,-5.0,0.17,23.45,64,AUTO.LOITER,1,1
2026-08-14T10:08:28,1786676908,13.730333,100.78759,20.1,19.68,-0.3,-1.9,-94.3,265.7,-0.36,-4.98,0.18,23.45,64,0,0,1
2026-08-14T10:08:29,1786676909,13.730333,100.78759,20.1,19.68,-0.1,-1.9,-94.3,265.7,-0.36,-4.98,0.18,23.45,64,0,0,1
2026-08-14T10:08:30,1786676910,13.730333,100.78759,20.1,19.68,-0.1,-1.9,-94.3,265.7,-0.36,-4.98,0.18,23.45,64,0,0,1
2026-08-14T10:08:31,1786676911,13.730333,100.78759,20.1,19.68,0.0,-2.4,-94.3,265.7,-0.36,-4.98,0.18,23.45,64,0,0,1
2026-08-14T10:08:32,1786676912,13.730333,100.78759,20.1,19.68,-0.2,6.5,-94.4,265.6,-0.36,-4.98,0.18,23.45,64,0,0,1
2026-08-14T10:08:33,1786676913,13.730326,100.787501,20.1,19.66,0.3,10.2,-94.2,265.8,-0.31,-3.84,0.16,23.45,63,0,0,1
2026-08-14T10:08:34,1786676914,13.730326,100.787501,20.1,19.66,0.3,10.2,-94.2,265.8,-0.31,-3.84,0.16,23.45,63,0,0,1
2026-08-14T10:08:35,1786676915,13.730326,100.787501,20.1,19.66,1.0,6.2,-93.7,266.3,-0.31,-3.84,0.16,23.45,63,0,0,1
2026-08-14T10:08:36,1786676916,13.730323,100.787475,20.1,19.67,1.5,5.2,-92.9,267.1,-0.12,-2.29,0.17,23.44,63,0,0,1
2026-08-14T10:08:37,1786676917,13.730323,100.787475,20.1,19.67,1.5,5.2,-92.9,267.1,-0.12,-2.29,0.17,23.44,63,0,0,1
2026-08-14T10:08:38,1786676918,13.730323,100.787475,20.1,19.67,0.8,13.5,-91.6,268.4,-0.12,-2.29,0.17,23.44,63,0,0,1
2026-08-14T10:08:39,1786676919,13.730323,100.787475,20.1,19.67,1.1,11.4,-90.9,269.1,-0.12,-2.29,0.17,23.44,63,0,0,1
2026-08-14T10:08:40,1786676920,13.730323,100.787475,20.1,19.67,1.1,11.4,-90.9,269.1,-0.12,-2.29,0.17,23.44,63,0,0,1
2026-08-14T10:08:41,1786676921,13.730323,100.78746,20.0,19.67,1.1,11.4,-90.9,269.1,-0.12,-2.29,0.17,23.44,63,AUTO.LAND,1,1
2026-08-14T10:08:42,1786676922,13.730322,100.787461,19.5,19.05,0.1,4.3,-91.7,268.3,0.07,0.0,1.01,23.44,63,0,0,1
2026-08-14T10:08:43,1786676923,13.730322,100.787461,19.5,19.05,-0.5,-0.2,-92.1,267.9,0.07,0.0,1.01,23.44,63,0,0,1
2026-08-14T10:08:44,1786676924,13.730323,100.787461,18.7,18.31,-0.7,-0.0,-92.1,267.9,0.0,0.12,0.93,23.43,63,0,0,1
2026-08-14T10:08:45,1786676925,13.730323,100.787461,18.7,18.31,-0.7,-0.0,-92.1,267.9,0.0,0.12,0.93,23.43,63,0,0,1
2026-08-14T10:08:46,1786676926,13.730323,100.787461,18.7,18.31,-0.7,0.1,-91.8,268.2,0.0,0.12,0.93,23.43,63,0,0,1
2026-08-14T10:08:47,1786676927,13.730323,100.787461,18.0,17.55,-0.5,-0.3,-91.6,268.4,-0.08,0.1,0.95,23.43,63,0,0,1
2026-08-14T10:08:48,1786676928,13.730323,100.787461,18.0,17.55,-0.4,-0.8,-91.5,268.5,-0.08,0.1,0.95,23.43,63,0,0,1
2026-08-14T10:08:49,1786676929,13.730324,100.787462,17.7,17.55,-0.4,-0.8,-91.5,268.5,-0.08,0.1,0.95,23.43,63,AUTO.LAND,1,1
2026-08-14T10:08:50,1786676930,13.730324,100.787462,17.2,16.79,-0.5,-0.1,-91.6,268.4,-0.1,0.0,0.96,23.43,63,0,0,1
2026-08-14T10:08:51,1786676931,13.730324,100.787462,17.2,16.79,-0.3,0.0,-91.7,268.3,-0.1,0.0,0.96,23.43,63,0,0,1
2026-08-14T10:08:52,1786676932,13.730324,100.787462,16.9,16.79,-0.3,0.0,-91.7,268.3,-0.1,0.0,0.96,23.43,63,0,0,1
2026-08-14T10:08:53,1786676933,13.730323,100.787462,16.4,16.01,0.0,-0.5,-91.8,268.2,-0.11,0.01,0.96,23.43,63,0,0,1
2026-08-14T10:08:54,1786676934,13.730323,100.787462,16.4,16.01,-0.1,-0.5,-91.8,268.2,-0.11,0.01,0.96,23.43,63,0,0,1
2026-08-14T10:08:55,1786676935,13.730324,100.787462,16.2,16.01,-0.1,-0.5,-91.8,268.2,-0.11,0.01,0.96,23.42,63,0,0,1
2026-08-14T10:08:56,1786676936,13.730324,100.787462,16.2,16.01,0.0,-0.2,-91.7,268.3,-0.11,0.01,0.96,23.42,63,0,0,1
2026-08-14T10:08:57,1786676937,13.730324,100.787462,16.2,16.01,0.1,-0.4,-91.7,268.3,-0.11,0.01,0.96,23.42,63,0,0,1
2026-08-14T10:08:58,1786676938,13.730323,100.787462,14.9,14.43,0.1,-0.4,-91.7,268.3,-0.05,-0.05,0.97,23.42,63,0,0,1
2026-08-14T10:08:59,1786676939,13.730323,100.787462,14.9,14.43,0.1,-0.4,-91.7,268.3,-0.05,-0.05,0.97,23.42,63,0,0,1
2026-08-14T10:09:00,1786676940,13.730323,100.787462,14.9,14.43,0.2,0.2,-91.8,268.2,-0.05,-0.05,0.97,23.42,63,0,0,1
2026-08-14T10:09:01,1786676941,13.730323,100.787462,14.1,13.63,-0.1,0.0,-91.8,268.2,-0.02,-0.02,0.97,23.42,63,0,0,1
2026-08-14T10:09:02,1786676942,13.730323,100.787462,14.1,13.63,-0.2,-0.3,-91.8,268.2,-0.02,-0.02,0.97,23.42,63,0,0,1
2026-08-14T10:09:03,1786676943,13.730323,100.787462,14.1,13.63,-0.2,-0.3,-91.8,268.2,-0.02,-0.02,0.97,23.42,63,AUTO.LAND,1,1
2026-08-14T10:09:04,1786676944,13.730323,100.787462,13.2,12.82,0.0,-0.3,-91.8,268.2,-0.04,-0.02,0.96,23.42,63,0,0,1
2026-08-14T10:09:05,1786676945,13.730323,100.787462,13.2,12.82,0.4,0.0,-91.8,268.2,-0.04,-0.02,0.96,23.42,63,0,0,1
2026-08-14T10:09:06,1786676946,13.730323,100.787462,13.2,12.82,0.4,0.0,-91.8,268.2,-0.04,-0.02,0.96,23.42,63,AUTO.LAND,1,1
2026-08-14T10:09:07,1786676947,13.730323,100.787462,12.4,12.01,0.5,-0.0,-91.8,268.2,-0.01,-0.01,0.96,23.42,63,0,0,1
2026-08-14T10:09:08,1786676948,13.730323,100.787462,12.4,12.01,0.3,-0.1,-91.8,268.2,-0.01,-0.01,0.96,23.42,63,0,0,1
2026-08-14T10:09:09,1786676949,13.730323,100.787462,11.6,11.21,0.3,-0.1,-91.8,268.2,0.01,-0.01,0.95,23.42,63,0,0,1
2026-08-14T10:09:10,1786676950,13.730323,100.787462,11.6,11.21,-0.1,-0.1,-91.8,268.2,0.01,-0.01,0.95,23.42,63,0,0,1
2026-08-14T10:09:11,1786676951,13.730323,100.787462,11.6,11.21,0.1,0.1,-91.8,268.2,0.01,-0.01,0.95,23.42,63,0,0,1
2026-08-14T10:09:12,1786676952,13.730323,100.787462,10.8,10.42,0.4,0.2,-91.8,268.2,0.0,0.0,0.96,23.41,62,0,0,1
2026-08-14T10:09:13,1786676953,13.730323,100.787462,10.8,10.42,0.4,0.2,-91.8,268.2,0.0,0.0,0.96,23.41,62,0,0,1
2026-08-14T10:09:14,1786676954,13.730323,100.787462,10.8,10.42,0.3,0.1,-91.8,268.2,0.0,0.0,0.96,23.41,62,0,0,1
2026-08-14T10:09:15,1786676955,13.730323,100.787462,10.1,9.62,-0.0,-0.2,-91.8,268.2,0.02,0.02,0.98,23.41,62,0,0,1
2026-08-14T10:09:16,1786676956,13.730323,100.787462,10.1,9.62,-0.0,-0.2,-91.8,268.2,0.02,0.02,0.98,23.41,62,0,0,1
2026-08-14T10:09:17,1786676957,13.730323,100.787462,10.1,9.62,-0.0,0.1,-91.8,268.2,0.02,0.02,0.98,23.41,62,0,0,1
2026-08-14T10:09:18,1786676958,13.730323,100.787462,9.2,8.77,0.1,0.2,-91.8,268.2,0.0,0.01,0.91,23.4,62,0,0,1
2026-08-14T10:09:19,1786676959,13.730323,100.787462,9.2,8.77,0.1,0.2,-91.8,268.2,0.0,0.01,0.91,23.4,62,0,0,1
2026-08-14T10:09:20,1786676960,13.730323,100.787462,9.2,8.77,0.2,0.1,-91.8,268.2,0.0,0.01,0.91,23.4,62,0,0,1
2026-08-14T10:09:21,1786676961,13.730323,100.787462,8.4,7.96,0.3,-0.2,-91.8,268.2,0.0,0.02,0.87,23.4,62,0,0,1
2026-08-14T10:09:22,1786676962,13.730323,100.787462,8.4,7.96,0.3,-0.2,-91.8,268.2,0.0,0.02,0.87,23.4,62,0,0,1
2026-08-14T10:09:23,1786676963,13.730323,100.787462,8.0,7.96,0.7,-0.0,-91.8,268.2,0.0,0.02,0.87,23.4,62,AUTO.LAND,1,1
2026-08-14T10:09:24,1786676964,13.730323,100.787462,7.6,7.18,0.2,-0.4,-91.8,268.2,0.02,0.0,0.89,23.4,62,0,0,1
2026-08-14T10:09:25,1786676965,13.730323,100.787462,7.6,7.18,-0.4,-0.4,-91.8,268.2,0.02,0.0,0.89,23.4,62,0,0,1
2026-08-14T10:09:26,1786676966,13.730323,100.787462,7.3,7.18,-0.4,-0.4,-91.8,268.2,0.02,0.0,0.89,23.39,62,0,0,1
2026-08-14T10:09:27,1786676967,13.730323,100.787462,6.9,6.49,0.0,0.3,-91.8,268.2,-0.03,-0.03,0.77,23.39,62,0,0,1
2026-08-14T10:09:28,1786676968,13.730323,100.787462,6.9,6.49,0.0,0.3,-91.8,268.2,-0.03,-0.03,0.77,23.39,62,0,0,1
2026-08-14T10:09:29,1786676969,13.730323,100.787462,6.9,6.49,0.0,0.3,-91.8,268.2,-0.03,-0.03,0.77,23.39,62,0,0,1
2026-08-14T10:09:30,1786676970,13.730323,100.787462,6.3,5.89,0.2,-0.0,-91.8,268.2,-0.01,0.0,0.65,23.39,62,0,0,1
2026-08-14T10:09:31,1786676971,13.730323,100.787462,6.3,5.89,0.1,-0.1,-91.8,268.2,-0.01,0.0,0.65,23.39,62,0,0,1
2026-08-14T10:09:32,1786676972,13.730323,100.787462,5.9,5.43,0.3,-0.3,-91.8,268.2,-0.02,0.0,0.53,23.39,62,AUTO.LAND,1,1
2026-08-14T10:09:33,1786676973,13.730323,100.787462,5.9,5.43,0.3,-0.3,-91.8,268.2,-0.02,0.0,0.53,23.39,62,0,0,1
2026-08-14T10:09:34,1786676974,13.730323,100.787462,5.9,5.43,0.3,0.4,-91.8,268.2,-0.02,0.0,0.53,23.39,62,0,0,1
2026-08-14T10:09:35,1786676975,13.730323,100.787462,5.5,5.05,0.4,0.6,-91.8,268.2,-0.01,0.02,0.42,23.39,62,AUTO.LAND,1,1
2026-08-14T10:09:36,1786676976,13.730323,100.787462,5.5,5.05,0.4,0.6,-91.8,268.2,-0.01,0.02,0.42,23.39,62,0,0,1
2026-08-14T10:09:37,1786676977,13.730323,100.787462,5.5,5.05,0.4,-0.1,-91.8,268.2,-0.01,0.02,0.42,23.39,62,0,0,1
2026-08-14T10:09:38,1786676978,13.730323,100.787462,5.2,4.75,0.2,-0.3,-91.8,268.2,0.0,0.03,0.38,23.38,62,0,0,1
2026-08-14T10:09:39,1786676979,13.730323,100.787462,5.2,4.75,0.2,-0.3,-91.8,268.2,0.0,0.03,0.38,23.38,62,0,0,1
2026-08-14T10:09:40,1786676980,13.730323,100.787462,5.1,4.75,0.2,-0.3,-91.8,268.2,0.0,0.03,0.38,23.38,62,AUTO.LAND,1,1
2026-08-14T10:09:41,1786676981,13.730323,100.787462,4.9,4.44,0.1,-0.2,-91.8,268.2,0.0,-0.01,0.38,23.38,62,0,0,1
2026-08-14T10:09:42,1786676982,13.730323,100.787462,4.9,4.44,0.1,-0.2,-91.8,268.2,0.0,-0.01,0.38,23.38,62,0,0,1
2026-08-14T10:09:43,1786676983,13.730323,100.787462,4.9,4.44,0.1,-0.2,-91.8,268.2,0.0,-0.01,0.38,23.38,62,0,0,1
2026-08-14T10:09:44,1786676984,13.730323,100.787462,4.6,4.14,0.7,0.1,-91.8,268.2,0.0,0.0,0.38,23.38,62,0,0,1
2026-08-14T10:09:45,1786676985,13.730323,100.787462,4.6,4.14,0.6,-0.2,-91.8,268.2,0.0,0.0,0.38,23.38,62,0,0,1
2026-08-14T10:09:46,1786676986,13.730322,100.787462,4.5,4.14,0.6,-0.2,-91.8,268.2,0.0,0.0,0.38,23.37,62,AUTO.LAND,1,1
2026-08-14T10:09:47,1786676987,13.730323,100.787462,4.3,3.83,0.1,-0.1,-91.8,268.2,0.04,0.0,0.37,23.37,62,0,0,1
2026-08-14T10:09:48,1786676988,13.730323,100.787462,4.3,3.83,0.1,-0.2,-91.8,268.2,0.04,0.0,0.37,23.37,62,0,0,1
2026-08-14T10:09:49,1786676989,13.730323,100.787462,4.0,3.53,0.1,0.1,-91.7,268.3,0.01,-0.02,0.36,23.37,61,AUTO.LAND,1,1
2026-08-14T10:09:50,1786676990,13.730323,100.787462,4.0,3.53,0.1,0.1,-91.7,268.3,0.01,-0.02,0.36,23.37,61,0,0,1
2026-08-14T10:09:51,1786676991,13.730323,100.787462,4.0,3.53,0.3,0.4,-91.8,268.2,0.01,-0.02,0.36,23.37,61,0,0,1
2026-08-14T10:09:52,1786676992,13.730322,100.787462,3.7,3.23,0.3,0.4,-91.8,268.2,0.01,0.01,0.36,23.37,61,AUTO.LAND,1,1
2026-08-14T10:09:53,1786676993,13.730322,100.787462,3.7,3.23,0.3,0.4,-91.8,268.2,0.01,0.01,0.36,23.37,61,0,0,1
2026-08-14T10:09:54,1786676994,13.730322,100.787462,3.7,3.23,0.3,0.4,-91.8,268.2,0.01,0.01,0.36,23.37,61,0,0,1
2026-08-14T10:09:55,1786676995,13.730322,100.787462,3.6,3.23,0.2,-0.0,-91.8,268.2,0.01,0.01,0.36,23.36,61,0,0,1
2026-08-14T10:09:56,1786676996,13.730322,100.787462,3.6,3.23,0.2,-0.2,-91.8,268.2,0.01,0.01,0.36,23.36,61,0,0,1
2026-08-14T10:09:57,1786676997,13.730323,100.787462,3.3,3.23,0.2,-0.2,-91.8,268.2,0.01,0.01,0.36,23.36,61,AUTO.LAND,1,1
2026-08-14T10:09:58,1786676998,13.730323,100.787462,3.1,2.65,0.1,-0.4,-91.8,268.2,0.03,0.0,0.37,23.36,61,0,0,1
2026-08-14T10:09:59,1786676999,13.730323,100.787462,3.1,2.65,0.1,0.0,-91.8,268.2,0.03,0.0,0.37,23.36,61,0,0,1
2026-08-14T10:10:00,1786677000,13.730323,100.787462,2.8,2.36,0.1,0.2,-91.8,268.2,0.0,0.0,0.38,23.36,61,AUTO.LAND,1,1
2026-08-14T10:10:01,1786677001,13.730323,100.787462,2.8,2.36,0.1,0.2,-91.8,268.2,0.0,0.0,0.38,23.36,61,0,0,1
2026-08-14T10:10:02,1786677002,13.730323,100.787462,2.8,2.36,0.6,0.3,-91.8,268.2,0.0,0.0,0.38,23.36,61,0,0,1
2026-08-14T10:10:03,1786677003,13.730323,100.787462,2.8,2.36,0.6,0.1,-91.8,268.2,0.0,0.0,0.38,23.36,61,0,0,1
2026-08-14T10:10:04,1786677004,13.730323,100.787462,2.8,2.36,0.1,-0.3,-91.8,268.2,0.0,0.0,0.38,23.36,61,0,0,1
2026-08-14T10:10:05,1786677005,13.730323,100.787462,2.4,2.36,0.1,-0.3,-91.8,268.2,0.0,0.0,0.38,23.35,61,AUTO.LAND,1,1
2026-08-14T10:10:06,1786677006,13.730323,100.787462,2.2,1.76,0.1,-0.3,-91.8,268.2,0.03,0.0,0.37,23.35,61,0,0,1
2026-08-14T10:10:07,1786677007,13.730323,100.787462,2.2,1.76,-0.2,-0.1,-91.8,268.2,0.03,0.0,0.37,23.35,61,0,0,1
2026-08-14T10:10:08,1786677008,13.730323,100.787462,1.9,1.46,0.0,-0.0,-91.7,268.3,0.0,0.0,0.37,23.35,61,AUTO.LAND,1,1
2026-08-14T10:10:09,1786677009,13.730323,100.787462,1.9,1.46,0.0,-0.0,-91.7,268.3,0.0,0.0,0.37,23.35,61,0,0,1
2026-08-14T10:10:10,1786677010,13.730323,100.787462,1.9,1.46,0.2,-0.2,-91.8,268.2,0.0,0.0,0.37,23.35,61,0,0,1
2026-08-14T10:10:11,1786677011,13.730323,100.787462,1.6,1.16,0.2,-0.2,-91.8,268.2,0.0,0.0,0.38,23.35,61,0,0,1
2026-08-14T10:10:12,1786677012,13.730323,100.787462,1.6,1.16,-0.1,0.0,-91.8,268.2,0.0,0.0,0.38,23.35,61,0,0,1
2026-08-14T10:10:13,1786677013,13.730323,100.787462,1.5,1.16,-0.1,0.0,-91.8,268.2,0.0,0.0,0.38,23.35,61,AUTO.LAND,1,1
2026-08-14T10:10:14,1786677014,13.730323,100.787462,1.3,0.85,-0.1,0.1,-91.8,268.2,-0.02,0.01,0.36,23.35,61,0,0,1
2026-08-14T10:10:15,1786677015,13.730323,100.787462,1.3,0.85,0.2,-0.0,-91.8,268.2,-0.02,0.01,0.36,23.35,61,0,0,1
2026-08-14T10:10:16,1786677016,13.730323,100.787462,1.0,0.56,0.4,-0.2,-91.8,268.2,-0.02,0.01,0.36,23.34,61,AUTO.LAND,1,1
2026-08-14T10:10:17,1786677017,13.730323,100.787462,1.0,0.56,0.4,-0.2,-91.8,268.2,-0.02,0.01,0.36,23.34,61,0,0,1
2026-08-14T10:10:18,1786677018,13.730323,100.787462,1.0,0.56,0.2,0.0,-91.8,268.2,-0.02,0.01,0.36,23.34,61,0,0,1
2026-08-14T10:10:19,1786677019,13.730323,100.787462,0.7,0.27,0.3,0.2,-91.8,268.2,-0.01,0.01,0.37,23.34,61,0,0,1
2026-08-14T10:10:20,1786677020,13.730323,100.787462,0.7,0.27,0.4,-0.1,-91.8,268.2,-0.01,0.01,0.37,23.34,61,0,0,1
2026-08-14T10:10:21,1786677021,13.730323,100.787462,0.5,0.27,0.4,-0.1,-91.8,268.2,-0.01,0.01,0.37,23.34,61,AUTO.LAND,1,1
2026-08-14T10:10:22,1786677022,13.730323,100.787462,0.4,-0.04,0.4,-0.4,-91.8,268.2,0.0,0.01,0.36,23.34,61,0,0,1
2026-08-14T10:10:23,1786677023,13.730323,100.787462,0.4,-0.04,0.3,-0.4,-91.8,268.2,0.0,0.01,0.36,23.34,61,0,0,1
2026-08-14T10:10:24,1786677024,13.730323,100.787462,0.2,-0.25,0.3,-0.4,-91.8,268.2,-0.02,-0.02,0.03,23.34,61,AUTO.LAND,1,1
2026-08-14T10:10:25,1786677025,13.730323,100.787462,0.2,-0.25,0.3,-0.4,-91.8,268.2,-0.02,-0.02,0.03,23.34,61,0,0,1
2026-08-14T10:10:26,1786677026,13.730323,100.787462,0.2,-0.25,0.3,-0.4,-91.8,268.2,-0.02,-0.02,0.03,23.34,61,0,0,1
2026-08-14T10:10:27,1786677027,13.730323,100.787462,0.2,-0.25,0.3,-0.1,-91.8,268.2,-0.02,-0.02,0.03,23.34,61,0,0,1
2026-08-14T10:10:28,1786677028,13.730323,100.787462,0.2,-0.25,0.3,-0.1,-91.8,268.2,-0.02,-0.02,0.03,23.34,61,0,0,1
2026-08-14T10:10:29,1786677029,13.730323,100.787462,0.2,0.0,0.3,-0.1,-91.8,268.2,-0.01,0.0,0.02,24.9,60,AUTO.LOITER,0,0
2026-08-14T10:10:30,1786677030,13.730323,100.787462,0.2,0.0,0.3,-0.1,-91.8,268.2,-0.01,0.0,0.02,24.9,60,0,0,0
2026-08-14T10:10:31,1786677031,13.730323,100.787462,0.2,0.0,0.3,-0.1,-91.8,268.2,-0.01,0.0,0.02,24.9,60,0,0,0
2026-08-14T10:10:32,1786677032,13.730323,100.787462,0.2,0.01,0.4,-0.1,-91.8,268.2,0.0,-0.01,0.0,24.9,68,0,0,0
2026-08-14T10:10:33,1786677033,13.730323,100.787462,0.2,0.01,0.4,-0.1,-91.8,268.2,0.0,-0.01,0.0,24.9,68,0,0,0
2026-08-14T10:10:34,1786677034,13.730323,100.787462,0.2,0.02,0.4,-0.1,-91.8,268.2,0.0,-0.02,0.01,24.9,74,AUTO.LOITER,0,0
2026-08-14T10:10:35,1786677035,13.730323,100.787462,0.2,0.02,0.4,-0.1,-91.8,268.2,0.0,-0.02,0.01,24.9,74,0,0,0
2026-08-14T10:10:36,1786677036,13.730323,100.787462,0.3,0.02,0.4,-0.1,-91.8,268.2,0.0,-0.02,0.01,24.9,76,AUTO.LOITER,0,0
2026-08-14T10:10:37,1786677037,13.730323,100.787462,0.2,0.03,0.4,-0.0,-91.8,268.2,0.01,0.0,0.02,24.9,76,0,0,0
2026-08-14T10:10:38,1786677038,13.730323,100.787462,0.2,0.04,0.4,-0.0,-91.8,268.2,0.02,0.0,0.04,24.9,77,AUTO.LOITER,0,0
2026-08-14T10:10:39,1786677039,13.730323,100.787462,0.2,0.04,0.4,-0.0,-91.8,268.2,0.02,0.0,0.04,24.9,77,0,0,0
2026-08-14T10:10:40,1786677040,13.730323,100.787462,0.2,0.05,0.4,-0.0,-91.8,268.2,0.03,0.0,0.05,24.9,77,AUTO.LOITER,0,0
2026-08-14T10:10:41,1786677041,13.730323,100.787462,0.2,0.05,0.4,-0.0,-91.8,268.2,0.03,0.0,0.05,24.9,77,0,0,0
2026-08-14T10:10:42,1786677042,13.730323,100.787462,0.2,0.04,0.4,-0.0,-91.8,268.2,0.03,0.02,0.06,24.9,77,AUTO.LOITER,0,0
2026-08-14T10:10:43,1786677043,13.730323,100.787462,0.2,0.04,0.4,-0.0,-91.8,268.2,0.03,0.02,0.06,24.9,77,0,0,0
2026-08-14T10:10:44,1786677044,13.730323,100.787462,0.3,0.04,0.4,-0.0,-91.8,268.2,0.03,0.02,0.06,24.9,77,0,0,0
2026-08-14T10:10:45,1786677045,13.730323,100.787462,0.3,0.04,0.4,-0.1,-91.8,268.2,0.03,0.02,0.06,24.9,77,0,0,0
2026-08-14T10:10:46,1786677046,13.730323,100.787462,0.3,0.04,0.4,-0.1,-91.8,268.2,0.03,0.02,0.06,24.9,77,0,0,0
2026-08-14T10:10:47,1786677047,13.730323,100.787463,0.2,-0.01,0.4,-0.1,-91.8,268.2,0.01,0.02,0.07,24.9,77,AUTO.LOITER,0,0
2026-08-14T10:10:48,1786677048,13.730323,100.787463,0.2,-0.01,0.4,-0.1,-91.8,268.2,0.01,0.02,0.07,24.9,77,0,0,0
2026-08-14T10:10:49,1786677049,13.730323,100.787463,0.2,-0.02,0.4,-0.1,-91.8,268.2,0.01,0.01,0.07,24.9,77,AUTO.LOITER,0,0
2026-08-14T10:10:50,1786677050,13.730323,100.787463,0.2,-0.02,0.4,-0.1,-91.8,268.2,0.01,0.01,0.07,24.9,77,0,0,0
2026-08-14T10:10:51,1786677051,13.730323,100.787462,0.2,-0.01,0.4,-0.2,-91.8,268.2,0.02,0.0,0.06,24.9,77,AUTO.LOITER,0,0
2026-08-14T10:10:52,1786677052,13.730323,100.787462,0.3,-0.01,0.4,-0.2,-91.8,268.2,0.02,0.0,0.06,24.9,77,AUTO.LOITER,0,0
2026-08-14T10:10:53,1786677053,13.730323,100.787462,0.3,-0.01,0.4,-0.2,-91.8,268.2,0.02,0.0,0.06,24.9,77,0,0,0
2026-08-14T10:10:54,1786677054,13.730323,100.787462,0.2,-0.02,0.4,-0.1,-91.8,268.2,0.02,-0.02,0.06,24.9,77,0,0,0
2026-08-14T10:10:55,1786677055,13.730323,100.787462,0.2,-0.02,0.3,-0.1,-91.8,268.2,0.02,-0.02,0.06,24.9,77,0,0,0
2026-08-14T10:10:56,1786677056,13.730323,100.787462,0.2,-0.02,0.3,-0.1,-91.8,268.2,0.01,-0.02,0.07,24.9,77,AUTO.LOITER,0,0
2026-08-14T10:10:57,1786677057,13.730323,100.787462,0.2,-0.02,0.3,-0.1,-91.8,268.2,0.01,-0.02,0.07,24.9,77,0,0,0
2026-08-14T10:10:58,1786677058,13.730323,100.787462,0.2,-0.04,0.3,-0.1,-91.8,268.2,0.01,0.0,0.07,24.9,77,0,0,0
2026-08-14T10:10:59,1786677059,13.730323,100.787463,0.3,-0.04,0.3,-0.1,-91.8,268.2,0.01,0.0,0.07,24.9,77,AUTO.LOITER,0,0
2026-08-14T10:11:00,1786677060,13.730323,100.787462,0.1,-0.06,0.3,-0.1,-91.8,268.2,0.01,0.0,0.08,24.9,77,0,0,0
2026-08-14T10:11:01,1786677061,13.730323,100.787462,0.1,-0.07,0.3,-0.1,-91.8,268.2,0.01,-0.01,0.08,24.9,77,AUTO.LOITER,0,0
2026-08-14T10:11:02,1786677062,13.730323,100.787462,0.1,-0.07,0.3,-0.1,-91.8,268.2,0.01,-0.01,0.08,24.9,77,0,0,0
2026-08-14T10:11:03,1786677063,13.730323,100.787462,0.1,-0.07,0.3,-0.1,-91.8,268.2,0.01,-0.01,0.08,24.9,77,0,0,0
2026-08-14T10:11:04,1786677064,13.730323,100.787462,0.1,-0.07,0.3,-0.1,-91.8,268.2,0.01,-0.01,0.08,24.9,77,0,0,0
2026-08-14T10:11:05,1786677065,13.730323,100.787462,0.1,-0.08,0.3,-0.0,-91.9,268.1,0.0,-0.01,0.09,24.9,77,0,0,0
2026-08-14T10:11:06,1786677066,13.730323,100.787462,0.1,-0.08,0.3,-0.0,-91.9,268.1,0.0,0.0,0.09,24.9,77,AUTO.LOITER,0,0
2026-08-14T10:11:07,1786677067,13.730323,100.787462,0.1,-0.08,0.3,0.0,-91.9,268.1,0.0,0.0,0.09,24.9,77,0,0,0
2026-08-14T10:11:08,1786677068,13.730323,100.787462,0.1,-0.11,0.3,0.0,-91.9,268.1,-0.01,0.0,0.1,24.9,77,AUTO.LOITER,0,0
2026-08-14T10:11:09,1786677069,13.730323,100.787462,0.1,-0.11,0.4,0.0,-91.9,268.1,-0.01,0.0,0.1,24.9,77,0,0,0
2026-08-14T10:11:10,1786677070,13.730323,100.787462,0.1,-0.12,0.4,0.0,-91.9,268.1,0.0,0.0,0.1,24.9,77,AUTO.LOITER,0,0
2026-08-14T10:11:11,1786677071,13.730323,100.787462,0.1,-0.12,0.4,0.0,-91.9,268.1,0.0,0.0,0.1,24.9,77,0,0,0
2026-08-14T10:11:12,1786677072,13.730323,100.787462,0.1,-0.12,0.4,0.0,-91.9,268.1,0.0,0.0,0.1,24.9,77,0,0,0
2026-08-14T10:11:13,1786677073,13.730323,100.787462,0.1,-0.12,0.4,0.0,-91.9,268.1,0.0,0.0,0.09,24.9,77,AUTO.LOITER,0,0
2026-08-14T10:11:14,1786677074,13.730323,100.787462,0.1,-0.12,0.3,0.0,-91.9,268.1,0.0,0.0,0.09,24.9,77,0,0,0
2026-08-14T10:11:15,1786677075,13.730323,100.787462,0.1,-0.1,0.4,0.1,-91.9,268.1,0.0,0.01,0.09,24.9,77,AUTO.LOITER,0,0
2026-08-14T10:11:16,1786677076,13.730323,100.787462,0.1,-0.1,0.4,0.1,-91.9,268.1,0.0,0.01,0.09,24.9,77,0,0,0
2026-08-14T10:11:17,1786677077,13.730323,100.787463,0.1,-0.11,0.4,0.1,-91.9,268.1,0.0,0.01,0.11,24.9,77,AUTO.LOITER,0,0
2026-08-14T10:11:18,1786677078,13.730323,100.787463,0.1,-0.11,0.4,0.0,-91.9,268.1,0.0,0.01,0.11,24.9,77,0,0,0
2026-08-14T10:11:19,1786677079,13.730323,100.787462,0.1,-0.12,0.4,0.0,-91.9,268.1,0.0,0.0,0.12,24.9,77,0,0,0
2026-08-14T10:11:20,1786677080,13.730323,100.787462,0.1,-0.12,0.4,0.0,-91.9,268.1,0.0,0.01,0.12,24.9,77,AUTO.LOITER,0,0
2026-08-14T10:11:21,1786677081,13.730323,100.787462,0.1,-0.12,0.4,0.0,-91.9,268.1,0.0,0.01,0.12,24.9,77,0,0,0
2026-08-14T10:11:22,1786677082,13.730323,100.787462,0.1,-0.14,0.4,0.0,-91.9,268.1,-0.01,0.01,0.12,24.9,77,AUTO.LOITER,0,0
2026-08-14T10:11:23,1786677083,13.730323,100.787462,0.1,-0.14,0.4,-0.0,-91.9,268.1,-0.01,0.01,0.12,24.9,77,0,0,0
2026-08-14T10:11:24,1786677084,13.730323,100.787462,0.1,-0.14,0.4,-0.0,-91.9,268.1,-0.01,0.01,0.12,24.9,77,0,0,0
2026-08-14T10:11:25,1786677085,13.730323,100.787462,0.1,-0.14,0.4,-0.0,-91.9,268.1,-0.01,0.01,0.12,24.9,77,0,0,0
2026-08-14T10:11:26,1786677086,13.730323,100.787462,0.1,-0.14,0.4,-0.0,-91.9,268.1,0.0,0.0,0.11,24.9,77,0,0,0
2026-08-14T10:11:27,1786677087,13.730323,100.787462,0.1,-0.15,0.4,-0.0,-91.9,268.1,-0.01,0.01,0.1,24.9,77,AUTO.LOITER,0,0
2026-08-14T10:11:28,1786677088,13.730323,100.787462,0.1,-0.15,0.4,-0.1,-91.9,268.1,-0.01,0.01,0.1,24.9,77,0,0,0
2026-08-14T10:11:29,1786677089,13.730323,100.787462,0.1,-0.14,0.5,-0.1,-91.9,268.1,0.0,0.02,0.09,24.9,77,AUTO.LOITER,0,0
2026-08-14T10:11:30,1786677090,13.730323,100.787462,0.1,-0.14,0.5,-0.1,-91.9,268.1,0.0,0.02,0.09,24.9,77,0,0,0
2026-08-14T10:11:31,1786677091,13.730323,100.787462,0.1,-0.13,0.5,-0.1,-91.9,268.1,0.0,0.03,0.08,24.9,77,0,0,0
2026-08-14T10:11:32,1786677092,13.730323,100.787462,0.1,-0.11,0.5,-0.1,-91.9,268.1,0.0,0.03,0.07,24.9,77,AUTO.LOITER,0,0
2026-08-14T10:11:33,1786677093,13.730323,100.787462,0.1,-0.11,0.5,-0.1,-92.0,268.0,0.0,0.03,0.07,24.9,77,0,0,0
2026-08-14T10:11:34,1786677094,13.730323,100.787463,0.1,-0.1,0.5,-0.1,-92.0,268.0,0.0,0.04,0.07,24.9,77,AUTO.LOITER,0,0
2026-08-14T10:11:35,1786677095,13.730323,100.787463,0.1,-0.1,0.5,-0.1,-92.0,268.0,0.0,0.04,0.07,24.9,77,0,0,0
2026-08-14T10:11:36,1786677096,13.730323,100.787463,0.1,-0.11,0.5,-0.1,-92.0,268.0,0.0,0.03,0.07,24.9,77,0,0,0
2026-08-14T10:11:37,1786677097,13.730323,100.787462,0.3,-0.11,0.5,-0.2,-92.0,268.0,0.0,0.03,0.07,24.9,77,AUTO.LOITER,0,0
2026-08-14T10:11:38,1786677098,13.730323,100.787462,0.3,-0.11,0.5,-0.2,-92.0,268.0,0.0,0.03,0.07,24.9,77,0,0,0
2026-08-14T10:11:39,1786677099,13.730323,100.787462,0.1,-0.06,0.5,-0.3,-92.0,268.0,0.0,0.0,0.05,24.9,77,AUTO.LOITER,0,0
2026-08-14T10:11:40,1786677100,13.730323,100.787462,0.2,-0.04,0.5,-0.3,-92.0,268.0,0.0,0.0,0.04,24.9,77,AUTO.LOITER,0,0
2026-08-14T10:11:41,1786677101,13.730323,100.787462,0.2,-0.04,0.5,-0.3,-92.0,268.0,0.0,0.0,0.04,24.9,77,0,0,0
2026-08-14T10:11:42,1786677102,13.730322,100.787462,0.2,-0.03,0.5,-0.3,-92.0,268.0,-0.03,0.0,0.05,24.9,77,AUTO.LOITER,0,0
2026-08-14T10:11:43,1786677103,13.730322,100.787462,0.2,-0.03,0.5,-0.3,-92.0,268.0,-0.03,0.0,0.05,24.9,77,0,0,0
2026-08-14T10:11:44,1786677104,13.730323,100.787462,0.3,-0.03,0.5,-0.3,-92.0,268.0,-0.03,0.0,0.05,24.9,77,AUTO.LOITER,0,0
2026-08-14T10:11:45,1786677105,13.730322,100.787462,0.2,-0.04,0.5,-0.3,-92.0,268.0,-0.03,0.01,0.05,24.9,77,0,0,0
2026-08-14T10:11:46,1786677106,13.730322,100.787462,0.2,-0.04,0.5,-0.3,-92.0,268.0,-0.03,0.01,0.05,24.9,77,0,0,0
2026-08-14T10:11:47,1786677107,13.730324,100.787462,0.3,-0.04,0.5,-0.3,-92.0,268.0,-0.03,0.01,0.05,24.9,77,AUTO.LOITER,0,0
2026-08-14T10:11:48,1786677108,13.730324,100.787462,0.3,-0.04,0.5,-0.3,-92.0,268.0,-0.03,0.01,0.05,24.9,77,0,0,0
2026-08-14T10:11:49,1786677109,13.730324,100.787462,0.3,-0.04,0.5,-0.3,-92.0,268.0,-0.03,0.01,0.05,24.9,77,0,0,0
2026-08-14T10:11:50,1786677110,13.730324,100.787462,0.3,-0.04,0.5,-0.3,-92.0,268.0,-0.03,0.01,0.05,24.9,77,0,0,0
2026-08-14T10:11:51,1786677111,13.730323,100.787462,0.2,-0.03,0.5,-0.3,-92.0,268.0,-0.01,0.01,0.05,24.9,77,0,0,0
2026-08-14T10:11:52,1786677112,13.730323,100.787462,0.2,-0.03,0.5,-0.3,-92.0,268.0,-0.01,0.01,0.05,24.9,77,0,0,0
2026-08-14T10:11:53,1786677113,13.730323,100.787462,0.2,-0.03,0.5,-0.3,-92.0,268.0,-0.01,0.01,0.05,24.9,77,0,0,0
2026-08-14T10:11:54,1786677114,13.730323,100.787462,0.2,-0.04,0.5,-0.4,-92.0,268.0,0.0,0.0,0.06,24.9,77,0,0,0
2026-08-14T10:11:55,1786677115,13.730323,100.787462,0.2,-0.05,0.5,-0.4,-92.0,268.0,0.0,0.01,0.07,24.9,77,AUTO.LOITER,0,0
2026-08-14T10:11:56,1786677116,13.730323,100.787462,0.2,-0.05,0.5,-0.4,-92.0,268.0,0.0,0.01,0.07,24.9,77,0,0,0
2026-08-14T10:11:57,1786677117,13.730323,100.787463,0.2,-0.04,0.5,-0.4,-92.0,268.0,0.0,0.03,0.06,24.9,77,0,0,0
2026-08-14T10:11:58,1786677118,13.730323,100.787463,0.2,-0.04,0.5,-0.4,-92.0,268.0,0.0,0.03,0.06,24.9,77,0,0,0
2026-08-14T10:11:59,1786677119,13.730323,100.787463,0.2,-0.04,0.6,-0.4,-92.0,268.0,0.0,0.03,0.06,24.9,77,0,0,0
2026-08-14T10:12:00,1786677120,13.730323,100.787463,0.2,-0.04,0.6,-0.4,-92.0,268.0,0.0,0.03,0.06,24.9,77,0,0,0
2026-08-14T10:12:01,1786677121,13.730323,100.787463,0.2,-0.04,0.6,-0.4,-92.0,268.0,0.0,0.03,0.06,24.9,77,0,0,0
2026-08-14T10:12:02,1786677122,13.730323,100.787462,0.2,-0.04,0.6,-0.5,-92.0,268.0,0.0,0.0,0.06,24.9,77,AUTO.LOITER,0,0
2026-08-14T10:12:03,1786677123,13.730323,100.787462,0.2,-0.04,0.6,-0.5,-92.0,268.0,0.0,0.0,0.06,24.9,77,0,0,0
2026-08-14T10:12:04,1786677124,13.730323,100.787462,0.2,-0.04,0.6,-0.5,-92.0,268.0,0.0,0.0,0.06,24.9,77,0,0,0
2026-08-14T10:12:05,1786677125,13.730323,100.787462,0.2,-0.04,0.6,-0.5,-92.0,268.0,0.0,-0.01,0.05,24.9,77,AUTO.LOITER,0,0
2026-08-14T10:12:06,1786677126,13.730323,100.787462,0.2,-0.04,0.6,-0.5,-92.0,268.0,0.0,-0.01,0.05,24.9,77,0,0,0
2026-08-14T10:12:07,1786677127,13.730323,100.787462,0.2,-0.04,0.6,-0.5,-92.0,268.0,0.0,-0.01,0.05,24.9,77,0,0,0
2026-08-14T10:12:08,1786677128,13.730323,100.787462,0.4,-0.04,0.6,-0.5,-92.0,268.0,0.0,-0.01,0.05,24.9,77,AUTO.LOITER,0,0
2026-08-14T10:12:09,1786677129,13.730323,100.787462,0.2,-0.03,0.5,-0.5,-92.0,268.0,0.0,-0.01,0.04,24.9,77,0,0,0
2026-08-14T10:12:10,1786677130,13.730323,100.787462,0.2,-0.03,0.5,-0.5,-92.0,268.0,0.0,-0.01,0.04,24.9,77,0,0,0
2026-08-14T10:12:11,1786677131,13.730323,100.787462,0.3,-0.03,0.5,-0.5,-92.0,268.0,0.0,-0.01,0.04,24.9,77,AUTO.LOITER,0,0
2026-08-14T10:12:12,1786677132,13.730323,100.787462,0.2,0.01,0.5,-0.5,-92.0,268.0,-0.01,0.0,0.01,24.9,77,0,0,0
2026-08-14T10:12:13,1786677133,13.730323,100.787462,0.2,0.01,0.5,-0.5,-92.0,268.0,-0.01,0.0,0.01,24.9,77,0,0,0
2026-08-14T10:12:14,1786677134,13.730323,100.787462,0.2,0.01,0.5,-0.5,-92.0,268.0,-0.01,0.0,0.01,24.9,77,AUTO.LOITER,0,0
2026-08-14T10:12:15,1786677135,13.730323,100.787462,0.2,0.03,0.5,-0.5,-92.0,268.0,-0.01,0.0,0.01,24.9,77,0,0,0
2026-08-14T10:12:16,1786677136,13.730323,100.787462,0.2,0.03,0.5,-0.5,-92.0,268.0,-0.01,0.0,0.01,24.9,77,0,0,0
2026-08-14T10:12:17,1786677137,13.730323,100.787462,0.2,0.05,0.5,-0.5,-92.0,268.0,0.0,0.0,0.0,24.9,77,0,0,0
2026-08-14T10:12:18,1786677138,13.730323,100.787462,0.3,0.07,0.5,-0.5,-91.9,268.1,0.0,-0.02,0.0,24.9,77,AUTO.LOITER,0,0
2026-08-14T10:12:19,1786677139,13.730323,100.787462,0.3,0.07,0.5,-0.5,-91.9,268.1,0.0,-0.02,0.0,24.9,77,0,0,0
2026-08-14T10:12:20,1786677140,13.730323,100.787462,0.3,0.08,0.5,-0.5,-91.9,268.1,0.0,-0.01,-0.01,24.9,77,0,0,0
2026-08-14T10:12:21,1786677141,13.730323,100.787462,0.3,0.08,0.5,-0.5,-91.9,268.1,0.01,0.0,-0.01,24.9,77,AUTO.LOITER,0,0
2026-08-14T10:12:22,1786677142,13.730323,100.787462,0.3,0.08,0.5,-0.4,-91.9,268.1,0.01,0.0,-0.01,24.9,77,0,0,0
2026-08-14T10:12:23,1786677143,13.730323,100.787462,0.3,0.06,0.5,-0.4,-91.9,268.1,0.01,0.0,0.0,24.9,77,0,0,0
2026-08-14T10:12:24,1786677144,13.730323,100.787462,0.3,0.06,0.5,-0.4,-91.9,268.1,0.01,0.0,0.0,24.9,77,0,0,0
2026-08-14T10:12:25,1786677145,13.730323,100.787462,0.3,0.06,0.5,-0.4,-91.9,268.1,0.0,0.0,0.0,24.9,77,0,0,0
2026-08-14T10:12:26,1786677146,13.730323,100.787462,0.3,0.06,0.5,-0.4,-91.9,268.1,0.0,0.0,0.0,24.9,77,0,0,0
2026-08-14T10:12:27,1786677147,13.730323,100.787462,0.3,0.06,0.5,-0.4,-91.9,268.1,0.0,0.0,0.0,24.9,77,0,0,0
2026-08-14T10:12:28,1786677148,13.730323,100.787462,0.3,0.07,0.4,-0.4,-91.9,268.1,-0.02,0.0,0.0,24.9,77,0,0,0
2026-08-14T10:12:29,1786677149,13.730323,100.787462,0.3,0.07,0.4,-0.4,-91.9,268.1,-0.02,0.0,0.0,24.9,77,0,0,0
2026-08-14T10:12:30,1786677150,13.730323,100.787462,0.3,0.07,0.4,-0.4,-91.9,268.1,-0.02,0.0,0.0,24.9,77,0,0,0
2026-08-14T10:12:31,1786677151,13.730323,100.787462,0.3,0.07,0.4,-0.4,-91.9,268.1,-0.02,0.0,0.0,24.9,77,AUTO.LOITER,0,0
2026-08-14T10:12:32,1786677152,13.730323,100.787462,0.3,0.07,0.5,-0.4,-91.9,268.1,-0.02,0.0,0.0,24.9,77,0,0,0
2026-08-14T10:12:33,1786677153,13.730323,100.787462,0.3,0.07,0.5,-0.4,-91.9,268.1,-0.02,0.0,0.0,24.9,77,0,0,0
2026-08-14T10:12:34,1786677154,13.730323,100.787462,0.3,0.07,0.5,-0.4,-91.9,268.1,-0.02,0.0,0.0,24.9,77,AUTO.LOITER,0,0
2026-08-14T10:12:35,1786677155,13.730323,100.787462,0.3,0.09,0.5,-0.5,-91.9,268.1,-0.01,0.0,0.0,24.9,77,0,0,0
2026-08-14T10:12:36,1786677156,13.730323,100.787462,0.3,0.09,0.5,-0.4,-91.9,268.1,-0.01,0.0,0.0,24.9,77,0,0,0
2026-08-14T10:12:37,1786677157,13.730323,100.787462,0.3,0.09,0.5,-0.4,-91.9,268.1,-0.01,0.0,0.0,24.9,77,AUTO.LOITER,0,0
2026-08-14T10:12:38,1786677158,13.730323,100.787462,0.3,0.08,0.5,-0.5,-91.9,268.1,0.0,0.0,0.01,24.9,77,AUTO.LOITER,0,0
2026-08-14T10:12:39,1786677159,13.730323,100.787462,0.3,0.08,0.5,-0.5,-91.9,268.1,0.0,0.0,0.01,24.9,77,AUTO.LOITER,0,0
2026-08-14T10:12:40,1786677160,13.730323,100.787462,0.3,0.08,0.5,-0.5,-91.9,268.1,0.0,0.0,0.01,24.9,77,0,0,0
2026-08-14T10:12:41,1786677161,13.730323,100.787462,0.3,0.08,0.5,-0.5,-91.9,268.1,0.0,0.0,0.01,24.9,77,0,0,0
2026-08-14T10:12:42,1786677162,13.730323,100.787462,0.3,0.08,0.5,-0.5,-91.9,268.1,0.0,0.0,0.01,24.9,77,0,0,0
2026-08-14T10:12:43,1786677163,13.730323,100.787462,0.3,0.06,0.5,-0.5,-91.9,268.1,0.0,-0.01,0.02,24.9,77,0,0,0
2026-08-14T10:12:44,1786677164,13.730323,100.787462,0.2,0.05,0.5,-0.5,-91.8,268.2,0.0,-0.02,0.02,24.9,77,AUTO.LOITER,0,0
2026-08-14T10:12:45,1786677165,13.730323,100.787462,0.2,0.05,0.5,-0.5,-91.8,268.2,0.0,-0.02,0.02,24.9,77,0,0,0
2026-08-14T10:12:46,1786677166,13.730323,100.787462,0.2,0.05,0.5,-0.5,-91.8,268.2,-0.01,-0.03,0.02,24.9,77,0,0,0
2026-08-14T10:12:47,1786677167,13.730323,100.787462,0.2,0.04,0.5,-0.4,-91.8,268.2,-0.01,-0.02,0.02,24.9,77,AUTO.LOITER,0,0
2026-08-14T10:12:48,1786677168,13.730323,100.787462,0.2,0.04,0.5,-0.4,-91.8,268.2,-0.01,-0.02,0.02,24.9,77,0,0,0
2026-08-14T10:12:49,1786677169,13.730323,100.787462,0.2,0.04,0.5,-0.4,-91.8,268.2,-0.02,0.0,0.03,24.9,77,0,0,0
2026-08-14T10:12:50,1786677170,13.730323,100.787462,0.2,0.04,0.5,-0.4,-91.8,268.2,-0.02,0.0,0.03,24.9,77,AUTO.LOITER,0,0
2026-08-14T10:12:51,1786677171,13.730322,100.787462,0.2,0.02,0.5,-0.4,-91.8,268.2,-0.02,0.0,0.04,24.9,77,0,0,0
2026-08-14T10:12:52,1786677172,13.730322,100.787462,0.2,0.01,0.5,-0.4,-91.8,268.2,-0.02,0.0,0.04,24.9,77,0,0,0
2026-08-14T10:12:53,1786677173,13.730323,100.787462,0.3,0.01,0.5,-0.4,-91.8,268.2,-0.02,0.0,0.04,24.9,77,AUTO.LOITER,0,0
2026-08-14T10:12:54,1786677174,13.730323,100.787462,0.2,0.0,0.5,-0.4,-91.7,268.3,0.0,-0.01,0.04,24.9,77,0,0,0
2026-08-14T10:12:55,1786677175,13.730323,100.787462,0.2,0.0,0.5,-0.4,-91.7,268.3,0.0,0.0,0.04,24.9,78,0,0,0
2026-08-14T10:12:56,1786677176,13.730323,100.787462,0.3,0.0,0.5,-0.4,-91.7,268.3,0.0,0.0,0.04,24.9,78,AUTO.LOITER,0,0
2026-08-14T10:12:57,1786677177,13.730323,100.787462,0.2,0.0,0.5,-0.4,-91.7,268.3,0.03,0.01,0.04,24.9,78,0,0,0
2026-08-14T10:12:58,1786677178,13.730323,100.787462,0.2,-0.01,0.5,-0.4,-91.7,268.3,0.03,0.0,0.04,24.9,78,0,0,0
2026-08-14T10:12:59,1786677179,13.730323,100.787462,0.2,-0.01,0.4,-0.4,-91.7,268.3,0.03,0.0,0.04,24.9,78,0,0,0
2026-08-14T10:13:00,1786677180,13.730323,100.787462,0.2,0.0,0.4,-0.4,-91.7,268.3,0.01,-0.01,0.04,24.9,78,0,0,0
2026-08-14T10:13:01,1786677181,13.730323,100.787462,0.2,0.02,0.4,-0.4,-91.7,268.3,0.01,-0.02,0.03,24.9,78,AUTO.LOITER,0,0
2026-08-14T10:13:02,1786677182,13.730323,100.787462,0.2,0.02,0.4,-0.3,-91.7,268.3,0.01,-0.02,0.03,24.9,78,0,0,0
2026-08-14T10:13:03,1786677183,13.730323,100.787462,0.2,0.02,0.4,-0.3,-91.7,268.3,0.01,-0.01,0.03,24.9,78,0,0,0
2026-08-14T10:13:04,1786677184,13.730323,100.787462,0.2,0.02,0.4,-0.3,-91.7,268.3,0.01,-0.01,0.03,24.9,78,0,0,0
2026-08-14T10:13:05,1786677185,13.730323,100.787462,0.2,0.03,0.4,-0.3,-91.6,268.4,0.01,-0.02,0.03,24.9,78,0,0,0
2026-08-14T10:13:06,1786677186,13.730323,100.787462,0.2,0.03,0.3,-0.3,-91.6,268.4,0.0,-0.01,0.03,24.9,78,AUTO.LOITER,0,0
2026-08-14T10:13:07,1786677187,13.730323,100.787462,0.2,0.03,0.3,-0.3,-91.6,268.4,0.0,-0.01,0.03,24.9,78,0,0,0
2026-08-14T10:13:08,1786677188,13.730323,100.787462,0.2,0.02,0.3,-0.3,-91.6,268.4,0.0,-0.02,0.02,24.9,78,0,0,0
2026-08-14T10:13:09,1786677189,13.730323,100.787462,0.2,0.02,0.3,-0.3,-91.6,268.4,0.0,-0.02,0.02,24.9,78,0,0,0
2026-08-14T10:13:10,1786677190,13.730323,100.787462,0.2,0.03,0.3,-0.2,-91.6,268.4,0.0,-0.01,0.0,24.9,78,0,0,0
2026-08-14T10:13:11,1786677191,13.730323,100.787462,0.2,0.03,0.3,-0.2,-91.6,268.4,0.0,-0.01,0.0,24.9,78,0,0,0
2026-08-14T10:13:12,1786677192,13.730323,100.787462,0.2,0.03,0.3,-0.2,-91.6,268.4,0.0,-0.01,0.0,24.9,78,0,0,0
2026-08-14T10:13:13,1786677193,13.730323,100.787462,0.2,0.04,0.3,-0.2,-91.6,268.4,-0.02,-0.01,0.0,24.9,78,0,0,0
2026-08-14T10:13:14,1786677194,13.730323,100.787462,0.2,0.04,0.3,-0.2,-91.6,268.4,-0.02,-0.01,0.0,24.9,78,0,0,0
2026-08-14T10:13:15,1786677195,13.730323,100.787462,0.2,0.04,0.3,-0.2,-91.6,268.4,-0.02,-0.01,0.0,24.9,78,0,0,0
2026-08-14T10:13:16,1786677196,13.730323,100.787462,0.3,0.07,0.3,-0.2,-91.6,268.4,-0.02,0.0,-0.01,24.9,78,0,0,0
2026-08-14T10:13:17,1786677197,13.730323,100.787462,0.3,0.07,0.3,-0.2,-91.6,268.4,-0.02,0.0,-0.01,24.9,78,0,0,0
2026-08-14T10:13:18,1786677198,13.730323,100.787462,0.3,0.07,0.4,-0.2,-91.6,268.4,-0.02,0.0,-0.01,24.9,78,0,0,0
2026-08-14T10:13:19,1786677199,13.730323,100.787462,0.3,0.09,0.4,-0.2,-91.6,268.4,-0.02,0.0,-0.03,24.9,78,0,0,0
2026-08-14T10:13:20,1786677200,13.730323,100.787462,0.3,0.09,0.4,-0.2,-91.6,268.4,-0.02,0.0,-0.03,24.9,78,0,0,0
2026-08-14T10:13:21,1786677201,13.730323,100.787462,0.3,0.09,0.4,-0.1,-91.6,268.4,-0.02,0.0,-0.03,24.9,78,0,0,0
2026-08-14T10:13:22,1786677202,13.730323,100.787462,0.3,0.09,0.4,-0.1,-91.6,268.4,-0.02,0.0,-0.03,24.9,78,0,0,0
2026-08-14T10:13:23,1786677203,13.730323,100.787462,0.3,0.1,0.4,-0.1,-91.6,268.4,-0.02,0.0,-0.03,24.9,78,0,0,0
2026-08-14T10:13:24,1786677204,13.730323,100.787462,0.3,0.1,0.4,-0.1,-91.6,268.4,-0.02,0.0,-0.03,24.9,78,0,0,0
2026-08-14T10:13:25,1786677205,13.730323,100.787462,0.3,0.1,0.4,-0.1,-91.6,268.4,-0.02,0.0,-0.03,24.9,78,0,0,0
2026-08-14T10:13:26,1786677206,13.730323,100.787462,0.3,0.12,0.4,-0.1,-91.6,268.4,-0.01,0.0,-0.03,24.9,78,0,0,0
2026-08-14T10:13:27,1786677207,13.730323,100.787462,0.3,0.14,0.4,-0.1,-91.6,268.4,0.0,0.0,-0.03,24.9,78,AUTO.LOITER,0,0
2026-08-14T10:13:28,1786677208,13.730323,100.787462,0.3,0.14,0.4,-0.1,-91.6,268.4,0.0,0.0,-0.03,24.9,78,0,0,0
2026-08-14T10:13:29,1786677209,13.730323,100.787462,0.4,0.15,0.4,-0.1,-91.6,268.4,0.0,0.0,-0.02,24.9,78,0,0,0
2026-08-14T10:13:30,1786677210,13.730323,100.787463,0.3,0.15,0.4,-0.1,-91.6,268.4,0.0,0.0,-0.02,24.9,78,AUTO.LOITER,0,0
2026-08-14T10:13:31,1786677211,13.730323,100.787462,0.3,0.14,0.4,-0.1,-91.6,268.4,0.0,-0.01,-0.01,24.9,78,0,0,0
2026-08-14T10:13:32,1786677212,13.730323,100.787462,0.3,0.14,0.4,-0.1,-91.6,268.4,0.0,-0.01,-0.01,24.9,78,0,0,0
2026-08-14T10:13:33,1786677213,13.730323,100.787462,0.3,0.14,0.4,-0.1,-91.6,268.4,0.0,-0.01,-0.01,24.9,78,0,0,0
2026-08-14T10:13:34,1786677214,13.730323,100.787462,0.3,0.14,0.4,-0.1,-91.6,268.4,0.0,-0.01,-0.01,24.9,78,0,0,0
2026-08-14T10:13:35,1786677215,13.730323,100.787462,0.3,0.14,0.4,-0.1,-91.6,268.4,0.0,-0.01,-0.01,24.9,78,0,0,0
2026-08-14T10:13:36,1786677216,13.730323,100.787462,0.3,0.14,0.4,-0.1,-91.6,268.4,0.0,-0.01,-0.01,24.9,78,AUTO.LOITER,0,0
2026-08-14T10:13:37,1786677217,13.730323,100.787462,0.3,0.14,0.4,-0.1,-91.6,268.4,0.0,-0.01,-0.01,24.9,78,AUTO.LOITER,0,0
2026-08-14T10:13:38,1786677218,13.730323,100.787462,0.3,0.14,0.4,-0.1,-91.6,268.4,0.0,-0.01,-0.01,24.9,78,0,0,0
2026-08-14T10:13:39,1786677219,13.730323,100.787462,0.3,0.12,0.4,-0.0,-91.5,268.5,-0.01,-0.02,0.0,24.9,78,0,0,0
2026-08-14T10:13:40,1786677220,13.730323,100.787462,0.3,0.12,0.4,-0.0,-91.5,268.5,-0.01,-0.02,0.0,24.9,78,0,0,0
2026-08-14T10:13:41,1786677221,13.730323,100.787462,0.3,0.12,0.4,-0.0,-91.5,268.5,-0.01,-0.02,0.0,24.9,78,0,0,0
2026-08-14T10:13:42,1786677222,13.730323,100.787462,0.3,0.11,0.4,-0.0,-91.5,268.5,-0.01,0.0,0.01,24.9,78,0,0,0
2026-08-14T10:13:43,1786677223,13.730323,100.787462,0.3,0.11,0.4,-0.0,-91.5,268.5,-0.01,0.0,0.01,24.9,78,0,0,0
2026-08-14T10:13:44,1786677224,13.730323,100.787462,0.3,0.11,0.4,-0.0,-91.5,268.5,-0.01,0.0,0.01,24.9,78,0,0,0
2026-08-14T10:13:45,1786677225,13.730323,100.787462,0.3,0.11,0.4,-0.0,-91.5,268.5,-0.01,0.0,0.01,24.9,78,0,0,0
2026-08-14T10:13:46,1786677226,13.730323,100.787462,0.3,0.11,0.4,-0.0,-91.5,268.5,-0.01,0.0,0.01,24.9,78,0,0,0
2026-08-14T10:13:47,1786677227,13.730323,100.787462,0.3,0.11,0.5,-0.0,-91.5,268.5,-0.01,0.0,0.01,24.9,78,0,0,0
2026-08-14T10:13:48,1786677228,13.730323,100.787462,0.3,0.09,0.5,-0.0,-91.5,268.5,0.0,0.0,0.03,24.9,78,0,0,0
2026-08-14T10:13:49,1786677229,13.730323,100.787462,0.3,0.09,0.5,-0.0,-91.5,268.5,0.0,0.0,0.03,24.9,78,AUTO.LOITER,0,0
2026-08-14T10:13:50,1786677230,13.730323,100.787462,0.3,0.06,0.5,-0.0,-91.5,268.5,0.01,-0.01,0.04,24.9,78,0,0,0
2026-08-14T10:13:51,1786677231,13.730323,100.787462,0.2,0.05,0.5,-0.0,-91.5,268.5,0.03,0.0,0.04,24.9,78,0,0,0
2026-08-14T10:13:52,1786677232,13.730323,100.787462,0.3,0.05,0.5,-0.0,-91.5,268.5,0.03,0.0,0.04,24.9,78,AUTO.LOITER,0,0
2026-08-14T10:13:53,1786677233,13.730323,100.787462,0.2,0.05,0.4,-0.0,-91.5,268.5,0.03,0.0,0.03,24.9,78,0,0,0
2026-08-14T10:13:54,1786677234,13.730323,100.787462,0.3,0.06,0.4,-0.0,-91.5,268.5,0.03,0.0,0.02,24.9,78,0,0,0
2026-08-14T10:13:55,1786677235,13.730323,100.787462,0.3,0.06,0.4,-0.0,-91.5,268.5,0.03,0.0,0.02,24.9,78,AUTO.LOITER,0,0
2026-08-14T10:13:56,1786677236,13.730323,100.787462,0.3,0.06,0.4,-0.0,-91.5,268.5,0.02,0.0,0.02,24.9,78,0,0,0
2026-08-14T10:13:57,1786677237,13.730323,100.787462,0.3,0.05,0.4,-0.0,-91.5,268.5,0.01,0.0,0.02,24.9,78,0,0,0
2026-08-14T10:13:58,1786677238,13.730323,100.787462,0.3,0.05,0.4,-0.0,-91.5,268.5,0.01,0.0,0.02,24.9,78,AUTO.LOITER,0,0
2026-08-14T10:13:59,1786677239,13.730323,100.787462,0.3,0.06,0.4,-0.0,-91.5,268.5,0.01,0.0,0.01,24.9,78,0,0,0
2026-08-14T10:14:00,1786677240,13.730323,100.787462,0.3,0.07,0.4,-0.0,-91.5,268.5,0.03,0.0,0.0,24.9,78,0,0,0
2026-08-14T10:14:01,1786677241,13.730323,100.787462,0.3,0.07,0.4,-0.0,-91.5,268.5,0.03,0.0,0.0,24.9,78,0,0,0
2026-08-14T10:14:02,1786677242,13.730323,100.787462,0.3,0.07,0.4,-0.0,-91.5,268.5,0.03,-0.02,0.0,24.9,78,0,0,0
2026-08-14T10:14:03,1786677243,13.730323,100.787462,0.3,0.07,0.3,-0.0,-91.5,268.5,0.03,-0.03,0.0,24.9,78,0,0,0
2026-08-14T10:14:04,1786677244,13.730323,100.787462,0.3,0.07,0.3,-0.0,-91.5,268.5,0.03,-0.03,0.0,24.9,78,0,0,0
2026-08-14T10:14:05,1786677245,13.730323,100.787462,0.3,0.07,0.3,-0.0,-91.5,268.5,0.02,-0.02,0.0,24.9,78,0,0,0
2026-08-14T10:14:06,1786677246,13.730323,100.787462,0.3,0.07,0.3,0.0,-91.5,268.5,0.01,0.0,0.0,24.9,78,0,0,0
2026-08-14T10:14:07,1786677247,13.730323,100.787462,0.3,0.07,0.2,0.0,-91.5,268.5,0.01,0.0,0.0,24.9,78,0,0,0
2026-08-14T10:14:08,1786677248,13.730323,100.787462,0.3,0.06,0.2,0.0,-91.5,268.5,0.01,0.0,0.0,24.9,78,0,0,0
2026-08-14T10:14:09,1786677249,13.730323,100.787462,0.3,0.06,0.2,0.0,-91.5,268.5,0.01,-0.01,0.0,24.9,78,0,0,0
2026-08-14T10:14:10,1786677250,13.730323,100.787462,0.3,0.06,0.2,0.0,-91.5,268.5,0.01,-0.01,0.0,24.9,78,0,0,0
2026-08-14T10:14:11,1786677251,13.730323,100.787462,0.3,0.08,0.2,0.0,-91.5,268.5,0.01,-0.02,0.0,24.9,78,0,0,0
2026-08-14T10:14:12,1786677252,13.730323,100.787462,0.3,0.1,0.2,0.1,-91.5,268.5,0.02,-0.02,-0.01,24.9,78,0,0,0
2026-08-14T10:14:13,1786677253,13.730323,100.787462,0.3,0.1,0.2,0.1,-91.5,268.5,0.02,-0.02,-0.01,24.9,78,0,0,0
2026-08-14T10:14:14,1786677254,13.730323,100.787462,0.3,0.11,0.1,0.1,-91.5,268.5,0.0,-0.02,-0.01,24.9,78,0,0,0
2026-08-14T10:14:15,1786677255,13.730323,100.787462,0.3,0.12,0.1,0.1,-91.5,268.5,0.0,0.0,-0.02,24.9,78,0,0,0
2026-08-14T10:14:16,1786677256,13.730323,100.787462,0.3,0.12,0.1,0.1,-91.5,268.5,0.0,0.0,-0.02,24.9,78,0,0,0
2026-08-14T10:14:17,1786677257,13.730323,100.787462,0.3,0.13,0.1,0.2,-91.5,268.5,-0.01,0.0,-0.03,24.9,78,0,0,0
2026-08-14T10:14:18,1786677258,13.730323,100.787462,0.3,0.13,0.2,0.1,-91.5,268.5,-0.01,0.0,-0.03,24.9,78,0,0,0
2026-08-14T10:14:19,1786677259,13.730323,100.787462,0.3,0.13,0.2,0.1,-91.5,268.5,-0.01,0.0,-0.03,24.9,78,0,0,0
2026-08-14T10:14:20,1786677260,13.730323,100.787462,0.3,0.15,0.2,0.1,-91.5,268.5,0.0,0.0,-0.04,24.9,78,0,0,0
2026-08-14T10:14:21,1786677261,13.730323,100.787462,0.4,0.15,0.2,0.1,-91.5,268.5,-0.01,0.0,-0.05,24.9,78,0,0,0
2026-08-14T10:14:22,1786677262,13.730323,100.787462,0.4,0.15,0.2,0.1,-91.5,268.5,-0.01,0.0,-0.05,24.9,78,0,0,0
2026-08-14T10:14:23,1786677263,13.730323,100.787462,0.4,0.17,0.2,0.1,-91.5,268.5,0.0,0.0,-0.07,24.9,78,0,0,0
2026-08-14T10:14:24,1786677264,13.730323,100.787462,0.4,0.19,0.2,0.1,-91.5,268.5,0.0,0.0,-0.09,24.9,78,AUTO.LOITER,0,0
2026-08-14T10:14:25,1786677265,13.730323,100.787462,0.4,0.19,0.2,0.1,-91.5,268.5,0.0,0.0,-0.09,24.9,78,0,0,0
2026-08-14T10:14:26,1786677266,13.730323,100.787462,0.4,0.19,0.3,0.1,-91.5,268.5,0.0,0.0,-0.09,24.9,78,0,0,0
2026-08-14T10:14:27,1786677267,13.730323,100.787462,0.3,0.19,0.2,0.1,-91.5,268.5,0.0,0.0,-0.09,24.9,78,AUTO.LOITER,0,0
2026-08-14T10:14:28,1786677268,13.730323,100.787462,0.5,0.27,0.2,0.1,-91.5,268.5,0.0,-0.01,-0.12,24.9,78,0,0,0
2026-08-14T10:14:29,1786677269,13.730323,100.787462,0.5,0.3,0.2,0.1,-91.5,268.5,-0.02,-0.02,-0.13,24.9,78,0,0,0
2026-08-14T10:14:30,1786677270,13.730323,100.787462,0.3,0.3,0.3,0.1,-91.5,268.5,-0.02,-0.02,-0.13,24.9,78,AUTO.LOITER,0,0
2026-08-14T10:14:31,1786677271,13.730323,100.787462,0.5,0.31,0.3,0.2,-91.5,268.5,-0.01,-0.02,-0.13,24.9,78,0,0,0
2026-08-14T10:14:32,1786677272,13.730323,100.787462,0.5,0.31,0.3,0.2,-91.5,268.5,-0.01,-0.01,-0.13,24.9,78,0,0,0
2026-08-14T10:14:33,1786677273,13.730323,100.787462,0.3,0.31,0.3,0.2,-91.5,268.5,-0.01,-0.01,-0.13,24.9,78,AUTO.LOITER,0,0
2026-08-14T10:14:34,1786677274,13.730323,100.787462,0.3,0.31,0.3,0.2,-91.5,268.5,-0.01,-0.01,-0.13,24.9,78,AUTO.LOITER,0,0
2026-08-14T10:14:35,1786677275,13.730323,100.787462,0.5,0.34,0.3,0.2,-91.5,268.5,0.0,0.01,-0.14,24.9,78,AUTO.LOITER,0,0
2026-08-14T10:14:36,1786677276,13.730323,100.787462,0.5,0.34,0.3,0.2,-91.5,268.5,0.0,0.01,-0.14,24.9,78,AUTO.LOITER,0,0
2026-08-14T10:14:37,1786677277,13.730323,100.787462,0.6,0.36,0.4,0.2,-91.5,268.5,0.0,0.0,-0.15,24.9,78,0,0,0
2026-08-14T10:14:38,1786677278,13.730323,100.787462,0.6,0.36,0.3,0.2,-91.5,268.5,-0.01,0.0,-0.16,24.9,78,0,0,0
2026-08-14T10:14:39,1786677279,13.730323,100.787462,0.6,0.36,0.4,0.2,-91.5,268.5,-0.01,0.0,-0.16,24.9,78,0,0,0
2026-08-14T10:14:40,1786677280,13.730323,100.787462,0.6,0.37,0.4,0.2,-91.4,268.6,0.0,0.01,-0.16,24.9,78,0,0,0
2026-08-14T10:14:41,1786677281,13.730323,100.787462,0.6,0.38,0.4,0.2,-91.4,268.6,0.01,0.01,-0.16,24.9,78,0,0,0
2026-08-14T10:14:42,1786677282,13.730323,100.787462,0.6,0.38,0.4,0.2,-91.4,268.6,0.01,0.01,-0.16,24.9,78,0,0,0
2026-08-14T10:14:43,1786677283,13.730323,100.787462,0.6,0.4,0.4,0.2,-91.4,268.6,0.03,0.01,-0.16,24.9,78,AUTO.LOITER,0,0
2026-08-14T10:14:44,1786677284,13.730323,100.787462,0.6,0.39,0.4,0.2,-91.4,268.6,0.02,0.0,-0.14,24.9,78,0,0,0
2026-08-14T10:14:45,1786677285,13.730323,100.787462,0.6,0.39,0.4,0.2,-91.4,268.6,0.02,0.0,-0.14,24.9,78,0,0,0
2026-08-14T10:14:46,1786677286,13.730323,100.787462,0.6,0.37,0.3,0.1,-91.4,268.6,0.01,-0.01,-0.12,24.9,78,0,0,0
2026-08-14T10:14:47,1786677287,13.730323,100.787462,0.6,0.36,0.3,0.2,-91.4,268.6,0.01,-0.01,-0.1,24.9,78,0,0,0
2026-08-14T10:14:48,1786677288,13.730323,100.787462,0.6,0.36,0.3,0.2,-91.4,268.6,0.01,-0.01,-0.1,24.9,78,0,0,0
2026-08-14T10:14:49,1786677289,13.730323,100.787462,0.5,0.33,0.3,0.2,-91.4,268.6,0.0,0.0,-0.08,24.9,78,0,0,0
2026-08-14T10:14:50,1786677290,13.730323,100.787462,0.5,0.32,0.3,0.2,-91.4,268.6,-0.02,-0.01,-0.08,24.9,78,0,0,0
2026-08-14T10:14:51,1786677291,13.730323,100.787462,0.5,0.32,0.3,0.2,-91.4,268.6,-0.02,-0.01,-0.08,24.9,78,0,0,0
2026-08-14T10:14:52,1786677292,13.730323,100.787462,0.5,0.32,0.3,0.2,-91.4,268.6,-0.02,-0.01,-0.08,24.9,78,0,0,0
2026-08-14T10:14:53,1786677293,13.730323,100.787462,0.5,0.3,0.3,0.2,-91.4,268.6,0.0,0.0,-0.06,24.9,78,0,0,0
2026-08-14T10:14:54,1786677294,13.730323,100.787462,0.5,0.3,0.3,0.2,-91.4,268.6,0.0,0.0,-0.06,24.9,78,0,0,0
2026-08-14T10:14:55,1786677295,13.730323,100.787462,0.5,0.3,0.3,0.2,-91.4,268.6,0.0,0.0,-0.06,24.9,78,0,0,0
2026-08-14T10:14:56,1786677296,13.730323,100.787462,0.5,0.28,0.3,0.2,-91.4,268.6,0.0,-0.01,-0.05,24.9,78,0,0,0
2026-08-14T10:14:57,1786677297,13.730323,100.787462,0.5,0.28,0.3,0.3,-91.4,268.6,0.0,-0.01,-0.05,24.9,78,0,0,0
2026-08-14T10:14:58,1786677298,13.730323,100.787462,0.5,0.28,0.3,0.3,-91.3,268.7,0.0,0.0,-0.05,24.9,78,0,0,0
2026-08-14T10:14:59,1786677299,13.730323,100.787462,0.5,0.25,0.3,0.3,-91.3,268.7,0.0,-0.01,-0.05,24.9,78,0,0,0
2026-08-14T10:15:00,1786677300,13.730323,100.787462,0.5,0.25,0.3,0.3,-91.3,268.7,0.0,-0.01,-0.05,24.9,78,0,0,0
2026-08-14T10:15:01,1786677301,13.730323,100.787462,0.5,0.25,0.2,0.3,-91.3,268.7,-0.01,-0.01,-0.05,24.9,78,AUTO.LOITER,0,0
2026-08-14T10:15:02,1786677302,13.730323,100.787463,0.3,0.25,0.2,0.3,-91.3,268.7,-0.01,-0.01,-0.05,24.9,78,0,0,0
2026-08-14T10:15:03,1786677303,13.730323,100.787463,0.3,0.25,0.3,0.3,-91.3,268.7,-0.01,-0.01,-0.05,24.9,78,0,0,0
2026-08-14T10:15:04,1786677304,13.730323,100.787462,0.4,0.23,0.3,0.4,-91.3,268.7,-0.02,0.0,-0.04,24.9,78,0,0,0
2026-08-14T10:15:05,1786677305,13.730323,100.787462,0.4,0.22,0.3,0.4,-91.3,268.7,-0.01,0.0,-0.03,24.9,78,0,0,0
2026-08-14T10:15:06,1786677306,13.730323,100.787462,0.4,0.22,0.3,0.4,-91.3,268.7,-0.01,0.0,-0.03,24.9,78,0,0,0
2026-08-14T10:15:07,1786677307,13.730323,100.787462,0.4,0.21,0.3,0.4,-91.3,268.7,0.0,0.0,-0.03,24.9,78,0,0,0
2026-08-14T10:15:08,1786677308,13.730323,100.787462,0.4,0.21,0.3,0.4,-91.3,268.7,0.0,0.02,-0.04,24.9,78,0,0,0
2026-08-14T10:15:09,1786677309,13.730323,100.787462,0.4,0.21,0.3,0.4,-91.3,268.7,0.0,0.02,-0.04,24.9,78,0,0,0
2026-08-14T10:15:10,1786677310,13.730323,100.787462,0.4,0.21,0.3,0.4,-91.3,268.7,0.01,0.03,-0.04,24.9,78,0,0,0
2026-08-14T10:15:11,1786677311,13.730322,100.787462,0.3,0.21,0.3,0.4,-91.3,268.7,0.01,0.03,-0.04,24.9,78,0,0,0
2026-08-14T10:15:12,1786677312,13.730323,100.787463,0.4,0.21,0.3,0.3,-91.3,268.7,0.01,0.03,-0.04,24.9,78,0,0,0
2026-08-14T10:15:13,1786677313,13.730323,100.787462,0.4,0.19,0.3,0.3,-91.3,268.7,0.01,0.02,-0.04,24.9,78,0,0,0
2026-08-14T10:15:14,1786677314,13.730323,100.787462,0.3,0.19,0.3,0.3,-91.3,268.7,0.01,0.02,-0.04,24.9,78,AUTO.LOITER,0,0
2026-08-14T10:15:15,1786677315,13.730323,100.787462,0.4,0.18,0.3,0.3,-91.3,268.7,0.01,0.02,-0.03,24.9,78,0,0,0
2026-08-14T10:15:16,1786677316,13.730323,100.787462,0.4,0.18,0.2,0.3,-91.3,268.7,0.01,0.02,-0.03,24.9,78,0,0,0
2026-08-14T10:15:17,1786677317,13.730323,100.787462,0.4,0.18,0.2,0.3,-91.3,268.7,0.01,0.02,-0.03,24.9,78,0,0,0
2026-08-14T10:15:18,1786677318,13.730323,100.787462,0.3,0.14,0.2,0.3,-91.2,268.8,0.0,0.0,0.0,24.9,78,0,0,0
2026-08-14T10:15:19,1786677319,13.730323,100.787462,0.3,0.13,0.2,0.3,-91.2,268.8,-0.01,0.0,0.0,24.9,78,0,0,0
2026-08-14T10:15:20,1786677320,13.730323,100.787462,0.3,0.13,0.2,0.3,-91.2,268.8,-0.01,0.0,0.0,24.9,78,0,0,0
2026-08-14T10:15:21,1786677321,13.730323,100.787462,0.3,0.13,0.2,0.3,-91.2,268.8,-0.02,0.0,0.01,24.9,78,0,0,0
2026-08-14T10:15:22,1786677322,13.730323,100.787462,0.3,0.12,0.3,0.3,-91.2,268.8,-0.02,0.0,0.02,24.9,78,0,0,0
2026-08-14T10:15:23,1786677323,13.730323,100.787462,0.3,0.12,0.3,0.3,-91.2,268.8,-0.02,0.0,0.02,24.9,78,0,0,0
2026-08-14T10:15:24,1786677324,13.730323,100.787462,0.3,0.12,0.3,0.3,-91.2,268.8,-0.02,0.0,0.02,24.9,78,0,0,0
2026-08-14T10:15:25,1786677325,13.730323,100.787462,0.3,0.12,0.3,0.4,-91.2,268.8,-0.02,0.0,0.02,24.9,78,0,0,0
2026-08-14T10:15:26,1786677326,13.730323,100.787462,0.3,0.12,0.3,0.4,-91.2,268.8,-0.02,0.0,0.02,24.9,78,0,0,0
2026-08-14T10:15:27,1786677327,13.730323,100.787462,0.3,0.12,0.3,0.4,-91.2,268.8,-0.02,0.0,0.02,24.9,78,0,0,0
2026-08-14T10:15:28,1786677328,13.730323,100.787462,0.2,0.04,0.4,0.4,-91.2,268.8,0.0,0.01,0.04,24.9,78,0,0,0
2026-08-14T10:15:29,1786677329,13.730323,100.787462,0.2,0.04,0.4,0.4,-91.2,268.8,0.0,0.01,0.04,24.9,78,0,0,0
2026-08-14T10:15:30,1786677330,13.730323,100.787462,0.2,0.03,0.4,0.4,-91.2,268.8,0.0,0.01,0.04,24.9,78,0,0,0
2026-08-14T10:15:31,1786677331,13.730323,100.787462,0.2,0.04,0.4,0.4,-91.2,268.8,0.02,0.0,0.04,24.9,78,0,0,0
2026-08-14T10:15:32,1786677332,13.730323,100.787462,0.2,0.04,0.4,0.4,-91.2,268.8,0.02,0.0,0.04,24.9,78,0,0,0
2026-08-14T10:15:33,1786677333,13.730323,100.787462,0.2,0.03,0.4,0.4,-91.2,268.8,0.0,0.0,0.04,24.9,78,AUTO.LOITER,0,0
2026-08-14T10:15:34,1786677334,13.730323,100.787462,0.2,0.03,0.4,0.4,-91.2,268.8,0.0,0.0,0.04,24.9,78,0,0,0
2026-08-14T10:15:35,1786677335,13.730323,100.787462,0.2,0.03,0.4,0.5,-91.2,268.8,0.0,0.0,0.04,24.9,78,0,0,0
2026-08-14T10:15:36,1786677336,13.730323,100.787462,0.2,0.03,0.4,0.5,-91.2,268.8,0.0,0.0,0.04,24.9,78,0,0,0
2026-08-14T10:15:37,1786677337,13.730323,100.787462,0.2,0.01,0.4,0.5,-91.2,268.8,0.01,0.0,0.04,24.9,78,0,0,0
2026-08-14T10:15:38,1786677338,13.730323,100.787462,0.2,0.01,0.4,0.5,-91.2,268.8,0.01,0.0,0.04,24.9,78,0,0,0
2026-08-14T10:15:39,1786677339,13.730323,100.787462,0.2,0.0,0.4,0.5,-91.2,268.8,0.01,0.0,0.04,24.9,78,0,0,0
2026-08-14T10:15:40,1786677340,13.730323,100.787462,0.2,-0.0,0.4,0.6,-91.2,268.8,0.0,0.0,0.04,24.9,78,0,0,0
2026-08-14T10:15:41,1786677341,13.730323,100.787462,0.2,-0.0,0.4,0.6,-91.2,268.8,0.0,0.0,0.04,24.9,78,0,0,0
2026-08-14T10:15:42,1786677342,13.730323,100.787462,0.2,0.01,0.4,0.6,-91.2,268.8,0.0,0.01,0.04,24.9,78,0,0,0
2026-08-14T10:15:43,1786677343,13.730323,100.787462,0.2,0.01,0.4,0.6,-91.2,268.8,-0.01,0.0,0.05,24.9,78,0,0,0
2026-08-14T10:15:44,1786677344,13.730323,100.787462,0.2,0.01,0.4,0.6,-91.2,268.8,-0.01,0.0,0.05,24.9,78,0,0,0
2026-08-14T10:15:45,1786677345,13.730323,100.787462,0.2,-0.0,0.4,0.6,-91.2,268.8,0.0,0.0,0.05,24.9,78,0,0,0
2026-08-14T10:15:46,1786677346,13.730323,100.787462,0.2,-0.02,0.4,0.6,-91.2,268.8,-0.01,0.0,0.06,24.9,78,0,0,0
2026-08-14T10:15:47,1786677347,13.730323,100.787462,0.2,-0.02,0.4,0.6,-91.1,268.9,-0.01,0.0,0.06,24.9,78,0,0,0
2026-08-14T10:15:48,1786677348,13.730323,100.787462,0.2,-0.03,0.4,0.6,-91.1,268.9,-0.01,0.0,0.06,24.9,78,0,0,0
2026-08-14T10:15:49,1786677349,13.730323,100.787462,0.3,-0.03,0.5,0.6,-91.1,268.9,-0.01,0.0,0.06,24.9,78,0,0,0
2026-08-14T10:15:50,1786677350,13.730323,100.787462,0.2,-0.02,0.5,0.6,-91.1,268.9,-0.01,-0.01,0.04,24.9,78,0,0,0
2026-08-14T10:15:51,1786677351,13.730323,100.787462,0.2,-0.01,0.5,0.6,-91.1,268.9,0.0,-0.01,0.03,24.9,78,0,0,0
2026-08-14T10:15:52,1786677352,13.730323,100.787462,0.3,-0.01,0.5,0.6,-91.1,268.9,0.0,-0.01,0.03,24.9,78,AUTO.LOITER,0,0
2026-08-14T10:15:53,1786677353,13.730323,100.787462,0.2,0.01,0.5,0.6,-91.1,268.9,0.01,0.0,0.02,24.9,78,0,0,0
2026-08-14T10:15:54,1786677354,13.730323,100.787462,0.2,0.03,0.5,0.6,-91.1,268.9,0.01,0.0,0.01,24.9,78,AUTO.LOITER,0,0
2026-08-14T10:15:55,1786677355,13.730323,100.787462,0.3,0.03,0.5,0.6,-91.1,268.9,0.01,0.0,0.01,24.9,78,AUTO.LOITER,0,0
2026-08-14T10:15:56,1786677356,13.730323,100.787462,0.3,0.05,0.4,0.6,-91.1,268.9,0.03,0.01,0.0,24.9,78,0,0,0
2026-08-14T10:15:57,1786677357,13.730323,100.787462,0.3,0.07,0.4,0.6,-91.1,268.9,0.04,0.02,0.0,24.9,78,AUTO.LOITER,0,0
2026-08-14T10:15:58,1786677358,13.730323,100.787462,0.3,0.07,0.4,0.6,-91.1,268.9,0.04,0.02,0.0,24.9,78,AUTO.LOITER,0,0
2026-08-14T10:15:59,1786677359,13.730323,100.787462,0.3,0.08,0.4,0.6,-91.1,268.9,0.04,0.02,0.0,24.9,78,0,0,0
2026-08-14T10:16:00,1786677360,13.730323,100.787462,0.3,0.09,0.3,0.6,-91.1,268.9,0.03,0.02,0.0,24.9,78,AUTO.LOITER,0,0
2026-08-14T10:16:01,1786677361,13.730323,100.787462,0.3,0.09,0.3,0.5,-91.1,268.9,0.03,0.02,0.0,24.9,78,0,0,0
2026-08-14T10:16:02,1786677362,13.730323,100.787462,0.3,0.1,0.3,0.5,-91.1,268.9,0.01,0.01,0.0,24.9,78,AUTO.LOITER,0,0
2026-08-14T10:16:03,1786677363,13.730323,100.787462,0.3,0.1,0.3,0.5,-91.1,268.9,0.01,-0.01,0.0,24.9,78,AUTO.LOITER,0,0
2026-08-14T10:16:04,1786677364,13.730323,100.787462,0.3,0.1,0.3,0.5,-91.1,268.9,0.01,-0.01,0.0,24.9,78,0,0,0
2026-08-14T10:16:05,1786677365,13.730323,100.787462,0.3,0.08,0.2,0.5,-91.1,268.9,0.0,-0.01,0.01,24.9,78,AUTO.LOITER,0,0
2026-08-14T10:16:06,1786677366,13.730323,100.787462,0.3,0.07,0.2,0.5,-91.1,268.9,-0.01,-0.02,0.01,24.9,78,AUTO.LOITER,0,0
2026-08-14T10:16:07,1786677367,13.730323,100.787462,0.3,0.07,0.2,0.5,-91.1,268.9,-0.01,-0.02,0.01,24.9,78,0,0,0
2026-08-14T10:16:08,1786677368,13.730323,100.787462,0.3,0.08,0.2,0.6,-91.1,268.9,-0.01,-0.01,0.01,24.9,78,AUTO.LOITER,0,0
2026-08-14T10:16:09,1786677369,13.730323,100.787462,0.3,0.06,0.2,0.6,-91.1,268.9,-0.01,-0.01,0.01,24.9,78,AUTO.LOITER,0,0
2026-08-14T10:16:10,1786677370,13.730323,100.787462,0.3,0.06,0.2,0.6,-91.1,268.9,-0.01,-0.01,0.01,24.9,78,0,0,0
2026-08-14T10:16:11,1786677371,13.730323,100.787462,0.2,0.04,0.2,0.6,-91.1,268.9,0.0,-0.01,0.02,24.9,78,AUTO.LOITER,0,0
2026-08-14T10:16:12,1786677372,13.730323,100.787462,0.2,0.04,0.2,0.6,-91.1,268.9,0.0,-0.02,0.02,24.9,78,AUTO.LOITER,0,0
2026-08-14T10:16:13,1786677373,13.730323,100.787462,0.2,0.04,0.2,0.6,-91.1,268.9,0.0,-0.02,0.02,24.9,78,0,0,0
2026-08-14T10:16:14,1786677374,13.730323,100.787462,0.2,0.05,0.2,0.6,-91.1,268.9,0.0,-0.01,0.03,24.9,78,0,0,0
2026-08-14T10:16:15,1786677375,13.730323,100.787462,0.3,0.05,0.2,0.6,-91.0,269.0,0.01,-0.02,0.02,24.9,78,AUTO.LOITER,0,0
2026-08-14T10:16:16,1786677376,13.730323,100.787462,0.3,0.05,0.2,0.7,-91.0,269.0,0.01,-0.02,0.02,24.9,78,0,0,0
2026-08-14T10:16:17,1786677377,13.730323,100.787462,0.2,0.05,0.2,0.7,-91.0,269.0,0.0,-0.02,0.02,24.9,78,AUTO.LOITER,0,0
2026-08-14T10:16:18,1786677378,13.730323,100.787462,0.3,0.06,0.2,0.7,-91.0,269.0,-0.01,0.0,0.02,24.9,78,AUTO.LOITER,0,0
2026-08-14T10:16:19,1786677379,13.730323,100.787462,0.3,0.06,0.2,0.8,-91.0,269.0,-0.01,0.0,0.02,24.9,78,0,0,0
2026-08-14T10:16:20,1786677380,13.730323,100.787462,0.3,0.06,0.2,0.8,-91.0,269.0,0.0,-0.01,0.02,24.9,78,AUTO.LOITER,0,0
2026-08-14T10:16:21,1786677381,13.730323,100.787462,0.3,0.07,0.1,0.8,-91.0,269.0,-0.01,0.0,0.02,24.9,78,AUTO.LOITER,0,0
2026-08-14T10:16:22,1786677382,13.730323,100.787462,0.3,0.07,0.1,0.8,-91.0,269.0,-0.01,0.0,0.02,24.9,78,0,0,0
2026-08-14T10:16:23,1786677383,13.730323,100.787462,0.3,0.06,0.1,0.8,-91.0,269.0,-0.02,0.0,0.03,24.9,78,0,0,0
2026-08-14T10:16:24,1786677384,13.730323,100.787462,0.3,0.06,0.1,0.8,-91.0,269.0,-0.02,0.0,0.03,24.9,78,AUTO.LOITER,0,0
2026-08-14T10:16:25,1786677385,13.730323,100.787462,0.3,0.06,0.2,0.8,-91.0,269.0,-0.01,0.01,0.04,24.9,78,0,0,0
2026-08-14T10:16:26,1786677386,13.730323,100.787463,0.2,0.04,0.2,0.8,-91.0,269.0,0.0,0.01,0.05,24.9,78,AUTO.LOITER,0,0
2026-08-14T10:16:27,1786677387,13.730323,100.787463,0.2,0.04,0.2,0.8,-91.0,269.0,0.0,0.01,0.05,24.9,78,0,0,0
2026-08-14T10:16:28,1786677388,13.730323,100.787463,0.2,0.02,0.2,0.8,-91.0,269.0,0.01,0.02,0.06,24.9,78,0,0,0
2026-08-14T10:16:29,1786677389,13.730323,100.787462,0.2,-0.01,0.1,0.8,-91.0,269.0,0.0,0.0,0.07,24.9,78,AUTO.LOITER,0,0
2026-08-14T10:16:30,1786677390,13.730323,100.787462,0.2,-0.01,0.1,0.8,-91.0,269.0,0.0,0.0,0.07,24.9,78,AUTO.LOITER,0,0
2026-08-14T10:16:31,1786677391,13.730323,100.787462,0.2,-0.01,0.1,0.8,-91.0,269.0,0.0,0.0,0.07,24.9,78,AUTO.LOITER,0,0
2026-08-14T10:16:32,1786677392,13.730323,100.787462,0.2,-0.02,0.1,0.8,-91.0,269.0,0.0,0.0,0.08,24.9,78,AUTO.LOITER,0,0
2026-08-14T10:16:33,1786677393,13.730323,100.787462,0.2,-0.02,0.1,0.9,-91.0,269.0,0.0,0.0,0.08,24.9,78,0,0,0
2026-08-14T10:16:34,1786677394,13.730323,100.787462,0.2,-0.03,0.1,0.8,-91.0,269.0,0.01,0.0,0.08,24.9,78,0,0,0
2026-08-14T10:16:35,1786677395,13.730323,100.787462,0.2,-0.04,0.1,0.8,-91.0,269.0,0.02,0.01,0.09,24.9,78,AUTO.LOITER,0,0
2026-08-14T10:16:36,1786677396,13.730323,100.787462,0.2,-0.04,0.1,0.8,-91.0,269.0,0.02,0.01,0.09,24.9,78,0,0,0
2026-08-14T10:16:37,1786677397,13.730323,100.787462,0.2,-0.05,0.1,0.8,-91.0,269.0,0.01,0.01,0.09,24.9,78,AUTO.LOITER,0,0
2026-08-14T10:16:38,1786677398,13.730323,100.787463,0.3,-0.05,0.0,0.8,-91.0,269.0,0.01,0.01,0.09,24.9,78,AUTO.LOITER,0,0
2026-08-14T10:16:39,1786677399,13.730323,100.787463,0.3,-0.05,0.0,0.8,-91.0,269.0,0.01,0.01,0.09,24.9,78,AUTO.LOITER,0,0
2026-08-14T10:16:40,1786677400,13.730323,100.787463,0.3,-0.05,0.0,0.8,-91.0,269.0,0.01,0.01,0.09,24.9,78,AUTO.LOITER,0,0
2026-08-14T10:16:41,1786677401,13.730323,100.787463,0.3,-0.05,0.0,0.8,-91.0,269.0,0.01,0.01,0.09,24.9,78,0,0,0
2026-08-14T10:16:42,1786677402,13.730323,100.787463,0.3,-0.05,0.0,0.8,-91.0,269.0,0.01,0.01,0.09,24.9,78,0,0,0
2026-08-14T10:16:43,1786677403,13.730323,100.787462,0.1,-0.08,0.0,0.8,-91.0,269.0,-0.01,-0.01,0.1,24.9,78,AUTO.LOITER,0,0
2026-08-14T10:16:44,1786677404,13.730323,100.787462,0.1,-0.08,0.0,0.8,-91.0,269.0,-0.01,0.0,0.09,24.9,78,AUTO.LOITER,0,0
2026-08-14T10:16:45,1786677405,13.730323,100.787462,0.1,-0.08,0.0,0.8,-91.0,269.0,-0.01,0.0,0.09,24.9,78,0,0,0
2026-08-14T10:16:46,1786677406,13.730323,100.787462,0.1,-0.06,0.0,0.8,-91.0,269.0,-0.03,0.0,0.08,24.9,78,AUTO.LOITER,0,0
2026-08-14T10:16:47,1786677407,13.730323,100.787462,0.1,-0.05,0.1,0.8,-91.0,269.0,-0.03,0.0,0.07,24.9,78,AUTO.LOITER,0,0
2026-08-14T10:16:48,1786677408,13.730323,100.787462,0.1,-0.05,0.1,0.8,-91.0,269.0,-0.03,0.0,0.07,24.9,78,0,0,0
2026-08-14T10:16:49,1786677409,13.730323,100.787462,0.2,-0.04,0.1,0.8,-91.0,269.0,-0.02,0.0,0.06,24.9,78,AUTO.LOITER,0,0
2026-08-14T10:16:50,1786677410,13.730323,100.787462,0.2,-0.04,0.2,0.8,-91.0,269.0,0.0,0.0,0.06,24.9,78,AUTO.LOITER,0,0
2026-08-14T10:16:51,1786677411,13.730323,100.787462,0.2,-0.04,0.2,0.8,-91.0,269.0,0.0,0.0,0.06,24.9,78,0,0,0
2026-08-14T10:16:52,1786677412,13.730323,100.787462,0.1,-0.06,0.2,0.7,-91.0,269.0,0.01,0.01,0.06,24.9,78,AUTO.LOITER,0,0
2026-08-14T10:16:53,1786677413,13.730323,100.787462,0.2,-0.04,0.2,0.7,-91.0,269.0,0.0,0.02,0.05,24.9,78,AUTO.LOITER,0,0
2026-08-14T10:16:54,1786677414,13.730323,100.787462,0.2,-0.04,0.2,0.7,-91.0,269.0,0.0,0.02,0.05,24.9,78,0,0,0
2026-08-14T10:16:55,1786677415,13.730323,100.787462,0.2,-0.03,0.2,0.7,-91.0,269.0,0.0,0.01,0.05,24.9,78,AUTO.LOITER,0,0
2026-08-14T10:16:56,1786677416,13.730323,100.787462,0.2,-0.01,0.2,0.7,-91.0,269.0,0.0,0.0,0.04,24.9,78,AUTO.LOITER,0,0
2026-08-14T10:16:57,1786677417,13.730323,100.787462,0.2,-0.01,0.2,0.7,-91.0,269.0,0.0,0.0,0.04,24.9,78,0,0,0
2026-08-14T10:16:58,1786677418,13.730323,100.787463,0.2,-0.03,0.2,0.7,-91.0,269.0,0.0,0.02,0.05,24.9,78,AUTO.LOITER,0,0
2026-08-14T10:16:59,1786677419,13.730323,100.787463,0.2,-0.03,0.2,0.7,-91.0,269.0,0.0,0.02,0.05,24.9,78,0,0,0
2026-08-14T10:17:00,1786677420,13.730323,100.787462,0.3,-0.03,0.2,0.7,-91.0,269.0,0.0,0.02,0.05,24.9,78,0,0,0
2026-08-14T10:17:01,1786677421,13.730323,100.787462,0.3,-0.03,0.2,0.7,-91.0,269.0,0.0,0.02,0.05,24.9,78,0,0,0
2026-08-14T10:17:02,1786677422,13.730323,100.787462,0.3,-0.03,0.2,0.7,-91.0,269.0,0.0,0.02,0.05,24.9,78,0,0,0
2026-08-14T10:17:03,1786677423,13.730323,100.787462,0.2,-0.02,0.2,0.7,-91.0,269.0,0.0,-0.01,0.06,24.9,78,AUTO.LOITER,0,0
2026-08-14T10:17:04,1786677424,13.730323,100.787462,0.2,-0.02,0.2,0.7,-91.0,269.0,0.0,-0.01,0.06,24.9,78,0,0,0
2026-08-14T10:17:05,1786677425,13.730323,100.787462,0.2,-0.02,0.2,0.7,-91.0,269.0,0.0,-0.02,0.07,24.9,78,AUTO.LOITER,0,0
2026-08-14T10:17:06,1786677426,13.730323,100.787462,0.3,-0.02,0.2,0.7,-91.0,269.0,0.0,-0.02,0.07,24.9,78,AUTO.LOITER,0,0
2026-08-14T10:17:07,1786677427,13.730323,100.787462,0.2,-0.03,0.2,0.7,-91.0,269.0,0.0,-0.02,0.06,24.9,78,0,0,0
2026-08-14T10:17:08,1786677428,13.730323,100.787462,0.2,-0.02,0.1,0.7,-91.0,269.0,0.0,-0.02,0.05,24.9,78,AUTO.LOITER,0,0
2026-08-14T10:17:09,1786677429,13.730323,100.787462,0.2,-0.02,0.1,0.7,-91.0,269.0,0.0,-0.02,0.05,24.9,78,0,0,0
2026-08-14T10:17:10,1786677430,13.730323,100.787462,0.2,-0.01,0.1,0.7,-91.0,269.0,0.0,-0.01,0.04,24.9,78,AUTO.LOITER,0,0
2026-08-14T10:17:11,1786677431,13.730323,100.787462,0.2,-0.01,0.1,0.7,-91.0,269.0,0.0,-0.01,0.04,24.9,78,0,0,0
2026-08-14T10:17:12,1786677432,13.730323,100.787462,0.2,0.0,0.1,0.8,-91.0,269.0,0.0,-0.01,0.04,24.9,78,0,0,0
2026-08-14T10:17:13,1786677433,13.730323,100.787462,0.2,0.02,0.1,0.8,-91.0,269.0,0.0,-0.02,0.03,24.9,78,AUTO.LOITER,0,0
2026-08-14T10:17:14,1786677434,13.730323,100.787462,0.2,0.02,0.1,0.8,-91.0,269.0,0.0,-0.02,0.03,24.9,78,0,0,0
2026-08-14T10:17:15,1786677435,13.730323,100.787463,0.3,0.02,0.1,0.8,-91.0,269.0,0.0,-0.02,0.03,24.9,78,0,0,0
2026-08-14T10:17:16,1786677436,13.730323,100.787463,0.3,0.02,0.1,0.8,-91.0,269.0,0.0,-0.02,0.03,24.9,78,0,0,0
2026-08-14T10:17:17,1786677437,13.730323,100.787462,0.2,0.02,0.1,0.8,-91.0,269.0,0.0,0.0,0.04,24.9,78,AUTO.LOITER,0,0
2026-08-14T10:17:18,1786677438,13.730323,100.787462,0.3,0.02,0.1,0.9,-91.0,269.0,0.0,0.0,0.04,24.9,78,AUTO.LOITER,0,0
2026-08-14T10:17:19,1786677439,13.730323,100.787463,0.2,0.03,0.1,0.9,-91.0,269.0,0.0,0.02,0.03,24.9,78,0,0,0
2026-08-14T10:17:20,1786677440,13.730323,100.787463,0.2,0.02,0.1,0.8,-91.0,269.0,0.01,0.01,0.04,24.9,78,AUTO.LOITER,0,0
2026-08-14T10:17:21,1786677441,13.730323,100.787463,0.2,0.02,0.1,0.8,-91.0,269.0,0.01,0.01,0.04,24.9,78,0,0,0
2026-08-14T10:17:22,1786677442,13.730323,100.787462,0.2,0.02,0.1,0.8,-91.0,269.0,0.02,0.0,0.03,24.9,78,AUTO.LOITER,0,0
2026-08-14T10:17:23,1786677443,13.730323,100.787462,0.2,0.02,0.1,0.8,-91.0,269.0,0.02,0.0,0.03,24.9,78,0,0,0
2026-08-14T10:17:24,1786677444,13.730323,100.787462,0.2,0.03,0.0,0.8,-91.0,269.0,0.01,0.0,0.01,24.9,78,AUTO.LOITER,0,0
2026-08-14T10:17:25,1786677445,13.730323,100.787462,0.2,0.02,0.0,0.8,-91.0,269.0,0.0,0.0,0.01,24.9,78,AUTO.LOITER,0,0
2026-08-14T10:17:26,1786677446,13.730323,100.787462,0.2,0.02,0.0,0.9,-91.0,269.0,0.0,0.0,0.01,24.9,78,0,0,0
2026-08-14T10:17:27,1786677447,13.730323,100.787462,0.2,0.04,0.0,0.9,-91.0,269.0,0.0,0.0,0.0,24.9,78,AUTO.LOITER,0,0
2026-08-14T10:17:28,1786677448,13.730323,100.787462,0.2,0.04,0.0,0.9,-91.0,269.0,0.0,0.0,0.0,24.9,78,0,0,0
2026-08-14T10:17:29,1786677449,13.730323,100.787462,0.2,0.05,0.0,0.9,-91.0,269.0,0.0,0.0,0.0,24.9,78,AUTO.LOITER,0,0
2026-08-14T10:17:30,1786677450,13.730323,100.787462,0.3,0.05,0.0,0.9,-91.0,269.0,0.0,0.0,0.0,24.9,78,AUTO.LOITER,0,0
2026-08-14T10:17:31,1786677451,13.730323,100.787462,0.3,0.06,0.0,0.9,-91.0,269.0,0.0,0.01,0.0,24.9,78,0,0,0
2026-08-14T10:17:32,1786677452,13.730323,100.787462,0.3,0.08,0.0,0.9,-91.0,269.0,0.0,0.02,-0.01,24.9,78,AUTO.LOITER,0,0
2026-08-14T10:17:33,1786677453,13.730323,100.787462,0.3,0.08,0.0,0.9,-91.0,269.0,0.0,0.02,-0.01,24.9,78,0,0,0
2026-08-14T10:17:34,1786677454,13.730323,100.787463,0.3,0.11,0.0,0.9,-91.0,269.0,-0.02,0.03,-0.02,24.9,78,AUTO.LOITER,0,0
2026-08-14T10:17:35,1786677455,13.730323,100.787463,0.3,0.11,0.0,0.9,-91.0,269.0,-0.02,0.03,-0.02,24.9,78,0,0,0
2026-08-14T10:17:36,1786677456,13.730323,100.787463,0.3,0.12,0.0,0.9,-91.0,269.0,0.0,0.04,-0.01,24.9,78,0,0,0
2026-08-14T10:17:37,1786677457,13.730323,100.787463,0.3,0.12,0.0,0.9,-91.0,269.0,0.01,0.02,0.0,24.9,78,0,0,0
2026-08-14T10:17:38,1786677458,13.730323,100.787463,0.3,0.12,0.1,0.9,-91.0,269.0,0.01,0.02,0.0,24.9,78,0,0,0
2026-08-14T10:17:39,1786677459,13.730323,100.787463,0.3,0.12,0.1,0.9,-91.0,269.0,0.01,0.01,0.0,24.9,78,AUTO.LOITER,0,0
2026-08-14T10:17:40,1786677460,13.730323,100.787463,0.3,0.12,0.1,0.9,-91.0,269.0,0.01,0.01,0.0,24.9,78,AUTO.LOITER,0,0
2026-08-14T10:17:41,1786677461,13.730323,100.787462,0.3,0.12,0.0,0.9,-91.0,269.0,0.01,0.01,0.0,24.9,78,0,0,0
2026-08-14T10:17:42,1786677462,13.730323,100.787463,0.3,0.12,0.0,0.9,-91.0,269.0,0.01,0.01,0.0,24.9,78,AUTO.LOITER,0,0
2026-08-14T10:17:43,1786677463,13.730323,100.787462,0.3,0.09,0.0,0.9,-91.0,269.0,-0.01,-0.01,0.03,24.9,78,0,0,0
2026-08-14T10:17:44,1786677464,13.730323,100.787462,0.3,0.06,0.0,0.9,-91.0,269.0,0.0,-0.02,0.04,24.9,78,AUTO.LOITER,0,0
2026-08-14T10:17:45,1786677465,13.730323,100.787462,0.3,0.06,0.1,1.0,-91.0,269.0,0.0,-0.02,0.04,24.9,78,0,0,0
2026-08-14T10:17:46,1786677466,13.730323,100.787462,0.2,0.05,0.1,1.0,-91.0,269.0,0.0,0.0,0.04,24.9,78,AUTO.LOITER,0,0
2026-08-14T10:17:47,1786677467,13.730323,100.787462,0.2,0.05,0.1,1.0,-91.0,269.0,0.0,0.0,0.04,24.9,78,0,0,0
2026-08-14T10:17:48,1786677468,13.730323,100.787462,0.2,0.03,0.1,1.0,-91.0,269.0,-0.01,0.01,0.05,24.9,78,0,0,0
2026-08-14T10:17:49,1786677469,13.730323,100.787462,0.2,0.02,0.1,1.0,-91.0,269.0,-0.01,0.0,0.06,24.9,78,AUTO.LOITER,0,0
2026-08-14T10:17:50,1786677470,13.730323,100.787462,0.2,0.02,0.1,1.0,-91.0,269.0,-0.01,0.0,0.06,24.9,78,0,0,0
2026-08-14T10:17:51,1786677471,13.730323,100.787462,0.2,0.01,0.1,1.0,-91.0,269.0,-0.02,0.0,0.07,24.9,78,AUTO.LOITER,0,0
2026-08-14T10:17:52,1786677472,13.730323,100.787462,0.2,0.01,0.1,1.0,-91.0,269.0,-0.02,0.0,0.07,24.9,78,0,0,0
2026-08-14T10:17:53,1786677473,13.730323,100.787462,0.2,-0.01,0.2,1.0,-91.0,269.0,-0.03,0.0,0.07,24.9,78,0,0,0
2026-08-14T10:17:54,1786677474,13.730323,100.787462,0.3,-0.01,0.2,1.0,-91.0,269.0,-0.03,0.0,0.07,24.9,78,AUTO.LOITER,0,0
2026-08-14T10:17:55,1786677475,13.730323,100.787462,0.2,-0.04,0.2,1.0,-91.0,269.0,-0.02,0.0,0.08,24.9,78,0,0,0
2026-08-14T10:17:56,1786677476,13.730323,100.787462,0.1,-0.07,0.2,1.0,-91.0,269.0,0.0,0.0,0.1,24.9,78,AUTO.LOITER,0,0
2026-08-14T10:17:57,1786677477,13.730323,100.787462,0.1,-0.07,0.3,1.0,-91.0,269.0,0.0,0.0,0.1,24.9,78,0,0,0
2026-08-14T10:17:58,1786677478,13.730323,100.787462,0.1,-0.07,0.3,1.1,-91.0,269.0,0.0,0.0,0.1,24.9,78,AUTO.LOITER,0,0
2026-08-14T10:17:59,1786677479,13.730323,100.787462,0.1,-0.07,0.3,1.1,-91.0,269.0,0.0,0.0,0.1,24.9,78,0,0,0
2026-08-14T10:18:00,1786677480,13.730323,100.787463,0.1,-0.08,0.3,1.1,-91.0,269.0,0.02,0.0,0.11,24.9,78,0,0,0
2026-08-14T10:18:01,1786677481,13.730323,100.787463,0.1,-0.08,0.3,1.1,-91.0,269.0,0.02,0.0,0.11,24.9,78,0,0,0
2026-08-14T10:18:02,1786677482,13.730323,100.787463,0.1,-0.08,0.2,1.1,-91.0,269.0,0.02,0.0,0.11,24.9,78,0,0,0
2026-08-14T10:18:03,1786677483,13.730323,100.787463,0.3,-0.08,0.2,1.1,-91.0,269.0,0.02,0.0,0.11,24.9,78,AUTO.LOITER,0,0
2026-08-14T10:18:04,1786677484,13.730323,100.787463,0.3,-0.08,0.2,1.1,-91.0,269.0,0.02,0.0,0.11,24.9,78,AUTO.LOITER,0,0
2026-08-14T10:18:05,1786677485,13.730323,100.787462,0.1,-0.09,0.2,1.1,-91.0,269.0,0.01,0.0,0.1,24.9,78,AUTO.LOITER,0,0
2026-08-14T10:18:06,1786677486,13.730323,100.787462,0.1,-0.09,0.2,1.1,-91.0,269.0,0.01,0.0,0.1,24.9,78,0,0,0
2026-08-14T10:18:07,1786677487,13.730323,100.787463,0.1,-0.09,0.2,1.1,-91.0,269.0,0.0,0.01,0.09,24.9,78,0,0,0
2026-08-14T10:18:08,1786677488,13.730323,100.787462,0.1,-0.09,0.2,1.1,-91.0,269.0,0.0,-0.01,0.09,24.9,78,AUTO.LOITER,0,0
2026-08-14T10:18:09,1786677489,13.730323,100.787462,0.1,-0.09,0.2,1.1,-91.0,269.0,0.0,-0.01,0.09,24.9,78,0,0,0
2026-08-14T10:18:10,1786677490,13.730323,100.787462,0.3,-0.09,0.2,1.2,-91.0,269.0,0.0,-0.01,0.09,24.9,78,0,0,0
2026-08-14T10:18:11,1786677491,13.730323,100.787462,0.3,-0.09,0.2,1.2,-91.0,269.0,0.0,-0.01,0.09,24.9,78,0,0,0
2026-08-14T10:18:12,1786677492,13.730323,100.787462,0.3,-0.09,0.2,1.2,-91.0,269.0,0.0,-0.01,0.09,24.9,78,0,0,0
2026-08-14T10:18:13,1786677493,13.730323,100.787462,0.2,-0.09,0.2,1.2,-91.0,269.0,0.0,-0.01,0.09,24.9,78,AUTO.LOITER,0,0
2026-08-14T10:18:14,1786677494,13.730323,100.787462,0.1,-0.12,0.2,1.2,-91.0,269.0,0.0,0.0,0.1,24.9,78,0,0,0
2026-08-14T10:18:15,1786677495,13.730323,100.787462,0.1,-0.13,0.2,1.2,-91.0,269.0,0.01,0.0,0.11,24.9,78,AUTO.LOITER,0,0
2026-08-14T10:18:16,1786677496,13.730323,100.787462,0.1,-0.13,0.2,1.2,-91.0,269.0,0.01,0.0,0.11,24.9,78,0,0,0
2026-08-14T10:18:17,1786677497,13.730323,100.787462,0.1,-0.13,0.2,1.2,-91.0,269.0,0.02,0.0,0.11,24.9,78,AUTO.LOITER,0,0
2026-08-14T10:18:18,1786677498,13.730323,100.787462,0.1,-0.13,0.2,1.2,-91.0,269.0,0.02,0.0,0.11,24.9,78,0,0,0
2026-08-14T10:18:19,1786677499,13.730323,100.787462,0.1,-0.13,0.1,1.2,-91.0,269.0,0.01,0.0,0.11,24.9,78,0,0,0
2026-08-14T10:18:20,1786677500,13.730323,100.787462,0.1,-0.12,0.1,1.2,-91.0,269.0,0.0,0.0,0.11,24.9,78,AUTO.LOITER,0,0
2026-08-14T10:18:21,1786677501,13.730323,100.787462,0.1,-0.12,0.1,1.2,-91.0,269.0,0.0,0.0,0.11,24.9,78,0,0,0
2026-08-14T10:18:22,1786677502,13.730323,100.787462,0.1,-0.13,0.1,1.2,-91.0,269.0,-0.01,-0.01,0.1,24.9,78,AUTO.LOITER,0,0
2026-08-14T10:18:23,1786677503,13.730323,100.787462,0.1,-0.13,0.1,1.2,-91.0,269.0,-0.01,-0.01,0.1,24.9,78,0,0,0
2026-08-14T10:18:24,1786677504,13.730323,100.787462,0.1,-0.13,0.1,1.2,-91.0,269.0,-0.02,-0.01,0.1,24.9,78,0,0,0
2026-08-14T10:18:25,1786677505,13.730323,100.787462,0.3,-0.13,0.2,1.3,-91.0,269.0,-0.02,-0.01,0.1,24.9,78,AUTO.LOITER,0,0
2026-08-14T10:18:26,1786677506,13.730323,100.787462,0.1,-0.14,0.2,1.3,-91.0,269.0,-0.02,0.0,0.1,24.9,78,0,0,0
2026-08-14T10:18:27,1786677507,13.730323,100.787462,0.1,-0.12,0.2,1.3,-91.0,269.0,-0.02,0.0,0.08,24.9,78,AUTO.LOITER,0,0
2026-08-14T10:18:28,1786677508,13.730323,100.787462,0.1,-0.12,0.2,1.3,-91.0,269.0,-0.02,0.0,0.08,24.9,78,0,0,0
2026-08-14T10:18:29,1786677509,13.730323,100.787462,0.1,-0.12,0.2,1.3,-91.0,269.0,-0.01,0.0,0.07,24.9,78,AUTO.LOITER,0,0
2026-08-14T10:18:30,1786677510,13.730323,100.787462,0.1,-0.12,0.2,1.3,-91.0,269.0,-0.01,0.0,0.07,24.9,78,0,0,0
2026-08-14T10:18:31,1786677511,13.730323,100.787462,0.1,-0.09,0.3,1.3,-91.0,269.0,-0.01,-0.01,0.05,24.9,78,0,0,0
2026-08-14T10:18:32,1786677512,13.730323,100.787462,0.1,-0.06,0.3,1.3,-91.0,269.0,-0.01,0.0,0.03,24.9,78,AUTO.LOITER,0,0
2026-08-14T10:18:33,1786677513,13.730323,100.787462,0.1,-0.06,0.3,1.3,-91.0,269.0,-0.01,0.0,0.03,24.9,78,0,0,0
2026-08-14T10:18:34,1786677514,13.730323,100.787462,0.2,-0.03,0.3,1.3,-91.0,269.0,-0.01,0.01,0.02,24.9,78,AUTO.LOITER,0,0
2026-08-14T10:18:35,1786677515,13.730323,100.787462,0.2,-0.03,0.3,1.3,-91.0,269.0,-0.01,0.01,0.02,24.9,78,0,0,0
2026-08-14T10:18:36,1786677516,13.730323,100.787462,0.2,-0.0,0.3,1.3,-91.0,269.0,0.0,0.01,0.01,24.9,78,0,0,0
2026-08-14T10:18:37,1786677517,13.730323,100.787462,0.3,-0.0,0.4,1.3,-91.0,269.0,0.0,0.01,0.01,24.9,78,AUTO.LOITER,0,0
2026-08-14T10:18:38,1786677518,13.730323,100.787462,0.2,0.01,0.4,1.3,-91.0,269.0,0.0,0.0,0.01,24.9,78,0,0,0
2026-08-14T10:18:39,1786677519,13.730323,100.787462,0.2,0.02,0.4,1.3,-91.0,269.0,0.0,0.0,0.01,24.9,78,AUTO.LOITER,0,0
2026-08-14T10:18:40,1786677520,13.730323,100.787462,0.2,0.02,0.4,1.3,-91.0,269.0,0.0,0.0,0.01,24.9,78,0,0,0
2026-08-14T10:18:41,1786677521,13.730323,100.787462,0.2,0.02,0.3,1.3,-91.0,269.0,0.0,0.0,0.01,24.9,78,AUTO.LOITER,0,0
2026-08-14T10:18:42,1786677522,13.730323,100.787462,0.2,0.02,0.3,1.3,-91.0,269.0,0.0,0.0,0.01,24.9,78,0,0,0
2026-08-14T10:18:43,1786677523,13.730323,100.787462,0.2,0.04,0.3,1.4,-91.0,269.0,0.01,0.0,0.02,24.9,78,0,0,0
2026-08-14T10:18:44,1786677524,13.730323,100.787462,0.2,0.04,0.3,1.4,-91.0,269.0,0.01,0.02,0.03,24.9,78,AUTO.LOITER,0,0
2026-08-14T10:18:45,1786677525,13.730323,100.787462,0.2,0.04,0.3,1.3,-91.0,269.0,0.01,0.02,0.03,24.9,78,0,0,0
2026-08-14T10:18:46,1786677526,13.730323,100.787462,0.3,0.04,0.3,1.3,-91.0,269.0,0.01,0.02,0.03,24.9,78,AUTO.LOITER,0,0
2026-08-14T10:18:47,1786677527,13.730323,100.787462,0.3,0.04,0.3,1.4,-91.0,269.0,0.01,0.02,0.03,24.9,78,AUTO.LOITER,0,0
2026-08-14T10:18:48,1786677528,13.730323,100.787462,0.2,0.03,0.3,1.4,-91.0,269.0,0.02,0.03,0.04,24.9,78,AUTO.LOITER,0,0
2026-08-14T10:18:49,1786677529,13.730323,100.787462,0.2,0.03,0.3,1.4,-91.0,269.0,0.02,0.03,0.04,24.9,78,0,0,0
2026-08-14T10:18:50,1786677530,13.730323,100.787462,0.3,0.03,0.3,1.4,-91.0,269.0,0.02,0.03,0.04,24.9,78,0,0,0
2026-08-14T10:18:51,1786677531,13.730323,100.787462,0.2,0.03,0.3,1.3,-91.0,269.0,0.0,0.02,0.02,24.9,78,AUTO.LOITER,0,0
2026-08-14T10:18:52,1786677532,13.730323,100.787462,0.2,0.03,0.3,1.3,-91.0,269.0,0.0,0.02,0.02,24.9,78,0,0,0
2026-08-14T10:18:53,1786677533,13.730323,100.787462,0.2,0.04,0.3,1.3,-91.0,269.0,0.0,0.01,0.0,24.9,78,AUTO.LOITER,0,0
2026-08-14T10:18:54,1786677534,13.730323,100.787462,0.2,0.04,0.3,1.3,-91.0,269.0,0.0,0.01,0.0,24.9,78,0,0,0
2026-08-14T10:18:55,1786677535,13.730323,100.787462,0.3,0.06,0.3,1.3,-91.0,269.0,0.0,0.01,-0.01,24.9,78,0,0,0
2026-08-14T10:18:56,1786677536,13.730323,100.787462,0.3,0.06,0.3,1.3,-91.0,269.0,0.0,0.01,-0.01,24.9,78,AUTO.LOITER,0,0
2026-08-14T10:18:57,1786677537,13.730323,100.787462,0.3,0.09,0.3,1.2,-91.0,269.0,0.01,0.01,-0.03,24.9,78,0,0,0
2026-08-14T10:18:58,1786677538,13.730323,100.787462,0.3,0.12,0.3,1.2,-91.0,269.0,0.02,0.02,-0.04,24.9,78,AUTO.LOITER,0,0
2026-08-14T10:18:59,1786677539,13.730323,100.787462,0.3,0.12,0.3,1.2,-91.0,269.0,0.02,0.02,-0.04,24.9,78,0,0,0
2026-08-14T10:19:00,1786677540,13.730323,100.787462,0.3,0.13,0.3,1.2,-91.0,269.0,0.01,0.01,-0.03,24.9,78,AUTO.LOITER,0,0
2026-08-14T10:19:01,1786677541,13.730323,100.787462,0.3,0.13,0.3,1.2,-91.0,269.0,0.01,0.01,-0.03,24.9,78,0,0,0
2026-08-14T10:19:02,1786677542,13.730323,100.787462,0.3,0.14,0.3,1.2,-91.0,269.0,0.01,0.0,-0.03,24.9,78,0,0,0
2026-08-14T10:19:03,1786677543,13.730323,100.787462,0.3,0.15,0.3,1.2,-91.0,269.0,0.01,0.0,-0.03,24.9,78,AUTO.LOITER,0,0
2026-08-14T10:19:04,1786677544,13.730323,100.787462,0.3,0.15,0.3,1.2,-91.0,269.0,0.01,0.0,-0.03,24.9,78,0,0,0
2026-08-14T10:19:05,1786677545,13.730323,100.787462,0.3,0.15,0.3,1.2,-91.1,268.9,0.01,0.0,-0.02,24.9,78,AUTO.LOITER,0,0
2026-08-14T10:19:06,1786677546,13.730323,100.787462,0.3,0.15,0.3,1.2,-91.1,268.9,0.01,0.0,-0.02,24.9,78,0,0,0
2026-08-14T10:19:07,1786677547,13.730323,100.787462,0.3,0.14,0.2,1.2,-91.1,268.9,0.0,0.0,-0.03,24.9,78,0,0,0
2026-08-14T10:19:08,1786677548,13.730323,100.787462,0.4,0.14,0.2,1.2,-91.1,268.9,0.0,0.0,-0.03,24.9,78,AUTO.LOITER,0,0
2026-08-14T10:19:09,1786677549,13.730323,100.787462,0.4,0.15,0.2,1.2,-91.1,268.9,0.0,0.01,-0.03,24.9,78,0,0,0
2026-08-14T10:19:10,1786677550,13.730323,100.787463,0.4,0.17,0.2,1.2,-91.1,268.9,-0.01,0.03,-0.02,24.9,78,AUTO.LOITER,0,0
2026-08-14T10:19:11,1786677551,13.730323,100.787463,0.4,0.17,0.2,1.1,-91.1,268.9,-0.01,0.03,-0.02,24.9,78,0,0,0
2026-08-14T10:19:12,1786677552,13.730323,100.787462,0.4,0.16,0.2,1.1,-91.1,268.9,0.0,0.02,0.0,24.9,78,AUTO.LOITER,0,0
2026-08-14T10:19:13,1786677553,13.730323,100.787462,0.4,0.16,0.2,1.1,-91.1,268.9,0.0,0.02,0.0,24.9,78,0,0,0
2026-08-14T10:19:14,1786677554,13.730323,100.787462,0.3,0.14,0.2,1.1,-91.1,268.9,0.01,0.01,0.0,24.9,78,0,0,0
2026-08-14T10:19:15,1786677555,13.730323,100.787462,0.3,0.14,0.2,1.1,-91.1,268.9,0.01,0.01,0.0,24.9,78,0,0,0
2026-08-14T10:19:16,1786677556,13.730323,100.787462,0.3,0.11,0.2,1.1,-91.1,268.9,0.01,0.0,0.01,24.9,78,0,0,0
2026-08-14T10:19:17,1786677557,13.730323,100.787462,0.3,0.1,0.2,1.1,-91.1,268.9,0.02,0.0,0.0,24.9,78,AUTO.LOITER,0,0
2026-08-14T10:19:18,1786677558,13.730323,100.787462,0.3,0.1,0.2,1.1,-91.1,268.9,0.02,0.0,0.0,24.9,78,0,0,0
2026-08-14T10:19:19,1786677559,13.730323,100.787462,0.3,0.12,0.2,1.1,-91.1,268.9,0.02,0.01,-0.01,24.9,78,0,0,0
2026-08-14T10:19:20,1786677560,13.730323,100.787462,0.3,0.12,0.2,1.1,-91.1,268.9,0.02,0.01,-0.01,24.9,78,0,0,0
2026-08-14T10:19:21,1786677561,13.730323,100.787462,0.3,0.13,0.2,1.1,-91.1,268.9,0.02,0.0,-0.02,24.9,78,0,0,0
2026-08-14T10:19:22,1786677562,13.730323,100.787462,0.3,0.14,0.2,1.0,-91.1,268.9,0.02,0.0,-0.03,24.9,78,AUTO.LOITER,0,0
2026-08-14T10:19:23,1786677563,13.730323,100.787462,0.3,0.14,0.1,1.1,-91.1,268.9,0.02,0.0,-0.03,24.9,78,0,0,0
2026-08-14T10:19:24,1786677564,13.730323,100.787462,0.3,0.14,0.1,1.0,-91.1,268.9,0.0,0.0,-0.04,24.9,78,AUTO.LOITER,0,0
2026-08-14T10:19:25,1786677565,13.730323,100.787462,0.3,0.14,0.1,1.0,-91.1,268.9,0.0,0.0,-0.04,24.9,78,0,0,0
2026-08-14T10:19:26,1786677566,13.730323,100.787462,0.4,0.16,0.1,1.0,-91.1,268.9,0.0,0.01,-0.05,24.9,78,0,0,0
2026-08-14T10:19:27,1786677567,13.730323,100.787462,0.2,0.16,0.1,1.0,-91.1,268.9,0.0,0.01,-0.05,24.9,78,AUTO.LOITER,0,0
2026-08-14T10:19:28,1786677568,13.730323,100.787462,0.4,0.17,0.1,1.0,-91.1,268.9,0.0,0.02,-0.05,24.9,78,0,0,0
2026-08-14T10:19:29,1786677569,13.730323,100.787462,0.4,0.17,0.1,1.0,-91.1,268.9,0.0,0.02,-0.05,24.9,78,0,0,0
2026-08-14T10:19:30,1786677570,13.730323,100.787462,0.4,0.17,0.1,1.0,-91.1,268.9,0.0,0.02,-0.05,24.9,78,0,0,0
2026-08-14T10:19:31,1786677571,13.730323,100.787463,0.4,0.17,0.1,1.0,-91.1,268.9,0.0,0.03,-0.03,24.9,78,AUTO.LOITER,0,0
2026-08-14T10:19:32,1786677572,13.730323,100.787463,0.4,0.17,0.1,1.0,-91.1,268.9,0.0,0.03,-0.03,24.9,78,0,0,0
2026-08-14T10:19:33,1786677573,13.730323,100.787463,0.4,0.16,0.1,1.0,-91.1,268.9,0.0,0.02,-0.01,24.9,78,0,0,0
2026-08-14T10:19:34,1786677574,13.730323,100.787462,0.2,0.16,0.1,0.9,-91.1,268.9,0.0,0.02,-0.01,24.9,78,AUTO.LOITER,0,0
2026-08-14T10:19:35,1786677575,13.730323,100.787462,0.3,0.14,0.1,0.9,-91.1,268.9,0.0,0.0,0.0,24.9,78,0,0,0
2026-08-14T10:19:36,1786677576,13.730323,100.787462,0.3,0.14,0.1,0.9,-91.1,268.9,0.0,0.0,0.0,24.9,78,AUTO.LOITER,0,0
2026-08-14T10:19:37,1786677577,13.730323,100.787462,0.3,0.14,0.1,0.9,-91.1,268.9,0.0,0.0,0.0,24.9,78,0,0,0
2026-08-14T10:19:38,1786677578,13.730323,100.787462,0.3,0.13,0.1,0.9,-91.1,268.9,-0.01,-0.01,0.0,24.9,78,0,0,0
2026-08-14T10:19:39,1786677579,13.730323,100.787462,0.3,0.13,0.1,0.9,-91.1,268.9,-0.01,-0.01,0.0,24.9,78,0,0,0
2026-08-14T10:19:40,1786677580,13.730323,100.787462,0.3,0.14,0.1,0.9,-91.1,268.9,-0.01,0.0,-0.01,24.9,78,0,0,0
2026-08-14T10:19:41,1786677581,13.730323,100.787462,0.3,0.13,0.1,0.9,-91.1,268.9,0.0,-0.01,-0.01,24.9,78,AUTO.LOITER,0,0
2026-08-14T10:19:42,1786677582,13.730323,100.787462,0.3,0.13,0.1,0.9,-91.1,268.9,0.0,-0.01,-0.01,24.9,78,0,0,0
2026-08-14T10:19:43,1786677583,13.730323,100.787462,0.3,0.13,0.1,0.9,-91.1,268.9,0.0,-0.01,-0.01,24.9,78,0,0,0
2026-08-14T10:19:44,1786677584,13.730323,100.787462,0.3,0.13,0.1,0.9,-91.1,268.9,0.0,-0.01,-0.01,24.9,78,0,0,0
2026-08-14T10:19:45,1786677585,13.730323,100.787462,0.3,0.13,0.1,0.9,-91.1,268.9,0.0,-0.01,-0.01,24.9,78,AUTO.LOITER,0,0
2026-08-14T10:19:46,1786677586,13.730323,100.787462,0.3,0.13,0.1,0.9,-91.1,268.9,0.0,-0.01,-0.01,24.9,78,AUTO.LOITER,0,0
2026-08-14T10:19:47,1786677587,13.730323,100.787462,0.4,0.16,0.1,1.0,-91.1,268.9,-0.01,-0.02,0.0,24.9,78,0,0,0
2026-08-14T10:19:48,1786677588,13.730323,100.787462,0.3,0.14,0.2,1.0,-91.1,268.9,0.0,0.0,0.0,24.9,78,AUTO.LOITER,0,0
2026-08-14T10:19:49,1786677589,13.730323,100.787462,0.3,0.14,0.2,1.0,-91.1,268.9,0.0,0.0,0.0,24.9,78,0,0,0
2026-08-14T10:19:50,1786677590,13.730323,100.787462,0.3,0.13,0.2,1.0,-91.1,268.9,0.01,0.0,0.0,24.9,78,0,0,0
2026-08-14T10:19:51,1786677591,13.730323,100.787462,0.3,0.13,0.2,1.0,-91.1,268.9,0.01,0.0,0.0,24.9,78,0,0,0
2026-08-14T10:19:52,1786677592,13.730323,100.787462,0.3,0.11,0.2,1.0,-91.1,268.9,0.01,0.0,0.01,24.9,78,0,0,0
2026-08-14T10:19:53,1786677593,13.730323,100.787462,0.3,0.11,0.2,1.0,-91.1,268.9,0.01,0.0,0.01,24.9,78,AUTO.LOITER,0,0
2026-08-14T10:19:54,1786677594,13.730323,100.787462,0.3,0.11,0.2,1.0,-91.1,268.9,0.01,0.0,0.01,24.9,78,0,0,0
2026-08-14T10:19:55,1786677595,13.730323,100.787462,0.3,0.13,0.2,1.0,-91.1,268.9,0.01,0.0,0.01,24.9,78,AUTO.LOITER,0,0
2026-08-14T10:19:56,1786677596,13.730323,100.787462,0.3,0.13,0.2,1.0,-91.1,268.9,0.01,0.0,0.01,24.9,78,0,0,0
2026-08-14T10:19:57,1786677597,13.730323,100.787462,0.3,0.12,0.2,1.0,-91.0,269.0,0.0,0.01,0.01,24.9,78,0,0,0
2026-08-14T10:19:58,1786677598,13.730323,100.787462,0.3,0.12,0.2,1.0,-91.0,269.0,0.0,0.01,0.01,24.9,78,AUTO.LOITER,0,0
2026-08-14T10:19:59,1786677599,13.730323,100.787463,0.3,0.11,0.2,0.9,-91.0,269.0,0.0,0.02,0.01,24.9,78,0,0,0
2026-08-14T10:20:00,1786677600,13.730323,100.787463,0.3,0.11,0.2,0.9,-91.0,269.0,0.01,0.01,0.01,24.9,78,AUTO.LOITER,0,0
2026-08-14T10:20:01,1786677601,13.730323,100.787463,0.3,0.11,0.2,0.9,-91.0,269.0,0.01,0.01,0.01,24.9,78,AUTO.LOITER,0,0
2026-08-14T10:20:02,1786677602,13.730323,100.787462,0.3,0.11,0.2,0.9,-91.0,269.0,0.01,0.0,0.0,24.9,78,AUTO.LOITER,0,0
2026-08-14T10:20:03,1786677603,13.730323,100.787462,0.3,0.11,0.2,0.9,-91.0,269.0,0.01,0.0,0.0,24.9,78,AUTO.LOITER,0,0
2026-08-14T10:20:04,1786677604,13.730323,100.787462,0.3,0.11,0.2,0.9,-91.0,269.0,0.01,0.0,0.0,24.9,78,0,0,0
2026-08-14T10:20:05,1786677605,13.730323,100.787462,0.3,0.11,0.2,0.9,-91.0,269.0,0.01,0.0,0.0,24.9,78,AUTO.LOITER,0,0
2026-08-14T10:20:06,1786677606,13.730323,100.787462,0.3,0.11,0.2,0.9,-91.0,269.0,0.0,-0.01,0.0,24.9,78,0,0,0
2026-08-14T10:20:07,1786677607,13.730323,100.787462,0.3,0.1,0.2,0.9,-91.0,269.0,-0.01,0.0,0.0,24.9,79,AUTO.LOITER,0,0
2026-08-14T10:20:08,1786677608,13.730323,100.787462,0.3,0.1,0.2,0.9,-91.0,269.0,-0.01,0.0,0.0,24.9,79,0,0,0
2026-08-14T10:20:09,1786677609,13.730323,100.787462,0.3,0.1,0.2,0.9,-91.0,269.0,0.0,-0.01,0.01,24.9,79,0,0,0
2026-08-14T10:20:10,1786677610,13.730323,100.787462,0.3,0.1,0.2,0.9,-91.0,269.0,0.0,-0.01,0.01,24.9,79,0,0,0
2026-08-14T10:20:11,1786677611,13.730323,100.787462,0.3,0.1,0.2,1.0,-91.0,269.0,0.0,-0.01,0.01,24.9,79,0,0,0
2026-08-14T10:20:12,1786677612,13.730323,100.787462,0.3,0.1,0.2,1.0,-91.0,269.0,0.0,-0.01,0.01,24.9,79,0,0,0
2026-08-14T10:20:13,1786677613,13.730323,100.787462,0.3,0.1,0.2,0.9,-91.0,269.0,0.0,-0.01,0.01,24.9,79,0,0,0
2026-08-14T10:20:14,1786677614,13.730323,100.787462,0.3,0.1,0.2,1.0,-91.0,269.0,0.02,0.0,0.0,24.9,79,AUTO.LOITER,0,0
2026-08-14T10:20:15,1786677615,13.730323,100.787462,0.3,0.1,0.2,1.0,-91.0,269.0,0.02,0.0,0.0,24.9,79,0,0,0
2026-08-14T10:20:16,1786677616,13.730323,100.787462,0.3,0.11,0.2,1.0,-91.0,269.0,0.03,0.0,0.0,24.9,79,0,0,0
2026-08-14T10:20:17,1786677617,13.730323,100.787462,0.3,0.11,0.2,1.0,-91.0,269.0,0.03,0.0,0.0,24.9,79,0,0,0
2026-08-14T10:20:18,1786677618,13.730323,100.787462,0.3,0.12,0.2,1.0,-91.0,269.0,0.04,0.0,-0.01,24.9,79,0,0,0
2026-08-14T10:20:19,1786677619,13.730323,100.787462,0.3,0.12,0.2,1.0,-91.0,269.0,0.03,0.0,-0.02,24.9,79,AUTO.LOITER,0,0
2026-08-14T10:20:20,1786677620,13.730323,100.787462,0.3,0.12,0.1,1.0,-91.0,269.0,0.03,0.0,-0.02,24.9,79,0,0,0
2026-08-14T10:20:21,1786677621,13.730323,100.787462,0.3,0.14,0.1,1.0,-91.0,269.0,0.03,-0.01,-0.03,24.9,79,AUTO.LOITER,0,0
2026-08-14T10:20:22,1786677622,13.730323,100.787462,0.3,0.14,0.1,1.0,-91.0,269.0,0.03,-0.01,-0.03,24.9,79,0,0,0
2026-08-14T10:20:23,1786677623,13.730323,100.787462,0.4,0.16,0.1,1.0,-91.0,269.0,0.01,-0.03,-0.05,24.9,79,0,0,0
2026-08-14T10:20:24,1786677624,13.730323,100.787462,0.3,0.16,0.1,1.0,-91.0,269.0,0.01,-0.03,-0.05,24.9,79,AUTO.LOITER,0,0
2026-08-14T10:20:25,1786677625,13.730323,100.787462,0.4,0.17,0.1,1.0,-91.0,269.0,0.02,-0.03,-0.06,24.9,79,AUTO.LOITER,0,0
2026-08-14T10:20:26,1786677626,13.730323,100.787462,0.3,0.17,0.1,1.0,-91.0,269.0,0.02,-0.03,-0.06,24.9,79,0,0,0
2026-08-14T10:20:27,1786677627,13.730323,100.787462,0.3,0.17,0.0,1.0,-91.0,269.0,0.02,-0.03,-0.06,24.9,79,0,0,0
2026-08-14T10:20:28,1786677628,13.730323,100.787462,0.4,0.17,0.0,1.0,-91.0,269.0,0.01,0.0,-0.06,24.9,79,0,0,0
2026-08-14T10:20:29,1786677629,13.730323,100.787462,0.4,0.17,0.0,1.0,-91.0,269.0,0.01,0.0,-0.06,24.9,79,0,0,0
2026-08-14T10:20:30,1786677630,13.730323,100.787462,0.4,0.18,0.0,1.0,-90.9,269.1,0.02,0.0,-0.06,24.9,79,0,0,0
2026-08-14T10:20:31,1786677631,13.730323,100.787462,0.3,0.18,0.0,1.0,-90.9,269.1,0.02,0.0,-0.06,24.9,79,AUTO.LOITER,0,0
2026-08-14T10:20:32,1786677632,13.730323,100.787462,0.4,0.2,0.0,1.0,-90.9,269.1,0.02,0.0,-0.06,24.9,79,0,0,0
2026-08-14T10:20:33,1786677633,13.730323,100.787462,0.4,0.2,0.0,1.0,-90.9,269.1,0.02,0.0,-0.07,24.9,79,0,0,0
2026-08-14T10:20:34,1786677634,13.730323,100.787462,0.4,0.2,0.0,1.0,-90.9,269.1,0.02,0.0,-0.07,24.9,79,0,0,0
2026-08-14T10:20:35,1786677635,13.730323,100.787462,0.4,0.23,-0.0,1.0,-90.9,269.1,0.03,-0.02,-0.08,24.9,79,AUTO.LOITER,0,0
2026-08-14T10:20:36,1786677636,13.730323,100.787462,0.4,0.23,-0.0,1.0,-90.9,269.1,0.03,-0.02,-0.08,24.9,79,AUTO.LOITER,0,0
2026-08-14T10:20:37,1786677637,13.730323,100.787462,0.4,0.24,-0.0,1.0,-90.9,269.1,0.02,-0.03,-0.08,24.9,79,0,0,0
2026-08-14T10:20:38,1786677638,13.730323,100.787462,0.4,0.23,-0.1,1.0,-90.9,269.1,0.01,-0.04,-0.09,24.9,79,AUTO.LOITER,0,0
2026-08-14T10:20:39,1786677639,13.730323,100.787462,0.4,0.23,-0.0,1.1,-90.9,269.1,0.01,-0.04,-0.09,24.9,79,0,0,0
2026-08-14T10:20:40,1786677640,13.730323,100.787462,0.4,0.24,-0.1,1.1,-90.9,269.1,0.02,-0.04,-0.1,24.9,79,0,0,0
2026-08-14T10:20:41,1786677641,13.730323,100.787462,0.4,0.24,-0.1,1.1,-90.9,269.1,0.02,-0.04,-0.1,24.9,79,0,0,0
2026-08-14T10:20:42,1786677642,13.730323,100.787462,0.5,0.26,-0.1,1.1,-90.9,269.1,0.0,-0.03,-0.11,24.9,79,0,0,0
2026-08-14T10:20:43,1786677643,13.730323,100.787462,0.3,0.26,-0.1,1.1,-90.9,269.1,0.0,-0.03,-0.11,24.9,79,AUTO.LOITER,0,0
2026-08-14T10:20:44,1786677644,13.730323,100.787462,0.5,0.27,-0.1,1.2,-90.9,269.1,-0.01,0.0,-0.12,24.9,79,0,0,0
2026-08-14T10:20:45,1786677645,13.730323,100.787462,0.5,0.3,-0.1,1.2,-90.9,269.1,-0.01,0.0,-0.14,24.9,79,AUTO.LOITER,0,0
2026-08-14T10:20:46,1786677646,13.730323,100.787462,0.5,0.3,-0.1,1.2,-90.9,269.1,-0.01,0.0,-0.14,24.9,79,0,0,0
2026-08-14T10:20:47,1786677647,13.730323,100.787462,0.5,0.34,-0.0,1.2,-90.9,269.1,0.0,0.0,-0.16,24.9,79,0,0,0
2026-08-14T10:20:48,1786677648,13.730323,100.787462,0.5,0.34,-0.0,1.1,-90.9,269.1,0.0,0.0,-0.16,24.9,79,0,0,0
2026-08-14T10:20:49,1786677649,13.730323,100.787462,0.6,0.36,-0.0,1.2,-90.9,269.1,0.0,0.0,-0.17,24.9,79,0,0,0
2026-08-14T10:20:50,1786677650,13.730323,100.787463,0.3,0.36,-0.0,1.2,-90.9,269.1,0.0,0.0,-0.17,24.9,79,AUTO.LOITER,0,0
2026-08-14T10:20:51,1786677651,13.730323,100.787462,0.6,0.38,-0.0,1.2,-90.9,269.1,0.0,0.0,-0.17,24.9,79,0,0,0
2026-08-14T10:20:52,1786677652,13.730323,100.787462,0.6,0.4,-0.1,1.1,-90.9,269.1,0.0,0.0,-0.18,24.9,79,AUTO.LOITER,0,0
2026-08-14T10:20:53,1786677653,13.730323,100.787462,0.6,0.4,-0.0,1.1,-90.9,269.1,0.0,0.0,-0.18,24.9,79,0,0,0
2026-08-14T10:20:54,1786677654,13.730323,100.787462,0.6,0.41,-0.0,1.1,-90.9,269.1,0.0,0.0,-0.18,24.9,79,0,0,0
2026-08-14T10:20:55,1786677655,13.730323,100.787462,0.6,0.41,-0.0,1.1,-90.9,269.1,0.0,0.0,-0.18,24.9,79,0,0,0
2026-08-14T10:20:56,1786677656,13.730323,100.787462,0.6,0.41,-0.0,1.1,-90.9,269.1,-0.01,0.0,-0.18,24.9,79,0,0,0
2026-08-14T10:20:57,1786677657,13.730323,100.787462,0.3,0.41,-0.0,1.1,-90.9,269.1,-0.01,0.0,-0.18,24.9,79,AUTO.LOITER,0,0
2026-08-14T10:20:58,1786677658,13.730323,100.787462,0.3,0.41,-0.0,1.1,-90.9,269.1,-0.01,0.0,-0.18,24.9,79,0,0,0
2026-08-14T10:20:59,1786677659,13.730323,100.787462,0.3,0.41,-0.0,1.1,-90.9,269.1,-0.01,0.0,-0.18,24.9,79,0,0,0
2026-08-14T10:21:00,1786677660,13.730323,100.787462,0.3,0.41,-0.0,1.1,-90.9,269.1,-0.01,0.0,-0.18,24.9,79,0,0,0
2026-08-14T10:21:01,1786677661,13.730323,100.787462,0.6,0.44,0.0,1.1,-90.9,269.1,-0.01,0.0,-0.18,24.9,79,0,0,0
2026-08-14T10:21:02,1786677662,13.730323,100.787462,0.3,0.44,0.0,1.1,-90.9,269.1,-0.01,0.0,-0.18,24.9,79,AUTO.LOITER,0,0
2026-08-14T10:21:03,1786677663,13.730323,100.787462,0.7,0.45,0.0,1.1,-90.9,269.1,-0.01,0.0,-0.19,24.9,79,0,0,0
2026-08-14T10:21:04,1786677664,13.730323,100.787463,0.7,0.46,0.0,1.1,-90.9,269.1,0.0,0.01,-0.19,24.9,79,AUTO.LOITER,0,0
2026-08-14T10:21:05,1786677665,13.730323,100.787463,0.7,0.46,0.0,1.1,-90.9,269.1,0.0,0.01,-0.19,24.9,79,0,0,0
2026-08-14T10:21:06,1786677666,13.730323,100.787462,0.7,0.45,0.1,1.1,-90.9,269.1,0.01,0.0,-0.19,24.9,79,0,0,0
2026-08-14T10:21:07,1786677667,13.730323,100.787462,0.7,0.45,0.1,1.1,-90.9,269.1,0.01,0.0,-0.19,24.9,79,0,0,0
2026-08-14T10:21:08,1786677668,13.730323,100.787462,0.7,0.47,0.0,1.1,-90.9,269.1,0.02,-0.01,-0.19,24.9,79,0,0,0
2026-08-14T10:21:09,1786677669,13.730323,100.787462,0.7,0.47,0.0,1.1,-90.9,269.1,0.02,-0.01,-0.19,24.9,79,0,0,0
2026-08-14T10:21:10,1786677670,13.730323,100.787462,0.7,0.49,0.0,1.1,-90.9,269.1,0.02,-0.02,-0.19,24.9,79,0,0,0
2026-08-14T10:21:11,1786677671,13.730323,100.787462,0.7,0.5,-0.0,1.1,-90.9,269.1,0.01,-0.01,-0.18,24.9,79,AUTO.LOITER,0,0
2026-08-14T10:21:12,1786677672,13.730323,100.787462,0.7,0.5,-0.0,1.2,-90.9,269.1,0.01,-0.01,-0.18,24.9,79,0,0,0
2026-08-14T10:21:13,1786677673,13.730323,100.787462,0.7,0.51,-0.0,1.2,-90.9,269.1,0.0,0.0,-0.17,24.9,79,0,0,0
2026-08-14T10:21:14,1786677674,13.730323,100.787462,0.7,0.51,-0.0,1.2,-90.9,269.1,0.0,0.0,-0.17,24.9,79,0,0,0
2026-08-14T10:21:15,1786677675,13.730323,100.787462,0.7,0.52,-0.0,1.2,-90.9,269.1,0.0,-0.01,-0.17,24.9,79,0,0,0
2026-08-14T10:21:16,1786677676,13.730323,100.787462,0.7,0.52,-0.1,1.2,-90.9,269.1,0.0,-0.01,-0.17,24.9,79,AUTO.LOITER,0,0
2026-08-14T10:21:17,1786677677,13.730323,100.787462,0.7,0.52,-0.1,1.2,-90.9,269.1,0.0,-0.01,-0.17,24.9,79,AUTO.LOITER,0,0
2026-08-14T10:21:18,1786677678,13.730323,100.787462,0.7,0.51,-0.1,1.2,-91.0,269.0,0.01,0.0,-0.16,24.9,79,AUTO.LOITER,0,0
2026-08-14T10:21:19,1786677679,13.730323,100.787462,0.7,0.51,-0.1,1.2,-91.0,269.0,0.01,0.0,-0.16,24.9,79,0,0,0
2026-08-14T10:21:20,1786677680,13.730323,100.787462,0.7,0.47,-0.1,1.2,-90.9,269.1,0.02,0.0,-0.14,24.9,79,0,0,0
2026-08-14T10:21:21,1786677681,13.730323,100.787462,0.3,0.47,-0.1,1.2,-90.9,269.1,0.02,0.0,-0.14,24.9,79,AUTO.LOITER,0,0
2026-08-14T10:21:22,1786677682,13.730323,100.787462,0.6,0.44,-0.1,1.2,-90.9,269.1,0.01,0.0,-0.14,24.9,79,0,0,0
2026-08-14T10:21:23,1786677683,13.730323,100.787462,0.6,0.43,-0.1,1.2,-91.0,269.0,0.0,0.0,-0.14,24.9,79,AUTO.LOITER,0,0
2026-08-14T10:21:24,1786677684,13.730323,100.787462,0.6,0.43,-0.1,1.2,-90.9,269.1,0.0,0.0,-0.14,24.9,79,0,0,0
2026-08-14T10:21:25,1786677685,13.730323,100.787462,0.3,0.43,-0.1,1.3,-90.9,269.1,0.0,0.0,-0.14,24.9,79,0,0,0
2026-08-14T10:21:26,1786677686,13.730323,100.787462,0.3,0.43,-0.1,1.3,-90.9,269.1,0.0,0.0,-0.14,24.9,79,0,0,0
2026-08-14T10:21:27,1786677687,13.730323,100.787462,0.3,0.43,-0.1,1.3,-90.9,269.1,0.0,0.0,-0.14,24.9,79,0,0,0
2026-08-14T10:21:28,1786677688,13.730323,100.787462,0.3,0.43,-0.2,1.3,-91.0,269.0,0.0,0.0,-0.14,24.9,79,AUTO.LOITER,0,0
2026-08-14T10:21:29,1786677689,13.730323,100.787462,0.6,0.42,-0.2,1.2,-91.0,269.0,0.0,0.01,-0.13,24.9,79,0,0,0
2026-08-14T10:21:30,1786677690,13.730323,100.787462,0.6,0.41,-0.1,1.2,-90.9,269.1,0.0,0.0,-0.13,24.9,79,0,0,0
2026-08-14T10:21:31,1786677691,13.730323,100.787462,0.6,0.41,-0.1,1.2,-90.9,269.1,0.0,0.0,-0.13,24.9,79,0,0,0
2026-08-14T10:21:32,1786677692,13.730323,100.787462,0.6,0.4,-0.1,1.2,-90.9,269.1,0.0,0.0,-0.13,24.9,79,0,0,0
2026-08-14T10:21:33,1786677693,13.730323,100.787462,0.6,0.4,-0.1,1.2,-90.9,269.1,0.0,0.0,-0.13,24.9,79,0,0,0
2026-08-14T10:21:34,1786677694,13.730323,100.787462,0.6,0.39,-0.1,1.3,-90.9,269.1,0.02,0.0,-0.12,24.9,79,0,0,0
2026-08-14T10:21:35,1786677695,13.730323,100.787462,0.6,0.36,-0.1,1.3,-90.9,269.1,0.01,0.0,-0.1,24.9,79,0,0,0
2026-08-14T10:21:36,1786677696,13.730323,100.787462,0.6,0.36,-0.1,1.3,-90.9,269.1,0.01,0.0,-0.1,24.9,79,0,0,0
2026-08-14T10:21:37,1786677697,13.730323,100.787462,0.5,0.34,-0.1,1.3,-90.9,269.1,0.01,-0.01,-0.09,24.9,79,0,0,0
2026-08-14T10:21:38,1786677698,13.730323,100.787462,0.5,0.34,-0.1,1.3,-90.9,269.1,0.01,-0.01,-0.09,24.9,79,0,0,0
2026-08-14T10:21:39,1786677699,13.730323,100.787462,0.5,0.34,-0.1,1.3,-90.9,269.1,0.01,-0.01,-0.09,24.9,79,0,0,0
2026-08-14T10:21:40,1786677700,13.730323,100.787462,0.5,0.34,-0.2,1.3,-90.9,269.1,0.01,-0.01,-0.09,24.9,79,0,0,0
2026-08-14T10:21:41,1786677701,13.730323,100.787463,0.5,0.34,-0.2,1.3,-90.9,269.1,0.0,0.0,-0.08,24.9,79,0,0,0
2026-08-14T10:21:42,1786677702,13.730323,100.787462,0.5,0.32,-0.2,1.3,-90.9,269.1,-0.01,0.0,-0.07,24.9,79,AUTO.LOITER,0,0
2026-08-14T10:21:43,1786677703,13.730323,100.787462,0.5,0.32,-0.1,1.3,-90.9,269.1,-0.01,0.0,-0.07,24.9,79,0,0,0
2026-08-14T10:21:44,1786677704,13.730323,100.787462,0.5,0.3,-0.1,1.3,-90.9,269.1,0.0,0.0,-0.06,24.9,79,0,0,0
2026-08-14T10:21:45,1786677705,13.730323,100.787462,0.5,0.3,-0.1,1.3,-90.9,269.1,0.0,0.0,-0.06,24.9,79,0,0,0
2026-08-14T10:21:46,1786677706,13.730323,100.787462,0.5,0.28,-0.1,1.3,-90.9,269.1,0.0,0.0,-0.05,24.9,79,0,0,0
2026-08-14T10:21:47,1786677707,13.730323,100.787462,0.2,0.28,-0.1,1.4,-90.9,269.1,0.0,0.0,-0.05,24.9,79,AUTO.LOITER,0,0
2026-08-14T10:21:48,1786677708,13.730323,100.787462,0.2,0.28,-0.1,1.4,-90.9,269.1,0.0,0.0,-0.05,24.9,79,AUTO.LOITER,0,0
2026-08-14T10:21:49,1786677709,13.730323,100.787463,0.4,0.22,-0.1,1.4,-90.9,269.1,0.0,0.02,-0.04,24.9,79,AUTO.LOITER,0,0
2026-08-14T10:21:50,1786677710,13.730323,100.787463,0.4,0.22,-0.1,1.4,-90.9,269.1,0.0,0.02,-0.04,24.9,79,0,0,0
2026-08-14T10:21:51,1786677711,13.730323,100.787463,0.4,0.21,-0.1,1.3,-90.9,269.1,-0.01,0.01,-0.03,24.9,79,0,0,0
2026-08-14T10:21:52,1786677712,13.730323,100.787463,0.4,0.21,-0.1,1.3,-90.9,269.1,-0.01,0.01,-0.03,24.9,79,0,0,0
2026-08-14T10:21:53,1786677713,13.730323,100.787462,0.4,0.2,-0.1,1.3,-90.9,269.1,-0.01,0.0,-0.03,24.9,79,0,0,0
2026-08-14T10:21:54,1786677714,13.730323,100.787463,0.3,0.2,-0.1,1.4,-90.9,269.1,-0.01,0.0,-0.03,24.9,79,AUTO.LOITER,0,0
2026-08-14T10:21:55,1786677715,13.730323,100.787463,0.4,0.19,-0.0,1.4,-90.9,269.1,-0.01,0.01,-0.02,24.9,79,0,0,0
2026-08-14T10:21:56,1786677716,13.730323,100.787462,0.4,0.19,-0.0,1.4,-90.9,269.1,-0.01,0.01,-0.01,24.9,79,0,0,0
2026-08-14T10:21:57,1786677717,13.730323,100.787462,0.4,0.19,-0.0,1.4,-90.9,269.1,-0.01,0.01,-0.01,24.9,79,0,0,0
2026-08-14T10:21:58,1786677718,13.730323,100.787462,0.4,0.17,0.0,1.4,-90.9,269.1,0.0,0.0,0.0,24.9,79,0,0,0
2026-08-14T10:21:59,1786677719,13.730323,100.787462,0.4,0.17,0.0,1.4,-90.9,269.1,0.0,0.0,0.0,24.9,79,0,0,0
2026-08-14T10:22:00,1786677720,13.730323,100.787462,0.3,0.15,0.0,1.4,-90.9,269.1,0.01,0.01,0.0,24.9,79,0,0,0
2026-08-14T10:22:01,1786677721,13.730323,100.787463,0.4,0.15,0.0,1.4,-90.9,269.1,0.01,0.02,0.0,24.9,79,AUTO.LOITER,0,0
2026-08-14T10:22:02,1786677722,13.730323,100.787463,0.4,0.15,0.1,1.4,-90.9,269.1,0.01,0.02,0.0,24.9,79,0,0,0
2026-08-14T10:22:03,1786677723,13.730323,100.787463,0.4,0.15,0.1,1.4,-90.9,269.1,0.02,0.02,0.0,24.9,79,0,0,0
2026-08-14T10:22:04,1786677724,13.730323,100.787463,0.4,0.15,0.1,1.4,-90.9,269.1,0.02,0.02,0.0,24.9,79,0,0,0
2026-08-14T10:22:05,1786677725,13.730323,100.787462,0.3,0.15,0.0,1.3,-90.9,269.1,0.03,0.01,0.0,24.9,79,0,0,0
2026-08-14T10:22:06,1786677726,13.730323,100.787462,0.3,0.15,0.0,1.3,-90.9,269.1,0.03,0.01,0.0,24.9,79,AUTO.LOITER,0,0
2026-08-14T10:22:07,1786677727,13.730323,100.787462,0.3,0.15,0.0,1.3,-90.9,269.1,0.04,0.0,0.0,24.9,79,0,0,0
2026-08-14T10:22:08,1786677728,13.730323,100.787462,0.3,0.14,-0.0,1.3,-90.9,269.1,0.03,0.01,0.0,24.9,79,AUTO.LOITER,0,0
2026-08-14T10:22:09,1786677729,13.730323,100.787462,0.3,0.14,-0.0,1.3,-90.9,269.1,0.03,0.01,0.0,24.9,79,0,0,0
2026-08-14T10:22:10,1786677730,13.730323,100.787462,0.3,0.14,-0.0,1.3,-90.9,269.1,0.02,0.01,0.0,24.9,79,0,0,0
2026-08-14T10:22:11,1786677731,13.730323,100.787462,0.3,0.14,-0.0,1.3,-90.9,269.1,0.02,0.01,0.0,24.9,79,0,0,0
2026-08-14T10:22:12,1786677732,13.730323,100.787462,0.3,0.12,-0.1,1.3,-90.9,269.1,0.01,0.03,0.0,24.9,79,0,0,0
2026-08-14T10:22:13,1786677733,13.730323,100.787462,0.3,0.12,-0.1,1.3,-90.9,269.1,0.01,0.03,0.0,24.9,79,0,0,0
2026-08-14T10:22:14,1786677734,13.730323,100.787462,0.3,0.12,-0.1,1.3,-90.9,269.1,0.01,0.03,0.0,24.9,79,0,0,0
2026-08-14T10:22:15,1786677735,13.730323,100.787463,0.3,0.08,-0.1,1.2,-90.9,269.1,0.0,0.02,0.02,24.9,79,AUTO.LOITER,0,0
2026-08-14T10:22:16,1786677736,13.730323,100.787463,0.3,0.08,-0.1,1.2,-90.9,269.1,0.0,0.02,0.02,24.9,79,0,0,0
2026-08-14T10:22:17,1786677737,13.730323,100.787462,0.3,0.08,-0.1,1.2,-90.9,269.1,0.0,0.01,0.02,24.9,79,0,0,0
2026-08-14T10:22:18,1786677738,13.730323,100.787462,0.3,0.08,-0.1,1.2,-90.9,269.1,0.0,0.01,0.02,24.9,79,0,0,0
2026-08-14T10:22:19,1786677739,13.730323,100.787462,0.3,0.09,-0.1,1.2,-90.9,269.1,0.0,0.0,0.01,24.9,79,0,0,0
2026-08-14T10:22:20,1786677740,13.730323,100.787462,0.3,0.08,-0.1,1.2,-90.9,269.1,0.0,-0.01,0.01,24.9,79,AUTO.LOITER,0,0
2026-08-14T10:22:21,1786677741,13.730323,100.787462,0.3,0.08,-0.1,1.2,-90.9,269.1,0.0,-0.01,0.01,24.9,79,0,0,0
2026-08-14T10:22:22,1786677742,13.730323,100.787462,0.3,0.08,-0.1,1.2,-90.9,269.1,0.0,0.0,0.01,24.9,79,0,0,0
2026-08-14T10:22:23,1786677743,13.730323,100.787462,0.3,0.08,-0.1,1.2,-90.9,269.1,0.0,0.0,0.01,24.9,79,0,0,0
2026-08-14T10:22:24,1786677744,13.730323,100.787462,0.3,0.07,-0.1,1.2,-90.9,269.1,0.0,0.01,0.01,24.9,79,0,0,0
2026-08-14T10:22:25,1786677745,13.730323,100.787462,0.3,0.07,-0.1,1.2,-90.9,269.1,0.0,0.01,0.01,24.9,79,0,0,0
2026-08-14T10:22:26,1786677746,13.730323,100.787462,0.3,0.07,-0.1,1.2,-90.9,269.1,0.0,0.01,0.01,24.9,79,0,0,0
2026-08-14T10:22:27,1786677747,13.730323,100.787462,0.3,0.07,-0.0,1.1,-90.9,269.1,0.0,0.0,0.02,24.9,79,0,0,0
2026-08-14T10:22:28,1786677748,13.730323,100.787462,0.3,0.07,-0.0,1.1,-90.9,269.1,0.0,0.0,0.02,24.9,79,0,0,0
2026-08-14T10:22:29,1786677749,13.730323,100.787462,0.3,0.07,-0.0,1.1,-90.9,269.1,0.0,0.0,0.02,24.9,79,0,0,0
2026-08-14T10:22:30,1786677750,13.730323,100.787462,0.3,0.07,-0.0,1.1,-90.9,269.1,0.0,0.0,0.02,24.9,79,0,0,0
2026-08-14T10:22:31,1786677751,13.730323,100.787462,0.2,0.05,-0.0,1.1,-90.9,269.1,0.0,0.0,0.03,24.9,79,0,0,0
2026-08-14T10:22:32,1786677752,13.730323,100.787462,0.2,0.05,-0.0,1.1,-90.9,269.1,0.0,0.0,0.03,24.9,79,AUTO.LOITER,0,0
2026-08-14T10:22:33,1786677753,13.730323,100.787463,0.2,0.04,-0.0,1.1,-90.9,269.1,0.0,0.0,0.03,24.9,79,0,0,0
2026-08-14T10:22:34,1786677754,13.730323,100.787463,0.2,0.03,-0.0,1.1,-90.9,269.1,0.0,0.0,0.03,24.9,79,0,0,0
2026-08-14T10:22:35,1786677755,13.730323,100.787463,0.2,0.03,-0.0,1.1,-90.9,269.1,0.0,0.0,0.03,24.9,79,0,0,0
2026-08-14T10:22:36,1786677756,13.730323,100.787462,0.3,0.03,-0.0,1.1,-90.9,269.1,0.0,0.0,0.03,24.9,79,AUTO.LOITER,0,0
2026-08-14T10:22:37,1786677757,13.730323,100.787462,0.2,0.04,-0.0,1.1,-90.9,269.1,0.0,0.0,0.02,24.9,79,0,0,0
2026-08-14T10:22:38,1786677758,13.730323,100.787462,0.3,0.05,-0.0,1.1,-90.9,269.1,0.0,0.0,0.02,24.9,79,0,0,0
2026-08-14T10:22:39,1786677759,13.730323,100.787462,0.3,0.05,-0.0,1.1,-90.9,269.1,0.0,0.0,0.02,24.9,79,AUTO.LOITER,0,0
2026-08-14T10:22:40,1786677760,13.730323,100.787462,0.2,0.05,-0.0,1.1,-90.9,269.1,0.01,0.0,0.02,24.9,79,0,0,0
2026-08-14T10:22:41,1786677761,13.730323,100.787462,0.3,0.05,-0.0,1.1,-90.9,269.1,0.02,0.0,0.01,24.9,79,0,0,0
2026-08-14T10:22:42,1786677762,13.730323,100.787462,0.3,0.05,-0.0,1.1,-90.9,269.1,0.02,0.0,0.01,24.9,79,0,0,0
2026-08-14T10:22:43,1786677763,13.730323,100.787462,0.3,0.05,-0.0,1.1,-90.9,269.1,0.02,0.0,0.01,24.9,79,0,0,0
2026-08-14T10:22:44,1786677764,13.730323,100.787462,0.3,0.05,-0.1,1.1,-90.9,269.1,0.02,0.0,0.01,24.9,79,0,0,0
2026-08-14T10:22:45,1786677765,13.730323,100.787462,0.3,0.06,-0.1,1.1,-90.9,269.1,0.0,0.0,0.0,24.9,79,0,0,0
2026-08-14T10:22:46,1786677766,13.730323,100.787463,0.2,0.06,-0.1,1.1,-90.9,269.1,0.0,0.0,0.0,24.9,79,AUTO.LOITER,0,0
2026-08-14T10:22:47,1786677767,13.730323,100.787462,0.3,0.08,-0.1,1.1,-90.9,269.1,0.0,-0.01,0.0,24.9,79,0,0,0
2026-08-14T10:22:48,1786677768,13.730323,100.787462,0.3,0.09,-0.1,1.1,-90.9,269.1,0.0,0.0,0.0,24.9,79,0,0,0
2026-08-14T10:22:49,1786677769,13.730323,100.787462,0.3,0.09,-0.1,1.2,-90.9,269.1,0.0,0.0,0.0,24.9,79,0,0,0
2026-08-14T10:22:50,1786677770,13.730323,100.787462,0.3,0.08,-0.1,1.2,-90.9,269.1,0.0,0.01,0.0,24.9,79,AUTO.LOITER,0,0
2026-08-14T10:22:51,1786677771,13.730323,100.787462,0.3,0.08,-0.1,1.2,-90.9,269.1,0.0,0.01,0.0,24.9,79,0,0,0
2026-08-14T10:22:52,1786677772,13.730323,100.787463,0.3,0.08,-0.1,1.2,-90.9,269.1,-0.01,0.02,-0.01,24.9,79,0,0,0
2026-08-14T10:22:53,1786677773,13.730323,100.787462,0.3,0.09,-0.1,1.1,-90.8,269.2,-0.01,0.0,-0.02,24.9,79,0,0,0
2026-08-14T10:22:54,1786677774,13.730323,100.787462,0.3,0.09,-0.1,1.1,-90.8,269.2,-0.01,0.0,-0.02,24.9,79,0,0,0
2026-08-14T10:22:55,1786677775,13.730322,100.787462,0.3,0.11,-0.1,1.1,-90.8,269.2,-0.01,0.0,-0.02,24.9,79,0,0,0
2026-08-14T10:22:56,1786677776,13.730322,100.787462,0.3,0.11,-0.1,1.1,-90.8,269.2,-0.01,0.0,-0.02,24.9,79,0,0,0
2026-08-14T10:22:57,1786677777,13.730322,100.787462,0.3,0.13,-0.1,1.1,-90.8,269.2,-0.01,-0.01,-0.04,24.9,79,0,0,0
2026-08-14T10:22:58,1786677778,13.730322,100.787462,0.3,0.13,-0.1,1.1,-90.8,269.2,-0.01,-0.01,-0.04,24.9,79,0,0,0
2026-08-14T10:22:59,1786677779,13.730323,100.787462,0.3,0.14,-0.1,1.1,-90.8,269.2,0.0,-0.01,-0.04,24.9,79,0,0,0
2026-08-14T10:23:00,1786677780,13.730323,100.787462,0.4,0.15,-0.0,1.1,-90.8,269.2,0.0,-0.01,-0.05,24.9,79,0,0,0
2026-08-14T10:23:01,1786677781,13.730323,100.787462,0.4,0.15,-0.0,1.1,-90.8,269.2,0.0,-0.01,-0.05,24.9,79,0,0,0
2026-08-14T10:23:02,1786677782,13.730323,100.787462,0.4,0.15,-0.0,1.2,-90.8,269.2,0.0,0.0,-0.04,24.9,79,0,0,0
2026-08-14T10:23:03,1786677783,13.730323,100.787462,0.4,0.15,-0.0,1.2,-90.8,269.2,0.0,0.0,-0.04,24.9,79,0,0,0
2026-08-14T10:23:04,1786677784,13.730323,100.787462,0.4,0.16,-0.0,1.2,-90.8,269.2,-0.01,0.0,-0.04,24.9,79,0,0,0
2026-08-14T10:23:05,1786677785,13.730323,100.787462,0.3,0.16,-0.0,1.2,-90.8,269.2,-0.01,0.0,-0.04,24.9,79,AUTO.LOITER,0,0
2026-08-14T10:23:06,1786677786,13.730323,100.787462,0.4,0.16,-0.0,1.2,-90.8,269.2,-0.01,-0.01,-0.04,24.9,79,0,0,0
2026-08-14T10:23:07,1786677787,13.730323,100.787462,0.4,0.15,-0.0,1.2,-90.8,269.2,-0.02,-0.01,-0.03,24.9,79,0,0,0
2026-08-14T10:23:08,1786677788,13.730323,100.787462,0.4,0.15,-0.0,1.2,-90.8,269.2,-0.02,-0.01,-0.03,24.9,79,0,0,0
2026-08-14T10:23:09,1786677789,13.730323,100.787462,0.4,0.17,-0.0,1.2,-90.8,269.2,-0.01,-0.01,-0.03,24.9,79,0,0,0
2026-08-14T10:23:10,1786677790,13.730323,100.787462,0.4,0.17,0.0,1.2,-90.8,269.2,-0.01,-0.01,-0.03,24.9,79,0,0,0
2026-08-14T10:23:11,1786677791,13.730323,100.787462,0.4,0.17,-0.0,1.2,-90.8,269.2,0.0,0.0,-0.02,24.9,79,0,0,0
2026-08-14T10:23:12,1786677792,13.730323,100.787462,0.4,0.17,0.0,1.2,-90.8,269.2,0.0,0.0,-0.02,24.9,79,0,0,0
2026-08-14T10:23:13,1786677793,13.730323,100.787462,0.4,0.17,0.0,1.2,-90.8,269.2,0.0,0.0,-0.02,24.9,79,0,0,0
2026-08-14T10:23:14,1786677794,13.730323,100.787462,0.3,0.14,0.0,1.2,-90.8,269.2,0.02,0.0,0.0,24.9,79,0,0,0
2026-08-14T10:23:15,1786677795,13.730323,100.787462,0.3,0.14,-0.0,1.2,-90.9,269.1,0.02,0.0,0.0,24.9,79,0,0,0
2026-08-14T10:23:16,1786677796,13.730323,100.787462,0.3,0.13,-0.0,1.2,-90.9,269.1,0.02,0.0,0.0,24.9,79,0,0,0
2026-08-14T10:23:17,1786677797,13.730323,100.787462,0.3,0.13,-0.0,1.2,-90.9,269.1,0.02,0.0,0.0,24.9,79,0,0,0
2026-08-14T10:23:18,1786677798,13.730323,100.787462,0.3,0.12,-0.0,1.2,-90.9,269.1,0.02,0.0,0.0,24.9,79,0,0,0
2026-08-14T10:23:19,1786677799,13.730323,100.787462,0.3,0.13,-0.0,1.2,-90.9,269.1,0.01,0.0,-0.01,24.9,79,AUTO.LOITER,0,0
2026-08-14T10:23:20,1786677800,13.730323,100.787462,0.3,0.13,-0.0,1.2,-90.9,269.1,0.01,0.0,-0.01,24.9,79,0,0,0
2026-08-14T10:23:21,1786677801,13.730323,100.787462,0.3,0.14,-0.0,1.2,-90.9,269.1,0.0,-0.01,-0.01,24.9,79,0,0,0
2026-08-14T10:23:22,1786677802,13.730323,100.787462,0.3,0.14,-0.0,1.2,-90.9,269.1,0.0,-0.01,-0.01,24.9,79,0,0,0
2026-08-14T10:23:23,1786677803,13.730323,100.787462,0.3,0.13,-0.0,1.2,-90.9,269.1,0.0,0.0,-0.02,24.9,79,0,0,0
2026-08-14T10:23:24,1786677804,13.730323,100.787462,0.3,0.13,-0.0,1.2,-90.9,269.1,0.0,0.0,-0.02,24.9,79,0,0,0
2026-08-14T10:23:25,1786677805,13.730323,100.787462,0.3,0.13,-0.0,1.2,-90.9,269.1,0.0,0.0,-0.03,24.9,79,0,0,0
2026-08-14T10:23:26,1786677806,13.730323,100.787462,0.3,0.13,0.0,1.2,-90.9,269.1,0.0,0.0,-0.03,24.9,79,AUTO.LOITER,0,0
2026-08-14T10:23:27,1786677807,13.730323,100.787462,0.3,0.13,0.0,1.2,-90.9,269.1,0.0,0.0,-0.03,24.9,79,0,0,0
2026-08-14T10:23:28,1786677808,13.730323,100.787462,0.3,0.15,0.0,1.3,-90.9,269.1,0.0,0.0,-0.05,24.9,79,0,0,0
2026-08-14T10:23:29,1786677809,13.730323,100.787462,0.3,0.15,0.0,1.3,-90.9,269.1,0.0,0.0,-0.05,24.9,79,0,0,0
2026-08-14T10:23:30,1786677810,13.730323,100.787462,0.4,0.17,0.0,1.3,-90.9,269.1,0.01,0.01,-0.07,24.9,79,0,0,0
2026-08-14T10:23:31,1786677811,13.730323,100.787463,0.3,0.17,0.0,1.2,-90.9,269.1,0.01,0.01,-0.07,24.9,79,AUTO.LOITER,0,0
2026-08-14T10:23:32,1786677812,13.730323,100.787462,0.4,0.21,0.0,1.2,-90.9,269.1,0.0,0.0,-0.08,24.9,79,0,0,0
2026-08-14T10:23:33,1786677813,13.730323,100.787462,0.4,0.25,0.0,1.2,-90.9,269.1,0.0,0.0,-0.1,24.9,79,0,0,0
2026-08-14T10:23:34,1786677814,13.730323,100.787462,0.4,0.25,0.0,1.2,-90.9,269.1,0.0,0.0,-0.1,24.9,79,0,0,0
2026-08-14T10:23:35,1786677815,13.730323,100.787462,0.5,0.28,0.0,1.2,-90.9,269.1,0.0,0.0,-0.11,24.9,79,0,0,0
2026-08-14T10:23:36,1786677816,13.730323,100.787462,0.5,0.28,0.0,1.2,-90.9,269.1,0.0,0.0,-0.11,24.9,79,0,0,0
2026-08-14T10:23:37,1786677817,13.730323,100.787462,0.5,0.31,0.1,1.2,-90.9,269.1,0.01,-0.01,-0.13,24.9,79,0,0,0
2026-08-14T10:23:38,1786677818,13.730323,100.787462,0.3,0.31,0.1,1.2,-90.9,269.1,0.01,-0.01,-0.13,24.9,79,AUTO.LOITER,0,0
2026-08-14T10:23:39,1786677819,13.730323,100.787462,0.5,0.33,0.1,1.2,-90.9,269.1,0.01,-0.01,-0.13,24.9,79,0,0,0
2026-08-14T10:23:40,1786677820,13.730323,100.787462,0.5,0.33,0.1,1.3,-90.8,269.2,0.02,0.0,-0.14,24.9,79,0,0,0
2026-08-14T10:23:41,1786677821,13.730323,100.787462,0.5,0.33,0.1,1.3,-90.8,269.2,0.02,0.0,-0.14,24.9,79,0,0,0
2026-08-14T10:23:42,1786677822,13.730323,100.787462,0.5,0.34,0.0,1.2,-90.8,269.2,0.01,-0.01,-0.15,24.9,79,0,0,0
2026-08-14T10:23:43,1786677823,13.730323,100.787462,0.5,0.34,0.0,1.3,-90.8,269.2,0.01,-0.01,-0.15,24.9,79,0,0,0
2026-08-14T10:23:44,1786677824,13.730323,100.787462,0.6,0.36,0.0,1.3,-90.8,269.2,0.02,0.0,-0.16,24.9,79,0,0,0
2026-08-14T10:23:45,1786677825,13.730323,100.787462,0.6,0.36,0.0,1.3,-90.8,269.2,0.02,0.0,-0.16,24.9,79,0,0,0
2026-08-14T10:23:46,1786677826,13.730323,100.787462,0.6,0.38,-0.0,1.3,-90.8,269.2,0.0,-0.01,-0.18,24.9,79,0,0,0
2026-08-14T10:23:47,1786677827,13.730323,100.787462,0.6,0.4,-0.0,1.3,-90.8,269.2,0.0,-0.01,-0.19,24.9,79,0,0,0
2026-08-14T10:23:48,1786677828,13.730323,100.787462,0.6,0.4,-0.0,1.3,-90.8,269.2,0.0,-0.01,-0.19,24.9,79,0,0,0
2026-08-14T10:23:49,1786677829,13.730323,100.787462,0.6,0.43,-0.0,1.3,-90.8,269.2,0.0,0.0,-0.2,24.9,79,0,0,0
2026-08-14T10:23:50,1786677830,13.730323,100.787462,0.6,0.43,-0.0,1.3,-90.8,269.2,0.0,0.0,-0.2,24.9,79,0,0,0
2026-08-14T10:23:51,1786677831,13.730323,100.787462,0.7,0.47,-0.1,1.3,-90.8,269.2,0.0,0.0,-0.21,24.9,79,0,0,0
2026-08-14T10:23:52,1786677832,13.730323,100.787462,0.7,0.47,-0.1,1.3,-90.8,269.2,0.0,0.0,-0.21,24.9,79,0,0,0
2026-08-14T10:23:53,1786677833,13.730323,100.787463,0.3,0.47,-0.1,1.3,-90.8,269.2,0.0,0.0,-0.21,24.9,79,0,0,0
2026-08-14T10:23:54,1786677834,13.730323,100.787462,0.3,0.47,-0.1,1.3,-90.8,269.2,0.0,0.0,-0.21,24.9,79,0,0,0
2026-08-14T10:23:55,1786677835,13.730323,100.787462,0.7,0.49,-0.1,1.2,-90.8,269.2,0.0,0.0,-0.2,24.9,79,0,0,0
2026-08-14T10:23:56,1786677836,13.730323,100.787462,0.7,0.49,-0.1,1.2,-90.8,269.2,0.0,0.0,-0.21,24.9,79,0,0,0
2026-08-14T10:23:57,1786677837,13.730323,100.787462,0.7,0.49,-0.0,1.2,-90.8,269.2,0.0,0.0,-0.21,24.9,79,0,0,0
2026-08-14T10:23:58,1786677838,13.730323,100.787462,0.7,0.5,-0.0,1.2,-90.8,269.2,0.0,0.0,-0.21,24.9,79,0,0,0
2026-08-14T10:23:59,1786677839,13.730323,100.787462,0.7,0.5,-0.0,1.2,-90.8,269.2,0.0,0.0,-0.21,24.9,79,0,0,0
2026-08-14T10:24:00,1786677840,13.730323,100.787462,0.7,0.51,-0.0,1.2,-90.8,269.2,0.02,-0.01,-0.21,24.9,79,0,0,0
2026-08-14T10:24:01,1786677841,13.730323,100.787462,0.3,0.51,-0.0,1.2,-90.8,269.2,0.02,-0.01,-0.21,24.9,79,0,0,0
2026-08-14T10:24:02,1786677842,13.730323,100.787462,0.3,0.51,-0.1,1.2,-90.8,269.2,0.02,-0.01,-0.21,24.9,79,0,0,0
2026-08-14T10:24:03,1786677843,13.730323,100.787462,0.7,0.5,-0.1,1.2,-90.8,269.2,-0.01,-0.01,-0.19,24.9,79,0,0,0
2026-08-14T10:24:04,1786677844,13.730323,100.787462,0.7,0.5,-0.1,1.3,-90.8,269.2,-0.01,-0.01,-0.19,24.9,79,0,0,0
2026-08-14T10:24:05,1786677845,13.730323,100.787462,0.7,0.49,-0.1,1.3,-90.8,269.2,0.0,0.0,-0.18,24.9,79,0,0,0
2026-08-14T10:24:06,1786677846,13.730323,100.787462,0.7,0.49,-0.1,1.3,-90.8,269.2,0.0,0.0,-0.18,24.9,79,0,0,0
2026-08-14T10:24:07,1786677847,13.730323,100.787462,0.7,0.49,-0.1,1.3,-90.8,269.2,0.0,0.0,-0.17,24.9,79,0,0,0
2026-08-14T10:24:08,1786677848,13.730323,100.787462,0.7,0.47,-0.0,1.3,-90.8,269.2,0.01,0.0,-0.16,24.9,79,0,0,0
2026-08-14T10:24:09,1786677849,13.730323,100.787462,0.7,0.47,-0.0,1.3,-90.8,269.2,0.01,0.0,-0.16,24.9,79,0,0,0
2026-08-14T10:24:10,1786677850,13.730323,100.787462,0.7,0.45,-0.1,1.3,-90.8,269.2,0.0,0.01,-0.15,24.9,79,AUTO.LOITER,0,0
2026-08-14T10:24:11,1786677851,13.730323,100.787462,0.7,0.45,-0.1,1.3,-90.8,269.2,0.0,0.01,-0.15,24.9,79,AUTO.LOITER,0,0
2026-08-14T10:24:12,1786677852,13.730323,100.787462,0.3,0.45,-0.1,1.3,-90.8,269.2,0.0,0.01,-0.15,24.9,79,0,0,0
2026-08-14T10:24:13,1786677853,13.730323,100.787462,0.3,0.45,-0.1,1.3,-90.8,269.2,0.0,0.01,-0.15,24.9,79,0,0,0
2026-08-14T10:24:14,1786677854,13.730323,100.787462,0.6,0.42,-0.1,1.3,-90.8,269.2,0.0,0.01,-0.12,24.9,79,0,0,0
2026-08-14T10:24:15,1786677855,13.730323,100.787462,0.6,0.39,-0.1,1.3,-90.8,269.2,0.0,0.02,-0.1,24.9,79,0,0,0
2026-08-14T10:24:16,1786677856,13.730323,100.787462,0.6,0.39,-0.1,1.3,-90.8,269.2,0.0,0.02,-0.1,24.9,79,0,0,0
2026-08-14T10:24:17,1786677857,13.730323,100.787462,0.6,0.38,-0.1,1.3,-90.8,269.2,0.0,0.01,-0.1,24.9,79,0,0,0
2026-08-14T10:24:18,1786677858,13.730323,100.787462,0.6,0.38,-0.1,1.2,-90.8,269.2,0.0,0.01,-0.1,24.9,79,0,0,0
2026-08-14T10:24:19,1786677859,13.730323,100.787462,0.6,0.37,-0.1,1.2,-90.8,269.2,0.0,0.01,-0.09,24.9,79,0,0,0
2026-08-14T10:24:20,1786677860,13.730323,100.787462,0.6,0.37,-0.1,1.2,-90.8,269.2,0.0,0.01,-0.09,24.9,79,0,0,0
2026-08-14T10:24:21,1786677861,13.730323,100.787462,0.3,0.37,-0.1,1.2,-90.8,269.2,0.0,0.01,-0.09,24.9,79,0,0,0
2026-08-14T10:24:22,1786677862,13.730323,100.787462,0.3,0.37,-0.1,1.2,-90.8,269.2,0.0,0.01,-0.09,24.9,79,AUTO.LOITER,0,0
2026-08-14T10:24:23,1786677863,13.730323,100.787462,0.6,0.35,-0.1,1.2,-90.8,269.2,0.0,0.01,-0.11,24.9,79,0,0,0
2026-08-14T10:24:24,1786677864,13.730323,100.787463,0.6,0.35,-0.1,1.2,-90.8,269.2,0.0,0.01,-0.12,24.9,79,0,0,0
2026-08-14T10:24:25,1786677865,13.730323,100.787463,0.6,0.35,-0.1,1.2,-90.8,269.2,0.0,0.01,-0.12,24.9,79,0,0,0
2026-08-14T10:24:26,1786677866,13.730323,100.787463,0.6,0.35,-0.1,1.2,-90.8,269.2,0.0,0.01,-0.13,24.9,79,0,0,0
2026-08-14T10:24:27,1786677867,13.730323,100.787463,0.6,0.35,-0.1,1.2,-90.8,269.2,0.0,0.01,-0.13,24.9,79,0,0,0
2026-08-14T10:24:28,1786677868,13.730323,100.787462,0.6,0.35,-0.1,1.2,-90.8,269.2,0.0,0.0,-0.13,24.9,79,AUTO.LOITER,0,0
2026-08-14T10:24:29,1786677869,13.730323,100.787462,0.2,0.35,-0.1,1.2,-90.8,269.2,0.0,0.0,-0.13,24.9,79,AUTO.LOITER,0,0
2026-08-14T10:24:30,1786677870,13.730323,100.787462,0.2,0.35,-0.1,1.2,-90.8,269.2,0.0,0.0,-0.13,24.9,79,0,0,0
2026-08-14T10:24:31,1786677871,13.730323,100.787462,0.3,0.35,-0.1,1.2,-90.8,269.2,0.0,0.0,-0.13,24.9,79,0,0,0
2026-08-14T10:24:32,1786677872,13.730323,100.787462,0.3,0.35,-0.1,1.2,-90.8,269.2,0.0,0.0,-0.13,24.9,79,0,0,0
2026-08-14T10:24:33,1786677873,13.730323,100.787462,0.6,0.38,-0.1,1.1,-90.8,269.2,0.0,0.02,-0.15,24.9,79,0,0,0
2026-08-14T10:24:34,1786677874,13.730323,100.787462,0.6,0.38,-0.1,1.1,-90.8,269.2,0.0,0.02,-0.15,24.9,79,0,0,0
2026-08-14T10:24:35,1786677875,13.730323,100.787463,0.6,0.38,-0.1,1.1,-90.8,269.2,0.0,0.02,-0.14,24.9,79,AUTO.LOITER,0,0
2026-08-14T10:24:36,1786677876,13.730323,100.787463,0.6,0.38,-0.1,1.1,-90.8,269.2,0.0,0.02,-0.14,24.9,79,0,0,0
2026-08-14T10:24:37,1786677877,13.730323,100.787463,0.6,0.37,-0.1,1.1,-90.8,269.2,-0.01,0.04,-0.13,24.9,79,0,0,0
2026-08-14T10:24:38,1786677878,13.730323,100.787463,0.6,0.35,-0.1,1.1,-90.8,269.2,0.0,0.04,-0.12,24.9,79,AUTO.LOITER,0,0
2026-08-14T10:24:39,1786677879,13.730323,100.787463,0.6,0.35,-0.1,1.1,-90.8,269.2,0.0,0.04,-0.12,24.9,79,0,0,0
2026-08-14T10:24:40,1786677880,13.730323,100.787463,0.6,0.36,-0.1,1.0,-90.8,269.2,-0.01,0.03,-0.11,24.9,79,AUTO.LOITER,0,0
2026-08-14T10:24:41,1786677881,13.730323,100.787463,0.6,0.36,-0.1,1.0,-90.8,269.2,-0.01,0.03,-0.11,24.9,79,0,0,0
2026-08-14T10:24:42,1786677882,13.730323,100.787463,0.6,0.36,-0.1,1.0,-90.8,269.2,-0.01,0.03,-0.12,24.9,79,AUTO.LOITER,0,0
2026-08-14T10:24:43,1786677883,13.730323,100.787463,0.6,0.36,-0.0,1.0,-90.8,269.2,-0.01,0.03,-0.12,24.9,79,0,0,0
2026-08-14T10:24:44,1786677884,13.730323,100.787463,0.6,0.36,-0.0,1.0,-90.8,269.2,-0.01,0.02,-0.12,24.9,79,AUTO.LOITER,0,0
2026-08-14T10:24:45,1786677885,13.730323,100.787463,0.6,0.36,-0.0,0.9,-90.8,269.2,-0.01,0.02,-0.12,24.9,79,0,0,0
2026-08-14T10:24:46,1786677886,13.730323,100.787462,0.5,0.34,-0.0,0.9,-90.8,269.2,-0.01,0.0,-0.11,24.9,79,AUTO.LOITER,0,0
2026-08-14T10:24:47,1786677887,13.730323,100.787462,0.5,0.34,-0.0,0.9,-90.8,269.2,-0.01,0.0,-0.11,24.9,79,0,0,0
2026-08-14T10:24:48,1786677888,13.730323,100.787463,0.5,0.34,-0.0,0.9,-90.8,269.2,0.0,0.0,-0.11,24.9,79,AUTO.LOITER,0,0
2026-08-14T10:24:49,1786677889,13.730323,100.787463,0.5,0.34,0.0,0.9,-90.8,269.2,0.0,0.0,-0.11,24.9,79,0,0,0
2026-08-14T10:24:50,1786677890,13.730323,100.787463,0.6,0.36,0.0,0.9,-90.8,269.2,-0.01,0.0,-0.11,24.9,79,0,0,0
2026-08-14T10:24:51,1786677891,13.730323,100.787463,0.6,0.36,0.0,0.9,-90.8,269.2,-0.01,0.0,-0.11,24.9,79,0,0,0
2026-08-14T10:24:52,1786677892,13.730323,100.787462,0.6,0.35,0.0,0.9,-90.8,269.2,-0.01,-0.01,-0.11,24.9,79,0,0,0
2026-08-14T10:24:53,1786677893,13.730323,100.787462,0.6,0.35,0.0,0.9,-90.8,269.2,-0.02,-0.01,-0.11,24.9,79,AUTO.LOITER,0,0
2026-08-14T10:24:54,1786677894,13.730323,100.787462,0.6,0.35,0.1,0.9,-90.8,269.2,-0.02,-0.01,-0.11,24.9,79,0,0,0
2026-08-14T10:24:55,1786677895,13.730323,100.787462,0.6,0.37,0.1,0.9,-90.8,269.2,0.0,-0.01,-0.12,24.9,79,AUTO.LOITER,0,0
2026-08-14T10:24:56,1786677896,13.730323,100.787462,0.6,0.37,0.1,0.9,-90.8,269.2,0.0,-0.01,-0.12,24.9,79,0,0,0
2026-08-14T10:24:57,1786677897,13.730323,100.787462,0.6,0.38,0.1,0.9,-90.8,269.2,0.0,-0.01,-0.13,24.9,79,AUTO.LOITER,0,0
2026-08-14T10:24:58,1786677898,13.730323,100.787462,0.6,0.38,0.1,0.9,-90.8,269.2,0.0,-0.01,-0.13,24.9,79,0,0,0
2026-08-14T10:24:59,1786677899,13.730323,100.787462,0.6,0.38,0.1,0.9,-90.8,269.2,0.0,-0.01,-0.13,24.9,79,AUTO.LOITER,0,0
2026-08-14T10:25:00,1786677900,13.730323,100.787462,0.3,0.38,0.1,0.9,-90.8,269.2,0.0,-0.01,-0.13,24.9,79,AUTO.LOITER,0,0
2026-08-14T10:25:01,1786677901,13.730323,100.787462,0.6,0.37,0.1,0.9,-90.8,269.2,0.0,-0.01,-0.12,24.9,79,0,0,0
2026-08-14T10:25:02,1786677902,13.730323,100.787462,0.6,0.37,0.1,0.9,-90.8,269.2,0.02,-0.01,-0.11,24.9,79,AUTO.LOITER,0,0
2026-08-14T10:25:03,1786677903,13.730323,100.787462,0.6,0.37,0.1,0.9,-90.8,269.2,0.02,-0.01,-0.11,24.9,79,0,0,0
2026-08-14T10:25:04,1786677904,13.730323,100.787462,0.6,0.37,0.1,0.9,-90.8,269.2,0.03,-0.01,-0.11,24.9,79,AUTO.LOITER,0,0
2026-08-14T10:25:05,1786677905,13.730323,100.787462,0.6,0.37,0.1,1.0,-90.8,269.2,0.03,-0.01,-0.11,24.9,79,0,0,0
2026-08-14T10:25:06,1786677906,13.730323,100.787463,0.6,0.36,0.1,1.0,-90.8,269.2,0.02,-0.02,-0.09,24.9,79,AUTO.LOITER,0,0
2026-08-14T10:25:07,1786677907,13.730323,100.787463,0.6,0.36,0.1,1.0,-90.8,269.2,0.02,-0.02,-0.09,24.9,79,0,0,0
2026-08-14T10:25:08,1786677908,13.730323,100.787462,0.5,0.35,0.1,1.0,-90.8,269.2,0.02,-0.02,-0.09,24.9,79,AUTO.LOITER,0,0
2026-08-14T10:25:09,1786677909,13.730323,100.787462,0.3,0.35,0.1,1.0,-90.8,269.2,0.02,-0.02,-0.09,24.9,79,AUTO.LOITER,0,0
2026-08-14T10:25:10,1786677910,13.730323,100.787462,0.5,0.34,0.0,1.0,-90.8,269.2,0.01,-0.03,-0.09,24.9,79,0,0,0
2026-08-14T10:25:11,1786677911,13.730323,100.787462,0.5,0.34,0.0,1.1,-90.8,269.2,0.01,-0.01,-0.09,24.9,79,AUTO.LOITER,0,0
2026-08-14T10:25:12,1786677912,13.730323,100.787462,0.5,0.34,0.0,1.1,-90.8,269.2,0.01,-0.01,-0.09,24.9,79,0,0,0
2026-08-14T10:25:13,1786677913,13.730323,100.787462,0.6,0.35,-0.0,1.1,-90.8,269.2,0.0,0.0,-0.1,24.9,79,AUTO.LOITER,0,0
2026-08-14T10:25:14,1786677914,13.730323,100.787462,0.6,0.35,-0.0,1.1,-90.8,269.2,0.0,0.0,-0.1,24.9,79,0,0,0
2026-08-14T10:25:15,1786677915,13.730323,100.787462,0.5,0.34,-0.0,1.1,-90.8,269.2,0.0,0.01,-0.09,24.9,79,AUTO.LOITER,0,0
2026-08-14T10:25:16,1786677916,13.730323,100.787462,0.5,0.34,-0.0,1.1,-90.8,269.2,0.0,0.01,-0.09,24.9,79,0,0,0
2026-08-14T10:25:17,1786677917,13.730323,100.787462,0.5,0.33,-0.0,1.1,-90.8,269.2,0.0,0.01,-0.08,24.9,79,AUTO.LOITER,0,0
2026-08-14T10:25:18,1786677918,13.730323,100.787462,0.5,0.33,-0.0,1.1,-90.8,269.2,0.0,0.01,-0.08,24.9,79,0,0,0
2026-08-14T10:25:19,1786677919,13.730323,100.787462,0.5,0.32,-0.0,1.1,-90.8,269.2,0.0,0.01,-0.07,24.9,79,0,0,0
2026-08-14T10:25:20,1786677920,13.730323,100.787462,0.5,0.29,-0.0,1.0,-90.8,269.2,0.0,0.01,-0.05,24.9,79,AUTO.LOITER,0,0
2026-08-14T10:25:21,1786677921,13.730323,100.787462,0.5,0.29,-0.0,1.0,-90.8,269.2,0.0,0.01,-0.05,24.9,79,0,0,0
2026-08-14T10:25:22,1786677922,13.730323,100.787462,0.5,0.26,-0.0,1.0,-90.8,269.2,0.01,0.01,-0.03,24.9,79,AUTO.LOITER,0,0
2026-08-14T10:25:23,1786677923,13.730323,100.787462,0.5,0.26,-0.0,1.0,-90.8,269.2,0.01,0.01,-0.03,24.9,79,0,0,0
2026-08-14T10:25:24,1786677924,13.730323,100.787462,0.4,0.23,-0.0,1.0,-90.8,269.2,0.0,0.02,-0.02,24.9,79,AUTO.LOITER,0,0
2026-08-14T10:25:25,1786677925,13.730323,100.787462,0.4,0.23,-0.0,1.0,-90.8,269.2,0.0,0.02,-0.02,24.9,79,0,0,0
2026-08-14T10:25:26,1786677926,13.730323,100.787462,0.4,0.21,-0.0,1.0,-90.8,269.2,0.0,0.02,-0.01,24.9,79,AUTO.LOITER,0,0
2026-08-14T10:25:27,1786677927,13.730323,100.787462,0.3,0.21,-0.0,0.9,-90.8,269.2,0.0,0.02,-0.01,24.9,79,AUTO.LOITER,0,0
2026-08-14T10:25:28,1786677928,13.730323,100.787462,0.4,0.2,-0.1,0.9,-90.8,269.2,0.0,0.02,-0.02,24.9,79,0,0,0
2026-08-14T10:25:29,1786677929,13.730323,100.787462,0.4,0.2,-0.1,0.9,-90.8,269.2,0.0,0.02,-0.02,24.9,79,0,0,0
2026-08-14T10:25:30,1786677930,13.730323,100.787462,0.4,0.2,-0.1,0.8,-90.8,269.2,0.0,0.02,-0.02,24.9,79,0,0,0
2026-08-14T10:25:31,1786677931,13.730323,100.787462,0.4,0.18,-0.0,0.8,-90.8,269.2,0.0,0.02,-0.02,24.9,79,AUTO.LOITER,0,0
2026-08-14T10:25:32,1786677932,13.730323,100.787462,0.4,0.18,-0.0,0.8,-90.8,269.2,0.0,0.02,-0.02,24.9,79,0,0,0
2026-08-14T10:25:33,1786677933,13.730323,100.787462,0.4,0.18,-0.0,0.8,-90.8,269.2,0.0,0.02,-0.03,24.9,79,AUTO.LOITER,0,0
2026-08-14T10:25:34,1786677934,13.730323,100.787462,0.4,0.18,-0.0,0.8,-90.8,269.2,0.0,0.02,-0.03,24.9,79,0,0,0
2026-08-14T10:25:35,1786677935,13.730323,100.787462,0.4,0.18,-0.0,0.8,-90.8,269.2,0.0,0.01,-0.03,24.9,79,0,0,0
2026-08-14T10:25:36,1786677936,13.730323,100.787462,0.4,0.18,-0.0,0.7,-90.8,269.2,0.0,0.01,-0.03,24.9,79,0,0,0
2026-08-14T10:25:37,1786677937,13.730323,100.787462,0.4,0.18,-0.0,0.7,-90.8,269.2,0.0,0.01,-0.03,24.9,79,0,0,0
2026-08-14T10:25:38,1786677938,13.730323,100.787462,0.4,0.18,-0.0,0.7,-90.7,269.3,0.0,0.0,-0.02,24.9,79,AUTO.LOITER,0,0
2026-08-14T10:25:39,1786677939,13.730323,100.787462,0.4,0.18,-0.0,0.7,-90.7,269.3,0.0,0.0,-0.02,24.9,79,0,0,0
2026-08-14T10:25:40,1786677940,13.730323,100.787462,0.4,0.17,-0.0,0.7,-90.7,269.3,-0.01,0.0,-0.02,24.9,79,AUTO.LOITER,0,0
2026-08-14T10:25:41,1786677941,13.730323,100.787462,0.4,0.17,0.0,0.7,-90.7,269.3,-0.01,0.0,-0.02,24.9,79,0,0,0
2026-08-14T10:25:42,1786677942,13.730323,100.787462,0.4,0.16,0.0,0.7,-90.7,269.3,0.0,0.0,-0.02,24.9,79,AUTO.LOITER,0,0
2026-08-14T10:25:43,1786677943,13.730323,100.787462,0.4,0.16,0.0,0.7,-90.7,269.3,0.0,0.0,-0.02,24.9,79,0,0,0
2026-08-14T10:25:44,1786677944,13.730323,100.787462,0.4,0.17,0.0,0.7,-90.7,269.3,0.0,0.0,-0.03,24.9,79,0,0,0
2026-08-14T10:25:45,1786677945,13.730323,100.787462,0.4,0.17,0.0,0.7,-90.7,269.3,0.0,-0.01,-0.02,24.9,79,AUTO.LOITER,0,0
2026-08-14T10:25:46,1786677946,13.730323,100.787462,0.4,0.17,0.0,0.7,-90.7,269.3,0.0,-0.01,-0.02,24.9,79,0,0,0
2026-08-14T10:25:47,1786677947,13.730323,100.787462,0.4,0.16,0.0,0.7,-90.7,269.3,0.0,-0.01,-0.01,24.9,79,AUTO.LOITER,0,0
2026-08-14T10:25:48,1786677948,13.730323,100.787462,0.4,0.16,0.0,0.7,-90.7,269.3,0.0,-0.01,-0.01,24.9,79,0,0,0
2026-08-14T10:25:49,1786677949,13.730323,100.787462,0.3,0.15,0.0,0.7,-90.7,269.3,0.01,0.0,0.0,24.9,79,AUTO.LOITER,0,0
2026-08-14T10:25:50,1786677950,13.730323,100.787462,0.3,0.15,0.0,0.7,-90.7,269.3,0.01,0.0,0.0,24.9,79,0,0,0
2026-08-14T10:25:51,1786677951,13.730323,100.787462,0.3,0.15,0.1,0.7,-90.7,269.3,0.03,0.02,0.0,24.9,79,0,0,0
2026-08-14T10:25:52,1786677952,13.730323,100.787462,0.3,0.15,0.1,0.7,-90.7,269.3,0.03,0.02,0.0,24.9,79,0,0,0
2026-08-14T10:25:53,1786677953,13.730323,100.787463,0.3,0.13,0.0,0.7,-90.7,269.3,0.02,0.03,0.0,24.9,79,0,0,0
2026-08-14T10:25:54,1786677954,13.730323,100.787462,0.3,0.13,0.0,0.7,-90.7,269.3,0.02,0.03,0.0,24.9,79,AUTO.LOITER,0,0
2026-08-14T10:25:55,1786677955,13.730323,100.787463,0.3,0.13,0.0,0.6,-90.7,269.3,0.0,0.03,0.0,24.9,79,0,0,0
2026-08-14T10:25:56,1786677956,13.730323,100.787463,0.3,0.13,0.0,0.6,-90.7,269.3,-0.02,0.02,0.0,24.9,79,AUTO.LOITER,0,0
2026-08-14T10:25:57,1786677957,13.730323,100.787463,0.3,0.13,0.0,0.6,-90.7,269.3,-0.02,0.02,0.0,24.9,79,0,0,0
2026-08-14T10:25:58,1786677958,13.730323,100.787462,0.3,0.13,0.0,0.6,-90.7,269.3,-0.02,0.02,0.0,24.9,79,AUTO.LOITER,0,0
2026-08-14T10:25:59,1786677959,13.730323,100.787462,0.3,0.13,0.0,0.6,-90.7,269.3,-0.02,0.02,0.0,24.9,79,AUTO.LOITER,0,0
2026-08-14T10:26:00,1786677960,13.730323,100.787462,0.3,0.13,0.1,0.5,-90.7,269.3,-0.02,0.02,0.0,24.9,79,AUTO.LOITER,0,0
2026-08-14T10:26:01,1786677961,13.730323,100.787462,0.3,0.13,0.1,0.5,-90.7,269.3,-0.02,0.02,0.0,24.9,79,0,0,0
2026-08-14T10:26:02,1786677962,13.730323,100.787463,0.3,0.13,0.1,0.5,-90.7,269.3,-0.02,0.02,0.0,24.9,79,0,0,0
2026-08-14T10:26:03,1786677963,13.730323,100.787462,0.3,0.13,0.1,0.5,-90.7,269.3,-0.02,0.02,0.0,24.9,79,AUTO.LOITER,0,0
2026-08-14T10:26:04,1786677964,13.730323,100.787462,0.3,0.11,0.1,0.5,-90.7,269.3,0.01,-0.01,-0.01,24.9,79,0,0,0
2026-08-14T10:26:05,1786677965,13.730323,100.787462,0.3,0.12,0.1,0.6,-90.7,269.3,0.01,-0.01,-0.01,24.9,79,AUTO.LOITER,0,0
2026-08-14T10:26:06,1786677966,13.730323,100.787462,0.3,0.12,0.1,0.6,-90.7,269.3,0.01,-0.01,-0.01,24.9,79,0,0,0
2026-08-14T10:26:07,1786677967,13.730323,100.787462,0.3,0.12,0.1,0.6,-90.7,269.3,0.02,-0.01,0.0,24.9,79,AUTO.LOITER,0,0
2026-08-14T10:26:08,1786677968,13.730323,100.787462,0.3,0.12,0.0,0.6,-90.7,269.3,0.02,-0.01,0.0,24.9,79,0,0,0
2026-08-14T10:26:09,1786677969,13.730323,100.787462,0.3,0.12,0.0,0.6,-90.7,269.3,0.03,-0.02,0.0,24.9,79,0,0,0
2026-08-14T10:26:10,1786677970,13.730323,100.787462,0.3,0.12,0.0,0.6,-90.7,269.3,0.03,-0.02,0.0,24.9,79,0,0,0
2026-08-14T10:26:11,1786677971,13.730323,100.787462,0.3,0.1,0.0,0.6,-90.7,269.3,0.02,-0.03,0.02,24.9,79,0,0,0
2026-08-14T10:26:12,1786677972,13.730323,100.787462,0.3,0.1,-0.0,0.6,-90.7,269.3,0.02,-0.03,0.02,24.9,79,AUTO.LOITER,0,0
2026-08-14T10:26:13,1786677973,13.730323,100.787462,0.3,0.07,-0.0,0.7,-90.7,269.3,0.02,-0.02,0.03,24.9,79,0,0,0
2026-08-14T10:26:14,1786677974,13.730323,100.787462,0.3,0.07,-0.0,0.7,-90.7,269.3,0.02,0.0,0.02,24.9,79,AUTO.LOITER,0,0
2026-08-14T10:26:15,1786677975,13.730323,100.787462,0.3,0.07,-0.1,0.7,-90.7,269.3,0.02,0.0,0.02,24.9,79,0,0,0
2026-08-14T10:26:16,1786677976,13.730323,100.787462,0.3,0.07,-0.1,0.7,-90.7,269.3,0.02,0.01,0.01,24.9,79,AUTO.LOITER,0,0
2026-08-14T10:26:17,1786677977,13.730323,100.787462,0.3,0.07,-0.1,0.7,-90.7,269.3,0.02,0.01,0.01,24.9,79,0,0,0
2026-08-14T10:26:18,1786677978,13.730323,100.787462,0.3,0.06,-0.1,0.7,-90.7,269.3,0.02,0.01,0.01,24.9,79,AUTO.LOITER,0,0
2026-08-14T10:26:19,1786677979,13.730323,100.787462,0.3,0.06,-0.1,0.7,-90.7,269.3,0.02,0.01,0.01,24.9,79,0,0,0
2026-08-14T10:26:20,1786677980,13.730323,100.787462,0.3,0.06,-0.1,0.7,-90.6,269.4,0.0,0.01,0.01,24.9,79,0,0,0
2026-08-14T10:26:21,1786677981,13.730324,100.787462,0.3,0.06,-0.1,0.7,-90.6,269.4,0.0,0.01,0.01,24.9,79,AUTO.LOITER,0,0
2026-08-14T10:26:22,1786677982,13.730323,100.787462,0.3,0.05,-0.1,0.7,-90.6,269.4,0.0,0.01,0.01,24.9,79,0,0,0
2026-08-14T10:26:23,1786677983,13.730323,100.787462,0.2,0.04,-0.2,0.7,-90.6,269.4,0.01,0.0,0.02,24.9,79,AUTO.LOITER,0,0
2026-08-14T10:26:24,1786677984,13.730323,100.787462,0.2,0.04,-0.2,0.7,-90.6,269.4,0.01,0.0,0.02,24.9,79,0,0,0
2026-08-14T10:26:25,1786677985,13.730323,100.787462,0.2,0.03,-0.2,0.7,-90.6,269.4,0.0,0.0,0.03,24.9,79,AUTO.LOITER,0,0
2026-08-14T10:26:26,1786677986,13.730323,100.787462,0.2,0.03,-0.2,0.7,-90.6,269.4,0.0,0.0,0.03,24.9,79,0,0,0
2026-08-14T10:26:27,1786677987,13.730323,100.787462,0.2,0.01,-0.2,0.7,-90.6,269.4,0.0,0.0,0.03,24.9,79,AUTO.LOITER,0,0
2026-08-14T10:26:28,1786677988,13.730323,100.787462,0.2,0.01,-0.2,0.7,-90.6,269.4,0.0,0.0,0.03,24.9,79,0,0,0
2026-08-14T10:26:29,1786677989,13.730323,100.787462,0.2,0.02,-0.2,0.8,-90.6,269.4,-0.02,0.0,0.02,24.9,79,AUTO.LOITER,0,0
2026-08-14T10:26:30,1786677990,13.730323,100.787462,0.2,0.02,-0.2,0.8,-90.6,269.4,-0.02,0.0,0.02,24.9,79,0,0,0
2026-08-14T10:26:31,1786677991,13.730323,100.787463,0.2,0.02,-0.2,0.8,-90.6,269.4,-0.02,0.02,0.01,24.9,79,0,0,0
2026-08-14T10:26:32,1786677992,13.730323,100.787462,0.2,0.02,-0.2,0.7,-90.6,269.4,-0.02,0.02,0.01,24.9,79,AUTO.LOITER,0,0
2026-08-14T10:26:33,1786677993,13.730323,100.787462,0.2,0.02,-0.2,0.7,-90.6,269.4,-0.02,0.02,0.01,24.9,79,AUTO.LOITER,0,0
2026-08-14T10:26:34,1786677994,13.730323,100.787462,0.2,0.03,-0.1,0.7,-90.6,269.4,0.0,0.01,0.0,24.9,79,AUTO.LOITER,0,0
2026-08-14T10:26:35,1786677995,13.730323,100.787462,0.2,0.03,-0.1,0.7,-90.6,269.4,0.0,0.01,0.0,24.9,79,0,0,0
2026-08-14T10:26:36,1786677996,13.730324,100.787462,0.3,0.03,-0.1,0.7,-90.6,269.4,0.0,0.01,0.0,24.9,79,AUTO.LOITER,0,0
2026-08-14T10:26:37,1786677997,13.730323,100.787462,0.2,0.04,-0.1,0.7,-90.6,269.4,0.01,0.01,0.0,24.9,79,0,0,0
2026-08-14T10:26:38,1786677998,13.730323,100.787462,0.3,0.06,-0.1,0.7,-90.6,269.4,0.01,0.01,-0.01,24.9,79,AUTO.LOITER,0,0
2026-08-14T10:26:39,1786677999,13.730323,100.787462,0.3,0.06,-0.1,0.7,-90.6,269.4,0.01,0.01,-0.01,24.9,79,0,0,0
2026-08-14T10:26:40,1786678000,13.730323,100.787462,0.3,0.09,-0.1,0.7,-90.6,269.4,0.01,0.02,-0.03,24.9,79,AUTO.LOITER,0,0
2026-08-14T10:26:41,1786678001,13.730323,100.787462,0.3,0.09,-0.1,0.7,-90.6,269.4,0.01,0.02,-0.03,24.9,79,AUTO.LOITER,0,0
2026-08-14T10:26:42,1786678002,13.730323,100.787463,0.3,0.12,-0.2,0.7,-90.6,269.4,0.0,0.01,-0.04,24.9,79,AUTO.LOITER,0,0
2026-08-14T10:26:43,1786678003,13.730323,100.787463,0.3,0.12,-0.2,0.7,-90.6,269.4,0.0,0.01,-0.04,24.9,79,0,0,0
2026-08-14T10:26:44,1786678004,13.730323,100.787462,0.4,0.16,-0.2,0.7,-90.6,269.4,0.0,0.0,-0.07,24.9,79,0,0,0
2026-08-14T10:26:45,1786678005,13.730323,100.787462,0.4,0.17,-0.2,0.7,-90.7,269.3,0.0,0.0,-0.08,24.9,79,AUTO.LOITER,0,0
2026-08-14T10:26:46,1786678006,13.730323,100.787462,0.4,0.17,-0.2,0.6,-90.7,269.3,0.0,0.0,-0.08,24.9,79,0,0,0
2026-08-14T10:26:47,1786678007,13.730323,100.787462,0.4,0.21,-0.2,0.6,-90.7,269.3,0.0,0.0,-0.1,24.9,79,AUTO.LOITER,0,0
2026-08-14T10:26:48,1786678008,13.730323,100.787462,0.4,0.21,-0.2,0.7,-90.7,269.3,0.0,0.0,-0.1,24.9,79,0,0,0
2026-08-14T10:26:49,1786678009,13.730323,100.787462,0.4,0.25,-0.2,0.7,-90.7,269.3,0.0,0.0,-0.11,24.9,79,AUTO.LOITER,0,0
2026-08-14T10:26:50,1786678010,13.730323,100.787462,0.4,0.25,-0.2,0.7,-90.7,269.3,0.0,0.0,-0.11,24.9,79,0,0,0
2026-08-14T10:26:51,1786678011,13.730323,100.787462,0.5,0.27,-0.2,0.6,-90.7,269.3,0.0,-0.01,-0.12,24.9,79,0,0,0
2026-08-14T10:26:52,1786678012,13.730323,100.787463,0.3,0.27,-0.2,0.7,-90.7,269.3,0.0,-0.01,-0.12,24.9,79,AUTO.LOITER,0,0
2026-08-14T10:26:53,1786678013,13.730323,100.787462,0.5,0.28,-0.2,0.7,-90.7,269.3,-0.01,-0.01,-0.12,24.9,79,0,0,0
2026-08-14T10:26:54,1786678014,13.730323,100.787462,0.5,0.3,-0.2,0.7,-90.7,269.3,-0.01,-0.01,-0.12,24.9,79,AUTO.LOITER,0,0
2026-08-14T10:26:55,1786678015,13.730323,100.787462,0.5,0.3,-0.2,0.7,-90.7,269.3,-0.01,-0.01,-0.12,24.9,79,0,0,0
2026-08-14T10:26:56,1786678016,13.730323,100.787462,0.5,0.3,-0.2,0.7,-90.7,269.3,-0.01,-0.01,-0.12,24.9,79,AUTO.LOITER,0,0
2026-08-14T10:26:57,1786678017,13.730323,100.787462,0.5,0.3,-0.2,0.7,-90.7,269.3,-0.01,-0.01,-0.12,24.9,79,0,0,0
2026-08-14T10:26:58,1786678018,13.730323,100.787462,0.5,0.32,-0.2,0.7,-90.7,269.3,-0.01,-0.01,-0.11,24.9,79,AUTO.LOITER,0,0
2026-08-14T10:26:59,1786678019,13.730323,100.787462,0.5,0.32,-0.2,0.7,-90.7,269.3,-0.01,-0.01,-0.11,24.9,79,0,0,0
2026-08-14T10:27:00,1786678020,13.730323,100.787462,0.5,0.33,-0.2,0.7,-90.7,269.3,0.0,-0.01,-0.11,24.9,79,0,0,0
2026-08-14T10:27:01,1786678021,13.730323,100.787462,0.5,0.33,-0.2,0.7,-90.7,269.3,0.0,-0.01,-0.11,24.9,79,0,0,0
2026-08-14T10:27:02,1786678022,13.730323,100.787462,0.5,0.32,-0.2,0.7,-90.7,269.3,0.0,-0.02,-0.11,24.9,79,0,0,0
2026-08-14T10:27:03,1786678023,13.730323,100.787462,0.3,0.32,-0.2,0.7,-90.7,269.3,0.0,-0.02,-0.11,24.9,79,AUTO.LOITER,0,0
2026-08-14T10:27:04,1786678024,13.730323,100.787462,0.5,0.32,-0.2,0.7,-90.7,269.3,-0.01,-0.01,-0.11,24.9,79,0,0,0
2026-08-14T10:27:05,1786678025,13.730323,100.787462,0.5,0.32,-0.2,0.7,-90.7,269.3,-0.02,-0.01,-0.12,24.9,79,AUTO.LOITER,0,0
2026-08-14T10:27:06,1786678026,13.730323,100.787462,0.5,0.32,-0.2,0.7,-90.7,269.3,-0.02,-0.01,-0.12,24.9,79,0,0,0
2026-08-14T10:27:07,1786678027,13.730323,100.787462,0.5,0.34,-0.2,0.7,-90.7,269.3,-0.01,0.0,-0.14,24.9,79,AUTO.LOITER,0,0
2026-08-14T10:27:08,1786678028,13.730323,100.787462,0.5,0.34,-0.2,0.7,-90.7,269.3,-0.01,0.0,-0.14,24.9,79,0,0,0
2026-08-14T10:27:09,1786678029,13.730323,100.787462,0.5,0.35,-0.2,0.7,-90.7,269.3,0.0,0.0,-0.14,24.9,79,AUTO.LOITER,0,0
2026-08-14T10:27:10,1786678030,13.730323,100.787462,0.5,0.35,-0.2,0.7,-90.7,269.3,0.0,0.0,-0.14,24.9,79,0,0,0
2026-08-14T10:27:11,1786678031,13.730323,100.787462,0.6,0.37,-0.2,0.7,-90.7,269.3,0.0,0.0,-0.15,24.9,79,0,0,0
2026-08-14T10:27:12,1786678032,13.730323,100.787462,0.6,0.37,-0.2,0.7,-90.7,269.3,0.0,0.0,-0.15,24.9,79,0,0,0
2026-08-14T10:27:13,1786678033,13.730323,100.787462,0.6,0.37,-0.2,0.7,-90.7,269.3,0.0,0.0,-0.15,24.9,79,0,0,0
2026-08-14T10:28:02,1786678082,13.730322,100.787446,0.5,0.04,0.5,0.0,88.6,88.6,0.0,0.0,0.0,24.9,100,POSCTL,0,0
2026-08-14T10:28:03,1786678083,13.730322,100.787446,0.6,0.01,0.5,-0.0,88.6,88.6,0.02,0.0,-0.02,24.9,100,POSCTL,0,0
2026-08-14T10:28:04,1786678084,13.730322,100.787446,0.6,0.02,0.6,0.1,88.6,88.6,-0.01,0.0,-0.03,24.9,100,POSCTL,0,0
2026-08-14T10:28:05,1786678085,13.730322,100.787446,0.6,0.02,0.5,0.1,88.6,88.6,-0.02,0.01,-0.02,24.9,100,POSCTL,0,0
2026-08-14T10:28:06,1786678086,13.730322,100.787446,0.6,0.01,0.5,0.1,88.6,88.6,-0.01,0.0,-0.02,24.9,100,POSCTL,0,0
2026-08-14T10:28:07,1786678087,13.730322,100.787446,0.5,-0.01,0.4,0.1,88.6,88.6,0.0,-0.01,-0.02,24.9,100,POSCTL,0,0
2026-08-14T10:28:08,1786678088,13.730322,100.787446,0.5,0.0,0.4,0.1,88.7,88.7,0.02,0.0,-0.03,24.9,100,POSCTL,0,0
2026-08-14T10:28:09,1786678089,13.730322,100.787446,0.5,-0.0,0.4,0.1,88.6,88.6,0.0,-0.02,-0.02,24.9,100,POSCTL,0,0
2026-08-14T10:28:10,1786678090,13.730322,100.787446,0.5,-0.02,0.4,0.0,88.7,88.7,0.0,-0.01,-0.01,24.9,100,POSCTL,0,0
2026-08-14T10:28:11,1786678091,13.730322,100.787446,0.5,-0.03,0.5,0.0,88.7,88.7,0.0,0.0,-0.01,24.9,100,POSCTL,0,0
2026-08-14T10:28:12,1786678092,13.730322,100.787446,0.5,-0.03,0.5,-0.0,88.7,88.7,0.0,0.02,0.0,24.9,100,POSCTL,0,0
2026-08-14T10:28:13,1786678093,13.730322,100.787446,0.5,-0.02,0.5,0.1,88.7,88.7,0.0,0.0,0.0,24.9,100,POSCTL,0,0
2026-08-14T10:28:14,1786678094,13.730322,100.787446,0.5,-0.02,0.5,0.1,88.7,88.7,0.0,-0.02,0.0,24.9,100,POSCTL,0,0
2026-08-14T10:28:15,1786678095,13.730322,100.787446,0.5,-0.03,0.5,0.1,88.7,88.7,-0.01,-0.02,0.02,24.9,100,POSCTL,0,0
2026-08-14T10:28:16,1786678096,13.730322,100.787446,0.5,-0.03,0.5,0.0,88.7,88.7,-0.01,-0.01,0.02,24.9,100,POSCTL,0,0
2026-08-14T10:28:17,1786678097,13.730322,100.787446,0.5,-0.05,0.5,0.0,88.7,88.7,0.0,0.0,0.02,24.9,100,POSCTL,0,0
2026-08-14T10:28:18,1786678098,13.730322,100.787446,0.5,-0.05,0.5,0.0,88.7,88.7,0.0,0.0,0.02,24.9,100,POSCTL,0,0
2026-08-14T10:28:19,1786678099,13.730322,100.787446,0.5,-0.05,0.5,0.0,88.7,88.7,-0.01,0.0,0.02,24.9,100,POSCTL,0,0
2026-08-14T10:28:20,1786678100,13.730322,100.787446,0.5,-0.04,0.5,0.0,88.7,88.7,-0.01,0.0,0.02,24.9,100,POSCTL,0,0
2026-08-14T10:28:21,1786678101,13.730322,100.787446,0.5,-0.04,0.5,0.1,88.7,88.7,-0.01,0.0,0.03,24.9,100,POSCTL,0,0
2026-08-14T10:28:22,1786678102,13.730322,100.787446,0.5,-0.04,0.5,0.1,88.6,88.6,0.0,0.0,0.03,24.9,100,POSCTL,0,0
2026-08-14T10:28:23,1786678103,13.730322,100.787446,0.5,-0.05,0.5,0.1,88.7,88.7,-0.01,-0.01,0.04,24.9,100,POSCTL,0,0
2026-08-14T10:28:24,1786678104,13.730322,100.787446,0.5,-0.06,0.5,0.1,88.7,88.7,-0.02,-0.01,0.05,24.9,100,POSCTL,0,0
2026-08-14T10:28:25,1786678105,13.730322,100.787446,0.5,-0.08,0.4,0.0,88.6,88.6,-0.01,0.0,0.07,24.9,100,POSCTL,0,0
2026-08-14T10:28:26,1786678106,13.730322,100.787446,0.5,-0.09,0.4,0.0,88.7,88.7,-0.01,0.0,0.08,24.9,100,POSCTL,0,0
2026-08-14T10:28:27,1786678107,13.730322,100.787446,0.5,-0.09,0.4,0.1,88.7,88.7,0.0,0.0,0.09,24.9,100,0,0,0
2026-08-14T10:28:28,1786678108,13.730322,100.787446,0.4,-0.1,0.4,0.0,88.7,88.7,0.0,0.0,0.1,24.9,100,0,0,0
2026-08-14T10:28:29,1786678109,13.730322,100.787446,0.4,-0.13,0.3,0.0,88.7,88.7,0.0,0.0,0.11,24.9,100,POSCTL,0,0
2026-08-14T10:28:30,1786678110,13.730322,100.787446,0.4,-0.16,0.3,0.0,88.7,88.7,0.01,0.0,0.12,24.9,100,POSCTL,0,0
2026-08-14T10:28:31,1786678111,13.730322,100.787446,0.4,-0.19,0.3,0.0,88.7,88.7,0.0,0.0,0.13,24.9,100,POSCTL,0,0
2026-08-14T10:28:32,1786678112,13.730322,100.787446,0.3,-0.2,0.3,0.0,88.7,88.7,0.01,0.0,0.12,24.9,100,POSCTL,0,0
2026-08-14T10:28:33,1786678113,13.730322,100.787446,0.3,-0.2,0.3,0.1,88.7,88.7,0.01,0.01,0.12,24.9,100,POSCTL,0,0
2026-08-14T10:28:34,1786678114,13.730322,100.787446,0.3,-0.21,0.3,0.1,88.7,88.7,0.01,0.02,0.11,24.9,100,POSCTL,0,0
2026-08-14T10:28:35,1786678115,13.730322,100.787446,0.3,-0.21,0.3,0.1,88.7,88.7,0.01,0.01,0.09,24.9,100,POSCTL,0,0
2026-08-14T10:28:36,1786678116,13.730322,100.787446,0.3,-0.2,0.3,0.1,88.7,88.7,0.01,0.0,0.08,24.9,100,POSCTL,0,0
2026-08-14T10:28:37,1786678117,13.730322,100.787446,0.5,-0.2,0.3,0.1,88.6,88.6,0.01,0.0,0.07,24.9,100,POSCTL,0,0
2026-08-14T10:28:38,1786678118,13.730322,100.787447,0.5,-0.18,0.3,0.1,88.7,88.7,0.0,0.0,0.05,24.9,100,POSCTL,0,0
2026-08-14T10:28:39,1786678119,13.730322,100.787446,0.5,-0.16,0.3,0.1,88.6,88.6,0.01,0.0,0.04,24.9,100,POSCTL,0,0
2026-08-14T10:28:40,1786678120,13.730322,100.787446,0.6,-0.16,0.4,0.1,88.7,88.7,0.0,0.01,0.03,24.9,100,POSCTL,0,0
2026-08-14T10:28:41,1786678121,13.730322,100.787446,0.4,-0.14,0.4,0.1,88.7,88.7,0.0,0.01,0.02,24.9,100,AUTO.TAKEOFF,1,0
2026-08-14T10:28:42,1786678122,13.730322,100.787446,0.4,0.02,0.4,0.1,88.6,88.6,0.0,0.01,0.0,24.9,100,0,0,0
2026-08-14T10:28:43,1786678123,13.730322,100.787446,0.4,0.02,0.4,0.1,88.7,88.7,0.0,0.01,0.0,24.9,100,0,0,0
2026-08-14T10:28:44,1786678124,13.730322,100.787446,0.5,0.03,0.4,0.1,88.7,88.7,0.0,0.01,0.0,24.9,100,0,0,0
2026-08-14T10:28:45,1786678125,13.730322,100.787446,0.5,0.03,0.4,0.1,88.7,88.7,0.0,0.01,0.0,24.9,100,0,0,0
2026-08-14T10:28:46,1786678126,13.730322,100.787446,0.5,0.0,0.4,0.1,88.7,88.7,0.0,0.02,0.01,24.89,100,0,0,0
2026-08-14T10:28:47,1786678127,13.730322,100.787446,0.5,0.0,0.4,0.1,88.7,88.7,0.0,0.02,0.01,24.89,100,AUTO.TAKEOFF,1,1
2026-08-14T10:28:48,1786678128,13.730322,100.787446,0.5,0.02,0.3,0.1,88.7,88.7,0.01,0.0,-0.04,24.89,100,0,0,1
2026-08-14T10:28:49,1786678129,13.730322,100.787446,0.5,0.02,0.0,0.8,88.7,88.7,0.01,0.0,-0.04,24.89,100,AUTO.TAKEOFF,1,1
2026-08-14T10:28:50,1786678130,13.730322,100.787446,1.2,0.71,0.7,-0.9,88.7,88.7,0.0,0.04,-1.2,24.89,100,0,0,1
2026-08-14T10:28:51,1786678131,13.730322,100.787446,1.2,0.71,0.3,-0.1,88.8,88.8,0.0,0.04,-1.2,24.89,100,AUTO.LOITER,1,1
2026-08-14T10:28:52,1786678132,13.730322,100.787446,2.8,2.34,0.2,0.7,88.8,88.8,0.0,0.0,-1.54,24.89,100,0,0,1
2026-08-14T10:28:53,1786678133,13.730322,100.787446,2.8,2.34,0.5,0.4,88.5,88.5,0.0,0.0,-1.54,24.88,100,AUTO.LOITER,1,1
2026-08-14T10:28:54,1786678134,13.730322,100.787446,2.8,2.34,0.8,-0.1,88.6,88.6,0.0,0.0,-1.54,24.88,100,0,0,1
2026-08-14T10:28:55,1786678135,13.730322,100.787446,2.8,2.34,0.8,-0.1,88.6,88.6,0.0,0.0,-1.54,24.88,100,AUTO.LOITER,1,1
2026-08-14T10:28:56,1786678136,13.730322,100.787446,4.9,4.48,-0.0,0.7,88.5,88.5,0.0,-0.05,-1.06,24.88,100,0,0,1
2026-08-14T10:28:57,1786678137,13.730322,100.787446,4.9,4.48,0.4,0.0,88.6,88.6,0.0,-0.05,-1.06,24.88,100,AUTO.LOITER,1,1
2026-08-14T10:28:58,1786678138,13.730322,100.787446,6.0,5.51,0.6,-0.3,88.7,88.7,-0.03,0.0,-1.03,24.88,100,0,0,1
2026-08-14T10:28:59,1786678139,13.730322,100.787446,6.0,5.51,0.3,-0.1,88.7,88.7,-0.03,0.0,-1.03,24.88,100,0,0,1
2026-08-14T10:29:00,1786678140,13.730322,100.787446,7.0,6.53,-0.0,0.2,88.6,88.6,0.0,-0.01,-1.03,24.87,100,0,0,1
2026-08-14T10:29:01,1786678141,13.730322,100.787446,7.0,6.53,0.2,0.2,88.5,88.5,0.0,-0.01,-1.03,24.87,100,0,0,1
2026-08-14T10:29:02,1786678142,13.730322,100.787446,8.0,7.53,0.4,-0.1,88.5,88.5,-0.01,-0.01,-1.02,24.87,100,0,0,1
2026-08-14T10:29:03,1786678143,13.730322,100.787446,8.0,7.53,0.1,0.1,88.6,88.6,-0.01,-0.01,-1.02,24.87,100,0,0,1
2026-08-14T10:29:04,1786678144,13.730322,100.787446,9.0,8.54,0.1,0.1,88.6,88.6,0.0,-0.02,-1.01,24.87,100,0,0,1
2026-08-14T10:29:05,1786678145,13.730322,100.787446,9.0,8.54,0.1,0.1,88.6,88.6,0.0,-0.02,-1.01,24.87,100,0,0,1
2026-08-14T10:29:06,1786678146,13.730322,100.787446,9.0,8.54,0.1,0.1,88.6,88.6,0.0,-0.02,-1.01,24.87,100,0,0,1
2026-08-14T10:29:07,1786678147,13.730322,100.787446,9.0,8.54,0.2,-0.3,88.6,88.6,0.0,-0.02,-1.01,24.87,100,0,0,1
2026-08-14T10:29:08,1786678148,13.730322,100.787446,10.7,8.54,0.3,-0.2,88.6,88.6,0.0,-0.02,-1.01,24.86,100,0,0,1
2026-08-14T10:29:09,1786678149,13.730322,100.787446,11.0,10.55,0.5,0.3,88.6,88.6,0.0,0.0,-1.01,24.86,100,0,0,1
2026-08-14T10:29:10,1786678150,13.730322,100.787446,11.6,10.55,0.3,-0.1,88.6,88.6,0.0,0.0,-1.01,24.86,100,0,0,1
2026-08-14T10:29:11,1786678151,13.730322,100.787446,12.0,11.53,0.4,-0.3,88.6,88.6,0.0,-0.01,-1.02,24.86,100,0,0,1
2026-08-14T10:29:12,1786678152,13.730322,100.787446,12.6,11.53,0.2,-0.4,88.6,88.6,0.0,-0.01,-1.02,24.86,100,0,0,1
2026-08-14T10:29:13,1786678153,13.730322,100.787446,13.0,12.52,0.2,-0.4,88.6,88.6,-0.01,0.02,-1.03,24.86,100,0,0,1
2026-08-14T10:29:14,1786678154,13.730322,100.787446,13.0,12.52,-0.0,-0.0,88.6,88.6,-0.01,0.02,-1.03,24.86,100,0,0,1
2026-08-14T10:29:15,1786678155,13.730322,100.787446,14.0,13.5,-0.1,-0.4,88.6,88.6,0.01,-0.02,-1.04,24.86,100,0,0,1
2026-08-14T10:29:16,1786678156,13.730321,100.787447,14.5,13.5,-0.1,0.1,88.7,88.7,0.01,-0.02,-1.04,24.85,100,0,0,1
2026-08-14T10:29:17,1786678157,13.730322,100.787446,14.9,14.49,0.2,0.1,88.7,88.7,0.04,-0.01,-1.06,24.85,100,0,0,1
2026-08-14T10:29:18,1786678158,13.730322,100.787446,15.5,14.49,0.1,-0.2,88.6,88.6,0.04,-0.01,-1.06,24.85,100,0,0,1
2026-08-14T10:29:19,1786678159,13.730322,100.787446,15.9,15.49,0.4,-0.4,88.5,88.5,0.03,-0.02,-1.06,24.85,100,0,0,1
2026-08-14T10:29:20,1786678160,13.730322,100.787446,16.4,15.49,0.5,-0.4,88.6,88.6,0.03,-0.02,-1.06,24.85,100,0,0,1
2026-08-14T10:29:21,1786678161,13.730322,100.787446,16.8,16.34,0.4,0.2,88.6,88.6,0.0,0.01,-0.71,24.85,100,0,0,1
2026-08-14T10:29:22,1786678162,13.730322,100.787446,17.0,16.34,0.2,-0.1,88.7,88.7,0.0,0.01,-0.71,24.84,100,0,0,1
2026-08-14T10:29:23,1786678163,13.730322,100.787446,17.4,16.93,-0.1,-0.2,88.6,88.6,0.0,0.0,-1.06,24.84,100,0,0,1
2026-08-14T10:29:24,1786678165,13.730322,100.787447,17.9,16.93,-0.1,0.1,88.6,88.6,0.0,0.0,-1.06,24.84,100,0,0,1
2026-08-14T10:29:25,1786678166,13.730322,100.787446,18.4,17.93,0.2,-0.3,88.5,88.5,0.03,0.0,-0.95,24.84,100,0,0,1
2026-08-14T10:29:26,1786678167,13.730322,100.787446,18.7,17.93,-0.3,-6.4,88.3,88.3,0.03,0.0,-0.95,24.84,100,0,0,1
2026-08-14T10:29:27,1786678168,13.730322,100.787446,18.7,17.93,-0.3,-6.4,88.3,88.3,0.03,0.0,-0.95,24.84,100,0,0,1
2026-08-14T10:29:28,1786678169,13.730323,100.787462,19.1,17.93,-7.3,-16.6,96.1,96.1,0.03,0.0,-0.95,24.84,100,0,0,1
2026-08-14T10:29:29,1786678170,13.730323,100.787462,19.1,17.93,-7.3,-16.6,96.1,96.1,0.03,0.0,-0.95,24.84,100,0,0,1
2026-08-14T10:29:30,1786678171,13.730323,100.787462,19.1,17.93,11.2,-2.8,80.1,80.1,0.03,0.0,-0.95,24.83,100,0,0,1
2026-08-14T10:29:31,1786678172,13.73033,100.787517,19.3,18.89,2.1,-0.5,84.3,84.3,-0.28,5.1,-0.05,24.83,100,0,0,1
2026-08-14T10:29:32,1786678173,13.73033,100.787547,19.2,18.89,-3.3,-3.6,88.2,88.2,-0.28,5.1,-0.05,24.83,100,0,0,1
2026-08-14T10:29:33,1786678174,13.730329,100.787562,19.4,18.9,-1.4,-3.2,89.1,89.1,0.1,5.04,-0.06,24.83,100,0,0,1
2026-08-14T10:29:34,1786678175,13.730331,100.787593,19.2,18.9,0.4,-2.5,87.8,87.8,0.1,5.04,-0.06,24.83,100,0,0,1
2026-08-14T10:29:35,1786678176,13.730332,100.787608,19.4,18.92,-0.2,-2.2,86.0,86.0,0.27,5.08,-0.07,24.83,100,0,0,1
2026-08-14T10:29:36,1786678177,13.730333,100.787638,19.3,18.92,-0.5,-2.1,85.2,85.2,0.27,5.08,-0.07,24.82,99,0,0,1
2026-08-14T10:29:37,1786678178,13.730334,100.787654,19.4,18.95,-0.2,-2.3,85.5,85.5,0.38,5.04,-0.07,24.82,99,0,0,1
2026-08-14T10:29:38,1786678179,13.730336,100.787686,19.4,18.95,-0.1,-2.0,86.3,86.3,0.38,5.04,-0.07,24.82,99,0,0,1
2026-08-14T10:29:39,1786678180,13.730337,100.7877,19.4,18.99,0.4,-2.2,86.8,86.8,0.42,5.02,-0.05,24.82,99,0,0,1
2026-08-14T10:29:40,1786678181,13.730339,100.787732,19.3,18.99,0.0,-2.0,86.7,86.7,0.42,5.02,-0.05,24.82,99,0,0,1
2026-08-14T10:29:41,1786678182,13.730339,100.787747,19.5,19.01,-0.1,-1.6,86.4,86.4,0.4,5.01,-0.05,24.82,99,0,0,1
2026-08-14T10:29:42,1786678183,13.730341,100.787778,19.4,19.01,0.3,-2.1,86.2,86.2,0.4,5.01,-0.05,24.82,99,0,0,1
2026-08-14T10:29:43,1786678184,13.730342,100.787793,19.5,19.03,0.5,-1.6,86.2,86.2,0.39,4.99,-0.05,24.82,99,0,0,1
2026-08-14T10:29:44,1786678185,13.730344,100.787824,19.5,19.03,0.5,-1.7,86.4,86.4,0.39,4.99,-0.05,24.81,99,0,0,1
2026-08-14T10:29:45,1786678186,13.730345,100.787839,19.5,19.08,0.2,-2.2,86.5,86.5,0.35,4.94,-0.03,24.81,99,0,0,1
2026-08-14T10:29:46,1786678187,13.730347,100.787872,19.5,19.08,0.1,-2.1,86.5,86.5,0.35,4.94,-0.03,24.81,99,0,0,1
2026-08-14T10:29:47,1786678188,13.730348,100.787886,19.6,19.12,0.6,-1.7,86.5,86.5,0.36,4.96,-0.01,24.81,99,0,0,1
2026-08-14T10:29:48,1786678189,13.73035,100.787917,19.6,19.12,0.6,-1.9,86.4,86.4,0.36,4.96,-0.01,24.81,99,0,0,1
2026-08-14T10:29:49,1786678190,13.73035,100.787917,19.6,19.12,0.6,-1.9,86.4,86.4,0.36,4.96,-0.01,24.81,99,0,0,1
2026-08-14T10:29:50,1786678191,13.730353,100.787963,19.5,19.12,0.4,-2.0,86.4,86.4,0.36,4.96,-0.01,24.81,99,0,0,1
2026-08-14T10:29:51,1786678192,13.730354,100.787978,19.6,19.16,0.7,-1.7,86.5,86.5,0.31,4.96,-0.01,24.81,99,0,0,1
2026-08-14T10:29:52,1786678193,13.730356,100.78801,19.5,19.16,0.5,-2.0,86.5,86.5,0.31,4.96,-0.01,24.8,99,0,0,1
2026-08-14T10:29:53,1786678194,13.730357,100.788024,19.6,19.17,0.6,-2.1,86.5,86.5,0.29,4.95,-0.03,24.8,99,0,0,1
2026-08-14T10:29:54,1786678195,13.730359,100.788056,19.5,19.17,0.6,-2.2,86.5,86.5,0.29,4.95,-0.03,24.8,99,0,0,1
2026-08-14T10:29:55,1786678196,13.73036,100.78807,19.6,19.18,0.5,-2.3,86.5,86.5,0.28,4.98,-0.04,24.8,99,0,0,1
2026-08-14T10:29:56,1786678197,13.730362,100.788102,19.6,19.18,0.5,-2.2,86.5,86.5,0.28,4.98,-0.04,24.8,99,0,0,1
2026-08-14T10:29:57,1786678198,13.730362,100.788116,19.6,19.19,0.5,-1.9,86.5,86.5,0.28,5.0,-0.05,24.8,99,0,0,1
2026-08-14T10:29:58,1786678199,13.730364,100.788149,19.6,19.19,0.5,-1.7,86.5,86.5,0.28,5.0,-0.05,24.79,99,0,0,1
2026-08-14T10:29:59,1786678200,13.730365,100.788163,19.7,19.22,0.4,-2.2,86.5,86.5,0.28,4.96,-0.04,24.79,99,0,0,1
2026-08-14T10:30:00,1786678201,13.730367,100.788194,19.7,19.22,0.4,-2.4,86.5,86.5,0.28,4.96,-0.04,24.79,99,0,0,1
2026-08-14T10:30:01,1786678202,13.730368,100.788209,19.7,19.25,0.4,-2.1,86.5,86.5,0.29,5.0,-0.03,24.79,99,0,0,1
2026-08-14T10:30:02,1786678203,13.73037,100.788241,19.7,19.25,0.5,-1.9,86.5,86.5,0.29,5.0,-0.03,24.79,99,0,0,1
2026-08-14T10:30:03,1786678204,13.730371,100.788255,19.7,19.27,0.5,-1.9,86.5,86.5,0.27,4.98,-0.03,24.79,99,0,0,1
2026-08-14T10:30:04,1786678205,13.730373,100.788287,19.7,19.27,0.5,-1.9,86.5,86.5,0.27,4.98,-0.03,24.79,99,0,0,1
2026-08-14T10:30:05,1786678206,13.730373,100.788287,19.7,19.27,0.5,-2.0,86.5,86.5,0.27,4.98,-0.03,24.79,99,0,0,1
2026-08-14T10:30:06,1786678207,13.730376,100.788333,19.7,19.27,0.9,-2.3,86.5,86.5,0.27,4.98,-0.03,24.78,98,0,0,1
2026-08-14T10:30:07,1786678208,13.730377,100.788347,19.8,19.3,0.7,-1.9,86.5,86.5,0.25,4.99,-0.05,24.78,98,0,0,1
2026-08-14T10:30:08,1786678209,13.730378,100.788379,19.7,19.3,0.4,-2.0,86.5,86.5,0.25,4.99,-0.05,24.78,98,0,0,1
2026-08-14T10:30:09,1786678210,13.730379,100.788394,19.8,19.32,-0.3,-2.0,86.5,86.5,0.24,4.96,-0.05,24.78,98,0,0,1
2026-08-14T10:30:10,1786678211,13.730381,100.788425,19.7,19.32,0.0,-1.8,86.5,86.5,0.24,4.96,-0.05,24.78,98,0,0,1
2026-08-14T10:30:11,1786678212,13.730382,100.78844,19.8,19.33,0.8,-2.3,86.4,86.4,0.31,4.94,-0.07,24.78,98,0,0,1
2026-08-14T10:30:12,1786678213,13.730382,100.78844,19.8,19.33,0.7,-2.6,86.5,86.5,0.31,4.94,-0.07,24.78,98,0,0,1
2026-08-14T10:30:13,1786678214,13.730382,100.78844,19.8,19.33,0.3,-2.3,86.6,86.6,0.31,4.94,-0.07,24.78,98,0,0,1
2026-08-14T10:30:14,1786678215,13.730382,100.78844,19.8,19.33,0.3,-2.3,86.6,86.6,0.31,4.94,-0.07,24.78,98,0,0,1
2026-08-14T10:30:15,1786678216,13.730387,100.788532,19.8,19.35,-0.2,-1.8,86.4,86.4,0.3,4.97,-0.08,24.78,98,0,0,1
2026-08-14T10:30:16,1786678217,13.730389,100.788564,19.7,19.35,0.2,-2.0,86.3,86.3,0.3,4.97,-0.08,24.77,98,0,0,1
2026-08-14T10:30:17,1786678218,13.73039,100.788578,19.8,19.39,0.4,-2.4,86.3,86.3,0.33,4.94,-0.08,24.77,98,0,0,1
2026-08-14T10:30:18,1786678219,13.730392,100.788611,19.7,19.39,0.2,-1.7,86.4,86.4,0.33,4.94,-0.08,24.77,98,0,0,1
2026-08-14T10:30:19,1786678220,13.730393,100.788624,19.9,19.42,0.2,11.2,86.4,86.4,0.31,4.7,-0.09,24.77,98,0,0,1
2026-08-14T10:30:20,1786678221,13.730394,100.788648,19.8,19.42,0.4,8.6,86.6,86.6,0.31,4.7,-0.09,24.76,98,0,0,1
2026-08-14T10:30:21,1786678222,13.730394,100.788657,19.9,19.42,-0.4,5.4,86.3,86.3,0.18,2.72,-0.05,24.76,98,0,0,1
2026-08-14T10:30:22,1786678223,13.730394,100.788672,19.7,19.42,-1.2,6.1,85.0,85.0,0.18,2.72,-0.05,24.76,98,0,0,1
2026-08-14T10:30:23,1786678224,13.730394,100.788672,19.7,19.42,-10.3,7.9,82.6,82.6,0.18,2.72,-0.05,24.76,98,0,0,1
2026-08-14T10:30:24,1786678225,13.730401,100.788682,19.8,19.42,-16.1,6.4,76.6,76.6,0.18,2.72,-0.05,24.76,98,0,0,1
2026-08-14T10:30:25,1786678226,13.730406,100.788683,19.9,19.46,-11.1,-11.0,66.3,66.3,2.36,-0.03,-0.08,24.76,98,0,0,1
2026-08-14T10:30:26,1786678227,13.730427,100.788685,19.8,19.46,-7.8,-18.0,48.2,48.2,2.36,-0.03,-0.08,24.75,98,0,0,1
2026-08-14T10:30:27,1786678228,13.73044,100.788688,19.9,19.46,2.2,-6.1,30.0,30.0,4.91,1.14,0.03,24.75,98,0,0,1
2026-08-14T10:30:28,1786678229,13.730469,100.788696,19.9,19.46,-0.6,2.3,17.6,17.6,4.91,1.14,0.03,24.75,98,0,0,1
2026-08-14T10:30:29,1786678230,13.730483,100.7887,19.9,19.44,-0.6,2.3,17.6,17.6,4.64,1.18,-0.04,24.75,98,0,0,1
2026-08-14T10:30:30,1786678231,13.730512,100.788707,19.8,19.44,1.4,-3.8,7.9,7.9,4.64,1.18,-0.04,24.75,97,0,0,1
2026-08-14T10:30:31,1786678232,13.730527,100.78871,19.9,19.43,0.4,-0.4,11.0,11.0,4.97,1.22,-0.04,24.75,97,0,0,1
2026-08-14T10:30:32,1786678233,13.730527,100.78871,19.9,19.43,-0.7,-1.2,14.9,14.9,4.97,1.22,-0.04,24.75,97,0,0,1
2026-08-14T10:30:33,1786678234,13.730527,100.78871,19.9,19.43,-0.4,-2.0,16.3,16.3,4.97,1.22,-0.04,24.75,97,0,0,1
2026-08-14T10:30:34,1786678235,13.7306,100.788728,19.8,19.43,0.4,-2.0,15.0,15.0,4.97,1.22,-0.04,24.74,97,0,0,1
2026-08-14T10:30:35,1786678236,13.730615,100.788731,19.9,19.43,0.6,-2.1,13.1,13.1,4.82,1.12,-0.06,24.74,97,0,0,1
2026-08-14T10:30:36,1786678237,13.730643,100.788739,19.8,19.43,0.5,6.0,12.3,12.3,4.82,1.12,-0.06,24.74,97,0,0,1
2026-08-14T10:30:37,1786678238,13.730657,100.788742,19.9,19.45,0.1,11.2,12.5,12.5,3.95,0.98,-0.05,24.74,97,0,0,1
2026-08-14T10:30:38,1786678239,13.730676,100.788747,19.8,19.45,-0.3,6.5,12.9,12.9,3.95,0.98,-0.05,24.74,97,0,0,1
2026-08-14T10:30:39,1786678240,13.730683,100.788749,19.9,19.45,-0.8,5.6,12.6,12.6,2.28,0.54,-0.04,24.74,97,0,0,1
2026-08-14T10:30:40,1786678241,13.730683,100.788749,19.9,19.45,-0.8,5.6,12.6,12.6,2.28,0.54,-0.04,24.74,97,0,0,1
2026-08-14T10:30:41,1786678242,13.730698,100.78875,19.9,19.48,-18.2,12.0,6.3,6.3,0.93,-0.79,0.0,24.74,97,0,0,1
2026-08-14T10:30:42,1786678243,13.730701,100.788738,19.8,19.48,-10.6,1.2,-2.7,357.3,0.93,-0.79,0.0,24.73,97,0,0,1
2026-08-14T10:30:43,1786678244,13.730701,100.788729,19.8,19.33,-16.3,-13.0,-17.6,342.4,0.17,-3.29,0.18,24.73,97,0,0,1
2026-08-14T10:30:44,1786678245,13.730706,100.788702,19.4,19.33,-5.6,-8.4,-37.7,322.3,0.17,-3.29,0.18,24.73,97,0,0,1
2026-08-14T10:30:45,1786678246,13.730708,100.788687,19.4,18.95,0.6,2.3,-52.0,308.0,0.92,-5.13,0.41,24.73,97,0,0,1
2026-08-14T10:30:46,1786678247,13.730713,100.788658,19.0,18.95,-1.9,-4.0,-62.2,297.8,0.92,-5.13,0.41,24.73,97,0,0,1
2026-08-14T10:30:47,1786678248,13.730715,100.788643,19.0,18.55,-1.9,-4.0,-62.2,297.8,0.73,-4.96,0.38,24.73,97,0,0,1
2026-08-14T10:30:48,1786678249,13.730715,100.788643,19.0,18.55,-1.9,-4.0,-62.2,297.8,0.73,-4.96,0.38,24.72,97,AUTO.LOITER,1,1
2026-08-14T10:30:49,1786678250,13.730715,100.788643,19.0,18.55,0.7,-1.5,-85.3,274.7,0.73,-4.96,0.38,24.72,97,0,0,1
2026-08-14T10:30:50,1786678251,13.730728,100.788566,18.3,18.55,0.8,-2.3,-84.0,276.0,0.73,-4.96,0.38,24.72,97,0,0,1
2026-08-14T10:30:51,1786678252,13.73073,100.788551,18.2,17.75,0.5,-1.5,-79.9,280.1,0.87,-4.9,0.38,24.72,97,0,0,1
2026-08-14T10:30:52,1786678253,13.730736,100.788518,17.9,17.75,0.5,-1.3,-77.4,282.6,0.87,-4.9,0.38,24.72,97,0,0,1
2026-08-14T10:30:53,1786678254,13.730738,100.788505,17.8,17.36,0.7,-2.1,-77.7,282.3,0.83,-4.81,0.38,24.72,97,0,0,1
2026-08-14T10:30:54,1786678255,13.730743,100.788473,17.6,17.36,0.3,-2.0,-79.5,280.5,0.83,-4.81,0.38,24.71,96,0,0,1
2026-08-14T10:30:55,1786678256,13.730746,100.788459,17.4,16.98,0.3,-2.0,-79.5,280.5,0.84,-4.83,0.4,24.71,96,0,0,1
2026-08-14T10:30:56,1786678257,13.73075,100.788428,17.2,16.98,0.3,-2.0,-79.5,280.5,0.84,-4.83,0.4,24.71,96,0,0,1
2026-08-14T10:30:57,1786678258,13.73075,100.788428,17.2,16.98,0.3,-2.0,-79.5,280.5,0.84,-4.83,0.4,24.71,96,0,0,1
2026-08-14T10:30:58,1786678259,13.73075,100.788428,17.2,16.98,-0.0,-2.4,-79.8,280.2,0.84,-4.83,0.4,24.71,96,0,0,1
2026-08-14T10:30:59,1786678260,13.730761,100.788369,16.7,16.2,-0.0,-2.6,-79.7,280.3,0.84,-4.87,0.41,24.71,96,0,0,1
2026-08-14T10:31:00,1786678261,13.730766,100.788338,16.5,16.2,0.5,-2.5,-80.1,279.9,0.84,-4.87,0.41,24.71,96,0,0,1
2026-08-14T10:31:01,1786678262,13.730768,100.788323,16.3,15.82,0.5,-2.5,-80.4,279.6,0.82,-4.92,0.43,24.71,96,0,0,1
2026-08-14T10:31:02,1786678263,13.730768,100.788323,16.3,15.82,0.7,-2.9,-80.5,279.5,0.82,-4.92,0.43,24.7,96,0,0,1
2026-08-14T10:31:03,1786678264,13.730776,100.788278,15.9,15.43,0.5,-2.5,-80.4,279.6,0.84,-4.97,0.45,24.7,96,0,0,1
2026-08-14T10:31:04,1786678265,13.730776,100.788278,15.9,15.43,0.3,-2.4,-80.3,279.7,0.84,-4.97,0.45,24.7,96,0,0,1
2026-08-14T10:31:05,1786678266,13.730784,100.788232,15.5,15.03,0.4,-2.5,-80.2,279.8,0.82,-4.96,0.44,24.7,96,0,0,1
2026-08-14T10:31:06,1786678267,13.730784,100.788232,15.5,15.03,0.6,-2.8,-80.3,279.7,0.82,-4.96,0.44,24.7,96,0,0,1
2026-08-14T10:31:07,1786678268,13.730791,100.788186,15.1,14.63,0.6,-2.5,-80.3,279.7,0.83,-4.99,0.45,24.7,96,0,0,1
2026-08-14T10:31:08,1786678269,13.730791,100.788186,15.1,14.63,0.6,-2.2,-80.4,279.6,0.83,-4.99,0.45,24.7,96,0,0,1
2026-08-14T10:31:09,1786678270,13.730799,100.788141,14.7,14.23,0.5,-2.5,-80.3,279.7,0.84,-4.96,0.45,24.7,96,0,0,1
2026-08-14T10:31:10,1786678271,13.730799,100.788141,14.7,14.23,0.5,-2.5,-80.3,279.7,0.84,-4.96,0.45,24.69,96,AUTO.LOITER,1,1
2026-08-14T10:31:11,1786678272,13.730804,100.788109,14.6,14.23,0.5,-2.4,-80.3,279.7,0.84,-4.96,0.45,24.69,96,0,0,1
2026-08-14T10:31:12,1786678273,13.730804,100.788109,14.6,14.23,0.2,-2.5,-80.3,279.7,0.84,-4.96,0.45,24.69,96,0,0,1
2026-08-14T10:31:13,1786678274,13.730814,100.78805,13.9,13.46,0.2,-2.5,-80.3,279.7,0.82,-4.98,0.48,24.69,96,0,0,1
2026-08-14T10:31:14,1786678275,13.730814,100.78805,13.9,13.46,0.6,-2.8,-80.4,279.6,0.82,-4.98,0.48,24.69,96,AUTO.LOITER,1,1
2026-08-14T10:31:15,1786678276,13.730821,100.788004,13.5,13.07,0.5,-2.6,-80.3,279.7,0.84,-4.99,0.48,24.69,96,0,0,1
2026-08-14T10:31:16,1786678277,13.730821,100.788004,13.5,13.07,0.8,2.3,-80.3,279.7,0.84,-4.99,0.48,24.68,96,0,0,1
2026-08-14T10:31:17,1786678278,13.730829,100.78796,13.1,12.68,0.8,11.1,-80.2,279.8,0.76,-4.33,0.43,24.68,96,0,0,1
2026-08-14T10:31:18,1786678279,13.730829,100.78796,13.1,12.68,0.3,6.7,-80.4,279.6,0.76,-4.33,0.43,24.68,95,0,0,1
2026-08-14T10:31:19,1786678280,13.730834,100.787931,12.8,12.38,0.3,6.7,-80.4,279.6,0.44,-2.5,0.31,24.68,95,0,0,1
2026-08-14T10:31:20,1786678281,13.730834,100.787931,12.8,12.38,0.2,4.9,-80.7,279.3,0.44,-2.5,0.31,24.68,95,AUTO.LOITER,1,1
2026-08-14T10:31:21,1786678282,13.730838,100.787916,12.7,12.29,0.2,4.9,-80.7,279.3,0.62,-0.08,0.17,24.68,95,0,0,1
2026-08-14T10:31:22,1786678283,13.730838,100.787916,12.7,12.29,6.3,18.0,-75.0,285.0,0.62,-0.08,0.17,24.68,95,0,0,1
2026-08-14T10:31:23,1786678284,13.730846,100.787931,12.7,12.27,6.3,18.0,-75.0,285.0,1.08,2.83,0.14,24.68,95,0,0,1
2026-08-14T10:31:24,1786678285,13.730846,100.787931,12.7,12.27,14.0,1.9,-30.7,329.3,1.08,2.83,0.14,24.67,95,0,0,1
2026-08-14T10:31:25,1786678286,13.730862,100.78797,12.7,12.21,14.0,1.9,-30.7,329.3,2.02,4.88,0.19,24.67,95,0,0,1
2026-08-14T10:31:26,1786678287,13.730862,100.78797,12.7,12.21,-2.2,-0.2,-17.2,342.8,2.02,4.88,0.19,24.67,95,AUTO.LOITER,1,1
2026-08-14T10:31:27,1786678288,13.730874,100.787997,12.8,12.21,3.6,0.2,-5.6,354.4,2.02,4.88,0.19,24.67,95,0,0,1
2026-08-14T10:31:28,1786678289,13.730874,100.787997,12.8,12.21,3.6,0.2,-5.6,354.4,2.02,4.88,0.19,24.67,95,0,0,1
2026-08-14T10:31:29,1786678290,13.730874,100.787997,12.8,12.21,3.6,0.2,-5.6,354.4,2.02,4.88,0.19,24.67,95,0,0,1
2026-08-14T10:31:30,1786678291,13.730879,100.78801,12.6,12.16,3.6,0.2,-5.6,354.4,1.82,4.63,0.14,24.67,95,0,0,1
2026-08-14T10:31:31,1786678292,13.730879,100.78801,12.6,12.16,3.6,0.2,-5.6,354.4,1.82,4.63,0.14,24.67,95,0,0,1
2026-08-14T10:31:32,1786678293,13.730879,100.78801,12.6,12.16,4.0,-2.0,5.3,5.3,1.82,4.63,0.14,24.67,95,0,0,1
2026-08-14T10:31:33,1786678294,13.730879,100.78801,12.6,12.16,4.0,-2.0,5.3,5.3,1.82,4.63,0.14,24.67,95,0,0,1
2026-08-14T10:31:34,1786678295,13.730879,100.78801,12.6,12.16,4.0,-2.0,5.3,5.3,1.82,4.63,0.14,24.67,95,0,0,1
2026-08-14T10:31:35,1786678296,13.730879,100.78801,12.6,12.16,4.0,-2.0,5.3,5.3,1.82,4.63,0.14,24.67,95,0,0,1
2026-08-14T10:31:36,1786678297,13.730879,100.78801,12.6,12.16,4.0,-2.0,5.3,5.3,1.82,4.63,0.14,24.67,95,0,0,1
2026-08-14T10:31:37,1786678298,13.730879,100.78801,12.6,12.16,4.0,-2.0,5.3,5.3,1.82,4.63,0.14,24.67,95,0,0,1
2026-08-14T10:31:38,1786678299,13.730879,100.78801,12.6,12.16,4.0,-2.0,5.3,5.3,1.82,4.63,0.14,24.67,95,0,0,1
2026-08-14T10:31:39,1786678300,13.730879,100.78801,12.6,12.16,4.0,-2.0,5.3,5.3,1.82,4.63,0.14,24.67,95,0,0,1
2026-08-14T10:31:40,1786678301,13.730879,100.78801,12.6,12.16,1.4,-2.4,16.8,16.8,1.82,4.63,0.14,24.67,95,0,0,1
2026-08-14T10:31:41,1786678302,13.730879,100.78801,12.6,12.16,1.4,-2.4,16.8,16.8,1.82,4.63,0.14,24.67,95,0,0,1
2026-08-14T10:31:42,1786678303,13.730891,100.78804,12.8,12.16,1.4,-2.4,16.8,16.8,1.82,4.63,0.14,24.67,95,0,0,1
2026-08-14T10:31:43,1786678304,13.730891,100.78804,12.8,12.16,1.4,-2.4,16.8,16.8,1.82,4.63,0.14,24.67,95,0,0,1
2026-08-14T10:31:44,1786678305,13.730891,100.78804,12.8,12.16,1.4,-2.4,16.8,16.8,1.82,4.63,0.14,24.67,95,0,0,1
2026-08-14T10:31:45,1786678306,13.730896,100.788053,12.6,12.12,1.4,-2.4,16.8,16.8,1.92,4.63,0.1,24.67,95,0,0,1
2026-08-14T10:31:46,1786678307,13.730896,100.788053,12.6,12.12,1.4,-2.4,16.8,16.8,1.92,4.63,0.1,24.67,95,0,0,1
2026-08-14T10:31:47,1786678308,13.730896,100.788053,12.6,12.12,1.4,-2.4,16.8,16.8,1.92,4.63,0.1,24.67,95,0,0,1
2026-08-14T10:31:48,1786678309,13.730896,100.788053,12.6,12.12,-7.0,6.0,29.3,29.3,1.92,4.63,0.1,24.67,95,0,0,1
2026-08-14T10:31:49,1786678310,13.730896,100.788053,12.6,12.12,-7.0,6.0,29.3,29.3,1.92,4.63,0.1,24.67,95,0,0,1
2026-08-14T10:31:50,1786678311,13.730896,100.788053,12.6,12.12,-7.0,6.0,29.3,29.3,1.92,4.63,0.1,24.67,95,0,0,1
2026-08-14T10:31:51,1786678312,13.730896,100.788053,12.6,12.12,-7.0,6.0,29.3,29.3,1.92,4.63,0.1,24.67,95,0,0,1
2026-08-14T10:31:52,1786678313,13.730896,100.788053,12.6,12.12,-7.0,6.0,29.3,29.3,1.92,4.63,0.1,24.67,95,0,0,1
2026-08-14T10:31:53,1786678314,13.730896,100.788053,12.6,12.12,-7.0,6.0,29.3,29.3,1.92,4.63,0.1,24.67,95,0,0,1
2026-08-14T10:31:54,1786678315,13.730896,100.788053,12.6,12.12,-7.0,6.0,29.3,29.3,1.92,4.63,0.1,24.66,95,AUTO.LOITER,1,1
2026-08-14T10:31:55,1786678316,13.730896,100.788053,12.6,12.12,-4.3,10.6,42.6,42.6,1.92,4.63,0.1,24.66,95,0,0,1
2026-08-14T10:31:56,1786678317,13.730896,100.788053,12.6,12.12,-4.3,10.6,42.6,42.6,1.92,4.63,0.1,24.66,95,0,0,1
2026-08-14T10:31:57,1786678318,13.730896,100.788053,12.6,12.12,-4.3,10.6,42.6,42.6,1.92,4.63,0.1,24.66,95,0,0,1
2026-08-14T10:31:58,1786678319,13.730896,100.788053,12.6,12.12,-4.3,10.6,42.6,42.6,1.92,4.63,0.1,24.66,95,0,0,1
2026-08-14T10:31:59,1786678320,13.730896,100.788053,12.6,12.12,-4.3,10.6,42.6,42.6,1.92,4.63,0.1,24.66,95,0,0,1
2026-08-14T10:32:00,1786678321,13.730896,100.788053,12.6,12.12,-4.3,10.6,42.6,42.6,1.92,4.63,0.1,24.66,95,0,0,1
2026-08-14T10:32:01,1786678322,13.730911,100.788086,12.6,12.11,-4.3,10.6,42.6,42.6,1.17,2.6,0.13,24.66,95,0,0,1
2026-08-14T10:32:02,1786678323,13.730911,100.788086,12.6,12.11,-4.3,10.6,42.6,42.6,1.17,2.6,0.13,24.66,95,0,0,1
2026-08-14T10:32:03,1786678324,13.730911,100.788086,12.6,12.11,1.2,6.6,56.1,56.1,1.17,2.6,0.13,24.66,95,0,0,1
2026-08-14T10:32:04,1786678325,13.730911,100.788086,12.6,12.11,1.2,6.6,56.1,56.1,1.17,2.6,0.13,24.66,95,0,0,1
2026-08-14T10:32:05,1786678326,13.730911,100.788086,12.6,12.11,1.2,6.6,56.1,56.1,1.17,2.6,0.13,24.66,95,0,0,1
2026-08-14T10:32:06,1786678327,13.730911,100.788086,12.6,12.11,1.2,6.6,56.1,56.1,1.17,2.6,0.13,24.66,95,0,0,1
2026-08-14T10:32:07,1786678328,13.730911,100.788086,12.6,12.11,1.2,6.6,56.1,56.1,1.17,2.6,0.13,24.66,95,0,0,1
2026-08-14T10:32:08,1786678329,13.730911,100.788086,12.6,12.11,1.2,6.6,56.1,56.1,1.17,2.6,0.13,24.66,95,0,0,1
2026-08-14T10:32:09,1786678330,13.730911,100.788086,12.6,12.11,1.2,6.6,56.1,56.1,1.17,2.6,0.13,24.66,95,0,0,1
2026-08-14T10:32:10,1786678331,13.730911,100.788086,12.6,12.11,1.2,6.6,56.1,56.1,1.17,2.6,0.13,24.66,95,AUTO.LOITER,1,1
2026-08-14T10:32:11,1786678332,13.730911,100.788086,12.6,12.11,0.6,5.9,67.6,67.6,1.17,2.6,0.13,24.66,95,0,0,1
2026-08-14T10:32:12,1786678333,13.730911,100.788086,12.6,12.11,0.6,5.9,67.6,67.6,1.17,2.6,0.13,24.66,95,0,0,1
2026-08-14T10:32:13,1786678334,13.730916,100.788102,12.7,12.11,0.6,5.9,67.6,67.6,1.17,2.6,0.13,24.66,95,0,0,1
2026-08-14T10:32:14,1786678335,13.730916,100.788102,12.7,12.11,0.6,5.9,67.6,67.6,1.17,2.6,0.13,24.66,95,0,0,1
2026-08-14T10:32:15,1786678336,13.730916,100.788102,12.7,12.11,0.6,5.9,67.6,67.6,1.17,2.6,0.13,24.66,95,0,0,1
2026-08-14T10:32:16,1786678337,13.730916,100.788102,12.7,12.11,0.6,5.9,67.6,67.6,1.17,2.6,0.13,24.66,95,0,0,1
2026-08-14T10:32:17,1786678338,13.730916,100.788102,12.7,12.11,0.6,5.9,67.6,67.6,1.17,2.6,0.13,24.66,95,0,0,1
2026-08-14T10:32:18,1786678339,13.730916,100.788102,12.7,12.11,2.0,-3.5,75.2,75.2,1.17,2.6,0.13,24.66,95,0,0,1
2026-08-14T10:32:19,1786678340,13.730916,100.788102,12.7,12.11,2.0,-3.5,75.2,75.2,1.17,2.6,0.13,24.66,95,0,0,1
2026-08-14T10:32:20,1786678341,13.730916,100.788102,12.7,12.11,2.0,-3.5,75.2,75.2,1.17,2.6,0.13,24.66,95,0,0,1
2026-08-14T10:32:21,1786678342,13.730916,100.788102,12.7,12.11,2.0,-3.5,75.2,75.2,1.17,2.6,0.13,24.66,95,0,0,1
2026-08-14T10:32:22,1786678343,13.730916,100.788102,12.7,12.11,2.0,-3.5,75.2,75.2,1.17,2.6,0.13,24.66,95,0,0,1
2026-08-14T10:32:23,1786678344,13.730916,100.788102,12.7,12.11,2.0,-3.5,75.2,75.2,1.17,2.6,0.13,24.66,95,0,0,1
2026-08-14T10:32:24,1786678345,13.730916,100.788102,12.7,12.11,2.0,-3.5,75.2,75.2,1.17,2.6,0.13,24.66,95,0,0,1
2026-08-14T10:32:25,1786678346,13.730916,100.788102,12.7,12.11,2.0,-3.5,75.2,75.2,1.17,2.6,0.13,24.66,95,AUTO.LOITER,1,1
2026-08-14T10:32:26,1786678347,13.730916,100.788102,12.7,12.11,2.0,-3.5,75.2,75.2,1.17,2.6,0.13,24.66,95,0,0,1
2026-08-14T10:32:27,1786678348,13.730916,100.788102,12.7,12.11,2.0,-3.5,75.2,75.2,1.17,2.6,0.13,24.66,95,0,0,1
2026-08-14T10:32:28,1786678349,13.730921,100.78812,12.8,12.11,2.0,-3.5,75.2,75.2,1.17,2.6,0.13,24.66,95,0,0,1
2026-08-14T10:32:29,1786678350,13.730921,100.78812,12.8,12.11,2.0,-3.5,75.2,75.2,1.17,2.6,0.13,24.66,95,0,0,1
2026-08-14T10:32:30,1786678351,13.730921,100.78812,12.8,12.11,2.0,-3.5,75.2,75.2,1.17,2.6,0.13,24.66,95,0,0,1
2026-08-14T10:32:31,1786678352,13.730922,100.788123,12.6,12.11,2.0,-3.5,75.2,75.2,0.58,0.73,0.13,24.66,95,0,0,1
2026-08-14T10:32:32,1786678353,13.730922,100.788123,12.6,12.11,2.0,-3.5,75.2,75.2,0.58,0.73,0.13,24.66,95,0,0,1
2026-08-14T10:32:33,1786678354,13.730922,100.788123,12.6,12.11,2.0,-3.5,75.2,75.2,0.58,0.73,0.13,24.66,95,0,0,1
2026-08-14T10:32:34,1786678355,13.730922,100.788123,12.6,12.11,0.5,7.4,76.1,76.1,0.58,0.73,0.13,24.66,95,0,0,1
2026-08-14T10:32:35,1786678356,13.730922,100.788123,12.6,12.11,0.5,7.4,76.1,76.1,0.58,0.73,0.13,24.66,95,0,0,1
2026-08-14T10:32:36,1786678357,13.730922,100.788123,12.6,12.11,0.5,7.4,76.1,76.1,0.58,0.73,0.13,24.66,95,0,0,1
2026-08-14T10:32:37,1786678358,13.730922,100.788123,12.6,12.11,0.5,7.4,76.1,76.1,0.58,0.73,0.13,24.66,95,0,0,1
2026-08-14T10:32:38,1786678359,13.730922,100.788123,12.6,12.11,0.5,7.4,76.1,76.1,0.58,0.73,0.13,24.66,95,0,0,1
2026-08-14T10:32:39,1786678360,13.730922,100.788123,12.6,12.11,0.5,7.4,76.1,76.1,0.58,0.73,0.13,24.66,95,0,0,1
2026-08-14T10:32:40,1786678361,13.730922,100.788123,12.6,12.11,0.5,7.4,76.1,76.1,0.58,0.73,0.13,24.66,95,0,0,1
2026-08-14T10:32:41,1786678362,13.730922,100.788123,12.6,12.11,6.5,-9.8,71.6,71.6,0.58,0.73,0.13,24.66,95,0,0,1
2026-08-14T10:32:42,1786678363,13.730922,100.788123,12.6,12.11,6.5,-9.8,71.6,71.6,0.58,0.73,0.13,24.66,95,0,0,1
2026-08-14T10:32:43,1786678364,13.730922,100.788123,12.6,12.11,6.5,-9.8,71.6,71.6,0.58,0.73,0.13,24.66,95,0,0,1
2026-08-14T10:32:44,1786678365,13.730922,100.788123,12.6,12.11,6.5,-9.8,71.6,71.6,0.58,0.73,0.13,24.66,95,0,0,1
2026-08-14T10:32:45,1786678366,13.730922,100.788123,12.6,12.11,6.5,-9.8,71.6,71.6,0.58,0.73,0.13,24.66,95,0,0,1
2026-08-14T10:32:46,1786678367,13.730922,100.788123,12.6,12.11,6.5,-9.8,71.6,71.6,0.58,0.73,0.13,24.66,95,0,0,1
2026-08-14T10:32:47,1786678368,13.730922,100.788123,12.6,12.11,6.5,-9.8,71.6,71.6,0.58,0.73,0.13,24.66,95,0,0,1
2026-08-14T10:32:48,1786678369,13.730922,100.788123,12.6,12.11,6.5,-9.8,71.6,71.6,0.58,0.73,0.13,24.66,95,0,0,1
2026-08-14T10:32:49,1786678370,13.730922,100.788123,12.6,12.11,-0.7,1.5,71.0,71.0,0.58,0.73,0.13,24.66,95,0,0,1
2026-08-14T10:32:50,1786678371,13.730922,100.788123,12.6,12.11,-0.7,1.5,71.0,71.0,0.58,0.73,0.13,24.66,95,0,0,1
2026-08-14T10:32:51,1786678372,13.730922,100.788123,12.6,12.11,-0.7,1.5,71.0,71.0,0.58,0.73,0.13,24.66,95,0,0,1
2026-08-14T10:32:52,1786678373,13.730922,100.788123,12.6,12.11,-0.7,1.5,71.0,71.0,0.58,0.73,0.13,24.66,95,0,0,1
2026-08-14T10:32:53,1786678374,13.730922,100.788123,12.6,12.11,-0.7,1.5,71.0,71.0,0.58,0.73,0.13,24.66,95,0,0,1
2026-08-14T10:32:54,1786678375,13.730922,100.788123,12.6,12.11,-0.7,1.5,71.0,71.0,0.58,0.73,0.13,24.66,95,0,0,1
2026-08-14T10:32:55,1786678376,13.730922,100.788123,12.6,12.11,-0.7,1.5,71.0,71.0,0.58,0.73,0.13,24.66,95,0,0,1
2026-08-14T10:32:56,1786678377,13.730922,100.788123,12.6,12.11,-0.7,1.5,71.0,71.0,0.58,0.73,0.13,24.65,95,0,0,1
2026-08-14T10:32:57,1786678378,13.730922,100.788123,12.6,12.11,-6.3,17.0,71.2,71.2,0.58,0.73,0.13,24.65,95,0,0,1
2026-08-14T10:32:58,1786678379,13.730922,100.788123,12.6,12.11,-6.3,17.0,71.2,71.2,0.58,0.73,0.13,24.65,95,0,0,1
2026-08-14T10:32:59,1786678380,13.730925,100.788136,12.2,12.11,-6.3,17.0,71.2,71.2,0.58,0.73,0.13,24.65,95,0,0,1
2026-08-14T10:33:00,1786678381,13.730925,100.788136,12.2,12.11,-6.3,17.0,71.2,71.2,0.58,0.73,0.13,24.65,95,0,0,1
2026-08-14T10:33:01,1786678382,13.730925,100.788136,12.2,12.11,-6.3,17.0,71.2,71.2,0.58,0.73,0.13,24.65,95,0,0,1
2026-08-14T10:33:02,1786678383,13.730925,100.788136,12.2,12.11,-6.3,17.0,71.2,71.2,0.58,0.73,0.13,24.65,95,0,0,1
2026-08-14T10:33:03,1786678384,13.730925,100.788136,12.2,12.11,-6.3,17.0,71.2,71.2,0.58,0.73,0.13,24.65,95,0,0,1
2026-08-14T10:33:04,1786678385,13.730925,100.788136,12.2,12.11,2.4,-5.4,73.8,73.8,0.58,0.73,0.13,24.65,95,0,0,1
2026-08-14T10:33:05,1786678386,13.730925,100.788136,12.2,12.11,2.4,-5.4,73.8,73.8,0.58,0.73,0.13,24.65,95,0,0,1
2026-08-14T10:33:06,1786678387,13.730925,100.788136,12.2,12.11,2.4,-5.4,73.8,73.8,0.58,0.73,0.13,24.65,95,0,0,1
2026-08-14T10:33:07,1786678388,13.730925,100.788136,12.2,12.11,2.4,-5.4,73.8,73.8,0.58,0.73,0.13,24.65,95,0,0,1
2026-08-14T10:33:08,1786678389,13.730925,100.788136,12.2,12.11,2.4,-5.4,73.8,73.8,0.58,0.73,0.13,24.65,95,0,0,1
2026-08-14T10:33:09,1786678390,13.730925,100.788136,12.2,12.11,2.4,-5.4,73.8,73.8,0.58,0.73,0.13,24.65,95,0,0,1
2026-08-14T10:33:10,1786678391,13.730925,100.788136,12.2,12.11,2.4,-5.4,73.8,73.8,0.58,0.73,0.13,24.65,95,0,0,1
2026-08-14T10:33:11,1786678392,13.730925,100.788136,12.2,12.11,2.4,-5.4,73.8,73.8,0.58,0.73,0.13,24.65,95,0,0,1
2026-08-14T10:33:12,1786678393,13.730925,100.788136,12.2,12.11,1.3,-5.6,74.6,74.6,0.58,0.73,0.13,24.65,95,0,0,1
2026-08-14T10:33:13,1786678394,13.730925,100.788136,12.2,12.11,1.3,-5.6,74.6,74.6,0.58,0.73,0.13,24.65,95,0,0,1
2026-08-14T10:33:14,1786678395,13.730925,100.788134,11.9,12.11,1.3,-5.6,74.6,74.6,0.58,0.73,0.13,24.65,95,0,0,1
2026-08-14T10:33:15,1786678396,13.730925,100.788134,11.9,12.11,1.3,-5.6,74.6,74.6,0.58,0.73,0.13,24.65,95,0,0,1
2026-08-14T10:33:16,1786678397,13.730925,100.788134,11.9,12.11,1.3,-5.6,74.6,74.6,0.58,0.73,0.13,24.65,95,0,0,1
2026-08-14T10:33:17,1786678398,13.730925,100.788134,11.5,11.0,1.3,-5.6,74.6,74.6,0.06,0.17,0.48,24.65,95,0,0,1
2026-08-14T10:33:18,1786678399,13.730925,100.788134,11.5,11.0,1.3,-5.6,74.6,74.6,0.06,0.17,0.48,24.65,95,0,0,1
2026-08-14T10:33:19,1786678400,13.730925,100.788134,11.5,11.0,1.3,-5.6,74.6,74.6,0.06,0.17,0.48,24.65,95,0,0,1
2026-08-14T10:33:20,1786678401,13.730925,100.788134,11.5,11.0,-1.5,3.5,74.2,74.2,0.06,0.17,0.48,24.65,95,0,0,1
2026-08-14T10:33:21,1786678402,13.730925,100.788134,11.5,11.0,-1.5,3.5,74.2,74.2,0.06,0.17,0.48,24.65,95,0,0,1
2026-08-14T10:33:22,1786678403,13.730925,100.788134,11.5,11.0,-1.5,3.5,74.2,74.2,0.06,0.17,0.48,24.65,95,0,0,1
2026-08-14T10:33:23,1786678404,13.730925,100.788134,11.5,11.0,-1.5,3.5,74.2,74.2,0.06,0.17,0.48,24.65,95,0,0,1
2026-08-14T10:33:24,1786678405,13.730925,100.788134,11.5,11.0,-1.5,3.5,74.2,74.2,0.06,0.17,0.48,24.65,95,0,0,1
2026-08-14T10:33:25,1786678406,13.730925,100.788134,11.5,11.0,-1.5,3.5,74.2,74.2,0.06,0.17,0.48,24.65,95,0,0,1
2026-08-14T10:33:26,1786678407,13.730925,100.788134,11.5,11.0,-1.5,3.5,74.2,74.2,0.06,0.17,0.48,24.65,95,0,0,1
2026-08-14T10:33:27,1786678408,13.730925,100.788134,11.5,11.0,-1.5,3.5,74.2,74.2,0.06,0.17,0.48,24.65,95,0,0,1
2026-08-14T10:33:28,1786678409,13.730925,100.788134,11.5,11.0,-0.4,0.8,73.3,73.3,0.06,0.17,0.48,24.65,95,0,0,1
2026-08-14T10:33:29,1786678410,13.730925,100.788134,11.5,11.0,-0.4,0.8,73.3,73.3,0.06,0.17,0.48,24.65,95,0,0,1
2026-08-14T10:33:30,1786678411,13.730925,100.788135,11.4,11.0,-0.4,0.8,73.3,73.3,0.06,0.17,0.48,24.65,95,0,0,1
2026-08-14T10:33:31,1786678412,13.730925,100.788135,11.4,11.0,-0.4,0.8,73.3,73.3,0.06,0.17,0.48,24.65,95,0,0,1
2026-08-14T10:33:32,1786678413,13.730925,100.788135,11.4,11.0,-0.4,0.8,73.3,73.3,0.06,0.17,0.48,24.65,95,0,0,1
2026-08-14T10:33:33,1786678414,13.730925,100.788134,11.1,10.6,-0.4,0.8,73.3,73.3,0.07,-0.11,0.53,24.65,95,0,0,1
2026-08-14T10:33:34,1786678415,13.730925,100.788134,11.1,10.6,-0.4,0.8,73.3,73.3,0.07,-0.11,0.53,24.65,95,0,0,1
2026-08-14T10:33:35,1786678416,13.730925,100.788134,11.1,10.6,-0.4,0.8,73.3,73.3,0.07,-0.11,0.53,24.65,95,0,0,1
2026-08-14T10:33:36,1786678417,13.730925,100.788134,11.1,10.6,0.3,-0.7,72.8,72.8,0.07,-0.11,0.53,24.65,95,0,0,1
2026-08-14T10:33:37,1786678418,13.730925,100.788134,11.1,10.6,0.3,-0.7,72.8,72.8,0.07,-0.11,0.53,24.65,95,0,0,1
2026-08-14T10:33:38,1786678419,13.730925,100.788134,11.1,10.6,0.3,-0.7,72.8,72.8,0.07,-0.11,0.53,24.65,95,0,0,1
2026-08-14T10:33:39,1786678420,13.730925,100.788134,11.1,10.6,0.3,-0.7,72.8,72.8,0.07,-0.11,0.53,24.65,95,0,0,1
2026-08-14T10:33:40,1786678421,13.730925,100.788134,11.1,10.6,0.3,-0.7,72.8,72.8,0.07,-0.11,0.53,24.65,95,0,0,1
2026-08-14T10:33:41,1786678422,13.730925,100.788134,11.1,10.6,0.3,-0.7,72.8,72.8,0.07,-0.11,0.53,24.65,95,0,0,1
2026-08-14T10:33:42,1786678423,13.730925,100.788134,11.1,10.6,0.3,-0.7,72.8,72.8,0.07,-0.11,0.53,24.65,95,0,0,1
2026-08-14T10:33:43,1786678424,13.730925,100.788134,11.1,10.6,0.3,-1.2,73.0,73.0,0.07,-0.11,0.53,24.64,94,0,0,1
2026-08-14T10:33:44,1786678425,13.730925,100.788134,11.1,10.6,0.3,-1.2,73.0,73.0,0.07,-0.11,0.53,24.64,94,0,0,1
2026-08-14T10:33:45,1786678426,13.730925,100.788134,11.1,10.6,0.3,-1.2,73.0,73.0,0.07,-0.11,0.53,24.64,94,0,0,1
2026-08-14T10:33:46,1786678427,13.730925,100.788134,11.1,10.6,0.3,-1.2,73.0,73.0,0.07,-0.11,0.53,24.64,94,0,0,1
2026-08-14T10:33:47,1786678428,13.730925,100.788134,11.1,10.6,0.3,-1.2,73.0,73.0,0.07,-0.11,0.53,24.64,94,0,0,1
2026-08-14T10:33:48,1786678429,13.730925,100.788134,11.1,10.6,0.3,-1.2,73.0,73.0,0.07,-0.11,0.53,24.64,94,0,0,1
2026-08-14T10:33:49,1786678430,13.730925,100.788134,10.7,10.21,0.3,-1.2,73.0,73.0,0.04,0.01,0.51,24.64,94,0,0,1
2026-08-14T10:33:50,1786678431,13.730925,100.788134,10.7,10.21,0.3,-1.2,73.0,73.0,0.04,0.01,0.51,24.64,94,0,0,1
2026-08-14T10:33:51,1786678432,13.730925,100.788134,10.7,10.21,-0.4,0.1,73.4,73.4,0.04,0.01,0.51,24.64,94,0,0,1
2026-08-14T10:33:52,1786678433,13.730925,100.788134,10.7,10.21,-0.4,0.1,73.4,73.4,0.04,0.01,0.51,24.64,94,0,0,1
2026-08-14T10:33:53,1786678434,13.730925,100.788134,10.7,10.21,-0.4,0.1,73.4,73.4,0.04,0.01,0.51,24.64,94,0,0,1
2026-08-14T10:33:54,1786678435,13.730925,100.788134,10.7,10.21,-0.4,0.1,73.4,73.4,0.04,0.01,0.51,24.64,94,0,0,1
2026-08-14T10:33:55,1786678436,13.730925,100.788134,10.7,10.21,-0.4,0.1,73.4,73.4,0.04,0.01,0.51,24.64,94,0,0,1
2026-08-14T10:33:56,1786678437,13.730925,100.788134,10.7,10.21,-0.4,0.1,73.4,73.4,0.04,0.01,0.51,24.64,94,0,0,1
2026-08-14T10:33:57,1786678438,13.730925,100.788134,10.7,10.21,-0.4,0.1,73.4,73.4,0.04,0.01,0.51,24.64,94,0,0,1
2026-08-14T10:33:58,1786678439,13.730925,100.788134,10.7,10.21,-0.4,0.1,73.4,73.4,0.04,0.01,0.51,24.64,94,AUTO.LOITER,1,1
2026-08-14T10:33:59,1786678440,13.730925,100.788134,10.7,10.21,-0.4,0.1,73.4,73.4,0.04,0.01,0.51,24.64,94,0,0,1
2026-08-14T10:34:00,1786678441,13.730925,100.788134,10.7,10.21,-0.4,0.1,73.4,73.4,0.04,0.01,0.51,24.64,94,0,0,1
2026-08-14T10:34:01,1786678442,13.730925,100.788134,10.7,10.21,-0.4,0.1,73.4,73.4,0.04,0.01,0.51,24.64,94,0,0,1
2026-08-14T10:34:02,1786678443,13.730925,100.788134,10.7,10.21,-0.4,0.1,73.4,73.4,0.04,0.01,0.51,24.64,94,0,0,1
2026-08-14T10:34:03,1786678444,13.730925,100.788134,10.7,10.21,-0.4,0.1,73.4,73.4,0.04,0.01,0.51,24.64,94,0,0,1
2026-08-14T10:34:04,1786678445,13.730925,100.788133,10.3,9.81,-0.4,0.1,73.4,73.4,0.05,-0.03,0.51,24.64,94,0,0,1
2026-08-14T10:34:05,1786678446,13.730925,100.788133,10.3,9.81,-0.4,0.1,73.4,73.4,0.05,-0.03,0.51,24.64,94,0,0,1
2026-08-14T10:34:07,1786678447,13.730925,100.788133,10.3,9.81,-0.4,0.1,73.4,73.4,0.05,-0.03,0.51,24.64,94,0,0,1
2026-08-14T10:34:08,1786678448,13.730925,100.788133,10.3,9.81,0.3,-0.6,73.7,73.7,0.05,-0.03,0.51,24.64,94,0,0,1
2026-08-14T10:34:09,1786678449,13.730925,100.788133,10.3,9.81,0.3,-0.6,73.7,73.7,0.05,-0.03,0.51,24.64,94,0,0,1
2026-08-14T10:34:10,1786678450,13.730925,100.788133,10.3,9.81,0.3,-0.6,73.7,73.7,0.05,-0.03,0.51,24.64,94,0,0,1
2026-08-14T10:34:11,1786678451,13.730925,100.788133,10.3,9.81,0.3,-0.6,73.7,73.7,0.05,-0.03,0.51,24.64,94,0,0,1
2026-08-14T10:34:12,1786678452,13.730925,100.788133,10.3,9.81,0.3,-0.6,73.7,73.7,0.05,-0.03,0.51,24.64,94,0,0,1
2026-08-14T10:34:13,1786678453,13.730925,100.788133,10.3,9.81,0.3,-0.6,73.7,73.7,0.05,-0.03,0.51,24.64,94,0,0,1
2026-08-14T10:34:14,1786678454,13.730925,100.788133,10.3,9.81,0.3,-0.6,73.7,73.7,0.05,-0.03,0.51,24.64,94,0,0,1
2026-08-14T10:34:15,1786678455,13.730925,100.788133,10.3,9.81,0.3,-0.6,73.7,73.7,0.05,-0.03,0.51,24.64,94,AUTO.LOITER,1,1
2026-08-14T10:34:16,1786678456,13.730925,100.788133,10.3,9.81,0.2,-0.9,73.6,73.6,0.05,-0.03,0.51,24.64,94,0,0,1
2026-08-14T10:34:17,1786678457,13.730925,100.788133,10.3,9.81,0.2,-0.9,73.6,73.6,0.05,-0.03,0.51,24.64,94,0,0,1
2026-08-14T10:34:18,1786678458,13.730926,100.788133,10.2,9.81,0.2,-0.9,73.6,73.6,0.05,-0.03,0.51,24.64,94,0,0,1
2026-08-14T10:34:19,1786678459,13.730926,100.788133,10.2,9.81,0.2,-0.9,73.6,73.6,0.05,-0.03,0.51,24.64,94,0,0,1
2026-08-14T10:34:20,1786678460,13.730926,100.788133,10.2,9.81,0.2,-0.9,73.6,73.6,0.05,-0.03,0.51,24.64,94,0,0,1
2026-08-14T10:34:21,1786678461,13.730926,100.788133,9.9,9.41,0.2,-0.9,73.6,73.6,0.02,0.03,0.51,24.64,94,0,0,1
2026-08-14T10:34:22,1786678462,13.730926,100.788133,9.9,9.41,0.2,-0.9,73.6,73.6,0.02,0.03,0.51,24.64,94,0,0,1
2026-08-14T10:34:23,1786678463,13.730926,100.788133,9.9,9.41,0.2,-0.9,73.6,73.6,0.02,0.03,0.51,24.64,94,0,0,1
2026-08-14T10:34:24,1786678464,13.730926,100.788133,9.9,9.41,-0.1,-0.2,73.4,73.4,0.02,0.03,0.51,24.64,94,0,0,1
2026-08-14T10:34:25,1786678465,13.730926,100.788133,9.9,9.41,-0.1,-0.2,73.4,73.4,0.02,0.03,0.51,24.64,94,0,0,1
2026-08-14T10:34:26,1786678466,13.730926,100.788133,9.9,9.41,-0.1,-0.2,73.4,73.4,0.02,0.03,0.51,24.64,94,0,0,1
2026-08-14T10:34:27,1786678467,13.730926,100.788133,9.9,9.41,-0.1,-0.2,73.4,73.4,0.02,0.03,0.51,24.64,94,0,0,1
2026-08-14T10:34:28,1786678468,13.730926,100.788133,9.9,9.41,-0.1,-0.2,73.4,73.4,0.02,0.03,0.51,24.64,94,0,0,1
2026-08-14T10:34:29,1786678469,13.730926,100.788133,9.9,9.41,-0.1,-0.2,73.4,73.4,0.02,0.03,0.51,24.64,94,0,0,1
2026-08-14T10:34:30,1786678470,13.730926,100.788133,9.9,9.41,-0.1,-0.2,73.4,73.4,0.02,0.03,0.51,24.64,94,0,0,1
2026-08-14T10:34:31,1786678471,13.730926,100.788133,9.9,9.41,-0.1,-0.2,73.4,73.4,0.02,0.03,0.51,24.64,94,0,0,1
2026-08-14T10:34:32,1786678472,13.730926,100.788133,9.9,9.41,-0.2,-0.1,73.4,73.4,0.02,0.03,0.51,24.64,94,0,0,1
2026-08-14T10:34:33,1786678473,13.730926,100.788133,9.9,9.41,-0.2,-0.1,73.4,73.4,0.02,0.03,0.51,24.64,94,0,0,1
2026-08-14T10:34:34,1786678474,13.730926,100.788133,9.8,9.41,-0.2,-0.1,73.4,73.4,0.02,0.03,0.51,24.64,94,0,0,1
2026-08-14T10:34:35,1786678475,13.730926,100.788133,9.8,9.41,-0.2,-0.1,73.4,73.4,0.02,0.03,0.51,24.64,94,0,0,1
2026-08-14T10:34:36,1786678476,13.730926,100.788133,9.5,9.01,-0.2,-0.1,73.4,73.4,0.02,0.0,0.51,24.64,94,0,0,1
2026-08-14T10:34:37,1786678477,13.730926,100.788133,9.5,9.01,0.7,-0.2,73.5,73.5,0.02,0.0,0.51,24.63,94,AUTO.LOITER,1,1
2026-08-14T10:34:38,1786678478,13.730926,100.788133,9.1,8.61,0.1,-0.4,73.6,73.6,-0.04,0.01,0.51,24.63,94,0,0,1
2026-08-14T10:34:39,1786678479,13.730926,100.788133,9.1,8.61,-0.1,-0.5,73.6,73.6,-0.04,0.01,0.51,24.63,94,AUTO.LOITER,1,1
2026-08-14T10:34:40,1786678480,13.730926,100.788133,8.7,8.21,0.1,-0.4,73.5,73.5,-0.03,0.02,0.39,24.63,94,0,0,1
2026-08-14T10:34:41,1786678481,13.730926,100.788133,8.7,8.21,-0.3,-0.4,73.5,73.5,-0.03,0.02,0.39,24.63,94,AUTO.LOITER,1,1
2026-08-14T10:34:42,1786678482,13.730926,100.788133,8.4,7.91,-0.1,-0.3,73.5,73.5,-0.01,0.02,0.42,24.63,94,0,0,1
2026-08-14T10:34:43,1786678483,13.730926,100.788133,8.4,7.91,-0.2,-0.0,73.5,73.5,-0.01,0.02,0.42,24.63,94,AUTO.LOITER,1,1
2026-08-14T10:34:44,1786678484,13.730926,100.788133,8.1,7.62,0.3,-0.2,73.5,73.5,0.0,-0.01,0.41,24.63,94,0,0,1
2026-08-14T10:34:45,1786678485,13.730926,100.788133,8.1,7.62,0.2,-0.4,73.5,73.5,0.0,-0.01,0.41,24.62,94,0,0,1
2026-08-14T10:34:46,1786678486,13.730926,100.788133,7.8,7.32,-0.1,-0.1,73.5,73.5,-0.04,0.0,0.41,24.62,94,0,0,1
2026-08-14T10:34:47,1786678487,13.730926,100.788133,7.8,7.32,-0.1,-0.1,73.5,73.5,-0.04,0.0,0.41,24.62,94,0,0,1
2026-08-14T10:34:48,1786678488,13.730926,100.788133,7.8,7.32,-0.3,-0.3,73.5,73.5,-0.04,0.0,0.41,24.62,94,0,0,1
2026-08-14T10:34:49,1786678489,13.730926,100.788133,7.5,7.32,-0.3,-0.3,73.5,73.5,-0.04,0.0,0.41,24.62,94,AUTO.LOITER,1,1
2026-08-14T10:34:50,1786678490,13.730926,100.788133,7.5,7.32,-0.3,-0.3,73.5,73.5,-0.04,0.0,0.41,24.62,94,0,0,1
2026-08-14T10:34:51,1786678491,13.730926,100.788133,7.5,7.32,0.1,-0.3,73.5,73.5,-0.04,0.0,0.41,24.61,94,0,0,1
2026-08-14T10:34:52,1786678492,13.730926,100.788132,6.9,6.4,-0.1,-0.2,73.5,73.5,0.0,0.0,0.39,24.61,94,0,0,1
2026-08-14T10:34:53,1786678493,13.730926,100.788132,6.8,6.4,-0.4,-0.3,73.5,73.5,0.0,0.0,0.39,24.61,94,0,0,1
2026-08-14T10:34:54,1786678494,13.730926,100.788132,6.6,6.1,-0.5,-0.7,73.5,73.5,0.0,0.0,0.39,24.61,94,0,0,1
2026-08-14T10:34:55,1786678495,13.730926,100.788132,6.5,6.1,-0.2,-0.2,73.5,73.5,0.0,0.0,0.39,24.61,93,0,0,1
2026-08-14T10:34:56,1786678496,13.730926,100.788132,6.2,5.79,0.1,-0.3,73.5,73.5,0.02,0.0,0.38,24.61,93,0,0,1
2026-08-14T10:34:57,1786678497,13.730926,100.788132,6.3,5.79,-0.0,-0.7,73.5,73.5,0.02,0.0,0.38,24.61,93,0,0,1
2026-08-14T10:34:58,1786678498,13.730926,100.788132,5.9,5.49,-0.4,-0.3,73.5,73.5,0.0,0.02,0.38,24.61,93,0,0,1
2026-08-14T10:34:59,1786678499,13.730926,100.788132,5.6,5.19,-0.2,0.0,73.5,73.5,0.0,-0.01,0.38,24.6,93,0,0,1
2026-08-14T10:35:00,1786678500,13.730926,100.788132,5.6,5.19,-0.2,0.0,73.5,73.5,0.0,-0.01,0.38,24.6,93,0,0,1
2026-08-14T10:35:01,1786678501,13.730926,100.788132,5.3,4.88,-0.3,-0.7,73.5,73.5,0.02,0.0,0.37,24.6,93,0,0,1
2026-08-14T10:35:02,1786678502,13.730926,100.788132,5.3,4.88,-0.2,-0.5,73.5,73.5,0.02,0.0,0.37,24.6,93,0,0,1
2026-08-14T10:35:03,1786678503,13.730926,100.788132,5.3,4.88,-0.3,0.2,73.5,73.5,0.02,0.0,0.37,24.6,93,0,0,1
2026-08-14T10:35:04,1786678504,13.730926,100.788132,5.3,4.88,-0.3,-0.1,73.5,73.5,0.02,0.0,0.37,24.6,93,0,0,1
2026-08-14T10:35:05,1786678505,13.730926,100.788132,4.8,4.3,-0.3,-0.1,73.5,73.5,0.02,-0.02,0.38,24.6,93,0,0,1
2026-08-14T10:35:06,1786678506,13.730926,100.788132,4.8,4.3,0.0,-0.3,73.5,73.5,0.02,-0.02,0.38,24.6,93,0,0,1
2026-08-14T10:35:07,1786678507,13.730927,100.788132,4.4,3.99,0.1,-0.4,73.5,73.5,-0.01,0.0,0.37,24.59,93,0,0,1
2026-08-14T10:35:08,1786678508,13.730927,100.788132,4.4,3.99,-0.3,-0.7,73.5,73.5,-0.01,0.0,0.37,24.59,93,AUTO.LAND,1,1
2026-08-14T10:35:09,1786678509,13.730927,100.788132,4.1,3.68,-0.1,0.2,73.5,73.5,0.02,0.01,0.36,24.59,93,0,0,1
2026-08-14T10:35:10,1786678510,13.730927,100.788132,4.1,3.68,-0.1,-0.6,73.5,73.5,0.02,0.01,0.36,24.59,93,AUTO.LAND,1,1
2026-08-14T10:35:11,1786678511,13.730926,100.788132,3.8,3.37,-0.1,-0.6,73.5,73.5,0.01,0.01,0.35,24.59,93,0,0,1
2026-08-14T10:35:12,1786678512,13.730926,100.788132,3.8,3.37,-0.1,-0.6,73.5,73.5,0.01,0.01,0.35,24.58,93,0,0,1
2026-08-14T10:35:13,1786678513,13.730926,100.788132,3.8,3.37,-0.1,-0.6,73.5,73.5,0.01,0.01,0.35,24.58,93,0,0,1
2026-08-14T10:35:14,1786678514,13.730926,100.788132,3.4,3.37,-0.1,-0.3,73.5,73.5,0.01,0.01,0.35,24.58,93,0,0,1
2026-08-14T10:35:15,1786678515,13.730926,100.788132,3.2,2.77,-0.1,-0.3,73.5,73.5,0.02,0.01,0.35,24.58,93,0,0,1
2026-08-14T10:35:16,1786678516,13.730926,100.788131,3.1,2.77,-0.3,-0.2,73.5,73.5,0.02,0.01,0.35,24.58,93,0,0,1
2026-08-14T10:35:17,1786678517,13.730926,100.788132,2.9,2.47,0.1,-0.5,73.5,73.5,0.06,0.0,0.33,24.58,93,0,0,1
2026-08-14T10:35:18,1786678518,13.730927,100.788132,2.6,2.19,0.2,-0.1,73.5,73.5,0.02,0.0,0.35,24.58,93,0,0,1
2026-08-14T10:35:19,1786678519,13.730927,100.788132,2.6,2.19,-0.0,-0.1,73.5,73.5,0.02,0.0,0.35,24.58,93,0,0,1
2026-08-14T10:35:20,1786678520,13.730926,100.788132,2.3,1.89,-0.1,-0.1,73.5,73.5,0.01,-0.01,0.35,24.57,92,0,0,1
2026-08-14T10:35:21,1786678521,13.730926,100.788132,2.3,1.89,-0.5,-0.4,73.5,73.5,0.01,-0.01,0.35,24.57,92,0,0,1
2026-08-14T10:35:22,1786678522,13.730926,100.788131,2.2,1.89,-0.5,-0.4,73.5,73.5,0.01,-0.01,0.35,24.57,92,0,0,1
2026-08-14T10:35:23,1786678523,13.730926,100.788131,2.2,1.89,0.4,-0.0,73.5,73.5,0.01,-0.01,0.35,24.57,92,0,0,1
2026-08-14T10:35:24,1786678524,13.730927,100.788132,1.7,1.29,0.2,0.1,73.5,73.5,0.0,0.0,0.34,24.57,92,0,0,1
2026-08-14T10:35:25,1786678525,13.730927,100.788132,1.6,1.29,0.0,-0.5,73.5,73.5,0.0,0.0,0.34,24.56,92,0,0,1
2026-08-14T10:35:26,1786678526,13.730927,100.788132,1.5,1.0,0.2,-0.3,73.5,73.5,0.0,0.0,0.35,24.56,92,0,0,1
2026-08-14T10:35:27,1786678527,13.730927,100.788132,1.4,1.0,0.1,-0.2,73.5,73.5,0.0,0.0,0.35,24.56,92,0,0,1
2026-08-14T10:35:28,1786678528,13.730927,100.788132,1.1,0.69,-0.3,-0.2,73.5,73.5,-0.01,0.0,0.35,24.56,92,0,0,1
2026-08-14T10:35:29,1786678529,13.730927,100.788132,0.8,0.39,-0.1,-0.2,73.5,73.5,0.0,-0.01,0.34,24.56,92,0,0,1
2026-08-14T10:35:30,1786678530,13.730927,100.788132,0.8,0.39,-0.1,-0.2,73.5,73.5,0.0,-0.01,0.34,24.56,92,AUTO.LAND,1,1
2026-08-14T10:35:31,1786678531,13.730927,100.788132,0.8,0.39,-0.1,-0.2,73.5,73.5,0.0,-0.01,0.34,24.56,92,0,0,1
2026-08-14T10:35:32,1786678532,13.730926,100.788132,0.4,-0.05,0.1,-0.2,73.7,73.7,-0.01,0.01,0.06,24.55,92,0,0,1
2026-08-14T10:35:33,1786678533,13.730926,100.788132,0.4,-0.05,0.1,-0.3,73.8,73.8,-0.01,0.01,0.06,24.55,92,0,0,1
2026-08-14T10:35:34,1786678534,13.730927,100.788132,0.4,-0.05,0.1,-0.3,73.8,73.8,0.0,0.02,0.06,24.55,92,0,0,1
2026-08-14T10:35:35,1786678535,13.730927,100.788132,0.4,-0.05,0.0,-0.3,73.8,73.8,0.0,0.02,0.06,24.55,92,AUTO.LAND,1,1
2026-08-14T10:35:36,1786678536,13.730927,100.788132,0.4,-0.05,0.0,-0.3,73.8,73.8,0.0,0.02,0.07,24.55,92,0,0,1
2026-08-14T10:35:37,1786678537,13.730927,100.788132,0.4,-0.05,0.0,-0.2,73.8,73.8,0.0,0.02,0.07,24.55,92,AUTO.LAND,1,0
2026-08-14T10:35:38,1786678538,13.730927,100.788132,0.4,-0.04,0.0,-0.2,73.8,73.8,0.01,0.02,0.06,24.55,92,0,0,0
2026-08-14T10:35:39,1786678539,13.730927,100.788132,0.5,-0.04,0.0,-0.2,73.8,73.8,0.01,0.02,0.06,24.54,92,0,0,0
2026-08-14T10:35:40,1786678540,13.730927,100.788132,0.4,-0.05,0.0,-0.2,73.8,73.8,0.02,0.01,0.06,24.54,92,0,0,0
2026-08-14T10:35:41,1786678541,13.730927,100.788132,0.5,-0.05,0.0,-0.2,73.8,73.8,0.02,0.01,0.06,24.54,92,0,0,0
2026-08-14T10:35:42,1786678542,13.730927,100.788132,0.4,-0.06,0.0,-0.2,73.8,73.8,0.01,0.0,0.06,24.54,92,0,0,0
2026-08-14T10:35:43,1786678543,13.730927,100.788132,0.4,0.0,0.1,-0.2,73.8,73.8,0.0,0.0,0.05,24.54,92,0,0,0
2026-08-14T10:35:44,1786678544,13.730927,100.788132,0.4,0.0,0.1,-0.2,73.8,73.8,0.0,0.0,0.05,24.53,91,AUTO.TAKEOFF,1,1
2026-08-14T10:35:45,1786678545,13.730927,100.788132,0.4,0.02,-0.6,-0.1,73.9,73.9,0.04,-0.01,-0.09,24.53,91,0,0,1
2026-08-14T10:35:46,1786678546,13.730927,100.788132,0.4,0.02,1.3,-0.3,74.0,74.0,0.04,-0.01,-0.09,24.53,91,AUTO.TAKEOFF,1,1
2026-08-14T10:35:47,1786678547,13.730927,100.788131,1.2,0.81,0.1,-0.2,73.9,73.9,-0.02,0.02,-1.26,24.53,91,0,0,1
2026-08-14T10:35:48,1786678548,13.730926,100.788132,2.5,0.81,-0.3,-0.1,71.8,71.8,-0.02,0.02,-1.26,24.53,91,0,0,1
2026-08-14T10:35:49,1786678549,13.730927,100.788132,2.9,2.49,-0.3,-0.0,71.4,71.4,0.0,0.01,-1.55,24.53,91,0,0,1
2026-08-14T10:35:50,1786678550,13.730927,100.788132,3.7,2.49,0.1,0.2,71.1,71.1,0.0,0.01,-1.55,24.52,91,0,0,1
2026-08-14T10:35:51,1786678551,13.730927,100.788132,3.9,3.55,0.1,-0.1,70.9,70.9,0.01,-0.01,-1.11,24.52,91,0,0,1
2026-08-14T10:35:52,1786678552,13.730927,100.788132,5.0,4.64,0.3,-0.2,71.0,71.0,0.0,0.0,-1.04,24.52,91,0,0,1
2026-08-14T10:35:53,1786678553,13.730927,100.788132,5.0,4.64,0.3,-0.2,71.1,71.1,0.0,0.0,-1.04,24.52,91,0,0,1
2026-08-14T10:35:54,1786678554,13.730927,100.788132,6.1,5.7,-0.0,-0.1,71.2,71.2,0.0,0.0,-1.0,24.52,91,0,0,1
2026-08-14T10:35:55,1786678555,13.730927,100.788132,6.1,5.7,-0.0,-0.2,71.2,71.2,0.0,0.0,-1.0,24.52,91,AUTO.LOITER,1,1
2026-08-14T10:35:56,1786678556,13.730927,100.788132,7.1,6.74,0.4,0.1,71.1,71.1,0.0,0.0,-0.98,24.52,91,0,0,1
2026-08-14T10:35:57,1786678557,13.730927,100.788132,7.1,6.74,0.4,0.1,71.1,71.1,0.0,0.0,-0.98,24.52,91,AUTO.LOITER,1,1
2026-08-14T10:35:58,1786678558,13.730927,100.788131,8.0,6.74,-0.2,-0.6,71.1,71.1,0.0,0.0,-0.98,24.52,91,0,0,1
2026-08-14T10:35:59,1786678559,13.730927,100.788131,8.0,6.74,-0.3,-0.1,71.1,71.1,0.0,0.0,-0.98,24.51,91,AUTO.LOITER,1,1
2026-08-14T10:36:00,1786678560,13.730927,100.788132,9.2,8.77,0.4,0.3,71.1,71.1,0.02,0.01,-0.95,24.51,91,0,0,1
2026-08-14T10:36:01,1786678561,13.730927,100.788132,9.2,8.77,0.1,0.2,71.2,71.2,0.02,0.01,-0.95,24.51,91,0,0,1
2026-08-14T10:36:02,1786678562,13.730927,100.788132,10.2,9.78,0.1,-0.1,71.2,71.2,0.0,-0.02,-0.94,24.51,91,0,0,1
2026-08-14T10:36:03,1786678563,13.730927,100.788131,11.0,9.78,0.6,-0.3,71.1,71.1,0.0,-0.02,-0.94,24.51,91,0,0,1
2026-08-14T10:36:04,1786678564,13.730927,100.788131,11.1,10.75,0.5,-0.5,71.1,71.1,-0.01,0.0,-0.7,24.51,91,0,0,1
2026-08-14T10:36:05,1786678565,13.730927,100.788131,11.1,10.75,0.9,-0.6,71.2,71.2,-0.01,0.0,-0.7,24.5,91,0,0,1
2026-08-14T10:36:06,1786678566,13.730927,100.788131,11.1,10.75,11.4,-13.4,71.6,71.6,-0.01,0.0,-0.7,24.5,91,0,0,1
2026-08-14T10:36:07,1786678567,13.730918,100.788151,12.4,11.97,6.5,-18.4,82.8,82.8,-1.14,3.4,-0.48,24.5,91,0,0,1
2026-08-14T10:36:08,1786678568,13.730918,100.788151,12.4,11.97,0.5,-15.8,95.0,95.0,-1.14,3.4,-0.48,24.5,91,0,0,1
2026-08-14T10:36:09,1786678569,13.730907,100.788192,12.9,12.51,6.3,-7.3,107.6,107.6,-1.74,4.7,-0.46,24.5,91,0,0,1
2026-08-14T10:36:10,1786678570,13.730907,100.788192,12.9,12.51,1.7,-0.7,117.2,117.2,-1.74,4.7,-0.46,24.5,90,AUTO.LOITER,1,1
2026-08-14T10:36:11,1786678571,13.730892,100.788233,13.5,13.08,-2.4,-5.5,117.0,117.0,-1.72,4.81,-0.43,24.5,90,0,0,1
2026-08-14T10:36:12,1786678572,13.730892,100.788233,13.5,13.08,0.7,-2.3,105.8,105.8,-1.72,4.81,-0.43,24.49,90,AUTO.LOITER,1,1
2026-08-14T10:36:13,1786678573,13.730877,100.788277,14.0,13.59,0.5,-2.5,105.3,105.3,-1.7,4.82,-0.46,24.49,90,0,0,1
2026-08-14T10:36:14,1786678574,13.730877,100.788277,14.0,13.59,0.1,-2.2,108.0,108.0,-1.7,4.82,-0.46,24.49,90,0,0,1
2026-08-14T10:36:15,1786678575,13.730877,100.788277,14.0,13.59,-0.0,-2.2,110.6,110.6,-1.7,4.82,-0.46,24.49,90,0,0,1
2026-08-14T10:36:16,1786678576,13.730877,100.788277,14.0,13.59,-0.0,-2.0,111.3,111.3,-1.7,4.82,-0.46,24.49,90,0,0,1
2026-08-14T10:36:17,1786678577,13.730846,100.788365,15.1,14.65,0.1,-1.9,110.3,110.3,-1.66,4.75,-0.49,24.49,90,0,0,1
2026-08-14T10:36:18,1786678578,13.730836,100.788395,15.6,14.65,-0.2,-1.8,109.0,109.0,-1.66,4.75,-0.49,24.48,90,0,0,1
2026-08-14T10:36:19,1786678579,13.730831,100.788408,15.6,15.2,0.4,-1.7,108.6,108.6,-1.62,4.72,-0.49,24.48,90,0,0,1
2026-08-14T10:36:20,1786678580,13.730821,100.78844,16.1,15.2,0.2,-1.9,108.9,108.9,-1.62,4.72,-0.49,24.48,90,0,0,1
2026-08-14T10:36:21,1786678581,13.730816,100.788452,16.2,15.76,0.1,-2.4,109.5,109.5,-1.63,4.67,-0.48,24.48,90,0,0,1
2026-08-14T10:36:22,1786678582,13.730806,100.788483,16.7,15.76,0.2,-2.2,109.9,109.9,-1.63,4.67,-0.48,24.48,90,0,0,1
2026-08-14T10:36:23,1786678583,13.730801,100.788496,16.7,16.31,0.5,-2.1,109.8,109.8,-1.65,4.7,-0.48,24.48,90,0,0,1
2026-08-14T10:36:24,1786678584,13.730786,100.788539,17.2,16.85,0.2,-2.0,109.6,109.6,-1.66,4.68,-0.48,24.48,90,0,0,1
2026-08-14T10:36:25,1786678585,13.730786,100.788539,17.2,16.85,0.1,-1.6,109.4,109.4,-1.66,4.68,-0.48,24.48,90,0,0,1
2026-08-14T10:36:26,1786678586,13.730771,100.788583,17.8,17.4,0.1,-1.9,109.4,109.4,-1.64,4.65,-0.48,24.47,90,0,0,1
2026-08-14T10:36:27,1786678587,13.730771,100.788583,17.8,17.4,0.0,-2.0,109.4,109.4,-1.64,4.65,-0.48,24.47,90,0,0,1
2026-08-14T10:36:28,1786678588,13.730756,100.788626,18.4,17.96,-0.0,-2.5,109.5,109.5,-1.63,4.69,-0.47,24.47,90,0,0,1
2026-08-14T10:36:29,1786678589,13.730756,100.788626,18.4,17.96,0.0,-2.1,109.5,109.5,-1.63,4.69,-0.47,24.47,90,AUTO.LOITER,1,1
2026-08-14T10:36:30,1786678590,13.730741,100.78867,18.9,18.52,0.3,-1.8,109.5,109.5,-1.63,4.68,-0.46,24.47,90,0,0,1
2026-08-14T10:36:31,1786678591,13.730741,100.78867,18.9,18.52,1.1,11.8,109.7,109.7,-1.63,4.68,-0.46,24.46,90,AUTO.LOITER,1,1
2026-08-14T10:36:32,1786678592,13.730728,100.788708,19.4,18.99,-0.4,7.9,109.4,109.4,-1.22,3.22,-0.28,24.46,90,0,0,1
2026-08-14T10:36:33,1786678593,13.730728,100.788708,19.4,18.99,-0.4,5.1,108.8,108.8,-1.22,3.22,-0.28,24.46,90,AUTO.LOITER,1,1
2026-08-14T10:36:34,1786678594,13.73072,100.788731,19.7,19.31,-0.7,6.4,108.3,108.3,-0.66,1.99,-0.11,24.46,90,0,0,1
2026-08-14T10:36:35,1786678595,13.73072,100.788731,19.7,19.31,11.7,12.5,109.1,109.1,-0.66,1.99,-0.11,24.46,89,0,0,1
2026-08-14T10:36:36,1786678596,13.730713,100.788742,19.9,19.49,16.6,7.3,111.4,111.4,-1.23,-0.06,0.09,24.46,89,0,0,1
2026-08-14T10:36:37,1786678597,13.730698,100.788737,20.1,19.49,15.4,-8.8,119.7,119.7,-1.23,-0.06,0.09,24.46,89,0,0,1
2026-08-14T10:36:38,1786678598,13.730688,100.788734,19.9,19.54,9.5,-14.5,137.5,137.5,-4.01,-0.83,0.11,24.46,89,0,0,1
2026-08-14T10:36:39,1786678599,13.730657,100.788731,20.2,19.54,1.8,0.2,158.5,158.5,-4.01,-0.83,0.11,24.45,89,0,0,1
2026-08-14T10:36:40,1786678600,13.730643,100.78873,19.9,19.51,2.4,-0.8,173.2,173.2,-4.86,-0.66,0.14,24.45,89,0,0,1
2026-08-14T10:36:41,1786678601,13.730615,100.788724,20.2,19.51,2.4,-0.8,173.2,173.2,-4.86,-0.66,0.14,24.45,89,0,0,1
2026-08-14T10:36:42,1786678602,13.730601,100.788722,19.9,19.53,-1.8,-2.4,-170.2,189.8,-5.04,-0.71,0.13,24.45,89,0,0,1
2026-08-14T10:36:43,1786678603,13.73057,100.788718,20.2,19.53,0.2,-1.1,-168.1,191.9,-5.04,-0.71,0.13,24.45,89,0,0,1
2026-08-14T10:36:44,1786678604,13.730555,100.788716,20.0,19.57,0.9,-2.0,-170.4,189.6,-4.96,-0.6,0.13,24.45,89,0,0,1
2026-08-14T10:36:45,1786678605,13.730511,100.78871,20.0,19.59,0.2,-2.2,-173.6,186.4,-4.93,-0.68,0.13,24.45,89,0,0,1
2026-08-14T10:36:46,1786678606,13.730511,100.78871,20.0,19.59,-0.2,-1.9,-175.0,185.0,-4.93,-0.68,0.13,24.45,89,0,0,1
2026-08-14T10:36:47,1786678607,13.730479,100.788706,20.3,19.59,0.3,-1.8,-174.1,185.9,-4.93,-0.68,0.13,24.44,89,0,0,1
2026-08-14T10:36:48,1786678608,13.730479,100.788706,20.3,19.59,1.4,10.8,-172.1,187.9,-4.93,-0.68,0.13,24.44,89,0,0,1
2026-08-14T10:36:49,1786678609,13.730434,100.788699,20.1,19.66,-0.0,6.1,-171.1,188.9,-2.7,-0.46,0.17,24.44,89,0,0,1
2026-08-14T10:36:50,1786678610,13.730434,100.788699,20.1,19.66,0.3,5.8,-171.8,188.2,-2.7,-0.46,0.17,24.44,89,AUTO.LOITER,1,1
2026-08-14T10:36:51,1786678611,13.730414,100.788697,20.1,19.7,11.6,10.4,-171.2,188.8,-1.47,-0.3,0.14,24.44,89,0,0,1
2026-08-14T10:36:52,1786678612,13.730414,100.788697,20.1,19.7,16.8,7.7,-166.3,193.7,-1.47,-0.3,0.14,24.43,89,AUTO.LOITER,1,1
2026-08-14T10:36:53,1786678613,13.730411,100.788683,20.1,19.73,12.6,-12.0,-156.8,203.2,0.32,-2.57,0.17,24.43,89,0,0,1
2026-08-14T10:36:54,1786678614,13.73041,100.788659,20.5,19.73,10.4,-14.9,-137.5,222.5,0.32,-2.57,0.17,24.43,89,0,0,1
2026-08-14T10:36:55,1786678615,13.730409,100.788646,20.1,19.72,0.3,-2.1,-117.9,242.1,-0.47,-5.11,0.29,24.43,89,0,0,1
2026-08-14T10:36:56,1786678616,13.730407,100.788615,20.5,19.72,1.3,0.2,-105.2,254.8,-0.47,-5.11,0.29,24.43,89,0,0,1
2026-08-14T10:36:57,1786678617,13.730405,100.7886,20.1,19.7,0.5,-5.6,-96.3,263.7,-0.35,-4.85,0.21,24.43,89,0,0,1
2026-08-14T10:36:58,1786678618,13.730403,100.788568,20.6,19.7,-1.2,-2.8,-91.0,269.0,-0.35,-4.85,0.21,24.43,89,0,0,1
2026-08-14T10:36:59,1786678619,13.730402,100.788554,20.1,19.7,-0.0,-1.2,-90.5,269.5,-0.43,-5.09,0.21,24.43,89,0,0,1
2026-08-14T10:37:00,1786678620,13.7304,100.788522,20.5,19.7,0.6,-1.9,-93.5,266.5,-0.43,-5.09,0.21,24.42,89,0,0,1
2026-08-14T10:37:01,1786678621,13.730398,100.788508,20.1,19.71,0.1,-2.2,-96.4,263.6,-0.36,-5.0,0.22,24.42,89,0,0,1
2026-08-14T10:37:02,1786678622,13.730395,100.788461,20.1,19.7,0.4,-2.0,-96.9,263.1,-0.35,-4.99,0.21,24.42,88,0,0,1
2026-08-14T10:37:03,1786678623,13.730395,100.788461,20.1,19.7,0.7,-1.7,-95.6,264.4,-0.35,-4.99,0.21,24.42,88,0,0,1
2026-08-14T10:37:04,1786678624,13.730391,100.788415,20.1,19.7,0.1,-1.5,-94.0,266.0,-0.33,-4.93,0.2,24.42,88,0,0,1
2026-08-14T10:37:05,1786678625,13.730391,100.788415,20.1,19.7,0.5,-1.5,-93.4,266.6,-0.33,-4.93,0.2,24.42,88,0,0,1
2026-08-14T10:37:06,1786678626,13.730388,100.788369,20.1,19.7,0.3,-2.3,-93.8,266.2,-0.32,-4.93,0.2,24.41,88,0,0,1
2026-08-14T10:37:07,1786678627,13.730388,100.788369,20.1,19.7,-0.2,-2.4,-94.5,265.5,-0.32,-4.93,0.2,24.41,88,AUTO.LOITER,1,1
2026-08-14T10:37:08,1786678628,13.730385,100.788323,20.1,19.7,-0.1,-1.6,-94.6,265.4,-0.36,-4.94,0.2,24.41,88,0,0,1
2026-08-14T10:37:09,1786678629,13.730385,100.788323,20.1,19.7,0.1,-2.1,-94.3,265.7,-0.36,-4.94,0.2,24.41,88,AUTO.LOITER,1,1
2026-08-14T10:37:10,1786678630,13.730382,100.788277,20.1,19.72,0.1,-2.3,-94.1,265.9,-0.38,-4.93,0.22,24.41,88,0,0,1
2026-08-14T10:37:11,1786678631,13.730382,100.788277,20.1,19.72,0.4,-2.2,-94.1,265.9,-0.38,-4.93,0.22,24.41,88,AUTO.LOITER,1,1
2026-08-14T10:37:12,1786678632,13.730379,100.78823,20.1,19.71,0.0,-1.9,-94.2,265.8,-0.35,-4.96,0.22,24.41,88,0,0,1
2026-08-14T10:37:13,1786678633,13.730379,100.78823,20.1,19.71,-0.4,-2.0,-94.3,265.7,-0.35,-4.96,0.22,24.4,88,0,0,1
2026-08-14T10:37:14,1786678634,13.730375,100.788184,20.1,19.71,-0.4,-2.0,-94.3,265.7,-0.4,-4.94,0.21,24.4,88,0,0,1
2026-08-14T10:37:15,1786678635,13.730373,100.788152,20.6,19.71,0.4,-1.8,-94.3,265.7,-0.4,-4.94,0.21,24.4,88,0,0,1
2026-08-14T10:37:16,1786678636,13.730373,100.788152,20.6,19.71,0.4,-1.8,-94.3,265.7,-0.4,-4.94,0.21,24.4,88,0,0,1
2026-08-14T10:37:17,1786678637,13.730373,100.788152,20.6,19.71,0.4,-1.8,-94.3,265.7,-0.4,-4.94,0.21,24.4,88,0,0,1
2026-08-14T10:37:18,1786678638,13.730373,100.788152,20.6,19.71,0.3,-2.2,-94.2,265.8,-0.4,-4.94,0.21,24.4,88,0,0,1
2026-08-14T10:37:19,1786678639,13.730365,100.788046,20.1,19.74,0.3,-2.2,-94.2,265.8,-0.36,-4.96,0.23,24.4,88,0,0,1
2026-08-14T10:37:20,1786678640,13.730365,100.788046,20.1,19.74,-0.2,-2.4,-94.3,265.7,-0.36,-4.96,0.23,24.4,88,0,0,1
2026-08-14T10:37:21,1786678641,13.730362,100.788,20.1,19.75,0.3,-2.3,-94.3,265.7,-0.38,-4.98,0.25,24.39,88,0,0,1
2026-08-14T10:37:22,1786678642,13.730362,100.788,20.1,19.75,0.3,-2.4,-94.3,265.7,-0.38,-4.98,0.25,24.39,88,0,0,1
2026-08-14T10:37:23,1786678643,13.730359,100.787954,20.2,19.76,0.1,-2.5,-94.2,265.8,-0.38,-5.0,0.26,24.39,88,0,0,1
2026-08-14T10:37:24,1786678644,13.730359,100.787954,20.2,19.76,0.0,-2.2,-94.2,265.8,-0.38,-5.0,0.26,24.39,88,AUTO.LOITER,1,1
2026-08-14T10:37:25,1786678645,13.730355,100.787908,20.2,19.75,0.3,-2.5,-94.3,265.7,-0.39,-4.98,0.25,24.39,88,0,0,1
2026-08-14T10:37:26,1786678646,13.730355,100.787908,20.2,19.75,0.3,-2.5,-94.3,265.7,-0.39,-4.98,0.25,24.38,88,0,0,1
2026-08-14T10:37:27,1786678647,13.730352,100.787861,20.2,19.76,0.2,-2.2,-94.2,265.8,-0.38,-5.01,0.26,24.38,88,0,0,1
2026-08-14T10:37:28,1786678648,13.730352,100.787861,20.2,19.76,0.0,-2.2,-94.2,265.8,-0.38,-5.01,0.26,24.38,88,0,0,1
2026-08-14T10:37:29,1786678649,13.730352,100.787861,20.2,19.76,0.0,-2.2,-94.2,265.8,-0.38,-5.01,0.26,24.38,88,0,0,1
2026-08-14T10:37:30,1786678650,13.730352,100.787861,20.2,19.76,0.0,-2.2,-94.2,265.8,-0.38,-5.01,0.26,24.38,88,0,0,1
2026-08-14T10:37:31,1786678651,13.730345,100.787769,20.2,19.8,0.0,-2.2,-94.2,265.8,-0.4,-4.98,0.29,24.38,88,0,0,1
2026-08-14T10:37:32,1786678652,13.730343,100.787737,20.7,19.8,0.4,-2.4,-94.3,265.7,-0.4,-4.98,0.29,24.38,87,0,0,1
2026-08-14T10:37:33,1786678653,13.730342,100.787723,20.2,19.8,0.3,-2.5,-94.2,265.8,-0.37,-4.98,0.29,24.38,87,0,0,1
2026-08-14T10:37:34,1786678654,13.730339,100.787692,20.8,19.8,0.2,-2.5,-94.2,265.8,-0.37,-4.98,0.29,24.37,87,0,0,1
2026-08-14T10:37:35,1786678655,13.730339,100.787677,20.2,19.8,0.6,-2.5,-94.2,265.8,-0.37,-5.0,0.3,24.37,87,0,0,1
2026-08-14T10:37:36,1786678656,13.730336,100.787645,20.9,19.8,0.3,-2.3,-94.2,265.8,-0.37,-5.0,0.3,24.37,87,0,0,1
2026-08-14T10:37:37,1786678657,13.730335,100.787631,20.2,19.81,-0.1,-2.4,-94.2,265.8,-0.34,-5.0,0.3,24.37,87,0,0,1
2026-08-14T10:37:38,1786678658,13.730332,100.787584,20.2,19.81,0.4,-2.4,-94.2,265.8,-0.36,-5.0,0.31,24.37,87,0,0,1
2026-08-14T10:37:39,1786678659,13.730332,100.787584,20.2,19.81,0.9,-2.2,-94.2,265.8,-0.36,-5.0,0.31,24.37,87,0,0,1
2026-08-14T10:37:40,1786678660,13.730328,100.787538,20.2,19.81,0.4,-2.2,-94.1,265.9,-0.33,-4.97,0.31,24.36,87,0,0,1
2026-08-14T10:37:41,1786678661,13.730328,100.787538,20.2,19.81,0.2,-2.3,-94.1,265.9,-0.33,-4.97,0.31,24.36,87,AUTO.LOITER,1,1
2026-08-14T10:37:42,1786678662,13.730325,100.787497,20.2,19.83,1.0,8.6,-93.9,266.1,-0.29,-3.62,0.34,24.36,87,0,0,1
2026-08-14T10:37:43,1786678663,13.730325,100.787497,20.2,19.83,1.7,5.6,-93.2,266.8,-0.29,-3.62,0.34,24.36,87,AUTO.LOITER,1,1
2026-08-14T10:37:44,1786678664,13.730323,100.787472,20.2,19.82,1.0,5.2,-92.4,267.6,-0.07,-2.13,0.32,24.36,87,0,0,1
2026-08-14T10:37:45,1786678665,13.730323,100.787472,20.2,19.82,0.7,17.6,-91.8,268.2,-0.07,-2.13,0.32,24.36,87,AUTO.LOITER,1,1
2026-08-14T10:37:46,1786678666,13.730322,100.787461,20.1,19.67,1.6,2.0,-92.1,267.9,0.02,-0.1,0.7,24.36,87,0,0,1
2026-08-14T10:37:47,1786678667,13.730322,100.787461,20.1,19.67,0.4,-4.6,-92.6,267.4,0.02,-0.1,0.7,24.35,87,0,0,1
2026-08-14T10:37:48,1786678668,13.730323,100.787459,19.7,19.34,-0.5,6.3,-92.7,267.3,0.05,-0.33,1.0,24.35,87,0,0,1
2026-08-14T10:37:49,1786678669,13.730323,100.787458,19.9,19.34,-0.5,1.4,-92.6,267.4,0.05,-0.33,1.0,24.35,87,0,0,1
2026-08-14T10:37:50,1786678670,13.730323,100.787458,19.9,19.34,0.3,-1.4,-92.5,267.5,0.05,-0.33,1.0,24.35,87,0,0,1
2026-08-14T10:37:51,1786678671,13.730323,100.787458,19.9,19.34,0.3,-1.4,-92.5,267.5,0.05,-0.33,1.0,24.35,87,0,0,1
2026-08-14T10:37:52,1786678672,13.730323,100.787458,19.9,19.34,-0.4,-0.1,-92.3,267.7,0.05,-0.33,1.0,24.35,87,0,0,1
2026-08-14T10:37:53,1786678673,13.730324,100.78746,18.3,19.34,-0.9,-0.8,-92.4,267.6,0.05,-0.33,1.0,24.34,87,AUTO.LAND,1,1
2026-08-14T10:37:54,1786678674,13.730324,100.78746,17.4,17.02,0.0,-0.9,-92.5,267.5,-0.11,0.02,1.12,24.34,87,0,0,1
2026-08-14T10:37:55,1786678675,13.730323,100.78746,16.6,16.23,0.4,-0.4,-92.5,267.5,-0.06,-0.02,1.13,24.34,86,0,0,1
2026-08-14T10:37:56,1786678676,13.730323,100.78746,16.6,16.23,0.2,-0.7,-92.5,267.5,-0.06,-0.02,1.13,24.34,86,0,0,1
2026-08-14T10:37:57,1786678677,13.730323,100.78746,15.8,15.44,-0.0,-0.5,-92.5,267.5,-0.05,-0.06,1.13,24.34,86,0,0,1
2026-08-14T10:37:58,1786678678,13.730323,100.78746,15.8,15.44,0.2,-0.3,-92.5,267.5,-0.05,-0.06,1.13,24.34,86,0,0,1
2026-08-14T10:37:59,1786678679,13.730323,100.78746,15.0,14.65,0.1,-0.2,-92.5,267.5,-0.04,-0.04,1.14,24.34,86,0,0,1
2026-08-14T10:38:00,1786678680,13.730323,100.78746,15.0,14.65,0.1,-0.4,-92.5,267.5,-0.04,-0.04,1.14,24.33,86,AUTO.LAND,1,1
2026-08-14T10:38:01,1786678681,13.730323,100.78746,14.2,13.85,-0.0,-0.4,-92.5,267.5,-0.04,-0.04,1.15,24.33,86,0,0,1
2026-08-14T10:38:02,1786678682,13.730323,100.78746,14.2,13.85,0.2,-0.3,-92.5,267.5,-0.04,-0.04,1.15,24.33,86,AUTO.LAND,1,1
2026-08-14T10:38:03,1786678683,13.730323,100.78746,13.4,13.05,0.5,-0.1,-92.5,267.5,-0.05,-0.04,1.15,24.33,86,0,0,1
2026-08-14T10:38:04,1786678684,13.730323,100.78746,13.4,13.05,0.3,0.1,-92.5,267.5,-0.05,-0.04,1.15,24.33,86,0,0,1
2026-08-14T10:38:05,1786678685,13.730323,100.78746,12.7,12.25,0.3,-0.2,-92.5,267.5,-0.01,0.0,1.15,24.33,86,0,0,1
2026-08-14T10:38:06,1786678686,13.730323,100.78746,12.7,12.25,0.3,-0.2,-92.5,267.5,-0.01,0.0,1.15,24.33,86,0,0,1
2026-08-14T10:38:07,1786678687,13.730323,100.78746,11.8,11.45,0.3,-0.3,-92.5,267.5,-0.01,0.0,1.15,24.33,86,0,0,1
2026-08-14T10:38:08,1786678688,13.730323,100.78746,12.0,11.45,0.1,-0.5,-92.5,267.5,-0.01,0.0,1.15,24.32,86,0,0,1
2026-08-14T10:38:09,1786678689,13.730323,100.78746,11.0,10.64,0.2,0.0,-92.5,267.5,-0.02,-0.02,1.13,24.32,86,0,0,1
2026-08-14T10:38:10,1786678690,13.730323,100.78746,11.2,10.64,0.5,0.1,-92.5,267.5,-0.02,-0.02,1.13,24.32,86,0,0,1
2026-08-14T10:38:11,1786678691,13.730323,100.78746,10.2,9.84,0.1,-0.4,-92.5,267.5,-0.01,0.01,1.13,24.32,86,0,0,1
2026-08-14T10:38:12,1786678692,13.730323,100.787459,10.4,9.84,0.4,-0.0,-92.5,267.5,-0.01,0.01,1.13,24.32,86,0,0,1
2026-08-14T10:38:13,1786678693,13.730323,100.78746,9.4,9.04,0.5,0.2,-92.5,267.5,-0.01,0.0,1.12,24.32,86,0,0,1
2026-08-14T10:38:14,1786678694,13.730323,100.787459,9.5,9.04,0.5,0.2,-92.5,267.5,-0.01,0.0,1.12,24.32,86,0,0,1
2026-08-14T10:38:15,1786678695,13.730323,100.787459,9.5,9.04,0.5,0.2,-92.5,267.5,-0.01,0.0,1.12,24.32,86,0,0,1
2026-08-14T10:38:16,1786678696,13.730324,100.78746,8.7,9.04,0.5,0.2,-92.5,267.5,-0.01,0.0,1.12,24.31,86,0,0,1
2026-08-14T10:38:17,1786678697,13.730324,100.78746,8.7,9.04,0.5,0.2,-92.5,267.5,-0.01,0.0,1.12,24.31,86,0,0,1
2026-08-14T10:38:18,1786678698,13.730323,100.78746,7.0,6.65,0.3,-0.5,-92.5,267.5,-0.01,-0.02,0.98,24.31,86,0,0,1
2026-08-14T10:38:19,1786678699,13.730323,100.78746,7.0,6.65,0.2,-0.4,-92.5,267.5,-0.01,-0.02,0.98,24.31,86,0,0,1
2026-08-14T10:38:20,1786678700,13.730323,100.78746,6.4,6.02,0.3,0.1,-92.5,267.5,-0.02,-0.02,0.82,24.3,85,0,0,1
2026-08-14T10:38:21,1786678701,13.730323,100.78746,6.4,6.02,0.5,0.1,-92.5,267.5,-0.02,-0.02,0.82,24.3,85,AUTO.LAND,1,1
2026-08-14T10:38:22,1786678702,13.730323,100.78746,5.9,5.54,0.5,0.0,-92.5,267.5,-0.01,-0.01,0.71,24.3,85,0,0,1
2026-08-14T10:38:23,1786678703,13.730323,100.78746,5.9,5.54,0.2,0.1,-92.5,267.5,-0.01,-0.01,0.71,24.3,85,AUTO.LAND,1,1
2026-08-14T10:38:24,1786678704,13.730323,100.78746,5.6,5.16,0.3,-0.0,-92.5,267.5,-0.01,0.0,0.62,24.3,85,0,0,1
2026-08-14T10:38:25,1786678705,13.730323,100.78746,5.6,5.16,0.5,0.0,-92.5,267.5,-0.01,0.0,0.62,24.3,85,0,0,1
2026-08-14T10:38:26,1786678706,13.730323,100.78746,5.9,5.16,0.5,0.0,-92.5,267.5,-0.01,0.0,0.62,24.3,85,0,0,1
2026-08-14T10:38:27,1786678707,13.730323,100.78746,5.9,5.16,0.2,-0.2,-92.5,267.5,-0.01,0.0,0.62,24.3,85,0,0,1
2026-08-14T10:38:28,1786678708,13.730323,100.78746,4.9,4.53,0.2,0.2,-92.5,267.5,-0.01,-0.01,0.55,24.3,85,0,0,1
2026-08-14T10:38:29,1786678709,13.730323,100.78746,5.3,4.53,0.6,0.2,-92.5,267.5,-0.01,-0.01,0.55,24.29,85,0,0,1
2026-08-14T10:38:30,1786678710,13.730323,100.78746,4.6,4.23,0.6,-0.1,-92.5,267.5,0.0,0.02,0.56,24.29,85,0,0,1
2026-08-14T10:38:31,1786678711,13.730323,100.78746,4.9,4.23,0.3,-0.0,-92.5,267.5,0.0,0.02,0.56,24.29,85,0,0,1
2026-08-14T10:38:32,1786678712,13.730323,100.78746,4.3,3.91,0.3,0.3,-92.5,267.5,0.0,0.01,0.53,24.29,85,0,0,1
2026-08-14T10:38:33,1786678713,13.730323,100.787459,4.6,3.91,0.6,0.1,-92.5,267.5,0.0,0.01,0.53,24.29,85,0,0,1
2026-08-14T10:38:34,1786678714,13.730323,100.78746,4.0,3.6,0.6,0.0,-92.5,267.5,0.01,0.03,0.52,24.29,85,0,0,1
2026-08-14T10:38:35,1786678715,13.730323,100.787459,4.3,3.6,0.4,-0.3,-92.5,267.5,0.01,0.03,0.52,24.28,85,0,0,1
2026-08-14T10:38:36,1786678716,13.730323,100.78746,3.7,3.31,0.3,-0.1,-92.5,267.5,0.02,0.01,0.52,24.28,85,0,0,1
2026-08-14T10:38:37,1786678717,13.730323,100.78746,3.4,2.99,0.4,0.4,-92.5,267.5,0.01,0.03,0.51,24.28,85,0,0,1
2026-08-14T10:38:38,1786678718,13.730323,100.78746,3.4,2.99,0.3,0.1,-92.5,267.5,0.01,0.03,0.51,24.28,85,0,0,1
2026-08-14T10:38:39,1786678719,13.730323,100.78746,3.1,2.69,0.4,-0.2,-92.5,267.5,0.0,0.01,0.5,24.28,85,0,0,1
2026-08-14T10:38:40,1786678720,13.730323,100.78746,3.1,2.69,0.5,-0.0,-92.5,267.5,0.0,0.01,0.5,24.28,85,0,0,1
2026-08-14T10:38:41,1786678721,13.730323,100.78746,2.8,2.39,0.2,-0.0,-92.5,267.5,0.0,0.0,0.51,24.28,85,0,0,1
2026-08-14T10:38:42,1786678722,13.730323,100.78746,2.8,2.39,0.4,-0.1,-92.5,267.5,0.0,0.0,0.51,24.27,85,0,0,1
2026-08-14T10:38:43,1786678723,13.730323,100.78746,2.5,2.11,0.4,0.2,-92.5,267.5,0.0,0.0,0.51,24.27,85,0,0,1
2026-08-14T10:38:44,1786678724,13.730323,100.78746,2.5,2.11,0.2,-0.1,-92.5,267.5,0.0,0.0,0.51,24.27,85,0,0,1
2026-08-14T10:38:45,1786678725,13.730323,100.78746,2.2,1.81,0.3,-0.2,-92.5,267.5,0.0,0.0,0.52,24.27,85,0,0,1
2026-08-14T10:38:46,1786678726,13.730323,100.787459,2.4,1.81,0.3,0.2,-92.5,267.5,0.0,0.0,0.52,24.27,84,0,0,1
2026-08-14T10:38:47,1786678727,13.730323,100.78746,1.9,1.5,0.3,0.2,-92.5,267.5,0.0,0.0,0.51,24.27,84,0,0,1
2026-08-14T10:38:48,1786678728,13.730323,100.78746,2.1,1.5,0.2,-0.1,-92.5,267.5,0.0,0.0,0.51,24.26,84,0,0,1
2026-08-14T10:38:49,1786678729,13.730323,100.78746,1.6,1.21,0.2,-0.1,-92.5,267.5,0.0,0.01,0.51,24.26,84,0,0,1
2026-08-14T10:38:50,1786678730,13.730323,100.78746,1.3,0.91,0.4,0.0,-92.5,267.5,0.02,0.01,0.51,24.26,84,0,0,1
2026-08-14T10:38:51,1786678731,13.730323,100.78746,1.3,0.91,0.2,-0.2,-92.5,267.5,0.02,0.01,0.51,24.26,84,0,0,1
2026-08-14T10:38:52,1786678732,13.730323,100.78746,1.0,0.62,0.1,-0.1,-92.5,267.5,0.01,0.0,0.52,24.26,84,0,0,1
2026-08-14T10:38:53,1786678733,13.730323,100.78746,1.0,0.62,0.0,0.0,-92.5,267.5,0.01,0.0,0.52,24.25,84,AUTO.LAND,1,1
2026-08-14T10:38:54,1786678734,13.730323,100.78746,0.7,0.31,-0.0,-0.1,-92.5,267.5,0.0,0.01,0.51,24.25,84,0,0,1
2026-08-14T10:38:55,1786678735,13.730323,100.78746,0.7,0.31,0.5,0.2,-92.5,267.5,0.0,0.01,0.51,24.25,84,0,0,1
2026-08-14T10:38:56,1786678736,13.730323,100.78746,0.4,0.0,0.2,-0.1,-92.5,267.5,0.01,0.02,0.5,24.25,84,0,0,1
2026-08-14T10:38:57,1786678737,13.730323,100.787459,0.6,0.0,-0.1,-0.3,-92.5,267.5,0.01,0.02,0.5,24.25,84,0,0,1
2026-08-14T10:38:58,1786678738,13.730323,100.78746,0.1,-0.31,-0.1,-0.1,-92.5,267.5,0.0,0.0,0.49,24.25,84,0,0,1
2026-08-14T10:38:59,1786678739,13.730323,100.78746,0.5,-0.31,0.1,-0.1,-92.5,267.5,0.0,0.0,0.49,24.25,84,0,0,1
2026-08-14T10:39:00,1786678740,13.730323,100.78746,0.1,-0.26,0.1,-0.1,-92.5,267.5,0.0,0.02,0.12,24.25,84,0,0,1
2026-08-14T10:39:01,1786678741,13.730323,100.78746,0.2,-0.23,0.1,-0.1,-92.5,267.5,-0.01,0.02,0.11,24.24,84,0,0,1
2026-08-14T10:39:02,1786678742,13.730323,100.78746,0.2,-0.23,0.1,-0.1,-92.5,267.5,-0.01,0.02,0.11,24.24,84,0,0,1
2026-08-14T10:39:03,1786678743,13.730323,100.78746,0.2,0.01,0.1,-0.1,-92.5,267.5,-0.01,0.01,0.11,24.9,84,0,0,1
2026-08-14T10:39:04,1786678744,13.730323,100.78746,0.2,0.01,0.1,-0.1,-92.5,267.5,-0.01,0.01,0.11,24.9,85,0,0,0
2026-08-14T10:39:05,1786678745,13.730323,100.78746,0.3,0.1,0.1,-0.1,-92.5,267.5,-0.01,0.02,-0.04,24.9,85,0,0,0
2026-08-14T10:39:06,1786678746,13.730323,100.78746,0.5,0.1,0.1,-0.1,-92.5,267.5,-0.01,0.02,-0.04,24.9,87,0,0,0
2026-08-14T10:39:07,1786678747,13.730323,100.78746,0.4,0.19,0.1,-0.1,-92.5,267.5,0.0,0.0,-0.08,24.9,87,0,0,0
2026-08-14T10:39:08,1786678748,13.730323,100.78746,0.5,0.19,0.1,-0.1,-92.5,267.5,0.0,0.0,-0.08,24.9,87,0,0,0
2026-08-14T10:39:09,1786678749,13.730323,100.78746,0.4,0.22,0.1,-0.1,-92.5,267.5,0.0,0.0,-0.08,24.9,87,0,0,0
2026-08-14T10:39:10,1786678750,13.730323,100.78746,0.4,0.23,0.1,-0.1,-92.5,267.5,0.0,-0.01,-0.05,24.9,87,0,0,0
2026-08-14T10:39:11,1786678751,13.730323,100.78746,0.4,0.23,0.0,-0.1,-92.5,267.5,0.0,-0.01,-0.05,24.9,87,0,0,0
2026-08-14T10:39:12,1786678752,13.730323,100.78746,0.4,0.24,0.0,-0.1,-92.5,267.5,0.0,0.0,-0.04,24.9,87,0,0,0
2026-08-14T10:39:13,1786678753,13.730323,100.78746,0.5,0.24,0.0,-0.1,-92.4,267.6,0.0,0.0,-0.04,24.9,87,0,0,0
2026-08-14T10:39:14,1786678754,13.730323,100.78746,0.5,0.26,0.0,-0.1,-92.4,267.6,0.0,0.0,-0.04,24.9,87,0,0,0
2026-08-14T10:39:15,1786678755,13.730323,100.78746,0.5,0.29,0.0,-0.1,-92.4,267.6,0.0,0.0,-0.05,24.9,87,0,0,0
2026-08-14T10:39:16,1786678756,13.730323,100.78746,0.5,0.29,0.0,-0.1,-92.4,267.6,0.0,0.0,-0.05,24.9,87,0,0,0
2026-08-14T10:39:17,1786678757,13.730323,100.78746,0.5,0.31,0.0,-0.1,-92.5,267.5,0.0,0.0,-0.05,24.9,87,0,0,0
2026-08-14T10:39:18,1786678758,13.730324,100.78746,0.6,0.31,0.0,-0.0,-92.5,267.5,0.0,0.0,-0.05,24.9,87,0,0,0
2026-08-14T10:39:19,1786678759,13.730323,100.78746,0.5,0.31,0.0,-0.0,-92.5,267.5,0.0,0.0,-0.04,24.9,87,0,0,0
2026-08-14T10:39:20,1786678760,13.730323,100.78746,0.5,0.31,0.0,-0.0,-92.5,267.5,0.0,0.0,-0.04,24.9,87,0,0,0
2026-08-14T10:39:21,1786678761,13.730323,100.78746,0.5,0.35,0.0,-0.0,-92.5,267.5,0.0,0.0,-0.04,24.9,87,0,0,0
2026-08-14T10:39:22,1786678762,13.730323,100.78746,0.6,0.36,-0.0,0.0,-92.5,267.5,0.0,-0.01,-0.04,24.9,87,0,0,0
2026-08-14T10:39:23,1786678763,13.730323,100.78746,0.6,0.36,-0.0,0.0,-92.5,267.5,0.0,-0.01,-0.04,24.9,87,0,0,0
2026-08-14T10:39:24,1786678764,13.730323,100.78746,0.6,0.37,-0.0,0.0,-92.5,267.5,0.0,0.0,-0.04,24.9,87,0,0,0
2026-08-14T10:39:25,1786678765,13.730323,100.78746,0.5,0.37,0.0,0.1,-92.5,267.5,0.0,0.0,-0.04,24.9,87,0,0,0
2026-08-14T10:39:26,1786678766,13.730323,100.78746,0.6,0.38,0.0,0.1,-92.5,267.5,0.0,0.0,-0.03,24.9,87,0,0,0
2026-08-14T10:39:27,1786678767,13.730323,100.78746,0.6,0.37,-0.0,0.1,-92.5,267.5,0.0,0.0,-0.02,24.9,87,0,0,0
2026-08-14T10:39:28,1786678768,13.730323,100.78746,0.6,0.37,-0.0,0.1,-92.5,267.5,0.0,0.0,-0.02,24.9,87,0,0,0
2026-08-14T10:39:29,1786678769,13.730323,100.78746,0.6,0.38,-0.0,0.1,-92.5,267.5,0.0,0.0,-0.02,24.9,87,0,0,0
2026-08-14T10:39:30,1786678770,13.730323,100.78746,0.6,0.38,-0.0,0.1,-92.5,267.5,0.0,0.0,-0.02,24.9,87,0,0,0
2026-08-14T10:39:31,1786678771,13.730323,100.78746,0.6,0.39,-0.0,0.1,-92.5,267.5,-0.02,0.0,-0.02,24.9,87,0,0,0
2026-08-14T10:39:32,1786678772,13.730323,100.78746,0.6,0.39,-0.0,0.1,-92.5,267.5,-0.02,0.0,-0.02,24.9,87,0,0,0
2026-08-14T10:39:33,1786678773,13.730323,100.78746,0.6,0.38,0.0,0.1,-92.5,267.5,-0.03,0.0,-0.02,24.9,87,0,0,0
2026-08-14T10:39:34,1786678774,13.730323,100.78746,0.6,0.37,0.0,0.1,-92.5,267.5,-0.02,0.0,-0.01,24.9,87,0,0,0
2026-08-14T10:39:35,1786678775,13.730323,100.78746,0.6,0.37,0.1,0.1,-92.5,267.5,-0.02,0.0,-0.01,24.9,87,0,0,0
2026-08-14T10:39:36,1786678776,13.730323,100.787459,0.5,0.37,0.1,0.1,-92.5,267.5,-0.02,0.0,-0.01,24.9,87,0,0,0
2026-08-14T10:39:37,1786678777,13.730323,100.787459,0.5,0.37,0.1,0.1,-92.5,267.5,-0.02,0.0,-0.01,24.9,87,0,0,0
2026-08-14T10:39:38,1786678778,13.730323,100.78746,0.6,0.37,0.1,0.1,-92.5,267.5,-0.03,0.01,-0.01,24.9,87,0,0,0
2026-08-14T10:39:39,1786678779,13.730323,100.78746,0.6,0.36,0.2,0.1,-92.5,267.5,-0.03,0.02,0.0,24.9,87,0,0,0
2026-08-14T10:39:40,1786678780,13.730323,100.78746,0.6,0.36,0.2,0.1,-92.5,267.5,-0.03,0.02,0.0,24.9,87,AUTO.LOITER,0,0
2026-08-14T10:39:41,1786678781,13.730323,100.78746,0.5,0.35,0.2,0.1,-92.5,267.5,-0.02,0.03,0.0,24.9,87,0,0,0
2026-08-14T10:39:42,1786678782,13.730323,100.78746,0.5,0.35,0.3,0.1,-92.5,267.5,-0.02,0.03,0.0,24.9,87,0,0,0
2026-08-14T10:39:43,1786678783,13.730323,100.78746,0.5,0.34,0.3,0.1,-92.5,267.5,-0.01,0.03,0.01,24.9,87,0,0,0
2026-08-14T10:39:44,1786678784,13.730323,100.78746,0.6,0.34,0.3,0.0,-92.5,267.5,-0.01,0.03,0.01,24.9,87,0,0,0
2026-08-14T10:39:45,1786678785,13.730323,100.78746,0.5,0.33,0.3,0.0,-92.5,267.5,-0.01,0.02,0.01,24.9,87,0,0,0
2026-08-14T10:39:46,1786678786,13.730323,100.78746,0.6,0.33,0.3,-0.0,-92.5,267.5,-0.01,0.02,0.01,24.9,87,0,0,0
2026-08-14T10:39:47,1786678787,13.730323,100.78746,0.5,0.33,0.3,-0.0,-92.5,267.5,0.0,0.01,0.02,24.9,87,0,0,0
2026-08-14T10:39:48,1786678788,13.730323,100.78746,0.5,0.31,0.4,-0.0,-92.5,267.5,0.0,0.0,0.04,24.9,87,0,0,0
2026-08-14T10:39:49,1786678789,13.730323,100.78746,0.5,0.31,0.4,-0.0,-92.5,267.5,0.0,0.0,0.04,24.9,87,0,0,0
2026-08-14T10:39:50,1786678790,13.730323,100.78746,0.5,0.3,0.4,-0.0,-92.5,267.5,0.0,0.0,0.05,24.9,87,0,0,0
2026-08-14T10:39:51,1786678791,13.730323,100.78746,0.5,0.3,0.4,-0.1,-92.5,267.5,0.0,0.0,0.05,24.9,87,0,0,0
2026-08-14T10:39:52,1786678792,13.730323,100.78746,0.5,0.29,0.4,-0.1,-92.5,267.5,0.01,0.0,0.06,24.9,87,0,0,0
2026-08-14T10:39:53,1786678793,13.730323,100.78746,0.5,0.29,0.4,-0.1,-92.5,267.5,0.01,0.0,0.06,24.9,87,0,0,0
2026-08-14T10:39:54,1786678794,13.730323,100.78746,0.5,0.28,0.4,-0.1,-92.5,267.5,0.02,0.0,0.07,24.9,87,0,0,0
2026-08-14T10:39:55,1786678795,13.730323,100.78746,0.5,0.27,0.3,-0.0,-92.5,267.5,0.01,0.01,0.07,24.9,87,0,0,0
2026-08-14T10:39:56,1786678796,13.730323,100.78746,0.5,0.27,0.3,-0.1,-92.5,267.5,0.01,0.01,0.07,24.9,87,AUTO.LOITER,0,0
2026-08-14T10:39:57,1786678797,13.730323,100.78746,0.4,0.26,0.3,-0.1,-92.5,267.5,0.02,0.0,0.06,24.9,87,0,0,0
2026-08-14T10:39:58,1786678798,13.730323,100.78746,0.5,0.26,0.3,-0.1,-92.5,267.5,0.02,0.0,0.06,24.9,87,0,0,0
2026-08-14T10:39:59,1786678799,13.730323,100.78746,0.4,0.24,0.3,-0.1,-92.5,267.5,0.02,0.0,0.07,24.9,87,0,0,0
2026-08-14T10:40:00,1786678800,13.730323,100.78746,0.4,0.24,0.3,-0.1,-92.5,267.5,0.03,0.0,0.06,24.9,87,0,0,0
2026-08-14T10:40:01,1786678801,13.730323,100.78746,0.4,0.24,0.3,-0.1,-92.5,267.5,0.03,0.0,0.06,24.9,87,0,0,0
2026-08-14T10:40:02,1786678802,13.730323,100.787459,0.4,0.24,0.3,-0.1,-92.5,267.5,0.03,-0.02,0.05,24.9,87,0,0,0
2026-08-14T10:40:03,1786678803,13.730323,100.787459,0.4,0.24,0.2,-0.1,-92.5,267.5,0.03,-0.02,0.05,24.9,87,0,0,0
2026-08-14T10:40:04,1786678804,13.730323,100.787459,0.4,0.24,0.2,-0.1,-92.5,267.5,0.01,-0.02,0.04,24.9,87,0,0,0
2026-08-14T10:40:05,1786678805,13.730323,100.787459,0.6,0.24,0.3,-0.1,-92.5,267.5,0.01,-0.02,0.04,24.9,87,0,0,0
2026-08-14T10:40:06,1786678806,13.730323,100.787459,0.4,0.24,0.3,-0.1,-92.5,267.5,0.02,-0.01,0.03,24.9,87,0,0,0
2026-08-14T10:40:07,1786678807,13.730323,100.787459,0.5,0.27,0.2,-0.1,-92.4,267.6,0.02,-0.01,0.01,24.9,87,0,0,0
2026-08-14T10:40:08,1786678808,13.730323,100.787459,0.5,0.27,0.2,-0.1,-92.4,267.6,0.02,-0.01,0.01,24.9,87,AUTO.LOITER,0,0
2026-08-14T10:40:09,1786678809,13.730323,100.787459,0.5,0.3,0.2,-0.1,-92.4,267.6,0.02,0.0,0.0,24.9,87,0,0,0
2026-08-14T10:40:10,1786678810,13.730323,100.78746,0.5,0.3,0.2,-0.0,-92.4,267.6,0.02,0.0,0.0,24.9,87,0,0,0
2026-08-14T10:40:11,1786678811,13.730323,100.78746,0.5,0.31,0.2,-0.1,-92.4,267.6,0.01,0.01,0.0,24.9,87,0,0,0
2026-08-14T10:40:12,1786678812,13.730323,100.78746,0.6,0.31,0.2,-0.1,-92.4,267.6,0.01,0.01,0.0,24.9,87,0,0,0
2026-08-14T10:40:13,1786678813,13.730323,100.78746,0.5,0.33,0.2,-0.1,-92.4,267.6,0.0,0.01,0.0,24.9,87,0,0,0
2026-08-14T10:40:14,1786678814,13.730323,100.78746,0.5,0.34,0.2,-0.1,-92.4,267.6,0.01,0.01,0.0,24.9,87,0,0,0
2026-08-14T10:40:15,1786678815,13.730323,100.78746,0.5,0.34,0.2,-0.1,-92.4,267.6,0.01,0.01,0.0,24.9,88,0,0,0
2026-08-14T10:40:16,1786678816,13.730323,100.78746,0.5,0.33,0.2,-0.1,-92.4,267.6,0.01,0.0,0.0,24.9,88,0,0,0
2026-08-14T10:40:17,1786678817,13.730323,100.787459,0.5,0.33,0.2,-0.1,-92.4,267.6,0.01,0.0,0.0,24.9,88,0,0,0
2026-08-14T10:40:18,1786678818,13.730323,100.78746,0.5,0.33,0.2,-0.1,-92.4,267.6,0.0,0.0,0.01,24.9,88,0,0,0
2026-08-14T10:40:19,1786678819,13.730323,100.78746,0.5,0.32,0.2,-0.1,-92.4,267.6,0.0,-0.01,0.01,24.9,88,0,0,0
2026-08-14T10:40:20,1786678820,13.730323,100.78746,0.5,0.32,0.2,-0.1,-92.4,267.6,0.0,-0.01,0.01,24.9,88,0,0,0
2026-08-14T10:40:21,1786678821,13.730323,100.78746,0.5,0.33,0.2,-0.1,-92.4,267.6,0.0,-0.02,0.0,24.9,88,0,0,0
2026-08-14T10:40:22,1786678822,13.730323,100.78746,0.5,0.33,0.2,-0.1,-92.4,267.6,0.0,-0.02,0.0,24.9,88,0,0,0
2026-08-14T10:40:23,1786678823,13.730323,100.78746,0.5,0.33,0.2,-0.1,-92.4,267.6,0.0,-0.02,0.0,24.9,88,0,0,0
2026-08-14T10:40:24,1786678824,13.730323,100.787459,0.5,0.34,0.2,-0.0,-92.4,267.6,0.0,-0.03,-0.01,24.9,88,0,0,0
2026-08-14T10:40:25,1786678825,13.730323,100.787459,0.5,0.34,0.3,-0.0,-92.4,267.6,0.0,-0.03,-0.01,24.9,88,0,0,0
2026-08-14T10:40:26,1786678826,13.730323,100.787459,0.5,0.33,0.3,-0.0,-92.4,267.6,0.0,-0.04,-0.01,24.9,88,0,0,0
2026-08-14T10:40:27,1786678827,13.730323,100.78746,0.5,0.33,0.3,0.0,-92.4,267.6,0.0,-0.04,-0.01,24.9,88,0,0,0
2026-08-14T10:40:28,1786678828,13.730323,100.787459,0.5,0.36,0.3,0.0,-92.4,267.6,0.0,-0.03,-0.03,24.9,88,0,0,0
2026-08-14T10:40:29,1786678829,13.730323,100.787459,0.6,0.37,0.3,0.1,-92.4,267.6,-0.01,0.0,-0.03,24.9,88,0,0,0
2026-08-14T10:40:30,1786678830,13.730323,100.787459,0.6,0.37,0.3,0.1,-92.4,267.6,-0.01,0.0,-0.03,24.9,88,0,0,0
2026-08-14T10:40:31,1786678831,13.730323,100.787459,0.6,0.37,0.3,0.1,-92.4,267.6,-0.01,0.0,-0.03,24.9,88,0,0,0
2026-08-14T10:40:32,1786678832,13.730323,100.78746,0.5,0.37,0.3,0.1,-92.3,267.7,-0.01,0.0,-0.03,24.9,88,0,0,0
2026-08-14T10:40:33,1786678833,13.730323,100.78746,0.5,0.34,0.3,0.1,-92.3,267.7,0.0,0.01,-0.02,24.9,88,0,0,0
2026-08-14T10:40:34,1786678834,13.730323,100.78746,0.5,0.34,0.3,0.1,-92.3,267.7,-0.01,0.01,0.0,24.9,88,0,0,0
2026-08-14T10:40:35,1786678835,13.730323,100.78746,0.5,0.34,0.3,0.1,-92.3,267.7,-0.01,0.01,0.0,24.9,88,0,0,0
2026-08-14T10:40:36,1786678836,13.730323,100.78746,0.5,0.34,0.3,0.1,-92.3,267.7,-0.01,0.01,0.0,24.9,88,0,0,0
2026-08-14T10:40:37,1786678837,13.730323,100.78746,0.5,0.34,0.3,0.1,-92.3,267.7,-0.01,0.01,0.0,24.9,88,0,0,0
2026-08-14T10:40:38,1786678838,13.730323,100.78746,0.5,0.35,0.3,0.1,-92.3,267.7,-0.01,0.01,0.0,24.9,88,0,0,0
2026-08-14T10:40:39,1786678839,13.730323,100.78746,0.5,0.35,0.3,0.1,-92.3,267.7,-0.01,0.02,0.0,24.9,88,0,0,0
2026-08-14T10:40:40,1786678840,13.730323,100.78746,0.5,0.35,0.3,0.1,-92.3,267.7,-0.01,0.02,0.0,24.9,88,AUTO.LOITER,0,0
2026-08-14T10:40:41,1786678841,13.730323,100.78746,0.5,0.35,0.4,0.1,-92.3,267.7,-0.01,0.02,0.0,24.9,88,0,0,0
2026-08-14T10:40:42,1786678842,13.730323,100.78746,0.5,0.35,0.4,0.1,-92.3,267.7,-0.01,0.02,0.0,24.9,88,0,0,0
2026-08-14T10:40:43,1786678843,13.730323,100.78746,0.6,0.36,0.4,0.0,-92.3,267.7,0.0,0.01,-0.02,24.9,88,0,0,0
2026-08-14T10:40:44,1786678844,13.730323,100.78746,0.6,0.38,0.4,0.0,-92.3,267.7,-0.01,0.01,-0.03,24.9,88,0,0,0
2026-08-14T10:40:45,1786678845,13.730323,100.78746,0.6,0.38,0.4,0.0,-92.2,267.8,-0.01,0.01,-0.03,24.9,88,0,0,0
2026-08-14T10:40:46,1786678846,13.730323,100.78746,0.6,0.38,0.4,-0.0,-92.2,267.8,-0.01,0.01,-0.03,24.9,88,0,0,0
2026-08-14T10:40:47,1786678847,13.730323,100.78746,0.5,0.38,0.4,-0.0,-92.2,267.8,-0.01,0.01,-0.03,24.9,88,0,0,0
2026-08-14T10:40:48,1786678848,13.730323,100.78746,0.6,0.37,0.4,-0.0,-92.2,267.8,0.0,0.01,-0.02,24.9,88,0,0,0
2026-08-14T10:40:49,1786678849,13.730323,100.78746,0.6,0.37,0.4,-0.0,-92.2,267.8,0.0,0.0,-0.02,24.9,88,0,0,0
2026-08-14T10:40:50,1786678850,13.730323,100.78746,0.6,0.37,0.4,-0.1,-92.2,267.8,0.0,0.0,-0.02,24.9,88,0,0,0
2026-08-14T10:40:51,1786678851,13.730323,100.78746,0.6,0.38,0.5,-0.1,-92.2,267.8,0.0,0.0,-0.02,24.9,88,0,0,0
2026-08-14T10:40:52,1786678852,13.730323,100.78746,0.5,0.38,0.5,-0.1,-92.2,267.8,0.0,0.0,-0.02,24.9,88,0,0,0
2026-08-14T10:40:53,1786678853,13.730323,100.78746,0.6,0.38,0.5,-0.1,-92.2,267.8,0.01,0.0,-0.02,24.9,88,0,0,0
2026-08-14T10:40:54,1786678854,13.730323,100.787459,0.6,0.37,0.5,-0.1,-92.2,267.8,0.02,-0.01,-0.01,24.9,88,0,0,0
2026-08-14T10:40:55,1786678855,13.730323,100.787459,0.6,0.37,0.5,-0.1,-92.2,267.8,0.02,-0.01,-0.01,24.9,88,0,0,0
2026-08-14T10:40:56,1786678856,13.730323,100.787459,0.6,0.36,0.5,-0.1,-92.1,267.9,0.04,-0.01,0.0,24.9,88,0,0,0
2026-08-14T10:40:57,1786678857,13.730323,100.78746,0.6,0.36,0.5,-0.1,-92.1,267.9,0.04,-0.01,0.0,24.9,88,0,0,0
2026-08-14T10:40:58,1786678858,13.730323,100.787459,0.5,0.35,0.5,-0.1,-92.1,267.9,0.02,-0.01,0.0,24.9,88,0,0,0
2026-08-14T10:40:59,1786678859,13.730323,100.787459,0.5,0.35,0.5,-0.1,-92.1,267.9,0.01,0.0,0.01,24.9,88,0,0,0
2026-08-14T10:41:00,1786678860,13.730323,100.787459,0.5,0.35,0.5,-0.2,-92.1,267.9,0.01,0.0,0.01,24.9,88,0,0,0
2026-08-14T10:41:01,1786678861,13.730323,100.787459,0.5,0.34,0.4,-0.2,-92.1,267.9,0.01,-0.01,0.01,24.9,88,0,0,0
2026-08-14T10:41:02,1786678862,13.730323,100.78746,0.6,0.34,0.4,-0.2,-92.1,267.9,0.01,-0.01,0.01,24.9,88,0,0,0
2026-08-14T10:41:03,1786678863,13.730323,100.787459,0.5,0.35,0.4,-0.2,-92.1,267.9,0.0,0.0,0.01,24.9,88,0,0,0
2026-08-14T10:41:04,1786678864,13.730323,100.787459,0.5,0.34,0.4,-0.2,-92.1,267.9,0.0,0.01,0.01,24.9,88,0,0,0
2026-08-14T10:41:05,1786678865,13.730323,100.787459,0.5,0.34,0.5,-0.2,-92.1,267.9,0.0,0.01,0.01,24.9,88,0,0,0
2026-08-14T10:41:06,1786678866,13.730323,100.78746,0.5,0.36,0.5,-0.2,-92.1,267.9,0.0,0.01,0.0,24.9,88,0,0,0
2026-08-14T10:41:07,1786678867,13.730323,100.78746,0.5,0.36,0.5,-0.2,-92.1,267.9,0.0,0.01,0.0,24.9,88,0,0,0
2026-08-14T10:41:08,1786678868,13.730323,100.78746,0.5,0.36,0.4,-0.2,-92.1,267.9,0.01,0.02,0.0,24.9,88,0,0,0
2026-08-14T10:41:09,1786678869,13.730323,100.78746,0.6,0.36,0.4,-0.3,-92.1,267.9,0.0,0.02,-0.01,24.9,88,0,0,0
2026-08-14T10:41:10,1786678870,13.730323,100.78746,0.6,0.36,0.4,-0.3,-92.1,267.9,0.0,0.02,-0.01,24.9,88,0,0,0
2026-08-14T10:41:11,1786678871,13.730323,100.78746,0.6,0.36,0.4,-0.3,-92.1,267.9,0.0,0.0,-0.01,24.9,88,0,0,0
2026-08-14T10:41:12,1786678872,13.730323,100.78746,0.5,0.36,0.4,-0.3,-92.1,267.9,0.0,0.0,-0.01,24.9,88,0,0,0
2026-08-14T10:41:13,1786678873,13.730323,100.78746,0.6,0.36,0.4,-0.3,-92.1,267.9,0.0,0.01,-0.01,24.9,88,0,0,0
2026-08-14T10:41:14,1786678874,13.730323,100.78746,0.5,0.36,0.4,-0.3,-92.1,267.9,0.02,0.01,-0.01,24.9,88,0,0,0
2026-08-14T10:41:15,1786678875,13.730323,100.78746,0.5,0.36,0.4,-0.3,-92.1,267.9,0.02,0.01,-0.01,24.9,88,0,0,0
2026-08-14T10:41:16,1786678876,13.730323,100.78746,0.6,0.36,0.4,-0.3,-92.1,267.9,0.01,0.0,-0.02,24.9,88,0,0,0
2026-08-14T10:41:17,1786678877,13.730323,100.78746,0.5,0.36,0.4,-0.4,-92.1,267.9,0.01,0.0,-0.02,24.9,88,0,0,0
2026-08-14T10:41:18,1786678878,13.730323,100.78746,0.6,0.37,0.4,-0.4,-92.1,267.9,0.0,-0.01,-0.02,24.9,88,0,0,0
2026-08-14T10:41:19,1786678879,13.730323,100.787459,0.6,0.37,0.4,-0.4,-92.1,267.9,0.0,-0.04,-0.02,24.9,88,0,0,0
2026-08-14T10:41:20,1786678880,13.730323,100.787459,0.6,0.37,0.4,-0.4,-92.0,268.0,0.0,-0.04,-0.02,24.9,88,AUTO.LOITER,0,0
2026-08-14T10:41:21,1786678881,13.730323,100.78746,0.5,0.37,0.4,-0.4,-92.0,268.0,0.0,-0.04,-0.02,24.9,88,0,0,0
2026-08-14T10:41:22,1786678882,13.730323,100.78746,0.5,0.37,0.4,-0.3,-92.0,268.0,0.0,-0.04,-0.02,24.9,88,0,0,0
2026-08-14T10:41:23,1786678883,13.730323,100.787459,0.6,0.39,0.4,-0.3,-92.0,268.0,0.0,-0.03,-0.01,24.9,88,0,0,0
2026-08-14T10:41:24,1786678884,13.730323,100.78746,0.6,0.38,0.4,-0.2,-92.0,268.0,0.01,-0.02,0.0,24.9,88,0,0,0
2026-08-14T10:41:25,1786678885,13.730323,100.78746,0.6,0.38,0.4,-0.2,-92.0,268.0,0.01,-0.02,0.0,24.9,88,AUTO.LOITER,0,0
2026-08-14T10:41:26,1786678886,13.730323,100.78746,0.6,0.37,0.4,-0.2,-92.0,268.0,0.02,-0.01,0.0,24.9,88,0,0,0
2026-08-14T10:41:27,1786678887,13.730323,100.78746,0.5,0.37,0.4,-0.2,-92.0,268.0,0.02,-0.01,0.0,24.9,88,0,0,0
2026-08-14T10:41:28,1786678888,13.730323,100.78746,0.5,0.35,0.4,-0.2,-92.0,268.0,0.02,0.0,0.0,24.9,88,0,0,0
2026-08-14T10:41:29,1786678889,13.730323,100.787459,0.6,0.36,0.3,-0.2,-92.0,268.0,0.02,0.0,-0.01,24.9,88,0,0,0
2026-08-14T10:41:30,1786678890,13.730323,100.787459,0.6,0.36,0.3,-0.2,-92.0,268.0,0.02,0.0,-0.01,24.9,88,AUTO.LOITER,0,0
2026-08-14T10:41:31,1786678891,13.730323,100.787459,0.6,0.38,0.3,-0.2,-92.0,268.0,0.01,-0.01,-0.03,24.9,88,0,0,0
2026-08-14T10:41:32,1786678892,13.730323,100.78746,0.5,0.38,0.3,-0.2,-92.0,268.0,0.01,-0.01,-0.03,24.9,88,AUTO.LOITER,0,0
2026-08-14T10:41:33,1786678893,13.730323,100.787459,0.6,0.41,0.3,-0.2,-92.0,268.0,0.02,0.0,-0.05,24.9,88,0,0,0
2026-08-14T10:41:34,1786678894,13.730323,100.78746,0.5,0.41,0.3,-0.2,-92.0,268.0,0.02,0.0,-0.05,24.9,88,0,0,0
2026-08-14T10:41:35,1786678895,13.730323,100.78746,0.5,0.41,0.2,-0.2,-92.0,268.0,0.02,0.0,-0.05,24.9,88,0,0,0
2026-08-14T10:41:36,1786678896,13.730323,100.78746,0.5,0.41,0.2,-0.2,-92.0,268.0,0.02,0.0,-0.05,24.9,88,AUTO.LOITER,0,0
2026-08-14T10:41:37,1786678897,13.730323,100.78746,0.5,0.41,0.2,-0.2,-92.0,268.0,0.02,0.0,-0.05,24.9,88,AUTO.LOITER,0,0
2026-08-14T10:41:38,1786678898,13.730323,100.78746,0.6,0.41,0.2,-0.2,-92.0,268.0,0.02,0.0,-0.05,24.9,88,0,0,0
2026-08-14T10:41:39,1786678899,13.730323,100.78746,0.5,0.41,0.2,-0.2,-92.0,268.0,0.02,0.0,-0.05,24.9,88,0,0,0
2026-08-14T10:41:40,1786678900,13.730323,100.78746,0.7,0.47,0.2,-0.2,-92.0,268.0,-0.02,0.0,-0.08,24.9,88,0,0,0
2026-08-14T10:41:41,1786678901,13.730323,100.787459,0.7,0.48,0.2,-0.3,-92.0,268.0,-0.02,-0.02,-0.08,24.9,88,0,0,0
2026-08-14T10:41:42,1786678902,13.730323,100.787459,0.7,0.48,0.2,-0.3,-92.0,268.0,-0.02,-0.02,-0.08,24.9,88,AUTO.LOITER,0,0
2026-08-14T10:41:43,1786678903,13.730323,100.787459,0.7,0.49,0.2,-0.3,-92.0,268.0,-0.01,-0.01,-0.08,24.9,88,0,0,0
2026-08-14T10:41:44,1786678904,13.730323,100.787459,0.6,0.49,0.3,-0.3,-92.0,268.0,-0.01,-0.01,-0.08,24.9,88,0,0,0
2026-08-14T10:41:45,1786678905,13.730323,100.78746,0.7,0.51,0.3,-0.2,-92.0,268.0,0.0,0.0,-0.08,24.9,88,0,0,0
2026-08-14T10:41:46,1786678906,13.730323,100.78746,0.7,0.51,0.2,-0.3,-92.0,268.0,0.0,0.02,-0.08,24.9,88,0,0,0
2026-08-14T10:41:47,1786678907,13.730323,100.78746,0.7,0.51,0.2,-0.3,-92.0,268.0,0.0,0.02,-0.08,24.9,88,AUTO.LOITER,0,0
2026-08-14T10:41:48,1786678908,13.730323,100.78746,0.7,0.51,0.2,-0.3,-92.0,268.0,0.01,0.01,-0.07,24.9,88,0,0,0
2026-08-14T10:41:49,1786678909,13.730323,100.78746,0.5,0.51,0.2,-0.3,-92.0,268.0,0.01,0.01,-0.07,24.9,88,0,0,0
2026-08-14T10:41:50,1786678910,13.730323,100.78746,0.7,0.51,0.2,-0.3,-92.0,268.0,0.0,0.0,-0.08,24.9,88,0,0,0
2026-08-14T10:41:51,1786678911,13.730323,100.78746,0.7,0.51,0.2,-0.3,-92.0,268.0,0.0,0.0,-0.08,24.9,88,0,0,0
2026-08-14T10:41:52,1786678912,13.730323,100.78746,0.7,0.51,0.2,-0.3,-92.0,268.0,0.0,0.0,-0.08,24.9,88,0,0,0
2026-08-14T10:42:36,1786678956,13.730322,100.787446,0.6,0.05,0.7,0.1,88.6,88.6,0.0,-0.01,-0.02,24.9,100,0,0,0
2026-08-14T10:42:37,1786678957,13.730322,100.787446,0.6,-0.01,0.7,-0.0,88.6,88.6,0.0,0.0,0.0,24.9,100,0,0,0
2026-08-14T10:42:38,1786678958,13.730322,100.787446,0.5,-0.01,0.7,0.0,88.6,88.6,0.0,0.0,0.0,24.9,100,0,0,0
2026-08-14T10:42:39,1786678959,13.730322,100.787446,0.5,-0.05,0.7,0.1,88.6,88.6,-0.03,-0.01,0.02,24.9,100,0,0,0
2026-08-14T10:42:40,1786678960,13.730322,100.787446,0.5,-0.05,0.6,0.1,88.6,88.6,-0.02,-0.02,0.01,24.9,100,0,0,0
2026-08-14T10:42:41,1786678961,13.730322,100.787446,0.5,-0.04,0.5,0.0,88.7,88.7,0.01,0.0,0.0,24.9,100,0,0,0
2026-08-14T10:42:42,1786678962,13.730322,100.787446,0.5,-0.04,0.5,0.1,88.6,88.6,0.02,0.02,0.0,24.9,100,0,0,0
2026-08-14T10:42:43,1786678963,13.730322,100.787446,0.5,-0.04,0.6,0.1,88.6,88.6,0.01,0.02,0.01,24.9,100,0,0,0
2026-08-14T10:42:44,1786678964,13.730322,100.787446,0.5,-0.04,0.6,0.2,88.6,88.6,0.02,0.0,0.01,24.9,100,POSCTL,0,0
2026-08-14T10:42:45,1786678965,13.730322,100.787446,0.5,-0.04,0.6,0.2,88.6,88.6,0.02,0.0,0.01,24.9,100,0,0,0
2026-08-14T10:42:46,1786678966,13.730322,100.787446,0.5,-0.04,0.6,0.2,88.6,88.6,0.02,0.0,0.01,24.9,100,0,0,0
2026-08-14T10:42:47,1786678967,13.730322,100.787446,0.5,-0.05,0.8,0.3,88.5,88.5,0.0,-0.02,0.03,24.9,100,0,0,0
2026-08-14T10:42:48,1786678968,13.730322,100.787446,0.5,-0.05,0.8,0.3,88.4,88.4,0.0,-0.02,0.03,24.9,100,0,0,0
2026-08-14T10:42:49,1786678969,13.730322,100.787446,0.5,-0.08,0.8,0.3,88.4,88.4,-0.01,-0.03,0.06,24.9,100,0,0,0
2026-08-14T10:42:50,1786678970,13.730322,100.787446,0.5,-0.11,0.8,0.2,88.3,88.3,-0.01,-0.02,0.08,24.9,100,0,0,0
2026-08-14T10:42:51,1786678971,13.730322,100.787446,0.4,-0.13,0.8,0.2,88.3,88.3,-0.01,-0.01,0.09,24.9,100,0,0,0
2026-08-14T10:42:52,1786678972,13.730322,100.787446,0.4,-0.17,0.8,0.2,88.2,88.2,0.0,-0.01,0.11,24.9,100,0,0,0
2026-08-14T10:42:53,1786678973,13.730322,100.787446,0.4,-0.19,0.8,0.2,88.2,88.2,0.0,-0.01,0.12,24.9,100,0,0,0
2026-08-14T10:42:54,1786678974,13.730322,100.787446,0.4,-0.19,0.8,0.2,88.2,88.2,0.0,-0.01,0.12,24.9,100,0,0,0
2026-08-14T10:42:55,1786678975,13.730322,100.787446,0.5,-0.19,0.8,0.2,88.2,88.2,0.0,-0.01,0.12,24.9,100,POSCTL,0,0
2026-08-14T10:42:56,1786678976,13.730322,100.787446,0.3,-0.21,0.8,0.2,88.2,88.2,-0.01,-0.01,0.13,24.9,100,0,0,0
2026-08-14T10:42:57,1786678977,13.730322,100.787446,0.3,-0.23,0.8,0.2,88.2,88.2,0.0,-0.01,0.12,24.9,100,0,0,0
2026-08-14T10:42:58,1786678978,13.730322,100.787446,0.3,-0.23,0.8,0.2,88.2,88.2,0.0,-0.01,0.12,24.9,100,0,0,0
2026-08-14T10:42:59,1786678979,13.730322,100.787446,0.3,-0.24,0.8,0.1,88.2,88.2,0.0,-0.01,0.11,24.9,100,0,0,0
2026-08-14T10:43:00,1786678980,13.730322,100.787446,0.3,-0.24,0.8,0.1,88.2,88.2,0.0,-0.01,0.11,24.9,100,0,0,0
2026-08-14T10:43:01,1786678981,13.730322,100.787446,0.3,-0.23,0.8,0.1,88.2,88.2,0.0,0.0,0.1,24.9,100,0,0,0
2026-08-14T10:43:02,1786678982,13.730322,100.787446,0.3,-0.23,0.8,0.1,88.3,88.3,0.0,0.0,0.1,24.9,100,POSCTL,0,0
2026-08-14T10:43:03,1786678983,13.730322,100.787446,0.3,-0.23,0.8,0.1,88.3,88.3,0.0,0.0,0.1,24.9,100,0,0,0
2026-08-14T10:43:04,1786678984,13.730322,100.787446,0.3,-0.22,0.8,0.1,88.3,88.3,0.0,-0.02,0.09,24.9,100,0,0,0
2026-08-14T10:43:05,1786678985,13.730322,100.787446,0.3,-0.22,0.8,0.1,88.3,88.3,0.0,-0.02,0.09,24.9,100,0,0,0
2026-08-14T10:43:06,1786678986,13.730322,100.787446,0.4,-0.2,0.8,0.1,88.3,88.3,0.0,-0.03,0.09,24.9,100,0,0,0
2026-08-14T10:43:07,1786678987,13.730322,100.787446,0.4,-0.2,0.8,0.0,88.3,88.3,0.0,-0.03,0.09,24.9,100,0,0,0
2026-08-14T10:43:08,1786678988,13.730322,100.787446,0.3,-0.21,0.8,0.0,88.3,88.3,0.0,-0.03,0.1,24.9,100,0,0,0
2026-08-14T10:43:09,1786678989,13.730322,100.787446,0.5,-0.21,0.8,-0.0,88.3,88.3,0.0,-0.03,0.1,24.9,100,0,0,0
2026-08-14T10:43:10,1786678990,13.730322,100.787446,0.4,-0.21,0.8,-0.0,88.3,88.3,0.0,-0.04,0.1,24.9,100,0,0,0
2026-08-14T10:43:11,1786678991,13.730322,100.787446,0.4,-0.19,0.8,-0.0,88.3,88.3,0.0,-0.03,0.1,24.9,100,0,0,0
2026-08-14T10:43:12,1786678992,13.730322,100.787446,0.4,-0.19,0.9,-0.1,88.3,88.3,0.0,-0.03,0.1,24.9,100,0,0,0
2026-08-14T10:43:13,1786678993,13.730322,100.787446,0.3,-0.21,0.9,-0.1,88.3,88.3,0.0,-0.02,0.11,24.9,100,0,0,0
2026-08-14T10:43:14,1786678994,13.730322,100.787446,0.5,-0.21,0.9,-0.2,88.3,88.3,0.0,-0.02,0.11,24.9,100,POSCTL,0,0
2026-08-14T10:43:15,1786678995,13.730322,100.787446,0.3,-0.23,0.9,-0.2,88.3,88.3,-0.01,-0.01,0.12,24.9,100,0,0,0
2026-08-14T10:43:16,1786678996,13.730322,100.787446,0.3,-0.23,0.9,-0.2,88.3,88.3,0.0,0.0,0.12,24.9,100,0,0,0
2026-08-14T10:43:17,1786678997,13.730322,100.787446,0.3,-0.23,0.9,-0.2,88.3,88.3,0.0,0.0,0.12,24.9,100,0,0,0
2026-08-14T10:43:18,1786678998,13.730322,100.787446,0.3,-0.22,0.9,-0.2,88.3,88.3,-0.01,0.01,0.12,24.9,100,0,0,0
2026-08-14T10:43:19,1786678999,13.730322,100.787446,0.3,-0.22,0.9,-0.3,88.2,88.2,-0.01,0.01,0.12,24.9,100,0,0,0
2026-08-14T10:43:20,1786679000,13.730322,100.787446,0.5,-0.22,0.9,-0.3,88.2,88.2,-0.01,0.01,0.12,24.9,100,0,0,0
2026-08-14T10:43:21,1786679001,13.730322,100.787447,0.6,-0.22,0.9,-0.3,88.2,88.2,-0.01,0.01,0.12,24.9,100,POSCTL,0,0
2026-08-14T10:43:22,1786679002,13.730322,100.787446,0.3,-0.25,0.8,-0.3,88.2,88.2,0.0,0.01,0.14,24.9,100,0,0,0
2026-08-14T10:43:23,1786679003,13.730322,100.787446,0.3,-0.25,0.9,-0.3,88.2,88.2,0.0,0.0,0.13,24.9,100,0,0,0
2026-08-14T10:43:24,1786679004,13.730322,100.787446,0.3,-0.25,0.9,-0.3,88.2,88.2,0.0,0.0,0.13,24.9,100,0,0,0
2026-08-14T10:43:25,1786679005,13.730322,100.787446,0.3,-0.25,0.9,-0.3,88.2,88.2,0.0,0.0,0.13,24.9,100,0,0,0
2026-08-14T10:43:26,1786679006,13.730322,100.787446,0.3,-0.25,0.8,-0.3,88.2,88.2,0.0,0.0,0.13,24.9,100,0,0,0
2026-08-14T10:43:27,1786679007,13.730322,100.787446,0.3,-0.25,0.8,-0.4,88.2,88.2,0.0,0.0,0.13,24.9,100,0,0,0
2026-08-14T10:43:28,1786679008,13.730322,100.787446,0.3,-0.25,0.8,-0.4,88.2,88.2,0.0,0.0,0.13,24.9,100,POSCTL,0,0
2026-08-14T10:43:29,1786679009,13.730322,100.787446,0.3,-0.25,0.8,-0.4,88.2,88.2,0.0,0.01,0.1,24.9,100,0,0,0
2026-08-14T10:43:30,1786679010,13.730322,100.787446,0.3,-0.23,0.8,-0.3,88.2,88.2,0.02,0.0,0.08,24.9,100,0,0,0
2026-08-14T10:43:31,1786679011,13.730322,100.787446,0.3,-0.23,0.8,-0.4,88.1,88.1,0.02,0.0,0.08,24.9,100,0,0,0
2026-08-14T10:43:32,1786679012,13.730322,100.787446,0.3,-0.21,0.8,-0.4,88.1,88.1,0.01,0.0,0.07,24.9,100,0,0,0
2026-08-14T10:43:33,1786679013,13.730322,100.787446,0.6,-0.21,0.8,-0.4,88.1,88.1,0.01,0.0,0.07,24.9,100,POSCTL,0,0
2026-08-14T10:43:34,1786679014,13.730322,100.787446,0.4,-0.19,0.9,-0.4,88.1,88.1,0.01,0.01,0.06,24.9,100,0,0,0
2026-08-14T10:43:35,1786679015,13.730322,100.787446,0.4,-0.17,0.8,-0.4,88.1,88.1,0.01,0.0,0.05,24.9,100,POSCTL,0,0
2026-08-14T10:43:36,1786679016,13.730322,100.787446,0.4,-0.17,0.8,-0.4,88.1,88.1,0.01,0.0,0.05,24.9,100,0,0,0
2026-08-14T10:43:37,1786679017,13.730322,100.787446,0.4,-0.15,0.9,-0.4,88.1,88.1,0.01,0.0,0.05,24.9,100,POSCTL,0,0
2026-08-14T10:43:38,1786679018,13.730322,100.787446,0.4,-0.15,0.9,-0.4,88.1,88.1,0.01,0.0,0.05,24.9,100,0,0,0
2026-08-14T10:43:39,1786679019,13.730322,100.787446,0.4,-0.14,0.9,-0.4,88.1,88.1,0.0,0.0,0.05,24.9,100,0,0,0
2026-08-14T10:43:40,1786679020,13.730322,100.787446,0.5,-0.14,0.9,-0.4,88.1,88.1,0.0,0.0,0.05,24.9,100,0,0,0
2026-08-14T10:43:41,1786679021,13.730322,100.787446,0.4,-0.15,0.9,-0.4,88.1,88.1,0.0,0.0,0.05,24.9,100,0,0,0
2026-08-14T10:43:42,1786679022,13.730322,100.787446,0.4,-0.18,0.9,-0.4,88.1,88.1,0.0,0.02,0.06,24.9,100,0,0,0
2026-08-14T10:43:43,1786679023,13.730322,100.787446,0.4,-0.18,0.9,-0.4,88.1,88.1,0.0,0.02,0.06,24.9,100,0,0,0
2026-08-14T10:43:44,1786679024,13.730322,100.787446,0.4,-0.18,0.9,-0.4,88.1,88.1,0.01,0.03,0.06,24.9,100,0,0,0
2026-08-14T10:43:45,1786679025,13.730322,100.787446,0.6,-0.18,0.9,-0.4,88.1,88.1,0.01,0.03,0.06,24.9,100,POSCTL,0,0
2026-08-14T10:43:46,1786679026,13.730322,100.787446,0.4,-0.17,0.9,-0.4,88.1,88.1,0.02,0.04,0.06,24.9,100,0,0,0
2026-08-14T10:43:47,1786679027,13.730322,100.787446,0.4,-0.17,0.9,-0.3,88.1,88.1,0.02,0.04,0.07,24.9,100,0,0,0
2026-08-14T10:43:48,1786679028,13.730322,100.787446,0.4,-0.17,0.9,-0.3,88.1,88.1,0.02,0.04,0.07,24.9,100,0,0,0
2026-08-14T10:43:49,1786679029,13.730322,100.787446,0.4,-0.18,0.9,-0.3,88.2,88.2,0.01,0.04,0.07,24.9,100,0,0,0
2026-08-14T10:43:50,1786679030,13.730322,100.787446,0.4,-0.18,1.0,-0.2,88.2,88.2,0.01,0.04,0.07,24.9,100,0,0,0
2026-08-14T10:43:51,1786679031,13.730322,100.787446,0.4,-0.17,1.0,-0.2,88.2,88.2,0.01,0.03,0.07,24.9,100,0,0,0
2026-08-14T10:43:52,1786679032,13.730322,100.787446,0.4,-0.18,1.0,-0.2,88.2,88.2,0.0,0.02,0.06,24.9,100,0,0,0
2026-08-14T10:43:53,1786679033,13.730322,100.787446,0.4,-0.18,1.0,-0.2,88.2,88.2,0.0,0.02,0.06,24.9,100,0,0,0
2026-08-14T10:43:54,1786679034,13.730322,100.787446,0.4,-0.17,1.0,-0.2,88.3,88.3,0.0,0.0,0.05,24.9,100,0,0,0
2026-08-14T10:43:55,1786679035,13.730322,100.787446,0.4,-0.17,0.9,-0.2,88.3,88.3,0.0,0.0,0.05,24.9,100,0,0,0
2026-08-14T10:43:56,1786679036,13.730322,100.787446,0.4,-0.17,1.0,-0.1,88.3,88.3,0.0,0.0,0.04,24.9,100,0,0,0
2026-08-14T10:43:57,1786679037,13.730322,100.787446,0.5,-0.17,1.0,-0.1,88.3,88.3,0.0,0.0,0.04,24.9,100,0,0,0
2026-08-14T10:43:58,1786679038,13.730322,100.787446,0.4,-0.15,1.0,-0.1,88.3,88.3,-0.02,-0.01,0.03,24.9,100,0,0,0
2026-08-14T10:43:59,1786679039,13.730322,100.787446,0.4,-0.13,1.0,-0.1,88.3,88.3,-0.04,-0.02,0.02,24.9,100,0,0,0
2026-08-14T10:44:00,1786679040,13.730322,100.787446,0.4,-0.13,0.9,-0.1,88.4,88.4,-0.04,-0.02,0.02,24.9,100,0,0,0
2026-08-14T10:44:01,1786679041,13.730322,100.787446,0.4,-0.12,0.9,-0.1,88.4,88.4,-0.03,-0.01,0.01,24.9,100,0,0,0
2026-08-14T10:44:02,1786679042,13.730322,100.787446,0.5,-0.12,0.9,-0.1,88.4,88.4,-0.03,-0.01,0.01,24.9,100,POSCTL,0,0
2026-08-14T10:44:03,1786679043,13.730322,100.787446,0.5,-0.1,0.9,-0.2,88.4,88.4,-0.01,0.01,0.0,24.9,100,0,0,0
2026-08-14T10:44:04,1786679044,13.730322,100.787446,0.5,-0.08,0.9,-0.1,88.4,88.4,0.0,0.02,0.0,24.9,100,0,0,0
2026-08-14T10:44:05,1786679045,13.730322,100.787446,0.5,-0.08,0.9,-0.1,88.4,88.4,0.0,0.02,0.0,24.9,100,0,0,0
2026-08-14T10:44:06,1786679046,13.730322,100.787446,0.5,-0.07,0.9,-0.1,88.4,88.4,0.0,0.01,0.0,24.9,100,0,0,0
2026-08-14T10:44:07,1786679047,13.730322,100.787446,0.5,-0.07,0.8,-0.1,88.4,88.4,0.0,0.01,0.0,24.9,100,0,0,0
2026-08-14T10:44:08,1786679048,13.730322,100.787446,0.5,-0.07,0.9,-0.1,88.4,88.4,0.01,0.01,0.01,24.9,100,0,0,0
2026-08-14T10:44:09,1786679049,13.730322,100.787446,0.5,-0.07,0.9,-0.1,88.4,88.4,0.01,0.01,0.01,24.9,100,0,0,0
2026-08-14T10:44:10,1786679050,13.730322,100.787446,0.5,-0.09,0.9,-0.1,88.4,88.4,0.01,0.0,0.02,24.9,100,0,0,0
2026-08-14T10:44:11,1786679051,13.730322,100.787446,0.5,-0.09,0.9,-0.1,88.4,88.4,0.01,0.0,0.02,24.9,100,0,0,0
2026-08-14T10:44:12,1786679052,13.730322,100.787446,0.5,-0.09,0.9,-0.1,88.4,88.4,0.01,0.0,0.02,24.9,100,0,0,0
2026-08-14T10:44:13,1786679053,13.730322,100.787446,0.5,-0.08,0.9,-0.1,88.4,88.4,0.01,-0.01,0.03,24.9,100,0,0,0
2026-08-14T10:44:14,1786679054,13.730322,100.787446,0.5,-0.08,0.9,-0.1,88.4,88.4,0.01,-0.01,0.03,24.9,100,0,0,0
2026-08-14T10:44:15,1786679055,13.730322,100.787446,0.5,-0.09,0.9,-0.1,88.4,88.4,0.0,-0.02,0.03,24.9,100,0,0,0
2026-08-14T10:44:16,1786679056,13.730322,100.787446,0.5,-0.08,0.9,-0.1,88.4,88.4,0.0,-0.03,0.02,24.9,100,0,0,0
2026-08-14T10:44:17,1786679057,13.730322,100.787446,0.5,-0.08,0.9,-0.1,88.4,88.4,0.0,-0.03,0.02,24.9,100,0,0,0
2026-08-14T10:44:18,1786679058,13.730322,100.787446,0.5,-0.09,0.9,-0.1,88.3,88.3,0.0,-0.03,0.02,24.9,100,0,0,0
2026-08-14T10:44:19,1786679059,13.730322,100.787446,0.5,-0.09,0.9,-0.1,88.3,88.3,0.0,-0.03,0.02,24.9,100,0,0,0
2026-08-14T10:44:20,1786679060,13.730322,100.787446,0.5,-0.09,0.9,-0.1,88.3,88.3,-0.01,-0.03,0.01,24.9,100,0,0,0
2026-08-14T10:44:21,1786679061,13.730322,100.787446,0.5,-0.09,0.9,-0.1,88.3,88.3,-0.01,-0.03,0.01,24.9,100,0,0,0
2026-08-14T10:44:22,1786679062,13.730322,100.787446,0.5,-0.07,0.9,-0.1,88.3,88.3,0.0,-0.03,0.0,24.9,100,0,0,0
2026-08-14T10:44:23,1786679063,13.730322,100.787446,0.5,-0.05,0.9,-0.1,88.3,88.3,-0.01,-0.03,-0.01,24.9,100,0,0,0
2026-08-14T10:44:24,1786679064,13.730322,100.787446,0.5,-0.05,0.8,-0.2,88.3,88.3,-0.01,-0.03,-0.01,24.9,100,0,0,0
2026-08-14T10:44:25,1786679065,13.730322,100.787446,0.5,-0.05,0.8,-0.2,88.2,88.2,-0.01,-0.03,-0.01,24.9,100,0,0,0
2026-08-14T10:44:26,1786679066,13.730322,100.787446,0.5,-0.05,0.8,-0.2,88.2,88.2,-0.01,-0.03,-0.01,24.9,100,0,0,0
2026-08-14T10:44:27,1786679067,13.730322,100.787446,0.5,-0.05,0.8,-0.2,88.2,88.2,-0.01,-0.03,-0.01,24.9,100,0,0,0
2026-08-14T10:44:28,1786679068,13.730322,100.787446,0.5,-0.05,0.8,-0.2,88.2,88.2,-0.01,-0.03,-0.01,24.9,100,0,0,0
2026-08-14T10:44:29,1786679069,13.730322,100.787446,0.5,-0.03,0.8,-0.2,88.2,88.2,-0.01,-0.02,-0.01,24.9,100,0,0,0
2026-08-14T10:44:30,1786679070,13.730322,100.787446,0.5,-0.03,0.8,-0.2,88.2,88.2,0.0,-0.02,-0.01,24.9,100,0,0,0
2026-08-14T10:44:31,1786679071,13.730322,100.787446,0.5,-0.03,0.8,-0.3,88.2,88.2,0.0,-0.02,-0.01,24.9,100,0,0,0
2026-08-14T10:44:32,1786679072,13.730322,100.787446,0.5,-0.04,0.8,-0.3,88.3,88.3,0.02,-0.01,-0.01,24.9,100,0,0,0
2026-08-14T10:44:33,1786679073,13.730322,100.787446,0.5,-0.04,0.7,-0.3,88.3,88.3,0.02,-0.01,-0.01,24.9,100,POSCTL,0,0
2026-08-14T10:44:34,1786679074,13.730322,100.787446,0.5,-0.03,0.8,-0.3,88.3,88.3,0.03,-0.01,-0.01,24.9,100,0,0,0
2026-08-14T10:44:35,1786679075,13.730322,100.787446,0.5,-0.03,0.8,-0.3,88.3,88.3,0.03,-0.01,-0.01,24.9,100,0,0,0
2026-08-14T10:44:36,1786679076,13.730322,100.787446,0.5,-0.03,0.8,-0.3,88.3,88.3,0.03,-0.01,-0.01,24.9,100,0,0,0
2026-08-14T10:44:37,1786679077,13.730322,100.787446,0.5,-0.03,0.8,-0.3,88.5,88.5,0.03,-0.01,-0.01,24.9,100,0,0,0
2026-08-14T10:44:38,1786679078,13.730322,100.787446,0.5,-0.03,0.8,-0.3,88.5,88.5,0.03,-0.01,-0.01,24.9,100,0,0,0
2026-08-14T10:44:39,1786679079,13.730322,100.787446,0.6,0.01,0.8,-0.3,88.5,88.5,0.02,0.01,-0.03,24.9,100,0,0,0
2026-08-14T10:44:40,1786679080,13.730322,100.787446,0.5,0.01,0.8,-0.3,88.5,88.5,0.02,0.01,-0.03,24.9,100,0,0,0
2026-08-14T10:44:41,1786679081,13.730322,100.787446,0.6,0.01,0.8,-0.3,88.5,88.5,0.0,0.01,-0.03,24.9,100,0,0,0
2026-08-14T10:44:42,1786679082,13.730322,100.787446,0.6,0.02,0.8,-0.3,88.5,88.5,0.0,0.01,-0.03,24.9,100,0,0,0
2026-08-14T10:44:43,1786679083,13.730322,100.787446,0.6,0.02,0.8,-0.3,88.6,88.6,0.0,0.01,-0.03,24.9,100,0,0,0
2026-08-14T10:44:44,1786679084,13.730322,100.787446,0.6,0.02,0.8,-0.2,88.6,88.6,0.0,0.01,-0.03,24.9,100,0,0,0
2026-08-14T10:44:45,1786679085,13.730322,100.787446,0.5,0.02,0.8,-0.2,88.6,88.6,0.0,0.01,-0.03,24.9,100,0,0,0
2026-08-14T10:44:46,1786679086,13.730322,100.787446,0.6,0.02,0.8,-0.2,88.6,88.6,-0.01,0.01,-0.03,24.9,100,0,0,0
2026-08-14T10:44:47,1786679087,13.730322,100.787446,0.6,0.02,0.8,-0.2,88.5,88.5,0.0,0.01,-0.04,24.9,100,0,0,0
2026-08-14T10:44:48,1786679088,13.730322,100.787446,0.6,0.02,0.7,-0.2,88.5,88.5,0.0,0.01,-0.04,24.9,100,0,0,0
2026-08-14T10:44:49,1786679089,13.730322,100.787446,0.6,0.04,0.7,-0.2,88.5,88.5,0.02,-0.02,-0.06,24.9,100,0,0,0
2026-08-14T10:44:50,1786679090,13.730322,100.787446,0.5,0.04,0.8,-0.2,88.5,88.5,0.02,-0.02,-0.06,24.9,100,POSCTL,0,0
2026-08-14T10:44:51,1786679091,13.730322,100.787446,0.5,0.04,0.8,-0.2,88.5,88.5,0.02,-0.02,-0.06,24.9,100,POSCTL,0,0
2026-08-14T10:44:52,1786679092,13.730322,100.787446,0.6,0.08,0.8,-0.2,88.4,88.4,0.0,-0.01,-0.09,24.9,100,POSCTL,0,0
2026-08-14T10:44:53,1786679093,13.730322,100.787446,0.6,0.08,0.8,-0.2,88.4,88.4,0.0,-0.01,-0.09,24.9,100,POSCTL,0,0
2026-08-14T10:44:54,1786679094,13.730322,100.787446,0.7,0.11,0.8,-0.2,88.4,88.4,0.0,-0.01,-0.11,24.9,100,0,0,0
2026-08-14T10:44:55,1786679095,13.730322,100.787446,0.7,0.11,0.7,-0.2,88.4,88.4,0.0,-0.01,-0.11,24.9,100,0,0,0
2026-08-14T10:44:56,1786679096,13.730322,100.787446,0.7,0.12,0.7,-0.2,88.4,88.4,0.0,-0.01,-0.11,24.9,100,0,0,0
2026-08-14T10:44:57,1786679097,13.730322,100.787446,0.5,0.12,0.7,-0.2,88.4,88.4,0.0,-0.01,-0.11,24.9,100,0,0,0
2026-08-14T10:44:58,1786679098,13.730322,100.787446,0.7,0.14,0.7,-0.2,88.4,88.4,0.0,0.0,-0.12,24.9,100,0,0,0
2026-08-14T10:44:59,1786679099,13.730322,100.787446,0.7,0.16,0.7,-0.2,88.4,88.4,0.0,-0.01,-0.12,24.9,100,POSCTL,0,0
2026-08-14T10:45:00,1786679100,13.730322,100.787446,0.7,0.16,0.7,-0.2,88.4,88.4,0.0,-0.01,-0.12,24.9,100,0,0,0
2026-08-14T10:45:01,1786679101,13.730322,100.787446,0.7,0.17,0.7,-0.2,88.4,88.4,0.01,0.0,-0.12,24.9,100,0,0,0
2026-08-14T10:45:02,1786679102,13.730322,100.787446,0.5,0.17,0.7,-0.2,88.4,88.4,0.01,0.0,-0.12,24.9,100,POSCTL,0,0
2026-08-14T10:45:03,1786679103,13.730322,100.787446,0.7,0.17,0.7,-0.2,88.4,88.4,0.01,-0.01,-0.12,24.9,100,0,0,0
2026-08-14T10:45:04,1786679104,13.730322,100.787446,0.7,0.16,0.7,-0.2,88.4,88.4,0.02,-0.01,-0.11,24.9,100,POSCTL,0,0
2026-08-14T10:45:05,1786679105,13.730322,100.787446,0.7,0.16,0.7,-0.2,88.4,88.4,0.02,-0.01,-0.11,24.9,100,0,0,0
2026-08-14T10:45:06,1786679106,13.730322,100.787446,0.7,0.16,0.7,-0.2,88.5,88.5,0.01,0.0,-0.1,24.9,100,POSCTL,0,0
2026-08-14T10:45:07,1786679107,13.730322,100.787446,0.5,0.16,0.7,-0.2,88.4,88.4,0.01,0.0,-0.1,24.9,100,POSCTL,0,0
2026-08-14T10:45:08,1786679108,13.730322,100.787446,0.7,0.15,0.7,-0.2,88.5,88.5,0.01,0.0,-0.1,24.9,100,0,0,0
2026-08-14T10:45:09,1786679109,13.730322,100.787446,0.7,0.15,0.7,-0.2,88.5,88.5,0.0,0.0,-0.1,24.9,100,POSCTL,0,0
2026-08-14T10:45:10,1786679110,13.730322,100.787446,0.7,0.15,0.7,-0.2,88.5,88.5,0.0,0.0,-0.1,24.9,100,0,0,0
2026-08-14T10:45:11,1786679111,13.730322,100.787446,0.7,0.18,0.7,-0.2,88.5,88.5,-0.01,0.01,-0.1,24.9,100,0,0,0
2026-08-14T10:45:12,1786679112,13.730322,100.787446,0.7,0.18,0.7,-0.2,88.5,88.5,-0.01,0.01,-0.1,24.9,100,POSCTL,0,0
2026-08-14T10:45:13,1786679113,13.730322,100.787446,0.7,0.18,0.7,-0.2,88.5,88.5,-0.01,0.01,-0.1,24.9,100,0,0,0
2026-08-14T10:45:14,1786679114,13.730322,100.787446,0.7,0.18,0.6,-0.2,88.5,88.5,0.0,0.01,-0.09,24.9,100,POSCTL,0,0
2026-08-14T10:45:15,1786679115,13.730322,100.787446,0.7,0.18,0.6,-0.2,88.5,88.5,0.0,0.01,-0.09,24.9,100,0,0,0
2026-08-14T10:45:16,1786679116,13.730322,100.787446,0.7,0.17,0.6,-0.2,88.5,88.5,0.0,0.01,-0.07,24.9,100,POSCTL,0,0
2026-08-14T10:45:17,1786679117,13.730322,100.787446,0.5,0.17,0.6,-0.2,88.5,88.5,0.0,0.01,-0.07,24.9,100,POSCTL,0,0
2026-08-14T10:45:18,1786679118,13.730322,100.787446,0.7,0.15,0.6,-0.1,88.5,88.5,0.01,0.01,-0.06,24.9,100,0,0,0
2026-08-14T10:45:19,1786679119,13.730322,100.787446,0.7,0.14,0.6,-0.1,88.5,88.5,0.01,0.0,-0.05,24.9,100,POSCTL,0,0
2026-08-14T10:45:20,1786679120,13.730322,100.787446,0.7,0.14,0.6,-0.1,88.4,88.4,0.01,0.0,-0.05,24.9,100,0,0,0
2026-08-14T10:45:21,1786679121,13.730322,100.787446,0.7,0.11,0.6,-0.1,88.4,88.4,0.0,0.0,-0.05,24.9,100,POSCTL,0,0
2026-08-14T10:45:22,1786679122,13.730322,100.787446,0.5,0.11,0.6,-0.1,88.4,88.4,0.0,0.0,-0.05,24.9,100,POSCTL,0,0
2026-08-14T10:45:23,1786679123,13.730322,100.787446,0.7,0.1,0.6,-0.1,88.4,88.4,0.0,-0.01,-0.04,24.9,100,0,0,0
2026-08-14T10:45:24,1786679124,13.730322,100.787446,0.6,0.09,0.6,-0.1,88.4,88.4,0.0,-0.01,-0.04,24.9,100,POSCTL,0,0
2026-08-14T10:45:25,1786679125,13.730322,100.787446,0.6,0.09,0.6,-0.1,88.4,88.4,0.0,-0.01,-0.04,24.9,100,0,0,0
2026-08-14T10:45:26,1786679126,13.730322,100.787446,0.6,0.09,0.6,-0.1,88.4,88.4,0.0,-0.01,-0.05,24.9,100,POSCTL,0,0
2026-08-14T10:45:27,1786679127,13.730322,100.787446,0.6,0.09,0.6,-0.1,88.4,88.4,0.0,-0.01,-0.05,24.9,100,0,0,0
2026-08-14T10:45:28,1786679128,13.730322,100.787446,0.6,0.09,0.6,-0.1,88.4,88.4,0.0,-0.01,-0.05,24.9,100,POSCTL,0,0
2026-08-14T10:45:29,1786679129,13.730322,100.787446,0.6,0.09,0.6,-0.1,88.4,88.4,0.0,-0.01,-0.05,24.9,100,POSCTL,0,0
2026-08-14T10:45:30,1786679130,13.730322,100.787446,0.6,0.09,0.6,-0.1,88.4,88.4,0.0,-0.01,-0.05,24.9,100,0,0,0
2026-08-14T10:45:31,1786679131,13.730322,100.787446,0.6,0.08,0.6,-0.1,88.4,88.4,0.0,0.0,-0.04,24.9,100,POSCTL,0,0
2026-08-14T10:45:32,1786679132,13.730322,100.787446,0.6,0.08,0.6,-0.1,88.4,88.4,0.0,0.0,-0.04,24.9,100,0,0,0
2026-08-14T10:45:33,1786679133,13.730322,100.787446,0.6,0.09,0.6,-0.1,88.4,88.4,0.0,0.0,-0.05,24.9,100,0,0,0
2026-08-14T10:45:34,1786679134,13.730322,100.787446,0.5,0.09,0.5,-0.1,88.4,88.4,0.0,0.0,-0.05,24.9,100,POSCTL,0,0
2026-08-14T10:45:35,1786679135,13.730322,100.787446,0.6,0.07,0.5,-0.1,88.4,88.4,0.01,0.0,-0.04,24.9,100,0,0,0
2026-08-14T10:45:36,1786679136,13.730322,100.787446,0.6,0.07,0.6,-0.1,88.4,88.4,0.01,0.0,-0.04,24.9,100,POSCTL,0,0
2026-08-14T10:45:37,1786679137,13.730322,100.787446,0.6,0.07,0.6,-0.1,88.5,88.5,0.01,0.0,-0.04,24.9,100,0,0,0
2026-08-14T10:45:38,1786679138,13.730322,100.787446,0.6,0.07,0.6,-0.1,88.4,88.4,0.01,0.0,-0.05,24.9,100,POSCTL,0,0
2026-08-14T10:45:39,1786679139,13.730322,100.787446,0.6,0.07,0.6,-0.1,88.4,88.4,0.0,0.0,-0.06,24.9,100,POSCTL,0,0
2026-08-14T10:45:40,1786679140,13.730322,100.787446,0.6,0.07,0.6,-0.0,88.4,88.4,0.0,0.0,-0.06,24.9,100,0,0,0
2026-08-14T10:45:41,1786679141,13.730322,100.787446,0.6,0.06,0.6,-0.0,88.4,88.4,0.0,0.0,-0.06,24.9,100,POSCTL,0,0
2026-08-14T10:45:42,1786679142,13.730322,100.787446,0.6,0.06,0.6,0.0,88.4,88.4,0.0,0.0,-0.06,24.9,100,0,0,0
2026-08-14T10:45:43,1786679143,13.730322,100.787446,0.5,0.06,0.6,0.0,88.4,88.4,0.0,0.0,-0.06,24.9,100,0,0,0
2026-08-14T10:45:44,1786679144,13.730322,100.787446,0.6,0.07,0.6,0.0,88.4,88.4,0.01,0.0,-0.06,24.9,100,0,0,0
2026-08-14T10:45:45,1786679145,13.730322,100.787446,0.6,0.07,0.6,0.0,88.4,88.4,0.01,0.0,-0.06,24.9,100,0,0,0
2026-08-14T10:45:46,1786679146,13.730322,100.787446,0.6,0.07,0.6,0.0,88.4,88.4,0.01,0.0,-0.06,24.9,100,POSCTL,0,0
2026-08-14T10:45:47,1786679147,13.730322,100.787446,0.6,0.07,0.6,0.1,88.4,88.4,0.01,0.0,-0.06,24.9,100,POSCTL,0,0
2026-08-14T10:45:48,1786679148,13.730322,100.787446,0.7,0.11,0.6,0.1,88.4,88.4,0.01,0.0,-0.08,24.9,100,0,0,0
2026-08-14T10:45:49,1786679149,13.730322,100.787446,0.7,0.12,0.7,0.1,88.4,88.4,0.0,-0.02,-0.1,24.9,100,POSCTL,0,0
2026-08-14T10:45:50,1786679150,13.730322,100.787446,0.7,0.12,0.7,0.1,88.4,88.4,0.0,-0.02,-0.1,24.9,100,0,0,0
2026-08-14T10:45:51,1786679151,13.730322,100.787446,0.7,0.14,0.7,0.1,88.4,88.4,0.0,-0.02,-0.11,24.9,100,POSCTL,0,0
2026-08-14T10:45:52,1786679152,13.730322,100.787446,0.5,0.14,0.7,0.1,88.3,88.3,0.0,-0.02,-0.11,24.9,100,POSCTL,0,0
2026-08-14T10:45:53,1786679153,13.730322,100.787446,0.5,0.14,0.7,0.1,88.3,88.3,0.0,-0.02,-0.11,24.9,100,0,0,0
2026-08-14T10:45:54,1786679154,13.730322,100.787446,0.7,0.17,0.7,0.1,88.3,88.3,-0.01,0.0,-0.12,24.9,100,POSCTL,0,0
2026-08-14T10:45:55,1786679155,13.730322,100.787446,0.7,0.17,0.7,0.1,88.3,88.3,-0.01,0.0,-0.12,24.9,100,POSCTL,0,0
2026-08-14T10:45:56,1786679156,13.730322,100.787446,0.7,0.18,0.7,0.1,88.3,88.3,-0.02,0.0,-0.12,24.9,100,POSCTL,0,0
2026-08-14T10:45:57,1786679157,13.730322,100.787446,0.5,0.18,0.7,0.1,88.3,88.3,-0.02,0.0,-0.12,24.9,100,POSCTL,0,0
2026-08-14T10:45:58,1786679158,13.730322,100.787446,0.8,0.19,0.7,0.2,88.3,88.3,-0.02,0.0,-0.13,24.9,100,0,0,0
2026-08-14T10:45:59,1786679159,13.730322,100.787446,0.8,0.2,0.7,0.2,88.3,88.3,-0.01,0.0,-0.12,24.9,100,POSCTL,0,0
2026-08-14T10:46:00,1786679160,13.730322,100.787446,0.8,0.2,0.7,0.2,88.3,88.3,-0.01,0.0,-0.12,24.9,100,0,0,0
2026-08-14T10:46:01,1786679161,13.730322,100.787446,0.8,0.21,0.7,0.2,88.3,88.3,-0.02,-0.01,-0.12,24.9,100,0,0,0
2026-08-14T10:46:02,1786679162,13.730322,100.787446,0.8,0.21,0.6,0.2,88.3,88.3,-0.02,-0.01,-0.12,24.9,100,0,0,0
2026-08-14T10:46:03,1786679163,13.730322,100.787446,0.8,0.23,0.6,0.2,88.3,88.3,-0.01,-0.02,-0.12,24.9,100,POSCTL,0,0
2026-08-14T10:46:04,1786679164,13.730322,100.787446,0.8,0.23,0.6,0.2,88.3,88.3,-0.02,-0.01,-0.12,24.9,100,POSCTL,0,0
2026-08-14T10:46:05,1786679165,13.730322,100.787446,0.8,0.23,0.6,0.2,88.3,88.3,-0.02,-0.01,-0.12,24.9,100,0,0,0
2026-08-14T10:46:06,1786679166,13.730322,100.787446,0.8,0.23,0.6,0.2,88.3,88.3,-0.01,-0.02,-0.13,24.9,100,POSCTL,0,0
2026-08-14T10:46:07,1786679167,13.730322,100.787446,0.5,0.23,0.6,0.1,88.3,88.3,-0.01,-0.02,-0.13,24.9,100,POSCTL,0,0
2026-08-14T10:46:08,1786679168,13.730322,100.787446,0.8,0.23,0.6,0.1,88.3,88.3,0.0,-0.02,-0.13,24.9,100,0,0,0
2026-08-14T10:46:09,1786679169,13.730322,100.787446,0.8,0.23,0.6,0.1,88.3,88.3,0.0,-0.01,-0.13,24.9,100,POSCTL,0,0
2026-08-14T10:46:10,1786679170,13.730322,100.787446,0.8,0.23,0.6,0.1,88.4,88.4,0.0,-0.01,-0.13,24.9,100,0,0,0
2026-08-14T10:46:11,1786679171,13.730322,100.787446,0.8,0.22,0.6,0.1,88.4,88.4,0.0,0.0,-0.13,24.9,100,POSCTL,0,0
2026-08-14T10:46:12,1786679172,13.730322,100.787446,0.8,0.22,0.6,0.1,88.3,88.3,0.0,0.0,-0.13,24.9,100,0,0,0
2026-08-14T10:46:13,1786679173,13.730322,100.787446,0.8,0.22,0.6,0.1,88.3,88.3,0.0,0.0,-0.13,24.9,100,0,0,0
2026-08-14T10:46:14,1786679174,13.730322,100.787446,0.8,0.22,0.6,0.1,88.3,88.3,0.0,0.0,-0.12,24.9,100,POSCTL,0,0
2026-08-14T10:46:15,1786679175,13.730322,100.787446,0.8,0.22,0.6,0.1,88.3,88.3,0.0,0.0,-0.12,24.9,100,0,0,0
2026-08-14T10:46:16,1786679176,13.730322,100.787446,0.5,0.22,0.6,0.1,88.3,88.3,0.0,0.0,-0.12,24.9,100,POSCTL,0,0
2026-08-14T10:46:17,1786679177,13.730322,100.787446,0.5,0.22,0.6,0.1,88.3,88.3,0.0,0.0,-0.12,24.9,100,0,0,0
2026-08-14T10:46:18,1786679178,13.730322,100.787446,0.8,0.21,0.6,0.1,88.3,88.3,0.0,0.0,-0.12,24.9,100,0,0,0
2026-08-14T10:46:19,1786679179,13.730322,100.787446,0.8,0.21,0.6,0.1,88.3,88.3,0.0,0.0,-0.12,24.9,100,POSCTL,0,0
2026-08-14T10:46:20,1786679180,13.730322,100.787446,0.8,0.21,0.6,0.1,88.3,88.3,0.0,0.0,-0.12,24.9,100,0,0,0
2026-08-14T10:46:21,1786679181,13.730322,100.787446,0.8,0.23,0.6,0.1,88.3,88.3,0.0,0.0,-0.13,24.9,100,POSCTL,0,0
2026-08-14T10:46:22,1786679182,13.730322,100.787446,0.8,0.23,0.6,0.1,88.3,88.3,0.0,0.0,-0.13,24.9,100,0,0,0
2026-08-14T10:46:23,1786679183,13.730322,100.787446,0.8,0.26,0.6,0.1,88.3,88.3,-0.01,0.0,-0.15,24.9,100,POSCTL,0,0
2026-08-14T10:46:24,1786679184,13.730322,100.787446,0.5,0.26,0.6,0.1,88.3,88.3,-0.01,0.0,-0.15,24.9,100,POSCTL,0,0
2026-08-14T10:46:25,1786679185,13.730322,100.787446,0.8,0.27,0.6,0.1,88.3,88.3,-0.01,0.0,-0.15,24.9,100,0,0,0
2026-08-14T10:46:26,1786679186,13.730322,100.787446,0.9,0.3,0.7,0.1,88.3,88.3,-0.01,0.0,-0.15,24.9,100,POSCTL,0,0
2026-08-14T10:46:27,1786679187,13.730322,100.787446,0.9,0.3,0.7,0.0,88.3,88.3,-0.01,0.0,-0.15,24.9,100,0,0,0
2026-08-14T10:46:28,1786679188,13.730322,100.787446,0.9,0.3,0.7,0.0,88.3,88.3,0.0,0.0,-0.14,24.9,100,POSCTL,0,0
2026-08-14T10:46:29,1786679189,13.730322,100.787446,0.9,0.3,0.7,0.0,88.3,88.3,0.0,0.0,-0.14,24.9,100,0,0,0
2026-08-14T10:46:30,1786679190,13.730322,100.787446,0.8,0.29,0.7,0.0,88.3,88.3,0.0,0.0,-0.14,24.9,100,0,0,0
2026-08-14T10:46:31,1786679191,13.730322,100.787446,0.8,0.28,0.7,0.0,88.3,88.3,0.0,0.0,-0.13,24.9,100,POSCTL,0,0
2026-08-14T10:46:32,1786679192,13.730322,100.787446,0.8,0.28,0.7,-0.0,88.3,88.3,0.0,0.0,-0.13,24.9,100,0,0,0
2026-08-14T10:46:33,1786679193,13.730322,100.787446,0.8,0.27,0.7,-0.0,88.3,88.3,0.0,0.0,-0.12,24.9,100,POSCTL,0,0
2026-08-14T10:46:34,1786679194,13.730322,100.787446,0.5,0.27,0.7,-0.0,88.3,88.3,0.0,0.0,-0.12,24.9,100,POSCTL,0,0
2026-08-14T10:46:35,1786679195,13.730322,100.787446,0.8,0.26,0.7,-0.0,88.3,88.3,0.0,0.0,-0.11,24.9,100,0,0,0
2026-08-14T10:46:36,1786679196,13.730322,100.787446,0.8,0.23,0.7,-0.0,88.3,88.3,-0.02,0.0,-0.1,24.9,100,POSCTL,0,0
2026-08-14T10:46:37,1786679197,13.730322,100.787446,0.8,0.23,0.7,-0.0,88.2,88.2,-0.02,0.0,-0.1,24.9,100,0,0,0
2026-08-14T10:46:38,1786679198,13.730322,100.787446,0.8,0.21,0.7,-0.0,88.2,88.2,-0.02,0.0,-0.08,24.9,100,POSCTL,0,0
2026-08-14T10:46:39,1786679199,13.730322,100.787446,0.8,0.21,0.7,-0.0,88.2,88.2,-0.02,0.0,-0.08,24.9,100,0,0,0
2026-08-14T10:46:40,1786679200,13.730322,100.787446,0.8,0.19,0.6,-0.0,88.2,88.2,-0.02,0.0,-0.07,24.9,100,0,0,0
2026-08-14T10:46:41,1786679201,13.730322,100.787446,0.5,0.19,0.6,-0.0,88.2,88.2,-0.02,0.0,-0.07,24.9,100,POSCTL,0,0
2026-08-14T10:46:42,1786679202,13.730322,100.787446,0.7,0.17,0.6,-0.0,88.2,88.2,-0.01,-0.01,-0.05,24.9,100,0,0,0
2026-08-14T10:46:43,1786679203,13.730322,100.787446,0.7,0.17,0.6,-0.0,88.2,88.2,0.0,-0.01,-0.05,24.9,100,POSCTL,0,0
2026-08-14T10:46:44,1786679204,13.730322,100.787446,0.7,0.17,0.6,-0.0,88.2,88.2,0.0,-0.01,-0.05,24.9,100,POSCTL,0,0
2026-08-14T10:46:45,1786679205,13.730322,100.787446,0.7,0.14,0.6,-0.0,88.2,88.2,0.0,-0.01,-0.04,24.9,100,POSCTL,0,0
2026-08-14T10:46:46,1786679206,13.730322,100.787446,0.5,0.14,0.6,-0.0,88.2,88.2,0.0,-0.01,-0.04,24.9,100,POSCTL,0,0
2026-08-14T10:46:47,1786679207,13.730322,100.787446,0.7,0.13,0.6,-0.1,88.2,88.2,0.0,-0.01,-0.04,24.9,100,POSCTL,0,0
2026-08-14T10:46:48,1786679208,13.730322,100.787446,0.7,0.12,0.6,-0.1,88.2,88.2,0.0,0.0,-0.06,24.9,100,POSCTL,0,0
2026-08-14T10:46:49,1786679209,13.730322,100.787446,0.7,0.12,0.6,-0.1,88.3,88.3,0.0,0.0,-0.06,24.9,100,0,0,0
2026-08-14T10:46:50,1786679210,13.730322,100.787446,0.7,0.12,0.6,-0.1,88.3,88.3,0.01,0.0,-0.07,24.9,100,POSCTL,0,0
2026-08-14T10:46:51,1786679211,13.730322,100.787446,0.7,0.12,0.6,-0.1,88.3,88.3,0.01,0.0,-0.07,24.9,100,0,0,0
2026-08-14T10:46:52,1786679212,13.730322,100.787446,0.7,0.14,0.6,-0.1,88.3,88.3,0.01,0.0,-0.08,24.9,100,0,0,0
2026-08-14T10:46:53,1786679213,13.730322,100.787446,0.7,0.15,0.6,-0.1,88.3,88.3,0.02,0.0,-0.08,24.9,100,POSCTL,0,0
2026-08-14T10:46:54,1786679214,13.730322,100.787446,0.7,0.15,0.7,-0.1,88.3,88.3,0.02,0.0,-0.08,24.9,100,0,0,0
2026-08-14T10:46:55,1786679215,13.730322,100.787446,0.7,0.16,0.7,-0.1,88.3,88.3,0.01,-0.01,-0.08,24.9,100,POSCTL,0,0
2026-08-14T10:46:56,1786679216,13.730322,100.787446,0.7,0.16,0.7,-0.1,88.3,88.3,0.01,-0.01,-0.08,24.9,100,0,0,0
2026-08-14T10:46:57,1786679217,13.730322,100.787446,0.7,0.17,0.7,-0.2,88.3,88.3,0.0,-0.01,-0.09,24.9,100,0,0,0
2026-08-14T10:46:58,1786679218,13.730322,100.787446,0.5,0.17,0.7,-0.2,88.3,88.3,0.0,-0.01,-0.09,24.9,100,POSCTL,0,0
2026-08-14T10:46:59,1786679219,13.730322,100.787446,0.7,0.16,0.7,-0.2,88.3,88.3,0.01,-0.01,-0.09,24.9,100,0,0,0
2026-08-14T10:47:00,1786679220,13.730322,100.787446,0.7,0.16,0.7,-0.2,88.3,88.3,0.01,0.0,-0.09,24.9,100,POSCTL,0,0
2026-08-14T10:47:01,1786679221,13.730322,100.787446,0.7,0.16,0.7,-0.2,88.3,88.3,0.01,0.0,-0.09,24.9,100,0,0,0
2026-08-14T10:47:02,1786679222,13.730322,100.787446,0.7,0.15,0.7,-0.2,88.3,88.3,0.0,0.0,-0.08,24.9,100,0,0,0
2026-08-14T10:47:03,1786679223,13.730322,100.787446,0.5,0.15,0.7,-0.2,88.3,88.3,0.0,0.0,-0.08,24.9,100,POSCTL,0,0
2026-08-14T10:47:04,1786679224,13.730322,100.787446,0.7,0.15,0.7,-0.2,88.3,88.3,-0.02,0.01,-0.08,24.9,100,0,0,0
2026-08-14T10:47:05,1786679225,13.730322,100.787446,0.7,0.16,0.7,-0.2,88.3,88.3,-0.02,0.01,-0.07,24.9,100,POSCTL,0,0
2026-08-14T10:47:06,1786679226,13.730322,100.787446,0.7,0.16,0.7,-0.2,88.3,88.3,-0.02,0.01,-0.07,24.9,100,0,0,0
2026-08-14T10:47:07,1786679227,13.730322,100.787446,0.7,0.13,0.7,-0.2,88.3,88.3,-0.02,0.01,-0.05,24.9,100,0,0,0
2026-08-14T10:47:08,1786679228,13.730322,100.787446,0.5,0.13,0.7,-0.2,88.3,88.3,-0.02,0.01,-0.05,24.9,100,POSCTL,0,0
2026-08-14T10:47:09,1786679229,13.730322,100.787446,0.7,0.12,0.6,-0.2,88.3,88.3,-0.02,0.02,-0.05,24.9,100,0,0,0
2026-08-14T10:47:10,1786679230,13.730322,100.787446,0.7,0.1,0.6,-0.2,88.3,88.3,-0.02,0.01,-0.05,24.9,100,POSCTL,0,0
2026-08-14T10:47:11,1786679231,13.730322,100.787446,0.7,0.1,0.6,-0.1,88.3,88.3,-0.02,0.01,-0.05,24.9,100,0,0,0
2026-08-14T10:47:12,1786679232,13.730322,100.787446,0.7,0.09,0.6,-0.1,88.3,88.3,0.0,0.01,-0.05,24.9,100,0,0,0
2026-08-14T10:47:13,1786679233,13.730322,100.787446,0.5,0.09,0.6,-0.1,88.3,88.3,0.0,0.01,-0.05,24.9,100,POSCTL,0,0
2026-08-14T10:47:14,1786679234,13.730322,100.787446,0.6,0.08,0.6,-0.1,88.2,88.2,0.01,0.01,-0.05,24.9,100,0,0,0
2026-08-14T10:47:15,1786679235,13.730322,100.787446,0.6,0.09,0.6,-0.1,88.2,88.2,0.01,0.0,-0.06,24.9,100,POSCTL,0,0
2026-08-14T10:47:16,1786679236,13.730322,100.787446,0.6,0.09,0.6,-0.1,88.2,88.2,0.01,0.0,-0.06,24.9,100,0,0,0
2026-08-14T10:47:17,1786679237,13.730322,100.787446,0.6,0.09,0.6,-0.1,88.1,88.1,0.0,0.01,-0.07,24.9,100,0,0,0
2026-08-14T10:47:18,1786679238,13.730322,100.787446,0.6,0.09,0.6,-0.1,88.1,88.1,0.0,0.01,-0.07,24.9,100,POSCTL,0,0
2026-08-14T10:47:19,1786679239,13.730322,100.787446,0.7,0.1,0.6,-0.1,88.1,88.1,0.01,0.01,-0.07,24.9,100,0,0,0
2026-08-14T10:47:20,1786679240,13.730322,100.787446,0.5,0.1,0.6,-0.1,88.1,88.1,0.01,0.01,-0.07,24.9,100,POSCTL,0,0
2026-08-14T10:47:21,1786679241,13.730322,100.787446,0.5,0.1,0.6,-0.0,88.0,88.0,0.01,0.01,-0.07,24.9,100,0,0,0
2026-08-14T10:47:22,1786679242,13.730322,100.787446,0.7,0.1,0.6,-0.0,88.0,88.0,0.0,0.0,-0.06,24.9,100,0,0,0
2026-08-14T10:47:23,1786679243,13.730322,100.787446,0.5,0.1,0.6,0.0,88.0,88.0,0.0,0.0,-0.06,24.9,100,POSCTL,0,0
2026-08-14T10:47:24,1786679244,13.730322,100.787446,0.7,0.09,0.6,0.0,88.0,88.0,0.0,0.01,-0.06,24.9,100,0,0,0
2026-08-14T10:47:25,1786679245,13.730322,100.787446,0.7,0.1,0.6,0.0,88.0,88.0,0.0,0.02,-0.06,24.9,100,POSCTL,0,0
2026-08-14T10:47:26,1786679246,13.730322,100.787446,0.7,0.1,0.6,0.0,88.0,88.0,0.0,0.02,-0.06,24.9,100,0,0,0
2026-08-14T10:47:27,1786679247,13.730322,100.787446,0.7,0.1,0.6,0.1,88.0,88.0,-0.02,0.02,-0.06,24.9,100,POSCTL,0,0
2026-08-14T10:47:28,1786679248,13.730322,100.787446,0.7,0.1,0.6,0.1,88.0,88.0,-0.02,0.02,-0.06,24.9,100,0,0,0
2026-08-14T10:47:29,1786679249,13.730322,100.787446,0.6,0.08,0.6,0.1,88.0,88.0,-0.02,0.03,-0.05,24.9,100,0,0,0
2026-08-14T10:47:30,1786679250,13.730322,100.787446,0.6,0.08,0.6,0.1,88.0,88.0,-0.02,0.03,-0.05,24.9,100,0,0,0
2026-08-14T10:47:31,1786679251,13.730322,100.787446,0.6,0.08,0.6,0.1,88.0,88.0,-0.02,0.03,-0.05,24.9,100,0,0,0
2026-08-14T10:47:32,1786679252,13.730322,100.787446,0.7,0.1,0.5,0.2,88.0,88.0,0.0,0.0,-0.06,24.9,100,POSCTL,0,0
2026-08-14T10:47:33,1786679253,13.730322,100.787446,0.7,0.1,0.5,0.2,88.0,88.0,0.0,0.0,-0.06,24.9,100,0,0,0
2026-08-14T10:47:34,1786679254,13.730322,100.787446,0.7,0.11,0.5,0.2,88.0,88.0,0.0,0.0,-0.06,24.9,100,0,0,0
2026-08-14T10:47:35,1786679255,13.730322,100.787446,0.5,0.11,0.5,0.2,88.0,88.0,0.0,0.0,-0.06,24.9,100,POSCTL,0,0
2026-08-14T10:47:36,1786679256,13.730322,100.787446,0.7,0.09,0.5,0.2,88.0,88.0,0.0,0.0,-0.06,24.9,100,0,0,0
2026-08-14T10:47:37,1786679257,13.730322,100.787446,0.6,0.09,0.5,0.2,88.0,88.0,0.0,0.0,-0.06,24.9,100,0,0,0
2026-08-14T10:47:38,1786679258,13.730322,100.787446,0.6,0.09,0.4,0.2,88.0,88.0,0.0,0.0,-0.06,24.9,100,0,0,0
2026-08-14T10:47:39,1786679259,13.730322,100.787446,0.7,0.1,0.4,0.2,88.0,88.0,-0.01,0.0,-0.07,24.9,100,0,0,0
2026-08-14T10:47:40,1786679260,13.730322,100.787446,0.5,0.1,0.4,0.2,87.9,87.9,-0.01,0.0,-0.07,24.9,100,POSCTL,0,0
2026-08-14T10:47:41,1786679261,13.730322,100.787446,0.7,0.12,0.4,0.2,87.9,87.9,0.0,0.0,-0.08,24.9,100,0,0,0
2026-08-14T10:47:42,1786679262,13.730322,100.787446,0.7,0.14,0.4,0.2,87.9,87.9,0.0,0.0,-0.09,24.9,100,POSCTL,0,0
2026-08-14T10:47:43,1786679263,13.730322,100.787446,0.7,0.14,0.4,0.3,87.8,87.8,0.0,0.0,-0.09,24.9,100,0,0,0
2026-08-14T10:47:44,1786679264,13.730322,100.787446,0.7,0.15,0.4,0.3,87.8,87.8,0.01,0.01,-0.09,24.9,100,0,0,0
2026-08-14T10:47:45,1786679265,13.730322,100.787446,0.5,0.15,0.4,0.3,87.8,87.8,0.01,0.01,-0.09,24.9,100,POSCTL,0,0
2026-08-14T10:47:46,1786679266,13.730322,100.787446,0.7,0.14,0.4,0.3,87.7,87.7,0.02,0.0,-0.08,24.9,100,0,0,0
2026-08-14T10:47:47,1786679267,13.730322,100.787446,0.7,0.14,0.4,0.3,87.7,87.7,0.02,0.0,-0.08,24.9,100,POSCTL,0,0
2026-08-14T10:47:48,1786679268,13.730322,100.787446,0.7,0.14,0.4,0.3,87.7,87.7,0.02,0.0,-0.08,24.9,100,0,0,0
2026-08-14T10:47:49,1786679269,13.730322,100.787446,0.7,0.14,0.5,0.4,87.6,87.6,0.02,-0.02,-0.08,24.9,100,POSCTL,0,0
2026-08-14T10:47:50,1786679270,13.730322,100.787446,0.7,0.14,0.5,0.3,87.6,87.6,0.02,-0.02,-0.08,24.9,100,0,0,0
2026-08-14T10:47:51,1786679271,13.730322,100.787446,0.7,0.14,0.5,0.3,87.6,87.6,0.02,-0.02,-0.07,24.9,100,0,0,0
2026-08-14T10:47:52,1786679272,13.730322,100.787446,0.4,0.14,0.5,0.3,87.6,87.6,0.02,-0.02,-0.07,24.9,100,POSCTL,0,0
2026-08-14T10:47:53,1786679273,13.730322,100.787446,0.7,0.12,0.5,0.3,87.6,87.6,0.01,0.0,-0.06,24.9,100,0,0,0
2026-08-14T10:47:54,1786679274,13.730322,100.787446,0.7,0.11,0.6,0.3,87.5,87.5,0.0,0.0,-0.06,24.9,100,POSCTL,0,0
2026-08-14T10:47:55,1786679275,13.730322,100.787446,0.7,0.11,0.6,0.3,87.5,87.5,0.0,0.0,-0.06,24.9,100,0,0,0
2026-08-14T10:47:56,1786679276,13.730322,100.787446,0.7,0.12,0.6,0.3,87.5,87.5,0.0,-0.01,-0.06,24.9,100,0,0,0
2026-08-14T10:47:57,1786679277,13.730322,100.787446,0.5,0.12,0.6,0.3,87.5,87.5,0.0,-0.01,-0.06,24.9,100,POSCTL,0,0
2026-08-14T10:47:58,1786679278,13.730322,100.787446,0.7,0.12,0.6,0.3,87.4,87.4,0.01,-0.01,-0.05,24.9,100,0,0,0
2026-08-14T10:47:59,1786679279,13.730322,100.787446,0.7,0.12,0.6,0.3,87.4,87.4,0.01,-0.01,-0.05,24.9,100,0,0,0
2026-08-14T10:48:00,1786679280,13.730322,100.787446,0.7,0.12,0.6,0.3,87.4,87.4,0.01,-0.01,-0.05,24.9,100,0,0,0
2026-08-14T10:48:01,1786679281,13.730322,100.787446,0.7,0.1,0.6,0.3,87.4,87.4,0.01,0.0,-0.03,24.9,100,0,0,0
2026-08-14T10:48:02,1786679282,13.730322,100.787446,0.7,0.1,0.6,0.3,87.4,87.4,0.01,0.0,-0.03,24.9,100,0,0,0
2026-08-14T10:48:03,1786679283,13.730322,100.787446,0.7,0.1,0.6,0.3,87.4,87.4,0.01,0.0,-0.03,24.9,100,0,0,0
2026-08-14T10:48:04,1786679284,13.730322,100.787446,0.6,0.04,0.6,0.3,87.4,87.4,0.0,0.01,0.0,24.9,100,POSCTL,0,0
2026-08-14T10:48:05,1786679285,13.730322,100.787446,0.6,0.04,0.6,0.3,87.4,87.4,0.0,0.01,0.0,24.9,100,0,0,0
2026-08-14T10:48:06,1786679286,13.730322,100.787446,0.6,0.02,0.6,0.3,87.4,87.4,0.0,0.0,0.0,24.9,100,POSCTL,0,0
2026-08-14T10:48:07,1786679287,13.730322,100.787446,0.6,0.02,0.6,0.4,87.3,87.3,0.0,0.0,0.0,24.9,100,0,0,0
2026-08-14T10:48:08,1786679288,13.730322,100.787446,0.6,0.0,0.6,0.4,87.3,87.3,0.0,-0.02,0.0,24.9,100,0,0,0
2026-08-14T10:48:09,1786679289,13.730322,100.787446,0.6,0.0,0.6,0.4,87.3,87.3,0.0,-0.02,0.0,24.9,100,0,0,0
2026-08-14T10:48:10,1786679290,13.730322,100.787446,0.6,0.01,0.6,0.4,87.3,87.3,0.0,-0.01,0.0,24.9,100,0,0,0
2026-08-14T10:48:11,1786679291,13.730322,100.787446,0.5,-0.01,0.6,0.4,87.3,87.3,0.0,0.0,0.01,24.9,100,0,0,0
2026-08-14T10:48:12,1786679292,13.730322,100.787446,0.5,-0.01,0.6,0.3,87.3,87.3,0.0,0.0,0.01,24.9,100,0,0,0
2026-08-14T10:48:13,1786679293,13.730322,100.787446,0.5,-0.01,0.6,0.3,87.3,87.3,0.0,0.0,0.01,24.9,100,0,0,0
2026-08-14T10:48:14,1786679294,13.730322,100.787446,0.5,-0.01,0.6,0.3,87.3,87.3,0.0,0.0,0.01,24.9,100,POSCTL,0,0
2026-08-14T10:48:15,1786679295,13.730322,100.787446,0.5,-0.02,0.6,0.3,87.3,87.3,0.02,0.0,0.02,24.9,100,0,0,0
2026-08-14T10:48:16,1786679296,13.730322,100.787446,0.5,-0.04,0.6,0.3,87.3,87.3,0.03,0.0,0.02,24.9,100,POSCTL,0,0
2026-08-14T10:48:17,1786679297,13.730322,100.787446,0.5,-0.04,0.6,0.3,87.3,87.3,0.03,0.0,0.02,24.9,100,0,0,0
2026-08-14T10:48:18,1786679298,13.730322,100.787446,0.5,-0.06,0.6,0.3,87.3,87.3,0.04,0.0,0.03,24.9,100,0,0,0
2026-08-14T10:48:19,1786679299,13.730322,100.787446,0.5,-0.06,0.6,0.3,87.3,87.3,0.04,0.0,0.03,24.9,100,0,0,0
2026-08-14T10:48:20,1786679300,13.730322,100.787446,0.5,-0.06,0.6,0.3,87.3,87.3,0.04,0.0,0.03,24.9,100,0,0,0
2026-08-14T10:48:21,1786679301,13.730322,100.787446,0.5,-0.08,0.7,0.3,87.3,87.3,0.02,-0.02,0.05,24.9,100,POSCTL,0,0
2026-08-14T10:48:22,1786679302,13.730322,100.787446,0.5,-0.08,0.7,0.3,87.3,87.3,0.02,-0.02,0.05,24.9,100,0,0,0
2026-08-14T10:48:23,1786679303,13.730322,100.787446,0.4,-0.11,0.7,0.3,87.3,87.3,0.0,-0.02,0.07,24.9,100,0,0,0
2026-08-14T10:48:24,1786679304,13.730322,100.787446,0.6,-0.11,0.7,0.3,87.3,87.3,0.0,-0.02,0.07,24.9,100,POSCTL,0,0
2026-08-14T10:48:25,1786679305,13.730322,100.787446,0.4,-0.15,0.7,0.3,87.3,87.3,-0.02,-0.02,0.1,24.9,100,0,0,0
2026-08-14T10:48:26,1786679306,13.730322,100.787446,0.4,-0.17,0.7,0.3,87.2,87.2,-0.02,-0.02,0.13,24.9,100,POSCTL,0,0
2026-08-14T10:48:27,1786679307,13.730322,100.787446,0.4,-0.17,0.7,0.3,87.2,87.2,-0.02,-0.02,0.13,24.9,100,0,0,0
2026-08-14T10:48:28,1786679308,13.730322,100.787446,0.6,-0.17,0.7,0.3,87.2,87.2,-0.02,-0.02,0.13,24.9,100,0,0,0
2026-08-14T10:48:29,1786679309,13.730322,100.787446,0.5,-0.17,0.6,0.3,87.1,87.1,-0.02,-0.02,0.13,24.9,100,POSCTL,0,0
2026-08-14T10:48:30,1786679310,13.730322,100.787446,0.3,-0.27,0.6,0.3,87.1,87.1,0.0,0.0,0.19,24.9,100,0,0,0
2026-08-14T10:48:31,1786679311,13.730322,100.787446,0.2,-0.31,0.6,0.2,87.1,87.1,0.0,0.01,0.2,24.9,100,POSCTL,0,0
2026-08-14T10:48:32,1786679312,13.730322,100.787446,0.2,-0.31,0.6,0.3,87.1,87.1,0.0,0.01,0.2,24.9,100,0,0,0
2026-08-14T10:48:33,1786679313,13.730322,100.787446,0.2,-0.34,0.6,0.3,87.1,87.1,0.0,0.01,0.21,24.9,100,0,0,0
2026-08-14T10:48:34,1786679314,13.730322,100.787446,0.5,-0.34,0.6,0.3,87.0,87.0,0.0,0.01,0.21,24.9,100,POSCTL,0,0
2026-08-14T10:48:35,1786679315,13.730322,100.787446,0.2,-0.37,0.6,0.3,87.0,87.0,0.0,0.01,0.22,24.9,100,0,0,0
2026-08-14T10:48:36,1786679316,13.730322,100.787446,0.5,-0.37,0.6,0.3,87.0,87.0,0.0,0.01,0.22,24.9,100,POSCTL,0,0
2026-08-14T10:48:37,1786679317,13.730322,100.787446,0.5,-0.37,0.6,0.3,87.0,87.0,0.0,0.01,0.22,24.9,100,POSCTL,0,0
2026-08-14T10:48:38,1786679318,13.730322,100.787446,0.1,-0.42,0.6,0.3,87.0,87.0,0.01,0.0,0.22,24.9,100,0,0,0
2026-08-14T10:48:39,1786679319,13.730322,100.787446,0.1,-0.42,0.6,0.3,87.0,87.0,0.01,0.0,0.22,24.9,100,0,0,0
2026-08-14T10:48:40,1786679320,13.730322,100.787446,0.1,-0.43,0.6,0.3,87.0,87.0,0.0,0.01,0.22,24.9,100,0,0,0
2026-08-14T10:48:41,1786679321,13.730322,100.787446,0.1,-0.43,0.5,0.3,87.0,87.0,0.0,0.02,0.22,24.9,100,POSCTL,0,0
2026-08-14T10:48:42,1786679322,13.730322,100.787446,0.1,-0.43,0.6,0.4,87.0,87.0,0.0,0.02,0.22,24.9,100,0,0,0
2026-08-14T10:48:43,1786679323,13.730322,100.787446,0.1,-0.45,0.6,0.4,87.0,87.0,0.0,0.01,0.23,24.9,100,0,0,0
2026-08-14T10:48:44,1786679324,13.730322,100.787446,0.1,-0.45,0.6,0.4,87.0,87.0,0.0,0.01,0.23,24.9,100,0,0,0
2026-08-14T10:48:45,1786679325,13.730322,100.787446,0.1,-0.45,0.6,0.4,87.0,87.0,0.0,0.01,0.23,24.9,100,0,0,0
2026-08-14T10:48:46,1786679326,13.730322,100.787446,0.1,-0.45,0.5,0.5,86.9,86.9,0.0,0.01,0.23,24.9,100,0,0,0
2026-08-14T10:48:47,1786679327,13.730322,100.787446,0.1,-0.46,0.5,0.5,86.9,86.9,0.01,0.0,0.22,24.9,100,0,0,0
2026-08-14T10:48:48,1786679328,13.730322,100.787446,0.1,-0.48,0.5,0.5,86.9,86.9,0.01,-0.01,0.22,24.9,100,POSCTL,0,0
2026-08-14T10:48:49,1786679329,13.730322,100.787446,0.1,-0.48,0.6,0.5,86.9,86.9,0.01,-0.01,0.22,24.9,100,0,0,0
2026-08-14T10:48:50,1786679330,13.730322,100.787446,0.1,-0.48,0.5,0.5,86.9,86.9,0.01,-0.02,0.23,24.9,100,0,0,0
2026-08-14T10:48:51,1786679331,13.730322,100.787446,0.1,-0.48,0.6,0.5,86.8,86.8,0.01,-0.02,0.23,24.9,100,0,0,0
2026-08-14T10:48:52,1786679332,13.730322,100.787446,0.1,-0.48,0.6,0.5,86.8,86.8,0.0,-0.01,0.23,24.9,100,0,0,0
2026-08-14T10:48:53,1786679333,13.730322,100.787446,0.1,-0.49,0.6,0.5,86.8,86.8,0.0,0.0,0.23,24.9,100,POSCTL,0,0
2026-08-14T10:48:54,1786679334,13.730322,100.787446,0.1,-0.49,0.6,0.5,86.8,86.8,0.0,0.0,0.23,24.9,100,0,0,0
2026-08-14T10:48:55,1786679335,13.730322,100.787446,0.0,-0.51,0.6,0.6,86.8,86.8,0.01,-0.01,0.23,24.9,100,0,0,0
2026-08-14T10:48:56,1786679336,13.730322,100.787446,0.0,-0.51,0.6,0.6,86.8,86.8,0.01,-0.01,0.23,24.9,100,0,0,0
2026-08-14T10:48:57,1786679337,13.730322,100.787446,0.0,-0.52,0.6,0.6,86.8,86.8,0.01,0.0,0.22,24.9,100,0,0,0
2026-08-14T10:48:58,1786679338,13.730322,100.787446,0.6,-0.52,0.6,0.6,86.8,86.8,0.01,0.0,0.22,24.9,100,POSCTL,0,0
2026-08-14T10:48:59,1786679339,13.730322,100.787446,0.1,-0.5,0.6,0.6,86.8,86.8,0.01,0.01,0.22,24.9,100,0,0,0
2026-08-14T10:49:00,1786679340,13.730322,100.787446,0.1,-0.49,0.6,0.6,86.8,86.8,0.0,0.0,0.21,24.9,100,POSCTL,0,0
2026-08-14T10:49:01,1786679341,13.730322,100.787446,0.1,-0.49,0.6,0.7,86.8,86.8,0.0,0.0,0.21,24.9,100,0,0,0
2026-08-14T10:49:02,1786679342,13.730322,100.787446,0.1,-0.5,0.6,0.7,86.8,86.8,0.0,0.0,0.22,24.9,100,0,0,0
2026-08-14T10:49:03,1786679343,13.730322,100.787446,0.5,-0.5,0.6,0.7,86.8,86.8,0.0,0.0,0.22,24.9,100,POSCTL,0,0
2026-08-14T10:49:04,1786679344,13.730322,100.787446,0.1,-0.49,0.6,0.7,86.8,86.8,0.0,0.0,0.21,24.9,100,0,0,0
2026-08-14T10:49:05,1786679345,13.730322,100.787446,0.1,-0.48,0.6,0.7,86.8,86.8,0.0,0.0,0.2,24.9,100,POSCTL,0,0
2026-08-14T10:49:06,1786679346,13.730322,100.787446,0.1,-0.48,0.6,0.8,86.8,86.8,0.0,0.0,0.2,24.9,100,0,0,0
2026-08-14T10:49:07,1786679347,13.730322,100.787446,0.1,-0.48,0.6,0.8,86.8,86.8,0.0,-0.01,0.2,24.9,100,0,0,0
2026-08-14T10:49:08,1786679348,13.730322,100.787446,0.1,-0.48,0.6,0.8,86.8,86.8,0.0,-0.01,0.2,24.9,100,0,0,0
2026-08-14T10:49:09,1786679349,13.730322,100.787446,0.1,-0.46,0.6,0.8,86.8,86.8,0.01,-0.01,0.2,24.9,100,0,0,0
2026-08-14T10:49:10,1786679350,13.730322,100.787446,0.5,-0.46,0.6,0.8,86.8,86.8,0.01,-0.01,0.2,24.9,100,POSCTL,0,0
2026-08-14T10:49:11,1786679351,13.730322,100.787446,0.1,-0.46,0.6,0.8,86.8,86.8,0.01,-0.01,0.21,24.9,100,0,0,0
2026-08-14T10:49:12,1786679352,13.730322,100.787446,0.1,-0.47,0.6,0.8,86.8,86.8,0.0,-0.02,0.22,24.9,100,0,0,0
2026-08-14T10:49:13,1786679353,13.730322,100.787446,0.1,-0.47,0.6,0.8,86.8,86.8,0.0,-0.02,0.22,24.9,100,0,0,0
2026-08-14T10:49:14,1786679354,13.730322,100.787446,0.1,-0.49,0.6,0.8,86.8,86.8,0.0,-0.02,0.23,24.9,100,0,0,0
2026-08-14T10:49:15,1786679355,13.730322,100.787446,0.1,-0.49,0.6,0.7,86.8,86.8,0.0,-0.02,0.23,24.9,100,0,0,0
2026-08-14T10:49:16,1786679356,13.730322,100.787446,0.0,-0.51,0.6,0.7,86.8,86.8,0.0,-0.03,0.24,24.9,100,0,0,0
2026-08-14T10:49:17,1786679357,13.730322,100.787445,0.0,-0.53,0.6,0.8,86.8,86.8,0.0,-0.03,0.26,24.9,100,0,0,0
2026-08-14T10:49:18,1786679358,13.730322,100.787445,0.0,-0.53,0.6,0.7,86.8,86.8,0.0,-0.03,0.26,24.9,100,0,0,0
2026-08-14T10:49:19,1786679359,13.730322,100.787445,0.0,-0.53,0.6,0.7,86.8,86.8,0.0,-0.03,0.26,24.9,100,0,0,0
2026-08-14T10:49:20,1786679360,13.730322,100.787446,0.5,-0.53,0.6,0.7,86.8,86.8,0.0,-0.03,0.26,24.9,100,POSCTL,0,0
2026-08-14T10:49:21,1786679361,13.730322,100.787446,0.0,-0.56,0.6,0.7,86.7,86.7,-0.01,0.0,0.26,24.9,100,0,0,0
2026-08-14T10:49:22,1786679362,13.730322,100.787446,-0.0,-0.56,0.6,0.7,86.7,86.7,0.0,0.01,0.25,24.9,100,POSCTL,0,0
2026-08-14T10:49:23,1786679363,13.730322,100.787446,-0.0,-0.56,0.5,0.7,86.7,86.7,0.0,0.01,0.25,24.9,100,0,0,0
2026-08-14T10:49:24,1786679364,13.730322,100.787446,0.0,-0.56,0.5,0.7,86.7,86.7,-0.01,0.03,0.25,24.9,100,0,0,0
2026-08-14T10:49:25,1786679365,13.730322,100.787446,0.0,-0.56,0.5,0.8,86.7,86.7,-0.01,0.03,0.25,24.9,100,0,0,0
2026-08-14T10:49:26,1786679366,13.730322,100.787447,0.0,-0.56,0.5,0.8,86.6,86.6,0.0,0.05,0.25,24.9,100,0,0,0
2026-08-14T10:49:27,1786679367,13.730322,100.787446,0.5,-0.56,0.5,0.8,86.6,86.6,0.0,0.05,0.25,24.9,100,POSCTL,0,0
2026-08-14T10:49:28,1786679368,13.730322,100.787447,0.0,-0.56,0.5,0.9,86.6,86.6,0.0,0.02,0.25,24.9,100,0,0,0
2026-08-14T10:49:29,1786679369,13.730322,100.787446,0.0,-0.56,0.5,0.9,86.5,86.5,0.01,0.0,0.25,24.9,100,0,0,0
2026-08-14T10:49:30,1786679370,13.730322,100.787446,0.0,-0.56,0.5,0.9,86.5,86.5,0.01,0.0,0.25,24.9,100,0,0,0
2026-08-14T10:49:31,1786679371,13.730322,100.787446,0.0,-0.55,0.5,1.0,86.5,86.5,0.01,-0.01,0.24,24.9,100,0,0,0
2026-08-14T10:49:32,1786679372,13.730322,100.787446,0.5,-0.55,0.5,1.0,86.5,86.5,0.01,-0.01,0.24,24.9,100,POSCTL,0,0
2026-08-14T10:49:33,1786679373,13.730322,100.787446,0.0,-0.55,0.5,1.0,86.5,86.5,0.01,-0.02,0.24,24.9,100,0,0,0
2026-08-14T10:49:34,1786679374,13.730322,100.787446,0.0,-0.56,0.5,1.0,86.5,86.5,0.01,-0.02,0.24,24.9,100,0,0,0
2026-08-14T10:49:35,1786679375,13.730322,100.787446,0.0,-0.56,0.5,1.0,86.5,86.5,0.01,-0.02,0.24,24.9,100,0,0,0
2026-08-14T10:49:36,1786679376,13.730322,100.787446,0.0,-0.55,0.5,1.0,86.5,86.5,0.01,-0.01,0.24,24.9,100,0,0,0
2026-08-14T10:49:37,1786679377,13.730322,100.787446,0.0,-0.55,0.5,1.0,86.5,86.5,0.01,-0.01,0.24,24.9,100,0,0,0
2026-08-14T10:49:38,1786679378,13.730322,100.787446,0.0,-0.55,0.5,1.0,86.5,86.5,0.01,-0.01,0.24,24.9,100,0,0,0
2026-08-14T10:49:39,1786679379,13.730322,100.787446,0.0,-0.55,0.5,1.0,86.5,86.5,0.01,-0.01,0.24,24.9,100,0,0,0
2026-08-14T10:49:40,1786679380,13.730322,100.787446,0.0,-0.55,0.5,1.0,86.4,86.4,0.01,-0.01,0.24,24.9,100,0,0,0
2026-08-14T10:49:41,1786679381,13.730322,100.787446,0.0,-0.51,0.5,1.1,86.5,86.5,0.0,0.01,0.21,24.9,100,POSCTL,0,0
2026-08-14T10:49:42,1786679382,13.730322,100.787446,0.0,-0.51,0.5,1.1,86.5,86.5,0.0,0.01,0.21,24.9,100,0,0,0
2026-08-14T10:49:43,1786679383,13.730322,100.787446,0.1,-0.49,0.5,1.1,86.5,86.5,0.0,0.0,0.2,24.9,100,0,0,0
2026-08-14T10:49:44,1786679384,13.730322,100.787446,0.1,-0.46,0.5,1.1,86.5,86.5,0.0,0.0,0.18,24.9,100,POSCTL,0,0
2026-08-14T10:49:45,1786679385,13.730322,100.787446,0.1,-0.46,0.5,1.1,86.5,86.5,0.0,0.0,0.18,24.9,100,0,0,0
2026-08-14T10:49:46,1786679386,13.730322,100.787446,0.1,-0.45,0.5,1.1,86.4,86.4,0.02,0.01,0.17,24.9,100,0,0,0
2026-08-14T10:49:47,1786679387,13.730322,100.787446,0.1,-0.45,0.5,1.2,86.4,86.4,0.02,0.01,0.17,24.9,100,0,0,0
2026-08-14T10:49:48,1786679388,13.730322,100.787446,0.1,-0.45,0.5,1.2,86.4,86.4,0.02,0.0,0.17,24.9,100,0,0,0
2026-08-14T10:49:49,1786679389,13.730322,100.787446,0.5,-0.45,0.5,1.2,86.4,86.4,0.02,0.0,0.17,24.9,100,POSCTL,0,0
2026-08-14T10:49:50,1786679390,13.730322,100.787446,0.5,-0.45,0.5,1.2,86.4,86.4,0.02,0.0,0.17,24.9,100,0,0,0
2026-08-14T10:49:51,1786679391,13.730322,100.787446,0.1,-0.43,0.5,1.2,86.4,86.4,0.01,-0.03,0.17,24.9,100,POSCTL,0,0
2026-08-14T10:49:52,1786679392,13.730322,100.787446,0.1,-0.43,0.6,1.2,86.4,86.4,0.01,-0.03,0.17,24.9,100,0,0,0
2026-08-14T10:49:53,1786679393,13.730322,100.787446,0.1,-0.42,0.5,1.2,86.4,86.4,0.01,-0.02,0.16,24.9,100,0,0,0
2026-08-14T10:49:54,1786679394,13.730322,100.787446,0.5,-0.42,0.6,1.2,86.4,86.4,0.01,-0.02,0.16,24.9,100,POSCTL,0,0
2026-08-14T10:49:55,1786679395,13.730322,100.787446,0.2,-0.4,0.6,1.2,86.4,86.4,0.0,-0.02,0.14,24.9,100,0,0,0
2026-08-14T10:49:56,1786679396,13.730322,100.787446,0.2,-0.37,0.6,1.2,86.4,86.4,0.0,-0.02,0.12,24.9,100,POSCTL,0,0
2026-08-14T10:49:57,1786679397,13.730322,100.787446,0.2,-0.37,0.6,1.2,86.4,86.4,0.0,-0.02,0.12,24.9,100,0,0,0
2026-08-14T10:49:58,1786679398,13.730322,100.787446,0.2,-0.35,0.6,1.1,86.4,86.4,0.0,0.0,0.1,24.9,100,0,0,0
2026-08-14T10:49:59,1786679399,13.730322,100.787446,0.2,-0.35,0.6,1.1,86.4,86.4,0.0,0.0,0.1,24.9,100,0,0,0
2026-08-14T10:50:00,1786679400,13.730322,100.787446,0.2,-0.32,0.6,1.1,86.3,86.3,-0.01,0.0,0.08,24.9,100,0,0,0
2026-08-14T10:50:01,1786679401,13.730322,100.787446,0.5,-0.32,0.5,1.1,86.3,86.3,-0.01,0.0,0.08,24.9,100,POSCTL,0,0
2026-08-14T10:50:02,1786679402,13.730322,100.787446,0.3,-0.28,0.5,1.1,86.3,86.3,-0.01,0.0,0.07,24.9,100,0,0,0
2026-08-14T10:50:03,1786679403,13.730322,100.787446,0.3,-0.27,0.5,1.1,86.3,86.3,0.0,0.0,0.06,24.9,100,0,0,0
2026-08-14T10:50:04,1786679404,13.730322,100.787446,0.3,-0.27,0.5,1.1,86.3,86.3,0.0,0.0,0.06,24.9,100,0,0,0
2026-08-14T10:50:05,1786679405,13.730322,100.787446,0.3,-0.23,0.5,1.1,86.3,86.3,0.0,0.0,0.05,24.9,100,0,0,0
2026-08-14T10:50:06,1786679406,13.730322,100.787447,0.5,-0.23,0.5,1.1,86.3,86.3,0.0,0.0,0.05,24.9,100,POSCTL,0,0
2026-08-14T10:50:07,1786679407,13.730322,100.787446,0.3,-0.22,0.5,1.1,86.3,86.3,0.0,0.0,0.05,24.9,100,0,0,0
2026-08-14T10:50:08,1786679408,13.730322,100.787446,0.3,-0.22,0.5,1.1,86.3,86.3,-0.01,0.0,0.06,24.9,100,0,0,0
2026-08-14T10:50:09,1786679409,13.730322,100.787446,0.3,-0.22,0.5,1.1,86.3,86.3,-0.01,0.0,0.06,24.9,100,0,0,0
2026-08-14T10:50:10,1786679410,13.730322,100.787446,0.3,-0.22,0.5,1.1,86.3,86.3,-0.02,0.0,0.07,24.9,100,POSCTL,0,0
2026-08-14T10:50:11,1786679411,13.730322,100.787446,0.5,-0.22,0.5,1.1,86.3,86.3,-0.02,0.0,0.07,24.9,100,POSCTL,0,0
2026-08-14T10:50:12,1786679412,13.730322,100.787446,0.3,-0.21,0.4,1.1,86.3,86.3,-0.01,0.0,0.08,24.9,100,0,0,0
2026-08-14T10:50:13,1786679413,13.730322,100.787446,0.3,-0.21,0.4,1.1,86.3,86.3,0.0,0.0,0.08,24.9,100,POSCTL,0,0
2026-08-14T10:50:14,1786679414,13.730322,100.787446,0.3,-0.21,0.4,1.0,86.3,86.3,0.0,0.0,0.08,24.9,100,0,0,0
2026-08-14T10:50:15,1786679415,13.730322,100.787446,0.3,-0.22,0.4,1.0,86.3,86.3,0.0,0.01,0.08,24.9,100,0,0,0
2026-08-14T10:50:16,1786679416,13.730322,100.787446,0.6,-0.22,0.4,1.0,86.3,86.3,0.0,0.01,0.08,24.9,100,POSCTL,0,0
2026-08-14T10:50:17,1786679417,13.730322,100.787446,0.3,-0.24,0.4,1.0,86.3,86.3,0.0,0.02,0.09,24.9,100,0,0,0
2026-08-14T10:50:18,1786679418,13.730322,100.787446,0.3,-0.23,0.4,1.0,86.3,86.3,0.0,0.03,0.09,24.9,100,POSCTL,0,0
2026-08-14T10:50:19,1786679419,13.730322,100.787446,0.3,-0.23,0.4,1.1,86.2,86.2,0.0,0.03,0.09,24.9,100,POSCTL,0,0
2026-08-14T10:50:20,1786679420,13.730322,100.787446,0.3,-0.22,0.4,1.1,86.2,86.2,0.01,0.01,0.09,24.9,100,0,0,0
2026-08-14T10:50:21,1786679421,13.730322,100.787446,0.3,-0.22,0.4,1.1,86.2,86.2,0.01,0.01,0.09,24.9,100,0,0,0
2026-08-14T10:50:22,1786679422,13.730322,100.787446,0.3,-0.22,0.4,1.1,86.2,86.2,0.01,0.01,0.09,24.9,100,0,0,0
2026-08-14T10:50:23,1786679423,13.730322,100.787446,0.3,-0.22,0.4,1.1,86.2,86.2,0.02,0.0,0.09,24.9,100,POSCTL,0,0
2026-08-14T10:50:24,1786679424,13.730322,100.787446,0.3,-0.22,0.4,1.1,86.2,86.2,0.02,0.0,0.09,24.9,100,0,0,0
2026-08-14T10:50:25,1786679425,13.730322,100.787446,0.3,-0.21,0.4,1.1,86.2,86.2,0.03,0.0,0.08,24.9,100,0,0,0
2026-08-14T10:50:26,1786679426,13.730322,100.787446,0.3,-0.21,0.4,1.1,86.2,86.2,0.03,0.0,0.08,24.9,100,0,0,0
2026-08-14T10:50:27,1786679427,13.730322,100.787446,0.4,-0.2,0.4,1.1,86.2,86.2,0.02,0.0,0.09,24.9,100,0,0,0
2026-08-14T10:50:28,1786679428,13.730322,100.787446,0.3,-0.21,0.5,1.1,86.1,86.1,0.01,0.0,0.08,24.9,100,POSCTL,0,0
2026-08-14T10:50:29,1786679429,13.730322,100.787446,0.3,-0.21,0.5,1.1,86.1,86.1,0.01,0.0,0.08,24.9,100,0,0,0
2026-08-14T10:50:30,1786679430,13.730322,100.787446,0.3,-0.22,0.4,1.1,86.1,86.1,0.02,0.0,0.08,24.9,100,0,0,0
2026-08-14T10:50:31,1786679431,13.730322,100.787446,0.3,-0.22,0.4,1.1,86.1,86.1,0.02,0.0,0.08,24.9,100,0,0,0
2026-08-14T10:50:32,1786679432,13.730322,100.787446,0.3,-0.21,0.5,1.1,86.2,86.2,0.01,0.0,0.07,24.9,100,0,0,0
2026-08-14T10:50:33,1786679433,13.730322,100.787446,0.4,-0.2,0.5,1.1,86.2,86.2,0.0,0.0,0.06,24.9,100,POSCTL,0,0
2026-08-14T10:50:34,1786679434,13.730322,100.787446,0.4,-0.2,0.5,1.1,86.2,86.2,0.0,0.0,0.06,24.9,100,0,0,0
2026-08-14T10:50:35,1786679435,13.730322,100.787446,0.4,-0.2,0.5,1.2,86.2,86.2,0.0,0.0,0.05,24.9,100,0,0,0
2026-08-14T10:50:36,1786679436,13.730322,100.787446,0.4,-0.2,0.5,1.2,86.2,86.2,0.0,0.0,0.05,24.9,100,0,0,0
2026-08-14T10:50:37,1786679437,13.730322,100.787446,0.4,-0.18,0.5,1.2,86.2,86.2,-0.01,0.0,0.05,24.9,100,0,0,0
2026-08-14T10:50:38,1786679438,13.730322,100.787446,0.4,-0.18,0.5,1.2,86.2,86.2,-0.01,0.0,0.05,24.9,100,0,0,0
2026-08-14T10:50:39,1786679439,13.730322,100.787446,0.4,-0.15,0.5,1.2,86.2,86.2,-0.01,-0.01,0.04,24.9,100,0,0,0
2026-08-14T10:50:40,1786679440,13.730322,100.787446,0.5,-0.15,0.4,1.2,86.2,86.2,-0.01,-0.01,0.04,24.9,100,0,0,0
2026-08-14T10:50:41,1786679441,13.730322,100.787446,0.5,-0.15,0.4,1.2,86.2,86.2,-0.01,-0.01,0.04,24.9,100,0,0,0
2026-08-14T10:50:42,1786679442,13.730322,100.787446,0.4,-0.17,0.4,1.2,86.2,86.2,-0.01,-0.01,0.06,24.9,100,0,0,0
2026-08-14T10:50:43,1786679443,13.730322,100.787446,0.5,-0.17,0.4,1.1,86.1,86.1,-0.01,-0.01,0.06,24.9,100,POSCTL,0,0
2026-08-14T10:50:44,1786679444,13.730322,100.787446,0.4,-0.18,0.4,1.1,86.1,86.1,-0.01,0.0,0.06,24.9,100,0,0,0
2026-08-14T10:50:45,1786679445,13.730322,100.787446,0.4,-0.17,0.4,1.1,86.1,86.1,0.0,0.0,0.04,24.9,100,0,0,0
2026-08-14T10:50:46,1786679446,13.730322,100.787446,0.4,-0.17,0.4,1.1,86.1,86.1,0.0,0.0,0.04,24.9,100,0,0,0
2026-08-14T10:50:47,1786679447,13.730322,100.787446,0.4,-0.18,0.3,1.1,86.1,86.1,0.0,0.0,0.03,24.9,100,0,0,0
2026-08-14T10:50:48,1786679448,13.730322,100.787446,0.4,-0.18,0.3,1.1,86.1,86.1,0.0,0.0,0.03,24.9,100,0,0,0
2026-08-14T10:50:49,1786679449,13.730322,100.787446,0.4,-0.18,0.3,1.1,86.1,86.1,0.0,0.0,0.03,24.9,100,0,0,0
2026-08-14T10:50:50,1786679450,13.730322,100.787446,0.4,-0.14,0.3,1.1,86.0,86.0,0.01,0.0,0.01,24.9,100,POSCTL,0,0
2026-08-14T10:50:51,1786679451,13.730322,100.787446,0.4,-0.14,0.3,1.1,86.0,86.0,0.01,0.0,0.01,24.9,100,0,0,0
2026-08-14T10:50:52,1786679452,13.730322,100.787446,0.4,-0.11,0.3,1.1,86.0,86.0,0.0,0.0,0.01,24.9,100,0,0,0
2026-08-14T10:50:53,1786679453,13.730322,100.787446,0.6,-0.11,0.3,1.1,86.0,86.0,0.0,0.0,0.01,24.9,100,POSCTL,0,0
2026-08-14T10:50:54,1786679454,13.730322,100.787446,0.5,-0.1,0.3,1.1,86.0,86.0,0.0,0.01,0.02,24.9,100,0,0,0
2026-08-14T10:50:55,1786679455,13.730322,100.787446,0.4,-0.11,0.2,1.1,86.0,86.0,0.0,0.01,0.03,24.9,100,0,0,0
2026-08-14T10:50:56,1786679456,13.730322,100.787446,0.4,-0.11,0.2,1.1,85.9,85.9,0.0,0.01,0.03,24.9,100,0,0,0
2026-08-14T10:50:57,1786679457,13.730322,100.787446,0.4,-0.12,0.2,1.1,85.9,85.9,0.0,0.0,0.04,24.9,100,0,0,0
2026-08-14T10:50:58,1786679458,13.730322,100.787446,0.5,-0.12,0.2,1.1,85.9,85.9,0.0,0.0,0.04,24.9,100,POSCTL,0,0
2026-08-14T10:50:59,1786679459,13.730322,100.787446,0.4,-0.13,0.2,1.1,85.9,85.9,0.0,0.0,0.03,24.9,100,0,0,0
2026-08-14T10:51:00,1786679460,13.730322,100.787446,0.4,-0.13,0.2,1.1,85.9,85.9,0.0,0.01,0.02,24.9,100,0,0,0
2026-08-14T10:51:01,1786679461,13.730322,100.787446,0.4,-0.13,0.2,1.2,85.8,85.8,0.0,0.01,0.02,24.9,100,0,0,0
2026-08-14T10:51:02,1786679462,13.730322,100.787446,0.4,-0.11,0.2,1.2,85.8,85.8,-0.01,0.0,0.01,24.9,100,0,0,0
2026-08-14T10:51:03,1786679463,13.730322,100.787446,0.5,-0.11,0.2,1.2,85.8,85.8,-0.01,0.0,0.01,24.9,100,0,0,0
2026-08-14T10:51:04,1786679464,13.730322,100.787446,0.5,-0.09,0.2,1.2,85.8,85.8,0.0,-0.01,0.0,24.9,100,0,0,0
2026-08-14T10:51:05,1786679465,13.730322,100.787446,0.5,-0.09,0.1,1.2,85.8,85.8,0.0,-0.01,0.0,24.9,100,0,0,0
2026-08-14T10:51:06,1786679466,13.730322,100.787446,0.5,-0.09,0.1,1.2,85.8,85.8,0.0,-0.01,0.0,24.9,100,0,0,0
2026-08-14T10:51:07,1786679467,13.730322,100.787446,0.5,-0.06,0.1,1.2,85.7,85.7,0.01,0.0,-0.01,24.9,100,0,0,0
2026-08-14T10:51:08,1786679468,13.730322,100.787446,0.5,-0.06,0.1,1.2,85.7,85.7,0.01,0.0,-0.01,24.9,100,0,0,0
2026-08-14T10:51:09,1786679469,13.730322,100.787446,0.5,-0.04,0.1,1.2,85.7,85.7,0.0,0.0,-0.02,24.9,100,0,0,0
2026-08-14T10:51:10,1786679470,13.730322,100.787446,0.5,-0.04,0.1,1.2,85.7,85.7,0.0,0.0,-0.02,24.9,100,POSCTL,0,0
2026-08-14T10:51:11,1786679471,13.730322,100.787446,0.5,-0.02,0.1,1.2,85.7,85.7,0.0,0.01,-0.02,24.9,100,0,0,0
2026-08-14T10:51:12,1786679472,13.730322,100.787446,0.6,-0.0,0.1,1.2,85.6,85.6,0.0,0.01,-0.03,24.9,100,0,0,0
2026-08-14T10:51:13,1786679473,13.730322,100.787446,0.6,-0.0,0.1,1.2,85.6,85.6,0.0,0.01,-0.03,24.9,100,0,0,0
2026-08-14T10:51:14,1786679474,13.730322,100.787446,0.5,-0.0,0.1,1.2,85.6,85.6,0.0,0.01,-0.03,24.9,100,0,0,0
2026-08-14T10:51:15,1786679475,13.730322,100.787446,0.5,-0.0,0.1,1.2,85.6,85.6,0.0,0.01,-0.03,24.9,100,0,0,0
2026-08-14T10:51:16,1786679476,13.730322,100.787446,0.5,-0.0,0.1,1.2,85.6,85.6,0.0,0.01,-0.03,24.9,100,0,0,0
2026-08-14T10:51:17,1786679477,13.730322,100.787446,0.5,-0.01,0.1,1.2,85.6,85.6,0.03,0.0,0.0,24.9,100,0,0,0
2026-08-14T10:51:18,1786679478,13.730322,100.787446,0.5,-0.01,0.1,1.3,85.5,85.5,0.03,0.0,0.0,24.9,100,0,0,0
2026-08-14T10:51:19,1786679479,13.730322,100.787446,0.5,-0.01,0.1,1.3,85.5,85.5,0.03,0.0,0.0,24.9,100,0,0,0
2026-08-14T10:51:20,1786679480,13.730322,100.787446,0.5,-0.01,0.2,1.3,85.5,85.5,0.03,0.0,0.0,24.9,100,0,0,0
2026-08-14T10:51:21,1786679481,13.730322,100.787446,0.5,-0.02,0.2,1.3,85.5,85.5,0.02,0.0,0.0,24.9,100,0,0,0
2026-08-14T10:51:22,1786679482,13.730322,100.787446,0.5,-0.02,0.2,1.3,85.4,85.4,0.02,0.0,0.0,24.9,100,POSCTL,0,0
2026-08-14T10:51:23,1786679483,13.730322,100.787446,0.6,-0.01,0.2,1.3,85.4,85.4,0.02,-0.01,0.0,24.9,100,0,0,0
2026-08-14T10:51:24,1786679484,13.730322,100.787446,0.6,-0.0,0.3,1.3,85.4,85.4,0.01,0.0,0.0,24.9,100,0,0,0
2026-08-14T10:51:25,1786679485,13.730322,100.787446,0.6,-0.0,0.3,1.3,85.4,85.4,0.01,0.0,0.0,24.9,100,0,0,0
2026-08-14T10:51:26,1786679486,13.730322,100.787446,0.5,-0.03,0.3,1.3,85.4,85.4,0.0,0.0,0.02,24.9,100,0,0,0
2026-08-14T10:51:27,1786679487,13.730322,100.787446,0.6,-0.03,0.3,1.3,85.4,85.4,0.0,0.0,0.02,24.9,100,POSCTL,0,0
2026-08-14T10:51:28,1786679488,13.730322,100.787446,0.5,-0.04,0.3,1.3,85.4,85.4,-0.01,0.0,0.03,24.9,100,0,0,0
2026-08-14T10:51:29,1786679489,13.730322,100.787446,0.5,-0.05,0.3,1.3,85.4,85.4,-0.03,-0.01,0.04,24.9,100,0,0,0
2026-08-14T10:51:30,1786679490,13.730322,100.787446,0.5,-0.05,0.3,1.3,85.3,85.3,-0.03,-0.01,0.04,24.9,100,0,0,0
2026-08-14T10:51:31,1786679491,13.730321,100.787446,0.5,-0.08,0.3,1.3,85.3,85.3,-0.04,0.0,0.05,24.9,100,0,0,0
2026-08-14T10:51:32,1786679492,13.730322,100.787446,0.5,-0.08,0.3,1.3,85.3,85.3,-0.04,0.0,0.05,24.9,100,POSCTL,0,0
2026-08-14T10:51:33,1786679493,13.730322,100.787446,0.5,-0.08,0.3,1.3,85.3,85.3,-0.04,0.0,0.05,24.9,100,0,0,0
2026-08-14T10:51:34,1786679494,13.730322,100.787446,0.5,-0.08,0.3,1.3,85.3,85.3,-0.04,0.0,0.05,24.9,100,0,0,0
2026-08-14T10:51:35,1786679495,13.730322,100.787446,0.5,-0.08,0.3,1.3,85.3,85.3,-0.04,0.0,0.05,24.9,100,0,0,0
2026-08-14T10:51:36,1786679496,13.730322,100.787446,0.5,-0.08,0.3,1.3,85.3,85.3,-0.04,0.0,0.05,24.9,100,0,0,0
2026-08-14T10:52:03,1786679523,13.730322,100.787446,0.3,0.08,0.7,-0.0,88.6,88.6,0.0,0.01,0.0,24.9,100,POSCTL,0,0
2026-08-14T10:52:04,1786679524,13.730322,100.787446,0.3,-0.01,0.6,0.1,88.6,88.6,-0.01,-0.02,0.0,24.9,100,POSCTL,0,0
2026-08-14T10:52:05,1786679525,13.730322,100.787446,0.3,-0.04,0.6,-0.0,88.7,88.7,0.01,0.0,0.01,24.9,100,POSCTL,0,0
2026-08-14T10:52:06,1786679526,13.730322,100.787446,0.3,-0.07,0.7,-0.0,88.7,88.7,0.0,0.03,0.01,24.9,100,0,0,0
2026-08-14T10:52:07,1786679527,13.730322,100.787446,0.3,-0.05,0.7,0.0,88.7,88.7,0.0,0.02,0.0,24.9,100,0,0,0
2026-08-14T10:52:08,1786679528,13.730322,100.787446,0.3,-0.04,0.7,0.1,88.7,88.7,-0.01,0.01,0.0,24.9,100,0,0,0
2026-08-14T10:52:09,1786679529,13.730322,100.787446,0.3,-0.02,0.7,0.2,88.7,88.7,0.0,-0.02,-0.01,24.9,100,0,0,0
2026-08-14T10:52:10,1786679530,13.730322,100.787446,0.3,-0.03,0.7,0.2,88.7,88.7,0.0,-0.01,0.0,24.9,100,0,0,0
2026-08-14T10:52:11,1786679531,13.730322,100.787446,0.3,-0.01,0.6,0.2,88.7,88.7,0.0,-0.01,-0.01,24.9,100,0,0,0
2026-08-14T10:52:12,1786679532,13.730322,100.787446,0.3,-0.01,0.6,0.2,88.7,88.7,0.0,-0.01,-0.01,24.9,100,0,0,0
2026-08-14T10:52:13,1786679533,13.730322,100.787446,0.3,0.02,0.7,0.2,88.7,88.7,-0.01,0.0,-0.02,24.9,100,0,0,0
2026-08-14T10:52:14,1786679534,13.730322,100.787446,0.4,0.04,0.6,0.2,88.6,88.6,-0.01,0.0,-0.02,24.9,100,0,0,0
2026-08-14T10:52:15,1786679535,13.730322,100.787446,0.4,0.03,0.6,0.2,88.6,88.6,0.0,0.0,-0.03,24.9,100,0,0,0
2026-08-14T10:52:16,1786679536,13.730322,100.787446,0.4,0.05,0.6,0.2,88.6,88.6,0.0,0.0,-0.04,24.9,100,0,0,0
2026-08-14T10:52:17,1786679537,13.730322,100.787446,0.4,0.06,0.6,0.2,88.6,88.6,0.0,0.0,-0.06,24.9,100,0,0,0
2026-08-14T10:52:18,1786679538,13.730322,100.787446,0.4,0.08,0.6,0.2,88.6,88.6,0.0,0.01,-0.06,24.9,100,0,0,0
2026-08-14T10:52:19,1786679539,13.730322,100.787446,0.4,0.09,0.6,0.2,88.6,88.6,0.0,0.01,-0.06,24.9,100,0,0,0
2026-08-14T10:52:20,1786679540,13.730322,100.787446,0.4,0.08,0.6,0.3,88.6,88.6,0.0,0.01,-0.06,24.9,100,0,0,0
2026-08-14T10:52:21,1786679541,13.730322,100.787446,0.4,0.07,0.6,0.3,88.6,88.6,0.0,0.0,-0.06,24.9,100,POSCTL,0,0
2026-08-14T10:52:22,1786679542,13.730322,100.787446,0.4,0.08,0.6,0.3,88.6,88.6,0.0,-0.01,-0.07,24.9,100,0,0,0
2026-08-14T10:52:23,1786679543,13.730322,100.787446,0.4,0.11,0.5,0.3,88.6,88.6,0.02,-0.02,-0.09,24.9,100,0,0,0
2026-08-14T10:52:24,1786679544,13.730322,100.787446,0.5,0.13,0.6,0.3,88.5,88.5,0.01,-0.03,-0.1,24.9,100,0,0,0
2026-08-14T10:52:25,1786679545,13.730322,100.787446,0.5,0.14,0.6,0.3,88.5,88.5,0.0,-0.03,-0.1,24.9,100,0,0,0
2026-08-14T10:52:26,1786679546,13.730322,100.787446,0.5,0.13,0.6,0.2,88.5,88.5,-0.01,-0.03,-0.09,24.9,100,0,0,0
2026-08-14T10:52:27,1786679547,13.730322,100.787446,0.5,0.14,0.5,0.2,88.4,88.4,-0.01,-0.02,-0.1,24.9,100,0,0,0
2026-08-14T10:52:28,1786679548,13.730322,100.787446,0.5,0.14,0.5,0.2,88.4,88.4,0.0,0.0,-0.1,24.9,100,0,0,0
2026-08-14T10:52:29,1786679549,13.730322,100.787446,0.5,0.15,0.5,0.2,88.4,88.4,0.0,0.0,-0.11,24.9,100,0,0,0
2026-08-14T10:52:30,1786679550,13.730322,100.787446,0.5,0.18,0.5,0.2,88.5,88.5,0.0,0.0,-0.11,24.9,100,0,0,0
2026-08-14T10:52:31,1786679551,13.730322,100.787446,0.5,0.18,0.5,0.2,88.5,88.5,0.01,0.0,-0.11,24.9,100,0,0,0
2026-08-14T10:52:32,1786679552,13.730322,100.787446,0.5,0.17,0.6,0.2,88.6,88.6,0.01,0.02,-0.12,24.9,100,0,0,0
2026-08-14T10:52:33,1786679553,13.730322,100.787446,0.5,0.18,0.6,0.2,88.6,88.6,0.01,0.01,-0.13,24.9,100,0,0,0
2026-08-14T10:52:34,1786679554,13.730322,100.787446,0.5,0.18,0.6,0.2,88.6,88.6,0.0,0.0,-0.15,24.9,100,0,0,0
2026-08-14T10:52:35,1786679555,13.730322,100.787446,0.5,0.19,0.6,0.2,88.6,88.6,0.02,0.0,-0.16,24.9,100,0,0,0
2026-08-14T10:52:36,1786679556,13.730322,100.787446,0.5,0.2,0.6,0.2,88.6,88.6,0.02,-0.01,-0.16,24.9,100,0,0,0
2026-08-14T10:52:37,1786679557,13.730322,100.787446,0.5,0.21,0.6,0.2,88.5,88.5,0.0,-0.01,-0.16,24.9,100,0,0,0
2026-08-14T10:52:38,1786679558,13.730322,100.787446,0.5,0.23,0.6,0.2,88.5,88.5,0.0,-0.02,-0.16,24.9,100,0,0,0
2026-08-14T10:52:39,1786679559,13.730322,100.787446,0.6,0.23,0.6,0.1,88.5,88.5,0.0,-0.02,-0.16,24.9,100,0,0,0
2026-08-14T10:52:40,1786679560,13.730322,100.787446,0.6,0.26,0.7,0.1,88.5,88.5,0.03,0.0,-0.17,24.9,100,0,0,0
2026-08-14T10:52:41,1786679561,13.730322,100.787446,0.6,0.27,0.7,0.1,88.5,88.5,0.03,0.0,-0.17,24.9,100,0,0,0
2026-08-14T10:52:42,1786679562,13.730322,100.787446,0.6,0.27,0.7,0.1,88.6,88.6,0.02,0.03,-0.16,24.9,100,0,0,0
2026-08-14T10:52:43,1786679563,13.730322,100.787446,0.6,0.27,0.8,0.1,88.7,88.7,0.01,0.02,-0.16,24.9,100,0,0,0
2026-08-14T10:52:44,1786679564,13.730322,100.787446,0.6,0.28,0.7,0.2,88.8,88.8,0.0,0.02,-0.15,24.9,100,0,0,0
2026-08-14T10:52:45,1786679565,13.730322,100.787446,0.6,0.27,0.8,0.2,88.8,88.8,0.01,0.01,-0.15,24.9,100,0,0,0
2026-08-14T10:52:46,1786679566,13.730322,100.787446,0.6,0.27,0.8,0.2,88.8,88.8,0.02,0.0,-0.15,24.9,100,0,0,0
2026-08-14T10:52:47,1786679567,13.730322,100.787446,0.6,0.27,0.9,0.2,88.7,88.7,0.03,0.0,-0.16,24.9,100,0,0,0
2026-08-14T10:52:48,1786679568,13.730322,100.787446,0.6,0.29,0.9,0.2,88.7,88.7,0.01,0.0,-0.17,24.9,100,0,0,0
2026-08-14T10:52:49,1786679569,13.730322,100.787446,0.6,0.3,0.9,0.2,88.7,88.7,0.0,0.0,-0.17,24.9,100,0,0,0
2026-08-14T10:52:50,1786679570,13.730322,100.787446,0.6,0.29,0.9,0.3,88.7,88.7,-0.01,0.01,-0.17,24.9,100,0,0,0
2026-08-14T10:52:51,1786679571,13.730322,100.787446,0.6,0.29,0.9,0.3,88.7,88.7,-0.01,0.0,-0.17,24.9,100,0,0,0
2026-08-14T10:52:52,1786679572,13.730322,100.787446,0.3,0.29,0.9,0.3,88.7,88.7,-0.01,0.0,-0.17,24.9,100,0,0,0
2026-08-14T10:52:53,1786679573,13.730322,100.787446,0.3,0.29,0.9,0.3,88.7,88.7,-0.01,0.0,-0.17,24.9,100,0,0,0
2026-08-14T10:52:54,1786679574,13.730322,100.787446,0.3,0.29,0.9,0.3,88.7,88.7,-0.01,0.0,-0.17,24.9,100,0,0,0
2026-08-14T10:52:55,1786679575,13.730322,100.787446,0.3,0.29,0.9,0.3,88.7,88.7,-0.01,0.0,-0.17,24.9,100,0,0,0
2026-08-14T10:52:56,1786679576,13.730322,100.787446,0.6,0.32,0.9,0.3,88.7,88.7,0.0,-0.02,-0.16,24.9,100,0,0,0
2026-08-14T10:52:57,1786679577,13.730322,100.787446,0.6,0.3,0.9,0.3,88.7,88.7,0.0,0.0,-0.14,24.9,100,0,0,0
2026-08-14T10:52:58,1786679578,13.730322,100.787446,0.6,0.29,0.9,0.3,88.7,88.7,-0.01,0.01,-0.13,24.9,100,0,0,0
2026-08-14T10:52:59,1786679579,13.730322,100.787446,0.6,0.29,0.9,0.3,88.7,88.7,-0.03,0.0,-0.12,24.9,100,0,0,0
2026-08-14T10:53:00,1786679580,13.730322,100.787446,0.6,0.29,0.9,0.3,88.6,88.6,-0.04,-0.01,-0.12,24.9,100,0,0,0
2026-08-14T10:53:01,1786679581,13.730322,100.787446,0.6,0.28,0.8,0.3,88.7,88.7,-0.05,-0.01,-0.11,24.9,100,0,0,0
2026-08-14T10:53:02,1786679582,13.730322,100.787446,0.6,0.26,0.8,0.3,88.7,88.7,-0.02,-0.02,-0.11,24.9,100,0,0,0
2026-08-14T10:53:03,1786679583,13.730322,100.787446,0.6,0.25,0.7,0.3,88.7,88.7,0.0,-0.01,-0.1,24.9,100,0,0,0
2026-08-14T10:53:04,1786679584,13.730322,100.787446,0.6,0.24,0.7,0.3,88.7,88.7,0.0,0.0,-0.1,24.9,100,0,0,0
2026-08-14T10:53:05,1786679585,13.730322,100.787446,0.2,0.24,0.7,0.3,88.7,88.7,0.0,0.0,-0.1,24.9,100,0,0,0
2026-08-14T10:53:06,1786679586,13.730322,100.787446,0.6,0.23,0.7,0.3,88.7,88.7,0.0,0.02,-0.1,24.9,100,0,0,0
2026-08-14T10:53:07,1786679587,13.730322,100.787446,0.6,0.23,0.7,0.3,88.7,88.7,0.0,0.02,-0.1,24.9,100,0,0,0
2026-08-14T10:53:08,1786679588,13.730322,100.787446,0.5,0.21,0.7,0.3,88.6,88.6,0.0,0.01,-0.1,24.9,100,0,0,0
2026-08-14T10:53:09,1786679589,13.730322,100.787446,0.5,0.21,0.7,0.3,88.6,88.6,0.0,0.01,-0.1,24.9,100,0,0,0
2026-08-14T10:53:10,1786679590,13.730322,100.787446,0.5,0.2,0.8,0.4,88.6,88.6,0.0,0.0,-0.1,24.9,100,0,0,0
2026-08-14T10:53:11,1786679591,13.730322,100.787446,0.3,0.2,0.7,0.4,88.6,88.6,0.0,0.0,-0.1,24.9,100,0,0,0
2026-08-14T10:53:12,1786679592,13.730322,100.787446,0.5,0.19,0.7,0.4,88.6,88.6,0.0,-0.01,-0.1,24.9,100,0,0,0
2026-08-14T10:53:13,1786679593,13.730322,100.787446,0.5,0.2,0.7,0.4,88.6,88.6,0.01,-0.01,-0.12,24.9,100,0,0,0
2026-08-14T10:53:14,1786679594,13.730322,100.787446,0.5,0.2,0.8,0.4,88.7,88.7,0.01,-0.01,-0.12,24.9,100,0,0,0
2026-08-14T10:53:15,1786679595,13.730322,100.787446,0.5,0.2,0.8,0.4,88.7,88.7,0.01,-0.01,-0.12,24.9,100,0,0,0
2026-08-14T10:53:16,1786679596,13.730322,100.787446,0.5,0.22,0.8,0.4,88.7,88.7,0.0,0.0,-0.14,24.9,100,0,0,0
2026-08-14T10:53:17,1786679597,13.730322,100.787446,0.5,0.22,0.8,0.4,88.7,88.7,0.0,0.0,-0.14,24.9,100,0,0,0
2026-08-14T10:53:18,1786679598,13.730322,100.787446,0.6,0.01,0.8,0.4,88.7,88.7,0.0,0.0,-0.15,24.9,100,0,0,0
2026-08-14T10:53:19,1786679599,13.730322,100.787446,0.6,0.02,0.8,0.4,88.7,88.7,-0.02,0.0,-0.15,24.9,100,0,0,0
2026-08-14T10:53:20,1786679600,13.730322,100.787446,0.6,0.02,0.8,0.4,88.7,88.7,-0.02,0.0,-0.15,24.89,100,AUTO.TAKEOFF,1,0
2026-08-14T10:53:21,1786679601,13.730322,100.787446,0.6,0.0,0.8,0.4,88.7,88.7,-0.02,0.0,-0.14,24.89,100,0,0,0
2026-08-14T10:53:22,1786679602,13.730322,100.787446,0.3,0.0,0.7,0.4,88.7,88.7,-0.02,0.0,-0.14,24.89,100,0,0,1
2026-08-14T10:53:23,1786679603,13.730322,100.787446,0.6,0.01,-0.7,-0.1,88.5,88.5,0.02,0.0,-0.25,24.89,100,0,0,1
2026-08-14T10:53:24,1786679604,13.730322,100.787446,1.4,0.8,-0.7,-0.1,88.5,88.5,-0.01,0.0,-1.4,24.89,100,0,0,1
2026-08-14T10:53:25,1786679605,13.730322,100.787446,2.2,0.8,-0.7,-0.1,88.5,88.5,-0.01,0.0,-1.4,24.89,100,0,0,1
2026-08-14T10:53:26,1786679606,13.730322,100.787446,2.9,2.36,0.5,0.3,88.3,88.3,-0.04,-0.01,-1.58,24.89,100,0,0,1
2026-08-14T10:53:27,1786679607,13.730322,100.787446,3.9,3.36,0.8,0.4,88.5,88.5,-0.01,-0.01,-1.23,24.88,100,0,0,1
2026-08-14T10:53:28,1786679608,13.730322,100.787446,3.9,3.36,0.7,0.6,88.5,88.5,-0.01,-0.01,-1.23,24.88,100,AUTO.LOITER,1,1
2026-08-14T10:53:29,1786679609,13.730322,100.787446,5.0,4.46,0.7,0.6,88.4,88.4,-0.01,-0.03,-1.18,24.88,100,0,0,1
2026-08-14T10:53:30,1786679610,13.730322,100.787446,6.1,5.51,0.8,0.1,88.4,88.4,-0.01,-0.03,-1.15,24.88,100,AUTO.LOITER,1,1
2026-08-14T10:53:31,1786679611,13.730322,100.787446,6.1,5.51,0.2,0.1,88.4,88.4,-0.01,-0.03,-1.15,24.87,100,0,0,1
2026-08-14T10:53:32,1786679612,13.730322,100.787446,7.1,6.54,0.2,0.1,88.4,88.4,0.02,0.0,-1.12,24.87,100,0,0,1
2026-08-14T10:53:33,1786679613,13.730322,100.787447,7.6,6.54,0.2,0.1,88.4,88.4,0.02,0.0,-1.12,24.87,100,0,0,1
2026-08-14T10:53:34,1786679614,13.730322,100.787446,8.1,7.56,0.6,0.4,88.4,88.4,0.0,-0.04,-1.11,24.87,100,0,0,1
2026-08-14T10:53:35,1786679615,13.730322,100.787446,8.7,7.56,0.6,0.2,88.4,88.4,0.0,-0.04,-1.11,24.87,100,0,0,1
2026-08-14T10:53:36,1786679616,13.730322,100.787446,8.7,7.56,0.5,-0.1,88.4,88.4,0.0,-0.04,-1.11,24.86,100,AUTO.LOITER,1,1
2026-08-14T10:53:37,1786679617,13.730322,100.787446,10.2,9.6,0.7,0.2,88.5,88.5,0.02,0.02,-1.07,24.86,100,0,0,1
2026-08-14T10:53:38,1786679618,13.730322,100.787446,10.8,9.6,0.6,0.5,88.6,88.6,0.02,0.02,-1.07,24.86,100,AUTO.LOITER,1,1
2026-08-14T10:53:39,1786679619,13.730322,100.787446,11.2,10.61,0.7,0.3,88.4,88.4,0.03,0.0,-1.06,24.86,100,0,0,1
2026-08-14T10:53:40,1786679620,13.730322,100.787446,12.2,11.62,1.1,0.1,88.3,88.3,0.01,0.02,-1.04,24.86,100,0,0,1
2026-08-14T10:53:41,1786679621,13.730322,100.787446,12.2,11.62,0.7,0.7,88.5,88.5,0.01,0.02,-1.04,24.86,100,AUTO.LOITER,1,1
2026-08-14T10:53:42,1786679622,13.730322,100.787446,13.2,12.64,0.7,0.7,88.5,88.5,0.0,0.0,-1.02,24.86,100,0,0,1
2026-08-14T10:53:43,1786679623,13.730322,100.787446,13.8,12.64,0.9,0.4,88.5,88.5,0.0,0.0,-1.02,24.85,100,AUTO.LOITER,1,1
2026-08-14T10:53:44,1786679624,13.730322,100.787446,14.2,13.62,0.7,0.0,88.4,88.4,0.0,0.0,-1.03,24.85,100,0,0,1
2026-08-14T10:53:45,1786679625,13.730322,100.787446,15.2,14.63,0.6,0.2,88.4,88.4,0.01,0.03,-1.02,24.85,100,AUTO.LOITER,1,1
2026-08-14T10:53:46,1786679626,13.730322,100.787446,15.2,14.63,1.0,0.3,88.4,88.4,0.01,0.03,-1.02,24.85,100,0,0,1
2026-08-14T10:53:47,1786679627,13.730322,100.787446,16.2,15.61,0.8,0.6,88.5,88.5,0.0,0.01,-1.03,24.85,100,0,0,1
2026-08-14T10:53:48,1786679628,13.730322,100.787446,16.7,15.61,0.8,0.2,88.5,88.5,0.0,0.01,-1.03,24.84,100,AUTO.LOITER,1,1
2026-08-14T10:53:49,1786679629,13.730322,100.787446,17.0,16.43,1.0,0.0,88.4,88.4,0.0,0.02,-0.65,24.84,100,0,0,1
2026-08-14T10:53:50,1786679630,13.730322,100.787446,17.7,17.16,1.0,0.3,88.4,88.4,-0.04,0.04,-1.16,24.84,100,0,0,1
2026-08-14T10:53:51,1786679631,13.730322,100.787446,17.7,17.16,1.0,0.6,88.4,88.4,-0.04,0.04,-1.16,24.84,100,AUTO.LOITER,1,1
2026-08-14T10:53:52,1786679632,13.730322,100.787446,18.7,18.11,0.9,0.4,88.4,88.4,-0.02,0.0,-0.81,24.84,100,0,0,1
2026-08-14T10:53:53,1786679633,13.730322,100.787446,18.7,18.11,-0.0,-8.9,87.9,87.9,-0.02,0.0,-0.81,24.84,100,AUTO.LOITER,1,1
2026-08-14T10:53:54,1786679634,13.730322,100.787449,19.3,18.7,-0.6,-20.5,93.8,93.8,0.06,1.2,-0.51,24.84,100,AUTO.LOITER,1,1
2026-08-14T10:53:55,1786679635,13.730325,100.787477,19.4,18.86,-7.0,-15.7,94.5,94.5,0.6,4.25,-0.09,24.83,100,0,0,1
2026-08-14T10:53:56,1786679636,13.730325,100.787477,19.4,18.86,9.0,-13.7,79.7,79.7,0.6,4.25,-0.09,24.83,100,0,0,1
2026-08-14T10:53:57,1786679637,13.730325,100.787477,19.4,18.86,9.0,-13.7,79.7,79.7,0.6,4.25,-0.09,24.83,100,0,0,1
2026-08-14T10:53:58,1786679638,13.73033,100.787554,19.3,18.86,-3.4,-3.1,88.5,88.5,0.6,4.25,-0.09,24.83,100,AUTO.LOITER,1,1
2026-08-14T10:53:59,1786679639,13.730329,100.787568,19.5,18.91,-0.9,-1.8,89.1,89.1,0.16,5.05,-0.07,24.83,100,0,0,1
2026-08-14T10:54:00,1786679640,13.730332,100.787615,19.5,18.92,1.0,-1.6,87.6,87.6,0.3,5.04,-0.09,24.83,100,0,0,1
2026-08-14T10:54:01,1786679641,13.730332,100.787615,19.5,18.92,-0.2,-1.9,85.1,85.1,0.3,5.04,-0.09,24.82,100,AUTO.LOITER,1,1
2026-08-14T10:54:02,1786679642,13.730334,100.787661,19.5,18.93,0.3,-1.5,85.6,85.6,0.4,5.03,-0.11,24.82,100,0,0,1
2026-08-14T10:54:03,1786679643,13.730335,100.787694,19.3,18.93,0.6,-1.2,86.5,86.5,0.4,5.03,-0.11,24.82,99,AUTO.LOITER,1,1
2026-08-14T10:54:04,1786679644,13.730337,100.787707,19.5,18.94,0.4,-1.5,86.9,86.9,0.41,4.97,-0.12,24.82,99,0,0,1
2026-08-14T10:54:05,1786679645,13.73034,100.787754,19.5,18.96,0.9,-1.4,86.4,86.4,0.42,4.97,-0.12,24.82,99,0,0,1
2026-08-14T10:54:06,1786679646,13.73034,100.787754,19.5,18.96,0.9,-1.1,86.2,86.2,0.42,4.97,-0.12,24.82,99,AUTO.LOITER,1,1
2026-08-14T10:54:07,1786679647,13.730343,100.7878,19.5,18.98,1.1,-1.5,86.2,86.2,0.37,4.92,-0.12,24.82,99,0,0,1
2026-08-14T10:54:08,1786679648,13.730346,100.787846,19.5,18.98,1.2,-1.6,86.4,86.4,0.33,4.95,-0.14,24.81,99,AUTO.LOITER,1,1
2026-08-14T10:54:09,1786679649,13.730346,100.787846,19.5,18.98,0.9,-1.3,86.5,86.5,0.33,4.95,-0.14,24.81,99,0,0,1
2026-08-14T10:54:10,1786679650,13.730346,100.787846,19.5,18.98,0.9,-1.4,86.5,86.5,0.33,4.95,-0.14,24.81,99,0,0,1
2026-08-14T10:54:11,1786679651,13.730351,100.787926,19.3,18.98,0.9,-1.4,86.5,86.5,0.33,4.95,-0.14,24.81,99,AUTO.LOITER,1,1
2026-08-14T10:54:12,1786679652,13.730352,100.787939,19.6,19.02,1.2,-1.4,86.4,86.4,0.32,4.92,-0.14,24.81,99,0,0,1
2026-08-14T10:54:13,1786679653,13.730354,100.787984,19.6,19.05,1.3,-1.8,86.4,86.4,0.29,4.95,-0.14,24.8,99,0,0,1
2026-08-14T10:54:14,1786679654,13.730354,100.787984,19.6,19.05,0.9,-1.8,86.5,86.5,0.29,4.95,-0.14,24.8,99,AUTO.LOITER,1,1
2026-08-14T10:54:15,1786679655,13.730357,100.788031,19.6,19.07,1.2,-1.4,86.5,86.5,0.31,4.99,-0.13,24.8,99,0,0,1
2026-08-14T10:54:16,1786679656,13.730359,100.788064,19.3,19.07,1.0,-1.3,86.5,86.5,0.31,4.99,-0.13,24.8,99,AUTO.LOITER,1,1
2026-08-14T10:54:17,1786679657,13.73036,100.788077,19.6,19.08,0.5,-1.7,86.4,86.4,0.29,4.97,-0.15,24.8,99,0,0,1
2026-08-14T10:54:18,1786679658,13.730363,100.788123,19.6,19.08,1.6,-1.7,86.4,86.4,0.32,5.01,-0.17,24.8,99,0,0,1
2026-08-14T10:54:19,1786679659,13.730365,100.788156,19.4,19.08,1.2,-1.4,86.5,86.5,0.32,5.01,-0.17,24.79,99,AUTO.LOITER,1,1
2026-08-14T10:54:20,1786679660,13.730366,100.788169,19.7,19.11,1.1,-1.1,86.5,86.5,0.28,5.01,-0.16,24.79,99,0,0,1
2026-08-14T10:54:21,1786679661,13.730369,100.788215,19.7,19.13,1.2,-1.5,86.5,86.5,0.26,4.97,-0.16,24.79,99,0,0,1
2026-08-14T10:54:22,1786679662,13.730369,100.788215,19.7,19.13,1.1,-1.8,86.5,86.5,0.26,4.97,-0.16,24.79,99,AUTO.LOITER,1,1
2026-08-14T10:54:23,1786679663,13.730371,100.788262,19.7,19.14,1.0,-1.2,86.5,86.5,0.26,5.02,-0.18,24.79,99,0,0,1
2026-08-14T10:54:24,1786679664,13.730373,100.788295,19.4,19.14,1.0,-1.2,86.5,86.5,0.26,5.02,-0.18,24.78,99,0,0,1
2026-08-14T10:54:25,1786679665,13.730374,100.788308,19.7,19.15,1.0,-1.2,86.5,86.5,0.26,4.96,-0.19,24.78,99,0,0,1
2026-08-14T10:54:26,1786679666,13.730377,100.788354,19.8,19.19,1.0,-1.4,86.5,86.5,0.29,4.97,-0.17,24.78,98,0,0,1
2026-08-14T10:54:27,1786679667,13.730379,100.788388,19.5,19.19,1.3,-1.7,86.5,86.5,0.29,4.97,-0.17,24.78,98,AUTO.LOITER,1,1
2026-08-14T10:54:28,1786679668,13.73038,100.7884,19.8,19.21,1.5,-1.7,86.5,86.5,0.27,4.98,-0.16,24.78,98,0,0,1
2026-08-14T10:54:29,1786679669,13.730382,100.788447,19.8,19.24,0.8,-1.1,86.6,86.6,0.26,4.97,-0.16,24.78,98,0,0,1
2026-08-14T10:54:30,1786679670,13.730382,100.788447,19.8,19.24,0.8,-1.8,86.5,86.5,0.26,4.97,-0.16,24.77,98,AUTO.LOITER,1,1
2026-08-14T10:54:31,1786679671,13.730385,100.788493,19.8,19.25,1.1,-1.7,86.4,86.4,0.3,4.98,-0.17,24.77,98,0,0,1
2026-08-14T10:54:32,1786679672,13.730387,100.788526,19.6,19.25,1.1,-1.7,86.4,86.4,0.3,4.98,-0.17,24.77,98,0,0,1
2026-08-14T10:54:33,1786679673,13.730387,100.788526,19.6,19.25,1.1,-1.7,86.4,86.4,0.3,4.98,-0.17,24.77,98,0,0,1
2026-08-14T10:54:34,1786679674,13.73039,100.788585,19.9,19.3,0.7,-1.4,86.5,86.5,0.29,5.01,-0.17,24.77,98,0,0,1
2026-08-14T10:54:35,1786679675,13.73039,100.788585,19.9,19.3,0.8,1.7,86.5,86.5,0.29,5.01,-0.17,24.77,98,AUTO.LOITER,1,1
2026-08-14T10:54:36,1786679676,13.730393,100.78863,19.9,19.34,0.6,12.2,86.5,86.5,0.27,4.44,-0.18,24.77,98,0,0,1
2026-08-14T10:54:37,1786679677,13.730395,100.78866,19.9,19.35,0.7,8.0,86.6,86.6,0.17,2.58,-0.13,24.76,98,AUTO.LOITER,1,1
2026-08-14T10:54:38,1786679678,13.730395,100.78866,19.9,19.35,0.4,6.0,86.3,86.3,0.17,2.58,-0.13,24.76,98,AUTO.LOITER,1,1
2026-08-14T10:54:39,1786679679,13.730396,100.788679,19.9,19.37,-11.1,9.0,83.6,83.6,0.23,1.33,-0.16,24.76,98,0,0,1
2026-08-14T10:54:40,1786679680,13.730396,100.788679,19.9,19.37,-13.1,6.8,77.8,77.8,0.23,1.33,-0.16,24.76,98,AUTO.LOITER,1,1
2026-08-14T10:54:41,1786679681,13.730408,100.788683,20.0,19.41,-12.0,-12.9,67.7,67.7,2.48,-0.02,-0.16,24.76,98,0,0,1
2026-08-14T10:54:42,1786679682,13.730408,100.788683,20.0,19.41,-7.5,-15.4,48.7,48.7,2.48,-0.02,-0.16,24.75,98,AUTO.LOITER,1,1
2026-08-14T10:54:43,1786679683,13.730444,100.78869,20.0,19.38,2.5,-2.6,30.5,30.5,5.01,1.19,-0.04,24.75,98,0,0,1
2026-08-14T10:54:44,1786679684,13.730487,100.788701,19.9,19.38,-0.4,1.6,17.8,17.8,4.69,1.11,-0.1,24.75,98,AUTO.LOITER,1,1
2026-08-14T10:54:45,1786679685,13.730487,100.788701,19.9,19.38,0.5,-2.4,7.7,7.7,4.69,1.11,-0.1,24.75,97,AUTO.LOITER,1,1
2026-08-14T10:54:46,1786679686,13.730531,100.788712,19.9,19.38,-0.4,-0.2,10.4,10.4,4.95,1.1,-0.1,24.75,97,0,0,1
2026-08-14T10:54:47,1786679687,13.730561,100.78872,19.7,19.38,-1.0,-0.4,14.3,14.3,4.95,1.1,-0.1,24.75,97,AUTO.LOITER,1,1
2026-08-14T10:54:48,1786679688,13.730575,100.788723,19.9,19.38,-0.1,-1.6,15.8,15.8,4.8,0.96,-0.11,24.75,97,0,0,1
2026-08-14T10:54:49,1786679689,13.730618,100.788733,19.9,19.38,0.7,-2.0,14.7,14.7,4.84,1.03,-0.11,24.74,97,0,0,1
2026-08-14T10:54:50,1786679690,13.730618,100.788733,19.9,19.38,0.6,8.9,11.9,11.9,4.84,1.03,-0.11,24.74,97,AUTO.LOITER,1,1
2026-08-14T10:54:51,1786679691,13.73066,100.788743,20.0,19.41,0.1,10.8,11.9,11.9,3.75,0.84,-0.09,24.74,97,0,0,1
2026-08-14T10:54:52,1786679692,13.730678,100.788748,19.8,19.41,0.1,10.8,11.9,11.9,3.75,0.84,-0.09,24.74,97,AUTO.LOITER,1,1
2026-08-14T10:54:53,1786679693,13.730678,100.788748,19.8,19.41,0.1,10.8,11.9,11.9,3.75,0.84,-0.09,24.74,97,0,0,1
2026-08-14T10:54:54,1786679694,13.730699,100.78875,20.0,19.4,0.1,10.8,11.9,11.9,0.87,-0.8,-0.08,24.73,97,0,0,1
2026-08-14T10:54:55,1786679695,13.730699,100.78875,20.0,19.4,-10.9,1.0,-0.7,359.3,0.87,-0.8,-0.08,24.73,97,0,0,1
2026-08-14T10:54:56,1786679696,13.730701,100.78873,19.8,19.23,-15.9,-11.3,-15.3,344.7,0.24,-3.29,0.09,24.73,97,0,0,1
2026-08-14T10:54:57,1786679697,13.730706,100.788702,19.2,19.23,-6.0,-7.9,-35.5,324.5,0.24,-3.29,0.09,24.73,97,AUTO.LOITER,1,1
2026-08-14T10:54:58,1786679698,13.730709,100.788687,19.4,18.84,0.9,2.7,-50.6,309.4,0.93,-5.12,0.29,24.73,97,0,0,1
2026-08-14T10:54:59,1786679699,13.730716,100.788644,19.0,18.48,0.5,-4.7,-70.6,289.4,0.72,-4.95,0.29,24.73,97,0,0,1
2026-08-14T10:55:00,1786679700,13.730716,100.788644,19.0,18.48,1.2,-1.3,-79.7,280.3,0.72,-4.95,0.29,24.72,97,AUTO.LOITER,1,1
2026-08-14T10:55:01,1786679701,13.730723,100.788597,18.7,18.08,0.3,-1.2,-85.1,274.9,0.85,-4.98,0.3,24.72,97,0,0,1
2026-08-14T10:55:02,1786679702,13.730731,100.788551,18.3,17.69,0.5,-1.7,-84.5,275.5,0.79,-4.91,0.31,24.72,97,AUTO.LOITER,1,1
2026-08-14T10:55:03,1786679703,13.730731,100.788551,18.3,17.69,0.5,-1.3,-80.5,279.5,0.79,-4.91,0.31,24.72,97,0,0,1
2026-08-14T10:55:04,1786679704,13.730739,100.788505,17.8,17.28,0.2,-1.4,-77.6,282.4,0.75,-4.83,0.3,24.72,97,0,0,1
2026-08-14T10:55:05,1786679705,13.730744,100.788472,17.3,17.28,0.6,-1.7,-79.4,280.6,0.75,-4.83,0.3,24.71,96,AUTO.LOITER,1,1
2026-08-14T10:55:06,1786679706,13.730746,100.78846,17.5,16.89,0.9,-2.0,-81.0,279.0,0.76,-4.81,0.3,24.71,96,0,0,1
2026-08-14T10:55:07,1786679707,13.730754,100.788415,17.1,16.49,0.9,-2.6,-81.3,278.7,0.82,-4.87,0.3,24.71,96,AUTO.LOITER,1,1
2026-08-14T10:55:08,1786679708,13.730754,100.788415,17.1,16.49,0.7,-2.1,-80.0,280.0,0.82,-4.87,0.3,24.71,96,AUTO.LOITER,1,1
2026-08-14T10:55:09,1786679709,13.730761,100.788369,16.7,16.08,0.5,-2.3,-79.7,280.3,0.83,-4.89,0.3,24.71,96,0,0,1
2026-08-14T10:55:10,1786679710,13.730766,100.788336,16.2,16.08,0.6,-2.6,-80.0,280.0,0.83,-4.89,0.3,24.71,96,AUTO.LOITER,1,1
2026-08-14T10:55:11,1786679711,13.730768,100.788324,16.2,15.68,0.9,-2.3,-80.4,279.6,0.83,-4.95,0.29,24.71,96,0,0,1
2026-08-14T10:55:12,1786679712,13.730776,100.788278,15.9,15.29,0.8,-2.1,-80.5,279.5,0.85,-4.95,0.3,24.7,96,0,0,1
2026-08-14T10:55:13,1786679713,13.730776,100.788278,15.9,15.29,0.9,-2.5,-80.3,279.7,0.85,-4.95,0.3,24.7,96,AUTO.LOITER,1,1
2026-08-14T10:55:14,1786679714,13.730783,100.788233,15.4,14.88,0.7,-2.7,-80.2,279.8,0.86,-4.95,0.29,24.7,96,0,0,1
2026-08-14T10:55:15,1786679715,13.730791,100.788187,15.0,14.47,0.5,-2.4,-80.2,279.8,0.84,-4.98,0.28,24.7,96,AUTO.LOITER,1,1
2026-08-14T10:55:16,1786679716,13.730791,100.788187,15.0,14.47,0.5,-2.3,-80.3,279.7,0.84,-4.98,0.28,24.7,96,0,0,1
2026-08-14T10:55:17,1786679717,13.730799,100.788141,14.6,14.07,1.1,-2.5,-80.4,279.6,0.83,-5.0,0.28,24.7,96,0,0,1
2026-08-14T10:55:18,1786679718,13.730804,100.78811,14.2,14.07,0.8,-2.3,-80.4,279.6,0.83,-5.0,0.28,24.69,96,AUTO.LOITER,1,1
2026-08-14T10:55:19,1786679719,13.730806,100.788096,14.2,13.67,0.8,-2.2,-80.3,279.7,0.87,-4.99,0.28,24.69,96,0,0,1
2026-08-14T10:55:20,1786679720,13.730814,100.78805,13.8,13.28,0.7,-2.4,-80.3,279.7,0.87,-4.98,0.29,24.69,96,0,0,1
2026-08-14T10:55:21,1786679721,13.730814,100.78805,13.8,13.28,0.8,-2.3,-80.3,279.7,0.87,-4.98,0.29,24.69,96,AUTO.LOITER,1,1
2026-08-14T10:55:22,1786679722,13.730821,100.788005,13.5,12.89,0.6,-2.2,-80.3,279.7,0.87,-4.99,0.3,24.69,96,0,0,1
2026-08-14T10:55:23,1786679723,13.730827,100.787974,13.0,12.89,0.3,1.8,-80.3,279.7,0.87,-4.99,0.3,24.68,96,AUTO.LOITER,1,1
2026-08-14T10:55:24,1786679724,13.730829,100.78796,13.1,12.5,0.9,10.8,-80.4,279.6,0.74,-4.36,0.25,24.68,96,0,0,1
2026-08-14T10:55:25,1786679725,13.730834,100.787931,12.8,12.21,0.4,5.5,-80.9,279.1,0.45,-2.57,0.13,24.68,95,0,0,1
2026-08-14T10:55:26,1786679726,13.730834,100.787931,12.8,12.21,6.3,17.9,-79.6,280.4,0.45,-2.57,0.13,24.68,95,AUTO.LOITER,1,1
2026-08-14T10:55:27,1786679727,13.730839,100.787918,12.7,12.09,6.7,17.6,-74.6,285.4,0.65,0.02,0.0,24.68,95,0,0,1
2026-08-14T10:55:28,1786679728,13.730846,100.787933,12.6,12.05,6.7,17.6,-74.6,285.4,1.17,2.93,-0.07,24.68,95,0,0,1
2026-08-14T10:55:29,1786679729,13.730846,100.787933,12.6,12.05,13.3,1.5,-29.5,330.5,1.17,2.93,-0.07,24.68,95,AUTO.LOITER,1,1
2026-08-14T10:55:30,1786679730,13.730862,100.787971,12.6,11.99,-1.2,0.1,-16.3,343.7,2.07,4.86,-0.02,24.68,95,0,0,1
2026-08-14T10:55:31,1786679731,13.730874,100.787999,12.3,11.99,3.8,0.2,-4.9,355.1,2.07,4.86,-0.02,24.67,95,AUTO.LOITER,1,1
2026-08-14T10:55:32,1786679732,13.730879,100.788013,12.5,11.95,3.6,-2.1,5.8,5.8,1.87,4.67,-0.05,24.67,95,0,0,1
2026-08-14T10:55:33,1786679733,13.730896,100.788055,12.5,11.9,1.5,-2.5,17.5,17.5,1.94,4.51,-0.11,24.67,95,0,0,1
2026-08-14T10:55:34,1786679734,13.730896,100.788055,12.5,11.9,-2.6,9.1,43.4,43.4,1.94,4.51,-0.11,24.66,95,AUTO.LOITER,1,1
2026-08-14T10:55:35,1786679735,13.73091,100.788086,12.4,11.88,0.6,6.0,56.6,56.6,1.14,2.61,-0.09,24.66,95,0,0,1
2026-08-14T10:55:36,1786679736,13.730915,100.788101,12.1,11.88,0.4,6.1,68.0,68.0,1.14,2.61,-0.09,24.66,95,AUTO.LOITER,1,1
2026-08-14T10:55:37,1786679737,13.730917,100.788106,12.4,11.85,-1.4,-3.3,74.6,74.6,0.64,1.57,-0.15,24.66,95,0,0,1
2026-08-14T10:55:38,1786679738,13.730923,100.788124,12.4,11.88,-0.2,2.7,74.8,74.8,0.67,1.32,-0.14,24.66,95,0,0,1
2026-08-14T10:55:39,1786679739,13.730923,100.788124,12.4,11.88,1.1,3.1,66.4,66.4,0.67,1.32,-0.14,24.66,95,AUTO.LOITER,1,1
2026-08-14T10:55:40,1786679740,13.730926,100.788132,12.4,11.87,-3.4,9.2,65.5,65.5,0.29,0.3,-0.05,24.66,95,0,0,1
2026-08-14T10:55:41,1786679741,13.730927,100.788133,11.5,11.87,2.5,0.3,67.4,67.4,0.29,0.3,-0.05,24.65,95,AUTO.LOITER,1,1
2026-08-14T10:55:42,1786679742,13.730927,100.788132,11.3,10.77,0.1,0.2,69.5,69.5,0.02,-0.23,1.24,24.65,95,0,0,1
2026-08-14T10:55:43,1786679743,13.730927,100.788132,10.2,10.77,0.1,-0.9,70.2,70.2,0.02,-0.23,1.24,24.65,95,AUTO.LOITER,1,1
2026-08-14T10:55:44,1786679744,13.730927,100.788132,10.3,9.7,-0.3,0.6,69.8,69.8,0.04,-0.11,0.83,24.65,95,0,0,1
2026-08-14T10:55:45,1786679745,13.730927,100.788131,9.8,9.2,0.3,-0.7,68.9,68.9,0.04,-0.07,0.25,24.65,95,0,0,1
2026-08-14T10:55:46,1786679746,13.730927,100.788131,9.8,9.2,-0.0,-0.6,68.7,68.7,0.04,-0.07,0.25,24.64,94,AUTO.LAND,1,1
2026-08-14T10:55:47,1786679747,13.730927,100.78813,9.4,8.87,0.1,-0.7,69.1,69.1,0.05,-0.02,0.22,24.64,94,0,0,1
2026-08-14T10:55:48,1786679748,13.730927,100.78813,9.0,8.87,0.2,-0.1,69.3,69.3,0.05,-0.02,0.22,24.64,94,AUTO.LAND,1,1
2026-08-14T10:55:49,1786679749,13.730927,100.78813,9.1,8.56,0.3,-0.0,69.3,69.3,0.04,0.01,0.2,24.64,94,0,0,1
2026-08-14T10:55:50,1786679750,13.730927,100.78813,8.8,8.26,0.2,-0.1,69.0,69.0,0.02,0.01,0.19,24.64,94,0,0,1
2026-08-14T10:55:51,1786679751,13.730927,100.78813,8.8,8.26,0.5,-0.3,69.0,69.0,0.02,0.01,0.19,24.64,94,AUTO.LAND,1,1
2026-08-14T10:55:52,1786679752,13.730927,100.78813,8.5,7.97,0.7,-0.3,69.1,69.1,0.0,0.03,0.19,24.64,94,0,0,1
2026-08-14T10:55:53,1786679753,13.730927,100.78813,8.2,7.97,-0.0,-0.3,69.1,69.1,0.0,0.03,0.19,24.63,94,AUTO.LAND,1,1
2026-08-14T10:55:54,1786679754,13.730927,100.78813,8.3,7.69,-0.0,-0.1,69.2,69.2,0.0,0.04,0.21,24.63,94,AUTO.LAND,1,1
2026-08-14T10:55:55,1786679755,13.730927,100.78813,7.8,7.69,0.2,0.1,69.1,69.1,0.0,0.04,0.21,24.63,94,AUTO.LAND,1,1
2026-08-14T10:55:56,1786679756,13.730927,100.78813,7.8,7.69,0.2,0.1,69.1,69.1,0.0,0.04,0.21,24.63,94,0,0,1
2026-08-14T10:55:57,1786679757,13.730927,100.78813,7.7,7.09,0.2,-0.4,69.1,69.1,0.01,-0.01,0.2,24.63,94,0,0,1
2026-08-14T10:55:58,1786679758,13.730927,100.788131,7.4,6.8,0.2,-0.3,69.1,69.1,0.02,0.02,0.22,24.62,94,0,0,1
2026-08-14T10:55:59,1786679759,13.730927,100.788131,7.4,6.8,0.1,0.2,69.1,69.1,0.02,0.02,0.22,24.62,94,AUTO.LAND,1,1
2026-08-14T10:56:00,1786679760,13.730927,100.788131,7.1,6.51,0.4,-0.2,69.1,69.1,0.02,-0.03,0.22,24.62,94,0,0,1
2026-08-14T10:56:01,1786679761,13.730927,100.788131,6.7,6.51,0.3,0.3,69.1,69.1,0.02,-0.03,0.22,24.62,94,AUTO.LAND,1,1
2026-08-14T10:56:02,1786679762,13.730927,100.788131,6.8,6.22,-0.2,0.3,69.1,69.1,0.0,-0.01,0.23,24.62,94,0,0,1
2026-08-14T10:56:03,1786679763,13.730927,100.78813,6.5,5.93,0.6,-0.6,69.1,69.1,0.02,-0.04,0.23,24.62,94,0,0,1
2026-08-14T10:56:04,1786679764,13.730927,100.78813,6.5,5.93,0.2,-0.8,69.1,69.1,0.02,-0.04,0.23,24.61,94,AUTO.LAND,1,1
2026-08-14T10:56:05,1786679765,13.730927,100.78813,6.2,5.63,-0.1,-0.2,69.1,69.1,0.03,0.04,0.23,24.61,94,0,0,1
2026-08-14T10:56:06,1786679766,13.730927,100.78813,5.9,5.35,0.8,0.5,69.1,69.1,0.0,0.01,0.25,24.61,94,AUTO.LAND,1,1
2026-08-14T10:56:07,1786679767,13.730927,100.78813,5.9,5.35,0.0,0.1,69.1,69.1,0.0,0.01,0.25,24.61,93,AUTO.LAND,1,1
2026-08-14T10:56:08,1786679768,13.730927,100.788131,5.6,5.05,-0.1,0.2,69.1,69.1,-0.02,-0.01,0.25,24.61,93,0,0,1
2026-08-14T10:56:09,1786679769,13.730927,100.78813,5.3,5.05,0.4,-0.2,69.1,69.1,-0.02,-0.01,0.25,24.61,93,AUTO.LAND,1,1
2026-08-14T10:56:10,1786679770,13.730927,100.78813,5.3,4.75,0.5,-0.5,69.1,69.1,0.0,0.0,0.25,24.61,93,0,0,1
2026-08-14T10:56:11,1786679771,13.730927,100.78813,5.0,4.46,0.4,-0.1,69.1,69.1,0.01,0.03,0.26,24.6,93,0,0,1
2026-08-14T10:56:12,1786679772,13.730927,100.78813,5.0,4.46,0.3,0.3,69.1,69.1,0.01,0.03,0.26,24.6,93,AUTO.LAND,1,1
2026-08-14T10:56:13,1786679773,13.730927,100.788131,4.7,4.16,-0.0,0.2,69.1,69.1,0.0,0.0,0.26,24.6,93,0,0,1
2026-08-14T10:56:14,1786679774,13.730927,100.78813,4.4,3.87,0.4,-0.0,69.1,69.1,0.0,0.0,0.26,24.6,93,AUTO.LAND,1,1
2026-08-14T10:56:15,1786679775,13.730927,100.78813,4.4,3.87,0.7,-0.0,69.1,69.1,0.0,0.0,0.26,24.59,93,AUTO.LAND,1,1
2026-08-14T10:56:16,1786679776,13.730927,100.78813,4.4,3.87,0.7,-0.0,69.1,69.1,0.0,0.0,0.26,24.59,93,0,0,1
2026-08-14T10:56:17,1786679777,13.730927,100.78813,4.4,3.87,0.0,0.3,69.1,69.1,0.0,0.0,0.26,24.59,93,0,0,1
2026-08-14T10:56:18,1786679778,13.730927,100.788131,3.8,3.26,0.5,0.4,69.1,69.1,0.0,-0.02,0.25,24.59,93,0,0,1
2026-08-14T10:56:19,1786679779,13.730927,100.788131,3.5,2.96,0.2,0.1,69.1,69.1,-0.01,0.0,0.26,24.59,93,0,0,1
2026-08-14T10:56:20,1786679780,13.730927,100.788131,3.5,2.96,0.5,0.2,69.1,69.1,-0.01,0.0,0.26,24.59,93,AUTO.LAND,1,1
2026-08-14T10:56:21,1786679781,13.730927,100.78813,3.2,2.66,0.6,-0.5,69.1,69.1,-0.02,-0.02,0.26,24.59,93,0,0,1
2026-08-14T10:56:22,1786679782,13.730927,100.78813,2.9,2.36,0.5,-0.4,69.1,69.1,-0.03,0.04,0.26,24.58,93,0,0,1
2026-08-14T10:56:23,1786679783,13.730927,100.78813,2.9,2.36,0.0,0.2,69.1,69.1,-0.03,0.04,0.26,24.58,93,AUTO.LAND,1,1
2026-08-14T10:56:24,1786679784,13.730927,100.788131,2.6,2.06,0.5,0.0,69.1,69.1,0.0,-0.01,0.25,24.58,93,0,0,1
2026-08-14T10:56:25,1786679785,13.730927,100.78813,2.3,1.75,0.6,-0.0,69.1,69.1,-0.03,-0.01,0.24,24.58,93,AUTO.LAND,1,1
2026-08-14T10:56:26,1786679786,13.730927,100.78813,2.3,1.75,0.2,-0.3,69.1,69.1,-0.03,-0.01,0.24,24.57,93,AUTO.LAND,1,1
2026-08-14T10:56:27,1786679787,13.730927,100.78813,2.0,1.44,0.0,-0.0,69.1,69.1,-0.02,0.0,0.23,24.57,93,0,0,1
2026-08-14T10:56:28,1786679788,13.730927,100.78813,1.6,1.44,0.0,-0.1,69.1,69.1,-0.02,0.0,0.23,24.57,92,AUTO.LAND,1,1
2026-08-14T10:56:29,1786679789,13.730927,100.788131,1.7,1.13,0.2,-0.2,69.1,69.1,0.0,-0.01,0.22,24.57,92,0,0,1
2026-08-14T10:56:30,1786679790,13.730928,100.78813,1.5,1.13,0.5,-0.1,69.1,69.1,0.0,-0.01,0.22,24.57,92,0,0,1
2026-08-14T10:56:31,1786679791,13.730928,100.788131,1.1,1.13,0.5,-0.1,69.1,69.1,0.0,-0.01,0.22,24.57,92,0,0,1
2026-08-14T10:56:32,1786679792,13.730928,100.788131,1.1,1.13,0.5,-0.1,69.1,69.1,0.0,-0.01,0.22,24.57,92,0,0,1
2026-08-14T10:56:33,1786679793,13.730928,100.78813,0.8,1.13,0.5,-0.1,69.1,69.1,0.0,-0.01,0.22,24.56,92,AUTO.LAND,1,1
2026-08-14T10:56:34,1786679794,13.730927,100.78813,0.5,1.13,0.2,-0.5,69.1,69.1,0.0,-0.01,0.22,24.56,92,AUTO.LAND,1,1
2026-08-14T10:56:35,1786679795,13.730927,100.78813,0.5,-0.05,0.1,-0.1,69.1,69.1,-0.02,0.03,0.23,24.56,92,AUTO.LAND,1,1
2026-08-14T10:56:36,1786679796,13.730927,100.78813,0.5,-0.11,0.2,-0.2,69.1,69.1,0.0,0.02,-0.09,24.56,92,0,0,1
2026-08-14T10:56:37,1786679797,13.730927,100.78813,0.5,-0.1,0.2,-0.2,69.1,69.1,0.0,0.01,-0.09,24.55,92,0,0,1
2026-08-14T10:56:38,1786679798,13.730927,100.78813,0.5,-0.07,0.2,-0.2,69.1,69.1,0.0,0.01,-0.1,24.55,92,0,0,1
2026-08-14T10:56:39,1786679799,13.730927,100.78813,0.5,-0.08,0.2,-0.2,69.1,69.1,0.0,0.01,-0.1,24.55,92,AUTO.LAND,1,0
2026-08-14T10:56:40,1786679800,13.730927,100.78813,0.3,-0.08,0.1,-0.2,69.1,69.1,0.0,0.01,-0.1,24.55,92,AUTO.LAND,1,0
2026-08-14T10:56:41,1786679801,13.730927,100.78813,0.5,-0.07,0.1,-0.2,69.1,69.1,0.01,0.01,-0.09,24.54,92,AUTO.LAND,1,0
2026-08-14T10:56:42,1786679802,13.730927,100.78813,0.5,-0.05,0.1,-0.1,69.1,69.1,0.02,0.01,-0.1,24.54,92,0,0,0
2026-08-14T10:56:43,1786679803,13.730928,100.78813,0.5,-0.04,0.1,-0.1,69.2,69.2,0.02,0.0,-0.11,24.54,92,0,0,0
2026-08-14T10:56:44,1786679804,13.730927,100.78813,0.5,0.0,0.1,-0.1,69.2,69.2,0.0,0.0,-0.1,24.54,92,AUTO.TAKEOFF,1,1
2026-08-14T10:56:45,1786679805,13.730927,100.78813,0.3,0.0,0.1,-0.1,69.2,69.2,0.0,0.0,-0.1,24.54,92,AUTO.TAKEOFF,1,1
2026-08-14T10:56:46,1786679806,13.730927,100.78813,0.6,0.04,-0.1,0.1,69.2,69.2,0.04,-0.02,-0.37,24.54,92,0,0,1
2026-08-14T10:56:47,1786679807,13.730928,100.78813,1.5,1.0,0.2,-0.4,69.2,69.2,0.0,0.01,-1.5,24.53,91,0,0,1
2026-08-14T10:56:48,1786679808,13.730928,100.78813,2.5,1.0,0.1,0.3,67.1,67.1,0.0,0.01,-1.5,24.53,91,AUTO.LOITER,1,1
2026-08-14T10:56:49,1786679809,13.730927,100.78813,3.1,2.57,-0.2,0.1,67.0,67.0,-0.01,0.0,-1.37,24.53,91,0,0,1
2026-08-14T10:56:50,1786679810,13.730927,100.78813,4.1,3.54,0.1,-0.4,66.9,66.9,0.01,0.0,-1.22,24.53,91,0,0,1
2026-08-14T10:56:51,1786679811,13.730927,100.78813,4.1,3.54,0.3,0.1,67.0,67.0,0.01,0.0,-1.22,24.52,91,AUTO.LOITER,1,1
2026-08-14T10:56:52,1786679812,13.730928,100.78813,5.1,4.62,0.4,-0.2,66.9,66.9,0.0,0.0,-1.17,24.52,91,0,0,1
2026-08-14T10:56:53,1786679813,13.730928,100.78813,5.1,4.62,0.1,-0.2,66.9,66.9,0.0,0.0,-1.17,24.52,91,0,0,1
2026-08-14T10:56:54,1786679814,13.730928,100.78813,5.1,4.62,-0.3,-0.3,66.9,66.9,0.0,0.0,-1.17,24.52,91,0,0,1
2026-08-14T10:56:55,1786679815,13.730928,100.78813,7.2,6.7,0.6,-0.1,66.9,66.9,0.02,0.0,-1.1,24.52,91,0,0,1
2026-08-14T10:56:56,1786679816,13.730928,100.78813,7.8,6.7,0.5,0.0,66.9,66.9,0.02,0.0,-1.1,24.52,91,AUTO.LOITER,1,1
2026-08-14T10:56:57,1786679817,13.730928,100.78813,8.3,7.72,0.3,-0.0,66.9,66.9,-0.02,0.01,-1.09,24.52,91,0,0,1
2026-08-14T10:56:58,1786679818,13.730927,100.78813,9.3,8.76,-0.1,-0.3,67.0,67.0,0.0,0.0,-1.06,24.51,91,0,0,1
2026-08-14T10:56:59,1786679819,13.730927,100.78813,9.3,8.76,0.3,-0.2,66.9,66.9,0.0,0.0,-1.06,24.51,91,AUTO.LOITER,1,1
2026-08-14T10:57:00,1786679820,13.730927,100.78813,10.3,9.76,0.3,-0.1,66.9,66.9,0.0,0.0,-1.05,24.51,91,0,0,1
2026-08-14T10:57:01,1786679821,13.730927,100.78813,10.8,9.76,0.1,-0.1,66.9,66.9,0.0,0.0,-1.05,24.51,91,AUTO.LOITER,1,1
2026-08-14T10:57:02,1786679822,13.730927,100.78813,11.2,10.69,0.1,-0.4,66.9,66.9,0.0,0.0,-0.79,24.51,91,0,0,1
2026-08-14T10:57:03,1786679823,13.730927,100.78813,11.8,11.28,10.1,-7.8,66.9,66.9,-0.08,0.11,-0.66,24.5,91,0,0,1
2026-08-14T10:57:04,1786679824,13.730927,100.78813,11.8,11.28,11.4,-17.9,73.2,73.2,-0.08,0.11,-0.66,24.5,91,AUTO.LOITER,1,1
2026-08-14T10:57:05,1786679825,13.730921,100.788145,12.4,11.91,2.4,-16.8,87.5,87.5,-1.15,3.0,-0.52,24.5,91,0,0,1
2026-08-14T10:57:06,1786679826,13.73091,100.788185,12.9,12.42,4.8,-11.0,100.5,100.5,-1.69,4.82,-0.5,24.5,91,AUTO.LOITER,1,1
2026-08-14T10:57:07,1786679827,13.73091,100.788185,12.9,12.42,2.5,0.3,113.8,113.8,-1.69,4.82,-0.5,24.5,91,AUTO.LOITER,1,1
2026-08-14T10:57:08,1786679828,13.730894,100.788226,13.5,12.99,-1.3,-4.6,114.1,114.1,-1.71,4.75,-0.51,24.5,90,0,0,1
2026-08-14T10:57:09,1786679829,13.730884,100.788257,13.8,12.99,0.3,-2.4,107.9,107.9,-1.71,4.75,-0.51,24.49,90,AUTO.LOITER,1,1
2026-08-14T10:57:10,1786679830,13.73088,100.78827,14.0,13.5,0.7,-2.4,105.1,105.1,-1.69,4.82,-0.51,24.49,90,0,0,1
2026-08-14T10:57:11,1786679831,13.730864,100.788313,14.6,14.05,0.4,-2.7,106.5,106.5,-1.72,4.79,-0.5,24.49,90,0,0,1
2026-08-14T10:57:12,1786679832,13.730864,100.788313,14.6,14.05,-0.3,-2.2,111.1,111.1,-1.72,4.79,-0.5,24.49,90,AUTO.LOITER,1,1
2026-08-14T10:57:13,1786679833,13.730849,100.788357,15.1,14.59,0.5,-1.9,111.0,111.0,-1.66,4.78,-0.49,24.49,90,0,0,1
2026-08-14T10:57:14,1786679834,13.730849,100.788357,15.1,14.59,0.5,-1.9,111.0,111.0,-1.66,4.78,-0.49,24.49,90,0,0,1
2026-08-14T10:57:15,1786679835,13.730849,100.788357,15.1,14.59,-0.1,-2.2,108.8,108.8,-1.66,4.78,-0.49,24.49,90,0,0,1
2026-08-14T10:57:16,1786679836,13.730819,100.788445,16.2,15.67,0.3,-2.2,109.3,109.3,-1.66,4.7,-0.51,24.49,90,0,0,1
2026-08-14T10:57:17,1786679837,13.730819,100.788445,16.2,15.67,-0.1,-2.1,109.8,109.8,-1.66,4.7,-0.51,24.48,90,AUTO.LOITER,1,1
2026-08-14T10:57:18,1786679838,13.730804,100.788488,16.7,16.21,-0.2,-2.0,109.9,109.9,-1.66,4.69,-0.51,24.48,90,0,0,1
2026-08-14T10:57:19,1786679839,13.730789,100.788532,17.3,16.76,-0.0,-2.0,109.7,109.7,-1.63,4.67,-0.51,24.48,90,0,0,1
2026-08-14T10:57:20,1786679840,13.730789,100.788532,17.3,16.76,0.2,-2.2,109.4,109.4,-1.63,4.67,-0.51,24.48,90,0,0,1
2026-08-14T10:57:21,1786679841,13.730774,100.788576,17.8,17.31,0.3,-2.4,109.5,109.5,-1.65,4.68,-0.5,24.47,90,0,0,1
2026-08-14T10:57:22,1786679842,13.730763,100.788607,18.3,17.31,0.4,-2.4,109.6,109.6,-1.65,4.68,-0.5,24.47,90,AUTO.LOITER,1,1
2026-08-14T10:57:23,1786679843,13.730759,100.788619,18.4,17.86,-0.2,-2.3,109.7,109.7,-1.68,4.68,-0.49,24.47,90,0,0,1
2026-08-14T10:57:24,1786679844,13.730744,100.788663,18.9,18.41,0.1,-2.2,109.6,109.6,-1.65,4.69,-0.48,24.47,90,0,0,1
2026-08-14T10:57:25,1786679845,13.730744,100.788663,18.9,18.41,1.0,8.8,109.7,109.7,-1.65,4.69,-0.48,24.47,90,AUTO.LOITER,1,1
2026-08-14T10:57:26,1786679846,13.73073,100.788703,19.5,18.93,-0.3,9.9,109.5,109.5,-1.35,3.6,-0.33,24.47,90,0,0,1
2026-08-14T10:57:27,1786679847,13.730723,100.788722,19.8,18.93,-0.6,5.5,108.9,108.9,-1.35,3.6,-0.33,24.46,90,AUTO.LOITER,1,1
2026-08-14T10:57:28,1786679848,13.730721,100.788728,19.8,19.26,-0.8,5.8,108.3,108.3,-0.73,2.16,-0.15,24.46,90,0,0,1
2026-08-14T10:57:29,1786679849,13.730713,100.788739,20.0,19.47,14.8,14.5,109.6,109.6,-1.61,-0.2,0.06,24.46,90,0,0,1
2026-08-14T10:57:30,1786679850,13.730713,100.788739,20.0,19.47,13.1,-11.9,121.7,121.7,-1.61,-0.2,0.06,24.46,89,AUTO.LOITER,1,1
2026-08-14T10:57:31,1786679851,13.730683,100.788731,20.0,19.49,6.2,-11.6,141.4,141.4,-4.48,-0.69,0.1,24.46,89,0,0,1
2026-08-14T10:57:32,1786679852,13.730652,100.788729,20.2,19.49,1.4,2.5,161.4,161.4,-4.48,-0.69,0.1,24.45,89,AUTO.LOITER,1,1
2026-08-14T10:57:33,1786679853,13.730638,100.788727,20.0,19.48,2.4,-3.2,175.6,175.6,-4.77,-0.66,0.1,24.45,89,0,0,1
2026-08-14T10:57:34,1786679854,13.730595,100.78872,20.0,19.49,-1.7,-2.0,-169.3,190.7,-5.06,-0.68,0.08,24.45,89,0,0,1
2026-08-14T10:57:35,1786679855,13.730595,100.78872,20.0,19.49,-0.3,-1.2,-168.6,191.4,-5.06,-0.68,0.08,24.45,89,AUTO.LOITER,1,1
2026-08-14T10:57:36,1786679856,13.73055,100.788714,20.0,19.5,-0.1,-1.7,-171.8,188.2,-4.94,-0.56,0.06,24.45,89,0,0,1
2026-08-14T10:57:37,1786679857,13.730517,100.788709,20.2,19.5,0.1,-1.8,-174.9,185.1,-4.94,-0.56,0.06,24.45,89,0,0,1
2026-08-14T10:57:38,1786679858,13.730505,100.788708,20.0,19.52,-0.0,-1.9,-175.5,184.5,-4.89,-0.59,0.05,24.45,89,0,0,1
2026-08-14T10:57:39,1786679859,13.730461,100.788702,20.1,19.54,0.6,11.5,-172.4,187.6,-4.43,-0.55,0.03,24.44,89,0,0,1
2026-08-14T10:57:40,1786679860,13.730461,100.788702,20.1,19.54,0.6,11.5,-172.4,187.6,-4.43,-0.55,0.03,24.44,89,AUTO.LOITER,1,1
2026-08-14T10:57:41,1786679861,13.730431,100.788699,20.1,19.54,0.6,11.5,-172.4,187.6,-2.54,-0.34,0.05,24.44,89,0,0,1
2026-08-14T10:57:42,1786679862,13.730413,100.788696,20.1,19.55,0.5,5.9,-171.9,188.1,-1.3,-0.31,0.0,24.44,89,0,0,1
2026-08-14T10:57:43,1786679863,13.730413,100.788696,20.1,19.55,10.9,9.4,-170.7,189.3,-1.3,-0.31,0.0,24.44,89,0,0,1
2026-08-14T10:57:44,1786679864,13.73041,100.788683,20.1,19.57,13.1,-12.5,-156.6,203.4,0.28,-2.49,0.0,24.43,89,0,0,1
2026-08-14T10:57:45,1786679865,13.730409,100.788659,20.2,19.57,10.4,-14.6,-137.4,222.6,0.28,-2.49,0.0,24.43,89,AUTO.LOITER,1,1
2026-08-14T10:57:46,1786679866,13.730408,100.788646,20.1,19.55,0.7,-3.4,-118.3,241.7,-0.46,-5.08,0.11,24.43,89,0,0,1
2026-08-14T10:57:47,1786679867,13.730404,100.788601,20.0,19.52,0.4,0.2,-105.7,254.3,-0.39,-4.85,0.04,24.43,89,0,0,1
2026-08-14T10:57:48,1786679868,13.730404,100.788601,20.0,19.52,-0.8,-3.4,-91.2,268.8,-0.39,-4.85,0.04,24.43,89,AUTO.LOITER,1,1
2026-08-14T10:57:49,1786679869,13.730401,100.788555,20.0,19.5,-0.6,-1.3,-90.3,269.7,-0.41,-5.1,0.01,24.43,89,0,0,1
2026-08-14T10:57:50,1786679870,13.730398,100.788523,20.1,19.5,0.1,-2.1,-93.2,266.8,-0.41,-5.1,0.01,24.42,89,0,0,1
2026-08-14T10:57:51,1786679871,13.730398,100.788508,20.0,19.5,0.3,-2.5,-96.2,263.8,-0.4,-5.01,0.01,24.42,89,0,0,1
2026-08-14T10:57:52,1786679872,13.730394,100.788462,20.0,19.5,0.1,-1.5,-95.6,264.4,-0.35,-5.03,0.01,24.42,89,0,0,1
2026-08-14T10:57:53,1786679873,13.730394,100.788462,20.0,19.5,-0.2,-1.4,-94.0,266.0,-0.35,-5.03,0.01,24.42,88,AUTO.LOITER,1,1
2026-08-14T10:57:54,1786679874,13.730391,100.788415,20.0,19.5,-0.2,-1.4,-94.0,266.0,-0.35,-4.92,0.01,24.42,88,0,0,1
2026-08-14T10:57:55,1786679875,13.730388,100.788383,20.1,19.5,-0.2,-1.4,-94.0,266.0,-0.35,-4.92,0.01,24.42,88,0,0,1
2026-08-14T10:57:56,1786679876,13.730388,100.788383,20.1,19.5,-0.0,-2.1,-94.7,265.3,-0.35,-4.92,0.01,24.41,88,AUTO.LOITER,1,1
2026-08-14T10:57:57,1786679877,13.730384,100.788323,20.0,19.5,0.3,-2.3,-94.6,265.4,-0.32,-4.94,0.01,24.41,88,0,0,1
2026-08-14T10:57:58,1786679878,13.730382,100.78829,20.1,19.5,0.4,-2.3,-94.2,265.8,-0.32,-4.94,0.01,24.41,88,AUTO.LOITER,1,1
2026-08-14T10:57:59,1786679879,13.730381,100.788277,20.0,19.5,0.0,-1.9,-94.0,266.0,-0.28,-4.98,0.0,24.41,88,0,0,1
2026-08-14T10:58:00,1786679880,13.730378,100.788231,20.0,19.52,-0.2,-2.2,-94.0,266.0,-0.32,-4.96,0.01,24.41,88,0,0,1
2026-08-14T10:58:01,1786679881,13.730378,100.788231,20.0,19.52,0.3,-2.6,-94.3,265.7,-0.32,-4.96,0.01,24.41,88,AUTO.LOITER,1,1
2026-08-14T10:58:02,1786679882,13.730375,100.7882,20.1,19.52,0.3,-2.6,-94.3,265.7,-0.32,-4.96,0.01,24.41,88,0,0,1
2026-08-14T10:58:03,1786679883,13.730372,100.788152,20.1,19.52,0.3,-2.6,-94.3,265.7,-0.32,-4.96,0.01,24.4,88,0,0,1
2026-08-14T10:58:04,1786679884,13.730371,100.788139,20.0,19.52,0.3,-2.6,-94.3,265.7,-0.33,-5.02,0.02,24.4,88,0,0,1
2026-08-14T10:58:05,1786679885,13.730368,100.788106,20.1,19.52,0.6,-2.2,-94.2,265.8,-0.33,-5.02,0.02,24.4,88,0,0,1
2026-08-14T10:58:06,1786679886,13.730366,100.788061,20.1,19.52,-0.1,-2.4,-94.2,265.8,-0.33,-5.02,0.02,24.4,88,AUTO.LOITER,1,1
2026-08-14T10:58:07,1786679887,13.730365,100.788046,20.1,19.54,-0.6,-2.4,-94.2,265.8,-0.31,-4.98,0.04,24.4,88,0,0,1
2026-08-14T10:58:08,1786679888,13.730362,100.788,20.1,19.54,-0.3,-2.4,-94.2,265.8,-0.37,-4.99,0.04,24.39,88,0,0,1
2026-08-14T10:58:09,1786679889,13.730362,100.788,20.1,19.54,0.2,-2.0,-94.2,265.8,-0.37,-4.99,0.04,24.39,88,AUTO.LOITER,1,1
2026-08-14T10:58:10,1786679890,13.730358,100.787954,20.1,19.55,0.3,-2.6,-94.2,265.8,-0.34,-4.96,0.04,24.39,88,0,0,1
2026-08-14T10:58:11,1786679891,13.730355,100.787922,20.2,19.55,0.1,-2.4,-94.2,265.8,-0.34,-4.96,0.04,24.39,88,0,0,1
2026-08-14T10:58:12,1786679892,13.730355,100.787908,20.1,19.57,-0.1,-2.4,-94.1,265.9,-0.32,-4.98,0.06,24.39,88,0,0,1
2026-08-14T10:58:13,1786679893,13.730352,100.787876,20.2,19.57,-0.0,-2.3,-94.2,265.8,-0.32,-4.98,0.06,24.39,88,0,0,1
2026-08-14T10:58:14,1786679894,13.730352,100.787876,20.2,19.57,-0.0,-2.3,-94.2,265.8,-0.32,-4.98,0.06,24.39,88,AUTO.LOITER,1,1
2026-08-14T10:58:15,1786679895,13.730348,100.787816,20.1,19.58,0.0,-2.5,-94.2,265.8,-0.34,-4.98,0.08,24.39,88,AUTO.LOITER,1,1
2026-08-14T10:58:16,1786679896,13.730345,100.787769,20.1,19.59,0.0,-2.5,-94.2,265.8,-0.36,-4.98,0.08,24.39,88,0,0,1
2026-08-14T10:58:17,1786679897,13.730345,100.787769,20.1,19.59,-0.0,-2.4,-94.2,265.8,-0.36,-4.98,0.08,24.38,87,AUTO.LOITER,1,1
2026-08-14T10:58:18,1786679898,13.730342,100.787723,20.1,19.6,0.2,-2.4,-94.2,265.8,-0.38,-4.99,0.09,24.38,87,0,0,1
2026-08-14T10:58:19,1786679899,13.730339,100.78769,20.4,19.6,0.0,-2.4,-94.2,265.8,-0.38,-4.99,0.09,24.37,87,0,0,1
2026-08-14T10:58:20,1786679900,13.730338,100.787677,20.1,19.61,0.1,-2.4,-94.2,265.8,-0.36,-5.0,0.1,24.37,87,0,0,1
2026-08-14T10:58:21,1786679901,13.730335,100.787631,20.1,19.61,0.2,-2.6,-94.1,265.9,-0.32,-5.01,0.11,24.37,87,0,0,1
2026-08-14T10:58:22,1786679902,13.730335,100.787631,20.1,19.61,-0.2,-2.2,-94.1,265.9,-0.32,-5.01,0.11,24.37,87,AUTO.LOITER,1,1
2026-08-14T10:58:23,1786679903,13.730332,100.787585,20.1,19.62,-0.1,-2.3,-94.1,265.9,-0.35,-5.01,0.12,24.37,87,0,0,1
2026-08-14T10:58:24,1786679904,13.730328,100.787539,20.2,19.63,0.2,-2.6,-94.2,265.8,-0.36,-5.02,0.12,24.37,87,0,0,1
2026-08-14T10:58:25,1786679905,13.730328,100.787539,20.2,19.63,0.5,-2.1,-94.1,265.9,-0.36,-5.02,0.12,24.36,87,AUTO.LOITER,1,1
2026-08-14T10:58:26,1786679906,13.730325,100.787497,20.2,19.64,0.2,9.1,-93.7,266.3,-0.26,-3.64,0.16,24.36,87,0,0,1
2026-08-14T10:58:27,1786679907,13.730324,100.787479,20.5,19.64,1.5,5.5,-93.2,266.8,-0.26,-3.64,0.16,24.36,87,AUTO.LOITER,1,1
2026-08-14T10:58:28,1786679908,13.730323,100.787472,20.2,19.65,1.5,5.5,-93.2,266.8,-0.08,-2.16,0.15,24.36,87,0,0,1
2026-08-14T10:58:29,1786679909,13.730322,100.78746,20.1,19.55,0.9,14.5,-91.0,269.0,0.06,-0.29,0.49,24.36,87,0,0,1
2026-08-14T10:58:30,1786679910,13.730322,100.78746,20.1,19.55,0.3,-4.8,-91.5,268.5,0.06,-0.29,0.49,24.35,87,AUTO.LAND,1,1
2026-08-14T10:58:31,1786679911,13.730323,100.787459,19.6,19.09,-0.3,6.1,-92.0,268.0,0.07,-0.13,1.0,24.35,87,0,0,1
2026-08-14T10:58:32,1786679912,13.730323,100.787459,19.4,19.09,-0.4,0.1,-92.2,267.8,0.07,-0.13,1.0,24.35,87,0,0,1
2026-08-14T10:58:33,1786679913,13.730323,100.787459,18.9,18.34,-0.3,-0.5,-91.9,268.1,0.0,0.18,0.91,24.35,87,0,0,1
2026-08-14T10:58:34,1786679914,13.730323,100.78746,18.1,17.59,-0.5,-0.2,-91.5,268.5,-0.07,0.09,0.94,24.35,87,0,0,1
2026-08-14T10:58:35,1786679915,13.730323,100.78746,18.1,17.59,0.0,-0.3,-91.6,268.4,-0.07,0.09,0.94,24.35,87,AUTO.LAND,1,1
2026-08-14T10:58:36,1786679916,13.730323,100.78746,17.4,16.83,0.2,-0.1,-91.7,268.3,-0.07,0.04,0.95,24.35,87,0,0,1
2026-08-14T10:58:37,1786679917,13.730323,100.78746,16.6,16.06,-0.1,0.0,-91.8,268.2,-0.05,0.03,0.97,24.34,86,0,0,1
2026-08-14T10:58:38,1786679918,13.730323,100.78746,16.6,16.06,-0.2,-0.5,-91.7,268.3,-0.05,0.03,0.97,24.34,86,AUTO.LAND,1,1
2026-08-14T10:58:39,1786679919,13.730323,100.787461,15.8,15.27,0.2,-0.6,-91.7,268.3,-0.07,-0.01,0.98,24.34,86,0,0,1
2026-08-14T10:58:40,1786679920,13.730323,100.787461,15.6,15.27,0.1,-0.4,-91.7,268.3,-0.07,-0.01,0.98,24.34,86,0,0,1
2026-08-14T10:58:41,1786679921,13.730323,100.787461,15.0,14.48,-0.0,-0.1,-91.7,268.3,-0.03,-0.04,0.98,24.34,86,0,0,1
2026-08-14T10:58:42,1786679922,13.730323,100.787461,15.0,14.48,0.0,-0.2,-91.8,268.2,-0.03,-0.04,0.98,24.34,86,0,0,1
2026-08-14T10:58:43,1786679923,13.730323,100.787461,15.0,14.48,0.1,-0.2,-91.8,268.2,-0.03,-0.04,0.98,24.33,86,AUTO.LAND,1,1
2026-08-14T10:58:44,1786679924,13.730323,100.78746,13.4,12.87,0.1,-0.2,-91.8,268.2,-0.01,-0.01,0.97,24.33,86,AUTO.LAND,1,1
2026-08-14T10:58:45,1786679925,13.730323,100.78746,12.6,12.07,0.2,0.1,-91.8,268.2,0.0,0.02,0.97,24.33,86,AUTO.LAND,1,1
2026-08-14T10:58:46,1786679926,13.730323,100.78746,12.6,12.07,0.1,-0.4,-91.8,268.2,0.0,0.02,0.97,24.33,86,AUTO.LAND,1,1
2026-08-14T10:58:47,1786679927,13.730323,100.78746,11.8,11.27,0.3,0.0,-91.8,268.2,0.0,-0.01,0.97,24.33,86,0,0,1
2026-08-14T10:58:48,1786679928,13.730323,100.78746,11.6,11.27,0.0,0.1,-91.8,268.2,0.0,-0.01,0.97,24.32,86,0,0,1
2026-08-14T10:58:49,1786679929,13.730323,100.78746,11.0,10.47,-0.3,-0.1,-91.8,268.2,0.01,0.01,0.96,24.32,86,0,0,1
2026-08-14T10:58:50,1786679930,13.730323,100.78746,10.2,9.68,0.3,-0.4,-91.8,268.2,0.0,0.0,0.96,24.32,86,0,0,1
2026-08-14T10:58:51,1786679931,13.730323,100.78746,10.2,9.68,-0.1,0.2,-91.8,268.2,0.0,0.0,0.96,24.32,86,AUTO.LAND,1,1
2026-08-14T10:58:52,1786679932,13.730323,100.78746,9.4,8.89,-0.0,-0.1,-91.8,268.2,0.0,0.02,0.97,24.32,86,0,0,1
2026-08-14T10:58:53,1786679933,13.730323,100.78746,8.6,8.08,0.2,-0.4,-91.8,268.2,0.0,0.0,0.96,24.32,86,0,0,1
2026-08-14T10:58:54,1786679934,13.730323,100.78746,8.6,8.08,0.1,0.2,-91.8,268.2,0.0,0.0,0.96,24.32,86,0,0,1
2026-08-14T10:58:55,1786679935,13.730323,100.78746,7.8,7.28,0.0,-0.4,-91.8,268.2,0.0,0.05,0.95,24.31,86,0,0,1
2026-08-14T10:58:56,1786679936,13.730323,100.78746,7.6,7.28,0.2,-0.8,-91.8,268.2,0.0,0.05,0.95,24.31,86,AUTO.LAND,1,1
2026-08-14T10:58:57,1786679937,13.730323,100.78746,7.1,6.54,0.2,-0.2,-91.8,268.2,0.0,-0.01,0.82,24.31,86,0,0,1
2026-08-14T10:58:58,1786679938,13.730323,100.78746,6.5,5.94,-0.1,0.0,-91.8,268.2,0.0,0.01,0.68,24.31,86,AUTO.LAND,1,1
2026-08-14T10:58:59,1786679939,13.730323,100.78746,6.5,5.94,-0.1,-0.4,-91.8,268.2,0.0,0.01,0.68,24.31,86,AUTO.LAND,1,1
2026-08-14T10:59:00,1786679940,13.730323,100.78746,6.0,5.47,0.3,-0.2,-91.8,268.2,-0.02,0.0,0.56,24.31,86,0,0,1
2026-08-14T10:59:01,1786679941,13.730323,100.78746,6.0,5.47,0.0,-0.2,-91.8,268.2,-0.02,0.0,0.56,24.3,85,0,0,1
2026-08-14T10:59:02,1786679942,13.730323,100.78746,5.6,5.09,-0.0,0.2,-91.8,268.2,0.0,0.0,0.47,24.3,85,0,0,1
2026-08-14T10:59:03,1786679943,13.730323,100.78746,5.3,4.78,0.2,-0.5,-91.8,268.2,0.0,0.04,0.43,24.3,85,0,0,1
2026-08-14T10:59:04,1786679944,13.730323,100.78746,5.3,4.78,0.2,-0.6,-91.8,268.2,0.0,0.04,0.43,24.3,85,AUTO.LAND,1,1
2026-08-14T10:59:05,1786679945,13.730323,100.78746,5.0,4.48,0.3,-0.1,-91.8,268.2,0.0,0.0,0.43,24.3,85,0,0,1
2026-08-14T10:59:06,1786679946,13.730323,100.78746,5.0,4.48,0.0,-0.0,-91.8,268.2,0.0,0.0,0.43,24.29,85,AUTO.LAND,1,1
2026-08-14T10:59:07,1786679947,13.730323,100.78746,5.0,4.48,-0.3,-0.3,-91.8,268.2,0.0,0.0,0.43,24.29,85,0,0,1
2026-08-14T10:59:08,1786679948,13.730323,100.78746,4.4,3.87,0.2,-0.2,-91.8,268.2,-0.03,0.01,0.41,24.29,85,0,0,1
2026-08-14T10:59:09,1786679949,13.730323,100.787461,4.5,3.87,0.4,-0.3,-91.8,268.2,-0.03,0.01,0.41,24.29,85,0,0,1
2026-08-14T10:59:10,1786679950,13.730323,100.78746,4.1,3.59,0.1,-0.3,-91.8,268.2,0.0,0.0,0.43,24.29,85,0,0,1
2026-08-14T10:59:11,1786679951,13.730323,100.78746,3.8,3.3,-0.2,-0.1,-91.8,268.2,-0.03,0.0,0.44,24.29,85,0,0,1
2026-08-14T10:59:12,1786679952,13.730323,100.78746,3.8,3.3,0.3,-0.5,-91.8,268.2,-0.03,0.0,0.44,24.28,85,AUTO.LAND,1,1
2026-08-14T10:59:13,1786679953,13.730323,100.787461,3.5,3.01,0.3,-0.2,-91.8,268.2,-0.01,-0.03,0.44,24.28,85,0,0,1
2026-08-14T10:59:14,1786679954,13.730323,100.787461,3.7,3.01,0.1,-0.2,-91.8,268.2,-0.01,-0.03,0.44,24.28,85,0,0,1
2026-08-14T10:59:15,1786679955,13.730323,100.78746,3.2,2.72,-0.3,-0.1,-91.8,268.2,0.0,-0.02,0.45,24.28,85,0,0,1
2026-08-14T10:59:16,1786679956,13.730323,100.787461,2.9,2.41,0.6,-0.3,-91.8,268.2,-0.01,-0.01,0.44,24.28,85,0,0,1
2026-08-14T10:59:17,1786679957,13.730323,100.78746,3.0,2.41,0.1,-0.1,-91.8,268.2,-0.01,-0.01,0.44,24.27,85,AUTO.LAND,1,1
2026-08-14T10:59:18,1786679958,13.730323,100.78746,2.6,2.1,-0.0,-0.1,-91.8,268.2,0.0,0.0,0.43,24.27,85,0,0,1
2026-08-14T10:59:19,1786679959,13.730323,100.78746,2.3,1.8,0.0,-0.3,-91.8,268.2,0.0,0.01,0.43,24.27,85,0,0,1
2026-08-14T10:59:20,1786679960,13.730323,100.78746,2.3,1.8,0.0,-0.3,-91.8,268.2,0.0,0.01,0.43,24.27,85,AUTO.LAND,1,1
2026-08-14T10:59:21,1786679961,13.730323,100.78746,2.0,1.49,0.2,0.1,-91.8,268.2,-0.01,0.02,0.42,24.27,85,AUTO.LAND,1,1
2026-08-14T10:59:22,1786679962,13.730323,100.78746,2.1,1.49,0.3,-0.5,-91.8,268.2,-0.01,0.02,0.42,24.27,85,0,0,1
2026-08-14T10:59:23,1786679963,13.730323,100.78746,2.1,1.49,0.2,-0.2,-91.8,268.2,-0.01,0.02,0.42,24.27,85,0,0,1
2026-08-14T10:59:24,1786679964,13.730323,100.78746,1.4,0.91,0.2,-0.4,-91.8,268.2,0.0,0.0,0.44,24.27,85,0,0,1
2026-08-14T10:59:25,1786679965,13.730323,100.78746,1.5,0.91,0.0,-0.2,-91.7,268.3,0.0,0.0,0.44,24.26,84,0,0,1
2026-08-14T10:59:26,1786679966,13.730323,100.78746,1.1,0.62,-0.1,-0.1,-91.7,268.3,-0.01,0.0,0.44,24.26,84,0,0,1
2026-08-14T10:59:27,1786679967,13.730323,100.78746,0.9,0.33,0.5,-0.4,-91.8,268.2,-0.01,0.0,0.45,24.26,84,0,0,1
2026-08-14T10:59:28,1786679968,13.730323,100.787461,1.0,0.33,0.1,-0.6,-91.8,268.2,-0.01,0.0,0.45,24.25,84,0,0,1
2026-08-14T10:59:29,1786679969,13.730323,100.787461,0.6,0.04,0.0,-0.2,-91.8,268.2,0.0,-0.02,0.45,24.25,84,0,0,1
2026-08-14T10:59:30,1786679970,13.730323,100.78746,0.3,-0.26,0.5,-0.1,-91.8,268.2,0.0,0.01,0.45,24.25,84,0,0,1
2026-08-14T10:59:31,1786679971,13.730323,100.78746,0.3,-0.26,0.3,-0.8,-91.8,268.2,0.0,0.01,0.45,24.25,84,AUTO.LAND,1,1
2026-08-14T10:59:32,1786679972,13.730323,100.787461,-0.0,-0.54,0.1,-0.5,-91.8,268.2,0.01,-0.02,0.47,24.25,84,0,0,1
2026-08-14T10:59:33,1786679973,13.730323,100.787461,-0.1,-0.59,0.2,-0.3,-91.8,268.2,0.0,-0.03,0.17,24.25,84,0,0,1
2026-08-14T10:59:34,1786679974,13.730323,100.787461,-0.1,-0.59,0.2,-0.3,-91.8,268.2,0.0,-0.03,0.17,24.24,84,AUTO.LAND,1,1
2026-08-14T10:59:35,1786679975,13.730323,100.78746,-0.1,-0.61,0.2,-0.3,-91.8,268.2,0.0,-0.03,0.18,24.24,84,0,0,1
2026-08-14T10:59:36,1786679976,13.730323,100.787461,-0.1,-0.6,0.2,-0.3,-91.8,268.2,0.0,-0.02,0.18,24.24,84,0,0,1
2026-08-14T10:59:37,1786679977,13.730323,100.787461,-0.1,-0.6,0.2,-0.2,-91.8,268.2,0.0,-0.02,0.18,24.9,84,AUTO.LOITER,0,0
2026-08-14T10:59:38,1786679978,13.730323,100.787461,-0.0,0.06,0.2,-0.2,-91.8,268.2,0.0,-0.01,0.07,24.9,84,0,0,0
2026-08-14T10:59:39,1786679979,13.730323,100.787461,0.3,0.06,0.2,-0.2,-91.8,268.2,0.0,-0.01,0.07,24.9,86,0,0,0
2026-08-14T10:59:40,1786679980,13.730323,100.787461,0.1,0.18,0.2,-0.2,-91.8,268.2,0.0,0.0,-0.06,24.9,87,AUTO.LOITER,0,0
2026-08-14T10:59:41,1786679981,13.730323,100.787461,0.2,0.26,0.2,-0.2,-91.8,268.2,0.01,0.0,-0.09,24.9,87,0,0,0
2026-08-14T10:59:42,1786679982,13.730323,100.787461,0.2,0.26,0.2,-0.2,-91.8,268.2,0.01,0.0,-0.09,24.9,87,0,0,0
2026-08-14T10:59:43,1786679983,13.730323,100.787461,0.2,0.3,0.2,-0.2,-91.8,268.2,0.0,0.0,-0.09,24.9,87,AUTO.LOITER,0,0
2026-08-14T10:59:44,1786679984,13.730323,100.787461,0.2,0.3,0.1,-0.2,-91.8,268.2,0.0,0.0,-0.09,24.9,87,0,0,0
2026-08-14T10:59:45,1786679985,13.730322,100.787461,0.2,0.32,0.1,-0.2,-91.8,268.2,-0.02,0.01,-0.04,24.9,87,0,0,0
2026-08-14T10:59:46,1786679986,13.730322,100.787461,0.2,0.32,0.1,-0.2,-91.8,268.2,-0.02,0.01,-0.04,24.9,87,AUTO.LOITER,0,0
2026-08-14T10:59:47,1786679987,13.730322,100.787461,0.3,0.33,0.1,-0.2,-91.8,268.2,-0.03,0.01,-0.03,24.9,87,0,0,0
2026-08-14T10:59:48,1786679988,13.730322,100.787461,0.3,0.34,0.1,-0.2,-91.8,268.2,-0.03,0.0,-0.02,24.9,87,0,0,0
2026-08-14T10:59:49,1786679989,13.730322,100.787461,0.3,0.34,0.2,-0.2,-91.8,268.2,-0.03,0.0,-0.02,24.9,87,AUTO.LOITER,0,0
2026-08-14T10:59:50,1786679990,13.730323,100.787461,0.3,0.36,0.2,-0.2,-91.8,268.2,-0.01,0.01,-0.02,24.9,87,0,0,0
2026-08-14T10:59:51,1786679991,13.730323,100.787461,0.3,0.34,0.2,-0.2,-91.8,268.2,-0.01,0.02,-0.01,24.9,87,0,0,0
2026-08-14T10:59:52,1786679992,13.730323,100.787461,0.3,0.34,0.2,-0.3,-91.8,268.2,-0.01,0.02,-0.01,24.9,87,0,0,0
2026-08-14T10:59:53,1786679993,13.730323,100.787461,0.3,0.34,0.2,-0.3,-91.8,268.2,0.0,0.02,-0.01,24.9,87,0,0,0
2026-08-14T10:59:54,1786679994,13.730323,100.787461,0.3,0.33,0.2,-0.3,-91.8,268.2,0.0,0.0,0.0,24.9,87,0,0,0
2026-08-14T10:59:55,1786679995,13.730323,100.787461,0.3,0.33,0.2,-0.3,-91.8,268.2,0.0,0.0,0.0,24.9,87,0,0,0
2026-08-14T10:59:56,1786679996,13.730323,100.787461,0.3,0.34,0.2,-0.3,-91.8,268.2,-0.01,0.0,-0.01,24.9,87,0,0,0
2026-08-14T10:59:57,1786679997,13.730323,100.787461,0.3,0.35,0.2,-0.3,-91.8,268.2,0.0,0.0,-0.01,24.9,87,0,0,0
2026-08-14T10:59:58,1786679998,13.730323,100.787461,0.3,0.35,0.2,-0.3,-91.8,268.2,0.0,0.0,-0.01,24.9,87,0,0,0
2026-08-14T10:59:59,1786679999,13.730323,100.787461,0.3,0.35,0.2,-0.3,-91.8,268.2,0.0,0.0,-0.02,24.9,87,0,0,0
2026-08-14T11:00:00,1786680000,13.730323,100.787461,0.3,0.38,0.2,-0.3,-91.8,268.2,-0.01,-0.01,-0.03,24.9,87,0,0,0
2026-08-14T11:00:01,1786680001,13.730323,100.787461,0.3,0.38,0.2,-0.3,-91.8,268.2,-0.01,-0.01,-0.03,24.9,87,0,0,0
2026-08-14T11:00:02,1786680002,13.730323,100.787461,0.3,0.39,0.2,-0.3,-91.8,268.2,-0.02,0.0,-0.03,24.9,87,0,0,0
2026-08-14T11:00:03,1786680003,13.730323,100.787461,0.3,0.4,0.2,-0.3,-91.8,268.2,0.0,0.0,-0.03,24.9,87,0,0,0
2026-08-14T11:00:04,1786680004,13.730323,100.787461,0.3,0.4,0.2,-0.3,-91.8,268.2,0.0,0.0,-0.03,24.9,87,0,0,0
2026-08-14T11:00:05,1786680005,13.730323,100.787461,0.3,0.4,0.2,-0.3,-91.8,268.2,0.0,0.0,-0.02,24.9,87,AUTO.LOITER,0,0
2026-08-14T11:00:06,1786680006,13.730323,100.787461,0.3,0.37,0.2,-0.3,-91.8,268.2,0.0,0.0,-0.01,24.9,87,0,0,0
2026-08-14T11:00:07,1786680007,13.730323,100.787461,0.3,0.37,0.2,-0.3,-91.8,268.2,0.0,0.0,-0.01,24.9,87,0,0,0
2026-08-14T11:00:08,1786680008,13.730323,100.787461,0.3,0.37,0.2,-0.3,-91.8,268.2,-0.02,0.01,0.0,24.9,87,0,0,0
2026-08-14T11:00:09,1786680009,13.730323,100.787461,0.3,0.37,0.2,-0.3,-91.8,268.2,-0.02,0.02,0.0,24.9,87,0,0,0
2026-08-14T11:00:10,1786680010,13.730323,100.787461,0.3,0.37,0.3,-0.3,-91.7,268.3,-0.02,0.02,0.0,24.9,87,AUTO.LOITER,0,0
2026-08-14T11:00:11,1786680011,13.730323,100.787461,0.3,0.36,0.3,-0.3,-91.7,268.3,-0.02,0.01,0.0,24.9,87,AUTO.LOITER,0,0
2026-08-14T11:00:12,1786680012,13.730323,100.787461,0.3,0.36,0.3,-0.3,-91.7,268.3,-0.02,0.01,0.0,24.9,87,AUTO.LOITER,0,0
2026-08-14T11:00:48,1786680048,13.730322,100.787446,0.4,0.0,-0.0,-0.7,88.8,88.8,0.0,0.0,-0.1,24.9,87,0,0,0
2026-08-14T11:00:49,1786680049,13.730322,100.787446,0.4,-0.01,-0.0,-0.7,88.8,88.8,0.0,-0.01,-0.04,24.9,100,0,0,0
2026-08-14T11:00:50,1786680050,13.730322,100.787446,0.3,-0.07,-0.0,-0.7,88.8,88.8,0.0,-0.01,0.0,24.9,100,0,0,0
2026-08-14T11:00:51,1786680051,13.730322,100.787446,0.3,-0.1,-0.0,-0.7,88.8,88.8,-0.01,0.0,0.02,24.9,100,0,0,0
2026-08-14T11:00:52,1786680052,13.730322,100.787446,0.3,-0.1,-0.1,-0.7,88.8,88.8,-0.01,0.0,0.02,24.9,100,POSCTL,0,0
2026-08-14T11:00:53,1786680053,13.730322,100.787446,0.3,-0.09,-0.1,-0.7,88.8,88.8,0.0,0.01,0.02,24.9,100,0,0,0
2026-08-14T11:00:54,1786680054,13.730322,100.787446,0.3,-0.09,-0.1,-0.6,88.8,88.8,0.0,0.01,0.02,24.9,100,0,0,0
2026-08-14T11:00:55,1786680055,13.730322,100.787446,0.3,-0.1,-0.1,-0.6,88.8,88.8,0.0,0.0,0.02,24.9,100,0,0,0
2026-08-14T11:00:56,1786680056,13.730322,100.787446,0.3,-0.1,-0.1,-0.5,88.8,88.8,0.0,0.0,0.02,24.9,100,0,0,0
2026-08-14T11:00:57,1786680057,13.730322,100.787446,0.3,-0.11,-0.2,-0.5,88.8,88.8,0.0,0.0,0.03,24.9,100,0,0,0
2026-08-14T11:00:58,1786680058,13.730322,100.787446,0.3,-0.12,-0.2,-0.5,88.7,88.7,0.0,0.0,0.03,24.9,100,0,0,0
2026-08-14T11:00:59,1786680059,13.730322,100.787446,0.3,-0.12,-0.2,-0.5,88.8,88.8,0.0,0.01,0.03,24.9,100,0,0,0
2026-08-14T11:01:00,1786680060,13.730322,100.787446,0.3,-0.12,-0.2,-0.5,88.7,88.7,0.0,0.02,0.03,24.9,100,POSCTL,0,0
2026-08-14T11:01:01,1786680061,13.730322,100.787446,0.3,-0.12,-0.1,-0.4,88.7,88.7,0.0,0.01,0.03,24.9,100,0,0,0
2026-08-14T11:01:02,1786680062,13.730322,100.787446,0.3,-0.12,-0.1,-0.4,88.7,88.7,0.0,0.0,0.02,24.9,100,0,0,0
2026-08-14T11:01:03,1786680063,13.730322,100.787446,0.3,-0.11,-0.2,-0.3,88.7,88.7,0.0,-0.01,0.01,24.9,100,POSCTL,0,0
2026-08-14T11:01:04,1786680064,13.730322,100.787446,0.3,-0.12,-0.2,-0.3,88.7,88.7,0.0,-0.01,0.0,24.9,100,0,0,0
2026-08-14T11:01:05,1786680065,13.730322,100.787446,0.3,-0.12,-0.2,-0.4,88.7,88.7,0.01,-0.01,0.0,24.9,100,0,0,0
2026-08-14T11:01:06,1786680066,13.730322,100.787446,0.3,-0.12,-0.2,-0.3,88.7,88.7,0.01,-0.01,0.0,24.9,100,0,0,0
2026-08-14T11:01:07,1786680067,13.730322,100.787446,0.3,-0.11,-0.2,-0.3,88.7,88.7,0.02,-0.03,-0.01,24.9,100,0,0,0
2026-08-14T11:01:08,1786680068,13.730322,100.787446,0.3,-0.1,-0.2,-0.3,88.7,88.7,0.02,-0.02,-0.01,24.9,100,0,0,0
2026-08-14T11:01:09,1786680069,13.730322,100.787446,0.3,-0.1,-0.2,-0.4,88.7,88.7,0.02,-0.01,-0.02,24.9,100,0,0,0
2026-08-14T11:01:10,1786680070,13.730322,100.787446,0.3,-0.1,-0.2,-0.4,88.7,88.7,0.02,-0.01,-0.02,24.9,100,0,0,0
2026-08-14T11:01:11,1786680071,13.730322,100.787446,0.3,-0.11,-0.1,-0.3,88.7,88.7,0.02,-0.01,-0.02,24.9,100,0,0,0
2026-08-14T11:01:12,1786680072,13.730322,100.787446,0.3,-0.11,-0.1,-0.3,88.7,88.7,0.02,-0.01,-0.03,24.9,100,0,0,0
2026-08-14T11:01:13,1786680073,13.730322,100.787446,0.3,-0.11,-0.1,-0.3,88.7,88.7,0.02,0.0,-0.03,24.9,100,0,0,0
2026-08-14T11:01:14,1786680074,13.730322,100.787446,0.3,-0.1,-0.1,-0.3,88.7,88.7,0.02,-0.01,-0.03,24.9,100,POSCTL,0,0
2026-08-14T11:01:15,1786680075,13.730322,100.787446,0.3,-0.08,-0.1,-0.3,88.7,88.7,0.02,-0.01,-0.04,24.9,100,POSCTL,0,0
2026-08-14T11:01:16,1786680076,13.730322,100.787446,0.3,-0.08,-0.1,-0.3,88.7,88.7,0.01,-0.03,-0.03,24.9,100,0,0,0
2026-08-14T11:01:17,1786680077,13.730322,100.787446,0.3,-0.08,-0.1,-0.4,88.6,88.6,0.01,-0.03,-0.03,24.9,100,0,0,0
2026-08-14T11:01:18,1786680078,13.730322,100.787446,0.3,-0.09,-0.0,-0.4,88.6,88.6,0.01,-0.04,-0.02,24.9,100,0,0,0
2026-08-14T11:01:19,1786680079,13.730322,100.787446,0.3,-0.09,-0.0,-0.4,88.5,88.5,0.0,-0.04,-0.03,24.9,100,0,0,0
2026-08-14T11:01:20,1786680080,13.730322,100.787446,0.3,-0.09,-0.0,-0.4,88.5,88.5,0.0,-0.04,-0.03,24.9,100,0,0,0
2026-08-14T11:01:21,1786680081,13.730322,100.787446,0.3,-0.08,-0.0,-0.4,88.5,88.5,0.0,-0.03,-0.03,24.9,100,0,0,0
2026-08-14T11:01:22,1786680082,13.730322,100.787446,0.3,-0.07,-0.0,-0.5,88.4,88.4,0.0,-0.03,-0.04,24.9,100,0,0,0
2026-08-14T11:01:23,1786680083,13.730322,100.787446,0.4,-0.05,-0.0,-0.5,88.4,88.4,0.01,-0.02,-0.04,24.9,100,0,0,0
2026-08-14T11:01:24,1786680084,13.730322,100.787446,0.4,-0.05,-0.0,-0.5,88.4,88.4,0.0,-0.01,-0.03,24.9,100,0,0,0
2026-08-14T11:01:25,1786680085,13.730322,100.787446,0.4,-0.06,-0.0,-0.5,88.3,88.3,0.0,0.0,-0.03,24.9,100,POSCTL,0,0
2026-08-14T11:01:26,1786680086,13.730322,100.787446,0.4,-0.05,0.0,-0.5,88.4,88.4,-0.01,0.0,-0.03,24.9,100,0,0,0
2026-08-14T11:01:27,1786680087,13.730322,100.787446,0.4,-0.05,-0.0,-0.5,88.3,88.3,0.0,0.0,-0.03,24.9,100,0,0,0
2026-08-14T11:01:28,1786680088,13.730322,100.787446,0.4,-0.05,-0.0,-0.5,88.4,88.4,-0.01,0.0,-0.02,24.9,100,0,0,0
2026-08-14T11:01:29,1786680089,13.730322,100.787446,0.4,-0.06,-0.0,-0.5,88.4,88.4,-0.02,0.0,-0.02,24.9,100,0,0,0
2026-08-14T11:01:30,1786680090,13.730322,100.787446,0.4,-0.06,-0.0,-0.5,88.3,88.3,-0.02,0.0,-0.02,24.9,100,0,0,0
2026-08-14T11:01:31,1786680091,13.730322,100.787446,0.4,-0.06,-0.0,-0.5,88.3,88.3,-0.02,0.0,-0.02,24.9,100,0,0,0
2026-08-14T11:01:32,1786680092,13.730322,100.787446,0.4,-0.06,-0.1,-0.5,88.2,88.2,-0.01,0.0,-0.02,24.9,100,POSCTL,0,0
2026-08-14T11:01:33,1786680093,13.730322,100.787446,0.4,-0.05,-0.1,-0.5,88.2,88.2,-0.01,0.0,-0.02,24.9,100,0,0,0
2026-08-14T11:01:34,1786680094,13.730322,100.787446,0.4,-0.05,-0.1,-0.5,88.2,88.2,-0.01,0.0,-0.02,24.9,100,0,0,0
2026-08-14T11:01:35,1786680095,13.730322,100.787446,0.4,-0.05,-0.1,-0.5,88.2,88.2,-0.01,0.0,-0.02,24.9,100,0,0,0
2026-08-14T11:01:36,1786680096,13.730322,100.787446,0.4,-0.05,-0.1,-0.5,88.2,88.2,-0.01,0.01,-0.03,24.9,100,0,0,0
2026-08-14T11:01:37,1786680097,13.730322,100.787446,0.4,-0.06,-0.1,-0.5,88.2,88.2,0.0,0.01,-0.03,24.9,100,0,0,0
2026-08-14T11:01:38,1786680098,13.730322,100.787446,0.3,-0.06,-0.2,-0.4,88.1,88.1,0.0,0.0,-0.03,24.9,100,0,0,0
2026-08-14T11:01:39,1786680099,13.730322,100.787446,0.3,-0.07,-0.2,-0.4,88.1,88.1,0.0,0.0,-0.02,24.9,100,0,0,0
2026-08-14T11:01:40,1786680100,13.730322,100.787446,0.3,-0.07,-0.2,-0.4,88.1,88.1,0.0,0.0,-0.02,24.9,100,0,0,0
2026-08-14T11:01:41,1786680101,13.730322,100.787446,0.3,-0.08,-0.2,-0.4,88.1,88.1,0.01,0.0,-0.02,24.9,100,0,0,0
2026-08-14T11:01:42,1786680102,13.730322,100.787446,0.3,-0.08,-0.2,-0.5,88.1,88.1,0.01,0.0,-0.02,24.9,100,0,0,0
2026-08-14T11:01:43,1786680103,13.730322,100.787446,0.3,-0.07,-0.2,-0.5,88.1,88.1,0.0,0.0,-0.01,24.9,100,0,0,0
2026-08-14T11:01:44,1786680104,13.730322,100.787446,0.3,-0.07,-0.2,-0.5,88.1,88.1,0.0,0.0,-0.01,24.9,100,0,0,0
2026-08-14T11:01:45,1786680105,13.730322,100.787446,0.3,-0.08,-0.2,-0.5,88.1,88.1,0.01,0.0,0.0,24.9,100,0,0,0
2026-08-14T11:01:46,1786680106,13.730322,100.787446,0.3,-0.08,-0.2,-0.5,88.1,88.1,0.01,0.0,0.0,24.9,100,0,0,0
2026-08-14T11:01:47,1786680107,13.730322,100.787446,0.3,-0.07,-0.2,-0.5,88.1,88.1,0.01,-0.01,-0.01,24.9,100,0,0,0
2026-08-14T11:01:48,1786680108,13.730322,100.787446,0.3,-0.07,-0.2,-0.5,88.1,88.1,0.01,-0.01,-0.01,24.9,100,0,0,0
2026-08-14T11:01:49,1786680109,13.730322,100.787446,0.3,-0.07,-0.1,-0.5,88.1,88.1,0.02,0.0,-0.01,24.9,100,0,0,0
2026-08-14T11:01:50,1786680110,13.730322,100.787446,0.3,-0.07,-0.1,-0.5,88.1,88.1,0.02,0.0,-0.01,24.9,100,0,0,0
2026-08-14T11:01:51,1786680111,13.730322,100.787446,0.3,-0.09,-0.1,-0.5,88.1,88.1,0.01,0.0,0.0,24.9,100,0,0,0
2026-08-14T11:01:52,1786680112,13.730322,100.787446,0.3,-0.09,-0.1,-0.5,88.1,88.1,0.01,0.0,0.0,24.9,100,0,0,0
2026-08-14T11:01:53,1786680113,13.730322,100.787446,0.3,-0.08,-0.1,-0.5,88.2,88.2,0.01,0.01,-0.01,24.9,100,0,0,0
2026-08-14T11:01:54,1786680114,13.730322,100.787446,0.3,-0.08,-0.1,-0.5,88.2,88.2,0.0,0.0,-0.02,24.9,100,POSCTL,0,0
2026-08-14T11:01:55,1786680115,13.730322,100.787446,0.3,-0.08,-0.1,-0.5,88.2,88.2,0.0,0.0,-0.02,24.9,100,0,0,0
2026-08-14T11:01:56,1786680116,13.730322,100.787446,0.3,-0.08,-0.1,-0.5,88.2,88.2,0.0,0.0,-0.02,24.9,100,0,0,0
2026-08-14T11:01:57,1786680117,13.730322,100.787446,0.3,-0.08,-0.1,-0.6,88.2,88.2,0.0,0.0,-0.02,24.9,100,0,0,0
2026-08-14T11:01:58,1786680118,13.730322,100.787446,0.4,-0.04,-0.1,-0.6,88.2,88.2,0.01,0.0,-0.05,24.9,100,0,0,0
2026-08-14T11:01:59,1786680119,13.730322,100.787446,0.4,-0.04,-0.1,-0.6,88.2,88.2,0.01,0.0,-0.05,24.9,100,0,0,0
2026-08-14T11:02:00,1786680120,13.730322,100.787446,0.4,-0.01,-0.1,-0.6,88.2,88.2,0.01,-0.01,-0.06,24.9,100,0,0,0
2026-08-14T11:02:01,1786680121,13.730322,100.787446,0.4,-0.01,-0.0,-0.6,88.2,88.2,0.01,-0.01,-0.06,24.9,100,0,0,0
2026-08-14T11:02:02,1786680122,13.730322,100.787446,0.4,0.01,-0.0,-0.6,88.2,88.2,0.0,0.0,-0.07,24.9,100,POSCTL,0,0
2026-08-14T11:02:03,1786680123,13.730322,100.787446,0.4,0.02,-0.0,-0.6,88.2,88.2,0.0,0.0,-0.07,24.9,100,POSCTL,0,0
2026-08-14T11:02:04,1786680124,13.730322,100.787446,0.4,0.02,-0.0,-0.6,88.2,88.2,0.0,0.0,-0.07,24.9,100,0,0,0
2026-08-14T11:02:05,1786680125,13.730322,100.787446,0.4,0.03,-0.0,-0.6,88.2,88.2,0.0,0.01,-0.07,24.9,100,0,0,0
2026-08-14T11:02:06,1786680126,13.730322,100.787446,0.4,0.03,-0.0,-0.6,88.2,88.2,0.0,0.01,-0.07,24.9,100,0,0,0
2026-08-14T11:02:07,1786680127,13.730322,100.787446,0.5,0.04,-0.0,-0.5,88.2,88.2,0.0,0.0,-0.06,24.9,100,POSCTL,0,0
2026-08-14T11:02:08,1786680128,13.730322,100.787446,0.5,0.04,-0.0,-0.5,88.2,88.2,0.0,0.0,-0.06,24.9,100,0,0,0
2026-08-14T11:02:09,1786680129,13.730322,100.787446,0.4,0.03,-0.0,-0.5,88.2,88.2,0.02,0.0,-0.05,24.9,100,POSCTL,0,0
2026-08-14T11:02:10,1786680130,13.730322,100.787446,0.4,0.03,-0.0,-0.5,88.2,88.2,0.02,0.0,-0.05,24.9,100,0,0,0
2026-08-14T11:02:11,1786680131,13.730322,100.787446,0.4,0.01,0.0,-0.5,88.2,88.2,0.01,0.0,-0.03,24.9,100,POSCTL,0,0
2026-08-14T11:02:12,1786680132,13.730322,100.787446,0.4,0.01,0.0,-0.5,88.2,88.2,0.01,0.0,-0.03,24.9,100,0,0,0
2026-08-14T11:02:13,1786680133,13.730322,100.787446,0.4,-0.01,0.0,-0.5,88.3,88.3,0.01,0.0,-0.02,24.9,100,POSCTL,0,0
2026-08-14T11:02:14,1786680134,13.730322,100.787446,0.3,-0.01,0.0,-0.5,88.3,88.3,0.01,0.0,-0.02,24.9,100,POSCTL,0,0
2026-08-14T11:02:15,1786680135,13.730322,100.787446,0.4,-0.02,0.0,-0.5,88.3,88.3,0.01,0.0,-0.01,24.9,100,0,0,0
2026-08-14T11:02:16,1786680136,13.730322,100.787446,0.4,-0.02,0.0,-0.5,88.3,88.3,0.0,0.0,-0.01,24.9,100,POSCTL,0,0
2026-08-14T11:02:17,1786680137,13.730322,100.787446,0.4,-0.02,0.1,-0.5,88.2,88.2,0.0,0.0,-0.01,24.9,100,0,0,0
2026-08-14T11:02:18,1786680138,13.730322,100.787446,0.4,-0.03,0.1,-0.5,88.3,88.3,0.0,-0.02,-0.01,24.9,100,POSCTL,0,0
2026-08-14T11:02:19,1786680139,13.730322,100.787446,0.4,-0.03,0.1,-0.5,88.2,88.2,0.0,-0.02,-0.01,24.9,100,0,0,0
2026-08-14T11:02:20,1786680140,13.730322,100.787446,0.4,-0.05,0.1,-0.5,88.2,88.2,0.0,-0.02,0.0,24.9,100,POSCTL,0,0
2026-08-14T11:02:21,1786680141,13.730322,100.787446,0.4,-0.05,0.1,-0.5,88.3,88.3,0.0,-0.02,0.0,24.9,100,0,0,0
2026-08-14T11:02:22,1786680142,13.730322,100.787446,0.4,-0.06,0.1,-0.6,88.3,88.3,0.0,0.0,0.0,24.9,100,POSCTL,0,0
2026-08-14T11:02:23,1786680143,13.730322,100.787446,0.4,-0.06,0.1,-0.6,88.3,88.3,0.0,0.0,0.0,24.9,100,0,0,0
2026-08-14T11:02:24,1786680144,13.730322,100.787446,0.3,-0.07,0.1,-0.6,88.3,88.3,0.0,0.0,0.0,24.9,100,POSCTL,0,0
2026-08-14T11:02:25,1786680145,13.730322,100.787446,0.3,-0.07,0.1,-0.6,88.3,88.3,0.0,0.0,0.0,24.9,100,0,0,0
2026-08-14T11:02:26,1786680146,13.730322,100.787446,0.3,-0.08,0.1,-0.6,88.3,88.3,0.0,0.02,0.0,24.9,100,POSCTL,0,0
2026-08-14T11:02:27,1786680147,13.730322,100.787446,0.3,-0.08,0.1,-0.6,88.3,88.3,0.0,0.02,0.0,24.9,100,POSCTL,0,0
2026-08-14T11:02:28,1786680148,13.730322,100.787446,0.3,-0.1,0.1,-0.6,88.3,88.3,0.0,0.01,0.0,24.9,100,0,0,0
2026-08-14T11:02:29,1786680149,13.730322,100.787446,0.3,-0.1,0.1,-0.6,88.3,88.3,-0.01,0.02,0.0,24.9,100,POSCTL,0,0
2026-08-14T11:02:30,1786680150,13.730322,100.787446,0.3,-0.1,0.1,-0.6,88.3,88.3,-0.01,0.02,0.0,24.9,100,0,0,0
2026-08-14T11:02:31,1786680151,13.730322,100.787446,0.3,-0.09,0.1,-0.5,88.2,88.2,0.0,0.02,-0.01,24.9,100,POSCTL,0,0
2026-08-14T11:02:32,1786680152,13.730322,100.787446,0.3,-0.09,0.1,-0.5,88.2,88.2,0.0,0.02,-0.01,24.9,100,0,0,0
2026-08-14T11:02:33,1786680153,13.730322,100.787446,0.3,-0.06,0.1,-0.5,88.3,88.3,-0.01,0.02,-0.02,24.9,100,POSCTL,0,0
2026-08-14T11:02:34,1786680154,13.730322,100.787446,0.3,-0.06,0.1,-0.5,88.3,88.3,-0.01,0.02,-0.02,24.9,100,0,0,0
2026-08-14T11:02:35,1786680155,13.730322,100.787446,0.4,-0.05,0.1,-0.5,88.3,88.3,-0.01,0.01,-0.03,24.9,100,0,0,0
2026-08-14T11:02:36,1786680156,13.730322,100.787446,0.4,-0.05,0.1,-0.5,88.3,88.3,-0.01,0.01,-0.03,24.9,100,0,0,0
2026-08-14T11:02:37,1786680157,13.730322,100.787446,0.4,-0.04,0.1,-0.5,88.3,88.3,-0.03,0.0,-0.04,24.9,100,POSCTL,0,0
2026-08-14T11:02:38,1786680158,13.730322,100.787446,0.3,-0.04,0.1,-0.5,88.3,88.3,-0.03,0.0,-0.04,24.9,100,POSCTL,0,0
2026-08-14T11:02:39,1786680159,13.730322,100.787446,0.4,-0.02,0.1,-0.5,88.3,88.3,-0.03,0.0,-0.05,24.9,100,0,0,0
2026-08-14T11:02:40,1786680160,13.730322,100.787446,0.4,0.0,0.1,-0.5,88.3,88.3,-0.03,0.0,-0.06,24.9,100,POSCTL,0,0
2026-08-14T11:02:41,1786680161,13.730322,100.787446,0.4,0.0,0.1,-0.5,88.3,88.3,-0.03,0.0,-0.06,24.9,100,0,0,0
2026-08-14T11:02:42,1786680162,13.730322,100.787446,0.4,0.0,0.1,-0.5,88.4,88.4,-0.03,0.01,-0.06,24.9,100,POSCTL,0,0
2026-08-14T11:02:43,1786680163,13.730322,100.787446,0.4,0.0,0.1,-0.5,88.4,88.4,-0.03,0.01,-0.06,24.9,100,0,0,0
2026-08-14T11:02:44,1786680164,13.730322,100.787446,0.3,0.0,0.0,-0.5,88.4,88.4,-0.03,0.01,-0.06,24.9,100,POSCTL,0,0
2026-08-14T11:02:45,1786680165,13.730322,100.787446,0.3,0.0,0.0,-0.5,88.4,88.4,-0.03,0.01,-0.06,24.9,100,POSCTL,0,0
2026-08-14T11:02:46,1786680166,13.730322,100.787446,0.4,0.0,0.0,-0.5,88.4,88.4,-0.02,-0.02,-0.04,24.9,100,POSCTL,0,0
2026-08-14T11:02:47,1786680167,13.730322,100.787446,0.4,-0.01,0.0,-0.5,88.5,88.5,-0.02,-0.03,-0.02,24.9,100,POSCTL,0,0
2026-08-14T11:02:48,1786680168,13.730322,100.787446,0.4,-0.01,-0.0,-0.5,88.5,88.5,-0.02,-0.03,-0.02,24.9,100,0,0,0
2026-08-14T11:02:49,1786680169,13.730322,100.787446,0.4,-0.03,-0.0,-0.5,88.6,88.6,-0.02,-0.03,-0.01,24.9,100,POSCTL,0,0
2026-08-14T11:02:50,1786680170,13.730322,100.787446,0.4,-0.03,-0.0,-0.6,88.7,88.7,-0.02,-0.03,-0.01,24.9,100,0,0,0
2026-08-14T11:02:51,1786680171,13.730322,100.787446,0.3,-0.06,-0.1,-0.6,88.7,88.7,-0.02,-0.01,0.0,24.9,100,POSCTL,0,0
2026-08-14T11:02:52,1786680172,13.730322,100.787446,0.3,-0.06,-0.1,-0.6,88.8,88.8,-0.02,-0.01,0.0,24.9,100,0,0,0
2026-08-14T11:02:53,1786680173,13.730322,100.787446,0.3,-0.06,-0.1,-0.6,88.8,88.8,-0.02,-0.01,0.0,24.9,100,0,0,0
2026-08-14T11:02:54,1786680174,13.730322,100.787446,0.3,-0.06,-0.1,-0.6,88.7,88.7,-0.02,-0.01,0.0,24.9,100,0,0,0
2026-08-14T11:02:55,1786680175,13.730322,100.787446,0.3,-0.11,-0.1,-0.6,88.7,88.7,-0.02,0.0,0.01,24.9,100,0,0,0
2026-08-14T11:02:56,1786680176,13.730322,100.787446,0.3,-0.14,-0.1,-0.6,88.7,88.7,-0.01,0.0,0.02,24.9,100,POSCTL,0,0
2026-08-14T11:02:57,1786680177,13.730322,100.787446,0.3,-0.14,-0.2,-0.6,88.7,88.7,-0.01,0.0,0.02,24.9,100,0,0,0
2026-08-14T11:02:58,1786680178,13.730322,100.787446,0.3,-0.16,-0.2,-0.6,88.7,88.7,-0.01,0.01,0.02,24.9,100,POSCTL,0,0
2026-08-14T11:02:59,1786680179,13.730322,100.787446,0.3,-0.16,-0.2,-0.6,88.6,88.6,-0.01,0.01,0.02,24.9,100,0,0,0
2026-08-14T11:03:00,1786680180,13.730322,100.787446,0.3,-0.14,-0.2,-0.6,88.6,88.6,-0.01,0.0,0.01,24.9,100,POSCTL,0,0
2026-08-14T11:03:01,1786680181,13.730322,100.787446,0.3,-0.14,-0.2,-0.6,88.6,88.6,-0.01,0.0,0.01,24.9,100,0,0,0
2026-08-14T11:03:02,1786680182,13.730322,100.787446,0.3,-0.12,-0.2,-0.6,88.5,88.5,-0.01,0.0,0.0,24.9,100,POSCTL,0,0
2026-08-14T11:03:03,1786680183,13.730322,100.787446,0.3,-0.12,-0.2,-0.6,88.5,88.5,-0.01,0.0,0.0,24.9,100,0,0,0
2026-08-14T11:03:04,1786680184,13.730322,100.787446,0.3,-0.12,-0.2,-0.6,88.6,88.6,0.0,0.0,-0.01,24.9,100,0,0,0
2026-08-14T11:03:05,1786680185,13.730322,100.787446,0.3,-0.12,-0.2,-0.6,88.6,88.6,0.0,0.0,-0.01,24.9,100,POSCTL,0,0
2026-08-14T11:03:06,1786680186,13.730322,100.787446,0.3,-0.1,-0.2,-0.6,88.6,88.6,-0.01,-0.01,-0.02,24.9,100,0,0,0
2026-08-14T11:03:07,1786680187,13.730322,100.787446,0.3,-0.09,-0.2,-0.6,88.6,88.6,-0.01,-0.02,-0.03,24.9,100,POSCTL,0,0
2026-08-14T11:03:08,1786680188,13.730322,100.787446,0.3,-0.09,-0.2,-0.6,88.7,88.7,-0.01,-0.02,-0.03,24.9,100,0,0,0
2026-08-14T11:03:09,1786680189,13.730322,100.787446,0.3,-0.07,-0.2,-0.7,88.7,88.7,0.0,-0.01,-0.04,24.9,100,POSCTL,0,0
2026-08-14T11:03:10,1786680190,13.730322,100.787446,0.3,-0.07,-0.2,-0.7,88.7,88.7,0.0,-0.01,-0.04,24.9,100,0,0,0
2026-08-14T11:03:11,1786680191,13.730322,100.787446,0.4,-0.05,-0.2,-0.7,88.7,88.7,0.0,0.01,-0.06,24.9,100,POSCTL,0,0
2026-08-14T11:03:12,1786680192,13.730322,100.787446,0.4,-0.05,-0.2,-0.7,88.7,88.7,0.0,0.01,-0.06,24.9,100,0,0,0
2026-08-14T11:03:13,1786680193,13.730322,100.787446,0.4,-0.05,-0.2,-0.7,88.7,88.7,0.0,0.01,-0.06,24.9,100,0,0,0
2026-08-14T11:03:14,1786680194,13.730322,100.787446,0.4,-0.03,-0.2,-0.7,88.7,88.7,0.0,0.0,-0.07,24.9,100,POSCTL,0,0
2026-08-14T11:03:15,1786680195,13.730322,100.787446,0.4,-0.03,-0.2,-0.6,88.7,88.7,0.0,0.0,-0.07,24.9,100,0,0,0
2026-08-14T11:03:16,1786680196,13.730322,100.787446,0.4,-0.01,-0.2,-0.6,88.7,88.7,0.01,-0.01,-0.07,24.9,100,POSCTL,0,0
2026-08-14T11:03:17,1786680197,13.730322,100.787446,0.4,-0.01,-0.2,-0.6,88.7,88.7,0.01,-0.01,-0.07,24.9,100,0,0,0
2026-08-14T11:03:18,1786680198,13.730322,100.787446,0.4,0.01,-0.2,-0.7,88.7,88.7,0.01,0.0,-0.07,24.9,100,POSCTL,0,0
2026-08-14T11:03:19,1786680199,13.730322,100.787446,0.4,0.01,-0.2,-0.7,88.8,88.8,0.01,0.0,-0.07,24.9,100,0,0,0
2026-08-14T11:03:20,1786680200,13.730322,100.787446,0.4,0.01,-0.2,-0.6,88.7,88.7,0.01,0.0,-0.06,24.9,100,POSCTL,0,0
2026-08-14T11:03:21,1786680201,13.730322,100.787446,0.4,0.01,-0.1,-0.6,88.7,88.7,0.01,0.0,-0.06,24.9,100,0,0,0
2026-08-14T11:03:22,1786680202,13.730322,100.787446,0.4,0.01,-0.1,-0.6,88.8,88.8,-0.01,-0.01,-0.05,24.9,100,0,0,0
2026-08-14T11:03:23,1786680203,13.730322,100.787446,0.3,0.01,-0.1,-0.6,88.8,88.8,-0.01,-0.01,-0.05,24.9,100,POSCTL,0,0
2026-08-14T11:03:24,1786680204,13.730322,100.787446,0.4,0.02,-0.1,-0.6,88.8,88.8,-0.02,-0.01,-0.04,24.9,100,0,0,0
2026-08-14T11:03:25,1786680205,13.730322,100.787446,0.3,0.02,-0.1,-0.6,88.8,88.8,-0.02,-0.01,-0.04,24.9,100,POSCTL,0,0
2026-08-14T11:03:26,1786680206,13.730322,100.787446,0.3,0.02,-0.1,-0.6,88.8,88.8,-0.02,-0.01,-0.04,24.9,100,0,0,0
2026-08-14T11:03:27,1786680207,13.730322,100.787446,0.4,0.0,-0.1,-0.6,88.7,88.7,-0.01,0.01,-0.02,24.9,100,POSCTL,0,0
2026-08-14T11:03:28,1786680208,13.730322,100.787446,0.4,0.0,-0.2,-0.6,88.7,88.7,-0.01,0.01,-0.02,24.9,100,0,0,0
2026-08-14T11:03:29,1786680210,13.730322,100.787446,0.4,-0.02,-0.2,-0.6,88.7,88.7,0.0,0.02,-0.01,24.9,100,POSCTL,0,0
2026-08-14T11:03:30,1786680211,13.730322,100.787446,0.4,-0.02,-0.2,-0.6,88.7,88.7,0.0,0.02,-0.01,24.9,100,0,0,0
2026-08-14T11:03:31,1786680212,13.730322,100.787446,0.4,-0.03,-0.2,-0.6,88.7,88.7,0.01,0.0,0.0,24.9,100,POSCTL,0,0
2026-08-14T11:03:32,1786680213,13.730322,100.787446,0.4,-0.03,-0.2,-0.6,88.7,88.7,0.01,0.0,0.0,24.9,100,0,0,0
2026-08-14T11:03:33,1786680214,13.730322,100.787446,0.3,-0.03,-0.2,-0.6,88.7,88.7,0.01,0.0,0.0,24.9,100,0,0,0
2026-08-14T11:03:34,1786680215,13.730322,100.787446,0.3,-0.03,-0.1,-0.6,88.7,88.7,0.01,0.0,0.0,24.9,100,POSCTL,0,0
2026-08-14T11:03:35,1786680216,13.730322,100.787446,0.3,-0.09,-0.1,-0.5,88.7,88.7,0.0,0.0,0.03,24.9,100,0,0,0
2026-08-14T11:03:36,1786680217,13.730322,100.787446,0.3,-0.11,-0.1,-0.5,88.7,88.7,-0.01,0.0,0.03,24.9,100,POSCTL,0,0
2026-08-14T11:03:37,1786680218,13.730322,100.787446,0.3,-0.11,-0.1,-0.5,88.7,88.7,-0.01,0.0,0.03,24.9,100,0,0,0
2026-08-14T11:03:38,1786680219,13.730322,100.787446,0.3,-0.12,-0.1,-0.5,88.7,88.7,-0.01,0.0,0.03,24.9,100,POSCTL,0,0
2026-08-14T11:03:39,1786680220,13.730322,100.787446,0.3,-0.12,-0.1,-0.5,88.7,88.7,-0.01,0.0,0.03,24.9,100,0,0,0
2026-08-14T11:03:40,1786680221,13.730322,100.787446,0.3,-0.13,-0.1,-0.5,88.7,88.7,0.0,0.0,0.02,24.9,100,POSCTL,0,0
2026-08-14T11:03:41,1786680222,13.730322,100.787446,0.3,-0.13,-0.1,-0.5,88.7,88.7,0.0,0.0,0.02,24.9,100,0,0,0
2026-08-14T11:03:42,1786680223,13.730322,100.787446,0.3,-0.13,-0.1,-0.4,88.7,88.7,-0.01,0.0,0.02,24.9,100,POSCTL,0,0
2026-08-14T11:03:43,1786680224,13.730322,100.787446,0.3,-0.13,-0.1,-0.4,88.7,88.7,-0.01,0.0,0.02,24.9,100,0,0,0
2026-08-14T11:03:44,1786680225,13.730322,100.787446,0.3,-0.13,-0.1,-0.4,88.7,88.7,-0.01,0.0,0.02,24.9,100,0,0,0
2026-08-14T11:03:45,1786680226,13.730322,100.787446,0.3,-0.13,-0.1,-0.4,88.7,88.7,-0.01,0.0,0.02,24.9,100,0,0,0
2026-08-14T11:03:46,1786680227,13.730322,100.787446,0.3,-0.13,-0.1,-0.4,88.7,88.7,-0.02,-0.01,0.02,24.9,100,0,0,0
2026-08-14T11:03:47,1786680228,13.730322,100.787446,0.3,-0.14,-0.2,-0.4,88.7,88.7,-0.01,-0.01,0.03,24.9,100,POSCTL,0,0
2026-08-14T11:03:48,1786680229,13.730322,100.787446,0.3,-0.14,-0.2,-0.4,88.7,88.7,-0.01,-0.01,0.03,24.9,100,0,0,0
2026-08-14T11:03:49,1786680230,13.730322,100.787446,0.3,-0.16,-0.2,-0.4,88.7,88.7,-0.01,-0.01,0.05,24.9,100,POSCTL,0,0
2026-08-14T11:03:50,1786680231,13.730322,100.787446,0.3,-0.16,-0.1,-0.4,88.7,88.7,-0.01,-0.01,0.05,24.9,100,0,0,0
2026-08-14T11:03:51,1786680232,13.730322,100.787446,0.2,-0.16,-0.1,-0.4,88.7,88.7,-0.03,-0.02,0.06,24.9,100,POSCTL,0,0
2026-08-14T11:03:52,1786680233,13.730322,100.787446,0.2,-0.16,-0.1,-0.4,88.7,88.7,-0.03,-0.02,0.06,24.9,100,0,0,0
2026-08-14T11:03:53,1786680234,13.730322,100.787446,0.2,-0.16,-0.1,-0.4,88.7,88.7,-0.03,-0.02,0.06,24.9,100,0,0,0
2026-08-14T11:03:54,1786680235,13.730322,100.787446,0.2,-0.16,-0.1,-0.4,88.7,88.7,-0.03,-0.02,0.06,24.9,100,0,0,0
2026-08-14T11:03:55,1786680236,13.730322,100.787446,0.2,-0.2,-0.1,-0.4,88.7,88.7,-0.03,-0.02,0.09,24.9,100,0,0,0
2026-08-14T11:03:56,1786680237,13.730322,100.787446,0.2,-0.2,-0.1,-0.4,88.7,88.7,-0.03,-0.02,0.09,24.9,100,0,0,0
2026-08-14T11:03:57,1786680238,13.730322,100.787446,0.2,-0.21,-0.2,-0.5,88.7,88.7,-0.01,0.0,0.09,24.9,100,0,0,0
2026-08-14T11:03:58,1786680239,13.730322,100.787446,0.3,-0.21,-0.2,-0.5,88.7,88.7,-0.01,0.0,0.09,24.9,100,POSCTL,0,0
2026-08-14T11:03:59,1786680240,13.730322,100.787446,0.2,-0.24,-0.2,-0.5,88.6,88.6,0.0,0.01,0.1,24.9,100,0,0,0
2026-08-14T11:04:00,1786680241,13.730322,100.787446,0.1,-0.27,-0.2,-0.4,88.6,88.6,0.0,0.01,0.12,24.9,100,POSCTL,0,0
2026-08-14T11:04:01,1786680242,13.730322,100.787446,0.1,-0.27,-0.2,-0.4,88.6,88.6,0.0,0.01,0.12,24.9,100,0,0,0
2026-08-14T11:04:02,1786680243,13.730322,100.787446,0.1,-0.29,-0.2,-0.4,88.6,88.6,0.0,0.01,0.12,24.9,100,POSCTL,0,0
2026-08-14T11:04:03,1786680244,13.730322,100.787446,0.1,-0.29,-0.2,-0.4,88.6,88.6,0.0,0.01,0.12,24.9,100,0,0,0
2026-08-14T11:04:04,1786680245,13.730322,100.787446,0.1,-0.31,-0.2,-0.4,88.6,88.6,0.01,0.02,0.12,24.9,100,POSCTL,0,0
2026-08-14T11:04:05,1786680246,13.730322,100.787446,0.1,-0.31,-0.2,-0.3,88.5,88.5,0.01,0.02,0.12,24.9,100,0,0,0
2026-08-14T11:04:06,1786680247,13.730322,100.787446,0.1,-0.35,-0.2,-0.3,88.5,88.5,0.01,0.01,0.13,24.9,100,POSCTL,0,0
2026-08-14T11:04:07,1786680248,13.730322,100.787446,0.1,-0.35,-0.1,-0.3,88.5,88.5,0.01,0.01,0.13,24.9,100,0,0,0
2026-08-14T11:04:08,1786680249,13.730322,100.787446,0.1,-0.35,-0.1,-0.3,88.5,88.5,0.0,0.0,0.13,24.9,100,0,0,0
2026-08-14T11:04:09,1786680250,13.730322,100.787446,0.1,-0.35,-0.1,-0.3,88.5,88.5,0.0,0.0,0.13,24.9,100,0,0,0
2026-08-14T11:04:10,1786680251,13.730322,100.787446,0.1,-0.35,-0.1,-0.3,88.5,88.5,0.0,0.0,0.13,24.9,100,0,0,0
2026-08-14T11:04:11,1786680252,13.730322,100.787446,0.3,-0.35,-0.1,-0.2,88.5,88.5,0.0,0.0,0.13,24.9,100,POSCTL,0,0
2026-08-14T11:04:12,1786680253,13.730322,100.787446,0.1,-0.35,-0.1,-0.2,88.5,88.5,0.01,0.0,0.13,24.9,100,0,0,0
2026-08-14T11:04:13,1786680254,13.730322,100.787446,0.0,-0.37,-0.1,-0.2,88.4,88.4,0.01,-0.01,0.13,24.9,100,POSCTL,0,0
2026-08-14T11:04:14,1786680255,13.730322,100.787446,0.0,-0.37,-0.0,-0.2,88.4,88.4,0.01,-0.01,0.13,24.9,100,0,0,0
2026-08-14T11:04:15,1786680256,13.730322,100.787446,0.1,-0.36,-0.0,-0.2,88.4,88.4,0.01,0.0,0.13,24.9,100,0,0,0
2026-08-14T11:04:16,1786680257,13.730322,100.787446,0.1,-0.36,-0.0,-0.2,88.4,88.4,0.01,0.0,0.13,24.9,100,0,0,0
2026-08-14T11:04:17,1786680258,13.730322,100.787446,0.1,-0.34,0.0,-0.2,88.4,88.4,0.01,0.0,0.13,24.9,100,POSCTL,0,0
2026-08-14T11:04:18,1786680259,13.730322,100.787446,0.1,-0.34,0.0,-0.2,88.4,88.4,0.01,0.0,0.13,24.9,100,0,0,0
2026-08-14T11:04:19,1786680260,13.730322,100.787446,0.1,-0.34,0.0,-0.2,88.3,88.3,0.0,0.0,0.13,24.9,100,0,0,0
2026-08-14T11:04:20,1786680261,13.730322,100.787446,0.1,-0.34,0.0,-0.2,88.3,88.3,0.0,0.0,0.13,24.9,100,0,0,0
2026-08-14T11:04:21,1786680262,13.730322,100.787446,0.1,-0.35,0.0,-0.1,88.4,88.4,0.0,-0.01,0.12,24.9,100,0,0,0
2026-08-14T11:04:22,1786680263,13.730322,100.787446,0.3,-0.35,0.1,-0.1,88.4,88.4,0.0,-0.01,0.12,24.9,100,POSCTL,0,0
2026-08-14T11:04:23,1786680264,13.730322,100.787446,0.1,-0.36,0.1,-0.1,88.3,88.3,0.01,-0.01,0.11,24.9,100,0,0,0
2026-08-14T11:04:24,1786680265,13.730322,100.787446,0.1,-0.35,0.1,-0.1,88.4,88.4,0.0,0.0,0.1,24.9,100,POSCTL,0,0
2026-08-14T11:04:25,1786680266,13.730322,100.787446,0.1,-0.35,0.1,-0.1,88.4,88.4,0.0,0.0,0.1,24.9,100,0,0,0
2026-08-14T11:04:26,1786680267,13.730322,100.787446,0.1,-0.34,0.1,-0.1,88.4,88.4,0.0,-0.01,0.09,24.9,100,POSCTL,0,0
2026-08-14T11:04:27,1786680268,13.730322,100.787446,0.1,-0.34,0.1,-0.1,88.4,88.4,0.0,-0.01,0.09,24.9,100,0,0,0
2026-08-14T11:04:28,1786680269,13.730322,100.787446,0.3,-0.34,0.1,-0.1,88.4,88.4,0.0,-0.01,0.09,24.9,100,0,0,0
2026-08-14T11:04:29,1786680270,13.730322,100.787446,0.3,-0.34,0.2,-0.1,88.4,88.4,0.0,-0.01,0.09,24.9,100,0,0,0
2026-08-14T11:04:30,1786680271,13.730322,100.787446,0.1,-0.29,0.2,-0.1,88.4,88.4,-0.01,-0.01,0.08,24.9,100,POSCTL,0,0
2026-08-14T11:04:31,1786680272,13.730322,100.787446,0.1,-0.29,0.2,-0.1,88.4,88.4,-0.01,-0.01,0.08,24.9,100,0,0,0
2026-08-14T11:04:32,1786680273,13.730322,100.787446,0.1,-0.29,0.2,-0.1,88.3,88.3,-0.03,0.0,0.09,24.9,100,0,0,0
2026-08-14T11:04:33,1786680274,13.730322,100.787446,0.1,-0.29,0.2,-0.1,88.3,88.3,-0.03,0.0,0.09,24.9,100,0,0,0
2026-08-14T11:04:34,1786680275,13.730322,100.787446,0.1,-0.3,0.2,-0.1,88.3,88.3,-0.02,0.0,0.09,24.9,100,0,0,0
2026-08-14T11:04:35,1786680276,13.730322,100.787446,0.1,-0.3,0.2,-0.1,88.3,88.3,-0.02,0.0,0.09,24.9,100,0,0,0
2026-08-14T11:04:36,1786680277,13.730322,100.787446,0.1,-0.3,0.2,-0.1,88.3,88.3,-0.02,0.0,0.09,24.9,100,0,0,0
