iso,unix,lat,lon,alt_msl,rel_alt,roll,pitch,yaw,heading,vx,vy,vz,vbatt,batt_pct,mode,armed,in_air
2026-08-21T14:12:47,1787296367,13.822765,100.511625,9.2,-0.01,-0.9,-3.6,157.9,157.9,0.0,-0.01,0.0,,,POSCTL,0,0
2026-08-21T14:12:48,1787296368,13.822765,100.511625,9.2,-0.01,-0.9,-3.6,157.9,157.9,0.0,-0.01,0.0,,,POSCTL,0,0
2026-08-21T14:12:49,1787296369,13.822765,100.511625,9.2,-0.01,-0.9,-3.6,157.9,157.9,0.0,-0.01,0.0,,,POSCTL,0,0
2026-08-21T14:12:50,1787296370,13.822765,100.511625,9.2,-0.01,-0.9,-3.6,157.9,157.9,0.0,-0.01,0.0,,,POSCTL,0,0
2026-08-21T14:12:51,1787296371,13.822765,100.511625,9.2,-0.01,-0.9,-3.6,157.9,157.9,0.0,-0.01,0.0,,,POSCTL,0,0
2026-08-21T14:12:52,1787296372,13.822765,100.511625,9.2,-0.01,-0.9,-3.6,157.8,157.8,0.0,-0.01,0.0,,,POSCTL,0,0
2026-08-21T14:12:53,1787296373,13.822765,100.511625,9.2,-0.01,-0.9,-3.6,157.8,157.8,0.0,-0.01,0.0,,,POSCTL,0,0
2026-08-21T14:12:54,1787296374,13.822765,100.511625,9.2,-0.01,-1.0,-3.6,157.7,157.7,0.0,-0.01,0.0,24.76,88,POSCTL,0,0
2026-08-21T14:12:55,1787296375,13.822764,100.511624,9.2,-0.02,-1.0,-3.6,157.7,157.7,0.0,0.0,0.0,24.76,88,POSCTL,0,0
2026-08-21T14:12:56,1787296376,13.822764,100.511624,9.2,-0.02,-1.0,-3.6,157.7,157.7,0.0,0.0,0.0,24.76,88,POSCTL,0,0
2026-08-21T14:12:57,1787296377,13.822764,100.511624,9.2,-0.02,-1.0,-3.6,157.7,157.7,0.0,0.0,0.0,24.76,88,POSCTL,0,0
2026-08-21T14:12:58,1787296378,13.822765,100.511624,9.2,-0.03,-1.0,-3.6,157.7,157.7,0.01,0.0,0.0,24.76,88,POSCTL,0,0
2026-08-21T14:12:59,1787296379,13.822765,100.511624,9.2,-0.03,-1.0,-3.6,157.7,157.7,0.01,0.0,0.0,24.76,88,POSCTL,0,0
2026-08-21T14:13:00,1787296380,13.822765,100.511624,9.2,-0.03,-1.0,-3.6,157.7,157.7,0.01,0.0,0.0,24.76,88,POSCTL,0,0
2026-08-21T14:13:01,1787296381,13.822765,100.511624,9.2,-0.03,-0.9,-3.6,157.6,157.6,0.01,0.0,0.0,24.76,88,POSCTL,0,0
2026-08-21T14:13:02,1787296382,13.822764,100.51162,9.2,-0.03,-0.9,-3.6,157.6,157.6,0.0,-0.02,0.0,24.76,88,POSCTL,0,0
2026-08-21T14:13:03,1787296383,13.822764,100.51162,9.2,-0.03,-1.0,-3.6,157.6,157.6,0.0,-0.02,0.0,24.76,88,POSCTL,0,0
2026-08-21T14:13:04,1787296384,13.822764,100.51162,9.2,-0.03,-1.0,-3.6,157.6,157.6,0.0,-0.02,0.0,24.76,88,POSCTL,0,0
2026-08-21T14:13:05,1787296385,13.822764,100.51162,9.2,-0.03,-1.0,-3.6,157.6,157.6,0.0,-0.02,0.0,24.76,88,POSCTL,0,0
2026-08-21T14:13:06,1787296386,13.822764,100.51162,9.2,-0.03,-1.0,-3.6,157.6,157.6,0.0,-0.02,0.0,24.76,88,POSCTL,0,0
2026-08-21T14:13:07,1787296387,13.822764,100.51162,9.2,-0.03,-1.0,-3.6,157.6,157.6,0.0,-0.02,0.0,24.76,88,POSCTL,0,0
2026-08-21T14:13:08,1787296388,13.822764,100.51162,9.2,-0.03,-1.0,-3.6,157.6,157.6,0.0,-0.02,0.0,24.76,88,POSCTL,0,0
2026-08-21T14:13:09,1787296389,13.822764,100.51162,9.2,-0.03,-1.0,-3.6,157.6,157.6,0.0,-0.02,0.0,24.76,88,POSCTL,0,0
2026-08-21T14:13:10,1787296390,13.822765,100.511617,9.2,-0.04,-1.0,-3.6,157.6,157.6,0.0,-0.01,0.0,24.76,88,POSCTL,0,0
2026-08-21T14:13:11,1787296391,13.822765,100.511617,9.2,-0.04,-1.0,-3.6,157.6,157.6,0.0,-0.01,0.0,24.75,88,POSCTL,0,0
2026-08-21T14:13:12,1787296392,13.822765,100.511617,9.2,-0.04,-1.0,-3.6,157.5,157.5,0.0,-0.01,0.0,24.75,88,POSCTL,0,0
2026-08-21T14:13:13,1787296393,13.822765,100.511616,9.2,-0.04,-1.0,-3.6,157.5,157.5,0.0,0.0,0.0,24.75,88,POSCTL,0,0
2026-08-21T14:13:14,1787296394,13.822765,100.511616,9.2,-0.04,-1.0,-3.6,157.5,157.5,0.0,0.0,0.0,24.75,88,POSCTL,0,0
2026-08-21T14:13:15,1787296395,13.822765,100.511616,9.2,-0.04,-1.0,-3.6,157.5,157.5,0.0,0.0,0.0,24.75,88,POSCTL,0,0
2026-08-21T14:13:16,1787296396,13.822765,100.511615,9.2,-0.04,-1.0,-3.6,157.5,157.5,0.0,0.0,0.0,24.75,88,POSCTL,0,0
2026-08-21T14:13:17,1787296397,13.822765,100.511615,9.2,-0.04,-1.0,-3.6,157.5,157.5,0.0,0.0,0.0,24.75,88,POSCTL,0,0
2026-08-21T14:13:18,1787296398,13.822765,100.511615,9.2,-0.04,-1.0,-3.6,157.5,157.5,0.0,0.0,0.0,24.75,88,POSCTL,1,0
2026-08-21T14:13:19,1787296399,13.822765,100.511615,9.2,-0.04,-1.0,-3.6,157.5,157.5,0.0,0.0,0.0,24.74,88,POSCTL,1,0
2026-08-21T14:13:20,1787296400,13.822765,100.511615,9.2,-0.04,-1.0,-3.6,157.5,157.5,0.0,0.0,0.0,24.74,88,POSCTL,1,0
2026-08-21T14:13:21,1787296401,13.822765,100.511612,9.2,-0.04,-1.0,-3.6,157.5,157.5,0.0,0.0,0.0,24.74,88,POSCTL,1,0
2026-08-21T14:13:22,1787296402,13.822765,100.511612,9.2,-0.04,-1.0,-3.6,157.5,157.5,0.0,0.0,0.0,24.74,88,POSCTL,1,0
2026-08-21T14:13:23,1787296403,13.822766,100.511613,9.2,-0.01,-1.0,-3.6,157.3,157.3,0.0,-0.01,0.0,24.74,88,POSCTL,1,0
2026-08-21T14:13:24,1787296404,13.822766,100.511611,9.2,-0.01,-1.0,-3.6,157.3,157.3,0.0,-0.01,0.0,24.74,88,POSCTL,1,0
2026-08-21T14:13:25,1787296405,13.822765,100.511612,9.2,-0.01,-1.0,-3.6,157.3,157.3,-0.01,0.0,0.0,24.74,88,POSCTL,1,0
2026-08-21T14:13:26,1787296406,13.822765,100.511612,9.2,-0.01,-1.0,-3.6,157.3,157.3,-0.01,0.0,0.0,24.74,88,POSCTL,1,0
2026-08-21T14:13:27,1787296407,13.822766,100.511609,9.2,-0.01,-1.0,-3.6,157.2,157.2,-0.01,0.0,0.0,24.74,88,POSCTL,1,0
2026-08-21T14:13:28,1787296408,13.822766,100.511609,9.2,-0.01,-1.0,-3.6,157.2,157.2,-0.01,0.0,0.0,24.74,88,POSCTL,1,0
2026-08-21T14:13:29,1787296409,13.822766,100.511609,9.2,-0.01,-1.0,-3.6,157.2,157.2,-0.01,0.0,0.0,24.74,88,POSCTL,0,0
2026-08-21T14:13:30,1787296410,13.822766,100.511609,9.2,-0.01,-1.0,-3.6,157.2,157.2,-0.01,0.0,0.0,24.74,88,POSCTL,0,0
2026-08-21T14:13:31,1787296411,13.822766,100.511609,9.2,-0.01,-1.0,-3.6,157.2,157.2,-0.01,0.0,0.0,24.75,88,0,0,0
2026-08-21T14:13:32,1787296412,13.822766,100.511609,9.2,-0.01,-1.0,-3.6,157.2,157.2,-0.01,0.0,0.0,24.75,88,0,0,0
2026-08-21T14:13:33,1787296413,13.822766,100.511608,9.2,-0.01,-1.0,-3.6,157.2,157.2,-0.01,0.0,0.0,24.75,88,0,0,0
2026-08-21T14:13:34,1787296414,13.822766,100.511608,9.2,-0.01,-1.0,-3.6,157.1,157.1,-0.01,0.0,0.0,24.75,88,POSCTL,0,0
2026-08-21T14:13:35,1787296415,13.822765,100.511608,9.2,-0.02,-1.0,-3.6,157.1,157.1,-0.01,-0.02,0.0,24.75,88,0,0,0
2026-08-21T14:13:36,1787296416,13.822765,100.511608,9.2,-0.02,-1.0,-3.6,157.1,157.1,-0.01,-0.02,0.0,24.75,88,0,0,0
2026-08-21T14:13:37,1787296417,13.822765,100.511608,9.2,-0.02,-1.0,-3.6,157.1,157.1,-0.01,-0.02,0.0,24.75,88,0,0,0
2026-08-21T14:13:38,1787296418,13.822767,100.511608,9.2,-0.02,-1.0,-3.6,157.1,157.1,-0.01,-0.02,0.0,24.75,88,0,0,0
2026-08-21T14:13:39,1787296419,13.822767,100.511608,9.2,-0.02,-1.0,-3.6,157.1,157.1,-0.01,-0.02,0.0,24.75,88,0,0,0
2026-08-21T14:13:40,1787296420,13.822766,100.511608,9.2,-0.02,-1.0,-3.6,157.1,157.1,0.0,0.0,0.0,24.75,88,POSCTL,0,0
2026-08-21T14:13:41,1787296421,13.822766,100.511608,9.2,-0.02,-1.0,-3.6,157.1,157.1,0.0,0.0,0.0,24.75,88,POSCTL,0,0
2026-08-21T14:13:42,1787296422,13.822766,100.511608,9.2,-0.02,-1.0,-3.6,157.1,157.1,0.0,0.0,0.0,24.75,88,POSCTL,0,0
2026-08-21T14:13:43,1787296423,13.822766,100.511608,9.2,-0.02,-2.1,-6.0,170.8,170.8,0.0,0.0,0.0,24.75,88,POSCTL,0,0
2026-08-21T14:13:44,1787296424,13.822752,100.511612,9.2,-0.02,-2.1,-6.0,170.8,170.8,0.0,0.0,0.0,24.75,88,POSCTL,0,0
2026-08-21T14:13:45,1787296425,13.822739,100.511611,9.9,0.0,-2.1,-6.0,170.8,170.8,-1.2,-0.08,-0.1,24.75,88,POSCTL,0,0
2026-08-21T14:13:46,1787296426,13.822739,100.511611,9.9,0.0,-3.9,0.8,-174.0,186.0,-1.2,-0.08,-0.1,24.75,88,POSCTL,0,0
2026-08-21T14:13:47,1787296427,13.822739,100.511611,9.9,0.0,-3.9,0.8,-174.0,186.0,-1.2,-0.08,-0.1,24.75,88,POSCTL,0,0
2026-08-21T14:13:48,1787296428,13.822739,100.511611,9.9,0.0,-3.9,0.8,-174.0,186.0,-1.2,-0.08,-0.1,24.75,88,0,0,0
2026-08-21T14:13:49,1787296429,13.822739,100.511611,9.9,0.0,-3.9,0.8,-174.0,186.0,-1.2,-0.08,-0.1,24.75,88,POSCTL,0,0
2026-08-21T14:13:50,1787296430,13.822694,100.511616,9.8,-0.01,-3.9,0.8,-174.0,186.0,-0.83,0.1,0.0,24.75,88,POSCTL,0,0
2026-08-21T14:13:51,1787296431,13.822694,100.511616,9.8,-0.01,-3.9,0.8,-174.0,186.0,-0.83,0.1,0.0,24.75,88,POSCTL,0,0
2026-08-21T14:13:52,1787296432,13.822686,100.511615,9.8,-0.01,-2.4,-1.4,-152.3,207.7,-0.83,0.1,0.0,24.75,88,POSCTL,0,0
2026-08-21T14:13:53,1787296433,13.822686,100.511615,9.8,-0.01,-2.4,-1.4,-152.3,207.7,-0.83,0.1,0.0,24.75,88,POSCTL,0,0
2026-08-21T14:13:54,1787296434,13.822676,100.51161,10.2,-0.15,-2.6,1.6,-122.5,237.5,-0.14,-0.07,0.24,24.75,88,POSCTL,0,0
2026-08-21T14:13:55,1787296435,13.822676,100.51161,10.2,-0.15,-2.6,1.6,-122.5,237.5,-0.14,-0.07,0.24,24.75,88,POSCTL,0,0
2026-08-21T14:13:56,1787296436,13.822676,100.511611,10.2,-0.15,-2.6,1.6,-122.5,237.5,-0.14,-0.07,0.24,24.75,88,POSCTL,0,0
2026-08-21T14:13:57,1787296437,13.822676,100.511611,10.2,-0.15,-0.7,-1.8,-119.9,240.1,-0.14,-0.07,0.24,24.75,88,POSCTL,0,0
2026-08-21T14:13:58,1787296438,13.822676,100.511611,10.2,-0.15,-0.7,-1.8,-119.9,240.1,-0.14,-0.07,0.24,24.75,88,POSCTL,0,0
2026-08-21T14:13:59,1787296439,13.822676,100.511611,10.2,-0.15,-0.7,-1.8,-119.9,240.1,-0.14,-0.07,0.24,24.75,88,POSCTL,0,0
2026-08-21T14:14:00,1787296440,13.822676,100.511611,10.2,-0.15,-0.7,-1.8,-119.9,240.1,-0.14,-0.07,0.24,24.75,88,POSCTL,0,0
2026-08-21T14:14:01,1787296441,13.822676,100.511611,10.2,-0.15,-0.7,-1.8,-119.9,240.1,-0.14,-0.07,0.24,24.75,88,POSCTL,0,0
2026-08-21T14:14:02,1787296442,13.822676,100.511611,10.2,-0.15,-0.7,-1.5,-119.1,240.9,-0.14,-0.07,0.24,24.75,88,POSCTL,0,0
2026-08-21T14:14:03,1787296443,13.822672,100.511606,9.7,-0.61,-0.7,-1.5,-119.1,240.9,0.0,-0.05,0.0,24.75,88,POSCTL,0,0
2026-08-21T14:14:04,1787296444,13.82267,100.511602,9.7,-0.61,-0.7,-1.5,-119.1,240.9,0.0,-0.05,0.0,24.75,88,POSCTL,0,0
2026-08-21T14:14:05,1787296445,13.82267,100.511602,9.7,-0.61,-0.7,-1.2,-118.9,241.1,0.0,-0.05,0.0,24.75,88,POSCTL,0,0
2026-08-21T14:14:06,1787296446,13.82267,100.511602,9.7,-0.61,-0.7,-1.2,-118.9,241.1,0.0,-0.05,0.0,24.75,88,0,0,0
2026-08-21T14:14:07,1787296447,13.82267,100.511602,9.7,-0.61,-0.7,-1.2,-118.9,241.1,0.0,-0.05,0.0,24.75,88,POSCTL,0,0
2026-08-21T14:14:08,1787296448,13.822665,100.511593,10.9,0.12,-1.6,-2.5,-156.0,204.0,-0.44,-0.37,-0.37,24.75,88,POSCTL,0,0
2026-08-21T14:14:09,1787296449,13.822665,100.511593,10.9,0.12,-1.6,-2.5,-156.0,204.0,-0.44,-0.37,-0.37,24.75,88,POSCTL,0,0
2026-08-21T14:14:10,1787296450,13.822665,100.511593,10.9,0.12,-1.6,-2.5,-156.0,204.0,-0.44,-0.37,-0.37,24.75,88,POSCTL,0,0
2026-08-21T14:14:11,1787296451,13.822665,100.511593,10.9,0.12,-1.6,-2.5,-156.0,204.0,-0.44,-0.37,-0.37,24.75,88,0,0,0
2026-08-21T14:14:12,1787296452,13.822661,100.511589,9.9,-0.96,-1.6,-2.5,-156.0,204.0,0.0,0.12,0.19,24.75,88,POSCTL,0,0
2026-08-21T14:14:13,1787296453,13.822666,100.511588,9.9,-0.96,-1.6,-2.5,-156.0,204.0,0.0,0.12,0.19,24.75,88,0,0,0
2026-08-21T14:14:14,1787296454,13.822666,100.511588,9.9,-0.96,-1.6,-2.5,-156.0,204.0,0.0,0.12,0.19,24.75,88,0,0,0
2026-08-21T14:14:15,1787296455,13.822666,100.511588,9.9,-0.96,-0.9,-1.6,-138.8,221.2,0.0,0.12,0.19,24.75,88,0,0,0
2026-08-21T14:14:16,1787296456,13.822666,100.511588,9.9,-0.96,-0.9,-1.6,-138.8,221.2,0.0,0.12,0.19,24.75,88,0,0,0
2026-08-21T14:14:17,1787296457,13.822674,100.511589,9.9,-0.95,-0.9,-1.6,-138.8,221.2,0.12,-0.05,0.0,24.75,88,0,0,0
2026-08-21T14:14:18,1787296458,13.822674,100.511589,9.9,-0.95,-1.0,-1.6,-142.0,218.0,0.12,-0.05,0.0,24.75,88,0,0,0
2026-08-21T14:14:19,1787296459,13.822674,100.511589,9.9,-0.95,-1.0,-1.6,-142.0,218.0,0.12,-0.05,0.0,24.75,88,0,0,0
2026-08-21T14:14:20,1787296460,13.82268,100.511594,10.0,0.06,-1.0,-1.6,-142.0,218.0,0.0,0.0,0.0,24.75,88,0,0,0
2026-08-21T14:14:21,1787296461,13.82268,100.511594,10.0,0.06,-1.0,-1.6,-142.0,218.0,0.0,0.0,0.0,24.75,88,POSCTL,0,0
2026-08-21T14:14:22,1787296462,13.82268,100.511594,10.0,0.06,-1.2,-1.6,-145.4,214.6,0.0,0.0,0.0,24.75,88,0,0,0
2026-08-21T14:14:23,1787296463,13.82268,100.511594,10.0,0.06,-1.2,-1.6,-145.4,214.6,0.0,0.0,0.0,24.75,88,0,0,0
2026-08-21T14:14:24,1787296464,13.822682,100.511594,10.1,0.04,-1.2,-1.6,-146.8,213.2,0.08,0.05,0.0,24.75,88,0,0,0
2026-08-21T14:14:25,1787296465,13.822689,100.511594,10.1,0.04,-1.2,-1.6,-146.8,213.2,0.08,0.05,0.0,24.75,88,0,0,0
2026-08-21T14:14:26,1787296466,13.822689,100.511594,10.1,0.04,-1.2,-1.6,-147.9,212.1,0.08,0.05,0.0,24.75,88,0,0,0
2026-08-21T14:14:27,1787296467,13.822689,100.511594,10.1,0.04,-1.2,-1.6,-147.9,212.1,0.08,0.05,0.0,24.75,88,0,0,0
2026-08-21T14:14:28,1787296468,13.822689,100.511595,10.1,0.05,-1.2,-1.6,-147.9,212.1,0.04,0.02,0.0,24.75,88,0,0,0
2026-08-21T14:14:29,1787296469,13.822696,100.511593,10.1,0.05,-1.2,-1.6,-147.9,212.1,0.04,0.02,0.0,24.75,88,0,0,0
2026-08-21T14:14:30,1787296470,13.822696,100.511593,10.1,0.05,-1.2,-1.6,-147.9,212.1,0.04,0.02,0.0,24.75,88,0,0,0
2026-08-21T14:14:31,1787296471,13.822696,100.511593,10.1,0.05,-1.2,-1.6,-147.9,212.1,0.04,0.02,0.0,24.75,88,0,0,0
2026-08-21T14:14:32,1787296472,13.822696,100.511593,10.1,0.05,-1.2,-1.6,-147.9,212.1,0.04,0.02,0.0,24.75,88,POSCTL,0,0
2026-08-21T14:14:33,1787296473,13.822692,100.511595,10.2,0.1,-1.2,-1.6,-147.9,212.1,-0.01,0.04,0.0,24.75,88,POSCTL,0,0
2026-08-21T14:14:34,1787296474,13.822692,100.511595,10.2,0.1,-1.2,-1.6,-150.1,209.9,-0.01,0.04,0.0,24.75,88,POSCTL,0,0
2026-08-21T14:14:35,1787296475,13.822692,100.511595,10.2,0.1,-1.2,-1.6,-150.1,209.9,-0.01,0.04,0.0,24.75,88,POSCTL,0,0
2026-08-21T14:14:36,1787296476,13.822693,100.511591,10.2,0.13,-1.2,-1.6,-150.1,209.9,0.02,0.0,0.0,24.75,88,POSCTL,0,0
2026-08-21T14:14:37,1787296477,13.822693,100.511591,10.2,0.13,-1.2,-1.5,-150.5,209.5,0.02,0.0,0.0,24.75,88,POSCTL,0,0
2026-08-21T14:14:38,1787296478,13.822693,100.511591,10.2,0.13,-1.2,-1.5,-150.5,209.5,0.02,0.0,0.0,24.75,88,POSCTL,0,0
2026-08-21T14:14:39,1787296479,13.822694,100.511593,10.2,0.02,-1.2,-1.5,-150.5,209.5,0.02,0.01,0.0,24.75,88,POSCTL,0,0
2026-08-21T14:14:40,1787296480,13.822694,100.511593,10.2,0.02,-1.2,-1.5,-150.5,209.5,0.02,0.01,0.0,24.75,88,0,0,0
2026-08-21T14:14:41,1787296481,13.822694,100.511593,10.2,0.02,-1.2,-1.5,-150.5,209.5,0.02,0.01,0.0,24.75,88,0,0,0
2026-08-21T14:14:42,1787296482,13.822694,100.511593,10.2,0.02,-1.2,-1.5,-150.5,209.5,0.02,0.01,0.0,24.75,88,0,0,0
2026-08-21T14:14:43,1787296483,13.822696,100.511597,10.3,0.08,-1.2,-1.5,-150.5,209.5,0.07,0.03,0.0,24.75,88,0,0,0
2026-08-21T14:14:44,1787296484,13.822696,100.511597,10.3,0.08,-1.2,-1.5,-150.9,209.1,0.07,0.03,0.0,24.75,88,0,0,0
2026-08-21T14:14:45,1787296485,13.822696,100.511597,10.3,0.08,-1.2,-1.5,-150.9,209.1,0.07,0.03,0.0,24.75,88,0,0,0
2026-08-21T14:14:46,1787296486,13.822696,100.511597,10.3,0.08,-1.2,-1.5,-150.9,209.1,0.07,0.03,0.0,24.75,88,0,0,0
2026-08-21T14:14:47,1787296487,13.822696,100.511597,10.3,0.08,-1.2,-1.5,-150.9,209.1,0.07,0.03,0.0,24.75,88,0,0,0
2026-08-21T14:14:48,1787296488,13.822696,100.511597,10.3,0.08,-1.1,-1.6,-150.9,209.1,0.07,0.03,0.0,24.75,88,0,0,0
2026-08-21T14:14:49,1787296489,13.822696,100.511597,10.3,0.08,-1.1,-1.6,-150.9,209.1,0.07,0.03,0.0,24.75,88,0,0,0
2026-08-21T14:14:50,1787296490,13.822696,100.511597,10.3,0.08,-1.1,-1.6,-150.9,209.1,0.07,0.03,0.0,24.75,88,0,0,0
2026-08-21T14:14:51,1787296491,13.822696,100.511597,10.3,0.08,-1.1,-1.6,-150.9,209.1,0.07,0.03,0.0,24.75,88,POSCTL,0,0
2026-08-21T14:14:52,1787296492,13.822696,100.511597,10.3,0.08,-1.1,-1.4,-150.9,209.1,0.07,0.03,0.0,24.75,88,POSCTL,0,0
2026-08-21T14:14:53,1787296493,13.822696,100.511597,10.3,0.08,-1.1,-1.4,-150.9,209.1,0.07,0.03,0.0,24.75,88,0,0,0
2026-08-21T14:14:54,1787296494,13.822674,100.511588,10.2,-0.0,-1.1,-1.4,-150.9,209.1,0.0,0.03,0.0,24.75,88,POSCTL,0,0
2026-08-21T14:14:55,1787296495,13.822674,100.511588,10.2,-0.0,-1.2,-1.3,-150.8,209.2,0.0,0.03,0.0,24.75,88,POSCTL,0,0
2026-08-21T14:14:56,1787296496,13.822674,100.511588,10.2,-0.0,-1.2,-1.3,-150.8,209.2,0.0,0.03,0.0,24.75,88,POSCTL,0,0
2026-08-21T14:14:57,1787296497,13.822674,100.511588,10.2,-0.0,-1.2,-1.3,-150.8,209.2,0.0,0.03,0.0,24.75,88,POSCTL,0,0
2026-08-21T14:14:58,1787296498,13.822674,100.511588,10.2,-0.0,-1.2,-1.3,-150.8,209.2,0.0,0.03,0.0,24.75,88,POSCTL,0,0
2026-08-21T14:14:59,1787296499,13.822674,100.511588,10.2,-0.0,-1.2,-1.3,-150.8,209.2,0.0,0.03,0.0,24.75,88,POSCTL,0,0
2026-08-21T14:15:00,1787296500,13.822674,100.511588,10.2,-0.0,-1.1,-1.3,-150.6,209.4,0.0,0.03,0.0,24.75,88,POSCTL,0,0
2026-08-21T14:15:01,1787296501,13.822674,100.511588,10.2,-0.0,-1.1,-1.3,-150.6,209.4,0.0,0.03,0.0,24.75,88,0,0,0
2026-08-21T14:15:02,1787296502,13.822662,100.511581,10.2,0.0,-1.1,-1.3,-150.6,209.4,0.05,0.05,0.0,24.75,88,POSCTL,0,0
2026-08-21T14:15:03,1787296503,13.822662,100.511581,10.2,0.0,-1.1,-1.4,-150.5,209.5,0.05,0.05,0.0,24.75,88,POSCTL,0,0
2026-08-21T14:15:04,1787296504,13.822662,100.511581,10.2,0.0,-1.1,-1.4,-150.5,209.5,0.05,0.05,0.0,24.75,88,POSCTL,0,0
2026-08-21T14:15:05,1787296505,13.822658,100.511578,10.2,0.0,-1.1,-1.4,-150.5,209.5,0.05,0.05,0.0,24.75,88,POSCTL,0,0
2026-08-21T14:15:06,1787296506,13.822658,100.511578,10.2,0.0,-1.1,-1.4,-150.4,209.6,0.05,0.05,0.0,24.75,88,POSCTL,0,0
2026-08-21T14:15:07,1787296507,13.822658,100.511578,10.2,0.0,-1.1,-1.4,-150.4,209.6,0.05,0.05,0.0,24.75,88,POSCTL,0,0
2026-08-21T14:15:08,1787296508,13.822658,100.511578,10.2,0.0,-1.1,-1.4,-150.4,209.6,0.05,0.05,0.0,24.75,88,POSCTL,0,0
2026-08-21T14:15:09,1787296509,13.822658,100.511578,10.2,0.0,-1.1,-1.4,-150.4,209.6,0.05,0.05,0.0,24.75,88,POSCTL,0,0
2026-08-21T14:15:10,1787296510,13.822658,100.511578,10.2,0.0,-1.1,-1.4,-150.4,209.6,0.05,0.05,0.0,24.75,88,POSCTL,0,0
2026-08-21T14:15:11,1787296511,13.822658,100.511578,10.2,0.0,-1.1,-1.4,-150.4,209.6,0.05,0.05,0.0,24.75,88,0,0,0
2026-08-21T14:15:12,1787296512,13.822658,100.511577,10.2,0.0,-1.1,-1.4,-150.1,209.9,0.0,-0.02,0.0,24.75,88,POSCTL,0,0
2026-08-21T14:15:13,1787296513,13.822658,100.511577,10.2,0.0,-1.1,-1.4,-150.1,209.9,0.0,-0.02,0.0,24.75,88,POSCTL,0,0
2026-08-21T14:15:14,1787296514,13.822646,100.511566,10.2,0.0,-1.2,-1.4,-149.9,210.1,0.0,-0.02,0.0,24.75,88,POSCTL,0,0
2026-08-21T14:15:15,1787296515,13.822655,100.511575,10.2,-0.01,-1.2,-1.4,-149.9,210.1,0.01,0.03,0.0,24.75,88,POSCTL,0,0
2026-08-21T14:15:16,1787296516,13.822655,100.511575,10.2,-0.01,-1.2,-1.4,-149.9,210.1,0.01,0.03,0.0,24.75,88,POSCTL,0,0
2026-08-21T14:15:17,1787296517,13.822655,100.511575,10.2,-0.01,-1.1,-1.4,-149.7,210.3,0.01,0.03,0.0,24.75,88,POSCTL,0,0
2026-08-21T14:15:18,1787296518,13.822644,100.511563,10.2,-0.01,-1.1,-1.4,-149.7,210.3,0.01,0.03,0.0,24.75,88,POSCTL,0,0
2026-08-21T14:15:19,1787296519,13.822651,100.51157,10.2,-0.0,-1.1,-1.4,-149.7,210.3,0.02,0.01,0.0,24.75,88,POSCTL,0,0
2026-08-21T14:15:20,1787296520,13.822651,100.51157,10.2,-0.0,-1.1,-1.4,-149.7,210.3,0.02,0.01,0.0,24.75,88,POSCTL,0,0
2026-08-21T14:15:21,1787296521,13.822651,100.51157,10.2,-0.0,-1.2,-1.4,-149.6,210.4,0.02,0.01,0.0,24.75,88,POSCTL,0,0
2026-08-21T14:15:22,1787296522,13.822647,100.511566,10.2,-0.0,-1.2,-1.4,-149.6,210.4,0.02,0.01,0.0,24.75,88,POSCTL,0,0
2026-08-21T14:15:23,1787296523,13.822649,100.511568,10.2,-0.01,-1.2,-1.4,-149.5,210.5,0.04,0.04,0.0,24.75,88,POSCTL,0,0
2026-08-21T14:15:24,1787296524,13.822649,100.511568,10.2,-0.01,-1.2,-1.4,-149.5,210.5,0.04,0.04,0.0,24.75,88,POSCTL,0,0
2026-08-21T14:15:25,1787296525,13.822647,100.511568,10.2,-0.01,-1.2,-1.4,-149.5,210.5,0.04,0.04,0.0,24.75,88,POSCTL,0,0
2026-08-21T14:15:26,1787296526,13.822647,100.511568,10.2,-0.01,-1.0,-1.3,-149.3,210.7,0.04,0.04,0.0,24.75,88,POSCTL,0,0
2026-08-21T14:15:27,1787296527,13.82265,100.511568,10.2,0.01,-1.0,-1.3,-149.3,210.7,0.04,0.01,-0.01,24.75,88,POSCTL,0,0
2026-08-21T14:15:28,1787296528,13.82265,100.511568,10.2,0.01,-1.0,-1.3,-149.3,210.7,0.04,0.01,-0.01,24.74,88,0,0,0
2026-08-21T14:15:29,1787296529,13.82265,100.511568,10.2,0.01,-1.0,-1.3,-149.3,210.7,0.04,0.01,-0.01,24.74,88,POSCTL,0,0
2026-08-21T14:15:30,1787296530,13.82265,100.511568,10.2,0.01,-1.0,-1.3,-149.3,210.7,0.04,0.01,-0.01,24.74,88,POSCTL,0,0
2026-08-21T14:15:31,1787296531,13.822653,100.511574,10.2,0.01,-1.0,-1.3,-149.3,210.7,0.1,0.12,0.0,24.74,88,POSCTL,0,0
2026-08-21T14:15:32,1787296532,13.822653,100.511574,10.2,0.01,-1.0,-1.3,-149.3,210.7,0.1,0.12,0.0,24.74,88,POSCTL,0,0
2026-08-21T14:15:33,1787296533,13.822653,100.511574,10.2,0.01,-1.2,-1.6,-148.7,211.3,0.1,0.12,0.0,24.74,88,POSCTL,0,0
2026-08-21T14:15:34,1787296534,13.822655,100.511579,10.2,0.03,-1.2,-1.6,-148.7,211.3,0.0,0.03,0.0,24.74,88,POSCTL,0,0
2026-08-21T14:15:35,1787296535,13.822655,100.511579,10.2,0.03,-1.2,-1.6,-148.7,211.3,0.0,0.03,0.0,24.74,88,POSCTL,0,0
2026-08-21T14:15:36,1787296536,13.822655,100.511579,10.2,0.03,-1.2,-1.6,-148.7,211.3,0.0,0.03,0.0,24.74,88,POSCTL,0,0
2026-08-21T14:15:37,1787296537,13.822655,100.511579,10.2,0.03,-1.2,-1.6,-148.7,211.3,0.0,0.03,0.0,24.74,88,POSCTL,0,0
2026-08-21T14:15:38,1787296538,13.822676,100.511592,10.2,0.03,-1.2,-1.6,-148.7,211.3,0.0,0.03,0.0,24.74,88,POSCTL,0,0
2026-08-21T14:15:39,1787296539,13.822666,100.511586,10.2,0.01,-1.2,-1.6,-148.7,211.3,0.06,-0.01,0.0,24.74,88,POSCTL,0,0
2026-08-21T14:15:40,1787296540,13.822666,100.511586,10.2,0.01,-1.2,-1.6,-148.7,211.3,0.06,-0.01,0.0,24.74,88,POSCTL,0,0
2026-08-21T14:15:41,1787296541,13.82268,100.511585,10.2,0.01,-1.1,-1.7,-149.6,210.4,0.06,-0.01,0.0,24.74,88,POSCTL,0,0
2026-08-21T14:15:42,1787296542,13.82268,100.511585,10.2,0.01,-1.1,-1.7,-149.6,210.4,0.06,-0.01,0.0,24.74,88,POSCTL,0,0
2026-08-21T14:15:43,1787296543,13.82268,100.511585,10.2,0.01,-1.1,-1.7,-149.6,210.4,0.06,-0.01,0.0,24.74,88,POSCTL,0,0
2026-08-21T14:15:44,1787296544,13.82268,100.511585,10.2,0.01,-1.1,-1.6,-150.2,209.8,0.06,-0.01,0.0,24.74,88,POSCTL,0,0
2026-08-21T14:15:45,1787296545,13.82268,100.511585,10.2,0.01,-1.1,-1.6,-150.2,209.8,0.06,-0.01,0.0,24.74,88,POSCTL,0,0
2026-08-21T14:15:46,1787296546,13.822669,100.511582,10.2,0.01,-1.1,-1.6,-150.2,209.8,0.06,-0.01,0.0,24.74,88,POSCTL,0,0
2026-08-21T14:15:47,1787296547,13.82267,100.511583,10.3,0.02,-0.8,-1.6,-149.3,210.7,-0.07,-0.07,0.0,24.74,87,POSCTL,0,0
2026-08-21T14:15:48,1787296548,13.82267,100.511583,10.3,0.02,-0.8,-1.6,-149.3,210.7,-0.07,-0.07,0.0,24.74,87,POSCTL,0,0
2026-08-21T14:15:49,1787296549,13.822668,100.511577,10.3,0.02,-1.0,-1.4,-149.7,210.3,-0.07,-0.07,0.0,24.74,87,POSCTL,0,0
2026-08-21T14:15:50,1787296550,13.822672,100.511583,10.3,0.03,-1.0,-1.4,-149.7,210.3,0.08,0.02,0.0,24.74,87,POSCTL,0,0
2026-08-21T14:15:51,1787296551,13.822672,100.511583,10.3,0.03,-1.0,-1.4,-149.2,210.8,0.08,0.02,0.0,24.74,87,POSCTL,0,0
2026-08-21T14:15:52,1787296552,13.822672,100.511583,10.3,0.03,-1.0,-1.4,-149.2,210.8,0.08,0.02,0.0,24.74,87,POSCTL,0,0
2026-08-21T14:15:53,1787296553,13.82267,100.511579,10.3,0.02,-1.0,-1.4,-149.2,210.8,0.0,-0.01,0.0,24.74,87,POSCTL,0,0
2026-08-21T14:15:54,1787296554,13.82267,100.511579,10.3,0.02,-1.0,-1.5,-148.4,211.6,0.0,-0.01,0.0,24.74,87,POSCTL,0,0
2026-08-21T14:15:55,1787296555,13.822669,100.511577,10.3,-0.01,-1.0,-1.5,-148.4,211.6,-0.01,0.0,0.0,24.74,87,POSCTL,0,0
2026-08-21T14:15:56,1787296556,13.822669,100.511577,10.3,-0.01,-1.0,-1.5,-148.4,211.6,-0.01,0.0,0.0,24.74,87,POSCTL,0,0
2026-08-21T14:15:57,1787296557,13.822669,100.511577,10.3,-0.01,-1.0,-1.4,-147.8,212.2,-0.01,0.0,0.0,24.74,87,POSCTL,0,0
2026-08-21T14:15:58,1787296558,13.822673,100.511577,10.3,-0.01,-1.0,-1.4,-147.8,212.2,-0.01,0.0,0.0,24.74,87,POSCTL,0,0
2026-08-21T14:15:59,1787296559,13.822671,100.511578,10.3,-0.01,-1.0,-1.4,-147.8,212.2,0.03,0.04,0.0,24.74,87,POSCTL,0,0
2026-08-21T14:16:00,1787296560,13.822671,100.511578,10.3,-0.01,-1.0,-1.4,-147.3,212.7,0.03,0.04,0.0,24.74,87,POSCTL,0,0
2026-08-21T14:16:01,1787296561,13.822673,100.511577,10.3,-0.01,-1.0,-1.4,-147.3,212.7,0.03,0.04,0.0,24.74,87,POSCTL,0,0
2026-08-21T14:16:02,1787296562,13.822673,100.511578,10.3,-0.01,-1.0,-1.4,-147.0,213.0,0.05,0.05,0.0,24.74,87,POSCTL,0,0
2026-08-21T14:16:03,1787296563,13.822673,100.511578,10.3,-0.01,-1.0,-1.4,-147.0,213.0,0.05,0.05,0.0,24.74,87,POSCTL,0,0
2026-08-21T14:16:04,1787296564,13.822673,100.511578,10.3,-0.01,-1.0,-1.4,-147.0,213.0,0.05,0.05,0.0,24.74,87,POSCTL,0,0
2026-08-21T14:16:05,1787296565,13.822673,100.511578,10.3,-0.01,-1.0,-1.4,-147.0,213.0,0.05,0.05,0.0,24.74,87,POSCTL,0,0
2026-08-21T14:16:06,1787296566,13.822673,100.511576,10.3,-0.01,-1.0,-1.4,-146.6,213.4,0.03,0.03,0.0,24.74,87,POSCTL,0,0
2026-08-21T14:16:07,1787296567,13.822673,100.511576,10.3,-0.01,-1.0,-1.5,-146.4,213.6,0.03,0.03,0.0,24.74,87,POSCTL,0,0
2026-08-21T14:16:08,1787296568,13.822668,100.511567,10.3,-0.01,-1.0,-1.5,-146.4,213.6,0.03,0.03,0.0,24.74,87,POSCTL,0,0
2026-08-21T14:16:09,1787296569,13.82267,100.511571,10.3,-0.03,-0.9,-1.5,-146.2,213.8,-0.06,-0.08,0.0,24.74,87,POSCTL,0,0
2026-08-21T14:16:10,1787296570,13.82267,100.511571,10.3,-0.03,-0.9,-1.5,-146.2,213.8,-0.06,-0.08,0.0,24.74,87,POSCTL,0,0
2026-08-21T14:16:11,1787296571,13.82267,100.511571,10.3,-0.03,-0.9,-1.5,-146.1,213.9,-0.06,-0.08,0.0,24.74,87,POSCTL,0,0
2026-08-21T14:16:12,1787296572,13.82267,100.511571,10.3,-0.03,-0.9,-1.5,-146.1,213.9,-0.06,-0.08,0.0,24.74,87,POSCTL,0,0
2026-08-21T14:16:13,1787296573,13.82267,100.511571,10.3,-0.03,-0.9,-1.5,-146.1,213.9,-0.06,-0.08,0.0,24.74,87,POSCTL,0,0
2026-08-21T14:16:14,1787296574,13.82267,100.511571,10.3,-0.03,-1.0,-1.3,-145.7,214.3,-0.06,-0.08,0.0,24.74,87,POSCTL,0,0
2026-08-21T14:16:15,1787296575,13.82266,100.511556,10.3,-0.03,-1.0,-1.3,-145.7,214.3,-0.06,-0.08,0.0,24.74,87,POSCTL,0,0
2026-08-21T14:16:16,1787296576,13.82266,100.511556,10.3,-0.03,-1.0,-1.3,-145.7,214.3,-0.06,-0.08,0.0,24.74,87,POSCTL,0,0
2026-08-21T14:16:17,1787296577,13.82266,100.511556,10.3,-0.03,-1.0,-1.3,-145.7,214.3,-0.06,-0.08,0.0,24.74,87,POSCTL,0,0
2026-08-21T14:16:36,1787296596,13.82266,100.511556,10.3,-0.03,-0.7,-1.6,-152.6,207.4,-0.06,-0.08,0.0,24.74,88,POSCTL,0,0
2026-08-21T14:16:37,1787296597,13.82266,100.511556,10.3,-0.03,-0.7,-1.6,-152.6,207.4,-0.06,-0.08,0.0,24.74,88,POSCTL,0,0
2026-08-21T14:16:38,1787296598,13.82266,100.511556,10.3,-0.03,-0.7,-1.6,-152.6,207.4,-0.06,-0.08,0.0,24.74,88,POSCTL,0,0
2026-08-21T14:16:39,1787296599,13.82266,100.511556,10.3,-0.03,-0.7,-1.6,-152.6,207.4,-0.06,-0.08,0.0,24.74,88,POSCTL,0,0
2026-08-21T14:16:40,1787296600,13.82266,100.511556,10.3,-0.03,-0.7,-1.6,-152.6,207.4,-0.06,-0.08,0.0,24.74,88,POSCTL,0,0
2026-08-21T14:16:41,1787296601,13.822698,100.511613,10.3,-0.03,-0.7,-1.6,-152.6,207.4,-0.06,-0.08,0.0,24.74,88,POSCTL,0,0
2026-08-21T14:16:42,1787296602,13.822698,100.511613,10.3,-0.03,-0.7,-1.6,-152.7,207.3,-0.06,-0.08,0.0,24.74,88,POSCTL,0,0
2026-08-21T14:16:43,1787296603,13.822698,100.511613,10.3,-0.03,-0.7,-1.5,-152.7,207.3,-0.06,-0.08,0.0,24.74,88,POSCTL,0,0
2026-08-21T14:16:44,1787296604,13.822698,100.511613,10.3,-0.03,-0.7,-1.5,-152.7,207.3,-0.06,-0.08,0.0,24.74,88,POSCTL,0,0
2026-08-21T14:16:45,1787296605,13.822698,100.511613,10.3,-0.03,-0.7,-1.6,-152.7,207.3,-0.06,-0.08,0.0,24.74,88,POSCTL,0,0
2026-08-21T14:16:46,1787296606,13.822698,100.511613,10.3,-0.03,-0.7,-1.6,-152.7,207.3,-0.06,-0.08,0.0,24.74,88,POSCTL,0,0
2026-08-21T14:16:47,1787296607,13.822698,100.511613,10.3,-0.03,-0.7,-1.6,-152.7,207.3,-0.06,-0.08,0.0,24.74,88,POSCTL,0,0
2026-08-21T14:16:48,1787296608,13.822698,100.511613,10.3,-0.03,-0.7,-1.6,-152.7,207.3,-0.06,-0.08,0.0,24.74,88,POSCTL,0,0
2026-08-21T14:16:49,1787296609,13.822698,100.511613,10.3,-0.03,-0.7,-1.6,-152.7,207.3,-0.06,-0.08,0.0,24.74,88,POSCTL,0,0
2026-08-21T14:16:50,1787296610,13.822698,100.511613,10.3,-0.03,-0.7,-1.6,-152.6,207.4,-0.06,-0.08,0.0,24.74,88,POSCTL,0,0
2026-08-21T14:16:51,1787296611,13.822712,100.511633,10.3,-0.03,-0.7,-1.6,-152.6,207.4,-0.06,-0.08,0.0,24.74,88,POSCTL,0,0
2026-08-21T14:16:52,1787296612,13.822712,100.511633,10.3,-0.03,-0.7,-1.6,-152.6,207.4,-0.06,-0.08,0.0,24.74,88,POSCTL,0,0
2026-08-21T14:16:53,1787296613,13.822712,100.511633,10.3,-0.03,-0.7,-1.6,-152.6,207.4,-0.06,-0.08,0.0,24.74,88,POSCTL,0,0
2026-08-21T14:16:54,1787296614,13.822712,100.511633,10.3,-0.03,-0.7,-1.6,-152.6,207.4,-0.06,-0.08,0.0,24.74,88,POSCTL,0,0
2026-08-21T14:16:55,1787296615,13.822712,100.511633,10.3,-0.03,-0.7,-1.6,-152.6,207.4,-0.06,-0.08,0.0,24.74,88,POSCTL,0,0
2026-08-21T14:16:56,1787296616,13.822712,100.511633,10.3,-0.03,-0.7,-1.6,-152.6,207.4,-0.06,-0.08,0.0,24.74,88,POSCTL,0,0
2026-08-21T14:16:57,1787296617,13.822712,100.511633,10.3,-0.03,-0.7,-1.6,-152.6,207.4,-0.06,-0.08,0.0,24.74,87,POSCTL,0,0
2026-08-21T14:16:58,1787296618,13.822712,100.511633,10.3,-0.03,-0.7,-1.6,-152.6,207.4,-0.06,-0.08,0.0,24.74,87,POSCTL,0,0
2026-08-21T14:16:59,1787296619,13.822706,100.511626,10.3,-0.03,-0.7,-1.6,-152.6,207.4,-0.06,-0.08,0.0,24.74,87,POSCTL,0,0
2026-08-21T14:17:00,1787296620,13.822706,100.511626,10.3,-0.03,-0.7,-1.6,-152.6,207.4,-0.06,-0.08,0.0,24.74,87,POSCTL,0,0
2026-08-21T14:17:01,1787296621,13.822706,100.511626,10.3,-0.03,-0.7,-1.6,-152.6,207.4,-0.06,-0.08,0.0,24.74,87,POSCTL,0,0
2026-08-21T14:17:02,1787296622,13.822706,100.511626,10.3,-0.03,-0.7,-1.6,-152.6,207.4,-0.06,-0.08,0.0,24.74,87,POSCTL,0,0
2026-08-21T14:17:03,1787296623,13.822705,100.511623,10.3,-0.03,-0.7,-1.6,-152.6,207.4,-0.06,-0.08,0.0,24.74,87,POSCTL,0,0
2026-08-21T14:17:04,1787296624,13.822705,100.511623,10.3,-0.03,-0.7,-1.6,-152.6,207.4,-0.06,-0.08,0.0,24.74,87,POSCTL,0,0
2026-08-21T14:17:05,1787296625,13.822705,100.511623,10.3,-0.03,-0.7,-1.6,-152.6,207.4,-0.06,-0.08,0.0,24.74,87,POSCTL,0,0
2026-08-21T14:17:06,1787296626,13.822703,100.51162,10.3,-0.03,-0.7,-1.6,-152.6,207.4,-0.06,-0.08,0.0,24.74,87,POSCTL,0,0
2026-08-21T14:17:07,1787296627,13.822702,100.511619,28.0,1.45,-0.7,-1.6,-152.6,207.4,0.0,0.0,0.0,24.74,87,POSCTL,0,0
2026-08-21T14:17:08,1787296628,13.822702,100.511619,28.0,1.45,-0.7,-1.6,-152.6,207.4,0.0,0.0,0.0,24.74,87,POSCTL,0,0
2026-08-21T14:17:09,1787296629,13.822702,100.511619,28.0,1.45,-0.7,-1.5,-152.5,207.5,0.0,0.0,0.0,24.74,87,POSCTL,0,0
2026-08-21T14:17:10,1787296630,13.822696,100.51161,28.0,1.45,-0.7,-1.5,-152.5,207.5,0.0,0.0,0.0,24.74,87,POSCTL,0,0
2026-08-21T14:17:11,1787296631,13.822696,100.51161,28.0,1.45,-0.7,-1.5,-152.5,207.5,0.0,0.0,0.0,24.74,87,POSCTL,0,0
2026-08-21T14:17:12,1787296632,13.822696,100.51161,27.9,-0.12,-0.7,-1.5,-152.5,207.5,-0.01,-0.03,0.0,24.74,87,POSCTL,0,0
2026-08-21T14:17:13,1787296633,13.822696,100.51161,27.9,-0.12,-0.7,-1.5,-152.5,207.5,-0.01,-0.03,0.0,24.74,87,POSCTL,0,0
2026-08-21T14:17:14,1787296634,13.822696,100.51161,27.9,-0.12,-0.7,-1.5,-152.5,207.5,-0.01,-0.03,0.0,24.74,87,POSCTL,0,0
2026-08-21T14:17:15,1787296635,13.822696,100.51161,27.9,-0.12,-0.8,-1.5,-152.5,207.5,-0.01,-0.03,0.0,24.74,87,POSCTL,0,0
2026-08-21T14:17:16,1787296636,13.82269,100.511605,27.8,-0.03,-0.8,-1.5,-152.5,207.5,0.01,0.04,0.0,24.74,87,POSCTL,0,0
2026-08-21T14:17:17,1787296637,13.82269,100.511605,27.8,-0.03,-0.8,-1.5,-152.5,207.5,0.01,0.04,0.0,24.74,87,POSCTL,0,0
2026-08-21T14:17:18,1787296638,13.82269,100.511605,27.8,-0.03,-0.8,-1.5,-152.5,207.5,0.01,0.04,0.0,24.74,87,POSCTL,0,0
2026-08-21T14:17:19,1787296639,13.822686,100.5116,27.7,-0.14,-0.7,-1.5,-152.5,207.5,-0.01,-0.02,0.0,24.74,87,POSCTL,0,0
2026-08-21T14:17:20,1787296640,13.822686,100.5116,27.7,-0.14,-0.7,-1.5,-152.5,207.5,-0.01,-0.02,0.0,24.74,87,POSCTL,0,0
2026-08-21T14:17:21,1787296641,13.822686,100.5116,27.7,-0.14,-0.7,-1.5,-152.5,207.5,-0.01,-0.02,0.0,24.74,87,POSCTL,0,0
2026-08-21T14:17:23,1787296643,13.822681,100.511592,27.7,-0.14,-0.7,-1.5,-152.5,207.5,-0.01,-0.02,0.0,24.74,87,POSCTL,0,0
2026-08-21T14:17:24,1787296644,13.822681,100.511592,27.7,-0.14,-0.7,-1.5,-152.5,207.5,-0.01,-0.02,0.0,24.74,87,POSCTL,0,0
2026-08-21T14:17:25,1787296645,13.822681,100.511592,27.7,-0.14,-0.7,-1.3,-152.5,207.5,-0.01,-0.02,0.0,24.74,87,POSCTL,0,0
2026-08-21T14:17:26,1787296646,13.822677,100.511584,27.6,-0.09,-0.7,-1.3,-152.5,207.5,-0.01,-0.02,0.0,24.74,87,POSCTL,0,0
2026-08-21T14:17:27,1787296647,13.822677,100.511584,27.6,-0.09,-0.7,-1.3,-152.5,207.5,-0.01,-0.02,0.0,24.74,87,POSCTL,0,0
2026-08-21T14:17:28,1787296648,13.822677,100.511584,27.6,-0.09,-0.7,-1.3,-152.5,207.5,-0.01,-0.02,0.0,24.74,87,POSCTL,0,0
2026-08-21T14:17:29,1787296649,13.822677,100.511584,27.6,-0.09,-0.8,-1.4,-152.4,207.6,-0.01,-0.02,0.0,24.74,87,POSCTL,0,0
2026-08-21T14:17:30,1787296650,13.822677,100.511584,27.6,-0.09,-0.8,-1.4,-152.4,207.6,-0.01,-0.02,0.0,24.74,87,POSCTL,0,0
2026-08-21T14:17:31,1787296651,13.822677,100.511584,27.6,-0.09,-0.8,-1.4,-152.4,207.6,-0.01,-0.02,0.0,24.74,87,POSCTL,0,0
2026-08-21T14:17:32,1787296652,13.822677,100.511584,27.6,-0.09,-0.8,-1.4,-152.4,207.6,-0.01,-0.02,0.0,24.74,87,POSCTL,0,0
2026-08-21T14:17:33,1787296653,13.822677,100.511584,27.6,-0.09,-0.8,-1.4,-152.4,207.6,-0.01,-0.02,0.0,24.74,87,POSCTL,0,0
2026-08-21T14:17:34,1787296654,13.822677,100.511584,27.6,-0.09,-0.8,-1.4,-152.4,207.6,-0.01,-0.02,0.0,24.74,87,POSCTL,0,0
2026-08-21T14:17:35,1787296655,13.822677,100.511584,27.6,-0.09,-0.7,-1.3,-152.4,207.6,-0.01,-0.02,0.0,24.74,87,POSCTL,0,0
2026-08-21T14:17:36,1787296656,13.822667,100.511574,27.4,-0.0,-0.7,-1.3,-152.4,207.6,-0.05,-0.03,0.0,24.74,87,POSCTL,0,0
2026-08-21T14:17:37,1787296657,13.822667,100.511574,27.4,-0.0,-0.7,-1.3,-152.4,207.6,-0.05,-0.03,0.0,24.74,87,POSCTL,0,0
2026-08-21T14:17:38,1787296658,13.822667,100.511574,27.4,-0.0,-0.8,-1.4,-152.4,207.6,-0.05,-0.03,0.0,24.74,87,POSCTL,0,0
2026-08-21T14:17:39,1787296659,13.822665,100.511572,27.4,-0.02,-0.8,-1.4,-152.4,207.6,-0.04,-0.03,0.0,24.74,87,POSCTL,0,0
2026-08-21T14:17:40,1787296660,13.822665,100.511572,27.4,-0.02,-0.8,-1.4,-152.4,207.6,-0.04,-0.03,0.0,24.74,87,POSCTL,0,0
2026-08-21T14:17:41,1787296661,13.822665,100.511572,27.4,-0.02,-0.8,-1.4,-152.3,207.7,-0.04,-0.03,0.0,24.74,87,POSCTL,0,0
2026-08-21T14:17:42,1787296662,13.822668,100.511579,27.4,0.01,-0.8,-1.4,-152.3,207.7,0.0,0.02,-0.01,24.74,87,POSCTL,0,0
2026-08-21T14:17:43,1787296663,13.822668,100.511579,27.4,0.01,-0.8,-1.4,-152.3,207.7,0.0,0.02,-0.01,24.74,87,POSCTL,0,0
2026-08-21T14:17:44,1787296664,13.822668,100.511579,27.4,0.01,-0.8,-1.4,-152.4,207.6,0.0,0.02,-0.01,24.74,87,POSCTL,0,0
2026-08-21T14:17:45,1787296665,13.822677,100.511594,27.9,0.43,-0.8,-1.4,-152.4,207.6,0.06,0.09,-0.09,24.74,87,POSCTL,0,0
2026-08-21T14:17:46,1787296666,13.822677,100.511594,27.9,0.43,-0.8,-1.4,-152.4,207.6,0.06,0.09,-0.09,24.74,87,POSCTL,0,0
2026-08-21T14:17:47,1787296667,13.822677,100.511594,27.9,0.43,-0.8,-1.4,-152.4,207.6,0.06,0.09,-0.09,24.74,87,POSCTL,0,0
2026-08-21T14:17:48,1787296668,13.822677,100.511594,27.9,0.43,-0.8,-1.4,-152.4,207.6,0.06,0.09,-0.09,24.74,87,POSCTL,0,0
2026-08-21T14:17:49,1787296669,13.82268,100.5116,27.9,0.43,-0.8,-1.4,-152.4,207.6,0.06,0.09,-0.09,24.74,87,POSCTL,0,0
2026-08-21T14:17:53,1787296673,13.822676,100.511594,27.5,-1.03,-0.8,-1.4,-152.4,207.6,0.02,0.0,0.01,24.74,87,POSCTL,0,0
2026-08-21T14:17:54,1787296674,13.822676,100.511594,27.5,-1.03,-0.7,-1.6,-152.6,207.4,0.02,0.0,0.01,24.74,87,POSCTL,0,0
2026-08-21T14:17:55,1787296675,13.822672,100.511591,27.6,-0.97,-0.7,-1.6,-152.6,207.4,0.0,0.0,0.0,24.74,87,POSCTL,0,0
2026-08-21T14:17:56,1787296676,13.822672,100.511591,27.6,-0.97,-0.7,-1.6,-152.6,207.4,0.0,0.0,0.0,24.74,87,POSCTL,0,0
2026-08-21T14:17:57,1787296677,13.822672,100.511591,27.6,-0.97,-0.7,-1.6,-152.6,207.4,0.0,0.0,0.0,24.74,87,POSCTL,0,0
2026-08-21T14:17:58,1787296678,13.822671,100.511592,27.6,-0.97,-0.7,-1.6,-152.7,207.3,-0.03,-0.05,0.0,24.74,87,POSCTL,0,0
2026-08-21T14:17:59,1787296679,13.822671,100.511592,27.6,-0.97,-0.7,-1.6,-152.7,207.3,-0.03,-0.05,0.0,24.74,87,POSCTL,0,0
2026-08-21T14:18:00,1787296680,13.822671,100.511592,27.6,-0.97,-0.7,-1.6,-152.7,207.3,-0.03,-0.05,0.0,24.74,87,POSCTL,0,0
2026-08-21T14:18:01,1787296681,13.822671,100.511592,27.6,-0.97,-0.7,-1.6,-152.7,207.3,-0.03,-0.05,0.0,24.74,87,POSCTL,0,0
2026-08-21T14:18:02,1787296682,13.82267,100.511594,27.5,-0.99,-0.8,-1.5,-140.7,219.3,0.01,0.01,0.0,24.74,87,POSCTL,0,0
2026-08-21T14:18:03,1787296683,13.82267,100.511594,27.5,-0.99,-0.8,-1.5,-140.7,219.3,0.01,0.01,0.0,24.74,87,POSCTL,0,0
2026-08-21T14:18:04,1787296684,13.82267,100.511594,27.5,-0.99,-0.8,-1.4,-137.9,222.1,0.01,0.01,0.0,24.74,87,POSCTL,0,0
2026-08-21T14:18:05,1787296685,13.82267,100.511594,27.5,-0.99,-0.8,-1.4,-137.9,222.1,0.01,0.01,0.0,24.74,87,POSCTL,0,0
2026-08-21T14:18:06,1787296686,13.822671,100.511596,27.5,-0.99,-0.8,-1.4,-137.9,222.1,0.03,0.05,0.0,24.74,87,POSCTL,0,0
2026-08-21T14:18:07,1787296687,13.822671,100.511596,27.5,-0.99,-0.8,-1.6,-138.3,221.7,0.03,0.05,0.0,24.74,87,POSCTL,0,0
2026-08-21T14:18:08,1787296688,13.822671,100.511596,27.5,-0.99,-0.8,-1.6,-138.3,221.7,0.03,0.05,0.0,24.74,87,POSCTL,0,0
2026-08-21T14:18:09,1787296689,13.822671,100.511596,27.5,-0.99,-0.8,-1.6,-138.3,221.7,0.03,0.05,0.0,24.74,87,POSCTL,0,0
2026-08-21T14:18:10,1787296690,13.822671,100.511596,27.5,-0.99,-0.8,-1.6,-138.3,221.7,0.03,0.05,0.0,24.74,87,POSCTL,0,0
2026-08-21T14:18:11,1787296691,13.822671,100.511596,27.5,-0.99,-0.8,-1.6,-138.3,221.7,0.03,0.05,0.0,24.74,87,POSCTL,0,0
2026-08-21T14:18:12,1787296692,13.822671,100.511596,27.5,-0.99,-0.8,-1.5,-138.9,221.1,0.03,0.05,0.0,24.74,87,POSCTL,0,0
2026-08-21T14:18:13,1787296693,13.822669,100.511593,27.5,-1.0,-0.8,-1.5,-138.9,221.1,0.01,0.02,0.0,24.74,87,POSCTL,0,0
2026-08-21T14:18:14,1787296694,13.822669,100.511593,27.5,-1.0,-0.8,-1.5,-139.1,220.9,0.01,0.02,0.0,24.74,87,POSCTL,0,0
2026-08-21T14:18:15,1787296695,13.822669,100.511593,27.5,-1.0,-0.8,-1.5,-139.1,220.9,0.01,0.02,0.0,24.74,87,POSCTL,0,0
2026-08-21T14:18:16,1787296696,13.822669,100.511593,27.5,-1.0,-0.8,-1.5,-139.1,220.9,0.01,0.02,0.0,24.73,87,POSCTL,0,0
2026-08-21T14:18:17,1787296697,13.822667,100.511591,27.5,-1.02,-0.8,-1.5,-139.3,220.7,-0.01,-0.01,0.0,24.73,87,POSCTL,0,0
2026-08-21T14:18:18,1787296698,13.822667,100.511591,27.5,-1.02,-0.8,-1.5,-139.3,220.7,-0.01,-0.01,0.0,24.73,87,POSCTL,0,0
2026-08-21T14:18:19,1787296699,13.822667,100.511591,27.5,-1.02,-0.8,-1.5,-139.3,220.7,-0.01,-0.01,0.0,24.73,87,POSCTL,0,0
2026-08-21T14:18:20,1787296700,13.822667,100.511591,27.5,-1.02,-0.8,-1.5,-139.3,220.7,-0.01,-0.01,0.0,24.73,87,POSCTL,0,0
2026-08-21T14:18:21,1787296701,13.822667,100.511591,27.5,-1.02,-0.8,-1.5,-139.3,220.7,-0.01,-0.01,0.0,24.73,87,POSCTL,0,0
2026-08-21T14:18:22,1787296702,13.822667,100.511591,27.5,-1.02,-0.8,-1.5,-139.3,220.7,-0.01,-0.01,0.0,24.73,87,POSCTL,0,0
2026-08-21T14:18:23,1787296703,13.822667,100.511591,27.5,-1.02,-0.8,-1.5,-139.3,220.7,-0.01,-0.01,0.0,24.73,87,POSCTL,0,0
2026-08-21T14:18:24,1787296704,13.822666,100.51159,27.5,-1.02,-0.8,-1.5,-139.9,220.1,0.01,0.02,0.0,24.73,87,POSCTL,0,0
2026-08-21T14:18:25,1787296705,13.822666,100.51159,27.5,-1.02,-0.8,-1.5,-139.9,220.1,0.01,0.02,0.0,24.73,87,POSCTL,0,0
2026-08-21T14:18:26,1787296706,13.822666,100.51159,27.5,-1.02,-0.7,-1.5,-140.0,220.0,0.01,0.02,0.0,24.73,87,POSCTL,0,0
2026-08-21T14:18:27,1787296707,13.822665,100.51159,27.5,-1.02,-0.7,-1.5,-140.0,220.0,0.01,0.02,0.0,24.73,87,POSCTL,0,0
2026-08-21T14:18:28,1787296708,13.822667,100.511591,27.5,-1.02,-0.7,-1.5,-140.2,219.8,0.01,0.01,0.0,24.73,87,POSCTL,0,0
2026-08-21T14:18:29,1787296709,13.822667,100.511591,27.5,-1.02,-0.7,-1.5,-140.2,219.8,0.01,0.01,0.0,24.73,87,POSCTL,0,0
2026-08-21T14:18:30,1787296710,13.822667,100.511591,27.5,-1.02,-0.7,-1.5,-140.2,219.8,0.01,0.01,0.0,24.73,87,POSCTL,0,0
2026-08-21T14:18:31,1787296711,13.822667,100.511591,27.5,-1.02,-0.7,-1.5,-140.2,219.8,0.01,0.01,0.0,24.73,87,POSCTL,0,0
2026-08-21T14:18:32,1787296712,13.822667,100.511591,27.5,-1.02,-0.7,-1.5,-140.2,219.8,0.01,0.01,0.0,24.73,87,POSCTL,0,0
2026-08-21T14:18:33,1787296713,13.822667,100.511591,27.5,-1.02,-0.7,-1.5,-140.2,219.8,0.01,0.01,0.0,24.73,87,POSCTL,0,0
2026-08-21T14:18:34,1787296714,13.822667,100.511591,27.5,-1.02,-0.7,-1.5,-140.2,219.8,0.01,0.01,0.0,24.73,87,POSCTL,0,0
2026-08-21T14:18:35,1787296715,13.822667,100.511591,27.5,-1.02,-0.7,-1.5,-140.5,219.5,0.01,0.01,0.0,24.73,87,POSCTL,0,0
2026-08-21T14:18:36,1787296716,13.822665,100.51159,27.5,-0.0,-0.7,-1.5,-140.6,219.4,0.0,0.01,0.0,24.73,87,POSCTL,0,0
2026-08-21T14:18:37,1787296717,13.822665,100.51159,27.5,-0.0,-0.7,-1.5,-140.6,219.4,0.0,0.01,0.0,24.73,87,POSCTL,0,0
2026-08-21T14:18:38,1787296718,13.822665,100.51159,27.5,-0.0,-0.7,-1.5,-140.6,219.4,0.0,0.01,0.0,24.73,87,POSCTL,0,0
2026-08-21T14:18:39,1787296719,13.822665,100.51159,27.5,-0.0,-0.7,-1.5,-140.6,219.4,0.0,0.01,0.0,24.73,87,POSCTL,0,0
2026-08-21T14:18:40,1787296720,13.822663,100.511588,27.5,-0.0,-0.7,-1.5,-140.6,219.4,0.0,0.01,0.0,24.73,87,POSCTL,0,0
2026-08-21T14:18:41,1787296721,13.822663,100.511588,27.5,-0.0,-0.7,-1.5,-140.8,219.2,0.0,0.01,0.0,24.73,87,POSCTL,0,0
2026-08-21T14:18:42,1787296722,13.822663,100.511588,27.5,-0.0,-0.7,-1.5,-140.8,219.2,0.0,0.01,0.0,24.73,87,POSCTL,0,0
2026-08-21T14:18:43,1787296723,13.822663,100.511588,27.5,-0.0,-0.7,-1.5,-140.9,219.1,0.0,0.01,0.0,24.73,87,POSCTL,0,0
2026-08-21T14:18:44,1787296724,13.822664,100.511589,27.5,-0.01,-0.7,-1.5,-140.9,219.1,0.04,0.03,0.0,24.73,87,POSCTL,0,0
2026-08-21T14:18:45,1787296725,13.822664,100.511589,27.5,-0.01,-0.7,-1.5,-141.0,219.0,0.04,0.03,0.0,24.73,87,POSCTL,0,0
2026-08-21T14:18:46,1787296726,13.822664,100.511589,27.5,-0.01,-0.7,-1.5,-141.0,219.0,0.04,0.03,0.0,24.73,87,POSCTL,0,0
2026-08-21T14:18:47,1787296727,13.822664,100.511589,27.5,-0.01,-0.7,-1.5,-141.0,219.0,0.04,0.03,0.0,24.73,87,POSCTL,0,0
2026-08-21T14:18:48,1787296728,13.822664,100.511589,27.5,-0.01,-0.7,-1.5,-141.0,219.0,0.04,0.03,0.0,24.73,87,POSCTL,0,0
2026-08-21T14:18:49,1787296729,13.822664,100.511589,27.5,-0.01,-0.7,-1.5,-141.0,219.0,0.04,0.03,0.0,24.73,87,POSCTL,0,0
2026-08-21T14:18:50,1787296730,13.822664,100.511589,27.5,-0.01,-0.7,-1.5,-141.2,218.8,0.04,0.03,0.0,24.73,87,POSCTL,0,0
2026-08-21T14:18:51,1787296731,13.822664,100.511589,27.5,-0.01,-0.7,-1.5,-141.2,218.8,0.04,0.03,0.0,24.73,87,POSCTL,0,0
2026-08-21T14:18:52,1787296732,13.822665,100.511586,27.5,-0.01,-0.7,-1.5,-141.2,218.8,0.04,0.03,0.0,24.73,87,POSCTL,0,0
2026-08-21T14:18:53,1787296733,13.822664,100.511586,27.5,-0.03,-0.7,-1.5,-141.2,218.8,0.0,0.0,0.0,24.73,87,POSCTL,0,0
2026-08-21T14:18:54,1787296734,13.822664,100.511586,27.5,-0.03,-0.7,-1.5,-141.3,218.7,0.0,0.0,0.0,24.73,87,POSCTL,0,0
2026-08-21T14:18:55,1787296735,13.822664,100.511586,27.5,-0.03,-0.7,-1.5,-141.3,218.7,0.0,0.0,0.0,24.73,87,POSCTL,0,0
2026-08-21T14:18:56,1787296736,13.822666,100.511586,27.5,-0.03,-0.7,-1.5,-141.4,218.6,0.0,0.0,0.0,24.73,87,POSCTL,0,0
2026-08-21T14:18:57,1787296737,13.822665,100.511586,27.5,-0.03,-0.7,-1.5,-141.4,218.6,0.01,0.0,0.0,24.73,87,POSCTL,0,0
2026-08-21T14:18:58,1787296738,13.822665,100.511586,27.5,-0.03,-0.7,-1.5,-141.4,218.6,0.01,0.0,0.0,24.73,87,POSCTL,0,0
2026-08-21T14:18:59,1787296739,13.822665,100.511586,27.5,-0.03,-0.7,-1.5,-141.4,218.6,0.01,0.0,0.0,24.73,87,POSCTL,0,0
2026-08-21T14:19:00,1787296740,13.822665,100.511586,27.5,-0.03,-0.7,-1.5,-141.4,218.6,0.01,0.0,0.0,24.73,87,POSCTL,0,0
2026-08-21T14:19:01,1787296741,13.822665,100.511586,27.5,-0.03,-0.7,-1.5,-141.4,218.6,0.01,0.0,0.0,24.73,87,POSCTL,0,0
2026-08-21T14:19:03,1787296743,13.822665,100.511586,27.5,-0.03,-0.7,-1.5,-141.6,218.4,0.01,0.0,0.0,24.73,87,POSCTL,0,0
2026-08-21T14:19:04,1787296744,13.822665,100.511582,27.5,-0.03,-0.7,-1.5,-141.6,218.4,0.01,0.0,0.0,24.73,87,POSCTL,0,0
2026-08-21T14:19:05,1787296745,13.822665,100.511583,27.4,-0.06,-0.7,-1.5,-141.6,218.4,-0.01,-0.01,0.0,24.73,87,POSCTL,0,0
2026-08-21T14:19:06,1787296746,13.822665,100.511583,27.4,-0.06,-0.7,-1.5,-141.6,218.4,-0.01,-0.01,0.0,24.73,87,POSCTL,0,0
2026-08-21T14:19:07,1787296747,13.822667,100.511584,27.4,-0.06,-0.7,-1.5,-141.7,218.3,-0.01,-0.01,0.0,24.73,87,POSCTL,0,0
2026-08-21T14:19:08,1787296748,13.822667,100.511584,27.4,-0.06,-0.7,-1.5,-141.7,218.3,-0.01,-0.01,0.0,24.73,87,POSCTL,0,0
2026-08-21T14:19:09,1787296749,13.822667,100.511584,27.4,-0.06,-0.8,-1.4,-141.4,218.6,0.01,0.03,0.0,24.73,87,POSCTL,0,0
2026-08-21T14:19:10,1787296750,13.822667,100.511584,27.4,-0.06,-0.8,-1.4,-141.4,218.6,0.01,0.03,0.0,24.73,87,POSCTL,0,0
2026-08-21T14:19:11,1787296751,13.822669,100.511586,27.4,-0.06,-0.8,-1.4,-141.4,218.6,0.01,0.03,0.0,24.73,87,POSCTL,0,0
2026-08-21T14:19:12,1787296752,13.822669,100.511586,27.4,-0.06,-0.8,-1.4,-141.4,218.6,0.01,0.03,0.0,24.73,87,POSCTL,0,0
2026-08-21T14:19:13,1787296753,13.822669,100.511586,27.4,-0.06,-0.8,-1.4,-141.4,218.6,0.01,0.03,0.0,24.73,87,POSCTL,0,0
2026-08-21T14:19:14,1787296754,13.822671,100.511588,27.4,-0.06,-0.8,-1.5,-141.5,218.5,0.01,0.03,0.0,24.73,87,POSCTL,0,0
2026-08-21T14:19:15,1787296755,13.822671,100.511588,27.4,-0.06,-0.8,-1.5,-141.5,218.5,0.01,0.03,0.0,24.73,87,POSCTL,0,0
2026-08-21T14:19:16,1787296756,13.822671,100.511588,27.4,-0.06,-0.5,-1.4,-141.7,218.3,0.01,0.03,0.0,24.73,87,POSCTL,0,0
2026-08-21T14:19:17,1787296757,13.822671,100.511586,27.5,-0.06,-0.5,-1.4,-141.7,218.3,0.06,-0.02,0.0,24.73,87,POSCTL,0,0
2026-08-21T14:19:18,1787296758,13.822671,100.511586,27.5,-0.06,-0.8,-1.5,-141.6,218.4,0.06,-0.02,0.0,24.73,87,POSCTL,0,0
2026-08-21T14:19:19,1787296759,13.822669,100.511588,27.5,-0.06,-0.8,-1.5,-141.6,218.4,0.06,-0.02,0.0,24.73,87,POSCTL,0,0
2026-08-21T14:19:20,1787296760,13.82267,100.511588,27.4,-0.06,-0.8,-1.6,-141.7,218.3,-0.04,0.01,0.0,24.73,87,POSCTL,0,0
2026-08-21T14:19:21,1787296761,13.82267,100.511588,27.4,-0.06,-0.8,-1.6,-141.7,218.3,-0.04,0.01,0.0,24.73,87,POSCTL,0,0
2026-08-21T14:19:22,1787296762,13.82267,100.511588,27.4,-0.06,-0.8,-1.6,-141.7,218.3,-0.04,0.01,0.0,24.73,87,POSCTL,0,0
2026-08-21T14:19:23,1787296763,13.82267,100.511588,27.4,-0.06,-0.8,-1.6,-141.7,218.3,-0.04,0.01,0.0,24.73,87,POSCTL,0,0
2026-08-21T14:19:24,1787296764,13.82267,100.511591,27.5,-0.05,-0.8,-1.5,-142.0,218.0,0.0,0.02,0.0,24.73,87,POSCTL,0,0
2026-08-21T14:19:25,1787296765,13.82267,100.511591,27.5,-0.05,-0.8,-1.5,-142.0,218.0,0.0,0.02,0.0,24.73,87,POSCTL,0,0
2026-08-21T14:19:26,1787296766,13.822671,100.511591,27.5,-0.05,-0.5,-1.3,-142.1,217.9,0.0,0.02,0.0,24.73,87,POSCTL,0,0
2026-08-21T14:19:27,1787296767,13.822671,100.511591,27.5,-0.05,-0.5,-1.3,-142.1,217.9,0.05,0.01,0.0,24.73,87,POSCTL,0,0
2026-08-21T14:19:28,1787296768,13.822671,100.511591,27.5,-0.05,-0.5,-1.3,-142.1,217.9,0.05,0.01,0.0,24.73,87,POSCTL,0,0
2026-08-21T14:19:29,1787296769,13.822671,100.511601,27.5,-0.05,-0.5,-1.2,-142.1,217.9,0.05,0.01,0.0,24.73,87,POSCTL,0,0
2026-08-21T14:19:30,1787296770,13.822672,100.511596,27.5,-0.05,-0.5,-1.2,-142.1,217.9,0.03,0.07,0.0,24.73,87,POSCTL,0,0
2026-08-21T14:19:31,1787296771,13.822672,100.511596,27.5,-0.05,-0.5,-1.2,-142.1,217.9,0.03,0.07,0.0,24.73,87,POSCTL,0,0
2026-08-21T14:19:33,1787296773,13.822672,100.511608,27.5,-0.05,-0.7,-1.5,-142.1,217.9,0.03,0.07,0.0,24.73,87,POSCTL,0,0
2026-08-21T14:19:34,1787296774,13.822673,100.511603,27.5,-0.01,-0.7,-1.5,-142.1,217.9,0.04,0.09,0.0,24.73,87,POSCTL,0,0
2026-08-21T14:19:35,1787296775,13.822673,100.511603,27.5,-0.01,-0.7,-1.6,-142.3,217.7,0.04,0.09,0.0,24.73,87,POSCTL,0,0
2026-08-21T14:19:36,1787296776,13.822673,100.511603,27.5,-0.01,-0.7,-1.6,-142.3,217.7,0.04,0.09,0.0,24.73,87,POSCTL,0,0
2026-08-21T14:19:37,1787296777,13.822672,100.511606,27.5,-0.0,-0.7,-1.6,-142.3,217.7,0.0,0.03,0.0,24.73,87,POSCTL,0,0
2026-08-21T14:19:38,1787296778,13.822672,100.511606,27.5,-0.0,-0.7,-1.6,-142.3,217.7,0.0,0.03,0.0,24.73,87,POSCTL,0,0
2026-08-21T14:19:39,1787296779,13.822672,100.511606,27.5,-0.0,-0.7,-1.6,-142.3,217.7,0.0,0.03,0.0,24.73,87,POSCTL,0,0
2026-08-21T14:19:40,1787296780,13.822672,100.511606,27.5,-0.0,-0.7,-1.6,-142.3,217.7,0.0,0.03,0.0,24.73,87,POSCTL,0,0
2026-08-21T14:19:41,1787296781,13.822672,100.511606,27.5,-0.0,-0.7,-1.6,-142.3,217.7,0.0,0.03,0.0,24.73,87,POSCTL,0,0
2026-08-21T14:19:42,1787296782,13.822672,100.511606,27.5,-0.0,-0.8,-1.5,-142.2,217.8,0.0,0.03,0.0,24.73,87,POSCTL,0,0
2026-08-21T14:19:43,1787296783,13.82267,100.511602,27.5,-0.01,-0.8,-1.5,-142.2,217.8,0.01,-0.06,0.0,24.73,87,POSCTL,0,0
2026-08-21T14:19:44,1787296784,13.82267,100.511602,27.5,-0.01,-0.8,-1.5,-142.2,217.8,0.01,-0.06,0.0,24.73,87,POSCTL,0,0
2026-08-21T14:19:45,1787296785,13.822668,100.511598,27.5,-0.01,-0.8,-1.5,-142.2,217.8,0.01,-0.06,0.0,24.73,87,POSCTL,0,0
2026-08-21T14:19:46,1787296786,13.822669,100.5116,27.5,-0.01,-0.9,-1.5,-142.2,217.8,-0.01,-0.04,0.0,24.73,87,POSCTL,0,0
2026-08-21T14:19:47,1787296787,13.822669,100.5116,27.5,-0.01,-0.9,-1.5,-142.2,217.8,-0.01,-0.04,0.0,24.73,87,POSCTL,0,0
2026-08-21T14:19:48,1787296788,13.822669,100.5116,27.5,-0.01,-0.9,-1.5,-142.2,217.8,-0.01,-0.04,0.0,24.73,87,POSCTL,0,0
2026-08-21T14:19:49,1787296789,13.822669,100.5116,27.5,-0.01,-0.9,-1.5,-142.2,217.8,-0.01,-0.04,0.0,24.73,87,POSCTL,0,0
2026-08-21T14:19:50,1787296790,13.822669,100.5116,27.5,-0.01,-0.9,-1.5,-142.2,217.8,-0.01,-0.04,0.0,24.73,87,POSCTL,0,0
2026-08-21T14:19:51,1787296791,13.822669,100.5116,27.5,-0.01,-0.9,-1.5,-142.2,217.8,-0.01,-0.04,0.0,24.73,87,POSCTL,0,0
2026-08-21T14:19:52,1787296792,13.822669,100.5116,27.5,-0.01,-0.9,-1.5,-142.2,217.8,-0.01,-0.04,0.0,24.73,87,POSCTL,0,0
2026-08-21T14:19:53,1787296793,13.822669,100.5116,27.5,-0.01,-1.2,-1.3,-142.0,218.0,-0.01,-0.04,0.0,24.73,87,POSCTL,0,0
2026-08-21T14:19:54,1787296794,13.82267,100.511601,27.4,-0.02,-1.2,-1.3,-142.0,218.0,0.0,0.06,0.0,24.73,87,POSCTL,0,0
2026-08-21T14:19:55,1787296795,13.82267,100.511601,27.4,-0.02,-1.4,-1.4,-142.0,218.0,0.0,0.06,0.0,24.73,87,POSCTL,0,0
2026-08-21T14:19:56,1787296796,13.82267,100.511601,27.4,-0.02,-1.4,-1.4,-142.0,218.0,0.0,0.06,0.0,24.73,87,POSCTL,0,0
2026-08-21T14:19:57,1787296797,13.822669,100.511601,27.4,-0.02,-1.4,-1.4,-142.0,218.0,0.0,0.06,0.0,24.73,87,POSCTL,0,0
2026-08-21T14:19:58,1787296798,13.822669,100.511601,27.4,-0.02,-1.4,-1.4,-142.0,218.0,-0.02,0.02,0.0,24.73,87,POSCTL,0,0
2026-08-21T14:19:59,1787296799,13.822669,100.511601,27.4,-0.02,-1.1,-1.2,-142.2,217.8,-0.02,0.02,0.0,24.73,87,POSCTL,0,0
2026-08-21T14:20:00,1787296800,13.822669,100.511601,27.4,-0.02,-1.1,-1.2,-142.2,217.8,-0.02,0.02,0.0,24.73,87,POSCTL,0,0
2026-08-21T14:20:01,1787296801,13.822669,100.511601,27.4,-0.02,-1.1,-1.2,-142.2,217.8,-0.02,0.02,0.0,24.73,87,POSCTL,0,0
2026-08-21T14:20:02,1787296802,13.822669,100.511601,27.4,-0.02,1.1,-2.1,90.9,90.9,-0.02,0.02,0.0,24.73,87,POSCTL,0,0
2026-08-21T14:20:03,1787296803,13.822668,100.511615,27.4,-0.02,1.1,-2.1,90.9,90.9,-0.02,0.02,0.0,24.73,87,POSCTL,0,0
2026-08-21T14:20:04,1787296804,13.82267,100.511611,28.5,0.3,1.1,-2.1,90.9,90.9,0.48,0.17,0.21,24.73,87,POSCTL,0,0
2026-08-21T14:20:05,1787296805,13.82267,100.511611,28.5,0.3,0.3,1.2,74.3,74.3,0.48,0.17,0.21,24.73,87,POSCTL,0,0
2026-08-21T14:20:06,1787296806,13.822678,100.511622,28.5,0.3,0.3,1.2,74.3,74.3,0.48,0.17,0.21,24.73,87,POSCTL,0,0
2026-08-21T14:20:07,1787296807,13.822686,100.51163,28.1,0.0,-3.0,6.9,61.2,61.2,0.93,0.62,-0.19,24.73,87,POSCTL,0,0
2026-08-21T14:20:08,1787296808,13.822686,100.51163,28.1,0.0,-3.0,6.9,61.2,61.2,0.93,0.62,-0.19,24.73,87,POSCTL,0,0
2026-08-21T14:20:09,1787296809,13.822686,100.51163,28.1,0.0,-3.0,6.9,61.2,61.2,0.93,0.62,-0.19,24.73,87,POSCTL,0,0
2026-08-21T14:20:10,1787296810,13.822686,100.51163,28.1,0.0,-3.0,6.9,61.2,61.2,0.93,0.62,-0.19,24.73,87,POSCTL,0,0
2026-08-21T14:20:11,1787296811,13.822721,100.511632,27.9,-0.16,-3.0,6.9,61.2,61.2,1.33,-0.27,-0.11,24.73,87,POSCTL,0,0
2026-08-21T14:20:12,1787296812,13.822721,100.511632,27.9,-0.16,-2.1,-3.9,-9.5,350.5,1.33,-0.27,-0.11,24.73,87,POSCTL,0,0
2026-08-21T14:20:13,1787296813,13.822721,100.511632,27.9,-0.16,-2.1,-3.9,-9.5,350.5,1.33,-0.27,-0.11,24.73,87,POSCTL,0,0
2026-08-21T14:20:14,1787296814,13.822721,100.511632,27.9,-0.16,0.4,-7.7,-6.0,354.0,1.33,-0.27,-0.11,24.73,87,POSCTL,0,0
2026-08-21T14:20:15,1787296815,13.822769,100.511624,27.0,-0.07,0.4,-7.7,-6.0,354.0,0.95,-0.4,0.15,24.73,87,POSCTL,0,0
2026-08-21T14:20:16,1787296816,13.822769,100.511624,27.0,-0.07,-2.4,-9.6,-33.3,326.7,0.95,-0.4,0.15,24.73,87,POSCTL,0,0
2026-08-21T14:20:17,1787296817,13.822769,100.511624,27.0,-0.07,-2.4,-9.6,-33.3,326.7,0.95,-0.4,0.15,24.73,87,POSCTL,0,0
2026-08-21T14:20:18,1787296818,13.822779,100.511618,27.0,-0.07,-0.4,-3.2,-34.2,325.8,0.95,-0.4,0.15,24.73,87,POSCTL,0,0
2026-08-21T14:20:19,1787296819,13.822777,100.51162,26.0,-0.58,-0.4,-3.2,-34.2,325.8,0.04,0.01,0.01,24.73,87,POSCTL,0,0
2026-08-21T14:20:20,1787296820,13.822777,100.51162,26.0,-0.58,-0.4,-3.2,-34.0,326.0,0.04,0.01,0.01,24.73,87,POSCTL,0,0
2026-08-21T14:20:21,1787296821,13.822777,100.51162,26.0,-0.58,-0.4,-3.2,-34.0,326.0,0.04,0.01,0.01,24.73,87,POSCTL,0,0
2026-08-21T14:20:22,1787296822,13.822777,100.51162,26.0,-0.58,-0.4,-3.1,-33.8,326.2,0.04,0.01,0.01,24.73,87,POSCTL,0,0
2026-08-21T14:20:23,1787296823,13.822777,100.511616,25.9,-0.77,-0.4,-3.1,-33.8,326.2,0.0,-0.03,0.0,24.73,87,POSCTL,0,0
2026-08-21T14:20:24,1787296824,13.822777,100.511616,25.9,-0.77,-0.4,-3.1,-33.8,326.2,0.0,-0.03,0.0,24.73,87,POSCTL,0,0
2026-08-21T14:20:25,1787296825,13.82277,100.51161,25.9,-0.77,-0.4,-3.1,-33.8,326.2,0.0,-0.03,0.0,24.73,87,POSCTL,0,0
2026-08-21T14:20:26,1787296826,13.822773,100.511612,25.8,-0.83,-0.4,-3.1,-33.8,326.2,-0.04,-0.05,0.0,24.73,87,POSCTL,0,0
2026-08-21T14:20:27,1787296827,13.822773,100.511612,25.8,-0.83,-0.3,-3.1,-33.4,326.6,-0.04,-0.05,0.0,24.73,87,POSCTL,0,0
2026-08-21T14:20:28,1787296828,13.822773,100.511612,25.8,-0.83,-0.3,-3.1,-33.4,326.6,-0.04,-0.05,0.0,24.73,87,POSCTL,0,0
2026-08-21T14:20:29,1787296829,13.822773,100.511612,25.8,-0.83,-0.3,-3.1,-33.2,326.8,-0.04,-0.05,0.0,24.73,87,POSCTL,0,0
2026-08-21T14:20:30,1787296830,13.822768,100.511607,25.8,-0.01,-0.3,-3.1,-33.2,326.8,-0.04,-0.04,0.0,24.73,87,POSCTL,0,0
2026-08-21T14:20:31,1787296831,13.822768,100.511607,25.8,-0.01,-0.2,-3.1,-33.1,326.9,-0.04,-0.04,0.0,24.73,87,POSCTL,0,0
2026-08-21T14:20:32,1787296832,13.822768,100.511607,25.8,-0.01,-0.2,-3.1,-33.1,326.9,-0.04,-0.04,0.0,24.73,87,POSCTL,0,0
2026-08-21T14:20:33,1787296833,13.822762,100.5116,25.8,-0.01,-0.2,-3.1,-33.1,326.9,-0.04,-0.04,0.0,24.73,87,POSCTL,0,0
2026-08-21T14:20:34,1787296834,13.822764,100.511603,25.8,0.01,-0.2,-3.1,-33.1,326.9,-0.03,-0.01,0.0,24.73,87,POSCTL,0,0
2026-08-21T14:20:35,1787296835,13.822764,100.511603,25.8,0.01,-0.2,-3.1,-32.9,327.1,-0.03,-0.01,0.0,24.73,87,POSCTL,0,0
2026-08-21T14:20:36,1787296836,13.822764,100.511603,25.8,0.01,-0.2,-3.1,-32.9,327.1,-0.03,-0.01,0.0,24.73,87,POSCTL,0,0
2026-08-21T14:20:37,1787296837,13.822764,100.511603,25.8,0.01,-0.2,-3.1,-32.8,327.2,-0.03,-0.01,0.0,24.73,87,POSCTL,0,0
2026-08-21T14:20:38,1787296838,13.822761,100.511596,25.8,0.0,-0.2,-3.1,-32.8,327.2,0.02,0.0,0.0,24.73,87,POSCTL,0,0
2026-08-21T14:20:39,1787296839,13.822761,100.511596,25.8,0.0,-0.1,-3.1,-32.7,327.3,0.02,0.0,0.0,24.73,87,POSCTL,0,0
2026-08-21T14:20:40,1787296840,13.822761,100.511596,25.8,0.0,-0.1,-3.1,-32.7,327.3,0.02,0.0,0.0,24.73,87,POSCTL,0,0
2026-08-21T14:20:41,1787296841,13.822761,100.511596,25.8,0.0,-0.1,-3.1,-32.7,327.3,0.02,0.0,0.0,24.73,87,POSCTL,0,0
2026-08-21T14:20:42,1787296842,13.822751,100.511577,25.8,0.0,-0.2,-3.1,-32.6,327.4,0.02,0.0,0.0,24.73,87,POSCTL,0,0
2026-08-21T14:20:43,1787296843,13.822751,100.511577,25.8,0.0,-0.2,-3.1,-32.6,327.4,0.02,0.0,0.0,24.73,87,POSCTL,0,0
2026-08-21T14:20:44,1787296844,13.822751,100.511577,25.8,0.0,-0.2,-3.1,-32.6,327.4,0.02,0.0,0.0,24.73,87,POSCTL,0,0
2026-08-21T14:20:45,1787296845,13.822751,100.511577,25.8,0.0,-0.2,-3.1,-32.6,327.4,0.02,0.0,0.0,24.73,87,POSCTL,0,0
2026-08-21T14:20:46,1787296846,13.82275,100.511576,25.8,-0.02,-0.2,-3.1,-32.5,327.5,-0.04,-0.03,0.0,24.73,87,POSCTL,0,0
2026-08-21T14:20:47,1787296847,13.82275,100.511576,25.8,-0.02,-0.2,-3.1,-32.5,327.5,-0.04,-0.03,0.0,24.73,87,POSCTL,0,0
2026-08-21T14:20:48,1787296848,13.82275,100.511576,25.8,-0.02,-0.1,-3.1,-32.5,327.5,-0.04,-0.03,0.0,24.73,87,POSCTL,0,0
2026-08-21T14:20:49,1787296849,13.822743,100.511561,25.8,-0.02,-0.1,-3.1,-32.5,327.5,-0.04,-0.03,0.0,24.73,87,POSCTL,0,0
2026-08-21T14:20:50,1787296850,13.822743,100.511561,25.8,-0.02,-0.1,-3.1,-32.4,327.6,-0.04,-0.03,0.0,24.73,87,POSCTL,0,0
2026-08-21T14:20:51,1787296851,13.822743,100.511561,25.8,-0.02,-0.1,-3.1,-32.4,327.6,-0.04,-0.03,0.0,24.73,87,POSCTL,0,0
2026-08-21T14:20:52,1787296852,13.822743,100.511561,25.8,-0.02,-0.1,-3.1,-32.4,327.6,-0.04,-0.03,0.0,24.73,87,POSCTL,0,0
2026-08-21T14:20:53,1787296853,13.822743,100.511561,25.8,-0.02,-0.1,-3.1,-32.4,327.6,-0.04,-0.03,0.0,24.73,87,POSCTL,0,0
2026-08-21T14:20:54,1787296854,13.822744,100.511563,25.8,-0.02,-0.1,-3.1,-32.4,327.6,-0.04,-0.03,0.0,24.73,87,POSCTL,0,0
2026-08-21T14:20:55,1787296855,13.822745,100.511564,25.6,-0.12,-0.2,-3.1,-32.4,327.6,0.01,0.03,0.0,24.73,87,POSCTL,0,0
2026-08-21T14:20:56,1787296856,13.822745,100.511564,25.6,-0.12,-0.3,-3.1,-32.4,327.6,0.01,0.03,0.0,24.73,87,POSCTL,0,0
2026-08-21T14:20:57,1787296857,13.822745,100.511564,25.6,-0.12,-0.3,-3.1,-32.4,327.6,0.01,0.03,0.0,24.73,87,POSCTL,0,0
2026-08-21T14:20:58,1787296858,13.822745,100.511563,25.6,-0.12,-0.3,-3.1,-32.4,327.6,0.01,0.03,0.0,24.73,87,POSCTL,0,0
2026-08-21T14:20:59,1787296859,13.822744,100.511563,25.6,-0.06,-0.3,-3.1,-32.4,327.6,0.0,0.01,0.0,24.73,87,POSCTL,0,0
2026-08-21T14:21:00,1787296860,13.822744,100.511563,25.6,-0.06,-0.3,-3.1,-32.4,327.6,0.0,0.01,0.0,24.73,87,POSCTL,0,0
2026-08-21T14:21:01,1787296861,13.822744,100.511563,25.6,-0.06,-0.3,-3.1,-32.4,327.6,0.0,0.01,0.0,24.73,87,POSCTL,0,0
2026-08-21T14:21:02,1787296862,13.822745,100.511562,25.6,-0.06,-0.3,-3.1,-32.4,327.6,0.0,0.01,0.0,24.73,87,POSCTL,0,0
2026-08-21T14:21:03,1787296863,13.822745,100.511562,25.6,-0.06,-0.3,-3.1,-32.4,327.6,0.0,0.01,0.0,24.73,87,POSCTL,0,0
2026-08-21T14:21:04,1787296864,13.822745,100.511562,25.6,-0.06,-0.3,-3.1,-32.4,327.6,0.0,0.01,0.0,24.73,87,POSCTL,0,0
2026-08-21T14:21:05,1787296865,13.822745,100.511562,25.6,-0.06,-0.3,-3.1,-32.4,327.6,0.0,0.01,0.0,24.73,87,POSCTL,0,0
2026-08-21T14:21:06,1787296866,13.822746,100.511564,25.5,-0.11,-0.3,-3.1,-32.4,327.6,0.0,0.04,0.0,24.73,87,POSCTL,0,0
2026-08-21T14:21:07,1787296867,13.822746,100.511564,25.5,-0.11,-0.3,-3.1,-32.4,327.6,0.0,0.04,0.0,24.73,87,POSCTL,0,0
2026-08-21T14:21:08,1787296868,13.822746,100.511564,25.5,-0.11,-0.3,-3.1,-32.4,327.6,0.0,0.04,0.0,24.73,87,POSCTL,0,0
2026-08-21T14:21:09,1787296869,13.822746,100.511564,25.5,-0.11,-0.4,-3.1,-32.4,327.6,0.0,0.04,0.0,24.73,87,POSCTL,0,0
2026-08-21T14:21:10,1787296870,13.822744,100.511564,25.5,-0.13,-0.4,-3.1,-32.4,327.6,-0.04,0.01,0.0,24.73,87,POSCTL,0,0
2026-08-21T14:21:11,1787296871,13.822744,100.511564,25.5,-0.13,-0.4,-3.1,-32.4,327.6,-0.04,0.01,0.0,24.73,87,POSCTL,0,0
2026-08-21T14:21:12,1787296872,13.822744,100.511564,25.5,-0.13,-0.4,-3.1,-32.4,327.6,-0.04,0.01,0.0,24.73,87,POSCTL,0,0
2026-08-21T14:21:13,1787296873,13.822744,100.511564,25.5,-0.13,-0.4,-3.2,-32.4,327.6,-0.04,0.01,0.0,24.73,87,POSCTL,0,0
2026-08-21T14:21:14,1787296874,13.82274,100.51156,25.5,-0.13,-0.4,-3.2,-32.4,327.6,-0.04,0.01,0.0,24.73,87,POSCTL,0,0
2026-08-21T14:21:15,1787296875,13.82274,100.51156,25.5,-0.13,-0.4,-3.2,-32.4,327.6,-0.04,0.01,0.0,24.73,87,POSCTL,0,0
2026-08-21T14:21:16,1787296876,13.82274,100.51156,25.5,-0.13,-0.4,-3.2,-32.4,327.6,-0.04,0.01,0.0,24.72,87,POSCTL,0,0
2026-08-21T14:21:17,1787296877,13.82274,100.51156,25.5,-0.13,-0.3,-3.1,-32.4,327.6,-0.04,0.01,0.0,24.72,87,POSCTL,0,0
2026-08-21T14:21:18,1787296878,13.822739,100.511558,25.5,-0.13,-0.3,-3.1,-32.4,327.6,-0.04,0.01,0.0,24.72,87,POSCTL,0,0
2026-08-21T14:21:19,1787296879,13.82274,100.511559,25.5,-0.17,-0.3,-3.1,-32.4,327.6,0.0,0.0,0.0,24.72,87,POSCTL,0,0
2026-08-21T14:21:20,1787296880,13.82274,100.511559,25.5,-0.17,-0.3,-3.1,-32.4,327.6,0.0,0.0,0.0,24.72,87,POSCTL,0,0
2026-08-21T14:21:21,1787296881,13.82274,100.511559,25.5,-0.17,-0.3,-3.1,-32.4,327.6,0.0,0.0,0.0,24.72,87,POSCTL,0,0
2026-08-21T14:21:22,1787296882,13.822738,100.511558,25.4,-0.2,-0.3,-3.1,-32.4,327.6,-0.02,0.02,0.0,24.72,87,POSCTL,0,0
2026-08-21T14:21:23,1787296883,13.822738,100.511558,25.4,-0.2,-0.3,-3.1,-32.4,327.6,-0.02,0.02,0.0,24.72,87,POSCTL,0,0
2026-08-21T14:21:24,1787296884,13.822738,100.511558,25.4,-0.2,-0.3,-3.1,-32.4,327.6,-0.02,0.02,0.0,24.72,87,POSCTL,0,0
2026-08-21T14:21:25,1787296885,13.822738,100.511558,25.4,-0.2,-0.3,-3.1,-32.4,327.6,-0.02,0.02,0.0,24.72,87,POSCTL,0,0
2026-08-21T14:21:26,1787296886,13.822738,100.511558,25.4,-0.2,-0.3,-3.1,-32.4,327.6,-0.02,0.02,0.0,24.72,87,POSCTL,0,0
2026-08-21T14:21:27,1787296887,13.822738,100.511558,25.4,-0.2,-0.3,-3.1,-32.4,327.6,-0.02,0.02,0.0,24.72,87,POSCTL,0,0
2026-08-21T14:21:28,1787296888,13.822738,100.511558,25.4,-0.2,-0.3,-3.2,-32.4,327.6,-0.02,0.02,0.0,24.72,87,POSCTL,0,0
2026-08-21T14:21:29,1787296889,13.822738,100.511558,25.4,-0.2,-0.3,-3.2,-32.4,327.6,-0.02,0.02,0.0,24.72,87,POSCTL,0,0
2026-08-21T14:21:30,1787296890,13.822735,100.511549,25.4,-0.2,-0.3,-3.1,-32.4,327.6,-0.02,0.02,0.0,24.72,87,POSCTL,0,0
2026-08-21T14:21:31,1787296891,13.822735,100.511549,25.4,-0.2,-0.3,-3.1,-32.4,327.6,-0.02,0.02,0.0,24.72,87,POSCTL,0,0
2026-08-21T14:21:32,1787296892,13.822736,100.511551,25.4,-0.01,-0.3,-3.1,-32.3,327.7,-0.03,0.0,0.0,24.72,87,POSCTL,0,0
2026-08-21T14:21:33,1787296893,13.822736,100.511551,25.4,-0.01,-0.3,-3.1,-32.3,327.7,-0.03,0.0,0.0,24.72,87,POSCTL,0,0
2026-08-21T14:21:34,1787296894,13.822736,100.511551,25.4,-0.01,-0.3,-3.1,-32.4,327.6,-0.03,0.0,0.0,24.72,87,POSCTL,0,0
2026-08-21T14:21:35,1787296895,13.822736,100.511551,25.4,-0.01,-0.3,-3.1,-32.4,327.6,-0.03,0.0,0.0,24.72,87,POSCTL,0,0
2026-08-21T14:21:36,1787296896,13.822734,100.511547,25.4,-0.01,-0.3,-3.1,-32.4,327.6,-0.02,-0.08,0.0,24.72,87,POSCTL,0,0
2026-08-21T14:21:37,1787296897,13.822734,100.511547,25.4,-0.01,-0.3,-3.1,-32.4,327.6,-0.02,-0.08,0.0,24.72,87,POSCTL,0,0
2026-08-21T14:21:38,1787296898,13.822734,100.511547,25.4,-0.01,-0.3,-3.1,-32.4,327.6,-0.02,-0.08,0.0,24.72,87,POSCTL,0,0
2026-08-21T14:21:39,1787296899,13.822733,100.511537,25.4,-0.01,-0.3,-3.1,-32.4,327.6,-0.02,-0.08,0.0,24.72,87,POSCTL,0,0
2026-08-21T14:21:40,1787296900,13.822733,100.511537,25.4,-0.01,-0.3,-3.1,-32.4,327.6,-0.02,-0.08,0.0,24.72,87,POSCTL,0,0
2026-08-21T14:21:41,1787296901,13.822733,100.511537,25.4,-0.01,-0.3,-3.1,-32.4,327.6,-0.02,-0.08,0.0,24.72,87,POSCTL,0,0
2026-08-21T14:21:42,1787296902,13.822733,100.511537,25.4,-0.01,-0.2,-3.0,-32.3,327.7,-0.02,-0.08,0.0,24.72,87,POSCTL,0,0
2026-08-21T14:21:43,1787296903,13.82273,100.511532,25.4,-0.01,-0.2,-3.0,-32.3,327.7,-0.02,-0.08,0.0,24.72,87,POSCTL,0,0
2026-08-21T14:21:44,1787296904,13.822731,100.511536,25.4,0.01,-0.2,-3.0,-32.3,327.7,-0.03,0.01,0.0,24.72,87,POSCTL,0,0
2026-08-21T14:21:45,1787296905,13.822731,100.511536,25.4,0.01,-0.2,-3.0,-32.3,327.7,-0.03,0.01,0.0,24.72,87,POSCTL,0,0
2026-08-21T14:21:46,1787296906,13.822731,100.511536,25.4,0.01,-0.2,-3.0,-32.3,327.7,-0.03,0.01,0.0,24.72,87,POSCTL,0,0
2026-08-21T14:21:47,1787296907,13.822729,100.511534,25.4,0.01,-0.2,-3.0,-32.3,327.7,-0.02,0.01,0.0,24.72,87,POSCTL,0,0
2026-08-21T14:21:48,1787296908,13.822729,100.511534,25.4,0.01,-0.2,-3.0,-32.3,327.7,-0.02,0.01,0.0,24.72,87,POSCTL,0,0
2026-08-21T14:21:49,1787296909,13.822729,100.511534,25.4,0.01,-0.2,-3.0,-32.3,327.7,-0.02,0.01,0.0,24.72,87,POSCTL,0,0
2026-08-21T14:21:50,1787296910,13.822729,100.511534,25.4,0.01,-0.2,-3.0,-32.3,327.7,-0.02,0.01,0.0,24.72,87,POSCTL,0,0
2026-08-21T14:21:51,1787296911,13.82273,100.51153,25.4,0.01,-0.3,-3.2,-32.3,327.7,-0.02,0.01,0.0,24.72,87,POSCTL,0,0
2026-08-21T14:21:52,1787296912,13.82273,100.511531,25.4,0.0,-0.3,-3.2,-32.3,327.7,0.03,-0.03,0.0,24.72,87,POSCTL,0,0
2026-08-21T14:21:53,1787296913,13.82273,100.511531,25.4,0.0,-0.3,-3.2,-32.3,327.7,0.03,-0.03,0.0,24.72,87,POSCTL,0,0
2026-08-21T14:21:54,1787296914,13.82273,100.511531,25.4,0.0,-0.3,-3.2,-32.3,327.7,0.03,-0.03,0.0,24.72,87,POSCTL,0,0
2026-08-21T14:21:55,1787296915,13.822731,100.511528,25.4,0.0,-0.3,-3.1,-32.3,327.7,0.03,-0.03,0.0,24.72,87,POSCTL,0,0
2026-08-21T14:21:56,1787296916,13.822731,100.511528,25.4,0.0,-0.3,-3.1,-32.3,327.7,0.03,-0.03,0.0,24.72,87,POSCTL,0,0
2026-08-21T14:21:57,1787296917,13.822731,100.511528,25.4,0.0,-0.3,-3.1,-32.3,327.7,0.03,-0.03,0.0,24.72,87,POSCTL,0,0
2026-08-21T14:21:58,1787296918,13.822731,100.511528,25.4,0.0,-0.3,-3.1,-32.3,327.7,0.03,-0.03,0.0,24.72,87,POSCTL,0,0
2026-08-21T14:21:59,1787296919,13.822731,100.511528,25.4,0.0,-0.3,-3.1,-32.3,327.7,0.03,-0.03,0.0,24.72,87,POSCTL,0,0
2026-08-21T14:22:00,1787296920,13.822733,100.51153,25.4,-0.01,-0.4,-3.1,-32.3,327.7,0.0,0.0,0.0,24.72,87,POSCTL,0,0
2026-08-21T14:22:01,1787296921,13.822733,100.51153,25.4,-0.01,-0.4,-3.1,-32.3,327.7,0.0,0.0,0.0,24.72,87,POSCTL,0,0
2026-08-21T14:22:02,1787296922,13.822733,100.51153,25.4,-0.01,-0.4,-3.1,-32.3,327.7,0.0,0.0,0.0,24.72,87,POSCTL,0,0
2026-08-21T14:22:03,1787296923,13.822738,100.511533,25.4,-0.01,-0.4,-3.1,-32.3,327.7,0.0,0.0,0.0,24.72,87,POSCTL,0,0
2026-08-21T14:22:04,1787296924,13.822736,100.511531,25.4,-0.02,-0.4,-3.1,-32.3,327.7,0.01,-0.02,0.0,24.72,87,POSCTL,0,0
2026-08-21T14:22:05,1787296925,13.822736,100.511531,25.4,-0.02,-0.4,-3.1,-32.3,327.7,0.01,-0.02,0.0,24.72,87,POSCTL,0,0
2026-08-21T14:22:06,1787296926,13.822736,100.511531,25.4,-0.02,-0.4,-3.1,-32.3,327.7,0.01,-0.02,0.0,24.72,87,POSCTL,0,0
2026-08-21T14:22:07,1787296927,13.822736,100.511531,25.4,-0.02,-0.4,-3.1,-32.3,327.7,0.01,-0.02,0.0,24.72,87,POSCTL,0,0
2026-08-21T14:22:08,1787296928,13.822738,100.511536,25.4,0.0,-0.4,-3.1,-32.3,327.7,0.0,0.05,0.0,24.72,87,POSCTL,0,0
2026-08-21T14:22:09,1787296929,13.822738,100.511536,25.4,0.0,-0.4,-3.1,-32.3,327.7,0.0,0.05,0.0,24.72,87,POSCTL,0,0
2026-08-21T14:22:10,1787296930,13.822738,100.511536,25.4,0.0,-0.4,-3.1,-32.2,327.8,0.0,0.05,0.0,24.72,87,POSCTL,0,0
2026-08-21T14:22:11,1787296931,13.822743,100.511548,25.4,0.0,-0.4,-3.1,-32.2,327.8,0.0,0.05,0.0,24.72,87,POSCTL,0,0
2026-08-21T14:22:12,1787296932,13.822741,100.511543,25.4,0.01,-0.5,-3.1,-32.3,327.7,0.0,0.05,0.0,24.72,87,POSCTL,0,0
2026-08-21T14:22:13,1787296933,13.822741,100.511543,25.4,0.01,-0.5,-3.1,-32.3,327.7,0.0,0.05,0.0,24.72,87,POSCTL,0,0
2026-08-21T14:22:14,1787296934,13.822741,100.511543,25.4,0.01,-0.5,-3.1,-32.3,327.7,0.0,0.05,0.0,24.72,87,POSCTL,0,0
2026-08-21T14:22:15,1787296935,13.822741,100.511543,25.4,0.01,-0.5,-3.1,-32.3,327.7,0.0,0.05,0.0,24.72,87,POSCTL,0,0
2026-08-21T14:22:16,1787296936,13.822741,100.511543,25.4,0.01,-0.5,-3.1,-32.3,327.7,0.0,0.05,0.0,24.72,87,POSCTL,0,0
2026-08-21T14:22:17,1787296937,13.822741,100.511543,25.4,0.01,-0.5,-3.1,-32.3,327.7,0.0,0.05,0.0,24.72,87,POSCTL,0,0
2026-08-21T14:22:18,1787296938,13.822741,100.511543,25.4,0.01,-0.5,-3.1,-32.3,327.7,0.0,0.05,0.0,24.72,87,POSCTL,0,0
2026-08-21T14:22:19,1787296939,13.822741,100.511543,25.4,0.01,-0.6,-3.2,-32.3,327.7,0.0,0.05,0.0,24.72,87,POSCTL,0,0
2026-08-21T14:22:20,1787296940,13.822741,100.511543,25.4,0.01,-0.5,-3.2,-32.3,327.7,0.0,0.05,0.0,24.72,87,POSCTL,0,0
2026-08-21T14:22:21,1787296941,13.822751,100.511565,25.4,0.0,-0.5,-3.2,-32.3,327.7,0.02,0.06,0.0,24.72,87,POSCTL,0,0
2026-08-21T14:22:22,1787296942,13.822751,100.511565,25.4,0.0,-0.5,-3.2,-32.3,327.7,0.02,0.06,0.0,24.72,87,POSCTL,0,0
2026-08-21T14:22:23,1787296943,13.822751,100.511565,25.4,0.0,-0.6,-3.2,-32.2,327.8,0.02,0.06,0.0,24.72,87,POSCTL,0,0
2026-08-21T14:22:24,1787296944,13.822756,100.51158,25.4,0.0,-0.6,-3.2,-32.2,327.8,0.02,0.06,0.0,24.72,87,POSCTL,0,0
2026-08-21T14:22:25,1787296945,13.822755,100.511574,25.4,-0.01,-0.6,-3.2,-32.2,327.8,0.01,0.02,0.0,24.72,87,POSCTL,0,0
2026-08-21T14:22:26,1787296946,13.822755,100.511574,25.4,-0.01,-0.6,-3.2,-32.2,327.8,0.01,0.02,0.0,24.72,87,POSCTL,0,0
2026-08-21T14:22:27,1787296947,13.822755,100.511574,25.4,-0.01,-0.6,-3.2,-32.3,327.7,0.01,0.02,0.0,24.72,87,POSCTL,0,0
2026-08-21T14:22:28,1787296948,13.822756,100.511581,25.4,-0.0,-0.6,-3.2,-32.3,327.7,0.0,0.0,0.0,24.72,87,POSCTL,0,0
2026-08-21T14:22:29,1787296949,13.822756,100.511581,25.4,-0.0,-0.6,-3.2,-32.3,327.7,0.0,0.0,0.0,24.72,87,POSCTL,0,0
2026-08-21T14:22:30,1787296950,13.822756,100.511581,25.4,-0.0,-0.6,-3.2,-32.3,327.7,0.0,0.0,0.0,24.72,87,POSCTL,0,0
2026-08-21T14:22:31,1787296951,13.822756,100.511581,25.4,-0.0,-0.6,-3.2,-32.3,327.7,0.0,0.0,0.0,24.72,87,POSCTL,0,0
2026-08-21T14:22:32,1787296952,13.822758,100.511591,25.4,-0.0,-0.5,-3.2,-32.3,327.7,0.0,0.0,0.0,24.72,87,POSCTL,0,0
2026-08-21T14:22:33,1787296953,13.822757,100.511588,25.4,0.0,-0.5,-3.2,-32.3,327.7,-0.01,0.03,0.0,24.72,87,POSCTL,0,0
2026-08-21T14:22:34,1787296954,13.822757,100.511588,25.4,0.0,-0.4,-3.2,-32.3,327.7,-0.01,0.03,0.0,24.72,87,POSCTL,0,0
2026-08-21T14:22:35,1787296955,13.822757,100.511588,25.4,0.0,-0.4,-3.2,-32.3,327.7,-0.01,0.03,0.0,24.72,87,POSCTL,0,0
2026-08-21T14:22:36,1787296956,13.822757,100.511595,25.4,0.0,-0.5,-3.2,-32.3,327.7,-0.01,0.03,0.0,24.72,87,POSCTL,0,0
2026-08-21T14:22:37,1787296957,13.822758,100.511592,25.4,-0.01,-0.5,-3.2,-32.3,327.7,0.0,0.0,0.0,24.72,87,POSCTL,0,0
2026-08-21T14:22:39,1787296959,13.822758,100.511592,25.4,-0.01,-0.5,-3.2,-32.3,327.7,0.0,0.0,0.0,24.72,87,POSCTL,0,0
2026-08-21T14:22:40,1787296960,13.822758,100.511592,25.4,-0.01,-0.5,-3.2,-32.3,327.7,0.0,0.0,0.0,24.72,87,POSCTL,0,0
2026-08-21T14:22:41,1787296962,13.822758,100.511592,25.4,-0.01,-0.5,-3.2,-32.3,327.7,0.0,0.0,0.0,24.72,87,POSCTL,0,0
2026-08-21T14:22:42,1787296963,13.822758,100.511592,25.4,-0.01,-0.5,-3.2,-32.3,327.7,0.0,0.0,0.0,24.72,87,POSCTL,0,0
2026-08-21T14:22:43,1787296964,13.822758,100.511592,25.4,-0.01,-0.5,-3.2,-32.3,327.7,0.0,0.0,0.0,24.72,87,POSCTL,0,0
2026-08-21T14:22:44,1787296965,13.822757,100.511606,25.4,-0.01,-0.4,-3.2,-32.2,327.8,0.0,0.0,0.0,24.72,87,POSCTL,0,0
2026-08-21T14:22:45,1787296966,13.822757,100.511603,25.4,0.0,-0.4,-3.2,-32.2,327.8,0.0,0.06,0.0,24.72,87,POSCTL,0,0
2026-08-21T14:22:46,1787296967,13.822757,100.511603,25.4,0.0,-0.4,-3.2,-32.2,327.8,0.0,0.06,0.0,24.72,87,POSCTL,0,0
2026-08-21T14:22:47,1787296968,13.822757,100.511603,25.4,0.0,-0.4,-3.2,-32.2,327.8,0.0,0.06,0.0,24.72,87,POSCTL,0,0
2026-08-21T14:22:48,1787296969,13.822757,100.511613,25.4,0.0,-0.4,-3.2,-32.2,327.8,0.0,0.06,0.0,24.72,87,POSCTL,0,0
2026-08-21T14:22:49,1787296970,13.822757,100.511613,25.4,0.0,-0.4,-3.2,-32.2,327.8,0.0,0.06,0.0,24.72,87,POSCTL,0,0
2026-08-21T14:22:50,1787296971,13.822757,100.511613,25.4,0.0,-0.5,-3.2,-32.2,327.8,0.0,0.06,0.0,24.72,87,POSCTL,0,0
2026-08-21T14:22:51,1787296972,13.822757,100.511613,25.4,0.0,-0.5,-3.2,-32.2,327.8,0.0,0.06,0.0,24.72,87,POSCTL,0,0
2026-08-21T14:22:52,1787296973,13.822757,100.511615,25.4,0.0,-0.5,-3.2,-32.2,327.8,0.0,0.06,0.0,24.72,87,POSCTL,0,0
2026-08-21T14:22:53,1787296974,13.822757,100.511613,25.4,-0.0,-0.5,-3.2,-32.2,327.8,0.0,-0.02,0.0,24.72,87,POSCTL,0,0
2026-08-21T14:22:54,1787296975,13.822757,100.511613,25.4,-0.0,-0.4,-3.1,-32.2,327.8,0.0,-0.02,0.0,24.72,87,POSCTL,0,0
2026-08-21T14:22:55,1787296976,13.822757,100.511617,25.4,-0.0,-0.4,-3.1,-32.2,327.8,0.0,-0.02,0.0,24.72,87,POSCTL,0,0
2026-08-21T14:22:56,1787296977,13.822757,100.511616,25.4,0.0,-0.4,-3.1,-32.2,327.8,-0.01,0.03,0.0,24.72,87,POSCTL,0,0
2026-08-21T14:22:57,1787296978,13.822757,100.511616,25.4,0.0,-0.4,-3.1,-32.2,327.8,-0.01,0.03,0.0,24.72,87,POSCTL,0,0
2026-08-21T14:22:58,1787296979,13.822757,100.511616,25.4,0.0,-0.4,-3.1,-32.2,327.8,-0.01,0.03,0.0,24.72,87,POSCTL,0,0
2026-08-21T14:22:59,1787296980,13.822757,100.511616,25.4,0.0,-0.4,-3.1,-32.2,327.8,-0.01,0.03,0.0,24.72,87,POSCTL,0,0
2026-08-21T14:23:00,1787296981,13.822758,100.51162,25.4,-0.0,-0.4,-3.1,-32.2,327.8,0.03,0.03,0.0,24.72,87,POSCTL,0,0
2026-08-21T14:23:01,1787296982,13.822758,100.51162,25.4,-0.0,-0.4,-3.2,-32.3,327.7,0.03,0.03,0.0,24.72,87,POSCTL,0,0
2026-08-21T14:23:02,1787296983,13.822758,100.51162,25.4,-0.0,-0.4,-3.2,-32.3,327.7,0.03,0.03,0.0,24.72,87,POSCTL,0,0
2026-08-21T14:23:03,1787296984,13.822758,100.51162,25.4,-0.0,-0.4,-3.2,-32.3,327.7,0.03,0.03,0.0,24.72,87,POSCTL,0,0
2026-08-21T14:23:04,1787296985,13.82276,100.511625,25.4,-0.0,-0.4,-3.2,-32.3,327.7,0.03,0.03,0.0,24.72,87,POSCTL,0,0
2026-08-21T14:23:05,1787296986,13.82276,100.511623,25.4,-0.01,-0.4,-3.2,-32.3,327.7,0.0,-0.01,0.0,24.72,87,POSCTL,0,0
2026-08-21T14:23:06,1787296987,13.82276,100.511623,25.4,-0.01,-0.5,-3.2,-32.3,327.7,0.0,-0.01,0.0,24.72,87,POSCTL,0,0
2026-08-21T14:23:07,1787296988,13.82276,100.511623,25.4,-0.01,-0.5,-3.2,-32.3,327.7,0.0,-0.01,0.0,24.72,87,POSCTL,0,0
2026-08-21T14:23:08,1787296989,13.82276,100.511623,25.4,-0.01,-0.5,-3.2,-32.3,327.7,0.0,-0.01,0.0,24.72,87,POSCTL,0,0
2026-08-21T14:23:09,1787296990,13.822759,100.511625,25.4,0.01,-0.5,-3.2,-32.3,327.7,-0.01,0.01,0.0,24.72,87,POSCTL,0,0
2026-08-21T14:23:10,1787296991,13.822759,100.511625,25.4,0.01,-0.4,-3.1,-32.2,327.8,-0.01,0.01,0.0,24.72,87,POSCTL,0,0
2026-08-21T14:23:11,1787296992,13.822759,100.511625,25.4,0.01,-0.4,-3.1,-32.2,327.8,-0.01,0.01,0.0,24.72,87,POSCTL,0,0
2026-08-21T14:23:12,1787296993,13.822759,100.511624,25.4,0.01,-0.4,-3.1,-32.2,327.8,-0.01,0.01,0.0,24.72,87,POSCTL,0,0
2026-08-21T14:23:13,1787296994,13.822759,100.511625,25.4,0.01,-0.4,-3.1,-32.2,327.8,-0.01,0.0,0.0,24.72,87,POSCTL,0,0
2026-08-21T14:23:14,1787296995,13.822759,100.511625,25.4,0.01,-0.4,-3.2,-32.2,327.8,-0.01,0.0,0.0,24.72,86,POSCTL,0,0
2026-08-21T14:23:15,1787296996,13.822759,100.511625,25.4,0.01,-0.4,-3.2,-32.2,327.8,-0.01,0.0,0.0,24.72,86,POSCTL,0,0
2026-08-21T14:23:16,1787296997,13.822758,100.511623,25.4,0.02,-0.4,-3.2,-32.2,327.8,0.0,-0.04,0.0,24.72,86,POSCTL,0,0
2026-08-21T14:23:17,1787296998,13.822758,100.511623,25.4,0.02,-0.3,-3.1,-32.2,327.8,0.0,-0.04,0.0,24.72,86,POSCTL,0,0
2026-08-21T14:23:18,1787296999,13.822758,100.511623,25.4,0.02,-0.3,-3.1,-32.2,327.8,0.0,-0.04,0.0,24.72,86,POSCTL,0,0
2026-08-21T14:23:19,1787297000,13.822756,100.51162,25.4,0.02,-0.3,-3.1,-32.2,327.8,0.0,-0.04,0.0,24.72,86,POSCTL,0,0
2026-08-21T14:23:20,1787297001,13.822757,100.511621,25.4,0.03,-0.3,-3.1,-32.2,327.8,-0.01,0.01,0.0,24.72,86,POSCTL,0,0
2026-08-21T14:23:21,1787297002,13.822757,100.511621,25.4,0.03,-0.2,-3.1,-32.2,327.8,-0.01,0.01,0.0,24.72,86,POSCTL,0,0
2026-08-21T14:23:22,1787297003,13.822757,100.511621,25.4,0.03,-0.2,-3.1,-32.2,327.8,-0.01,0.01,0.0,24.72,86,POSCTL,0,0
2026-08-21T14:23:23,1787297004,13.822757,100.511621,25.4,0.03,-0.2,-3.1,-32.2,327.8,-0.01,0.01,0.0,24.72,86,POSCTL,0,0
2026-08-21T14:23:24,1787297005,13.822756,100.51162,25.4,0.03,-0.2,-3.1,-32.2,327.8,0.01,0.01,0.0,24.72,86,POSCTL,0,0
2026-08-21T14:23:27,1787297008,13.822756,100.51162,25.4,0.03,-0.3,-3.2,-32.2,327.8,0.01,0.01,0.0,24.72,86,POSCTL,0,0
2026-08-21T14:23:28,1787297009,13.822754,100.511616,25.4,0.0,-0.3,-3.2,-32.2,327.8,0.0,-0.03,0.0,24.72,86,POSCTL,0,0
2026-08-21T14:23:29,1787297010,13.822754,100.511616,25.4,0.0,-0.3,-3.1,-32.2,327.8,0.0,-0.03,0.0,24.72,86,POSCTL,0,0
2026-08-21T14:23:30,1787297011,13.822754,100.511616,25.4,0.0,-0.3,-3.1,-32.2,327.8,0.0,-0.03,0.0,24.72,86,POSCTL,0,0
2026-08-21T14:23:31,1787297012,13.822752,100.511613,25.4,0.0,-0.3,-3.1,-32.2,327.8,0.0,-0.03,0.0,24.72,86,POSCTL,0,0
2026-08-21T14:23:32,1787297013,13.822753,100.511614,25.4,0.01,-0.3,-3.1,-32.2,327.8,-0.01,0.02,0.0,24.72,86,POSCTL,0,0
2026-08-21T14:23:33,1787297014,13.822753,100.511614,25.4,0.01,-0.2,-3.1,-32.2,327.8,-0.01,0.02,0.0,24.72,86,POSCTL,0,0
2026-08-21T14:23:34,1787297015,13.822753,100.511614,25.4,0.01,-0.2,-3.1,-32.2,327.8,-0.01,0.02,0.0,24.72,86,POSCTL,0,0
2026-08-21T14:23:35,1787297016,13.822753,100.511612,25.4,0.01,-0.3,-3.1,-32.2,327.8,-0.01,0.02,0.0,24.72,86,POSCTL,0,0
2026-08-21T14:23:36,1787297017,13.822753,100.511613,25.4,0.01,-0.3,-3.1,-32.2,327.8,0.01,0.0,0.0,24.72,86,POSCTL,0,0
2026-08-21T14:23:37,1787297018,13.822753,100.511613,25.4,0.01,-0.3,-3.1,-32.2,327.8,0.01,0.0,0.0,24.72,86,POSCTL,0,0
2026-08-21T14:23:38,1787297019,13.822753,100.511613,25.4,0.01,-0.3,-3.1,-32.2,327.8,0.01,0.0,0.0,24.72,86,POSCTL,0,0
2026-08-21T14:23:39,1787297020,13.822755,100.511612,25.4,0.01,-0.3,-3.1,-32.2,327.8,0.01,0.0,0.0,24.72,86,POSCTL,0,0
2026-08-21T14:23:40,1787297021,13.822754,100.511611,25.4,0.01,-0.3,-3.1,-32.2,327.8,0.01,-0.02,0.0,24.72,86,POSCTL,0,0
2026-08-21T14:23:41,1787297022,13.822754,100.511611,25.4,0.01,-0.4,-3.1,-32.2,327.8,0.01,-0.02,0.0,24.72,86,POSCTL,0,0
2026-08-21T14:23:42,1787297023,13.822754,100.511611,25.4,0.01,-0.4,-3.1,-32.2,327.8,0.01,-0.02,0.0,24.72,86,POSCTL,0,0
2026-08-21T14:23:43,1787297024,13.822754,100.511611,25.4,0.01,-0.3,-3.1,-32.2,327.8,0.01,-0.02,0.0,24.72,86,POSCTL,0,0
2026-08-21T14:23:44,1787297025,13.822754,100.511611,25.4,0.01,-0.3,-3.1,-32.2,327.8,0.01,-0.02,0.0,24.72,86,POSCTL,0,0
2026-08-21T14:23:45,1787297026,13.822754,100.511611,25.4,0.01,-0.3,-3.1,-32.2,327.8,0.01,-0.02,0.0,24.72,86,POSCTL,0,0
2026-08-21T14:23:46,1787297027,13.822754,100.511611,25.4,0.01,-0.3,-3.1,-32.2,327.8,0.01,-0.02,0.0,24.72,86,POSCTL,0,0
2026-08-21T14:23:47,1787297028,13.822754,100.511611,25.4,0.01,-0.3,-3.1,-32.2,327.8,0.01,-0.02,0.0,24.72,86,POSCTL,0,0
2026-08-21T14:23:48,1787297029,13.822759,100.511612,25.4,0.01,-0.3,-3.1,-32.2,327.8,0.02,0.01,0.0,24.72,86,POSCTL,0,0
2026-08-21T14:23:49,1787297030,13.822759,100.511612,25.4,0.01,-0.3,-3.1,-32.2,327.8,0.02,0.01,0.0,24.72,86,POSCTL,0,0
2026-08-21T14:23:50,1787297031,13.822759,100.511612,25.4,0.01,-0.4,-3.1,-32.2,327.8,0.02,0.01,0.0,24.72,86,POSCTL,0,0
2026-08-21T14:23:51,1787297032,13.822759,100.511612,25.4,0.01,-0.4,-3.1,-32.2,327.8,0.02,0.01,0.0,24.72,86,POSCTL,0,0
2026-08-21T14:23:52,1787297033,13.822763,100.511614,25.4,0.01,-0.4,-3.1,-32.2,327.8,0.02,0.01,0.0,24.72,86,POSCTL,0,0
2026-08-21T14:23:53,1787297034,13.822762,100.511613,25.4,-0.0,-0.4,-3.1,-32.2,327.8,0.02,-0.02,0.0,24.72,86,POSCTL,0,0
2026-08-21T14:23:54,1787297035,13.822762,100.511613,25.4,-0.0,-0.4,-3.1,-32.2,327.8,0.02,-0.02,0.0,24.72,86,POSCTL,0,0
2026-08-21T14:23:55,1787297036,13.822762,100.511613,25.4,-0.0,-0.4,-3.1,-32.2,327.8,0.02,-0.02,0.0,24.72,86,POSCTL,0,0
2026-08-21T14:23:56,1787297037,13.822762,100.511613,25.4,-0.0,-0.4,-3.1,-32.2,327.8,0.02,-0.02,0.0,24.72,86,POSCTL,0,0
2026-08-21T14:23:57,1787297038,13.822762,100.511613,25.4,-0.0,-0.4,-3.1,-32.2,327.8,0.02,-0.02,0.0,24.72,86,POSCTL,0,0
2026-08-21T14:23:58,1787297039,13.822762,100.511613,25.4,-0.0,-0.4,-3.1,-32.2,327.8,0.02,-0.02,0.0,24.71,86,POSCTL,0,0
2026-08-21T14:23:59,1787297040,13.822762,100.511613,25.4,-0.0,-0.4,-3.1,-32.2,327.8,0.02,-0.02,0.0,24.71,86,POSCTL,0,0
2026-08-21T14:24:00,1787297041,13.822766,100.511618,25.4,-0.0,-0.4,-3.1,-32.1,327.9,0.02,-0.02,0.0,24.71,86,POSCTL,0,0
2026-08-21T14:24:01,1787297042,13.822765,100.511616,25.4,-0.01,-0.4,-3.1,-32.1,327.9,0.0,-0.01,0.0,24.71,86,POSCTL,0,0
2026-08-21T14:24:02,1787297043,13.822765,100.511616,25.4,-0.01,-0.4,-3.1,-32.1,327.9,0.0,-0.01,0.0,24.71,86,POSCTL,0,0
2026-08-21T14:24:03,1787297044,13.822765,100.511616,25.4,-0.01,-0.4,-3.1,-32.1,327.9,0.0,-0.01,0.0,24.71,86,POSCTL,0,0
2026-08-21T14:24:04,1787297045,13.822765,100.511616,25.4,-0.01,-0.4,-3.1,-32.1,327.9,0.0,-0.04,0.0,24.71,86,POSCTL,0,0
2026-08-21T14:24:05,1787297046,13.822765,100.511616,25.4,-0.01,-0.4,-3.1,-32.1,327.9,0.0,-0.04,0.0,24.71,86,POSCTL,0,0
2026-08-21T14:24:06,1787297047,13.822765,100.511616,25.4,-0.01,-0.4,-3.1,-32.1,327.9,0.0,-0.04,0.0,24.71,86,POSCTL,0,0
2026-08-21T14:24:07,1787297048,13.822765,100.511616,25.4,-0.01,-0.4,-3.1,-32.1,327.9,0.0,-0.04,0.0,24.71,86,POSCTL,0,0
2026-08-21T14:24:08,1787297049,13.822765,100.511616,25.4,-0.01,-0.4,-3.1,-32.1,327.9,0.0,-0.04,0.0,24.71,86,POSCTL,0,0
2026-08-21T14:24:09,1787297050,13.822765,100.511618,25.4,-0.01,-0.3,-3.1,-32.1,327.9,0.0,0.02,0.0,24.71,86,POSCTL,0,0
2026-08-21T14:24:10,1787297051,13.822765,100.511618,25.4,-0.01,-0.3,-3.1,-32.1,327.9,0.0,0.02,0.0,24.71,86,POSCTL,0,0
2026-08-21T14:24:11,1787297052,13.822765,100.511618,25.4,-0.01,-0.3,-3.1,-32.1,327.9,0.0,0.02,0.0,24.71,86,POSCTL,0,0
2026-08-21T14:24:12,1787297053,13.822767,100.511621,25.4,-0.01,-0.3,-3.1,-32.1,327.9,0.0,0.02,0.0,24.71,86,POSCTL,0,0
2026-08-21T14:24:13,1787297054,13.822767,100.51162,25.4,-0.01,-0.4,-3.2,-32.1,327.9,0.03,0.0,0.0,24.71,86,POSCTL,0,0
2026-08-21T14:24:14,1787297055,13.822767,100.51162,25.4,-0.01,-0.4,-3.2,-32.1,327.9,0.03,0.0,0.0,24.71,86,POSCTL,0,0
2026-08-21T14:24:15,1787297056,13.822767,100.51162,25.4,-0.01,-0.4,-3.2,-32.1,327.9,0.03,0.0,0.0,24.71,86,POSCTL,0,0
2026-08-21T14:24:16,1787297057,13.822767,100.51162,25.4,-0.01,-0.4,-3.2,-32.1,327.9,0.03,0.0,0.0,24.71,86,POSCTL,0,0
2026-08-21T14:24:17,1787297058,13.822768,100.511622,25.4,0.0,-0.4,-3.1,-32.1,327.9,0.0,-0.01,0.0,24.71,86,POSCTL,0,0
2026-08-21T14:24:18,1787297059,13.822768,100.511622,25.4,0.0,-0.4,-3.1,-32.1,327.9,0.0,-0.01,0.0,24.71,86,POSCTL,0,0
2026-08-21T14:24:19,1787297060,13.822768,100.511622,25.4,0.0,-0.4,-3.1,-32.1,327.9,0.0,-0.01,0.0,24.71,86,POSCTL,0,0
2026-08-21T14:24:20,1787297061,13.822768,100.511624,25.4,0.0,-0.4,-3.1,-32.1,327.9,0.0,-0.01,0.0,24.71,86,POSCTL,0,0
2026-08-21T14:24:21,1787297062,13.822768,100.511624,25.4,-0.0,-0.4,-3.1,-32.1,327.9,-0.01,0.03,0.0,24.71,86,POSCTL,0,0
2026-08-21T14:24:22,1787297063,13.822768,100.511624,25.4,-0.0,-0.3,-3.1,-32.1,327.9,-0.01,0.03,0.0,24.71,86,POSCTL,0,0
2026-08-21T14:24:23,1787297064,13.822768,100.511624,25.4,-0.0,-0.3,-3.1,-32.1,327.9,-0.01,0.03,0.0,24.71,86,POSCTL,0,0
2026-08-21T14:24:24,1787297065,13.822768,100.511624,25.4,-0.0,-0.3,-3.1,-32.1,327.9,-0.01,0.03,0.0,24.71,86,POSCTL,0,0
2026-08-21T14:24:25,1787297066,13.822768,100.511625,25.4,-0.01,-0.3,-3.1,-32.1,327.9,0.01,0.0,0.0,24.71,86,POSCTL,0,0
2026-08-21T14:24:26,1787297067,13.822768,100.511625,25.4,-0.01,-0.3,-3.1,-32.1,327.9,0.01,0.0,0.0,24.71,86,POSCTL,0,0
2026-08-21T14:24:27,1787297068,13.822768,100.511625,25.4,-0.01,-0.3,-3.1,-32.1,327.9,0.01,0.0,0.0,24.71,86,POSCTL,0,0
2026-08-21T14:24:28,1787297069,13.822768,100.511625,25.4,-0.01,-0.4,-3.2,-32.1,327.9,0.01,0.0,0.0,24.71,86,POSCTL,0,0
2026-08-21T14:24:29,1787297070,13.822768,100.511625,25.4,-0.01,-0.4,-3.2,-32.1,327.9,0.0,-0.04,0.0,24.71,86,POSCTL,0,0
2026-08-21T14:24:30,1787297071,13.822768,100.511625,25.4,-0.01,-0.4,-3.1,-32.1,327.9,0.0,-0.04,0.0,24.71,86,POSCTL,0,0
2026-08-21T14:24:31,1787297072,13.822768,100.511625,25.4,-0.01,-0.4,-3.1,-32.1,327.9,0.0,-0.04,0.0,24.71,86,POSCTL,0,0
2026-08-21T14:24:32,1787297073,13.822768,100.511625,25.4,-0.01,-0.4,-3.1,-32.1,327.9,0.0,-0.04,0.0,24.71,86,POSCTL,0,0
2026-08-21T14:24:33,1787297074,13.822768,100.511625,25.4,-0.01,-0.4,-3.1,-32.1,327.9,0.0,0.0,0.0,24.71,86,POSCTL,0,0
2026-08-21T14:24:34,1787297075,13.822768,100.511625,25.4,-0.01,-0.3,-3.1,-32.1,327.9,0.0,0.0,0.0,24.71,86,POSCTL,0,0
2026-08-21T14:24:35,1787297076,13.822768,100.511625,25.4,-0.01,-0.3,-3.1,-32.1,327.9,0.0,0.0,0.0,24.71,86,POSCTL,0,0
2026-08-21T14:24:36,1787297077,13.822769,100.511625,25.4,-0.01,-0.3,-3.1,-32.1,327.9,0.0,0.0,0.0,24.71,86,POSCTL,0,0
2026-08-21T14:24:37,1787297078,13.822768,100.511625,25.4,-0.01,-0.3,-3.1,-32.1,327.9,0.0,0.0,0.0,24.71,86,POSCTL,0,0
2026-08-21T14:24:38,1787297079,13.822768,100.511625,25.4,-0.01,-0.4,-3.1,-32.1,327.9,0.0,0.0,0.0,24.71,86,POSCTL,0,0
2026-08-21T14:24:39,1787297080,13.822768,100.511625,25.4,-0.01,-0.4,-3.1,-32.1,327.9,0.0,0.0,0.0,24.71,86,POSCTL,0,0
2026-08-21T14:24:40,1787297081,13.822768,100.511625,25.4,-0.01,-0.4,-3.1,-32.1,327.9,0.0,0.0,0.0,24.71,86,POSCTL,0,0
2026-08-21T14:24:41,1787297082,13.822768,100.511625,25.4,-0.01,-0.4,-3.1,-32.1,327.9,0.0,0.0,0.0,24.71,86,POSCTL,0,0
2026-08-21T14:24:42,1787297083,13.822768,100.511625,25.4,-0.01,-0.4,-3.1,-32.1,327.9,0.0,0.0,0.0,24.71,86,POSCTL,0,0
2026-08-21T14:24:43,1787297084,13.822768,100.511625,25.4,-0.01,-0.4,-3.1,-32.1,327.9,0.0,0.0,0.0,24.71,86,POSCTL,0,0
2026-08-21T14:24:44,1787297085,13.822768,100.511625,25.4,-0.01,-0.4,-3.1,-32.1,327.9,0.0,0.0,0.0,24.71,86,POSCTL,0,0
2026-08-21T14:24:45,1787297086,13.822772,100.511623,25.4,-0.01,-0.3,-3.1,-32.1,327.9,0.0,0.0,0.0,24.71,86,POSCTL,0,0
2026-08-21T14:24:46,1787297087,13.822771,100.511624,25.4,-0.0,-0.3,-3.1,-32.1,327.9,0.01,0.01,0.0,24.71,86,POSCTL,0,0
2026-08-21T14:24:47,1787297088,13.822771,100.511624,25.4,-0.0,-0.3,-3.1,-32.1,327.9,0.01,0.01,0.0,24.71,86,POSCTL,0,0
2026-08-21T14:24:48,1787297089,13.822771,100.511624,25.4,-0.0,-0.3,-3.1,-32.1,327.9,0.01,0.01,0.0,24.71,86,POSCTL,0,0
2026-08-21T14:24:49,1787297090,13.822771,100.511624,25.4,-0.0,-0.3,-3.1,-32.1,327.9,0.01,0.01,0.0,24.71,86,POSCTL,0,0
2026-08-21T14:24:50,1787297091,13.822771,100.511624,25.4,-0.0,-0.3,-3.1,-32.1,327.9,0.01,0.01,0.0,24.71,86,POSCTL,0,0
2026-08-21T14:24:51,1787297092,13.822771,100.511624,25.4,-0.0,-0.4,-3.1,-32.1,327.9,0.01,0.01,0.0,24.71,86,POSCTL,0,0
2026-08-21T14:24:52,1787297093,13.822771,100.511624,25.4,-0.0,-0.4,-3.1,-32.1,327.9,0.01,0.01,0.0,24.71,86,POSCTL,0,0
2026-08-21T14:24:53,1787297094,13.822771,100.511617,25.4,-0.0,-0.4,-3.1,-32.1,327.9,0.01,0.01,0.0,24.71,86,POSCTL,0,0
2026-08-21T14:24:54,1787297095,13.822771,100.511618,25.4,0.0,-0.4,-3.1,-32.1,327.9,-0.02,-0.06,0.0,24.71,86,POSCTL,0,0
2026-08-21T14:24:55,1787297096,13.822771,100.511618,25.4,0.0,-0.3,-3.1,-32.1,327.9,-0.02,-0.06,0.0,24.71,86,POSCTL,0,0
2026-08-21T14:24:56,1787297097,13.822771,100.511618,25.4,0.0,-0.3,-3.1,-32.1,327.9,-0.02,-0.06,0.0,24.71,86,POSCTL,0,0
2026-08-21T14:24:57,1787297098,13.822773,100.511615,25.4,0.0,-0.3,-3.1,-32.1,327.9,-0.02,-0.06,0.0,24.71,86,POSCTL,0,0
2026-08-21T14:24:58,1787297099,13.822773,100.511615,25.4,0.0,-0.3,-3.1,-32.1,327.9,-0.02,-0.06,0.0,24.71,86,POSCTL,0,0
2026-08-21T14:24:59,1787297100,13.822773,100.511615,25.4,0.0,-0.3,-3.1,-32.1,327.9,-0.02,-0.06,0.0,24.71,86,POSCTL,0,0
2026-08-21T14:25:00,1787297101,13.822773,100.511615,25.4,0.0,-0.3,-3.1,-32.1,327.9,-0.02,-0.06,0.0,24.71,86,POSCTL,0,0
2026-08-21T14:25:01,1787297102,13.822775,100.511611,25.4,0.0,-0.3,-3.1,-32.1,327.9,-0.02,-0.06,0.0,24.71,86,POSCTL,0,0
2026-08-21T14:25:02,1787297103,13.822774,100.511611,25.4,-0.0,-0.3,-3.1,-32.1,327.9,0.02,-0.08,0.0,24.71,86,POSCTL,0,0
2026-08-21T14:25:03,1787297104,13.822774,100.511611,25.4,-0.0,-0.3,-3.1,-32.1,327.9,0.02,-0.08,0.0,24.71,86,POSCTL,0,0
2026-08-21T14:25:04,1787297105,13.822774,100.511611,25.4,-0.0,-0.3,-3.1,-32.1,327.9,0.02,-0.08,0.0,24.71,86,POSCTL,0,0
2026-08-21T14:25:05,1787297106,13.822779,100.511607,25.4,-0.0,-0.3,-3.0,-32.1,327.9,0.02,-0.08,0.0,24.71,86,POSCTL,0,0
2026-08-21T14:25:06,1787297107,13.822777,100.511609,25.4,-0.0,-0.3,-3.0,-32.1,327.9,0.0,0.0,0.0,24.71,86,POSCTL,0,0
2026-08-21T14:25:07,1787297108,13.822777,100.511609,25.4,-0.0,-0.3,-3.0,-32.1,327.9,0.0,0.0,0.0,24.71,86,POSCTL,0,0
2026-08-21T14:25:08,1787297109,13.822777,100.511609,25.4,-0.0,-0.3,-3.0,-32.1,327.9,0.0,0.0,0.0,24.71,86,POSCTL,0,0
2026-08-21T14:25:09,1787297110,13.822777,100.511609,25.4,-0.0,-0.3,-3.0,-32.1,327.9,0.0,0.0,0.0,24.71,86,POSCTL,0,0
2026-08-21T14:25:10,1787297111,13.822779,100.511607,25.4,-0.01,-0.3,-3.0,-32.1,327.9,0.0,0.01,0.0,24.71,86,POSCTL,0,0
2026-08-21T14:25:11,1787297112,13.822779,100.511607,25.4,-0.01,-0.3,-3.1,-32.1,327.9,0.0,0.01,0.0,24.71,86,POSCTL,0,0
2026-08-21T14:25:12,1787297113,13.822779,100.511607,25.4,-0.01,-0.3,-3.1,-32.1,327.9,0.0,0.01,0.0,24.71,86,POSCTL,0,0
2026-08-21T14:25:13,1787297114,13.822781,100.511605,25.4,0.0,-0.3,-3.1,-32.1,327.9,0.0,-0.01,0.0,24.71,86,POSCTL,0,0
2026-08-21T14:25:14,1787297115,13.822781,100.511605,25.4,0.0,-0.3,-3.1,-32.1,327.9,0.0,-0.01,0.0,24.71,86,POSCTL,0,0
2026-08-21T14:25:15,1787297116,13.822781,100.511605,25.4,0.0,-0.3,-3.1,-32.1,327.9,0.0,-0.01,0.0,24.71,86,POSCTL,0,0
2026-08-21T14:25:16,1787297117,13.822781,100.511605,25.4,0.0,-0.3,-3.1,-32.1,327.9,0.0,-0.01,0.0,24.71,86,POSCTL,0,0
2026-08-21T14:25:17,1787297118,13.822781,100.511605,25.4,0.0,-0.3,-3.1,-32.1,327.9,0.0,-0.01,0.0,24.71,86,POSCTL,0,0
2026-08-21T14:25:18,1787297119,13.822781,100.511605,25.4,0.0,-0.3,-3.1,-32.1,327.9,0.0,-0.01,0.0,24.71,86,POSCTL,0,0
2026-08-21T14:25:21,1787297122,13.822781,100.511605,25.4,0.0,-0.3,-3.1,-32.1,327.9,0.0,-0.01,0.0,24.71,86,POSCTL,0,0
2026-08-21T14:25:22,1787297123,13.822782,100.511602,25.4,0.0,-0.3,-3.1,-32.1,327.9,0.0,0.01,0.0,24.71,86,POSCTL,0,0
2026-08-21T14:25:23,1787297124,13.822782,100.511602,25.4,0.0,-0.3,-3.1,-32.1,327.9,0.0,0.01,0.0,24.71,86,POSCTL,0,0
2026-08-21T14:25:24,1787297125,13.822782,100.511602,25.4,0.0,-0.3,-3.1,-32.1,327.9,0.0,0.01,0.0,24.71,86,POSCTL,0,0
2026-08-21T14:25:25,1787297126,13.822783,100.511602,25.4,0.01,-0.3,-3.1,-32.1,327.9,0.01,0.0,0.0,24.71,86,POSCTL,0,0
2026-08-21T14:25:26,1787297127,13.822783,100.511602,25.4,0.01,-0.3,-3.1,-32.1,327.9,0.01,0.0,0.0,24.71,86,POSCTL,0,0
2026-08-21T14:25:27,1787297128,13.822783,100.511602,25.4,0.01,-0.3,-3.1,-32.1,327.9,0.01,0.0,0.0,24.71,86,POSCTL,0,0
2026-08-21T14:25:28,1787297129,13.822783,100.511602,25.4,0.01,-0.3,-3.1,-32.1,327.9,0.01,0.0,0.0,24.71,86,POSCTL,0,0
2026-08-21T14:25:29,1787297130,13.822783,100.511602,25.4,0.01,-0.3,-3.1,-32.1,327.9,0.01,0.0,0.0,24.71,86,POSCTL,0,0
2026-08-21T14:25:30,1787297131,13.822783,100.511602,25.4,0.01,-0.3,-3.1,-32.1,327.9,0.01,0.0,0.0,24.71,86,POSCTL,0,0
2026-08-21T14:25:31,1787297132,13.822783,100.511602,25.4,0.01,-0.3,-3.1,-32.1,327.9,0.01,0.0,0.0,24.71,86,POSCTL,0,0
2026-08-21T14:25:32,1787297133,13.822783,100.511602,25.4,0.01,-0.3,-3.1,-32.1,327.9,0.01,0.0,0.0,24.71,86,POSCTL,0,0
2026-08-21T14:25:33,1787297134,13.822783,100.511604,25.4,0.01,-0.4,-3.1,-32.1,327.9,0.01,0.0,0.0,24.71,86,POSCTL,0,0
2026-08-21T14:25:34,1787297135,13.822782,100.511602,25.4,0.01,-0.4,-3.1,-32.1,327.9,0.0,0.0,0.0,24.71,86,POSCTL,0,0
2026-08-21T14:25:35,1787297136,13.822782,100.511602,25.4,0.01,-0.3,-3.1,-32.1,327.9,0.0,0.0,0.0,24.71,86,POSCTL,0,0
2026-08-21T14:25:36,1787297137,13.822782,100.511602,25.4,0.01,-0.3,-3.1,-32.1,327.9,0.0,0.0,0.0,24.71,86,POSCTL,0,0
2026-08-21T14:25:37,1787297138,13.822783,100.511606,25.4,0.01,-0.3,-3.2,-32.1,327.9,0.0,0.0,0.0,24.71,86,POSCTL,0,0
2026-08-21T14:25:38,1787297139,13.822783,100.511604,25.4,0.01,-0.3,-3.2,-32.1,327.9,0.0,-0.01,0.0,24.71,86,POSCTL,0,0
2026-08-21T14:25:39,1787297140,13.822783,100.511604,25.4,0.01,-0.3,-3.2,-32.1,327.9,0.0,-0.01,0.0,24.71,86,POSCTL,0,0
2026-08-21T14:25:40,1787297141,13.822783,100.511604,25.4,0.01,-0.3,-3.2,-32.1,327.9,0.0,-0.01,0.0,24.71,86,POSCTL,0,0
2026-08-21T14:25:41,1787297142,13.822783,100.511604,25.4,0.01,-0.4,-3.2,-32.1,327.9,0.0,-0.01,0.0,24.71,86,POSCTL,0,0
2026-08-21T14:25:44,1787297145,13.822783,100.511604,25.4,0.01,-0.4,-3.2,-32.1,327.9,0.0,-0.01,0.0,24.71,86,POSCTL,0,0
2026-08-21T14:25:45,1787297146,13.822783,100.511604,25.4,0.01,-0.4,-3.2,-32.1,327.9,0.0,-0.01,0.0,24.71,86,POSCTL,0,0
2026-08-21T14:25:46,1787297147,13.822782,100.511609,25.4,0.01,-0.4,-3.2,-32.1,327.9,0.0,0.01,0.0,24.71,86,POSCTL,0,0
2026-08-21T14:25:47,1787297148,13.822782,100.511609,25.4,0.01,-0.4,-3.2,-32.1,327.9,0.0,0.01,0.0,24.71,86,POSCTL,0,0
2026-08-21T14:25:48,1787297149,13.822782,100.511609,25.4,0.01,-0.4,-3.2,-32.1,327.9,0.0,0.01,0.0,24.71,86,POSCTL,0,0
2026-08-21T14:25:49,1787297150,13.822782,100.511609,25.4,0.01,-0.4,-3.2,-32.1,327.9,0.0,0.01,0.0,24.71,86,POSCTL,0,0
2026-08-21T14:25:50,1787297151,13.822782,100.511609,25.4,0.01,-0.4,-3.2,-32.1,327.9,0.0,0.01,0.0,24.71,86,POSCTL,0,0
2026-08-21T14:25:51,1787297152,13.822782,100.511609,25.4,0.01,-0.4,-3.2,-32.1,327.9,0.0,0.01,0.0,24.71,86,POSCTL,0,0
2026-08-21T14:25:52,1787297153,13.822782,100.511609,25.4,0.01,-0.4,-3.2,-32.1,327.9,0.0,0.01,0.0,24.71,86,POSCTL,0,0
2026-08-21T14:25:53,1787297154,13.822782,100.511609,25.4,0.01,-0.4,-3.2,-32.1,327.9,0.0,0.01,0.0,24.71,86,POSCTL,0,0
2026-08-21T14:25:54,1787297155,13.822784,100.511611,25.4,0.01,-0.4,-3.2,-32.1,327.9,0.0,0.01,0.0,24.71,86,POSCTL,0,0
2026-08-21T14:25:55,1787297156,13.822783,100.511611,25.4,0.02,-0.4,-3.1,-32.1,327.9,0.0,-0.03,0.0,24.71,86,POSCTL,0,0
2026-08-21T14:25:56,1787297157,13.822783,100.511611,25.4,0.02,-0.4,-3.1,-32.1,327.9,0.0,-0.03,0.0,24.71,86,POSCTL,0,0
2026-08-21T14:25:57,1787297158,13.822783,100.511611,25.4,0.02,-0.4,-3.1,-32.0,328.0,0.0,-0.03,0.0,24.71,86,POSCTL,0,0
2026-08-21T14:25:58,1787297159,13.822784,100.511611,25.4,0.02,-0.4,-3.1,-32.0,328.0,0.0,0.0,0.0,24.71,86,POSCTL,0,0
2026-08-21T14:25:59,1787297160,13.822784,100.511611,25.4,0.02,-0.3,-3.1,-32.0,328.0,0.0,0.0,0.0,24.71,86,POSCTL,0,0
2026-08-21T14:26:00,1787297161,13.822784,100.511611,25.4,0.02,-0.3,-3.1,-32.0,328.0,0.0,0.0,0.0,24.71,86,POSCTL,0,0
2026-08-21T14:26:01,1787297162,13.822784,100.511611,25.4,0.02,-0.3,-3.1,-32.0,328.0,0.0,0.0,0.0,24.71,86,POSCTL,0,0
2026-08-21T14:26:02,1787297163,13.822784,100.511611,25.4,0.02,-0.3,-3.1,-32.0,328.0,0.0,0.0,0.0,24.71,86,POSCTL,0,0
2026-08-21T14:26:03,1787297164,13.822786,100.511611,25.4,0.03,-0.3,-3.1,-32.0,328.0,0.01,-0.02,0.0,24.71,86,POSCTL,0,0
2026-08-21T14:26:04,1787297165,13.822786,100.511611,25.4,0.03,-0.4,-3.1,-32.0,328.0,0.01,-0.02,0.0,24.71,86,POSCTL,0,0
2026-08-21T14:26:05,1787297166,13.822786,100.511611,25.4,0.03,-0.4,-3.1,-32.0,328.0,0.01,-0.02,0.0,24.71,86,POSCTL,0,0
2026-08-21T14:26:06,1787297167,13.822787,100.51161,25.4,0.03,-0.4,-3.1,-32.0,328.0,0.01,-0.02,0.0,24.71,86,POSCTL,0,0
2026-08-21T14:26:07,1787297168,13.822786,100.51161,25.4,0.03,-0.4,-3.1,-32.0,328.0,-0.01,-0.01,0.0,24.71,86,POSCTL,0,0
2026-08-21T14:26:08,1787297169,13.822786,100.51161,25.4,0.03,-0.3,-3.1,-32.0,328.0,-0.01,-0.01,0.0,24.71,86,POSCTL,0,0
2026-08-21T14:26:09,1787297170,13.822786,100.51161,25.4,0.03,-0.3,-3.1,-32.0,328.0,-0.01,-0.01,0.0,24.71,86,POSCTL,0,0
2026-08-21T14:26:10,1787297171,13.822787,100.51161,25.4,0.03,-0.3,-3.1,-32.0,328.0,-0.01,-0.01,0.0,24.71,86,POSCTL,0,0
2026-08-21T14:26:11,1787297172,13.822787,100.511611,25.4,0.03,-0.3,-3.1,-32.0,328.0,0.0,0.04,0.0,24.71,86,POSCTL,0,0
2026-08-21T14:26:12,1787297173,13.822787,100.511611,25.4,0.03,-0.3,-3.1,-32.0,328.0,0.0,0.04,0.0,24.71,86,POSCTL,0,0
2026-08-21T14:26:13,1787297174,13.822787,100.511611,25.4,0.03,-0.3,-3.1,-32.0,328.0,0.0,0.04,0.0,24.71,86,POSCTL,0,0
2026-08-21T14:26:14,1787297175,13.822788,100.51161,25.4,0.03,-0.3,-3.1,-32.0,328.0,0.0,0.04,0.0,24.71,86,POSCTL,0,0
2026-08-21T14:26:15,1787297176,13.822788,100.511609,25.4,-0.0,-0.4,-3.1,-32.0,328.0,0.0,-0.03,0.0,24.71,86,POSCTL,0,0
2026-08-21T14:26:16,1787297177,13.822788,100.511609,25.4,-0.0,-0.4,-3.1,-32.0,328.0,0.0,-0.03,0.0,24.71,86,POSCTL,0,0
2026-08-21T14:26:17,1787297178,13.822788,100.511609,25.4,-0.0,-0.4,-3.1,-32.0,328.0,0.0,-0.03,0.0,24.71,86,POSCTL,0,0
2026-08-21T14:26:18,1787297179,13.822789,100.511609,25.4,-0.0,-0.4,-3.1,-32.0,328.0,0.0,-0.03,0.0,24.71,86,POSCTL,0,0
2026-08-21T14:26:19,1787297180,13.822789,100.511609,25.4,-0.0,-0.4,-3.1,-32.0,328.0,0.0,-0.03,0.0,24.71,86,POSCTL,0,0
2026-08-21T14:26:20,1787297181,13.822789,100.511609,25.4,-0.0,-0.4,-3.1,-32.0,328.0,0.0,-0.03,0.0,24.71,86,POSCTL,0,0
2026-08-21T14:26:21,1787297182,13.822789,100.511609,25.4,-0.0,-0.3,-3.1,-32.0,328.0,0.0,-0.03,0.0,24.71,86,POSCTL,0,0
2026-08-21T14:26:22,1787297183,13.82279,100.511608,25.4,-0.0,-0.3,-3.1,-32.0,328.0,0.0,-0.03,0.0,24.71,86,POSCTL,0,0
2026-08-21T14:26:23,1787297184,13.82279,100.511608,25.4,-0.01,-0.3,-3.1,-32.0,328.0,0.0,0.01,0.0,24.71,86,POSCTL,0,0
2026-08-21T14:26:24,1787297185,13.82279,100.511608,25.4,-0.01,-0.3,-3.1,-32.0,328.0,0.0,0.01,0.0,24.71,86,POSCTL,0,0
2026-08-21T14:26:25,1787297186,13.82279,100.511608,25.4,-0.01,-0.3,-3.1,-32.0,328.0,0.0,0.01,0.0,24.71,86,POSCTL,0,0
2026-08-21T14:26:26,1787297187,13.82279,100.511606,25.4,-0.01,-0.3,-3.1,-32.0,328.0,0.0,0.01,0.0,24.71,86,POSCTL,0,0
2026-08-21T14:26:27,1787297188,13.82279,100.511606,25.4,-0.01,-0.3,-3.1,-32.0,328.0,0.0,-0.03,0.0,24.71,86,POSCTL,0,0
2026-08-21T14:26:28,1787297189,13.82279,100.511606,25.4,-0.01,-0.4,-3.1,-32.1,327.9,0.0,-0.03,0.0,24.71,86,POSCTL,0,0
2026-08-21T14:26:29,1787297190,13.82279,100.511606,25.4,-0.01,-0.4,-3.1,-32.1,327.9,0.0,-0.03,0.0,24.71,86,POSCTL,0,0
2026-08-21T14:26:30,1787297191,13.82279,100.511606,25.4,-0.01,-0.4,-3.1,-32.1,327.9,0.0,-0.03,0.0,24.71,86,POSCTL,0,0
2026-08-21T14:26:31,1787297192,13.82279,100.511606,25.4,-0.01,-0.4,-3.1,-32.0,328.0,0.0,-0.03,0.0,24.71,86,POSCTL,0,0
2026-08-21T14:26:32,1787297193,13.82279,100.511606,25.4,-0.01,-0.4,-3.1,-32.0,328.0,0.0,-0.03,0.0,24.71,86,POSCTL,0,0
2026-08-21T14:26:33,1787297194,13.82279,100.511606,25.4,-0.01,-0.4,-3.1,-32.0,328.0,0.0,-0.03,0.0,24.71,86,POSCTL,0,0
2026-08-21T14:26:34,1787297195,13.82279,100.511606,25.4,-0.01,-0.3,-3.1,-32.0,328.0,0.0,-0.03,0.0,24.71,86,POSCTL,0,0
2026-08-21T14:26:35,1787297196,13.82279,100.511601,25.4,0.0,-0.3,-3.1,-32.0,328.0,0.0,0.01,0.0,24.71,86,POSCTL,0,0
2026-08-21T14:26:36,1787297197,13.82279,100.511601,25.4,0.0,-0.3,-3.1,-32.0,328.0,0.0,0.01,0.0,24.71,86,POSCTL,0,0
2026-08-21T14:26:37,1787297198,13.82279,100.511601,25.4,0.0,-0.3,-3.1,-32.0,328.0,0.0,0.01,0.0,24.71,86,POSCTL,0,0
2026-08-21T14:26:38,1787297199,13.82279,100.511601,25.4,0.0,-0.3,-3.1,-32.0,328.0,0.0,0.01,0.0,24.71,86,POSCTL,0,0
2026-08-21T14:26:39,1787297200,13.82279,100.511599,25.4,-0.0,-0.3,-3.1,-32.0,328.0,0.01,-0.02,0.0,24.71,86,POSCTL,0,0
2026-08-21T14:26:40,1787297201,13.82279,100.511599,25.4,-0.0,-0.3,-3.1,-32.0,328.0,0.01,-0.02,0.0,24.71,86,POSCTL,0,0
2026-08-21T14:26:41,1787297202,13.82279,100.511599,25.4,-0.0,-0.3,-3.1,-32.0,328.0,0.01,-0.02,0.0,24.71,86,POSCTL,0,0
2026-08-21T14:26:42,1787297203,13.82279,100.511599,25.4,-0.0,-0.3,-3.1,-32.0,328.0,0.01,-0.02,0.0,24.71,86,POSCTL,0,0
2026-08-21T14:26:43,1787297204,13.82279,100.511599,25.4,-0.0,-0.3,-3.1,-32.0,328.0,0.01,-0.02,0.0,24.71,86,POSCTL,0,0
2026-08-21T14:26:44,1787297205,13.82279,100.511599,25.4,-0.0,-0.3,-3.1,-32.0,328.0,0.01,-0.02,0.0,24.71,86,POSCTL,0,0
2026-08-21T14:26:45,1787297206,13.82279,100.511599,25.4,-0.0,-0.3,-3.1,-32.0,328.0,0.01,-0.02,0.0,24.71,86,POSCTL,0,0
2026-08-21T14:26:46,1787297207,13.82279,100.511599,25.4,-0.0,-0.3,-3.1,-32.0,328.0,0.01,-0.02,0.0,24.71,86,POSCTL,0,0
2026-08-21T14:26:47,1787297208,13.822792,100.511595,25.4,-0.0,-0.3,-3.1,-32.0,328.0,0.01,-0.02,0.0,24.71,86,POSCTL,0,0
2026-08-21T14:26:48,1787297209,13.822791,100.511595,25.4,0.0,-0.3,-3.1,-32.0,328.0,0.0,0.01,0.0,24.71,86,POSCTL,0,0
2026-08-21T14:26:49,1787297210,13.822791,100.511595,25.4,0.0,-0.3,-3.1,-32.0,328.0,0.0,0.01,0.0,24.7,86,POSCTL,0,0
2026-08-21T14:26:50,1787297211,13.822791,100.511595,25.4,0.0,-0.3,-3.1,-32.0,328.0,0.0,0.01,0.0,24.7,86,POSCTL,0,0
2026-08-21T14:26:51,1787297212,13.822791,100.511595,25.4,0.0,-0.3,-3.1,-32.0,328.0,0.0,0.01,0.0,24.7,86,POSCTL,0,0
2026-08-21T14:26:52,1787297213,13.822792,100.511594,25.4,0.0,-0.3,-3.1,-32.0,328.0,0.01,0.0,0.0,24.7,86,POSCTL,0,0
2026-08-21T14:26:53,1787297214,13.822792,100.511594,25.4,0.0,-0.3,-3.1,-32.0,328.0,0.01,0.0,0.0,24.7,86,POSCTL,0,0
2026-08-21T14:26:54,1787297215,13.822792,100.511594,25.4,0.0,-0.3,-3.1,-32.0,328.0,0.01,0.0,0.0,24.7,86,POSCTL,0,0
2026-08-21T14:26:55,1787297216,13.822793,100.511594,25.4,0.0,-0.3,-3.1,-32.0,328.0,0.01,0.0,0.0,24.7,86,POSCTL,0,0
2026-08-21T14:26:56,1787297217,13.822792,100.511594,25.4,0.0,-0.3,-3.1,-32.0,328.0,0.0,0.0,0.0,24.7,86,POSCTL,0,0
2026-08-21T14:26:57,1787297218,13.822792,100.511594,25.4,0.0,-0.3,-3.1,-32.0,328.0,0.0,0.0,0.0,24.7,86,POSCTL,0,0
2026-08-21T14:26:58,1787297219,13.822792,100.511594,25.4,0.0,-0.3,-3.1,-32.0,328.0,0.0,0.0,0.0,24.7,86,POSCTL,0,0
2026-08-21T14:26:59,1787297220,13.822794,100.511596,25.4,0.0,-0.3,-3.1,-32.0,328.0,0.0,0.0,0.0,24.7,86,POSCTL,0,0
2026-08-21T14:27:00,1787297221,13.822793,100.511596,25.4,0.0,-0.3,-3.1,-32.0,328.0,0.0,0.04,0.0,24.7,86,POSCTL,0,0
2026-08-21T14:27:01,1787297222,13.822793,100.511596,25.4,0.0,-0.3,-3.1,-32.0,328.0,0.0,0.04,0.0,24.7,86,POSCTL,0,0
2026-08-21T14:27:02,1787297223,13.822793,100.511596,25.4,0.0,-0.3,-3.1,-32.0,328.0,0.0,0.04,0.0,24.7,86,POSCTL,0,0
2026-08-21T14:27:03,1787297224,13.822793,100.511596,25.4,0.0,-0.3,-3.1,-32.0,328.0,0.0,0.04,0.0,24.7,86,POSCTL,0,0
2026-08-21T14:27:04,1787297225,13.822795,100.511599,25.4,0.01,-0.3,-3.1,-32.0,328.0,0.02,0.04,0.0,24.7,86,POSCTL,0,0
2026-08-21T14:27:05,1787297226,13.822795,100.511599,25.4,0.01,-0.4,-3.1,-32.0,328.0,0.02,0.04,0.0,24.7,86,POSCTL,0,0
2026-08-21T14:27:06,1787297227,13.822795,100.511599,25.4,0.01,-0.4,-3.1,-32.0,328.0,0.02,0.04,0.0,24.7,86,POSCTL,0,0
2026-08-21T14:27:07,1787297228,13.822795,100.511599,25.4,0.01,-0.4,-3.1,-32.0,328.0,0.02,0.04,0.0,24.7,86,POSCTL,0,0
2026-08-21T14:27:08,1787297229,13.822797,100.511602,25.4,0.01,-0.4,-3.1,-32.0,328.0,0.0,0.02,0.0,24.7,86,POSCTL,0,0
2026-08-21T14:27:09,1787297230,13.822797,100.511602,25.4,0.01,-0.4,-3.1,-32.0,328.0,0.0,0.02,0.0,24.7,86,POSCTL,0,0
2026-08-21T14:27:10,1787297231,13.822797,100.511602,25.4,0.01,-0.4,-3.1,-32.0,328.0,0.0,0.02,0.0,24.7,86,POSCTL,0,0
2026-08-21T14:27:11,1787297232,13.822797,100.511602,25.4,0.01,-0.4,-3.1,-32.0,328.0,0.0,0.02,0.0,24.7,86,POSCTL,0,0
2026-08-21T14:27:12,1787297233,13.822797,100.511602,25.4,0.01,-0.4,-3.1,-32.0,328.0,0.0,0.02,0.0,24.7,86,POSCTL,0,0
2026-08-21T14:27:13,1787297234,13.822797,100.511602,25.4,0.01,-0.4,-3.2,-32.0,328.0,0.0,0.02,0.0,24.7,86,POSCTL,0,0
2026-08-21T14:27:14,1787297235,13.822797,100.511602,25.4,0.01,-0.4,-3.2,-32.0,328.0,0.0,0.02,0.0,24.7,86,POSCTL,0,0
2026-08-21T14:27:15,1787297236,13.822797,100.511602,25.4,0.01,-0.4,-3.2,-32.0,328.0,0.0,0.02,0.0,24.7,86,POSCTL,0,0
2026-08-21T14:27:16,1787297237,13.822798,100.511605,25.4,0.01,-0.4,-3.2,-32.0,328.0,0.0,0.0,0.0,24.7,86,POSCTL,0,0
2026-08-21T14:27:17,1787297238,13.822798,100.511605,25.4,0.01,-0.3,-3.2,-32.0,328.0,0.0,0.0,0.0,24.7,86,POSCTL,0,0
2026-08-21T14:27:18,1787297239,13.822798,100.511605,25.4,0.01,-0.3,-3.2,-32.0,328.0,0.0,0.0,0.0,24.7,86,POSCTL,0,0
2026-08-21T14:27:19,1787297240,13.822798,100.511605,25.4,0.01,-0.4,-3.2,-32.0,328.0,0.0,0.0,0.0,24.7,86,POSCTL,0,0
2026-08-21T14:27:20,1787297241,13.822798,100.511605,25.4,0.0,-0.4,-3.2,-32.0,328.0,0.01,0.0,0.0,24.7,86,POSCTL,0,0
2026-08-21T14:27:21,1787297242,13.822798,100.511605,25.4,0.0,-0.3,-3.1,-32.0,328.0,0.01,0.0,0.0,24.7,86,POSCTL,0,0
2026-08-21T14:27:22,1787297243,13.822798,100.511605,25.4,0.0,-0.3,-3.1,-32.0,328.0,0.01,0.0,0.0,24.7,86,POSCTL,0,0
2026-08-21T14:27:23,1787297244,13.822798,100.511605,25.4,0.0,-0.3,-3.1,-32.0,328.0,0.01,0.0,0.0,24.7,86,POSCTL,0,0
2026-08-21T14:27:24,1787297245,13.822798,100.511605,25.4,0.0,-0.3,-3.1,-32.0,328.0,0.01,0.0,0.0,24.7,86,POSCTL,0,0
2026-08-21T14:27:25,1787297246,13.822798,100.511605,25.4,0.0,-0.4,-3.1,-32.0,328.0,0.01,0.0,0.0,24.7,86,POSCTL,0,0
2026-08-21T14:27:26,1787297247,13.822798,100.511605,25.4,0.0,-0.4,-3.1,-32.0,328.0,0.01,0.0,0.0,24.7,86,POSCTL,0,0
2026-08-21T14:27:27,1787297248,13.822798,100.511603,25.4,0.0,-0.3,-3.1,-32.0,328.0,0.01,0.0,0.0,24.7,86,POSCTL,0,0
2026-08-21T14:27:28,1787297249,13.822798,100.511603,25.4,-0.0,-0.3,-3.1,-32.0,328.0,-0.01,-0.01,0.0,24.7,86,POSCTL,0,0
2026-08-21T14:27:29,1787297250,13.822798,100.511603,25.4,-0.0,-0.3,-3.1,-32.0,328.0,-0.01,-0.01,0.0,24.7,86,POSCTL,0,0
2026-08-21T14:27:30,1787297251,13.822798,100.511603,25.4,-0.0,-0.3,-3.1,-32.0,328.0,-0.01,-0.01,0.0,24.7,86,POSCTL,0,0
2026-08-21T14:27:31,1787297252,13.822798,100.511603,25.4,-0.0,-0.3,-3.1,-32.0,328.0,-0.01,-0.01,0.0,24.7,86,POSCTL,0,0
2026-08-21T14:27:32,1787297253,13.822798,100.511603,25.4,-0.0,-0.3,-3.1,-32.0,328.0,-0.01,-0.01,0.0,24.7,86,POSCTL,0,0
2026-08-21T14:27:33,1787297254,13.822798,100.511603,25.4,-0.0,-0.3,-3.1,-32.0,328.0,-0.01,-0.01,0.0,24.7,86,POSCTL,0,0
2026-08-21T14:27:36,1787297257,13.822798,100.511605,25.4,0.0,-0.3,-3.1,-32.0,328.0,0.0,0.02,0.0,24.7,86,POSCTL,0,0
2026-08-21T14:27:37,1787297258,13.822798,100.511605,25.4,0.0,-0.4,-3.1,-32.0,328.0,0.0,0.02,0.0,24.7,86,POSCTL,0,0
2026-08-21T14:27:38,1787297259,13.822798,100.511605,25.4,0.0,-0.4,-3.1,-32.0,328.0,0.0,0.02,0.0,24.7,86,POSCTL,0,0
2026-08-21T14:27:39,1787297260,13.822798,100.511605,25.4,0.0,-0.4,-3.1,-32.0,328.0,0.0,0.02,0.0,24.7,86,POSCTL,0,0
2026-08-21T14:27:40,1787297261,13.822798,100.511605,25.4,-0.0,-0.4,-3.1,-32.0,328.0,-0.01,0.0,0.0,24.7,86,POSCTL,0,0
2026-08-21T14:27:41,1787297262,13.822798,100.511605,25.4,-0.0,-0.4,-3.1,-32.0,328.0,-0.01,0.0,0.0,24.7,86,POSCTL,0,0
2026-08-21T14:27:42,1787297263,13.822798,100.511605,25.4,-0.0,-0.4,-3.1,-32.0,328.0,-0.01,0.0,0.0,24.7,86,POSCTL,0,0
2026-08-21T14:27:43,1787297264,13.822798,100.511605,25.4,-0.0,-0.4,-3.1,-32.0,328.0,-0.01,0.0,0.0,24.7,86,POSCTL,0,0
2026-08-21T14:27:44,1787297265,13.822796,100.511603,25.4,0.0,-0.3,-3.1,-32.0,328.0,0.0,0.0,0.0,24.7,86,POSCTL,0,0
2026-08-21T14:27:45,1787297266,13.822796,100.511603,25.4,0.0,-0.3,-3.1,-32.0,328.0,0.0,0.0,0.0,24.7,86,POSCTL,0,0
2026-08-21T14:27:46,1787297267,13.822796,100.511603,25.4,0.0,-0.3,-3.1,-32.0,328.0,0.0,0.0,0.0,24.7,86,POSCTL,0,0
2026-08-21T14:27:47,1787297268,13.822794,100.511601,25.4,0.0,-0.3,-3.1,-32.0,328.0,0.0,0.0,0.0,24.7,86,POSCTL,0,0
2026-08-21T14:27:48,1787297269,13.822794,100.511601,25.4,0.0,-0.3,-3.1,-32.0,328.0,0.0,0.0,0.0,24.7,86,POSCTL,0,0
2026-08-21T14:27:49,1787297270,13.822794,100.511602,25.4,0.0,-0.3,-3.1,-32.0,328.0,-0.01,0.01,0.0,24.7,86,POSCTL,0,0
2026-08-21T14:27:50,1787297271,13.822794,100.511602,25.4,0.0,-0.3,-3.1,-32.0,328.0,-0.01,0.01,0.0,24.7,86,POSCTL,0,0
2026-08-21T14:27:51,1787297272,13.822794,100.511602,25.4,0.0,-0.3,-3.1,-32.0,328.0,-0.01,0.01,0.0,24.7,86,POSCTL,0,0
2026-08-21T14:27:52,1787297273,13.822793,100.511599,25.4,0.0,-0.3,-3.1,-32.0,328.0,-0.01,0.01,0.0,24.7,86,POSCTL,0,0
2026-08-21T14:27:53,1787297274,13.822793,100.511599,25.4,0.0,-0.3,-3.1,-32.0,328.0,-0.01,0.01,0.0,24.7,86,POSCTL,0,0
2026-08-21T14:27:54,1787297275,13.822793,100.511599,25.4,0.0,-0.3,-3.1,-32.0,328.0,-0.01,0.01,0.0,24.7,86,POSCTL,0,0
2026-08-21T14:27:55,1787297276,13.822793,100.511599,25.4,0.0,-0.3,-3.1,-32.0,328.0,-0.01,0.01,0.0,24.7,86,POSCTL,0,0
2026-08-21T14:27:56,1787297277,13.822793,100.511599,25.4,0.0,-0.3,-3.1,-32.0,328.0,-0.01,0.01,0.0,24.7,86,POSCTL,0,0
2026-08-21T14:27:57,1787297278,13.822792,100.511596,25.4,0.01,-0.3,-3.2,-32.0,328.0,0.01,-0.03,0.0,24.7,86,POSCTL,0,0
2026-08-21T14:27:58,1787297279,13.822792,100.511596,25.4,0.01,-0.3,-3.2,-32.0,328.0,0.01,-0.03,0.0,24.7,86,POSCTL,0,0
2026-08-21T14:27:59,1787297280,13.822792,100.511596,25.4,0.01,-0.2,-3.1,-32.0,328.0,0.01,-0.03,0.0,24.7,86,POSCTL,0,0
2026-08-21T14:28:00,1787297281,13.822791,100.511594,25.4,0.01,-0.2,-3.1,-32.0,328.0,0.01,-0.03,0.0,24.7,86,POSCTL,0,0
2026-08-21T14:28:01,1787297282,13.822791,100.511594,25.4,0.01,-0.3,-3.1,-32.0,328.0,0.01,-0.03,0.0,24.7,86,POSCTL,0,0
2026-08-21T14:28:02,1787297283,13.822791,100.511595,25.4,0.01,-0.3,-3.1,-32.0,328.0,0.0,0.01,0.0,24.7,86,POSCTL,0,0
2026-08-21T14:28:03,1787297284,13.822791,100.511595,25.4,0.01,-0.3,-3.1,-32.0,328.0,0.0,0.01,0.0,24.7,86,POSCTL,0,0
2026-08-21T14:28:04,1787297285,13.822789,100.51159,25.4,0.01,-0.3,-3.1,-32.0,328.0,0.0,0.01,0.0,24.7,86,POSCTL,0,0
2026-08-21T14:28:05,1787297286,13.822789,100.51159,25.4,0.01,-0.3,-3.1,-32.0,328.0,0.0,0.01,0.0,24.7,86,POSCTL,0,0
2026-08-21T14:28:06,1787297287,13.82279,100.511592,25.4,0.01,-0.3,-3.1,-32.0,328.0,0.0,0.0,0.0,24.7,86,POSCTL,0,0
2026-08-21T14:28:07,1787297288,13.82279,100.511592,25.4,0.01,-0.3,-3.1,-32.0,328.0,0.0,0.0,0.0,24.7,86,POSCTL,0,0
2026-08-21T14:28:08,1787297289,13.822787,100.511588,25.4,0.01,-0.3,-3.1,-32.0,328.0,0.0,0.0,0.0,24.7,86,POSCTL,0,0
2026-08-21T14:28:09,1787297290,13.822787,100.511588,25.4,0.01,-0.3,-3.1,-32.0,328.0,0.0,0.0,0.0,24.7,86,POSCTL,0,0
2026-08-21T14:28:10,1787297291,13.822787,100.511588,25.4,0.01,-0.3,-3.1,-32.0,328.0,0.0,0.0,0.0,24.7,86,POSCTL,0,0
2026-08-21T14:28:11,1787297292,13.822787,100.511588,25.4,0.01,-0.3,-3.1,-32.0,328.0,0.0,0.0,0.0,24.7,86,POSCTL,0,0
2026-08-21T14:28:12,1787297293,13.822787,100.511588,25.4,0.01,-0.3,-3.1,-32.0,328.0,0.0,0.0,0.0,24.7,86,POSCTL,0,0
2026-08-21T14:28:13,1787297294,13.822787,100.511588,25.4,0.01,-0.3,-3.1,-32.0,328.0,0.0,0.0,0.0,24.7,86,POSCTL,0,0
2026-08-21T14:28:14,1787297295,13.822787,100.511588,25.4,0.01,-0.3,-3.1,-32.0,328.0,0.0,0.0,0.0,24.7,86,POSCTL,0,0
2026-08-21T14:28:15,1787297296,13.822787,100.511588,25.4,0.01,-0.3,-3.1,-32.0,328.0,0.0,0.0,0.0,24.7,86,POSCTL,0,0
2026-08-21T14:28:16,1787297297,13.822783,100.511583,25.4,0.01,-0.3,-3.1,-32.0,328.0,0.0,0.0,0.0,24.7,86,POSCTL,0,0
2026-08-21T14:28:17,1787297298,13.822783,100.511583,25.4,0.01,-0.3,-3.1,-32.0,328.0,0.0,0.0,0.0,24.7,86,POSCTL,0,0
2026-08-21T14:28:18,1787297299,13.822783,100.511584,25.4,0.0,-0.3,-3.2,-32.0,328.0,-0.01,-0.03,0.0,24.7,86,POSCTL,0,0
2026-08-21T14:28:19,1787297300,13.822783,100.511584,25.4,0.0,-0.3,-3.2,-32.0,328.0,-0.01,-0.03,0.0,24.7,86,POSCTL,0,0
2026-08-21T14:28:20,1787297301,13.822781,100.511581,25.4,0.0,-0.2,-3.2,-32.0,328.0,-0.01,-0.03,0.0,24.7,86,POSCTL,0,0
2026-08-21T14:28:21,1787297302,13.822781,100.511581,25.4,0.0,-0.2,-3.2,-32.0,328.0,-0.01,-0.03,0.0,24.7,86,POSCTL,0,0
2026-08-21T14:28:22,1787297303,13.822781,100.511582,25.4,0.0,-0.2,-3.2,-32.0,328.0,0.0,0.0,0.0,24.7,86,POSCTL,0,0
2026-08-21T14:28:23,1787297304,13.822781,100.511582,25.4,0.0,-0.2,-3.2,-32.0,328.0,0.0,0.0,0.0,24.7,86,POSCTL,0,0
2026-08-21T14:28:24,1787297305,13.822779,100.51158,25.4,0.0,-0.2,-3.2,-32.0,328.0,0.0,0.0,0.0,24.7,86,POSCTL,0,0
2026-08-21T14:28:25,1787297306,13.822779,100.51158,25.4,0.0,-0.2,-3.2,-32.0,328.0,0.0,0.0,0.0,24.7,86,POSCTL,0,0
2026-08-21T14:28:26,1787297307,13.822779,100.511581,25.4,0.0,-0.2,-3.2,-32.0,328.0,0.0,0.01,0.0,24.7,86,POSCTL,0,0
2026-08-21T14:28:27,1787297308,13.822779,100.511581,25.4,0.0,-0.2,-3.2,-32.0,328.0,0.0,0.01,0.0,24.7,86,POSCTL,0,0
2026-08-21T14:28:28,1787297309,13.822778,100.51158,25.4,0.0,-0.3,-3.1,-32.1,327.9,0.0,0.01,0.0,24.7,86,POSCTL,0,0
2026-08-21T14:28:29,1787297310,13.822778,100.51158,25.4,0.0,-0.3,-3.1,-32.1,327.9,0.0,0.01,0.0,24.7,86,POSCTL,0,0
2026-08-21T14:28:30,1787297311,13.822778,100.51158,25.4,0.0,-0.3,-3.1,-32.1,327.9,0.0,0.0,0.0,24.7,86,POSCTL,0,0
2026-08-21T14:28:31,1787297312,13.822778,100.51158,25.4,0.0,-0.3,-3.1,-32.0,328.0,0.0,0.0,0.0,24.7,86,POSCTL,0,0
2026-08-21T14:28:32,1787297313,13.822778,100.51158,25.4,0.0,-0.3,-3.1,-32.0,328.0,0.0,0.0,0.0,24.7,86,POSCTL,0,0
2026-08-21T14:28:35,1787297316,13.822776,100.511584,25.4,0.0,-0.3,-3.1,-32.0,328.0,0.0,0.0,0.0,24.7,86,POSCTL,0,0
2026-08-21T14:28:36,1787297317,13.822776,100.511584,25.4,0.0,-0.3,-3.1,-32.1,327.9,0.0,0.0,0.0,24.7,86,POSCTL,0,0
2026-08-21T14:28:37,1787297318,13.822776,100.511583,25.4,0.0,-0.3,-3.1,-32.1,327.9,0.0,0.02,0.0,24.7,86,POSCTL,0,0
2026-08-21T14:28:38,1787297319,13.822776,100.511583,25.4,0.0,-0.3,-3.2,-32.0,328.0,0.0,0.02,0.0,24.7,86,POSCTL,0,0
2026-08-21T14:28:39,1787297320,13.822776,100.511587,25.4,0.0,-0.3,-3.2,-32.0,328.0,0.0,0.02,0.0,24.7,86,POSCTL,0,0
2026-08-21T14:28:40,1787297321,13.822776,100.511587,25.4,0.0,-0.3,-3.2,-32.0,328.0,0.0,0.02,0.0,24.7,86,POSCTL,0,0
2026-08-21T14:28:41,1787297322,13.822776,100.511587,25.4,0.0,-0.3,-3.2,-32.0,328.0,0.0,0.02,0.0,24.7,86,POSCTL,0,0
2026-08-21T14:28:42,1787297323,13.822776,100.511587,25.4,0.0,-0.3,-3.2,-32.0,328.0,0.0,0.02,0.0,24.7,86,POSCTL,0,0
2026-08-21T14:28:43,1787297324,13.822777,100.511589,25.4,0.0,-0.3,-3.2,-32.0,328.0,0.0,0.02,0.0,24.7,86,POSCTL,0,0
2026-08-21T14:28:44,1787297325,13.822777,100.511589,25.4,0.0,-0.3,-3.2,-32.0,328.0,0.0,0.02,0.0,24.7,86,POSCTL,0,0
2026-08-21T14:28:45,1787297326,13.822777,100.511588,25.4,0.0,-0.4,-3.2,-32.0,328.0,0.02,-0.01,0.0,24.7,86,POSCTL,0,0
2026-08-21T14:28:46,1787297327,13.822777,100.511588,25.4,0.0,-0.4,-3.2,-32.0,328.0,0.02,-0.01,0.0,24.7,86,POSCTL,0,0
2026-08-21T14:28:47,1787297328,13.822779,100.51159,25.4,0.0,-0.4,-3.2,-32.0,328.0,0.02,-0.01,0.0,24.7,86,POSCTL,0,0
2026-08-21T14:28:48,1787297329,13.822779,100.51159,25.4,0.0,-0.4,-3.2,-32.0,328.0,0.02,-0.01,0.0,24.7,86,POSCTL,0,0
2026-08-21T14:28:49,1787297330,13.822779,100.51159,25.4,0.0,-0.4,-3.2,-32.0,328.0,0.02,-0.01,0.0,24.7,86,POSCTL,0,0
2026-08-21T14:28:50,1787297331,13.822779,100.51159,25.4,0.0,-0.4,-3.2,-32.0,328.0,0.02,-0.01,0.0,24.7,86,POSCTL,0,0
2026-08-21T14:28:51,1787297332,13.822782,100.511591,25.4,0.0,-0.4,-3.2,-32.0,328.0,0.02,-0.01,0.0,24.7,86,POSCTL,0,0
2026-08-21T14:28:52,1787297333,13.822782,100.511591,25.4,0.0,-0.4,-3.2,-32.0,328.0,0.02,-0.01,0.0,24.7,86,POSCTL,0,0
2026-08-21T14:28:53,1787297334,13.822781,100.51159,25.4,-0.0,-0.4,-3.1,-32.0,328.0,0.02,0.0,0.0,24.7,86,POSCTL,0,0
2026-08-21T14:28:54,1787297335,13.822781,100.51159,25.4,-0.0,-0.4,-3.1,-32.0,328.0,0.02,0.0,0.0,24.7,86,POSCTL,0,0
2026-08-21T14:28:55,1787297336,13.822783,100.511591,25.4,-0.0,-0.4,-3.1,-32.0,328.0,0.02,0.0,0.0,24.7,86,POSCTL,0,0
2026-08-21T14:28:56,1787297337,13.822783,100.511591,25.4,-0.0,-0.4,-3.1,-32.0,328.0,0.02,0.0,0.0,24.7,86,POSCTL,0,0
2026-08-21T14:28:57,1787297338,13.822783,100.511591,25.4,-0.0,-0.4,-3.1,-32.0,328.0,0.02,0.0,0.0,24.7,86,POSCTL,0,0
2026-08-21T14:28:58,1787297339,13.822783,100.511591,25.4,-0.0,-0.4,-3.1,-32.0,328.0,0.0,0.0,0.0,24.7,86,POSCTL,0,0
2026-08-21T14:28:59,1787297340,13.822783,100.511591,25.4,-0.0,-0.4,-3.1,-32.0,328.0,0.0,0.0,0.0,24.7,86,POSCTL,0,0
2026-08-21T14:29:00,1787297341,13.822783,100.511591,25.4,-0.0,-0.4,-3.1,-32.0,328.0,0.0,0.0,0.0,24.7,86,POSCTL,0,0
2026-08-21T14:29:01,1787297342,13.822783,100.511591,25.4,-0.0,-0.4,-3.1,-32.0,328.0,0.0,0.0,0.0,24.7,86,POSCTL,0,0
2026-08-21T14:29:02,1787297343,13.822784,100.511592,25.4,0.0,-0.4,-3.1,-32.0,328.0,-0.01,0.02,0.0,24.7,86,POSCTL,0,0
2026-08-21T14:29:03,1787297344,13.822786,100.511593,25.4,0.0,-0.4,-3.1,-32.0,328.0,-0.01,0.02,0.0,24.7,86,POSCTL,0,0
2026-08-21T14:29:04,1787297345,13.822786,100.511593,25.4,0.0,-0.4,-3.1,-32.0,328.0,-0.01,0.02,0.0,24.7,86,POSCTL,0,0
2026-08-21T14:29:05,1787297346,13.822786,100.511593,25.4,0.0,-0.3,-3.1,-32.0,328.0,-0.01,0.02,0.0,24.7,86,POSCTL,0,0
2026-08-21T14:29:06,1787297347,13.822786,100.511593,25.4,0.0,-0.3,-3.1,-32.0,328.0,0.02,0.02,0.0,24.7,86,POSCTL,0,0
2026-08-21T14:29:07,1787297348,13.822786,100.511593,25.4,0.0,-0.3,-3.1,-32.0,328.0,0.02,0.02,0.0,24.7,86,POSCTL,0,0
2026-08-21T14:29:10,1787297351,13.822786,100.511593,25.4,0.0,-0.3,-3.1,-32.0,328.0,0.02,0.02,0.0,24.7,86,POSCTL,0,0
2026-08-21T14:29:11,1787297352,13.822786,100.511593,25.4,0.0,-0.3,-3.1,-32.0,328.0,0.02,0.02,0.0,24.7,86,POSCTL,0,0
2026-08-21T14:29:12,1787297353,13.822792,100.511594,25.4,0.0,-0.4,-3.1,-32.0,328.0,0.02,0.02,0.0,24.7,86,POSCTL,0,0
2026-08-21T14:29:13,1787297354,13.822792,100.511594,25.4,0.0,-0.4,-3.1,-32.0,328.0,0.02,0.02,0.0,24.7,86,POSCTL,0,0
2026-08-21T14:29:14,1787297355,13.822791,100.511594,25.4,0.0,-0.4,-3.1,-32.0,328.0,0.0,0.02,0.0,24.7,86,POSCTL,0,0
2026-08-21T14:29:15,1787297356,13.822791,100.511594,25.4,0.0,-0.4,-3.1,-32.0,328.0,0.0,0.02,0.0,24.7,86,POSCTL,0,0
2026-08-21T14:29:16,1787297357,13.822794,100.511594,25.4,0.0,-0.4,-3.1,-32.0,328.0,0.0,0.02,0.0,24.7,86,POSCTL,0,0
2026-08-21T14:29:17,1787297358,13.822794,100.511594,25.4,0.0,-0.4,-3.1,-32.0,328.0,0.0,0.02,0.0,24.7,86,POSCTL,0,0
2026-08-21T14:29:18,1787297359,13.822794,100.511594,25.4,0.0,-0.4,-3.1,-32.0,328.0,0.0,0.02,0.0,24.7,86,POSCTL,0,0
2026-08-21T14:29:19,1787297360,13.822794,100.511594,25.4,0.0,-0.4,-3.1,-32.0,328.0,0.0,0.02,0.0,24.7,86,POSCTL,0,0
2026-08-21T14:29:20,1787297361,13.822794,100.511594,25.4,0.0,-0.4,-3.1,-32.0,328.0,0.0,0.02,0.0,24.7,86,POSCTL,0,0
2026-08-21T14:29:21,1787297362,13.822794,100.511594,25.4,0.0,-0.4,-3.1,-32.0,328.0,0.0,0.02,0.0,24.7,86,POSCTL,0,0
2026-08-21T14:29:22,1787297363,13.822795,100.511594,25.4,0.0,-0.4,-3.1,-32.0,328.0,0.01,0.0,0.0,24.7,86,POSCTL,0,0
2026-08-21T14:29:23,1787297364,13.822795,100.511594,25.4,0.0,-0.4,-3.1,-32.0,328.0,0.01,0.0,0.0,24.7,86,POSCTL,0,0
2026-08-21T14:29:24,1787297365,13.822797,100.511594,25.4,0.0,-0.4,-3.1,-32.0,328.0,0.01,0.0,0.0,24.7,86,POSCTL,0,0
2026-08-21T14:29:25,1787297366,13.822797,100.511594,25.4,0.0,-0.4,-3.1,-32.0,328.0,0.01,0.0,0.0,24.7,86,POSCTL,0,0
2026-08-21T14:29:26,1787297367,13.822797,100.511595,25.4,0.01,-0.3,-3.1,-32.0,328.0,0.0,0.07,0.0,24.7,86,POSCTL,0,0
2026-08-21T14:29:27,1787297368,13.822797,100.511595,25.4,0.01,-0.3,-3.1,-32.0,328.0,0.0,0.07,0.0,24.7,86,POSCTL,0,0
2026-08-21T14:29:28,1787297369,13.822797,100.511595,25.4,0.01,-0.3,-3.1,-32.0,328.0,0.0,0.07,0.0,24.7,86,POSCTL,0,0
2026-08-21T14:29:29,1787297370,13.822797,100.511595,25.4,0.01,-0.3,-3.1,-32.0,328.0,0.0,0.07,0.0,24.7,86,POSCTL,0,0
2026-08-21T14:29:30,1787297371,13.822798,100.511595,25.4,0.0,-0.4,-3.2,-32.0,328.0,0.01,0.0,0.0,24.7,86,POSCTL,0,0
2026-08-21T14:29:31,1787297372,13.822798,100.511595,25.4,0.0,-0.4,-3.2,-32.0,328.0,0.01,0.0,0.0,24.7,86,POSCTL,0,0
2026-08-21T14:29:32,1787297373,13.822799,100.511591,25.4,0.0,-0.4,-3.2,-32.0,328.0,0.01,0.0,0.0,24.7,86,POSCTL,0,0
2026-08-21T14:29:33,1787297374,13.822799,100.511591,25.4,0.0,-0.4,-3.2,-32.0,328.0,0.01,0.0,0.0,24.7,86,POSCTL,0,0
2026-08-21T14:29:34,1787297375,13.822798,100.511591,25.4,0.0,-0.4,-3.1,-32.0,328.0,0.0,-0.06,0.0,24.7,86,POSCTL,0,0
2026-08-21T14:29:35,1787297376,13.822798,100.511591,25.4,0.0,-0.4,-3.1,-32.0,328.0,0.0,-0.06,0.0,24.7,86,POSCTL,0,0
2026-08-21T14:29:36,1787297377,13.822798,100.511591,25.4,0.0,-0.3,-3.1,-32.0,328.0,0.0,-0.06,0.0,24.7,86,POSCTL,0,0
2026-08-21T14:29:37,1787297378,13.822798,100.511591,25.4,0.0,-0.3,-3.1,-32.0,328.0,0.0,-0.06,0.0,24.7,86,POSCTL,0,0
2026-08-21T14:29:38,1787297379,13.822799,100.511589,25.4,0.0,-0.3,-3.1,-32.0,328.0,-0.01,-0.01,0.0,24.7,86,POSCTL,0,0
2026-08-21T14:29:39,1787297380,13.822799,100.511589,25.4,0.0,-0.3,-3.1,-32.0,328.0,-0.01,-0.01,0.0,24.7,86,POSCTL,0,0
2026-08-21T14:29:40,1787297381,13.822799,100.511589,25.4,0.0,-0.3,-3.1,-32.0,328.0,-0.01,-0.01,0.0,24.7,86,POSCTL,0,0
2026-08-21T14:29:41,1787297382,13.8228,100.511586,25.4,0.0,-0.3,-3.1,-32.0,328.0,-0.01,-0.01,0.0,24.7,86,POSCTL,0,0
2026-08-21T14:29:42,1787297383,13.8228,100.511587,25.4,0.0,-0.3,-3.1,-32.0,328.0,0.01,0.0,0.0,24.7,86,POSCTL,0,0
2026-08-21T14:29:43,1787297384,13.8228,100.511587,25.4,0.0,-0.3,-3.1,-32.0,328.0,0.01,0.0,0.0,24.7,86,POSCTL,0,0
2026-08-21T14:29:44,1787297385,13.8228,100.511587,25.4,0.0,-0.3,-3.1,-32.0,328.0,0.01,0.0,0.0,24.7,86,POSCTL,0,0
2026-08-21T14:29:45,1787297386,13.822801,100.511584,25.4,0.0,-0.3,-3.1,-32.0,328.0,0.01,0.0,0.0,24.7,86,POSCTL,0,0
2026-08-21T14:29:46,1787297387,13.822801,100.511584,25.4,0.0,-0.3,-3.1,-32.0,328.0,0.01,0.0,0.0,24.7,86,POSCTL,0,0
2026-08-21T14:29:47,1787297388,13.822801,100.511584,25.4,0.0,-0.3,-3.1,-32.0,328.0,0.01,0.0,0.0,24.7,86,POSCTL,0,0
2026-08-21T14:29:48,1787297389,13.822801,100.511584,25.4,0.0,-0.3,-3.1,-32.0,328.0,0.01,0.0,0.0,24.7,86,POSCTL,0,0
2026-08-21T14:29:49,1787297390,13.822804,100.511585,25.4,0.0,-0.3,-3.1,-31.9,328.1,0.01,0.0,0.0,24.7,86,POSCTL,0,0
2026-08-21T14:29:50,1787297391,13.822804,100.511585,25.4,0.0,-0.3,-3.1,-31.9,328.1,0.01,0.0,0.0,24.7,86,POSCTL,0,0
2026-08-21T14:29:51,1787297392,13.822803,100.511584,25.4,-0.01,-0.4,-3.1,-31.9,328.1,0.0,-0.01,0.0,24.7,86,POSCTL,0,0
2026-08-21T14:29:52,1787297393,13.822803,100.511584,25.4,-0.01,-0.4,-3.1,-31.9,328.1,0.0,-0.01,0.0,24.7,86,POSCTL,0,0
2026-08-21T14:29:53,1787297394,13.822805,100.511585,25.4,-0.01,-0.4,-3.1,-31.9,328.1,0.0,-0.01,0.0,24.7,86,POSCTL,0,0
2026-08-21T14:29:54,1787297395,13.822805,100.511585,25.4,-0.01,-0.4,-3.1,-31.9,328.1,0.0,-0.01,0.0,24.7,86,POSCTL,0,0
2026-08-21T14:29:55,1787297396,13.822805,100.511584,25.4,-0.01,-0.4,-3.1,-31.9,328.1,0.0,-0.01,0.0,24.7,86,POSCTL,0,0
2026-08-21T14:29:56,1787297397,13.822805,100.511584,25.4,-0.01,-0.4,-3.1,-31.9,328.1,0.0,-0.01,0.0,24.7,86,POSCTL,0,0
2026-08-21T14:29:57,1787297398,13.822806,100.511585,25.4,-0.01,-0.4,-3.1,-31.9,328.1,0.0,-0.01,0.0,24.7,86,POSCTL,0,0
2026-08-21T14:29:58,1787297399,13.822806,100.511585,25.4,-0.01,-0.4,-3.1,-31.9,328.1,0.0,-0.01,0.0,24.7,86,POSCTL,0,0
2026-08-21T14:29:59,1787297400,13.822806,100.511585,25.4,-0.01,-0.4,-3.1,-31.9,328.1,0.0,-0.01,0.0,24.7,86,POSCTL,0,0
2026-08-21T14:30:00,1787297401,13.822806,100.511585,25.4,-0.01,-0.4,-3.1,-31.9,328.1,0.0,-0.01,0.0,24.7,86,POSCTL,0,0
2026-08-21T14:30:01,1787297402,13.822807,100.511587,25.4,-0.01,-0.3,-3.1,-32.0,328.0,0.0,-0.01,0.0,24.7,86,POSCTL,0,0
2026-08-21T14:30:02,1787297403,13.822807,100.511587,25.4,-0.01,-0.3,-3.1,-32.0,328.0,0.0,-0.01,0.0,24.7,86,POSCTL,0,0
2026-08-21T14:30:03,1787297404,13.822807,100.511587,25.4,-0.01,-0.3,-3.1,-32.0,328.0,0.0,-0.01,0.0,24.7,86,POSCTL,0,0
2026-08-21T14:30:04,1787297405,13.822807,100.511587,25.4,-0.01,-0.3,-3.1,-32.0,328.0,0.01,0.0,0.0,24.7,86,POSCTL,0,0
2026-08-21T14:30:05,1787297406,13.822807,100.511588,25.4,-0.01,-0.4,-3.2,-32.0,328.0,0.01,0.0,0.0,24.7,86,POSCTL,0,0
2026-08-21T14:30:06,1787297407,13.822807,100.511588,25.4,-0.01,-0.4,-3.2,-32.0,328.0,0.01,0.0,0.0,24.7,86,POSCTL,0,0
2026-08-21T14:30:07,1787297408,13.822807,100.511588,25.4,-0.01,-0.4,-3.1,-32.0,328.0,0.01,0.0,0.0,24.7,86,POSCTL,0,0
2026-08-21T14:30:08,1787297409,13.822807,100.511588,25.4,-0.01,-0.4,-3.1,-32.0,328.0,0.01,0.0,0.0,24.7,86,POSCTL,0,0
2026-08-21T14:30:09,1787297410,13.822806,100.511589,25.4,-0.01,-0.4,-3.1,-32.0,328.0,0.01,0.0,0.0,24.7,86,POSCTL,0,0
2026-08-21T14:30:10,1787297411,13.822806,100.511589,25.4,-0.01,-0.4,-3.1,-32.0,328.0,0.01,0.0,0.0,24.7,86,POSCTL,0,0
2026-08-21T14:30:11,1787297412,13.822806,100.511589,25.4,-0.01,-0.4,-3.1,-32.0,328.0,0.01,0.0,0.0,24.7,86,POSCTL,0,0
2026-08-21T14:30:12,1787297413,13.822806,100.511589,25.4,-0.01,-0.4,-3.1,-32.0,328.0,0.01,0.0,0.0,24.7,86,POSCTL,0,0
2026-08-21T14:30:13,1787297414,13.822805,100.511589,25.4,-0.01,-0.4,-3.2,-32.0,328.0,0.01,0.0,0.0,24.7,86,POSCTL,0,0
2026-08-21T14:30:14,1787297415,13.822805,100.511589,25.4,-0.01,-0.4,-3.2,-32.0,328.0,0.01,0.0,0.0,24.7,86,POSCTL,0,0
2026-08-21T14:30:15,1787297416,13.822805,100.511589,25.4,-0.01,-0.4,-3.2,-32.0,328.0,0.01,0.0,0.0,24.69,86,POSCTL,0,0
2026-08-21T14:30:16,1787297417,13.822805,100.511587,25.4,-0.01,-0.4,-3.2,-32.0,328.0,0.0,-0.06,0.0,24.69,86,POSCTL,0,0
2026-08-21T14:30:17,1787297418,13.822805,100.511588,25.4,-0.01,-0.4,-3.2,-32.0,328.0,0.0,-0.06,0.0,24.69,86,POSCTL,0,0
2026-08-21T14:30:18,1787297419,13.822805,100.511588,25.4,-0.01,-0.3,-3.2,-32.0,328.0,0.0,-0.06,0.0,24.69,86,POSCTL,0,0
2026-08-21T14:30:19,1787297420,13.822805,100.511588,25.4,-0.01,-0.3,-3.2,-32.0,328.0,0.0,-0.06,0.0,24.69,86,POSCTL,0,0
2026-08-21T14:30:20,1787297421,13.822805,100.511589,25.4,-0.01,-0.3,-3.2,-32.0,328.0,0.0,0.05,0.0,24.69,86,POSCTL,0,0
2026-08-21T14:30:21,1787297422,13.822804,100.511591,25.4,-0.01,-0.3,-3.2,-32.0,328.0,0.0,0.05,0.0,24.69,86,POSCTL,0,0
2026-08-21T14:30:22,1787297423,13.822804,100.511591,25.4,-0.01,-0.3,-3.2,-32.0,328.0,0.0,0.05,0.0,24.69,86,POSCTL,0,0
2026-08-21T14:30:23,1787297424,13.822804,100.511591,25.4,-0.01,-0.3,-3.2,-32.0,328.0,0.0,0.05,0.0,24.69,86,POSCTL,0,0
2026-08-21T14:30:24,1787297425,13.822804,100.511592,25.4,-0.01,-0.3,-3.2,-32.0,328.0,0.01,0.03,0.0,24.69,86,POSCTL,0,0
2026-08-21T14:30:25,1787297426,13.822804,100.511594,25.4,-0.01,-0.3,-3.2,-32.0,328.0,0.01,0.03,0.0,24.69,86,POSCTL,0,0
2026-08-21T14:30:26,1787297427,13.822804,100.511594,25.4,-0.01,-0.3,-3.2,-32.0,328.0,0.01,0.03,0.0,24.69,86,POSCTL,0,0
2026-08-21T14:30:27,1787297428,13.822804,100.511594,25.4,-0.01,-0.3,-3.2,-32.0,328.0,0.01,0.03,0.0,24.69,86,POSCTL,0,0
2026-08-21T14:30:28,1787297429,13.822804,100.511594,25.4,-0.0,-0.4,-3.2,-32.0,328.0,0.0,0.01,0.0,24.69,86,POSCTL,0,0
2026-08-21T14:30:29,1787297430,13.822803,100.511596,25.4,-0.0,-0.4,-3.2,-32.0,328.0,0.0,0.01,0.0,24.69,86,POSCTL,0,0
2026-08-21T14:30:30,1787297431,13.822803,100.511596,25.4,-0.0,-0.4,-3.2,-32.0,328.0,0.0,0.01,0.0,24.69,86,POSCTL,0,0
2026-08-21T14:30:31,1787297432,13.822803,100.511596,25.4,-0.0,-0.4,-3.2,-32.0,328.0,0.0,0.01,0.0,24.69,86,POSCTL,0,0
2026-08-21T14:30:32,1787297433,13.822803,100.511596,25.4,-0.0,-0.4,-3.2,-32.0,328.0,0.0,0.01,0.0,24.69,86,POSCTL,0,0
2026-08-21T14:30:33,1787297434,13.822803,100.511598,25.4,-0.0,-0.4,-3.2,-32.0,328.0,0.0,0.01,0.0,24.69,86,POSCTL,0,0
2026-08-21T14:30:34,1787297435,13.822803,100.511598,25.4,-0.0,-0.4,-3.2,-32.0,328.0,0.0,0.01,0.0,24.69,86,POSCTL,0,0
2026-08-21T14:30:35,1787297436,13.822803,100.511598,25.4,-0.0,-0.4,-3.2,-32.0,328.0,0.0,0.01,0.0,24.69,86,POSCTL,0,0
2026-08-21T14:30:36,1787297437,13.822803,100.511597,25.4,0.0,-0.4,-3.2,-32.0,328.0,0.0,-0.01,0.0,24.69,86,POSCTL,0,0
2026-08-21T14:30:37,1787297438,13.822803,100.511599,25.4,0.0,-0.4,-3.2,-32.0,328.0,0.0,-0.01,0.0,24.69,86,POSCTL,0,0
2026-08-21T14:30:38,1787297439,13.822803,100.511599,25.4,0.0,-0.4,-3.2,-32.0,328.0,0.0,-0.01,0.0,24.69,86,POSCTL,0,0
2026-08-21T14:30:39,1787297440,13.822803,100.511599,25.4,0.0,-0.3,-3.2,-32.0,328.0,0.0,-0.01,0.0,24.69,86,POSCTL,0,0
2026-08-21T14:30:40,1787297441,13.822803,100.511599,25.4,0.0,-0.3,-3.2,-32.0,328.0,0.0,0.0,0.0,24.69,86,POSCTL,0,0
2026-08-21T14:30:41,1787297442,13.822802,100.511599,25.4,0.0,-0.3,-3.2,-32.0,328.0,0.0,0.0,0.0,24.69,86,POSCTL,0,0
2026-08-21T14:30:42,1787297443,13.822802,100.511599,25.4,0.0,-0.3,-3.2,-32.0,328.0,0.0,0.0,0.0,24.69,86,POSCTL,0,0
2026-08-21T14:30:43,1787297444,13.822802,100.511599,25.4,0.0,-0.3,-3.2,-32.0,328.0,0.0,0.0,0.0,24.69,86,POSCTL,0,0
2026-08-21T14:30:44,1787297445,13.822802,100.511599,25.4,0.0,-0.3,-3.2,-32.0,328.0,-0.01,-0.01,0.0,24.69,86,POSCTL,0,0
2026-08-21T14:30:45,1787297446,13.822802,100.511599,25.4,0.0,-0.3,-3.2,-32.0,328.0,-0.01,-0.01,0.0,24.69,86,POSCTL,0,0
2026-08-21T14:30:46,1787297447,13.822801,100.511599,25.4,0.0,-0.4,-3.1,-32.0,328.0,-0.01,-0.01,0.0,24.69,86,POSCTL,0,0
2026-08-21T14:30:47,1787297448,13.822801,100.511599,25.4,0.0,-0.4,-3.1,-32.0,328.0,-0.01,-0.01,0.0,24.69,86,POSCTL,0,0
2026-08-21T14:30:48,1787297449,13.822801,100.511599,25.4,0.0,-0.3,-3.2,-32.0,328.0,-0.01,-0.01,0.0,24.69,85,POSCTL,0,0
2026-08-21T14:30:49,1787297450,13.822801,100.511599,25.4,0.0,-0.3,-3.2,-32.0,328.0,0.0,-0.01,0.0,24.69,85,POSCTL,0,0
2026-08-21T14:30:50,1787297451,13.8228,100.511598,25.4,0.0,-0.3,-3.2,-32.0,328.0,0.0,-0.01,0.0,24.69,85,POSCTL,0,0
2026-08-21T14:30:51,1787297452,13.8228,100.511598,25.4,0.0,-0.3,-3.2,-32.0,328.0,0.0,-0.01,0.0,24.69,85,POSCTL,0,0
2026-08-21T14:30:52,1787297453,13.8228,100.511598,25.4,0.0,-0.3,-3.2,-32.0,328.0,0.0,-0.01,0.0,24.69,85,POSCTL,0,0
2026-08-21T14:30:53,1787297454,13.822801,100.511597,25.4,0.0,-0.3,-3.2,-32.0,328.0,0.01,-0.01,0.0,24.69,85,POSCTL,0,0
2026-08-21T14:30:54,1787297455,13.8228,100.511596,25.4,0.0,-0.3,-3.2,-32.0,328.0,0.01,-0.01,0.0,24.69,85,POSCTL,0,0
2026-08-21T14:30:55,1787297456,13.8228,100.511596,25.4,0.0,-0.3,-3.2,-32.0,328.0,0.01,-0.01,0.0,24.69,85,POSCTL,0,0
2026-08-21T14:30:56,1787297457,13.8228,100.511596,25.4,0.0,-0.3,-3.1,-32.0,328.0,0.01,-0.01,0.0,24.69,85,POSCTL,0,0
2026-08-21T14:30:57,1787297458,13.8228,100.511596,25.4,-0.0,-0.3,-3.1,-32.0,328.0,0.0,-0.01,0.0,24.69,85,POSCTL,0,0
2026-08-21T14:30:58,1787297459,13.8228,100.511596,25.4,-0.0,-0.3,-3.1,-32.0,328.0,0.0,-0.01,0.0,24.69,85,POSCTL,0,0
2026-08-21T14:30:59,1787297460,13.8228,100.511596,25.4,-0.0,-0.3,-3.1,-32.0,328.0,0.0,-0.01,0.0,24.69,85,POSCTL,0,0
2026-08-21T14:31:00,1787297461,13.8228,100.511596,25.4,-0.0,-0.3,-3.1,-32.0,328.0,0.0,-0.01,0.0,24.69,85,POSCTL,0,0
2026-08-21T14:31:01,1787297462,13.8228,100.511596,25.4,-0.0,-0.3,-3.1,-32.0,328.0,0.0,-0.01,0.0,24.69,85,POSCTL,0,0
2026-08-21T14:31:02,1787297463,13.8228,100.511596,25.4,-0.0,-0.3,-3.1,-32.0,328.0,0.0,-0.01,0.0,24.69,85,POSCTL,0,0
2026-08-21T14:31:03,1787297464,13.8228,100.511596,25.4,-0.0,-0.3,-3.1,-32.0,328.0,0.0,-0.01,0.0,24.69,85,POSCTL,0,0
2026-08-21T14:31:04,1787297465,13.8228,100.511596,25.4,-0.0,-0.3,-3.1,-32.0,328.0,0.0,-0.01,0.0,24.69,85,POSCTL,0,0
2026-08-21T14:31:05,1787297466,13.8228,100.511596,25.4,-0.0,-0.3,-3.1,-32.0,328.0,0.0,-0.01,0.0,24.69,85,POSCTL,0,0
2026-08-21T14:31:06,1787297467,13.8228,100.511597,25.4,-0.0,-0.3,-3.1,-32.0,328.0,0.0,-0.01,0.0,24.69,85,POSCTL,0,0
2026-08-21T14:31:07,1787297468,13.8228,100.511597,25.4,-0.0,-0.3,-3.1,-32.0,328.0,0.0,-0.01,0.0,24.69,85,POSCTL,0,0
2026-08-21T14:31:08,1787297469,13.8228,100.511597,25.4,-0.0,-0.4,-3.1,-32.0,328.0,0.0,-0.01,0.0,24.69,85,POSCTL,0,0
2026-08-21T14:31:09,1787297470,13.8228,100.511597,25.4,-0.0,-0.4,-3.1,-32.0,328.0,0.0,-0.01,0.0,24.69,85,POSCTL,0,0
2026-08-21T14:31:10,1787297471,13.8228,100.511597,25.4,-0.0,-0.4,-3.1,-32.0,328.0,0.0,0.0,0.0,24.69,85,POSCTL,0,0
2026-08-21T14:31:11,1787297472,13.8228,100.511597,25.4,-0.0,-0.4,-3.1,-32.0,328.0,0.0,0.0,0.0,24.69,85,POSCTL,0,0
2026-08-21T14:31:12,1787297473,13.8228,100.511597,25.4,-0.0,-0.3,-3.1,-32.0,328.0,0.0,0.0,0.0,24.69,85,POSCTL,0,0
2026-08-21T14:31:13,1787297474,13.822801,100.511599,25.4,0.0,-0.3,-3.1,-32.0,328.0,0.01,0.03,0.0,24.69,85,POSCTL,0,0
2026-08-21T14:31:14,1787297475,13.822801,100.511599,25.4,0.0,-0.3,-3.1,-32.0,328.0,0.01,0.03,0.0,24.69,85,POSCTL,0,0
2026-08-21T14:31:15,1787297476,13.822801,100.511602,25.4,0.0,-0.3,-3.1,-32.0,328.0,0.01,0.03,0.0,24.69,85,POSCTL,0,0
2026-08-21T14:31:16,1787297477,13.822801,100.511602,25.4,0.0,-0.3,-3.1,-32.0,328.0,0.01,0.03,0.0,24.69,85,POSCTL,0,0
2026-08-21T14:31:17,1787297478,13.822801,100.511602,25.4,0.0,-0.3,-3.2,-32.0,328.0,0.01,0.03,0.0,24.69,85,POSCTL,0,0
2026-08-21T14:31:18,1787297479,13.822801,100.511602,25.4,0.0,-0.3,-3.2,-32.0,328.0,0.01,0.0,0.0,24.69,85,POSCTL,0,0
2026-08-21T14:31:19,1787297480,13.822801,100.511602,25.4,0.0,-0.4,-3.2,-32.0,328.0,0.01,0.0,0.0,24.69,85,POSCTL,0,0
2026-08-21T14:31:20,1787297481,13.822801,100.511602,25.4,0.0,-0.4,-3.2,-32.0,328.0,0.01,0.0,0.0,24.69,85,POSCTL,0,0
2026-08-21T14:31:21,1787297482,13.822801,100.511602,25.4,0.0,-0.4,-3.2,-32.0,328.0,0.01,0.0,0.0,24.69,85,POSCTL,0,0
2026-08-21T14:31:22,1787297483,13.822801,100.511601,25.4,0.0,-0.4,-3.2,-32.0,328.0,0.0,-0.03,0.0,24.69,85,POSCTL,0,0
2026-08-21T14:31:23,1787297484,13.822801,100.511601,25.4,0.0,-0.4,-3.2,-32.0,328.0,0.0,-0.03,0.0,24.69,85,POSCTL,0,0
2026-08-21T14:31:24,1787297485,13.8228,100.511602,25.4,0.0,-0.4,-3.2,-32.0,328.0,0.0,-0.03,0.0,24.69,85,POSCTL,0,0
2026-08-21T14:31:25,1787297486,13.8228,100.511602,25.4,0.0,-0.3,-3.1,-32.0,328.0,0.0,-0.03,0.0,24.69,85,POSCTL,0,0
2026-08-21T14:31:26,1787297487,13.8228,100.511602,25.4,0.0,-0.3,-3.1,-32.0,328.0,-0.01,0.0,0.0,24.69,85,POSCTL,0,0
2026-08-21T14:31:27,1787297488,13.822799,100.511603,25.4,0.0,-0.3,-3.1,-32.0,328.0,-0.01,0.0,0.0,24.69,85,POSCTL,0,0
2026-08-21T14:31:28,1787297489,13.822799,100.511603,25.4,0.0,-0.3,-3.1,-32.0,328.0,-0.01,0.0,0.0,24.69,85,POSCTL,0,0
2026-08-21T14:31:29,1787297490,13.822799,100.511603,25.4,0.0,-0.4,-3.2,-32.0,328.0,-0.01,0.0,0.0,24.69,85,POSCTL,0,0
2026-08-21T14:31:30,1787297491,13.822799,100.511603,25.4,0.0,-0.4,-3.2,-32.0,328.0,-0.01,0.0,0.0,24.69,85,POSCTL,0,0
2026-08-21T14:31:31,1787297492,13.822799,100.511603,25.4,0.0,-0.4,-3.2,-32.0,328.0,0.0,-0.01,0.0,24.69,85,POSCTL,0,0
2026-08-21T14:31:32,1787297493,13.822799,100.511603,25.4,0.0,-0.4,-3.2,-32.0,328.0,0.0,-0.01,0.0,24.69,85,POSCTL,0,0
2026-08-21T14:31:33,1787297494,13.822799,100.511603,25.4,0.0,-0.4,-3.2,-32.0,328.0,0.0,-0.01,0.0,24.69,85,POSCTL,0,0
2026-08-21T14:31:34,1787297495,13.822798,100.511602,25.4,0.0,-0.4,-3.2,-32.0,328.0,-0.01,-0.03,0.0,24.69,85,POSCTL,0,0
2026-08-21T14:31:35,1787297496,13.822797,100.511603,25.4,0.0,-0.4,-3.2,-32.0,328.0,-0.01,-0.03,0.0,24.69,85,POSCTL,0,0
2026-08-21T14:31:36,1787297497,13.822797,100.511603,25.4,0.0,-0.3,-3.2,-32.0,328.0,-0.01,-0.03,0.0,24.69,85,POSCTL,0,0
2026-08-21T14:31:37,1787297498,13.822797,100.511603,25.4,0.0,-0.3,-3.2,-32.0,328.0,-0.01,-0.03,0.0,24.69,85,POSCTL,0,0
2026-08-21T14:31:38,1787297499,13.822797,100.511603,25.4,0.0,-0.3,-3.2,-32.0,328.0,-0.01,-0.03,0.0,24.69,85,POSCTL,0,0
2026-08-21T14:31:39,1787297500,13.822795,100.511605,25.4,0.0,-0.3,-3.2,-32.0,328.0,0.0,0.03,0.0,24.69,85,POSCTL,0,0
2026-08-21T14:31:40,1787297501,13.822795,100.511605,25.4,0.0,-0.3,-3.2,-32.0,328.0,0.0,0.03,0.0,24.69,85,POSCTL,0,0
2026-08-21T14:31:41,1787297502,13.822795,100.511605,25.4,0.0,-0.3,-3.2,-32.0,328.0,0.0,0.03,0.0,24.69,85,POSCTL,0,0
2026-08-21T14:31:42,1787297503,13.822795,100.511605,25.4,0.0,-0.3,-3.2,-32.0,328.0,0.0,0.03,0.0,24.69,85,POSCTL,0,0
2026-08-21T14:31:43,1787297504,13.822795,100.511605,25.4,0.0,-0.3,-3.2,-32.0,328.0,0.0,0.03,0.0,24.69,85,POSCTL,0,0
2026-08-21T14:31:44,1787297505,13.822795,100.511605,25.4,0.0,-0.3,-3.2,-32.0,328.0,0.0,0.03,0.0,24.69,85,POSCTL,0,0
2026-08-21T14:31:45,1787297506,13.822795,100.511605,25.4,0.0,-0.3,-3.2,-32.0,328.0,0.0,0.03,0.0,24.69,85,POSCTL,0,0
2026-08-21T14:31:46,1787297507,13.822795,100.511605,25.4,0.0,-0.3,-3.2,-32.0,328.0,0.0,0.03,0.0,24.69,85,POSCTL,0,0
2026-08-21T14:31:47,1787297508,13.822795,100.511605,25.4,0.0,-0.3,-3.2,-32.0,328.0,0.0,0.0,0.0,24.69,85,POSCTL,0,0
2026-08-21T14:31:48,1787297509,13.822795,100.511605,25.4,0.0,-0.3,-3.2,-32.0,328.0,0.0,0.0,0.0,24.69,85,POSCTL,0,0
2026-08-21T14:31:49,1787297510,13.822795,100.511605,25.4,0.0,-0.3,-3.2,-32.0,328.0,0.0,0.0,0.0,24.69,85,POSCTL,0,0
2026-08-21T14:31:50,1787297511,13.822795,100.511605,25.4,0.0,-0.3,-3.2,-32.0,328.0,0.0,0.0,0.0,24.69,85,POSCTL,0,0
2026-08-21T14:31:51,1787297512,13.822795,100.511605,25.4,0.0,-0.3,-3.2,-32.0,328.0,0.0,0.0,0.0,24.69,85,POSCTL,0,0
2026-08-21T14:31:52,1787297513,13.822796,100.511605,25.4,0.0,-0.3,-3.2,-32.0,328.0,0.0,0.0,0.0,24.69,85,POSCTL,0,0
2026-08-21T14:31:53,1787297514,13.822796,100.511605,25.4,0.0,-0.3,-3.2,-32.0,328.0,0.0,0.0,0.0,24.69,85,POSCTL,0,0
2026-08-21T14:31:54,1787297515,13.822796,100.511605,25.4,0.0,-0.3,-3.2,-32.0,328.0,0.0,0.0,0.0,24.69,85,POSCTL,0,0
2026-08-21T14:31:55,1787297516,13.822796,100.511605,25.4,0.0,-0.3,-3.2,-32.0,328.0,0.0,0.0,0.0,24.69,85,POSCTL,0,0
2026-08-21T14:31:56,1787297517,13.822795,100.511603,25.4,0.0,-0.3,-3.2,-32.0,328.0,0.0,-0.02,0.0,24.69,85,POSCTL,0,0
2026-08-21T14:31:57,1787297518,13.822795,100.511603,25.4,0.0,-0.4,-3.2,-32.0,328.0,0.0,-0.02,0.0,24.69,85,POSCTL,0,0
2026-08-21T14:31:58,1787297519,13.822795,100.511603,25.4,0.0,-0.4,-3.2,-32.0,328.0,0.0,-0.02,0.0,24.69,85,POSCTL,0,0
2026-08-21T14:31:59,1787297520,13.822795,100.511603,25.4,0.0,-0.3,-3.2,-31.9,328.1,0.0,-0.02,0.0,24.69,85,POSCTL,0,0
2026-08-21T14:32:00,1787297521,13.822795,100.511604,25.4,-0.0,-0.3,-3.2,-31.9,328.1,0.0,-0.01,0.0,24.69,85,POSCTL,0,0
2026-08-21T14:32:01,1787297522,13.822795,100.511604,25.4,-0.0,-0.3,-3.2,-31.9,328.1,0.0,-0.01,0.0,24.69,85,POSCTL,0,0
2026-08-21T14:32:02,1787297523,13.822795,100.511604,25.4,-0.0,-0.3,-3.2,-31.9,328.1,0.0,-0.01,0.0,24.69,85,POSCTL,0,0
2026-08-21T14:32:03,1787297524,13.822795,100.511604,25.4,-0.0,-0.3,-3.1,-31.9,328.1,0.0,-0.01,0.0,24.69,85,POSCTL,0,0
2026-08-21T14:32:04,1787297525,13.822794,100.511604,25.4,-0.0,-0.3,-3.1,-31.9,328.1,0.0,0.0,0.0,24.69,85,POSCTL,0,0
2026-08-21T14:32:05,1787297526,13.822794,100.511604,25.4,-0.0,-0.3,-3.1,-31.9,328.1,0.0,0.0,0.0,24.69,85,POSCTL,0,0
2026-08-21T14:32:06,1787297527,13.822794,100.511604,25.4,-0.0,-0.3,-3.2,-31.9,328.1,0.0,0.0,0.0,24.69,85,POSCTL,0,0
2026-08-21T14:32:07,1787297528,13.822794,100.511604,25.4,-0.0,-0.3,-3.2,-31.9,328.1,0.0,0.0,0.0,24.69,85,POSCTL,0,0
2026-08-21T14:32:08,1787297529,13.822794,100.511604,25.4,-0.0,-0.3,-3.2,-31.9,328.1,0.0,0.0,0.0,24.69,85,POSCTL,0,0
2026-08-21T14:32:09,1787297530,13.822796,100.511604,25.4,-0.0,-0.3,-3.2,-31.9,328.1,0.0,0.0,0.0,24.69,85,POSCTL,0,0
2026-08-21T14:32:10,1787297531,13.822796,100.511604,25.4,-0.0,-0.3,-3.2,-31.9,328.1,0.0,0.0,0.0,24.69,85,POSCTL,0,0
2026-08-21T14:32:11,1787297532,13.822796,100.511604,25.4,-0.0,-0.3,-3.2,-31.9,328.1,0.0,0.0,0.0,24.69,85,POSCTL,0,0
2026-08-21T14:32:12,1787297533,13.822796,100.511604,25.4,-0.0,-0.4,-3.1,-31.8,328.2,0.0,0.0,0.0,24.69,85,POSCTL,0,0
2026-08-21T14:32:13,1787297534,13.822796,100.511604,25.4,-0.0,-0.4,-3.1,-31.8,328.2,0.0,0.0,0.0,24.69,85,POSCTL,0,0
2026-08-21T14:32:14,1787297535,13.822796,100.511604,25.4,-0.0,-0.3,-3.1,-31.8,328.2,0.0,0.0,0.0,24.69,85,POSCTL,0,0
2026-08-21T14:32:15,1787297536,13.822796,100.511604,25.4,-0.0,-0.3,-3.1,-31.8,328.2,0.0,0.0,0.0,24.69,85,POSCTL,0,0
2026-08-21T14:32:16,1787297537,13.822796,100.511604,25.4,-0.0,-0.3,-3.1,-31.8,328.2,0.0,0.0,0.0,24.69,85,POSCTL,0,0
2026-08-21T14:32:17,1787297538,13.822795,100.511598,25.4,-0.0,-0.3,-3.1,-31.8,328.2,-0.01,-0.01,0.0,24.69,85,POSCTL,0,0
2026-08-21T14:32:18,1787297539,13.822795,100.511598,25.4,-0.0,-0.3,-3.1,-31.8,328.2,-0.01,-0.01,0.0,24.69,85,POSCTL,0,0
2026-08-21T14:32:19,1787297540,13.822795,100.511598,25.4,-0.0,-0.3,-3.1,-31.8,328.2,-0.01,-0.01,0.0,24.69,85,POSCTL,0,0
2026-08-21T14:32:20,1787297541,13.822795,100.511598,25.4,-0.0,-0.3,-3.1,-31.8,328.2,-0.01,-0.01,0.0,24.69,85,POSCTL,0,0
2026-08-21T14:32:21,1787297542,13.822795,100.511597,25.4,-0.0,-0.3,-3.1,-31.8,328.2,0.01,-0.05,0.0,24.69,85,POSCTL,0,0
2026-08-21T14:32:22,1787297543,13.822795,100.511597,25.4,-0.0,-0.3,-3.1,-31.8,328.2,0.01,-0.05,0.0,24.69,85,POSCTL,0,0
2026-08-21T14:32:23,1787297544,13.822795,100.511597,25.4,-0.0,-0.3,-3.1,-31.8,328.2,0.01,-0.05,0.0,24.69,85,POSCTL,0,0
2026-08-21T14:32:24,1787297545,13.822795,100.511597,25.4,-0.0,-0.3,-3.1,-31.8,328.2,0.01,-0.05,0.0,24.69,85,POSCTL,0,0
2026-08-21T14:32:25,1787297546,13.822796,100.511596,25.4,-0.0,-0.3,-3.1,-31.8,328.2,-0.01,0.01,0.0,24.69,85,POSCTL,0,0
2026-08-21T14:32:26,1787297547,13.822795,100.511594,25.4,-0.0,-0.3,-3.1,-31.8,328.2,-0.01,0.01,0.0,24.69,85,POSCTL,0,0
2026-08-21T14:32:27,1787297548,13.822795,100.511594,25.4,-0.0,-0.2,-3.1,-31.8,328.2,-0.01,0.01,0.0,24.69,85,POSCTL,0,0
2026-08-21T14:32:28,1787297549,13.822795,100.511594,25.4,-0.0,-0.2,-3.1,-31.8,328.2,-0.01,0.01,0.0,24.69,85,POSCTL,0,0
2026-08-21T14:32:29,1787297550,13.822797,100.511594,25.4,-0.0,-0.3,-3.1,-31.8,328.2,0.0,0.0,0.0,24.69,85,POSCTL,0,0
2026-08-21T14:32:30,1787297551,13.822797,100.511594,25.4,-0.0,-0.3,-3.1,-31.8,328.2,0.0,0.0,0.0,24.69,85,POSCTL,0,0
2026-08-21T14:32:31,1787297552,13.822797,100.511594,25.4,-0.0,-0.3,-3.2,-31.8,328.2,0.0,0.0,0.0,24.69,85,POSCTL,0,0
2026-08-21T14:32:32,1787297553,13.822797,100.511594,25.4,-0.0,-0.3,-3.2,-31.8,328.2,0.0,0.0,0.0,24.69,85,POSCTL,0,0
2026-08-21T14:32:33,1787297554,13.822797,100.511594,25.4,-0.0,-0.3,-3.2,-31.8,328.2,0.0,0.0,0.0,24.69,85,POSCTL,0,0
2026-08-21T14:32:34,1787297555,13.822797,100.511594,25.4,-0.0,-0.3,-3.2,-31.8,328.2,0.0,0.0,0.0,24.69,85,POSCTL,0,0
2026-08-21T14:32:35,1787297556,13.822797,100.511594,25.4,-0.0,-0.3,-3.1,-31.8,328.2,0.0,0.0,0.0,24.69,85,POSCTL,0,0
2026-08-21T14:32:36,1787297557,13.822797,100.511594,25.4,-0.0,-0.3,-3.1,-31.8,328.2,0.0,0.0,0.0,24.69,85,POSCTL,0,0
2026-08-21T14:32:37,1787297558,13.822796,100.511592,25.4,0.0,-0.3,-3.1,-31.8,328.2,-0.02,0.02,0.0,24.69,85,POSCTL,0,0
2026-08-21T14:32:38,1787297559,13.822797,100.511592,25.4,0.0,-0.3,-3.1,-31.8,328.2,-0.02,0.02,0.0,24.69,85,POSCTL,0,0
2026-08-21T14:32:39,1787297560,13.822797,100.511592,25.4,0.0,-0.3,-3.1,-31.8,328.2,-0.02,0.02,0.0,24.69,85,POSCTL,0,0
2026-08-21T14:32:40,1787297561,13.822797,100.511592,25.4,0.0,-0.3,-3.1,-31.8,328.2,-0.02,0.02,0.0,24.69,85,POSCTL,0,0
2026-08-21T14:32:41,1787297562,13.822797,100.511592,25.4,0.0,-0.3,-3.1,-31.8,328.2,-0.02,0.02,0.0,24.69,85,POSCTL,0,0
2026-08-21T14:32:42,1787297563,13.822797,100.511592,25.4,0.0,-0.3,-3.1,-31.8,328.2,-0.02,0.02,0.0,24.69,85,POSCTL,0,0
2026-08-21T14:32:43,1787297564,13.822797,100.511592,25.4,0.0,-0.3,-3.1,-31.8,328.2,-0.02,0.02,0.0,24.69,85,POSCTL,0,0
2026-08-21T14:32:44,1787297565,13.822797,100.511592,25.4,0.0,-0.3,-3.1,-31.8,328.2,-0.02,0.02,0.0,24.69,85,POSCTL,0,0
2026-08-21T14:32:45,1787297566,13.822797,100.511592,25.4,0.0,-0.3,-3.2,-31.8,328.2,-0.02,0.02,0.0,24.69,85,POSCTL,0,0
2026-08-21T14:32:46,1787297567,13.822795,100.511591,25.4,0.01,-0.3,-3.2,-31.8,328.2,0.02,-0.02,0.0,24.69,85,POSCTL,0,0
2026-08-21T14:32:47,1787297568,13.822795,100.511591,25.4,0.01,-0.3,-3.1,-31.8,328.2,0.02,-0.02,0.0,24.69,85,POSCTL,0,0
2026-08-21T14:32:48,1787297569,13.822795,100.511591,25.4,0.01,-0.3,-3.1,-31.8,328.2,0.02,-0.02,0.0,24.69,85,POSCTL,0,0
2026-08-21T14:32:49,1787297570,13.822795,100.511591,25.4,0.01,-0.3,-3.1,-31.8,328.2,0.02,-0.02,0.0,24.69,85,POSCTL,0,0
2026-08-21T14:32:50,1787297571,13.822795,100.511591,25.4,0.01,-0.3,-3.1,-31.8,328.2,0.02,-0.02,0.0,24.69,85,POSCTL,0,0
2026-08-21T14:32:51,1787297572,13.822795,100.511591,25.4,0.01,-0.3,-3.1,-31.8,328.2,0.02,-0.02,0.0,24.69,85,POSCTL,0,0
2026-08-21T14:32:52,1787297573,13.822795,100.511591,25.4,0.01,-0.3,-3.1,-31.8,328.2,0.02,-0.02,0.0,24.69,85,POSCTL,0,0
2026-08-21T14:32:53,1787297574,13.822795,100.511591,25.4,0.01,-0.3,-3.1,-31.8,328.2,0.02,-0.02,0.0,24.69,85,POSCTL,0,0
2026-08-21T14:32:54,1787297575,13.822793,100.511588,25.4,0.01,-0.3,-3.1,-31.8,328.2,0.0,-0.06,0.0,24.69,85,POSCTL,0,0
2026-08-21T14:32:55,1787297576,13.822792,100.511584,25.4,0.01,-0.3,-3.2,-31.8,328.2,0.0,-0.06,0.0,24.69,85,POSCTL,0,0
2026-08-21T14:32:56,1787297577,13.822792,100.511584,25.4,0.01,-0.3,-3.2,-31.8,328.2,0.0,-0.06,0.0,24.69,85,POSCTL,0,0
2026-08-21T14:32:57,1787297578,13.822792,100.511584,25.4,0.01,-0.3,-3.2,-31.8,328.2,0.0,-0.06,0.0,24.69,85,POSCTL,0,0
2026-08-21T14:32:58,1787297579,13.822792,100.511583,25.4,0.0,-0.3,-3.2,-31.8,328.2,0.0,-0.06,0.0,24.69,85,POSCTL,0,0
2026-08-21T14:32:59,1787297580,13.822792,100.511583,25.4,0.0,-0.3,-3.2,-31.8,328.2,0.0,-0.06,0.0,24.69,85,POSCTL,0,0
2026-08-21T14:33:00,1787297581,13.822792,100.511583,25.4,0.0,-0.3,-3.2,-31.8,328.2,0.0,-0.06,0.0,24.69,85,POSCTL,0,0
2026-08-21T14:33:01,1787297582,13.822792,100.511583,25.4,0.0,-0.3,-3.2,-31.8,328.2,0.0,-0.06,0.0,24.69,85,POSCTL,0,0
2026-08-21T14:33:02,1787297583,13.822792,100.511583,25.4,0.0,-0.3,-3.2,-31.8,328.2,0.0,-0.06,0.0,24.69,85,POSCTL,0,0
2026-08-21T14:33:03,1787297584,13.822792,100.511583,25.4,0.0,-0.3,-3.2,-31.8,328.2,0.0,-0.06,0.0,24.69,85,POSCTL,0,0
2026-08-21T14:33:04,1787297585,13.822788,100.511575,25.4,0.0,-0.3,-3.2,-31.8,328.2,0.0,-0.06,0.0,24.69,85,POSCTL,0,0
2026-08-21T14:33:05,1787297586,13.822788,100.511575,25.4,0.0,-0.2,-3.1,-31.8,328.2,0.0,-0.06,0.0,24.69,85,POSCTL,0,0
2026-08-21T14:33:06,1787297587,13.822788,100.511575,25.4,-0.0,-0.2,-3.1,-31.8,328.2,0.0,-0.07,0.0,24.69,85,POSCTL,0,0
2026-08-21T14:33:07,1787297588,13.822788,100.511575,25.4,-0.0,-0.3,-3.2,-31.8,328.2,0.0,-0.07,0.0,24.69,85,POSCTL,0,0
2026-08-21T14:33:08,1787297589,13.822787,100.511571,25.4,-0.0,-0.3,-3.2,-31.8,328.2,0.0,-0.07,0.0,24.69,85,POSCTL,0,0
2026-08-21T14:33:09,1787297590,13.822787,100.511571,25.4,-0.0,-0.3,-3.2,-31.8,328.2,0.0,-0.07,0.0,24.69,85,POSCTL,0,0
2026-08-21T14:33:10,1787297591,13.822787,100.51157,25.4,0.0,-0.3,-3.2,-31.8,328.2,0.0,-0.07,0.0,24.69,85,POSCTL,0,0
2026-08-21T14:33:11,1787297592,13.822787,100.51157,25.4,0.0,-0.3,-3.2,-31.8,328.2,0.0,-0.07,0.0,24.69,85,POSCTL,0,0
2026-08-21T14:33:12,1787297593,13.822787,100.51157,25.4,0.0,-0.3,-3.2,-31.8,328.2,0.0,-0.07,0.0,24.69,85,POSCTL,0,0
2026-08-21T14:33:13,1787297594,13.822787,100.51157,25.4,0.0,-0.3,-3.2,-31.8,328.2,0.0,-0.07,0.0,24.69,85,POSCTL,0,0
2026-08-21T14:33:14,1787297595,13.822786,100.511569,25.4,0.0,-0.3,-3.2,-31.8,328.2,-0.01,0.04,0.0,24.69,85,POSCTL,0,0
2026-08-21T14:33:15,1787297596,13.822785,100.511569,25.4,0.0,-0.3,-3.2,-31.8,328.2,-0.01,0.04,0.0,24.69,85,POSCTL,0,0
2026-08-21T14:33:16,1787297597,13.822785,100.511569,25.4,0.0,-0.2,-3.1,-31.8,328.2,-0.01,0.04,0.0,24.69,85,POSCTL,0,0
2026-08-21T14:33:17,1787297598,13.822785,100.511569,25.4,0.0,-0.2,-3.1,-31.8,328.2,-0.01,0.04,0.0,24.68,85,POSCTL,0,0
2026-08-21T14:33:18,1787297599,13.822785,100.511569,25.4,0.0,-0.3,-3.1,-31.8,328.2,-0.01,0.04,0.0,24.68,85,POSCTL,0,0
2026-08-21T14:33:19,1787297600,13.822784,100.511569,25.4,-0.0,-0.3,-3.1,-31.8,328.2,0.0,0.02,0.0,24.68,85,POSCTL,0,0
2026-08-21T14:33:20,1787297601,13.822784,100.511569,25.4,-0.0,-0.3,-3.2,-31.8,328.2,0.0,0.02,0.0,24.68,85,POSCTL,0,0
2026-08-21T14:33:21,1787297602,13.822784,100.511569,25.4,-0.0,-0.3,-3.2,-31.8,328.2,0.0,0.02,0.0,24.68,85,POSCTL,0,0
2026-08-21T14:33:22,1787297603,13.822784,100.511569,25.4,-0.0,-0.3,-3.2,-31.8,328.2,0.0,0.02,0.0,24.68,85,POSCTL,0,0
2026-08-21T14:33:23,1787297604,13.822784,100.511567,25.4,0.0,-0.3,-3.2,-31.8,328.2,0.0,-0.06,0.0,24.68,85,POSCTL,0,0
2026-08-21T14:33:24,1787297605,13.822784,100.511567,25.4,0.0,-0.3,-3.1,-31.9,328.1,0.0,-0.06,0.0,24.68,85,POSCTL,0,0
2026-08-21T14:33:25,1787297606,13.822784,100.511567,25.4,0.0,-0.3,-3.1,-31.9,328.1,0.0,-0.06,0.0,24.68,85,POSCTL,0,0
2026-08-21T14:33:26,1787297607,13.822784,100.511567,25.4,0.0,-0.3,-3.1,-31.9,328.1,0.0,-0.06,0.0,24.68,85,POSCTL,0,0
2026-08-21T14:33:27,1787297608,13.822783,100.511572,25.4,0.0,-0.3,-3.1,-31.9,328.1,0.0,0.03,0.0,24.68,85,POSCTL,0,0
2026-08-21T14:33:28,1787297609,13.822783,100.511572,25.4,0.0,-0.3,-3.1,-31.9,328.1,0.0,0.03,0.0,24.68,85,POSCTL,0,0
2026-08-21T14:33:29,1787297610,13.822783,100.511572,25.4,0.0,-0.3,-3.1,-31.9,328.1,0.0,0.03,0.0,24.68,85,POSCTL,0,0
2026-08-21T14:33:30,1787297611,13.822784,100.511572,25.4,0.0,-0.3,-3.2,-31.9,328.1,0.01,0.06,0.0,24.68,85,POSCTL,0,0
2026-08-21T14:33:31,1787297612,13.822784,100.511572,25.4,0.0,-0.3,-3.2,-31.9,328.1,0.01,0.06,0.0,24.68,85,POSCTL,0,0
2026-08-21T14:33:32,1787297613,13.822784,100.511572,25.4,0.0,-0.3,-3.2,-31.9,328.1,0.01,0.06,0.0,24.68,85,POSCTL,0,0
2026-08-21T14:33:33,1787297614,13.822784,100.511572,25.4,0.0,-0.3,-3.2,-31.9,328.1,0.01,0.06,0.0,24.68,85,POSCTL,0,0
2026-08-21T14:33:34,1787297615,13.822784,100.511576,25.4,-0.0,-0.3,-3.2,-31.9,328.1,0.0,0.02,0.0,24.68,85,POSCTL,0,0
2026-08-21T14:33:35,1787297616,13.822785,100.511578,25.4,-0.0,-0.3,-3.2,-31.9,328.1,0.0,0.02,0.0,24.68,85,POSCTL,0,0
2026-08-21T14:33:36,1787297617,13.822785,100.511578,25.4,-0.0,-0.4,-3.2,-32.0,328.0,0.0,0.02,0.0,24.68,85,POSCTL,0,0
2026-08-21T14:33:37,1787297618,13.822785,100.511578,25.4,-0.0,-0.4,-3.2,-32.0,328.0,0.0,0.02,0.0,24.68,85,POSCTL,0,0
2026-08-21T14:33:38,1787297619,13.822785,100.511578,25.4,0.0,-0.4,-3.2,-32.0,328.0,0.0,0.0,0.0,24.68,85,POSCTL,0,0
2026-08-21T14:33:39,1787297620,13.822786,100.511582,25.4,0.0,-0.4,-3.2,-32.0,328.0,0.0,0.0,0.0,24.68,85,POSCTL,0,0
2026-08-21T14:33:40,1787297621,13.822786,100.511582,25.4,0.0,-0.4,-3.2,-32.0,328.0,0.0,0.0,0.0,24.68,85,POSCTL,0,0
2026-08-21T14:33:41,1787297622,13.822786,100.511582,25.4,0.0,-0.4,-3.2,-32.0,328.0,0.0,0.0,0.0,24.68,85,POSCTL,0,0
2026-08-21T14:33:42,1787297623,13.822786,100.511582,25.4,0.0,-0.4,-3.2,-32.0,328.0,0.0,0.0,0.0,24.68,85,POSCTL,0,0
2026-08-21T14:33:43,1787297624,13.822786,100.511582,25.4,0.0,-0.4,-3.2,-32.0,328.0,0.0,0.0,0.0,24.68,85,POSCTL,0,0
2026-08-21T14:33:44,1787297625,13.822786,100.511582,25.4,0.0,-0.4,-3.2,-32.0,328.0,0.0,0.0,0.0,24.68,85,POSCTL,0,0
2026-08-21T14:33:45,1787297626,13.822786,100.511582,25.4,0.0,-0.4,-3.2,-32.0,328.0,0.0,0.0,0.0,24.68,85,POSCTL,0,0
2026-08-21T14:33:46,1787297627,13.822786,100.51158,25.4,0.0,-0.4,-3.2,-32.0,328.0,0.0,-0.05,0.0,24.68,85,POSCTL,0,0
2026-08-21T14:33:47,1787297628,13.822785,100.511581,25.4,0.0,-0.4,-3.2,-32.0,328.0,0.0,-0.05,0.0,24.68,85,POSCTL,0,0
2026-08-21T14:33:48,1787297629,13.822785,100.511581,25.4,0.0,-0.4,-3.2,-32.0,328.0,0.0,-0.05,0.0,24.68,85,POSCTL,0,0
2026-08-21T14:33:49,1787297630,13.822785,100.511581,25.4,0.0,-0.3,-3.1,-32.0,328.0,0.0,-0.05,0.0,24.68,85,POSCTL,0,0
2026-08-21T14:33:50,1787297631,13.822785,100.511581,25.4,0.0,-0.3,-3.1,-32.0,328.0,0.0,-0.05,0.0,24.68,85,POSCTL,0,0
2026-08-21T14:33:51,1787297632,13.822785,100.511582,25.4,0.0,-0.3,-3.1,-32.0,328.0,-0.02,0.03,0.0,24.68,85,POSCTL,0,0
2026-08-21T14:33:52,1787297633,13.822786,100.511582,25.4,0.0,-0.3,-3.1,-32.0,328.0,-0.02,0.03,0.0,24.68,85,POSCTL,0,0
2026-08-21T14:33:53,1787297634,13.822786,100.511582,25.4,0.0,-0.3,-3.1,-32.0,328.0,-0.02,0.03,0.0,24.68,85,POSCTL,0,0
2026-08-21T14:33:54,1787297635,13.822786,100.511581,25.4,-0.0,-0.3,-3.2,-32.0,328.0,0.01,-0.02,0.0,24.68,85,POSCTL,0,0
2026-08-21T14:33:55,1787297636,13.822786,100.511581,25.4,-0.0,-0.3,-3.2,-32.0,328.0,0.01,-0.02,0.0,24.68,85,POSCTL,0,0
2026-08-21T14:33:56,1787297637,13.822786,100.511581,25.4,-0.0,-0.3,-3.2,-32.0,328.0,0.01,-0.02,0.0,24.68,85,POSCTL,0,0
2026-08-21T14:33:57,1787297638,13.822786,100.511579,25.4,-0.0,-0.3,-3.2,-32.0,328.0,0.01,-0.02,0.0,24.68,85,POSCTL,0,0
2026-08-21T14:33:58,1787297639,13.822786,100.511579,25.4,-0.0,-0.4,-3.2,-31.9,328.1,0.01,-0.02,0.0,24.68,85,POSCTL,0,0
2026-08-21T14:33:59,1787297640,13.822786,100.511579,25.4,-0.0,-0.4,-3.2,-31.9,328.1,0.01,-0.03,0.0,24.68,85,POSCTL,0,0
2026-08-21T14:34:00,1787297641,13.822786,100.511578,25.4,-0.0,-0.3,-3.1,-31.9,328.1,0.01,-0.03,0.0,24.68,85,POSCTL,0,0
2026-08-21T14:34:01,1787297642,13.822786,100.511578,25.4,-0.0,-0.3,-3.1,-31.9,328.1,0.01,-0.03,0.0,24.68,85,POSCTL,0,0
2026-08-21T14:34:02,1787297643,13.822786,100.511578,25.4,-0.0,-0.3,-3.1,-31.9,328.1,0.01,-0.03,0.0,24.68,85,POSCTL,0,0
2026-08-21T14:34:03,1787297644,13.822786,100.511578,25.4,-0.0,-0.3,-3.1,-31.9,328.1,0.01,-0.03,0.0,24.68,85,POSCTL,0,0
2026-08-21T14:34:04,1787297645,13.822786,100.511578,25.4,-0.0,-0.3,-3.1,-31.9,328.1,0.01,-0.03,0.0,24.68,85,POSCTL,0,0
2026-08-21T14:34:05,1787297646,13.822786,100.511578,25.4,-0.0,-0.3,-3.1,-31.9,328.1,0.01,-0.03,0.0,24.68,85,POSCTL,0,0
2026-08-21T14:34:06,1787297647,13.822786,100.511578,25.4,-0.0,-0.3,-3.1,-31.9,328.1,0.01,-0.03,0.0,24.68,85,POSCTL,0,0
2026-08-21T14:34:07,1787297648,13.822787,100.511579,25.4,0.0,-0.3,-3.1,-31.9,328.1,0.02,0.01,0.0,24.68,85,POSCTL,0,0
2026-08-21T14:34:08,1787297649,13.822788,100.51158,25.4,0.0,-0.3,-3.2,-31.9,328.1,0.02,0.01,0.0,24.68,85,POSCTL,0,0
2026-08-21T14:34:09,1787297650,13.822788,100.51158,25.4,0.0,-0.3,-3.2,-31.9,328.1,0.02,0.01,0.0,24.68,85,POSCTL,0,0
2026-08-21T14:34:10,1787297651,13.822788,100.51158,25.4,0.0,-0.3,-3.2,-31.9,328.1,0.02,0.01,0.0,24.68,85,POSCTL,0,0
2026-08-21T14:34:11,1787297652,13.822788,100.511579,25.4,0.0,-0.3,-3.2,-31.9,328.1,0.01,-0.01,0.0,24.68,85,POSCTL,0,0
2026-08-21T14:34:12,1787297653,13.822789,100.511582,25.4,0.0,-0.3,-3.1,-31.9,328.1,0.01,-0.01,0.0,24.68,85,POSCTL,0,0
2026-08-21T14:34:13,1787297654,13.822789,100.511582,25.4,0.0,-0.3,-3.1,-31.9,328.1,0.01,-0.01,0.0,24.68,85,POSCTL,0,0
2026-08-21T14:34:14,1787297655,13.822788,100.511582,25.4,0.0,-0.3,-3.1,-31.9,328.1,-0.01,0.03,0.0,24.68,85,POSCTL,0,0
2026-08-21T14:34:15,1787297656,13.822788,100.511582,25.4,0.0,-0.3,-3.1,-31.9,328.1,-0.01,0.03,0.0,24.68,85,POSCTL,0,0
2026-08-21T14:34:16,1787297657,13.822788,100.511582,25.4,0.0,-0.3,-3.1,-31.9,328.1,-0.01,0.03,0.0,24.68,85,POSCTL,0,0
2026-08-21T14:34:17,1787297658,13.822788,100.511582,25.4,0.0,-0.3,-3.1,-31.9,328.1,-0.01,0.03,0.0,24.68,85,POSCTL,0,0
2026-08-21T14:34:18,1787297659,13.822788,100.511582,25.4,0.0,-0.4,-3.2,-31.9,328.1,-0.01,0.03,0.0,24.68,85,POSCTL,0,0
2026-08-21T14:34:19,1787297660,13.82279,100.511583,25.4,0.01,-0.4,-3.2,-31.9,328.1,0.02,0.0,0.0,24.68,85,POSCTL,0,0
2026-08-21T14:34:20,1787297661,13.822791,100.511586,25.4,0.01,-0.4,-3.2,-31.9,328.1,0.02,0.0,0.0,24.68,85,POSCTL,0,0
2026-08-21T14:34:21,1787297662,13.822791,100.511586,25.4,0.01,-0.4,-3.2,-31.9,328.1,0.02,0.0,0.0,24.68,85,POSCTL,0,0
2026-08-21T14:34:22,1787297663,13.822791,100.511586,25.4,0.01,-0.4,-3.2,-31.8,328.2,0.02,0.0,0.0,24.68,85,POSCTL,0,0
2026-08-21T14:34:23,1787297664,13.822792,100.511586,25.4,0.0,-0.4,-3.2,-31.8,328.2,0.02,0.01,0.0,24.68,85,POSCTL,0,0
2026-08-21T14:34:24,1787297665,13.822793,100.511591,25.4,0.0,-0.4,-3.2,-31.8,328.2,0.02,0.01,0.0,24.68,85,POSCTL,0,0
2026-08-21T14:34:25,1787297666,13.822793,100.511591,25.4,0.0,-0.4,-3.2,-31.8,328.2,0.02,0.01,0.0,24.68,85,POSCTL,0,0
2026-08-21T14:34:26,1787297667,13.822793,100.511591,25.4,0.0,-0.4,-3.2,-31.8,328.2,0.02,0.01,0.0,24.68,85,POSCTL,0,0
2026-08-21T14:34:27,1787297668,13.822793,100.511592,25.4,0.0,-0.4,-3.2,-31.8,328.2,-0.01,0.05,0.0,24.68,85,POSCTL,0,0
2026-08-21T14:34:28,1787297669,13.822797,100.511599,25.4,0.0,-0.4,-3.2,-31.8,328.2,-0.01,0.05,0.0,24.68,85,POSCTL,0,0
2026-08-21T14:34:29,1787297670,13.822797,100.511599,25.4,0.0,-0.4,-3.2,-31.8,328.2,-0.01,0.05,0.0,24.68,85,POSCTL,0,0
2026-08-21T14:34:30,1787297671,13.822797,100.511599,25.4,0.0,-0.4,-3.2,-31.8,328.2,-0.01,0.05,0.0,24.68,85,POSCTL,0,0
2026-08-21T14:34:31,1787297672,13.822796,100.511597,25.4,0.0,-0.5,-3.2,-31.8,328.2,0.03,0.02,0.0,24.68,85,POSCTL,0,0
2026-08-21T14:34:32,1787297673,13.822801,100.511605,25.4,0.0,-0.5,-3.2,-31.8,328.2,0.03,0.02,0.0,24.68,85,POSCTL,0,0
2026-08-21T14:34:33,1787297674,13.822801,100.511605,25.4,0.0,-0.5,-3.2,-31.8,328.2,0.03,0.02,0.0,24.68,85,POSCTL,0,0
2026-08-21T14:34:34,1787297675,13.822801,100.511605,25.4,0.0,-0.5,-3.2,-31.8,328.2,0.03,0.02,0.0,24.68,85,POSCTL,0,0
2026-08-21T14:34:35,1787297676,13.822801,100.511605,25.4,0.0,-0.5,-3.2,-31.8,328.2,0.03,0.02,0.0,24.68,85,POSCTL,0,0
2026-08-21T14:34:36,1787297677,13.822801,100.511608,25.4,0.0,-0.5,-3.2,-31.8,328.2,0.03,0.02,0.0,24.68,85,POSCTL,0,0
2026-08-21T14:34:37,1787297678,13.822801,100.511608,25.4,0.0,-0.5,-3.1,-31.8,328.2,0.03,0.02,0.0,24.68,85,POSCTL,0,0
2026-08-21T14:34:38,1787297679,13.8228,100.511606,25.4,0.0,-0.5,-3.1,-31.8,328.2,-0.03,0.01,0.0,24.68,85,POSCTL,0,0
2026-08-21T14:34:39,1787297680,13.8228,100.511606,25.4,0.0,-0.5,-3.1,-31.8,328.2,-0.03,0.01,0.0,24.68,85,POSCTL,0,0
2026-08-21T14:34:40,1787297681,13.822801,100.511608,25.4,0.0,-0.5,-3.1,-31.8,328.2,-0.03,0.01,0.0,24.68,85,POSCTL,0,0
2026-08-21T14:34:41,1787297682,13.822801,100.511608,25.4,0.0,-0.5,-3.1,-31.8,328.2,-0.03,0.01,0.0,24.68,85,POSCTL,0,0
2026-08-21T14:34:42,1787297683,13.822801,100.511607,25.4,0.0,-0.4,-3.2,-31.8,328.2,0.0,-0.01,0.0,24.68,85,POSCTL,0,0
2026-08-21T14:34:43,1787297684,13.822801,100.511607,25.4,0.0,-0.4,-3.2,-31.8,328.2,0.0,-0.01,0.0,24.68,85,POSCTL,0,0
2026-08-21T14:34:44,1787297685,13.822802,100.511608,25.4,0.0,-0.4,-3.2,-31.8,328.2,0.0,-0.01,0.0,24.68,85,POSCTL,0,0
2026-08-21T14:34:45,1787297686,13.822802,100.511608,25.4,0.0,-0.4,-3.2,-31.8,328.2,0.0,-0.01,0.0,24.68,85,POSCTL,0,0
2026-08-21T14:34:46,1787297687,13.822802,100.511608,25.4,0.0,-0.4,-3.2,-31.8,328.2,0.0,-0.01,0.0,24.68,85,POSCTL,0,0
2026-08-21T14:34:47,1787297688,13.822802,100.511608,25.4,0.0,-0.4,-3.2,-31.8,328.2,0.0,-0.01,0.0,24.68,85,POSCTL,0,0
2026-08-21T14:34:48,1787297689,13.822802,100.511608,25.4,0.0,-0.4,-3.2,-31.8,328.2,0.0,-0.01,0.0,24.68,85,POSCTL,0,0
2026-08-21T14:34:49,1787297690,13.822802,100.511608,25.4,0.0,-0.4,-3.2,-31.8,328.2,0.0,-0.01,0.0,24.68,85,POSCTL,0,0
2026-08-21T14:34:50,1787297691,13.822802,100.511608,25.4,0.0,-0.4,-3.2,-31.8,328.2,0.0,-0.01,0.0,24.68,85,POSCTL,0,0
2026-08-21T14:34:51,1787297692,13.822802,100.511607,25.4,0.0,-0.4,-3.2,-31.8,328.2,0.0,0.0,0.0,24.68,85,POSCTL,0,0
2026-08-21T14:34:52,1787297693,13.822802,100.511607,25.4,0.0,-0.3,-3.1,-31.8,328.2,0.0,0.0,0.0,24.68,85,POSCTL,0,0
2026-08-21T14:34:53,1787297694,13.8228,100.511607,25.4,0.0,-0.3,-3.1,-31.8,328.2,0.0,0.0,0.0,24.68,85,POSCTL,0,0
2026-08-21T14:34:54,1787297695,13.8228,100.511607,25.4,0.0,-0.3,-3.1,-31.8,328.2,0.0,0.0,0.0,24.68,85,POSCTL,0,0
2026-08-21T14:34:55,1787297696,13.822801,100.511607,25.4,0.0,-0.3,-3.1,-31.8,328.2,0.0,0.02,0.0,24.68,85,POSCTL,0,0
2026-08-21T14:34:56,1787297697,13.822801,100.511607,25.4,0.0,-0.3,-3.1,-31.8,328.2,0.0,0.02,0.0,24.68,85,POSCTL,0,0
2026-08-21T14:34:57,1787297698,13.822801,100.511607,25.4,0.0,-0.3,-3.1,-31.8,328.2,0.0,0.02,0.0,24.68,85,POSCTL,0,0
2026-08-21T14:34:58,1787297699,13.822801,100.511607,25.4,0.0,-0.3,-3.1,-31.8,328.2,0.0,0.0,0.0,24.68,85,POSCTL,0,0
2026-08-21T14:34:59,1787297700,13.822801,100.511607,25.4,0.0,-0.3,-3.1,-31.8,328.2,0.0,0.0,0.0,24.68,85,POSCTL,0,0
2026-08-21T14:35:00,1787297701,13.822801,100.511607,25.4,0.0,-0.3,-3.1,-31.8,328.2,0.0,0.0,0.0,24.68,85,POSCTL,0,0
2026-08-21T14:35:01,1787297702,13.822801,100.511607,25.4,0.0,-0.3,-3.1,-31.8,328.2,0.0,0.0,0.0,24.68,85,POSCTL,0,0
2026-08-21T14:35:02,1787297703,13.8228,100.511608,25.4,0.01,-0.3,-3.1,-31.8,328.2,-0.01,0.04,0.0,24.68,85,POSCTL,0,0
2026-08-21T14:35:03,1787297704,13.8228,100.511608,25.4,0.01,-0.3,-3.1,-31.8,328.2,-0.01,0.04,0.0,24.68,85,POSCTL,0,0
2026-08-21T14:35:04,1787297705,13.8228,100.511608,25.4,0.01,-0.3,-3.1,-31.8,328.2,-0.01,0.04,0.0,24.68,85,POSCTL,0,0
2026-08-21T14:35:05,1787297706,13.8228,100.511608,25.4,0.01,-0.3,-3.1,-31.8,328.2,-0.01,0.04,0.0,24.68,85,POSCTL,0,0
2026-08-21T14:35:06,1787297707,13.8228,100.511608,25.4,0.01,-0.3,-3.1,-31.8,328.2,-0.01,0.04,0.0,24.68,85,POSCTL,0,0
2026-08-21T14:35:07,1787297708,13.8228,100.511608,25.4,0.01,-0.3,-3.1,-31.8,328.2,-0.01,0.04,0.0,24.68,85,POSCTL,0,0
2026-08-21T14:35:08,1787297709,13.8228,100.511608,25.4,0.01,-0.3,-3.1,-31.8,328.2,-0.01,0.04,0.0,24.68,85,POSCTL,0,0
2026-08-21T14:35:09,1787297710,13.8228,100.511608,25.4,0.01,-0.3,-3.1,-31.8,328.2,-0.01,0.04,0.0,24.68,85,POSCTL,0,0
2026-08-21T14:35:10,1787297711,13.8228,100.511608,25.4,0.01,-0.3,-3.1,-31.8,328.2,-0.01,0.04,0.0,24.68,85,POSCTL,0,0
2026-08-21T14:35:11,1787297712,13.8228,100.511607,25.4,0.01,-0.3,-3.1,-31.8,328.2,-0.01,-0.04,0.0,24.68,85,POSCTL,0,0
2026-08-21T14:35:12,1787297713,13.822798,100.511607,25.4,0.01,-0.3,-3.1,-31.8,328.2,-0.01,-0.04,0.0,24.68,85,POSCTL,0,0
2026-08-21T14:35:13,1787297714,13.822798,100.511607,25.4,0.01,-0.3,-3.1,-31.8,328.2,-0.01,-0.04,0.0,24.68,85,POSCTL,0,0
2026-08-21T14:35:14,1787297715,13.822798,100.511607,25.4,0.01,-0.3,-3.1,-31.8,328.2,-0.01,-0.04,0.0,24.68,85,POSCTL,0,0
2026-08-21T14:35:15,1787297716,13.822798,100.511606,25.5,0.01,-0.3,-3.1,-31.8,328.2,-0.03,-0.03,0.0,24.68,85,POSCTL,0,0
2026-08-21T14:35:16,1787297717,13.822797,100.511605,25.5,0.01,-0.3,-3.1,-31.8,328.2,-0.03,-0.03,0.0,24.68,85,POSCTL,0,0
2026-08-21T14:35:17,1787297718,13.822797,100.511605,25.5,0.01,-0.3,-3.1,-31.8,328.2,-0.03,-0.03,0.0,24.68,85,POSCTL,0,0
2026-08-21T14:35:18,1787297719,13.822797,100.511605,25.5,0.01,-0.3,-3.2,-31.8,328.2,-0.03,-0.03,0.0,24.68,85,POSCTL,0,0
2026-08-21T14:35:19,1787297720,13.822797,100.511605,25.5,0.01,-0.3,-3.2,-31.8,328.2,-0.03,-0.03,0.0,24.68,85,POSCTL,0,0
2026-08-21T14:35:20,1787297721,13.822796,100.511601,25.5,0.01,-0.3,-3.2,-31.8,328.2,-0.03,-0.03,0.0,24.68,85,POSCTL,0,0
2026-08-21T14:35:21,1787297722,13.822796,100.511601,25.5,0.01,-0.3,-3.2,-31.8,328.2,-0.03,-0.03,0.0,24.68,85,POSCTL,0,0
2026-08-21T14:35:22,1787297723,13.822796,100.511601,25.5,0.01,-0.3,-3.2,-31.8,328.2,-0.03,-0.03,0.0,24.68,85,POSCTL,0,0
2026-08-21T14:35:23,1787297724,13.822796,100.5116,25.5,0.01,-0.3,-3.2,-31.8,328.2,-0.01,-0.06,0.0,24.68,85,POSCTL,0,0
2026-08-21T14:35:24,1787297725,13.822796,100.5116,25.5,0.01,-0.3,-3.2,-31.8,328.2,-0.01,-0.06,0.0,24.68,85,POSCTL,0,0
2026-08-21T14:35:25,1787297726,13.822794,100.511598,25.5,0.01,-0.3,-3.1,-31.8,328.2,-0.01,-0.06,0.0,24.68,85,POSCTL,0,0
2026-08-21T14:35:26,1787297727,13.822794,100.511598,25.5,0.01,-0.3,-3.1,-31.8,328.2,-0.01,-0.06,0.0,24.68,85,POSCTL,0,0
2026-08-21T14:35:27,1787297728,13.822794,100.511599,25.5,0.01,-0.2,-3.1,-31.8,328.2,-0.02,0.03,0.0,24.68,85,POSCTL,0,0
2026-08-21T14:35:28,1787297729,13.822794,100.511599,25.5,0.01,-0.2,-3.1,-31.8,328.2,-0.02,0.03,0.0,24.68,85,POSCTL,0,0
2026-08-21T14:35:29,1787297730,13.822794,100.511599,25.5,0.01,-0.2,-3.1,-31.8,328.2,-0.02,0.03,0.0,24.68,85,POSCTL,0,0
2026-08-21T14:35:30,1787297731,13.822794,100.511599,25.5,0.01,-0.2,-3.1,-31.8,328.2,-0.02,0.03,0.0,24.68,85,POSCTL,0,0
2026-08-21T14:35:31,1787297732,13.822794,100.511599,25.5,0.01,-0.2,-3.1,-31.8,328.2,-0.02,0.03,0.0,24.68,85,POSCTL,0,0
2026-08-21T14:35:32,1787297733,13.822794,100.511599,25.5,0.01,-0.2,-3.1,-31.8,328.2,-0.02,0.03,0.0,24.68,85,POSCTL,0,0
2026-08-21T14:35:33,1787297734,13.822793,100.511594,25.5,0.01,-0.3,-3.2,-31.9,328.1,-0.02,0.03,0.0,24.68,85,POSCTL,0,0
2026-08-21T14:35:34,1787297735,13.822793,100.511594,25.5,0.01,-0.3,-3.2,-31.9,328.1,-0.02,0.03,0.0,24.68,85,POSCTL,0,0
2026-08-21T14:35:35,1787297736,13.822793,100.511594,25.5,0.01,-0.3,-3.2,-31.9,328.1,-0.02,0.03,0.0,24.68,85,POSCTL,0,0
2026-08-21T14:35:36,1787297737,13.822793,100.511594,25.4,0.0,-0.3,-3.2,-31.9,328.1,0.0,-0.01,0.0,24.68,85,POSCTL,0,0
2026-08-21T14:35:37,1787297738,13.822792,100.511594,25.4,0.0,-0.3,-3.1,-31.9,328.1,0.0,-0.01,0.0,24.68,85,POSCTL,0,0
2026-08-21T14:35:38,1787297739,13.822792,100.511594,25.4,0.0,-0.3,-3.1,-31.9,328.1,0.0,-0.01,0.0,24.68,85,POSCTL,0,0
2026-08-21T14:35:39,1787297740,13.822792,100.511594,25.4,0.0,-0.3,-3.1,-31.9,328.1,0.0,-0.01,0.0,24.68,85,POSCTL,0,0
2026-08-21T14:35:40,1787297741,13.822792,100.511594,25.4,0.0,-0.3,-3.1,-31.9,328.1,0.0,-0.01,0.0,24.68,85,POSCTL,0,0
2026-08-21T14:35:41,1787297742,13.822793,100.511593,25.4,0.0,-0.3,-3.2,-31.9,328.1,0.0,-0.01,0.0,24.68,85,POSCTL,0,0
2026-08-21T14:35:42,1787297743,13.822793,100.511593,25.4,0.0,-0.3,-3.2,-31.9,328.1,0.0,-0.01,0.0,24.68,85,POSCTL,0,0
2026-08-21T14:35:43,1787297744,13.822793,100.511593,25.4,0.0,-0.4,-3.2,-31.9,328.1,0.0,-0.01,0.0,24.68,85,POSCTL,0,0
2026-08-21T14:35:44,1787297745,13.822793,100.511592,25.4,-0.0,-0.4,-3.2,-31.9,328.1,0.01,-0.05,0.0,24.68,85,POSCTL,0,0
2026-08-21T14:35:45,1787297746,13.822793,100.511592,25.4,-0.0,-0.3,-3.2,-31.9,328.1,0.01,-0.05,0.0,24.68,85,POSCTL,0,0
2026-08-21T14:35:46,1787297747,13.822793,100.511593,25.4,-0.0,-0.3,-3.2,-31.9,328.1,0.01,-0.05,0.0,24.68,85,POSCTL,0,0
2026-08-21T14:35:47,1787297748,13.822793,100.511593,25.4,-0.0,-0.3,-3.1,-31.9,328.1,0.01,-0.05,0.0,24.68,85,POSCTL,0,0
2026-08-21T14:35:48,1787297749,13.822793,100.511592,25.4,-0.0,-0.3,-3.1,-31.9,328.1,-0.01,0.0,0.0,24.68,85,POSCTL,0,0
2026-08-21T14:35:49,1787297750,13.822793,100.511592,25.4,-0.0,-0.3,-3.1,-31.9,328.1,-0.01,0.0,0.0,24.68,85,POSCTL,0,0
2026-08-21T14:35:50,1787297751,13.822793,100.511592,25.4,-0.0,-0.3,-3.1,-31.9,328.1,-0.01,0.0,0.0,24.68,85,POSCTL,0,0
2026-08-21T14:35:51,1787297752,13.822793,100.511592,25.4,-0.0,-0.3,-3.1,-31.9,328.1,-0.01,0.0,0.0,24.68,85,POSCTL,0,0
2026-08-21T14:35:52,1787297753,13.822793,100.511592,25.4,-0.0,-0.3,-3.1,-31.9,328.1,-0.01,0.0,0.0,24.68,85,POSCTL,0,0
2026-08-21T14:35:53,1787297754,13.822794,100.511594,25.4,0.0,-0.3,-3.1,-31.9,328.1,0.0,0.02,0.0,24.68,85,POSCTL,0,0
2026-08-21T14:35:54,1787297755,13.822794,100.511594,25.4,0.0,-0.3,-3.1,-31.9,328.1,0.0,0.02,0.0,24.68,85,POSCTL,0,0
2026-08-21T14:35:55,1787297756,13.822795,100.511595,25.4,0.0,-0.3,-3.1,-31.9,328.1,0.0,0.02,0.0,24.68,85,POSCTL,0,0
2026-08-21T14:35:56,1787297757,13.822795,100.511595,25.4,0.0,-0.3,-3.1,-31.9,328.1,0.0,0.02,0.0,24.68,85,POSCTL,0,0
2026-08-21T14:35:57,1787297758,13.822795,100.511595,25.4,0.0,-0.3,-3.1,-31.9,328.1,0.02,0.01,0.0,24.68,85,POSCTL,0,0
2026-08-21T14:35:58,1787297759,13.822795,100.511595,25.4,0.0,-0.3,-3.1,-31.9,328.1,0.02,0.01,0.0,24.68,85,POSCTL,0,0
2026-08-21T14:35:59,1787297760,13.822795,100.511595,25.4,0.0,-0.3,-3.1,-31.9,328.1,0.02,0.01,0.0,24.68,85,POSCTL,0,0
2026-08-21T14:36:00,1787297761,13.822795,100.511595,25.4,0.0,-0.3,-3.1,-31.9,328.1,0.02,0.01,0.0,24.68,85,POSCTL,0,0
2026-08-21T14:36:01,1787297762,13.822795,100.511595,25.4,0.0,-0.3,-3.1,-31.9,328.1,0.02,0.01,0.0,24.68,85,POSCTL,0,0
2026-08-21T14:36:02,1787297763,13.822795,100.511595,25.4,0.0,-0.4,-3.1,-31.9,328.1,0.02,0.01,0.0,24.68,85,POSCTL,0,0
2026-08-21T14:36:03,1787297764,13.822797,100.511596,25.4,0.0,-0.4,-3.1,-31.9,328.1,0.02,0.01,0.0,24.68,85,POSCTL,0,0
2026-08-21T14:36:04,1787297765,13.822797,100.511596,25.4,0.0,-0.4,-3.1,-31.9,328.1,0.02,0.01,0.0,24.68,85,POSCTL,0,0
2026-08-21T14:36:05,1787297766,13.822797,100.511596,25.4,0.0,-0.4,-3.1,-31.9,328.1,0.02,0.01,0.0,24.68,85,POSCTL,0,0
2026-08-21T14:36:06,1787297767,13.822797,100.511596,25.4,0.0,-0.4,-3.1,-31.9,328.1,0.0,0.0,0.0,24.68,85,POSCTL,0,0
2026-08-21T14:36:07,1787297768,13.822798,100.511596,25.4,0.0,-0.4,-3.1,-31.9,328.1,0.0,0.0,0.0,24.68,85,POSCTL,0,0
2026-08-21T14:36:08,1787297769,13.822798,100.511596,25.4,0.0,-0.4,-3.1,-31.9,328.1,0.0,0.0,0.0,24.68,85,POSCTL,0,0
2026-08-21T14:36:09,1787297770,13.822798,100.511596,25.4,0.0,-0.4,-3.2,-31.9,328.1,0.0,0.0,0.0,24.68,85,POSCTL,0,0
2026-08-21T14:36:10,1787297771,13.822798,100.511596,25.4,0.0,-0.4,-3.2,-31.9,328.1,0.0,0.0,0.0,24.68,85,POSCTL,0,0
2026-08-21T14:36:11,1787297772,13.822798,100.511596,25.4,0.0,-0.4,-3.2,-31.9,328.1,0.0,0.0,0.0,24.68,85,POSCTL,0,0
2026-08-21T14:36:12,1787297773,13.822798,100.511596,25.4,0.0,-0.4,-3.2,-31.9,328.1,0.0,0.0,0.0,24.68,85,POSCTL,0,0
2026-08-21T14:36:13,1787297774,13.822798,100.511596,25.4,0.0,-0.3,-3.1,-31.9,328.1,0.0,0.0,0.0,24.68,85,POSCTL,0,0
2026-08-21T14:36:14,1787297775,13.8228,100.511597,25.4,-0.0,-0.3,-3.1,-31.9,328.1,0.0,0.02,0.0,24.68,85,POSCTL,0,0
2026-08-21T14:36:15,1787297776,13.8228,100.511597,25.4,-0.0,-0.3,-3.1,-31.8,328.2,0.0,0.02,0.0,24.68,85,POSCTL,0,0
2026-08-21T14:36:16,1787297777,13.822801,100.511598,25.4,-0.0,-0.3,-3.1,-31.8,328.2,0.0,0.02,0.0,24.68,85,POSCTL,0,0
2026-08-21T14:36:17,1787297778,13.822801,100.511598,25.4,-0.0,-0.4,-3.1,-31.8,328.2,0.0,0.02,0.0,24.68,85,POSCTL,0,0
2026-08-21T14:36:18,1787297779,13.822801,100.511597,25.4,-0.0,-0.4,-3.1,-31.8,328.2,0.01,0.0,0.0,24.68,85,POSCTL,0,0
2026-08-21T14:36:19,1787297780,13.822801,100.511597,25.4,-0.0,-0.4,-3.2,-31.8,328.2,0.01,0.0,0.0,24.68,85,POSCTL,0,0
2026-08-21T14:36:20,1787297781,13.822801,100.511597,25.4,-0.0,-0.4,-3.2,-31.8,328.2,0.01,0.0,0.0,24.68,85,POSCTL,0,0
2026-08-21T14:36:21,1787297782,13.822801,100.511597,25.4,-0.0,-0.4,-3.2,-31.8,328.2,0.01,0.0,0.0,24.68,85,POSCTL,0,0
2026-08-21T14:36:22,1787297783,13.822801,100.511597,25.4,-0.0,-0.4,-3.2,-31.8,328.2,0.01,0.0,0.0,24.68,85,POSCTL,0,0
2026-08-21T14:36:23,1787297784,13.822801,100.511597,25.4,-0.0,-0.4,-3.2,-31.8,328.2,0.01,0.0,0.0,24.68,85,POSCTL,0,0
2026-08-21T14:36:24,1787297785,13.822801,100.511597,25.4,-0.0,-0.4,-3.2,-31.8,328.2,0.01,0.0,0.0,24.68,85,POSCTL,0,0
2026-08-21T14:36:25,1787297786,13.822801,100.511597,25.4,-0.0,-0.4,-3.1,-31.9,328.1,0.01,0.0,0.0,24.68,85,POSCTL,0,0
2026-08-21T14:36:26,1787297787,13.822801,100.511597,25.4,-0.0,-0.4,-3.1,-31.9,328.1,0.01,0.0,0.0,24.68,85,POSCTL,0,0
2026-08-21T14:36:27,1787297788,13.822804,100.511602,25.4,0.0,-0.4,-3.1,-31.9,328.1,0.0,0.04,0.0,24.68,85,POSCTL,0,0
2026-08-21T14:36:28,1787297789,13.822806,100.511603,25.4,0.0,-0.4,-3.1,-31.9,328.1,0.0,0.04,0.0,24.68,85,POSCTL,0,0
2026-08-21T14:36:29,1787297790,13.822806,100.511603,25.4,0.0,-0.4,-3.1,-31.9,328.1,0.0,0.04,0.0,24.68,85,POSCTL,0,0
2026-08-21T14:36:30,1787297791,13.822806,100.511603,25.4,0.0,-0.4,-3.2,-31.9,328.1,0.0,0.04,0.0,24.68,85,POSCTL,0,0
2026-08-21T14:36:31,1787297792,13.822806,100.511603,25.4,0.0,-0.4,-3.2,-31.9,328.1,0.0,0.04,0.0,24.68,85,POSCTL,0,0
2026-08-21T14:36:32,1787297793,13.822806,100.511603,25.4,0.0,-0.4,-3.2,-31.9,328.1,0.0,0.04,0.0,24.68,85,POSCTL,0,0
2026-08-21T14:36:33,1787297794,13.822808,100.511605,25.4,0.0,-0.4,-3.2,-31.9,328.1,0.0,0.04,0.0,24.68,85,POSCTL,0,0
2026-08-21T14:36:34,1787297795,13.822808,100.511605,25.4,0.0,-0.4,-3.2,-31.9,328.1,0.0,0.04,0.0,24.68,85,POSCTL,0,0
2026-08-21T14:36:35,1787297796,13.822808,100.511605,25.4,0.0,-0.4,-3.2,-31.9,328.1,0.0,0.04,0.0,24.68,85,POSCTL,0,0
2026-08-21T14:36:36,1787297797,13.822808,100.511605,25.4,-0.0,-0.4,-3.1,-31.9,328.1,-0.01,-0.01,0.0,24.68,85,POSCTL,0,0
2026-08-21T14:36:37,1787297798,13.822809,100.511608,25.4,-0.0,-0.4,-3.1,-31.9,328.1,-0.01,-0.01,0.0,24.68,85,POSCTL,0,0
2026-08-21T14:36:38,1787297799,13.822809,100.511608,25.4,-0.0,-0.4,-3.1,-31.9,328.1,-0.01,-0.01,0.0,24.68,85,POSCTL,0,0
2026-08-21T14:36:39,1787297800,13.822809,100.511608,25.4,-0.0,-0.4,-3.1,-31.9,328.1,-0.01,-0.01,0.0,24.68,85,POSCTL,0,0
2026-08-21T14:36:40,1787297801,13.822809,100.511608,25.4,-0.0,-0.3,-3.1,-31.9,328.1,-0.01,-0.01,0.0,24.68,85,POSCTL,0,0
2026-08-21T14:36:41,1787297802,13.822812,100.511611,25.4,0.0,-0.3,-3.1,-31.9,328.1,0.01,0.04,0.0,24.68,85,POSCTL,0,0
2026-08-21T14:36:42,1787297803,13.822812,100.511611,25.4,0.0,-0.4,-3.2,-31.9,328.1,0.01,0.04,0.0,24.68,85,POSCTL,0,0
2026-08-21T14:36:43,1787297804,13.822812,100.511611,25.4,0.0,-0.4,-3.2,-31.9,328.1,0.01,0.04,0.0,24.68,85,POSCTL,0,0
2026-08-21T14:36:44,1787297805,13.822812,100.511611,25.4,0.0,-0.4,-3.2,-31.9,328.1,0.01,0.04,0.0,24.68,85,POSCTL,0,0
2026-08-21T14:36:45,1787297806,13.822812,100.511611,25.4,0.0,-0.4,-3.2,-31.9,328.1,0.01,0.04,0.0,24.68,85,POSCTL,0,0
2026-08-21T14:36:46,1787297807,13.822813,100.51161,25.4,0.0,-0.4,-3.2,-31.9,328.1,0.01,0.04,0.0,24.68,85,POSCTL,0,0
2026-08-21T14:36:47,1787297808,13.822813,100.51161,25.4,0.0,-0.4,-3.1,-31.9,328.1,0.01,0.04,0.0,24.68,85,POSCTL,0,0
2026-08-21T14:36:48,1787297809,13.822813,100.51161,25.4,0.0,-0.4,-3.1,-31.9,328.1,0.01,0.04,0.0,24.68,85,POSCTL,0,0
2026-08-21T14:36:49,1787297810,13.822813,100.51161,25.4,0.0,-0.4,-3.1,-31.9,328.1,0.01,0.04,0.0,24.68,85,POSCTL,0,0
2026-08-21T14:36:50,1787297811,13.822813,100.511609,25.4,-0.0,-0.4,-3.1,-31.9,328.1,-0.01,0.0,0.0,24.68,85,POSCTL,0,0
2026-08-21T14:36:51,1787297812,13.822813,100.511609,25.4,-0.0,-0.4,-3.1,-31.9,328.1,-0.01,0.0,0.0,24.68,85,POSCTL,0,0
2026-08-21T14:36:52,1787297813,13.822813,100.511609,25.4,-0.0,-0.3,-3.1,-31.9,328.1,-0.01,0.0,0.0,24.68,85,POSCTL,0,0
2026-08-21T14:36:53,1787297814,13.822813,100.511609,25.4,-0.0,-0.3,-3.2,-31.9,328.1,-0.01,0.0,0.0,24.68,85,POSCTL,0,0
2026-08-21T14:36:54,1787297815,13.822813,100.511609,25.4,-0.01,-0.3,-3.2,-31.9,328.1,0.01,0.0,0.0,24.68,85,POSCTL,0,0
2026-08-21T14:36:55,1787297816,13.822813,100.511609,25.4,-0.01,-0.3,-3.2,-31.9,328.1,0.01,0.0,0.0,24.68,85,POSCTL,0,0
2026-08-21T14:36:56,1787297817,13.822813,100.511609,25.4,-0.01,-0.3,-3.2,-31.9,328.1,0.01,0.0,0.0,24.68,85,POSCTL,0,0
2026-08-21T14:36:57,1787297818,13.822813,100.511609,25.4,-0.01,-0.3,-3.2,-31.9,328.1,0.01,0.0,0.0,24.68,85,POSCTL,0,0
2026-08-21T14:36:58,1787297819,13.822814,100.511606,25.4,-0.01,-0.3,-3.2,-31.9,328.1,0.02,-0.03,0.0,24.68,85,POSCTL,0,0
2026-08-21T14:36:59,1787297820,13.822813,100.511606,25.4,-0.01,-0.3,-3.2,-31.9,328.1,0.02,-0.03,0.0,24.68,85,POSCTL,0,0
2026-08-21T14:37:00,1787297821,13.822813,100.511606,25.4,-0.01,-0.3,-3.1,-31.9,328.1,0.02,-0.03,0.0,24.68,85,POSCTL,0,0
2026-08-21T14:37:01,1787297822,13.822813,100.511606,25.4,-0.01,-0.3,-3.1,-31.9,328.1,0.02,-0.03,0.0,24.68,85,POSCTL,0,0
2026-08-21T14:37:02,1787297823,13.822812,100.511606,25.4,-0.01,-0.3,-3.1,-31.9,328.1,-0.01,0.02,0.0,24.68,85,POSCTL,0,0
2026-08-21T14:37:03,1787297824,13.822812,100.511606,25.4,-0.01,-0.3,-3.1,-31.9,328.1,-0.01,0.02,0.0,24.68,85,POSCTL,0,0
2026-08-21T14:37:04,1787297825,13.822812,100.511606,25.4,-0.01,-0.3,-3.1,-31.9,328.1,-0.01,0.02,0.0,24.68,85,POSCTL,0,0
2026-08-21T14:37:05,1787297826,13.822812,100.511606,25.4,-0.01,-0.3,-3.2,-31.9,328.1,-0.01,0.02,0.0,24.68,85,POSCTL,0,0
2026-08-21T14:37:06,1787297827,13.822812,100.511606,25.4,-0.01,-0.3,-3.2,-31.9,328.1,-0.01,0.02,0.0,24.68,85,POSCTL,0,0
2026-08-21T14:37:07,1787297828,13.822812,100.511606,25.4,-0.01,-0.3,-3.2,-31.9,328.1,-0.01,0.02,0.0,24.68,85,POSCTL,0,0
2026-08-21T14:37:08,1787297829,13.822812,100.511606,25.4,-0.01,-0.3,-3.2,-31.9,328.1,-0.01,0.02,0.0,24.68,85,POSCTL,0,0
2026-08-21T14:37:09,1787297830,13.822812,100.511606,25.4,-0.01,-0.3,-3.2,-31.9,328.1,-0.01,0.02,0.0,24.68,85,POSCTL,0,0
2026-08-21T14:37:10,1787297831,13.822813,100.511607,25.4,-0.01,-0.3,-3.2,-31.9,328.1,0.02,-0.01,0.0,24.68,85,POSCTL,0,0
2026-08-21T14:37:11,1787297832,13.822813,100.511608,25.4,-0.01,-0.3,-3.2,-31.9,328.1,0.02,-0.01,0.0,24.68,85,POSCTL,0,0
2026-08-21T14:37:12,1787297833,13.822813,100.511608,25.4,-0.01,-0.3,-3.1,-31.9,328.1,0.02,-0.01,0.0,24.68,85,POSCTL,0,0
2026-08-21T14:37:13,1787297834,13.822813,100.511608,25.4,-0.01,-0.3,-3.1,-31.9,328.1,0.02,-0.01,0.0,24.68,85,POSCTL,0,0
2026-08-21T14:37:14,1787297835,13.822813,100.511609,25.4,-0.01,-0.3,-3.1,-31.9,328.1,0.0,0.03,0.0,24.67,85,POSCTL,0,0
2026-08-21T14:37:15,1787297836,13.822813,100.51161,25.4,-0.01,-0.3,-3.1,-31.9,328.1,0.0,0.03,0.0,24.67,85,POSCTL,0,0
2026-08-21T14:37:16,1787297837,13.822813,100.51161,25.4,-0.01,-0.3,-3.1,-31.9,328.1,0.0,0.03,0.0,24.67,85,POSCTL,0,0
2026-08-21T14:37:17,1787297838,13.822813,100.51161,25.4,-0.01,-0.3,-3.1,-31.9,328.1,0.0,0.03,0.0,24.67,85,POSCTL,0,0
2026-08-21T14:37:18,1787297839,13.822813,100.51161,25.4,-0.01,-0.4,-3.2,-31.9,328.1,0.0,0.03,0.0,24.67,85,POSCTL,0,0
2026-08-21T14:37:19,1787297840,13.822813,100.51161,25.4,-0.01,-0.4,-3.2,-31.9,328.1,0.0,0.03,0.0,24.67,85,POSCTL,0,0
2026-08-21T14:37:20,1787297841,13.822813,100.51161,25.4,-0.01,-0.4,-3.2,-31.9,328.1,0.0,0.03,0.0,24.67,85,POSCTL,0,0
2026-08-21T14:37:21,1787297842,13.822813,100.51161,25.4,-0.01,-0.4,-3.2,-31.9,328.1,0.0,0.03,0.0,24.67,85,POSCTL,0,0
2026-08-21T14:37:22,1787297843,13.822814,100.511608,25.4,-0.01,-0.3,-3.2,-31.9,328.1,0.01,-0.04,0.0,24.67,85,POSCTL,0,0
2026-08-21T14:37:23,1787297844,13.822814,100.511607,25.4,-0.01,-0.3,-3.2,-31.9,328.1,0.01,-0.04,0.0,24.67,85,POSCTL,0,0
2026-08-21T14:37:24,1787297845,13.822814,100.511607,25.4,-0.01,-0.3,-3.1,-31.9,328.1,0.01,-0.04,0.0,24.67,85,POSCTL,0,0
2026-08-21T14:37:25,1787297846,13.822814,100.511607,25.4,-0.01,-0.3,-3.1,-31.9,328.1,0.01,-0.04,0.0,24.67,85,POSCTL,0,0
2026-08-21T14:37:26,1787297847,13.822814,100.511608,25.4,-0.01,-0.3,-3.1,-31.9,328.1,-0.01,0.03,0.0,24.67,85,POSCTL,0,0
2026-08-21T14:37:27,1787297848,13.822814,100.511608,25.4,-0.01,-0.3,-3.1,-31.9,328.1,-0.01,0.03,0.0,24.67,85,POSCTL,0,0
2026-08-21T14:37:28,1787297849,13.822814,100.511608,25.4,-0.01,-0.3,-3.1,-31.9,328.1,-0.01,0.03,0.0,24.67,85,POSCTL,0,0
2026-08-21T14:37:29,1787297850,13.822814,100.511608,25.4,-0.01,-0.3,-3.1,-31.9,328.1,-0.01,0.03,0.0,24.67,85,POSCTL,0,0
2026-08-21T14:37:30,1787297851,13.822814,100.511608,25.4,-0.01,-0.3,-3.2,-31.9,328.1,-0.01,0.03,0.0,24.67,85,POSCTL,0,0
2026-08-21T14:37:31,1787297852,13.822813,100.511606,25.4,-0.01,-0.3,-3.2,-31.9,328.1,-0.01,0.03,0.0,24.67,85,POSCTL,0,0
2026-08-21T14:37:32,1787297853,13.822813,100.511606,25.4,-0.01,-0.3,-3.2,-31.9,328.1,-0.01,0.03,0.0,24.67,85,POSCTL,0,0
2026-08-21T14:37:33,1787297854,13.822813,100.511606,25.4,-0.01,-0.4,-3.2,-31.9,328.1,-0.01,0.03,0.0,24.67,85,POSCTL,0,0
2026-08-21T14:37:34,1787297855,13.822813,100.511605,25.4,-0.01,-0.3,-3.2,-31.9,328.1,0.0,-0.04,0.0,24.67,85,POSCTL,0,0
2026-08-21T14:37:35,1787297856,13.822813,100.511605,25.4,-0.01,-0.3,-3.2,-31.9,328.1,0.0,-0.04,0.0,24.67,85,POSCTL,0,0
2026-08-21T14:37:36,1787297857,13.822813,100.511605,25.4,-0.01,-0.3,-3.2,-31.9,328.1,0.0,-0.04,0.0,24.67,85,POSCTL,0,0
2026-08-21T14:37:37,1787297858,13.822813,100.511605,25.4,-0.01,-0.3,-3.2,-31.9,328.1,0.0,-0.04,0.0,24.67,85,POSCTL,0,0
2026-08-21T14:37:38,1787297859,13.822812,100.511605,25.4,-0.01,-0.3,-3.2,-31.9,328.1,-0.02,0.01,0.0,24.67,85,POSCTL,0,0
2026-08-21T14:37:39,1787297860,13.822812,100.511605,25.4,-0.01,-0.3,-3.1,-31.9,328.1,-0.02,0.01,0.0,24.67,85,POSCTL,0,0
2026-08-21T14:37:40,1787297861,13.822812,100.511605,25.4,-0.01,-0.3,-3.1,-31.9,328.1,-0.02,0.01,0.0,24.67,85,POSCTL,0,0
2026-08-21T14:37:41,1787297862,13.822812,100.511605,25.4,-0.01,-0.3,-3.1,-31.9,328.1,-0.02,0.01,0.0,24.67,85,POSCTL,0,0
2026-08-21T14:37:42,1787297863,13.822812,100.511606,25.4,-0.01,-0.3,-3.1,-31.9,328.1,0.0,0.0,0.0,24.67,85,POSCTL,0,0
2026-08-21T14:37:43,1787297864,13.822811,100.511606,25.4,-0.01,-0.4,-3.2,-31.9,328.1,0.0,0.0,0.0,24.67,85,POSCTL,0,0
2026-08-21T14:37:44,1787297865,13.822811,100.511606,25.4,-0.01,-0.4,-3.2,-31.9,328.1,0.0,0.0,0.0,24.67,85,POSCTL,0,0
2026-08-21T14:37:45,1787297866,13.822811,100.511606,25.4,-0.01,-0.4,-3.2,-31.9,328.1,0.0,0.0,0.0,24.67,85,POSCTL,0,0
2026-08-21T14:37:46,1787297867,13.822811,100.511605,25.4,-0.01,-0.3,-3.2,-31.9,328.1,0.0,-0.03,0.0,24.67,85,POSCTL,0,0
2026-08-21T14:37:47,1787297868,13.82281,100.511607,25.4,-0.01,-0.3,-3.2,-31.9,328.1,0.0,-0.03,0.0,24.67,85,POSCTL,0,0
2026-08-21T14:37:48,1787297869,13.82281,100.511607,25.4,-0.01,-0.3,-3.1,-31.9,328.1,0.0,-0.03,0.0,24.67,85,POSCTL,0,0
2026-08-21T14:37:49,1787297870,13.82281,100.511607,25.4,-0.01,-0.3,-3.1,-31.9,328.1,0.0,-0.03,0.0,24.67,85,POSCTL,0,0
2026-08-21T14:37:50,1787297871,13.82281,100.511607,25.4,-0.01,-0.3,-3.1,-31.9,328.1,0.0,-0.03,0.0,24.67,85,POSCTL,0,0
2026-08-21T14:37:51,1787297872,13.82281,100.511607,25.4,-0.01,-0.3,-3.1,-31.9,328.1,0.0,-0.03,0.0,24.67,85,POSCTL,0,0
2026-08-21T14:37:52,1787297873,13.822808,100.511608,25.4,-0.01,-0.3,-3.1,-31.9,328.1,0.0,-0.03,0.0,24.67,85,POSCTL,0,0
2026-08-21T14:37:54,1787297874,13.822808,100.511608,25.4,-0.01,-0.3,-3.1,-31.9,328.1,0.0,-0.03,0.0,24.67,85,POSCTL,0,0
2026-08-21T14:37:55,1787297875,13.822808,100.511608,25.4,-0.01,-0.3,-3.1,-31.9,328.1,0.0,-0.03,0.0,24.67,85,POSCTL,0,0
2026-08-21T14:37:56,1787297876,13.822808,100.511608,25.4,-0.01,-0.3,-3.2,-31.9,328.1,-0.01,0.0,0.0,24.67,85,POSCTL,0,0
2026-08-21T14:37:57,1787297877,13.822806,100.511607,25.4,-0.01,-0.3,-3.2,-31.9,328.1,-0.01,0.0,0.0,24.67,85,POSCTL,0,0
2026-08-21T14:37:58,1787297878,13.822806,100.511607,25.4,-0.01,-0.4,-3.2,-31.9,328.1,-0.01,0.0,0.0,24.67,85,POSCTL,0,0
2026-08-21T14:37:59,1787297879,13.822806,100.511607,25.4,-0.02,-0.4,-3.2,-31.9,328.1,-0.01,-0.03,0.0,24.67,85,POSCTL,0,0
2026-08-21T14:38:00,1787297880,13.822806,100.511607,25.4,-0.02,-0.4,-3.2,-31.9,328.1,-0.01,-0.03,0.0,24.67,85,POSCTL,0,0
2026-08-21T14:38:01,1787297881,13.822806,100.511607,25.4,-0.02,-0.3,-3.2,-31.9,328.1,-0.01,-0.03,0.0,24.67,85,POSCTL,0,0
2026-08-21T14:38:02,1787297882,13.822806,100.511607,25.4,-0.02,-0.3,-3.2,-31.9,328.1,-0.01,-0.03,0.0,24.67,85,POSCTL,0,0
2026-08-21T14:38:03,1787297883,13.822806,100.511607,25.4,-0.02,-0.3,-3.2,-31.9,328.1,-0.01,-0.03,0.0,24.67,85,POSCTL,0,0
2026-08-21T14:38:04,1787297884,13.822804,100.511606,25.4,-0.02,-0.3,-3.2,-31.9,328.1,-0.01,-0.02,0.0,24.67,85,POSCTL,0,0
2026-08-21T14:38:05,1787297885,13.822802,100.511605,25.4,-0.02,-0.3,-3.2,-31.9,328.1,-0.01,-0.02,0.0,24.67,85,POSCTL,0,0
2026-08-21T14:38:06,1787297886,13.822802,100.511605,25.4,-0.02,-0.3,-3.2,-31.9,328.1,-0.01,-0.02,0.0,24.67,85,POSCTL,0,0
2026-08-21T14:38:07,1787297887,13.822802,100.511605,25.4,-0.02,-0.3,-3.2,-31.9,328.1,-0.02,-0.02,0.0,24.67,85,POSCTL,0,0
2026-08-21T14:38:08,1787297888,13.822802,100.511605,25.4,-0.02,-0.3,-3.2,-31.9,328.1,-0.02,-0.02,0.0,24.67,85,POSCTL,0,0
2026-08-21T14:38:09,1787297889,13.822801,100.511604,25.4,-0.02,-0.3,-3.2,-31.9,328.1,-0.02,-0.02,0.0,24.67,85,POSCTL,0,0
2026-08-21T14:38:10,1787297890,13.822801,100.511604,25.4,-0.02,-0.3,-3.2,-31.9,328.1,-0.02,-0.02,0.0,24.67,85,POSCTL,0,0
2026-08-21T14:38:11,1787297891,13.822801,100.511604,25.4,-0.02,-0.3,-3.2,-31.9,328.1,-0.02,-0.02,0.0,24.67,85,POSCTL,0,0
2026-08-21T14:38:12,1787297892,13.822801,100.511603,25.4,-0.02,-0.3,-3.2,-31.9,328.1,0.0,-0.02,0.0,24.67,85,POSCTL,0,0
2026-08-21T14:38:13,1787297893,13.8228,100.511601,25.4,-0.02,-0.3,-3.2,-31.9,328.1,0.0,-0.02,0.0,24.67,85,POSCTL,0,0
2026-08-21T14:38:14,1787297894,13.8228,100.511601,25.4,-0.02,-0.3,-3.2,-31.9,328.1,0.0,-0.02,0.0,24.67,85,POSCTL,0,0
2026-08-21T14:38:15,1787297895,13.8228,100.511601,25.4,-0.02,-0.3,-3.2,-31.9,328.1,0.0,-0.02,0.0,24.67,85,POSCTL,0,0
2026-08-21T14:38:16,1787297896,13.822798,100.511599,25.4,-0.02,-0.3,-3.2,-31.9,328.1,0.0,-0.03,0.0,24.67,85,POSCTL,0,0
2026-08-21T14:38:17,1787297897,13.822798,100.511599,25.4,-0.02,-0.3,-3.2,-31.9,328.1,0.0,-0.03,0.0,24.67,85,POSCTL,0,0
2026-08-21T14:38:18,1787297898,13.822798,100.511599,25.4,-0.02,-0.3,-3.1,-31.9,328.1,0.0,-0.03,0.0,24.67,85,POSCTL,0,0
2026-08-21T14:38:19,1787297899,13.822798,100.511599,25.4,-0.02,-0.3,-3.1,-31.9,328.1,0.0,-0.03,0.0,24.67,85,POSCTL,0,0
2026-08-21T14:38:20,1787297900,13.822798,100.511599,25.4,0.0,-0.3,-3.1,-31.9,328.1,0.0,0.0,0.0,24.67,85,POSCTL,0,0
2026-08-21T14:38:21,1787297901,13.822798,100.511599,25.4,0.0,-0.3,-3.1,-31.9,328.1,0.0,0.0,0.0,24.67,85,POSCTL,0,0
2026-08-21T14:38:22,1787297902,13.822798,100.511599,25.4,0.0,-0.3,-3.1,-31.9,328.1,0.0,0.0,0.0,24.67,85,POSCTL,0,0
2026-08-21T14:38:23,1787297903,13.822798,100.511599,25.4,0.0,-0.3,-3.1,-31.9,328.1,0.0,0.0,0.0,24.67,85,POSCTL,0,0
2026-08-21T14:38:24,1787297904,13.822797,100.511597,25.4,-0.0,-0.3,-3.1,-31.9,328.1,-0.01,-0.02,0.0,24.67,85,POSCTL,0,0
2026-08-21T14:38:25,1787297905,13.822797,100.511597,25.4,-0.0,-0.3,-3.1,-31.9,328.1,-0.01,-0.02,0.0,24.67,85,POSCTL,0,0
2026-08-21T14:38:26,1787297906,13.822797,100.511597,25.4,-0.0,-0.3,-3.1,-31.9,328.1,-0.01,-0.02,0.0,24.67,85,POSCTL,0,0
2026-08-21T14:38:27,1787297907,13.822797,100.511597,25.4,-0.0,-0.3,-3.1,-31.9,328.1,-0.01,-0.02,0.0,24.67,85,POSCTL,0,0
2026-08-21T14:38:28,1787297908,13.822793,100.511592,25.4,0.0,-0.3,-3.1,-31.9,328.1,-0.02,0.0,0.0,24.67,85,POSCTL,0,0
2026-08-21T14:38:29,1787297909,13.822793,100.511592,25.4,0.0,-0.3,-3.1,-31.9,328.1,-0.02,0.0,0.0,24.67,85,POSCTL,0,0
2026-08-21T14:38:30,1787297910,13.822793,100.511592,25.4,0.0,-0.3,-3.2,-31.9,328.1,-0.02,0.0,0.0,24.67,85,POSCTL,0,0
2026-08-21T14:38:31,1787297911,13.822793,100.511593,25.4,0.0,-0.3,-3.2,-31.9,328.1,-0.01,0.0,0.0,24.67,85,POSCTL,0,0
2026-08-21T14:38:32,1787297912,13.822793,100.511593,25.4,0.0,-0.3,-3.1,-31.9,328.1,-0.01,0.0,0.0,24.67,85,POSCTL,0,0
2026-08-21T14:38:33,1787297913,13.822792,100.51159,25.4,0.0,-0.3,-3.1,-31.9,328.1,-0.01,0.0,0.0,24.67,85,POSCTL,0,0
2026-08-21T14:38:34,1787297914,13.822792,100.51159,25.4,0.0,-0.3,-3.1,-31.9,328.1,-0.01,0.0,0.0,24.67,85,POSCTL,0,0
2026-08-21T14:38:35,1787297915,13.822792,100.51159,25.4,0.0,-0.3,-3.2,-31.9,328.1,-0.01,0.0,0.0,24.67,85,POSCTL,0,0
2026-08-21T14:38:36,1787297916,13.822792,100.51159,25.4,-0.0,-0.3,-3.2,-31.9,328.1,0.0,-0.02,0.0,24.67,85,POSCTL,0,0
2026-08-21T14:38:37,1787297917,13.822792,100.511589,25.4,-0.0,-0.3,-3.1,-31.9,328.1,0.0,-0.02,0.0,24.67,85,POSCTL,0,0
2026-08-21T14:38:38,1787297918,13.822792,100.511589,25.4,-0.0,-0.3,-3.1,-31.9,328.1,0.0,-0.02,0.0,24.67,85,POSCTL,0,0
2026-08-21T14:38:39,1787297919,13.822792,100.511589,25.4,-0.0,-0.3,-3.1,-31.9,328.1,0.0,-0.02,0.0,24.67,85,POSCTL,0,0
2026-08-21T14:38:40,1787297920,13.822792,100.511589,25.4,-0.0,-0.3,-3.1,-31.9,328.1,0.0,0.01,0.0,24.67,85,POSCTL,0,0
2026-08-21T14:38:41,1787297921,13.822792,100.511589,25.4,-0.0,-0.3,-3.1,-31.9,328.1,0.0,0.01,0.0,24.67,85,POSCTL,0,0
2026-08-21T14:38:42,1787297922,13.822792,100.511589,25.4,-0.0,-0.3,-3.1,-31.9,328.1,0.0,0.01,0.0,24.67,85,POSCTL,0,0
2026-08-21T14:38:43,1787297923,13.822792,100.511589,25.4,-0.0,-0.3,-3.2,-31.9,328.1,0.0,0.01,0.0,24.67,85,POSCTL,0,0
2026-08-21T14:38:44,1787297924,13.822793,100.51159,25.4,-0.0,-0.3,-3.2,-31.9,328.1,0.02,0.01,0.0,24.67,85,POSCTL,0,0
2026-08-21T14:38:45,1787297925,13.822793,100.51159,25.4,-0.0,-0.4,-3.2,-31.9,328.1,0.02,0.01,0.0,24.67,85,POSCTL,0,0
2026-08-21T14:38:46,1787297926,13.822793,100.51159,25.4,-0.0,-0.4,-3.2,-31.9,328.1,0.02,0.01,0.0,24.67,85,POSCTL,0,0
2026-08-21T14:38:47,1787297927,13.822793,100.51159,25.4,-0.0,-0.4,-3.2,-31.9,328.1,0.02,0.01,0.0,24.67,85,POSCTL,0,0
2026-08-21T14:38:48,1787297928,13.822793,100.511589,25.4,-0.0,-0.4,-3.2,-31.9,328.1,0.0,-0.06,0.0,24.67,85,POSCTL,0,0
2026-08-21T14:38:49,1787297929,13.822793,100.511591,25.4,-0.0,-0.4,-3.1,-31.9,328.1,0.0,-0.06,0.0,24.67,85,POSCTL,0,0
2026-08-21T14:38:50,1787297930,13.822793,100.511591,25.4,-0.0,-0.4,-3.1,-31.9,328.1,0.0,-0.06,0.0,24.67,85,POSCTL,0,0
2026-08-21T14:38:51,1787297931,13.822793,100.511591,25.4,-0.0,-0.4,-3.1,-31.9,328.1,0.0,-0.06,0.0,24.67,85,POSCTL,0,0
2026-08-21T14:38:52,1787297932,13.822793,100.511591,25.4,-0.0,-0.3,-3.1,-31.9,328.1,0.0,-0.06,0.0,24.67,85,POSCTL,0,0
2026-08-21T14:38:53,1787297933,13.822793,100.511591,25.4,-0.0,-0.3,-3.1,-31.9,328.1,0.0,-0.06,0.0,24.67,85,POSCTL,0,0
2026-08-21T14:38:54,1787297934,13.822793,100.511591,25.4,-0.0,-0.3,-3.1,-31.9,328.1,0.0,-0.06,0.0,24.67,85,POSCTL,0,0
2026-08-21T14:38:55,1787297935,13.822793,100.511591,25.4,-0.0,-0.3,-3.1,-31.9,328.1,0.0,-0.06,0.0,24.67,85,POSCTL,0,0
2026-08-21T14:38:56,1787297936,13.822793,100.511591,25.4,-0.0,-0.3,-3.1,-31.9,328.1,0.0,-0.06,0.0,24.67,85,POSCTL,0,0
2026-08-21T14:38:58,1787297938,13.822795,100.511591,25.4,-0.0,-0.3,-3.1,-31.9,328.1,0.02,-0.02,0.0,24.67,85,POSCTL,0,0
2026-08-21T14:38:59,1787297939,13.822795,100.511591,25.4,-0.0,-0.3,-3.2,-31.9,328.1,0.02,-0.02,0.0,24.67,85,POSCTL,0,0
2026-08-21T14:39:00,1787297940,13.822795,100.511591,25.4,-0.0,-0.3,-3.1,-31.9,328.1,0.02,-0.02,0.0,24.67,85,POSCTL,0,0
2026-08-21T14:39:01,1787297941,13.822794,100.51159,25.4,0.0,-0.3,-3.1,-31.9,328.1,-0.01,0.0,0.0,24.67,85,POSCTL,0,0
2026-08-21T14:39:02,1787297942,13.822794,100.511591,25.4,0.0,-0.3,-3.1,-31.9,328.1,-0.01,0.0,0.0,24.67,85,POSCTL,0,0
2026-08-21T14:39:03,1787297943,13.822794,100.511591,25.4,0.0,-0.3,-3.1,-31.9,328.1,-0.01,0.0,0.0,24.67,85,POSCTL,0,0
2026-08-21T14:39:04,1787297944,13.822794,100.511591,25.4,0.0,-0.3,-3.1,-31.9,328.1,-0.01,0.0,0.0,24.67,85,POSCTL,0,0
2026-08-21T14:39:05,1787297945,13.822794,100.511591,25.4,0.0,-0.3,-3.1,-31.9,328.1,-0.01,0.0,0.0,24.67,85,POSCTL,0,0
2026-08-21T14:39:06,1787297946,13.822794,100.511591,25.4,0.0,-0.3,-3.1,-31.9,328.1,-0.01,0.0,0.0,24.67,85,POSCTL,0,0
2026-08-21T14:39:07,1787297947,13.822794,100.511591,25.4,0.0,-0.3,-3.1,-31.9,328.1,-0.01,0.0,0.0,24.67,85,POSCTL,0,0
2026-08-21T14:39:08,1787297948,13.822794,100.511591,25.4,0.0,-0.3,-3.2,-31.9,328.1,-0.01,0.0,0.0,24.67,85,POSCTL,0,0
2026-08-21T14:39:09,1787297949,13.822794,100.511592,25.4,0.0,-0.3,-3.2,-31.9,328.1,0.01,-0.01,0.0,24.67,85,POSCTL,0,0
2026-08-21T14:39:10,1787297950,13.822794,100.511593,25.4,0.0,-0.3,-3.2,-31.9,328.1,0.01,-0.01,0.0,24.67,85,POSCTL,0,0
2026-08-21T14:39:11,1787297951,13.822794,100.511593,25.4,0.0,-0.3,-3.2,-31.9,328.1,0.01,-0.01,0.0,24.67,85,POSCTL,0,0
2026-08-21T14:39:12,1787297952,13.822794,100.511593,25.4,0.0,-0.3,-3.1,-31.9,328.1,0.01,-0.01,0.0,24.67,85,POSCTL,0,0
2026-08-21T14:39:13,1787297953,13.822795,100.511593,25.4,0.0,-0.3,-3.1,-31.9,328.1,0.0,0.0,0.0,24.67,85,POSCTL,0,0
2026-08-21T14:39:14,1787297954,13.822795,100.511593,25.4,0.0,-0.3,-3.1,-31.9,328.1,0.0,0.0,0.0,24.67,85,POSCTL,0,0
2026-08-21T14:39:15,1787297955,13.822795,100.511593,25.4,0.0,-0.3,-3.1,-31.9,328.1,0.0,0.0,0.0,24.67,85,POSCTL,0,0
2026-08-21T14:39:16,1787297956,13.822795,100.511593,25.4,0.0,-0.3,-3.1,-31.9,328.1,0.0,0.0,0.0,24.67,85,POSCTL,0,0
2026-08-21T14:39:17,1787297957,13.822795,100.511593,25.4,0.0,-0.3,-3.1,-31.9,328.1,0.0,0.0,0.0,24.67,85,POSCTL,0,0
2026-08-21T14:39:18,1787297958,13.822795,100.511595,25.4,0.0,-0.3,-3.1,-31.9,328.1,0.01,0.0,0.0,24.67,85,POSCTL,0,0
2026-08-21T14:39:19,1787297959,13.822795,100.511595,25.4,0.0,-0.4,-3.2,-31.9,328.1,0.01,0.0,0.0,24.67,85,POSCTL,0,0
2026-08-21T14:39:20,1787297960,13.822795,100.511595,25.4,0.0,-0.4,-3.2,-31.9,328.1,0.01,0.0,0.0,24.67,85,POSCTL,0,0
2026-08-21T14:39:21,1787297961,13.822798,100.511594,25.4,0.01,-0.4,-3.2,-31.9,328.1,0.02,-0.02,0.0,24.67,84,POSCTL,0,0
2026-08-21T14:39:22,1787297962,13.822798,100.511594,25.4,0.01,-0.4,-3.2,-31.9,328.1,0.02,-0.02,0.0,24.67,84,POSCTL,0,0
2026-08-21T14:39:23,1787297963,13.822798,100.511594,25.4,0.01,-0.4,-3.2,-31.9,328.1,0.02,-0.02,0.0,24.67,84,POSCTL,0,0
2026-08-21T14:39:24,1787297964,13.822798,100.511594,25.4,0.01,-0.4,-3.2,-31.9,328.1,0.02,-0.02,0.0,24.67,84,POSCTL,0,0
2026-08-21T14:39:25,1787297965,13.822798,100.511594,25.4,0.01,-0.4,-3.2,-31.9,328.1,0.02,-0.02,0.0,24.67,84,POSCTL,0,0
2026-08-21T14:39:26,1787297966,13.822798,100.511594,25.4,0.01,-0.4,-3.2,-31.9,328.1,0.02,-0.02,0.0,24.67,84,POSCTL,0,0
2026-08-21T14:39:27,1787297967,13.822798,100.511594,25.4,0.01,-0.3,-3.1,-31.9,328.1,0.02,-0.02,0.0,24.67,84,POSCTL,0,0
2026-08-21T14:39:28,1787297968,13.822798,100.511594,25.4,0.01,-0.3,-3.1,-31.9,328.1,0.02,-0.02,0.0,24.67,84,POSCTL,0,0
2026-08-21T14:39:29,1787297969,13.822798,100.511594,25.4,0.01,-0.3,-3.1,-31.9,328.1,0.02,-0.02,0.0,24.67,84,POSCTL,0,0
2026-08-21T14:39:30,1787297970,13.822799,100.511593,25.4,0.0,-0.3,-3.1,-31.9,328.1,0.0,0.0,0.0,24.67,84,POSCTL,0,0
2026-08-21T14:39:31,1787297971,13.822799,100.511593,25.4,0.0,-0.3,-3.1,-31.9,328.1,0.0,0.0,0.0,24.67,84,POSCTL,0,0
2026-08-21T14:39:32,1787297972,13.822799,100.511593,25.4,0.0,-0.3,-3.1,-31.9,328.1,0.0,0.0,0.0,24.67,84,POSCTL,0,0
2026-08-21T14:39:33,1787297973,13.822799,100.511593,25.4,0.0,-0.3,-3.1,-31.9,328.1,0.0,0.0,0.0,24.67,84,POSCTL,0,0
2026-08-21T14:39:34,1787297974,13.822798,100.511593,25.4,0.01,-0.3,-3.1,-31.9,328.1,0.0,0.01,0.0,24.67,84,POSCTL,0,0
2026-08-21T14:39:35,1787297975,13.822798,100.511593,25.4,0.01,-0.3,-3.1,-31.9,328.1,0.0,0.01,0.0,24.67,84,POSCTL,0,0
2026-08-21T14:39:36,1787297976,13.822798,100.511593,25.4,0.01,-0.3,-3.1,-31.9,328.1,0.0,0.01,0.0,24.67,84,POSCTL,0,0
2026-08-21T14:39:37,1787297977,13.822798,100.511593,25.4,0.01,-0.3,-3.1,-31.9,328.1,0.0,0.01,0.0,24.67,84,POSCTL,0,0
2026-08-21T14:39:38,1787297978,13.822798,100.511594,25.4,0.01,-0.3,-3.1,-31.9,328.1,-0.02,0.01,0.0,24.67,84,POSCTL,0,0
2026-08-21T14:39:39,1787297979,13.822798,100.511594,25.4,0.01,-0.3,-3.1,-31.9,328.1,-0.02,0.01,0.0,24.67,84,POSCTL,0,0
2026-08-21T14:39:40,1787297980,13.822798,100.511594,25.4,0.01,-0.3,-3.1,-31.9,328.1,-0.02,0.01,0.0,24.67,84,POSCTL,0,0
2026-08-21T14:39:41,1787297981,13.822798,100.511594,25.4,0.01,-0.3,-3.1,-31.9,328.1,-0.02,0.01,0.0,24.67,84,POSCTL,0,0
2026-08-21T14:39:42,1787297982,13.822798,100.511597,25.4,0.01,-0.3,-3.1,-31.9,328.1,0.0,0.0,0.0,24.67,84,POSCTL,0,0
2026-08-21T14:39:43,1787297983,13.822798,100.511597,25.4,0.01,-0.4,-3.2,-31.9,328.1,0.0,0.0,0.0,24.67,84,POSCTL,0,0
2026-08-21T14:39:44,1787297984,13.822798,100.511597,25.4,0.01,-0.4,-3.2,-31.9,328.1,0.0,0.0,0.0,24.67,84,POSCTL,0,0
2026-08-21T14:39:45,1787297985,13.822798,100.511597,25.4,0.01,-0.4,-3.2,-31.9,328.1,0.0,0.0,0.0,24.67,84,POSCTL,0,0
2026-08-21T14:39:46,1787297986,13.822798,100.511597,25.4,0.01,-0.4,-3.2,-31.9,328.1,0.0,0.0,0.0,24.67,84,POSCTL,0,0
2026-08-21T14:39:50,1787297990,13.822798,100.511601,25.4,0.01,-0.3,-3.1,-31.9,328.1,-0.02,0.04,0.0,24.67,84,POSCTL,0,0
2026-08-21T14:39:51,1787297991,13.822798,100.511601,25.4,0.01,-0.4,-3.1,-31.9,328.1,-0.02,0.04,0.0,24.67,84,POSCTL,0,0
2026-08-21T14:39:52,1787297992,13.822798,100.511601,25.4,0.01,-0.4,-3.1,-31.9,328.1,-0.02,0.04,0.0,24.67,84,POSCTL,0,0
2026-08-21T14:39:53,1787297993,13.822798,100.511601,25.4,0.01,-0.4,-3.2,-31.9,328.1,-0.02,0.04,0.0,24.67,84,POSCTL,0,0
2026-08-21T14:39:54,1787297994,13.822799,100.511601,25.4,-0.0,-0.4,-3.2,-31.9,328.1,0.0,-0.05,0.0,24.67,84,POSCTL,0,0
2026-08-21T14:39:55,1787297995,13.822799,100.511601,25.4,-0.0,-0.4,-3.2,-31.9,328.1,0.0,-0.05,0.0,24.67,84,POSCTL,0,0
2026-08-21T14:39:56,1787297996,13.822799,100.511601,25.4,-0.0,-0.4,-3.2,-31.9,328.1,0.0,-0.05,0.0,24.67,84,POSCTL,0,0
2026-08-21T14:39:57,1787297997,13.822799,100.511601,25.4,-0.0,-0.3,-3.2,-31.9,328.1,0.0,-0.05,0.0,24.67,84,POSCTL,0,0
2026-08-21T14:39:58,1787297998,13.822801,100.511601,25.4,0.0,-0.3,-3.2,-31.9,328.1,0.03,-0.02,0.0,24.67,84,POSCTL,0,0
2026-08-21T14:39:59,1787297999,13.822801,100.511601,25.4,0.0,-0.3,-3.2,-31.9,328.1,0.03,-0.02,0.0,24.67,84,POSCTL,0,0
2026-08-21T14:40:00,1787298000,13.822801,100.511601,25.4,0.0,-0.3,-3.2,-31.9,328.1,0.03,-0.02,0.0,24.67,84,POSCTL,0,0
2026-08-21T14:40:01,1787298001,13.822801,100.511601,25.4,0.0,-0.3,-3.1,-31.9,328.1,0.03,-0.02,0.0,24.67,84,POSCTL,0,0
2026-08-21T14:40:02,1787298002,13.8228,100.511604,25.4,0.0,-0.3,-3.1,-31.9,328.1,-0.01,0.03,0.0,24.67,84,POSCTL,0,0
2026-08-21T14:40:03,1787298003,13.8228,100.511604,25.4,0.0,-0.3,-3.1,-31.9,328.1,-0.01,0.03,0.0,24.67,84,POSCTL,0,0
2026-08-21T14:40:04,1787298004,13.8228,100.511604,25.4,0.0,-0.3,-3.1,-31.9,328.1,-0.01,0.03,0.0,24.67,84,POSCTL,0,0
2026-08-21T14:40:05,1787298005,13.8228,100.511604,25.4,0.0,-0.3,-3.1,-31.9,328.1,-0.01,0.03,0.0,24.67,84,POSCTL,0,0
2026-08-21T14:40:06,1787298006,13.8228,100.511604,25.4,0.0,-0.3,-3.1,-31.9,328.1,-0.01,0.03,0.0,24.67,84,POSCTL,0,0
2026-08-21T14:40:07,1787298007,13.8228,100.511603,25.4,0.0,-0.3,-3.1,-31.9,328.1,-0.01,0.03,0.0,24.67,84,POSCTL,0,0
2026-08-21T14:40:08,1787298008,13.8228,100.511603,25.4,0.0,-0.4,-3.2,-31.9,328.1,-0.01,0.03,0.0,24.67,84,POSCTL,0,0
2026-08-21T14:40:09,1787298009,13.8228,100.511603,25.4,0.0,-0.4,-3.2,-31.9,328.1,-0.01,0.03,0.0,24.67,84,POSCTL,0,0
2026-08-21T14:40:10,1787298010,13.822801,100.511602,25.4,-0.0,-0.4,-3.2,-31.9,328.1,0.01,-0.04,0.0,24.67,84,POSCTL,0,0
2026-08-21T14:40:11,1787298011,13.822801,100.511602,25.4,-0.0,-0.3,-3.2,-31.9,328.1,0.01,-0.04,0.0,24.67,84,POSCTL,0,0
2026-08-21T14:40:12,1787298012,13.822801,100.511602,25.4,-0.0,-0.3,-3.2,-31.9,328.1,0.01,-0.04,0.0,24.67,84,POSCTL,0,0
2026-08-21T14:40:13,1787298013,13.822801,100.511602,25.4,-0.0,-0.3,-3.1,-31.9,328.1,0.01,-0.04,0.0,24.67,84,POSCTL,0,0
2026-08-21T14:40:14,1787298014,13.822801,100.511602,25.4,-0.0,-0.3,-3.1,-31.9,328.1,0.01,-0.04,0.0,24.67,84,POSCTL,0,0
2026-08-21T14:40:15,1787298015,13.8228,100.511604,25.4,-0.0,-0.3,-3.1,-31.9,328.1,0.01,-0.04,0.0,24.67,84,POSCTL,0,0
2026-08-21T14:40:16,1787298016,13.8228,100.511604,25.4,-0.0,-0.3,-3.1,-31.9,328.1,0.01,-0.04,0.0,24.67,84,POSCTL,0,0
2026-08-21T14:40:19,1787298019,13.822802,100.511606,25.4,-0.0,-0.3,-3.2,-31.9,328.1,0.01,-0.04,0.0,24.67,84,POSCTL,0,0
2026-08-21T14:40:20,1787298020,13.822802,100.511606,25.4,-0.0,-0.3,-3.2,-31.9,328.1,0.01,-0.04,0.0,24.67,84,POSCTL,0,0
2026-08-21T14:40:21,1787298021,13.822802,100.511606,25.4,-0.0,-0.3,-3.2,-31.9,328.1,0.01,-0.04,0.0,24.67,84,POSCTL,0,0
2026-08-21T14:40:22,1787298022,13.822802,100.511606,25.4,-0.0,-0.3,-3.2,-31.9,328.1,0.01,-0.04,0.0,24.66,84,POSCTL,0,0
2026-08-21T14:40:23,1787298023,13.822803,100.51161,25.4,0.0,-0.3,-3.2,-31.9,328.1,0.03,0.0,0.0,24.66,84,POSCTL,0,0
2026-08-21T14:40:24,1787298024,13.822803,100.51161,25.4,0.0,-0.4,-3.1,-31.9,328.1,0.03,0.0,0.0,24.66,84,POSCTL,0,0
2026-08-21T14:40:25,1787298025,13.822803,100.51161,25.4,0.0,-0.4,-3.1,-31.9,328.1,0.03,0.0,0.0,24.66,84,POSCTL,0,0
2026-08-21T14:40:26,1787298026,13.822803,100.51161,25.4,0.0,-0.4,-3.1,-31.9,328.1,0.03,0.0,0.0,24.66,84,POSCTL,0,0
2026-08-21T14:40:27,1787298027,13.822803,100.511614,25.4,-0.0,-0.4,-3.1,-31.9,328.1,-0.02,0.04,0.0,24.66,84,POSCTL,0,0
2026-08-21T14:40:28,1787298028,13.822803,100.511614,25.4,-0.0,-0.4,-3.1,-31.9,328.1,-0.02,0.04,0.0,24.66,84,POSCTL,0,0
2026-08-21T14:40:29,1787298029,13.822803,100.511614,25.4,-0.0,-0.4,-3.1,-31.9,328.1,-0.02,0.04,0.0,24.66,84,POSCTL,0,0
2026-08-21T14:40:30,1787298030,13.822803,100.511614,25.4,-0.0,-0.4,-3.2,-31.9,328.1,0.01,-0.01,0.0,24.66,84,POSCTL,0,0
2026-08-21T14:40:31,1787298031,13.822804,100.511615,25.4,-0.0,-0.4,-3.2,-31.9,328.1,0.01,-0.01,0.0,24.66,84,POSCTL,0,0
2026-08-21T14:40:32,1787298032,13.822804,100.511615,25.4,-0.0,-0.4,-3.2,-31.9,328.1,0.01,-0.01,0.0,24.66,84,POSCTL,0,0
2026-08-21T14:40:33,1787298033,13.822804,100.511615,25.4,-0.0,-0.4,-3.2,-31.9,328.1,0.01,-0.01,0.0,24.66,84,POSCTL,0,0
2026-08-21T14:40:34,1787298034,13.822805,100.511614,25.4,0.0,-0.4,-3.2,-31.9,328.1,0.02,-0.04,0.0,24.66,84,POSCTL,0,0
2026-08-21T14:40:35,1787298035,13.822805,100.511614,25.4,0.0,-0.4,-3.2,-31.9,328.1,0.02,-0.04,0.0,24.66,84,POSCTL,0,0
2026-08-21T14:40:36,1787298036,13.822805,100.511614,25.4,0.0,-0.4,-3.2,-31.9,328.1,0.02,-0.04,0.0,24.66,84,POSCTL,0,0
2026-08-21T14:40:37,1787298037,13.822805,100.511614,25.4,0.0,-0.4,-3.2,-31.9,328.1,0.02,-0.04,0.0,24.66,84,POSCTL,0,0
2026-08-21T14:40:38,1787298038,13.822804,100.511612,25.4,-0.0,-0.4,-3.2,-31.9,328.1,-0.02,0.0,0.0,24.66,84,POSCTL,0,0
2026-08-21T14:40:39,1787298039,13.822804,100.511612,25.4,-0.0,-0.4,-3.2,-31.9,328.1,-0.02,0.0,0.0,24.66,84,POSCTL,0,0
2026-08-21T14:40:40,1787298040,13.822804,100.511612,25.4,-0.0,-0.4,-3.2,-31.9,328.1,-0.02,0.0,0.0,24.66,84,POSCTL,0,0
2026-08-21T14:40:41,1787298041,13.822804,100.511612,25.4,-0.0,-0.4,-3.2,-31.9,328.1,-0.02,0.0,0.0,24.66,84,POSCTL,0,0
2026-08-21T14:40:42,1787298042,13.822804,100.51161,25.4,-0.0,-0.4,-3.2,-31.9,328.1,-0.01,-0.01,0.0,24.66,84,POSCTL,0,0
2026-08-21T14:40:43,1787298043,13.822804,100.51161,25.4,-0.0,-0.3,-3.2,-31.9,328.1,-0.01,-0.01,0.0,24.66,84,POSCTL,0,0
2026-08-21T14:40:44,1787298044,13.822804,100.51161,25.4,-0.0,-0.3,-3.2,-31.9,328.1,-0.01,-0.01,0.0,24.66,84,POSCTL,0,0
2026-08-21T14:40:45,1787298045,13.822804,100.51161,25.4,-0.0,-0.3,-3.2,-31.9,328.1,-0.01,-0.01,0.0,24.66,84,POSCTL,0,0
2026-08-21T14:40:46,1787298046,13.822804,100.511607,25.4,-0.0,-0.3,-3.2,-31.9,328.1,0.03,-0.05,0.0,24.66,84,POSCTL,0,0
2026-08-21T14:40:47,1787298047,13.822804,100.511607,25.4,-0.0,-0.3,-3.2,-31.9,328.1,0.03,-0.05,0.0,24.66,84,POSCTL,0,0
2026-08-21T14:40:48,1787298048,13.822804,100.511607,25.4,-0.0,-0.3,-3.1,-31.9,328.1,0.03,-0.05,0.0,24.66,84,POSCTL,0,0
2026-08-21T14:40:49,1787298049,13.822804,100.511607,25.4,-0.0,-0.3,-3.1,-31.9,328.1,0.03,-0.05,0.0,24.66,84,POSCTL,0,0
2026-08-21T14:40:50,1787298050,13.822804,100.511607,25.4,-0.0,-0.3,-3.1,-31.9,328.1,0.03,-0.05,0.0,24.66,84,POSCTL,0,0
2026-08-21T14:40:51,1787298051,13.822804,100.511607,25.4,-0.0,-0.3,-3.1,-31.9,328.1,0.03,-0.05,0.0,24.66,84,POSCTL,0,0
2026-08-21T14:40:52,1787298052,13.822804,100.511607,25.4,-0.0,-0.3,-3.1,-31.9,328.1,0.03,-0.05,0.0,24.66,84,POSCTL,0,0
2026-08-21T14:40:53,1787298053,13.822804,100.511605,25.4,-0.0,-0.3,-3.1,-31.9,328.1,0.0,-0.01,0.0,24.66,84,POSCTL,0,0
2026-08-21T14:40:54,1787298054,13.822804,100.511605,25.4,-0.0,-0.3,-3.1,-31.9,328.1,0.0,-0.01,0.0,24.66,84,POSCTL,0,0
2026-08-21T14:40:55,1787298055,13.822804,100.511605,25.4,-0.0,0.0,-3.3,-32.0,328.0,0.0,-0.01,0.0,24.66,84,POSCTL,0,0
2026-08-21T14:40:56,1787298056,13.822804,100.511605,25.4,-0.0,0.0,-3.3,-32.0,328.0,0.0,-0.01,0.0,24.66,84,POSCTL,0,0
2026-08-21T14:40:57,1787298057,13.822804,100.511605,25.4,-0.0,0.0,-3.3,-32.0,328.0,0.0,-0.01,0.0,24.66,84,POSCTL,0,0
2026-08-21T14:40:58,1787298058,13.822804,100.511605,25.4,-0.0,0.0,-3.3,-32.0,328.0,0.0,-0.01,0.0,24.66,84,POSCTL,0,0
2026-08-21T14:40:59,1787298059,13.822804,100.511605,25.4,-0.0,0.2,-3.4,-32.0,328.0,0.0,-0.01,0.0,24.66,84,POSCTL,0,0
2026-08-21T14:41:00,1787298060,13.822803,100.511604,25.4,0.0,0.2,-3.4,-32.0,328.0,-0.01,0.01,0.0,24.66,84,POSCTL,0,0
2026-08-21T14:41:01,1787298061,13.822803,100.511603,25.4,0.0,0.3,-3.4,-32.0,328.0,-0.01,0.01,0.0,24.66,84,POSCTL,0,0
2026-08-21T14:41:02,1787298062,13.822803,100.511603,25.4,0.0,0.3,-3.4,-32.0,328.0,-0.01,0.01,0.0,24.66,84,POSCTL,0,0
2026-08-21T14:41:03,1787298063,13.822803,100.511603,25.4,-0.0,0.2,-3.4,-32.0,328.0,0.0,-0.04,0.0,24.66,84,POSCTL,0,0
2026-08-21T14:41:04,1787298064,13.822804,100.511604,25.4,-0.0,0.2,-3.4,-32.0,328.0,0.0,-0.04,0.0,24.66,84,POSCTL,0,0
2026-08-21T14:41:05,1787298065,13.822804,100.511604,25.4,-0.0,0.2,-3.4,-32.0,328.0,0.0,-0.04,0.0,24.66,84,POSCTL,0,0
2026-08-21T14:41:06,1787298066,13.822804,100.511604,25.4,-0.0,0.2,-3.4,-32.0,328.0,0.0,-0.04,0.0,24.66,84,POSCTL,0,0
2026-08-21T14:41:07,1787298067,13.822804,100.511604,25.4,-0.0,0.3,-3.3,-33.8,326.2,0.0,-0.04,0.0,24.66,84,POSCTL,0,0
2026-08-21T14:41:08,1787298068,13.822805,100.511605,25.4,0.0,0.3,-3.3,-33.8,326.2,-0.02,0.04,0.0,24.66,84,POSCTL,0,0
2026-08-21T14:41:09,1787298069,13.822808,100.511608,25.4,0.0,0.3,-3.3,-33.8,326.2,-0.02,0.04,0.0,24.66,84,POSCTL,0,0
2026-08-21T14:41:10,1787298070,13.822808,100.511608,25.4,0.0,0.1,-3.2,-33.8,326.2,-0.02,0.04,0.0,24.66,84,POSCTL,0,0
2026-08-21T14:41:11,1787298071,13.822808,100.511607,25.4,0.0,0.1,-3.2,-33.8,326.2,0.04,0.02,0.0,24.66,84,POSCTL,0,0
2026-08-21T14:41:12,1787298072,13.822808,100.511607,25.4,0.0,0.2,-3.3,-33.8,326.2,0.04,0.02,0.0,24.66,84,POSCTL,0,0
2026-08-21T14:41:13,1787298073,13.822812,100.511611,25.4,0.0,0.2,-3.3,-33.8,326.2,0.04,0.02,0.0,24.66,84,POSCTL,0,0
2026-08-21T14:41:14,1787298074,13.822812,100.511611,25.4,0.0,0.3,-3.3,-34.0,326.0,0.04,0.02,0.0,24.66,84,POSCTL,0,0
2026-08-21T14:41:15,1787298075,13.822812,100.511611,25.4,0.0,0.3,-3.3,-34.0,326.0,0.04,0.02,0.0,24.66,84,POSCTL,0,0
2026-08-21T14:41:17,1787298077,13.822815,100.511613,25.4,0.0,0.2,-3.3,-34.4,325.6,0.04,0.02,0.0,24.66,84,POSCTL,0,0
2026-08-21T14:41:18,1787298078,13.822815,100.511613,25.4,0.0,0.2,-3.3,-34.4,325.6,0.04,0.02,0.0,24.66,84,POSCTL,0,0
2026-08-21T14:41:19,1787298079,13.822814,100.511611,25.4,-0.03,0.2,-3.3,-34.5,325.5,-0.01,-0.05,0.0,24.66,84,POSCTL,0,0
2026-08-21T14:41:20,1787298080,13.822816,100.511613,25.4,-0.03,0.2,-3.3,-34.5,325.5,-0.01,-0.05,0.0,24.66,84,POSCTL,0,0
2026-08-21T14:41:21,1787298081,13.822816,100.511613,25.4,-0.03,0.3,-3.3,-34.6,325.4,-0.01,-0.05,0.0,24.66,84,POSCTL,0,0
2026-08-21T14:41:22,1787298082,13.822816,100.511613,25.4,-0.03,0.4,-3.2,-34.7,325.3,-0.01,-0.05,0.0,24.66,84,POSCTL,0,0
2026-08-21T14:41:23,1787298083,13.822816,100.511613,25.4,-0.03,0.4,-3.2,-34.7,325.3,-0.01,-0.05,0.0,24.66,84,POSCTL,0,0
2026-08-21T14:41:24,1787298084,13.822816,100.511613,25.4,-0.03,0.4,-3.2,-34.7,325.3,-0.01,-0.05,0.0,24.66,84,POSCTL,0,0
2026-08-21T14:41:25,1787298085,13.822816,100.511613,25.4,-0.03,0.4,-3.2,-34.7,325.3,-0.01,-0.05,0.0,24.66,84,POSCTL,0,0
2026-08-21T14:41:26,1787298086,13.822816,100.511613,25.4,-0.03,0.4,-3.2,-34.7,325.3,-0.01,-0.05,0.0,24.66,84,POSCTL,0,0
2026-08-21T14:41:27,1787298087,13.822816,100.511613,25.4,-0.03,0.3,-3.3,-34.8,325.2,-0.01,-0.05,0.0,24.66,84,POSCTL,0,0
2026-08-21T14:41:28,1787298088,13.822813,100.51161,25.4,0.01,0.3,-3.3,-34.8,325.2,-0.01,-0.06,0.0,24.66,84,POSCTL,0,0
2026-08-21T14:41:29,1787298089,13.822813,100.51161,25.4,0.01,0.3,-3.2,-34.8,325.2,-0.01,-0.06,0.0,24.66,84,POSCTL,0,0
2026-08-21T14:41:30,1787298090,13.822813,100.51161,25.4,0.01,0.3,-3.2,-34.8,325.2,-0.01,-0.06,0.0,24.66,84,POSCTL,0,0
2026-08-21T14:41:31,1787298091,13.822813,100.51161,25.4,0.01,0.4,-3.3,-34.9,325.1,-0.01,-0.06,0.0,24.66,84,POSCTL,0,0
2026-08-21T14:41:32,1787298092,13.822813,100.511607,25.4,-0.0,0.4,-3.3,-34.9,325.1,0.0,-0.02,0.0,24.66,84,POSCTL,0,0
2026-08-21T14:41:33,1787298093,13.822813,100.511607,25.4,-0.0,0.4,-3.3,-34.9,325.1,0.0,-0.02,0.0,24.66,84,POSCTL,0,0
2026-08-21T14:41:34,1787298094,13.822813,100.511607,25.4,-0.0,0.4,-3.3,-34.9,325.1,0.0,-0.02,0.0,24.66,84,POSCTL,0,0
2026-08-21T14:41:35,1787298095,13.822813,100.511607,25.4,-0.0,0.4,-3.3,-34.9,325.1,0.0,-0.02,0.0,24.66,84,POSCTL,0,0
2026-08-21T14:41:36,1787298096,13.822813,100.511604,25.4,-0.0,0.4,-3.3,-34.9,325.1,0.0,-0.02,0.0,24.66,84,POSCTL,0,0
2026-08-21T14:41:37,1787298097,13.822813,100.511604,25.4,-0.0,0.4,-3.3,-34.9,325.1,0.0,-0.02,0.0,24.66,84,POSCTL,0,0
2026-08-21T14:41:38,1787298098,13.822813,100.511604,25.4,-0.0,0.4,-3.3,-34.9,325.1,0.0,-0.02,0.0,24.66,84,POSCTL,0,0
2026-08-21T14:41:39,1787298099,13.822813,100.511604,25.4,-0.0,0.4,-3.3,-35.1,324.9,0.0,-0.02,0.0,24.66,84,POSCTL,0,0
2026-08-21T14:41:40,1787298100,13.822814,100.511604,25.4,-0.01,0.4,-3.3,-35.1,324.9,0.03,-0.02,0.0,24.66,84,POSCTL,0,0
2026-08-21T14:41:41,1787298101,13.822813,100.511602,25.4,-0.01,0.4,-3.3,-35.1,324.9,0.03,-0.02,0.0,24.66,84,POSCTL,0,0
2026-08-21T14:41:42,1787298102,13.822813,100.511602,25.4,-0.01,0.4,-3.2,-35.2,324.8,0.03,-0.02,0.0,24.66,84,POSCTL,0,0
2026-08-21T14:41:43,1787298103,13.822813,100.511602,25.4,-0.01,0.4,-3.2,-35.2,324.8,0.03,-0.02,0.0,24.66,84,POSCTL,0,0
2026-08-21T14:41:44,1787298104,13.822813,100.511602,25.4,-0.0,0.4,-3.2,-35.2,324.8,-0.01,0.0,0.0,24.66,84,POSCTL,0,0
2026-08-21T14:41:45,1787298105,13.822813,100.511602,25.4,-0.0,0.4,-3.2,-35.2,324.8,-0.01,0.0,0.0,24.66,84,POSCTL,0,0
2026-08-21T14:41:46,1787298106,13.822813,100.511602,25.4,-0.0,0.4,-3.2,-35.2,324.8,-0.01,0.0,0.0,24.66,84,POSCTL,0,0
2026-08-21T14:41:47,1787298107,13.822813,100.511602,25.4,-0.0,0.4,-3.2,-35.2,324.8,-0.01,0.0,0.0,24.66,84,POSCTL,0,0
2026-08-21T14:41:48,1787298108,13.822812,100.511601,25.4,-0.0,0.4,-3.2,-35.3,324.7,-0.01,0.0,0.0,24.66,84,POSCTL,0,0
2026-08-21T14:41:49,1787298109,13.822811,100.511601,25.4,-0.0,0.4,-3.2,-35.3,324.7,-0.01,0.0,0.0,24.66,84,POSCTL,0,0
2026-08-21T14:41:50,1787298110,13.822811,100.511601,25.4,-0.0,0.3,-3.2,-35.3,324.7,-0.01,0.0,0.0,24.66,84,POSCTL,0,0
2026-08-21T14:41:51,1787298111,13.822811,100.511601,25.4,-0.0,0.3,-3.2,-35.3,324.7,-0.01,0.0,0.0,24.66,84,POSCTL,0,0
2026-08-21T14:41:52,1787298112,13.822811,100.511601,25.4,-0.0,0.3,-3.2,-35.3,324.7,-0.01,0.0,0.0,24.66,84,POSCTL,0,0
2026-08-21T14:41:53,1787298113,13.822811,100.511601,25.4,-0.0,0.3,-3.2,-35.3,324.7,-0.01,0.0,0.0,24.66,84,POSCTL,0,0
2026-08-21T14:41:54,1787298114,13.822809,100.511599,25.4,-0.0,0.3,-3.2,-35.3,324.7,-0.01,0.0,0.0,24.66,84,POSCTL,0,0
2026-08-21T14:41:55,1787298115,13.822809,100.511599,25.4,-0.0,0.3,-3.3,-35.4,324.6,-0.01,0.0,0.0,24.66,84,POSCTL,0,0
2026-08-21T14:41:56,1787298116,13.822809,100.511599,25.4,-0.0,0.3,-3.3,-35.4,324.6,-0.01,0.0,0.0,24.66,84,POSCTL,0,0
2026-08-21T14:41:57,1787298117,13.822809,100.511599,25.4,-0.0,0.3,-3.2,-35.4,324.6,-0.01,0.0,0.0,24.66,84,POSCTL,0,0
2026-08-21T14:41:58,1787298118,13.822807,100.5116,25.4,-0.0,0.3,-3.2,-35.4,324.6,-0.03,0.01,0.0,24.66,84,POSCTL,0,0
2026-08-21T14:41:59,1787298119,13.822807,100.5116,25.4,-0.0,0.4,-3.3,-35.5,324.5,-0.03,0.01,0.0,24.66,84,POSCTL,0,0
2026-08-21T14:42:00,1787298120,13.822807,100.5116,25.4,-0.0,0.4,-3.3,-35.5,324.5,-0.03,0.01,0.0,24.66,84,POSCTL,0,0
2026-08-21T14:42:01,1787298121,13.822807,100.5116,25.4,-0.0,0.4,-3.3,-35.5,324.5,-0.03,0.01,0.0,24.66,84,POSCTL,0,0
2026-08-21T14:42:02,1787298122,13.822807,100.5116,25.4,-0.0,0.4,-3.3,-35.5,324.5,-0.03,0.01,0.0,24.66,84,POSCTL,0,0
2026-08-21T14:42:04,1787298124,13.822807,100.5116,25.4,-0.0,0.4,-3.3,-35.5,324.5,-0.03,0.01,0.0,24.66,84,POSCTL,0,0
2026-08-21T14:42:05,1787298125,13.822807,100.5116,25.4,-0.0,0.3,-3.3,-35.6,324.4,-0.03,0.01,0.0,24.66,84,POSCTL,0,0
2026-08-21T14:42:06,1787298126,13.822805,100.511601,25.4,-0.0,0.3,-3.3,-35.6,324.4,0.0,0.0,0.0,24.66,84,POSCTL,0,0
2026-08-21T14:42:07,1787298127,13.822805,100.511601,25.4,-0.0,0.4,-3.3,-35.6,324.4,0.0,0.0,0.0,24.66,84,POSCTL,0,0
2026-08-21T14:42:08,1787298128,13.822805,100.511601,25.4,-0.0,0.4,-3.3,-35.6,324.4,0.0,0.0,0.0,24.66,84,POSCTL,0,0
2026-08-21T14:42:09,1787298129,13.822805,100.511601,25.4,-0.0,0.4,-3.3,-35.6,324.4,0.0,0.0,0.0,24.66,84,POSCTL,0,0
2026-08-21T14:42:10,1787298130,13.822805,100.511602,25.4,0.0,0.4,-3.3,-35.6,324.4,0.02,0.03,0.0,24.66,84,POSCTL,0,0
2026-08-21T14:42:11,1787298131,13.822805,100.511602,25.4,0.0,0.4,-3.3,-35.6,324.4,0.02,0.03,0.0,24.66,84,POSCTL,0,0
2026-08-21T14:42:12,1787298132,13.822805,100.511602,25.4,0.0,0.4,-3.3,-35.6,324.4,0.02,0.03,0.0,24.66,84,POSCTL,0,0
2026-08-21T14:42:13,1787298133,13.822805,100.511602,25.4,0.0,0.4,-3.3,-35.6,324.4,0.02,0.03,0.0,24.66,84,POSCTL,0,0
2026-08-21T14:42:14,1787298134,13.822806,100.511602,25.4,-0.0,0.3,-3.3,-35.6,324.4,0.0,-0.01,0.0,24.66,84,POSCTL,0,0
2026-08-21T14:42:15,1787298135,13.822807,100.511602,25.4,-0.0,0.3,-3.3,-35.6,324.4,0.0,-0.01,0.0,24.66,84,POSCTL,0,0
2026-08-21T14:42:16,1787298136,13.822807,100.511602,25.4,-0.0,0.2,-3.3,-35.6,324.4,0.0,-0.01,0.0,24.66,84,POSCTL,0,0
2026-08-21T14:42:17,1787298137,13.822807,100.511602,25.4,-0.0,0.2,-3.3,-35.6,324.4,0.0,-0.01,0.0,24.66,84,POSCTL,0,0
2026-08-21T14:42:18,1787298138,13.822807,100.511603,25.4,0.0,0.2,-3.3,-35.6,324.4,0.0,0.01,0.0,24.66,84,POSCTL,0,0
2026-08-21T14:42:19,1787298139,13.822808,100.511603,25.4,0.0,0.3,-3.2,-35.7,324.3,0.0,0.01,0.0,24.66,84,POSCTL,0,0
2026-08-21T14:42:20,1787298140,13.822808,100.511603,25.4,0.0,0.3,-3.2,-35.7,324.3,0.0,0.01,0.0,24.66,84,POSCTL,0,0
2026-08-21T14:42:21,1787298141,13.822808,100.511603,25.4,0.0,0.3,-3.2,-35.7,324.3,0.0,0.01,0.0,24.66,84,POSCTL,0,0
2026-08-21T14:42:22,1787298142,13.822808,100.511603,25.4,0.0,0.3,-3.2,-35.7,324.3,0.0,0.01,0.0,24.66,84,POSCTL,0,0
2026-08-21T14:42:23,1787298143,13.822808,100.511604,25.4,0.0,0.3,-3.2,-35.7,324.3,0.0,0.0,0.0,24.66,84,POSCTL,0,0
2026-08-21T14:42:24,1787298144,13.822808,100.511604,25.4,0.0,0.3,-3.3,-35.7,324.3,0.0,0.0,0.0,24.66,84,POSCTL,0,0
2026-08-21T14:42:25,1787298145,13.822808,100.511604,25.4,0.0,0.3,-3.3,-35.7,324.3,0.0,0.0,0.0,24.66,84,POSCTL,0,0
2026-08-21T14:42:26,1787298146,13.822808,100.511604,25.4,0.0,0.3,-3.3,-35.7,324.3,0.0,0.0,0.0,24.66,84,POSCTL,0,0
2026-08-21T14:42:27,1787298147,13.822809,100.511603,25.4,-0.0,0.3,-3.3,-35.7,324.3,0.0,-0.03,0.0,24.66,84,POSCTL,0,0
2026-08-21T14:42:28,1787298148,13.822809,100.511603,25.4,-0.0,0.3,-3.3,-35.7,324.3,0.0,-0.03,0.0,24.66,84,POSCTL,0,0
2026-08-21T14:42:29,1787298149,13.822809,100.511603,25.4,-0.0,0.3,-3.3,-35.7,324.3,0.0,-0.03,0.0,24.66,84,POSCTL,0,0
2026-08-21T14:42:30,1787298150,13.822809,100.511603,25.4,-0.0,0.3,-3.3,-35.7,324.3,0.0,-0.03,0.0,24.66,84,POSCTL,0,0
2026-08-21T14:42:31,1787298151,13.822809,100.511603,25.4,-0.0,0.3,-3.3,-35.7,324.3,0.0,-0.03,0.0,24.66,84,POSCTL,0,0
2026-08-21T14:42:32,1787298152,13.822809,100.511603,25.4,-0.0,0.3,-3.2,-35.8,324.2,0.0,-0.03,0.0,24.66,84,POSCTL,0,0
2026-08-21T14:42:33,1787298153,13.822809,100.511603,25.4,-0.0,0.3,-3.2,-35.8,324.2,0.0,-0.03,0.0,24.66,84,POSCTL,0,0
2026-08-21T14:42:34,1787298154,13.822809,100.511603,25.4,-0.0,0.3,-3.2,-35.8,324.2,0.0,-0.03,0.0,24.66,84,POSCTL,0,0
2026-08-21T14:42:35,1787298155,13.822811,100.511603,25.4,0.0,0.3,-3.2,-35.8,324.2,-0.01,0.0,0.0,24.66,84,POSCTL,0,0
2026-08-21T14:42:36,1787298156,13.822811,100.511603,25.4,0.0,0.3,-3.2,-35.8,324.2,-0.01,0.0,0.0,24.66,84,POSCTL,0,0
2026-08-21T14:42:37,1787298157,13.822811,100.511603,25.4,0.0,0.3,-3.2,-35.8,324.2,-0.01,0.0,0.0,24.66,84,POSCTL,0,0
2026-08-21T14:42:38,1787298158,13.822811,100.511603,25.4,0.0,0.3,-3.2,-35.8,324.2,-0.01,0.0,0.0,24.66,84,POSCTL,0,0
2026-08-21T14:42:39,1787298159,13.822811,100.511602,25.4,-0.01,0.3,-3.2,-35.8,324.2,0.0,-0.03,0.0,24.66,84,POSCTL,0,0
2026-08-21T14:42:40,1787298160,13.822811,100.511602,25.4,-0.01,0.3,-3.3,-35.8,324.2,0.0,-0.03,0.0,24.66,84,POSCTL,0,0
2026-08-21T14:42:41,1787298161,13.822811,100.511602,25.4,-0.01,0.3,-3.3,-35.8,324.2,0.0,-0.03,0.0,24.66,84,POSCTL,0,0
2026-08-21T14:42:42,1787298162,13.822811,100.511602,25.4,-0.01,0.3,-3.2,-35.8,324.2,0.0,-0.03,0.0,24.66,84,POSCTL,0,0
2026-08-21T14:42:43,1787298163,13.822811,100.511602,25.4,-0.01,0.3,-3.2,-35.8,324.2,0.0,-0.03,0.0,24.66,84,POSCTL,0,0
2026-08-21T14:42:44,1787298164,13.822811,100.511602,25.4,0.0,0.3,-3.2,-35.8,324.2,0.0,0.02,0.0,24.66,84,POSCTL,0,0
2026-08-21T14:42:45,1787298165,13.822811,100.511602,25.4,0.0,0.3,-3.2,-35.8,324.2,0.0,0.02,0.0,24.66,84,POSCTL,0,0
2026-08-21T14:42:46,1787298166,13.822811,100.511602,25.4,0.0,0.3,-3.2,-35.8,324.2,0.0,0.02,0.0,24.66,84,POSCTL,0,0
2026-08-21T14:42:47,1787298167,13.822811,100.511602,25.4,0.0,0.3,-3.2,-35.8,324.2,0.0,0.02,0.0,24.66,84,POSCTL,0,0
2026-08-21T14:42:48,1787298168,13.82281,100.511602,25.4,0.0,0.3,-3.2,-35.8,324.2,-0.02,0.0,0.0,24.66,84,POSCTL,0,0
2026-08-21T14:42:49,1787298169,13.82281,100.511602,25.4,0.0,0.3,-3.3,-35.8,324.2,-0.02,0.0,0.0,24.66,84,POSCTL,0,0
2026-08-21T14:42:50,1787298170,13.82281,100.511602,25.4,0.0,0.3,-3.3,-35.8,324.2,-0.02,0.0,0.0,24.66,84,POSCTL,0,0
2026-08-21T14:42:51,1787298171,13.82281,100.511602,25.4,0.0,0.3,-3.3,-35.8,324.2,-0.02,0.0,0.0,24.66,84,POSCTL,0,0
2026-08-21T14:42:52,1787298172,13.82281,100.511602,25.4,-0.0,0.3,-3.3,-35.8,324.2,0.0,-0.03,0.0,24.66,84,POSCTL,0,0
2026-08-21T14:42:53,1787298173,13.82281,100.511602,25.4,-0.0,0.3,-3.3,-35.8,324.2,0.0,-0.03,0.0,24.66,84,POSCTL,0,0
2026-08-21T14:42:54,1787298174,13.82281,100.511602,25.4,-0.0,0.3,-3.3,-35.8,324.2,0.0,-0.03,0.0,24.66,84,POSCTL,0,0
2026-08-21T14:42:55,1787298175,13.822808,100.511603,25.4,0.0,0.3,-3.3,-35.8,324.2,0.0,0.02,0.0,24.66,84,POSCTL,0,0
2026-08-21T14:42:56,1787298176,13.822808,100.511603,25.4,0.0,0.3,-3.3,-35.8,324.2,0.0,0.02,0.0,24.66,84,POSCTL,0,0
2026-08-21T14:42:57,1787298177,13.822808,100.511603,25.4,0.0,0.3,-3.2,-35.8,324.2,0.0,0.02,0.0,24.66,84,POSCTL,0,0
2026-08-21T14:42:58,1787298178,13.822808,100.511603,25.4,0.0,0.3,-3.2,-35.8,324.2,0.0,0.02,0.0,24.66,84,POSCTL,0,0
2026-08-21T14:42:59,1787298179,13.822806,100.511604,25.4,0.0,0.3,-3.2,-35.8,324.2,-0.02,0.01,0.0,24.66,84,POSCTL,0,0
2026-08-21T14:43:00,1787298180,13.822806,100.511604,25.4,0.0,0.3,-3.2,-35.8,324.2,-0.02,0.01,0.0,24.66,84,POSCTL,0,0
2026-08-21T14:43:01,1787298181,13.822806,100.511604,25.4,0.0,0.3,-3.2,-35.8,324.2,-0.02,0.01,0.0,24.66,84,POSCTL,0,0
2026-08-21T14:43:02,1787298182,13.822806,100.511604,25.4,0.0,0.3,-3.2,-35.8,324.2,-0.02,0.01,0.0,24.66,84,POSCTL,0,0
2026-08-21T14:43:03,1787298183,13.822805,100.511604,25.4,-0.0,0.3,-3.2,-35.8,324.2,-0.01,-0.01,0.0,24.66,84,POSCTL,0,0
2026-08-21T14:43:04,1787298184,13.822805,100.511604,25.4,-0.0,0.3,-3.3,-35.8,324.2,-0.01,-0.01,0.0,24.66,84,POSCTL,0,0
2026-08-21T14:43:05,1787298185,13.822805,100.511604,25.4,-0.0,0.3,-3.3,-35.8,324.2,-0.01,-0.01,0.0,24.66,84,POSCTL,0,0
2026-08-21T14:43:06,1787298186,13.822805,100.511605,25.4,0.0,0.4,-3.3,-35.8,324.2,0.01,0.03,0.0,24.66,84,POSCTL,0,0
2026-08-21T14:43:07,1787298187,13.822804,100.511605,25.4,0.0,0.4,-3.3,-35.8,324.2,0.01,0.03,0.0,24.66,84,POSCTL,0,0
2026-08-21T14:43:08,1787298188,13.822804,100.511605,25.4,0.0,0.4,-3.3,-35.8,324.2,0.01,0.03,0.0,24.66,84,POSCTL,0,0
2026-08-21T14:43:09,1787298189,13.822804,100.511605,25.4,0.0,0.4,-3.3,-35.8,324.2,0.01,0.03,0.0,24.66,84,POSCTL,0,0
2026-08-21T14:43:10,1787298190,13.822804,100.511606,25.4,0.0,0.4,-3.3,-35.8,324.2,0.01,0.03,0.0,24.66,84,POSCTL,0,0
2026-08-21T14:43:11,1787298191,13.822804,100.511606,25.4,0.0,0.4,-3.3,-35.8,324.2,0.01,0.03,0.0,24.66,84,POSCTL,0,0
2026-08-21T14:43:12,1787298192,13.822804,100.511606,25.4,0.0,0.3,-3.3,-35.8,324.2,0.01,0.03,0.0,24.66,84,POSCTL,0,0
2026-08-21T14:43:13,1787298193,13.822804,100.511606,25.4,0.0,0.3,-3.3,-35.8,324.2,0.01,0.03,0.0,24.66,84,POSCTL,0,0
2026-08-21T14:43:14,1787298194,13.822803,100.511605,25.4,-0.01,0.3,-3.3,-35.8,324.2,-0.01,-0.02,0.0,24.66,84,POSCTL,0,0
2026-08-21T14:43:15,1787298195,13.822803,100.511605,25.4,-0.01,0.3,-3.3,-35.8,324.2,-0.01,-0.02,0.0,24.66,84,POSCTL,0,0
2026-08-21T14:43:16,1787298196,13.822803,100.511605,25.4,-0.01,0.3,-3.3,-35.8,324.2,-0.01,-0.02,0.0,24.66,84,POSCTL,0,0
2026-08-21T14:43:17,1787298197,13.822804,100.511606,25.4,-0.01,0.3,-3.3,-35.8,324.2,0.02,0.0,0.0,24.66,84,POSCTL,0,0
2026-08-21T14:43:18,1787298198,13.822804,100.511606,25.4,-0.01,0.3,-3.3,-35.8,324.2,0.02,0.0,0.0,24.66,84,POSCTL,0,0
2026-08-21T14:43:19,1787298199,13.822804,100.511606,25.4,-0.01,0.3,-3.3,-35.8,324.2,0.02,0.0,0.0,24.66,84,POSCTL,0,0
2026-08-21T14:43:21,1787298201,13.822804,100.511606,25.4,-0.01,0.3,-3.3,-35.8,324.2,0.02,0.0,0.0,24.66,84,POSCTL,0,0
2026-08-21T14:43:22,1787298202,13.822805,100.511607,25.5,0.03,0.0,-3.3,-35.6,324.4,0.01,0.0,-0.01,24.66,84,POSCTL,0,0
2026-08-21T14:43:23,1787298203,13.822805,100.511607,25.5,0.03,0.0,-3.3,-35.6,324.4,0.01,0.0,-0.01,24.66,84,POSCTL,0,0
2026-08-21T14:43:24,1787298204,13.822805,100.511607,25.5,0.03,0.1,-3.2,-35.7,324.3,0.01,0.0,-0.01,24.66,84,POSCTL,0,0
2026-08-21T14:43:25,1787298205,13.822805,100.511606,25.5,0.04,0.1,-3.2,-35.7,324.3,-0.02,-0.01,-0.01,24.66,84,POSCTL,0,0
2026-08-21T14:43:26,1787298206,13.822805,100.511606,25.5,0.04,0.0,-3.2,-35.7,324.3,-0.02,-0.01,-0.01,24.66,84,POSCTL,0,0
2026-08-21T14:43:27,1787298207,13.822805,100.511606,25.5,0.04,0.0,-3.2,-35.7,324.3,-0.02,-0.01,-0.01,24.66,84,POSCTL,0,0
2026-08-21T14:43:28,1787298208,13.822805,100.511606,25.5,0.04,0.0,-3.2,-35.7,324.3,-0.02,-0.01,-0.01,24.66,84,POSCTL,0,0
2026-08-21T14:43:29,1787298209,13.822805,100.511606,25.5,0.04,0.0,-3.2,-35.7,324.3,-0.02,-0.01,-0.01,24.66,84,POSCTL,0,0
2026-08-21T14:43:30,1787298210,13.822805,100.511606,25.5,0.04,0.3,-3.2,-35.7,324.3,-0.02,-0.01,-0.01,24.66,84,POSCTL,0,0
2026-08-21T14:43:31,1787298211,13.822805,100.511606,25.5,0.04,0.3,-3.2,-35.7,324.3,-0.02,-0.01,-0.01,24.66,84,POSCTL,0,0
2026-08-21T14:43:32,1787298212,13.822805,100.511606,25.5,0.04,0.3,-3.2,-35.7,324.3,-0.02,-0.01,-0.01,24.66,84,POSCTL,0,0
2026-08-21T14:43:33,1787298213,13.822802,100.511607,25.4,-0.01,0.1,-3.2,-35.7,324.3,-0.06,-0.01,0.0,24.66,84,POSCTL,0,0
2026-08-21T14:43:34,1787298214,13.822802,100.511607,25.4,-0.01,0.2,-3.3,-35.7,324.3,-0.06,-0.01,0.0,24.66,84,POSCTL,0,0
2026-08-21T14:43:35,1787298215,13.822802,100.511607,25.4,-0.01,0.2,-3.3,-35.7,324.3,-0.06,-0.01,0.0,24.66,84,POSCTL,0,0
2026-08-21T14:43:36,1787298216,13.822802,100.511607,25.4,-0.01,0.2,-3.3,-35.7,324.3,-0.06,-0.01,0.0,24.66,84,POSCTL,0,0
2026-08-21T14:43:37,1787298217,13.822802,100.511608,25.4,-0.0,0.2,-3.3,-35.7,324.3,0.0,0.0,0.0,24.66,84,POSCTL,0,0
2026-08-21T14:43:38,1787298218,13.822802,100.511608,25.4,-0.0,0.2,-3.3,-35.7,324.3,0.0,0.0,0.0,24.66,84,POSCTL,0,0
2026-08-21T14:43:39,1787298219,13.822802,100.511608,25.4,-0.0,0.2,-3.3,-35.7,324.3,0.0,0.0,0.0,24.66,84,POSCTL,0,0
2026-08-21T14:43:40,1787298220,13.822802,100.511608,25.4,-0.0,0.2,-3.3,-35.7,324.3,0.0,0.0,0.0,24.66,84,POSCTL,0,0
2026-08-21T14:43:41,1787298221,13.8228,100.511609,25.4,-0.01,0.2,-3.3,-35.7,324.3,0.0,0.0,0.0,24.66,84,POSCTL,0,0
2026-08-21T14:43:42,1787298222,13.8228,100.511609,25.4,-0.01,0.2,-3.3,-35.7,324.3,0.0,0.0,0.0,24.66,84,POSCTL,0,0
2026-08-21T14:43:43,1787298223,13.8228,100.511609,25.4,-0.01,0.2,-3.3,-35.7,324.3,0.0,0.0,0.0,24.66,84,POSCTL,0,0
2026-08-21T14:43:44,1787298224,13.8228,100.511609,25.4,-0.01,0.2,-3.3,-35.7,324.3,0.0,0.0,0.0,24.66,84,POSCTL,0,0
2026-08-21T14:43:45,1787298225,13.822798,100.511611,25.4,-0.01,0.2,-3.3,-35.7,324.3,-0.01,0.03,0.0,24.66,84,POSCTL,0,0
2026-08-21T14:43:46,1787298226,13.822798,100.511611,25.4,-0.01,0.2,-3.3,-35.7,324.3,-0.01,0.03,0.0,24.66,84,POSCTL,0,0
2026-08-21T14:43:47,1787298227,13.822798,100.511611,25.4,-0.01,0.2,-3.3,-35.7,324.3,-0.01,0.03,0.0,24.66,84,POSCTL,0,0
2026-08-21T14:43:48,1787298228,13.822798,100.511611,25.4,-0.01,0.2,-3.3,-35.7,324.3,-0.01,0.03,0.0,24.66,84,POSCTL,0,0
2026-08-21T14:43:49,1787298229,13.822797,100.511611,25.4,-0.0,0.2,-3.3,-35.7,324.3,-0.01,0.0,0.0,24.66,84,POSCTL,0,0
2026-08-21T14:43:50,1787298230,13.822797,100.511611,25.4,-0.0,0.2,-3.3,-35.7,324.3,-0.01,0.0,0.0,24.66,84,POSCTL,0,0
2026-08-21T14:43:51,1787298231,13.822797,100.511611,25.4,-0.0,0.2,-3.3,-35.7,324.3,-0.01,0.0,0.0,24.66,84,POSCTL,0,0
2026-08-21T14:43:52,1787298232,13.822797,100.511611,25.4,-0.0,0.2,-3.3,-35.7,324.3,-0.01,0.0,0.0,24.66,84,POSCTL,0,0
2026-08-21T14:43:53,1787298233,13.822795,100.511611,25.4,0.0,0.2,-3.3,-35.7,324.3,0.0,0.0,0.0,24.66,84,POSCTL,0,0
2026-08-21T14:43:54,1787298234,13.822795,100.511611,25.4,0.0,0.2,-3.3,-35.7,324.3,0.0,0.0,0.0,24.66,84,POSCTL,0,0
2026-08-21T14:43:55,1787298235,13.822795,100.511611,25.4,0.0,0.2,-3.3,-35.7,324.3,0.0,0.0,0.0,24.66,84,POSCTL,0,0
2026-08-21T14:43:56,1787298236,13.822795,100.511611,25.4,0.0,0.2,-3.3,-35.7,324.3,0.0,0.0,0.0,24.66,84,POSCTL,0,0
2026-08-21T14:43:57,1787298237,13.822793,100.511612,25.4,0.0,0.2,-3.3,-35.7,324.3,0.0,0.02,0.0,24.66,84,POSCTL,0,0
2026-08-21T14:43:58,1787298238,13.822793,100.511612,25.4,0.0,0.2,-3.3,-35.7,324.3,0.0,0.02,0.0,24.66,84,POSCTL,0,0
2026-08-21T14:43:59,1787298239,13.822793,100.511612,25.4,0.0,0.2,-3.3,-35.7,324.3,0.0,0.02,0.0,24.66,84,POSCTL,0,0
2026-08-21T14:44:00,1787298240,13.822793,100.511612,25.4,0.0,0.2,-3.3,-35.7,324.3,0.0,0.02,0.0,24.66,84,POSCTL,0,0
2026-08-21T14:44:01,1787298241,13.82279,100.511613,25.4,-0.0,0.2,-3.3,-35.7,324.3,-0.04,0.0,0.0,24.66,84,POSCTL,0,0
2026-08-21T14:44:02,1787298242,13.82279,100.511613,25.4,-0.0,0.2,-3.3,-35.7,324.3,-0.04,0.0,0.0,24.66,84,POSCTL,0,0
2026-08-21T14:44:04,1787298244,13.82279,100.511613,25.4,-0.0,0.2,-3.3,-35.7,324.3,-0.04,0.0,0.0,24.66,84,POSCTL,0,0
2026-08-21T14:44:05,1787298245,13.822787,100.511613,25.4,-0.0,0.2,-3.3,-35.7,324.3,-0.03,-0.02,0.0,24.66,84,POSCTL,0,0
2026-08-21T14:44:06,1787298246,13.822787,100.511613,25.4,-0.0,0.2,-3.3,-35.7,324.3,-0.03,-0.02,0.0,24.66,84,POSCTL,0,0
2026-08-21T14:44:07,1787298247,13.822787,100.511613,25.4,-0.0,0.2,-3.3,-35.7,324.3,-0.03,-0.02,0.0,24.66,84,POSCTL,0,0
2026-08-21T14:44:08,1787298248,13.822787,100.511613,25.4,-0.0,0.3,-3.3,-35.6,324.4,-0.03,-0.02,0.0,24.65,84,POSCTL,0,0
2026-08-21T14:44:09,1787298249,13.822787,100.511613,25.4,0.0,0.3,-3.3,-35.6,324.4,0.02,0.02,0.0,24.65,84,POSCTL,0,0
2026-08-21T14:44:10,1787298250,13.822787,100.511613,25.4,0.0,0.3,-3.3,-35.6,324.4,0.02,0.02,0.0,24.65,84,POSCTL,0,0
2026-08-21T14:44:11,1787298251,13.822787,100.511613,25.4,0.0,0.3,-3.3,-35.6,324.4,0.02,0.02,0.0,24.65,84,POSCTL,0,0
2026-08-21T14:44:12,1787298252,13.822787,100.511613,25.4,0.0,0.3,-3.3,-35.6,324.4,0.02,0.02,0.0,24.65,84,POSCTL,0,0
2026-08-21T14:44:13,1787298253,13.822787,100.511615,25.4,-0.0,0.3,-3.3,-35.6,324.4,0.01,0.05,0.0,24.65,84,POSCTL,0,0
2026-08-21T14:44:14,1787298254,13.822787,100.511615,25.4,-0.0,0.3,-3.3,-35.6,324.4,0.01,0.05,0.0,24.65,84,POSCTL,0,0
2026-08-21T14:44:15,1787298255,13.822787,100.511615,25.4,-0.0,0.3,-3.3,-35.6,324.4,0.01,0.05,0.0,24.65,84,POSCTL,0,0
2026-08-21T14:44:16,1787298256,13.822787,100.511615,25.4,-0.0,0.2,-3.3,-35.5,324.5,0.01,0.05,0.0,24.65,84,POSCTL,0,0
2026-08-21T14:44:17,1787298257,13.822785,100.511617,25.4,-0.01,0.2,-3.3,-35.5,324.5,-0.01,0.0,0.0,24.65,84,POSCTL,0,0
2026-08-21T14:44:18,1787298258,13.822785,100.511617,25.4,-0.01,0.2,-3.3,-35.5,324.5,-0.01,0.0,0.0,24.65,84,POSCTL,0,0
2026-08-21T14:44:19,1787298259,13.822785,100.511617,25.4,-0.01,0.2,-3.3,-35.5,324.5,-0.01,0.0,0.0,24.65,84,POSCTL,0,0
2026-08-21T14:44:20,1787298260,13.822785,100.511617,25.4,-0.01,0.2,-3.3,-35.5,324.5,-0.01,0.0,0.0,24.65,84,POSCTL,0,0
2026-08-21T14:44:21,1787298261,13.822785,100.511617,25.4,-0.01,0.2,-3.3,-35.5,324.5,-0.01,0.0,0.0,24.65,84,POSCTL,0,0
2026-08-21T14:44:22,1787298262,13.822785,100.511618,25.4,-0.0,0.2,-3.3,-35.5,324.5,0.0,0.0,0.0,24.65,84,POSCTL,0,0
2026-08-21T14:44:23,1787298263,13.822785,100.511618,25.4,-0.0,0.2,-3.3,-35.5,324.5,0.0,0.0,0.0,24.65,84,POSCTL,0,0
2026-08-21T14:44:24,1787298264,13.822785,100.511618,25.4,-0.0,0.2,-3.3,-35.5,324.5,0.0,0.0,0.0,24.65,84,POSCTL,0,0
2026-08-21T14:44:25,1787298265,13.822785,100.51162,25.4,-0.01,0.2,-3.3,-35.5,324.5,0.0,0.0,0.0,24.65,84,POSCTL,0,0
2026-08-21T14:44:26,1787298266,13.822785,100.511621,25.4,-0.01,0.2,-3.3,-35.5,324.5,0.0,0.0,0.0,24.65,84,POSCTL,0,0
2026-08-21T14:44:27,1787298267,13.822785,100.511621,25.4,-0.01,0.2,-3.3,-35.5,324.5,0.0,0.0,0.0,24.65,84,POSCTL,0,0
2026-08-21T14:44:28,1787298268,13.822785,100.511621,25.4,-0.01,0.2,-3.2,-35.5,324.5,0.0,0.0,0.0,24.65,84,POSCTL,0,0
2026-08-21T14:44:29,1787298269,13.822784,100.511621,25.4,-0.0,0.2,-3.2,-35.5,324.5,0.01,0.02,0.0,24.65,84,POSCTL,0,0
2026-08-21T14:44:30,1787298270,13.822784,100.511621,25.4,-0.0,0.2,-3.2,-35.5,324.5,0.01,0.02,0.0,24.65,84,POSCTL,0,0
2026-08-21T14:44:31,1787298271,13.822784,100.511621,25.4,-0.0,0.2,-3.2,-35.5,324.5,0.01,0.02,0.0,24.65,84,POSCTL,0,0
2026-08-21T14:44:32,1787298272,13.822784,100.511621,25.4,-0.0,0.2,-3.2,-35.5,324.5,0.01,0.02,0.0,24.65,84,POSCTL,0,0
2026-08-21T14:44:33,1787298273,13.822784,100.511622,25.4,-0.0,0.2,-3.2,-35.5,324.5,0.0,0.0,0.0,24.65,84,POSCTL,0,0
2026-08-21T14:44:34,1787298274,13.822784,100.511622,25.4,-0.0,0.2,-3.2,-35.5,324.5,0.0,0.0,0.0,24.65,84,POSCTL,0,0
2026-08-21T14:44:35,1787298275,13.822784,100.511622,25.4,-0.0,0.2,-3.3,-35.5,324.5,0.0,0.0,0.0,24.65,84,POSCTL,0,0
2026-08-21T14:44:36,1787298276,13.822784,100.511622,25.4,-0.0,0.2,-3.2,-35.5,324.5,0.0,0.0,0.0,24.65,84,POSCTL,0,0
2026-08-21T14:44:37,1787298277,13.822783,100.511624,25.4,0.0,0.2,-3.2,-35.5,324.5,-0.02,0.01,0.0,24.65,84,POSCTL,0,0
2026-08-21T14:44:38,1787298278,13.822783,100.511624,25.4,0.0,0.2,-3.2,-35.5,324.5,-0.02,0.01,0.0,24.65,84,POSCTL,0,0
2026-08-21T14:44:39,1787298279,13.822783,100.511624,25.4,0.0,0.2,-3.2,-35.5,324.5,-0.02,0.01,0.0,24.65,84,POSCTL,0,0
2026-08-21T14:44:40,1787298280,13.822783,100.511624,25.4,0.0,0.2,-3.2,-35.5,324.5,-0.02,0.01,0.0,24.65,84,POSCTL,0,0
2026-08-21T14:44:41,1787298281,13.822783,100.511624,25.4,0.0,0.2,-3.2,-35.5,324.5,-0.02,0.01,0.0,24.65,84,POSCTL,0,0
2026-08-21T14:44:42,1787298282,13.822783,100.511624,25.4,0.0,0.2,-3.3,-35.5,324.5,0.02,-0.02,0.0,24.65,84,POSCTL,0,0
2026-08-21T14:44:43,1787298283,13.822783,100.511624,25.4,0.0,0.2,-3.3,-35.5,324.5,0.02,-0.02,0.0,24.65,84,POSCTL,0,0
2026-08-21T14:44:44,1787298284,13.822783,100.511624,25.4,0.0,0.2,-3.3,-35.5,324.5,0.02,-0.02,0.0,24.65,84,POSCTL,0,0
2026-08-21T14:44:45,1787298285,13.822783,100.511624,25.4,0.0,0.2,-3.3,-35.5,324.5,0.02,-0.02,0.0,24.65,84,POSCTL,0,0
2026-08-21T14:44:46,1787298286,13.822783,100.511624,25.4,0.0,0.2,-3.3,-35.5,324.5,0.02,-0.02,0.0,24.65,84,POSCTL,0,0
2026-08-21T14:44:47,1787298287,13.822784,100.511623,25.4,0.0,0.2,-3.3,-35.5,324.5,0.02,-0.02,0.0,24.65,84,POSCTL,0,0
2026-08-21T14:44:48,1787298288,13.822784,100.511623,25.4,0.0,0.2,-3.2,-35.5,324.5,0.02,-0.02,0.0,24.65,84,POSCTL,0,0
2026-08-21T14:44:49,1787298289,13.822784,100.511624,25.4,0.0,0.2,-3.2,-35.5,324.5,0.0,0.02,0.0,24.65,84,POSCTL,0,0
2026-08-21T14:44:50,1787298290,13.822784,100.511624,25.4,0.0,0.2,-3.2,-35.5,324.5,0.0,0.02,0.0,24.65,84,POSCTL,0,0
2026-08-21T14:44:51,1787298291,13.822784,100.511624,25.4,0.0,0.2,-3.2,-35.5,324.5,0.0,0.02,0.0,24.65,84,POSCTL,0,0
2026-08-21T14:44:52,1787298292,13.822786,100.511623,25.4,0.0,0.2,-3.2,-35.5,324.5,0.0,0.02,0.0,24.65,84,POSCTL,0,0
2026-08-21T14:44:53,1787298293,13.822786,100.511623,25.4,0.0,0.2,-3.2,-35.5,324.5,0.0,0.02,0.0,24.65,84,POSCTL,0,0
2026-08-21T14:44:54,1787298294,13.822787,100.511623,25.4,0.0,0.2,-3.2,-35.5,324.5,0.0,0.02,0.0,24.65,84,POSCTL,0,0
2026-08-21T14:44:55,1787298295,13.822787,100.511623,25.4,0.0,0.2,-3.3,-35.5,324.5,0.0,0.02,0.0,24.65,84,POSCTL,0,0
2026-08-21T14:44:56,1787298296,13.822787,100.511623,25.4,0.0,0.2,-3.3,-35.5,324.5,0.0,0.02,0.0,24.65,84,POSCTL,0,0
2026-08-21T14:44:57,1787298297,13.822787,100.511623,25.4,0.0,0.2,-3.3,-35.5,324.5,0.0,0.02,0.0,24.65,84,POSCTL,0,0
2026-08-21T14:44:58,1787298298,13.822788,100.511624,25.4,0.0,0.2,-3.2,-35.5,324.5,0.0,0.02,0.0,24.65,84,POSCTL,0,0
2026-08-21T14:44:59,1787298299,13.822788,100.511623,25.4,-0.0,0.2,-3.2,-35.5,324.5,0.02,-0.01,0.0,24.65,84,POSCTL,0,0
2026-08-21T14:45:00,1787298300,13.822788,100.511623,25.4,-0.0,0.2,-3.2,-35.5,324.5,0.02,-0.01,0.0,24.65,84,POSCTL,0,0
2026-08-21T14:45:01,1787298301,13.822788,100.511625,25.4,-0.0,0.2,-3.2,-35.5,324.5,0.02,-0.01,0.0,24.65,84,POSCTL,0,0
2026-08-21T14:45:02,1787298302,13.822788,100.511624,25.4,-0.0,0.2,-3.2,-35.5,324.5,-0.02,0.03,0.0,24.65,84,POSCTL,0,0
2026-08-21T14:45:03,1787298303,13.822788,100.511624,25.4,-0.0,0.2,-3.2,-35.5,324.5,-0.02,0.03,0.0,24.65,84,POSCTL,0,0
2026-08-21T14:45:04,1787298304,13.822788,100.511624,25.4,-0.0,0.2,-3.2,-35.5,324.5,-0.02,0.03,0.0,24.65,84,POSCTL,0,0
2026-08-21T14:45:05,1787298305,13.822788,100.511624,25.4,-0.0,0.2,-3.2,-35.5,324.5,-0.02,0.03,0.0,24.65,84,POSCTL,0,0
2026-08-21T14:45:06,1787298306,13.822788,100.511624,25.4,-0.0,0.2,-3.2,-35.5,324.5,-0.02,0.03,0.0,24.65,84,POSCTL,0,0
2026-08-21T14:45:07,1787298307,13.822789,100.511625,25.4,-0.0,0.2,-3.2,-35.5,324.5,-0.02,0.03,0.0,24.65,84,POSCTL,0,0
2026-08-21T14:45:08,1787298308,13.822789,100.511625,25.4,-0.0,0.2,-3.3,-35.5,324.5,-0.02,0.03,0.0,24.65,84,POSCTL,0,0
2026-08-21T14:45:09,1787298309,13.822789,100.511625,25.4,-0.0,0.2,-3.3,-35.5,324.5,-0.02,0.03,0.0,24.65,84,POSCTL,0,0
2026-08-21T14:45:10,1787298310,13.822789,100.511625,25.4,-0.0,0.2,-3.3,-35.5,324.5,0.03,-0.04,0.0,24.65,84,POSCTL,0,0
2026-08-21T14:45:11,1787298311,13.822789,100.511625,25.4,-0.0,0.2,-3.3,-35.5,324.5,0.03,-0.04,0.0,24.65,84,POSCTL,0,0
2026-08-21T14:45:12,1787298312,13.82279,100.511626,25.4,-0.0,0.2,-3.3,-35.5,324.5,0.03,-0.04,0.0,24.65,84,POSCTL,0,0
2026-08-21T14:45:13,1787298313,13.82279,100.511625,25.4,-0.01,0.2,-3.2,-35.5,324.5,0.0,0.0,0.0,24.65,84,POSCTL,0,0
2026-08-21T14:45:14,1787298314,13.82279,100.511625,25.4,-0.01,0.2,-3.2,-35.5,324.5,0.0,0.0,0.0,24.65,84,POSCTL,0,0
2026-08-21T14:45:15,1787298315,13.822791,100.511627,25.4,-0.01,0.2,-3.2,-35.5,324.5,0.0,0.0,0.0,24.65,84,POSCTL,0,0
2026-08-21T14:45:16,1787298316,13.822791,100.511627,25.4,-0.01,0.2,-3.2,-35.5,324.5,0.0,0.0,0.0,24.65,84,POSCTL,0,0
2026-08-21T14:45:17,1787298317,13.822791,100.511627,25.4,0.0,0.2,-3.2,-35.5,324.5,0.0,0.03,0.0,24.65,84,POSCTL,0,0
2026-08-21T14:45:18,1787298318,13.822791,100.511627,25.4,0.0,0.2,-3.2,-35.5,324.5,0.0,0.03,0.0,24.65,84,POSCTL,0,0
2026-08-21T14:45:19,1787298319,13.822792,100.511627,25.4,0.0,0.2,-3.2,-35.5,324.5,0.0,0.03,0.0,24.65,84,POSCTL,0,0
2026-08-21T14:45:20,1787298320,13.822792,100.511627,25.4,0.0,0.2,-3.3,-35.5,324.5,0.0,0.03,0.0,24.65,84,POSCTL,0,0
2026-08-21T14:45:21,1787298321,13.822792,100.511627,25.4,0.0,0.2,-3.3,-35.5,324.5,0.03,0.0,0.0,24.65,84,POSCTL,0,0
2026-08-21T14:45:22,1787298322,13.822792,100.511627,25.4,0.0,0.2,-3.3,-35.5,324.5,0.03,0.0,0.0,24.65,84,POSCTL,0,0
2026-08-21T14:45:23,1787298323,13.822792,100.511627,25.4,0.0,0.2,-3.3,-35.5,324.5,0.03,0.0,0.0,24.65,84,POSCTL,0,0
2026-08-21T14:45:24,1787298324,13.822792,100.511627,25.4,0.0,0.2,-3.2,-35.5,324.5,0.03,0.0,0.0,24.65,84,POSCTL,0,0
2026-08-21T14:45:25,1787298325,13.822792,100.511627,25.4,0.0,0.2,-3.2,-35.5,324.5,0.03,0.0,0.0,24.65,84,POSCTL,0,0
2026-08-21T14:45:26,1787298326,13.822794,100.511622,25.4,0.0,0.2,-3.2,-35.5,324.5,0.03,0.0,0.0,24.65,84,POSCTL,0,0
2026-08-21T14:45:27,1787298327,13.822794,100.511622,25.4,0.0,0.2,-3.2,-35.6,324.4,0.03,0.0,0.0,24.65,84,POSCTL,0,0
2026-08-21T14:45:28,1787298328,13.822793,100.511623,25.4,-0.0,0.2,-3.2,-35.6,324.4,-0.01,-0.01,0.0,24.65,84,POSCTL,0,0
2026-08-21T14:45:29,1787298329,13.822793,100.511623,25.4,-0.0,0.2,-3.2,-35.6,324.4,-0.01,-0.01,0.0,24.65,84,POSCTL,0,0
2026-08-21T14:45:30,1787298330,13.822794,100.511622,25.4,-0.0,0.2,-3.2,-35.6,324.4,-0.01,-0.01,0.0,24.65,84,POSCTL,0,0
2026-08-21T14:45:31,1787298331,13.822794,100.511622,25.4,-0.0,0.3,-3.2,-35.6,324.4,-0.01,-0.01,0.0,24.65,84,POSCTL,0,0
2026-08-21T14:45:32,1787298332,13.822794,100.511622,25.4,0.0,0.3,-3.2,-35.6,324.4,0.01,0.0,0.0,24.65,84,POSCTL,0,0
2026-08-21T14:45:33,1787298333,13.822794,100.511622,25.4,0.0,0.2,-3.2,-35.6,324.4,0.01,0.0,0.0,24.65,84,POSCTL,0,0
2026-08-21T14:45:34,1787298334,13.822794,100.511622,25.4,0.0,0.2,-3.2,-35.6,324.4,0.01,0.0,0.0,24.65,84,POSCTL,0,0
2026-08-21T14:45:35,1787298335,13.822794,100.511622,25.4,0.0,0.2,-3.2,-35.6,324.4,0.01,0.0,0.0,24.65,84,POSCTL,0,0
2026-08-21T14:45:36,1787298336,13.822794,100.511621,25.4,-0.0,0.2,-3.2,-35.6,324.4,0.0,-0.01,0.0,24.65,84,POSCTL,0,0
2026-08-21T14:45:37,1787298337,13.822794,100.511621,25.4,-0.0,0.2,-3.2,-35.6,324.4,0.0,-0.01,0.0,24.65,84,POSCTL,0,0
2026-08-21T14:45:38,1787298338,13.822795,100.511621,25.4,-0.0,0.2,-3.2,-35.6,324.4,0.0,-0.01,0.0,24.65,84,POSCTL,0,0
2026-08-21T14:45:39,1787298339,13.822795,100.511621,25.4,-0.0,0.3,-3.2,-35.6,324.4,0.0,0.02,0.0,24.65,84,POSCTL,0,0
2026-08-21T14:45:40,1787298340,13.822795,100.511621,25.4,-0.0,0.3,-3.2,-35.6,324.4,0.0,0.02,0.0,24.65,84,POSCTL,0,0
2026-08-21T14:45:41,1787298341,13.822795,100.511621,25.4,-0.0,0.2,-3.2,-35.6,324.4,0.0,0.02,0.0,24.65,84,POSCTL,0,0
2026-08-21T14:45:42,1787298342,13.822795,100.511621,25.4,-0.0,0.2,-3.2,-35.6,324.4,0.0,0.02,0.0,24.65,84,POSCTL,0,0
2026-08-21T14:45:43,1787298343,13.822795,100.511621,25.4,-0.0,0.2,-3.2,-35.6,324.4,0.0,-0.01,0.0,24.65,84,POSCTL,0,0
2026-08-21T14:45:44,1787298344,13.822795,100.511621,25.4,-0.0,0.2,-3.2,-35.6,324.4,0.0,-0.01,0.0,24.65,84,POSCTL,0,0
2026-08-21T14:45:45,1787298345,13.822795,100.511621,25.4,-0.0,0.2,-3.2,-35.6,324.4,0.0,-0.01,0.0,24.65,84,POSCTL,0,0
2026-08-21T14:45:46,1787298346,13.822795,100.511621,25.4,-0.0,0.2,-3.2,-35.6,324.4,0.0,-0.01,0.0,24.65,84,POSCTL,0,0
2026-08-21T14:45:47,1787298347,13.822795,100.511621,25.4,0.0,0.2,-3.2,-35.6,324.4,0.0,0.0,0.0,24.65,84,POSCTL,0,0
2026-08-21T14:45:50,1787298350,13.822795,100.511622,25.4,0.0,0.2,-3.2,-35.6,324.4,0.0,0.0,0.0,24.65,84,POSCTL,0,0
2026-08-21T14:45:51,1787298351,13.822795,100.511622,25.4,-0.0,0.2,-3.2,-35.6,324.4,0.0,0.0,0.0,24.65,84,POSCTL,0,0
2026-08-21T14:45:52,1787298352,13.822795,100.511622,25.4,-0.0,0.2,-3.2,-35.6,324.4,0.0,0.0,0.0,24.65,84,POSCTL,0,0
2026-08-21T14:45:53,1787298353,13.822794,100.511622,25.4,-0.0,0.2,-3.2,-35.6,324.4,0.0,0.0,0.0,24.65,84,POSCTL,0,0
2026-08-21T14:45:54,1787298354,13.822795,100.511622,25.4,-0.0,0.2,-3.2,-35.6,324.4,0.0,0.0,0.0,24.65,84,POSCTL,0,0
2026-08-21T14:45:55,1787298355,13.822795,100.511622,25.4,-0.0,0.2,-3.3,-35.6,324.4,0.0,0.0,0.0,24.65,84,POSCTL,0,0
2026-08-21T14:45:56,1787298356,13.822795,100.511622,25.4,-0.0,0.2,-3.3,-35.6,324.4,0.0,0.0,0.0,24.65,84,POSCTL,0,0
2026-08-21T14:45:57,1787298357,13.822795,100.511622,25.4,-0.0,0.2,-3.3,-35.6,324.4,0.0,0.0,0.0,24.65,84,POSCTL,0,0
2026-08-21T14:45:58,1787298358,13.822793,100.511623,25.4,-0.0,0.2,-3.3,-35.6,324.4,0.0,0.0,0.0,24.65,84,POSCTL,0,0
2026-08-21T14:45:59,1787298359,13.822794,100.511622,25.4,0.0,0.2,-3.3,-35.6,324.4,0.0,0.0,0.0,24.65,84,POSCTL,0,0
2026-08-21T14:46:00,1787298360,13.822794,100.511622,25.4,0.0,0.2,-3.3,-35.6,324.4,0.0,0.0,0.0,24.65,84,POSCTL,0,0
2026-08-21T14:46:01,1787298361,13.822794,100.511622,25.4,0.0,0.2,-3.3,-35.6,324.4,0.0,0.0,0.0,24.65,84,POSCTL,0,0
2026-08-21T14:46:02,1787298362,13.822792,100.511623,25.4,0.0,0.2,-3.3,-35.6,324.4,0.0,0.0,0.0,24.65,84,POSCTL,0,0
2026-08-21T14:46:03,1787298363,13.822793,100.511623,25.4,-0.0,0.2,-3.3,-35.6,324.4,0.0,0.0,0.0,24.65,84,POSCTL,0,0
2026-08-21T14:46:04,1787298364,13.822793,100.511623,25.4,-0.0,0.2,-3.3,-35.6,324.4,0.0,0.0,0.0,24.65,84,POSCTL,0,0
2026-08-21T14:46:05,1787298365,13.822793,100.511623,25.4,-0.0,0.2,-3.3,-35.6,324.4,0.0,0.0,0.0,24.65,84,POSCTL,0,0
2026-08-21T14:46:06,1787298366,13.822791,100.511623,25.4,-0.0,0.2,-3.3,-35.6,324.4,0.0,0.0,0.0,24.65,84,POSCTL,0,0
2026-08-21T14:46:07,1787298367,13.822791,100.511623,25.4,-0.0,0.2,-3.3,-35.6,324.4,0.0,0.0,0.0,24.65,84,POSCTL,0,0
2026-08-21T14:46:08,1787298368,13.822791,100.511623,25.4,-0.0,0.2,-3.3,-35.6,324.4,0.0,0.0,0.0,24.65,84,POSCTL,0,0
2026-08-21T14:46:09,1787298369,13.822791,100.511623,25.4,-0.0,0.2,-3.3,-35.6,324.4,0.0,0.0,0.0,24.65,84,POSCTL,0,0
2026-08-21T14:46:10,1787298370,13.82279,100.511623,25.4,-0.0,0.2,-3.3,-35.6,324.4,0.0,0.0,0.0,24.65,84,POSCTL,0,0
2026-08-21T14:46:11,1787298371,13.82279,100.511623,25.4,-0.0,0.2,-3.3,-35.6,324.4,0.0,-0.01,0.0,24.65,84,POSCTL,0,0
2026-08-21T14:46:12,1787298372,13.82279,100.511623,25.4,-0.0,0.2,-3.3,-35.6,324.4,0.0,-0.01,0.0,24.65,84,POSCTL,0,0
2026-08-21T14:46:13,1787298373,13.82279,100.511623,25.4,-0.0,0.2,-3.3,-35.6,324.4,0.0,-0.01,0.0,24.65,84,POSCTL,0,0
2026-08-21T14:46:14,1787298374,13.82279,100.511623,25.4,-0.0,0.2,-3.3,-35.6,324.4,0.0,-0.01,0.0,24.65,84,POSCTL,0,0
2026-08-21T14:46:15,1787298375,13.82279,100.511623,25.4,-0.0,0.2,-3.3,-35.6,324.4,0.0,-0.01,0.0,24.65,84,POSCTL,0,0
2026-08-21T14:46:16,1787298376,13.82279,100.511623,25.4,-0.0,0.3,-3.2,-35.6,324.4,0.0,-0.01,0.0,24.65,84,POSCTL,0,0
2026-08-21T14:46:17,1787298377,13.82279,100.511623,25.4,-0.0,0.3,-3.2,-35.6,324.4,0.0,-0.01,0.0,24.65,84,POSCTL,0,0
2026-08-21T14:46:18,1787298378,13.82279,100.511623,25.4,-0.0,0.3,-3.2,-35.6,324.4,0.0,-0.01,0.0,24.65,84,POSCTL,0,0
2026-08-21T14:46:19,1787298379,13.82279,100.511623,25.4,0.0,0.3,-3.2,-35.6,324.4,0.0,0.03,0.0,24.65,84,POSCTL,0,0
2026-08-21T14:46:20,1787298380,13.82279,100.511623,25.4,0.0,0.3,-3.2,-35.6,324.4,0.0,0.03,0.0,24.65,84,POSCTL,0,0
2026-08-21T14:46:21,1787298381,13.82279,100.511623,25.4,0.0,0.3,-3.2,-35.6,324.4,0.0,0.03,0.0,24.65,84,POSCTL,0,0
2026-08-21T14:46:22,1787298382,13.82279,100.511623,25.4,0.0,0.3,-3.2,-35.6,324.4,0.0,0.03,0.0,24.65,84,POSCTL,0,0
2026-08-21T14:46:23,1787298383,13.82279,100.511622,25.4,-0.0,0.3,-3.2,-35.6,324.4,-0.01,-0.02,0.0,24.65,84,POSCTL,0,0
2026-08-21T14:46:24,1787298384,13.82279,100.511622,25.4,-0.0,0.2,-3.2,-35.6,324.4,-0.01,-0.02,0.0,24.65,84,POSCTL,0,0
2026-08-21T14:46:25,1787298385,13.82279,100.511622,25.4,-0.0,0.2,-3.2,-35.6,324.4,-0.01,-0.02,0.0,24.65,84,POSCTL,0,0
2026-08-21T14:46:26,1787298386,13.82279,100.511622,25.4,-0.0,0.2,-3.3,-35.5,324.5,-0.01,-0.02,0.0,24.65,84,POSCTL,0,0
2026-08-21T14:46:27,1787298387,13.82279,100.51162,25.4,-0.0,0.2,-3.3,-35.5,324.5,0.01,-0.01,0.0,24.65,84,POSCTL,0,0
2026-08-21T14:46:28,1787298388,13.82279,100.51162,25.4,-0.0,0.3,-3.2,-35.5,324.5,0.01,-0.01,0.0,24.65,84,POSCTL,0,0
2026-08-21T14:46:29,1787298389,13.82279,100.51162,25.4,-0.0,0.3,-3.2,-35.5,324.5,0.01,-0.01,0.0,24.65,84,POSCTL,0,0
2026-08-21T14:46:30,1787298390,13.82279,100.51162,25.4,-0.0,0.3,-3.2,-35.5,324.5,0.01,-0.01,0.0,24.65,84,POSCTL,0,0
2026-08-21T14:46:31,1787298391,13.82279,100.51162,25.4,-0.0,0.3,-3.2,-35.5,324.5,0.01,-0.01,0.0,24.65,84,POSCTL,0,0
2026-08-21T14:46:32,1787298392,13.82279,100.51162,25.4,-0.0,0.3,-3.2,-35.5,324.5,0.01,-0.01,0.0,24.65,84,POSCTL,0,0
2026-08-21T14:46:33,1787298393,13.82279,100.51162,25.4,-0.0,0.3,-3.2,-35.5,324.5,0.01,-0.01,0.0,24.65,84,POSCTL,0,0
2026-08-21T14:46:34,1787298394,13.82279,100.51162,25.4,-0.0,0.3,-3.2,-35.5,324.5,0.01,-0.01,0.0,24.65,84,POSCTL,0,0
2026-08-21T14:46:35,1787298395,13.82279,100.511615,25.4,-0.0,0.3,-3.2,-35.5,324.5,0.01,-0.01,0.0,24.65,84,POSCTL,0,0
2026-08-21T14:46:36,1787298396,13.82279,100.511616,25.4,0.0,0.3,-3.2,-35.5,324.5,0.0,0.01,0.0,24.65,84,POSCTL,0,0
2026-08-21T14:46:37,1787298397,13.82279,100.511616,25.4,0.0,0.3,-3.2,-35.5,324.5,0.0,0.01,0.0,24.65,84,POSCTL,0,0
2026-08-21T14:46:38,1787298398,13.82279,100.511616,25.4,0.0,0.3,-3.2,-35.5,324.5,0.0,0.01,0.0,24.65,84,POSCTL,0,0
2026-08-21T14:46:39,1787298399,13.822791,100.511614,25.4,0.0,0.2,-3.2,-35.5,324.5,0.0,0.01,0.0,24.65,84,POSCTL,0,0
2026-08-21T14:46:40,1787298400,13.82279,100.511614,25.4,-0.0,0.2,-3.2,-35.5,324.5,0.0,-0.02,0.0,24.65,84,POSCTL,0,0
2026-08-21T14:46:41,1787298401,13.82279,100.511614,25.4,-0.0,0.2,-3.2,-35.5,324.5,0.0,-0.02,0.0,24.65,84,POSCTL,0,0
2026-08-21T14:46:42,1787298402,13.82279,100.511614,25.4,-0.0,0.2,-3.2,-35.5,324.5,0.0,-0.02,0.0,24.65,84,POSCTL,0,0
2026-08-21T14:46:43,1787298403,13.822792,100.511614,25.4,-0.0,0.2,-3.2,-35.5,324.5,0.0,-0.02,0.0,24.65,84,POSCTL,0,0
2026-08-21T14:46:44,1787298404,13.822791,100.511614,25.4,0.0,0.2,-3.2,-35.5,324.5,0.01,0.0,0.0,24.65,84,POSCTL,0,0
2026-08-21T14:46:45,1787298405,13.822791,100.511614,25.4,0.0,0.2,-3.2,-35.5,324.5,0.01,0.0,0.0,24.65,84,POSCTL,0,0
2026-08-21T14:46:46,1787298406,13.822791,100.511614,25.4,0.0,0.2,-3.2,-35.5,324.5,0.01,0.0,0.0,24.65,84,POSCTL,0,0
2026-08-21T14:46:47,1787298407,13.822793,100.511615,25.4,0.0,0.2,-3.2,-35.5,324.5,0.01,0.0,0.0,24.65,84,POSCTL,0,0
2026-08-21T14:46:48,1787298408,13.822792,100.511615,25.4,0.0,0.2,-3.2,-35.5,324.5,0.0,0.02,0.0,24.65,84,POSCTL,0,0
2026-08-21T14:46:49,1787298409,13.822792,100.511615,25.4,0.0,0.2,-3.2,-35.5,324.5,0.0,0.02,0.0,24.65,84,POSCTL,0,0
2026-08-21T14:46:50,1787298410,13.822792,100.511615,25.4,0.0,0.2,-3.2,-35.5,324.5,0.0,0.02,0.0,24.65,84,POSCTL,0,0
2026-08-21T14:46:51,1787298411,13.822792,100.511615,25.4,0.0,0.2,-3.2,-35.5,324.5,0.0,0.02,0.0,24.65,84,POSCTL,0,0
2026-08-21T14:46:52,1787298412,13.822792,100.511615,25.4,0.0,0.2,-3.2,-35.5,324.5,0.0,0.02,0.0,24.65,84,POSCTL,0,0
2026-08-21T14:46:53,1787298413,13.822792,100.511615,25.4,0.0,0.2,-3.3,-35.4,324.6,0.0,0.02,0.0,24.65,84,POSCTL,0,0
2026-08-21T14:46:54,1787298414,13.822792,100.511615,25.4,0.0,0.2,-3.3,-35.4,324.6,0.0,0.02,0.0,24.65,84,POSCTL,0,0
2026-08-21T14:46:55,1787298415,13.822794,100.511614,25.4,0.0,0.2,-3.3,-35.4,324.6,0.0,0.02,0.0,24.65,84,POSCTL,0,0
2026-08-21T14:46:56,1787298416,13.822794,100.511614,25.4,0.0,0.2,-3.2,-35.4,324.6,0.0,0.02,0.0,24.65,84,POSCTL,0,0
2026-08-21T14:46:57,1787298417,13.822794,100.511614,25.4,0.0,0.2,-3.2,-35.4,324.6,0.01,0.0,0.0,24.65,84,POSCTL,0,0
2026-08-21T14:46:58,1787298418,13.822794,100.511614,25.4,0.0,0.2,-3.2,-35.4,324.6,0.01,0.0,0.0,24.65,84,POSCTL,0,0
2026-08-21T14:46:59,1787298419,13.822795,100.511613,25.4,0.0,0.2,-3.2,-35.4,324.6,0.01,0.0,0.0,24.65,84,POSCTL,0,0
2026-08-21T14:47:00,1787298420,13.822795,100.511613,25.4,0.0,0.2,-3.2,-35.4,324.6,0.01,0.0,0.0,24.65,84,POSCTL,0,0
2026-08-21T14:47:01,1787298421,13.822795,100.511613,25.4,0.0,0.2,-3.2,-35.4,324.6,0.01,0.0,0.0,24.65,84,POSCTL,0,0
2026-08-21T14:47:02,1787298422,13.822795,100.511613,25.4,0.0,0.2,-3.2,-35.4,324.6,0.01,0.0,0.0,24.65,84,POSCTL,0,0
2026-08-21T14:47:03,1787298423,13.822795,100.511613,25.4,0.0,0.2,-3.2,-35.4,324.6,0.01,0.0,0.0,24.65,84,POSCTL,0,0
2026-08-21T14:47:05,1787298425,13.822796,100.511612,25.4,0.0,0.2,-3.2,-35.4,324.6,0.0,-0.03,0.0,24.65,84,POSCTL,0,0
2026-08-21T14:47:06,1787298426,13.822796,100.511612,25.4,0.0,0.2,-3.2,-35.4,324.6,0.0,-0.03,0.0,24.65,84,POSCTL,0,0
2026-08-21T14:47:07,1787298427,13.822797,100.511612,25.4,0.0,0.2,-3.2,-35.4,324.6,0.0,-0.03,0.0,24.65,84,POSCTL,0,0
2026-08-21T14:47:08,1787298428,13.822797,100.511612,25.4,0.0,0.2,-3.2,-35.4,324.6,0.0,-0.03,0.0,24.65,84,POSCTL,0,0
2026-08-21T14:47:09,1787298429,13.822797,100.511612,25.4,0.0,0.2,-3.2,-35.4,324.6,0.0,0.0,0.0,24.65,84,POSCTL,0,0
2026-08-21T14:47:10,1787298430,13.822797,100.511612,25.4,0.0,0.2,-3.2,-35.4,324.6,0.0,0.0,0.0,24.65,84,POSCTL,0,0
2026-08-21T14:47:11,1787298431,13.822797,100.511613,25.4,0.0,0.2,-3.2,-35.4,324.6,0.0,0.0,0.0,24.65,84,POSCTL,0,0
2026-08-21T14:47:12,1787298432,13.822797,100.511613,25.4,0.0,0.2,-3.2,-35.4,324.6,0.0,0.0,0.0,24.65,84,POSCTL,0,0
2026-08-21T14:47:13,1787298433,13.822797,100.511613,25.4,0.0,0.2,-3.2,-35.4,324.6,0.0,0.0,0.0,24.65,84,POSCTL,0,0
2026-08-21T14:47:14,1787298434,13.822797,100.511613,25.4,0.0,0.2,-3.2,-35.4,324.6,0.0,0.0,0.0,24.65,84,POSCTL,0,0
2026-08-21T14:47:15,1787298435,13.822797,100.511613,25.4,0.0,0.2,-3.2,-35.4,324.6,0.0,0.0,0.0,24.65,84,POSCTL,0,0
2026-08-21T14:47:16,1787298436,13.822797,100.511613,25.4,0.0,0.2,-3.2,-35.4,324.6,0.0,0.0,0.0,24.65,84,POSCTL,0,0
2026-08-21T14:47:17,1787298437,13.822798,100.511614,25.4,0.0,0.2,-3.3,-35.4,324.6,0.01,0.0,0.0,24.65,84,POSCTL,0,0
2026-08-21T14:47:18,1787298438,13.822798,100.511614,25.4,0.0,0.2,-3.3,-35.4,324.6,0.01,0.0,0.0,24.65,84,POSCTL,0,0
2026-08-21T14:47:19,1787298439,13.822797,100.511616,25.4,0.0,0.2,-3.3,-35.4,324.6,0.01,0.0,0.0,24.65,84,POSCTL,0,0
2026-08-21T14:47:20,1787298440,13.822797,100.511616,25.4,0.0,0.2,-3.3,-35.4,324.6,0.01,0.0,0.0,24.65,84,POSCTL,0,0
2026-08-21T14:47:21,1787298441,13.822797,100.511616,25.4,0.0,0.2,-3.2,-35.4,324.6,0.0,0.01,0.0,24.65,84,POSCTL,0,0
2026-08-21T14:47:22,1787298442,13.822797,100.511616,25.4,0.0,0.2,-3.2,-35.4,324.6,0.0,0.01,0.0,24.65,84,POSCTL,0,0
2026-08-21T14:47:23,1787298443,13.822797,100.511616,25.4,0.0,0.2,-3.2,-35.4,324.6,0.0,0.01,0.0,24.65,84,POSCTL,0,0
2026-08-21T14:47:24,1787298444,13.822797,100.511616,25.4,0.0,0.2,-3.2,-35.5,324.5,0.0,0.01,0.0,24.65,84,POSCTL,0,0
2026-08-21T14:47:25,1787298445,13.822797,100.511616,25.4,0.0,0.2,-3.2,-35.5,324.5,0.0,0.01,0.0,24.65,84,POSCTL,0,0
2026-08-21T14:47:26,1787298446,13.822797,100.511616,25.4,0.0,0.2,-3.3,-35.5,324.5,0.0,0.01,0.0,24.65,84,POSCTL,0,0
2026-08-21T14:47:27,1787298447,13.822797,100.511616,25.4,0.0,0.2,-3.3,-35.5,324.5,0.0,0.01,0.0,24.65,84,POSCTL,0,0
2026-08-21T14:47:28,1787298448,13.822795,100.511617,25.4,0.0,0.2,-3.3,-35.5,324.5,0.0,0.01,0.0,24.65,84,POSCTL,0,0
2026-08-21T14:47:29,1787298449,13.822796,100.511617,25.4,0.0,0.2,-3.3,-35.4,324.6,0.0,-0.02,0.0,24.65,84,POSCTL,0,0
2026-08-21T14:47:30,1787298450,13.822796,100.511617,25.4,0.0,0.2,-3.3,-35.4,324.6,0.0,-0.02,0.0,24.65,84,POSCTL,0,0
2026-08-21T14:47:31,1787298451,13.822796,100.511617,25.4,0.0,0.2,-3.3,-35.4,324.6,0.0,-0.02,0.0,24.65,84,POSCTL,0,0
2026-08-21T14:47:32,1787298452,13.822794,100.51162,25.4,0.0,0.2,-3.3,-35.4,324.6,0.0,-0.02,0.0,24.65,84,POSCTL,0,0
2026-08-21T14:47:33,1787298453,13.822794,100.51162,25.4,0.0,0.2,-3.3,-35.4,324.6,0.0,-0.02,0.0,24.65,84,POSCTL,0,0
2026-08-21T14:47:34,1787298454,13.822794,100.51162,25.4,0.0,0.2,-3.3,-35.4,324.6,0.0,-0.02,0.0,24.65,84,POSCTL,0,0
2026-08-21T14:47:35,1787298455,13.822794,100.51162,25.4,0.0,0.2,-3.3,-35.4,324.6,0.0,-0.02,0.0,24.65,84,POSCTL,0,0
2026-08-21T14:47:36,1787298456,13.822792,100.511621,25.4,0.0,0.2,-3.3,-35.4,324.6,0.0,-0.02,0.0,24.65,84,POSCTL,0,0
2026-08-21T14:47:37,1787298457,13.822793,100.511621,25.4,0.01,0.2,-3.3,-35.4,324.6,0.0,0.02,0.0,24.65,84,POSCTL,0,0
2026-08-21T14:47:38,1787298458,13.822793,100.511621,25.4,0.01,0.2,-3.3,-35.4,324.6,0.0,0.02,0.0,24.65,84,POSCTL,0,0
2026-08-21T14:47:39,1787298459,13.822793,100.511621,25.4,0.01,0.2,-3.3,-35.4,324.6,0.0,0.02,0.0,24.65,84,POSCTL,0,0
2026-08-21T14:47:40,1787298460,13.822791,100.511623,25.4,0.01,0.2,-3.3,-35.4,324.6,0.0,0.02,0.0,24.65,84,POSCTL,0,0
2026-08-21T14:47:41,1787298461,13.822791,100.511622,25.4,0.01,0.2,-3.3,-35.4,324.6,-0.01,0.0,0.0,24.65,84,POSCTL,0,0
2026-08-21T14:47:42,1787298462,13.822791,100.511622,25.4,0.01,0.2,-3.3,-35.4,324.6,-0.01,0.0,0.0,24.65,84,POSCTL,0,0
2026-08-21T14:47:43,1787298463,13.822791,100.511622,25.4,0.01,0.2,-3.3,-35.4,324.6,-0.01,0.0,0.0,24.65,84,POSCTL,0,0
2026-08-21T14:47:44,1787298464,13.822789,100.511625,25.4,0.01,0.2,-3.3,-35.4,324.6,-0.01,0.0,0.0,24.65,84,POSCTL,0,0
2026-08-21T14:47:45,1787298465,13.822789,100.511624,25.4,0.0,0.2,-3.3,-35.4,324.6,-0.03,0.0,0.0,24.65,84,POSCTL,0,0
2026-08-21T14:47:46,1787298466,13.822789,100.511624,25.4,0.0,0.2,-3.3,-35.4,324.6,-0.03,0.0,0.0,24.65,84,POSCTL,0,0
2026-08-21T14:47:47,1787298467,13.822789,100.511624,25.4,0.0,0.2,-3.3,-35.4,324.6,-0.03,0.0,0.0,24.65,84,POSCTL,0,0
2026-08-21T14:47:48,1787298468,13.822788,100.511627,25.4,0.0,0.2,-3.3,-35.4,324.6,-0.03,0.0,0.0,24.65,84,POSCTL,0,0
2026-08-21T14:47:49,1787298469,13.822789,100.511627,25.4,0.01,0.2,-3.3,-35.4,324.6,0.02,0.03,0.0,24.65,84,POSCTL,0,0
2026-08-21T14:47:50,1787298470,13.822789,100.511627,25.4,0.01,0.3,-3.3,-35.4,324.6,0.02,0.03,0.0,24.65,84,POSCTL,0,0
2026-08-21T14:47:51,1787298471,13.822789,100.511627,25.4,0.01,0.3,-3.3,-35.4,324.6,0.02,0.03,0.0,24.65,84,POSCTL,0,0
2026-08-21T14:47:52,1787298472,13.822787,100.511627,25.4,0.01,-0.2,-3.4,-36.0,324.0,0.02,0.03,0.0,24.64,84,POSCTL,0,0
2026-08-21T14:47:53,1787298473,13.822787,100.511627,25.4,0.01,-0.2,-3.4,-36.0,324.0,0.02,0.03,0.0,24.64,84,POSCTL,0,0
2026-08-21T14:47:54,1787298474,13.822787,100.511627,25.4,-0.02,-0.2,-3.4,-36.0,324.0,0.0,-0.04,0.0,24.64,84,POSCTL,0,0
2026-08-21T14:47:55,1787298475,13.822787,100.511627,25.4,-0.02,-0.2,-3.4,-36.0,324.0,0.0,-0.04,0.0,24.64,84,POSCTL,0,0
2026-08-21T14:47:56,1787298476,13.822787,100.511627,25.4,-0.02,-0.2,-3.4,-36.0,324.0,0.0,-0.04,0.0,24.64,84,POSCTL,0,0
2026-08-21T14:48:14,1787298494,13.822787,100.511627,25.4,-0.02,0.1,-3.2,-42.0,318.0,0.0,-0.04,0.0,24.64,84,POSCTL,0,0
2026-08-21T14:48:15,1787298495,13.822787,100.511627,25.4,-0.02,0.1,-3.3,-42.2,317.8,0.0,-0.04,0.0,24.64,84,POSCTL,0,0
2026-08-21T14:48:16,1787298496,13.822787,100.511627,25.4,-0.02,0.2,-3.3,-42.4,317.6,0.0,-0.04,0.0,24.64,84,POSCTL,0,0
2026-08-21T14:48:17,1787298497,13.822787,100.511627,25.4,-0.02,0.2,-3.3,-42.4,317.6,0.0,-0.04,0.0,24.64,84,POSCTL,0,0
2026-08-21T14:48:18,1787298498,13.822787,100.511627,25.4,-0.02,0.1,-3.3,-42.3,317.7,0.0,-0.04,0.0,24.65,84,POSCTL,0,0
2026-08-21T14:48:19,1787298499,13.822787,100.511627,25.4,-0.02,0.1,-3.3,-42.3,317.7,0.0,-0.04,0.0,24.65,84,POSCTL,0,0
2026-08-21T14:48:21,1787298501,13.822787,100.511627,25.4,-0.02,0.1,-3.2,-46.5,313.5,0.0,-0.04,0.0,24.65,84,POSCTL,0,0
2026-08-21T14:48:22,1787298502,13.822787,100.511627,25.4,-0.02,0.1,-3.2,-48.7,311.3,0.0,-0.04,0.0,24.65,84,POSCTL,0,0
2026-08-21T14:48:23,1787298503,13.822787,100.511627,25.4,-0.02,0.1,-3.2,-48.7,311.3,0.0,-0.04,0.0,24.65,84,POSCTL,0,0
2026-08-21T14:48:24,1787298504,13.822861,100.511547,25.4,-0.02,0.1,-3.2,-51.5,308.5,0.0,-0.04,0.0,24.65,84,POSCTL,0,0
2026-08-21T14:48:25,1787298505,13.822861,100.511547,25.4,-0.02,0.1,-3.2,-54.5,305.5,0.0,-0.04,0.0,24.65,84,POSCTL,0,0
2026-08-21T14:48:26,1787298506,13.822858,100.511563,25.4,-0.02,0.1,-3.1,-60.1,299.9,0.0,-0.04,0.0,24.65,84,POSCTL,0,0
2026-08-21T14:48:27,1787298507,13.822858,100.511563,25.4,-0.02,0.1,-3.1,-63.0,297.0,0.0,-0.04,0.0,24.65,84,POSCTL,0,0
2026-08-21T14:48:28,1787298508,13.822858,100.511563,25.4,-0.02,0.1,-3.1,-63.0,297.0,0.0,-0.04,0.0,24.65,84,POSCTL,0,0
2026-08-21T14:48:29,1787298509,13.822858,100.511563,25.4,-0.02,0.1,-3.2,-71.1,288.9,0.0,-0.04,0.0,24.65,84,POSCTL,0,0
2026-08-21T14:48:30,1787298510,13.822858,100.511563,25.4,-0.02,0.1,-3.2,-71.1,288.9,0.0,-0.04,0.0,24.65,84,POSCTL,0,0
2026-08-21T14:48:31,1787298511,13.822847,100.511583,25.4,-0.02,0.1,-3.2,-71.1,288.9,0.0,-0.04,0.0,24.65,84,POSCTL,0,0
2026-08-21T14:48:32,1787298512,13.822847,100.511583,25.4,-0.02,0.1,-3.2,-71.1,288.9,0.0,-0.04,0.0,24.64,84,POSCTL,0,0
2026-08-21T14:48:33,1787298513,13.822833,100.511592,25.4,-0.02,0.1,-3.6,-73.2,286.8,0.0,-0.04,0.0,24.64,84,POSCTL,0,0
2026-08-21T14:48:34,1787298514,13.822833,100.511592,25.4,-0.02,0.1,-3.6,-73.2,286.8,0.0,-0.04,0.0,24.64,84,POSCTL,0,0
2026-08-21T14:48:35,1787298515,13.822829,100.511596,25.4,-0.02,0.1,-3.6,-73.1,286.9,0.0,-0.04,0.0,24.64,84,POSCTL,0,0
2026-08-21T14:48:36,1787298516,13.822829,100.511596,25.4,-0.02,0.1,-3.6,-73.1,286.9,0.0,-0.04,0.0,24.64,84,POSCTL,0,0
2026-08-21T14:48:37,1787298517,13.822822,100.511604,25.4,-0.02,0.2,-3.6,-73.0,287.0,0.0,-0.04,0.0,24.64,84,POSCTL,0,0
2026-08-21T14:48:38,1787298518,13.822822,100.511604,25.4,-0.02,0.2,-3.7,-72.8,287.2,0.0,-0.04,0.0,24.64,84,POSCTL,0,0
2026-08-21T14:48:39,1787298519,13.822822,100.511604,25.4,-0.02,0.2,-3.7,-72.8,287.2,0.0,-0.04,0.0,24.64,84,POSCTL,0,0
2026-08-21T14:48:43,1787298523,13.822803,100.51161,25.4,-0.02,0.1,-3.7,-72.4,287.6,0.0,-0.04,0.0,24.64,84,POSCTL,0,0
2026-08-21T14:48:44,1787298524,13.822803,100.51161,25.4,-0.02,0.1,-3.7,-72.3,287.7,0.0,-0.04,0.0,24.64,84,POSCTL,0,0
2026-08-21T14:48:45,1787298525,13.822803,100.51161,25.4,-0.02,0.1,-3.7,-72.3,287.7,0.0,-0.04,0.0,24.64,84,POSCTL,0,0
2026-08-21T14:48:46,1787298526,13.822803,100.51161,25.4,-0.02,0.1,-3.7,-72.2,287.8,0.0,-0.04,0.0,24.64,84,POSCTL,0,0
2026-08-21T14:48:47,1787298527,13.822799,100.511617,25.4,-0.02,0.1,-3.7,-72.2,287.8,0.0,-0.04,0.0,24.64,84,POSCTL,0,0
2026-08-21T14:48:48,1787298528,13.822799,100.511617,25.4,-0.02,0.1,-3.7,-72.2,287.8,0.0,-0.04,0.0,24.64,84,POSCTL,0,0
2026-08-21T14:48:49,1787298529,13.822799,100.511617,25.4,-0.02,0.1,-3.7,-72.2,287.8,0.0,-0.04,0.0,24.64,84,POSCTL,0,0
2026-08-21T14:48:51,1787298531,13.822799,100.511617,25.4,-0.02,0.1,-3.7,-72.0,288.0,0.0,-0.04,0.0,24.64,84,POSCTL,0,0
2026-08-21T14:48:52,1787298532,13.822799,100.511617,25.4,-0.02,0.1,-3.7,-72.0,288.0,0.0,-0.04,0.0,24.64,84,POSCTL,0,0
2026-08-21T14:48:53,1787298533,13.822799,100.511617,25.4,-0.02,0.1,-3.7,-72.0,288.0,0.0,-0.04,0.0,24.64,84,POSCTL,0,0
2026-08-21T14:48:54,1787298534,13.822791,100.511616,25.4,-0.02,0.1,-3.7,-71.9,288.1,0.0,-0.04,0.0,24.64,84,POSCTL,0,0
2026-08-21T14:48:55,1787298535,13.822791,100.511616,25.4,-0.02,0.1,-3.7,-71.9,288.1,0.0,-0.04,0.0,24.64,84,POSCTL,0,0
2026-08-21T14:48:56,1787298536,13.822791,100.511616,25.4,-0.02,0.1,-3.7,-71.9,288.1,0.0,-0.04,0.0,24.64,84,POSCTL,0,0
2026-08-21T14:48:57,1787298537,13.822791,100.511616,25.4,-0.02,0.1,-3.7,-71.9,288.1,0.0,-0.04,0.0,24.64,84,POSCTL,0,0
2026-08-21T14:48:58,1787298538,13.822791,100.511616,25.4,-0.02,0.1,-3.7,-71.9,288.1,0.0,-0.04,0.0,24.64,84,POSCTL,0,0
2026-08-21T14:48:59,1787298539,13.822791,100.511616,25.4,-0.02,0.1,-3.7,-71.8,288.2,0.0,-0.04,0.0,24.64,84,POSCTL,0,0
2026-08-21T14:49:00,1787298540,13.82279,100.511618,25.4,-0.02,0.1,-3.7,-71.8,288.2,0.0,-0.04,0.0,24.64,84,POSCTL,0,0
2026-08-21T14:49:01,1787298541,13.82279,100.511618,25.4,-0.02,0.1,-3.7,-71.8,288.2,0.0,-0.04,0.0,24.64,84,POSCTL,0,0
2026-08-21T14:49:02,1787298542,13.82279,100.511618,25.4,-0.02,0.1,-3.7,-71.8,288.2,0.0,-0.04,0.0,24.64,84,POSCTL,0,0
2026-08-21T14:49:03,1787298543,13.82279,100.511618,25.4,-0.02,0.1,-3.7,-71.8,288.2,0.0,-0.04,0.0,24.64,84,POSCTL,0,0
2026-08-21T14:49:04,1787298544,13.82279,100.511618,25.4,-0.02,0.1,-3.7,-71.8,288.2,0.0,-0.04,0.0,24.64,84,POSCTL,0,0
2026-08-21T14:49:05,1787298545,13.82279,100.511618,25.4,-0.02,0.1,-3.7,-71.8,288.2,0.0,-0.04,0.0,24.64,84,POSCTL,0,0
2026-08-21T14:49:06,1787298546,13.82279,100.511618,25.4,-0.02,0.1,-3.7,-71.8,288.2,0.0,-0.04,0.0,24.64,84,POSCTL,0,0
2026-08-21T14:49:07,1787298547,13.82279,100.511618,25.4,-0.02,0.1,-3.7,-71.8,288.2,0.0,-0.04,0.0,24.64,84,POSCTL,0,0
2026-08-21T14:49:08,1787298548,13.82279,100.511618,25.4,-0.02,0.1,-3.7,-71.8,288.2,0.0,-0.04,0.0,24.64,84,POSCTL,0,0
2026-08-21T14:49:09,1787298549,13.822785,100.511619,25.4,-0.02,0.1,-3.7,-71.8,288.2,0.0,-0.04,0.0,24.64,84,POSCTL,0,0
2026-08-21T14:49:10,1787298550,13.822785,100.511619,25.4,-0.02,0.1,-3.7,-71.8,288.2,0.0,-0.04,0.0,24.64,83,POSCTL,0,0
2026-08-21T14:49:11,1787298551,13.822785,100.511619,25.4,-0.02,0.1,-3.7,-71.8,288.2,0.0,-0.04,0.0,24.64,83,POSCTL,0,0
2026-08-21T14:49:12,1787298552,13.822785,100.511619,25.4,-0.02,0.1,-3.7,-71.9,288.1,0.0,-0.04,0.0,24.64,83,POSCTL,0,0
