iso,unix,lat,lon,alt_msl,rel_alt,roll,pitch,yaw,heading,vx,vy,vz,vbatt,batt_pct,mode,armed,in_air
2026-08-12T05:13:37,1786486418,13.822494,100.512277,16.0,-0.02,-0.4,-0.5,88.8,88.8,-0.02,0.0,0.0,16.2,100,AUTO.LOITER,0,0
2026-08-12T05:13:38,1786486419,13.822494,100.512277,15.9,-0.05,-0.4,-0.5,88.8,88.8,0.0,0.0,0.01,16.2,100,AUTO.LOITER,0,0
2026-08-12T05:13:39,1786486420,13.822494,100.512277,15.9,-0.05,-0.4,-0.5,88.8,88.8,0.0,0.0,0.01,16.2,100,AUTO.LOITER,0,0
2026-08-12T05:13:40,1786486421,13.822494,100.512277,15.9,-0.06,-0.4,-0.5,88.8,88.8,-0.01,0.0,0.01,16.2,100,AUTO.LOITER,0,0
2026-08-12T05:13:41,1786486422,13.822494,100.512277,15.9,-0.06,-0.4,-0.5,88.8,88.8,-0.01,0.0,0.01,16.2,100,AUTO.LOITER,0,0
2026-08-12T05:13:42,1786486423,13.822494,100.512277,15.9,-0.07,-0.5,-0.4,88.8,88.8,0.01,0.0,0.01,16.2,100,AUTO.LOITER,0,0
2026-08-12T05:13:43,1786486424,13.822494,100.512277,15.9,-0.07,-0.5,-0.5,88.8,88.8,0.01,-0.01,0.01,16.2,100,AUTO.LOITER,0,0
2026-08-12T05:13:44,1786486425,13.822494,100.512277,15.9,-0.07,-0.5,-0.5,88.8,88.8,0.0,0.0,0.01,16.2,100,AUTO.LOITER,0,0
2026-08-12T05:13:45,1786486426,13.822494,100.512277,15.9,-0.08,-0.5,-0.6,88.8,88.8,0.0,0.02,0.01,16.2,100,AUTO.LOITER,0,0
2026-08-12T05:13:46,1786486427,13.822494,100.512277,15.7,-0.08,-0.5,-0.5,88.8,88.8,0.0,0.02,0.01,16.2,100,AUTO.LOITER,0,0
2026-08-12T05:13:47,1786486428,13.822494,100.512277,15.7,-0.08,-0.5,-0.5,88.8,88.8,0.0,0.02,0.01,16.2,100,AUTO.LOITER,0,0
2026-08-12T05:13:48,1786486429,13.822494,100.512277,15.9,-0.06,-0.6,-0.5,88.8,88.8,0.0,-0.01,0.0,16.2,100,AUTO.LOITER,0,0
2026-08-12T05:13:49,1786486430,13.822494,100.512277,15.9,-0.06,-0.6,-0.5,88.8,88.8,0.0,0.0,0.0,16.2,100,AUTO.LOITER,0,0
2026-08-12T05:13:50,1786486431,13.822494,100.512277,15.9,-0.06,-0.6,-0.5,88.8,88.8,0.0,0.01,0.0,16.2,100,AUTO.LOITER,0,0
2026-08-12T05:13:51,1786486432,13.822494,100.512277,15.9,-0.05,-0.7,-0.5,88.8,88.8,0.0,0.03,-0.01,16.2,100,AUTO.LOITER,0,0
2026-08-12T05:13:52,1786486433,13.822494,100.512277,15.9,-0.05,-0.7,-0.5,88.8,88.8,0.0,0.01,-0.01,16.2,100,AUTO.LOITER,0,0
2026-08-12T05:13:53,1786486434,13.822494,100.512277,15.9,-0.06,-0.7,-0.5,88.8,88.8,0.0,0.01,0.0,16.2,100,AUTO.LOITER,0,0
2026-08-12T05:13:54,1786486435,13.822494,100.512277,15.7,-0.06,-0.7,-0.5,88.8,88.8,0.0,0.01,0.0,16.2,100,AUTO.LOITER,0,0
2026-08-12T05:13:55,1786486436,13.822494,100.512277,15.9,-0.06,-0.7,-0.4,88.8,88.8,0.0,0.0,0.0,16.2,100,AUTO.LOITER,0,0
2026-08-12T05:13:56,1786486437,13.822494,100.512277,15.7,-0.06,-0.7,-0.5,88.8,88.8,0.0,0.0,0.0,16.2,100,AUTO.LOITER,0,0
2026-08-12T05:13:57,1786486438,13.822494,100.512277,15.7,-0.07,-0.7,-0.5,88.8,88.8,0.0,0.0,0.01,16.2,100,AUTO.LOITER,0,0
2026-08-12T05:13:58,1786486439,13.822494,100.512277,15.9,-0.08,-0.7,-0.5,88.8,88.8,0.0,0.0,0.01,16.2,100,AUTO.LOITER,0,0
2026-08-12T05:13:59,1786486440,13.822494,100.512277,15.9,-0.08,-0.8,-0.5,88.8,88.8,0.0,0.0,0.02,16.2,100,AUTO.LOITER,0,0
2026-08-12T05:14:00,1786486441,13.822494,100.512277,15.9,-0.08,-0.8,-0.5,88.8,88.8,0.0,0.01,0.01,16.2,100,AUTO.LOITER,0,0
2026-08-12T05:14:01,1786486442,13.822494,100.512277,15.9,-0.08,-0.8,-0.4,88.8,88.8,0.0,0.0,0.01,16.2,100,AUTO.LOITER,0,0
2026-08-12T05:14:02,1786486443,13.822494,100.512277,15.7,-0.08,-0.8,-0.4,88.8,88.8,0.0,0.0,0.01,16.2,100,AUTO.LOITER,0,0
2026-08-12T05:14:03,1786486444,13.822494,100.512277,15.9,-0.08,-0.8,-0.4,88.8,88.8,0.01,0.0,0.02,16.2,100,AUTO.LOITER,0,0
2026-08-12T05:14:04,1786486445,13.822494,100.512277,15.9,-0.08,-0.8,-0.4,88.7,88.7,0.01,0.0,0.02,16.2,100,AUTO.LOITER,0,0
2026-08-12T05:14:05,1786486446,13.822494,100.512277,15.7,-0.08,-0.8,-0.4,88.8,88.8,0.01,0.0,0.02,16.2,100,AUTO.LOITER,0,0
2026-08-12T05:14:06,1786486447,13.822494,100.512277,15.9,-0.09,-0.8,-0.4,88.8,88.8,0.01,0.0,0.02,16.2,100,AUTO.LOITER,0,0
2026-08-12T05:14:07,1786486448,13.822494,100.512277,15.9,-0.09,-0.8,-0.4,88.8,88.8,0.02,0.01,0.03,16.2,100,AUTO.LOITER,0,0
2026-08-12T05:14:08,1786486449,13.822494,100.512277,15.9,-0.09,-0.8,-0.4,88.8,88.8,0.0,0.0,0.03,16.2,100,AUTO.LOITER,0,0
2026-08-12T05:14:09,1786486450,13.822494,100.512277,15.9,-0.09,-0.8,-0.4,88.8,88.8,0.0,0.0,0.02,16.2,100,AUTO.LOITER,0,0
2026-08-12T05:14:10,1786486451,13.822494,100.512277,15.9,-0.09,-0.8,-0.4,88.8,88.8,0.0,0.0,0.02,16.2,100,AUTO.LOITER,0,0
2026-08-12T05:14:11,1786486452,13.822494,100.512277,15.9,-0.08,-0.8,-0.4,88.8,88.8,-0.01,0.0,0.01,16.2,100,AUTO.LOITER,0,0
2026-08-12T05:14:12,1786486453,13.822494,100.512277,15.9,-0.08,-0.9,-0.4,88.8,88.8,-0.01,0.0,0.01,16.2,100,AUTO.LOITER,0,0
2026-08-12T05:14:13,1786486454,13.822494,100.512277,15.9,-0.08,-0.9,-0.4,88.8,88.8,-0.01,0.0,0.01,16.2,100,AUTO.LOITER,0,0
2026-08-12T05:14:14,1786486455,13.822494,100.512277,15.9,-0.07,-0.9,-0.5,88.8,88.8,0.0,-0.02,0.0,16.2,100,AUTO.LOITER,0,0
2026-08-12T05:14:15,1786486456,13.822494,100.512277,15.9,-0.07,-0.9,-0.5,88.8,88.8,0.01,-0.02,0.0,16.2,100,AUTO.LOITER,0,0
2026-08-12T05:14:16,1786486457,13.822494,100.512277,15.9,-0.06,-0.9,-0.5,88.8,88.8,0.0,-0.02,0.0,16.2,100,AUTO.LOITER,0,0
2026-08-12T05:14:17,1786486458,13.822494,100.512277,15.9,-0.06,-0.9,-0.6,88.8,88.8,0.01,-0.01,-0.01,16.2,100,AUTO.LOITER,0,0
2026-08-12T05:14:18,1786486459,13.822494,100.512277,15.9,-0.05,-0.9,-0.6,88.8,88.8,0.01,0.0,-0.01,16.2,100,AUTO.LOITER,0,0
2026-08-12T05:14:19,1786486460,13.822494,100.512277,15.9,-0.05,-0.9,-0.6,88.9,88.9,0.01,0.0,-0.02,16.2,100,AUTO.LOITER,0,0
2026-08-12T05:14:20,1786486461,13.822494,100.512277,15.9,-0.05,-0.9,-0.6,88.9,88.9,0.02,0.0,-0.01,16.2,100,AUTO.LOITER,0,0
2026-08-12T05:14:21,1786486462,13.822494,100.512277,15.9,-0.06,-0.9,-0.6,88.9,88.9,0.01,0.0,-0.01,16.2,100,AUTO.LOITER,0,0
2026-08-12T05:14:22,1786486463,13.822494,100.512277,15.9,-0.06,-0.8,-0.6,89.0,89.0,-0.01,0.0,-0.01,16.2,100,AUTO.LOITER,0,0
2026-08-12T05:14:23,1786486464,13.822494,100.512277,15.9,-0.05,-0.9,-0.6,89.0,89.0,-0.01,0.0,-0.02,16.2,100,AUTO.LOITER,0,0
2026-08-12T05:14:24,1786486465,13.822494,100.512277,15.9,-0.04,-0.9,-0.6,89.0,89.0,-0.01,0.0,-0.03,16.2,100,AUTO.LOITER,0,0
2026-08-12T05:14:25,1786486466,13.822494,100.512277,15.9,-0.04,-0.9,-0.6,89.0,89.0,0.0,0.0,-0.04,16.2,100,AUTO.LOITER,0,0
2026-08-12T05:14:26,1786486467,13.822494,100.512277,15.9,-0.03,-0.9,-0.6,88.9,88.9,0.02,0.0,-0.05,16.2,100,AUTO.LOITER,0,0
2026-08-12T05:14:27,1786486468,13.822494,100.512277,16.0,-0.02,-0.9,-0.6,88.9,88.9,0.01,-0.01,-0.06,16.2,100,AUTO.LOITER,0,0
2026-08-12T05:14:28,1786486469,13.822494,100.512277,16.0,-0.02,-0.9,-0.6,88.9,88.9,0.01,0.0,-0.05,16.2,100,AUTO.LOITER,0,0
2026-08-12T05:14:29,1786486470,13.822494,100.512277,15.7,-0.02,-0.8,-0.6,88.9,88.9,0.01,0.0,-0.05,16.2,100,AUTO.LOITER,0,0
2026-08-12T05:14:30,1786486471,13.822494,100.512277,15.7,-0.02,-0.8,-0.6,88.9,88.9,0.0,0.01,-0.05,16.2,100,AUTO.LOITER,0,0
2026-08-12T05:14:31,1786486472,13.822494,100.512277,15.8,-0.02,-0.8,-0.5,88.9,88.9,0.0,0.01,-0.06,16.2,100,AUTO.LOITER,0,0
2026-08-12T05:14:32,1786486473,13.822494,100.512277,15.8,-0.02,-0.8,-0.5,88.9,88.9,0.0,0.01,-0.06,16.2,100,AUTO.LOITER,0,0
2026-08-12T05:14:33,1786486474,13.822494,100.512277,15.8,-0.02,-0.8,-0.5,88.9,88.9,0.0,0.01,-0.06,16.2,100,AUTO.LOITER,0,0
2026-08-12T05:14:34,1786486475,13.822494,100.512277,16.0,-0.0,-0.8,-0.5,88.9,88.9,0.0,0.0,-0.07,16.2,100,AUTO.LOITER,0,0
2026-08-12T05:14:35,1786486476,13.822494,100.512277,16.0,0.0,-0.8,-0.5,88.9,88.9,0.01,0.01,-0.07,16.2,100,AUTO.LOITER,0,0
2026-08-12T05:14:36,1786486477,13.822494,100.512277,16.0,0.0,-0.8,-0.5,88.9,88.9,0.0,0.0,-0.07,16.2,100,AUTO.LOITER,0,0
2026-08-12T05:14:37,1786486478,13.822494,100.512277,16.0,0.0,-0.8,-0.5,88.9,88.9,-0.02,0.01,-0.08,16.2,100,AUTO.LOITER,0,0
2026-08-12T05:14:38,1786486479,13.822494,100.512277,16.0,0.01,-0.8,-0.4,89.0,89.0,-0.02,0.01,-0.08,16.2,100,AUTO.LOITER,0,0
2026-08-12T05:14:39,1786486480,13.822494,100.512277,16.0,0.01,-0.8,-0.4,89.0,89.0,-0.03,0.0,-0.09,16.2,100,AUTO.LOITER,0,0
2026-08-12T05:14:40,1786486481,13.822494,100.512277,16.0,0.01,-0.9,-0.4,89.0,89.0,-0.01,0.0,-0.09,16.2,100,AUTO.LOITER,0,0
2026-08-12T05:14:41,1786486482,13.822494,100.512277,16.0,0.02,-0.8,-0.3,89.0,89.0,-0.01,0.0,-0.09,16.2,100,AUTO.LOITER,0,0
2026-08-12T05:14:42,1786486483,13.822494,100.512277,16.0,0.02,-0.8,-0.3,89.1,89.1,-0.02,0.0,-0.09,16.2,100,AUTO.LOITER,0,0
2026-08-12T05:14:43,1786486484,13.822494,100.512277,16.0,0.01,-0.8,-0.3,89.1,89.1,-0.01,0.0,-0.08,16.2,100,AUTO.LOITER,0,0
2026-08-12T05:14:44,1786486485,13.822494,100.512277,16.0,0.01,-0.8,-0.3,89.1,89.1,-0.01,0.0,-0.07,16.2,100,AUTO.LOITER,0,0
2026-08-12T05:14:45,1786486486,13.822494,100.512277,15.7,0.01,-0.8,-0.3,89.1,89.1,-0.01,0.0,-0.07,16.2,100,AUTO.LOITER,0,0
2026-08-12T05:14:46,1786486487,13.822493,100.512277,16.0,-0.0,-0.8,-0.3,89.1,89.1,-0.01,0.0,-0.06,16.2,100,AUTO.LOITER,0,0
2026-08-12T05:14:47,1786486488,13.822494,100.512277,16.0,-0.01,-0.8,-0.3,89.1,89.1,-0.01,0.0,-0.05,16.2,100,AUTO.LOITER,0,0
2026-08-12T05:14:48,1786486489,13.822494,100.512277,16.0,-0.01,-0.8,-0.3,89.1,89.1,0.0,0.0,-0.05,16.2,100,AUTO.LOITER,0,0
2026-08-12T05:14:49,1786486490,13.822494,100.512277,16.0,-0.01,-0.8,-0.3,89.1,89.1,0.0,0.0,-0.05,16.2,100,AUTO.LOITER,0,0
2026-08-12T05:14:50,1786486491,13.822494,100.512277,16.0,-0.01,-0.8,-0.3,89.1,89.1,0.01,-0.01,-0.04,16.2,100,AUTO.LOITER,0,0
2026-08-12T05:14:51,1786486492,13.822494,100.512277,16.0,-0.02,-0.8,-0.3,89.1,89.1,0.03,-0.02,-0.04,16.2,100,AUTO.LOITER,0,0
2026-08-12T05:14:52,1786486493,13.822494,100.512277,16.0,-0.02,-0.8,-0.3,89.1,89.1,0.03,-0.02,-0.04,16.2,100,AUTO.LOITER,0,0
2026-08-12T05:14:53,1786486494,13.822494,100.512277,16.0,-0.02,-0.8,-0.3,89.1,89.1,0.03,-0.01,-0.04,16.2,100,AUTO.LOITER,0,0
2026-08-12T05:14:54,1786486495,13.822494,100.512277,16.0,-0.02,-0.8,-0.3,89.1,89.1,0.02,0.0,-0.04,16.2,100,AUTO.LOITER,0,0
2026-08-12T05:14:55,1786486496,13.822494,100.512277,15.8,-0.02,-0.7,-0.2,89.2,89.2,0.02,0.0,-0.04,16.2,100,AUTO.LOITER,0,0
2026-08-12T05:14:56,1786486497,13.822494,100.512277,15.7,-0.02,-0.7,-0.2,89.2,89.2,0.02,0.0,-0.04,16.2,100,AUTO.LOITER,0,0
2026-08-12T05:14:57,1786486498,13.822494,100.512277,15.7,-0.02,-0.7,-0.2,89.2,89.2,0.02,0.0,-0.04,16.2,100,AUTO.LOITER,0,0
2026-08-12T05:14:58,1786486499,13.822494,100.512277,16.0,0.01,-0.7,-0.2,89.2,89.2,-0.01,0.0,-0.07,16.2,100,AUTO.LOITER,0,0
2026-08-12T05:14:59,1786486500,13.822494,100.512277,16.0,0.01,-0.7,-0.2,89.2,89.2,-0.02,0.0,-0.07,16.2,100,AUTO.LOITER,0,0
2026-08-12T05:15:00,1786486501,13.822494,100.512277,16.0,0.02,-0.7,-0.2,89.2,89.2,-0.02,0.0,-0.08,16.2,100,AUTO.LOITER,0,0
2026-08-12T05:15:01,1786486502,13.822494,100.512277,15.7,0.02,-0.7,-0.2,89.1,89.1,-0.02,0.0,-0.08,16.2,100,AUTO.LOITER,0,0
2026-08-12T05:15:02,1786486503,13.822494,100.512277,15.7,0.02,-0.7,-0.2,89.2,89.2,-0.02,0.0,-0.07,16.2,100,AUTO.LOITER,0,0
2026-08-12T05:15:03,1786486504,13.822494,100.512277,16.0,0.02,-0.8,-0.2,89.1,89.1,-0.01,0.0,-0.07,16.2,100,AUTO.LOITER,0,0
2026-08-12T05:15:04,1786486505,13.822494,100.512277,16.0,0.02,-0.8,-0.2,89.1,89.1,-0.03,0.0,-0.08,16.2,100,AUTO.LOITER,0,0
2026-08-12T05:15:05,1786486506,13.822494,100.512277,16.0,0.03,-0.8,-0.2,89.1,89.1,-0.02,0.0,-0.1,16.2,100,AUTO.LOITER,0,0
2026-08-12T05:15:06,1786486507,13.822494,100.512277,16.0,0.04,-0.8,-0.2,89.2,89.2,-0.01,0.0,-0.11,16.2,100,AUTO.LOITER,0,0
2026-08-12T05:15:07,1786486508,13.822494,100.512277,16.0,0.05,-0.8,-0.2,89.2,89.2,0.0,0.0,-0.12,16.2,100,AUTO.LOITER,0,0
2026-08-12T05:15:08,1786486509,13.822494,100.512277,16.0,0.06,-0.8,-0.2,89.2,89.2,0.0,-0.01,-0.12,16.2,100,AUTO.LOITER,0,0
2026-08-12T05:15:09,1786486510,13.822494,100.512277,16.0,0.06,-0.8,-0.3,89.2,89.2,0.0,-0.01,-0.13,16.2,100,AUTO.LOITER,0,0
2026-08-12T05:15:10,1786486511,13.822494,100.512277,16.1,0.08,-0.8,-0.3,89.2,89.2,0.01,0.0,-0.15,16.2,100,AUTO.LOITER,0,0
2026-08-12T05:15:11,1786486512,13.822494,100.512277,16.1,0.1,-0.8,-0.2,89.3,89.3,0.01,-0.01,-0.17,16.2,100,AUTO.LOITER,0,0
2026-08-12T05:15:12,1786486513,13.822494,100.512277,16.1,0.11,-0.7,-0.3,89.3,89.3,0.0,-0.01,-0.18,16.2,100,AUTO.LOITER,0,0
2026-08-12T05:15:13,1786486514,13.822494,100.512277,16.1,0.11,-0.7,-0.3,89.3,89.3,0.0,-0.01,-0.18,16.2,100,AUTO.LOITER,0,0
2026-08-12T05:15:14,1786486515,13.822494,100.512277,15.7,0.11,-0.7,-0.3,89.3,89.3,0.0,-0.01,-0.18,16.2,100,AUTO.LOITER,0,0
2026-08-12T05:15:15,1786486516,13.822494,100.512277,15.7,0.11,-0.7,-0.3,89.3,89.3,0.0,-0.01,-0.18,16.2,100,AUTO.LOITER,0,0
2026-08-12T05:15:16,1786486517,13.822494,100.512277,16.1,0.08,-0.7,-0.3,89.3,89.3,0.0,0.0,-0.14,16.2,100,AUTO.LOITER,0,0
2026-08-12T05:15:17,1786486518,13.822494,100.512277,15.7,0.08,-0.7,-0.3,89.3,89.3,0.0,0.0,-0.14,16.2,100,AUTO.LOITER,0,0
2026-08-12T05:15:18,1786486519,13.822494,100.512277,15.6,0.08,-0.7,-0.2,89.3,89.3,0.0,-0.01,-0.14,16.2,100,AUTO.LOITER,0,0
2026-08-12T05:15:19,1786486520,13.822494,100.512277,16.1,0.08,-0.7,-0.2,89.3,89.3,0.0,-0.02,-0.14,16.2,100,AUTO.LOITER,0,0
2026-08-12T05:15:20,1786486521,13.822494,100.512277,16.1,0.08,-0.7,-0.3,89.2,89.2,-0.01,-0.03,-0.14,16.2,100,AUTO.LOITER,0,0
2026-08-12T05:15:21,1786486522,13.822494,100.512277,16.1,0.08,-0.7,-0.3,89.2,89.2,0.0,-0.03,-0.13,16.2,100,AUTO.LOITER,0,0
2026-08-12T05:15:22,1786486523,13.822494,100.512277,16.1,0.08,-0.7,-0.3,89.2,89.2,0.0,-0.02,-0.13,16.2,100,AUTO.LOITER,0,0
2026-08-12T05:15:23,1786486524,13.822494,100.512277,16.0,0.07,-0.7,-0.3,89.2,89.2,0.02,-0.04,-0.12,16.2,100,AUTO.LOITER,0,0
2026-08-12T05:15:24,1786486525,13.822494,100.512277,16.0,0.07,-0.7,-0.3,89.2,89.2,0.01,-0.03,-0.12,16.2,100,AUTO.LOITER,0,0
2026-08-12T05:15:25,1786486526,13.822494,100.512277,16.0,0.06,-0.7,-0.4,89.2,89.2,0.01,-0.02,-0.1,16.2,100,AUTO.LOITER,0,0
2026-08-12T05:15:26,1786486527,13.822494,100.512277,16.0,0.06,-0.7,-0.4,89.2,89.2,0.02,-0.02,-0.09,16.2,100,AUTO.LOITER,0,0
2026-08-12T05:15:27,1786486528,13.822494,100.512277,16.0,0.04,-0.7,-0.4,89.3,89.3,0.01,-0.01,-0.08,16.2,100,AUTO.LOITER,0,0
2026-08-12T05:15:28,1786486529,13.822494,100.512277,16.0,0.03,-0.6,-0.4,89.3,89.3,0.0,0.0,-0.06,16.2,100,AUTO.LOITER,0,0
2026-08-12T05:15:29,1786486530,13.822494,100.512277,16.0,0.03,-0.6,-0.4,89.3,89.3,0.0,0.0,-0.06,16.2,100,AUTO.LOITER,0,0
2026-08-12T05:15:30,1786486531,13.822494,100.512277,16.0,0.03,-0.6,-0.4,89.3,89.3,0.03,0.0,-0.07,16.2,100,AUTO.LOITER,0,0
2026-08-12T05:15:31,1786486532,13.822494,100.512277,15.6,0.03,-0.6,-0.4,89.3,89.3,0.03,0.0,-0.07,16.2,100,AUTO.LOITER,0,0
2026-08-12T05:15:32,1786486533,13.822494,100.512277,16.0,0.03,-0.6,-0.4,89.3,89.3,0.03,0.0,-0.07,16.2,100,AUTO.LOITER,0,0
2026-08-12T05:15:33,1786486534,13.822494,100.512277,16.0,0.03,-0.6,-0.4,89.3,89.3,0.03,0.0,-0.07,16.2,100,AUTO.LOITER,0,0
2026-08-12T05:15:34,1786486535,13.822494,100.512277,15.7,0.03,-0.6,-0.4,89.4,89.4,0.03,0.0,-0.07,16.2,100,AUTO.LOITER,0,0
2026-08-12T05:15:35,1786486536,13.822494,100.512277,16.0,0.03,-0.5,-0.4,89.4,89.4,0.01,0.01,-0.06,16.2,100,AUTO.LOITER,0,0
2026-08-12T05:15:36,1786486537,13.822494,100.512277,16.0,0.03,-0.5,-0.3,89.4,89.4,0.0,0.0,-0.06,16.2,100,AUTO.LOITER,0,0
2026-08-12T05:15:37,1786486538,13.822494,100.512277,16.0,0.03,-0.5,-0.3,89.4,89.4,0.0,-0.01,-0.07,16.2,100,AUTO.LOITER,0,0
2026-08-12T05:15:38,1786486539,13.822494,100.512277,16.0,0.04,-0.5,-0.4,89.3,89.3,0.0,-0.02,-0.07,16.2,100,AUTO.LOITER,0,0
2026-08-12T05:15:39,1786486540,13.822494,100.512277,16.0,0.04,-0.5,-0.4,89.3,89.3,0.0,-0.02,-0.07,16.2,100,AUTO.LOITER,0,0
2026-08-12T05:15:40,1786486541,13.822494,100.512277,16.0,0.04,-0.5,-0.4,89.2,89.2,0.0,-0.03,-0.07,16.2,100,AUTO.LOITER,0,0
2026-08-12T05:15:41,1786486542,13.822494,100.512277,16.0,0.04,-0.5,-0.4,89.1,89.1,0.0,-0.01,-0.08,16.2,100,AUTO.LOITER,0,0
2026-08-12T05:15:42,1786486543,13.822494,100.512277,16.0,0.04,-0.5,-0.4,89.1,89.1,0.0,-0.01,-0.08,16.2,100,AUTO.LOITER,0,0
2026-08-12T05:15:43,1786486544,13.822494,100.512277,16.0,0.06,-0.6,-0.4,89.1,89.1,0.0,0.0,-0.1,16.2,100,AUTO.LOITER,0,0
2026-08-12T05:15:44,1786486545,13.822494,100.512277,16.0,0.07,-0.6,-0.4,89.1,89.1,0.0,0.0,-0.11,16.2,100,AUTO.LOITER,0,0
2026-08-12T05:15:45,1786486546,13.822494,100.512277,16.1,0.08,-0.6,-0.4,89.1,89.1,0.0,0.01,-0.12,16.2,100,AUTO.LOITER,0,0
2026-08-12T05:15:46,1786486547,13.822494,100.512277,16.1,0.08,-0.6,-0.4,89.1,89.1,0.0,0.0,-0.11,16.2,100,AUTO.LOITER,0,0
2026-08-12T05:15:47,1786486548,13.822494,100.512277,16.1,0.07,-0.6,-0.4,89.1,89.1,0.0,0.0,-0.11,16.2,100,AUTO.LOITER,0,0
2026-08-12T05:15:48,1786486549,13.822494,100.512277,15.7,0.07,-0.6,-0.4,89.1,89.1,0.0,0.0,-0.11,16.2,100,AUTO.LOITER,0,0
2026-08-12T05:15:49,1786486550,13.822494,100.512277,15.7,0.08,-0.6,-0.4,89.1,89.1,0.01,-0.01,-0.12,16.2,100,AUTO.LOITER,0,0
2026-08-12T05:15:50,1786486551,13.822494,100.512277,16.1,0.08,-0.6,-0.4,89.1,89.1,0.0,-0.01,-0.12,16.2,100,AUTO.LOITER,0,0
2026-08-12T05:15:51,1786486552,13.822494,100.512277,15.7,0.08,-0.6,-0.4,89.1,89.1,0.0,-0.01,-0.12,16.2,100,AUTO.LOITER,0,0
2026-08-12T05:15:52,1786486553,13.822494,100.512277,15.7,0.08,-0.6,-0.4,89.1,89.1,0.0,-0.01,-0.12,16.2,100,AUTO.LOITER,0,0
2026-08-12T05:15:53,1786486554,13.822494,100.512277,16.0,0.06,-0.6,-0.4,89.1,89.1,0.0,-0.01,-0.09,16.2,100,AUTO.LOITER,0,0
2026-08-12T05:15:54,1786486555,13.822494,100.512277,16.0,0.06,-0.7,-0.4,89.1,89.1,0.01,0.0,-0.1,16.2,100,AUTO.LOITER,0,0
2026-08-12T05:15:55,1786486556,13.822494,100.512277,16.0,0.07,-0.7,-0.4,89.1,89.1,0.0,0.0,-0.1,16.2,100,AUTO.LOITER,0,0
2026-08-12T05:15:56,1786486557,13.822494,100.512277,16.0,0.07,-0.7,-0.5,89.1,89.1,0.01,0.0,-0.1,16.2,100,AUTO.LOITER,0,0
2026-08-12T05:15:57,1786486558,13.822494,100.512277,16.0,0.07,-0.7,-0.5,89.1,89.1,0.02,0.0,-0.09,16.2,100,AUTO.LOITER,0,0
2026-08-12T05:15:58,1786486559,13.822494,100.512277,16.0,0.06,-0.7,-0.5,89.1,89.1,0.01,0.0,-0.08,16.2,100,AUTO.LOITER,0,0
2026-08-12T05:15:59,1786486560,13.822494,100.512277,16.0,0.06,-0.7,-0.5,89.1,89.1,0.01,0.0,-0.08,16.2,100,AUTO.LOITER,0,0
2026-08-12T05:16:00,1786486561,13.822494,100.512277,16.0,0.06,-0.7,-0.5,89.1,89.1,0.01,0.0,-0.08,16.2,100,AUTO.LOITER,0,0
2026-08-12T05:16:01,1786486562,13.822494,100.512277,16.0,0.06,-0.6,-0.5,89.1,89.1,0.01,0.0,-0.08,16.2,100,AUTO.LOITER,0,0
2026-08-12T05:16:02,1786486563,13.822494,100.512277,16.0,0.06,-0.6,-0.5,89.1,89.1,0.01,0.0,-0.08,16.2,100,AUTO.LOITER,0,0
2026-08-12T05:16:03,1786486564,13.822494,100.512277,15.7,0.03,-0.6,-0.5,89.1,89.1,0.0,0.0,-0.04,16.2,100,AUTO.LOITER,0,0
2026-08-12T05:16:04,1786486565,13.822494,100.512277,15.7,0.03,-0.6,-0.5,89.1,89.1,0.0,0.0,-0.04,16.2,100,AUTO.LOITER,0,0
2026-08-12T05:16:05,1786486566,13.822494,100.512277,16.0,0.01,-0.6,-0.5,89.1,89.1,0.0,0.0,-0.02,16.2,100,AUTO.LOITER,0,0
2026-08-12T05:16:06,1786486567,13.822494,100.512277,16.0,0.01,-0.6,-0.6,89.1,89.1,0.0,0.0,-0.02,16.2,100,AUTO.LOITER,0,0
2026-08-12T05:16:07,1786486568,13.822494,100.512277,16.0,0.0,-0.6,-0.6,89.2,89.2,0.02,0.0,-0.01,16.2,100,AUTO.LOITER,0,0
2026-08-12T05:16:08,1786486569,13.822494,100.512277,16.0,0.01,-0.6,-0.6,89.2,89.2,0.03,0.01,-0.02,16.2,100,AUTO.LOITER,0,0
2026-08-12T05:16:09,1786486570,13.822494,100.512277,16.0,0.01,-0.6,-0.6,89.2,89.2,0.03,0.02,-0.03,16.2,100,AUTO.LOITER,0,0
2026-08-12T05:16:10,1786486571,13.822494,100.512277,15.7,0.01,-0.5,-0.5,89.2,89.2,0.03,0.02,-0.03,16.2,100,AUTO.LOITER,0,0
2026-08-12T05:16:11,1786486572,13.822494,100.512277,16.0,0.03,-0.5,-0.5,89.3,89.3,0.0,0.02,-0.05,16.2,100,AUTO.LOITER,0,0
2026-08-12T05:16:12,1786486573,13.822494,100.512277,16.0,0.04,-0.5,-0.5,89.3,89.3,0.0,0.01,-0.06,16.2,100,AUTO.LOITER,0,0
2026-08-12T05:16:13,1786486574,13.822494,100.512277,16.0,0.05,-0.5,-0.5,89.3,89.3,-0.01,0.01,-0.07,16.2,100,AUTO.LOITER,0,0
2026-08-12T05:16:14,1786486575,13.822494,100.512277,16.0,0.05,-0.5,-0.5,89.3,89.3,0.0,0.02,-0.07,16.2,100,AUTO.LOITER,0,0
2026-08-12T05:16:15,1786486576,13.822494,100.512277,16.0,0.05,-0.5,-0.5,89.4,89.4,0.0,0.01,-0.06,16.2,100,AUTO.LOITER,0,0
2026-08-12T05:16:16,1786486577,13.822494,100.512277,16.0,0.04,-0.5,-0.4,89.4,89.4,-0.01,0.0,-0.05,16.2,100,AUTO.LOITER,0,0
2026-08-12T05:16:17,1786486578,13.822494,100.512277,15.7,0.04,-0.5,-0.4,89.4,89.4,-0.01,0.0,-0.05,16.2,100,AUTO.LOITER,0,0
2026-08-12T05:16:18,1786486579,13.822494,100.512277,16.0,0.04,-0.6,-0.4,89.5,89.5,-0.01,0.0,-0.06,16.2,100,AUTO.LOITER,0,0
2026-08-12T05:16:19,1786486580,13.822494,100.512277,16.0,0.06,-0.6,-0.5,89.5,89.5,0.0,0.0,-0.08,16.2,100,AUTO.LOITER,0,0
2026-08-12T05:16:20,1786486581,13.822494,100.512277,16.0,0.06,-0.6,-0.5,89.5,89.5,0.0,0.0,-0.08,16.2,100,AUTO.LOITER,0,0
2026-08-12T05:16:21,1786486582,13.822494,100.512277,16.0,0.07,-0.6,-0.5,89.5,89.5,0.0,0.0,-0.08,16.2,100,AUTO.LOITER,0,0
2026-08-12T05:16:22,1786486583,13.822494,100.512277,16.0,0.06,-0.6,-0.5,89.6,89.6,-0.01,0.0,-0.08,16.2,100,AUTO.LOITER,0,0
2026-08-12T05:16:23,1786486584,13.822494,100.512277,16.0,0.06,-0.6,-0.5,89.6,89.6,-0.01,-0.01,-0.08,16.2,100,AUTO.LOITER,0,0
2026-08-12T05:16:24,1786486585,13.822494,100.512277,16.0,0.06,-0.6,-0.5,89.5,89.5,-0.01,0.0,-0.08,16.2,100,AUTO.LOITER,0,0
2026-08-12T05:16:25,1786486586,13.822494,100.512277,16.0,0.06,-0.7,-0.5,89.5,89.5,0.0,0.01,-0.08,16.2,100,AUTO.LOITER,0,0
2026-08-12T05:16:26,1786486587,13.822494,100.512277,16.0,0.06,-0.7,-0.5,89.5,89.5,0.0,0.01,-0.07,16.2,100,AUTO.LOITER,0,0
2026-08-12T05:16:27,1786486588,13.822494,100.512277,16.0,0.06,-0.7,-0.5,89.5,89.5,-0.02,0.0,-0.08,16.2,100,AUTO.LOITER,0,0
2026-08-12T05:16:28,1786486589,13.822494,100.512277,16.0,0.06,-0.8,-0.5,89.5,89.5,-0.01,0.0,-0.08,16.2,100,AUTO.LOITER,0,0
2026-08-12T05:16:29,1786486590,13.822494,100.512277,16.0,0.07,-0.8,-0.5,89.5,89.5,-0.01,-0.02,-0.09,16.2,100,AUTO.LOITER,0,0
2026-08-12T05:16:30,1786486591,13.822494,100.512277,16.0,0.07,-0.8,-0.5,89.5,89.5,-0.01,-0.01,-0.08,16.2,100,AUTO.LOITER,0,0
2026-08-12T05:16:31,1786486592,13.822494,100.512277,15.7,0.07,-0.8,-0.6,89.5,89.5,-0.01,-0.01,-0.08,16.2,100,AUTO.LOITER,0,0
2026-08-12T05:16:32,1786486593,13.822494,100.512277,16.0,0.06,-0.8,-0.6,89.5,89.5,0.0,0.0,-0.07,16.2,100,AUTO.LOITER,0,0
2026-08-12T05:16:33,1786486594,13.822494,100.512277,16.0,0.06,-0.9,-0.6,89.5,89.5,0.0,0.0,-0.07,16.2,100,AUTO.LOITER,0,0
2026-08-12T05:16:34,1786486595,13.822494,100.512277,16.0,0.04,-0.9,-0.6,89.6,89.6,0.0,0.0,-0.05,16.2,100,AUTO.LOITER,0,0
2026-08-12T05:16:35,1786486596,13.822494,100.512277,16.0,0.03,-0.9,-0.6,89.6,89.6,0.0,0.0,-0.03,16.2,100,AUTO.LOITER,0,0
2026-08-12T05:16:36,1786486597,13.822494,100.512277,16.0,0.02,-0.9,-0.6,89.6,89.6,0.0,0.01,-0.02,16.2,100,AUTO.LOITER,0,0
2026-08-12T05:16:37,1786486598,13.822494,100.512277,16.0,0.01,-0.9,-0.6,89.6,89.6,0.02,0.0,-0.01,16.2,100,AUTO.LOITER,0,0
2026-08-12T05:16:38,1786486599,13.822494,100.512277,16.0,0.01,-0.9,-0.6,89.6,89.6,0.03,0.0,-0.01,16.2,100,AUTO.LOITER,0,0
2026-08-12T05:16:39,1786486600,13.822494,100.512277,16.0,0.01,-0.9,-0.6,89.6,89.6,0.04,0.0,-0.02,16.2,100,AUTO.LOITER,0,0
2026-08-12T05:16:40,1786486601,13.822494,100.512277,16.0,0.02,-0.8,-0.6,89.6,89.6,0.03,0.0,-0.03,16.2,100,AUTO.LOITER,0,0
2026-08-12T05:16:41,1786486602,13.822494,100.512277,16.0,0.03,-0.8,-0.6,89.6,89.6,0.01,-0.01,-0.04,16.2,100,AUTO.LOITER,0,0
2026-08-12T05:16:42,1786486603,13.822494,100.512277,16.0,0.04,-0.8,-0.7,89.5,89.5,0.0,-0.01,-0.04,16.2,100,AUTO.LOITER,0,0
2026-08-12T05:16:43,1786486604,13.822494,100.512277,16.0,0.04,-0.8,-0.7,89.5,89.5,0.0,-0.01,-0.05,16.2,100,AUTO.LOITER,0,0
2026-08-12T05:16:44,1786486605,13.822494,100.512277,16.0,0.03,-0.8,-0.7,89.5,89.5,0.0,0.0,-0.04,16.2,100,AUTO.LOITER,0,0
2026-08-12T05:16:45,1786486606,13.822494,100.512277,15.6,0.03,-0.8,-0.7,89.5,89.5,0.0,0.0,-0.04,16.2,100,AUTO.LOITER,0,0
2026-08-12T05:16:46,1786486607,13.822494,100.512277,15.7,0.03,-0.8,-0.7,89.6,89.6,0.0,0.0,-0.04,16.2,100,AUTO.LOITER,0,0
2026-08-12T05:16:47,1786486608,13.822494,100.512277,15.7,0.04,-0.8,-0.7,89.6,89.6,0.01,0.0,-0.04,16.2,100,AUTO.LOITER,0,0
2026-08-12T05:16:48,1786486609,13.822494,100.512277,15.7,0.04,-0.8,-0.7,89.6,89.6,0.01,0.01,-0.05,16.2,100,AUTO.LOITER,0,0
2026-08-12T05:16:49,1786486610,13.822494,100.512277,16.0,0.04,-0.7,-0.7,89.6,89.6,0.0,0.01,-0.04,16.2,100,AUTO.LOITER,0,0
2026-08-12T05:16:50,1786486611,13.822494,100.512277,16.0,0.04,-0.7,-0.7,89.6,89.6,0.0,0.01,-0.05,16.2,100,AUTO.LOITER,0,0
2026-08-12T05:16:51,1786486612,13.822494,100.512277,16.0,0.04,-0.7,-0.7,89.6,89.6,-0.01,0.01,-0.05,16.2,100,AUTO.LOITER,0,0
2026-08-12T05:16:52,1786486613,13.822494,100.512277,16.0,0.04,-0.7,-0.7,89.7,89.7,-0.01,0.01,-0.05,16.2,100,AUTO.LOITER,0,0
2026-08-12T05:16:53,1786486614,13.822494,100.512277,16.0,0.05,-0.7,-0.7,89.7,89.7,-0.01,0.0,-0.05,16.2,100,AUTO.LOITER,0,0
2026-08-12T05:16:54,1786486615,13.822494,100.512277,16.0,0.04,-0.7,-0.7,89.7,89.7,-0.01,0.0,-0.05,16.2,100,AUTO.LOITER,0,0
2026-08-12T05:16:55,1786486616,13.822494,100.512277,16.0,0.05,-0.8,-0.7,89.8,89.8,-0.01,0.0,-0.06,16.2,100,AUTO.LOITER,0,0
2026-08-12T05:16:56,1786486617,13.822494,100.512277,16.0,0.05,-0.8,-0.7,89.8,89.8,-0.02,0.0,-0.05,16.2,100,AUTO.LOITER,0,0
2026-08-12T05:16:57,1786486618,13.822494,100.512277,16.0,0.04,-0.8,-0.7,89.8,89.8,-0.01,0.0,-0.04,16.2,100,AUTO.LOITER,0,0
2026-08-12T05:16:58,1786486619,13.822494,100.512277,16.0,0.04,-0.8,-0.6,89.8,89.8,-0.01,0.0,-0.04,16.2,100,AUTO.LOITER,0,0
2026-08-12T05:16:59,1786486620,13.822494,100.512277,16.0,0.04,-0.8,-0.6,89.8,89.8,0.0,0.0,-0.05,16.2,100,AUTO.LOITER,0,0
2026-08-12T05:17:00,1786486621,13.822494,100.512277,15.7,0.04,-0.8,-0.6,89.8,89.8,0.0,0.0,-0.05,16.2,100,AUTO.LOITER,0,0
2026-08-12T05:17:01,1786486622,13.822494,100.512277,15.7,0.05,-0.8,-0.6,89.8,89.8,0.02,0.01,-0.06,16.2,100,AUTO.LOITER,0,0
2026-08-12T05:17:02,1786486623,13.822494,100.512277,16.0,0.05,-0.8,-0.6,89.8,89.8,0.01,0.0,-0.05,16.2,100,AUTO.LOITER,0,0
2026-08-12T05:17:03,1786486624,13.822494,100.512277,16.0,0.04,-0.8,-0.6,89.8,89.8,0.03,0.0,-0.04,16.2,100,AUTO.LOITER,0,0
2026-08-12T05:17:04,1786486625,13.822494,100.512277,16.0,0.03,-0.8,-0.6,89.8,89.8,0.04,-0.01,-0.03,16.2,100,AUTO.LOITER,0,0
2026-08-12T05:17:05,1786486626,13.822494,100.512277,16.0,0.03,-0.7,-0.6,89.8,89.8,0.02,-0.03,-0.03,16.2,100,AUTO.LOITER,0,0
2026-08-12T05:17:06,1786486627,13.822494,100.512277,16.0,0.03,-0.7,-0.6,89.8,89.8,0.01,-0.03,-0.02,16.2,100,AUTO.LOITER,0,0
2026-08-12T05:17:07,1786486628,13.822494,100.512277,16.0,0.02,-0.7,-0.6,89.7,89.7,0.0,-0.02,-0.02,16.2,100,AUTO.LOITER,0,0
2026-08-12T05:17:08,1786486629,13.822494,100.512277,16.0,0.02,-0.7,-0.6,89.7,89.7,-0.03,-0.01,-0.02,16.2,100,AUTO.LOITER,0,0
2026-08-12T05:17:09,1786486630,13.822494,100.512277,16.0,0.02,-0.7,-0.6,89.7,89.7,-0.03,0.0,-0.02,16.2,100,AUTO.LOITER,0,0
2026-08-12T05:17:10,1786486631,13.822494,100.512277,16.0,0.02,-0.7,-0.6,89.6,89.6,-0.01,0.01,-0.02,16.2,100,AUTO.LOITER,0,0
2026-08-12T05:17:11,1786486632,13.822494,100.512277,16.0,0.02,-0.7,-0.6,89.6,89.6,0.0,0.02,-0.01,16.2,100,AUTO.LOITER,0,0
2026-08-12T05:17:12,1786486633,13.822494,100.512277,15.7,0.02,-0.7,-0.6,89.6,89.6,0.0,0.02,-0.01,16.2,100,AUTO.LOITER,0,0
2026-08-12T05:17:13,1786486634,13.822494,100.512277,15.7,0.02,-0.7,-0.5,89.6,89.6,0.0,0.02,-0.01,16.2,100,AUTO.LOITER,0,0
2026-08-12T05:17:14,1786486635,13.822494,100.512277,15.7,0.02,-0.7,-0.5,89.6,89.6,0.0,0.02,-0.01,16.2,100,AUTO.LOITER,0,0
2026-08-12T05:17:15,1786486636,13.822494,100.512277,16.0,0.01,-0.7,-0.5,89.6,89.6,0.0,0.0,-0.01,16.2,100,AUTO.LOITER,0,0
2026-08-12T05:17:16,1786486637,13.822494,100.512277,15.7,0.01,-0.7,-0.4,89.5,89.5,0.0,0.0,-0.01,16.2,100,AUTO.LOITER,0,0
2026-08-12T05:17:17,1786486638,13.822494,100.512277,16.0,0.01,-0.7,-0.4,89.5,89.5,-0.01,0.01,-0.01,16.2,100,AUTO.LOITER,0,0
2026-08-12T05:17:18,1786486639,13.822494,100.512277,16.0,0.01,-0.7,-0.4,89.5,89.5,-0.01,0.02,-0.01,16.2,100,AUTO.LOITER,0,0
2026-08-12T05:17:19,1786486640,13.822494,100.512277,16.0,0.01,-0.7,-0.3,89.5,89.5,0.0,0.03,-0.01,16.2,100,AUTO.LOITER,0,0
2026-08-12T05:17:20,1786486641,13.822494,100.512277,16.0,0.01,-0.7,-0.3,89.5,89.5,0.0,0.01,-0.01,16.2,100,AUTO.LOITER,0,0
2026-08-12T05:17:21,1786486642,13.822494,100.512277,16.0,0.01,-0.8,-0.2,89.5,89.5,0.0,0.0,0.0,16.2,100,AUTO.LOITER,0,0
2026-08-12T05:17:22,1786486643,13.822494,100.512277,16.0,0.01,-0.8,-0.2,89.5,89.5,0.0,0.0,0.0,16.2,100,AUTO.LOITER,0,0
2026-08-12T05:17:23,1786486644,13.822494,100.512277,16.0,0.01,-0.8,-0.2,89.5,89.5,0.01,0.0,-0.01,16.2,100,AUTO.LOITER,0,0
2026-08-12T05:17:24,1786486645,13.822494,100.512277,16.0,0.01,-0.8,-0.2,89.5,89.5,0.01,0.0,-0.01,16.2,100,AUTO.LOITER,0,0
2026-08-12T05:17:25,1786486646,13.822494,100.512277,16.0,0.03,-0.8,-0.2,89.4,89.4,0.03,-0.02,-0.02,16.2,100,AUTO.LOITER,0,0
2026-08-12T05:17:26,1786486647,13.822494,100.512277,16.0,0.02,-0.7,-0.2,89.4,89.4,0.01,-0.02,-0.01,16.2,100,AUTO.LOITER,0,0
2026-08-12T05:17:27,1786486648,13.822494,100.512277,16.0,0.01,-0.7,-0.2,89.4,89.4,0.01,-0.02,0.0,16.2,100,AUTO.LOITER,0,0
2026-08-12T05:17:28,1786486649,13.822494,100.512277,15.7,0.01,-0.7,-0.2,89.4,89.4,0.01,-0.02,0.0,16.2,100,AUTO.LOITER,0,0
2026-08-12T05:17:29,1786486650,13.822494,100.512277,16.0,-0.0,-0.7,-0.2,89.4,89.4,0.03,-0.03,0.0,16.2,100,AUTO.LOITER,0,0
2026-08-12T05:17:30,1786486651,13.822494,100.512277,16.0,0.0,-0.6,-0.2,89.4,89.4,0.03,-0.02,0.0,16.2,100,AUTO.LOITER,0,0
2026-08-12T05:17:31,1786486652,13.822494,100.512277,16.0,0.01,-0.6,-0.2,89.4,89.4,0.02,-0.02,0.0,16.2,100,AUTO.LOITER,0,0
2026-08-12T05:17:32,1786486653,13.822494,100.512277,16.0,0.0,-0.6,-0.2,89.4,89.4,0.0,0.0,0.0,16.2,100,AUTO.LOITER,0,0
2026-08-12T05:17:33,1786486654,13.822494,100.512277,15.7,0.0,-0.6,-0.2,89.4,89.4,0.0,0.0,0.0,16.2,100,AUTO.LOITER,0,0
2026-08-12T05:17:34,1786486655,13.822494,100.512277,16.0,-0.01,-0.6,-0.2,89.3,89.3,-0.01,0.0,0.01,16.2,100,AUTO.LOITER,0,0
2026-08-12T05:17:35,1786486656,13.822494,100.512277,16.0,-0.01,-0.6,-0.3,89.3,89.3,-0.02,0.0,0.01,16.2,100,AUTO.LOITER,0,0
2026-08-12T05:17:36,1786486657,13.822494,100.512277,16.0,-0.01,-0.6,-0.2,89.3,89.3,-0.01,0.0,0.01,16.2,100,AUTO.LOITER,0,0
2026-08-12T05:17:37,1786486658,13.822494,100.512277,16.0,-0.01,-0.6,-0.2,89.2,89.2,0.0,0.0,0.01,16.2,100,AUTO.LOITER,0,0
2026-08-12T05:17:38,1786486659,13.822494,100.512277,16.0,-0.01,-0.6,-0.2,89.2,89.2,0.0,0.0,0.02,16.2,100,AUTO.LOITER,0,0
2026-08-12T05:17:39,1786486660,13.822494,100.512277,16.0,-0.02,-0.6,-0.2,89.2,89.2,-0.02,0.0,0.02,16.2,100,AUTO.LOITER,0,0
2026-08-12T05:17:40,1786486661,13.822494,100.512277,16.0,-0.02,-0.6,-0.3,89.2,89.2,-0.01,-0.01,0.02,16.2,100,AUTO.LOITER,0,0
2026-08-12T05:17:41,1786486662,13.822494,100.512277,15.7,-0.02,-0.6,-0.2,89.2,89.2,-0.01,-0.01,0.02,16.2,100,AUTO.LOITER,0,0
2026-08-12T05:17:42,1786486663,13.822494,100.512277,15.6,-0.02,-0.6,-0.3,89.3,89.3,0.0,-0.01,0.02,16.2,100,AUTO.LOITER,0,0
2026-08-12T05:17:43,1786486664,13.822494,100.512277,16.0,-0.02,-0.6,-0.3,89.3,89.3,0.01,-0.02,0.02,16.2,100,AUTO.LOITER,0,0
2026-08-12T05:17:44,1786486665,13.822494,100.512277,16.0,-0.02,-0.6,-0.3,89.3,89.3,0.0,-0.02,0.02,16.2,100,AUTO.LOITER,0,0
2026-08-12T05:17:45,1786486666,13.822494,100.512277,16.0,-0.02,-0.5,-0.4,89.3,89.3,0.0,-0.01,0.02,16.2,100,AUTO.LOITER,0,0
2026-08-12T05:17:46,1786486667,13.822494,100.512277,16.0,-0.02,-0.5,-0.4,89.3,89.3,-0.01,0.0,0.02,16.2,100,AUTO.LOITER,0,0
2026-08-12T05:17:47,1786486668,13.822494,100.512277,16.0,-0.01,-0.5,-0.4,89.3,89.3,-0.03,0.0,0.01,16.2,100,AUTO.LOITER,0,0
2026-08-12T05:17:48,1786486669,13.822494,100.512277,16.0,-0.01,-0.5,-0.4,89.3,89.3,-0.03,0.0,0.01,16.2,100,AUTO.LOITER,0,0
2026-08-12T05:17:49,1786486670,13.822494,100.512277,16.0,-0.01,-0.6,-0.4,89.2,89.2,-0.03,0.0,0.01,16.2,100,AUTO.LOITER,0,0
2026-08-12T05:17:50,1786486671,13.822494,100.512277,16.0,-0.0,-0.7,-0.4,89.1,89.1,-0.01,0.0,0.0,16.2,100,AUTO.LOITER,0,0
2026-08-12T05:17:51,1786486672,13.822494,100.512277,15.7,-0.0,-0.7,-0.3,89.1,89.1,-0.01,0.0,0.0,16.2,100,AUTO.LOITER,0,0
2026-08-12T05:17:52,1786486673,13.822494,100.512277,16.0,-0.0,-0.7,-0.3,89.1,89.1,-0.01,0.0,0.0,16.2,100,AUTO.LOITER,0,0
2026-08-12T05:17:53,1786486674,13.822494,100.512277,16.0,-0.0,-0.7,-0.3,89.1,89.1,-0.01,0.0,0.0,16.2,100,AUTO.LOITER,0,0
2026-08-12T05:17:54,1786486675,13.822494,100.512277,16.0,0.01,-0.7,-0.4,89.1,89.1,-0.01,0.0,0.0,16.2,100,AUTO.LOITER,0,0
2026-08-12T05:17:55,1786486676,13.822494,100.512277,15.7,0.01,-0.7,-0.4,89.1,89.1,-0.01,0.0,0.0,16.2,100,AUTO.LOITER,0,0
2026-08-12T05:17:56,1786486677,13.822494,100.512277,15.7,0.01,-0.7,-0.4,89.1,89.1,-0.01,0.01,-0.01,16.2,100,AUTO.LOITER,0,0
2026-08-12T05:17:57,1786486678,13.822494,100.512277,16.0,0.01,-0.8,-0.3,89.1,89.1,-0.02,0.0,-0.01,16.2,100,AUTO.LOITER,0,0
2026-08-12T05:17:58,1786486679,13.822494,100.512277,16.0,0.01,-0.8,-0.4,89.1,89.1,-0.01,0.0,-0.01,16.2,100,AUTO.LOITER,0,0
2026-08-12T05:17:59,1786486680,13.822494,100.512277,16.0,0.02,-0.8,-0.4,89.1,89.1,0.0,0.0,-0.02,16.2,100,AUTO.LOITER,0,0
2026-08-12T05:18:00,1786486681,13.822494,100.512277,16.0,0.02,-0.8,-0.4,89.1,89.1,0.01,0.0,-0.02,16.2,100,AUTO.LOITER,0,0
2026-08-12T05:18:01,1786486682,13.822494,100.512277,16.0,0.03,-0.8,-0.4,89.2,89.2,0.01,0.0,-0.03,16.2,100,AUTO.LOITER,0,0
2026-08-12T05:18:02,1786486683,13.822494,100.512277,16.0,0.03,-0.8,-0.4,89.2,89.2,0.02,0.0,-0.03,16.2,100,AUTO.LOITER,0,0
2026-08-12T05:18:03,1786486684,13.822494,100.512277,16.0,0.03,-0.8,-0.4,89.2,89.2,0.0,-0.01,-0.02,16.2,100,AUTO.LOITER,0,0
2026-08-12T05:18:04,1786486685,13.822494,100.512277,16.0,0.03,-0.8,-0.4,89.1,89.1,0.0,-0.01,-0.02,16.2,100,AUTO.LOITER,0,0
2026-08-12T05:18:05,1786486686,13.822494,100.512277,15.6,0.03,-0.8,-0.5,89.2,89.2,0.0,-0.01,-0.02,16.2,100,AUTO.LOITER,0,0
2026-08-12T05:18:06,1786486687,13.822494,100.512277,16.0,0.01,-0.8,-0.5,89.2,89.2,-0.01,-0.01,-0.01,16.2,100,AUTO.LOITER,0,0
2026-08-12T05:18:07,1786486688,13.822494,100.512277,15.7,0.01,-0.8,-0.5,89.2,89.2,-0.01,-0.01,-0.01,16.2,100,AUTO.LOITER,0,0
2026-08-12T05:18:08,1786486689,13.822494,100.512277,15.7,0.01,-0.9,-0.5,89.1,89.1,-0.01,-0.01,-0.01,16.2,100,AUTO.LOITER,0,0
2026-08-12T05:18:09,1786486690,13.822494,100.512277,15.7,0.01,-0.9,-0.5,89.1,89.1,-0.01,-0.01,-0.01,16.2,100,AUTO.LOITER,0,0
2026-08-12T05:18:10,1786486691,13.822494,100.512277,15.7,0.01,-0.9,-0.5,89.1,89.1,-0.01,-0.01,-0.01,16.2,100,AUTO.LOITER,0,0
2026-08-12T05:18:11,1786486692,13.822494,100.512277,15.7,0.02,-0.9,-0.5,89.1,89.1,0.0,0.01,-0.01,16.2,100,AUTO.LOITER,0,0
2026-08-12T05:18:12,1786486693,13.822494,100.512277,16.0,0.01,-0.9,-0.5,89.1,89.1,0.01,0.02,0.0,16.2,100,AUTO.LOITER,0,0
2026-08-12T05:18:13,1786486694,13.822494,100.512277,16.0,0.0,-0.9,-0.5,89.1,89.1,0.01,0.03,0.01,16.2,100,AUTO.LOITER,0,0
2026-08-12T05:18:14,1786486695,13.822494,100.512277,16.0,-0.01,-0.9,-0.5,89.0,89.0,0.03,0.01,0.02,16.2,100,AUTO.LOITER,0,0
2026-08-12T05:18:15,1786486696,13.822494,100.512277,16.0,-0.02,-0.9,-0.5,89.0,89.0,0.03,0.0,0.03,16.2,100,AUTO.LOITER,0,0
2026-08-12T05:18:16,1786486697,13.822494,100.512277,16.0,-0.02,-0.9,-0.5,89.0,89.0,0.03,0.0,0.03,16.2,100,AUTO.LOITER,0,0
2026-08-12T05:18:17,1786486698,13.822494,100.512277,15.7,-0.02,-0.9,-0.5,89.0,89.0,0.03,0.0,0.03,16.2,100,AUTO.LOITER,0,0
2026-08-12T05:18:18,1786486699,13.822494,100.512277,16.0,-0.01,-0.8,-0.5,88.8,88.8,0.01,0.01,0.01,16.2,100,AUTO.LOITER,0,0
2026-08-12T05:18:19,1786486700,13.822494,100.512277,16.0,-0.01,-0.8,-0.5,88.8,88.8,0.0,0.02,0.02,16.2,100,AUTO.LOITER,0,0
2026-08-12T05:18:20,1786486701,13.822494,100.512277,16.0,-0.01,-0.8,-0.5,88.8,88.8,0.0,0.02,0.02,16.2,100,AUTO.LOITER,0,0
2026-08-12T05:18:21,1786486702,13.822494,100.512277,16.0,-0.02,-0.8,-0.5,88.8,88.8,0.0,0.01,0.02,16.2,100,AUTO.LOITER,0,0
2026-08-12T05:18:22,1786486703,13.822494,100.512277,16.0,-0.02,-0.8,-0.4,88.9,88.9,0.0,0.0,0.02,16.2,100,AUTO.LOITER,0,0
2026-08-12T05:18:23,1786486704,13.822494,100.512277,15.7,-0.02,-0.8,-0.4,88.9,88.9,0.0,0.0,0.02,16.2,100,AUTO.LOITER,0,0
2026-08-12T05:18:24,1786486705,13.822494,100.512277,15.6,-0.02,-0.8,-0.5,88.9,88.9,0.01,-0.01,0.03,16.2,100,AUTO.LOITER,0,0
2026-08-12T05:18:25,1786486706,13.822494,100.512277,15.6,-0.02,-0.8,-0.5,88.9,88.9,0.01,-0.01,0.03,16.2,100,AUTO.LOITER,0,0
2026-08-12T05:18:26,1786486707,13.822494,100.512277,15.7,-0.02,-0.8,-0.5,88.9,88.9,0.01,-0.01,0.03,16.2,100,AUTO.LOITER,0,0
2026-08-12T05:18:27,1786486708,13.822494,100.512277,15.9,-0.04,-0.7,-0.5,88.9,88.9,0.02,0.02,0.05,16.2,100,AUTO.LOITER,0,0
2026-08-12T05:18:28,1786486709,13.822494,100.512277,15.9,-0.04,-0.7,-0.5,88.9,88.9,0.0,0.01,0.04,16.2,100,AUTO.LOITER,0,0
2026-08-12T05:18:29,1786486710,13.822494,100.512277,15.9,-0.03,-0.7,-0.5,88.9,88.9,0.0,0.01,0.04,16.2,100,AUTO.LOITER,0,0
2026-08-12T05:18:30,1786486711,13.822494,100.512277,15.9,-0.03,-0.7,-0.4,89.0,89.0,0.0,0.0,0.04,16.2,100,AUTO.LOITER,0,0
2026-08-12T05:18:31,1786486712,13.822494,100.512277,15.9,-0.03,-0.7,-0.4,89.0,89.0,0.0,0.0,0.03,16.2,100,AUTO.LOITER,0,0
2026-08-12T05:18:32,1786486713,13.822494,100.512277,16.0,-0.02,-0.7,-0.4,89.0,89.0,0.0,-0.01,0.01,16.2,100,AUTO.LOITER,0,0
2026-08-12T05:18:33,1786486714,13.822494,100.512277,15.6,-0.02,-0.7,-0.4,89.0,89.0,0.0,-0.01,0.01,16.2,100,AUTO.LOITER,0,0
2026-08-12T05:18:34,1786486715,13.822494,100.512277,15.6,-0.02,-0.7,-0.4,89.0,89.0,0.0,-0.01,0.01,16.2,100,AUTO.LOITER,0,0
2026-08-12T05:18:35,1786486716,13.822494,100.512277,16.0,-0.01,-0.7,-0.5,89.0,89.0,0.0,-0.01,0.01,16.2,100,AUTO.LOITER,0,0
2026-08-12T05:18:36,1786486717,13.822494,100.512277,16.0,-0.01,-0.7,-0.5,89.0,89.0,0.0,-0.01,0.02,16.2,100,AUTO.LOITER,0,0
2026-08-12T05:18:37,1786486718,13.822494,100.512277,16.0,-0.02,-0.7,-0.6,89.0,89.0,0.0,-0.02,0.03,16.2,100,AUTO.LOITER,0,0
2026-08-12T05:18:38,1786486719,13.822494,100.512277,15.9,-0.03,-0.7,-0.6,89.0,89.0,0.0,-0.03,0.03,16.2,100,AUTO.LOITER,0,0
2026-08-12T05:18:39,1786486720,13.822494,100.512277,16.0,-0.02,-0.7,-0.6,89.1,89.1,0.02,-0.01,0.02,16.2,100,AUTO.LOITER,0,0
2026-08-12T05:18:40,1786486721,13.822494,100.512277,16.0,-0.01,-0.7,-0.7,89.1,89.1,0.01,0.0,0.01,16.2,100,AUTO.LOITER,0,0
2026-08-12T05:18:41,1786486722,13.822494,100.512277,16.0,-0.01,-0.6,-0.7,89.2,89.2,0.0,0.0,0.01,16.2,100,AUTO.LOITER,0,0
2026-08-12T05:18:42,1786486723,13.822494,100.512277,16.0,-0.01,-0.6,-0.7,89.2,89.2,0.0,0.0,0.01,16.2,100,AUTO.LOITER,0,0
2026-08-12T05:18:43,1786486724,13.822494,100.512277,16.0,-0.01,-0.6,-0.7,89.2,89.2,0.0,0.0,0.01,16.2,100,AUTO.LOITER,0,0
2026-08-12T05:18:44,1786486725,13.822494,100.512277,15.9,-0.03,-0.6,-0.7,89.2,89.2,-0.01,0.0,0.04,16.2,100,AUTO.LOITER,0,0
2026-08-12T05:18:45,1786486726,13.822494,100.512277,15.9,-0.04,-0.6,-0.7,89.2,89.2,0.0,0.0,0.06,16.2,100,AUTO.LOITER,0,0
2026-08-12T05:18:46,1786486727,13.822494,100.512277,15.9,-0.06,-0.6,-0.7,89.2,89.2,0.0,0.0,0.07,16.2,100,AUTO.LOITER,0,0
2026-08-12T05:18:47,1786486728,13.822494,100.512277,15.7,-0.06,-0.6,-0.7,89.2,89.2,0.0,0.0,0.07,16.2,100,AUTO.LOITER,0,0
2026-08-12T05:18:48,1786486729,13.822494,100.512277,15.9,-0.06,-0.6,-0.7,89.2,89.2,-0.01,0.0,0.07,16.2,100,AUTO.LOITER,0,0
2026-08-12T05:18:49,1786486730,13.822494,100.512277,15.9,-0.06,-0.6,-0.8,89.2,89.2,-0.01,0.0,0.06,16.2,100,AUTO.LOITER,0,0
2026-08-12T05:18:50,1786486731,13.822494,100.512277,15.9,-0.05,-0.7,-0.8,89.2,89.2,-0.01,0.0,0.05,16.2,100,AUTO.LOITER,0,0
2026-08-12T05:18:51,1786486732,13.822494,100.512277,15.9,-0.05,-0.7,-0.8,89.2,89.2,-0.01,0.0,0.05,16.2,100,AUTO.LOITER,0,0
2026-08-12T05:18:52,1786486733,13.822494,100.512277,15.9,-0.05,-0.7,-0.8,89.2,89.2,0.0,0.0,0.06,16.2,100,AUTO.LOITER,0,0
2026-08-12T05:18:53,1786486734,13.822494,100.512277,15.7,-0.05,-0.7,-0.8,89.2,89.2,0.0,0.0,0.06,16.2,100,AUTO.LOITER,0,0
2026-08-12T05:18:54,1786486735,13.822494,100.512277,15.9,-0.05,-0.7,-0.8,89.2,89.2,-0.02,0.0,0.05,16.2,100,AUTO.LOITER,0,0
2026-08-12T05:18:55,1786486736,13.822494,100.512277,15.9,-0.04,-0.7,-0.8,89.2,89.2,-0.01,0.0,0.04,16.2,100,AUTO.LOITER,0,0
2026-08-12T05:18:56,1786486737,13.822494,100.512277,15.9,-0.04,-0.7,-0.8,89.2,89.2,0.0,0.0,0.04,16.2,100,AUTO.LOITER,0,0
2026-08-12T05:18:57,1786486738,13.822494,100.512277,15.9,-0.03,-0.7,-0.8,89.2,89.2,0.0,0.0,0.04,16.2,100,AUTO.LOITER,0,0
2026-08-12T05:18:58,1786486739,13.822494,100.512277,15.9,-0.03,-0.7,-0.8,89.2,89.2,0.0,0.0,0.04,16.2,100,AUTO.LOITER,0,0
2026-08-12T05:18:59,1786486740,13.822494,100.512277,15.9,-0.03,-0.7,-0.8,89.2,89.2,-0.01,0.0,0.04,16.2,100,AUTO.LOITER,0,0
2026-08-12T05:19:00,1786486741,13.822494,100.512277,15.7,-0.03,-0.7,-0.8,89.2,89.2,-0.01,0.0,0.04,16.2,100,AUTO.LOITER,0,0
2026-08-12T05:19:01,1786486742,13.822494,100.512277,15.7,-0.04,-0.7,-0.8,89.2,89.2,-0.02,0.01,0.05,16.2,100,AUTO.LOITER,0,0
2026-08-12T05:19:02,1786486743,13.822494,100.512277,15.9,-0.05,-0.8,-0.8,89.2,89.2,-0.01,0.02,0.05,16.2,100,AUTO.LOITER,0,0
2026-08-12T05:19:03,1786486744,13.822494,100.512277,15.9,-0.05,-0.8,-0.8,89.2,89.2,-0.01,0.01,0.05,16.2,100,AUTO.LOITER,0,0
2026-08-12T05:19:04,1786486745,13.822494,100.512277,15.9,-0.04,-0.8,-0.8,89.2,89.2,0.0,0.01,0.05,16.2,100,AUTO.LOITER,0,0
2026-08-12T05:19:05,1786486746,13.822494,100.512277,15.9,-0.04,-0.8,-0.8,89.2,89.2,0.0,0.0,0.04,16.2,100,AUTO.LOITER,0,0
2026-08-12T05:19:06,1786486747,13.822494,100.512277,15.9,-0.04,-0.8,-0.8,89.2,89.2,0.01,0.0,0.03,16.2,100,AUTO.LOITER,0,0
2026-08-12T05:19:07,1786486748,13.822494,100.512277,15.9,-0.03,-0.8,-0.8,89.2,89.2,0.02,0.0,0.03,16.2,100,AUTO.LOITER,0,0
2026-08-12T05:19:08,1786486749,13.822494,100.512277,15.9,-0.03,-0.8,-0.8,89.2,89.2,0.01,0.0,0.03,16.2,100,AUTO.LOITER,0,0
2026-08-12T05:19:09,1786486750,13.822494,100.512277,15.9,-0.03,-0.8,-0.8,89.2,89.2,0.0,0.0,0.04,16.2,100,AUTO.LOITER,0,0
2026-08-12T05:19:10,1786486751,13.822494,100.512277,15.9,-0.04,-0.8,-0.8,89.2,89.2,0.0,0.0,0.04,16.2,100,AUTO.LOITER,0,0
2026-08-12T05:19:11,1786486752,13.822494,100.512277,15.9,-0.04,-0.8,-0.8,89.2,89.2,0.0,0.01,0.04,16.2,100,AUTO.LOITER,0,0
2026-08-12T05:19:12,1786486753,13.822494,100.512277,15.9,-0.04,-0.8,-0.8,89.2,89.2,0.01,0.01,0.04,16.2,100,AUTO.LOITER,0,0
2026-08-12T05:19:13,1786486754,13.822494,100.512277,15.9,-0.03,-0.8,-0.8,89.2,89.2,0.01,0.01,0.03,16.2,100,AUTO.LOITER,0,0
2026-08-12T05:19:14,1786486755,13.822494,100.512277,15.7,-0.03,-0.8,-0.8,89.2,89.2,0.01,0.01,0.03,16.2,100,AUTO.LOITER,0,0
2026-08-12T05:19:15,1786486756,13.822494,100.512277,15.7,-0.03,-0.8,-0.7,89.1,89.1,0.01,0.01,0.03,16.2,100,AUTO.LOITER,0,0
2026-08-12T05:19:16,1786486757,13.822494,100.512277,15.7,-0.03,-0.8,-0.7,89.1,89.1,0.01,0.01,0.03,16.2,100,AUTO.LOITER,0,0
2026-08-12T05:19:17,1786486758,13.822494,100.512277,16.0,-0.02,-0.8,-0.7,89.1,89.1,0.01,-0.01,0.02,16.2,100,AUTO.LOITER,0,0
2026-08-12T05:19:18,1786486759,13.822494,100.512277,15.8,-0.02,-0.8,-0.8,89.1,89.1,0.01,-0.01,0.02,16.2,100,AUTO.LOITER,0,0
2026-08-12T05:19:19,1786486760,13.822494,100.512277,15.9,-0.03,-0.8,-0.8,89.1,89.1,0.02,0.0,0.04,16.2,100,AUTO.LOITER,0,0
2026-08-12T05:19:20,1786486761,13.822494,100.512277,15.9,-0.04,-0.8,-0.8,89.1,89.1,0.01,0.0,0.05,16.2,100,AUTO.LOITER,0,0
2026-08-12T05:19:21,1786486762,13.822494,100.512277,15.9,-0.04,-0.8,-0.8,89.1,89.1,0.0,0.01,0.05,16.2,100,AUTO.LOITER,0,0
2026-08-12T05:19:22,1786486763,13.822494,100.512277,15.9,-0.04,-0.8,-0.8,89.1,89.1,0.02,0.02,0.05,16.2,100,AUTO.LOITER,0,0
2026-08-12T05:19:23,1786486764,13.822494,100.512277,15.9,-0.04,-0.7,-0.8,89.1,89.1,0.03,0.01,0.05,16.2,100,AUTO.LOITER,0,0
2026-08-12T05:19:24,1786486765,13.822494,100.512277,15.9,-0.04,-0.7,-0.8,89.1,89.1,0.03,0.01,0.05,16.2,100,AUTO.LOITER,0,0
2026-08-12T05:19:25,1786486766,13.822494,100.512277,15.7,-0.04,-0.7,-0.8,89.1,89.1,0.03,0.01,0.05,16.2,100,AUTO.LOITER,0,0
2026-08-12T05:19:26,1786486767,13.822494,100.512277,15.9,-0.03,-0.7,-0.8,89.1,89.1,0.01,-0.01,0.02,16.2,100,AUTO.LOITER,0,0
2026-08-12T05:19:27,1786486768,13.822494,100.512277,16.0,-0.02,-0.7,-0.8,89.1,89.1,0.0,-0.01,0.02,16.2,100,AUTO.LOITER,0,0
2026-08-12T05:19:28,1786486769,13.822494,100.512277,15.7,-0.02,-0.7,-0.8,89.0,89.0,0.0,-0.01,0.02,16.2,100,AUTO.LOITER,0,0
2026-08-12T05:19:29,1786486770,13.822494,100.512277,15.7,-0.02,-0.7,-0.8,89.0,89.0,0.0,-0.01,0.02,16.2,100,AUTO.LOITER,0,0
2026-08-12T05:19:30,1786486771,13.822494,100.512277,15.7,-0.03,-0.7,-0.9,88.9,88.9,0.0,-0.03,0.03,16.2,100,AUTO.LOITER,0,0
2026-08-12T05:19:31,1786486772,13.822494,100.512277,15.9,-0.03,-0.7,-0.9,88.9,88.9,0.0,-0.02,0.04,16.2,100,AUTO.LOITER,0,0
2026-08-12T05:19:32,1786486773,13.822494,100.512277,15.9,-0.04,-0.7,-0.9,88.9,88.9,0.0,0.0,0.03,16.2,100,AUTO.LOITER,0,0
2026-08-12T05:19:33,1786486774,13.822494,100.512277,15.9,-0.03,-0.7,-0.9,88.9,88.9,0.0,0.0,0.03,16.2,100,AUTO.LOITER,0,0
2026-08-12T05:19:34,1786486775,13.822494,100.512277,15.9,-0.03,-0.7,-0.9,88.9,88.9,0.0,0.01,0.03,16.2,100,AUTO.LOITER,0,0
2026-08-12T05:19:35,1786486776,13.822494,100.512277,15.9,-0.04,-0.7,-0.9,88.9,88.9,0.01,0.0,0.04,16.2,100,AUTO.LOITER,0,0
2026-08-12T05:19:36,1786486777,13.822494,100.512277,15.9,-0.04,-0.7,-0.9,88.9,88.9,0.02,0.0,0.05,16.2,100,AUTO.LOITER,0,0
2026-08-12T05:19:37,1786486778,13.822494,100.512277,15.9,-0.05,-0.7,-0.9,89.0,89.0,0.01,0.0,0.05,16.2,100,AUTO.LOITER,0,0
2026-08-12T05:19:38,1786486779,13.822494,100.512277,15.9,-0.05,-0.7,-0.9,89.0,89.0,0.01,0.0,0.05,16.2,100,AUTO.LOITER,0,0
2026-08-12T05:19:39,1786486780,13.822494,100.512277,15.9,-0.05,-0.7,-0.9,89.0,89.0,0.01,0.0,0.05,16.2,100,AUTO.LOITER,0,0
2026-08-12T05:19:40,1786486781,13.822494,100.512277,15.9,-0.05,-0.6,-0.9,89.0,89.0,0.0,0.01,0.05,16.2,100,AUTO.LOITER,0,0
2026-08-12T05:19:41,1786486782,13.822494,100.512277,15.9,-0.04,-0.6,-0.9,89.0,89.0,0.01,0.01,0.05,16.2,100,AUTO.LOITER,0,0
2026-08-12T05:19:42,1786486783,13.822494,100.512277,15.7,-0.04,-0.6,-0.9,89.0,89.0,0.01,0.01,0.05,16.2,100,AUTO.LOITER,0,0
2026-08-12T05:19:43,1786486784,13.822494,100.512277,15.9,-0.04,-0.6,-0.9,89.0,89.0,0.0,0.0,0.05,16.2,100,AUTO.LOITER,0,0
2026-08-12T05:19:44,1786486785,13.822494,100.512277,15.7,-0.04,-0.6,-0.9,89.0,89.0,0.0,0.0,0.05,16.2,100,AUTO.LOITER,0,0
2026-08-12T05:19:45,1786486786,13.822494,100.512277,15.9,-0.04,-0.6,-0.9,89.0,89.0,0.02,0.0,0.04,16.2,100,AUTO.LOITER,0,0
2026-08-12T05:19:46,1786486787,13.822494,100.512277,15.9,-0.04,-0.5,-0.9,88.9,88.9,0.02,-0.02,0.04,16.2,100,AUTO.LOITER,0,0
2026-08-12T05:19:47,1786486788,13.822494,100.512277,15.9,-0.03,-0.5,-0.9,88.9,88.9,0.01,-0.02,0.03,16.2,100,AUTO.LOITER,0,0
2026-08-12T05:19:48,1786486789,13.822494,100.512277,15.9,-0.03,-0.5,-0.9,88.9,88.9,0.01,-0.02,0.02,16.2,100,AUTO.LOITER,0,0
2026-08-12T05:19:49,1786486790,13.822494,100.512277,16.0,-0.02,-0.5,-0.9,88.9,88.9,0.0,-0.03,0.01,16.2,100,AUTO.LOITER,0,0
2026-08-12T05:19:50,1786486791,13.822494,100.512277,15.6,-0.02,-0.5,-1.0,88.9,88.9,0.0,-0.03,0.01,16.2,100,AUTO.LOITER,0,0
2026-08-12T05:19:51,1786486792,13.822495,100.512277,15.7,-0.02,-0.5,-1.0,88.9,88.9,0.0,-0.03,0.01,16.2,100,AUTO.LOITER,0,0
2026-08-12T05:19:52,1786486793,13.822495,100.512277,15.7,-0.02,-0.5,-1.0,88.8,88.8,0.0,-0.03,0.01,16.2,100,AUTO.LOITER,0,0
2026-08-12T05:19:53,1786486794,13.822495,100.512277,15.7,-0.02,-0.5,-1.0,88.7,88.7,0.0,-0.03,0.01,16.2,100,AUTO.LOITER,0,0
2026-08-12T05:19:54,1786486795,13.822494,100.512277,16.0,-0.01,-0.5,-1.1,88.7,88.7,-0.03,0.0,0.0,16.2,100,AUTO.LOITER,0,0
2026-08-12T05:19:55,1786486796,13.822494,100.512277,16.0,-0.0,-0.5,-1.1,88.7,88.7,-0.02,0.0,0.0,16.2,100,AUTO.LOITER,0,0
2026-08-12T05:19:56,1786486797,13.822494,100.512277,16.0,0.01,-0.6,-1.1,88.6,88.6,0.0,0.01,-0.02,16.2,100,AUTO.LOITER,0,0
2026-08-12T05:19:57,1786486798,13.822494,100.512277,15.7,0.01,-0.6,-1.1,88.6,88.6,0.0,0.01,-0.02,16.2,100,AUTO.LOITER,0,0
2026-08-12T05:19:58,1786486799,13.822494,100.512277,15.7,0.02,-0.6,-1.0,88.5,88.5,0.01,0.03,-0.03,16.2,100,AUTO.LOITER,0,0
2026-08-12T05:19:59,1786486800,13.822494,100.512277,16.0,0.03,-0.5,-1.0,88.4,88.4,0.01,0.04,-0.03,16.2,100,AUTO.LOITER,0,0
2026-08-12T05:20:00,1786486801,13.822494,100.512277,16.0,0.02,-0.5,-0.9,88.4,88.4,0.0,0.03,-0.02,16.2,100,AUTO.LOITER,0,0
2026-08-12T05:20:01,1786486802,13.822494,100.512277,16.0,0.01,-0.5,-0.9,88.3,88.3,0.0,0.03,-0.02,16.2,100,AUTO.LOITER,0,0
2026-08-12T05:20:02,1786486803,13.822494,100.512277,16.0,0.01,-0.5,-0.9,88.3,88.3,0.0,0.01,-0.01,16.2,100,AUTO.LOITER,0,0
2026-08-12T05:20:03,1786486804,13.822494,100.512277,16.0,0.0,-0.5,-0.8,88.3,88.3,0.0,0.0,-0.01,16.2,100,AUTO.LOITER,0,0
2026-08-12T05:20:04,1786486805,13.822494,100.512277,16.0,0.0,-0.5,-0.8,88.3,88.3,0.0,0.0,-0.01,16.2,100,AUTO.LOITER,0,0
2026-08-12T05:20:05,1786486806,13.822494,100.512277,16.0,0.0,-0.5,-0.8,88.3,88.3,0.01,-0.01,-0.01,16.2,100,AUTO.LOITER,0,0
2026-08-12T05:20:06,1786486807,13.822494,100.512277,16.0,0.0,-0.4,-0.8,88.2,88.2,0.01,0.0,-0.01,16.2,100,AUTO.LOITER,0,0
2026-08-12T05:20:07,1786486808,13.822494,100.512277,16.0,0.01,-0.4,-0.8,88.2,88.2,0.02,0.0,-0.01,16.2,100,AUTO.LOITER,0,0
2026-08-12T05:20:08,1786486809,13.822494,100.512277,15.7,0.01,-0.4,-0.8,88.2,88.2,0.02,0.0,-0.01,16.2,100,AUTO.LOITER,0,0
2026-08-12T05:20:09,1786486810,13.822494,100.512277,16.0,-0.0,-0.3,-0.7,88.2,88.2,0.01,0.0,0.0,16.2,100,AUTO.LOITER,0,0
2026-08-12T05:20:10,1786486811,13.822494,100.512277,16.0,-0.01,-0.3,-0.7,88.2,88.2,0.01,-0.01,0.0,16.2,100,AUTO.LOITER,0,0
2026-08-12T05:20:11,1786486812,13.822494,100.512277,16.0,-0.02,-0.3,-0.7,88.2,88.2,0.0,-0.01,0.02,16.2,100,AUTO.LOITER,0,0
2026-08-12T05:20:12,1786486813,13.822494,100.512277,15.9,-0.03,-0.3,-0.7,88.2,88.2,0.0,-0.01,0.03,16.2,100,AUTO.LOITER,0,0
2026-08-12T05:20:13,1786486814,13.822494,100.512277,15.7,-0.03,-0.3,-0.7,88.2,88.2,0.0,-0.01,0.03,16.2,100,AUTO.LOITER,0,0
2026-08-12T05:20:14,1786486815,13.822494,100.512277,15.7,-0.03,-0.3,-0.7,88.2,88.2,0.0,0.0,0.03,16.2,100,AUTO.LOITER,0,0
2026-08-12T05:20:15,1786486816,13.822494,100.512277,15.9,-0.04,-0.2,-0.7,88.2,88.2,-0.01,0.0,0.04,16.2,100,AUTO.LOITER,0,0
2026-08-12T05:20:16,1786486817,13.822494,100.512277,15.9,-0.04,-0.3,-0.7,88.2,88.2,-0.03,0.0,0.04,16.2,100,AUTO.LOITER,0,0
2026-08-12T05:20:17,1786486818,13.822494,100.512277,15.9,-0.04,-0.3,-0.7,88.2,88.2,-0.01,0.01,0.05,16.2,100,AUTO.LOITER,0,0
2026-08-12T05:20:18,1786486819,13.822494,100.512277,15.9,-0.04,-0.3,-0.7,88.2,88.2,-0.01,0.0,0.05,16.2,100,AUTO.LOITER,0,0
2026-08-12T05:20:19,1786486820,13.822494,100.512277,15.9,-0.04,-0.3,-0.7,88.2,88.2,-0.02,0.0,0.04,16.2,100,AUTO.LOITER,0,0
2026-08-12T05:20:20,1786486821,13.822494,100.512277,15.9,-0.04,-0.3,-0.6,88.2,88.2,-0.03,0.0,0.04,16.2,100,AUTO.LOITER,0,0
2026-08-12T05:20:21,1786486822,13.822494,100.512277,15.9,-0.04,-0.3,-0.6,88.2,88.2,-0.03,0.0,0.04,16.2,100,AUTO.LOITER,0,0
2026-08-12T05:20:22,1786486823,13.822494,100.512277,15.9,-0.04,-0.3,-0.6,88.3,88.3,-0.03,0.0,0.04,16.2,100,AUTO.LOITER,0,0
2026-08-12T05:20:23,1786486824,13.822494,100.512277,15.9,-0.04,-0.4,-0.6,88.2,88.2,-0.01,0.0,0.05,16.2,100,AUTO.LOITER,0,0
2026-08-12T05:20:24,1786486825,13.822494,100.512277,15.9,-0.05,-0.4,-0.6,88.2,88.2,0.0,0.01,0.05,16.2,100,AUTO.LOITER,0,0
2026-08-12T05:20:25,1786486826,13.822494,100.512277,15.9,-0.05,-0.4,-0.6,88.2,88.2,0.0,0.01,0.05,16.2,100,AUTO.LOITER,0,0
2026-08-12T05:20:26,1786486827,13.822494,100.512277,15.9,-0.05,-0.4,-0.5,88.2,88.2,0.0,0.02,0.05,16.2,100,AUTO.LOITER,0,0
2026-08-12T05:20:27,1786486828,13.822494,100.512277,15.7,-0.05,-0.4,-0.5,88.2,88.2,0.0,0.02,0.05,16.2,100,AUTO.LOITER,0,0
2026-08-12T05:20:28,1786486829,13.822494,100.512277,15.9,-0.05,-0.4,-0.5,88.1,88.1,0.01,0.02,0.06,16.2,100,AUTO.LOITER,0,0
2026-08-12T05:20:29,1786486830,13.822494,100.512277,15.9,-0.07,-0.4,-0.5,88.1,88.1,0.02,0.0,0.09,16.2,100,AUTO.LOITER,0,0
2026-08-12T05:20:30,1786486831,13.822494,100.512277,15.9,-0.08,-0.4,-0.5,88.1,88.1,0.02,0.0,0.1,16.2,100,AUTO.LOITER,0,0
2026-08-12T05:20:31,1786486832,13.822494,100.512277,15.9,-0.1,-0.4,-0.5,88.1,88.1,0.0,-0.01,0.11,16.2,100,AUTO.LOITER,0,0
2026-08-12T05:20:32,1786486833,13.822494,100.512277,15.9,-0.1,-0.4,-0.5,88.1,88.1,0.0,-0.01,0.11,16.2,100,AUTO.LOITER,0,0
2026-08-12T05:20:33,1786486834,13.822494,100.512277,15.7,-0.1,-0.4,-0.5,88.1,88.1,0.0,-0.01,0.11,16.2,100,AUTO.LOITER,0,0
2026-08-12T05:20:34,1786486835,13.822494,100.512277,15.9,-0.1,-0.4,-0.5,88.1,88.1,-0.01,0.0,0.11,16.2,100,AUTO.LOITER,0,0
2026-08-12T05:20:35,1786486836,13.822494,100.512277,15.9,-0.09,-0.4,-0.5,88.1,88.1,-0.01,0.0,0.1,16.2,100,AUTO.LOITER,0,0
2026-08-12T05:20:36,1786486837,13.822494,100.512277,15.9,-0.09,-0.4,-0.5,88.1,88.1,-0.01,-0.01,0.1,16.2,100,AUTO.LOITER,0,0
2026-08-12T05:20:37,1786486838,13.822494,100.512277,15.9,-0.08,-0.4,-0.5,88.1,88.1,0.0,0.0,0.09,16.2,100,AUTO.LOITER,0,0
2026-08-12T05:20:38,1786486839,13.822494,100.512277,15.9,-0.08,-0.4,-0.5,88.1,88.1,0.01,0.0,0.09,16.2,100,AUTO.LOITER,0,0
2026-08-12T05:20:39,1786486840,13.822494,100.512277,15.9,-0.08,-0.5,-0.5,88.1,88.1,0.01,0.0,0.09,16.2,100,AUTO.LOITER,0,0
2026-08-12T05:20:40,1786486841,13.822494,100.512277,15.9,-0.08,-0.5,-0.5,88.1,88.1,0.0,0.0,0.09,16.2,100,AUTO.LOITER,0,0
2026-08-12T05:20:41,1786486842,13.822494,100.512277,15.7,-0.08,-0.4,-0.5,88.1,88.1,0.0,0.0,0.09,16.2,100,AUTO.LOITER,0,0
2026-08-12T05:20:42,1786486843,13.822494,100.512277,15.7,-0.08,-0.5,-0.5,88.1,88.1,0.0,0.0,0.09,16.2,100,AUTO.LOITER,0,0
2026-08-12T05:20:43,1786486844,13.822494,100.512277,15.9,-0.07,-0.5,-0.5,88.1,88.1,0.0,-0.01,0.07,16.2,100,AUTO.LOITER,0,0
2026-08-12T05:20:44,1786486845,13.822494,100.512277,15.9,-0.06,-0.5,-0.5,88.1,88.1,-0.01,-0.02,0.06,16.2,100,AUTO.LOITER,0,0
2026-08-12T05:20:45,1786486846,13.822494,100.512277,15.9,-0.05,-0.5,-0.5,88.1,88.1,-0.02,-0.03,0.05,16.2,100,AUTO.LOITER,0,0
2026-08-12T05:20:46,1786486847,13.822494,100.512277,15.9,-0.05,-0.6,-0.6,88.1,88.1,-0.01,-0.02,0.05,16.2,100,AUTO.LOITER,0,0
2026-08-12T05:20:47,1786486848,13.822494,100.512277,15.9,-0.05,-0.6,-0.6,88.1,88.1,-0.01,0.0,0.05,16.2,100,AUTO.LOITER,0,0
2026-08-12T05:20:48,1786486849,13.822494,100.512277,15.9,-0.06,-0.7,-0.6,88.0,88.0,0.0,0.01,0.06,16.2,100,AUTO.LOITER,0,0
2026-08-12T05:20:49,1786486850,13.822494,100.512277,15.9,-0.06,-0.7,-0.6,88.0,88.0,0.0,0.01,0.06,16.2,100,AUTO.LOITER,0,0
2026-08-12T05:20:50,1786486851,13.822494,100.512277,15.9,-0.06,-0.7,-0.5,88.0,88.0,0.0,0.01,0.06,16.2,100,AUTO.LOITER,0,0
2026-08-12T05:20:51,1786486852,13.822494,100.512277,15.7,-0.06,-0.7,-0.5,88.0,88.0,0.0,0.01,0.06,16.2,100,AUTO.LOITER,0,0
2026-08-12T05:20:52,1786486853,13.822494,100.512277,15.9,-0.06,-0.7,-0.5,87.9,87.9,0.01,0.0,0.05,16.2,100,AUTO.LOITER,0,0
2026-08-12T05:20:53,1786486854,13.822494,100.512277,15.9,-0.05,-0.7,-0.5,87.9,87.9,0.02,0.0,0.05,16.2,100,AUTO.LOITER,0,0
2026-08-12T05:20:54,1786486855,13.822494,100.512277,15.9,-0.05,-0.7,-0.5,87.9,87.9,0.01,0.0,0.04,16.2,100,AUTO.LOITER,0,0
2026-08-12T05:20:55,1786486856,13.822494,100.512277,15.7,-0.05,-0.7,-0.4,87.9,87.9,0.01,0.0,0.04,16.2,100,AUTO.LOITER,0,0
2026-08-12T05:20:56,1786486857,13.822494,100.512277,15.9,-0.04,-0.6,-0.4,87.9,87.9,0.02,0.0,0.03,16.2,100,AUTO.LOITER,0,0
2026-08-12T05:20:57,1786486858,13.822494,100.512277,15.9,-0.04,-0.7,-0.4,87.9,87.9,0.01,0.01,0.03,16.2,100,AUTO.LOITER,0,0
2026-08-12T05:20:58,1786486859,13.822494,100.512277,15.9,-0.04,-0.6,-0.4,87.9,87.9,0.01,0.01,0.03,16.2,100,AUTO.LOITER,0,0
2026-08-12T05:20:59,1786486860,13.822494,100.512277,15.9,-0.04,-0.6,-0.4,87.9,87.9,0.02,0.0,0.04,16.2,100,AUTO.LOITER,0,0
2026-08-12T05:21:00,1786486861,13.822494,100.512277,15.9,-0.05,-0.6,-0.3,87.8,87.8,0.03,-0.01,0.04,16.2,100,AUTO.LOITER,0,0
2026-08-12T05:21:01,1786486862,13.822494,100.512277,15.9,-0.05,-0.6,-0.3,87.8,87.8,0.03,-0.02,0.04,16.2,100,AUTO.LOITER,0,0
2026-08-12T05:21:02,1786486863,13.822494,100.512277,15.9,-0.05,-0.5,-0.3,87.8,87.8,0.01,-0.02,0.05,16.2,100,AUTO.LOITER,0,0
2026-08-12T05:21:03,1786486864,13.822494,100.512277,15.9,-0.06,-0.5,-0.3,87.8,87.8,0.0,0.0,0.06,16.2,100,AUTO.LOITER,0,0
2026-08-12T05:21:04,1786486865,13.822494,100.512277,15.9,-0.06,-0.5,-0.4,87.7,87.7,-0.01,0.02,0.06,16.2,100,AUTO.LOITER,0,0
2026-08-12T05:21:05,1786486866,13.822494,100.512277,15.9,-0.07,-0.5,-0.3,87.8,87.8,-0.01,0.01,0.06,16.2,100,AUTO.LOITER,0,0
2026-08-12T05:21:06,1786486867,13.822494,100.512277,15.9,-0.06,-0.5,-0.3,87.8,87.8,-0.01,0.0,0.06,16.2,100,AUTO.LOITER,0,0
2026-08-12T05:21:07,1786486868,13.822494,100.512277,15.9,-0.07,-0.5,-0.3,87.8,87.8,0.0,0.0,0.07,16.2,100,AUTO.LOITER,0,0
2026-08-12T05:21:08,1786486869,13.822494,100.512277,15.9,-0.07,-0.5,-0.3,87.8,87.8,0.0,0.0,0.07,16.2,100,AUTO.LOITER,0,0
2026-08-12T05:21:09,1786486870,13.822494,100.512277,15.7,-0.07,-0.5,-0.2,87.8,87.8,0.0,0.0,0.07,16.2,100,AUTO.LOITER,0,0
2026-08-12T05:21:10,1786486871,13.822494,100.512277,15.9,-0.07,-0.5,-0.2,87.8,87.8,-0.01,-0.01,0.07,16.2,100,AUTO.LOITER,0,0
2026-08-12T05:21:11,1786486872,13.822494,100.512277,15.9,-0.07,-0.5,-0.2,87.8,87.8,-0.01,-0.01,0.07,16.2,100,AUTO.LOITER,0,0
2026-08-12T05:21:12,1786486873,13.822494,100.512277,15.7,-0.07,-0.5,-0.2,87.8,87.8,-0.01,-0.01,0.07,16.2,100,AUTO.LOITER,0,0
2026-08-12T05:21:13,1786486874,13.822494,100.512277,15.9,-0.08,-0.5,-0.2,87.8,87.8,-0.01,0.0,0.08,16.2,100,AUTO.LOITER,0,0
2026-08-12T05:21:14,1786486875,13.822494,100.512277,15.9,-0.07,-0.5,-0.2,87.8,87.8,-0.01,0.01,0.07,16.2,100,AUTO.LOITER,0,0
2026-08-12T05:21:15,1786486876,13.822494,100.512278,15.9,-0.07,-0.5,-0.2,87.8,87.8,-0.01,0.02,0.06,16.2,100,AUTO.LOITER,0,0
2026-08-12T05:21:16,1786486877,13.822494,100.512277,15.9,-0.07,-0.5,-0.2,87.8,87.8,-0.01,0.0,0.06,16.2,100,AUTO.LOITER,0,0
2026-08-12T05:21:17,1786486878,13.822494,100.512277,15.9,-0.06,-0.5,-0.2,87.8,87.8,0.0,0.0,0.06,16.2,100,AUTO.LOITER,0,0
2026-08-12T05:21:18,1786486879,13.822494,100.512277,15.9,-0.05,-0.5,-0.2,87.8,87.8,0.0,0.0,0.05,16.2,100,AUTO.LOITER,0,0
2026-08-12T05:21:19,1786486880,13.822494,100.512277,15.9,-0.05,-0.5,-0.2,87.8,87.8,0.0,0.0,0.04,16.2,100,AUTO.LOITER,0,0
2026-08-12T05:21:20,1786486881,13.822494,100.512277,15.9,-0.05,-0.5,-0.2,87.8,87.8,0.0,0.0,0.05,16.2,100,AUTO.LOITER,0,0
2026-08-12T05:21:21,1786486882,13.822494,100.512277,15.9,-0.06,-0.5,-0.2,87.8,87.8,-0.01,-0.01,0.05,16.2,100,AUTO.LOITER,0,0
2026-08-12T05:21:22,1786486883,13.822494,100.512277,15.9,-0.06,-0.5,-0.2,87.8,87.8,-0.02,-0.01,0.06,16.2,100,AUTO.LOITER,0,0
2026-08-12T05:21:23,1786486884,13.822494,100.512277,15.7,-0.06,-0.5,-0.2,87.8,87.8,-0.02,-0.01,0.06,16.2,100,AUTO.LOITER,0,0
2026-08-12T05:21:24,1786486885,13.822494,100.512277,15.7,-0.07,-0.5,-0.2,87.8,87.8,-0.02,0.0,0.06,16.2,100,AUTO.LOITER,0,0
2026-08-12T05:21:25,1786486886,13.822494,100.512277,15.9,-0.06,-0.6,-0.2,87.7,87.7,-0.03,0.0,0.06,16.2,100,AUTO.LOITER,0,0
2026-08-12T05:21:26,1786486887,13.822494,100.512277,15.9,-0.06,-0.6,-0.1,87.7,87.7,-0.02,0.01,0.06,16.2,100,AUTO.LOITER,0,0
2026-08-12T05:21:27,1786486888,13.822494,100.512277,15.9,-0.06,-0.6,-0.1,87.7,87.7,-0.01,0.0,0.05,16.2,100,AUTO.LOITER,0,0
2026-08-12T05:21:28,1786486889,13.822494,100.512277,15.9,-0.05,-0.6,-0.1,87.6,87.6,0.0,0.0,0.05,16.2,100,AUTO.LOITER,0,0
2026-08-12T05:21:29,1786486890,13.822494,100.512277,15.9,-0.04,-0.6,-0.1,87.6,87.6,-0.01,0.0,0.03,16.2,100,AUTO.LOITER,0,0
2026-08-12T05:21:30,1786486891,13.822494,100.512277,15.9,-0.04,-0.7,-0.0,87.6,87.6,0.0,0.0,0.03,16.2,100,AUTO.LOITER,0,0
2026-08-12T05:21:31,1786486892,13.822494,100.512277,15.9,-0.04,-0.7,-0.0,87.6,87.6,0.0,0.0,0.03,16.2,100,AUTO.LOITER,0,0
2026-08-12T05:21:32,1786486893,13.822494,100.512277,15.9,-0.04,-0.7,-0.0,87.5,87.5,0.0,0.01,0.04,16.2,100,AUTO.LOITER,0,0
2026-08-12T05:21:33,1786486894,13.822494,100.512277,15.9,-0.04,-0.7,0.0,87.5,87.5,0.0,0.02,0.04,16.2,100,AUTO.LOITER,0,0
2026-08-12T05:21:34,1786486895,13.822494,100.512277,15.9,-0.05,-0.7,0.0,87.5,87.5,0.01,0.01,0.05,16.2,100,AUTO.LOITER,0,0
2026-08-12T05:21:35,1786486896,13.822494,100.512277,15.9,-0.06,-0.6,0.1,87.4,87.4,0.01,0.0,0.06,16.2,100,AUTO.LOITER,0,0
2026-08-12T05:21:36,1786486897,13.822494,100.512277,15.9,-0.06,-0.6,0.1,87.4,87.4,0.01,0.0,0.06,16.2,100,AUTO.LOITER,0,0
2026-08-12T05:21:37,1786486898,13.822494,100.512277,15.7,-0.06,-0.6,0.1,87.4,87.4,0.0,0.0,0.06,16.2,100,AUTO.LOITER,0,0
2026-08-12T05:21:38,1786486899,13.822494,100.512277,15.9,-0.06,-0.6,0.1,87.4,87.4,0.01,-0.03,0.05,16.2,100,AUTO.LOITER,0,0
2026-08-12T05:21:39,1786486900,13.822494,100.512277,15.9,-0.06,-0.6,0.1,87.4,87.4,0.01,-0.03,0.05,16.2,100,AUTO.LOITER,0,0
2026-08-12T05:21:40,1786486901,13.822494,100.512277,15.9,-0.06,-0.6,0.1,87.4,87.4,0.02,-0.01,0.06,16.2,100,AUTO.LOITER,0,0
2026-08-12T05:21:41,1786486902,13.822494,100.512277,15.9,-0.06,-0.5,0.1,87.4,87.4,0.0,0.0,0.06,16.2,100,AUTO.LOITER,0,0
2026-08-12T05:21:42,1786486903,13.822494,100.512277,15.9,-0.06,-0.5,0.1,87.4,87.4,0.0,0.0,0.06,16.2,100,AUTO.LOITER,0,0
2026-08-12T05:21:43,1786486904,13.822494,100.512277,15.9,-0.06,-0.5,0.1,87.4,87.4,0.0,0.0,0.05,16.2,100,AUTO.LOITER,0,0
2026-08-12T05:21:44,1786486905,13.822494,100.512277,15.9,-0.05,-0.5,0.1,87.4,87.4,-0.01,-0.01,0.04,16.2,100,AUTO.LOITER,0,0
2026-08-12T05:21:45,1786486906,13.822494,100.512277,15.9,-0.05,-0.5,0.1,87.4,87.4,-0.01,0.0,0.04,16.2,100,AUTO.LOITER,0,0
2026-08-12T05:21:46,1786486907,13.822494,100.512277,15.9,-0.05,-0.5,0.1,87.4,87.4,-0.02,0.0,0.04,16.2,100,AUTO.LOITER,0,0
2026-08-12T05:21:47,1786486908,13.822494,100.512277,15.9,-0.05,-0.5,0.1,87.3,87.3,-0.02,0.0,0.04,16.2,100,AUTO.LOITER,0,0
2026-08-12T05:21:48,1786486909,13.822494,100.512277,15.9,-0.05,-0.6,0.1,87.3,87.3,0.0,-0.01,0.04,16.2,100,AUTO.LOITER,0,0
2026-08-12T05:21:49,1786486910,13.822494,100.512277,15.9,-0.05,-0.6,0.1,87.4,87.4,0.02,-0.01,0.04,16.2,100,AUTO.LOITER,0,0
2026-08-12T05:21:50,1786486911,13.822494,100.512277,15.9,-0.05,-0.5,0.1,87.4,87.4,0.01,-0.01,0.04,16.2,100,AUTO.LOITER,0,0
2026-08-12T05:21:51,1786486912,13.822494,100.512277,15.6,-0.05,-0.5,0.1,87.4,87.4,0.01,-0.01,0.04,16.2,100,AUTO.LOITER,0,0
2026-08-12T05:21:52,1786486913,13.822494,100.512277,15.7,-0.05,-0.5,0.1,87.4,87.4,0.01,-0.03,0.04,16.2,100,AUTO.LOITER,0,0
2026-08-12T05:21:53,1786486914,13.822494,100.512277,15.9,-0.05,-0.5,0.1,87.5,87.5,0.02,-0.05,0.04,16.2,100,AUTO.LOITER,0,0
2026-08-12T05:21:54,1786486915,13.822494,100.512276,15.9,-0.05,-0.4,0.0,87.5,87.5,0.03,-0.06,0.03,16.2,100,AUTO.LOITER,0,0
2026-08-12T05:21:55,1786486916,13.822494,100.512277,15.7,-0.05,-0.4,0.0,87.5,87.5,0.03,-0.06,0.03,16.2,100,AUTO.LOITER,0,0
2026-08-12T05:21:56,1786486917,13.822494,100.512277,15.7,-0.05,-0.4,-0.0,87.6,87.6,0.03,-0.06,0.03,16.2,100,AUTO.LOITER,0,0
2026-08-12T05:21:57,1786486918,13.822494,100.512277,15.9,-0.03,-0.4,-0.1,87.6,87.6,0.0,0.0,0.02,16.2,100,AUTO.LOITER,0,0
2026-08-12T05:21:58,1786486919,13.822494,100.512277,15.9,-0.04,-0.4,-0.1,87.6,87.6,0.0,0.01,0.03,16.2,100,AUTO.LOITER,0,0
2026-08-12T05:21:59,1786486920,13.822494,100.512277,15.9,-0.04,-0.4,-0.1,87.6,87.6,-0.01,0.02,0.03,16.2,100,AUTO.LOITER,0,0
2026-08-12T05:22:00,1786486921,13.822494,100.512277,15.9,-0.05,-0.4,-0.1,87.6,87.6,0.0,0.0,0.03,16.2,100,AUTO.LOITER,0,0
2026-08-12T05:22:01,1786486922,13.822494,100.512277,15.9,-0.05,-0.4,-0.1,87.7,87.7,0.0,0.01,0.04,16.2,100,AUTO.LOITER,0,0
2026-08-12T05:22:02,1786486923,13.822494,100.512277,15.7,-0.05,-0.4,-0.1,87.7,87.7,0.0,0.01,0.04,16.2,100,AUTO.LOITER,0,0
2026-08-12T05:22:03,1786486924,13.822494,100.512277,15.7,-0.05,-0.4,-0.1,87.7,87.7,0.0,0.01,0.04,16.2,100,AUTO.LOITER,0,0
2026-08-12T05:22:04,1786486925,13.822494,100.512277,15.9,-0.07,-0.4,-0.1,87.7,87.7,0.02,0.02,0.07,16.2,100,AUTO.LOITER,0,0
2026-08-12T05:22:05,1786486926,13.822494,100.512277,15.7,-0.07,-0.4,-0.1,87.7,87.7,0.02,0.02,0.07,16.2,100,AUTO.LOITER,0,0
2026-08-12T05:22:06,1786486927,13.822494,100.512277,15.7,-0.07,-0.3,-0.0,87.7,87.7,0.01,0.03,0.06,16.2,100,AUTO.LOITER,0,0
2026-08-12T05:22:07,1786486928,13.822494,100.512277,15.9,-0.06,-0.3,0.0,87.8,87.8,0.01,0.02,0.06,16.2,100,AUTO.LOITER,0,0
2026-08-12T05:22:08,1786486929,13.822494,100.512277,15.9,-0.06,-0.3,0.0,87.8,87.8,0.01,0.01,0.05,16.2,100,AUTO.LOITER,0,0
2026-08-12T05:22:09,1786486930,13.822494,100.512277,15.9,-0.06,-0.2,0.1,87.8,87.8,0.01,0.02,0.05,16.2,100,AUTO.LOITER,0,0
2026-08-12T05:22:10,1786486931,13.822494,100.512277,15.9,-0.06,-0.2,0.1,87.8,87.8,0.0,0.01,0.06,16.2,100,AUTO.LOITER,0,0
2026-08-12T05:22:11,1786486932,13.822494,100.512277,15.9,-0.06,-0.2,0.1,87.9,87.9,-0.02,0.0,0.05,16.2,100,AUTO.LOITER,0,0
2026-08-12T05:22:12,1786486933,13.822494,100.512277,15.9,-0.05,-0.2,0.1,87.9,87.9,-0.03,0.0,0.03,16.2,100,AUTO.LOITER,0,0
2026-08-12T05:22:13,1786486934,13.822494,100.512277,15.9,-0.03,-0.2,0.1,87.9,87.9,-0.02,0.0,0.0,16.2,100,AUTO.LOITER,0,0
2026-08-12T05:22:14,1786486935,13.822494,100.512277,16.0,-0.01,-0.3,0.1,88.0,88.0,-0.02,0.01,0.0,16.2,100,AUTO.LOITER,0,0
2026-08-12T05:22:15,1786486936,13.822494,100.512277,16.0,-0.01,-0.3,0.1,88.0,88.0,-0.01,0.0,-0.01,16.2,100,AUTO.LOITER,0,0
2026-08-12T05:22:16,1786486937,13.822494,100.512277,16.0,-0.01,-0.3,0.1,88.0,88.0,-0.01,0.0,-0.01,16.2,100,AUTO.LOITER,0,0
2026-08-12T05:22:17,1786486938,13.822494,100.512277,16.0,-0.01,-0.3,0.1,88.0,88.0,-0.01,0.0,0.0,16.2,100,AUTO.LOITER,0,0
2026-08-12T05:22:18,1786486939,13.822494,100.512277,16.0,-0.02,-0.3,0.1,88.0,88.0,-0.02,0.0,0.0,16.2,100,AUTO.LOITER,0,0
2026-08-12T05:22:19,1786486940,13.822494,100.512277,16.0,-0.02,-0.3,0.1,88.1,88.1,-0.02,0.0,0.0,16.2,100,AUTO.LOITER,0,0
2026-08-12T05:22:20,1786486941,13.822494,100.512277,15.7,-0.02,-0.3,0.1,88.1,88.1,-0.02,0.0,0.0,16.2,100,AUTO.LOITER,0,0
2026-08-12T05:22:21,1786486942,13.822494,100.512277,16.0,-0.01,-0.4,0.2,88.1,88.1,-0.02,0.0,0.0,16.2,100,AUTO.LOITER,0,0
2026-08-12T05:22:22,1786486943,13.822494,100.512277,16.0,-0.02,-0.4,0.2,88.1,88.1,-0.01,0.0,0.0,16.2,100,AUTO.LOITER,0,0
2026-08-12T05:22:23,1786486944,13.822494,100.512277,16.0,-0.02,-0.4,0.2,88.1,88.1,-0.01,0.0,0.0,16.2,100,AUTO.LOITER,0,0
2026-08-12T05:22:24,1786486945,13.822494,100.512277,16.0,-0.02,-0.4,0.2,88.1,88.1,-0.01,0.0,0.0,16.2,100,AUTO.LOITER,0,0
2026-08-12T05:22:25,1786486946,13.822494,100.512277,16.0,-0.02,-0.4,0.2,88.1,88.1,0.0,0.0,0.01,16.2,100,AUTO.LOITER,0,0
2026-08-12T05:22:26,1786486947,13.822494,100.512277,16.0,-0.02,-0.4,0.2,88.1,88.1,0.0,0.0,0.01,16.2,100,AUTO.LOITER,0,0
2026-08-12T05:22:27,1786486948,13.822494,100.512277,16.0,-0.02,-0.4,0.2,88.1,88.1,0.0,0.0,0.0,16.2,100,AUTO.LOITER,0,0
2026-08-12T05:22:28,1786486949,13.822494,100.512277,16.0,-0.02,-0.4,0.2,88.1,88.1,-0.02,0.01,0.0,16.2,100,AUTO.LOITER,0,0
2026-08-12T05:22:29,1786486950,13.822494,100.512277,16.0,-0.01,-0.4,0.2,88.1,88.1,-0.02,0.01,0.0,16.2,100,AUTO.LOITER,0,0
2026-08-12T05:22:30,1786486951,13.822494,100.512277,16.0,-0.01,-0.5,0.2,88.1,88.1,-0.01,0.0,0.0,16.2,100,AUTO.LOITER,0,0
2026-08-12T05:22:31,1786486952,13.822494,100.512277,16.0,-0.01,-0.5,0.2,88.1,88.1,0.0,0.0,0.0,16.2,100,AUTO.LOITER,0,0
2026-08-12T05:22:32,1786486953,13.822494,100.512277,16.0,-0.01,-0.5,0.2,88.1,88.1,0.0,0.0,0.0,16.2,100,AUTO.LOITER,0,0
2026-08-12T05:22:33,1786486954,13.822494,100.512277,16.0,-0.01,-0.5,0.2,88.1,88.1,0.0,0.0,0.0,16.2,100,AUTO.LOITER,0,0
2026-08-12T05:22:34,1786486955,13.822494,100.512277,16.0,-0.02,-0.5,0.2,88.1,88.1,0.0,0.0,0.0,16.2,100,AUTO.LOITER,0,0
2026-08-12T05:22:35,1786486956,13.822494,100.512277,16.0,-0.02,-0.5,0.1,88.1,88.1,0.0,0.0,0.0,16.2,100,AUTO.LOITER,0,0
2026-08-12T05:22:36,1786486957,13.822494,100.512277,16.0,-0.02,-0.5,0.1,88.1,88.1,0.0,0.0,0.0,16.2,100,AUTO.LOITER,0,0
2026-08-12T05:22:37,1786486958,13.822494,100.512278,15.7,-0.02,-0.5,0.1,88.1,88.1,0.01,0.01,0.0,16.2,100,AUTO.LOITER,0,0
2026-08-12T05:22:38,1786486959,13.822494,100.512277,16.0,-0.01,-0.5,0.1,88.1,88.1,0.0,0.01,0.0,16.2,100,AUTO.LOITER,0,0
2026-08-12T05:22:39,1786486960,13.822494,100.512277,15.7,-0.01,-0.5,0.1,88.1,88.1,0.0,0.01,0.0,16.2,100,AUTO.LOITER,0,0
2026-08-12T05:22:40,1786486961,13.822494,100.512277,16.0,-0.0,-0.5,0.2,88.1,88.1,0.0,0.0,-0.01,16.2,100,AUTO.LOITER,0,0
2026-08-12T05:22:41,1786486962,13.822494,100.512277,16.0,-0.0,-0.5,0.1,88.1,88.1,0.0,0.0,-0.01,16.2,100,AUTO.LOITER,0,0
2026-08-12T05:22:42,1786486963,13.822494,100.512277,16.0,0.0,-0.5,0.1,88.1,88.1,0.0,0.0,-0.01,16.2,100,AUTO.LOITER,0,0
2026-08-12T05:22:43,1786486964,13.822494,100.512277,16.0,0.0,-0.5,0.2,88.1,88.1,0.0,0.0,-0.01,16.2,100,AUTO.LOITER,0,0
2026-08-12T05:22:44,1786486965,13.822494,100.512277,16.0,-0.0,-0.5,0.1,88.1,88.1,0.0,0.0,-0.01,16.2,100,AUTO.LOITER,0,0
2026-08-12T05:22:45,1786486966,13.822494,100.512277,16.0,-0.01,-0.4,0.2,88.1,88.1,0.0,0.0,0.0,16.2,100,AUTO.LOITER,0,0
2026-08-12T05:22:46,1786486967,13.822494,100.512277,16.0,-0.01,-0.4,0.1,88.1,88.1,0.0,0.0,0.0,16.2,100,AUTO.LOITER,0,0
2026-08-12T05:22:47,1786486968,13.822494,100.512278,15.7,-0.01,-0.4,0.1,88.1,88.1,0.0,0.0,0.0,16.2,100,AUTO.LOITER,0,0
2026-08-12T05:22:48,1786486969,13.822494,100.512277,16.0,-0.0,-0.4,0.1,88.1,88.1,-0.02,-0.01,-0.01,16.2,100,AUTO.LOITER,0,0
2026-08-12T05:22:49,1786486970,13.822494,100.512277,16.0,-0.0,-0.4,0.1,88.1,88.1,-0.02,-0.02,-0.01,16.2,100,AUTO.LOITER,0,0
2026-08-12T05:22:50,1786486971,13.822494,100.512277,16.0,-0.0,-0.4,0.1,88.1,88.1,-0.01,-0.02,-0.01,16.2,100,AUTO.LOITER,0,0
2026-08-12T05:22:51,1786486972,13.822494,100.512277,16.0,0.0,-0.5,0.0,88.1,88.1,0.0,-0.01,-0.02,16.2,100,AUTO.LOITER,0,0
2026-08-12T05:22:52,1786486973,13.822494,100.512277,16.0,0.01,-0.5,-0.0,88.1,88.1,0.01,0.0,-0.04,16.2,100,AUTO.LOITER,0,0
2026-08-12T05:22:53,1786486974,13.822494,100.512277,15.7,0.01,-0.5,-0.0,88.1,88.1,0.01,0.0,-0.04,16.2,100,AUTO.LOITER,0,0
2026-08-12T05:22:54,1786486975,13.822494,100.512277,15.7,0.02,-0.4,-0.0,88.2,88.2,0.02,0.01,-0.04,16.2,100,AUTO.LOITER,0,0
2026-08-12T05:22:55,1786486976,13.822494,100.512277,16.0,0.02,-0.4,-0.0,88.2,88.2,0.0,0.01,-0.04,16.2,100,AUTO.LOITER,0,0
2026-08-12T05:22:56,1786486977,13.822494,100.512277,16.0,0.02,-0.4,-0.0,88.1,88.1,0.0,0.0,-0.05,16.2,100,AUTO.LOITER,0,0
2026-08-12T05:22:57,1786486978,13.822494,100.512277,16.0,0.03,-0.4,-0.1,88.1,88.1,0.0,0.0,-0.05,16.2,100,AUTO.LOITER,0,0
2026-08-12T05:22:58,1786486979,13.822494,100.512277,16.0,0.04,-0.4,-0.1,88.2,88.2,0.0,0.01,-0.06,16.2,100,AUTO.LOITER,0,0
2026-08-12T05:22:59,1786486980,13.822494,100.512277,16.0,0.04,-0.4,-0.1,88.2,88.2,0.0,0.02,-0.06,16.2,100,AUTO.LOITER,0,0
2026-08-12T05:23:00,1786486981,13.822494,100.512277,16.0,0.04,-0.4,-0.1,88.2,88.2,-0.01,0.03,-0.06,16.2,100,AUTO.LOITER,0,0
2026-08-12T05:23:01,1786486982,13.822494,100.512277,16.0,0.03,-0.4,-0.1,88.2,88.2,-0.01,0.03,-0.06,16.2,100,AUTO.LOITER,0,0
2026-08-12T05:23:02,1786486983,13.822494,100.512277,15.7,0.03,-0.4,-0.1,88.2,88.2,-0.01,0.03,-0.06,16.2,100,AUTO.LOITER,0,0
2026-08-12T05:23:03,1786486984,13.822494,100.512277,15.7,0.03,-0.4,-0.0,88.2,88.2,-0.01,0.03,-0.06,16.2,100,AUTO.LOITER,0,0
2026-08-12T05:23:04,1786486985,13.822494,100.512277,16.0,0.04,-0.4,-0.0,88.2,88.2,-0.03,0.01,-0.07,16.2,100,AUTO.LOITER,0,0
2026-08-12T05:23:05,1786486986,13.822494,100.512277,16.0,0.04,-0.4,-0.0,88.3,88.3,-0.03,0.02,-0.06,16.2,100,AUTO.LOITER,0,0
2026-08-12T05:23:06,1786486987,13.822494,100.512277,16.0,0.04,-0.4,0.0,88.3,88.3,-0.02,0.01,-0.06,16.2,100,AUTO.LOITER,0,0
2026-08-12T05:23:07,1786486988,13.822494,100.512277,16.0,0.04,-0.4,0.0,88.3,88.3,-0.02,0.01,-0.07,16.2,100,AUTO.LOITER,0,0
2026-08-12T05:23:08,1786486989,13.822494,100.512277,16.0,0.05,-0.5,0.1,88.3,88.3,-0.02,0.01,-0.07,16.2,100,AUTO.LOITER,0,0
2026-08-12T05:23:09,1786486990,13.822494,100.512277,15.7,0.05,-0.5,0.0,88.3,88.3,-0.02,0.01,-0.07,16.2,100,AUTO.LOITER,0,0
2026-08-12T05:23:10,1786486991,13.822494,100.512277,15.7,0.05,-0.5,0.0,88.3,88.3,0.0,0.01,-0.07,16.2,100,AUTO.LOITER,0,0
2026-08-12T05:23:11,1786486992,13.822494,100.512277,15.7,0.05,-0.5,0.0,88.3,88.3,0.0,0.01,-0.07,16.2,100,AUTO.LOITER,0,0
2026-08-12T05:23:12,1786486993,13.822494,100.512277,15.7,0.05,-0.6,0.1,88.3,88.3,0.0,0.01,-0.07,16.2,100,AUTO.LOITER,0,0
2026-08-12T05:23:13,1786486994,13.822494,100.512277,16.0,0.05,-0.6,0.1,88.3,88.3,-0.01,0.0,-0.08,16.2,100,AUTO.LOITER,0,0
2026-08-12T05:23:14,1786486995,13.822494,100.512277,16.0,0.05,-0.5,0.1,88.3,88.3,-0.03,0.0,-0.08,16.2,100,AUTO.LOITER,0,0
2026-08-12T05:23:15,1786486996,13.822494,100.512277,16.0,0.05,-0.6,0.1,88.3,88.3,-0.05,0.0,-0.08,16.2,100,AUTO.LOITER,0,0
2026-08-12T05:23:16,1786486997,13.822494,100.512277,16.0,0.05,-0.6,0.1,88.3,88.3,-0.06,0.01,-0.07,16.2,100,AUTO.LOITER,0,0
2026-08-12T05:23:17,1786486998,13.822494,100.512277,16.0,0.05,-0.6,0.0,88.3,88.3,-0.04,0.02,-0.07,16.2,100,AUTO.LOITER,0,0
2026-08-12T05:23:18,1786486999,13.822494,100.512277,15.6,0.05,-0.7,0.0,88.3,88.3,-0.04,0.02,-0.07,16.2,100,AUTO.LOITER,0,0
2026-08-12T05:23:19,1786487000,13.822494,100.512277,15.6,0.05,-0.7,0.1,88.3,88.3,-0.04,0.02,-0.07,16.2,100,AUTO.LOITER,0,0
2026-08-12T05:23:20,1786487001,13.822494,100.512277,16.0,0.04,-0.7,0.1,88.2,88.2,0.01,0.0,-0.06,16.2,100,AUTO.LOITER,0,0
2026-08-12T05:23:21,1786487002,13.822494,100.512277,16.0,0.03,-0.7,0.1,88.2,88.2,0.01,0.01,-0.05,16.2,100,AUTO.LOITER,0,0
2026-08-12T05:23:22,1786487003,13.822494,100.512277,15.8,0.03,-0.7,0.1,88.2,88.2,0.01,0.01,-0.05,16.2,100,AUTO.LOITER,0,0
2026-08-12T05:23:23,1786487004,13.822494,100.512277,16.0,0.03,-0.7,0.1,88.2,88.2,0.01,0.0,-0.04,16.2,100,AUTO.LOITER,0,0
2026-08-12T05:23:24,1786487005,13.822494,100.512277,15.7,0.03,-0.6,0.1,88.1,88.1,0.01,0.0,-0.04,16.2,100,AUTO.LOITER,0,0
2026-08-12T05:23:25,1786487006,13.822494,100.512277,15.7,0.02,-0.6,0.1,88.1,88.1,0.01,-0.01,-0.03,16.2,100,AUTO.LOITER,0,0
2026-08-12T05:23:26,1786487007,13.822494,100.512277,15.7,0.01,-0.6,0.1,88.1,88.1,0.0,-0.01,-0.03,16.2,100,AUTO.LOITER,0,0
2026-08-12T05:23:27,1786487008,13.822494,100.512277,16.0,0.01,-0.6,0.1,88.1,88.1,0.0,-0.02,-0.02,16.2,100,AUTO.LOITER,0,0
2026-08-12T05:23:28,1786487009,13.822494,100.512277,16.0,0.01,-0.6,0.1,88.1,88.1,0.0,-0.01,-0.02,16.2,100,AUTO.LOITER,0,0
2026-08-12T05:23:29,1786487010,13.822494,100.512277,16.0,0.0,-0.6,0.1,88.1,88.1,0.0,0.01,-0.01,16.2,100,AUTO.LOITER,0,0
2026-08-12T05:23:30,1786487011,13.822494,100.512277,16.0,0.0,-0.6,0.1,88.1,88.1,0.01,0.01,-0.01,16.2,100,AUTO.LOITER,0,0
2026-08-12T05:23:31,1786487012,13.822494,100.512277,15.7,0.0,-0.6,0.1,88.1,88.1,0.01,0.01,-0.01,16.2,100,AUTO.LOITER,0,0
2026-08-12T05:23:32,1786487013,13.822494,100.512277,16.0,0.0,-0.6,0.1,88.1,88.1,0.01,0.03,-0.02,16.2,100,AUTO.LOITER,0,0
2026-08-12T05:23:33,1786487014,13.822494,100.512278,16.0,0.01,-0.6,0.1,88.1,88.1,0.0,0.03,-0.03,16.2,100,AUTO.LOITER,0,0
2026-08-12T05:23:34,1786487015,13.822494,100.512277,16.0,0.01,-0.6,0.2,88.1,88.1,0.0,0.01,-0.02,16.2,100,AUTO.LOITER,0,0
2026-08-12T05:23:35,1786487016,13.822494,100.512277,16.0,0.0,-0.6,0.2,88.1,88.1,0.0,-0.01,-0.01,16.2,100,AUTO.LOITER,0,0
2026-08-12T05:23:36,1786487017,13.822494,100.512277,15.7,0.0,-0.6,0.2,88.1,88.1,0.0,-0.01,-0.01,16.2,100,AUTO.LOITER,0,0
2026-08-12T05:23:37,1786487018,13.822494,100.512277,16.0,-0.0,-0.5,0.2,88.0,88.0,0.0,-0.02,-0.01,16.2,100,AUTO.LOITER,0,0
2026-08-12T05:23:38,1786487019,13.822494,100.512277,16.0,-0.0,-0.5,0.2,88.0,88.0,0.0,-0.01,-0.01,16.2,100,AUTO.LOITER,0,0
2026-08-12T05:23:39,1786487020,13.822494,100.512277,15.7,-0.0,-0.5,0.2,88.0,88.0,0.0,-0.01,-0.01,16.2,100,AUTO.LOITER,0,0
2026-08-12T05:23:40,1786487021,13.822494,100.512277,15.8,-0.0,-0.5,0.2,88.0,88.0,0.0,-0.01,-0.01,16.2,100,AUTO.LOITER,0,0
2026-08-12T05:23:41,1786487022,13.822494,100.512277,15.7,0.0,-0.5,0.2,88.0,88.0,-0.01,-0.01,-0.01,16.2,100,AUTO.LOITER,0,0
2026-08-12T05:23:42,1786487023,13.822494,100.512277,16.0,0.0,-0.5,0.2,88.0,88.0,0.0,-0.02,-0.01,16.2,100,AUTO.LOITER,0,0
2026-08-12T05:23:43,1786487024,13.822494,100.512277,16.0,0.0,-0.6,0.2,88.0,88.0,-0.01,-0.02,-0.01,16.2,100,AUTO.LOITER,0,0
2026-08-12T05:23:44,1786487025,13.822494,100.512277,16.0,0.01,-0.6,0.1,88.0,88.0,0.0,-0.01,-0.02,16.2,100,AUTO.LOITER,0,0
2026-08-12T05:23:45,1786487026,13.822494,100.512277,16.0,0.01,-0.6,0.1,88.0,88.0,0.01,0.0,-0.02,16.2,100,AUTO.LOITER,0,0
2026-08-12T05:23:46,1786487027,13.822494,100.512277,16.0,0.01,-0.6,0.1,88.0,88.0,0.0,0.0,-0.02,16.2,100,AUTO.LOITER,0,0
2026-08-12T05:23:47,1786487028,13.822494,100.512277,16.0,0.01,-0.6,0.1,88.0,88.0,0.0,0.0,-0.02,16.2,100,AUTO.LOITER,0,0
2026-08-12T05:23:48,1786487029,13.822494,100.512277,16.0,0.01,-0.5,0.1,88.0,88.0,0.0,-0.01,-0.02,16.2,100,AUTO.LOITER,0,0
2026-08-12T05:23:49,1786487030,13.822494,100.512277,16.0,0.0,-0.5,0.1,88.0,88.0,0.0,-0.03,-0.01,16.2,100,AUTO.LOITER,0,0
2026-08-12T05:23:50,1786487031,13.822494,100.512277,16.0,0.01,-0.5,0.1,88.0,88.0,0.0,-0.02,-0.02,16.2,100,AUTO.LOITER,0,0
2026-08-12T05:23:51,1786487032,13.822494,100.512277,16.0,0.01,-0.5,0.0,88.0,88.0,0.01,0.0,-0.02,16.2,100,AUTO.LOITER,0,0
2026-08-12T05:23:52,1786487033,13.822494,100.512277,16.0,0.01,-0.5,0.0,88.0,88.0,0.01,0.0,-0.03,16.2,100,AUTO.LOITER,0,0
2026-08-12T05:23:53,1786487034,13.822494,100.512277,16.0,0.02,-0.5,0.0,88.0,88.0,0.0,0.0,-0.04,16.2,100,AUTO.LOITER,0,0
2026-08-12T05:23:54,1786487035,13.822494,100.512277,16.0,0.02,-0.5,0.0,88.0,88.0,0.0,0.0,-0.04,16.2,100,AUTO.LOITER,0,0
2026-08-12T05:23:55,1786487036,13.822494,100.512277,16.0,0.02,-0.5,0.0,88.0,88.0,0.0,0.0,-0.04,16.2,100,AUTO.LOITER,0,0
2026-08-12T05:23:56,1786487037,13.822494,100.512277,15.7,0.02,-0.5,0.1,88.0,88.0,0.0,0.0,-0.04,16.2,100,AUTO.LOITER,0,0
2026-08-12T05:23:57,1786487038,13.822494,100.512277,16.0,0.0,-0.5,0.1,88.0,88.0,0.0,0.01,0.0,16.2,100,AUTO.LOITER,0,0
2026-08-12T05:23:58,1786487039,13.822494,100.512277,16.0,-0.01,-0.5,0.1,88.0,88.0,0.0,0.02,0.0,16.2,100,AUTO.LOITER,0,0
2026-08-12T05:23:59,1786487040,13.822494,100.512277,16.0,-0.01,-0.5,0.1,88.0,88.0,0.0,0.02,0.0,16.2,100,AUTO.LOITER,0,0
2026-08-12T05:24:00,1786487041,13.822494,100.512277,16.0,-0.01,-0.6,0.2,88.0,88.0,0.0,0.02,0.0,16.2,100,AUTO.LOITER,0,0
2026-08-12T05:24:01,1786487042,13.822494,100.512277,16.0,-0.01,-0.6,0.2,88.0,88.0,0.0,0.0,0.0,16.2,100,AUTO.LOITER,0,0
2026-08-12T05:24:02,1786487043,13.822494,100.512277,16.0,-0.01,-0.6,0.2,88.0,88.0,0.02,0.01,0.0,16.2,100,AUTO.LOITER,0,0
2026-08-12T05:24:03,1786487044,13.822494,100.512277,16.0,-0.01,-0.6,0.2,88.0,88.0,0.03,0.01,0.0,16.2,100,AUTO.LOITER,0,0
2026-08-12T05:24:04,1786487045,13.822494,100.512277,16.0,-0.0,-0.6,0.2,88.0,88.0,0.01,0.0,-0.01,16.2,100,AUTO.LOITER,0,0
2026-08-12T05:24:05,1786487046,13.822494,100.512277,16.0,0.01,-0.5,0.2,87.9,87.9,0.0,0.0,-0.02,16.2,100,AUTO.LOITER,0,0
2026-08-12T05:24:06,1786487047,13.822494,100.512277,16.0,0.01,-0.5,0.3,87.9,87.9,0.0,0.0,-0.02,16.2,100,AUTO.LOITER,0,0
2026-08-12T05:24:07,1786487048,13.822494,100.512277,16.0,0.01,-0.5,0.3,87.9,87.9,-0.01,-0.02,-0.03,16.2,100,AUTO.LOITER,0,0
2026-08-12T05:24:08,1786487049,13.822494,100.512277,16.0,0.02,-0.5,0.3,87.9,87.9,-0.01,-0.03,-0.04,16.2,100,AUTO.LOITER,0,0
2026-08-12T05:24:09,1786487050,13.822494,100.512277,16.0,0.02,-0.5,0.3,87.9,87.9,-0.01,-0.02,-0.04,16.2,100,AUTO.LOITER,0,0
2026-08-12T05:24:10,1786487051,13.822494,100.512277,16.0,0.03,-0.5,0.2,87.9,87.9,-0.01,-0.01,-0.04,16.2,100,AUTO.LOITER,0,0
2026-08-12T05:24:11,1786487052,13.822494,100.512277,16.0,0.03,-0.6,0.2,87.9,87.9,-0.01,0.0,-0.04,16.2,100,AUTO.LOITER,0,0
2026-08-12T05:24:12,1786487053,13.822494,100.512277,15.7,0.03,-0.6,0.2,87.9,87.9,-0.01,0.0,-0.04,16.2,100,AUTO.LOITER,0,0
2026-08-12T05:24:13,1786487054,13.822494,100.512277,15.7,0.03,-0.6,0.2,87.9,87.9,-0.01,0.0,-0.04,16.2,100,AUTO.LOITER,0,0
2026-08-12T05:24:14,1786487055,13.822494,100.512277,16.0,0.03,-0.6,0.2,87.9,87.9,0.0,0.0,-0.05,16.2,100,AUTO.LOITER,0,0
2026-08-12T05:24:15,1786487056,13.822494,100.512277,16.0,0.04,-0.6,0.2,87.9,87.9,0.0,0.0,-0.07,16.2,100,AUTO.LOITER,0,0
2026-08-12T05:24:16,1786487057,13.822494,100.512277,15.7,0.04,-0.6,0.2,87.9,87.9,0.0,0.0,-0.07,16.2,100,AUTO.LOITER,0,0
2026-08-12T05:24:17,1786487058,13.822494,100.512277,16.0,0.06,-0.6,0.2,87.9,87.9,0.02,0.0,-0.08,16.2,100,AUTO.LOITER,0,0
2026-08-12T05:24:18,1786487059,13.822494,100.512277,15.7,0.06,-0.6,0.2,87.9,87.9,0.02,0.0,-0.08,16.2,100,AUTO.LOITER,0,0
2026-08-12T05:24:19,1786487060,13.822494,100.512277,16.0,0.05,-0.6,0.2,87.9,87.9,0.03,-0.01,-0.07,16.2,100,AUTO.LOITER,0,0
2026-08-12T05:24:20,1786487061,13.822494,100.512277,16.0,0.05,-0.6,0.2,87.9,87.9,0.04,-0.03,-0.07,16.2,100,AUTO.LOITER,0,0
2026-08-12T05:24:21,1786487062,13.822494,100.512277,16.0,0.05,-0.5,0.2,87.9,87.9,0.05,-0.02,-0.07,16.2,100,AUTO.LOITER,0,0
2026-08-12T05:24:22,1786487063,13.822494,100.512277,16.0,0.05,-0.5,0.2,87.9,87.9,0.04,-0.01,-0.07,16.2,100,AUTO.LOITER,0,0
2026-08-12T05:24:23,1786487064,13.822494,100.512277,16.0,0.05,-0.5,0.1,87.9,87.9,0.01,-0.01,-0.07,16.2,100,AUTO.LOITER,0,0
2026-08-12T05:24:24,1786487065,13.822494,100.512277,15.7,0.05,-0.5,0.1,87.9,87.9,0.01,-0.01,-0.07,16.2,100,AUTO.LOITER,0,0
2026-08-12T05:24:25,1786487066,13.822494,100.512277,15.7,0.05,-0.5,0.1,87.9,87.9,0.01,-0.01,-0.07,16.2,100,AUTO.LOITER,0,0
2026-08-12T05:24:26,1786487067,13.822494,100.512277,16.0,0.05,-0.4,0.1,87.9,87.9,0.0,-0.01,-0.08,16.2,100,AUTO.LOITER,0,0
2026-08-12T05:24:27,1786487068,13.822494,100.512277,16.0,0.06,-0.4,0.1,87.9,87.9,0.0,-0.03,-0.09,16.2,100,AUTO.LOITER,0,0
2026-08-12T05:24:28,1786487069,13.822494,100.512277,16.0,0.07,-0.4,0.0,87.8,87.8,0.0,-0.02,-0.1,16.2,100,AUTO.LOITER,0,0
2026-08-12T05:24:29,1786487070,13.822494,100.512277,15.7,0.07,-0.4,0.0,87.8,87.8,0.0,-0.02,-0.1,16.2,100,AUTO.LOITER,0,0
2026-08-12T05:24:30,1786487071,13.822494,100.512277,15.8,0.08,-0.4,-0.0,87.8,87.8,-0.01,-0.02,-0.11,16.2,100,AUTO.LOITER,0,0
2026-08-12T05:24:31,1786487072,13.822494,100.512277,16.1,0.08,-0.4,-0.1,87.8,87.8,0.0,-0.02,-0.1,16.2,100,AUTO.LOITER,0,0
2026-08-12T05:24:32,1786487073,13.822494,100.512277,16.1,0.07,-0.4,-0.1,87.8,87.8,0.0,-0.03,-0.1,16.2,100,AUTO.LOITER,0,0
2026-08-12T05:24:33,1786487074,13.822494,100.512277,16.1,0.07,-0.4,-0.1,87.8,87.8,0.0,-0.03,-0.1,16.2,100,AUTO.LOITER,0,0
2026-08-12T05:24:34,1786487075,13.822494,100.512277,16.0,0.06,-0.4,-0.2,87.8,87.8,0.0,-0.02,-0.08,16.2,100,AUTO.LOITER,0,0
2026-08-12T05:24:35,1786487076,13.822494,100.512277,16.0,0.06,-0.4,-0.2,87.8,87.8,0.0,-0.01,-0.08,16.2,100,AUTO.LOITER,0,0
2026-08-12T05:24:36,1786487077,13.822494,100.512277,16.0,0.06,-0.4,-0.2,87.9,87.9,0.0,0.0,-0.09,16.2,100,AUTO.LOITER,0,0
2026-08-12T05:24:37,1786487078,13.822494,100.512277,16.0,0.07,-0.4,-0.2,87.9,87.9,0.0,0.0,-0.09,16.2,100,AUTO.LOITER,0,0
2026-08-12T05:24:38,1786487079,13.822494,100.512277,16.0,0.07,-0.4,-0.2,87.9,87.9,0.0,0.0,-0.09,16.2,100,AUTO.LOITER,0,0
2026-08-12T05:24:39,1786487080,13.822494,100.512277,16.0,0.07,-0.4,-0.2,87.9,87.9,0.0,0.0,-0.09,16.2,100,AUTO.LOITER,0,0
2026-08-12T05:24:40,1786487081,13.822494,100.512277,16.0,0.06,-0.4,-0.2,87.9,87.9,0.0,0.0,-0.08,16.2,100,AUTO.LOITER,0,0
2026-08-12T05:24:41,1786487082,13.822494,100.512277,16.0,0.06,-0.4,-0.2,87.9,87.9,0.0,0.0,-0.08,16.2,100,AUTO.LOITER,0,0
2026-08-12T05:24:42,1786487083,13.822494,100.512277,16.0,0.06,-0.4,-0.3,87.9,87.9,0.0,0.0,-0.09,16.2,100,AUTO.LOITER,0,0
2026-08-12T05:24:43,1786487084,13.822494,100.512277,16.0,0.07,-0.3,-0.3,87.9,87.9,0.0,0.0,-0.09,16.2,100,AUTO.LOITER,0,0
2026-08-12T05:24:44,1786487085,13.822494,100.512277,16.0,0.07,-0.3,-0.3,87.9,87.9,0.0,0.0,-0.08,16.2,100,AUTO.LOITER,0,0
2026-08-12T05:24:45,1786487086,13.822494,100.512277,15.7,0.07,-0.3,-0.3,87.9,87.9,0.0,0.0,-0.08,16.2,100,AUTO.LOITER,0,0
2026-08-12T05:24:46,1786487087,13.822494,100.512277,15.7,0.06,-0.3,-0.3,87.9,87.9,0.0,-0.01,-0.08,16.2,100,AUTO.LOITER,0,0
2026-08-12T05:24:47,1786487088,13.822494,100.512277,15.7,0.05,-0.3,-0.3,87.9,87.9,0.0,0.0,-0.06,16.2,100,AUTO.LOITER,0,0
2026-08-12T05:24:48,1786487089,13.822494,100.512277,16.0,0.04,-0.3,-0.3,87.9,87.9,0.0,0.0,-0.05,16.2,100,AUTO.LOITER,0,0
2026-08-12T05:24:49,1786487090,13.822494,100.512277,15.7,0.04,-0.3,-0.3,87.9,87.9,0.0,0.0,-0.05,16.2,100,AUTO.LOITER,0,0
2026-08-12T05:24:50,1786487091,13.822494,100.512277,15.7,0.04,-0.3,-0.3,87.9,87.9,0.0,0.0,-0.05,16.2,100,AUTO.LOITER,0,0
2026-08-12T05:24:51,1786487092,13.822494,100.512277,16.0,0.04,-0.3,-0.3,87.9,87.9,0.0,0.0,-0.05,16.2,100,AUTO.LOITER,0,0
2026-08-12T05:24:52,1786487093,13.822494,100.512277,16.0,0.04,-0.3,-0.3,87.9,87.9,0.0,0.0,-0.05,16.2,100,AUTO.LOITER,0,0
2026-08-12T05:24:53,1786487094,13.822494,100.512277,16.0,0.03,-0.3,-0.3,87.9,87.9,0.0,0.0,-0.04,16.2,100,AUTO.LOITER,0,0
2026-08-12T05:24:54,1786487095,13.822494,100.512277,16.0,0.03,-0.3,-0.3,87.9,87.9,0.0,0.0,-0.04,16.2,100,AUTO.LOITER,0,0
2026-08-12T05:24:55,1786487096,13.822494,100.512277,16.0,0.02,-0.3,-0.3,87.9,87.9,0.0,0.0,-0.03,16.2,100,AUTO.LOITER,0,0
2026-08-12T05:24:56,1786487097,13.822494,100.512277,16.0,0.02,-0.3,-0.3,87.9,87.9,0.0,0.0,-0.02,16.2,100,AUTO.LOITER,0,0
2026-08-12T05:24:57,1786487098,13.822494,100.512277,16.0,0.01,-0.3,-0.3,87.9,87.9,0.0,0.0,-0.02,16.2,100,AUTO.LOITER,0,0
2026-08-12T05:24:58,1786487099,13.822494,100.512277,16.0,0.01,-0.3,-0.3,87.9,87.9,0.0,0.0,-0.02,16.2,100,AUTO.LOITER,0,0
2026-08-12T05:24:59,1786487100,13.822494,100.512277,16.0,0.01,-0.3,-0.3,87.9,87.9,-0.01,0.0,-0.03,16.2,100,AUTO.LOITER,0,0
2026-08-12T05:25:00,1786487101,13.822494,100.512277,16.0,0.02,-0.3,-0.3,87.9,87.9,-0.01,0.0,-0.03,16.2,100,AUTO.LOITER,0,0
2026-08-12T05:25:01,1786487102,13.822494,100.512277,16.0,0.02,-0.3,-0.4,87.9,87.9,-0.02,0.03,-0.03,16.2,100,AUTO.LOITER,0,0
2026-08-12T05:25:02,1786487103,13.822494,100.512277,15.7,0.02,-0.3,-0.3,87.9,87.9,-0.02,0.03,-0.03,16.2,100,AUTO.LOITER,0,0
2026-08-12T05:25:03,1786487104,13.822494,100.512278,15.8,0.02,-0.4,-0.3,87.9,87.9,-0.02,0.03,-0.03,16.2,100,AUTO.LOITER,0,0
2026-08-12T05:25:04,1786487105,13.822494,100.512278,15.8,0.02,-0.4,-0.3,87.8,87.8,-0.02,0.03,-0.03,16.2,100,AUTO.LOITER,0,0
2026-08-12T05:25:05,1786487106,13.822494,100.512277,16.0,0.03,-0.4,-0.3,87.8,87.8,-0.01,0.0,-0.04,16.2,100,AUTO.LOITER,0,0
2026-08-12T05:25:06,1786487107,13.822494,100.512277,15.7,0.03,-0.5,-0.3,87.9,87.9,-0.01,0.0,-0.04,16.2,100,AUTO.LOITER,0,0
2026-08-12T05:25:07,1786487108,13.822494,100.512277,16.0,0.02,-0.5,-0.3,87.9,87.9,-0.02,0.0,-0.02,16.2,100,AUTO.LOITER,0,0
2026-08-12T05:25:08,1786487109,13.822494,100.512277,16.0,0.01,-0.5,-0.3,87.9,87.9,-0.01,0.0,-0.02,16.2,100,AUTO.LOITER,0,0
2026-08-12T05:25:09,1786487110,13.822494,100.512277,16.0,0.01,-0.6,-0.3,88.0,88.0,0.0,0.0,-0.02,16.2,100,AUTO.LOITER,0,0
2026-08-12T05:25:10,1786487111,13.822494,100.512277,16.0,0.01,-0.5,-0.3,88.0,88.0,0.0,0.0,-0.01,16.2,100,AUTO.LOITER,0,0
2026-08-12T05:25:11,1786487112,13.822494,100.512277,16.0,0.01,-0.6,-0.3,88.0,88.0,0.0,0.0,-0.01,16.2,100,AUTO.LOITER,0,0
2026-08-12T05:25:12,1786487113,13.822494,100.512277,16.0,0.01,-0.6,-0.3,88.0,88.0,0.0,-0.01,-0.02,16.2,100,AUTO.LOITER,0,0
2026-08-12T05:25:13,1786487114,13.822494,100.512277,16.0,0.01,-0.6,-0.3,88.0,88.0,0.0,-0.02,-0.01,16.2,100,AUTO.LOITER,0,0
2026-08-12T05:25:14,1786487115,13.822494,100.512277,16.0,0.01,-0.6,-0.3,88.0,88.0,0.0,-0.03,-0.01,16.2,100,AUTO.LOITER,0,0
2026-08-12T05:25:15,1786487116,13.822494,100.512277,16.0,0.01,-0.6,-0.4,88.0,88.0,-0.01,-0.01,-0.02,16.2,100,AUTO.LOITER,0,0
2026-08-12T05:25:16,1786487117,13.822494,100.512277,16.0,0.02,-0.6,-0.4,88.0,88.0,-0.01,0.0,-0.03,16.2,100,AUTO.LOITER,0,0
2026-08-12T05:25:17,1786487118,13.822494,100.512277,16.0,0.02,-0.7,-0.4,88.0,88.0,0.0,0.0,-0.02,16.2,100,AUTO.LOITER,0,0
2026-08-12T05:25:18,1786487119,13.822494,100.512277,16.0,0.01,-0.7,-0.4,88.0,88.0,0.0,0.0,-0.01,16.2,100,AUTO.LOITER,0,0
2026-08-12T05:25:19,1786487120,13.822494,100.512277,16.0,0.0,-0.7,-0.4,88.0,88.0,0.0,0.01,0.0,16.2,100,AUTO.LOITER,0,0
2026-08-12T05:25:20,1786487121,13.822494,100.512277,15.6,0.0,-0.7,-0.4,88.0,88.0,0.0,0.01,0.0,16.2,100,AUTO.LOITER,0,0
2026-08-12T05:25:21,1786487122,13.822494,100.512277,15.7,-0.01,-0.7,-0.4,88.0,88.0,0.01,0.03,0.0,16.2,100,AUTO.LOITER,0,0
2026-08-12T05:25:22,1786487123,13.822494,100.512277,15.7,-0.01,-0.7,-0.4,88.0,88.0,0.01,0.03,0.0,16.2,100,AUTO.LOITER,0,0
2026-08-12T05:25:23,1786487124,13.822494,100.512277,16.0,-0.02,-0.7,-0.4,88.0,88.0,0.01,0.03,0.01,16.2,100,AUTO.LOITER,0,0
2026-08-12T05:25:24,1786487125,13.822494,100.512277,16.0,-0.01,-0.7,-0.3,88.0,88.0,0.0,0.02,0.0,16.2,100,AUTO.LOITER,0,0
2026-08-12T05:25:25,1786487126,13.822494,100.512277,16.0,-0.0,-0.7,-0.3,88.0,88.0,0.0,0.01,-0.01,16.2,100,AUTO.LOITER,0,0
2026-08-12T05:25:26,1786487127,13.822494,100.512277,16.0,-0.0,-0.7,-0.3,88.0,88.0,-0.01,0.01,0.0,16.2,100,AUTO.LOITER,0,0
2026-08-12T05:25:27,1786487128,13.822494,100.512277,16.0,-0.01,-0.8,-0.3,88.1,88.1,0.0,0.01,0.0,16.2,100,AUTO.LOITER,0,0
2026-08-12T05:25:28,1786487129,13.822494,100.512277,16.0,-0.01,-0.8,-0.3,88.1,88.1,0.0,0.01,0.0,16.2,100,AUTO.LOITER,0,0
2026-08-12T05:25:29,1786487130,13.822494,100.512277,16.0,-0.01,-0.8,-0.3,88.1,88.1,0.0,0.02,0.0,16.2,100,AUTO.LOITER,0,0
2026-08-12T05:25:30,1786487131,13.822494,100.512277,16.0,-0.01,-0.8,-0.2,88.1,88.1,0.0,0.03,0.0,16.2,100,AUTO.LOITER,0,0
2026-08-12T05:25:31,1786487132,13.822494,100.512277,16.0,-0.01,-0.8,-0.2,88.1,88.1,-0.02,0.02,0.0,16.2,100,AUTO.LOITER,0,0
2026-08-12T05:25:32,1786487133,13.822494,100.512277,16.0,-0.01,-0.8,-0.1,88.1,88.1,-0.02,0.01,0.0,16.2,100,AUTO.LOITER,0,0
2026-08-12T05:25:33,1786487134,13.822494,100.512277,16.0,-0.01,-0.9,-0.1,88.1,88.1,-0.01,0.0,0.0,16.2,100,AUTO.LOITER,0,0
2026-08-12T05:25:34,1786487135,13.822494,100.512277,16.0,-0.01,-0.9,-0.1,88.0,88.0,-0.01,-0.01,0.0,16.2,100,AUTO.LOITER,0,0
2026-08-12T05:25:35,1786487136,13.822494,100.512277,16.0,-0.01,-0.9,-0.1,88.1,88.1,0.0,0.0,0.01,16.2,100,AUTO.LOITER,0,0
2026-08-12T05:25:36,1786487137,13.822494,100.512277,16.0,-0.01,-0.9,-0.1,88.1,88.1,0.0,0.0,0.01,16.2,100,AUTO.LOITER,0,0
2026-08-12T05:25:37,1786487138,13.822494,100.512277,15.7,-0.02,-0.9,-0.1,88.1,88.1,0.02,0.0,0.02,16.2,100,AUTO.LOITER,0,0
2026-08-12T05:25:38,1786487139,13.822494,100.512277,15.7,-0.03,-0.9,-0.1,88.1,88.1,0.03,0.0,0.03,16.2,100,AUTO.LOITER,0,0
2026-08-12T05:25:39,1786487140,13.822494,100.512277,15.9,-0.04,-0.9,-0.1,88.0,88.0,0.02,0.0,0.03,16.2,100,AUTO.LOITER,0,0
2026-08-12T05:25:40,1786487141,13.822494,100.512277,15.9,-0.04,-0.9,-0.1,88.0,88.0,0.01,0.0,0.03,16.2,100,AUTO.LOITER,0,0
2026-08-12T05:25:41,1786487142,13.822494,100.512277,15.7,-0.04,-0.9,-0.0,88.0,88.0,0.01,0.0,0.03,16.2,100,AUTO.LOITER,0,0
2026-08-12T05:25:42,1786487143,13.822494,100.512277,15.9,-0.03,-0.9,-0.0,88.0,88.0,0.0,-0.01,0.03,16.2,100,AUTO.LOITER,0,0
2026-08-12T05:25:43,1786487144,13.822494,100.512277,15.9,-0.03,-0.9,-0.0,88.0,88.0,0.0,-0.01,0.03,16.2,100,AUTO.LOITER,0,0
2026-08-12T05:25:44,1786487145,13.822494,100.512277,15.9,-0.04,-0.9,-0.0,88.0,88.0,0.0,-0.02,0.04,16.2,100,AUTO.LOITER,0,0
2026-08-12T05:25:45,1786487146,13.822494,100.512277,15.9,-0.04,-0.9,-0.1,88.0,88.0,0.0,-0.04,0.04,16.2,100,AUTO.LOITER,0,0
2026-08-12T05:25:46,1786487147,13.822494,100.512277,15.9,-0.05,-1.0,-0.1,88.0,88.0,0.01,-0.04,0.05,16.2,100,AUTO.LOITER,0,0
2026-08-12T05:25:47,1786487148,13.822494,100.512277,15.9,-0.06,-1.0,-0.1,88.0,88.0,0.01,-0.05,0.06,16.2,100,AUTO.LOITER,0,0
2026-08-12T05:25:48,1786487149,13.822494,100.512277,15.9,-0.06,-1.0,-0.2,88.1,88.1,0.01,-0.03,0.07,16.2,100,AUTO.LOITER,0,0
2026-08-12T05:25:49,1786487150,13.822494,100.512277,15.9,-0.06,-0.9,-0.2,88.1,88.1,0.0,-0.02,0.06,16.2,100,AUTO.LOITER,0,0
2026-08-12T05:25:50,1786487151,13.822494,100.512277,15.9,-0.06,-0.9,-0.3,88.1,88.1,0.0,-0.02,0.06,16.2,100,AUTO.LOITER,0,0
2026-08-12T05:25:51,1786487152,13.822494,100.512277,15.7,-0.06,-0.9,-0.3,88.1,88.1,0.0,-0.02,0.06,16.2,100,AUTO.LOITER,0,0
2026-08-12T05:25:52,1786487153,13.822494,100.512277,15.9,-0.04,-0.9,-0.3,88.2,88.2,0.01,0.0,0.03,16.2,100,AUTO.LOITER,0,0
2026-08-12T05:25:53,1786487154,13.822494,100.512277,15.9,-0.04,-0.9,-0.3,88.2,88.2,0.01,0.0,0.03,16.2,100,AUTO.LOITER,0,0
2026-08-12T05:25:54,1786487155,13.822494,100.512278,15.7,-0.04,-0.9,-0.3,88.2,88.2,0.01,0.0,0.03,16.2,100,AUTO.LOITER,0,0
2026-08-12T05:25:55,1786487156,13.822494,100.512277,15.9,-0.03,-0.9,-0.3,88.3,88.3,0.01,0.02,0.02,16.2,100,AUTO.LOITER,0,0
2026-08-12T05:25:56,1786487157,13.822494,100.512277,15.9,-0.03,-0.9,-0.2,88.3,88.3,0.01,0.03,0.02,16.2,100,AUTO.LOITER,0,0
2026-08-12T05:25:57,1786487158,13.822494,100.512277,16.0,-0.02,-0.9,-0.2,88.3,88.3,0.0,0.01,0.01,16.2,100,AUTO.LOITER,0,0
2026-08-12T05:25:58,1786487159,13.822494,100.512277,16.0,-0.02,-0.9,-0.2,88.3,88.3,0.0,0.01,0.01,16.2,100,AUTO.LOITER,0,0
2026-08-12T05:25:59,1786487160,13.822494,100.512277,16.0,-0.02,-0.9,-0.2,88.3,88.3,0.0,0.01,0.01,16.2,100,AUTO.LOITER,0,0
2026-08-12T05:26:00,1786487161,13.822494,100.512277,16.0,-0.02,-0.9,-0.2,88.3,88.3,0.0,0.01,0.01,16.2,100,AUTO.LOITER,0,0
2026-08-12T05:26:01,1786487162,13.822494,100.512277,16.0,-0.02,-0.9,-0.2,88.3,88.3,0.0,0.0,0.01,16.2,100,AUTO.LOITER,0,0
2026-08-12T05:26:02,1786487163,13.822494,100.512277,15.7,-0.02,-0.9,-0.2,88.3,88.3,0.0,0.0,0.01,16.2,100,AUTO.LOITER,0,0
2026-08-12T05:26:03,1786487164,13.822494,100.512277,16.0,-0.01,-0.9,-0.2,88.3,88.3,-0.01,0.01,0.0,16.2,100,AUTO.LOITER,0,0
2026-08-12T05:26:04,1786487165,13.822494,100.512277,16.0,-0.01,-0.9,-0.2,88.3,88.3,0.0,0.01,0.01,16.2,100,AUTO.LOITER,0,0
2026-08-12T05:26:05,1786487166,13.822494,100.512277,16.0,-0.02,-0.9,-0.1,88.3,88.3,0.0,0.03,0.01,16.2,100,AUTO.LOITER,0,0
2026-08-12T05:26:06,1786487167,13.822494,100.512277,16.0,-0.02,-0.9,-0.1,88.3,88.3,0.0,0.01,0.01,16.2,100,AUTO.LOITER,0,0
2026-08-12T05:26:07,1786487168,13.822494,100.512277,15.9,-0.03,-0.8,-0.1,88.3,88.3,0.0,0.0,0.02,16.2,100,AUTO.LOITER,0,0
2026-08-12T05:26:08,1786487169,13.822494,100.512277,15.9,-0.04,-0.8,-0.1,88.3,88.3,0.0,0.0,0.03,16.2,100,AUTO.LOITER,0,0
2026-08-12T05:26:09,1786487170,13.822494,100.512277,15.9,-0.04,-0.8,-0.1,88.2,88.2,0.0,0.0,0.03,16.2,100,AUTO.LOITER,0,0
2026-08-12T05:26:10,1786487171,13.822494,100.512277,15.7,-0.03,-0.8,-0.1,88.2,88.2,0.0,0.0,0.01,16.2,100,AUTO.LOITER,0,0
2026-08-12T05:26:11,1786487172,13.822494,100.512277,16.0,-0.02,-0.8,-0.0,88.2,88.2,0.0,0.0,0.0,16.2,100,AUTO.LOITER,0,0
2026-08-12T05:26:12,1786487173,13.822494,100.512277,16.0,-0.01,-0.8,-0.0,88.2,88.2,0.01,0.0,0.0,16.2,100,AUTO.LOITER,0,0
2026-08-12T05:26:13,1786487174,13.822494,100.512277,16.0,-0.01,-0.8,-0.0,88.2,88.2,0.02,0.0,0.0,16.2,100,AUTO.LOITER,0,0
2026-08-12T05:26:14,1786487175,13.822494,100.512277,16.0,-0.0,-0.8,0.0,88.2,88.2,0.01,0.01,0.0,16.2,100,AUTO.LOITER,0,0
2026-08-12T05:26:15,1786487176,13.822494,100.512277,16.0,0.0,-0.8,0.0,88.2,88.2,0.01,0.02,0.0,16.2,100,AUTO.LOITER,0,0
2026-08-12T05:26:16,1786487177,13.822494,100.512277,16.0,0.0,-0.8,0.0,88.2,88.2,0.0,0.0,0.0,16.2,100,AUTO.LOITER,0,0
2026-08-12T05:26:17,1786487178,13.822494,100.512277,15.7,0.0,-0.8,0.1,88.2,88.2,0.0,0.0,0.0,16.2,100,AUTO.LOITER,0,0
2026-08-12T05:26:18,1786487179,13.822494,100.512277,16.0,0.01,-0.8,0.1,88.1,88.1,0.0,-0.01,-0.01,16.2,100,AUTO.LOITER,0,0
2026-08-12T05:26:19,1786487180,13.822494,100.512277,16.0,0.01,-0.8,0.1,88.1,88.1,0.0,-0.02,-0.02,16.2,100,AUTO.LOITER,0,0
2026-08-12T05:26:20,1786487181,13.822494,100.512277,16.0,0.01,-0.8,0.1,88.1,88.1,0.0,-0.04,-0.02,16.2,100,AUTO.LOITER,0,0
2026-08-12T05:26:21,1786487182,13.822494,100.512277,16.0,0.01,-0.8,0.1,88.1,88.1,-0.01,-0.04,-0.01,16.2,100,AUTO.LOITER,0,0
2026-08-12T05:26:22,1786487183,13.822494,100.512277,16.0,0.0,-0.8,0.0,88.1,88.1,-0.01,-0.03,-0.01,16.2,100,AUTO.LOITER,0,0
2026-08-12T05:26:23,1786487184,13.822494,100.512277,16.0,0.0,-0.8,0.0,88.1,88.1,-0.03,-0.03,-0.01,16.2,100,AUTO.LOITER,0,0
2026-08-12T05:26:24,1786487185,13.822494,100.512277,16.0,0.0,-0.8,-0.0,88.1,88.1,-0.03,-0.02,-0.02,16.2,100,AUTO.LOITER,0,0
2026-08-12T05:26:25,1786487186,13.822494,100.512277,15.7,0.0,-0.8,-0.0,88.1,88.1,-0.03,-0.02,-0.02,16.2,100,AUTO.LOITER,0,0
2026-08-12T05:26:26,1786487187,13.822494,100.512277,15.7,0.01,-0.9,-0.1,88.0,88.0,-0.01,-0.03,-0.03,16.2,100,AUTO.LOITER,0,0
2026-08-12T05:26:27,1786487188,13.822494,100.512277,16.0,0.02,-0.9,-0.1,88.0,88.0,0.0,-0.02,-0.03,16.2,100,AUTO.LOITER,0,0
2026-08-12T05:26:28,1786487189,13.822494,100.512277,16.0,0.02,-0.9,-0.1,88.1,88.1,0.01,-0.02,-0.02,16.2,100,AUTO.LOITER,0,0
2026-08-12T05:26:29,1786487190,13.822494,100.512277,16.0,0.01,-0.9,-0.1,88.1,88.1,0.0,-0.01,-0.01,16.2,100,AUTO.LOITER,0,0
2026-08-12T05:26:30,1786487191,13.822494,100.512277,16.0,0.01,-0.9,-0.1,88.2,88.2,0.0,0.0,-0.02,16.2,100,AUTO.LOITER,0,0
2026-08-12T05:26:31,1786487192,13.822494,100.512277,16.0,0.01,-0.9,-0.1,88.2,88.2,0.0,0.0,-0.03,16.2,100,AUTO.LOITER,0,0
2026-08-12T05:26:32,1786487193,13.822494,100.512277,16.0,0.02,-0.9,-0.1,88.2,88.2,0.0,-0.01,-0.03,16.2,100,AUTO.LOITER,0,0
2026-08-12T05:26:33,1786487194,13.822494,100.512277,16.0,0.03,-0.9,-0.1,88.2,88.2,0.02,-0.01,-0.04,16.2,100,AUTO.LOITER,0,0
2026-08-12T05:26:34,1786487195,13.822494,100.512277,16.0,0.03,-0.9,-0.1,88.2,88.2,0.02,0.0,-0.05,16.2,100,AUTO.LOITER,0,0
2026-08-12T05:26:35,1786487196,13.822494,100.512277,16.0,0.03,-0.9,-0.1,88.2,88.2,0.02,0.0,-0.04,16.2,100,AUTO.LOITER,0,0
2026-08-12T05:26:36,1786487197,13.822494,100.512277,16.0,0.03,-0.8,-0.1,88.2,88.2,0.01,0.0,-0.04,16.2,100,AUTO.LOITER,0,0
2026-08-12T05:26:37,1786487198,13.822494,100.512277,16.0,0.02,-0.8,-0.1,88.2,88.2,0.0,0.01,-0.03,16.2,100,AUTO.LOITER,0,0
2026-08-12T05:26:38,1786487199,13.822494,100.512277,16.0,0.03,-0.8,-0.1,88.2,88.2,0.0,0.0,-0.04,16.2,100,AUTO.LOITER,0,0
2026-08-12T05:26:39,1786487200,13.822494,100.512277,16.0,0.03,-0.8,-0.1,88.2,88.2,0.0,-0.01,-0.03,16.2,100,AUTO.LOITER,0,0
2026-08-12T05:26:40,1786487201,13.822494,100.512277,16.0,0.02,-0.8,-0.1,88.2,88.2,-0.01,-0.01,-0.03,16.2,100,AUTO.LOITER,0,0
2026-08-12T05:26:41,1786487202,13.822494,100.512277,15.7,0.02,-0.8,-0.1,88.2,88.2,-0.01,-0.01,-0.03,16.2,100,AUTO.LOITER,0,0
2026-08-12T05:26:42,1786487203,13.822494,100.512277,15.7,0.02,-0.9,-0.1,88.2,88.2,-0.01,-0.01,-0.03,16.2,100,AUTO.LOITER,0,0
2026-08-12T05:26:43,1786487204,13.822494,100.512277,15.7,0.02,-0.9,-0.1,88.2,88.2,0.0,-0.01,-0.04,16.2,100,AUTO.LOITER,0,0
2026-08-12T05:26:44,1786487205,13.822494,100.512277,16.0,0.03,-0.9,-0.1,88.2,88.2,0.0,-0.01,-0.04,16.2,100,AUTO.LOITER,0,0
2026-08-12T05:26:45,1786487206,13.822494,100.512277,16.0,0.03,-0.9,-0.1,88.2,88.2,0.01,-0.02,-0.04,16.2,100,AUTO.LOITER,0,0
2026-08-12T05:26:46,1786487207,13.822494,100.512277,16.0,0.03,-0.9,-0.2,88.3,88.3,0.0,-0.03,-0.04,16.2,100,AUTO.LOITER,0,0
2026-08-12T05:26:47,1786487208,13.822494,100.512277,16.0,0.03,-0.9,-0.2,88.3,88.3,0.0,-0.03,-0.05,16.2,100,AUTO.LOITER,0,0
2026-08-12T05:26:48,1786487209,13.822494,100.512277,16.0,0.04,-0.9,-0.2,88.3,88.3,0.0,-0.03,-0.05,16.2,100,AUTO.LOITER,0,0
2026-08-12T05:26:49,1786487210,13.822494,100.512277,16.0,0.04,-0.9,-0.3,88.3,88.3,0.0,-0.03,-0.04,16.2,100,AUTO.LOITER,0,0
2026-08-12T05:26:50,1786487211,13.822494,100.512277,16.0,0.03,-0.9,-0.3,88.3,88.3,0.0,-0.01,-0.03,16.2,100,AUTO.LOITER,0,0
2026-08-12T05:26:51,1786487212,13.822494,100.512277,16.0,0.01,-0.9,-0.3,88.4,88.4,0.0,0.0,-0.01,16.2,100,AUTO.LOITER,0,0
2026-08-12T05:26:52,1786487213,13.822494,100.512277,16.0,-0.01,-0.9,-0.3,88.4,88.4,0.0,0.0,0.0,16.2,100,AUTO.LOITER,0,0
2026-08-12T05:26:53,1786487214,13.822494,100.512277,16.0,-0.02,-0.9,-0.4,88.4,88.4,0.0,0.0,0.0,16.2,100,AUTO.LOITER,0,0
2026-08-12T05:26:54,1786487215,13.822494,100.512277,16.0,-0.02,-0.9,-0.4,88.4,88.4,0.0,0.0,0.0,16.2,100,AUTO.LOITER,0,0
2026-08-12T05:26:55,1786487216,13.822494,100.512277,16.0,-0.01,-1.0,-0.4,88.4,88.4,0.0,0.0,0.0,16.2,100,AUTO.LOITER,0,0
2026-08-12T05:26:56,1786487217,13.822494,100.512277,16.0,-0.01,-1.0,-0.4,88.4,88.4,0.0,0.0,0.0,16.2,100,AUTO.LOITER,0,0
2026-08-12T05:26:57,1786487218,13.822494,100.512277,16.0,-0.01,-1.0,-0.4,88.5,88.5,0.0,0.0,0.0,16.2,100,AUTO.LOITER,0,0
2026-08-12T05:26:58,1786487219,13.822494,100.512277,15.6,-0.01,-1.0,-0.4,88.5,88.5,0.0,0.0,0.0,16.2,100,AUTO.LOITER,0,0
2026-08-12T05:26:59,1786487220,13.822494,100.512277,15.7,-0.01,-1.0,-0.4,88.5,88.5,0.01,0.01,0.0,16.2,100,AUTO.LOITER,0,0
2026-08-12T05:27:00,1786487221,13.822494,100.512277,15.7,-0.01,-1.0,-0.4,88.5,88.5,0.02,0.02,0.0,16.2,100,AUTO.LOITER,0,0
2026-08-12T05:27:01,1786487222,13.822494,100.512277,16.0,-0.01,-1.0,-0.4,88.5,88.5,0.01,0.02,0.0,16.2,100,AUTO.LOITER,0,0
2026-08-12T05:27:02,1786487223,13.822494,100.512277,16.0,-0.01,-1.0,-0.3,88.5,88.5,0.01,0.0,0.0,16.2,100,AUTO.LOITER,0,0
2026-08-12T05:27:03,1786487224,13.822494,100.512277,16.0,-0.01,-1.0,-0.4,88.5,88.5,0.01,0.0,0.01,16.2,100,AUTO.LOITER,0,0
2026-08-12T05:27:04,1786487225,13.822494,100.512277,16.0,-0.01,-1.0,-0.4,88.5,88.5,0.0,0.01,0.0,16.2,100,AUTO.LOITER,0,0
2026-08-12T05:27:05,1786487226,13.822494,100.512277,16.0,-0.02,-1.0,-0.4,88.5,88.5,0.01,0.0,0.01,16.2,100,AUTO.LOITER,0,0
2026-08-12T05:27:06,1786487227,13.822494,100.512277,15.7,-0.02,-1.0,-0.4,88.5,88.5,0.01,0.0,0.01,16.2,100,AUTO.LOITER,0,0
2026-08-12T05:27:07,1786487228,13.822494,100.512277,15.9,-0.03,-1.0,-0.4,88.5,88.5,0.01,0.01,0.02,16.2,100,AUTO.LOITER,0,0
2026-08-12T05:27:08,1786487229,13.822494,100.512277,15.9,-0.03,-1.0,-0.4,88.5,88.5,0.0,0.02,0.03,16.2,100,AUTO.LOITER,0,0
2026-08-12T05:27:09,1786487230,13.822494,100.512277,15.9,-0.03,-0.9,-0.4,88.5,88.5,0.0,0.0,0.03,16.2,100,AUTO.LOITER,0,0
2026-08-12T05:27:10,1786487231,13.822494,100.512277,15.9,-0.04,-0.9,-0.4,88.5,88.5,0.0,0.0,0.04,16.2,100,AUTO.LOITER,0,0
2026-08-12T05:27:11,1786487232,13.822494,100.512277,15.9,-0.05,-0.9,-0.4,88.5,88.5,0.0,0.0,0.05,16.2,100,AUTO.LOITER,0,0
2026-08-12T05:27:12,1786487233,13.822494,100.512277,15.9,-0.05,-0.9,-0.4,88.5,88.5,0.0,0.0,0.06,16.2,100,AUTO.LOITER,0,0
2026-08-12T05:27:13,1786487234,13.822494,100.512277,15.9,-0.06,-0.9,-0.4,88.5,88.5,0.0,0.01,0.06,16.2,100,AUTO.LOITER,0,0
2026-08-12T05:27:14,1786487235,13.822494,100.512277,15.7,-0.06,-0.9,-0.4,88.6,88.6,0.0,0.01,0.06,16.2,100,AUTO.LOITER,0,0
2026-08-12T05:27:15,1786487236,13.822494,100.512277,15.8,-0.06,-0.9,-0.4,88.6,88.6,0.0,0.03,0.06,16.2,100,AUTO.LOITER,0,0
2026-08-12T05:27:16,1786487237,13.822494,100.512277,15.9,-0.06,-1.0,-0.4,88.6,88.6,0.01,0.02,0.06,16.2,100,AUTO.LOITER,0,0
2026-08-12T05:27:17,1786487238,13.822494,100.512277,15.9,-0.06,-1.0,-0.4,88.6,88.6,0.01,0.02,0.05,16.2,100,AUTO.LOITER,0,0
2026-08-12T05:27:18,1786487239,13.822494,100.512277,15.9,-0.05,-1.0,-0.4,88.6,88.6,0.02,0.02,0.05,16.2,100,AUTO.LOITER,0,0
2026-08-12T05:27:19,1786487240,13.822494,100.512277,15.9,-0.05,-0.9,-0.4,88.5,88.5,0.01,0.01,0.05,16.2,100,AUTO.LOITER,0,0
2026-08-12T05:27:20,1786487241,13.822494,100.512277,15.9,-0.05,-0.9,-0.4,88.5,88.5,0.02,0.02,0.05,16.2,100,AUTO.LOITER,0,0
2026-08-12T05:27:21,1786487242,13.822494,100.512277,15.9,-0.05,-0.9,-0.3,88.5,88.5,0.04,0.01,0.05,16.2,100,AUTO.LOITER,0,0
2026-08-12T05:27:22,1786487243,13.822494,100.512277,15.9,-0.05,-0.9,-0.3,88.5,88.5,0.03,0.0,0.05,16.2,100,AUTO.LOITER,0,0
2026-08-12T05:27:23,1786487244,13.822494,100.512277,15.9,-0.05,-0.9,-0.4,88.5,88.5,0.03,0.01,0.05,16.2,100,AUTO.LOITER,0,0
2026-08-12T05:27:24,1786487245,13.822494,100.512277,15.9,-0.05,-0.8,-0.4,88.4,88.4,0.01,0.01,0.05,16.2,100,AUTO.LOITER,0,0
2026-08-12T05:27:25,1786487246,13.822494,100.512277,15.9,-0.05,-0.8,-0.4,88.5,88.5,0.0,0.01,0.05,16.2,100,AUTO.LOITER,0,0
2026-08-12T05:27:26,1786487247,13.822494,100.512277,15.9,-0.04,-0.8,-0.4,88.5,88.5,-0.01,0.01,0.04,16.2,100,AUTO.LOITER,0,0
2026-08-12T05:27:27,1786487248,13.822494,100.512277,15.9,-0.04,-0.8,-0.4,88.5,88.5,-0.01,0.0,0.04,16.2,100,AUTO.LOITER,0,0
2026-08-12T05:27:28,1786487249,13.822494,100.512277,15.9,-0.04,-0.8,-0.4,88.5,88.5,0.0,0.0,0.04,16.2,100,AUTO.LOITER,0,0
2026-08-12T05:27:29,1786487250,13.822494,100.512277,15.9,-0.04,-0.8,-0.4,88.5,88.5,-0.01,-0.01,0.04,16.2,100,AUTO.LOITER,0,0
2026-08-12T05:27:30,1786487251,13.822494,100.512277,15.7,-0.04,-0.8,-0.4,88.5,88.5,-0.01,-0.01,0.04,16.2,100,AUTO.LOITER,0,0
2026-08-12T05:27:31,1786487252,13.822494,100.512277,15.9,-0.05,-0.8,-0.4,88.5,88.5,-0.01,-0.01,0.04,16.2,100,AUTO.LOITER,0,0
2026-08-12T05:27:32,1786487253,13.822494,100.512277,15.9,-0.04,-0.8,-0.4,88.5,88.5,0.0,-0.01,0.04,16.2,100,AUTO.LOITER,0,0
2026-08-12T05:27:33,1786487254,13.822494,100.512277,15.9,-0.04,-0.8,-0.5,88.5,88.5,0.0,0.0,0.03,16.2,100,AUTO.LOITER,0,0
2026-08-12T05:27:34,1786487255,13.822494,100.512277,15.9,-0.04,-0.8,-0.5,88.6,88.6,0.0,0.0,0.03,16.2,100,AUTO.LOITER,0,0
2026-08-12T05:27:35,1786487256,13.822494,100.512277,16.0,-0.02,-0.8,-0.5,88.6,88.6,0.0,0.0,0.02,16.2,100,AUTO.LOITER,0,0
2026-08-12T05:27:36,1786487257,13.822494,100.512277,15.9,-0.03,-0.8,-0.5,88.6,88.6,0.0,0.0,0.03,16.2,100,AUTO.LOITER,0,0
2026-08-12T05:27:37,1786487258,13.822494,100.512277,15.9,-0.03,-0.8,-0.6,88.6,88.6,-0.01,0.02,0.03,16.2,100,AUTO.LOITER,0,0
2026-08-12T05:27:38,1786487259,13.822494,100.512277,15.9,-0.03,-0.8,-0.6,88.6,88.6,-0.02,0.03,0.02,16.2,100,AUTO.LOITER,0,0
2026-08-12T05:27:39,1786487260,13.822494,100.512277,16.0,-0.02,-0.8,-0.5,88.6,88.6,0.0,0.02,0.01,16.2,100,AUTO.LOITER,0,0
2026-08-12T05:27:40,1786487261,13.822494,100.512277,15.7,-0.02,-0.8,-0.5,88.6,88.6,0.0,0.02,0.01,16.2,100,AUTO.LOITER,0,0
2026-08-12T05:27:41,1786487262,13.822494,100.512277,15.7,-0.02,-0.8,-0.5,88.6,88.6,0.0,0.02,0.01,16.2,100,AUTO.LOITER,0,0
2026-08-12T05:27:42,1786487263,13.822494,100.512277,15.9,-0.04,-0.8,-0.5,88.6,88.6,0.01,0.01,0.04,16.2,100,AUTO.LOITER,0,0
2026-08-12T05:27:43,1786487264,13.822494,100.512277,15.9,-0.05,-0.8,-0.5,88.6,88.6,0.0,0.0,0.05,16.2,100,AUTO.LOITER,0,0
2026-08-12T05:27:44,1786487265,13.822494,100.512277,15.9,-0.05,-0.8,-0.5,88.6,88.6,-0.01,0.0,0.05,16.2,100,AUTO.LOITER,0,0
2026-08-12T05:27:45,1786487266,13.822494,100.512277,15.9,-0.05,-0.8,-0.5,88.6,88.6,-0.03,0.0,0.04,16.2,100,AUTO.LOITER,0,0
2026-08-12T05:27:46,1786487267,13.822494,100.512277,15.9,-0.04,-0.9,-0.5,88.6,88.6,-0.05,0.0,0.04,16.2,100,AUTO.LOITER,0,0
2026-08-12T05:27:47,1786487268,13.822494,100.512277,15.7,-0.04,-0.9,-0.5,88.7,88.7,-0.05,0.0,0.04,16.2,100,AUTO.LOITER,0,0
2026-08-12T05:27:48,1786487269,13.822494,100.512277,15.9,-0.04,-0.9,-0.5,88.7,88.7,-0.04,0.01,0.03,16.2,100,AUTO.LOITER,0,0
2026-08-12T05:27:49,1786487270,13.822494,100.512277,15.9,-0.04,-0.9,-0.5,88.7,88.7,-0.04,0.01,0.03,16.2,100,AUTO.LOITER,0,0
2026-08-12T05:27:50,1786487271,13.822494,100.512277,15.9,-0.04,-1.0,-0.4,88.7,88.7,-0.04,0.01,0.03,16.2,100,AUTO.LOITER,0,0
2026-08-12T05:27:51,1786487272,13.822494,100.512277,15.9,-0.04,-1.0,-0.4,88.7,88.7,-0.01,0.0,0.04,16.2,100,AUTO.LOITER,0,0
2026-08-12T05:27:52,1786487273,13.822494,100.512277,15.9,-0.04,-1.0,-0.4,88.7,88.7,0.0,0.0,0.04,16.2,100,AUTO.LOITER,0,0
2026-08-12T05:27:53,1786487274,13.822494,100.512277,15.9,-0.04,-1.1,-0.4,88.7,88.7,0.0,0.01,0.04,16.2,100,AUTO.LOITER,0,0
2026-08-12T05:27:54,1786487275,13.822494,100.512277,15.9,-0.04,-1.1,-0.4,88.7,88.7,0.0,0.01,0.04,16.2,100,AUTO.LOITER,0,0
2026-08-12T05:27:55,1786487276,13.822494,100.512277,15.9,-0.04,-1.1,-0.4,88.7,88.7,0.0,0.01,0.03,16.2,100,AUTO.LOITER,0,0
2026-08-12T05:27:56,1786487277,13.822494,100.512277,15.9,-0.03,-1.1,-0.3,88.7,88.7,-0.01,0.0,0.02,16.2,100,AUTO.LOITER,0,0
2026-08-12T05:27:57,1786487278,13.822494,100.512277,15.9,-0.03,-1.1,-0.3,88.7,88.7,-0.01,0.0,0.02,16.2,100,AUTO.LOITER,0,0
2026-08-12T05:27:58,1786487279,13.822494,100.512277,16.0,-0.02,-1.1,-0.3,88.7,88.7,-0.03,0.0,0.01,16.2,100,AUTO.LOITER,0,0
2026-08-12T05:27:59,1786487280,13.822493,100.512277,16.0,-0.02,-1.1,-0.3,88.8,88.8,-0.03,-0.01,0.01,16.2,100,AUTO.LOITER,0,0
2026-08-12T05:28:00,1786487281,13.822494,100.512277,16.0,-0.01,-1.2,-0.3,88.8,88.8,-0.02,-0.01,0.0,16.2,100,AUTO.LOITER,0,0
2026-08-12T05:28:01,1786487282,13.822494,100.512277,16.0,-0.01,-1.2,-0.3,88.8,88.8,-0.01,-0.01,0.0,16.2,100,AUTO.LOITER,0,0
2026-08-12T05:28:02,1786487283,13.822494,100.512277,15.6,-0.01,-1.2,-0.3,88.8,88.8,-0.01,-0.01,0.0,16.2,100,AUTO.LOITER,0,0
2026-08-12T05:28:03,1786487284,13.822494,100.512277,15.7,-0.01,-1.2,-0.3,88.8,88.8,-0.01,-0.01,0.0,16.2,100,AUTO.LOITER,0,0
2026-08-12T05:28:04,1786487285,13.822494,100.512277,16.0,-0.01,-1.2,-0.3,88.8,88.8,0.0,0.0,0.0,16.2,100,AUTO.LOITER,0,0
2026-08-12T05:28:05,1786487286,13.822494,100.512277,16.0,-0.01,-1.2,-0.3,88.9,88.9,0.0,0.0,0.0,16.2,100,AUTO.LOITER,0,0
2026-08-12T05:28:06,1786487287,13.822494,100.512277,16.0,-0.02,-1.2,-0.3,88.9,88.9,0.01,0.01,0.01,16.2,100,AUTO.LOITER,0,0
2026-08-12T05:28:07,1786487288,13.822494,100.512277,15.9,-0.03,-1.2,-0.3,88.9,88.9,0.01,0.01,0.02,16.2,100,AUTO.LOITER,0,0
2026-08-12T05:28:08,1786487289,13.822494,100.512277,15.7,-0.03,-1.2,-0.2,88.9,88.9,0.01,0.01,0.02,16.2,100,AUTO.LOITER,0,0
2026-08-12T05:28:09,1786487290,13.822494,100.512277,15.9,-0.04,-1.2,-0.2,88.9,88.9,0.0,0.01,0.04,16.2,100,AUTO.LOITER,0,0
2026-08-12T05:28:10,1786487291,13.822494,100.512277,15.9,-0.04,-1.2,-0.2,88.9,88.9,0.0,0.01,0.04,16.2,100,AUTO.LOITER,0,0
2026-08-12T05:28:11,1786487292,13.822494,100.512277,15.9,-0.04,-1.2,-0.2,88.9,88.9,0.0,0.01,0.03,16.2,100,AUTO.LOITER,0,0
2026-08-12T05:28:12,1786487293,13.822494,100.512277,15.9,-0.04,-1.2,-0.2,88.9,88.9,0.0,0.01,0.03,16.2,100,AUTO.LOITER,0,0
2026-08-12T05:28:13,1786487294,13.822494,100.512277,15.9,-0.03,-1.1,-0.1,88.9,88.9,0.0,0.0,0.03,16.2,100,AUTO.LOITER,0,0
2026-08-12T05:28:14,1786487295,13.822494,100.512277,15.7,-0.03,-1.2,-0.1,88.9,88.9,0.0,0.0,0.03,16.2,100,AUTO.LOITER,0,0
2026-08-12T05:28:15,1786487296,13.822494,100.512277,15.9,-0.04,-1.1,-0.1,88.8,88.8,0.0,-0.01,0.03,16.2,100,AUTO.LOITER,0,0
2026-08-12T05:28:16,1786487297,13.822494,100.512277,15.9,-0.04,-1.1,-0.0,88.8,88.8,0.0,-0.01,0.04,16.2,100,AUTO.LOITER,0,0
2026-08-12T05:28:17,1786487298,13.822494,100.512277,15.9,-0.05,-1.1,-0.0,88.8,88.8,0.0,0.0,0.04,16.2,100,AUTO.LOITER,0,0
2026-08-12T05:28:18,1786487299,13.822494,100.512277,15.9,-0.05,-1.1,-0.0,88.8,88.8,0.01,0.0,0.04,16.2,100,AUTO.LOITER,0,0
2026-08-12T05:28:19,1786487300,13.822494,100.512277,15.7,-0.05,-1.1,-0.0,88.8,88.8,0.01,0.0,0.04,16.2,100,AUTO.LOITER,0,0
2026-08-12T05:28:20,1786487301,13.822494,100.512277,15.7,-0.05,-1.1,0.0,88.7,88.7,0.02,0.0,0.05,16.2,100,AUTO.LOITER,0,0
2026-08-12T05:28:21,1786487302,13.822494,100.512277,15.7,-0.05,-1.1,0.0,88.7,88.7,0.03,0.0,0.05,16.2,100,AUTO.LOITER,0,0
2026-08-12T05:28:22,1786487303,13.822494,100.512277,15.9,-0.06,-1.1,0.0,88.7,88.7,0.01,0.0,0.06,16.2,100,AUTO.LOITER,0,0
2026-08-12T05:28:23,1786487304,13.822494,100.512277,15.9,-0.06,-1.1,0.0,88.7,88.7,0.0,0.0,0.06,16.2,100,AUTO.LOITER,0,0
2026-08-12T05:28:24,1786487305,13.822494,100.512277,15.9,-0.06,-1.1,0.1,88.7,88.7,-0.02,0.0,0.06,16.2,100,AUTO.LOITER,0,0
2026-08-12T05:28:25,1786487306,13.822494,100.512277,15.9,-0.06,-1.1,0.1,88.7,88.7,-0.02,0.0,0.06,16.2,100,AUTO.LOITER,0,0
2026-08-12T05:28:26,1786487307,13.822494,100.512277,15.9,-0.06,-1.1,0.1,88.6,88.6,-0.02,0.0,0.06,16.2,100,AUTO.LOITER,0,0
2026-08-12T05:28:27,1786487308,13.822494,100.512277,15.7,-0.06,-1.1,0.1,88.6,88.6,-0.02,0.0,0.06,16.2,100,AUTO.LOITER,0,0
2026-08-12T05:28:28,1786487309,13.822494,100.512277,15.7,-0.06,-1.1,0.1,88.6,88.6,-0.02,0.0,0.06,16.2,100,AUTO.LOITER,0,0
2026-08-12T05:28:29,1786487310,13.822494,100.512277,15.9,-0.09,-1.0,0.1,88.6,88.6,0.02,0.0,0.11,16.2,100,AUTO.LOITER,0,0
2026-08-12T05:28:30,1786487311,13.822494,100.512277,15.9,-0.1,-1.0,0.1,88.6,88.6,0.01,0.01,0.11,16.2,100,AUTO.LOITER,0,0
2026-08-12T05:28:31,1786487312,13.822494,100.512277,15.9,-0.11,-1.0,0.1,88.6,88.6,0.0,0.0,0.11,16.2,100,AUTO.LOITER,0,0
2026-08-12T05:28:32,1786487313,13.822494,100.512277,15.9,-0.1,-0.9,0.2,88.6,88.6,0.0,-0.01,0.11,16.2,100,AUTO.LOITER,0,0
2026-08-12T05:28:33,1786487314,13.822494,100.512277,15.9,-0.1,-0.9,0.2,88.6,88.6,0.0,-0.01,0.09,16.2,100,AUTO.LOITER,0,0
2026-08-12T05:28:34,1786487315,13.822494,100.512277,15.9,-0.08,-0.9,0.2,88.6,88.6,0.0,-0.02,0.08,16.2,100,AUTO.LOITER,0,0
2026-08-12T05:28:35,1786487316,13.822494,100.512277,15.9,-0.08,-0.9,0.1,88.6,88.6,0.0,-0.02,0.08,16.2,100,AUTO.LOITER,0,0
2026-08-12T05:28:36,1786487317,13.822494,100.512277,15.9,-0.08,-0.9,0.1,88.6,88.6,0.0,-0.02,0.08,16.2,100,AUTO.LOITER,0,0
2026-08-12T05:28:37,1786487318,13.822494,100.512277,15.7,-0.07,-0.8,0.1,88.6,88.6,0.03,-0.01,0.07,16.2,100,AUTO.LOITER,0,0
2026-08-12T05:28:38,1786487319,13.822494,100.512277,15.7,-0.07,-0.8,0.1,88.6,88.6,0.02,0.0,0.07,16.2,100,AUTO.LOITER,0,0
2026-08-12T05:28:39,1786487320,13.822494,100.512277,15.9,-0.07,-0.7,0.1,88.6,88.6,0.0,0.0,0.06,16.2,100,AUTO.LOITER,0,0
2026-08-12T05:28:40,1786487321,13.822494,100.512277,15.9,-0.06,-0.7,0.1,88.6,88.6,0.0,0.0,0.06,16.2,100,AUTO.LOITER,0,0
2026-08-12T05:28:41,1786487322,13.822494,100.512277,15.9,-0.06,-0.7,0.0,88.6,88.6,0.0,-0.01,0.05,16.2,100,AUTO.LOITER,0,0
2026-08-12T05:28:42,1786487323,13.822494,100.512277,15.9,-0.05,-0.7,-0.0,88.6,88.6,0.01,0.0,0.05,16.2,100,AUTO.LOITER,0,0
2026-08-12T05:28:43,1786487324,13.822494,100.512277,15.9,-0.05,-0.7,-0.0,88.6,88.6,0.01,-0.02,0.05,16.2,100,AUTO.LOITER,0,0
2026-08-12T05:28:44,1786487325,13.822494,100.512277,15.9,-0.06,-0.6,-0.0,88.6,88.6,0.02,-0.02,0.06,16.2,100,AUTO.LOITER,0,0
2026-08-12T05:28:45,1786487326,13.822494,100.512277,15.9,-0.07,-0.6,-0.1,88.6,88.6,0.01,0.0,0.07,16.2,100,AUTO.LOITER,0,0
2026-08-12T05:28:46,1786487327,13.822494,100.512277,15.7,-0.07,-0.5,-0.1,88.6,88.6,0.01,0.0,0.07,16.2,100,AUTO.LOITER,0,0
2026-08-12T05:28:47,1786487328,13.822494,100.512277,15.9,-0.07,-0.5,-0.1,88.6,88.6,0.0,0.01,0.07,16.2,100,AUTO.LOITER,0,0
2026-08-12T05:28:48,1786487329,13.822494,100.512277,15.9,-0.07,-0.4,-0.1,88.6,88.6,-0.01,0.01,0.07,16.2,100,AUTO.LOITER,0,0
2026-08-12T05:28:49,1786487330,13.822494,100.512277,15.9,-0.06,-0.4,-0.1,88.7,88.7,-0.03,0.0,0.05,16.2,100,AUTO.LOITER,0,0
2026-08-12T05:28:50,1786487331,13.822494,100.512277,15.9,-0.05,-0.4,-0.1,88.6,88.6,-0.02,0.0,0.04,16.2,100,AUTO.LOITER,0,0
2026-08-12T05:28:51,1786487332,13.822494,100.512277,15.9,-0.05,-0.4,-0.1,88.6,88.6,-0.02,0.01,0.04,16.2,100,AUTO.LOITER,0,0
2026-08-12T05:28:52,1786487333,13.822494,100.512277,15.9,-0.05,-0.4,-0.1,88.6,88.6,-0.01,0.0,0.04,16.2,100,AUTO.LOITER,0,0
2026-08-12T05:28:53,1786487334,13.822494,100.512277,15.9,-0.05,-0.4,-0.1,88.6,88.6,-0.01,0.0,0.04,16.2,100,AUTO.LOITER,0,0
2026-08-12T05:28:54,1786487335,13.822494,100.512276,15.7,-0.05,-0.4,-0.1,88.6,88.6,-0.02,0.01,0.05,16.2,100,AUTO.LOITER,0,0
2026-08-12T05:28:55,1786487336,13.822494,100.512277,15.9,-0.05,-0.5,-0.1,88.6,88.6,0.0,0.01,0.05,16.2,100,AUTO.LOITER,0,0
2026-08-12T05:28:56,1786487337,13.822494,100.512277,15.9,-0.06,-0.4,-0.0,88.6,88.6,0.01,0.01,0.05,16.2,100,AUTO.LOITER,0,0
2026-08-12T05:28:57,1786487338,13.822494,100.512277,15.9,-0.05,-0.4,-0.0,88.6,88.6,0.01,0.0,0.04,16.2,100,AUTO.LOITER,0,0
2026-08-12T05:28:58,1786487339,13.822494,100.512277,15.9,-0.05,-0.4,-0.0,88.6,88.6,0.02,0.0,0.04,16.2,100,AUTO.LOITER,0,0
2026-08-12T05:28:59,1786487340,13.822494,100.512277,15.9,-0.04,-0.4,-0.0,88.6,88.6,0.01,0.0,0.03,16.2,100,AUTO.LOITER,0,0
2026-08-12T05:29:00,1786487341,13.822494,100.512277,15.9,-0.03,-0.4,-0.0,88.6,88.6,-0.01,-0.02,0.02,16.2,100,AUTO.LOITER,0,0
2026-08-12T05:29:01,1786487342,13.822494,100.512277,15.9,-0.03,-0.4,-0.0,88.6,88.6,-0.01,-0.01,0.02,16.2,100,AUTO.LOITER,0,0
2026-08-12T05:29:02,1786487343,13.822494,100.512277,15.9,-0.03,-0.4,-0.1,88.6,88.6,-0.02,-0.01,0.03,16.2,100,AUTO.LOITER,0,0
2026-08-12T05:29:03,1786487344,13.822494,100.512277,15.9,-0.04,-0.4,-0.1,88.6,88.6,-0.03,-0.02,0.03,16.2,100,AUTO.LOITER,0,0
2026-08-12T05:29:04,1786487345,13.822494,100.512277,15.9,-0.04,-0.4,-0.1,88.6,88.6,-0.02,0.0,0.04,16.2,100,AUTO.LOITER,0,0
2026-08-12T05:29:05,1786487346,13.822494,100.512277,15.9,-0.05,-0.4,-0.1,88.6,88.6,-0.02,0.0,0.05,16.2,100,AUTO.LOITER,0,0
2026-08-12T05:29:06,1786487347,13.822494,100.512277,15.9,-0.06,-0.5,-0.1,88.6,88.6,0.0,0.0,0.06,16.2,100,AUTO.LOITER,0,0
2026-08-12T05:29:07,1786487348,13.822494,100.512277,15.9,-0.07,-0.5,-0.1,88.5,88.5,0.0,0.0,0.07,16.2,100,AUTO.LOITER,0,0
2026-08-12T05:29:08,1786487349,13.822494,100.512277,15.9,-0.07,-0.5,-0.1,88.5,88.5,0.0,0.0,0.07,16.2,100,AUTO.LOITER,0,0
2026-08-12T05:29:09,1786487350,13.822494,100.512277,15.7,-0.07,-0.5,-0.1,88.5,88.5,0.0,0.0,0.07,16.2,100,AUTO.LOITER,0,0
2026-08-12T05:29:10,1786487351,13.822494,100.512277,15.7,-0.07,-0.5,-0.1,88.5,88.5,0.0,0.0,0.07,16.2,100,AUTO.LOITER,0,0
2026-08-12T05:29:11,1786487352,13.822494,100.512277,15.7,-0.07,-0.5,-0.1,88.5,88.5,0.0,0.01,0.07,16.2,100,AUTO.LOITER,0,0
2026-08-12T05:29:12,1786487353,13.822494,100.512277,15.9,-0.07,-0.5,-0.1,88.5,88.5,-0.01,0.0,0.07,16.2,100,AUTO.LOITER,0,0
2026-08-12T05:29:13,1786487354,13.822494,100.512277,15.9,-0.07,-0.5,-0.1,88.5,88.5,-0.02,0.0,0.06,16.2,100,AUTO.LOITER,0,0
2026-08-12T05:29:14,1786487355,13.822494,100.512277,15.9,-0.06,-0.6,-0.1,88.5,88.5,-0.02,-0.01,0.05,16.2,100,AUTO.LOITER,0,0
2026-08-12T05:29:15,1786487356,13.822494,100.512277,15.9,-0.05,-0.6,-0.1,88.5,88.5,0.0,-0.01,0.05,16.2,100,AUTO.LOITER,0,0
2026-08-12T05:29:16,1786487357,13.822494,100.512277,15.9,-0.05,-0.6,-0.1,88.5,88.5,0.02,0.0,0.04,16.2,100,AUTO.LOITER,0,0
2026-08-12T05:29:17,1786487358,13.822494,100.512277,15.9,-0.05,-0.6,-0.1,88.5,88.5,0.02,0.01,0.04,16.2,100,AUTO.LOITER,0,0
2026-08-12T05:29:18,1786487359,13.822494,100.512277,15.9,-0.05,-0.5,-0.1,88.5,88.5,0.0,0.0,0.04,16.2,100,AUTO.LOITER,0,0
2026-08-12T05:29:19,1786487360,13.822494,100.512277,15.9,-0.05,-0.5,-0.1,88.5,88.5,0.0,-0.01,0.04,16.2,100,AUTO.LOITER,0,0
2026-08-12T05:29:20,1786487361,13.822494,100.512277,15.9,-0.05,-0.5,-0.1,88.5,88.5,-0.02,-0.02,0.04,16.2,100,AUTO.LOITER,0,0
2026-08-12T05:29:21,1786487362,13.822494,100.512277,15.9,-0.05,-0.5,-0.2,88.5,88.5,-0.02,-0.01,0.04,16.2,100,AUTO.LOITER,0,0
2026-08-12T05:29:22,1786487363,13.822494,100.512277,15.9,-0.04,-0.6,-0.2,88.5,88.5,0.0,-0.02,0.03,16.2,100,AUTO.LOITER,0,0
2026-08-12T05:29:23,1786487364,13.822494,100.512277,15.9,-0.03,-0.6,-0.2,88.5,88.5,0.01,-0.02,0.02,16.2,100,AUTO.LOITER,0,0
2026-08-12T05:29:24,1786487365,13.822494,100.512277,15.9,-0.03,-0.6,-0.2,88.5,88.5,0.02,-0.01,0.02,16.2,100,AUTO.LOITER,0,0
2026-08-12T05:29:25,1786487366,13.822494,100.512277,15.9,-0.03,-0.6,-0.2,88.5,88.5,0.01,-0.01,0.03,16.2,100,AUTO.LOITER,0,0
2026-08-12T05:29:26,1786487367,13.822494,100.512277,15.9,-0.03,-0.5,-0.2,88.5,88.5,0.01,-0.01,0.03,16.2,100,AUTO.LOITER,0,0
2026-08-12T05:29:27,1786487368,13.822494,100.512277,15.9,-0.04,-0.5,-0.2,88.5,88.5,0.0,0.0,0.03,16.2,100,AUTO.LOITER,0,0
2026-08-12T05:29:28,1786487369,13.822494,100.512277,15.7,-0.04,-0.6,-0.2,88.5,88.5,0.0,0.0,0.03,16.2,100,AUTO.LOITER,0,0
2026-08-12T05:29:29,1786487370,13.822494,100.512277,15.9,-0.04,-0.6,-0.2,88.5,88.5,0.0,0.0,0.03,16.2,100,AUTO.LOITER,0,0
2026-08-12T05:29:30,1786487371,13.822494,100.512277,15.9,-0.04,-0.6,-0.2,88.5,88.5,0.01,0.0,0.04,16.2,100,AUTO.LOITER,0,0
2026-08-12T05:29:31,1786487372,13.822494,100.512277,15.9,-0.05,-0.6,-0.2,88.5,88.5,0.01,0.01,0.05,16.2,100,AUTO.LOITER,0,0
2026-08-12T05:29:32,1786487373,13.822494,100.512277,15.9,-0.06,-0.5,-0.2,88.6,88.6,0.01,0.02,0.05,16.2,100,AUTO.LOITER,0,0
2026-08-12T05:29:33,1786487374,13.822494,100.512277,15.9,-0.06,-0.5,-0.2,88.6,88.6,0.0,0.01,0.06,16.2,100,AUTO.LOITER,0,0
2026-08-12T05:29:34,1786487375,13.822494,100.512277,15.9,-0.07,-0.5,-0.1,88.6,88.6,-0.02,0.0,0.07,16.2,100,AUTO.LOITER,0,0
2026-08-12T05:29:35,1786487376,13.822494,100.512277,15.9,-0.07,-0.5,-0.1,88.6,88.6,-0.02,0.0,0.07,16.2,100,AUTO.LOITER,0,0
2026-08-12T05:29:36,1786487377,13.822494,100.512277,15.9,-0.08,-0.5,-0.1,88.6,88.6,0.0,-0.01,0.07,16.2,100,AUTO.LOITER,0,0
2026-08-12T05:29:37,1786487378,13.822494,100.512277,15.9,-0.08,-0.6,-0.1,88.6,88.6,0.02,0.0,0.08,16.2,100,AUTO.LOITER,0,0
2026-08-12T05:29:38,1786487379,13.822494,100.512277,15.9,-0.08,-0.5,-0.1,88.6,88.6,0.02,0.0,0.08,16.2,100,AUTO.LOITER,0,0
2026-08-12T05:29:39,1786487380,13.822494,100.512277,15.9,-0.08,-0.5,-0.1,88.6,88.6,0.01,0.0,0.08,16.2,100,AUTO.LOITER,0,0
2026-08-12T05:29:40,1786487381,13.822494,100.512277,15.9,-0.08,-0.5,-0.1,88.6,88.6,0.01,0.0,0.07,16.2,100,AUTO.LOITER,0,0
2026-08-12T05:29:41,1786487382,13.822494,100.512277,15.7,-0.08,-0.5,-0.1,88.6,88.6,0.01,0.0,0.07,16.2,100,AUTO.LOITER,0,0
2026-08-12T05:29:42,1786487383,13.822494,100.512277,15.7,-0.08,-0.5,-0.0,88.6,88.6,0.01,0.0,0.07,16.2,100,AUTO.LOITER,0,0
2026-08-12T05:29:43,1786487384,13.822494,100.512277,15.7,-0.08,-0.5,-0.0,88.6,88.6,0.01,0.0,0.07,16.2,100,AUTO.LOITER,0,0
2026-08-12T05:29:44,1786487385,13.822494,100.512277,15.7,-0.08,-0.4,-0.0,88.7,88.7,0.01,0.0,0.07,16.2,100,AUTO.LOITER,0,0
2026-08-12T05:29:45,1786487386,13.822494,100.512277,15.9,-0.07,-0.4,0.0,88.7,88.7,0.0,0.02,0.06,16.2,100,AUTO.LOITER,0,0
2026-08-12T05:29:46,1786487387,13.822494,100.512277,15.9,-0.07,-0.4,0.1,88.7,88.7,0.0,0.01,0.07,16.2,100,AUTO.LOITER,0,0
2026-08-12T05:29:47,1786487388,13.822494,100.512277,15.9,-0.07,-0.4,0.1,88.7,88.7,0.0,0.0,0.07,16.2,100,AUTO.LOITER,0,0
2026-08-12T05:29:48,1786487389,13.822494,100.512277,15.9,-0.07,-0.3,0.1,88.7,88.7,0.0,0.0,0.07,16.2,100,AUTO.LOITER,0,0
2026-08-12T05:29:49,1786487390,13.822494,100.512277,15.9,-0.07,-0.4,0.1,88.7,88.7,0.0,0.01,0.06,16.2,100,AUTO.LOITER,0,0
2026-08-12T05:29:50,1786487391,13.822494,100.512277,15.9,-0.06,-0.3,0.1,88.7,88.7,0.0,0.0,0.05,16.2,100,AUTO.LOITER,0,0
2026-08-12T05:29:51,1786487392,13.822494,100.512277,15.9,-0.05,-0.3,0.1,88.7,88.7,-0.01,0.0,0.04,16.2,100,AUTO.LOITER,0,0
2026-08-12T05:29:52,1786487393,13.822494,100.512277,15.9,-0.05,-0.3,0.1,88.7,88.7,-0.01,0.0,0.04,16.2,100,AUTO.LOITER,0,0
2026-08-12T05:29:53,1786487394,13.822494,100.512277,15.9,-0.04,-0.3,0.1,88.7,88.7,-0.01,0.01,0.04,16.2,100,AUTO.LOITER,0,0
2026-08-12T05:29:54,1786487395,13.822494,100.512277,15.9,-0.04,-0.3,0.1,88.7,88.7,-0.01,0.0,0.04,16.2,100,AUTO.LOITER,0,0
2026-08-12T05:29:55,1786487396,13.822494,100.512277,15.9,-0.05,-0.4,0.1,88.7,88.7,0.0,0.01,0.04,16.2,100,AUTO.LOITER,0,0
2026-08-12T05:29:56,1786487397,13.822494,100.512277,15.9,-0.05,-0.4,0.1,88.7,88.7,0.0,0.0,0.03,16.2,100,AUTO.LOITER,0,0
2026-08-12T05:29:57,1786487398,13.822494,100.512277,15.9,-0.04,-0.4,0.1,88.7,88.7,0.0,0.02,0.03,16.2,100,AUTO.LOITER,0,0
2026-08-12T05:29:58,1786487399,13.822494,100.512277,15.7,-0.04,-0.4,0.1,88.7,88.7,0.0,0.02,0.03,16.2,100,AUTO.LOITER,0,0
2026-08-12T05:29:59,1786487400,13.822494,100.512277,15.7,-0.04,-0.4,0.1,88.7,88.7,0.0,0.01,0.02,16.2,100,AUTO.LOITER,0,0
2026-08-12T05:30:00,1786487401,13.822494,100.512277,15.9,-0.03,-0.4,0.1,88.7,88.7,0.0,0.01,0.01,16.2,100,AUTO.LOITER,0,0
2026-08-12T05:30:01,1786487402,13.822494,100.512277,15.9,-0.03,-0.4,0.1,88.7,88.7,0.0,0.01,0.01,16.2,100,AUTO.LOITER,0,0
2026-08-12T05:30:02,1786487403,13.822494,100.512277,16.0,-0.02,-0.4,0.2,88.7,88.7,-0.01,0.01,0.01,16.2,100,AUTO.LOITER,0,0
2026-08-12T05:30:03,1786487404,13.822494,100.512277,16.0,-0.02,-0.4,0.2,88.7,88.7,0.0,0.01,0.01,16.2,100,AUTO.LOITER,0,0
2026-08-12T05:30:04,1786487405,13.822494,100.512277,15.9,-0.03,-0.4,0.2,88.7,88.7,0.0,0.0,0.02,16.2,100,AUTO.LOITER,0,0
2026-08-12T05:30:05,1786487406,13.822494,100.512277,15.9,-0.03,-0.4,0.2,88.7,88.7,0.01,0.01,0.02,16.2,100,AUTO.LOITER,0,0
2026-08-12T05:30:06,1786487407,13.822494,100.512277,15.9,-0.04,-0.4,0.2,88.7,88.7,0.0,0.0,0.03,16.2,100,AUTO.LOITER,0,0
2026-08-12T05:30:07,1786487408,13.822494,100.512277,15.9,-0.04,-0.4,0.2,88.7,88.7,0.0,-0.01,0.04,16.2,100,AUTO.LOITER,0,0
2026-08-12T05:30:08,1786487409,13.822494,100.512277,15.9,-0.05,-0.4,0.1,88.7,88.7,0.0,0.0,0.04,16.2,100,AUTO.LOITER,0,0
2026-08-12T05:30:09,1786487410,13.822494,100.512277,15.9,-0.05,-0.4,0.1,88.7,88.7,0.0,0.0,0.04,16.2,100,AUTO.LOITER,0,0
2026-08-12T05:30:10,1786487411,13.822494,100.512277,15.9,-0.05,-0.4,0.1,88.7,88.7,0.0,0.0,0.04,16.2,100,AUTO.LOITER,0,0
2026-08-12T05:30:11,1786487412,13.822494,100.512277,15.9,-0.06,-0.4,0.1,88.8,88.8,0.0,-0.01,0.05,16.2,100,AUTO.LOITER,0,0
2026-08-12T05:30:12,1786487413,13.822494,100.512277,15.9,-0.05,-0.4,0.1,88.8,88.8,0.0,-0.01,0.04,16.2,100,AUTO.LOITER,0,0
2026-08-12T05:30:13,1786487414,13.822494,100.512277,15.9,-0.05,-0.5,0.1,88.8,88.8,0.0,0.0,0.04,16.2,100,AUTO.LOITER,0,0
2026-08-12T05:30:14,1786487415,13.822494,100.512277,15.9,-0.05,-0.5,0.1,88.8,88.8,0.0,0.0,0.03,16.2,100,AUTO.LOITER,0,0
2026-08-12T05:30:15,1786487416,13.822494,100.512277,15.7,-0.05,-0.5,0.1,88.8,88.8,0.0,0.0,0.03,16.2,100,AUTO.LOITER,0,0
2026-08-12T05:30:16,1786487417,13.822494,100.512277,15.7,-0.05,-0.5,0.1,88.8,88.8,0.0,0.0,0.04,16.2,100,AUTO.LOITER,0,0
2026-08-12T05:30:17,1786487418,13.822494,100.512277,15.7,-0.05,-0.5,0.0,88.8,88.8,0.0,-0.01,0.04,16.2,100,AUTO.LOITER,0,0
2026-08-12T05:30:18,1786487419,13.822494,100.512277,15.9,-0.05,-0.5,0.0,88.8,88.8,0.0,0.0,0.04,16.2,100,AUTO.LOITER,0,0
2026-08-12T05:30:19,1786487420,13.822494,100.512277,15.9,-0.05,-0.5,0.0,88.8,88.8,0.0,0.0,0.04,16.2,100,AUTO.LOITER,0,0
2026-08-12T05:30:20,1786487421,13.822494,100.512277,15.9,-0.08,-0.5,0.0,88.8,88.8,0.01,0.01,0.08,16.2,100,AUTO.LOITER,0,0
2026-08-12T05:30:21,1786487422,13.822494,100.512277,15.9,-0.08,-0.5,0.0,88.8,88.8,0.01,0.01,0.08,16.2,100,AUTO.LOITER,0,0
2026-08-12T05:30:22,1786487423,13.822494,100.512277,15.7,-0.08,-0.4,0.0,88.9,88.9,0.01,0.01,0.08,16.2,100,AUTO.LOITER,0,0
2026-08-12T05:30:23,1786487424,13.822494,100.512277,15.9,-0.08,-0.4,0.0,88.9,88.9,0.01,0.0,0.07,16.2,100,AUTO.LOITER,0,0
2026-08-12T05:30:24,1786487425,13.822494,100.512277,15.9,-0.08,-0.4,0.0,88.9,88.9,0.01,0.0,0.07,16.2,100,AUTO.LOITER,0,0
2026-08-12T05:30:25,1786487426,13.822494,100.512277,15.9,-0.07,-0.4,0.0,88.9,88.9,0.02,0.0,0.07,16.2,100,AUTO.LOITER,0,0
2026-08-12T05:30:26,1786487427,13.822494,100.512277,15.9,-0.07,-0.3,0.0,88.9,88.9,0.0,0.01,0.07,16.2,100,AUTO.LOITER,0,0
2026-08-12T05:30:27,1786487428,13.822494,100.512277,15.9,-0.07,-0.3,0.0,88.9,88.9,0.0,0.0,0.06,16.2,100,AUTO.LOITER,0,0
2026-08-12T05:30:28,1786487429,13.822494,100.512277,15.9,-0.07,-0.3,0.0,88.9,88.9,0.0,0.0,0.06,16.2,100,AUTO.LOITER,0,0
2026-08-12T05:30:29,1786487430,13.822494,100.512277,15.9,-0.07,-0.2,0.0,88.9,88.9,0.0,0.0,0.06,16.2,100,AUTO.LOITER,0,0
2026-08-12T05:30:30,1786487431,13.822494,100.512277,15.9,-0.07,-0.2,0.0,88.9,88.9,-0.02,-0.02,0.07,16.2,100,AUTO.LOITER,0,0
2026-08-12T05:30:31,1786487432,13.822494,100.512277,15.9,-0.08,-0.2,-0.0,88.9,88.9,-0.02,-0.01,0.08,16.2,100,AUTO.LOITER,0,0
2026-08-12T05:30:32,1786487433,13.822494,100.512277,15.7,-0.08,-0.2,-0.0,88.9,88.9,-0.02,-0.01,0.08,16.2,100,AUTO.LOITER,0,0
2026-08-12T05:30:33,1786487434,13.822494,100.512277,15.7,-0.09,-0.2,-0.1,88.9,88.9,-0.03,-0.01,0.09,16.2,100,AUTO.LOITER,0,0
2026-08-12T05:30:34,1786487435,13.822494,100.512277,15.9,-0.1,-0.3,-0.1,88.9,88.9,-0.03,-0.02,0.1,16.2,100,AUTO.LOITER,0,0
2026-08-12T05:30:35,1786487436,13.822494,100.512277,15.9,-0.1,-0.3,-0.1,88.9,88.9,-0.02,-0.04,0.1,16.2,100,AUTO.LOITER,0,0
2026-08-12T05:30:36,1786487437,13.822494,100.512277,15.9,-0.1,-0.3,-0.2,88.9,88.9,-0.01,-0.02,0.1,16.2,100,AUTO.LOITER,0,0
2026-08-12T05:30:37,1786487438,13.822494,100.512277,15.9,-0.1,-0.3,-0.2,88.9,88.9,0.0,-0.01,0.1,16.2,100,AUTO.LOITER,0,0
2026-08-12T05:30:38,1786487439,13.822494,100.512277,15.9,-0.1,-0.3,-0.2,88.9,88.9,0.0,0.0,0.1,16.2,100,AUTO.LOITER,0,0
2026-08-12T05:30:39,1786487440,13.822494,100.512277,15.9,-0.09,-0.2,-0.3,88.9,88.9,0.0,0.0,0.08,16.2,100,AUTO.LOITER,0,0
2026-08-12T05:30:40,1786487441,13.822494,100.512277,15.9,-0.08,-0.2,-0.3,88.9,88.9,0.0,-0.01,0.07,16.2,100,AUTO.LOITER,0,0
2026-08-12T05:30:41,1786487442,13.822494,100.512277,15.9,-0.07,-0.2,-0.3,89.0,89.0,0.01,-0.01,0.07,16.2,100,AUTO.LOITER,0,0
2026-08-12T05:30:42,1786487443,13.822494,100.512277,15.9,-0.07,-0.2,-0.3,89.0,89.0,0.0,0.0,0.07,16.2,100,AUTO.LOITER,0,0
2026-08-12T05:30:43,1786487444,13.822494,100.512277,15.9,-0.07,-0.2,-0.4,89.0,89.0,0.0,0.0,0.07,16.2,100,AUTO.LOITER,0,0
2026-08-12T05:30:44,1786487445,13.822494,100.512277,15.9,-0.07,-0.3,-0.4,89.0,89.0,0.0,0.0,0.06,16.2,100,AUTO.LOITER,0,0
2026-08-12T05:30:45,1786487446,13.822494,100.512277,15.9,-0.06,-0.3,-0.4,89.0,89.0,-0.02,0.0,0.05,16.2,100,AUTO.LOITER,0,0
2026-08-12T05:30:46,1786487447,13.822494,100.512277,15.9,-0.06,-0.3,-0.4,89.0,89.0,-0.03,0.02,0.04,16.2,100,AUTO.LOITER,0,0
2026-08-12T05:30:47,1786487448,13.822494,100.512277,15.9,-0.05,-0.3,-0.4,89.0,89.0,-0.02,0.02,0.04,16.2,100,AUTO.LOITER,0,0
2026-08-12T05:30:48,1786487449,13.822493,100.512277,15.7,-0.05,-0.3,-0.4,89.0,89.0,-0.02,0.02,0.04,16.2,100,AUTO.LOITER,0,0
2026-08-12T05:30:49,1786487450,13.822494,100.512277,15.7,-0.05,-0.4,-0.3,89.0,89.0,-0.02,0.02,0.04,16.2,100,AUTO.LOITER,0,0
2026-08-12T05:30:50,1786487451,13.822494,100.512277,15.9,-0.05,-0.5,-0.3,88.9,88.9,0.0,0.01,0.04,16.2,100,AUTO.LOITER,0,0
2026-08-12T05:30:51,1786487452,13.822494,100.512277,15.9,-0.05,-0.5,-0.3,88.9,88.9,0.01,0.01,0.04,16.2,100,AUTO.LOITER,0,0
2026-08-12T05:30:52,1786487453,13.822494,100.512277,15.9,-0.05,-0.5,-0.3,88.9,88.9,0.02,0.0,0.04,16.2,100,AUTO.LOITER,0,0
2026-08-12T05:30:53,1786487454,13.822494,100.512277,15.9,-0.06,-0.5,-0.3,88.9,88.9,0.03,0.0,0.05,16.2,100,AUTO.LOITER,0,0
2026-08-12T05:30:54,1786487455,13.822494,100.512277,15.9,-0.05,-0.5,-0.3,88.8,88.8,0.03,0.0,0.04,16.2,100,AUTO.LOITER,0,0
2026-08-12T05:30:55,1786487456,13.822494,100.512277,15.9,-0.05,-0.5,-0.3,88.8,88.8,0.03,0.01,0.03,16.2,100,AUTO.LOITER,0,0
2026-08-12T05:30:56,1786487457,13.822494,100.512277,15.9,-0.05,-0.4,-0.2,88.8,88.8,0.03,0.01,0.03,16.2,100,AUTO.LOITER,0,0
2026-08-12T05:30:57,1786487458,13.822494,100.512277,15.9,-0.03,-0.4,-0.2,88.8,88.8,0.02,0.0,0.02,16.2,100,AUTO.LOITER,0,0
2026-08-12T05:30:58,1786487459,13.822494,100.512277,15.9,-0.03,-0.4,-0.2,88.8,88.8,0.0,0.01,0.01,16.2,100,AUTO.LOITER,0,0
2026-08-12T05:30:59,1786487460,13.822494,100.512277,15.9,-0.03,-0.4,-0.2,88.8,88.8,0.0,0.0,0.01,16.2,100,AUTO.LOITER,0,0
2026-08-12T05:31:00,1786487461,13.822494,100.512277,16.0,-0.02,-0.4,-0.1,88.8,88.8,0.0,0.0,0.0,16.2,100,AUTO.LOITER,0,0
2026-08-12T05:31:01,1786487462,13.822494,100.512277,16.0,-0.02,-0.4,-0.1,88.8,88.8,0.0,0.0,0.0,16.2,100,AUTO.LOITER,0,0
2026-08-12T05:31:02,1786487463,13.822494,100.512277,16.0,-0.02,-0.4,-0.1,88.8,88.8,0.0,0.0,0.0,16.2,100,AUTO.LOITER,0,0
2026-08-12T05:31:03,1786487464,13.822494,100.512277,16.0,-0.02,-0.4,-0.1,88.8,88.8,0.0,0.0,0.0,16.2,100,AUTO.LOITER,0,0
2026-08-12T05:31:04,1786487465,13.822494,100.512277,16.0,-0.02,-0.4,-0.1,88.7,88.7,0.0,-0.01,0.0,16.2,100,AUTO.LOITER,0,0
2026-08-12T05:31:05,1786487466,13.822494,100.512277,15.7,-0.02,-0.4,-0.1,88.7,88.7,0.0,-0.01,0.0,16.2,100,AUTO.LOITER,0,0
2026-08-12T05:31:06,1786487467,13.822494,100.512277,15.7,-0.02,-0.5,-0.1,88.7,88.7,0.0,-0.02,0.0,16.2,100,AUTO.LOITER,0,0
2026-08-12T05:31:07,1786487468,13.822494,100.512277,16.0,-0.01,-0.5,-0.1,88.7,88.7,0.0,-0.03,-0.01,16.2,100,AUTO.LOITER,0,0
2026-08-12T05:31:08,1786487469,13.822494,100.512277,16.0,-0.01,-0.5,-0.2,88.7,88.7,0.01,-0.03,-0.01,16.2,100,AUTO.LOITER,0,0
2026-08-12T05:31:09,1786487470,13.822494,100.512277,16.0,-0.01,-0.4,-0.2,88.7,88.7,0.02,-0.03,0.0,16.2,100,AUTO.LOITER,0,0
2026-08-12T05:31:10,1786487471,13.822494,100.512277,16.0,-0.01,-0.4,-0.2,88.7,88.7,0.01,-0.03,0.0,16.2,100,AUTO.LOITER,0,0
2026-08-12T05:31:11,1786487472,13.822494,100.512277,16.0,-0.02,-0.4,-0.2,88.7,88.7,0.01,-0.03,0.0,16.2,100,AUTO.LOITER,0,0
2026-08-12T05:31:12,1786487473,13.822494,100.512277,16.0,-0.02,-0.4,-0.2,88.7,88.7,0.0,-0.02,0.01,16.2,100,AUTO.LOITER,0,0
2026-08-12T05:31:13,1786487474,13.822494,100.512277,15.9,-0.03,-0.4,-0.3,88.7,88.7,0.0,0.0,0.01,16.2,100,AUTO.LOITER,0,0
2026-08-12T05:31:14,1786487475,13.822494,100.512277,15.9,-0.03,-0.4,-0.3,88.6,88.6,0.0,0.01,0.01,16.2,100,AUTO.LOITER,0,0
2026-08-12T05:31:15,1786487476,13.822494,100.512277,15.9,-0.03,-0.4,-0.3,88.6,88.6,0.0,0.03,0.02,16.2,100,AUTO.LOITER,0,0
2026-08-12T05:31:16,1786487477,13.822494,100.512277,15.9,-0.04,-0.5,-0.2,88.6,88.6,0.01,0.03,0.02,16.2,100,AUTO.LOITER,0,0
2026-08-12T05:31:17,1786487478,13.822494,100.512277,15.9,-0.03,-0.5,-0.2,88.6,88.6,0.01,0.01,0.01,16.2,100,AUTO.LOITER,0,0
2026-08-12T05:31:18,1786487479,13.822494,100.512277,15.9,-0.03,-0.5,-0.2,88.6,88.6,0.0,0.0,0.01,16.2,100,AUTO.LOITER,0,0
2026-08-12T05:31:19,1786487480,13.822494,100.512277,16.0,-0.02,-0.5,-0.2,88.6,88.6,0.0,0.0,0.0,16.2,100,AUTO.LOITER,0,0
2026-08-12T05:31:20,1786487481,13.822494,100.512277,16.0,-0.02,-0.5,-0.2,88.6,88.6,0.0,0.0,0.0,16.2,100,AUTO.LOITER,0,0
2026-08-12T05:31:21,1786487482,13.822494,100.512277,16.0,-0.02,-0.5,-0.2,88.6,88.6,0.0,0.0,0.01,16.2,100,AUTO.LOITER,0,0
2026-08-12T05:31:22,1786487483,13.822494,100.512277,15.7,-0.02,-0.5,-0.1,88.6,88.6,0.0,0.0,0.01,16.2,100,AUTO.LOITER,0,0
2026-08-12T05:31:23,1786487484,13.822494,100.512277,15.7,-0.03,-0.5,-0.1,88.6,88.6,0.0,0.01,0.02,16.2,100,AUTO.LOITER,0,0
2026-08-12T05:31:24,1786487485,13.822494,100.512277,15.9,-0.04,-0.5,-0.1,88.6,88.6,0.0,0.02,0.02,16.2,100,AUTO.LOITER,0,0
2026-08-12T05:31:25,1786487486,13.822494,100.512277,15.9,-0.04,-0.5,-0.1,88.6,88.6,0.0,0.0,0.02,16.2,100,AUTO.LOITER,0,0
2026-08-12T05:31:26,1786487487,13.822494,100.512277,15.7,-0.04,-0.5,-0.1,88.6,88.6,0.0,0.0,0.02,16.2,100,AUTO.LOITER,0,0
2026-08-12T05:31:27,1786487488,13.822494,100.512277,15.9,-0.04,-0.5,-0.1,88.6,88.6,0.0,-0.01,0.02,16.2,100,AUTO.LOITER,0,0
2026-08-12T05:31:28,1786487489,13.822494,100.512277,15.9,-0.03,-0.5,-0.1,88.6,88.6,0.0,-0.01,0.01,16.2,100,AUTO.LOITER,0,0
2026-08-12T05:31:29,1786487490,13.822494,100.512277,15.9,-0.03,-0.5,-0.1,88.6,88.6,0.0,-0.01,0.01,16.2,100,AUTO.LOITER,0,0
2026-08-12T05:31:30,1786487491,13.822494,100.512277,15.9,-0.03,-0.5,-0.1,88.6,88.6,0.0,-0.01,0.01,16.2,100,AUTO.LOITER,0,0
2026-08-12T05:31:31,1786487492,13.822494,100.512277,15.9,-0.03,-0.6,-0.2,88.6,88.6,0.02,0.0,0.02,16.2,100,AUTO.LOITER,0,0
2026-08-12T05:31:32,1786487493,13.822494,100.512277,15.9,-0.04,-0.5,-0.2,88.6,88.6,0.01,-0.01,0.02,16.2,100,AUTO.LOITER,0,0
2026-08-12T05:31:33,1786487494,13.822494,100.512277,15.9,-0.03,-0.5,-0.2,88.6,88.6,0.0,0.0,0.01,16.2,100,AUTO.LOITER,0,0
2026-08-12T05:31:34,1786487495,13.822494,100.512277,15.9,-0.03,-0.5,-0.2,88.6,88.6,0.0,0.0,0.01,16.2,100,AUTO.LOITER,0,0
2026-08-12T05:31:35,1786487496,13.822494,100.512277,16.0,-0.02,-0.5,-0.2,88.6,88.6,0.0,0.0,0.0,16.2,100,AUTO.LOITER,0,0
2026-08-12T05:31:36,1786487497,13.822494,100.512277,16.0,-0.02,-0.5,-0.2,88.6,88.6,0.0,0.0,0.0,16.2,100,AUTO.LOITER,0,0
2026-08-12T05:31:37,1786487498,13.822494,100.512277,16.0,-0.01,-0.5,-0.2,88.6,88.6,0.0,0.02,0.0,16.2,100,AUTO.LOITER,0,0
2026-08-12T05:31:38,1786487499,13.822494,100.512277,16.0,-0.01,-0.5,-0.2,88.6,88.6,0.0,0.02,0.0,16.2,100,AUTO.LOITER,0,0
2026-08-12T05:31:39,1786487500,13.822494,100.512277,15.7,-0.01,-0.5,-0.2,88.7,88.7,0.0,0.02,0.0,16.2,100,AUTO.LOITER,0,0
2026-08-12T05:31:40,1786487501,13.822494,100.512277,15.7,-0.02,-0.5,-0.2,88.6,88.6,0.0,0.01,0.0,16.2,100,AUTO.LOITER,0,0
2026-08-12T05:31:41,1786487502,13.822494,100.512277,16.0,-0.02,-0.5,-0.2,88.6,88.6,0.01,0.01,0.01,16.2,100,AUTO.LOITER,0,0
2026-08-12T05:31:42,1786487503,13.822494,100.512277,15.9,-0.03,-0.5,-0.1,88.6,88.6,0.01,0.0,0.01,16.2,100,AUTO.LOITER,0,0
2026-08-12T05:31:43,1786487504,13.822494,100.512277,15.9,-0.03,-0.4,-0.1,88.6,88.6,0.01,0.0,0.02,16.2,100,AUTO.LOITER,0,0
2026-08-12T05:31:44,1786487505,13.822494,100.512277,15.9,-0.04,-0.4,-0.1,88.6,88.6,0.0,-0.02,0.02,16.2,100,AUTO.LOITER,0,0
2026-08-12T05:31:45,1786487506,13.822494,100.512277,15.9,-0.04,-0.4,-0.1,88.6,88.6,0.0,-0.03,0.02,16.2,100,AUTO.LOITER,0,0
2026-08-12T05:31:46,1786487507,13.822494,100.512277,15.9,-0.03,-0.4,-0.2,88.6,88.6,0.01,-0.01,0.01,16.2,100,AUTO.LOITER,0,0
2026-08-12T05:31:47,1786487508,13.822494,100.512277,15.9,-0.03,-0.4,-0.2,88.6,88.6,0.01,0.0,0.0,16.2,100,AUTO.LOITER,0,0
2026-08-12T05:31:48,1786487509,13.822494,100.512277,16.0,-0.02,-0.4,-0.2,88.6,88.6,0.01,-0.01,0.0,16.2,100,AUTO.LOITER,0,0
2026-08-12T05:31:49,1786487510,13.822494,100.512277,16.0,-0.02,-0.4,-0.2,88.6,88.6,0.0,0.0,0.0,16.2,100,AUTO.LOITER,0,0
2026-08-12T05:31:50,1786487511,13.822494,100.512277,16.0,-0.01,-0.4,-0.2,88.6,88.6,0.0,0.0,0.0,16.2,100,AUTO.LOITER,0,0
2026-08-12T05:31:51,1786487512,13.822494,100.512277,16.0,-0.01,-0.4,-0.2,88.6,88.6,0.0,-0.01,0.0,16.2,100,AUTO.LOITER,0,0
2026-08-12T05:31:52,1786487513,13.822494,100.512277,16.0,-0.01,-0.4,-0.3,88.6,88.6,0.01,-0.01,0.0,16.2,100,AUTO.LOITER,0,0
2026-08-12T05:31:53,1786487514,13.822494,100.512277,16.0,-0.01,-0.4,-0.3,88.6,88.6,0.01,-0.01,0.0,16.2,100,AUTO.LOITER,0,0
2026-08-12T05:31:54,1786487515,13.822494,100.512277,16.0,-0.02,-0.4,-0.3,88.6,88.6,0.0,0.0,0.0,16.2,100,AUTO.LOITER,0,0
2026-08-12T05:31:55,1786487516,13.822494,100.512277,16.0,-0.02,-0.4,-0.3,88.6,88.6,0.0,0.0,0.0,16.2,100,AUTO.LOITER,0,0
2026-08-12T05:31:56,1786487517,13.822494,100.512277,15.7,-0.02,-0.4,-0.3,88.6,88.6,0.0,0.0,0.0,16.2,100,AUTO.LOITER,0,0
2026-08-12T05:31:57,1786487518,13.822494,100.512277,15.7,-0.02,-0.4,-0.3,88.6,88.6,0.0,0.0,0.0,16.2,100,AUTO.LOITER,0,0
2026-08-12T05:31:58,1786487519,13.822494,100.512277,16.0,-0.02,-0.4,-0.3,88.6,88.6,0.0,0.0,0.0,16.2,100,AUTO.LOITER,0,0
2026-08-12T05:31:59,1786487520,13.822494,100.512277,16.0,-0.02,-0.4,-0.3,88.6,88.6,0.01,0.0,0.0,16.2,100,AUTO.LOITER,0,0
2026-08-12T05:32:00,1786487521,13.822494,100.512277,16.0,-0.01,-0.4,-0.3,88.6,88.6,0.01,0.0,-0.01,16.2,100,AUTO.LOITER,0,0
2026-08-12T05:32:01,1786487522,13.822494,100.512277,15.7,-0.01,-0.4,-0.3,88.6,88.6,0.01,0.0,-0.01,16.2,100,AUTO.LOITER,0,0
2026-08-12T05:32:02,1786487523,13.822494,100.512277,16.0,0.0,-0.4,-0.3,88.6,88.6,0.0,-0.02,-0.02,16.2,100,AUTO.LOITER,0,0
2026-08-12T05:32:03,1786487524,13.822494,100.512277,16.0,0.01,-0.4,-0.4,88.6,88.6,0.01,0.0,-0.03,16.2,100,AUTO.LOITER,0,0
2026-08-12T05:32:04,1786487525,13.822494,100.512277,16.0,0.01,-0.4,-0.4,88.6,88.6,0.01,0.0,-0.03,16.2,100,AUTO.LOITER,0,0
2026-08-12T05:32:05,1786487526,13.822494,100.512277,16.0,0.01,-0.4,-0.4,88.6,88.6,0.01,0.01,-0.03,16.2,100,AUTO.LOITER,0,0
2026-08-12T05:32:06,1786487527,13.822494,100.512277,16.0,0.02,-0.4,-0.3,88.6,88.6,0.01,0.03,-0.03,16.2,100,AUTO.LOITER,0,0
2026-08-12T05:32:07,1786487528,13.822494,100.512277,16.0,0.02,-0.4,-0.3,88.6,88.6,0.0,0.01,-0.03,16.2,100,AUTO.LOITER,0,0
2026-08-12T05:32:08,1786487529,13.822494,100.512277,16.0,0.02,-0.4,-0.3,88.6,88.6,0.0,0.02,-0.04,16.2,100,AUTO.LOITER,0,0
2026-08-12T05:32:09,1786487530,13.822494,100.512277,16.0,0.02,-0.4,-0.3,88.6,88.6,0.0,0.02,-0.04,16.2,100,AUTO.LOITER,0,0
2026-08-12T05:32:10,1786487531,13.822494,100.512277,16.0,0.02,-0.4,-0.3,88.7,88.7,0.0,0.02,-0.04,16.2,100,AUTO.LOITER,0,0
2026-08-12T05:32:11,1786487532,13.822494,100.512277,16.0,0.02,-0.4,-0.3,88.7,88.7,0.0,0.02,-0.04,16.2,100,AUTO.LOITER,0,0
2026-08-12T05:32:12,1786487533,13.822494,100.512277,15.7,0.02,-0.4,-0.2,88.7,88.7,0.0,0.02,-0.04,16.2,100,AUTO.LOITER,0,0
2026-08-12T05:32:13,1786487534,13.822494,100.512277,15.7,0.03,-0.4,-0.2,88.6,88.6,0.02,0.0,-0.05,16.2,100,AUTO.LOITER,0,0
2026-08-12T05:32:14,1786487535,13.822494,100.512277,16.0,0.03,-0.4,-0.2,88.6,88.6,0.01,0.0,-0.06,16.2,100,AUTO.LOITER,0,0
2026-08-12T05:32:15,1786487536,13.822494,100.512277,16.0,0.04,-0.4,-0.2,88.6,88.6,0.02,0.0,-0.06,16.2,100,AUTO.LOITER,0,0
2026-08-12T05:32:16,1786487537,13.822494,100.512277,16.0,0.04,-0.3,-0.2,88.6,88.6,0.0,0.0,-0.06,16.2,100,AUTO.LOITER,0,0
2026-08-12T05:32:17,1786487538,13.822494,100.512277,16.0,0.04,-0.3,-0.2,88.6,88.6,0.0,0.0,-0.06,16.2,100,AUTO.LOITER,0,0
2026-08-12T05:32:18,1786487539,13.822494,100.512277,16.0,0.04,-0.3,-0.2,88.6,88.6,0.0,0.0,-0.06,16.2,100,AUTO.LOITER,0,0
2026-08-12T05:32:19,1786487540,13.822494,100.512277,16.0,0.04,-0.3,-0.2,88.6,88.6,0.0,-0.01,-0.06,16.2,100,AUTO.LOITER,0,0
2026-08-12T05:32:20,1786487541,13.822494,100.512277,16.0,0.04,-0.3,-0.2,88.6,88.6,0.0,-0.02,-0.06,16.2,100,AUTO.LOITER,0,0
2026-08-12T05:32:21,1786487542,13.822494,100.512277,16.0,0.03,-0.3,-0.2,88.6,88.6,0.01,-0.02,-0.05,16.2,100,AUTO.LOITER,0,0
2026-08-12T05:32:22,1786487543,13.822494,100.512277,16.0,0.03,-0.3,-0.2,88.6,88.6,0.03,-0.02,-0.06,16.2,100,AUTO.LOITER,0,0
2026-08-12T05:32:23,1786487544,13.822494,100.512277,16.0,0.03,-0.3,-0.2,88.6,88.6,0.02,-0.01,-0.06,16.2,100,AUTO.LOITER,0,0
2026-08-12T05:32:24,1786487545,13.822494,100.512277,16.0,0.04,-0.2,-0.3,88.7,88.7,0.02,-0.01,-0.06,16.2,100,AUTO.LOITER,0,0
2026-08-12T05:32:25,1786487546,13.822494,100.512277,16.0,0.04,-0.2,-0.3,88.7,88.7,0.01,0.0,-0.06,16.2,100,AUTO.LOITER,0,0
2026-08-12T05:32:26,1786487547,13.822494,100.512277,16.0,0.03,-0.2,-0.3,88.7,88.7,0.0,0.0,-0.05,16.2,100,AUTO.LOITER,0,0
2026-08-12T05:32:27,1786487548,13.822494,100.512277,16.0,0.03,-0.2,-0.3,88.7,88.7,-0.01,0.0,-0.05,16.2,100,AUTO.LOITER,0,0
2026-08-12T05:32:28,1786487549,13.822494,100.512277,15.7,0.03,-0.2,-0.3,88.7,88.7,-0.01,0.0,-0.05,16.2,100,AUTO.LOITER,0,0
2026-08-12T05:32:29,1786487550,13.822494,100.512277,15.7,0.03,-0.2,-0.3,88.7,88.7,0.0,0.02,-0.05,16.2,100,AUTO.LOITER,0,0
2026-08-12T05:32:30,1786487551,13.822494,100.512277,16.0,0.03,-0.2,-0.3,88.7,88.7,0.0,0.02,-0.06,16.2,100,AUTO.LOITER,0,0
2026-08-12T05:32:31,1786487552,13.822494,100.512277,16.0,0.03,-0.2,-0.3,88.7,88.7,0.0,0.02,-0.06,16.2,100,AUTO.LOITER,0,0
2026-08-12T05:32:32,1786487553,13.822494,100.512277,15.7,0.03,-0.2,-0.3,88.7,88.7,0.0,0.02,-0.06,16.2,100,AUTO.LOITER,0,0
2026-08-12T05:32:33,1786487554,13.822494,100.512277,15.7,0.03,-0.2,-0.2,88.6,88.6,0.0,0.02,-0.06,16.2,100,AUTO.LOITER,0,0
2026-08-12T05:32:34,1786487555,13.822494,100.512277,15.7,0.03,-0.2,-0.2,88.6,88.6,0.0,0.02,-0.06,16.2,100,AUTO.LOITER,0,0
2026-08-12T05:32:35,1786487556,13.822494,100.512277,16.0,0.05,-0.2,-0.2,88.6,88.6,-0.01,0.01,-0.08,16.2,100,AUTO.LOITER,0,0
2026-08-12T05:32:36,1786487557,13.822494,100.512277,16.0,0.05,-0.2,-0.2,88.6,88.6,-0.01,0.01,-0.08,16.2,100,AUTO.LOITER,0,0
2026-08-12T05:32:37,1786487558,13.822494,100.512277,16.0,0.05,-0.2,-0.2,88.6,88.6,-0.02,0.02,-0.08,16.2,100,AUTO.LOITER,0,0
2026-08-12T05:32:38,1786487559,13.822494,100.512277,16.0,0.05,-0.2,-0.1,88.6,88.6,-0.02,0.0,-0.07,16.2,100,AUTO.LOITER,0,0
2026-08-12T05:32:39,1786487560,13.822494,100.512277,16.0,0.05,-0.2,-0.1,88.6,88.6,-0.02,0.0,-0.07,16.2,100,AUTO.LOITER,0,0
2026-08-12T05:32:40,1786487561,13.822494,100.512277,16.0,0.05,-0.2,-0.1,88.6,88.6,0.0,0.0,-0.08,16.2,100,AUTO.LOITER,0,0
2026-08-12T05:32:41,1786487562,13.822494,100.512277,16.0,0.06,-0.2,-0.1,88.6,88.6,0.0,-0.01,-0.09,16.2,100,AUTO.LOITER,0,0
2026-08-12T05:32:42,1786487563,13.822494,100.512277,16.0,0.06,-0.2,-0.1,88.6,88.6,0.0,-0.01,-0.09,16.2,100,AUTO.LOITER,0,0
2026-08-12T05:32:43,1786487564,13.822494,100.512277,15.7,0.06,-0.2,-0.1,88.6,88.6,0.0,-0.01,-0.09,16.2,100,AUTO.LOITER,0,0
2026-08-12T05:32:44,1786487565,13.822494,100.512277,16.0,0.06,-0.2,-0.1,88.6,88.6,0.0,0.02,-0.09,16.2,100,AUTO.LOITER,0,0
2026-08-12T05:32:45,1786487566,13.822494,100.512277,15.7,0.06,-0.2,-0.1,88.6,88.6,0.0,0.02,-0.09,16.2,100,AUTO.LOITER,0,0
2026-08-12T05:32:46,1786487567,13.822494,100.512277,15.7,0.07,-0.3,-0.0,88.6,88.6,0.0,0.03,-0.1,16.2,100,AUTO.LOITER,0,0
2026-08-12T05:32:47,1786487568,13.822494,100.512277,16.0,0.06,-0.3,-0.0,88.6,88.6,0.0,0.02,-0.09,16.2,100,AUTO.LOITER,0,0
2026-08-12T05:32:48,1786487569,13.822494,100.512277,16.0,0.06,-0.3,0.0,88.6,88.6,0.0,0.01,-0.08,16.2,100,AUTO.LOITER,0,0
2026-08-12T05:32:49,1786487570,13.822494,100.512277,16.0,0.05,-0.3,0.1,88.6,88.6,0.01,0.0,-0.08,16.2,100,AUTO.LOITER,0,0
2026-08-12T05:32:50,1786487571,13.822494,100.512277,16.0,0.05,-0.3,0.1,88.6,88.6,0.01,0.0,-0.08,16.2,100,AUTO.LOITER,0,0
2026-08-12T05:32:51,1786487572,13.822494,100.512277,16.0,0.05,-0.3,0.1,88.6,88.6,0.0,0.0,-0.08,16.2,100,AUTO.LOITER,0,0
2026-08-12T05:32:52,1786487573,13.822494,100.512277,16.0,0.05,-0.3,0.1,88.6,88.6,0.0,0.0,-0.08,16.2,100,AUTO.LOITER,0,0
2026-08-12T05:32:53,1786487574,13.822494,100.512277,15.6,0.05,-0.3,0.1,88.6,88.6,0.0,0.0,-0.08,16.2,100,AUTO.LOITER,0,0
2026-08-12T05:32:54,1786487575,13.822494,100.512277,16.0,0.05,-0.3,0.1,88.6,88.6,0.0,-0.03,-0.07,16.2,100,AUTO.LOITER,0,0
2026-08-12T05:32:55,1786487576,13.822494,100.512277,16.0,0.05,-0.3,0.1,88.6,88.6,0.0,-0.03,-0.07,16.2,100,AUTO.LOITER,0,0
2026-08-12T05:32:56,1786487577,13.822494,100.512277,16.0,0.05,-0.3,0.0,88.5,88.5,0.0,-0.03,-0.07,16.2,100,AUTO.LOITER,0,0
2026-08-12T05:32:57,1786487578,13.822494,100.512277,16.0,0.03,-0.3,-0.0,88.5,88.5,0.0,-0.01,-0.05,16.2,100,AUTO.LOITER,0,0
2026-08-12T05:32:58,1786487579,13.822494,100.512277,16.0,0.03,-0.3,-0.0,88.5,88.5,0.0,0.0,-0.05,16.2,100,AUTO.LOITER,0,0
2026-08-12T05:32:59,1786487580,13.822494,100.512277,16.0,0.04,-0.2,-0.0,88.5,88.5,0.0,0.0,-0.06,16.2,100,AUTO.LOITER,0,0
2026-08-12T05:33:00,1786487581,13.822494,100.512277,16.0,0.04,-0.2,-0.0,88.5,88.5,0.0,0.0,-0.06,16.2,100,AUTO.LOITER,0,0
2026-08-12T05:33:01,1786487582,13.822494,100.512277,16.0,0.04,-0.2,-0.0,88.5,88.5,0.0,0.0,-0.07,16.2,100,AUTO.LOITER,0,0
2026-08-12T05:33:02,1786487583,13.822494,100.512277,16.0,0.04,-0.2,-0.0,88.5,88.5,0.0,0.0,-0.07,16.2,100,AUTO.LOITER,0,0
2026-08-12T05:33:03,1786487584,13.822494,100.512277,16.0,0.04,-0.2,-0.0,88.5,88.5,0.0,0.0,-0.06,16.2,100,AUTO.LOITER,0,0
2026-08-12T05:33:04,1786487585,13.822494,100.512277,16.0,0.04,-0.2,-0.0,88.5,88.5,-0.01,0.01,-0.05,16.2,100,AUTO.LOITER,0,0
2026-08-12T05:33:05,1786487586,13.822494,100.512277,16.0,0.03,-0.2,-0.0,88.5,88.5,-0.01,0.0,-0.05,16.2,100,AUTO.LOITER,0,0
2026-08-12T05:33:06,1786487587,13.822494,100.512277,16.0,0.03,-0.2,0.0,88.5,88.5,-0.01,0.01,-0.05,16.2,100,AUTO.LOITER,0,0
2026-08-12T05:33:07,1786487588,13.822494,100.512277,16.0,0.02,-0.2,0.0,88.5,88.5,-0.02,0.01,-0.04,16.2,100,AUTO.LOITER,0,0
2026-08-12T05:33:08,1786487589,13.822494,100.512277,16.0,0.02,-0.3,0.0,88.6,88.6,-0.02,0.0,-0.04,16.2,100,AUTO.LOITER,0,0
2026-08-12T05:33:09,1786487590,13.822494,100.512277,16.0,0.03,-0.3,0.1,88.6,88.6,-0.01,-0.01,-0.04,16.2,100,AUTO.LOITER,0,0
2026-08-12T05:33:10,1786487591,13.822494,100.512277,16.0,0.02,-0.3,0.1,88.6,88.6,-0.01,-0.01,-0.04,16.2,100,AUTO.LOITER,0,0
2026-08-12T05:33:11,1786487592,13.822494,100.512277,16.0,0.02,-0.3,0.1,88.6,88.6,0.0,-0.02,-0.03,16.2,100,AUTO.LOITER,0,0
2026-08-12T05:33:12,1786487593,13.822494,100.512277,16.0,0.01,-0.3,0.1,88.6,88.6,0.0,0.0,-0.02,16.2,100,AUTO.LOITER,0,0
2026-08-12T05:33:13,1786487594,13.822494,100.512277,16.0,0.0,-0.3,0.0,88.7,88.7,0.0,0.0,-0.02,16.2,100,AUTO.LOITER,0,0
2026-08-12T05:33:14,1786487595,13.822494,100.512277,16.0,0.0,-0.3,0.0,88.7,88.7,-0.01,0.0,-0.02,16.2,100,AUTO.LOITER,0,0
2026-08-12T05:33:15,1786487596,13.822494,100.512277,16.0,0.01,-0.3,0.0,88.7,88.7,0.0,-0.01,-0.02,16.2,100,AUTO.LOITER,0,0
2026-08-12T05:33:16,1786487597,13.822494,100.512277,16.0,0.01,-0.3,0.0,88.7,88.7,0.0,-0.01,-0.03,16.2,100,AUTO.LOITER,0,0
2026-08-12T05:33:17,1786487598,13.822494,100.512277,16.0,0.01,-0.3,0.0,88.7,88.7,0.02,0.0,-0.03,16.2,100,AUTO.LOITER,0,0
2026-08-12T05:33:18,1786487599,13.822494,100.512277,15.7,0.01,-0.3,-0.0,88.7,88.7,0.02,0.0,-0.03,16.2,100,AUTO.LOITER,0,0
2026-08-12T05:33:19,1786487600,13.822494,100.512277,15.7,0.01,-0.2,-0.0,88.7,88.7,0.01,0.0,-0.03,16.2,100,AUTO.LOITER,0,0
2026-08-12T05:33:20,1786487601,13.822494,100.512277,15.6,0.02,-0.2,-0.0,88.8,88.8,0.0,-0.01,-0.03,16.2,100,AUTO.LOITER,0,0
2026-08-12T05:33:21,1786487602,13.822494,100.512277,16.0,0.01,-0.2,-0.0,88.8,88.8,0.0,-0.02,-0.03,16.2,100,AUTO.LOITER,0,0
2026-08-12T05:33:22,1786487603,13.822494,100.512277,16.0,0.02,-0.3,-0.0,88.8,88.8,0.0,-0.03,-0.04,16.2,100,AUTO.LOITER,0,0
2026-08-12T05:33:23,1786487604,13.822494,100.512277,16.0,0.02,-0.3,-0.1,88.8,88.8,0.0,-0.03,-0.04,16.2,100,AUTO.LOITER,0,0
2026-08-12T05:33:24,1786487605,13.822494,100.512277,16.0,0.02,-0.3,-0.1,88.8,88.8,0.0,-0.02,-0.03,16.2,100,AUTO.LOITER,0,0
2026-08-12T05:33:25,1786487606,13.822494,100.512277,15.6,0.02,-0.3,-0.1,88.8,88.8,0.0,-0.02,-0.03,16.2,100,AUTO.LOITER,0,0
2026-08-12T05:33:26,1786487607,13.822494,100.512277,15.6,0.02,-0.3,-0.2,88.8,88.8,0.0,-0.02,-0.03,16.2,100,AUTO.LOITER,0,0
2026-08-12T05:33:27,1786487608,13.822494,100.512277,16.0,-0.01,-0.3,-0.2,88.8,88.8,0.0,0.01,0.0,16.2,100,AUTO.LOITER,0,0
2026-08-12T05:33:28,1786487609,13.822494,100.512277,15.7,-0.01,-0.3,-0.2,88.8,88.8,0.0,0.01,0.0,16.2,100,AUTO.LOITER,0,0
2026-08-12T05:33:29,1786487610,13.822494,100.512277,16.0,-0.01,-0.3,-0.2,88.8,88.8,0.0,0.0,0.0,16.2,100,AUTO.LOITER,0,0
2026-08-12T05:33:30,1786487611,13.822494,100.512277,16.0,-0.02,-0.3,-0.2,88.7,88.7,0.0,-0.01,0.0,16.2,100,AUTO.LOITER,0,0
2026-08-12T05:33:31,1786487612,13.822494,100.512277,16.0,-0.01,-0.3,-0.2,88.8,88.8,0.01,0.0,0.0,16.2,100,AUTO.LOITER,0,0
2026-08-12T05:33:32,1786487613,13.822494,100.512277,16.0,-0.01,-0.3,-0.2,88.8,88.8,0.0,0.01,0.0,16.2,100,AUTO.LOITER,0,0
2026-08-12T05:33:33,1786487614,13.822494,100.512277,16.0,-0.01,-0.3,-0.2,88.8,88.8,0.0,0.0,0.0,16.2,100,AUTO.LOITER,0,0
2026-08-12T05:33:34,1786487615,13.822494,100.512277,15.7,-0.01,-0.3,-0.2,88.8,88.8,0.0,0.0,0.0,16.2,100,AUTO.LOITER,0,0
2026-08-12T05:33:35,1786487616,13.822494,100.512277,15.7,-0.01,-0.3,-0.2,88.8,88.8,0.0,0.0,0.0,16.2,100,AUTO.LOITER,0,0
2026-08-12T05:33:36,1786487617,13.822494,100.512277,15.7,-0.01,-0.3,-0.1,88.8,88.8,0.0,0.0,0.0,16.2,100,AUTO.LOITER,0,0
2026-08-12T05:33:37,1786487618,13.822494,100.512277,15.7,-0.01,-0.3,-0.1,88.8,88.8,0.0,0.0,0.0,16.2,100,AUTO.LOITER,0,0
2026-08-12T05:33:38,1786487619,13.822494,100.512277,16.0,-0.01,-0.3,-0.1,88.8,88.8,0.0,0.0,-0.01,16.2,100,AUTO.LOITER,0,0
2026-08-12T05:33:39,1786487620,13.822494,100.512277,16.0,-0.0,-0.3,-0.1,88.8,88.8,0.0,0.0,-0.01,16.2,100,AUTO.LOITER,0,0
2026-08-12T05:33:40,1786487621,13.822494,100.512277,16.0,-0.0,-0.3,-0.1,88.8,88.8,0.0,0.0,0.0,16.2,100,AUTO.LOITER,0,0
2026-08-12T05:33:41,1786487622,13.822494,100.512277,16.0,-0.01,-0.2,-0.2,88.8,88.8,0.01,-0.01,0.0,16.2,100,AUTO.LOITER,0,0
2026-08-12T05:33:42,1786487623,13.822494,100.512277,16.0,-0.02,-0.2,-0.2,88.8,88.8,0.01,0.0,0.0,16.2,100,AUTO.LOITER,0,0
2026-08-12T05:33:43,1786487624,13.822494,100.512277,16.0,-0.02,-0.2,-0.2,88.8,88.8,0.01,0.0,0.0,16.2,100,AUTO.LOITER,0,0
2026-08-12T05:33:44,1786487625,13.822494,100.512277,16.0,-0.02,-0.2,-0.2,88.9,88.9,0.0,0.0,0.0,16.2,100,AUTO.LOITER,0,0
2026-08-12T05:33:45,1786487626,13.822494,100.512277,16.0,-0.02,-0.2,-0.2,88.9,88.9,0.0,0.0,0.0,16.2,100,AUTO.LOITER,0,0
2026-08-12T05:33:46,1786487627,13.822494,100.512277,16.0,-0.02,-0.2,-0.2,88.9,88.9,0.0,0.0,0.0,16.2,100,AUTO.LOITER,0,0
2026-08-12T05:33:47,1786487628,13.822494,100.512277,16.0,-0.02,-0.2,-0.2,88.9,88.9,0.0,0.02,0.0,16.2,100,AUTO.LOITER,0,0
2026-08-12T05:33:48,1786487629,13.822494,100.512277,16.0,-0.02,-0.2,-0.1,88.9,88.9,-0.01,0.0,0.0,16.2,100,AUTO.LOITER,0,0
2026-08-12T05:33:49,1786487630,13.822494,100.512277,16.0,-0.01,-0.2,-0.1,88.9,88.9,-0.02,0.0,0.0,16.2,100,AUTO.LOITER,0,0
2026-08-12T05:33:50,1786487631,13.822494,100.512277,16.0,-0.01,-0.2,-0.1,88.9,88.9,-0.02,0.0,-0.01,16.2,100,AUTO.LOITER,0,0
2026-08-12T05:33:51,1786487632,13.822494,100.512277,16.0,-0.0,-0.2,-0.1,88.9,88.9,0.0,0.0,-0.01,16.2,100,AUTO.LOITER,0,0
2026-08-12T05:33:52,1786487633,13.822494,100.512277,15.7,-0.0,-0.2,-0.1,88.9,88.9,0.0,0.0,-0.01,16.2,100,AUTO.LOITER,0,0
2026-08-12T05:33:53,1786487634,13.822494,100.512277,15.7,0.0,-0.3,-0.1,88.9,88.9,0.0,0.01,-0.01,16.2,100,AUTO.LOITER,0,0
2026-08-12T05:33:54,1786487635,13.822494,100.512277,15.7,-0.01,-0.3,-0.1,88.9,88.9,0.0,0.0,0.0,16.2,100,AUTO.LOITER,0,0
2026-08-12T05:33:55,1786487636,13.822494,100.512277,16.0,-0.01,-0.3,-0.1,88.9,88.9,0.0,-0.01,0.0,16.2,100,AUTO.LOITER,0,0
2026-08-12T05:33:56,1786487637,13.822494,100.512277,16.0,-0.02,-0.3,-0.1,88.9,88.9,0.0,-0.02,0.0,16.2,100,AUTO.LOITER,0,0
2026-08-12T05:33:57,1786487638,13.822494,100.512277,16.0,-0.02,-0.3,-0.1,89.0,89.0,0.0,-0.02,0.0,16.2,100,AUTO.LOITER,0,0
2026-08-12T05:33:58,1786487639,13.822494,100.512277,15.9,-0.03,-0.3,-0.1,89.0,89.0,0.02,0.0,0.01,16.2,100,AUTO.LOITER,0,0
2026-08-12T05:33:59,1786487640,13.822494,100.512277,15.9,-0.03,-0.2,-0.1,89.0,89.0,0.03,0.0,0.01,16.2,100,AUTO.LOITER,0,0
2026-08-12T05:34:00,1786487641,13.822494,100.512277,15.9,-0.03,-0.2,-0.1,89.0,89.0,0.0,0.0,0.02,16.2,100,AUTO.LOITER,0,0
2026-08-12T05:34:01,1786487642,13.822494,100.512277,15.9,-0.04,-0.2,-0.1,89.0,89.0,0.0,-0.02,0.02,16.2,100,AUTO.LOITER,0,0
2026-08-12T05:34:02,1786487643,13.822494,100.512277,15.9,-0.04,-0.2,-0.1,89.0,89.0,0.0,-0.02,0.02,16.2,100,AUTO.LOITER,0,0
2026-08-12T05:34:03,1786487644,13.822494,100.512277,15.9,-0.03,-0.2,-0.2,88.9,88.9,0.0,-0.01,0.01,16.2,100,AUTO.LOITER,0,0
2026-08-12T05:34:04,1786487645,13.822494,100.512277,16.0,-0.02,-0.2,-0.2,88.9,88.9,0.0,0.0,0.0,16.2,100,AUTO.LOITER,0,0
2026-08-12T05:34:05,1786487646,13.822494,100.512277,16.0,-0.02,-0.2,-0.2,88.9,88.9,0.0,0.0,0.0,16.2,100,AUTO.LOITER,0,0
2026-08-12T05:34:06,1786487647,13.822494,100.512277,16.0,-0.02,-0.2,-0.2,88.9,88.9,0.0,0.0,0.0,16.2,100,AUTO.LOITER,0,0
2026-08-12T05:34:07,1786487648,13.822494,100.512277,16.0,-0.01,-0.2,-0.2,88.9,88.9,0.0,0.0,0.0,16.2,100,AUTO.LOITER,0,0
2026-08-12T05:34:08,1786487649,13.822494,100.512277,16.0,-0.01,-0.2,-0.2,88.9,88.9,-0.01,0.01,0.0,16.2,100,AUTO.LOITER,0,0
2026-08-12T05:34:09,1786487650,13.822494,100.512277,15.7,-0.01,-0.2,-0.2,88.9,88.9,-0.01,0.01,0.0,16.2,100,AUTO.LOITER,0,0
2026-08-12T05:34:10,1786487651,13.822494,100.512277,15.7,-0.01,-0.2,-0.2,88.9,88.9,-0.01,0.01,0.0,16.2,100,AUTO.LOITER,0,0
2026-08-12T05:34:11,1786487652,13.822494,100.512277,16.0,-0.01,-0.2,-0.2,88.9,88.9,0.0,0.01,0.0,16.2,100,AUTO.LOITER,0,0
2026-08-12T05:34:12,1786487653,13.822494,100.512277,16.0,-0.01,-0.2,-0.2,88.8,88.8,0.01,0.01,0.0,16.2,100,AUTO.LOITER,0,0
2026-08-12T05:34:13,1786487654,13.822494,100.512277,16.0,-0.02,-0.2,-0.2,88.8,88.8,0.03,0.0,0.01,16.2,100,AUTO.LOITER,0,0
2026-08-12T05:34:14,1786487655,13.822494,100.512277,15.9,-0.03,-0.2,-0.2,88.8,88.8,0.02,0.0,0.02,16.2,100,AUTO.LOITER,0,0
2026-08-12T05:34:15,1786487656,13.822494,100.512277,15.9,-0.04,-0.2,-0.2,88.8,88.8,0.01,0.0,0.03,16.2,100,AUTO.LOITER,0,0
2026-08-12T05:34:16,1786487657,13.822494,100.512277,15.9,-0.04,-0.2,-0.2,88.8,88.8,0.0,0.0,0.02,16.2,100,AUTO.LOITER,0,0
2026-08-12T05:34:17,1786487658,13.822494,100.512277,15.9,-0.04,-0.2,-0.2,88.8,88.8,0.0,0.0,0.02,16.2,100,AUTO.LOITER,0,0
2026-08-12T05:34:18,1786487659,13.822494,100.512277,15.9,-0.04,-0.2,-0.3,88.8,88.8,0.0,0.0,0.02,16.2,100,AUTO.LOITER,0,0
2026-08-12T05:34:19,1786487660,13.822494,100.512277,16.0,-0.02,-0.2,-0.3,88.7,88.7,0.01,0.0,0.0,16.2,100,AUTO.LOITER,0,0
2026-08-12T05:34:20,1786487661,13.822494,100.512277,16.0,-0.01,-0.2,-0.3,88.7,88.7,0.0,-0.01,0.0,16.2,100,AUTO.LOITER,0,0
2026-08-12T05:34:21,1786487662,13.822494,100.512277,16.0,-0.01,-0.2,-0.3,88.7,88.7,0.0,-0.02,0.0,16.2,100,AUTO.LOITER,0,0
2026-08-12T05:34:22,1786487663,13.822494,100.512277,16.0,-0.01,-0.2,-0.3,88.7,88.7,0.0,0.0,-0.01,16.2,100,AUTO.LOITER,0,0
2026-08-12T05:34:23,1786487664,13.822494,100.512277,16.0,0.01,-0.2,-0.3,88.7,88.7,0.01,0.0,-0.02,16.2,100,AUTO.LOITER,0,0
2026-08-12T05:34:24,1786487665,13.822494,100.512277,15.7,0.01,-0.2,-0.3,88.7,88.7,0.01,0.0,-0.02,16.2,100,AUTO.LOITER,0,0
2026-08-12T05:34:25,1786487666,13.822494,100.512277,15.7,0.01,-0.2,-0.3,88.7,88.7,0.02,0.0,-0.03,16.2,100,AUTO.LOITER,0,0
2026-08-12T05:34:26,1786487667,13.822494,100.512277,16.0,0.02,-0.2,-0.3,88.7,88.7,0.02,0.0,-0.03,16.2,100,AUTO.LOITER,0,0
2026-08-12T05:34:27,1786487668,13.822494,100.512277,16.0,0.02,-0.2,-0.3,88.7,88.7,0.02,0.0,-0.03,16.2,100,AUTO.LOITER,0,0
2026-08-12T05:34:28,1786487669,13.822494,100.512277,15.7,0.02,-0.1,-0.2,88.7,88.7,0.02,0.0,-0.03,16.2,100,AUTO.LOITER,0,0
2026-08-12T05:34:29,1786487670,13.822494,100.512277,15.7,0.02,-0.1,-0.2,88.7,88.7,0.02,0.0,-0.03,16.2,100,AUTO.LOITER,0,0
2026-08-12T05:34:30,1786487671,13.822494,100.512277,16.0,0.01,-0.1,-0.2,88.7,88.7,0.02,0.01,-0.03,16.2,100,AUTO.LOITER,0,0
2026-08-12T05:34:31,1786487672,13.822494,100.512277,16.0,0.02,-0.1,-0.2,88.7,88.7,0.02,0.01,-0.04,16.2,100,AUTO.LOITER,0,0
2026-08-12T05:34:32,1786487673,13.822494,100.512277,16.0,0.02,-0.1,-0.2,88.6,88.6,0.02,0.0,-0.04,16.2,100,AUTO.LOITER,0,0
2026-08-12T05:34:33,1786487674,13.822494,100.512277,16.0,0.01,-0.1,-0.2,88.6,88.6,0.01,0.0,-0.03,16.2,100,AUTO.LOITER,0,0
2026-08-12T05:34:34,1786487675,13.822494,100.512277,16.0,0.01,-0.0,-0.2,88.6,88.6,0.0,0.01,-0.02,16.2,100,AUTO.LOITER,0,0
2026-08-12T05:34:35,1786487676,13.822494,100.512277,16.0,0.01,-0.1,-0.1,88.6,88.6,0.0,0.01,-0.02,16.2,100,AUTO.LOITER,0,0
2026-08-12T05:34:36,1786487677,13.822494,100.512277,15.7,0.01,-0.1,-0.1,88.6,88.6,0.0,0.01,-0.02,16.2,100,AUTO.LOITER,0,0
2026-08-12T05:34:37,1786487678,13.822494,100.512277,16.0,-0.01,-0.0,-0.1,88.6,88.6,0.0,0.01,0.0,16.2,100,AUTO.LOITER,0,0
2026-08-12T05:34:38,1786487679,13.822494,100.512277,16.0,-0.02,-0.0,-0.1,88.6,88.6,0.0,0.01,0.0,16.2,100,AUTO.LOITER,0,0
2026-08-12T05:34:39,1786487680,13.822494,100.512277,16.0,-0.02,-0.0,-0.1,88.6,88.6,0.0,0.0,0.0,16.2,100,AUTO.LOITER,0,0
2026-08-12T05:34:40,1786487681,13.822494,100.512277,16.0,-0.02,-0.0,-0.1,88.6,88.6,0.0,0.0,0.0,16.2,100,AUTO.LOITER,0,0
2026-08-12T05:34:41,1786487682,13.822494,100.512277,15.7,-0.02,-0.0,-0.1,88.6,88.6,0.0,0.0,0.0,16.2,100,AUTO.LOITER,0,0
2026-08-12T05:34:42,1786487683,13.822494,100.512277,15.7,-0.02,-0.0,-0.1,88.6,88.6,0.0,-0.01,0.0,16.2,100,AUTO.LOITER,0,0
2026-08-12T05:34:43,1786487684,13.822494,100.512277,16.0,-0.02,-0.0,-0.1,88.6,88.6,0.0,0.0,0.0,16.2,100,AUTO.LOITER,0,0
2026-08-12T05:34:44,1786487685,13.822494,100.512277,16.0,-0.02,-0.1,-0.1,88.6,88.6,0.0,0.0,0.0,16.2,100,AUTO.LOITER,0,0
2026-08-12T05:34:45,1786487686,13.822494,100.512277,16.0,-0.01,-0.0,-0.1,88.6,88.6,0.01,0.0,0.0,16.2,100,AUTO.LOITER,0,0
2026-08-12T05:34:46,1786487687,13.822494,100.512277,16.0,-0.01,-0.0,-0.2,88.6,88.6,0.01,0.0,0.0,16.2,100,AUTO.LOITER,0,0
2026-08-12T05:34:47,1786487688,13.822494,100.512277,16.0,-0.02,-0.0,-0.2,88.6,88.6,0.0,0.0,0.0,16.2,100,AUTO.LOITER,0,0
2026-08-12T05:34:48,1786487689,13.822494,100.512277,16.0,-0.02,-0.0,-0.2,88.6,88.6,0.0,0.0,0.0,16.2,100,AUTO.LOITER,0,0
2026-08-12T05:34:49,1786487690,13.822494,100.512277,16.0,-0.01,-0.0,-0.2,88.6,88.6,0.01,0.0,0.0,16.2,100,AUTO.LOITER,0,0
2026-08-12T05:34:50,1786487691,13.822494,100.512277,16.0,-0.01,-0.0,-0.2,88.5,88.5,0.01,0.0,0.0,16.2,100,AUTO.LOITER,0,0
2026-08-12T05:34:51,1786487692,13.822494,100.512277,15.9,-0.03,-0.0,-0.2,88.5,88.5,0.0,0.0,0.02,16.2,100,AUTO.LOITER,0,0
2026-08-12T05:34:52,1786487693,13.822494,100.512277,15.7,-0.03,-0.0,-0.2,88.5,88.5,0.0,0.0,0.02,16.2,100,AUTO.LOITER,0,0
2026-08-12T05:34:53,1786487694,13.822494,100.512277,15.9,-0.05,-0.0,-0.2,88.5,88.5,0.0,0.0,0.04,16.2,100,AUTO.LOITER,0,0
2026-08-12T05:34:54,1786487695,13.822494,100.512277,15.9,-0.05,-0.0,-0.3,88.5,88.5,0.0,0.01,0.03,16.2,100,AUTO.LOITER,0,0
2026-08-12T05:34:55,1786487696,13.822494,100.512277,15.9,-0.03,-0.0,-0.3,88.5,88.5,0.0,0.01,0.01,16.2,100,AUTO.LOITER,0,0
2026-08-12T05:34:56,1786487697,13.822494,100.512277,15.6,-0.03,-0.0,-0.3,88.5,88.5,0.0,0.01,0.01,16.2,100,AUTO.LOITER,0,0
2026-08-12T05:34:57,1786487698,13.822494,100.512277,15.7,-0.02,0.0,-0.2,88.5,88.5,0.0,0.01,0.01,16.2,100,AUTO.LOITER,0,0
2026-08-12T05:34:58,1786487699,13.822494,100.512277,15.7,-0.02,0.0,-0.2,88.5,88.5,0.0,0.01,0.01,16.2,100,AUTO.LOITER,0,0
2026-08-12T05:34:59,1786487700,13.822494,100.512277,15.9,-0.03,0.0,-0.2,88.5,88.5,-0.01,0.01,0.01,16.2,100,AUTO.LOITER,0,0
2026-08-12T05:35:00,1786487701,13.822494,100.512277,15.9,-0.03,0.0,-0.2,88.5,88.5,-0.01,0.01,0.02,16.2,100,AUTO.LOITER,0,0
2026-08-12T05:35:01,1786487702,13.822494,100.512277,15.9,-0.03,-0.0,-0.2,88.5,88.5,-0.01,0.01,0.02,16.2,100,AUTO.LOITER,0,0
2026-08-12T05:35:02,1786487703,13.822494,100.512277,15.9,-0.03,-0.1,-0.1,88.6,88.6,-0.01,0.01,0.02,16.2,100,AUTO.LOITER,0,0
2026-08-12T05:35:03,1786487704,13.822494,100.512277,15.9,-0.04,-0.1,-0.1,88.6,88.6,-0.01,0.0,0.03,16.2,100,AUTO.LOITER,0,0
2026-08-12T05:35:04,1786487705,13.822494,100.512277,15.9,-0.04,-0.1,-0.1,88.6,88.6,0.0,0.0,0.04,16.2,100,AUTO.LOITER,0,0
2026-08-12T05:35:05,1786487706,13.822494,100.512277,15.9,-0.05,-0.1,-0.1,88.6,88.6,0.01,0.0,0.04,16.2,100,AUTO.LOITER,0,0
2026-08-12T05:35:06,1786487707,13.822494,100.512277,15.9,-0.05,-0.1,-0.1,88.6,88.6,0.03,0.0,0.04,16.2,100,AUTO.LOITER,0,0
2026-08-12T05:35:07,1786487708,13.822494,100.512277,15.9,-0.05,-0.1,-0.1,88.6,88.6,0.05,0.0,0.04,16.2,100,AUTO.LOITER,0,0
2026-08-12T05:35:08,1786487709,13.822494,100.512277,15.7,-0.05,-0.1,-0.1,88.6,88.6,0.05,0.0,0.04,16.2,100,AUTO.LOITER,0,0
2026-08-12T05:35:09,1786487710,13.822494,100.512277,15.9,-0.06,0.0,-0.1,88.6,88.6,0.04,0.0,0.06,16.2,100,AUTO.LOITER,0,0
2026-08-12T05:35:10,1786487711,13.822494,100.512277,15.9,-0.06,0.1,-0.1,88.6,88.6,0.02,0.0,0.06,16.2,100,AUTO.LOITER,0,0
2026-08-12T05:35:11,1786487712,13.822494,100.512277,15.9,-0.06,0.1,-0.1,88.6,88.6,0.01,0.0,0.05,16.2,100,AUTO.LOITER,0,0
2026-08-12T05:35:12,1786487713,13.822494,100.512277,15.9,-0.05,0.1,-0.1,88.6,88.6,0.01,-0.01,0.04,16.2,100,AUTO.LOITER,0,0
2026-08-12T05:35:13,1786487714,13.822494,100.512277,15.7,-0.05,0.1,-0.0,88.6,88.6,0.01,-0.01,0.04,16.2,100,AUTO.LOITER,0,0
2026-08-12T05:35:14,1786487715,13.822494,100.512277,15.7,-0.04,0.2,-0.0,88.5,88.5,0.01,-0.02,0.03,16.2,100,AUTO.LOITER,0,0
2026-08-12T05:35:15,1786487716,13.822494,100.512277,15.7,-0.04,0.2,-0.0,88.6,88.6,0.0,-0.01,0.03,16.2,100,AUTO.LOITER,0,0
2026-08-12T05:35:16,1786487717,13.822494,100.512277,15.9,-0.04,0.2,-0.1,88.5,88.5,0.0,-0.01,0.02,16.2,100,AUTO.LOITER,0,0
2026-08-12T05:35:17,1786487718,13.822494,100.512277,15.9,-0.03,0.2,-0.1,88.5,88.5,0.01,0.0,0.01,16.2,100,AUTO.LOITER,0,0
2026-08-12T05:35:18,1786487719,13.822494,100.512277,16.0,-0.02,0.2,-0.0,88.6,88.6,0.02,0.02,0.0,16.2,100,AUTO.LOITER,0,0
2026-08-12T05:35:19,1786487720,13.822494,100.512277,16.0,-0.02,0.2,-0.0,88.6,88.6,0.02,0.03,0.0,16.2,100,AUTO.LOITER,0,0
2026-08-12T05:35:20,1786487721,13.822494,100.512277,16.0,-0.02,0.2,0.0,88.6,88.6,0.01,0.03,0.0,16.2,100,AUTO.LOITER,0,0
2026-08-12T05:35:21,1786487722,13.822494,100.512277,16.0,-0.02,0.2,0.0,88.6,88.6,0.01,0.02,0.01,16.2,100,AUTO.LOITER,0,0
2026-08-12T05:35:22,1786487723,13.822494,100.512277,15.9,-0.03,0.3,0.1,88.6,88.6,0.01,0.03,0.02,16.2,100,AUTO.LOITER,0,0
2026-08-12T05:35:23,1786487724,13.822494,100.512277,15.9,-0.03,0.3,0.1,88.7,88.7,0.0,0.03,0.01,16.2,100,AUTO.LOITER,0,0
2026-08-12T05:35:24,1786487725,13.822494,100.512277,16.0,-0.02,0.3,0.2,88.7,88.7,0.0,0.01,0.01,16.2,100,AUTO.LOITER,0,0
2026-08-12T05:35:25,1786487726,13.822494,100.512277,16.0,-0.02,0.3,0.2,88.7,88.7,0.0,0.0,0.0,16.2,100,AUTO.LOITER,0,0
2026-08-12T05:35:26,1786487727,13.822494,100.512277,16.0,-0.02,0.3,0.2,88.7,88.7,0.0,0.0,0.0,16.2,100,AUTO.LOITER,0,0
2026-08-12T05:35:27,1786487728,13.822494,100.512277,16.0,-0.02,0.3,0.2,88.7,88.7,0.0,0.0,0.0,16.2,100,AUTO.LOITER,0,0
2026-08-12T05:35:28,1786487729,13.822494,100.512277,15.7,-0.02,0.3,0.2,88.8,88.8,0.0,0.0,0.0,16.2,100,AUTO.LOITER,0,0
2026-08-12T05:35:29,1786487730,13.822494,100.512277,16.0,-0.02,0.3,0.2,88.8,88.8,-0.01,0.0,0.0,16.2,100,AUTO.LOITER,0,0
2026-08-12T05:35:30,1786487731,13.822494,100.512277,15.7,-0.02,0.3,0.2,88.8,88.8,-0.01,0.0,0.0,16.2,100,AUTO.LOITER,0,0
2026-08-12T05:35:31,1786487732,13.822494,100.512277,15.7,-0.02,0.2,0.2,88.8,88.8,0.0,0.0,0.01,16.2,100,AUTO.LOITER,0,0
2026-08-12T05:35:32,1786487733,13.822494,100.512277,15.9,-0.03,0.2,0.2,88.8,88.8,0.0,0.0,0.02,16.2,100,AUTO.LOITER,0,0
2026-08-12T05:35:33,1786487734,13.822494,100.512277,15.9,-0.03,0.2,0.2,88.8,88.8,0.0,0.0,0.02,16.2,100,AUTO.LOITER,0,0
2026-08-12T05:35:34,1786487735,13.822494,100.512277,15.9,-0.03,0.2,0.2,88.8,88.8,-0.01,0.0,0.02,16.2,100,AUTO.LOITER,0,0
2026-08-12T05:35:35,1786487736,13.822494,100.512277,15.7,-0.03,0.2,0.2,88.8,88.8,-0.01,0.0,0.02,16.2,100,AUTO.LOITER,0,0
2026-08-12T05:35:36,1786487737,13.822494,100.512277,15.7,-0.03,0.2,0.2,88.8,88.8,-0.01,0.0,0.02,16.2,100,AUTO.LOITER,0,0
2026-08-12T05:35:37,1786487738,13.822494,100.512277,16.0,-0.02,0.1,0.2,88.8,88.8,0.0,-0.01,0.01,16.2,100,AUTO.LOITER,0,0
2026-08-12T05:35:38,1786487739,13.822494,100.512277,16.0,-0.02,0.1,0.2,88.8,88.8,0.01,-0.01,0.0,16.2,100,AUTO.LOITER,0,0
2026-08-12T05:35:39,1786487740,13.822494,100.512277,16.0,-0.02,0.1,0.2,88.9,88.9,0.01,-0.01,0.0,16.2,100,AUTO.LOITER,0,0
2026-08-12T05:35:40,1786487741,13.822494,100.512277,16.0,-0.02,0.1,0.2,88.9,88.9,0.01,0.0,0.01,16.2,100,AUTO.LOITER,0,0
2026-08-12T05:35:41,1786487742,13.822494,100.512277,16.0,-0.02,0.1,0.1,88.9,88.9,0.0,0.0,0.01,16.2,100,AUTO.LOITER,0,0
2026-08-12T05:35:42,1786487743,13.822494,100.512277,16.0,-0.02,0.1,0.1,88.9,88.9,0.0,-0.01,0.01,16.2,100,AUTO.LOITER,0,0
2026-08-12T05:35:43,1786487744,13.822494,100.512277,16.0,-0.02,0.1,0.1,88.9,88.9,0.01,-0.02,0.01,16.2,100,AUTO.LOITER,0,0
2026-08-12T05:35:44,1786487745,13.822494,100.512277,15.9,-0.03,0.1,0.1,88.9,88.9,0.01,0.0,0.02,16.2,100,AUTO.LOITER,0,0
2026-08-12T05:35:45,1786487746,13.822494,100.512277,15.7,-0.03,0.1,0.1,88.9,88.9,0.01,0.0,0.02,16.2,100,AUTO.LOITER,0,0
2026-08-12T05:35:46,1786487747,13.822494,100.512277,15.6,-0.03,0.1,0.1,88.9,88.9,0.01,0.01,0.02,16.2,100,AUTO.LOITER,0,0
2026-08-12T05:35:47,1786487748,13.822494,100.512277,15.7,-0.04,0.1,0.1,88.9,88.9,0.02,0.01,0.02,16.2,100,AUTO.LOITER,0,0
2026-08-12T05:35:48,1786487749,13.822494,100.512277,15.9,-0.04,0.1,0.1,89.0,89.0,0.03,0.0,0.02,16.2,100,AUTO.LOITER,0,0
2026-08-12T05:35:49,1786487750,13.822494,100.512277,15.9,-0.04,0.2,0.1,89.0,89.0,0.03,0.0,0.02,16.2,100,AUTO.LOITER,0,0
2026-08-12T05:35:50,1786487751,13.822494,100.512277,15.9,-0.03,0.2,0.1,89.0,89.0,0.01,0.0,0.01,16.2,100,AUTO.LOITER,0,0
2026-08-12T05:35:51,1786487752,13.822494,100.512277,16.0,-0.02,0.2,0.1,89.0,89.0,0.0,0.0,0.01,16.2,100,AUTO.LOITER,0,0
2026-08-12T05:35:52,1786487753,13.822494,100.512277,16.0,-0.02,0.2,0.1,89.0,89.0,0.0,0.0,0.0,16.2,100,AUTO.LOITER,0,0
2026-08-12T05:35:53,1786487754,13.822494,100.512277,16.0,-0.02,0.2,0.1,89.1,89.1,-0.01,0.0,0.0,16.2,100,AUTO.LOITER,0,0
2026-08-12T05:35:54,1786487755,13.822494,100.512277,16.0,-0.02,0.2,0.1,89.1,89.1,-0.02,0.01,0.0,16.2,100,AUTO.LOITER,0,0
2026-08-12T05:35:55,1786487756,13.822494,100.512277,16.0,-0.02,0.2,0.1,89.1,89.1,-0.02,0.02,0.0,16.2,100,AUTO.LOITER,0,0
2026-08-12T05:35:56,1786487757,13.822494,100.512277,16.0,-0.01,0.1,0.1,89.1,89.1,-0.01,0.03,0.0,16.2,100,AUTO.LOITER,0,0
2026-08-12T05:35:57,1786487758,13.822494,100.512277,15.7,-0.01,0.1,0.1,89.1,89.1,-0.01,0.03,0.0,16.2,100,AUTO.LOITER,0,0
2026-08-12T05:35:58,1786487759,13.822494,100.512277,15.7,-0.01,0.1,0.1,89.1,89.1,-0.01,0.03,0.0,16.2,100,AUTO.LOITER,0,0
2026-08-12T05:35:59,1786487760,13.822494,100.512277,16.0,0.01,0.1,0.1,89.0,89.0,0.0,0.02,-0.03,16.2,100,AUTO.LOITER,0,0
2026-08-12T05:36:00,1786487761,13.822494,100.512277,16.0,0.01,0.1,0.1,89.0,89.0,0.0,0.01,-0.03,16.2,100,AUTO.LOITER,0,0
2026-08-12T05:36:01,1786487762,13.822494,100.512277,15.7,0.01,0.1,0.1,89.0,89.0,0.0,0.01,-0.03,16.2,100,AUTO.LOITER,0,0
2026-08-12T05:36:02,1786487763,13.822494,100.512277,15.7,0.02,0.2,0.1,89.0,89.0,0.0,0.0,-0.04,16.2,100,AUTO.LOITER,0,0
2026-08-12T05:36:03,1786487764,13.822494,100.512277,16.0,0.02,0.1,0.1,89.0,89.0,-0.01,0.0,-0.04,16.2,100,AUTO.LOITER,0,0
2026-08-12T05:36:04,1786487765,13.822494,100.512277,16.0,0.03,0.1,0.1,89.1,89.1,-0.01,0.0,-0.04,16.2,100,AUTO.LOITER,0,0
2026-08-12T05:36:05,1786487766,13.822494,100.512277,16.0,0.03,0.1,0.1,89.1,89.1,-0.01,0.0,-0.04,16.2,100,AUTO.LOITER,0,0
2026-08-12T05:36:06,1786487767,13.822494,100.512277,16.0,0.02,0.1,0.1,89.1,89.1,0.01,0.0,-0.04,16.2,100,AUTO.LOITER,0,0
2026-08-12T05:36:07,1786487768,13.822494,100.512277,15.7,0.02,0.2,0.1,89.1,89.1,0.01,0.0,-0.04,16.2,100,AUTO.LOITER,0,0
2026-08-12T05:36:08,1786487769,13.822494,100.512277,16.0,0.01,0.2,0.1,89.1,89.1,0.0,0.01,-0.03,16.2,100,AUTO.LOITER,0,0
2026-08-12T05:36:09,1786487770,13.822494,100.512277,16.0,0.01,0.1,0.1,89.1,89.1,0.0,0.01,-0.03,16.2,100,AUTO.LOITER,0,0
2026-08-12T05:36:10,1786487771,13.822494,100.512277,16.0,0.01,0.2,0.1,89.1,89.1,0.0,0.0,-0.02,16.2,100,AUTO.LOITER,0,0
2026-08-12T05:36:11,1786487772,13.822494,100.512277,16.0,-0.0,0.2,0.2,89.1,89.1,0.0,-0.02,-0.01,16.2,100,AUTO.LOITER,0,0
2026-08-12T05:36:12,1786487773,13.822494,100.512277,16.0,-0.01,0.1,0.1,89.1,89.1,0.0,-0.01,0.0,16.2,100,AUTO.LOITER,0,0
2026-08-12T05:36:13,1786487774,13.822494,100.512277,16.0,-0.01,0.1,0.1,89.1,89.1,0.0,0.0,0.0,16.2,100,AUTO.LOITER,0,0
2026-08-12T05:36:14,1786487775,13.822494,100.512277,16.0,-0.01,0.1,0.1,89.1,89.1,0.01,0.01,0.0,16.2,100,AUTO.LOITER,0,0
2026-08-12T05:36:15,1786487776,13.822494,100.512277,16.0,-0.01,0.1,0.1,89.1,89.1,0.01,0.01,0.0,16.2,100,AUTO.LOITER,0,0
2026-08-12T05:36:16,1786487777,13.822494,100.512277,16.0,-0.01,0.2,0.2,89.1,89.1,0.0,0.0,0.0,16.2,100,AUTO.LOITER,0,0
2026-08-12T05:36:17,1786487778,13.822494,100.512277,15.7,-0.01,0.2,0.2,89.1,89.1,0.0,0.0,0.0,16.2,100,AUTO.LOITER,0,0
2026-08-12T05:36:18,1786487779,13.822494,100.512277,15.7,-0.01,0.2,0.2,89.1,89.1,-0.01,0.0,0.0,16.2,100,AUTO.LOITER,0,0
2026-08-12T05:36:19,1786487780,13.822494,100.512277,15.7,-0.01,0.2,0.2,89.1,89.1,-0.03,0.0,0.0,16.2,100,AUTO.LOITER,0,0
2026-08-12T05:36:20,1786487781,13.822494,100.512277,16.0,-0.02,0.2,0.2,89.1,89.1,-0.03,0.01,0.0,16.2,100,AUTO.LOITER,0,0
2026-08-12T05:36:21,1786487782,13.822494,100.512277,15.6,-0.02,0.2,0.2,89.1,89.1,-0.03,0.01,0.0,16.2,100,AUTO.LOITER,0,0
2026-08-12T05:36:22,1786487783,13.822494,100.512277,16.0,-0.02,0.2,0.2,89.2,89.2,-0.02,0.0,0.0,16.2,100,AUTO.LOITER,0,0
2026-08-12T05:36:23,1786487784,13.822494,100.512277,16.0,-0.02,0.2,0.2,89.2,89.2,-0.02,0.0,0.0,16.2,100,AUTO.LOITER,0,0
2026-08-12T05:36:24,1786487785,13.822494,100.512277,16.0,-0.02,0.1,0.2,89.2,89.2,-0.02,0.0,0.01,16.2,100,AUTO.LOITER,0,0
2026-08-12T05:36:25,1786487786,13.822494,100.512277,16.0,-0.02,0.1,0.2,89.2,89.2,0.0,0.0,0.01,16.2,100,AUTO.LOITER,0,0
2026-08-12T05:36:26,1786487787,13.822494,100.512277,15.9,-0.03,0.1,0.2,89.2,89.2,0.0,0.0,0.02,16.2,100,AUTO.LOITER,0,0
2026-08-12T05:36:27,1786487788,13.822494,100.512277,15.9,-0.03,0.1,0.2,89.2,89.2,0.0,0.0,0.02,16.2,100,AUTO.LOITER,0,0
2026-08-12T05:36:28,1786487789,13.822494,100.512277,15.9,-0.03,0.1,0.2,89.2,89.2,0.0,0.0,0.02,16.2,100,AUTO.LOITER,0,0
2026-08-12T05:36:29,1786487790,13.822494,100.512277,15.9,-0.03,0.1,0.2,89.2,89.2,0.0,0.0,0.02,16.2,100,AUTO.LOITER,0,0
2026-08-12T05:36:30,1786487791,13.822494,100.512277,15.9,-0.03,0.1,0.2,89.2,89.2,-0.01,0.0,0.03,16.2,100,AUTO.LOITER,0,0
2026-08-12T05:36:31,1786487792,13.822494,100.512277,15.9,-0.04,0.1,0.2,89.2,89.2,-0.01,0.0,0.04,16.2,100,AUTO.LOITER,0,0
2026-08-12T05:36:32,1786487793,13.822494,100.512277,15.8,-0.04,0.0,0.2,89.2,89.2,-0.01,0.0,0.04,16.2,100,AUTO.LOITER,0,0
2026-08-12T05:36:33,1786487794,13.822494,100.512277,15.9,-0.06,0.0,0.2,89.2,89.2,0.02,-0.04,0.06,16.2,100,AUTO.LOITER,0,0
2026-08-12T05:36:34,1786487795,13.822494,100.512277,15.7,-0.06,0.0,0.2,89.2,89.2,0.02,-0.04,0.06,16.2,100,AUTO.LOITER,0,0
2026-08-12T05:36:35,1786487796,13.822494,100.512277,15.7,-0.07,0.0,0.2,89.2,89.2,0.01,-0.04,0.06,16.2,100,AUTO.LOITER,0,0
2026-08-12T05:36:36,1786487797,13.822494,100.512277,15.9,-0.06,0.0,0.2,89.2,89.2,0.0,-0.03,0.06,16.2,100,AUTO.LOITER,0,0
2026-08-12T05:36:37,1786487798,13.822494,100.512277,15.9,-0.06,0.0,0.1,89.2,89.2,0.01,-0.02,0.05,16.2,100,AUTO.LOITER,0,0
2026-08-12T05:36:38,1786487799,13.822494,100.512277,15.9,-0.06,0.1,0.1,89.2,89.2,0.01,0.0,0.05,16.2,100,AUTO.LOITER,0,0
2026-08-12T05:36:39,1786487800,13.822494,100.512277,15.7,-0.06,0.1,0.1,89.2,89.2,0.01,0.0,0.05,16.2,100,AUTO.LOITER,0,0
2026-08-12T05:36:40,1786487801,13.822494,100.512277,15.9,-0.05,0.1,0.1,89.2,89.2,0.0,0.01,0.04,16.2,100,AUTO.LOITER,0,0
2026-08-12T05:36:41,1786487802,13.822494,100.512277,15.9,-0.05,0.1,0.1,89.2,89.2,-0.01,0.01,0.04,16.2,100,AUTO.LOITER,0,0
2026-08-12T05:36:42,1786487803,13.822494,100.512277,15.9,-0.05,0.1,0.1,89.3,89.3,-0.01,0.01,0.04,16.2,100,AUTO.LOITER,0,0
2026-08-12T05:36:43,1786487804,13.822494,100.512277,15.9,-0.06,0.0,0.1,89.3,89.3,-0.01,0.01,0.06,16.2,100,AUTO.LOITER,0,0
2026-08-12T05:36:44,1786487805,13.822494,100.512277,15.9,-0.06,0.0,0.2,89.3,89.3,-0.01,0.01,0.06,16.2,100,AUTO.LOITER,0,0
2026-08-12T05:36:45,1786487806,13.822494,100.512277,15.9,-0.08,0.0,0.2,89.3,89.3,0.0,0.0,0.08,16.2,100,AUTO.LOITER,0,0
2026-08-12T05:36:46,1786487807,13.822494,100.512277,15.9,-0.08,0.0,0.2,89.3,89.3,0.0,-0.01,0.08,16.2,100,AUTO.LOITER,0,0
2026-08-12T05:36:47,1786487808,13.822494,100.512277,15.9,-0.08,0.0,0.2,89.3,89.3,0.02,-0.02,0.08,16.2,100,AUTO.LOITER,0,0
2026-08-12T05:36:48,1786487809,13.822494,100.512277,15.9,-0.08,0.0,0.1,89.3,89.3,0.01,-0.02,0.08,16.2,100,AUTO.LOITER,0,0
2026-08-12T05:36:49,1786487810,13.822494,100.512277,15.9,-0.08,0.1,0.1,89.3,89.3,0.01,-0.02,0.08,16.2,100,AUTO.LOITER,0,0
2026-08-12T05:36:50,1786487811,13.822494,100.512277,15.7,-0.08,0.1,0.1,89.3,89.3,0.01,-0.02,0.08,16.2,100,AUTO.LOITER,0,0
2026-08-12T05:36:51,1786487812,13.822494,100.512277,15.7,-0.08,0.1,0.1,89.3,89.3,0.0,-0.01,0.07,16.2,100,AUTO.LOITER,0,0
2026-08-12T05:36:52,1786487813,13.822494,100.512277,15.9,-0.07,0.1,0.1,89.3,89.3,0.0,-0.01,0.07,16.2,100,AUTO.LOITER,0,0
2026-08-12T05:36:53,1786487814,13.822494,100.512277,15.9,-0.07,0.1,0.1,89.3,89.3,-0.01,-0.01,0.07,16.2,100,AUTO.LOITER,0,0
2026-08-12T05:36:54,1786487815,13.822494,100.512277,15.9,-0.07,0.1,0.0,89.2,89.2,-0.01,0.0,0.07,16.2,100,AUTO.LOITER,0,0
2026-08-12T05:36:55,1786487816,13.822494,100.512277,15.9,-0.08,0.1,0.0,89.2,89.2,-0.01,0.0,0.08,16.2,100,AUTO.LOITER,0,0
2026-08-12T05:36:56,1786487817,13.822494,100.512277,15.9,-0.09,0.1,0.1,89.2,89.2,-0.01,0.0,0.09,16.2,100,AUTO.LOITER,0,0
2026-08-12T05:36:57,1786487818,13.822494,100.512277,15.9,-0.1,0.0,0.1,89.2,89.2,0.0,0.01,0.1,16.2,100,AUTO.LOITER,0,0
2026-08-12T05:36:58,1786487819,13.822494,100.512277,15.9,-0.1,0.0,0.1,89.2,89.2,0.0,0.0,0.1,16.2,100,AUTO.LOITER,0,0
2026-08-12T05:36:59,1786487820,13.822494,100.512277,15.9,-0.1,0.0,0.1,89.2,89.2,0.0,0.0,0.1,16.2,100,AUTO.LOITER,0,0
2026-08-12T05:37:00,1786487821,13.822494,100.512277,15.9,-0.1,0.0,0.1,89.2,89.2,0.0,0.0,0.1,16.2,100,AUTO.LOITER,0,0
2026-08-12T05:37:01,1786487822,13.822494,100.512277,15.9,-0.1,0.0,0.1,89.1,89.1,-0.01,0.01,0.11,16.2,100,AUTO.LOITER,0,0
2026-08-12T05:37:02,1786487823,13.822494,100.512277,15.9,-0.11,-0.0,0.1,89.1,89.1,0.0,0.01,0.12,16.2,100,AUTO.LOITER,0,0
2026-08-12T05:37:03,1786487824,13.822494,100.512277,15.9,-0.11,-0.0,0.1,89.1,89.1,0.0,0.01,0.12,16.2,100,AUTO.LOITER,0,0
2026-08-12T05:37:04,1786487825,13.822494,100.512277,15.9,-0.11,-0.0,0.1,89.1,89.1,0.0,0.01,0.12,16.2,100,AUTO.LOITER,0,0
2026-08-12T05:37:05,1786487826,13.822494,100.512277,15.9,-0.11,-0.0,0.1,89.1,89.1,0.0,0.01,0.12,16.2,100,AUTO.LOITER,0,0
2026-08-12T05:37:06,1786487827,13.822494,100.512277,15.7,-0.11,-0.1,0.1,89.1,89.1,0.0,0.01,0.12,16.2,100,AUTO.LOITER,0,0
2026-08-12T05:37:07,1786487828,13.822494,100.512277,15.9,-0.12,-0.0,0.2,89.1,89.1,0.01,-0.01,0.13,16.2,100,AUTO.LOITER,0,0
2026-08-12T05:37:08,1786487829,13.822494,100.512277,15.9,-0.12,-0.0,0.1,89.1,89.1,0.01,-0.01,0.13,16.2,100,AUTO.LOITER,0,0
2026-08-12T05:37:09,1786487830,13.822494,100.512277,15.9,-0.12,-0.0,0.1,89.1,89.1,0.03,0.0,0.12,16.2,100,AUTO.LOITER,0,0
2026-08-12T05:37:10,1786487831,13.822494,100.512277,15.9,-0.11,0.0,0.1,89.1,89.1,0.01,0.0,0.12,16.2,100,AUTO.LOITER,0,0
2026-08-12T05:37:11,1786487832,13.822494,100.512277,15.9,-0.12,0.0,0.1,89.1,89.1,0.01,0.0,0.12,16.2,100,AUTO.LOITER,0,0
2026-08-12T05:37:12,1786487833,13.822494,100.512277,15.9,-0.12,0.1,0.1,89.1,89.1,0.0,0.0,0.12,16.2,100,AUTO.LOITER,0,0
2026-08-12T05:37:13,1786487834,13.822494,100.512277,15.9,-0.12,0.1,0.1,89.1,89.1,0.0,-0.01,0.12,16.2,100,AUTO.LOITER,0,0
2026-08-12T05:37:14,1786487835,13.822494,100.512277,15.9,-0.12,0.1,0.1,89.1,89.1,-0.01,-0.01,0.12,16.2,100,AUTO.LOITER,0,0
2026-08-12T05:37:15,1786487836,13.822494,100.512277,15.9,-0.12,0.1,0.1,89.0,89.0,-0.01,0.0,0.12,16.2,100,AUTO.LOITER,0,0
2026-08-12T05:37:16,1786487837,13.822494,100.512277,15.9,-0.11,0.1,0.1,89.0,89.0,-0.01,-0.01,0.12,16.2,100,AUTO.LOITER,0,0
2026-08-12T05:37:17,1786487838,13.822494,100.512277,15.9,-0.11,0.1,0.0,89.0,89.0,0.0,0.0,0.11,16.2,100,AUTO.LOITER,0,0
2026-08-12T05:37:18,1786487839,13.822494,100.512277,15.7,-0.11,0.1,0.0,89.0,89.0,0.0,0.0,0.11,16.2,100,AUTO.LOITER,0,0
2026-08-12T05:37:19,1786487840,13.822494,100.512277,15.7,-0.1,0.1,0.0,89.0,89.0,0.0,0.0,0.1,16.2,100,AUTO.LOITER,0,0
2026-08-12T05:37:20,1786487841,13.822494,100.512277,15.9,-0.1,0.1,0.0,89.0,89.0,0.0,-0.01,0.11,16.2,100,AUTO.LOITER,0,0
2026-08-12T05:37:21,1786487842,13.822494,100.512277,15.9,-0.11,0.1,0.0,89.0,89.0,0.0,-0.01,0.12,16.2,100,AUTO.LOITER,0,0
2026-08-12T05:37:22,1786487843,13.822494,100.512277,15.9,-0.11,0.1,0.0,89.1,89.1,0.0,0.0,0.11,16.2,100,AUTO.LOITER,0,0
2026-08-12T05:37:23,1786487844,13.822494,100.512277,15.9,-0.1,0.1,0.0,89.1,89.1,0.0,0.0,0.1,16.2,100,AUTO.LOITER,0,0
2026-08-12T05:37:24,1786487845,13.822494,100.512277,15.9,-0.1,0.1,0.0,89.0,89.0,0.0,0.0,0.09,16.2,100,AUTO.LOITER,0,0
2026-08-12T05:37:25,1786487846,13.822494,100.512277,15.9,-0.09,0.1,0.0,89.0,89.0,0.0,0.0,0.09,16.2,100,AUTO.LOITER,0,0
2026-08-12T05:37:26,1786487847,13.822494,100.512277,15.9,-0.1,0.1,0.0,89.1,89.1,0.0,0.0,0.1,16.2,100,AUTO.LOITER,0,0
2026-08-12T05:37:27,1786487848,13.822494,100.512277,15.9,-0.1,0.0,0.0,89.1,89.1,0.0,0.0,0.11,16.2,100,AUTO.LOITER,0,0
2026-08-12T05:37:28,1786487849,13.822494,100.512277,15.9,-0.11,0.0,0.0,89.1,89.1,0.0,0.0,0.11,16.2,100,AUTO.LOITER,0,0
2026-08-12T05:37:29,1786487850,13.822494,100.512277,15.9,-0.11,0.0,0.0,89.1,89.1,0.0,0.0,0.11,16.2,100,AUTO.LOITER,0,0
2026-08-12T05:37:30,1786487851,13.822494,100.512277,15.9,-0.11,0.0,0.0,89.1,89.1,0.01,0.01,0.11,16.2,100,AUTO.LOITER,0,0
2026-08-12T05:37:31,1786487852,13.822494,100.512277,15.9,-0.11,0.0,-0.0,89.1,89.1,0.0,0.03,0.11,16.2,100,AUTO.LOITER,0,0
2026-08-12T05:37:32,1786487853,13.822494,100.512277,15.7,-0.11,0.0,-0.0,89.1,89.1,0.0,0.03,0.11,16.2,100,AUTO.LOITER,0,0
2026-08-12T05:37:33,1786487854,13.822494,100.512277,15.8,-0.1,0.0,0.0,89.1,89.1,0.0,0.03,0.1,16.2,100,AUTO.LOITER,0,0
2026-08-12T05:37:34,1786487855,13.822494,100.512277,15.9,-0.1,0.0,0.0,89.1,89.1,0.0,0.02,0.09,16.2,100,AUTO.LOITER,0,0
2026-08-12T05:37:35,1786487856,13.822494,100.512277,15.9,-0.09,0.0,0.0,89.1,89.1,0.0,0.01,0.09,16.2,100,AUTO.LOITER,0,0
2026-08-12T05:37:36,1786487857,13.822494,100.512277,15.9,-0.1,0.1,0.0,89.1,89.1,0.0,0.01,0.1,16.2,100,AUTO.LOITER,0,0
2026-08-12T05:37:37,1786487858,13.822494,100.512277,15.9,-0.1,0.1,0.1,89.1,89.1,0.0,0.01,0.1,16.2,100,AUTO.LOITER,0,0
2026-08-12T05:37:38,1786487859,13.822494,100.512277,15.9,-0.11,0.0,0.1,89.1,89.1,0.0,0.01,0.11,16.2,100,AUTO.LOITER,0,0
2026-08-12T05:37:39,1786487860,13.822494,100.512277,15.9,-0.11,0.0,0.1,89.1,89.1,0.0,0.0,0.11,16.2,100,AUTO.LOITER,0,0
2026-08-12T05:37:40,1786487861,13.822494,100.512277,15.9,-0.1,0.0,0.1,89.1,89.1,0.0,0.02,0.09,16.2,100,AUTO.LOITER,0,0
2026-08-12T05:37:41,1786487862,13.822494,100.512277,15.9,-0.09,0.1,0.2,89.1,89.1,-0.01,0.01,0.08,16.2,100,AUTO.LOITER,0,0
2026-08-12T05:37:42,1786487863,13.822494,100.512277,15.9,-0.07,0.0,0.2,89.1,89.1,-0.01,0.01,0.07,16.2,100,AUTO.LOITER,0,0
2026-08-12T05:37:43,1786487864,13.822494,100.512277,15.9,-0.07,0.0,0.2,89.1,89.1,-0.01,0.01,0.07,16.2,100,AUTO.LOITER,0,0
2026-08-12T05:37:44,1786487865,13.822494,100.512277,15.9,-0.07,0.0,0.2,89.1,89.1,-0.01,0.0,0.07,16.2,100,AUTO.LOITER,0,0
2026-08-12T05:37:45,1786487866,13.822494,100.512277,15.8,-0.07,0.0,0.2,89.1,89.1,-0.01,0.0,0.07,16.2,100,AUTO.LOITER,0,0
2026-08-12T05:37:46,1786487867,13.822493,100.512277,15.7,-0.08,-0.0,0.3,89.1,89.1,0.0,0.0,0.07,16.2,100,AUTO.LOITER,0,0
2026-08-12T05:37:47,1786487868,13.822494,100.512277,15.7,-0.08,0.0,0.3,89.1,89.1,0.01,-0.01,0.08,16.2,100,AUTO.LOITER,0,0
2026-08-12T05:37:48,1786487869,13.822494,100.512277,15.9,-0.09,0.0,0.3,89.1,89.1,0.01,-0.01,0.09,16.2,100,AUTO.LOITER,0,0
2026-08-12T05:37:49,1786487870,13.822494,100.512277,15.9,-0.09,-0.0,0.3,89.1,89.1,0.02,0.0,0.09,16.2,100,AUTO.LOITER,0,0
2026-08-12T05:37:50,1786487871,13.822494,100.512277,15.9,-0.09,-0.0,0.3,89.1,89.1,0.02,0.0,0.09,16.2,100,AUTO.LOITER,0,0
2026-08-12T05:37:51,1786487872,13.822494,100.512277,15.9,-0.09,0.0,0.3,89.1,89.1,0.0,0.0,0.08,16.2,100,0,0,0
2026-08-12T05:37:52,1786487873,13.822494,100.512277,15.9,-0.08,0.0,0.3,89.1,89.1,0.0,0.0,0.07,16.2,100,AUTO.LOITER,0,0
2026-08-12T05:37:53,1786487874,13.822494,100.512277,15.9,-0.07,0.0,0.3,89.1,89.1,0.0,0.0,0.07,16.2,100,AUTO.LOITER,0,0
2026-08-12T05:37:54,1786487875,13.822494,100.512277,15.9,0.01,-0.0,0.3,89.1,89.1,0.0,0.0,0.06,16.2,100,AUTO.LOITER,1,0
2026-08-12T05:37:55,1786487876,13.822494,100.512277,15.9,0.01,-0.0,0.3,89.1,89.1,0.0,0.0,0.05,16.2,100,AUTO.LOITER,1,0
2026-08-12T05:37:56,1786487877,13.822494,100.512277,15.7,0.01,-0.0,0.3,89.1,89.1,0.0,0.0,0.05,16.2,100,AUTO.TAKEOFF,1,0
2026-08-12T05:37:57,1786487878,13.822494,100.512277,15.9,0.02,-0.0,0.3,89.1,89.1,0.01,0.0,0.04,16.2,100,0,0,0
2026-08-12T05:37:58,1786487879,13.822494,100.512277,16.0,0.09,-0.0,0.3,89.1,89.1,0.01,0.0,0.0,16.2,100,AUTO.TAKEOFF,1,1
2026-08-12T05:37:59,1786487880,13.822494,100.512277,16.2,0.27,-0.5,1.4,88.9,88.9,0.01,0.0,-0.03,16.2,100,AUTO.TAKEOFF,1,1
2026-08-12T05:38:00,1786487881,13.822494,100.512278,16.5,0.54,1.0,2.0,88.8,88.8,0.06,0.02,-0.64,16.2,100,AUTO.TAKEOFF,1,1
2026-08-12T05:38:01,1786487882,13.822494,100.512277,17.3,1.36,0.4,1.3,89.0,89.0,-0.01,-0.01,-0.76,16.2,100,AUTO.TAKEOFF,1,1
2026-08-12T05:38:02,1786487883,13.822494,100.512277,17.3,1.36,0.4,1.3,89.0,89.0,-0.01,-0.01,-0.76,16.2,100,0,0,1
2026-08-12T05:38:03,1786487884,13.822494,100.512277,17.8,1.36,0.4,1.3,89.0,89.0,-0.01,-0.01,-0.76,16.19,100,AUTO.LOITER,1,1
2026-08-12T05:38:04,1786487885,13.822494,100.512277,17.8,1.36,-2.6,13.8,80.7,80.7,-0.01,-0.01,-0.76,16.19,100,AUTO.LOITER,1,1
2026-08-12T05:38:05,1786487886,13.822498,100.51225,18.5,2.6,-4.0,0.5,46.5,46.5,0.37,-2.98,-0.27,16.19,100,AUTO.LOITER,1,1
2026-08-12T05:38:06,1786487887,13.822501,100.512226,18.8,2.91,5.4,0.2,18.4,18.4,0.47,-2.03,-0.2,16.19,100,AUTO.LOITER,1,1
2026-08-12T05:38:07,1786487888,13.822503,100.512214,19.1,3.13,0.8,-1.3,-1.0,359.0,0.15,-1.22,-0.08,16.19,100,AUTO.LOITER,1,1
2026-08-12T05:38:08,1786487889,13.822508,100.512204,19.2,3.29,-9.6,-9.8,-28.2,331.8,1.02,-1.31,-0.02,16.19,100,AUTO.LOITER,1,1
2026-08-12T05:38:09,1786487890,13.82252,100.512182,19.3,3.4,1.5,1.1,-53.9,306.1,1.54,-2.73,0.09,16.19,100,AUTO.LOITER,1,1
2026-08-12T05:38:10,1786487891,13.822533,100.51216,19.4,3.5,-0.9,-4.3,-62.5,297.5,1.54,-2.53,0.1,16.19,100,AUTO.LOITER,1,1
2026-08-12T05:38:11,1786487892,13.822533,100.51216,19.4,3.5,-1.4,-1.6,-65.9,294.1,1.54,-2.53,0.1,16.19,100,0,0,1
2026-08-12T05:38:12,1786487893,13.822533,100.51216,19.4,3.5,-1.2,1.8,-58.3,301.7,1.54,-2.53,0.1,16.19,100,0,0,1
2026-08-12T05:38:13,1786487894,13.822555,100.512125,19.6,3.61,10.6,7.3,-58.2,301.8,0.55,-1.07,0.18,16.19,100,AUTO.LOITER,1,1
2026-08-12T05:38:14,1786487895,13.822558,100.512126,19.6,3.65,8.4,-11.6,-38.6,321.4,1.13,0.61,0.19,16.19,100,0,0,1
2026-08-12T05:38:15,1786487896,13.822577,100.512135,19.6,3.7,-0.4,2.2,-2.4,357.6,2.96,0.94,0.27,16.18,100,AUTO.LOITER,1,1
2026-08-12T05:38:16,1786487897,13.822603,100.512141,19.6,3.69,-2.2,6.0,18.8,18.8,2.73,0.82,0.24,16.18,100,AUTO.LOITER,1,1
2026-08-12T05:38:17,1786487898,13.822625,100.512148,19.6,3.69,-1.3,4.3,19.8,19.8,2.07,0.67,0.22,16.18,100,AUTO.LOITER,1,1
2026-08-12T05:38:18,1786487899,13.822639,100.512152,19.6,3.69,-1.7,4.6,16.2,16.2,1.19,0.39,0.22,16.18,100,AUTO.LOITER,1,1
2026-08-12T05:38:19,1786487900,13.822646,100.512152,19.6,3.72,-9.3,9.9,11.3,11.3,-0.04,-0.69,0.18,16.18,100,AUTO.LOITER,1,1
2026-08-12T05:38:20,1786487901,13.822641,100.512136,19.7,3.78,-12.5,-5.1,-12.1,347.9,-0.75,-2.39,0.13,16.18,100,AUTO.LOITER,1,1
2026-08-12T05:38:21,1786487902,13.822637,100.512109,19.7,3.82,-3.7,-1.1,-46.1,313.9,-0.54,-2.95,0.15,16.18,99,AUTO.LOITER,1,1
2026-08-12T05:38:22,1786487903,13.822631,100.512084,19.8,3.89,0.1,-4.5,-67.2,292.8,-0.59,-3.06,0.11,16.18,99,AUTO.LOITER,1,1
2026-08-12T05:38:23,1786487904,13.822627,100.512056,19.9,3.96,0.0,-3.0,-89.9,270.1,-0.44,-3.0,0.11,16.18,99,AUTO.LOITER,1,1
2026-08-12T05:38:24,1786487905,13.822623,100.512032,20.0,4.03,1.0,2.7,-106.2,253.8,-0.31,-2.15,0.12,16.18,99,AUTO.LOITER,1,1
2026-08-12T05:38:25,1786487906,13.82262,100.512017,20.0,4.08,2.0,2.4,-96.0,264.0,-0.08,-1.33,0.16,16.18,99,AUTO.LOITER,1,1
2026-08-12T05:38:26,1786487907,13.822621,100.512012,20.0,4.1,6.2,8.8,-82.1,277.9,0.49,0.49,0.19,16.18,99,AUTO.LOITER,1,1
2026-08-12T05:38:27,1786487908,13.82263,100.512026,20.1,4.14,8.2,-0.7,-57.1,302.9,1.67,2.23,0.2,16.18,99,AUTO.LOITER,1,1
2026-08-12T05:38:28,1786487909,13.822647,100.512047,20.1,4.14,-3.0,-0.6,-41.5,318.5,1.77,2.35,0.21,16.18,99,AUTO.LOITER,1,1
2026-08-12T05:38:29,1786487910,13.822663,100.512069,20.1,4.13,0.7,-1.9,-15.9,344.1,1.76,2.5,0.2,16.18,99,AUTO.LOITER,1,1
2026-08-12T05:38:30,1786487911,13.822676,100.512086,20.1,4.13,-1.0,-0.5,6.4,6.4,1.76,2.5,0.2,16.17,99,AUTO.LOITER,1,1
2026-08-12T05:38:31,1786487912,13.822692,100.512109,20.1,4.14,-1.4,-0.5,32.0,32.0,1.73,2.42,0.19,16.17,99,AUTO.LOITER,1,1
2026-08-12T05:38:32,1786487913,13.822692,100.512109,20.1,4.14,-1.2,-0.4,44.9,44.9,1.73,2.42,0.19,16.17,99,0,0,1
2026-08-12T05:38:33,1786487914,13.822712,100.512136,20.1,4.16,-1.5,-0.2,56.7,56.7,1.69,2.29,0.19,16.17,99,0,0,1
2026-08-12T05:38:34,1786487915,13.822728,100.512158,20.1,4.17,-1.5,-0.6,48.8,48.8,1.72,2.25,0.22,16.17,99,AUTO.LOITER,1,1
2026-08-12T05:38:35,1786487916,13.822744,100.51218,20.1,4.2,-1.3,-0.9,49.5,49.5,1.76,2.28,0.22,16.17,99,AUTO.LOITER,1,1
2026-08-12T05:38:36,1786487917,13.82276,100.512202,20.1,4.2,-1.2,5.1,53.7,53.7,1.76,2.28,0.23,16.17,99,AUTO.LOITER,1,1
2026-08-12T05:38:37,1786487918,13.822773,100.512219,20.1,4.2,-0.3,4.4,54.0,54.0,1.04,1.41,0.24,16.17,99,AUTO.LOITER,1,1
2026-08-12T05:38:38,1786487919,13.82278,100.512229,20.1,4.2,-5.3,4.0,51.7,51.7,0.65,0.84,0.22,16.17,99,AUTO.LOITER,1,1
2026-08-12T05:38:39,1786487920,13.82278,100.512229,20.1,4.2,-9.2,-3.4,38.3,38.3,0.65,0.84,0.22,16.17,99,0,0,1
2026-08-12T05:38:40,1786487921,13.822805,100.51222,20.1,4.22,2.6,3.2,4.8,4.8,2.4,-0.95,0.27,16.17,99,0,0,1
2026-08-12T05:38:41,1786487922,13.82282,100.512215,20.1,4.21,-8.1,7.4,-20.9,339.1,0.68,-0.57,0.23,16.17,99,AUTO.LOITER,1,1
2026-08-12T05:38:42,1786487923,13.822817,100.512207,20.1,4.2,-8.3,-1.8,-41.7,318.3,-0.66,-1.01,0.22,16.17,99,AUTO.LOITER,1,1
2026-08-12T05:38:43,1786487924,13.822805,100.512189,20.1,4.2,-0.6,-1.3,-69.1,290.9,-1.76,-2.55,0.26,16.16,99,AUTO.LOITER,1,1
2026-08-12T05:38:44,1786487925,13.82279,100.512166,20.1,4.17,-1.6,-3.4,-93.8,266.2,-1.58,-2.28,0.2,16.16,99,AUTO.LOITER,1,1
2026-08-12T05:38:45,1786487926,13.822774,100.512143,20.1,4.16,0.2,-3.6,-105.8,254.2,-1.69,-2.51,0.18,16.16,99,AUTO.LOITER,1,1
2026-08-12T05:38:46,1786487927,13.822759,100.51212,20.1,4.16,0.7,-0.6,-127.3,232.7,-1.6,-2.41,0.17,16.16,99,AUTO.LOITER,1,1
2026-08-12T05:38:47,1786487928,13.822759,100.51212,20.1,4.16,1.2,-1.7,-130.8,229.2,-1.6,-2.41,0.17,16.16,99,0,0,1
2026-08-12T05:38:48,1786487929,13.822732,100.512081,20.0,4.16,1.2,-1.7,-130.8,229.2,-1.6,-2.41,0.17,16.16,98,AUTO.LOITER,1,1
2026-08-12T05:38:49,1786487930,13.822732,100.512081,20.0,4.16,0.7,-1.9,-124.0,236.0,-1.6,-2.41,0.17,16.16,98,0,0,1
2026-08-12T05:38:50,1786487931,13.822713,100.512052,20.0,4.12,0.5,-2.0,-125.6,234.4,-1.64,-2.48,0.14,16.16,98,AUTO.LOITER,1,1
2026-08-12T05:38:51,1786487932,13.822698,100.512029,20.0,4.12,0.3,-1.8,-124.0,236.0,-1.67,-2.48,0.14,16.16,98,AUTO.LOITER,1,1
2026-08-12T05:38:52,1786487933,13.822683,100.512006,20.1,4.13,0.9,4.7,-124.1,235.9,-1.6,-2.35,0.14,16.16,98,AUTO.LOITER,1,1
2026-08-12T05:38:53,1786487934,13.822672,100.51199,20.0,4.12,0.8,2.6,-124.5,235.5,-0.92,-1.38,0.15,16.16,98,AUTO.LOITER,1,1
2026-08-12T05:38:54,1786487935,13.822665,100.51198,20.1,4.13,6.6,4.5,-125.1,234.9,-0.52,-0.84,0.13,16.16,98,AUTO.LOITER,1,1
2026-08-12T05:38:55,1786487936,13.822668,100.511975,20.1,4.13,8.6,-7.5,-112.7,247.3,-0.52,-0.84,0.13,16.16,98,AUTO.LOITER,1,1
2026-08-12T05:38:56,1786487937,13.82268,100.511962,20.0,4.13,-5.2,8.5,-78.0,282.0,-0.52,-0.84,0.13,16.16,98,0,0,1
2026-08-12T05:38:57,1786487938,13.82269,100.511948,20.0,4.11,-5.2,8.5,-78.0,282.0,0.51,-0.17,0.13,16.16,98,AUTO.LOITER,1,1
2026-08-12T05:38:58,1786487939,13.822698,100.511955,20.0,4.1,-5.2,8.5,-78.0,282.0,1.0,1.32,0.08,16.16,98,AUTO.LOITER,1,1
2026-08-12T05:38:59,1786487940,13.822714,100.511975,20.0,4.09,-3.6,2.6,-5.0,355.0,1.96,2.49,0.12,16.15,98,AUTO.LOITER,1,1
2026-08-12T05:39:00,1786487941,13.82273,100.511996,20.0,4.1,1.5,-2.3,21.1,21.1,1.67,2.39,0.12,16.15,98,AUTO.LOITER,1,1
2026-08-12T05:39:01,1786487942,13.822746,100.512018,20.0,4.11,-0.7,-0.0,44.6,44.6,1.77,2.44,0.13,16.15,98,AUTO.LOITER,1,1
2026-08-12T05:39:02,1786487943,13.822763,100.51204,20.0,4.1,-0.7,-0.2,58.0,58.0,1.77,2.36,0.11,16.15,98,AUTO.LOITER,1,1
2026-08-12T05:39:03,1786487944,13.82278,100.512062,20.0,4.08,-0.5,0.1,55.3,55.3,1.77,2.32,0.11,16.15,98,AUTO.LOITER,1,1
2026-08-12T05:39:04,1786487945,13.822796,100.512084,20.0,4.08,-1.1,-0.5,48.1,48.1,1.8,2.31,0.09,16.15,98,AUTO.LOITER,1,1
2026-08-12T05:39:05,1786487946,13.822813,100.512106,20.0,4.06,-0.9,-0.5,50.9,50.9,1.85,2.31,0.09,16.15,98,AUTO.LOITER,1,1
2026-08-12T05:39:06,1786487947,13.822825,100.512122,19.8,4.06,-0.6,-0.4,52.8,52.8,1.85,2.31,0.09,16.15,98,AUTO.LOITER,1,1
2026-08-12T05:39:07,1786487948,13.822842,100.512144,19.7,4.05,-0.8,2.5,51.2,51.2,1.85,2.33,0.07,16.15,98,AUTO.LOITER,1,1
2026-08-12T05:39:08,1786487949,13.822853,100.512159,19.7,4.03,-0.3,5.6,51.5,51.5,1.59,2.0,0.04,16.15,98,AUTO.LOITER,1,1
2026-08-12T05:39:09,1786487950,13.822856,100.512163,20.0,4.03,-2.2,4.2,52.4,52.4,0.89,1.15,0.05,16.15,98,0,0,1
2026-08-12T05:39:10,1786487951,13.822863,100.512171,20.0,4.05,-8.6,1.4,42.6,42.6,0.75,0.41,0.0,16.15,98,AUTO.LOITER,1,1
2026-08-12T05:39:11,1786487952,13.822874,100.512166,20.0,4.05,2.2,1.0,10.1,10.1,1.64,-1.1,0.02,16.15,98,AUTO.LOITER,1,1
2026-08-12T05:39:12,1786487953,13.822894,100.512158,19.9,4.02,2.2,1.0,10.1,10.1,1.97,-0.71,0.04,16.15,98,AUTO.LOITER,1,1
2026-08-12T05:39:13,1786487954,13.822899,100.512153,19.6,4.02,-5.7,4.9,-27.7,332.3,1.97,-0.71,0.04,16.14,98,AUTO.LOITER,1,1
2026-08-12T05:39:14,1786487955,13.822893,100.512139,19.9,4.0,-16.8,-5.7,-49.9,310.1,-1.18,-1.64,-0.05,16.14,98,AUTO.LOITER,1,1
2026-08-12T05:39:15,1786487956,13.822878,100.512116,19.9,3.97,0.3,0.4,-77.7,282.3,-1.68,-2.51,0.02,16.14,98,0,0,1
2026-08-12T05:39:16,1786487957,13.822864,100.512095,19.9,3.97,-0.2,-4.6,-102.2,257.8,-1.79,-2.38,0.0,16.14,97,AUTO.LOITER,1,1
2026-08-12T05:39:17,1786487958,13.822848,100.512071,19.9,3.96,1.0,-2.4,-124.8,235.2,-1.69,-2.47,0.0,16.14,97,AUTO.LOITER,1,1
2026-08-12T05:39:18,1786487959,13.822833,100.512048,19.9,3.94,1.2,-3.0,-129.3,230.7,-1.65,-2.42,-0.04,16.14,97,AUTO.LOITER,1,1
2026-08-12T05:39:19,1786487960,13.822817,100.512026,19.8,3.92,1.1,-3.0,-121.2,238.8,-1.62,-2.43,-0.05,16.14,97,AUTO.LOITER,1,1
2026-08-12T05:39:20,1786487961,13.822802,100.512003,19.8,3.91,1.1,-3.3,-123.2,236.8,-1.61,-2.44,-0.06,16.14,97,AUTO.LOITER,1,1
2026-08-12T05:39:21,1786487962,13.822786,100.51198,19.8,3.9,0.9,-3.3,-125.7,234.3,-1.62,-2.47,-0.07,16.14,97,AUTO.LOITER,1,1
2026-08-12T05:39:22,1786487963,13.822771,100.511957,19.8,3.88,0.9,-3.2,-125.1,234.9,-1.64,-2.46,-0.08,16.14,97,AUTO.LOITER,1,1
2026-08-12T05:39:23,1786487964,13.822757,100.511937,19.8,3.88,0.4,4.3,-123.7,236.3,-1.23,-1.8,-0.08,16.14,97,AUTO.LOITER,1,1
2026-08-12T05:39:24,1786487965,13.822749,100.511924,19.8,3.86,1.6,1.2,-124.0,236.0,-0.62,-1.07,-0.13,16.14,97,AUTO.LOITER,1,1
2026-08-12T05:39:25,1786487966,13.822748,100.511923,19.3,3.86,-2.3,12.8,-129.1,230.9,-0.62,-1.07,-0.13,16.14,97,AUTO.LOITER,1,1
2026-08-12T05:39:26,1786487967,13.822755,100.511937,19.2,3.88,-6.1,8.6,-157.5,202.5,0.5,1.07,-0.1,16.14,97,AUTO.LOITER,1,1
2026-08-12T05:39:27,1786487968,13.822757,100.511943,19.8,3.88,1.6,-1.7,172.2,172.2,1.45,2.68,-0.07,16.14,97,0,0,1
2026-08-12T05:39:28,1786487969,13.822757,100.511943,19.8,3.88,0.1,0.1,151.2,151.2,1.45,2.68,-0.07,16.14,97,0,0,1
2026-08-12T05:39:29,1786487970,13.822781,100.511985,19.2,3.88,0.7,0.5,126.9,126.9,1.45,2.68,-0.07,16.13,97,AUTO.LOITER,1,1
2026-08-12T05:39:30,1786487971,13.822797,100.512016,19.8,3.89,0.5,0.4,100.3,100.3,1.41,2.63,-0.08,16.13,97,AUTO.LOITER,1,1
2026-08-12T05:39:31,1786487972,13.82281,100.51204,19.8,3.9,-0.5,0.8,75.8,75.8,1.36,2.59,-0.07,16.13,97,AUTO.LOITER,1,1
2026-08-12T05:39:32,1786487973,13.822823,100.512065,19.8,3.91,0.1,0.3,56.5,56.5,1.39,2.54,-0.06,16.13,97,AUTO.LOITER,1,1
2026-08-12T05:39:33,1786487974,13.822836,100.512089,19.8,3.91,0.2,0.4,55.4,55.4,1.37,2.56,-0.08,16.13,97,AUTO.LOITER,1,1
2026-08-12T05:39:34,1786487975,13.82285,100.512113,19.9,3.94,-0.5,4.2,64.1,64.1,1.31,2.54,-0.04,16.13,97,AUTO.LOITER,1,1
2026-08-12T05:39:35,1786487976,13.82286,100.512133,19.9,3.94,0.3,7.9,65.5,65.5,0.84,1.58,-0.02,16.13,97,AUTO.LOITER,1,1
2026-08-12T05:39:36,1786487977,13.822866,100.512144,19.9,3.94,0.3,7.9,65.5,65.5,0.42,0.98,-0.03,16.13,97,0,0,1
2026-08-12T05:39:37,1786487978,13.822869,100.512151,19.9,3.94,-0.4,3.0,60.0,60.0,0.25,0.47,-0.03,16.13,97,AUTO.LOITER,1,1
2026-08-12T05:39:38,1786487979,13.822871,100.512154,19.7,3.74,-0.6,4.6,60.8,60.8,0.04,0.08,0.38,16.13,97,AUTO.LOITER,1,1
2026-08-12T05:39:39,1786487980,13.822871,100.512154,19.3,3.35,-0.4,0.1,61.0,61.0,0.01,-0.02,0.34,16.13,96,AUTO.LOITER,1,1
2026-08-12T05:39:40,1786487981,13.822871,100.512154,18.9,2.96,-1.2,1.1,60.6,60.6,0.02,0.0,0.35,16.13,96,AUTO.LOITER,1,1
2026-08-12T05:39:41,1786487982,13.822871,100.512154,18.5,2.56,-0.7,0.5,60.5,60.5,0.06,-0.02,0.35,16.12,96,AUTO.LOITER,1,1
2026-08-12T05:39:42,1786487983,13.82287,100.512154,18.1,2.17,-0.4,0.5,60.7,60.7,0.04,0.01,0.31,16.12,96,AUTO.LOITER,1,1
2026-08-12T05:39:43,1786487984,13.82287,100.512154,17.4,2.17,-0.7,0.4,60.7,60.7,0.04,0.01,0.31,16.12,96,AUTO.LOITER,1,1
2026-08-12T05:39:44,1786487985,13.82287,100.512154,17.3,2.17,-0.2,0.3,60.6,60.6,0.04,0.01,0.31,16.12,96,0,0,1
2026-08-12T05:39:45,1786487986,13.82287,100.512154,17.3,2.17,-0.8,0.4,60.6,60.6,0.04,0.01,0.31,16.12,96,0,0,1
2026-08-12T05:39:46,1786487987,13.82287,100.512154,17.6,1.63,-0.3,0.3,60.6,60.6,0.06,0.01,0.07,16.12,96,0,0,1
2026-08-12T05:39:47,1786487988,13.822871,100.512154,17.5,1.58,-0.1,0.3,60.6,60.6,0.05,0.0,0.06,16.12,96,AUTO.LOITER,1,1
2026-08-12T05:39:48,1786487989,13.822871,100.512154,17.5,1.56,-0.4,0.7,60.6,60.6,0.03,0.03,0.05,16.12,96,0,0,1
2026-08-12T05:39:49,1786487990,13.822871,100.512154,17.5,1.55,-0.3,0.5,60.6,60.6,0.04,-0.01,0.05,16.12,96,0,0,1
2026-08-12T05:39:50,1786487991,13.822871,100.512154,17.5,1.54,-0.5,-0.1,60.6,60.6,0.03,-0.02,0.05,16.12,96,0,0,1
2026-08-12T05:39:51,1786487992,13.822871,100.512154,17.5,1.53,-0.4,-0.1,60.6,60.6,0.06,0.02,0.04,16.12,96,AUTO.LOITER,1,1
2026-08-12T05:39:52,1786487993,13.822871,100.512154,17.5,1.53,-0.3,0.1,60.6,60.6,0.06,0.02,0.04,16.12,96,AUTO.LOITER,1,1
2026-08-12T05:39:53,1786487994,13.822871,100.512154,17.5,1.54,-0.0,0.5,60.6,60.6,0.06,0.01,0.05,16.12,96,AUTO.LOITER,1,1
2026-08-12T05:39:54,1786487995,13.822871,100.512154,17.5,1.54,0.1,0.5,60.6,60.6,0.0,0.01,0.06,16.12,96,0,0,1
2026-08-12T05:39:55,1786487996,13.822871,100.512154,17.5,1.53,-0.5,0.4,60.6,60.6,0.0,0.04,0.05,16.12,96,AUTO.LOITER,1,1
2026-08-12T05:39:56,1786487997,13.822871,100.512154,17.5,1.53,0.2,0.1,60.6,60.6,0.0,0.01,0.05,16.11,96,AUTO.LOITER,1,1
2026-08-12T05:39:57,1786487998,13.822871,100.512154,17.5,1.53,-0.1,0.1,60.6,60.6,-0.01,0.06,0.05,16.11,96,AUTO.LOITER,1,1
2026-08-12T05:39:58,1786487999,13.822871,100.512154,17.5,1.53,-0.6,0.6,60.6,60.6,0.0,0.02,0.0,16.11,96,0,0,1
2026-08-12T05:39:59,1786488000,13.822871,100.512154,17.6,1.53,-0.2,0.6,60.6,60.6,0.0,0.02,0.0,16.11,96,AUTO.TAKEOFF,1,1
2026-08-12T05:40:00,1786488001,13.822871,100.512154,18.5,2.19,-0.7,0.6,60.6,60.6,0.0,0.03,-0.9,16.11,96,0,0,1
2026-08-12T05:40:01,1786488002,13.822871,100.512154,19.0,3.1,-0.2,0.5,60.6,60.6,0.0,0.02,-0.83,16.11,96,0,0,1
2026-08-12T05:40:02,1786488003,13.822871,100.512154,19.0,3.1,-0.8,0.1,60.6,60.6,0.0,0.02,-0.83,16.11,96,0,0,1
2026-08-12T05:40:03,1786488004,13.822871,100.512155,19.4,3.5,-0.9,1.1,60.6,60.6,0.05,0.09,-0.19,16.11,96,0,0,1
2026-08-12T05:40:04,1786488005,13.822871,100.512155,19.2,3.25,-0.4,1.0,60.6,60.6,0.02,0.04,0.38,16.11,96,0,0,1
2026-08-12T05:40:05,1786488006,13.822871,100.512156,18.8,2.9,-0.9,0.8,60.6,60.6,0.0,0.03,0.43,16.11,96,0,0,1
2026-08-12T05:40:06,1786488007,13.822871,100.512156,18.4,2.5,-0.9,0.7,60.6,60.6,0.0,0.0,0.44,16.11,95,0,0,1
2026-08-12T05:40:07,1786488008,13.822871,100.512156,18.0,2.08,-0.4,0.7,60.6,60.6,0.01,0.0,0.42,16.11,95,0,0,1
2026-08-12T05:40:08,1786488009,13.822871,100.512156,17.6,1.67,-1.3,1.0,60.6,60.6,0.02,0.03,0.31,16.11,95,0,0,1
2026-08-12T05:40:09,1786488010,13.822871,100.512156,17.3,1.36,-0.5,1.2,60.6,60.6,0.03,0.0,0.29,16.11,95,0,0,1
2026-08-12T05:40:10,1786488011,13.822871,100.512156,17.0,1.05,-0.6,0.8,60.6,60.6,0.0,0.0,0.28,16.11,95,0,0,1
2026-08-12T05:40:11,1786488012,13.822871,100.512156,16.7,0.75,-1.1,1.6,60.6,60.6,-0.02,0.0,0.26,16.11,95,0,0,1
2026-08-12T05:40:12,1786488013,13.822871,100.512156,16.4,0.46,-1.0,0.6,60.6,60.6,-0.01,-0.03,0.28,16.1,95,AUTO.LAND,1,1
2026-08-12T05:40:13,1786488014,13.822871,100.512156,16.6,0.64,-0.7,1.3,60.6,60.6,0.02,0.01,-0.89,16.1,95,0,0,1
2026-08-12T05:40:14,1786488015,13.822871,100.512156,17.5,1.56,-1.1,1.4,60.6,60.6,-0.01,0.0,-0.92,16.1,95,0,0,1
2026-08-12T05:40:15,1786488016,13.822871,100.512156,18.3,2.41,-1.4,1.3,60.6,60.6,-0.01,0.0,-0.74,16.1,95,0,0,1
2026-08-12T05:40:16,1786488017,13.822871,100.512156,18.3,2.41,-1.4,1.3,60.6,60.6,-0.01,0.0,-0.74,16.1,95,0,0,1
2026-08-12T05:40:17,1786488018,13.822871,100.512156,18.3,2.41,-1.4,1.3,60.6,60.6,-0.01,0.0,-0.74,16.1,95,0,0,1
2026-08-12T05:40:18,1786488019,13.822869,100.512158,18.8,2.41,13.6,-2.3,62.5,62.5,-0.01,0.0,-0.74,16.1,95,0,0,1
2026-08-12T05:40:19,1786488020,13.822847,100.512177,19.2,3.32,13.9,-2.2,70.7,70.7,-2.29,2.07,-0.14,16.1,95,0,0,1
2026-08-12T05:40:20,1786488021,13.822834,100.512189,18.9,3.32,3.5,-1.2,117.1,117.1,-2.29,2.07,-0.14,16.1,95,AUTO.LOITER,1,1
2026-08-12T05:40:21,1786488022,13.822813,100.512207,19.1,3.46,0.6,0.5,139.1,139.1,-2.28,1.91,-0.16,16.1,95,0,0,1
2026-08-12T05:40:22,1786488023,13.822792,100.512225,19.1,3.6,1.3,7.7,144.2,144.2,-2.33,1.97,-0.15,16.1,95,AUTO.LOITER,1,1
2026-08-12T05:40:23,1786488024,13.822788,100.512229,19.6,3.7,1.2,5.1,137.1,137.1,-1.68,1.44,-0.12,16.1,95,0,0,1
2026-08-12T05:40:24,1786488025,13.822777,100.512239,19.7,3.77,1.3,-0.3,140.1,140.1,-1.0,0.8,-0.1,16.1,95,0,0,1
2026-08-12T05:40:25,1786488026,13.822769,100.512246,19.7,3.83,0.7,10.0,152.8,152.8,-1.02,0.65,-0.09,16.09,95,0,0,1
2026-08-12T05:40:26,1786488027,13.822761,100.51225,19.8,3.87,2.6,2.7,156.2,156.2,-0.37,0.14,-0.05,16.09,95,0,0,1
2026-08-12T05:40:27,1786488028,13.82276,100.512251,19.5,3.6,3.3,-1.4,152.6,152.6,0.13,-0.09,0.33,16.09,95,0,0,1
2026-08-12T05:40:28,1786488029,13.822759,100.512251,19.2,3.24,1.0,2.0,150.4,150.4,0.03,-0.08,0.33,16.09,95,0,0,1
2026-08-12T05:40:29,1786488030,13.82276,100.51225,18.8,2.85,1.1,0.5,152.8,152.8,0.08,-0.05,0.35,16.09,95,0,0,1
2026-08-12T05:40:30,1786488031,13.82276,100.51225,18.4,2.45,0.9,1.3,152.8,152.8,0.03,0.02,0.35,16.09,95,0,0,1
2026-08-12T05:40:31,1786488032,13.82276,100.51225,18.0,2.05,1.4,0.4,152.0,152.0,0.03,0.01,0.34,16.09,95,0,0,1
2026-08-12T05:40:32,1786488033,13.82276,100.51225,17.6,1.66,1.1,0.7,152.4,152.4,-0.02,0.06,0.26,16.09,94,0,0,1
2026-08-12T05:40:33,1786488034,13.82276,100.51225,17.6,1.66,1.1,1.1,152.6,152.6,-0.02,0.06,0.26,16.09,94,0,0,1
2026-08-12T05:40:34,1786488035,13.82276,100.51225,16.6,1.66,1.3,0.9,152.3,152.3,-0.02,0.06,0.26,16.09,94,AUTO.LAND,1,1
2026-08-12T05:40:35,1786488036,13.82276,100.51225,16.6,1.66,1.3,0.9,152.3,152.3,-0.02,0.06,0.26,16.09,94,AUTO.LAND,1,1
2026-08-12T05:40:36,1786488037,13.82276,100.51225,16.6,1.66,1.3,0.9,152.3,152.3,-0.02,0.06,0.26,16.09,94,AUTO.LAND,1,1
2026-08-12T05:40:37,1786488038,13.82276,100.512251,16.0,1.66,1.0,0.9,152.4,152.4,-0.02,0.06,0.26,16.09,94,0,0,1
2026-08-12T05:40:38,1786488039,13.82276,100.512251,16.9,0.62,1.5,0.6,152.4,152.4,0.0,0.02,-0.93,16.09,94,0,0,1
2026-08-12T05:40:39,1786488040,13.82276,100.51225,17.8,1.54,0.9,1.0,152.4,152.4,-0.03,-0.03,-0.97,16.09,94,0,0,1
2026-08-12T05:40:40,1786488041,13.82276,100.51225,18.3,2.38,1.1,0.6,152.4,152.4,0.0,-0.03,-0.78,16.09,94,0,0,1
2026-08-12T05:40:41,1786488042,13.82276,100.51225,18.9,3.0,0.6,0.5,152.4,152.4,-0.02,-0.03,-0.58,16.08,94,0,0,1
2026-08-12T05:40:42,1786488043,13.82276,100.51225,19.1,3.15,8.7,4.3,153.9,153.9,-0.01,0.0,0.05,16.08,94,0,0,1
2026-08-12T05:40:43,1786488044,13.82276,100.512247,19.1,3.18,13.4,5.8,159.9,159.9,-0.02,-1.06,-0.14,16.08,94,0,0,1
2026-08-12T05:40:44,1786488045,13.82276,100.512226,19.2,3.26,13.4,5.8,159.9,159.9,-0.06,-2.95,-0.05,16.08,94,0,0,1
2026-08-12T05:40:45,1786488046,13.822758,100.512199,19.2,3.29,4.1,-1.3,-140.9,219.1,-0.12,-2.94,-0.09,16.08,94,0,0,1
2026-08-12T05:40:46,1786488047,13.822758,100.512172,19.3,3.33,0.9,-1.7,-120.3,239.7,-0.01,-3.07,-0.11,16.08,94,0,0,1
2026-08-12T05:40:47,1786488048,13.822757,100.512144,19.3,3.37,0.5,-2.4,-96.2,263.8,-0.01,-2.99,-0.15,16.08,94,0,0,1
2026-08-12T05:40:48,1786488049,13.822757,100.512115,19.3,3.41,-0.3,-1.8,-84.6,275.4,-0.04,-2.96,-0.19,16.08,94,0,0,1
2026-08-12T05:40:49,1786488050,13.822756,100.512088,19.4,3.46,0.0,-2.3,-93.7,266.3,-0.06,-2.91,-0.19,16.08,94,0,0,1
2026-08-12T05:40:50,1786488051,13.822755,100.51206,19.4,3.51,0.1,-1.8,-94.2,265.8,-0.08,-2.93,-0.2,16.08,94,0,0,1
2026-08-12T05:40:51,1786488052,13.822755,100.512032,19.5,3.57,0.2,-2.2,-91.6,268.4,-0.05,-2.92,-0.22,16.08,94,0,0,1
2026-08-12T05:40:52,1786488053,13.822754,100.512004,19.6,3.63,0.2,-2.2,-91.6,268.4,-0.08,-2.94,-0.22,16.08,94,AUTO.LOITER,1,1
2026-08-12T05:40:53,1786488054,13.822754,100.512004,19.6,3.63,0.2,-2.2,-91.6,268.4,-0.08,-2.94,-0.22,16.08,94,0,0,1
2026-08-12T05:40:54,1786488055,13.822753,100.511959,18.9,3.63,-0.3,5.7,-91.6,268.4,-0.08,-2.94,-0.22,16.07,94,AUTO.LOITER,1,1
2026-08-12T05:40:55,1786488056,13.822753,100.511959,18.9,3.63,-0.3,5.7,-91.6,268.4,-0.08,-2.94,-0.22,16.07,94,0,0,1
2026-08-12T05:40:56,1786488057,13.822754,100.511936,19.0,3.75,-0.3,5.7,-91.6,268.4,0.0,-1.12,-0.19,16.07,94,AUTO.LOITER,1,1
2026-08-12T05:40:57,1786488058,13.822754,100.511933,19.7,3.78,3.2,7.2,-99.5,260.5,-0.05,-1.02,-0.19,16.07,94,0,0,1
2026-08-12T05:40:58,1786488059,13.822753,100.511927,19.7,3.8,0.2,2.4,-101.3,258.7,0.03,-0.26,-0.16,16.07,93,0,0,1
2026-08-12T05:40:59,1786488060,13.822752,100.511926,19.4,3.49,-0.3,-1.3,-97.1,262.9,-0.02,0.03,0.2,16.07,93,0,0,1
2026-08-12T05:41:00,1786488061,13.822752,100.511926,19.1,3.15,0.2,-0.8,-98.1,261.9,-0.02,-0.01,0.25,16.07,93,0,0,1
2026-08-12T05:41:01,1786488062,13.822752,100.511926,18.7,2.73,-0.4,-0.9,-99.1,260.9,0.01,0.0,0.24,16.07,93,0,0,1
2026-08-12T05:41:02,1786488063,13.822753,100.511926,18.2,2.33,-0.3,-1.3,-98.9,261.1,-0.01,0.0,0.23,16.07,93,0,0,1
2026-08-12T05:41:03,1786488064,13.822752,100.511926,17.9,1.94,0.0,-1.2,-98.5,261.5,-0.02,-0.03,0.24,16.07,93,AUTO.LAND,1,1
2026-08-12T05:41:04,1786488065,13.822752,100.511926,17.0,1.94,0.0,-1.2,-98.5,261.5,-0.02,-0.03,0.24,16.07,93,0,0,1
2026-08-12T05:41:05,1786488066,13.822752,100.511926,17.3,1.37,-0.3,-1.2,-98.7,261.3,0.02,0.0,0.2,16.07,93,0,0,1
2026-08-12T05:41:06,1786488067,13.822753,100.511926,17.0,1.08,-0.2,-1.4,-98.6,261.4,0.0,-0.01,0.21,16.07,93,0,0,1
2026-08-12T05:41:07,1786488068,13.822752,100.511926,16.7,0.79,0.1,-1.1,-98.6,261.4,-0.01,0.01,0.2,16.07,93,0,0,1
2026-08-12T05:41:08,1786488069,13.822752,100.511926,16.4,0.5,0.2,-1.1,-98.7,261.3,0.01,0.0,0.21,16.07,93,0,0,1
2026-08-12T05:41:09,1786488070,13.822752,100.511926,16.6,0.65,-0.6,-1.3,-98.6,261.4,0.03,-0.02,-0.97,16.07,93,0,0,1
2026-08-12T05:41:10,1786488071,13.822752,100.511926,17.5,1.57,-0.2,-1.3,-98.6,261.4,-0.02,-0.01,-1.01,16.06,93,0,0,1
2026-08-12T05:41:11,1786488072,13.822752,100.511926,18.3,2.4,0.0,-1.5,-98.6,261.4,0.0,0.0,-0.81,16.06,93,0,0,1
2026-08-12T05:41:12,1786488073,13.822752,100.511926,18.9,3.0,-0.5,-1.6,-98.6,261.4,-0.01,-0.03,-0.62,16.06,93,0,0,1
2026-08-12T05:41:13,1786488074,13.822752,100.511926,18.9,3.0,-0.2,-1.5,-98.6,261.4,-0.01,-0.03,-0.62,16.06,93,0,0,1
2026-08-12T05:41:14,1786488075,13.822752,100.511926,18.9,3.0,-10.7,6.5,-100.6,259.4,-0.01,-0.03,-0.62,16.06,93,0,0,1
2026-08-12T05:41:15,1786488076,13.822752,100.511926,18.9,3.0,-11.6,9.2,-106.9,253.1,-0.01,-0.03,-0.62,16.06,93,0,0,1
2026-08-12T05:41:16,1786488077,13.822733,100.51195,19.2,3.32,-2.2,-0.5,-153.2,206.8,-2.01,2.4,-0.17,16.06,93,0,0,1
2026-08-12T05:41:17,1786488078,13.822717,100.511969,19.3,3.42,1.1,-1.6,-177.2,182.8,-1.87,2.29,-0.17,16.06,93,0,0,1
2026-08-12T05:41:18,1786488079,13.8227,100.511991,19.4,3.48,0.8,-1.1,161.8,161.8,-2.01,2.32,-0.23,16.06,93,0,0,1
2026-08-12T05:41:19,1786488080,13.822683,100.512012,19.5,3.55,2.2,1.2,148.8,148.8,-1.98,2.24,-0.26,16.06,93,0,0,1
2026-08-12T05:41:20,1786488081,13.822668,100.51203,19.5,3.61,-0.1,5.4,125.9,125.9,-1.37,1.4,-0.27,16.06,93,0,0,1
2026-08-12T05:41:21,1786488082,13.82266,100.512041,19.6,3.67,2.1,4.6,129.2,129.2,-0.84,0.87,-0.25,16.06,93,0,0,1
2026-08-12T05:41:22,1786488083,13.822653,100.512047,19.6,3.69,5.1,-1.1,147.4,147.4,-1.09,0.12,-0.24,16.06,93,0,0,1
2026-08-12T05:41:23,1786488084,13.822645,100.512048,19.6,3.71,2.3,3.9,171.0,171.0,-0.33,-0.07,-0.22,16.05,93,0,0,1
2026-08-12T05:41:24,1786488085,13.822645,100.512048,19.6,3.71,1.0,3.2,176.2,176.2,-0.33,-0.07,-0.22,16.05,93,0,0,1
2026-08-12T05:41:25,1786488086,13.822644,100.512048,19.0,3.08,0.7,1.5,164.3,164.3,0.01,-0.13,0.15,16.05,92,0,0,1
2026-08-12T05:41:26,1786488087,13.822644,100.512047,18.6,2.71,0.7,1.5,164.3,164.3,0.13,-0.03,0.15,16.05,92,0,0,1
2026-08-12T05:41:27,1786488088,13.822645,100.512047,18.3,2.36,1.5,-0.3,169.2,169.2,0.06,0.0,0.19,16.05,92,0,0,1
2026-08-12T05:41:28,1786488089,13.822644,100.512047,17.1,2.36,1.7,0.4,168.7,168.7,0.06,0.0,0.19,16.05,92,0,0,1
2026-08-12T05:41:29,1786488090,13.822645,100.512047,16.8,2.02,1.6,0.0,167.1,167.1,0.07,-0.01,0.18,16.05,92,0,0,1
2026-08-12T05:41:30,1786488091,13.822645,100.512047,17.7,1.78,1.4,-0.2,168.0,168.0,0.06,0.01,0.09,16.05,92,0,0,1
2026-08-12T05:41:31,1786488092,13.822645,100.512047,17.6,1.63,1.8,0.0,168.3,168.3,0.02,0.02,0.02,16.05,92,0,0,1
2026-08-12T05:41:32,1786488093,13.822645,100.512047,17.5,1.53,1.4,-0.4,167.8,167.8,0.01,0.01,-0.01,16.05,92,0,0,1
2026-08-12T05:41:33,1786488094,13.822645,100.512047,17.4,1.48,-1.3,0.1,167.8,167.8,0.0,0.05,-0.03,16.05,92,0,0,1
2026-08-12T05:41:34,1786488095,13.822646,100.512049,17.4,1.44,2.8,-0.2,168.0,168.0,0.04,0.15,-0.06,16.05,92,0,0,1
2026-08-12T05:41:35,1786488096,13.822646,100.512049,17.2,1.27,1.3,0.1,168.1,168.1,0.0,0.03,0.2,16.05,92,0,0,1
2026-08-12T05:41:36,1786488097,13.822646,100.512049,16.9,0.98,1.8,-0.3,167.9,167.9,0.02,0.02,0.18,16.05,92,0,0,1
2026-08-12T05:41:37,1786488098,13.822646,100.512049,16.6,0.7,1.9,0.2,168.0,168.0,-0.02,0.0,0.18,16.05,92,0,0,1
2026-08-12T05:41:38,1786488099,13.822646,100.512049,16.8,0.83,1.3,-0.3,168.0,168.0,0.02,-0.04,-0.96,16.05,92,0,0,1
2026-08-12T05:41:39,1786488100,13.822646,100.512049,17.6,1.66,1.4,-0.2,168.0,168.0,-0.01,0.0,-0.72,16.04,92,0,0,1
2026-08-12T05:41:40,1786488101,13.822646,100.512049,18.1,2.2,1.6,-0.0,168.0,168.0,-0.01,0.0,-0.37,16.04,92,0,0,1
2026-08-12T05:41:41,1786488102,13.822646,100.51205,18.1,2.13,1.5,0.2,168.0,168.0,0.03,0.08,-0.13,16.04,92,0,0,1
2026-08-12T05:41:42,1786488103,13.822647,100.512061,18.2,2.25,-12.1,-3.2,161.0,161.0,0.2,2.17,-0.27,16.04,92,0,0,1
2026-08-12T05:41:43,1786488104,13.822649,100.512087,18.5,2.56,-1.7,-2.2,130.3,130.3,0.2,3.03,-0.34,16.04,92,0,0,1
2026-08-12T05:41:44,1786488105,13.822651,100.512105,17.4,2.56,-0.2,-1.6,101.5,101.5,0.2,3.03,-0.34,16.04,92,0,0,1
2026-08-12T05:41:45,1786488106,13.822653,100.512127,17.4,2.77,-0.0,5.9,83.8,83.8,0.16,2.87,-0.3,16.04,92,AUTO.LOITER,1,1
2026-08-12T05:41:46,1786488107,13.822653,100.512132,18.8,2.89,0.4,4.5,83.8,83.8,0.07,1.76,-0.32,16.04,92,AUTO.LOITER,1,1
2026-08-12T05:41:47,1786488108,13.822654,100.512144,18.9,2.98,10.1,8.0,98.2,98.2,-0.1,0.94,-0.34,16.04,92,0,0,1
2026-08-12T05:41:48,1786488109,13.822646,100.512143,18.9,3.01,6.0,-5.5,125.4,125.4,-1.69,-0.77,-0.34,16.04,92,AUTO.LOITER,1,1
2026-08-12T05:41:49,1786488110,13.822622,100.512135,19.0,3.05,4.1,0.8,154.1,154.1,-3.02,-0.78,-0.31,16.04,92,0,0,1
2026-08-12T05:41:50,1786488111,13.822598,100.512129,19.0,3.09,-1.6,4.1,165.0,165.0,-2.6,-1.01,-0.31,16.04,92,0,0,1
2026-08-12T05:41:51,1786488112,13.822579,100.512122,19.0,3.12,0.1,3.7,-172.7,187.3,-1.63,-0.6,-0.3,16.04,91,0,0,1
2026-08-12T05:41:52,1786488113,13.822568,100.512119,19.1,3.14,-8.3,7.9,-155.5,204.5,-0.83,-0.15,-0.34,16.04,91,0,0,1
2026-08-12T05:41:53,1786488114,13.82256,100.512128,19.1,3.2,-12.7,-8.7,-163.3,196.7,-1.03,1.81,-0.33,16.04,91,0,0,1
2026-08-12T05:41:54,1786488115,13.822543,100.51215,19.1,3.18,-0.6,1.8,163.4,163.4,-1.79,2.28,-0.25,16.03,91,0,0,1
2026-08-12T05:41:55,1786488116,13.822528,100.512169,19.1,3.17,1.5,4.7,137.2,137.2,-1.45,2.01,-0.28,16.03,91,0,0,1
2026-08-12T05:41:56,1786488117,13.822521,100.512179,17.5,3.17,-0.1,3.4,122.9,122.9,-1.45,2.01,-0.28,16.03,91,0,0,1
2026-08-12T05:41:58,1786488118,13.822521,100.512179,17.5,3.17,-6.8,-7.9,124.2,124.2,-1.45,2.01,-0.28,16.03,91,0,0,1
2026-08-12T05:41:59,1786488119,13.82251,100.512213,19.1,3.19,-1.9,-13.2,117.5,117.5,-0.69,3.01,-0.25,16.03,91,0,0,1
2026-08-12T05:42:00,1786488120,13.822503,100.512239,19.1,3.17,-0.9,4.6,96.6,96.6,-0.69,2.36,-0.31,16.03,91,0,0,1
2026-08-12T05:42:01,1786488121,13.822499,100.512255,19.1,3.18,-0.1,3.6,107.3,107.3,-0.47,1.6,-0.28,16.03,91,0,0,1
2026-08-12T05:42:02,1786488122,13.822497,100.512266,19.0,3.06,0.1,4.6,108.5,108.5,-0.23,0.73,0.16,16.03,91,0,0,1
2026-08-12T05:42:03,1786488123,13.822496,100.512269,18.7,2.74,-0.6,0.6,106.5,106.5,-0.13,0.22,0.01,16.03,91,0,0,1
2026-08-12T05:42:04,1786488124,13.822496,100.512271,16.8,2.74,-0.2,2.1,105.4,105.4,-0.13,0.22,0.01,16.03,91,0,0,1
2026-08-12T05:42:05,1786488125,13.822495,100.512272,16.6,2.41,-0.3,0.6,106.5,106.5,-0.03,0.03,0.0,16.03,91,0,0,1
2026-08-12T05:42:06,1786488126,13.822495,100.512271,18.0,2.1,-0.8,0.6,106.4,106.4,-0.02,-0.01,-0.02,16.03,91,0,0,1
2026-08-12T05:42:07,1786488127,13.822495,100.512271,18.0,2.1,-0.8,0.6,106.4,106.4,-0.02,-0.01,-0.02,16.03,91,0,0,1
2026-08-12T05:42:08,1786488128,13.822495,100.512272,17.5,1.62,-0.8,0.6,106.4,106.4,0.04,0.0,0.08,16.02,91,AUTO.LAND,1,1
2026-08-12T05:42:09,1786488129,13.822495,100.512272,17.3,1.36,-0.4,0.2,106.3,106.3,0.04,0.0,0.13,16.02,91,0,0,1
2026-08-12T05:42:10,1786488130,13.822495,100.512272,17.0,1.08,-0.4,0.5,106.2,106.2,0.01,0.02,0.15,16.02,91,0,0,1
2026-08-12T05:42:11,1786488131,13.822495,100.512271,16.8,0.87,-0.7,-0.2,106.3,106.3,0.0,-0.31,-0.29,16.02,91,0,0,1
2026-08-12T05:42:12,1786488132,13.822495,100.512271,17.0,1.09,-0.8,-0.5,106.2,106.2,0.0,-0.15,-0.29,16.02,91,0,0,1
2026-08-12T05:42:13,1786488133,13.822495,100.512271,17.1,1.14,-0.8,-0.6,106.1,106.1,0.0,0.01,-0.19,16.2,94,0,0,0
2026-08-12T05:42:14,1786488134,13.822495,100.512271,16.8,0.86,-0.8,-0.6,106.1,106.1,0.0,0.05,0.21,16.2,98,0,0,0
2026-08-12T05:42:15,1786488135,13.822495,100.512271,16.7,0.76,-0.9,-0.6,106.0,106.0,0.0,0.03,0.21,16.2,100,AUTO.LOITER,0,0
2026-08-12T05:42:16,1786488136,13.822495,100.512271,16.7,0.79,-0.9,-0.7,106.0,106.0,0.01,0.03,0.14,16.2,100,AUTO.LOITER,0,0
2026-08-12T05:42:17,1786488137,13.822495,100.512271,16.7,0.81,-0.9,-0.7,105.9,105.9,0.01,0.03,0.08,16.2,100,AUTO.LOITER,0,0
2026-08-12T05:42:18,1786488138,13.822495,100.512271,16.8,0.84,-0.9,-0.7,105.9,105.9,0.01,0.03,0.03,16.2,100,AUTO.LOITER,0,0
2026-08-12T05:42:19,1786488139,13.822495,100.512272,16.8,0.86,-0.8,-0.7,105.8,105.8,0.01,0.03,0.02,16.2,100,AUTO.LOITER,0,0
2026-08-12T05:42:20,1786488140,13.822495,100.512272,16.8,0.86,-0.8,-0.7,105.8,105.8,0.02,0.04,0.02,16.2,100,AUTO.LOITER,0,0
2026-08-12T05:42:21,1786488141,13.822495,100.512272,16.8,0.86,-0.7,-0.7,105.8,105.8,0.0,0.04,0.01,16.2,100,AUTO.LOITER,0,0
2026-08-12T05:42:22,1786488142,13.822495,100.512272,16.8,0.87,-0.7,-0.7,105.8,105.8,0.0,0.03,0.01,16.2,100,AUTO.LOITER,0,0
2026-08-12T05:42:23,1786488143,13.822495,100.512271,15.4,0.87,-0.7,-0.6,105.7,105.7,0.0,0.03,0.01,16.2,100,AUTO.LOITER,0,0
2026-08-12T05:42:24,1786488144,13.822494,100.512271,15.4,0.86,-0.6,-0.6,105.7,105.7,0.0,0.0,0.02,16.2,100,AUTO.LOITER,0,0
2026-08-12T05:42:25,1786488145,13.822495,100.512271,16.8,0.84,-0.6,-0.6,105.7,105.7,0.0,0.0,0.03,16.2,100,AUTO.LOITER,0,0
2026-08-12T05:42:26,1786488146,13.822495,100.512272,16.8,0.84,-0.6,-0.6,105.6,105.6,-0.01,0.01,0.03,16.2,100,AUTO.LOITER,0,0
2026-08-12T05:42:27,1786488147,13.822495,100.512271,16.8,0.84,-0.6,-0.6,105.6,105.6,0.0,0.0,0.03,16.2,100,AUTO.LOITER,0,0
2026-08-12T05:42:28,1786488148,13.822494,100.512271,16.8,0.85,-0.5,-0.6,105.6,105.6,0.0,0.0,0.02,16.2,100,AUTO.LOITER,0,0
2026-08-12T05:42:29,1786488149,13.822494,100.512271,16.8,0.85,-0.5,-0.6,105.6,105.6,0.0,0.0,0.02,16.2,100,AUTO.LOITER,0,0
2026-08-12T05:42:30,1786488150,13.822495,100.512272,16.8,0.84,-0.5,-0.6,105.5,105.5,0.0,0.0,0.02,16.2,100,AUTO.LOITER,0,0
2026-08-12T05:42:31,1786488151,13.822495,100.512272,16.8,0.84,-0.5,-0.7,105.5,105.5,0.01,0.01,0.01,16.2,100,AUTO.LOITER,0,0
2026-08-12T05:42:32,1786488152,13.822495,100.512272,16.8,0.85,-0.4,-0.6,105.5,105.5,0.01,0.0,0.01,16.2,100,AUTO.LOITER,0,0
2026-08-12T05:42:33,1786488153,13.822495,100.512272,16.8,0.85,-0.4,-0.7,105.5,105.5,0.01,0.0,0.01,16.2,100,AUTO.LOITER,0,0
2026-08-12T05:42:34,1786488154,13.822495,100.512272,16.8,0.85,-0.4,-0.7,105.4,105.4,0.01,0.0,0.01,16.2,100,AUTO.LOITER,0,0
2026-08-12T05:42:35,1786488155,13.822495,100.512272,16.8,0.85,-0.3,-0.7,105.4,105.4,0.0,0.0,0.01,16.2,100,AUTO.LOITER,0,0
2026-08-12T05:42:36,1786488156,13.822495,100.512272,16.8,0.85,-0.3,-0.7,105.4,105.4,0.0,0.0,0.01,16.2,100,AUTO.LOITER,0,0
2026-08-12T05:42:37,1786488157,13.822495,100.512272,16.8,0.85,-0.3,-0.7,105.4,105.4,0.0,0.0,0.01,16.2,100,AUTO.LOITER,0,0
2026-08-12T05:42:38,1786488158,13.822495,100.512272,15.4,0.85,-0.3,-0.7,105.4,105.4,0.0,0.0,0.01,16.2,100,AUTO.LOITER,0,0
2026-08-12T05:42:39,1786488159,13.822495,100.512272,15.4,0.84,-0.2,-0.7,105.4,105.4,0.01,0.01,0.02,16.2,100,AUTO.LOITER,0,0
2026-08-12T05:42:40,1786488160,13.822495,100.512272,16.8,0.84,-0.2,-0.7,105.4,105.4,0.0,0.01,0.01,16.2,100,AUTO.LOITER,0,0
2026-08-12T05:42:41,1786488161,13.822495,100.512272,16.8,0.85,-0.2,-0.8,105.3,105.3,-0.02,0.01,0.01,16.2,100,AUTO.LOITER,0,0
2026-08-12T05:42:42,1786488162,13.822494,100.512272,16.8,0.85,-0.2,-0.8,105.3,105.3,-0.02,0.02,0.0,16.2,100,AUTO.LOITER,0,0
2026-08-12T05:42:43,1786488163,13.822494,100.512272,16.8,0.86,-0.2,-0.7,105.3,105.3,-0.01,0.03,0.0,16.2,100,AUTO.LOITER,0,0
2026-08-12T05:42:44,1786488164,13.822494,100.512272,16.8,0.87,-0.2,-0.7,105.3,105.3,-0.01,0.02,0.0,16.2,100,AUTO.LOITER,0,0
2026-08-12T05:42:45,1786488165,13.822494,100.512272,15.4,0.87,-0.1,-0.7,105.3,105.3,-0.01,0.02,0.0,16.2,100,AUTO.LOITER,0,0
2026-08-12T05:42:46,1786488166,13.822494,100.512272,16.8,0.87,-0.1,-0.7,105.3,105.3,-0.01,0.0,-0.01,16.2,100,AUTO.LOITER,0,0
2026-08-12T05:42:47,1786488167,13.822494,100.512272,16.8,0.87,-0.1,-0.7,105.3,105.3,-0.02,-0.01,-0.01,16.2,100,AUTO.LOITER,0,0
2026-08-12T05:42:48,1786488168,13.822494,100.512271,16.8,0.88,-0.1,-0.7,105.3,105.3,-0.01,-0.03,-0.01,16.2,100,AUTO.LOITER,0,0
2026-08-12T05:42:49,1786488169,13.822494,100.512271,16.8,0.87,-0.1,-0.8,105.3,105.3,0.0,-0.02,0.0,16.2,100,AUTO.LOITER,0,0
2026-08-12T05:42:50,1786488170,13.822495,100.512271,16.8,0.86,-0.1,-0.8,105.3,105.3,0.0,0.0,0.0,16.2,100,AUTO.LOITER,0,0
2026-08-12T05:42:51,1786488171,13.822495,100.512272,16.8,0.85,-0.1,-0.8,105.3,105.3,0.0,0.0,0.0,16.2,100,AUTO.LOITER,0,0
2026-08-12T05:42:52,1786488172,13.822495,100.512272,15.4,0.85,-0.1,-0.8,105.3,105.3,0.0,0.0,0.0,16.2,100,AUTO.LOITER,0,0
2026-08-12T05:42:53,1786488173,13.822495,100.512272,16.8,0.86,-0.1,-0.8,105.3,105.3,0.0,0.0,0.0,16.2,100,AUTO.LOITER,0,0
2026-08-12T05:42:54,1786488174,13.822494,100.512271,15.4,0.86,-0.1,-0.8,105.3,105.3,0.0,0.0,0.0,16.2,100,AUTO.LOITER,0,0
2026-08-12T05:42:55,1786488175,13.822494,100.512272,15.4,0.86,-0.1,-0.8,105.3,105.3,0.0,0.0,0.0,16.2,100,AUTO.LOITER,0,0
2026-08-12T05:42:56,1786488176,13.822494,100.512272,15.4,0.86,-0.0,-0.8,105.2,105.2,0.0,0.0,0.0,16.2,100,AUTO.LOITER,0,0
2026-08-12T05:42:57,1786488177,13.822494,100.512271,16.8,0.88,-0.0,-0.8,105.2,105.2,-0.01,0.0,-0.02,16.2,100,AUTO.LOITER,0,0
2026-08-12T05:42:58,1786488178,13.822495,100.512271,16.8,0.88,-0.1,-0.9,105.2,105.2,0.0,0.0,-0.01,16.2,100,AUTO.LOITER,0,0
2026-08-12T05:42:59,1786488179,13.822495,100.512271,16.8,0.87,-0.0,-0.9,105.2,105.2,0.0,0.0,0.0,16.2,100,AUTO.LOITER,0,0
2026-08-12T05:43:00,1786488180,13.822494,100.512271,16.8,0.87,-0.0,-0.9,105.2,105.2,-0.01,0.0,0.0,16.2,100,AUTO.LOITER,0,0
2026-08-12T05:43:01,1786488181,13.822495,100.512272,16.8,0.87,-0.0,-0.9,105.2,105.2,0.0,0.01,0.0,16.2,100,AUTO.LOITER,0,0
2026-08-12T05:43:02,1786488182,13.822495,100.512272,15.4,0.87,-0.0,-0.9,105.2,105.2,0.0,0.01,0.0,16.2,100,AUTO.LOITER,0,0
2026-08-12T05:43:03,1786488183,13.822495,100.512272,16.8,0.86,-0.0,-0.9,105.2,105.2,0.0,0.03,0.0,16.2,100,AUTO.LOITER,0,0
2026-08-12T05:43:04,1786488184,13.822495,100.512272,16.8,0.87,0.0,-0.9,105.2,105.2,0.0,0.03,-0.01,16.2,100,AUTO.LOITER,0,0
2026-08-12T05:43:05,1786488185,13.822495,100.512272,16.8,0.87,0.0,-0.8,105.2,105.2,0.0,0.03,-0.01,16.2,100,AUTO.LOITER,0,0
2026-08-12T05:43:06,1786488186,13.822495,100.512272,16.8,0.87,0.1,-0.8,105.2,105.2,0.0,0.01,-0.01,16.2,100,AUTO.LOITER,0,0
2026-08-12T05:43:07,1786488187,13.822495,100.512272,16.8,0.87,0.1,-0.8,105.2,105.2,0.0,0.0,-0.01,16.2,100,AUTO.LOITER,0,0
2026-08-12T05:43:08,1786488188,13.822495,100.512271,16.8,0.88,0.1,-0.8,105.2,105.2,0.0,-0.01,-0.02,16.2,100,AUTO.LOITER,0,0
2026-08-12T05:43:09,1786488189,13.822495,100.512271,16.8,0.88,0.1,-0.8,105.2,105.2,0.0,0.0,-0.01,16.2,100,AUTO.LOITER,0,0
2026-08-12T05:43:10,1786488190,13.822495,100.512271,16.8,0.87,0.1,-0.8,105.2,105.2,-0.02,0.0,0.0,16.2,100,AUTO.LOITER,0,0
2026-08-12T05:43:11,1786488191,13.822495,100.512271,15.4,0.87,0.1,-0.8,105.2,105.2,-0.02,0.0,0.0,16.2,100,AUTO.LOITER,0,0
2026-08-12T05:43:12,1786488192,13.822495,100.512272,15.4,0.87,0.1,-0.8,105.2,105.2,-0.02,0.0,0.0,16.2,100,AUTO.LOITER,0,0
2026-08-12T05:43:13,1786488193,13.822495,100.512272,15.4,0.87,0.1,-0.8,105.2,105.2,-0.02,0.0,0.0,16.2,100,AUTO.LOITER,0,0
2026-08-12T05:43:14,1786488194,13.822495,100.512272,15.4,0.87,0.1,-0.8,105.2,105.2,-0.02,0.0,0.0,16.2,100,AUTO.LOITER,0,0
2026-08-12T05:43:15,1786488195,13.822494,100.512272,16.8,0.83,0.1,-0.8,105.2,105.2,-0.01,0.01,0.04,16.2,100,AUTO.LOITER,0,0
2026-08-12T05:43:16,1786488196,13.822495,100.512272,16.8,0.83,0.1,-0.7,105.2,105.2,-0.01,0.01,0.03,16.2,100,AUTO.LOITER,0,0
2026-08-12T05:43:17,1786488197,13.822495,100.512272,16.8,0.83,0.1,-0.7,105.2,105.2,-0.02,0.01,0.03,16.2,100,AUTO.LOITER,0,0
2026-08-12T05:43:18,1786488198,13.822494,100.512272,16.7,0.83,0.1,-0.7,105.2,105.2,-0.03,0.01,0.04,16.2,100,AUTO.LOITER,0,0
2026-08-12T05:43:19,1786488199,13.822494,100.512271,16.8,0.83,0.1,-0.7,105.2,105.2,-0.02,0.0,0.03,16.2,100,AUTO.LOITER,0,0
2026-08-12T05:43:20,1786488200,13.822495,100.512272,15.4,0.83,0.1,-0.7,105.2,105.2,-0.02,0.0,0.03,16.2,100,AUTO.LOITER,0,0
2026-08-12T05:43:21,1786488201,13.822495,100.512271,16.8,0.84,0.1,-0.7,105.2,105.2,-0.01,-0.01,0.02,16.2,100,AUTO.LOITER,0,0
2026-08-12T05:43:22,1786488202,13.822495,100.512271,16.8,0.84,0.0,-0.7,105.2,105.2,-0.01,-0.01,0.02,16.2,100,AUTO.LOITER,0,0
2026-08-12T05:43:23,1786488203,13.822495,100.512271,16.8,0.84,0.0,-0.7,105.2,105.2,-0.01,-0.01,0.02,16.2,100,AUTO.LOITER,0,0
2026-08-12T05:43:24,1786488204,13.822495,100.512271,16.8,0.83,0.0,-0.7,105.2,105.2,-0.02,0.0,0.03,16.2,100,AUTO.LOITER,0,0
2026-08-12T05:43:25,1786488205,13.822495,100.512271,16.8,0.83,0.0,-0.7,105.2,105.2,-0.01,0.0,0.02,16.2,100,AUTO.LOITER,0,0
2026-08-12T05:43:26,1786488206,13.822495,100.512271,16.8,0.84,0.0,-0.7,105.2,105.2,-0.01,-0.01,0.02,16.2,100,AUTO.LOITER,0,0
2026-08-12T05:43:27,1786488207,13.822495,100.512271,16.8,0.84,0.0,-0.8,105.2,105.2,0.0,0.0,0.01,16.2,100,AUTO.LOITER,0,0
2026-08-12T05:43:28,1786488208,13.822495,100.512271,16.8,0.85,0.0,-0.8,105.2,105.2,0.0,0.0,0.01,16.2,100,AUTO.LOITER,0,0
2026-08-12T05:43:29,1786488209,13.822495,100.512272,15.5,0.85,0.1,-0.8,105.2,105.2,0.0,0.0,0.01,16.2,100,AUTO.LOITER,0,0
2026-08-12T05:43:30,1786488210,13.822495,100.512271,16.8,0.85,0.0,-0.8,105.2,105.2,-0.01,0.02,0.01,16.2,100,AUTO.LOITER,0,0
2026-08-12T05:43:31,1786488211,13.822495,100.512272,16.8,0.84,0.0,-0.8,105.2,105.2,0.0,0.03,0.02,16.2,100,AUTO.LOITER,0,0
2026-08-12T05:43:32,1786488212,13.822495,100.512272,16.8,0.84,0.1,-0.8,105.2,105.2,0.0,0.02,0.03,16.2,100,AUTO.LOITER,0,0
2026-08-12T05:43:33,1786488213,13.822495,100.512272,16.8,0.84,0.1,-0.8,105.2,105.2,0.0,0.02,0.03,16.2,100,AUTO.LOITER,0,0
2026-08-12T05:43:34,1786488214,13.822495,100.512272,16.8,0.83,0.1,-0.7,105.2,105.2,-0.01,0.0,0.02,16.2,100,AUTO.LOITER,0,0
2026-08-12T05:43:35,1786488215,13.822495,100.512272,16.8,0.84,0.1,-0.7,105.2,105.2,-0.01,0.0,0.02,16.2,100,AUTO.LOITER,0,0
2026-08-12T05:43:36,1786488216,13.822495,100.512272,16.8,0.84,0.0,-0.7,105.2,105.2,-0.01,0.0,0.01,16.2,100,AUTO.LOITER,0,0
2026-08-12T05:43:37,1786488217,13.822495,100.512272,16.8,0.85,0.0,-0.8,105.2,105.2,0.0,-0.01,0.01,16.2,100,AUTO.LOITER,0,0
2026-08-12T05:43:38,1786488218,13.822495,100.512271,16.8,0.85,0.0,-0.8,105.2,105.2,0.0,-0.01,0.0,16.2,100,AUTO.LOITER,0,0
2026-08-12T05:43:39,1786488219,13.822495,100.512271,16.8,0.85,0.0,-0.8,105.3,105.3,0.0,0.0,0.0,16.2,100,AUTO.LOITER,0,0
2026-08-12T05:43:40,1786488220,13.822495,100.512271,16.8,0.85,0.0,-0.8,105.3,105.3,0.0,0.0,0.0,16.2,100,AUTO.LOITER,0,0
2026-08-12T05:43:41,1786488221,13.822495,100.512271,16.8,0.85,0.0,-0.8,105.3,105.3,0.0,0.0,0.0,16.2,100,AUTO.LOITER,0,0
2026-08-12T05:43:42,1786488222,13.822494,100.512271,16.8,0.84,0.0,-0.8,105.3,105.3,-0.02,0.0,0.01,16.2,100,AUTO.LOITER,0,0
2026-08-12T05:43:43,1786488223,13.822494,100.512272,16.8,0.83,0.0,-0.8,105.3,105.3,-0.02,0.02,0.03,16.2,100,AUTO.LOITER,0,0
2026-08-12T05:43:44,1786488224,13.822494,100.512272,16.7,0.82,0.0,-0.8,105.3,105.3,-0.02,0.02,0.04,16.2,100,AUTO.LOITER,0,0
2026-08-12T05:43:45,1786488225,13.822494,100.512272,16.7,0.82,0.0,-0.8,105.3,105.3,-0.01,0.02,0.04,16.2,100,AUTO.LOITER,0,0
2026-08-12T05:43:46,1786488226,13.822494,100.512272,16.7,0.82,0.0,-0.8,105.3,105.3,0.0,0.01,0.03,16.2,100,AUTO.LOITER,0,0
2026-08-12T05:43:47,1786488227,13.822495,100.512272,15.4,0.82,0.0,-0.8,105.3,105.3,0.0,0.01,0.03,16.2,100,AUTO.LOITER,0,0
2026-08-12T05:43:48,1786488228,13.822494,100.512271,15.4,0.83,0.0,-0.8,105.3,105.3,0.0,0.0,0.03,16.2,100,AUTO.LOITER,0,0
2026-08-12T05:43:49,1786488229,13.822495,100.512271,15.4,0.83,0.0,-0.8,105.3,105.3,0.0,0.0,0.01,16.2,100,AUTO.LOITER,0,0
2026-08-12T05:43:50,1786488230,13.822495,100.512271,16.8,0.84,0.0,-0.8,105.3,105.3,0.01,-0.01,0.01,16.2,100,AUTO.LOITER,0,0
2026-08-12T05:43:51,1786488231,13.822495,100.512271,16.8,0.85,0.0,-0.9,105.3,105.3,0.01,-0.01,0.0,16.2,100,AUTO.LOITER,0,0
2026-08-12T05:43:52,1786488232,13.822495,100.512271,16.8,0.85,0.1,-0.9,105.3,105.3,0.0,0.0,0.0,16.2,100,AUTO.LOITER,0,0
2026-08-12T05:43:53,1786488233,13.822495,100.512272,16.8,0.85,0.1,-0.9,105.3,105.3,0.0,0.02,0.0,16.2,100,AUTO.LOITER,0,0
2026-08-12T05:43:54,1786488234,13.822495,100.512272,16.8,0.86,0.1,-1.0,105.3,105.3,0.0,0.03,0.0,16.2,100,AUTO.LOITER,0,0
2026-08-12T05:43:55,1786488235,13.822495,100.512272,16.8,0.86,0.1,-1.0,105.3,105.3,0.0,0.03,0.0,16.2,100,AUTO.LOITER,0,0
2026-08-12T05:43:56,1786488236,13.822495,100.512272,16.8,0.86,0.1,-0.9,105.3,105.3,0.0,0.04,-0.01,16.2,100,AUTO.LOITER,0,0
2026-08-12T05:43:57,1786488237,13.822495,100.512272,16.8,0.87,0.1,-0.9,105.3,105.3,0.0,0.03,-0.01,16.2,100,AUTO.LOITER,0,0
2026-08-12T05:43:58,1786488238,13.822495,100.512272,16.8,0.86,0.1,-0.9,105.3,105.3,0.0,0.02,0.0,16.2,100,AUTO.LOITER,0,0
2026-08-12T05:43:59,1786488239,13.822495,100.512271,16.8,0.85,0.2,-0.9,105.3,105.3,0.01,0.0,0.0,16.2,100,AUTO.LOITER,0,0
2026-08-12T05:44:00,1786488240,13.822495,100.512272,15.4,0.85,0.2,-0.9,105.3,105.3,0.01,0.0,0.0,16.2,100,AUTO.LOITER,0,0
2026-08-12T05:44:01,1786488241,13.822495,100.512272,16.8,0.85,0.2,-0.9,105.3,105.3,0.01,0.01,0.0,16.2,100,AUTO.LOITER,0,0
2026-08-12T05:44:02,1786488242,13.822495,100.512272,16.8,0.85,0.2,-0.9,105.3,105.3,0.0,0.0,0.0,16.2,100,AUTO.LOITER,0,0
2026-08-12T05:44:03,1786488243,13.822495,100.512271,16.8,0.86,0.2,-0.9,105.3,105.3,-0.02,-0.01,-0.01,16.2,100,AUTO.LOITER,0,0
2026-08-12T05:44:04,1786488244,13.822495,100.512271,16.8,0.87,0.2,-0.9,105.3,105.3,-0.03,-0.01,-0.02,16.2,100,AUTO.LOITER,0,0
2026-08-12T05:44:05,1786488245,13.822494,100.512271,16.8,0.88,0.2,-0.9,105.3,105.3,-0.03,-0.01,-0.03,16.2,100,AUTO.LOITER,0,0
2026-08-12T05:44:06,1786488246,13.822495,100.512272,15.4,0.88,0.1,-0.9,105.3,105.3,-0.03,-0.01,-0.03,16.2,100,AUTO.LOITER,0,0
2026-08-12T05:44:07,1786488247,13.822495,100.512272,15.4,0.89,0.1,-1.0,105.3,105.3,-0.01,0.0,-0.03,16.2,100,AUTO.LOITER,0,0
2026-08-12T05:44:08,1786488248,13.822495,100.512272,15.4,0.89,0.1,-1.0,105.3,105.3,0.0,0.0,-0.03,16.2,100,AUTO.LOITER,0,0
2026-08-12T05:44:09,1786488249,13.822495,100.512272,15.4,0.89,0.1,-1.0,105.3,105.3,0.0,0.0,-0.03,16.2,100,AUTO.LOITER,0,0
2026-08-12T05:44:10,1786488250,13.822495,100.512272,15.4,0.89,0.1,-1.0,105.3,105.3,0.0,0.0,-0.03,16.2,100,AUTO.LOITER,0,0
2026-08-12T05:44:11,1786488251,13.822495,100.512272,16.8,0.86,0.1,-1.0,105.3,105.3,0.01,0.0,0.0,16.2,100,AUTO.LOITER,0,0
2026-08-12T05:44:12,1786488252,13.822495,100.512272,16.8,0.85,0.1,-1.1,105.3,105.3,0.0,0.0,0.0,16.2,100,AUTO.LOITER,0,0
2026-08-12T05:44:13,1786488253,13.822494,100.512272,16.8,0.84,0.1,-1.1,105.3,105.3,0.0,0.0,0.02,16.2,100,AUTO.LOITER,0,0
2026-08-12T05:44:14,1786488254,13.822495,100.512272,16.8,0.83,0.1,-1.1,105.3,105.3,0.01,0.0,0.02,16.2,100,AUTO.LOITER,0,0
2026-08-12T05:44:15,1786488255,13.822495,100.512272,16.8,0.83,0.1,-1.1,105.3,105.3,0.02,0.0,0.03,16.2,100,AUTO.LOITER,0,0
2026-08-12T05:44:16,1786488256,13.822495,100.512272,16.7,0.82,0.1,-1.2,105.3,105.3,0.01,0.0,0.03,16.2,100,AUTO.LOITER,0,0
2026-08-12T05:44:17,1786488257,13.822495,100.512272,16.7,0.82,0.1,-1.2,105.3,105.3,0.01,0.01,0.03,16.2,100,AUTO.LOITER,0,0
2026-08-12T05:44:18,1786488258,13.822495,100.512272,16.8,0.83,0.1,-1.2,105.3,105.3,0.0,0.03,0.03,16.2,100,AUTO.LOITER,0,0
2026-08-12T05:44:19,1786488259,13.822495,100.512272,16.8,0.83,0.2,-1.2,105.3,105.3,0.0,0.03,0.03,16.2,100,AUTO.LOITER,0,0
2026-08-12T05:44:20,1786488260,13.822495,100.512272,16.8,0.83,0.2,-1.2,105.3,105.3,-0.01,0.03,0.03,16.2,100,AUTO.LOITER,0,0
2026-08-12T05:44:21,1786488261,13.822495,100.512272,16.8,0.83,0.2,-1.2,105.3,105.3,-0.01,0.03,0.03,16.2,100,AUTO.LOITER,0,0
2026-08-12T05:44:22,1786488262,13.822495,100.512272,16.7,0.81,0.1,-1.2,105.3,105.3,0.0,0.01,0.04,16.2,100,AUTO.LOITER,0,0
2026-08-12T05:44:23,1786488263,13.822495,100.512272,16.7,0.82,0.1,-1.2,105.3,105.3,0.0,0.01,0.04,16.2,100,AUTO.LOITER,0,0
2026-08-12T05:44:24,1786488264,13.822495,100.512272,16.7,0.82,0.2,-1.2,105.3,105.3,0.01,0.0,0.03,16.2,100,AUTO.LOITER,0,0
2026-08-12T05:44:25,1786488265,13.822495,100.512272,15.4,0.82,0.2,-1.2,105.3,105.3,0.01,0.0,0.03,16.2,100,AUTO.LOITER,0,0
2026-08-12T05:44:26,1786488266,13.822494,100.512271,15.4,0.83,0.2,-1.2,105.3,105.3,0.0,0.0,0.03,16.2,100,AUTO.LOITER,0,0
2026-08-12T05:44:27,1786488267,13.822495,100.512272,15.5,0.82,0.2,-1.2,105.3,105.3,0.0,0.0,0.04,16.2,100,AUTO.LOITER,0,0
2026-08-12T05:44:28,1786488268,13.822495,100.512272,16.7,0.81,0.2,-1.3,105.3,105.3,0.0,0.0,0.05,16.2,100,AUTO.LOITER,0,0
2026-08-12T05:44:29,1786488269,13.822495,100.512272,15.4,0.81,0.2,-1.3,105.3,105.3,0.0,0.0,0.05,16.2,100,AUTO.LOITER,0,0
2026-08-12T05:44:30,1786488270,13.822495,100.512271,16.7,0.81,0.2,-1.3,105.3,105.3,0.0,0.0,0.05,16.2,100,AUTO.LOITER,0,0
2026-08-12T05:44:31,1786488271,13.822494,100.512271,16.7,0.81,0.2,-1.3,105.3,105.3,-0.01,0.0,0.04,16.2,100,AUTO.LOITER,0,0
2026-08-12T05:44:32,1786488272,13.822495,100.512272,16.7,0.82,0.2,-1.3,105.3,105.3,0.0,0.01,0.03,16.2,100,AUTO.LOITER,0,0
2026-08-12T05:44:33,1786488273,13.822495,100.512272,16.7,0.82,0.3,-1.3,105.3,105.3,0.02,0.01,0.03,16.2,100,AUTO.LOITER,0,0
2026-08-12T05:44:34,1786488274,13.822495,100.512272,16.7,0.82,0.3,-1.4,105.3,105.3,0.01,0.01,0.03,16.2,100,AUTO.LOITER,0,0
2026-08-12T05:44:35,1786488275,13.822495,100.512272,16.7,0.83,0.3,-1.4,105.3,105.3,0.0,0.01,0.03,16.2,100,AUTO.LOITER,0,0
2026-08-12T05:44:36,1786488276,13.822494,100.512272,16.8,0.83,0.3,-1.4,105.3,105.3,0.0,0.0,0.02,16.2,100,AUTO.LOITER,0,0
2026-08-12T05:44:37,1786488277,13.822495,100.512272,16.8,0.84,0.3,-1.4,105.3,105.3,0.01,0.0,0.01,16.2,100,AUTO.LOITER,0,0
2026-08-12T05:44:38,1786488278,13.822495,100.512272,16.8,0.83,0.4,-1.4,105.2,105.2,0.02,0.0,0.02,16.2,100,AUTO.LOITER,0,0
2026-08-12T05:44:39,1786488279,13.822495,100.512272,16.8,0.83,0.4,-1.5,105.2,105.2,0.02,0.0,0.02,16.2,100,AUTO.LOITER,0,0
2026-08-12T05:44:40,1786488280,13.822495,100.512272,16.8,0.83,0.4,-1.5,105.2,105.2,0.0,0.0,0.03,16.2,100,AUTO.LOITER,0,0
2026-08-12T05:44:41,1786488281,13.822495,100.512272,16.7,0.82,0.4,-1.5,105.2,105.2,0.0,0.01,0.03,16.2,100,AUTO.LOITER,0,0
2026-08-12T05:44:42,1786488282,13.822495,100.512272,16.7,0.82,0.4,-1.5,105.2,105.2,0.0,0.01,0.03,16.2,100,AUTO.LOITER,0,0
2026-08-12T05:44:43,1786488283,13.822494,100.512272,15.4,0.82,0.4,-1.5,105.2,105.2,0.0,0.01,0.03,16.2,100,AUTO.LOITER,0,0
2026-08-12T05:44:44,1786488284,13.822495,100.512272,15.4,0.82,0.4,-1.5,105.2,105.2,0.0,0.02,0.02,16.2,100,AUTO.LOITER,0,0
2026-08-12T05:44:45,1786488285,13.822495,100.512272,15.3,0.83,0.4,-1.5,105.2,105.2,-0.01,0.03,0.02,16.2,100,AUTO.LOITER,0,0
2026-08-12T05:44:46,1786488286,13.822495,100.512272,16.8,0.83,0.4,-1.5,105.2,105.2,-0.01,0.01,0.02,16.2,100,AUTO.LOITER,0,0
2026-08-12T05:44:47,1786488287,13.822495,100.512272,15.4,0.83,0.4,-1.5,105.2,105.2,-0.01,0.01,0.02,16.2,100,AUTO.LOITER,0,0
2026-08-12T05:44:48,1786488288,13.822495,100.512272,16.8,0.84,0.4,-1.5,105.2,105.2,0.0,0.01,0.0,16.2,100,AUTO.LOITER,0,0
2026-08-12T05:44:49,1786488289,13.822495,100.512272,16.8,0.86,0.4,-1.5,105.2,105.2,0.0,0.01,0.0,16.2,100,AUTO.LOITER,0,0
2026-08-12T05:44:50,1786488290,13.822495,100.512272,16.8,0.85,0.4,-1.5,105.2,105.2,0.01,0.01,0.0,16.2,100,AUTO.LOITER,0,0
2026-08-12T05:44:51,1786488291,13.822495,100.512272,16.8,0.85,0.4,-1.5,105.2,105.2,0.01,0.01,0.0,16.2,100,AUTO.LOITER,0,0
2026-08-12T05:44:52,1786488292,13.822495,100.512272,16.8,0.84,0.4,-1.5,105.2,105.2,0.0,0.01,0.0,16.2,100,AUTO.LOITER,0,0
2026-08-12T05:44:53,1786488293,13.822495,100.512272,16.8,0.84,0.4,-1.5,105.2,105.2,0.0,0.01,0.01,16.2,100,AUTO.LOITER,0,0
2026-08-12T05:44:54,1786488294,13.822495,100.512272,16.8,0.84,0.4,-1.5,105.2,105.2,-0.01,0.0,0.01,16.2,100,AUTO.LOITER,0,0
2026-08-12T05:44:55,1786488295,13.822495,100.512272,16.8,0.84,0.4,-1.5,105.2,105.2,-0.01,-0.01,0.01,16.2,100,AUTO.LOITER,0,0
2026-08-12T05:44:56,1786488296,13.822495,100.512272,16.8,0.84,0.4,-1.6,105.2,105.2,-0.01,-0.01,0.01,16.2,100,AUTO.LOITER,0,0
2026-08-12T05:44:57,1786488297,13.822495,100.512272,16.8,0.83,0.4,-1.6,105.2,105.2,0.0,0.0,0.02,16.2,100,AUTO.LOITER,0,0
2026-08-12T05:44:58,1786488298,13.822495,100.512271,16.8,0.83,0.4,-1.6,105.2,105.2,0.0,-0.02,0.02,16.2,100,AUTO.LOITER,0,0
2026-08-12T05:44:59,1786488299,13.822495,100.512271,16.7,0.82,0.4,-1.7,105.2,105.2,-0.01,-0.01,0.04,16.2,100,AUTO.LOITER,0,0
2026-08-12T05:45:00,1786488300,13.822495,100.512271,16.7,0.81,0.4,-1.7,105.2,105.2,-0.01,-0.01,0.05,16.2,100,AUTO.LOITER,0,0
2026-08-12T05:45:01,1786488301,13.822495,100.512271,16.7,0.8,0.4,-1.7,105.2,105.2,0.0,0.0,0.05,16.2,100,AUTO.LOITER,0,0
2026-08-12T05:45:02,1786488302,13.822495,100.512271,15.4,0.8,0.4,-1.7,105.2,105.2,0.0,0.0,0.05,16.2,100,AUTO.LOITER,0,0
2026-08-12T05:45:03,1786488303,13.822495,100.512272,15.4,0.81,0.4,-1.8,105.2,105.2,0.01,0.01,0.04,16.2,100,AUTO.LOITER,0,0
2026-08-12T05:45:04,1786488304,13.822495,100.512271,15.4,0.81,0.4,-1.8,105.2,105.2,0.01,0.02,0.04,16.2,100,AUTO.LOITER,0,0
2026-08-12T05:45:05,1786488305,13.822495,100.512272,15.4,0.81,0.4,-1.8,105.2,105.2,0.01,0.03,0.04,16.2,100,AUTO.LOITER,0,0
2026-08-12T05:45:06,1786488306,13.822495,100.512272,16.7,0.81,0.5,-1.7,105.2,105.2,0.01,0.03,0.04,16.2,100,AUTO.LOITER,0,0
2026-08-12T05:45:07,1786488307,13.822495,100.512272,16.7,0.81,0.5,-1.7,105.2,105.2,0.0,0.02,0.04,16.2,100,AUTO.LOITER,0,0
2026-08-12T05:45:08,1786488308,13.822495,100.512272,16.7,0.81,0.5,-1.7,105.2,105.2,0.0,0.02,0.04,16.2,100,AUTO.LOITER,0,0
2026-08-12T05:45:09,1786488309,13.822494,100.512272,16.7,0.82,0.5,-1.7,105.2,105.2,-0.01,0.02,0.03,16.2,100,AUTO.LOITER,0,0
2026-08-12T05:45:10,1786488310,13.822495,100.512271,16.7,0.82,0.4,-1.7,105.2,105.2,-0.01,0.01,0.03,16.2,100,AUTO.LOITER,0,0
2026-08-12T05:45:11,1786488311,13.822495,100.512272,16.7,0.82,0.4,-1.7,105.2,105.2,0.0,0.01,0.03,16.2,100,AUTO.LOITER,0,0
2026-08-12T05:45:12,1786488312,13.822495,100.512272,16.7,0.82,0.4,-1.7,105.2,105.2,0.0,0.0,0.03,16.2,100,AUTO.LOITER,0,0
2026-08-12T05:45:13,1786488313,13.822495,100.512272,16.7,0.82,0.4,-1.7,105.2,105.2,-0.01,0.0,0.03,16.2,100,AUTO.LOITER,0,0
2026-08-12T05:45:14,1786488314,13.822495,100.512272,16.7,0.82,0.4,-1.7,105.2,105.2,-0.02,0.0,0.03,16.2,100,AUTO.LOITER,0,0
2026-08-12T05:45:15,1786488315,13.822495,100.512271,16.7,0.82,0.4,-1.7,105.2,105.2,-0.02,0.0,0.03,16.2,100,AUTO.LOITER,0,0
2026-08-12T05:45:16,1786488316,13.822494,100.512271,16.7,0.82,0.4,-1.7,105.2,105.2,-0.03,0.0,0.03,16.2,100,AUTO.LOITER,0,0
2026-08-12T05:45:17,1786488317,13.822494,100.512271,16.7,0.81,0.4,-1.6,105.2,105.2,-0.01,0.0,0.04,16.2,100,AUTO.LOITER,0,0
2026-08-12T05:45:18,1786488318,13.822495,100.512271,16.7,0.81,0.4,-1.7,105.2,105.2,0.0,0.0,0.04,16.2,100,AUTO.LOITER,0,0
2026-08-12T05:45:19,1786488319,13.822495,100.512271,16.7,0.81,0.4,-1.7,105.2,105.2,0.0,-0.01,0.04,16.2,100,AUTO.LOITER,0,0
2026-08-12T05:45:20,1786488320,13.822495,100.512271,16.7,0.81,0.3,-1.7,105.2,105.2,0.01,0.0,0.05,16.2,100,AUTO.LOITER,0,0
2026-08-12T05:45:21,1786488321,13.822495,100.512271,16.7,0.81,0.4,-1.7,105.2,105.2,0.0,0.01,0.05,16.2,100,AUTO.LOITER,0,0
2026-08-12T05:45:22,1786488322,13.822495,100.512272,16.7,0.81,0.4,-1.7,105.2,105.2,0.0,0.02,0.04,16.2,100,AUTO.LOITER,0,0
2026-08-12T05:45:23,1786488323,13.822495,100.512272,16.7,0.81,0.4,-1.6,105.2,105.2,-0.01,0.02,0.04,16.2,100,AUTO.LOITER,0,0
2026-08-12T05:45:24,1786488324,13.822495,100.512272,16.7,0.81,0.4,-1.6,105.2,105.2,-0.01,0.02,0.05,16.2,100,AUTO.LOITER,0,0
2026-08-12T05:45:25,1786488325,13.822495,100.512272,16.7,0.81,0.4,-1.6,105.2,105.2,-0.01,0.01,0.04,16.2,100,AUTO.LOITER,0,0
2026-08-12T05:45:26,1786488326,13.822495,100.512272,16.7,0.81,0.4,-1.6,105.2,105.2,0.0,0.0,0.04,16.2,100,AUTO.LOITER,0,0
2026-08-12T05:45:27,1786488327,13.822495,100.512271,16.7,0.81,0.4,-1.5,105.2,105.2,-0.01,-0.01,0.04,16.2,100,AUTO.LOITER,0,0
2026-08-12T05:45:28,1786488328,13.822495,100.512271,16.7,0.81,0.3,-1.5,105.2,105.2,-0.03,-0.03,0.03,16.2,100,AUTO.LOITER,0,0
2026-08-12T05:45:29,1786488329,13.822495,100.512271,16.7,0.82,0.3,-1.5,105.2,105.2,-0.02,-0.02,0.03,16.2,100,AUTO.LOITER,0,0
2026-08-12T05:45:30,1786488330,13.822495,100.512271,16.7,0.82,0.3,-1.5,105.2,105.2,-0.01,-0.02,0.02,16.2,100,AUTO.LOITER,0,0
2026-08-12T05:45:31,1786488331,13.822495,100.512271,16.7,0.82,0.2,-1.6,105.2,105.2,0.0,0.0,0.03,16.2,100,AUTO.LOITER,0,0
2026-08-12T05:45:32,1786488332,13.822495,100.512271,16.7,0.82,0.2,-1.6,105.2,105.2,0.0,0.0,0.03,16.2,100,AUTO.LOITER,0,0
2026-08-12T05:45:33,1786488333,13.822495,100.512272,16.7,0.81,0.2,-1.6,105.3,105.3,0.0,0.02,0.04,16.2,100,AUTO.LOITER,0,0
2026-08-12T05:45:34,1786488334,13.822495,100.512272,16.7,0.81,0.2,-1.6,105.3,105.3,0.0,0.02,0.04,16.2,100,AUTO.LOITER,0,0
2026-08-12T05:45:35,1786488335,13.822495,100.512272,16.7,0.81,0.2,-1.6,105.3,105.3,0.0,0.01,0.04,16.2,100,AUTO.LOITER,0,0
2026-08-12T05:45:36,1786488336,13.822495,100.512272,16.7,0.81,0.2,-1.5,105.3,105.3,-0.01,0.0,0.04,16.2,100,AUTO.LOITER,0,0
2026-08-12T05:45:37,1786488337,13.822494,100.512272,16.7,0.81,0.2,-1.5,105.3,105.3,-0.02,0.0,0.03,16.2,100,AUTO.LOITER,0,0
2026-08-12T05:45:38,1786488338,13.822495,100.512272,16.7,0.81,0.1,-1.5,105.3,105.3,0.0,0.0,0.04,16.2,100,AUTO.LOITER,0,0
2026-08-12T05:45:39,1786488339,13.822495,100.512272,16.7,0.81,0.1,-1.5,105.3,105.3,0.0,-0.01,0.04,16.2,100,AUTO.LOITER,0,0
2026-08-12T05:45:40,1786488340,13.822495,100.512272,16.7,0.81,0.1,-1.5,105.4,105.4,0.0,-0.01,0.04,16.2,100,AUTO.LOITER,0,0
2026-08-12T05:45:41,1786488341,13.822495,100.512272,16.7,0.81,0.1,-1.6,105.4,105.4,0.0,-0.01,0.04,16.2,100,AUTO.LOITER,0,0
2026-08-12T05:45:42,1786488342,13.822495,100.512272,15.4,0.81,0.1,-1.6,105.4,105.4,0.0,-0.01,0.03,16.2,100,AUTO.LOITER,0,0
2026-08-12T05:45:43,1786488343,13.822495,100.512271,15.4,0.81,0.1,-1.6,105.4,105.4,0.0,0.0,0.04,16.2,100,AUTO.LOITER,0,0
2026-08-12T05:45:44,1786488344,13.822495,100.512272,15.4,0.81,0.1,-1.6,105.4,105.4,0.0,0.0,0.04,16.2,100,AUTO.LOITER,0,0
2026-08-12T05:45:45,1786488345,13.822495,100.512272,15.4,0.8,0.1,-1.6,105.4,105.4,0.01,0.01,0.05,16.2,100,AUTO.LOITER,0,0
2026-08-12T05:45:46,1786488346,13.822495,100.512272,15.4,0.8,0.1,-1.6,105.4,105.4,0.0,0.0,0.05,16.2,100,AUTO.LOITER,0,0
2026-08-12T05:45:47,1786488347,13.822495,100.512272,15.4,0.8,0.1,-1.6,105.4,105.4,0.0,0.0,0.05,16.2,100,AUTO.LOITER,0,0
2026-08-12T05:45:48,1786488348,13.822495,100.512272,16.7,0.81,0.1,-1.6,105.4,105.4,-0.01,0.0,0.03,16.2,100,AUTO.LOITER,0,0
2026-08-12T05:45:49,1786488349,13.822495,100.512272,16.7,0.82,0.1,-1.6,105.4,105.4,-0.01,0.0,0.02,16.2,100,AUTO.LOITER,0,0
2026-08-12T05:45:50,1786488350,13.822495,100.512272,16.8,0.83,0.1,-1.6,105.4,105.4,0.02,0.0,0.01,16.2,100,AUTO.LOITER,0,0
2026-08-12T05:45:51,1786488351,13.822495,100.512272,16.8,0.84,0.2,-1.6,105.4,105.4,0.03,0.0,0.0,16.2,100,AUTO.LOITER,0,0
2026-08-12T05:45:52,1786488352,13.822495,100.512272,16.8,0.84,0.2,-1.6,105.4,105.4,0.02,0.01,0.0,16.2,100,AUTO.LOITER,0,0
2026-08-12T05:45:53,1786488353,13.822495,100.512272,16.8,0.84,0.2,-1.6,105.4,105.4,0.01,0.01,0.0,16.2,100,AUTO.LOITER,0,0
2026-08-12T05:45:54,1786488354,13.822495,100.512272,16.8,0.85,0.3,-1.5,105.4,105.4,0.0,0.01,0.0,16.2,100,AUTO.LOITER,0,0
2026-08-12T05:45:55,1786488355,13.822495,100.512272,16.8,0.85,0.3,-1.5,105.4,105.4,0.0,0.0,0.0,16.2,100,AUTO.LOITER,0,0
2026-08-12T05:45:56,1786488356,13.822495,100.512271,16.8,0.85,0.3,-1.5,105.4,105.4,0.0,0.0,-0.01,16.2,100,AUTO.LOITER,0,0
2026-08-12T05:45:57,1786488357,13.822495,100.512272,16.8,0.85,0.3,-1.5,105.4,105.4,0.0,0.0,-0.01,16.2,100,AUTO.LOITER,0,0
2026-08-12T05:45:58,1786488358,13.822495,100.512272,16.8,0.85,0.3,-1.5,105.4,105.4,-0.01,0.0,0.0,16.2,100,AUTO.LOITER,0,0
2026-08-12T05:45:59,1786488359,13.822495,100.512272,16.8,0.84,0.3,-1.5,105.4,105.4,-0.01,-0.01,0.0,16.2,100,AUTO.LOITER,0,0
2026-08-12T05:46:00,1786488360,13.822495,100.512272,16.8,0.83,0.3,-1.5,105.4,105.4,0.0,0.0,0.01,16.2,100,AUTO.LOITER,0,0
2026-08-12T05:46:01,1786488361,13.822495,100.512272,16.8,0.83,0.3,-1.5,105.4,105.4,0.0,0.0,0.01,16.2,100,AUTO.LOITER,0,0
2026-08-12T05:46:02,1786488362,13.822495,100.512272,16.8,0.83,0.3,-1.5,105.3,105.3,0.0,0.0,0.01,16.2,100,AUTO.LOITER,0,0
2026-08-12T05:46:03,1786488363,13.822494,100.512272,16.8,0.83,0.3,-1.5,105.3,105.3,-0.02,0.0,0.0,16.2,100,AUTO.LOITER,0,0
2026-08-12T05:46:04,1786488364,13.822494,100.512272,16.8,0.84,0.3,-1.5,105.3,105.3,0.0,0.0,0.0,16.2,100,AUTO.LOITER,0,0
2026-08-12T05:46:05,1786488365,13.822495,100.512272,16.8,0.84,0.3,-1.5,105.3,105.3,0.0,0.0,0.0,16.2,100,AUTO.LOITER,0,0
2026-08-12T05:46:06,1786488366,13.822495,100.512272,16.8,0.84,0.3,-1.4,105.3,105.3,0.0,-0.01,0.0,16.2,100,AUTO.LOITER,0,0
2026-08-12T05:46:07,1786488367,13.822495,100.512272,16.8,0.84,0.3,-1.4,105.3,105.3,0.0,-0.01,0.0,16.2,100,AUTO.LOITER,0,0
2026-08-12T05:46:08,1786488368,13.822495,100.512272,16.8,0.84,0.3,-1.4,105.3,105.3,0.0,-0.01,0.0,16.2,100,AUTO.LOITER,0,0
2026-08-12T05:46:09,1786488369,13.822495,100.512272,16.8,0.84,0.3,-1.4,105.3,105.3,0.0,-0.01,0.0,16.2,100,AUTO.LOITER,0,0
2026-08-12T05:46:10,1786488370,13.822495,100.512271,16.8,0.85,0.2,-1.4,105.2,105.2,0.0,-0.01,-0.01,16.2,100,AUTO.LOITER,0,0
2026-08-12T05:46:11,1786488371,13.822495,100.512271,16.8,0.85,0.2,-1.4,105.2,105.2,0.0,-0.01,-0.01,16.2,100,AUTO.LOITER,0,0
2026-08-12T05:46:12,1786488372,13.822495,100.512271,16.8,0.85,0.2,-1.4,105.2,105.2,0.0,-0.01,-0.01,16.2,100,AUTO.LOITER,0,0
2026-08-12T05:46:13,1786488373,13.822495,100.512271,16.8,0.85,0.3,-1.5,105.2,105.2,0.0,-0.01,-0.01,16.2,100,AUTO.LOITER,0,0
2026-08-12T05:46:14,1786488374,13.822495,100.512272,16.8,0.88,0.3,-1.4,105.2,105.2,0.01,0.0,-0.03,16.2,100,AUTO.LOITER,0,0
2026-08-12T05:46:15,1786488375,13.822495,100.512272,16.8,0.87,0.3,-1.4,105.2,105.2,0.01,0.0,-0.03,16.2,100,AUTO.LOITER,0,0
2026-08-12T05:46:16,1786488376,13.822495,100.512272,16.8,0.87,0.3,-1.4,105.2,105.2,0.01,0.01,-0.03,16.2,100,AUTO.LOITER,0,0
2026-08-12T05:46:17,1786488377,13.822495,100.512272,16.8,0.87,0.3,-1.4,105.2,105.2,0.01,0.0,-0.02,16.2,100,AUTO.LOITER,0,0
2026-08-12T05:46:18,1786488378,13.822495,100.512272,16.8,0.86,0.4,-1.4,105.2,105.2,0.01,0.0,-0.02,16.2,100,AUTO.LOITER,0,0
2026-08-12T05:46:19,1786488379,13.822495,100.512272,16.8,0.86,0.4,-1.4,105.2,105.2,0.0,0.0,-0.01,16.2,100,AUTO.LOITER,0,0
2026-08-12T05:46:20,1786488380,13.822495,100.512271,16.8,0.86,0.4,-1.4,105.2,105.2,0.0,-0.01,-0.01,16.2,100,AUTO.LOITER,0,0
2026-08-12T05:46:21,1786488381,13.822495,100.512271,16.8,0.86,0.4,-1.4,105.2,105.2,0.0,-0.02,-0.01,16.2,100,AUTO.LOITER,0,0
2026-08-12T05:46:22,1786488382,13.822495,100.512271,16.8,0.86,0.4,-1.4,105.2,105.2,-0.01,-0.02,-0.02,16.2,100,AUTO.LOITER,0,0
2026-08-12T05:46:23,1786488383,13.822495,100.512271,16.8,0.86,0.4,-1.4,105.2,105.2,-0.01,-0.01,-0.02,16.2,100,AUTO.LOITER,0,0
2026-08-12T05:46:24,1786488384,13.822495,100.512272,16.8,0.85,0.3,-1.5,105.1,105.1,-0.02,-0.01,0.0,16.2,100,AUTO.LOITER,0,0
2026-08-12T05:46:25,1786488385,13.822495,100.512272,15.4,0.85,0.3,-1.5,105.1,105.1,-0.02,-0.01,0.0,16.2,100,AUTO.LOITER,0,0
2026-08-12T05:46:26,1786488386,13.822495,100.512272,16.8,0.85,0.3,-1.5,105.1,105.1,-0.02,-0.01,0.0,16.2,100,AUTO.LOITER,0,0
2026-08-12T05:46:27,1786488387,13.822495,100.512272,15.4,0.84,0.3,-1.5,105.1,105.1,-0.01,-0.01,0.0,16.2,100,AUTO.LOITER,0,0
2026-08-12T05:46:28,1786488388,13.822495,100.512272,15.4,0.84,0.3,-1.5,105.1,105.1,-0.01,-0.01,0.0,16.2,100,AUTO.LOITER,0,0
2026-08-12T05:46:29,1786488389,13.822496,100.512272,15.4,0.85,0.3,-1.5,105.1,105.1,0.0,0.01,0.0,16.2,100,AUTO.LOITER,0,0
2026-08-12T05:46:30,1786488390,13.822495,100.512272,15.4,0.85,0.3,-1.5,105.1,105.1,0.02,0.02,0.0,16.2,100,AUTO.LOITER,0,0
2026-08-12T05:46:31,1786488391,13.822495,100.512272,15.4,0.85,0.3,-1.4,105.1,105.1,0.02,0.02,0.0,16.2,100,AUTO.LOITER,0,0
2026-08-12T05:46:32,1786488392,13.822495,100.512272,16.8,0.84,0.3,-1.5,105.1,105.1,0.02,0.01,0.0,16.2,100,AUTO.LOITER,0,0
2026-08-12T05:46:33,1786488393,13.822495,100.512272,16.8,0.83,0.3,-1.4,105.1,105.1,0.0,0.0,0.01,16.2,100,AUTO.LOITER,0,0
2026-08-12T05:46:34,1786488394,13.822495,100.512272,16.8,0.83,0.3,-1.4,105.1,105.1,-0.01,0.0,0.01,16.2,100,AUTO.LOITER,0,0
2026-08-12T05:46:35,1786488395,13.822495,100.512271,16.8,0.83,0.3,-1.4,105.1,105.1,0.0,0.0,0.0,16.2,100,AUTO.LOITER,0,0
2026-08-12T05:46:36,1786488396,13.822495,100.512271,16.8,0.84,0.3,-1.4,105.1,105.1,0.0,0.0,0.0,16.2,100,AUTO.LOITER,0,0
2026-08-12T05:46:37,1786488397,13.822495,100.512271,16.8,0.84,0.3,-1.4,105.1,105.1,0.0,0.0,0.0,16.2,100,AUTO.LOITER,0,0
2026-08-12T05:46:38,1786488398,13.822495,100.512271,16.8,0.84,0.3,-1.3,105.1,105.1,0.0,0.0,0.0,16.2,100,AUTO.LOITER,0,0
2026-08-12T05:46:39,1786488399,13.822495,100.512272,16.8,0.86,0.4,-1.3,105.1,105.1,0.02,0.0,-0.01,16.2,100,AUTO.LOITER,0,0
2026-08-12T05:46:40,1786488400,13.822495,100.512272,16.8,0.86,0.4,-1.3,105.1,105.1,0.01,0.0,-0.01,16.2,100,AUTO.LOITER,0,0
2026-08-12T05:46:41,1786488401,13.822495,100.512271,16.8,0.85,0.4,-1.3,105.1,105.1,0.01,-0.01,0.0,16.2,100,AUTO.LOITER,0,0
2026-08-12T05:46:42,1786488402,13.822495,100.512271,16.8,0.84,0.5,-1.3,105.1,105.1,0.0,-0.01,0.0,16.2,100,AUTO.LOITER,0,0
2026-08-12T05:46:43,1786488403,13.822495,100.512271,16.8,0.84,0.5,-1.3,105.1,105.1,0.0,-0.01,0.0,16.2,100,AUTO.LOITER,0,0
2026-08-12T05:46:44,1786488404,13.822494,100.512271,16.8,0.85,0.5,-1.3,105.1,105.1,-0.02,0.0,0.0,16.2,100,AUTO.LOITER,0,0
2026-08-12T05:46:45,1786488405,13.822495,100.512272,15.4,0.85,0.5,-1.3,105.1,105.1,-0.02,0.0,0.0,16.2,100,AUTO.LOITER,0,0
2026-08-12T05:46:46,1786488406,13.822495,100.512272,15.4,0.85,0.5,-1.3,105.1,105.1,-0.02,0.0,0.0,16.2,100,AUTO.LOITER,0,0
2026-08-12T05:46:47,1786488407,13.822494,100.512272,16.8,0.87,0.5,-1.3,105.1,105.1,-0.04,0.0,-0.04,16.2,100,AUTO.LOITER,0,0
2026-08-12T05:46:48,1786488408,13.822494,100.512272,16.8,0.88,0.4,-1.3,105.1,105.1,-0.03,-0.01,-0.05,16.2,100,AUTO.LOITER,0,0
2026-08-12T05:46:49,1786488409,13.822494,100.512272,16.8,0.89,0.4,-1.3,105.0,105.0,-0.02,-0.01,-0.05,16.2,100,AUTO.LOITER,0,0
2026-08-12T05:46:50,1786488410,13.822494,100.512272,16.8,0.89,0.4,-1.3,105.0,105.0,-0.01,0.0,-0.05,16.2,100,AUTO.LOITER,0,0
2026-08-12T05:46:51,1786488411,13.822495,100.512272,16.8,0.89,0.4,-1.3,105.0,105.0,0.0,-0.01,-0.04,16.2,100,AUTO.LOITER,0,0
2026-08-12T05:46:52,1786488412,13.822495,100.512271,16.8,0.88,0.4,-1.3,105.0,105.0,0.01,-0.01,-0.04,16.2,100,AUTO.LOITER,0,0
2026-08-12T05:46:53,1786488413,13.822495,100.512271,16.8,0.88,0.4,-1.3,105.0,105.0,0.01,-0.02,-0.04,16.2,100,AUTO.LOITER,0,0
2026-08-12T05:46:54,1786488414,13.822495,100.512271,16.8,0.88,0.4,-1.3,105.0,105.0,0.0,0.0,-0.04,16.2,100,AUTO.LOITER,0,0
2026-08-12T05:46:55,1786488415,13.822495,100.512271,16.8,0.88,0.4,-1.3,105.0,105.0,0.01,-0.01,-0.04,16.2,100,AUTO.LOITER,0,0
2026-08-12T05:46:56,1786488416,13.822495,100.512271,16.8,0.88,0.5,-1.3,105.0,105.0,0.0,-0.01,-0.04,16.2,100,AUTO.LOITER,0,0
2026-08-12T05:46:57,1786488417,13.822495,100.512271,16.8,0.88,0.4,-1.3,105.0,105.0,0.0,-0.01,-0.04,16.2,100,AUTO.LOITER,0,0
2026-08-12T05:46:58,1786488418,13.822495,100.512272,15.3,0.88,0.5,-1.3,105.0,105.0,0.0,-0.01,-0.04,16.2,100,AUTO.LOITER,0,0
2026-08-12T05:46:59,1786488419,13.822495,100.512271,16.8,0.88,0.5,-1.3,105.0,105.0,-0.01,-0.02,-0.04,16.2,100,AUTO.LOITER,0,0
2026-08-12T05:47:00,1786488420,13.822495,100.512271,16.8,0.89,0.4,-1.3,105.0,105.0,0.0,-0.02,-0.05,16.2,100,AUTO.LOITER,0,0
2026-08-12T05:47:01,1786488421,13.822495,100.512271,16.8,0.89,0.4,-1.4,105.0,105.0,0.0,-0.02,-0.05,16.2,100,AUTO.LOITER,0,0
2026-08-12T05:47:02,1786488422,13.822495,100.512271,16.8,0.89,0.4,-1.4,105.0,105.0,0.0,-0.02,-0.04,16.2,100,AUTO.LOITER,0,0
2026-08-12T05:47:03,1786488423,13.822495,100.512271,16.8,0.88,0.4,-1.4,105.0,105.0,0.0,-0.03,-0.03,16.2,100,AUTO.LOITER,0,0
2026-08-12T05:47:04,1786488424,13.822495,100.512271,16.8,0.87,0.4,-1.4,105.0,105.0,0.0,-0.04,-0.02,16.2,100,AUTO.LOITER,0,0
2026-08-12T05:47:05,1786488425,13.822495,100.512271,16.8,0.86,0.4,-1.5,105.0,105.0,0.0,-0.01,-0.01,16.2,100,AUTO.LOITER,0,0
2026-08-12T05:47:06,1786488426,13.822495,100.512271,16.8,0.85,0.5,-1.5,105.0,105.0,-0.01,0.0,-0.01,16.2,100,AUTO.LOITER,0,0
2026-08-12T05:47:07,1786488427,13.822494,100.512272,15.4,0.85,0.5,-1.5,105.0,105.0,-0.01,0.0,-0.01,16.2,100,AUTO.LOITER,0,0
2026-08-12T05:47:08,1786488428,13.822494,100.512271,16.8,0.87,0.5,-1.5,105.0,105.0,-0.02,-0.01,-0.02,16.2,100,AUTO.LOITER,0,0
2026-08-12T05:47:09,1786488429,13.822495,100.512272,15.4,0.87,0.4,-1.5,105.0,105.0,-0.02,-0.01,-0.02,16.2,100,AUTO.LOITER,0,0
2026-08-12T05:47:10,1786488430,13.822495,100.512271,15.4,0.87,0.4,-1.6,105.0,105.0,-0.01,-0.01,-0.02,16.2,100,AUTO.LOITER,0,0
2026-08-12T05:47:11,1786488431,13.822495,100.512272,15.4,0.86,0.4,-1.6,105.0,105.0,0.0,0.0,-0.01,16.2,100,AUTO.LOITER,0,0
2026-08-12T05:47:12,1786488432,13.822495,100.512272,16.8,0.85,0.4,-1.6,105.0,105.0,0.01,0.01,-0.01,16.2,100,AUTO.LOITER,0,0
2026-08-12T05:47:13,1786488433,13.822495,100.512272,16.8,0.86,0.4,-1.6,105.0,105.0,0.01,0.03,-0.02,16.2,100,AUTO.LOITER,0,0
2026-08-12T05:47:14,1786488434,13.822495,100.512272,16.8,0.87,0.4,-1.6,105.0,105.0,0.0,0.03,-0.03,16.2,100,AUTO.LOITER,0,0
2026-08-12T05:47:15,1786488435,13.822495,100.512272,16.8,0.87,0.4,-1.6,105.0,105.0,0.0,0.03,-0.03,16.2,100,AUTO.LOITER,0,0
2026-08-12T05:47:16,1786488436,13.822495,100.512272,16.8,0.87,0.4,-1.5,105.0,105.0,0.0,0.0,-0.03,16.2,100,AUTO.LOITER,0,0
2026-08-12T05:47:17,1786488437,13.822495,100.512272,16.8,0.87,0.4,-1.5,105.0,105.0,0.01,0.0,-0.02,16.2,100,AUTO.LOITER,0,0
2026-08-12T05:47:18,1786488438,13.822495,100.512272,16.8,0.87,0.4,-1.5,105.0,105.0,0.0,0.02,-0.02,16.2,100,AUTO.LOITER,0,0
2026-08-12T05:47:19,1786488439,13.822495,100.512272,16.8,0.87,0.4,-1.5,105.0,105.0,0.0,0.02,-0.02,16.2,100,AUTO.LOITER,0,0
2026-08-12T05:47:20,1786488440,13.822495,100.512272,15.5,0.87,0.4,-1.5,105.0,105.0,0.0,0.02,-0.02,16.2,100,AUTO.LOITER,0,0
2026-08-12T05:47:21,1786488441,13.822495,100.512272,16.8,0.86,0.4,-1.5,105.0,105.0,0.01,0.02,-0.02,16.2,100,AUTO.LOITER,0,0
2026-08-12T05:47:22,1786488442,13.822495,100.512272,16.8,0.86,0.4,-1.5,105.0,105.0,0.01,0.01,-0.01,16.2,100,AUTO.LOITER,0,0
2026-08-12T05:47:23,1786488443,13.822495,100.512272,16.8,0.86,0.5,-1.5,105.0,105.0,0.01,0.0,-0.01,16.2,100,AUTO.LOITER,0,0
2026-08-12T05:47:24,1786488444,13.822495,100.512272,16.8,0.85,0.5,-1.5,105.0,105.0,0.01,0.0,0.0,16.2,100,AUTO.LOITER,0,0
2026-08-12T05:47:25,1786488445,13.822495,100.512272,16.8,0.85,0.5,-1.6,105.0,105.0,0.01,0.01,0.0,16.2,100,AUTO.LOITER,0,0
2026-08-12T05:47:26,1786488446,13.822495,100.512272,16.8,0.85,0.5,-1.6,105.0,105.0,0.01,0.01,-0.01,16.2,100,AUTO.LOITER,0,0
2026-08-12T05:47:27,1786488447,13.822495,100.512272,16.8,0.85,0.5,-1.6,105.0,105.0,0.02,0.02,0.0,16.2,100,AUTO.LOITER,0,0
2026-08-12T05:47:28,1786488448,13.822495,100.512272,16.8,0.86,0.5,-1.6,105.1,105.1,0.02,0.03,-0.01,16.2,100,AUTO.LOITER,0,0
2026-08-12T05:47:29,1786488449,13.822495,100.512272,16.8,0.86,0.6,-1.6,105.1,105.1,0.02,0.01,-0.01,16.2,100,AUTO.LOITER,0,0
2026-08-12T05:47:30,1786488450,13.822495,100.512272,16.8,0.85,0.6,-1.6,105.1,105.1,0.03,0.0,0.0,16.2,100,AUTO.LOITER,0,0
2026-08-12T05:47:31,1786488451,13.822495,100.512272,16.8,0.86,0.6,-1.6,105.1,105.1,0.03,-0.01,-0.01,16.2,100,AUTO.LOITER,0,0
2026-08-12T05:47:32,1786488452,13.822495,100.512271,16.8,0.87,0.6,-1.6,105.1,105.1,0.0,-0.02,-0.02,16.2,100,AUTO.LOITER,0,0
2026-08-12T05:47:33,1786488453,13.822495,100.512271,15.4,0.87,0.7,-1.6,105.1,105.1,0.0,-0.02,-0.02,16.2,100,AUTO.LOITER,0,0
2026-08-12T05:47:34,1786488454,13.822495,100.512272,15.4,0.87,0.7,-1.7,105.1,105.1,0.0,-0.01,-0.02,16.2,100,AUTO.LOITER,0,0
2026-08-12T05:47:35,1786488455,13.822495,100.512271,16.8,0.86,0.6,-1.7,105.1,105.1,-0.01,0.0,-0.01,16.2,100,AUTO.LOITER,0,0
2026-08-12T05:47:36,1786488456,13.822495,100.512271,16.8,0.86,0.6,-1.7,105.1,105.1,-0.01,0.0,0.0,16.2,100,AUTO.LOITER,0,0
2026-08-12T05:47:37,1786488457,13.822495,100.512272,16.8,0.85,0.6,-1.7,105.1,105.1,0.0,0.02,0.0,16.2,100,AUTO.LOITER,0,0
2026-08-12T05:47:38,1786488458,13.822495,100.512272,16.8,0.85,0.6,-1.7,105.1,105.1,0.0,0.02,0.0,16.2,100,AUTO.LOITER,0,0
2026-08-12T05:47:39,1786488459,13.822495,100.512272,16.8,0.85,0.6,-1.7,105.1,105.1,0.0,0.02,0.0,16.2,100,AUTO.LOITER,0,0
2026-08-12T05:47:40,1786488460,13.822495,100.512272,16.8,0.85,0.6,-1.6,105.1,105.1,-0.01,0.03,0.0,16.2,100,AUTO.LOITER,0,0
2026-08-12T05:47:41,1786488461,13.822495,100.512272,16.8,0.85,0.6,-1.6,105.1,105.1,0.0,0.02,0.0,16.2,100,AUTO.LOITER,0,0
2026-08-12T05:47:42,1786488462,13.822495,100.512272,16.8,0.85,0.6,-1.6,105.2,105.2,0.0,0.0,-0.01,16.2,100,AUTO.LOITER,0,0
2026-08-12T05:47:43,1786488463,13.822495,100.512271,16.8,0.86,0.6,-1.5,105.2,105.2,0.0,-0.01,-0.02,16.2,100,AUTO.LOITER,0,0
2026-08-12T05:47:44,1786488464,13.822495,100.512271,16.8,0.86,0.6,-1.6,105.2,105.2,0.0,0.0,-0.02,16.2,100,AUTO.LOITER,0,0
2026-08-12T05:47:45,1786488465,13.822495,100.512271,16.8,0.86,0.6,-1.5,105.2,105.2,0.0,0.0,-0.02,16.2,100,AUTO.LOITER,0,0
2026-08-12T05:47:46,1786488466,13.822495,100.512272,15.4,0.86,0.6,-1.5,105.2,105.2,0.0,0.0,-0.02,16.2,100,AUTO.LOITER,0,0
2026-08-12T05:47:47,1786488467,13.822495,100.512272,15.4,0.86,0.6,-1.5,105.2,105.2,0.0,0.0,-0.02,16.2,100,AUTO.LOITER,0,0
2026-08-12T05:47:48,1786488468,13.822495,100.512272,15.4,0.86,0.6,-1.5,105.2,105.2,0.0,0.0,-0.02,16.2,100,AUTO.LOITER,0,0
2026-08-12T05:47:49,1786488469,13.822494,100.512272,15.5,0.88,0.6,-1.5,105.1,105.1,0.0,-0.01,-0.03,16.2,100,AUTO.LOITER,0,0
2026-08-12T05:47:50,1786488470,13.822495,100.512272,16.8,0.88,0.6,-1.5,105.1,105.1,0.0,0.0,-0.03,16.2,100,AUTO.LOITER,0,0
2026-08-12T05:47:51,1786488471,13.822495,100.512272,16.8,0.88,0.6,-1.5,105.1,105.1,0.0,-0.01,-0.04,16.2,100,AUTO.LOITER,0,0
2026-08-12T05:47:52,1786488472,13.822495,100.512272,16.8,0.88,0.6,-1.5,105.1,105.1,0.0,-0.03,-0.04,16.2,100,AUTO.LOITER,0,0
2026-08-12T05:47:53,1786488473,13.822495,100.512272,16.8,0.88,0.6,-1.6,105.1,105.1,-0.01,-0.03,-0.03,16.2,100,AUTO.LOITER,0,0
2026-08-12T05:47:54,1786488474,13.822495,100.512272,16.8,0.88,0.6,-1.6,105.1,105.1,0.0,-0.02,-0.03,16.2,100,AUTO.LOITER,0,0
2026-08-12T05:47:55,1786488475,13.822495,100.512272,16.8,0.87,0.5,-1.6,105.1,105.1,0.01,-0.02,-0.02,16.2,100,AUTO.LOITER,0,0
2026-08-12T05:47:56,1786488476,13.822495,100.512272,16.8,0.86,0.5,-1.6,105.1,105.1,0.02,-0.02,-0.01,16.2,100,AUTO.LOITER,0,0
2026-08-12T05:47:57,1786488477,13.822495,100.512271,16.8,0.85,0.6,-1.6,105.1,105.1,0.02,-0.03,0.0,16.2,100,AUTO.LOITER,0,0
2026-08-12T05:47:58,1786488478,13.822495,100.512271,16.8,0.85,0.6,-1.7,105.1,105.1,0.0,-0.02,-0.01,16.2,100,AUTO.LOITER,0,0
2026-08-12T05:47:59,1786488479,13.822495,100.512271,16.8,0.86,0.6,-1.7,105.1,105.1,-0.01,0.0,-0.01,16.2,100,AUTO.LOITER,0,0
2026-08-12T05:48:00,1786488480,13.822495,100.512272,15.4,0.86,0.6,-1.7,105.1,105.1,-0.01,0.0,-0.01,16.2,100,AUTO.LOITER,0,0
2026-08-12T05:48:01,1786488481,13.822495,100.512271,16.8,0.87,0.6,-1.7,105.1,105.1,-0.01,0.0,-0.03,16.2,100,AUTO.LOITER,0,0
2026-08-12T05:48:02,1786488482,13.822495,100.512272,16.8,0.87,0.6,-1.7,105.1,105.1,0.0,0.01,-0.03,16.2,100,AUTO.LOITER,0,0
2026-08-12T05:48:03,1786488483,13.822495,100.512271,15.3,0.87,0.5,-1.7,105.1,105.1,0.0,0.01,-0.03,16.2,100,AUTO.LOITER,0,0
2026-08-12T05:48:04,1786488484,13.822495,100.512272,15.4,0.87,0.6,-1.7,105.1,105.1,0.0,0.01,-0.03,16.2,100,AUTO.LOITER,0,0
2026-08-12T05:48:05,1786488485,13.822495,100.512271,15.4,0.88,0.5,-1.7,105.1,105.1,0.0,0.0,-0.04,16.2,100,AUTO.LOITER,0,0
2026-08-12T05:48:06,1786488486,13.822495,100.512272,16.8,0.88,0.5,-1.7,105.1,105.1,0.0,0.01,-0.04,16.2,100,AUTO.LOITER,0,0
2026-08-12T05:48:07,1786488487,13.822495,100.512272,16.8,0.89,0.5,-1.7,105.1,105.1,0.0,0.01,-0.04,16.2,100,AUTO.LOITER,0,0
2026-08-12T05:48:08,1786488488,13.822495,100.512272,16.8,0.89,0.5,-1.7,105.1,105.1,0.0,0.01,-0.04,16.2,100,AUTO.LOITER,0,0
2026-08-12T05:48:09,1786488489,13.822495,100.512272,16.8,0.89,0.5,-1.7,105.1,105.1,0.0,0.0,-0.04,16.2,100,AUTO.LOITER,0,0
2026-08-12T05:48:10,1786488490,13.822495,100.512272,16.8,0.89,0.5,-1.7,105.1,105.1,0.0,0.0,-0.05,16.2,100,AUTO.LOITER,0,0
2026-08-12T05:48:11,1786488491,13.822494,100.512272,16.8,0.89,0.5,-1.7,105.0,105.0,0.0,0.0,-0.05,16.2,100,AUTO.LOITER,0,0
2026-08-12T05:48:12,1786488492,13.822495,100.512271,16.8,0.89,0.5,-1.7,105.0,105.0,0.01,0.0,-0.04,16.2,100,AUTO.LOITER,0,0
2026-08-12T05:48:13,1786488493,13.822495,100.512271,16.8,0.88,0.5,-1.7,105.0,105.0,0.01,-0.01,-0.04,16.2,100,AUTO.LOITER,0,0
2026-08-12T05:48:14,1786488494,13.822495,100.512271,16.8,0.88,0.6,-1.8,105.0,105.0,0.0,0.0,-0.03,16.2,100,AUTO.LOITER,0,0
2026-08-12T05:48:15,1786488495,13.822495,100.512272,16.8,0.88,0.6,-1.8,105.0,105.0,0.0,0.0,-0.04,16.2,100,AUTO.LOITER,0,0
2026-08-12T05:48:16,1786488496,13.822495,100.512272,16.8,0.89,0.6,-1.8,105.0,105.0,0.0,0.01,-0.05,16.2,100,AUTO.LOITER,0,0
2026-08-12T05:48:17,1786488497,13.822495,100.512272,16.8,0.9,0.5,-1.8,105.0,105.0,0.0,0.02,-0.06,16.2,100,AUTO.LOITER,0,0
2026-08-12T05:48:18,1786488498,13.822495,100.512272,16.8,0.9,0.6,-1.8,105.0,105.0,0.01,0.0,-0.06,16.2,100,AUTO.LOITER,0,0
2026-08-12T05:48:19,1786488499,13.822495,100.512271,15.3,0.9,0.6,-1.8,105.0,105.0,0.01,0.0,-0.06,16.2,100,AUTO.LOITER,0,0
2026-08-12T05:48:20,1786488500,13.822494,100.512272,15.4,0.9,0.6,-1.8,105.0,105.0,0.02,-0.01,-0.04,16.2,100,AUTO.LOITER,0,0
2026-08-12T05:48:21,1786488501,13.822495,100.512271,16.8,0.88,0.6,-1.9,105.0,105.0,0.0,-0.01,-0.03,16.2,100,AUTO.LOITER,0,0
2026-08-12T05:48:22,1786488502,13.822495,100.512272,16.8,0.87,0.6,-1.9,105.0,105.0,0.0,0.0,-0.03,16.2,100,AUTO.LOITER,0,0
2026-08-12T05:48:23,1786488503,13.822495,100.512272,16.8,0.87,0.6,-1.9,105.0,105.0,0.0,0.01,-0.03,16.2,100,AUTO.LOITER,0,0
2026-08-12T05:48:24,1786488504,13.822495,100.512272,16.8,0.87,0.6,-1.9,105.0,105.0,0.0,0.01,-0.03,16.2,100,AUTO.LOITER,0,0
2026-08-12T05:48:25,1786488505,13.822495,100.512272,16.8,0.87,0.6,-1.9,105.0,105.0,0.0,0.01,-0.03,16.2,100,AUTO.LOITER,0,0
2026-08-12T05:48:26,1786488506,13.822495,100.512272,16.8,0.85,0.6,-1.9,105.0,105.0,0.0,0.01,0.0,16.2,100,AUTO.LOITER,0,0
2026-08-12T05:48:27,1786488507,13.822495,100.512271,15.4,0.85,0.6,-1.9,105.0,105.0,0.0,0.01,0.0,16.2,100,AUTO.LOITER,0,0
2026-08-12T05:48:28,1786488508,13.822495,100.512272,16.8,0.85,0.6,-1.9,104.9,104.9,0.01,0.01,0.0,16.2,100,AUTO.LOITER,0,0
2026-08-12T05:48:29,1786488509,13.822495,100.512272,16.8,0.85,0.6,-1.9,104.9,104.9,0.01,0.03,0.0,16.2,100,AUTO.LOITER,0,0
2026-08-12T05:48:30,1786488510,13.822495,100.512272,16.8,0.85,0.6,-1.8,104.9,104.9,0.0,0.02,0.0,16.2,100,AUTO.LOITER,0,0
2026-08-12T05:48:31,1786488511,13.822495,100.512272,16.8,0.86,0.6,-1.8,104.9,104.9,0.0,0.01,-0.01,16.2,100,AUTO.LOITER,0,0
2026-08-12T05:48:32,1786488512,13.822495,100.512272,16.8,0.86,0.6,-1.8,104.9,104.9,0.0,0.0,-0.02,16.2,100,AUTO.LOITER,0,0
2026-08-12T05:48:33,1786488513,13.822495,100.512271,16.8,0.87,0.6,-1.8,104.9,104.9,0.01,-0.02,-0.02,16.2,100,AUTO.LOITER,0,0
2026-08-12T05:48:34,1786488514,13.822495,100.512271,16.8,0.87,0.6,-1.8,104.9,104.9,0.0,-0.03,-0.03,16.2,100,AUTO.LOITER,0,0
2026-08-12T05:48:35,1786488515,13.822495,100.512272,15.4,0.87,0.6,-1.8,104.9,104.9,0.0,-0.03,-0.03,16.2,100,AUTO.LOITER,0,0
2026-08-12T05:48:36,1786488516,13.822495,100.512272,15.3,0.88,0.6,-1.9,105.0,105.0,0.0,-0.01,-0.03,16.2,100,AUTO.LOITER,0,0
2026-08-12T05:48:37,1786488517,13.822495,100.512272,16.8,0.89,0.6,-1.8,105.0,105.0,0.0,0.0,-0.05,16.2,100,AUTO.LOITER,0,0
2026-08-12T05:48:38,1786488518,13.822495,100.512272,16.8,0.89,0.5,-1.8,105.0,105.0,0.0,0.0,-0.06,16.2,100,AUTO.LOITER,0,0
2026-08-12T05:48:39,1786488519,13.822495,100.512272,16.8,0.9,0.5,-1.8,105.0,105.0,0.01,0.0,-0.07,16.2,100,AUTO.LOITER,0,0
2026-08-12T05:48:40,1786488520,13.822495,100.512272,16.8,0.91,0.5,-1.8,105.0,105.0,0.02,-0.01,-0.07,16.2,100,AUTO.LOITER,0,0
2026-08-12T05:48:41,1786488521,13.822495,100.512271,16.8,0.92,0.5,-1.8,105.0,105.0,0.01,-0.02,-0.08,16.2,100,AUTO.LOITER,0,0
2026-08-12T05:48:42,1786488522,13.822495,100.512271,16.8,0.92,0.6,-1.9,105.0,105.0,0.01,-0.02,-0.08,16.2,100,AUTO.LOITER,0,0
2026-08-12T05:48:43,1786488523,13.822495,100.512271,16.8,0.92,0.6,-1.9,105.0,105.0,0.01,-0.02,-0.08,16.2,100,AUTO.LOITER,0,0
2026-08-12T05:48:44,1786488524,13.822495,100.512272,16.9,0.93,0.6,-1.9,105.0,105.0,0.0,0.0,-0.1,16.2,100,AUTO.LOITER,0,0
2026-08-12T05:48:45,1786488525,13.822495,100.512272,16.9,0.93,0.6,-1.9,105.0,105.0,0.0,0.01,-0.09,16.2,100,AUTO.LOITER,0,0
2026-08-12T05:48:46,1786488526,13.822495,100.512272,16.9,0.93,0.6,-1.9,105.0,105.0,0.0,0.0,-0.09,16.2,100,AUTO.LOITER,0,0
2026-08-12T05:48:47,1786488527,13.822494,100.512271,16.8,0.92,0.6,-1.9,105.0,105.0,0.0,0.0,-0.08,16.2,100,AUTO.LOITER,0,0
2026-08-12T05:48:48,1786488528,13.822495,100.512272,16.8,0.91,0.6,-1.9,105.0,105.0,0.02,0.02,-0.06,16.2,100,AUTO.LOITER,0,0
2026-08-12T05:48:49,1786488529,13.822495,100.512272,16.8,0.9,0.6,-1.9,105.0,105.0,0.02,0.03,-0.06,16.2,100,AUTO.LOITER,0,0
2026-08-12T05:48:50,1786488530,13.822495,100.512272,16.8,0.9,0.7,-1.9,105.0,105.0,0.02,0.03,-0.06,16.2,100,AUTO.LOITER,0,0
2026-08-12T05:48:51,1786488531,13.822495,100.512272,15.4,0.9,0.7,-1.9,105.0,105.0,0.02,0.03,-0.06,16.2,100,AUTO.LOITER,0,0
2026-08-12T05:48:52,1786488532,13.822495,100.512272,15.4,0.9,0.7,-1.9,105.0,105.0,0.01,0.02,-0.05,16.2,100,AUTO.LOITER,0,0
2026-08-12T05:48:53,1786488533,13.822495,100.512272,16.8,0.89,0.7,-1.8,105.0,105.0,0.0,0.01,-0.04,16.2,100,AUTO.LOITER,0,0
2026-08-12T05:48:54,1786488534,13.822495,100.512272,16.8,0.89,0.7,-1.8,105.0,105.0,0.0,0.01,-0.05,16.2,100,AUTO.LOITER,0,0
2026-08-12T05:48:55,1786488535,13.822495,100.512271,16.8,0.89,0.8,-1.7,105.0,105.0,0.0,0.0,-0.05,16.2,100,AUTO.LOITER,0,0
2026-08-12T05:48:56,1786488536,13.822495,100.512271,16.8,0.89,0.8,-1.7,105.0,105.0,-0.02,-0.01,-0.04,16.2,100,AUTO.LOITER,0,0
2026-08-12T05:48:57,1786488537,13.822495,100.512271,16.8,0.89,0.7,-1.7,105.0,105.0,-0.03,-0.01,-0.03,16.2,100,AUTO.LOITER,0,0
2026-08-12T05:48:58,1786488538,13.822494,100.512271,16.8,0.88,0.7,-1.7,105.0,105.0,-0.04,-0.02,-0.02,16.2,100,AUTO.LOITER,0,0
2026-08-12T05:48:59,1786488539,13.822495,100.512272,15.4,0.88,0.7,-1.7,105.1,105.1,-0.04,-0.02,-0.02,16.2,100,AUTO.LOITER,0,0
2026-08-12T05:49:00,1786488540,13.822495,100.512271,16.8,0.88,0.6,-1.7,105.1,105.1,-0.02,-0.05,-0.03,16.2,100,AUTO.LOITER,0,0
2026-08-12T05:49:01,1786488541,13.822495,100.512271,16.8,0.88,0.6,-1.8,105.1,105.1,-0.01,-0.04,-0.04,16.2,100,AUTO.LOITER,0,0
2026-08-12T05:49:02,1786488542,13.822495,100.512271,16.8,0.89,0.6,-1.8,105.1,105.1,0.0,-0.03,-0.04,16.2,100,AUTO.LOITER,0,0
2026-08-12T05:49:03,1786488543,13.822495,100.512271,16.8,0.89,0.6,-1.8,105.1,105.1,0.0,-0.02,-0.04,16.2,100,AUTO.LOITER,0,0
2026-08-12T05:49:04,1786488544,13.822495,100.512271,16.8,0.89,0.6,-1.8,105.1,105.1,0.01,0.0,-0.04,16.2,100,AUTO.LOITER,0,0
2026-08-12T05:49:05,1786488545,13.822495,100.512271,16.8,0.89,0.6,-1.9,105.1,105.1,0.01,0.01,-0.03,16.2,100,AUTO.LOITER,0,0
2026-08-12T05:49:06,1786488546,13.822495,100.512272,15.4,0.89,0.6,-1.9,105.1,105.1,0.01,0.01,-0.03,16.2,100,AUTO.LOITER,0,0
2026-08-12T05:49:07,1786488547,13.822495,100.512272,15.4,0.89,0.6,-1.8,105.1,105.1,0.01,0.01,-0.03,16.2,100,AUTO.LOITER,0,0
2026-08-12T05:49:08,1786488548,13.822495,100.512272,15.4,0.89,0.6,-1.8,105.1,105.1,0.03,0.04,-0.04,16.2,100,AUTO.LOITER,0,0
2026-08-12T05:49:09,1786488549,13.822495,100.512272,16.8,0.89,0.7,-1.8,105.1,105.1,0.03,0.03,-0.05,16.2,100,AUTO.LOITER,0,0
2026-08-12T05:49:10,1786488550,13.822495,100.512272,16.8,0.89,0.7,-1.7,105.1,105.1,0.02,0.03,-0.04,16.2,100,AUTO.LOITER,0,0
2026-08-12T05:49:11,1786488551,13.822495,100.512272,16.8,0.89,0.8,-1.7,105.1,105.1,0.01,0.01,-0.04,16.2,100,AUTO.LOITER,0,0
2026-08-12T05:49:12,1786488552,13.822495,100.512272,16.8,0.89,0.8,-1.7,105.1,105.1,0.0,0.0,-0.04,16.2,100,AUTO.LOITER,0,0
2026-08-12T05:49:13,1786488553,13.822495,100.512271,16.8,0.89,0.8,-1.7,105.1,105.1,0.0,0.0,-0.03,16.2,100,AUTO.LOITER,0,0
2026-08-12T05:49:14,1786488554,13.822495,100.512272,16.8,0.88,0.8,-1.7,105.1,105.1,0.0,0.0,-0.03,16.2,100,AUTO.LOITER,0,0
2026-08-12T05:49:15,1786488555,13.822495,100.512272,16.8,0.88,0.8,-1.7,105.1,105.1,0.0,0.02,-0.03,16.2,100,AUTO.LOITER,0,0
2026-08-12T05:49:16,1786488556,13.822495,100.512272,16.8,0.88,0.8,-1.7,105.1,105.1,0.0,0.02,-0.03,16.2,100,AUTO.LOITER,0,0
2026-08-12T05:49:17,1786488557,13.822495,100.512272,16.8,0.87,0.8,-1.7,105.1,105.1,0.0,0.01,-0.02,16.2,100,AUTO.LOITER,0,0
2026-08-12T05:49:18,1786488558,13.822495,100.512272,16.8,0.87,0.8,-1.7,105.1,105.1,0.0,0.0,-0.02,16.2,100,AUTO.LOITER,0,0
2026-08-12T05:49:19,1786488559,13.822495,100.512272,16.8,0.88,0.8,-1.7,105.1,105.1,0.0,-0.02,-0.03,16.2,100,AUTO.LOITER,0,0
2026-08-12T05:49:20,1786488560,13.822495,100.512271,16.8,0.88,0.8,-1.7,105.1,105.1,0.0,-0.03,-0.02,16.2,100,AUTO.LOITER,0,0
2026-08-12T05:49:21,1786488561,13.822495,100.512272,15.5,0.88,0.8,-1.7,105.1,105.1,0.0,-0.03,-0.02,16.2,100,AUTO.LOITER,0,0
2026-08-12T05:49:22,1786488562,13.822495,100.512272,15.4,0.88,0.8,-1.7,105.1,105.1,0.0,0.0,-0.02,16.2,100,AUTO.LOITER,0,0
2026-08-12T05:49:23,1786488563,13.822495,100.512272,16.8,0.88,0.8,-1.7,105.1,105.1,-0.01,0.0,-0.02,16.2,100,AUTO.LOITER,0,0
2026-08-12T05:49:24,1786488564,13.822495,100.512272,16.8,0.88,0.8,-1.7,105.1,105.1,-0.01,0.01,-0.03,16.2,100,AUTO.LOITER,0,0
2026-08-12T05:49:25,1786488565,13.822495,100.512272,16.8,0.88,0.8,-1.7,105.1,105.1,-0.02,0.0,-0.04,16.2,100,AUTO.LOITER,0,0
2026-08-12T05:49:26,1786488566,13.822495,100.512272,16.8,0.89,0.8,-1.7,105.1,105.1,-0.02,0.0,-0.04,16.2,100,AUTO.LOITER,0,0
2026-08-12T05:49:27,1786488567,13.822494,100.512272,16.8,0.88,0.8,-1.7,105.1,105.1,-0.04,0.0,-0.02,16.2,100,AUTO.LOITER,0,0
2026-08-12T05:49:28,1786488568,13.822494,100.512272,16.8,0.87,0.7,-1.7,105.1,105.1,-0.05,-0.01,-0.01,16.2,100,AUTO.LOITER,0,0
2026-08-12T05:49:29,1786488569,13.822494,100.512272,16.8,0.86,0.7,-1.7,105.1,105.1,-0.04,0.0,-0.01,16.2,100,AUTO.LOITER,0,0
2026-08-12T05:49:30,1786488570,13.822494,100.512272,16.8,0.87,0.6,-1.7,105.1,105.1,-0.03,0.0,-0.02,16.2,100,AUTO.LOITER,0,0
2026-08-12T05:49:31,1786488571,13.822494,100.512272,16.8,0.88,0.6,-1.7,105.1,105.1,-0.01,0.0,-0.02,16.2,100,AUTO.LOITER,0,0
2026-08-12T05:49:32,1786488572,13.822494,100.512272,16.8,0.88,0.6,-1.7,105.1,105.1,0.0,0.0,-0.02,16.2,100,AUTO.LOITER,0,0
2026-08-12T05:49:33,1786488573,13.822495,100.512272,16.8,0.88,0.6,-1.7,105.1,105.1,0.0,0.01,-0.03,16.2,100,AUTO.LOITER,0,0
2026-08-12T05:49:34,1786488574,13.822495,100.512272,16.8,0.88,0.6,-1.7,105.1,105.1,0.01,0.01,-0.03,16.2,100,AUTO.LOITER,0,0
2026-08-12T05:49:35,1786488575,13.822495,100.512272,16.8,0.89,0.6,-1.6,105.1,105.1,0.02,0.0,-0.04,16.2,100,AUTO.LOITER,0,0
2026-08-12T05:49:36,1786488576,13.822495,100.512272,15.3,0.89,0.6,-1.6,105.1,105.1,0.02,0.0,-0.04,16.2,100,AUTO.LOITER,0,0
2026-08-12T05:49:37,1786488577,13.822495,100.512272,15.3,0.89,0.6,-1.6,105.0,105.0,0.01,-0.01,-0.05,16.2,100,AUTO.LOITER,0,0
2026-08-12T05:49:38,1786488578,13.822495,100.512271,16.8,0.9,0.6,-1.6,105.0,105.0,0.0,-0.01,-0.04,16.2,100,AUTO.LOITER,0,0
2026-08-12T05:49:39,1786488579,13.822495,100.512272,16.8,0.89,0.6,-1.6,105.0,105.0,0.02,0.01,-0.04,16.2,100,AUTO.LOITER,0,0
2026-08-12T05:49:40,1786488580,13.822495,100.512272,16.8,0.89,0.6,-1.6,105.0,105.0,0.02,0.03,-0.03,16.2,100,AUTO.LOITER,0,0
2026-08-12T05:49:41,1786488581,13.822495,100.512272,16.8,0.89,0.7,-1.6,105.0,105.0,0.02,0.03,-0.03,16.2,100,AUTO.LOITER,0,0
2026-08-12T05:49:42,1786488582,13.822495,100.512271,15.4,0.89,0.7,-1.6,105.0,105.0,0.02,0.03,-0.03,16.2,100,AUTO.LOITER,0,0
2026-08-12T05:49:43,1786488583,13.822495,100.512272,16.8,0.87,0.7,-1.6,105.0,105.0,0.02,0.01,-0.01,16.2,100,AUTO.LOITER,0,0
2026-08-12T05:49:44,1786488584,13.822495,100.512272,16.8,0.87,0.7,-1.6,105.0,105.0,0.02,0.01,-0.02,16.2,100,AUTO.LOITER,0,0
2026-08-12T05:49:45,1786488585,13.822495,100.512272,16.8,0.87,0.8,-1.6,105.0,105.0,0.02,0.01,-0.02,16.2,100,AUTO.LOITER,0,0
2026-08-12T05:49:46,1786488586,13.822495,100.512272,16.8,0.88,0.8,-1.6,105.0,105.0,0.0,0.01,-0.04,16.2,100,AUTO.LOITER,0,0
2026-08-12T05:49:47,1786488587,13.822495,100.512272,16.8,0.9,0.8,-1.6,105.0,105.0,0.0,0.0,-0.05,16.2,100,AUTO.LOITER,0,0
2026-08-12T05:49:48,1786488588,13.822495,100.512272,16.8,0.9,0.8,-1.6,105.0,105.0,0.0,-0.01,-0.06,16.2,100,AUTO.LOITER,0,0
2026-08-12T05:49:49,1786488589,13.822495,100.512272,16.8,0.91,0.8,-1.6,105.0,105.0,0.02,0.0,-0.06,16.2,100,AUTO.LOITER,0,0
2026-08-12T05:49:50,1786488590,13.822495,100.512272,16.8,0.91,0.8,-1.7,105.0,105.0,0.03,0.0,-0.06,16.2,100,AUTO.LOITER,0,0
2026-08-12T05:49:51,1786488591,13.822495,100.512271,15.3,0.91,0.8,-1.7,105.0,105.0,0.03,0.0,-0.06,16.2,100,AUTO.LOITER,0,0
2026-08-12T05:49:52,1786488592,13.822495,100.512272,16.8,0.91,0.8,-1.7,105.0,105.0,0.02,0.01,-0.05,16.2,100,AUTO.LOITER,0,0
2026-08-12T05:49:53,1786488593,13.822495,100.512272,16.8,0.9,0.8,-1.7,105.0,105.0,0.0,0.01,-0.05,16.2,100,AUTO.LOITER,0,0
2026-08-12T05:49:54,1786488594,13.822495,100.512272,16.8,0.89,0.8,-1.7,105.0,105.0,-0.01,0.01,-0.04,16.2,100,AUTO.LOITER,0,0
2026-08-12T05:49:55,1786488595,13.822495,100.512271,15.5,0.89,0.8,-1.7,105.0,105.0,-0.01,0.01,-0.04,16.2,100,AUTO.LOITER,0,0
2026-08-12T05:49:56,1786488596,13.822495,100.512271,15.5,0.89,0.8,-1.7,105.0,105.0,-0.01,0.01,-0.04,16.2,100,AUTO.LOITER,0,0
2026-08-12T05:49:57,1786488597,13.822495,100.512272,16.8,0.89,0.8,-1.7,105.0,105.0,0.0,0.0,-0.03,16.2,100,AUTO.LOITER,0,0
2026-08-12T05:49:58,1786488598,13.822495,100.512272,16.8,0.88,0.8,-1.7,105.0,105.0,0.0,0.0,-0.03,16.2,100,AUTO.LOITER,0,0
2026-08-12T05:49:59,1786488599,13.822495,100.512272,16.8,0.88,0.8,-1.7,105.0,105.0,0.0,0.02,-0.03,16.2,100,AUTO.LOITER,0,0
2026-08-12T05:50:00,1786488600,13.822495,100.512272,16.8,0.88,0.8,-1.7,105.0,105.0,0.0,0.01,-0.02,16.2,100,AUTO.LOITER,0,0
2026-08-12T05:50:01,1786488601,13.822495,100.512272,16.8,0.87,0.8,-1.7,105.0,105.0,0.0,0.02,-0.02,16.2,100,AUTO.LOITER,0,0
2026-08-12T05:50:02,1786488602,13.822495,100.512272,16.8,0.87,0.8,-1.6,105.0,105.0,0.0,0.02,-0.01,16.2,100,AUTO.LOITER,0,0
2026-08-12T05:50:03,1786488603,13.822495,100.512272,16.8,0.87,0.7,-1.6,105.0,105.0,0.0,0.02,-0.01,16.2,100,AUTO.LOITER,0,0
2026-08-12T05:50:04,1786488604,13.822495,100.512272,16.8,0.87,0.7,-1.6,105.0,105.0,0.0,0.02,-0.01,16.2,100,AUTO.LOITER,0,0
2026-08-12T05:50:05,1786488605,13.822495,100.512272,15.4,0.87,0.7,-1.6,105.0,105.0,0.0,0.02,-0.01,16.2,100,AUTO.LOITER,0,0
2026-08-12T05:50:06,1786488606,13.822495,100.512272,16.8,0.87,0.7,-1.6,105.0,105.0,0.0,0.02,-0.01,16.2,100,AUTO.LOITER,0,0
2026-08-12T05:50:07,1786488607,13.822495,100.512272,16.8,0.87,0.7,-1.6,105.0,105.0,-0.01,0.02,-0.01,16.2,100,AUTO.LOITER,0,0
2026-08-12T05:50:08,1786488608,13.822494,100.512272,16.8,0.86,0.7,-1.6,105.0,105.0,-0.02,0.02,0.0,16.2,100,AUTO.LOITER,0,0
2026-08-12T05:50:09,1786488609,13.822495,100.512272,16.8,0.85,0.6,-1.6,105.0,105.0,-0.01,0.01,0.0,16.2,100,AUTO.LOITER,0,0
2026-08-12T05:50:10,1786488610,13.822495,100.512272,16.8,0.84,0.6,-1.5,105.0,105.0,-0.01,0.02,0.01,16.2,100,AUTO.LOITER,0,0
2026-08-12T05:50:11,1786488611,13.822495,100.512272,16.8,0.85,0.6,-1.5,105.0,105.0,-0.01,0.01,0.0,16.2,100,AUTO.LOITER,0,0
2026-08-12T05:50:12,1786488612,13.822495,100.512272,16.8,0.85,0.5,-1.5,105.0,105.0,-0.01,0.01,0.0,16.2,100,AUTO.LOITER,0,0
2026-08-12T05:50:13,1786488613,13.822495,100.512272,16.8,0.86,0.5,-1.5,105.0,105.0,-0.01,0.0,-0.01,16.2,100,AUTO.LOITER,0,0
2026-08-12T05:50:14,1786488614,13.822495,100.512271,16.8,0.86,0.5,-1.5,105.0,105.0,0.0,-0.01,0.0,16.2,100,AUTO.LOITER,0,0
2026-08-12T05:50:15,1786488615,13.822495,100.512271,16.8,0.85,0.5,-1.5,105.0,105.0,0.01,-0.01,0.0,16.2,100,AUTO.LOITER,0,0
2026-08-12T05:50:16,1786488616,13.822495,100.512271,16.8,0.85,0.5,-1.5,105.0,105.0,0.01,-0.01,0.0,16.2,100,AUTO.LOITER,0,0
2026-08-12T05:50:17,1786488617,13.822495,100.512271,16.8,0.85,0.5,-1.5,105.0,105.0,0.01,-0.02,0.0,16.2,100,AUTO.LOITER,0,0
2026-08-12T05:50:18,1786488618,13.822495,100.512272,15.4,0.85,0.4,-1.5,105.0,105.0,0.01,-0.02,0.0,16.2,100,AUTO.LOITER,0,0
2026-08-12T05:50:19,1786488619,13.822495,100.512272,15.4,0.86,0.4,-1.5,105.0,105.0,0.02,-0.01,0.0,16.2,100,AUTO.LOITER,0,0
2026-08-12T05:50:20,1786488620,13.822495,100.512271,16.8,0.86,0.5,-1.6,105.0,105.0,0.02,-0.01,-0.01,16.2,100,AUTO.LOITER,0,0
2026-08-12T05:50:21,1786488621,13.822495,100.512272,16.8,0.87,0.5,-1.6,105.0,105.0,0.02,0.0,-0.01,16.2,100,AUTO.LOITER,0,0
2026-08-12T05:50:22,1786488622,13.822495,100.512272,15.4,0.87,0.5,-1.6,105.0,105.0,0.02,0.0,-0.01,16.2,100,AUTO.LOITER,0,0
2026-08-12T05:50:23,1786488623,13.822495,100.512272,16.8,0.88,0.5,-1.6,105.0,105.0,0.0,0.02,-0.03,16.2,100,AUTO.LOITER,0,0
2026-08-12T05:50:24,1786488624,13.822495,100.512272,16.8,0.89,0.5,-1.6,105.0,105.0,0.0,0.02,-0.03,16.2,100,AUTO.LOITER,0,0
2026-08-12T05:50:25,1786488625,13.822495,100.512272,16.8,0.89,0.5,-1.5,105.0,105.0,-0.01,0.02,-0.04,16.2,100,AUTO.LOITER,0,0
2026-08-12T05:50:26,1786488626,13.822495,100.512272,16.8,0.89,0.4,-1.5,105.0,105.0,0.0,0.01,-0.04,16.2,100,AUTO.LOITER,0,0
2026-08-12T05:50:27,1786488627,13.822495,100.512271,16.8,0.9,0.4,-1.4,105.0,105.0,0.01,0.0,-0.05,16.2,100,AUTO.LOITER,0,0
2026-08-12T05:50:28,1786488628,13.822495,100.512272,16.8,0.91,0.4,-1.4,105.0,105.0,0.0,0.0,-0.06,16.2,100,AUTO.LOITER,0,0
2026-08-12T05:50:29,1786488629,13.822495,100.512271,16.8,0.91,0.4,-1.4,105.0,105.0,0.0,0.0,-0.06,16.2,100,AUTO.LOITER,0,0
2026-08-12T05:50:30,1786488630,13.822495,100.512271,16.8,0.91,0.4,-1.4,105.0,105.0,0.02,0.0,-0.05,16.2,100,AUTO.LOITER,0,0
2026-08-12T05:50:31,1786488631,13.822495,100.512271,16.8,0.9,0.4,-1.4,105.0,105.0,0.01,-0.01,-0.04,16.2,100,AUTO.LOITER,0,0
2026-08-12T05:50:32,1786488632,13.822495,100.512272,15.4,0.9,0.4,-1.4,105.0,105.0,0.01,-0.01,-0.04,16.2,100,AUTO.LOITER,0,0
2026-08-12T05:50:33,1786488633,13.822495,100.512272,15.4,0.9,0.4,-1.5,105.0,105.0,0.0,-0.02,-0.04,16.2,100,AUTO.LOITER,0,0
2026-08-12T05:50:34,1786488634,13.822495,100.512271,16.8,0.9,0.5,-1.5,105.0,105.0,0.0,-0.02,-0.04,16.2,100,AUTO.LOITER,0,0
2026-08-12T05:50:35,1786488635,13.822495,100.512272,15.3,0.9,0.5,-1.5,105.0,105.0,0.0,-0.02,-0.04,16.2,100,AUTO.LOITER,0,0
2026-08-12T05:50:36,1786488636,13.822495,100.512271,16.8,0.89,0.4,-1.5,105.0,105.0,0.0,0.0,-0.03,16.2,100,AUTO.LOITER,0,0
2026-08-12T05:50:37,1786488637,13.822495,100.512271,16.8,0.89,0.4,-1.5,105.0,105.0,0.0,0.0,-0.03,16.2,100,AUTO.LOITER,0,0
2026-08-12T05:50:38,1786488638,13.822495,100.512272,15.4,0.89,0.4,-1.5,105.0,105.0,0.0,0.0,-0.03,16.2,100,AUTO.LOITER,0,0
2026-08-12T05:50:39,1786488639,13.822495,100.512272,16.8,0.89,0.4,-1.5,105.0,105.0,0.02,0.02,-0.04,16.2,100,AUTO.LOITER,0,0
2026-08-12T05:50:40,1786488640,13.822495,100.512272,16.8,0.9,0.5,-1.5,105.0,105.0,0.01,0.02,-0.05,16.2,100,AUTO.LOITER,0,0
2026-08-12T05:50:41,1786488641,13.822495,100.512272,16.8,0.9,0.5,-1.5,105.0,105.0,0.01,0.02,-0.05,16.2,100,AUTO.LOITER,0,0
2026-08-12T05:50:42,1786488642,13.822495,100.512272,16.8,0.9,0.5,-1.4,105.0,105.0,0.01,0.0,-0.05,16.2,100,AUTO.LOITER,0,0
2026-08-12T05:50:43,1786488643,13.822495,100.512272,16.8,0.91,0.5,-1.4,105.0,105.0,0.0,0.0,-0.06,16.2,100,AUTO.LOITER,0,0
2026-08-12T05:50:44,1786488644,13.822495,100.512272,16.8,0.9,0.5,-1.4,105.0,105.0,0.0,0.0,-0.05,16.2,100,AUTO.LOITER,0,0
2026-08-12T05:50:45,1786488645,13.822495,100.512271,15.4,0.9,0.5,-1.4,105.0,105.0,0.0,0.0,-0.05,16.2,100,AUTO.LOITER,0,0
2026-08-12T05:50:46,1786488646,13.822495,100.512272,16.8,0.89,0.5,-1.5,105.0,105.0,-0.01,0.0,-0.04,16.2,100,AUTO.LOITER,0,0
2026-08-12T05:50:47,1786488647,13.822495,100.512272,16.8,0.89,0.5,-1.5,105.0,105.0,0.0,0.0,-0.04,16.2,100,AUTO.LOITER,0,0
2026-08-12T05:50:48,1786488648,13.822495,100.512272,15.4,0.89,0.5,-1.5,105.0,105.0,0.0,0.0,-0.04,16.2,100,AUTO.LOITER,0,0
2026-08-12T05:50:49,1786488649,13.822495,100.512271,15.4,0.89,0.5,-1.5,105.0,105.0,0.0,0.0,-0.03,16.2,100,AUTO.LOITER,0,0
2026-08-12T05:50:50,1786488650,13.822495,100.512272,16.8,0.88,0.5,-1.5,105.0,105.0,0.0,0.01,-0.02,16.2,100,AUTO.LOITER,0,0
2026-08-12T05:50:51,1786488651,13.822495,100.512272,16.8,0.87,0.5,-1.5,105.0,105.0,0.0,0.02,-0.01,16.2,100,AUTO.LOITER,0,0
2026-08-12T05:50:52,1786488652,13.822495,100.512272,16.8,0.86,0.5,-1.5,105.0,105.0,0.0,0.01,0.0,16.2,100,AUTO.LOITER,0,0
2026-08-12T05:50:53,1786488653,13.822495,100.512272,16.8,0.86,0.5,-1.5,105.0,105.0,0.0,0.0,0.0,16.2,100,AUTO.LOITER,0,0
2026-08-12T05:50:54,1786488654,13.822495,100.512271,16.8,0.86,0.5,-1.5,105.0,105.0,-0.01,-0.01,0.0,16.2,100,AUTO.LOITER,0,0
2026-08-12T05:50:55,1786488655,13.822495,100.512271,16.8,0.86,0.5,-1.5,105.0,105.0,-0.01,-0.01,0.0,16.2,100,AUTO.LOITER,0,0
2026-08-12T05:50:56,1786488656,13.822495,100.512271,16.8,0.86,0.4,-1.5,105.0,105.0,-0.01,-0.01,0.0,16.2,100,AUTO.LOITER,0,0
2026-08-12T05:50:57,1786488657,13.822495,100.512272,16.8,0.87,0.4,-1.5,105.0,105.0,-0.01,0.0,-0.01,16.2,100,AUTO.LOITER,0,0
2026-08-12T05:50:58,1786488658,13.822495,100.512272,16.8,0.88,0.4,-1.5,105.0,105.0,-0.01,0.0,-0.02,16.2,100,AUTO.LOITER,0,0
2026-08-12T05:50:59,1786488659,13.822495,100.512271,16.8,0.88,0.4,-1.5,105.0,105.0,-0.01,-0.01,-0.03,16.2,100,AUTO.LOITER,0,0
2026-08-12T05:51:00,1786488660,13.822494,100.512271,16.8,0.88,0.4,-1.5,105.0,105.0,-0.01,-0.03,-0.02,16.2,100,AUTO.LOITER,0,0
2026-08-12T05:51:01,1786488661,13.822495,100.512271,16.8,0.88,0.4,-1.6,105.0,105.0,0.0,-0.04,-0.01,16.2,100,AUTO.LOITER,0,0
2026-08-12T05:51:02,1786488662,13.822495,100.512271,16.8,0.87,0.3,-1.6,105.0,105.0,0.0,-0.02,-0.01,16.2,100,AUTO.LOITER,0,0
2026-08-12T05:51:03,1786488663,13.822494,100.512272,16.8,0.87,0.3,-1.7,105.0,105.0,0.01,-0.01,-0.01,16.2,100,AUTO.LOITER,0,0
2026-08-12T05:51:04,1786488664,13.822495,100.512272,15.4,0.87,0.3,-1.7,105.0,105.0,0.01,-0.01,-0.01,16.2,100,AUTO.LOITER,0,0
2026-08-12T05:51:05,1786488665,13.822495,100.512272,15.4,0.88,0.4,-1.7,105.0,105.0,0.01,-0.01,-0.02,16.2,100,AUTO.LOITER,0,0
2026-08-12T05:51:06,1786488666,13.822495,100.512271,16.8,0.88,0.4,-1.7,105.0,105.0,0.0,-0.01,-0.02,16.2,100,AUTO.LOITER,0,0
2026-08-12T05:51:07,1786488667,13.822495,100.512271,16.8,0.88,0.3,-1.8,105.0,105.0,0.0,0.0,-0.02,16.2,100,AUTO.LOITER,0,0
2026-08-12T05:51:08,1786488668,13.822495,100.512271,16.8,0.88,0.3,-1.8,105.0,105.0,0.0,0.0,-0.02,16.2,100,AUTO.LOITER,0,0
2026-08-12T05:51:09,1786488669,13.822495,100.512271,15.4,0.88,0.3,-1.8,105.0,105.0,0.0,0.0,-0.02,16.2,100,AUTO.LOITER,0,0
2026-08-12T05:51:10,1786488670,13.822494,100.512272,16.8,0.88,0.3,-1.8,105.0,105.0,0.0,0.03,-0.02,16.2,100,AUTO.LOITER,0,0
2026-08-12T05:51:11,1786488671,13.822495,100.512272,16.8,0.88,0.3,-1.8,105.0,105.0,0.0,0.03,-0.02,16.2,100,AUTO.LOITER,0,0
2026-08-12T05:51:12,1786488672,13.822495,100.512272,16.8,0.88,0.3,-1.7,105.0,105.0,0.0,0.01,-0.02,16.2,100,AUTO.LOITER,0,0
2026-08-12T05:51:13,1786488673,13.822495,100.512271,16.8,0.88,0.3,-1.7,105.0,105.0,0.0,0.0,-0.03,16.2,100,AUTO.LOITER,0,0
2026-08-12T05:51:14,1786488674,13.822495,100.512271,16.8,0.88,0.3,-1.7,105.0,105.0,0.0,0.0,-0.03,16.2,100,AUTO.LOITER,0,0
2026-08-12T05:51:15,1786488675,13.822495,100.512272,16.8,0.88,0.3,-1.7,105.0,105.0,0.0,0.02,-0.02,16.2,100,AUTO.LOITER,0,0
2026-08-12T05:51:16,1786488676,13.822495,100.512271,15.4,0.88,0.3,-1.7,105.0,105.0,0.0,0.02,-0.02,16.2,100,AUTO.LOITER,0,0
2026-08-12T05:51:17,1786488677,13.822495,100.512272,15.4,0.88,0.3,-1.7,105.0,105.0,0.0,0.02,-0.02,16.2,100,AUTO.LOITER,0,0
2026-08-12T05:51:18,1786488678,13.822495,100.512272,16.8,0.88,0.3,-1.7,105.0,105.0,-0.01,0.03,-0.03,16.2,100,AUTO.LOITER,0,0
2026-08-12T05:51:19,1786488679,13.822495,100.512271,15.4,0.88,0.3,-1.6,105.0,105.0,-0.01,0.02,-0.03,16.2,100,AUTO.LOITER,0,0
2026-08-12T05:51:20,1786488680,13.822495,100.512271,15.4,0.88,0.3,-1.6,105.0,105.0,-0.01,0.02,-0.03,16.2,100,AUTO.LOITER,0,0
2026-08-12T05:51:21,1786488681,13.822494,100.512272,16.8,0.89,0.3,-1.6,105.0,105.0,-0.02,0.0,-0.03,16.2,100,AUTO.LOITER,0,0
2026-08-12T05:51:22,1786488682,13.822494,100.512271,16.8,0.89,0.2,-1.6,105.1,105.1,-0.02,-0.01,-0.04,16.2,100,AUTO.LOITER,0,0
2026-08-12T05:51:23,1786488683,13.822494,100.512272,16.8,0.89,0.2,-1.6,105.1,105.1,-0.01,0.0,-0.03,16.2,100,AUTO.LOITER,0,0
2026-08-12T05:51:24,1786488684,13.822495,100.512272,16.8,0.89,0.2,-1.6,105.1,105.1,-0.01,0.0,-0.03,16.2,100,AUTO.LOITER,0,0
2026-08-12T05:51:25,1786488685,13.822495,100.512272,16.8,0.89,0.1,-1.6,105.1,105.1,-0.01,0.01,-0.03,16.2,100,AUTO.LOITER,0,0
2026-08-12T05:51:26,1786488686,13.822495,100.512272,16.8,0.89,0.1,-1.6,105.1,105.1,0.0,0.01,-0.04,16.2,100,AUTO.LOITER,0,0
2026-08-12T05:51:27,1786488687,13.822495,100.512272,16.8,0.9,0.1,-1.6,105.1,105.1,0.0,0.01,-0.05,16.2,100,AUTO.LOITER,0,0
2026-08-12T05:51:28,1786488688,13.822495,100.512272,16.8,0.91,0.1,-1.5,105.1,105.1,0.0,0.0,-0.05,16.2,100,AUTO.LOITER,0,0
2026-08-12T05:51:29,1786488689,13.822495,100.512272,16.8,0.91,0.1,-1.5,105.1,105.1,0.0,0.0,-0.05,16.2,100,AUTO.LOITER,0,0
2026-08-12T05:51:30,1786488690,13.822495,100.512272,16.8,0.9,0.1,-1.6,105.1,105.1,0.01,0.0,-0.04,16.2,100,AUTO.LOITER,0,0
2026-08-12T05:51:31,1786488691,13.822495,100.512272,16.8,0.9,0.1,-1.6,105.1,105.1,0.01,0.0,-0.04,16.2,100,AUTO.LOITER,0,0
2026-08-12T05:51:32,1786488692,13.822495,100.512272,15.4,0.9,0.1,-1.6,105.1,105.1,0.01,0.0,-0.04,16.2,100,AUTO.LOITER,0,0
2026-08-12T05:51:33,1786488693,13.822494,100.512272,15.4,0.9,0.1,-1.6,105.1,105.1,0.0,0.0,-0.04,16.2,100,AUTO.LOITER,0,0
2026-08-12T05:51:34,1786488694,13.822495,100.512272,15.4,0.9,0.1,-1.6,105.1,105.1,0.0,0.0,-0.04,16.2,100,AUTO.LOITER,0,0
2026-08-12T05:51:35,1786488695,13.822495,100.512272,16.8,0.89,0.0,-1.6,105.1,105.1,0.0,0.01,-0.03,16.2,100,AUTO.LOITER,0,0
2026-08-12T05:51:36,1786488696,13.822495,100.512272,16.8,0.88,0.0,-1.5,105.1,105.1,0.0,0.02,-0.02,16.2,100,AUTO.LOITER,0,0
2026-08-12T05:51:37,1786488697,13.822495,100.512272,16.8,0.87,0.0,-1.5,105.1,105.1,0.0,0.02,0.0,16.2,100,AUTO.LOITER,0,0
2026-08-12T05:51:38,1786488698,13.822495,100.512272,16.8,0.86,0.0,-1.5,105.1,105.1,0.0,0.01,0.0,16.2,100,AUTO.LOITER,0,0
2026-08-12T05:51:39,1786488699,13.822495,100.512271,16.8,0.86,0.0,-1.5,105.1,105.1,0.01,0.0,0.0,16.2,100,AUTO.LOITER,0,0
2026-08-12T05:51:40,1786488700,13.822495,100.512271,16.8,0.86,0.0,-1.5,105.1,105.1,0.0,0.0,0.0,16.2,100,AUTO.LOITER,0,0
2026-08-12T05:51:41,1786488701,13.822495,100.512272,16.8,0.86,0.0,-1.5,105.1,105.1,-0.01,0.01,-0.01,16.2,100,AUTO.LOITER,0,0
2026-08-12T05:51:42,1786488702,13.822495,100.512272,16.8,0.87,0.0,-1.5,105.1,105.1,-0.02,0.01,0.0,16.2,100,AUTO.LOITER,0,0
2026-08-12T05:51:43,1786488703,13.822495,100.512272,16.8,0.86,0.0,-1.5,105.0,105.0,-0.02,0.01,0.0,16.2,100,AUTO.LOITER,0,0
2026-08-12T05:51:44,1786488704,13.822495,100.512272,16.8,0.86,-0.0,-1.4,105.0,105.0,-0.02,0.0,0.0,16.2,100,AUTO.LOITER,0,0
2026-08-12T05:51:45,1786488705,13.822495,100.512272,16.8,0.86,-0.0,-1.4,105.0,105.0,0.0,0.0,0.0,16.2,100,AUTO.LOITER,0,0
2026-08-12T05:51:46,1786488706,13.822495,100.512271,15.3,0.86,-0.1,-1.4,105.0,105.0,0.0,0.0,0.0,16.2,100,AUTO.LOITER,0,0
2026-08-12T05:51:47,1786488707,13.822495,100.512271,15.4,0.86,-0.1,-1.4,105.0,105.0,0.0,-0.01,0.0,16.2,100,AUTO.LOITER,0,0
2026-08-12T05:51:48,1786488708,13.822495,100.512272,15.4,0.86,-0.1,-1.5,105.0,105.0,0.0,-0.01,0.0,16.2,100,AUTO.LOITER,0,0
2026-08-12T05:51:49,1786488709,13.822495,100.512271,16.8,0.86,-0.1,-1.5,105.1,105.1,0.0,0.0,0.0,16.2,100,AUTO.LOITER,0,0
2026-08-12T05:51:50,1786488710,13.822495,100.512271,16.8,0.86,-0.1,-1.5,105.1,105.1,0.02,0.0,0.0,16.2,100,AUTO.LOITER,0,0
2026-08-12T05:51:51,1786488711,13.822495,100.512272,16.8,0.86,-0.1,-1.5,105.1,105.1,0.03,0.01,0.0,16.2,100,AUTO.LOITER,0,0
2026-08-12T05:51:52,1786488712,13.822495,100.512272,16.8,0.86,-0.1,-1.5,105.1,105.1,0.02,0.02,0.0,16.2,100,AUTO.LOITER,0,0
2026-08-12T05:51:53,1786488713,13.822495,100.512272,16.8,0.86,-0.1,-1.5,105.1,105.1,0.01,0.03,0.0,16.2,100,AUTO.LOITER,0,0
2026-08-12T05:51:54,1786488714,13.822495,100.512272,16.8,0.87,-0.1,-1.5,105.1,105.1,0.01,0.01,-0.01,16.2,100,AUTO.LOITER,0,0
2026-08-12T05:51:55,1786488715,13.822495,100.512272,16.8,0.87,-0.0,-1.5,105.1,105.1,-0.01,0.0,-0.01,16.2,100,AUTO.LOITER,0,0
2026-08-12T05:51:56,1786488716,13.822494,100.512271,16.8,0.87,-0.0,-1.5,105.1,105.1,-0.02,-0.01,0.0,16.2,100,AUTO.LOITER,0,0
2026-08-12T05:51:57,1786488717,13.822494,100.512271,16.8,0.86,-0.1,-1.5,105.1,105.1,-0.01,0.0,0.0,16.2,100,AUTO.LOITER,0,0
2026-08-12T05:51:58,1786488718,13.822495,100.512271,16.8,0.85,-0.1,-1.5,105.1,105.1,0.0,0.01,0.0,16.2,100,AUTO.LOITER,0,0
2026-08-12T05:51:59,1786488719,13.822494,100.512272,16.8,0.86,-0.1,-1.5,105.1,105.1,0.0,0.03,0.0,16.2,100,AUTO.LOITER,0,0
2026-08-12T05:52:00,1786488720,13.822495,100.512271,15.5,0.86,-0.1,-1.5,105.1,105.1,0.0,0.03,0.0,16.2,100,AUTO.LOITER,0,0
2026-08-12T05:52:01,1786488721,13.822494,100.512271,15.4,0.86,-0.1,-1.4,105.0,105.0,0.01,0.04,0.0,16.2,100,AUTO.LOITER,0,0
2026-08-12T05:52:02,1786488722,13.822494,100.512272,15.4,0.87,-0.1,-1.4,105.0,105.0,0.01,0.01,-0.01,16.2,100,AUTO.LOITER,0,0
2026-08-12T05:52:03,1786488723,13.822495,100.512271,16.8,0.87,-0.1,-1.4,105.0,105.0,0.01,0.0,-0.01,16.2,100,AUTO.LOITER,0,0
2026-08-12T05:52:04,1786488724,13.822495,100.512272,16.8,0.87,-0.1,-1.4,105.0,105.0,0.02,0.0,0.0,16.2,100,AUTO.LOITER,0,0
2026-08-12T05:52:05,1786488725,13.822495,100.512272,16.8,0.86,-0.1,-1.4,105.0,105.0,0.02,0.01,0.0,16.2,100,AUTO.LOITER,0,0
2026-08-12T05:52:06,1786488726,13.822495,100.512272,16.8,0.86,-0.1,-1.4,105.0,105.0,0.02,0.0,0.0,16.2,100,AUTO.LOITER,0,0
2026-08-12T05:52:07,1786488727,13.822495,100.512271,16.8,0.86,-0.0,-1.4,105.0,105.0,0.01,0.0,0.0,16.2,100,AUTO.LOITER,0,0
2026-08-12T05:52:08,1786488728,13.822495,100.512271,16.8,0.86,-0.0,-1.4,105.0,105.0,0.01,0.0,0.0,16.2,100,AUTO.LOITER,0,0
2026-08-12T05:52:09,1786488729,13.822495,100.512272,16.8,0.85,-0.0,-1.3,105.0,105.0,0.01,0.01,0.01,16.2,100,AUTO.LOITER,0,0
2026-08-12T05:52:10,1786488730,13.822495,100.512272,16.8,0.84,0.0,-1.3,105.0,105.0,0.0,0.02,0.02,16.2,100,AUTO.LOITER,0,0
2026-08-12T05:52:11,1786488731,13.822495,100.512271,16.8,0.83,0.0,-1.3,105.0,105.0,0.0,0.0,0.03,16.2,100,AUTO.LOITER,0,0
