iso,unix,lat,lon,alt_msl,rel_alt,roll,pitch,yaw,heading,vx,vy,vz,vbatt,batt_pct,mode,armed,in_air
2026-08-18T16:59:40,1787047180,13.822175,100.512097,16.2,0.0,-0.6,-3.3,-73.6,286.4,0.01,0.05,0.0,22.74,43,POSCTL,0,0
2026-08-18T16:59:41,1787047181,13.822175,100.512097,16.2,0.0,-0.6,-3.3,-73.6,286.4,0.01,0.05,0.0,22.74,43,POSCTL,0,0
2026-08-18T16:59:42,1787047182,13.822175,100.512097,16.2,0.0,-0.6,-3.2,-73.4,286.6,0.01,0.05,0.0,22.74,43,POSCTL,0,0
2026-08-18T16:59:43,1787047183,13.822176,100.512102,16.9,0.0,-0.6,-3.2,-73.4,286.6,0.01,0.03,0.0,22.74,43,POSCTL,0,0
2026-08-18T16:59:44,1787047184,13.822176,100.512102,16.9,0.0,-0.6,-3.2,-73.4,286.6,0.01,0.03,0.0,22.74,43,POSCTL,0,0
2026-08-18T16:59:45,1787047185,13.822176,100.512102,16.9,0.0,-0.6,-3.2,-73.4,286.6,0.01,0.03,0.0,22.74,43,POSCTL,0,0
2026-08-18T16:59:47,1787047187,13.822176,100.512102,16.9,0.0,-0.6,-3.2,-73.4,286.6,0.01,0.03,0.0,22.74,43,POSCTL,0,0
2026-08-18T16:59:48,1787047188,13.822179,100.512103,16.9,0.0,-0.6,-3.2,-73.4,286.6,0.01,0.0,0.0,22.74,43,POSCTL,0,0
2026-08-18T16:59:49,1787047189,13.822179,100.512103,16.9,0.0,-0.6,-3.2,-73.4,286.6,0.01,0.0,0.0,22.74,43,POSCTL,0,0
2026-08-18T16:59:50,1787047190,13.822179,100.512103,16.9,0.0,-0.7,-3.2,-73.4,286.6,0.01,0.0,0.0,22.74,43,POSCTL,0,0
2026-08-18T16:59:51,1787047191,13.822178,100.512103,54.1,0.0,-0.7,-3.2,-73.4,286.6,0.0,0.0,0.0,22.74,43,POSCTL,0,0
2026-08-18T16:59:52,1787047192,13.82218,100.512105,17.3,0.0,-0.7,-3.2,-73.4,286.6,0.0,0.0,0.0,22.74,43,POSCTL,0,0
2026-08-18T16:59:53,1787047193,13.82218,100.512105,17.3,0.0,-0.7,-3.2,-73.4,286.6,0.0,0.0,0.0,22.74,43,POSCTL,0,0
2026-08-18T16:59:54,1787047194,13.82218,100.512105,17.3,0.0,-0.7,-3.2,-73.4,286.6,0.0,0.0,0.0,22.74,43,POSCTL,0,0
2026-08-18T16:59:55,1787047195,13.82218,100.512108,17.9,0.0,-0.7,-3.2,-73.4,286.6,0.01,0.01,0.0,22.74,43,POSCTL,0,0
2026-08-18T16:59:56,1787047196,13.82218,100.512108,17.9,0.0,-0.7,-3.2,-73.4,286.6,0.01,0.01,0.0,22.74,43,POSCTL,0,0
2026-08-18T16:59:57,1787047197,13.82218,100.512108,17.9,0.0,-0.6,-3.2,-73.5,286.5,0.01,0.01,0.0,22.74,43,POSCTL,0,0
2026-08-18T16:59:58,1787047198,13.822182,100.512108,18.1,0.0,-0.6,-3.2,-73.5,286.5,0.01,0.01,0.0,22.74,43,POSCTL,0,0
2026-08-18T16:59:59,1787047199,13.822182,100.512108,18.1,0.0,-0.6,-3.2,-73.5,286.5,0.01,0.01,0.0,22.74,43,POSCTL,0,0
2026-08-18T17:00:00,1787047200,13.822182,100.512108,18.1,0.0,-0.6,-3.2,-73.4,286.6,0.01,0.01,0.0,22.74,43,POSCTL,0,0
2026-08-18T17:00:01,1787047201,13.822182,100.512108,18.1,0.0,-0.6,-3.2,-73.4,286.6,0.01,0.01,0.0,22.74,43,POSCTL,0,0
2026-08-18T17:00:02,1787047202,13.822183,100.512109,54.1,0.0,-0.6,-3.2,-73.4,286.6,0.0,0.0,0.0,22.74,43,POSCTL,0,0
2026-08-18T17:00:03,1787047203,13.822183,100.512109,54.1,0.0,-0.6,-3.2,-73.4,286.6,0.0,0.0,0.0,22.74,43,POSCTL,0,0
2026-08-18T17:00:04,1787047204,13.822183,100.512109,54.1,0.0,-0.6,-3.2,-73.4,286.6,0.0,0.0,0.0,22.74,43,POSCTL,0,0
2026-08-18T17:00:05,1787047205,13.822183,100.512109,54.1,0.0,-0.6,-3.2,-73.4,286.6,0.0,0.0,0.0,22.74,43,POSCTL,0,0
2026-08-18T17:00:06,1787047206,13.822186,100.512107,17.6,0.0,-0.6,-3.2,-73.4,286.6,0.01,0.01,0.0,22.74,43,POSCTL,0,0
2026-08-18T17:00:07,1787047207,13.822186,100.512107,17.6,0.0,-0.7,-3.3,-73.4,286.6,0.01,0.01,0.0,22.74,43,POSCTL,0,0
2026-08-18T17:00:08,1787047208,13.822186,100.512107,17.6,0.0,-0.7,-3.3,-73.4,286.6,0.01,0.01,0.0,22.74,43,POSCTL,0,0
2026-08-18T17:00:09,1787047209,13.822184,100.512104,54.1,0.0,-0.7,-3.3,-73.4,286.6,-0.05,-0.1,0.0,22.74,43,POSCTL,0,0
2026-08-18T17:00:10,1787047210,13.82218,100.512093,14.7,0.0,-0.7,-3.3,-73.4,286.6,-0.05,-0.1,0.0,22.74,43,POSCTL,0,0
2026-08-18T17:00:11,1787047211,13.82218,100.512093,14.7,0.0,-0.7,-3.3,-73.4,286.6,-0.05,-0.1,0.0,22.74,43,POSCTL,0,0
2026-08-18T17:00:12,1787047212,13.82218,100.512093,14.7,0.0,-0.7,-3.3,-73.4,286.6,-0.05,-0.1,0.0,22.74,43,POSCTL,0,0
2026-08-18T17:00:13,1787047213,13.82218,100.512093,14.7,0.0,-0.7,-3.3,-73.4,286.6,-0.05,-0.1,0.0,22.74,43,POSCTL,0,0
2026-08-18T17:00:14,1787047214,13.82218,100.512093,14.7,0.0,-0.7,-3.3,-73.4,286.6,-0.05,-0.1,0.0,22.74,43,POSCTL,0,0
2026-08-18T17:00:15,1787047215,13.82218,100.512093,14.7,0.0,-0.7,-3.3,-73.4,286.6,-0.05,-0.1,0.0,22.74,43,POSCTL,0,0
2026-08-18T17:00:16,1787047216,13.82218,100.512093,14.7,0.0,-0.7,-3.3,-73.4,286.6,-0.05,-0.1,0.0,22.73,43,POSCTL,0,0
2026-08-18T17:00:17,1787047217,13.822168,100.512076,10.4,0.0,-0.7,-3.3,-73.4,286.6,-0.05,-0.1,0.0,22.73,43,POSCTL,0,0
2026-08-18T17:00:18,1787047218,13.822168,100.512076,10.4,0.0,-0.4,-3.0,-73.5,286.5,-0.05,-0.1,0.0,22.73,43,POSCTL,0,0
2026-08-18T17:00:19,1787047219,13.822168,100.512076,10.4,0.0,-0.4,-3.0,-73.5,286.5,-0.05,-0.1,0.0,22.73,43,POSCTL,0,0
2026-08-18T17:00:20,1787047220,13.822166,100.512075,10.2,0.0,-0.4,-3.0,-73.5,286.5,0.01,0.0,0.0,22.73,43,POSCTL,0,0
2026-08-18T17:00:21,1787047221,13.822166,100.512075,10.2,0.0,-0.4,-3.0,-73.5,286.5,0.01,0.0,0.0,22.73,43,POSCTL,0,0
2026-08-18T17:00:22,1787047222,13.822166,100.512075,10.2,0.0,-0.4,-3.0,-73.5,286.5,0.01,0.0,0.0,22.73,43,POSCTL,0,0
2026-08-18T17:00:23,1787047223,13.822166,100.512075,10.2,0.0,-0.4,-3.0,-73.5,286.5,0.01,0.0,0.0,22.73,43,POSCTL,0,0
2026-08-18T17:00:26,1787047226,13.822166,100.512075,10.2,0.0,-0.5,-3.1,-73.4,286.6,0.01,0.0,0.0,22.73,43,POSCTL,0,0
2026-08-18T17:00:27,1787047227,13.822165,100.512083,12.0,0.0,-0.5,-3.1,-73.4,286.6,0.0,0.07,0.0,22.73,43,POSCTL,0,0
2026-08-18T17:00:28,1787047228,13.822165,100.512083,12.0,0.0,-0.5,-3.1,-73.4,286.6,0.0,0.07,0.0,22.73,43,POSCTL,0,0
2026-08-18T17:00:29,1787047229,13.822165,100.512083,12.0,0.0,-0.5,-3.1,-73.4,286.6,0.0,0.07,0.0,22.73,43,POSCTL,0,0
2026-08-18T17:00:30,1787047230,13.822165,100.512083,12.0,0.0,-0.5,-3.1,-73.4,286.6,0.0,0.07,0.0,22.73,43,POSCTL,0,0
2026-08-18T17:00:31,1787047231,13.822165,100.512083,12.0,0.0,-0.5,-3.1,-73.4,286.6,0.0,0.07,0.0,22.73,43,POSCTL,0,0
2026-08-18T17:00:32,1787047232,13.822165,100.512083,12.0,0.0,-0.5,-3.1,-73.4,286.6,0.0,0.07,0.0,22.73,43,POSCTL,0,0
2026-08-18T17:00:33,1787047233,13.822165,100.512083,12.0,0.0,-0.5,-3.1,-73.4,286.6,0.0,0.07,0.0,22.73,43,POSCTL,0,0
2026-08-18T17:00:34,1787047234,13.822161,100.512083,12.1,0.0,-0.5,-3.1,-73.4,286.6,0.02,-0.02,0.0,22.73,43,POSCTL,0,0
2026-08-18T17:00:35,1787047235,13.822161,100.512083,12.1,0.0,-0.5,-3.1,-73.4,286.6,0.02,-0.02,0.0,22.73,43,POSCTL,0,0
2026-08-18T17:00:36,1787047236,13.822161,100.512083,12.1,0.0,-0.5,-3.1,-73.4,286.6,0.02,-0.02,0.0,22.73,43,POSCTL,0,0
2026-08-18T17:00:37,1787047237,13.822161,100.512083,12.1,0.0,-0.5,-3.1,-73.4,286.6,0.02,-0.02,0.0,22.73,43,POSCTL,0,0
2026-08-18T17:00:38,1787047238,13.822161,100.512083,12.1,0.0,-0.5,-3.1,-73.4,286.6,0.02,-0.02,0.0,22.73,43,POSCTL,0,0
2026-08-18T17:00:39,1787047239,13.822165,100.51209,13.1,0.0,-0.5,-3.1,-73.4,286.6,-0.01,0.0,0.0,22.73,43,POSCTL,0,0
2026-08-18T17:00:40,1787047240,13.822165,100.51209,13.1,0.0,-0.6,-3.2,-73.4,286.6,-0.01,0.0,0.0,22.73,43,POSCTL,0,0
2026-08-18T17:00:41,1787047241,13.822165,100.51209,13.1,0.0,-0.6,-3.2,-73.4,286.6,-0.01,0.0,0.0,22.73,43,POSCTL,0,0
2026-08-18T17:00:42,1787047242,13.822165,100.51209,13.1,0.0,-0.6,-3.2,-73.4,286.6,-0.01,0.0,0.0,22.73,43,POSCTL,0,0
2026-08-18T17:00:43,1787047243,13.822165,100.51209,13.1,0.0,-0.6,-3.2,-73.4,286.6,-0.01,0.0,0.0,22.73,43,POSCTL,0,0
2026-08-18T17:00:44,1787047244,13.822165,100.51209,13.1,0.0,-0.6,-3.2,-73.4,286.6,-0.01,0.0,0.0,22.73,43,POSCTL,0,0
2026-08-18T17:00:45,1787047245,13.822165,100.51209,13.1,0.0,-0.6,-3.2,-73.4,286.6,-0.01,0.0,0.0,22.73,43,POSCTL,0,0
2026-08-18T17:00:46,1787047246,13.822165,100.51209,13.1,0.0,-0.7,-3.3,-73.4,286.6,-0.01,0.0,0.0,22.73,43,POSCTL,0,0
2026-08-18T17:00:47,1787047247,13.822172,100.512097,14.8,0.0,-0.7,-3.3,-73.4,286.6,0.03,0.0,0.0,22.73,43,POSCTL,0,0
2026-08-18T17:00:48,1787047248,13.822172,100.512097,14.8,0.0,-0.7,-3.3,-73.4,286.6,0.03,0.0,0.0,22.73,43,POSCTL,0,0
2026-08-18T17:00:49,1787047249,13.822172,100.512097,14.8,0.0,-0.7,-3.3,-73.4,286.6,0.03,0.0,0.0,22.73,43,POSCTL,0,0
2026-08-18T17:00:50,1787047250,13.822173,100.512096,14.5,-0.0,-0.7,-3.3,-73.4,286.6,0.0,-0.01,0.0,22.73,43,POSCTL,0,0
2026-08-18T17:00:51,1787047251,13.822173,100.512096,14.5,-0.0,-0.7,-3.3,-73.4,286.6,0.0,-0.01,0.0,22.73,43,POSCTL,0,0
2026-08-18T17:00:52,1787047252,13.822173,100.512096,14.5,-0.0,-0.7,-3.3,-73.4,286.6,0.0,-0.01,0.0,22.73,43,POSCTL,0,0
2026-08-18T17:00:53,1787047253,13.822173,100.512096,14.5,-0.0,-0.7,-3.3,-73.4,286.6,0.0,-0.01,0.0,22.73,43,POSCTL,0,0
2026-08-18T17:00:54,1787047254,13.822175,100.512098,14.4,0.0,-0.7,-3.3,-73.4,286.6,-0.01,0.0,0.0,22.73,43,POSCTL,0,0
2026-08-18T17:00:55,1787047255,13.822175,100.512098,14.4,0.0,-0.7,-3.2,-73.5,286.5,-0.01,0.0,0.0,22.73,43,POSCTL,0,0
2026-08-18T17:00:56,1787047256,13.822175,100.512098,14.4,0.0,-0.7,-3.2,-73.5,286.5,-0.01,0.0,0.0,22.73,43,POSCTL,0,0
2026-08-18T17:00:57,1787047257,13.822175,100.512098,14.4,0.0,-0.6,-3.2,-73.5,286.5,-0.01,0.0,0.0,22.73,43,POSCTL,0,0
2026-08-18T17:00:58,1787047258,13.822176,100.512099,54.1,0.0,-0.6,-3.2,-73.5,286.5,0.04,0.02,0.0,22.73,43,POSCTL,0,0
2026-08-18T17:00:59,1787047259,13.822176,100.512099,54.1,0.0,-0.6,-3.2,-73.5,286.5,0.04,0.02,0.0,22.73,43,POSCTL,0,0
2026-08-18T17:01:00,1787047260,13.822176,100.512099,54.1,0.0,-0.6,-3.2,-73.5,286.5,0.04,0.02,0.0,22.73,43,POSCTL,0,0
2026-08-18T17:01:01,1787047261,13.822176,100.512099,54.1,0.0,-0.6,-3.2,-73.5,286.5,0.04,0.02,0.0,22.73,43,POSCTL,0,0
2026-08-18T17:01:02,1787047262,13.82218,100.512113,17.3,0.0,-0.6,-3.2,-73.5,286.5,0.0,0.05,0.0,22.73,43,POSCTL,0,0
2026-08-18T17:01:03,1787047263,13.82218,100.512113,17.3,0.0,-0.6,-3.2,-73.5,286.5,0.0,0.05,0.0,22.73,43,POSCTL,0,0
2026-08-18T17:01:04,1787047264,13.82218,100.512113,17.3,0.0,-0.6,-3.2,-73.6,286.4,0.0,0.05,0.0,22.73,43,POSCTL,0,0
2026-08-18T17:01:05,1787047265,13.82218,100.512113,17.3,0.0,-0.6,-3.2,-73.6,286.4,0.0,0.05,0.0,22.73,43,POSCTL,0,0
2026-08-18T17:01:06,1787047266,13.82218,100.512113,17.3,0.0,-0.7,-3.3,-73.6,286.4,0.0,0.05,0.0,22.73,43,POSCTL,0,0
2026-08-18T17:01:07,1787047267,13.822173,100.512105,15.4,-0.0,-0.7,-3.3,-73.6,286.4,-0.03,-0.06,0.0,22.73,43,POSCTL,0,0
2026-08-18T17:01:08,1787047268,13.822173,100.512105,15.4,-0.0,-0.7,-3.3,-73.6,286.4,-0.03,-0.06,0.0,22.73,43,POSCTL,0,0
2026-08-18T17:01:09,1787047269,13.822173,100.512105,15.4,-0.0,-0.7,-3.3,-73.6,286.4,-0.03,-0.06,0.0,22.73,43,POSCTL,0,0
2026-08-18T17:01:10,1787047270,13.822173,100.512105,15.4,-0.0,-0.7,-3.3,-73.6,286.4,-0.03,-0.06,0.0,22.73,43,POSCTL,0,0
2026-08-18T17:01:11,1787047271,13.822173,100.512105,15.4,-0.0,-0.7,-3.3,-73.6,286.4,-0.03,-0.06,0.0,22.73,43,POSCTL,0,0
2026-08-18T17:01:12,1787047272,13.822173,100.512105,15.4,-0.0,-0.7,-3.3,-73.6,286.4,-0.03,-0.06,0.0,22.73,43,POSCTL,0,0
2026-08-18T17:01:13,1787047273,13.822173,100.512105,15.4,-0.0,-0.7,-3.3,-73.6,286.4,-0.03,-0.06,0.0,22.73,43,POSCTL,0,0
2026-08-18T17:01:14,1787047274,13.822173,100.512091,12.2,0.0,-0.7,-3.3,-73.6,286.4,0.02,-0.05,0.0,22.73,43,POSCTL,0,0
2026-08-18T17:01:15,1787047275,13.822173,100.512091,12.2,0.0,-0.5,-3.1,-73.4,286.6,0.02,-0.05,0.0,22.73,43,POSCTL,0,0
2026-08-18T17:01:16,1787047276,13.822173,100.512091,12.2,0.0,-0.5,-3.1,-73.4,286.6,0.02,-0.05,0.0,22.73,43,POSCTL,0,0
2026-08-18T17:01:17,1787047277,13.822178,100.51209,11.8,-0.0,-0.5,-3.1,-73.4,286.6,0.01,-0.03,0.0,22.73,43,POSCTL,0,0
2026-08-18T17:01:18,1787047278,13.822178,100.51209,11.8,-0.0,-0.5,-3.1,-73.3,286.7,0.01,-0.03,0.0,22.73,43,POSCTL,0,0
2026-08-18T17:01:19,1787047279,13.822178,100.51209,11.8,-0.0,-0.5,-3.1,-73.3,286.7,0.01,-0.03,0.0,22.73,43,POSCTL,0,0
2026-08-18T17:01:20,1787047280,13.822178,100.51209,11.8,-0.0,-0.5,-3.1,-73.3,286.7,0.01,-0.03,0.0,22.73,43,POSCTL,0,0
2026-08-18T17:01:21,1787047281,13.822178,100.51209,11.8,-0.0,-0.5,-3.1,-73.3,286.7,0.01,-0.03,0.0,22.73,43,POSCTL,0,0
2026-08-18T17:01:22,1787047282,13.822178,100.51209,11.8,-0.0,-0.5,-3.1,-73.3,286.7,0.01,-0.03,0.0,22.73,43,POSCTL,0,0
2026-08-18T17:01:23,1787047283,13.822178,100.51209,11.8,-0.0,-0.6,-3.1,-73.3,286.7,0.01,-0.03,0.0,22.73,43,POSCTL,0,0
2026-08-18T17:01:24,1787047284,13.822185,100.512088,12.1,-0.0,-0.6,-3.1,-73.3,286.7,0.05,0.02,0.0,22.73,43,POSCTL,0,0
2026-08-18T17:01:25,1787047285,13.822185,100.512088,12.1,-0.0,-0.6,-3.1,-73.3,286.7,0.05,0.02,0.0,22.73,43,POSCTL,0,0
2026-08-18T17:01:26,1787047286,13.822185,100.512088,12.1,-0.0,-0.7,-3.1,-73.3,286.7,0.05,0.02,0.0,22.73,43,POSCTL,0,0
2026-08-18T17:01:27,1787047287,13.822185,100.512088,12.1,-0.0,-0.7,-3.1,-73.3,286.7,0.05,0.02,0.0,22.73,43,POSCTL,0,0
2026-08-18T17:01:28,1787047288,13.822183,100.51208,11.4,-0.0,-0.7,-3.1,-73.3,286.7,-0.01,0.0,0.0,22.73,43,POSCTL,0,0
2026-08-18T17:01:29,1787047289,13.822183,100.51208,11.4,-0.0,-0.7,-3.1,-73.3,286.7,-0.01,0.0,0.0,22.73,43,POSCTL,0,0
2026-08-18T17:01:30,1787047290,13.822183,100.51208,11.4,-0.0,-0.6,-3.1,-73.3,286.7,-0.01,0.0,0.0,22.73,43,POSCTL,0,0
2026-08-18T17:01:32,1787047292,13.822183,100.51208,11.4,-0.0,-0.6,-3.1,-73.3,286.7,-0.01,0.0,0.0,22.73,43,POSCTL,0,0
2026-08-18T17:01:33,1787047293,13.822183,100.51208,11.4,-0.0,-0.7,-3.1,-73.2,286.8,-0.01,0.0,0.0,22.73,43,POSCTL,0,0
2026-08-18T17:01:34,1787047294,13.822183,100.51208,11.4,-0.0,-0.7,-3.1,-73.2,286.8,-0.01,0.0,0.0,22.73,43,POSCTL,0,0
2026-08-18T17:01:35,1787047295,13.822183,100.51208,11.4,-0.0,-0.7,-3.1,-73.2,286.8,-0.01,0.0,0.0,22.73,43,POSCTL,0,0
2026-08-18T17:01:36,1787047296,13.822183,100.51208,11.4,-0.0,-0.6,-3.1,-73.2,286.8,-0.01,0.0,0.0,22.73,43,POSCTL,0,0
2026-08-18T17:01:37,1787047297,13.822188,100.512078,13.2,0.0,-0.6,-3.1,-73.2,286.8,0.0,0.0,0.0,22.73,43,POSCTL,0,0
2026-08-18T17:01:38,1787047298,13.822188,100.512078,13.2,0.0,-0.6,-3.1,-73.2,286.8,0.0,0.0,0.0,22.73,43,POSCTL,0,0
2026-08-18T17:01:39,1787047299,13.822187,100.512079,54.1,0.0,-0.6,-3.1,-73.2,286.8,0.0,0.01,0.0,22.73,43,POSCTL,0,0
2026-08-18T17:01:40,1787047300,13.822187,100.512079,54.1,0.0,-0.6,-3.1,-73.2,286.8,0.0,0.01,0.0,22.73,43,POSCTL,0,0
2026-08-18T17:01:41,1787047301,13.822187,100.512079,54.1,0.0,-0.6,-3.1,-73.2,286.8,0.0,0.01,0.0,22.73,43,POSCTL,0,0
2026-08-18T17:01:42,1787047302,13.822187,100.512079,54.1,0.0,-0.6,-3.1,-73.2,286.8,0.0,0.01,0.0,22.73,43,POSCTL,0,0
2026-08-18T17:01:43,1787047303,13.822187,100.512079,54.1,0.0,-0.6,-3.1,-73.2,286.8,0.0,0.01,0.0,22.73,43,POSCTL,0,0
2026-08-18T17:01:44,1787047304,13.822184,100.512068,12.7,0.0,-0.6,-3.1,-73.2,286.8,-0.01,-0.03,0.0,22.73,43,POSCTL,0,0
2026-08-18T17:01:45,1787047305,13.822184,100.512068,12.7,0.0,-0.6,-3.2,-73.2,286.8,-0.01,-0.03,0.0,22.73,43,POSCTL,0,0
2026-08-18T17:01:46,1787047306,13.822184,100.512068,12.7,0.0,-0.6,-3.2,-73.2,286.8,-0.01,-0.03,0.0,22.73,43,POSCTL,0,0
2026-08-18T17:01:47,1787047307,13.822183,100.512062,12.3,-0.0,-0.6,-3.2,-73.2,286.8,-0.02,-0.06,0.0,22.73,43,POSCTL,0,0
2026-08-18T17:01:48,1787047308,13.822183,100.512062,12.3,-0.0,-0.6,-3.1,-73.2,286.8,-0.02,-0.06,0.0,22.73,43,POSCTL,0,0
2026-08-18T17:01:49,1787047309,13.822183,100.512062,12.3,-0.0,-0.6,-3.1,-73.2,286.8,-0.02,-0.06,0.0,22.73,43,POSCTL,0,0
2026-08-18T17:01:50,1787047310,13.822183,100.512062,12.3,-0.0,-0.6,-3.1,-73.2,286.8,-0.02,-0.06,0.0,22.73,43,POSCTL,0,0
2026-08-18T17:01:51,1787047311,13.822182,100.512062,54.1,0.0,-0.6,-3.1,-73.2,286.8,-0.03,-0.02,0.0,22.73,43,POSCTL,0,0
2026-08-18T17:01:52,1787047312,13.822181,100.512058,12.3,0.0,-0.6,-3.1,-73.2,286.8,-0.03,-0.02,0.0,22.73,43,POSCTL,0,0
2026-08-18T17:01:53,1787047313,13.822181,100.512058,12.3,0.0,-0.5,-3.1,-73.2,286.8,-0.03,-0.02,0.0,22.73,43,POSCTL,0,0
2026-08-18T17:01:54,1787047314,13.82218,100.512059,12.9,-0.0,-0.5,-3.1,-73.2,286.8,-0.01,0.01,0.0,22.73,43,POSCTL,0,0
2026-08-18T17:01:55,1787047315,13.82218,100.512059,12.9,-0.0,-0.5,-3.1,-73.2,286.8,-0.01,0.01,0.0,22.73,43,POSCTL,0,0
2026-08-18T17:01:56,1787047316,13.82218,100.512059,12.9,-0.0,-0.5,-3.1,-73.2,286.8,-0.01,0.01,0.0,22.73,43,POSCTL,0,0
2026-08-18T17:01:57,1787047317,13.82218,100.512059,12.9,-0.0,-0.5,-3.1,-73.2,286.8,-0.01,0.01,0.0,22.73,43,POSCTL,0,0
2026-08-18T17:01:58,1787047318,13.82218,100.512059,12.9,-0.0,-0.5,-3.1,-73.2,286.8,-0.01,0.01,0.0,22.73,43,POSCTL,0,0
2026-08-18T17:01:59,1787047319,13.82218,100.512059,12.9,-0.0,-0.5,-3.1,-73.2,286.8,-0.01,0.01,0.0,22.73,43,POSCTL,0,0
2026-08-18T17:02:00,1787047320,13.82218,100.512059,12.9,-0.0,-0.5,-3.1,-73.2,286.8,-0.01,0.01,0.0,22.73,43,POSCTL,0,0
2026-08-18T17:02:02,1787047322,13.822178,100.512067,16.3,0.0,-0.5,-3.1,-73.2,286.8,0.03,0.06,0.0,22.73,43,POSCTL,0,0
2026-08-18T17:02:03,1787047323,13.822178,100.512067,16.3,0.0,-0.6,-3.2,-73.3,286.7,0.03,0.06,0.0,22.73,43,POSCTL,0,0
2026-08-18T17:02:04,1787047324,13.822178,100.512067,16.3,0.0,-0.6,-3.2,-73.3,286.7,0.03,0.06,0.0,22.73,43,POSCTL,0,0
2026-08-18T17:02:05,1787047325,13.822181,100.512071,17.8,0.0,-0.6,-3.2,-73.3,286.7,0.0,0.01,0.0,22.73,43,POSCTL,0,0
2026-08-18T17:02:06,1787047326,13.822181,100.512071,17.8,0.0,-0.6,-3.2,-73.3,286.7,0.0,0.01,0.0,22.73,43,POSCTL,0,0
2026-08-18T17:02:07,1787047327,13.822181,100.512071,17.8,0.0,-0.6,-3.2,-73.2,286.8,0.0,0.01,0.0,22.73,43,POSCTL,0,0
2026-08-18T17:02:08,1787047328,13.822181,100.512071,17.8,0.0,-0.6,-3.2,-73.2,286.8,0.0,0.01,0.0,22.73,43,POSCTL,0,0
2026-08-18T17:02:09,1787047329,13.822181,100.512071,17.8,0.0,-0.6,-3.2,-73.2,286.8,0.0,0.01,0.0,22.73,43,POSCTL,0,0
2026-08-18T17:02:10,1787047330,13.822181,100.512071,17.8,0.0,-0.6,-3.2,-73.2,286.8,0.0,0.01,0.0,22.73,43,POSCTL,0,0
2026-08-18T17:02:11,1787047331,13.822181,100.512071,17.8,0.0,-0.6,-3.2,-73.2,286.8,0.0,0.01,0.0,22.73,43,POSCTL,0,0
2026-08-18T17:02:12,1787047332,13.822181,100.512071,17.8,0.0,-0.6,-3.2,-73.2,286.8,0.0,0.01,0.0,22.73,43,POSCTL,0,0
2026-08-18T17:02:13,1787047333,13.822182,100.512079,19.4,0.0,-0.7,-3.2,-73.2,286.8,0.02,0.03,0.0,22.73,43,POSCTL,0,0
2026-08-18T17:02:14,1787047334,13.822182,100.512079,19.4,0.0,-0.7,-3.2,-73.2,286.8,0.02,0.03,0.0,22.73,43,POSCTL,0,0
2026-08-18T17:02:15,1787047335,13.822182,100.512079,19.4,0.0,-0.7,-3.2,-73.2,286.8,0.02,0.03,0.0,22.73,43,POSCTL,0,0
2026-08-18T17:02:16,1787047336,13.822182,100.512079,19.4,0.0,-0.7,-3.3,-73.2,286.8,0.02,0.03,0.0,22.73,43,POSCTL,0,0
2026-08-18T17:02:17,1787047337,13.822182,100.512079,19.4,0.0,-0.7,-3.3,-73.2,286.8,0.02,0.03,0.0,22.73,43,POSCTL,0,0
2026-08-18T17:02:18,1787047338,13.822182,100.512079,19.4,0.0,-0.7,-3.3,-73.2,286.8,0.02,0.03,0.0,22.73,43,POSCTL,0,0
2026-08-18T17:02:19,1787047339,13.822182,100.512079,19.4,0.0,-0.7,-3.3,-73.2,286.8,0.02,0.03,0.0,22.73,43,POSCTL,0,0
2026-08-18T17:02:20,1787047340,13.822182,100.512079,19.4,0.0,-0.7,-3.3,-73.2,286.8,0.02,0.03,0.0,22.73,43,POSCTL,0,0
2026-08-18T17:02:21,1787047341,13.822181,100.512099,21.2,0.0,-0.7,-3.3,-73.2,286.8,0.01,0.05,0.0,22.73,43,POSCTL,0,0
2026-08-18T17:02:22,1787047342,13.822181,100.512099,21.2,0.0,-0.6,-3.3,-73.3,286.7,0.01,0.05,0.0,22.73,43,POSCTL,0,0
2026-08-18T17:02:23,1787047343,13.822181,100.512099,21.2,0.0,-0.6,-3.3,-73.3,286.7,0.01,0.05,0.0,22.73,43,POSCTL,0,0
2026-08-18T17:02:24,1787047344,13.822181,100.512099,21.2,0.0,-0.6,-3.3,-73.4,286.6,0.01,0.05,0.0,22.73,43,POSCTL,0,0
2026-08-18T17:02:25,1787047345,13.822193,100.512118,25.3,0.0,-0.6,-3.3,-73.4,286.6,0.08,0.11,0.0,22.73,43,POSCTL,0,0
2026-08-18T17:02:26,1787047346,13.822193,100.512118,25.3,0.0,-0.6,-3.3,-73.4,286.6,0.08,0.11,0.0,22.73,43,POSCTL,0,0
2026-08-18T17:02:27,1787047347,13.822193,100.512118,25.3,0.0,-0.7,-3.4,-73.4,286.6,0.08,0.11,0.0,22.73,43,POSCTL,0,0
2026-08-18T17:02:28,1787047348,13.822192,100.512117,24.8,0.0,-0.7,-3.4,-73.4,286.6,0.08,0.11,0.0,22.73,43,POSCTL,0,0
2026-08-18T17:02:29,1787047349,13.822192,100.512117,24.8,0.0,-0.7,-3.4,-73.4,286.6,0.08,0.11,0.0,22.73,43,POSCTL,0,0
2026-08-18T17:02:30,1787047350,13.822192,100.512117,24.8,0.0,-0.7,-3.4,-73.4,286.6,0.08,0.11,0.0,22.73,43,POSCTL,0,0
2026-08-18T17:02:31,1787047351,13.822192,100.512117,24.8,0.0,-0.7,-3.4,-73.4,286.6,0.08,0.11,0.0,22.73,43,POSCTL,0,0
2026-08-18T17:02:32,1787047352,13.822192,100.512117,24.8,0.0,-0.7,-3.4,-73.4,286.6,0.08,0.11,0.0,22.73,43,POSCTL,0,0
2026-08-18T17:02:33,1787047353,13.822192,100.512117,24.8,0.0,-0.7,-3.4,-73.4,286.6,0.08,0.11,0.0,22.73,43,POSCTL,0,0
2026-08-18T17:02:34,1787047354,13.822192,100.512117,24.8,0.0,-0.7,-3.4,-73.4,286.6,0.08,0.11,0.0,22.73,43,POSCTL,0,0
2026-08-18T17:02:35,1787047355,13.822192,100.512117,24.8,0.0,-0.7,-3.3,-73.5,286.5,0.08,0.11,0.0,22.73,43,POSCTL,0,0
2026-08-18T17:02:36,1787047356,13.822192,100.512117,24.8,0.0,-0.7,-3.3,-73.5,286.5,0.08,0.11,0.0,22.73,43,POSCTL,0,0
2026-08-18T17:02:37,1787047357,13.822184,100.51211,23.0,0.0,-0.7,-3.3,-73.5,286.5,-0.07,-0.1,0.0,22.73,43,POSCTL,0,0
2026-08-18T17:02:38,1787047358,13.822184,100.51211,23.0,0.0,-0.7,-3.3,-73.6,286.4,-0.07,-0.1,0.0,22.73,43,POSCTL,0,0
2026-08-18T17:02:39,1787047359,13.822184,100.51211,23.0,0.0,-0.7,-3.3,-73.6,286.4,-0.07,-0.1,0.0,22.73,43,POSCTL,0,0
2026-08-18T17:02:40,1787047360,13.822184,100.51211,23.0,0.0,-0.7,-3.3,-73.6,286.4,-0.07,-0.1,0.0,22.73,43,POSCTL,0,0
2026-08-18T17:02:41,1787047361,13.822182,100.512108,22.9,0.0,-0.7,-3.3,-73.6,286.4,-0.07,-0.1,0.0,22.73,43,POSCTL,0,0
2026-08-18T17:02:42,1787047362,13.822182,100.512108,22.9,0.0,-0.7,-3.3,-73.6,286.4,-0.07,-0.1,0.0,22.73,43,POSCTL,0,0
2026-08-18T17:02:43,1787047363,13.822182,100.512108,22.9,0.0,-0.6,-3.2,-73.6,286.4,-0.07,-0.1,0.0,22.73,43,POSCTL,0,0
2026-08-18T17:02:44,1787047364,13.822183,100.512108,23.2,-0.0,-0.6,-3.2,-73.6,286.4,-0.02,-0.03,0.0,22.73,43,POSCTL,0,0
2026-08-18T17:02:45,1787047365,13.822183,100.512108,23.2,-0.0,-0.6,-3.2,-73.6,286.4,-0.02,-0.03,0.0,22.73,43,POSCTL,0,0
2026-08-18T17:02:46,1787047366,13.822183,100.512108,23.2,-0.0,-0.5,-3.1,-73.6,286.4,-0.02,-0.03,0.0,22.73,43,POSCTL,0,0
2026-08-18T17:02:47,1787047367,13.822183,100.512108,23.2,-0.0,-0.5,-3.1,-73.6,286.4,-0.02,-0.03,0.0,22.73,43,POSCTL,0,0
2026-08-18T17:02:48,1787047368,13.822183,100.512103,21.6,-0.0,-0.5,-3.2,-73.6,286.4,0.01,0.0,0.0,22.73,43,POSCTL,0,0
2026-08-18T17:02:49,1787047369,13.822183,100.512103,21.6,-0.0,-0.5,-3.2,-73.6,286.4,0.01,0.0,0.0,22.73,43,POSCTL,0,0
2026-08-18T17:02:50,1787047370,13.822183,100.512103,21.6,-0.0,-0.5,-3.2,-73.6,286.4,0.01,0.0,0.0,22.73,43,POSCTL,0,0
2026-08-18T17:02:51,1787047371,13.822183,100.512103,21.6,-0.0,-0.6,-3.2,-73.6,286.4,0.01,0.0,0.0,22.73,43,POSCTL,0,0
2026-08-18T17:02:52,1787047372,13.822183,100.512103,21.6,-0.0,-0.6,-3.2,-73.6,286.4,0.01,0.0,0.0,22.73,43,POSCTL,0,0
2026-08-18T17:02:53,1787047373,13.822183,100.512103,21.6,-0.0,-0.6,-3.2,-73.6,286.4,0.01,0.0,0.0,22.73,43,POSCTL,0,0
2026-08-18T17:02:54,1787047374,13.822183,100.512103,21.6,-0.0,-0.6,-3.2,-73.6,286.4,0.01,0.0,0.0,22.73,43,POSCTL,0,0
2026-08-18T17:02:55,1787047375,13.822183,100.512103,21.6,-0.0,-0.6,-3.2,-73.6,286.4,0.01,0.0,0.0,22.73,43,POSCTL,0,0
2026-08-18T17:02:56,1787047376,13.822178,100.512095,20.2,0.0,-0.6,-3.2,-73.6,286.4,0.01,-0.05,0.0,22.73,43,POSCTL,0,0
2026-08-18T17:02:57,1787047377,13.822178,100.512095,20.2,0.0,-0.6,-3.2,-73.6,286.4,0.01,-0.05,0.0,22.73,43,POSCTL,0,0
2026-08-18T17:02:58,1787047378,13.822178,100.512095,20.2,0.0,-0.6,-3.2,-73.6,286.4,0.01,-0.05,0.0,22.73,43,POSCTL,0,0
2026-08-18T17:02:59,1787047379,13.822176,100.51209,19.5,0.0,-0.6,-3.2,-73.6,286.4,-0.03,-0.04,0.0,22.73,43,POSCTL,0,0
2026-08-18T17:03:00,1787047380,13.822176,100.51209,19.5,0.0,-0.6,-3.1,-73.5,286.5,-0.03,-0.04,0.0,22.73,43,POSCTL,0,0
2026-08-18T17:03:01,1787047381,13.822176,100.51209,19.5,0.0,-0.6,-3.1,-73.5,286.5,-0.03,-0.04,0.0,22.73,43,POSCTL,0,0
2026-08-18T17:03:02,1787047382,13.822176,100.51209,19.5,0.0,-0.6,-3.1,-73.5,286.5,-0.03,-0.04,0.0,22.73,43,POSCTL,0,0
2026-08-18T17:03:03,1787047383,13.822175,100.512085,19.2,0.0,-0.6,-3.1,-73.5,286.5,-0.04,-0.05,0.0,22.73,43,POSCTL,0,0
2026-08-18T17:03:04,1787047384,13.822175,100.512085,19.2,0.0,-0.6,-3.1,-73.5,286.5,-0.04,-0.05,0.0,22.73,43,POSCTL,0,0
2026-08-18T17:03:05,1787047385,13.822175,100.512085,19.2,0.0,-0.6,-3.1,-73.5,286.5,-0.04,-0.05,0.0,22.73,43,POSCTL,0,0
2026-08-18T17:03:06,1787047386,13.822175,100.512085,19.2,0.0,-0.6,-3.1,-73.5,286.5,-0.04,-0.05,0.0,22.73,43,POSCTL,0,0
2026-08-18T17:03:07,1787047387,13.822175,100.512085,19.2,0.0,-0.6,-3.1,-73.5,286.5,-0.04,-0.05,0.0,22.73,43,POSCTL,0,0
2026-08-18T17:03:08,1787047388,13.822175,100.512085,19.2,0.0,-0.6,-3.1,-73.5,286.5,-0.04,-0.05,0.0,22.73,43,POSCTL,0,0
2026-08-18T17:03:09,1787047389,13.822175,100.512085,19.2,0.0,-0.6,-3.1,-73.5,286.5,-0.04,-0.05,0.0,22.73,43,POSCTL,0,0
2026-08-18T17:03:10,1787047390,13.822175,100.512085,19.2,0.0,-0.6,-3.1,-73.5,286.5,-0.04,-0.05,0.0,22.73,43,POSCTL,0,0
2026-08-18T17:03:11,1787047391,13.822167,100.512073,15.4,0.0,-0.6,-3.1,-73.5,286.5,-0.03,-0.11,0.0,22.73,43,POSCTL,0,0
2026-08-18T17:03:12,1787047392,13.822167,100.512073,15.4,0.0,-0.6,-3.1,-73.5,286.5,-0.03,-0.11,0.0,22.73,43,POSCTL,0,0
2026-08-18T17:03:13,1787047393,13.822165,100.51207,14.0,0.0,-0.6,-3.1,-73.5,286.5,-0.02,-0.05,0.0,22.73,43,POSCTL,0,0
2026-08-18T17:03:14,1787047394,13.822165,100.51207,14.0,0.0,-0.6,-3.1,-73.5,286.5,-0.02,-0.05,0.0,22.73,43,POSCTL,0,0
2026-08-18T17:03:15,1787047395,13.822165,100.51207,14.0,0.0,-0.6,-3.1,-73.5,286.5,-0.02,-0.05,0.0,22.73,43,POSCTL,0,0
2026-08-18T17:03:16,1787047396,13.822165,100.51207,14.0,0.0,-0.6,-3.1,-73.5,286.5,-0.02,-0.05,0.0,22.73,43,POSCTL,0,0
2026-08-18T17:03:17,1787047397,13.822165,100.51207,14.0,0.0,-0.5,-3.1,-73.5,286.5,-0.02,-0.05,0.0,22.73,43,POSCTL,0,0
2026-08-18T17:03:19,1787047399,13.822165,100.51207,14.0,0.0,-0.5,-3.1,-73.5,286.5,-0.02,-0.05,0.0,22.73,43,POSCTL,0,0
2026-08-18T17:03:20,1787047400,13.822165,100.51207,14.0,0.0,-0.5,-3.1,-73.5,286.5,-0.02,-0.05,0.0,22.73,43,POSCTL,0,0
2026-08-18T17:03:21,1787047401,13.822166,100.512069,54.1,0.0,-0.5,-3.1,-73.5,286.5,0.01,-0.02,0.0,22.73,43,POSCTL,0,0
2026-08-18T17:03:22,1787047402,13.822166,100.512068,12.7,0.0,-0.5,-3.1,-73.5,286.5,0.01,-0.02,0.0,22.73,43,POSCTL,0,0
2026-08-18T17:03:23,1787047403,13.822166,100.512068,12.7,0.0,-0.6,-3.2,-73.5,286.5,0.01,-0.02,0.0,22.73,43,POSCTL,0,0
2026-08-18T17:03:24,1787047404,13.822166,100.512068,12.7,0.0,-0.6,-3.2,-73.5,286.5,0.01,-0.02,0.0,22.73,43,POSCTL,0,0
2026-08-18T17:03:25,1787047405,13.82217,100.512068,13.3,-0.0,-0.6,-3.2,-73.5,286.5,0.02,-0.01,0.0,22.73,43,POSCTL,0,0
2026-08-18T17:03:26,1787047406,13.82217,100.512068,13.3,-0.0,-0.6,-3.2,-73.5,286.5,0.02,-0.01,0.0,22.73,43,POSCTL,0,0
2026-08-18T17:03:27,1787047407,13.82217,100.512068,13.3,-0.0,-0.6,-3.2,-73.5,286.5,0.02,-0.01,0.0,22.73,43,POSCTL,0,0
2026-08-18T17:03:28,1787047408,13.822173,100.51207,14.4,-0.0,-0.6,-3.2,-73.5,286.5,0.04,0.01,0.0,22.73,43,POSCTL,0,0
2026-08-18T17:03:29,1787047409,13.822173,100.51207,14.4,-0.0,-0.6,-3.2,-73.5,286.5,0.04,0.01,0.0,22.73,43,POSCTL,0,0
2026-08-18T17:03:30,1787047410,13.822173,100.51207,14.4,-0.0,-0.6,-3.1,-73.5,286.5,0.04,0.01,0.0,22.73,43,POSCTL,0,0
2026-08-18T17:03:31,1787047411,13.822173,100.51207,14.4,-0.0,-0.6,-3.1,-73.5,286.5,0.04,0.01,0.0,22.73,43,POSCTL,0,0
2026-08-18T17:03:32,1787047412,13.822175,100.512072,54.1,0.0,-0.7,-3.2,-73.5,286.5,0.04,0.04,0.0,22.73,43,POSCTL,0,0
2026-08-18T17:03:33,1787047413,13.82218,100.512073,16.4,0.0,-0.7,-3.2,-73.5,286.5,0.04,0.04,0.0,22.73,43,POSCTL,0,0
2026-08-18T17:03:34,1787047414,13.82218,100.512073,16.4,0.0,-0.7,-3.2,-73.5,286.5,0.04,0.04,0.0,22.73,43,POSCTL,0,0
2026-08-18T17:03:35,1787047415,13.82218,100.512073,16.4,0.0,-0.7,-3.2,-73.5,286.5,0.04,0.04,0.0,22.73,43,POSCTL,0,0
2026-08-18T17:03:36,1787047416,13.82218,100.512073,16.4,0.0,-0.7,-3.2,-73.5,286.5,0.04,0.04,0.0,22.73,43,POSCTL,0,0
2026-08-18T17:03:37,1787047417,13.82218,100.512073,16.4,0.0,-0.7,-3.2,-73.5,286.5,0.04,0.04,0.0,22.73,43,POSCTL,0,0
2026-08-18T17:03:38,1787047418,13.82218,100.512073,16.4,0.0,-0.7,-3.2,-73.5,286.5,0.04,0.04,0.0,22.73,43,POSCTL,0,0
2026-08-18T17:03:39,1787047419,13.82218,100.512073,16.4,0.0,-0.7,-3.2,-73.5,286.5,0.04,0.04,0.0,22.73,43,POSCTL,0,0
2026-08-18T17:03:40,1787047420,13.82218,100.512073,16.4,0.0,-0.7,-3.2,-73.5,286.5,0.04,0.04,0.0,22.73,43,POSCTL,0,0
2026-08-18T17:03:41,1787047421,13.82218,100.512073,16.4,0.0,-0.7,-3.2,-73.5,286.5,0.04,0.04,0.0,22.73,43,POSCTL,0,0
2026-08-18T17:03:42,1787047422,13.822196,100.512088,22.5,0.0,-0.7,-3.2,-73.5,286.5,0.05,0.05,0.0,22.73,43,POSCTL,0,0
2026-08-18T17:03:43,1787047423,13.822196,100.512088,22.5,0.0,-0.7,-3.2,-73.5,286.5,0.05,0.05,0.0,22.73,43,POSCTL,0,0
2026-08-18T17:03:44,1787047424,13.822196,100.512088,22.5,0.0,-0.7,-3.2,-73.5,286.5,0.05,0.05,0.0,22.73,43,POSCTL,0,0
2026-08-18T17:03:45,1787047425,13.822196,100.512088,22.5,0.0,-0.7,-3.2,-73.5,286.5,0.05,0.05,0.0,22.73,43,POSCTL,0,0
2026-08-18T17:03:46,1787047426,13.822196,100.512088,54.1,0.0,-0.8,-3.3,-73.5,286.5,0.02,0.01,0.0,22.73,43,POSCTL,0,0
2026-08-18T17:03:47,1787047427,13.822202,100.512094,25.1,0.0,-0.8,-3.3,-73.5,286.5,0.02,0.01,0.0,22.73,43,POSCTL,0,0
2026-08-18T17:03:48,1787047428,13.822202,100.512094,25.1,0.0,-0.8,-3.3,-73.5,286.5,0.02,0.01,0.0,22.73,43,POSCTL,0,0
2026-08-18T17:03:49,1787047429,13.822205,100.512098,26.6,0.0,-0.8,-3.3,-73.5,286.5,0.0,0.0,0.0,22.73,43,POSCTL,0,0
2026-08-18T17:03:50,1787047430,13.822205,100.512098,26.6,0.0,-0.8,-3.3,-73.5,286.5,0.0,0.0,0.0,22.73,43,POSCTL,0,0
2026-08-18T17:03:51,1787047431,13.822205,100.512098,26.6,0.0,-0.7,-3.3,-73.5,286.5,0.0,0.0,0.0,22.73,43,POSCTL,0,0
2026-08-18T17:03:52,1787047432,13.822205,100.512098,26.6,0.0,-0.7,-3.3,-73.5,286.5,0.0,0.0,0.0,22.73,43,POSCTL,0,0
2026-08-18T17:03:53,1787047433,13.822202,100.512089,25.9,0.0,-0.7,-3.3,-73.5,286.5,0.0,-0.05,0.0,22.73,43,POSCTL,0,0
2026-08-18T17:03:54,1787047434,13.822202,100.512089,25.9,0.0,-0.7,-3.3,-73.5,286.5,0.0,-0.05,0.0,22.73,43,POSCTL,0,0
2026-08-18T17:03:55,1787047435,13.822202,100.512089,25.9,0.0,-0.7,-3.3,-73.5,286.5,0.0,-0.05,0.0,22.73,43,POSCTL,0,0
2026-08-18T17:03:56,1787047436,13.822202,100.512089,25.9,0.0,-0.7,-3.3,-73.5,286.5,0.0,-0.05,0.0,22.73,43,POSCTL,0,0
2026-08-18T17:03:57,1787047437,13.822201,100.512086,54.1,0.0,-0.7,-3.3,-73.5,286.5,-0.04,-0.12,0.0,22.73,43,POSCTL,0,0
2026-08-18T17:03:58,1787047438,13.822201,100.512086,54.1,0.0,-0.7,-3.3,-73.5,286.5,-0.04,-0.12,0.0,22.73,43,POSCTL,0,0
2026-08-18T17:03:59,1787047439,13.822201,100.512086,54.1,0.0,-0.7,-3.3,-73.5,286.5,-0.04,-0.12,0.0,22.73,43,POSCTL,0,0
2026-08-18T17:04:00,1787047440,13.822201,100.512084,25.3,0.0,-0.7,-3.3,-73.5,286.5,-0.04,-0.12,0.0,22.73,43,POSCTL,0,0
2026-08-18T17:04:01,1787047441,13.822201,100.512084,25.3,0.0,-0.7,-3.3,-73.5,286.5,-0.04,-0.12,0.0,22.73,43,POSCTL,0,0
2026-08-18T17:04:02,1787047442,13.822201,100.512084,25.3,0.0,-0.6,-3.1,-73.5,286.5,-0.04,-0.12,0.0,22.73,43,POSCTL,0,0
2026-08-18T17:04:03,1787047443,13.8222,100.512085,25.5,0.0,-0.6,-3.1,-73.5,286.5,0.0,0.01,0.0,22.73,43,POSCTL,0,0
2026-08-18T17:04:04,1787047444,13.8222,100.512085,25.5,0.0,-0.6,-3.1,-73.5,286.5,0.0,0.01,0.0,22.73,43,POSCTL,0,0
2026-08-18T17:04:05,1787047445,13.8222,100.512085,25.5,0.0,-0.6,-3.1,-73.5,286.5,0.0,0.01,0.0,22.73,43,POSCTL,0,0
2026-08-18T17:04:06,1787047446,13.8222,100.512085,25.5,0.0,-0.6,-3.1,-73.5,286.5,0.0,0.01,0.0,22.73,43,POSCTL,0,0
2026-08-18T17:04:07,1787047447,13.8222,100.512085,25.5,0.0,-0.6,-3.1,-73.5,286.5,0.0,0.01,0.0,22.73,43,POSCTL,0,0
2026-08-18T17:04:08,1787047448,13.8222,100.512085,25.5,0.0,-0.6,-3.1,-73.5,286.5,0.0,0.01,0.0,22.73,43,POSCTL,0,0
2026-08-18T17:04:09,1787047449,13.8222,100.512085,25.5,0.0,-0.6,-3.1,-73.5,286.5,0.0,0.01,0.0,22.73,43,POSCTL,0,0
2026-08-18T17:04:10,1787047450,13.8222,100.512085,25.5,0.0,-0.6,-3.1,-73.5,286.5,0.0,0.01,0.0,22.73,43,POSCTL,0,0
2026-08-18T17:04:11,1787047451,13.8222,100.512085,25.5,0.0,-0.6,-3.1,-73.5,286.5,0.0,0.01,0.0,22.73,43,POSCTL,0,0
2026-08-18T17:04:12,1787047452,13.8222,100.512085,25.5,0.0,-0.6,-3.1,-73.5,286.5,0.0,0.01,0.0,22.73,43,POSCTL,0,0
2026-08-18T17:04:13,1787047453,13.8222,100.512085,25.5,0.0,-0.6,-3.1,-73.5,286.5,0.0,0.01,0.0,22.73,43,POSCTL,0,0
2026-08-18T17:04:14,1787047454,13.8222,100.512085,25.5,0.0,-0.6,-3.1,-73.5,286.5,0.0,0.01,0.0,22.73,43,POSCTL,0,0
2026-08-18T17:04:15,1787047455,13.8222,100.512085,25.5,0.0,-0.6,-3.2,-73.5,286.5,0.0,0.01,0.0,22.73,43,POSCTL,0,0
2026-08-18T17:04:16,1787047456,13.822197,100.512071,21.4,-0.0,-0.6,-3.2,-73.5,286.5,-0.03,-0.08,0.0,22.73,43,POSCTL,0,0
2026-08-18T17:04:17,1787047457,13.822197,100.512071,21.4,-0.0,-0.6,-3.2,-73.5,286.5,-0.03,-0.08,0.0,22.73,43,POSCTL,0,0
2026-08-18T17:04:18,1787047458,13.822197,100.512071,21.4,-0.0,-0.6,-3.2,-73.6,286.4,-0.03,-0.08,0.0,22.73,43,POSCTL,0,0
2026-08-18T17:04:19,1787047459,13.822197,100.512071,21.4,-0.0,-0.6,-3.2,-73.6,286.4,-0.03,-0.08,0.0,22.73,43,POSCTL,0,0
2026-08-18T17:04:20,1787047460,13.822197,100.512071,21.4,-0.0,-0.6,-3.2,-73.6,286.4,-0.03,-0.08,0.0,22.73,43,POSCTL,0,0
2026-08-18T17:04:21,1787047461,13.822197,100.512071,21.4,-0.0,-0.6,-3.1,-73.6,286.4,-0.03,-0.08,0.0,22.73,43,POSCTL,0,0
2026-08-18T17:04:22,1787047462,13.822197,100.512071,21.4,-0.0,-0.6,-3.1,-73.6,286.4,-0.03,-0.08,0.0,22.73,43,POSCTL,0,0
2026-08-18T17:04:23,1787047463,13.822185,100.512059,15.8,-0.0,-0.6,-3.1,-73.6,286.4,-0.03,-0.08,0.0,22.73,43,POSCTL,0,0
2026-08-18T17:04:24,1787047464,13.822185,100.512059,15.8,-0.0,-0.5,-3.1,-73.6,286.4,-0.03,-0.08,0.0,22.73,43,POSCTL,0,0
2026-08-18T17:04:25,1787047465,13.822185,100.512059,15.8,-0.0,-0.5,-3.1,-73.6,286.4,-0.03,-0.08,0.0,22.73,43,POSCTL,0,0
2026-08-18T17:04:26,1787047466,13.822185,100.512059,15.8,-0.0,-0.5,-3.1,-73.6,286.4,-0.03,-0.08,0.0,22.73,43,POSCTL,0,0
2026-08-18T17:04:27,1787047467,13.822178,100.512053,12.6,0.0,-0.5,-3.1,-73.6,286.4,-0.03,-0.05,0.0,22.73,43,POSCTL,0,0
2026-08-18T17:04:28,1787047468,13.822178,100.512053,12.6,0.0,-0.5,-3.1,-73.6,286.4,-0.03,-0.05,0.0,22.73,43,POSCTL,0,0
2026-08-18T17:04:29,1787047469,13.822178,100.512053,12.6,0.0,-0.5,-3.1,-73.6,286.4,-0.03,-0.05,0.0,22.73,43,POSCTL,0,0
2026-08-18T17:04:30,1787047470,13.822178,100.512053,12.6,0.0,-0.5,-3.1,-73.6,286.4,-0.03,-0.05,0.0,22.73,43,POSCTL,0,0
2026-08-18T17:04:31,1787047471,13.822178,100.512053,12.6,0.0,-0.5,-3.1,-73.6,286.4,-0.03,-0.05,0.0,22.73,43,POSCTL,0,0
2026-08-18T17:04:32,1787047472,13.822178,100.512052,54.1,0.0,-0.5,-3.1,-73.6,286.4,0.0,0.0,0.0,22.73,43,POSCTL,0,0
2026-08-18T17:04:33,1787047473,13.822178,100.512052,54.1,0.0,-0.5,-3.1,-73.6,286.4,0.0,0.0,0.0,22.73,43,POSCTL,0,0
2026-08-18T17:04:34,1787047474,13.822178,100.512052,54.1,0.0,-0.5,-3.2,-73.6,286.4,0.0,0.0,0.0,22.73,43,POSCTL,0,0
2026-08-18T17:04:35,1787047475,13.822178,100.512052,54.1,0.0,-0.5,-3.2,-73.6,286.4,0.0,0.0,0.0,22.73,43,POSCTL,0,0
2026-08-18T17:04:36,1787047476,13.822175,100.512045,10.2,0.0,-0.5,-3.2,-73.6,286.4,0.02,-0.03,0.0,22.73,43,POSCTL,0,0
2026-08-18T17:04:37,1787047477,13.822175,100.512045,10.2,0.0,-0.6,-3.2,-73.6,286.4,0.02,-0.03,0.0,22.73,43,POSCTL,0,0
2026-08-18T17:04:38,1787047478,13.822175,100.512045,10.2,0.0,-0.6,-3.2,-73.6,286.4,0.02,-0.03,0.0,22.73,43,POSCTL,0,0
2026-08-18T17:04:39,1787047479,13.822175,100.512045,10.2,0.0,-0.6,-3.2,-73.6,286.4,0.02,-0.03,0.0,22.73,43,POSCTL,0,0
2026-08-18T17:04:40,1787047480,13.822175,100.512045,10.2,0.0,-0.5,-3.1,-73.6,286.4,0.02,-0.03,0.0,22.73,43,POSCTL,0,0
2026-08-18T17:04:41,1787047481,13.822175,100.512045,10.2,0.0,-0.5,-3.1,-73.6,286.4,0.02,-0.03,0.0,22.73,43,POSCTL,0,0
2026-08-18T17:04:42,1787047482,13.822175,100.512045,10.2,0.0,-0.5,-3.1,-73.6,286.4,0.02,-0.03,0.0,22.73,43,POSCTL,0,0
2026-08-18T17:04:43,1787047483,13.822176,100.512041,54.1,0.0,-0.6,-3.1,-73.6,286.4,0.01,-0.01,0.0,22.73,43,POSCTL,0,0
2026-08-18T17:04:44,1787047484,13.822178,100.512041,10.7,0.0,-0.6,-3.1,-73.6,286.4,0.01,-0.01,0.0,22.73,43,POSCTL,0,0
2026-08-18T17:04:45,1787047485,13.822178,100.512041,10.7,0.0,-0.6,-3.1,-73.6,286.4,0.01,-0.01,0.0,22.73,43,POSCTL,0,0
2026-08-18T17:04:46,1787047486,13.822178,100.512041,10.7,0.0,-0.6,-3.1,-73.6,286.4,0.01,-0.01,0.0,22.73,43,POSCTL,0,0
2026-08-18T17:04:47,1787047487,13.822179,100.51204,11.5,0.0,-0.6,-3.1,-73.6,286.4,0.0,-0.01,0.0,22.73,43,POSCTL,0,0
2026-08-18T17:04:48,1787047488,13.822179,100.51204,11.5,0.0,-0.6,-3.1,-73.6,286.4,0.0,-0.01,0.0,22.73,43,POSCTL,0,0
2026-08-18T17:04:49,1787047489,13.822179,100.51204,11.5,0.0,-0.6,-3.1,-73.6,286.4,0.0,-0.01,0.0,22.73,43,POSCTL,0,0
2026-08-18T17:04:50,1787047490,13.822179,100.51204,11.5,0.0,-0.6,-3.1,-73.6,286.4,0.0,-0.01,0.0,22.73,43,POSCTL,0,0
2026-08-18T17:04:51,1787047491,13.822179,100.51204,11.5,0.0,-0.6,-3.1,-73.6,286.4,0.0,-0.01,0.0,22.73,43,POSCTL,0,0
2026-08-18T17:04:52,1787047492,13.822179,100.51204,11.5,0.0,-0.6,-3.1,-73.6,286.4,0.0,-0.01,0.0,22.73,43,POSCTL,0,0
2026-08-18T17:04:53,1787047493,13.822179,100.51204,11.5,0.0,-0.6,-3.1,-73.6,286.4,0.0,-0.01,0.0,22.73,43,POSCTL,0,0
2026-08-18T17:04:54,1787047494,13.822184,100.512047,15.4,0.0,-0.6,-3.1,-73.6,286.4,0.02,0.06,0.0,22.73,43,POSCTL,0,0
2026-08-18T17:04:55,1787047495,13.822184,100.512047,15.4,0.0,-0.6,-3.1,-73.6,286.4,0.02,0.06,0.0,22.73,43,POSCTL,0,0
2026-08-18T17:04:56,1787047496,13.822184,100.512047,15.4,0.0,-0.6,-3.2,-73.6,286.4,0.02,0.06,0.0,22.73,43,POSCTL,0,0
2026-08-18T17:04:57,1787047497,13.822184,100.512047,15.4,0.0,-0.6,-3.2,-73.6,286.4,0.02,0.06,0.0,22.72,43,POSCTL,0,0
2026-08-18T17:04:58,1787047498,13.822188,100.512055,18.8,0.0,-0.6,-3.2,-73.6,286.4,0.03,0.04,0.0,22.72,43,POSCTL,0,0
2026-08-18T17:04:59,1787047499,13.822188,100.512055,18.8,0.0,-0.6,-3.2,-73.7,286.3,0.03,0.04,0.0,22.72,43,POSCTL,0,0
2026-08-18T17:05:00,1787047500,13.822188,100.512055,18.8,0.0,-0.6,-3.2,-73.7,286.3,0.03,0.04,0.0,22.72,43,POSCTL,0,0
2026-08-18T17:05:01,1787047501,13.822188,100.512055,18.8,0.0,-0.6,-3.2,-73.7,286.3,0.03,0.04,0.0,22.72,43,POSCTL,0,0
2026-08-18T17:05:02,1787047502,13.822188,100.512056,54.1,0.0,-0.7,-3.2,-73.7,286.3,0.03,0.05,0.0,22.72,43,POSCTL,0,0
2026-08-18T17:05:03,1787047503,13.822188,100.512056,54.1,0.0,-0.7,-3.2,-73.7,286.3,0.03,0.05,0.0,22.72,43,POSCTL,0,0
2026-08-18T17:05:04,1787047504,13.822188,100.512056,54.1,0.0,-0.7,-3.3,-73.7,286.3,0.03,0.05,0.0,22.72,43,POSCTL,0,0
2026-08-18T17:05:05,1787047505,13.822188,100.512056,54.1,0.0,-0.7,-3.3,-73.7,286.3,0.03,0.05,0.0,22.72,43,POSCTL,0,0
2026-08-18T17:05:06,1787047506,13.822195,100.512065,22.9,0.0,-0.7,-3.3,-73.7,286.3,0.03,0.04,0.0,22.72,43,POSCTL,0,0
2026-08-18T17:05:07,1787047507,13.822195,100.512065,22.9,0.0,-0.7,-3.3,-73.7,286.3,0.03,0.04,0.0,22.72,43,POSCTL,0,0
2026-08-18T17:05:08,1787047508,13.822195,100.512065,22.9,0.0,-0.7,-3.3,-73.7,286.3,0.03,0.04,0.0,22.72,43,POSCTL,0,0
2026-08-18T17:05:09,1787047509,13.822196,100.512068,24.4,0.0,-0.7,-3.3,-73.7,286.3,0.01,0.0,0.0,22.72,43,POSCTL,0,0
2026-08-18T17:05:10,1787047510,13.822196,100.512068,24.4,0.0,-0.7,-3.3,-73.7,286.3,0.01,0.0,0.0,22.72,43,POSCTL,0,0
2026-08-18T17:05:11,1787047511,13.822196,100.512068,24.4,0.0,-0.7,-3.3,-73.7,286.3,0.01,0.0,0.0,22.72,43,POSCTL,0,0
2026-08-18T17:05:12,1787047512,13.822196,100.512068,24.4,0.0,-0.7,-3.3,-73.7,286.3,0.01,0.0,0.0,22.72,43,POSCTL,0,0
2026-08-18T17:05:13,1787047513,13.822196,100.512068,24.4,0.0,-0.7,-3.3,-73.7,286.3,0.01,0.0,0.0,22.72,43,POSCTL,0,0
2026-08-18T17:05:14,1787047514,13.822196,100.512074,26.6,0.0,-0.7,-3.3,-73.7,286.3,0.01,0.0,0.0,22.72,43,POSCTL,0,0
2026-08-18T17:05:15,1787047515,13.822196,100.512074,26.6,0.0,-0.7,-3.3,-73.7,286.3,0.01,0.0,0.0,22.72,43,POSCTL,0,0
2026-08-18T17:05:16,1787047516,13.822196,100.512074,26.6,0.0,-0.7,-3.3,-73.8,286.2,0.01,0.0,0.0,22.72,43,POSCTL,0,0
2026-08-18T17:05:17,1787047517,13.822191,100.51207,54.1,0.0,-0.7,-3.3,-73.8,286.2,-0.03,-0.01,0.0,22.72,43,POSCTL,0,0
2026-08-18T17:05:18,1787047518,13.822182,100.512071,26.2,0.0,-0.7,-3.3,-73.8,286.2,-0.03,-0.01,0.0,22.72,43,POSCTL,0,0
2026-08-18T17:05:19,1787047519,13.822182,100.512071,26.2,0.0,-0.6,-3.3,-73.9,286.1,-0.03,-0.01,0.0,22.72,43,POSCTL,0,0
2026-08-18T17:05:20,1787047520,13.822182,100.512071,26.2,0.0,-0.6,-3.3,-73.9,286.1,-0.03,-0.01,0.0,22.72,43,POSCTL,0,0
2026-08-18T17:05:21,1787047521,13.822182,100.512071,26.2,0.0,-0.6,-3.3,-73.9,286.1,-0.03,-0.01,0.0,22.72,43,POSCTL,0,0
2026-08-18T17:05:22,1787047522,13.822182,100.512071,26.2,0.0,-0.5,-3.3,-73.9,286.1,-0.03,-0.01,0.0,22.72,43,POSCTL,0,0
2026-08-18T17:05:23,1787047523,13.822182,100.512071,26.2,0.0,-0.5,-3.3,-73.9,286.1,-0.03,-0.01,0.0,22.72,43,POSCTL,0,0
2026-08-18T17:05:24,1787047524,13.822182,100.512071,26.2,0.0,-0.5,-3.3,-73.9,286.1,-0.03,-0.01,0.0,22.72,43,POSCTL,0,0
2026-08-18T17:05:25,1787047525,13.822182,100.512071,26.2,0.0,-0.5,-3.3,-73.9,286.1,-0.03,-0.01,0.0,22.72,43,POSCTL,0,0
2026-08-18T17:05:26,1787047526,13.822182,100.512071,26.2,0.0,-0.5,-3.3,-73.9,286.1,-0.03,-0.01,0.0,22.72,43,POSCTL,0,0
2026-08-18T17:05:27,1787047527,13.822182,100.512071,26.2,0.0,-0.5,-3.3,-73.9,286.1,-0.03,-0.01,0.0,22.72,43,POSCTL,0,0
2026-08-18T17:05:28,1787047528,13.822182,100.512071,26.2,0.0,-0.5,-3.3,-73.9,286.1,-0.03,-0.01,0.0,22.72,43,POSCTL,0,0
2026-08-18T17:05:29,1787047529,13.822182,100.512071,26.2,0.0,-0.5,-3.3,-73.9,286.1,-0.03,-0.01,0.0,22.72,43,POSCTL,0,0
2026-08-18T17:05:30,1787047530,13.822182,100.512071,26.2,0.0,-0.5,-3.3,-73.9,286.1,-0.03,-0.01,0.0,22.72,43,POSCTL,0,0
2026-08-18T17:05:31,1787047531,13.822163,100.512086,26.6,0.0,-0.5,-3.3,-73.9,286.1,0.0,0.06,0.0,22.72,43,POSCTL,0,0
2026-08-18T17:05:32,1787047532,13.822163,100.512086,26.6,0.0,-0.6,-3.3,-73.8,286.2,0.0,0.06,0.0,22.72,43,POSCTL,0,0
2026-08-18T17:05:33,1787047533,13.822163,100.512086,26.6,0.0,-0.6,-3.3,-73.8,286.2,0.0,0.06,0.0,22.72,43,POSCTL,0,0
2026-08-18T17:05:34,1787047534,13.822163,100.512086,26.6,0.0,-0.6,-3.3,-73.8,286.2,0.0,0.06,0.0,22.72,43,POSCTL,0,0
2026-08-18T17:05:37,1787047537,13.822163,100.512086,26.6,0.0,-0.6,-3.3,-73.8,286.2,0.0,0.06,0.0,22.72,43,POSCTL,0,0
2026-08-18T17:05:38,1787047538,13.822163,100.512086,26.6,0.0,-0.6,-3.2,-73.9,286.1,0.0,0.06,0.0,22.72,43,POSCTL,0,0
2026-08-18T17:05:39,1787047539,13.822165,100.512082,25.8,-0.0,-0.6,-3.2,-73.9,286.1,0.04,0.0,0.0,22.72,43,POSCTL,0,0
2026-08-18T17:05:40,1787047540,13.822165,100.512082,25.8,-0.0,-0.6,-3.2,-73.9,286.1,0.04,0.0,0.0,22.72,43,POSCTL,0,0
2026-08-18T17:05:41,1787047541,13.822165,100.512082,25.8,-0.0,-0.6,-3.2,-73.9,286.1,0.04,0.0,0.0,22.72,43,POSCTL,0,0
2026-08-18T17:05:42,1787047542,13.822165,100.512082,25.8,-0.0,-0.6,-3.2,-73.8,286.2,0.04,0.0,0.0,22.72,43,POSCTL,0,0
2026-08-18T17:05:43,1787047543,13.822164,100.51208,25.1,-0.0,-0.6,-3.2,-73.8,286.2,0.0,-0.03,0.0,22.72,43,POSCTL,0,0
2026-08-18T17:05:44,1787047544,13.822164,100.51208,25.1,-0.0,-0.6,-3.2,-73.8,286.2,0.0,-0.03,0.0,22.72,43,POSCTL,0,0
2026-08-18T17:05:45,1787047545,13.822164,100.51208,25.1,-0.0,-0.6,-3.2,-73.8,286.2,0.0,-0.03,0.0,22.72,43,POSCTL,0,0
2026-08-18T17:05:46,1787047546,13.822167,100.512079,25.0,-0.0,-0.6,-3.2,-73.8,286.2,0.06,-0.01,0.0,22.72,43,POSCTL,0,0
2026-08-18T17:05:47,1787047547,13.822167,100.512079,25.0,-0.0,-0.5,-3.1,-73.8,286.2,0.06,-0.01,0.0,22.72,43,POSCTL,0,0
2026-08-18T17:05:48,1787047548,13.822167,100.512079,25.0,-0.0,-0.5,-3.1,-73.8,286.2,0.06,-0.01,0.0,22.72,43,POSCTL,0,0
2026-08-18T17:05:49,1787047549,13.822167,100.512079,25.0,-0.0,-0.5,-3.1,-73.8,286.2,0.06,-0.01,0.0,22.72,43,POSCTL,0,0
2026-08-18T17:05:50,1787047550,13.822169,100.512079,24.8,0.0,-0.5,-3.1,-73.8,286.2,0.09,0.03,0.0,22.72,43,POSCTL,0,0
2026-08-18T17:05:51,1787047551,13.822169,100.512079,24.8,0.0,-0.5,-3.1,-73.8,286.2,0.09,0.03,0.0,22.72,43,POSCTL,0,0
2026-08-18T17:05:52,1787047552,13.822169,100.512079,24.8,0.0,-0.7,-3.1,-73.8,286.2,0.09,0.03,0.0,22.72,43,POSCTL,0,0
2026-08-18T17:05:53,1787047553,13.822169,100.512079,24.8,0.0,-0.7,-3.1,-73.8,286.2,0.09,0.03,0.0,22.72,43,POSCTL,0,0
2026-08-18T17:05:54,1787047554,13.822169,100.512079,24.8,0.0,-0.7,-3.1,-73.8,286.2,0.09,0.03,0.0,22.72,43,POSCTL,0,0
2026-08-18T17:05:55,1787047555,13.822169,100.512079,24.8,0.0,-0.7,-3.2,-73.8,286.2,0.09,0.03,0.0,22.72,43,POSCTL,0,0
2026-08-18T17:05:57,1787047557,13.822169,100.512079,24.8,0.0,-0.6,-3.2,-73.7,286.3,0.09,0.03,0.0,22.72,43,POSCTL,0,0
2026-08-18T17:05:58,1787047558,13.822168,100.512074,22.0,-0.0,-0.6,-3.2,-73.7,286.3,-0.01,-0.03,0.0,22.72,43,POSCTL,0,0
2026-08-18T17:05:59,1787047559,13.822168,100.512074,22.0,-0.0,-0.6,-3.2,-73.7,286.3,-0.01,-0.03,0.0,22.72,43,POSCTL,0,0
2026-08-18T17:06:00,1787047560,13.822168,100.512074,22.0,-0.0,-0.7,-3.2,-73.7,286.3,-0.01,-0.03,0.0,22.72,43,POSCTL,0,0
2026-08-18T17:06:01,1787047561,13.822169,100.512074,21.5,0.0,-0.7,-3.2,-73.7,286.3,-0.03,-0.04,0.0,22.72,43,POSCTL,0,0
2026-08-18T17:06:02,1787047562,13.822169,100.512074,21.5,0.0,-0.6,-3.1,-73.7,286.3,-0.03,-0.04,0.0,22.72,43,POSCTL,0,0
2026-08-18T17:06:03,1787047563,13.822169,100.512074,21.5,0.0,-0.6,-3.1,-73.7,286.3,-0.03,-0.04,0.0,22.72,43,POSCTL,0,0
2026-08-18T17:06:04,1787047564,13.822169,100.512074,21.5,0.0,-0.6,-3.1,-73.7,286.3,-0.03,-0.04,0.0,22.72,43,POSCTL,0,0
2026-08-18T17:06:05,1787047565,13.822169,100.512074,21.5,0.0,-0.6,-3.1,-73.7,286.3,-0.03,-0.04,0.0,22.72,43,POSCTL,0,0
2026-08-18T17:06:08,1787047568,13.822173,100.512075,21.3,0.0,-0.6,-3.1,-73.7,286.3,0.02,0.0,0.0,22.72,43,POSCTL,0,0
2026-08-18T17:06:09,1787047569,13.822173,100.512075,21.3,0.0,-0.7,-3.2,-73.8,286.2,0.02,0.0,0.0,22.72,43,POSCTL,0,0
2026-08-18T17:06:10,1787047570,13.822173,100.512075,21.3,0.0,-0.7,-3.2,-73.8,286.2,0.02,0.0,0.0,22.72,43,POSCTL,0,0
2026-08-18T17:06:11,1787047571,13.822173,100.512075,21.3,0.0,-0.7,-3.2,-73.8,286.2,0.02,0.0,0.0,22.72,43,POSCTL,0,0
2026-08-18T17:06:12,1787047572,13.822173,100.512075,20.9,0.0,-0.6,-3.2,-73.8,286.2,-0.01,-0.01,0.0,22.72,43,POSCTL,0,0
2026-08-18T17:06:13,1787047573,13.822173,100.512075,20.9,0.0,-0.6,-3.2,-73.8,286.2,-0.01,-0.01,0.0,22.72,43,POSCTL,0,0
2026-08-18T17:06:14,1787047574,13.822173,100.512075,20.9,0.0,-0.6,-3.2,-73.8,286.2,-0.01,-0.01,0.0,22.72,43,POSCTL,0,0
2026-08-18T17:06:15,1787047575,13.822173,100.512076,21.3,0.0,-0.6,-3.2,-73.8,286.2,0.01,0.03,0.0,22.72,43,POSCTL,0,0
2026-08-18T17:06:16,1787047576,13.822173,100.512076,21.3,0.0,-0.6,-3.2,-73.8,286.2,0.01,0.03,0.0,22.72,43,POSCTL,0,0
2026-08-18T17:06:17,1787047577,13.822173,100.512076,21.3,0.0,-0.6,-3.2,-73.8,286.2,0.01,0.03,0.0,22.72,43,POSCTL,0,0
2026-08-18T17:06:18,1787047578,13.822173,100.512076,21.3,0.0,-0.6,-3.2,-73.8,286.2,0.01,0.03,0.0,22.72,43,POSCTL,0,0
2026-08-18T17:06:19,1787047579,13.822173,100.512076,21.3,0.0,-0.6,-3.2,-73.8,286.2,0.01,0.03,0.0,22.72,43,POSCTL,0,0
2026-08-18T17:06:20,1787047580,13.822173,100.512076,21.3,0.0,-0.6,-3.2,-73.8,286.2,0.01,0.03,0.0,22.72,43,POSCTL,0,0
2026-08-18T17:06:21,1787047581,13.822173,100.512076,21.3,0.0,-0.6,-3.2,-73.8,286.2,0.01,0.03,0.0,22.72,43,POSCTL,0,0
2026-08-18T17:06:22,1787047582,13.822173,100.512079,54.1,0.0,-0.6,-3.2,-73.8,286.2,0.0,0.0,0.0,22.72,43,POSCTL,0,0
2026-08-18T17:06:23,1787047583,13.822173,100.51208,21.7,0.0,-0.6,-3.2,-73.8,286.2,0.0,0.0,0.0,22.72,43,POSCTL,0,0
2026-08-18T17:06:24,1787047584,13.822173,100.51208,21.7,0.0,-0.6,-3.3,-73.8,286.2,0.0,0.0,0.0,22.72,43,POSCTL,0,0
2026-08-18T17:06:25,1787047585,13.822173,100.51208,21.7,0.0,-0.6,-3.3,-73.8,286.2,0.0,0.0,0.0,22.72,43,POSCTL,0,0
2026-08-18T17:06:26,1787047586,13.822173,100.51208,21.7,0.0,-0.6,-3.3,-73.8,286.2,0.0,0.0,0.0,22.72,43,POSCTL,0,0
2026-08-18T17:06:27,1787047587,13.822175,100.512083,23.1,0.0,-0.6,-3.3,-73.8,286.2,0.02,0.01,0.0,22.72,43,POSCTL,0,0
2026-08-18T17:06:28,1787047588,13.822175,100.512083,23.1,0.0,-0.6,-3.3,-73.8,286.2,0.02,0.01,0.0,22.72,43,POSCTL,0,0
2026-08-18T17:06:29,1787047589,13.822175,100.512083,23.1,0.0,-0.6,-3.2,-73.8,286.2,0.02,0.01,0.0,22.72,43,POSCTL,0,0
2026-08-18T17:06:30,1787047590,13.822175,100.512083,23.1,0.0,-0.6,-3.2,-73.8,286.2,0.02,0.01,0.0,22.72,43,POSCTL,0,0
2026-08-18T17:06:31,1787047591,13.822174,100.512083,54.1,0.0,-0.6,-3.2,-73.8,286.2,0.01,0.01,0.0,22.72,43,POSCTL,0,0
2026-08-18T17:06:32,1787047592,13.822173,100.512085,23.5,0.0,-0.6,-3.2,-73.8,286.2,0.01,0.01,0.0,22.72,43,POSCTL,0,0
2026-08-18T17:06:33,1787047593,13.822173,100.512085,23.5,0.0,-0.6,-3.2,-73.8,286.2,0.01,0.01,0.0,22.72,43,POSCTL,0,0
2026-08-18T17:06:34,1787047594,13.822173,100.512085,23.5,0.0,-0.6,-3.2,-73.8,286.2,0.01,0.01,0.0,22.72,43,POSCTL,0,0
2026-08-18T17:06:37,1787047597,13.82217,100.512087,23.8,0.0,-0.6,-3.2,-73.8,286.2,-0.03,0.0,0.0,22.72,43,POSCTL,0,0
2026-08-18T17:06:38,1787047598,13.82217,100.512087,23.8,0.0,-0.6,-3.2,-73.7,286.3,-0.03,0.0,0.0,22.72,43,POSCTL,0,0
2026-08-18T17:06:39,1787047599,13.822166,100.512087,23.2,0.0,-0.6,-3.2,-73.7,286.3,-0.04,0.0,0.0,22.72,43,POSCTL,0,0
2026-08-18T17:06:40,1787047600,13.822166,100.512087,23.2,0.0,-0.6,-3.2,-73.7,286.3,-0.04,0.0,0.0,22.72,43,POSCTL,0,0
2026-08-18T17:06:41,1787047601,13.822166,100.512087,23.2,0.0,-0.6,-3.2,-73.7,286.3,-0.04,0.0,0.0,22.72,43,POSCTL,0,0
2026-08-18T17:06:42,1787047602,13.822166,100.512087,23.2,0.0,-0.6,-3.2,-73.7,286.3,-0.04,0.0,0.0,22.72,43,POSCTL,0,0
2026-08-18T17:06:43,1787047603,13.822166,100.512087,23.2,0.0,-0.6,-3.2,-73.7,286.3,-0.04,0.0,0.0,22.72,43,POSCTL,0,0
2026-08-18T17:06:44,1787047604,13.822165,100.512086,54.1,0.0,-0.6,-3.3,-73.7,286.3,-0.02,-0.02,0.0,22.72,43,POSCTL,0,0
2026-08-18T17:06:45,1787047605,13.822165,100.512086,54.1,0.0,-0.6,-3.3,-73.7,286.3,-0.02,-0.02,0.0,22.72,43,POSCTL,0,0
2026-08-18T17:06:46,1787047606,13.822165,100.512086,54.1,0.0,-0.5,-3.2,-73.7,286.3,-0.02,-0.02,0.0,22.72,43,POSCTL,0,0
2026-08-18T17:06:47,1787047607,13.822165,100.512086,54.1,0.0,-0.5,-3.2,-73.7,286.3,-0.02,-0.02,0.0,22.72,43,POSCTL,0,0
2026-08-18T17:06:48,1787047608,13.822156,100.512086,22.9,0.0,-0.5,-3.2,-73.7,286.3,-0.02,0.0,0.0,22.72,43,POSCTL,0,0
2026-08-18T17:06:49,1787047609,13.822156,100.512086,22.9,0.0,-0.5,-3.2,-73.7,286.3,-0.02,0.0,0.0,22.72,43,POSCTL,0,0
2026-08-18T17:06:50,1787047610,13.822156,100.512086,22.9,0.0,-0.5,-3.2,-73.7,286.3,-0.02,0.0,0.0,22.72,43,POSCTL,0,0
2026-08-18T17:06:51,1787047611,13.822156,100.512086,22.9,0.0,-0.5,-3.2,-73.7,286.3,-0.02,0.0,0.0,22.72,43,POSCTL,0,0
2026-08-18T17:06:52,1787047612,13.822156,100.512086,22.9,0.0,-0.5,-3.2,-73.7,286.3,-0.02,0.0,0.0,22.72,43,POSCTL,0,0
2026-08-18T17:06:53,1787047613,13.822156,100.512086,22.9,0.0,-0.5,-3.2,-73.7,286.3,-0.02,0.0,0.0,22.72,43,POSCTL,0,0
2026-08-18T17:06:54,1787047614,13.822156,100.512086,22.9,0.0,-0.5,-3.2,-73.7,286.3,-0.02,0.0,0.0,22.72,43,POSCTL,0,0
2026-08-18T17:06:55,1787047615,13.822156,100.512086,22.9,0.0,-0.5,-3.2,-73.7,286.3,-0.02,0.0,0.0,22.72,43,POSCTL,0,0
2026-08-18T17:06:56,1787047616,13.822156,100.512086,22.9,0.0,-0.5,-3.2,-73.7,286.3,-0.02,0.0,0.0,22.72,43,POSCTL,0,0
2026-08-18T17:06:57,1787047617,13.822151,100.512084,22.3,0.0,-0.5,-3.2,-73.7,286.3,0.0,0.0,0.0,22.72,43,POSCTL,0,0
2026-08-18T17:06:58,1787047618,13.822151,100.512084,22.3,0.0,-0.5,-3.2,-73.7,286.3,0.0,0.0,0.0,22.72,43,POSCTL,0,0
2026-08-18T17:06:59,1787047619,13.822151,100.512084,22.3,0.0,-0.6,-3.2,-73.7,286.3,0.0,0.0,0.0,22.72,43,POSCTL,0,0
2026-08-18T17:07:00,1787047620,13.822151,100.512084,22.3,0.0,-0.6,-3.2,-73.7,286.3,0.0,0.0,0.0,22.72,43,POSCTL,0,0
2026-08-18T17:07:01,1787047621,13.822151,100.512084,22.3,0.0,-0.6,-3.2,-73.7,286.3,0.0,0.0,0.0,22.72,43,POSCTL,0,0
2026-08-18T17:07:02,1787047622,13.822151,100.512084,22.3,0.0,-0.6,-3.2,-73.7,286.3,0.0,0.0,0.0,22.72,43,POSCTL,0,0
2026-08-18T17:07:03,1787047623,13.822151,100.512084,22.3,0.0,-0.6,-3.2,-73.7,286.3,0.0,0.0,0.0,22.72,43,POSCTL,0,0
2026-08-18T17:07:04,1787047624,13.822151,100.512084,22.3,0.0,-0.6,-3.2,-73.7,286.3,0.0,0.0,0.0,22.72,43,POSCTL,0,0
2026-08-18T17:07:05,1787047625,13.822151,100.512084,22.3,0.0,-0.6,-3.2,-73.7,286.3,0.0,0.0,0.0,22.72,43,POSCTL,0,0
2026-08-18T17:07:06,1787047626,13.822151,100.512084,22.3,0.0,-0.6,-3.2,-73.7,286.3,0.0,0.0,0.0,22.72,43,POSCTL,0,0
2026-08-18T17:07:07,1787047627,13.822151,100.512084,22.3,0.0,-0.6,-3.2,-73.7,286.3,0.0,0.0,0.0,22.72,43,POSCTL,0,0
2026-08-18T17:07:08,1787047628,13.822159,100.512084,22.8,0.0,-0.6,-3.2,-73.7,286.3,0.04,0.0,0.0,22.72,43,POSCTL,0,0
2026-08-18T17:07:09,1787047629,13.822159,100.512084,22.8,0.0,-0.6,-3.2,-73.7,286.3,0.04,0.0,0.0,22.72,43,POSCTL,0,0
2026-08-18T17:07:10,1787047630,13.822159,100.512084,22.8,0.0,-0.6,-3.2,-73.7,286.3,0.04,0.0,0.0,22.72,43,POSCTL,0,0
2026-08-18T17:07:11,1787047631,13.822159,100.512084,22.8,0.0,-0.6,-3.2,-73.7,286.3,0.04,0.0,0.0,22.72,43,POSCTL,0,0
2026-08-18T17:07:12,1787047632,13.822159,100.512084,22.8,0.0,-0.7,-3.2,-73.8,286.2,0.04,0.0,0.0,22.72,43,POSCTL,0,0
2026-08-18T17:07:13,1787047633,13.822159,100.512084,22.8,0.0,-0.7,-3.2,-73.8,286.2,0.04,0.0,0.0,22.72,43,POSCTL,0,0
2026-08-18T17:07:14,1787047634,13.822159,100.512084,22.8,0.0,-0.7,-3.2,-73.8,286.2,0.04,0.0,0.0,22.72,43,POSCTL,0,0
2026-08-18T17:07:15,1787047635,13.822159,100.512084,22.8,0.0,-0.7,-3.2,-73.7,286.3,0.04,0.0,0.0,22.72,43,POSCTL,0,0
2026-08-18T17:07:16,1787047636,13.822167,100.512082,20.5,0.0,-0.7,-3.2,-73.7,286.3,0.04,0.0,0.0,22.72,43,POSCTL,0,0
2026-08-18T17:07:17,1787047637,13.822167,100.512082,20.5,0.0,-0.7,-3.2,-73.7,286.3,0.04,0.0,0.0,22.72,43,POSCTL,0,0
2026-08-18T17:07:18,1787047638,13.822167,100.512082,20.5,0.0,-0.7,-3.2,-73.7,286.3,0.04,0.0,0.0,22.72,43,POSCTL,0,0
2026-08-18T17:07:19,1787047639,13.822169,100.51208,19.1,0.0,-0.7,-3.2,-73.7,286.3,0.02,0.0,0.0,22.72,43,POSCTL,0,0
2026-08-18T17:07:20,1787047640,13.822169,100.51208,19.1,0.0,-0.7,-3.2,-73.7,286.3,0.02,0.0,0.0,22.72,43,POSCTL,0,0
2026-08-18T17:07:21,1787047641,13.822169,100.51208,19.1,0.0,-0.7,-3.1,-73.7,286.3,0.02,0.0,0.0,22.72,43,POSCTL,0,0
2026-08-18T17:07:22,1787047642,13.822168,100.512081,54.1,-0.0,-0.7,-3.1,-73.7,286.3,0.0,0.0,0.0,22.72,43,POSCTL,0,0
2026-08-18T17:07:23,1787047643,13.822169,100.512078,17.4,-0.0,-0.7,-3.1,-73.7,286.3,0.0,0.0,0.0,22.72,43,POSCTL,0,0
2026-08-18T17:07:24,1787047644,13.822169,100.512078,17.4,-0.0,-0.7,-3.2,-73.7,286.3,0.0,0.0,0.0,22.72,43,POSCTL,0,0
2026-08-18T17:07:25,1787047645,13.822169,100.512078,17.4,-0.0,-0.7,-3.2,-73.7,286.3,0.0,0.0,0.0,22.72,43,POSCTL,0,0
2026-08-18T17:07:26,1787047646,13.822169,100.512078,17.4,-0.0,-0.7,-3.2,-73.7,286.3,0.0,0.0,0.0,22.72,43,POSCTL,0,0
2026-08-18T17:07:27,1787047647,13.82217,100.512075,14.3,-0.0,-0.7,-3.2,-73.7,286.3,-0.03,-0.02,0.0,22.72,43,POSCTL,0,0
2026-08-18T17:07:28,1787047648,13.82217,100.512075,14.3,-0.0,-0.7,-3.2,-73.7,286.3,-0.03,-0.02,0.0,22.72,43,POSCTL,0,0
2026-08-18T17:07:29,1787047649,13.82217,100.512075,14.3,-0.0,-0.7,-3.2,-73.7,286.3,-0.03,-0.02,0.0,22.72,43,POSCTL,0,0
2026-08-18T17:07:30,1787047650,13.822169,100.512075,54.1,-0.0,-0.7,-3.2,-73.7,286.3,-0.02,-0.05,0.0,22.72,43,POSCTL,0,0
2026-08-18T17:07:31,1787047651,13.822169,100.512075,54.1,-0.0,-0.7,-3.2,-73.7,286.3,-0.02,-0.05,0.0,22.72,43,POSCTL,0,0
2026-08-18T17:07:32,1787047652,13.822169,100.512075,54.1,-0.0,-0.6,-3.1,-73.7,286.3,-0.02,-0.05,0.0,22.72,43,POSCTL,0,0
2026-08-18T17:07:33,1787047653,13.822169,100.512075,54.1,-0.0,-0.6,-3.1,-73.7,286.3,-0.02,-0.05,0.0,22.72,43,POSCTL,0,0
2026-08-18T17:07:34,1787047654,13.822172,100.512068,10.5,-0.0,-0.6,-3.1,-73.7,286.3,0.0,-0.02,0.0,22.72,43,POSCTL,0,0
2026-08-18T17:07:35,1787047655,13.822172,100.512068,10.5,-0.0,-0.6,-3.1,-73.7,286.3,0.0,-0.02,0.0,22.72,43,POSCTL,0,0
2026-08-18T17:07:36,1787047656,13.822172,100.512068,10.5,-0.0,-0.6,-3.1,-73.7,286.3,0.0,-0.02,0.0,22.72,43,POSCTL,0,0
2026-08-18T17:07:37,1787047657,13.822172,100.512068,10.5,-0.0,-0.6,-3.1,-73.7,286.3,0.0,-0.02,0.0,22.72,43,POSCTL,0,0
2026-08-18T17:07:38,1787047658,13.822172,100.512068,10.5,-0.0,-0.6,-3.1,-73.7,286.3,0.0,-0.02,0.0,22.72,43,POSCTL,0,0
2026-08-18T17:07:39,1787047659,13.822172,100.512068,10.5,-0.0,-0.6,-3.1,-73.7,286.3,0.0,-0.02,0.0,22.72,43,POSCTL,0,0
2026-08-18T17:07:40,1787047660,13.822172,100.512068,10.5,-0.0,-0.6,-3.1,-73.7,286.3,0.0,-0.02,0.0,22.72,43,POSCTL,0,0
2026-08-18T17:07:41,1787047661,13.822172,100.512068,10.5,-0.0,-0.6,-3.2,-73.7,286.3,0.0,-0.02,0.0,22.72,43,POSCTL,0,0
2026-08-18T17:07:42,1787047662,13.822172,100.512068,10.5,-0.0,-0.6,-3.2,-73.7,286.3,0.0,-0.02,0.0,22.72,43,POSCTL,0,0
2026-08-18T17:07:43,1787047663,13.822171,100.512083,14.4,0.0,-0.6,-3.2,-73.7,286.3,0.02,0.06,0.0,22.72,43,POSCTL,0,0
2026-08-18T17:07:44,1787047664,13.822171,100.512083,14.4,0.0,-0.6,-3.2,-73.7,286.3,0.02,0.06,0.0,22.72,43,POSCTL,0,0
2026-08-18T17:07:45,1787047665,13.822171,100.512083,14.4,0.0,-0.6,-3.2,-73.7,286.3,0.02,0.06,0.0,22.72,43,POSCTL,0,0
2026-08-18T17:07:46,1787047666,13.822171,100.512083,14.4,0.0,-0.6,-3.2,-73.7,286.3,0.02,0.06,0.0,22.72,42,POSCTL,0,0
2026-08-18T17:07:47,1787047667,13.822171,100.512083,14.4,0.0,-0.6,-3.2,-73.7,286.3,0.02,0.06,0.0,22.72,42,POSCTL,0,0
2026-08-18T17:07:48,1787047668,13.822171,100.512083,14.4,0.0,-0.6,-3.3,-73.7,286.3,0.02,0.06,0.0,22.72,42,POSCTL,0,0
2026-08-18T17:07:49,1787047669,13.822171,100.512083,14.4,0.0,-0.6,-3.3,-73.7,286.3,0.02,0.06,0.0,22.72,42,POSCTL,0,0
2026-08-18T17:07:50,1787047670,13.822166,100.512092,17.8,0.0,-0.6,-3.3,-73.7,286.3,0.02,0.06,0.0,22.72,42,POSCTL,0,0
2026-08-18T17:07:51,1787047671,13.822166,100.512092,17.8,0.0,-0.6,-3.3,-73.7,286.3,0.02,0.06,0.0,22.72,42,POSCTL,0,0
2026-08-18T17:07:52,1787047672,13.822166,100.512092,17.8,0.0,-0.6,-3.3,-73.7,286.3,0.02,0.06,0.0,22.72,42,POSCTL,0,0
2026-08-18T17:07:53,1787047673,13.822166,100.512092,54.1,0.0,-0.6,-3.3,-73.7,286.3,-0.03,0.03,0.0,22.72,42,POSCTL,0,0
2026-08-18T17:07:54,1787047674,13.822161,100.512096,19.5,0.0,-0.6,-3.3,-73.7,286.3,-0.03,0.03,0.0,22.72,42,POSCTL,0,0
2026-08-18T17:07:55,1787047675,13.822161,100.512096,19.5,0.0,-0.6,-3.3,-73.7,286.3,-0.03,0.03,0.0,22.72,42,POSCTL,0,0
2026-08-18T17:07:56,1787047676,13.822161,100.512096,19.5,0.0,-0.6,-3.3,-73.7,286.3,-0.03,0.03,0.0,22.72,42,POSCTL,0,0
2026-08-18T17:07:57,1787047677,13.822162,100.512093,54.1,0.0,-0.6,-3.3,-73.7,286.3,-0.03,-0.03,0.0,22.72,42,POSCTL,0,0
2026-08-18T17:07:58,1787047678,13.822162,100.512093,54.1,0.0,-0.6,-3.3,-73.7,286.3,-0.03,-0.03,0.0,22.72,42,POSCTL,0,0
2026-08-18T17:08:01,1787047681,13.822162,100.512093,54.1,0.0,-0.5,-3.3,-73.7,286.3,-0.03,-0.03,0.0,22.72,42,POSCTL,0,0
2026-08-18T17:08:02,1787047682,13.822149,100.512079,16.2,0.0,-0.5,-3.3,-73.7,286.3,-0.03,-0.09,0.0,22.72,42,POSCTL,0,0
2026-08-18T17:08:03,1787047683,13.822149,100.512079,16.2,0.0,-0.5,-3.3,-73.7,286.3,-0.03,-0.09,0.0,22.72,42,POSCTL,0,0
2026-08-18T17:08:04,1787047684,13.822149,100.512079,16.2,0.0,-0.5,-3.2,-73.7,286.3,-0.03,-0.09,0.0,22.72,42,POSCTL,0,0
2026-08-18T17:08:05,1787047685,13.822145,100.512076,15.3,0.0,-0.5,-3.2,-73.7,286.3,-0.01,-0.05,0.0,22.72,42,POSCTL,0,0
2026-08-18T17:08:06,1787047686,13.822145,100.512076,15.3,0.0,-0.5,-3.2,-73.7,286.3,-0.01,-0.05,0.0,22.72,42,POSCTL,0,0
2026-08-18T17:08:07,1787047687,13.822145,100.512076,15.3,0.0,-0.5,-3.1,-73.7,286.3,-0.01,-0.05,0.0,22.72,42,POSCTL,0,0
2026-08-18T17:08:08,1787047688,13.822145,100.512076,15.3,0.0,-0.5,-3.1,-73.7,286.3,-0.01,-0.05,0.0,22.72,42,POSCTL,0,0
2026-08-18T17:08:09,1787047689,13.822141,100.512072,15.4,0.0,-0.5,-3.1,-73.7,286.3,-0.01,-0.02,0.0,22.72,42,POSCTL,0,0
2026-08-18T17:08:10,1787047690,13.822141,100.512072,15.4,0.0,-0.5,-3.1,-73.7,286.3,-0.01,-0.02,0.0,22.72,42,POSCTL,0,0
2026-08-18T17:08:11,1787047691,13.822141,100.512072,15.4,0.0,-0.5,-3.1,-73.7,286.3,-0.01,-0.02,0.0,22.72,42,POSCTL,0,0
2026-08-18T17:08:12,1787047692,13.822139,100.512074,16.2,-0.0,-0.5,-3.1,-73.7,286.3,-0.01,0.03,0.0,22.72,42,POSCTL,0,0
2026-08-18T17:08:13,1787047693,13.822139,100.512074,16.2,-0.0,-0.5,-3.1,-73.7,286.3,-0.01,0.03,0.0,22.72,42,POSCTL,0,0
2026-08-18T17:08:14,1787047694,13.822139,100.512074,16.2,-0.0,-0.5,-3.1,-73.7,286.3,-0.01,0.03,0.0,22.72,42,POSCTL,0,0
2026-08-18T17:08:15,1787047695,13.822139,100.512074,16.2,-0.0,-0.5,-3.1,-73.7,286.3,-0.01,0.03,0.0,22.72,42,POSCTL,0,0
2026-08-18T17:08:16,1787047696,13.822142,100.512076,54.1,0.0,-0.5,-3.1,-73.7,286.3,0.04,0.05,0.0,22.72,42,POSCTL,0,0
2026-08-18T17:08:17,1787047697,13.822142,100.512076,54.1,0.0,-0.5,-3.1,-73.7,286.3,0.04,0.05,0.0,22.72,42,POSCTL,0,0
2026-08-18T17:08:18,1787047698,13.822142,100.512076,54.1,0.0,-0.5,-3.1,-73.7,286.3,0.04,0.05,0.0,22.72,42,POSCTL,0,0
2026-08-18T17:08:21,1787047701,13.822143,100.512081,20.3,0.0,-0.6,-3.2,-73.7,286.3,0.04,0.05,0.0,22.72,42,POSCTL,0,0
2026-08-18T17:08:22,1787047702,13.822143,100.512081,20.3,0.0,-0.6,-3.2,-73.7,286.3,0.04,0.05,0.0,22.72,42,POSCTL,0,0
2026-08-18T17:08:23,1787047703,13.822145,100.512081,21.9,0.0,-0.6,-3.2,-73.7,286.3,0.02,0.04,0.0,22.72,42,POSCTL,0,0
2026-08-18T17:08:24,1787047704,13.822145,100.512081,21.9,0.0,-0.6,-3.2,-73.7,286.3,0.02,0.04,0.0,22.72,42,POSCTL,0,0
2026-08-18T17:08:25,1787047705,13.822145,100.512081,21.9,0.0,-0.6,-3.2,-73.7,286.3,0.02,0.04,0.0,22.72,42,POSCTL,0,0
2026-08-18T17:08:26,1787047706,13.822145,100.512081,21.9,0.0,-0.6,-3.2,-73.7,286.3,0.02,0.04,0.0,22.72,42,POSCTL,0,0
2026-08-18T17:08:27,1787047707,13.822146,100.512081,54.1,0.0,-0.6,-3.2,-73.7,286.3,0.01,0.0,0.0,22.72,42,POSCTL,0,0
2026-08-18T17:08:28,1787047708,13.822146,100.512081,54.1,0.0,-0.6,-3.2,-73.7,286.3,0.01,0.0,0.0,22.72,42,POSCTL,0,0
2026-08-18T17:08:29,1787047709,13.822146,100.512081,54.1,0.0,-0.6,-3.2,-73.7,286.3,0.01,0.0,0.0,22.72,42,POSCTL,0,0
2026-08-18T17:08:30,1787047710,13.822146,100.512081,54.1,0.0,-0.6,-3.2,-73.7,286.3,0.01,0.0,0.0,22.72,42,POSCTL,0,0
2026-08-18T17:08:31,1787047711,13.822146,100.512081,54.1,0.0,-0.6,-3.2,-73.7,286.3,0.01,0.0,0.0,22.72,42,POSCTL,0,0
2026-08-18T17:08:32,1787047712,13.822146,100.512081,54.1,0.0,-0.7,-3.2,-73.7,286.3,0.01,0.0,0.0,22.72,42,POSCTL,0,0
2026-08-18T17:08:33,1787047713,13.822161,100.512068,21.3,0.0,-0.7,-3.2,-73.7,286.3,0.05,-0.06,0.0,22.72,42,POSCTL,0,0
2026-08-18T17:08:34,1787047714,13.822161,100.512068,21.3,0.0,-0.7,-3.2,-73.7,286.3,0.05,-0.06,0.0,22.72,42,POSCTL,0,0
2026-08-18T17:08:35,1787047715,13.822161,100.512068,21.3,0.0,-0.7,-3.1,-73.7,286.3,0.05,-0.06,0.0,22.72,42,POSCTL,0,0
2026-08-18T17:08:36,1787047716,13.822161,100.512068,21.3,0.0,-0.7,-3.1,-73.7,286.3,0.05,-0.06,0.0,22.72,42,POSCTL,0,0
2026-08-18T17:08:37,1787047717,13.822161,100.512068,21.3,0.0,-0.7,-3.1,-73.7,286.3,0.05,-0.06,0.0,22.72,42,POSCTL,0,0
2026-08-18T17:08:38,1787047718,13.822161,100.512068,21.3,0.0,-0.7,-3.1,-73.7,286.3,0.05,-0.06,0.0,22.72,42,POSCTL,0,0
2026-08-18T17:08:39,1787047719,13.822161,100.512068,21.3,0.0,-0.7,-3.1,-73.7,286.3,0.05,-0.06,0.0,22.72,42,POSCTL,0,0
2026-08-18T17:08:40,1787047720,13.822161,100.512068,21.3,0.0,-0.7,-3.1,-73.7,286.3,0.05,-0.06,0.0,22.72,42,POSCTL,0,0
2026-08-18T17:08:41,1787047721,13.822161,100.512068,21.3,0.0,-0.7,-3.1,-73.7,286.3,0.05,-0.06,0.0,22.72,42,POSCTL,0,0
2026-08-18T17:08:42,1787047722,13.822173,100.512051,16.5,0.0,-0.7,-3.0,-73.6,286.4,0.02,-0.01,0.0,22.72,42,POSCTL,0,0
2026-08-18T17:08:43,1787047723,13.822173,100.512051,16.5,0.0,-0.7,-3.0,-73.6,286.4,0.02,-0.01,0.0,22.72,42,POSCTL,0,0
2026-08-18T17:08:44,1787047724,13.822173,100.512051,16.5,0.0,-0.7,-3.0,-73.6,286.4,0.02,-0.01,0.0,22.72,42,POSCTL,0,0
2026-08-18T17:08:45,1787047725,13.822173,100.512051,16.5,0.0,-0.6,-3.0,-73.6,286.4,0.02,-0.01,0.0,22.72,42,POSCTL,0,0
2026-08-18T17:08:46,1787047726,13.822178,100.512047,15.8,0.0,-0.6,-3.0,-73.6,286.4,0.03,0.0,0.0,22.72,42,POSCTL,0,0
2026-08-18T17:08:47,1787047727,13.822178,100.512047,15.8,0.0,-0.6,-3.0,-73.6,286.4,0.03,0.0,0.0,22.72,42,POSCTL,0,0
2026-08-18T17:08:48,1787047728,13.822178,100.512047,15.8,0.0,-0.6,-3.0,-73.6,286.4,0.03,0.0,0.0,22.72,42,POSCTL,0,0
2026-08-18T17:08:49,1787047729,13.822178,100.512047,15.8,0.0,-0.6,-3.0,-73.6,286.4,0.03,0.0,0.0,22.72,42,POSCTL,0,0
2026-08-18T17:08:50,1787047730,13.822178,100.512047,15.8,0.0,-0.6,-3.0,-73.6,286.4,0.03,0.0,0.0,22.72,42,POSCTL,0,0
2026-08-18T17:08:51,1787047731,13.822179,100.512044,54.1,0.0,-0.6,-3.0,-73.6,286.4,0.0,-0.02,0.0,22.72,42,POSCTL,0,0
2026-08-18T17:08:52,1787047732,13.822182,100.512039,14.7,0.0,-0.7,-3.1,-73.7,286.3,0.0,-0.02,0.0,22.72,42,POSCTL,0,0
2026-08-18T17:08:53,1787047733,13.822182,100.512039,14.7,0.0,-0.7,-3.1,-73.7,286.3,0.0,-0.02,0.0,22.72,42,POSCTL,0,0
2026-08-18T17:08:54,1787047734,13.822182,100.512039,14.7,0.0,-0.7,-3.1,-73.7,286.3,0.0,-0.02,0.0,22.72,42,POSCTL,0,0
2026-08-18T17:08:55,1787047735,13.822183,100.512037,14.6,0.0,-0.7,-3.1,-73.7,286.3,0.01,-0.01,0.0,22.72,42,POSCTL,0,0
2026-08-18T17:08:56,1787047736,13.822183,100.512037,14.6,0.0,-0.7,-3.1,-73.7,286.3,0.01,-0.01,0.0,22.72,42,POSCTL,0,0
2026-08-18T17:08:59,1787047739,13.822183,100.512037,14.6,0.0,-0.7,-3.1,-73.7,286.3,0.01,-0.01,0.0,22.72,42,POSCTL,0,0
2026-08-18T17:09:00,1787047740,13.822183,100.512037,14.6,0.0,-0.7,-3.1,-73.7,286.3,0.01,-0.01,0.0,22.72,42,POSCTL,0,0
2026-08-18T17:09:01,1787047741,13.822183,100.512037,14.6,0.0,-0.7,-3.1,-73.7,286.3,0.01,-0.01,0.0,22.72,42,POSCTL,0,0
2026-08-18T17:09:02,1787047742,13.822183,100.512037,14.6,0.0,-0.7,-3.1,-73.7,286.3,0.01,-0.01,0.0,22.71,42,POSCTL,0,0
2026-08-18T17:09:03,1787047743,13.822186,100.51202,13.5,0.0,-0.6,-3.1,-73.7,286.3,-0.01,-0.06,0.0,22.71,42,POSCTL,0,0
2026-08-18T17:09:04,1787047744,13.822186,100.51202,13.5,0.0,-0.6,-3.1,-73.7,286.3,-0.01,-0.06,0.0,22.71,42,POSCTL,0,0
2026-08-18T17:09:05,1787047745,13.822186,100.51202,13.5,0.0,-0.6,-3.1,-73.7,286.3,-0.01,-0.06,0.0,22.71,42,POSCTL,0,0
2026-08-18T17:09:06,1787047746,13.822186,100.51202,13.5,0.0,-0.6,-3.1,-73.6,286.4,-0.01,-0.06,0.0,22.71,42,POSCTL,0,0
2026-08-18T17:09:07,1787047747,13.822186,100.512017,13.6,0.0,-0.6,-3.1,-73.6,286.4,-0.01,-0.06,0.0,22.71,42,POSCTL,0,0
2026-08-18T17:09:08,1787047748,13.822186,100.512017,13.6,0.0,-0.6,-3.1,-73.6,286.4,-0.01,-0.06,0.0,22.71,42,POSCTL,0,0
2026-08-18T17:09:09,1787047749,13.822186,100.512017,13.6,0.0,-0.6,-3.1,-73.6,286.4,-0.01,-0.06,0.0,22.71,42,POSCTL,0,0
2026-08-18T17:09:10,1787047750,13.822186,100.512017,13.6,0.0,-0.6,-3.1,-73.6,286.4,-0.01,-0.06,0.0,22.71,42,POSCTL,0,0
2026-08-18T17:09:11,1787047751,13.822186,100.512017,13.6,0.0,-0.6,-3.1,-73.6,286.4,-0.01,-0.06,0.0,22.71,42,POSCTL,0,0
2026-08-18T17:09:12,1787047752,13.822187,100.512017,14.2,0.0,-0.6,-3.1,-73.6,286.4,0.02,0.01,0.0,22.71,42,POSCTL,0,0
2026-08-18T17:09:13,1787047753,13.822187,100.512017,14.2,0.0,-0.6,-3.1,-73.6,286.4,0.02,0.01,0.0,22.71,42,POSCTL,0,0
2026-08-18T17:09:14,1787047754,13.822188,100.512017,14.5,0.0,-0.5,-3.1,-73.6,286.4,0.05,0.04,0.0,22.71,42,POSCTL,0,0
2026-08-18T17:09:15,1787047755,13.822188,100.512017,14.5,0.0,-0.5,-3.1,-73.6,286.4,0.05,0.04,0.0,22.71,42,POSCTL,0,0
2026-08-18T17:09:16,1787047756,13.822188,100.512017,14.5,0.0,-0.6,-3.1,-73.6,286.4,0.05,0.04,0.0,22.71,42,POSCTL,0,0
2026-08-18T17:09:17,1787047757,13.822188,100.512017,14.5,0.0,-0.6,-3.1,-73.6,286.4,0.05,0.04,0.0,22.71,42,POSCTL,0,0
2026-08-18T17:09:18,1787047758,13.822189,100.512017,54.1,0.0,-0.6,-3.1,-73.6,286.4,0.02,0.01,0.0,22.71,42,POSCTL,0,0
2026-08-18T17:09:19,1787047759,13.822189,100.512017,54.1,0.0,-0.6,-3.1,-73.6,286.4,0.02,0.01,0.0,22.71,42,POSCTL,0,0
2026-08-18T17:09:20,1787047760,13.822189,100.512017,54.1,0.0,-0.7,-3.2,-73.6,286.4,0.02,0.01,0.0,22.71,42,POSCTL,0,0
2026-08-18T17:09:21,1787047761,13.822189,100.512017,54.1,0.0,-0.7,-3.2,-73.6,286.4,0.02,0.01,0.0,22.71,42,POSCTL,0,0
2026-08-18T17:09:22,1787047762,13.822183,100.512016,15.1,-0.0,-0.7,-3.2,-73.6,286.4,-0.03,0.0,0.0,22.71,42,POSCTL,0,0
2026-08-18T17:09:23,1787047763,13.822183,100.512016,15.1,-0.0,-0.6,-3.2,-73.6,286.4,-0.03,0.0,0.0,22.71,42,POSCTL,0,0
2026-08-18T17:09:24,1787047764,13.822183,100.512016,15.1,-0.0,-0.6,-3.2,-73.6,286.4,-0.03,0.0,0.0,22.71,42,POSCTL,0,0
2026-08-18T17:09:25,1787047765,13.822179,100.51202,16.3,0.0,-0.6,-3.2,-73.6,286.4,-0.02,0.02,0.0,22.71,42,POSCTL,0,0
2026-08-18T17:09:26,1787047766,13.822179,100.51202,16.3,0.0,-0.6,-3.2,-73.6,286.4,-0.02,0.02,0.0,22.71,42,POSCTL,0,0
2026-08-18T17:09:27,1787047767,13.822179,100.51202,16.3,0.0,-0.5,-3.2,-73.6,286.4,-0.02,0.02,0.0,22.71,42,POSCTL,0,0
2026-08-18T17:09:28,1787047768,13.822177,100.512024,17.9,0.0,-0.5,-3.2,-73.6,286.4,0.0,0.03,0.0,22.71,42,POSCTL,0,0
2026-08-18T17:09:29,1787047769,13.822177,100.512024,17.9,0.0,-0.5,-3.2,-73.6,286.4,0.0,0.03,0.0,22.71,42,POSCTL,0,0
2026-08-18T17:09:30,1787047770,13.822177,100.512024,17.9,0.0,-0.5,-3.2,-73.6,286.4,0.0,0.03,0.0,22.71,42,POSCTL,0,0
2026-08-18T17:09:31,1787047771,13.822177,100.512024,17.9,0.0,-0.5,-3.2,-73.6,286.4,0.0,0.03,0.0,22.71,42,POSCTL,0,0
2026-08-18T17:09:32,1787047772,13.822178,100.512023,54.1,0.0,-0.5,-3.2,-73.6,286.4,0.03,0.03,0.0,22.71,42,POSCTL,0,0
2026-08-18T17:09:33,1787047773,13.822171,100.512026,19.1,0.0,-0.5,-3.2,-73.6,286.4,0.03,0.03,0.0,22.71,42,POSCTL,0,0
2026-08-18T17:09:34,1787047774,13.822175,100.512026,54.1,-0.0,-0.5,-3.3,-73.7,286.3,0.01,0.03,0.0,22.71,42,POSCTL,0,0
2026-08-18T17:09:35,1787047775,13.822169,100.512028,19.5,-0.0,-0.5,-3.3,-73.7,286.3,0.01,0.03,0.0,22.71,42,POSCTL,0,0
2026-08-18T17:09:36,1787047776,13.822169,100.512028,19.5,-0.0,-0.5,-3.3,-73.7,286.3,0.01,0.03,0.0,22.71,42,POSCTL,0,0
2026-08-18T17:09:37,1787047777,13.822169,100.512028,19.5,-0.0,-0.6,-3.3,-73.7,286.3,0.01,0.03,0.0,22.71,42,POSCTL,0,0
2026-08-18T17:09:38,1787047778,13.822169,100.512028,19.5,-0.0,-0.6,-3.3,-73.7,286.3,0.01,0.03,0.0,22.71,42,POSCTL,0,0
2026-08-18T17:09:39,1787047779,13.822169,100.512028,19.5,-0.0,-0.6,-3.3,-73.7,286.3,0.01,0.03,0.0,22.71,42,POSCTL,0,0
2026-08-18T17:09:40,1787047780,13.822169,100.512028,19.5,-0.0,-0.6,-3.3,-73.7,286.3,0.01,0.03,0.0,22.71,42,POSCTL,0,0
2026-08-18T17:09:41,1787047781,13.822169,100.512028,19.5,-0.0,-0.5,-3.3,-73.7,286.3,0.01,0.03,0.0,22.71,42,POSCTL,0,0
2026-08-18T17:09:42,1787047782,13.822169,100.512028,54.1,0.0,-0.5,-3.3,-73.7,286.3,0.02,0.0,0.0,22.71,42,POSCTL,0,0
2026-08-18T17:09:43,1787047783,13.822166,100.512028,20.1,0.0,-0.5,-3.3,-73.7,286.3,0.02,0.0,0.0,22.71,42,POSCTL,0,0
2026-08-18T17:09:44,1787047784,13.822166,100.512028,20.1,0.0,-0.6,-3.4,-73.7,286.3,0.02,0.0,0.0,22.71,42,POSCTL,0,0
2026-08-18T17:09:45,1787047785,13.822166,100.512028,20.1,0.0,-0.6,-3.4,-73.7,286.3,0.02,0.0,0.0,22.71,42,POSCTL,0,0
2026-08-18T17:09:46,1787047786,13.82217,100.512027,20.8,0.0,-0.6,-3.4,-73.7,286.3,0.02,0.0,0.0,22.71,42,POSCTL,0,0
2026-08-18T17:09:47,1787047787,13.82217,100.512027,20.8,0.0,-0.6,-3.4,-73.7,286.3,0.02,0.0,0.0,22.71,42,POSCTL,0,0
2026-08-18T17:09:48,1787047788,13.822171,100.512028,54.1,-0.01,-0.6,-3.2,-73.6,286.4,0.03,0.0,0.0,22.71,42,POSCTL,0,0
2026-08-18T17:09:49,1787047789,13.822175,100.512026,21.0,-0.01,-0.6,-3.2,-73.6,286.4,0.03,0.0,0.0,22.71,42,POSCTL,0,0
2026-08-18T17:09:50,1787047790,13.822175,100.512026,21.0,-0.01,-0.6,-3.2,-73.6,286.4,0.03,0.0,0.0,22.71,42,POSCTL,0,0
2026-08-18T17:09:51,1787047791,13.822175,100.512026,21.0,-0.01,-0.6,-3.2,-73.6,286.4,0.03,0.0,0.0,22.71,42,POSCTL,0,0
2026-08-18T17:09:52,1787047792,13.822175,100.512026,21.0,-0.01,-0.6,-3.2,-73.6,286.4,0.03,0.0,0.0,22.71,42,POSCTL,0,0
2026-08-18T17:09:53,1787047793,13.822178,100.512028,21.4,0.0,-0.6,-3.2,-73.6,286.4,0.03,0.0,0.0,22.71,42,POSCTL,0,0
2026-08-18T17:09:54,1787047794,13.822178,100.512028,21.4,0.0,-0.6,-3.2,-73.6,286.4,0.03,0.0,0.0,22.71,42,POSCTL,0,0
2026-08-18T17:09:55,1787047795,13.822178,100.512028,21.4,0.0,-0.6,-3.1,-73.6,286.4,0.03,0.0,0.0,22.71,42,POSCTL,0,0
2026-08-18T17:09:56,1787047796,13.822179,100.512031,22.1,0.0,-0.6,-3.1,-73.6,286.4,0.03,0.04,0.0,22.71,42,POSCTL,0,0
2026-08-18T17:09:57,1787047797,13.822179,100.512031,22.1,0.0,-0.6,-3.1,-73.6,286.4,0.03,0.04,0.0,22.71,42,POSCTL,0,0
2026-08-18T17:09:58,1787047798,13.822179,100.512031,22.1,0.0,-0.6,-3.1,-73.6,286.4,0.03,0.04,0.0,22.71,42,POSCTL,0,0
2026-08-18T17:09:59,1787047799,13.822179,100.512031,22.1,0.0,-0.6,-3.1,-73.6,286.4,0.03,0.04,0.0,22.71,42,POSCTL,0,0
2026-08-18T17:10:00,1787047800,13.822179,100.512031,22.1,0.0,-0.6,-3.1,-73.6,286.4,0.03,0.04,0.0,22.71,42,POSCTL,0,0
2026-08-18T17:10:01,1787047801,13.822179,100.512031,22.1,0.0,-0.6,-3.1,-73.6,286.4,0.03,0.04,0.0,22.71,42,POSCTL,0,0
2026-08-18T17:10:02,1787047802,13.822179,100.512031,22.1,0.0,-0.6,-3.1,-73.6,286.4,0.03,0.04,0.0,22.71,42,POSCTL,0,0
2026-08-18T17:10:03,1787047803,13.822179,100.512031,22.1,0.0,-0.6,-3.1,-73.6,286.4,0.03,0.04,0.0,22.71,42,POSCTL,0,0
2026-08-18T17:10:04,1787047804,13.82221,100.512052,29.4,0.0,-0.6,-3.1,-73.6,286.4,0.09,0.07,0.0,22.71,42,POSCTL,0,0
2026-08-18T17:10:05,1787047805,13.82221,100.512052,29.4,0.0,-0.9,-3.3,-73.8,286.2,0.09,0.07,0.0,22.71,42,POSCTL,0,0
2026-08-18T17:10:06,1787047806,13.82221,100.512052,29.4,0.0,-0.9,-3.3,-73.8,286.2,0.09,0.07,0.0,22.71,42,POSCTL,0,0
2026-08-18T17:10:07,1787047807,13.82221,100.512052,29.4,0.0,-0.9,-3.3,-73.8,286.2,0.09,0.07,0.0,22.71,42,POSCTL,0,0
2026-08-18T17:10:08,1787047808,13.822207,100.512048,54.1,0.0,-0.9,-3.3,-73.8,286.2,0.04,-0.02,0.0,22.71,42,POSCTL,0,0
2026-08-18T17:10:09,1787047809,13.822207,100.512048,54.1,0.0,-0.9,-3.3,-73.9,286.1,0.04,-0.02,0.0,22.71,42,POSCTL,0,0
2026-08-18T17:10:10,1787047810,13.822207,100.512048,54.1,0.0,-0.9,-3.3,-73.9,286.1,0.04,-0.02,0.0,22.71,42,POSCTL,0,0
2026-08-18T17:10:11,1787047811,13.822215,100.512049,54.1,-0.0,-0.9,-3.3,-73.9,286.1,-0.02,-0.05,0.0,22.71,42,POSCTL,0,0
2026-08-18T17:10:12,1787047812,13.822222,100.512049,27.2,-0.0,-0.9,-3.3,-73.9,286.1,-0.02,-0.05,0.0,22.71,42,POSCTL,0,0
2026-08-18T17:10:13,1787047813,13.822222,100.512049,27.2,-0.0,-0.8,-3.2,-73.8,286.2,-0.02,-0.05,0.0,22.71,42,POSCTL,0,0
2026-08-18T17:10:14,1787047814,13.822222,100.512049,27.2,-0.0,-0.8,-3.2,-73.8,286.2,-0.02,-0.05,0.0,22.71,42,POSCTL,0,0
2026-08-18T17:10:15,1787047815,13.822225,100.512047,26.0,0.0,-0.8,-3.2,-73.8,286.2,-0.03,-0.05,0.0,22.71,42,POSCTL,0,0
2026-08-18T17:10:16,1787047816,13.822225,100.512047,26.0,0.0,-0.8,-3.2,-73.8,286.2,-0.03,-0.05,0.0,22.71,42,POSCTL,0,0
2026-08-18T17:10:17,1787047817,13.822225,100.512047,26.0,0.0,-0.7,-3.1,-73.9,286.1,-0.03,-0.05,0.0,22.71,42,POSCTL,0,0
2026-08-18T17:10:18,1787047818,13.822224,100.512048,54.1,0.0,-0.7,-3.1,-73.9,286.1,0.02,0.0,0.0,22.71,42,POSCTL,0,0
2026-08-18T17:10:19,1787047819,13.822224,100.512048,54.1,0.0,-0.7,-3.1,-73.9,286.1,0.02,0.0,0.0,22.71,42,POSCTL,0,0
2026-08-18T17:10:20,1787047820,13.822224,100.512048,54.1,0.0,-0.7,-3.1,-73.9,286.1,0.02,0.0,0.0,22.71,42,POSCTL,0,0
2026-08-18T17:10:21,1787047821,13.822224,100.512048,54.1,0.0,-0.7,-3.1,-73.9,286.1,0.02,0.0,0.0,22.71,42,POSCTL,0,0
2026-08-18T17:10:22,1787047822,13.822224,100.512048,54.1,0.0,-0.7,-3.1,-73.9,286.1,0.02,0.0,0.0,22.71,42,POSCTL,0,0
2026-08-18T17:10:23,1787047823,13.822224,100.512048,54.1,0.0,-0.7,-3.1,-73.9,286.1,0.02,0.0,0.0,22.71,42,POSCTL,0,0
2026-08-18T17:10:24,1787047824,13.822228,100.512049,24.5,0.0,-0.7,-3.1,-73.9,286.1,0.02,0.0,0.0,22.71,42,POSCTL,0,0
2026-08-18T17:10:25,1787047825,13.822227,100.512049,54.1,-0.0,-0.7,-3.1,-73.9,286.1,-0.02,0.01,0.0,22.71,42,POSCTL,0,0
2026-08-18T17:10:26,1787047826,13.822227,100.512049,54.1,-0.0,-0.7,-3.2,-73.9,286.1,-0.02,0.01,0.0,22.71,42,POSCTL,0,0
2026-08-18T17:10:27,1787047827,13.822226,100.51205,24.1,-0.0,-0.7,-3.2,-73.9,286.1,-0.02,0.01,0.0,22.71,42,POSCTL,0,0
2026-08-18T17:10:28,1787047828,13.822226,100.51205,24.1,-0.0,-0.6,-3.2,-73.9,286.1,-0.02,0.01,0.0,22.71,42,POSCTL,0,0
2026-08-18T17:10:29,1787047829,13.822226,100.51205,24.1,-0.0,-0.6,-3.2,-73.9,286.1,-0.02,0.01,0.0,22.71,42,POSCTL,0,0
2026-08-18T17:10:30,1787047830,13.822226,100.51205,24.1,-0.0,-0.6,-3.2,-73.9,286.1,-0.02,0.01,0.0,22.71,42,POSCTL,0,0
2026-08-18T17:10:31,1787047831,13.822226,100.51205,24.1,-0.0,-0.6,-3.2,-73.9,286.1,-0.02,0.01,0.0,22.71,42,POSCTL,0,0
2026-08-18T17:10:32,1787047832,13.822222,100.512053,24.0,-0.0,-0.6,-3.2,-73.9,286.1,-0.02,0.01,0.0,22.71,42,POSCTL,0,0
2026-08-18T17:10:33,1787047833,13.822224,100.512052,54.1,0.0,-0.6,-3.2,-73.9,286.1,0.0,0.03,0.0,22.71,42,POSCTL,0,0
2026-08-18T17:10:34,1787047834,13.822224,100.512052,54.1,0.0,-0.6,-3.2,-73.9,286.1,0.0,0.03,0.0,22.71,42,POSCTL,0,0
2026-08-18T17:10:35,1787047835,13.822224,100.512052,54.1,0.0,-0.6,-3.2,-73.9,286.1,0.0,0.03,0.0,22.71,42,POSCTL,0,0
2026-08-18T17:10:36,1787047836,13.822224,100.512052,54.1,0.0,-0.6,-3.2,-73.9,286.1,0.0,0.03,0.0,22.71,42,POSCTL,0,0
2026-08-18T17:10:37,1787047837,13.822224,100.512052,54.1,0.0,-0.6,-3.2,-73.9,286.1,0.0,0.03,0.0,22.71,42,POSCTL,0,0
2026-08-18T17:10:38,1787047838,13.822224,100.512052,54.1,0.0,-0.6,-3.2,-73.9,286.1,0.0,0.03,0.0,22.71,42,POSCTL,0,0
2026-08-18T17:10:39,1787047839,13.822223,100.512063,54.1,0.0,-0.6,-3.2,-73.9,286.1,-0.01,0.0,0.0,22.71,42,POSCTL,0,0
2026-08-18T17:10:40,1787047840,13.822223,100.512063,54.1,0.0,-0.6,-3.2,-73.9,286.1,-0.01,0.0,0.0,22.71,42,POSCTL,0,0
2026-08-18T17:10:41,1787047841,13.822218,100.512068,25.3,0.0,-0.6,-3.3,-73.8,286.2,-0.01,0.0,0.0,22.71,42,POSCTL,0,0
2026-08-18T17:10:42,1787047842,13.822218,100.512068,25.3,0.0,-0.6,-3.3,-73.8,286.2,-0.01,0.0,0.0,22.71,42,POSCTL,0,0
2026-08-18T17:10:43,1787047843,13.822221,100.512065,54.1,0.0,-0.6,-3.3,-73.7,286.3,0.0,-0.04,0.0,22.71,42,POSCTL,0,0
2026-08-18T17:10:44,1787047844,13.822221,100.512065,54.1,0.0,-0.6,-3.3,-73.7,286.3,0.0,-0.04,0.0,22.71,42,POSCTL,0,0
2026-08-18T17:10:45,1787047845,13.822221,100.512065,54.1,0.0,-0.6,-3.3,-73.7,286.3,0.0,-0.04,0.0,22.71,42,POSCTL,0,0
2026-08-18T17:10:46,1787047846,13.822221,100.512065,54.1,0.0,-0.6,-3.3,-73.7,286.3,0.0,-0.04,0.0,22.71,42,POSCTL,0,0
2026-08-18T17:10:47,1787047847,13.822221,100.512065,54.1,0.0,-0.6,-3.3,-73.7,286.3,0.0,-0.04,0.0,22.71,42,POSCTL,0,0
2026-08-18T17:10:48,1787047848,13.822221,100.512065,54.1,0.0,-0.6,-3.2,-73.9,286.1,0.0,-0.04,0.0,22.71,42,POSCTL,0,0
2026-08-18T17:10:49,1787047849,13.822201,100.512055,20.6,0.0,-0.6,-3.2,-73.9,286.1,0.0,-0.04,0.0,22.71,42,POSCTL,0,0
2026-08-18T17:10:50,1787047850,13.822201,100.512055,20.6,0.0,-0.6,-3.2,-73.9,286.1,0.0,-0.04,0.0,22.71,42,POSCTL,0,0
2026-08-18T17:10:51,1787047851,13.822201,100.512055,20.6,0.0,-0.6,-3.2,-73.9,286.1,0.0,-0.04,0.0,22.71,42,POSCTL,0,0
2026-08-18T17:10:52,1787047852,13.822204,100.512056,54.1,0.0,-0.5,-3.2,-73.9,286.1,-0.05,-0.07,0.0,22.71,42,POSCTL,0,0
2026-08-18T17:10:53,1787047853,13.822204,100.512056,54.1,0.0,-0.4,-3.2,-73.9,286.1,-0.05,-0.07,0.0,22.71,42,POSCTL,0,0
2026-08-18T17:10:54,1787047854,13.822198,100.512048,18.6,0.0,-0.4,-3.2,-73.9,286.1,-0.05,-0.07,0.0,22.71,42,POSCTL,0,0
2026-08-18T17:10:55,1787047855,13.822202,100.512052,54.1,0.0,-0.4,-3.2,-73.9,286.1,0.0,-0.06,0.0,22.71,42,POSCTL,0,0
2026-08-18T17:10:56,1787047856,13.822202,100.512052,54.1,0.0,-0.4,-3.2,-73.9,286.1,0.0,-0.06,0.0,22.71,42,POSCTL,0,0
2026-08-18T17:10:57,1787047857,13.822202,100.512052,54.1,0.0,-0.4,-3.2,-73.9,286.1,0.0,-0.06,0.0,22.71,42,POSCTL,0,0
2026-08-18T17:10:58,1787047858,13.822202,100.512052,54.1,0.0,-0.4,-3.2,-73.9,286.1,0.0,-0.06,0.0,22.71,42,POSCTL,0,0
2026-08-18T17:10:59,1787047859,13.822202,100.512052,54.1,0.0,-0.4,-3.2,-73.9,286.1,0.0,-0.06,0.0,22.71,42,POSCTL,0,0
2026-08-18T17:11:00,1787047860,13.822196,100.512045,54.1,-0.0,-0.4,-3.2,-73.9,286.1,-0.03,-0.01,0.0,22.71,42,POSCTL,0,0
2026-08-18T17:11:01,1787047861,13.822196,100.512045,54.1,-0.0,-0.5,-3.1,-73.8,286.2,-0.03,-0.01,0.0,22.71,42,POSCTL,0,0
2026-08-18T17:11:02,1787047862,13.822188,100.512034,16.8,-0.0,-0.5,-3.1,-73.8,286.2,-0.03,-0.01,0.0,22.71,42,POSCTL,0,0
2026-08-18T17:11:03,1787047863,13.822192,100.51204,54.1,0.0,-0.5,-3.1,-73.8,286.2,-0.02,-0.01,0.0,22.71,42,POSCTL,0,0
2026-08-18T17:11:04,1787047864,13.822192,100.51204,54.1,0.0,-0.5,-3.1,-73.8,286.2,-0.02,-0.01,0.0,22.71,42,POSCTL,0,0
2026-08-18T17:11:05,1787047865,13.822192,100.51204,54.1,0.0,-0.5,-3.1,-73.8,286.2,-0.02,-0.01,0.0,22.71,42,POSCTL,0,0
2026-08-18T17:11:06,1787047866,13.822192,100.51204,54.1,0.0,-0.5,-3.1,-73.8,286.2,-0.02,-0.01,0.0,22.71,42,POSCTL,0,0
2026-08-18T17:11:07,1787047867,13.822191,100.512033,17.0,0.0,-0.5,-3.1,-73.8,286.2,-0.02,-0.01,0.0,22.71,42,POSCTL,0,0
2026-08-18T17:11:08,1787047868,13.822191,100.512033,17.0,0.0,-0.5,-3.1,-73.8,286.2,-0.02,-0.01,0.0,22.71,42,POSCTL,0,0
2026-08-18T17:11:09,1787047869,13.822192,100.512034,54.1,-0.0,-0.5,-3.1,-73.8,286.2,0.04,0.01,0.0,22.71,42,POSCTL,0,0
2026-08-18T17:11:10,1787047870,13.822192,100.512034,54.1,-0.0,-0.5,-3.1,-73.8,286.2,0.04,0.01,0.0,22.71,42,POSCTL,0,0
2026-08-18T17:11:11,1787047871,13.822193,100.512033,16.9,-0.0,-0.5,-3.1,-73.8,286.2,0.04,0.01,0.0,22.71,42,POSCTL,0,0
2026-08-18T17:11:12,1787047872,13.822193,100.512033,16.9,-0.0,-0.6,-3.1,-73.8,286.2,0.04,0.01,0.0,22.71,42,POSCTL,0,0
2026-08-18T17:11:13,1787047873,13.822193,100.512033,16.9,-0.0,-0.6,-3.1,-73.8,286.2,0.04,0.01,0.0,22.71,42,POSCTL,0,0
2026-08-18T17:11:14,1787047874,13.822192,100.512033,54.1,-0.0,-0.6,-3.1,-73.8,286.2,-0.01,-0.01,0.0,22.71,42,POSCTL,0,0
2026-08-18T17:11:15,1787047875,13.822192,100.512033,54.1,-0.0,-0.6,-3.1,-73.8,286.2,-0.01,-0.01,0.0,22.71,42,POSCTL,0,0
2026-08-18T17:11:16,1787047876,13.822192,100.512033,54.1,-0.0,-0.6,-3.2,-73.8,286.2,-0.01,-0.01,0.0,22.71,42,POSCTL,0,0
2026-08-18T17:11:17,1787047877,13.822192,100.512033,54.1,-0.0,-0.6,-3.2,-73.8,286.2,-0.01,-0.01,0.0,22.71,42,POSCTL,0,0
2026-08-18T17:11:18,1787047878,13.822201,100.512033,16.9,0.0,-0.6,-3.2,-73.8,286.2,0.04,0.0,0.0,22.71,42,POSCTL,0,0
2026-08-18T17:11:19,1787047879,13.822201,100.512033,16.9,0.0,-0.6,-3.2,-73.8,286.2,0.04,0.0,0.0,22.71,42,POSCTL,0,0
2026-08-18T17:11:20,1787047880,13.822201,100.512033,16.9,0.0,-0.6,-3.2,-73.8,286.2,0.04,0.0,0.0,22.71,42,POSCTL,0,0
2026-08-18T17:11:21,1787047881,13.822201,100.512033,16.9,0.0,-0.6,-3.2,-73.8,286.2,0.04,0.0,0.0,22.71,42,POSCTL,0,0
2026-08-18T17:11:22,1787047882,13.822202,100.512033,54.1,-0.0,-0.7,-3.2,-73.7,286.3,0.01,0.01,0.0,22.71,42,POSCTL,0,0
2026-08-18T17:11:23,1787047883,13.822208,100.512033,16.6,-0.0,-0.7,-3.2,-73.7,286.3,0.01,0.01,0.0,22.71,42,POSCTL,0,0
2026-08-18T17:11:24,1787047884,13.822208,100.512033,16.6,-0.0,-0.7,-3.2,-73.7,286.3,0.01,0.01,0.0,22.71,42,POSCTL,0,0
2026-08-18T17:11:25,1787047885,13.822208,100.512033,16.6,-0.0,-0.7,-3.2,-73.7,286.3,0.01,0.01,0.0,22.71,42,POSCTL,0,0
2026-08-18T17:11:26,1787047886,13.822208,100.512033,16.6,-0.0,-0.7,-3.2,-73.7,286.3,0.01,0.01,0.0,22.71,42,POSCTL,0,0
2026-08-18T17:11:27,1787047887,13.822212,100.512029,16.1,-0.0,-0.7,-3.2,-73.7,286.3,-0.02,-0.02,0.0,22.71,42,POSCTL,0,0
2026-08-18T17:11:28,1787047888,13.822212,100.512029,16.1,-0.0,-0.7,-3.2,-73.7,286.3,-0.02,-0.02,0.0,22.71,42,POSCTL,0,0
2026-08-18T17:11:29,1787047889,13.822212,100.512029,16.1,-0.0,-0.7,-3.2,-73.7,286.3,-0.02,-0.02,0.0,22.71,42,POSCTL,0,0
2026-08-18T17:11:30,1787047890,13.822212,100.512029,16.1,-0.0,-0.7,-3.2,-73.7,286.3,-0.02,-0.02,0.0,22.71,42,POSCTL,0,0
2026-08-18T17:11:31,1787047891,13.822208,100.512024,54.1,0.0,-0.7,-3.2,-73.7,286.3,-0.01,-0.09,0.0,22.71,42,POSCTL,0,0
2026-08-18T17:11:32,1787047892,13.822207,100.512015,13.7,0.0,-0.7,-3.2,-73.7,286.3,-0.01,-0.09,0.0,22.71,42,POSCTL,0,0
2026-08-18T17:11:33,1787047893,13.822207,100.512015,13.7,0.0,-0.7,-3.2,-73.7,286.3,-0.01,-0.09,0.0,22.71,42,POSCTL,0,0
2026-08-18T17:11:34,1787047894,13.822207,100.512015,13.7,0.0,-0.7,-3.2,-73.7,286.3,-0.01,-0.09,0.0,22.71,42,POSCTL,0,0
2026-08-18T17:11:35,1787047895,13.822207,100.512015,13.7,0.0,-0.7,-3.2,-73.7,286.3,-0.01,-0.09,0.0,22.71,42,POSCTL,0,0
2026-08-18T17:11:36,1787047896,13.822207,100.512015,13.7,0.0,-0.7,-3.2,-73.7,286.3,-0.01,-0.09,0.0,22.71,42,POSCTL,0,0
2026-08-18T17:11:37,1787047897,13.822207,100.512015,13.7,0.0,-0.6,-3.0,-73.6,286.4,-0.01,-0.09,0.0,22.71,42,POSCTL,0,0
2026-08-18T17:11:38,1787047898,13.822207,100.512015,13.7,0.0,-0.6,-3.0,-73.6,286.4,-0.01,-0.09,0.0,22.71,42,POSCTL,0,0
2026-08-18T17:11:39,1787047899,13.822203,100.512011,54.1,0.0,-0.6,-3.0,-73.6,286.4,-0.02,0.0,0.0,22.71,42,POSCTL,0,0
2026-08-18T17:11:40,1787047900,13.822204,100.512012,12.6,0.0,-0.6,-3.0,-73.6,286.4,-0.02,0.0,0.0,22.71,42,POSCTL,0,0
2026-08-18T17:11:41,1787047901,13.822204,100.512012,12.6,0.0,-0.6,-3.1,-73.7,286.3,-0.02,0.0,0.0,22.71,42,POSCTL,0,0
2026-08-18T17:11:42,1787047902,13.822204,100.512012,12.6,0.0,-0.6,-3.1,-73.7,286.3,-0.02,0.0,0.0,22.71,42,POSCTL,0,0
2026-08-18T17:11:43,1787047903,13.822204,100.512014,13.0,0.0,-0.6,-3.1,-73.7,286.3,0.0,0.0,0.0,22.71,42,POSCTL,0,0
2026-08-18T17:11:44,1787047904,13.822204,100.512014,13.0,0.0,-0.6,-3.2,-73.7,286.3,0.0,0.0,0.0,22.71,42,POSCTL,0,0
2026-08-18T17:11:45,1787047905,13.822204,100.512014,13.0,0.0,-0.6,-3.2,-73.7,286.3,0.0,0.0,0.0,22.71,42,POSCTL,0,0
2026-08-18T17:11:46,1787047906,13.822204,100.512014,13.0,0.0,-0.6,-3.2,-73.7,286.3,0.0,0.0,0.0,22.71,42,POSCTL,0,0
2026-08-18T17:11:47,1787047907,13.822198,100.512012,12.2,0.0,-0.6,-3.2,-73.7,286.3,0.0,0.0,0.0,22.71,42,POSCTL,0,0
2026-08-18T17:11:48,1787047908,13.822198,100.512012,12.2,0.0,-0.6,-3.2,-73.7,286.3,0.0,0.0,0.0,22.71,42,POSCTL,0,0
2026-08-18T17:11:49,1787047909,13.822198,100.512012,12.2,0.0,-0.6,-3.2,-73.7,286.3,0.0,0.0,0.0,22.71,42,POSCTL,0,0
2026-08-18T17:11:50,1787047910,13.822198,100.512012,12.2,0.0,-0.6,-3.2,-73.7,286.3,0.0,0.0,0.0,22.71,42,POSCTL,0,0
2026-08-18T17:11:51,1787047911,13.822194,100.512008,11.4,0.0,-0.6,-3.2,-73.7,286.3,-0.02,-0.01,0.0,22.71,42,POSCTL,0,0
2026-08-18T17:11:52,1787047912,13.822194,100.512008,11.4,0.0,-0.5,-3.2,-73.7,286.3,-0.02,-0.01,0.0,22.71,42,POSCTL,0,0
2026-08-18T17:11:53,1787047913,13.822194,100.512008,11.4,0.0,-0.5,-3.2,-73.7,286.3,-0.02,-0.01,0.0,22.71,42,POSCTL,0,0
2026-08-18T17:11:54,1787047914,13.822194,100.512008,11.4,0.0,-0.5,-3.2,-73.7,286.3,-0.02,-0.01,0.0,22.71,42,POSCTL,0,0
2026-08-18T17:11:55,1787047915,13.822194,100.512006,11.3,0.0,-0.5,-3.2,-73.7,286.3,0.0,-0.03,0.0,22.71,42,POSCTL,0,0
2026-08-18T17:11:56,1787047916,13.822194,100.512006,11.3,0.0,-0.5,-3.2,-73.7,286.3,0.0,-0.03,0.0,22.71,42,POSCTL,0,0
2026-08-18T17:11:57,1787047917,13.822194,100.512006,11.3,0.0,-0.5,-3.2,-73.7,286.3,0.0,-0.03,0.0,22.71,42,POSCTL,0,0
2026-08-18T17:11:58,1787047918,13.822193,100.512004,10.7,-0.0,-0.5,-3.2,-73.7,286.3,0.02,0.0,0.0,22.71,42,POSCTL,0,0
2026-08-18T17:11:59,1787047919,13.822193,100.512004,10.7,-0.0,-0.6,-3.2,-73.7,286.3,0.02,0.0,0.0,22.71,42,POSCTL,0,0
2026-08-18T17:12:00,1787047920,13.822193,100.512004,10.7,-0.0,-0.6,-3.2,-73.7,286.3,0.02,0.0,0.0,22.71,42,POSCTL,0,0
2026-08-18T17:12:01,1787047921,13.822193,100.512004,10.7,-0.0,-0.6,-3.2,-73.7,286.3,0.02,0.0,0.0,22.71,42,POSCTL,0,0
2026-08-18T17:12:03,1787047923,13.822193,100.512004,10.7,-0.0,-0.5,-3.1,-73.7,286.3,0.02,0.0,0.0,22.71,42,POSCTL,0,0
2026-08-18T17:12:04,1787047924,13.822193,100.512004,10.7,-0.0,-0.5,-3.1,-73.7,286.3,0.02,0.0,0.0,22.71,42,POSCTL,0,0
2026-08-18T17:12:05,1787047925,13.822193,100.512005,11.1,-0.0,-0.6,-3.2,-73.7,286.3,0.03,0.02,0.0,22.71,42,POSCTL,0,0
2026-08-18T17:12:06,1787047926,13.822193,100.512005,11.1,-0.0,-0.6,-3.2,-73.7,286.3,0.03,0.02,0.0,22.71,42,POSCTL,0,0
2026-08-18T17:12:07,1787047927,13.822193,100.512005,11.1,-0.0,-0.7,-3.3,-73.7,286.3,0.03,0.02,0.0,22.71,42,POSCTL,0,0
2026-08-18T17:12:08,1787047928,13.822193,100.512005,11.1,-0.0,-0.7,-3.3,-73.7,286.3,0.03,0.02,0.0,22.71,42,POSCTL,0,0
2026-08-18T17:12:09,1787047929,13.822192,100.512004,54.1,-0.0,-0.7,-3.3,-73.7,286.3,-0.05,-0.06,0.0,22.71,42,POSCTL,0,0
2026-08-18T17:12:10,1787047930,13.822192,100.512004,54.1,-0.0,-0.7,-3.3,-73.7,286.3,-0.05,-0.06,0.0,22.71,42,POSCTL,0,0
2026-08-18T17:12:11,1787047931,13.822192,100.512004,54.1,-0.0,-0.7,-3.3,-73.7,286.3,-0.05,-0.06,0.0,22.71,42,POSCTL,0,0
2026-08-18T17:12:12,1787047932,13.822188,100.512004,10.5,-0.0,-0.7,-3.3,-73.7,286.3,-0.04,-0.01,0.0,22.71,42,POSCTL,0,0
2026-08-18T17:12:13,1787047933,13.822188,100.512004,10.5,-0.0,-0.6,-3.2,-73.7,286.3,-0.04,-0.01,0.0,22.71,42,POSCTL,0,0
2026-08-18T17:12:14,1787047934,13.822188,100.512004,10.5,-0.0,-0.6,-3.2,-73.7,286.3,-0.04,-0.01,0.0,22.71,42,POSCTL,0,0
2026-08-18T17:12:15,1787047935,13.822188,100.512004,10.5,-0.0,-0.6,-3.2,-73.7,286.3,-0.04,-0.01,0.0,22.71,42,POSCTL,0,0
2026-08-18T17:12:16,1787047936,13.822188,100.512004,10.5,-0.0,-0.5,-3.2,-73.8,286.2,-0.04,-0.01,0.0,22.71,42,POSCTL,0,0
2026-08-18T17:12:17,1787047937,13.82219,100.512012,11.7,0.0,-0.5,-3.2,-73.8,286.2,0.03,0.03,0.0,22.71,42,POSCTL,0,0
2026-08-18T17:12:18,1787047938,13.82219,100.512012,11.7,0.0,-0.5,-3.2,-73.8,286.2,0.03,0.03,0.0,22.71,42,POSCTL,0,0
2026-08-18T17:12:19,1787047939,13.82219,100.512012,11.7,0.0,-0.5,-3.2,-73.8,286.2,0.03,0.03,0.0,22.71,42,POSCTL,0,0
2026-08-18T17:12:20,1787047940,13.822192,100.512017,12.2,0.0,-0.5,-3.2,-73.8,286.2,0.03,0.03,0.0,22.71,42,POSCTL,0,0
2026-08-18T17:12:21,1787047941,13.822192,100.512017,12.2,0.0,-0.5,-3.2,-73.8,286.2,0.03,0.03,0.0,22.71,42,POSCTL,0,0
2026-08-18T17:12:22,1787047942,13.822192,100.512017,12.2,0.0,-0.6,-3.2,-73.8,286.2,0.03,0.03,0.0,22.71,42,POSCTL,0,0
2026-08-18T17:12:23,1787047943,13.822192,100.512017,12.2,0.0,-0.6,-3.2,-73.8,286.2,0.03,0.03,0.0,22.71,42,POSCTL,0,0
2026-08-18T17:12:24,1787047944,13.82219,100.512019,11.7,-0.0,-0.6,-3.2,-73.8,286.2,0.01,0.02,0.0,22.71,42,POSCTL,0,0
2026-08-18T17:12:25,1787047945,13.82219,100.512019,11.7,-0.0,-0.6,-3.2,-73.8,286.2,0.01,0.02,0.0,22.71,42,POSCTL,0,0
2026-08-18T17:12:26,1787047946,13.82219,100.512019,11.7,-0.0,-0.7,-3.3,-73.8,286.2,0.01,0.02,0.0,22.71,42,POSCTL,0,0
2026-08-18T17:12:27,1787047947,13.82219,100.512016,54.1,0.0,-0.7,-3.3,-73.8,286.2,-0.03,-0.06,0.0,22.71,42,POSCTL,0,0
2026-08-18T17:12:28,1787047948,13.822188,100.512017,10.2,0.0,-0.7,-3.3,-73.8,286.2,-0.03,-0.06,0.0,22.71,42,POSCTL,0,0
2026-08-18T17:12:29,1787047949,13.822188,100.512017,10.2,0.0,-0.7,-3.3,-73.8,286.2,-0.03,-0.06,0.0,22.71,42,POSCTL,0,0
2026-08-18T17:12:30,1787047950,13.822188,100.512017,10.2,0.0,-0.7,-3.3,-73.8,286.2,-0.03,-0.06,0.0,22.71,42,POSCTL,0,0
2026-08-18T17:12:37,1787047957,13.822213,100.512072,17.2,0.0,-0.7,-3.3,-73.8,286.2,0.15,0.26,0.0,22.71,42,POSCTL,0,0
2026-08-18T17:12:38,1787047958,13.822213,100.512072,17.2,0.0,-0.9,-3.5,-73.7,286.3,0.15,0.26,0.0,22.71,42,POSCTL,0,0
2026-08-18T17:12:39,1787047959,13.822206,100.512059,54.1,-0.0,-0.9,-3.5,-73.7,286.3,-0.07,-0.09,0.0,22.71,42,POSCTL,0,0
2026-08-18T17:12:40,1787047960,13.822205,100.512062,14.0,-0.0,-0.9,-3.5,-73.7,286.3,-0.07,-0.09,0.0,22.71,42,POSCTL,0,0
2026-08-18T17:12:41,1787047961,13.822205,100.512062,14.0,-0.0,-0.8,-3.5,-73.6,286.4,-0.07,-0.09,0.0,22.71,42,POSCTL,0,0
2026-08-18T17:12:42,1787047962,13.822205,100.512062,14.0,-0.0,-0.8,-3.5,-73.6,286.4,-0.07,-0.09,0.0,22.71,42,POSCTL,0,0
2026-08-18T17:12:43,1787047963,13.822208,100.512062,14.1,0.0,-0.8,-3.5,-73.6,286.4,-0.05,-0.14,0.0,22.71,42,POSCTL,0,0
2026-08-18T17:12:44,1787047964,13.822208,100.512062,14.1,0.0,-0.7,-3.3,-73.6,286.4,-0.05,-0.14,0.0,22.71,42,POSCTL,0,0
2026-08-18T17:12:45,1787047965,13.822208,100.512062,14.1,0.0,-0.7,-3.3,-73.6,286.4,-0.05,-0.14,0.0,22.71,42,POSCTL,0,0
2026-08-18T17:12:46,1787047966,13.822208,100.512062,14.1,0.0,-0.7,-3.3,-73.6,286.4,-0.05,-0.14,0.0,22.71,42,POSCTL,0,0
2026-08-18T17:12:47,1787047967,13.822212,100.51207,16.0,0.0,-0.6,-3.2,-73.5,286.5,0.02,0.03,0.0,22.71,42,POSCTL,0,0
2026-08-18T17:12:48,1787047968,13.822212,100.51207,16.0,0.0,-0.6,-3.2,-73.5,286.5,0.02,0.03,0.0,22.71,42,POSCTL,0,0
2026-08-18T17:12:49,1787047969,13.822212,100.51207,16.0,0.0,-0.6,-3.2,-73.5,286.5,0.02,0.03,0.0,22.71,42,POSCTL,0,0
2026-08-18T17:12:50,1787047970,13.822212,100.51207,16.0,0.0,-0.6,-3.2,-73.5,286.5,0.02,0.03,0.0,22.71,42,POSCTL,0,0
2026-08-18T17:12:51,1787047971,13.822212,100.51207,16.0,0.0,-0.6,-3.2,-73.5,286.5,0.02,0.03,0.0,22.71,42,POSCTL,0,0
2026-08-18T17:12:52,1787047972,13.822212,100.51207,16.0,0.0,-0.6,-3.2,-73.5,286.5,0.02,0.03,0.0,22.71,42,POSCTL,0,0
2026-08-18T17:12:53,1787047973,13.822212,100.51207,16.0,0.0,-0.6,-3.2,-73.5,286.5,0.02,0.03,0.0,22.71,42,POSCTL,0,0
2026-08-18T17:12:54,1787047974,13.822212,100.51207,16.0,0.0,-0.6,-3.2,-73.5,286.5,0.02,0.03,0.0,22.71,42,POSCTL,0,0
2026-08-18T17:12:55,1787047975,13.822213,100.512079,18.3,0.0,-0.6,-3.2,-73.5,286.5,0.0,0.04,0.0,22.71,42,POSCTL,0,0
2026-08-18T17:12:56,1787047976,13.822213,100.512079,18.3,0.0,-0.6,-3.2,-73.5,286.5,0.0,0.04,0.0,22.71,42,POSCTL,0,0
2026-08-18T17:12:57,1787047977,13.822213,100.512079,18.3,0.0,-0.6,-3.2,-73.5,286.5,0.0,0.04,0.0,22.71,42,POSCTL,0,0
2026-08-18T17:12:58,1787047978,13.822218,100.512084,20.6,0.0,-0.6,-3.2,-73.5,286.5,0.03,0.06,0.0,22.71,42,POSCTL,0,0
2026-08-18T17:12:59,1787047979,13.822218,100.512084,20.6,0.0,-0.6,-3.2,-73.5,286.5,0.03,0.06,0.0,22.71,42,POSCTL,0,0
2026-08-18T17:13:00,1787047980,13.822218,100.512084,20.6,0.0,-0.6,-3.3,-73.5,286.5,0.03,0.06,0.0,22.71,42,POSCTL,0,0
2026-08-18T17:13:01,1787047981,13.822218,100.512084,20.6,0.0,-0.6,-3.3,-73.5,286.5,0.03,0.06,0.0,22.71,42,POSCTL,0,0
2026-08-18T17:13:02,1787047982,13.822218,100.512084,20.6,0.0,-0.6,-3.3,-73.5,286.5,0.03,0.06,0.0,22.71,42,POSCTL,0,0
2026-08-18T17:13:03,1787047983,13.822218,100.512084,20.6,0.0,-0.7,-3.3,-73.5,286.5,0.03,0.06,0.0,22.71,42,POSCTL,0,0
2026-08-18T17:13:04,1787047984,13.822218,100.512084,20.6,0.0,-0.7,-3.3,-73.5,286.5,0.03,0.06,0.0,22.71,42,POSCTL,0,0
2026-08-18T17:13:05,1787047985,13.822218,100.512084,20.6,0.0,-0.7,-3.3,-73.5,286.5,0.03,0.06,0.0,22.71,42,POSCTL,0,0
2026-08-18T17:13:06,1787047986,13.822226,100.512093,26.1,0.0,-0.7,-3.3,-73.5,286.5,0.02,0.0,0.0,22.71,42,POSCTL,0,0
2026-08-18T17:13:07,1787047987,13.822226,100.512093,26.1,0.0,-0.7,-3.2,-73.6,286.4,0.02,0.0,0.0,22.71,42,POSCTL,0,0
2026-08-18T17:13:08,1787047988,13.822226,100.512093,26.1,0.0,-0.7,-3.2,-73.6,286.4,0.02,0.0,0.0,22.71,42,POSCTL,0,0
2026-08-18T17:13:09,1787047989,13.822226,100.512093,26.1,0.0,-0.7,-3.2,-73.6,286.4,0.02,0.0,0.0,22.71,42,POSCTL,0,0
2026-08-18T17:13:10,1787047990,13.822226,100.512093,26.1,0.0,-0.7,-3.2,-73.6,286.4,0.02,0.0,0.0,22.71,42,POSCTL,0,0
2026-08-18T17:13:11,1787047991,13.822226,100.512093,26.1,0.0,-0.7,-3.2,-73.6,286.4,0.02,0.0,0.0,22.71,42,POSCTL,0,0
2026-08-18T17:13:12,1787047992,13.822226,100.512093,26.1,0.0,-0.7,-3.2,-73.6,286.4,0.02,0.0,0.0,22.71,42,POSCTL,0,0
2026-08-18T17:13:13,1787047993,13.822218,100.512095,26.0,0.0,-0.7,-3.2,-73.6,286.4,-0.05,0.0,0.0,22.71,42,POSCTL,0,0
2026-08-18T17:13:14,1787047994,13.822218,100.512095,26.0,0.0,-0.6,-3.3,-73.6,286.4,-0.05,0.0,0.0,22.71,42,POSCTL,0,0
2026-08-18T17:13:15,1787047995,13.822218,100.512095,26.0,0.0,-0.6,-3.3,-73.6,286.4,-0.05,0.0,0.0,22.71,42,POSCTL,0,0
2026-08-18T17:13:16,1787047996,13.822218,100.512095,26.0,0.0,-0.6,-3.3,-73.6,286.4,-0.05,0.0,0.0,22.7,42,POSCTL,0,0
2026-08-18T17:13:17,1787047997,13.822216,100.512096,26.1,0.0,-0.6,-3.3,-73.6,286.4,-0.02,-0.02,0.0,22.7,42,POSCTL,0,0
2026-08-18T17:13:18,1787047998,13.822216,100.512096,26.1,0.0,-0.6,-3.3,-73.6,286.4,-0.02,-0.02,0.0,22.7,42,POSCTL,0,0
2026-08-18T17:13:19,1787047999,13.822216,100.512096,26.1,0.0,-0.6,-3.3,-73.6,286.4,-0.02,-0.02,0.0,22.7,42,POSCTL,0,0
2026-08-18T17:13:20,1787048000,13.822216,100.512096,26.1,0.0,-0.6,-3.3,-73.6,286.4,-0.02,-0.02,0.0,22.7,42,POSCTL,0,0
2026-08-18T17:13:21,1787048001,13.822216,100.512096,26.1,0.0,-0.6,-3.2,-73.5,286.5,-0.02,-0.02,0.0,22.7,42,POSCTL,0,0
2026-08-18T17:13:22,1787048002,13.822216,100.512096,26.1,0.0,-0.6,-3.2,-73.5,286.5,-0.02,-0.02,0.0,22.7,42,POSCTL,0,0
2026-08-18T17:13:23,1787048003,13.822216,100.512096,54.1,-0.0,-0.6,-3.2,-73.5,286.5,0.0,0.01,0.0,22.7,42,POSCTL,0,0
2026-08-18T17:13:24,1787048004,13.822216,100.512095,26.0,-0.0,-0.6,-3.2,-73.5,286.5,0.0,0.01,0.0,22.7,42,POSCTL,0,0
2026-08-18T17:13:25,1787048005,13.822216,100.512095,26.0,-0.0,-0.6,-3.2,-73.5,286.5,0.0,0.01,0.0,22.7,42,POSCTL,0,0
2026-08-18T17:13:26,1787048006,13.822216,100.512095,26.0,-0.0,-0.6,-3.2,-73.5,286.5,0.0,0.01,0.0,22.7,42,POSCTL,0,0
2026-08-18T17:13:27,1787048007,13.822218,100.512093,25.7,0.0,-0.6,-3.2,-73.5,286.5,0.02,-0.01,0.0,22.7,42,POSCTL,0,0
2026-08-18T17:13:28,1787048008,13.822218,100.512093,25.7,0.0,-0.6,-3.2,-73.5,286.5,0.02,-0.01,0.0,22.7,42,POSCTL,0,0
2026-08-18T17:13:29,1787048009,13.822218,100.512093,25.7,0.0,-0.6,-3.2,-73.5,286.5,0.02,-0.01,0.0,22.7,42,POSCTL,0,0
2026-08-18T17:13:31,1787048011,13.822218,100.512093,25.7,0.0,-0.6,-3.1,-73.6,286.4,0.02,-0.01,0.0,22.7,42,POSCTL,0,0
2026-08-18T17:13:32,1787048012,13.822221,100.512095,25.8,0.0,-0.6,-3.1,-73.6,286.4,0.03,0.03,0.0,22.7,42,POSCTL,0,0
2026-08-18T17:13:33,1787048013,13.822221,100.512095,25.8,0.0,-0.6,-3.1,-73.6,286.4,0.03,0.03,0.0,22.7,42,POSCTL,0,0
2026-08-18T17:13:34,1787048014,13.822221,100.512095,25.8,0.0,-0.6,-3.2,-73.5,286.5,0.03,0.03,0.0,22.7,42,POSCTL,0,0
2026-08-18T17:13:35,1787048015,13.822224,100.512097,25.9,0.0,-0.6,-3.2,-73.5,286.5,0.01,0.03,0.0,22.7,42,POSCTL,0,0
2026-08-18T17:13:36,1787048016,13.822224,100.512097,25.9,0.0,-0.6,-3.2,-73.5,286.5,0.01,0.03,0.0,22.7,42,POSCTL,0,0
2026-08-18T17:13:37,1787048017,13.822224,100.512097,25.9,0.0,-0.6,-3.2,-73.5,286.5,0.01,0.03,0.0,22.7,42,POSCTL,0,0
2026-08-18T17:13:38,1787048018,13.822224,100.512097,25.9,0.0,-0.6,-3.2,-73.5,286.5,0.01,0.03,0.0,22.7,42,POSCTL,0,0
2026-08-18T17:13:39,1787048019,13.822229,100.512098,25.8,0.0,-0.6,-3.2,-73.5,286.5,0.0,-0.03,0.0,22.7,42,POSCTL,0,0
2026-08-18T17:13:40,1787048020,13.822229,100.512098,25.8,0.0,-0.6,-3.2,-73.5,286.5,0.0,-0.03,0.0,22.7,42,POSCTL,0,0
2026-08-18T17:13:41,1787048021,13.822229,100.512098,25.8,0.0,-0.6,-3.2,-73.5,286.5,0.0,-0.03,0.0,22.7,42,POSCTL,0,0
2026-08-18T17:13:42,1787048022,13.822229,100.512098,54.1,0.0,-0.6,-3.2,-73.5,286.5,0.06,0.02,0.0,22.7,42,POSCTL,0,0
2026-08-18T17:13:43,1787048023,13.822233,100.512102,26.0,0.0,-0.6,-3.2,-73.5,286.5,0.06,0.02,0.0,22.7,42,POSCTL,0,0
2026-08-18T17:13:44,1787048024,13.822233,100.512102,26.0,0.0,-0.7,-3.2,-73.5,286.5,0.06,0.02,0.0,22.7,42,POSCTL,0,0
2026-08-18T17:13:45,1787048025,13.822233,100.512102,26.0,0.0,-0.7,-3.2,-73.5,286.5,0.06,0.02,0.0,22.7,42,POSCTL,0,0
2026-08-18T17:13:46,1787048026,13.822233,100.512102,26.0,0.0,-0.7,-3.2,-73.5,286.5,0.06,0.02,0.0,22.7,42,POSCTL,0,0
2026-08-18T17:13:47,1787048027,13.822233,100.512102,26.0,0.0,-0.7,-3.2,-73.5,286.5,0.06,0.02,0.0,22.7,42,POSCTL,0,0
2026-08-18T17:13:48,1787048028,13.822233,100.512102,26.0,0.0,-0.7,-3.2,-73.5,286.5,0.06,0.02,0.0,22.7,42,POSCTL,0,0
2026-08-18T17:13:49,1787048029,13.822233,100.512102,26.0,0.0,-0.7,-3.2,-73.5,286.5,0.06,0.02,0.0,22.7,42,POSCTL,0,0
2026-08-18T17:13:50,1787048030,13.822233,100.512102,26.0,0.0,-0.7,-3.2,-73.5,286.5,0.06,0.02,0.0,22.7,42,POSCTL,0,0
2026-08-18T17:13:51,1787048031,13.822233,100.512102,26.0,0.0,-0.7,-3.2,-73.5,286.5,0.06,0.02,0.0,22.7,42,POSCTL,0,0
2026-08-18T17:13:52,1787048032,13.822233,100.512102,26.0,0.0,-0.7,-3.2,-73.5,286.5,0.06,0.02,0.0,22.7,42,POSCTL,0,0
2026-08-18T17:13:53,1787048033,13.822233,100.512102,26.0,0.0,-0.7,-3.2,-73.5,286.5,0.06,0.02,0.0,22.7,42,POSCTL,0,0
2026-08-18T17:13:54,1787048034,13.822233,100.512102,26.0,0.0,-0.7,-3.2,-73.5,286.5,0.06,0.02,0.0,22.7,42,POSCTL,0,0
2026-08-18T17:13:55,1787048035,13.822229,100.512084,21.6,0.0,-0.7,-3.2,-73.5,286.5,-0.03,-0.08,0.0,22.7,42,POSCTL,0,0
2026-08-18T17:13:56,1787048036,13.822229,100.512084,21.6,0.0,-0.6,-3.1,-73.5,286.5,-0.03,-0.08,0.0,22.7,42,POSCTL,0,0
2026-08-18T17:13:57,1787048037,13.822229,100.512084,21.6,0.0,-0.6,-3.1,-73.5,286.5,-0.03,-0.08,0.0,22.7,42,POSCTL,0,0
2026-08-18T17:13:58,1787048038,13.822229,100.512084,21.6,0.0,-0.6,-3.1,-73.5,286.5,-0.03,-0.08,0.0,22.7,42,POSCTL,0,0
2026-08-18T17:13:59,1787048039,13.822229,100.512084,21.6,0.0,-0.6,-3.1,-73.5,286.5,-0.03,-0.08,0.0,22.7,42,POSCTL,0,0
2026-08-18T17:14:00,1787048040,13.822229,100.512084,21.6,0.0,-0.6,-3.1,-73.5,286.5,-0.03,-0.08,0.0,22.7,42,POSCTL,0,0
2026-08-18T17:14:01,1787048041,13.822229,100.512084,21.6,0.0,-0.6,-3.1,-73.5,286.5,-0.03,-0.08,0.0,22.7,42,POSCTL,0,0
2026-08-18T17:14:02,1787048042,13.822229,100.512084,21.6,0.0,-0.6,-3.1,-73.5,286.5,-0.03,-0.08,0.0,22.7,42,POSCTL,0,0
2026-08-18T17:14:03,1787048043,13.822229,100.512073,23.7,0.0,-0.6,-3.1,-73.5,286.5,0.02,0.03,0.0,22.7,42,POSCTL,0,0
2026-08-18T17:14:04,1787048044,13.822229,100.512073,23.7,0.0,-0.6,-3.1,-73.5,286.5,0.02,0.03,0.0,22.7,42,POSCTL,0,0
2026-08-18T17:14:05,1787048045,13.822229,100.512073,23.7,0.0,-0.6,-3.1,-73.5,286.5,0.02,0.03,0.0,22.7,42,POSCTL,0,0
2026-08-18T17:14:06,1787048046,13.822229,100.512073,23.7,0.0,-0.6,-3.1,-73.3,286.7,0.02,0.03,0.0,22.7,42,POSCTL,0,0
2026-08-18T17:14:07,1787048047,13.822223,100.512065,23.2,-0.0,-0.6,-3.1,-73.3,286.7,-0.03,-0.03,0.0,22.7,42,POSCTL,0,0
2026-08-18T17:14:08,1787048048,13.822223,100.512065,23.2,-0.0,-0.6,-3.1,-73.3,286.7,-0.03,-0.03,0.0,22.7,42,POSCTL,0,0
2026-08-18T17:14:09,1787048049,13.822223,100.512065,23.2,-0.0,-0.6,-3.1,-73.3,286.7,-0.03,-0.03,0.0,22.7,42,POSCTL,0,0
2026-08-18T17:14:10,1787048050,13.822223,100.512065,23.2,-0.0,-0.6,-3.1,-73.3,286.7,-0.03,-0.03,0.0,22.7,42,POSCTL,0,0
2026-08-18T17:14:11,1787048051,13.822223,100.512065,23.2,-0.0,-0.6,-3.1,-73.3,286.7,-0.03,-0.03,0.0,22.7,42,POSCTL,0,0
2026-08-18T17:14:12,1787048052,13.822223,100.512065,23.2,-0.0,-0.6,-3.1,-73.3,286.7,-0.03,-0.03,0.0,22.7,42,POSCTL,0,0
2026-08-18T17:14:13,1787048053,13.822223,100.512065,23.2,-0.0,-0.6,-3.1,-73.3,286.7,-0.03,-0.03,0.0,22.7,42,POSCTL,0,0
2026-08-18T17:14:14,1787048054,13.822218,100.512063,23.5,0.0,-0.6,-3.1,-73.3,286.7,0.0,0.0,0.0,22.7,42,POSCTL,0,0
2026-08-18T17:14:15,1787048055,13.822218,100.512063,23.5,0.0,-0.6,-3.1,-73.3,286.7,0.0,0.0,0.0,22.7,42,POSCTL,0,0
2026-08-18T17:14:16,1787048056,13.822218,100.512063,23.5,0.0,-0.5,-3.1,-73.2,286.8,0.0,0.0,0.0,22.7,42,POSCTL,0,0
2026-08-18T17:14:17,1787048057,13.822218,100.512063,23.5,0.0,-0.5,-3.1,-73.2,286.8,0.0,0.0,0.0,22.7,42,POSCTL,0,0
2026-08-18T17:14:18,1787048058,13.822217,100.512062,23.7,0.0,-0.5,-3.1,-73.2,286.8,0.0,0.02,0.0,22.7,42,POSCTL,0,0
2026-08-18T17:14:19,1787048059,13.822217,100.512062,23.7,0.0,-0.5,-3.1,-73.2,286.8,0.0,0.02,0.0,22.7,42,POSCTL,0,0
2026-08-18T17:14:20,1787048060,13.822217,100.512062,23.7,0.0,-0.5,-3.1,-73.2,286.8,0.0,0.02,0.0,22.7,42,POSCTL,0,0
2026-08-18T17:14:23,1787048063,13.822218,100.512057,22.5,0.0,-0.6,-3.2,-73.3,286.7,0.0,0.02,0.0,22.7,42,POSCTL,0,0
2026-08-18T17:14:24,1787048064,13.822218,100.512057,22.5,0.0,-0.6,-3.2,-73.3,286.7,0.0,0.02,0.0,22.7,42,POSCTL,0,0
2026-08-18T17:14:25,1787048065,13.822216,100.512047,20.2,0.0,-0.6,-3.2,-73.3,286.7,-0.01,-0.05,0.0,22.7,42,POSCTL,0,0
2026-08-18T17:14:26,1787048066,13.822216,100.512047,20.2,0.0,-0.6,-3.2,-73.3,286.7,-0.01,-0.05,0.0,22.7,42,POSCTL,0,0
2026-08-18T17:14:27,1787048067,13.822216,100.512047,20.2,0.0,-0.6,-3.1,-73.3,286.7,-0.01,-0.05,0.0,22.7,42,POSCTL,0,0
2026-08-18T17:14:28,1787048068,13.822216,100.512047,20.2,0.0,-0.6,-3.1,-73.3,286.7,-0.01,-0.05,0.0,22.7,42,POSCTL,0,0
2026-08-18T17:14:29,1787048069,13.822216,100.512047,20.2,0.0,-0.6,-3.1,-73.3,286.7,-0.01,-0.05,0.0,22.7,42,POSCTL,0,0
2026-08-18T17:14:34,1787048074,13.822214,100.512041,17.9,0.0,-0.5,-3.0,-73.3,286.7,-0.01,-0.05,0.0,22.7,42,POSCTL,0,0
2026-08-18T17:14:35,1787048075,13.822214,100.512041,17.9,0.0,-0.5,-3.1,-73.3,286.7,-0.01,-0.05,0.0,22.7,42,POSCTL,0,0
2026-08-18T17:14:36,1787048076,13.822214,100.512041,17.9,0.0,-0.5,-3.1,-73.3,286.7,-0.01,-0.05,0.0,22.7,42,POSCTL,0,0
2026-08-18T17:14:37,1787048077,13.822216,100.512047,18.7,0.0,-0.6,-3.1,-73.3,286.7,0.04,0.07,0.0,22.7,42,POSCTL,0,0
2026-08-18T17:14:38,1787048078,13.822216,100.512047,18.7,0.0,-0.6,-3.1,-73.3,286.7,0.04,0.07,0.0,22.7,42,POSCTL,0,0
2026-08-18T17:14:39,1787048079,13.822216,100.512047,18.7,0.0,-0.6,-3.1,-73.3,286.7,0.04,0.07,0.0,22.7,42,POSCTL,0,0
2026-08-18T17:14:40,1787048080,13.822216,100.512047,18.7,0.0,-0.6,-3.2,-73.3,286.7,0.04,0.07,0.0,22.7,42,POSCTL,0,0
2026-08-18T17:14:41,1787048081,13.822216,100.512047,18.7,0.0,-0.7,-3.2,-73.3,286.7,0.04,0.07,0.0,22.7,42,POSCTL,0,0
2026-08-18T17:14:42,1787048082,13.822216,100.512047,18.7,0.0,-0.7,-3.2,-73.3,286.7,0.04,0.07,0.0,22.7,42,POSCTL,0,0
2026-08-18T17:14:43,1787048083,13.822216,100.512047,18.7,0.0,-0.7,-3.3,-73.2,286.8,0.04,0.07,0.0,22.7,42,POSCTL,0,0
2026-08-18T17:14:44,1787048084,13.822216,100.512052,54.1,0.0,-0.7,-3.3,-73.2,286.8,0.01,0.01,0.0,22.7,42,POSCTL,0,0
2026-08-18T17:14:45,1787048085,13.822216,100.512052,54.1,0.0,-0.7,-3.3,-73.2,286.8,0.01,0.01,0.0,22.7,42,POSCTL,0,0
2026-08-18T17:14:46,1787048086,13.822216,100.512052,54.1,0.0,-0.6,-3.3,-73.2,286.8,0.01,0.01,0.0,22.7,42,POSCTL,0,0
2026-08-18T17:14:47,1787048087,13.822216,100.512052,54.1,0.0,-0.6,-3.3,-73.2,286.8,0.01,0.01,0.0,22.7,42,POSCTL,0,0
2026-08-18T17:14:48,1787048088,13.822216,100.512052,54.1,0.0,-0.6,-3.3,-73.2,286.8,0.01,0.01,0.0,22.7,42,POSCTL,0,0
2026-08-18T17:14:49,1787048089,13.822222,100.512063,21.5,-0.0,-0.6,-3.3,-73.2,286.8,0.05,0.05,0.0,22.7,42,POSCTL,0,0
2026-08-18T17:14:50,1787048090,13.822222,100.512063,21.5,-0.0,-0.7,-3.3,-73.2,286.8,0.05,0.05,0.0,22.7,42,POSCTL,0,0
2026-08-18T17:14:51,1787048091,13.822222,100.512063,21.5,-0.0,-0.7,-3.3,-73.2,286.8,0.05,0.05,0.0,22.7,42,POSCTL,0,0
2026-08-18T17:14:52,1787048092,13.822222,100.512063,21.5,-0.0,-0.7,-3.3,-73.2,286.8,0.05,0.05,0.0,22.7,42,POSCTL,0,0
2026-08-18T17:14:53,1787048093,13.822222,100.512063,21.5,-0.0,-0.7,-3.3,-73.2,286.8,0.05,0.05,0.0,22.7,42,POSCTL,0,0
2026-08-18T17:14:54,1787048094,13.822222,100.512063,21.5,-0.0,-0.7,-3.3,-73.2,286.8,0.05,0.05,0.0,22.7,42,POSCTL,0,0
2026-08-18T17:14:55,1787048095,13.822222,100.512063,21.5,-0.0,-0.7,-3.3,-73.2,286.8,0.05,0.05,0.0,22.7,42,POSCTL,0,0
2026-08-18T17:14:56,1787048096,13.822222,100.512063,21.5,-0.0,-0.7,-3.3,-73.2,286.8,0.05,0.05,0.0,22.7,42,POSCTL,0,0
2026-08-18T17:14:57,1787048097,13.822224,100.512072,22.3,0.0,-0.7,-3.3,-73.2,286.8,0.0,0.0,0.0,22.7,42,POSCTL,0,0
2026-08-18T17:14:58,1787048098,13.822224,100.512072,22.3,0.0,-0.7,-3.3,-73.2,286.8,0.0,0.0,0.0,22.7,42,POSCTL,0,0
2026-08-18T17:14:59,1787048099,13.822224,100.512072,22.3,0.0,-0.6,-3.3,-73.2,286.8,0.0,0.0,0.0,22.7,42,POSCTL,0,0
2026-08-18T17:15:00,1787048100,13.822227,100.512074,22.5,0.0,-0.6,-3.3,-73.2,286.8,0.0,0.0,0.0,22.7,42,POSCTL,0,0
2026-08-18T17:15:01,1787048101,13.822227,100.512074,22.5,0.0,-0.6,-3.3,-73.2,286.8,0.0,0.0,0.0,22.7,42,POSCTL,0,0
2026-08-18T17:15:02,1787048102,13.822227,100.512074,22.5,0.0,-0.6,-3.3,-73.2,286.8,0.0,0.0,0.0,22.7,42,POSCTL,0,0
2026-08-18T17:15:03,1787048103,13.822227,100.512074,22.5,0.0,-0.6,-3.3,-73.2,286.8,0.0,0.0,0.0,22.7,42,POSCTL,0,0
2026-08-18T17:15:04,1787048104,13.822228,100.512074,54.1,-0.0,-0.6,-3.3,-73.2,286.8,0.0,0.0,0.0,22.7,42,POSCTL,0,0
2026-08-18T17:15:05,1787048105,13.822228,100.512074,54.1,-0.0,-0.6,-3.3,-73.2,286.8,0.0,0.0,0.0,22.7,42,POSCTL,0,0
2026-08-18T17:15:06,1787048106,13.822228,100.512074,54.1,-0.0,-0.7,-3.2,-73.1,286.9,0.0,0.0,0.0,22.7,42,POSCTL,0,0
2026-08-18T17:15:07,1787048107,13.822229,100.512076,54.1,-0.01,-0.7,-3.2,-73.1,286.9,-0.02,0.0,0.0,22.7,42,POSCTL,0,0
2026-08-18T17:15:08,1787048108,13.82223,100.512079,22.2,-0.01,-0.7,-3.2,-73.1,286.9,-0.02,0.0,0.0,22.7,42,POSCTL,0,0
2026-08-18T17:15:09,1787048109,13.82223,100.512079,22.2,-0.01,-0.7,-3.2,-73.1,286.9,-0.02,0.0,0.0,22.7,42,POSCTL,0,0
2026-08-18T17:15:10,1787048110,13.82223,100.512079,22.2,-0.01,-0.7,-3.2,-73.1,286.9,-0.02,0.0,0.0,22.7,42,POSCTL,0,0
2026-08-18T17:15:11,1787048111,13.82223,100.512079,22.2,-0.01,-0.6,-3.2,-73.1,286.9,-0.02,0.0,0.0,22.7,42,POSCTL,0,0
2026-08-18T17:15:12,1787048112,13.82223,100.512079,22.2,-0.01,-0.6,-3.2,-73.1,286.9,-0.02,0.0,0.0,22.7,42,POSCTL,0,0
2026-08-18T17:15:13,1787048113,13.82223,100.512079,22.2,-0.01,-0.6,-3.2,-73.1,286.9,-0.02,0.0,0.0,22.7,42,POSCTL,0,0
2026-08-18T17:15:14,1787048114,13.82223,100.512079,22.2,-0.01,-0.6,-3.2,-73.2,286.8,-0.02,0.0,0.0,22.7,42,POSCTL,0,0
2026-08-18T17:15:15,1787048115,13.82223,100.512079,22.2,-0.01,-0.6,-3.2,-73.2,286.8,-0.02,0.0,0.0,22.7,42,POSCTL,0,0
2026-08-18T17:15:16,1787048116,13.822229,100.512083,23.3,0.0,-0.6,-3.2,-73.2,286.8,-0.03,0.0,0.0,22.7,42,POSCTL,0,0
2026-08-18T17:15:17,1787048117,13.822229,100.512083,23.3,0.0,-0.7,-3.2,-73.2,286.8,-0.03,0.0,0.0,22.7,42,POSCTL,0,0
2026-08-18T17:15:18,1787048118,13.822229,100.512083,23.3,0.0,-0.7,-3.2,-73.2,286.8,-0.03,0.0,0.0,22.7,42,POSCTL,0,0
2026-08-18T17:15:19,1787048119,13.822228,100.512083,54.1,0.0,-0.7,-3.2,-73.2,286.8,-0.06,0.0,0.0,22.7,42,POSCTL,0,0
2026-08-18T17:15:20,1787048120,13.822227,100.512085,23.5,0.0,-0.7,-3.2,-73.2,286.8,-0.06,0.0,0.0,22.7,42,POSCTL,0,0
2026-08-18T17:15:21,1787048121,13.822227,100.512085,23.5,0.0,-0.7,-3.2,-73.2,286.8,-0.06,0.0,0.0,22.7,42,POSCTL,0,0
2026-08-18T17:15:22,1787048122,13.822227,100.512085,23.5,0.0,-0.7,-3.2,-73.2,286.8,-0.06,0.0,0.0,22.7,42,POSCTL,0,0
2026-08-18T17:15:23,1787048124,13.822227,100.512084,54.1,0.0,-0.7,-3.2,-73.2,286.8,0.0,-0.01,0.0,22.7,42,POSCTL,0,0
2026-08-18T17:15:24,1787048125,13.822227,100.512084,54.1,0.0,-0.7,-3.2,-73.2,286.8,0.0,-0.01,0.0,22.7,42,POSCTL,0,0
2026-08-18T17:15:25,1787048126,13.822227,100.512084,54.1,0.0,-0.6,-3.3,-73.2,286.8,0.0,-0.01,0.0,22.7,42,POSCTL,0,0
2026-08-18T17:15:26,1787048127,13.822227,100.512084,54.1,0.0,-0.6,-3.3,-73.2,286.8,0.0,-0.01,0.0,22.7,42,POSCTL,0,0
2026-08-18T17:15:27,1787048128,13.822227,100.512084,54.1,0.0,-0.6,-3.2,-73.2,286.8,0.0,-0.01,0.0,22.7,42,POSCTL,0,0
2026-08-18T17:15:28,1787048129,13.822223,100.512083,22.0,0.0,-0.6,-3.2,-73.2,286.8,0.0,-0.01,0.0,22.7,42,POSCTL,0,0
2026-08-18T17:15:29,1787048130,13.822225,100.512084,54.1,0.0,-0.6,-3.2,-73.2,286.8,-0.03,-0.02,0.0,22.7,42,POSCTL,0,0
2026-08-18T17:15:30,1787048131,13.822225,100.512084,54.1,0.0,-0.6,-3.2,-73.2,286.8,-0.03,-0.02,0.0,22.7,42,POSCTL,0,0
2026-08-18T17:15:31,1787048132,13.822225,100.512084,54.1,0.0,-0.6,-3.2,-73.2,286.8,-0.03,-0.02,0.0,22.7,42,POSCTL,0,0
2026-08-18T17:15:33,1787048134,13.822222,100.512082,54.1,0.0,-0.6,-3.2,-73.2,286.8,-0.02,-0.04,0.0,22.7,42,POSCTL,0,0
2026-08-18T17:15:34,1787048135,13.822222,100.512082,54.1,0.0,-0.6,-3.2,-73.2,286.8,-0.02,-0.04,0.0,22.7,42,POSCTL,0,0
2026-08-18T17:15:35,1787048136,13.822222,100.512082,54.1,0.0,-0.6,-3.2,-73.2,286.8,-0.02,-0.04,0.0,22.7,42,POSCTL,0,0
2026-08-18T17:15:36,1787048137,13.822222,100.512082,54.1,0.0,-0.5,-3.2,-73.1,286.9,-0.02,-0.04,0.0,22.7,42,POSCTL,0,0
2026-08-18T17:15:37,1787048138,13.822221,100.512081,20.8,0.0,-0.5,-3.2,-73.1,286.9,0.04,0.01,0.0,22.7,42,POSCTL,0,0
2026-08-18T17:15:38,1787048139,13.822221,100.512081,20.8,0.0,-0.5,-3.2,-73.1,286.9,0.04,0.01,0.0,22.7,42,POSCTL,0,0
2026-08-18T17:15:39,1787048140,13.822221,100.512081,20.8,0.0,-0.6,-3.2,-73.1,286.9,0.04,0.01,0.0,22.7,42,POSCTL,0,0
2026-08-18T17:15:40,1787048141,13.822221,100.512081,20.8,0.0,-0.6,-3.2,-73.1,286.9,0.04,0.01,0.0,22.7,42,POSCTL,0,0
2026-08-18T17:15:41,1787048142,13.822221,100.512081,20.8,0.0,-0.6,-3.2,-73.1,286.9,0.04,0.01,0.0,22.7,42,POSCTL,0,0
2026-08-18T17:15:42,1787048143,13.822221,100.512081,20.8,0.0,-0.6,-3.2,-73.1,286.9,0.04,0.01,0.0,22.7,42,POSCTL,0,0
2026-08-18T17:15:43,1787048144,13.822216,100.512081,54.1,0.0,-0.6,-3.2,-73.1,286.9,-0.06,0.0,0.0,22.7,42,POSCTL,0,0
2026-08-18T17:15:44,1787048145,13.822216,100.512081,54.1,0.0,-0.6,-3.2,-73.1,286.9,-0.06,0.0,0.0,22.7,42,POSCTL,0,0
2026-08-18T17:15:45,1787048146,13.822216,100.512081,54.1,0.0,-0.6,-3.2,-73.1,286.9,-0.06,0.0,0.0,22.7,42,POSCTL,0,0
2026-08-18T17:15:46,1787048147,13.822209,100.512081,19.5,0.0,-0.6,-3.2,-73.1,286.9,-0.06,0.0,0.0,22.7,42,POSCTL,0,0
2026-08-18T17:15:47,1787048148,13.822211,100.512081,54.1,0.0,-0.5,-3.2,-73.0,287.0,-0.01,0.01,0.0,22.7,42,POSCTL,0,0
2026-08-18T17:15:48,1787048149,13.822208,100.512081,19.7,0.0,-0.5,-3.2,-73.0,287.0,-0.01,0.01,0.0,22.7,42,POSCTL,0,0
2026-08-18T17:15:49,1787048150,13.822208,100.512081,19.7,0.0,-0.5,-3.2,-73.0,287.0,-0.01,0.01,0.0,22.7,42,POSCTL,0,0
2026-08-18T17:15:50,1787048151,13.822208,100.512081,19.7,0.0,-0.5,-3.2,-73.0,287.0,-0.01,0.01,0.0,22.7,42,POSCTL,0,0
2026-08-18T17:15:51,1787048152,13.822208,100.512081,19.7,0.0,-0.5,-3.2,-73.0,287.0,-0.01,0.01,0.0,22.7,42,POSCTL,0,0
2026-08-18T17:15:52,1787048153,13.822208,100.512081,19.7,0.0,-0.5,-3.2,-73.0,287.0,-0.01,0.01,0.0,22.7,42,POSCTL,0,0
2026-08-18T17:15:53,1787048154,13.822208,100.512081,19.7,0.0,-0.6,-3.2,-73.0,287.0,-0.01,0.01,0.0,22.7,42,POSCTL,0,0
2026-08-18T17:15:54,1787048155,13.822208,100.512081,19.7,0.0,-0.6,-3.2,-73.0,287.0,-0.01,0.01,0.0,22.7,42,POSCTL,0,0
2026-08-18T17:15:55,1787048156,13.822208,100.512081,19.7,0.0,-0.6,-3.2,-73.0,287.0,-0.01,0.01,0.0,22.7,42,POSCTL,0,0
2026-08-18T17:15:56,1787048157,13.822208,100.512081,19.7,0.0,-0.6,-3.2,-73.0,287.0,-0.01,0.01,0.0,22.7,42,POSCTL,0,0
2026-08-18T17:15:57,1787048158,13.822205,100.512081,20.3,0.0,-0.6,-3.2,-73.0,287.0,-0.01,0.01,0.0,22.7,42,POSCTL,0,0
2026-08-18T17:15:58,1787048159,13.822205,100.512081,20.3,0.0,-0.6,-3.2,-73.0,287.0,-0.01,0.01,0.0,22.7,42,POSCTL,0,0
2026-08-18T17:15:59,1787048160,13.822206,100.512081,54.1,-0.0,-0.6,-3.2,-73.0,287.0,0.0,0.0,0.0,22.7,42,POSCTL,0,0
2026-08-18T17:16:00,1787048161,13.822206,100.512081,54.1,-0.0,-0.6,-3.2,-73.0,287.0,0.0,0.0,0.0,22.7,42,POSCTL,0,0
2026-08-18T17:16:01,1787048162,13.822206,100.512081,54.1,-0.0,-0.5,-3.2,-73.0,287.0,0.0,0.0,0.0,22.7,42,POSCTL,0,0
2026-08-18T17:16:02,1787048163,13.822206,100.512081,54.1,-0.0,-0.5,-3.2,-73.0,287.0,0.0,0.0,0.0,22.7,42,POSCTL,0,0
2026-08-18T17:16:03,1787048164,13.822206,100.512081,54.1,-0.0,-0.6,-3.2,-73.0,287.0,0.0,0.0,0.0,22.7,42,POSCTL,0,0
2026-08-18T17:16:04,1787048165,13.822206,100.512081,54.1,-0.0,-0.6,-3.2,-73.0,287.0,0.0,0.0,0.0,22.7,42,POSCTL,0,0
2026-08-18T17:16:05,1787048166,13.822202,100.512083,20.6,-0.0,-0.6,-3.2,-73.0,287.0,0.0,0.0,0.0,22.7,42,POSCTL,0,0
2026-08-18T17:16:06,1787048167,13.822202,100.512083,20.6,-0.0,-0.6,-3.2,-73.0,287.0,0.0,0.0,0.0,22.7,42,POSCTL,0,0
2026-08-18T17:16:07,1787048168,13.822202,100.512083,54.1,0.0,-0.6,-3.2,-73.0,287.0,-0.01,-0.02,0.0,22.7,42,POSCTL,0,0
2026-08-18T17:16:08,1787048169,13.822202,100.512083,20.6,0.0,-0.6,-3.2,-73.0,287.0,-0.01,-0.02,0.0,22.7,42,POSCTL,0,0
2026-08-18T17:16:09,1787048170,13.822202,100.512083,20.6,0.0,-0.6,-3.2,-73.0,287.0,-0.01,-0.02,0.0,22.7,42,POSCTL,0,0
2026-08-18T17:16:10,1787048171,13.822202,100.512083,20.6,0.0,-0.6,-3.3,-73.0,287.0,-0.01,-0.02,0.0,22.7,42,POSCTL,0,0
2026-08-18T17:16:11,1787048172,13.822202,100.512083,20.6,0.0,-0.6,-3.3,-73.0,287.0,-0.01,-0.02,0.0,22.7,42,POSCTL,0,0
2026-08-18T17:16:16,1787048177,13.822205,100.512081,54.1,0.0,-0.6,-3.2,-73.0,287.0,0.02,0.0,0.0,22.7,42,POSCTL,0,0
2026-08-18T17:16:17,1787048178,13.822206,100.512079,21.1,0.0,-0.6,-3.2,-73.0,287.0,0.02,0.0,0.0,22.7,42,POSCTL,0,0
2026-08-18T17:16:18,1787048179,13.822206,100.512079,21.1,0.0,-0.6,-3.2,-72.9,287.1,0.02,0.0,0.0,22.7,42,POSCTL,0,0
2026-08-18T17:16:19,1787048180,13.822206,100.512079,21.1,0.0,-0.6,-3.2,-72.9,287.1,0.02,0.0,0.0,22.7,42,POSCTL,0,0
2026-08-18T17:16:20,1787048181,13.822206,100.512079,21.1,0.0,-0.6,-3.2,-72.9,287.1,0.02,0.0,0.0,22.7,42,POSCTL,0,0
2026-08-18T17:16:21,1787048182,13.822206,100.512079,21.1,0.0,-0.6,-3.2,-72.9,287.1,0.02,0.0,0.0,22.7,42,POSCTL,0,0
2026-08-18T17:16:22,1787048183,13.822206,100.512079,21.1,0.0,-0.6,-3.2,-72.9,287.1,0.02,0.0,0.0,22.7,42,POSCTL,0,0
2026-08-18T17:16:23,1787048184,13.822206,100.512079,21.1,0.0,-0.6,-3.2,-73.0,287.0,0.02,0.0,0.0,22.7,42,POSCTL,0,0
2026-08-18T17:16:24,1787048185,13.822206,100.512079,21.1,0.0,-0.6,-3.2,-73.0,287.0,0.02,0.0,0.0,22.7,42,POSCTL,0,0
2026-08-18T17:16:25,1787048186,13.822206,100.512079,21.1,0.0,-0.6,-3.2,-73.0,287.0,0.02,0.0,0.0,22.7,42,POSCTL,0,0
2026-08-18T17:16:26,1787048187,13.822206,100.512079,21.1,0.0,-0.6,-3.1,-73.0,287.0,0.02,0.0,0.0,22.7,42,POSCTL,0,0
2026-08-18T17:16:27,1787048188,13.822209,100.512072,21.4,0.0,-0.6,-3.1,-73.0,287.0,0.02,0.0,0.0,22.7,42,POSCTL,0,0
2026-08-18T17:16:28,1787048189,13.822209,100.512072,21.4,0.0,-0.6,-3.1,-73.0,287.0,0.02,0.0,0.0,22.7,42,POSCTL,0,0
2026-08-18T17:16:29,1787048190,13.82221,100.512074,54.1,0.0,-0.6,-3.1,-73.0,287.0,0.0,0.02,0.0,22.7,42,POSCTL,0,0
2026-08-18T17:16:30,1787048191,13.82221,100.512074,54.1,0.0,-0.6,-3.1,-73.0,287.0,0.0,0.02,0.0,22.7,42,POSCTL,0,0
2026-08-18T17:16:31,1787048192,13.82221,100.512074,54.1,0.0,-0.6,-3.2,-73.0,287.0,0.0,0.02,0.0,22.7,42,POSCTL,0,0
2026-08-18T17:16:32,1787048193,13.82221,100.512066,20.7,0.0,-0.6,-3.2,-73.0,287.0,0.0,0.02,0.0,22.7,42,POSCTL,0,0
2026-08-18T17:16:33,1787048194,13.82221,100.512066,20.7,0.0,-0.6,-3.2,-73.0,287.0,0.0,0.02,0.0,22.7,42,POSCTL,0,0
2026-08-18T17:16:34,1787048195,13.82221,100.512066,20.7,0.0,-0.6,-3.2,-73.0,287.0,0.0,0.02,0.0,22.7,42,POSCTL,0,0
2026-08-18T17:16:35,1787048196,13.82221,100.512065,54.1,0.0,-0.6,-3.2,-73.0,287.0,0.0,-0.07,0.0,22.7,42,POSCTL,0,0
2026-08-18T17:16:36,1787048197,13.82221,100.512065,54.1,0.0,-0.6,-3.2,-73.0,287.0,0.0,-0.07,0.0,22.7,42,POSCTL,0,0
2026-08-18T17:16:37,1787048198,13.82221,100.512056,20.2,0.0,-0.6,-3.1,-72.9,287.1,0.0,-0.07,0.0,22.7,42,POSCTL,0,0
2026-08-18T17:16:38,1787048199,13.82221,100.512056,20.2,0.0,-0.6,-3.1,-72.9,287.1,0.0,-0.07,0.0,22.7,42,POSCTL,0,0
2026-08-18T17:16:39,1787048200,13.82221,100.512059,54.1,0.0,-0.6,-3.1,-72.9,287.1,0.0,0.0,0.0,22.7,42,POSCTL,0,0
2026-08-18T17:16:40,1787048201,13.82221,100.512059,54.1,0.0,-0.6,-3.1,-72.9,287.1,0.0,0.0,0.0,22.7,42,POSCTL,0,0
2026-08-18T17:16:41,1787048202,13.82221,100.512059,54.1,0.0,-0.6,-3.1,-72.9,287.1,0.0,0.0,0.0,22.7,42,POSCTL,0,0
2026-08-18T17:16:42,1787048203,13.822205,100.512056,20.8,0.0,-0.5,-3.1,-72.9,287.1,0.0,0.0,0.0,22.7,42,POSCTL,0,0
2026-08-18T17:16:43,1787048204,13.822205,100.512056,20.8,0.0,-0.5,-3.1,-72.9,287.1,0.0,0.0,0.0,22.7,42,POSCTL,0,0
2026-08-18T17:16:44,1787048205,13.822207,100.512057,54.1,0.0,-0.5,-3.1,-72.9,287.1,0.02,0.02,0.0,22.7,42,POSCTL,0,0
2026-08-18T17:16:45,1787048206,13.822207,100.512057,54.1,0.0,-0.5,-3.1,-73.0,287.0,0.02,0.02,0.0,22.7,42,POSCTL,0,0
2026-08-18T17:16:46,1787048207,13.822207,100.512057,54.1,0.0,-0.6,-3.2,-73.0,287.0,0.02,0.02,0.0,22.7,42,POSCTL,0,0
2026-08-18T17:16:47,1787048208,13.822204,100.512058,21.7,0.0,-0.6,-3.2,-73.0,287.0,0.02,0.02,0.0,22.7,42,POSCTL,0,0
2026-08-18T17:16:48,1787048209,13.822204,100.512058,21.7,0.0,-0.6,-3.2,-73.0,287.0,0.02,0.02,0.0,22.7,42,POSCTL,0,0
2026-08-18T17:16:49,1787048210,13.822204,100.512058,21.7,0.0,-0.6,-3.2,-73.0,287.0,0.02,0.02,0.0,22.7,42,POSCTL,0,0
2026-08-18T17:16:50,1787048211,13.822204,100.512058,21.7,0.0,-0.6,-3.2,-73.0,287.0,0.02,0.02,0.0,22.7,42,POSCTL,0,0
2026-08-18T17:16:51,1787048212,13.822204,100.512058,21.7,0.0,-0.6,-3.2,-73.0,287.0,0.02,0.02,0.0,22.7,42,POSCTL,0,0
2026-08-18T17:16:52,1787048213,13.822199,100.512056,21.8,0.0,-0.6,-3.2,-73.0,287.0,0.02,0.02,0.0,22.7,42,POSCTL,0,0
2026-08-18T17:16:53,1787048214,13.822199,100.512056,21.8,0.0,-0.6,-3.2,-73.0,287.0,0.02,0.02,0.0,22.7,42,POSCTL,0,0
2026-08-18T17:16:54,1787048215,13.822199,100.512056,54.1,0.0,-0.6,-3.2,-73.0,287.0,-0.04,0.0,0.0,22.7,42,POSCTL,0,0
2026-08-18T17:16:55,1787048216,13.822199,100.512056,54.1,0.0,-0.6,-3.2,-73.0,287.0,-0.04,0.0,0.0,22.7,42,POSCTL,0,0
2026-08-18T17:16:56,1787048217,13.822192,100.512053,21.5,0.0,-0.6,-3.2,-73.0,287.0,-0.04,0.0,0.0,22.7,42,POSCTL,0,0
2026-08-18T17:16:57,1787048218,13.822192,100.512053,21.5,0.0,-0.6,-3.2,-73.0,287.0,-0.04,0.0,0.0,22.7,42,POSCTL,0,0
2026-08-18T17:16:58,1787048219,13.822192,100.512053,21.5,0.0,-0.6,-3.2,-73.0,287.0,-0.04,0.0,0.0,22.7,42,POSCTL,0,0
2026-08-18T17:16:59,1787048220,13.822192,100.512053,21.5,0.0,-0.6,-3.2,-73.0,287.0,-0.04,0.0,0.0,22.7,42,POSCTL,0,0
2026-08-18T17:17:00,1787048221,13.822192,100.512053,21.5,0.0,-0.6,-3.2,-73.0,287.0,-0.04,0.0,0.0,22.7,42,POSCTL,0,0
2026-08-18T17:17:01,1787048222,13.822194,100.512053,54.1,0.0,-0.6,-3.2,-73.0,287.0,0.01,0.0,0.0,22.7,42,POSCTL,0,0
2026-08-18T17:17:02,1787048223,13.822194,100.512053,54.1,0.0,-0.6,-3.2,-73.0,287.0,0.01,0.0,0.0,22.7,42,POSCTL,0,0
2026-08-18T17:17:03,1787048224,13.822193,100.512051,54.1,0.0,-0.5,-3.2,-73.0,287.0,0.03,0.01,0.0,22.7,42,POSCTL,0,0
2026-08-18T17:17:04,1787048225,13.822193,100.512051,54.1,0.0,-0.5,-3.2,-73.0,287.0,0.03,0.01,0.0,22.7,42,POSCTL,0,0
2026-08-18T17:17:05,1787048226,13.822191,100.512046,19.5,0.0,-0.5,-3.2,-73.0,287.0,0.03,0.01,0.0,22.7,42,POSCTL,0,0
2026-08-18T17:17:06,1787048227,13.822191,100.512046,19.5,0.0,-0.5,-3.2,-73.0,287.0,0.03,0.01,0.0,22.7,42,POSCTL,0,0
2026-08-18T17:17:07,1787048228,13.822191,100.512046,19.5,0.0,-0.5,-3.2,-73.0,287.0,0.03,0.01,0.0,22.7,42,POSCTL,0,0
2026-08-18T17:17:08,1787048229,13.822191,100.512046,19.5,0.0,-0.5,-3.2,-73.0,287.0,0.03,0.01,0.0,22.7,42,POSCTL,0,0
2026-08-18T17:17:09,1787048230,13.822191,100.512046,19.5,0.0,-0.5,-3.2,-73.0,287.0,0.03,0.01,0.0,22.7,42,POSCTL,0,0
2026-08-18T17:17:10,1787048231,13.822191,100.512046,19.5,0.0,-0.6,-3.2,-73.0,287.0,0.03,0.01,0.0,22.7,42,POSCTL,0,0
2026-08-18T17:17:12,1787048233,13.822191,100.51204,54.1,0.0,-0.6,-3.2,-73.0,287.0,-0.01,-0.07,0.0,22.7,42,POSCTL,0,0
2026-08-18T17:17:13,1787048234,13.822191,100.512038,17.2,0.0,-0.6,-3.1,-73.0,287.0,-0.01,-0.07,0.0,22.7,42,POSCTL,0,0
2026-08-18T17:17:14,1787048235,13.822192,100.512039,54.1,0.0,-0.5,-3.1,-73.1,286.9,0.02,0.01,0.0,22.7,42,POSCTL,0,0
2026-08-18T17:17:15,1787048236,13.822192,100.512039,54.1,0.0,-0.5,-3.1,-73.1,286.9,0.02,0.01,0.0,22.7,42,POSCTL,0,0
2026-08-18T17:17:16,1787048237,13.822192,100.512039,54.1,0.0,-0.5,-3.1,-73.1,286.9,0.02,0.01,0.0,22.7,42,POSCTL,0,0
2026-08-18T17:17:17,1787048238,13.822192,100.512039,54.1,0.0,-0.6,-3.1,-73.0,287.0,0.02,0.01,0.0,22.7,42,POSCTL,0,0
2026-08-18T17:17:18,1787048239,13.822192,100.512039,54.1,0.0,-0.6,-3.1,-73.0,287.0,0.02,0.01,0.0,22.7,42,POSCTL,0,0
2026-08-18T17:17:19,1787048240,13.822192,100.512039,54.1,0.0,-0.6,-3.1,-73.0,287.0,0.02,0.01,0.0,22.7,42,POSCTL,0,0
2026-08-18T17:17:20,1787048241,13.822192,100.512039,54.1,0.0,-0.6,-3.1,-73.0,287.0,0.02,0.01,0.0,22.7,42,POSCTL,0,0
2026-08-18T17:17:21,1787048242,13.822192,100.512039,54.1,0.0,-0.6,-3.1,-73.0,287.0,0.02,0.01,0.0,22.7,42,POSCTL,0,0
2026-08-18T17:17:22,1787048243,13.822194,100.512048,18.7,0.0,-0.6,-3.1,-73.0,287.0,0.02,0.01,0.0,22.7,42,POSCTL,0,0
2026-08-18T17:17:23,1787048244,13.822194,100.512045,54.1,0.0,-0.6,-3.1,-73.0,287.0,0.04,0.05,0.0,22.7,42,POSCTL,0,0
2026-08-18T17:17:24,1787048245,13.822194,100.512045,54.1,0.0,-0.6,-3.2,-73.0,287.0,0.04,0.05,0.0,22.7,42,POSCTL,0,0
2026-08-18T17:17:25,1787048246,13.822194,100.512045,54.1,0.0,-0.6,-3.2,-73.0,287.0,0.04,0.05,0.0,22.7,42,POSCTL,0,0
2026-08-18T17:17:26,1787048247,13.822194,100.512045,54.1,0.0,-0.6,-3.2,-73.1,286.9,0.04,0.05,0.0,22.7,42,POSCTL,0,0
2026-08-18T17:17:27,1787048248,13.822197,100.51205,19.2,0.0,-0.6,-3.2,-73.1,286.9,0.04,0.05,0.0,22.7,42,POSCTL,0,0
2026-08-18T17:17:28,1787048249,13.822196,100.512049,54.1,0.0,-0.6,-3.2,-73.1,286.9,0.03,0.02,0.0,22.7,42,POSCTL,0,0
2026-08-18T17:17:29,1787048250,13.822196,100.512049,54.1,0.0,-0.6,-3.2,-73.1,286.9,0.03,0.02,0.0,22.7,42,POSCTL,0,0
2026-08-18T17:17:30,1787048251,13.822196,100.512049,54.1,0.0,-0.6,-3.2,-73.1,286.9,0.03,0.02,0.0,22.7,42,POSCTL,0,0
2026-08-18T17:17:31,1787048252,13.822196,100.512049,54.1,0.0,-0.6,-3.2,-73.1,286.9,0.03,0.02,0.0,22.7,42,POSCTL,0,0
2026-08-18T17:17:32,1787048253,13.822197,100.512048,54.1,0.0,-0.6,-3.2,-73.1,286.9,0.0,-0.02,0.0,22.7,42,POSCTL,0,0
2026-08-18T17:17:33,1787048254,13.822197,100.512048,54.1,0.0,-0.6,-3.2,-73.1,286.9,0.0,-0.02,0.0,22.7,42,POSCTL,0,0
2026-08-18T17:17:34,1787048255,13.822198,100.512045,18.1,0.0,-0.6,-3.2,-73.1,286.9,0.0,-0.02,0.0,22.7,42,POSCTL,0,0
2026-08-18T17:17:35,1787048256,13.822198,100.512045,18.1,0.0,-0.6,-3.2,-73.1,286.9,0.0,-0.02,0.0,22.7,42,POSCTL,0,0
2026-08-18T17:17:36,1787048257,13.822198,100.512045,18.1,0.0,-0.6,-3.2,-73.1,286.9,0.0,-0.02,0.0,22.7,42,POSCTL,0,0
2026-08-18T17:17:37,1787048258,13.822198,100.512045,54.1,0.0,-0.6,-3.2,-73.1,286.9,0.03,-0.02,0.0,22.7,42,POSCTL,0,0
2026-08-18T17:17:38,1787048259,13.822198,100.512045,54.1,0.0,-0.6,-3.2,-73.1,286.9,0.03,-0.02,0.0,22.7,42,POSCTL,0,0
2026-08-18T17:17:39,1787048260,13.822198,100.512045,54.1,0.0,-0.6,-3.2,-73.1,286.9,0.03,-0.02,0.0,22.7,42,POSCTL,0,0
2026-08-18T17:17:40,1787048261,13.822198,100.512045,54.1,0.0,-0.6,-3.2,-73.1,286.9,0.03,-0.02,0.0,22.7,42,POSCTL,0,0
2026-08-18T17:17:41,1787048262,13.822198,100.512045,54.1,0.0,-0.6,-3.2,-73.1,286.9,0.03,-0.02,0.0,22.7,42,POSCTL,0,0
2026-08-18T17:17:42,1787048263,13.822196,100.51204,54.1,-0.0,-0.6,-3.2,-73.1,286.9,-0.02,-0.03,0.0,22.7,42,POSCTL,0,0
2026-08-18T17:17:43,1787048264,13.822193,100.512033,14.9,-0.0,-0.6,-3.2,-73.1,286.9,-0.02,-0.03,0.0,22.7,42,POSCTL,0,0
2026-08-18T17:17:44,1787048265,13.822193,100.512033,14.9,-0.0,-0.6,-3.2,-73.1,286.9,-0.02,-0.03,0.0,22.7,42,POSCTL,0,0
2026-08-18T17:17:45,1787048266,13.822193,100.512034,54.1,0.0,-0.6,-3.2,-73.1,286.9,-0.03,-0.06,0.0,22.7,42,POSCTL,0,0
2026-08-18T17:17:46,1787048267,13.822193,100.512034,54.1,0.0,-0.6,-3.2,-73.1,286.9,-0.03,-0.06,0.0,22.7,42,POSCTL,0,0
2026-08-18T17:17:47,1787048268,13.822193,100.512034,54.1,0.0,-0.6,-3.2,-73.1,286.9,-0.03,-0.06,0.0,22.7,42,POSCTL,0,0
2026-08-18T17:17:48,1787048269,13.822193,100.512034,54.1,0.0,-0.6,-3.1,-73.1,286.9,-0.03,-0.06,0.0,22.7,42,POSCTL,0,0
2026-08-18T17:17:49,1787048270,13.822191,100.51203,54.1,0.0,-0.6,-3.1,-73.1,286.9,-0.02,-0.04,0.0,22.7,42,POSCTL,0,0
2026-08-18T17:17:50,1787048271,13.822191,100.51203,54.1,0.0,-0.6,-3.1,-73.1,286.9,-0.02,-0.04,0.0,22.7,42,POSCTL,0,0
2026-08-18T17:17:51,1787048272,13.822191,100.51203,54.1,0.0,-0.5,-3.1,-73.1,286.9,-0.02,-0.04,0.0,22.7,42,POSCTL,0,0
2026-08-18T17:17:52,1787048273,13.822188,100.512029,13.5,0.0,-0.5,-3.1,-73.1,286.9,-0.02,-0.04,0.0,22.7,42,POSCTL,0,0
2026-08-18T17:17:53,1787048274,13.822189,100.512029,54.1,-0.0,-0.5,-3.1,-73.1,286.9,-0.01,0.03,0.0,22.7,42,POSCTL,0,0
2026-08-18T17:17:54,1787048275,13.822189,100.512029,54.1,-0.0,-0.5,-3.1,-73.1,286.9,-0.01,0.03,0.0,22.7,42,POSCTL,0,0
2026-08-18T17:17:55,1787048276,13.822189,100.512029,54.1,-0.0,-0.5,-3.1,-73.1,286.9,-0.01,0.03,0.0,22.7,42,POSCTL,0,0
2026-08-18T17:17:56,1787048277,13.822189,100.512029,54.1,-0.0,-0.5,-3.1,-73.1,286.9,-0.01,0.03,0.0,22.7,42,POSCTL,0,0
2026-08-18T17:17:57,1787048278,13.822189,100.512029,54.1,-0.0,-0.5,-3.1,-73.1,286.9,-0.01,0.03,0.0,22.7,42,POSCTL,0,0
2026-08-18T17:17:58,1787048279,13.822189,100.512029,54.1,-0.0,-0.5,-3.1,-73.1,286.9,-0.01,0.03,0.0,22.7,42,POSCTL,0,0
2026-08-18T17:17:59,1787048280,13.822189,100.512029,54.1,-0.0,-0.5,-3.1,-73.1,286.9,-0.01,0.03,0.0,22.7,42,POSCTL,0,0
2026-08-18T17:18:00,1787048281,13.822189,100.512029,54.1,-0.0,-0.5,-3.2,-73.1,286.9,-0.01,0.03,0.0,22.7,42,POSCTL,0,0
2026-08-18T17:18:01,1787048282,13.822188,100.51203,13.1,-0.0,-0.5,-3.2,-73.1,286.9,-0.01,0.03,0.0,22.7,42,POSCTL,0,0
2026-08-18T17:18:02,1787048283,13.822189,100.51203,54.1,0.0,-0.6,-3.2,-73.1,286.9,0.03,0.02,0.0,22.7,42,POSCTL,0,0
2026-08-18T17:18:03,1787048284,13.822189,100.51203,54.1,0.0,-0.6,-3.2,-73.1,286.9,0.03,0.02,0.0,22.7,42,POSCTL,0,0
2026-08-18T17:18:04,1787048285,13.822188,100.512033,13.3,0.0,-0.6,-3.2,-73.1,286.9,0.03,0.02,0.0,22.7,42,POSCTL,0,0
2026-08-18T17:18:05,1787048286,13.822188,100.512033,13.3,0.0,-0.6,-3.2,-73.1,286.9,0.03,0.02,0.0,22.7,42,POSCTL,0,0
2026-08-18T17:18:06,1787048287,13.822188,100.512033,13.3,0.0,-0.6,-3.2,-73.1,286.9,0.03,0.02,0.0,22.7,42,POSCTL,0,0
2026-08-18T17:18:07,1787048288,13.822187,100.512031,54.1,-0.0,-0.6,-3.2,-73.1,286.9,-0.03,-0.03,0.0,22.7,42,POSCTL,0,0
2026-08-18T17:18:08,1787048289,13.822187,100.512031,54.1,-0.0,-0.6,-3.2,-73.1,286.9,-0.03,-0.03,0.0,22.7,42,POSCTL,0,0
2026-08-18T17:18:11,1787048292,13.822186,100.512032,54.1,-0.0,-0.6,-3.2,-73.1,286.9,-0.03,-0.05,0.0,22.69,42,POSCTL,0,0
2026-08-18T17:18:12,1787048293,13.822186,100.512037,13.3,-0.0,-0.6,-3.2,-73.0,287.0,-0.03,-0.05,0.0,22.69,42,POSCTL,0,0
2026-08-18T17:18:13,1787048294,13.822187,100.512035,54.1,0.0,-0.6,-3.2,-73.0,287.0,0.01,0.02,0.0,22.69,42,POSCTL,0,0
2026-08-18T17:18:14,1787048295,13.822187,100.512035,54.1,0.0,-0.6,-3.2,-73.0,287.0,0.01,0.02,0.0,22.69,42,POSCTL,0,0
2026-08-18T17:18:15,1787048296,13.822187,100.512035,54.1,0.0,-0.6,-3.2,-73.0,287.0,0.01,0.02,0.0,22.69,42,POSCTL,0,0
2026-08-18T17:18:16,1787048297,13.822187,100.512035,54.1,0.0,-0.6,-3.2,-73.0,287.0,0.01,0.02,0.0,22.69,42,POSCTL,0,0
2026-08-18T17:18:17,1787048298,13.822185,100.512041,13.6,0.0,-0.7,-3.2,-73.0,287.0,0.01,0.02,0.0,22.69,42,POSCTL,0,0
2026-08-18T17:18:18,1787048299,13.822185,100.512041,13.6,0.0,-0.7,-3.2,-73.0,287.0,0.01,0.02,0.0,22.69,42,POSCTL,0,0
2026-08-18T17:18:19,1787048300,13.822185,100.512041,13.6,0.0,-0.7,-3.2,-73.0,287.0,0.01,0.02,0.0,22.69,42,POSCTL,0,0
2026-08-18T17:18:20,1787048301,13.822185,100.512041,13.6,0.0,-0.6,-3.3,-73.0,287.0,0.01,0.02,0.0,22.69,42,POSCTL,0,0
2026-08-18T17:18:21,1787048302,13.822185,100.512041,13.6,0.0,-0.6,-3.3,-73.0,287.0,0.01,0.02,0.0,22.69,42,POSCTL,0,0
2026-08-18T17:18:22,1787048303,13.822187,100.512043,54.1,0.0,-0.6,-3.2,-73.0,287.0,0.03,0.02,0.0,22.69,42,POSCTL,0,0
2026-08-18T17:18:23,1787048304,13.822187,100.512043,54.1,0.0,-0.6,-3.2,-73.0,287.0,0.03,0.02,0.0,22.69,42,POSCTL,0,0
2026-08-18T17:18:24,1787048305,13.822188,100.512051,16.0,0.0,-0.6,-3.2,-73.0,287.0,0.03,0.02,0.0,22.69,42,POSCTL,0,0
2026-08-18T17:18:25,1787048306,13.822188,100.512051,16.0,0.0,-0.6,-3.2,-73.0,287.0,0.03,0.02,0.0,22.69,42,POSCTL,0,0
2026-08-18T17:18:26,1787048307,13.822188,100.512051,16.0,0.0,-0.6,-3.2,-73.0,287.0,0.03,0.02,0.0,22.69,42,POSCTL,0,0
2026-08-18T17:18:27,1787048308,13.822188,100.512051,16.0,0.0,-0.6,-3.2,-73.0,287.0,0.03,0.02,0.0,22.69,42,POSCTL,0,0
2026-08-18T17:18:28,1787048309,13.822188,100.512053,16.6,0.0,-0.6,-3.2,-73.0,287.0,0.03,0.02,0.0,22.69,42,POSCTL,0,0
2026-08-18T17:18:29,1787048310,13.822188,100.512053,16.6,0.0,-0.6,-3.2,-73.0,287.0,0.03,0.02,0.0,22.69,42,POSCTL,0,0
2026-08-18T17:18:30,1787048311,13.822188,100.512053,16.6,0.0,-0.7,-3.3,-73.0,287.0,0.03,0.02,0.0,22.69,42,POSCTL,0,0
2026-08-18T17:18:31,1787048312,13.822188,100.512051,54.1,-0.0,-0.7,-3.3,-73.0,287.0,0.0,-0.03,0.0,22.69,42,POSCTL,0,0
2026-08-18T17:18:32,1787048313,13.822188,100.512051,54.1,-0.0,-0.7,-3.3,-73.0,287.0,0.0,-0.03,0.0,22.69,42,POSCTL,0,0
2026-08-18T17:18:33,1787048314,13.82219,100.512056,17.6,-0.0,-0.7,-3.3,-73.0,287.0,0.0,-0.03,0.0,22.69,42,POSCTL,0,0
2026-08-18T17:18:34,1787048315,13.82219,100.512056,17.6,-0.0,-0.6,-3.2,-73.0,287.0,0.0,-0.03,0.0,22.69,42,POSCTL,0,0
2026-08-18T17:18:35,1787048316,13.82219,100.512056,17.6,-0.0,-0.6,-3.2,-73.0,287.0,0.0,-0.03,0.0,22.69,42,POSCTL,0,0
2026-08-18T17:18:36,1787048317,13.82219,100.512056,17.6,-0.0,-0.6,-3.2,-73.0,287.0,0.0,-0.03,0.0,22.69,42,POSCTL,0,0
2026-08-18T17:18:37,1787048318,13.82219,100.512056,17.6,-0.0,-0.6,-3.2,-73.0,287.0,0.0,-0.03,0.0,22.69,42,POSCTL,0,0
2026-08-18T17:18:38,1787048319,13.82219,100.512056,17.6,-0.0,-0.6,-3.2,-73.0,287.0,0.0,-0.03,0.0,22.69,42,POSCTL,0,0
2026-08-18T17:18:39,1787048320,13.822194,100.51206,54.1,-0.0,-0.6,-3.2,-73.0,287.0,0.06,0.04,0.0,22.69,42,POSCTL,0,0
2026-08-18T17:18:40,1787048321,13.822194,100.51206,54.1,-0.0,-0.6,-3.2,-73.0,287.0,0.06,0.04,0.0,22.69,42,POSCTL,0,0
2026-08-18T17:18:41,1787048322,13.822194,100.51206,54.1,-0.0,-0.7,-3.3,-73.0,287.0,0.06,0.04,0.0,22.69,42,POSCTL,0,0
2026-08-18T17:18:42,1787048323,13.8222,100.512068,20.4,-0.0,-0.7,-3.3,-73.0,287.0,0.06,0.04,0.0,22.69,42,POSCTL,0,0
2026-08-18T17:18:43,1787048324,13.822196,100.512064,54.1,0.0,-0.7,-3.3,-73.0,287.0,0.0,0.0,0.0,22.69,42,POSCTL,0,0
2026-08-18T17:18:44,1787048325,13.822196,100.512064,54.1,0.0,-0.7,-3.3,-73.0,287.0,0.0,0.0,0.0,22.69,42,POSCTL,0,0
2026-08-18T17:18:45,1787048326,13.822196,100.512064,54.1,0.0,-0.7,-3.3,-73.0,287.0,0.0,0.0,0.0,22.69,42,POSCTL,0,0
2026-08-18T17:18:46,1787048327,13.822196,100.512064,54.1,0.0,-0.7,-3.2,-73.0,287.0,0.0,0.0,0.0,22.69,42,POSCTL,0,0
2026-08-18T17:18:47,1787048328,13.822205,100.512068,54.1,0.0,-0.7,-3.2,-73.0,287.0,0.08,0.0,0.0,22.69,42,POSCTL,0,0
2026-08-18T17:18:48,1787048329,13.822205,100.512068,54.1,0.0,-0.7,-3.2,-73.0,287.0,0.08,0.0,0.0,22.69,42,POSCTL,0,0
2026-08-18T17:18:49,1787048330,13.822205,100.512068,54.1,0.0,-0.7,-3.2,-73.0,287.0,0.08,0.0,0.0,22.69,42,POSCTL,0,0
2026-08-18T17:18:50,1787048331,13.822205,100.512068,54.1,0.0,-0.7,-3.2,-73.0,287.0,0.08,0.0,0.0,22.69,42,POSCTL,0,0
2026-08-18T17:18:51,1787048332,13.822205,100.512068,54.1,0.0,-0.7,-3.2,-73.0,287.0,0.08,0.0,0.0,22.69,42,POSCTL,0,0
2026-08-18T17:18:52,1787048333,13.822213,100.512072,54.1,0.0,-0.7,-3.2,-73.0,287.0,0.04,0.04,0.0,22.69,42,POSCTL,0,0
2026-08-18T17:18:53,1787048334,13.822213,100.512072,54.1,0.0,-0.7,-3.2,-73.0,287.0,0.04,0.04,0.0,22.69,42,POSCTL,0,0
2026-08-18T17:18:54,1787048335,13.822221,100.512074,23.0,0.0,-0.7,-3.2,-73.0,287.0,0.04,0.04,0.0,22.69,42,POSCTL,0,0
2026-08-18T17:18:55,1787048336,13.822221,100.512074,23.0,0.0,-0.7,-3.2,-73.0,287.0,0.04,0.04,0.0,22.69,42,POSCTL,0,0
2026-08-18T17:18:56,1787048337,13.822219,100.512073,54.1,0.0,-0.7,-3.2,-73.0,287.0,0.03,0.0,0.0,22.69,42,POSCTL,0,0
2026-08-18T17:18:57,1787048338,13.822219,100.512073,54.1,0.0,-0.7,-3.2,-73.0,287.0,0.03,0.0,0.0,22.69,42,POSCTL,0,0
2026-08-18T17:18:58,1787048339,13.822219,100.512073,54.1,0.0,-0.7,-3.2,-73.0,287.0,0.03,0.0,0.0,22.69,42,POSCTL,0,0
2026-08-18T17:18:59,1787048340,13.822219,100.512073,54.1,0.0,-0.7,-3.2,-73.0,287.0,0.03,0.0,0.0,22.69,42,POSCTL,0,0
2026-08-18T17:19:00,1787048341,13.822219,100.512073,54.1,0.0,-0.7,-3.2,-73.0,287.0,0.03,0.0,0.0,22.69,42,POSCTL,0,0
2026-08-18T17:19:01,1787048342,13.822219,100.512073,54.1,0.0,-0.7,-3.2,-73.0,287.0,0.03,0.0,0.0,22.69,42,POSCTL,0,0
2026-08-18T17:19:02,1787048343,13.822219,100.512073,54.1,0.0,-0.7,-3.2,-73.0,287.0,0.03,0.0,0.0,22.69,42,POSCTL,0,0
2026-08-18T17:19:03,1787048344,13.822229,100.512079,25.4,0.0,-0.7,-3.2,-73.0,287.0,0.03,0.0,0.0,22.69,42,POSCTL,0,0
2026-08-18T17:19:04,1787048345,13.822229,100.512079,25.4,0.0,-0.7,-3.2,-73.0,287.0,0.03,0.0,0.0,22.69,42,POSCTL,0,0
2026-08-18T17:19:05,1787048346,13.822229,100.512079,25.4,0.0,-0.7,-3.2,-73.0,287.0,0.03,0.0,0.0,22.69,42,POSCTL,0,0
2026-08-18T17:19:06,1787048347,13.822229,100.512079,25.4,0.0,-0.7,-3.2,-73.0,287.0,0.03,0.0,0.0,22.69,42,POSCTL,0,0
2026-08-18T17:19:07,1787048348,13.822228,100.512078,54.1,-0.0,-0.7,-3.2,-73.0,287.0,-0.02,-0.01,0.0,22.69,42,POSCTL,0,0
2026-08-18T17:19:08,1787048349,13.822229,100.512079,25.1,-0.0,-0.7,-3.2,-73.0,287.0,-0.02,-0.01,0.0,22.69,42,POSCTL,0,0
2026-08-18T17:19:09,1787048350,13.822229,100.512079,25.1,-0.0,-0.7,-3.2,-73.0,287.0,-0.02,-0.01,0.0,22.69,42,POSCTL,0,0
2026-08-18T17:19:10,1787048351,13.822229,100.512079,25.1,-0.0,-0.7,-3.2,-73.0,287.0,-0.02,-0.01,0.0,22.69,42,POSCTL,0,0
2026-08-18T17:19:11,1787048352,13.822229,100.512079,25.1,-0.0,-0.7,-3.2,-73.0,287.0,-0.02,-0.01,0.0,22.69,42,POSCTL,0,0
2026-08-18T17:19:12,1787048353,13.822229,100.512079,54.1,0.0,-0.7,-3.2,-73.0,287.0,0.0,0.0,0.0,22.69,42,POSCTL,0,0
2026-08-18T17:19:13,1787048354,13.82223,100.512081,25.8,0.0,-0.7,-3.2,-73.0,287.0,0.0,0.0,0.0,22.69,42,POSCTL,0,0
2026-08-18T17:19:14,1787048355,13.82223,100.512081,25.8,0.0,-0.7,-3.2,-73.0,287.0,0.0,0.0,0.0,22.69,42,POSCTL,0,0
2026-08-18T17:19:15,1787048356,13.82223,100.512081,25.8,0.0,-0.6,-3.2,-72.9,287.1,0.0,0.0,0.0,22.69,42,POSCTL,0,0
2026-08-18T17:19:16,1787048357,13.822231,100.512084,26.1,0.0,-0.6,-3.2,-72.9,287.1,0.0,0.04,0.0,22.69,42,POSCTL,0,0
2026-08-18T17:19:17,1787048358,13.822231,100.512084,26.1,0.0,-0.6,-3.2,-72.9,287.1,0.0,0.04,0.0,22.69,42,POSCTL,0,0
2026-08-18T17:19:18,1787048359,13.822231,100.512084,26.1,0.0,-0.7,-3.2,-72.9,287.1,0.0,0.04,0.0,22.69,42,POSCTL,0,0
2026-08-18T17:19:19,1787048360,13.82223,100.512083,54.1,0.0,-0.7,-3.2,-72.9,287.1,-0.02,0.02,0.0,22.69,42,POSCTL,0,0
2026-08-18T17:19:20,1787048361,13.82223,100.512083,54.1,0.0,-0.7,-3.2,-72.9,287.1,-0.02,0.02,0.0,22.69,42,POSCTL,0,0
2026-08-18T17:19:21,1787048362,13.82223,100.512083,54.1,0.0,-0.7,-3.2,-72.9,287.1,-0.02,0.02,0.0,22.69,42,POSCTL,0,0
2026-08-18T17:19:22,1787048363,13.82223,100.512083,54.1,0.0,-0.6,-3.3,-72.9,287.1,-0.02,0.02,0.0,22.69,42,POSCTL,0,0
2026-08-18T17:19:23,1787048364,13.822229,100.512089,27.2,0.0,-0.6,-3.3,-72.9,287.1,-0.02,0.02,0.0,22.69,42,POSCTL,0,0
2026-08-18T17:19:24,1787048365,13.822229,100.512089,27.2,0.0,-0.6,-3.3,-72.9,287.1,-0.02,0.02,0.0,22.69,42,POSCTL,0,0
2026-08-18T17:19:25,1787048366,13.822229,100.512089,27.2,0.0,-0.6,-3.2,-72.9,287.1,-0.02,0.02,0.0,22.69,42,POSCTL,0,0
2026-08-18T17:19:26,1787048367,13.822229,100.512089,27.2,0.0,-0.6,-3.2,-72.9,287.1,-0.02,0.02,0.0,22.69,42,POSCTL,0,0
2026-08-18T17:19:27,1787048368,13.822229,100.512089,27.2,0.0,-0.7,-3.2,-72.9,287.1,-0.02,0.02,0.0,22.69,42,POSCTL,0,0
2026-08-18T17:19:28,1787048369,13.822225,100.51209,27.1,0.0,-0.7,-3.2,-72.9,287.1,-0.03,0.01,0.0,22.69,42,POSCTL,0,0
2026-08-18T17:19:29,1787048370,13.822225,100.51209,27.1,0.0,-0.7,-3.2,-72.9,287.1,-0.03,0.01,0.0,22.69,42,POSCTL,0,0
2026-08-18T17:19:30,1787048371,13.822225,100.51209,27.1,0.0,-0.7,-3.2,-72.9,287.1,-0.03,0.01,0.0,22.69,42,POSCTL,0,0
2026-08-18T17:19:31,1787048372,13.822225,100.51209,27.1,0.0,-0.6,-3.2,-72.9,287.1,-0.03,0.01,0.0,22.69,42,POSCTL,0,0
2026-08-18T17:19:32,1787048373,13.822221,100.512093,28.1,0.0,-0.6,-3.2,-72.9,287.1,-0.05,-0.01,0.0,22.69,42,POSCTL,0,0
2026-08-18T17:19:33,1787048374,13.822221,100.512093,28.1,0.0,-0.6,-3.2,-72.9,287.1,-0.05,-0.01,0.0,22.69,42,POSCTL,0,0
2026-08-18T17:19:34,1787048375,13.822221,100.512093,28.1,0.0,-0.6,-3.2,-72.9,287.1,-0.05,-0.01,0.0,22.69,42,POSCTL,0,0
2026-08-18T17:19:35,1787048376,13.822221,100.512093,28.1,0.0,-0.6,-3.2,-72.9,287.1,-0.05,-0.01,0.0,22.69,42,POSCTL,0,0
2026-08-18T17:19:36,1787048377,13.822217,100.512094,28.6,0.0,-0.6,-3.2,-72.9,287.1,-0.05,-0.01,0.0,22.69,42,POSCTL,0,0
2026-08-18T17:19:37,1787048378,13.822217,100.512094,28.6,0.0,-0.6,-3.2,-72.9,287.1,-0.05,-0.01,0.0,22.69,42,POSCTL,0,0
2026-08-18T17:19:38,1787048379,13.82222,100.512093,54.1,0.0,-0.6,-3.2,-72.9,287.1,0.0,0.0,0.0,22.69,42,POSCTL,0,0
2026-08-18T17:19:39,1787048380,13.82222,100.512093,54.1,0.0,-0.6,-3.2,-72.9,287.1,0.0,0.0,0.0,22.69,42,POSCTL,0,0
2026-08-18T17:19:40,1787048381,13.82222,100.512093,54.1,0.0,-0.6,-3.2,-72.9,287.1,0.0,0.0,0.0,22.69,42,POSCTL,0,0
2026-08-18T17:19:41,1787048382,13.82222,100.512093,54.1,0.0,-0.6,-3.2,-72.9,287.1,0.0,0.0,0.0,22.69,42,POSCTL,0,0
2026-08-18T17:19:42,1787048383,13.82222,100.512093,54.1,0.0,-0.6,-3.2,-72.9,287.1,0.0,0.0,0.0,22.69,42,POSCTL,0,0
2026-08-18T17:19:43,1787048384,13.82222,100.512093,54.1,0.0,-0.6,-3.2,-72.9,287.1,0.0,0.0,0.0,22.69,42,POSCTL,0,0
2026-08-18T17:19:44,1787048385,13.82222,100.512093,54.1,0.0,-0.6,-3.3,-72.9,287.1,0.0,0.0,0.0,22.69,42,POSCTL,0,0
2026-08-18T17:19:46,1787048387,13.822209,100.512094,27.6,0.0,-0.6,-3.3,-72.9,287.1,0.0,0.0,0.0,22.69,42,POSCTL,0,0
2026-08-18T17:19:47,1787048388,13.82221,100.512093,54.1,0.0,-0.5,-3.2,-72.9,287.1,0.0,-0.03,0.0,22.69,42,POSCTL,0,0
2026-08-18T17:19:48,1787048389,13.822207,100.512091,26.4,0.0,-0.5,-3.2,-72.9,287.1,0.0,-0.03,0.0,22.69,42,POSCTL,0,0
2026-08-18T17:19:49,1787048390,13.822207,100.512091,26.4,0.0,-0.5,-3.2,-72.9,287.1,0.0,-0.03,0.0,22.69,42,POSCTL,0,0
2026-08-18T17:19:50,1787048391,13.822207,100.512091,26.4,0.0,-0.6,-3.2,-72.9,287.1,0.0,-0.03,0.0,22.69,42,POSCTL,0,0
2026-08-18T17:19:51,1787048392,13.822207,100.51209,54.1,-0.0,-0.6,-3.2,-72.9,287.1,-0.04,-0.05,0.0,22.69,42,POSCTL,0,0
2026-08-18T17:19:52,1787048393,13.822207,100.51209,54.1,-0.0,-0.6,-3.2,-72.9,287.1,-0.04,-0.05,0.0,22.69,41,POSCTL,0,0
2026-08-18T17:19:53,1787048394,13.822207,100.51209,54.1,-0.0,-0.6,-3.2,-72.9,287.1,-0.04,-0.05,0.0,22.69,41,POSCTL,0,0
2026-08-18T17:19:54,1787048395,13.822207,100.51209,54.1,-0.0,-0.6,-3.2,-72.9,287.1,-0.04,-0.05,0.0,22.69,41,POSCTL,0,0
2026-08-18T17:19:56,1787048397,13.822207,100.51209,54.1,-0.0,-0.6,-3.2,-72.9,287.1,-0.04,-0.05,0.0,22.69,41,POSCTL,0,0
2026-08-18T17:19:57,1787048398,13.822214,100.512092,25.2,-0.0,-0.6,-3.2,-72.9,287.1,-0.04,-0.05,0.0,22.69,41,POSCTL,0,0
2026-08-18T17:19:58,1787048399,13.82221,100.51209,54.1,0.0,-0.6,-3.2,-72.9,287.1,0.04,0.0,0.0,22.69,41,POSCTL,0,0
2026-08-18T17:19:59,1787048400,13.82221,100.51209,54.1,0.0,-0.6,-3.2,-72.9,287.1,0.04,0.0,0.0,22.69,41,POSCTL,0,0
2026-08-18T17:20:00,1787048401,13.82221,100.51209,54.1,0.0,-0.6,-3.2,-72.9,287.1,0.04,0.0,0.0,22.69,41,POSCTL,0,0
2026-08-18T17:20:01,1787048402,13.822217,100.512095,25.0,0.0,-0.6,-3.2,-72.9,287.1,0.04,0.0,0.0,22.69,41,POSCTL,0,0
2026-08-18T17:20:02,1787048403,13.822215,100.512093,54.1,0.0,-0.6,-3.2,-72.9,287.1,0.04,0.04,0.0,22.69,41,POSCTL,0,0
