iso,unix,lat,lon,alt_msl,rel_alt,roll,pitch,yaw,heading,vx,vy,vz,vbatt,batt_pct,mode,armed,in_air
2026-08-29T00:40:26,1787938827,13.56897,100.847096,,,-1.4,-3.8,109.3,109.3,,,,,,POSCTL,0,0
2026-08-29T00:40:27,1787938828,13.56897,100.847096,,,-1.4,-3.8,109.3,109.3,,,,25.01,99,POSCTL,0,0
2026-08-29T00:40:28,1787938829,13.56897,100.847096,,,-1.4,-3.8,109.3,109.3,,,,25.01,99,POSCTL,0,0
2026-08-29T00:40:29,1787938830,13.56897,100.847096,,,-1.4,-3.8,109.3,109.3,,,,25.01,99,POSCTL,0,0
2026-08-29T00:40:32,1787938833,13.56897,100.847096,,,-1.4,-3.8,109.3,109.3,,,,25.01,99,POSCTL,0,0
2026-08-29T00:40:33,1787938834,13.568953,100.84712,,,-1.4,-3.8,109.3,109.3,,,,25.01,99,POSCTL,0,0
2026-08-29T00:40:34,1787938835,13.568953,100.84712,,,-1.4,-3.8,109.3,109.3,,,,25.01,99,POSCTL,0,0
2026-08-29T00:40:35,1787938836,13.568952,100.847112,,,-1.4,-3.8,109.3,109.3,,,,25.01,99,POSCTL,0,0
2026-08-29T00:40:36,1787938837,13.568951,100.847111,,,-1.4,-3.8,109.4,109.4,,,,25.01,99,POSCTL,0,0
2026-08-29T00:40:37,1787938838,13.568951,100.847111,,,-1.4,-3.8,109.4,109.4,,,,25.01,99,POSCTL,0,0
2026-08-29T00:40:38,1787938839,13.568951,100.847111,,,-1.4,-3.8,109.4,109.4,,,,25.01,99,POSCTL,0,0
2026-08-29T00:40:39,1787938840,13.568951,100.847111,,,-1.4,-3.8,109.4,109.4,,,,25.01,99,POSCTL,0,0
2026-08-29T00:40:40,1787938841,13.568953,100.847096,,,-1.4,-3.8,109.4,109.4,,,,25.01,99,POSCTL,0,0
2026-08-29T00:40:41,1787938842,13.568953,100.847096,,,-1.4,-3.8,109.4,109.4,,,,25.01,99,POSCTL,0,0
2026-08-29T00:40:42,1787938843,13.568955,100.847094,,,-1.4,-3.8,109.4,109.4,,,,25.01,99,POSCTL,0,0
2026-08-29T00:40:43,1787938844,13.568955,100.847094,,,-1.4,-3.8,109.4,109.4,,,,25.01,99,POSCTL,0,0
2026-08-29T00:40:44,1787938845,13.568955,100.847094,,,-1.4,-3.8,109.4,109.4,,,,25.01,99,POSCTL,0,0
2026-08-29T00:40:45,1787938846,13.568955,100.847094,,,-1.4,-3.8,109.4,109.4,,,,25.01,99,POSCTL,0,0
2026-08-29T00:40:46,1787938847,13.568955,100.847094,,,-1.4,-3.8,109.4,109.4,,,,25.01,99,POSCTL,0,0
2026-08-29T00:40:47,1787938848,13.568955,100.847094,,,-1.4,-3.8,109.4,109.4,,,,25.01,99,POSCTL,0,0
2026-08-29T00:40:48,1787938849,13.568955,100.847094,,,-1.4,-3.8,109.4,109.4,,,,25.01,99,POSCTL,0,0
2026-08-29T00:40:49,1787938850,13.568964,100.847092,,,-1.4,-3.8,109.4,109.4,,,,25.01,99,POSCTL,0,0
2026-08-29T00:40:50,1787938851,13.568964,100.847092,,,-1.4,-3.8,109.4,109.4,,,,25.01,99,POSCTL,0,0
2026-08-29T00:40:51,1787938852,13.568964,100.84709,,,-1.4,-3.8,109.4,109.4,,,,25.01,99,POSCTL,0,0
2026-08-29T00:40:52,1787938853,13.568964,100.84709,,,-1.4,-3.8,109.4,109.4,,,,25.01,99,POSCTL,0,0
2026-08-29T00:40:53,1787938854,13.568964,100.84709,,,-1.4,-3.8,109.4,109.4,,,,25.01,99,POSCTL,0,0
2026-08-29T00:40:54,1787938855,13.568964,100.84709,,,-1.4,-3.8,109.4,109.4,,,,25.01,99,POSCTL,0,0
2026-08-29T00:40:55,1787938856,13.568964,100.84709,,,-1.4,-3.8,109.4,109.4,,,,25.01,99,POSCTL,0,0
2026-08-29T00:40:56,1787938857,13.568964,100.84709,,,-1.4,-3.8,109.4,109.4,,,,25.01,99,POSCTL,0,0
2026-08-29T00:40:57,1787938858,13.568965,100.847091,,,-1.4,-3.8,109.4,109.4,,,,25.01,99,POSCTL,0,0
2026-08-29T00:40:58,1787938859,13.568965,100.847091,,,-1.4,-3.8,109.4,109.4,,,,25.01,99,POSCTL,0,0
2026-08-29T00:40:59,1787938860,13.568967,100.847088,,,-1.4,-3.8,109.4,109.4,,,,25.01,98,POSCTL,0,0
2026-08-29T00:41:00,1787938861,13.568967,100.847088,,,-1.4,-3.8,109.4,109.4,,,,25.01,98,POSCTL,0,0
2026-08-29T00:41:01,1787938862,13.568971,100.84709,,,-1.4,-3.8,109.4,109.4,,,,25.01,98,POSCTL,0,0
2026-08-29T00:41:02,1787938863,13.568971,100.84709,,,-1.4,-3.8,109.4,109.4,,,,25.01,98,POSCTL,0,0
2026-08-29T00:41:03,1787938864,13.568975,100.847079,,,-1.4,-3.8,109.4,109.4,,,,25.01,98,POSCTL,0,0
2026-08-29T00:41:04,1787938865,13.568975,100.847079,,,-1.4,-3.8,109.5,109.5,,,,25.01,98,POSCTL,0,0
2026-08-29T00:41:05,1787938866,13.568975,100.847079,,,-1.4,-3.8,109.5,109.5,,,,25.01,98,POSCTL,0,0
2026-08-29T00:41:06,1787938867,13.568975,100.847079,,,-1.4,-3.8,109.5,109.5,,,,25.01,98,POSCTL,0,0
2026-08-29T00:41:07,1787938868,13.568975,100.847079,,,-1.4,-3.8,109.5,109.5,,,,25.01,98,POSCTL,0,0
2026-08-29T00:41:08,1787938869,13.568975,100.847079,,,-1.4,-3.8,109.5,109.5,,,,25.01,98,POSCTL,0,0
2026-08-29T00:41:09,1787938870,13.56897,100.847057,,,-1.4,-3.8,109.5,109.5,,,,25.01,98,POSCTL,0,0
2026-08-29T00:41:10,1787938871,13.56897,100.847057,,,-1.4,-3.8,109.5,109.5,,,,25.01,98,POSCTL,0,0
2026-08-29T00:41:11,1787938872,13.568971,100.84705,,,-1.4,-3.8,109.5,109.5,,,,25.01,98,POSCTL,0,0
2026-08-29T00:41:12,1787938873,13.568971,100.84705,,,-1.4,-3.8,109.5,109.5,,,,25.01,98,POSCTL,0,0
2026-08-29T00:41:13,1787938874,13.568977,100.847041,,,-1.4,-3.8,109.5,109.5,,,,25.01,98,POSCTL,0,0
2026-08-29T00:41:14,1787938875,13.568977,100.847041,,,-1.4,-3.8,109.5,109.5,,,,25.01,98,POSCTL,0,0
2026-08-29T00:41:15,1787938876,13.568977,100.847041,,,-1.4,-3.8,109.5,109.5,,,,25.01,98,POSCTL,0,0
2026-08-29T00:41:16,1787938877,13.568977,100.847041,,,-1.4,-3.8,109.5,109.5,,,,25.01,98,POSCTL,0,0
2026-08-29T00:41:17,1787938878,13.568977,100.847041,,,-1.4,-3.8,109.5,109.5,,,,25.01,98,POSCTL,0,0
2026-08-29T00:41:18,1787938879,13.568977,100.847041,,,-1.4,-3.8,109.5,109.5,,,,25.01,98,POSCTL,0,0
2026-08-29T00:41:19,1787938880,13.568974,100.847027,,,-1.4,-3.8,109.5,109.5,,,,25.01,98,POSCTL,0,0
2026-08-29T00:41:20,1787938881,13.568974,100.847027,,,-1.4,-3.8,109.5,109.5,,,,25.01,98,POSCTL,0,0
2026-08-29T00:41:21,1787938882,13.568975,100.847017,,,-1.4,-3.8,109.5,109.5,,,,25.01,98,POSCTL,0,0
2026-08-29T00:41:22,1787938883,13.568975,100.847017,,,-1.4,-3.8,109.5,109.5,,,,25.01,98,POSCTL,0,0
2026-08-29T00:41:23,1787938884,13.568975,100.847017,,,-1.4,-3.8,109.5,109.5,,,,25.01,98,POSCTL,0,0
2026-08-29T00:41:24,1787938885,13.568975,100.847017,,,-1.4,-3.8,109.5,109.5,,,,25.01,98,POSCTL,0,0
2026-08-29T00:41:25,1787938886,13.568975,100.847017,,,-1.4,-3.8,109.5,109.5,,,,25.01,98,POSCTL,0,0
2026-08-29T00:41:26,1787938887,13.568965,100.847011,,,-1.4,-3.8,109.5,109.5,,,,25.01,98,POSCTL,0,0
2026-08-29T00:41:27,1787938888,13.568965,100.847011,,,-1.4,-3.8,109.5,109.5,,,,25.01,98,POSCTL,0,0
2026-08-29T00:41:28,1787938889,13.568965,100.847011,,,-1.4,-3.8,109.5,109.5,,,,25.01,98,POSCTL,0,0
2026-08-29T00:41:29,1787938890,13.568965,100.847014,,,-1.4,-3.8,109.5,109.5,,,,25.01,98,POSCTL,0,0
2026-08-29T00:41:30,1787938891,13.568962,100.84702,,,-1.4,-3.8,109.5,109.5,,,,25.01,98,POSCTL,0,0
2026-08-29T00:41:31,1787938892,13.568962,100.84702,,,-1.4,-3.8,109.5,109.5,,,,25.01,98,POSCTL,0,0
2026-08-29T00:41:32,1787938893,13.568962,100.84702,,,-1.4,-3.8,109.5,109.5,,,,25.01,98,POSCTL,0,0
2026-08-29T00:41:33,1787938894,13.568962,100.84702,,,-1.4,-3.8,109.5,109.5,,,,25.01,98,POSCTL,0,0
2026-08-29T00:41:34,1787938895,13.568965,100.84702,,,-1.4,-3.8,109.5,109.5,,,,25.01,98,POSCTL,0,0
2026-08-29T00:41:35,1787938896,13.568965,100.84702,,,-1.4,-3.8,109.5,109.5,,,,25.01,98,POSCTL,0,0
2026-08-29T00:41:36,1787938897,13.568965,100.84702,,,-1.4,-3.8,109.5,109.5,,,,25.01,98,POSCTL,0,0
2026-08-29T00:41:37,1787938898,13.568966,100.847023,,,-1.4,-3.8,109.6,109.6,,,,25.01,98,POSCTL,0,0
2026-08-29T00:41:38,1787938899,13.568966,100.847023,,,-1.4,-3.8,109.6,109.6,,,,25.01,98,POSCTL,0,0
2026-08-29T00:41:39,1787938900,13.568966,100.847023,,,-1.4,-3.8,109.6,109.6,,,,25.01,98,POSCTL,0,0
2026-08-29T00:41:40,1787938901,13.568966,100.847023,,,-1.4,-3.8,109.6,109.6,,,,25.01,98,POSCTL,0,0
2026-08-29T00:41:41,1787938902,13.568966,100.847023,,,-1.4,-3.8,109.6,109.6,,,,25.01,98,POSCTL,0,0
2026-08-29T00:41:42,1787938903,13.568966,100.847023,,,-1.4,-3.8,109.6,109.6,,,,25.01,98,POSCTL,0,0
2026-08-29T00:41:43,1787938904,13.568957,100.847033,,,-1.4,-3.8,109.6,109.6,,,,25.01,98,POSCTL,0,0
2026-08-29T00:41:44,1787938905,13.568957,100.847033,,,-1.4,-3.8,109.6,109.6,,,,25.01,98,POSCTL,0,0
2026-08-29T00:41:45,1787938906,13.568962,100.847023,,,-1.4,-3.8,109.6,109.6,,,,25.01,98,POSCTL,0,0
2026-08-29T00:41:46,1787938907,13.568962,100.847023,,,-1.4,-3.8,109.6,109.6,,,,25.01,98,POSCTL,0,0
2026-08-29T00:41:47,1787938908,13.568962,100.847014,,,-1.4,-3.8,109.6,109.6,,,,25.01,98,POSCTL,0,0
2026-08-29T00:41:48,1787938909,13.568962,100.847014,,,-1.4,-3.8,109.6,109.6,,,,25.01,98,POSCTL,0,0
2026-08-29T00:41:49,1787938910,13.568962,100.847014,,,-1.4,-3.8,109.6,109.6,,,,25.01,98,POSCTL,0,0
2026-08-29T00:41:50,1787938911,13.568962,100.847014,,,-1.4,-3.8,109.6,109.6,,,,25.01,98,POSCTL,0,0
2026-08-29T00:41:51,1787938912,13.568962,100.847014,,,-1.4,-3.8,109.6,109.6,,,,25.01,98,POSCTL,0,0
2026-08-29T00:41:52,1787938913,13.56896,100.84702,,,-1.4,-3.8,109.6,109.6,,,,25.01,98,POSCTL,0,0
2026-08-29T00:41:53,1787938914,13.56896,100.84702,,,-1.4,-3.8,109.6,109.6,,,,25.01,98,POSCTL,0,0
2026-08-29T00:41:54,1787938915,13.568959,100.847023,,,-1.4,-3.8,109.6,109.6,,,,25.01,98,POSCTL,0,0
2026-08-29T00:41:55,1787938916,13.568959,100.847023,,,-1.4,-3.8,109.6,109.6,,,,25.01,98,POSCTL,0,0
2026-08-29T00:41:56,1787938917,13.568957,100.847025,,,-1.4,-3.8,109.6,109.6,,,,25.01,98,POSCTL,0,0
2026-08-29T00:41:57,1787938918,13.568957,100.847025,,,-1.4,-3.8,109.6,109.6,,,,25.01,98,POSCTL,0,0
2026-08-29T00:41:58,1787938919,13.568957,100.847025,,,-1.4,-3.8,109.6,109.6,,,,25.01,98,POSCTL,0,0
2026-08-29T00:41:59,1787938920,13.568957,100.847025,,,-1.4,-3.8,109.6,109.6,,,,25.01,98,POSCTL,0,0
2026-08-29T00:42:00,1787938921,13.568958,100.847022,,,-1.4,-3.8,109.6,109.6,,,,25.01,98,POSCTL,0,0
2026-08-29T00:42:01,1787938922,13.568958,100.847022,,,-1.4,-3.8,109.6,109.6,,,,25.01,98,POSCTL,0,0
2026-08-29T00:42:02,1787938923,13.568958,100.847022,,,-1.4,-3.8,109.6,109.6,,,,25.0,98,POSCTL,0,0
2026-08-29T00:42:03,1787938924,13.568958,100.84702,,,-1.4,-3.8,109.6,109.6,,,,25.0,98,POSCTL,0,0
2026-08-29T00:42:04,1787938925,13.568958,100.84702,,,-1.4,-3.8,109.6,109.6,,,,25.0,98,POSCTL,0,0
2026-08-29T00:42:05,1787938926,13.568953,100.847027,,,-1.4,-3.8,109.6,109.6,,,,25.0,98,POSCTL,0,0
2026-08-29T00:42:06,1787938927,13.568953,100.847027,,,-1.4,-3.8,109.6,109.6,,,,25.0,98,POSCTL,0,0
2026-08-29T00:42:07,1787938928,13.568953,100.847027,,,-1.4,-3.8,109.6,109.6,,,,25.0,98,POSCTL,0,0
2026-08-29T00:42:08,1787938929,13.568953,100.847027,,,-1.4,-3.8,109.6,109.6,,,,25.0,98,POSCTL,0,0
2026-08-29T00:42:09,1787938930,13.568939,100.847048,,,-1.4,-3.8,109.6,109.6,,,,25.0,98,POSCTL,0,0
2026-08-29T00:42:10,1787938931,13.568939,100.847048,,,-1.4,-3.8,109.6,109.6,,,,25.0,98,POSCTL,0,0
2026-08-29T00:42:11,1787938932,13.568939,100.847048,,,-1.4,-3.8,109.6,109.6,,,,25.0,98,POSCTL,0,0
2026-08-29T00:42:12,1787938933,13.568941,100.847046,,,-1.4,-3.8,109.6,109.6,,,,25.0,98,POSCTL,0,0
2026-08-29T00:42:13,1787938934,13.568941,100.847046,,,-1.3,-3.8,109.6,109.6,,,,25.0,98,POSCTL,0,0
2026-08-29T00:42:14,1787938935,13.568939,100.847048,,,-1.3,-3.8,109.6,109.6,,,,25.0,98,POSCTL,0,0
2026-08-29T00:42:15,1787938936,13.568939,100.847048,,,-1.3,-3.8,109.6,109.6,,,,25.0,98,POSCTL,0,0
2026-08-29T00:42:16,1787938937,13.568939,100.847048,,,-1.3,-3.8,109.6,109.6,,,,25.0,98,POSCTL,0,0
2026-08-29T00:42:17,1787938938,13.568939,100.847048,,,-1.3,-3.8,109.6,109.6,,,,25.0,98,POSCTL,0,0
2026-08-29T00:42:18,1787938939,13.568939,100.847048,,,-1.4,-3.8,109.6,109.6,,,,25.0,98,POSCTL,0,0
2026-08-29T00:42:19,1787938940,13.568949,100.847041,,,-1.4,-3.8,109.6,109.6,,,,25.0,98,POSCTL,0,0
2026-08-29T00:42:20,1787938941,13.568949,100.847041,,,-1.4,-3.8,109.6,109.6,,,,25.0,98,POSCTL,0,0
2026-08-29T00:42:21,1787938942,13.568946,100.847043,,,-1.4,-3.8,109.6,109.6,,,,25.0,98,POSCTL,0,0
2026-08-29T00:42:22,1787938943,13.568946,100.847043,,,-1.4,-3.8,109.6,109.6,,,,25.0,98,POSCTL,0,0
2026-08-29T00:42:23,1787938944,13.568945,100.847045,,,-1.4,-3.8,109.6,109.6,,,,25.0,98,POSCTL,0,0
2026-08-29T00:42:24,1787938945,13.568945,100.847045,,,-1.4,-3.8,109.6,109.6,,,,25.0,98,POSCTL,0,0
2026-08-29T00:42:25,1787938946,13.568945,100.847045,,,-1.4,-3.8,109.6,109.6,,,,25.0,98,POSCTL,0,0
2026-08-29T00:42:26,1787938947,13.568945,100.847045,,,-1.4,-3.8,109.6,109.6,,,,25.0,98,POSCTL,0,0
2026-08-29T00:42:27,1787938948,13.568945,100.847045,,,-1.4,-3.8,109.6,109.6,,,,25.0,98,POSCTL,0,0
2026-08-29T00:42:28,1787938949,13.568945,100.847045,,,-1.4,-3.8,109.6,109.6,,,,25.0,98,POSCTL,0,0
2026-08-29T00:42:29,1787938950,13.568935,100.847053,,,-1.4,-3.8,109.6,109.6,,,,25.0,98,POSCTL,0,0
2026-08-29T00:42:30,1787938951,13.568935,100.847052,,,-1.4,-3.8,109.6,109.6,,,,25.0,98,POSCTL,0,0
2026-08-29T00:42:31,1787938952,13.568935,100.847052,,,-1.4,-3.8,109.6,109.6,,,,25.0,98,POSCTL,0,0
2026-08-29T00:42:32,1787938953,13.56893,100.847055,,,-1.4,-3.8,109.6,109.6,,,,25.0,98,POSCTL,0,0
2026-08-29T00:42:33,1787938954,13.56893,100.847055,,,-1.4,-3.8,109.6,109.6,,,,25.0,98,POSCTL,0,0
2026-08-29T00:42:34,1787938955,13.568927,100.847058,,,-1.4,-3.8,109.6,109.6,,,,25.0,98,POSCTL,0,0
2026-08-29T00:42:35,1787938956,13.568927,100.847058,,,-1.4,-3.8,109.6,109.6,,,,25.0,98,POSCTL,0,0
2026-08-29T00:42:36,1787938957,13.568927,100.847058,,,-1.4,-3.8,109.6,109.6,,,,25.0,98,POSCTL,0,0
2026-08-29T00:42:37,1787938958,13.568924,100.847059,,,-1.4,-3.8,109.6,109.6,,,,25.0,98,POSCTL,0,0
2026-08-29T00:42:38,1787938959,13.568924,100.847059,,,-1.4,-3.8,109.6,109.6,,,,25.0,98,POSCTL,0,0
2026-08-29T00:42:39,1787938960,13.568924,100.847059,,,-1.4,-3.8,109.6,109.6,,,,25.0,98,POSCTL,0,0
2026-08-29T00:42:40,1787938961,13.568926,100.847053,,,-1.4,-3.8,109.6,109.6,,,,25.0,98,POSCTL,0,0
2026-08-29T00:42:41,1787938962,13.568926,100.847053,,,-1.4,-3.8,109.6,109.6,,,,25.0,98,POSCTL,0,0
2026-08-29T00:42:42,1787938963,13.568926,100.847053,,,-1.4,-3.8,109.6,109.6,,,,25.0,98,POSCTL,0,0
2026-08-29T00:42:43,1787938964,13.568926,100.847053,,,-1.4,-3.8,109.6,109.6,,,,25.0,98,POSCTL,0,0
2026-08-29T00:42:44,1787938965,13.568929,100.847046,,,-1.4,-3.8,109.6,109.6,,,,25.0,98,POSCTL,0,0
2026-08-29T00:42:45,1787938966,13.568929,100.847046,,,-1.4,-3.8,109.6,109.6,,,,25.0,98,POSCTL,0,0
2026-08-29T00:42:46,1787938967,13.568929,100.847046,,,-1.4,-3.8,109.6,109.6,,,,25.0,98,POSCTL,0,0
2026-08-29T00:42:47,1787938968,13.568937,100.847034,,,-1.4,-3.8,109.6,109.6,,,,25.0,98,POSCTL,0,0
2026-08-29T00:42:48,1787938969,13.568937,100.847034,,,-1.4,-3.8,109.6,109.6,,,,25.0,98,POSCTL,0,0
2026-08-29T00:42:49,1787938970,13.568942,100.847026,,,-1.4,-3.8,109.6,109.6,,,,25.0,98,POSCTL,0,0
2026-08-29T00:42:50,1787938971,13.568942,100.847026,,,-1.4,-3.8,109.6,109.6,,,,25.0,98,POSCTL,0,0
2026-08-29T00:42:51,1787938972,13.568942,100.847026,,,-1.4,-3.8,109.6,109.6,,,,25.0,98,POSCTL,0,0
2026-08-29T00:42:52,1787938973,13.568942,100.847026,,,-1.4,-3.8,109.6,109.6,,,,25.0,98,POSCTL,0,0
2026-08-29T00:42:53,1787938974,13.568942,100.847026,,,-1.4,-3.8,109.6,109.6,,,,25.0,98,POSCTL,0,0
2026-08-29T00:42:54,1787938975,13.568942,100.847026,,,-1.4,-3.8,109.6,109.6,,,,25.0,98,POSCTL,0,0
2026-08-29T00:42:55,1787938976,13.568944,100.847021,,,-1.4,-3.8,109.6,109.6,,,,25.0,98,POSCTL,0,0
2026-08-29T00:42:56,1787938977,13.568945,100.847022,,,-1.4,-3.8,109.6,109.6,,,,25.0,98,POSCTL,0,0
2026-08-29T00:42:57,1787938978,13.568945,100.847022,,,-1.4,-3.8,109.6,109.6,,,,25.0,98,POSCTL,0,0
2026-08-29T00:42:58,1787938979,13.568946,100.847024,,,-1.4,-3.8,109.6,109.6,,,,25.0,98,POSCTL,0,0
2026-08-29T00:42:59,1787938980,13.568946,100.847024,,,-1.4,-3.8,109.6,109.6,,,,25.0,98,POSCTL,0,0
2026-08-29T00:43:00,1787938981,13.568946,100.847024,,,-1.4,-3.8,109.6,109.6,,,,25.0,98,POSCTL,0,0
2026-08-29T00:43:01,1787938982,13.56895,100.84702,,,-1.4,-3.8,109.6,109.6,,,,25.0,98,POSCTL,0,0
2026-08-29T00:43:02,1787938983,13.56895,100.84702,,,-1.3,-3.8,109.6,109.6,,,,25.0,98,POSCTL,0,0
2026-08-29T00:43:03,1787938984,13.568957,100.84702,,,-1.3,-3.8,109.6,109.6,,,,25.0,98,POSCTL,0,0
2026-08-29T00:43:04,1787938985,13.568957,100.84702,,,-1.3,-3.8,109.6,109.6,,,,25.0,98,POSCTL,0,0
2026-08-29T00:43:05,1787938986,13.568957,100.84702,,,-1.3,-3.8,109.6,109.6,,,,25.0,98,POSCTL,0,0
2026-08-29T00:43:06,1787938987,13.568957,100.84702,,,-1.3,-3.8,109.6,109.6,,,,25.0,98,POSCTL,0,0
2026-08-29T00:43:07,1787938988,13.568957,100.84702,,,-1.3,-3.8,109.6,109.6,,,,25.0,98,POSCTL,0,0
2026-08-29T00:43:10,1787938991,13.568965,100.847016,,,-1.4,-3.8,109.6,109.6,,,,25.0,98,POSCTL,0,0
2026-08-29T00:43:11,1787938992,13.568965,100.847016,,,-1.4,-3.8,109.6,109.6,,,,25.0,98,POSCTL,0,0
2026-08-29T00:43:12,1787938993,13.568966,100.847019,,,-1.4,-3.8,109.6,109.6,,,,25.0,98,POSCTL,0,0
2026-08-29T00:43:13,1787938994,13.568968,100.847019,,,-1.4,-3.8,109.6,109.6,,,,25.0,98,POSCTL,0,0
2026-08-29T00:43:14,1787938995,13.568968,100.847019,,,-1.4,-3.8,109.6,109.6,,,,25.0,98,POSCTL,0,0
2026-08-29T00:43:15,1787938996,13.568972,100.847014,,,-1.4,-3.8,109.6,109.6,,,,25.0,98,POSCTL,0,0
2026-08-29T00:43:16,1787938997,13.568972,100.847014,,,-1.4,-3.8,109.6,109.6,,,,25.0,98,POSCTL,0,0
2026-08-29T00:43:17,1787938998,13.568972,100.847014,,,-1.4,-3.8,109.6,109.6,,,,25.0,98,POSCTL,0,0
2026-08-29T00:43:18,1787938999,13.568972,100.847014,,,-1.4,-3.8,109.6,109.6,,,,25.0,98,POSCTL,0,0
2026-08-29T00:43:19,1787939000,13.568972,100.847014,,,-1.3,-3.8,109.6,109.6,,,,25.0,98,POSCTL,0,0
2026-08-29T00:43:20,1787939001,13.568972,100.847014,,,-1.3,-3.8,109.6,109.6,,,,25.0,98,POSCTL,0,0
2026-08-29T00:43:21,1787939002,13.568977,100.847008,,,-1.3,-3.8,109.6,109.6,,,,25.0,98,POSCTL,0,0
2026-08-29T00:43:22,1787939003,13.56898,100.847003,,,-1.4,-3.8,109.6,109.6,,,,25.0,98,POSCTL,0,0
2026-08-29T00:43:23,1787939004,13.56898,100.847003,,,-1.4,-3.8,109.6,109.6,,,,25.0,98,POSCTL,0,0
2026-08-29T00:43:24,1787939005,13.568982,100.846999,,,-1.4,-3.8,109.6,109.6,,,,25.0,98,POSCTL,0,0
2026-08-29T00:43:25,1787939006,13.568982,100.846999,,,-1.4,-3.8,109.6,109.6,,,,25.0,98,POSCTL,0,0
2026-08-29T00:43:26,1787939007,13.568982,100.846999,,,-1.4,-3.8,109.6,109.6,,,,25.0,98,POSCTL,0,0
2026-08-29T00:43:27,1787939008,13.568982,100.846999,,,-1.4,-3.8,109.6,109.6,,,,25.0,98,POSCTL,0,0
2026-08-29T00:43:28,1787939009,13.568982,100.846999,,,-1.4,-3.8,109.6,109.6,,,,25.0,98,POSCTL,0,0
2026-08-29T00:43:29,1787939010,13.568982,100.846999,,,-1.4,-3.8,109.6,109.6,,,,25.0,98,POSCTL,0,0
2026-08-29T00:43:30,1787939011,13.568982,100.846999,,,-1.3,-3.8,109.6,109.6,,,,25.0,98,POSCTL,0,0
2026-08-29T00:43:31,1787939012,13.568982,100.846999,,,-1.3,-3.8,109.6,109.6,,,,25.0,98,POSCTL,0,0
2026-08-29T00:43:32,1787939013,13.568981,100.846996,,,-1.4,-3.8,109.6,109.6,,,,25.0,98,POSCTL,0,0
2026-08-29T00:43:33,1787939014,13.568981,100.846996,,,-1.4,-3.8,109.6,109.6,,,,25.0,98,POSCTL,0,0
2026-08-29T00:43:34,1787939015,13.568981,100.846996,,,-1.4,-3.8,109.6,109.6,,,,25.0,98,POSCTL,0,0
2026-08-29T00:43:35,1787939016,13.56899,100.846989,,,-1.4,-3.8,109.6,109.6,,,,25.0,98,POSCTL,0,0
2026-08-29T00:43:36,1787939017,13.56899,100.846989,,,-1.4,-3.8,109.6,109.6,,,,25.0,98,POSCTL,0,0
2026-08-29T00:43:37,1787939018,13.56899,100.846989,,,-1.4,-3.8,109.6,109.6,,,,25.0,98,POSCTL,0,0
2026-08-29T00:43:38,1787939019,13.56899,100.846989,,,-1.4,-3.8,109.6,109.6,,,,25.0,98,POSCTL,0,0
2026-08-29T00:43:39,1787939020,13.568995,100.846986,,,-1.4,-3.8,109.6,109.6,,,,25.0,98,POSCTL,0,0
2026-08-29T00:43:40,1787939021,13.568995,100.846986,,,-1.4,-3.8,109.6,109.6,,,,25.0,98,POSCTL,0,0
2026-08-29T00:43:41,1787939022,13.568998,100.846984,,,-1.4,-3.8,109.6,109.6,,,,25.0,98,POSCTL,0,0
2026-08-29T00:43:42,1787939023,13.568998,100.846984,,,-1.4,-3.8,109.6,109.6,,,,25.0,98,POSCTL,0,0
2026-08-29T00:43:43,1787939024,13.568996,100.846985,,,-1.4,-3.8,109.6,109.6,,,,25.0,98,POSCTL,0,0
2026-08-29T00:43:44,1787939025,13.568996,100.846985,,,-1.4,-3.8,109.6,109.6,,,,25.0,98,POSCTL,0,0
2026-08-29T00:43:45,1787939026,13.568996,100.846985,,,-1.4,-3.8,109.6,109.6,,,,25.0,98,POSCTL,0,0
2026-08-29T00:43:46,1787939027,13.568996,100.846985,,,-1.4,-3.8,109.6,109.6,,,,25.0,98,POSCTL,0,0
2026-08-29T00:43:47,1787939028,13.568996,100.846985,,,-1.4,-3.8,109.6,109.6,,,,25.0,98,POSCTL,0,0
2026-08-29T00:43:48,1787939029,13.568997,100.846982,,,-1.4,-3.8,109.6,109.6,,,,25.0,98,POSCTL,0,0
2026-08-29T00:43:49,1787939030,13.568997,100.846982,,,-1.4,-3.8,109.6,109.6,,,,25.0,98,POSCTL,0,0
2026-08-29T00:43:50,1787939031,13.568999,100.846976,,,-1.4,-3.8,109.6,109.6,,,,25.0,98,POSCTL,0,0
2026-08-29T00:43:51,1787939032,13.568999,100.846976,,,-1.4,-3.8,109.6,109.6,,,,24.99,98,POSCTL,0,0
2026-08-29T00:43:52,1787939033,13.568999,100.846976,,,-1.4,-3.8,109.6,109.6,,,,24.99,98,POSCTL,0,0
2026-08-29T00:43:56,1787939037,13.569005,100.846971,,,-1.4,-3.8,109.6,109.6,,,,24.99,98,POSCTL,0,0
2026-08-29T00:43:57,1787939038,13.569005,100.846971,,,-1.4,-3.8,109.6,109.6,,,,24.99,98,POSCTL,0,0
2026-08-29T00:43:58,1787939039,13.568996,100.84699,,,-1.4,-3.9,109.7,109.7,,,,24.99,98,POSCTL,0,0
2026-08-29T00:43:59,1787939040,13.568996,100.84699,,,-1.4,-3.8,109.7,109.7,,,,24.99,98,POSCTL,0,0
2026-08-29T00:44:00,1787939041,13.568996,100.84699,,,-1.4,-3.8,109.7,109.7,,,,24.99,98,POSCTL,0,0
2026-08-29T00:44:01,1787939042,13.568996,100.84699,,,-1.4,-3.8,109.7,109.7,,,,24.99,98,POSCTL,0,0
2026-08-29T00:44:02,1787939043,13.568996,100.84699,,,-1.3,-3.8,109.7,109.7,,,,24.99,98,POSCTL,0,0
2026-08-29T00:44:03,1787939044,13.568995,100.846985,,,-1.3,-3.8,109.7,109.7,,,,24.99,98,POSCTL,0,0
2026-08-29T00:44:04,1787939045,13.568995,100.846985,,,-1.3,-3.8,109.7,109.7,,,,24.99,98,POSCTL,0,0
2026-08-29T00:44:05,1787939046,13.568995,100.846985,,,-1.3,-3.8,109.7,109.7,,,,24.99,98,POSCTL,0,0
2026-08-29T00:44:06,1787939047,13.568995,100.846985,,,-1.3,-3.8,109.7,109.7,,,,24.99,98,POSCTL,0,0
2026-08-29T00:44:07,1787939048,13.568995,100.846978,,,-1.3,-3.8,109.7,109.7,,,,24.99,98,POSCTL,0,0
2026-08-29T00:44:08,1787939049,13.568995,100.846978,,,-1.3,-3.8,109.7,109.7,,,,24.99,98,POSCTL,0,0
2026-08-29T00:44:09,1787939050,13.568995,100.846986,,,-1.4,-3.8,109.7,109.7,,,,24.99,98,POSCTL,0,0
2026-08-29T00:44:10,1787939051,13.568995,100.846986,,,-1.3,-3.8,109.7,109.7,,,,24.99,98,POSCTL,0,0
2026-08-29T00:44:11,1787939052,13.568997,100.846999,,,-1.3,-3.8,109.7,109.7,,,,24.99,98,POSCTL,0,0
2026-08-29T00:44:12,1787939053,13.568997,100.846999,,,-1.4,-3.8,109.7,109.7,,,,24.99,98,POSCTL,0,0
2026-08-29T00:44:13,1787939054,13.568997,100.846999,,,-1.4,-3.8,109.7,109.7,,,,24.99,98,POSCTL,0,0
2026-08-29T00:44:14,1787939055,13.568997,100.846999,,,-1.4,-3.8,109.7,109.7,,,,24.99,98,POSCTL,0,0
2026-08-29T00:44:15,1787939056,13.569002,100.847006,,,-1.4,-3.8,109.7,109.7,,,,24.99,98,POSCTL,0,0
2026-08-29T00:44:16,1787939057,13.569002,100.847006,,,-1.3,-3.8,109.7,109.7,,,,24.99,98,POSCTL,0,0
2026-08-29T00:44:17,1787939058,13.569006,100.847,,,-1.3,-3.8,109.7,109.7,,,,24.99,98,POSCTL,0,0
2026-08-29T00:44:18,1787939059,13.569006,100.847,,,-1.3,-3.8,109.7,109.7,,,,24.99,98,POSCTL,0,0
2026-08-29T00:44:19,1787939060,13.569008,100.846999,,,-1.3,-3.8,109.7,109.7,,,,24.99,98,POSCTL,0,0
2026-08-29T00:44:20,1787939061,13.569008,100.846999,,,-1.3,-3.8,109.7,109.7,,,,24.99,98,POSCTL,0,0
2026-08-29T00:44:21,1787939062,13.569008,100.846999,,,-1.3,-3.8,109.7,109.7,,,,24.99,98,POSCTL,0,0
2026-08-29T00:44:22,1787939063,13.569008,100.846999,,,-1.3,-3.8,109.7,109.7,,,,24.99,98,POSCTL,0,0
2026-08-29T00:44:23,1787939064,13.569008,100.846999,,,-1.3,-3.8,109.7,109.7,,,,24.99,98,POSCTL,0,0
2026-08-29T00:44:24,1787939065,13.569008,100.846999,,,-1.3,-3.8,109.7,109.7,,,,24.99,98,POSCTL,0,0
2026-08-29T00:44:25,1787939066,13.569008,100.846999,,,-1.3,-3.8,109.7,109.7,,,,24.99,98,POSCTL,0,0
2026-08-29T00:44:26,1787939067,13.569015,100.846982,,,-1.3,-3.8,109.7,109.7,,,,24.99,98,POSCTL,0,0
2026-08-29T00:44:27,1787939068,13.569015,100.846982,,,-1.3,-3.8,109.7,109.7,,,,24.99,98,POSCTL,0,0
2026-08-29T00:44:28,1787939069,13.569015,100.846982,,,-1.3,-3.8,109.7,109.7,,,,24.99,98,POSCTL,0,0
2026-08-29T00:44:29,1787939070,13.569017,100.846976,,,-1.3,-3.8,109.7,109.7,,,,24.99,98,POSCTL,0,0
2026-08-29T00:44:30,1787939071,13.569017,100.846976,,,-1.3,-3.8,109.7,109.7,,,,24.99,98,POSCTL,0,0
2026-08-29T00:44:31,1787939072,13.569017,100.846976,,,-1.3,-3.8,109.7,109.7,,,,24.99,98,POSCTL,0,0
2026-08-29T00:44:32,1787939073,13.569017,100.846976,,,-1.3,-3.8,109.7,109.7,,,,24.99,98,POSCTL,0,0
2026-08-29T00:44:33,1787939074,13.569017,100.846976,,,-1.3,-3.8,109.7,109.7,,,,24.99,98,POSCTL,0,0
2026-08-29T00:44:35,1787939076,13.569017,100.846976,,,-1.3,-3.8,109.7,109.7,,,,24.99,98,POSCTL,0,0
2026-08-29T00:44:36,1787939077,13.569005,100.847008,,,-1.4,-3.8,109.6,109.6,,,,24.99,98,POSCTL,0,0
2026-08-29T00:44:37,1787939078,13.569005,100.847008,,,-1.4,-3.8,109.6,109.6,,,,24.99,98,POSCTL,0,0
2026-08-29T00:44:38,1787939079,13.568996,100.847018,,,-1.4,-3.9,109.6,109.6,,,,24.99,98,POSCTL,0,0
2026-08-29T00:44:39,1787939080,13.568996,100.847018,,,-1.4,-3.8,109.6,109.6,,,,24.99,98,POSCTL,0,0
2026-08-29T00:44:40,1787939081,13.568994,100.847024,,,-1.3,-3.8,109.6,109.6,,,,24.99,98,POSCTL,0,0
2026-08-29T00:44:41,1787939082,13.568994,100.847024,,,-1.3,-3.8,109.6,109.6,,,,24.99,98,POSCTL,0,0
2026-08-29T00:44:42,1787939083,13.568994,100.847024,,,-1.3,-3.8,109.6,109.6,,,,24.99,98,POSCTL,0,0
2026-08-29T00:44:43,1787939084,13.568994,100.847024,,,-1.3,-3.8,109.6,109.6,,,,24.99,98,POSCTL,0,0
2026-08-29T00:44:44,1787939085,13.568994,100.847024,,,-1.3,-3.8,109.6,109.6,,,,24.99,98,POSCTL,0,0
2026-08-29T00:44:45,1787939086,13.568994,100.847024,,,-1.3,-3.8,109.6,109.6,,,,24.99,98,POSCTL,0,0
2026-08-29T00:44:46,1787939087,13.568994,100.847024,,,-1.3,-3.9,109.6,109.6,,,,24.99,98,POSCTL,0,0
2026-08-29T00:44:47,1787939088,13.568994,100.847024,,,-1.3,-3.9,109.6,109.6,,,,24.99,98,POSCTL,0,0
2026-08-29T00:44:48,1787939089,13.568978,100.847028,,,-1.3,-3.9,109.6,109.6,,,,24.99,98,POSCTL,0,0
2026-08-29T00:44:49,1787939090,13.568978,100.847028,,,-1.3,-3.9,109.6,109.6,,,,24.99,98,POSCTL,0,0
2026-08-29T00:44:50,1787939091,13.568975,100.847025,,,-1.3,-3.9,109.6,109.6,,,,24.99,98,POSCTL,0,0
2026-08-29T00:44:51,1787939092,13.568975,100.847025,,,-1.3,-3.8,109.6,109.6,,,,24.99,98,POSCTL,0,0
2026-08-29T00:44:52,1787939093,13.568977,100.84702,,,-1.3,-3.8,109.6,109.6,,,,24.99,98,POSCTL,0,0
2026-08-29T00:44:53,1787939094,13.568977,100.84702,,,-1.3,-3.8,109.6,109.6,,,,24.99,98,POSCTL,0,0
2026-08-29T00:44:54,1787939095,13.568977,100.84702,,,-1.3,-3.8,109.6,109.6,,,,24.99,98,POSCTL,0,0
2026-08-29T00:44:55,1787939096,13.568984,100.847009,,,-1.3,-3.8,109.6,109.6,,,,24.99,98,POSCTL,0,0
2026-08-29T00:44:56,1787939097,13.568984,100.847009,,,-1.3,-3.8,109.6,109.6,,,,24.99,98,POSCTL,0,0
2026-08-29T00:44:57,1787939098,13.568986,100.847004,,,-1.3,-3.8,109.6,109.6,,,,24.99,98,POSCTL,0,0
2026-08-29T00:44:58,1787939099,13.568986,100.847004,,,-1.3,-3.8,109.6,109.6,,,,24.99,98,POSCTL,0,0
2026-08-29T00:44:59,1787939100,13.568987,100.846994,,,-1.3,-3.8,109.6,109.6,,,,24.99,98,POSCTL,0,0
2026-08-29T00:45:00,1787939101,13.568987,100.846991,,,-1.3,-3.8,109.6,109.6,,,,24.99,98,POSCTL,0,0
2026-08-29T00:45:01,1787939102,13.568987,100.846991,,,-1.3,-3.8,109.6,109.6,,,,24.99,98,POSCTL,0,0
2026-08-29T00:45:02,1787939103,13.568987,100.846991,,,-1.4,-3.8,109.6,109.6,,,,24.99,98,POSCTL,0,0
2026-08-29T00:45:03,1787939104,13.568987,100.846991,,,-1.4,-3.8,109.6,109.6,,,,24.99,98,POSCTL,0,0
2026-08-29T00:45:04,1787939105,13.568987,100.846991,,,-1.4,-3.8,109.6,109.6,,,,24.99,98,POSCTL,0,0
2026-08-29T00:45:05,1787939106,13.568987,100.846991,,,-1.3,-3.8,109.6,109.6,,,,24.99,98,POSCTL,0,0
2026-08-29T00:45:06,1787939107,13.568998,100.84698,,,-1.3,-3.8,109.6,109.6,,,,24.99,98,POSCTL,0,0
2026-08-29T00:45:07,1787939108,13.568998,100.84698,,,-1.3,-3.8,109.6,109.6,,,,24.99,98,POSCTL,0,0
2026-08-29T00:45:08,1787939109,13.568996,100.846979,,,-1.3,-3.8,109.6,109.6,,,,24.99,98,POSCTL,0,0
2026-08-29T00:45:09,1787939110,13.569001,100.846978,,,-1.3,-3.8,109.6,109.6,,,,24.99,98,POSCTL,0,0
2026-08-29T00:45:10,1787939111,13.569001,100.846978,,,-1.4,-3.8,109.6,109.6,,,,24.99,98,POSCTL,0,0
2026-08-29T00:45:11,1787939112,13.569007,100.846979,,,-1.4,-3.8,109.6,109.6,,,,24.99,98,POSCTL,0,0
2026-08-29T00:45:12,1787939113,13.569006,100.846977,,,-1.4,-3.8,109.6,109.6,,,,24.99,98,POSCTL,0,0
2026-08-29T00:45:13,1787939114,13.569006,100.846977,,,-1.4,-3.8,109.6,109.6,,,,24.99,98,POSCTL,0,0
2026-08-29T00:45:14,1787939115,13.569006,100.846977,,,-1.4,-3.8,109.6,109.6,,,,24.99,98,POSCTL,0,0
2026-08-29T00:45:15,1787939116,13.569006,100.846977,,,-1.4,-3.8,109.6,109.6,,,,24.99,98,POSCTL,0,0
2026-08-29T00:45:16,1787939117,13.569006,100.846977,,,-1.4,-3.8,109.6,109.6,,,,24.99,98,POSCTL,0,0
2026-08-29T00:45:17,1787939118,13.569006,100.846977,,,-1.4,-3.8,109.6,109.6,,,,24.99,98,POSCTL,0,0
2026-08-29T00:45:18,1787939119,13.569006,100.846977,,,-1.4,-3.8,109.6,109.6,,,,24.99,98,POSCTL,0,0
2026-08-29T00:45:19,1787939120,13.569006,100.846977,,,-1.3,-3.8,109.7,109.7,,,,24.99,98,POSCTL,0,0
2026-08-29T00:45:20,1787939121,13.569011,100.846975,,,-1.3,-3.8,109.7,109.7,,,,24.99,98,POSCTL,0,0
2026-08-29T00:45:21,1787939122,13.569011,100.846975,,,-1.3,-3.8,109.7,109.7,,,,24.99,98,POSCTL,0,0
2026-08-29T00:45:22,1787939123,13.569013,100.846978,,,-1.3,-3.8,109.7,109.7,,,,24.99,98,POSCTL,0,0
2026-08-29T00:45:23,1787939124,13.569017,100.846975,,,-1.3,-3.8,109.7,109.7,,,,24.99,98,POSCTL,0,0
2026-08-29T00:45:24,1787939125,13.569017,100.846975,,,-1.4,-3.8,109.7,109.7,,,,24.99,98,POSCTL,0,0
2026-08-29T00:45:25,1787939126,13.569017,100.846975,,,-1.4,-3.8,109.7,109.7,,,,24.99,98,POSCTL,0,0
2026-08-29T00:45:26,1787939127,13.569017,100.846975,,,-1.4,-3.8,109.7,109.7,,,,24.99,98,POSCTL,0,0
2026-08-29T00:45:27,1787939128,13.569017,100.846975,,,-1.4,-3.8,109.7,109.7,,,,24.99,98,POSCTL,0,0
2026-08-29T00:45:28,1787939129,13.569017,100.846975,,,-1.4,-3.8,109.7,109.7,,,,24.99,98,POSCTL,0,0
2026-08-29T00:45:29,1787939130,13.569017,100.846975,,,-1.4,-3.8,109.7,109.7,,,,24.99,98,POSCTL,0,0
2026-08-29T00:45:30,1787939131,13.569017,100.846975,,,-1.4,-3.8,109.7,109.7,,,,24.99,98,POSCTL,0,0
2026-08-29T00:45:31,1787939132,13.569017,100.846975,,,-1.4,-3.8,109.7,109.7,,,,24.99,98,POSCTL,0,0
2026-08-29T00:45:32,1787939133,13.569017,100.846975,,,-1.4,-3.8,109.7,109.7,,,,24.99,98,POSCTL,0,0
2026-08-29T00:45:33,1787939134,13.569026,100.846962,,,-1.3,-3.8,109.7,109.7,,,,24.99,98,POSCTL,0,0
2026-08-29T00:45:34,1787939135,13.569026,100.846962,,,-1.3,-3.8,109.7,109.7,,,,24.99,97,POSCTL,0,0
2026-08-29T00:45:35,1787939136,13.569025,100.84696,,,-1.3,-3.8,109.7,109.7,,,,24.99,97,POSCTL,0,0
2026-08-29T00:45:36,1787939137,13.569025,100.84696,,,-1.3,-3.8,109.7,109.7,,,,24.99,97,POSCTL,0,0
2026-08-29T00:45:37,1787939138,13.569025,100.84696,,,-1.3,-3.8,109.7,109.7,,,,24.99,97,POSCTL,0,0
2026-08-29T00:45:38,1787939139,13.569025,100.84696,,,-1.3,-3.8,109.7,109.7,,,,24.99,97,POSCTL,0,0
2026-08-29T00:45:39,1787939140,13.569025,100.84696,,,-1.3,-3.8,109.7,109.7,,,,24.99,97,POSCTL,0,0
2026-08-29T00:45:40,1787939141,13.569025,100.84696,,,-1.3,-3.8,109.7,109.7,,,,24.99,97,POSCTL,0,0
2026-08-29T00:45:41,1787939142,13.569025,100.84696,,,-1.3,-3.8,109.7,109.7,,,,24.99,97,POSCTL,0,0
2026-08-29T00:45:42,1787939143,13.569025,100.84696,,,-1.3,-3.8,109.7,109.7,,,,24.99,97,POSCTL,0,0
2026-08-29T00:45:43,1787939144,13.569021,100.846969,,,-1.3,-3.8,109.7,109.7,,,,24.99,97,POSCTL,0,0
2026-08-29T00:45:44,1787939145,13.569021,100.846969,,,-1.3,-3.9,109.7,109.7,,,,24.99,97,POSCTL,0,0
2026-08-29T00:45:45,1787939146,13.569018,100.846969,,,-1.3,-3.8,109.7,109.7,,,,24.98,97,POSCTL,0,0
2026-08-29T00:45:46,1787939147,13.569018,100.846969,,,-1.3,-3.8,109.7,109.7,,,,24.98,97,POSCTL,0,0
2026-08-29T00:45:47,1787939148,13.569018,100.846969,,,-1.3,-3.8,109.7,109.7,,,,24.98,97,POSCTL,0,0
2026-08-29T00:45:48,1787939149,13.569018,100.846969,,,-1.3,-3.8,109.7,109.7,,,,24.98,97,POSCTL,0,0
2026-08-29T00:45:49,1787939150,13.569018,100.846969,,,-1.3,-3.8,109.7,109.7,,,,24.98,97,POSCTL,0,0
2026-08-29T00:45:50,1787939151,13.569018,100.846969,,,-1.3,-3.8,109.7,109.7,,,,24.98,97,POSCTL,0,0
2026-08-29T00:45:51,1787939152,13.569018,100.846969,,,-1.3,-3.8,109.7,109.7,,,,24.98,97,POSCTL,0,0
2026-08-29T00:45:52,1787939153,13.569018,100.846969,,,-1.3,-3.8,109.7,109.7,,,,24.98,97,POSCTL,0,0
2026-08-29T00:45:53,1787939154,13.569018,100.846969,,,-1.3,-3.8,109.7,109.7,,,,24.98,97,POSCTL,0,0
2026-08-29T00:45:54,1787939155,13.569018,100.846969,,,-1.3,-3.8,109.7,109.7,,,,24.98,97,POSCTL,0,0
2026-08-29T00:45:55,1787939156,13.568993,100.846966,,,-1.3,-3.9,109.6,109.6,,,,24.98,97,POSCTL,0,0
2026-08-29T00:45:56,1787939157,13.568993,100.846966,,,-1.3,-3.9,109.6,109.6,,,,24.98,97,POSCTL,0,0
2026-08-29T00:45:57,1787939158,13.568988,100.846964,,,-1.3,-3.9,109.6,109.6,,,,24.98,97,POSCTL,0,0
2026-08-29T00:45:58,1787939159,13.568988,100.846964,,,-1.3,-3.9,109.6,109.6,,,,24.98,97,POSCTL,0,0
2026-08-29T00:45:59,1787939160,13.568986,100.846963,,,-1.3,-3.8,109.6,109.6,,,,24.98,97,POSCTL,0,0
2026-08-29T00:46:00,1787939161,13.568986,100.846963,,,-1.3,-3.8,109.6,109.6,,,,24.98,97,POSCTL,0,0
2026-08-29T00:46:01,1787939162,13.568986,100.846963,,,-1.3,-3.8,109.6,109.6,,,,24.98,97,POSCTL,0,0
2026-08-29T00:46:02,1787939163,13.568986,100.846963,,,-1.3,-3.8,109.6,109.6,,,,24.98,97,POSCTL,0,0
2026-08-29T00:46:03,1787939164,13.568986,100.846963,,,-1.3,-3.8,109.6,109.6,,,,24.98,97,POSCTL,0,0
2026-08-29T00:46:04,1787939165,13.568986,100.846963,,,-1.3,-3.8,109.6,109.6,,,,24.98,97,POSCTL,0,0
2026-08-29T00:46:05,1787939166,13.56897,100.846958,,,-1.3,-3.8,109.6,109.6,,,,24.98,97,POSCTL,0,0
2026-08-29T00:46:06,1787939167,13.56897,100.846958,,,-1.3,-3.8,109.6,109.6,,,,24.98,97,POSCTL,0,0
2026-08-29T00:46:07,1787939168,13.568971,100.846956,,,-1.3,-3.8,109.6,109.6,,,,24.98,97,POSCTL,0,0
2026-08-29T00:46:09,1787939169,13.568971,100.846956,,,-1.4,-3.8,109.6,109.6,,,,24.98,97,POSCTL,0,0
2026-08-29T00:46:10,1787939170,13.568972,100.846955,,,-1.4,-3.8,109.6,109.6,,,,24.98,97,POSCTL,0,0
2026-08-29T00:46:10,1787939171,13.568972,100.846955,,,-1.4,-3.8,109.7,109.7,,,,24.98,97,POSCTL,0,0
2026-08-29T00:46:12,1787939172,13.568972,100.846955,,,-1.4,-3.8,109.7,109.7,,,,24.98,97,POSCTL,0,0
2026-08-29T00:46:13,1787939173,13.568972,100.846955,,,-1.4,-3.8,109.7,109.7,,,,24.98,97,POSCTL,0,0
2026-08-29T00:46:14,1787939174,13.568972,100.846955,,,-1.4,-3.8,109.7,109.7,,,,24.98,97,POSCTL,0,0
2026-08-29T00:46:15,1787939175,13.568972,100.846955,,,-1.4,-3.8,109.7,109.7,,,,24.98,97,POSCTL,0,0
2026-08-29T00:46:16,1787939176,13.568972,100.846955,,,-1.3,-3.8,110.0,110.0,,,,24.98,97,POSCTL,0,0
2026-08-29T00:46:17,1787939177,13.568952,100.846961,,,-1.3,-3.8,109.9,109.9,,,,24.98,97,POSCTL,0,0
2026-08-29T00:46:18,1787939178,13.568952,100.846961,,,-1.4,-3.8,109.9,109.9,,,,24.98,97,POSCTL,0,0
2026-08-29T00:46:19,1787939179,13.568948,100.846966,,,-1.4,-3.8,109.9,109.9,,,,24.98,97,POSCTL,0,0
2026-08-29T00:46:20,1787939180,13.568948,100.846966,,,-1.4,-3.8,109.8,109.8,,,,24.98,97,POSCTL,0,0
2026-08-29T00:46:21,1787939181,13.568948,100.846966,,,-1.4,-3.8,109.8,109.8,,,,24.98,97,POSCTL,0,0
2026-08-29T00:46:22,1787939182,13.568948,100.846966,,,-1.4,-3.8,109.8,109.8,,,,24.98,97,POSCTL,0,0
2026-08-29T00:46:23,1787939183,13.568948,100.846966,,,-1.3,-3.8,109.8,109.8,,,,24.98,97,POSCTL,0,0
2026-08-29T00:46:25,1787939185,13.568948,100.846966,,,-1.3,-3.8,109.8,109.8,,,,24.98,97,POSCTL,0,0
2026-08-29T00:46:26,1787939186,13.568948,100.846966,,,-1.3,-3.8,109.8,109.8,,,,24.98,97,POSCTL,0,0
2026-08-29T00:46:27,1787939187,13.568947,100.846991,,,-1.3,-3.8,109.7,109.7,,,,24.98,97,POSCTL,0,0
2026-08-29T00:46:28,1787939188,13.568947,100.846991,,,-1.3,-3.8,109.7,109.7,,,,24.98,97,POSCTL,0,0
2026-08-29T00:46:29,1787939189,13.568947,100.846991,,,-1.3,-3.8,109.7,109.7,,,,24.98,97,POSCTL,0,0
2026-08-29T00:46:30,1787939190,13.568947,100.846991,,,-1.3,-3.8,109.7,109.7,,,,24.98,97,POSCTL,0,0
2026-08-29T00:46:31,1787939191,13.568947,100.846991,,,-1.3,-3.8,109.7,109.7,,,,24.98,97,POSCTL,0,0
2026-08-29T00:46:33,1787939193,13.568947,100.846991,,,-1.3,-3.9,109.8,109.8,,,,24.98,97,POSCTL,0,0
2026-08-29T00:46:34,1787939194,13.56895,100.847005,,,-1.3,-3.9,109.8,109.8,,,,24.98,97,POSCTL,0,0
2026-08-29T00:46:35,1787939195,13.56895,100.847005,,,-1.3,-3.8,109.8,109.8,,,,24.98,97,POSCTL,0,0
2026-08-29T00:46:36,1787939196,13.56895,100.847006,,,-1.3,-3.8,109.8,109.8,,,,24.98,97,POSCTL,0,0
2026-08-29T00:46:37,1787939197,13.56895,100.847006,,,-1.3,-3.8,109.8,109.8,,,,24.98,97,POSCTL,0,0
2026-08-29T00:46:38,1787939198,13.56895,100.847006,,,-1.3,-3.8,109.8,109.8,,,,24.98,97,POSCTL,0,0
2026-08-29T00:46:39,1787939199,13.56895,100.847006,,,-1.3,-3.8,109.8,109.8,,,,24.98,97,POSCTL,0,0
2026-08-29T00:46:40,1787939200,13.56895,100.847006,,,-1.3,-3.8,109.8,109.8,,,,24.98,97,POSCTL,0,0
2026-08-29T00:46:42,1787939202,13.56895,100.847006,,,-1.3,-3.8,109.8,109.8,,,,24.98,97,POSCTL,0,0
2026-08-29T00:46:43,1787939203,13.56895,100.847006,,,-1.3,-3.8,109.7,109.7,,,,24.98,97,POSCTL,0,0
2026-08-29T00:46:44,1787939204,13.568971,100.847018,,,-1.3,-3.8,109.7,109.7,,,,24.98,97,POSCTL,0,0
2026-08-29T00:46:45,1787939205,13.568971,100.847018,,,-1.3,-3.8,109.7,109.7,,,,24.98,97,POSCTL,0,0
2026-08-29T00:46:46,1787939206,13.568977,100.847018,,,-1.3,-3.8,109.7,109.7,,,,24.98,97,POSCTL,0,0
2026-08-29T00:46:47,1787939207,13.568977,100.847018,,,-1.3,-3.8,109.7,109.7,,,,24.98,97,POSCTL,0,0
2026-08-29T00:46:48,1787939208,13.568977,100.847018,,,-1.3,-3.8,109.7,109.7,,,,24.98,97,POSCTL,0,0
2026-08-29T00:46:49,1787939209,13.568977,100.847018,,,-1.3,-3.8,109.7,109.7,,,,24.98,97,POSCTL,0,0
2026-08-29T00:46:50,1787939210,13.568977,100.847018,,,-1.3,-3.8,109.7,109.7,,,,24.98,97,POSCTL,0,0
2026-08-29T00:46:51,1787939211,13.568977,100.847018,,,-1.3,-3.8,109.7,109.7,,,,24.98,97,POSCTL,0,0
2026-08-29T00:46:52,1787939212,13.568977,100.847018,,,-1.3,-3.8,109.7,109.7,,,,24.98,97,POSCTL,0,0
2026-08-29T00:46:53,1787939213,13.568977,100.847018,,,-1.3,-3.8,109.7,109.7,,,,24.98,97,POSCTL,0,0
2026-08-29T00:46:54,1787939214,13.568994,100.847023,,,-1.3,-3.8,109.7,109.7,,,,24.98,97,POSCTL,0,0
2026-08-29T00:46:55,1787939215,13.568994,100.847023,,,-1.3,-3.8,109.7,109.7,,,,24.98,97,POSCTL,0,0
2026-08-29T00:46:56,1787939216,13.568999,100.847028,,,-1.3,-3.8,109.7,109.7,,,,24.98,97,POSCTL,0,0
2026-08-29T00:46:57,1787939217,13.568999,100.847028,,,-1.3,-3.9,109.7,109.7,,,,24.98,97,POSCTL,0,0
2026-08-29T00:46:58,1787939218,13.568999,100.84703,,,-1.3,-3.9,109.7,109.7,,,,24.98,97,POSCTL,0,0
2026-08-29T00:46:59,1787939219,13.568999,100.84703,,,-1.3,-3.9,109.7,109.7,,,,24.98,97,POSCTL,0,0
2026-08-29T00:47:00,1787939220,13.568999,100.84703,,,-1.3,-3.9,109.7,109.7,,,,24.98,97,POSCTL,0,0
2026-08-29T00:47:01,1787939221,13.568999,100.84703,,,-1.3,-3.9,109.7,109.7,,,,24.98,97,POSCTL,0,0
2026-08-29T00:47:04,1787939224,13.568999,100.84703,,,-1.3,-3.9,109.7,109.7,,,,24.98,97,POSCTL,0,0
2026-08-29T00:47:05,1787939225,13.568999,100.847033,,,-1.3,-3.9,109.7,109.7,,,,24.98,97,POSCTL,0,0
2026-08-29T00:47:06,1787939226,13.568999,100.847033,,,-1.3,-3.9,109.7,109.7,,,,24.98,97,POSCTL,0,0
2026-08-29T00:47:07,1787939227,13.568999,100.847033,,,-1.3,-3.9,109.7,109.7,,,,24.98,97,POSCTL,0,0
2026-08-29T00:47:08,1787939228,13.568997,100.847032,,,-1.3,-3.9,109.7,109.7,,,,24.98,97,POSCTL,0,0
2026-08-29T00:47:09,1787939229,13.568997,100.847032,,,-1.3,-3.9,109.7,109.7,,,,24.98,97,POSCTL,0,0
2026-08-29T00:47:10,1787939230,13.568997,100.847032,,,-1.3,-3.9,109.7,109.7,,,,24.98,97,POSCTL,0,0
2026-08-29T00:47:11,1787939231,13.568997,100.847032,,,-1.3,-3.9,109.7,109.7,,,,24.98,97,POSCTL,0,0
2026-08-29T00:47:12,1787939232,13.568988,100.84703,,,-1.3,-3.9,109.7,109.7,,,,24.98,97,POSCTL,0,0
2026-08-29T00:47:13,1787939233,13.568988,100.84703,,,-1.3,-3.8,109.6,109.6,,,,24.98,97,POSCTL,0,0
2026-08-29T00:47:14,1787939234,13.568982,100.847032,,,-1.3,-3.8,109.6,109.6,,,,24.98,97,POSCTL,0,0
2026-08-29T00:47:15,1787939235,13.568982,100.847034,,,-1.3,-3.8,109.6,109.6,,,,24.98,97,POSCTL,0,0
2026-08-29T00:47:16,1787939236,13.568982,100.847034,,,-1.3,-3.8,109.6,109.6,,,,24.98,97,POSCTL,0,0
2026-08-29T00:47:17,1787939237,13.568978,100.847036,,,-1.3,-3.8,109.6,109.6,,,,24.98,97,POSCTL,0,0
2026-08-29T00:47:18,1787939238,13.568978,100.847036,,,-1.3,-3.8,109.6,109.6,,,,24.98,97,POSCTL,0,0
2026-08-29T00:47:19,1787939239,13.568978,100.847036,,,-1.3,-3.8,109.6,109.6,,,,24.98,97,POSCTL,0,0
2026-08-29T00:47:20,1787939240,13.568978,100.847036,,,-1.3,-3.8,109.6,109.6,,,,24.98,97,POSCTL,0,0
2026-08-29T00:47:21,1787939241,13.568978,100.847036,,,-1.3,-3.8,109.6,109.6,,,,24.98,97,POSCTL,0,0
2026-08-29T00:47:22,1787939242,13.568969,100.847044,,,-1.3,-3.8,109.6,109.6,,,,24.98,97,POSCTL,0,0
2026-08-29T00:47:23,1787939243,13.568969,100.847044,,,-1.3,-3.8,109.6,109.6,,,,24.98,97,POSCTL,0,0
2026-08-29T00:47:24,1787939244,13.568964,100.847045,,,-1.3,-3.8,109.6,109.6,,,,24.98,97,POSCTL,0,0
2026-08-29T00:47:25,1787939245,13.568964,100.847045,,,-1.3,-3.8,109.6,109.6,,,,24.98,97,POSCTL,0,0
2026-08-29T00:47:26,1787939246,13.568964,100.847045,,,-1.3,-3.8,109.6,109.6,,,,24.98,97,POSCTL,0,0
2026-08-29T00:47:27,1787939247,13.56895,100.847029,,,-1.3,-3.8,109.6,109.6,,,,24.98,97,POSCTL,0,0
2026-08-29T00:47:28,1787939248,13.56895,100.847029,,,-1.3,-3.8,109.6,109.6,,,,24.98,97,POSCTL,0,0
2026-08-29T00:47:29,1787939249,13.56895,100.847029,,,-1.3,-3.8,109.6,109.6,,,,24.98,97,POSCTL,0,0
2026-08-29T00:47:30,1787939250,13.56895,100.847029,,,-1.3,-3.8,109.6,109.6,,,,24.98,97,POSCTL,0,0
2026-08-29T00:47:31,1787939251,13.56895,100.847029,,,-1.3,-3.8,109.6,109.6,,,,24.98,97,POSCTL,0,0
2026-08-29T00:47:32,1787939252,13.56895,100.847029,,,-1.3,-3.8,109.6,109.6,,,,24.98,97,POSCTL,0,0
2026-08-29T00:47:33,1787939253,13.56895,100.847029,,,-1.3,-3.8,109.6,109.6,,,,24.98,97,POSCTL,0,0
2026-08-29T00:47:34,1787939254,13.56895,100.847029,,,-1.3,-3.8,109.6,109.6,,,,24.98,97,POSCTL,0,0
2026-08-29T00:47:35,1787939255,13.56895,100.847035,,,-1.3,-3.8,109.6,109.6,,,,24.98,97,POSCTL,0,0
2026-08-29T00:47:36,1787939256,13.56895,100.847035,,,-1.3,-3.8,109.6,109.6,,,,24.98,97,POSCTL,0,0
2026-08-29T00:47:37,1787939257,13.56895,100.847035,,,-1.3,-3.8,109.6,109.6,,,,24.98,97,POSCTL,0,0
2026-08-29T00:47:38,1787939258,13.56895,100.847035,,,-1.3,-3.8,109.6,109.6,,,,24.98,97,POSCTL,0,0
2026-08-29T00:47:39,1787939259,13.56895,100.847035,,,-1.3,-3.8,109.6,109.6,,,,24.98,97,POSCTL,0,0
2026-08-29T00:47:40,1787939260,13.568955,100.847043,,,-1.3,-3.8,109.6,109.6,,,,24.98,97,POSCTL,0,0
2026-08-29T00:47:41,1787939261,13.568955,100.847052,,,-1.4,-3.8,109.6,109.6,,,,24.98,97,POSCTL,0,0
2026-08-29T00:47:42,1787939262,13.568955,100.847052,,,-1.4,-3.8,109.6,109.6,,,,24.98,97,POSCTL,0,0
2026-08-29T00:47:43,1787939263,13.568955,100.847052,,,-1.3,-3.8,109.6,109.6,,,,24.98,97,POSCTL,0,0
2026-08-29T00:47:44,1787939264,13.568959,100.847054,,,-1.3,-3.8,109.6,109.6,,,,24.98,97,POSCTL,0,0
2026-08-29T00:47:45,1787939265,13.568959,100.847054,,,-1.3,-3.8,109.6,109.6,,,,24.98,97,POSCTL,0,0
2026-08-29T00:47:46,1787939266,13.568959,100.847054,,,-1.3,-3.8,109.6,109.6,,,,24.98,97,POSCTL,0,0
2026-08-29T00:47:47,1787939267,13.568959,100.847054,,,-1.3,-3.8,109.6,109.6,,,,24.98,97,POSCTL,0,0
2026-08-29T00:47:48,1787939268,13.568959,100.847054,,,-1.3,-3.8,109.6,109.6,,,,24.98,97,POSCTL,0,0
2026-08-29T00:47:49,1787939269,13.568961,100.847052,,,-1.3,-3.8,109.6,109.6,,,,24.98,97,POSCTL,0,0
2026-08-29T00:47:50,1787939270,13.568961,100.847052,,,-1.3,-3.8,109.6,109.6,,,,24.98,97,POSCTL,0,0
2026-08-29T00:47:51,1787939271,13.56896,100.84705,,,-1.3,-3.8,109.6,109.6,,,,24.97,97,POSCTL,0,0
2026-08-29T00:47:52,1787939272,13.56896,100.84705,,,-1.3,-3.8,109.6,109.6,,,,24.97,97,POSCTL,0,0
2026-08-29T00:47:53,1787939273,13.56896,100.847048,,,-1.3,-3.8,109.6,109.6,,,,24.97,97,POSCTL,0,0
2026-08-29T00:47:54,1787939274,13.56896,100.847048,,,-1.3,-3.8,109.6,109.6,,,,24.97,97,POSCTL,0,0
2026-08-29T00:47:55,1787939275,13.56896,100.847048,,,-1.3,-3.8,109.6,109.6,,,,24.97,97,POSCTL,0,0
2026-08-29T00:47:57,1787939277,13.56896,100.847048,,,-1.3,-3.8,109.6,109.6,,,,24.97,97,POSCTL,0,0
2026-08-29T00:47:58,1787939278,13.568961,100.847034,,,-1.3,-3.8,109.6,109.6,,,,24.97,97,POSCTL,0,0
2026-08-29T00:47:59,1787939279,13.568961,100.847034,,,-1.3,-3.8,109.7,109.7,,,,24.97,97,POSCTL,0,0
2026-08-29T00:48:00,1787939280,13.568962,100.847031,,,-1.3,-3.8,109.7,109.7,,,,24.97,97,POSCTL,0,0
2026-08-29T00:48:01,1787939281,13.568962,100.847031,,,-1.3,-3.9,109.7,109.7,,,,24.97,97,POSCTL,0,0
2026-08-29T00:48:02,1787939282,13.568961,100.847031,,,-1.3,-3.9,109.7,109.7,,,,24.97,97,POSCTL,0,0
2026-08-29T00:48:03,1787939283,13.568961,100.847031,,,-1.3,-3.9,109.7,109.7,,,,24.97,97,POSCTL,0,0
2026-08-29T00:48:04,1787939284,13.568961,100.847031,,,-1.3,-3.9,109.7,109.7,,,,24.97,97,POSCTL,0,0
2026-08-29T00:48:05,1787939285,13.568961,100.847031,,,-1.3,-3.9,109.7,109.7,,,,24.97,97,POSCTL,0,0
2026-08-29T00:48:06,1787939286,13.568961,100.847028,,,-1.3,-3.9,109.7,109.7,,,,24.97,97,POSCTL,0,0
2026-08-29T00:48:07,1787939287,13.568961,100.847028,,,-1.3,-3.8,109.8,109.8,,,,24.97,97,POSCTL,0,0
2026-08-29T00:48:08,1787939288,13.56896,100.847029,,,-1.3,-3.8,109.8,109.8,,,,24.97,97,POSCTL,0,0
2026-08-29T00:48:09,1787939289,13.56896,100.847029,,,-1.3,-3.8,109.8,109.8,,,,24.97,97,POSCTL,0,0
2026-08-29T00:48:10,1787939290,13.56896,100.847029,,,-1.3,-3.8,109.7,109.7,,,,24.97,97,POSCTL,0,0
2026-08-29T00:48:11,1787939291,13.568958,100.847035,,,-1.3,-3.8,109.7,109.7,,,,24.97,97,POSCTL,0,0
2026-08-29T00:48:12,1787939292,13.568958,100.847035,,,-1.3,-3.8,109.7,109.7,,,,24.97,97,POSCTL,0,0
2026-08-29T00:48:13,1787939293,13.568958,100.847035,,,-1.3,-3.8,109.7,109.7,,,,24.97,97,POSCTL,0,0
2026-08-29T00:48:14,1787939294,13.568958,100.847035,,,-1.3,-3.8,109.7,109.7,,,,24.97,97,POSCTL,0,0
2026-08-29T00:48:15,1787939295,13.568955,100.847038,,,-1.3,-3.8,109.7,109.7,,,,24.97,97,POSCTL,0,0
2026-08-29T00:48:16,1787939296,13.568955,100.847038,,,-1.3,-3.8,109.7,109.7,,,,24.97,97,POSCTL,0,0
2026-08-29T00:48:17,1787939297,13.568955,100.847038,,,-1.3,-3.8,109.7,109.7,,,,24.97,97,POSCTL,0,0
2026-08-29T00:48:18,1787939298,13.568955,100.847037,,,-1.3,-3.8,109.7,109.7,,,,24.97,97,POSCTL,0,0
2026-08-29T00:48:19,1787939299,13.568955,100.847037,,,-1.3,-3.8,109.7,109.7,,,,24.97,97,POSCTL,0,0
2026-08-29T00:48:20,1787939300,13.568955,100.847037,,,-1.3,-3.8,109.7,109.7,,,,24.97,97,POSCTL,0,0
2026-08-29T00:48:21,1787939301,13.568955,100.847037,,,-1.3,-3.8,109.7,109.7,,,,24.97,97,POSCTL,0,0
2026-08-29T00:48:22,1787939302,13.568953,100.847033,,,-1.3,-3.8,109.7,109.7,,,,24.97,97,POSCTL,0,0
2026-08-29T00:48:23,1787939303,13.568953,100.847033,,,-1.3,-3.8,109.7,109.7,,,,24.97,97,POSCTL,0,0
2026-08-29T00:48:24,1787939304,13.56895,100.84703,,,-1.3,-3.8,109.7,109.7,,,,24.97,97,POSCTL,0,0
2026-08-29T00:48:25,1787939305,13.56895,100.84703,,,-1.3,-3.8,109.7,109.7,,,,24.97,97,POSCTL,0,0
2026-08-29T00:48:26,1787939306,13.56895,100.847027,,,-1.3,-3.8,109.7,109.7,,,,24.97,97,POSCTL,0,0
2026-08-29T00:48:27,1787939307,13.56895,100.847027,,,-1.3,-3.8,109.7,109.7,,,,24.97,97,POSCTL,0,0
2026-08-29T00:48:28,1787939308,13.56895,100.847027,,,-1.3,-3.8,109.7,109.7,,,,24.97,97,POSCTL,0,0
2026-08-29T00:48:29,1787939309,13.56895,100.847027,,,-1.3,-3.8,109.7,109.7,,,,24.97,97,POSCTL,0,0
2026-08-29T00:48:30,1787939310,13.56895,100.847027,,,-1.3,-3.8,109.7,109.7,,,,24.97,97,POSCTL,0,0
2026-08-29T00:48:31,1787939311,13.56895,100.847027,,,-1.3,-3.8,109.7,109.7,,,,24.97,97,POSCTL,0,0
2026-08-29T00:48:32,1787939312,13.568943,100.847022,,,-1.3,-3.8,109.7,109.7,,,,24.97,97,POSCTL,0,0
2026-08-29T00:48:33,1787939313,13.568943,100.847022,,,-1.3,-3.8,109.7,109.7,,,,24.97,97,POSCTL,0,0
2026-08-29T00:48:34,1787939314,13.568944,100.847019,,,-1.3,-3.8,109.7,109.7,,,,24.97,97,POSCTL,0,0
2026-08-29T00:48:35,1787939315,13.568944,100.847019,,,-1.3,-3.8,109.7,109.7,,,,24.97,97,POSCTL,0,0
2026-08-29T00:48:36,1787939316,13.568944,100.847019,,,-1.3,-3.8,109.7,109.7,,,,24.97,97,POSCTL,0,0
2026-08-29T00:48:37,1787939317,13.568955,100.847004,,,-1.3,-3.8,109.7,109.7,,,,24.97,97,POSCTL,0,0
2026-08-29T00:48:38,1787939318,13.568955,100.847004,,,-1.3,-3.8,109.7,109.7,,,,24.97,97,POSCTL,0,0
2026-08-29T00:48:39,1787939319,13.568955,100.847004,,,-1.3,-3.8,109.7,109.7,,,,24.97,97,POSCTL,0,0
2026-08-29T00:48:40,1787939320,13.568955,100.847004,,,-1.3,-3.8,109.7,109.7,,,,24.97,97,POSCTL,0,0
2026-08-29T00:48:41,1787939321,13.568955,100.847004,,,-1.3,-3.8,109.7,109.7,,,,24.97,97,POSCTL,0,0
2026-08-29T00:48:42,1787939322,13.568955,100.847004,,,-1.3,-3.8,109.7,109.7,,,,24.97,97,POSCTL,0,0
2026-08-29T00:48:43,1787939323,13.568955,100.847004,,,-1.3,-3.8,109.7,109.7,,,,24.97,97,POSCTL,0,0
2026-08-29T00:48:44,1787939324,13.56897,100.846985,,,-1.3,-3.8,109.7,109.7,,,,24.97,97,POSCTL,0,0
2026-08-29T00:48:45,1787939325,13.56897,100.846985,,,-1.3,-3.8,109.6,109.6,,,,24.97,97,POSCTL,0,0
2026-08-29T00:48:46,1787939326,13.568973,100.846985,,,-1.3,-3.8,109.6,109.6,,,,24.97,97,POSCTL,0,0
2026-08-29T00:48:47,1787939327,13.568973,100.846985,,,-1.3,-3.8,109.6,109.6,,,,24.97,97,POSCTL,0,0
2026-08-29T00:48:48,1787939328,13.568973,100.846985,,,-1.3,-3.8,109.6,109.6,,,,24.97,97,POSCTL,0,0
2026-08-29T00:48:49,1787939329,13.568973,100.846985,,,-1.3,-3.8,109.6,109.6,,,,24.97,97,POSCTL,0,0
2026-08-29T00:48:50,1787939330,13.568973,100.846985,,,-1.3,-3.8,109.6,109.6,,,,24.97,97,POSCTL,0,0
2026-08-29T00:48:51,1787939331,13.568973,100.846985,,,-1.3,-3.8,109.6,109.6,,,,24.97,97,POSCTL,0,0
2026-08-29T00:48:52,1787939332,13.568973,100.846985,,,-1.3,-3.8,109.6,109.6,,,,24.97,97,POSCTL,0,0
2026-08-29T00:48:53,1787939333,13.568978,100.846997,,,-1.3,-3.8,109.6,109.6,,,,24.97,97,POSCTL,0,0
2026-08-29T00:48:54,1787939334,13.568978,100.846997,,,-1.3,-3.8,109.6,109.6,,,,24.97,97,POSCTL,0,0
2026-08-29T00:48:55,1787939335,13.568981,100.846999,,,-1.3,-3.8,109.6,109.6,,,,24.97,97,POSCTL,0,0
2026-08-29T00:48:56,1787939336,13.568981,100.846999,,,-1.3,-3.8,109.6,109.6,,,,24.97,97,POSCTL,0,0
2026-08-29T00:48:57,1787939337,13.568978,100.847003,,,-1.3,-3.8,109.6,109.6,,,,24.97,97,POSCTL,0,0
2026-08-29T00:48:58,1787939338,13.568978,100.847003,,,-1.3,-3.8,109.6,109.6,,,,24.97,97,POSCTL,0,0
2026-08-29T00:48:59,1787939339,13.568979,100.847004,,,-1.3,-3.8,109.6,109.6,,,,24.97,97,POSCTL,0,0
2026-08-29T00:49:00,1787939340,13.568979,100.847004,,,-1.3,-3.8,109.6,109.6,,,,24.97,97,POSCTL,0,0
2026-08-29T00:49:01,1787939341,13.568979,100.847004,,,-1.3,-3.8,109.6,109.6,,,,24.97,97,POSCTL,0,0
2026-08-29T00:49:02,1787939342,13.568981,100.847006,,,-1.3,-3.8,109.6,109.6,,,,24.97,97,POSCTL,0,0
2026-08-29T00:49:03,1787939343,13.568985,100.847004,,,-1.3,-3.8,109.6,109.6,,,,24.97,97,POSCTL,0,0
2026-08-29T00:49:04,1787939344,13.568985,100.847004,,,-1.3,-3.8,109.6,109.6,,,,24.97,97,POSCTL,0,0
2026-08-29T00:49:05,1787939345,13.568985,100.847004,,,-1.3,-3.8,109.6,109.6,,,,24.97,97,POSCTL,0,0
2026-08-29T00:49:06,1787939346,13.568985,100.847004,,,-1.3,-3.8,109.6,109.6,,,,24.97,97,POSCTL,0,0
2026-08-29T00:49:07,1787939347,13.568985,100.847004,,,-1.3,-3.8,109.6,109.6,,,,24.97,97,POSCTL,0,0
2026-08-29T00:49:08,1787939348,13.568985,100.847004,,,-1.3,-3.8,109.6,109.6,,,,24.97,97,POSCTL,0,0
2026-08-29T00:49:09,1787939349,13.568984,100.847004,,,-1.3,-3.8,109.6,109.6,,,,24.97,97,POSCTL,0,0
2026-08-29T00:49:10,1787939350,13.568986,100.847006,,,-1.3,-3.8,109.6,109.6,,,,24.97,97,POSCTL,0,0
2026-08-29T00:49:11,1787939351,13.568986,100.847006,,,-1.3,-3.8,109.6,109.6,,,,24.97,97,POSCTL,0,0
2026-08-29T00:49:12,1787939352,13.568987,100.847004,,,-1.3,-3.9,109.6,109.6,,,,24.97,97,POSCTL,0,0
2026-08-29T00:49:13,1787939353,13.568987,100.847004,,,-1.3,-3.9,109.6,109.6,,,,24.97,97,POSCTL,0,0
2026-08-29T00:49:14,1787939354,13.568987,100.847004,,,-1.3,-3.9,109.6,109.6,,,,24.97,97,POSCTL,0,0
2026-08-29T00:49:15,1787939355,13.568987,100.847004,,,-1.3,-3.8,109.6,109.6,,,,24.97,97,POSCTL,0,0
2026-08-29T00:49:16,1787939356,13.568987,100.847004,,,-1.3,-3.8,109.6,109.6,,,,24.97,97,POSCTL,0,0
2026-08-29T00:49:17,1787939357,13.568987,100.847004,,,-1.3,-3.8,109.6,109.6,,,,24.97,97,POSCTL,0,0
2026-08-29T00:49:18,1787939358,13.568997,100.847008,,,-1.3,-3.8,109.6,109.6,,,,24.97,97,POSCTL,0,0
2026-08-29T00:49:19,1787939359,13.569,100.847009,,,-1.3,-3.8,109.6,109.6,,,,24.97,97,POSCTL,0,0
2026-08-29T00:49:20,1787939360,13.569,100.847009,,,-1.3,-3.8,109.6,109.6,,,,24.97,97,POSCTL,0,0
2026-08-29T00:49:21,1787939361,13.569,100.847008,,,-1.3,-3.8,109.6,109.6,,,,24.97,97,POSCTL,0,0
2026-08-29T00:49:22,1787939362,13.569,100.847008,,,-1.3,-3.8,109.6,109.6,,,,24.97,97,POSCTL,0,0
2026-08-29T00:49:23,1787939363,13.569,100.847008,,,-1.3,-3.8,109.6,109.6,,,,24.97,97,POSCTL,0,0
2026-08-29T00:49:24,1787939364,13.569,100.847008,,,-1.3,-3.8,109.6,109.6,,,,24.97,97,POSCTL,0,0
2026-08-29T00:49:25,1787939365,13.569,100.847008,,,-1.3,-3.8,109.6,109.6,,,,24.97,97,POSCTL,0,0
2026-08-29T00:49:26,1787939366,13.569,100.847008,,,-1.3,-3.8,109.6,109.6,,,,24.97,97,POSCTL,0,0
2026-08-29T00:49:27,1787939367,13.568998,100.847004,,,-1.3,-3.8,109.6,109.6,,,,24.97,97,POSCTL,0,0
2026-08-29T00:49:28,1787939368,13.568998,100.847004,,,-1.3,-3.8,109.6,109.6,,,,24.96,97,POSCTL,0,0
2026-08-29T00:49:29,1787939369,13.568998,100.847004,,,-1.3,-3.8,109.6,109.6,,,,24.96,97,POSCTL,0,0
2026-08-29T00:49:30,1787939370,13.568998,100.847004,,,-1.3,-3.8,109.6,109.6,,,,24.96,97,POSCTL,0,0
2026-08-29T00:49:31,1787939371,13.569,100.847002,,,-1.3,-3.8,109.6,109.6,,,,24.96,97,POSCTL,0,0
2026-08-29T00:49:32,1787939372,13.569,100.847002,,,-1.3,-3.8,109.6,109.6,,,,24.96,97,POSCTL,0,0
2026-08-29T00:49:33,1787939373,13.569,100.847002,,,-1.3,-3.8,109.6,109.6,,,,24.96,97,POSCTL,0,0
2026-08-29T00:49:34,1787939374,13.569,100.847002,,,-1.3,-3.8,109.6,109.6,,,,24.96,97,POSCTL,0,0
2026-08-29T00:49:35,1787939375,13.569,100.847002,,,-1.3,-3.8,109.6,109.6,,,,24.96,97,POSCTL,0,0
2026-08-29T00:49:36,1787939376,13.569004,100.847002,,,-1.3,-3.8,109.6,109.6,,,,24.96,97,POSCTL,0,0
2026-08-29T00:49:37,1787939377,13.569004,100.847002,,,-1.3,-3.8,109.6,109.6,,,,24.96,97,POSCTL,0,0
2026-08-29T00:49:38,1787939378,13.569004,100.847002,,,-1.3,-3.8,109.6,109.6,,,,24.96,97,POSCTL,0,0
2026-08-29T00:49:39,1787939379,13.569007,100.846994,,,-1.3,-3.8,109.6,109.6,,,,24.96,97,POSCTL,0,0
2026-08-29T00:49:40,1787939380,13.569007,100.846994,,,-1.3,-3.8,109.6,109.6,,,,24.96,97,POSCTL,0,0
2026-08-29T00:49:41,1787939381,13.569007,100.846994,,,-1.3,-3.8,109.6,109.6,,,,24.96,97,POSCTL,0,0
2026-08-29T00:49:42,1787939382,13.569007,100.846994,,,-1.3,-3.8,109.6,109.6,,,,24.96,97,POSCTL,0,0
2026-08-29T00:49:43,1787939383,13.569014,100.846981,,,-1.3,-3.9,109.6,109.6,,,,24.96,97,POSCTL,0,0
2026-08-29T00:49:44,1787939384,13.569014,100.846981,,,-1.3,-3.9,109.6,109.6,,,,24.96,97,POSCTL,0,0
2026-08-29T00:49:45,1787939385,13.569015,100.846978,,,-1.3,-3.9,109.6,109.6,,,,24.96,97,POSCTL,0,0
2026-08-29T00:49:46,1787939386,13.569015,100.846978,,,-1.3,-3.9,109.6,109.6,,,,24.96,97,POSCTL,0,0
2026-08-29T00:49:47,1787939387,13.569016,100.846975,,,-1.3,-3.8,109.6,109.6,,,,24.96,97,POSCTL,0,0
2026-08-29T00:49:48,1787939388,13.569016,100.846975,,,-1.3,-3.8,109.6,109.6,,,,24.96,97,POSCTL,0,0
2026-08-29T00:49:49,1787939389,13.569016,100.846975,,,-1.3,-3.8,109.6,109.6,,,,24.96,97,POSCTL,0,0
2026-08-29T00:49:52,1787939392,13.569016,100.846971,,,-1.3,-3.9,109.7,109.7,,,,24.96,97,POSCTL,0,0
2026-08-29T00:49:53,1787939393,13.569016,100.846971,,,-1.3,-3.9,109.7,109.7,,,,24.96,97,POSCTL,0,0
2026-08-29T00:49:54,1787939394,13.569016,100.84697,,,-1.3,-3.9,109.7,109.7,,,,24.96,97,POSCTL,0,0
2026-08-29T00:49:55,1787939395,13.569016,100.84697,,,-1.3,-3.9,109.7,109.7,,,,24.96,97,POSCTL,0,0
2026-08-29T00:49:56,1787939396,13.569015,100.846965,,,-1.3,-3.9,109.7,109.7,,,,24.96,97,POSCTL,0,0
2026-08-29T00:49:57,1787939397,13.569015,100.846965,,,-1.3,-3.9,109.6,109.6,,,,24.96,97,POSCTL,0,0
2026-08-29T00:49:58,1787939398,13.569014,100.84696,,,-1.3,-3.9,109.6,109.6,,,,24.96,97,POSCTL,0,0
2026-08-29T00:49:59,1787939399,13.569014,100.84696,,,-1.3,-3.9,109.6,109.6,,,,24.96,97,POSCTL,0,0
2026-08-29T00:50:00,1787939400,13.569018,100.846961,,,-1.3,-3.9,109.6,109.6,,,,24.96,97,POSCTL,0,0
2026-08-29T00:50:01,1787939401,13.569018,100.846961,,,-1.3,-3.8,109.6,109.6,,,,24.96,97,POSCTL,0,0
2026-08-29T00:50:02,1787939402,13.569018,100.846961,,,-1.3,-3.8,109.6,109.6,,,,24.96,97,POSCTL,0,0
2026-08-29T00:50:03,1787939403,13.569018,100.846961,,,-1.3,-3.8,109.7,109.7,,,,24.96,97,POSCTL,0,0
2026-08-29T00:50:04,1787939404,13.569012,100.84695,,,-1.3,-3.8,109.7,109.7,,,,24.96,97,POSCTL,0,0
2026-08-29T00:50:05,1787939405,13.569012,100.84695,,,-1.3,-3.8,109.7,109.7,,,,24.96,97,POSCTL,0,0
2026-08-29T00:50:06,1787939406,13.569012,100.84695,,,-1.3,-3.8,109.7,109.7,,,,24.96,97,POSCTL,0,0
2026-08-29T00:50:07,1787939407,13.569012,100.84695,,,-1.3,-3.8,109.7,109.7,,,,24.96,97,POSCTL,0,0
2026-08-29T00:50:08,1787939408,13.569012,100.84695,,,-1.3,-3.8,109.7,109.7,,,,24.96,97,POSCTL,0,0
2026-08-29T00:50:09,1787939409,13.569012,100.84695,,,-1.3,-3.8,109.7,109.7,,,,24.96,97,POSCTL,0,0
2026-08-29T00:50:10,1787939410,13.569007,100.846944,,,-1.3,-3.8,109.7,109.7,,,,24.96,97,POSCTL,0,0
2026-08-29T00:50:11,1787939411,13.569005,100.846939,,,-1.3,-3.8,109.6,109.6,,,,24.96,97,POSCTL,0,0
2026-08-29T00:50:12,1787939412,13.569005,100.846939,,,-1.3,-3.8,109.6,109.6,,,,24.96,96,POSCTL,0,0
2026-08-29T00:50:13,1787939413,13.569003,100.846937,,,-1.3,-3.8,109.6,109.6,,,,24.96,96,POSCTL,0,0
2026-08-29T00:50:14,1787939414,13.569003,100.846937,,,-1.4,-3.8,109.6,109.6,,,,24.96,96,POSCTL,0,0
2026-08-29T00:50:15,1787939415,13.569003,100.846937,,,-1.4,-3.8,109.6,109.6,,,,24.96,96,POSCTL,0,0
2026-08-29T00:50:16,1787939416,13.569003,100.846937,,,-1.4,-3.8,109.6,109.6,,,,24.96,96,POSCTL,0,0
2026-08-29T00:50:17,1787939417,13.569003,100.846937,,,-1.4,-3.8,109.6,109.6,,,,24.96,96,POSCTL,0,0
2026-08-29T00:50:18,1787939418,13.569003,100.846937,,,-1.4,-3.8,109.6,109.6,,,,24.96,96,POSCTL,0,0
2026-08-29T00:50:20,1787939420,13.569003,100.846937,,,-1.4,-3.8,109.6,109.6,,,,24.96,96,POSCTL,0,0
2026-08-29T00:50:21,1787939421,13.568997,100.846927,,,-1.4,-3.8,109.6,109.6,,,,24.96,96,POSCTL,0,0
2026-08-29T00:50:22,1787939422,13.568997,100.846925,,,-1.3,-3.8,109.6,109.6,,,,24.96,96,POSCTL,0,0
2026-08-29T00:50:23,1787939423,13.568997,100.846925,,,-1.3,-3.8,109.6,109.6,,,,24.96,96,POSCTL,0,0
2026-08-29T00:50:24,1787939424,13.568997,100.846925,,,-1.3,-3.8,109.6,109.6,,,,24.96,96,POSCTL,0,0
2026-08-29T00:50:25,1787939425,13.568999,100.846925,,,-1.3,-3.8,109.6,109.6,,,,24.96,96,POSCTL,0,0
2026-08-29T00:50:26,1787939426,13.568999,100.846925,,,-1.3,-3.8,109.6,109.6,,,,24.96,96,POSCTL,0,0
2026-08-29T00:50:27,1787939427,13.568999,100.846925,,,-1.3,-3.8,109.6,109.6,,,,24.96,96,POSCTL,0,0
2026-08-29T00:50:28,1787939428,13.568999,100.846925,,,-1.3,-3.8,109.6,109.6,,,,24.96,96,POSCTL,0,0
2026-08-29T00:50:29,1787939429,13.568999,100.846925,,,-1.3,-3.8,109.6,109.6,,,,24.96,96,POSCTL,0,0
2026-08-29T00:50:30,1787939430,13.568999,100.846925,,,-1.3,-3.8,109.6,109.6,,,,24.96,96,POSCTL,0,0
2026-08-29T00:50:31,1787939431,13.568999,100.846925,,,-1.3,-3.8,109.6,109.6,,,,24.96,96,POSCTL,0,0
2026-08-29T00:50:32,1787939432,13.568999,100.846925,,,-1.3,-3.8,109.6,109.6,,,,24.96,96,POSCTL,0,0
2026-08-29T00:50:33,1787939433,13.568999,100.846925,,,-1.3,-3.8,109.6,109.6,,,,24.96,96,POSCTL,0,0
2026-08-29T00:50:34,1787939434,13.56901,100.846935,,,-1.3,-3.8,109.6,109.6,,,,24.96,96,POSCTL,0,0
2026-08-29T00:50:35,1787939435,13.56901,100.846935,,,-1.3,-3.8,109.6,109.6,,,,24.96,96,POSCTL,0,0
2026-08-29T00:50:36,1787939436,13.569009,100.846925,,,-1.3,-3.8,109.6,109.6,,,,24.96,96,POSCTL,0,0
2026-08-29T00:50:37,1787939437,13.569009,100.846925,,,-1.3,-3.8,109.6,109.6,,,,24.96,96,POSCTL,0,0
2026-08-29T00:50:38,1787939438,13.569009,100.846925,,,-1.3,-3.8,109.5,109.5,,,,24.96,96,POSCTL,0,0
2026-08-29T00:50:39,1787939439,13.569009,100.846925,,,-1.3,-3.8,109.5,109.5,,,,24.96,96,POSCTL,0,0
2026-08-29T00:50:40,1787939440,13.569009,100.846925,,,-1.3,-3.8,109.5,109.5,,,,24.96,96,POSCTL,0,0
2026-08-29T00:50:41,1787939441,13.569009,100.846925,,,-1.3,-3.8,109.5,109.5,,,,24.96,96,POSCTL,0,0
2026-08-29T00:50:42,1787939442,13.569009,100.846925,,,-1.3,-3.8,109.5,109.5,,,,24.96,96,POSCTL,0,0
2026-08-29T00:50:43,1787939443,13.569009,100.846925,,,-1.3,-3.8,109.5,109.5,,,,24.96,96,POSCTL,0,0
2026-08-29T00:50:44,1787939444,13.569009,100.846925,,,-1.3,-3.8,109.6,109.6,,,,24.96,96,POSCTL,0,0
2026-08-29T00:50:45,1787939445,13.569009,100.846936,,,-1.3,-3.8,109.6,109.6,,,,24.96,96,POSCTL,0,0
2026-08-29T00:50:46,1787939446,13.569009,100.846936,,,-1.3,-3.8,109.6,109.6,,,,24.96,96,POSCTL,0,0
2026-08-29T00:50:47,1787939447,13.569009,100.846936,,,-1.3,-3.8,109.5,109.5,,,,24.96,96,POSCTL,0,0
2026-08-29T00:50:48,1787939448,13.569008,100.846928,,,-1.3,-3.8,109.5,109.5,,,,24.96,96,POSCTL,0,0
2026-08-29T00:50:49,1787939449,13.569008,100.846928,,,-1.3,-3.8,109.5,109.5,,,,24.96,96,POSCTL,0,0
2026-08-29T00:50:50,1787939450,13.569006,100.846919,,,-1.3,-3.8,109.5,109.5,,,,24.96,96,POSCTL,0,0
2026-08-29T00:50:51,1787939451,13.569006,100.846919,,,-1.3,-3.8,109.5,109.5,,,,24.96,96,POSCTL,0,0
2026-08-29T00:50:52,1787939452,13.569006,100.846919,,,-1.3,-3.8,109.5,109.5,,,,24.96,96,POSCTL,0,0
2026-08-29T00:50:55,1787939455,13.569003,100.846907,,,-1.3,-3.8,109.5,109.5,,,,24.96,96,POSCTL,0,0
2026-08-29T00:50:56,1787939456,13.569006,100.846901,,,-1.3,-3.8,109.5,109.5,,,,24.96,96,POSCTL,0,0
2026-08-29T00:50:57,1787939457,13.569007,100.846903,,,-1.3,-3.8,109.5,109.5,,,,24.96,96,POSCTL,0,0
2026-08-29T00:50:58,1787939458,13.569007,100.846903,,,-1.3,-3.8,109.5,109.5,,,,24.96,96,POSCTL,0,0
2026-08-29T00:50:59,1787939459,13.569007,100.846903,,,-1.3,-3.8,109.5,109.5,,,,24.96,96,POSCTL,0,0
2026-08-29T00:51:00,1787939460,13.569007,100.846903,,,-1.3,-3.8,109.5,109.5,,,,24.96,96,POSCTL,0,0
2026-08-29T00:51:01,1787939461,13.569007,100.846903,,,-1.3,-3.8,109.5,109.5,,,,24.96,96,POSCTL,0,0
2026-08-29T00:51:04,1787939464,13.569007,100.846903,,,-1.3,-3.8,109.5,109.5,,,,24.96,96,POSCTL,0,0
2026-08-29T00:51:05,1787939465,13.569007,100.846903,,,-1.3,-3.8,109.6,109.6,,,,24.96,96,POSCTL,0,0
2026-08-29T00:51:06,1787939466,13.569009,100.846919,,,-1.3,-3.8,109.6,109.6,,,,24.96,96,POSCTL,0,0
2026-08-29T00:51:07,1787939467,13.569009,100.846919,,,-1.3,-3.8,109.6,109.6,,,,24.96,96,POSCTL,0,0
2026-08-29T00:51:08,1787939468,13.569009,100.846917,,,-1.4,-3.8,109.5,109.5,,,,24.96,96,POSCTL,0,0
2026-08-29T00:51:09,1787939469,13.569009,100.846917,,,-1.4,-3.8,109.6,109.6,,,,24.96,96,POSCTL,0,0
2026-08-29T00:51:10,1787939470,13.569009,100.846917,,,-1.4,-3.8,109.6,109.6,,,,24.96,96,POSCTL,0,0
2026-08-29T00:51:11,1787939471,13.569009,100.846917,,,-1.4,-3.8,109.6,109.6,,,,24.96,96,POSCTL,0,0
2026-08-29T00:51:12,1787939472,13.569009,100.846917,,,-1.4,-3.8,109.6,109.6,,,,24.96,96,POSCTL,0,0
2026-08-29T00:51:15,1787939475,13.569017,100.84694,,,-1.4,-3.8,109.6,109.6,,,,24.96,96,POSCTL,0,0
2026-08-29T00:51:16,1787939476,13.569017,100.84694,,,-1.3,-3.8,109.5,109.5,,,,24.96,96,POSCTL,0,0
2026-08-29T00:51:17,1787939477,13.569017,100.84694,,,-1.3,-3.8,109.5,109.5,,,,24.96,96,POSCTL,0,0
2026-08-29T00:51:18,1787939478,13.569016,100.846941,,,-1.3,-3.8,109.6,109.6,,,,24.96,96,POSCTL,0,0
2026-08-29T00:51:19,1787939479,13.569018,100.846941,,,-1.3,-3.8,109.5,109.5,,,,24.96,96,POSCTL,0,0
2026-08-29T00:51:20,1787939480,13.569018,100.846941,,,-1.3,-3.8,109.5,109.5,,,,24.96,96,POSCTL,0,0
2026-08-29T00:51:21,1787939481,13.569018,100.846941,,,-1.3,-3.8,109.5,109.5,,,,24.96,96,POSCTL,0,0
2026-08-29T00:51:22,1787939482,13.569018,100.846941,,,-1.3,-3.8,109.5,109.5,,,,24.96,96,POSCTL,0,0
2026-08-29T00:51:23,1787939483,13.569018,100.846941,,,-1.3,-3.8,109.6,109.6,,,,24.96,96,POSCTL,0,0
2026-08-29T00:51:24,1787939484,13.569021,100.846941,,,-1.3,-3.8,109.6,109.6,,,,24.95,96,POSCTL,0,0
2026-08-29T00:51:25,1787939485,13.569021,100.846941,,,-1.3,-3.8,109.6,109.6,,,,24.95,96,POSCTL,0,0
2026-08-29T00:51:26,1787939486,13.569019,100.846942,,,-1.3,-3.8,109.6,109.6,,,,24.95,96,POSCTL,0,0
2026-08-29T00:51:27,1787939487,13.569019,100.846942,,,-1.3,-3.8,109.6,109.6,,,,24.95,96,POSCTL,0,0
2026-08-29T00:51:28,1787939488,13.569019,100.846942,,,-1.3,-3.8,109.6,109.6,,,,24.95,96,POSCTL,0,0
2026-08-29T00:51:29,1787939489,13.569019,100.846942,,,-1.3,-3.8,109.6,109.6,,,,24.95,96,POSCTL,0,0
2026-08-29T00:51:30,1787939490,13.569019,100.846942,,,-1.3,-3.8,109.6,109.6,,,,24.95,96,POSCTL,0,0
2026-08-29T00:51:31,1787939491,13.569019,100.846942,,,-1.3,-3.8,109.6,109.6,,,,24.95,96,POSCTL,0,0
2026-08-29T00:51:33,1787939493,13.569016,100.846949,,,-1.3,-3.8,109.6,109.6,,,,24.95,96,POSCTL,0,0
2026-08-29T00:51:34,1787939494,13.569016,100.846949,,,-1.3,-3.8,109.6,109.6,,,,24.95,96,POSCTL,0,0
2026-08-29T00:51:35,1787939495,13.569016,100.846949,,,-1.3,-3.8,109.6,109.6,,,,24.95,96,POSCTL,0,0
2026-08-29T00:51:36,1787939496,13.569016,100.846949,,,-1.3,-3.8,109.6,109.6,,,,24.95,96,POSCTL,0,0
2026-08-29T00:51:37,1787939497,13.569013,100.846952,,,-1.3,-3.8,109.6,109.6,,,,24.95,96,POSCTL,0,0
2026-08-29T00:51:38,1787939498,13.569013,100.846952,,,-1.3,-3.8,109.6,109.6,,,,24.95,96,POSCTL,0,0
2026-08-29T00:51:39,1787939499,13.569013,100.846952,,,-1.3,-3.8,109.6,109.6,,,,24.95,96,POSCTL,0,0
2026-08-29T00:51:40,1787939500,13.569013,100.846952,,,-1.3,-3.8,109.6,109.6,,,,24.95,96,POSCTL,0,0
2026-08-29T00:51:41,1787939501,13.569013,100.846952,,,-1.3,-3.8,109.6,109.6,,,,24.95,96,POSCTL,0,0
2026-08-29T00:51:42,1787939502,13.569008,100.846949,,,-1.3,-3.8,109.6,109.6,,,,24.95,96,POSCTL,0,0
2026-08-29T00:51:43,1787939503,13.569008,100.846949,,,-1.3,-3.8,109.6,109.6,,,,24.95,96,POSCTL,0,0
2026-08-29T00:51:44,1787939504,13.569007,100.846948,,,-1.3,-3.8,109.6,109.6,,,,24.95,96,POSCTL,0,0
2026-08-29T00:51:45,1787939505,13.569007,100.846948,,,-1.3,-3.8,109.6,109.6,,,,24.95,96,POSCTL,0,0
2026-08-29T00:51:46,1787939506,13.56901,100.846955,,,-1.3,-3.8,109.6,109.6,,,,24.95,96,POSCTL,0,0
2026-08-29T00:51:47,1787939507,13.56901,100.846955,,,-1.3,-3.8,109.6,109.6,,,,24.95,96,POSCTL,0,0
2026-08-29T00:51:48,1787939508,13.56901,100.846955,,,-1.3,-3.8,109.6,109.6,,,,24.95,96,POSCTL,0,0
2026-08-29T00:51:49,1787939509,13.56901,100.846955,,,-1.3,-3.8,109.6,109.6,,,,24.95,96,POSCTL,0,0
2026-08-29T00:51:50,1787939510,13.56901,100.846955,,,-1.3,-3.8,109.6,109.6,,,,24.95,96,POSCTL,0,0
2026-08-29T00:51:51,1787939511,13.56901,100.846955,,,-1.3,-3.8,109.6,109.6,,,,24.95,96,POSCTL,0,0
2026-08-29T00:51:52,1787939512,13.56901,100.84696,,,-1.3,-3.8,109.6,109.6,,,,24.95,96,POSCTL,0,0
2026-08-29T00:51:53,1787939513,13.56901,100.84696,,,-1.3,-3.8,109.6,109.6,,,,24.95,96,POSCTL,0,0
2026-08-29T00:51:54,1787939514,13.569012,100.846968,,,-1.3,-3.8,109.6,109.6,,,,24.95,96,POSCTL,0,0
2026-08-29T00:51:55,1787939515,13.569012,100.846968,,,-1.3,-3.8,109.6,109.6,,,,24.95,96,POSCTL,0,0
2026-08-29T00:51:56,1787939516,13.569013,100.846976,,,-1.3,-3.8,109.6,109.6,,,,24.95,96,POSCTL,0,0
2026-08-29T00:51:57,1787939517,13.569013,100.846976,,,-1.3,-3.8,109.6,109.6,,,,24.95,96,POSCTL,0,0
2026-08-29T00:51:58,1787939518,13.569013,100.846976,,,-1.3,-3.8,109.6,109.6,,,,24.95,96,POSCTL,0,0
2026-08-29T00:52:01,1787939521,13.569013,100.846976,,,-1.3,-3.8,109.6,109.6,,,,24.95,96,POSCTL,0,0
2026-08-29T00:52:02,1787939522,13.569008,100.846968,,,-1.3,-3.8,109.6,109.6,,,,24.95,96,POSCTL,0,0
2026-08-29T00:52:03,1787939523,13.569008,100.846968,,,-1.3,-3.8,109.6,109.6,,,,24.95,96,POSCTL,0,0
2026-08-29T00:52:04,1787939524,13.569005,100.846966,,,-1.3,-3.8,109.6,109.6,,,,24.95,96,POSCTL,0,0
2026-08-29T00:52:05,1787939525,13.569005,100.846966,,,-1.3,-3.8,109.6,109.6,,,,24.95,96,POSCTL,0,0
2026-08-29T00:52:06,1787939526,13.569005,100.846966,,,-1.3,-3.8,109.6,109.6,,,,24.95,96,POSCTL,0,0
2026-08-29T00:52:07,1787939527,13.569005,100.846966,,,-1.3,-3.8,109.6,109.6,,,,24.95,96,POSCTL,0,0
2026-08-29T00:52:08,1787939528,13.569005,100.846966,,,-1.3,-3.8,109.6,109.6,,,,24.95,96,POSCTL,0,0
2026-08-29T00:52:09,1787939529,13.569005,100.846966,,,-1.3,-3.8,109.6,109.6,,,,24.95,96,POSCTL,0,0
2026-08-29T00:52:10,1787939530,13.569005,100.846966,,,-1.3,-3.8,109.6,109.6,,,,24.95,96,POSCTL,0,0
2026-08-29T00:52:11,1787939531,13.569007,100.846962,,,-1.3,-3.8,109.6,109.6,,,,24.95,96,POSCTL,0,0
2026-08-29T00:52:12,1787939532,13.569007,100.846962,,,-1.3,-3.9,109.6,109.6,,,,24.95,96,POSCTL,0,0
2026-08-29T00:52:13,1787939533,13.569005,100.846956,,,-1.3,-3.9,109.6,109.6,,,,24.95,96,POSCTL,0,0
2026-08-29T00:52:14,1787939534,13.569005,100.846956,,,-1.3,-3.9,109.6,109.6,,,,24.95,96,POSCTL,0,0
2026-08-29T00:52:15,1787939535,13.569005,100.846956,,,-1.3,-3.9,109.6,109.6,,,,24.95,96,POSCTL,0,0
2026-08-29T00:52:16,1787939536,13.569005,100.846956,,,-1.3,-3.9,109.6,109.6,,,,24.95,96,POSCTL,0,0
2026-08-29T00:52:17,1787939537,13.569005,100.846956,,,-1.3,-3.9,109.6,109.6,,,,24.95,96,POSCTL,0,0
2026-08-29T00:52:18,1787939538,13.569005,100.846956,,,-1.3,-3.9,109.6,109.6,,,,24.95,96,POSCTL,0,0
2026-08-29T00:52:19,1787939539,13.569005,100.846956,,,-1.3,-3.9,109.6,109.6,,,,24.95,96,POSCTL,0,0
2026-08-29T00:52:20,1787939540,13.569005,100.846952,,,-1.3,-3.9,109.6,109.6,,,,24.95,96,POSCTL,0,0
2026-08-29T00:52:21,1787939541,13.569005,100.846952,,,-1.3,-3.9,109.6,109.6,,,,24.95,96,POSCTL,0,0
2026-08-29T00:52:22,1787939542,13.569013,100.846956,,,-1.3,-3.8,109.6,109.6,,,,24.95,96,POSCTL,0,0
2026-08-29T00:52:23,1787939543,13.569013,100.846956,,,-1.3,-3.8,109.6,109.6,,,,24.95,96,POSCTL,0,0
2026-08-29T00:52:24,1787939544,13.569013,100.846956,,,-1.3,-3.8,109.6,109.6,,,,24.95,96,POSCTL,0,0
2026-08-29T00:52:25,1787939545,13.569012,100.846952,,,-1.3,-3.8,109.6,109.6,,,,24.95,96,POSCTL,0,0
2026-08-29T00:52:26,1787939546,13.569012,100.846952,,,-1.3,-3.8,109.6,109.6,,,,24.95,96,POSCTL,0,0
2026-08-29T00:52:27,1787939547,13.569012,100.846952,,,-1.3,-3.8,109.6,109.6,,,,24.95,96,POSCTL,0,0
2026-08-29T00:52:31,1787939551,13.569013,100.846953,,,-1.3,-3.8,109.5,109.5,,,,24.95,96,POSCTL,0,0
2026-08-29T00:52:32,1787939552,13.569013,100.846953,,,-1.3,-3.8,109.5,109.5,,,,24.95,96,POSCTL,0,0
2026-08-29T00:52:33,1787939553,13.569013,100.846953,,,-1.3,-3.8,109.5,109.5,,,,24.95,96,POSCTL,0,0
2026-08-29T00:52:34,1787939554,13.569016,100.846948,,,-1.3,-3.8,109.5,109.5,,,,24.95,96,POSCTL,0,0
2026-08-29T00:52:35,1787939555,13.569016,100.846948,,,-1.3,-3.8,109.5,109.5,,,,24.95,96,POSCTL,0,0
2026-08-29T00:52:36,1787939556,13.569016,100.846948,,,-1.3,-3.8,109.5,109.5,,,,24.95,96,POSCTL,0,0
2026-08-29T00:52:37,1787939557,13.569016,100.846948,,,-1.3,-3.8,109.5,109.5,,,,24.95,96,POSCTL,0,0
2026-08-29T00:52:38,1787939558,13.569016,100.846948,,,-1.3,-3.8,109.5,109.5,,,,24.95,96,POSCTL,0,0
2026-08-29T00:52:39,1787939559,13.569016,100.846948,,,-1.3,-3.8,109.5,109.5,,,,24.95,96,POSCTL,0,0
2026-08-29T00:52:40,1787939560,13.569016,100.846948,,,-1.3,-3.8,109.5,109.5,,,,24.95,96,POSCTL,0,0
2026-08-29T00:52:41,1787939561,13.569016,100.846948,,,-1.3,-3.8,109.5,109.5,,,,24.95,96,POSCTL,0,0
2026-08-29T00:52:42,1787939562,13.569016,100.846948,,,-1.3,-3.8,109.5,109.5,,,,24.95,96,POSCTL,0,0
2026-08-29T00:52:43,1787939563,13.569014,100.846937,,,-1.3,-3.8,109.5,109.5,,,,24.95,96,POSCTL,0,0
2026-08-29T00:52:44,1787939564,13.569014,100.846937,,,-1.3,-3.8,109.5,109.5,,,,24.95,96,POSCTL,0,0
2026-08-29T00:52:45,1787939565,13.569013,100.846937,,,-1.3,-3.8,109.5,109.5,,,,24.95,96,POSCTL,0,0
2026-08-29T00:52:46,1787939566,13.569013,100.846937,,,-1.3,-3.8,109.5,109.5,,,,24.95,96,POSCTL,0,0
2026-08-29T00:52:47,1787939567,13.569013,100.846937,,,-1.3,-3.8,109.5,109.5,,,,24.95,96,POSCTL,0,0
2026-08-29T00:52:48,1787939568,13.569013,100.846937,,,-1.3,-3.8,109.5,109.5,,,,24.95,96,POSCTL,0,0
2026-08-29T00:52:49,1787939569,13.569009,100.84694,,,-1.3,-3.8,109.5,109.5,,,,24.95,96,POSCTL,0,0
2026-08-29T00:52:50,1787939570,13.569009,100.84694,,,-1.3,-3.8,109.5,109.5,,,,24.95,96,POSCTL,0,0
2026-08-29T00:52:51,1787939571,13.56901,100.846944,,,-1.3,-3.8,109.5,109.5,,,,24.95,96,POSCTL,0,0
2026-08-29T00:52:52,1787939572,13.56901,100.846944,,,-1.3,-3.8,109.5,109.5,,,,24.95,96,POSCTL,0,0
2026-08-29T00:52:53,1787939573,13.56901,100.846944,,,-1.3,-3.8,109.5,109.5,,,,24.95,96,POSCTL,0,0
2026-08-29T00:52:54,1787939574,13.56901,100.846944,,,-1.3,-3.8,109.5,109.5,,,,24.95,96,POSCTL,0,0
2026-08-29T00:52:55,1787939575,13.56901,100.846944,,,-1.3,-3.8,109.5,109.5,,,,24.95,96,POSCTL,0,0
2026-08-29T00:52:56,1787939576,13.56901,100.846952,,,-1.3,-3.8,109.5,109.5,,,,24.95,96,POSCTL,0,0
2026-08-29T00:52:57,1787939577,13.56901,100.846952,,,-1.3,-3.8,109.5,109.5,,,,24.95,96,POSCTL,0,0
2026-08-29T00:52:58,1787939578,13.569007,100.846944,,,-1.3,-3.8,109.5,109.5,,,,24.95,96,POSCTL,0,0
2026-08-29T00:52:59,1787939579,13.569007,100.846944,,,-1.3,-3.8,109.5,109.5,,,,24.95,96,POSCTL,0,0
2026-08-29T00:53:00,1787939580,13.569007,100.846943,,,-1.3,-3.8,109.5,109.5,,,,24.95,96,POSCTL,0,0
2026-08-29T00:53:01,1787939581,13.569007,100.846943,,,-1.3,-3.8,109.5,109.5,,,,24.95,96,POSCTL,0,0
2026-08-29T00:53:02,1787939582,13.569007,100.846943,,,-1.3,-3.8,109.5,109.5,,,,24.95,96,POSCTL,0,0
2026-08-29T00:53:03,1787939583,13.569007,100.846943,,,-1.3,-3.8,109.5,109.5,,,,24.95,96,POSCTL,0,0
2026-08-29T00:53:04,1787939584,13.569007,100.846943,,,-1.3,-3.8,109.5,109.5,,,,24.95,96,POSCTL,0,0
2026-08-29T00:53:05,1787939585,13.569007,100.846944,,,-1.3,-3.8,109.5,109.5,,,,24.95,96,POSCTL,0,0
2026-08-29T00:53:06,1787939586,13.569007,100.846944,,,-1.3,-3.8,109.5,109.5,,,,24.95,96,POSCTL,0,0
2026-08-29T00:53:07,1787939587,13.569007,100.846947,,,-1.3,-3.8,109.5,109.5,,,,24.95,96,POSCTL,0,0
2026-08-29T00:53:08,1787939588,13.569007,100.846947,,,-1.3,-3.8,109.5,109.5,,,,24.95,96,POSCTL,0,0
2026-08-29T00:53:09,1787939589,13.569014,100.846955,,,-1.3,-3.8,109.5,109.5,,,,24.95,96,POSCTL,0,0
2026-08-29T00:53:10,1787939590,13.569014,100.846955,,,-1.3,-3.8,109.5,109.5,,,,24.95,96,POSCTL,0,0
2026-08-29T00:53:11,1787939591,13.569014,100.846955,,,-1.3,-3.8,109.5,109.5,,,,24.95,96,POSCTL,0,0
2026-08-29T00:53:12,1787939592,13.569014,100.846955,,,-1.3,-3.8,109.5,109.5,,,,24.95,96,POSCTL,0,0
2026-08-29T00:53:13,1787939593,13.569014,100.846955,,,-1.3,-3.8,109.5,109.5,,,,24.95,96,POSCTL,0,0
2026-08-29T00:53:14,1787939594,13.569015,100.846956,,,-1.3,-3.8,109.5,109.5,,,,24.95,96,POSCTL,0,0
2026-08-29T00:53:15,1787939595,13.569015,100.846956,,,-1.3,-3.8,109.5,109.5,,,,24.95,96,POSCTL,0,0
2026-08-29T00:53:16,1787939596,13.569013,100.846953,,,-1.3,-3.8,109.5,109.5,,,,24.95,96,POSCTL,0,0
2026-08-29T00:53:17,1787939597,13.569013,100.846953,,,-1.3,-3.8,109.5,109.5,,,,24.95,96,POSCTL,0,0
2026-08-29T00:53:18,1787939598,13.56901,100.846948,,,-1.3,-3.8,109.5,109.5,,,,24.95,96,POSCTL,0,0
2026-08-29T00:53:19,1787939599,13.56901,100.846948,,,-1.3,-3.8,109.5,109.5,,,,24.95,96,POSCTL,0,0
2026-08-29T00:53:20,1787939600,13.56901,100.846948,,,-1.3,-3.8,109.5,109.5,,,,24.95,96,POSCTL,0,0
2026-08-29T00:53:21,1787939601,13.56901,100.846948,,,-1.3,-3.8,109.5,109.5,,,,24.95,96,POSCTL,0,0
2026-08-29T00:53:22,1787939602,13.56901,100.846948,,,-1.3,-3.8,109.5,109.5,,,,24.95,96,POSCTL,0,0
2026-08-29T00:53:23,1787939603,13.569003,100.846947,,,-1.3,-3.8,109.5,109.5,,,,24.95,96,POSCTL,0,0
2026-08-29T00:53:24,1787939604,13.569003,100.846947,,,-1.3,-3.8,109.5,109.5,,,,24.95,96,POSCTL,0,0
2026-08-29T00:53:25,1787939605,13.568994,100.846958,,,-1.3,-3.8,109.5,109.5,,,,24.95,96,POSCTL,0,0
2026-08-29T00:53:26,1787939606,13.568994,100.846958,,,-1.3,-3.8,109.5,109.5,,,,24.95,96,POSCTL,0,0
2026-08-29T00:53:27,1787939607,13.568993,100.846958,,,-1.3,-3.8,109.5,109.5,,,,24.95,96,POSCTL,0,0
2026-08-29T00:53:28,1787939608,13.568993,100.846958,,,-1.3,-3.8,109.5,109.5,,,,24.95,96,POSCTL,0,0
2026-08-29T00:53:29,1787939609,13.568993,100.846958,,,-1.3,-3.8,109.5,109.5,,,,24.95,96,POSCTL,0,0
2026-08-29T00:53:30,1787939610,13.568993,100.846958,,,-1.3,-3.8,109.5,109.5,,,,24.95,96,POSCTL,0,0
2026-08-29T00:53:31,1787939611,13.568993,100.846958,,,-1.3,-3.8,109.5,109.5,,,,24.95,96,POSCTL,0,0
2026-08-29T00:53:32,1787939612,13.568993,100.846958,,,-1.3,-3.8,109.5,109.5,,,,24.95,96,POSCTL,0,0
2026-08-29T00:53:33,1787939613,13.568976,100.846964,,,-1.3,-3.8,109.5,109.5,,,,24.95,96,POSCTL,0,0
2026-08-29T00:53:34,1787939614,13.568976,100.846964,,,-1.3,-3.8,109.5,109.5,,,,24.95,96,POSCTL,0,0
2026-08-29T00:53:35,1787939615,13.568976,100.846964,,,-1.3,-3.8,109.5,109.5,,,,24.95,96,POSCTL,0,0
2026-08-29T00:53:36,1787939616,13.568973,100.846968,,,-1.3,-3.8,109.5,109.5,,,,24.94,96,POSCTL,0,0
2026-08-29T00:53:37,1787939617,13.568973,100.846968,,,-1.3,-3.8,109.5,109.5,,,,24.94,96,POSCTL,0,0
2026-08-29T00:53:38,1787939618,13.568971,100.846975,,,-1.3,-3.8,109.5,109.5,,,,24.94,96,POSCTL,0,0
2026-08-29T00:53:39,1787939619,13.568971,100.846975,,,-1.3,-3.8,109.5,109.5,,,,24.94,96,POSCTL,0,0
2026-08-29T00:53:40,1787939620,13.568971,100.846975,,,-1.3,-3.8,109.5,109.5,,,,24.94,96,POSCTL,0,0
2026-08-29T00:53:43,1787939623,13.568971,100.846975,,,-1.3,-3.8,109.5,109.5,,,,24.94,96,POSCTL,0,0
2026-08-29T00:53:44,1787939624,13.568971,100.846975,,,-1.3,-3.8,109.5,109.5,,,,24.94,96,POSCTL,0,0
2026-08-29T00:53:45,1787939625,13.568973,100.846986,,,-1.3,-3.8,109.5,109.5,,,,24.94,96,POSCTL,0,0
2026-08-29T00:53:46,1787939626,13.568973,100.846986,,,-1.3,-3.8,109.5,109.5,,,,24.94,96,POSCTL,0,0
2026-08-29T00:53:47,1787939627,13.568973,100.846985,,,-1.3,-3.8,109.5,109.5,,,,24.94,96,POSCTL,0,0
2026-08-29T00:53:48,1787939628,13.568973,100.846985,,,-1.3,-3.8,109.5,109.5,,,,24.94,96,POSCTL,0,0
2026-08-29T00:53:49,1787939629,13.568973,100.846985,,,-1.3,-3.8,109.5,109.5,,,,24.94,96,POSCTL,0,0
2026-08-29T00:53:50,1787939630,13.568973,100.846985,,,-1.3,-3.8,109.5,109.5,,,,24.94,96,POSCTL,0,0
2026-08-29T00:53:51,1787939631,13.568973,100.846985,,,-1.3,-3.8,109.5,109.5,,,,24.94,96,POSCTL,0,0
2026-08-29T00:53:52,1787939632,13.568976,100.84699,,,-1.3,-3.8,109.5,109.5,,,,24.94,96,POSCTL,0,0
2026-08-29T00:53:53,1787939633,13.568976,100.84699,,,-1.3,-3.8,109.5,109.5,,,,24.94,96,POSCTL,0,0
2026-08-29T00:53:54,1787939634,13.568976,100.84699,,,-1.3,-3.8,109.5,109.5,,,,24.94,96,POSCTL,0,0
2026-08-29T00:53:55,1787939635,13.568976,100.84699,,,-1.3,-3.8,109.5,109.5,,,,24.94,96,POSCTL,0,0
2026-08-29T00:53:56,1787939636,13.568971,100.846991,,,-1.3,-3.8,109.5,109.5,,,,24.94,96,POSCTL,0,0
2026-08-29T00:53:57,1787939637,13.568971,100.846991,,,-1.3,-3.8,109.5,109.5,,,,24.94,96,POSCTL,0,0
2026-08-29T00:53:58,1787939638,13.56897,100.846991,,,-1.3,-3.8,109.5,109.5,,,,24.94,96,POSCTL,0,0
2026-08-29T00:53:59,1787939639,13.56897,100.846991,,,-1.3,-3.8,109.5,109.5,,,,24.94,96,POSCTL,0,0
2026-08-29T00:54:00,1787939640,13.56897,100.846991,,,-1.3,-3.8,109.5,109.5,,,,24.94,96,POSCTL,0,0
2026-08-29T00:54:01,1787939641,13.56897,100.846991,,,-1.3,-3.8,109.5,109.5,,,,24.94,96,POSCTL,0,0
2026-08-29T00:54:02,1787939642,13.56897,100.846991,,,-1.3,-3.8,109.5,109.5,,,,24.94,96,POSCTL,0,0
2026-08-29T00:54:03,1787939643,13.568966,100.847,,,-1.3,-3.8,109.5,109.5,,,,24.94,96,POSCTL,0,0
2026-08-29T00:54:04,1787939644,13.568966,100.847,,,-1.3,-3.8,109.5,109.5,,,,24.94,96,POSCTL,0,0
2026-08-29T00:54:05,1787939645,13.568966,100.847,,,-1.3,-3.8,109.5,109.5,,,,24.94,96,POSCTL,0,0
2026-08-29T00:54:06,1787939646,13.56896,100.847005,,,-1.3,-3.8,109.5,109.5,,,,24.94,96,POSCTL,0,0
2026-08-29T00:54:07,1787939647,13.568959,100.847003,,,-1.3,-3.8,109.5,109.5,,,,24.94,96,POSCTL,0,0
2026-08-29T00:54:08,1787939648,13.568959,100.847003,,,-1.3,-3.8,109.5,109.5,,,,24.94,96,POSCTL,0,0
2026-08-29T00:54:09,1787939649,13.568959,100.847003,,,-1.3,-3.8,109.5,109.5,,,,24.94,96,POSCTL,0,0
2026-08-29T00:54:13,1787939653,13.568959,100.847003,,,-1.3,-3.8,109.5,109.5,,,,24.94,96,POSCTL,0,0
2026-08-29T00:54:14,1787939654,13.568955,100.847018,,,-1.3,-3.8,109.5,109.5,,,,24.94,96,POSCTL,0,0
2026-08-29T00:54:15,1787939655,13.568955,100.847018,,,-1.3,-3.8,109.5,109.5,,,,24.94,96,POSCTL,0,0
2026-08-29T00:54:16,1787939656,13.568953,100.847019,,,-1.3,-3.8,109.5,109.5,,,,24.94,96,POSCTL,0,0
2026-08-29T00:54:17,1787939657,13.568953,100.847019,,,-1.3,-3.8,109.5,109.5,,,,24.94,96,POSCTL,0,0
2026-08-29T00:54:18,1787939658,13.568952,100.847024,,,-1.3,-3.8,109.5,109.5,,,,24.94,96,POSCTL,0,0
2026-08-29T00:54:19,1787939659,13.568952,100.847024,,,-1.3,-3.8,109.5,109.5,,,,24.94,96,POSCTL,0,0
2026-08-29T00:54:20,1787939660,13.568952,100.847024,,,-1.3,-3.8,109.5,109.5,,,,24.94,96,POSCTL,0,0
2026-08-29T00:54:21,1787939661,13.568945,100.847042,,,-1.3,-3.8,109.5,109.5,,,,24.94,96,POSCTL,0,0
2026-08-29T00:54:22,1787939662,13.568945,100.847042,,,-1.3,-3.8,109.5,109.5,,,,24.94,96,POSCTL,0,0
2026-08-29T00:54:23,1787939663,13.568946,100.847042,,,-1.3,-3.8,109.5,109.5,,,,24.94,96,POSCTL,0,0
2026-08-29T00:54:24,1787939664,13.568946,100.847042,,,-1.3,-3.8,109.5,109.5,,,,24.94,96,POSCTL,0,0
2026-08-29T00:54:25,1787939665,13.568948,100.847048,,,-1.3,-3.8,109.5,109.5,,,,24.94,96,POSCTL,0,0
2026-08-29T00:54:26,1787939666,13.568948,100.847048,,,-1.3,-3.8,109.5,109.5,,,,24.94,96,POSCTL,0,0
2026-08-29T00:54:27,1787939667,13.568948,100.847048,,,-1.3,-3.8,109.5,109.5,,,,24.94,96,POSCTL,0,0
2026-08-29T00:54:28,1787939668,13.568948,100.847048,,,-1.3,-3.8,109.5,109.5,,,,24.94,96,POSCTL,0,0
2026-08-29T00:54:29,1787939669,13.568948,100.847048,,,-1.3,-3.8,109.5,109.5,,,,24.94,96,POSCTL,0,0
2026-08-29T00:54:30,1787939670,13.568948,100.847048,,,-1.3,-3.8,109.5,109.5,,,,24.94,96,POSCTL,0,0
2026-08-29T00:54:31,1787939671,13.568956,100.847052,,,-1.3,-3.8,109.5,109.5,,,,24.94,96,POSCTL,0,0
2026-08-29T00:54:32,1787939672,13.568958,100.847047,,,-1.3,-3.8,109.5,109.5,,,,24.94,96,POSCTL,0,0
2026-08-29T00:54:33,1787939673,13.568958,100.847047,,,-1.3,-3.8,109.5,109.5,,,,24.94,96,POSCTL,0,0
2026-08-29T00:54:34,1787939674,13.568958,100.847047,,,-1.3,-3.8,109.5,109.5,,,,24.94,96,POSCTL,0,0
2026-08-29T00:54:35,1787939675,13.568958,100.847047,,,-1.3,-3.8,109.5,109.5,,,,24.94,96,POSCTL,0,0
2026-08-29T00:54:36,1787939676,13.568958,100.847047,,,-1.3,-3.8,109.5,109.5,,,,24.94,96,POSCTL,0,0
2026-08-29T00:54:37,1787939677,13.568964,100.847039,,,-1.3,-3.8,109.5,109.5,,,,24.94,96,POSCTL,0,0
2026-08-29T00:54:38,1787939678,13.568964,100.847039,,,-1.3,-3.8,109.5,109.5,,,,24.94,96,POSCTL,0,0
2026-08-29T00:54:39,1787939679,13.568968,100.847037,,,-1.3,-3.8,109.5,109.5,,,,24.94,96,POSCTL,0,0
2026-08-29T00:54:40,1787939680,13.568968,100.847037,,,-1.3,-3.8,109.5,109.5,,,,24.94,96,POSCTL,0,0
2026-08-29T00:54:41,1787939681,13.568968,100.847037,,,-1.3,-3.8,109.5,109.5,,,,24.94,96,POSCTL,0,0
2026-08-29T00:54:42,1787939682,13.568968,100.847037,,,-1.3,-3.8,109.5,109.5,,,,24.94,96,POSCTL,0,0
2026-08-29T00:54:43,1787939683,13.568968,100.847037,,,-1.3,-3.8,109.5,109.5,,,,24.94,96,POSCTL,0,0
2026-08-29T00:54:44,1787939684,13.568968,100.847037,,,-1.3,-3.8,109.5,109.5,,,,24.94,96,POSCTL,0,0
2026-08-29T00:54:45,1787939685,13.568968,100.847037,,,-1.3,-3.8,109.5,109.5,,,,24.94,96,POSCTL,0,0
2026-08-29T00:54:46,1787939686,13.568968,100.847037,,,-1.3,-3.8,109.5,109.5,,,,24.94,96,POSCTL,0,0
2026-08-29T00:54:47,1787939687,13.568969,100.847009,,,-1.3,-3.8,109.5,109.5,,,,24.94,96,POSCTL,0,0
2026-08-29T00:54:48,1787939688,13.568969,100.847009,,,-1.3,-3.9,109.5,109.5,,,,24.94,96,POSCTL,0,0
2026-08-29T00:54:49,1787939689,13.568972,100.847002,,,-1.3,-3.9,109.5,109.5,,,,24.94,96,POSCTL,0,0
2026-08-29T00:54:50,1787939690,13.568972,100.847002,,,-1.3,-3.8,109.5,109.5,,,,24.94,96,POSCTL,0,0
2026-08-29T00:54:51,1787939691,13.568972,100.847002,,,-1.3,-3.8,109.5,109.5,,,,24.94,96,POSCTL,0,0
2026-08-29T00:54:52,1787939692,13.568972,100.847002,,,-1.3,-3.8,109.5,109.5,,,,24.94,96,POSCTL,0,0
2026-08-29T00:54:53,1787939693,13.56898,100.846997,,,-1.3,-3.8,109.5,109.5,,,,24.94,96,POSCTL,0,0
2026-08-29T00:54:54,1787939694,13.56898,100.846997,,,-1.3,-3.8,109.6,109.6,,,,24.94,96,POSCTL,0,0
2026-08-29T00:54:55,1787939695,13.568986,100.847007,,,-1.3,-3.8,109.5,109.5,,,,24.94,96,POSCTL,0,0
2026-08-29T00:54:56,1787939696,13.568986,100.847007,,,-1.3,-3.8,109.5,109.5,,,,24.94,96,POSCTL,0,0
2026-08-29T00:54:57,1787939697,13.568986,100.847007,,,-1.3,-3.8,109.6,109.6,,,,24.94,96,POSCTL,0,0
2026-08-29T00:54:58,1787939698,13.568986,100.847007,,,-1.3,-3.8,109.6,109.6,,,,24.94,96,POSCTL,0,0
2026-08-29T00:54:59,1787939699,13.568986,100.847007,,,-1.3,-3.8,109.6,109.6,,,,24.94,96,POSCTL,0,0
2026-08-29T00:55:00,1787939700,13.568986,100.847007,,,-1.3,-3.8,109.6,109.6,,,,24.94,95,POSCTL,0,0
2026-08-29T00:55:01,1787939701,13.568986,100.847007,,,-1.3,-3.8,109.6,109.6,,,,24.94,95,POSCTL,0,0
2026-08-29T00:55:02,1787939702,13.568991,100.846997,,,-1.3,-3.8,109.6,109.6,,,,24.94,95,POSCTL,0,0
2026-08-29T00:55:03,1787939703,13.568991,100.846997,,,-1.3,-3.8,109.6,109.6,,,,24.94,95,POSCTL,0,0
2026-08-29T00:55:04,1787939704,13.568987,100.847002,,,-1.3,-3.8,109.6,109.6,,,,24.94,95,POSCTL,0,0
2026-08-29T00:55:05,1787939705,13.568987,100.847002,,,-1.4,-3.8,109.6,109.6,,,,24.94,95,POSCTL,0,0
2026-08-29T00:55:06,1787939706,13.568987,100.847002,,,-1.4,-3.8,109.6,109.6,,,,24.94,95,POSCTL,0,0
2026-08-29T00:55:07,1787939707,13.568987,100.847002,,,-1.4,-3.8,109.6,109.6,,,,24.94,95,POSCTL,0,0
2026-08-29T00:55:08,1787939708,13.568987,100.847002,,,-1.4,-3.8,109.6,109.6,,,,24.94,95,POSCTL,0,0
2026-08-29T00:55:09,1787939709,13.568982,100.846996,,,-1.4,-3.8,109.6,109.6,,,,24.94,95,POSCTL,0,0
2026-08-29T00:55:10,1787939710,13.568982,100.846996,,,-1.3,-3.8,109.6,109.6,,,,24.94,95,POSCTL,0,0
2026-08-29T00:55:11,1787939711,13.568984,100.846991,,,-1.3,-3.8,109.6,109.6,,,,24.94,95,POSCTL,0,0
2026-08-29T00:55:12,1787939712,13.568984,100.846991,,,-1.3,-3.8,109.6,109.6,,,,24.94,95,POSCTL,0,0
2026-08-29T00:55:13,1787939713,13.568987,100.846979,,,-1.3,-3.8,109.6,109.6,,,,24.94,95,POSCTL,0,0
2026-08-29T00:55:14,1787939714,13.568987,100.846979,,,-1.3,-3.8,109.6,109.6,,,,24.94,95,POSCTL,0,0
2026-08-29T00:55:15,1787939715,13.568987,100.846979,,,-1.3,-3.8,109.6,109.6,,,,24.93,95,POSCTL,0,0
2026-08-29T00:55:16,1787939716,13.568987,100.846979,,,-1.3,-3.8,109.6,109.6,,,,24.93,95,POSCTL,0,0
2026-08-29T00:55:17,1787939717,13.568987,100.846979,,,-1.3,-3.8,109.6,109.6,,,,24.93,95,POSCTL,0,0
2026-08-29T00:55:18,1787939718,13.568991,100.846973,,,-1.3,-3.8,109.6,109.6,,,,24.93,95,POSCTL,0,0
2026-08-29T00:55:19,1787939719,13.568991,100.846973,,,-1.3,-3.8,109.6,109.6,,,,24.93,95,POSCTL,0,0
2026-08-29T00:55:20,1787939720,13.56899,100.846969,,,-1.3,-3.8,109.6,109.6,,,,24.93,95,POSCTL,0,0
2026-08-29T00:55:21,1787939721,13.56899,100.846969,,,-1.3,-3.8,109.6,109.6,,,,24.93,95,POSCTL,0,0
2026-08-29T00:55:22,1787939722,13.568989,100.846961,,,-1.3,-3.8,109.6,109.6,,,,24.93,95,POSCTL,0,0
2026-08-29T00:55:23,1787939723,13.568989,100.846961,,,-1.3,-3.8,109.6,109.6,,,,24.93,95,POSCTL,0,0
2026-08-29T00:55:24,1787939724,13.568989,100.846961,,,-1.3,-3.8,109.6,109.6,,,,24.93,95,POSCTL,0,0
2026-08-29T00:55:25,1787939725,13.568989,100.846961,,,-1.3,-3.8,109.6,109.6,,,,24.93,95,POSCTL,0,0
2026-08-29T00:55:26,1787939726,13.568986,100.84696,,,-1.3,-3.8,109.6,109.6,,,,24.93,95,POSCTL,0,0
2026-08-29T00:55:27,1787939727,13.568986,100.84696,,,-1.3,-3.8,109.6,109.6,,,,24.93,95,POSCTL,0,0
2026-08-29T00:55:28,1787939728,13.568986,100.84696,,,-1.3,-3.8,109.6,109.6,,,,24.93,95,POSCTL,0,0
2026-08-29T00:55:29,1787939729,13.568986,100.84696,,,-1.3,-3.8,109.6,109.6,,,,24.93,95,POSCTL,0,0
2026-08-29T00:55:30,1787939730,13.568986,100.84696,,,-1.3,-3.8,109.6,109.6,,,,24.93,95,POSCTL,0,0
2026-08-29T00:55:31,1787939731,13.568986,100.846964,,,-1.3,-3.8,109.6,109.6,,,,24.93,95,POSCTL,0,0
2026-08-29T00:55:32,1787939732,13.568986,100.846964,,,-1.3,-3.8,109.6,109.6,,,,24.93,95,POSCTL,0,0
2026-08-29T00:55:33,1787939733,13.568986,100.846964,,,-1.3,-3.8,109.6,109.6,,,,24.93,95,POSCTL,0,0
2026-08-29T00:55:34,1787939734,13.568986,100.846964,,,-1.3,-3.8,109.6,109.6,,,,24.93,95,POSCTL,0,0
2026-08-29T00:55:35,1787939735,13.568986,100.846964,,,-1.3,-3.8,109.5,109.5,,,,24.93,95,POSCTL,0,0
2026-08-29T00:55:36,1787939736,13.568985,100.846957,,,-1.3,-3.8,109.5,109.5,,,,24.93,95,POSCTL,0,0
2026-08-29T00:55:37,1787939737,13.568985,100.846957,,,-1.3,-3.8,109.5,109.5,,,,24.93,95,POSCTL,0,0
2026-08-29T00:55:38,1787939738,13.568985,100.846957,,,-1.3,-3.8,109.5,109.5,,,,24.93,95,POSCTL,0,0
2026-08-29T00:55:39,1787939739,13.56898,100.846958,,,-1.3,-3.8,109.5,109.5,,,,24.93,95,POSCTL,0,0
2026-08-29T00:55:40,1787939740,13.56898,100.846958,,,-1.3,-3.8,109.5,109.5,,,,24.93,95,POSCTL,0,0
2026-08-29T00:55:41,1787939741,13.56898,100.846958,,,-1.3,-3.8,109.5,109.5,,,,24.93,95,POSCTL,0,0
2026-08-29T00:55:42,1787939742,13.56898,100.846958,,,-1.3,-3.8,109.5,109.5,,,,24.93,95,POSCTL,0,0
2026-08-29T00:55:43,1787939743,13.56898,100.846958,,,-1.3,-3.8,109.5,109.5,,,,24.93,95,POSCTL,0,0
2026-08-29T00:55:44,1787939744,13.568974,100.846955,,,-1.3,-3.8,109.5,109.5,,,,24.93,95,POSCTL,0,0
2026-08-29T00:55:45,1787939745,13.568974,100.846955,,,-1.3,-3.8,109.5,109.5,,,,24.93,95,POSCTL,0,0
2026-08-29T00:55:46,1787939746,13.568976,100.846965,,,-1.3,-3.8,109.5,109.5,,,,24.93,95,POSCTL,0,0
2026-08-29T00:55:47,1787939747,13.568976,100.846965,,,-1.3,-3.8,109.5,109.5,,,,24.93,95,POSCTL,0,0
2026-08-29T00:55:48,1787939748,13.568977,100.84697,,,-1.3,-3.8,109.5,109.5,,,,24.93,95,POSCTL,0,0
2026-08-29T00:55:49,1787939749,13.568977,100.84697,,,-1.3,-3.8,109.5,109.5,,,,24.93,95,POSCTL,0,0
2026-08-29T00:55:50,1787939750,13.56898,100.846969,,,-1.3,-3.8,109.5,109.5,,,,24.93,95,POSCTL,0,0
2026-08-29T00:55:51,1787939751,13.56898,100.846969,,,-1.3,-3.8,109.5,109.5,,,,24.93,95,POSCTL,0,0
2026-08-29T00:55:52,1787939752,13.568984,100.84698,,,-1.3,-3.8,109.5,109.5,,,,24.93,95,POSCTL,0,0
2026-08-29T00:55:53,1787939753,13.568984,100.84698,,,-1.3,-3.8,109.5,109.5,,,,24.93,95,POSCTL,0,0
2026-08-29T00:55:54,1787939754,13.568984,100.84698,,,-1.3,-3.8,109.5,109.5,,,,24.93,95,POSCTL,0,0
2026-08-29T00:55:55,1787939755,13.568987,100.846983,,,-1.3,-3.8,109.5,109.5,,,,24.93,95,POSCTL,0,0
2026-08-29T00:55:56,1787939756,13.568987,100.846983,,,-1.3,-3.8,109.5,109.5,,,,24.93,95,POSCTL,0,0
2026-08-29T00:55:57,1787939757,13.568987,100.846983,,,-1.3,-3.8,109.5,109.5,,,,24.93,95,POSCTL,0,0
2026-08-29T00:55:58,1787939758,13.568987,100.846983,,,-1.3,-3.8,109.5,109.5,,,,24.93,95,POSCTL,0,0
2026-08-29T00:56:00,1787939760,13.568989,100.846973,,,-1.3,-3.8,109.5,109.5,,,,24.93,95,POSCTL,0,0
2026-08-29T00:56:01,1787939761,13.568989,100.846973,,,-1.3,-3.8,109.5,109.5,,,,24.93,95,POSCTL,0,0
2026-08-29T00:56:02,1787939762,13.568993,100.846974,,,-1.3,-3.8,109.5,109.5,,,,24.93,95,POSCTL,0,0
2026-08-29T00:56:03,1787939763,13.568993,100.846974,,,-1.3,-3.8,109.5,109.5,,,,24.93,95,POSCTL,0,0
2026-08-29T00:56:04,1787939764,13.568994,100.846975,,,-1.3,-3.8,109.5,109.5,,,,24.93,95,POSCTL,0,0
2026-08-29T00:56:05,1787939765,13.568994,100.846975,,,-1.3,-3.8,109.5,109.5,,,,24.93,95,POSCTL,0,0
2026-08-29T00:56:06,1787939766,13.568994,100.846975,,,-1.3,-3.8,109.5,109.5,,,,24.93,95,POSCTL,0,0
2026-08-29T00:56:07,1787939767,13.568994,100.846975,,,-1.3,-3.8,109.5,109.5,,,,24.93,95,POSCTL,0,0
2026-08-29T00:56:08,1787939768,13.568994,100.846975,,,-1.3,-3.8,109.5,109.5,,,,24.93,95,POSCTL,0,0
2026-08-29T00:56:09,1787939769,13.568994,100.846975,,,-1.3,-3.8,109.5,109.5,,,,24.93,95,POSCTL,0,0
2026-08-29T00:56:10,1787939770,13.568996,100.846977,,,-1.3,-3.8,109.5,109.5,,,,24.93,95,POSCTL,0,0
2026-08-29T00:56:11,1787939771,13.568996,100.846977,,,-1.3,-3.8,109.5,109.5,,,,24.93,95,POSCTL,0,0
2026-08-29T00:56:12,1787939772,13.568998,100.846989,,,-1.3,-3.8,109.5,109.5,,,,24.93,95,POSCTL,0,0
2026-08-29T00:56:13,1787939773,13.568998,100.846989,,,-1.3,-3.8,109.5,109.5,,,,24.93,95,POSCTL,0,0
2026-08-29T00:56:14,1787939774,13.568999,100.846993,,,-1.3,-3.8,109.5,109.5,,,,24.93,95,POSCTL,0,0
2026-08-29T00:56:15,1787939775,13.568999,100.846993,,,-1.3,-3.8,109.5,109.5,,,,24.93,95,POSCTL,0,0
2026-08-29T00:56:16,1787939776,13.568999,100.846993,,,-1.3,-3.8,109.5,109.5,,,,24.93,95,POSCTL,0,0
2026-08-29T00:56:17,1787939777,13.568999,100.846993,,,-1.3,-3.8,109.5,109.5,,,,24.93,95,POSCTL,0,0
2026-08-29T00:56:18,1787939778,13.568999,100.846993,,,-1.4,-3.8,109.5,109.5,,,,24.93,95,POSCTL,0,0
2026-08-29T00:56:19,1787939779,13.568999,100.847018,,,-1.4,-3.8,109.5,109.5,,,,24.93,95,POSCTL,0,0
2026-08-29T00:56:20,1787939780,13.568999,100.847018,,,-1.3,-3.8,109.5,109.5,,,,24.93,95,POSCTL,0,0
2026-08-29T00:56:21,1787939781,13.568998,100.847017,,,-1.3,-3.8,109.5,109.5,,,,24.93,95,POSCTL,0,0
2026-08-29T00:56:22,1787939782,13.568998,100.847017,,,-1.3,-3.8,109.5,109.5,,,,24.93,95,POSCTL,0,0
2026-08-29T00:56:23,1787939783,13.568997,100.847021,,,-1.3,-3.8,109.5,109.5,,,,24.93,95,POSCTL,0,0
2026-08-29T00:56:24,1787939784,13.568997,100.847021,,,-1.4,-3.8,109.5,109.5,,,,24.93,95,POSCTL,0,0
2026-08-29T00:56:31,1787939791,13.568988,100.847015,,,-1.3,-3.8,109.5,109.5,,,,24.93,95,POSCTL,0,0
2026-08-29T00:56:32,1787939792,13.568988,100.847018,,,-1.3,-3.8,109.5,109.5,,,,24.93,95,POSCTL,0,0
2026-08-29T00:56:33,1787939793,13.568988,100.847018,,,-1.3,-3.8,109.5,109.5,,,,24.93,95,POSCTL,0,0
2026-08-29T00:56:34,1787939794,13.568988,100.847018,,,-1.3,-3.8,109.5,109.5,,,,24.93,95,POSCTL,0,0
2026-08-29T00:56:35,1787939795,13.568988,100.847018,,,-1.3,-3.8,109.5,109.5,,,,24.93,95,POSCTL,0,0
2026-08-29T00:56:36,1787939796,13.568988,100.847018,,,-1.3,-3.8,109.4,109.4,,,,24.93,95,POSCTL,0,0
2026-08-29T00:56:40,1787939800,13.56898,100.847028,,,-1.3,-3.8,109.4,109.4,,,,24.93,95,POSCTL,0,0
2026-08-29T00:56:41,1787939801,13.56898,100.847028,,,-1.3,-3.8,109.4,109.4,,,,24.93,95,POSCTL,0,0
2026-08-29T00:56:42,1787939802,13.568975,100.847022,,,-1.3,-3.8,109.4,109.4,,,,24.93,95,POSCTL,0,0
2026-08-29T00:56:43,1787939803,13.568975,100.847022,,,-1.3,-3.8,109.4,109.4,,,,24.93,95,POSCTL,0,0
2026-08-29T00:56:44,1787939804,13.568973,100.847017,,,-1.3,-3.8,109.4,109.4,,,,24.93,95,POSCTL,0,0
2026-08-29T00:56:45,1787939805,13.568973,100.847017,,,-1.3,-3.8,109.4,109.4,,,,24.93,95,POSCTL,0,0
2026-08-29T00:56:46,1787939806,13.568973,100.847017,,,-1.3,-3.8,109.4,109.4,,,,24.93,95,POSCTL,0,0
2026-08-29T00:56:47,1787939807,13.568973,100.847017,,,-1.3,-3.8,109.4,109.4,,,,24.93,95,POSCTL,0,0
2026-08-29T00:56:48,1787939808,13.568973,100.847017,,,-1.3,-3.8,109.4,109.4,,,,24.93,95,POSCTL,0,0
2026-08-29T00:56:49,1787939809,13.568973,100.847017,,,-1.3,-3.8,109.4,109.4,,,,24.93,95,POSCTL,0,0
2026-08-29T00:56:50,1787939810,13.568959,100.846997,,,-1.3,-3.8,109.4,109.4,,,,24.93,95,POSCTL,0,0
2026-08-29T00:56:51,1787939811,13.568959,100.846997,,,-1.3,-3.8,109.4,109.4,,,,24.93,95,POSCTL,0,0
2026-08-29T00:56:52,1787939812,13.568957,100.846993,,,-1.3,-3.8,109.4,109.4,,,,24.93,95,POSCTL,0,0
2026-08-29T00:56:53,1787939813,13.568955,100.846993,,,-1.3,-3.8,109.4,109.4,,,,24.93,95,POSCTL,0,0
2026-08-29T00:56:54,1787939814,13.568955,100.846993,,,-1.3,-3.8,109.4,109.4,,,,24.93,95,POSCTL,0,0
2026-08-29T00:56:55,1787939815,13.568955,100.846993,,,-1.3,-3.8,109.4,109.4,,,,24.93,95,POSCTL,0,0
2026-08-29T00:56:56,1787939816,13.568955,100.846993,,,-1.3,-3.8,109.4,109.4,,,,24.93,95,POSCTL,0,0
2026-08-29T00:56:57,1787939817,13.568955,100.846993,,,-1.3,-3.8,109.4,109.4,,,,24.93,95,POSCTL,0,0
2026-08-29T00:56:58,1787939818,13.568955,100.846993,,,-1.3,-3.8,109.4,109.4,,,,24.93,95,POSCTL,0,0
2026-08-29T00:56:59,1787939819,13.568955,100.846993,,,-1.3,-3.8,109.4,109.4,,,,24.93,95,POSCTL,0,0
2026-08-29T00:57:00,1787939820,13.568955,100.846988,,,-1.3,-3.8,109.4,109.4,,,,24.93,95,POSCTL,0,0
2026-08-29T00:57:01,1787939821,13.568955,100.846988,,,-1.3,-3.8,109.5,109.5,,,,24.93,95,POSCTL,0,0
2026-08-29T00:57:02,1787939822,13.568958,100.846998,,,-1.3,-3.8,109.5,109.5,,,,24.93,95,POSCTL,0,0
2026-08-29T00:57:03,1787939823,13.568958,100.846998,,,-1.3,-3.8,109.5,109.5,,,,24.93,95,POSCTL,0,0
2026-08-29T00:57:04,1787939824,13.568959,100.847,,,-1.3,-3.8,109.5,109.5,,,,24.93,95,POSCTL,0,0
2026-08-29T00:57:05,1787939825,13.568959,100.847,,,-1.3,-3.8,109.5,109.5,,,,24.93,95,POSCTL,0,0
2026-08-29T00:57:06,1787939826,13.568959,100.847,,,-1.3,-3.8,109.5,109.5,,,,24.93,95,POSCTL,0,0
2026-08-29T00:57:07,1787939827,13.568959,100.847,,,-1.3,-3.8,109.5,109.5,,,,24.93,95,POSCTL,0,0
2026-08-29T00:57:08,1787939828,13.568959,100.847,,,-1.3,-3.8,109.5,109.5,,,,24.93,95,POSCTL,0,0
2026-08-29T00:57:09,1787939829,13.568959,100.847,,,-1.3,-3.8,109.5,109.5,,,,24.93,95,POSCTL,0,0
2026-08-29T00:57:10,1787939830,13.568964,100.847001,,,-1.3,-3.8,109.5,109.5,,,,24.93,95,POSCTL,0,0
2026-08-29T00:57:11,1787939831,13.568964,100.847001,,,-1.3,-3.8,109.5,109.5,,,,24.93,95,POSCTL,0,0
2026-08-29T00:57:12,1787939832,13.568967,100.847003,,,-1.3,-3.8,109.5,109.5,,,,24.93,95,POSCTL,0,0
2026-08-29T00:57:13,1787939833,13.568967,100.847003,,,-1.3,-3.8,109.5,109.5,,,,24.93,95,POSCTL,0,0
2026-08-29T00:57:14,1787939834,13.568968,100.847003,,,-1.3,-3.8,109.5,109.5,,,,24.93,95,POSCTL,0,0
2026-08-29T00:57:15,1787939835,13.568968,100.847003,,,-1.3,-3.8,109.5,109.5,,,,24.93,95,POSCTL,0,0
2026-08-29T00:57:16,1787939836,13.568968,100.847003,,,-1.3,-3.8,109.5,109.5,,,,24.93,95,POSCTL,0,0
2026-08-29T00:57:17,1787939837,13.568968,100.847003,,,-1.3,-3.8,109.5,109.5,,,,24.93,95,POSCTL,0,0
2026-08-29T00:57:18,1787939838,13.56897,100.847004,,,-1.3,-3.8,109.5,109.5,,,,24.93,95,POSCTL,0,0
2026-08-29T00:57:19,1787939839,13.56897,100.847004,,,-1.3,-3.8,109.5,109.5,,,,24.93,95,POSCTL,0,0
2026-08-29T00:57:20,1787939840,13.568971,100.847008,,,-1.3,-3.8,109.4,109.4,,,,24.93,95,POSCTL,0,0
2026-08-29T00:57:21,1787939841,13.568971,100.847008,,,-1.3,-3.8,109.4,109.4,,,,24.93,95,POSCTL,0,0
2026-08-29T00:57:22,1787939842,13.568972,100.847013,,,-1.3,-3.8,109.5,109.5,,,,24.93,95,POSCTL,0,0
2026-08-29T00:57:23,1787939843,13.568972,100.847013,,,-1.3,-3.8,109.5,109.5,,,,24.92,95,POSCTL,0,0
2026-08-29T00:57:24,1787939844,13.568972,100.847013,,,-1.3,-3.8,109.5,109.5,,,,24.92,95,POSCTL,0,0
2026-08-29T00:57:25,1787939845,13.568972,100.847013,,,-1.3,-3.8,109.5,109.5,,,,24.92,95,POSCTL,0,0
2026-08-29T00:57:26,1787939846,13.568972,100.847013,,,-1.3,-3.8,109.5,109.5,,,,24.92,95,POSCTL,0,0
2026-08-29T00:57:27,1787939847,13.568972,100.847007,,,-1.3,-3.8,109.5,109.5,,,,24.92,95,POSCTL,0,0
2026-08-29T00:57:28,1787939848,13.568972,100.847007,,,-1.3,-3.8,109.5,109.5,,,,24.92,95,POSCTL,0,0
2026-08-29T00:57:29,1787939849,13.568972,100.847007,,,-1.3,-3.8,109.5,109.5,,,,24.92,95,POSCTL,0,0
2026-08-29T00:57:30,1787939850,13.568972,100.847007,,,-1.3,-3.8,109.5,109.5,,,,24.92,95,POSCTL,0,0
2026-08-29T00:57:31,1787939851,13.568971,100.847006,,,-1.3,-3.8,109.5,109.5,,,,24.92,95,POSCTL,0,0
2026-08-29T00:57:32,1787939852,13.568971,100.847006,,,-1.3,-3.8,109.5,109.5,,,,24.92,95,POSCTL,0,0
2026-08-29T00:57:33,1787939853,13.568971,100.847006,,,-1.3,-3.8,109.5,109.5,,,,24.92,95,POSCTL,0,0
2026-08-29T00:57:34,1787939854,13.568971,100.847006,,,-1.3,-3.8,109.5,109.5,,,,24.92,95,POSCTL,0,0
2026-08-29T00:57:37,1787939857,13.568975,100.847018,,,-1.3,-3.8,109.4,109.4,,,,24.92,95,POSCTL,0,0
2026-08-29T00:57:38,1787939858,13.568975,100.847018,,,-1.3,-3.8,109.4,109.4,,,,24.92,95,POSCTL,0,0
2026-08-29T00:57:39,1787939859,13.568975,100.847015,,,-1.3,-3.8,109.4,109.4,,,,24.92,95,POSCTL,0,0
2026-08-29T00:57:40,1787939860,13.568975,100.847015,,,-1.3,-3.8,109.4,109.4,,,,24.92,95,POSCTL,0,0
2026-08-29T00:57:41,1787939861,13.568975,100.847013,,,-1.3,-3.8,109.4,109.4,,,,24.92,95,POSCTL,0,0
2026-08-29T00:57:42,1787939862,13.568975,100.847013,,,-1.3,-3.8,109.4,109.4,,,,24.92,95,POSCTL,0,0
2026-08-29T00:57:43,1787939863,13.568975,100.847013,,,-1.3,-3.8,109.4,109.4,,,,24.92,95,POSCTL,0,0
2026-08-29T00:57:44,1787939864,13.568975,100.847013,,,-1.3,-3.8,109.4,109.4,,,,24.92,95,POSCTL,0,0
2026-08-29T00:57:45,1787939865,13.56898,100.847022,,,-1.3,-3.8,109.4,109.4,,,,24.92,95,POSCTL,0,0
2026-08-29T00:57:46,1787939866,13.56898,100.847022,,,-1.3,-3.8,109.4,109.4,,,,24.92,95,POSCTL,0,0
2026-08-29T00:57:47,1787939867,13.568982,100.847024,,,-1.3,-3.8,109.4,109.4,,,,24.92,95,POSCTL,0,0
2026-08-29T00:57:48,1787939868,13.568981,100.847022,,,-1.3,-3.8,109.4,109.4,,,,24.92,95,POSCTL,0,0
2026-08-29T00:57:49,1787939869,13.568981,100.847022,,,-1.3,-3.8,109.4,109.4,,,,24.92,95,POSCTL,0,0
2026-08-29T00:57:50,1787939870,13.568981,100.847022,,,-1.3,-3.8,109.4,109.4,,,,24.92,95,POSCTL,0,0
2026-08-29T00:57:51,1787939871,13.568981,100.847022,,,-1.3,-3.8,109.4,109.4,,,,24.92,95,POSCTL,0,0
2026-08-29T00:57:55,1787939875,13.568986,100.847032,,,-1.3,-3.8,109.4,109.4,,,,24.92,95,POSCTL,0,0
2026-08-29T00:57:56,1787939876,13.568989,100.84704,,,-1.3,-3.8,109.4,109.4,,,,24.92,95,POSCTL,0,0
2026-08-29T00:57:57,1787939877,13.56899,100.84704,,,-1.3,-3.8,109.4,109.4,,,,24.92,95,POSCTL,0,0
2026-08-29T00:57:58,1787939878,13.56899,100.84704,,,-1.3,-3.8,109.4,109.4,,,,24.92,95,POSCTL,0,0
2026-08-29T00:57:59,1787939879,13.56899,100.84704,,,-1.3,-3.8,109.4,109.4,,,,24.92,95,POSCTL,0,0
2026-08-29T00:58:00,1787939880,13.56899,100.84704,,,-1.3,-3.8,109.4,109.4,,,,24.92,95,POSCTL,0,0
2026-08-29T00:58:01,1787939881,13.56899,100.84704,,,-1.3,-3.8,109.4,109.4,,,,24.92,95,POSCTL,0,0
2026-08-29T00:58:02,1787939882,13.568992,100.847043,,,-1.3,-3.8,109.4,109.4,,,,24.92,95,POSCTL,0,0
2026-08-29T00:58:03,1787939883,13.568992,100.847043,,,-1.3,-3.8,109.4,109.4,,,,24.92,95,POSCTL,0,0
2026-08-29T00:58:04,1787939884,13.568992,100.847042,,,-1.3,-3.8,109.4,109.4,,,,24.92,95,POSCTL,0,0
2026-08-29T00:58:05,1787939885,13.568992,100.847042,,,-1.3,-3.8,109.4,109.4,,,,24.92,95,POSCTL,0,0
2026-08-29T00:58:06,1787939886,13.56899,100.847036,,,-1.3,-3.8,109.5,109.5,,,,24.92,95,POSCTL,0,0
2026-08-29T00:58:07,1787939887,13.56899,100.847036,,,-1.3,-3.8,109.5,109.5,,,,24.92,95,POSCTL,0,0
2026-08-29T00:58:08,1787939888,13.56899,100.847036,,,-1.3,-3.8,109.5,109.5,,,,24.92,95,POSCTL,0,0
2026-08-29T00:58:09,1787939889,13.56899,100.847036,,,-1.3,-3.8,109.5,109.5,,,,24.92,95,POSCTL,0,0
2026-08-29T00:58:10,1787939890,13.56899,100.847036,,,-1.3,-3.8,109.5,109.5,,,,24.92,95,POSCTL,0,0
2026-08-29T00:58:11,1787939891,13.56899,100.847036,,,-1.3,-3.8,109.5,109.5,,,,24.92,95,POSCTL,0,0
2026-08-29T00:58:12,1787939892,13.568989,100.847028,,,-1.3,-3.8,109.5,109.5,,,,24.92,95,POSCTL,0,0
2026-08-29T00:58:13,1787939893,13.568989,100.847028,,,-1.3,-3.8,109.5,109.5,,,,24.92,95,POSCTL,0,0
2026-08-29T00:58:14,1787939894,13.568989,100.847026,,,-1.3,-3.8,109.5,109.5,,,,24.92,95,POSCTL,0,0
2026-08-29T00:58:15,1787939895,13.568989,100.847026,,,-1.3,-3.8,109.5,109.5,,,,24.92,95,POSCTL,0,0
2026-08-29T00:58:16,1787939896,13.568989,100.847026,,,-1.3,-3.8,109.5,109.5,,,,24.92,95,POSCTL,0,0
2026-08-29T00:58:17,1787939897,13.568989,100.847026,,,-1.3,-3.8,109.5,109.5,,,,24.92,95,POSCTL,0,0
2026-08-29T00:58:18,1787939898,13.568989,100.847026,,,-1.3,-3.8,109.5,109.5,,,,24.92,95,POSCTL,0,0
2026-08-29T00:58:19,1787939899,13.568989,100.847026,,,-1.3,-3.8,109.5,109.5,,,,24.92,95,POSCTL,0,0
2026-08-29T00:58:20,1787939900,13.568991,100.847026,,,-1.3,-3.8,109.5,109.5,,,,24.92,95,POSCTL,0,0
2026-08-29T00:58:21,1787939901,13.568991,100.847026,,,-1.3,-3.8,109.5,109.5,,,,24.92,95,POSCTL,0,0
2026-08-29T00:58:22,1787939902,13.568992,100.847031,,,-1.3,-3.8,109.5,109.5,,,,24.92,95,POSCTL,0,0
2026-08-29T00:58:23,1787939903,13.568992,100.847031,,,-1.3,-3.8,109.5,109.5,,,,24.92,95,POSCTL,0,0
2026-08-29T00:58:24,1787939904,13.568992,100.847031,,,-1.3,-3.8,109.5,109.5,,,,24.92,95,POSCTL,0,0
2026-08-29T00:58:25,1787939905,13.568992,100.847031,,,-1.3,-3.8,109.5,109.5,,,,24.92,95,POSCTL,0,0
2026-08-29T00:58:26,1787939906,13.568992,100.847031,,,-1.3,-3.8,109.5,109.5,,,,24.92,95,POSCTL,0,0
2026-08-29T00:58:27,1787939907,13.568992,100.847031,,,-1.3,-3.8,109.5,109.5,,,,24.92,95,POSCTL,0,0
2026-08-29T00:58:28,1787939908,13.568992,100.847031,,,-1.3,-3.8,109.5,109.5,,,,24.92,95,POSCTL,0,0
2026-08-29T00:58:29,1787939909,13.568992,100.847031,,,-1.3,-3.8,109.5,109.5,,,,24.92,95,POSCTL,0,0
2026-08-29T00:58:30,1787939910,13.568992,100.847031,,,-1.3,-3.8,109.5,109.5,,,,24.92,95,POSCTL,0,0
2026-08-29T00:58:31,1787939911,13.568997,100.847043,,,-1.3,-3.8,109.5,109.5,,,,24.92,95,POSCTL,0,0
2026-08-29T00:58:32,1787939912,13.569,100.847054,,,-1.3,-3.8,109.5,109.5,,,,24.92,95,POSCTL,0,0
2026-08-29T00:58:33,1787939913,13.569,100.847054,,,-1.3,-3.8,109.5,109.5,,,,24.92,95,POSCTL,0,0
2026-08-29T00:58:34,1787939914,13.569,100.847054,,,-1.3,-3.8,109.5,109.5,,,,24.92,95,POSCTL,0,0
2026-08-29T00:58:35,1787939915,13.569,100.847054,,,-1.3,-3.8,109.5,109.5,,,,24.92,95,POSCTL,0,0
2026-08-29T00:58:36,1787939916,13.569,100.847054,,,-1.3,-3.8,109.5,109.5,,,,24.92,95,POSCTL,0,0
2026-08-29T00:58:37,1787939917,13.569006,100.847068,,,-1.3,-3.8,109.5,109.5,,,,24.92,95,POSCTL,0,0
2026-08-29T00:58:38,1787939918,13.569006,100.847068,,,-1.3,-3.8,109.5,109.5,,,,24.92,95,POSCTL,0,0
2026-08-29T00:58:39,1787939919,13.569006,100.847068,,,-1.3,-3.8,109.5,109.5,,,,24.92,95,POSCTL,0,0
2026-08-29T00:58:40,1787939920,13.569006,100.847068,,,-1.3,-3.8,109.5,109.5,,,,24.92,95,POSCTL,0,0
2026-08-29T00:58:41,1787939921,13.569006,100.847068,,,-1.3,-3.8,109.5,109.5,,,,24.92,95,POSCTL,0,0
2026-08-29T00:58:42,1787939922,13.569005,100.847062,,,-1.3,-3.8,109.5,109.5,,,,24.92,95,POSCTL,0,0
2026-08-29T00:58:43,1787939923,13.569005,100.847062,,,-1.3,-3.8,109.5,109.5,,,,24.92,95,POSCTL,0,0
2026-08-29T00:58:44,1787939924,13.569005,100.847062,,,-1.3,-3.8,109.5,109.5,,,,24.92,95,POSCTL,0,0
2026-08-29T00:58:45,1787939925,13.569005,100.847062,,,-1.3,-3.8,109.5,109.5,,,,24.92,95,POSCTL,0,0
2026-08-29T00:58:46,1787939926,13.569005,100.847062,,,-1.3,-3.8,109.5,109.5,,,,24.92,95,POSCTL,0,0
2026-08-29T00:58:47,1787939927,13.569005,100.847062,,,-1.3,-3.8,109.5,109.5,,,,24.92,95,POSCTL,0,0
2026-08-29T00:58:48,1787939928,13.569007,100.847057,,,-1.3,-3.8,109.5,109.5,,,,24.92,95,POSCTL,0,0
2026-08-29T00:58:49,1787939929,13.569007,100.847057,,,-1.3,-3.8,109.5,109.5,,,,24.92,95,POSCTL,0,0
2026-08-29T00:58:50,1787939930,13.569008,100.84706,,,-1.3,-3.8,109.5,109.5,,,,24.92,95,POSCTL,0,0
2026-08-29T00:58:51,1787939931,13.569008,100.84706,,,-1.3,-3.8,109.5,109.5,,,,24.92,95,POSCTL,0,0
2026-08-29T00:58:52,1787939932,13.569008,100.84706,,,-1.3,-3.8,109.5,109.5,,,,24.92,95,POSCTL,0,0
2026-08-29T00:58:53,1787939933,13.569008,100.84706,,,-1.3,-3.8,109.5,109.5,,,,24.92,95,POSCTL,0,0
2026-08-29T00:58:54,1787939934,13.569008,100.84706,,,-1.3,-3.8,109.5,109.5,,,,24.92,95,POSCTL,0,0
2026-08-29T00:58:55,1787939935,13.569008,100.84706,,,-1.3,-3.8,109.5,109.5,,,,24.92,95,POSCTL,0,0
2026-08-29T00:58:56,1787939936,13.569008,100.84706,,,-1.3,-3.8,109.5,109.5,,,,24.92,95,POSCTL,0,0
2026-08-29T00:58:57,1787939937,13.569008,100.84706,,,-1.3,-3.8,109.5,109.5,,,,24.92,95,POSCTL,0,0
2026-08-29T00:58:58,1787939938,13.56901,100.847069,,,-1.3,-3.8,109.5,109.5,,,,24.92,95,POSCTL,0,0
2026-08-29T00:58:59,1787939939,13.56901,100.847069,,,-1.3,-3.8,109.5,109.5,,,,24.92,95,POSCTL,0,0
2026-08-29T00:59:00,1787939940,13.569012,100.847071,,,-1.3,-3.8,109.5,109.5,,,,24.92,95,POSCTL,0,0
2026-08-29T00:59:01,1787939941,13.569012,100.847071,,,-1.3,-3.8,109.5,109.5,,,,24.92,95,POSCTL,0,0
2026-08-29T00:59:02,1787939942,13.569014,100.847077,,,-1.3,-3.8,109.5,109.5,,,,24.92,95,POSCTL,0,0
2026-08-29T00:59:03,1787939943,13.569014,100.847077,,,-1.3,-3.8,109.5,109.5,,,,24.92,95,POSCTL,0,0
2026-08-29T00:59:04,1787939944,13.569014,100.847077,,,-1.3,-3.8,109.5,109.5,,,,24.92,95,POSCTL,0,0
2026-08-29T00:59:05,1787939945,13.569014,100.847077,,,-1.3,-3.8,109.5,109.5,,,,24.92,95,POSCTL,0,0
2026-08-29T00:59:06,1787939946,13.569014,100.847077,,,-1.3,-3.8,109.5,109.5,,,,24.92,95,POSCTL,0,0
2026-08-29T00:59:07,1787939947,13.569014,100.847077,,,-1.3,-3.8,109.5,109.5,,,,24.92,95,POSCTL,0,0
2026-08-29T00:59:08,1787939948,13.569014,100.847077,,,-1.3,-3.8,109.5,109.5,,,,24.92,95,POSCTL,0,0
2026-08-29T00:59:09,1787939949,13.56901,100.847066,,,-1.3,-3.8,109.5,109.5,,,,24.91,95,POSCTL,0,0
2026-08-29T00:59:10,1787939950,13.56901,100.847066,,,-1.3,-3.8,109.5,109.5,,,,24.91,95,POSCTL,0,0
2026-08-29T00:59:11,1787939951,13.56901,100.847067,,,-1.3,-3.8,109.5,109.5,,,,24.91,95,POSCTL,0,0
2026-08-29T00:59:12,1787939952,13.56901,100.847067,,,-1.3,-3.8,109.5,109.5,,,,24.91,95,POSCTL,0,0
2026-08-29T00:59:13,1787939953,13.56901,100.847067,,,-1.3,-3.8,109.5,109.5,,,,24.91,95,POSCTL,0,0
2026-08-29T00:59:14,1787939954,13.56901,100.847067,,,-1.3,-3.8,109.5,109.5,,,,24.91,95,POSCTL,0,0
2026-08-29T00:59:15,1787939955,13.56901,100.847067,,,-1.3,-3.8,109.5,109.5,,,,24.91,95,POSCTL,0,0
2026-08-29T00:59:16,1787939956,13.56901,100.847067,,,-1.3,-3.8,109.5,109.5,,,,24.91,95,POSCTL,0,0
2026-08-29T00:59:17,1787939957,13.56901,100.847067,,,-1.3,-3.8,109.5,109.5,,,,24.91,95,POSCTL,0,0
2026-08-29T00:59:18,1787939958,13.56901,100.847067,,,-1.3,-3.8,109.5,109.5,,,,24.91,95,POSCTL,0,0
2026-08-29T00:59:19,1787939959,13.569009,100.847063,,,-1.3,-3.8,109.5,109.5,,,,24.91,95,POSCTL,0,0
2026-08-29T00:59:20,1787939960,13.569009,100.847063,,,-1.3,-3.8,109.5,109.5,,,,24.91,95,POSCTL,0,0
2026-08-29T00:59:21,1787939961,13.569007,100.847056,,,-1.3,-3.8,109.5,109.5,,,,24.91,95,POSCTL,0,0
2026-08-29T00:59:22,1787939962,13.569007,100.847056,,,-1.3,-3.8,109.5,109.5,,,,24.91,95,POSCTL,0,0
2026-08-29T00:59:23,1787939963,13.569005,100.84705,,,-1.3,-3.8,109.5,109.5,,,,24.91,95,POSCTL,0,0
2026-08-29T00:59:24,1787939964,13.569005,100.84705,,,-1.3,-3.8,109.5,109.5,,,,24.91,95,POSCTL,0,0
2026-08-29T00:59:25,1787939965,13.569005,100.84705,,,-1.3,-3.8,109.5,109.5,,,,24.91,95,POSCTL,0,0
2026-08-29T00:59:26,1787939966,13.569005,100.84705,,,-1.3,-3.8,109.5,109.5,,,,24.91,95,POSCTL,0,0
2026-08-29T00:59:27,1787939967,13.569005,100.84705,,,-1.3,-3.8,109.5,109.5,,,,24.91,95,POSCTL,0,0
2026-08-29T00:59:28,1787939968,13.569005,100.84705,,,-1.3,-3.8,109.5,109.5,,,,24.91,95,POSCTL,0,0
2026-08-29T00:59:29,1787939969,13.569005,100.84705,,,-1.3,-3.8,109.5,109.5,,,,24.91,95,POSCTL,0,0
2026-08-29T00:59:30,1787939970,13.569005,100.84705,,,-1.3,-3.8,109.5,109.5,,,,24.91,95,POSCTL,0,0
2026-08-29T00:59:31,1787939971,13.569001,100.847031,,,-1.3,-3.8,109.4,109.4,,,,24.91,95,POSCTL,0,0
2026-08-29T00:59:32,1787939972,13.569001,100.847031,,,-1.3,-3.8,109.4,109.4,,,,24.91,95,POSCTL,0,0
2026-08-29T00:59:33,1787939973,13.569001,100.847031,,,-1.3,-3.8,109.4,109.4,,,,24.91,95,POSCTL,0,0
2026-08-29T00:59:34,1787939974,13.569,100.847026,,,-1.3,-3.8,109.4,109.4,,,,24.91,95,POSCTL,0,0
2026-08-29T00:59:35,1787939975,13.569,100.847026,,,-1.3,-3.8,109.4,109.4,,,,24.91,94,POSCTL,0,0
2026-08-29T00:59:36,1787939976,13.569,100.847026,,,-1.3,-3.8,109.4,109.4,,,,24.91,94,POSCTL,0,0
2026-08-29T00:59:37,1787939977,13.569,100.847026,,,-1.3,-3.8,109.4,109.4,,,,24.91,94,POSCTL,0,0
2026-08-29T00:59:38,1787939978,13.569,100.847026,,,-1.3,-3.8,109.4,109.4,,,,24.91,94,POSCTL,0,0
2026-08-29T00:59:39,1787939979,13.568999,100.847025,,,-1.3,-3.8,109.4,109.4,,,,24.91,94,POSCTL,0,0
2026-08-29T00:59:40,1787939980,13.568999,100.847025,,,-1.3,-3.8,109.5,109.5,,,,24.91,94,POSCTL,0,0
2026-08-29T00:59:41,1787939981,13.568999,100.847025,,,-1.3,-3.8,109.5,109.5,,,,24.91,94,POSCTL,0,0
2026-08-29T00:59:42,1787939982,13.568999,100.847025,,,-1.3,-3.8,109.5,109.5,,,,24.91,94,POSCTL,0,0
2026-08-29T00:59:43,1787939983,13.568995,100.847013,,,-1.3,-3.8,109.5,109.5,,,,24.91,94,POSCTL,0,0
2026-08-29T00:59:44,1787939984,13.568995,100.847013,,,-1.3,-3.8,109.5,109.5,,,,24.91,94,POSCTL,0,0
2026-08-29T00:59:45,1787939985,13.568995,100.847013,,,-1.4,-3.8,109.5,109.5,,,,24.91,94,POSCTL,0,0
2026-08-29T00:59:46,1787939986,13.568995,100.847013,,,-1.4,-3.8,109.5,109.5,,,,24.91,94,POSCTL,0,0
2026-08-29T00:59:47,1787939987,13.568995,100.847013,,,-1.4,-3.8,109.5,109.5,,,,24.91,94,POSCTL,0,0
2026-08-29T00:59:49,1787939989,13.568995,100.847013,,,-1.4,-3.8,109.5,109.5,,,,24.91,94,POSCTL,0,0
2026-08-29T00:59:50,1787939990,13.568992,100.847008,,,-1.4,-3.8,109.5,109.5,,,,24.91,94,POSCTL,0,0
2026-08-29T00:59:51,1787939991,13.568991,100.847007,,,-1.4,-3.8,109.5,109.5,,,,24.91,94,POSCTL,0,0
2026-08-29T00:59:52,1787939992,13.568991,100.847007,,,-1.4,-3.8,109.5,109.5,,,,24.91,94,POSCTL,0,0
2026-08-29T00:59:53,1787939993,13.568991,100.847007,,,-1.3,-3.8,109.5,109.5,,,,24.91,94,POSCTL,0,0
2026-08-29T00:59:54,1787939994,13.568993,100.847011,,,-1.3,-3.8,109.5,109.5,,,,24.91,94,POSCTL,0,0
2026-08-29T00:59:55,1787939995,13.568993,100.847011,,,-1.3,-3.8,109.5,109.5,,,,24.91,94,POSCTL,0,0
2026-08-29T00:59:56,1787939996,13.568993,100.847011,,,-1.3,-3.8,109.5,109.5,,,,24.91,94,POSCTL,0,0
2026-08-29T00:59:57,1787939997,13.568993,100.847011,,,-1.3,-3.8,109.5,109.5,,,,24.91,94,POSCTL,0,0
2026-08-29T00:59:58,1787939998,13.568993,100.847011,,,-1.3,-3.8,109.5,109.5,,,,24.91,94,POSCTL,0,0
2026-08-29T00:59:59,1787939999,13.568993,100.847011,,,-1.4,-3.8,109.4,109.4,,,,24.91,94,POSCTL,0,0
2026-08-29T01:00:00,1787940000,13.568997,100.847025,,,-1.4,-3.8,109.4,109.4,,,,24.91,94,POSCTL,0,0
2026-08-29T01:00:01,1787940001,13.568997,100.847025,,,-1.4,-3.8,109.5,109.5,,,,24.91,94,POSCTL,0,0
2026-08-29T01:00:02,1787940002,13.568998,100.847027,,,-1.4,-3.8,109.5,109.5,,,,24.91,94,POSCTL,0,0
2026-08-29T01:00:03,1787940003,13.568998,100.847027,,,-1.4,-3.8,109.5,109.5,,,,24.91,94,POSCTL,0,0
2026-08-29T01:00:04,1787940004,13.568999,100.84704,,,-1.4,-3.8,109.5,109.5,,,,24.91,94,POSCTL,0,0
2026-08-29T01:00:05,1787940005,13.568999,100.84704,,,-1.4,-3.8,109.5,109.5,,,,24.91,94,POSCTL,0,0
2026-08-29T01:00:07,1787940007,13.568999,100.84704,,,-1.4,-3.8,109.5,109.5,,,,24.91,94,POSCTL,0,0
2026-08-29T01:00:08,1787940008,13.569001,100.847052,,,-1.3,-3.8,109.4,109.4,,,,24.91,94,POSCTL,0,0
2026-08-29T01:00:09,1787940009,13.569001,100.847052,,,-1.3,-3.8,109.4,109.4,,,,24.91,94,POSCTL,0,0
2026-08-29T01:00:10,1787940010,13.569001,100.847052,,,-1.3,-3.8,109.4,109.4,,,,24.91,94,POSCTL,0,0
2026-08-29T01:00:11,1787940011,13.569002,100.847055,,,-1.3,-3.8,109.4,109.4,,,,24.91,94,POSCTL,0,0
2026-08-29T01:00:12,1787940012,13.569001,100.847051,,,-1.3,-3.8,109.4,109.4,,,,24.91,94,POSCTL,0,0
2026-08-29T01:00:13,1787940013,13.569001,100.847051,,,-1.3,-3.8,109.4,109.4,,,,24.91,94,POSCTL,0,0
2026-08-29T01:00:14,1787940014,13.569001,100.847051,,,-1.3,-3.8,109.4,109.4,,,,24.91,94,POSCTL,0,0
2026-08-29T01:00:15,1787940015,13.569001,100.847051,,,-1.3,-3.8,109.4,109.4,,,,24.91,94,POSCTL,0,0
2026-08-29T01:00:16,1787940016,13.569001,100.847051,,,-1.3,-3.8,109.4,109.4,,,,24.91,94,POSCTL,0,0
2026-08-29T01:00:17,1787940017,13.569001,100.847051,,,-1.3,-3.8,109.4,109.4,,,,24.91,94,POSCTL,0,0
2026-08-29T01:00:18,1787940018,13.569001,100.847051,,,-1.3,-3.8,109.5,109.5,,,,24.91,94,POSCTL,0,0
2026-08-29T01:00:19,1787940019,13.568998,100.847043,,,-1.3,-3.8,109.5,109.5,,,,24.91,94,POSCTL,0,0
2026-08-29T01:00:20,1787940020,13.568998,100.847043,,,-1.3,-3.8,109.5,109.5,,,,24.91,94,POSCTL,0,0
2026-08-29T01:00:21,1787940021,13.568998,100.847047,,,-1.3,-3.8,109.5,109.5,,,,24.91,94,POSCTL,0,0
2026-08-29T01:00:22,1787940022,13.568998,100.847047,,,-1.3,-3.8,109.5,109.5,,,,24.91,94,POSCTL,0,0
2026-08-29T01:00:23,1787940023,13.568998,100.847046,,,-1.3,-3.8,109.5,109.5,,,,24.91,94,POSCTL,0,0
2026-08-29T01:00:24,1787940024,13.568998,100.847046,,,-1.3,-3.8,109.5,109.5,,,,24.91,94,POSCTL,0,0
2026-08-29T01:00:25,1787940025,13.568998,100.847046,,,-1.3,-3.8,109.5,109.5,,,,24.91,94,POSCTL,0,0
2026-08-29T01:00:26,1787940026,13.568998,100.847046,,,-1.3,-3.8,109.5,109.5,,,,24.91,94,POSCTL,0,0
2026-08-29T01:00:27,1787940027,13.568998,100.847046,,,-1.3,-3.8,109.5,109.5,,,,24.91,94,POSCTL,0,0
2026-08-29T01:00:28,1787940028,13.568998,100.847046,,,-1.3,-3.8,109.5,109.5,,,,24.91,94,POSCTL,0,0
2026-08-29T01:00:29,1787940029,13.568998,100.847046,,,-1.3,-3.8,109.5,109.5,,,,24.91,94,POSCTL,0,0
2026-08-29T01:00:30,1787940030,13.568998,100.847046,,,-1.3,-3.8,109.5,109.5,,,,24.91,94,POSCTL,0,0
2026-08-29T01:00:31,1787940031,13.568998,100.847046,,,-1.3,-3.8,109.5,109.5,,,,24.91,94,POSCTL,0,0
2026-08-29T01:00:32,1787940032,13.568998,100.84704,,,-1.3,-3.8,109.5,109.5,,,,24.91,94,POSCTL,0,0
2026-08-29T01:00:33,1787940033,13.568998,100.84704,,,-1.3,-3.8,109.5,109.5,,,,24.91,94,POSCTL,0,0
2026-08-29T01:00:34,1787940034,13.568998,100.84704,,,-1.3,-3.8,109.5,109.5,,,,24.91,94,POSCTL,0,0
2026-08-29T01:00:35,1787940035,13.568998,100.84704,,,-1.3,-3.8,109.5,109.5,,,,24.91,94,POSCTL,0,0
2026-08-29T01:00:36,1787940036,13.568998,100.84704,,,-1.3,-3.8,109.5,109.5,,,,24.91,94,POSCTL,0,0
2026-08-29T01:00:37,1787940037,13.568998,100.84704,,,-1.3,-3.8,109.5,109.5,,,,24.91,94,POSCTL,0,0
2026-08-29T01:00:38,1787940038,13.568998,100.84704,,,-1.3,-3.8,109.5,109.5,,,,24.91,94,POSCTL,0,0
2026-08-29T01:00:39,1787940039,13.568995,100.847044,,,-1.3,-3.8,109.5,109.5,,,,24.91,94,POSCTL,0,0
2026-08-29T01:00:40,1787940040,13.568995,100.847044,,,-1.3,-3.8,109.5,109.5,,,,24.91,94,POSCTL,0,0
2026-08-29T01:00:41,1787940041,13.568993,100.847042,,,-1.3,-3.8,109.5,109.5,,,,24.91,94,POSCTL,0,0
2026-08-29T01:00:42,1787940042,13.568993,100.847042,,,-1.3,-3.8,109.6,109.6,,,,24.91,94,POSCTL,0,0
2026-08-29T01:00:43,1787940043,13.56899,100.847041,,,-1.3,-3.8,109.6,109.6,,,,24.91,94,POSCTL,0,0
2026-08-29T01:00:44,1787940044,13.56899,100.847041,,,-1.3,-3.8,109.6,109.6,,,,24.91,94,POSCTL,0,0
2026-08-29T01:00:45,1787940045,13.568989,100.847041,,,-1.3,-3.8,109.6,109.6,,,,24.91,94,POSCTL,0,0
2026-08-29T01:00:46,1787940046,13.568989,100.847041,,,-1.3,-3.8,109.6,109.6,,,,24.91,94,POSCTL,0,0
2026-08-29T01:00:47,1787940047,13.568989,100.847041,,,-1.3,-3.8,109.6,109.6,,,,24.91,94,POSCTL,0,0
2026-08-29T01:00:48,1787940048,13.568988,100.84705,,,-1.3,-3.8,109.6,109.6,,,,24.91,94,POSCTL,0,0
2026-08-29T01:00:49,1787940049,13.568987,100.847048,,,-1.3,-3.8,109.6,109.6,,,,24.91,94,POSCTL,0,0
2026-08-29T01:00:50,1787940050,13.568987,100.847048,,,-1.3,-3.8,109.6,109.6,,,,24.91,94,POSCTL,0,0
2026-08-29T01:00:51,1787940051,13.568987,100.847048,,,-1.3,-3.8,109.6,109.6,,,,24.91,94,POSCTL,0,0
2026-08-29T01:00:52,1787940052,13.568987,100.847048,,,-1.3,-3.8,109.6,109.6,,,,24.91,94,POSCTL,0,0
2026-08-29T01:00:53,1787940053,13.568987,100.847048,,,-1.3,-3.8,109.6,109.6,,,,24.91,94,POSCTL,0,0
2026-08-29T01:00:54,1787940054,13.568987,100.847048,,,-1.3,-3.8,109.6,109.6,,,,24.91,94,POSCTL,0,0
2026-08-29T01:00:55,1787940055,13.568987,100.847048,,,-1.3,-3.8,109.6,109.6,,,,24.91,94,POSCTL,0,0
2026-08-29T01:00:56,1787940056,13.568979,100.847045,,,-1.3,-3.8,109.6,109.6,,,,24.91,94,POSCTL,0,0
2026-08-29T01:00:57,1787940057,13.568979,100.847045,,,-1.3,-3.8,109.6,109.6,,,,24.91,94,POSCTL,0,0
2026-08-29T01:00:58,1787940058,13.568977,100.847045,,,-1.3,-3.8,109.6,109.6,,,,24.9,94,POSCTL,0,0
2026-08-29T01:00:59,1787940059,13.568977,100.847045,,,-1.3,-3.8,109.6,109.6,,,,24.9,94,POSCTL,0,0
2026-08-29T01:01:00,1787940060,13.568976,100.847047,,,-1.3,-3.8,109.6,109.6,,,,24.9,94,POSCTL,0,0
2026-08-29T01:01:01,1787940061,13.568976,100.847047,,,-1.3,-3.8,109.6,109.6,,,,24.9,94,POSCTL,0,0
2026-08-29T01:01:02,1787940062,13.568976,100.847047,,,-1.3,-3.8,109.6,109.6,,,,24.9,94,POSCTL,0,0
2026-08-29T01:01:03,1787940063,13.568976,100.847047,,,-1.3,-3.8,109.6,109.6,,,,24.9,94,POSCTL,0,0
2026-08-29T01:01:04,1787940064,13.568974,100.847052,,,-1.3,-3.8,109.6,109.6,,,,24.9,94,POSCTL,0,0
2026-08-29T01:01:05,1787940065,13.568974,100.847052,,,-1.3,-3.8,109.6,109.6,,,,24.9,94,POSCTL,0,0
2026-08-29T01:01:06,1787940066,13.568974,100.847054,,,-1.3,-3.8,109.6,109.6,,,,24.9,94,POSCTL,0,0
2026-08-29T01:01:07,1787940067,13.568974,100.847054,,,-1.3,-3.8,109.6,109.6,,,,24.9,94,POSCTL,0,0
2026-08-29T01:01:08,1787940068,13.568975,100.847059,,,-1.3,-3.8,109.6,109.6,,,,24.9,94,POSCTL,0,0
2026-08-29T01:01:09,1787940069,13.568975,100.847059,,,-1.3,-3.8,109.6,109.6,,,,24.9,94,POSCTL,0,0
2026-08-29T01:01:10,1787940070,13.568975,100.847059,,,-1.3,-3.8,109.6,109.6,,,,24.9,94,POSCTL,0,0
2026-08-29T01:01:12,1787940072,13.568975,100.847059,,,-1.3,-3.8,109.6,109.6,,,,24.9,94,POSCTL,0,0
2026-08-29T01:01:13,1787940073,13.568976,100.847066,,,-1.3,-3.8,109.6,109.6,,,,24.9,94,POSCTL,0,0
2026-08-29T01:01:14,1787940074,13.568976,100.847066,,,-1.3,-3.8,109.6,109.6,,,,24.9,94,POSCTL,0,0
2026-08-29T01:01:15,1787940075,13.568976,100.847063,,,-1.3,-3.8,109.6,109.6,,,,24.9,94,POSCTL,0,0
2026-08-29T01:01:16,1787940076,13.568976,100.847063,,,-1.3,-3.8,109.6,109.6,,,,24.9,94,POSCTL,0,0
2026-08-29T01:01:17,1787940077,13.568975,100.847062,,,-1.3,-3.8,109.6,109.6,,,,24.9,94,POSCTL,0,0
2026-08-29T01:01:18,1787940078,13.568975,100.847062,,,-1.3,-3.8,109.6,109.6,,,,24.9,94,POSCTL,0,0
2026-08-29T01:01:19,1787940079,13.568975,100.847062,,,-1.3,-3.8,109.6,109.6,,,,24.9,94,POSCTL,0,0
2026-08-29T01:01:22,1787940082,13.568974,100.847057,,,-1.3,-3.8,109.6,109.6,,,,24.9,94,POSCTL,0,0
2026-08-29T01:01:23,1787940083,13.568973,100.847057,,,-1.3,-3.8,109.6,109.6,,,,24.9,94,POSCTL,0,0
2026-08-29T01:01:24,1787940084,13.568973,100.847057,,,-1.3,-3.8,109.6,109.6,,,,24.9,94,POSCTL,0,0
2026-08-29T01:01:25,1787940085,13.568973,100.847056,,,-1.3,-3.8,109.6,109.6,,,,24.9,94,POSCTL,0,0
2026-08-29T01:01:26,1787940086,13.568973,100.847056,,,-1.3,-3.8,109.6,109.6,,,,24.9,94,POSCTL,0,0
2026-08-29T01:01:27,1787940087,13.568973,100.847056,,,-1.3,-3.8,109.6,109.6,,,,24.9,94,POSCTL,0,0
2026-08-29T01:01:28,1787940088,13.568973,100.847056,,,-1.3,-3.8,109.6,109.6,,,,24.9,94,POSCTL,0,0
2026-08-29T01:01:29,1787940089,13.568973,100.847056,,,-1.3,-3.8,109.6,109.6,,,,24.9,94,POSCTL,0,0
2026-08-29T01:01:30,1787940090,13.568973,100.847056,,,-1.3,-3.8,109.6,109.6,,,,24.9,94,POSCTL,0,0
2026-08-29T01:01:31,1787940091,13.568973,100.847056,,,-1.3,-3.8,109.6,109.6,,,,24.9,94,POSCTL,0,0
2026-08-29T01:01:32,1787940093,13.568971,100.847052,,,-1.3,-3.8,109.6,109.6,,,,24.9,94,POSCTL,0,0
2026-08-29T01:01:33,1787940094,13.568971,100.847052,,,-1.3,-3.8,109.6,109.6,,,,24.9,94,POSCTL,0,0
2026-08-29T01:01:34,1787940095,13.568971,100.847052,,,-1.3,-3.8,109.6,109.6,,,,24.9,94,POSCTL,0,0
2026-08-29T01:01:35,1787940096,13.568971,100.847052,,,-1.3,-3.8,109.6,109.6,,,,24.9,94,POSCTL,0,0
2026-08-29T01:01:36,1787940097,13.568971,100.847046,,,-1.3,-3.8,109.6,109.6,,,,24.9,94,POSCTL,0,0
2026-08-29T01:01:37,1787940098,13.568971,100.847046,,,-1.3,-3.8,109.6,109.6,,,,24.9,94,POSCTL,0,0
2026-08-29T01:01:38,1787940099,13.568971,100.847046,,,-1.3,-3.8,109.6,109.6,,,,24.9,94,POSCTL,0,0
2026-08-29T01:01:39,1787940100,13.568968,100.847047,,,-1.3,-3.8,109.6,109.6,,,,24.9,94,POSCTL,0,0
2026-08-29T01:01:40,1787940101,13.568968,100.847047,,,-1.3,-3.8,109.6,109.6,,,,24.9,94,POSCTL,0,0
2026-08-29T01:01:41,1787940102,13.568968,100.847047,,,-1.3,-3.8,109.6,109.6,,,,24.9,94,POSCTL,0,0
2026-08-29T01:01:42,1787940103,13.568968,100.847047,,,-1.3,-3.8,109.6,109.6,,,,24.9,94,POSCTL,0,0
2026-08-29T01:01:43,1787940104,13.568968,100.847047,,,-1.3,-3.8,109.6,109.6,,,,24.9,94,POSCTL,0,0
2026-08-29T01:01:44,1787940105,13.568968,100.847047,,,-1.3,-3.8,109.6,109.6,,,,24.9,94,POSCTL,0,0
2026-08-29T01:01:47,1787940108,13.568968,100.847047,,,-1.3,-3.8,109.6,109.6,,,,24.9,94,POSCTL,0,0
2026-08-29T01:01:48,1787940109,13.568962,100.847051,,,-1.3,-3.8,109.6,109.6,,,,24.9,94,POSCTL,0,0
2026-08-29T01:01:49,1787940110,13.568962,100.847051,,,-1.3,-3.8,109.6,109.6,,,,24.9,94,POSCTL,0,0
2026-08-29T01:01:50,1787940111,13.568962,100.847054,,,-1.3,-3.8,109.6,109.6,,,,24.9,94,POSCTL,0,0
2026-08-29T01:01:51,1787940112,13.568962,100.847054,,,-1.3,-3.8,109.6,109.6,,,,24.9,94,POSCTL,0,0
2026-08-29T01:01:52,1787940113,13.568962,100.847054,,,-1.4,-3.8,109.6,109.6,,,,24.9,94,POSCTL,0,0
2026-08-29T01:01:53,1787940114,13.568962,100.847054,,,-1.4,-3.8,109.6,109.6,,,,24.9,94,POSCTL,0,0
2026-08-29T01:01:54,1787940115,13.568962,100.847054,,,-1.4,-3.8,109.6,109.6,,,,24.9,94,POSCTL,0,0
2026-08-29T01:01:55,1787940116,13.568962,100.847054,,,-1.4,-3.8,109.6,109.6,,,,24.9,94,POSCTL,0,0
2026-08-29T01:01:56,1787940117,13.568961,100.847071,,,-1.4,-3.8,109.6,109.6,,,,24.9,94,POSCTL,0,0
2026-08-29T01:01:57,1787940118,13.568961,100.847071,,,-1.4,-3.8,109.6,109.6,,,,24.9,94,POSCTL,0,0
2026-08-29T01:01:58,1787940119,13.568961,100.847071,,,-1.4,-3.8,109.6,109.6,,,,24.9,94,POSCTL,0,0
2026-08-29T01:01:59,1787940120,13.568961,100.847073,,,-1.4,-3.8,109.6,109.6,,,,24.9,94,POSCTL,0,0
2026-08-29T01:02:00,1787940121,13.568961,100.847073,,,-1.4,-3.8,109.6,109.6,,,,24.9,94,POSCTL,0,0
2026-08-29T01:02:01,1787940122,13.568961,100.847073,,,-1.4,-3.8,109.6,109.6,,,,24.9,94,POSCTL,0,0
2026-08-29T01:02:02,1787940123,13.568963,100.847074,,,-1.4,-3.8,109.6,109.6,,,,24.9,94,POSCTL,0,0
2026-08-29T01:02:03,1787940124,13.568963,100.847074,,,-1.4,-3.8,109.6,109.6,,,,24.9,94,POSCTL,0,0
2026-08-29T01:02:04,1787940125,13.568963,100.847074,,,-1.4,-3.8,109.6,109.6,,,,24.9,94,POSCTL,0,0
2026-08-29T01:02:05,1787940126,13.568963,100.847076,,,-1.4,-3.8,109.6,109.6,,,,24.9,94,POSCTL,0,0
2026-08-29T01:02:06,1787940127,13.568963,100.847076,,,-1.4,-3.8,109.6,109.6,,,,24.9,94,POSCTL,0,0
2026-08-29T01:02:07,1787940128,13.568964,100.847073,,,-1.4,-3.8,109.6,109.6,,,,24.9,94,POSCTL,0,0
2026-08-29T01:02:08,1787940129,13.568964,100.847073,,,-1.3,-3.8,109.5,109.5,,,,24.9,94,POSCTL,0,0
2026-08-29T01:02:09,1787940130,13.568964,100.847076,,,-1.3,-3.8,109.5,109.5,,,,24.9,94,POSCTL,0,0
2026-08-29T01:02:10,1787940131,13.568964,100.847076,,,-1.3,-3.8,109.5,109.5,,,,24.9,94,POSCTL,0,0
2026-08-29T01:02:11,1787940132,13.568964,100.847076,,,-1.3,-3.8,109.5,109.5,,,,24.9,94,POSCTL,0,0
2026-08-29T01:02:12,1787940133,13.568964,100.847076,,,-1.3,-3.8,109.5,109.5,,,,24.9,94,POSCTL,0,0
2026-08-29T01:02:13,1787940134,13.568963,100.847083,,,-1.3,-3.8,109.5,109.5,,,,24.9,94,POSCTL,0,0
2026-08-29T01:02:14,1787940135,13.568963,100.847083,,,-1.4,-3.8,109.6,109.6,,,,24.9,94,POSCTL,0,0
2026-08-29T01:02:15,1787940136,13.568962,100.847088,,,-1.4,-3.8,109.6,109.6,,,,24.9,94,POSCTL,0,0
2026-08-29T01:02:16,1787940137,13.568962,100.847088,,,-1.4,-3.8,109.6,109.6,,,,24.9,94,POSCTL,0,0
2026-08-29T01:02:17,1787940138,13.56896,100.847095,,,-1.4,-3.8,109.6,109.6,,,,24.9,94,POSCTL,0,0
2026-08-29T01:02:18,1787940139,13.56896,100.847095,,,-1.4,-3.8,109.6,109.6,,,,24.9,94,POSCTL,0,0
2026-08-29T01:02:19,1787940140,13.56896,100.847095,,,-1.4,-3.8,109.6,109.6,,,,24.9,94,POSCTL,0,0
2026-08-29T01:02:20,1787940141,13.56896,100.847095,,,-1.4,-3.8,109.6,109.6,,,,24.9,94,POSCTL,0,0
2026-08-29T01:02:21,1787940142,13.56896,100.847095,,,-1.4,-3.8,109.6,109.6,,,,24.9,94,POSCTL,0,0
2026-08-29T01:02:25,1787940146,13.56896,100.847095,,,-1.3,-3.8,109.6,109.6,,,,24.9,94,POSCTL,0,0
2026-08-29T01:02:26,1787940147,13.568962,100.847103,,,-1.3,-3.8,109.6,109.6,,,,24.9,94,POSCTL,0,0
2026-08-29T01:02:27,1787940148,13.568962,100.847103,,,-1.3,-3.8,109.6,109.6,,,,24.9,94,POSCTL,0,0
2026-08-29T01:02:28,1787940149,13.568962,100.847105,,,-1.3,-3.8,109.6,109.6,,,,24.9,94,POSCTL,0,0
2026-08-29T01:02:29,1787940150,13.568962,100.847105,,,-1.3,-3.8,109.6,109.6,,,,24.9,94,POSCTL,0,0
2026-08-29T01:02:30,1787940151,13.568962,100.847105,,,-1.3,-3.8,109.6,109.6,,,,24.9,94,POSCTL,0,0
2026-08-29T01:02:31,1787940152,13.568962,100.847105,,,-1.3,-3.8,109.6,109.6,,,,24.9,94,POSCTL,0,0
2026-08-29T01:02:34,1787940155,13.568962,100.847099,,,-1.3,-3.8,109.6,109.6,,,,24.9,94,POSCTL,0,0
2026-08-29T01:02:35,1787940156,13.568962,100.847099,,,-1.3,-3.8,109.6,109.6,,,,24.9,94,POSCTL,0,0
2026-08-29T01:02:36,1787940157,13.568962,100.847099,,,-1.3,-3.8,109.6,109.6,,,,24.9,94,POSCTL,0,0
2026-08-29T01:02:37,1787940158,13.568961,100.847099,,,-1.3,-3.8,109.6,109.6,,,,24.9,94,POSCTL,0,0
2026-08-29T01:02:38,1787940159,13.568961,100.847099,,,-1.3,-3.8,109.6,109.6,,,,24.9,94,POSCTL,0,0
2026-08-29T01:02:39,1787940160,13.568961,100.847095,,,-1.3,-3.8,109.6,109.6,,,,24.9,94,POSCTL,0,0
2026-08-29T01:02:40,1787940161,13.568961,100.847095,,,-1.3,-3.8,109.6,109.6,,,,24.9,94,POSCTL,0,0
2026-08-29T01:02:41,1787940162,13.568961,100.847095,,,-1.3,-3.8,109.6,109.6,,,,24.9,94,POSCTL,0,0
2026-08-29T01:02:42,1787940163,13.568961,100.847095,,,-1.3,-3.8,109.6,109.6,,,,24.9,94,POSCTL,0,0
2026-08-29T01:02:43,1787940164,13.56896,100.847087,,,-1.3,-3.8,109.6,109.6,,,,24.9,94,POSCTL,0,0
2026-08-29T01:02:44,1787940165,13.56896,100.847087,,,-1.3,-3.8,109.6,109.6,,,,24.9,94,POSCTL,0,0
2026-08-29T01:02:45,1787940166,13.56896,100.847087,,,-1.3,-3.8,109.6,109.6,,,,24.9,94,POSCTL,0,0
2026-08-29T01:02:46,1787940167,13.56896,100.847079,,,-1.3,-3.8,109.6,109.6,,,,24.9,94,POSCTL,0,0
2026-08-29T01:02:47,1787940168,13.56896,100.847079,,,-1.4,-3.8,109.6,109.6,,,,24.9,94,POSCTL,0,0
2026-08-29T01:02:48,1787940169,13.568961,100.847074,,,-1.4,-3.8,109.6,109.6,,,,24.9,94,POSCTL,0,0
2026-08-29T01:02:49,1787940170,13.568961,100.847074,,,-1.4,-3.8,109.6,109.6,,,,24.9,94,POSCTL,0,0
2026-08-29T01:02:50,1787940171,13.568961,100.847074,,,-1.4,-3.8,109.6,109.6,,,,24.9,94,POSCTL,0,0
2026-08-29T01:02:51,1787940172,13.568961,100.847074,,,-1.4,-3.8,109.6,109.6,,,,24.9,94,POSCTL,0,0
2026-08-29T01:02:52,1787940173,13.568961,100.847065,,,-1.3,-3.8,109.6,109.6,,,,24.9,94,POSCTL,0,0
2026-08-29T01:02:53,1787940174,13.568961,100.847065,,,-1.3,-3.8,109.6,109.6,,,,24.89,94,POSCTL,0,0
2026-08-29T01:02:54,1787940175,13.56896,100.847065,,,-1.3,-3.8,109.6,109.6,,,,24.89,94,POSCTL,0,0
2026-08-29T01:02:55,1787940176,13.56896,100.847065,,,-1.3,-3.8,109.6,109.6,,,,24.89,94,POSCTL,0,0
2026-08-29T01:02:56,1787940177,13.56896,100.847065,,,-1.3,-3.8,109.6,109.6,,,,24.89,94,POSCTL,0,0
2026-08-29T01:02:57,1787940178,13.568959,100.847059,,,-1.3,-3.8,109.6,109.6,,,,24.89,94,POSCTL,0,0
2026-08-29T01:02:58,1787940179,13.568959,100.847059,,,-1.3,-3.8,109.6,109.6,,,,24.89,94,POSCTL,0,0
2026-08-29T01:02:59,1787940180,13.568959,100.847059,,,-1.3,-3.8,109.6,109.6,,,,24.89,94,POSCTL,0,0
2026-08-29T01:03:00,1787940181,13.568959,100.847059,,,-1.3,-3.8,109.6,109.6,,,,24.89,94,POSCTL,0,0
2026-08-29T01:03:01,1787940182,13.568959,100.847059,,,-1.3,-3.8,109.6,109.6,,,,24.89,94,POSCTL,0,0
2026-08-29T01:03:02,1787940183,13.568959,100.847059,,,-1.3,-3.8,109.6,109.6,,,,24.89,94,POSCTL,0,0
2026-08-29T01:03:03,1787940184,13.568959,100.847059,,,-1.3,-3.8,109.6,109.6,,,,24.89,94,POSCTL,0,0
2026-08-29T01:03:04,1787940185,13.568959,100.847059,,,-1.3,-3.8,109.6,109.6,,,,24.89,94,POSCTL,0,0
2026-08-29T01:03:05,1787940186,13.568954,100.847052,,,-1.3,-3.8,109.6,109.6,,,,24.89,94,POSCTL,0,0
2026-08-29T01:03:06,1787940187,13.568954,100.847052,,,-1.3,-3.8,109.6,109.6,,,,24.89,94,POSCTL,0,0
2026-08-29T01:03:07,1787940188,13.568954,100.847052,,,-1.3,-3.8,109.6,109.6,,,,24.89,94,POSCTL,0,0
2026-08-29T01:03:08,1787940189,13.568954,100.847052,,,-1.3,-3.8,109.6,109.6,,,,24.89,94,POSCTL,0,0
2026-08-29T01:03:09,1787940190,13.568953,100.847058,,,-1.3,-3.8,109.6,109.6,,,,24.89,94,POSCTL,0,0
2026-08-29T01:03:10,1787940191,13.568953,100.847058,,,-1.3,-3.8,109.6,109.6,,,,24.89,94,POSCTL,0,0
2026-08-29T01:03:11,1787940192,13.568953,100.847058,,,-1.3,-3.8,109.6,109.6,,,,24.89,94,POSCTL,0,0
2026-08-29T01:03:12,1787940193,13.568953,100.847058,,,-1.3,-3.8,109.6,109.6,,,,24.89,94,POSCTL,0,0
2026-08-29T01:03:13,1787940194,13.568952,100.847067,,,-1.3,-3.8,109.6,109.6,,,,24.89,94,POSCTL,0,0
2026-08-29T01:03:14,1787940195,13.568952,100.847067,,,-1.3,-3.8,109.6,109.6,,,,24.89,94,POSCTL,0,0
2026-08-29T01:03:15,1787940196,13.568952,100.847066,,,-1.3,-3.8,109.6,109.6,,,,24.89,94,POSCTL,0,0
2026-08-29T01:03:16,1787940197,13.568952,100.847066,,,-1.3,-3.8,109.6,109.6,,,,24.89,94,POSCTL,0,0
2026-08-29T01:03:17,1787940198,13.568955,100.847063,,,-1.3,-3.8,109.6,109.6,,,,24.89,94,POSCTL,0,0
2026-08-29T01:03:18,1787940199,13.568955,100.847063,,,-1.3,-3.8,109.6,109.6,,,,24.89,94,POSCTL,0,0
2026-08-29T01:03:19,1787940200,13.568955,100.847063,,,-1.3,-3.8,109.6,109.6,,,,24.89,94,POSCTL,0,0
2026-08-29T01:03:20,1787940201,13.568955,100.847063,,,-1.3,-3.8,109.6,109.6,,,,24.89,94,POSCTL,0,0
2026-08-29T01:03:21,1787940202,13.568955,100.847063,,,-1.3,-3.8,109.5,109.5,,,,24.89,94,POSCTL,0,0
2026-08-29T01:03:22,1787940203,13.568957,100.847056,,,-1.3,-3.8,109.5,109.5,,,,24.89,94,POSCTL,0,0
2026-08-29T01:03:23,1787940204,13.568957,100.847055,,,-1.3,-3.8,109.5,109.5,,,,24.89,94,POSCTL,0,0
2026-08-29T01:03:24,1787940205,13.568957,100.847055,,,-1.3,-3.8,109.5,109.5,,,,24.89,94,POSCTL,0,0
2026-08-29T01:03:25,1787940206,13.568956,100.847059,,,-1.3,-3.8,109.6,109.6,,,,24.89,94,POSCTL,0,0
2026-08-29T01:03:26,1787940207,13.568956,100.847059,,,-1.3,-3.8,109.6,109.6,,,,24.89,94,POSCTL,0,0
2026-08-29T01:03:27,1787940208,13.568956,100.847059,,,-1.3,-3.8,109.6,109.6,,,,24.89,94,POSCTL,0,0
2026-08-29T01:03:28,1787940209,13.568956,100.847059,,,-1.3,-3.8,109.6,109.6,,,,24.89,94,POSCTL,0,0
2026-08-29T01:03:29,1787940210,13.568956,100.847059,,,-1.3,-3.8,109.6,109.6,,,,24.89,94,POSCTL,0,0
2026-08-29T01:03:30,1787940211,13.568956,100.847059,,,-1.3,-3.8,109.6,109.6,,,,24.89,94,POSCTL,0,0
2026-08-29T01:03:31,1787940212,13.568956,100.847059,,,-1.3,-3.8,109.6,109.6,,,,24.89,94,POSCTL,0,0
2026-08-29T01:03:32,1787940213,13.568952,100.847056,,,-1.3,-3.8,109.6,109.6,,,,24.89,94,POSCTL,0,0
2026-08-29T01:03:33,1787940214,13.568952,100.847056,,,-1.3,-3.8,109.6,109.6,,,,24.89,94,POSCTL,0,0
2026-08-29T01:03:34,1787940215,13.568952,100.847053,,,-1.3,-3.8,109.6,109.6,,,,24.89,94,POSCTL,0,0
2026-08-29T01:03:35,1787940216,13.568952,100.847053,,,-1.3,-3.8,109.6,109.6,,,,24.89,94,POSCTL,0,0
2026-08-29T01:03:36,1787940217,13.568952,100.847053,,,-1.3,-3.8,109.6,109.6,,,,24.89,94,POSCTL,0,0
2026-08-29T01:03:37,1787940218,13.568952,100.847053,,,-1.3,-3.8,109.5,109.5,,,,24.89,94,POSCTL,0,0
2026-08-29T01:03:38,1787940219,13.568952,100.847053,,,-1.3,-3.8,109.5,109.5,,,,24.89,94,POSCTL,0,0
2026-08-29T01:03:39,1787940220,13.568951,100.847049,,,-1.3,-3.8,109.5,109.5,,,,24.89,94,POSCTL,0,0
2026-08-29T01:03:40,1787940221,13.568951,100.847049,,,-1.3,-3.8,109.5,109.5,,,,24.89,94,POSCTL,0,0
2026-08-29T01:03:41,1787940222,13.568951,100.847049,,,-1.3,-3.8,109.5,109.5,,,,24.89,94,POSCTL,0,0
2026-08-29T01:03:42,1787940223,13.568955,100.84705,,,-1.3,-3.8,109.6,109.6,,,,24.89,94,POSCTL,0,0
2026-08-29T01:03:43,1787940224,13.568955,100.84705,,,-1.3,-3.8,109.6,109.6,,,,24.89,94,POSCTL,0,0
2026-08-29T01:03:44,1787940225,13.568956,100.847047,,,-1.3,-3.8,109.6,109.6,,,,24.89,94,POSCTL,0,0
2026-08-29T01:03:45,1787940226,13.568956,100.847047,,,-1.3,-3.7,109.5,109.5,,,,24.89,94,POSCTL,0,0
2026-08-29T01:03:46,1787940227,13.568955,100.847047,,,-1.3,-3.8,109.6,109.6,,,,24.89,94,POSCTL,0,0
2026-08-29T01:03:47,1787940228,13.568955,100.847047,,,-1.3,-3.8,109.6,109.6,,,,24.89,94,POSCTL,0,0
2026-08-29T01:03:48,1787940229,13.568955,100.847047,,,-1.3,-3.8,109.6,109.6,,,,24.89,94,POSCTL,0,0
2026-08-29T01:03:49,1787940230,13.568955,100.847047,,,-1.3,-3.8,109.6,109.6,,,,24.89,94,POSCTL,0,0
2026-08-29T01:03:50,1787940231,13.568955,100.847053,,,-1.3,-3.8,109.6,109.6,,,,24.89,94,POSCTL,0,0
2026-08-29T01:03:51,1787940232,13.568955,100.847053,,,-1.3,-3.8,109.6,109.6,,,,24.89,94,POSCTL,0,0
2026-08-29T01:03:52,1787940233,13.568955,100.847053,,,-1.3,-3.8,109.6,109.6,,,,24.89,94,POSCTL,0,0
2026-08-29T01:03:53,1787940234,13.568956,100.847047,,,-1.3,-3.8,109.6,109.6,,,,24.89,94,POSCTL,0,0
2026-08-29T01:03:54,1787940235,13.568956,100.847047,,,-1.3,-3.8,109.6,109.6,,,,24.89,94,POSCTL,0,0
2026-08-29T01:03:55,1787940236,13.568956,100.847045,,,-1.3,-3.8,109.6,109.6,,,,24.89,94,POSCTL,0,0
2026-08-29T01:03:56,1787940237,13.568956,100.847045,,,-1.3,-3.8,109.6,109.6,,,,24.89,94,POSCTL,0,0
2026-08-29T01:03:57,1787940238,13.568956,100.847045,,,-1.3,-3.8,109.6,109.6,,,,24.89,94,POSCTL,0,0
2026-08-29T01:03:58,1787940239,13.568956,100.847045,,,-1.3,-3.8,109.6,109.6,,,,24.89,94,POSCTL,0,0
2026-08-29T01:03:59,1787940240,13.568958,100.847037,,,-1.3,-3.8,109.6,109.6,,,,24.89,94,POSCTL,0,0
2026-08-29T01:04:00,1787940241,13.568958,100.847037,,,-1.3,-3.8,109.5,109.5,,,,24.89,94,POSCTL,0,0
2026-08-29T01:04:01,1787940242,13.568958,100.847037,,,-1.3,-3.8,109.5,109.5,,,,24.89,94,POSCTL,0,0
2026-08-29T01:04:02,1787940243,13.568958,100.847039,,,-1.3,-3.8,109.6,109.6,,,,24.89,94,POSCTL,0,0
2026-08-29T01:04:03,1787940244,13.568958,100.847039,,,-1.3,-3.8,109.6,109.6,,,,24.89,94,POSCTL,0,0
2026-08-29T01:04:04,1787940245,13.568958,100.847038,,,-1.3,-3.8,109.6,109.6,,,,24.89,94,POSCTL,0,0
2026-08-29T01:04:05,1787940246,13.568958,100.847038,,,-1.3,-3.8,109.6,109.6,,,,24.89,94,POSCTL,0,0
2026-08-29T01:04:06,1787940247,13.568958,100.847038,,,-1.3,-3.8,109.6,109.6,,,,24.89,94,POSCTL,0,0
2026-08-29T01:04:07,1787940248,13.568958,100.847038,,,-1.3,-3.8,109.6,109.6,,,,24.89,94,POSCTL,0,0
2026-08-29T01:04:08,1787940249,13.568958,100.847038,,,-1.3,-3.8,109.6,109.6,,,,24.89,94,POSCTL,0,0
2026-08-29T01:04:09,1787940250,13.568958,100.847038,,,-1.3,-3.8,109.5,109.5,,,,24.89,94,POSCTL,0,0
2026-08-29T01:04:10,1787940251,13.56896,100.847024,,,-1.3,-3.8,109.5,109.5,,,,24.89,94,POSCTL,0,0
2026-08-29T01:04:11,1787940252,13.56896,100.847024,,,-1.3,-3.8,109.5,109.5,,,,24.89,94,POSCTL,0,0
2026-08-29T01:04:12,1787940253,13.568962,100.847017,,,-1.3,-3.8,109.5,109.5,,,,24.89,94,POSCTL,0,0
2026-08-29T01:04:13,1787940254,13.568962,100.847017,,,-1.3,-3.8,109.5,109.5,,,,24.89,94,POSCTL,0,0
2026-08-29T01:04:14,1787940255,13.568962,100.847017,,,-1.3,-3.8,109.5,109.5,,,,24.89,94,POSCTL,0,0
2026-08-29T01:04:15,1787940256,13.568962,100.847017,,,-1.3,-3.8,109.5,109.5,,,,24.89,94,POSCTL,0,0
2026-08-29T01:04:16,1787940257,13.568962,100.847017,,,-1.3,-3.8,109.5,109.5,,,,24.89,94,POSCTL,0,0
2026-08-29T01:04:17,1787940258,13.568962,100.847017,,,-1.3,-3.8,109.5,109.5,,,,24.89,94,POSCTL,0,0
2026-08-29T01:04:18,1787940259,13.568962,100.847017,,,-1.3,-3.8,109.5,109.5,,,,24.89,94,POSCTL,0,0
2026-08-29T01:04:20,1787940261,13.56897,100.84701,,,-1.3,-3.8,109.5,109.5,,,,24.89,93,POSCTL,0,0
2026-08-29T01:04:21,1787940262,13.568971,100.847008,,,-1.3,-3.8,109.5,109.5,,,,24.89,93,POSCTL,0,0
2026-08-29T01:04:22,1787940263,13.568971,100.847008,,,-1.3,-3.8,109.5,109.5,,,,24.89,93,POSCTL,0,0
2026-08-29T01:04:23,1787940264,13.568971,100.847008,,,-1.3,-3.8,109.5,109.5,,,,24.89,93,POSCTL,0,0
2026-08-29T01:04:24,1787940265,13.568975,100.846996,,,-1.3,-3.8,109.5,109.5,,,,24.89,93,POSCTL,0,0
2026-08-29T01:04:25,1787940266,13.568975,100.846996,,,-1.3,-3.8,109.5,109.5,,,,24.89,93,POSCTL,0,0
2026-08-29T01:04:26,1787940267,13.568975,100.846996,,,-1.3,-3.8,109.5,109.5,,,,24.89,93,POSCTL,0,0
2026-08-29T01:04:27,1787940268,13.568975,100.846996,,,-1.3,-3.8,109.5,109.5,,,,24.89,93,POSCTL,0,0
2026-08-29T01:04:28,1787940269,13.568975,100.846996,,,-1.3,-3.8,109.5,109.5,,,,24.89,93,POSCTL,0,0
2026-08-29T01:04:29,1787940270,13.568975,100.846996,,,-1.3,-3.8,109.5,109.5,,,,24.89,93,POSCTL,0,0
2026-08-29T01:04:30,1787940271,13.568975,100.846996,,,-1.3,-3.8,109.5,109.5,,,,24.89,93,POSCTL,0,0
2026-08-29T01:04:31,1787940272,13.568975,100.846996,,,-1.3,-3.8,109.5,109.5,,,,24.89,93,POSCTL,0,0
2026-08-29T01:04:32,1787940273,13.568976,100.846999,,,-1.3,-3.8,109.5,109.5,,,,24.89,93,POSCTL,0,0
2026-08-29T01:04:33,1787940274,13.568976,100.846999,,,-1.3,-3.8,109.5,109.5,,,,24.89,93,POSCTL,0,0
2026-08-29T01:04:34,1787940275,13.568976,100.846999,,,-1.3,-3.8,109.5,109.5,,,,24.89,93,POSCTL,0,0
2026-08-29T01:04:35,1787940276,13.568976,100.846999,,,-1.3,-3.8,109.5,109.5,,,,24.89,93,POSCTL,0,0
2026-08-29T01:04:36,1787940277,13.568976,100.846999,,,-1.3,-3.8,109.5,109.5,,,,24.89,93,POSCTL,0,0
2026-08-29T01:04:37,1787940278,13.568976,100.846999,,,-1.3,-3.8,109.5,109.5,,,,24.89,93,POSCTL,0,0
2026-08-29T01:04:38,1787940279,13.568976,100.846999,,,-1.3,-3.8,109.5,109.5,,,,24.89,93,POSCTL,0,0
2026-08-29T01:04:39,1787940280,13.568979,100.846995,,,-1.3,-3.8,109.5,109.5,,,,24.89,93,POSCTL,0,0
2026-08-29T01:04:40,1787940281,13.568979,100.846995,,,-1.3,-3.8,109.5,109.5,,,,24.89,93,POSCTL,0,0
2026-08-29T01:04:41,1787940282,13.568979,100.846995,,,-1.3,-3.8,109.5,109.5,,,,24.89,93,POSCTL,0,0
2026-08-29T01:04:42,1787940283,13.56898,100.846993,,,-1.3,-3.8,109.5,109.5,,,,24.89,93,POSCTL,0,0
2026-08-29T01:04:43,1787940284,13.56898,100.846993,,,-1.3,-3.8,109.5,109.5,,,,24.89,93,POSCTL,0,0
2026-08-29T01:04:44,1787940285,13.568981,100.846995,,,-1.3,-3.8,109.5,109.5,,,,24.89,93,POSCTL,0,0
2026-08-29T01:04:45,1787940286,13.568981,100.846995,,,-1.3,-3.8,109.5,109.5,,,,24.89,93,POSCTL,0,0
2026-08-29T01:04:46,1787940287,13.568982,100.846996,,,-1.3,-3.8,109.5,109.5,,,,24.89,93,POSCTL,0,0
2026-08-29T01:04:47,1787940288,13.568982,100.846996,,,-1.3,-3.8,109.6,109.6,,,,24.89,93,POSCTL,0,0
2026-08-29T01:04:48,1787940289,13.568984,100.846988,,,-1.3,-3.8,109.6,109.6,,,,24.89,93,POSCTL,0,0
2026-08-29T01:04:49,1787940290,13.568984,100.846988,,,-1.3,-3.8,109.6,109.6,,,,24.89,93,POSCTL,0,0
2026-08-29T01:04:50,1787940291,13.568983,100.846988,,,-1.3,-3.8,109.6,109.6,,,,24.89,93,POSCTL,0,0
2026-08-29T01:04:51,1787940292,13.568983,100.846988,,,-1.3,-3.8,109.6,109.6,,,,24.89,93,POSCTL,0,0
2026-08-29T01:04:52,1787940293,13.568982,100.846987,,,-1.3,-3.8,109.6,109.6,,,,24.89,93,POSCTL,0,0
2026-08-29T01:04:53,1787940294,13.568982,100.846987,,,-1.3,-3.8,109.6,109.6,,,,24.89,93,POSCTL,0,0
2026-08-29T01:04:54,1787940295,13.568982,100.846987,,,-1.3,-3.8,109.6,109.6,,,,24.89,93,POSCTL,0,0
2026-08-29T01:04:55,1787940296,13.568982,100.846987,,,-1.3,-3.8,109.6,109.6,,,,24.89,93,POSCTL,0,0
2026-08-29T01:04:56,1787940297,13.568982,100.846987,,,-1.3,-3.8,109.6,109.6,,,,24.89,93,POSCTL,0,0
2026-08-29T01:04:57,1787940298,13.568982,100.846987,,,-1.3,-3.8,109.6,109.6,,,,24.89,93,POSCTL,0,0
2026-08-29T01:04:58,1787940299,13.568982,100.846987,,,-1.3,-3.8,109.6,109.6,,,,24.89,93,POSCTL,0,0
2026-08-29T01:04:59,1787940300,13.568981,100.846992,,,-1.3,-3.8,109.6,109.6,,,,24.89,93,POSCTL,0,0
2026-08-29T01:05:00,1787940301,13.568982,100.846984,,,-1.3,-3.8,109.6,109.6,,,,24.89,93,POSCTL,0,0
2026-08-29T01:05:01,1787940302,13.568982,100.846984,,,-1.3,-3.7,108.5,108.5,,,,24.89,93,POSCTL,0,0
2026-08-29T01:05:02,1787940303,13.56898,100.846981,,,-1.3,-3.7,108.5,108.5,,,,24.89,93,POSCTL,0,0
2026-08-29T01:05:03,1787940304,13.56898,100.846981,,,-1.3,-3.7,108.5,108.5,,,,24.88,93,POSCTL,0,0
2026-08-29T01:05:04,1787940305,13.56898,100.846981,,,-1.3,-3.7,108.5,108.5,,,,24.88,93,POSCTL,0,0
2026-08-29T01:05:05,1787940306,13.56898,100.846981,,,-1.3,-3.7,108.5,108.5,,,,24.88,93,POSCTL,0,0
2026-08-29T01:05:06,1787940307,13.56898,100.846981,,,-1.3,-3.7,108.5,108.5,,,,24.88,93,POSCTL,0,0
2026-08-29T01:05:07,1787940308,13.56898,100.846981,,,-1.3,-3.7,108.5,108.5,,,,24.88,93,POSCTL,0,0
2026-08-29T01:05:08,1787940309,13.56898,100.846981,,,-1.3,-3.7,108.5,108.5,,,,24.88,93,POSCTL,0,0
2026-08-29T01:05:09,1787940310,13.56898,100.846981,,,-1.3,-3.8,108.7,108.7,,,,24.88,93,POSCTL,0,0
2026-08-29T01:05:10,1787940311,13.568977,100.846981,,,-1.3,-3.8,108.7,108.7,,,,24.88,93,POSCTL,0,0
2026-08-29T01:05:11,1787940312,13.568977,100.846978,,,-1.3,-3.8,108.7,108.7,,,,24.88,93,POSCTL,0,0
2026-08-29T01:05:12,1787940313,13.568977,100.846978,,,-1.3,-3.8,108.7,108.7,,,,24.88,93,POSCTL,0,0
2026-08-29T01:05:13,1787940314,13.568976,100.846975,,,-1.3,-3.8,108.8,108.8,,,,24.88,93,POSCTL,0,0
2026-08-29T01:05:14,1787940315,13.568976,100.846975,,,-1.3,-3.8,108.8,108.8,,,,24.88,93,POSCTL,0,0
2026-08-29T01:05:15,1787940316,13.568976,100.846975,,,-1.3,-3.8,108.8,108.8,,,,24.88,93,POSCTL,0,0
2026-08-29T01:05:16,1787940317,13.568976,100.846975,,,-1.3,-3.8,108.8,108.8,,,,24.88,93,POSCTL,0,0
2026-08-29T01:05:17,1787940318,13.568976,100.846975,,,-1.3,-3.8,108.8,108.8,,,,24.88,93,POSCTL,0,0
2026-08-29T01:05:18,1787940319,13.568976,100.846975,,,-1.3,-3.8,108.8,108.8,,,,24.88,93,POSCTL,0,0
2026-08-29T01:05:19,1787940320,13.568975,100.846963,,,-1.3,-3.8,108.8,108.8,,,,24.88,93,POSCTL,0,0
2026-08-29T01:05:20,1787940321,13.568973,100.846965,,,-1.3,-3.8,108.8,108.8,,,,24.88,93,POSCTL,0,0
2026-08-29T01:05:21,1787940322,13.568973,100.846965,,,-1.3,-3.8,108.8,108.8,,,,24.88,93,POSCTL,0,0
2026-08-29T01:05:22,1787940323,13.568972,100.846969,,,-1.3,-3.8,108.8,108.8,,,,24.88,93,POSCTL,0,0
2026-08-29T01:05:23,1787940324,13.568972,100.846969,,,-1.3,-3.8,108.8,108.8,,,,24.88,93,POSCTL,0,0
2026-08-29T01:05:24,1787940325,13.568972,100.846969,,,-1.3,-3.8,108.8,108.8,,,,24.88,93,POSCTL,0,0
2026-08-29T01:05:25,1787940326,13.568972,100.846969,,,-1.3,-3.8,108.8,108.8,,,,24.88,93,POSCTL,0,0
2026-08-29T01:05:26,1787940327,13.568972,100.846969,,,-1.3,-3.8,108.8,108.8,,,,24.88,93,POSCTL,0,0
2026-08-29T01:05:27,1787940328,13.568972,100.846969,,,-1.3,-3.8,108.8,108.8,,,,24.88,93,POSCTL,0,0
2026-08-29T01:05:28,1787940329,13.568975,100.846984,,,-1.3,-3.8,108.8,108.8,,,,24.88,93,POSCTL,0,0
2026-08-29T01:05:29,1787940330,13.568975,100.846984,,,-1.3,-3.8,108.8,108.8,,,,24.88,93,POSCTL,0,0
2026-08-29T01:05:30,1787940331,13.568975,100.846984,,,-1.3,-3.8,108.8,108.8,,,,24.88,93,POSCTL,0,0
2026-08-29T01:05:31,1787940332,13.568975,100.846984,,,-1.3,-3.8,108.8,108.8,,,,24.88,93,POSCTL,0,0
2026-08-29T01:05:32,1787940333,13.568976,100.846961,,,-1.3,-3.8,108.9,108.9,,,,24.88,93,POSCTL,0,0
2026-08-29T01:05:33,1787940334,13.568976,100.846961,,,-1.3,-3.8,108.9,108.9,,,,24.88,93,POSCTL,0,0
2026-08-29T01:05:34,1787940335,13.568976,100.846961,,,-1.3,-3.8,108.9,108.9,,,,24.88,93,POSCTL,0,0
2026-08-29T01:05:35,1787940336,13.568976,100.846961,,,-1.3,-3.8,108.9,108.9,,,,24.88,93,POSCTL,0,0
2026-08-29T01:05:36,1787940337,13.568976,100.846961,,,-1.3,-3.8,108.9,108.9,,,,24.88,93,POSCTL,0,0
2026-08-29T01:05:37,1787940338,13.568976,100.846961,,,-1.3,-3.8,108.9,108.9,,,,24.88,93,POSCTL,0,0
2026-08-29T01:05:38,1787940339,13.568974,100.846942,,,-1.3,-3.8,108.8,108.8,,,,24.88,93,POSCTL,0,0
2026-08-29T01:05:39,1787940340,13.568974,100.846942,,,-1.3,-3.8,108.8,108.8,,,,24.88,93,POSCTL,0,0
2026-08-29T01:05:40,1787940341,13.56897,100.846948,,,-1.3,-3.8,108.8,108.8,,,,24.88,93,POSCTL,0,0
2026-08-29T01:05:41,1787940342,13.56897,100.846948,,,-1.3,-3.8,108.8,108.8,,,,24.88,93,POSCTL,0,0
2026-08-29T01:05:42,1787940343,13.568969,100.846945,,,-1.3,-3.8,108.8,108.8,,,,24.88,93,POSCTL,0,0
2026-08-29T01:05:43,1787940344,13.568969,100.846945,,,-1.3,-3.8,108.8,108.8,,,,24.88,93,POSCTL,0,0
2026-08-29T01:05:44,1787940345,13.568969,100.846945,,,-1.3,-3.8,108.8,108.8,,,,24.88,93,POSCTL,0,0
2026-08-29T01:05:45,1787940346,13.568969,100.846945,,,-1.3,-3.8,108.8,108.8,,,,24.88,93,POSCTL,0,0
2026-08-29T01:05:46,1787940347,13.568969,100.846945,,,-1.3,-3.8,108.8,108.8,,,,24.88,93,POSCTL,0,0
2026-08-29T01:05:47,1787940348,13.568969,100.846945,,,-1.3,-3.8,108.8,108.8,,,,24.88,93,POSCTL,0,0
2026-08-29T01:05:48,1787940349,13.568969,100.846945,,,-1.3,-3.8,108.8,108.8,,,,24.88,93,POSCTL,0,0
2026-08-29T01:05:49,1787940350,13.568973,100.846944,,,-1.3,-3.8,108.8,108.8,,,,24.88,93,POSCTL,0,0
2026-08-29T01:05:50,1787940351,13.568973,100.846944,,,-1.3,-3.8,108.8,108.8,,,,24.88,93,POSCTL,0,0
2026-08-29T01:05:51,1787940352,13.568978,100.846945,,,-1.3,-3.8,108.8,108.8,,,,24.88,93,POSCTL,0,0
2026-08-29T01:05:52,1787940353,13.568978,100.846945,,,-1.3,-3.8,108.8,108.8,,,,24.88,93,POSCTL,0,0
2026-08-29T01:05:53,1787940354,13.56898,100.846945,,,-1.3,-3.8,108.8,108.8,,,,24.88,93,POSCTL,0,0
2026-08-29T01:05:54,1787940355,13.56898,100.846945,,,-1.3,-3.8,108.8,108.8,,,,24.88,93,POSCTL,0,0
2026-08-29T01:05:55,1787940356,13.568983,100.846942,,,-1.3,-3.8,108.8,108.8,,,,24.88,93,POSCTL,0,0
2026-08-29T01:05:56,1787940357,13.568983,100.846942,,,-1.3,-3.8,108.8,108.8,,,,24.88,93,POSCTL,0,0
2026-08-29T01:05:57,1787940358,13.568983,100.846942,,,-1.3,-3.8,108.8,108.8,,,,24.88,93,POSCTL,0,0
2026-08-29T01:05:58,1787940359,13.568983,100.846942,,,-1.3,-3.8,108.8,108.8,,,,24.88,93,POSCTL,0,0
2026-08-29T01:05:59,1787940360,13.568983,100.846942,,,-1.3,-3.8,108.8,108.8,,,,24.88,93,POSCTL,0,0
2026-08-29T01:06:00,1787940361,13.568983,100.846942,,,-1.3,-3.8,108.8,108.8,,,,24.88,93,POSCTL,0,0
2026-08-29T01:06:01,1787940362,13.568983,100.846942,,,-1.3,-3.8,108.8,108.8,,,,24.88,93,POSCTL,0,0
2026-08-29T01:06:02,1787940363,13.56898,100.846949,,,-1.3,-3.8,108.8,108.8,,,,24.88,93,POSCTL,0,0
2026-08-29T01:06:03,1787940364,13.56898,100.846949,,,-1.3,-3.8,108.8,108.8,,,,24.88,93,POSCTL,0,0
2026-08-29T01:06:04,1787940365,13.568981,100.846954,,,-1.3,-3.8,108.8,108.8,,,,24.88,93,POSCTL,0,0
2026-08-29T01:06:05,1787940366,13.568979,100.846952,,,-1.3,-3.8,108.8,108.8,,,,24.88,93,POSCTL,0,0
2026-08-29T01:06:06,1787940367,13.568979,100.846952,,,-1.3,-3.8,108.8,108.8,,,,24.88,93,POSCTL,0,0
2026-08-29T01:06:07,1787940368,13.568979,100.846952,,,-1.3,-3.8,108.8,108.8,,,,24.88,93,POSCTL,0,0
2026-08-29T01:06:08,1787940369,13.568979,100.846952,,,-1.3,-3.8,108.8,108.8,,,,24.88,93,POSCTL,0,0
2026-08-29T01:06:09,1787940370,13.568978,100.846955,,,-1.3,-3.8,108.8,108.8,,,,24.88,93,POSCTL,0,0
2026-08-29T01:06:10,1787940371,13.568978,100.846955,,,-1.3,-3.8,108.8,108.8,,,,24.88,93,POSCTL,0,0
2026-08-29T01:06:11,1787940372,13.568978,100.846959,,,-1.3,-3.8,108.8,108.8,,,,24.88,93,POSCTL,0,0
2026-08-29T01:06:12,1787940373,13.568978,100.846959,,,-1.3,-3.8,108.8,108.8,,,,24.88,93,POSCTL,0,0
2026-08-29T01:06:13,1787940374,13.568978,100.846964,,,-1.3,-3.8,108.8,108.8,,,,24.88,93,POSCTL,0,0
2026-08-29T01:06:14,1787940375,13.568978,100.846964,,,-1.3,-3.8,108.8,108.8,,,,24.88,93,POSCTL,0,0
2026-08-29T01:06:15,1787940376,13.568978,100.846964,,,-1.3,-3.8,108.8,108.8,,,,24.88,93,POSCTL,0,0
2026-08-29T01:06:16,1787940377,13.568978,100.846964,,,-1.3,-3.8,108.8,108.8,,,,24.88,93,POSCTL,0,0
2026-08-29T01:06:17,1787940378,13.568978,100.846964,,,-1.3,-3.8,108.8,108.8,,,,24.88,93,POSCTL,0,0
2026-08-29T01:06:18,1787940379,13.568977,100.846973,,,-1.3,-3.8,108.8,108.8,,,,24.88,93,POSCTL,0,0
2026-08-29T01:06:19,1787940380,13.568977,100.846973,,,-1.3,-3.8,108.8,108.8,,,,24.88,93,POSCTL,0,0
2026-08-29T01:06:20,1787940381,13.568976,100.846969,,,-1.3,-3.8,108.8,108.8,,,,24.88,93,POSCTL,0,0
2026-08-29T01:06:21,1787940382,13.568976,100.846969,,,-1.3,-3.8,108.8,108.8,,,,24.88,93,POSCTL,0,0
2026-08-29T01:06:22,1787940383,13.568974,100.846966,,,-1.3,-3.8,108.8,108.8,,,,24.88,93,POSCTL,0,0
2026-08-29T01:06:23,1787940384,13.568974,100.846966,,,-1.3,-3.8,108.8,108.8,,,,24.88,93,POSCTL,0,0
2026-08-29T01:06:24,1787940385,13.568974,100.846966,,,-1.3,-3.8,108.8,108.8,,,,24.88,93,POSCTL,0,0
2026-08-29T01:06:25,1787940386,13.568974,100.846966,,,-1.3,-3.8,108.8,108.8,,,,24.88,93,POSCTL,0,0
2026-08-29T01:06:26,1787940387,13.568974,100.846966,,,-1.3,-3.8,108.8,108.8,,,,24.88,93,POSCTL,0,0
2026-08-29T01:06:27,1787940388,13.568969,100.846968,,,-1.3,-3.8,108.8,108.8,,,,24.88,93,POSCTL,0,0
2026-08-29T01:06:28,1787940389,13.568969,100.846968,,,-1.3,-3.8,108.8,108.8,,,,24.88,93,POSCTL,0,0
2026-08-29T01:06:29,1787940390,13.568968,100.846972,,,-1.3,-3.8,108.8,108.8,,,,24.88,93,POSCTL,0,0
2026-08-29T01:06:30,1787940391,13.568968,100.846972,,,-1.3,-3.8,108.8,108.8,,,,24.88,93,POSCTL,0,0
2026-08-29T01:06:31,1787940392,13.568968,100.846972,,,-1.3,-3.8,108.8,108.8,,,,24.88,93,POSCTL,0,0
2026-08-29T01:06:32,1787940393,13.568968,100.846972,,,-1.3,-3.8,108.8,108.8,,,,24.88,93,POSCTL,0,0
2026-08-29T01:06:33,1787940394,13.568968,100.846972,,,-1.3,-3.8,108.8,108.8,,,,24.88,93,POSCTL,0,0
2026-08-29T01:06:34,1787940395,13.568968,100.846972,,,-1.3,-3.8,108.8,108.8,,,,24.88,93,POSCTL,0,0
2026-08-29T01:06:35,1787940396,13.568968,100.846972,,,-1.3,-3.8,108.8,108.8,,,,24.88,93,POSCTL,0,0
2026-08-29T01:06:37,1787940398,13.568968,100.846972,,,-1.3,-3.8,108.8,108.8,,,,24.88,93,POSCTL,0,0
2026-08-29T01:06:38,1787940399,13.568961,100.846971,,,-1.3,-3.8,108.8,108.8,,,,24.88,93,POSCTL,0,0
2026-08-29T01:06:39,1787940400,13.568959,100.84697,,,-1.3,-3.8,108.8,108.8,,,,24.88,93,POSCTL,0,0
2026-08-29T01:06:40,1787940401,13.568959,100.84697,,,-1.3,-3.8,108.8,108.8,,,,24.88,93,POSCTL,0,0
2026-08-29T01:06:41,1787940402,13.568958,100.846966,,,-1.3,-3.8,108.8,108.8,,,,24.88,93,POSCTL,0,0
2026-08-29T01:06:42,1787940403,13.568958,100.846966,,,-1.3,-3.8,108.8,108.8,,,,24.88,93,POSCTL,0,0
2026-08-29T01:06:43,1787940404,13.568958,100.846966,,,-1.3,-3.8,108.8,108.8,,,,24.88,93,POSCTL,0,0
2026-08-29T01:06:44,1787940405,13.568951,100.846968,,,-1.3,-3.8,108.8,108.8,,,,24.88,93,POSCTL,0,0
2026-08-29T01:06:45,1787940406,13.568951,100.846968,,,-1.3,-3.8,108.8,108.8,,,,24.88,93,POSCTL,0,0
2026-08-29T01:06:46,1787940407,13.568951,100.846968,,,-1.3,-3.8,108.8,108.8,,,,24.88,93,POSCTL,0,0
2026-08-29T01:06:47,1787940408,13.568945,100.846964,,,-1.3,-3.8,108.8,108.8,,,,24.88,93,POSCTL,0,0
2026-08-29T01:06:48,1787940409,13.568941,100.846958,,,-1.3,-3.8,108.8,108.8,,,,24.88,93,POSCTL,0,0
2026-08-29T01:06:49,1787940410,13.568941,100.846958,,,-1.3,-3.8,108.8,108.8,,,,24.88,93,POSCTL,0,0
2026-08-29T01:06:50,1787940411,13.568941,100.846958,,,-1.3,-3.8,108.8,108.8,,,,24.88,93,POSCTL,0,0
2026-08-29T01:06:51,1787940412,13.568939,100.846959,,,-1.3,-3.8,108.8,108.8,,,,24.88,93,POSCTL,0,0
2026-08-29T01:06:52,1787940413,13.568939,100.846959,,,-1.4,-3.8,108.8,108.8,,,,24.88,93,POSCTL,0,0
2026-08-29T01:06:53,1787940414,13.568942,100.84696,,,-1.4,-3.8,108.8,108.8,,,,24.88,93,POSCTL,0,0
2026-08-29T01:06:54,1787940415,13.568942,100.84696,,,-1.4,-3.8,108.8,108.8,,,,24.88,93,POSCTL,0,0
2026-08-29T01:06:55,1787940416,13.568943,100.846959,,,-1.4,-3.8,108.8,108.8,,,,24.87,93,POSCTL,0,0
2026-08-29T01:06:56,1787940417,13.568943,100.846959,,,-1.4,-3.8,108.8,108.8,,,,24.87,93,POSCTL,0,0
2026-08-29T01:06:57,1787940418,13.568943,100.846959,,,-1.4,-3.8,108.8,108.8,,,,24.87,93,POSCTL,0,0
2026-08-29T01:06:58,1787940419,13.568943,100.846959,,,-1.4,-3.8,108.8,108.8,,,,24.87,93,POSCTL,0,0
2026-08-29T01:06:59,1787940420,13.568943,100.846959,,,-1.4,-3.8,108.8,108.8,,,,24.87,93,POSCTL,0,0
2026-08-29T01:07:01,1787940422,13.568943,100.846959,,,-1.3,-3.8,108.8,108.8,,,,24.87,93,POSCTL,0,0
2026-08-29T01:07:02,1787940423,13.568943,100.846972,,,-1.3,-3.8,108.8,108.8,,,,24.87,93,POSCTL,0,0
2026-08-29T01:07:03,1787940424,13.568943,100.846972,,,-1.3,-3.8,108.8,108.8,,,,24.87,93,POSCTL,0,0
2026-08-29T01:07:04,1787940425,13.568945,100.846971,,,-1.3,-3.8,108.8,108.8,,,,24.87,93,POSCTL,0,0
2026-08-29T01:07:05,1787940426,13.568945,100.846971,,,-1.3,-3.8,108.8,108.8,,,,24.87,93,POSCTL,0,0
2026-08-29T01:07:06,1787940427,13.568948,100.846975,,,-1.3,-3.8,108.8,108.8,,,,24.87,93,POSCTL,0,0
2026-08-29T01:07:07,1787940428,13.568948,100.846975,,,-1.3,-3.8,108.8,108.8,,,,24.87,93,POSCTL,0,0
2026-08-29T01:07:08,1787940429,13.568948,100.846975,,,-1.3,-3.8,108.8,108.8,,,,24.87,93,POSCTL,0,0
2026-08-29T01:07:09,1787940430,13.568948,100.846975,,,-1.3,-3.8,108.8,108.8,,,,24.87,93,POSCTL,0,0
2026-08-29T01:07:10,1787940431,13.568948,100.846975,,,-1.3,-3.8,108.8,108.8,,,,24.87,93,POSCTL,0,0
2026-08-29T01:07:11,1787940432,13.568948,100.846975,,,-1.3,-3.8,108.8,108.8,,,,24.87,93,POSCTL,0,0
2026-08-29T01:07:12,1787940433,13.568951,100.846987,,,-1.3,-3.8,108.8,108.8,,,,24.87,93,POSCTL,0,0
2026-08-29T01:07:13,1787940434,13.568951,100.846987,,,-1.3,-3.8,108.8,108.8,,,,24.87,93,POSCTL,0,0
2026-08-29T01:07:14,1787940435,13.568953,100.846984,,,-1.3,-3.8,108.8,108.8,,,,24.87,93,POSCTL,0,0
2026-08-29T01:07:15,1787940436,13.568953,100.846984,,,-1.3,-3.8,108.8,108.8,,,,24.87,93,POSCTL,0,0
2026-08-29T01:07:16,1787940437,13.568958,100.846982,,,-1.3,-3.8,108.8,108.8,,,,24.87,93,POSCTL,0,0
2026-08-29T01:07:17,1787940438,13.568958,100.846982,,,-1.3,-3.8,108.8,108.8,,,,24.87,93,POSCTL,0,0
2026-08-29T01:07:18,1787940439,13.568958,100.846982,,,-1.3,-3.8,108.8,108.8,,,,24.87,93,POSCTL,0,0
2026-08-29T01:07:19,1787940440,13.568958,100.846982,,,-1.3,-3.8,108.8,108.8,,,,24.87,93,POSCTL,0,0
2026-08-29T01:07:20,1787940441,13.568958,100.846982,,,-1.3,-3.8,108.8,108.8,,,,24.87,93,POSCTL,0,0
2026-08-29T01:07:21,1787940442,13.568954,100.846971,,,-1.3,-3.8,108.8,108.8,,,,24.87,93,POSCTL,0,0
2026-08-29T01:07:22,1787940443,13.568954,100.846971,,,-1.3,-3.8,108.8,108.8,,,,24.87,93,POSCTL,0,0
2026-08-29T01:07:23,1787940444,13.568953,100.846967,,,-1.3,-3.8,108.8,108.8,,,,24.87,93,POSCTL,0,0
2026-08-29T01:07:24,1787940445,13.568953,100.846967,,,-1.3,-3.7,108.8,108.8,,,,24.87,93,POSCTL,0,0
2026-08-29T01:07:25,1787940446,13.56895,100.846963,,,-1.3,-3.7,108.8,108.8,,,,24.87,93,POSCTL,0,0
2026-08-29T01:07:26,1787940447,13.56895,100.846963,,,-1.3,-3.8,108.8,108.8,,,,24.87,93,POSCTL,0,0
2026-08-29T01:07:27,1787940448,13.568949,100.84696,,,-1.3,-3.8,108.8,108.8,,,,24.87,93,POSCTL,0,0
2026-08-29T01:07:28,1787940449,13.568949,100.84696,,,-1.3,-3.8,108.8,108.8,,,,24.87,93,POSCTL,0,0
2026-08-29T01:07:29,1787940450,13.568949,100.84696,,,-1.3,-3.8,108.8,108.8,,,,24.87,93,POSCTL,0,0
2026-08-29T01:07:30,1787940451,13.568949,100.84696,,,-1.3,-3.8,108.8,108.8,,,,24.87,93,POSCTL,0,0
2026-08-29T01:07:31,1787940452,13.568949,100.84696,,,-1.3,-3.8,108.8,108.8,,,,24.87,93,POSCTL,0,0
2026-08-29T01:07:32,1787940453,13.568949,100.84696,,,-1.3,-3.8,108.8,108.8,,,,24.87,93,POSCTL,0,0
2026-08-29T01:07:33,1787940454,13.568948,100.846957,,,-1.3,-3.8,108.8,108.8,,,,24.87,93,POSCTL,0,0
2026-08-29T01:07:34,1787940455,13.568948,100.846957,,,-1.3,-3.8,108.8,108.8,,,,24.87,93,POSCTL,0,0
2026-08-29T01:07:35,1787940456,13.56895,100.846958,,,-1.3,-3.8,108.8,108.8,,,,24.87,93,POSCTL,0,0
2026-08-29T01:07:36,1787940457,13.56895,100.846958,,,-1.3,-3.8,108.8,108.8,,,,24.87,93,POSCTL,0,0
2026-08-29T01:07:37,1787940458,13.56895,100.846958,,,-1.3,-3.8,108.8,108.8,,,,24.87,93,POSCTL,0,0
2026-08-29T01:07:38,1787940459,13.56895,100.846958,,,-1.3,-3.8,108.8,108.8,,,,24.87,93,POSCTL,0,0
2026-08-29T01:07:39,1787940460,13.56895,100.846958,,,-1.3,-3.8,108.8,108.8,,,,24.87,93,POSCTL,0,0
2026-08-29T01:07:44,1787940465,13.56895,100.846958,,,-1.4,-3.8,108.8,108.8,,,,24.87,93,POSCTL,0,0
2026-08-29T01:07:45,1787940466,13.56895,100.846968,,,-1.4,-3.8,108.8,108.8,,,,24.87,93,POSCTL,0,0
2026-08-29T01:07:46,1787940467,13.56895,100.846968,,,-1.3,-3.8,108.9,108.9,,,,24.87,93,POSCTL,0,0
2026-08-29T01:07:47,1787940468,13.56895,100.846972,,,-1.3,-3.8,108.9,108.9,,,,24.87,93,POSCTL,0,0
2026-08-29T01:07:48,1787940469,13.56895,100.846972,,,-1.4,-3.8,108.9,108.9,,,,24.87,93,POSCTL,0,0
2026-08-29T01:07:49,1787940470,13.568952,100.846975,,,-1.4,-3.8,108.9,108.9,,,,24.87,93,POSCTL,0,0
2026-08-29T01:07:50,1787940471,13.568952,100.846975,,,-1.4,-3.8,108.9,108.9,,,,24.87,93,POSCTL,0,0
2026-08-29T01:07:51,1787940472,13.568952,100.846975,,,-1.4,-3.8,108.9,108.9,,,,24.87,93,POSCTL,0,0
2026-08-29T01:07:57,1787940478,13.568952,100.846975,,,-1.3,-3.8,108.8,108.8,,,,24.87,93,POSCTL,0,0
2026-08-29T01:07:58,1787940479,13.568953,100.846972,,,-1.3,-3.8,108.8,108.8,,,,24.87,93,POSCTL,0,0
2026-08-29T01:07:59,1787940480,13.568953,100.846972,,,-1.3,-3.8,108.8,108.8,,,,24.87,93,POSCTL,0,0
2026-08-29T01:08:00,1787940481,13.568956,100.846974,,,-1.3,-3.8,108.8,108.8,,,,24.87,93,POSCTL,0,0
2026-08-29T01:08:01,1787940482,13.568956,100.846974,,,-1.3,-3.8,108.8,108.8,,,,24.87,93,POSCTL,0,0
2026-08-29T01:08:02,1787940483,13.568956,100.846974,,,-1.3,-3.8,108.8,108.8,,,,24.87,93,POSCTL,0,0
2026-08-29T01:08:03,1787940484,13.568956,100.846974,,,-1.3,-3.8,108.8,108.8,,,,24.87,93,POSCTL,0,0
2026-08-29T01:08:04,1787940485,13.568954,100.846967,,,-1.3,-3.8,108.8,108.8,,,,24.87,93,POSCTL,0,0
2026-08-29T01:08:05,1787940486,13.568954,100.846967,,,-1.3,-3.8,108.8,108.8,,,,24.87,93,POSCTL,0,0
2026-08-29T01:08:06,1787940487,13.568954,100.846965,,,-1.3,-3.8,108.8,108.8,,,,24.87,93,POSCTL,0,0
2026-08-29T01:08:07,1787940488,13.568954,100.846965,,,-1.3,-3.8,108.8,108.8,,,,24.87,93,POSCTL,0,0
2026-08-29T01:08:08,1787940489,13.568955,100.846966,,,-1.3,-3.8,108.8,108.8,,,,24.87,93,POSCTL,0,0
2026-08-29T01:08:09,1787940490,13.568955,100.846966,,,-1.3,-3.8,108.8,108.8,,,,24.87,93,POSCTL,0,0
2026-08-29T01:08:10,1787940491,13.568955,100.846966,,,-1.3,-3.8,108.8,108.8,,,,24.87,93,POSCTL,0,0
2026-08-29T01:08:11,1787940492,13.568955,100.846966,,,-1.3,-3.8,108.8,108.8,,,,24.87,93,POSCTL,0,0
2026-08-29T01:08:12,1787940493,13.568955,100.846971,,,-1.3,-3.8,108.8,108.8,,,,24.87,93,POSCTL,0,0
2026-08-29T01:08:13,1787940494,13.568955,100.846971,,,-1.3,-3.8,108.8,108.8,,,,24.87,93,POSCTL,0,0
2026-08-29T01:08:14,1787940495,13.568955,100.846971,,,-1.3,-3.8,108.8,108.8,,,,24.87,93,POSCTL,0,0
2026-08-29T01:08:15,1787940496,13.568955,100.846974,,,-1.3,-3.8,108.8,108.8,,,,24.87,93,POSCTL,0,0
2026-08-29T01:08:16,1787940497,13.568955,100.846974,,,-1.3,-3.8,108.9,108.9,,,,24.87,93,POSCTL,0,0
2026-08-29T01:08:17,1787940498,13.568955,100.846978,,,-1.3,-3.8,108.9,108.9,,,,24.87,93,POSCTL,0,0
2026-08-29T01:08:18,1787940499,13.568955,100.846978,,,-1.3,-3.8,108.9,108.9,,,,24.87,93,POSCTL,0,0
2026-08-29T01:08:19,1787940500,13.568955,100.846978,,,-1.3,-3.8,108.9,108.9,,,,24.87,93,POSCTL,0,0
2026-08-29T01:08:20,1787940501,13.568955,100.846978,,,-1.3,-3.8,108.9,108.9,,,,24.87,93,POSCTL,0,0
2026-08-29T01:08:21,1787940502,13.568955,100.846985,,,-1.3,-3.8,108.9,108.9,,,,24.87,93,POSCTL,0,0
2026-08-29T01:08:22,1787940503,13.568955,100.846985,,,-1.4,-3.8,108.9,108.9,,,,24.87,93,POSCTL,0,0
2026-08-29T01:08:23,1787940504,13.568954,100.846984,,,-1.4,-3.8,108.9,108.9,,,,24.87,93,POSCTL,0,0
2026-08-29T01:08:24,1787940505,13.568954,100.846984,,,-1.4,-3.8,108.9,108.9,,,,24.87,93,POSCTL,0,0
2026-08-29T01:08:25,1787940506,13.568954,100.846984,,,-1.4,-3.8,108.9,108.9,,,,24.87,93,POSCTL,0,0
2026-08-29T01:08:26,1787940507,13.568954,100.846984,,,-1.4,-3.8,108.9,108.9,,,,24.87,93,POSCTL,0,0
2026-08-29T01:08:27,1787940508,13.568954,100.846984,,,-1.3,-3.8,108.9,108.9,,,,24.87,93,POSCTL,0,0
2026-08-29T01:08:28,1787940509,13.568954,100.846984,,,-1.3,-3.8,108.9,108.9,,,,24.87,93,POSCTL,0,0
2026-08-29T01:08:29,1787940510,13.568954,100.846984,,,-1.3,-3.8,108.9,108.9,,,,24.87,93,POSCTL,0,0
2026-08-29T01:08:30,1787940511,13.568954,100.846984,,,-1.3,-3.8,108.9,108.9,,,,24.87,93,POSCTL,0,0
2026-08-29T01:08:31,1787940512,13.568954,100.846984,,,-1.3,-3.8,108.9,108.9,,,,24.87,93,POSCTL,0,0
2026-08-29T01:08:32,1787940513,13.568951,100.846994,,,-1.3,-3.8,108.9,108.9,,,,24.87,93,POSCTL,0,0
2026-08-29T01:08:33,1787940514,13.568952,100.847001,,,-1.3,-3.8,108.9,108.9,,,,24.87,93,POSCTL,0,0
2026-08-29T01:08:34,1787940515,13.568952,100.847001,,,-1.3,-3.8,108.9,108.9,,,,24.87,93,POSCTL,0,0
2026-08-29T01:08:35,1787940516,13.568952,100.847001,,,-1.3,-3.8,108.9,108.9,,,,24.87,93,POSCTL,0,0
2026-08-29T01:08:36,1787940517,13.568952,100.847001,,,-1.3,-3.8,108.9,108.9,,,,24.87,93,POSCTL,0,0
2026-08-29T01:08:37,1787940518,13.568952,100.847001,,,-1.3,-3.8,108.9,108.9,,,,24.87,93,POSCTL,0,0
2026-08-29T01:08:38,1787940519,13.568952,100.847001,,,-1.3,-3.8,108.9,108.9,,,,24.87,93,POSCTL,0,0
2026-08-29T01:08:40,1787940521,13.568952,100.847001,,,-1.4,-3.8,108.8,108.8,,,,24.87,93,POSCTL,0,0
2026-08-29T01:08:41,1787940522,13.568955,100.846996,,,-1.4,-3.8,108.8,108.8,,,,24.87,93,POSCTL,0,0
2026-08-29T01:08:42,1787940523,13.568955,100.846996,,,-1.3,-3.7,108.8,108.8,,,,24.86,93,POSCTL,0,0
2026-08-29T01:08:43,1787940524,13.568957,100.847002,,,-1.3,-3.8,108.8,108.8,,,,24.86,93,POSCTL,0,0
2026-08-29T01:08:44,1787940525,13.568957,100.847002,,,-1.3,-3.8,108.8,108.8,,,,24.86,93,POSCTL,0,0
2026-08-29T01:08:45,1787940526,13.568957,100.847002,,,-1.4,-3.7,108.9,108.9,,,,24.86,93,POSCTL,0,0
2026-08-29T01:08:46,1787940527,13.568957,100.847002,,,-1.4,-3.7,108.9,108.9,,,,24.86,93,POSCTL,0,0
2026-08-29T01:08:47,1787940528,13.568957,100.847002,,,-1.4,-3.7,108.9,108.9,,,,24.86,93,POSCTL,0,0
2026-08-29T01:08:49,1787940530,13.568957,100.847002,,,-1.3,-3.8,108.8,108.8,,,,24.86,93,POSCTL,0,0
2026-08-29T01:08:50,1787940531,13.56896,100.84701,,,-1.3,-3.8,108.8,108.8,,,,24.86,93,POSCTL,0,0
2026-08-29T01:08:51,1787940532,13.56896,100.84701,,,-1.3,-3.8,108.7,108.7,,,,24.86,93,POSCTL,0,0
2026-08-29T01:08:52,1787940533,13.56896,100.847016,,,-1.3,-3.8,108.7,108.7,,,,24.86,93,POSCTL,0,0
2026-08-29T01:08:53,1787940534,13.56896,100.847016,,,-1.3,-3.8,102.4,102.4,,,,24.86,93,POSCTL,0,0
2026-08-29T01:08:54,1787940535,13.568957,100.847033,,,-1.3,-3.8,102.4,102.4,,,,24.86,93,POSCTL,0,0
2026-08-29T01:08:55,1787940536,13.568957,100.847033,,,-1.3,-3.8,102.4,102.4,,,,24.86,93,POSCTL,0,0
2026-08-29T01:08:56,1787940537,13.568957,100.847033,,,-1.3,-3.8,102.4,102.4,,,,24.86,93,POSCTL,0,0
2026-08-29T01:08:57,1787940538,13.568957,100.847033,,,-1.3,-3.8,102.4,102.4,,,,24.86,93,POSCTL,0,0
2026-08-29T01:08:58,1787940539,13.568957,100.847033,,,-1.3,-3.8,102.4,102.4,,,,24.86,93,POSCTL,0,0
2026-08-29T01:08:59,1787940540,13.568957,100.847033,,,-1.3,-3.8,102.4,102.4,,,,24.86,93,POSCTL,0,0
2026-08-29T01:09:00,1787940541,13.568957,100.847033,,,-1.3,-3.8,102.4,102.4,,,,24.86,93,POSCTL,0,0
2026-08-29T01:09:01,1787940542,13.568953,100.847039,,,-1.3,-3.7,102.8,102.8,,,,24.86,93,POSCTL,0,0
2026-08-29T01:09:02,1787940543,13.568953,100.847039,,,-1.3,-3.7,102.8,102.8,,,,24.86,93,POSCTL,0,0
2026-08-29T01:09:03,1787940544,13.568953,100.84704,,,-1.3,-3.7,102.8,102.8,,,,24.86,93,POSCTL,0,0
2026-08-29T01:09:04,1787940545,13.568953,100.84704,,,-1.4,-3.7,103.0,103.0,,,,24.86,93,POSCTL,0,0
2026-08-29T01:09:05,1787940546,13.568952,100.847038,,,-1.4,-3.7,103.0,103.0,,,,24.86,93,POSCTL,0,0
2026-08-29T01:09:06,1787940547,13.568952,100.847038,,,-1.4,-3.7,103.0,103.0,,,,24.86,93,POSCTL,0,0
2026-08-29T01:09:07,1787940548,13.568952,100.847038,,,-1.4,-3.7,103.0,103.0,,,,24.86,93,POSCTL,0,0
2026-08-29T01:09:09,1787940550,13.568951,100.847024,,,-1.4,-3.7,103.0,103.0,,,,24.86,93,POSCTL,0,0
2026-08-29T01:09:10,1787940551,13.568951,100.847024,,,-1.4,-3.7,103.0,103.0,,,,24.86,92,POSCTL,0,0
2026-08-29T01:09:11,1787940552,13.56895,100.84702,,,-1.3,-3.7,103.1,103.1,,,,24.86,92,POSCTL,0,0
2026-08-29T01:09:12,1787940553,13.56895,100.84702,,,-1.3,-3.7,103.1,103.1,,,,24.86,92,POSCTL,0,0
2026-08-29T01:09:13,1787940554,13.568947,100.84702,,,-1.3,-3.7,103.2,103.2,,,,24.86,92,POSCTL,0,0
2026-08-29T01:09:14,1787940555,13.568947,100.84702,,,-1.3,-3.7,103.2,103.2,,,,24.86,92,POSCTL,0,0
2026-08-29T01:09:15,1787940556,13.568947,100.84702,,,-1.3,-3.7,103.2,103.2,,,,24.86,92,POSCTL,0,0
2026-08-29T01:09:17,1787940558,13.568947,100.84702,,,-1.3,-3.7,103.2,103.2,,,,24.86,92,POSCTL,0,0
2026-08-29T01:09:18,1787940559,13.568947,100.84702,,,-1.3,-3.7,103.2,103.2,,,,24.86,92,POSCTL,0,0
2026-08-29T01:09:19,1787940560,13.568947,100.84702,,,-1.3,-3.7,103.2,103.2,,,,24.86,92,POSCTL,0,0
2026-08-29T01:09:20,1787940561,13.568947,100.84702,,,-1.3,-3.7,103.2,103.2,,,,24.86,92,POSCTL,0,0
2026-08-29T01:09:21,1787940562,13.568947,100.84702,,,-1.3,-3.8,103.1,103.1,,,,24.86,92,POSCTL,0,0
2026-08-29T01:09:22,1787940563,13.568943,100.847009,,,-1.3,-3.8,103.1,103.1,,,,24.86,92,POSCTL,0,0
2026-08-29T01:09:23,1787940564,13.568943,100.847009,,,-1.3,-3.8,103.1,103.1,,,,24.86,92,POSCTL,0,0
2026-08-29T01:09:24,1787940565,13.568946,100.847003,,,-1.3,-3.8,103.0,103.0,,,,24.86,92,POSCTL,0,0
2026-08-29T01:09:25,1787940566,13.568949,100.846992,,,-1.3,-3.8,103.0,103.0,,,,24.86,92,POSCTL,0,0
2026-08-29T01:09:26,1787940567,13.568949,100.846992,,,-1.3,-3.8,103.0,103.0,,,,24.86,92,POSCTL,0,0
2026-08-29T01:09:27,1787940568,13.568952,100.846977,,,-1.3,-3.8,103.0,103.0,,,,24.86,92,POSCTL,0,0
2026-08-29T01:09:28,1787940569,13.568952,100.846977,,,-1.3,-3.8,103.0,103.0,,,,24.86,92,POSCTL,0,0
2026-08-29T01:09:29,1787940570,13.568952,100.846977,,,-1.3,-3.7,102.9,102.9,,,,24.86,92,POSCTL,0,0
2026-08-29T01:09:30,1787940571,13.568952,100.846977,,,-1.3,-3.7,102.9,102.9,,,,24.86,92,POSCTL,0,0
2026-08-29T01:09:31,1787940572,13.568952,100.846977,,,-1.3,-3.7,102.9,102.9,,,,24.86,92,POSCTL,0,0
2026-08-29T01:09:32,1787940573,13.568956,100.846958,,,-1.3,-3.7,102.9,102.9,,,,24.86,92,POSCTL,0,0
2026-08-29T01:09:33,1787940574,13.568956,100.846958,,,-1.3,-3.7,102.8,102.8,,,,24.86,92,POSCTL,0,0
2026-08-29T01:09:34,1787940575,13.568957,100.846956,,,-1.3,-3.7,102.8,102.8,,,,24.86,92,POSCTL,0,0
2026-08-29T01:09:35,1787940576,13.568957,100.846956,,,-1.3,-3.7,102.8,102.8,,,,24.86,92,POSCTL,0,0
2026-08-29T01:09:36,1787940577,13.568961,100.846953,,,-1.3,-3.8,102.7,102.7,,,,24.86,92,POSCTL,0,0
2026-08-29T01:09:37,1787940578,13.568961,100.846953,,,-1.3,-3.8,102.7,102.7,,,,24.86,92,POSCTL,0,0
2026-08-29T01:09:38,1787940579,13.568963,100.846955,,,-1.3,-3.7,102.7,102.7,,,,24.86,92,POSCTL,0,0
2026-08-29T01:09:39,1787940580,13.568963,100.846955,,,-1.3,-3.7,102.7,102.7,,,,24.86,92,POSCTL,0,0
2026-08-29T01:09:40,1787940581,13.568963,100.846955,,,-1.3,-3.7,102.7,102.7,,,,24.86,92,POSCTL,0,0
2026-08-29T01:09:41,1787940582,13.568965,100.846954,,,-1.3,-3.7,102.6,102.6,,,,24.86,92,POSCTL,0,0
2026-08-29T01:09:42,1787940583,13.568965,100.846954,,,-1.3,-3.7,102.6,102.6,,,,24.86,92,POSCTL,0,0
2026-08-29T01:09:43,1787940584,13.568965,100.846953,,,-1.3,-3.7,102.6,102.6,,,,24.86,92,POSCTL,0,0
2026-08-29T01:09:44,1787940585,13.568965,100.846953,,,-1.3,-3.7,102.6,102.6,,,,24.86,92,POSCTL,0,0
2026-08-29T01:09:45,1787940586,13.568966,100.846951,,,-1.3,-3.8,102.5,102.5,,,,24.86,92,POSCTL,0,0
2026-08-29T01:09:46,1787940587,13.568966,100.846951,,,-1.3,-3.8,102.5,102.5,,,,24.86,92,POSCTL,0,0
2026-08-29T01:09:47,1787940588,13.568966,100.846951,,,-1.3,-3.8,102.5,102.5,,,,24.86,92,POSCTL,0,0
2026-08-29T01:09:48,1787940589,13.568966,100.846951,,,-1.3,-3.8,102.5,102.5,,,,24.86,92,POSCTL,0,0
2026-08-29T01:09:49,1787940590,13.568966,100.846951,,,-1.3,-3.8,102.4,102.4,,,,24.86,92,POSCTL,0,0
2026-08-29T01:09:51,1787940592,13.568966,100.846951,,,-1.3,-3.8,102.4,102.4,,,,24.86,92,POSCTL,0,0
2026-08-29T01:09:52,1787940593,13.568964,100.846953,,,-1.3,-3.8,102.4,102.4,,,,24.86,92,POSCTL,0,0
2026-08-29T01:09:53,1787940594,13.568964,100.846953,,,-1.3,-3.7,102.3,102.3,,,,24.86,92,POSCTL,0,0
2026-08-29T01:09:54,1787940595,13.568963,100.846956,,,-1.3,-3.7,102.3,102.3,,,,24.86,92,POSCTL,0,0
2026-08-29T01:09:55,1787940596,13.568963,100.846956,,,-1.3,-3.7,102.3,102.3,,,,24.86,92,POSCTL,0,0
2026-08-29T01:09:56,1787940597,13.568963,100.846956,,,-1.3,-3.7,102.3,102.3,,,,24.86,92,POSCTL,0,0
2026-08-29T01:09:57,1787940598,13.568963,100.846956,,,-1.3,-3.7,102.3,102.3,,,,24.86,92,POSCTL,0,0
2026-08-29T01:09:58,1787940599,13.568963,100.846956,,,-1.3,-3.7,102.3,102.3,,,,24.86,92,POSCTL,0,0
2026-08-29T01:09:59,1787940600,13.568963,100.846956,,,-1.3,-3.7,102.3,102.3,,,,24.86,92,POSCTL,0,0
2026-08-29T01:10:00,1787940601,13.568963,100.846956,,,-1.3,-3.7,102.3,102.3,,,,24.86,92,POSCTL,0,0
2026-08-29T01:10:02,1787940603,13.568964,100.846976,,,-1.3,-3.7,102.2,102.2,,,,24.86,92,POSCTL,0,0
2026-08-29T01:10:03,1787940604,13.568964,100.846976,,,-1.3,-3.7,102.2,102.2,,,,24.86,92,POSCTL,0,0
2026-08-29T01:10:04,1787940605,13.568962,100.846982,,,-1.3,-3.7,102.2,102.2,,,,24.86,92,POSCTL,0,0
2026-08-29T01:10:05,1787940606,13.568962,100.846982,,,-1.3,-3.7,102.2,102.2,,,,24.86,92,POSCTL,0,0
2026-08-29T01:10:06,1787940607,13.568962,100.846982,,,-1.3,-3.7,102.1,102.1,,,,24.86,92,POSCTL,0,0
2026-08-29T01:10:07,1787940608,13.56896,100.846986,,,-1.3,-3.7,102.1,102.1,,,,24.86,92,POSCTL,0,0
2026-08-29T01:10:08,1787940609,13.56896,100.846986,,,-1.3,-3.7,102.1,102.1,,,,24.86,92,POSCTL,0,0
2026-08-29T01:10:09,1787940610,13.56896,100.846986,,,-1.3,-3.7,102.1,102.1,,,,24.86,92,POSCTL,0,0
2026-08-29T01:10:10,1787940611,13.56896,100.846986,,,-1.3,-3.7,102.1,102.1,,,,24.86,92,POSCTL,0,0
2026-08-29T01:10:11,1787940612,13.56896,100.846986,,,-1.3,-3.8,102.1,102.1,,,,24.86,92,POSCTL,0,0
2026-08-29T01:10:12,1787940613,13.56896,100.846986,,,-1.3,-3.8,102.1,102.1,,,,24.86,92,POSCTL,0,0
2026-08-29T01:10:13,1787940614,13.568958,100.847,,,-1.3,-3.8,102.1,102.1,,,,24.86,92,POSCTL,0,0
2026-08-29T01:10:14,1787940615,13.568958,100.847,,,-1.3,-3.8,102.1,102.1,,,,24.86,92,POSCTL,0,0
2026-08-29T01:10:15,1787940616,13.568955,100.847005,,,-1.3,-3.8,102.1,102.1,,,,24.86,92,POSCTL,0,0
2026-08-29T01:10:16,1787940617,13.568955,100.847005,,,-1.3,-3.8,102.0,102.0,,,,24.86,92,POSCTL,0,0
2026-08-29T01:10:17,1787940618,13.568953,100.84701,,,-1.3,-3.8,102.0,102.0,,,,24.86,92,POSCTL,0,0
2026-08-29T01:10:18,1787940619,13.568953,100.84701,,,-1.3,-3.8,102.0,102.0,,,,24.86,92,POSCTL,0,0
2026-08-29T01:10:19,1787940620,13.568953,100.84701,,,-1.3,-3.8,102.0,102.0,,,,24.86,92,POSCTL,0,0
2026-08-29T01:10:20,1787940621,13.568953,100.84701,,,-1.3,-3.8,102.0,102.0,,,,24.86,92,POSCTL,0,0
2026-08-29T01:10:21,1787940622,13.568951,100.847022,,,-1.3,-3.8,102.0,102.0,,,,24.86,92,POSCTL,0,0
2026-08-29T01:10:22,1787940623,13.568951,100.847022,,,-1.3,-3.7,102.0,102.0,,,,24.86,92,POSCTL,0,0
2026-08-29T01:10:23,1787940624,13.568951,100.847022,,,-1.3,-3.8,102.0,102.0,,,,24.86,92,POSCTL,0,0
2026-08-29T01:10:24,1787940625,13.568949,100.847025,,,-1.3,-3.8,102.0,102.0,,,,24.86,92,POSCTL,0,0
2026-08-29T01:10:25,1787940626,13.568949,100.847026,,,-1.3,-3.8,102.0,102.0,,,,24.86,92,POSCTL,0,0
2026-08-29T01:10:26,1787940627,13.568949,100.847026,,,-1.3,-3.8,102.0,102.0,,,,24.86,92,POSCTL,0,0
2026-08-29T01:10:27,1787940628,13.568949,100.847026,,,-1.3,-3.8,102.0,102.0,,,,24.86,92,POSCTL,0,0
2026-08-29T01:10:28,1787940629,13.568949,100.847026,,,-1.3,-3.8,102.0,102.0,,,,24.86,92,POSCTL,0,0
2026-08-29T01:10:29,1787940630,13.568949,100.847026,,,-1.3,-3.8,102.0,102.0,,,,24.86,92,POSCTL,0,0
2026-08-29T01:10:30,1787940631,13.568949,100.847026,,,-1.3,-3.8,102.0,102.0,,,,24.86,92,POSCTL,0,0
2026-08-29T01:10:31,1787940632,13.568949,100.847026,,,-1.3,-3.8,102.0,102.0,,,,24.86,92,POSCTL,0,0
2026-08-29T01:10:32,1787940633,13.56895,100.847025,,,-1.3,-3.8,102.0,102.0,,,,24.86,92,POSCTL,0,0
2026-08-29T01:10:33,1787940634,13.56895,100.847025,,,-1.3,-3.8,102.0,102.0,,,,24.86,92,POSCTL,0,0
2026-08-29T01:10:34,1787940635,13.56895,100.847025,,,-1.4,-3.8,102.0,102.0,,,,24.86,92,POSCTL,0,0
2026-08-29T01:10:35,1787940636,13.568951,100.847025,,,-1.4,-3.8,102.0,102.0,,,,24.86,92,POSCTL,0,0
2026-08-29T01:10:36,1787940637,13.568951,100.847025,,,-1.3,-3.7,102.0,102.0,,,,24.86,92,POSCTL,0,0
2026-08-29T01:10:37,1787940638,13.568953,100.847025,,,-1.3,-3.7,102.0,102.0,,,,24.86,92,POSCTL,0,0
2026-08-29T01:10:38,1787940639,13.568953,100.847025,,,-1.3,-3.7,102.0,102.0,,,,24.86,92,POSCTL,0,0
2026-08-29T01:10:39,1787940640,13.568953,100.847025,,,-1.3,-3.7,102.0,102.0,,,,24.86,92,POSCTL,0,0
2026-08-29T01:10:40,1787940641,13.568953,100.847025,,,-1.3,-3.7,102.0,102.0,,,,24.86,92,POSCTL,0,0
2026-08-29T01:10:41,1787940642,13.568953,100.847025,,,-1.3,-3.7,102.0,102.0,,,,24.86,92,POSCTL,0,0
2026-08-29T01:10:42,1787940643,13.568953,100.847025,,,-1.3,-3.7,102.0,102.0,,,,24.86,92,POSCTL,0,0
2026-08-29T01:10:43,1787940644,13.568953,100.847025,,,-1.3,-3.7,102.0,102.0,,,,24.86,92,POSCTL,0,0
2026-08-29T01:10:44,1787940645,13.568963,100.847023,,,-1.3,-3.7,102.0,102.0,,,,24.86,92,POSCTL,0,0
2026-08-29T01:10:45,1787940646,13.568963,100.847023,,,-1.3,-3.7,101.9,101.9,,,,24.85,92,POSCTL,0,0
2026-08-29T01:10:46,1787940647,13.568962,100.847022,,,-1.3,-3.7,101.9,101.9,,,,24.85,92,POSCTL,0,0
2026-08-29T01:10:47,1787940648,13.568962,100.847022,,,-1.3,-3.7,101.9,101.9,,,,24.86,92,POSCTL,0,0
2026-08-29T01:10:48,1787940649,13.568962,100.847022,,,-1.3,-3.7,101.9,101.9,,,,24.86,92,POSCTL,0,0
2026-08-29T01:10:49,1787940650,13.568962,100.847022,,,-1.3,-3.7,101.9,101.9,,,,24.86,92,POSCTL,0,0
2026-08-29T01:10:50,1787940651,13.568962,100.847022,,,-1.3,-3.7,101.9,101.9,,,,24.86,92,POSCTL,0,0
2026-08-29T01:10:51,1787940652,13.568962,100.847022,,,-1.3,-3.7,101.9,101.9,,,,24.86,92,POSCTL,0,0
2026-08-29T01:10:52,1787940653,13.568962,100.847022,,,-1.3,-3.7,101.9,101.9,,,,24.86,92,POSCTL,0,0
2026-08-29T01:10:53,1787940654,13.568966,100.847015,,,-1.3,-3.7,101.9,101.9,,,,24.85,92,POSCTL,0,0
2026-08-29T01:10:54,1787940655,13.568966,100.847015,,,-1.3,-3.7,101.9,101.9,,,,24.85,92,POSCTL,0,0
2026-08-29T01:10:55,1787940656,13.568968,100.847012,,,-1.3,-3.7,101.9,101.9,,,,24.85,92,POSCTL,0,0
2026-08-29T01:10:56,1787940657,13.56897,100.847009,,,-1.3,-3.7,101.9,101.9,,,,24.85,92,POSCTL,0,0
2026-08-29T01:10:57,1787940658,13.56897,100.847009,,,-1.3,-3.7,101.9,101.9,,,,24.85,92,POSCTL,0,0
2026-08-29T01:10:58,1787940659,13.56897,100.847008,,,-1.3,-3.7,101.9,101.9,,,,24.85,92,POSCTL,0,0
2026-08-29T01:10:59,1787940660,13.56897,100.847008,,,-1.3,-3.7,101.9,101.9,,,,24.85,92,POSCTL,0,0
2026-08-29T01:11:00,1787940661,13.56897,100.847002,,,-1.3,-3.7,101.8,101.8,,,,24.85,92,POSCTL,0,0
2026-08-29T01:11:03,1787940664,13.568969,100.847,,,-1.3,-3.7,101.8,101.8,,,,24.85,92,POSCTL,0,0
2026-08-29T01:11:04,1787940665,13.568969,100.846996,,,-1.3,-3.7,101.8,101.8,,,,24.85,92,POSCTL,0,0
2026-08-29T01:11:05,1787940666,13.568967,100.846993,,,-1.3,-3.7,101.8,101.8,,,,24.85,92,POSCTL,0,0
2026-08-29T01:11:06,1787940667,13.568967,100.846993,,,-1.3,-3.7,101.9,101.9,,,,24.85,92,POSCTL,0,0
2026-08-29T01:11:07,1787940668,13.568967,100.846993,,,-1.3,-3.7,101.9,101.9,,,,24.85,92,POSCTL,0,0
2026-08-29T01:11:08,1787940669,13.568967,100.846993,,,-1.3,-3.7,101.9,101.9,,,,24.85,92,POSCTL,0,0
2026-08-29T01:11:09,1787940670,13.568967,100.846993,,,-1.3,-3.7,101.9,101.9,,,,24.85,92,POSCTL,0,0
2026-08-29T01:11:11,1787940672,13.568967,100.846993,,,-1.3,-3.7,101.9,101.9,,,,24.85,92,POSCTL,0,0
2026-08-29T01:11:12,1787940673,13.568966,100.846988,,,-1.3,-3.8,101.8,101.8,,,,24.85,92,POSCTL,0,0
2026-08-29T01:11:13,1787940674,13.568966,100.846988,,,-1.3,-3.8,101.8,101.8,,,,24.85,92,POSCTL,0,0
2026-08-29T01:11:14,1787940675,13.568962,100.84699,,,-1.3,-3.8,101.8,101.8,,,,24.85,92,POSCTL,0,0
2026-08-29T01:11:15,1787940676,13.568962,100.84699,,,-1.3,-3.8,101.8,101.8,,,,24.85,92,POSCTL,0,0
2026-08-29T01:11:16,1787940677,13.568961,100.846989,,,-1.3,-3.8,101.8,101.8,,,,24.85,92,POSCTL,0,0
2026-08-29T01:11:17,1787940678,13.568959,100.846992,,,-1.3,-3.7,101.8,101.8,,,,24.85,92,POSCTL,0,0
2026-08-29T01:11:18,1787940679,13.568959,100.846992,,,-1.3,-3.7,101.8,101.8,,,,24.85,92,POSCTL,0,0
2026-08-29T01:11:19,1787940680,13.568959,100.846992,,,-1.3,-3.7,101.8,101.8,,,,24.85,92,POSCTL,0,0
2026-08-29T01:11:20,1787940681,13.568959,100.846992,,,-1.3,-3.7,101.8,101.8,,,,24.85,92,POSCTL,0,0
2026-08-29T01:11:21,1787940682,13.568963,100.846992,,,-1.3,-3.8,101.8,101.8,,,,24.85,92,POSCTL,0,0
2026-08-29T01:11:22,1787940683,13.568963,100.846992,,,-1.3,-3.8,101.8,101.8,,,,24.85,92,POSCTL,0,0
2026-08-29T01:11:23,1787940684,13.568964,100.846992,,,-1.3,-3.8,101.8,101.8,,,,24.85,92,POSCTL,0,0
2026-08-29T01:11:24,1787940685,13.568964,100.846992,,,-1.3,-3.7,101.8,101.8,,,,24.85,92,POSCTL,0,0
2026-08-29T01:11:25,1787940686,13.568967,100.846992,,,-1.3,-3.7,101.8,101.8,,,,24.85,92,POSCTL,0,0
2026-08-29T01:11:26,1787940687,13.568972,100.846993,,,-1.3,-3.7,101.8,101.8,,,,24.85,92,POSCTL,0,0
2026-08-29T01:11:27,1787940688,13.568972,100.846993,,,-1.3,-3.7,101.8,101.8,,,,24.85,92,POSCTL,0,0
2026-08-29T01:11:28,1787940689,13.568972,100.846993,,,-1.3,-3.7,101.8,101.8,,,,24.85,92,POSCTL,0,0
2026-08-29T01:11:29,1787940690,13.568972,100.846993,,,-1.3,-3.7,101.8,101.8,,,,24.85,92,POSCTL,0,0
2026-08-29T01:11:30,1787940691,13.568972,100.846993,,,-1.3,-3.7,101.8,101.8,,,,24.85,92,POSCTL,0,0
2026-08-29T01:11:31,1787940692,13.568972,100.846993,,,-1.3,-3.7,101.8,101.8,,,,24.85,92,POSCTL,0,0
2026-08-29T01:11:32,1787940693,13.568979,100.847005,,,-1.3,-3.8,101.8,101.8,,,,24.85,92,POSCTL,0,0
2026-08-29T01:11:33,1787940694,13.568979,100.847005,,,-1.3,-3.8,101.8,101.8,,,,24.85,92,POSCTL,0,0
2026-08-29T01:11:34,1787940695,13.568979,100.847005,,,-1.3,-3.7,101.8,101.8,,,,24.85,92,POSCTL,0,0
2026-08-29T01:11:35,1787940696,13.568981,100.847012,,,-1.3,-3.7,101.8,101.8,,,,24.85,92,POSCTL,0,0
2026-08-29T01:11:36,1787940697,13.568981,100.847012,,,-1.3,-3.7,101.8,101.8,,,,24.85,92,POSCTL,0,0
2026-08-29T01:11:37,1787940698,13.568981,100.847012,,,-1.3,-3.7,101.8,101.8,,,,24.85,92,POSCTL,0,0
2026-08-29T01:11:38,1787940699,13.568981,100.847012,,,-1.3,-3.7,101.8,101.8,,,,24.85,92,POSCTL,0,0
2026-08-29T01:11:39,1787940700,13.568981,100.847012,,,-1.3,-3.7,101.8,101.8,,,,24.85,92,POSCTL,0,0
2026-08-29T01:11:40,1787940701,13.568981,100.847012,,,-1.3,-3.8,101.8,101.8,,,,24.85,92,POSCTL,0,0
2026-08-29T01:11:41,1787940702,13.568983,100.847004,,,-1.3,-3.8,101.8,101.8,,,,24.85,92,POSCTL,0,0
2026-08-29T01:11:42,1787940703,13.568983,100.847004,,,-1.3,-3.8,101.8,101.8,,,,24.85,92,POSCTL,0,0
2026-08-29T01:11:43,1787940704,13.568984,100.846999,,,-1.3,-3.8,101.8,101.8,,,,24.85,92,POSCTL,0,0
2026-08-29T01:11:44,1787940705,13.568984,100.846999,,,-1.3,-3.8,101.8,101.8,,,,24.85,92,POSCTL,0,0
2026-08-29T01:11:45,1787940706,13.568985,100.846998,,,-1.3,-3.8,101.8,101.8,,,,24.85,92,POSCTL,0,0
2026-08-29T01:11:46,1787940707,13.568985,100.846998,,,-1.3,-3.8,101.8,101.8,,,,24.85,92,POSCTL,0,0
2026-08-29T01:11:47,1787940708,13.568985,100.846998,,,-1.3,-3.8,101.8,101.8,,,,24.85,92,POSCTL,0,0
2026-08-29T01:11:48,1787940709,13.568985,100.846998,,,-1.3,-3.8,101.8,101.8,,,,24.85,92,POSCTL,0,0
2026-08-29T01:11:49,1787940710,13.568985,100.846998,,,-1.3,-3.8,101.8,101.8,,,,24.85,92,POSCTL,0,0
2026-08-29T01:11:50,1787940711,13.568985,100.846998,,,-1.3,-3.8,101.8,101.8,,,,24.85,92,POSCTL,0,0
2026-08-29T01:11:51,1787940712,13.568985,100.846998,,,-1.3,-3.8,101.8,101.8,,,,24.85,92,POSCTL,0,0
2026-08-29T01:11:52,1787940713,13.568985,100.846993,,,-1.3,-3.8,101.8,101.8,,,,24.85,92,POSCTL,0,0
2026-08-29T01:11:53,1787940714,13.568985,100.846993,,,-1.3,-3.8,101.8,101.8,,,,24.85,92,POSCTL,0,0
2026-08-29T01:11:54,1787940715,13.568986,100.846994,,,-1.3,-3.8,101.8,101.8,,,,24.85,92,POSCTL,0,0
2026-08-29T01:11:55,1787940716,13.568986,100.846994,,,-1.3,-3.8,101.8,101.8,,,,24.85,92,POSCTL,0,0
2026-08-29T01:11:56,1787940717,13.568987,100.846996,,,-1.3,-3.8,101.8,101.8,,,,24.85,92,POSCTL,0,0
2026-08-29T01:11:57,1787940718,13.568987,100.846996,,,-1.3,-3.8,101.8,101.8,,,,24.85,92,POSCTL,0,0
2026-08-29T01:11:58,1787940719,13.568987,100.846996,,,-1.3,-3.8,101.8,101.8,,,,24.85,92,POSCTL,0,0
2026-08-29T01:11:59,1787940720,13.568987,100.846996,,,-1.3,-3.8,101.8,101.8,,,,24.85,92,POSCTL,0,0
2026-08-29T01:12:00,1787940721,13.568987,100.846996,,,-1.3,-3.8,101.8,101.8,,,,24.85,92,POSCTL,0,0
2026-08-29T01:12:01,1787940722,13.568987,100.846996,,,-1.3,-3.8,101.8,101.8,,,,24.85,92,POSCTL,0,0
2026-08-29T01:12:02,1787940723,13.56899,100.846991,,,-1.3,-3.8,101.8,101.8,,,,24.85,92,POSCTL,0,0
2026-08-29T01:12:03,1787940724,13.56899,100.846991,,,-1.3,-3.8,101.8,101.8,,,,24.85,92,POSCTL,0,0
2026-08-29T01:12:04,1787940725,13.56899,100.846989,,,-1.3,-3.8,101.8,101.8,,,,24.85,92,POSCTL,0,0
2026-08-29T01:12:05,1787940726,13.568991,100.84699,,,-1.3,-3.8,101.8,101.8,,,,24.85,92,POSCTL,0,0
2026-08-29T01:12:06,1787940727,13.568991,100.84699,,,-1.3,-3.8,101.8,101.8,,,,24.85,92,POSCTL,0,0
2026-08-29T01:12:07,1787940728,13.568991,100.84699,,,-1.3,-3.8,101.8,101.8,,,,24.85,92,POSCTL,0,0
2026-08-29T01:12:08,1787940729,13.568991,100.84699,,,-1.3,-3.8,101.8,101.8,,,,24.85,92,POSCTL,0,0
2026-08-29T01:12:09,1787940730,13.568992,100.846989,,,-1.3,-3.8,101.8,101.8,,,,24.85,92,POSCTL,0,0
2026-08-29T01:12:10,1787940731,13.568992,100.846989,,,-1.3,-3.8,101.8,101.8,,,,24.85,92,POSCTL,0,0
2026-08-29T01:12:11,1787940732,13.568992,100.84699,,,-1.3,-3.8,101.8,101.8,,,,24.85,92,POSCTL,0,0
2026-08-29T01:12:12,1787940733,13.568992,100.84699,,,-1.3,-3.8,101.7,101.7,,,,24.85,92,POSCTL,0,0
2026-08-29T01:12:13,1787940734,13.568992,100.84699,,,-1.3,-3.8,101.7,101.7,,,,24.85,92,POSCTL,0,0
2026-08-29T01:12:14,1787940735,13.568992,100.84699,,,-1.3,-3.8,101.7,101.7,,,,24.85,92,POSCTL,0,0
2026-08-29T01:12:15,1787940736,13.56899,100.846993,,,-1.3,-3.8,101.7,101.7,,,,24.85,92,POSCTL,0,0
2026-08-29T01:12:16,1787940737,13.56899,100.846993,,,-1.3,-3.8,101.8,101.8,,,,24.85,92,POSCTL,0,0
2026-08-29T01:12:17,1787940738,13.56899,100.846993,,,-1.3,-3.8,101.8,101.8,,,,24.85,92,POSCTL,0,0
2026-08-29T01:12:18,1787940739,13.56899,100.846993,,,-1.3,-3.8,101.8,101.8,,,,24.85,92,POSCTL,0,0
2026-08-29T01:12:19,1787940740,13.56899,100.846993,,,-1.3,-3.8,101.8,101.8,,,,24.85,92,POSCTL,0,0
2026-08-29T01:12:20,1787940741,13.56899,100.846993,,,-1.3,-3.8,101.8,101.8,,,,24.85,92,POSCTL,0,0
2026-08-29T01:12:22,1787940743,13.56899,100.846989,,,-1.3,-3.8,101.8,101.8,,,,24.85,92,POSCTL,0,0
2026-08-29T01:12:23,1787940744,13.56899,100.846989,,,-1.3,-3.7,101.8,101.8,,,,24.85,92,POSCTL,0,0
2026-08-29T01:12:24,1787940745,13.568991,100.846991,,,-1.3,-3.7,101.8,101.8,,,,24.85,92,POSCTL,0,0
2026-08-29T01:12:25,1787940746,13.568991,100.846991,,,-1.3,-3.8,101.8,101.8,,,,24.85,92,POSCTL,0,0
2026-08-29T01:12:26,1787940747,13.568993,100.846987,,,-1.3,-3.8,101.8,101.8,,,,24.84,92,POSCTL,0,0
2026-08-29T01:12:27,1787940748,13.568993,100.846987,,,-1.3,-3.8,101.8,101.8,,,,24.84,92,POSCTL,0,0
2026-08-29T01:12:28,1787940749,13.568993,100.846987,,,-1.3,-3.8,101.8,101.8,,,,24.84,92,POSCTL,0,0
2026-08-29T01:12:29,1787940750,13.568993,100.846987,,,-1.3,-3.8,101.8,101.8,,,,24.84,92,POSCTL,0,0
2026-08-29T01:12:30,1787940751,13.568993,100.846987,,,-1.3,-3.8,101.8,101.8,,,,24.84,92,POSCTL,0,0
2026-08-29T01:12:31,1787940752,13.568993,100.846987,,,-1.3,-3.8,101.8,101.8,,,,24.84,92,POSCTL,0,0
2026-08-29T01:12:32,1787940753,13.568993,100.846987,,,-1.3,-3.8,101.8,101.8,,,,24.84,92,POSCTL,0,0
2026-08-29T01:12:33,1787940754,13.568993,100.846987,,,-1.3,-3.8,101.7,101.7,,,,24.84,92,POSCTL,0,0
2026-08-29T01:12:34,1787940755,13.568992,100.846981,,,-1.3,-3.8,101.7,101.7,,,,24.84,92,POSCTL,0,0
2026-08-29T01:12:35,1787940756,13.568992,100.846981,,,-1.3,-3.8,101.7,101.7,,,,24.84,92,POSCTL,0,0
2026-08-29T01:12:36,1787940757,13.568992,100.846981,,,-1.3,-3.8,101.7,101.7,,,,24.84,92,POSCTL,0,0
2026-08-29T01:12:37,1787940758,13.568992,100.846981,,,-1.3,-3.8,101.6,101.6,,,,24.84,92,POSCTL,0,0
2026-08-29T01:12:38,1787940759,13.568991,100.846975,,,-1.3,-3.8,101.6,101.6,,,,24.84,92,POSCTL,0,0
2026-08-29T01:12:39,1787940760,13.568991,100.846975,,,-1.3,-3.8,101.6,101.6,,,,24.84,92,POSCTL,0,0
2026-08-29T01:12:40,1787940761,13.568991,100.846975,,,-1.3,-3.8,101.6,101.6,,,,24.84,92,POSCTL,0,0
2026-08-29T01:12:44,1787940765,13.568986,100.846975,,,-1.3,-3.8,101.6,101.6,,,,24.84,92,POSCTL,0,0
2026-08-29T01:12:45,1787940766,13.568986,100.846973,,,-1.3,-3.8,101.6,101.6,,,,24.84,92,POSCTL,0,0
2026-08-29T01:12:46,1787940767,13.568986,100.846973,,,-1.3,-3.8,101.6,101.6,,,,24.84,92,POSCTL,0,0
2026-08-29T01:12:47,1787940768,13.568986,100.84697,,,-1.3,-3.8,101.6,101.6,,,,24.84,92,POSCTL,0,0
2026-08-29T01:12:48,1787940769,13.568986,100.84697,,,-1.3,-3.8,101.6,101.6,,,,24.84,92,POSCTL,0,0
2026-08-29T01:12:49,1787940770,13.568986,100.846967,,,-1.3,-3.8,101.6,101.6,,,,24.84,92,POSCTL,0,0
2026-08-29T01:12:50,1787940771,13.568986,100.846967,,,-1.3,-3.8,101.6,101.6,,,,24.84,92,POSCTL,0,0
2026-08-29T01:12:51,1787940772,13.568986,100.846967,,,-1.3,-3.8,101.6,101.6,,,,24.84,92,POSCTL,0,0
2026-08-29T01:12:54,1787940775,13.568984,100.846962,,,-1.3,-3.8,101.6,101.6,,,,24.84,92,POSCTL,0,0
2026-08-29T01:12:55,1787940776,13.568984,100.846962,,,-1.3,-3.8,101.6,101.6,,,,24.84,92,POSCTL,0,0
2026-08-29T01:12:56,1787940777,13.568984,100.846962,,,-1.3,-3.8,101.6,101.6,,,,24.84,92,POSCTL,0,0
2026-08-29T01:12:57,1787940778,13.568984,100.846963,,,-1.3,-3.8,101.6,101.6,,,,24.84,92,POSCTL,0,0
2026-08-29T01:12:58,1787940779,13.568984,100.846963,,,-1.3,-3.8,101.6,101.6,,,,24.84,92,POSCTL,0,0
2026-08-29T01:12:59,1787940780,13.568984,100.846962,,,-1.3,-3.8,101.6,101.6,,,,24.84,92,POSCTL,0,0
2026-08-29T01:13:00,1787940781,13.568984,100.846962,,,-1.3,-3.8,101.6,101.6,,,,24.84,92,POSCTL,0,0
2026-08-29T01:13:01,1787940782,13.568984,100.846962,,,-1.3,-3.8,101.6,101.6,,,,24.84,92,POSCTL,0,0
2026-08-29T01:13:02,1787940783,13.568984,100.846962,,,-1.3,-3.8,101.6,101.6,,,,24.84,92,POSCTL,0,0
2026-08-29T01:13:03,1787940784,13.568984,100.846962,,,-1.3,-3.8,101.6,101.6,,,,24.84,92,POSCTL,0,0
2026-08-29T01:13:04,1787940785,13.568984,100.846962,,,-1.3,-3.8,101.6,101.6,,,,24.84,92,POSCTL,0,0
2026-08-29T01:13:05,1787940786,13.568986,100.846964,,,-1.3,-3.8,101.6,101.6,,,,24.84,92,POSCTL,0,0
2026-08-29T01:13:06,1787940787,13.568986,100.846964,,,-1.3,-3.7,101.6,101.6,,,,24.84,92,POSCTL,0,0
2026-08-29T01:13:07,1787940788,13.568986,100.846966,,,-1.3,-3.7,101.6,101.6,,,,24.84,92,POSCTL,0,0
2026-08-29T01:13:08,1787940789,13.568986,100.846966,,,-1.3,-3.7,101.6,101.6,,,,24.84,92,POSCTL,0,0
2026-08-29T01:13:09,1787940790,13.568986,100.84697,,,-1.3,-3.7,101.6,101.6,,,,24.84,92,POSCTL,0,0
2026-08-29T01:13:10,1787940791,13.568986,100.84697,,,-1.3,-3.7,101.6,101.6,,,,24.84,92,POSCTL,0,0
2026-08-29T01:13:11,1787940792,13.568985,100.84697,,,-1.3,-3.7,101.6,101.6,,,,24.84,92,POSCTL,0,0
2026-08-29T01:13:12,1787940793,13.568985,100.84697,,,-1.3,-3.7,101.6,101.6,,,,24.84,92,POSCTL,0,0
2026-08-29T01:13:13,1787940794,13.568985,100.84697,,,-1.3,-3.7,101.6,101.6,,,,24.84,92,POSCTL,0,0
2026-08-29T01:13:14,1787940795,13.568985,100.84697,,,-1.3,-3.7,101.6,101.6,,,,24.84,92,POSCTL,0,0
2026-08-29T01:13:15,1787940796,13.568986,100.846975,,,-1.3,-3.7,101.6,101.6,,,,24.84,92,POSCTL,0,0
2026-08-29T01:13:16,1787940797,13.568986,100.846975,,,-1.3,-3.7,101.6,101.6,,,,24.84,92,POSCTL,0,0
2026-08-29T01:13:17,1787940798,13.568986,100.846972,,,-1.3,-3.8,101.5,101.5,,,,24.84,92,POSCTL,0,0
2026-08-29T01:13:18,1787940799,13.568986,100.846972,,,-1.3,-3.8,101.5,101.5,,,,24.84,92,POSCTL,0,0
2026-08-29T01:13:19,1787940800,13.568986,100.846972,,,-1.3,-3.7,101.5,101.5,,,,24.84,92,POSCTL,0,0
2026-08-29T01:13:20,1787940801,13.568987,100.846968,,,-1.3,-3.7,101.5,101.5,,,,24.84,92,POSCTL,0,0
2026-08-29T01:13:21,1787940802,13.568987,100.846968,,,-1.3,-3.7,101.5,101.5,,,,24.84,92,POSCTL,0,0
2026-08-29T01:13:22,1787940803,13.568987,100.846971,,,-1.3,-3.7,101.5,101.5,,,,24.84,92,POSCTL,0,0
2026-08-29T01:13:23,1787940804,13.568987,100.846971,,,-1.3,-3.7,101.5,101.5,,,,24.84,92,POSCTL,0,0
2026-08-29T01:13:24,1787940805,13.568987,100.846974,,,-1.3,-3.7,101.5,101.5,,,,24.84,92,POSCTL,0,0
2026-08-29T01:13:25,1787940806,13.568987,100.846974,,,-1.2,-3.7,101.5,101.5,,,,24.84,92,POSCTL,0,0
2026-08-29T01:13:26,1787940807,13.568986,100.846975,,,-1.2,-3.7,101.5,101.5,,,,24.84,92,POSCTL,0,0
2026-08-29T01:13:27,1787940808,13.568986,100.846975,,,-1.2,-3.8,101.5,101.5,,,,24.84,92,POSCTL,0,0
2026-08-29T01:13:28,1787940809,13.568986,100.846975,,,-1.2,-3.7,101.4,101.4,,,,24.84,92,POSCTL,0,0
2026-08-29T01:13:29,1787940810,13.568986,100.846978,,,-1.2,-3.7,101.4,101.4,,,,24.84,92,POSCTL,0,0
2026-08-29T01:13:30,1787940811,13.568986,100.846978,,,-1.2,-3.7,101.4,101.4,,,,24.84,92,POSCTL,0,0
2026-08-29T01:13:31,1787940812,13.568986,100.846978,,,-1.2,-3.7,101.4,101.4,,,,24.84,92,POSCTL,0,0
2026-08-29T01:13:32,1787940813,13.568986,100.846978,,,-1.2,-3.7,101.4,101.4,,,,24.84,92,POSCTL,0,0
2026-08-29T01:13:34,1787940815,13.568986,100.846978,,,-1.3,-3.8,101.5,101.5,,,,24.84,92,POSCTL,0,0
2026-08-29T01:13:35,1787940816,13.568982,100.846982,,,-1.3,-3.8,101.5,101.5,,,,24.84,92,POSCTL,0,0
2026-08-29T01:13:36,1787940817,13.568982,100.846982,,,-1.3,-3.8,101.5,101.5,,,,24.84,92,POSCTL,0,0
2026-08-29T01:13:37,1787940818,13.568982,100.846982,,,-1.3,-3.8,101.5,101.5,,,,24.84,92,POSCTL,0,0
2026-08-29T01:13:38,1787940819,13.568982,100.846982,,,-1.3,-3.8,101.5,101.5,,,,24.84,92,POSCTL,0,0
2026-08-29T01:13:39,1787940820,13.568978,100.846985,,,-1.3,-3.8,101.6,101.6,,,,24.84,92,POSCTL,0,0
2026-08-29T01:13:40,1787940821,13.568978,100.846985,,,-1.3,-3.8,101.6,101.6,,,,24.84,92,POSCTL,0,0
2026-08-29T01:13:41,1787940822,13.568978,100.846985,,,-1.3,-3.8,101.6,101.6,,,,24.84,92,POSCTL,0,0
2026-08-29T01:13:42,1787940823,13.568978,100.846985,,,-1.3,-3.8,101.6,101.6,,,,24.84,92,POSCTL,0,0
2026-08-29T01:13:43,1787940824,13.568978,100.846985,,,-1.3,-3.8,101.6,101.6,,,,24.84,92,POSCTL,0,0
2026-08-29T01:13:44,1787940825,13.568974,100.846991,,,-1.3,-3.8,101.6,101.6,,,,24.84,91,POSCTL,0,0
2026-08-29T01:13:45,1787940826,13.568974,100.846991,,,-1.3,-3.8,101.6,101.6,,,,24.84,91,POSCTL,0,0
2026-08-29T01:13:46,1787940827,13.568974,100.846989,,,-1.3,-3.8,101.6,101.6,,,,24.84,92,POSCTL,0,0
2026-08-29T01:13:47,1787940828,13.568974,100.846989,,,-1.3,-3.8,101.7,101.7,,,,24.84,92,POSCTL,0,0
2026-08-29T01:13:48,1787940829,13.56897,100.84699,,,-1.3,-3.8,101.7,101.7,,,,24.84,92,POSCTL,0,0
2026-08-29T01:13:49,1787940830,13.56897,100.84699,,,-1.3,-3.8,101.7,101.7,,,,24.84,92,POSCTL,0,0
2026-08-29T01:13:50,1787940831,13.56897,100.84699,,,-1.3,-3.8,101.7,101.7,,,,24.84,92,POSCTL,0,0
2026-08-29T01:13:51,1787940832,13.56897,100.84699,,,-1.3,-3.8,101.7,101.7,,,,24.84,92,POSCTL,0,0
2026-08-29T01:13:52,1787940833,13.56897,100.84699,,,-1.3,-3.8,101.7,101.7,,,,24.84,92,POSCTL,0,0
2026-08-29T01:13:53,1787940834,13.56897,100.84699,,,-1.3,-3.8,101.7,101.7,,,,24.84,92,POSCTL,0,0
2026-08-29T01:13:54,1787940835,13.568965,100.847002,,,-1.3,-3.8,101.7,101.7,,,,24.84,92,POSCTL,0,0
2026-08-29T01:13:55,1787940836,13.568965,100.847002,,,-1.3,-3.8,101.7,101.7,,,,24.84,91,POSCTL,0,0
2026-08-29T01:13:56,1787940837,13.568966,100.847002,,,-1.3,-3.8,101.7,101.7,,,,24.84,91,POSCTL,0,0
2026-08-29T01:13:57,1787940838,13.568966,100.847002,,,-1.3,-3.8,101.7,101.7,,,,24.84,91,POSCTL,0,0
2026-08-29T01:13:58,1787940839,13.568964,100.847,,,-1.3,-3.8,101.7,101.7,,,,24.84,91,POSCTL,0,0
2026-08-29T01:13:59,1787940840,13.568964,100.847,,,-1.3,-3.8,101.7,101.7,,,,24.84,91,POSCTL,0,0
2026-08-29T01:14:00,1787940841,13.568964,100.847,,,-1.3,-3.8,101.7,101.7,,,,24.84,91,POSCTL,0,0
2026-08-29T01:14:01,1787940842,13.568964,100.847,,,-1.3,-3.8,101.7,101.7,,,,24.84,91,POSCTL,0,0
2026-08-29T01:14:02,1787940843,13.568964,100.847,,,-1.3,-3.8,101.7,101.7,,,,24.84,91,POSCTL,0,0
2026-08-29T01:14:03,1787940844,13.568964,100.847,,,-1.3,-3.8,101.7,101.7,,,,24.84,91,POSCTL,0,0
2026-08-29T01:14:04,1787940845,13.568964,100.847,,,-1.3,-3.8,101.7,101.7,,,,24.84,91,POSCTL,0,0
2026-08-29T01:14:05,1787940846,13.568959,100.847009,,,-1.3,-3.8,101.7,101.7,,,,24.84,91,POSCTL,0,0
2026-08-29T01:14:06,1787940847,13.568959,100.847009,,,-1.3,-3.8,101.6,101.6,,,,24.84,91,POSCTL,0,0
2026-08-29T01:14:07,1787940848,13.568958,100.847009,,,-1.3,-3.8,101.6,101.6,,,,24.84,91,POSCTL,0,0
2026-08-29T01:14:08,1787940849,13.568958,100.847009,,,-1.3,-3.8,101.6,101.6,,,,24.84,91,POSCTL,0,0
2026-08-29T01:14:09,1787940850,13.568956,100.847009,,,-1.3,-3.8,101.6,101.6,,,,24.84,91,POSCTL,0,0
2026-08-29T01:14:10,1787940851,13.568956,100.847009,,,-1.3,-3.8,101.6,101.6,,,,24.84,91,POSCTL,0,0
2026-08-29T01:14:11,1787940852,13.568956,100.847009,,,-1.3,-3.8,101.6,101.6,,,,24.84,91,POSCTL,0,0
2026-08-29T01:14:12,1787940853,13.568956,100.847009,,,-1.3,-3.8,101.6,101.6,,,,24.84,91,POSCTL,0,0
2026-08-29T01:14:13,1787940854,13.568961,100.84701,,,-1.3,-3.8,101.6,101.6,,,,24.84,91,POSCTL,0,0
2026-08-29T01:14:14,1787940855,13.568961,100.84701,,,-1.3,-3.8,101.6,101.6,,,,24.84,91,POSCTL,0,0
2026-08-29T01:14:15,1787940856,13.568961,100.84701,,,-1.3,-3.8,101.6,101.6,,,,24.84,91,POSCTL,0,0
2026-08-29T01:14:16,1787940857,13.568964,100.847016,,,-1.3,-3.8,101.6,101.6,,,,24.84,91,POSCTL,0,0
2026-08-29T01:14:17,1787940858,13.568964,100.847016,,,-1.3,-3.8,101.6,101.6,,,,24.84,91,POSCTL,0,0
2026-08-29T01:14:18,1787940859,13.568964,100.847021,,,-1.3,-3.8,101.6,101.6,,,,24.84,91,POSCTL,0,0
2026-08-29T01:14:19,1787940860,13.568964,100.847021,,,-1.3,-3.8,101.6,101.6,,,,24.84,91,POSCTL,0,0
2026-08-29T01:14:22,1787940863,13.568964,100.847021,,,-1.3,-3.8,101.6,101.6,,,,24.84,91,POSCTL,0,0
2026-08-29T01:14:23,1787940864,13.568968,100.847024,,,-1.3,-3.8,101.6,101.6,,,,24.84,91,POSCTL,0,0
2026-08-29T01:14:24,1787940865,13.568968,100.847024,,,-1.3,-3.8,101.6,101.6,,,,24.84,91,POSCTL,0,0
2026-08-29T01:14:25,1787940866,13.568968,100.847024,,,-1.3,-3.8,101.6,101.6,,,,24.84,91,POSCTL,0,0
2026-08-29T01:14:26,1787940867,13.568968,100.847024,,,-1.3,-3.8,101.6,101.6,,,,24.84,91,POSCTL,0,0
2026-08-29T01:14:27,1787940868,13.568968,100.847024,,,-1.3,-3.8,101.6,101.6,,,,24.84,91,POSCTL,0,0
2026-08-29T01:14:28,1787940869,13.568968,100.847041,,,-1.3,-3.8,101.6,101.6,,,,24.84,91,POSCTL,0,0
2026-08-29T01:14:29,1787940870,13.568968,100.847041,,,-1.3,-3.8,101.6,101.6,,,,24.84,91,POSCTL,0,0
2026-08-29T01:14:30,1787940871,13.568968,100.847041,,,-1.3,-3.8,101.6,101.6,,,,24.84,91,POSCTL,0,0
2026-08-29T01:14:31,1787940872,13.568968,100.847041,,,-1.3,-3.8,101.6,101.6,,,,24.84,91,POSCTL,0,0
2026-08-29T01:14:32,1787940873,13.568968,100.847041,,,-1.3,-3.8,101.6,101.6,,,,24.84,91,POSCTL,0,0
2026-08-29T01:14:33,1787940874,13.568968,100.847041,,,-1.3,-3.8,101.6,101.6,,,,24.84,91,POSCTL,0,0
2026-08-29T01:14:34,1787940875,13.568972,100.847045,,,-1.3,-3.8,101.6,101.6,,,,24.84,91,POSCTL,0,0
2026-08-29T01:14:35,1787940876,13.568972,100.847045,,,-1.3,-3.8,101.6,101.6,,,,24.84,91,POSCTL,0,0
2026-08-29T01:14:36,1787940877,13.568972,100.847045,,,-1.3,-3.8,101.6,101.6,,,,24.84,91,POSCTL,0,0
2026-08-29T01:14:37,1787940878,13.568975,100.847045,,,-1.3,-3.8,101.6,101.6,,,,24.83,91,POSCTL,0,0
2026-08-29T01:14:38,1787940879,13.568975,100.847045,,,-1.3,-3.8,101.6,101.6,,,,24.83,91,POSCTL,0,0
2026-08-29T01:14:39,1787940880,13.568975,100.847045,,,-1.3,-3.8,101.6,101.6,,,,24.83,91,POSCTL,0,0
2026-08-29T01:14:40,1787940881,13.568975,100.847045,,,-1.3,-3.8,101.6,101.6,,,,24.83,91,POSCTL,0,0
2026-08-29T01:14:41,1787940882,13.568975,100.847045,,,-1.3,-3.8,101.6,101.6,,,,24.83,91,POSCTL,0,0
2026-08-29T01:14:42,1787940883,13.568975,100.847045,,,-1.3,-3.8,101.6,101.6,,,,24.83,91,POSCTL,0,0
2026-08-29T01:14:43,1787940884,13.568975,100.847045,,,-1.3,-3.8,101.7,101.7,,,,24.83,91,POSCTL,0,0
2026-08-29T01:14:44,1787940885,13.568974,100.847047,,,-1.3,-3.8,101.7,101.7,,,,24.83,91,POSCTL,0,0
2026-08-29T01:14:45,1787940886,13.568974,100.847047,,,-1.3,-3.8,101.7,101.7,,,,24.83,91,POSCTL,0,0
2026-08-29T01:14:46,1787940887,13.568975,100.847047,,,-1.3,-3.8,101.7,101.7,,,,24.83,91,POSCTL,0,0
2026-08-29T01:14:47,1787940888,13.568975,100.847047,,,-1.3,-3.8,101.6,101.6,,,,24.83,91,POSCTL,0,0
2026-08-29T01:14:48,1787940889,13.568974,100.847049,,,-1.3,-3.8,101.6,101.6,,,,24.83,91,POSCTL,0,0
2026-08-29T01:14:49,1787940890,13.568974,100.847049,,,-1.3,-3.8,101.6,101.6,,,,24.83,91,POSCTL,0,0
2026-08-29T01:14:50,1787940891,13.568974,100.847049,,,-1.3,-3.8,101.6,101.6,,,,24.83,91,POSCTL,0,0
2026-08-29T01:14:51,1787940892,13.568972,100.847047,,,-1.3,-3.8,101.6,101.6,,,,24.83,91,POSCTL,0,0
2026-08-29T01:14:52,1787940893,13.56897,100.847047,,,-1.3,-3.8,101.6,101.6,,,,24.83,91,POSCTL,0,0
2026-08-29T01:14:53,1787940894,13.56897,100.847047,,,-1.3,-3.8,101.6,101.6,,,,24.83,91,POSCTL,0,0
2026-08-29T01:14:54,1787940895,13.568967,100.847049,,,-1.3,-3.8,101.7,101.7,,,,24.83,91,POSCTL,0,0
2026-08-29T01:14:55,1787940896,13.568967,100.847049,,,-1.3,-3.8,101.6,101.6,,,,24.83,91,POSCTL,0,0
2026-08-29T01:14:56,1787940897,13.568967,100.847049,,,-1.3,-3.8,101.7,101.7,,,,24.83,91,POSCTL,0,0
2026-08-29T01:14:57,1787940898,13.568967,100.847049,,,-1.3,-3.8,101.7,101.7,,,,24.83,91,POSCTL,0,0
2026-08-29T01:14:58,1787940899,13.568957,100.847058,,,-1.3,-3.8,101.7,101.7,,,,24.83,91,POSCTL,0,0
2026-08-29T01:14:59,1787940900,13.568957,100.847058,,,-1.3,-3.8,101.7,101.7,,,,24.83,91,POSCTL,0,0
2026-08-29T01:15:00,1787940901,13.568957,100.847058,,,-1.3,-3.8,101.7,101.7,,,,24.83,91,POSCTL,0,0
2026-08-29T01:15:01,1787940902,13.568955,100.847058,,,-1.3,-3.8,101.7,101.7,,,,24.83,91,POSCTL,0,0
2026-08-29T01:15:02,1787940903,13.568955,100.847058,,,-1.3,-3.8,101.7,101.7,,,,24.83,91,POSCTL,0,0
2026-08-29T01:15:03,1787940904,13.568955,100.847054,,,-1.3,-3.8,101.7,101.7,,,,24.83,91,POSCTL,0,0
2026-08-29T01:15:04,1787940905,13.568955,100.847054,,,-1.3,-3.8,101.7,101.7,,,,24.83,91,POSCTL,0,0
2026-08-29T01:15:05,1787940906,13.568955,100.847054,,,-1.3,-3.8,101.7,101.7,,,,24.83,91,POSCTL,0,0
2026-08-29T01:15:06,1787940907,13.568955,100.847054,,,-1.3,-3.8,101.7,101.7,,,,24.83,91,POSCTL,0,0
2026-08-29T01:15:07,1787940908,13.568954,100.847045,,,-1.3,-3.8,101.7,101.7,,,,24.83,91,POSCTL,0,0
2026-08-29T01:15:08,1787940909,13.568954,100.847045,,,-1.3,-3.8,101.6,101.6,,,,24.83,91,POSCTL,0,0
2026-08-29T01:15:09,1787940910,13.568957,100.847043,,,-1.3,-3.8,101.7,101.7,,,,24.83,91,POSCTL,0,0
2026-08-29T01:15:10,1787940911,13.568957,100.847043,,,-1.3,-3.8,101.7,101.7,,,,24.83,91,POSCTL,0,0
2026-08-29T01:15:11,1787940912,13.568957,100.847043,,,-1.3,-3.8,101.7,101.7,,,,24.83,91,POSCTL,0,0
2026-08-29T01:15:12,1787940913,13.568957,100.847043,,,-1.3,-3.8,101.7,101.7,,,,24.83,91,POSCTL,0,0
2026-08-29T01:15:13,1787940914,13.568957,100.847043,,,-1.3,-3.8,101.7,101.7,,,,24.83,91,POSCTL,0,0
2026-08-29T01:15:14,1787940915,13.568957,100.847043,,,-1.3,-3.8,101.7,101.7,,,,24.83,91,POSCTL,0,0
2026-08-29T01:15:15,1787940916,13.568957,100.847043,,,-1.3,-3.8,101.6,101.6,,,,24.83,91,POSCTL,0,0
2026-08-29T01:15:16,1787940917,13.568967,100.847015,,,-1.3,-3.8,101.6,101.6,,,,24.83,91,POSCTL,0,0
2026-08-29T01:15:17,1787940918,13.568967,100.847015,,,-1.3,-3.8,101.7,101.7,,,,24.83,91,POSCTL,0,0
2026-08-29T01:15:18,1787940919,13.568966,100.847015,,,-1.3,-3.8,101.7,101.7,,,,24.83,91,POSCTL,0,0
2026-08-29T01:15:19,1787940920,13.568966,100.847015,,,-1.3,-3.8,101.7,101.7,,,,24.83,91,POSCTL,0,0
2026-08-29T01:15:20,1787940921,13.568962,100.84702,,,-1.3,-3.8,101.6,101.6,,,,24.83,91,POSCTL,0,0
2026-08-29T01:15:21,1787940922,13.568962,100.84702,,,-1.3,-3.8,101.6,101.6,,,,24.83,91,POSCTL,0,0
2026-08-29T01:15:22,1787940923,13.568962,100.84702,,,-1.3,-3.8,101.6,101.6,,,,24.83,91,POSCTL,0,0
2026-08-29T01:15:25,1787940926,13.568962,100.84702,,,-1.3,-3.8,101.6,101.6,,,,24.83,91,POSCTL,0,0
2026-08-29T01:15:26,1787940927,13.568962,100.84702,,,-1.3,-3.8,101.6,101.6,,,,24.83,91,POSCTL,0,0
2026-08-29T01:15:27,1787940928,13.56896,100.847018,,,-1.3,-3.8,101.6,101.6,,,,24.83,91,POSCTL,0,0
2026-08-29T01:15:28,1787940929,13.56896,100.847018,,,-1.3,-3.8,101.6,101.6,,,,24.83,91,POSCTL,0,0
2026-08-29T01:15:29,1787940930,13.568959,100.847018,,,-1.3,-3.8,101.6,101.6,,,,24.83,91,POSCTL,0,0
2026-08-29T01:15:30,1787940931,13.568959,100.847018,,,-1.3,-3.8,101.6,101.6,,,,24.83,91,POSCTL,0,0
2026-08-29T01:15:31,1787940932,13.568959,100.847018,,,-1.3,-3.8,101.6,101.6,,,,24.83,91,POSCTL,0,0
2026-08-29T01:15:32,1787940933,13.568959,100.847018,,,-1.3,-3.8,101.6,101.6,,,,24.83,91,POSCTL,0,0
2026-08-29T01:15:33,1787940934,13.568959,100.847018,,,-1.3,-3.8,101.6,101.6,,,,24.83,91,POSCTL,0,0
2026-08-29T01:15:34,1787940935,13.56895,100.847034,,,-1.3,-3.8,101.6,101.6,,,,24.83,91,POSCTL,0,0
2026-08-29T01:15:35,1787940936,13.56895,100.847034,,,-1.3,-3.8,101.6,101.6,,,,24.83,91,POSCTL,0,0
2026-08-29T01:15:36,1787940937,13.568948,100.847036,,,-1.3,-3.8,101.6,101.6,,,,24.83,91,POSCTL,0,0
2026-08-29T01:15:37,1787940938,13.568948,100.847036,,,-1.3,-3.8,101.6,101.6,,,,24.83,91,POSCTL,0,0
2026-08-29T01:15:38,1787940939,13.568948,100.847036,,,-1.3,-3.8,101.6,101.6,,,,24.83,91,POSCTL,0,0
2026-08-29T01:15:39,1787940940,13.568947,100.847037,,,-1.3,-3.8,101.6,101.6,,,,24.83,91,POSCTL,0,0
2026-08-29T01:15:40,1787940941,13.568947,100.847037,,,-1.3,-3.8,101.6,101.6,,,,24.83,91,POSCTL,0,0
2026-08-29T01:15:41,1787940942,13.568947,100.847048,,,-1.3,-3.8,101.6,101.6,,,,24.83,91,POSCTL,0,0
2026-08-29T01:15:42,1787940943,13.568947,100.847048,,,-1.3,-3.8,101.6,101.6,,,,24.83,91,POSCTL,0,0
2026-08-29T01:15:43,1787940944,13.568948,100.847051,,,-1.3,-3.8,101.6,101.6,,,,24.83,91,POSCTL,0,0
2026-08-29T01:15:44,1787940945,13.568948,100.847051,,,-1.3,-3.8,101.6,101.6,,,,24.83,91,POSCTL,0,0
2026-08-29T01:15:45,1787940946,13.568947,100.847057,,,-1.3,-3.8,101.6,101.6,,,,24.83,91,POSCTL,0,0
2026-08-29T01:15:46,1787940947,13.568947,100.847057,,,-1.3,-3.8,101.6,101.6,,,,24.83,91,POSCTL,0,0
2026-08-29T01:15:47,1787940948,13.568948,100.847057,,,-1.3,-3.8,101.6,101.6,,,,24.83,91,POSCTL,0,0
2026-08-29T01:15:48,1787940949,13.568948,100.847057,,,-1.3,-3.8,101.6,101.6,,,,24.83,91,POSCTL,0,0
2026-08-29T01:15:49,1787940950,13.568948,100.847057,,,-1.3,-3.8,101.6,101.6,,,,24.83,91,POSCTL,0,0
2026-08-29T01:15:50,1787940951,13.568948,100.847057,,,-1.3,-3.8,101.6,101.6,,,,24.83,91,POSCTL,0,0
2026-08-29T01:15:51,1787940952,13.568948,100.847057,,,-1.3,-3.8,101.6,101.6,,,,24.83,91,POSCTL,0,0
2026-08-29T01:15:52,1787940953,13.568953,100.847062,,,-1.3,-3.8,101.6,101.6,,,,24.83,91,POSCTL,0,0
2026-08-29T01:15:53,1787940954,13.568953,100.847062,,,-1.3,-3.8,101.6,101.6,,,,24.83,91,POSCTL,0,0
2026-08-29T01:15:54,1787940955,13.56895,100.847064,,,-1.3,-3.8,101.6,101.6,,,,24.83,91,POSCTL,0,0
2026-08-29T01:15:55,1787940956,13.568949,100.847069,,,-1.3,-3.8,101.6,101.6,,,,24.83,91,POSCTL,0,0
2026-08-29T01:15:56,1787940957,13.568949,100.847069,,,-1.3,-3.8,101.6,101.6,,,,24.83,91,POSCTL,0,0
2026-08-29T01:15:57,1787940958,13.568949,100.847069,,,-1.3,-3.8,101.6,101.6,,,,24.83,91,POSCTL,0,0
2026-08-29T01:16:00,1787940961,13.568948,100.847075,,,-1.3,-3.8,101.6,101.6,,,,24.83,91,POSCTL,0,0
2026-08-29T01:16:01,1787940962,13.568947,100.847078,,,-1.3,-3.8,101.6,101.6,,,,24.83,91,POSCTL,0,0
2026-08-29T01:16:02,1787940963,13.568947,100.847078,,,-1.3,-3.8,101.6,101.6,,,,24.83,91,POSCTL,0,0
2026-08-29T01:16:03,1787940964,13.568948,100.847072,,,-1.3,-3.8,101.6,101.6,,,,24.83,91,POSCTL,0,0
2026-08-29T01:16:04,1787940965,13.568948,100.847072,,,-1.3,-3.8,101.6,101.6,,,,24.83,91,POSCTL,0,0
2026-08-29T01:16:05,1787940966,13.568948,100.847072,,,-1.3,-3.8,101.6,101.6,,,,24.83,91,POSCTL,0,0
2026-08-29T01:16:06,1787940967,13.568948,100.847072,,,-1.3,-3.8,101.6,101.6,,,,24.83,91,POSCTL,0,0
2026-08-29T01:16:10,1787940971,13.568948,100.847072,,,-1.3,-3.8,101.6,101.6,,,,24.83,91,POSCTL,0,0
2026-08-29T01:16:11,1787940972,13.568936,100.847129,,,-1.3,-3.8,101.6,101.6,,,,24.83,91,POSCTL,0,0
2026-08-29T01:16:12,1787940973,13.568936,100.847129,,,-1.3,-3.8,101.6,101.6,,,,24.83,91,POSCTL,0,0
2026-08-29T01:16:13,1787940974,13.568936,100.847129,,,-1.3,-3.8,101.6,101.6,,,,24.83,91,POSCTL,0,0
2026-08-29T01:16:14,1787940975,13.568941,100.847119,,,-1.3,-3.8,101.6,101.6,,,,24.83,91,POSCTL,0,0
2026-08-29T01:16:15,1787940976,13.568941,100.847119,,,-1.3,-3.8,101.6,101.6,,,,24.83,91,POSCTL,0,0
2026-08-29T01:16:16,1787940977,13.568941,100.847119,,,-1.3,-3.8,101.6,101.6,,,,24.83,91,POSCTL,0,0
2026-08-29T01:16:17,1787940978,13.568941,100.847119,,,-1.3,-3.8,101.6,101.6,,,,24.83,91,POSCTL,0,0
2026-08-29T01:16:18,1787940979,13.568941,100.847119,,,-1.3,-3.8,101.6,101.6,,,,24.83,91,POSCTL,0,0
2026-08-29T01:16:19,1787940980,13.568941,100.847119,,,-1.3,-3.8,101.6,101.6,,,,24.83,91,POSCTL,0,0
2026-08-29T01:16:20,1787940981,13.568933,100.847128,,,-1.3,-3.8,101.6,101.6,,,,24.82,91,POSCTL,0,0
2026-08-29T01:16:21,1787940982,13.568933,100.847128,,,-1.3,-3.8,101.6,101.6,,,,24.82,91,POSCTL,0,0
2026-08-29T01:16:22,1787940983,13.568936,100.847122,,,-1.3,-3.8,101.6,101.6,,,,24.82,91,POSCTL,0,0
2026-08-29T01:16:23,1787940984,13.568936,100.847122,,,-1.3,-3.8,101.6,101.6,,,,24.82,91,POSCTL,0,0
2026-08-29T01:16:24,1787940985,13.568928,100.847137,,,-1.3,-3.8,101.6,101.6,,,,24.82,91,POSCTL,0,0
2026-08-29T01:16:25,1787940986,13.568928,100.847137,,,-1.3,-3.8,101.6,101.6,,,,24.82,91,POSCTL,0,0
2026-08-29T01:16:26,1787940987,13.568928,100.847137,,,-1.3,-3.8,101.6,101.6,,,,24.82,91,POSCTL,0,0
2026-08-29T01:16:30,1787940991,13.568927,100.847144,,,-1.3,-3.8,101.6,101.6,,,,24.82,91,POSCTL,0,0
2026-08-29T01:16:31,1787940992,13.568927,100.847144,,,-1.3,-3.8,101.6,101.6,,,,24.82,91,POSCTL,0,0
2026-08-29T01:16:32,1787940993,13.568927,100.847144,,,-1.3,-3.8,101.6,101.6,,,,24.82,91,POSCTL,0,0
2026-08-29T01:16:33,1787940994,13.568927,100.847147,,,-1.3,-3.8,101.5,101.5,,,,24.82,91,POSCTL,0,0
2026-08-29T01:16:34,1787940995,13.568923,100.847161,,,-1.3,-3.8,101.6,101.6,,,,24.82,91,POSCTL,0,0
2026-08-29T01:16:35,1787940996,13.568923,100.847161,,,-1.3,-3.8,101.6,101.6,,,,24.82,91,POSCTL,0,0
2026-08-29T01:16:36,1787940997,13.568923,100.847161,,,-1.3,-3.8,101.6,101.6,,,,24.82,91,POSCTL,0,0
2026-08-29T01:16:37,1787940998,13.568923,100.847161,,,-1.3,-3.8,101.6,101.6,,,,24.82,91,POSCTL,0,0
2026-08-29T01:16:38,1787940999,13.568923,100.847161,,,-1.3,-3.8,101.6,101.6,,,,24.82,91,POSCTL,0,0
2026-08-29T01:16:39,1787941000,13.568923,100.847161,,,-1.3,-3.8,101.5,101.5,,,,24.82,91,POSCTL,0,0
2026-08-29T01:16:40,1787941001,13.568926,100.847134,,,-1.3,-3.8,101.5,101.5,,,,24.82,91,POSCTL,0,0
2026-08-29T01:16:41,1787941002,13.568926,100.847134,,,-1.3,-3.8,101.5,101.5,,,,24.82,91,POSCTL,0,0
2026-08-29T01:16:42,1787941003,13.568928,100.847112,,,-1.3,-3.8,101.5,101.5,,,,24.82,91,POSCTL,0,0
2026-08-29T01:16:43,1787941004,13.568928,100.847112,,,-1.3,-3.7,101.5,101.5,,,,24.82,91,POSCTL,0,0
2026-08-29T01:16:44,1787941005,13.568928,100.847112,,,-1.3,-3.8,101.5,101.5,,,,24.82,91,POSCTL,0,0
2026-08-29T01:16:45,1787941006,13.568928,100.847112,,,-1.3,-3.8,101.5,101.5,,,,24.82,91,POSCTL,0,0
2026-08-29T01:16:48,1787941009,13.568928,100.847112,,,-1.3,-3.8,101.5,101.5,,,,24.82,91,POSCTL,0,0
2026-08-29T01:16:49,1787941010,13.568938,100.847074,,,-1.3,-3.8,101.5,101.5,,,,24.82,91,POSCTL,0,0
2026-08-29T01:16:50,1787941011,13.568938,100.847074,,,-1.3,-3.8,101.5,101.5,,,,24.82,91,POSCTL,0,0
2026-08-29T01:16:51,1787941012,13.568951,100.84706,,,-1.3,-3.8,101.5,101.5,,,,24.82,91,POSCTL,0,0
2026-08-29T01:16:52,1787941013,13.568951,100.84706,,,-1.3,-3.8,101.5,101.5,,,,24.82,91,POSCTL,0,0
2026-08-29T01:16:53,1787941014,13.568957,100.847046,,,-1.3,-3.8,101.5,101.5,,,,24.82,91,POSCTL,0,0
2026-08-29T01:16:54,1787941015,13.568957,100.847046,,,-1.3,-3.8,101.5,101.5,,,,24.82,91,POSCTL,0,0
2026-08-29T01:16:55,1787941016,13.568957,100.847046,,,-1.3,-3.8,101.5,101.5,,,,24.82,91,POSCTL,0,0
2026-08-29T01:16:56,1787941017,13.568957,100.847046,,,-1.3,-3.8,101.5,101.5,,,,24.82,91,POSCTL,0,0
2026-08-29T01:16:57,1787941018,13.568957,100.847046,,,-1.3,-3.8,101.6,101.6,,,,24.82,91,POSCTL,0,0
2026-08-29T01:16:58,1787941019,13.568961,100.847039,,,-1.3,-3.8,101.6,101.6,,,,24.82,91,POSCTL,0,0
2026-08-29T01:16:59,1787941020,13.568961,100.847039,,,-1.3,-3.8,101.6,101.6,,,,24.82,91,POSCTL,0,0
2026-08-29T01:17:00,1787941021,13.568957,100.847044,,,-1.3,-3.8,101.6,101.6,,,,24.82,91,POSCTL,0,0
2026-08-29T01:17:01,1787941022,13.568957,100.847044,,,-1.3,-3.8,101.6,101.6,,,,24.82,91,POSCTL,0,0
2026-08-29T01:17:02,1787941023,13.568961,100.84705,,,-1.3,-3.8,101.6,101.6,,,,24.82,91,POSCTL,0,0
2026-08-29T01:17:03,1787941024,13.568961,100.84705,,,-1.3,-3.8,101.5,101.5,,,,24.82,91,POSCTL,0,0
2026-08-29T01:17:04,1787941025,13.568961,100.84705,,,-1.3,-3.8,101.5,101.5,,,,24.82,91,POSCTL,0,0
2026-08-29T01:17:05,1787941026,13.568961,100.84705,,,-1.3,-3.8,101.5,101.5,,,,24.82,91,POSCTL,0,0
2026-08-29T01:17:06,1787941027,13.568965,100.847033,,,-1.3,-3.8,101.5,101.5,,,,24.82,91,POSCTL,0,0
2026-08-29T01:17:07,1787941028,13.568965,100.847033,,,-1.3,-3.8,101.5,101.5,,,,24.82,91,POSCTL,0,0
2026-08-29T01:17:08,1787941029,13.568962,100.847034,,,-1.3,-3.8,101.5,101.5,,,,24.82,91,POSCTL,0,0
2026-08-29T01:17:09,1787941030,13.568962,100.847034,,,-1.3,-3.8,101.5,101.5,,,,24.82,91,POSCTL,0,0
2026-08-29T01:17:10,1787941031,13.568962,100.847034,,,-1.3,-3.8,101.5,101.5,,,,24.82,91,POSCTL,0,0
2026-08-29T01:17:11,1787941032,13.568962,100.847034,,,-1.3,-3.8,101.5,101.5,,,,24.82,91,POSCTL,0,0
2026-08-29T01:17:12,1787941033,13.568962,100.847034,,,-1.3,-3.8,101.5,101.5,,,,24.82,91,POSCTL,0,0
2026-08-29T01:17:13,1787941034,13.568962,100.847034,,,-1.3,-3.8,101.5,101.5,,,,24.82,91,POSCTL,0,0
2026-08-29T01:17:14,1787941035,13.568962,100.847034,,,-1.3,-3.8,101.5,101.5,,,,24.82,91,POSCTL,0,0
2026-08-29T01:17:15,1787941036,13.568962,100.847034,,,-1.3,-3.8,101.5,101.5,,,,24.82,91,POSCTL,0,0
2026-08-29T01:17:16,1787941037,13.568962,100.847034,,,-1.3,-3.8,101.5,101.5,,,,24.82,91,POSCTL,0,0
2026-08-29T01:17:19,1787941040,13.56899,100.847001,,,-1.3,-3.8,101.5,101.5,,,,24.82,91,POSCTL,0,0
2026-08-29T01:17:20,1787941041,13.56899,100.847001,,,-1.3,-3.8,101.5,101.5,,,,24.82,91,POSCTL,0,0
2026-08-29T01:17:21,1787941042,13.56899,100.847001,,,-1.3,-3.8,101.5,101.5,,,,24.82,91,POSCTL,0,0
2026-08-29T01:17:22,1787941043,13.569004,100.846994,,,-1.3,-3.8,101.5,101.5,,,,24.82,91,POSCTL,0,0
2026-08-29T01:17:23,1787941044,13.569004,100.846994,,,-1.3,-3.8,101.5,101.5,,,,24.82,91,POSCTL,0,0
2026-08-29T01:17:24,1787941045,13.569004,100.846994,,,-1.3,-3.8,101.5,101.5,,,,24.82,91,POSCTL,0,0
2026-08-29T01:17:25,1787941046,13.569004,100.846994,,,-1.3,-3.8,101.5,101.5,,,,24.82,91,POSCTL,0,0
2026-08-29T01:17:26,1787941047,13.569004,100.846994,,,-1.3,-3.8,101.5,101.5,,,,24.82,91,POSCTL,0,0
2026-08-29T01:17:27,1787941048,13.569004,100.846994,,,-1.3,-3.8,101.5,101.5,,,,24.82,91,POSCTL,0,0
2026-08-29T01:17:28,1787941049,13.569004,100.846994,,,-1.3,-3.8,101.5,101.5,,,,24.82,91,POSCTL,0,0
2026-08-29T01:17:29,1787941050,13.569004,100.846994,,,-1.3,-3.8,101.5,101.5,,,,24.82,91,POSCTL,0,0
2026-08-29T01:17:30,1787941051,13.569008,100.846991,,,-1.3,-3.8,101.5,101.5,,,,24.82,91,POSCTL,0,0
2026-08-29T01:17:31,1787941052,13.569008,100.846991,,,-1.3,-3.8,101.5,101.5,,,,24.82,91,POSCTL,0,0
2026-08-29T01:17:32,1787941053,13.569008,100.846991,,,-1.3,-3.8,101.5,101.5,,,,24.82,91,POSCTL,0,0
2026-08-29T01:17:35,1787941056,13.569011,100.846998,,,-1.3,-3.8,101.5,101.5,,,,24.82,91,POSCTL,0,0
2026-08-29T01:17:37,1787941057,13.569011,100.846998,,,-1.3,-3.8,101.5,101.5,,,,24.82,91,POSCTL,0,0
2026-08-29T01:17:38,1787941058,13.569011,100.846998,,,-1.3,-3.8,101.5,101.5,,,,24.82,91,POSCTL,0,0
2026-08-29T01:17:39,1787941059,13.569011,100.846998,,,-1.3,-3.8,101.5,101.5,,,,24.82,91,POSCTL,0,0
2026-08-29T01:17:40,1787941060,13.569011,100.846998,,,-1.3,-3.8,101.5,101.5,,,,24.82,91,POSCTL,0,0
2026-08-29T01:17:41,1787941061,13.569011,100.846998,,,-1.3,-3.8,101.5,101.5,,,,24.82,91,POSCTL,0,0
2026-08-29T01:17:42,1787941062,13.569011,100.846998,,,-1.3,-3.8,101.5,101.5,,,,24.82,91,POSCTL,0,0
2026-08-29T01:17:43,1787941063,13.569011,100.846998,,,-1.3,-3.8,101.5,101.5,,,,24.82,91,POSCTL,0,0
2026-08-29T01:17:44,1787941064,13.568992,100.847025,,,-1.3,-3.8,101.5,101.5,,,,24.82,91,POSCTL,0,0
2026-08-29T01:17:45,1787941065,13.568992,100.847025,,,-1.3,-3.8,101.5,101.5,,,,24.82,91,POSCTL,0,0
2026-08-29T01:17:46,1787941066,13.568992,100.847025,,,-1.3,-3.8,101.5,101.5,,,,24.82,91,POSCTL,0,0
2026-08-29T01:17:47,1787941067,13.568992,100.847025,,,-1.3,-3.8,101.5,101.5,,,,24.82,91,POSCTL,0,0
2026-08-29T01:17:48,1787941068,13.568992,100.847025,,,-1.3,-3.8,101.5,101.5,,,,24.82,91,POSCTL,0,0
2026-08-29T01:17:49,1787941069,13.568992,100.847025,,,-1.3,-3.8,101.5,101.5,,,,24.82,91,POSCTL,0,0
2026-08-29T01:17:50,1787941070,13.568992,100.847025,,,-1.3,-3.8,101.5,101.5,,,,24.82,91,POSCTL,0,0
2026-08-29T01:17:51,1787941071,13.568992,100.847042,,,-1.3,-3.8,101.5,101.5,,,,24.82,91,POSCTL,0,0
2026-08-29T01:17:52,1787941072,13.568992,100.847042,,,-1.3,-3.8,101.5,101.5,,,,24.82,91,POSCTL,0,0
2026-08-29T01:17:53,1787941073,13.568986,100.847051,,,-1.3,-3.8,101.5,101.5,,,,24.82,91,POSCTL,0,0
2026-08-29T01:17:54,1787941074,13.568987,100.847054,,,-1.3,-3.8,101.5,101.5,,,,24.82,91,POSCTL,0,0
2026-08-29T01:17:55,1787941075,13.568987,100.847054,,,-1.3,-3.8,101.5,101.5,,,,24.82,91,POSCTL,0,0
2026-08-29T01:17:56,1787941076,13.568983,100.847059,,,-1.3,-3.8,101.5,101.5,,,,24.82,91,POSCTL,0,0
2026-08-29T01:17:57,1787941077,13.568983,100.847059,,,-1.3,-3.8,101.5,101.5,,,,24.82,91,POSCTL,0,0
2026-08-29T01:17:58,1787941078,13.568983,100.847059,,,-1.3,-3.8,101.5,101.5,,,,24.82,91,POSCTL,0,0
2026-08-29T01:17:59,1787941079,13.568983,100.847059,,,-1.3,-3.8,101.5,101.5,,,,24.82,91,POSCTL,0,0
2026-08-29T01:18:00,1787941080,13.568983,100.847059,,,-1.3,-3.8,101.5,101.5,,,,24.82,91,POSCTL,0,0
2026-08-29T01:18:01,1787941081,13.568978,100.84708,,,-1.3,-3.8,101.5,101.5,,,,24.82,91,POSCTL,0,0
2026-08-29T01:18:02,1787941082,13.568978,100.84708,,,-1.3,-3.8,101.5,101.5,,,,24.82,91,POSCTL,0,0
2026-08-29T01:18:03,1787941083,13.56898,100.847083,,,-1.3,-3.8,101.5,101.5,,,,24.82,91,POSCTL,0,0
2026-08-29T01:18:04,1787941084,13.56898,100.847083,,,-1.3,-3.8,101.5,101.5,,,,24.82,91,POSCTL,0,0
2026-08-29T01:18:05,1787941085,13.56898,100.847083,,,-1.3,-3.8,101.5,101.5,,,,24.82,91,POSCTL,0,0
2026-08-29T01:18:06,1787941086,13.56898,100.847083,,,-1.3,-3.8,101.5,101.5,,,,24.82,91,POSCTL,0,0
2026-08-29T01:18:07,1787941087,13.56898,100.847083,,,-1.3,-3.8,101.5,101.5,,,,24.82,91,POSCTL,0,0
2026-08-29T01:18:08,1787941088,13.56898,100.847083,,,-1.3,-3.8,101.5,101.5,,,,24.82,91,POSCTL,0,0
2026-08-29T01:18:09,1787941089,13.56898,100.847083,,,-1.3,-3.8,101.5,101.5,,,,24.82,91,POSCTL,0,0
2026-08-29T01:18:10,1787941090,13.568971,100.847091,,,-1.3,-3.8,101.5,101.5,,,,24.82,91,POSCTL,0,0
2026-08-29T01:18:11,1787941091,13.568971,100.84709,,,-1.3,-3.8,101.5,101.5,,,,24.82,91,POSCTL,0,0
2026-08-29T01:18:12,1787941092,13.568971,100.84709,,,-1.3,-3.8,101.5,101.5,,,,24.82,91,POSCTL,0,0
2026-08-29T01:18:13,1787941093,13.568971,100.84709,,,-1.3,-3.8,101.5,101.5,,,,24.82,91,POSCTL,0,0
2026-08-29T01:18:14,1787941094,13.568971,100.84709,,,-1.3,-3.8,101.5,101.5,,,,24.82,91,POSCTL,0,0
2026-08-29T01:18:15,1787941095,13.568971,100.84709,,,-1.3,-3.8,101.5,101.5,,,,24.82,91,POSCTL,0,0
2026-08-29T01:18:16,1787941096,13.568971,100.84709,,,-1.3,-3.8,101.5,101.5,,,,24.82,91,POSCTL,0,0
2026-08-29T01:18:17,1787941097,13.568971,100.84709,,,-1.3,-3.8,101.5,101.5,,,,24.82,91,POSCTL,0,0
2026-08-29T01:18:18,1787941098,13.568955,100.847061,,,-1.3,-3.8,101.5,101.5,,,,24.82,91,POSCTL,0,0
2026-08-29T01:18:19,1787941099,13.568955,100.847061,,,-1.3,-3.8,101.5,101.5,,,,24.81,91,POSCTL,0,0
2026-08-29T01:18:20,1787941100,13.568947,100.847046,,,-1.3,-3.8,101.5,101.5,,,,24.81,91,POSCTL,0,0
2026-08-29T01:18:21,1787941101,13.568947,100.847046,,,-1.3,-3.8,101.5,101.5,,,,24.81,91,POSCTL,0,0
2026-08-29T01:18:22,1787941102,13.568944,100.84704,,,-1.3,-3.8,101.5,101.5,,,,24.81,91,POSCTL,0,0
2026-08-29T01:18:23,1787941103,13.568944,100.84704,,,-1.3,-3.8,101.5,101.5,,,,24.81,91,POSCTL,0,0
2026-08-29T01:18:24,1787941104,13.568944,100.84704,,,-1.3,-3.8,101.5,101.5,,,,24.81,91,POSCTL,0,0
2026-08-29T01:18:25,1787941105,13.568944,100.84704,,,-1.3,-3.8,101.5,101.5,,,,24.81,91,POSCTL,0,0
2026-08-29T01:18:26,1787941106,13.568944,100.84704,,,-1.3,-3.8,101.5,101.5,,,,24.81,91,POSCTL,0,0
2026-08-29T01:18:27,1787941107,13.568944,100.84704,,,-1.3,-3.8,101.5,101.5,,,,24.81,91,POSCTL,0,0
2026-08-29T01:18:28,1787941108,13.568944,100.84704,,,-1.3,-3.8,101.5,101.5,,,,24.81,91,POSCTL,0,0
2026-08-29T01:18:29,1787941109,13.568944,100.84704,,,-1.3,-3.8,101.5,101.5,,,,24.81,91,POSCTL,0,0
2026-08-29T01:18:30,1787941110,13.568942,100.847053,,,-1.3,-3.8,101.5,101.5,,,,24.81,91,POSCTL,0,0
2026-08-29T01:18:31,1787941111,13.568942,100.847053,,,-1.3,-3.8,101.5,101.5,,,,24.81,91,POSCTL,0,0
2026-08-29T01:18:32,1787941112,13.568942,100.847053,,,-1.3,-3.8,101.5,101.5,,,,24.81,91,POSCTL,0,0
2026-08-29T01:18:33,1787941113,13.568942,100.847053,,,-1.3,-3.8,101.5,101.5,,,,24.81,91,POSCTL,0,0
2026-08-29T01:18:34,1787941114,13.568942,100.847053,,,-1.3,-3.8,101.5,101.5,,,,24.81,91,POSCTL,0,0
