iso,unix,lat,lon,alt_msl,rel_alt,roll,pitch,yaw,heading,vx,vy,vz,vbatt,batt_pct,mode,armed,in_air
2026-08-18T01:35:44,1786991744,13.822803,100.511626,15.7,-0.05,0.2,-0.4,88.8,88.8,0.0,-0.03,0.0,24.9,100,AUTO.LOITER,0,0
2026-08-18T01:35:45,1786991745,13.822803,100.511626,15.7,-0.05,0.2,-0.4,88.8,88.8,0.0,-0.03,0.0,24.9,100,AUTO.LOITER,0,0
2026-08-18T01:35:46,1786991746,13.822803,100.511626,15.7,-0.08,0.2,-0.4,88.8,88.8,0.0,-0.01,0.0,24.9,100,AUTO.LOITER,0,0
2026-08-18T01:35:47,1786991747,13.822803,100.511626,15.7,-0.09,0.2,-0.4,88.8,88.8,0.0,0.0,0.0,24.9,100,AUTO.LOITER,0,0
2026-08-18T01:35:48,1786991748,13.822803,100.511626,15.7,-0.09,0.2,-0.5,88.8,88.8,0.0,0.0,0.0,24.9,100,AUTO.LOITER,0,0
2026-08-18T01:35:49,1786991749,13.822803,100.511627,15.7,-0.1,0.2,-0.5,88.8,88.8,0.01,0.0,0.0,24.9,100,AUTO.LOITER,0,0
2026-08-18T01:35:50,1786991750,13.822803,100.511627,15.7,-0.1,0.2,-0.5,88.8,88.8,0.0,0.01,0.0,24.9,100,AUTO.LOITER,0,0
2026-08-18T01:35:51,1786991751,13.822803,100.511627,15.7,-0.1,0.3,-0.4,88.8,88.8,0.0,0.0,0.0,24.9,100,AUTO.LOITER,0,0
2026-08-18T01:35:52,1786991752,13.822803,100.511627,15.4,-0.1,0.2,-0.4,88.8,88.8,0.0,0.0,0.0,24.9,100,AUTO.LOITER,0,0
2026-08-18T01:35:53,1786991753,13.822803,100.511627,15.7,-0.1,0.2,-0.4,88.8,88.8,0.01,0.0,0.0,24.9,100,AUTO.LOITER,0,0
2026-08-18T01:35:54,1786991754,13.822803,100.511626,15.7,-0.1,0.2,-0.4,88.8,88.8,0.01,-0.02,-0.01,24.9,100,AUTO.LOITER,0,0
2026-08-18T01:35:55,1786991755,13.822803,100.511626,15.7,-0.09,0.3,-0.4,88.7,88.7,0.01,-0.02,-0.01,24.9,100,AUTO.LOITER,0,0
2026-08-18T01:35:56,1786991756,13.822803,100.511627,15.7,-0.09,0.3,-0.4,88.7,88.7,0.0,-0.01,0.0,24.9,100,AUTO.LOITER,0,0
2026-08-18T01:35:57,1786991757,13.822803,100.511627,15.7,-0.1,0.3,-0.5,88.7,88.7,0.0,-0.01,0.0,24.9,100,AUTO.LOITER,0,0
2026-08-18T01:35:58,1786991758,13.822803,100.511626,15.7,-0.1,0.4,-0.5,88.7,88.7,0.0,-0.03,0.0,24.9,100,AUTO.LOITER,0,0
2026-08-18T01:35:59,1786991759,13.822803,100.511627,15.7,-0.1,0.4,-0.6,88.6,88.6,-0.01,-0.02,0.0,24.9,100,AUTO.LOITER,0,0
2026-08-18T01:36:00,1786991760,13.822803,100.511627,15.7,-0.09,0.4,-0.6,88.6,88.6,0.0,0.0,0.0,24.9,100,AUTO.LOITER,0,0
2026-08-18T01:36:01,1786991761,13.822803,100.511627,15.4,-0.09,0.4,-0.6,88.6,88.6,0.0,0.0,0.0,24.9,100,AUTO.LOITER,0,0
2026-08-18T01:36:02,1786991762,13.822803,100.511627,15.4,-0.09,0.4,-0.6,88.6,88.6,0.0,0.0,0.0,24.9,100,AUTO.LOITER,0,0
2026-08-18T01:36:03,1786991763,13.822803,100.511627,15.6,-0.12,0.4,-0.6,88.6,88.6,-0.02,0.0,0.02,24.9,100,AUTO.LOITER,0,0
2026-08-18T01:36:04,1786991764,13.822803,100.511627,15.6,-0.12,0.4,-0.6,88.5,88.5,-0.03,0.0,0.02,24.9,100,AUTO.LOITER,0,0
2026-08-18T01:36:05,1786991765,13.822803,100.511626,15.4,-0.12,0.4,-0.6,88.5,88.5,-0.03,0.0,0.02,24.9,100,AUTO.LOITER,0,0
2026-08-18T01:36:06,1786991766,13.822803,100.511627,15.4,-0.13,0.3,-0.7,88.5,88.5,-0.04,0.0,0.02,24.9,100,AUTO.LOITER,0,0
2026-08-18T01:36:07,1786991767,13.822802,100.511627,15.6,-0.12,0.3,-0.7,88.5,88.5,-0.03,0.0,0.02,24.9,100,AUTO.LOITER,0,0
2026-08-18T01:36:08,1786991768,13.822803,100.511627,15.6,-0.13,0.3,-0.7,88.5,88.5,-0.03,0.0,0.03,24.9,100,AUTO.LOITER,0,0
2026-08-18T01:36:09,1786991769,13.822803,100.511627,15.6,-0.13,0.3,-0.7,88.5,88.5,-0.03,0.0,0.03,24.9,100,AUTO.LOITER,0,0
2026-08-18T01:36:10,1786991770,13.822803,100.511627,15.6,-0.13,0.3,-0.7,88.5,88.5,-0.02,0.01,0.03,24.9,100,AUTO.LOITER,0,0
2026-08-18T01:36:11,1786991771,13.822803,100.511627,15.6,-0.13,0.2,-0.7,88.5,88.5,-0.02,0.01,0.03,24.9,100,AUTO.LOITER,0,0
2026-08-18T01:36:12,1786991772,13.822803,100.511627,15.6,-0.13,0.2,-0.7,88.5,88.5,-0.02,0.01,0.03,24.9,100,AUTO.LOITER,0,0
2026-08-18T01:36:13,1786991773,13.822803,100.511627,15.6,-0.14,0.2,-0.7,88.3,88.3,0.01,0.02,0.04,24.9,100,AUTO.LOITER,0,0
2026-08-18T01:36:14,1786991774,13.822803,100.511627,15.6,-0.15,0.2,-0.6,88.2,88.2,0.02,0.03,0.05,24.9,100,AUTO.LOITER,0,0
2026-08-18T01:36:15,1786991775,13.822803,100.511627,15.6,-0.16,0.2,-0.6,88.2,88.2,0.01,0.03,0.06,24.9,100,AUTO.LOITER,0,0
2026-08-18T01:36:16,1786991776,13.822803,100.511627,15.6,-0.17,0.2,-0.6,88.2,88.2,0.01,0.03,0.07,24.9,100,AUTO.LOITER,0,0
2026-08-18T01:36:17,1786991777,13.822803,100.511627,15.6,-0.17,0.2,-0.6,88.2,88.2,0.01,0.03,0.07,24.9,100,AUTO.LOITER,0,0
2026-08-18T01:36:18,1786991778,13.822803,100.511627,15.3,-0.17,0.3,-0.5,88.1,88.1,0.01,0.03,0.07,24.9,100,AUTO.LOITER,0,0
2026-08-18T01:36:19,1786991779,13.822803,100.511627,15.4,-0.17,0.3,-0.5,88.1,88.1,0.0,0.01,0.06,24.9,100,AUTO.LOITER,0,0
2026-08-18T01:36:20,1786991780,13.822803,100.511627,15.6,-0.16,0.3,-0.5,88.1,88.1,0.0,0.01,0.05,24.9,100,AUTO.LOITER,0,0
2026-08-18T01:36:21,1786991781,13.822803,100.511627,15.6,-0.16,0.3,-0.5,88.1,88.1,0.0,0.01,0.05,24.9,100,AUTO.LOITER,0,0
2026-08-18T01:36:22,1786991782,13.822803,100.511627,15.6,-0.16,0.3,-0.4,88.1,88.1,0.01,0.01,0.06,24.9,100,AUTO.LOITER,0,0
2026-08-18T01:36:23,1786991783,13.822803,100.511627,15.6,-0.17,0.3,-0.4,88.1,88.1,0.0,0.0,0.07,24.9,100,AUTO.LOITER,0,0
2026-08-18T01:36:24,1786991784,13.822803,100.511626,15.6,-0.18,0.3,-0.4,88.1,88.1,0.0,0.0,0.08,24.9,100,AUTO.LOITER,0,0
2026-08-18T01:36:25,1786991785,13.822803,100.511627,15.6,-0.2,0.3,-0.4,88.1,88.1,0.0,0.0,0.09,24.9,100,AUTO.LOITER,0,0
2026-08-18T01:36:26,1786991786,13.822803,100.511627,15.4,-0.2,0.3,-0.4,88.1,88.1,0.0,0.0,0.09,24.9,100,AUTO.LOITER,0,0
2026-08-18T01:36:27,1786991787,13.822803,100.511627,15.6,-0.19,0.3,-0.4,88.1,88.1,0.01,0.01,0.09,24.9,100,AUTO.LOITER,0,0
2026-08-18T01:36:28,1786991788,13.822803,100.511627,15.6,-0.19,0.3,-0.4,88.1,88.1,0.0,0.01,0.08,24.9,100,AUTO.LOITER,0,0
2026-08-18T01:36:29,1786991789,13.822803,100.511627,15.6,-0.19,0.3,-0.4,88.1,88.1,0.0,0.02,0.08,24.9,100,AUTO.LOITER,0,0
2026-08-18T01:36:30,1786991790,13.822803,100.511627,15.4,-0.19,0.3,-0.4,88.2,88.2,0.0,0.02,0.08,24.9,100,AUTO.LOITER,0,0
2026-08-18T01:36:31,1786991791,13.822803,100.511627,15.4,-0.19,0.3,-0.4,88.2,88.2,-0.01,0.02,0.08,24.9,100,AUTO.LOITER,0,0
2026-08-18T01:36:32,1786991792,13.822803,100.511627,15.5,-0.18,0.3,-0.4,88.2,88.2,0.0,0.01,0.07,24.9,100,AUTO.LOITER,0,0
2026-08-18T01:36:33,1786991793,13.822803,100.511627,15.5,-0.18,0.3,-0.4,88.2,88.2,0.0,0.01,0.07,24.9,100,AUTO.LOITER,0,0
2026-08-18T01:36:34,1786991794,13.822803,100.511627,15.5,-0.18,0.2,-0.3,88.2,88.2,0.0,0.01,0.07,24.9,100,AUTO.LOITER,0,0
2026-08-18T01:36:35,1786991795,13.822803,100.511627,15.6,-0.18,0.2,-0.3,88.2,88.2,0.0,0.01,0.06,24.9,100,AUTO.LOITER,0,0
2026-08-18T01:36:36,1786991796,13.822803,100.511627,15.6,-0.17,0.2,-0.3,88.2,88.2,-0.01,0.01,0.05,24.9,100,AUTO.LOITER,0,0
2026-08-18T01:36:37,1786991797,13.822803,100.511627,15.6,-0.17,0.2,-0.3,88.3,88.3,0.0,0.0,0.05,24.9,100,AUTO.LOITER,0,0
2026-08-18T01:36:38,1786991798,13.822803,100.511626,15.6,-0.17,0.2,-0.2,88.3,88.3,0.0,-0.01,0.05,24.9,100,AUTO.LOITER,0,0
2026-08-18T01:36:39,1786991799,13.822803,100.511626,15.6,-0.17,0.2,-0.2,88.2,88.2,0.0,-0.01,0.04,24.9,100,AUTO.LOITER,0,0
2026-08-18T01:36:40,1786991800,13.822803,100.511626,15.6,-0.17,0.2,-0.2,88.2,88.2,0.0,0.0,0.04,24.9,100,AUTO.LOITER,0,0
2026-08-18T01:36:41,1786991801,13.822803,100.511626,15.6,-0.17,0.2,-0.2,88.2,88.2,0.0,0.0,0.04,24.9,100,AUTO.LOITER,0,0
2026-08-18T01:36:42,1786991802,13.822803,100.511626,15.6,-0.17,0.2,-0.2,88.2,88.2,0.0,0.0,0.03,24.9,100,AUTO.LOITER,0,0
2026-08-18T01:36:43,1786991803,13.822803,100.511627,15.6,-0.16,0.1,-0.2,88.2,88.2,0.01,0.01,0.03,24.9,100,AUTO.LOITER,0,0
2026-08-18T01:36:44,1786991804,13.822803,100.511627,15.6,-0.16,0.1,-0.2,88.2,88.2,0.01,0.01,0.03,24.9,100,AUTO.LOITER,0,0
2026-08-18T01:36:45,1786991805,13.822803,100.511627,15.4,-0.16,0.1,-0.2,88.1,88.1,0.01,0.01,0.03,24.9,100,AUTO.LOITER,0,0
2026-08-18T01:36:46,1786991806,13.822803,100.511627,15.6,-0.15,0.1,-0.2,88.1,88.1,0.01,0.0,0.02,24.9,100,AUTO.LOITER,0,0
2026-08-18T01:36:47,1786991807,13.822803,100.511627,15.6,-0.15,0.1,-0.2,88.1,88.1,0.01,0.01,0.02,24.9,100,AUTO.LOITER,0,0
2026-08-18T01:36:48,1786991808,13.822803,100.511627,15.6,-0.15,0.1,-0.2,88.1,88.1,0.02,0.01,0.02,24.9,100,AUTO.LOITER,0,0
2026-08-18T01:36:49,1786991809,13.822803,100.511627,15.6,-0.16,0.1,-0.2,88.1,88.1,0.03,0.0,0.04,24.9,100,AUTO.LOITER,0,0
2026-08-18T01:36:50,1786991810,13.822803,100.511627,15.6,-0.17,0.1,-0.2,88.1,88.1,0.02,0.0,0.05,24.9,100,AUTO.LOITER,0,0
2026-08-18T01:36:51,1786991811,13.822803,100.511627,15.6,-0.17,0.1,-0.2,88.1,88.1,0.01,0.0,0.04,24.9,100,AUTO.LOITER,0,0
2026-08-18T01:36:52,1786991812,13.822803,100.511627,15.6,-0.17,0.2,-0.2,88.0,88.0,0.0,0.0,0.04,24.9,100,AUTO.LOITER,0,0
2026-08-18T01:36:53,1786991813,13.822803,100.511627,15.6,-0.17,0.1,-0.2,88.0,88.0,0.0,0.0,0.03,24.9,100,AUTO.LOITER,0,0
2026-08-18T01:36:54,1786991814,13.822803,100.511627,15.6,-0.17,0.1,-0.2,88.0,88.0,0.0,0.0,0.03,24.9,100,AUTO.LOITER,0,0
2026-08-18T01:36:55,1786991815,13.822803,100.511627,15.6,-0.17,0.1,-0.2,88.0,88.0,-0.01,0.0,0.04,24.9,100,AUTO.LOITER,0,0
2026-08-18T01:36:56,1786991816,13.822803,100.511627,15.4,-0.17,0.1,-0.3,88.0,88.0,-0.01,0.0,0.04,24.9,100,AUTO.LOITER,0,0
2026-08-18T01:36:57,1786991817,13.822803,100.511627,15.5,-0.17,0.1,-0.3,88.0,88.0,-0.01,0.01,0.03,24.9,100,AUTO.LOITER,0,0
2026-08-18T01:36:58,1786991818,13.822803,100.511627,15.5,-0.17,0.1,-0.3,88.0,88.0,-0.01,0.01,0.03,24.9,100,AUTO.LOITER,0,0
2026-08-18T01:36:59,1786991819,13.822803,100.511627,15.6,-0.17,0.1,-0.3,88.0,88.0,0.0,0.0,0.04,24.9,100,AUTO.LOITER,0,0
2026-08-18T01:37:00,1786991820,13.822803,100.511627,15.6,-0.17,0.1,-0.3,88.0,88.0,0.0,0.0,0.04,24.9,100,AUTO.LOITER,0,0
2026-08-18T01:37:01,1786991821,13.822803,100.511627,15.6,-0.17,0.0,-0.3,88.0,88.0,0.0,0.0,0.03,24.9,100,AUTO.LOITER,0,0
2026-08-18T01:37:02,1786991822,13.822803,100.511627,15.6,-0.17,0.1,-0.3,88.0,88.0,0.0,0.0,0.03,24.9,100,AUTO.LOITER,0,0
2026-08-18T01:37:03,1786991823,13.822803,100.511627,15.6,-0.16,0.1,-0.3,88.0,88.0,0.0,0.0,0.01,24.9,100,AUTO.LOITER,0,0
2026-08-18T01:37:04,1786991824,13.822803,100.511627,15.6,-0.14,0.1,-0.3,88.0,88.0,0.0,0.01,0.0,24.9,100,AUTO.LOITER,0,0
2026-08-18T01:37:05,1786991825,13.822803,100.511627,15.6,-0.13,0.1,-0.3,88.0,88.0,0.0,0.0,0.0,24.9,100,AUTO.LOITER,0,0
2026-08-18T01:37:06,1786991826,13.822803,100.511627,15.6,-0.13,0.1,-0.3,88.0,88.0,0.0,0.0,0.0,24.9,100,AUTO.LOITER,0,0
2026-08-18T01:37:07,1786991827,13.822803,100.511627,15.6,-0.14,0.1,-0.3,88.0,88.0,0.01,0.0,0.0,24.9,100,AUTO.LOITER,0,0
2026-08-18T01:37:08,1786991828,13.822803,100.511627,15.6,-0.14,0.1,-0.3,88.0,88.0,0.0,-0.01,0.0,24.9,100,AUTO.LOITER,0,0
2026-08-18T01:37:09,1786991829,13.822803,100.511627,15.4,-0.14,0.1,-0.2,87.9,87.9,0.0,-0.01,0.0,24.9,100,AUTO.LOITER,0,0
2026-08-18T01:37:10,1786991830,13.822803,100.511627,15.4,-0.15,0.0,-0.2,87.9,87.9,0.0,0.0,0.01,24.9,100,AUTO.LOITER,0,0
2026-08-18T01:37:11,1786991831,13.822803,100.511627,15.6,-0.16,0.0,-0.2,87.9,87.9,0.0,0.0,0.02,24.9,100,AUTO.LOITER,0,0
2026-08-18T01:37:12,1786991832,13.822803,100.511627,15.6,-0.16,0.0,-0.2,87.9,87.9,0.01,0.0,0.02,24.9,100,AUTO.LOITER,0,0
2026-08-18T01:37:13,1786991833,13.822803,100.511627,15.6,-0.16,0.1,-0.2,87.9,87.9,0.0,0.0,0.02,24.9,100,AUTO.LOITER,0,0
2026-08-18T01:37:14,1786991834,13.822803,100.511627,15.6,-0.16,0.1,-0.2,87.9,87.9,0.0,0.0,0.02,24.9,100,AUTO.LOITER,0,0
2026-08-18T01:37:15,1786991835,13.822803,100.511627,15.4,-0.16,0.1,-0.2,87.9,87.9,0.0,0.0,0.02,24.9,100,AUTO.LOITER,0,0
2026-08-18T01:37:16,1786991836,13.822803,100.511627,15.6,-0.15,0.1,-0.2,87.9,87.9,0.01,0.01,0.0,24.9,100,AUTO.LOITER,0,0
2026-08-18T01:37:17,1786991837,13.822803,100.511627,15.6,-0.14,0.1,-0.1,87.9,87.9,0.0,0.0,0.0,24.9,100,AUTO.LOITER,0,0
2026-08-18T01:37:18,1786991838,13.822803,100.511627,15.6,-0.14,0.1,-0.1,87.9,87.9,0.01,-0.01,0.0,24.9,100,AUTO.LOITER,0,0
2026-08-18T01:37:19,1786991839,13.822803,100.511627,15.6,-0.14,0.1,-0.1,87.9,87.9,0.01,0.0,0.0,24.9,100,AUTO.LOITER,0,0
2026-08-18T01:37:20,1786991840,13.822803,100.511627,15.6,-0.14,0.1,-0.1,87.9,87.9,0.01,0.0,0.0,24.9,100,AUTO.LOITER,0,0
2026-08-18T01:37:21,1786991841,13.822803,100.511627,15.6,-0.14,0.1,-0.1,87.9,87.9,0.0,0.0,0.0,24.9,100,AUTO.LOITER,0,0
2026-08-18T01:37:22,1786991842,13.822803,100.511627,15.4,-0.14,0.2,-0.0,87.9,87.9,0.0,0.0,0.0,24.9,100,AUTO.LOITER,0,0
2026-08-18T01:37:23,1786991843,13.822803,100.511627,15.6,-0.14,0.2,-0.0,87.9,87.9,0.0,0.0,0.0,24.9,100,AUTO.LOITER,0,0
2026-08-18T01:37:24,1786991844,13.822803,100.511627,15.6,-0.14,0.2,-0.0,87.9,87.9,0.0,0.0,0.0,24.9,100,AUTO.LOITER,0,0
2026-08-18T01:37:25,1786991845,13.822803,100.511627,15.6,-0.13,0.2,0.0,87.9,87.9,0.0,0.0,-0.01,24.9,100,AUTO.LOITER,0,0
2026-08-18T01:37:26,1786991846,13.822803,100.511627,15.6,-0.12,0.2,0.0,87.9,87.9,0.0,0.0,-0.01,24.9,100,AUTO.LOITER,0,0
2026-08-18T01:37:27,1786991847,13.822803,100.511627,15.6,-0.12,0.2,0.0,87.9,87.9,-0.01,0.0,-0.01,24.9,100,AUTO.LOITER,0,0
2026-08-18T01:37:28,1786991848,13.822803,100.511627,15.6,-0.13,0.1,0.0,87.9,87.9,-0.01,0.0,0.0,24.9,100,AUTO.LOITER,0,0
2026-08-18T01:37:29,1786991849,13.822803,100.511627,15.6,-0.14,0.1,0.0,87.9,87.9,0.0,0.0,0.0,24.9,100,AUTO.LOITER,0,0
2026-08-18T01:37:30,1786991850,13.822803,100.511627,15.6,-0.14,0.1,0.0,87.9,87.9,-0.01,0.0,0.0,24.9,100,AUTO.LOITER,0,0
2026-08-18T01:37:31,1786991851,13.822803,100.511627,15.4,-0.14,0.1,0.0,87.9,87.9,-0.01,0.0,0.0,24.9,100,AUTO.LOITER,0,0
2026-08-18T01:37:32,1786991852,13.822803,100.511627,15.4,-0.14,0.1,0.0,87.8,87.8,-0.01,0.0,0.0,24.9,100,AUTO.LOITER,0,0
2026-08-18T01:37:33,1786991853,13.822803,100.511627,15.4,-0.14,0.1,0.0,87.8,87.8,-0.01,0.0,0.0,24.9,100,AUTO.LOITER,0,0
2026-08-18T01:37:34,1786991854,13.822803,100.511627,15.3,-0.14,0.1,0.0,87.8,87.8,-0.01,0.0,0.0,24.9,100,AUTO.LOITER,0,0
2026-08-18T01:37:35,1786991855,13.822803,100.511627,15.3,-0.14,0.1,0.0,87.8,87.8,-0.01,0.0,0.0,24.9,100,AUTO.LOITER,0,0
2026-08-18T01:37:36,1786991857,13.822803,100.511627,15.6,-0.14,0.0,-0.0,87.9,87.9,0.01,-0.01,0.0,24.9,100,AUTO.LOITER,0,0
2026-08-18T01:37:37,1786991858,13.822803,100.511627,15.6,-0.14,0.0,-0.0,87.9,87.9,0.02,0.0,0.01,24.9,100,AUTO.LOITER,0,0
2026-08-18T01:37:38,1786991859,13.822803,100.511627,15.6,-0.15,0.1,-0.0,87.9,87.9,0.02,0.0,0.01,24.9,100,AUTO.LOITER,0,0
2026-08-18T01:37:39,1786991860,13.822803,100.511627,15.6,-0.15,0.1,-0.1,87.9,87.9,0.02,-0.01,0.01,24.9,100,AUTO.LOITER,0,0
2026-08-18T01:37:40,1786991861,13.822803,100.511626,15.6,-0.15,0.1,-0.1,88.0,88.0,0.01,-0.02,0.01,24.9,100,AUTO.LOITER,0,0
2026-08-18T01:37:41,1786991862,13.822803,100.511626,15.6,-0.14,0.1,-0.1,88.0,88.0,0.0,-0.02,0.0,24.9,100,AUTO.LOITER,0,0
2026-08-18T01:37:42,1786991863,13.822803,100.511627,15.6,-0.14,0.1,-0.1,87.9,87.9,0.0,-0.01,0.0,24.9,100,AUTO.LOITER,0,0
2026-08-18T01:37:43,1786991864,13.822803,100.511626,15.6,-0.14,0.1,-0.1,87.9,87.9,0.0,-0.02,0.0,24.9,100,AUTO.LOITER,0,0
2026-08-18T01:37:44,1786991865,13.822803,100.511626,15.6,-0.13,0.1,-0.2,87.9,87.9,-0.01,-0.01,-0.01,24.9,100,AUTO.LOITER,0,0
2026-08-18T01:37:45,1786991866,13.822803,100.511626,15.6,-0.12,0.0,-0.2,87.8,87.8,-0.02,-0.01,-0.02,24.9,100,AUTO.LOITER,0,0
2026-08-18T01:37:46,1786991867,13.822803,100.511626,15.6,-0.12,0.0,-0.2,87.8,87.8,0.0,-0.02,-0.02,24.9,100,AUTO.LOITER,0,0
2026-08-18T01:37:47,1786991868,13.822803,100.511627,15.5,-0.12,-0.0,-0.2,87.8,87.8,0.0,-0.02,-0.02,24.9,100,AUTO.LOITER,0,0
2026-08-18T01:37:48,1786991869,13.822803,100.511626,15.6,-0.12,-0.0,-0.2,87.8,87.8,0.0,-0.01,-0.01,24.9,100,AUTO.LOITER,0,0
2026-08-18T01:37:49,1786991870,13.822803,100.511626,15.6,-0.12,-0.0,-0.3,87.8,87.8,0.0,0.0,-0.02,24.9,100,AUTO.LOITER,0,0
2026-08-18T01:37:50,1786991871,13.822803,100.511627,15.6,-0.12,-0.0,-0.3,87.8,87.8,0.0,0.0,-0.02,24.9,100,AUTO.LOITER,0,0
2026-08-18T01:37:51,1786991872,13.822803,100.511627,15.6,-0.11,-0.0,-0.3,87.8,87.8,0.0,0.0,-0.03,24.9,100,AUTO.LOITER,0,0
2026-08-18T01:37:52,1786991873,13.822803,100.511627,15.6,-0.11,-0.1,-0.3,87.8,87.8,0.0,0.0,-0.03,24.9,100,AUTO.LOITER,0,0
2026-08-18T01:37:53,1786991874,13.822803,100.511627,15.6,-0.11,-0.1,-0.3,87.8,87.8,0.0,0.0,-0.03,24.9,100,AUTO.LOITER,0,0
2026-08-18T01:37:54,1786991875,13.822803,100.511626,15.6,-0.11,-0.1,-0.3,87.8,87.8,0.0,0.0,-0.02,24.9,100,AUTO.LOITER,0,0
2026-08-18T01:37:55,1786991876,13.822803,100.511626,15.6,-0.12,-0.1,-0.3,87.8,87.8,0.0,0.01,-0.01,24.9,100,AUTO.LOITER,0,0
2026-08-18T01:37:56,1786991877,13.822803,100.511627,15.6,-0.13,-0.1,-0.3,87.8,87.8,0.0,0.03,-0.01,24.9,100,AUTO.LOITER,0,0
2026-08-18T01:37:57,1786991878,13.822803,100.511627,15.6,-0.13,-0.1,-0.3,87.8,87.8,-0.01,0.03,0.0,24.9,100,AUTO.LOITER,0,0
2026-08-18T01:37:58,1786991879,13.822803,100.511627,15.4,-0.13,-0.2,-0.2,87.8,87.8,-0.01,0.03,0.0,24.9,100,AUTO.LOITER,0,0
2026-08-18T01:37:59,1786991880,13.822803,100.511627,15.4,-0.14,-0.2,-0.2,87.8,87.8,0.0,0.03,0.0,24.9,100,AUTO.LOITER,0,0
2026-08-18T01:38:00,1786991881,13.822803,100.511627,15.6,-0.14,-0.2,-0.2,87.7,87.7,0.0,0.02,0.0,24.9,100,AUTO.LOITER,0,0
2026-08-18T01:38:01,1786991882,13.822803,100.511627,15.6,-0.14,-0.2,-0.1,87.7,87.7,0.0,0.0,0.0,24.9,100,AUTO.LOITER,0,0
2026-08-18T01:38:02,1786991883,13.822803,100.511627,15.6,-0.14,-0.2,-0.1,87.6,87.6,0.01,-0.01,0.0,24.9,100,AUTO.LOITER,0,0
2026-08-18T01:38:03,1786991884,13.822803,100.511626,15.6,-0.14,-0.2,-0.1,87.6,87.6,0.01,-0.02,0.0,24.9,100,AUTO.LOITER,0,0
2026-08-18T01:38:04,1786991885,13.822803,100.511627,15.4,-0.14,-0.2,-0.2,87.5,87.5,0.01,-0.02,0.0,24.9,100,AUTO.LOITER,0,0
2026-08-18T01:38:05,1786991886,13.822803,100.511626,15.6,-0.12,-0.2,-0.2,87.5,87.5,0.03,0.0,-0.02,24.9,100,AUTO.LOITER,0,0
2026-08-18T01:38:06,1786991887,13.822803,100.511627,15.6,-0.11,-0.2,-0.2,87.5,87.5,0.02,0.0,-0.03,24.9,100,AUTO.LOITER,0,0
2026-08-18T01:38:07,1786991888,13.822803,100.511627,15.7,-0.1,-0.2,-0.2,87.5,87.5,0.02,0.0,-0.03,24.9,100,AUTO.LOITER,0,0
2026-08-18T01:38:08,1786991889,13.822803,100.511627,15.7,-0.11,-0.2,-0.2,87.5,87.5,0.0,0.03,-0.03,24.9,100,AUTO.LOITER,0,0
2026-08-18T01:38:09,1786991890,13.822803,100.511627,15.6,-0.11,-0.2,-0.2,87.5,87.5,0.0,0.04,-0.02,24.9,100,AUTO.LOITER,0,0
2026-08-18T01:38:10,1786991891,13.822803,100.511627,15.6,-0.12,-0.2,-0.2,87.5,87.5,0.0,0.04,-0.01,24.9,100,AUTO.LOITER,0,0
2026-08-18T01:38:11,1786991892,13.822803,100.511627,15.4,-0.12,-0.2,-0.2,87.5,87.5,0.0,0.04,-0.01,24.9,100,AUTO.LOITER,0,0
2026-08-18T01:38:12,1786991893,13.822803,100.511627,15.3,-0.13,-0.2,-0.2,87.6,87.6,0.0,0.04,-0.01,24.9,100,AUTO.LOITER,0,0
2026-08-18T01:38:13,1786991894,13.822803,100.511627,15.6,-0.13,-0.2,-0.1,87.6,87.6,0.0,0.02,0.0,24.9,100,AUTO.LOITER,0,0
2026-08-18T01:38:14,1786991895,13.822803,100.511627,15.6,-0.13,-0.2,-0.1,87.5,87.5,0.02,0.01,-0.01,24.9,100,AUTO.LOITER,0,0
2026-08-18T01:38:15,1786991896,13.822803,100.511627,15.6,-0.13,-0.2,-0.1,87.5,87.5,0.01,0.01,-0.01,24.9,100,AUTO.LOITER,0,0
2026-08-18T01:38:16,1786991897,13.822803,100.511627,15.6,-0.13,-0.2,-0.1,87.5,87.5,0.0,0.01,-0.01,24.9,100,AUTO.LOITER,0,0
2026-08-18T01:38:17,1786991898,13.822803,100.511627,15.6,-0.13,-0.2,-0.1,87.5,87.5,0.0,0.01,-0.01,24.9,100,AUTO.LOITER,0,0
2026-08-18T01:38:18,1786991899,13.822803,100.511627,15.4,-0.13,-0.2,-0.1,87.5,87.5,0.0,0.01,-0.01,24.9,100,AUTO.LOITER,0,0
2026-08-18T01:38:19,1786991900,13.822803,100.511627,15.4,-0.13,-0.2,-0.1,87.5,87.5,0.0,0.01,-0.01,24.9,100,AUTO.LOITER,0,0
2026-08-18T01:38:20,1786991901,13.822803,100.511627,15.6,-0.11,-0.2,-0.1,87.5,87.5,0.02,0.0,-0.03,24.9,100,AUTO.LOITER,0,0
2026-08-18T01:38:21,1786991902,13.822803,100.511627,15.6,-0.11,-0.2,-0.1,87.5,87.5,0.02,0.0,-0.03,24.9,100,AUTO.LOITER,0,0
2026-08-18T01:38:22,1786991903,13.822803,100.511627,15.6,-0.11,-0.2,-0.1,87.5,87.5,0.02,0.0,-0.03,24.9,100,AUTO.LOITER,0,0
2026-08-18T01:38:23,1786991904,13.822803,100.511627,15.7,-0.09,-0.1,-0.0,87.3,87.3,0.01,-0.01,-0.05,24.9,100,AUTO.LOITER,0,0
2026-08-18T01:38:24,1786991905,13.822803,100.511627,15.4,-0.09,-0.1,-0.0,87.3,87.3,0.01,-0.01,-0.05,24.9,100,AUTO.LOITER,0,0
2026-08-18T01:38:25,1786991906,13.822803,100.511626,15.7,-0.09,-0.1,-0.1,87.3,87.3,0.0,-0.01,-0.04,24.9,100,AUTO.LOITER,0,0
2026-08-18T01:38:26,1786991907,13.822803,100.511627,15.7,-0.1,-0.1,-0.1,87.3,87.3,0.0,0.0,-0.04,24.9,100,AUTO.LOITER,0,0
2026-08-18T01:38:27,1786991908,13.822803,100.511627,15.7,-0.1,-0.1,-0.1,87.3,87.3,0.0,0.0,-0.04,24.9,100,AUTO.LOITER,0,0
2026-08-18T01:38:28,1786991909,13.822803,100.511627,15.7,-0.1,-0.1,-0.1,87.3,87.3,0.0,0.0,-0.04,24.9,100,AUTO.LOITER,0,0
2026-08-18T01:38:29,1786991910,13.822803,100.511627,15.7,-0.1,-0.1,-0.1,87.3,87.3,0.0,0.0,-0.04,24.9,100,AUTO.LOITER,0,0
2026-08-18T01:38:30,1786991911,13.822803,100.511627,15.7,-0.09,-0.1,-0.1,87.3,87.3,0.01,0.01,-0.05,24.9,100,AUTO.LOITER,0,0
2026-08-18T01:38:31,1786991912,13.822803,100.511627,15.7,-0.09,-0.1,-0.1,87.3,87.3,0.0,0.0,-0.05,24.9,100,AUTO.LOITER,0,0
2026-08-18T01:38:32,1786991913,13.822803,100.511627,15.7,-0.09,-0.0,-0.1,87.3,87.3,0.0,-0.01,-0.05,24.9,100,AUTO.LOITER,0,0
2026-08-18T01:38:33,1786991914,13.822803,100.511626,15.7,-0.09,-0.0,-0.1,87.3,87.3,0.0,-0.01,-0.04,24.9,100,AUTO.LOITER,0,0
2026-08-18T01:38:34,1786991915,13.822803,100.511627,15.7,-0.1,-0.0,-0.1,87.3,87.3,0.0,-0.01,-0.04,24.9,100,AUTO.LOITER,0,0
2026-08-18T01:38:35,1786991916,13.822803,100.511626,15.7,-0.1,-0.0,-0.1,87.3,87.3,0.0,-0.02,-0.04,24.9,100,AUTO.LOITER,0,0
2026-08-18T01:38:36,1786991917,13.822803,100.511626,15.7,-0.1,-0.0,-0.1,87.3,87.3,0.0,-0.02,-0.04,24.9,100,AUTO.LOITER,0,0
2026-08-18T01:38:37,1786991918,13.822803,100.511627,15.4,-0.1,-0.0,-0.1,87.3,87.3,0.0,-0.02,-0.04,24.9,100,AUTO.LOITER,0,0
2026-08-18T01:38:38,1786991919,13.822803,100.511627,15.4,-0.1,-0.0,-0.1,87.2,87.2,0.0,-0.02,-0.04,24.9,100,AUTO.LOITER,0,0
2026-08-18T01:38:39,1786991920,13.822803,100.511627,15.7,-0.11,-0.0,-0.1,87.2,87.2,-0.02,0.01,-0.03,24.9,100,AUTO.LOITER,0,0
2026-08-18T01:38:40,1786991921,13.822803,100.511627,15.7,-0.11,-0.0,-0.1,87.2,87.2,0.0,0.01,-0.03,24.9,100,AUTO.LOITER,0,0
2026-08-18T01:38:41,1786991922,13.822803,100.511627,15.7,-0.11,-0.0,-0.1,87.2,87.2,0.0,0.0,-0.03,24.9,100,AUTO.LOITER,0,0
2026-08-18T01:38:42,1786991923,13.822803,100.511627,15.7,-0.1,0.0,-0.1,87.2,87.2,0.0,0.0,-0.04,24.9,100,AUTO.LOITER,0,0
2026-08-18T01:38:43,1786991924,13.822803,100.511627,15.7,-0.1,0.0,-0.1,87.2,87.2,0.0,0.0,-0.04,24.9,100,AUTO.LOITER,0,0
2026-08-18T01:38:44,1786991925,13.822803,100.511627,15.7,-0.1,0.0,-0.1,87.1,87.1,0.0,0.0,-0.03,24.9,100,AUTO.LOITER,0,0
2026-08-18T01:38:45,1786991926,13.822803,100.511627,15.7,-0.11,0.0,-0.1,87.1,87.1,0.0,0.0,-0.02,24.9,100,AUTO.LOITER,0,0
2026-08-18T01:38:46,1786991927,13.822803,100.511627,15.6,-0.12,0.1,-0.1,87.1,87.1,0.0,0.0,-0.01,24.9,100,AUTO.LOITER,0,0
2026-08-18T01:38:47,1786991928,13.822803,100.511627,15.6,-0.12,0.1,-0.1,87.1,87.1,0.0,0.0,-0.01,24.9,100,AUTO.LOITER,0,0
2026-08-18T01:38:48,1786991929,13.822803,100.511626,15.6,-0.12,0.1,-0.1,87.1,87.1,-0.01,-0.01,-0.01,24.9,100,AUTO.LOITER,0,0
2026-08-18T01:38:49,1786991930,13.822804,100.511627,15.4,-0.12,0.1,-0.2,87.1,87.1,-0.01,-0.01,-0.01,24.9,100,AUTO.LOITER,0,0
2026-08-18T01:38:50,1786991931,13.822803,100.511627,15.4,-0.12,0.1,-0.2,87.1,87.1,-0.02,-0.02,-0.02,24.9,100,AUTO.LOITER,0,0
2026-08-18T01:38:51,1786991932,13.822803,100.511626,15.6,-0.11,0.1,-0.2,87.1,87.1,-0.02,-0.03,-0.03,24.9,100,AUTO.LOITER,0,0
2026-08-18T01:38:52,1786991933,13.822803,100.511626,15.7,-0.11,0.0,-0.3,87.1,87.1,-0.03,-0.03,-0.03,24.9,100,AUTO.LOITER,0,0
2026-08-18T01:38:53,1786991934,13.822803,100.511626,15.7,-0.1,0.0,-0.3,87.1,87.1,-0.01,-0.02,-0.03,24.9,100,AUTO.LOITER,0,0
2026-08-18T01:38:54,1786991935,13.822803,100.511627,15.7,-0.1,-0.0,-0.4,87.2,87.2,0.0,0.0,-0.04,24.9,100,AUTO.LOITER,0,0
2026-08-18T01:38:55,1786991936,13.822803,100.511627,15.7,-0.1,0.0,-0.4,87.1,87.1,0.01,0.01,-0.04,24.9,100,AUTO.LOITER,0,0
2026-08-18T01:38:56,1786991937,13.822803,100.511627,15.7,-0.1,0.0,-0.4,87.1,87.1,0.0,0.01,-0.04,24.9,100,AUTO.LOITER,0,0
2026-08-18T01:38:57,1786991938,13.822803,100.511627,15.7,-0.09,0.0,-0.4,87.1,87.1,0.0,0.01,-0.05,24.9,100,AUTO.LOITER,0,0
2026-08-18T01:38:58,1786991939,13.822803,100.511627,15.7,-0.09,0.0,-0.4,87.1,87.1,0.0,0.01,-0.05,24.9,100,AUTO.LOITER,0,0
2026-08-18T01:38:59,1786991940,13.822803,100.511627,15.7,-0.09,0.0,-0.4,87.1,87.1,0.0,0.01,-0.05,24.9,100,AUTO.LOITER,0,0
2026-08-18T01:39:00,1786991941,13.822803,100.511627,15.7,-0.09,0.0,-0.4,87.1,87.1,0.0,0.01,-0.05,24.9,100,AUTO.LOITER,0,0
2026-08-18T01:39:01,1786991942,13.822803,100.511627,15.7,-0.09,0.0,-0.4,87.1,87.1,0.0,0.01,-0.05,24.9,100,AUTO.LOITER,0,0
2026-08-18T01:39:02,1786991943,13.822803,100.511627,15.4,-0.09,0.0,-0.4,87.1,87.1,0.0,0.01,-0.05,24.9,100,AUTO.LOITER,0,0
2026-08-18T01:39:03,1786991944,13.822803,100.511627,15.7,-0.08,0.0,-0.4,87.1,87.1,0.0,0.02,-0.06,24.9,100,AUTO.LOITER,0,0
2026-08-18T01:39:04,1786991945,13.822803,100.511627,15.7,-0.08,0.0,-0.4,87.1,87.1,0.0,0.02,-0.06,24.9,100,AUTO.LOITER,0,0
2026-08-18T01:39:05,1786991946,13.822803,100.511627,15.7,-0.08,0.0,-0.4,87.1,87.1,0.0,0.02,-0.06,24.9,100,AUTO.LOITER,0,0
2026-08-18T01:39:06,1786991947,13.822803,100.511627,15.7,-0.08,0.0,-0.4,87.1,87.1,0.0,0.02,-0.06,24.9,100,AUTO.LOITER,0,0
2026-08-18T01:39:07,1786991948,13.822803,100.511627,15.7,-0.08,0.0,-0.4,87.1,87.1,0.0,0.02,-0.06,24.9,100,AUTO.LOITER,0,0
2026-08-18T01:39:08,1786991949,13.822803,100.511627,15.7,-0.08,0.0,-0.4,87.1,87.1,0.0,0.02,-0.06,24.9,100,AUTO.LOITER,0,0
2026-08-18T01:39:09,1786991950,13.822803,100.511627,15.7,-0.08,0.0,-0.4,87.1,87.1,0.0,0.02,-0.06,24.9,100,AUTO.LOITER,0,0
2026-08-18T01:39:10,1786991951,13.822803,100.511627,15.7,-0.08,0.0,-0.4,87.1,87.1,0.0,0.02,-0.06,24.9,100,AUTO.LOITER,0,0
2026-08-18T01:39:11,1786991952,13.822803,100.511627,15.7,-0.08,0.0,-0.4,87.1,87.1,0.0,0.02,-0.06,24.9,100,AUTO.LOITER,0,0
2026-08-18T01:39:12,1786991953,13.822803,100.511627,15.7,-0.08,0.0,-0.4,87.1,87.1,0.0,0.02,-0.06,24.9,100,AUTO.LOITER,0,0
2026-08-18T01:39:13,1786991954,13.822803,100.511627,15.4,-0.08,0.0,-0.4,87.1,87.1,0.0,0.02,-0.06,24.9,100,AUTO.LOITER,0,0
2026-08-18T01:39:14,1786991955,13.822803,100.511627,15.7,-0.08,0.0,-0.4,87.1,87.1,0.01,0.01,-0.06,24.9,100,AUTO.LOITER,0,0
2026-08-18T01:39:15,1786991956,13.822803,100.511627,15.7,-0.08,-0.0,-0.4,87.1,87.1,0.01,0.01,-0.06,24.9,100,AUTO.LOITER,0,0
2026-08-18T01:39:16,1786991957,13.822803,100.511627,15.7,-0.08,-0.0,-0.4,87.1,87.1,0.01,0.01,-0.06,24.9,100,AUTO.LOITER,0,0
2026-08-18T01:39:17,1786991958,13.822803,100.511627,15.7,-0.08,-0.0,-0.4,87.1,87.1,0.01,0.01,-0.06,24.9,100,AUTO.LOITER,0,0
2026-08-18T01:39:18,1786991959,13.822803,100.511627,15.7,-0.08,-0.0,-0.4,87.1,87.1,0.01,0.01,-0.06,24.9,100,AUTO.LOITER,0,0
2026-08-18T01:39:19,1786991960,13.822804,100.511627,15.4,-0.08,-0.0,-0.4,87.1,87.1,0.01,0.01,-0.06,24.9,100,AUTO.LOITER,0,0
2026-08-18T01:39:20,1786991961,13.822803,100.511627,15.7,-0.08,-0.0,-0.4,87.1,87.1,0.01,0.01,-0.05,24.9,100,AUTO.LOITER,0,0
2026-08-18T01:39:21,1786991962,13.822803,100.511627,15.7,-0.08,0.0,-0.4,87.0,87.0,0.01,0.01,-0.05,24.9,100,AUTO.LOITER,0,0
2026-08-18T01:39:22,1786991963,13.822803,100.511627,15.7,-0.08,0.0,-0.4,87.0,87.0,0.01,0.01,-0.05,24.9,100,AUTO.LOITER,0,0
2026-08-18T01:39:23,1786991964,13.822803,100.511627,15.7,-0.08,0.0,-0.4,87.0,87.0,0.01,0.01,-0.05,24.9,100,AUTO.LOITER,0,0
2026-08-18T01:39:24,1786991965,13.822803,100.511627,15.7,-0.08,0.0,-0.4,87.0,87.0,0.01,0.01,-0.05,24.9,100,AUTO.LOITER,0,0
2026-08-18T01:39:25,1786991966,13.822803,100.511627,15.7,-0.08,0.0,-0.4,87.0,87.0,0.0,0.01,-0.06,24.9,100,AUTO.LOITER,0,0
2026-08-18T01:39:26,1786991967,13.822803,100.511627,15.7,-0.08,0.0,-0.4,87.0,87.0,0.0,0.01,-0.06,24.9,100,AUTO.LOITER,0,0
2026-08-18T01:39:27,1786991968,13.822803,100.511627,15.7,-0.08,0.0,-0.4,87.0,87.0,0.0,0.01,-0.06,24.9,100,AUTO.LOITER,0,0
2026-08-18T01:39:28,1786991969,13.822803,100.511627,15.7,-0.08,0.0,-0.4,87.0,87.0,0.0,0.01,-0.06,24.9,100,AUTO.LOITER,0,0
2026-08-18T01:39:29,1786991970,13.822803,100.511627,15.7,-0.08,0.0,-0.4,87.0,87.0,0.0,0.01,-0.06,24.9,100,AUTO.LOITER,0,0
2026-08-18T01:39:30,1786991971,13.822803,100.511627,15.4,-0.08,0.0,-0.4,87.0,87.0,0.0,0.01,-0.06,24.9,100,AUTO.LOITER,0,0
2026-08-18T01:39:31,1786991972,13.822803,100.511627,15.7,-0.08,0.0,-0.4,87.0,87.0,-0.01,0.02,-0.07,24.9,100,AUTO.LOITER,0,0
2026-08-18T01:39:32,1786991973,13.822803,100.511627,15.7,-0.08,0.0,-0.4,87.0,87.0,-0.01,0.02,-0.07,24.9,100,AUTO.LOITER,0,0
2026-08-18T01:39:33,1786991974,13.822803,100.511627,15.7,-0.08,0.0,-0.4,87.0,87.0,-0.01,0.02,-0.07,24.9,100,AUTO.LOITER,0,0
2026-08-18T01:39:34,1786991975,13.822803,100.511627,15.7,-0.08,0.0,-0.4,87.0,87.0,-0.01,0.02,-0.07,24.9,100,AUTO.LOITER,0,0
2026-08-18T01:39:35,1786991976,13.822803,100.511627,15.7,-0.08,0.0,-0.3,87.1,87.1,-0.01,0.02,-0.07,24.9,100,AUTO.LOITER,0,0
2026-08-18T01:39:36,1786991977,13.822803,100.511627,15.4,-0.08,0.0,-0.3,87.1,87.1,-0.01,0.02,-0.07,24.9,100,AUTO.LOITER,0,0
2026-08-18T01:39:37,1786991978,13.822803,100.511627,15.7,-0.07,0.0,-0.3,87.1,87.1,0.0,0.03,-0.07,24.9,100,AUTO.LOITER,0,0
2026-08-18T01:39:38,1786991979,13.822803,100.511627,15.7,-0.07,0.0,-0.3,87.1,87.1,0.0,0.03,-0.07,24.9,100,AUTO.LOITER,0,0
2026-08-18T01:39:39,1786991980,13.822803,100.511627,15.7,-0.07,0.0,-0.3,87.1,87.1,0.0,0.03,-0.07,24.9,100,AUTO.LOITER,0,0
2026-08-18T01:39:40,1786991981,13.822803,100.511627,15.7,-0.07,0.0,-0.3,87.1,87.1,0.0,0.03,-0.07,24.9,100,AUTO.LOITER,0,0
2026-08-18T01:39:41,1786991982,13.822803,100.511627,15.7,-0.07,0.0,-0.3,87.1,87.1,0.0,0.03,-0.07,24.9,100,AUTO.LOITER,0,0
2026-08-18T01:39:42,1786991983,13.822803,100.511627,15.7,-0.07,0.0,-0.3,87.1,87.1,0.0,0.03,-0.07,24.9,100,AUTO.LOITER,0,0
2026-08-18T01:39:43,1786991984,13.822803,100.511627,15.7,-0.07,0.0,-0.3,87.1,87.1,0.0,0.03,-0.07,24.9,100,AUTO.LOITER,0,0
2026-08-18T01:39:44,1786991985,13.822803,100.511627,15.7,-0.07,0.0,-0.3,87.1,87.1,0.0,0.03,-0.07,24.9,100,AUTO.LOITER,0,0
2026-08-18T01:39:45,1786991986,13.822803,100.511627,15.7,-0.07,0.0,-0.3,87.1,87.1,0.0,0.03,-0.07,24.9,100,AUTO.LOITER,0,0
2026-08-18T01:39:46,1786991987,13.822803,100.511627,15.7,-0.07,0.0,-0.3,87.1,87.1,0.0,0.03,-0.07,24.9,100,AUTO.LOITER,0,0
2026-08-18T01:39:47,1786991988,13.822803,100.511627,15.4,-0.07,0.0,-0.3,87.1,87.1,0.0,0.03,-0.07,24.9,100,AUTO.LOITER,0,0
2026-08-18T01:39:48,1786991989,13.822803,100.511627,15.7,-0.08,0.0,-0.3,87.1,87.1,0.0,0.04,-0.05,24.9,100,AUTO.LOITER,0,0
2026-08-18T01:39:49,1786991990,13.822803,100.511627,15.7,-0.08,-0.0,-0.3,87.1,87.1,0.0,0.04,-0.05,24.9,100,AUTO.LOITER,0,0
2026-08-18T01:39:50,1786991991,13.822803,100.511627,15.7,-0.08,-0.0,-0.3,87.1,87.1,0.0,0.04,-0.05,24.9,100,AUTO.LOITER,0,0
2026-08-18T01:39:51,1786991992,13.822803,100.511627,15.7,-0.08,-0.0,-0.3,87.1,87.1,0.0,0.04,-0.05,24.9,100,AUTO.LOITER,0,0
2026-08-18T01:39:52,1786991993,13.822803,100.511627,15.7,-0.08,-0.0,-0.3,87.1,87.1,0.0,0.04,-0.05,24.9,100,AUTO.LOITER,0,0
2026-08-18T01:39:53,1786991994,13.822803,100.511627,15.4,-0.08,-0.0,-0.3,87.1,87.1,0.0,0.04,-0.05,24.9,100,AUTO.LOITER,0,0
2026-08-18T01:39:54,1786991995,13.822803,100.511627,15.7,-0.09,-0.0,-0.3,87.1,87.1,-0.01,0.03,-0.04,24.9,100,AUTO.LOITER,0,0
2026-08-18T01:39:55,1786991996,13.822803,100.511627,15.7,-0.09,-0.0,-0.2,87.1,87.1,-0.01,0.03,-0.04,24.9,100,AUTO.LOITER,0,0
2026-08-18T01:39:56,1786991997,13.822803,100.511627,15.7,-0.09,-0.0,-0.2,87.1,87.1,-0.01,0.03,-0.04,24.9,100,AUTO.LOITER,0,0
2026-08-18T01:39:57,1786991998,13.822803,100.511627,15.7,-0.09,-0.0,-0.2,87.1,87.1,-0.01,0.03,-0.04,24.9,100,AUTO.LOITER,0,0
2026-08-18T01:39:58,1786991999,13.822803,100.511627,15.7,-0.09,-0.0,-0.2,87.1,87.1,-0.01,0.03,-0.04,24.9,100,AUTO.LOITER,0,0
2026-08-18T01:39:59,1786992000,13.822803,100.511627,15.7,-0.09,-0.0,-0.2,87.1,87.1,-0.01,0.03,-0.04,24.9,100,AUTO.LOITER,0,0
2026-08-18T01:40:00,1786992001,13.822803,100.511627,15.7,-0.09,-0.0,-0.2,87.1,87.1,-0.01,0.03,-0.04,24.9,100,AUTO.LOITER,0,0
2026-08-18T01:40:01,1786992002,13.822803,100.511627,15.7,-0.09,-0.0,-0.2,87.1,87.1,-0.01,0.03,-0.04,24.9,100,AUTO.LOITER,0,0
2026-08-18T01:40:02,1786992003,13.822803,100.511627,15.7,-0.09,-0.0,-0.2,87.1,87.1,-0.01,0.03,-0.04,24.9,100,AUTO.LOITER,0,0
2026-08-18T01:40:03,1786992004,13.822803,100.511627,15.7,-0.09,-0.0,-0.2,87.1,87.1,-0.01,0.03,-0.04,24.9,100,AUTO.LOITER,0,0
2026-08-18T01:40:04,1786992005,13.822803,100.511627,15.4,-0.09,-0.0,-0.2,87.1,87.1,-0.01,0.03,-0.04,24.9,100,AUTO.LOITER,0,0
2026-08-18T01:40:05,1786992006,13.822803,100.511627,15.7,-0.1,-0.0,-0.2,87.1,87.1,0.0,0.0,-0.02,24.9,100,AUTO.LOITER,0,0
2026-08-18T01:40:06,1786992007,13.822803,100.511627,15.7,-0.1,-0.1,-0.2,87.1,87.1,0.0,0.0,-0.02,24.9,100,AUTO.LOITER,0,0
2026-08-18T01:40:07,1786992008,13.822803,100.511627,15.7,-0.1,-0.1,-0.2,87.1,87.1,0.0,0.0,-0.02,24.9,100,AUTO.LOITER,0,0
2026-08-18T01:40:08,1786992009,13.822803,100.511627,15.7,-0.1,-0.1,-0.2,87.1,87.1,0.0,0.0,-0.02,24.9,100,AUTO.LOITER,0,0
2026-08-18T01:40:09,1786992010,13.822803,100.511627,15.7,-0.1,-0.1,-0.2,87.1,87.1,0.0,0.0,-0.02,24.9,100,AUTO.LOITER,0,0
2026-08-18T01:40:10,1786992011,13.822803,100.511627,15.4,-0.1,-0.1,-0.2,87.1,87.1,0.0,0.0,-0.02,24.9,100,AUTO.LOITER,0,0
2026-08-18T01:40:11,1786992012,13.822803,100.511627,15.7,-0.11,-0.1,-0.2,87.1,87.1,0.0,0.0,-0.02,24.9,100,AUTO.LOITER,0,0
2026-08-18T01:40:12,1786992013,13.822803,100.511627,15.7,-0.11,-0.1,-0.2,87.1,87.1,0.0,0.0,-0.02,24.9,100,AUTO.LOITER,0,0
2026-08-18T01:40:13,1786992014,13.822803,100.511627,15.7,-0.11,-0.1,-0.2,87.1,87.1,0.0,0.0,-0.02,24.9,100,AUTO.LOITER,0,0
2026-08-18T01:40:14,1786992015,13.822803,100.511627,15.7,-0.11,-0.1,-0.2,87.1,87.1,0.0,0.0,-0.02,24.9,100,AUTO.LOITER,0,0
2026-08-18T01:40:15,1786992016,13.822803,100.511627,15.7,-0.11,-0.1,-0.2,87.1,87.1,0.0,0.0,-0.02,24.9,100,AUTO.LOITER,0,0
2026-08-18T01:40:16,1786992017,13.822803,100.511627,15.7,-0.11,-0.1,-0.2,87.1,87.1,0.0,-0.02,-0.02,24.9,100,AUTO.LOITER,0,0
2026-08-18T01:40:17,1786992018,13.822803,100.511627,15.7,-0.11,-0.1,-0.2,87.1,87.1,0.0,-0.02,-0.02,24.9,100,AUTO.LOITER,0,0
2026-08-18T01:40:19,1786992019,13.822803,100.511627,15.7,-0.11,-0.1,-0.2,87.1,87.1,0.0,-0.02,-0.02,24.9,100,AUTO.LOITER,0,0
2026-08-18T01:40:20,1786992020,13.822803,100.511627,15.7,-0.11,-0.1,-0.2,87.1,87.1,0.0,-0.02,-0.02,24.9,100,AUTO.LOITER,0,0
2026-08-18T01:40:21,1786992021,13.822803,100.511627,15.7,-0.11,-0.1,-0.2,87.1,87.1,0.0,-0.02,-0.02,24.9,100,AUTO.LOITER,0,0
2026-08-18T01:40:22,1786992022,13.822803,100.511627,15.4,-0.11,-0.1,-0.2,87.1,87.1,0.0,-0.02,-0.02,24.9,100,AUTO.LOITER,0,0
2026-08-18T01:40:23,1786992023,13.822803,100.511627,15.7,-0.1,-0.1,-0.2,87.1,87.1,0.0,-0.02,-0.03,24.9,100,AUTO.LOITER,0,0
2026-08-18T01:40:24,1786992024,13.822803,100.511627,15.7,-0.1,-0.1,-0.2,87.2,87.2,0.0,-0.02,-0.03,24.9,100,AUTO.LOITER,0,0
2026-08-18T01:40:25,1786992025,13.822803,100.511627,15.7,-0.1,-0.1,-0.2,87.2,87.2,0.0,-0.02,-0.03,24.9,100,AUTO.LOITER,0,0
2026-08-18T01:40:26,1786992026,13.822803,100.511627,15.7,-0.1,-0.1,-0.2,87.2,87.2,0.0,-0.02,-0.03,24.9,100,AUTO.LOITER,0,0
2026-08-18T01:40:27,1786992027,13.822803,100.511627,15.7,-0.1,-0.1,-0.2,87.2,87.2,0.0,-0.02,-0.03,24.9,100,AUTO.LOITER,0,0
2026-08-18T01:40:28,1786992028,13.822803,100.511627,15.4,-0.1,-0.1,-0.2,87.2,87.2,0.0,-0.02,-0.03,24.9,100,AUTO.LOITER,0,0
2026-08-18T01:40:29,1786992029,13.822803,100.511627,15.7,-0.09,-0.1,-0.2,87.2,87.2,-0.01,-0.01,-0.04,24.9,100,AUTO.LOITER,0,0
2026-08-18T01:40:30,1786992030,13.822803,100.511627,15.7,-0.09,-0.2,-0.2,87.2,87.2,-0.01,-0.01,-0.04,24.9,100,AUTO.LOITER,0,0
2026-08-18T01:40:31,1786992031,13.822803,100.511627,15.7,-0.09,-0.2,-0.2,87.2,87.2,-0.01,-0.01,-0.04,24.9,100,AUTO.LOITER,0,0
2026-08-18T01:40:32,1786992032,13.822803,100.511627,15.7,-0.09,-0.2,-0.2,87.2,87.2,-0.01,-0.01,-0.04,24.9,100,AUTO.LOITER,0,0
2026-08-18T01:40:33,1786992033,13.822803,100.511627,15.7,-0.09,-0.2,-0.2,87.2,87.2,-0.01,-0.01,-0.04,24.9,100,AUTO.LOITER,0,0
2026-08-18T01:40:34,1786992034,13.822803,100.511627,15.3,-0.09,-0.2,-0.2,87.2,87.2,-0.01,-0.01,-0.04,24.9,100,AUTO.LOITER,0,0
2026-08-18T01:40:35,1786992035,13.822803,100.511627,15.7,-0.09,-0.2,-0.2,87.2,87.2,0.0,-0.01,-0.04,24.9,100,AUTO.LOITER,0,0
2026-08-18T01:40:36,1786992036,13.822803,100.511627,15.7,-0.09,-0.2,-0.2,87.2,87.2,0.0,-0.01,-0.04,24.9,100,AUTO.LOITER,0,0
2026-08-18T01:40:37,1786992037,13.822803,100.511627,15.7,-0.09,-0.2,-0.2,87.2,87.2,0.0,-0.01,-0.04,24.9,100,AUTO.LOITER,0,0
2026-08-18T01:40:38,1786992038,13.822803,100.511627,15.7,-0.09,-0.2,-0.2,87.2,87.2,0.0,-0.01,-0.04,24.9,100,AUTO.LOITER,0,0
2026-08-18T01:40:39,1786992039,13.822803,100.511627,15.4,-0.09,-0.2,-0.2,87.2,87.2,0.0,-0.01,-0.04,24.9,100,AUTO.LOITER,0,0
2026-08-18T01:40:40,1786992040,13.822803,100.511627,15.7,-0.1,-0.2,-0.2,87.2,87.2,0.0,0.0,-0.02,24.9,100,AUTO.LOITER,0,0
2026-08-18T01:40:41,1786992041,13.822803,100.511627,15.7,-0.1,-0.2,-0.2,87.2,87.2,0.0,0.0,-0.02,24.9,100,AUTO.LOITER,0,0
2026-08-18T01:40:42,1786992042,13.822803,100.511627,15.7,-0.1,-0.2,-0.2,87.2,87.2,0.0,0.0,-0.02,24.9,100,AUTO.LOITER,0,0
2026-08-18T01:40:43,1786992043,13.822803,100.511627,15.7,-0.1,-0.2,-0.2,87.2,87.2,0.0,0.0,-0.02,24.9,100,AUTO.LOITER,0,0
2026-08-18T01:40:44,1786992044,13.822803,100.511627,15.7,-0.1,-0.2,-0.3,87.2,87.2,0.0,0.0,-0.02,24.9,100,AUTO.LOITER,0,0
2026-08-18T01:40:45,1786992045,13.822803,100.511627,15.4,-0.1,-0.2,-0.3,87.2,87.2,0.0,0.0,-0.02,24.9,100,AUTO.LOITER,0,0
2026-08-18T01:40:46,1786992046,13.822803,100.511627,15.7,-0.11,-0.2,-0.3,87.2,87.2,0.01,0.0,-0.02,24.9,100,AUTO.LOITER,0,0
2026-08-18T01:40:47,1786992047,13.822803,100.511627,15.7,-0.11,-0.2,-0.3,87.2,87.2,0.01,0.0,-0.02,24.9,100,AUTO.LOITER,0,0
2026-08-18T01:40:48,1786992048,13.822803,100.511627,15.7,-0.11,-0.2,-0.3,87.2,87.2,0.01,0.0,-0.02,24.9,100,AUTO.LOITER,0,0
2026-08-18T01:40:49,1786992049,13.822803,100.511627,15.7,-0.11,-0.2,-0.3,87.2,87.2,0.01,0.0,-0.02,24.9,100,AUTO.LOITER,0,0
2026-08-18T01:40:50,1786992050,13.822803,100.511627,15.7,-0.11,-0.2,-0.3,87.2,87.2,0.01,0.0,-0.02,24.9,100,AUTO.LOITER,0,0
2026-08-18T01:40:51,1786992051,13.822803,100.511627,15.7,-0.11,-0.2,-0.3,87.2,87.2,0.01,0.0,-0.02,24.9,100,AUTO.LOITER,0,0
2026-08-18T01:40:52,1786992052,13.822803,100.511627,15.6,-0.11,-0.2,-0.3,87.2,87.2,0.01,0.0,-0.01,24.9,100,AUTO.LOITER,0,0
2026-08-18T01:40:53,1786992053,13.822803,100.511627,15.6,-0.11,-0.2,-0.3,87.2,87.2,0.01,0.0,-0.01,24.9,100,AUTO.LOITER,0,0
2026-08-18T01:40:54,1786992054,13.822803,100.511627,15.6,-0.11,-0.2,-0.3,87.2,87.2,0.01,0.0,-0.01,24.9,100,AUTO.LOITER,0,0
2026-08-18T01:40:55,1786992055,13.822803,100.511627,15.6,-0.11,-0.2,-0.3,87.3,87.3,0.01,0.0,-0.01,24.9,100,AUTO.LOITER,0,0
2026-08-18T01:40:56,1786992056,13.822803,100.511627,15.6,-0.11,-0.2,-0.3,87.3,87.3,0.01,0.0,-0.01,24.9,100,AUTO.LOITER,0,0
2026-08-18T01:40:57,1786992057,13.822803,100.511627,15.6,-0.12,-0.2,-0.3,87.3,87.3,0.02,0.0,-0.01,24.9,100,AUTO.LOITER,0,0
2026-08-18T01:40:58,1786992058,13.822803,100.511627,15.6,-0.12,-0.2,-0.2,87.2,87.2,0.02,0.0,-0.01,24.9,100,AUTO.LOITER,0,0
2026-08-18T01:40:59,1786992059,13.822803,100.511627,15.6,-0.12,-0.2,-0.2,87.2,87.2,0.02,0.0,-0.01,24.9,100,AUTO.LOITER,0,0
2026-08-18T01:41:00,1786992060,13.822803,100.511627,15.6,-0.12,-0.2,-0.2,87.2,87.2,0.02,0.0,-0.01,24.9,100,AUTO.LOITER,0,0
2026-08-18T01:41:01,1786992061,13.822803,100.511627,15.6,-0.12,-0.2,-0.2,87.2,87.2,0.02,0.0,-0.01,24.9,100,AUTO.LOITER,0,0
2026-08-18T01:41:02,1786992062,13.822803,100.511627,15.4,-0.12,-0.2,-0.2,87.2,87.2,0.02,0.0,-0.01,24.9,100,AUTO.LOITER,0,0
2026-08-18T01:41:03,1786992063,13.822803,100.511627,15.6,-0.12,-0.2,-0.2,87.2,87.2,0.02,0.0,0.0,24.9,100,AUTO.LOITER,0,0
2026-08-18T01:41:04,1786992064,13.822803,100.511627,15.6,-0.12,-0.2,-0.2,87.3,87.3,0.02,0.0,0.0,24.9,100,AUTO.LOITER,0,0
2026-08-18T01:41:05,1786992065,13.822803,100.511627,15.6,-0.12,-0.2,-0.2,87.3,87.3,0.02,0.0,0.0,24.9,100,AUTO.LOITER,0,0
2026-08-18T01:41:06,1786992066,13.822803,100.511627,15.6,-0.12,-0.2,-0.2,87.3,87.3,0.02,0.0,0.0,24.9,100,AUTO.LOITER,0,0
2026-08-18T01:41:07,1786992067,13.822803,100.511627,15.6,-0.12,-0.2,-0.2,87.3,87.3,0.02,0.0,0.0,24.9,100,AUTO.LOITER,0,0
2026-08-18T01:41:08,1786992068,13.822803,100.511627,15.4,-0.12,-0.2,-0.2,87.3,87.3,0.02,0.0,0.0,24.9,100,AUTO.LOITER,0,0
2026-08-18T01:41:09,1786992069,13.822803,100.511627,15.6,-0.12,-0.2,-0.2,87.3,87.3,0.04,0.01,0.0,24.9,100,AUTO.LOITER,0,0
2026-08-18T01:41:10,1786992070,13.822803,100.511627,15.6,-0.12,-0.2,-0.2,87.3,87.3,0.04,0.01,0.0,24.9,100,AUTO.LOITER,0,0
2026-08-18T01:41:11,1786992071,13.822803,100.511627,15.6,-0.12,-0.2,-0.2,87.3,87.3,0.04,0.01,0.0,24.9,100,AUTO.LOITER,0,0
2026-08-18T01:41:12,1786992072,13.822803,100.511627,15.6,-0.12,-0.2,-0.2,87.3,87.3,0.04,0.01,0.0,24.9,100,AUTO.LOITER,0,0
2026-08-18T01:41:13,1786992073,13.822803,100.511627,15.6,-0.12,-0.2,-0.2,87.3,87.3,0.04,0.01,0.0,24.9,100,AUTO.LOITER,0,0
2026-08-18T01:41:14,1786992074,13.822803,100.511627,15.6,-0.12,-0.2,-0.2,87.3,87.3,0.03,0.0,-0.01,24.9,100,AUTO.LOITER,0,0
2026-08-18T01:41:15,1786992075,13.822803,100.511627,15.6,-0.12,-0.2,-0.2,87.3,87.3,0.03,0.0,-0.01,24.9,100,AUTO.LOITER,0,0
2026-08-18T01:41:16,1786992076,13.822803,100.511627,15.6,-0.12,-0.2,-0.2,87.3,87.3,0.03,0.0,-0.01,24.9,100,AUTO.LOITER,0,0
2026-08-18T01:41:17,1786992077,13.822803,100.511627,15.6,-0.12,-0.2,-0.2,87.3,87.3,0.03,0.0,-0.01,24.9,100,AUTO.LOITER,0,0
2026-08-18T01:41:18,1786992078,13.822803,100.511627,15.6,-0.12,-0.2,-0.2,87.3,87.3,0.03,0.0,-0.01,24.9,100,AUTO.LOITER,0,0
2026-08-18T01:41:19,1786992079,13.822803,100.511627,15.4,-0.12,-0.2,-0.2,87.3,87.3,0.03,0.0,-0.01,24.9,100,AUTO.LOITER,0,0
2026-08-18T01:41:20,1786992080,13.822803,100.511627,15.6,-0.11,-0.2,-0.2,87.4,87.4,0.03,0.0,-0.02,24.9,100,AUTO.LOITER,0,0
2026-08-18T01:41:21,1786992081,13.822803,100.511627,15.6,-0.11,-0.2,-0.2,87.4,87.4,0.03,0.0,-0.02,24.9,100,AUTO.LOITER,0,0
2026-08-18T01:41:22,1786992082,13.822803,100.511627,15.6,-0.11,-0.2,-0.2,87.4,87.4,0.03,0.0,-0.02,24.9,100,AUTO.LOITER,0,0
2026-08-18T01:41:23,1786992083,13.822803,100.511627,15.6,-0.11,-0.2,-0.2,87.4,87.4,0.03,0.0,-0.02,24.9,100,AUTO.LOITER,0,0
2026-08-18T01:41:24,1786992084,13.822803,100.511627,15.6,-0.11,-0.2,-0.2,87.4,87.4,0.03,0.0,-0.02,24.9,100,AUTO.LOITER,0,0
2026-08-18T01:41:25,1786992085,13.822803,100.511627,15.7,-0.1,-0.2,-0.2,87.4,87.4,0.03,0.0,-0.03,24.9,100,AUTO.LOITER,0,0
2026-08-18T01:41:26,1786992086,13.822803,100.511627,15.7,-0.1,-0.2,-0.2,87.4,87.4,0.03,0.0,-0.03,24.9,100,AUTO.LOITER,0,0
2026-08-18T01:41:27,1786992087,13.822803,100.511627,15.7,-0.1,-0.2,-0.2,87.4,87.4,0.03,0.0,-0.03,24.9,100,AUTO.LOITER,0,0
2026-08-18T01:41:28,1786992088,13.822803,100.511627,15.7,-0.1,-0.2,-0.2,87.4,87.4,0.03,0.0,-0.03,24.9,100,AUTO.LOITER,0,0
2026-08-18T01:41:29,1786992089,13.822803,100.511627,15.7,-0.1,-0.2,-0.2,87.4,87.4,0.03,0.0,-0.03,24.9,100,AUTO.LOITER,0,0
2026-08-18T01:41:30,1786992090,13.822803,100.511627,15.4,-0.1,-0.2,-0.2,87.4,87.4,0.03,0.0,-0.03,24.9,100,AUTO.LOITER,0,0
2026-08-18T01:41:31,1786992091,13.822803,100.511627,15.7,-0.1,-0.2,-0.2,87.4,87.4,0.02,0.0,-0.04,24.9,100,AUTO.LOITER,0,0
2026-08-18T01:41:32,1786992093,13.822803,100.511627,15.7,-0.1,-0.1,-0.2,87.3,87.3,0.02,0.0,-0.04,24.9,100,AUTO.LOITER,0,0
2026-08-18T01:41:33,1786992094,13.822803,100.511627,15.7,-0.1,-0.1,-0.2,87.3,87.3,0.02,0.0,-0.04,24.9,100,AUTO.LOITER,0,0
2026-08-18T01:41:34,1786992095,13.822803,100.511627,15.7,-0.1,-0.1,-0.2,87.3,87.3,0.02,0.0,-0.04,24.9,100,AUTO.LOITER,0,0
2026-08-18T01:41:35,1786992096,13.822803,100.511627,15.7,-0.1,-0.1,-0.2,87.3,87.3,0.02,0.0,-0.04,24.9,100,AUTO.LOITER,0,0
2026-08-18T01:41:36,1786992097,13.822803,100.511627,15.4,-0.1,-0.1,-0.2,87.3,87.3,0.02,0.0,-0.04,24.9,100,AUTO.LOITER,0,0
2026-08-18T01:41:37,1786992098,13.822803,100.511627,15.7,-0.09,-0.1,-0.2,87.3,87.3,0.03,-0.01,-0.05,24.9,100,AUTO.LOITER,0,0
2026-08-18T01:41:38,1786992099,13.822803,100.511627,15.7,-0.09,-0.1,-0.2,87.3,87.3,0.03,-0.01,-0.05,24.9,100,AUTO.LOITER,0,0
2026-08-18T01:41:39,1786992100,13.822803,100.511627,15.7,-0.09,-0.1,-0.2,87.3,87.3,0.03,-0.01,-0.05,24.9,100,AUTO.LOITER,0,0
2026-08-18T01:41:40,1786992101,13.822803,100.511627,15.7,-0.09,-0.1,-0.2,87.3,87.3,0.03,-0.01,-0.05,24.9,100,AUTO.LOITER,0,0
2026-08-18T01:41:41,1786992102,13.822803,100.511627,15.7,-0.09,-0.1,-0.2,87.3,87.3,0.03,-0.01,-0.05,24.9,100,AUTO.LOITER,0,0
2026-08-18T01:41:42,1786992103,13.822803,100.511627,15.7,-0.07,-0.1,-0.2,87.3,87.3,0.02,-0.01,-0.06,24.9,100,AUTO.LOITER,0,0
2026-08-18T01:41:43,1786992104,13.822803,100.511627,15.7,-0.07,-0.1,-0.2,87.2,87.2,0.02,-0.01,-0.06,24.9,100,AUTO.LOITER,0,0
2026-08-18T01:41:44,1786992105,13.822803,100.511627,15.7,-0.07,-0.1,-0.2,87.2,87.2,0.02,-0.01,-0.06,24.9,100,AUTO.LOITER,0,0
2026-08-18T01:41:45,1786992106,13.822803,100.511627,15.7,-0.07,-0.1,-0.2,87.2,87.2,0.02,-0.01,-0.06,24.9,100,AUTO.LOITER,0,0
2026-08-18T01:41:46,1786992107,13.822803,100.511627,15.7,-0.07,-0.1,-0.2,87.2,87.2,0.02,-0.01,-0.06,24.9,100,AUTO.LOITER,0,0
2026-08-18T01:41:47,1786992108,13.822803,100.511627,15.7,-0.07,-0.1,-0.2,87.2,87.2,0.02,-0.01,-0.06,24.9,100,AUTO.LOITER,0,0
2026-08-18T01:41:48,1786992109,13.822803,100.511627,15.7,-0.07,-0.1,-0.2,87.2,87.2,0.01,0.0,-0.07,24.9,100,AUTO.LOITER,0,0
2026-08-18T01:41:49,1786992110,13.822803,100.511627,15.7,-0.07,-0.1,-0.2,87.2,87.2,0.01,0.0,-0.07,24.9,100,AUTO.LOITER,0,0
2026-08-18T01:41:50,1786992111,13.822803,100.511627,15.7,-0.07,-0.1,-0.2,87.2,87.2,0.01,0.0,-0.07,24.9,100,AUTO.LOITER,0,0
2026-08-18T01:41:51,1786992112,13.822803,100.511627,15.7,-0.07,-0.1,-0.2,87.2,87.2,0.01,0.0,-0.07,24.9,100,AUTO.LOITER,0,0
2026-08-18T01:41:52,1786992113,13.822803,100.511627,15.7,-0.07,-0.1,-0.2,87.2,87.2,0.01,0.0,-0.07,24.9,100,AUTO.LOITER,0,0
2026-08-18T01:41:53,1786992114,13.822803,100.511627,15.4,-0.07,-0.1,-0.2,87.2,87.2,0.01,0.0,-0.07,24.9,100,AUTO.LOITER,0,0
2026-08-18T01:41:54,1786992115,13.822803,100.511627,15.7,-0.07,-0.1,-0.2,87.2,87.2,0.01,0.01,-0.06,24.9,100,AUTO.LOITER,0,0
2026-08-18T01:41:55,1786992116,13.822803,100.511627,15.7,-0.07,-0.1,-0.2,87.2,87.2,0.01,0.01,-0.06,24.9,100,AUTO.LOITER,0,0
2026-08-18T01:41:56,1786992117,13.822803,100.511627,15.7,-0.07,-0.1,-0.2,87.2,87.2,0.01,0.01,-0.06,24.9,100,AUTO.LOITER,0,0
2026-08-18T01:41:57,1786992118,13.822803,100.511627,15.7,-0.07,-0.1,-0.2,87.2,87.2,0.01,0.01,-0.06,24.9,100,AUTO.LOITER,0,0
2026-08-18T01:41:58,1786992119,13.822803,100.511627,15.7,-0.07,-0.1,-0.2,87.2,87.2,0.01,0.01,-0.06,24.9,100,AUTO.LOITER,0,0
2026-08-18T01:41:59,1786992120,13.822803,100.511627,15.4,-0.07,-0.1,-0.2,87.2,87.2,0.01,0.01,-0.06,24.9,100,AUTO.LOITER,0,0
2026-08-18T01:42:00,1786992121,13.822803,100.511627,15.7,-0.07,-0.1,-0.2,87.2,87.2,0.01,0.01,-0.06,24.9,100,AUTO.LOITER,0,0
2026-08-18T01:42:01,1786992122,13.822803,100.511627,15.7,-0.07,-0.1,-0.2,87.2,87.2,0.01,0.01,-0.06,24.9,100,AUTO.LOITER,0,0
2026-08-18T01:42:02,1786992123,13.822803,100.511627,15.7,-0.07,-0.1,-0.2,87.2,87.2,0.01,0.01,-0.06,24.9,100,AUTO.LOITER,0,0
2026-08-18T01:42:03,1786992124,13.822803,100.511627,15.7,-0.07,-0.1,-0.2,87.2,87.2,0.01,0.01,-0.06,24.9,100,AUTO.LOITER,0,0
2026-08-18T01:42:04,1786992125,13.822803,100.511627,15.7,-0.07,-0.1,-0.2,87.2,87.2,0.01,0.01,-0.06,24.9,100,AUTO.LOITER,0,0
2026-08-18T01:42:05,1786992126,13.822803,100.511627,15.7,-0.07,-0.1,-0.2,87.2,87.2,0.0,0.01,-0.06,24.9,101,AUTO.LOITER,0,0
2026-08-18T01:42:06,1786992127,13.822803,100.511627,15.7,-0.07,-0.1,-0.2,87.3,87.3,0.0,0.01,-0.06,24.9,101,AUTO.LOITER,0,0
2026-08-18T01:42:07,1786992128,13.822803,100.511627,15.7,-0.07,-0.1,-0.2,87.3,87.3,0.0,0.01,-0.06,24.9,101,AUTO.LOITER,0,0
2026-08-18T01:42:08,1786992129,13.822803,100.511627,15.7,-0.07,-0.1,-0.2,87.3,87.3,0.0,0.01,-0.06,24.9,101,AUTO.LOITER,0,0
2026-08-18T01:42:09,1786992130,13.822803,100.511627,15.7,-0.07,-0.1,-0.2,87.3,87.3,0.0,0.01,-0.06,24.9,101,AUTO.LOITER,0,0
2026-08-18T01:42:10,1786992131,13.822803,100.511627,15.4,-0.07,-0.1,-0.2,87.3,87.3,0.0,0.01,-0.06,24.9,101,AUTO.LOITER,0,0
2026-08-18T01:42:11,1786992132,13.822803,100.511627,15.7,-0.07,-0.1,-0.2,87.3,87.3,0.0,0.0,-0.07,24.9,101,AUTO.LOITER,0,0
2026-08-18T01:42:12,1786992133,13.822803,100.511627,15.7,-0.07,-0.1,-0.2,87.3,87.3,0.0,0.0,-0.07,24.9,101,AUTO.LOITER,0,0
2026-08-18T01:42:13,1786992134,13.822803,100.511627,15.7,-0.07,-0.1,-0.2,87.3,87.3,0.0,0.0,-0.07,24.9,101,AUTO.LOITER,0,0
2026-08-18T01:42:14,1786992135,13.822803,100.511627,15.7,-0.07,-0.1,-0.2,87.3,87.3,0.0,0.0,-0.07,24.9,101,AUTO.LOITER,0,0
2026-08-18T01:42:15,1786992136,13.822803,100.511627,15.7,-0.07,-0.1,-0.2,87.3,87.3,0.0,0.0,-0.07,24.9,101,AUTO.LOITER,0,0
2026-08-18T01:42:16,1786992137,13.822803,100.511627,15.4,-0.07,-0.1,-0.2,87.3,87.3,0.0,0.0,-0.07,24.9,101,AUTO.LOITER,0,0
2026-08-18T01:42:17,1786992138,13.822803,100.511627,15.7,-0.06,-0.1,-0.2,87.3,87.3,-0.01,0.01,-0.08,24.9,101,AUTO.LOITER,0,0
2026-08-18T01:42:18,1786992139,13.822803,100.511627,15.7,-0.06,-0.1,-0.2,87.3,87.3,-0.01,0.01,-0.08,24.9,101,AUTO.LOITER,0,0
2026-08-18T01:42:19,1786992140,13.822803,100.511627,15.7,-0.06,-0.1,-0.2,87.3,87.3,-0.01,0.01,-0.08,24.9,101,AUTO.LOITER,0,0
2026-08-18T01:42:20,1786992141,13.822803,100.511627,15.7,-0.06,-0.1,-0.2,87.3,87.3,-0.01,0.01,-0.08,24.9,101,AUTO.LOITER,0,0
2026-08-18T01:42:21,1786992142,13.822803,100.511627,15.7,-0.06,-0.1,-0.2,87.3,87.3,-0.01,0.01,-0.08,24.9,101,AUTO.LOITER,0,0
2026-08-18T01:42:22,1786992143,13.822803,100.511627,15.4,-0.06,-0.1,-0.2,87.3,87.3,-0.01,0.01,-0.08,24.9,101,AUTO.LOITER,0,0
2026-08-18T01:42:23,1786992144,13.822803,100.511627,15.7,-0.05,-0.1,-0.2,87.3,87.3,-0.01,0.02,-0.09,24.9,101,AUTO.LOITER,0,0
2026-08-18T01:42:24,1786992145,13.822803,100.511627,15.7,-0.05,-0.1,-0.2,87.3,87.3,-0.01,0.02,-0.09,24.9,101,AUTO.LOITER,0,0
2026-08-18T01:42:25,1786992146,13.822803,100.511627,15.7,-0.05,-0.1,-0.2,87.3,87.3,-0.01,0.02,-0.09,24.9,101,AUTO.LOITER,0,0
2026-08-18T01:42:26,1786992147,13.822803,100.511627,15.7,-0.05,-0.1,-0.2,87.3,87.3,-0.01,0.02,-0.09,24.9,101,AUTO.LOITER,0,0
2026-08-18T01:42:27,1786992148,13.822803,100.511627,15.7,-0.05,-0.2,-0.1,87.3,87.3,-0.01,0.02,-0.09,24.9,101,AUTO.LOITER,0,0
2026-08-18T01:42:28,1786992149,13.822803,100.511627,15.7,-0.05,-0.2,-0.1,87.3,87.3,-0.01,0.02,-0.09,24.9,101,AUTO.LOITER,0,0
2026-08-18T01:42:29,1786992150,13.822803,100.511627,15.4,-0.05,-0.2,-0.1,87.3,87.3,-0.01,0.02,-0.09,24.9,101,0,0,0
2026-08-18T01:42:30,1786992151,13.822803,100.511627,15.7,-0.04,-0.2,-0.1,87.3,87.3,0.0,0.02,-0.09,24.9,101,0,0,0
2026-08-18T01:42:31,1786992152,13.822803,100.511627,15.7,-0.04,-0.2,-0.1,87.3,87.3,0.0,0.02,-0.09,24.9,101,0,0,0
2026-08-18T01:42:32,1786992153,13.822803,100.511627,15.7,-0.04,-0.2,-0.1,87.3,87.3,0.0,0.02,-0.09,24.9,101,0,0,0
2026-08-18T01:42:33,1786992154,13.822803,100.511627,15.7,-0.04,-0.2,-0.1,87.3,87.3,0.0,0.02,-0.09,24.9,101,0,0,0
2026-08-18T01:42:34,1786992155,13.822803,100.511627,15.7,-0.04,-0.2,-0.1,87.3,87.3,0.0,0.02,-0.09,24.9,101,0,0,0
2026-08-18T01:42:35,1786992156,13.822803,100.511627,15.7,-0.04,-0.2,-0.1,87.3,87.3,0.0,0.02,-0.09,24.9,101,AUTO.LOITER,0,0
2026-08-18T01:42:36,1786992157,13.822803,100.511627,15.7,-0.05,-0.2,-0.1,87.3,87.3,0.0,0.01,-0.08,24.9,101,AUTO.LOITER,0,0
2026-08-18T01:42:37,1786992158,13.822803,100.511627,15.7,-0.05,-0.2,-0.1,87.3,87.3,0.0,0.01,-0.08,24.9,101,0,0,0
2026-08-18T01:42:38,1786992159,13.822803,100.511627,15.7,-0.05,-0.2,-0.1,87.3,87.3,0.0,0.01,-0.08,24.9,101,0,0,0
2026-08-18T01:42:39,1786992160,13.822803,100.511627,15.7,-0.05,-0.2,-0.1,87.3,87.3,0.0,0.01,-0.08,24.9,101,0,0,0
2026-08-18T01:42:40,1786992161,13.822803,100.511627,15.7,-0.05,-0.2,-0.1,87.2,87.2,0.0,0.01,-0.08,24.9,101,0,0,0
2026-08-18T01:42:41,1786992162,13.822803,100.511627,15.7,-0.05,-0.2,-0.1,87.2,87.2,0.0,0.01,-0.08,24.9,101,0,0,0
2026-08-18T01:42:42,1786992163,13.822803,100.511627,15.4,-0.05,-0.2,-0.1,87.2,87.2,0.0,0.01,-0.08,24.9,101,AUTO.LOITER,0,0
2026-08-18T01:42:43,1786992164,13.822803,100.511627,15.7,-0.06,-0.2,-0.1,87.2,87.2,0.01,0.0,-0.08,24.9,101,0,0,0
2026-08-18T01:42:44,1786992165,13.822803,100.511627,15.7,-0.06,-0.2,-0.1,87.2,87.2,0.01,0.0,-0.08,24.9,101,0,0,0
2026-08-18T01:42:45,1786992166,13.822803,100.511627,15.7,-0.06,-0.2,-0.1,87.2,87.2,0.01,0.0,-0.08,24.9,101,0,0,0
2026-08-18T01:42:46,1786992167,13.822803,100.511627,15.7,-0.06,-0.2,-0.1,87.2,87.2,0.01,0.0,-0.08,24.9,101,0,0,0
2026-08-18T01:42:47,1786992168,13.822803,100.511627,15.7,-0.06,-0.2,-0.1,87.2,87.2,0.01,0.0,-0.08,24.9,101,0,0,0
2026-08-18T01:42:48,1786992169,13.822803,100.511627,15.4,-0.06,-0.2,-0.1,87.2,87.2,0.01,0.0,-0.08,24.9,101,AUTO.LOITER,0,0
2026-08-18T01:42:49,1786992170,13.822803,100.511627,15.7,-0.06,-0.2,-0.1,87.2,87.2,0.0,-0.01,-0.08,24.9,101,AUTO.LOITER,0,0
2026-08-18T01:42:50,1786992171,13.822803,100.511627,15.7,-0.06,-0.2,-0.1,87.2,87.2,0.0,-0.01,-0.08,24.9,101,0,0,0
2026-08-18T01:42:51,1786992172,13.822803,100.511627,15.7,-0.06,-0.2,-0.1,87.2,87.2,0.0,-0.01,-0.08,24.9,101,0,0,0
2026-08-18T01:42:52,1786992173,13.822803,100.511627,15.7,-0.06,-0.2,-0.1,87.2,87.2,0.0,-0.01,-0.08,24.9,101,0,0,0
2026-08-18T01:42:53,1786992174,13.822803,100.511627,15.7,-0.06,-0.2,-0.1,87.2,87.2,0.0,-0.01,-0.08,24.9,101,0,0,0
2026-08-18T01:42:54,1786992175,13.822803,100.511627,15.7,-0.06,-0.2,-0.1,87.2,87.2,0.0,-0.01,-0.08,24.9,101,0,0,0
2026-08-18T01:42:55,1786992176,13.822803,100.511627,15.7,-0.06,-0.2,-0.1,87.2,87.2,0.0,-0.01,-0.08,24.9,101,AUTO.LOITER,0,0
2026-08-18T01:42:56,1786992177,13.822803,100.511627,15.7,-0.06,-0.2,-0.1,87.2,87.2,0.0,-0.01,-0.08,24.9,101,0,0,0
2026-08-18T01:42:57,1786992178,13.822803,100.511627,15.7,-0.06,-0.2,-0.1,87.2,87.2,0.0,-0.01,-0.08,24.9,101,0,0,0
2026-08-18T01:42:58,1786992179,13.822803,100.511627,15.7,-0.06,-0.2,-0.1,87.2,87.2,0.0,-0.01,-0.08,24.9,101,0,0,0
2026-08-18T01:42:59,1786992180,13.822803,100.511627,15.7,-0.06,-0.2,-0.1,87.2,87.2,0.0,-0.01,-0.08,24.9,101,0,0,0
2026-08-18T01:43:00,1786992181,13.822803,100.511627,15.7,-0.06,-0.2,-0.1,87.2,87.2,0.0,-0.01,-0.08,24.9,101,0,0,0
2026-08-18T01:43:01,1786992182,13.822803,100.511627,15.4,-0.06,-0.2,-0.1,87.2,87.2,0.0,-0.01,-0.08,24.9,101,AUTO.LOITER,0,0
2026-08-18T01:43:02,1786992183,13.822803,100.511627,15.7,-0.06,-0.2,-0.1,87.2,87.2,0.0,-0.02,-0.08,24.9,101,0,0,0
2026-08-18T01:43:03,1786992184,13.822803,100.511627,15.7,-0.06,-0.2,-0.1,87.2,87.2,0.0,-0.02,-0.08,24.9,101,0,0,0
2026-08-18T01:43:04,1786992185,13.822803,100.511627,15.7,-0.06,-0.2,-0.1,87.2,87.2,0.0,-0.02,-0.08,24.9,101,0,0,0
2026-08-18T01:43:05,1786992186,13.822803,100.511627,15.7,-0.06,-0.2,-0.1,87.2,87.2,0.0,-0.02,-0.08,24.9,101,0,0,0
2026-08-18T01:43:06,1786992187,13.822803,100.511627,15.7,-0.06,-0.2,-0.1,87.2,87.2,0.0,-0.02,-0.08,24.9,101,0,0,0
2026-08-18T01:43:07,1786992188,13.822803,100.511627,15.7,-0.06,-0.2,-0.1,87.2,87.2,0.0,-0.02,-0.08,24.9,101,0,0,0
2026-08-18T01:43:08,1786992189,13.822803,100.511627,15.7,-0.05,-0.2,-0.1,87.2,87.2,-0.01,-0.02,-0.08,24.9,101,AUTO.LOITER,0,0
2026-08-18T01:43:09,1786992190,13.822803,100.511627,15.7,-0.05,-0.2,-0.1,87.2,87.2,-0.01,-0.02,-0.08,24.9,101,0,0,0
2026-08-18T01:43:10,1786992191,13.822803,100.511627,15.7,-0.05,-0.2,-0.1,87.2,87.2,-0.01,-0.02,-0.08,24.9,101,0,0,0
2026-08-18T01:43:11,1786992192,13.822803,100.511627,15.7,-0.05,-0.2,-0.1,87.2,87.2,-0.01,-0.02,-0.08,24.9,101,0,0,0
2026-08-18T01:43:12,1786992193,13.822803,100.511627,15.7,-0.05,-0.2,-0.1,87.2,87.2,-0.01,-0.02,-0.08,24.9,101,0,0,0
2026-08-18T01:43:13,1786992194,13.822803,100.511627,15.7,-0.05,-0.2,-0.1,87.2,87.2,-0.01,-0.02,-0.08,24.9,101,0,0,0
2026-08-18T01:43:14,1786992195,13.822803,100.511627,15.4,-0.05,-0.2,-0.1,87.2,87.2,-0.01,-0.02,-0.08,24.9,101,AUTO.LOITER,0,0
2026-08-18T01:43:15,1786992196,13.822803,100.511627,15.4,-0.05,-0.2,-0.1,87.2,87.2,-0.01,-0.02,-0.08,24.9,101,AUTO.LOITER,0,0
2026-08-18T01:43:16,1786992197,13.822803,100.511627,15.4,-0.05,-0.2,-0.1,87.1,87.1,-0.01,-0.02,-0.08,24.9,101,AUTO.LOITER,0,0
2026-08-18T01:43:17,1786992198,13.822803,100.511627,15.4,-0.05,-0.2,-0.1,87.1,87.1,-0.01,-0.02,-0.08,24.9,101,0,0,0
2026-08-18T01:43:18,1786992199,13.822803,100.511627,15.4,-0.05,-0.2,-0.1,87.1,87.1,-0.01,-0.02,-0.08,24.9,101,0,0,0
2026-08-18T01:43:19,1786992200,13.822803,100.511627,15.4,-0.05,-0.3,-0.1,87.1,87.1,-0.01,-0.02,-0.08,24.9,101,0,0,0
2026-08-18T01:43:20,1786992201,13.822803,100.511627,15.4,-0.05,-0.3,-0.1,87.1,87.1,-0.01,-0.02,-0.08,24.9,101,AUTO.LOITER,0,0
2026-08-18T01:43:21,1786992202,13.822803,100.511626,15.7,-0.06,-0.3,-0.1,87.1,87.1,-0.02,-0.03,-0.07,24.9,101,AUTO.LOITER,0,0
2026-08-18T01:43:22,1786992203,13.822803,100.511626,15.7,-0.06,-0.3,-0.2,87.1,87.1,-0.02,-0.03,-0.07,24.9,101,0,0,0
2026-08-18T01:43:23,1786992204,13.822803,100.511626,15.7,-0.06,-0.3,-0.2,87.1,87.1,-0.02,-0.03,-0.07,24.9,101,0,0,0
2026-08-18T01:43:24,1786992205,13.822803,100.511626,15.7,-0.06,-0.3,-0.2,87.1,87.1,-0.02,-0.03,-0.07,24.9,101,0,0,0
2026-08-18T01:43:25,1786992206,13.822803,100.511626,15.7,-0.06,-0.3,-0.2,87.1,87.1,-0.02,-0.03,-0.07,24.9,101,0,0,0
2026-08-18T01:43:26,1786992207,13.822803,100.511626,15.7,-0.06,-0.3,-0.2,87.1,87.1,-0.02,-0.03,-0.07,24.9,101,0,0,0
2026-08-18T01:43:27,1786992208,13.822803,100.511627,15.4,-0.06,-0.3,-0.2,87.1,87.1,-0.02,-0.03,-0.07,24.9,101,AUTO.LOITER,0,0
2026-08-18T01:43:28,1786992209,13.822803,100.511626,15.7,-0.06,-0.3,-0.2,87.1,87.1,-0.01,-0.02,-0.07,24.9,101,AUTO.LOITER,0,0
2026-08-18T01:43:29,1786992210,13.822803,100.511626,15.7,-0.06,-0.3,-0.2,87.1,87.1,-0.01,-0.02,-0.07,24.9,101,AUTO.LOITER,0,0
2026-08-18T01:43:30,1786992211,13.822803,100.511626,15.7,-0.06,-0.3,-0.2,87.1,87.1,-0.01,-0.02,-0.07,24.9,101,0,0,0
2026-08-18T01:43:31,1786992212,13.822803,100.511626,15.7,-0.06,-0.3,-0.2,87.1,87.1,-0.01,-0.02,-0.07,24.9,101,0,0,0
2026-08-18T01:43:32,1786992213,13.822803,100.511626,15.7,-0.06,-0.3,-0.2,87.1,87.1,-0.01,-0.02,-0.07,24.9,101,0,0,0
2026-08-18T01:43:33,1786992214,13.822804,100.511627,15.4,-0.06,-0.3,-0.2,87.1,87.1,-0.01,-0.02,-0.07,24.9,101,AUTO.LOITER,0,0
2026-08-18T01:43:34,1786992215,13.822803,100.511627,15.7,-0.07,-0.3,-0.2,87.1,87.1,0.0,0.0,-0.07,24.9,101,AUTO.LOITER,0,0
2026-08-18T01:43:35,1786992216,13.822803,100.511627,15.7,-0.07,-0.3,-0.2,87.1,87.1,0.0,0.0,-0.07,24.9,101,0,0,0
2026-08-18T01:43:36,1786992217,13.822803,100.511627,15.7,-0.06,-0.3,-0.2,87.1,87.1,0.0,0.0,-0.08,24.9,101,AUTO.LOITER,0,0
2026-08-18T01:43:37,1786992218,13.822803,100.511627,15.7,-0.06,-0.3,-0.2,87.1,87.1,0.0,0.0,-0.08,24.9,101,AUTO.LOITER,0,0
2026-08-18T01:43:38,1786992219,13.822803,100.511627,15.7,0.0,-0.3,-0.2,87.1,87.1,0.0,0.0,-0.07,24.9,101,AUTO.LOITER,1,0
2026-08-18T01:43:39,1786992220,13.822803,100.511626,15.4,0.0,-0.4,-0.2,87.1,87.1,0.0,0.0,-0.07,24.89,101,AUTO.LOITER,1,0
2026-08-18T01:43:40,1786992221,13.822803,100.511627,15.3,-0.0,-0.4,-0.2,87.1,87.1,-0.01,-0.01,-0.07,24.89,101,AUTO.TAKEOFF,1,0
2026-08-18T01:43:41,1786992222,13.822803,100.511626,15.7,0.0,-0.4,-0.2,87.1,87.1,0.0,-0.02,-0.07,24.89,101,0,0,0
2026-08-18T01:43:42,1786992223,13.822803,100.511626,15.8,0.09,-0.4,-0.2,87.1,87.1,0.01,-0.01,-0.11,24.88,101,0,0,1
2026-08-18T01:43:43,1786992224,13.822803,100.511626,16.2,0.46,-0.4,-0.2,87.1,87.1,0.01,0.0,-0.23,24.88,101,0,0,1
2026-08-18T01:43:44,1786992225,13.822803,100.511627,16.3,0.59,0.1,0.2,87.1,87.1,-0.09,0.01,-0.44,24.88,101,AUTO.TAKEOFF,1,1
2026-08-18T01:43:45,1786992226,13.822802,100.511626,16.9,1.22,0.1,0.2,87.1,87.1,0.06,0.0,-0.72,24.87,101,AUTO.TAKEOFF,1,1
2026-08-18T01:43:46,1786992227,13.822802,100.511626,16.9,1.22,-0.5,-0.1,87.2,87.2,0.06,0.0,-0.72,24.87,101,0,0,1
2026-08-18T01:43:47,1786992228,13.822803,100.511626,17.9,2.23,0.0,-0.3,88.6,88.6,0.03,0.0,-0.58,24.86,101,AUTO.TAKEOFF,1,1
2026-08-18T01:43:48,1786992229,13.822803,100.511626,18.1,2.4,-0.3,-0.5,88.7,88.7,0.0,0.03,-0.3,24.86,101,AUTO.LOITER,1,1
2026-08-18T01:43:49,1786992230,13.822803,100.511626,18.3,2.59,-0.6,-0.4,88.8,88.8,0.02,0.04,-0.23,24.85,100,AUTO.LOITER,1,1
2026-08-18T01:43:50,1786992231,13.822803,100.511627,17.6,2.59,-0.4,0.4,88.6,88.6,0.02,0.04,-0.23,24.85,100,AUTO.LOITER,1,1
2026-08-18T01:43:51,1786992232,13.822799,100.51163,17.8,2.72,12.8,-8.7,91.7,91.7,0.0,0.0,-0.16,24.84,100,AUTO.LOITER,1,1
2026-08-18T01:43:52,1786992233,13.822796,100.511632,18.5,2.85,-1.8,-5.8,118.2,118.2,-1.66,1.09,-0.11,24.84,100,0,0,1
2026-08-18T01:43:53,1786992234,13.822775,100.511647,18.6,2.9,-0.8,2.1,133.7,133.7,-2.39,1.91,-0.04,24.84,100,0,0,1
2026-08-18T01:43:54,1786992235,13.822775,100.511647,18.6,2.9,-0.8,2.1,133.7,133.7,-2.39,1.91,-0.04,24.84,100,0,0,1
2026-08-18T01:43:55,1786992236,13.822732,100.511679,18.7,2.99,-0.0,-0.7,144.0,144.0,-2.44,1.78,-0.04,24.83,100,AUTO.LOITER,1,1
2026-08-18T01:43:56,1786992237,13.82271,100.511696,18.7,3.01,-0.1,-1.1,140.4,140.4,-2.44,1.72,-0.08,24.83,100,AUTO.LOITER,1,1
2026-08-18T01:43:57,1786992238,13.822688,100.511712,18.7,3.04,-0.8,-1.4,145.4,145.4,-2.41,1.7,-0.09,24.82,100,AUTO.LOITER,1,1
2026-08-18T01:43:58,1786992239,13.822666,100.511728,18.8,3.07,-0.3,-1.0,144.8,144.8,-2.38,1.75,-0.11,24.82,100,AUTO.LOITER,1,1
2026-08-18T01:43:59,1786992240,13.822644,100.511744,18.8,3.12,-0.2,-1.3,143.7,143.7,-2.38,1.74,-0.11,24.81,100,AUTO.LOITER,1,1
2026-08-18T01:44:00,1786992241,13.822628,100.511756,18.0,3.12,-0.3,-1.2,143.7,143.7,-2.38,1.74,-0.11,24.81,100,AUTO.LOITER,1,1
2026-08-18T01:44:01,1786992242,13.822622,100.51176,18.9,3.17,-0.2,-1.3,144.6,144.6,-2.38,1.74,-0.09,24.81,100,AUTO.LOITER,1,1
2026-08-18T01:44:02,1786992243,13.8226,100.511777,18.9,3.22,-0.2,-1.4,144.3,144.3,-2.39,1.74,-0.09,24.81,100,AUTO.LOITER,1,1
2026-08-18T01:44:03,1786992244,13.822579,100.511793,19.0,3.27,-0.1,-1.1,144.1,144.1,-2.4,1.76,-0.08,24.8,100,0,0,1
2026-08-18T01:44:04,1786992245,13.822557,100.511809,19.0,3.3,-0.8,-1.8,144.0,144.0,-2.4,1.75,-0.09,24.8,100,AUTO.LOITER,1,1
2026-08-18T01:44:05,1786992246,13.822535,100.511825,19.0,3.34,0.0,-1.1,144.1,144.1,-2.42,1.81,-0.09,24.79,99,AUTO.LOITER,1,1
2026-08-18T01:44:06,1786992247,13.822513,100.511841,19.1,3.38,-0.3,6.8,144.1,144.1,-2.19,1.62,-0.08,24.79,99,AUTO.LOITER,1,1
2026-08-18T01:44:07,1786992248,13.822499,100.511852,19.1,3.41,-0.0,2.9,144.2,144.2,-1.28,0.92,-0.06,24.78,99,AUTO.LOITER,1,1
2026-08-18T01:44:08,1786992249,13.82249,100.511859,19.1,3.43,-0.6,3.0,144.2,144.2,-0.58,0.72,-0.1,24.78,99,AUTO.LOITER,1,1
2026-08-18T01:44:09,1786992250,13.822493,100.511871,19.2,3.47,-9.1,0.4,137.6,137.6,0.86,1.81,-0.08,24.77,99,AUTO.LOITER,1,1
2026-08-18T01:44:10,1786992251,13.822497,100.511889,18.2,3.47,-9.1,0.4,137.6,137.6,0.86,1.81,-0.08,24.77,99,AUTO.LOITER,1,1
2026-08-18T01:44:11,1786992252,13.822499,100.511897,19.1,3.44,-0.9,1.1,76.3,76.3,0.55,3.03,-0.02,24.77,99,0,0,1
2026-08-18T01:44:12,1786992253,13.822505,100.511921,19.1,3.42,0.4,3.9,71.4,71.4,0.63,2.4,-0.08,24.77,99,0,0,1
2026-08-18T01:44:13,1786992254,13.822508,100.511938,19.1,3.42,-2.4,3.4,82.0,82.0,0.28,1.52,-0.06,24.76,98,0,0,1
2026-08-18T01:44:14,1786992255,13.822511,100.511949,19.1,3.43,-5.4,-6.3,79.5,79.5,0.51,0.9,-0.11,24.76,98,AUTO.LOITER,1,1
2026-08-18T01:44:15,1786992256,13.822521,100.511965,19.1,3.44,-0.1,-4.5,55.1,55.1,1.37,2.61,0.0,24.75,98,AUTO.LOITER,1,1
2026-08-18T01:44:16,1786992257,13.822534,100.51199,19.1,3.42,0.7,-2.7,55.7,55.7,1.34,2.38,-0.07,24.75,98,AUTO.LOITER,1,1
2026-08-18T01:44:17,1786992258,13.822545,100.512007,18.2,3.42,0.2,-3.7,62.2,62.2,1.34,2.38,-0.07,24.75,98,AUTO.LOITER,1,1
2026-08-18T01:44:18,1786992259,13.822545,100.512007,18.2,3.42,-0.2,5.9,60.9,60.9,1.34,2.38,-0.07,24.75,98,AUTO.LOITER,1,1
2026-08-18T01:44:19,1786992260,13.822571,100.512055,19.1,3.4,0.3,3.4,59.6,59.6,0.79,1.49,-0.08,24.75,98,0,0,1
2026-08-18T01:44:20,1786992261,13.822575,100.512064,18.1,3.4,-0.3,3.4,60.8,60.8,0.79,1.49,-0.08,24.73,97,0,0,1
2026-08-18T01:44:21,1786992262,13.822581,100.512067,18.1,3.4,-8.8,10.7,54.9,54.9,0.79,1.49,-0.08,24.73,97,AUTO.LOITER,1,1
2026-08-18T01:44:22,1786992263,13.822582,100.512065,19.1,3.44,-13.7,-8.1,27.0,27.0,0.7,-1.12,-0.1,24.73,97,0,0,1
2026-08-18T01:44:23,1786992264,13.822596,100.512049,19.2,3.46,-0.7,1.3,-5.0,355.0,2.26,-2.27,-0.04,24.72,97,0,0,1
2026-08-18T01:44:24,1786992265,13.822614,100.51203,19.2,3.48,-0.0,-2.9,-25.0,335.0,1.96,-2.11,-0.09,24.72,97,0,0,1
2026-08-18T01:44:25,1786992266,13.822632,100.51201,19.2,3.52,0.4,-0.9,-36.2,323.8,2.16,-2.23,-0.09,24.71,97,0,0,1
2026-08-18T01:44:26,1786992267,13.822651,100.511989,19.3,3.57,0.3,-1.1,-52.7,307.3,2.09,-2.16,-0.09,24.71,97,AUTO.LOITER,1,1
2026-08-18T01:44:27,1786992268,13.822666,100.511973,18.4,3.57,0.3,-1.1,-52.7,307.3,2.09,-2.16,-0.09,24.71,97,0,0,1
2026-08-18T01:44:28,1786992269,13.822689,100.511949,19.3,3.63,-0.2,-1.5,-42.8,317.2,2.04,-2.12,-0.08,24.7,96,AUTO.LOITER,1,1
2026-08-18T01:44:29,1786992270,13.822707,100.511929,19.3,3.65,0.1,-1.4,-47.2,312.8,2.0,-2.13,-0.09,24.7,96,AUTO.LOITER,1,1
2026-08-18T01:44:30,1786992271,13.822726,100.511909,19.4,3.67,0.4,-1.8,-46.9,313.1,2.02,-2.16,-0.11,24.69,96,AUTO.LOITER,1,1
2026-08-18T01:44:31,1786992272,13.822745,100.511889,19.4,3.71,0.3,-1.4,-45.9,314.1,2.08,-2.15,-0.1,24.69,96,AUTO.LOITER,1,1
2026-08-18T01:44:32,1786992273,13.822758,100.511874,18.5,3.71,-0.2,-1.2,-45.8,314.2,2.08,-2.15,-0.1,24.68,96,AUTO.LOITER,1,1
2026-08-18T01:44:33,1786992274,13.822777,100.511854,18.5,3.74,-0.2,-1.8,-46.7,313.3,2.03,-2.14,-0.11,24.68,96,AUTO.LOITER,1,1
2026-08-18T01:44:34,1786992275,13.822782,100.511849,19.5,3.78,0.6,-1.1,-46.5,313.5,2.07,-2.19,-0.1,24.68,96,0,0,1
2026-08-18T01:44:35,1786992276,13.822796,100.511834,18.5,3.78,-0.5,-1.7,-46.1,313.9,2.07,-2.19,-0.1,24.68,96,0,0,1
2026-08-18T01:44:36,1786992277,13.822815,100.511814,18.6,3.78,-0.5,-1.7,-46.1,313.9,2.07,-2.19,-0.1,24.67,96,AUTO.LOITER,1,1
2026-08-18T01:44:37,1786992278,13.822838,100.511788,19.6,3.88,-0.5,-1.7,-46.1,313.9,2.02,-2.14,-0.08,24.67,96,AUTO.LOITER,1,1
2026-08-18T01:44:38,1786992279,13.822838,100.511788,19.6,3.88,0.0,5.8,-46.5,313.5,2.02,-2.14,-0.08,24.67,96,0,0,1
2026-08-18T01:44:39,1786992280,13.82286,100.511764,19.6,3.92,-0.5,8.5,-47.2,312.8,0.73,-0.79,-0.08,24.66,95,AUTO.LOITER,1,1
2026-08-18T01:44:40,1786992281,13.822859,100.511764,19.7,3.96,-6.5,11.1,-61.1,298.9,-1.18,0.78,-0.03,24.65,95,AUTO.LOITER,1,1
2026-08-18T01:44:41,1786992282,13.822841,100.511777,19.6,3.94,-0.7,-0.1,-94.2,265.8,-2.57,1.77,-0.01,24.65,95,AUTO.LOITER,1,1
2026-08-18T01:44:42,1786992283,13.82282,100.511792,19.6,3.93,-1.2,0.3,-108.8,251.2,-2.44,1.72,-0.04,24.64,95,AUTO.LOITER,1,1
2026-08-18T01:44:43,1786992284,13.82282,100.511792,19.6,3.93,-1.8,-0.1,-130.2,229.8,-2.44,1.72,-0.04,24.64,95,0,0,1
2026-08-18T01:44:44,1786992285,13.822782,100.511819,18.7,3.92,-1.1,-0.3,-153.8,206.2,-2.48,1.85,-0.05,24.64,95,AUTO.LOITER,1,1
2026-08-18T01:44:45,1786992286,13.822776,100.511824,19.6,3.9,-0.6,-1.1,179.4,179.4,-2.4,1.82,-0.07,24.64,95,0,0,1
2026-08-18T01:44:46,1786992287,13.822754,100.511841,19.6,3.91,0.1,-1.1,154.8,154.8,-2.36,1.81,-0.07,24.63,94,0,0,1
2026-08-18T01:44:47,1786992288,13.822732,100.511858,19.6,3.91,0.0,-1.1,144.2,144.2,-2.35,1.76,-0.07,24.63,94,0,0,1
2026-08-18T01:44:48,1786992289,13.82271,100.511874,19.6,3.91,0.4,-0.8,139.3,139.3,-2.34,1.75,-0.09,24.62,94,AUTO.LOITER,1,1
2026-08-18T01:44:49,1786992290,13.822689,100.51189,19.6,3.91,-0.3,-1.7,147.2,147.2,-2.32,1.71,-0.07,24.62,94,AUTO.LOITER,1,1
2026-08-18T01:44:50,1786992291,13.822667,100.511907,19.6,3.9,0.3,-1.3,145.3,145.3,-2.34,1.74,-0.08,24.61,94,AUTO.LOITER,1,1
2026-08-18T01:44:51,1786992292,13.822646,100.511923,19.6,3.9,0.3,-1.5,142.7,142.7,-2.37,1.72,-0.08,24.61,94,0,0,1
2026-08-18T01:44:52,1786992293,13.822646,100.511923,19.6,3.9,0.3,-1.4,143.3,143.3,-2.37,1.72,-0.08,24.61,94,AUTO.LOITER,1,1
2026-08-18T01:44:53,1786992294,13.822602,100.511956,19.6,3.91,0.3,-1.4,143.3,143.3,-2.39,1.76,-0.07,24.61,94,AUTO.LOITER,1,1
2026-08-18T01:44:54,1786992295,13.822602,100.511956,19.6,3.91,0.3,-1.9,144.4,144.4,-2.39,1.76,-0.07,24.61,94,AUTO.LOITER,1,1
2026-08-18T01:44:55,1786992296,13.822564,100.511984,18.6,3.9,-0.1,-1.6,143.7,143.7,-2.41,1.76,-0.09,24.59,93,AUTO.LOITER,1,1
2026-08-18T01:44:56,1786992297,13.822558,100.511989,19.6,3.92,-0.0,-1.6,144.0,144.0,-2.39,1.79,-0.06,24.59,93,0,0,1
2026-08-18T01:44:57,1786992298,13.822537,100.512005,19.6,3.93,0.3,-1.6,143.9,143.9,-2.39,1.78,-0.06,24.59,93,0,0,1
2026-08-18T01:44:58,1786992299,13.822515,100.512022,19.6,3.93,0.4,-1.6,143.8,143.8,-2.4,1.77,-0.06,24.59,93,0,0,1
2026-08-18T01:44:59,1786992300,13.822493,100.512038,19.6,3.94,0.2,-1.7,143.9,143.9,-2.42,1.76,-0.05,24.58,93,AUTO.LOITER,1,1
2026-08-18T01:45:00,1786992301,13.822471,100.512054,19.6,3.94,0.1,-1.4,143.9,143.9,-2.41,1.76,-0.05,24.58,93,AUTO.LOITER,1,1
2026-08-18T01:45:01,1786992302,13.822455,100.512067,18.7,3.94,0.4,-1.5,143.9,143.9,-2.41,1.76,-0.05,24.57,93,AUTO.LOITER,1,1
2026-08-18T01:45:02,1786992303,13.822428,100.512087,19.7,3.96,0.1,-2.1,143.9,143.9,-2.42,1.76,-0.04,24.57,93,0,0,1
2026-08-18T01:45:03,1786992304,13.822428,100.512087,19.7,3.96,0.1,-2.1,143.9,143.9,-2.42,1.76,-0.04,24.57,93,0,0,1
2026-08-18T01:45:04,1786992305,13.822389,100.512116,18.8,3.96,0.1,-2.1,143.9,143.9,-2.42,1.76,-0.04,24.56,92,0,0,1
2026-08-18T01:45:05,1786992306,13.822362,100.512136,19.7,3.97,-0.0,-1.6,143.9,143.9,-2.4,1.78,-0.02,24.55,92,AUTO.LOITER,1,1
2026-08-18T01:45:06,1786992307,13.822346,100.512148,18.7,3.97,0.4,-1.5,143.8,143.8,-2.4,1.78,-0.02,24.55,92,AUTO.LOITER,1,1
2026-08-18T01:45:07,1786992308,13.822325,100.512165,18.7,3.96,0.4,-1.9,143.9,143.9,-2.39,1.77,-0.04,24.55,92,AUTO.LOITER,1,1
2026-08-18T01:45:08,1786992309,13.822319,100.512169,19.7,3.97,0.2,-1.6,144.0,144.0,-2.44,1.76,-0.03,24.55,92,0,0,1
2026-08-18T01:45:09,1786992310,13.822297,100.512185,19.6,3.95,0.2,-1.8,143.9,143.9,-2.43,1.75,-0.04,24.54,92,0,0,1
2026-08-18T01:45:10,1786992311,13.822275,100.512202,19.6,3.95,0.6,-1.5,143.9,143.9,-2.44,1.77,-0.05,24.54,92,AUTO.LOITER,1,1
2026-08-18T01:45:11,1786992312,13.822254,100.512218,19.6,3.95,-0.0,-1.2,144.1,144.1,-2.44,1.72,-0.05,24.53,92,AUTO.LOITER,1,1
2026-08-18T01:45:12,1786992313,13.822234,100.512233,19.7,3.95,0.5,4.8,144.1,144.1,-1.72,1.25,-0.03,24.53,92,AUTO.LOITER,1,1
2026-08-18T01:45:13,1786992314,13.822223,100.512241,19.7,3.95,-1.0,3.2,143.9,143.9,-1.06,0.73,-0.04,24.52,91,AUTO.LOITER,1,1
2026-08-18T01:45:14,1786992315,13.822219,100.512249,19.7,3.97,-8.5,-0.8,134.4,134.4,0.44,1.12,-0.03,24.52,91,AUTO.LOITER,1,1
2026-08-18T01:45:15,1786992316,13.822224,100.512264,19.7,3.97,2.4,-5.3,119.9,119.9,0.32,1.68,-0.03,24.52,91,AUTO.LOITER,1,1
2026-08-18T01:45:16,1786992317,13.822228,100.512268,19.7,3.96,-6.3,13.0,86.0,86.0,0.86,-0.51,0.0,24.51,91,AUTO.LOITER,1,1
2026-08-18T01:45:17,1786992318,13.822237,100.512262,18.8,3.96,-4.9,4.3,74.4,74.4,0.86,-0.51,0.0,24.51,91,AUTO.LOITER,1,1
2026-08-18T01:45:18,1786992319,13.822258,100.512248,18.7,3.96,2.0,0.2,41.4,41.4,2.15,-1.46,-0.04,24.5,91,AUTO.LOITER,1,1
2026-08-18T01:45:19,1786992320,13.822264,100.512243,19.6,3.95,2.0,0.2,41.4,41.4,2.39,-1.67,-0.04,24.5,91,0,0,1
2026-08-18T01:45:20,1786992321,13.822285,100.512228,19.6,3.94,-0.6,-1.2,1.9,1.9,2.42,-1.87,-0.05,24.5,91,0,0,1
2026-08-18T01:45:21,1786992322,13.822307,100.512211,19.6,3.92,-0.2,-0.7,-33.7,326.3,2.39,-1.79,-0.06,24.49,91,0,0,1
2026-08-18T01:45:22,1786992323,13.822329,100.512195,19.6,3.94,-0.1,-1.0,-40.8,319.2,2.33,-1.75,-0.07,24.49,90,AUTO.LOITER,1,1
2026-08-18T01:45:23,1786992324,13.822351,100.512178,19.7,3.96,0.2,-1.3,-36.8,323.2,2.33,-1.72,-0.04,24.48,90,AUTO.LOITER,1,1
2026-08-18T01:45:24,1786992325,13.822372,100.512162,19.6,3.95,0.2,-1.3,-32.0,328.0,2.36,-1.71,-0.04,24.48,90,AUTO.LOITER,1,1
2026-08-18T01:45:25,1786992326,13.822394,100.512146,19.7,3.96,0.0,-1.6,-36.0,324.0,2.38,-1.71,-0.04,24.48,90,AUTO.LOITER,1,1
2026-08-18T01:45:26,1786992327,13.822416,100.51213,19.6,3.95,0.3,-1.5,-36.5,323.5,2.4,-1.74,-0.04,24.47,90,AUTO.LOITER,1,1
2026-08-18T01:45:27,1786992328,13.822438,100.512114,19.7,3.95,0.0,-1.5,-35.6,324.4,2.44,-1.74,-0.04,24.47,90,AUTO.LOITER,1,1
2026-08-18T01:45:28,1786992329,13.82246,100.512097,19.7,3.96,-0.1,-1.1,-35.1,324.9,2.41,-1.74,-0.03,24.46,90,AUTO.LOITER,1,1
2026-08-18T01:45:29,1786992330,13.822476,100.512086,18.8,3.96,-0.2,-1.6,-35.9,324.1,2.41,-1.74,-0.03,24.46,90,AUTO.LOITER,1,1
2026-08-18T01:45:30,1786992331,13.822482,100.512081,19.7,3.98,0.1,-1.4,-35.9,324.1,2.44,-1.75,-0.02,24.46,90,0,0,1
2026-08-18T01:45:31,1786992332,13.822503,100.512065,19.7,4.0,-0.2,-1.2,-35.6,324.4,2.44,-1.77,0.0,24.45,90,0,0,1
2026-08-18T01:45:32,1786992333,13.822525,100.512049,19.7,4.01,-0.2,-1.5,-35.8,324.2,2.44,-1.74,0.01,24.45,89,0,0,1
2026-08-18T01:45:33,1786992334,13.822541,100.512037,18.9,4.01,-0.2,-1.5,-35.8,324.2,2.44,-1.74,0.01,24.45,89,AUTO.LOITER,1,1
2026-08-18T01:45:34,1786992335,13.822541,100.512037,18.9,4.01,-0.2,-1.4,-35.8,324.2,2.44,-1.74,0.01,24.45,89,AUTO.LOITER,1,1
2026-08-18T01:45:35,1786992336,13.822541,100.512037,18.9,4.01,0.1,-1.2,-35.7,324.3,2.44,-1.74,0.01,24.45,89,AUTO.LOITER,1,1
2026-08-18T01:45:36,1786992337,13.822541,100.512037,18.9,4.01,-0.3,-1.3,-35.7,324.3,2.44,-1.74,0.01,24.45,89,AUTO.LOITER,1,1
2026-08-18T01:45:37,1786992338,13.822635,100.511967,19.8,4.07,0.0,-1.2,-35.8,324.2,2.41,-1.73,0.06,24.43,89,AUTO.LOITER,1,1
2026-08-18T01:45:38,1786992339,13.822657,100.511951,19.8,4.08,0.1,-1.6,-35.8,324.2,2.44,-1.73,0.07,24.43,89,AUTO.LOITER,1,1
2026-08-18T01:45:39,1786992340,13.822679,100.511935,19.8,4.07,-0.7,-1.3,-35.7,324.3,2.42,-1.76,0.06,24.42,89,AUTO.LOITER,1,1
2026-08-18T01:45:40,1786992341,13.822696,100.511923,19.1,4.07,-0.3,-1.2,-35.8,324.2,2.42,-1.76,0.06,24.42,89,AUTO.LOITER,1,1
2026-08-18T01:45:41,1786992342,13.822701,100.511919,19.8,4.08,-0.3,-1.0,-35.8,324.2,2.4,-1.76,0.07,24.42,89,0,0,1
2026-08-18T01:45:42,1786992343,13.822723,100.511903,19.8,4.07,-0.1,-1.3,-35.8,324.2,2.37,-1.76,0.07,24.41,88,0,0,1
2026-08-18T01:45:43,1786992344,13.822744,100.511886,19.8,4.07,-0.1,-1.2,-35.8,324.2,2.39,-1.76,0.06,24.41,88,AUTO.LOITER,1,1
2026-08-18T01:45:44,1786992345,13.822766,100.51187,19.8,4.06,-0.4,-1.1,-35.8,324.2,2.4,-1.76,0.05,24.41,88,AUTO.LOITER,1,1
2026-08-18T01:45:45,1786992346,13.822766,100.51187,19.8,4.06,-0.1,-1.4,-35.8,324.2,2.4,-1.76,0.05,24.41,88,0,0,1
2026-08-18T01:45:46,1786992347,13.822766,100.51187,19.8,4.06,-0.1,-1.3,-35.6,324.4,2.4,-1.76,0.05,24.41,88,0,0,1
2026-08-18T01:45:47,1786992348,13.822832,100.511821,19.8,4.05,-0.3,-1.2,-35.7,324.3,2.45,-1.76,0.04,24.39,88,AUTO.LOITER,1,1
2026-08-18T01:45:48,1786992349,13.822854,100.511805,19.8,4.05,-0.3,6.8,-35.7,324.3,2.29,-1.64,0.03,24.39,88,AUTO.LOITER,1,1
2026-08-18T01:45:49,1786992350,13.822869,100.511794,19.7,4.05,-0.0,5.5,-35.5,324.5,1.32,-0.93,0.04,24.38,88,AUTO.LOITER,1,1
2026-08-18T01:45:50,1786992351,13.822879,100.511787,19.7,4.05,-1.0,3.0,-36.8,323.2,0.87,-0.5,0.01,24.38,88,AUTO.LOITER,1,1
2026-08-18T01:45:51,1786992352,13.822886,100.51179,19.0,4.05,6.7,4.5,-33.1,326.9,0.87,-0.5,0.01,24.37,87,AUTO.LOITER,1,1
2026-08-18T01:45:52,1786992353,13.822888,100.511792,19.8,4.06,-6.9,7.2,-5.0,355.0,1.11,1.12,0.02,24.37,87,0,0,1
2026-08-18T01:45:53,1786992354,13.822899,100.5118,19.8,4.08,6.2,14.8,13.4,13.4,0.38,0.52,0.03,24.37,87,AUTO.LOITER,1,1
2026-08-18T01:45:54,1786992355,13.822899,100.5118,19.8,4.08,9.7,0.1,47.4,47.4,0.38,0.52,0.03,24.37,87,0,0,1
2026-08-18T01:45:55,1786992356,13.822872,100.511822,19.7,4.03,9.7,0.1,47.4,47.4,-2.49,1.99,0.04,24.37,87,0,0,1
2026-08-18T01:45:56,1786992357,13.822872,100.511822,19.7,4.03,2.7,1.0,71.6,71.6,-2.49,1.99,0.04,24.37,87,0,0,1
2026-08-18T01:45:57,1786992358,13.82283,100.511854,19.7,4.04,0.6,-1.1,110.9,110.9,-2.45,1.86,0.04,24.35,87,0,0,1
2026-08-18T01:45:58,1786992359,13.822813,100.511866,19.1,4.04,-0.1,-1.1,134.8,134.8,-2.45,1.86,0.04,24.35,87,0,0,1
2026-08-18T01:45:59,1786992360,13.822786,100.511887,19.8,4.05,-0.2,-1.3,149.2,149.2,-2.39,1.84,0.03,24.34,87,AUTO.LOITER,1,1
2026-08-18T01:46:00,1786992361,13.822765,100.511904,19.7,4.05,0.2,-1.4,147.0,147.0,-2.43,1.81,0.05,24.34,86,AUTO.LOITER,1,1
2026-08-18T01:46:01,1786992362,13.822743,100.511921,19.7,4.04,0.2,-0.9,139.5,139.5,-2.43,1.77,0.04,24.33,86,AUTO.LOITER,1,1
2026-08-18T01:46:02,1786992363,13.822727,100.511933,19.0,4.04,0.1,-1.1,142.3,142.3,-2.43,1.77,0.04,24.33,86,AUTO.LOITER,1,1
2026-08-18T01:46:03,1786992364,13.822722,100.511938,19.7,4.04,-0.5,-0.9,144.4,144.4,-2.4,1.76,0.03,24.33,86,0,0,1
2026-08-18T01:46:04,1786992365,13.8227,100.511954,19.7,4.03,0.2,-1.4,142.7,142.7,-2.37,1.78,0.03,24.32,86,0,0,1
2026-08-18T01:46:05,1786992366,13.8227,100.511954,19.7,4.03,0.2,-1.4,142.7,142.7,-2.37,1.78,0.03,24.32,86,0,0,1
2026-08-18T01:46:06,1786992367,13.8227,100.511954,19.7,4.03,0.3,-1.1,143.2,143.2,-2.37,1.78,0.03,24.32,86,0,0,1
2026-08-18T01:46:07,1786992368,13.822635,100.512004,19.7,4.0,-0.3,-1.2,143.4,143.4,-2.41,1.76,0.0,24.31,86,AUTO.LOITER,1,1
2026-08-18T01:46:08,1786992369,13.822613,100.512021,19.7,4.0,-0.2,-0.8,143.1,143.1,-2.39,1.79,0.0,24.31,86,AUTO.LOITER,1,1
2026-08-18T01:46:09,1786992370,13.822591,100.512037,19.7,3.99,-0.2,-1.0,143.1,143.1,-2.35,1.81,-0.01,24.3,86,AUTO.LOITER,1,1
2026-08-18T01:46:10,1786992371,13.82257,100.512054,19.7,4.01,0.1,-1.4,143.2,143.2,-2.36,1.82,0.0,24.3,85,AUTO.LOITER,1,1
2026-08-18T01:46:11,1786992372,13.822549,100.51207,19.7,3.99,0.3,-1.2,143.2,143.2,-2.4,1.81,-0.01,24.3,85,AUTO.LOITER,1,1
2026-08-18T01:46:12,1786992373,13.822527,100.512087,19.7,3.98,-0.3,-1.4,143.2,143.2,-2.4,1.85,-0.01,24.29,85,AUTO.LOITER,1,1
2026-08-18T01:46:13,1786992374,13.822511,100.512099,18.8,3.98,0.1,-0.8,143.1,143.1,-2.4,1.85,-0.01,24.29,85,AUTO.LOITER,1,1
2026-08-18T01:46:14,1786992375,13.822505,100.512104,19.7,3.98,-0.1,-1.0,143.2,143.2,-2.37,1.82,-0.02,24.29,85,0,0,1
2026-08-18T01:46:15,1786992376,13.822484,100.51212,19.7,3.98,-0.2,-1.1,143.2,143.2,-2.37,1.82,-0.02,24.28,85,0,0,1
2026-08-18T01:46:16,1786992377,13.822462,100.512137,19.7,4.0,0.4,-1.3,143.2,143.2,-2.37,1.82,0.0,24.28,85,0,0,1
2026-08-18T01:46:17,1786992378,13.822441,100.512153,19.7,4.0,0.3,-0.6,143.2,143.2,-2.44,1.83,0.0,24.27,85,AUTO.LOITER,1,1
2026-08-18T01:46:18,1786992379,13.822419,100.51217,19.7,3.99,-0.5,-1.1,143.2,143.2,-2.39,1.81,-0.01,24.27,85,AUTO.LOITER,1,1
2026-08-18T01:46:19,1786992380,13.822419,100.51217,19.7,3.99,-0.0,-1.1,143.1,143.1,-2.39,1.81,-0.01,24.27,85,0,0,1
2026-08-18T01:46:20,1786992381,13.822376,100.512203,19.7,4.04,0.1,-0.9,143.2,143.2,-2.39,1.82,0.03,24.27,85,0,0,1
2026-08-18T01:46:21,1786992382,13.822376,100.512203,19.7,4.04,0.1,-0.9,143.2,143.2,-2.39,1.82,0.03,24.27,85,0,0,1
2026-08-18T01:46:22,1786992383,13.822332,100.512237,19.8,4.06,-0.1,-0.7,143.3,143.3,-2.39,1.78,0.06,24.25,84,AUTO.LOITER,1,1
2026-08-18T01:46:23,1786992384,13.822311,100.512253,19.8,4.06,0.3,-1.1,143.1,143.1,-2.39,1.8,0.05,24.25,84,AUTO.LOITER,1,1
2026-08-18T01:46:24,1786992385,13.822289,100.51227,19.8,4.09,-0.1,-0.9,143.1,143.1,-2.37,1.79,0.08,24.24,84,AUTO.LOITER,1,1
2026-08-18T01:46:25,1786992386,13.822275,100.512281,19.2,4.09,0.1,7.6,143.1,143.1,-2.37,1.79,0.08,24.24,84,AUTO.LOITER,1,1
2026-08-18T01:46:26,1786992387,13.82227,100.512285,19.8,4.09,0.1,3.5,143.1,143.1,-1.61,1.23,0.09,24.24,84,0,0,1
2026-08-18T01:46:27,1786992388,13.822259,100.512293,19.8,4.08,-9.4,6.5,141.7,141.7,-1.0,0.74,0.07,24.23,84,0,0,1
2026-08-18T01:46:28,1786992389,13.822254,100.5123,19.8,4.07,-2.4,-6.0,125.5,125.5,0.3,0.94,0.06,24.23,84,0,0,1
2026-08-18T01:46:29,1786992390,13.822259,100.51231,19.0,4.07,-2.4,-6.0,125.5,125.5,0.3,0.94,0.06,24.23,84,0,0,1
2026-08-18T01:46:30,1786992391,13.822263,100.512322,19.7,4.04,-2.4,-6.0,125.5,125.5,0.62,-0.22,0.05,24.22,83,0,0,1
2026-08-18T01:46:31,1786992392,13.822272,100.512314,19.7,4.02,-14.4,-0.6,56.5,56.5,1.74,-1.09,-0.02,24.22,83,AUTO.LOITER,1,1
2026-08-18T01:46:32,1786992393,13.822288,100.512304,18.9,4.02,0.2,0.4,32.5,32.5,1.74,-1.09,-0.02,24.21,83,AUTO.LOITER,1,1
2026-08-18T01:46:33,1786992394,13.822314,100.512284,19.7,3.98,-1.9,-1.7,6.3,6.3,2.52,-1.84,0.0,24.21,83,AUTO.LOITER,1,1
2026-08-18T01:46:34,1786992395,13.822336,100.512268,19.7,3.97,-0.8,-1.0,-18.7,341.3,2.51,-1.84,-0.02,24.2,83,AUTO.LOITER,1,1
2026-08-18T01:46:35,1786992396,13.822358,100.512252,19.6,3.95,-0.3,-1.5,-30.5,329.5,2.47,-1.85,-0.05,24.2,83,AUTO.LOITER,1,1
2026-08-18T01:46:36,1786992397,13.822374,100.512241,18.8,3.95,-0.2,-1.0,-41.7,318.3,2.47,-1.85,-0.05,24.2,83,AUTO.LOITER,1,1
2026-08-18T01:46:37,1786992398,13.822397,100.512224,18.7,3.95,-0.1,-0.9,-33.8,326.2,2.43,-1.84,-0.05,24.19,83,AUTO.LOITER,1,1
2026-08-18T01:46:38,1786992399,13.822402,100.51222,19.6,3.93,0.1,-0.9,-33.1,326.9,2.41,-1.82,-0.06,24.19,83,0,0,1
2026-08-18T01:46:39,1786992400,13.822418,100.512208,18.7,3.93,-0.0,-1.1,-36.9,323.1,2.41,-1.82,-0.06,24.19,83,0,0,1
2026-08-18T01:46:40,1786992401,13.822418,100.512208,18.7,3.93,0.4,-0.9,-36.8,323.2,2.41,-1.82,-0.06,24.19,83,0,0,1
2026-08-18T01:46:41,1786992402,13.822468,100.512171,19.6,3.91,0.0,-1.1,-35.1,324.9,2.4,-1.75,-0.09,24.18,82,AUTO.LOITER,1,1
2026-08-18T01:46:42,1786992403,13.822489,100.512155,19.6,3.91,0.5,-0.9,-35.4,324.6,2.42,-1.77,-0.09,24.17,82,AUTO.LOITER,1,1
2026-08-18T01:46:43,1786992404,13.822511,100.512138,19.6,3.9,0.2,-0.9,-35.8,324.2,2.41,-1.74,-0.09,24.17,82,AUTO.LOITER,1,1
2026-08-18T01:46:44,1786992405,13.822533,100.512122,19.6,3.9,0.7,-1.0,-35.7,324.3,2.4,-1.73,-0.1,24.16,82,AUTO.LOITER,1,1
2026-08-18T01:46:45,1786992406,13.822555,100.512106,19.6,3.9,0.1,-1.1,-35.6,324.4,2.44,-1.7,-0.1,24.16,82,AUTO.LOITER,1,1
2026-08-18T01:46:46,1786992407,13.822577,100.512089,19.6,3.9,0.7,-0.8,-35.7,324.3,2.43,-1.69,-0.09,24.16,82,AUTO.LOITER,1,1
2026-08-18T01:46:47,1786992408,13.822598,100.512073,19.6,3.9,0.7,-1.0,-35.7,324.3,2.45,-1.69,-0.1,24.16,82,0,0,1
2026-08-18T01:46:48,1786992409,13.822615,100.512061,18.6,3.9,0.6,-1.0,-35.7,324.3,2.45,-1.69,-0.1,24.15,82,0,0,1
2026-08-18T01:46:49,1786992410,13.822615,100.512061,18.6,3.9,0.5,-1.1,-35.7,324.3,2.45,-1.69,-0.1,24.15,82,0,0,1
2026-08-18T01:46:50,1786992411,13.822642,100.512041,19.6,3.91,-0.1,-1.2,-35.7,324.3,2.47,-1.7,-0.09,24.14,81,0,0,1
2026-08-18T01:46:51,1786992412,13.822664,100.512025,19.6,3.91,0.2,-1.0,-35.7,324.3,2.46,-1.75,-0.08,24.14,81,0,0,1
2026-08-18T01:46:52,1786992413,13.822686,100.512008,19.6,3.9,0.4,-1.1,-35.7,324.3,2.45,-1.73,-0.1,24.14,81,AUTO.LOITER,1,1
2026-08-18T01:46:53,1786992414,13.822708,100.511993,19.6,3.88,0.0,-1.3,-35.7,324.3,2.44,-1.73,-0.11,24.13,81,AUTO.LOITER,1,1
2026-08-18T01:46:54,1786992415,13.82273,100.511976,19.6,3.88,0.6,-0.7,-35.8,324.2,2.45,-1.77,-0.12,24.13,81,AUTO.LOITER,1,1
2026-08-18T01:46:55,1786992416,13.822752,100.51196,19.6,3.88,0.6,-0.5,-35.7,324.3,2.42,-1.69,-0.12,24.12,81,AUTO.LOITER,1,1
2026-08-18T01:46:56,1786992417,13.822774,100.511943,19.6,3.88,0.6,-0.5,-35.7,324.3,2.46,-1.72,-0.12,24.12,81,AUTO.LOITER,1,1
2026-08-18T01:46:57,1786992418,13.822796,100.511927,19.6,3.88,0.6,-0.5,-35.7,324.3,2.45,-1.7,-0.11,24.12,81,0,0,1
2026-08-18T01:46:58,1786992419,13.822812,100.511916,18.6,3.88,0.6,-0.5,-35.7,324.3,2.45,-1.7,-0.11,24.11,81,AUTO.LOITER,1,1
2026-08-18T01:46:59,1786992420,13.822834,100.511899,18.6,3.88,0.2,-1.0,-35.8,324.2,2.45,-1.7,-0.11,24.11,80,AUTO.LOITER,1,1
2026-08-18T01:47:00,1786992421,13.82284,100.511895,19.6,3.89,0.2,-1.4,-35.8,324.2,2.42,-1.74,-0.11,24.11,80,0,0,1
2026-08-18T01:47:01,1786992422,13.822861,100.511879,19.6,3.87,0.2,-1.0,-35.6,324.4,2.44,-1.76,-0.13,24.1,80,0,0,1
2026-08-18T01:47:02,1786992423,13.822883,100.511862,19.6,3.85,0.3,1.3,-35.6,324.4,2.45,-1.74,-0.14,24.1,80,AUTO.LOITER,1,1
2026-08-18T01:47:03,1786992424,13.822902,100.511849,19.5,3.84,0.4,4.5,-35.3,324.7,1.58,-1.11,-0.15,24.09,80,AUTO.LOITER,1,1
2026-08-18T01:47:04,1786992425,13.822913,100.511841,19.5,3.84,3.1,3.4,-35.9,324.1,0.98,-0.67,-0.16,24.09,80,AUTO.LOITER,1,1
2026-08-18T01:47:05,1786992426,13.82292,100.51184,18.4,3.84,6.3,-1.2,-27.2,332.8,0.98,-0.67,-0.16,24.08,80,AUTO.LOITER,1,1
2026-08-18T01:47:06,1786992427,13.822931,100.511847,18.4,3.84,-2.2,11.9,5.2,5.2,0.98,-0.67,-0.16,24.08,80,AUTO.LOITER,1,1
2026-08-18T01:47:07,1786992428,13.822932,100.511854,19.5,3.81,4.8,1.4,33.6,33.6,-1.02,0.8,-0.14,24.07,80,AUTO.LOITER,1,1
2026-08-18T01:47:08,1786992429,13.822932,100.511854,19.5,3.81,4.8,1.4,33.6,33.6,-1.02,0.8,-0.14,24.07,80,AUTO.LOITER,1,1
2026-08-18T01:47:09,1786992430,13.822903,100.511878,18.3,3.81,-1.5,1.8,66.2,66.2,-1.02,0.8,-0.14,24.07,79,AUTO.LOITER,1,1
2026-08-18T01:47:10,1786992431,13.822882,100.511894,18.3,3.83,2.2,-2.2,93.0,93.0,-2.31,1.77,-0.16,24.06,79,AUTO.LOITER,1,1
2026-08-18T01:47:11,1786992432,13.822876,100.511899,19.5,3.82,0.4,-0.9,118.1,118.1,-2.51,1.87,-0.17,24.06,79,0,0,1
2026-08-18T01:47:12,1786992433,13.822854,100.511915,19.5,3.83,-0.0,-1.4,141.3,141.3,-2.41,1.86,-0.16,24.06,79,0,0,1
2026-08-18T01:47:13,1786992434,13.822833,100.511932,19.5,3.82,-0.2,-1.2,148.3,148.3,-2.42,1.85,-0.18,24.05,79,AUTO.LOITER,1,1
2026-08-18T01:47:14,1786992435,13.822811,100.511949,19.5,3.83,-0.1,-1.1,144.1,144.1,-2.41,1.85,-0.17,24.05,79,AUTO.LOITER,1,1
2026-08-18T01:47:15,1786992436,13.822789,100.511966,19.5,3.84,0.5,-1.0,139.5,139.5,-2.38,1.82,-0.15,24.04,79,AUTO.LOITER,1,1
2026-08-18T01:47:16,1786992437,13.822768,100.511982,19.5,3.84,0.5,-1.0,139.5,139.5,-2.39,1.78,-0.15,24.04,79,0,0,1
2026-08-18T01:47:17,1786992438,13.822746,100.511999,19.5,3.85,0.5,-1.0,139.5,139.5,-2.42,1.76,-0.15,24.04,79,AUTO.LOITER,1,1
2026-08-18T01:47:18,1786992439,13.822746,100.511999,19.5,3.85,0.5,-1.0,139.5,139.5,-2.42,1.76,-0.15,24.04,79,AUTO.LOITER,1,1
2026-08-18T01:47:19,1786992440,13.822703,100.512032,19.6,3.86,0.1,-1.2,142.5,142.5,-2.37,1.78,-0.15,24.03,78,AUTO.LOITER,1,1
2026-08-18T01:47:20,1786992441,13.822687,100.512044,18.3,3.86,-0.2,-1.3,143.4,143.4,-2.37,1.78,-0.15,24.02,78,AUTO.LOITER,1,1
2026-08-18T01:47:21,1786992442,13.822665,100.512061,18.4,3.86,-0.3,-1.2,143.2,143.2,-2.41,1.81,-0.14,24.02,78,AUTO.LOITER,1,1
2026-08-18T01:47:22,1786992443,13.82266,100.512065,19.6,3.86,-0.3,-1.0,143.0,143.0,-2.38,1.83,-0.13,24.02,78,0,0,1
2026-08-18T01:47:23,1786992444,13.822638,100.512082,19.6,3.87,0.2,-1.3,143.2,143.2,-2.38,1.85,-0.13,24.01,78,0,0,1
2026-08-18T01:47:24,1786992445,13.822617,100.512098,19.6,3.88,-0.0,-1.3,143.3,143.3,-2.4,1.81,-0.12,24.01,78,AUTO.LOITER,1,1
2026-08-18T01:47:25,1786992446,13.822595,100.512115,19.6,3.88,0.1,-1.1,143.2,143.2,-2.41,1.82,-0.11,24.01,78,0,0,1
2026-08-18T01:47:26,1786992447,13.822595,100.512115,19.6,3.88,-0.0,-0.7,143.1,143.1,-2.41,1.82,-0.11,24.01,78,0,0,1
2026-08-18T01:47:27,1786992448,13.822551,100.512149,19.6,3.88,-0.1,-1.3,143.2,143.2,-2.36,1.77,-0.12,24.0,78,AUTO.LOITER,1,1
2026-08-18T01:47:28,1786992449,13.82253,100.512165,19.6,3.87,-0.2,-0.6,143.1,143.1,-2.37,1.85,-0.12,23.99,78,AUTO.LOITER,1,1
2026-08-18T01:47:29,1786992450,13.822508,100.512182,19.6,3.86,0.2,-0.9,143.1,143.1,-2.36,1.82,-0.14,23.99,77,AUTO.LOITER,1,1
2026-08-18T01:47:30,1786992451,13.822487,100.512198,19.5,3.85,0.1,-1.3,143.2,143.2,-2.39,1.81,-0.15,23.98,77,AUTO.LOITER,1,1
2026-08-18T01:47:31,1786992452,13.822472,100.51221,18.3,3.85,0.2,-1.2,143.2,143.2,-2.39,1.81,-0.15,23.98,77,AUTO.LOITER,1,1
2026-08-18T01:47:32,1786992453,13.822449,100.512228,18.2,3.84,0.0,-0.9,143.2,143.2,-2.41,1.82,-0.16,23.98,77,AUTO.LOITER,1,1
2026-08-18T01:47:33,1786992454,13.822444,100.512232,19.5,3.83,-0.0,-1.1,143.2,143.2,-2.4,1.82,-0.17,23.98,77,0,0,1
2026-08-18T01:47:34,1786992455,13.822422,100.512248,19.5,3.83,0.2,-0.8,143.2,143.2,-2.39,1.8,-0.17,23.97,77,0,0,1
2026-08-18T01:47:35,1786992456,13.8224,100.512265,19.5,3.83,0.3,-0.8,143.2,143.2,-2.39,1.81,-0.16,23.97,77,AUTO.LOITER,1,1
2026-08-18T01:47:36,1786992457,13.822379,100.512282,19.5,3.82,-0.0,-1.1,143.2,143.2,-2.4,1.8,-0.17,23.96,77,AUTO.LOITER,1,1
2026-08-18T01:47:37,1786992458,13.822357,100.512298,19.5,3.83,0.1,-0.8,143.1,143.1,-2.38,1.79,-0.17,23.96,77,AUTO.LOITER,1,1
2026-08-18T01:47:38,1786992459,13.822336,100.512315,19.5,3.84,0.1,-1.0,143.2,143.2,-2.4,1.8,-0.16,23.95,77,AUTO.LOITER,1,1
2026-08-18T01:47:39,1786992460,13.822314,100.512331,19.5,3.85,0.0,7.2,143.2,143.2,-2.11,1.6,-0.16,23.95,76,AUTO.LOITER,1,1
2026-08-18T01:47:40,1786992461,13.8223,100.512342,19.5,3.84,0.5,4.9,143.2,143.2,-1.25,0.9,-0.15,23.95,76,AUTO.LOITER,1,1
2026-08-18T01:47:41,1786992462,13.822292,100.512349,19.6,3.86,-1.7,4.3,142.7,142.7,-0.4,0.76,-0.2,23.94,76,AUTO.LOITER,1,1
2026-08-18T01:47:42,1786992463,13.822294,100.512356,18.4,3.86,-8.3,-1.9,132.3,132.3,-0.4,0.76,-0.2,23.94,76,AUTO.LOITER,1,1
2026-08-18T01:47:43,1786992464,13.822296,100.51236,19.6,3.87,2.5,-4.1,117.1,117.1,0.75,1.7,-0.15,23.94,76,0,0,1
2026-08-18T01:47:44,1786992465,13.822299,100.512373,19.6,3.88,-4.8,3.4,72.6,72.6,0.49,0.55,-0.13,23.93,76,0,0,1
2026-08-18T01:47:45,1786992466,13.822307,100.512368,19.6,3.86,-11.7,0.6,50.9,50.9,1.27,-0.9,-0.15,23.93,76,0,0,1
2026-08-18T01:47:46,1786992467,13.822319,100.51236,18.4,3.86,1.5,0.5,39.0,39.0,1.27,-0.9,-0.15,23.92,76,0,0,1
2026-08-18T01:47:47,1786992468,13.822347,100.51234,19.6,3.88,-3.2,-2.0,12.9,12.9,2.45,-1.75,-0.12,23.92,76,0,0,1
2026-08-18T01:47:48,1786992469,13.822369,100.512324,19.6,3.88,-0.8,-0.8,-12.5,347.5,2.51,-1.84,-0.11,23.91,76,AUTO.LOITER,1,1
2026-08-18T01:47:49,1786992470,13.82239,100.512308,19.6,3.87,-0.0,-1.5,-35.4,324.6,2.46,-1.84,-0.12,23.91,75,AUTO.LOITER,1,1
2026-08-18T01:47:50,1786992471,13.822412,100.512292,19.6,3.88,0.1,-1.1,-40.5,319.5,2.47,-1.81,-0.13,23.91,75,AUTO.LOITER,1,1
2026-08-18T01:47:51,1786992472,13.822434,100.512275,19.6,3.87,-0.3,-1.0,-35.9,324.1,2.44,-1.79,-0.12,23.9,75,AUTO.LOITER,1,1
2026-08-18T01:47:52,1786992473,13.822456,100.512259,19.6,3.85,-0.2,-1.2,-32.2,327.8,2.45,-1.79,-0.14,23.9,75,AUTO.LOITER,1,1
2026-08-18T01:47:53,1786992474,13.822473,100.512246,18.3,3.85,0.0,-0.8,-36.3,323.7,2.45,-1.79,-0.14,23.89,75,AUTO.LOITER,1,1
2026-08-18T01:47:54,1786992475,13.822478,100.512242,19.5,3.85,0.3,-1.3,-36.3,323.7,2.41,-1.75,-0.15,23.89,75,0,0,1
2026-08-18T01:47:55,1786992476,13.8225,100.512226,19.5,3.85,-0.2,-1.0,-35.0,325.0,2.47,-1.73,-0.15,23.89,75,0,0,1
2026-08-18T01:47:56,1786992477,13.822522,100.51221,19.5,3.84,0.3,-1.2,-35.7,324.3,2.44,-1.75,-0.15,23.88,75,0,0,1
2026-08-18T01:47:57,1786992478,13.822544,100.512194,19.5,3.84,-0.1,-1.3,-35.9,324.1,2.46,-1.71,-0.16,23.88,75,AUTO.LOITER,1,1
2026-08-18T01:47:58,1786992479,13.822565,100.512178,19.5,3.84,0.2,-1.2,-35.8,324.2,2.45,-1.73,-0.15,23.88,75,AUTO.LOITER,1,1
2026-08-18T01:47:59,1786992480,13.822587,100.512161,19.6,3.86,0.0,-1.1,-35.6,324.4,2.47,-1.74,-0.14,23.87,74,0,0,1
2026-08-18T01:48:00,1786992481,13.822603,100.512149,18.4,3.86,0.1,-1.1,-35.8,324.2,2.47,-1.74,-0.14,23.87,74,AUTO.LOITER,1,1
2026-08-18T01:48:01,1786992482,13.822631,100.512129,19.6,3.88,0.1,-1.1,-35.8,324.2,2.45,-1.73,-0.12,23.86,74,AUTO.LOITER,1,1
2026-08-18T01:48:02,1786992483,13.822653,100.512113,19.6,3.88,0.3,-1.3,-35.7,324.3,2.47,-1.73,-0.11,23.86,74,AUTO.LOITER,1,1
2026-08-18T01:48:03,1786992484,13.822669,100.512101,18.4,3.88,-0.0,-0.8,-35.7,324.3,2.47,-1.73,-0.11,23.85,74,AUTO.LOITER,1,1
2026-08-18T01:48:04,1786992485,13.822692,100.512084,18.4,3.89,-0.0,-1.1,-35.8,324.2,2.46,-1.73,-0.11,23.85,74,AUTO.LOITER,1,1
2026-08-18T01:48:05,1786992486,13.822697,100.51208,19.6,3.9,0.1,-0.6,-35.8,324.2,2.43,-1.74,-0.1,23.85,74,0,0,1
2026-08-18T01:48:06,1786992487,13.822719,100.512064,19.6,3.91,-0.0,-1.1,-35.7,324.3,2.41,-1.71,-0.09,23.84,74,0,0,1
2026-08-18T01:48:07,1786992488,13.822741,100.512048,19.6,3.91,-0.5,-0.7,-35.7,324.3,2.45,-1.71,-0.09,23.84,74,AUTO.LOITER,1,1
2026-08-18T01:48:08,1786992489,13.822763,100.512031,19.6,3.93,0.1,-1.0,-35.8,324.2,2.4,-1.73,-0.07,23.84,74,AUTO.LOITER,1,1
2026-08-18T01:48:09,1786992490,13.822784,100.512015,19.6,3.94,0.3,-1.6,-35.7,324.3,2.44,-1.71,-0.06,23.83,73,AUTO.LOITER,1,1
2026-08-18T01:48:10,1786992491,13.822806,100.511999,19.6,3.93,-0.3,-0.6,-35.6,324.4,2.5,-1.71,-0.07,23.83,73,AUTO.LOITER,1,1
2026-08-18T01:48:11,1786992492,13.822828,100.511983,19.6,3.92,-0.1,-1.2,-35.7,324.3,2.42,-1.71,-0.08,23.82,73,AUTO.LOITER,1,1
2026-08-18T01:48:12,1786992493,13.82285,100.511967,19.6,3.93,-0.4,-0.9,-35.7,324.3,2.45,-1.73,-0.07,23.82,73,AUTO.LOITER,1,1
2026-08-18T01:48:13,1786992494,13.822872,100.51195,19.6,3.92,-0.1,-1.1,-35.7,324.3,2.42,-1.73,-0.08,23.82,73,AUTO.LOITER,1,1
2026-08-18T01:48:14,1786992495,13.822894,100.511934,19.6,3.9,-0.2,-0.8,-35.7,324.3,2.41,-1.73,-0.09,23.81,73,AUTO.LOITER,1,1
2026-08-18T01:48:15,1786992496,13.822916,100.511918,19.6,3.89,-0.1,-1.3,-35.8,324.2,2.43,-1.75,-0.1,23.81,73,0,0,1
2026-08-18T01:48:16,1786992497,13.822916,100.511918,19.6,3.89,-0.5,6.6,-35.8,324.2,2.43,-1.75,-0.1,23.81,73,0,0,1
2026-08-18T01:48:17,1786992498,13.822936,100.511903,19.6,3.88,0.2,3.5,-35.6,324.4,1.75,-1.29,-0.11,23.81,73,0,0,1
2026-08-18T01:48:18,1786992499,13.822948,100.511894,19.6,3.89,7.3,4.3,-35.9,324.1,1.07,-0.75,-0.11,23.8,73,0,0,1
2026-08-18T01:48:20,1786992500,13.822956,100.511891,19.6,3.9,4.9,-4.2,-22.5,337.5,0.92,0.35,-0.12,23.79,72,0,0,1
2026-08-18T01:48:21,1786992501,13.822967,100.5119,19.6,3.92,-6.8,3.6,-6.0,354.0,1.36,1.1,-0.1,23.79,72,AUTO.LOITER,1,1
2026-08-18T01:48:22,1786992502,13.822972,100.511905,19.6,3.93,8.2,7.4,26.4,26.4,-0.58,0.62,-0.04,23.79,72,AUTO.LOITER,1,1
2026-08-18T01:48:23,1786992503,13.82296,100.511914,19.6,3.92,13.1,0.3,47.5,47.5,-1.9,1.45,-0.11,23.78,72,AUTO.LOITER,1,1
2026-08-18T01:48:24,1786992504,13.82294,100.511931,19.6,3.93,-0.4,0.8,58.4,58.4,-2.37,1.84,-0.06,23.78,72,AUTO.LOITER,1,1
2026-08-18T01:48:25,1786992505,13.82294,100.511931,19.6,3.93,3.4,-1.5,84.4,84.4,-2.37,1.84,-0.06,23.78,72,0,0,1
2026-08-18T01:48:26,1786992506,13.822897,100.511963,19.6,3.94,0.6,-1.1,110.5,110.5,-2.48,1.85,-0.05,23.77,72,AUTO.LOITER,1,1
2026-08-18T01:48:27,1786992507,13.822881,100.511976,18.5,3.94,0.4,-1.2,134.4,134.4,-2.48,1.85,-0.05,23.76,72,AUTO.LOITER,1,1
2026-08-18T01:48:28,1786992508,13.822876,100.51198,19.6,3.94,-0.3,-0.9,149.2,149.2,-2.45,1.82,-0.06,23.76,72,0,0,1
2026-08-18T01:48:29,1786992509,13.822854,100.511997,19.6,3.94,-0.4,-1.1,142.4,142.4,-2.41,1.79,-0.07,23.76,71,0,0,1
2026-08-18T01:48:30,1786992510,13.822832,100.512013,19.6,3.93,-0.0,-1.3,139.9,139.9,-2.36,1.8,-0.06,23.75,71,AUTO.LOITER,1,1
2026-08-18T01:48:31,1786992511,13.822811,100.51203,19.6,3.95,0.3,-1.0,142.2,142.2,-2.37,1.83,-0.05,23.75,71,AUTO.LOITER,1,1
2026-08-18T01:48:32,1786992512,13.822789,100.512046,19.6,3.95,-0.1,-1.5,144.4,144.4,-2.38,1.79,-0.04,23.75,71,AUTO.LOITER,1,1
2026-08-18T01:48:33,1786992513,13.822767,100.512063,19.7,3.96,-0.0,-1.5,143.6,143.6,-2.42,1.8,-0.04,23.75,71,AUTO.LOITER,1,1
2026-08-18T01:48:34,1786992514,13.822767,100.512063,19.7,3.96,-0.1,-0.9,142.4,142.4,-2.42,1.8,-0.04,23.75,71,0,0,1
2026-08-18T01:48:35,1786992515,13.822724,100.512096,19.6,3.95,-0.1,-0.9,142.4,142.4,-2.37,1.79,-0.05,23.73,71,AUTO.LOITER,1,1
2026-08-18T01:48:36,1786992516,13.822703,100.512113,19.7,3.96,-0.2,-1.4,143.4,143.4,-2.39,1.79,-0.04,23.73,71,AUTO.LOITER,1,1
2026-08-18T01:48:37,1786992517,13.822681,100.51213,19.7,3.98,-0.4,-1.1,143.1,143.1,-2.37,1.82,-0.02,23.72,71,AUTO.LOITER,1,1
2026-08-18T01:48:38,1786992518,13.822665,100.512143,18.6,3.98,0.2,-1.2,143.2,143.2,-2.37,1.82,-0.02,23.72,70,AUTO.LOITER,1,1
2026-08-18T01:48:39,1786992519,13.822643,100.512159,18.6,3.98,0.2,-1.3,143.3,143.3,-2.4,1.78,-0.02,23.72,70,AUTO.LOITER,1,1
2026-08-18T01:48:40,1786992520,13.822638,100.512163,19.7,3.99,-0.3,-1.1,143.2,143.2,-2.43,1.77,-0.01,23.72,70,0,0,1
2026-08-18T01:48:41,1786992521,13.822616,100.51218,19.7,3.98,-0.4,-1.4,143.2,143.2,-2.4,1.78,-0.02,23.71,70,0,0,1
2026-08-18T01:48:42,1786992522,13.8226,100.512192,18.6,3.98,-0.4,-1.4,143.2,143.2,-2.4,1.78,-0.02,23.71,70,AUTO.LOITER,1,1
2026-08-18T01:48:43,1786992523,13.822573,100.512213,19.7,3.97,0.1,-1.1,143.2,143.2,-2.39,1.79,-0.02,23.7,70,AUTO.LOITER,1,1
2026-08-18T01:48:44,1786992524,13.822551,100.512229,19.7,3.96,0.1,-1.1,143.2,143.2,-2.39,1.79,-0.04,23.7,70,AUTO.LOITER,1,1
2026-08-18T01:48:45,1786992525,13.82253,100.512246,19.7,3.96,-0.1,-1.1,143.2,143.2,-2.39,1.81,-0.04,23.69,70,AUTO.LOITER,1,1
2026-08-18T01:48:46,1786992526,13.822508,100.512263,19.7,3.95,-0.1,-1.2,143.2,143.2,-2.38,1.81,-0.04,23.69,70,AUTO.LOITER,1,1
2026-08-18T01:48:47,1786992527,13.822487,100.512279,19.7,3.96,-0.3,-1.2,143.2,143.2,-2.41,1.79,-0.04,23.69,70,AUTO.LOITER,1,1
2026-08-18T01:48:48,1786992528,13.822465,100.512296,19.7,3.96,-0.6,-1.0,143.2,143.2,-2.36,1.82,-0.04,23.68,69,AUTO.LOITER,1,1
2026-08-18T01:48:49,1786992529,13.822443,100.512313,19.7,3.96,0.3,-1.5,143.2,143.2,-2.4,1.8,-0.04,23.68,69,AUTO.LOITER,1,1
2026-08-18T01:48:50,1786992530,13.822427,100.512325,18.6,3.96,-0.1,-1.1,143.3,143.3,-2.4,1.8,-0.04,23.67,69,AUTO.LOITER,1,1
2026-08-18T01:48:51,1786992531,13.822422,100.512329,19.7,3.96,-0.1,-1.1,143.3,143.3,-2.4,1.79,-0.04,23.67,69,0,0,1
2026-08-18T01:48:52,1786992532,13.8224,100.512346,19.7,3.96,-0.3,-1.2,143.2,143.2,-2.39,1.79,-0.03,23.67,69,0,0,1
2026-08-18T01:48:53,1786992533,13.822379,100.512362,19.7,3.97,-0.1,-1.4,143.1,143.1,-2.41,1.81,-0.03,23.67,69,0,0,1
2026-08-18T01:48:54,1786992534,13.822357,100.512379,19.7,3.99,-0.5,5.0,143.0,143.0,-2.36,1.8,-0.01,23.66,69,AUTO.LOITER,1,1
2026-08-18T01:48:55,1786992535,13.82234,100.512392,19.7,3.98,-0.0,3.6,143.1,143.1,-1.41,1.05,-0.01,23.66,69,AUTO.LOITER,1,1
2026-08-18T01:48:56,1786992536,13.82233,100.512399,19.7,3.97,-4.8,4.6,142.0,142.0,-0.84,0.68,-0.03,23.65,69,AUTO.LOITER,1,1
2026-08-18T01:48:57,1786992537,13.82233,100.512408,19.7,4.0,-7.2,-4.9,130.0,130.0,0.7,1.21,-0.03,23.65,69,AUTO.LOITER,1,1
2026-08-18T01:48:58,1786992538,13.822335,100.512423,19.7,3.98,4.4,-0.6,113.7,113.7,0.34,1.37,-0.03,23.64,68,AUTO.LOITER,1,1
2026-08-18T01:48:59,1786992539,13.822341,100.512423,19.7,3.96,-6.7,10.6,81.1,81.1,0.98,-0.75,-0.01,23.64,68,AUTO.LOITER,1,1
2026-08-18T01:49:00,1786992540,13.822351,100.512416,18.6,3.96,-14.8,-0.6,60.0,60.0,0.98,-0.75,-0.01,23.63,68,AUTO.LOITER,1,1
2026-08-18T01:49:01,1786992541,13.822355,100.512413,19.7,3.97,1.6,1.1,36.4,36.4,2.44,-1.59,0.0,23.63,68,0,0,1
2026-08-18T01:49:02,1786992542,13.822378,100.512397,19.7,3.96,-2.1,-2.3,10.1,10.1,2.37,-1.67,-0.03,23.63,68,0,0,1
2026-08-18T01:49:03,1786992543,13.822399,100.512381,19.7,3.97,-0.1,-0.9,-15.0,345.0,2.51,-1.83,-0.02,23.62,68,AUTO.LOITER,1,1
2026-08-18T01:49:04,1786992544,13.822421,100.512365,19.7,3.96,-0.6,-1.1,-27.0,333.0,2.48,-1.74,-0.03,23.62,68,AUTO.LOITER,1,1
2026-08-18T01:49:05,1786992545,13.822443,100.512348,19.7,3.96,0.2,-1.3,-41.7,318.3,2.42,-1.76,-0.05,23.62,68,AUTO.LOITER,1,1
2026-08-18T01:49:06,1786992546,13.822465,100.512332,19.7,3.96,-0.2,-1.0,-35.0,325.0,2.43,-1.75,-0.04,23.61,68,AUTO.LOITER,1,1
2026-08-18T01:49:07,1786992547,13.822487,100.512316,19.7,3.96,0.0,-1.7,-32.5,327.5,2.41,-1.74,-0.04,23.61,68,AUTO.LOITER,1,1
2026-08-18T01:49:08,1786992548,13.822509,100.5123,19.6,3.94,-0.5,-1.3,-36.6,323.4,2.44,-1.73,-0.05,23.6,67,AUTO.LOITER,1,1
2026-08-18T01:49:09,1786992549,13.822531,100.512283,19.6,3.94,-0.1,-1.2,-36.9,323.1,2.4,-1.74,-0.06,23.6,67,AUTO.LOITER,1,1
2026-08-18T01:49:10,1786992550,13.822553,100.512267,19.6,3.92,-0.0,-1.4,-35.3,324.7,2.4,-1.71,-0.07,23.59,67,AUTO.LOITER,1,1
2026-08-18T01:49:11,1786992551,13.822569,100.512254,18.5,3.92,-0.1,-1.4,-35.3,324.7,2.4,-1.71,-0.07,23.59,67,AUTO.LOITER,1,1
2026-08-18T01:49:12,1786992552,13.822574,100.512251,19.6,3.9,-0.2,-1.2,-36.0,324.0,2.41,-1.72,-0.09,23.59,67,0,0,1
2026-08-18T01:49:13,1786992553,13.822596,100.512234,19.6,3.9,-0.3,-2.0,-35.8,324.2,2.39,-1.72,-0.1,23.59,67,0,0,1
2026-08-18T01:49:14,1786992554,13.822618,100.512218,19.6,3.88,-0.3,-2.0,-35.8,324.2,2.42,-1.75,-0.12,23.58,67,AUTO.LOITER,1,1
2026-08-18T01:49:15,1786992555,13.82264,100.512202,19.6,3.88,-0.3,-2.0,-35.8,324.2,2.41,-1.72,-0.12,23.58,67,AUTO.LOITER,1,1
2026-08-18T01:49:16,1786992556,13.822656,100.51219,18.3,3.88,-0.3,-1.9,-35.8,324.2,2.41,-1.72,-0.12,23.57,67,AUTO.LOITER,1,1
2026-08-18T01:49:17,1786992557,13.822684,100.51217,19.6,3.87,-0.6,-1.3,-35.8,324.2,2.42,-1.78,-0.13,23.57,67,AUTO.LOITER,1,1
2026-08-18T01:49:18,1786992558,13.822706,100.512153,19.6,3.89,-0.1,-1.3,-35.8,324.2,2.38,-1.78,-0.11,23.56,66,AUTO.LOITER,1,1
2026-08-18T01:49:19,1786992559,13.822728,100.512137,19.6,3.9,-0.2,-1.8,-35.8,324.2,2.38,-1.78,-0.1,23.56,66,AUTO.LOITER,1,1
2026-08-18T01:49:20,1786992560,13.822749,100.512121,19.6,3.91,0.2,-1.6,-35.8,324.2,2.42,-1.79,-0.09,23.56,66,AUTO.LOITER,1,1
2026-08-18T01:49:21,1786992561,13.822771,100.512105,19.6,3.92,0.0,-1.4,-35.8,324.2,2.42,-1.76,-0.08,23.55,66,AUTO.LOITER,1,1
2026-08-18T01:49:22,1786992562,13.822793,100.512089,19.6,3.93,-0.3,-1.6,-35.8,324.2,2.39,-1.76,-0.07,23.55,66,AUTO.LOITER,1,1
2026-08-18T01:49:23,1786992563,13.822809,100.512077,18.6,3.93,-0.1,-1.7,-35.8,324.2,2.39,-1.76,-0.07,23.54,66,AUTO.LOITER,1,1
2026-08-18T01:49:24,1786992564,13.822815,100.512072,19.6,3.95,-0.0,-1.3,-35.8,324.2,2.43,-1.77,-0.05,23.54,66,0,0,1
2026-08-18T01:49:25,1786992565,13.822815,100.512072,19.6,3.95,-0.2,-1.7,-35.8,324.2,2.43,-1.77,-0.05,23.54,66,0,0,1
2026-08-18T01:49:26,1786992566,13.822853,100.512044,18.5,3.95,-0.0,-1.7,-35.8,324.2,2.43,-1.77,-0.05,23.53,66,AUTO.LOITER,1,1
2026-08-18T01:49:27,1786992567,13.822881,100.512024,19.7,3.95,-0.2,-1.6,-35.8,324.2,2.45,-1.75,-0.05,23.53,66,AUTO.LOITER,1,1
2026-08-18T01:49:28,1786992568,13.822903,100.512007,19.6,3.95,-0.1,-1.5,-35.8,324.2,2.43,-1.76,-0.05,23.53,65,AUTO.LOITER,1,1
2026-08-18T01:49:29,1786992569,13.822925,100.511991,19.6,3.95,-0.1,-1.4,-35.8,324.2,2.42,-1.76,-0.05,23.52,65,AUTO.LOITER,1,1
2026-08-18T01:49:30,1786992570,13.822947,100.511975,19.7,3.96,-0.6,-1.6,-35.8,324.2,2.42,-1.74,-0.04,23.52,65,AUTO.LOITER,1,1
2026-08-18T01:49:31,1786992571,13.822968,100.511959,19.7,3.97,-0.3,6.6,-36.4,323.6,2.09,-1.6,-0.04,23.51,65,AUTO.LOITER,1,1
2026-08-18T01:49:32,1786992572,13.822982,100.511949,19.7,3.96,-0.0,2.6,-35.3,324.7,1.23,-0.85,-0.03,23.51,65,AUTO.LOITER,1,1
2026-08-18T01:49:33,1786992573,13.822991,100.511943,19.7,3.98,1.5,2.4,-35.1,324.9,0.94,-0.17,-0.07,23.5,65,AUTO.LOITER,1,1
2026-08-18T01:49:34,1786992574,13.822991,100.511943,19.7,3.98,6.1,-0.3,-27.4,332.6,0.94,-0.17,-0.07,23.5,65,0,0,1
2026-08-18T01:49:35,1786992575,13.822991,100.511943,19.7,3.98,-4.8,11.2,3.5,3.5,0.94,-0.17,-0.07,23.5,65,0,0,1
2026-08-18T01:49:36,1786992576,13.82301,100.511956,19.7,4.01,-4.8,11.2,3.5,3.5,0.07,0.42,-0.01,23.5,65,0,0,1
2026-08-18T01:49:37,1786992577,13.823001,100.511962,19.7,4.0,6.0,-0.1,53.7,53.7,-1.54,1.12,-0.02,23.5,65,0,0,1
2026-08-18T01:49:38,1786992578,13.822981,100.511979,19.7,4.0,-1.7,1.9,65.4,65.4,-2.48,1.87,0.0,23.5,65,0,0,1
2026-08-18T01:49:39,1786992579,13.822961,100.511995,19.7,3.99,1.6,-1.9,92.1,92.1,-2.5,1.67,0.0,23.48,64,AUTO.LOITER,1,1
2026-08-18T01:49:40,1786992580,13.822939,100.512012,19.7,4.0,0.9,-0.8,117.4,117.4,-2.46,1.74,0.0,23.48,64,AUTO.LOITER,1,1
2026-08-18T01:49:41,1786992581,13.822917,100.512028,19.7,4.0,-0.6,-0.7,140.7,140.7,-2.42,1.71,0.0,23.47,64,AUTO.LOITER,1,1
2026-08-18T01:49:42,1786992582,13.822895,100.512045,19.7,4.02,-0.5,-1.0,148.6,148.6,-2.33,1.71,0.0,23.47,64,AUTO.LOITER,1,1
2026-08-18T01:49:43,1786992583,13.822874,100.512062,19.7,4.02,-0.2,-1.1,140.3,140.3,-2.32,1.75,0.02,23.46,64,AUTO.LOITER,1,1
2026-08-18T01:49:44,1786992584,13.822874,100.512062,19.7,4.02,-0.3,-1.0,139.4,139.4,-2.32,1.75,0.02,23.46,64,0,0,1
2026-08-18T01:49:45,1786992585,13.822836,100.512091,18.8,4.02,-0.3,-1.0,139.4,139.4,-2.32,1.75,0.02,23.46,64,AUTO.LOITER,1,1
2026-08-18T01:49:46,1786992586,13.822815,100.512107,18.7,4.02,0.0,-1.5,143.9,143.9,-2.32,1.75,0.02,23.45,64,AUTO.LOITER,1,1
2026-08-18T01:49:47,1786992587,13.822809,100.512111,19.7,4.0,-0.3,-1.4,142.4,142.4,-2.35,1.78,0.0,23.45,64,0,0,1
2026-08-18T01:49:48,1786992588,13.822787,100.512128,19.7,3.99,-0.2,-1.7,143.0,143.0,-2.36,1.8,0.0,23.45,63,0,0,1
2026-08-18T01:49:49,1786992589,13.822766,100.512144,19.7,3.97,-0.4,-1.8,143.3,143.3,-2.37,1.81,-0.02,23.44,63,AUTO.LOITER,1,1
2026-08-18T01:49:50,1786992590,13.822744,100.512161,19.7,3.96,-0.1,-1.2,143.2,143.2,-2.38,1.87,-0.04,23.44,63,AUTO.LOITER,1,1
2026-08-18T01:49:51,1786992591,13.822723,100.512178,19.7,3.96,-0.0,-1.7,143.0,143.0,-2.37,1.84,-0.04,23.43,63,AUTO.LOITER,1,1
2026-08-18T01:49:52,1786992592,13.822701,100.512194,19.6,3.95,0.3,-1.6,143.2,143.2,-2.39,1.86,-0.05,23.43,63,AUTO.LOITER,1,1
2026-08-18T01:49:53,1786992593,13.82268,100.512211,19.7,3.95,0.0,-1.5,143.2,143.2,-2.42,1.81,-0.04,23.43,63,AUTO.LOITER,1,1
2026-08-18T01:49:54,1786992594,13.822658,100.512227,19.6,3.95,-0.0,-1.2,143.2,143.2,-2.4,1.83,-0.05,23.42,63,AUTO.LOITER,1,1
2026-08-18T01:49:55,1786992595,13.822636,100.512244,19.6,3.94,0.4,-1.4,143.1,143.1,-2.39,1.81,-0.05,23.42,63,AUTO.LOITER,1,1
2026-08-18T01:49:56,1786992596,13.822621,100.512256,18.5,3.94,0.1,-1.4,143.2,143.2,-2.39,1.81,-0.05,23.41,63,AUTO.LOITER,1,1
2026-08-18T01:49:57,1786992597,13.822599,100.512272,18.6,3.94,-0.1,-1.6,143.2,143.2,-2.4,1.79,-0.06,23.41,62,AUTO.LOITER,1,1
2026-08-18T01:49:58,1786992598,13.822593,100.512277,19.6,3.94,0.1,-1.4,143.1,143.1,-2.39,1.83,-0.06,23.41,62,0,0,1
2026-08-18T01:49:59,1786992599,13.822577,100.51229,18.5,3.94,0.1,-1.4,143.1,143.1,-2.39,1.83,-0.06,23.4,62,0,0,1
2026-08-18T01:50:00,1786992600,13.82255,100.512311,19.6,3.94,0.1,-1.4,143.1,143.1,-2.39,1.78,-0.06,23.4,62,AUTO.LOITER,1,1
2026-08-18T01:50:01,1786992601,13.822534,100.512322,18.5,3.94,0.1,-1.8,143.2,143.2,-2.39,1.78,-0.06,23.4,62,AUTO.LOITER,1,1
2026-08-18T01:50:02,1786992602,13.822507,100.512344,19.6,3.94,0.4,-1.3,143.1,143.1,-2.39,1.81,-0.05,23.4,62,0,0,1
2026-08-18T01:50:03,1786992603,13.822485,100.512361,19.6,3.93,0.3,-1.6,143.2,143.2,-2.38,1.77,-0.06,23.39,62,AUTO.LOITER,1,1
2026-08-18T01:50:04,1786992604,13.822463,100.512378,19.6,3.93,0.5,-1.4,143.2,143.2,-2.37,1.79,-0.07,23.38,62,AUTO.LOITER,1,1
2026-08-18T01:50:05,1786992605,13.822442,100.512394,19.6,3.94,0.5,-1.7,143.2,143.2,-2.41,1.8,-0.06,23.38,62,AUTO.LOITER,1,1
2026-08-18T01:50:06,1786992606,13.82242,100.512411,19.6,3.94,0.3,-1.3,143.3,143.3,-2.4,1.79,-0.05,23.37,62,AUTO.LOITER,1,1
2026-08-18T01:50:07,1786992607,13.822404,100.512423,18.5,3.94,0.1,-1.4,143.2,143.2,-2.4,1.79,-0.05,23.37,61,AUTO.LOITER,1,1
2026-08-18T01:50:08,1786992608,13.822385,100.512438,18.6,3.93,0.2,6.4,143.0,143.0,-2.39,1.78,-0.06,23.37,61,AUTO.LOITER,1,1
2026-08-18T01:50:09,1786992609,13.822385,100.512438,18.6,3.93,0.7,4.1,143.1,143.1,-2.39,1.78,-0.06,23.37,61,0,0,1
2026-08-18T01:50:10,1786992610,13.822385,100.512438,18.6,3.93,-9.1,6.5,142.7,142.7,-2.39,1.78,-0.06,23.37,61,AUTO.LOITER,1,1
2026-08-18T01:50:11,1786992611,13.822365,100.512457,19.7,3.96,-8.2,2.2,138.6,138.6,0.31,0.93,-0.05,23.36,61,0,0,1
2026-08-18T01:50:12,1786992612,13.822372,100.512471,19.6,3.95,4.8,5.1,110.3,110.3,0.5,1.77,-0.05,23.35,61,AUTO.LOITER,1,1
2026-08-18T01:50:13,1786992613,13.822376,100.512478,19.6,3.92,-5.1,7.6,78.8,78.8,0.78,-0.32,-0.04,23.35,61,AUTO.LOITER,1,1
2026-08-18T01:50:14,1786992614,13.822387,100.512469,19.6,3.93,-13.7,0.7,58.1,58.1,1.91,-1.36,-0.1,23.34,61,AUTO.LOITER,1,1
2026-08-18T01:50:15,1786992615,13.822409,100.512454,19.6,3.93,-0.3,1.6,34.2,34.2,2.45,-1.71,-0.06,23.34,61,AUTO.LOITER,1,1
2026-08-18T01:50:16,1786992616,13.82243,100.512439,19.6,3.92,-0.9,-1.2,7.3,7.3,2.38,-1.91,-0.06,23.34,61,AUTO.LOITER,1,1
2026-08-18T01:50:17,1786992617,13.822452,100.512422,19.6,3.9,-0.5,-1.0,-5.2,354.8,2.39,-1.85,-0.09,23.33,60,AUTO.LOITER,1,1
2026-08-18T01:50:18,1786992618,13.822468,100.512411,18.4,3.9,-0.9,-1.1,-17.2,342.8,2.39,-1.85,-0.09,23.33,60,AUTO.LOITER,1,1
2026-08-18T01:50:19,1786992619,13.822474,100.512406,19.6,3.9,0.2,-0.8,-41.9,318.1,2.36,-1.86,-0.1,23.33,60,0,0,1
2026-08-18T01:50:20,1786992620,13.822496,100.512389,19.6,3.91,0.3,-0.8,-34.4,325.6,2.34,-1.8,-0.1,23.32,60,0,0,1
2026-08-18T01:50:21,1786992621,13.822518,100.512373,19.6,3.91,0.3,-1.6,-32.9,327.1,2.31,-1.74,-0.08,23.32,60,AUTO.LOITER,1,1
2026-08-18T01:50:22,1786992622,13.822539,100.512356,19.6,3.91,0.5,-1.1,-35.2,324.8,2.37,-1.75,-0.08,23.31,60,AUTO.LOITER,1,1
2026-08-18T01:50:23,1786992623,13.822561,100.51234,19.6,3.91,0.0,-1.5,-36.9,323.1,2.38,-1.73,-0.09,23.31,60,AUTO.LOITER,1,1
2026-08-18T01:50:24,1786992624,13.822583,100.512324,19.6,3.92,0.4,-1.5,-35.2,324.8,2.41,-1.76,-0.08,23.3,60,AUTO.LOITER,1,1
2026-08-18T01:50:25,1786992625,13.822605,100.512308,19.6,3.92,0.5,-1.6,-35.4,324.6,2.45,-1.77,-0.07,23.3,60,AUTO.LOITER,1,1
2026-08-18T01:50:26,1786992626,13.822627,100.512292,19.6,3.92,0.6,-1.3,-35.8,324.2,2.46,-1.74,-0.08,23.3,60,AUTO.LOITER,1,1
2026-08-18T01:50:27,1786992627,13.822648,100.512275,19.6,3.92,0.2,-1.5,-35.9,324.1,2.44,-1.75,-0.08,23.3,60,0,0,1
2026-08-18T01:50:28,1786992628,13.82267,100.512259,19.6,3.93,0.3,-1.8,-35.6,324.4,2.46,-1.77,-0.06,23.29,59,AUTO.LOITER,1,1
2026-08-18T01:50:29,1786992629,13.822686,100.512248,18.5,3.93,0.4,-1.5,-35.8,324.2,2.46,-1.77,-0.06,23.28,59,AUTO.LOITER,1,1
2026-08-18T01:50:30,1786992630,13.822692,100.512243,19.6,3.92,0.4,-1.4,-35.8,324.2,2.47,-1.78,-0.07,23.28,59,0,0,1
2026-08-18T01:50:31,1786992631,13.822714,100.512227,19.6,3.92,0.4,-1.5,-35.8,324.2,2.45,-1.76,-0.08,23.28,59,0,0,1
2026-08-18T01:50:32,1786992632,13.822736,100.51221,19.6,3.93,0.2,-1.3,-35.7,324.3,2.47,-1.76,-0.07,23.27,59,AUTO.LOITER,1,1
2026-08-18T01:50:33,1786992633,13.822758,100.512194,19.6,3.94,0.4,-1.3,-35.8,324.2,2.46,-1.78,-0.06,23.27,59,AUTO.LOITER,1,1
2026-08-18T01:50:34,1786992634,13.82278,100.512178,19.6,3.93,-0.1,-1.6,-35.8,324.2,2.44,-1.75,-0.07,23.27,59,AUTO.LOITER,1,1
2026-08-18T01:50:35,1786992635,13.822802,100.512162,19.6,3.93,0.3,-1.4,-35.8,324.2,2.44,-1.81,-0.07,23.26,59,AUTO.LOITER,1,1
2026-08-18T01:50:36,1786992636,13.822824,100.512146,19.6,3.92,0.5,-1.6,-35.8,324.2,2.43,-1.77,-0.07,23.26,59,AUTO.LOITER,1,1
2026-08-18T01:50:37,1786992637,13.822845,100.512129,19.6,3.92,0.3,-1.3,-35.8,324.2,2.46,-1.78,-0.07,23.25,58,AUTO.LOITER,1,1
2026-08-18T01:50:38,1786992638,13.822867,100.512113,19.6,3.92,0.7,-1.0,-35.8,324.2,2.44,-1.73,-0.08,23.25,58,AUTO.LOITER,1,1
2026-08-18T01:50:39,1786992639,13.822889,100.512097,19.6,3.93,0.1,-1.9,-35.7,324.3,2.47,-1.77,-0.07,23.24,58,AUTO.LOITER,1,1
2026-08-18T01:50:40,1786992640,13.822905,100.512085,18.5,3.93,0.1,-0.8,-35.8,324.2,2.47,-1.77,-0.07,23.24,58,AUTO.LOITER,1,1
2026-08-18T01:50:41,1786992641,13.822911,100.51208,19.6,3.95,0.5,-1.6,-35.9,324.1,2.41,-1.77,-0.05,23.24,58,0,0,1
2026-08-18T01:50:42,1786992642,13.822933,100.512064,19.6,3.95,-0.2,-1.1,-35.8,324.2,2.44,-1.76,-0.05,23.24,58,0,0,1
2026-08-18T01:50:43,1786992643,13.822955,100.512048,19.6,3.94,0.3,-1.1,-35.9,324.1,2.42,-1.79,-0.05,23.23,58,AUTO.LOITER,1,1
2026-08-18T01:50:44,1786992644,13.822977,100.512032,19.7,3.95,0.4,-1.4,-35.9,324.1,2.44,-1.77,-0.05,23.23,58,AUTO.LOITER,1,1
2026-08-18T01:50:45,1786992645,13.822999,100.512016,19.7,3.97,-0.4,5.3,-35.8,324.2,2.4,-1.74,-0.04,23.22,58,AUTO.LOITER,1,1
2026-08-18T01:50:46,1786992646,13.823012,100.512006,18.5,3.97,0.7,3.4,-35.9,324.1,2.4,-1.74,-0.04,23.22,58,0,0,1
2026-08-18T01:50:47,1786992647,13.823023,100.511998,18.5,3.97,7.2,3.8,-35.7,324.3,2.4,-1.74,-0.04,23.21,57,AUTO.LOITER,1,1
2026-08-18T01:50:48,1786992648,13.823034,100.511999,19.7,3.97,9.2,6.2,-31.8,328.2,1.01,1.04,-0.06,23.21,57,AUTO.LOITER,1,1
2026-08-18T01:50:49,1786992649,13.823044,100.512005,18.6,3.97,9.2,6.2,-31.8,328.2,1.01,1.04,-0.06,23.21,57,AUTO.LOITER,1,1
2026-08-18T01:50:50,1786992650,13.823043,100.51201,18.5,3.97,8.7,7.9,26.5,26.5,1.01,1.04,-0.06,23.2,57,AUTO.LOITER,1,1
2026-08-18T01:50:51,1786992651,13.823029,100.512022,18.5,3.96,13.5,-0.0,47.6,47.6,-1.22,0.9,-0.02,23.2,57,AUTO.LOITER,1,1
2026-08-18T01:50:52,1786992652,13.823023,100.512026,19.7,3.96,0.8,1.4,71.3,71.3,-2.43,2.02,-0.01,23.2,57,0,0,1
2026-08-18T01:50:53,1786992653,13.823003,100.512043,19.7,3.96,1.0,-2.2,97.9,97.9,-2.31,1.71,-0.04,23.19,57,0,0,1
2026-08-18T01:50:54,1786992654,13.822981,100.512059,19.6,3.95,-0.2,-0.5,110.5,110.5,-2.44,1.9,-0.03,23.19,57,AUTO.LOITER,1,1
2026-08-18T01:50:55,1786992655,13.822959,100.512076,19.6,3.95,0.2,-1.6,134.5,134.5,-2.35,1.85,-0.04,23.18,57,AUTO.LOITER,1,1
2026-08-18T01:50:56,1786992656,13.822943,100.512088,18.5,3.95,-0.5,-1.1,149.2,149.2,-2.35,1.85,-0.04,23.18,57,AUTO.LOITER,1,1
2026-08-18T01:50:57,1786992657,13.822916,100.512109,19.6,3.94,0.5,-1.4,142.3,142.3,-2.36,1.87,-0.05,23.18,56,AUTO.LOITER,1,1
2026-08-18T01:50:58,1786992658,13.822895,100.512126,19.6,3.94,-0.0,-1.3,140.0,140.0,-2.4,1.83,-0.05,23.17,56,AUTO.LOITER,1,1
2026-08-18T01:50:59,1786992659,13.822873,100.512142,19.7,3.95,-0.3,-1.2,144.0,144.0,-2.4,1.84,-0.04,23.17,56,AUTO.LOITER,1,1
2026-08-18T01:51:00,1786992660,13.822852,100.512159,19.7,3.96,-0.0,-1.2,144.3,144.3,-2.39,1.85,-0.04,23.16,56,AUTO.LOITER,1,1
2026-08-18T01:51:01,1786992661,13.822836,100.512172,18.5,3.96,0.6,-1.1,142.7,142.7,-2.39,1.85,-0.04,23.16,56,AUTO.LOITER,1,1
2026-08-18T01:51:02,1786992662,13.822814,100.512188,18.6,3.96,0.3,-0.9,142.8,142.8,-2.42,1.79,-0.04,23.15,56,AUTO.LOITER,1,1
2026-08-18T01:51:03,1786992663,13.822808,100.512193,19.7,3.97,-0.2,-1.2,143.5,143.5,-2.41,1.76,-0.03,23.15,56,0,0,1
2026-08-18T01:51:04,1786992664,13.822786,100.512209,19.7,3.97,0.3,-0.7,143.2,143.2,-2.39,1.79,-0.02,23.15,56,0,0,1
2026-08-18T01:51:05,1786992665,13.822786,100.512209,19.7,3.97,0.5,-1.0,143.1,143.1,-2.39,1.79,-0.02,23.15,56,AUTO.LOITER,1,1
2026-08-18T01:51:06,1786992666,13.822743,100.512242,19.7,3.99,-0.3,-1.4,143.2,143.2,-2.39,1.75,-0.01,23.14,56,AUTO.LOITER,1,1
2026-08-18T01:51:07,1786992667,13.822722,100.512259,19.7,3.97,-0.0,-1.1,143.2,143.2,-2.37,1.79,-0.02,23.14,55,AUTO.LOITER,1,1
2026-08-18T01:51:08,1786992668,13.8227,100.512276,19.7,3.96,0.2,-1.0,143.2,143.2,-2.38,1.78,-0.03,23.13,55,AUTO.LOITER,1,1
2026-08-18T01:51:09,1786992669,13.822678,100.512292,19.7,3.96,-0.3,-0.9,143.2,143.2,-2.34,1.78,-0.03,23.13,55,AUTO.LOITER,1,1
2026-08-18T01:51:10,1786992670,13.822657,100.512309,19.7,3.97,-0.0,-1.6,143.2,143.2,-2.33,1.79,-0.03,23.12,55,AUTO.LOITER,1,1
2026-08-18T01:51:11,1786992671,13.822635,100.512326,19.7,3.97,0.1,-1.2,143.2,143.2,-2.38,1.8,-0.03,23.12,55,AUTO.LOITER,1,1
2026-08-18T01:51:12,1786992672,13.82262,100.512338,18.5,3.97,0.0,-1.4,143.2,143.2,-2.38,1.8,-0.03,23.11,55,AUTO.LOITER,1,1
2026-08-18T01:51:13,1786992673,13.822598,100.512354,18.5,3.96,0.0,-1.0,143.2,143.2,-2.39,1.8,-0.03,23.11,55,AUTO.LOITER,1,1
2026-08-18T01:51:14,1786992674,13.822576,100.512372,18.6,3.96,-0.3,-1.4,143.2,143.2,-2.4,1.79,-0.03,23.11,55,AUTO.LOITER,1,1
2026-08-18T01:51:15,1786992675,13.82257,100.512375,19.7,3.97,0.0,-0.9,143.1,143.1,-2.38,1.8,-0.03,23.11,55,0,0,1
2026-08-18T01:51:16,1786992676,13.822549,100.512392,19.7,4.0,0.1,-1.2,143.2,143.2,-2.36,1.8,0.0,23.1,55,AUTO.LOITER,1,1
2026-08-18T01:51:17,1786992677,13.822527,100.512409,19.7,4.0,-0.1,-1.4,143.3,143.3,-2.37,1.76,0.0,23.1,54,AUTO.LOITER,1,1
2026-08-18T01:51:18,1786992678,13.822506,100.512426,19.7,4.0,-0.2,-1.0,143.2,143.2,-2.38,1.78,0.0,23.09,54,AUTO.LOITER,1,1
2026-08-18T01:51:19,1786992679,13.822484,100.512442,19.7,3.98,-0.1,-1.4,143.1,143.1,-2.37,1.78,-0.02,23.09,54,AUTO.LOITER,1,1
2026-08-18T01:51:20,1786992680,13.822484,100.512442,19.7,3.98,-0.1,-0.8,143.1,143.1,-2.37,1.78,-0.02,23.09,54,0,0,1
2026-08-18T01:51:21,1786992681,13.822447,100.512471,18.7,3.98,-0.1,-0.8,143.1,143.1,-2.37,1.78,-0.02,23.08,54,AUTO.LOITER,1,1
2026-08-18T01:51:22,1786992682,13.822421,100.512491,19.7,4.01,-0.5,5.4,143.1,143.1,-1.82,1.4,0.01,23.08,54,AUTO.LOITER,1,1
2026-08-18T01:51:23,1786992683,13.822409,100.5125,19.7,4.02,0.1,3.7,143.3,143.3,-1.1,0.8,0.01,23.07,54,AUTO.LOITER,1,1
2026-08-18T01:51:24,1786992684,13.822403,100.512505,18.7,4.02,-8.6,5.7,141.4,141.4,-1.1,0.8,0.01,23.07,54,AUTO.LOITER,1,1
2026-08-18T01:51:25,1786992685,13.822407,100.512517,18.8,4.04,-3.3,-6.4,125.3,125.3,0.15,0.98,0.02,23.06,54,AUTO.LOITER,1,1
2026-08-18T01:51:26,1786992686,13.822409,100.512521,19.7,4.04,-4.5,14.6,90.9,90.9,0.52,1.8,0.03,23.06,54,0,0,1
2026-08-18T01:51:27,1786992687,13.822412,100.512529,19.7,4.04,-7.3,0.4,67.3,67.3,0.72,-0.16,0.06,23.06,53,AUTO.LOITER,1,1
2026-08-18T01:51:28,1786992688,13.822422,100.512521,19.7,4.03,-7.3,0.4,67.3,67.3,1.78,-1.17,-0.02,23.05,53,AUTO.LOITER,1,1
2026-08-18T01:51:29,1786992689,13.822444,100.512506,19.7,4.01,0.6,0.9,32.3,32.3,2.53,-1.68,0.02,23.05,53,AUTO.LOITER,1,1
2026-08-18T01:51:30,1786992690,13.822465,100.51249,19.7,4.02,-1.8,-2.1,6.0,6.0,2.48,-1.78,0.02,23.05,53,AUTO.LOITER,1,1
2026-08-18T01:51:31,1786992691,13.822487,100.512474,19.7,4.03,-0.5,-1.2,-18.8,341.2,2.52,-1.76,0.03,23.04,53,AUTO.LOITER,1,1
2026-08-18T01:51:32,1786992692,13.822509,100.512458,19.7,4.03,-0.1,-1.1,-39.3,320.7,2.51,-1.77,0.03,23.04,53,AUTO.LOITER,1,1
2026-08-18T01:51:33,1786992693,13.822531,100.512442,19.7,4.04,-0.2,-1.2,-41.7,318.3,2.47,-1.78,0.03,23.03,53,AUTO.LOITER,1,1
2026-08-18T01:51:34,1786992694,13.822553,100.512426,19.8,4.05,-0.6,-1.1,-33.7,326.3,2.45,-1.79,0.05,23.03,53,AUTO.LOITER,1,1
2026-08-18T01:51:35,1786992695,13.822568,100.512414,18.8,4.05,-0.1,-1.2,-33.2,326.8,2.45,-1.79,0.05,23.02,53,AUTO.LOITER,1,1
2026-08-18T01:51:36,1786992696,13.822591,100.512397,18.8,4.06,0.0,-1.1,-36.8,323.2,2.44,-1.78,0.06,23.02,52,AUTO.LOITER,1,1
2026-08-18T01:51:37,1786992697,13.822597,100.512393,19.8,4.05,-0.4,-0.9,-35.8,324.2,2.46,-1.75,0.05,23.02,52,0,0,1
2026-08-18T01:51:38,1786992698,13.822619,100.512377,19.8,4.06,0.2,-1.0,-35.0,325.0,2.42,-1.77,0.05,23.02,52,AUTO.LOITER,1,1
2026-08-18T01:51:39,1786992699,13.822641,100.51236,19.7,4.05,-0.3,-1.0,-35.4,324.6,2.44,-1.71,0.04,23.01,52,AUTO.LOITER,1,1
2026-08-18T01:51:40,1786992700,13.822663,100.512344,19.7,4.04,-0.1,-0.9,-36.0,324.0,2.41,-1.73,0.03,23.01,52,AUTO.LOITER,1,1
2026-08-18T01:51:41,1786992701,13.822685,100.512328,19.7,4.04,-0.2,-0.7,-35.7,324.3,2.4,-1.72,0.03,23.0,52,AUTO.LOITER,1,1
2026-08-18T01:51:42,1786992702,13.822701,100.512315,18.7,4.04,-0.2,-0.8,-35.6,324.4,2.4,-1.72,0.03,23.0,52,AUTO.LOITER,1,1
2026-08-18T01:51:43,1786992703,13.822701,100.512315,18.7,4.04,0.1,-1.0,-35.8,324.2,2.4,-1.72,0.03,23.0,52,AUTO.LOITER,1,1
2026-08-18T01:51:44,1786992704,13.822701,100.512315,18.7,4.04,-0.2,-0.7,-35.8,324.2,2.4,-1.72,0.03,23.0,52,AUTO.LOITER,1,1
2026-08-18T01:51:45,1786992705,13.822701,100.512315,18.7,4.04,-0.1,-1.1,-35.7,324.3,2.4,-1.72,0.03,23.0,52,AUTO.LOITER,1,1
2026-08-18T01:51:46,1786992706,13.822788,100.512251,18.7,4.04,-0.2,-1.0,-35.7,324.3,2.4,-1.72,0.03,22.98,51,AUTO.LOITER,1,1
2026-08-18T01:51:47,1786992707,13.82281,100.512235,18.7,4.02,-0.2,-1.0,-35.7,324.3,2.41,-1.73,0.01,22.98,51,AUTO.LOITER,1,1
2026-08-18T01:51:48,1786992708,13.822816,100.512231,19.7,4.01,-0.0,-1.4,-35.7,324.3,2.41,-1.73,0.0,22.98,51,0,0,1
2026-08-18T01:51:49,1786992709,13.822838,100.512214,19.7,4.0,-0.1,-1.1,-35.7,324.3,2.43,-1.74,0.0,22.97,51,AUTO.LOITER,1,1
2026-08-18T01:51:50,1786992710,13.822859,100.512198,19.7,3.99,-0.2,-1.1,-35.7,324.3,2.44,-1.74,-0.01,22.97,51,AUTO.LOITER,1,1
2026-08-18T01:51:51,1786992711,13.822881,100.512182,19.7,3.98,-0.1,-1.0,-35.7,324.3,2.44,-1.74,-0.02,22.96,51,AUTO.LOITER,1,1
2026-08-18T01:51:52,1786992712,13.822898,100.512169,18.6,3.98,0.1,-1.0,-35.7,324.3,2.44,-1.74,-0.02,22.96,51,AUTO.LOITER,1,1
2026-08-18T01:51:53,1786992713,13.822919,100.512153,18.6,3.98,0.1,-1.0,-35.7,324.3,2.44,-1.74,-0.02,22.95,51,AUTO.LOITER,1,1
2026-08-18T01:51:54,1786992714,13.822947,100.512133,19.7,3.97,-0.2,-1.6,-35.7,324.3,2.46,-1.73,-0.03,22.95,51,0,0,1
2026-08-18T01:51:55,1786992715,13.822963,100.512121,18.6,3.97,-0.2,-1.6,-35.7,324.3,2.46,-1.73,-0.03,22.95,51,AUTO.LOITER,1,1
2026-08-18T01:51:56,1786992716,13.822991,100.512101,19.7,3.97,-0.2,-1.0,-35.8,324.2,2.43,-1.75,-0.02,22.94,50,AUTO.LOITER,1,1
2026-08-18T01:51:57,1786992717,13.823013,100.512084,19.7,3.97,-0.1,-0.9,-35.7,324.3,2.44,-1.72,-0.02,22.94,50,AUTO.LOITER,1,1
2026-08-18T01:51:58,1786992718,13.823029,100.512073,18.5,3.97,-0.5,-0.8,-35.7,324.3,2.44,-1.72,-0.02,22.93,50,AUTO.LOITER,1,1
2026-08-18T01:51:59,1786992719,13.823035,100.512068,19.7,3.96,-0.1,5.9,-36.0,324.0,2.36,-1.7,-0.03,22.93,50,0,0,1
2026-08-18T01:52:00,1786992720,13.823052,100.512056,19.7,3.97,-0.4,3.6,-35.4,324.6,1.46,-1.08,-0.03,22.93,50,0,0,1
2026-08-18T01:52:01,1786992721,13.823062,100.512048,19.7,3.99,8.4,6.2,-31.6,328.4,0.93,-0.59,-0.02,22.92,50,AUTO.LOITER,1,1
2026-08-18T01:52:02,1786992722,13.823072,100.512051,19.7,4.01,4.6,-3.6,-22.6,337.4,1.03,1.04,-0.02,22.92,50,AUTO.LOITER,1,1
2026-08-18T01:52:03,1786992723,13.823083,100.51206,19.7,4.03,3.6,15.4,11.6,11.6,0.75,0.53,-0.02,22.92,50,0,0,1
2026-08-18T01:52:04,1786992724,13.823078,100.512065,19.7,4.0,9.0,2.3,37.6,37.6,-1.32,0.9,0.01,22.92,50,0,0,1
2026-08-18T01:52:05,1786992725,13.82306,100.512079,19.7,3.99,-0.9,1.2,58.5,58.5,-2.5,2.02,0.02,22.91,50,AUTO.LOITER,1,1
2026-08-18T01:52:06,1786992726,13.82304,100.512095,19.7,4.01,3.5,-1.6,84.3,84.3,-2.43,1.73,0.02,22.9,49,AUTO.LOITER,1,1
2026-08-18T01:52:07,1786992727,13.823018,100.512112,19.7,4.01,1.1,-1.5,97.8,97.8,-2.52,1.85,0.01,22.9,49,AUTO.LOITER,1,1
2026-08-18T01:52:08,1786992728,13.823004,100.512124,18.7,4.01,0.7,-1.1,122.4,122.4,-2.52,1.85,0.01,22.89,49,AUTO.LOITER,1,1
2026-08-18T01:52:09,1786992729,13.822981,100.512141,18.7,4.0,0.1,-1.1,144.5,144.5,-2.47,1.8,0.0,22.89,49,AUTO.LOITER,1,1
2026-08-18T01:52:10,1786992730,13.822975,100.512145,19.7,4.01,0.2,-0.9,147.2,147.2,-2.48,1.78,0.0,22.89,49,0,0,1
2026-08-18T01:52:11,1786992731,13.822975,100.512145,19.7,4.01,0.3,-1.4,142.5,142.5,-2.48,1.78,0.0,22.89,49,0,0,1
2026-08-18T01:52:12,1786992732,13.822938,100.512174,18.7,4.01,-0.0,-1.1,142.2,142.2,-2.48,1.78,0.0,22.88,49,AUTO.LOITER,1,1
2026-08-18T01:52:13,1786992733,13.82291,100.512195,19.7,4.01,0.0,-1.5,144.0,144.0,-2.4,1.76,0.01,22.88,49,AUTO.LOITER,1,1
2026-08-18T01:52:14,1786992734,13.822888,100.512212,19.7,4.01,-0.2,-0.7,143.6,143.6,-2.43,1.79,0.0,22.87,49,AUTO.LOITER,1,1
2026-08-18T01:52:15,1786992735,13.822867,100.512228,19.7,4.01,-0.1,-1.0,142.4,142.4,-2.37,1.77,0.0,22.87,49,AUTO.LOITER,1,1
2026-08-18T01:52:16,1786992736,13.822845,100.512245,19.7,4.01,-0.3,-1.5,143.2,143.2,-2.39,1.76,0.0,22.86,48,AUTO.LOITER,1,1
2026-08-18T01:52:17,1786992737,13.822824,100.512261,19.7,4.0,-0.1,-1.0,143.4,143.4,-2.39,1.8,0.0,22.86,48,AUTO.LOITER,1,1
2026-08-18T01:52:18,1786992738,13.822802,100.512278,19.7,3.99,-0.2,-1.0,143.2,143.2,-2.38,1.78,0.0,22.86,48,AUTO.LOITER,1,1
2026-08-18T01:52:19,1786992739,13.822802,100.512278,19.7,3.99,-0.2,-1.1,143.1,143.1,-2.38,1.78,0.0,22.86,48,AUTO.LOITER,1,1
2026-08-18T01:52:20,1786992740,13.822764,100.512307,18.5,3.99,-0.6,-1.2,143.2,143.2,-2.38,1.78,0.0,22.85,48,AUTO.LOITER,1,1
2026-08-18T01:52:21,1786992741,13.822759,100.512311,19.7,3.97,-0.1,-1.1,143.2,143.2,-2.37,1.81,-0.02,22.85,48,0,0,1
2026-08-18T01:52:22,1786992742,13.822737,100.512328,19.7,3.97,-0.2,-1.2,143.2,143.2,-2.37,1.82,-0.03,22.84,48,AUTO.LOITER,1,1
2026-08-18T01:52:23,1786992743,13.822715,100.512344,19.7,3.98,-0.4,-1.1,143.2,143.2,-2.4,1.82,-0.02,22.84,48,AUTO.LOITER,1,1
2026-08-18T01:52:24,1786992744,13.822694,100.512361,19.7,3.97,-0.3,-1.3,143.2,143.2,-2.38,1.8,-0.03,22.83,48,AUTO.LOITER,1,1
2026-08-18T01:52:25,1786992745,13.822673,100.512378,19.7,3.96,-0.1,-1.4,143.2,143.2,-2.42,1.82,-0.04,22.83,48,AUTO.LOITER,1,1
2026-08-18T01:52:26,1786992746,13.822651,100.512394,19.7,3.96,-0.1,-0.9,143.2,143.2,-2.39,1.81,-0.04,22.82,47,AUTO.LOITER,1,1
2026-08-18T01:52:27,1786992747,13.822629,100.512411,19.7,3.96,-0.4,-1.2,143.2,143.2,-2.37,1.78,-0.04,22.82,47,AUTO.LOITER,1,1
2026-08-18T01:52:28,1786992748,13.822608,100.512428,19.6,3.95,-0.1,-1.1,143.2,143.2,-2.38,1.81,-0.05,22.82,47,AUTO.LOITER,1,1
2026-08-18T01:52:29,1786992749,13.822586,100.512444,19.7,3.95,-0.3,-1.1,143.2,143.2,-2.37,1.8,-0.05,22.81,47,AUTO.LOITER,1,1
2026-08-18T01:52:30,1786992750,13.822564,100.512461,19.7,3.97,-0.2,-0.8,143.2,143.2,-2.36,1.8,-0.03,22.81,47,AUTO.LOITER,1,1
2026-08-18T01:52:31,1786992751,13.822548,100.512474,18.6,3.97,-0.0,-1.4,143.1,143.1,-2.36,1.8,-0.03,22.8,47,AUTO.LOITER,1,1
2026-08-18T01:52:32,1786992752,13.822543,100.512478,19.7,3.97,-0.1,-1.2,143.2,143.2,-2.37,1.8,-0.03,22.8,47,0,0,1
2026-08-18T01:52:33,1786992753,13.822521,100.512494,19.7,3.98,-0.0,-1.2,143.2,143.2,-2.4,1.79,-0.02,22.8,47,0,0,1
2026-08-18T01:52:34,1786992754,13.8225,100.512511,19.7,3.97,0.1,-1.2,143.3,143.3,-2.38,1.78,-0.02,22.79,47,AUTO.LOITER,1,1
2026-08-18T01:52:35,1786992755,13.822478,100.512528,19.7,3.97,-0.0,-1.3,143.3,143.3,-2.4,1.77,-0.02,22.79,47,AUTO.LOITER,1,1
2026-08-18T01:52:36,1786992756,13.822458,100.512543,19.7,3.96,0.3,6.3,143.3,143.3,-1.82,1.38,-0.03,22.79,46,AUTO.LOITER,1,1
2026-08-18T01:52:37,1786992757,13.822445,100.512552,19.7,3.96,-0.9,2.8,143.0,143.0,-1.08,0.77,-0.04,22.78,46,AUTO.LOITER,1,1
2026-08-18T01:52:38,1786992758,13.822439,100.512559,19.7,3.99,-9.1,3.7,135.1,135.1,0.17,1.0,-0.03,22.78,46,AUTO.LOITER,1,1
2026-08-18T01:52:39,1786992759,13.822445,100.512573,19.7,3.98,4.9,3.2,106.2,106.2,0.57,1.77,-0.01,22.77,46,AUTO.LOITER,1,1
2026-08-18T01:52:40,1786992760,13.822449,100.512582,19.7,3.98,-4.4,14.0,89.2,89.2,0.73,-0.13,0.0,22.77,46,AUTO.LOITER,1,1
2026-08-18T01:52:41,1786992761,13.822459,100.512573,19.7,3.97,-7.1,0.3,66.0,66.0,1.75,-1.18,-0.08,22.76,46,AUTO.LOITER,1,1
2026-08-18T01:52:42,1786992762,13.822475,100.512562,18.6,3.97,-1.5,-0.5,43.3,43.3,1.75,-1.18,-0.08,22.76,46,AUTO.LOITER,1,1
2026-08-18T01:52:43,1786992763,13.822496,100.512548,18.5,3.96,-3.4,-1.3,17.5,17.5,2.51,-1.69,-0.01,22.75,46,AUTO.LOITER,1,1
2026-08-18T01:52:44,1786992764,13.822502,100.512543,19.7,3.97,-0.5,-1.0,-8.1,351.9,2.44,-1.81,-0.02,22.75,46,0,0,1
2026-08-18T01:52:45,1786992765,13.822524,100.512527,19.7,3.97,0.2,-1.5,-31.9,328.1,2.46,-1.8,-0.02,22.75,46,AUTO.LOITER,1,1
2026-08-18T01:52:46,1786992766,13.822546,100.51251,19.7,3.99,0.0,-1.0,-40.0,320.0,2.47,-1.77,-0.01,22.75,45,AUTO.LOITER,1,1
2026-08-18T01:52:47,1786992767,13.822562,100.512499,18.6,3.99,-0.4,-0.9,-41.5,318.5,2.47,-1.77,-0.01,22.74,45,AUTO.LOITER,1,1
2026-08-18T01:52:48,1786992768,13.82259,100.512478,19.7,3.99,0.0,-1.4,-31.9,328.1,2.4,-1.75,-0.01,22.74,45,AUTO.LOITER,1,1
2026-08-18T01:52:49,1786992769,13.822612,100.512461,19.7,3.99,0.5,-1.0,-35.7,324.3,2.42,-1.76,0.0,22.73,45,AUTO.LOITER,1,1
2026-08-18T01:52:50,1786992770,13.822633,100.512445,19.7,4.0,-0.2,-1.5,-36.6,323.4,2.44,-1.71,0.0,22.73,45,AUTO.LOITER,1,1
2026-08-18T01:52:51,1786992771,13.822655,100.512429,19.7,4.01,0.1,-1.2,-35.1,324.9,2.43,-1.76,0.0,22.73,45,AUTO.LOITER,1,1
2026-08-18T01:52:52,1786992772,13.822677,100.512413,19.7,4.02,0.1,-1.2,-35.1,324.9,2.44,-1.74,0.01,22.72,45,AUTO.LOITER,1,1
2026-08-18T01:52:53,1786992773,13.822694,100.512401,18.7,4.02,-0.3,-1.1,-35.9,324.1,2.44,-1.74,0.01,22.72,45,AUTO.LOITER,1,1
2026-08-18T01:52:54,1786992774,13.822715,100.512384,18.7,4.03,0.3,-1.2,-35.9,324.1,2.41,-1.75,0.02,22.71,45,AUTO.LOITER,1,1
2026-08-18T01:52:55,1786992775,13.822721,100.51238,19.7,4.04,-0.1,-1.3,-35.6,324.4,2.42,-1.74,0.03,22.71,45,0,0,1
2026-08-18T01:52:56,1786992776,13.822743,100.512364,19.7,4.04,-0.0,-1.3,-35.7,324.3,2.43,-1.73,0.03,22.71,44,AUTO.LOITER,1,1
2026-08-18T01:52:57,1786992777,13.822765,100.512348,19.7,4.05,-0.1,-1.4,-35.8,324.2,2.43,-1.74,0.04,22.7,44,AUTO.LOITER,1,1
2026-08-18T01:52:58,1786992778,13.822787,100.512332,19.7,4.05,0.1,-1.0,-35.8,324.2,2.43,-1.75,0.04,22.7,44,AUTO.LOITER,1,1
2026-08-18T01:52:59,1786992779,13.822809,100.512315,19.8,4.06,-0.1,-1.4,-35.7,324.3,2.43,-1.72,0.06,22.7,44,AUTO.LOITER,1,1
2026-08-18T01:53:00,1786992780,13.822831,100.512299,19.7,4.05,-0.0,-1.1,-35.8,324.2,2.42,-1.75,0.05,22.69,44,AUTO.LOITER,1,1
2026-08-18T01:53:01,1786992781,13.822853,100.512283,19.8,4.06,-0.2,-1.1,-35.8,324.2,2.4,-1.74,0.05,22.69,44,AUTO.LOITER,1,1
2026-08-18T01:53:02,1786992782,13.822874,100.512267,19.8,4.05,0.1,-1.5,-35.8,324.2,2.41,-1.76,0.05,22.68,44,AUTO.LOITER,1,1
2026-08-18T01:53:03,1786992783,13.822896,100.51225,19.7,4.04,0.1,-1.2,-35.8,324.2,2.42,-1.75,0.04,22.68,44,AUTO.LOITER,1,1
2026-08-18T01:53:04,1786992784,13.822913,100.512239,18.8,4.04,-0.6,-1.4,-35.8,324.2,2.42,-1.75,0.04,22.67,44,AUTO.LOITER,1,1
2026-08-18T01:53:05,1786992785,13.822918,100.512234,19.8,4.05,0.4,-1.0,-35.8,324.2,2.41,-1.78,0.04,22.67,44,0,0,1
2026-08-18T01:53:06,1786992786,13.82294,100.512218,19.8,4.05,0.0,-1.6,-35.8,324.2,2.39,-1.74,0.05,22.67,43,0,0,1
2026-08-18T01:53:07,1786992787,13.822962,100.512202,19.7,4.05,0.0,-0.8,-35.8,324.2,2.43,-1.77,0.04,22.66,43,AUTO.LOITER,1,1
2026-08-18T01:53:08,1786992788,13.822984,100.512185,19.7,4.04,0.1,-1.6,-35.8,324.2,2.37,-1.74,0.03,22.66,43,AUTO.LOITER,1,1
2026-08-18T01:53:09,1786992789,13.823006,100.512169,19.7,4.05,0.2,-1.6,-35.8,324.2,2.42,-1.77,0.04,22.66,43,AUTO.LOITER,1,1
2026-08-18T01:53:10,1786992790,13.823028,100.512153,19.7,4.04,-0.1,-1.3,-35.8,324.2,2.43,-1.75,0.04,22.65,43,AUTO.LOITER,1,1
2026-08-18T01:53:11,1786992791,13.823049,100.512137,19.8,4.05,-0.0,-1.6,-35.9,324.1,2.41,-1.78,0.05,22.65,43,AUTO.LOITER,1,1
2026-08-18T01:53:12,1786992792,13.823071,100.51212,19.7,4.04,-0.3,4.3,-35.8,324.2,2.4,-1.74,0.03,22.64,43,AUTO.LOITER,1,1
2026-08-18T01:53:13,1786992793,13.823089,100.512107,19.7,4.03,0.2,6.8,-35.7,324.3,1.41,-1.02,0.04,22.64,43,AUTO.LOITER,1,1
2026-08-18T01:53:14,1786992794,13.823099,100.5121,19.7,4.01,0.1,2.3,-35.2,324.8,0.91,-0.61,0.0,22.63,43,AUTO.LOITER,1,1
2026-08-18T01:53:15,1786992795,13.823105,100.512099,18.7,4.01,10.7,6.6,-33.6,326.4,0.91,-0.61,0.0,22.63,42,AUTO.LOITER,1,1
2026-08-18T01:53:16,1786992796,13.823107,100.5121,19.7,4.03,-0.4,-3.7,-13.8,346.2,0.83,0.82,0.01,22.63,42,0,0,1
2026-08-18T01:53:17,1786992797,13.823118,100.51211,19.7,4.04,8.3,12.9,20.5,20.5,1.25,0.88,0.01,22.62,42,0,0,1
2026-08-18T01:53:18,1786992798,13.823119,100.512114,19.7,4.01,5.2,1.5,32.5,32.5,-0.99,0.7,0.05,22.62,42,AUTO.LOITER,1,1
2026-08-18T01:53:19,1786992799,13.823119,100.512114,19.7,4.01,5.2,1.5,32.5,32.5,-0.99,0.7,0.05,22.62,42,AUTO.LOITER,1,1
2026-08-18T01:53:20,1786992800,13.823083,100.512142,19.7,3.99,2.4,0.2,78.2,78.2,-2.3,1.69,0.0,22.62,42,0,0,1
2026-08-18T01:53:21,1786992801,13.823083,100.512142,19.7,3.99,-0.2,-1.8,104.8,104.8,-2.3,1.69,0.0,22.62,42,0,0,1
2026-08-18T01:53:22,1786992802,13.82304,100.512175,19.7,3.98,0.7,-0.8,129.1,129.1,-2.36,1.81,-0.02,22.6,42,0,0,1
2026-08-18T01:53:23,1786992803,13.823018,100.512192,19.7,3.99,-0.5,-1.5,148.0,148.0,-2.38,1.78,-0.01,22.6,42,AUTO.LOITER,1,1
2026-08-18T01:53:24,1786992804,13.822997,100.512208,19.7,4.0,-0.4,-1.0,148.7,148.7,-2.34,1.81,0.0,22.59,42,AUTO.LOITER,1,1
2026-08-18T01:53:25,1786992805,13.822975,100.512225,19.7,4.02,-0.0,-1.2,140.4,140.4,-2.31,1.79,0.02,22.59,41,AUTO.LOITER,1,1
2026-08-18T01:53:26,1786992806,13.822959,100.512237,18.7,4.02,0.1,-1.2,141.1,141.1,-2.31,1.79,0.02,22.59,41,AUTO.LOITER,1,1
2026-08-18T01:53:27,1786992807,13.822954,100.512241,19.7,4.03,-0.1,-1.8,144.4,144.4,-2.33,1.8,0.02,22.59,41,0,0,1
2026-08-18T01:53:28,1786992808,13.822932,100.512258,19.7,4.04,0.5,-1.2,143.0,143.0,-2.37,1.81,0.04,22.58,41,AUTO.LOITER,1,1
2026-08-18T01:53:29,1786992809,13.822911,100.512275,19.7,4.04,0.5,-1.2,143.0,143.0,-2.38,1.79,0.04,22.58,41,AUTO.LOITER,1,1
2026-08-18T01:53:30,1786992810,13.822911,100.512275,19.7,4.04,-0.2,-1.6,143.1,143.1,-2.38,1.79,0.04,22.58,41,AUTO.LOITER,1,1
2026-08-18T01:53:31,1786992811,13.822868,100.512308,19.8,4.07,0.3,-1.7,143.4,143.4,-2.41,1.79,0.06,22.57,41,AUTO.LOITER,1,1
2026-08-18T01:53:32,1786992812,13.822846,100.512325,19.8,4.08,-0.0,-1.3,143.1,143.1,-2.42,1.79,0.07,22.57,41,AUTO.LOITER,1,1
2026-08-18T01:53:33,1786992813,13.822824,100.512341,19.8,4.07,0.4,-1.3,143.1,143.1,-2.4,1.79,0.07,22.56,41,AUTO.LOITER,1,1
2026-08-18T01:53:34,1786992814,13.822803,100.512358,19.8,4.05,-0.2,-1.9,143.3,143.3,-2.42,1.78,0.05,22.56,41,AUTO.LOITER,1,1
2026-08-18T01:53:35,1786992815,13.822781,100.512375,19.8,4.05,0.0,-1.6,143.3,143.3,-2.44,1.82,0.05,22.55,40,AUTO.LOITER,1,1
2026-08-18T01:53:36,1786992816,13.82276,100.512391,19.8,4.05,0.3,-1.2,143.2,143.2,-2.44,1.77,0.05,22.55,40,AUTO.LOITER,1,1
2026-08-18T01:53:37,1786992817,13.822744,100.512404,18.9,4.05,0.0,-1.4,143.3,143.3,-2.44,1.77,0.05,22.54,40,AUTO.LOITER,1,1
2026-08-18T01:53:38,1786992818,13.822738,100.512408,19.8,4.05,0.2,-1.6,143.3,143.3,-2.44,1.78,0.04,22.54,40,0,0,1
2026-08-18T01:53:39,1786992819,13.822717,100.512424,19.7,4.04,-0.1,-1.0,143.2,143.2,-2.46,1.78,0.03,22.54,40,AUTO.LOITER,1,1
2026-08-18T01:53:40,1786992820,13.822695,100.512441,19.7,4.03,-0.1,-1.1,143.2,143.2,-2.42,1.78,0.02,22.53,40,AUTO.LOITER,1,1
2026-08-18T01:53:41,1786992821,13.822673,100.512458,19.7,4.02,0.2,-1.3,143.2,143.2,-2.39,1.77,0.02,22.53,40,AUTO.LOITER,1,1
2026-08-18T01:53:42,1786992822,13.822651,100.512474,19.7,4.01,-0.1,-1.2,143.2,143.2,-2.4,1.77,0.0,22.53,40,AUTO.LOITER,1,1
2026-08-18T01:53:43,1786992823,13.82263,100.512491,19.7,4.01,0.1,-1.4,143.2,143.2,-2.37,1.77,0.01,22.52,40,AUTO.LOITER,1,1
2026-08-18T01:53:44,1786992824,13.822608,100.512508,19.7,4.01,-0.3,-1.0,143.2,143.2,-2.38,1.77,0.0,22.52,40,0,0,1
2026-08-18T01:53:45,1786992825,13.822586,100.512524,19.7,4.0,0.2,-1.7,143.1,143.1,-2.34,1.79,0.0,22.51,39,AUTO.LOITER,1,1
2026-08-18T01:53:46,1786992826,13.822565,100.512541,19.7,3.99,0.1,-1.4,143.2,143.2,-2.39,1.8,-0.01,22.51,39,AUTO.LOITER,1,1
2026-08-18T01:53:47,1786992827,13.822543,100.512557,19.7,3.98,-0.1,-1.3,143.2,143.2,-2.36,1.78,-0.01,22.5,39,AUTO.LOITER,1,1
2026-08-18T01:53:48,1786992828,13.822543,100.512557,19.7,3.98,0.2,-1.6,143.2,143.2,-2.36,1.78,-0.01,22.5,39,0,0,1
2026-08-18T01:53:49,1786992829,13.822522,100.512574,19.7,3.99,0.2,-0.4,143.2,143.2,-2.4,1.79,-0.01,22.5,39,0,0,1
2026-08-18T01:53:50,1786992830,13.8225,100.512591,19.7,3.99,0.3,4.7,143.1,143.1,-2.18,1.65,-0.01,22.5,39,AUTO.LOITER,1,1
2026-08-18T01:53:51,1786992831,13.822486,100.512602,19.7,3.97,0.0,3.1,143.0,143.0,-1.26,0.94,-0.02,22.49,39,AUTO.LOITER,1,1
2026-08-18T01:53:52,1786992832,13.822477,100.512608,19.7,3.97,4.4,15.3,144.1,144.1,-0.52,0.37,-0.08,22.49,39,AUTO.LOITER,1,1
2026-08-18T01:53:53,1786992833,13.82248,100.512601,19.6,3.94,8.1,9.6,163.6,163.6,1.01,-1.61,0.01,22.48,39,AUTO.LOITER,1,1
2026-08-18T01:53:54,1786992834,13.822492,100.512579,19.5,3.81,-0.8,-0.3,-163.1,196.9,1.46,-2.77,0.09,22.48,39,AUTO.LOITER,1,1
2026-08-18T01:53:55,1786992835,13.822504,100.512556,19.4,3.69,2.8,-0.8,-139.1,220.9,1.53,-2.62,0.06,22.47,38,AUTO.LOITER,1,1
2026-08-18T01:53:56,1786992836,13.822518,100.512531,19.2,3.54,1.0,-1.6,-129.0,231.0,1.44,-2.72,0.03,22.47,38,0,0,1
2026-08-18T01:53:57,1786992837,13.822527,100.512513,17.9,3.54,1.3,-0.9,-104.5,255.5,1.44,-2.72,0.03,22.46,38,0,0,1
2026-08-18T01:53:58,1786992838,13.822541,100.512489,17.8,3.54,-0.0,-1.4,-77.9,282.1,1.44,-2.72,0.03,22.46,38,AUTO.LOITER,1,1
2026-08-18T01:53:59,1786992839,13.822544,100.512482,19.0,3.27,-0.3,-1.2,-57.6,302.4,1.4,-2.69,0.0,22.46,38,0,0,1
2026-08-18T01:54:00,1786992840,13.822556,100.512458,18.8,3.15,0.7,3.9,-59.7,300.3,1.36,-2.64,-0.01,22.46,38,AUTO.LOITER,1,1
2026-08-18T01:54:01,1786992841,13.822569,100.512435,18.7,3.04,-0.4,3.3,-65.7,294.3,1.13,-2.13,-0.02,22.45,38,AUTO.LOITER,1,1
2026-08-18T01:54:02,1786992842,13.822576,100.51242,18.7,2.95,-0.3,3.2,-64.4,295.6,0.64,-1.27,-0.08,22.45,38,AUTO.LOITER,1,1
2026-08-18T01:54:03,1786992843,13.822581,100.512411,18.6,2.92,0.1,3.9,-60.1,299.9,0.34,-0.65,-0.1,22.44,38,AUTO.LOITER,1,1
2026-08-18T01:54:04,1786992844,13.822582,100.512409,18.6,2.9,0.6,7.9,-61.3,298.7,-0.1,0.21,-0.17,22.44,38,AUTO.LOITER,1,1
2026-08-18T01:54:05,1786992845,13.822582,100.512409,18.6,2.9,0.6,7.9,-61.3,298.7,-0.1,0.21,-0.17,22.44,38,0,0,1
2026-08-18T01:54:06,1786992846,13.822582,100.512377,18.7,3.0,0.6,7.9,-61.3,298.7,-0.01,-3.01,-0.14,22.44,38,0,0,1
2026-08-18T01:54:07,1786992847,13.822581,100.512351,18.7,3.02,0.5,-3.6,-85.0,275.0,0.06,-2.96,-0.14,22.44,38,0,0,1
2026-08-18T01:54:08,1786992848,13.822581,100.512324,18.7,3.04,0.5,-1.4,-89.4,270.6,0.08,-3.05,-0.16,22.42,37,AUTO.LOITER,1,1
2026-08-18T01:54:09,1786992849,13.822582,100.512296,18.8,3.06,0.4,-1.6,-91.4,268.6,0.09,-3.03,-0.18,22.42,37,AUTO.LOITER,1,1
2026-08-18T01:54:10,1786992850,13.822582,100.512276,17.3,3.06,0.2,-1.5,-90.0,270.0,0.09,-3.03,-0.18,22.41,37,AUTO.LOITER,1,1
2026-08-18T01:54:11,1786992851,13.822582,100.512248,17.3,3.09,0.2,-1.4,-88.8,271.2,0.07,-3.03,-0.19,22.41,37,AUTO.LOITER,1,1
2026-08-18T01:54:12,1786992852,13.822582,100.51224,18.8,3.13,0.2,-1.4,-89.9,270.1,0.06,-3.02,-0.19,22.41,37,0,0,1
2026-08-18T01:54:13,1786992853,13.822582,100.512212,18.9,3.16,0.1,-1.2,-89.9,270.1,0.06,-3.01,-0.19,22.4,37,AUTO.LOITER,1,1
2026-08-18T01:54:14,1786992854,13.822582,100.512185,18.9,3.19,0.3,-1.6,-89.7,270.3,0.03,-2.96,-0.2,22.4,37,AUTO.LOITER,1,1
2026-08-18T01:54:15,1786992855,13.822582,100.512185,18.9,3.19,0.3,-1.6,-89.7,270.3,0.03,-2.96,-0.2,22.4,37,AUTO.LOITER,1,1
2026-08-18T01:54:16,1786992856,13.822583,100.512129,19.0,3.27,-0.1,1.3,-89.9,270.1,0.02,-2.99,-0.19,22.4,37,0,0,1
2026-08-18T01:54:17,1786992857,13.822583,100.512129,19.0,3.27,0.7,3.9,-89.4,270.6,0.02,-2.99,-0.19,22.4,37,0,0,1
2026-08-18T01:54:18,1786992858,13.822583,100.512092,19.0,3.3,0.7,3.9,-89.4,270.6,0.04,-1.18,-0.18,22.38,36,AUTO.LOITER,1,1
2026-08-18T01:54:19,1786992859,13.822583,100.512092,19.0,3.3,-4.9,-14.2,-99.9,260.1,0.04,-1.18,-0.18,22.38,36,AUTO.LOITER,1,1
2026-08-18T01:54:20,1786992860,13.822565,100.512058,19.0,3.35,-1.1,3.4,-126.1,233.9,-1.35,-2.77,-0.12,22.37,36,AUTO.LOITER,1,1
2026-08-18T01:54:21,1786992861,13.822553,100.512036,19.0,3.35,-0.8,-3.3,-127.8,232.2,-1.43,-2.53,-0.13,22.37,36,AUTO.LOITER,1,1
2026-08-18T01:54:22,1786992862,13.82254,100.512011,19.0,3.34,0.9,-1.4,-115.2,244.8,-1.39,-2.72,-0.14,22.36,36,AUTO.LOITER,1,1
2026-08-18T01:54:23,1786992863,13.822531,100.511994,17.6,3.34,-0.3,4.9,-114.9,245.1,-1.39,-2.72,-0.14,22.36,36,AUTO.LOITER,1,1
2026-08-18T01:54:24,1786992864,13.822528,100.511989,19.1,3.36,0.7,3.6,-119.5,240.5,-1.1,-2.06,-0.12,22.36,36,0,0,1
2026-08-18T01:54:25,1786992865,13.822521,100.511974,19.1,3.35,-1.3,-0.5,-116.6,243.4,-0.58,-1.26,-0.13,22.36,35,0,0,1
2026-08-18T01:54:26,1786992866,13.822516,100.511965,19.1,3.35,2.1,-12.5,-108.6,251.4,-0.6,-1.11,-0.17,22.35,35,AUTO.LOITER,1,1
2026-08-18T01:54:27,1786992867,13.822509,100.51195,17.6,3.35,-0.7,-0.6,-106.4,253.6,-0.6,-1.11,-0.17,22.35,35,AUTO.LOITER,1,1
2026-08-18T01:54:28,1786992868,13.822498,100.511919,19.1,3.36,0.7,-3.4,-109.9,250.1,-0.9,-2.66,-0.14,22.34,35,AUTO.LOITER,1,1
2026-08-18T01:54:29,1786992869,13.82249,100.511896,19.1,3.37,0.2,4.8,-110.2,249.8,-0.7,-2.1,-0.12,22.34,35,AUTO.LOITER,1,1
2026-08-18T01:54:30,1786992870,13.822486,100.511882,19.1,3.35,1.1,3.5,-107.9,252.1,-0.37,-1.26,-0.13,22.34,35,AUTO.LOITER,1,1
2026-08-18T01:54:31,1786992871,13.822488,100.511874,19.1,3.39,11.2,-1.8,-102.0,258.0,1.01,-0.64,-0.14,22.33,35,AUTO.LOITER,1,1
2026-08-18T01:54:32,1786992872,13.822506,100.511861,19.1,3.4,-1.6,0.6,-70.6,289.4,2.51,-1.97,-0.06,22.33,35,AUTO.LOITER,1,1
2026-08-18T01:54:33,1786992873,13.822526,100.511844,19.1,3.36,2.1,1.6,-53.5,306.5,2.26,-1.6,-0.12,22.32,35,AUTO.LOITER,1,1
2026-08-18T01:54:34,1786992874,13.822542,100.511832,17.5,3.36,1.2,-4.7,-40.8,319.2,2.26,-1.6,-0.12,22.32,34,AUTO.LOITER,1,1
2026-08-18T01:54:35,1786992875,13.822563,100.511815,17.6,3.36,-0.6,-0.2,-31.8,328.2,2.26,-1.6,-0.12,22.31,34,AUTO.LOITER,1,1
2026-08-18T01:54:36,1786992876,13.822584,100.511799,17.5,3.35,-0.7,-1.7,-41.0,319.0,2.38,-1.81,-0.14,22.31,34,AUTO.LOITER,1,1
2026-08-18T01:54:37,1786992877,13.822591,100.511794,19.1,3.35,0.2,-1.2,-37.5,322.5,2.38,-1.87,-0.14,22.31,34,0,0,1
2026-08-18T01:54:38,1786992878,13.822612,100.511777,19.0,3.34,-0.1,-1.2,-36.5,323.5,2.36,-1.84,-0.15,22.3,34,AUTO.LOITER,1,1
2026-08-18T01:54:39,1786992879,13.822634,100.51176,19.0,3.33,-0.2,-1.1,-37.4,322.6,2.35,-1.82,-0.17,22.3,34,AUTO.LOITER,1,1
2026-08-18T01:54:40,1786992880,13.822655,100.511743,19.0,3.32,-0.1,-1.8,-38.1,321.9,2.34,-1.81,-0.17,22.3,34,AUTO.LOITER,1,1
2026-08-18T01:54:41,1786992881,13.822676,100.511727,19.0,3.32,-0.1,-1.4,-37.3,322.7,2.37,-1.84,-0.18,22.29,34,AUTO.LOITER,1,1
2026-08-18T01:54:42,1786992882,13.822692,100.511714,17.5,3.32,0.0,-1.2,-37.3,322.7,2.37,-1.84,-0.18,22.29,34,AUTO.LOITER,1,1
2026-08-18T01:54:43,1786992883,13.822719,100.511693,19.0,3.32,0.0,-1.2,-37.3,322.7,2.35,-1.81,-0.18,22.28,34,AUTO.LOITER,1,1
2026-08-18T01:54:44,1786992884,13.822741,100.511676,19.0,3.31,0.0,-1.2,-37.3,322.7,2.38,-1.83,-0.18,22.28,33,AUTO.LOITER,1,1
2026-08-18T01:54:45,1786992885,13.822762,100.511659,19.0,3.32,-0.1,-1.7,-37.6,322.4,2.38,-1.88,-0.18,22.27,33,AUTO.LOITER,1,1
2026-08-18T01:54:46,1786992886,13.822776,100.511649,17.6,3.32,-0.2,6.8,-37.8,322.2,2.38,-1.88,-0.18,22.27,33,AUTO.LOITER,1,1
2026-08-18T01:54:47,1786992887,13.82278,100.511645,19.0,3.34,-0.2,2.8,-38.2,321.8,1.53,-1.24,-0.16,22.27,33,0,0,1
2026-08-18T01:54:48,1786992888,13.822791,100.511637,19.0,3.35,-0.3,5.4,-38.7,321.3,0.93,-0.78,-0.15,22.27,33,AUTO.LOITER,1,1
2026-08-18T01:54:49,1786992889,13.822797,100.511632,18.7,3.04,0.5,5.2,-39.9,320.1,0.22,-0.24,0.4,22.26,33,AUTO.LAND,1,1
2026-08-18T01:54:50,1786992890,13.822798,100.511631,18.4,2.71,0.3,-1.5,-40.5,319.5,0.1,-0.07,0.13,22.26,33,AUTO.LAND,1,1
2026-08-18T01:54:51,1786992891,13.822799,100.51163,16.7,2.71,-0.3,0.6,-39.6,320.4,0.1,-0.07,0.13,22.25,33,AUTO.LAND,1,1
2026-08-18T01:54:52,1786992892,13.822798,100.51163,17.8,2.07,0.8,-0.2,-39.8,320.2,-0.01,0.0,0.1,22.25,33,AUTO.LAND,1,1
2026-08-18T01:54:53,1786992893,13.822798,100.51163,17.5,1.8,-0.2,-0.5,-40.0,320.0,0.02,0.04,0.13,22.24,33,AUTO.LAND,1,1
2026-08-18T01:54:54,1786992894,13.822798,100.51163,17.2,1.53,0.1,0.1,-39.9,320.1,0.04,-0.01,0.15,22.24,32,AUTO.LAND,1,1
2026-08-18T01:54:55,1786992895,13.822798,100.51163,16.9,1.25,0.0,-0.2,-39.8,320.2,0.04,0.02,0.17,22.23,32,AUTO.LAND,1,1
2026-08-18T01:54:56,1786992896,13.822799,100.511629,16.9,1.25,0.1,-0.2,-39.9,320.1,0.17,-0.2,-0.46,22.23,32,AUTO.LAND,1,1
2026-08-18T01:54:57,1786992897,13.822798,100.51163,15.4,1.25,0.1,0.0,-39.9,320.1,0.17,-0.2,-0.46,22.23,32,AUTO.LAND,1,1
2026-08-18T01:54:58,1786992898,13.822799,100.511629,17.2,1.52,0.1,0.1,-39.9,320.1,0.07,-0.05,-0.42,22.23,32,0,0,1
2026-08-18T01:54:59,1786992899,13.822799,100.511629,17.2,1.52,0.1,0.2,-39.9,320.1,0.07,-0.05,-0.42,22.23,32,0,0,1
2026-08-18T01:55:00,1786992900,13.822799,100.511629,17.2,1.52,0.1,0.2,-39.9,320.1,0.07,-0.05,-0.42,22.23,32,0,0,1
2026-08-18T01:55:01,1786992901,13.822798,100.51163,16.8,1.07,0.1,0.2,-39.9,320.1,-0.03,0.0,0.17,24.9,54,AUTO.LOITER,0,1
2026-08-18T01:55:02,1786992902,13.822798,100.511629,16.6,0.93,0.1,0.2,-39.9,320.1,0.0,-0.02,0.22,24.9,54,AUTO.LOITER,0,1
2026-08-18T01:55:03,1786992903,13.822798,100.51163,16.7,0.98,0.1,0.2,-39.9,320.1,-0.01,0.0,0.13,24.9,69,AUTO.LOITER,0,1
2026-08-18T01:55:04,1786992904,13.822798,100.51163,16.7,1.03,0.1,0.2,-40.0,320.0,-0.02,0.0,0.08,24.9,71,AUTO.LOITER,0,0
2026-08-18T01:55:05,1786992905,13.822798,100.51163,16.8,1.05,0.1,0.3,-40.0,320.0,-0.02,0.0,0.04,24.9,71,AUTO.LOITER,0,0
2026-08-18T01:55:06,1786992906,13.822798,100.51163,16.8,1.07,0.1,0.3,-40.0,320.0,-0.02,0.0,0.02,24.9,71,AUTO.LOITER,0,0
2026-08-18T01:55:07,1786992907,13.822799,100.51163,15.4,1.07,0.1,0.3,-40.0,320.0,-0.02,0.0,0.02,24.9,72,AUTO.LOITER,0,0
2026-08-18T01:55:08,1786992908,13.822798,100.51163,16.8,1.08,0.2,0.3,-40.0,320.0,-0.01,0.01,0.0,24.9,72,AUTO.LOITER,0,0
2026-08-18T01:55:09,1786992909,13.822798,100.51163,15.4,1.08,0.2,0.3,-40.0,320.0,-0.01,0.01,0.0,24.9,72,AUTO.LOITER,0,0
2026-08-18T01:55:10,1786992910,13.822798,100.51163,16.8,1.11,0.2,0.3,-40.0,320.0,-0.01,0.0,-0.01,24.9,72,AUTO.LOITER,0,0
2026-08-18T01:55:11,1786992911,13.822798,100.51163,16.8,1.11,0.2,0.2,-40.1,319.9,-0.02,0.0,-0.01,24.9,72,AUTO.LOITER,0,0
2026-08-18T01:55:12,1786992912,13.822798,100.51163,16.8,1.11,0.2,0.2,-40.1,319.9,-0.01,0.0,0.0,24.9,72,AUTO.LOITER,0,0
2026-08-18T01:55:13,1786992913,13.822798,100.51163,16.8,1.1,0.2,0.2,-40.1,319.9,-0.01,0.0,0.0,24.9,72,AUTO.LOITER,0,0
2026-08-18T01:55:14,1786992914,13.822798,100.51163,16.8,1.09,0.2,0.2,-40.1,319.9,0.0,0.02,0.01,24.9,72,AUTO.LOITER,0,0
2026-08-18T01:55:15,1786992915,13.822798,100.51163,16.8,1.08,0.2,0.1,-40.1,319.9,0.0,0.03,0.01,24.9,72,AUTO.LOITER,0,0
2026-08-18T01:55:16,1786992916,13.822798,100.51163,16.8,1.08,0.2,0.1,-40.1,319.9,0.0,0.02,0.01,24.9,72,AUTO.LOITER,0,0
2026-08-18T01:55:17,1786992917,13.822798,100.51163,16.8,1.08,0.2,0.1,-40.1,319.9,-0.01,0.02,0.01,24.9,72,AUTO.LOITER,0,0
2026-08-18T01:55:18,1786992918,13.822798,100.51163,16.8,1.08,0.1,0.1,-40.2,319.8,-0.01,0.02,0.01,24.9,72,AUTO.LOITER,0,0
2026-08-18T01:55:19,1786992919,13.822798,100.51163,15.4,1.08,0.1,0.1,-40.2,319.8,-0.01,0.02,0.01,24.9,72,AUTO.LOITER,0,0
2026-08-18T01:55:20,1786992920,13.822798,100.51163,16.8,1.08,0.1,0.0,-40.2,319.8,0.0,0.01,0.01,24.9,72,AUTO.LOITER,0,0
2026-08-18T01:55:21,1786992921,13.822798,100.51163,16.8,1.09,0.1,0.0,-40.2,319.8,0.0,0.0,0.0,24.9,72,AUTO.LOITER,0,0
2026-08-18T01:55:22,1786992922,13.822798,100.51163,16.8,1.1,0.1,-0.0,-40.2,319.8,0.01,0.0,0.0,24.9,72,AUTO.LOITER,0,0
2026-08-18T01:55:23,1786992923,13.822798,100.511629,16.8,1.1,0.1,-0.0,-40.2,319.8,0.01,-0.01,0.0,24.9,72,AUTO.LOITER,0,0
2026-08-18T01:55:24,1786992924,13.822798,100.51163,16.8,1.09,0.1,-0.0,-40.2,319.8,0.01,0.0,0.01,24.9,72,AUTO.LOITER,0,0
2026-08-18T01:55:25,1786992925,13.822798,100.51163,16.8,1.08,0.1,-0.0,-40.2,319.8,0.02,0.0,0.01,24.9,72,AUTO.LOITER,0,0
2026-08-18T01:55:26,1786992926,13.822798,100.51163,16.8,1.09,0.1,0.0,-40.2,319.8,0.01,0.0,0.0,24.9,72,AUTO.LOITER,0,0
2026-08-18T01:55:27,1786992927,13.822798,100.51163,16.8,1.1,0.0,0.0,-40.2,319.8,0.0,0.0,0.0,24.9,72,AUTO.LOITER,0,0
2026-08-18T01:55:28,1786992928,13.822798,100.51163,16.8,1.1,0.0,0.0,-40.2,319.8,0.01,-0.01,0.0,24.9,72,AUTO.LOITER,0,0
2026-08-18T01:55:29,1786992929,13.822798,100.51163,16.8,1.1,0.0,0.0,-40.2,319.8,0.01,-0.02,0.0,24.9,72,AUTO.LOITER,0,0
2026-08-18T01:55:30,1786992930,13.822798,100.51163,15.4,1.1,0.0,0.1,-40.2,319.8,0.01,-0.02,0.0,24.9,72,AUTO.LOITER,0,0
2026-08-18T01:55:31,1786992931,13.822798,100.51163,15.5,1.09,0.0,0.1,-40.2,319.8,0.01,0.0,0.01,24.9,72,AUTO.LOITER,0,0
2026-08-18T01:55:32,1786992932,13.822798,100.51163,16.8,1.08,0.0,0.1,-40.2,319.8,0.01,-0.01,0.01,24.9,72,AUTO.LOITER,0,0
2026-08-18T01:55:33,1786992933,13.822798,100.51163,16.8,1.08,0.0,0.2,-40.2,319.8,0.0,-0.01,0.01,24.9,72,AUTO.LOITER,0,0
2026-08-18T01:55:34,1786992934,13.822798,100.51163,16.8,1.08,0.0,0.2,-40.2,319.8,0.0,-0.01,0.02,24.9,72,AUTO.LOITER,0,0
2026-08-18T01:55:35,1786992935,13.822798,100.51163,16.8,1.07,0.0,0.2,-40.2,319.8,0.0,0.0,0.03,24.9,72,AUTO.LOITER,0,0
2026-08-18T01:55:36,1786992936,13.822798,100.51163,16.8,1.06,-0.0,0.2,-40.2,319.8,-0.01,0.0,0.04,24.9,72,AUTO.LOITER,0,0
2026-08-18T01:55:37,1786992937,13.822798,100.51163,16.8,1.05,0.0,0.2,-40.2,319.8,-0.01,0.0,0.05,24.9,72,AUTO.LOITER,0,0
2026-08-18T01:55:38,1786992938,13.822798,100.51163,16.7,1.05,0.0,0.2,-40.2,319.8,-0.01,0.0,0.05,24.9,72,AUTO.LOITER,0,0
2026-08-18T01:55:39,1786992939,13.822798,100.51163,16.7,1.04,0.0,0.2,-40.2,319.8,-0.02,-0.01,0.06,24.9,72,AUTO.LOITER,0,0
2026-08-18T01:55:40,1786992940,13.822798,100.51163,16.7,1.03,0.1,0.2,-40.2,319.8,-0.02,-0.01,0.07,24.9,72,AUTO.LOITER,0,0
2026-08-18T01:55:41,1786992941,13.822798,100.511629,16.7,1.03,0.1,0.2,-40.2,319.8,-0.01,-0.02,0.07,24.9,72,AUTO.LOITER,0,0
2026-08-18T01:55:42,1786992942,13.822798,100.51163,16.7,1.03,0.1,0.2,-40.2,319.8,-0.01,-0.01,0.06,24.9,72,AUTO.LOITER,0,0
2026-08-18T01:55:43,1786992943,13.822798,100.51163,15.4,1.03,0.1,0.2,-40.2,319.8,-0.01,-0.01,0.06,24.9,72,AUTO.LOITER,0,0
2026-08-18T01:55:44,1786992944,13.822798,100.51163,15.4,1.04,0.2,0.2,-40.2,319.8,0.0,0.0,0.05,24.9,72,AUTO.LOITER,0,0
2026-08-18T01:55:45,1786992945,13.822798,100.51163,16.7,1.04,0.2,0.2,-40.2,319.8,0.0,0.01,0.05,24.9,72,AUTO.LOITER,0,0
2026-08-18T01:55:46,1786992946,13.822798,100.51163,16.7,1.04,0.2,0.2,-40.2,319.8,0.01,0.0,0.06,24.9,72,AUTO.LOITER,0,0
2026-08-18T01:55:47,1786992947,13.822798,100.51163,16.7,1.03,0.1,0.2,-40.2,319.8,0.0,0.0,0.06,24.9,72,AUTO.LOITER,0,0
2026-08-18T01:55:48,1786992948,13.822798,100.51163,16.7,1.03,0.1,0.2,-40.2,319.8,0.0,0.0,0.06,24.9,72,AUTO.LOITER,0,0
2026-08-18T01:55:49,1786992949,13.822798,100.51163,16.7,1.03,0.1,0.2,-40.2,319.8,0.0,0.0,0.06,24.9,72,AUTO.LOITER,0,0
2026-08-18T01:55:50,1786992950,13.822798,100.51163,16.7,1.04,0.2,0.2,-40.2,319.8,0.0,0.0,0.04,24.9,72,AUTO.LOITER,0,0
2026-08-18T01:55:51,1786992951,13.822798,100.51163,16.7,1.05,0.2,0.2,-40.2,319.8,0.0,0.0,0.03,24.9,72,AUTO.LOITER,0,0
2026-08-18T01:55:52,1786992952,13.822798,100.51163,16.8,1.05,0.2,0.2,-40.1,319.9,0.0,-0.01,0.03,24.9,72,AUTO.LOITER,0,0
2026-08-18T01:55:53,1786992953,13.822798,100.51163,16.7,1.05,0.2,0.2,-40.1,319.9,0.01,-0.01,0.04,24.9,72,AUTO.LOITER,0,0
2026-08-18T01:55:54,1786992954,13.822798,100.511629,16.7,1.04,0.2,0.2,-40.1,319.9,0.0,-0.02,0.05,24.9,72,AUTO.LOITER,0,0
2026-08-18T01:55:55,1786992955,13.822798,100.51163,16.7,1.04,0.3,0.2,-40.1,319.9,0.0,0.0,0.04,24.9,72,AUTO.LOITER,0,0
2026-08-18T01:55:56,1786992956,13.822798,100.51163,15.4,1.04,0.3,0.2,-40.1,319.9,0.0,0.0,0.04,24.9,72,AUTO.LOITER,0,0
2026-08-18T01:55:57,1786992957,13.822798,100.51163,15.4,1.05,0.3,0.2,-40.1,319.9,0.02,0.0,0.02,24.9,72,AUTO.LOITER,0,0
2026-08-18T01:55:58,1786992958,13.822798,100.51163,16.8,1.06,0.3,0.3,-40.1,319.9,0.01,0.0,0.02,24.9,72,AUTO.LOITER,0,0
2026-08-18T01:55:59,1786992959,13.822798,100.51163,16.8,1.06,0.3,0.3,-40.1,319.9,0.0,0.0,0.02,24.9,72,AUTO.LOITER,0,0
2026-08-18T01:56:00,1786992960,13.822798,100.51163,16.8,1.06,0.3,0.2,-40.1,319.9,0.01,0.02,0.02,24.9,72,AUTO.LOITER,0,0
2026-08-18T01:56:01,1786992961,13.822798,100.51163,16.8,1.06,0.3,0.2,-40.1,319.9,0.02,0.02,0.02,24.9,72,AUTO.LOITER,0,0
2026-08-18T01:56:02,1786992962,13.822798,100.51163,16.8,1.06,0.3,0.2,-40.1,319.9,0.01,0.02,0.03,24.9,72,AUTO.LOITER,0,0
2026-08-18T01:56:03,1786992963,13.822798,100.51163,16.8,1.05,0.3,0.2,-40.1,319.9,0.02,0.02,0.03,24.9,72,AUTO.LOITER,0,0
2026-08-18T01:56:04,1786992964,13.822798,100.51163,16.8,1.05,0.2,0.2,-40.1,319.9,0.01,0.01,0.03,24.9,72,AUTO.LOITER,0,0
2026-08-18T01:56:05,1786992965,13.822798,100.51163,16.8,1.05,0.2,0.2,-40.1,319.9,0.01,0.01,0.03,24.9,72,AUTO.LOITER,0,0
2026-08-18T01:56:06,1786992966,13.822798,100.51163,16.8,1.05,0.2,0.2,-40.1,319.9,0.01,0.01,0.03,24.9,72,AUTO.LOITER,0,0
2026-08-18T01:56:07,1786992967,13.822798,100.51163,16.8,1.05,0.2,0.2,-40.1,319.9,0.02,0.01,0.02,24.9,72,AUTO.LOITER,0,0
2026-08-18T01:56:08,1786992968,13.822798,100.51163,16.8,1.06,0.2,0.2,-40.1,319.9,0.03,0.02,0.01,24.9,72,AUTO.LOITER,0,0
2026-08-18T01:56:09,1786992969,13.822798,100.51163,15.3,1.06,0.1,0.2,-40.1,319.9,0.03,0.02,0.01,24.9,72,AUTO.LOITER,0,0
2026-08-18T01:56:10,1786992970,13.822798,100.51163,16.8,1.06,0.1,0.3,-40.1,319.9,0.03,0.02,0.01,24.9,72,AUTO.LOITER,0,0
2026-08-18T01:56:11,1786992971,13.822798,100.51163,16.8,1.06,0.0,0.2,-40.1,319.9,0.03,0.01,0.01,24.9,72,AUTO.LOITER,0,0
2026-08-18T01:56:12,1786992972,13.822798,100.51163,16.8,1.06,0.0,0.3,-40.1,319.9,0.03,0.01,0.01,24.9,72,AUTO.LOITER,0,0
2026-08-18T01:56:13,1786992973,13.822798,100.51163,16.8,1.06,0.0,0.3,-40.1,319.9,0.03,0.01,0.01,24.9,72,AUTO.LOITER,0,0
2026-08-18T01:56:14,1786992974,13.822798,100.51163,16.8,1.06,-0.0,0.2,-40.1,319.9,0.0,-0.01,0.02,24.9,72,AUTO.LOITER,0,0
2026-08-18T01:56:15,1786992975,13.822798,100.51163,16.7,1.05,-0.0,0.2,-40.1,319.9,0.0,-0.02,0.03,24.9,72,AUTO.LOITER,0,0
2026-08-18T01:56:16,1786992976,13.822798,100.511629,16.7,1.05,0.0,0.2,-40.1,319.9,0.0,-0.02,0.03,24.9,72,AUTO.LOITER,0,0
2026-08-18T01:56:17,1786992977,13.822798,100.511629,16.7,1.05,0.0,0.2,-40.1,319.9,0.0,-0.01,0.03,24.9,72,AUTO.LOITER,0,0
2026-08-18T01:56:18,1786992978,13.822798,100.51163,16.7,1.05,0.0,0.2,-40.1,319.9,0.0,0.0,0.03,24.9,72,AUTO.LOITER,0,0
2026-08-18T01:56:19,1786992979,13.822798,100.51163,16.7,1.04,0.0,0.2,-40.1,319.9,0.0,0.0,0.04,24.9,72,AUTO.LOITER,0,0
2026-08-18T01:56:20,1786992980,13.822798,100.51163,16.7,1.04,0.1,0.2,-40.1,319.9,0.0,0.0,0.03,24.9,72,AUTO.LOITER,0,0
2026-08-18T01:56:21,1786992981,13.822798,100.51163,15.4,1.04,0.0,0.2,-40.1,319.9,0.0,0.0,0.03,24.9,72,AUTO.LOITER,0,0
2026-08-18T01:56:22,1786992982,13.822798,100.51163,15.5,1.04,0.0,0.2,-40.1,319.9,0.0,0.0,0.03,24.9,72,AUTO.LOITER,0,0
2026-08-18T01:56:23,1786992983,13.822798,100.51163,16.7,1.04,0.0,0.2,-40.1,319.9,0.0,0.0,0.03,24.9,72,AUTO.LOITER,0,0
2026-08-18T01:56:24,1786992984,13.822798,100.51163,16.7,1.04,0.0,0.2,-40.1,319.9,0.02,0.0,0.03,24.9,72,AUTO.LOITER,0,0
2026-08-18T01:56:25,1786992985,13.822798,100.51163,16.7,1.04,0.0,0.2,-40.2,319.8,0.01,0.0,0.03,24.9,72,AUTO.LOITER,0,0
2026-08-18T01:56:26,1786992986,13.822798,100.51163,16.7,1.05,0.0,0.2,-40.2,319.8,0.01,0.0,0.02,24.9,72,AUTO.LOITER,0,0
2026-08-18T01:56:27,1786992987,13.822798,100.51163,16.8,1.05,-0.0,0.2,-40.2,319.8,0.0,0.0,0.02,24.9,72,AUTO.LOITER,0,0
2026-08-18T01:56:28,1786992988,13.822798,100.51163,16.8,1.06,0.0,0.2,-40.2,319.8,0.02,0.0,0.0,24.9,72,AUTO.LOITER,0,0
2026-08-18T01:56:29,1786992989,13.822798,100.51163,16.8,1.08,0.0,0.2,-40.2,319.8,0.02,0.0,0.0,24.9,72,AUTO.LOITER,0,0
2026-08-18T01:56:30,1786992990,13.822798,100.51163,16.8,1.08,0.0,0.2,-40.2,319.8,0.01,0.0,-0.01,24.9,72,AUTO.LOITER,0,0
2026-08-18T01:56:31,1786992991,13.822798,100.51163,16.8,1.08,0.0,0.2,-40.2,319.8,0.01,0.0,-0.01,24.9,72,AUTO.LOITER,0,0
2026-08-18T01:56:32,1786992992,13.822798,100.51163,16.8,1.08,0.0,0.3,-40.3,319.7,0.01,-0.01,0.0,24.9,72,AUTO.LOITER,0,0
2026-08-18T01:56:33,1786992993,13.822798,100.51163,16.8,1.08,0.1,0.3,-40.3,319.7,0.0,0.0,0.0,24.9,72,AUTO.LOITER,0,0
2026-08-18T01:56:34,1786992994,13.822798,100.51163,15.4,1.08,0.1,0.3,-40.3,319.7,0.0,0.0,0.0,24.9,72,AUTO.LOITER,0,0
2026-08-18T01:56:35,1786992995,13.822798,100.51163,15.4,1.08,0.1,0.3,-40.3,319.7,0.0,0.0,0.0,24.9,72,AUTO.LOITER,0,0
2026-08-18T01:56:36,1786992996,13.822798,100.51163,16.8,1.07,0.1,0.3,-40.3,319.7,0.01,0.0,0.0,24.9,72,AUTO.LOITER,0,0
2026-08-18T01:56:37,1786992997,13.822798,100.51163,16.8,1.07,0.1,0.3,-40.3,319.7,0.02,0.01,0.0,24.9,72,AUTO.LOITER,0,0
2026-08-18T01:56:38,1786992998,13.822798,100.51163,16.8,1.07,0.1,0.3,-40.3,319.7,0.02,0.03,0.0,24.9,72,AUTO.LOITER,0,0
2026-08-18T01:56:39,1786992999,13.822798,100.51163,16.8,1.07,0.1,0.3,-40.3,319.7,0.02,0.02,0.0,24.9,72,AUTO.LOITER,0,0
2026-08-18T01:56:40,1786993000,13.822798,100.51163,16.8,1.08,0.1,0.3,-40.3,319.7,0.0,0.01,-0.01,24.9,72,AUTO.LOITER,0,0
2026-08-18T01:56:41,1786993001,13.822798,100.51163,16.8,1.09,0.1,0.3,-40.4,319.6,0.0,0.0,-0.01,24.9,72,AUTO.LOITER,0,0
2026-08-18T01:56:42,1786993002,13.822798,100.51163,16.8,1.09,0.1,0.3,-40.4,319.6,0.0,0.0,-0.01,24.9,72,AUTO.LOITER,0,0
2026-08-18T01:56:43,1786993003,13.822798,100.51163,16.8,1.09,0.1,0.3,-40.4,319.6,0.0,-0.01,-0.01,24.9,72,AUTO.LOITER,0,0
2026-08-18T01:56:44,1786993004,13.822798,100.51163,16.8,1.09,0.1,0.3,-40.4,319.6,0.0,-0.01,-0.02,24.9,72,AUTO.LOITER,0,0
2026-08-18T01:56:45,1786993005,13.822798,100.51163,16.8,1.1,0.1,0.3,-40.4,319.6,0.0,-0.01,-0.03,24.9,72,AUTO.LOITER,0,0
2026-08-18T01:56:46,1786993006,13.822798,100.51163,16.8,1.11,0.2,0.3,-40.4,319.6,0.0,0.0,-0.04,24.9,72,AUTO.LOITER,0,0
2026-08-18T01:56:47,1786993007,13.822798,100.51163,15.4,1.11,0.2,0.3,-40.4,319.6,0.0,0.0,-0.04,24.9,72,AUTO.LOITER,0,0
2026-08-18T01:56:48,1786993008,13.822798,100.51163,16.8,1.11,0.2,0.3,-40.4,319.6,0.0,0.02,-0.04,24.9,72,AUTO.LOITER,0,0
2026-08-18T01:56:49,1786993009,13.822798,100.51163,16.8,1.11,0.2,0.2,-40.4,319.6,0.0,0.02,-0.03,24.9,72,AUTO.LOITER,0,0
2026-08-18T01:56:50,1786993010,13.822798,100.51163,16.8,1.1,0.2,0.2,-40.4,319.6,0.0,0.03,-0.02,24.9,72,AUTO.LOITER,0,0
2026-08-18T01:56:51,1786993011,13.822798,100.51163,16.8,1.09,0.2,0.2,-40.4,319.6,0.01,0.02,-0.01,24.9,72,AUTO.LOITER,0,0
2026-08-18T01:56:52,1786993012,13.822798,100.51163,16.8,1.09,0.2,0.2,-40.4,319.6,0.01,0.02,-0.01,24.9,72,AUTO.LOITER,0,0
2026-08-18T01:56:53,1786993013,13.822798,100.51163,16.8,1.08,0.2,0.2,-40.4,319.6,0.01,0.03,-0.01,24.9,72,AUTO.LOITER,0,0
2026-08-18T01:56:54,1786993014,13.822798,100.51163,16.8,1.08,0.2,0.2,-40.4,319.6,0.02,0.02,-0.01,24.9,72,AUTO.LOITER,0,0
2026-08-18T01:56:55,1786993015,13.822798,100.51163,16.8,1.09,0.1,0.2,-40.4,319.6,0.03,0.01,-0.01,24.9,72,AUTO.LOITER,0,0
2026-08-18T01:56:56,1786993016,13.822798,100.51163,16.8,1.09,0.1,0.2,-40.4,319.6,0.02,0.01,-0.02,24.9,72,AUTO.LOITER,0,0
2026-08-18T01:56:57,1786993017,13.822798,100.51163,16.8,1.09,0.1,0.2,-40.4,319.6,0.01,0.0,-0.02,24.9,72,AUTO.LOITER,0,0
2026-08-18T01:56:58,1786993018,13.822798,100.51163,16.8,1.09,0.1,0.2,-40.4,319.6,0.01,0.0,-0.02,24.9,72,AUTO.LOITER,0,0
2026-08-18T01:56:59,1786993019,13.822798,100.51163,15.4,1.09,0.1,0.2,-40.4,319.6,0.01,0.0,-0.02,24.9,72,AUTO.LOITER,0,0
2026-08-18T01:57:00,1786993020,13.822798,100.511629,15.4,1.09,0.1,0.2,-40.4,319.6,0.01,0.0,-0.02,24.9,72,AUTO.LOITER,0,0
2026-08-18T01:57:01,1786993021,13.822798,100.51163,16.8,1.08,0.1,0.2,-40.4,319.6,0.0,0.01,0.0,24.9,72,AUTO.LOITER,0,0
2026-08-18T01:57:02,1786993022,13.822798,100.51163,16.8,1.08,0.1,0.2,-40.4,319.6,0.0,0.02,0.0,24.9,72,AUTO.LOITER,0,0
2026-08-18T01:57:03,1786993023,13.822798,100.51163,16.8,1.08,0.1,0.2,-40.4,319.6,0.0,0.03,0.0,24.9,72,AUTO.LOITER,0,0
2026-08-18T01:57:04,1786993024,13.822798,100.51163,16.8,1.08,0.0,0.2,-40.4,319.6,-0.01,0.0,-0.01,24.9,72,AUTO.LOITER,0,0
2026-08-18T01:57:05,1786993025,13.822798,100.51163,16.8,1.09,0.1,0.2,-40.4,319.6,-0.01,0.01,-0.02,24.9,72,AUTO.LOITER,0,0
2026-08-18T01:57:06,1786993026,13.822798,100.51163,16.8,1.1,0.0,0.2,-40.4,319.6,-0.01,0.01,-0.02,24.9,72,AUTO.LOITER,0,0
2026-08-18T01:57:07,1786993027,13.822798,100.51163,16.8,1.1,0.0,0.1,-40.4,319.6,0.0,0.0,-0.02,24.9,72,AUTO.LOITER,0,0
2026-08-18T01:57:08,1786993028,13.822798,100.51163,16.8,1.1,0.0,0.1,-40.4,319.6,0.0,-0.01,-0.02,24.9,72,AUTO.LOITER,0,0
2026-08-18T01:57:09,1786993029,13.822798,100.51163,16.8,1.1,0.0,0.1,-40.4,319.6,0.01,0.0,-0.02,24.9,72,AUTO.LOITER,0,0
2026-08-18T01:57:10,1786993030,13.822798,100.51163,16.8,1.1,0.0,0.1,-40.4,319.6,0.01,0.0,-0.02,24.9,72,AUTO.LOITER,0,0
2026-08-18T01:57:11,1786993031,13.822798,100.51163,15.4,1.1,0.0,0.1,-40.4,319.6,0.01,0.0,-0.02,24.9,72,AUTO.LOITER,0,0
2026-08-18T01:57:12,1786993032,13.822798,100.511629,15.4,1.1,-0.0,0.2,-40.4,319.6,0.01,0.01,-0.02,24.9,72,AUTO.LOITER,0,0
2026-08-18T01:57:13,1786993033,13.822798,100.51163,16.8,1.1,-0.0,0.2,-40.3,319.7,0.0,0.02,-0.02,24.9,72,AUTO.LOITER,0,0
2026-08-18T01:57:14,1786993034,13.822798,100.51163,16.8,1.1,-0.0,0.1,-40.3,319.7,0.0,0.01,-0.02,24.9,72,AUTO.LOITER,0,0
2026-08-18T01:57:15,1786993035,13.822798,100.51163,16.8,1.09,-0.0,0.2,-40.3,319.7,0.01,0.02,-0.01,24.9,72,AUTO.LOITER,0,0
2026-08-18T01:57:16,1786993036,13.822798,100.51163,15.4,1.09,-0.1,0.1,-40.3,319.7,0.01,0.02,-0.01,24.9,72,AUTO.LOITER,0,0
2026-08-18T01:57:17,1786993037,13.822798,100.51163,16.8,1.09,-0.1,0.1,-40.3,319.7,0.02,0.01,0.0,24.9,72,AUTO.LOITER,0,0
2026-08-18T01:57:18,1786993038,13.822798,100.51163,15.4,1.09,-0.1,0.1,-40.3,319.7,0.02,0.01,0.0,24.9,72,AUTO.LOITER,0,0
2026-08-18T01:57:19,1786993039,13.822798,100.51163,16.8,1.06,-0.1,0.1,-40.3,319.7,0.0,0.0,0.02,24.9,72,AUTO.LOITER,0,0
2026-08-18T01:57:20,1786993040,13.822798,100.51163,16.8,1.05,-0.1,0.1,-40.3,319.7,0.0,0.0,0.03,24.9,72,AUTO.LOITER,0,0
2026-08-18T01:57:21,1786993041,13.822798,100.51163,16.7,1.04,-0.2,0.1,-40.3,319.7,-0.01,0.0,0.04,24.9,72,AUTO.LOITER,0,0
2026-08-18T01:57:22,1786993042,13.822798,100.51163,16.7,1.04,-0.1,0.1,-40.3,319.7,0.0,0.0,0.04,24.9,72,AUTO.LOITER,0,0
2026-08-18T01:57:23,1786993043,13.822798,100.51163,16.7,1.04,-0.1,0.1,-40.3,319.7,0.0,0.01,0.03,24.9,72,AUTO.LOITER,0,0
2026-08-18T01:57:24,1786993044,13.822798,100.51163,16.7,1.04,-0.2,0.1,-40.3,319.7,0.0,0.01,0.03,24.9,72,AUTO.LOITER,0,0
2026-08-18T01:57:25,1786993045,13.822798,100.51163,15.4,1.05,-0.2,0.1,-40.3,319.7,0.0,0.02,0.03,24.9,72,AUTO.LOITER,0,0
2026-08-18T01:57:26,1786993046,13.822798,100.51163,15.4,1.05,-0.2,0.1,-40.3,319.7,0.0,0.02,0.03,24.9,72,AUTO.LOITER,0,0
2026-08-18T01:57:27,1786993047,13.822798,100.51163,15.4,1.05,-0.2,0.1,-40.3,319.7,0.0,0.02,0.03,24.9,72,AUTO.LOITER,0,0
2026-08-18T01:57:28,1786993048,13.822798,100.51163,15.4,1.05,-0.2,0.0,-40.3,319.7,0.0,0.02,0.03,24.9,72,AUTO.LOITER,0,0
2026-08-18T01:57:29,1786993049,13.822798,100.51163,16.8,1.06,-0.2,0.0,-40.3,319.7,0.0,-0.02,0.0,24.9,72,AUTO.LOITER,0,0
2026-08-18T01:57:30,1786993050,13.822798,100.51163,16.8,1.07,-0.2,0.0,-40.3,319.7,0.01,-0.01,0.0,24.9,72,AUTO.LOITER,0,0
2026-08-18T01:57:31,1786993051,13.822798,100.51163,16.8,1.08,-0.2,0.1,-40.3,319.7,0.0,-0.01,0.0,24.9,72,AUTO.LOITER,0,0
2026-08-18T01:57:32,1786993052,13.822798,100.51163,16.8,1.08,-0.2,0.1,-40.3,319.7,0.0,-0.02,0.0,24.9,72,AUTO.LOITER,0,0
2026-08-18T01:57:33,1786993053,13.822798,100.51163,16.8,1.06,-0.2,0.1,-40.3,319.7,-0.01,-0.01,0.02,24.9,72,AUTO.LOITER,0,0
2026-08-18T01:57:34,1786993054,13.822798,100.51163,16.7,1.05,-0.2,0.1,-40.3,319.7,-0.02,0.0,0.03,24.9,72,AUTO.LOITER,0,0
2026-08-18T01:57:35,1786993055,13.822798,100.51163,16.7,1.05,-0.2,0.1,-40.3,319.7,-0.02,0.0,0.03,24.9,72,AUTO.LOITER,0,0
2026-08-18T01:57:36,1786993056,13.822798,100.51163,16.8,1.05,-0.1,0.1,-40.3,319.7,0.0,0.0,0.02,24.9,72,AUTO.LOITER,0,0
2026-08-18T01:57:37,1786993057,13.822798,100.51163,15.4,1.05,-0.1,0.1,-40.3,319.7,0.0,0.0,0.02,24.9,72,AUTO.LOITER,0,0
2026-08-18T01:57:38,1786993058,13.822798,100.51163,16.7,1.05,-0.1,0.1,-40.3,319.7,0.0,0.0,0.03,24.9,72,AUTO.LOITER,0,0
2026-08-18T01:57:39,1786993059,13.822798,100.51163,16.7,1.05,-0.0,0.1,-40.3,319.7,0.0,0.02,0.03,24.9,73,AUTO.LOITER,0,0
2026-08-18T01:57:40,1786993060,13.822798,100.51163,16.7,1.04,-0.1,0.1,-40.3,319.7,-0.01,0.02,0.04,24.9,73,AUTO.LOITER,0,0
2026-08-18T01:57:41,1786993061,13.822798,100.51163,16.7,1.03,-0.1,0.1,-40.3,319.7,0.0,0.01,0.05,24.9,73,AUTO.LOITER,0,0
2026-08-18T01:57:42,1786993062,13.822798,100.51163,16.7,1.02,-0.1,0.1,-40.3,319.7,0.0,0.01,0.06,24.9,73,AUTO.LOITER,0,0
2026-08-18T01:57:43,1786993063,13.822798,100.51163,16.7,1.02,-0.1,0.1,-40.3,319.7,0.0,0.01,0.06,24.9,73,AUTO.LOITER,0,0
2026-08-18T01:57:44,1786993064,13.822798,100.51163,16.7,1.01,-0.1,0.1,-40.3,319.7,0.01,0.0,0.07,24.9,73,AUTO.LOITER,0,0
2026-08-18T01:57:45,1786993065,13.822798,100.511629,16.7,1.01,-0.1,0.1,-40.3,319.7,0.02,-0.01,0.08,24.9,73,AUTO.LOITER,0,0
2026-08-18T01:57:46,1786993066,13.822798,100.511629,16.7,1.0,-0.1,0.2,-40.3,319.7,0.01,-0.02,0.08,24.9,73,AUTO.LOITER,0,0
2026-08-18T01:57:47,1786993067,13.822798,100.511629,16.7,1.0,-0.1,0.2,-40.3,319.7,0.0,0.0,0.08,24.9,73,AUTO.LOITER,0,0
2026-08-18T01:57:48,1786993068,13.822798,100.51163,16.7,1.0,-0.1,0.2,-40.3,319.7,0.0,0.0,0.08,24.9,73,AUTO.LOITER,0,0
2026-08-18T01:57:49,1786993069,13.822798,100.51163,15.5,1.0,-0.1,0.2,-40.3,319.7,0.0,0.0,0.08,24.9,73,AUTO.LOITER,0,0
2026-08-18T01:57:50,1786993070,13.822798,100.51163,15.4,1.01,-0.0,0.2,-40.3,319.7,0.0,0.01,0.07,24.9,73,AUTO.LOITER,0,0
2026-08-18T01:57:51,1786993071,13.822798,100.51163,16.7,1.02,-0.1,0.2,-40.3,319.7,0.0,0.02,0.06,24.9,73,AUTO.LOITER,0,0
2026-08-18T01:57:52,1786993072,13.822798,100.51163,16.7,1.02,-0.1,0.3,-40.3,319.7,-0.01,0.01,0.06,24.9,73,AUTO.LOITER,0,0
2026-08-18T01:57:53,1786993073,13.822798,100.51163,16.7,1.02,-0.1,0.3,-40.3,319.7,-0.01,0.01,0.06,24.9,73,AUTO.LOITER,0,0
2026-08-18T01:57:54,1786993074,13.822798,100.51163,16.7,1.02,-0.0,0.2,-40.3,319.7,0.0,0.0,0.07,24.9,73,AUTO.LOITER,0,0
2026-08-18T01:57:55,1786993075,13.822798,100.51163,16.7,1.01,-0.0,0.2,-40.3,319.7,0.0,0.0,0.07,24.9,73,AUTO.LOITER,0,0
2026-08-18T01:57:56,1786993076,13.822798,100.51163,16.7,1.01,-0.0,0.3,-40.3,319.7,0.0,0.01,0.07,24.9,73,AUTO.LOITER,0,0
2026-08-18T01:57:57,1786993077,13.822798,100.51163,16.7,1.02,-0.0,0.2,-40.3,319.7,-0.03,0.0,0.06,24.9,73,AUTO.LOITER,0,0
2026-08-18T01:57:58,1786993078,13.822798,100.51163,16.7,1.02,0.0,0.2,-40.3,319.7,-0.03,0.0,0.06,24.9,73,AUTO.LOITER,0,0
2026-08-18T01:57:59,1786993079,13.822798,100.51163,16.7,1.03,0.0,0.2,-40.3,319.7,-0.02,0.01,0.05,24.9,73,AUTO.LOITER,0,0
2026-08-18T01:58:00,1786993080,13.822798,100.51163,16.7,1.03,0.1,0.2,-40.3,319.7,-0.02,0.0,0.05,24.9,73,AUTO.LOITER,0,0
2026-08-18T01:58:01,1786993081,13.822799,100.51163,15.4,1.03,0.1,0.2,-40.3,319.7,-0.02,0.0,0.05,24.9,73,AUTO.LOITER,0,0
2026-08-18T01:58:02,1786993082,13.822798,100.51163,15.4,1.03,0.1,0.2,-40.3,319.7,-0.01,0.0,0.05,24.9,73,AUTO.LOITER,0,0
2026-08-18T01:58:03,1786993083,13.822798,100.511629,16.7,1.02,0.1,0.2,-40.3,319.7,-0.01,-0.01,0.05,24.9,73,AUTO.LOITER,0,0
2026-08-18T01:58:04,1786993084,13.822798,100.51163,16.7,1.02,0.2,0.2,-40.3,319.7,-0.01,0.0,0.06,24.9,73,AUTO.LOITER,0,0
2026-08-18T01:58:05,1786993085,13.822798,100.51163,16.7,1.01,0.2,0.2,-40.3,319.7,0.0,0.02,0.06,24.9,73,AUTO.LOITER,0,0
2026-08-18T01:58:06,1786993086,13.822798,100.51163,16.7,1.01,0.2,0.1,-40.3,319.7,0.01,0.01,0.06,24.9,73,AUTO.LOITER,0,0
2026-08-18T01:58:07,1786993087,13.822798,100.51163,16.7,1.01,0.2,0.1,-40.3,319.7,0.01,0.01,0.06,24.9,73,AUTO.LOITER,0,0
2026-08-18T01:58:08,1786993088,13.822798,100.51163,15.4,1.01,0.2,0.1,-40.3,319.7,0.01,0.01,0.06,24.9,73,AUTO.LOITER,0,0
2026-08-18T01:58:09,1786993089,13.822798,100.51163,15.5,1.01,0.2,0.1,-40.3,319.7,0.01,0.01,0.06,24.9,73,AUTO.LOITER,0,0
2026-08-18T01:58:10,1786993090,13.822798,100.51163,16.7,1.01,0.2,0.1,-40.3,319.7,0.0,0.0,0.08,24.9,73,AUTO.LOITER,0,0
2026-08-18T01:58:11,1786993091,13.822798,100.51163,16.7,1.0,0.2,0.1,-40.3,319.7,0.0,-0.01,0.09,24.9,73,AUTO.LOITER,0,0
2026-08-18T01:58:12,1786993092,13.822798,100.511629,16.7,0.99,0.2,0.1,-40.3,319.7,0.0,-0.02,0.09,24.9,73,AUTO.LOITER,0,0
2026-08-18T01:58:13,1786993093,13.822798,100.51163,15.4,0.99,0.2,0.1,-40.3,319.7,0.0,-0.02,0.09,24.9,73,AUTO.LOITER,0,0
2026-08-18T01:58:14,1786993094,13.822798,100.511629,16.7,0.99,0.3,0.1,-40.3,319.7,0.0,-0.02,0.09,24.9,73,AUTO.LOITER,0,0
2026-08-18T01:58:15,1786993095,13.822798,100.511629,16.7,0.99,0.3,0.1,-40.3,319.7,0.0,-0.01,0.1,24.9,73,AUTO.LOITER,0,0
2026-08-18T01:58:16,1786993096,13.822798,100.51163,16.7,0.98,0.3,0.1,-40.3,319.7,0.01,0.0,0.1,24.9,73,AUTO.LOITER,0,0
2026-08-18T01:58:17,1786993097,13.822798,100.51163,16.7,0.98,0.3,0.1,-40.3,319.7,0.02,0.0,0.1,24.9,73,AUTO.LOITER,0,0
2026-08-18T01:58:18,1786993098,13.822798,100.51163,16.7,0.99,0.4,0.2,-40.3,319.7,0.02,0.01,0.09,24.9,73,AUTO.LOITER,0,0
2026-08-18T01:58:19,1786993099,13.822798,100.511629,16.7,0.99,0.3,0.2,-40.3,319.7,0.0,0.0,0.08,24.9,73,AUTO.LOITER,0,0
2026-08-18T01:58:20,1786993100,13.822798,100.51163,16.7,1.0,0.3,0.2,-40.3,319.7,0.0,0.01,0.08,24.9,73,AUTO.LOITER,0,0
2026-08-18T01:58:21,1786993101,13.822798,100.51163,16.7,0.99,0.3,0.2,-40.3,319.7,0.0,0.02,0.09,24.9,73,AUTO.LOITER,0,0
2026-08-18T01:58:22,1786993102,13.822798,100.51163,16.7,0.99,0.3,0.2,-40.3,319.7,0.03,0.0,0.08,24.9,73,AUTO.LOITER,0,0
2026-08-18T01:58:23,1786993103,13.822798,100.51163,16.7,1.0,0.3,0.2,-40.3,319.7,0.03,0.01,0.08,24.9,73,AUTO.LOITER,0,0
2026-08-18T01:58:24,1786993104,13.822798,100.51163,15.5,1.0,0.3,0.2,-40.3,319.7,0.03,0.01,0.08,24.9,73,AUTO.LOITER,0,0
2026-08-18T01:58:25,1786993105,13.822798,100.51163,15.4,1.0,0.3,0.2,-40.3,319.7,0.02,0.02,0.08,24.9,73,AUTO.LOITER,0,0
2026-08-18T01:58:26,1786993106,13.822798,100.51163,16.7,1.0,0.3,0.2,-40.3,319.7,0.01,0.02,0.07,24.9,73,AUTO.LOITER,0,0
2026-08-18T01:58:27,1786993107,13.822798,100.51163,16.7,1.0,0.3,0.2,-40.3,319.7,0.02,0.01,0.07,24.9,73,AUTO.LOITER,0,0
2026-08-18T01:58:28,1786993108,13.822798,100.51163,16.7,1.0,0.3,0.2,-40.3,319.7,0.0,0.0,0.07,24.9,73,AUTO.LOITER,0,0
2026-08-18T01:58:29,1786993109,13.822798,100.51163,16.7,1.0,0.3,0.2,-40.3,319.7,0.0,0.0,0.07,24.9,73,AUTO.LOITER,0,0
2026-08-18T01:58:30,1786993110,13.822798,100.51163,16.7,1.0,0.3,0.2,-40.3,319.7,0.0,0.0,0.07,24.9,73,AUTO.LOITER,0,0
2026-08-18T01:58:31,1786993111,13.822798,100.51163,16.7,1.0,0.3,0.2,-40.3,319.7,-0.01,0.01,0.07,24.9,73,AUTO.LOITER,0,0
2026-08-18T01:58:32,1786993112,13.822798,100.51163,16.7,1.0,0.3,0.2,-40.3,319.7,-0.01,0.01,0.07,24.9,73,AUTO.LOITER,0,0
2026-08-18T01:58:33,1786993113,13.822798,100.51163,16.7,1.0,0.4,0.1,-40.3,319.7,-0.01,0.01,0.07,24.9,73,AUTO.LOITER,0,0
2026-08-18T01:58:34,1786993114,13.822798,100.51163,16.7,1.0,0.4,0.1,-40.3,319.7,0.0,0.01,0.07,24.9,73,AUTO.LOITER,0,0
2026-08-18T01:58:35,1786993115,13.822798,100.51163,16.7,1.01,0.4,0.1,-40.3,319.7,0.0,0.01,0.06,24.9,73,AUTO.LOITER,0,0
2026-08-18T01:58:36,1786993116,13.822798,100.51163,15.4,1.01,0.3,0.1,-40.3,319.7,0.0,0.01,0.06,24.9,73,AUTO.LOITER,0,0
2026-08-18T01:58:37,1786993117,13.822798,100.51163,15.4,1.01,0.3,0.1,-40.3,319.7,0.0,0.02,0.06,24.9,73,AUTO.LOITER,0,0
2026-08-18T01:58:38,1786993118,13.822798,100.51163,16.7,1.02,0.3,0.1,-40.3,319.7,0.01,0.03,0.05,24.9,73,AUTO.LOITER,0,0
2026-08-18T01:58:39,1786993119,13.822798,100.51163,16.7,1.02,0.3,0.1,-40.3,319.7,0.01,0.02,0.04,24.9,73,AUTO.LOITER,0,0
2026-08-18T01:58:40,1786993120,13.822798,100.51163,16.7,1.02,0.3,0.1,-40.3,319.7,0.03,0.0,0.05,24.9,73,AUTO.LOITER,0,0
2026-08-18T01:58:41,1786993121,13.822799,100.51163,16.7,1.0,0.3,0.1,-40.3,319.7,0.04,0.0,0.08,24.9,73,AUTO.LOITER,0,0
2026-08-18T01:58:42,1786993122,13.822799,100.51163,16.7,0.99,0.3,0.1,-40.3,319.7,0.03,0.0,0.09,24.9,73,AUTO.LOITER,0,0
2026-08-18T01:58:43,1786993123,13.822798,100.51163,16.7,0.98,0.3,0.1,-40.3,319.7,0.01,0.0,0.1,24.9,73,AUTO.LOITER,0,0
2026-08-18T01:58:44,1786993124,13.822798,100.51163,16.7,0.97,0.3,0.1,-40.3,319.7,0.01,-0.01,0.11,24.9,73,AUTO.LOITER,0,0
2026-08-18T01:58:45,1786993125,13.822799,100.51163,16.7,0.96,0.3,0.1,-40.3,319.7,0.01,0.0,0.12,24.9,73,AUTO.LOITER,0,0
2026-08-18T01:58:46,1786993126,13.822798,100.51163,16.7,0.96,0.3,0.2,-40.3,319.7,0.0,0.0,0.12,24.9,73,AUTO.LOITER,0,0
2026-08-18T01:58:47,1786993127,13.822798,100.51163,16.7,0.96,0.3,0.2,-40.3,319.7,0.0,0.01,0.12,24.9,73,AUTO.LOITER,0,0
2026-08-18T01:58:48,1786993128,13.822798,100.51163,16.7,0.96,0.3,0.1,-40.4,319.6,0.0,0.0,0.12,24.9,73,AUTO.LOITER,0,0
2026-08-18T01:58:49,1786993129,13.822798,100.51163,15.4,0.96,0.3,0.1,-40.4,319.6,0.0,0.0,0.12,24.9,73,AUTO.LOITER,0,0
2026-08-18T01:58:50,1786993130,13.822798,100.511629,15.4,0.96,0.4,0.1,-40.4,319.6,0.02,0.01,0.12,24.9,73,AUTO.LOITER,0,0
2026-08-18T01:58:51,1786993131,13.822799,100.51163,16.7,0.95,0.3,0.1,-40.4,319.6,0.04,0.0,0.13,24.9,73,AUTO.LOITER,0,0
2026-08-18T01:58:52,1786993132,13.822799,100.51163,16.6,0.95,0.3,0.1,-40.4,319.6,0.03,-0.01,0.13,24.9,73,AUTO.LOITER,0,0
2026-08-18T01:58:53,1786993133,13.822799,100.51163,16.6,0.94,0.3,0.2,-40.4,319.6,0.02,0.0,0.14,24.9,73,AUTO.LOITER,0,0
2026-08-18T01:58:54,1786993134,13.822798,100.51163,16.6,0.94,0.3,0.2,-40.4,319.6,0.02,0.0,0.14,24.9,73,AUTO.LOITER,0,0
2026-08-18T01:58:55,1786993135,13.822798,100.51163,16.6,0.93,0.3,0.2,-40.4,319.6,0.02,0.0,0.15,24.9,73,AUTO.LOITER,0,0
2026-08-18T01:58:56,1786993136,13.822798,100.51163,16.6,0.94,0.3,0.2,-40.4,319.6,0.01,0.0,0.15,24.9,73,AUTO.LOITER,0,0
2026-08-18T01:58:57,1786993137,13.822798,100.51163,16.6,0.94,0.2,0.3,-40.4,319.6,0.02,0.0,0.14,24.9,73,AUTO.LOITER,0,0
2026-08-18T01:58:58,1786993138,13.822798,100.51163,15.4,0.94,0.2,0.3,-40.4,319.6,0.02,0.0,0.14,24.9,73,AUTO.LOITER,0,0
2026-08-18T01:58:59,1786993139,13.822798,100.51163,15.4,0.94,0.2,0.3,-40.4,319.6,0.02,0.0,0.14,24.9,73,AUTO.LOITER,0,0
2026-08-18T01:59:00,1786993140,13.822798,100.51163,16.6,0.95,0.2,0.3,-40.4,319.6,0.01,-0.01,0.12,24.9,73,AUTO.LOITER,0,0
2026-08-18T01:59:01,1786993141,13.822798,100.51163,16.6,0.95,0.2,0.3,-40.4,319.6,0.01,-0.01,0.12,24.9,73,AUTO.LOITER,0,0
2026-08-18T01:59:02,1786993142,13.822798,100.51163,15.5,0.95,0.2,0.4,-40.4,319.6,0.01,-0.01,0.12,24.9,73,AUTO.LOITER,0,0
2026-08-18T01:59:03,1786993143,13.822798,100.51163,15.4,0.95,0.2,0.4,-40.4,319.6,-0.01,0.0,0.12,24.9,73,AUTO.LOITER,0,0
2026-08-18T01:59:04,1786993144,13.822798,100.51163,16.6,0.95,0.2,0.4,-40.4,319.6,-0.02,0.0,0.13,24.9,73,AUTO.LOITER,0,0
2026-08-18T01:59:05,1786993145,13.822798,100.51163,16.6,0.94,0.2,0.3,-40.4,319.6,-0.01,0.0,0.14,24.9,73,AUTO.LOITER,0,0
2026-08-18T01:59:06,1786993146,13.822798,100.51163,16.6,0.93,0.2,0.3,-40.4,319.6,0.0,0.0,0.14,24.9,73,AUTO.LOITER,0,0
2026-08-18T01:59:07,1786993147,13.822798,100.51163,16.6,0.93,0.2,0.3,-40.4,319.6,0.0,0.01,0.15,24.9,73,AUTO.LOITER,0,0
2026-08-18T01:59:08,1786993148,13.822798,100.51163,16.6,0.93,0.1,0.3,-40.4,319.6,0.0,0.01,0.15,24.9,73,AUTO.LOITER,0,0
2026-08-18T01:59:09,1786993149,13.822798,100.51163,16.6,0.93,0.1,0.3,-40.4,319.6,0.0,0.0,0.15,24.9,73,AUTO.LOITER,0,0
2026-08-18T01:59:10,1786993150,13.822798,100.51163,16.6,0.93,0.1,0.3,-40.4,319.6,0.01,0.0,0.14,24.9,73,AUTO.LOITER,0,0
2026-08-18T01:59:11,1786993151,13.822798,100.51163,16.6,0.93,0.1,0.3,-40.4,319.6,0.02,0.0,0.14,24.9,73,AUTO.LOITER,0,0
2026-08-18T01:59:12,1786993152,13.822798,100.51163,16.6,0.93,0.1,0.3,-40.4,319.6,0.01,-0.01,0.15,24.9,73,AUTO.LOITER,0,0
2026-08-18T01:59:13,1786993153,13.822798,100.51163,16.6,0.92,0.1,0.3,-40.4,319.6,0.0,0.0,0.15,24.9,73,AUTO.LOITER,0,0
2026-08-18T01:59:14,1786993154,13.822798,100.51163,15.4,0.92,0.1,0.3,-40.4,319.6,0.0,0.0,0.15,24.9,73,AUTO.LOITER,0,0
2026-08-18T01:59:15,1786993155,13.822798,100.51163,15.4,0.92,0.1,0.3,-40.4,319.6,0.0,0.0,0.15,24.9,73,AUTO.LOITER,0,0
2026-08-18T01:59:16,1786993156,13.822798,100.51163,16.6,0.92,0.1,0.3,-40.4,319.6,0.0,-0.01,0.15,24.9,73,AUTO.LOITER,0,0
2026-08-18T01:59:17,1786993157,13.822798,100.51163,16.6,0.93,0.1,0.3,-40.4,319.6,0.0,-0.01,0.14,24.9,73,AUTO.LOITER,0,0
2026-08-18T01:59:18,1786993158,13.822798,100.51163,16.6,0.93,0.1,0.3,-40.4,319.6,0.0,0.0,0.14,24.9,73,AUTO.LOITER,0,0
2026-08-18T01:59:19,1786993159,13.822798,100.51163,16.6,0.93,0.1,0.3,-40.4,319.6,0.0,0.0,0.14,24.9,73,AUTO.LOITER,0,0
2026-08-18T01:59:20,1786993160,13.822798,100.51163,16.6,0.93,0.1,0.3,-40.4,319.6,0.01,0.0,0.14,24.9,73,AUTO.LOITER,0,0
2026-08-18T01:59:21,1786993161,13.822798,100.51163,16.6,0.94,0.1,0.3,-40.4,319.6,0.02,0.0,0.12,24.9,73,AUTO.LOITER,0,0
2026-08-18T01:59:22,1786993162,13.822798,100.51163,15.4,0.94,0.1,0.3,-40.4,319.6,0.02,0.0,0.12,24.9,73,AUTO.LOITER,0,0
2026-08-18T01:59:23,1786993163,13.822798,100.51163,15.4,0.94,0.1,0.3,-40.4,319.6,0.02,0.0,0.12,24.9,73,AUTO.LOITER,0,0
2026-08-18T01:59:24,1786993164,13.822798,100.51163,16.7,0.95,0.1,0.3,-40.4,319.6,0.02,0.0,0.11,24.9,73,AUTO.LOITER,0,0
2026-08-18T01:59:25,1786993165,13.822798,100.51163,16.6,0.95,0.1,0.3,-40.4,319.6,0.01,0.0,0.11,24.9,73,AUTO.LOITER,0,0
2026-08-18T01:59:26,1786993166,13.822798,100.51163,15.4,0.95,0.1,0.4,-40.4,319.6,0.01,0.0,0.11,24.9,73,AUTO.LOITER,0,0
2026-08-18T01:59:27,1786993167,13.822798,100.51163,16.6,0.95,0.1,0.4,-40.4,319.6,0.0,-0.01,0.11,24.9,73,AUTO.LOITER,0,0
2026-08-18T01:59:28,1786993168,13.822798,100.51163,16.7,0.96,0.1,0.4,-40.4,319.6,0.0,-0.01,0.1,24.9,73,AUTO.LOITER,0,0
2026-08-18T01:59:29,1786993169,13.822798,100.51163,16.7,0.96,0.1,0.4,-40.4,319.6,0.0,-0.02,0.1,24.9,73,AUTO.LOITER,0,0
2026-08-18T01:59:30,1786993170,13.822798,100.51163,16.7,0.96,0.1,0.4,-40.4,319.6,-0.01,-0.01,0.1,24.9,73,AUTO.LOITER,0,0
2026-08-18T01:59:31,1786993171,13.822798,100.51163,16.7,0.96,0.2,0.4,-40.4,319.6,-0.01,-0.01,0.09,24.9,73,AUTO.LOITER,0,0
2026-08-18T01:59:32,1786993172,13.822798,100.511629,16.7,0.96,0.2,0.4,-40.4,319.6,0.0,-0.02,0.1,24.9,73,AUTO.LOITER,0,0
2026-08-18T01:59:33,1786993173,13.822798,100.511629,16.7,0.95,0.2,0.4,-40.4,319.6,-0.01,-0.01,0.11,24.9,73,AUTO.LOITER,0,0
2026-08-18T01:59:34,1786993174,13.822798,100.51163,16.6,0.95,0.3,0.4,-40.4,319.6,0.0,-0.01,0.11,24.9,73,AUTO.LOITER,0,0
2026-08-18T01:59:35,1786993175,13.822798,100.51163,16.6,0.95,0.3,0.4,-40.4,319.6,0.0,0.0,0.12,24.9,73,AUTO.LOITER,0,0
2026-08-18T01:59:36,1786993176,13.822798,100.51163,16.6,0.94,0.3,0.4,-40.4,319.6,0.0,0.0,0.12,24.9,73,AUTO.LOITER,0,0
2026-08-18T01:59:37,1786993177,13.822798,100.51163,16.6,0.94,0.3,0.5,-40.4,319.6,0.0,0.0,0.11,24.9,73,AUTO.LOITER,0,0
2026-08-18T01:59:38,1786993178,13.822798,100.51163,15.3,0.94,0.3,0.5,-40.5,319.5,0.0,0.0,0.11,24.9,73,AUTO.LOITER,0,0
2026-08-18T01:59:39,1786993179,13.822798,100.51163,15.3,0.94,0.3,0.5,-40.5,319.5,0.0,0.0,0.11,24.9,73,AUTO.LOITER,0,0
2026-08-18T01:59:40,1786993180,13.822798,100.51163,16.7,0.96,0.3,0.5,-40.5,319.5,0.02,0.0,0.09,24.9,73,AUTO.LOITER,0,0
2026-08-18T01:59:41,1786993181,13.822798,100.51163,16.7,0.96,0.3,0.5,-40.5,319.5,0.02,-0.01,0.09,24.9,73,AUTO.LOITER,0,0
2026-08-18T01:59:42,1786993182,13.822798,100.51163,16.7,0.96,0.3,0.6,-40.5,319.5,0.01,-0.02,0.09,24.9,73,AUTO.LOITER,0,0
2026-08-18T01:59:43,1786993183,13.822798,100.511629,16.7,0.96,0.3,0.6,-40.5,319.5,0.01,-0.02,0.1,24.9,73,AUTO.LOITER,0,0
2026-08-18T01:59:44,1786993184,13.822799,100.51163,16.7,0.96,0.3,0.6,-40.5,319.5,0.02,-0.02,0.09,24.9,73,AUTO.LOITER,0,0
2026-08-18T01:59:45,1786993185,13.822799,100.511629,16.7,0.96,0.3,0.6,-40.5,319.5,0.01,-0.02,0.08,24.9,73,AUTO.LOITER,0,0
2026-08-18T01:59:46,1786993186,13.822798,100.51163,16.7,0.97,0.3,0.7,-40.5,319.5,0.0,0.0,0.08,24.9,73,AUTO.LOITER,0,0
2026-08-18T01:59:47,1786993187,13.822798,100.51163,16.7,0.97,0.3,0.7,-40.5,319.5,-0.01,0.0,0.08,24.9,73,AUTO.LOITER,0,0
2026-08-18T01:59:48,1786993188,13.822798,100.51163,16.7,0.97,0.3,0.7,-40.5,319.5,-0.01,0.0,0.08,24.9,73,AUTO.LOITER,0,0
2026-08-18T01:59:49,1786993189,13.822798,100.51163,16.7,0.97,0.4,0.7,-40.5,319.5,-0.01,0.0,0.08,24.9,73,AUTO.LOITER,0,0
2026-08-18T01:59:50,1786993190,13.822798,100.51163,16.7,0.98,0.4,0.7,-40.5,319.5,0.0,0.0,0.07,24.9,73,AUTO.LOITER,0,0
2026-08-18T01:59:51,1786993191,13.822798,100.51163,15.4,0.98,0.4,0.7,-40.5,319.5,0.0,0.0,0.07,24.9,73,AUTO.LOITER,0,0
2026-08-18T01:59:52,1786993192,13.822798,100.51163,16.7,0.97,0.4,0.8,-40.5,319.5,0.0,0.01,0.08,24.9,73,AUTO.LOITER,0,0
2026-08-18T01:59:53,1786993193,13.822798,100.51163,16.7,0.97,0.4,0.8,-40.5,319.5,0.0,0.02,0.08,24.9,73,AUTO.LOITER,0,0
2026-08-18T01:59:54,1786993194,13.822798,100.51163,16.7,0.97,0.4,0.8,-40.5,319.5,0.0,0.02,0.08,24.9,73,AUTO.LOITER,0,0
2026-08-18T01:59:55,1786993195,13.822798,100.51163,16.7,0.97,0.4,0.8,-40.5,319.5,-0.01,0.03,0.08,24.9,73,AUTO.LOITER,0,0
2026-08-18T01:59:56,1786993196,13.822798,100.51163,16.7,0.97,0.4,0.8,-40.5,319.5,0.0,0.03,0.08,24.9,73,AUTO.LOITER,0,0
2026-08-18T01:59:57,1786993197,13.822798,100.51163,16.7,0.97,0.3,0.7,-40.5,319.5,0.0,0.03,0.08,24.9,73,AUTO.LOITER,0,0
2026-08-18T01:59:58,1786993198,13.822798,100.51163,16.7,0.98,0.3,0.7,-40.5,319.5,0.0,0.03,0.07,24.9,73,AUTO.LOITER,0,0
2026-08-18T01:59:59,1786993199,13.822798,100.51163,16.7,0.98,0.3,0.7,-40.5,319.5,0.02,0.02,0.06,24.9,73,AUTO.LOITER,0,0
2026-08-18T02:00:00,1786993200,13.822798,100.51163,16.7,0.98,0.2,0.7,-40.5,319.5,0.02,0.02,0.07,24.9,73,AUTO.LOITER,0,0
2026-08-18T02:00:01,1786993201,13.822798,100.51163,16.7,0.98,0.2,0.7,-40.5,319.5,0.0,0.02,0.08,24.9,73,AUTO.LOITER,0,0
2026-08-18T02:00:02,1786993202,13.822798,100.51163,16.7,0.97,0.2,0.7,-40.5,319.5,0.0,0.02,0.08,24.9,73,AUTO.LOITER,0,0
2026-08-18T02:00:03,1786993203,13.822798,100.51163,15.4,0.97,0.1,0.8,-40.5,319.5,0.0,0.02,0.08,24.9,73,AUTO.LOITER,0,0
2026-08-18T02:00:04,1786993204,13.822798,100.511629,15.4,0.96,0.1,0.8,-40.5,319.5,-0.01,0.01,0.09,24.9,73,AUTO.LOITER,0,0
2026-08-18T02:00:05,1786993205,13.822798,100.51163,16.7,0.96,0.1,0.8,-40.5,319.5,-0.01,0.0,0.09,24.9,73,AUTO.LOITER,0,0
2026-08-18T02:00:06,1786993206,13.822798,100.51163,16.7,0.96,0.1,0.7,-40.5,319.5,-0.01,0.0,0.09,24.9,73,AUTO.LOITER,0,0
2026-08-18T02:00:07,1786993207,13.822798,100.51163,16.7,0.96,0.1,0.7,-40.5,319.5,0.0,0.0,0.09,24.9,73,AUTO.LOITER,0,0
2026-08-18T02:00:08,1786993208,13.822798,100.51163,16.7,0.96,0.1,0.7,-40.5,319.5,0.0,-0.01,0.08,24.9,73,AUTO.LOITER,0,0
2026-08-18T02:00:09,1786993209,13.822798,100.51163,16.7,0.97,0.1,0.7,-40.5,319.5,0.0,0.0,0.08,24.9,73,AUTO.LOITER,0,0
2026-08-18T02:00:10,1786993210,13.822798,100.51163,16.7,0.97,0.1,0.7,-40.5,319.5,0.0,-0.01,0.08,24.9,73,AUTO.LOITER,0,0
2026-08-18T02:00:11,1786993211,13.822798,100.511629,16.7,0.97,0.1,0.7,-40.5,319.5,0.0,-0.03,0.08,24.9,73,AUTO.LOITER,0,0
2026-08-18T02:00:12,1786993212,13.822798,100.51163,16.7,0.97,0.1,0.8,-40.5,319.5,0.0,-0.01,0.08,24.9,73,AUTO.LOITER,0,0
2026-08-18T02:00:13,1786993213,13.822798,100.51163,16.7,0.96,0.1,0.8,-40.5,319.5,-0.01,0.0,0.09,24.9,73,AUTO.LOITER,0,0
2026-08-18T02:00:14,1786993214,13.822798,100.51163,15.4,0.96,0.1,0.8,-40.5,319.5,-0.01,0.0,0.09,24.9,73,AUTO.LOITER,0,0
2026-08-18T02:00:15,1786993215,13.822798,100.51163,15.4,0.96,0.1,0.8,-40.5,319.5,-0.02,0.0,0.09,24.9,73,AUTO.LOITER,0,0
2026-08-18T02:00:16,1786993216,13.822798,100.51163,16.7,0.95,0.2,0.8,-40.5,319.5,-0.02,0.0,0.1,24.9,73,AUTO.LOITER,0,0
2026-08-18T02:00:17,1786993217,13.822798,100.51163,16.7,0.95,0.2,0.7,-40.6,319.4,0.0,0.0,0.09,24.9,73,AUTO.LOITER,0,0
2026-08-18T02:00:18,1786993218,13.822798,100.51163,16.7,0.96,0.2,0.7,-40.6,319.4,0.0,0.0,0.08,24.9,73,AUTO.LOITER,0,0
2026-08-18T02:00:19,1786993219,13.822798,100.51163,16.7,0.97,0.2,0.7,-40.6,319.4,0.0,0.0,0.07,24.9,73,AUTO.LOITER,0,0
2026-08-18T02:00:20,1786993220,13.822798,100.51163,16.7,0.98,0.2,0.7,-40.6,319.4,0.0,0.0,0.06,24.9,73,AUTO.LOITER,0,0
2026-08-18T02:00:21,1786993221,13.822798,100.51163,16.7,0.98,0.2,0.7,-40.6,319.4,0.0,0.0,0.06,24.9,73,AUTO.LOITER,0,0
2026-08-18T02:00:22,1786993222,13.822798,100.51163,16.7,0.98,0.2,0.7,-40.6,319.4,0.0,0.0,0.06,24.9,73,AUTO.LOITER,0,0
2026-08-18T02:00:23,1786993223,13.822798,100.51163,16.7,0.98,0.2,0.7,-40.6,319.4,0.0,0.0,0.07,24.9,73,AUTO.LOITER,0,0
2026-08-18T02:00:24,1786993224,13.822798,100.51163,16.7,0.97,0.2,0.7,-40.6,319.4,-0.01,0.0,0.07,24.9,74,AUTO.LOITER,0,0
2026-08-18T02:00:25,1786993225,13.822798,100.51163,16.7,0.97,0.2,0.7,-40.6,319.4,0.0,0.0,0.08,24.9,74,AUTO.LOITER,0,0
2026-08-18T02:00:26,1786993226,13.822799,100.51163,15.4,0.97,0.2,0.7,-40.6,319.4,0.0,0.0,0.08,24.9,74,AUTO.LOITER,0,0
2026-08-18T02:00:27,1786993227,13.822798,100.51163,15.4,0.97,0.2,0.7,-40.6,319.4,0.0,0.0,0.08,24.9,74,AUTO.LOITER,0,0
2026-08-18T02:00:28,1786993228,13.822798,100.51163,16.7,0.98,0.2,0.7,-40.6,319.4,0.01,-0.02,0.06,24.9,74,AUTO.LOITER,0,0
2026-08-18T02:00:29,1786993229,13.822798,100.51163,15.4,0.98,0.2,0.7,-40.6,319.4,0.01,-0.02,0.06,24.9,74,AUTO.LOITER,0,0
2026-08-18T02:00:30,1786993230,13.822799,100.51163,15.4,0.98,0.3,0.7,-40.6,319.4,0.01,-0.02,0.06,24.9,74,AUTO.LOITER,0,0
2026-08-18T02:00:31,1786993231,13.822798,100.511629,16.7,0.99,0.3,0.7,-40.6,319.4,0.0,-0.02,0.05,24.9,74,AUTO.LOITER,0,0
2026-08-18T02:00:32,1786993232,13.822798,100.51163,16.7,0.99,0.3,0.7,-40.6,319.4,0.0,-0.01,0.05,24.9,74,AUTO.LOITER,0,0
2026-08-18T02:00:33,1786993233,13.822798,100.51163,16.7,0.99,0.3,0.7,-40.6,319.4,0.0,-0.01,0.05,24.9,74,AUTO.LOITER,0,0
2026-08-18T02:00:34,1786993234,13.822798,100.51163,16.7,0.99,0.3,0.7,-40.6,319.4,0.0,-0.02,0.05,24.9,74,AUTO.LOITER,0,0
2026-08-18T02:00:35,1786993235,13.822798,100.51163,16.7,0.99,0.3,0.7,-40.6,319.4,0.0,-0.02,0.04,24.9,74,AUTO.LOITER,0,0
2026-08-18T02:00:36,1786993236,13.822798,100.51163,15.4,0.99,0.4,0.7,-40.6,319.4,0.0,-0.02,0.04,24.9,74,AUTO.LOITER,0,0
2026-08-18T02:00:37,1786993237,13.822798,100.51163,16.7,1.0,0.4,0.7,-40.6,319.4,0.01,-0.02,0.04,24.9,74,AUTO.LOITER,0,0
2026-08-18T02:00:38,1786993238,13.822798,100.51163,16.7,1.0,0.4,0.8,-40.6,319.4,0.01,-0.02,0.03,24.9,74,AUTO.LOITER,0,0
2026-08-18T02:00:39,1786993239,13.822798,100.51163,15.5,1.0,0.4,0.8,-40.6,319.4,0.01,-0.02,0.03,24.9,74,AUTO.LOITER,0,0
2026-08-18T02:00:40,1786993240,13.822798,100.51163,15.4,1.0,0.4,0.8,-40.6,319.4,0.01,-0.01,0.03,24.9,74,AUTO.LOITER,0,0
2026-08-18T02:00:41,1786993241,13.822798,100.51163,16.7,1.01,0.4,0.9,-40.6,319.4,0.01,0.0,0.01,24.9,74,AUTO.LOITER,0,0
2026-08-18T02:00:42,1786993242,13.822798,100.51163,16.7,1.02,0.5,0.9,-40.6,319.4,0.0,0.0,0.01,24.9,74,AUTO.LOITER,0,0
2026-08-18T02:00:43,1786993243,13.822798,100.51163,16.7,1.02,0.4,0.9,-40.6,319.4,0.0,0.02,0.01,24.9,74,AUTO.LOITER,0,0
2026-08-18T02:00:44,1786993244,13.822798,100.51163,16.7,1.02,0.4,0.9,-40.6,319.4,0.0,0.01,0.02,24.9,74,AUTO.LOITER,0,0
2026-08-18T02:00:45,1786993245,13.822798,100.51163,16.7,1.01,0.4,0.9,-40.6,319.4,0.0,0.01,0.02,24.9,74,AUTO.LOITER,0,0
2026-08-18T02:00:46,1786993246,13.822798,100.51163,16.7,1.01,0.5,0.9,-40.6,319.4,0.0,0.02,0.03,24.9,74,AUTO.LOITER,0,0
2026-08-18T02:00:47,1786993247,13.822798,100.51163,16.7,1.0,0.4,0.9,-40.6,319.4,0.0,0.01,0.04,24.9,74,AUTO.LOITER,0,0
2026-08-18T02:00:48,1786993248,13.822798,100.51163,16.7,0.99,0.4,0.8,-40.6,319.4,-0.01,0.01,0.04,24.9,74,AUTO.LOITER,0,0
2026-08-18T02:00:49,1786993249,13.822798,100.51163,16.7,0.99,0.4,0.8,-40.6,319.4,-0.02,0.02,0.04,24.9,74,AUTO.LOITER,0,0
2026-08-18T02:00:50,1786993250,13.822798,100.51163,16.7,1.0,0.5,0.8,-40.6,319.4,-0.03,0.01,0.02,24.9,74,AUTO.LOITER,0,0
2026-08-18T02:00:51,1786993251,13.822798,100.51163,16.7,1.0,0.5,0.8,-40.6,319.4,-0.03,0.01,0.02,24.9,74,AUTO.LOITER,0,0
2026-08-18T02:00:52,1786993252,13.822798,100.51163,16.7,1.0,0.5,0.8,-40.6,319.4,-0.03,0.01,0.02,24.9,74,AUTO.LOITER,0,0
2026-08-18T02:00:53,1786993253,13.822798,100.51163,16.7,1.02,0.5,0.8,-40.6,319.4,-0.02,0.0,0.01,24.9,74,AUTO.LOITER,0,0
2026-08-18T02:00:54,1786993254,13.822798,100.51163,16.7,1.02,0.5,0.8,-40.6,319.4,0.0,0.0,0.01,24.9,74,AUTO.LOITER,0,0
2026-08-18T02:00:55,1786993255,13.822798,100.51163,16.7,1.01,0.5,0.8,-40.6,319.4,0.0,0.0,0.03,24.9,74,AUTO.LOITER,0,0
2026-08-18T02:00:56,1786993256,13.822798,100.51163,16.7,1.0,0.5,0.8,-40.6,319.4,0.0,0.01,0.04,24.9,74,AUTO.LOITER,0,0
2026-08-18T02:00:57,1786993257,13.822798,100.51163,16.7,0.99,0.5,0.8,-40.6,319.4,0.0,0.01,0.04,24.9,74,AUTO.LOITER,0,0
2026-08-18T02:00:58,1786993258,13.822798,100.51163,16.7,0.99,0.5,0.8,-40.6,319.4,0.0,0.0,0.04,24.9,74,AUTO.LOITER,0,0
2026-08-18T02:00:59,1786993259,13.822798,100.51163,16.7,0.99,0.5,0.8,-40.7,319.3,0.01,0.0,0.04,24.9,74,AUTO.LOITER,0,0
2026-08-18T02:01:00,1786993260,13.822798,100.51163,16.7,0.99,0.5,0.8,-40.7,319.3,0.01,0.0,0.05,24.9,74,AUTO.LOITER,0,0
2026-08-18T02:01:01,1786993261,13.822798,100.51163,16.7,0.99,0.5,0.9,-40.7,319.3,0.02,0.0,0.05,24.9,74,AUTO.LOITER,0,0
2026-08-18T02:01:02,1786993262,13.822798,100.51163,16.7,0.98,0.5,0.9,-40.6,319.4,0.01,0.0,0.06,24.9,74,AUTO.LOITER,0,0
2026-08-18T02:01:03,1786993263,13.822798,100.51163,15.4,0.98,0.5,0.9,-40.6,319.4,0.01,0.0,0.06,24.9,74,AUTO.LOITER,0,0
2026-08-18T02:01:04,1786993264,13.822798,100.51163,16.7,0.98,0.5,0.9,-40.6,319.4,0.0,0.0,0.05,24.9,74,AUTO.LOITER,0,0
2026-08-18T02:01:05,1786993265,13.822798,100.51163,16.7,0.98,0.5,1.0,-40.6,319.4,0.0,0.01,0.05,24.9,74,AUTO.LOITER,0,0
2026-08-18T02:01:06,1786993266,13.822798,100.51163,16.7,0.99,0.5,1.0,-40.6,319.4,0.0,0.01,0.03,24.9,74,AUTO.LOITER,0,0
2026-08-18T02:01:07,1786993267,13.822798,100.51163,16.7,1.01,0.5,1.0,-40.6,319.4,0.0,0.01,0.01,24.9,74,AUTO.LOITER,0,0
2026-08-18T02:01:08,1786993268,13.822798,100.51163,16.7,1.01,0.5,1.0,-40.6,319.4,0.0,0.01,0.01,24.9,74,AUTO.LOITER,0,0
2026-08-18T02:01:09,1786993269,13.822798,100.51163,15.5,1.01,0.5,1.0,-40.6,319.4,0.0,0.01,0.01,24.9,74,AUTO.LOITER,0,0
2026-08-18T02:01:10,1786993270,13.822798,100.511629,16.7,1.02,0.5,1.0,-40.6,319.4,0.0,-0.01,0.01,24.9,74,AUTO.LOITER,0,0
2026-08-18T02:01:11,1786993271,13.822798,100.511629,16.7,1.02,0.5,1.0,-40.6,319.4,-0.01,-0.01,0.0,24.9,74,AUTO.LOITER,0,0
2026-08-18T02:01:12,1786993272,13.822798,100.51163,16.7,1.03,0.5,1.0,-40.6,319.4,-0.02,0.0,0.0,24.9,74,AUTO.LOITER,0,0
2026-08-18T02:01:13,1786993273,13.822798,100.51163,16.7,1.04,0.6,1.0,-40.6,319.4,-0.02,0.0,-0.02,24.9,74,AUTO.LOITER,0,0
2026-08-18T02:01:14,1786993274,13.822798,100.51163,16.7,1.05,0.6,1.0,-40.6,319.4,-0.01,0.01,-0.02,24.9,74,AUTO.LOITER,0,0
2026-08-18T02:01:15,1786993275,13.822798,100.51163,15.4,1.05,0.6,1.0,-40.6,319.4,-0.01,0.01,-0.02,24.9,74,AUTO.LOITER,0,0
2026-08-18T02:01:16,1786993276,13.822798,100.51163,16.8,1.06,0.6,1.0,-40.6,319.4,-0.01,0.01,-0.03,24.9,74,AUTO.LOITER,0,0
2026-08-18T02:01:17,1786993277,13.822798,100.51163,16.8,1.06,0.6,0.9,-40.6,319.4,-0.01,0.01,-0.04,24.9,74,AUTO.LOITER,0,0
2026-08-18T02:01:18,1786993278,13.822798,100.51163,16.8,1.06,0.6,0.9,-40.6,319.4,0.0,0.01,-0.04,24.9,74,AUTO.LOITER,0,0
2026-08-18T02:01:19,1786993279,13.822798,100.51163,16.8,1.07,0.6,0.9,-40.6,319.4,0.0,0.0,-0.04,24.9,74,AUTO.LOITER,0,0
2026-08-18T02:01:20,1786993280,13.822798,100.51163,16.8,1.07,0.6,0.9,-40.6,319.4,-0.01,0.0,-0.04,24.9,74,AUTO.LOITER,0,0
2026-08-18T02:01:21,1786993281,13.822798,100.51163,16.8,1.06,0.6,0.9,-40.5,319.5,-0.01,0.0,-0.03,24.9,74,AUTO.LOITER,0,0
2026-08-18T02:01:22,1786993282,13.822798,100.51163,16.8,1.06,0.6,0.9,-40.5,319.5,0.0,0.0,-0.03,24.9,74,AUTO.LOITER,0,0
2026-08-18T02:01:23,1786993283,13.822798,100.51163,16.8,1.06,0.6,0.9,-40.5,319.5,0.01,0.01,-0.04,24.9,74,AUTO.LOITER,0,0
2026-08-18T02:01:24,1786993284,13.822798,100.51163,16.8,1.07,0.6,0.9,-40.5,319.5,0.02,0.01,-0.04,24.9,74,AUTO.LOITER,0,0
2026-08-18T02:01:25,1786993285,13.822798,100.51163,16.8,1.07,0.6,0.9,-40.5,319.5,0.02,0.01,-0.04,24.9,74,AUTO.LOITER,0,0
2026-08-18T02:01:26,1786993286,13.822798,100.51163,16.8,1.06,0.6,0.9,-40.5,319.5,0.0,0.0,-0.04,24.9,74,AUTO.LOITER,0,0
2026-08-18T02:01:27,1786993287,13.822798,100.51163,16.8,1.06,0.6,0.9,-40.5,319.5,-0.01,0.0,-0.03,24.9,74,AUTO.LOITER,0,0
2026-08-18T02:01:28,1786993288,13.822798,100.51163,16.8,1.06,0.6,0.9,-40.6,319.4,-0.03,0.0,-0.04,24.9,74,AUTO.LOITER,0,0
2026-08-18T02:01:29,1786993289,13.822798,100.51163,15.4,1.06,0.6,0.9,-40.6,319.4,-0.03,0.0,-0.04,24.9,74,AUTO.LOITER,0,0
2026-08-18T02:01:30,1786993290,13.822798,100.51163,16.8,1.07,0.6,0.9,-40.6,319.4,-0.03,-0.01,-0.04,24.9,74,AUTO.LOITER,0,0
2026-08-18T02:01:31,1786993291,13.822798,100.51163,16.8,1.07,0.7,0.8,-40.6,319.4,-0.02,0.0,-0.05,24.9,74,AUTO.LOITER,0,0
2026-08-18T02:01:32,1786993292,13.822798,100.51163,16.8,1.07,0.7,0.8,-40.6,319.4,-0.01,0.0,-0.04,24.9,74,AUTO.LOITER,0,0
2026-08-18T02:01:33,1786993293,13.822798,100.51163,16.8,1.07,0.7,0.8,-40.6,319.4,-0.01,0.0,-0.04,24.9,74,AUTO.LOITER,0,0
2026-08-18T02:01:34,1786993294,13.822798,100.511629,16.8,1.07,0.7,0.8,-40.6,319.4,0.0,-0.01,-0.05,24.9,74,AUTO.LOITER,0,0
2026-08-18T02:01:35,1786993295,13.822798,100.511629,16.8,1.07,0.7,0.8,-40.6,319.4,0.0,-0.01,-0.05,24.9,74,AUTO.LOITER,0,0
2026-08-18T02:01:36,1786993296,13.822798,100.51163,16.8,1.07,0.8,0.8,-40.6,319.4,0.0,0.0,-0.05,24.9,74,AUTO.LOITER,0,0
2026-08-18T02:01:37,1786993297,13.822798,100.51163,16.8,1.07,0.8,0.8,-40.6,319.4,0.02,0.01,-0.04,24.9,74,AUTO.LOITER,0,0
2026-08-18T02:01:38,1786993298,13.822798,100.51163,16.8,1.07,0.7,0.8,-40.6,319.4,0.01,0.01,-0.05,24.9,74,AUTO.LOITER,0,0
2026-08-18T02:01:39,1786993299,13.822798,100.51163,16.8,1.08,0.7,0.8,-40.6,319.4,-0.01,0.01,-0.07,24.9,74,AUTO.LOITER,0,0
2026-08-18T02:01:40,1786993300,13.822799,100.51163,15.4,1.08,0.8,0.7,-40.6,319.4,-0.01,0.01,-0.07,24.9,74,AUTO.LOITER,0,0
2026-08-18T02:01:41,1786993301,13.822798,100.511629,15.4,1.09,0.8,0.7,-40.6,319.4,0.0,0.02,-0.06,24.9,74,AUTO.LOITER,0,0
2026-08-18T02:01:42,1786993302,13.822798,100.51163,16.8,1.08,0.8,0.7,-40.6,319.4,0.0,0.02,-0.06,24.9,74,AUTO.LOITER,0,0
2026-08-18T02:01:43,1786993303,13.822798,100.51163,16.8,1.08,0.8,0.7,-40.6,319.4,0.0,0.01,-0.06,24.9,74,AUTO.LOITER,0,0
2026-08-18T02:01:44,1786993304,13.822798,100.51163,16.8,1.08,0.7,0.6,-40.6,319.4,0.0,0.01,-0.06,24.9,74,AUTO.LOITER,0,0
2026-08-18T02:01:45,1786993305,13.822798,100.51163,16.8,1.08,0.7,0.6,-40.6,319.4,0.0,0.01,-0.06,24.9,74,AUTO.LOITER,0,0
2026-08-18T02:01:46,1786993306,13.822798,100.51163,16.8,1.08,0.7,0.6,-40.6,319.4,0.01,0.01,-0.06,24.9,74,AUTO.LOITER,0,0
2026-08-18T02:01:47,1786993307,13.822798,100.51163,16.8,1.09,0.7,0.6,-40.6,319.4,0.0,0.01,-0.06,24.9,74,AUTO.LOITER,0,0
2026-08-18T02:01:48,1786993308,13.822798,100.51163,16.8,1.08,0.7,0.5,-40.6,319.4,0.0,0.0,-0.05,24.9,74,AUTO.LOITER,0,0
2026-08-18T02:01:49,1786993309,13.822798,100.51163,16.8,1.08,0.7,0.5,-40.6,319.4,0.0,0.0,-0.05,24.9,74,AUTO.LOITER,0,0
2026-08-18T02:01:50,1786993310,13.822798,100.51163,16.8,1.07,0.7,0.5,-40.6,319.4,0.01,-0.01,-0.05,24.9,74,AUTO.LOITER,0,0
2026-08-18T02:01:51,1786993311,13.822798,100.51163,15.4,1.07,0.7,0.5,-40.6,319.4,0.01,-0.01,-0.05,24.9,74,AUTO.LOITER,0,0
2026-08-18T02:01:52,1786993312,13.822798,100.51163,16.8,1.08,0.7,0.5,-40.6,319.4,0.0,-0.02,-0.05,24.9,74,AUTO.LOITER,0,0
2026-08-18T02:01:53,1786993313,13.822798,100.51163,15.4,1.08,0.8,0.5,-40.6,319.4,0.0,-0.02,-0.05,24.9,74,AUTO.LOITER,0,0
2026-08-18T02:01:54,1786993314,13.822798,100.51163,16.8,1.07,0.8,0.5,-40.6,319.4,0.01,-0.01,-0.04,24.9,74,AUTO.LOITER,0,0
2026-08-18T02:01:55,1786993315,13.822799,100.51163,16.8,1.06,0.8,0.5,-40.6,319.4,0.02,-0.01,-0.03,24.9,74,AUTO.LOITER,0,0
2026-08-18T02:01:56,1786993316,13.822799,100.51163,16.8,1.05,0.8,0.5,-40.6,319.4,0.01,-0.01,-0.02,24.9,74,AUTO.LOITER,0,0
2026-08-18T02:01:57,1786993317,13.822798,100.51163,16.7,1.05,0.8,0.5,-40.6,319.4,0.0,0.0,-0.01,24.9,74,AUTO.LOITER,0,0
2026-08-18T02:01:58,1786993318,13.822798,100.51163,16.7,1.05,0.8,0.5,-40.6,319.4,0.0,0.0,-0.02,24.9,74,AUTO.LOITER,0,0
2026-08-18T02:01:59,1786993319,13.822798,100.51163,16.7,1.05,0.8,0.5,-40.7,319.3,0.0,0.0,-0.01,24.9,74,AUTO.LOITER,0,0
2026-08-18T02:02:00,1786993320,13.822798,100.51163,16.7,1.05,0.8,0.5,-40.7,319.3,0.0,0.0,-0.01,24.9,74,AUTO.LOITER,0,0
2026-08-18T02:02:01,1786993321,13.822798,100.51163,16.7,1.04,0.8,0.5,-40.7,319.3,0.0,0.0,-0.01,24.9,74,AUTO.LOITER,0,0
2026-08-18T02:02:02,1786993322,13.822798,100.51163,16.7,1.04,0.8,0.5,-40.7,319.3,0.0,0.0,-0.01,24.9,74,AUTO.LOITER,0,0
2026-08-18T02:02:03,1786993323,13.822798,100.51163,16.7,1.04,0.8,0.5,-40.7,319.3,0.01,0.0,0.0,24.9,74,AUTO.LOITER,0,0
2026-08-18T02:02:04,1786993324,13.822798,100.51163,15.4,1.04,0.8,0.5,-40.7,319.3,0.01,0.0,0.0,24.9,74,AUTO.LOITER,0,0
2026-08-18T02:02:05,1786993325,13.822798,100.51163,15.5,1.04,0.8,0.5,-40.7,319.3,0.0,0.01,0.0,24.9,74,AUTO.LOITER,0,0
2026-08-18T02:02:06,1786993326,13.822798,100.51163,16.7,1.04,0.8,0.5,-40.7,319.3,0.0,0.0,0.0,24.9,74,AUTO.LOITER,0,0
2026-08-18T02:02:07,1786993327,13.822798,100.51163,16.7,1.04,0.8,0.4,-40.8,319.2,0.0,0.0,0.0,24.9,74,AUTO.LOITER,0,0
2026-08-18T02:02:08,1786993328,13.822798,100.51163,16.7,1.04,0.8,0.4,-40.8,319.2,0.0,0.01,-0.01,24.9,74,AUTO.LOITER,0,0
2026-08-18T02:02:09,1786993329,13.822798,100.51163,16.7,1.04,0.8,0.4,-40.8,319.2,-0.01,0.0,0.0,24.9,74,AUTO.LOITER,0,0
2026-08-18T02:02:10,1786993330,13.822798,100.51163,16.7,1.04,0.8,0.4,-40.8,319.2,-0.01,-0.01,-0.01,24.9,74,AUTO.LOITER,0,0
2026-08-18T02:02:11,1786993331,13.822798,100.51163,16.7,1.04,0.8,0.4,-40.8,319.2,-0.01,-0.01,-0.01,24.9,74,AUTO.LOITER,0,0
2026-08-18T02:02:12,1786993332,13.822798,100.51163,15.4,1.04,0.8,0.4,-40.8,319.2,-0.01,-0.01,-0.01,24.9,74,AUTO.LOITER,0,0
2026-08-18T02:02:13,1786993333,13.822798,100.51163,15.4,1.04,0.8,0.4,-40.8,319.2,-0.01,-0.01,-0.01,24.9,74,AUTO.LOITER,0,0
2026-08-18T02:02:14,1786993334,13.822798,100.51163,16.7,1.05,0.9,0.4,-40.8,319.2,0.0,0.0,-0.01,24.9,74,AUTO.LOITER,0,0
2026-08-18T02:02:15,1786993335,13.822798,100.51163,16.7,1.04,0.9,0.4,-40.8,319.2,-0.01,0.0,0.0,24.9,74,AUTO.LOITER,0,0
2026-08-18T02:02:16,1786993336,13.822798,100.51163,15.4,1.04,0.9,0.4,-40.8,319.2,-0.01,0.0,0.0,24.9,74,AUTO.LOITER,0,0
2026-08-18T02:02:17,1786993337,13.822798,100.51163,15.4,1.04,0.9,0.3,-40.8,319.2,0.0,0.0,0.0,24.9,74,AUTO.LOITER,0,0
2026-08-18T02:02:18,1786993338,13.822798,100.51163,16.7,1.04,0.9,0.4,-40.8,319.2,0.0,0.0,0.0,24.9,74,AUTO.LOITER,0,0
2026-08-18T02:02:19,1786993339,13.822798,100.51163,16.7,1.04,0.9,0.4,-40.8,319.2,-0.01,0.01,0.0,24.9,74,AUTO.LOITER,0,0
2026-08-18T02:02:20,1786993340,13.822798,100.51163,16.7,1.03,0.9,0.3,-40.8,319.2,-0.01,0.01,0.0,24.9,74,AUTO.LOITER,0,0
2026-08-18T02:02:21,1786993341,13.822798,100.51163,16.7,1.03,0.9,0.3,-40.8,319.2,-0.02,0.0,0.0,24.9,74,AUTO.LOITER,0,0
2026-08-18T02:02:22,1786993342,13.822798,100.51163,16.7,1.03,0.9,0.3,-40.8,319.2,-0.02,0.0,0.0,24.9,74,AUTO.LOITER,0,0
2026-08-18T02:02:23,1786993343,13.822798,100.51163,16.7,1.04,1.0,0.3,-40.8,319.2,0.0,-0.02,0.0,24.9,74,AUTO.LOITER,0,0
2026-08-18T02:02:24,1786993344,13.822798,100.51163,16.7,1.04,1.0,0.3,-40.8,319.2,0.0,-0.01,0.0,24.9,74,AUTO.LOITER,0,0
2026-08-18T02:02:25,1786993345,13.822798,100.51163,16.7,1.04,1.0,0.3,-40.8,319.2,-0.01,0.0,-0.01,24.9,74,AUTO.LOITER,0,0
2026-08-18T02:02:26,1786993346,13.822798,100.51163,16.7,1.04,1.0,0.3,-40.8,319.2,0.0,0.01,0.0,24.9,74,AUTO.LOITER,0,0
2026-08-18T02:02:27,1786993347,13.822798,100.51163,16.7,1.04,1.1,0.3,-40.8,319.2,0.0,0.01,0.0,24.9,74,AUTO.LOITER,0,0
2026-08-18T02:02:28,1786993348,13.822798,100.511629,15.4,1.04,1.1,0.3,-40.8,319.2,0.0,0.01,0.0,24.9,74,AUTO.LOITER,0,0
2026-08-18T02:02:29,1786993349,13.822798,100.511629,15.4,1.04,1.0,0.3,-40.8,319.2,0.0,0.01,0.0,24.9,74,AUTO.LOITER,0,0
2026-08-18T02:02:30,1786993350,13.822798,100.511629,15.4,1.04,1.0,0.3,-40.8,319.2,0.0,0.01,0.0,24.9,74,AUTO.LOITER,0,0
2026-08-18T02:02:31,1786993351,13.822798,100.511629,16.7,1.03,1.1,0.3,-40.8,319.2,0.0,-0.01,0.0,24.9,74,AUTO.LOITER,0,0
2026-08-18T02:02:32,1786993352,13.822798,100.511629,16.7,1.03,1.1,0.2,-40.8,319.2,0.0,-0.01,0.0,24.9,74,AUTO.LOITER,0,0
2026-08-18T02:02:33,1786993353,13.822798,100.51163,16.7,1.03,1.1,0.3,-40.8,319.2,0.01,-0.01,0.0,24.9,74,AUTO.LOITER,0,0
2026-08-18T02:02:34,1786993354,13.822798,100.51163,16.7,1.03,1.1,0.3,-40.8,319.2,0.0,0.0,0.0,24.9,74,AUTO.LOITER,0,0
2026-08-18T02:02:35,1786993355,13.822798,100.51163,16.7,1.02,1.1,0.3,-40.8,319.2,0.0,-0.01,0.01,24.9,74,AUTO.LOITER,0,0
2026-08-18T02:02:36,1786993356,13.822798,100.51163,16.7,1.02,1.1,0.3,-40.8,319.2,0.0,0.0,0.02,24.9,74,AUTO.LOITER,0,0
2026-08-18T02:02:37,1786993357,13.822798,100.51163,16.7,1.01,1.1,0.3,-40.8,319.2,0.01,0.0,0.02,24.9,74,AUTO.LOITER,0,0
2026-08-18T02:02:38,1786993358,13.822798,100.51163,16.7,1.02,1.1,0.3,-40.8,319.2,0.01,0.0,0.02,24.9,74,AUTO.LOITER,0,0
2026-08-18T02:02:39,1786993359,13.822798,100.51163,16.7,1.01,1.1,0.3,-40.8,319.2,0.01,0.0,0.02,24.9,74,AUTO.LOITER,0,0
2026-08-18T02:02:40,1786993360,13.822798,100.51163,16.7,1.01,1.1,0.4,-40.8,319.2,0.03,0.0,0.02,24.9,74,AUTO.LOITER,0,0
2026-08-18T02:02:41,1786993361,13.822798,100.51163,15.4,1.01,1.1,0.4,-40.8,319.2,0.03,0.0,0.02,24.9,74,AUTO.LOITER,0,0
2026-08-18T02:02:42,1786993362,13.822798,100.51163,15.4,1.01,1.1,0.4,-40.8,319.2,0.04,0.0,0.02,24.9,74,AUTO.LOITER,0,0
2026-08-18T02:02:43,1786993363,13.822799,100.51163,16.7,1.01,1.1,0.5,-40.8,319.2,0.01,0.0,0.01,24.9,74,AUTO.LOITER,0,0
2026-08-18T02:02:44,1786993364,13.822798,100.51163,16.7,1.02,1.1,0.5,-40.8,319.2,-0.01,0.0,0.01,24.9,74,AUTO.LOITER,0,0
2026-08-18T02:02:45,1786993365,13.822798,100.51163,15.4,1.02,1.1,0.5,-40.8,319.2,-0.01,0.0,0.01,24.9,74,AUTO.LOITER,0,0
2026-08-18T02:02:46,1786993366,13.822798,100.51163,15.4,1.02,1.1,0.5,-40.8,319.2,-0.01,0.0,0.01,24.9,74,AUTO.LOITER,0,0
2026-08-18T02:02:47,1786993367,13.822798,100.51163,16.7,1.03,1.1,0.4,-40.8,319.2,-0.02,0.0,0.0,24.9,74,AUTO.LOITER,0,0
2026-08-18T02:02:48,1786993368,13.822798,100.51163,15.4,1.03,1.2,0.4,-40.8,319.2,-0.02,0.0,0.0,24.9,74,AUTO.LOITER,0,0
2026-08-18T02:02:49,1786993369,13.822798,100.51163,16.7,1.04,1.1,0.4,-40.8,319.2,-0.02,0.0,0.0,24.9,74,AUTO.LOITER,0,0
2026-08-18T02:02:50,1786993370,13.822798,100.51163,16.7,1.04,1.2,0.4,-40.8,319.2,-0.01,0.01,0.0,24.9,74,AUTO.LOITER,0,0
2026-08-18T02:02:51,1786993371,13.822798,100.51163,16.7,1.04,1.2,0.4,-40.8,319.2,0.0,0.02,0.0,24.9,74,AUTO.LOITER,0,0
2026-08-18T02:02:52,1786993372,13.822798,100.51163,16.7,1.04,1.2,0.4,-40.8,319.2,0.0,0.02,-0.01,24.9,74,AUTO.LOITER,0,0
2026-08-18T02:02:53,1786993373,13.822798,100.51163,15.4,1.04,1.1,0.4,-40.8,319.2,0.0,0.02,-0.01,24.9,74,AUTO.LOITER,0,0
2026-08-18T02:02:54,1786993374,13.822798,100.51163,16.7,1.05,1.1,0.3,-40.8,319.2,0.01,0.02,-0.02,24.9,74,AUTO.LOITER,0,0
2026-08-18T02:02:55,1786993375,13.822798,100.51163,16.7,1.05,1.1,0.3,-40.8,319.2,0.01,0.02,-0.01,24.9,74,AUTO.LOITER,0,0
2026-08-18T02:02:56,1786993376,13.822798,100.51163,16.7,1.05,1.1,0.3,-40.8,319.2,0.02,0.01,-0.01,24.9,74,AUTO.LOITER,0,0
2026-08-18T02:02:57,1786993377,13.822798,100.51163,16.7,1.05,1.0,0.3,-40.8,319.2,0.01,0.02,-0.01,24.9,74,AUTO.LOITER,0,0
2026-08-18T02:02:58,1786993378,13.822798,100.51163,16.7,1.04,1.0,0.3,-40.8,319.2,0.0,0.01,-0.01,24.9,74,AUTO.LOITER,0,0
2026-08-18T02:02:59,1786993379,13.822798,100.51163,16.7,1.04,1.0,0.3,-40.8,319.2,0.0,0.0,-0.01,24.9,74,AUTO.LOITER,0,0
2026-08-18T02:03:00,1786993380,13.822798,100.51163,16.7,1.04,1.0,0.4,-40.8,319.2,0.0,0.0,0.0,24.9,74,AUTO.LOITER,0,0
2026-08-18T02:03:01,1786993381,13.822798,100.51163,16.7,1.04,1.0,0.4,-40.8,319.2,0.0,0.0,0.0,24.9,74,AUTO.LOITER,0,0
2026-08-18T02:03:02,1786993382,13.822798,100.51163,16.7,1.03,1.0,0.4,-40.8,319.2,-0.01,0.0,0.0,24.9,74,AUTO.LOITER,0,0
2026-08-18T02:03:03,1786993383,13.822798,100.51163,16.7,1.04,1.0,0.4,-40.8,319.2,0.0,0.0,0.0,24.9,74,AUTO.LOITER,0,0
2026-08-18T02:03:04,1786993384,13.822798,100.51163,16.7,1.03,1.0,0.3,-40.8,319.2,0.0,0.0,0.0,24.9,74,AUTO.LOITER,0,0
2026-08-18T02:03:05,1786993385,13.822799,100.51163,15.4,1.03,1.0,0.3,-40.8,319.2,0.0,0.0,0.0,24.9,74,AUTO.LOITER,0,0
2026-08-18T02:03:06,1786993386,13.822798,100.51163,16.7,1.02,1.0,0.3,-40.8,319.2,-0.01,0.0,0.01,24.9,74,AUTO.LOITER,0,0
2026-08-18T02:03:07,1786993387,13.822798,100.51163,16.7,1.02,1.0,0.3,-40.8,319.2,-0.01,0.0,0.01,24.9,74,AUTO.LOITER,0,0
2026-08-18T02:03:08,1786993388,13.822798,100.51163,16.7,1.02,1.0,0.3,-40.8,319.2,-0.02,0.0,0.02,24.9,74,AUTO.LOITER,0,0
2026-08-18T02:03:09,1786993389,13.822798,100.51163,16.7,1.01,1.0,0.3,-40.8,319.2,-0.03,0.0,0.02,24.9,74,AUTO.LOITER,0,0
2026-08-18T02:03:10,1786993390,13.822798,100.51163,16.7,1.01,1.1,0.2,-40.8,319.2,-0.03,0.0,0.02,24.9,74,AUTO.LOITER,0,0
2026-08-18T02:03:11,1786993391,13.822798,100.51163,16.7,1.01,1.1,0.2,-40.7,319.3,-0.03,0.0,0.02,24.9,74,AUTO.LOITER,0,0
2026-08-18T02:03:12,1786993392,13.822798,100.51163,16.7,1.01,1.1,0.2,-40.7,319.3,0.0,0.0,0.02,24.9,75,AUTO.LOITER,0,0
2026-08-18T02:03:13,1786993393,13.822798,100.51163,16.7,1.02,1.1,0.2,-40.7,319.3,0.0,0.0,0.01,24.9,75,AUTO.LOITER,0,0
2026-08-18T02:03:14,1786993394,13.822798,100.51163,16.7,1.02,1.1,0.2,-40.7,319.3,0.0,0.0,0.01,24.9,75,AUTO.LOITER,0,0
2026-08-18T02:03:15,1786993395,13.822798,100.51163,16.7,1.02,1.1,0.2,-40.7,319.3,-0.02,0.01,0.01,24.9,75,AUTO.LOITER,0,0
2026-08-18T02:03:16,1786993396,13.822798,100.51163,16.7,1.02,1.1,0.2,-40.7,319.3,-0.02,0.0,0.01,24.9,75,AUTO.LOITER,0,0
2026-08-18T02:03:17,1786993397,13.822798,100.51163,15.5,1.02,1.1,0.2,-40.7,319.3,-0.02,0.0,0.01,24.9,75,AUTO.LOITER,0,0
2026-08-18T02:03:18,1786993398,13.822798,100.51163,15.4,1.02,1.1,0.2,-40.7,319.3,0.0,0.0,0.01,24.9,75,AUTO.LOITER,0,0
2026-08-18T02:03:19,1786993399,13.822798,100.51163,16.7,1.03,1.1,0.2,-40.8,319.2,0.0,0.0,0.0,24.9,75,AUTO.LOITER,0,0
2026-08-18T02:03:20,1786993400,13.822798,100.51163,16.7,1.04,1.1,0.2,-40.8,319.2,0.0,0.0,-0.01,24.9,75,AUTO.LOITER,0,0
2026-08-18T02:03:21,1786993401,13.822798,100.51163,16.8,1.05,1.1,0.2,-40.8,319.2,0.0,0.0,-0.02,24.9,75,AUTO.LOITER,0,0
2026-08-18T02:03:22,1786993402,13.822798,100.51163,16.8,1.06,1.1,0.2,-40.8,319.2,0.0,0.01,-0.03,24.9,75,AUTO.LOITER,0,0
2026-08-18T02:03:23,1786993403,13.822798,100.51163,16.8,1.06,1.1,0.2,-40.8,319.2,-0.02,0.01,-0.03,24.9,75,AUTO.LOITER,0,0
2026-08-18T02:03:24,1786993404,13.822798,100.51163,16.8,1.06,1.1,0.2,-40.8,319.2,-0.01,-0.01,-0.03,24.9,75,AUTO.LOITER,0,0
2026-08-18T02:03:25,1786993405,13.822798,100.51163,16.8,1.06,1.1,0.2,-40.8,319.2,-0.01,-0.01,-0.03,24.9,75,AUTO.LOITER,0,0
2026-08-18T02:03:26,1786993406,13.822798,100.51163,16.8,1.06,1.1,0.2,-40.8,319.2,0.0,0.0,-0.03,24.9,75,AUTO.LOITER,0,0
2026-08-18T02:03:27,1786993407,13.822798,100.51163,15.4,1.06,1.1,0.2,-40.8,319.2,0.0,0.0,-0.03,24.9,75,AUTO.LOITER,0,0
2026-08-18T02:03:28,1786993408,13.822798,100.51163,15.4,1.06,1.1,0.2,-40.8,319.2,0.0,0.0,-0.03,24.9,75,AUTO.LOITER,0,0
2026-08-18T02:03:29,1786993409,13.822798,100.51163,15.4,1.06,1.1,0.2,-40.8,319.2,0.0,0.0,-0.03,24.9,75,AUTO.LOITER,0,0
2026-08-18T02:03:30,1786993410,13.822798,100.51163,15.4,1.06,1.1,0.2,-40.8,319.2,0.0,0.0,-0.03,24.9,75,AUTO.LOITER,0,0
2026-08-18T02:03:31,1786993411,13.822798,100.51163,16.8,1.08,1.1,0.2,-40.8,319.2,0.0,0.0,-0.05,24.9,75,AUTO.LOITER,0,0
2026-08-18T02:03:32,1786993412,13.822798,100.51163,16.8,1.08,1.1,0.2,-40.8,319.2,0.0,-0.01,-0.05,24.9,75,AUTO.LOITER,0,0
2026-08-18T02:03:33,1786993413,13.822798,100.511629,16.8,1.07,1.1,0.2,-40.8,319.2,0.0,-0.01,-0.04,24.9,75,AUTO.LOITER,0,0
2026-08-18T02:03:34,1786993414,13.822798,100.511629,16.8,1.06,1.1,0.2,-40.8,319.2,-0.02,-0.01,-0.03,24.9,75,AUTO.LOITER,0,0
2026-08-18T02:03:35,1786993415,13.822798,100.51163,16.8,1.05,1.1,0.2,-40.8,319.2,-0.02,0.0,-0.02,24.9,75,AUTO.LOITER,0,0
2026-08-18T02:03:36,1786993416,13.822798,100.51163,16.7,1.05,1.1,0.2,-40.8,319.2,-0.02,0.01,-0.01,24.9,75,AUTO.LOITER,0,0
2026-08-18T02:03:37,1786993417,13.822798,100.51163,16.7,1.04,1.1,0.2,-40.8,319.2,0.0,0.01,-0.01,24.9,75,AUTO.LOITER,0,0
2026-08-18T02:03:38,1786993418,13.822798,100.51163,16.7,1.05,1.1,0.2,-40.8,319.2,0.0,0.01,-0.01,24.9,75,AUTO.LOITER,0,0
2026-08-18T02:03:39,1786993419,13.822798,100.51163,16.7,1.04,1.1,0.2,-40.8,319.2,0.0,0.0,0.0,24.9,75,AUTO.LOITER,0,0
2026-08-18T02:03:40,1786993420,13.822798,100.51163,16.7,1.04,1.1,0.2,-40.8,319.2,-0.01,0.0,0.0,24.9,75,AUTO.LOITER,0,0
2026-08-18T02:03:41,1786993421,13.822798,100.51163,16.7,1.04,1.1,0.2,-40.8,319.2,0.0,0.0,-0.01,24.9,75,AUTO.LOITER,0,0
2026-08-18T02:03:42,1786993422,13.822798,100.51163,15.4,1.04,1.1,0.2,-40.8,319.2,0.0,0.0,-0.01,24.9,75,AUTO.LOITER,0,0
2026-08-18T02:03:43,1786993423,13.822798,100.511629,15.4,1.04,1.1,0.2,-40.8,319.2,0.0,0.0,0.0,24.9,75,AUTO.LOITER,0,0
2026-08-18T02:03:44,1786993424,13.822798,100.511629,15.4,1.04,1.1,0.2,-40.8,319.2,0.0,0.0,0.0,24.9,75,AUTO.LOITER,0,0
2026-08-18T02:03:45,1786993425,13.822798,100.511629,16.7,1.05,1.1,0.2,-40.8,319.2,-0.02,-0.01,-0.02,24.9,75,AUTO.LOITER,0,0
2026-08-18T02:03:46,1786993426,13.822798,100.511629,15.4,1.05,1.1,0.1,-40.8,319.2,-0.02,-0.01,-0.02,24.9,75,AUTO.LOITER,0,0
2026-08-18T02:03:47,1786993427,13.822798,100.511629,16.8,1.06,1.1,0.1,-40.7,319.3,-0.01,-0.01,-0.03,24.9,75,AUTO.LOITER,0,0
2026-08-18T02:03:48,1786993428,13.822798,100.511629,16.8,1.06,1.1,0.1,-40.7,319.3,-0.01,0.0,-0.04,24.9,75,AUTO.LOITER,0,0
2026-08-18T02:03:49,1786993429,13.822798,100.51163,16.8,1.07,1.1,0.1,-40.7,319.3,-0.02,0.01,-0.05,24.9,75,AUTO.LOITER,0,0
2026-08-18T02:03:50,1786993430,13.822798,100.51163,16.8,1.08,1.2,0.1,-40.7,319.3,-0.02,0.01,-0.06,24.9,75,AUTO.LOITER,0,0
2026-08-18T02:03:51,1786993431,13.822798,100.51163,16.8,1.09,1.2,0.1,-40.7,319.3,-0.01,0.01,-0.06,24.9,75,AUTO.LOITER,0,0
2026-08-18T02:03:52,1786993432,13.822798,100.51163,16.8,1.09,1.2,0.1,-40.7,319.3,0.0,0.01,-0.06,24.9,75,AUTO.LOITER,0,0
2026-08-18T02:03:53,1786993433,13.822798,100.51163,16.8,1.08,1.1,0.0,-40.7,319.3,0.01,0.0,-0.05,24.9,75,AUTO.LOITER,0,0
2026-08-18T02:03:54,1786993434,13.822798,100.51163,15.4,1.08,1.1,0.0,-40.7,319.3,0.01,0.0,-0.05,24.9,75,AUTO.LOITER,0,0
2026-08-18T02:03:55,1786993435,13.822798,100.51163,15.4,1.08,1.1,0.1,-40.7,319.3,0.0,0.0,-0.05,24.9,75,AUTO.LOITER,0,0
2026-08-18T02:03:56,1786993436,13.822798,100.51163,16.8,1.07,1.1,0.1,-40.7,319.3,0.0,-0.01,-0.04,24.9,75,AUTO.LOITER,0,0
2026-08-18T02:03:57,1786993437,13.822798,100.51163,16.8,1.07,1.1,0.1,-40.7,319.3,0.0,-0.01,-0.04,24.9,75,AUTO.LOITER,0,0
2026-08-18T02:03:58,1786993438,13.822798,100.51163,16.8,1.07,1.1,0.1,-40.6,319.4,0.0,-0.01,-0.04,24.9,75,AUTO.LOITER,0,0
2026-08-18T02:03:59,1786993439,13.822798,100.51163,16.8,1.07,1.1,0.1,-40.6,319.4,0.0,-0.01,-0.04,24.9,75,AUTO.LOITER,0,0
2026-08-18T02:04:00,1786993440,13.822798,100.511629,16.8,1.07,1.1,0.1,-40.6,319.4,0.0,-0.02,-0.04,24.9,75,AUTO.LOITER,0,0
2026-08-18T02:04:01,1786993441,13.822798,100.511629,16.8,1.07,1.1,0.0,-40.6,319.4,0.0,-0.03,-0.03,24.9,75,AUTO.LOITER,0,0
2026-08-18T02:04:02,1786993442,13.822798,100.511629,16.8,1.06,1.1,0.0,-40.6,319.4,0.0,-0.02,-0.02,24.9,75,AUTO.LOITER,0,0
2026-08-18T02:04:03,1786993443,13.822798,100.511629,16.8,1.06,1.2,0.1,-40.6,319.4,0.0,0.0,-0.02,24.9,75,AUTO.LOITER,0,0
2026-08-18T02:04:04,1786993444,13.822798,100.51163,16.8,1.06,1.2,0.0,-40.6,319.4,0.0,0.01,-0.03,24.9,75,AUTO.LOITER,0,0
2026-08-18T02:04:05,1786993445,13.822798,100.51163,16.8,1.06,1.1,0.0,-40.6,319.4,0.0,0.0,-0.04,24.9,75,AUTO.LOITER,0,0
2026-08-18T02:04:06,1786993446,13.822798,100.51163,15.4,1.06,1.1,0.0,-40.6,319.4,0.0,0.0,-0.04,24.9,75,AUTO.LOITER,0,0
2026-08-18T02:04:07,1786993447,13.822798,100.51163,16.8,1.07,1.1,0.0,-40.6,319.4,-0.01,0.01,-0.04,24.9,75,AUTO.LOITER,0,0
2026-08-18T02:04:08,1786993448,13.822798,100.51163,16.8,1.07,1.1,0.0,-40.6,319.4,-0.02,0.0,-0.04,24.9,75,AUTO.LOITER,0,0
2026-08-18T02:04:09,1786993449,13.822798,100.51163,16.8,1.07,1.1,0.0,-40.6,319.4,-0.01,0.0,-0.04,24.9,75,AUTO.LOITER,0,0
2026-08-18T02:04:10,1786993450,13.822798,100.51163,16.8,1.07,1.1,-0.0,-40.6,319.4,-0.01,0.0,-0.05,24.9,75,AUTO.LOITER,0,0
2026-08-18T02:04:11,1786993451,13.822798,100.51163,16.8,1.07,1.1,-0.0,-40.6,319.4,0.0,0.0,-0.04,24.9,75,AUTO.LOITER,0,0
2026-08-18T02:04:12,1786993452,13.822798,100.51163,16.8,1.07,1.1,-0.0,-40.6,319.4,0.01,0.0,-0.04,24.9,75,AUTO.LOITER,0,0
2026-08-18T02:04:13,1786993453,13.822798,100.51163,16.8,1.07,1.0,-0.0,-40.6,319.4,0.0,-0.01,-0.03,24.9,75,AUTO.LOITER,0,0
2026-08-18T02:04:14,1786993454,13.822798,100.51163,16.8,1.06,1.0,-0.0,-40.6,319.4,0.0,0.0,-0.02,24.9,75,AUTO.LOITER,0,0
2026-08-18T02:04:15,1786993455,13.822798,100.51163,16.8,1.05,1.0,-0.0,-40.6,319.4,0.0,0.0,-0.02,24.9,75,AUTO.LOITER,0,0
2026-08-18T02:04:16,1786993456,13.822798,100.51163,16.8,1.05,1.0,-0.0,-40.6,319.4,-0.01,0.0,-0.02,24.9,75,AUTO.LOITER,0,0
2026-08-18T02:04:17,1786993457,13.822798,100.51163,15.4,1.05,1.0,-0.0,-40.6,319.4,-0.01,0.0,-0.02,24.9,75,AUTO.LOITER,0,0
2026-08-18T02:04:18,1786993458,13.822798,100.51163,15.4,1.04,1.1,-0.0,-40.6,319.4,-0.01,-0.01,0.0,24.9,75,AUTO.LOITER,0,0
2026-08-18T02:04:19,1786993459,13.822798,100.51163,16.7,1.04,1.1,-0.0,-40.6,319.4,-0.01,0.0,0.0,24.9,75,AUTO.LOITER,0,0
2026-08-18T02:04:20,1786993460,13.822798,100.51163,16.7,1.04,1.1,-0.0,-40.6,319.4,-0.01,0.0,0.0,24.9,75,AUTO.LOITER,0,0
2026-08-18T02:04:21,1786993461,13.822798,100.51163,16.7,1.03,1.1,0.0,-40.6,319.4,0.0,0.0,0.0,24.9,75,AUTO.LOITER,0,0
2026-08-18T02:04:22,1786993462,13.822798,100.51163,16.7,1.03,1.1,-0.0,-40.6,319.4,0.0,0.0,0.0,24.9,75,AUTO.LOITER,0,0
2026-08-18T02:04:23,1786993463,13.822798,100.51163,16.7,1.02,1.1,-0.0,-40.7,319.3,0.0,0.0,0.01,24.9,75,AUTO.LOITER,0,0
2026-08-18T02:04:24,1786993464,13.822798,100.51163,16.7,1.01,1.1,-0.0,-40.7,319.3,0.0,0.0,0.03,24.9,75,AUTO.LOITER,0,0
2026-08-18T02:04:25,1786993465,13.822798,100.51163,16.7,1.01,1.1,-0.0,-40.7,319.3,-0.01,-0.01,0.03,24.9,75,AUTO.LOITER,0,0
2026-08-18T02:04:26,1786993466,13.822798,100.51163,16.7,1.0,1.1,0.0,-40.7,319.3,-0.01,0.0,0.03,24.9,75,AUTO.LOITER,0,0
2026-08-18T02:04:27,1786993467,13.822799,100.511629,15.4,1.0,1.1,0.0,-40.7,319.3,-0.01,0.0,0.03,24.9,75,AUTO.LOITER,0,0
2026-08-18T02:04:28,1786993468,13.822799,100.511629,15.4,1.0,1.1,-0.0,-40.7,319.3,-0.01,0.0,0.03,24.9,75,AUTO.LOITER,0,0
2026-08-18T02:04:29,1786993469,13.822798,100.51163,15.4,1.0,1.1,0.0,-40.7,319.3,-0.01,0.0,0.03,24.9,75,AUTO.LOITER,0,0
2026-08-18T02:04:30,1786993470,13.822798,100.51163,15.4,1.01,1.1,0.1,-40.7,319.3,0.0,-0.01,0.02,24.9,75,AUTO.LOITER,0,0
2026-08-18T02:04:31,1786993471,13.822798,100.51163,16.7,1.01,1.1,0.1,-40.7,319.3,-0.01,0.0,0.03,24.9,75,AUTO.LOITER,0,0
2026-08-18T02:04:32,1786993472,13.822798,100.51163,16.7,1.01,1.1,0.1,-40.7,319.3,0.0,0.01,0.03,24.9,75,AUTO.LOITER,0,0
2026-08-18T02:04:33,1786993473,13.822798,100.51163,16.7,1.0,1.1,0.1,-40.7,319.3,0.0,0.0,0.03,24.9,75,AUTO.LOITER,0,0
2026-08-18T02:04:34,1786993474,13.822798,100.51163,16.7,1.01,1.1,0.1,-40.7,319.3,0.01,0.0,0.02,24.9,75,AUTO.LOITER,0,0
2026-08-18T02:04:35,1786993475,13.822798,100.51163,16.7,1.01,1.1,0.1,-40.8,319.2,0.01,0.0,0.02,24.9,75,AUTO.LOITER,0,0
2026-08-18T02:04:36,1786993476,13.822798,100.51163,16.7,1.02,1.1,0.1,-40.8,319.2,0.0,-0.01,0.02,24.9,75,AUTO.LOITER,0,0
2026-08-18T02:04:37,1786993477,13.822798,100.51163,16.7,1.02,1.1,0.1,-40.8,319.2,0.0,-0.01,0.01,24.9,75,AUTO.LOITER,0,0
2026-08-18T02:04:38,1786993478,13.822798,100.51163,16.7,1.03,1.1,0.2,-40.8,319.2,-0.01,0.0,0.0,24.9,75,AUTO.LOITER,0,0
2026-08-18T02:04:39,1786993479,13.822798,100.51163,16.7,1.03,1.1,0.2,-40.8,319.2,-0.02,0.02,0.01,24.9,75,AUTO.LOITER,0,0
2026-08-18T02:04:40,1786993480,13.822798,100.51163,16.7,1.02,1.1,0.1,-40.8,319.2,-0.03,0.03,0.02,24.9,75,AUTO.LOITER,0,0
2026-08-18T02:04:41,1786993481,13.822798,100.51163,16.7,1.01,1.1,0.1,-40.8,319.2,-0.04,0.03,0.03,24.9,75,AUTO.LOITER,0,0
2026-08-18T02:04:42,1786993482,13.822798,100.51163,15.4,1.01,1.1,0.1,-40.8,319.2,-0.04,0.03,0.03,24.9,75,AUTO.LOITER,0,0
2026-08-18T02:04:43,1786993483,13.822798,100.51163,16.7,1.0,1.1,0.0,-40.8,319.2,-0.04,0.02,0.04,24.9,75,AUTO.LOITER,0,0
2026-08-18T02:04:44,1786993484,13.822798,100.51163,16.7,1.0,1.1,-0.0,-40.8,319.2,-0.04,0.01,0.03,24.9,75,AUTO.LOITER,0,0
2026-08-18T02:04:45,1786993485,13.822798,100.51163,16.7,1.01,1.1,-0.1,-40.8,319.2,-0.03,-0.01,0.02,24.9,75,AUTO.LOITER,0,0
2026-08-18T02:04:46,1786993486,13.822798,100.511629,16.7,1.01,1.1,-0.1,-40.8,319.2,-0.03,-0.03,0.02,24.9,75,AUTO.LOITER,0,0
2026-08-18T02:04:47,1786993487,13.822798,100.51163,16.7,1.01,1.2,-0.1,-40.8,319.2,-0.02,-0.01,0.02,24.9,75,AUTO.LOITER,0,0
2026-08-18T02:04:48,1786993488,13.822798,100.51163,16.7,1.01,1.2,-0.1,-40.8,319.2,-0.01,0.0,0.02,24.9,75,AUTO.LOITER,0,0
2026-08-18T02:04:49,1786993489,13.822798,100.51163,16.7,1.01,1.2,-0.1,-40.8,319.2,0.0,-0.01,0.02,24.9,75,AUTO.LOITER,0,0
2026-08-18T02:04:50,1786993490,13.822798,100.51163,16.7,1.01,1.2,-0.1,-40.8,319.2,0.0,-0.01,0.03,24.9,75,AUTO.LOITER,0,0
2026-08-18T02:04:51,1786993491,13.822798,100.51163,16.7,1.01,1.2,-0.1,-40.8,319.2,-0.01,0.0,0.02,24.9,75,AUTO.LOITER,0,0
2026-08-18T02:04:52,1786993492,13.822798,100.51163,16.7,1.01,1.2,-0.1,-40.9,319.1,-0.01,0.0,0.02,24.9,75,AUTO.LOITER,0,0
2026-08-18T02:04:53,1786993493,13.822798,100.51163,15.3,1.01,1.2,-0.1,-40.9,319.1,-0.01,0.0,0.02,24.9,75,AUTO.LOITER,0,0
2026-08-18T02:04:54,1786993494,13.822798,100.51163,16.7,1.02,1.2,-0.1,-40.9,319.1,0.0,0.0,0.01,24.9,75,AUTO.LOITER,0,0
2026-08-18T02:04:55,1786993495,13.822798,100.51163,16.7,1.02,1.2,-0.2,-40.9,319.1,0.01,0.0,0.02,24.9,75,AUTO.LOITER,0,0
2026-08-18T02:04:56,1786993496,13.822798,100.51163,16.7,1.01,1.2,-0.2,-40.9,319.1,0.02,0.0,0.02,24.9,75,AUTO.LOITER,0,0
2026-08-18T02:04:57,1786993497,13.822798,100.51163,16.7,1.01,1.2,-0.2,-40.9,319.1,0.03,0.0,0.02,24.9,75,AUTO.LOITER,0,0
2026-08-18T02:04:58,1786993498,13.822798,100.51163,16.7,1.01,1.2,-0.1,-40.9,319.1,0.03,-0.02,0.02,24.9,75,AUTO.LOITER,0,0
2026-08-18T02:04:59,1786993499,13.822798,100.51163,16.7,1.01,1.2,-0.1,-40.9,319.1,0.03,-0.01,0.03,24.9,75,AUTO.LOITER,0,0
2026-08-18T02:05:00,1786993500,13.822798,100.51163,16.7,1.0,1.2,-0.1,-40.9,319.1,0.02,-0.01,0.04,24.9,75,AUTO.LOITER,0,0
2026-08-18T02:05:01,1786993501,13.822798,100.51163,16.7,1.0,1.2,-0.1,-40.9,319.1,0.01,-0.01,0.04,24.9,75,AUTO.LOITER,0,0
2026-08-18T02:05:02,1786993502,13.822798,100.51163,16.7,1.0,1.1,-0.0,-40.9,319.1,0.01,0.0,0.04,24.9,75,AUTO.LOITER,0,0
2026-08-18T02:05:03,1786993503,13.822798,100.51163,16.7,1.0,1.1,-0.0,-40.9,319.1,0.01,0.0,0.04,24.9,75,AUTO.LOITER,0,0
2026-08-18T02:05:04,1786993504,13.822798,100.51163,15.4,1.0,1.1,-0.0,-40.9,319.1,0.01,0.0,0.04,24.9,75,AUTO.LOITER,0,0
2026-08-18T02:05:05,1786993505,13.822798,100.511629,15.4,1.0,1.1,-0.0,-40.9,319.1,-0.01,0.0,0.04,24.9,75,AUTO.LOITER,0,0
2026-08-18T02:05:06,1786993506,13.822798,100.51163,16.7,1.0,1.1,-0.0,-40.9,319.1,0.0,0.0,0.04,24.9,75,AUTO.LOITER,0,0
2026-08-18T02:05:07,1786993507,13.822798,100.51163,16.7,0.99,1.1,-0.1,-40.9,319.1,0.0,0.0,0.05,24.9,75,AUTO.LOITER,0,0
2026-08-18T02:05:08,1786993508,13.822798,100.51163,16.7,0.99,1.1,-0.1,-40.9,319.1,0.0,0.0,0.05,24.9,75,AUTO.LOITER,0,0
2026-08-18T02:05:09,1786993509,13.822798,100.51163,16.7,0.99,1.1,-0.1,-40.9,319.1,0.0,0.0,0.05,24.9,75,AUTO.LOITER,0,0
2026-08-18T02:05:10,1786993510,13.822798,100.51163,16.7,0.98,1.1,-0.1,-40.9,319.1,0.0,0.01,0.06,24.9,75,AUTO.LOITER,0,0
2026-08-18T02:05:11,1786993511,13.822798,100.51163,16.7,0.98,1.1,-0.1,-40.9,319.1,0.0,0.01,0.06,24.9,75,AUTO.LOITER,0,0
2026-08-18T02:05:12,1786993512,13.822798,100.51163,16.7,0.98,1.1,-0.1,-40.9,319.1,0.0,0.0,0.06,24.9,75,AUTO.LOITER,0,0
2026-08-18T02:05:13,1786993513,13.822798,100.51163,16.7,0.98,1.1,-0.1,-40.9,319.1,-0.01,0.01,0.06,24.9,75,AUTO.LOITER,0,0
2026-08-18T02:05:14,1786993514,13.822798,100.51163,16.7,0.98,1.1,-0.1,-40.9,319.1,-0.01,0.01,0.07,24.9,75,AUTO.LOITER,0,0
2026-08-18T02:05:15,1786993515,13.822798,100.51163,16.7,0.97,1.1,-0.2,-40.9,319.1,0.0,0.0,0.08,24.9,75,AUTO.LOITER,0,0
2026-08-18T02:05:16,1786993516,13.822798,100.51163,15.4,0.97,1.0,-0.2,-40.9,319.1,0.0,0.0,0.08,24.9,75,AUTO.LOITER,0,0
2026-08-18T02:05:17,1786993517,13.822799,100.51163,15.4,0.97,1.0,-0.2,-40.9,319.1,0.0,0.0,0.08,24.9,75,AUTO.LOITER,0,0
2026-08-18T02:05:18,1786993518,13.822798,100.51163,16.7,0.97,1.1,-0.2,-40.9,319.1,0.0,0.0,0.08,24.9,75,AUTO.LOITER,0,0
2026-08-18T02:05:19,1786993519,13.822798,100.51163,15.4,0.97,1.1,-0.2,-40.9,319.1,0.0,0.0,0.08,24.9,75,AUTO.LOITER,0,0
2026-08-18T02:05:20,1786993520,13.822798,100.51163,15.4,0.97,1.1,-0.2,-40.9,319.1,0.0,0.0,0.08,24.9,75,AUTO.LOITER,0,0
2026-08-18T02:05:21,1786993521,13.822798,100.51163,16.7,0.98,1.1,-0.2,-40.9,319.1,-0.01,-0.01,0.07,24.9,75,AUTO.LOITER,0,0
2026-08-18T02:05:22,1786993522,13.822798,100.51163,16.7,0.98,1.1,-0.2,-40.9,319.1,-0.01,-0.01,0.07,24.9,75,AUTO.LOITER,0,0
2026-08-18T02:05:23,1786993523,13.822798,100.51163,16.7,0.96,1.1,-0.2,-40.9,319.1,0.01,-0.01,0.08,24.9,75,AUTO.LOITER,0,0
2026-08-18T02:05:24,1786993524,13.822798,100.511629,16.7,0.96,1.1,-0.2,-41.0,319.0,0.01,-0.01,0.08,24.9,75,AUTO.LOITER,0,0
2026-08-18T02:05:25,1786993525,13.822798,100.51163,16.7,0.97,1.1,-0.1,-40.9,319.1,0.01,0.0,0.07,24.9,75,AUTO.LOITER,0,0
2026-08-18T02:05:26,1786993526,13.822798,100.51163,16.7,0.98,1.1,-0.1,-40.9,319.1,0.01,0.01,0.06,24.9,75,AUTO.LOITER,0,0
2026-08-18T02:05:27,1786993527,13.822798,100.51163,16.7,0.98,1.1,-0.1,-40.9,319.1,0.02,0.01,0.05,24.9,75,AUTO.LOITER,0,0
2026-08-18T02:05:28,1786993528,13.822798,100.51163,16.7,0.99,1.0,-0.1,-40.9,319.1,0.0,0.01,0.04,24.9,75,AUTO.LOITER,0,0
2026-08-18T02:05:29,1786993529,13.822798,100.51163,15.4,0.99,1.0,-0.1,-40.9,319.1,0.0,0.01,0.04,24.9,75,AUTO.LOITER,0,0
2026-08-18T02:05:30,1786993530,13.822798,100.51163,15.4,0.99,1.0,-0.1,-40.9,319.1,0.0,0.01,0.04,24.9,75,AUTO.LOITER,0,0
2026-08-18T02:05:31,1786993531,13.822798,100.51163,15.4,0.99,1.0,-0.1,-40.9,319.1,0.0,0.01,0.04,24.9,75,AUTO.LOITER,0,0
2026-08-18T02:05:32,1786993532,13.822798,100.51163,15.4,0.99,1.0,-0.2,-40.9,319.1,0.0,0.01,0.04,24.9,75,AUTO.LOITER,0,0
2026-08-18T02:05:33,1786993533,13.822798,100.51163,16.7,0.99,1.0,-0.2,-40.9,319.1,0.0,0.0,0.04,24.9,75,AUTO.LOITER,0,0
2026-08-18T02:05:34,1786993534,13.822798,100.51163,16.7,0.99,1.0,-0.2,-40.9,319.1,0.0,0.01,0.04,24.9,75,AUTO.LOITER,0,0
2026-08-18T02:05:35,1786993535,13.822798,100.51163,16.7,0.99,1.0,-0.2,-40.9,319.1,-0.01,0.01,0.04,24.9,75,AUTO.LOITER,0,0
2026-08-18T02:05:36,1786993536,13.822798,100.51163,16.7,0.99,1.0,-0.2,-40.9,319.1,-0.02,0.0,0.04,24.9,75,AUTO.LOITER,0,0
2026-08-18T02:05:37,1786993537,13.822799,100.51163,15.4,0.99,1.0,-0.3,-40.9,319.1,-0.02,0.0,0.04,24.9,75,AUTO.LOITER,0,0
2026-08-18T02:05:38,1786993538,13.822799,100.51163,15.4,1.0,0.9,-0.3,-40.9,319.1,-0.02,0.0,0.04,24.9,75,AUTO.LOITER,0,0
2026-08-18T02:05:39,1786993539,13.822798,100.511629,16.7,0.99,0.9,-0.3,-40.9,319.1,-0.01,-0.02,0.04,24.9,75,AUTO.LOITER,0,0
2026-08-18T02:05:40,1786993540,13.822798,100.51163,16.7,0.99,0.9,-0.3,-40.9,319.1,-0.01,0.0,0.04,24.9,75,AUTO.LOITER,0,0
2026-08-18T02:05:41,1786993541,13.822798,100.51163,16.7,0.99,0.9,-0.3,-40.9,319.1,-0.01,0.0,0.04,24.9,75,AUTO.LOITER,0,0
2026-08-18T02:05:42,1786993542,13.822798,100.51163,16.7,0.99,0.9,-0.4,-40.9,319.1,0.0,0.0,0.04,24.9,75,AUTO.LOITER,0,0
2026-08-18T02:05:43,1786993543,13.822798,100.51163,16.7,0.99,0.9,-0.4,-40.9,319.1,0.0,0.0,0.05,24.9,75,AUTO.LOITER,0,0
2026-08-18T02:05:44,1786993544,13.822798,100.51163,16.7,0.98,0.9,-0.4,-40.9,319.1,0.01,-0.01,0.06,24.9,75,AUTO.LOITER,0,0
2026-08-18T02:05:45,1786993545,13.822798,100.51163,16.7,0.98,0.9,-0.4,-40.9,319.1,0.0,-0.01,0.05,24.9,75,AUTO.LOITER,0,0
2026-08-18T02:05:46,1786993546,13.822798,100.51163,16.7,0.99,0.9,-0.4,-40.9,319.1,0.0,0.0,0.05,24.9,75,AUTO.LOITER,0,0
2026-08-18T02:05:47,1786993547,13.822798,100.51163,16.7,0.99,0.9,-0.4,-40.9,319.1,0.0,0.0,0.05,24.9,75,AUTO.LOITER,0,0
2026-08-18T02:05:48,1786993548,13.822798,100.51163,16.7,0.98,0.9,-0.4,-40.9,319.1,0.0,0.0,0.05,24.9,75,AUTO.LOITER,0,0
2026-08-18T02:05:49,1786993549,13.822798,100.51163,15.4,0.98,0.8,-0.4,-40.9,319.1,0.0,0.0,0.05,24.9,75,AUTO.LOITER,0,0
2026-08-18T02:05:50,1786993550,13.822798,100.51163,15.4,0.99,0.8,-0.4,-40.9,319.1,0.0,-0.01,0.05,24.9,75,AUTO.LOITER,0,0
2026-08-18T02:05:51,1786993551,13.822798,100.51163,16.7,0.99,0.8,-0.4,-40.9,319.1,-0.01,-0.02,0.05,24.9,75,AUTO.LOITER,0,0
2026-08-18T02:05:52,1786993552,13.822798,100.511629,16.7,0.98,0.9,-0.4,-40.9,319.1,-0.01,-0.03,0.06,24.9,75,AUTO.LOITER,0,0
2026-08-18T02:05:53,1786993553,13.822798,100.51163,16.7,0.98,0.9,-0.3,-40.8,319.2,0.0,-0.02,0.06,24.9,75,AUTO.LOITER,0,0
2026-08-18T02:05:54,1786993554,13.822798,100.51163,16.7,0.98,0.9,-0.3,-40.8,319.2,0.0,-0.01,0.06,24.9,75,AUTO.LOITER,0,0
2026-08-18T02:05:55,1786993555,13.822798,100.51163,16.7,0.98,0.9,-0.3,-40.8,319.2,0.01,0.0,0.05,24.9,75,AUTO.LOITER,0,0
2026-08-18T02:05:56,1786993556,13.822798,100.51163,16.7,0.98,0.9,-0.3,-40.8,319.2,0.0,0.0,0.06,24.9,75,AUTO.LOITER,0,0
2026-08-18T02:05:57,1786993557,13.822798,100.51163,16.7,0.98,0.9,-0.3,-40.8,319.2,0.0,0.01,0.06,24.9,76,AUTO.LOITER,0,0
2026-08-18T02:05:58,1786993558,13.822798,100.51163,16.7,0.97,0.9,-0.4,-40.8,319.2,0.0,0.01,0.07,24.9,76,AUTO.LOITER,0,0
2026-08-18T02:05:59,1786993559,13.822798,100.51163,16.7,0.97,0.9,-0.4,-40.8,319.2,0.0,0.02,0.06,24.9,76,AUTO.LOITER,0,0
2026-08-18T02:06:00,1786993560,13.822798,100.51163,15.4,0.97,0.8,-0.4,-40.8,319.2,0.0,0.02,0.06,24.9,76,AUTO.LOITER,0,0
2026-08-18T02:06:01,1786993561,13.822798,100.51163,15.4,0.98,0.8,-0.4,-40.8,319.2,-0.01,0.02,0.06,24.9,76,AUTO.LOITER,0,0
2026-08-18T02:06:02,1786993562,13.822798,100.51163,16.7,0.97,0.8,-0.4,-40.8,319.2,0.0,0.01,0.07,24.9,76,AUTO.LOITER,0,0
2026-08-18T02:06:03,1786993563,13.822798,100.51163,16.7,0.97,0.8,-0.4,-40.8,319.2,0.0,0.02,0.07,24.9,76,AUTO.LOITER,0,0
2026-08-18T02:06:04,1786993564,13.822798,100.51163,16.7,0.97,0.8,-0.4,-40.8,319.2,0.0,0.02,0.08,24.9,76,AUTO.LOITER,0,0
2026-08-18T02:06:05,1786993565,13.822798,100.51163,16.7,0.96,0.8,-0.4,-40.8,319.2,0.01,0.01,0.08,24.9,76,AUTO.LOITER,0,0
2026-08-18T02:06:06,1786993566,13.822798,100.51163,16.7,0.96,0.8,-0.4,-40.8,319.2,0.0,0.0,0.08,24.9,76,AUTO.LOITER,0,0
2026-08-18T02:06:07,1786993567,13.822798,100.51163,16.7,0.96,0.7,-0.4,-40.8,319.2,0.0,0.0,0.09,24.9,76,AUTO.LOITER,0,0
2026-08-18T02:06:08,1786993568,13.822798,100.51163,16.7,0.95,0.7,-0.4,-40.8,319.2,0.01,0.0,0.09,24.9,76,AUTO.LOITER,0,0
2026-08-18T02:06:09,1786993569,13.822798,100.51163,16.7,0.95,0.7,-0.4,-40.8,319.2,0.0,0.01,0.09,24.9,76,AUTO.LOITER,0,0
2026-08-18T02:06:10,1786993570,13.822798,100.51163,16.7,0.95,0.6,-0.4,-40.8,319.2,0.0,0.02,0.09,24.9,76,AUTO.LOITER,0,0
2026-08-18T02:06:11,1786993571,13.822798,100.51163,16.7,0.96,0.6,-0.5,-40.8,319.2,0.0,0.02,0.09,24.9,76,AUTO.LOITER,0,0
2026-08-18T02:06:12,1786993572,13.822798,100.51163,16.7,0.96,0.6,-0.5,-40.8,319.2,0.0,0.0,0.09,24.9,76,AUTO.LOITER,0,0
2026-08-18T02:06:13,1786993573,13.822798,100.51163,15.4,0.96,0.6,-0.5,-40.8,319.2,0.0,0.0,0.09,24.9,76,AUTO.LOITER,0,0
2026-08-18T02:06:14,1786993574,13.822798,100.51163,16.7,0.96,0.6,-0.5,-40.8,319.2,0.0,0.0,0.08,24.9,76,AUTO.LOITER,0,0
2026-08-18T02:06:15,1786993575,13.822798,100.51163,16.7,0.96,0.6,-0.5,-40.8,319.2,0.0,0.0,0.07,24.9,76,AUTO.LOITER,0,0
2026-08-18T02:06:16,1786993576,13.822798,100.51163,16.7,0.96,0.6,-0.5,-40.8,319.2,0.01,0.0,0.08,24.9,76,AUTO.LOITER,0,0
2026-08-18T02:06:17,1786993577,13.822798,100.51163,16.7,0.96,0.6,-0.5,-40.8,319.2,0.0,0.0,0.07,24.9,76,AUTO.LOITER,0,0
2026-08-18T02:06:18,1786993578,13.822798,100.51163,16.7,0.97,0.5,-0.5,-40.8,319.2,0.0,-0.01,0.07,24.9,76,AUTO.LOITER,0,0
2026-08-18T02:06:19,1786993579,13.822798,100.51163,16.7,0.97,0.5,-0.5,-40.8,319.2,0.0,-0.03,0.06,24.9,76,AUTO.LOITER,0,0
2026-08-18T02:06:20,1786993580,13.822798,100.51163,16.7,0.98,0.6,-0.5,-40.9,319.1,0.0,-0.02,0.05,24.9,76,AUTO.LOITER,0,0
2026-08-18T02:06:21,1786993581,13.822798,100.51163,16.7,0.99,0.6,-0.5,-40.9,319.1,0.0,-0.01,0.04,24.9,76,AUTO.LOITER,0,0
2026-08-18T02:06:22,1786993582,13.822798,100.51163,16.7,0.99,0.6,-0.4,-40.9,319.1,-0.01,-0.02,0.04,24.9,76,AUTO.LOITER,0,0
2026-08-18T02:06:23,1786993583,13.822798,100.51163,16.7,0.99,0.6,-0.4,-40.9,319.1,-0.03,-0.01,0.04,24.9,76,AUTO.LOITER,0,0
2026-08-18T02:06:24,1786993584,13.822798,100.51163,16.7,0.99,0.6,-0.5,-40.9,319.1,-0.02,-0.01,0.04,24.9,76,AUTO.LOITER,0,0
2026-08-18T02:06:25,1786993585,13.822798,100.51163,15.4,0.99,0.6,-0.4,-40.9,319.1,-0.02,-0.01,0.04,24.9,76,AUTO.LOITER,0,0
2026-08-18T02:06:26,1786993586,13.822798,100.51163,15.4,1.0,0.7,-0.5,-40.9,319.1,-0.02,-0.01,0.03,24.9,76,AUTO.LOITER,0,0
2026-08-18T02:06:27,1786993587,13.822798,100.51163,16.7,1.0,0.7,-0.5,-40.9,319.1,-0.01,-0.01,0.04,24.9,76,AUTO.LOITER,0,0
2026-08-18T02:06:28,1786993588,13.822798,100.51163,16.7,0.99,0.8,-0.5,-40.9,319.1,0.0,-0.03,0.04,24.9,76,AUTO.LOITER,0,0
2026-08-18T02:06:29,1786993589,13.822798,100.51163,16.7,0.99,0.8,-0.5,-40.9,319.1,0.0,-0.02,0.03,24.9,76,AUTO.LOITER,0,0
