iso,unix,lat,lon,alt_msl,rel_alt,roll,pitch,yaw,heading,vx,vy,vz,vbatt,batt_pct,mode,armed,in_air
2026-08-18T02:41:26,1786995686,13.822803,100.511627,15.7,-0.03,-0.8,-0.0,88.7,88.7,0.01,0.0,-0.01,24.9,100,AUTO.LOITER,0,0
2026-08-18T02:41:27,1786995687,13.822803,100.511627,15.4,-0.03,-0.8,-0.0,88.7,88.7,0.01,0.0,-0.01,24.9,100,AUTO.LOITER,0,0
2026-08-18T02:41:28,1786995688,13.822803,100.511627,15.6,-0.04,-0.8,-0.1,88.7,88.7,0.01,0.0,-0.02,24.9,100,AUTO.LOITER,0,0
2026-08-18T02:41:29,1786995689,13.822803,100.511627,15.6,-0.06,-0.7,0.0,88.7,88.7,0.0,0.0,-0.01,24.9,100,AUTO.LOITER,0,0
2026-08-18T02:41:30,1786995690,13.822803,100.511627,15.6,-0.06,-0.7,0.0,88.7,88.7,0.0,0.0,-0.01,24.9,100,AUTO.LOITER,0,0
2026-08-18T02:41:31,1786995691,13.822803,100.511627,15.6,-0.07,-0.7,0.0,88.7,88.7,-0.01,0.0,-0.01,24.9,100,AUTO.LOITER,0,0
2026-08-18T02:41:32,1786995692,13.822803,100.511627,15.6,-0.07,-0.8,0.0,88.7,88.7,0.0,0.01,0.0,24.9,100,AUTO.LOITER,0,0
2026-08-18T02:41:33,1786995693,13.822803,100.511627,15.6,-0.07,-0.8,0.1,88.6,88.6,0.02,0.0,0.0,24.9,100,AUTO.LOITER,0,0
2026-08-18T02:41:34,1786995694,13.822803,100.511627,15.6,-0.08,-0.8,0.1,88.6,88.6,0.0,0.0,0.0,24.9,100,AUTO.LOITER,0,0
2026-08-18T02:41:35,1786995695,13.822803,100.511627,15.6,-0.09,-0.8,0.1,88.6,88.6,0.0,-0.01,0.0,24.9,100,AUTO.LOITER,0,0
2026-08-18T02:41:36,1786995696,13.822803,100.511627,15.6,-0.09,-0.8,0.1,88.6,88.6,-0.01,0.0,0.01,24.9,100,AUTO.LOITER,0,0
2026-08-18T02:41:37,1786995697,13.822803,100.511627,15.6,-0.1,-0.8,0.1,88.6,88.6,0.0,0.0,0.02,24.9,100,AUTO.LOITER,0,0
2026-08-18T02:41:38,1786995698,13.822803,100.511627,15.4,-0.1,-0.8,0.1,88.6,88.6,0.0,0.0,0.02,24.9,100,AUTO.LOITER,0,0
2026-08-18T02:41:39,1786995699,13.822803,100.511627,15.6,-0.1,-0.8,0.0,88.7,88.7,0.02,0.0,0.02,24.9,100,AUTO.LOITER,0,0
2026-08-18T02:41:40,1786995700,13.822803,100.511626,15.6,-0.09,-0.8,0.0,88.6,88.6,0.02,-0.02,0.01,24.9,100,AUTO.LOITER,0,0
2026-08-18T02:41:41,1786995701,13.822803,100.511627,15.4,-0.09,-0.8,0.0,88.7,88.7,0.02,-0.02,0.01,24.9,100,AUTO.LOITER,0,0
2026-08-18T02:41:42,1786995702,13.822803,100.511626,15.6,-0.08,-0.8,-0.0,88.7,88.7,0.02,-0.01,0.0,24.9,100,0,0,0
2026-08-18T02:41:43,1786995703,13.822803,100.511627,15.6,-0.08,-0.7,-0.0,88.7,88.7,0.01,0.0,0.0,24.9,100,0,0,0
2026-08-18T02:41:44,1786995704,13.822803,100.511627,15.6,-0.09,-0.7,-0.0,88.7,88.7,0.0,0.0,0.0,24.9,100,0,0,0
2026-08-18T02:41:45,1786995705,13.822803,100.511627,15.6,-0.09,-0.7,-0.0,88.7,88.7,0.0,0.0,0.0,24.9,100,0,0,0
2026-08-18T02:41:46,1786995706,13.822803,100.511627,15.4,-0.09,-0.7,-0.0,88.7,88.7,0.0,0.0,0.0,24.9,100,AUTO.LOITER,0,0
2026-08-18T02:41:47,1786995707,13.822803,100.511627,15.6,-0.08,-0.6,0.0,88.7,88.7,0.0,0.0,0.0,24.9,100,0,0,0
2026-08-18T02:41:48,1786995708,13.822803,100.511627,15.6,-0.09,-0.6,-0.0,88.7,88.7,0.0,0.0,0.01,24.9,100,AUTO.LOITER,0,0
2026-08-18T02:41:49,1786995709,13.822803,100.511627,15.6,-0.1,-0.6,-0.0,88.7,88.7,0.0,0.0,0.02,24.9,100,AUTO.LOITER,0,0
2026-08-18T02:41:50,1786995710,13.822803,100.511627,15.6,-0.11,-0.6,-0.0,88.7,88.7,0.0,-0.01,0.03,24.9,100,AUTO.LOITER,0,0
2026-08-18T02:41:51,1786995711,13.822803,100.511627,15.6,-0.01,-0.6,-0.0,88.7,88.7,0.0,-0.01,0.03,24.9,100,AUTO.LOITER,1,0
2026-08-18T02:41:52,1786995712,13.822803,100.511627,15.6,-0.02,-0.5,-0.0,88.7,88.7,0.0,0.0,0.05,24.89,100,AUTO.LOITER,1,0
2026-08-18T02:41:53,1786995713,13.822803,100.511627,15.6,-0.03,-0.5,-0.0,88.7,88.7,-0.01,0.0,0.05,24.89,100,AUTO.TAKEOFF,1,0
2026-08-18T02:41:54,1786995714,13.822803,100.511627,15.6,-0.03,-0.5,-0.0,88.7,88.7,-0.01,0.0,0.05,24.89,100,AUTO.TAKEOFF,1,0
2026-08-18T02:41:55,1786995715,13.822803,100.511627,15.9,0.39,-0.5,-0.0,88.7,88.7,0.0,0.01,-0.02,24.88,100,AUTO.TAKEOFF,1,0
2026-08-18T02:41:56,1786995716,13.822803,100.511627,15.5,0.39,0.1,0.7,88.7,88.7,0.0,0.01,-0.02,24.88,100,AUTO.TAKEOFF,1,1
2026-08-18T02:41:57,1786995717,13.822803,100.511627,16.2,0.62,-0.7,-0.4,88.8,88.8,-0.05,-0.03,-0.59,24.88,100,0,0,1
2026-08-18T02:41:58,1786995718,13.822803,100.511626,16.9,1.39,-0.3,0.0,88.6,88.6,0.02,0.04,-0.74,24.87,100,0,0,1
2026-08-18T02:41:59,1786995719,13.822803,100.511626,17.6,2.08,-0.2,0.0,88.7,88.7,0.0,0.02,-0.61,24.87,100,0,0,1
2026-08-18T02:42:00,1786995720,13.822803,100.511627,18.0,2.46,-0.6,0.6,88.7,88.7,-0.04,0.04,-0.11,24.86,100,0,0,1
2026-08-18T02:42:01,1786995721,13.822803,100.511627,18.2,2.66,-0.5,0.4,88.7,88.7,0.0,-0.01,-0.12,24.86,100,0,0,1
2026-08-18T02:42:02,1786995722,13.822803,100.511627,18.4,2.81,10.9,-8.9,90.4,90.4,-0.29,0.25,-0.11,24.85,100,0,0,1
2026-08-18T02:42:03,1786995723,13.822789,100.511637,18.4,2.9,1.5,-7.4,112.9,112.9,-2.36,1.51,-0.01,24.85,100,0,0,1
2026-08-18T02:42:04,1786995724,13.822767,100.511653,18.5,2.92,0.6,-2.1,144.7,144.7,-2.23,1.73,-0.03,24.84,100,AUTO.LOITER,1,1
2026-08-18T02:42:05,1786995725,13.822747,100.511669,18.5,2.99,-0.6,-0.7,151.3,151.3,-2.53,1.76,-0.03,24.84,100,AUTO.LOITER,1,1
2026-08-18T02:42:06,1786995726,13.822724,100.511685,18.6,3.05,0.0,-1.0,140.5,140.5,-2.42,1.7,0.0,24.84,100,AUTO.LOITER,1,1
2026-08-18T02:42:07,1786995727,13.822702,100.511702,18.6,3.09,-0.3,-1.0,142.6,142.6,-2.41,1.7,0.0,24.83,100,AUTO.LOITER,1,1
2026-08-18T02:42:08,1786995728,13.82268,100.511718,18.7,3.14,0.1,-1.1,145.3,145.3,-2.41,1.67,0.0,24.83,100,AUTO.LOITER,1,1
2026-08-18T02:42:09,1786995729,13.822658,100.511734,18.7,3.19,-0.6,-1.2,145.3,145.3,-2.38,1.69,0.0,24.82,100,AUTO.LOITER,1,1
2026-08-18T02:42:10,1786995730,13.822637,100.51175,18.8,3.23,-0.3,-1.5,143.4,143.4,-2.41,1.72,-0.01,24.82,100,AUTO.LOITER,1,1
2026-08-18T02:42:11,1786995731,13.82262,100.511763,18.4,3.23,-0.0,-1.0,144.2,144.2,-2.41,1.72,-0.01,24.81,100,AUTO.LOITER,1,1
2026-08-18T02:42:12,1786995732,13.822599,100.511779,18.4,3.27,-0.3,-1.3,144.7,144.7,-2.4,1.7,-0.02,24.81,99,AUTO.LOITER,1,1
2026-08-18T02:42:13,1786995733,13.822599,100.511779,18.4,3.27,-0.2,-1.5,144.2,144.2,-2.4,1.7,-0.02,24.81,99,0,0,1
2026-08-18T02:42:14,1786995734,13.822599,100.511779,18.4,3.27,-0.3,-1.4,144.2,144.2,-2.4,1.7,-0.02,24.81,99,0,0,1
2026-08-18T02:42:15,1786995735,13.822549,100.511815,18.9,3.39,-0.4,-1.4,144.4,144.4,-2.44,1.74,-0.03,24.8,99,0,0,1
2026-08-18T02:42:16,1786995736,13.822527,100.511831,19.0,3.44,-0.5,5.4,144.2,144.2,-2.43,1.76,-0.02,24.8,99,0,0,1
2026-08-18T02:42:17,1786995737,13.822507,100.511846,19.0,3.47,-0.1,5.8,144.2,144.2,-1.85,1.35,-0.01,24.79,99,0,0,1
2026-08-18T02:42:18,1786995738,13.822495,100.511855,19.1,3.5,-0.5,3.0,144.2,144.2,-1.09,0.78,0.0,24.79,99,0,0,1
2026-08-18T02:42:19,1786995739,13.822489,100.511862,19.1,3.53,-9.1,4.2,140.1,140.1,0.01,0.9,0.0,24.78,99,0,0,1
2026-08-18T02:42:20,1786995740,13.822495,100.511877,19.1,3.57,-2.9,-11.4,114.6,114.6,0.83,2.43,0.02,24.78,99,0,0,1
2026-08-18T02:42:21,1786995741,13.822501,100.511904,19.1,3.54,0.8,0.4,96.2,96.2,0.53,2.88,0.03,24.77,99,AUTO.LOITER,1,1
2026-08-18T02:42:22,1786995742,13.822506,100.511926,19.1,3.55,0.8,0.4,96.2,96.2,0.46,2.14,0.02,24.77,99,AUTO.LOITER,1,1
2026-08-18T02:42:23,1786995743,13.822506,100.511926,19.1,3.55,-0.5,3.5,81.3,81.3,0.46,2.14,0.02,24.77,99,0,0,1
2026-08-18T02:42:24,1786995744,13.822512,100.511949,18.8,3.55,-6.2,-2.0,80.9,80.9,0.46,2.14,0.02,24.76,98,AUTO.LOITER,1,1
2026-08-18T02:42:25,1786995745,13.822525,100.511974,19.1,3.59,2.4,-9.4,57.3,57.3,1.48,2.79,0.06,24.76,98,AUTO.LOITER,1,1
2026-08-18T02:42:26,1786995746,13.822538,100.511996,19.1,3.59,-0.2,-0.6,54.3,54.3,1.4,2.44,0.08,24.75,98,AUTO.LOITER,1,1
2026-08-18T02:42:27,1786995747,13.822551,100.512021,19.1,3.58,-0.1,-2.2,64.8,64.8,1.5,2.69,0.06,24.75,98,AUTO.LOITER,1,1
2026-08-18T02:42:28,1786995748,13.822561,100.512038,18.8,3.58,-0.0,2.4,61.3,61.3,1.5,2.69,0.06,24.75,98,AUTO.LOITER,1,1
2026-08-18T02:42:29,1786995749,13.822571,100.512055,18.8,3.57,0.5,3.8,59.0,59.0,1.27,2.19,0.04,24.74,98,AUTO.LOITER,1,1
2026-08-18T02:42:30,1786995750,13.822577,100.512066,18.8,3.57,-2.4,4.1,60.9,60.9,0.7,1.31,0.04,24.74,98,AUTO.LOITER,1,1
2026-08-18T02:42:31,1786995751,13.822578,100.512068,19.2,3.6,-6.7,5.0,48.6,48.6,0.62,0.36,0.01,24.74,98,0,0,1
2026-08-18T02:42:32,1786995752,13.822583,100.512063,18.8,3.6,-5.2,-5.1,14.6,14.6,0.62,0.36,0.01,24.73,97,AUTO.LOITER,1,1
2026-08-18T02:42:33,1786995753,13.822603,100.512042,19.2,3.62,-2.9,-2.0,-11.8,348.2,2.27,-2.2,0.04,24.73,97,0,0,1
2026-08-18T02:42:34,1786995754,13.82262,100.512023,19.2,3.65,0.5,-1.2,-32.0,328.0,2.04,-2.21,0.02,24.72,97,0,0,1
2026-08-18T02:42:35,1786995755,13.822639,100.512003,19.2,3.68,-0.1,-1.1,-43.4,316.6,2.13,-2.18,0.03,24.72,97,0,0,1
2026-08-18T02:42:36,1786995756,13.822658,100.511983,19.3,3.73,0.5,-1.4,-52.0,308.0,2.09,-2.16,0.02,24.71,97,0,0,1
2026-08-18T02:42:37,1786995757,13.822677,100.511962,19.3,3.76,0.5,-1.0,-43.1,316.9,2.1,-2.11,0.04,24.71,97,0,0,1
2026-08-18T02:42:38,1786995758,13.822696,100.511942,19.3,3.79,-0.2,-1.4,-43.9,316.1,2.06,-2.07,0.03,24.71,97,0,0,1
2026-08-18T02:42:39,1786995759,13.822715,100.511922,19.4,3.81,0.0,-1.7,-46.3,313.7,2.05,-2.12,0.02,24.7,96,AUTO.LOITER,1,1
2026-08-18T02:42:40,1786995760,13.822734,100.511903,19.4,3.85,-0.4,-1.7,-45.9,314.1,2.04,-2.11,0.02,24.7,96,AUTO.LOITER,1,1
2026-08-18T02:42:41,1786995761,13.822752,100.511883,19.4,3.88,0.1,-1.8,-45.4,314.6,2.03,-2.15,0.02,24.69,96,AUTO.LOITER,1,1
2026-08-18T02:42:42,1786995762,13.822771,100.511863,19.5,3.91,-0.1,-1.6,-46.3,313.7,2.05,-2.15,0.02,24.69,96,AUTO.LOITER,1,1
2026-08-18T02:42:43,1786995763,13.82279,100.511843,19.5,3.95,0.3,-1.7,-46.2,313.8,2.04,-2.17,0.03,24.68,96,AUTO.LOITER,1,1
2026-08-18T02:42:44,1786995764,13.822808,100.511823,19.5,3.96,0.2,-1.5,-46.0,314.0,2.06,-2.15,0.01,24.68,96,AUTO.LOITER,1,1
2026-08-18T02:42:45,1786995765,13.822827,100.511803,19.5,4.0,0.0,-1.5,-46.0,314.0,2.04,-2.15,0.01,24.68,96,AUTO.LOITER,1,1
2026-08-18T02:42:46,1786995766,13.822841,100.511788,19.2,4.0,-0.3,1.6,-46.4,313.6,2.04,-2.15,0.01,24.67,96,AUTO.LOITER,1,1
2026-08-18T02:42:47,1786995767,13.822854,100.511774,19.2,4.01,0.4,3.6,-46.1,313.9,1.72,-1.86,0.01,24.67,95,AUTO.LOITER,1,1
2026-08-18T02:42:48,1786995768,13.822862,100.511765,19.2,4.03,-0.0,2.6,-45.7,314.3,1.05,-1.08,0.02,24.66,95,AUTO.LOITER,1,1
2026-08-18T02:42:49,1786995769,13.822863,100.511764,19.6,4.06,-5.3,12.6,-58.1,301.9,0.22,-0.3,-0.02,24.66,95,0,0,1
2026-08-18T02:42:50,1786995770,13.822854,100.51177,19.6,4.05,-1.9,1.0,-90.5,269.5,-1.89,1.26,0.03,24.66,95,0,0,1
2026-08-18T02:42:51,1786995771,13.822833,100.511786,19.6,4.04,-3.5,0.9,-117.7,242.3,-2.45,1.72,0.04,24.65,95,0,0,1
2026-08-18T02:42:52,1786995772,13.822812,100.511801,19.6,4.03,-2.2,0.0,-127.8,232.2,-2.5,1.81,0.02,24.65,95,0,0,1
2026-08-18T02:42:53,1786995773,13.82279,100.511818,19.6,4.02,-0.8,-0.1,-150.8,209.2,-2.43,1.8,0.01,24.65,95,0,0,1
2026-08-18T02:42:54,1786995774,13.822768,100.511834,19.6,4.01,-0.5,-0.7,-177.6,182.4,-2.35,1.8,0.0,24.64,95,0,0,1
2026-08-18T02:42:55,1786995775,13.822752,100.511846,19.2,4.01,-0.4,-1.5,157.6,157.6,-2.35,1.8,0.0,24.64,95,AUTO.LOITER,1,1
2026-08-18T02:42:56,1786995776,13.822729,100.511863,19.2,4.01,0.3,-0.4,139.1,139.1,-2.35,1.8,0.0,24.63,94,AUTO.LOITER,1,1
2026-08-18T02:42:57,1786995777,13.822703,100.511883,19.6,4.02,-0.0,-1.9,142.6,142.6,-2.35,1.72,0.0,24.63,94,AUTO.LOITER,1,1
2026-08-18T02:42:58,1786995778,13.822681,100.5119,19.6,4.01,0.4,-0.9,147.6,147.6,-2.38,1.75,0.0,24.62,94,AUTO.LOITER,1,1
2026-08-18T02:42:59,1786995779,13.822659,100.511916,19.6,4.02,-0.2,-1.8,143.7,143.7,-2.38,1.7,0.0,24.62,94,AUTO.LOITER,1,1
2026-08-18T02:43:00,1786995780,13.822637,100.511932,19.6,4.03,0.2,-1.2,143.1,143.1,-2.41,1.78,0.01,24.61,94,AUTO.LOITER,1,1
2026-08-18T02:43:01,1786995781,13.822616,100.511949,19.6,4.01,0.1,-1.5,144.0,144.0,-2.43,1.76,0.0,24.61,94,AUTO.LOITER,1,1
2026-08-18T02:43:02,1786995782,13.822594,100.511965,19.6,4.01,0.1,-1.2,144.5,144.5,-2.43,1.77,0.0,24.61,94,AUTO.LOITER,1,1
2026-08-18T02:43:03,1786995783,13.822578,100.511978,19.2,4.01,-0.1,-1.4,143.7,143.7,-2.43,1.77,0.0,24.6,94,AUTO.LOITER,1,1
2026-08-18T02:43:04,1786995784,13.822556,100.511993,19.2,4.01,-0.0,-1.5,143.8,143.8,-2.42,1.75,0.0,24.6,93,AUTO.LOITER,1,1
2026-08-18T02:43:05,1786995785,13.822534,100.512009,19.2,4.02,-0.4,-1.5,144.0,144.0,-2.42,1.77,0.01,24.59,93,AUTO.LOITER,1,1
2026-08-18T02:43:06,1786995786,13.822528,100.512014,19.6,4.03,-0.1,-1.1,143.8,143.8,-2.41,1.8,0.0,24.59,93,0,0,1
2026-08-18T02:43:07,1786995787,13.822506,100.512031,19.6,4.04,-0.3,-1.4,143.8,143.8,-2.39,1.8,0.01,24.59,93,0,0,1
2026-08-18T02:43:08,1786995788,13.822485,100.512047,19.6,4.04,0.3,-1.2,143.9,143.9,-2.39,1.79,0.02,24.59,93,0,0,1
2026-08-18T02:43:09,1786995789,13.822463,100.512063,19.6,4.04,-0.1,-1.6,143.9,143.9,-2.41,1.75,0.02,24.58,93,0,0,1
2026-08-18T02:43:10,1786995790,13.822441,100.51208,19.6,4.05,-0.4,-0.8,143.9,143.9,-2.44,1.78,0.03,24.58,93,0,0,1
2026-08-18T02:43:11,1786995791,13.822419,100.512096,19.6,4.06,-0.1,-1.5,143.8,143.8,-2.38,1.78,0.03,24.57,93,0,0,1
2026-08-18T02:43:12,1786995792,13.822398,100.512113,19.6,4.06,0.1,-1.2,143.8,143.8,-2.41,1.79,0.04,24.57,93,0,0,1
2026-08-18T02:43:13,1786995793,13.822376,100.512129,19.6,4.07,-0.2,-1.5,143.9,143.9,-2.41,1.72,0.04,24.56,92,0,0,1
2026-08-18T02:43:14,1786995794,13.822354,100.512146,19.6,4.07,-0.4,-1.2,143.9,143.9,-2.43,1.75,0.03,24.56,92,AUTO.LOITER,1,1
2026-08-18T02:43:15,1786995795,13.822332,100.512162,19.6,4.08,-0.2,-1.4,143.8,143.8,-2.41,1.77,0.05,24.56,92,AUTO.LOITER,1,1
2026-08-18T02:43:16,1786995796,13.82231,100.512178,19.6,4.08,-0.4,-1.1,143.8,143.8,-2.4,1.77,0.05,24.55,92,AUTO.LOITER,1,1
2026-08-18T02:43:17,1786995797,13.822289,100.512195,19.6,4.09,-0.1,-1.3,143.8,143.8,-2.42,1.78,0.06,24.55,92,AUTO.LOITER,1,1
2026-08-18T02:43:18,1786995798,13.822267,100.512211,19.6,4.09,-0.5,-1.5,143.8,143.8,-2.4,1.77,0.06,24.54,92,AUTO.LOITER,1,1
2026-08-18T02:43:19,1786995799,13.822245,100.512227,19.6,4.07,-0.6,6.6,143.6,143.6,-2.27,1.69,0.03,24.54,92,AUTO.LOITER,1,1
2026-08-18T02:43:20,1786995800,13.82223,100.512239,19.6,4.06,-0.2,5.5,143.6,143.6,-1.3,0.97,0.03,24.53,92,AUTO.LOITER,1,1
2026-08-18T02:43:21,1786995801,13.82222,100.512246,19.6,4.07,-0.8,3.0,143.4,143.4,-0.62,0.72,0.0,24.53,92,AUTO.LOITER,1,1
2026-08-18T02:43:22,1786995802,13.822221,100.512253,19.3,4.07,-8.5,1.9,135.0,135.0,-0.62,0.72,0.0,24.52,91,AUTO.LOITER,1,1
2026-08-18T02:43:23,1786995803,13.822226,100.51227,19.3,4.09,4.4,3.7,104.3,104.3,0.87,1.6,0.02,24.52,91,AUTO.LOITER,1,1
2026-08-18T02:43:24,1786995804,13.822226,100.51227,19.3,4.09,-7.4,8.2,75.1,75.1,0.87,1.6,0.02,24.52,91,0,0,1
2026-08-18T02:43:25,1786995805,13.822226,100.51227,19.3,4.09,-14.9,-2.0,54.3,54.3,0.87,1.6,0.02,24.52,91,0,0,1
2026-08-18T02:43:26,1786995806,13.822248,100.512262,19.6,4.05,2.2,1.3,29.1,29.1,2.46,-1.56,0.05,24.51,91,0,0,1
2026-08-18T02:43:27,1786995807,13.82227,100.512247,19.6,4.03,-2.5,-2.5,3.4,3.4,2.35,-1.63,0.01,24.51,91,0,0,1
2026-08-18T02:43:28,1786995808,13.822291,100.512231,19.6,4.03,0.2,-1.2,-21.5,338.5,2.47,-1.83,0.01,24.5,91,0,0,1
2026-08-18T02:43:29,1786995809,13.822313,100.512214,19.6,4.03,-0.2,-1.1,-33.0,327.0,2.49,-1.73,0.0,24.5,91,0,0,1
2026-08-18T02:43:30,1786995810,13.822336,100.512198,19.6,4.04,-0.2,-1.2,-41.3,318.7,2.42,-1.74,0.0,24.49,91,0,0,1
2026-08-18T02:43:31,1786995811,13.822357,100.512182,19.6,4.04,0.3,-1.2,-37.1,322.9,2.42,-1.72,0.02,24.49,91,0,0,1
2026-08-18T02:43:32,1786995812,13.82238,100.512166,19.6,4.04,-0.5,-1.1,-33.7,326.3,2.41,-1.74,0.02,24.49,91,0,0,1
2026-08-18T02:43:33,1786995813,13.822401,100.51215,19.6,4.05,-0.0,-1.3,-36.9,323.1,2.4,-1.76,0.02,24.48,90,AUTO.LOITER,1,1
2026-08-18T02:43:34,1786995814,13.822401,100.51215,19.6,4.05,-0.0,-1.3,-36.9,323.1,2.4,-1.76,0.02,24.48,90,0,0,1
2026-08-18T02:43:35,1786995815,13.822445,100.512117,19.6,4.06,-0.1,-1.3,-35.1,324.9,2.43,-1.74,0.03,24.47,90,AUTO.LOITER,1,1
2026-08-18T02:43:36,1786995816,13.822467,100.512101,19.6,4.06,-0.4,-1.2,-35.9,324.1,2.4,-1.75,0.03,24.47,90,AUTO.LOITER,1,1
2026-08-18T02:43:37,1786995817,13.822489,100.512085,19.6,4.06,-0.2,-1.3,-35.8,324.2,2.39,-1.75,0.03,24.46,90,AUTO.LOITER,1,1
2026-08-18T02:43:38,1786995818,13.822511,100.512068,19.6,4.08,-0.2,-1.2,-35.7,324.3,2.4,-1.75,0.05,24.46,90,AUTO.LOITER,1,1
2026-08-18T02:43:39,1786995819,13.822533,100.512052,19.6,4.08,-0.2,-1.2,-35.7,324.3,2.39,-1.74,0.05,24.45,90,AUTO.LOITER,1,1
2026-08-18T02:43:40,1786995820,13.822554,100.512036,19.6,4.08,-0.2,-1.3,-35.8,324.2,2.41,-1.73,0.05,24.45,89,AUTO.LOITER,1,1
2026-08-18T02:43:41,1786995821,13.822554,100.512036,19.6,4.08,0.1,-1.4,-35.8,324.2,2.41,-1.73,0.05,24.45,89,0,0,1
2026-08-18T02:43:42,1786995822,13.822576,100.512019,19.6,4.07,-0.6,-1.0,-35.7,324.3,2.45,-1.71,0.04,24.45,89,0,0,1
2026-08-18T02:43:43,1786995823,13.822614,100.511991,19.3,4.07,-0.3,-1.4,-35.7,324.3,2.45,-1.71,0.04,24.44,89,AUTO.LOITER,1,1
2026-08-18T02:43:44,1786995824,13.82262,100.511987,19.6,4.07,-0.4,-1.1,-35.7,324.3,2.4,-1.72,0.04,24.44,89,0,0,1
2026-08-18T02:43:45,1786995825,13.822642,100.511971,19.6,4.06,-0.1,-1.8,-35.7,324.3,2.43,-1.72,0.04,24.43,89,0,0,1
2026-08-18T02:43:46,1786995826,13.822664,100.511955,19.6,4.08,-0.2,-1.1,-35.7,324.3,2.46,-1.74,0.04,24.43,89,0,0,1
2026-08-18T02:43:47,1786995827,13.822686,100.511938,19.7,4.1,-0.6,-1.3,-35.7,324.3,2.46,-1.72,0.06,24.43,89,0,0,1
2026-08-18T02:43:48,1786995828,13.822708,100.511922,19.7,4.12,-0.3,-1.7,-35.7,324.3,2.43,-1.74,0.09,24.42,89,0,0,1
2026-08-18T02:43:49,1786995829,13.82273,100.511906,19.7,4.13,-0.4,-1.7,-35.7,324.3,2.47,-1.76,0.1,24.42,89,0,0,1
2026-08-18T02:43:50,1786995830,13.822752,100.51189,19.7,4.14,-0.6,-1.1,-35.8,324.2,2.43,-1.78,0.11,24.41,88,AUTO.LOITER,1,1
2026-08-18T02:43:51,1786995831,13.822774,100.511874,19.7,4.16,-0.4,-1.5,-35.8,324.2,2.41,-1.76,0.13,24.41,88,AUTO.LOITER,1,1
2026-08-18T02:43:52,1786995832,13.822795,100.511858,19.7,4.17,-0.3,-1.6,-35.8,324.2,2.44,-1.78,0.14,24.4,88,AUTO.LOITER,1,1
2026-08-18T02:43:53,1786995833,13.822817,100.511841,19.7,4.18,-0.5,-1.3,-35.7,324.3,2.47,-1.77,0.15,24.4,88,AUTO.LOITER,1,1
2026-08-18T02:43:54,1786995834,13.822839,100.511825,19.7,4.19,-0.5,-0.7,-35.9,324.1,2.44,-1.78,0.16,24.39,88,AUTO.LOITER,1,1
2026-08-18T02:43:55,1786995835,13.822861,100.511809,19.7,4.19,-0.9,6.9,-36.1,323.9,2.12,-1.57,0.15,24.39,88,AUTO.LOITER,1,1
2026-08-18T02:43:56,1786995836,13.822875,100.511799,19.7,4.19,0.1,4.5,-35.9,324.1,1.26,-0.9,0.16,24.39,88,AUTO.LOITER,1,1
2026-08-18T02:43:57,1786995837,13.822884,100.511793,19.8,4.2,0.2,3.3,-35.9,324.1,0.9,-0.26,0.13,24.38,88,AUTO.LOITER,1,1
2026-08-18T02:43:58,1786995838,13.822893,100.5118,19.8,4.22,6.1,1.7,-29.8,330.2,1.25,1.25,0.15,24.38,88,AUTO.LOITER,1,1
2026-08-18T02:43:59,1786995839,13.822904,100.511807,19.7,4.22,-6.2,7.9,0.0,0.0,1.25,1.25,0.15,24.37,87,AUTO.LOITER,1,1
2026-08-18T02:44:00,1786995840,13.822902,100.511812,19.7,4.24,7.4,5.5,30.7,30.7,0.56,0.53,0.17,24.37,87,AUTO.LOITER,1,1
2026-08-18T02:44:01,1786995841,13.822888,100.511824,19.7,4.2,12.2,-0.2,51.2,51.2,-1.3,0.95,0.18,24.36,87,AUTO.LOITER,1,1
2026-08-18T02:44:02,1786995842,13.822882,100.511829,19.7,4.19,1.5,1.4,75.7,75.7,-2.51,2.0,0.18,24.36,87,0,0,1
2026-08-18T02:44:03,1786995843,13.822868,100.511841,19.7,4.19,1.0,-1.6,102.4,102.4,-2.51,2.0,0.18,24.36,87,0,0,1
2026-08-18T02:44:04,1786995844,13.82284,100.511861,19.7,4.18,0.4,-1.4,126.8,126.8,-2.52,1.8,0.16,24.36,87,0,0,1
2026-08-18T02:44:05,1786995845,13.822818,100.511878,19.7,4.18,0.1,-1.4,138.5,138.5,-2.47,1.81,0.15,24.35,87,0,0,1
2026-08-18T02:44:06,1786995846,13.822797,100.511894,19.7,4.19,0.1,-1.1,149.1,149.1,-2.45,1.79,0.14,24.35,87,0,0,1
2026-08-18T02:44:07,1786995847,13.822775,100.511911,19.7,4.17,-0.0,-0.8,141.0,141.0,-2.42,1.75,0.15,24.34,87,AUTO.LOITER,1,1
2026-08-18T02:44:08,1786995848,13.822753,100.511928,19.7,4.18,0.1,-1.3,140.6,140.6,-2.4,1.75,0.15,24.34,87,AUTO.LOITER,1,1
2026-08-18T02:44:09,1786995849,13.822731,100.511944,19.7,4.18,-0.2,-1.1,144.3,144.3,-2.4,1.77,0.15,24.33,86,AUTO.LOITER,1,1
2026-08-18T02:44:10,1786995850,13.82271,100.511961,19.7,4.17,-0.2,-0.9,143.2,143.2,-2.37,1.78,0.14,24.33,86,AUTO.LOITER,1,1
2026-08-18T02:44:11,1786995851,13.822688,100.511978,19.7,4.18,-0.2,-1.2,142.4,142.4,-2.37,1.79,0.14,24.33,86,AUTO.LOITER,1,1
2026-08-18T02:44:12,1786995852,13.822667,100.511994,19.7,4.19,-0.0,-1.2,143.3,143.3,-2.37,1.78,0.16,24.32,86,AUTO.LOITER,1,1
2026-08-18T02:44:13,1786995853,13.822645,100.512011,19.7,4.19,-0.2,-1.4,143.3,143.3,-2.39,1.81,0.16,24.32,86,AUTO.LOITER,1,1
2026-08-18T02:44:14,1786995854,13.822624,100.512028,19.7,4.18,-0.1,-1.1,143.1,143.1,-2.4,1.81,0.16,24.31,86,AUTO.LOITER,1,1
2026-08-18T02:44:15,1786995855,13.822602,100.512044,19.7,4.17,-0.3,-1.5,143.0,143.0,-2.39,1.82,0.14,24.31,86,AUTO.LOITER,1,1
2026-08-18T02:44:16,1786995856,13.822587,100.512057,19.7,4.17,0.2,-1.5,143.2,143.2,-2.39,1.82,0.14,24.3,86,AUTO.LOITER,1,1
2026-08-18T02:44:17,1786995857,13.822565,100.512073,19.7,4.17,-0.1,-0.9,143.2,143.2,-2.44,1.8,0.14,24.3,85,AUTO.LOITER,1,1
2026-08-18T02:44:18,1786995858,13.822544,100.512089,19.7,4.18,-0.2,-1.4,143.1,143.1,-2.42,1.79,0.15,24.3,85,AUTO.LOITER,1,1
2026-08-18T02:44:19,1786995859,13.822537,100.512094,19.7,4.19,-0.5,-1.3,143.1,143.1,-2.41,1.78,0.15,24.3,85,0,0,1
2026-08-18T02:44:20,1786995860,13.822516,100.512111,19.7,4.18,0.2,-1.0,143.1,143.1,-2.41,1.84,0.15,24.29,85,0,0,1
2026-08-18T02:44:21,1786995861,13.822494,100.512128,19.7,4.19,0.0,-1.3,143.2,143.2,-2.4,1.78,0.15,24.29,85,0,0,1
2026-08-18T02:44:22,1786995862,13.822472,100.512144,19.7,4.18,-0.7,-1.5,143.1,143.1,-2.43,1.8,0.15,24.28,85,0,0,1
2026-08-18T02:44:23,1786995863,13.822457,100.512156,19.6,4.18,-0.7,-1.5,143.1,143.1,-2.43,1.8,0.15,24.28,85,0,0,1
2026-08-18T02:44:24,1786995864,13.822429,100.512177,19.7,4.17,-0.5,-1.0,143.1,143.1,-2.41,1.82,0.14,24.28,85,0,0,1
2026-08-18T02:44:25,1786995865,13.822408,100.512194,19.7,4.17,-0.1,-1.6,143.1,143.1,-2.38,1.83,0.13,24.27,85,0,0,1
2026-08-18T02:44:26,1786995866,13.822386,100.512211,19.7,4.16,-0.1,-1.6,143.1,143.1,-2.4,1.85,0.13,24.27,85,0,0,1
2026-08-18T02:44:27,1786995867,13.822365,100.512228,19.7,4.16,0.1,-1.4,143.2,143.2,-2.41,1.8,0.13,24.26,84,AUTO.LOITER,1,1
2026-08-18T02:44:28,1786995868,13.822343,100.512244,19.7,4.16,-0.4,-1.0,143.2,143.2,-2.41,1.8,0.13,24.26,84,AUTO.LOITER,1,1
2026-08-18T02:44:29,1786995869,13.822321,100.512261,19.7,4.16,-0.5,-0.9,143.0,143.0,-2.41,1.81,0.13,24.25,84,AUTO.LOITER,1,1
2026-08-18T02:44:30,1786995870,13.8223,100.512277,19.7,4.15,-0.2,-1.5,142.8,142.8,-2.36,1.83,0.12,24.25,84,AUTO.LOITER,1,1
2026-08-18T02:44:31,1786995871,13.82228,100.512293,19.7,4.13,-0.2,6.5,142.7,142.7,-1.8,1.43,0.11,24.24,84,AUTO.LOITER,1,1
2026-08-18T02:44:32,1786995872,13.822268,100.512302,19.7,4.13,-0.4,2.7,142.7,142.7,-1.05,0.8,0.1,24.24,84,AUTO.LOITER,1,1
2026-08-18T02:44:33,1786995873,13.822262,100.512307,19.6,4.13,-5.1,4.2,142.1,142.1,-1.05,0.8,0.1,24.23,84,AUTO.LOITER,1,1
2026-08-18T02:44:34,1786995874,13.822267,100.512321,19.7,4.16,-8.9,-4.2,129.7,129.7,0.87,1.86,0.12,24.23,84,AUTO.LOITER,1,1
2026-08-18T02:44:35,1786995875,13.82227,100.512332,19.6,4.16,1.7,10.2,96.2,96.2,0.87,1.86,0.12,24.23,84,AUTO.LOITER,1,1
2026-08-18T02:44:36,1786995876,13.822277,100.512332,19.5,4.16,-4.4,4.1,69.9,69.9,0.87,1.86,0.12,24.22,83,AUTO.LOITER,1,1
2026-08-18T02:44:37,1786995877,13.822291,100.512322,19.5,4.12,-13.6,-1.0,48.3,48.3,1.17,-0.83,0.08,24.22,83,AUTO.LOITER,1,1
2026-08-18T02:44:38,1786995878,13.822298,100.512317,19.7,4.1,-1.0,0.5,22.8,22.8,2.68,-1.8,0.11,24.22,83,0,0,1
2026-08-18T02:44:39,1786995879,13.822319,100.512303,19.7,4.1,-0.8,-1.7,-3.0,357.0,2.39,-1.68,0.08,24.21,83,0,0,1
2026-08-18T02:44:40,1786995880,13.822341,100.512286,19.7,4.1,-0.2,-1.1,-27.3,332.7,2.51,-1.81,0.07,24.21,83,0,0,1
2026-08-18T02:44:41,1786995881,13.822363,100.51227,19.7,4.11,-0.1,-1.6,-37.4,322.6,2.48,-1.76,0.08,24.2,83,0,0,1
2026-08-18T02:44:42,1786995882,13.822385,100.512254,19.7,4.1,-0.0,-1.0,-39.6,320.4,2.48,-1.79,0.07,24.2,83,0,0,1
2026-08-18T02:44:43,1786995883,13.822407,100.512238,19.6,4.09,-0.3,-1.3,-34.9,325.1,2.44,-1.8,0.06,24.2,83,0,0,1
2026-08-18T02:44:44,1786995884,13.822423,100.512226,19.4,4.09,0.1,-1.0,-34.8,325.2,2.44,-1.8,0.06,24.19,83,0,0,1
2026-08-18T02:44:45,1786995885,13.822451,100.512205,19.6,4.07,0.2,-1.2,-36.9,323.1,2.43,-1.79,0.05,24.19,83,AUTO.LOITER,1,1
2026-08-18T02:44:46,1786995886,13.822473,100.512189,19.6,4.07,-0.3,-0.8,-35.3,324.7,2.4,-1.76,0.04,24.18,82,AUTO.LOITER,1,1
2026-08-18T02:44:47,1786995887,13.822494,100.512172,19.6,4.07,0.3,-1.3,-35.3,324.7,2.4,-1.77,0.04,24.18,82,AUTO.LOITER,1,1
2026-08-18T02:44:48,1786995888,13.822516,100.512156,19.6,4.08,0.2,-1.1,-36.0,324.0,2.4,-1.76,0.05,24.17,82,AUTO.LOITER,1,1
2026-08-18T02:44:49,1786995889,13.822538,100.51214,19.6,4.1,0.0,-1.2,-35.7,324.3,2.43,-1.74,0.07,24.17,82,AUTO.LOITER,1,1
2026-08-18T02:44:50,1786995890,13.82256,100.512124,19.7,4.1,0.2,-1.2,-35.6,324.4,2.43,-1.73,0.07,24.17,82,AUTO.LOITER,1,1
2026-08-18T02:44:51,1786995891,13.822582,100.512107,19.6,4.1,0.2,-1.2,-35.7,324.3,2.44,-1.73,0.07,24.16,82,AUTO.LOITER,1,1
2026-08-18T02:44:52,1786995892,13.822604,100.512091,19.6,4.1,0.2,-1.2,-35.7,324.3,2.46,-1.72,0.07,24.16,82,AUTO.LOITER,1,1
2026-08-18T02:44:53,1786995893,13.822626,100.512075,19.6,4.09,0.2,-0.9,-35.7,324.3,2.41,-1.7,0.06,24.15,82,AUTO.LOITER,1,1
2026-08-18T02:44:54,1786995894,13.822643,100.512062,19.5,4.09,-0.4,-1.1,-35.7,324.3,2.41,-1.7,0.06,24.15,82,AUTO.LOITER,1,1
2026-08-18T02:44:55,1786995895,13.822664,100.512047,19.4,4.09,0.1,-1.1,-35.8,324.2,2.41,-1.74,0.06,24.14,81,AUTO.LOITER,1,1
2026-08-18T02:44:56,1786995896,13.82267,100.512042,19.6,4.09,-0.1,-1.0,-35.8,324.2,2.4,-1.74,0.06,24.14,81,0,0,1
2026-08-18T02:44:57,1786995897,13.822692,100.512026,19.6,4.09,0.2,-1.1,-35.7,324.3,2.4,-1.74,0.06,24.14,81,0,0,1
2026-08-18T02:44:58,1786995898,13.822714,100.51201,19.6,4.08,-0.1,-1.2,-35.8,324.2,2.42,-1.73,0.06,24.14,81,0,0,1
2026-08-18T02:44:59,1786995899,13.822735,100.511994,19.6,4.07,0.1,-1.4,-35.8,324.2,2.41,-1.75,0.04,24.13,81,0,0,1
2026-08-18T02:45:00,1786995900,13.822757,100.511978,19.6,4.06,-0.3,-1.0,-35.8,324.2,2.46,-1.76,0.03,24.13,81,0,0,1
2026-08-18T02:45:01,1786995901,13.822779,100.511961,19.6,4.05,0.3,-1.2,-35.8,324.2,2.4,-1.78,0.02,24.12,81,0,0,1
2026-08-18T02:45:02,1786995902,13.822801,100.511945,19.6,4.03,-0.1,-1.1,-35.7,324.3,2.44,-1.75,0.0,24.12,81,0,0,1
2026-08-18T02:45:03,1786995903,13.822823,100.511929,19.6,4.01,0.2,-1.4,-35.7,324.3,2.42,-1.74,-0.01,24.11,81,AUTO.LOITER,1,1
2026-08-18T02:45:04,1786995904,13.822845,100.511912,19.6,4.02,0.1,-1.1,-35.7,324.3,2.43,-1.74,-0.01,24.11,81,AUTO.LOITER,1,1
2026-08-18T02:45:05,1786995905,13.822867,100.511896,19.6,4.02,0.1,-1.0,-35.7,324.3,2.42,-1.72,0.0,24.11,81,AUTO.LOITER,1,1
2026-08-18T02:45:06,1786995906,13.822867,100.511896,19.6,4.02,0.1,-1.0,-35.7,324.3,2.42,-1.72,0.0,24.11,81,AUTO.LOITER,1,1
2026-08-18T02:45:07,1786995907,13.822909,100.511865,19.6,4.03,0.3,5.7,-36.1,323.9,1.76,-1.34,0.0,24.1,80,AUTO.LOITER,1,1
2026-08-18T02:45:08,1786995908,13.822921,100.511856,19.6,4.02,-0.1,3.4,-35.4,324.6,1.1,-0.76,0.0,24.09,80,AUTO.LOITER,1,1
2026-08-18T02:45:09,1786995909,13.822929,100.511853,19.6,4.03,8.7,5.1,-34.6,325.4,0.92,0.52,-0.01,24.09,80,AUTO.LOITER,1,1
2026-08-18T02:45:10,1786995910,13.822941,100.511864,19.6,4.04,6.2,-5.9,-19.4,340.6,1.55,1.27,0.0,24.08,80,AUTO.LOITER,1,1
2026-08-18T02:45:11,1786995911,13.822949,100.511869,19.6,4.04,0.3,15.0,14.9,14.9,-0.29,0.55,0.02,24.08,80,AUTO.LOITER,1,1
2026-08-18T02:45:12,1786995912,13.822942,100.511875,19.2,4.04,6.2,1.6,39.6,39.6,-0.29,0.55,0.02,24.07,80,AUTO.LOITER,1,1
2026-08-18T02:45:13,1786995913,13.822923,100.511889,19.2,4.01,3.2,-0.8,61.3,61.3,-1.7,1.3,-0.04,24.07,80,AUTO.LOITER,1,1
2026-08-18T02:45:14,1786995914,13.822917,100.511894,19.6,4.0,3.2,-1.6,87.3,87.3,-2.41,1.89,0.0,24.07,80,0,0,1
2026-08-18T02:45:15,1786995915,13.822897,100.51191,19.5,4.0,-0.0,-0.6,113.0,113.0,-2.47,1.82,-0.01,24.07,79,0,0,1
2026-08-18T02:45:16,1786995916,13.822875,100.511927,19.6,4.0,0.6,-1.4,137.0,137.0,-2.41,1.86,-0.02,24.06,79,0,0,1
2026-08-18T02:45:17,1786995917,13.822854,100.511944,19.6,4.0,-0.4,-1.3,149.2,149.2,-2.45,1.78,-0.02,24.06,79,0,0,1
2026-08-18T02:45:18,1786995918,13.822832,100.51196,19.6,4.01,0.1,-1.4,146.1,146.1,-2.42,1.82,-0.02,24.05,79,0,0,1
2026-08-18T02:45:19,1786995919,13.822816,100.511973,19.2,4.01,0.0,-0.9,139.3,139.3,-2.42,1.82,-0.02,24.05,79,AUTO.LOITER,1,1
2026-08-18T02:45:20,1786995920,13.822794,100.51199,19.2,4.01,0.1,-1.2,142.7,142.7,-2.42,1.82,-0.02,24.05,79,AUTO.LOITER,1,1
2026-08-18T02:45:21,1786995921,13.822772,100.512006,19.2,4.01,-0.4,-0.9,144.2,144.2,-2.42,1.82,-0.02,24.04,79,AUTO.LOITER,1,1
2026-08-18T02:45:22,1786995922,13.822751,100.512022,19.2,4.01,-0.2,-1.3,143.3,143.3,-2.42,1.82,-0.02,24.04,79,AUTO.LOITER,1,1
2026-08-18T02:45:23,1786995923,13.822724,100.512044,19.6,4.0,0.3,-1.3,142.8,142.8,-2.36,1.8,-0.02,24.03,79,AUTO.LOITER,1,1
2026-08-18T02:45:24,1786995924,13.822702,100.51206,19.5,3.99,-0.4,-1.2,143.4,143.4,-2.4,1.81,-0.03,24.03,78,AUTO.LOITER,1,1
2026-08-18T02:45:25,1786995925,13.82268,100.512077,19.5,3.99,0.1,-1.0,143.1,143.1,-2.38,1.81,-0.03,24.02,78,AUTO.LOITER,1,1
2026-08-18T02:45:26,1786995926,13.822659,100.512094,19.5,3.99,-0.0,-1.4,143.1,143.1,-2.4,1.8,-0.03,24.02,78,AUTO.LOITER,1,1
2026-08-18T02:45:27,1786995927,13.822637,100.51211,19.5,4.0,-0.4,-0.9,143.2,143.2,-2.38,1.82,-0.03,24.01,78,AUTO.LOITER,1,1
2026-08-18T02:45:28,1786995928,13.822616,100.512127,19.5,3.99,-0.0,-1.1,143.2,143.2,-2.37,1.84,-0.03,24.01,78,AUTO.LOITER,1,1
2026-08-18T02:45:29,1786995929,13.822594,100.512143,19.5,4.0,0.1,-1.3,143.1,143.1,-2.4,1.83,-0.03,24.01,78,AUTO.LOITER,1,1
2026-08-18T02:45:30,1786995930,13.822594,100.512143,19.5,4.0,-0.4,-1.3,143.1,143.1,-2.4,1.83,-0.03,24.01,78,0,0,1
2026-08-18T02:45:31,1786995931,13.822556,100.512172,19.2,4.0,0.0,-1.2,143.1,143.1,-2.38,1.85,-0.02,24.0,78,AUTO.LOITER,1,1
2026-08-18T02:45:32,1786995932,13.822536,100.512188,19.2,4.0,0.2,-1.2,143.2,143.2,-2.39,1.82,-0.02,23.99,78,AUTO.LOITER,1,1
2026-08-18T02:45:33,1786995933,13.822529,100.512193,19.6,4.01,0.2,-1.0,143.2,143.2,-2.4,1.81,-0.01,23.99,78,0,0,1
2026-08-18T02:45:34,1786995934,13.822508,100.51221,19.6,4.02,-0.3,-1.0,143.2,143.2,-2.4,1.8,0.0,23.99,77,0,0,1
2026-08-18T02:45:35,1786995935,13.822486,100.512227,19.6,4.05,0.2,-1.2,143.1,143.1,-2.36,1.8,0.01,23.98,77,0,0,1
2026-08-18T02:45:36,1786995936,13.822464,100.512243,19.6,4.06,-0.2,-1.0,143.2,143.2,-2.39,1.81,0.03,23.98,77,0,0,1
2026-08-18T02:45:37,1786995937,13.822443,100.51226,19.6,4.06,-0.1,-1.2,143.2,143.2,-2.37,1.8,0.03,23.98,77,0,0,1
2026-08-18T02:45:38,1786995938,13.822421,100.512277,19.6,4.06,0.4,-1.0,143.2,143.2,-2.38,1.79,0.03,23.97,77,0,0,1
2026-08-18T02:45:39,1786995939,13.8224,100.512293,19.6,4.06,-0.1,-1.1,143.2,143.2,-2.4,1.79,0.03,23.97,77,0,0,1
2026-08-18T02:45:40,1786995940,13.822378,100.51231,19.6,4.08,0.2,-1.0,143.1,143.1,-2.39,1.79,0.04,23.96,77,AUTO.LOITER,1,1
2026-08-18T02:45:41,1786995941,13.822356,100.512327,19.6,4.08,0.0,-1.0,143.2,143.2,-2.4,1.81,0.05,23.96,77,AUTO.LOITER,1,1
2026-08-18T02:45:42,1786995942,13.822335,100.512343,19.6,4.07,-0.2,2.8,143.1,143.1,-2.38,1.79,0.04,23.95,77,AUTO.LOITER,1,1
2026-08-18T02:45:43,1786995943,13.822317,100.512357,19.6,4.07,0.3,4.5,142.8,142.8,-1.47,1.13,0.05,23.95,76,AUTO.LOITER,1,1
2026-08-18T02:45:44,1786995944,13.822307,100.512364,19.6,4.06,-0.7,3.8,142.0,142.0,-0.91,0.73,0.03,23.95,76,AUTO.LOITER,1,1
2026-08-18T02:45:45,1786995945,13.822305,100.512372,19.7,4.1,-8.5,-0.1,134.0,134.0,0.55,1.0,0.05,23.94,76,AUTO.LOITER,1,1
2026-08-18T02:45:46,1786995946,13.822312,100.512387,19.6,4.1,-1.6,-6.5,120.5,120.5,0.62,1.95,0.07,23.94,76,AUTO.LOITER,1,1
2026-08-18T02:45:47,1786995947,13.822315,100.512395,19.7,4.1,-4.8,14.0,86.3,86.3,0.75,-0.11,0.09,23.93,76,AUTO.LOITER,1,1
2026-08-18T02:45:48,1786995948,13.822321,100.51239,19.4,4.1,-5.8,0.6,63.8,63.8,0.75,-0.11,0.09,23.93,76,AUTO.LOITER,1,1
2026-08-18T02:45:49,1786995949,13.82234,100.512378,19.4,4.09,-5.1,-0.5,40.8,40.8,1.63,-1.09,0.01,23.92,76,AUTO.LOITER,1,1
2026-08-18T02:45:50,1786995950,13.822361,100.512363,19.4,4.07,-3.7,-0.9,15.1,15.1,2.58,-1.76,0.05,23.92,76,AUTO.LOITER,1,1
2026-08-18T02:45:51,1786995951,13.822367,100.512359,19.6,4.08,-0.0,-1.0,-10.4,349.6,2.45,-1.86,0.06,23.92,76,0,0,1
2026-08-18T02:45:52,1786995952,13.822389,100.512342,19.6,4.08,-0.3,-1.6,-33.9,326.1,2.47,-1.82,0.05,23.91,76,0,0,1
2026-08-18T02:45:53,1786995953,13.822411,100.512326,19.6,4.06,-0.5,-1.1,-41.1,318.9,2.47,-1.82,0.03,23.91,75,0,0,1
2026-08-18T02:45:54,1786995954,13.822433,100.51231,19.6,4.05,-0.1,-1.2,-32.8,327.2,2.41,-1.84,0.03,23.91,75,0,0,1
2026-08-18T02:45:55,1786995955,13.822449,100.512298,19.4,4.05,-0.1,-1.2,-32.8,327.2,2.41,-1.84,0.03,23.9,75,0,0,1
2026-08-18T02:45:56,1786995956,13.822477,100.512277,19.6,4.07,-0.1,-1.1,-36.0,324.0,2.43,-1.8,0.04,23.9,75,0,0,1
2026-08-18T02:45:57,1786995957,13.822498,100.512261,19.6,4.07,0.1,-1.1,-36.5,323.5,2.43,-1.76,0.04,23.9,75,0,0,1
2026-08-18T02:45:58,1786995958,13.82252,100.512244,19.6,4.06,0.3,-1.0,-35.0,325.0,2.43,-1.76,0.03,23.89,75,AUTO.LOITER,1,1
2026-08-18T02:45:59,1786995959,13.822542,100.512228,19.6,4.05,-0.1,-0.7,-35.5,324.5,2.46,-1.71,0.02,23.89,75,AUTO.LOITER,1,1
2026-08-18T02:46:00,1786995960,13.822564,100.512212,19.6,4.05,0.3,-1.4,-35.9,324.1,2.44,-1.71,0.01,23.88,75,AUTO.LOITER,1,1
2026-08-18T02:46:01,1786995961,13.822586,100.512196,19.6,4.05,0.0,-0.6,-35.6,324.4,2.46,-1.72,0.02,23.88,75,AUTO.LOITER,1,1
2026-08-18T02:46:02,1786995962,13.822608,100.512179,19.6,4.04,0.3,-1.4,-35.6,324.4,2.46,-1.7,0.02,23.87,74,AUTO.LOITER,1,1
2026-08-18T02:46:03,1786995963,13.822623,100.512168,19.3,4.04,0.2,-0.8,-35.7,324.3,2.46,-1.7,0.02,23.87,74,AUTO.LOITER,1,1
2026-08-18T02:46:04,1786995964,13.822652,100.512147,19.6,4.04,0.2,-0.8,-35.7,324.3,2.46,-1.71,0.01,23.86,74,AUTO.LOITER,1,1
2026-08-18T02:46:05,1786995965,13.822652,100.512147,19.6,4.04,0.2,-0.8,-35.7,324.3,2.46,-1.71,0.01,23.86,74,0,0,1
2026-08-18T02:46:06,1786995966,13.822652,100.512147,19.6,4.04,0.4,-0.7,-35.7,324.3,2.46,-1.71,0.01,23.86,74,0,0,1
2026-08-18T02:46:07,1786995967,13.822717,100.512098,19.6,4.02,-0.4,-1.2,-35.7,324.3,2.47,-1.76,0.0,23.85,74,AUTO.LOITER,1,1
2026-08-18T02:46:08,1786995968,13.822733,100.512087,19.2,4.02,-0.0,-0.9,-35.7,324.3,2.47,-1.76,0.0,23.85,74,AUTO.LOITER,1,1
2026-08-18T02:46:09,1786995969,13.822755,100.512071,19.2,4.02,-0.2,-1.0,-35.7,324.3,2.46,-1.74,0.0,23.84,74,AUTO.LOITER,1,1
2026-08-18T02:46:10,1786995970,13.822761,100.512066,19.6,4.02,0.1,-0.7,-35.7,324.3,2.46,-1.77,0.0,23.84,74,0,0,1
2026-08-18T02:46:11,1786995971,13.822783,100.51205,19.6,4.03,0.0,-0.7,-35.7,324.3,2.45,-1.74,0.0,23.84,74,0,0,1
2026-08-18T02:46:12,1786995972,13.822805,100.512034,19.6,4.04,-0.2,-0.6,-35.7,324.3,2.44,-1.72,0.01,23.83,73,0,0,1
2026-08-18T02:46:13,1786995973,13.822827,100.512017,19.6,4.06,0.1,-0.4,-35.7,324.3,2.42,-1.75,0.02,23.83,73,0,0,1
2026-08-18T02:46:14,1786995974,13.822827,100.512017,19.6,4.06,0.1,-0.4,-35.7,324.3,2.42,-1.75,0.02,23.83,73,0,0,1
2026-08-18T02:46:15,1786995975,13.822871,100.511985,19.6,4.06,-0.3,-0.6,-35.8,324.2,2.39,-1.76,0.03,23.83,73,0,0,1
2026-08-18T02:46:16,1786995976,13.822893,100.511969,19.6,4.07,0.2,-1.2,-35.8,324.2,2.42,-1.75,0.03,23.82,73,AUTO.LOITER,1,1
2026-08-18T02:46:17,1786995977,13.822914,100.511952,19.6,4.07,-0.1,-0.5,-35.6,324.4,2.46,-1.75,0.03,23.81,73,AUTO.LOITER,1,1
2026-08-18T02:46:18,1786995978,13.822936,100.511936,19.6,4.07,-0.1,2.0,-35.6,324.4,2.44,-1.74,0.03,23.81,73,AUTO.LOITER,1,1
2026-08-18T02:46:19,1786995979,13.822954,100.511922,19.6,4.08,0.7,4.9,-35.0,325.0,1.58,-1.11,0.05,23.8,73,AUTO.LOITER,1,1
2026-08-18T02:46:20,1786995980,13.822965,100.511915,19.6,4.07,-0.7,3.8,-35.1,324.9,1.01,-0.66,0.04,23.8,73,AUTO.LOITER,1,1
2026-08-18T02:46:21,1786995981,13.822965,100.511915,19.6,4.07,6.4,4.2,-32.4,327.6,1.01,-0.66,0.04,23.8,73,AUTO.LOITER,1,1
2026-08-18T02:46:22,1786995982,13.822965,100.511915,19.6,4.07,6.4,4.2,-32.4,327.6,1.01,-0.66,0.04,23.8,73,AUTO.LOITER,1,1
2026-08-18T02:46:23,1786995983,13.822991,100.511929,19.6,4.08,0.5,15.8,13.2,13.2,-0.36,0.6,0.07,23.79,72,AUTO.LOITER,1,1
2026-08-18T02:46:24,1786995984,13.82298,100.511937,19.6,4.07,6.0,1.3,38.1,38.1,-1.67,1.37,0.0,23.78,72,AUTO.LOITER,1,1
2026-08-18T02:46:25,1786995985,13.822966,100.511949,19.4,4.07,2.8,-0.3,59.5,59.5,-1.67,1.37,0.0,23.78,72,AUTO.LOITER,1,1
2026-08-18T02:46:26,1786995986,13.822946,100.511964,19.4,4.07,4.1,-0.9,85.4,85.4,-2.35,1.99,0.05,23.77,72,AUTO.LOITER,1,1
2026-08-18T02:46:27,1786995987,13.82294,100.511969,19.6,4.07,-0.1,-0.8,111.3,111.3,-2.52,1.87,0.05,23.77,72,0,0,1
2026-08-18T02:46:28,1786995988,13.822919,100.511986,19.6,4.07,1.1,-2.0,135.3,135.3,-2.43,1.94,0.04,23.77,72,0,0,1
2026-08-18T02:46:29,1786995989,13.822898,100.512002,19.6,4.07,-0.2,-1.0,149.3,149.3,-2.51,1.86,0.04,23.76,72,0,0,1
2026-08-18T02:46:30,1786995990,13.822876,100.512019,19.6,4.08,0.7,-1.1,142.1,142.1,-2.47,1.87,0.05,23.76,72,0,0,1
2026-08-18T02:46:31,1786995991,13.822855,100.512036,19.6,4.07,0.3,-0.9,139.5,139.5,-2.49,1.79,0.05,23.75,71,0,0,1
2026-08-18T02:46:32,1786995992,13.822833,100.512052,19.6,4.07,0.1,-0.7,142.4,142.4,-2.45,1.79,0.04,23.75,71,0,0,1
2026-08-18T02:46:33,1786995993,13.822811,100.512069,19.6,4.08,-0.3,-0.8,144.3,144.3,-2.44,1.79,0.05,23.75,71,AUTO.LOITER,1,1
2026-08-18T02:46:34,1786995994,13.82279,100.512086,19.6,4.07,0.3,-0.7,142.6,142.6,-2.39,1.8,0.05,23.74,71,AUTO.LOITER,1,1
2026-08-18T02:46:35,1786995995,13.822768,100.512102,19.6,4.07,0.0,-1.0,142.4,142.4,-2.41,1.78,0.04,23.74,71,0,0,1
2026-08-18T02:46:36,1786995996,13.822746,100.512119,19.6,4.07,0.0,-1.0,142.4,142.4,-2.4,1.8,0.04,23.74,71,AUTO.LOITER,1,1
2026-08-18T02:46:37,1786995997,13.822725,100.512135,19.6,4.07,-0.1,-0.9,143.1,143.1,-2.35,1.79,0.04,23.73,71,AUTO.LOITER,1,1
2026-08-18T02:46:38,1786995998,13.822703,100.512152,19.6,4.07,-0.2,-0.7,143.0,143.0,-2.37,1.82,0.04,23.73,71,AUTO.LOITER,1,1
2026-08-18T02:46:39,1786995999,13.822681,100.512169,19.6,4.08,-0.2,-1.0,143.2,143.2,-2.35,1.83,0.05,23.72,71,AUTO.LOITER,1,1
2026-08-18T02:46:40,1786996000,13.82266,100.512186,19.6,4.07,0.1,-0.7,143.2,143.2,-2.36,1.82,0.04,23.72,70,AUTO.LOITER,1,1
2026-08-18T02:46:41,1786996001,13.822638,100.512202,19.6,4.07,-0.1,-0.7,143.1,143.1,-2.35,1.8,0.04,23.71,70,AUTO.LOITER,1,1
2026-08-18T02:46:42,1786996002,13.822616,100.512219,19.6,4.07,-0.4,-0.8,143.1,143.1,-2.35,1.82,0.04,23.71,70,AUTO.LOITER,1,1
2026-08-18T02:46:43,1786996003,13.8226,100.512231,19.4,4.07,0.0,-0.7,143.1,143.1,-2.35,1.82,0.04,23.7,70,AUTO.LOITER,1,1
2026-08-18T02:46:44,1786996004,13.822579,100.512248,19.4,4.07,-0.0,-1.1,143.1,143.1,-2.32,1.81,0.03,23.7,70,AUTO.LOITER,1,1
2026-08-18T02:46:45,1786996005,13.822557,100.512265,19.4,4.06,0.0,-1.0,143.2,143.2,-2.36,1.8,0.03,23.69,70,AUTO.LOITER,1,1
2026-08-18T02:46:46,1786996006,13.822552,100.512269,19.6,4.06,-0.4,-0.5,143.1,143.1,-2.37,1.79,0.03,23.69,70,0,0,1
2026-08-18T02:46:47,1786996007,13.82253,100.512286,19.6,4.07,-0.1,-1.0,143.1,143.1,-2.31,1.78,0.03,23.69,70,0,0,1
2026-08-18T02:46:48,1786996008,13.822509,100.512302,19.6,4.06,-0.2,-0.9,143.1,143.1,-2.34,1.8,0.03,23.69,70,0,0,1
2026-08-18T02:46:49,1786996009,13.822487,100.512319,19.6,4.05,0.3,-1.1,143.2,143.2,-2.36,1.8,0.02,23.68,70,0,0,1
2026-08-18T02:46:50,1786996010,13.822466,100.512336,19.6,4.06,0.1,-1.0,143.2,143.2,-2.41,1.79,0.03,23.68,69,0,0,1
2026-08-18T02:46:51,1786996011,13.822444,100.512352,19.6,4.06,0.1,-0.9,143.2,143.2,-2.4,1.79,0.03,23.67,69,AUTO.LOITER,1,1
2026-08-18T02:46:52,1786996012,13.822422,100.512368,19.6,4.07,-0.9,-1.1,143.1,143.1,-2.39,1.79,0.04,23.67,69,AUTO.LOITER,1,1
2026-08-18T02:46:53,1786996013,13.822401,100.512385,19.6,4.07,0.3,-0.9,142.9,142.9,-2.37,1.85,0.04,23.66,69,AUTO.LOITER,1,1
2026-08-18T02:46:54,1786996014,13.822379,100.512402,19.6,4.07,-0.1,1.2,143.2,143.2,-2.39,1.8,0.04,23.66,69,AUTO.LOITER,1,1
2026-08-18T02:46:55,1786996015,13.822379,100.512402,19.6,4.07,0.0,5.0,142.8,142.8,-2.39,1.8,0.04,23.66,69,0,0,1
2026-08-18T02:46:56,1786996016,13.822379,100.512402,19.6,4.07,-2.0,3.9,142.1,142.1,-2.39,1.8,0.04,23.66,69,0,0,1
2026-08-18T02:46:57,1786996017,13.822348,100.512432,19.7,4.11,-9.0,-0.9,132.4,132.4,0.58,1.12,0.07,23.65,69,AUTO.LOITER,1,1
2026-08-18T02:46:58,1786996018,13.822355,100.512448,19.6,4.09,0.9,-5.7,117.7,117.7,0.47,1.9,0.06,23.64,69,AUTO.LOITER,1,1
2026-08-18T02:46:59,1786996019,13.822359,100.512455,19.6,4.08,-6.7,13.5,83.8,83.8,0.83,-0.25,0.08,23.64,68,AUTO.LOITER,1,1
2026-08-18T02:47:00,1786996020,13.82237,100.512446,19.6,4.08,-8.0,0.4,62.2,62.2,1.87,-1.18,0.0,23.63,68,AUTO.LOITER,1,1
2026-08-18T02:47:01,1786996021,13.822386,100.512435,19.5,4.08,-1.0,-1.0,38.9,38.9,1.87,-1.18,0.0,23.63,68,AUTO.LOITER,1,1
2026-08-18T02:47:02,1786996022,13.822406,100.512421,19.5,4.08,-4.0,-1.8,12.8,12.8,2.56,-1.63,0.06,23.62,68,AUTO.LOITER,1,1
2026-08-18T02:47:03,1786996023,13.822428,100.512404,19.5,4.1,-1.6,-2.3,-0.1,359.9,2.53,-1.81,0.08,23.62,68,AUTO.LOITER,1,1
2026-08-18T02:47:04,1786996024,13.822434,100.5124,19.7,4.11,-1.6,-2.3,-0.1,359.9,2.54,-1.76,0.08,23.62,68,AUTO.LOITER,1,1
2026-08-18T02:47:05,1786996025,13.822456,100.512384,19.7,4.12,-0.3,-1.1,-40.5,319.5,2.53,-1.8,0.08,23.62,68,AUTO.LOITER,1,1
2026-08-18T02:47:06,1786996026,13.822478,100.512368,19.7,4.12,-0.6,-1.4,-32.4,327.6,2.49,-1.81,0.1,23.61,68,0,0,1
2026-08-18T02:47:07,1786996027,13.8225,100.512352,19.7,4.12,-0.1,-1.1,-34.3,325.7,2.45,-1.84,0.09,23.61,68,0,0,1
2026-08-18T02:47:08,1786996028,13.822522,100.512336,19.7,4.12,0.1,-1.3,-36.3,323.7,2.44,-1.82,0.09,23.6,67,0,0,1
2026-08-18T02:47:09,1786996029,13.822544,100.512319,19.7,4.12,0.2,-0.6,-36.3,323.7,2.44,-1.77,0.09,23.6,67,0,0,1
2026-08-18T02:47:10,1786996030,13.822566,100.512303,19.7,4.1,-0.1,-1.2,-35.0,325.0,2.39,-1.74,0.08,23.59,67,0,0,1
2026-08-18T02:47:11,1786996031,13.822587,100.512286,19.6,4.09,-0.0,-0.9,-35.6,324.4,2.43,-1.73,0.06,23.59,67,AUTO.LOITER,1,1
2026-08-18T02:47:12,1786996032,13.82261,100.51227,19.6,4.08,0.1,-1.0,-35.9,324.1,2.39,-1.72,0.05,23.59,67,AUTO.LOITER,1,1
2026-08-18T02:47:13,1786996033,13.822631,100.512254,19.6,4.08,0.2,-1.2,-35.6,324.4,2.41,-1.71,0.05,23.58,67,AUTO.LOITER,1,1
2026-08-18T02:47:14,1786996034,13.822653,100.512237,19.6,4.09,0.0,-1.0,-35.6,324.4,2.4,-1.69,0.06,23.58,67,AUTO.LOITER,1,1
2026-08-18T02:47:15,1786996035,13.822675,100.512221,19.6,4.08,-0.0,-0.9,-35.8,324.2,2.43,-1.71,0.05,23.57,67,AUTO.LOITER,1,1
2026-08-18T02:47:16,1786996036,13.822697,100.512205,19.6,4.08,0.0,-1.4,-35.7,324.3,2.39,-1.72,0.05,23.57,67,AUTO.LOITER,1,1
2026-08-18T02:47:17,1786996037,13.822719,100.512189,19.6,4.07,0.1,-1.3,-35.7,324.3,2.41,-1.74,0.04,23.57,66,AUTO.LOITER,1,1
2026-08-18T02:47:18,1786996038,13.822741,100.512173,19.6,4.08,0.1,-1.3,-35.7,324.3,2.4,-1.75,0.05,23.56,66,AUTO.LOITER,1,1
2026-08-18T02:47:19,1786996039,13.822757,100.512161,19.4,4.08,0.3,-1.4,-35.7,324.3,2.4,-1.75,0.05,23.56,66,AUTO.LOITER,1,1
2026-08-18T02:47:20,1786996040,13.822779,100.512145,19.4,4.08,0.3,-1.4,-35.7,324.3,2.4,-1.75,0.05,23.55,66,AUTO.LOITER,1,1
2026-08-18T02:47:21,1786996041,13.822801,100.512128,19.4,4.08,-0.0,-1.3,-35.8,324.2,2.4,-1.75,0.05,23.55,66,AUTO.LOITER,1,1
2026-08-18T02:47:22,1786996042,13.822807,100.512124,19.6,4.08,0.2,-1.3,-35.8,324.2,2.41,-1.75,0.05,23.55,66,0,0,1
2026-08-18T02:47:23,1786996043,13.822828,100.512108,19.6,4.1,0.2,-1.3,-35.7,324.3,2.42,-1.72,0.06,23.54,66,0,0,1
2026-08-18T02:47:24,1786996044,13.82285,100.512092,19.6,4.1,-0.3,-1.3,-35.7,324.3,2.46,-1.71,0.07,23.54,66,0,0,1
2026-08-18T02:47:25,1786996045,13.822872,100.512075,19.7,4.11,0.4,-1.2,-35.7,324.3,2.43,-1.74,0.08,23.53,66,0,0,1
2026-08-18T02:47:26,1786996046,13.822894,100.512059,19.7,4.11,-0.1,-1.4,-35.7,324.3,2.45,-1.72,0.07,23.53,66,0,0,1
2026-08-18T02:47:27,1786996047,13.822916,100.512043,19.7,4.13,0.3,-1.1,-35.7,324.3,2.45,-1.75,0.1,23.53,65,0,0,1
2026-08-18T02:47:28,1786996048,13.822938,100.512027,19.7,4.13,-0.1,-1.4,-35.6,324.4,2.44,-1.7,0.1,23.52,65,0,0,1
2026-08-18T02:47:29,1786996049,13.82296,100.512011,19.7,4.13,-0.2,-1.4,-35.7,324.3,2.44,-1.74,0.1,23.52,65,AUTO.LOITER,1,1
2026-08-18T02:47:30,1786996050,13.822981,100.511994,19.7,4.14,-0.2,4.0,-35.6,324.4,2.44,-1.73,0.11,23.51,65,AUTO.LOITER,1,1
2026-08-18T02:47:31,1786996051,13.822999,100.511982,19.7,4.14,0.1,4.2,-35.2,324.8,1.47,-1.03,0.12,23.51,65,AUTO.LOITER,1,1
2026-08-18T02:47:32,1786996052,13.823009,100.511974,19.7,4.14,6.6,3.8,-35.2,324.8,0.94,-0.6,0.09,23.5,65,AUTO.LOITER,1,1
2026-08-18T02:47:33,1786996053,13.823018,100.511977,19.7,4.15,6.6,-4.5,-21.5,338.5,0.98,1.09,0.1,23.5,65,AUTO.LOITER,1,1
2026-08-18T02:47:34,1786996054,13.823031,100.511987,19.7,4.14,-4.2,-0.6,-4.8,355.2,1.23,0.76,0.08,23.5,65,AUTO.LOITER,1,1
2026-08-18T02:47:35,1786996055,13.82303,100.511992,19.7,4.13,10.4,10.7,27.4,27.4,-1.07,0.8,0.15,23.49,65,AUTO.LOITER,1,1
2026-08-18T02:47:36,1786996056,13.823015,100.512003,19.7,4.13,13.2,0.8,48.6,48.6,-2.31,1.82,0.12,23.49,64,AUTO.LOITER,1,1
2026-08-18T02:47:37,1786996057,13.823,100.512016,19.6,4.13,-1.5,1.8,72.2,72.2,-2.31,1.82,0.12,23.48,64,AUTO.LOITER,1,1
2026-08-18T02:47:38,1786996058,13.822979,100.512031,19.6,4.12,1.9,-2.8,98.6,98.6,-2.29,1.74,0.1,23.48,64,AUTO.LOITER,1,1
2026-08-18T02:47:39,1786996059,13.822958,100.512049,19.6,4.11,0.4,-0.9,123.4,123.4,-2.5,1.87,0.09,23.47,64,AUTO.LOITER,1,1
2026-08-18T02:47:40,1786996060,13.822952,100.512053,19.7,4.12,0.5,-1.2,145.2,145.2,-2.4,1.86,0.09,23.47,64,0,0,1
2026-08-18T02:47:41,1786996061,13.82293,100.51207,19.7,4.11,-0.4,-1.2,146.7,146.7,-2.45,1.79,0.07,23.47,64,0,0,1
2026-08-18T02:47:42,1786996062,13.822908,100.512087,19.7,4.12,-0.4,-1.2,146.7,146.7,-2.42,1.8,0.1,23.46,64,AUTO.LOITER,1,1
2026-08-18T02:47:43,1786996063,13.822887,100.512103,19.7,4.13,0.2,-0.7,142.3,142.3,-2.41,1.8,0.1,23.46,64,0,0,1
2026-08-18T02:47:44,1786996064,13.822865,100.51212,19.7,4.14,-0.3,-1.3,144.3,144.3,-2.39,1.77,0.11,23.46,64,0,0,1
2026-08-18T02:47:45,1786996065,13.822843,100.512137,19.7,4.14,-0.4,-1.0,143.4,143.4,-2.39,1.79,0.11,23.45,64,0,0,1
2026-08-18T02:47:46,1786996066,13.822822,100.512154,19.7,4.14,0.5,-1.3,142.4,142.4,-2.38,1.79,0.11,23.45,63,0,0,1
2026-08-18T02:47:47,1786996067,13.8228,100.51217,19.7,4.12,-0.4,-1.1,143.2,143.2,-2.42,1.79,0.09,23.44,63,AUTO.LOITER,1,1
2026-08-18T02:47:48,1786996068,13.822779,100.512187,19.7,4.12,0.1,-1.2,143.3,143.3,-2.4,1.82,0.09,23.44,63,AUTO.LOITER,1,1
2026-08-18T02:47:49,1786996069,13.822757,100.512203,19.7,4.13,-0.1,-0.9,143.0,143.0,-2.42,1.82,0.1,23.43,63,AUTO.LOITER,1,1
2026-08-18T02:47:50,1786996070,13.822735,100.51222,19.7,4.12,-0.1,-1.0,143.1,143.1,-2.38,1.78,0.09,23.43,63,AUTO.LOITER,1,1
2026-08-18T02:47:51,1786996071,13.822714,100.512237,19.7,4.13,-0.0,-1.1,143.2,143.2,-2.39,1.8,0.1,23.43,63,AUTO.LOITER,1,1
2026-08-18T02:47:52,1786996072,13.822692,100.512253,19.7,4.14,-0.3,-0.9,143.1,143.1,-2.4,1.81,0.1,23.42,63,AUTO.LOITER,1,1
2026-08-18T02:47:53,1786996073,13.822671,100.51227,19.7,4.13,-0.1,-0.7,143.1,143.1,-2.36,1.8,0.1,23.42,63,AUTO.LOITER,1,1
2026-08-18T02:47:54,1786996074,13.822649,100.512287,19.7,4.13,0.0,-1.0,143.1,143.1,-2.38,1.8,0.1,23.41,63,AUTO.LOITER,1,1
2026-08-18T02:47:55,1786996075,13.822627,100.512303,19.7,4.13,-0.1,-0.8,143.1,143.1,-2.36,1.79,0.1,23.41,62,AUTO.LOITER,1,1
2026-08-18T02:47:56,1786996076,13.822612,100.512316,19.7,4.13,0.1,-1.0,143.1,143.1,-2.36,1.79,0.1,23.41,62,AUTO.LOITER,1,1
2026-08-18T02:47:57,1786996077,13.82259,100.512333,19.7,4.13,0.5,-0.8,143.1,143.1,-2.36,1.79,0.1,23.4,62,AUTO.LOITER,1,1
2026-08-18T02:47:58,1786996078,13.822584,100.512337,19.7,4.14,-0.2,-0.8,143.2,143.2,-2.41,1.78,0.11,23.4,62,0,0,1
2026-08-18T02:47:59,1786996079,13.822563,100.512353,19.7,4.15,-0.3,-1.0,143.1,143.1,-2.39,1.78,0.12,23.4,62,0,0,1
2026-08-18T02:48:00,1786996080,13.822541,100.51237,19.7,4.16,0.1,-1.1,143.1,143.1,-2.38,1.81,0.12,23.39,62,0,0,1
2026-08-18T02:48:01,1786996081,13.82252,100.512387,19.7,4.17,-0.3,-0.9,143.2,143.2,-2.41,1.79,0.14,23.39,62,0,0,1
2026-08-18T02:48:02,1786996082,13.822498,100.512403,19.7,4.16,0.1,-0.8,143.1,143.1,-2.39,1.82,0.13,23.38,62,0,0,1
2026-08-18T02:48:03,1786996083,13.822476,100.51242,19.7,4.16,-0.3,-0.8,143.2,143.2,-2.4,1.78,0.13,23.38,62,0,0,1
2026-08-18T02:48:04,1786996084,13.822455,100.512437,19.7,4.15,-0.0,-0.6,143.1,143.1,-2.37,1.78,0.12,23.37,62,0,0,1
2026-08-18T02:48:05,1786996085,13.822433,100.512453,19.7,4.14,-0.2,-0.9,143.1,143.1,-2.36,1.78,0.11,23.37,61,AUTO.LOITER,1,1
2026-08-18T02:48:06,1786996086,13.822433,100.512453,19.7,4.14,-0.2,-0.9,143.1,143.1,-2.36,1.78,0.11,23.37,61,0,0,1
2026-08-18T02:48:07,1786996087,13.822398,100.51248,19.7,4.15,-0.0,5.2,142.9,142.9,-1.19,0.9,0.13,23.37,61,0,0,1
2026-08-18T02:48:08,1786996088,13.822398,100.51248,19.7,4.15,-0.1,3.8,143.0,143.0,-1.19,0.9,0.13,23.37,61,AUTO.LOITER,1,1
2026-08-18T02:48:09,1786996089,13.822394,100.512497,19.7,4.15,-3.3,-6.7,125.8,125.8,0.92,1.56,0.08,23.37,61,AUTO.LOITER,1,1
2026-08-18T02:48:10,1786996090,13.822399,100.512514,19.7,4.13,-3.3,14.4,90.8,90.8,0.34,1.19,0.07,23.35,61,AUTO.LOITER,1,1
2026-08-18T02:48:11,1786996091,13.822404,100.512512,19.7,4.12,-5.4,0.2,67.4,67.4,0.99,-0.73,0.11,23.34,61,AUTO.LOITER,1,1
2026-08-18T02:48:12,1786996092,13.822419,100.512502,19.7,4.11,-6.5,0.2,44.9,44.9,2.48,-1.62,0.11,23.34,61,AUTO.LOITER,1,1
2026-08-18T02:48:13,1786996093,13.822441,100.512486,19.6,4.08,1.1,0.5,32.4,32.4,2.41,-1.65,0.05,23.34,61,AUTO.LOITER,1,1
2026-08-18T02:48:14,1786996094,13.822456,100.512475,19.5,4.08,-2.3,-2.3,6.2,6.2,2.41,-1.65,0.05,23.33,60,AUTO.LOITER,1,1
2026-08-18T02:48:15,1786996095,13.822462,100.512471,19.6,4.08,-0.5,-1.2,-6.4,353.6,2.56,-1.79,0.06,23.33,60,0,0,1
2026-08-18T02:48:16,1786996096,13.822462,100.512471,19.6,4.08,-0.5,-1.2,-6.4,353.6,2.56,-1.79,0.06,23.33,60,0,0,1
2026-08-18T02:48:17,1786996097,13.822462,100.512471,19.6,4.08,-0.2,-0.9,-41.7,318.3,2.56,-1.79,0.06,23.33,60,0,0,1
2026-08-18T02:48:18,1786996098,13.822528,100.512422,19.6,4.06,-0.5,-1.4,-33.7,326.3,2.46,-1.77,0.04,23.33,60,0,0,1
2026-08-18T02:48:19,1786996099,13.82255,100.512406,19.6,4.04,-0.0,-1.1,-35.4,324.6,2.49,-1.77,0.01,23.33,60,AUTO.LOITER,1,1
2026-08-18T02:48:20,1786996100,13.822572,100.512389,19.6,4.04,-0.3,-1.0,-36.7,323.3,2.49,-1.73,0.01,23.31,60,0,0,1
2026-08-18T02:48:21,1786996101,13.822594,100.512373,19.6,4.04,-0.4,-0.9,-35.8,324.2,2.45,-1.72,0.01,23.3,60,0,0,1
2026-08-18T02:48:22,1786996102,13.822616,100.512357,19.6,4.04,-0.5,-1.1,-35.0,325.0,2.42,-1.73,0.01,23.3,60,0,0,1
2026-08-18T02:48:23,1786996103,13.822638,100.512341,19.6,4.04,-0.3,-1.0,-35.8,324.2,2.4,-1.74,0.01,23.3,60,0,0,1
2026-08-18T02:48:24,1786996104,13.82266,100.512325,19.6,4.06,-0.4,-1.2,-35.8,324.2,2.4,-1.71,0.02,23.29,59,AUTO.LOITER,1,1
2026-08-18T02:48:25,1786996105,13.822682,100.512308,19.6,4.04,-0.1,-1.1,-35.6,324.4,2.39,-1.74,0.01,23.29,59,AUTO.LOITER,1,1
2026-08-18T02:48:26,1786996106,13.822703,100.512292,19.6,4.04,-0.2,-1.1,-35.7,324.3,2.41,-1.68,0.01,23.28,59,AUTO.LOITER,1,1
2026-08-18T02:48:27,1786996107,13.822725,100.512276,19.6,4.04,-0.5,-1.5,-35.7,324.3,2.42,-1.69,0.01,23.28,59,AUTO.LOITER,1,1
2026-08-18T02:48:28,1786996108,13.822747,100.512259,19.6,4.04,-0.2,-0.7,-35.7,324.3,2.41,-1.72,0.01,23.27,59,AUTO.LOITER,1,1
2026-08-18T02:48:29,1786996109,13.822769,100.512243,19.6,4.05,-0.6,-1.3,-35.7,324.3,2.37,-1.7,0.01,23.27,59,AUTO.LOITER,1,1
2026-08-18T02:48:30,1786996110,13.822791,100.512227,19.6,4.07,-0.4,-1.2,-35.7,324.3,2.4,-1.71,0.03,23.27,59,AUTO.LOITER,1,1
2026-08-18T02:48:31,1786996111,13.822813,100.512211,19.6,4.08,-0.8,-1.0,-35.7,324.3,2.38,-1.73,0.05,23.26,59,AUTO.LOITER,1,1
2026-08-18T02:48:32,1786996112,13.822835,100.512195,19.6,4.07,-0.1,-1.4,-35.7,324.3,2.41,-1.71,0.04,23.26,59,AUTO.LOITER,1,1
2026-08-18T02:48:33,1786996113,13.822857,100.512178,19.6,4.05,-0.4,-1.4,-35.7,324.3,2.43,-1.72,0.02,23.25,58,AUTO.LOITER,1,1
2026-08-18T02:48:34,1786996114,13.822873,100.512166,19.4,4.05,-0.4,-1.4,-35.7,324.3,2.43,-1.72,0.02,23.25,58,AUTO.LOITER,1,1
2026-08-18T02:48:35,1786996115,13.822895,100.512151,19.5,4.05,-0.6,-1.3,-35.7,324.3,2.44,-1.7,0.02,23.25,58,AUTO.LOITER,1,1
2026-08-18T02:48:36,1786996116,13.822916,100.512135,19.5,4.05,-0.4,-1.5,-35.7,324.3,2.42,-1.72,0.02,23.24,58,AUTO.LOITER,1,1
2026-08-18T02:48:37,1786996117,13.822922,100.51213,19.6,4.08,-0.5,-1.6,-35.7,324.3,2.43,-1.72,0.04,23.24,58,0,0,1
2026-08-18T02:48:38,1786996118,13.822944,100.512114,19.6,4.07,-0.4,-1.0,-35.7,324.3,2.43,-1.76,0.04,23.24,58,0,0,1
2026-08-18T02:48:39,1786996119,13.822944,100.512114,19.6,4.07,-0.5,-1.4,-35.7,324.3,2.43,-1.76,0.04,23.24,58,0,0,1
2026-08-18T02:48:40,1786996120,13.822982,100.512086,19.4,4.07,-0.7,-1.4,-35.8,324.2,2.43,-1.76,0.04,23.23,58,0,0,1
2026-08-18T02:48:41,1786996121,13.82301,100.512065,19.6,4.05,-0.7,-1.4,-35.8,324.2,2.43,-1.77,0.02,23.23,58,0,0,1
2026-08-18T02:48:42,1786996122,13.823031,100.512049,19.6,4.04,-0.6,6.8,-35.8,324.2,2.16,-1.57,0.0,23.22,58,AUTO.LOITER,1,1
2026-08-18T02:48:43,1786996123,13.823045,100.512039,19.6,4.03,-0.3,2.9,-35.1,324.9,1.24,-0.85,0.0,23.21,57,AUTO.LOITER,1,1
2026-08-18T02:48:44,1786996124,13.823054,100.512033,19.6,4.04,10.1,6.1,-34.9,325.1,0.88,-0.29,-0.02,23.21,57,AUTO.LOITER,1,1
2026-08-18T02:48:45,1786996125,13.823063,100.512039,19.6,4.05,4.0,-6.2,-18.6,341.4,1.21,1.24,-0.02,23.21,57,AUTO.LOITER,1,1
2026-08-18T02:48:46,1786996126,13.823077,100.512048,19.6,4.06,2.4,15.3,16.3,16.3,0.8,0.62,0.0,23.2,57,AUTO.LOITER,1,1
2026-08-18T02:48:47,1786996127,13.823075,100.512051,19.3,4.06,6.6,1.8,40.3,40.3,0.8,0.62,0.0,23.2,57,AUTO.LOITER,1,1
2026-08-18T02:48:48,1786996128,13.823055,100.512067,19.6,4.01,13.4,0.4,50.4,50.4,-2.54,1.94,0.01,23.19,57,AUTO.LOITER,1,1
2026-08-18T02:48:49,1786996129,13.823035,100.512084,19.6,4.01,0.7,1.7,74.6,74.6,-2.48,1.65,0.0,23.19,57,AUTO.LOITER,1,1
2026-08-18T02:48:50,1786996130,13.823014,100.512101,19.6,4.01,0.8,-1.3,101.4,101.4,-2.53,1.69,-0.01,23.18,57,AUTO.LOITER,1,1
2026-08-18T02:48:51,1786996131,13.822992,100.512117,19.6,4.01,0.8,-0.9,125.8,125.8,-2.5,1.65,0.0,23.18,57,AUTO.LOITER,1,1
2026-08-18T02:48:52,1786996132,13.822976,100.512131,19.3,4.01,-0.2,-1.1,146.6,146.6,-2.5,1.65,0.0,23.18,56,AUTO.LOITER,1,1
2026-08-18T02:48:53,1786996133,13.822954,100.512147,19.3,4.02,-0.2,-0.7,146.0,146.0,-2.44,1.65,-0.01,23.17,56,AUTO.LOITER,1,1
2026-08-18T02:48:54,1786996134,13.822932,100.512163,19.3,4.01,-0.1,-1.2,139.4,139.4,-2.36,1.64,0.0,23.17,56,AUTO.LOITER,1,1
2026-08-18T02:48:55,1786996135,13.822926,100.512167,19.6,4.01,-0.5,-1.2,142.8,142.8,-2.36,1.66,0.0,23.17,56,0,0,1
2026-08-18T02:48:56,1786996136,13.822904,100.512184,19.6,4.0,-0.3,-1.5,144.2,144.2,-2.34,1.7,-0.01,23.17,56,0,0,1
2026-08-18T02:48:57,1786996137,13.822883,100.5122,19.6,4.02,-0.5,-2.0,142.6,142.6,-2.35,1.74,-0.01,23.17,56,0,0,1
2026-08-18T02:48:58,1786996138,13.822862,100.512216,19.6,4.03,-0.3,-1.6,142.9,142.9,-2.42,1.78,0.0,23.15,56,0,0,1
2026-08-18T02:48:59,1786996139,13.82284,100.512233,19.6,4.03,-0.1,-1.6,143.3,143.3,-2.42,1.79,0.0,23.15,56,0,0,1
2026-08-18T02:49:00,1786996140,13.822819,100.51225,19.6,4.03,-0.6,-1.9,143.4,143.4,-2.45,1.76,0.0,23.14,56,AUTO.LOITER,1,1
2026-08-18T02:49:01,1786996141,13.822797,100.512266,19.6,4.04,-0.5,-1.9,143.1,143.1,-2.45,1.82,0.01,23.14,56,AUTO.LOITER,1,1
2026-08-18T02:49:02,1786996142,13.822776,100.512283,19.6,4.05,-0.2,-1.7,143.2,143.2,-2.46,1.83,0.02,23.14,55,AUTO.LOITER,1,1
2026-08-18T02:49:03,1786996143,13.822754,100.512299,19.6,4.05,-0.3,-1.7,143.3,143.3,-2.47,1.8,0.02,23.13,55,AUTO.LOITER,1,1
2026-08-18T02:49:04,1786996144,13.822733,100.512316,19.6,4.05,-0.2,-1.3,143.2,143.2,-2.45,1.81,0.03,23.13,55,AUTO.LOITER,1,1
2026-08-18T02:49:05,1786996145,13.822711,100.512333,19.6,4.05,-0.2,-1.3,143.2,143.2,-2.43,1.77,0.02,23.13,55,AUTO.LOITER,1,1
2026-08-18T02:49:06,1786996146,13.822689,100.512349,19.6,4.05,-0.2,-1.3,143.2,143.2,-2.41,1.81,0.02,23.13,55,0,0,1
2026-08-18T02:49:07,1786996147,13.822668,100.512366,19.6,4.05,-0.6,-1.8,143.2,143.2,-2.42,1.79,0.02,23.11,55,AUTO.LOITER,1,1
2026-08-18T02:49:08,1786996148,13.822646,100.512382,19.6,4.04,-0.7,-1.6,143.2,143.2,-2.41,1.83,0.01,23.11,55,AUTO.LOITER,1,1
2026-08-18T02:49:09,1786996149,13.822625,100.512399,19.6,4.06,-0.0,-1.5,143.2,143.2,-2.43,1.79,0.03,23.11,55,AUTO.LOITER,1,1
2026-08-18T02:49:10,1786996150,13.822608,100.512411,19.4,4.06,-0.8,-1.5,143.3,143.3,-2.43,1.79,0.03,23.1,55,AUTO.LOITER,1,1
2026-08-18T02:49:11,1786996151,13.822587,100.512427,19.4,4.06,-0.5,-1.3,143.1,143.1,-2.42,1.8,0.04,23.1,54,AUTO.LOITER,1,1
2026-08-18T02:49:12,1786996152,13.822565,100.512445,19.5,4.06,-0.5,-1.7,143.1,143.1,-2.37,1.81,0.03,23.09,54,AUTO.LOITER,1,1
2026-08-18T02:49:13,1786996153,13.822559,100.512449,19.6,4.07,-0.4,-1.0,143.2,143.2,-2.4,1.82,0.04,23.09,54,0,0,1
2026-08-18T02:49:14,1786996154,13.822538,100.512466,19.6,4.07,-0.4,-1.5,143.1,143.1,-2.36,1.8,0.04,23.09,54,0,0,1
2026-08-18T02:49:15,1786996155,13.822516,100.512482,19.6,4.07,-0.4,-2.0,143.2,143.2,-2.39,1.81,0.03,23.09,54,0,0,1
2026-08-18T02:49:16,1786996156,13.822495,100.512499,19.6,4.08,-0.4,-1.3,143.2,143.2,-2.43,1.84,0.05,23.08,54,0,0,1
2026-08-18T02:49:17,1786996157,13.822473,100.512516,19.6,4.09,-0.5,-1.5,143.2,143.2,-2.41,1.81,0.06,23.08,54,0,0,1
2026-08-18T02:49:18,1786996158,13.822453,100.512532,19.7,4.11,-0.3,6.6,143.2,143.2,-1.97,1.5,0.08,23.07,54,0,0,1
2026-08-18T02:49:19,1786996159,13.82244,100.512541,19.7,4.1,-0.9,2.6,143.1,143.1,-1.17,0.85,0.08,23.07,54,AUTO.LOITER,1,1
2026-08-18T02:49:20,1786996160,13.822432,100.512548,19.7,4.12,-11.1,7.1,138.6,138.6,-0.22,0.83,0.04,23.06,54,AUTO.LOITER,1,1
2026-08-18T02:49:21,1786996161,13.822438,100.512561,19.7,4.13,1.7,-4.8,115.2,115.2,0.86,1.8,0.09,23.06,53,AUTO.LOITER,1,1
2026-08-18T02:49:22,1786996162,13.822442,100.512575,19.7,4.12,-7.2,12.5,82.1,82.1,0.5,0.7,0.07,23.05,53,AUTO.LOITER,1,1
2026-08-18T02:49:23,1786996163,13.82245,100.512571,19.6,4.07,-8.9,-0.4,61.0,61.0,1.11,-0.83,0.05,23.05,53,AUTO.LOITER,1,1
2026-08-18T02:49:24,1786996164,13.822468,100.512558,19.6,4.08,0.6,-0.6,37.2,37.2,2.59,-1.78,0.09,23.05,53,AUTO.LOITER,1,1
2026-08-18T02:49:25,1786996165,13.82249,100.512542,19.6,4.08,-0.2,0.5,24.2,24.2,2.32,-1.62,0.06,23.04,53,AUTO.LOITER,1,1
2026-08-18T02:49:26,1786996166,13.822512,100.512526,19.6,4.09,-0.0,-1.3,-14.0,346.0,2.48,-1.75,0.06,23.04,53,AUTO.LOITER,1,1
2026-08-18T02:49:27,1786996167,13.822534,100.512509,19.7,4.1,-0.0,-0.9,-26.0,334.0,2.45,-1.67,0.07,23.03,53,AUTO.LOITER,1,1
2026-08-18T02:49:28,1786996168,13.822555,100.512493,19.7,4.12,0.6,-1.4,-41.6,318.4,2.48,-1.65,0.08,23.03,53,AUTO.LOITER,1,1
2026-08-18T02:49:29,1786996169,13.822571,100.512481,19.6,4.12,-0.3,-1.5,-35.2,324.8,2.48,-1.65,0.08,23.02,53,AUTO.LOITER,1,1
2026-08-18T02:49:30,1786996170,13.822593,100.512465,19.7,4.12,-0.2,-1.5,-32.3,327.7,2.49,-1.66,0.1,23.02,52,AUTO.LOITER,1,1
2026-08-18T02:49:31,1786996171,13.822599,100.512461,19.7,4.13,-0.3,-1.5,-36.5,323.5,2.49,-1.68,0.1,23.02,52,0,0,1
2026-08-18T02:49:32,1786996172,13.822621,100.512445,19.7,4.14,-0.5,-0.8,-36.2,323.8,2.49,-1.69,0.11,23.02,52,0,0,1
2026-08-18T02:49:33,1786996173,13.822643,100.512428,19.7,4.12,-0.3,-1.6,-34.9,325.1,2.42,-1.7,0.1,23.01,52,0,0,1
2026-08-18T02:49:34,1786996174,13.822665,100.512412,19.7,4.13,-1.1,-1.5,-35.7,324.3,2.45,-1.69,0.09,23.01,52,0,0,1
2026-08-18T02:49:35,1786996175,13.822687,100.512396,19.7,4.13,-0.5,-1.4,-36.0,324.0,2.42,-1.77,0.1,23.0,52,0,0,1
2026-08-18T02:49:36,1786996176,13.822709,100.51238,19.7,4.12,-0.7,-1.2,-35.8,324.2,2.43,-1.75,0.09,23.0,52,0,0,1
2026-08-18T02:49:37,1786996177,13.822731,100.512364,19.7,4.12,-0.7,-1.4,-35.6,324.4,2.39,-1.73,0.08,22.99,52,0,0,1
2026-08-18T02:49:38,1786996178,13.822747,100.512351,19.5,4.12,-0.1,-1.3,-35.8,324.2,2.39,-1.73,0.08,22.99,52,AUTO.LOITER,1,1
2026-08-18T02:49:39,1786996179,13.822775,100.512331,19.6,4.07,-0.1,-1.3,-35.8,324.2,2.43,-1.72,0.04,22.99,52,0,0,1
2026-08-18T02:49:40,1786996180,13.822797,100.512315,19.6,4.07,-0.1,-1.3,-35.8,324.2,2.41,-1.77,0.04,22.99,52,0,0,1
2026-08-18T02:49:41,1786996181,13.822819,100.512299,19.6,4.04,-0.4,-1.2,-35.8,324.2,2.39,-1.76,0.01,22.98,51,AUTO.LOITER,1,1
2026-08-18T02:49:42,1786996182,13.82284,100.512283,19.6,4.03,-0.9,-1.6,-35.8,324.2,2.4,-1.76,0.0,22.97,51,AUTO.LOITER,1,1
2026-08-18T02:49:43,1786996183,13.822863,100.512266,19.6,4.03,-0.7,-1.0,-35.8,324.2,2.37,-1.79,0.0,22.97,51,AUTO.LOITER,1,1
2026-08-18T02:49:44,1786996184,13.822884,100.51225,19.6,4.02,-0.3,-1.2,-35.8,324.2,2.39,-1.78,0.0,22.96,51,AUTO.LOITER,1,1
2026-08-18T02:49:45,1786996185,13.822906,100.512234,19.6,4.04,-0.7,-1.5,-35.8,324.2,2.42,-1.78,0.0,22.96,51,AUTO.LOITER,1,1
2026-08-18T02:49:46,1786996186,13.822928,100.512218,19.6,4.03,-0.6,-0.8,-35.8,324.2,2.4,-1.76,0.0,22.95,51,AUTO.LOITER,1,1
2026-08-18T02:49:47,1786996187,13.82295,100.512202,19.6,4.02,-0.6,-1.7,-35.8,324.2,2.35,-1.87,-0.03,22.95,51,0,0,1
2026-08-18T02:49:48,1786996188,13.82295,100.512202,19.6,4.02,-13.0,7.5,-42.5,317.5,2.35,-1.87,-0.03,22.95,51,0,0,1
2026-08-18T02:49:49,1786996189,13.822961,100.51218,19.6,4.03,-11.4,3.1,-53.1,306.9,0.26,-2.56,-0.02,22.95,51,0,0,1
2026-08-18T02:49:50,1786996190,13.822954,100.512135,19.4,4.03,-1.8,-1.6,-100.8,259.2,0.26,-2.56,-0.02,22.94,50,AUTO.LOITER,1,1
2026-08-18T02:49:51,1786996191,13.822952,100.512127,19.6,4.03,-0.5,-1.6,-108.7,251.3,-0.61,-2.96,0.0,22.94,50,AUTO.LOITER,1,1
2026-08-18T02:49:52,1786996192,13.822946,100.512101,19.6,4.02,-0.1,-2.2,-99.5,260.5,-0.71,-2.99,0.0,22.93,50,0,0,1
2026-08-18T02:49:53,1786996193,13.82294,100.512074,19.6,4.01,-0.5,-1.1,-100.3,259.7,-0.63,-3.03,-0.01,22.93,50,0,0,1
2026-08-18T02:49:54,1786996194,13.822934,100.512047,19.6,4.01,-0.6,-1.1,-102.7,257.3,-0.61,-3.0,0.0,22.93,50,0,0,1
2026-08-18T02:49:55,1786996195,13.822928,100.512019,19.6,4.01,-0.6,-1.1,-103.3,256.7,-0.61,-2.94,-0.01,22.92,50,AUTO.LOITER,1,1
2026-08-18T02:49:56,1786996196,13.822922,100.511992,19.6,4.0,0.1,-1.4,-101.6,258.4,-0.58,-2.93,-0.02,22.92,50,AUTO.LOITER,1,1
2026-08-18T02:49:57,1786996197,13.822916,100.511965,19.5,3.99,-0.7,-0.8,-102.1,257.9,-0.56,-2.92,-0.03,22.91,50,AUTO.LOITER,1,1
2026-08-18T02:49:58,1786996198,13.822911,100.511938,19.5,4.0,-0.6,-1.4,-102.7,257.3,-0.6,-2.88,-0.02,22.91,50,AUTO.LOITER,1,1
2026-08-18T02:49:59,1786996199,13.822905,100.51191,19.6,4.01,-0.6,-1.2,-102.4,257.6,-0.61,-2.88,-0.01,22.9,49,AUTO.LOITER,1,1
2026-08-18T02:50:00,1786996200,13.822899,100.511883,19.6,4.01,-0.7,-1.2,-102.3,257.7,-0.62,-2.89,-0.01,22.9,49,AUTO.LOITER,1,1
2026-08-18T02:50:01,1786996201,13.822894,100.511856,19.6,4.0,-0.9,-1.2,-102.5,257.5,-0.64,-2.88,-0.02,22.89,49,AUTO.LOITER,1,1
2026-08-18T02:50:02,1786996202,13.822888,100.511829,19.5,4.0,-0.2,-1.3,-102.5,257.5,-0.65,-2.9,-0.02,22.89,49,AUTO.LOITER,1,1
2026-08-18T02:50:03,1786996203,13.822882,100.511802,19.6,4.0,-0.3,-1.3,-102.3,257.7,-0.6,-2.87,-0.02,22.89,49,0,0,1
2026-08-18T02:50:04,1786996204,13.822877,100.511781,19.6,4.02,-0.6,6.4,-102.3,257.7,-0.4,-1.72,0.0,22.89,49,0,0,1
2026-08-18T02:50:05,1786996205,13.822875,100.511771,19.3,4.02,-0.6,6.4,-102.3,257.7,-0.4,-1.72,0.0,22.88,49,AUTO.LOITER,1,1
2026-08-18T02:50:06,1786996206,13.822875,100.511762,19.4,4.02,-5.3,0.9,-98.7,261.3,-0.14,-1.03,0.0,22.87,49,AUTO.LOITER,1,1
2026-08-18T02:50:07,1786996207,13.822874,100.511756,19.3,4.03,-2.1,0.2,-97.3,262.7,-0.21,-0.62,0.0,22.87,49,AUTO.LOITER,1,1
2026-08-18T02:50:08,1786996208,13.822875,100.511756,19.5,3.92,0.1,-1.3,-99.0,261.0,-0.03,-0.18,0.4,22.87,49,0,0,1
2026-08-18T02:50:09,1786996209,13.822874,100.511756,19.1,3.54,-0.9,-0.0,-98.8,261.2,-0.02,0.0,0.37,22.86,48,0,0,1
2026-08-18T02:50:10,1786996210,13.822874,100.511756,18.7,3.18,-0.7,-0.4,-98.3,261.7,-0.02,0.03,0.42,22.86,48,0,0,1
2026-08-18T02:50:11,1786996211,13.822874,100.511756,18.3,2.79,-1.0,-0.1,-98.4,261.6,-0.03,0.0,0.43,22.86,48,0,0,1
2026-08-18T02:50:12,1786996212,13.822874,100.511756,17.8,2.79,-0.4,0.3,-98.7,261.3,-0.03,0.0,0.43,22.85,48,0,0,1
2026-08-18T02:50:13,1786996213,13.822874,100.511756,17.5,1.98,-0.4,0.3,-98.7,261.3,-0.01,0.0,0.42,22.85,48,0,0,1
2026-08-18T02:50:14,1786996214,13.822874,100.511756,17.5,1.98,-0.2,-0.1,-98.5,261.5,-0.01,0.0,0.42,22.85,48,0,0,1
2026-08-18T02:50:15,1786996215,13.822874,100.511756,17.5,1.98,-0.3,-0.1,-98.6,261.4,-0.01,0.0,0.42,22.85,48,0,0,1
2026-08-18T02:50:16,1786996216,13.822874,100.511756,16.5,0.98,-0.5,0.0,-98.6,261.4,0.01,-0.03,0.29,22.83,48,AUTO.LAND,1,1
2026-08-18T02:50:17,1786996217,13.822874,100.511756,16.2,0.68,-0.4,0.0,-98.6,261.4,0.03,-0.02,0.28,22.83,48,AUTO.LAND,1,1
2026-08-18T02:50:18,1786996218,13.822874,100.511756,15.9,0.38,-0.9,-0.0,-98.6,261.4,0.01,-0.02,0.28,22.82,47,AUTO.LAND,1,1
2026-08-18T02:50:19,1786996219,13.822874,100.511756,15.6,0.07,-0.5,-0.0,-98.6,261.4,0.0,-0.01,0.27,22.82,47,AUTO.LAND,1,1
2026-08-18T02:50:20,1786996220,13.822875,100.511757,15.6,0.06,-0.5,0.1,-98.2,261.8,0.2,0.17,-0.09,22.82,47,AUTO.LAND,1,1
2026-08-18T02:50:21,1786996221,13.822875,100.511756,15.2,0.06,-0.7,-0.2,-98.2,261.8,0.2,0.17,-0.09,22.81,47,AUTO.LAND,1,1
2026-08-18T02:50:22,1786996222,13.822874,100.511756,15.3,0.12,-0.8,-0.3,-98.2,261.8,0.05,0.02,-0.09,22.81,47,AUTO.LAND,1,1
2026-08-18T02:50:23,1786996223,13.822874,100.511756,15.7,0.16,-0.8,-0.3,-98.2,261.8,-0.03,-0.05,-0.08,22.81,47,0,0,1
2026-08-18T02:50:24,1786996224,13.822874,100.511755,15.7,0.19,-0.8,-0.2,-98.2,261.8,-0.06,-0.07,-0.08,22.8,47,0,0,1
2026-08-18T02:50:25,1786996225,13.822874,100.511755,15.8,0.2,-0.8,-0.2,-98.2,261.8,-0.07,-0.07,-0.08,22.8,47,0,0,0
2026-08-18T02:50:26,1786996226,13.822874,100.511756,15.7,0.18,-0.7,-0.1,-98.3,261.7,-0.05,-0.05,-0.06,22.8,47,0,0,0
2026-08-18T02:50:27,1786996227,13.822874,100.511756,15.7,0.15,-0.7,-0.0,-98.3,261.7,-0.04,-0.03,-0.06,22.79,47,0,0,0
2026-08-18T02:50:28,1786996228,13.822874,100.511756,15.7,0.14,-0.6,0.0,-98.3,261.7,-0.02,-0.01,-0.06,22.79,46,AUTO.TAKEOFF,1,0
2026-08-18T02:50:29,1786996229,13.822874,100.511756,15.7,0.02,-0.6,0.1,-98.3,261.7,-0.01,0.02,-0.07,22.78,46,AUTO.TAKEOFF,1,1
2026-08-18T02:50:30,1786996230,13.822874,100.511756,15.8,0.09,-0.6,-1.7,-98.2,261.8,-0.02,0.0,-0.12,22.78,46,AUTO.TAKEOFF,1,1
2026-08-18T02:50:31,1786996231,13.822873,100.511753,16.1,0.37,0.3,7.5,-102.5,257.5,-0.18,-0.3,-0.65,22.77,46,AUTO.TAKEOFF,1,1
2026-08-18T02:50:32,1786996232,13.822874,100.511755,17.0,1.27,-0.4,-3.0,-103.4,256.6,0.16,0.33,-1.16,22.77,46,AUTO.TAKEOFF,1,1
2026-08-18T02:50:33,1786996233,13.822874,100.511756,17.9,2.21,-1.3,0.1,-104.4,255.6,0.0,-0.01,-0.97,22.76,46,AUTO.TAKEOFF,1,1
2026-08-18T02:50:34,1786996234,13.822874,100.511756,18.6,2.93,-0.6,0.5,-103.8,256.2,-0.02,0.04,-0.77,22.76,46,AUTO.TAKEOFF,1,1
2026-08-18T02:50:35,1786996235,13.822874,100.511756,19.1,3.4,0.1,-0.4,-103.8,256.2,0.05,0.01,-0.28,22.76,46,AUTO.LOITER,1,1
2026-08-18T02:50:36,1786996236,13.822874,100.511756,19.2,3.54,-1.0,-0.1,-104.7,255.3,0.0,0.01,-0.26,22.75,46,AUTO.LOITER,1,1
2026-08-18T02:50:37,1786996237,13.822873,100.511757,18.9,3.54,-11.0,5.2,-105.6,254.4,0.0,0.01,-0.26,22.75,45,AUTO.LOITER,1,1
2026-08-18T02:50:38,1786996238,13.822858,100.511768,18.9,3.71,-10.4,1.1,-123.2,236.8,-1.08,0.88,-0.19,22.74,45,AUTO.LOITER,1,1
2026-08-18T02:50:39,1786996239,13.822852,100.511773,19.5,3.77,0.9,-0.7,-142.4,217.6,-2.53,1.88,-0.01,22.74,45,0,0,1
2026-08-18T02:50:40,1786996240,13.822831,100.511788,19.5,3.77,-3.6,-2.8,-171.6,188.4,-2.4,1.69,-0.03,22.74,45,0,0,1
2026-08-18T02:50:41,1786996241,13.822831,100.511788,19.5,3.77,-0.0,-2.0,157.0,157.0,-2.4,1.69,-0.03,22.74,45,0,0,1
2026-08-18T02:50:42,1786996242,13.822788,100.511821,19.4,3.75,-0.0,-1.4,138.4,138.4,-2.53,1.67,-0.06,22.73,45,0,0,1
2026-08-18T02:50:43,1786996243,13.822766,100.511837,19.4,3.75,0.3,-1.6,139.0,139.0,-2.51,1.67,-0.09,22.73,45,0,0,1
2026-08-18T02:50:44,1786996244,13.822744,100.511853,19.4,3.75,-0.4,-1.5,147.7,147.7,-2.54,1.66,-0.07,22.72,45,AUTO.LOITER,1,1
2026-08-18T02:50:45,1786996245,13.822721,100.51187,19.4,3.75,-0.1,-1.2,146.0,146.0,-2.46,1.69,-0.07,22.72,45,AUTO.LOITER,1,1
2026-08-18T02:50:46,1786996246,13.8227,100.511886,19.5,3.77,-0.1,-1.6,143.0,143.0,-2.46,1.66,-0.07,22.71,45,AUTO.LOITER,1,1
2026-08-18T02:50:47,1786996247,13.822677,100.511902,19.5,3.78,-0.6,-1.7,144.5,144.5,-2.43,1.69,-0.06,22.71,44,AUTO.LOITER,1,1
2026-08-18T02:50:48,1786996248,13.822677,100.511902,19.5,3.78,-0.6,-1.7,144.5,144.5,-2.43,1.69,-0.06,22.71,44,AUTO.LOITER,1,1
2026-08-18T02:50:49,1786996249,13.822634,100.511934,19.5,3.78,-0.8,-1.4,144.0,144.0,-2.38,1.7,-0.06,22.7,44,AUTO.LOITER,1,1
2026-08-18T02:50:50,1786996250,13.822612,100.51195,19.5,3.78,-0.3,-1.6,144.1,144.1,-2.37,1.74,-0.07,22.7,44,AUTO.LOITER,1,1
2026-08-18T02:50:51,1786996251,13.82259,100.511967,19.5,3.79,-0.3,-1.6,144.3,144.3,-2.41,1.74,-0.06,22.69,44,AUTO.LOITER,1,1
2026-08-18T02:50:52,1786996252,13.822568,100.511983,19.5,3.79,-0.2,-1.1,144.3,144.3,-2.4,1.72,-0.07,22.69,44,AUTO.LOITER,1,1
2026-08-18T02:50:53,1786996253,13.822546,100.511999,19.5,3.79,-0.4,-1.4,144.1,144.1,-2.38,1.71,-0.07,22.68,44,AUTO.LOITER,1,1
2026-08-18T02:50:54,1786996254,13.82253,100.512011,18.9,3.79,-0.9,-1.8,144.1,144.1,-2.38,1.71,-0.07,22.68,44,AUTO.LOITER,1,1
2026-08-18T02:50:55,1786996255,13.822508,100.512027,18.9,3.81,-0.3,-1.6,144.0,144.0,-2.37,1.77,-0.05,22.67,44,0,0,1
2026-08-18T02:50:56,1786996256,13.822486,100.512044,18.9,3.83,-0.6,-1.5,144.1,144.1,-2.38,1.76,-0.04,22.67,43,AUTO.LOITER,1,1
2026-08-18T02:50:57,1786996257,13.82248,100.512048,19.5,3.84,-0.6,-1.5,144.1,144.1,-2.37,1.74,-0.03,22.67,43,0,0,1
2026-08-18T02:50:58,1786996258,13.822458,100.512064,19.5,3.84,-0.6,6.8,143.8,143.8,-2.36,1.73,-0.03,22.66,43,0,0,1
2026-08-18T02:50:59,1786996259,13.822439,100.512079,19.5,3.85,-0.7,2.4,143.4,143.4,-1.56,1.18,-0.02,22.66,43,0,0,1
2026-08-18T02:51:00,1786996260,13.822428,100.512086,19.6,3.86,-0.6,5.3,141.5,141.5,-0.95,0.72,-0.02,22.66,43,0,0,1
2026-08-18T02:51:01,1786996261,13.822422,100.512091,19.6,3.87,-0.8,1.8,141.8,141.8,-0.28,0.27,-0.01,22.65,43,0,0,1
2026-08-18T02:51:02,1786996262,13.822421,100.512092,19.2,3.54,-0.1,-1.0,143.1,143.1,0.14,-0.02,0.31,22.65,43,AUTO.LOITER,1,1
2026-08-18T02:51:03,1786996263,13.822422,100.512092,18.9,3.19,-0.2,-0.1,142.8,142.8,0.05,0.0,0.35,22.64,43,AUTO.LAND,1,1
2026-08-18T02:51:04,1786996264,13.822422,100.512092,18.5,2.79,-0.2,-0.6,142.4,142.4,0.06,-0.05,0.36,22.64,43,0,0,1
2026-08-18T02:51:05,1786996265,13.822422,100.512092,17.6,2.79,-0.2,-0.4,142.6,142.6,0.06,-0.05,0.36,22.63,43,AUTO.LAND,1,1
2026-08-18T02:51:06,1786996266,13.822422,100.512092,17.7,2.0,-0.4,-0.6,142.7,142.7,0.0,-0.02,0.37,22.63,42,AUTO.LAND,1,1
2026-08-18T02:51:07,1786996267,13.822422,100.512092,17.4,1.66,-0.2,-0.4,142.6,142.6,-0.01,0.0,0.27,22.63,42,AUTO.LAND,1,1
2026-08-18T02:51:08,1786996268,13.822422,100.512091,17.0,1.35,-0.3,-0.7,142.6,142.6,-0.02,0.02,0.26,22.62,42,AUTO.LAND,1,1
2026-08-18T02:51:09,1786996269,13.822422,100.512091,16.7,1.04,-0.3,-0.6,142.7,142.7,-0.04,0.03,0.26,22.62,42,AUTO.LAND,1,1
2026-08-18T02:51:10,1786996270,13.822422,100.512091,16.4,0.76,-0.3,-0.4,142.6,142.6,-0.01,0.03,0.27,22.61,42,AUTO.LAND,1,1
2026-08-18T02:51:11,1786996271,13.822422,100.512092,15.7,0.76,-0.3,-0.1,142.6,142.6,-0.01,0.03,0.27,22.61,42,AUTO.LAND,1,1
2026-08-18T02:51:12,1786996272,13.822422,100.512092,15.7,0.76,-0.4,-0.3,142.6,142.6,-0.01,0.03,0.27,22.61,42,AUTO.LAND,1,1
2026-08-18T02:51:13,1786996273,13.822422,100.512091,15.2,0.76,-0.4,-0.0,142.6,142.6,-0.01,0.03,0.27,22.6,42,AUTO.LAND,1,1
2026-08-18T02:51:14,1786996274,13.822422,100.512091,15.3,0.15,-0.1,-0.5,142.5,142.5,0.18,0.0,-0.03,22.59,42,AUTO.LAND,1,1
2026-08-18T02:51:15,1786996275,13.822422,100.512091,15.9,0.17,-0.1,-0.6,142.4,142.4,0.06,0.0,-0.01,22.59,42,0,0,1
2026-08-18T02:51:16,1786996276,13.822422,100.512091,15.9,0.17,-0.0,-0.6,142.4,142.4,-0.01,0.01,0.0,22.59,41,0,0,1
2026-08-18T02:51:17,1786996277,13.822421,100.512091,15.8,0.15,-0.0,-0.5,142.4,142.4,-0.05,0.02,0.02,22.59,41,0,0,1
2026-08-18T02:51:18,1786996278,13.822421,100.512092,15.8,0.14,-0.0,-0.5,142.4,142.4,-0.06,0.02,0.03,22.58,41,0,0,0
2026-08-18T02:51:19,1786996279,13.822421,100.512092,15.8,0.14,-0.0,-0.5,142.3,142.3,-0.06,0.02,0.05,22.58,41,0,0,0
2026-08-18T02:51:20,1786996280,13.822421,100.512091,15.8,0.14,-0.0,-0.4,142.3,142.3,-0.06,0.01,0.05,22.57,41,AUTO.LAND,1,0
2026-08-18T02:51:21,1786996281,13.822422,100.512091,15.8,0.15,-0.1,-0.3,142.3,142.3,-0.02,0.0,0.04,22.57,41,AUTO.TAKEOFF,1,0
2026-08-18T02:51:22,1786996282,13.822422,100.512091,15.8,-0.02,-0.1,-0.3,142.2,142.2,0.0,-0.01,0.05,22.57,41,AUTO.TAKEOFF,1,1
2026-08-18T02:51:23,1786996283,13.822422,100.512091,15.8,-0.06,0.4,-3.0,142.5,142.5,-0.03,0.0,0.01,22.56,41,AUTO.TAKEOFF,1,1
2026-08-18T02:51:24,1786996284,13.82242,100.512092,16.2,0.36,-2.2,2.9,145.4,145.4,-0.04,-0.07,-0.74,22.56,41,AUTO.TAKEOFF,1,1
2026-08-18T02:51:25,1786996285,13.822422,100.512091,17.3,1.5,-0.2,-1.1,145.6,145.6,0.14,-0.02,-1.21,22.55,40,AUTO.TAKEOFF,1,1
2026-08-18T02:51:26,1786996286,13.822422,100.512091,18.4,2.57,0.1,-0.6,142.7,142.7,-0.01,-0.01,-0.89,22.55,40,AUTO.TAKEOFF,1,1
2026-08-18T02:51:27,1786996287,13.822422,100.512091,19.2,3.34,-0.3,-0.5,141.7,141.7,0.01,0.0,-0.54,22.54,40,AUTO.LOITER,1,1
2026-08-18T02:51:28,1786996288,13.822422,100.512092,19.4,3.59,0.0,-0.3,142.4,142.4,0.0,-0.02,-0.16,22.54,40,AUTO.LOITER,1,1
2026-08-18T02:51:29,1786996289,13.822422,100.512093,19.1,3.59,-7.3,-0.7,142.1,142.1,0.0,-0.02,-0.16,22.54,40,AUTO.LOITER,1,1
2026-08-18T02:51:30,1786996290,13.822428,100.512106,19.2,3.77,-11.3,-4.3,133.4,133.4,0.41,0.75,-0.11,22.53,40,AUTO.LOITER,1,1
2026-08-18T02:51:31,1786996291,13.82243,100.512112,19.7,3.81,4.7,-1.3,90.5,90.5,1.14,2.67,0.03,22.53,40,0,0,1
2026-08-18T02:51:32,1786996292,13.82244,100.512138,19.6,3.8,-1.7,-3.0,67.9,67.9,0.71,2.84,0.04,22.53,40,0,0,1
2026-08-18T02:51:33,1786996293,13.822449,100.512163,19.7,3.81,0.8,-1.7,65.5,65.5,1.05,2.86,0.04,22.52,40,0,0,1
2026-08-18T02:51:34,1786996294,13.822459,100.512189,19.7,3.83,-0.1,-1.7,72.2,72.2,0.98,2.85,0.07,22.52,40,0,0,1
2026-08-18T02:51:35,1786996295,13.822469,100.512215,19.7,3.83,-0.1,-1.8,69.9,69.9,0.99,2.81,0.07,22.51,39,0,0,1
2026-08-18T02:51:36,1786996296,13.822479,100.512242,19.7,3.82,-0.4,-1.5,68.1,68.1,1.01,2.8,0.08,22.51,39,0,0,1
2026-08-18T02:51:37,1786996297,13.822489,100.512267,19.7,3.82,0.2,-1.7,68.4,68.4,1.03,2.76,0.07,22.5,39,AUTO.LOITER,1,1
2026-08-18T02:51:38,1786996298,13.822498,100.512293,19.7,3.81,-0.4,-1.9,69.6,69.6,1.01,2.77,0.07,22.5,39,0,0,1
2026-08-18T02:51:39,1786996299,13.822498,100.512293,19.7,3.81,-0.8,-0.3,69.1,69.1,1.01,2.77,0.07,22.5,39,0,0,1
2026-08-18T02:51:40,1786996300,13.822514,100.512336,19.6,3.79,-0.5,3.0,68.2,68.2,0.55,1.42,0.06,22.49,39,AUTO.LOITER,1,1
2026-08-18T02:51:41,1786996301,13.822517,100.512346,19.6,3.8,-4.8,3.0,64.4,64.4,0.44,0.7,0.04,22.49,39,AUTO.LOITER,1,1
2026-08-18T02:51:42,1786996302,13.822521,100.51235,19.6,3.77,-2.0,2.0,50.6,50.6,0.3,0.21,0.37,22.48,39,AUTO.LOITER,1,1
2026-08-18T02:51:43,1786996303,13.822522,100.512351,19.2,3.38,1.4,1.6,49.9,49.9,0.04,-0.01,0.44,22.48,39,AUTO.LOITER,1,1
2026-08-18T02:51:44,1786996304,13.822522,100.512351,18.9,3.01,-0.9,-0.4,56.7,56.7,0.04,-0.04,0.48,22.47,38,AUTO.LAND,1,1
2026-08-18T02:51:45,1786996305,13.822522,100.512351,18.3,3.01,-0.3,-1.2,56.6,56.6,0.04,-0.04,0.48,22.47,38,AUTO.LAND,1,1
2026-08-18T02:51:46,1786996306,13.822522,100.512351,18.3,3.01,-0.7,-0.6,54.0,54.0,0.04,-0.04,0.48,22.47,38,0,0,1
2026-08-18T02:51:47,1786996307,13.822522,100.512351,17.4,3.01,-0.7,-0.6,54.0,54.0,0.04,-0.04,0.48,22.46,38,AUTO.LAND,1,1
2026-08-18T02:51:48,1786996308,13.822522,100.51235,17.6,1.8,-0.6,-0.5,55.6,55.6,0.04,0.03,0.47,22.46,38,0,0,1
2026-08-18T02:51:49,1786996309,13.822522,100.512351,17.3,1.44,-0.4,-0.7,54.9,54.9,0.03,0.02,0.35,22.46,38,0,0,1
2026-08-18T02:51:50,1786996310,13.822522,100.512351,17.0,1.13,-0.9,-0.9,55.0,55.0,0.04,0.0,0.35,22.45,38,0,0,1
2026-08-18T02:51:51,1786996311,13.822522,100.512351,16.7,0.83,0.1,-0.3,55.1,55.1,0.06,0.0,0.34,22.45,38,0,0,1
2026-08-18T02:51:52,1786996312,13.822522,100.512351,16.4,0.54,0.0,-0.5,55.1,55.1,0.01,-0.01,0.34,22.44,38,0,0,1
2026-08-18T02:51:53,1786996313,13.822522,100.512351,16.1,0.24,-0.8,-0.8,55.0,55.0,0.01,-0.02,0.34,22.44,38,AUTO.LAND,1,1
2026-08-18T02:51:54,1786996314,13.822522,100.512351,15.5,0.24,-0.3,-0.7,55.0,55.0,0.01,-0.02,0.34,22.43,37,AUTO.LAND,1,1
2026-08-18T02:51:55,1786996315,13.822522,100.512351,15.5,-0.35,-0.6,-0.6,55.0,55.0,0.02,-0.02,0.34,22.43,37,AUTO.LAND,1,1
2026-08-18T02:51:56,1786996316,13.822522,100.512351,15.2,-0.6,-0.5,-0.6,55.1,55.1,0.04,0.0,0.37,22.43,37,AUTO.LAND,1,1
2026-08-18T02:51:57,1786996317,13.822522,100.512351,15.1,-0.75,-0.5,-0.6,55.0,55.0,0.01,-0.03,0.31,22.42,37,AUTO.LAND,1,1
2026-08-18T02:51:58,1786996318,13.822522,100.512351,15.0,-0.8,-0.4,-0.6,55.0,55.0,0.0,-0.05,0.25,22.42,37,AUTO.LAND,1,1
2026-08-18T02:51:59,1786996319,13.822522,100.512351,15.1,-0.76,-0.4,-0.7,55.0,55.0,0.01,-0.05,0.2,22.41,37,AUTO.LAND,1,1
2026-08-18T02:52:00,1786996320,13.822522,100.512351,15.1,-0.7,-0.4,-0.7,55.0,55.0,0.01,-0.04,0.17,22.41,37,AUTO.LAND,1,1
2026-08-18T02:52:01,1786996321,13.822522,100.512351,15.2,-0.65,-0.4,-0.7,55.0,55.0,0.01,-0.03,0.14,22.4,37,AUTO.LAND,1,1
2026-08-18T02:52:02,1786996322,13.822522,100.512351,15.2,-0.61,-0.3,-0.7,55.0,55.0,0.0,-0.03,0.12,22.4,37,AUTO.LAND,1,0
2026-08-18T02:52:03,1786996323,13.822522,100.512351,15.2,-0.6,-0.3,-0.8,54.9,54.9,0.01,-0.01,0.11,22.4,36,AUTO.LAND,1,0
2026-08-18T02:52:04,1786996324,13.822523,100.512352,15.3,-0.6,-0.3,-0.8,54.9,54.9,0.01,-0.01,0.11,22.39,36,AUTO.LAND,1,0
2026-08-18T02:52:05,1786996325,13.822522,100.512351,15.3,-0.57,-0.3,-0.8,54.9,54.9,0.0,0.0,0.09,22.39,36,0,0,0
2026-08-18T02:52:06,1786996326,13.822522,100.512351,15.3,-0.54,-0.2,-0.8,54.9,54.9,0.0,0.0,0.08,22.39,36,0,0,0
2026-08-18T02:52:07,1786996327,13.822522,100.512351,15.3,-0.53,-0.2,-0.8,54.8,54.8,0.0,0.0,0.08,22.38,36,0,0,0
2026-08-18T02:52:08,1786996328,13.822522,100.512351,15.3,-0.05,-0.2,-0.8,54.8,54.8,0.01,0.01,0.1,22.38,36,0,0,0
2026-08-18T02:52:09,1786996329,13.822523,100.512351,15.2,-0.13,2.1,0.6,54.9,54.9,-0.03,0.01,0.04,22.37,36,AUTO.TAKEOFF,1,1
2026-08-18T02:52:10,1786996330,13.822521,100.512351,15.7,0.38,-1.8,-1.6,54.9,54.9,0.03,-0.01,-0.81,22.37,36,AUTO.TAKEOFF,1,1
2026-08-18T02:52:11,1786996331,13.822522,100.512351,16.8,1.49,0.6,-0.6,52.7,52.7,0.08,0.0,-0.87,22.36,36,AUTO.TAKEOFF,1,1
2026-08-18T02:52:12,1786996332,13.822522,100.512351,17.6,2.3,-0.1,-0.8,53.1,53.1,0.02,0.03,-0.56,22.36,36,AUTO.TAKEOFF,1,1
2026-08-18T02:52:13,1786996333,13.822522,100.512351,17.9,2.59,-0.5,-0.5,53.2,53.2,0.01,0.03,-0.13,22.36,35,AUTO.LOITER,1,1
2026-08-18T02:52:14,1786996334,13.822522,100.512351,18.1,2.77,-2.3,0.1,52.7,52.7,0.03,0.0,-0.05,22.35,35,AUTO.LOITER,1,1
2026-08-18T02:52:15,1786996335,13.822524,100.512346,18.2,2.9,-9.9,7.1,43.7,43.7,0.35,-1.51,-0.06,22.35,35,AUTO.LOITER,1,1
2026-08-18T02:52:16,1786996336,13.822528,100.512322,18.3,2.96,-0.3,-3.7,10.1,10.1,0.61,-3.01,-0.04,22.34,35,AUTO.LOITER,1,1
2026-08-18T02:52:17,1786996337,13.822534,100.512296,18.4,3.07,-3.3,-1.3,-18.6,341.4,0.71,-2.82,-0.04,22.34,35,AUTO.LOITER,1,1
2026-08-18T02:52:18,1786996338,13.822541,100.512269,18.5,3.18,-1.0,-1.7,-28.1,331.9,0.7,-2.97,-0.02,22.34,35,AUTO.LOITER,1,1
2026-08-18T02:52:19,1786996339,13.822545,100.512248,18.9,3.18,-0.6,-0.8,-49.7,310.3,0.7,-2.97,-0.02,22.33,35,AUTO.LOITER,1,1
2026-08-18T02:52:20,1786996340,13.822545,100.512248,18.9,3.18,1.0,-1.3,-75.8,284.2,0.7,-2.97,-0.02,22.33,35,AUTO.LOITER,1,1
2026-08-18T02:52:21,1786996341,13.822556,100.512194,19.1,3.39,0.9,-1.0,-83.4,276.6,0.72,-2.84,0.0,22.32,35,AUTO.LOITER,1,1
2026-08-18T02:52:22,1786996342,13.822558,100.512187,18.8,3.51,0.1,-1.6,-73.3,286.7,0.74,-2.8,0.03,22.32,35,0,0,1
2026-08-18T02:52:23,1786996343,13.822564,100.51216,18.9,3.59,0.3,-1.4,-74.9,285.1,0.71,-2.83,0.01,22.32,34,0,0,1
2026-08-18T02:52:24,1786996344,13.82257,100.512133,19.0,3.67,0.1,6.3,-78.4,281.6,0.72,-2.83,0.03,22.31,34,0,0,1
2026-08-18T02:52:25,1786996345,13.822576,100.512108,19.1,3.74,-0.4,5.3,-78.2,281.8,0.52,-2.04,0.06,22.31,34,0,0,1
2026-08-18T02:52:26,1786996346,13.82258,100.512094,19.1,3.78,-10.0,0.9,-80.8,279.2,0.26,-1.21,0.07,22.3,34,0,0,1
2026-08-18T02:52:27,1786996347,13.822578,100.512084,19.1,3.83,-6.9,-7.0,-88.0,272.0,-0.84,-1.02,0.07,22.3,34,AUTO.LOITER,1,1
2026-08-18T02:52:28,1786996348,13.822578,100.512084,19.1,3.83,3.4,-1.2,-118.2,241.8,-0.84,-1.02,0.07,22.3,34,0,0,1
2026-08-18T02:52:29,1786996349,13.822555,100.512041,19.1,3.83,0.5,-3.5,-126.4,233.6,-1.32,-2.47,0.07,22.29,34,AUTO.LOITER,1,1
2026-08-18T02:52:30,1786996350,13.822545,100.512024,19.4,3.83,1.5,-3.1,-118.9,241.1,-1.32,-2.47,0.07,22.29,34,AUTO.LOITER,1,1
2026-08-18T02:52:31,1786996351,13.822545,100.512024,19.4,3.83,-0.0,1.2,-111.6,248.4,-1.32,-2.47,0.07,22.29,34,AUTO.LOITER,1,1
2026-08-18T02:52:32,1786996352,13.822522,100.511977,19.1,3.82,0.6,3.0,-118.6,241.4,-0.65,-1.38,0.06,22.28,33,AUTO.LOITER,1,1
2026-08-18T02:52:33,1786996353,13.822517,100.511966,19.1,3.82,-0.4,-8.4,-115.5,244.5,-0.57,-1.0,0.04,22.27,33,AUTO.LOITER,1,1
2026-08-18T02:52:34,1786996354,13.822509,100.511948,19.1,3.84,-0.9,-4.5,-106.9,253.1,-1.0,-2.82,0.1,22.27,33,AUTO.LOITER,1,1
2026-08-18T02:52:35,1786996355,13.822499,100.511922,19.1,3.8,1.3,-3.1,-109.0,251.0,-0.95,-2.63,0.04,22.27,33,AUTO.LOITER,1,1
2026-08-18T02:52:36,1786996356,13.822491,100.511898,19.1,3.79,-0.0,3.0,-110.3,249.7,-0.75,-2.23,0.03,22.26,33,AUTO.LOITER,1,1
2026-08-18T02:52:37,1786996357,13.822486,100.511883,19.1,3.77,-0.0,3.4,-109.8,250.2,-0.44,-1.29,0.01,22.26,33,AUTO.LOITER,1,1
2026-08-18T02:52:38,1786996358,13.822485,100.511874,19.1,3.77,4.3,5.0,-109.2,250.8,0.46,-0.61,-0.01,22.25,33,AUTO.LOITER,1,1
2026-08-18T02:52:39,1786996359,13.822496,100.511867,19.2,3.77,4.3,5.0,-109.2,250.8,0.46,-0.61,-0.01,22.25,33,AUTO.LOITER,1,1
2026-08-18T02:52:40,1786996360,13.822516,100.511851,19.1,3.8,-0.6,3.9,-63.7,296.3,2.32,-1.63,0.04,22.24,33,AUTO.LOITER,1,1
2026-08-18T02:52:41,1786996361,13.822536,100.511835,19.1,3.74,-0.9,-4.8,-37.0,323.0,2.17,-1.6,0.0,22.24,32,AUTO.LOITER,1,1
2026-08-18T02:52:42,1786996362,13.82256,100.511818,19.1,3.74,-0.6,-0.4,-32.7,327.3,2.44,-1.83,-0.02,22.23,32,AUTO.LOITER,1,1
2026-08-18T02:52:43,1786996363,13.822565,100.511814,19.0,3.73,-0.7,-1.7,-40.4,319.6,2.27,-1.82,-0.02,22.23,32,0,0,1
2026-08-18T02:52:44,1786996364,13.822586,100.511797,19.0,3.73,-0.3,-1.7,-38.9,321.1,2.24,-1.84,-0.03,22.23,32,0,0,1
2026-08-18T02:52:45,1786996365,13.822607,100.51178,19.0,3.72,-0.2,-1.9,-36.2,323.8,2.25,-1.83,-0.03,22.23,32,0,0,1
2026-08-18T02:52:46,1786996366,13.822629,100.511764,19.0,3.71,-0.4,-1.8,-37.6,322.4,2.29,-1.83,-0.04,22.22,32,0,0,1
2026-08-18T02:52:47,1786996367,13.82265,100.511747,19.0,3.72,-0.0,-1.6,-38.1,321.9,2.29,-1.83,-0.04,22.22,32,AUTO.LOITER,1,1
2026-08-18T02:52:48,1786996368,13.822672,100.51173,19.0,3.73,-0.1,-2.1,-37.4,322.6,2.31,-1.79,-0.03,22.21,32,AUTO.LOITER,1,1
2026-08-18T02:52:49,1786996369,13.822693,100.511713,19.0,3.72,0.1,-2.2,-37.1,322.9,2.34,-1.83,-0.04,22.21,32,AUTO.LOITER,1,1
2026-08-18T02:52:50,1786996370,13.822714,100.511696,19.0,3.73,-0.3,-2.4,-37.4,322.6,2.38,-1.81,-0.03,22.2,32,AUTO.LOITER,1,1
2026-08-18T02:52:51,1786996371,13.822736,100.511679,19.0,3.73,0.1,-2.0,-37.4,322.6,2.39,-1.84,-0.03,22.2,31,AUTO.LOITER,1,1
2026-08-18T02:52:52,1786996372,13.822757,100.511663,19.0,3.72,-0.1,-1.7,-37.3,322.7,2.38,-1.83,-0.04,22.2,31,AUTO.LOITER,1,1
2026-08-18T02:52:53,1786996373,13.822777,100.511647,19.0,3.72,0.5,4.9,-37.3,322.7,1.74,-1.37,-0.03,22.19,31,AUTO.LOITER,1,1
2026-08-18T02:52:54,1786996374,13.822788,100.511638,19.0,3.71,0.1,2.0,-36.4,323.6,1.11,-0.79,-0.05,22.19,31,AUTO.LOITER,1,1
2026-08-18T02:52:55,1786996375,13.822796,100.511632,18.8,3.49,0.0,3.2,-36.1,323.9,0.59,-0.41,0.73,22.18,31,AUTO.LAND,1,1
2026-08-18T02:52:56,1786996376,13.822799,100.51163,17.5,2.21,0.2,3.9,-34.6,325.4,-0.01,0.04,1.0,22.18,31,AUTO.LAND,1,1
2026-08-18T02:52:57,1786996377,13.822799,100.51163,17.1,2.21,0.4,-1.1,-35.0,325.0,-0.01,0.04,1.0,22.18,31,AUTO.LAND,1,1
2026-08-18T02:52:58,1786996378,13.822799,100.511629,16.7,1.68,-0.0,-0.5,-35.5,324.5,0.02,0.0,0.3,22.17,31,AUTO.LAND,1,1
2026-08-18T02:52:59,1786996379,13.822799,100.51163,16.6,1.29,0.3,-0.8,-35.1,324.9,0.0,0.04,0.24,22.17,31,AUTO.LAND,1,1
2026-08-18T02:53:00,1786996380,13.822799,100.51163,16.3,0.97,-0.1,-0.6,-35.1,324.9,0.03,0.04,0.2,22.17,31,0,0,1
2026-08-18T02:53:01,1786996381,13.822799,100.51163,16.0,0.71,0.1,-0.8,-35.3,324.7,0.01,0.0,0.23,22.16,30,0,0,1
2026-08-18T02:53:02,1786996382,13.822799,100.51163,15.7,0.41,-0.1,-0.8,-35.2,324.8,0.03,0.0,0.24,22.16,30,0,0,1
2026-08-18T02:53:03,1786996383,13.822799,100.51163,15.4,0.11,-0.3,-0.7,-35.1,324.9,0.02,-0.02,0.22,22.15,30,AUTO.LAND,1,1
2026-08-18T02:53:04,1786996384,13.822799,100.51163,15.9,0.61,-0.0,-0.6,-35.2,324.8,0.04,0.05,-0.88,22.15,30,AUTO.LAND,1,1
2026-08-18T02:53:05,1786996385,13.822799,100.51163,16.2,0.9,-0.0,-0.6,-35.2,324.8,0.0,0.01,-0.63,22.14,30,AUTO.LAND,1,1
2026-08-18T02:53:06,1786996386,13.822799,100.51163,16.2,0.9,-0.0,-0.6,-35.2,324.8,0.0,0.01,-0.63,22.14,30,0,0,1
2026-08-18T02:53:07,1786996387,13.822799,100.51163,15.4,0.9,-0.0,-0.6,-35.2,324.8,0.0,0.01,-0.63,22.14,30,AUTO.LAND,1,1
2026-08-18T02:53:08,1786996388,13.822799,100.51163,15.4,-0.03,-0.0,-0.6,-35.3,324.7,0.0,0.0,0.0,24.9,31,AUTO.LOITER,0,0
2026-08-18T02:53:09,1786996389,13.822799,100.51163,15.3,-0.12,-0.0,-0.6,-35.3,324.7,-0.01,-0.01,0.1,24.9,52,AUTO.LOITER,0,0
2026-08-18T02:53:10,1786996390,13.822799,100.51163,15.3,-0.14,0.0,-0.6,-35.3,324.7,0.0,0.0,0.09,24.9,64,AUTO.LOITER,0,0
2026-08-18T02:53:11,1786996391,13.822799,100.51163,15.4,-0.14,0.0,-0.6,-35.3,324.7,0.0,0.0,0.09,24.9,69,AUTO.LOITER,0,0
2026-08-18T02:53:12,1786996392,13.822799,100.51163,15.3,-0.09,0.0,-0.6,-35.3,324.7,0.0,0.03,0.04,24.9,70,AUTO.LOITER,0,0
2026-08-18T02:53:13,1786996393,13.822799,100.51163,15.4,-0.05,0.0,-0.6,-35.3,324.7,-0.01,0.03,0.0,24.9,70,AUTO.LOITER,0,0
2026-08-18T02:53:14,1786996394,13.822799,100.511631,15.4,-0.03,-0.0,-0.6,-35.3,324.7,-0.01,0.04,-0.01,24.9,71,AUTO.LOITER,0,0
2026-08-18T02:53:15,1786996395,13.822799,100.511631,15.4,-0.02,-0.0,-0.6,-35.3,324.7,-0.01,0.04,-0.01,24.9,71,AUTO.LOITER,0,0
2026-08-18T02:53:16,1786996396,13.822799,100.51163,15.4,-0.01,-0.0,-0.6,-35.4,324.6,0.0,0.04,-0.01,24.9,71,AUTO.LOITER,0,0
2026-08-18T02:53:17,1786996397,13.822799,100.51163,15.4,-0.01,-0.1,-0.6,-35.4,324.6,0.0,0.03,-0.01,24.9,71,AUTO.LOITER,0,0
2026-08-18T02:53:18,1786996398,13.822799,100.51163,15.4,-0.01,-0.1,-0.6,-35.4,324.6,0.0,0.03,-0.01,24.9,71,AUTO.LOITER,0,0
2026-08-18T02:53:19,1786996399,13.822799,100.51163,15.4,-0.01,-0.2,-0.7,-35.4,324.6,0.0,0.02,-0.01,24.9,71,AUTO.LOITER,0,0
2026-08-18T02:53:20,1786996400,13.822799,100.51163,15.4,-0.01,-0.2,-0.7,-35.4,324.6,0.0,0.01,-0.01,24.9,71,AUTO.LOITER,0,0
2026-08-18T02:53:21,1786996401,13.822799,100.51163,15.4,-0.01,-0.3,-0.7,-35.4,324.6,0.0,0.0,-0.02,24.9,71,AUTO.LOITER,0,0
2026-08-18T02:53:22,1786996402,13.822799,100.51163,15.5,-0.0,-0.3,-0.7,-35.5,324.5,0.0,0.0,-0.02,24.9,71,AUTO.LOITER,0,0
2026-08-18T02:53:23,1786996403,13.822799,100.51163,15.4,-0.0,-0.3,-0.7,-35.5,324.5,0.0,-0.01,-0.02,24.9,71,AUTO.LOITER,0,0
2026-08-18T02:53:24,1786996404,13.822799,100.51163,15.4,-0.01,-0.3,-0.7,-35.5,324.5,0.0,0.0,-0.01,24.9,71,AUTO.LOITER,0,0
2026-08-18T02:53:25,1786996405,13.822799,100.51163,15.4,-0.01,-0.3,-0.7,-35.5,324.5,0.0,0.0,-0.01,24.9,71,AUTO.LOITER,0,0
2026-08-18T02:53:26,1786996406,13.822799,100.51163,15.4,-0.01,-0.3,-0.6,-35.5,324.5,0.0,0.0,0.0,24.9,71,AUTO.LOITER,0,0
2026-08-18T02:53:27,1786996407,13.822799,100.51163,15.4,-0.01,-0.3,-0.6,-35.5,324.5,0.0,0.0,0.0,24.9,71,AUTO.LOITER,0,0
2026-08-18T02:53:28,1786996408,13.822799,100.51163,15.4,-0.02,-0.3,-0.6,-35.5,324.5,0.0,0.0,0.0,24.9,71,AUTO.LOITER,0,0
2026-08-18T02:53:29,1786996409,13.822799,100.51163,15.4,-0.02,-0.4,-0.6,-35.5,324.5,-0.01,0.01,0.0,24.9,71,AUTO.LOITER,0,0
2026-08-18T02:53:30,1786996410,13.822799,100.51163,15.4,-0.03,-0.4,-0.6,-35.5,324.5,-0.02,0.0,0.01,24.9,71,AUTO.LOITER,0,0
2026-08-18T02:53:31,1786996411,13.822799,100.51163,15.4,-0.03,-0.4,-0.6,-35.5,324.5,-0.02,0.0,0.01,24.9,71,AUTO.LOITER,0,0
2026-08-18T02:53:32,1786996412,13.822799,100.51163,15.4,-0.03,-0.3,-0.6,-35.5,324.5,-0.03,0.0,0.01,24.9,71,AUTO.LOITER,0,0
2026-08-18T02:53:33,1786996413,13.822799,100.51163,15.4,-0.03,-0.3,-0.6,-35.5,324.5,-0.03,0.0,0.0,24.9,71,AUTO.LOITER,0,0
2026-08-18T02:53:34,1786996414,13.822799,100.51163,15.4,-0.03,-0.3,-0.7,-35.5,324.5,-0.03,0.0,0.01,24.9,71,AUTO.LOITER,0,0
2026-08-18T02:53:35,1786996415,13.822799,100.51163,15.4,-0.03,-0.3,-0.7,-35.5,324.5,-0.03,0.0,0.01,24.9,71,AUTO.LOITER,0,0
2026-08-18T02:53:36,1786996416,13.822799,100.51163,15.4,-0.04,-0.2,-0.7,-35.6,324.4,0.01,0.0,0.02,24.9,71,AUTO.LOITER,0,0
2026-08-18T02:53:37,1786996417,13.822799,100.51163,15.4,-0.05,-0.2,-0.7,-35.6,324.4,0.02,0.01,0.03,24.9,71,AUTO.LOITER,0,0
2026-08-18T02:53:38,1786996418,13.822799,100.51163,15.4,-0.05,-0.2,-0.7,-35.6,324.4,0.03,0.0,0.04,24.9,71,AUTO.LOITER,0,0
2026-08-18T02:53:39,1786996419,13.822799,100.51163,15.4,-0.05,-0.3,-0.7,-35.6,324.4,0.03,0.0,0.04,24.9,71,AUTO.LOITER,0,0
2026-08-18T02:53:40,1786996420,13.822799,100.51163,15.4,-0.06,-0.3,-0.6,-35.6,324.4,0.03,0.0,0.04,24.9,71,AUTO.LOITER,0,0
2026-08-18T02:53:41,1786996421,13.822799,100.51163,15.4,-0.06,-0.3,-0.6,-35.6,324.4,0.01,0.0,0.04,24.9,71,AUTO.LOITER,0,0
2026-08-18T02:53:42,1786996422,13.822799,100.51163,15.4,-0.05,-0.3,-0.6,-35.6,324.4,0.02,0.0,0.03,24.9,71,AUTO.LOITER,0,0
2026-08-18T02:53:43,1786996423,13.822799,100.51163,15.4,-0.04,-0.3,-0.5,-35.6,324.4,0.01,0.0,0.01,24.9,71,AUTO.LOITER,0,0
2026-08-18T02:53:44,1786996424,13.822799,100.51163,15.4,-0.03,-0.3,-0.5,-35.6,324.4,0.0,0.0,0.0,24.9,71,AUTO.LOITER,0,0
2026-08-18T02:53:45,1786996425,13.822799,100.51163,15.4,-0.02,-0.4,-0.5,-35.6,324.4,0.0,0.0,0.0,24.9,72,AUTO.LOITER,0,0
2026-08-18T02:53:46,1786996426,13.822799,100.51163,15.4,-0.02,-0.4,-0.5,-35.6,324.4,0.0,0.01,0.0,24.9,72,AUTO.LOITER,0,0
2026-08-18T02:53:47,1786996427,13.822799,100.51163,15.4,-0.02,-0.4,-0.5,-35.6,324.4,0.0,0.02,0.0,24.9,72,AUTO.LOITER,0,0
2026-08-18T02:53:48,1786996428,13.822799,100.51163,15.4,-0.02,-0.4,-0.5,-35.6,324.4,0.0,0.02,0.0,24.9,72,AUTO.LOITER,0,0
2026-08-18T02:53:49,1786996429,13.822799,100.51163,15.4,-0.03,-0.4,-0.5,-35.6,324.4,-0.01,0.01,0.0,24.9,72,AUTO.LOITER,0,0
2026-08-18T02:53:50,1786996430,13.822799,100.51163,15.4,-0.03,-0.4,-0.6,-35.6,324.4,-0.01,0.0,0.0,24.9,72,AUTO.LOITER,0,0
2026-08-18T02:53:51,1786996431,13.822799,100.51163,15.4,-0.03,-0.4,-0.6,-35.6,324.4,0.0,-0.01,0.0,24.9,72,AUTO.LOITER,0,0
2026-08-18T02:53:52,1786996432,13.822799,100.51163,15.4,-0.03,-0.4,-0.6,-35.6,324.4,0.0,-0.01,0.0,24.9,72,AUTO.LOITER,0,0
2026-08-18T02:53:53,1786996433,13.822799,100.51163,15.4,-0.03,-0.4,-0.6,-35.6,324.4,0.01,-0.01,0.01,24.9,72,AUTO.LOITER,0,0
2026-08-18T02:53:54,1786996434,13.822799,100.51163,15.4,-0.03,-0.4,-0.6,-35.6,324.4,0.01,-0.01,0.01,24.9,72,AUTO.LOITER,0,0
2026-08-18T02:53:55,1786996435,13.822799,100.51163,15.4,-0.04,-0.4,-0.6,-35.6,324.4,0.02,0.0,0.01,24.9,72,AUTO.LOITER,0,0
2026-08-18T02:53:56,1786996436,13.822799,100.51163,15.4,-0.04,-0.4,-0.6,-35.6,324.4,0.01,-0.01,0.0,24.9,72,AUTO.LOITER,0,0
2026-08-18T02:53:57,1786996437,13.822799,100.51163,15.4,-0.03,-0.4,-0.6,-35.6,324.4,0.0,0.0,0.0,24.9,72,AUTO.LOITER,0,0
2026-08-18T02:53:58,1786996438,13.822799,100.51163,15.4,-0.03,-0.4,-0.6,-35.6,324.4,0.0,0.0,0.0,24.9,72,AUTO.LOITER,0,0
2026-08-18T02:53:59,1786996439,13.822799,100.51163,15.4,-0.04,-0.4,-0.6,-35.6,324.4,0.0,0.0,0.02,24.9,72,AUTO.LOITER,0,0
2026-08-18T02:54:00,1786996440,13.822799,100.51163,15.4,-0.04,-0.4,-0.6,-35.6,324.4,0.0,0.0,0.02,24.9,72,AUTO.LOITER,0,0
2026-08-18T02:54:01,1786996441,13.822799,100.51163,15.4,-0.05,-0.4,-0.6,-35.6,324.4,0.0,-0.02,0.03,24.9,72,AUTO.LOITER,0,0
2026-08-18T02:54:02,1786996442,13.822799,100.51163,15.4,-0.06,-0.3,-0.6,-35.6,324.4,0.0,0.0,0.04,24.9,72,AUTO.LOITER,0,0
2026-08-18T02:54:03,1786996443,13.822799,100.51163,15.4,-0.06,-0.3,-0.6,-35.6,324.4,0.0,0.0,0.04,24.9,72,AUTO.LOITER,0,0
2026-08-18T02:54:04,1786996444,13.822799,100.51163,15.4,-0.07,-0.3,-0.6,-35.7,324.3,0.0,0.0,0.05,24.9,72,AUTO.LOITER,0,0
2026-08-18T02:54:05,1786996445,13.822799,100.51163,15.4,-0.07,-0.3,-0.6,-35.7,324.3,0.01,0.0,0.06,24.9,72,AUTO.LOITER,0,0
2026-08-18T02:54:06,1786996446,13.822799,100.51163,15.4,-0.08,-0.3,-0.6,-35.7,324.3,0.0,-0.01,0.06,24.9,72,AUTO.LOITER,0,0
2026-08-18T02:54:07,1786996447,13.822799,100.51163,15.4,-0.07,-0.3,-0.6,-35.7,324.3,0.0,-0.01,0.05,24.9,72,AUTO.LOITER,0,0
2026-08-18T02:54:08,1786996448,13.822798,100.51163,15.4,-0.07,-0.3,-0.6,-35.7,324.3,0.0,-0.01,0.05,24.9,72,AUTO.LOITER,0,0
2026-08-18T02:54:09,1786996449,13.822799,100.51163,15.4,-0.07,-0.2,-0.6,-35.7,324.3,0.0,0.0,0.04,24.9,72,AUTO.LOITER,0,0
2026-08-18T02:54:10,1786996450,13.822799,100.51163,15.4,-0.07,-0.3,-0.6,-35.7,324.3,0.0,0.01,0.05,24.9,72,AUTO.LOITER,0,0
2026-08-18T02:54:11,1786996451,13.822799,100.51163,15.4,-0.07,-0.3,-0.6,-35.7,324.3,0.0,0.01,0.04,24.9,72,AUTO.LOITER,0,0
2026-08-18T02:54:12,1786996452,13.822799,100.51163,15.4,-0.07,-0.3,-0.6,-35.7,324.3,0.0,0.03,0.04,24.9,72,AUTO.LOITER,0,0
2026-08-18T02:54:13,1786996453,13.822799,100.51163,15.4,-0.06,-0.3,-0.6,-35.7,324.3,0.01,0.03,0.04,24.9,72,AUTO.LOITER,0,0
2026-08-18T02:54:14,1786996454,13.822799,100.51163,15.4,-0.07,-0.4,-0.6,-35.7,324.3,0.01,0.02,0.05,24.9,72,AUTO.LOITER,0,0
2026-08-18T02:54:15,1786996455,13.822799,100.51163,15.4,-0.08,-0.4,-0.6,-35.7,324.3,0.0,0.0,0.06,24.9,72,AUTO.LOITER,0,0
2026-08-18T02:54:16,1786996456,13.822799,100.51163,15.4,-0.09,-0.4,-0.6,-35.7,324.3,0.0,0.0,0.07,24.9,72,AUTO.LOITER,0,0
2026-08-18T02:54:17,1786996457,13.822799,100.51163,15.4,-0.09,-0.4,-0.7,-35.8,324.2,0.0,0.0,0.07,24.9,72,AUTO.LOITER,0,0
2026-08-18T02:54:18,1786996458,13.822799,100.51163,15.4,-0.09,-0.4,-0.7,-35.8,324.2,0.01,0.01,0.05,24.9,72,AUTO.LOITER,0,0
2026-08-18T02:54:19,1786996459,13.822799,100.51163,15.4,-0.07,-0.5,-0.7,-35.8,324.2,0.0,0.01,0.03,24.9,72,AUTO.LOITER,0,0
2026-08-18T02:54:20,1786996460,13.822799,100.51163,15.4,-0.05,-0.5,-0.7,-35.8,324.2,0.0,0.01,0.01,24.9,72,AUTO.LOITER,0,0
2026-08-18T02:54:21,1786996461,13.822799,100.51163,15.4,-0.03,-0.5,-0.7,-35.8,324.2,0.0,0.0,0.0,24.9,72,AUTO.LOITER,0,0
2026-08-18T02:54:22,1786996462,13.822799,100.51163,15.4,-0.03,-0.5,-0.7,-35.8,324.2,0.0,0.0,0.0,24.9,72,AUTO.LOITER,0,0
2026-08-18T02:54:23,1786996463,13.822799,100.51163,15.4,-0.03,-0.5,-0.7,-35.8,324.2,0.0,0.0,0.0,24.9,72,AUTO.LOITER,0,0
2026-08-18T02:54:24,1786996464,13.822799,100.51163,15.4,-0.03,-0.5,-0.7,-35.8,324.2,0.03,-0.01,0.0,24.9,72,AUTO.LOITER,0,0
2026-08-18T02:54:25,1786996465,13.822799,100.51163,15.4,-0.04,-0.5,-0.7,-35.8,324.2,0.03,-0.01,0.01,24.9,72,AUTO.LOITER,0,0
2026-08-18T02:54:26,1786996466,13.822799,100.51163,15.4,-0.04,-0.5,-0.6,-35.8,324.2,0.02,0.0,0.01,24.9,72,AUTO.LOITER,0,0
2026-08-18T02:54:27,1786996467,13.822799,100.51163,15.4,-0.04,-0.5,-0.6,-35.9,324.1,0.03,0.01,0.01,24.9,72,AUTO.LOITER,0,0
2026-08-18T02:54:28,1786996468,13.822799,100.51163,15.4,-0.04,-0.5,-0.6,-35.9,324.1,0.03,0.02,0.01,24.9,72,AUTO.LOITER,0,0
2026-08-18T02:54:29,1786996469,13.822799,100.51163,15.4,-0.05,-0.6,-0.6,-35.9,324.1,0.01,0.03,0.02,24.9,72,AUTO.LOITER,0,0
2026-08-18T02:54:30,1786996470,13.822799,100.51163,15.4,-0.05,-0.6,-0.6,-35.9,324.1,0.0,0.02,0.02,24.9,72,AUTO.LOITER,0,0
2026-08-18T02:54:31,1786996471,13.822799,100.51163,15.4,-0.05,-0.6,-0.6,-35.9,324.1,0.0,0.0,0.01,24.9,72,AUTO.LOITER,0,0
2026-08-18T02:54:32,1786996472,13.822799,100.51163,15.4,-0.05,-0.6,-0.6,-35.9,324.1,0.0,0.0,0.01,24.9,72,AUTO.LOITER,0,0
2026-08-18T02:54:33,1786996473,13.822799,100.51163,15.4,-0.04,-0.6,-0.6,-35.9,324.1,0.01,0.0,0.01,24.9,72,AUTO.LOITER,0,0
2026-08-18T02:54:34,1786996474,13.822799,100.51163,15.4,-0.04,-0.6,-0.6,-35.9,324.1,0.01,0.0,0.0,24.9,72,AUTO.LOITER,0,0
2026-08-18T02:54:35,1786996475,13.822799,100.51163,15.4,-0.04,-0.6,-0.5,-35.9,324.1,0.01,0.0,0.01,24.9,72,AUTO.LOITER,0,0
2026-08-18T02:54:36,1786996476,13.822799,100.51163,15.4,-0.04,-0.6,-0.6,-35.9,324.1,0.0,0.0,0.01,24.9,72,AUTO.LOITER,0,0
2026-08-18T02:54:37,1786996477,13.822798,100.51163,15.4,-0.04,-0.7,-0.5,-35.9,324.1,0.0,0.0,0.01,24.9,72,AUTO.LOITER,0,0
2026-08-18T02:54:38,1786996478,13.822799,100.51163,15.4,-0.04,-0.7,-0.5,-35.9,324.1,0.0,0.0,0.01,24.9,72,AUTO.LOITER,0,0
2026-08-18T02:54:39,1786996479,13.822799,100.51163,15.4,-0.04,-0.7,-0.5,-35.9,324.1,0.0,0.0,0.01,24.9,72,AUTO.LOITER,0,0
2026-08-18T02:54:40,1786996480,13.822799,100.51163,15.4,-0.04,-0.6,-0.6,-35.9,324.1,-0.02,0.0,0.0,24.9,72,AUTO.LOITER,0,0
2026-08-18T02:54:41,1786996481,13.822799,100.51163,15.4,-0.04,-0.6,-0.6,-35.9,324.1,-0.03,0.0,0.0,24.9,72,AUTO.LOITER,0,0
2026-08-18T02:54:42,1786996482,13.822799,100.51163,15.4,-0.04,-0.6,-0.6,-35.9,324.1,-0.01,0.0,0.0,24.9,72,AUTO.LOITER,0,0
2026-08-18T02:54:43,1786996483,13.822799,100.51163,15.4,-0.04,-0.6,-0.6,-35.9,324.1,0.0,0.0,0.0,24.9,72,AUTO.LOITER,0,0
2026-08-18T02:54:44,1786996484,13.822799,100.51163,15.4,-0.04,-0.6,-0.6,-35.9,324.1,-0.01,0.01,0.0,24.9,72,AUTO.LOITER,0,0
2026-08-18T02:54:45,1786996485,13.822799,100.51163,15.4,-0.04,-0.6,-0.6,-35.9,324.1,-0.01,0.0,0.01,24.9,72,AUTO.LOITER,0,0
2026-08-18T02:54:46,1786996486,13.822799,100.51163,15.4,-0.05,-0.6,-0.6,-35.9,324.1,0.0,0.0,0.01,24.9,72,AUTO.LOITER,0,0
2026-08-18T02:54:47,1786996487,13.822799,100.51163,15.4,-0.05,-0.5,-0.6,-35.9,324.1,0.0,0.0,0.02,24.9,72,AUTO.LOITER,0,0
2026-08-18T02:54:48,1786996488,13.822799,100.51163,15.4,-0.05,-0.5,-0.6,-35.9,324.1,0.0,0.01,0.01,24.9,72,AUTO.LOITER,0,0
2026-08-18T02:54:49,1786996489,13.822799,100.51163,15.4,-0.04,-0.5,-0.6,-35.9,324.1,0.0,0.01,0.0,24.9,72,AUTO.LOITER,0,0
2026-08-18T02:54:50,1786996490,13.822799,100.51163,15.4,-0.04,-0.5,-0.6,-35.9,324.1,0.0,0.01,0.0,24.9,72,AUTO.LOITER,0,0
2026-08-18T02:54:51,1786996491,13.822799,100.51163,15.3,-0.04,-0.5,-0.6,-35.9,324.1,0.0,0.01,0.0,24.9,72,AUTO.LOITER,0,0
2026-08-18T02:54:52,1786996492,13.822799,100.51163,15.4,-0.04,-0.5,-0.7,-35.9,324.1,0.0,0.01,0.0,24.9,72,AUTO.LOITER,0,0
2026-08-18T02:54:53,1786996493,13.822799,100.51163,15.4,-0.04,-0.5,-0.7,-35.9,324.1,0.0,0.01,0.0,24.9,72,AUTO.LOITER,0,0
2026-08-18T02:54:54,1786996494,13.822799,100.51163,15.4,-0.01,-0.6,-0.7,-35.9,324.1,0.0,0.03,-0.02,24.9,72,AUTO.LOITER,0,0
2026-08-18T02:54:55,1786996495,13.822799,100.51163,15.4,-0.01,-0.7,-0.7,-35.9,324.1,0.0,0.03,-0.02,24.9,72,AUTO.LOITER,0,0
2026-08-18T02:54:56,1786996496,13.822799,100.51163,15.4,-0.03,-0.6,-0.7,-35.9,324.1,-0.01,0.0,0.0,24.9,72,AUTO.LOITER,0,0
2026-08-18T02:54:57,1786996497,13.822799,100.51163,15.4,-0.04,-0.6,-0.7,-35.9,324.1,0.0,0.0,0.0,24.9,72,AUTO.LOITER,0,0
2026-08-18T02:54:58,1786996498,13.822799,100.51163,15.4,-0.04,-0.6,-0.8,-36.0,324.0,0.0,0.02,0.0,24.9,72,AUTO.LOITER,0,0
2026-08-18T02:54:59,1786996499,13.822799,100.51163,15.4,-0.03,-0.6,-0.8,-36.0,324.0,0.0,0.02,-0.01,24.9,72,AUTO.LOITER,0,0
2026-08-18T02:55:00,1786996500,13.822799,100.51163,15.4,-0.02,-0.7,-0.8,-36.0,324.0,0.0,0.0,-0.01,24.9,72,AUTO.LOITER,0,0
2026-08-18T02:55:01,1786996501,13.822799,100.51163,15.4,-0.03,-0.7,-0.8,-36.0,324.0,0.0,-0.01,0.0,24.9,72,AUTO.LOITER,0,0
2026-08-18T02:55:02,1786996502,13.822799,100.51163,15.4,-0.03,-0.7,-0.8,-36.0,324.0,0.0,-0.02,0.0,24.9,72,AUTO.LOITER,0,0
2026-08-18T02:55:03,1786996503,13.822799,100.51163,15.4,-0.04,-0.6,-0.8,-36.0,324.0,0.0,-0.02,0.0,24.9,72,AUTO.LOITER,0,0
2026-08-18T02:55:04,1786996504,13.822799,100.51163,15.4,-0.04,-0.6,-0.8,-36.0,324.0,0.0,-0.03,0.01,24.9,72,AUTO.LOITER,0,0
2026-08-18T02:55:05,1786996505,13.822799,100.51163,15.4,-0.05,-0.6,-0.8,-36.0,324.0,0.0,-0.02,0.01,24.9,72,AUTO.LOITER,0,0
2026-08-18T02:55:06,1786996506,13.822799,100.51163,15.4,-0.05,-0.6,-0.9,-36.0,324.0,0.0,-0.02,0.01,24.9,72,AUTO.LOITER,0,0
2026-08-18T02:55:07,1786996507,13.822799,100.51163,15.4,-0.05,-0.5,-0.9,-36.0,324.0,0.0,-0.02,0.01,24.9,72,AUTO.LOITER,0,0
2026-08-18T02:55:08,1786996508,13.822799,100.51163,15.4,-0.05,-0.5,-0.9,-36.1,323.9,0.0,0.0,0.01,24.9,72,AUTO.LOITER,0,0
2026-08-18T02:55:09,1786996509,13.822799,100.51163,15.4,-0.05,-0.5,-0.9,-36.1,323.9,0.0,0.0,0.0,24.9,72,AUTO.LOITER,0,0
2026-08-18T02:55:10,1786996510,13.822799,100.51163,15.4,-0.04,-0.5,-0.9,-36.1,323.9,0.0,0.0,0.0,24.9,72,AUTO.LOITER,0,0
2026-08-18T02:55:11,1786996511,13.822799,100.51163,15.4,-0.03,-0.5,-0.9,-36.1,323.9,0.0,0.0,0.0,24.9,72,AUTO.LOITER,0,0
2026-08-18T02:55:12,1786996512,13.822799,100.51163,15.4,-0.03,-0.5,-0.9,-36.1,323.9,0.0,0.01,0.0,24.9,72,AUTO.LOITER,0,0
2026-08-18T02:55:13,1786996513,13.822799,100.51163,15.4,-0.03,-0.5,-0.9,-36.1,323.9,0.01,0.02,0.0,24.9,72,AUTO.LOITER,0,0
2026-08-18T02:55:14,1786996514,13.822799,100.51163,15.4,-0.03,-0.5,-0.9,-36.1,323.9,0.01,0.02,0.0,24.9,72,AUTO.LOITER,0,0
2026-08-18T02:55:15,1786996515,13.822799,100.51163,15.5,-0.03,-0.5,-1.0,-36.1,323.9,0.01,0.02,0.0,24.9,72,AUTO.LOITER,0,0
2026-08-18T02:55:16,1786996516,13.822799,100.51163,15.4,-0.07,-0.6,-0.9,-36.1,323.9,0.0,0.0,0.04,24.9,72,AUTO.LOITER,0,0
2026-08-18T02:55:17,1786996517,13.822799,100.51163,15.4,-0.07,-0.6,-0.9,-36.1,323.9,0.0,0.01,0.05,24.9,72,AUTO.LOITER,0,0
2026-08-18T02:55:18,1786996518,13.822799,100.51163,15.4,-0.09,-0.6,-1.0,-36.1,323.9,0.0,0.01,0.06,24.9,72,AUTO.LOITER,0,0
2026-08-18T02:55:19,1786996519,13.822799,100.51163,15.4,-0.09,-0.6,-1.0,-36.1,323.9,0.0,0.0,0.06,24.9,72,AUTO.LOITER,0,0
2026-08-18T02:55:20,1786996520,13.822799,100.51163,15.4,-0.09,-0.6,-1.0,-36.1,323.9,0.0,0.0,0.06,24.9,72,AUTO.LOITER,0,0
2026-08-18T02:55:21,1786996521,13.822799,100.51163,15.4,-0.09,-0.6,-1.0,-36.1,323.9,0.0,0.0,0.06,24.9,72,AUTO.LOITER,0,0
2026-08-18T02:55:22,1786996522,13.822799,100.51163,15.4,-0.08,-0.7,-1.0,-36.1,323.9,0.0,0.01,0.05,24.9,72,AUTO.LOITER,0,0
2026-08-18T02:55:23,1786996523,13.822799,100.51163,15.4,-0.07,-0.7,-1.0,-36.1,323.9,0.0,0.0,0.04,24.9,72,AUTO.LOITER,0,0
2026-08-18T02:55:24,1786996524,13.822799,100.51163,15.4,-0.07,-0.7,-1.0,-36.1,323.9,0.0,0.0,0.03,24.9,72,AUTO.LOITER,0,0
2026-08-18T02:55:25,1786996525,13.822799,100.51163,15.4,-0.07,-0.7,-1.0,-36.1,323.9,0.0,-0.01,0.04,24.9,72,AUTO.LOITER,0,0
2026-08-18T02:55:26,1786996526,13.822799,100.51163,15.4,-0.07,-0.7,-1.0,-36.1,323.9,0.01,-0.01,0.03,24.9,72,AUTO.LOITER,0,0
2026-08-18T02:55:27,1786996527,13.822799,100.51163,15.4,-0.07,-0.7,-1.0,-36.1,323.9,0.0,-0.02,0.04,24.9,72,AUTO.LOITER,0,0
2026-08-18T02:55:28,1786996528,13.822799,100.51163,15.4,-0.08,-0.7,-1.0,-36.1,323.9,0.0,-0.01,0.05,24.9,72,AUTO.LOITER,0,0
2026-08-18T02:55:29,1786996529,13.822799,100.51163,15.4,-0.08,-0.7,-1.0,-36.1,323.9,0.0,0.0,0.04,24.9,72,AUTO.LOITER,0,0
2026-08-18T02:55:30,1786996530,13.822799,100.51163,15.4,-0.07,-0.7,-1.0,-36.1,323.9,0.0,0.0,0.03,24.9,72,AUTO.LOITER,0,0
2026-08-18T02:55:31,1786996531,13.822799,100.51163,15.4,-0.06,-0.7,-1.0,-36.1,323.9,0.0,0.0,0.02,24.9,72,AUTO.LOITER,0,0
2026-08-18T02:55:32,1786996532,13.822799,100.51163,15.4,-0.06,-0.7,-1.0,-36.1,323.9,0.0,0.0,0.02,24.9,72,AUTO.LOITER,0,0
2026-08-18T02:55:33,1786996533,13.822799,100.51163,15.4,-0.06,-0.7,-1.0,-36.0,324.0,0.0,0.0,0.02,24.9,72,AUTO.LOITER,0,0
2026-08-18T02:55:34,1786996534,13.822799,100.51163,15.4,-0.05,-0.7,-1.0,-36.0,324.0,0.0,0.0,0.02,24.9,72,AUTO.LOITER,0,0
2026-08-18T02:55:35,1786996535,13.822799,100.51163,15.4,-0.05,-0.7,-1.0,-36.0,324.0,0.0,-0.01,0.01,24.9,72,AUTO.LOITER,0,0
2026-08-18T02:55:36,1786996536,13.822799,100.511631,15.5,-0.05,-0.8,-0.9,-36.0,324.0,0.0,-0.01,0.01,24.9,72,AUTO.LOITER,0,0
2026-08-18T02:55:37,1786996537,13.822799,100.51163,15.4,-0.05,-0.8,-0.9,-36.0,324.0,0.0,-0.01,0.01,24.9,72,AUTO.LOITER,0,0
2026-08-18T02:55:38,1786996538,13.822799,100.51163,15.4,-0.05,-0.8,-0.9,-36.0,324.0,0.0,-0.02,0.01,24.9,72,AUTO.LOITER,0,0
2026-08-18T02:55:39,1786996539,13.822799,100.51163,15.4,-0.06,-0.7,-0.9,-36.0,324.0,0.0,-0.02,0.02,24.9,72,AUTO.LOITER,0,0
2026-08-18T02:55:40,1786996540,13.822799,100.51163,15.4,-0.06,-0.7,-0.8,-36.0,324.0,0.0,-0.01,0.02,24.9,72,AUTO.LOITER,0,0
2026-08-18T02:55:41,1786996541,13.822799,100.51163,15.4,-0.06,-0.7,-0.8,-36.0,324.0,0.0,0.0,0.02,24.9,72,AUTO.LOITER,0,0
2026-08-18T02:55:42,1786996542,13.822799,100.51163,15.4,-0.06,-0.7,-0.8,-36.0,324.0,-0.01,0.0,0.02,24.9,72,AUTO.LOITER,0,0
2026-08-18T02:55:43,1786996543,13.822799,100.51163,15.4,-0.06,-0.7,-0.8,-36.0,324.0,-0.01,0.0,0.02,24.9,72,AUTO.LOITER,0,0
2026-08-18T02:55:44,1786996544,13.822799,100.51163,15.4,-0.06,-0.7,-0.8,-36.0,324.0,-0.02,0.0,0.03,24.9,72,AUTO.LOITER,0,0
2026-08-18T02:55:45,1786996545,13.822799,100.51163,15.4,-0.07,-0.7,-0.8,-35.9,324.1,-0.01,0.0,0.03,24.9,72,AUTO.LOITER,0,0
2026-08-18T02:55:46,1786996546,13.822799,100.51163,15.4,-0.07,-0.7,-0.8,-35.9,324.1,0.0,0.0,0.04,24.9,72,AUTO.LOITER,0,0
2026-08-18T02:55:47,1786996547,13.822799,100.51163,15.4,-0.08,-0.7,-0.8,-35.9,324.1,0.01,0.0,0.05,24.9,72,AUTO.LOITER,0,0
2026-08-18T02:55:48,1786996548,13.822799,100.51163,15.4,-0.08,-0.7,-0.7,-35.9,324.1,0.01,0.0,0.05,24.9,72,AUTO.LOITER,0,0
2026-08-18T02:55:49,1786996549,13.822799,100.51163,15.4,-0.09,-0.7,-0.7,-35.9,324.1,0.0,0.0,0.05,24.9,72,AUTO.LOITER,0,0
2026-08-18T02:55:50,1786996550,13.822799,100.51163,15.4,-0.08,-0.8,-0.7,-35.9,324.1,0.01,-0.01,0.05,24.9,72,AUTO.LOITER,0,0
2026-08-18T02:55:51,1786996551,13.822799,100.51163,15.4,-0.08,-0.8,-0.7,-35.9,324.1,0.01,-0.01,0.05,24.9,72,AUTO.LOITER,0,0
2026-08-18T02:55:52,1786996552,13.822799,100.51163,15.4,-0.08,-0.8,-0.6,-35.9,324.1,0.03,-0.01,0.05,24.9,72,AUTO.LOITER,0,0
2026-08-18T02:55:53,1786996553,13.822799,100.51163,15.4,-0.08,-0.8,-0.5,-35.9,324.1,0.02,0.0,0.05,24.9,72,AUTO.LOITER,0,0
2026-08-18T02:55:54,1786996554,13.822799,100.51163,15.4,-0.09,-0.8,-0.5,-35.9,324.1,0.02,0.0,0.05,24.9,72,AUTO.LOITER,0,0
2026-08-18T02:55:55,1786996555,13.822799,100.51163,15.4,-0.09,-0.9,-0.5,-35.9,324.1,0.0,0.0,0.06,24.9,72,AUTO.LOITER,0,0
2026-08-18T02:55:56,1786996556,13.822799,100.51163,15.4,-0.09,-0.9,-0.4,-35.9,324.1,0.0,0.0,0.05,24.9,72,AUTO.LOITER,0,0
2026-08-18T02:55:57,1786996557,13.822799,100.51163,15.4,-0.08,-0.9,-0.4,-35.8,324.2,0.0,0.0,0.04,24.9,72,AUTO.LOITER,0,0
2026-08-18T02:55:58,1786996558,13.822799,100.51163,15.4,-0.08,-0.9,-0.4,-35.8,324.2,0.0,0.01,0.04,24.9,72,AUTO.LOITER,0,0
2026-08-18T02:55:59,1786996559,13.822799,100.51163,15.4,-0.08,-0.9,-0.4,-35.8,324.2,0.0,0.01,0.04,24.9,72,AUTO.LOITER,0,0
2026-08-18T02:56:00,1786996560,13.822799,100.51163,15.4,-0.08,-0.9,-0.4,-35.8,324.2,0.0,0.01,0.04,24.9,72,AUTO.LOITER,0,0
2026-08-18T02:56:01,1786996561,13.822799,100.51163,15.4,-0.08,-0.9,-0.4,-35.8,324.2,0.0,0.01,0.04,24.9,72,AUTO.LOITER,0,0
2026-08-18T02:56:02,1786996562,13.822799,100.51163,15.4,-0.07,-0.9,-0.4,-35.8,324.2,-0.02,-0.01,0.03,24.9,72,AUTO.LOITER,0,0
2026-08-18T02:56:03,1786996563,13.822799,100.51163,15.4,-0.07,-0.9,-0.3,-35.8,324.2,-0.02,0.0,0.03,24.9,72,AUTO.LOITER,0,0
2026-08-18T02:56:04,1786996564,13.822799,100.51163,15.4,-0.07,-0.8,-0.3,-35.8,324.2,-0.01,0.0,0.04,24.9,72,AUTO.LOITER,0,0
2026-08-18T02:56:05,1786996565,13.822799,100.511631,15.4,-0.07,-0.9,-0.3,-35.8,324.2,-0.01,0.0,0.04,24.9,72,AUTO.LOITER,0,0
2026-08-18T02:56:06,1786996566,13.822799,100.51163,15.4,-0.08,-0.9,-0.3,-35.9,324.1,0.0,-0.01,0.04,24.9,72,AUTO.LOITER,0,0
2026-08-18T02:56:07,1786996567,13.822799,100.51163,15.4,-0.08,-0.8,-0.3,-35.9,324.1,0.0,0.0,0.04,24.9,72,AUTO.LOITER,0,0
2026-08-18T02:56:08,1786996568,13.822799,100.51163,15.4,-0.08,-0.8,-0.3,-35.9,324.1,0.0,0.0,0.05,24.9,72,AUTO.LOITER,0,0
2026-08-18T02:56:09,1786996569,13.822799,100.51163,15.4,-0.08,-0.9,-0.2,-35.9,324.1,0.0,0.0,0.04,24.9,72,AUTO.LOITER,0,0
2026-08-18T02:56:10,1786996570,13.822799,100.51163,15.4,-0.08,-0.9,-0.2,-35.9,324.1,0.0,0.0,0.04,24.9,72,AUTO.LOITER,0,0
2026-08-18T02:56:11,1786996571,13.822799,100.51163,15.4,-0.08,-0.9,-0.2,-35.9,324.1,0.0,0.01,0.04,24.9,72,AUTO.LOITER,0,0
2026-08-18T02:56:12,1786996572,13.822799,100.51163,15.4,-0.07,-0.9,-0.2,-35.9,324.1,0.0,0.01,0.03,24.9,72,AUTO.LOITER,0,0
2026-08-18T02:56:13,1786996573,13.822799,100.51163,15.4,-0.07,-0.9,-0.2,-35.9,324.1,-0.01,0.01,0.02,24.9,72,AUTO.LOITER,0,0
2026-08-18T02:56:14,1786996574,13.822799,100.51163,15.4,-0.07,-0.9,-0.2,-35.9,324.1,-0.01,0.01,0.02,24.9,72,AUTO.LOITER,0,0
2026-08-18T02:56:15,1786996575,13.822798,100.51163,15.4,-0.06,-0.9,-0.2,-35.9,324.1,-0.05,0.0,0.02,24.9,72,AUTO.LOITER,0,0
2026-08-18T02:56:16,1786996576,13.822798,100.51163,15.4,-0.06,-0.9,-0.2,-35.9,324.1,-0.04,0.0,0.01,24.9,72,AUTO.LOITER,0,0
2026-08-18T02:56:17,1786996577,13.822799,100.51163,15.4,-0.06,-0.9,-0.2,-35.9,324.1,-0.01,0.0,0.02,24.9,72,AUTO.LOITER,0,0
2026-08-18T02:56:18,1786996578,13.822799,100.51163,15.4,-0.06,-0.8,-0.2,-36.0,324.0,0.01,0.01,0.02,24.9,72,AUTO.LOITER,0,0
2026-08-18T02:56:19,1786996579,13.822799,100.51163,15.4,-0.07,-0.9,-0.2,-36.0,324.0,0.0,0.02,0.03,24.9,72,AUTO.LOITER,0,0
2026-08-18T02:56:20,1786996580,13.822799,100.51163,15.4,-0.07,-0.9,-0.2,-36.0,324.0,0.0,0.02,0.03,24.9,72,AUTO.LOITER,0,0
2026-08-18T02:56:21,1786996581,13.822799,100.51163,15.4,-0.07,-0.9,-0.2,-36.0,324.0,0.0,0.02,0.03,24.9,72,AUTO.LOITER,0,0
2026-08-18T02:56:22,1786996582,13.822799,100.51163,15.4,-0.07,-0.9,-0.2,-36.0,324.0,0.0,0.02,0.03,24.9,72,AUTO.LOITER,0,0
2026-08-18T02:56:23,1786996583,13.822799,100.51163,15.4,-0.07,-0.9,-0.2,-36.0,324.0,-0.02,0.01,0.02,24.9,72,AUTO.LOITER,0,0
2026-08-18T02:56:24,1786996584,13.822799,100.51163,15.4,-0.06,-0.9,-0.2,-36.0,324.0,0.0,0.0,0.02,24.9,72,AUTO.LOITER,0,0
2026-08-18T02:56:25,1786996585,13.822799,100.51163,15.4,-0.06,-0.9,-0.2,-36.0,324.0,0.0,-0.01,0.02,24.9,72,AUTO.LOITER,0,0
2026-08-18T02:56:26,1786996586,13.822799,100.51163,15.4,-0.06,-0.9,-0.1,-36.0,324.0,0.0,0.0,0.01,24.9,72,AUTO.LOITER,0,0
2026-08-18T02:56:27,1786996587,13.822799,100.51163,15.4,-0.06,-0.9,-0.1,-36.0,324.0,0.0,0.0,0.01,24.9,72,AUTO.LOITER,0,0
2026-08-18T02:56:28,1786996588,13.822799,100.51163,15.4,-0.05,-0.9,-0.1,-36.0,324.0,-0.01,0.0,0.0,24.9,72,AUTO.LOITER,0,0
2026-08-18T02:56:29,1786996589,13.822799,100.51163,15.4,-0.04,-0.9,-0.1,-36.0,324.0,-0.02,0.0,0.0,24.9,73,AUTO.LOITER,0,0
2026-08-18T02:56:30,1786996590,13.822799,100.51163,15.4,-0.04,-0.9,-0.1,-36.0,324.0,-0.02,0.0,0.0,24.9,73,AUTO.LOITER,0,0
2026-08-18T02:56:31,1786996591,13.822799,100.51163,15.4,-0.04,-0.9,-0.1,-36.1,323.9,-0.02,0.01,0.0,24.9,73,AUTO.LOITER,0,0
2026-08-18T02:56:32,1786996592,13.822799,100.51163,15.4,-0.05,-0.9,-0.1,-36.1,323.9,-0.02,0.0,0.0,24.9,73,AUTO.LOITER,0,0
2026-08-18T02:56:33,1786996593,13.822798,100.51163,15.4,-0.06,-0.9,-0.1,-36.1,323.9,-0.03,0.0,0.01,24.9,73,AUTO.LOITER,0,0
2026-08-18T02:56:34,1786996594,13.822799,100.51163,15.4,-0.06,-0.9,-0.2,-36.1,323.9,-0.03,0.0,0.01,24.9,73,AUTO.LOITER,0,0
2026-08-18T02:56:35,1786996595,13.822799,100.51163,15.5,-0.07,-0.9,-0.2,-36.1,323.9,-0.04,0.0,0.02,24.9,73,AUTO.LOITER,0,0
2026-08-18T02:56:36,1786996596,13.822799,100.51163,15.4,-0.07,-0.9,-0.2,-36.1,323.9,-0.04,0.0,0.02,24.9,73,AUTO.LOITER,0,0
2026-08-18T02:56:37,1786996597,13.822799,100.51163,15.4,-0.07,-0.8,-0.3,-36.1,323.9,-0.02,0.0,0.02,24.9,73,AUTO.LOITER,0,0
2026-08-18T02:56:38,1786996598,13.822799,100.51163,15.4,-0.07,-0.8,-0.3,-36.1,323.9,-0.02,0.0,0.02,24.9,73,AUTO.LOITER,0,0
2026-08-18T02:56:39,1786996599,13.822799,100.51163,15.3,-0.07,-0.8,-0.3,-36.1,323.9,-0.02,0.0,0.02,24.9,73,AUTO.LOITER,0,0
2026-08-18T02:56:40,1786996600,13.822799,100.51163,15.4,-0.06,-0.8,-0.3,-36.1,323.9,0.0,0.01,0.01,24.9,73,AUTO.LOITER,0,0
2026-08-18T02:56:41,1786996601,13.822799,100.51163,15.4,-0.05,-0.9,-0.3,-36.1,323.9,0.0,0.0,0.0,24.9,73,AUTO.LOITER,0,0
2026-08-18T02:56:42,1786996602,13.822799,100.51163,15.4,-0.05,-0.9,-0.4,-36.1,323.9,0.0,0.0,0.0,24.9,73,AUTO.LOITER,0,0
2026-08-18T02:56:43,1786996603,13.822799,100.51163,15.4,-0.05,-0.9,-0.4,-36.1,323.9,0.0,-0.02,0.0,24.9,73,AUTO.LOITER,0,0
2026-08-18T02:56:44,1786996604,13.822799,100.51163,15.4,-0.04,-0.9,-0.4,-36.2,323.8,0.0,-0.01,0.0,24.9,73,AUTO.LOITER,0,0
2026-08-18T02:56:45,1786996605,13.822799,100.51163,15.4,-0.04,-0.9,-0.4,-36.2,323.8,-0.01,-0.02,0.0,24.9,73,AUTO.LOITER,0,0
2026-08-18T02:56:46,1786996606,13.822799,100.51163,15.4,-0.05,-0.9,-0.4,-36.2,323.8,0.0,-0.01,0.0,24.9,73,AUTO.LOITER,0,0
2026-08-18T02:56:47,1786996607,13.822799,100.51163,15.4,-0.05,-0.9,-0.4,-36.2,323.8,0.0,0.0,0.0,24.9,73,AUTO.LOITER,0,0
2026-08-18T02:56:48,1786996608,13.822799,100.51163,15.4,-0.05,-0.9,-0.4,-36.2,323.8,0.0,0.0,0.0,24.9,73,AUTO.LOITER,0,0
2026-08-18T02:56:49,1786996609,13.822799,100.51163,15.4,-0.05,-0.9,-0.4,-36.2,323.8,0.0,0.0,0.0,24.9,73,AUTO.LOITER,0,0
2026-08-18T02:56:50,1786996610,13.822799,100.51163,15.4,-0.04,-0.9,-0.4,-36.2,323.8,0.0,0.0,0.0,24.9,73,AUTO.LOITER,0,0
2026-08-18T02:56:51,1786996611,13.822799,100.51163,15.4,-0.04,-0.9,-0.4,-36.2,323.8,-0.01,0.0,-0.01,24.9,73,AUTO.LOITER,0,0
2026-08-18T02:56:52,1786996612,13.822799,100.51163,15.4,-0.03,-1.0,-0.4,-36.2,323.8,-0.01,0.0,-0.02,24.9,73,AUTO.LOITER,0,0
2026-08-18T02:56:53,1786996613,13.822799,100.51163,15.4,-0.02,-1.0,-0.5,-36.2,323.8,-0.01,0.01,-0.02,24.9,73,AUTO.LOITER,0,0
2026-08-18T02:56:54,1786996614,13.822799,100.51163,15.4,-0.02,-1.0,-0.5,-36.2,323.8,0.0,0.0,-0.02,24.9,73,AUTO.LOITER,0,0
2026-08-18T02:56:55,1786996615,13.822799,100.51163,15.4,-0.02,-1.0,-0.5,-36.2,323.8,0.0,-0.01,-0.02,24.9,73,AUTO.LOITER,0,0
2026-08-18T02:56:56,1786996616,13.822799,100.51163,15.4,-0.03,-1.0,-0.5,-36.2,323.8,0.01,-0.02,-0.01,24.9,73,AUTO.LOITER,0,0
2026-08-18T02:56:57,1786996617,13.822799,100.51163,15.4,-0.03,-1.0,-0.5,-36.2,323.8,0.0,-0.03,-0.02,24.9,73,AUTO.LOITER,0,0
2026-08-18T02:56:58,1786996618,13.822799,100.51163,15.4,-0.03,-1.0,-0.5,-36.2,323.8,0.0,-0.03,-0.02,24.9,73,AUTO.LOITER,0,0
2026-08-18T02:56:59,1786996619,13.822799,100.51163,15.4,-0.02,-1.0,-0.5,-36.2,323.8,0.0,-0.04,-0.03,24.9,73,AUTO.LOITER,0,0
2026-08-18T02:57:00,1786996620,13.822799,100.51163,15.4,-0.02,-1.0,-0.4,-36.2,323.8,0.0,-0.02,-0.02,24.9,73,AUTO.LOITER,0,0
2026-08-18T02:57:01,1786996621,13.822799,100.51163,15.4,-0.02,-0.9,-0.4,-36.2,323.8,0.02,-0.02,-0.02,24.9,73,AUTO.LOITER,0,0
2026-08-18T02:57:02,1786996622,13.822799,100.51163,15.4,-0.02,-0.9,-0.4,-36.2,323.8,0.02,-0.02,-0.02,24.9,73,AUTO.LOITER,0,0
2026-08-18T02:57:03,1786996623,13.822799,100.51163,15.4,-0.02,-1.0,-0.4,-36.2,323.8,0.03,-0.01,-0.02,24.9,73,AUTO.LOITER,0,0
2026-08-18T02:57:04,1786996624,13.822799,100.51163,15.4,-0.03,-1.0,-0.3,-36.2,323.8,0.03,-0.01,-0.02,24.9,73,AUTO.LOITER,0,0
2026-08-18T02:57:05,1786996625,13.822799,100.51163,15.4,-0.03,-1.0,-0.3,-36.2,323.8,0.01,-0.01,-0.01,24.9,73,AUTO.LOITER,0,0
2026-08-18T02:57:06,1786996626,13.822799,100.51163,15.4,-0.03,-1.0,-0.3,-36.2,323.8,0.0,-0.02,-0.01,24.9,73,AUTO.LOITER,0,0
2026-08-18T02:57:07,1786996627,13.822799,100.51163,15.4,-0.03,-1.0,-0.3,-36.2,323.8,0.0,-0.02,-0.01,24.9,73,AUTO.LOITER,0,0
2026-08-18T02:57:08,1786996628,13.822799,100.51163,15.4,-0.03,-1.0,-0.3,-36.2,323.8,0.0,-0.02,-0.01,24.9,73,AUTO.LOITER,0,0
2026-08-18T02:57:09,1786996629,13.822799,100.51163,15.4,-0.03,-0.9,-0.3,-36.2,323.8,0.0,-0.02,-0.01,24.9,73,AUTO.LOITER,0,0
2026-08-18T02:57:10,1786996630,13.822799,100.51163,15.4,-0.04,-0.9,-0.3,-36.2,323.8,0.0,0.0,0.0,24.9,73,AUTO.LOITER,0,0
2026-08-18T02:57:11,1786996631,13.822799,100.51163,15.4,-0.04,-0.9,-0.3,-36.2,323.8,0.0,0.0,0.0,24.9,73,AUTO.LOITER,0,0
2026-08-18T02:57:12,1786996632,13.822799,100.51163,15.4,-0.04,-0.9,-0.3,-36.2,323.8,0.0,0.0,0.0,24.9,73,AUTO.LOITER,0,0
2026-08-18T02:57:13,1786996633,13.822799,100.51163,15.4,-0.05,-0.9,-0.3,-36.2,323.8,0.0,0.01,0.0,24.9,73,AUTO.LOITER,0,0
2026-08-18T02:57:14,1786996634,13.822799,100.51163,15.4,-0.05,-0.9,-0.3,-36.2,323.8,0.0,0.0,0.0,24.9,73,AUTO.LOITER,0,0
2026-08-18T02:57:15,1786996635,13.822799,100.51163,15.4,-0.05,-1.0,-0.3,-36.1,323.9,0.0,0.0,0.0,24.9,73,AUTO.LOITER,0,0
2026-08-18T02:57:16,1786996636,13.822799,100.51163,15.4,-0.05,-1.0,-0.3,-36.1,323.9,0.0,0.0,0.0,24.9,73,AUTO.LOITER,0,0
2026-08-18T02:57:17,1786996637,13.822799,100.51163,15.4,-0.04,-1.0,-0.3,-36.1,323.9,0.0,0.0,0.0,24.9,73,AUTO.LOITER,0,0
2026-08-18T02:57:18,1786996638,13.822799,100.51163,15.4,-0.05,-1.0,-0.4,-36.1,323.9,-0.01,0.0,0.0,24.9,73,AUTO.LOITER,0,0
2026-08-18T02:57:19,1786996639,13.822799,100.51163,15.4,-0.05,-1.0,-0.4,-36.1,323.9,-0.01,-0.01,0.0,24.9,73,AUTO.LOITER,0,0
2026-08-18T02:57:20,1786996640,13.822799,100.51163,15.4,-0.05,-0.9,-0.4,-36.1,323.9,-0.01,-0.01,0.0,24.9,73,AUTO.LOITER,0,0
2026-08-18T02:57:21,1786996641,13.822799,100.51163,15.4,-0.04,-0.9,-0.4,-36.1,323.9,0.0,-0.01,0.0,24.9,73,AUTO.LOITER,0,0
2026-08-18T02:57:22,1786996642,13.822799,100.51163,15.4,-0.04,-0.9,-0.4,-36.1,323.9,0.0,-0.01,0.0,24.9,73,AUTO.LOITER,0,0
2026-08-18T02:57:23,1786996643,13.822799,100.51163,15.4,-0.05,-0.9,-0.4,-36.1,323.9,0.01,-0.01,0.0,24.9,73,AUTO.LOITER,0,0
2026-08-18T02:57:24,1786996644,13.822799,100.51163,15.4,-0.05,-0.9,-0.4,-36.1,323.9,0.01,-0.01,0.0,24.9,73,AUTO.LOITER,0,0
2026-08-18T02:57:25,1786996645,13.822799,100.51163,15.4,-0.05,-0.9,-0.4,-36.1,323.9,0.01,-0.01,0.0,24.9,73,AUTO.LOITER,0,0
2026-08-18T02:57:26,1786996646,13.822799,100.51163,15.4,-0.05,-0.9,-0.4,-36.1,323.9,0.0,-0.02,0.0,24.9,73,AUTO.LOITER,0,0
2026-08-18T02:57:27,1786996647,13.822799,100.51163,15.4,-0.05,-0.9,-0.4,-36.1,323.9,-0.01,-0.01,0.0,24.9,73,AUTO.LOITER,0,0
2026-08-18T02:57:28,1786996648,13.822799,100.51163,15.4,-0.04,-0.9,-0.4,-36.1,323.9,-0.01,-0.01,-0.01,24.9,73,AUTO.LOITER,0,0
2026-08-18T02:57:29,1786996649,13.822799,100.51163,15.4,-0.03,-0.9,-0.4,-36.0,324.0,0.0,0.0,-0.01,24.9,73,AUTO.LOITER,0,0
2026-08-18T02:57:30,1786996650,13.822799,100.51163,15.4,-0.03,-0.9,-0.4,-36.1,323.9,0.0,0.0,-0.01,24.9,73,AUTO.LOITER,0,0
2026-08-18T02:57:31,1786996651,13.822799,100.51163,15.4,-0.03,-0.9,-0.4,-36.1,323.9,-0.02,-0.02,-0.02,24.9,73,AUTO.LOITER,0,0
2026-08-18T02:57:32,1786996652,13.822799,100.51163,15.4,-0.02,-0.9,-0.4,-36.1,323.9,-0.01,-0.02,-0.02,24.9,73,AUTO.LOITER,0,0
2026-08-18T02:57:33,1786996653,13.822799,100.51163,15.4,-0.03,-0.8,-0.4,-36.1,323.9,-0.01,-0.02,-0.02,24.9,73,AUTO.LOITER,0,0
2026-08-18T02:57:34,1786996654,13.822799,100.51163,15.4,-0.03,-0.8,-0.4,-36.1,323.9,0.0,-0.03,-0.02,24.9,73,AUTO.LOITER,0,0
2026-08-18T02:57:35,1786996655,13.822799,100.51163,15.4,-0.02,-0.8,-0.4,-36.1,323.9,0.0,-0.02,-0.02,24.9,73,AUTO.LOITER,0,0
2026-08-18T02:57:36,1786996656,13.822799,100.51163,15.4,-0.03,-0.8,-0.4,-36.1,323.9,0.0,-0.02,-0.01,24.9,73,AUTO.LOITER,0,0
2026-08-18T02:57:37,1786996657,13.822799,100.51163,15.4,-0.03,-0.8,-0.4,-36.1,323.9,0.0,-0.01,-0.01,24.9,73,AUTO.LOITER,0,0
2026-08-18T02:57:38,1786996658,13.822799,100.51163,15.4,-0.04,-0.8,-0.3,-36.1,323.9,0.0,-0.02,-0.01,24.9,73,AUTO.LOITER,0,0
2026-08-18T02:57:39,1786996659,13.822799,100.51163,15.4,-0.04,-0.7,-0.3,-36.1,323.9,-0.01,-0.01,-0.01,24.9,73,AUTO.LOITER,0,0
2026-08-18T02:57:40,1786996660,13.822799,100.51163,15.4,-0.04,-0.7,-0.3,-36.1,323.9,-0.01,0.0,0.0,24.9,73,AUTO.LOITER,0,0
2026-08-18T02:57:41,1786996661,13.822799,100.51163,15.4,-0.04,-0.7,-0.3,-36.1,323.9,-0.01,0.01,0.0,24.9,73,AUTO.LOITER,0,0
2026-08-18T02:57:42,1786996662,13.822799,100.51163,15.4,-0.05,-0.7,-0.4,-36.1,323.9,0.0,0.02,0.01,24.9,73,AUTO.LOITER,0,0
2026-08-18T02:57:43,1786996663,13.822799,100.51163,15.4,-0.06,-0.7,-0.4,-36.1,323.9,0.0,0.03,0.01,24.9,73,AUTO.LOITER,0,0
2026-08-18T02:57:44,1786996664,13.822799,100.51163,15.4,-0.05,-0.7,-0.4,-36.1,323.9,0.0,0.03,0.0,24.9,73,AUTO.LOITER,0,0
2026-08-18T02:57:45,1786996665,13.822799,100.51163,15.4,-0.05,-0.8,-0.5,-36.1,323.9,0.0,0.03,0.0,24.9,73,AUTO.LOITER,0,0
2026-08-18T02:57:46,1786996666,13.822799,100.51163,15.4,-0.05,-0.8,-0.5,-36.1,323.9,0.0,0.01,0.01,24.9,73,AUTO.LOITER,0,0
2026-08-18T02:57:47,1786996667,13.822799,100.51163,15.4,-0.06,-0.8,-0.5,-36.1,323.9,0.01,0.01,0.01,24.9,73,AUTO.LOITER,0,0
2026-08-18T02:57:48,1786996668,13.822799,100.51163,15.4,-0.05,-0.8,-0.5,-36.1,323.9,0.0,0.0,0.0,24.9,73,AUTO.LOITER,0,0
2026-08-18T02:57:49,1786996669,13.822799,100.51163,15.4,-0.05,-0.8,-0.5,-36.1,323.9,-0.01,-0.02,0.0,24.9,73,AUTO.LOITER,0,0
2026-08-18T02:57:50,1786996670,13.822799,100.51163,15.4,-0.05,-0.8,-0.6,-36.1,323.9,-0.01,-0.01,0.0,24.9,73,AUTO.LOITER,0,0
2026-08-18T02:57:51,1786996671,13.822799,100.51163,15.4,-0.05,-0.8,-0.6,-36.1,323.9,-0.01,-0.01,0.01,24.9,73,AUTO.LOITER,0,0
2026-08-18T02:57:52,1786996672,13.822799,100.51163,15.4,-0.06,-0.8,-0.6,-36.1,323.9,-0.02,-0.01,0.01,24.9,73,AUTO.LOITER,0,0
2026-08-18T02:57:53,1786996673,13.822799,100.51163,15.4,-0.06,-0.8,-0.6,-36.1,323.9,-0.01,-0.01,0.02,24.9,73,AUTO.LOITER,0,0
2026-08-18T02:57:54,1786996674,13.822799,100.51163,15.4,-0.06,-0.7,-0.6,-36.1,323.9,-0.01,-0.01,0.01,24.9,73,AUTO.LOITER,0,0
2026-08-18T02:57:55,1786996675,13.822799,100.51163,15.4,-0.06,-0.7,-0.7,-36.1,323.9,0.0,-0.02,0.01,24.9,73,AUTO.LOITER,0,0
2026-08-18T02:57:56,1786996676,13.822799,100.51163,15.4,-0.05,-0.7,-0.7,-36.1,323.9,0.02,-0.01,0.0,24.9,73,AUTO.LOITER,0,0
2026-08-18T02:57:57,1786996677,13.822799,100.51163,15.4,-0.04,-0.7,-0.6,-36.1,323.9,0.02,0.0,-0.01,24.9,73,AUTO.LOITER,0,0
2026-08-18T02:57:58,1786996678,13.822799,100.51163,15.4,-0.04,-0.7,-0.6,-36.1,323.9,0.02,0.0,-0.01,24.9,73,AUTO.LOITER,0,0
2026-08-18T02:57:59,1786996679,13.822799,100.51163,15.4,-0.04,-0.7,-0.6,-36.1,323.9,0.02,0.0,-0.01,24.9,73,AUTO.LOITER,0,0
2026-08-18T02:58:00,1786996680,13.822799,100.51163,15.4,-0.03,-0.7,-0.6,-36.1,323.9,0.01,0.0,-0.01,24.9,73,AUTO.LOITER,0,0
2026-08-18T02:58:01,1786996681,13.822799,100.51163,15.4,-0.03,-0.7,-0.7,-36.1,323.9,0.01,0.0,-0.01,24.9,73,AUTO.LOITER,0,0
2026-08-18T02:58:02,1786996682,13.822799,100.51163,15.4,-0.04,-0.7,-0.7,-36.1,323.9,0.0,-0.01,0.0,24.9,73,AUTO.LOITER,0,0
2026-08-18T02:58:03,1786996683,13.822799,100.51163,15.4,-0.04,-0.7,-0.6,-36.1,323.9,0.0,-0.01,0.0,24.9,73,AUTO.LOITER,0,0
2026-08-18T02:58:04,1786996684,13.822799,100.51163,15.4,-0.04,-0.7,-0.7,-36.1,323.9,-0.01,-0.01,0.0,24.9,73,AUTO.LOITER,0,0
2026-08-18T02:58:05,1786996685,13.822799,100.51163,15.4,-0.05,-0.7,-0.6,-36.1,323.9,0.0,-0.02,0.01,24.9,73,AUTO.LOITER,0,0
2026-08-18T02:58:06,1786996686,13.822799,100.51163,15.4,-0.06,-0.7,-0.6,-36.1,323.9,0.0,-0.02,0.01,24.9,73,AUTO.LOITER,0,0
2026-08-18T02:58:07,1786996687,13.822799,100.51163,15.4,-0.06,-0.7,-0.6,-36.1,323.9,0.02,0.0,0.01,24.9,73,AUTO.LOITER,0,0
2026-08-18T02:58:08,1786996688,13.822799,100.51163,15.4,-0.05,-0.7,-0.6,-36.1,323.9,0.03,0.0,0.0,24.9,73,AUTO.LOITER,0,0
2026-08-18T02:58:09,1786996689,13.822799,100.51163,15.4,-0.04,-0.7,-0.6,-36.1,323.9,0.03,0.0,-0.01,24.9,73,AUTO.LOITER,0,0
2026-08-18T02:58:10,1786996690,13.822799,100.51163,15.4,-0.03,-0.7,-0.5,-36.1,323.9,0.03,0.01,-0.01,24.9,73,AUTO.LOITER,0,0
2026-08-18T02:58:11,1786996691,13.822799,100.51163,15.4,-0.04,-0.7,-0.5,-36.1,323.9,0.02,0.01,0.0,24.9,73,AUTO.LOITER,0,0
2026-08-18T02:58:12,1786996692,13.822799,100.51163,15.4,-0.04,-0.8,-0.5,-36.1,323.9,0.01,0.0,0.0,24.9,73,AUTO.LOITER,0,0
2026-08-18T02:58:13,1786996693,13.822799,100.51163,15.5,-0.04,-0.8,-0.5,-36.1,323.9,0.01,0.0,0.0,24.9,73,AUTO.LOITER,0,0
2026-08-18T02:58:14,1786996694,13.822799,100.51163,15.4,-0.04,-0.8,-0.4,-36.1,323.9,0.0,-0.01,0.0,24.9,73,AUTO.LOITER,0,0
2026-08-18T02:58:15,1786996695,13.822799,100.51163,15.4,-0.04,-0.8,-0.4,-36.1,323.9,0.0,-0.01,0.0,24.9,73,AUTO.LOITER,0,0
2026-08-18T02:58:16,1786996696,13.822799,100.51163,15.4,-0.05,-0.8,-0.4,-36.1,323.9,0.01,0.0,0.01,24.9,73,AUTO.LOITER,0,0
2026-08-18T02:58:17,1786996697,13.822799,100.51163,15.4,-0.05,-0.8,-0.4,-36.1,323.9,0.01,0.0,0.01,24.9,73,AUTO.LOITER,0,0
2026-08-18T02:58:18,1786996698,13.822799,100.51163,15.4,-0.07,-0.9,-0.4,-36.1,323.9,0.01,-0.01,0.03,24.9,73,AUTO.LOITER,0,0
2026-08-18T02:58:19,1786996699,13.822799,100.51163,15.4,-0.08,-0.9,-0.4,-36.1,323.9,0.01,-0.01,0.04,24.9,73,AUTO.LOITER,0,0
2026-08-18T02:58:20,1786996700,13.822799,100.51163,15.4,-0.07,-0.9,-0.4,-36.1,323.9,0.0,0.0,0.03,24.9,73,AUTO.LOITER,0,0
2026-08-18T02:58:21,1786996701,13.822799,100.51163,15.4,-0.07,-0.9,-0.3,-36.1,323.9,0.0,0.0,0.02,24.9,73,AUTO.LOITER,0,0
2026-08-18T02:58:22,1786996702,13.822799,100.51163,15.4,-0.07,-0.9,-0.3,-36.1,323.9,0.0,0.0,0.02,24.9,73,AUTO.LOITER,0,0
2026-08-18T02:58:23,1786996703,13.822799,100.51163,15.4,-0.06,-0.9,-0.3,-36.1,323.9,0.0,0.0,0.02,24.9,73,AUTO.LOITER,0,0
2026-08-18T02:58:24,1786996704,13.822799,100.51163,15.4,-0.06,-0.9,-0.3,-36.1,323.9,0.0,0.0,0.02,24.9,73,AUTO.LOITER,0,0
2026-08-18T02:58:25,1786996705,13.822799,100.51163,15.3,-0.06,-0.9,-0.3,-36.1,323.9,0.0,0.0,0.02,24.9,73,AUTO.LOITER,0,0
2026-08-18T02:58:26,1786996706,13.822799,100.51163,15.4,-0.08,-0.9,-0.3,-36.1,323.9,0.02,-0.01,0.04,24.9,73,AUTO.LOITER,0,0
2026-08-18T02:58:27,1786996707,13.822799,100.51163,15.4,-0.08,-0.9,-0.3,-36.1,323.9,0.0,-0.02,0.04,24.9,73,AUTO.LOITER,0,0
2026-08-18T02:58:28,1786996708,13.822799,100.51163,15.4,-0.08,-0.9,-0.3,-36.1,323.9,0.0,-0.02,0.04,24.9,73,AUTO.LOITER,0,0
2026-08-18T02:58:29,1786996709,13.822799,100.51163,15.3,-0.08,-0.9,-0.3,-36.1,323.9,-0.01,-0.01,0.03,24.9,73,AUTO.LOITER,0,0
2026-08-18T02:58:30,1786996710,13.822799,100.51163,15.4,-0.08,-0.9,-0.3,-36.1,323.9,-0.03,-0.03,0.03,24.9,73,AUTO.LOITER,0,0
2026-08-18T02:58:31,1786996711,13.822799,100.51163,15.4,-0.07,-0.8,-0.3,-36.1,323.9,-0.03,-0.03,0.02,24.9,73,AUTO.LOITER,0,0
2026-08-18T02:58:32,1786996712,13.822799,100.51163,15.4,-0.07,-0.8,-0.3,-36.1,323.9,-0.01,-0.01,0.02,24.9,73,AUTO.LOITER,0,0
2026-08-18T02:58:33,1786996713,13.822799,100.51163,15.4,-0.06,-0.7,-0.2,-36.1,323.9,0.0,-0.01,0.01,24.9,73,AUTO.LOITER,0,0
2026-08-18T02:58:34,1786996714,13.822799,100.51163,15.4,-0.06,-0.7,-0.2,-36.1,323.9,-0.02,0.0,0.01,24.9,73,AUTO.LOITER,0,0
2026-08-18T02:58:35,1786996715,13.822799,100.51163,15.4,-0.05,-0.7,-0.3,-36.1,323.9,-0.01,-0.01,0.0,24.9,73,AUTO.LOITER,0,0
2026-08-18T02:58:36,1786996716,13.822799,100.51163,15.4,-0.05,-0.7,-0.3,-36.1,323.9,-0.01,-0.01,0.0,24.9,73,AUTO.LOITER,0,0
2026-08-18T02:58:37,1786996717,13.822799,100.51163,15.4,-0.04,-0.6,-0.3,-36.1,323.9,0.0,-0.01,0.0,24.9,73,AUTO.LOITER,0,0
2026-08-18T02:58:38,1786996718,13.822799,100.51163,15.4,-0.03,-0.6,-0.3,-36.1,323.9,0.02,-0.01,-0.01,24.9,73,AUTO.LOITER,0,0
2026-08-18T02:58:39,1786996719,13.822799,100.51163,15.4,-0.03,-0.6,-0.2,-36.1,323.9,0.02,-0.01,-0.01,24.9,73,AUTO.LOITER,0,0
2026-08-18T02:58:40,1786996720,13.822799,100.51163,15.4,-0.04,-0.6,-0.2,-36.1,323.9,0.0,-0.01,0.0,24.9,73,AUTO.LOITER,0,0
2026-08-18T02:58:41,1786996721,13.822799,100.51163,15.4,-0.04,-0.6,-0.2,-36.1,323.9,0.0,-0.01,0.0,24.9,73,AUTO.LOITER,0,0
2026-08-18T02:58:42,1786996722,13.8228,100.51163,15.3,-0.04,-0.5,-0.2,-36.1,323.9,0.0,-0.01,0.0,24.9,73,AUTO.LOITER,0,0
2026-08-18T02:58:43,1786996723,13.822799,100.51163,15.3,-0.04,-0.5,-0.2,-36.1,323.9,0.0,0.0,0.0,24.9,73,AUTO.LOITER,0,0
2026-08-18T02:58:44,1786996724,13.822799,100.51163,15.4,-0.05,-0.5,-0.2,-36.1,323.9,0.0,0.0,0.01,24.9,73,AUTO.LOITER,0,0
2026-08-18T02:58:45,1786996725,13.822799,100.51163,15.4,-0.06,-0.5,-0.2,-36.1,323.9,0.0,0.01,0.01,24.9,73,AUTO.LOITER,0,0
2026-08-18T02:58:46,1786996726,13.822799,100.51163,15.4,-0.06,-0.5,-0.2,-36.1,323.9,-0.01,0.03,0.01,24.9,73,AUTO.LOITER,0,0
2026-08-18T02:58:47,1786996727,13.822799,100.51163,15.4,-0.06,-0.5,-0.2,-36.1,323.9,0.01,0.04,0.01,24.9,73,AUTO.LOITER,0,0
2026-08-18T02:58:48,1786996728,13.822799,100.51163,15.4,-0.06,-0.5,-0.2,-36.1,323.9,0.0,0.03,0.0,24.9,73,AUTO.LOITER,0,0
2026-08-18T02:58:49,1786996729,13.822799,100.51163,15.4,-0.05,-0.6,-0.3,-36.1,323.9,0.0,0.03,0.0,24.9,73,AUTO.LOITER,0,0
2026-08-18T02:58:50,1786996730,13.822799,100.51163,15.4,-0.04,-0.6,-0.3,-36.1,323.9,0.0,0.0,0.0,24.9,73,AUTO.LOITER,0,0
2026-08-18T02:58:51,1786996731,13.822799,100.51163,15.4,-0.04,-0.6,-0.3,-36.1,323.9,0.0,0.0,-0.01,24.9,73,AUTO.LOITER,0,0
2026-08-18T02:58:52,1786996732,13.822799,100.51163,15.4,-0.04,-0.6,-0.3,-36.1,323.9,0.0,0.0,0.0,24.9,73,AUTO.LOITER,0,0
2026-08-18T02:58:53,1786996733,13.822799,100.51163,15.4,-0.05,-0.6,-0.3,-36.1,323.9,0.0,0.0,0.0,24.9,73,AUTO.LOITER,0,0
2026-08-18T02:58:54,1786996734,13.822799,100.51163,15.4,-0.06,-0.6,-0.4,-36.1,323.9,0.0,-0.01,0.01,24.9,73,AUTO.LOITER,0,0
2026-08-18T02:58:55,1786996735,13.822799,100.51163,15.4,-0.06,-0.6,-0.4,-36.1,323.9,0.0,-0.02,0.02,24.9,73,AUTO.LOITER,0,0
2026-08-18T02:58:56,1786996736,13.822799,100.51163,15.4,-0.06,-0.5,-0.3,-36.1,323.9,0.0,-0.02,0.02,24.9,73,AUTO.LOITER,0,0
2026-08-18T02:58:57,1786996737,13.822799,100.51163,15.4,-0.07,-0.5,-0.3,-36.1,323.9,0.01,-0.02,0.02,24.9,73,AUTO.LOITER,0,0
2026-08-18T02:58:58,1786996738,13.822799,100.511631,15.4,-0.07,-0.5,-0.3,-36.1,323.9,0.02,-0.03,0.03,24.9,73,AUTO.LOITER,0,0
2026-08-18T02:58:59,1786996739,13.822799,100.51163,15.4,-0.08,-0.5,-0.3,-36.1,323.9,0.01,-0.03,0.04,24.9,73,AUTO.LOITER,0,0
2026-08-18T02:59:00,1786996740,13.822799,100.51163,15.4,-0.09,-0.5,-0.3,-36.1,323.9,0.01,-0.02,0.05,24.9,73,AUTO.LOITER,0,0
2026-08-18T02:59:01,1786996741,13.822799,100.51163,15.4,-0.09,-0.5,-0.3,-36.1,323.9,0.0,-0.02,0.05,24.9,73,AUTO.LOITER,0,0
2026-08-18T02:59:02,1786996742,13.822799,100.51163,15.4,-0.09,-0.5,-0.3,-36.1,323.9,0.0,-0.01,0.05,24.9,73,AUTO.LOITER,0,0
2026-08-18T02:59:03,1786996743,13.822799,100.51163,15.4,-0.09,-0.5,-0.3,-36.1,323.9,0.0,0.0,0.04,24.9,73,AUTO.LOITER,0,0
2026-08-18T02:59:04,1786996744,13.822799,100.51163,15.4,-0.09,-0.5,-0.3,-36.1,323.9,0.0,-0.01,0.05,24.9,73,AUTO.LOITER,0,0
2026-08-18T02:59:05,1786996745,13.822799,100.51163,15.4,-0.09,-0.5,-0.3,-36.1,323.9,0.0,-0.01,0.06,24.9,73,AUTO.LOITER,0,0
2026-08-18T02:59:06,1786996746,13.822799,100.51163,15.4,-0.1,-0.4,-0.3,-36.1,323.9,-0.01,0.0,0.06,24.9,73,AUTO.LOITER,0,0
2026-08-18T02:59:07,1786996747,13.822799,100.51163,15.4,-0.1,-0.4,-0.3,-36.2,323.8,-0.02,0.0,0.06,24.9,73,AUTO.LOITER,0,0
2026-08-18T02:59:08,1786996748,13.822799,100.51163,15.4,-0.1,-0.4,-0.3,-36.2,323.8,-0.02,0.0,0.05,24.9,73,AUTO.LOITER,0,0
2026-08-18T02:59:09,1786996749,13.822799,100.51163,15.4,-0.09,-0.4,-0.3,-36.2,323.8,-0.03,0.0,0.05,24.9,73,AUTO.LOITER,0,0
2026-08-18T02:59:10,1786996750,13.822799,100.51163,15.4,-0.08,-0.4,-0.4,-36.2,323.8,-0.02,-0.01,0.03,24.9,73,AUTO.LOITER,0,0
2026-08-18T02:59:11,1786996751,13.822799,100.51163,15.4,-0.08,-0.3,-0.4,-36.2,323.8,-0.02,-0.01,0.03,24.9,73,AUTO.LOITER,0,0
2026-08-18T02:59:12,1786996752,13.822799,100.51163,15.4,-0.07,-0.3,-0.4,-36.2,323.8,0.0,-0.01,0.02,24.9,74,AUTO.LOITER,0,0
2026-08-18T02:59:13,1786996753,13.822799,100.51163,15.4,-0.06,-0.3,-0.4,-36.2,323.8,0.01,0.0,0.01,24.9,74,AUTO.LOITER,0,0
2026-08-18T02:59:14,1786996754,13.822799,100.51163,15.4,-0.06,-0.3,-0.4,-36.2,323.8,0.02,0.0,0.0,24.9,74,AUTO.LOITER,0,0
2026-08-18T02:59:15,1786996755,13.822799,100.51163,15.4,-0.05,-0.3,-0.4,-36.2,323.8,0.02,0.0,0.0,24.9,74,AUTO.LOITER,0,0
2026-08-18T02:59:16,1786996756,13.822799,100.51163,15.4,-0.04,-0.3,-0.4,-36.2,323.8,0.03,0.0,0.0,24.9,74,AUTO.LOITER,0,0
2026-08-18T02:59:17,1786996757,13.822799,100.51163,15.4,-0.04,-0.4,-0.3,-36.2,323.8,0.02,0.0,-0.01,24.9,74,AUTO.LOITER,0,0
2026-08-18T02:59:18,1786996758,13.822799,100.51163,15.4,-0.04,-0.4,-0.3,-36.2,323.8,0.01,0.0,0.0,24.9,74,AUTO.LOITER,0,0
2026-08-18T02:59:19,1786996759,13.822799,100.51163,15.4,-0.04,-0.4,-0.3,-36.2,323.8,0.0,0.0,0.0,24.9,74,AUTO.LOITER,0,0
2026-08-18T02:59:20,1786996760,13.822799,100.51163,15.4,-0.04,-0.4,-0.3,-36.2,323.8,0.0,0.0,-0.01,24.9,74,AUTO.LOITER,0,0
2026-08-18T02:59:21,1786996761,13.822799,100.51163,15.4,-0.04,-0.4,-0.3,-36.2,323.8,0.0,0.0,-0.01,24.9,74,AUTO.LOITER,0,0
2026-08-18T02:59:22,1786996762,13.822799,100.51163,15.4,-0.04,-0.4,-0.3,-36.2,323.8,-0.01,0.0,-0.01,24.9,74,AUTO.LOITER,0,0
2026-08-18T02:59:23,1786996763,13.822799,100.51163,15.4,-0.03,-0.4,-0.3,-36.2,323.8,-0.01,0.01,-0.02,24.9,74,AUTO.LOITER,0,0
2026-08-18T02:59:24,1786996764,13.822799,100.51163,15.4,-0.02,-0.4,-0.3,-36.2,323.8,-0.01,0.02,-0.03,24.9,74,AUTO.LOITER,0,0
2026-08-18T02:59:25,1786996765,13.822799,100.51163,15.4,-0.02,-0.4,-0.3,-36.2,323.8,-0.01,0.02,-0.03,24.9,74,AUTO.LOITER,0,0
2026-08-18T02:59:26,1786996766,13.822799,100.51163,15.5,-0.01,-0.4,-0.3,-36.2,323.8,0.0,0.0,-0.03,24.9,74,AUTO.LOITER,0,0
2026-08-18T02:59:27,1786996767,13.822799,100.51163,15.4,-0.02,-0.4,-0.3,-36.2,323.8,0.01,0.0,-0.03,24.9,74,AUTO.LOITER,0,0
2026-08-18T02:59:28,1786996768,13.822799,100.51163,15.4,-0.02,-0.4,-0.3,-36.2,323.8,0.0,0.0,-0.03,24.9,74,AUTO.LOITER,0,0
2026-08-18T02:59:29,1786996769,13.822799,100.51163,15.4,-0.02,-0.5,-0.3,-36.2,323.8,0.0,0.0,-0.03,24.9,74,AUTO.LOITER,0,0
2026-08-18T02:59:30,1786996770,13.822799,100.51163,15.4,-0.01,-0.5,-0.3,-36.2,323.8,0.0,-0.01,-0.04,24.9,74,AUTO.LOITER,0,0
2026-08-18T02:59:31,1786996771,13.822799,100.51163,15.4,-0.01,-0.5,-0.3,-36.2,323.8,0.01,0.0,-0.04,24.9,74,AUTO.LOITER,0,0
2026-08-18T02:59:32,1786996773,13.822799,100.51163,15.4,-0.01,-0.5,-0.3,-36.2,323.8,0.0,0.0,-0.04,24.9,74,AUTO.LOITER,0,0
2026-08-18T02:59:33,1786996774,13.822799,100.51163,15.4,-0.01,-0.5,-0.3,-36.2,323.8,-0.01,0.0,-0.04,24.9,74,AUTO.LOITER,0,0
2026-08-18T02:59:34,1786996775,13.822799,100.51163,15.4,-0.01,-0.5,-0.3,-36.3,323.7,-0.01,0.0,-0.04,24.9,74,AUTO.LOITER,0,0
2026-08-18T02:59:35,1786996776,13.822799,100.51163,15.4,-0.01,-0.5,-0.3,-36.3,323.7,0.0,0.0,-0.04,24.9,74,AUTO.LOITER,0,0
2026-08-18T02:59:36,1786996777,13.822799,100.51163,15.4,-0.01,-0.5,-0.3,-36.3,323.7,0.0,-0.01,-0.04,24.9,74,AUTO.LOITER,0,0
2026-08-18T02:59:37,1786996778,13.822799,100.51163,15.4,-0.01,-0.5,-0.3,-36.3,323.7,-0.01,-0.01,-0.04,24.9,74,AUTO.LOITER,0,0
2026-08-18T02:59:38,1786996779,13.822799,100.51163,15.4,-0.02,-0.4,-0.3,-36.3,323.7,-0.01,0.0,-0.03,24.9,74,AUTO.LOITER,0,0
2026-08-18T02:59:39,1786996780,13.822799,100.51163,15.4,-0.01,-0.4,-0.3,-36.3,323.7,-0.02,-0.01,-0.04,24.9,74,AUTO.LOITER,0,0
2026-08-18T02:59:40,1786996781,13.822799,100.51163,15.4,-0.01,-0.4,-0.3,-36.3,323.7,-0.02,-0.01,-0.04,24.9,74,AUTO.LOITER,0,0
2026-08-18T02:59:41,1786996782,13.822799,100.51163,15.4,-0.01,-0.3,-0.3,-36.3,323.7,-0.02,0.0,-0.04,24.9,74,AUTO.LOITER,0,0
2026-08-18T02:59:42,1786996783,13.822799,100.51163,15.4,-0.01,-0.3,-0.3,-36.3,323.7,0.0,-0.01,-0.05,24.9,74,AUTO.LOITER,0,0
2026-08-18T02:59:43,1786996784,13.822799,100.51163,15.4,-0.01,-0.3,-0.3,-36.3,323.7,0.0,-0.02,-0.05,24.9,74,AUTO.LOITER,0,0
2026-08-18T02:59:44,1786996785,13.822799,100.51163,15.4,-0.01,-0.2,-0.3,-36.3,323.7,0.0,-0.01,-0.04,24.9,74,AUTO.LOITER,0,0
2026-08-18T02:59:45,1786996786,13.822799,100.51163,15.4,-0.0,-0.2,-0.3,-36.3,323.7,0.0,0.01,-0.05,24.9,74,AUTO.LOITER,0,0
2026-08-18T02:59:46,1786996787,13.822799,100.51163,15.4,-0.0,-0.3,-0.3,-36.3,323.7,0.0,0.01,-0.05,24.9,74,AUTO.LOITER,0,0
2026-08-18T02:59:47,1786996788,13.822799,100.51163,15.5,0.0,-0.3,-0.3,-36.3,323.7,0.0,0.01,-0.05,24.9,74,AUTO.LOITER,0,0
2026-08-18T02:59:48,1786996789,13.822799,100.51163,15.5,0.0,-0.3,-0.3,-36.3,323.7,-0.01,0.01,-0.06,24.9,74,AUTO.LOITER,0,0
2026-08-18T02:59:49,1786996790,13.822799,100.51163,15.5,0.01,-0.3,-0.3,-36.3,323.7,0.0,0.02,-0.06,24.9,74,AUTO.LOITER,0,0
2026-08-18T02:59:50,1786996791,13.822799,100.51163,15.5,0.01,-0.3,-0.3,-36.3,323.7,0.0,0.02,-0.06,24.9,74,AUTO.LOITER,0,0
2026-08-18T02:59:51,1786996792,13.822799,100.51163,15.5,0.01,-0.3,-0.3,-36.3,323.7,0.0,0.02,-0.06,24.9,74,AUTO.LOITER,0,0
2026-08-18T02:59:52,1786996793,13.822799,100.51163,15.5,0.01,-0.4,-0.3,-36.3,323.7,-0.02,0.0,-0.05,24.9,74,AUTO.LOITER,0,0
2026-08-18T02:59:53,1786996794,13.822799,100.51163,15.4,-0.0,-0.4,-0.3,-36.3,323.7,-0.02,-0.01,-0.04,24.9,74,AUTO.LOITER,0,0
2026-08-18T02:59:54,1786996795,13.822799,100.51163,15.4,-0.0,-0.4,-0.4,-36.3,323.7,-0.02,-0.01,-0.04,24.9,74,AUTO.LOITER,0,0
2026-08-18T02:59:55,1786996796,13.822799,100.51163,15.4,-0.01,-0.3,-0.4,-36.3,323.7,-0.02,-0.02,-0.03,24.9,74,AUTO.LOITER,0,0
2026-08-18T02:59:56,1786996797,13.822799,100.51163,15.4,-0.03,-0.3,-0.3,-36.3,323.7,0.0,-0.01,-0.01,24.9,74,AUTO.LOITER,0,0
2026-08-18T02:59:57,1786996798,13.822799,100.51163,15.4,-0.03,-0.3,-0.3,-36.3,323.7,0.0,-0.01,-0.01,24.9,74,AUTO.LOITER,0,0
2026-08-18T02:59:58,1786996799,13.822799,100.51163,15.4,-0.03,-0.3,-0.3,-36.3,323.7,0.0,-0.01,-0.01,24.9,74,AUTO.LOITER,0,0
2026-08-18T02:59:59,1786996800,13.822799,100.51163,15.4,-0.04,-0.3,-0.3,-36.3,323.7,0.0,0.0,0.0,24.9,74,AUTO.LOITER,0,0
2026-08-18T03:00:00,1786996801,13.822799,100.51163,15.4,-0.04,-0.3,-0.3,-36.3,323.7,0.0,0.0,-0.01,24.9,74,AUTO.LOITER,0,0
2026-08-18T03:00:01,1786996802,13.822799,100.51163,15.4,-0.04,-0.3,-0.3,-36.3,323.7,0.0,-0.01,-0.01,24.9,74,AUTO.LOITER,0,0
2026-08-18T03:00:02,1786996803,13.822799,100.51163,15.4,-0.04,-0.2,-0.3,-36.3,323.7,0.0,0.0,0.0,24.9,74,AUTO.LOITER,0,0
2026-08-18T03:00:03,1786996804,13.822799,100.51163,15.4,-0.04,-0.2,-0.3,-36.3,323.7,0.0,0.0,0.0,24.9,74,AUTO.LOITER,0,0
2026-08-18T03:00:04,1786996805,13.822799,100.51163,15.4,-0.04,-0.2,-0.3,-36.3,323.7,0.0,0.0,0.0,24.9,74,AUTO.LOITER,0,0
2026-08-18T03:00:05,1786996806,13.822799,100.51163,15.5,-0.04,-0.2,-0.3,-36.3,323.7,0.0,0.0,0.0,24.9,74,AUTO.LOITER,0,0
2026-08-18T03:00:06,1786996807,13.822799,100.51163,15.4,-0.04,-0.2,-0.3,-36.3,323.7,0.0,0.0,0.0,24.9,74,AUTO.LOITER,0,0
2026-08-18T03:00:07,1786996808,13.822799,100.51163,15.4,-0.04,-0.2,-0.3,-36.3,323.7,0.0,0.0,0.0,24.9,74,AUTO.LOITER,0,0
2026-08-18T03:00:08,1786996809,13.822799,100.51163,15.4,-0.03,-0.2,-0.3,-36.3,323.7,0.0,0.01,-0.01,24.9,74,AUTO.LOITER,0,0
2026-08-18T03:00:09,1786996810,13.822799,100.511631,15.4,-0.03,-0.2,-0.2,-36.3,323.7,0.0,0.01,-0.01,24.9,74,AUTO.LOITER,0,0
2026-08-18T03:00:10,1786996811,13.822799,100.51163,15.4,-0.03,-0.1,-0.2,-36.3,323.7,-0.01,0.02,-0.02,24.9,74,AUTO.LOITER,0,0
2026-08-18T03:00:11,1786996812,13.822799,100.511631,15.4,-0.02,-0.2,-0.2,-36.3,323.7,0.0,0.04,-0.03,24.9,74,AUTO.LOITER,0,0
2026-08-18T03:00:12,1786996813,13.822799,100.511631,15.4,-0.01,-0.2,-0.2,-36.3,323.7,0.0,0.02,-0.03,24.9,74,AUTO.LOITER,0,0
2026-08-18T03:00:13,1786996814,13.822799,100.51163,15.4,-0.01,-0.2,-0.2,-36.3,323.7,0.01,0.0,-0.04,24.9,74,AUTO.LOITER,0,0
2026-08-18T03:00:14,1786996815,13.822799,100.51163,15.4,-0.01,-0.2,-0.2,-36.3,323.7,0.01,0.0,-0.04,24.9,74,AUTO.LOITER,0,0
2026-08-18T03:00:15,1786996816,13.822799,100.51163,15.4,-0.01,-0.2,-0.2,-36.3,323.7,0.01,0.0,-0.03,24.9,74,AUTO.LOITER,0,0
2026-08-18T03:00:16,1786996817,13.822799,100.51163,15.4,-0.01,-0.2,-0.2,-36.2,323.8,0.0,0.0,-0.04,24.9,74,AUTO.LOITER,0,0
2026-08-18T03:00:17,1786996818,13.822799,100.51163,15.4,-0.01,-0.2,-0.2,-36.2,323.8,0.01,0.01,-0.04,24.9,74,AUTO.LOITER,0,0
2026-08-18T03:00:18,1786996819,13.822799,100.51163,15.4,-0.0,-0.2,-0.1,-36.2,323.8,0.01,0.01,-0.05,24.9,74,AUTO.LOITER,0,0
2026-08-18T03:00:19,1786996820,13.822799,100.51163,15.4,-0.0,-0.2,-0.1,-36.2,323.8,0.01,0.0,-0.04,24.9,74,AUTO.LOITER,0,0
2026-08-18T03:00:20,1786996821,13.822799,100.51163,15.4,-0.0,-0.2,-0.1,-36.2,323.8,0.01,0.0,-0.04,24.9,74,AUTO.LOITER,0,0
2026-08-18T03:00:21,1786996822,13.822799,100.51163,15.4,-0.01,-0.2,-0.1,-36.2,323.8,0.0,0.01,-0.03,24.9,74,AUTO.LOITER,0,0
2026-08-18T03:00:22,1786996823,13.822799,100.51163,15.4,-0.01,-0.2,-0.0,-36.2,323.8,0.0,0.01,-0.03,24.9,74,AUTO.LOITER,0,0
2026-08-18T03:00:23,1786996824,13.822799,100.51163,15.4,-0.02,-0.2,-0.0,-36.2,323.8,0.0,0.01,-0.02,24.9,74,AUTO.LOITER,0,0
2026-08-18T03:00:24,1786996825,13.822799,100.511631,15.4,-0.02,-0.2,-0.0,-36.2,323.8,0.0,0.01,-0.02,24.9,74,AUTO.LOITER,0,0
2026-08-18T03:00:25,1786996826,13.822799,100.51163,15.4,-0.02,-0.2,-0.0,-36.2,323.8,-0.01,0.01,-0.02,24.9,74,AUTO.LOITER,0,0
2026-08-18T03:00:26,1786996827,13.822799,100.51163,15.4,-0.02,-0.2,-0.0,-36.3,323.7,-0.02,0.02,-0.02,24.9,74,AUTO.LOITER,0,0
2026-08-18T03:00:27,1786996828,13.822799,100.51163,15.4,-0.02,-0.2,-0.1,-36.3,323.7,-0.01,0.02,-0.02,24.9,74,AUTO.LOITER,0,0
2026-08-18T03:00:28,1786996829,13.822799,100.51163,15.4,-0.02,-0.3,-0.1,-36.3,323.7,-0.01,0.02,-0.02,24.9,74,AUTO.LOITER,0,0
2026-08-18T03:00:29,1786996830,13.822799,100.51163,15.4,-0.03,-0.3,-0.1,-36.3,323.7,-0.02,0.03,-0.01,24.9,74,AUTO.LOITER,0,0
2026-08-18T03:00:30,1786996831,13.822799,100.51163,15.4,-0.03,-0.3,-0.1,-36.3,323.7,-0.02,0.03,-0.01,24.9,74,AUTO.LOITER,0,0
2026-08-18T03:00:31,1786996832,13.822799,100.51163,15.4,-0.03,-0.3,-0.1,-36.3,323.7,-0.02,0.03,-0.01,24.9,74,AUTO.LOITER,0,0
2026-08-18T03:00:32,1786996833,13.822799,100.51163,15.4,-0.02,-0.3,-0.2,-36.3,323.7,-0.01,0.01,-0.02,24.9,74,AUTO.LOITER,0,0
2026-08-18T03:00:33,1786996834,13.822799,100.51163,15.4,-0.02,-0.3,-0.3,-36.3,323.7,-0.01,0.01,-0.02,24.9,74,AUTO.LOITER,0,0
2026-08-18T03:00:34,1786996835,13.822799,100.51163,15.4,-0.03,-0.3,-0.3,-36.3,323.7,0.0,0.0,-0.01,24.9,74,AUTO.LOITER,0,0
2026-08-18T03:00:35,1786996836,13.822799,100.51163,15.4,-0.03,-0.3,-0.3,-36.3,323.7,0.0,0.01,-0.01,24.9,74,AUTO.LOITER,0,0
2026-08-18T03:00:36,1786996837,13.822799,100.51163,15.4,-0.03,-0.3,-0.3,-36.3,323.7,0.01,0.02,-0.02,24.9,74,AUTO.LOITER,0,0
2026-08-18T03:00:37,1786996838,13.822799,100.51163,15.4,-0.03,-0.3,-0.3,-36.3,323.7,0.02,0.01,-0.02,24.9,74,AUTO.LOITER,0,0
2026-08-18T03:00:38,1786996839,13.822799,100.51163,15.4,-0.03,-0.3,-0.3,-36.3,323.7,0.02,0.01,-0.02,24.9,74,AUTO.LOITER,0,0
2026-08-18T03:00:39,1786996840,13.822799,100.51163,15.4,-0.03,-0.4,-0.3,-36.3,323.7,0.02,0.02,-0.01,24.9,74,AUTO.LOITER,0,0
2026-08-18T03:00:40,1786996841,13.822799,100.51163,15.4,-0.04,-0.4,-0.3,-36.3,323.7,0.03,0.01,0.0,24.9,74,AUTO.LOITER,0,0
2026-08-18T03:00:41,1786996842,13.822799,100.51163,15.4,-0.04,-0.5,-0.3,-36.4,323.6,0.02,0.01,0.0,24.9,74,AUTO.LOITER,0,0
2026-08-18T03:00:42,1786996843,13.822799,100.51163,15.4,-0.05,-0.5,-0.3,-36.4,323.6,0.01,0.0,0.01,24.9,74,AUTO.LOITER,0,0
2026-08-18T03:00:43,1786996844,13.822799,100.51163,15.4,-0.06,-0.5,-0.3,-36.4,323.6,0.0,0.0,0.02,24.9,74,AUTO.LOITER,0,0
2026-08-18T03:00:44,1786996845,13.822799,100.51163,15.4,-0.07,-0.5,-0.3,-36.4,323.6,0.0,0.0,0.03,24.9,74,AUTO.LOITER,0,0
2026-08-18T03:00:45,1786996846,13.822799,100.51163,15.4,-0.07,-0.5,-0.3,-36.4,323.6,-0.01,0.0,0.02,24.9,74,AUTO.LOITER,0,0
2026-08-18T03:00:46,1786996847,13.822799,100.51163,15.4,-0.07,-0.5,-0.3,-36.4,323.6,0.0,0.0,0.02,24.9,74,AUTO.LOITER,0,0
2026-08-18T03:00:47,1786996848,13.822799,100.51163,15.4,-0.06,-0.5,-0.3,-36.4,323.6,0.0,0.0,0.01,24.9,74,AUTO.LOITER,0,0
2026-08-18T03:00:48,1786996849,13.822799,100.51163,15.4,-0.06,-0.5,-0.3,-36.4,323.6,0.0,0.0,0.01,24.9,74,AUTO.LOITER,0,0
2026-08-18T03:00:49,1786996850,13.822799,100.51163,15.4,-0.05,-0.5,-0.3,-36.4,323.6,0.0,0.0,0.0,24.9,74,AUTO.LOITER,0,0
2026-08-18T03:00:50,1786996851,13.822799,100.51163,15.4,-0.05,-0.5,-0.3,-36.4,323.6,0.0,0.0,0.0,24.9,74,AUTO.LOITER,0,0
2026-08-18T03:00:51,1786996852,13.822799,100.51163,15.4,-0.04,-0.5,-0.3,-36.4,323.6,-0.01,0.0,-0.01,24.9,74,AUTO.LOITER,0,0
2026-08-18T03:00:52,1786996853,13.822799,100.51163,15.4,-0.04,-0.6,-0.3,-36.4,323.6,-0.01,0.0,-0.01,24.9,74,AUTO.LOITER,0,0
2026-08-18T03:00:53,1786996854,13.822799,100.51163,15.4,-0.02,-0.6,-0.3,-36.4,323.6,-0.02,0.0,-0.03,24.9,74,AUTO.LOITER,0,0
2026-08-18T03:00:54,1786996855,13.822799,100.51163,15.3,-0.0,-0.6,-0.3,-36.4,323.6,-0.01,0.0,-0.05,24.9,74,AUTO.LOITER,0,0
2026-08-18T03:00:55,1786996856,13.822799,100.51163,15.5,0.0,-0.5,-0.3,-36.4,323.6,-0.01,0.0,-0.05,24.9,74,AUTO.LOITER,0,0
2026-08-18T03:00:56,1786996857,13.822799,100.51163,15.5,0.01,-0.6,-0.3,-36.4,323.6,0.0,0.0,-0.05,24.9,74,AUTO.LOITER,0,0
2026-08-18T03:00:57,1786996858,13.822799,100.51163,15.5,0.0,-0.6,-0.3,-36.5,323.5,0.0,0.0,-0.04,24.9,74,AUTO.LOITER,0,0
2026-08-18T03:00:58,1786996859,13.822799,100.51163,15.4,-0.01,-0.6,-0.3,-36.5,323.5,0.0,0.0,-0.03,24.9,74,AUTO.LOITER,0,0
2026-08-18T03:00:59,1786996860,13.822799,100.51163,15.4,-0.01,-0.6,-0.3,-36.5,323.5,0.01,-0.01,-0.03,24.9,74,AUTO.LOITER,0,0
2026-08-18T03:01:00,1786996861,13.822799,100.51163,15.4,-0.01,-0.6,-0.3,-36.5,323.5,0.0,-0.02,-0.02,24.9,74,AUTO.LOITER,0,0
2026-08-18T03:01:01,1786996862,13.822799,100.51163,15.4,-0.03,-0.6,-0.3,-36.5,323.5,0.0,-0.02,0.0,24.9,74,AUTO.LOITER,0,0
2026-08-18T03:01:02,1786996863,13.822799,100.51163,15.4,-0.05,-0.6,-0.3,-36.5,323.5,0.0,0.0,0.01,24.9,74,AUTO.LOITER,0,0
2026-08-18T03:01:03,1786996864,13.822799,100.51163,15.4,-0.06,-0.6,-0.3,-36.5,323.5,0.0,0.01,0.01,24.9,74,AUTO.LOITER,0,0
2026-08-18T03:01:04,1786996865,13.822799,100.51163,15.4,-0.06,-0.6,-0.3,-36.5,323.5,0.0,0.0,0.01,24.9,74,AUTO.LOITER,0,0
2026-08-18T03:01:05,1786996866,13.822799,100.51163,15.4,-0.06,-0.7,-0.3,-36.5,323.5,-0.01,0.0,0.01,24.9,74,AUTO.LOITER,0,0
2026-08-18T03:01:06,1786996867,13.822799,100.51163,15.4,-0.06,-0.7,-0.3,-36.5,323.5,-0.01,0.0,0.01,24.9,74,AUTO.LOITER,0,0
2026-08-18T03:01:07,1786996868,13.822799,100.51163,15.4,-0.05,-0.7,-0.3,-36.5,323.5,0.0,0.0,0.01,24.9,74,AUTO.LOITER,0,0
2026-08-18T03:01:08,1786996869,13.822799,100.51163,15.4,-0.05,-0.7,-0.3,-36.5,323.5,0.0,0.0,0.0,24.9,74,AUTO.LOITER,0,0
2026-08-18T03:01:09,1786996870,13.822799,100.51163,15.4,-0.05,-0.7,-0.3,-36.5,323.5,0.0,0.0,0.01,24.9,74,AUTO.LOITER,0,0
2026-08-18T03:01:10,1786996871,13.822799,100.51163,15.4,-0.05,-0.7,-0.3,-36.5,323.5,-0.01,0.0,0.01,24.9,74,AUTO.LOITER,0,0
2026-08-18T03:01:11,1786996872,13.822799,100.51163,15.4,-0.05,-0.7,-0.3,-36.5,323.5,0.0,0.0,0.01,24.9,74,AUTO.LOITER,0,0
2026-08-18T03:01:12,1786996873,13.822799,100.51163,15.4,-0.06,-0.7,-0.3,-36.5,323.5,0.0,0.0,0.02,24.9,74,AUTO.LOITER,0,0
2026-08-18T03:01:13,1786996874,13.822799,100.51163,15.4,-0.07,-0.7,-0.3,-36.5,323.5,-0.01,0.0,0.03,24.9,74,AUTO.LOITER,0,0
2026-08-18T03:01:14,1786996875,13.822799,100.51163,15.4,-0.07,-0.7,-0.3,-36.5,323.5,0.0,-0.01,0.03,24.9,74,AUTO.LOITER,0,0
2026-08-18T03:01:15,1786996876,13.822799,100.51163,15.4,-0.07,-0.6,-0.3,-36.5,323.5,0.0,-0.01,0.02,24.9,74,AUTO.LOITER,0,0
2026-08-18T03:01:16,1786996877,13.822799,100.51163,15.4,-0.06,-0.7,-0.3,-36.5,323.5,0.0,-0.01,0.02,24.9,74,AUTO.LOITER,0,0
2026-08-18T03:01:17,1786996878,13.822799,100.51163,15.4,-0.06,-0.7,-0.3,-36.5,323.5,0.0,-0.01,0.02,24.9,74,AUTO.LOITER,0,0
